word,mean,std,n
abattoir,5.455,1.9,22
abbey,5.906,1.508,32
abbreviate,3.286,1.733,35
abdicate,3.367,1.853,30
abdication,3.292,1.62,24
abdomen,6.606,0.649,33
abdominal,5.735,1.12,34
abduct,4.441,1.718,34
abducted,4.813,1.285,32
abduction,4.912,1.805,34
aberration,3.208,1.802,24
abide,2.485,1.131,33
ability,2.941,1.305,34
able,3.182,1.766,33
abode,4.464,2.096,28
abortion,5.364,1.738,33
abroad,4.559,1.459,34
abrupt,2.829,1.298,35
absorb,3.188,1.356,32
abstract,1.714,1.578,35
absurd,2.065,0.878,31
absurdly,2.515,1.306,33
abundance,3.229,1.774,35
abundant,3.0,1.435,34
abuse,3.419,1.476,31
abuser,4.667,1.735,33
abyss,3.177,1.74,34
academic,4.03,1.566,33
accelerate,4.5,1.685,34
accent,3.6,1.694,35
accept,3.313,1.722,32
acceptance,2.794,1.43,34
access,3.455,1.616,33
accident,4.343,1.567,35
accidental,2.941,1.282,34
accordion,6.5,0.947,34
accountant,5.813,1.014,32
accuse,2.344,0.888,32
accused,3.088,1.463,34
ace,3.219,1.536,32
ache,3.515,1.52,33
aches,3.813,1.685,32
achieve,2.879,1.43,33
achieved,2.5,1.266,34
achievement,2.879,1.387,33
acorn,6.724,0.581,29
acquire,3.059,1.434,34
acrobat,5.875,1.111,32
activate,3.677,1.761,34
active,3.75,1.323,32
activity,3.97,1.167,33
actor,5.7,1.187,30
actress,6.031,1.311,32
actual,3.118,1.827,34
actually,2.677,1.156,34
acute,3.235,1.61,34
adage,3.588,1.458,17
adapt,3.114,1.282,35
add,4.286,1.485,35
addict,4.4,1.694,35
addicted,3.515,1.617,33
addition,3.677,1.827,34
address,5.059,1.327,34
address (postal),5.581,1.454,31
address (speak to),4.114,1.652,35
adequate,2.5,1.399,34
adjective,3.594,1.765,32
adjust,3.094,1.378,32
admiral,5.706,1.486,34
admire,2.71,1.507,31
admired,2.882,1.388,34
adopt,3.645,1.449,31
adorable,2.258,0.717,31
adore,2.344,1.019,32
adult,4.933,1.413,30
adultery,4.029,1.689,34
adults,5.457,1.662,35
advanced,2.765,1.214,34
advantage,2.879,1.409,33
adventure,2.912,1.541,34
adverb,3.314,1.686,35
adverse,2.455,1.519,33
adversity,2.484,1.103,31
advice,2.353,1.185,34
advise,3.697,1.507,33
advisor,5.353,1.326,34
advisors,4.71,1.708,31
aeroplane,6.706,0.62,34
afar,3.0,1.566,31
affair,3.394,1.434,33
affect,2.412,1.166,34
affection,3.118,1.952,34
affectionate,3.471,1.819,34
afford,3.576,1.688,33
affordable,3.2,1.369,35
afraid,2.686,1.368,35
after,3.314,1.489,35
afterlife,2.303,1.642,33
age,3.971,1.871,34
aged,3.441,1.594,34
agent,4.672,1.3,64
aggression,3.548,1.682,31
aggressive,3.03,1.114,33
agile,3.606,1.669,33
agility,3.515,1.617,33
agony,3.152,1.76,33
agree,3.118,1.641,34
agreement,3.171,1.521,35
aid,4.364,1.534,33
aim,2.677,1.509,34
aim (objective),3.294,1.84,34
aim (target),4.677,1.604,34
air,4.25,1.458,32
airplane,6.706,0.787,34
airport,6.5,0.885,30
aisle,5.719,1.038,32
albatross,6.453,1.172,64
album,5.936,1.105,31
alcohol,6.412,0.809,34
alcoholic,4.5,1.595,34
alert,3.182,1.403,33
algebra,4.394,1.969,33
alien,4.324,2.068,34
alimony,4.391,1.763,23
alive,4.333,2.156,33
all,3.313,1.878,32
allergy,4.882,1.451,34
alley,6.125,1.293,32
alligator,6.546,1.047,33
allow,2.971,1.485,34
allowed,2.971,1.404,35
allure,2.581,1.409,31
aloft,3.379,1.424,29
alone,3.371,1.725,35
aloof,2.138,1.008,29
aloud,3.8,1.67,35
altar,5.875,1.218,32
alter,3.906,2.112,32
altitude,4.03,1.547,33
amateur,3.229,1.725,35
amaze,2.353,0.936,34
amazing,2.781,1.596,32
ambassador,5.267,1.263,30
amber,5.188,1.648,32
ambition,2.294,1.563,34
ambulance,6.771,0.42,35
ammunition,5.97,0.87,33
amount,3.912,1.738,34
amphibian,6.364,0.731,33
amplifier,5.563,1.144,32
amplify,3.879,1.771,33
amputate,5.177,1.706,34
amuse,2.879,1.122,33
amusement,3.771,1.514,35
amusing,2.677,1.089,31
analogue,3.914,1.461,35
analyst,4.714,1.631,35
anchor,6.471,0.848,34
ancient,3.788,1.754,33
anecdote,3.265,2.034,34
angel,3.382,2.262,34
anger,3.647,1.813,34
angle,4.212,1.683,33
angry,3.613,1.538,31
anguish,2.559,1.117,34
animal,6.424,1.207,33
animals,6.406,1.169,32
animosity,2.219,1.34,32
ankle,6.733,0.629,30
annoy,2.5,0.978,34
annoyance,2.971,1.505,34
annoying,3.324,1.744,34
answer,3.941,1.798,34
ant,6.629,0.865,35
anteater,6.742,0.506,31
antelope,6.4,1.101,35
anthem,4.576,1.326,33
anthropology,2.968,1.713,31
anticipation,2.229,1.017,35
anus,5.906,1.234,32
anxiety,2.618,1.261,34
anxious,2.657,1.492,35
apathy,2.0,0.984,31
ape,6.576,0.854,33
apex,4.25,1.993,28
apologize,3.531,1.854,32
apology,3.059,1.392,34
appalling,2.412,1.061,34
appear,2.75,1.146,32
appearance,2.546,1.157,33
appeared,2.7,1.215,30
applause,5.6,1.126,35
apple,6.824,0.452,34
Apple (brand),5.943,1.264,35
apple (fruit),6.765,0.597,34
appliance,5.353,1.453,34
applied,2.727,1.483,33
apply,3.177,1.774,34
appoint,3.636,1.494,33
appointment,4.886,1.635,35
appreciate,3.344,1.265,32
approval,3.314,1.368,35
approve,3.097,1.489,31
apricot,6.5,1.091,34
apron,6.452,0.711,31
aptitude,2.818,1.29,33
arch,5.375,1.536,32
archaeology,4.829,1.665,35
archer,6.25,0.901,32
archery,5.706,1.249,34
architect,6.0,1.095,35
archive,5.429,1.44,35
argue,4.086,1.61,35
argument,3.788,1.387,33
arise,3.143,1.624,35
aristocracy,4.088,1.991,34
aristocratic,4.3,1.716,30
arm,6.727,0.445,33
arm (limb),6.694,0.7,36
arm (weapon),5.758,1.349,33
armadillo,6.559,0.914,34
armed,4.746,1.69,63
armour,6.273,0.827,33
armoury,5.788,1.225,33
arms,6.647,0.478,34
arms (limbs),6.743,0.498,35
arms (weapons),6.235,0.972,34
army,6.103,1.017,68
aroma,3.514,1.746,35
arouse,2.879,1.451,33
aroused,2.677,1.49,34
array,2.97,1.623,33
arrest,4.765,1.535,34
arrested,4.807,1.255,31
arrive,4.177,1.581,34
arrogant,3.25,1.275,32
arrow,6.412,0.878,34
arrows,6.033,0.983,30
arse,6.0,1.206,33
arsehole,4.794,1.795,34
arson,4.714,1.578,35
art,4.382,2.156,34
artist,5.546,1.707,33
arts,3.543,1.762,35
ascend,3.8,1.564,35
ascent,4.029,1.444,35
ashamed,2.727,1.081,33
ashes,5.686,1.6,35
aspect,2.6,1.438,35
aspirin,5.903,1.467,31
ass,6.382,0.908,34
ass (donkey),6.813,0.39,32
ass (insult),2.807,1.378,31
assassin,5.697,1.66,33
assassinate,4.971,1.74,34
assault,4.118,1.875,34
asshole,4.647,1.984,34
assist,3.441,1.376,34
assistant,5.4,1.377,35
assuring,2.29,0.957,31
asteroid,6.029,1.2,34
asthma,5.457,1.25,35
astonish,2.6,1.176,35
astonished,2.5,1.243,34
astronaut,6.424,1.045,33
astronomer,5.333,1.274,30
astronomy,4.394,1.455,33
athletic,4.546,1.777,33
athletics,5.412,1.593,34
atmosphere,3.645,2.025,31
atom,5.485,1.579,33
atomic,4.576,2.016,33
atoms,5.364,1.839,33
atrocious,2.212,1.148,33
atrocity,3.194,1.654,31
attack,4.441,1.752,34
attacker,5.697,1.243,33
attempt,3.629,1.587,35
attendant,5.829,1.363,35
attention,3.229,1.375,35
attic,6.4,0.712,30
attitude,2.788,1.343,33
attract,3.029,1.502,35
attraction,2.629,1.569,35
attractive,2.875,1.916,32
attribute,2.735,1.4,34
auction,5.314,1.652,35
auctioneer,5.7,1.13,30
audience,5.697,1.141,33
auditorium,6.455,0.891,33
aunt,5.677,1.45,34
authentic,3.182,1.507,33
author,5.576,1.181,33
autopsy,5.353,1.57,34
autumn,4.686,1.817,35
avalanche,6.033,0.836,30
avenge,2.455,1.258,33
avenue,5.375,1.139,32
award,5.618,1.435,34
awarded,3.156,1.228,32
aware,2.629,1.071,35
away,3.086,1.538,35
awe,2.529,1.538,34
awesome,2.061,0.983,33
awful,2.206,1.255,34
awkward,2.844,1.277,32
axe,6.412,1.061,34
axle,5.929,1.438,28
baboon,6.571,0.838,35
baby,6.607,0.673,28
background,3.485,1.579,33
bacon,6.559,0.914,34
bacteria,5.618,1.351,34
bad,2.771,1.943,35
badge,6.529,0.606,34
badger,6.667,0.876,33
bag,6.607,0.618,28
baggage,5.621,1.271,29
bail,3.912,1.579,34
bait,4.807,1.446,31
bake,5.171,1.298,35
baker,6.286,1.03,35
bald,5.879,1.297,33
ball,6.6,0.712,30
ball (dance),5.543,1.645,35
ball (sphere),6.029,1.502,35
balloon,6.031,1.38,32
ballroom,6.559,0.881,34
bamboo,6.514,0.806,35
ban,3.576,1.724,33
banal,2.632,1.179,19
banana,6.6,0.835,35
band,5.781,1.053,32
band (music),5.559,1.479,34
band (ribbon),6.364,0.81,33
bandage,5.971,1.276,35
bandit,5.226,1.408,31
bandits,5.353,1.234,34
bang,4.353,1.764,34
banjo,6.486,0.77,35
bank,5.714,1.343,35
bank (money),6.152,1.258,33
bank (rely),3.152,1.725,33
bank (river),5.788,1.472,33
banker,6.235,0.842,34
bankrupt,4.606,1.65,33
banks,5.571,1.517,35
banks (money),5.938,1.519,32
banks (river),5.906,1.548,32
banner,5.967,1.14,30
bar,6.265,0.949,34
bar (legal),4.571,1.761,35
bar (metal),6.588,0.844,34
bar (musical),5.177,1.599,34
bar (pub),6.371,0.796,35
bare,3.938,1.435,32
barely,2.971,1.54,35
barge,5.688,1.59,32
barge (boat),6.486,1.025,35
barge (push),4.606,1.536,33
bark,4.941,1.781,34
bark (dog),5.057,1.53,35
bark (tree),6.063,1.321,32
barley,6.412,0.974,34
barn,6.546,0.7,33
barnacle,6.2,1.275,30
baroque,4.042,1.814,24
barrage,4.533,1.893,30
barrel,6.636,0.688,33
barrier,5.735,1.559,34
basement,5.971,1.15,34
basket,6.2,1.166,35
basketball,6.576,0.818,33
bass,5.0,1.799,34
bass (fish),6.171,1.32,35
bass (guitar),6.257,0.966,35
bassoon,6.667,0.609,27
bastard,4.281,1.94,32
bastards,3.303,1.784,33
bat,6.69,0.649,29
bat (animal),6.714,1.03,35
bat (club),6.152,1.5,33
bath,6.586,0.891,29
bathroom,6.686,0.622,35
battered,4.875,1.364,32
battery,6.406,0.931,32
battle,5.387,1.21,31
bayonet,6.033,1.516,30
bazooka,6.0,1.571,30
beach,6.516,0.666,31
bead,6.281,0.943,32
beagle,6.419,0.908,31
beak,6.441,1.063,34
beaker,6.394,1.043,33
bean,6.743,0.498,35
bear,6.483,1.072,60
beard,6.485,0.989,66
beast,4.646,1.621,65
beat,4.2,1.564,35
beat (hit),5.242,1.393,33
beat (mix),4.849,1.351,33
beat (rhythm),4.472,1.724,36
beaten,3.879,1.32,33
beautician,5.594,1.221,32
beautiful,2.515,1.743,33
beauty,2.727,1.728,33
beaver,6.793,0.483,29
become,2.188,1.21,32
bed,6.657,0.715,35
bee,6.844,0.441,32
beef,6.471,0.696,34
beehive,6.353,1.135,34
beer,6.629,0.897,35
beet,5.429,1.591,28
beetle,6.677,0.629,34
befall,2.625,1.023,32
beg,3.647,1.551,34
beggar,5.844,1.439,32
begin,3.0,1.213,34
beginning,3.152,1.579,33
behalf,2.706,1.466,34
behave,3.188,1.074,32
behaviour,3.143,1.676,35
behind,4.177,1.774,34
beige,4.273,1.863,33
belfry,5.438,1.171,16
belief,2.824,1.977,34
believe,2.258,1.191,31
bell,6.647,0.762,34
belly,6.0,1.031,32
belong,2.188,1.333,32
belt,6.621,0.552,29
bench,6.6,0.962,35
bend,4.6,1.357,35
beneficial,2.8,1.369,35
benefit,3.6,1.497,35
bereavement,3.364,1.685,33
berry,6.588,0.647,34
best,2.647,1.453,34
betray,2.742,1.759,31
betrayal,2.265,1.379,34
beverage,6.343,0.924,35
beware,2.406,1.296,32
bicycle,6.818,0.458,33
bid,3.485,1.559,33
bigot,4.031,1.96,32
bike,6.546,0.7,33
billion,4.088,1.915,34
binder,5.323,1.838,31
biology,5.182,1.359,33
bird,6.633,0.836,30
birth,5.849,1.158,33
birthday,5.057,1.672,35
biscuit,6.229,1.197,35
bishop,6.0,1.477,33
bison,6.214,1.264,28
bit,4.324,1.509,34
bit (bite),5.029,1.581,34
bit (horse bridal),6.0,1.564,27
bit (small amount),3.618,1.663,34
bitch,4.273,1.943,33
bitchy,2.667,1.385,33
bitter,3.0,1.572,34
bizarre,2.129,0.975,31
black,5.371,2.071,35
blackmail,3.588,1.801,34
blacksmith,6.455,0.988,33
blade,6.5,0.978,34
blame,2.543,1.61,35
bland,2.563,1.223,32
blank,3.914,1.962,35
blasphemy,2.546,1.373,33
blaze,5.059,1.552,34
blazes,4.452,1.643,31
bleak,2.429,1.379,35
blend,3.719,1.328,32
blender,6.533,0.67,30
bless,2.032,1.204,31
blessed,2.059,1.434,34
blessing,2.722,1.677,36
blessings,2.909,1.505,33
blimp,5.931,1.53,29
blind,5.314,1.489,35
bliss,2.667,1.837,33
blister,6.147,0.944,34
block,5.294,1.563,34
bloke,5.457,1.499,35
blond,5.394,1.254,33
blonde,5.943,1.094,35
blood,6.057,1.308,35
bloody,5.088,1.463,34
bloom,4.152,1.559,33
blossom,5.394,1.556,33
blouse,6.0,1.495,34
blow,4.471,1.649,34
blow (hit),5.281,1.281,32
blow (wind),4.514,1.296,35
blubber,4.912,1.755,34
blubber (cry),4.03,1.381,33
blubber (fat),5.882,0.993,34
blue,4.886,1.982,35
blueberry,6.758,0.653,33
bluff,3.529,1.519,34
blunder,2.941,1.327,34
blunt,3.936,1.664,31
board,6.057,1.351,35
board (enter),4.788,1.647,33
board (executive),4.939,1.254,33
board (wooden),6.543,0.731,35
boarded,3.853,1.574,34
boast,3.194,1.468,31
boastful,3.088,1.56,34
boat,6.716,0.618,67
body,6.0,1.299,32
boil,5.324,1.71,34
boiler,6.229,0.897,35
bold,3.559,1.518,34
bollocks,5.143,1.743,35
bomb,6.5,0.697,34
bomber,5.333,1.491,30
bond,3.714,1.426,35
bondage,4.788,1.737,33
bonds,3.853,1.438,34
bonds (money),5.257,1.441,35
bonds (restraints),5.086,1.795,35
bone,6.606,0.952,33
bones,6.882,0.322,34
bongo,5.906,1.444,32
bonnet,6.469,0.706,32
bonus,4.0,1.595,33
book,6.793,0.483,29
book (read),6.563,0.899,32
book (reserve),4.706,1.637,34
bookcase,6.5,1.323,32
boom,3.438,1.87,32
boost,3.324,1.47,34
boot,6.586,0.81,29
boot (car),6.229,1.221,35
boot (evict),4.029,1.774,34
boot (shoe),6.667,0.804,33
bored,3.057,1.393,35
boredom,2.857,1.726,35
boring,2.914,1.402,35
born,4.3,1.829,30
borrow,3.485,1.282,33
bosom,5.765,1.436,34
boss,6.029,1.175,34
botanist,5.259,1.53,27
botany,5.138,1.383,29
bother,2.686,1.304,35
bottle,6.429,0.821,28
bottom,4.781,1.576,32
bought,4.088,1.704,34
boulder,6.265,1.29,34
bounce,4.531,1.658,32
bouncy,4.059,1.748,34
bound,3.824,1.465,34
bouquet,5.8,1.141,35
bout,3.581,1.476,31
bow,5.514,1.273,35
bow (bend),4.697,1.586,33
bow (ribbon),6.059,1.083,34
bow (ship),6.613,0.704,31
bow (weapon),6.794,0.404,34
bowel,6.091,1.164,33
bowl,6.546,0.742,33
box,6.29,1.197,31
box (container),6.429,0.838,35
box (sport),5.394,1.669,33
boxer,6.152,0.989,33
boxer (dog),6.647,0.681,34
boxer (fighter),6.471,0.915,34
boxing,5.971,0.857,34
boy,6.412,1.286,34
boycott,2.939,1.413,33
bra,6.629,0.636,35
bracelet,6.743,0.498,35
bracket,5.594,1.271,32
brain,6.355,1.033,31
brainy,3.125,1.615,32
brake,5.514,1.204,35
brand,3.333,1.551,33
brass,5.5,1.803,32
brasserie,5.394,1.632,33
brassiere,6.0,1.518,33
brave,2.629,1.569,35
bravery,3.387,1.772,31
brazen,2.448,1.101,29
breach,3.543,1.227,35
bread,6.828,0.46,29
break,4.387,1.474,31
break (destroy),4.941,1.589,34
break (luck),2.879,1.513,33
break (rest),4.059,1.697,34
breakfast,5.853,1.353,34
breast,6.485,0.657,33
breasts,6.529,0.652,34
breeze,4.618,1.284,34
brew,5.0,1.434,35
brewer,5.118,1.641,34
bribe,3.677,1.548,34
bridal,4.394,1.791,33
bridal (horse),6.063,1.197,32
bridal (marriage),4.594,1.637,32
bride,6.471,0.813,34
bridegroom,5.903,1.329,31
bridesmaid,5.886,1.43,35
bridesmaids,6.344,1.189,32
bridge,6.938,0.242,32
bridge (card game),5.324,1.604,34
bridge (structure),6.8,0.4,35
brief,3.147,1.665,34
bright,4.594,1.693,32
bright (light),4.706,1.775,34
bright (smart),2.914,1.5,35
brilliant,2.886,1.635,35
brilliant (great),2.576,1.326,33
brilliant (intelligent),3.029,2.021,35
brilliant (luminous),3.5,1.5,34
brink,3.588,1.309,34
brisk,3.576,1.371,33
broccoli,6.655,0.708,29
broken,3.364,1.494,33
bronze,5.771,1.495,35
broom,6.25,1.436,32
brother,6.242,1.181,33
brow,5.788,1.365,33
brown,5.152,1.777,33
brunch,5.177,1.839,34
brunette,5.697,1.487,33
brush,6.219,1.192,32
brushed,4.121,1.493,33
brutal,3.686,1.635,35
brute,4.03,1.446,33
bubble,5.571,1.498,35
bubbly,3.571,1.379,35
buffalo,6.441,0.811,34
bugle,5.583,1.73,24
build,5.229,1.623,35
builder,6.229,0.865,35
building,6.813,0.726,32
bulb,6.594,0.655,32
bulb (light),6.229,1.149,35
bulb (plant),6.441,0.774,34
bulge,5.125,1.495,32
bulk,4.824,1.465,34
bull,6.588,0.647,34
bulldozer,6.647,0.936,34
bullet,6.727,0.565,33
bullish,3.333,1.468,30
bully,5.029,1.63,35
bundle,5.0,1.287,35
bungalow,6.303,1.267,33
bunk,5.657,1.453,35
bunk (bed),6.559,0.694,34
bunk (truant),3.69,1.417,29
bunny,6.629,0.68,35
buoy,6.515,0.744,33
burden,2.875,1.596,32
burger,6.625,0.74,32
burglar,5.552,1.192,29
burglary,4.258,1.391,31
burgle,4.97,1.834,33
burial,5.686,1.237,35
burn,5.353,1.473,34
burner,5.086,1.826,35
burnt,4.375,1.386,32
burst,3.882,1.345,34
bury,4.714,1.465,35
bus,6.882,0.322,34
business,4.743,1.537,35
businessman,6.059,1.259,34
bust,4.971,1.636,34
bust (break),3.636,1.432,33
bust (breasts),6.697,0.521,33
bust (sculpture),6.219,0.927,32
busy,3.571,1.573,35
busybody,4.226,1.496,31
butcher,6.294,1.044,34
butler,5.656,1.533,32
butt,6.387,0.973,31
butter,6.233,0.989,30
butterfly,6.452,1.073,31
button,6.382,0.875,34
buy,4.206,1.694,34
buzzard,6.357,1.342,28
cabin,6.457,0.905,35
cabinet,6.714,0.7,35
cabinet (closet),6.71,0.632,31
cabinet (council),4.807,1.281,31
cacti,6.743,0.498,35
cactus,6.486,1.228,35
cafe,6.121,1.066,33
cake,6.829,0.446,35
cakes,6.688,0.682,32
calcium,5.143,1.775,35
calculus,4.25,1.888,32
calendar,6.0,1.085,34
calf,6.629,0.721,35
calf (cow),6.697,0.674,33
calf (muscle),6.576,0.653,33
call,4.441,1.666,34
call (shout),4.788,1.572,33
call (telephone),4.735,1.651,34
call (visit),4.206,1.389,34
calm,3.794,1.41,34
camel,6.807,0.47,31
camera,6.727,0.75,33
camouflage,5.324,1.3,34
camp,5.057,1.53,35
camp (effeminate),3.133,1.746,30
camp (tents),6.152,1.184,33
camper,5.576,1.045,33
campus,5.688,1.379,32
canal,6.559,0.774,34
cancer,5.563,1.435,32
candidate,4.484,1.365,31
candle,6.621,0.665,29
candy,6.114,1.09,35
candyfloss,6.242,1.207,33
cane,6.546,0.742,33
cane (beat),5.813,1.261,32
cane (stick),6.371,1.098,35
cane (sugar),6.147,1.286,34
cannon,6.433,0.989,30
canoe,6.697,0.627,33
canyon,6.543,0.691,35
cap,6.314,0.854,35
cap (hat),6.543,0.936,35
cap (limit),3.455,1.416,33
capable,2.8,1.704,35
capacity,2.943,1.351,35
cape,5.807,1.306,31
captivate,2.0,0.829,32
captivating,2.258,1.015,31
captive,4.156,1.641,32
capture,4.235,1.477,34
car,6.857,0.35,35
caravan,6.469,1.0,32
carbohydrate,5.147,1.896,34
carbon,5.177,1.74,34
carcass,5.636,1.514,33
card,6.367,0.875,30
care,3.031,1.649,32
career,4.212,1.771,33
careful,3.147,1.665,34
caress,4.156,1.439,32
carnival,6.2,0.821,35
carol,4.912,1.337,34
carp,5.967,1.538,30
carpenter,6.114,1.063,35
carpet,6.147,0.944,34
carriage,6.303,0.969,33
carrot,6.909,0.288,33
carry,4.938,1.116,32
carve,4.324,1.658,34
case,5.53,1.459,66
case (container),6.563,0.864,32
case (instance),3.364,1.702,33
case (legal),4.353,1.532,34
cash,6.206,1.278,34
cashier,6.294,0.824,34
casino,6.6,0.595,35
cast,4.8,1.6,35
cast (actors),5.629,1.587,35
cast (plaster bandage),6.771,0.483,35
cast (throw),4.606,1.413,33
castle,6.5,0.906,28
casual,2.971,1.54,35
casualty,4.765,1.554,34
cat,6.548,0.874,31
catapult,6.364,0.881,33
catastrophe,3.143,1.791,35
catch,3.424,1.415,33
catch (a ball),5.147,1.717,34
catch (drawback),2.781,1.672,32
catch (restraint),4.375,1.576,32
catch (romantic),3.0,1.454,35
caterpillar,6.788,0.591,33
cathedral,6.412,0.878,34
cattle,6.5,0.978,34
caught,4.086,1.381,35
cauliflower,6.677,0.794,34
caution,2.677,1.277,34
cautious,2.618,1.394,34
cave,5.971,1.317,34
caviar,6.394,0.886,33
cavity,5.788,1.148,33
cease,3.742,1.684,31
ceiling,6.647,0.723,34
celebrate,4.258,1.414,31
celebration,4.371,1.605,35
celebrity,4.097,1.89,31
celery,6.606,0.814,33
cell,5.824,1.07,34
cell (biological),5.543,1.73,35
cell (jail),6.471,0.813,34
cellar,6.143,1.199,35
cello,6.706,0.666,34
cells,5.767,1.257,30
cement,6.657,0.674,35
cemetery,6.371,1.149,35
cervix,6.121,1.249,33
chain,6.343,1.04,35
chair,6.677,0.674,34
chair (head),4.897,1.626,29
chair (seat),6.677,0.756,34
chalice,5.393,1.858,28
chalk,6.71,0.52,31
chameleon,6.152,1.077,33
champion,4.788,1.701,33
chance,2.4,1.314,35
chandelier,6.667,0.841,33
change,3.242,1.826,33
change (coins),6.294,1.072,34
change (transform),3.771,1.64,35
chaos,3.059,1.697,34
chaotic,2.714,1.845,35
chapel,6.371,1.244,35
charge,4.171,1.576,35
charge (card),3.818,1.604,33
charge (dependent),3.688,1.96,32
charge (electric),4.636,1.772,33
charge (price),4.529,1.753,34
charge (rush),4.29,1.419,31
charity,4.0,1.867,35
charlatan,3.75,1.745,28
charm,2.581,1.158,31
charm (lucky),3.294,1.918,34
charm (social allure),3.029,1.404,34
charming,3.121,1.805,33
chasm,4.269,1.892,26
chauffeur,6.25,0.935,32
cheap,3.03,1.766,33
check,4.257,1.679,35
cheek,5.939,1.434,33
cheer,3.914,1.697,35
cheer (happiness),3.6,1.744,35
cheer (support),4.515,1.417,33
cheerful,3.618,1.895,34
cheers,3.514,1.273,35
cheese,6.704,0.711,27
cheetah,6.5,0.935,32
chef,6.618,0.595,34
chemist,6.4,0.641,35
chemistry,4.97,1.749,33
chemistry (rapport),3.212,1.887,33
chemistry (science),4.657,1.912,35
cheque,6.364,1.068,33
cherry,6.6,0.764,35
chess,6.088,1.039,34
chest,6.033,0.948,30
chest (cabinet),6.2,1.305,35
chest (torso),6.706,0.666,34
chestnut,6.4,0.869,35
chew,4.771,1.569,35
chewy,4.194,1.354,31
chief,5.029,1.562,34
chihuahua,6.636,0.979,33
child,6.167,0.969,30
children,6.094,1.011,32
chime,4.879,1.754,33
chimpanzee,6.815,0.388,27
chin,6.655,0.658,29
chip,5.971,1.317,34
chipmunk,6.824,0.452,34
chips,6.464,0.778,28
chisel,6.469,0.968,32
chocolate,6.5,0.849,34
choir,5.636,1.322,33
choke,4.344,1.707,32
choked,4.727,1.601,33
choose,2.677,1.181,34
choral,4.179,1.56,28
chord,5.0,1.609,34
chose,2.875,1.293,32
Christmas,5.086,1.811,35
chubby,4.829,1.699,35
chunk,4.657,1.453,35
church,6.0,1.32,31
chute,5.906,1.308,32
cigar,6.621,0.665,29
cigarette,6.739,0.606,23
cinema,6.571,0.688,35
circle,4.931,1.701,29
circuit,5.0,1.531,35
circular,5.29,1.61,31
circulate,3.371,1.495,35
circulation,4.333,1.78,36
circumstances,2.938,1.58,32
circus,6.344,0.956,32
citation,4.059,1.814,34
cite,3.548,1.682,31
city,5.929,1.067,28
civilian,5.031,1.51,32
civilization,3.647,1.813,34
civilized,3.324,1.64,34
clam,5.657,1.706,35
clan,5.235,1.285,34
clarinet,6.677,0.794,34
class,4.514,1.592,35
class (school),5.235,1.373,34
class (status),2.515,1.617,33
classical,3.121,1.409,33
classify,3.03,1.267,33
clause,3.75,1.601,32
claw,5.968,1.257,31
claws,6.387,0.83,31
claymore,5.474,1.568,19
clean,4.667,1.804,33
cleaner,5.727,1.562,33
cleaner (maid),6.294,0.787,34
cleaner (more clean),3.829,1.483,35
clear,3.441,1.752,34
clergy,5.636,1.648,33
clever,3.286,1.426,35
click,5.343,1.585,35
client,4.438,1.321,32
cliff,6.571,0.871,35
climate,4.061,1.906,33
climax,3.667,1.837,33
climb,4.771,1.725,35
climber,6.029,0.822,34
cling,3.871,1.408,31
clingy,3.059,1.305,34
cloak,6.5,0.916,34
clock,6.467,1.087,30
clone,4.194,1.533,31
close,3.531,1.677,32
close (near),3.75,1.521,32
close (stairwell),5.969,1.212,32
closure,2.771,1.623,35
cloth,6.406,1.027,32
clothes,6.382,1.189,34
clothing,6.242,0.74,33
cloud,5.594,1.32,32
cloud (sky),6.057,1.473,35
cloud (spoil),3.645,1.617,31
cloudy,5.086,1.628,35
clove,5.943,1.17,35
clover,5.697,1.403,33
clown,6.339,0.949,62
club,5.886,1.347,35
club (card suit),5.469,1.695,32
club (disco),6.324,0.83,34
club (hit),5.581,1.314,31
club (organisation),5.543,1.317,35
club (tool),6.469,1.0,32
clue,3.394,1.687,33
clueless,2.294,1.177,34
clumsy,2.943,1.264,35
cluster,4.588,1.216,34
clutch,5.441,1.648,34
clutch (bag),6.514,0.841,35
clutch (car),6.4,0.869,35
clutch (grab),4.514,1.628,35
clutter,4.697,1.642,33
coach,5.912,1.147,34
coach (bus),6.735,0.559,34
coach (trainer),5.807,1.09,31
coarse,4.061,1.455,33
coast,6.015,0.969,65
coast (beach),6.515,0.821,33
coast (glide),4.061,1.613,33
coaster,5.636,1.453,33
coat,6.625,1.139,32
coat (cover),5.294,1.654,34
coat (jacket),6.618,0.728,34
cobble,5.412,1.478,34
cock,6.288,1.07,66
cock (bird),6.4,0.869,35
cock (dick),6.114,1.617,35
cock (tilt),3.941,1.552,34
cockerel,6.556,0.916,27
cockney,4.156,1.922,32
cockroach,6.7,0.526,30
cocktail,6.382,0.908,34
cod,6.484,1.043,31
code,4.882,1.641,34
coerce,3.533,1.477,30
coffee,6.324,1.021,34
coffin,6.844,0.507,32
coin,6.546,0.924,33
coke,6.235,1.059,34
coke (coal),5.563,1.54,32
coke (cocaine),6.412,1.032,34
coke (cola),6.758,0.494,33
cola,6.343,1.013,35
cold,5.0,1.773,35
cold (illness),5.286,1.343,35
cold (temperature),4.424,1.634,33
collage,5.257,1.73,35
collar,6.406,0.824,32
collate,2.906,1.528,32
collect,4.161,1.37,31
college,6.147,1.088,34
colonel,5.794,1.301,34
colony,4.879,1.493,33
colour,5.206,1.937,34
column,5.824,1.271,34
comb,6.625,0.696,32
combat,4.853,1.611,34
combatant,4.714,1.687,28
combustion,4.829,1.54,35
comedian,5.879,1.273,33
comedy,3.5,1.785,32
comet,6.057,1.308,35
comfort,3.114,1.45,35
comfortable,2.912,1.463,34
comma,4.774,1.698,31
command,2.909,1.422,33
commander,5.314,1.389,35
commanding,3.281,1.441,32
comment,3.882,1.745,34
committee,4.849,1.617,33
common,3.188,1.261,32
communication,3.824,1.599,34
compare,3.303,1.487,33
comparison,2.97,1.679,33
compass,6.412,1.061,34
compete,3.059,1.474,34
competence,2.906,1.508,32
competent,3.485,1.672,33
competition,4.0,1.474,35
complement,2.8,1.45,35
complete,3.824,1.599,34
complex,2.546,1.258,33
complex (behaviour),2.206,1.586,34
complex (buildings),5.714,1.83,35
complex (difficult),3.032,1.732,31
complicated,2.6,1.377,35
compliment,3.229,1.943,35
compose,3.576,1.436,33
composer,5.636,1.275,33
compute,3.571,1.609,35
computer,6.719,0.572,32
comrade,4.242,1.415,33
conceal,3.258,1.319,31
concealed,3.125,1.386,32
concentrate,2.765,1.395,34
concept,2.057,1.393,35
conceptual,1.939,1.254,33
concert,5.714,1.3,35
conclude,3.057,1.638,35
conclusion,3.0,1.698,34
concoct,2.871,1.661,31
concoction,4.484,1.663,31
concrete,6.344,1.383,32
condemn,3.0,1.576,33
condescend,2.563,0.966,32
condescending,2.969,1.811,32
conductor,6.0,1.138,34
confer,3.161,1.416,31
conference,5.281,1.419,32
confess,2.882,1.301,34
confetti,6.452,1.042,31
confide,2.6,1.224,35
confidence,3.059,1.83,34
confident,2.625,1.166,32
confirm,3.636,1.872,33
confirmation,4.0,1.707,35
conform,2.765,1.554,34
conformity,2.8,1.737,35
confuse,2.758,1.016,33
confused,2.719,1.125,32
confusion,2.571,1.479,35
connect,3.229,1.532,35
connection,3.75,1.732,32
connoisseur,4.138,1.502,29
conquer,3.515,1.654,33
conqueror,5.194,1.63,36
conquest,3.697,1.586,33
consent,3.364,1.72,33
console,3.382,1.732,34
consonant,4.469,1.968,32
construction,5.242,1.436,33
consult,3.794,1.586,34
contain,3.182,1.604,33
container,6.029,0.923,34
contempt,3.029,1.54,35
contend,2.818,1.113,33
contender,3.882,1.795,34
content,3.143,1.268,35
content (contents),4.441,1.63,34
content (happy),2.849,1.635,33
contents,4.677,1.658,34
context,2.853,1.498,34
continent,6.364,0.771,33
continental,4.355,1.514,31
contract,5.546,1.479,33
contract (agreement),4.667,1.933,33
contract (catch),3.606,1.89,33
contribute,2.765,1.238,34
contribution,2.943,1.351,35
convene,3.172,1.533,29
convener,4.76,1.422,25
convent,4.875,1.654,32
convention,3.788,1.572,33
convert,2.094,0.879,32
convict,5.029,1.404,35
conviction,3.6,1.808,35
convoy,5.546,1.157,33
cook,5.485,1.234,33
cooker,6.677,0.527,34
cool,2.857,1.15,35
cool (popular),2.839,1.608,31
cool (temperature),4.364,1.738,33
cooperate,3.4,1.497,35
copy,3.879,1.822,33
coral,5.735,1.54,34
cord,5.457,1.872,35
core,4.182,1.696,33
cork,6.5,0.779,28
corn,6.353,0.762,34
corn (foot),6.0,1.495,34
corn (maize),6.429,1.022,35
corner,6.029,1.043,34
corner (edge),5.941,1.454,34
corner (surround),4.029,1.465,34
cornered,3.771,1.742,35
cornflour,6.719,0.514,32
corporation,4.677,1.794,34
corpse,6.6,0.611,30
corridor,5.938,1.298,32
corrupt,3.171,1.665,35
cortex,5.226,1.736,31
cost,3.419,1.661,31
costly,3.829,1.464,35
costume,5.656,1.513,32
cosy,3.313,1.722,32
cottage,6.765,0.597,34
cotton,6.438,0.998,32
couch,6.758,0.552,66
couch (express),4.304,1.898,23
couch (sofa),6.714,0.74,35
cough,5.829,1.055,35
councillor,5.543,1.499,35
counsellor,5.364,1.494,33
count,3.912,1.755,34
count (numbers),3.629,1.64,35
count (title),4.433,1.838,30
counter,5.429,1.626,35
counter (keeping account),4.583,1.876,36
counter (oppose),3.212,1.343,33
counter (worktop),6.576,0.818,33
country,5.618,1.435,34
county,5.469,1.323,32
coup,3.76,1.861,25
couple,5.029,1.485,34
couple (a few),4.314,1.801,35
couple (romantic pair),5.364,1.685,33
courage,2.4,1.074,35
courageous,2.914,1.628,35
course,3.941,1.454,34
course (class),4.688,2.007,32
course (path),4.364,1.839,33
court,5.516,0.98,31
court (law),5.667,1.363,33
court (sport),5.686,1.469,35
court (woo),3.767,1.383,30
courtship,4.118,1.471,34
courtyard,6.294,0.956,34
cover,4.406,1.578,32
covert,2.849,1.351,33
cow,6.853,0.429,34
coward,3.188,1.629,32
cowardice,2.543,1.024,35
cowardly,2.515,0.957,33
cowboy,6.177,0.954,34
cowboy (reckless),4.344,1.831,32
cowboy (wild west),5.618,1.553,34
crab,6.8,0.466,35
crab (cranky person),3.677,1.604,34
crab (shellfish),6.576,0.922,33
cradle,5.971,1.363,35
craft,4.457,1.574,35
craft (skill),4.546,1.578,33
craft (vessel),6.057,1.372,35
crag,5.55,1.465,20
cranium,6.233,0.955,30
crank,4.2,1.802,35
crank (grouch),3.552,1.61,29
crank (winch),5.091,1.564,33
crap,3.636,1.514,33
crash,5.452,1.456,31
crater,6.177,1.248,34
crawl,4.794,1.491,34
crayon,6.457,1.155,35
crazy,2.794,1.106,34
cream,6.5,0.653,34
create,2.686,1.6,35
creator,3.147,2.116,34
creature,5.394,1.613,33
credit,3.235,1.646,34
credit (money),4.667,1.717,33
credit (praise),3.618,1.698,34
creek,5.938,1.345,32
creep,3.353,1.57,34
crest,5.094,1.444,32
crevice,4.936,1.703,31
cricket,5.719,1.484,32
cricket (insect),6.514,1.025,35
cricket (sport),6.412,0.691,34
crime,4.758,1.596,33
criminal,5.143,1.457,35
crisis,3.743,2.019,35
crisp,5.114,1.635,35
crisp (chip),6.531,0.661,32
crisp (sharp),4.0,1.882,35
critic,4.543,1.662,35
criticism,3.031,1.794,32
criticize,2.794,1.346,34
crocodile,6.8,0.466,35
crook,4.303,1.749,33
crook (criminal),5.818,1.445,33
crook (stick),5.364,1.573,33
crop,5.727,1.523,33
crops,5.933,0.854,30
cross,5.0,1.663,34
cross (an object),5.909,1.357,33
cross (annoyed),3.743,1.61,35
cross (offend),2.879,0.977,33
cross (pass),4.571,1.479,35
crossbow,6.257,1.051,35
crossed,3.758,1.793,33
crow,6.656,0.69,32
crowd,5.875,0.96,32
crown,6.345,0.92,29
crucifix,5.781,1.596,32
crucify,4.333,1.964,33
crude,2.576,1.181,33
cruel,2.706,1.425,34
cruise,5.281,1.281,32
crumb,6.03,1.267,33
crumble,4.324,1.843,34
crunch,4.303,1.291,33
crunchy,5.143,1.515,35
crush,4.5,1.688,30
crushed,4.188,1.667,32
crust,5.941,1.187,34
crutch,5.543,1.401,35
cry,4.971,1.757,34
cry (shout),4.829,1.521,35
cry (weep),5.114,1.389,35
crying,5.257,1.537,35
crystal,6.114,1.347,35
cube,6.121,1.387,33
cuddle,5.486,1.422,35
cues,3.059,1.235,34
cues (prompts),4.161,1.505,31
cues (snooker),6.206,1.324,34
cuisine,5.515,1.48,33
cultural,3.03,1.547,33
culture,3.188,1.878,32
cunning,2.529,1.48,34
cunt,4.441,2.117,34
cup,6.5,0.883,34
curb,5.412,1.734,34
cure,4.219,1.495,32
curious,2.25,1.09,32
currant,5.559,1.518,34
currency,4.469,1.695,32
current,3.0,1.414,31
curry,6.529,0.848,34
curse,2.829,1.54,35
curtain,6.606,0.694,33
cushion,6.2,1.348,35
custom,2.765,1.554,34
cut,5.969,0.918,32
cut (clip),5.03,1.467,33
cut (of meat),5.75,1.414,32
cut (share),4.03,1.696,33
cut (wound),6.0,1.031,32
cute,2.941,1.259,34
cycle,4.733,1.632,30
cyclone,5.75,1.458,32
cymbals,5.933,1.548,30
cynical,2.235,1.395,34
Dad,6.257,1.556,35
daffodil,6.765,0.597,34
dagger,6.441,1.063,34
daisy,6.6,0.835,35
damage,4.114,1.43,35
damaged,4.171,1.612,35
Dame,5.125,1.516,32
damp,5.147,1.141,34
damsel,4.912,1.738,34
dance,4.807,1.554,31
dancer,6.412,0.691,34
dancing,5.371,1.495,35
dandruff,6.364,1.039,33
danger,3.324,1.744,34
dangerous,3.114,1.635,35
dangle,3.0,1.231,33
dapper,2.875,1.556,32
dare,3.406,1.366,32
dark,4.515,1.925,33
darkness,4.706,2.08,34
darling,3.229,1.495,35
data,5.382,1.329,34
date,4.382,1.351,34
date (calendar),4.971,1.521,35
date (fruit),6.029,1.339,34
date (romantic),4.406,1.73,32
daughter,5.941,1.282,34
dawn,5.031,1.425,32
daybreak,4.625,1.431,32
daylight,5.212,1.683,33
daze,3.353,1.551,34
dazzle,3.219,1.166,32
dead,5.588,1.517,34
deaf,5.091,1.881,33
deal,3.394,1.65,33
deal (bargain),3.559,1.785,34
deal (playing cards),5.0,1.5,32
deal (with),3.059,1.434,34
dear,3.03,1.425,33
death,4.029,2.184,35
debacle,3.044,1.334,23
debt,4.343,1.756,35
debtor,4.742,1.565,31
decadent,2.464,1.295,28
decay,4.529,1.753,34
deceit,2.4,1.398,35
deceive,3.0,1.586,31
decent,2.636,1.226,33
deception,2.235,1.307,34
deck,6.028,1.118,36
deck (cards),6.313,0.95,32
deck (ship),6.441,0.694,34
declare,3.294,1.775,34
decompose,4.882,1.43,34
decorate,4.618,1.591,34
decoration,4.781,1.576,32
decorator,5.879,0.946,33
decree,3.71,1.763,31
deduct,2.912,1.121,34
deduction,2.794,1.53,34
deed,3.943,1.548,35
deep,3.794,1.937,34
deer,6.667,0.636,33
defame,2.807,1.533,31
defeat,3.061,1.229,33
defiant,2.839,1.167,31
define,3.063,1.519,32
definition,3.735,2.005,34
deformed,4.824,1.886,34
defy,2.719,1.484,32
dejected,2.387,1.006,31
delay,3.4,1.553,35
delicious,3.265,1.884,34
delight,3.0,1.69,35
delighted,3.286,1.385,35
delightful,2.657,1.241,35
delirium,2.75,1.581,32
delude,2.484,1.16,31
deluded,2.229,1.375,35
deluge,3.571,1.678,28
democracy,3.258,1.741,31
democratic,2.765,1.681,34
demolish,5.167,1.625,36
demon,3.758,2.283,33
dense,3.909,1.764,33
dentist,6.375,0.927,32
depress,3.156,1.603,32
depressed,3.029,1.79,34
depression,3.059,1.731,34
derelict,4.484,1.542,31
descend,3.677,1.344,34
descent,3.486,1.73,35
describe,2.853,1.396,34
description,3.0,1.435,34
desert,6.125,1.431,32
deserve,1.912,0.742,34
deserving,2.788,1.343,33
design,3.471,1.684,34
designer,4.581,1.642,31
desirable,2.807,1.512,31
desire,2.576,1.615,33
desk,6.714,0.525,28
desks,6.567,0.804,30
desolate,2.824,1.271,34
despair,3.125,1.933,32
desperate,2.333,1.491,33
desperation,2.088,1.121,34
despise,2.344,0.988,32
dessert,6.177,1.042,34
destination,4.0,1.698,34
destiny,2.0,1.534,34
destroy,3.943,1.689,35
destroyer,4.171,1.934,35
destruction,4.229,1.838,35
detach,3.788,1.838,33
detached,3.029,1.715,35
detail,3.743,1.662,35
detailed,3.667,1.274,30
determination,2.242,1.349,33
determine,2.882,1.323,34
determined,2.881,1.579,67
detest,2.394,1.347,33
detonate,4.742,1.343,31
detonation,4.606,1.841,33
develop,2.849,1.417,33
development,3.667,1.551,33
deviant,3.235,1.496,34
deviation,2.849,1.617,33
device,5.382,1.663,34
devil,2.968,1.926,31
devise,3.029,1.505,34
devote,2.829,1.424,35
devoted,2.914,1.663,35
devotion,2.588,1.536,34
diabetes,4.333,1.804,33
diamond,6.813,0.464,32
diamonds,6.765,0.546,34
dice,6.533,0.67,30
dictionary,6.394,1.071,33
die,4.706,2.108,34
died,5.258,1.866,31
diffusion,4.0,1.549,35
digest,4.879,1.472,33
digestion,5.281,1.328,32
digit,4.941,1.731,34
digit (finger),6.086,1.052,35
digit (number),5.765,1.75,34
digital,5.063,1.435,32
digits,5.057,1.585,35
digits (fingers),6.265,0.98,34
digits (numbers),5.6,1.534,35
dignified,2.818,1.546,33
dignity,2.229,1.311,35
dildo,6.6,0.641,35
dim,3.875,1.269,32
dinner,6.121,1.037,33
dinosaur,6.371,1.416,35
diploma,5.406,1.693,32
diplomat,4.75,1.601,32
dire,2.719,1.625,32
direct,4.029,1.765,35
direction,3.576,1.652,33
dirt,5.971,1.098,34
dirty,4.677,1.693,34
disappoint,3.086,1.61,35
disappointed,2.471,0.977,34
disaster,3.971,1.92,35
disband,3.281,1.463,32
disciple,4.057,1.866,35
discipline,2.844,1.523,32
disclose,2.5,0.968,32
disclosure,2.909,1.564,33
disco,5.152,1.417,33
discomfort,3.03,1.267,33
disconnect,4.147,1.517,34
discourage,2.849,1.282,33
discover,3.375,1.192,32
discovery,3.714,1.596,35
discrete,3.219,1.866,32
discretion,2.394,1.278,33
disdain,2.482,1.258,27
disease,5.059,1.662,34
diseased,4.4,1.642,35
disfigured,4.118,1.711,34
disgust,3.121,1.737,33
disgusted,2.914,1.339,35
disgusting,2.743,1.179,35
dish,6.207,1.214,29
disloyal,2.657,1.393,35
dismiss,3.406,1.271,32
disparity,2.172,1.019,29
displeased,3.029,1.465,34
dispose,3.771,1.375,35
disposition,2.6,1.332,30
dissent,2.667,1.044,30
dissident,3.0,1.96,25
distant,3.147,1.517,34
distinction,2.912,1.442,34
distinguish,2.879,1.552,33
distract,3.177,1.424,34
distraction,3.03,1.547,33
distress,3.286,1.596,35
distressed,2.824,1.15,34
disturb,2.971,1.404,35
disturbed,2.886,1.508,35
ditch,5.125,1.654,32
dive,4.382,1.591,34
diver,6.0,1.047,31
diverse,2.485,1.306,33
divert,3.742,1.544,31
divination,2.704,1.559,27
divine,1.936,1.134,31
divorce,4.25,1.75,32
dizzy,3.0,1.392,32
docile,3.033,1.278,30
dock,6.235,1.086,34
dock (deduct),3.862,1.717,29
dock (ship),6.188,1.184,32
doctor,6.382,0.971,34
doctrine,3.774,1.754,31
document,6.059,1.211,34
dodgy,3.394,1.496,33
dog,6.833,0.453,30
dogma,2.107,1.319,28
dole,3.778,1.286,27
doll,6.371,0.929,35
dollar,6.514,0.77,35
dolls,6.286,1.322,35
dolphin,6.849,0.435,33
dome,5.867,1.384,30
dominate,2.8,1.753,35
donkey,6.588,0.844,34
doom,2.182,0.999,33
doomed,3.032,1.675,31
door,6.636,0.688,33
doorman,6.471,0.776,34
dope,4.188,1.55,32
dope (drugs),5.818,1.167,33
dope (idiot),3.343,1.413,35
dopey,2.697,1.291,33
dose,4.265,1.703,34
doubt,2.588,1.141,34
dough,6.118,1.157,34
dough (baking),6.471,0.776,34
dough (money),5.857,1.376,35
dove,6.086,1.556,35
dove (bird),6.229,1.071,35
dove (dive),4.438,1.391,32
down,3.382,1.815,34
down (direction),4.71,1.708,31
down (fur),5.936,1.105,31
down (sad),2.875,1.083,32
drab,3.059,1.136,34
draft,4.531,1.52,32
draft (breeze),4.563,1.694,32
draft (first version),5.088,1.314,34
drag,4.206,1.623,34
dragon,4.839,2.065,31
drama,4.029,1.465,34
draught,4.1,1.513,30
draw,4.971,1.543,34
draw (artistic),4.343,1.638,35
draw (attract),2.886,1.389,35
draw (choose),4.114,1.469,35
draw (tie),4.636,1.514,33
drawers,6.343,1.068,35
drawing,5.735,1.093,34
dread,2.5,1.09,32
dream,2.719,1.841,32
dreams,2.742,2.032,31
dreary,2.794,1.158,34
dress,6.611,0.636,36
dress (formal),5.031,1.649,32
dress (put on clothes),5.147,1.517,34
dress (skirt),6.543,0.84,35
dressed,4.938,1.478,32
dresser,5.914,1.228,35
drift,3.206,1.367,34
drifter,3.625,1.409,32
drifting,3.147,1.417,34
drill,6.314,0.979,35
drill (practice),4.286,1.465,35
drill (tool),6.515,0.821,33
drive,4.818,1.66,33
drive (car),5.818,1.424,33
drive (motivation),2.849,1.54,33
drop,4.294,1.544,34
drop (fall),4.813,1.379,32
drop (rain),5.886,1.368,35
dropped,4.727,1.619,33
drought,5.188,1.488,32
drown,4.735,1.578,34
drug,5.6,1.571,35
drugged,4.324,1.585,34
drum,6.655,0.603,29
drummer,6.0,1.237,34
drums,6.7,0.64,30
drunk,4.343,1.585,35
dubious,2.161,0.954,31
duck,6.571,0.965,35
duck (bird),6.788,0.477,33
duck (cricket),4.0,1.805,27
duck (crouch),4.486,1.402,35
duet,4.548,1.542,31
duke,5.514,1.5,35
dull,3.139,1.735,36
dumb,2.969,1.287,32
dummy,4.849,1.672,33
dummy (idiot),3.457,1.441,35
dummy (mannequin),6.333,1.064,33
dummy (nipple),5.688,1.402,32
dump,4.412,1.801,34
dune,5.581,1.737,31
dung,6.152,1.048,33
dungeon,6.118,1.231,34
durable,3.177,1.562,34
dusk,4.324,1.604,34
dust,5.677,1.254,34
dustbin,6.727,0.617,33
duster,6.424,1.129,33
dustpan,6.294,1.151,34
dusty,4.788,1.387,33
duty,3.059,1.748,34
duvet,6.714,0.525,28
dwarf,6.0,1.061,32
dwell,3.0,1.146,32
dye,5.677,1.594,31
dying,3.212,1.701,33
dynamite,6.433,0.804,30
dynasty,4.097,1.573,31
eager,3.625,1.746,32
eagle,6.719,0.624,32
ear,6.853,0.354,34
earn,4.514,1.5,35
earphones,6.853,0.354,34
earth,6.636,0.846,33
earthquake,6.114,1.115,35
ease,2.829,1.424,35
easy,3.143,1.57,35
easygoing,2.879,1.273,33
eat,5.8,1.116,35
eatery,5.265,1.651,34
eccentric,2.594,1.558,32
economic,2.469,1.414,32
economy,3.0,1.688,33
ecstasy,4.031,1.96,32
ecstatic,2.794,1.568,34
edge,5.171,1.797,35
edifice,4.222,1.548,18
edit,3.853,1.611,34
edition,3.758,1.67,33
editor,5.636,1.176,33
educate,3.735,1.651,34
education,4.313,1.828,32
eel,6.576,0.698,33
eerie,2.813,1.467,32
efficient,2.735,1.4,34
effort,3.343,1.473,35
egg,6.412,0.911,34
ego,2.455,1.373,33
elaborate,2.469,1.224,32
elated,3.219,1.596,32
elation,2.733,1.263,30
elbow,6.75,0.5,32
elder,4.387,1.6,31
eldest,3.688,1.53,32
electric,4.394,1.556,33
electrician,6.387,0.973,31
electricity,5.353,1.281,34
electronic,5.097,1.593,31
elegant,2.531,1.392,32
elephant,6.891,0.312,64
elevator,6.286,1.631,35
elf,4.818,1.85,33
elite,3.706,1.918,34
elitist,3.429,1.712,35
elk,6.69,0.7,29
elm,6.0,1.537,33
elude,2.452,1.103,31
emancipation,3.111,1.663,27
embarrass,2.706,1.273,34
embarrassment,3.065,1.722,31
embezzle,2.939,1.575,33
embrace,4.735,1.915,34
emerald,5.9,1.535,30
emergency,4.061,1.575,33
emotion,2.625,1.746,32
emotional,2.515,1.104,33
empathy,2.303,1.167,33
emphasis,2.853,1.957,34
emphasize,3.061,1.774,33
empire,4.588,1.682,34
employ,3.794,1.389,34
employee,5.6,1.269,35
employer,6.088,1.067,34
employment,4.457,1.627,35
emporium,5.031,1.38,32
empty,2.5,1.392,32
enact,3.0,1.436,32
encore,3.719,1.484,32
encyclopedia,6.571,0.688,35
end,3.029,1.823,34
ending,3.618,2.087,34
endless,2.656,1.471,32
endure,3.206,1.367,34
engage,3.419,1.339,31
engaged,3.879,1.887,33
engagement,4.313,1.667,32
engaging,2.324,1.206,34
engine,6.371,0.929,35
engineer,6.265,1.093,34
enhance,3.091,1.505,33
enjoy,3.265,1.559,34
enjoyment,2.971,1.562,34
enquire,3.4,1.477,35
enquiry,3.364,1.573,33
enraged,3.143,1.676,35
ensure,2.457,1.024,35
entail,2.897,1.494,29
enter,4.114,1.737,35
enterprise,4.0,1.757,35
enthral,2.63,1.222,27
enthusiasm,2.818,1.766,33
enthusiastic,3.324,1.761,34
entitle,2.909,1.525,33
entrepreneur,4.576,1.624,66
entry,4.324,1.23,34
envelope,6.429,0.871,35
epidemic,3.375,1.949,32
episode,4.265,1.4,34
episodic,2.567,1.476,30
equal,2.771,1.289,35
equality,2.233,1.476,30
equipment,5.412,1.396,34
erase,3.546,1.559,33
erode,4.152,2.002,33
eroded,4.636,1.275,33
erotic,3.029,1.689,34
errand,4.438,1.519,32
error,3.313,1.57,32
eruption,5.571,1.202,35
escape,3.258,1.191,31
escaped,3.939,1.808,33
escapee,5.424,1.326,33
escort,4.314,1.669,35
essence,2.471,1.538,34
estate,5.727,1.582,33
estimate,3.2,1.238,35
ethnic,3.152,1.417,33
euphoria,1.97,1.403,33
evaluate,3.2,1.582,35
evangelist,3.645,1.637,31
even,3.235,1.8,34
even (odd),3.265,1.703,34
even (still),3.69,1.086,29
evening,5.0,1.627,34
event,4.123,1.574,65
ever,2.273,1.656,33
every,3.242,1.518,33
everything,2.943,2.11,35
evidence,4.909,1.747,33
evil,2.294,1.618,34
evoke,2.375,1.111,32
exact,3.6,1.808,35
exam,6.059,1.11,34
examination,5.457,1.518,35
excel,3.4,1.792,35
excellence,2.824,1.485,34
excellent,2.333,1.318,33
excited,2.618,1.213,34
excitement,3.029,1.671,34
exciting,3.091,1.881,33
exclaim,2.9,1.193,30
exclude,3.188,1.446,32
exclusion,3.618,1.645,34
excrement,6.406,1.027,32
excuse,2.727,1.543,33
execute,4.265,1.868,34
execute (accomplish),3.5,1.77,34
execute (kill),5.235,1.592,34
execution,4.97,1.291,33
executioner,5.686,1.19,35
exercise,4.971,1.576,35
exert,3.6,1.377,35
exertion,3.313,1.402,32
exhaust,4.273,1.83,33
exhausted,3.314,1.669,35
exhaustion,3.235,1.214,34
exhibit,4.2,1.833,30
exist,2.563,1.619,32
existence,3.028,2.075,36
expand,3.576,1.436,33
expanse,3.844,1.603,32
expedition,4.441,1.735,34
expel,4.0,1.688,33
expensive,3.647,1.923,34
experiment,4.618,1.645,34
expert,3.688,1.467,32
explain,3.229,1.495,35
exploration,3.441,1.439,34
explore,3.429,1.644,35
explorer,5.743,1.078,35
export,3.375,1.635,32
express,2.618,1.591,34
expression,2.75,1.521,32
exquisite,2.471,1.44,34
exterminate,3.849,1.654,33
extravagant,2.735,1.335,34
extreme,2.75,1.173,32
eye,6.5,0.978,34
eyebrows,6.719,0.672,32
eyelashes,6.5,0.901,32
eyes,6.765,0.489,34
fabric,6.147,0.974,34
fabricate,3.364,1.554,33
fabrication,3.226,1.827,31
fabulous,2.771,1.587,35
face,6.067,1.153,30
Facebook,5.943,1.372,35
facility,4.857,1.552,35
fact,4.667,1.918,33
faction,3.269,1.63,26
factory,6.371,1.173,35
fade,3.613,1.517,31
faded,3.061,1.347,33
faeces,6.265,0.98,34
fail,3.548,1.34,31
failure,2.667,1.78,36
faint,3.585,1.548,65
faint (colllapse),4.818,1.466,33
faint (weak),3.743,1.338,35
fair,2.667,1.627,33
fair (exhibition),5.294,1.34,34
fair (honest),2.758,1.457,33
fair (light),4.343,1.603,35
fair (weather),3.588,1.375,34
fairy,4.091,2.028,66
faith,2.286,1.631,35
faithful,2.5,1.539,34
fake,3.061,1.556,33
falcon,6.667,0.586,33
fall,4.188,1.402,32
fall (drop),4.606,1.757,33
fall (season),5.25,1.458,32
fallacy,2.724,1.257,29
FALSE,3.455,1.908,33
falter,2.871,1.238,31
fame,2.677,1.73,31
family,5.0,1.414,30
famous,2.546,1.35,33
fanciful,2.29,1.223,31
fans,4.943,1.638,35
fans (air),6.206,1.079,34
fans (sports),5.879,1.225,33
fantastic,2.971,1.404,35
fantasy,2.029,1.576,35
fare,4.853,1.309,34
fare (charge),4.879,1.451,33
fare (food),5.519,1.258,27
farewell,3.088,1.292,34
farm,6.267,0.854,30
farmer,6.382,1.112,34
fart,5.714,1.465,35
fascinating,2.364,1.453,33
fashion,4.088,1.853,34
fast,3.943,1.866,35
fast (quick),3.515,1.559,33
fast (starve),4.636,1.806,33
fat,5.333,1.531,33
fatal,4.629,1.868,35
fate,1.794,1.346,34
father,6.0,1.495,34
father (dad),6.143,1.291,35
father (priest),5.618,1.284,34
fatigue,3.212,1.683,33
fault,2.576,1.326,33
favour,3.088,1.358,34
fear,2.971,1.636,34
fearful,2.469,1.145,32
feat,3.655,1.603,29
feature,3.743,1.25,35
feeble,2.813,0.95,32
feet,6.585,0.821,65
feet (body),6.576,0.954,33
feet (length),5.0,1.572,34
feline,5.182,1.466,33
fence,6.517,0.771,29
ferret,6.828,0.378,29
ferry,6.529,0.737,34
festival,5.455,1.499,33
festive,4.086,1.779,35
feudal,2.759,1.381,29
feudalism,3.565,1.861,23
fever,5.0,1.576,33
few,3.829,1.699,35
fiber,5.548,1.011,31
fibre,5.177,1.806,34
fiction,3.936,1.722,31
fictitious,2.516,1.739,31
fiddle,5.706,1.486,34
fiddle (adjust),4.121,1.629,33
fiddle (violin),6.546,1.104,33
fiddler,5.324,1.366,34
field,6.182,1.192,33
fierce,3.088,1.687,34
fight,4.75,1.09,32
fighter,5.118,1.388,34
fighting,5.029,1.23,35
figment,2.167,1.067,30
figure,4.765,1.61,34
figure (body shape),5.229,1.587,35
figure (graph),5.152,1.351,33
figure (number),4.813,2.157,32
figure (reckon),2.706,1.486,34
file,5.818,1.336,33
file (record),5.242,1.478,33
file (tool),6.633,0.605,30
fill,4.353,1.37,34
filling,4.6,1.977,30
film,5.849,1.209,33
filter,4.455,1.578,33
filth,4.235,1.716,34
filthy,4.029,1.748,35
finance,4.677,1.49,34
financial,3.697,1.834,33
finger,6.571,0.838,35
fingers,6.657,0.63,35
finish,4.2,1.489,35
fire,6.364,0.81,33
fire (employment),4.114,1.785,35
fire (flames),6.324,1.13,34
fire (gun),5.355,1.404,31
fireman,6.588,0.691,34
fireplace,6.6,0.764,35
fireworks,6.485,0.821,33
firm,4.091,1.658,33
first,3.853,1.912,34
fish,6.667,1.005,33
fisherman,6.177,1.042,34
fist,6.303,1.0,33
fit,4.143,1.57,35
fit (convulsion),5.182,1.527,33
fit (healthy),4.371,1.914,35
fit (suitable),3.353,1.747,34
fizzy,4.469,1.323,32
flab,4.912,1.579,34
flabby,5.091,1.422,33
flap,5.457,1.461,35
flask,6.667,0.65,30
flatulence,5.233,1.383,30
flatulent,4.871,1.737,31
flea,6.424,0.954,33
flee,4.5,1.5,32
fleet,5.086,1.422,35
flesh,6.667,0.725,33
flick,4.438,1.749,32
flick (movement),4.882,1.567,34
flick (movie),5.938,0.899,32
flicker,4.333,1.341,33
flight,5.294,1.525,34
flint,5.969,1.132,32
flirt,3.229,1.514,35
flirty,3.059,1.454,34
float,4.879,1.493,33
flood,6.029,1.183,35
florist,6.0,1.138,34
flour,5.906,1.444,32
flourish,3.029,1.485,34
flow,4.086,1.519,35
flower,6.656,0.922,32
fluent,3.121,1.533,33
fluid,5.429,1.358,35
flute,6.71,0.579,31
flutter,3.656,1.593,32
fly,5.516,1.72,31
fly (insect),6.382,1.112,34
fly (through air),4.471,1.944,34
foam,5.968,0.967,31
fodder,4.75,2.026,24
foggy,4.839,1.221,31
foible,2.533,1.147,15
foil,5.657,1.433,35
foil (metal),6.171,1.108,35
foil (prevent),2.818,1.381,33
fold,4.5,1.75,32
folder,6.382,1.164,34
folk,4.618,1.572,34
follow,3.438,1.456,32
folly,3.192,1.075,26
fond,2.943,1.351,35
food,6.313,0.634,32
fool,3.818,1.566,33
foolish,2.818,1.403,33
foot,6.552,0.854,29
foot (body),6.735,0.559,34
foot (length),5.588,1.7,34
football,6.31,1.021,29
forage,3.759,1.356,29
force,4.471,1.684,34
forceful,3.314,1.26,35
ford,5.563,1.499,32
forehead,6.714,0.658,35
foreign,3.576,1.518,33
foreigner,4.061,1.722,33
forest,6.594,0.605,32
forge,3.719,1.807,32
forget,2.706,1.486,34
forgetful,2.647,1.348,34
fork,6.6,0.925,65
fork (cutlery),6.771,0.539,35
fork (road),5.727,1.238,33
form,3.939,1.705,33
formation,3.656,1.593,32
former,2.281,1.125,32
fort,6.171,1.363,35
fortress,6.182,1.058,33
fortuitous,2.333,1.247,24
fortunate,2.618,1.372,34
fortune,3.571,1.661,35
forty,3.394,1.476,33
forum,4.765,1.33,34
fought,3.943,1.585,35
foul,2.686,1.214,35
foul (disgusting),2.647,1.473,34
foul (penalty),3.781,1.816,32
fountain,6.719,0.624,32
fowl,4.333,1.717,33
fox,6.677,0.629,34
foxes,6.741,0.644,27
foxy,3.0,1.344,31
fragrance,5.029,1.521,35
fragrant,3.688,1.776,32
frail,3.758,1.615,33
frame,5.794,1.207,34
franchise,4.818,1.882,33
frank,3.0,1.477,33
frantic,3.091,1.357,33
fraud,3.941,1.552,34
freak,3.091,1.525,33
freaky,2.733,1.34,30
freckle,6.457,0.731,35
free,2.4,1.438,35
freed,3.219,1.691,32
freedom,2.229,1.396,35
freeze,4.771,1.658,35
fresh,3.938,1.6,32
friction,4.563,1.694,32
fridge,6.771,0.59,35
friend,5.485,1.395,33
friendly,2.697,1.527,33
friendship,3.455,2.046,33
fright,2.485,1.048,33
frightened,2.9,1.3,30
frightening,2.906,1.444,32
frigid,3.03,1.714,33
frock,6.032,1.15,31
frog,6.778,0.497,27
froth,5.313,1.014,32
frown,5.088,1.579,34
frozen,5.6,1.377,35
frugal,3.0,1.24,26
frustrate,2.771,1.605,35
frustrated,2.794,1.389,34
frustration,2.441,1.117,34
fuck,3.303,2.195,33
fuck (exclamation),2.909,1.99,33
fuck (sex),4.849,1.925,33
fucker,3.471,1.867,34
fucks,4.469,1.803,32
fuel,5.8,1.214,35
full,3.936,1.722,31
fun,3.097,1.692,31
function,3.758,1.688,33
fund,4.471,1.538,34
funeral,5.765,1.238,34
fungal,5.353,1.678,34
fungus,6.171,1.055,35
funky,2.257,1.179,35
funny,2.971,1.464,35
fur,6.242,1.102,33
furious,3.314,1.635,35
furniture,6.286,1.446,35
furry,5.2,1.621,30
fury,3.265,1.836,34
fuse,5.576,1.393,33
fusion,3.75,1.658,32
fuss,2.5,1.118,34
futile,3.0,1.5,32
future,3.091,1.881,33
gadget,5.735,1.12,34
gag,4.265,1.501,34
gag (choker),5.886,1.304,35
gag (joke),3.735,1.614,34
gaiety,2.926,1.741,27
gain,3.429,1.4,35
gala,4.543,1.73,35
galaxy,5.125,1.98,32
gale,5.094,1.721,32
gallant,3.25,1.353,28
galleon,5.429,1.613,28
gallery,6.031,1.075,32
galley,5.333,1.155,27
game,4.625,1.452,32
game (animal),5.813,1.31,32
game (sport),5.412,1.458,34
garbage,6.242,1.256,33
garden,6.382,1.029,34
gardener,6.471,0.776,34
gardens,6.394,0.694,33
garlic,6.71,0.579,31
garment,5.781,1.243,32
garter,5.875,1.431,32
gash,5.382,1.572,34
gasp,4.943,1.12,35
gastric,4.645,1.536,31
gate,6.571,0.965,35
gather,3.429,1.479,35
gaunt,4.035,1.671,29
gay,3.97,1.8,33
gay (homosexual),4.657,1.956,35
gay (joyous),3.515,1.69,33
gaze,3.794,1.43,34
gazelle,6.303,1.193,33
gear,5.455,1.458,33
gem,6.088,1.011,34
gender,4.382,2.115,34
general,2.943,1.548,35
general (common),3.242,1.256,33
general (military),5.824,1.339,34
generation,3.743,1.778,35
generous,2.743,1.518,35
genes,4.758,1.907,33
genius,3.323,1.574,31
genocide,4.625,1.781,32
gentle,2.657,1.53,35
gentleman,4.419,1.737,31
geologist,5.813,1.379,32
geology,4.971,1.74,34
gerbil,6.656,0.775,32
germinate,4.938,1.248,32
germs,5.688,1.356,32
gesture,3.968,1.694,31
ghastly,2.303,0.834,33
ghetto,4.8,1.704,35
ghost,3.606,2.282,33
ghoul,3.75,2.121,32
giant,4.343,1.835,35
gift,5.226,1.263,31
giggle,4.314,1.669,35
gin,6.257,1.317,35
gingerbread,6.515,0.892,33
giraffe,6.912,0.284,34
girdle,5.324,1.675,34
girl,6.387,1.006,31
girls,6.355,0.825,31
girly,3.257,1.518,35
gist,2.4,1.398,35
give,3.625,1.816,32
glacial,4.625,1.596,32
glacier,6.086,1.228,35
glad,2.906,1.588,32
glamorous,2.613,1.236,31
glamour,2.875,1.364,32
glance,3.531,1.479,32
glanced,4.091,1.583,33
glass,6.452,0.874,31
glasses,6.765,0.489,34
glasses (drinks),6.314,1.214,35
glasses (eye),6.647,0.836,34
glee,2.8,1.508,35
glimpse,3.229,1.311,35
glitter,5.677,1.45,34
gloat,2.546,1.373,33
global,3.818,2.052,33
globe,6.206,1.023,34
gloom,2.618,1.085,34
gloomy,3.161,1.298,31
glorious,2.543,1.203,35
glory,2.469,1.601,32
glove,6.455,1.076,33
gloves,6.677,0.58,34
glow,4.313,1.59,32
glowing,4.353,1.747,34
glue,6.265,1.357,34
goal,4.455,1.794,33
goat,6.862,0.433,29
goblet,6.177,1.271,34
goblin,4.771,1.958,35
god,2.273,1.728,33
goddess,2.912,1.788,34
gods,2.857,2.18,35
goggles,6.226,1.237,31
gold,6.515,0.892,33
golden,4.765,1.75,34
goldfish,6.727,0.664,33
golf,6.364,1.096,33
golfer,6.324,0.992,34
good,2.813,1.648,32
goodbye,3.677,1.936,34
goodness,2.406,1.455,32
goofy,2.824,1.636,34
goose,6.429,1.178,35
gore,4.219,1.634,32
gorge,4.875,1.691,32
gorge (canyon),6.143,1.334,35
gorge (overeat),4.4,1.607,35
gorgeous,2.824,1.723,34
gorilla,6.906,0.292,32
gossip,3.0,1.323,32
gothic,4.03,1.507,33
govern,3.0,1.651,33
government,5.529,1.46,34
grab,4.719,1.375,32
grace,2.714,1.343,35
graceful,2.936,1.684,31
grade,3.849,1.708,33
grade (mark),4.647,1.678,34
grade (slope),4.706,1.404,34
gradual,3.177,1.653,34
graduate,5.471,1.631,34
graduation,5.086,1.795,35
grain,6.257,0.873,35
grain (sand),6.429,0.871,35
grain (wheat),6.188,1.402,32
grammar,3.706,1.856,34
grampa,6.281,1.205,32
grandfather,6.419,1.071,31
grandma,6.412,1.115,34
grandmother,6.389,1.185,36
grandpa,5.936,1.045,31
granite,6.485,1.158,33
granny,6.455,0.956,33
grape,6.567,0.92,30
grapes,6.6,0.764,35
graph,5.636,1.298,33
graphic,3.912,1.442,34
grasp,3.853,1.593,34
grass,6.563,0.788,32
grasshopper,6.4,1.074,35
grateful,2.939,0.983,33
gratitude,2.546,1.281,33
grave,5.563,1.54,32
grave (cemetary),6.457,0.769,35
grave (serious),2.886,1.489,35
gravel,6.345,1.026,29
gravity,4.03,2.276,33
grease,5.714,1.209,35
great,2.879,1.493,33
greed,3.206,1.623,34
greedy,3.531,1.274,32
green,4.733,1.825,30
green (colour),4.647,2.042,34
green (environmental),3.375,1.596,32
green (naive),2.833,1.772,30
greet,3.647,1.453,34
grenade,6.333,1.385,33
grey,5.059,1.893,34
griddle,5.926,1.489,27
grief,3.143,1.743,35
grieve,3.143,1.355,35
grim,3.143,1.606,35
grime,4.939,1.556,33
grin,5.514,1.538,35
grind,4.229,1.436,35
gripe,3.0,1.134,28
groom,5.647,1.512,34
groom (bride),6.273,1.081,33
groom (look after),3.667,1.363,33
gross,2.849,1.373,33
grotesque,3.697,1.883,33
ground,6.394,1.099,33
grow,3.581,1.314,31
growl,4.588,1.768,34
guard,5.29,1.485,31
guest,4.567,1.23,30
guide,4.588,1.437,34
guided,3.371,1.197,35
guilt,2.529,1.289,34
guilty,2.771,1.658,35
guitar,6.677,0.642,31
gullet,5.577,1.573,26
gullible,2.6,1.247,35
gun,6.441,1.09,34
gym,6.455,1.018,33
gymnast,6.161,0.766,31
gymnastics,4.97,1.623,33
habit,3.758,1.528,66
habit (nun),5.433,1.667,30
habit (smoking),4.097,2.1,31
habituate,2.067,0.854,30
hackney,4.724,1.595,29
hair,6.621,0.665,29
hairdryer,6.853,0.429,34
half,4.636,2.012,33
hall,5.968,1.15,31
hallucination,3.382,1.925,34
hallway,6.455,0.924,33
ham,6.647,0.8,34
hamlet,5.161,1.547,31
hammer,6.657,0.715,35
hammered,3.879,1.754,33
hammered (drunk),3.457,1.762,35
hammered (nail),5.265,1.54,34
hammock,6.258,0.841,31
hamster,6.794,0.472,34
hand,6.667,0.745,36
handbag,6.485,0.892,33
handful,4.273,1.543,33
handicapped,4.531,1.714,32
handkerchief,6.606,0.814,33
handle,5.697,1.314,33
handler,4.324,1.408,34
hands,6.433,0.955,30
handsome,3.412,1.768,34
handy,3.353,1.348,34
hang,3.97,1.66,33
hanged,5.2,1.508,35
hankering,2.424,1.181,33
hanky,5.781,1.363,32
haphazard,2.484,1.292,31
happily,2.412,1.478,34
happiness,2.971,1.823,34
happy,2.594,1.366,32
harbour,6.588,0.691,34
hard,4.387,2.027,31
hard (not easy),3.429,1.661,35
hard (not soft),5.156,1.734,32
hardship,2.441,1.418,34
harm,3.758,1.615,33
harmful,2.97,1.467,33
harmonica,6.765,0.546,34
harmony,2.9,1.399,30
harness,5.212,1.788,33
harp,6.387,1.169,62
harp (instrument),6.771,0.539,35
harp (pick on),4.636,2.115,33
harpsichord,6.546,0.94,22
harsh,3.514,1.592,35
harvest,5.0,1.459,31
hat,6.758,0.653,33
hatch,5.529,1.334,34
hate,3.143,1.823,35
hatred,3.548,1.915,31
have,3.5,1.786,34
haven,2.914,2.005,35
hawk,6.727,0.664,33
hawk (bird),6.706,0.516,34
hawk (sell),3.533,1.727,30
hay,6.094,1.208,32
hazard,4.324,1.693,34
haze,3.471,1.356,34
head,6.514,0.874,35
head (body),6.706,0.62,34
head (leader),4.686,1.833,35
head (semen),5.727,1.332,33
headache,4.727,1.895,33
headlights,6.121,1.552,33
headphones,6.882,0.403,34
headquarters,5.794,1.346,34
heal,3.677,1.658,34
health,3.968,1.513,31
healthy,3.714,1.446,35
hear,4.563,1.638,32
heard,3.706,1.741,34
hearing,4.091,1.602,33
hearing (court),4.714,1.782,35
hearing (ear),4.941,1.644,34
heart,6.033,1.494,30
hearth,5.185,1.925,27
heater,6.387,0.748,31
heaven,2.314,1.563,35
heavy,3.645,1.427,31
hedgehog,6.733,0.727,30
heel,6.371,0.929,35
heir,4.943,1.638,35
helicopter,6.727,0.565,33
hell,2.343,1.912,35
help,3.229,1.532,35
helpful,3.182,1.486,33
helpless,2.71,1.396,31
hen,6.794,0.404,34
hen (chicken),6.6,0.932,35
hen (woman),5.375,1.364,32
henchman,5.667,1.407,33
herb,6.029,1.082,35
herbal,4.879,1.788,33
herd,5.0,1.299,32
heredity,4.167,1.753,30
hernia,6.03,1.337,33
hero,3.576,1.759,33
heroin,5.794,1.53,34
heroine,5.029,1.689,34
heroism,2.714,1.485,35
herring,5.677,1.429,34
hesitant,2.788,1.297,33
hesitate,2.588,1.396,34
hesitation,3.177,1.465,34
hidden,3.265,1.686,34
hide,4.548,1.456,31
hideaway,4.686,1.489,35
hierarchy,3.188,1.96,32
high,3.667,1.804,33
highway,6.353,0.836,34
hilarious,3.353,1.764,34
hill,6.654,0.551,26
hinder,3.226,1.408,31
hint,3.0,1.015,33
hippie,4.375,1.746,32
hippo,6.743,0.769,35
hippopotamus,6.886,0.318,35
historical,3.912,1.721,34
history,3.758,1.776,33
hit,5.514,1.273,35
hit (beat on),5.0,1.498,33
hit (music),4.0,1.639,32
hobble,4.5,1.479,32
hockey,5.807,0.997,31
hog,6.2,1.214,35
hold,4.303,1.883,33
hold (grasp),4.735,1.54,34
hold (store),4.5,1.667,34
holiday,4.625,1.691,32
holidays,4.938,1.638,32
hollow,4.177,1.757,34
holy,2.849,1.94,33
home,4.571,1.972,28
homicide,4.771,1.838,35
honest,2.879,1.719,33
honesty,2.514,1.273,35
honey,5.8,1.508,35
honeycomb,6.206,1.079,34
honeymoon,4.469,1.768,32
honour,2.147,1.216,34
hood,6.188,1.261,32
hooded,4.97,1.547,33
hoof,6.094,1.284,32
hook,6.118,0.932,34
hooker,5.313,1.55,32
hooker (prostitute),6.091,1.111,33
hooker (rugby),5.733,1.209,30
hooves,6.294,1.201,34
hope,2.455,1.876,33
hopeful,2.618,1.553,34
horn,6.629,0.721,35
horrible,2.531,1.299,32
horrid,2.6,1.2,35
horror,3.065,1.625,31
horse,6.875,0.415,32
hospital,6.886,0.318,35
host,4.879,1.387,33
hostage,5.429,1.479,35
hostess,5.886,1.41,35
hostile,3.581,1.7,31
hotel,6.727,0.565,33
hound,6.029,1.382,34
hound (dog),6.576,0.78,33
hound (persist),2.97,1.403,33
hour,4.0,1.927,35
house,6.391,0.766,23
hover,4.061,1.906,33
hovercraft,6.0,1.35,34
hug,5.588,1.396,34
hull,5.548,1.562,31
human,5.567,1.726,30
humane,2.971,1.272,34
humanitarian,3.688,2.007,32
humanity,4.059,1.97,34
humble,2.412,1.263,34
humiliate,2.091,1.026,33
humiliated,2.4,1.497,35
humiliation,2.788,1.472,33
hummingbird,6.576,0.954,33
humorous,3.094,1.259,32
humour,2.647,1.432,34
hurdle,4.875,1.615,32
hurricane,6.03,1.193,33
hurry,3.382,1.394,34
hurt,3.441,1.63,34
husband,5.971,1.543,34
hush,3.412,1.417,34
hydrant,6.0,1.195,35
hymn,4.829,1.594,35
hypothesis,2.943,1.739,35
ice,6.375,1.023,32
iceberg,6.829,0.377,35
icing,6.063,0.864,32
idea,2.177,1.581,34
ideal,2.807,1.654,31
identity,2.219,1.556,32
idiot,4.143,1.823,35
idiotic,2.588,1.331,34
idle,2.818,1.192,33
idol,3.333,1.98,33
igloo,6.484,0.798,31
ignorant,2.727,1.399,33
ignore,3.059,1.731,34
ill,4.061,1.89,33
illness,4.387,1.659,31
illusion,2.941,1.644,34
illustration,5.088,1.616,34
image,3.455,1.578,33
imagination,2.543,1.932,35
imaginative,2.265,1.379,34
imagine,1.914,1.519,35
imam,4.895,1.447,19
immature,2.706,1.249,34
immense,2.625,1.763,32
immoral,1.647,1.135,34
immune,3.606,1.369,33
immunity,3.471,1.803,34
impact,3.871,1.845,31
impair,3.824,1.485,34
impaired,3.097,1.329,31
import,4.281,1.586,32
important,2.469,1.145,32
imported,3.909,1.602,33
impose,2.813,1.102,32
imposing,2.471,1.036,34
impossible,2.118,1.182,34
impotent,3.536,1.614,28
impress,3.485,1.708,33
impression,2.912,1.422,34
impressionism,2.25,1.601,32
impressive,3.114,1.368,35
impropriety,2.667,1.089,27
improve,3.0,1.531,35
improvement,2.943,1.548,35
impulse,3.033,1.581,30
impulsive,2.912,1.245,34
inane,2.346,1.207,26
incentive,2.75,1.458,32
incest,4.118,1.967,34
inch,5.206,1.451,34
incident,4.323,1.49,31
incompetent,2.882,1.586,34
incredible,2.546,1.479,33
indentify,2.594,1.389,32
independence,2.433,1.707,30
independent,3.0,1.606,31
index,4.455,1.742,33
indifferent,3.0,1.454,35
indoor,5.441,1.193,34
induce,3.143,1.57,35
industrial,4.6,1.607,35
industry,4.486,1.61,35
inebriated,2.933,1.526,30
inefficient,2.177,1.2,34
infant,6.0,1.283,34
infatuation,3.0,1.901,31
infect,4.438,1.638,32
infection,5.353,1.258,34
infectious,4.471,1.803,34
inferior,2.531,1.274,32
infinite,1.636,1.344,33
infinity,2.229,1.658,35
infirm,3.846,1.725,26
infirmary,5.849,1.048,33
inflame,4.265,1.633,34
infringe,2.857,1.268,35
ingratitude,2.258,0.802,31
inhabitant,4.971,1.424,35
injury,5.0,1.326,33
ink,6.333,0.789,30
inkling,2.333,1.295,33
inn,5.941,1.434,34
innate,3.323,1.532,31
innocent,2.588,1.574,34
input,3.452,1.562,31
insane,2.528,1.907,36
insanity,2.455,1.208,33
insect,6.667,0.804,33
insecticide,5.8,1.327,30
insecure,2.394,1.455,33
insecurity,2.686,1.6,35
insincere,2.281,0.976,32
insolent,2.897,1.062,29
inspect,3.314,1.652,35
inspection,3.471,1.334,34
inspector,5.857,1.073,35
inspiration,2.206,1.451,34
inspire,2.182,1.359,33
inspired,2.371,1.244,35
install,3.438,1.345,32
installed,4.177,1.543,34
instance,2.758,1.28,33
instant,3.273,1.656,33
instinct,2.457,1.556,35
institution,5.0,1.541,32
instructor,4.807,1.446,31
instrument,6.265,1.066,34
insufficient,3.0,1.199,32
insult,3.514,1.5,35
insulting,3.125,1.798,32
insurance,3.912,1.541,34
intellect,2.706,1.741,34
intellectual,2.829,1.612,35
intelligence,3.118,2.04,34
intelligent,3.485,1.987,33
intend,3.086,1.204,35
intense,2.486,1.204,35
intercontinental,3.688,1.878,32
intercourse,5.5,1.541,32
interest,2.743,1.421,35
interest (attention),2.618,1.261,34
interest (monetary),3.576,1.741,33
interesting,2.788,1.572,33
interim,3.269,1.558,26
interview,4.5,1.581,32
intimate,2.882,1.605,34
introduce,3.629,1.475,35
introduction,4.059,1.474,34
intruder,5.382,1.534,34
invader,4.971,1.339,34
inventor,5.063,1.273,32
invest,4.0,1.549,35
investigation,3.727,1.582,33
investment,3.657,1.62,35
invoice,4.686,1.45,35
iron,6.088,1.269,34
iron (metal),6.727,0.897,33
iron (press),5.743,1.696,35
ironing,5.849,1.234,33
irony,2.5,1.377,34
irresistible,2.968,1.555,31
irritate,3.343,1.068,35
irritating,2.774,1.313,31
irritation,3.065,1.243,31
island,6.313,1.236,32
islander,4.844,1.543,32
isle,5.667,1.363,33
issue,3.147,1.629,34
issue (distribute),3.206,1.605,34
issue (topic),3.364,1.648,33
itchy,3.606,1.179,33
item,5.594,1.538,32
ivory,5.679,1.338,28
jackal,5.879,1.409,33
jacket,6.743,0.498,35
jacuzzi,6.588,0.809,34
jaguar,6.546,1.104,33
jail,6.457,0.905,35
jailer,5.515,1.131,33
jam,6.1,1.35,30
jam (preserve),6.471,0.848,34
jam (traffic),6.0,1.219,35
jargon,3.313,1.509,32
jazz,4.667,1.428,33
jealous,2.471,1.719,34
jealousy,2.677,1.429,34
jeans,6.871,0.335,31
jeep,6.569,0.803,65
jelly,5.912,1.314,34
jellyfish,6.677,0.716,34
jeopardy,3.394,1.65,33
jet,6.294,1.201,34
jewel,6.286,0.881,35
jewellery,6.429,0.904,35
jewels,6.088,1.011,34
jigsaw,6.219,1.111,32
job,4.735,1.804,34
jockey,5.879,1.249,33
jog,5.471,1.289,34
jogging,5.594,1.221,32
joiner,6.03,1.0,33
joint,5.469,1.414,32
joint (elbow),6.5,0.901,32
joint (meat),5.875,1.672,32
joke,3.5,1.48,34
jolly,3.371,1.495,35
journal,6.147,1.033,34
joy,3.235,1.956,34
joyful,2.886,1.368,35
jubilant,2.467,1.147,30
judge,5.086,1.826,35
judge (courtroom),5.879,1.343,33
judge (evaluate),2.971,1.715,35
jug,6.441,0.976,34
juggle,4.936,1.605,31
juggler,6.265,0.917,34
jumble,3.824,1.424,34
jumper,6.25,1.118,32
jumper (athlete),6.152,1.019,33
jumper (sweater),6.677,0.629,34
jungle,6.485,0.957,33
junk,5.088,1.597,34
jury,5.588,1.004,34
justice,2.971,1.558,35
justify,2.588,1.141,34
kangaroo,6.833,0.453,30
keen,2.667,1.092,33
keg,5.771,1.514,35
ketchup,6.429,1.05,35
key,6.382,0.841,34
key (crucial),3.182,1.8,33
key (keyboard),6.588,0.732,34
key (lock),6.531,0.901,32
key (musical),4.853,1.717,34
keyboard,6.75,0.5,32
keys,6.6,0.725,35
kick,5.581,1.363,31
kidnap,4.697,1.566,33
kidnapped,4.324,1.64,34
kidney,6.371,0.959,35
kids,6.412,0.844,34
kids (children),6.206,1.367,34
kids (goats),6.4,0.869,35
kill,4.229,1.806,35
killed,5.0,1.789,35
killer,5.394,1.254,33
kilt,6.743,0.731,35
kin,4.706,1.69,34
kind,2.879,1.493,33
kind (nice),3.226,1.56,31
kind (type),3.03,1.527,33
king,6.235,1.214,34
kingdom,4.219,1.536,32
kinky,3.303,1.696,33
kipper,6.0,1.549,30
kiss,5.686,1.686,35
kissing,5.576,1.436,33
kite,6.382,1.085,34
kite (bird),6.471,0.915,34
kite (toy),6.429,0.935,35
kitten,6.765,0.597,34
kiwi,6.529,0.882,34
kiwi (bird),6.429,0.904,35
kiwi (fruit),6.424,0.854,33
kiwi (New Zealander),5.161,1.798,31
kneel,5.657,1.511,35
knife,6.586,1.001,29
knifed,5.515,1.417,33
knight,5.241,1.454,29
knit,5.353,1.37,34
knock,5.807,1.229,31
knot,6.235,0.909,34
knots,6.152,1.019,33
knots (rope),6.061,1.496,33
knots (speed),3.788,1.719,33
know,2.161,1.167,31
knowledge,2.387,1.517,31
knuckle,6.438,0.899,32
knuckles,6.5,0.947,34
koala,6.8,0.476,30
label,5.314,1.635,35
lace,6.353,0.836,34
laced,4.235,1.592,34
laces,6.429,0.965,35
lacking,2.606,1.043,33
lad,5.057,1.672,35
ladder,6.588,0.691,34
ladies,6.323,0.996,31
lady,6.353,0.936,34
ladybird,6.667,0.817,36
lager,5.844,1.563,32
lagoon,6.147,1.088,34
lake,6.548,0.664,31
lamb,6.531,0.706,32
lamp,6.531,1.0,32
lance,4.8,1.815,30
land,6.175,1.047,63
landing,4.8,1.653,35
landing (plane),5.471,1.334,34
landing (stairs),6.343,0.826,35
landscape,5.714,1.364,35
lane,5.647,1.588,34
language,3.394,1.874,33
lantern,6.546,0.656,33
lapel,5.414,1.543,29
large,2.969,1.551,32
lark,5.448,1.773,29
lark (bird),6.548,0.874,31
lark (fun),3.469,1.224,32
last,3.727,2.049,33
latent,3.097,1.329,31
laugh,4.206,1.586,34
laughter,4.364,1.666,33
launch,3.313,1.379,32
lavish,3.063,1.298,32
law,3.613,1.772,31
lawn,6.3,0.737,30
lawsuit,5.114,1.43,35
lawyer,6.382,0.687,34
lazy,3.735,1.686,34
lead,4.294,1.525,34
lead (direct),3.6,1.377,35
lead (heavy metal),6.543,0.769,35
lead (leash),6.061,1.347,33
leader,4.706,1.582,34
leaf,6.324,1.156,34
leaflet,6.031,1.287,32
league,4.0,1.5,32
lean,4.091,1.485,33
lean (skinny),4.455,1.519,33
lean (tilt),4.455,1.539,33
learn,3.314,1.703,35
learning,3.531,1.639,32
least,3.294,1.618,34
leather,6.412,0.772,34
leaves,6.429,0.803,35
lecture,5.206,1.51,34
lecturer,6.314,0.82,35
ledge,5.2,1.618,35
leg,6.543,0.769,35
leg (component),6.0,1.348,33
leg (limb),6.882,0.529,34
legal,4.242,1.634,33
legend,3.546,1.955,33
legend (key),4.926,1.412,27
legend (tale),3.382,1.831,34
leggings,6.212,1.122,33
legion,4.0,1.566,31
legislation,4.156,1.787,32
legislator,5.094,1.355,32
legs,6.867,0.34,30
leisure,3.457,1.81,35
lemon,6.742,0.671,31
lemonade,6.29,0.85,31
lend,2.788,1.174,33
length,3.0,1.693,30
leopard,6.727,0.75,33
leprosy,6.032,1.062,31
lesbian,5.177,1.653,34
lesson,4.829,1.558,35
letter,6.286,1.03,35
letter (alphabet),5.212,1.771,33
letter (correspondence),6.057,1.194,35
letters,5.429,1.729,35
letters (alphabet),5.688,1.285,32
letters (correspondence),5.515,1.438,33
lettuce,6.743,0.553,35
liar,3.333,1.735,33
liberty,2.647,1.493,34
librarian,6.182,0.869,33
library,6.656,0.69,32
lice,6.4,0.757,30
lid,6.455,0.82,33
lie,2.941,1.626,34
lie (position),4.914,1.61,35
lie (untruth),3.382,1.941,34
lies,2.516,1.132,31
lies (position),4.629,1.514,35
lies (untruths),3.029,1.715,35
life,2.719,1.841,32
lift,5.059,1.714,34
lift (elevator),6.688,0.634,32
lift (raise),4.829,1.905,35
light,4.968,1.47,31
light (brightness),5.303,1.696,33
light (weight),4.086,1.763,35
lightbulb,6.781,0.599,32
lighthouse,6.486,0.874,35
lighting,5.516,1.663,31
lightning,6.03,1.029,33
lights,5.941,1.187,34
like,3.059,1.731,34
like (love),2.941,1.83,34
like (similar to),2.727,1.441,33
lilac,5.133,1.5,30
limb,6.371,1.149,35
limb (body),6.714,0.74,35
limb (tree),6.265,1.22,34
limber,4.133,1.5,30
lime,6.452,1.16,31
limit,2.824,1.599,34
limited,2.455,1.157,33
limousine,6.543,0.84,35
limp,4.719,1.352,32
line,5.529,1.48,34
linear,3.857,1.854,35
link,3.485,1.52,33
lion,6.8,0.702,60
lioness,6.559,0.65,34
lip,6.375,0.893,32
lips,6.786,0.49,28
lipstick,6.517,0.725,29
liquid,6.118,1.132,34
liquor,6.324,1.049,34
list,5.343,1.264,35
listless,2.807,1.148,31
literature,5.382,1.534,34
litre,5.618,1.515,34
litter,5.824,1.097,34
litter (animal babies),6.5,1.09,32
litter (trash),6.576,0.74,33
little,3.97,1.487,33
live,4.4,2.003,35
live (not recorded),4.531,1.601,32
live (to exist),4.091,2.353,33
lively,3.546,1.578,33
lizard,6.606,0.814,33
llama,6.647,0.936,34
load,4.235,1.395,34
loaf,6.29,0.77,31
loaf (be lazy),3.333,1.682,33
loaf (bread),6.844,0.441,32
loan,4.4,1.516,35
lobster,6.771,0.539,35
locate,3.886,1.45,35
location,4.636,1.573,33
lock,6.143,0.899,35
lock (door),6.206,1.231,34
lock (hair),5.742,1.244,31
locker,6.371,0.865,35
locket,6.353,0.762,34
log,6.25,1.09,32
log (record),4.971,1.465,34
log (wood),6.382,1.0,34
logs,6.563,0.704,32
logs (records),5.471,1.334,34
logs (wood),6.75,0.5,32
loins,5.313,1.261,32
lonely,2.727,1.462,33
long,3.657,2.069,35
long (not short),4.235,1.573,34
long (yearn),2.429,1.44,35
longing,2.429,1.337,35
loop,4.576,1.843,33
loophole,2.563,1.368,32
loose,3.313,1.184,32
lord,4.485,1.635,33
lorry,6.813,0.464,32
lose,3.818,1.486,33
loser,3.029,1.543,34
lost,3.5,1.09,32
lottery,5.086,1.628,35
loud,4.324,1.89,34
louse,5.387,1.698,31
lousy,2.471,0.977,34
lovable,3.229,1.79,35
love,2.849,1.893,33
lovely,3.265,1.29,34
lover,4.471,1.77,34
loving,2.571,1.154,35
low,3.886,1.489,35
loyal,3.091,1.443,33
loyalty,2.314,1.469,35
lubricant,5.6,1.314,35
lubricate,4.813,1.446,32
luck,2.206,1.53,34
lucky,2.258,0.983,31
luggage,6.588,0.691,34
lumber,5.065,1.9,31
lumber (move slowly),4.091,1.747,33
lumber (wood),6.314,0.82,35
lump,5.697,1.291,33
lunch,5.606,1.278,33
lunching,4.438,1.784,32
lungs,6.559,1.034,34
lure,2.941,1.349,34
luscious,2.912,1.579,34
lush,2.8,1.489,35
lust,2.794,1.677,34
luxury,3.355,1.824,31
lynx,6.0,1.414,32
lyrics,4.438,1.676,32
macabre,3.478,1.41,23
macaroni,6.633,0.657,30
machine,6.441,0.945,34
mad,3.031,1.334,32
mad (angry),3.647,1.532,34
mad (crazy),2.906,1.958,32
madman,4.563,2.164,32
madness,1.97,1.114,33
magazine,6.742,0.566,31
magazine (ammunition),6.057,1.433,35
magazine (publication),6.441,0.735,34
maggot,6.794,0.53,34
magic,2.171,1.63,35
magical,1.886,1.582,35
magnificent,2.514,1.251,35
magnitude,3.182,1.546,33
maid,6.171,1.444,35
maiden,5.314,1.753,35
maids,5.936,1.105,31
mail,5.818,1.29,33
main,3.343,1.548,35
maize,5.774,1.621,31
major,3.273,1.562,33
majority,3.692,1.597,65
make,3.677,1.604,34
malady,3.65,1.59,20
malaria,5.576,1.577,33
malice,2.788,1.493,33
malicious,3.057,1.433,35
mall,6.0,0.984,31
mallet,6.5,0.697,34
mammal,6.294,0.986,34
mammoth,6.412,0.974,34
man,6.088,1.245,34
management,3.818,1.749,33
manager,5.618,1.306,34
mangle,4.4,1.562,30
maniac,3.909,1.602,33
manic,2.938,1.58,32
mankind,3.394,2.044,33
manner,3.314,1.141,35
mansion,6.621,0.552,29
manure,6.194,1.176,31
many,4.129,1.718,31
marital,3.156,1.563,32
mark,4.971,1.424,34
mark (grade),5.029,1.562,34
mark (smudge),5.882,1.207,34
market,5.75,1.436,32
marquee,6.206,1.301,34
marriage,4.857,1.869,35
married,4.971,1.699,35
marry,4.636,1.648,33
marsh,5.6,1.516,35
marshal,5.273,1.656,33
martial,3.786,1.612,28
marvel,2.849,1.54,33
mask,6.029,1.445,34
mask (cover),5.032,1.769,31
mask (face),5.941,1.371,34
mass,4.486,1.795,35
mass (large number),4.182,1.817,33
mass (religious),4.0,1.94,34
mass (weight),4.636,1.806,33
massacre,4.943,1.433,35
massive,3.529,1.576,34
mast,6.094,1.331,32
master,4.0,1.566,31
masturbate,5.412,1.536,34
masturbation,4.559,1.85,34
match,4.719,1.663,32
match (fire),6.514,0.603,35
match (game),5.471,1.242,34
match (pairing),4.091,1.401,33
matches,6.156,1.149,32
mate,4.543,1.574,35
mate (copulate),5.364,1.648,33
mate (friend),5.727,1.332,33
material,5.606,1.229,33
mates,5.546,1.597,33
mathematics,4.727,1.974,33
matrix,2.849,1.811,33
matron,5.765,1.139,34
mattress,6.8,0.4,35
mauve,4.094,1.684,32
maximum,3.424,1.67,33
maze,5.594,1.086,32
meadow,6.057,1.433,35
meagre,2.714,1.359,28
mean,2.906,1.508,32
mean (average),4.294,1.807,34
mean (intend),2.806,1.68,36
mean (nasty),2.909,1.19,33
mean (stingy),2.97,1.586,33
measles,5.382,1.495,34
measure,3.807,1.635,31
meat,6.343,1.013,35
mechanic,6.177,0.89,34
mechanism,4.971,1.682,35
medal,6.471,0.776,34
medallion,6.114,1.19,35
meddle,2.912,1.222,34
medicine,5.364,1.322,33
medieval,4.273,1.728,33
medium,3.242,1.457,33
medium (intermediate),3.219,1.243,32
medium (spiritualist),3.818,2.096,33
meek,3.333,1.491,30
meet,4.314,1.26,35
meeting,4.688,1.446,32
melody,3.242,1.67,33
melon,6.71,0.632,31
melt,4.412,1.574,34
melted,4.543,1.713,35
memoirs,4.515,1.909,33
memory,2.853,1.972,34
menace,3.343,1.264,35
merchant,5.161,1.221,31
merciful,2.543,0.996,35
mercy,2.714,1.232,35
mermaid,4.069,1.946,29
merry,2.758,1.181,33
mess,4.333,1.589,33
message,5.171,1.54,35
messenger,5.143,1.397,35
messy,4.448,1.544,29
metal,6.214,0.901,28
methane,5.429,1.591,35
method,3.0,1.231,33
metre,5.219,1.596,32
metric,4.441,1.63,34
metropolis,4.727,1.675,33
mice,6.719,0.976,32
microphone,6.529,0.848,34
microscope,6.559,0.847,34
microwave,6.714,0.564,35
middle,4.0,1.188,34
midget,5.857,1.334,35
midst,2.912,1.314,34
midwife,6.294,0.859,34
might,2.281,1.007,32
might (possibly),2.118,0.993,34
might (strength),4.0,1.518,33
mighty,2.971,1.524,34
mild,3.531,1.392,32
mildew,5.233,1.476,30
mile,5.235,1.681,34
mileage,4.419,1.454,31
military,5.618,1.372,34
milk,6.794,0.472,34
mill,6.1,1.221,30
million,4.941,2.071,34
millionaire,5.667,1.45,33
mimic,3.686,1.304,35
mind,2.469,1.561,32
miner,6.029,1.082,35
mingle,3.829,1.363,35
minimum,3.156,1.622,32
minister,5.543,1.461,35
mink,5.364,1.648,33
minor,3.554,1.468,65
minority,3.03,1.642,33
mint,6.3,0.862,30
mint (food),6.486,0.906,35
mint (money),4.879,1.552,33
minute,4.182,2.022,33
minute (small),4.086,1.73,35
minute (time),4.152,2.032,33
miracle,2.324,1.658,34
miraculous,2.265,1.596,34
mirage,2.788,1.513,33
mirror,6.588,0.647,34
mischief,2.729,1.182,70
mischievous,2.912,1.245,34
misconception,2.156,1.202,32
miser,3.917,1.681,24
miserable,2.563,1.499,32
misery,2.735,1.335,34
missile,6.156,1.149,32
mission,3.971,1.654,34
mistake,3.394,1.808,33
mistress,5.242,1.326,33
mob,5.177,1.485,34
mobility,3.529,1.398,34
mock,3.088,1.337,34
mode,3.061,1.391,33
model,5.324,1.64,34
modest,2.571,1.05,35
moist,4.971,1.363,35
moisture,5.031,1.51,32
mole,6.303,1.058,33
mole (animal),6.677,0.674,34
mole (skin),6.171,1.159,35
mole (spy),4.484,1.584,31
molecule,5.412,1.62,68
Mom,6.424,1.016,33
moment,2.3,1.069,30
momentum,3.412,1.717,34
monarch,5.286,1.56,35
monarchy,5.394,1.687,33
money,5.032,1.926,31
monk,6.133,1.056,30
monkey,6.559,0.881,34
monster,3.882,2.097,34
month,4.057,1.756,35
monument,6.348,0.914,69
mood,2.6,1.335,35
moody,3.029,1.671,34
moon,6.656,0.852,32
mooring,4.655,1.917,29
moose,6.594,0.931,32
moral,2.294,1.249,34
morality,1.767,1.055,30
morbid,2.6,1.126,35
morgue,6.182,1.527,33
morsel,4.172,1.599,29
mosque,6.375,0.781,32
mosquito,6.594,0.805,64
moss,6.118,1.278,34
most,3.324,1.827,34
moth,6.625,0.696,32
mother,6.0,1.414,35
motherfucker,2.765,1.535,34
motion,3.857,1.624,35
motor,6.086,1.204,35
motorbike,6.758,0.653,33
motorway,6.621,0.715,29
mould,5.517,1.276,29
mound,5.438,1.345,32
mount,4.338,1.471,68
mountain,6.862,0.345,29
mountains,6.853,0.493,34
mounted,4.355,1.449,31
mouse,6.788,0.409,33
mouth,6.714,0.589,28
move,4.441,1.684,34
movie,5.643,1.043,28
muck,5.0,1.518,33
mucous,5.75,1.346,32
muddy,5.303,1.477,66
muffin,6.75,0.612,32
mug,6.424,1.016,33
mug (cup),6.794,0.472,34
mug (face),5.771,1.436,35
mugged,4.091,1.658,33
mule,6.5,0.81,64
multiplication,4.2,1.864,35
multiply,3.824,1.74,34
Mum,6.091,1.676,33
mumble,3.697,1.507,33
Mummy,5.794,1.43,34
mural,5.645,1.617,31
murder,5.469,1.5,32
murderer,5.971,1.363,35
murmur,4.0,1.651,33
muscle,6.5,0.829,32
muscular,5.313,1.014,32
museum,6.537,0.798,67
mushroom,6.647,0.762,34
mushroom (expand),4.167,2.146,30
mushroom (food),6.6,0.8,35
music,5.286,1.7,35
musical,4.138,1.87,29
musician,5.367,1.169,30
musket,6.31,0.951,29
musketeers,5.219,1.515,32
mussel,6.324,1.049,34
mustang,6.029,1.272,34
mustard,6.094,1.1,32
mutation,4.091,1.881,33
mutilate,4.486,1.903,35
mystery,2.727,1.441,33
mystic,2.324,1.277,34
myth,1.879,1.037,33
mythology,2.515,1.725,33
nail,6.429,0.821,28
nail (finger),6.618,0.595,34
nail (hammer),6.559,0.881,34
naive,2.406,0.861,32
naked,5.063,1.58,32
name,4.6,1.607,35
named,3.353,1.908,34
namesake,2.714,1.504,35
nanny,5.807,0.965,31
narcotic,3.829,1.748,35
narrow,4.2,1.564,35
nasty,2.546,1.076,33
nation,4.2,1.879,35
national,3.563,1.519,32
natural,3.629,1.899,35
nature,4.531,1.968,32
naughty,3.314,1.526,35
nausea,4.438,1.919,32
naval,5.188,1.356,32
navel,6.059,1.136,34
navy,5.629,1.456,35
near,3.735,1.668,34
neat,4.147,1.498,34
necessary,2.686,1.19,35
necessity,2.273,0.962,33
neck,6.63,0.728,27
necklace,6.714,0.613,35
nectar,5.971,1.0,35
need,3.091,1.215,33
needle,6.714,0.658,35
needy,2.714,1.136,35
negative,3.581,1.828,31
neglect,2.794,1.623,34
neglected,2.972,1.818,36
negotiate,3.303,1.487,33
negotiation,3.618,1.783,34
negotiator,3.971,1.576,35
neighbour,5.807,1.148,31
neon,4.706,1.903,34
nephew,5.941,1.305,34
nervous,3.486,1.556,35
nest,6.382,0.924,68
net,5.636,1.611,33
nettle,6.273,0.93,33
network,3.781,1.386,32
neural,4.138,1.776,29
neurotic,2.625,1.317,32
neutral,3.394,1.205,33
neutron,4.688,2.186,32
new,4.219,1.672,32
news,3.719,1.484,32
nice,2.941,1.349,34
niece,5.667,1.45,33
night,4.969,1.591,32
nightfall,4.969,1.104,32
nightmare,3.147,1.972,34
nimble,3.152,1.417,33
nipple,6.559,0.774,34
noise,4.697,1.66,33
noisy,3.941,1.644,34
nonchalant,2.0,0.91,29
none,3.457,1.976,35
nonsense,2.546,1.157,33
noon,4.314,1.939,35
noose,5.943,1.218,35
norm,3.0,1.414,31
nose,6.8,0.476,30
note,5.355,1.309,31
notebook,6.647,0.636,34
notepad,6.794,0.53,34
notice,3.781,1.691,32
notion,2.121,1.037,33
noun,3.909,1.73,33
nourish,3.364,1.648,33
nourishment,4.206,1.762,34
novel,5.606,1.556,33
novel (book),6.182,1.381,33
novel (new),3.265,1.72,34
novice,4.057,1.492,35
nucleus,5.706,1.383,34
nude,5.143,1.476,35
nugget,5.057,1.393,35
nuisance,2.943,1.433,35
nun,6.242,1.303,33
nuptials,4.185,1.982,27
nurse,6.031,0.952,32
nursery,5.875,1.409,32
nurture,3.257,1.842,35
nut,6.333,1.119,33
nut (bolt),6.353,0.936,34
nut (crazy person),2.697,1.784,33
nut (food),6.406,1.343,32
nutmeg,6.294,1.016,34
nutrient,5.171,1.207,35
nutrition,4.5,1.558,34
nutritious,4.294,1.69,34
nuts,6.514,0.806,35
nuts (bolts),6.429,0.935,35
nuts (crazy),2.543,1.421,35
nuts (food),6.667,0.636,33
nuts (testicles),6.486,0.906,35
nylon,5.429,1.626,35
nymph,3.76,1.704,25
oak,6.559,0.65,34
oath,3.686,1.769,35
oats,6.438,0.899,32
obedience,3.265,1.852,34
obedient,3.118,1.529,34
obese,5.353,1.37,34
obesity,5.677,1.277,34
obey,3.118,1.529,34
object,5.171,1.844,35
object (disagree),2.677,0.865,34
object (thing),6.177,1.07,34
objective,2.794,1.568,34
oblige,2.765,1.456,34
obliging,2.406,1.221,32
oblivion,2.758,1.923,33
oblivious,2.9,1.274,30
obnoxious,2.765,1.496,34
oboe,6.452,1.266,31
obscene,3.057,1.548,35
obscenity,2.867,1.688,30
obscure,2.281,1.125,32
observation,3.485,1.777,33
observe,3.353,1.303,34
obsess,2.714,1.3,35
obsession,3.088,1.837,34
obsessive,2.941,1.589,34
obstacle,4.943,1.548,35
obvious,2.714,1.278,35
occasion,3.714,1.446,35
occasionally,2.242,1.393,33
occupation,3.943,1.97,35
occupy,3.441,1.397,34
occur,3.065,1.343,31
occurrence,2.971,1.15,34
ocean,6.571,0.623,28
octopus,6.793,0.483,29
odd,2.471,1.538,34
odour,4.121,1.647,33
offence,3.029,1.654,34
offend,3.152,1.69,33
offensive,2.333,1.325,30
office,6.25,0.935,32
officer,5.971,1.15,34
offshoot,3.5,1.528,24
oil,6.265,1.267,34
older,3.323,1.28,31
olive,6.677,0.716,34
omission,2.879,1.225,33
omit,2.594,0.931,32
onion,6.786,0.674,28
only,2.829,1.682,35
onslaught,3.152,1.306,33
open,3.6,1.839,35
opening,3.697,1.623,33
opinion,2.588,1.784,34
opium,5.387,1.58,31
opportunist,3.5,1.819,34
opportunity,2.906,1.487,32
oppose,3.656,2.025,32
opposition,3.853,1.537,34
oppress,2.844,1.805,32
optimal,3.182,1.678,33
optimism,2.059,1.056,34
optimist,2.914,1.574,35
optimistic,2.882,1.891,34
option,3.152,1.329,33
oral,4.114,1.582,35
orange,6.182,1.29,33
orange (colour),5.714,1.541,35
orange (fruit),6.657,0.924,35
orangutan,6.727,0.664,33
orbit,4.267,1.365,30
orchard,6.4,1.047,35
orchestra,6.075,1.331,67
ordain,3.0,1.486,29
ordeal,3.314,1.43,35
ordinary,3.531,1.75,32
organ,6.167,1.067,30
organ (liver),6.647,0.636,34
organ (piano),6.314,0.887,35
organise,3.161,1.346,31
organised,3.412,1.458,34
organism,5.618,1.372,34
orgasm,5.029,1.874,35
origin,3.206,1.231,34
ornament,6.371,0.897,35
ostrich,6.493,0.81,69
other,2.844,1.502,32
otter,6.794,0.472,34
ounce,5.029,1.445,34
outbreak,3.813,1.488,32
outcast,3.531,1.414,32
outcome,3.714,1.278,35
outdoors,5.485,1.708,33
outlook,2.594,1.271,32
output,3.677,1.49,34
outrage,3.2,1.77,35
outside,5.382,1.572,34
outsider,4.25,1.62,32
outstanding,2.313,0.882,32
oval,5.343,1.453,35
oven,6.743,0.437,35
over,3.514,1.442,35
over (above),3.939,1.705,33
over (cricket),3.821,1.983,28
over (finished),3.794,1.811,34
overcast,4.893,1.263,28
overdose,4.618,1.681,34
overt,2.633,1.449,30
owl,6.697,0.674,33
own,3.529,1.944,34
owner,4.486,1.746,35
ownership,3.333,1.664,33
oxygen,5.382,1.715,34
oyster,6.471,1.036,34
pacifism,2.636,1.473,33
pacifist,3.438,1.802,32
pack,5.086,1.339,35
pack (fill),4.824,1.361,34
pack (group),5.0,1.549,35
package,6.063,1.088,32
packet,5.97,1.267,33
pact,3.576,1.498,33
padlock,6.75,0.559,32
page,6.357,0.766,28
page (call),4.206,1.952,34
page (paper),6.5,0.866,32
page (ward),4.917,1.256,24
pail,6.0,1.186,27
pain,3.719,2.154,32
painful,2.706,1.563,34
paint,6.394,0.694,33
paintbrush,6.5,1.007,34
painter,6.5,0.653,34
pair,4.367,1.378,30
palace,6.29,1.053,31
pale,3.581,1.454,31
pamphlet,6.546,0.956,33
pan,6.543,0.966,35
pan (camera),4.871,1.773,31
pan (criticise),2.655,1.026,29
pan (pot),6.576,0.78,33
pancake,6.706,0.57,34
panda,6.441,1.006,34
panic,3.871,1.661,31
panorama,4.091,1.929,33
panther,6.765,0.489,34
paper,6.652,0.698,23
paperclip,6.697,0.717,33
parachute,6.441,0.847,34
parade,5.8,1.166,35
paradise,3.094,1.91,32
paradox,2.862,1.548,29
paragraph,4.912,1.292,34
paralyse,4.943,1.286,35
paralysis,5.235,1.352,34
paranoid,2.6,1.398,35
parasite,5.6,1.377,35
parcel,5.788,1.32,33
parish,4.75,1.479,32
park,6.0,0.981,27
park (car),5.406,1.389,32
park (public land),6.5,0.606,34
parlour,5.625,1.293,32
parochial,2.6,1.254,15
parole,3.727,1.601,33
parrot,6.647,0.536,34
parsley,6.594,0.824,32
part,4.294,1.099,34
part (divide),3.567,1.585,30
part (portion),4.5,1.581,32
partial,2.529,1.194,34
particular,3.088,1.837,34
parts,4.452,1.663,31
party,5.324,1.622,34
party (celebration),5.606,1.536,33
party (group),5.514,1.204,35
pass,3.771,1.289,35
pass (move past),4.086,1.645,35
pass (permission),3.97,1.446,33
pass (route),4.914,1.556,35
passage,4.871,1.581,31
passageway,5.588,1.593,34
passion,3.194,1.839,31
passionate,2.515,1.52,33
passive,2.4,1.126,35
pasta,6.75,0.612,32
paste,5.333,1.198,33
pastry,6.114,1.237,35
patch,5.121,1.225,33
patch (area),5.147,1.611,34
patch (repair),5.059,1.282,34
patent,4.147,1.556,34
path,5.909,1.026,33
patient,4.086,1.948,35
patient (medical),5.886,1.282,35
patient (tolerant),2.743,1.338,35
patriot,3.818,1.817,33
patrol,4.758,1.478,33
patron,4.625,1.364,32
pause,4.059,1.494,34
payment,5.125,1.431,32
payroll,5.647,1.348,34
pea,6.645,0.935,31
peace,2.563,1.819,32
peaceful,2.875,1.746,32
peach,6.735,0.559,34
peacock,6.677,0.468,34
peal,4.677,1.511,31
peanut,6.882,0.322,34
pear,6.686,0.666,35
pearl,6.631,0.597,65
peas,6.625,0.857,64
pebble,6.606,0.814,33
pecan,6.086,1.402,35
peck,4.5,1.5,34
peculiar,2.594,1.142,32
peddle,5.088,1.522,34
peek,3.829,1.612,35
peel,5.061,1.324,33
peep,3.588,1.536,34
peer,4.441,1.479,34
peer (colleague),5.636,1.534,33
peer (look),3.882,1.694,34
peers,4.419,0.943,31
peg,6.265,0.851,34
pelt,5.406,1.343,32
pelvis,6.5,0.849,34
pen,6.714,0.613,35
pen (cage),5.914,1.519,35
pen (ink),6.324,1.021,34
penalty,4.125,1.763,32
pence,6.143,1.073,35
pencil,6.556,0.956,27
penguin,6.469,1.25,32
penicillin,6.419,0.708,31
penis,6.647,0.967,34
penny,6.633,0.795,30
pension,4.515,1.5,33
pensive,3.0,1.414,31
penthouse,5.967,1.402,30
people,6.226,1.237,31
pepper,6.588,0.6,34
pepper (black),6.5,1.091,34
pepper (lightly cover),4.469,1.62,32
pepper (vegetable),6.588,0.772,34
perceive,2.714,1.255,35
percent,4.086,1.857,35
perception,2.229,1.311,35
perform,3.938,1.435,32
performance,3.229,1.742,35
performer,5.677,1.254,34
perfume,5.839,1.019,31
period,4.455,1.578,33
periodical,3.941,1.644,34
periodical (intermittent),2.931,1.388,29
periodical (newspaper),5.793,1.448,29
perjury,3.3,1.676,30
perky,3.529,1.595,34
permanent,3.719,1.972,32
permission,3.177,1.886,34
perpetrator,3.807,1.674,31
persecute,3.97,1.834,33
persecution,3.314,1.652,35
persist,2.647,1.026,34
persistent,2.8,1.43,35
person,6.371,1.149,35
personal,2.818,1.678,33
personality,2.303,1.467,33
perspiration,5.485,1.438,33
pervert,4.212,1.533,33
pessimist,2.971,1.594,35
pest,4.625,1.516,32
pester,2.71,1.113,31
pet,5.552,1.132,29
petal,6.206,1.158,34
petrol,6.088,1.314,34
petty,2.645,1.333,31
phantom,2.636,1.573,33
pharmacist,6.412,0.647,34
pharmacy,6.412,0.732,34
phase,3.091,1.602,33
pheasant,6.618,0.875,34
phenomenal,2.057,1.33,35
phenomenon,2.171,1.276,35
philosophy,1.758,1.156,33
phone,6.704,0.532,27
photo,5.936,0.982,31
photographer,5.903,1.201,31
phrase,3.441,1.913,34
physical,4.618,1.572,34
physician,5.546,1.559,33
physics,4.735,1.975,34
pianist,6.229,0.959,35
piano,6.593,0.828,27
pick,3.688,1.402,32
picket,5.3,1.215,30
pickle,6.182,1.029,33
pickle (difficulty),2.97,1.487,33
pickle (preserve),5.576,1.415,33
picture,5.912,1.422,34
pie,6.5,0.947,34
piece,4.941,1.514,34
pier,6.355,0.65,31
pig,6.846,0.455,26
pigeon,6.571,0.803,35
pile,4.647,1.512,34
pill,6.613,0.704,31
pillow,6.441,0.811,34
pilot,6.546,0.891,33
pimp,5.559,1.217,34
pimple,6.273,0.962,33
pin,6.324,0.962,34
pinch,4.906,1.234,32
pine,5.706,1.466,34
pine (long for),2.303,1.642,33
pine (tree/wood),6.516,0.875,31
pineapple,6.818,0.458,33
pink,5.344,2.056,32
pint,6.303,0.904,33
pint (beer),6.794,0.53,34
pint (volume),5.943,1.264,35
pioneer,4.412,1.801,34
pipe,6.429,0.965,35
pipe (tobacco),6.576,0.78,33
pipe (water),6.529,0.776,34
pistol,6.343,1.194,35
piston,5.769,1.449,26
pitch,4.938,1.519,32
pitch (field of play),6.063,0.998,32
pitch (musical),3.829,1.682,35
pitch (tar),5.3,1.636,30
pitch (throw),4.882,1.676,34
pitiful,2.735,1.244,34
pity,2.323,1.305,31
pizza,6.72,0.601,25
plain,4.088,1.463,34
plan,3.853,1.647,34
plane,6.543,0.769,35
plane (aircraft),6.647,0.836,34
plane (surface),5.486,1.628,35
plane (wood),6.086,1.105,35
planet,5.941,1.235,34
plank,5.97,1.141,33
plant,6.655,0.603,29
plant (factory),6.281,1.007,32
plant (flower),6.242,1.457,33
plant (position),4.441,1.785,34
plantation,6.032,1.092,31
plasma,5.171,1.404,35
plaster,6.452,0.836,31
plaster (bandage),6.364,1.096,33
plaster (wall),5.941,1.413,34
plate,6.484,0.798,31
platter,5.971,0.954,34
play,4.171,1.699,35
play (game),4.441,1.557,34
play (stage performance),5.471,1.46,34
player,4.441,1.538,34
playful,2.743,1.227,35
plea,3.8,1.527,35
plead,3.212,1.225,33
please,2.943,1.82,35
pleasure,2.206,1.079,34
pledge,3.688,1.467,32
pliers,6.177,1.424,34
plight,2.7,1.215,30
plot,3.576,1.538,33
plot (conspiracy),3.324,1.843,34
plot (graph),5.0,1.498,33
plot (land),6.091,0.996,33
plot (story),3.941,1.893,34
plough,5.719,1.546,32
ploy,2.971,1.317,34
plug,6.343,0.924,35
plug (blockage),5.618,1.394,34
plug (electric),6.457,0.966,35
plum,6.543,0.873,35
plumber,5.931,1.143,29
plump,4.235,1.716,34
plural,3.485,1.811,33
poach,3.438,1.273,32
poach (cook),5.333,1.45,33
poach (hunt),4.853,1.438,34
pocket,6.206,1.324,34
poet,5.387,1.559,31
poetry,4.147,1.784,34
point,4.903,1.614,31
point (argument),2.758,1.415,33
point (finger),5.206,1.255,34
point (location),5.235,1.554,34
poison,5.765,1.214,34
poisoned,5.03,1.66,33
poke,5.029,1.445,34
poker,5.912,1.067,34
poker (cards),5.857,1.312,35
poker (rod),6.156,1.176,32
polar,4.364,1.772,33
pole,6.429,0.803,35
police,6.194,1.09,31
policeman,6.618,0.642,34
polish,5.114,1.686,35
polite,2.677,1.147,31
politician,5.939,1.179,33
poll,4.515,1.373,33
pollute,4.219,1.515,32
pollution,4.516,1.757,31
polyester,5.546,1.416,33
ponce,3.039,1.556,26
pond,6.382,0.875,34
pony,6.677,0.716,34
poodle,6.657,0.583,35
pool,6.294,1.016,34
pool (billiards),6.294,0.892,34
pool (shared),4.121,1.513,33
pool (water),6.091,1.026,33
poor,3.129,1.845,31
pope,6.029,1.295,34
population,4.882,1.711,34
pork,6.394,0.694,33
porpoise,6.321,1.104,28
port,5.853,1.263,34
port (harbour),6.364,0.915,33
port (wine),6.125,0.992,32
portal,4.0,1.749,34
porter,5.438,1.273,32
portion,4.543,1.627,35
portrait,6.0,1.111,34
position,4.029,1.618,34
positive,3.286,1.683,35
possess,3.571,1.626,35
possession,4.057,1.804,35
possessive,2.909,1.422,33
post,5.686,1.347,35
post (mail),6.147,0.944,34
post (pole),6.097,1.304,31
post (position),4.412,1.801,34
poster,6.235,1.086,34
postman,6.697,0.627,33
posture,5.0,1.393,34
pot,6.294,1.016,34
pot (drugs),5.688,1.379,32
pot (pan),6.514,0.806,35
potato,6.794,0.472,34
potent,3.515,1.579,33
pottery,6.035,1.033,29
poultry,6.029,1.339,34
pound,5.829,1.207,35
pound (dogs),6.177,0.984,34
pound (hammer),4.677,1.604,34
pound (money),6.484,0.713,31
pound (weight),4.824,1.977,34
poverty,4.281,1.858,32
power,2.879,1.451,33
powerful,3.719,1.681,32
powerless,2.971,1.765,35
practical,3.849,1.94,33
practice,3.531,1.785,32
prairie,6.0,1.083,29
praise,3.143,1.71,35
pram,6.677,0.674,34
prawn,6.515,1.104,33
pray,3.429,1.793,35
prayer,3.686,2.135,35
precise,3.267,1.731,30
predicament,3.0,1.414,35
preface,3.364,1.514,33
prefix,3.314,1.686,35
premium,3.171,1.647,35
present,4.839,1.743,31
present (gift),6.118,0.963,34
present (show),3.912,1.634,34
president,6.364,1.123,33
pressure,3.273,1.582,33
prestige,3.143,1.641,35
pretty,3.606,1.906,33
pretzel,6.412,1.032,34
prevent,3.294,1.582,34
preview,4.057,1.372,35
prick,4.912,1.541,34
prick (dick),4.571,2.259,35
prick (stab),4.8,1.489,35
pride,2.8,1.546,35
pride (feeling),2.344,1.533,32
pride (lions),6.147,1.331,34
primal,2.531,1.5,32
primary,3.818,1.486,33
prince,6.035,0.85,29
princess,5.677,1.622,34
print,4.968,1.204,31
prior,3.156,1.326,32
prison,6.2,1.249,30
prisoner,5.161,1.687,31
privacy,3.257,1.48,35
private,3.424,1.97,33
prize,4.7,1.269,30
probe,4.344,1.67,32
process,3.0,1.475,34
process (modify),3.088,1.652,34
process (procedure),3.515,1.828,33
process (understand),2.939,1.476,33
procession,4.471,1.576,34
product,5.2,1.753,35
production,4.029,1.32,35
profession,4.125,1.556,32
professional,3.886,1.848,35
professor,6.171,0.941,35
profile,4.581,1.432,31
profit,4.324,1.761,34
profound,2.121,1.2,33
programme,4.469,1.768,32
progress,3.0,1.414,33
progression,3.059,1.434,34
project,4.242,1.518,33
project (enterprise),4.121,1.871,33
project (protrude),4.235,1.496,34
projector,6.286,0.943,35
prolong,2.971,1.098,34
promote,3.059,1.552,34
promotion,4.114,1.669,35
prone,2.781,0.927,32
pronoun,3.794,1.844,34
proof,4.065,1.966,31
proper,2.697,1.381,33
property,5.706,1.249,34
prophet,3.903,1.748,31
propose,3.879,1.572,33
proprietor,5.571,1.321,28
prose,4.303,1.467,33
prosecute,4.156,1.822,32
prosecution,3.594,1.852,32
prosecutor,5.265,1.313,34
prosper,2.424,1.045,33
prosperity,2.457,1.556,35
prosperous,2.727,1.332,33
prostitute,6.242,1.016,33
protect,3.441,1.575,34
protected,3.2,1.564,35
protection,4.0,1.724,35
protest,4.576,1.436,33
proud,2.692,1.163,65
prove,2.743,1.155,35
provide,3.29,1.57,31
proxy,2.778,1.227,27
prudent,3.161,1.608,31
prune,5.455,1.86,33
prune (fruit),6.559,0.694,34
prune (trim),4.735,1.4,34
psychiatrist,6.177,1.014,34
psychologist,5.618,1.237,34
psychology,3.353,1.493,34
psychopath,4.229,1.987,35
psychotic,2.647,1.303,34
public,4.971,1.464,35
pudding,6.086,1.273,35
puffin,6.324,0.931,34
puke,5.844,1.202,32
pull,4.0,1.815,34
pull (attratcion),3.303,1.547,33
pull (drag),4.559,1.575,34
pulley,6.035,1.217,29
pulpit,5.885,1.552,26
pulse,5.455,1.707,33
pulse (e.g. beans),5.742,1.759,31
pulse (heartbeat),5.912,1.197,34
pump,5.324,1.567,34
pumpkin,6.788,0.591,33
pumps,5.7,1.187,30
pumps (equipment),6.371,0.831,35
pumps (shoes),6.677,0.674,34
punch,5.419,1.04,31
punch (drink),5.857,1.15,35
punch (strike),5.849,1.258,33
pungent,2.765,1.592,34
punish,3.0,1.59,34
punishment,3.656,1.533,32
pupil,5.807,1.06,31
pupil (eye),6.629,0.721,35
pupil (school),6.333,0.882,36
puppy,6.724,0.638,29
pure,2.788,1.629,33
purple,5.382,1.681,34
purse,6.536,0.778,28
pursue,3.0,1.493,35
pursued,3.781,1.763,32
pursuit,3.235,1.646,34
pus,5.813,1.446,32
push,5.114,1.545,35
pussy,5.529,1.576,34
pussy (cat),6.441,0.811,34
pussy (vagina),5.914,1.697,35
pussy (wimp),2.882,1.859,34
putrid,3.154,1.586,26
puzzle,4.882,1.491,34
puzzle (jigsaw),6.219,1.082,32
puzzle (mystery),3.912,1.56,34
pyramid,6.625,0.74,32
python,6.441,0.881,34
quack,4.375,1.883,32
quack (charlatan),3.643,1.368,28
quack (duck),4.853,1.927,34
quality,2.788,1.493,33
quantity,3.824,2.022,34
quantum,2.875,1.949,32
quarrel,3.588,1.191,34
quarry,6.0,1.265,30
quay,6.032,1.062,31
queen,5.552,1.734,29
queen (gay),3.618,1.799,34
queen (king),6.091,1.288,33
quest,3.257,1.872,35
question,3.4,1.885,35
queue,5.71,1.141,31
quibble,3.033,1.354,30
quick,3.031,1.212,32
quiescent,2.308,1.488,13
quiet,3.387,1.62,31
quietly,3.152,1.579,33
quill,5.931,1.112,29
quit,3.485,1.777,33
quite,2.438,1.54,32
quitter,3.265,1.578,34
rabbi,5.303,1.381,33
rabbit,6.647,0.588,34
rabies,5.353,1.493,34
raccoon,6.6,0.8,35
race,4.412,1.555,34
race (colour),4.343,1.772,35
race (contest),4.788,1.771,33
racist,3.455,1.827,33
racket,5.529,1.702,34
racket (noise),4.324,1.727,34
racket (tennis),6.774,0.489,31
radiant,2.688,1.074,32
radiator,6.4,0.987,30
radio,6.097,1.228,31
rage,3.441,1.648,34
rail,6.219,1.082,32
railroad,6.484,0.875,31
rain,6.294,0.925,34
rainbow,6.143,1.376,35
rainforest,6.529,0.776,34
raise,3.788,1.493,33
raise (bring up),3.8,1.618,35
raise (increase),3.657,1.264,35
raise (lift),4.857,1.588,35
raisin,6.697,0.627,33
ranch,5.971,0.941,35
rancid,3.235,1.628,34
random,2.031,1.159,32
randy,2.867,1.522,30
range,3.485,1.373,33
range (array),3.177,1.524,34
range (outdoors),4.75,1.732,32
ranger,5.618,1.085,34
rank,3.559,1.538,34
rank (foul),2.97,1.487,33
rank (position),3.882,1.728,34
rape,5.0,1.645,34
rapist,5.371,1.396,35
rare,3.091,1.215,33
rare (uncommon),2.514,1.592,35
rare (uncooked),4.857,1.496,35
rash,5.029,1.886,34
rash (reckless),2.667,1.407,33
rash (skin),6.029,1.183,35
raspberry,6.563,1.029,32
rat,6.697,0.521,33
rat (animal),6.677,0.996,31
rat (inform),4.206,1.43,34
rate,3.515,1.777,33
rather,2.5,1.369,32
rating,3.03,1.642,33
ration,3.971,1.774,34
rattle,5.706,1.544,34
rattlesnake,6.656,0.643,32
raven,6.581,0.872,31
razor,6.645,0.698,31
react,3.353,1.493,34
reaction,3.771,1.725,35
read,4.743,1.441,35
real,3.686,1.997,35
realize,3.0,1.303,33
rear,4.857,1.57,35
rear (behind),5.371,1.569,35
rear (raise),3.344,1.449,32
reason,2.697,1.527,33
reasonable,2.412,1.331,34
reassure,2.909,1.401,33
reassuring,2.515,1.158,33
rebound,2.941,1.305,34
recall,3.333,1.531,33
recent,3.441,1.684,34
recital,4.485,1.373,33
recite,3.886,1.368,35
recognition,3.177,1.339,34
recognize,2.457,1.36,35
record,5.114,1.6,35
record (information),4.914,1.402,35
record (to register),4.0,1.371,33
rectangle,6.177,0.984,34
red,5.031,1.928,32
reduce,3.265,1.559,34
reef,6.065,0.948,31
reel,5.516,1.478,31
refill,4.686,1.141,35
reflect,3.313,1.685,32
reflection,4.273,1.927,33
reflex,4.088,1.337,34
refresh,2.743,1.078,35
refreshment,5.206,1.367,34
refrigerator,6.688,0.634,32
refugee,4.813,1.57,32
reggae,3.727,1.763,33
regime,3.091,1.583,33
region,4.971,1.618,34
regional,3.857,1.376,35
register,3.546,1.395,33
regret,2.714,1.364,35
regular,3.486,1.339,35
regulation,2.97,1.058,33
reindeer,6.429,1.379,35
reject,2.829,1.134,35
rejected,3.161,1.885,31
relate,2.647,1.135,34
relation,3.629,1.623,35
relative,4.212,2.085,33
relax,3.031,1.287,32
relaxing,3.088,1.579,34
relay,3.485,1.5,33
release,3.656,1.533,32
reliable,3.118,1.529,34
relic,4.844,1.523,32
relieved,3.029,1.383,35
religion,2.0,1.188,34
relish,3.543,1.696,35
remark,3.543,1.61,35
remarkable,2.629,1.333,35
remedy,3.281,1.681,32
remind,3.059,1.608,34
reminder,3.879,1.572,33
remorse,2.485,1.5,33
remorseful,2.807,1.203,31
remote,4.857,1.533,35
remote (controller),6.455,0.956,33
remote (distant),3.091,1.602,33
rendezvous,3.516,1.521,31
rent,5.171,1.363,35
repel,3.531,1.457,32
repent,2.667,1.531,33
replace,3.543,1.592,35
replacement,4.057,1.706,35
report,5.343,1.433,35
reporter,5.546,1.258,66
reptile,6.429,0.965,35
reptilian,4.943,1.413,35
request,2.871,1.1,31
rescue,4.226,1.56,31
research,3.844,1.716,32
researcher,4.813,1.488,32
resent,2.364,1.176,33
resentful,2.765,1.477,34
resentment,2.286,1.364,35
reserve,3.438,1.499,32
reserved,2.882,1.51,34
reset,3.281,1.375,32
resident,5.177,1.424,34
residential,4.0,1.581,32
residual,3.467,1.477,30
residue,4.735,1.668,34
resign,3.581,1.54,31
resort,4.344,1.632,32
respect,3.257,1.61,35
responsibility,2.794,1.51,34
responsible,3.114,1.72,35
rest,3.486,1.36,35
restaurant,6.303,0.87,33
restore,3.212,1.552,33
retail,4.765,1.436,34
retailer,5.118,1.388,34
reunion,3.484,1.215,31
reunite,3.824,1.689,34
reverent,3.107,1.235,28
reverse,3.313,1.236,32
review,4.086,1.228,35
revoke,3.129,1.601,31
revolt,3.375,1.269,32
revolting,2.576,1.371,33
revolution,3.333,1.57,33
revolve,3.735,1.596,34
revolver,6.485,0.989,33
reward,4.625,1.596,32
rhapsody,3.63,1.392,27
rheumatism,5.609,1.406,23
rhino,6.771,0.636,35
rhinoceros,6.849,0.435,33
rhyme,3.257,1.592,35
rhythm,3.486,1.574,35
ribs,6.0,1.275,32
rice,6.735,0.656,34
rich,4.143,1.959,35
riches,4.818,1.766,33
riddle,3.5,1.883,34
ride,4.771,1.822,35
rider,5.156,1.523,32
ridicule,2.824,1.317,34
ridiculous,2.677,1.509,34
rifle,6.546,0.656,33
right,3.412,1.7,34
right (correct),3.057,1.851,35
right (left),4.457,1.962,35
right (legal claim),3.571,1.961,35
rigid,4.125,1.9,32
ring,6.241,1.164,29
ring (jewellery),6.943,0.232,35
ring (sound),5.394,1.496,33
ring (surround),3.941,1.434,34
riot,5.031,1.358,32
ripe,4.2,1.508,35
risk,3.194,1.908,31
risky,2.394,1.413,33
ritual,2.7,1.441,30
ritualistic,2.219,1.243,32
rival,3.333,1.45,33
river,6.677,0.468,34
road,6.194,1.281,31
roar,4.743,1.679,35
robber,6.206,0.994,34
robbery,5.353,1.303,34
robe,6.0,1.331,35
robin,6.8,0.4,35
rock,6.571,0.838,35
rocket,6.515,0.702,33
rocket (go quickly),3.886,1.879,35
rocket (leaves),6.171,1.082,35
rocket (projectile),5.867,1.431,30
rod,6.294,0.986,34
rogue,3.529,1.557,34
role,3.515,1.329,33
roll,4.941,1.748,34
roll (bread),6.294,1.201,34
roll (turn over),4.606,1.687,33
rollercoaster,6.229,1.071,35
rolling,4.265,1.357,34
romance,3.486,1.842,35
romantic,2.824,1.382,34
romanticize,2.029,1.298,35
roof,6.656,0.643,32
roofer,5.412,1.331,34
rooster,6.147,1.141,34
root,5.656,1.613,32
rose,6.647,0.967,34
rot,4.788,1.647,33
rotten,4.677,1.429,34
rough,3.645,1.404,31
royal,4.063,1.713,32
rubble,6.032,1.379,31
ruby,5.909,1.357,33
rude,3.29,1.763,31
ruffle,4.606,1.536,33
rugby,5.69,1.178,29
ruin,3.794,1.677,34
ruined,3.429,1.498,35
ruler,6.091,1.323,66
ruler (leader),5.818,1.266,33
ruler (measure),6.314,0.979,35
rumour,2.657,1.567,35
run,5.171,1.32,35
run (race),5.121,1.273,33
run (series),3.794,1.623,34
run (stockings),4.781,1.536,32
run (test),4.121,1.451,33
runner,6.182,0.968,33
rural,4.273,1.441,33
rust,6.088,1.147,34
rusty,5.182,1.66,33
sack,5.5,1.46,34
sad,2.412,1.115,34
sadness,2.758,1.518,33
safe,3.5,1.854,32
safely,3.382,1.591,34
safety,3.118,1.605,34
sage,5.455,1.876,33
sage (herb),6.5,1.036,34
sage (wise man),4.618,1.971,34
sail,5.758,1.303,33
sailor,5.765,1.436,34
saint,4.152,1.987,33
salad,6.226,1.038,31
salary,4.794,1.623,34
sale,4.581,1.339,31
salmon,6.529,1.091,34
saloon,6.0,1.391,31
salsa,5.625,1.341,32
salt,6.364,0.846,33
salty,4.0,1.414,32
salutation,3.567,1.564,30
salute,5.364,1.389,33
salvage,3.588,1.784,34
salvaged,3.794,1.694,34
same,3.853,1.849,34
sandals,6.531,1.274,32
sandwich,6.686,0.574,35
sane,2.529,1.398,34
sanity,2.457,1.38,35
sapphire,6.333,1.035,33
satire,2.788,1.343,33
satisfaction,2.4,1.126,35
satisfied,3.226,1.601,31
sauce,6.324,0.898,34
sauna,6.424,0.698,33
sausage,6.563,0.704,32
savant,3.455,1.616,22
saviour,3.677,2.011,34
saxophone,6.286,1.11,35
scab,6.188,0.846,32
scald,4.906,1.4,32
scale,3.853,1.912,34
scale (fish),6.118,1.231,34
scale (magnitude),3.486,1.663,35
scale (musical),4.394,1.613,33
scale (weighing),6.086,1.156,35
scalp,6.438,0.966,32
scalpel,6.029,1.483,35
scandal,2.794,1.301,34
scapegoat,3.03,1.605,33
scar,6.088,1.067,34
scarce,3.333,1.295,33
scare,2.813,1.21,32
scarecrow,6.5,0.671,30
scared,2.912,1.222,34
scarf,6.563,0.827,32
scarlet,4.714,1.578,35
scars,6.091,1.288,33
scary,2.581,1.101,31
scent,3.813,2.007,32
sceptic,2.647,1.588,34
sceptical,2.743,1.273,35
scheme,3.424,1.706,33
scholar,5.5,1.479,32
school,6.429,0.728,35
science,4.371,2.205,35
scientific,4.229,2.03,35
scientist,5.939,1.071,33
scissors,6.735,0.559,34
scoop,4.6,1.727,35
scooter,6.593,0.733,27
scope,3.613,1.64,31
scorch,4.258,1.741,31
score,4.194,1.595,31
scored,3.548,1.316,31
scorn,2.594,1.221,32
scorpion,6.706,0.516,34
scrap,4.697,1.507,33
scream,4.794,1.745,34
screaming,4.355,1.859,31
screw,6.242,1.303,33
screw (builder),5.818,1.486,33
screw (sex),4.424,1.985,33
screwdriver,6.529,0.882,34
script,5.529,1.398,34
scrum,5.367,1.354,30
scum,4.412,1.881,34
scurvy,5.0,1.475,34
sea,6.057,1.33,35
seahorse,6.177,1.271,34
seal,5.969,1.38,32
seal (animal),6.588,1.115,34
seal (close),4.939,1.254,33
seasick,4.588,1.647,34
season,4.688,1.379,32
season (add spice),4.914,1.61,35
season (period of time),4.375,1.728,32
seasonal,3.333,1.7,33
seasonings,5.147,1.556,34
seat,6.667,0.586,33
second,4.559,1.735,34
second (position),4.606,1.705,33
second (unit of time),4.743,1.947,35
secretary,6.2,0.748,35
section,4.343,1.62,35
sector,3.97,1.547,33
secure,3.143,1.743,35
sediment,5.273,1.71,33
seduce,2.546,1.233,33
seduction,3.364,1.888,33
seed,6.323,0.963,31
seek,3.281,1.586,32
seesaw,6.559,0.65,34
seize,4.143,1.726,35
seldom,2.375,0.927,32
select,3.471,1.667,34
select (choose),3.429,1.729,35
select (elite),2.788,1.493,33
selection,4.147,1.647,34
selfish,3.029,1.618,34
sell,4.343,1.788,35
semester,4.031,1.776,32
send,3.735,1.596,34
senior,4.531,1.414,32
sensation,2.324,1.344,34
sensational,2.5,1.377,34
sense,2.529,1.419,34
sense (common),2.303,1.403,33
sense (feel),2.576,1.538,33
sensible,2.484,1.132,31
sensitive,2.576,1.181,33
sensual,3.061,1.74,33
sentence,5.063,1.519,32
sentence (phrase),4.559,1.701,34
sentence (prison),4.032,1.858,31
sentiment,2.273,1.483,33
sentimental,2.394,1.347,33
septic,4.588,1.665,34
serene,2.793,1.423,29
series,4.029,1.612,35
serious,3.171,1.32,35
sermon,4.265,1.884,34
serve,4.171,1.383,35
serve (perform duties),3.758,1.156,33
serve (tennis),4.912,1.541,34
service,3.857,1.355,35
services,4.097,1.593,31
session,3.647,1.412,34
set,4.657,1.756,35
set (determined),3.182,1.604,33
set (group),4.469,1.323,32
set (solidify),5.091,1.401,33
setback,3.182,1.566,33
settle,3.588,1.309,34
settlement,4.824,1.992,34
several,3.886,1.304,35
severe,2.471,1.007,34
sew,5.758,1.156,33
sewer,6.152,0.821,33
sex,5.229,1.774,35
sex (gender),3.943,1.912,35
sex (intercourse),6.242,1.207,33
sexual,3.559,1.85,34
sexy,2.879,1.665,33
shade,4.382,1.591,34
shade (out of the sun),5.656,1.049,32
shade (tint),4.088,1.522,34
shadow,4.794,1.86,34
shaft,5.5,1.061,32
shake,4.412,1.497,34
shaky,3.906,1.234,32
shallow,3.441,1.648,34
shame,2.8,1.6,35
shameful,2.441,1.648,34
shampoo,6.667,0.596,30
shape,5.182,1.527,33
share,3.343,1.286,35
shark,6.762,0.495,63
sharp,4.033,1.329,30
sharp (blade),5.314,1.652,35
sharp (smart),3.455,1.539,33
sharpen,4.371,1.64,35
shave,5.286,1.343,35
shawl,6.452,0.978,31
shear,4.129,1.827,31
sheep,6.808,0.394,26
sheepskin,6.382,0.805,34
sheer,3.294,1.362,34
sheer (thin),3.807,1.674,31
sheer (utter),2.833,1.241,30
shelf,6.607,0.673,28
shell,6.5,0.572,26
shell (military),5.914,1.204,35
shell (sea),6.667,0.636,33
shelter,5.206,1.795,34
sherry,6.333,0.869,30
shield,5.706,1.296,34
shine,4.571,1.712,35
shiny,4.188,1.467,32
ship,6.765,0.489,34
ship (boat),6.618,0.805,34
ship (transport),6.457,0.936,35
ships,6.633,0.657,30
shirt,6.828,0.378,29
shit,4.971,1.748,35
shock,3.452,1.214,31
shocking,2.576,1.577,33
shoe,6.765,0.644,34
shoes,6.613,0.83,31
shoot,5.118,1.323,34
shoot (film),5.063,1.499,32
shoot (gun),5.794,1.207,34
shoot (plant),6.294,1.226,34
shooting,5.818,1.424,33
shore,5.971,1.295,34
short,3.484,1.739,31
shortage,3.529,1.576,34
shot,5.235,1.456,34
shot (gun),5.909,1.19,33
shot (injection),5.771,1.289,35
shotgun,6.743,0.498,35
show,4.457,1.317,35
shrew,5.625,1.576,32
shrewd,2.714,1.578,35
shriek,4.353,1.829,34
shrill,3.533,1.31,30
shrimp,6.559,1.09,34
shroud,4.172,1.877,29
shrug,4.457,1.696,35
shudder,3.813,1.629,32
shuddering,4.294,1.582,34
shy,2.727,1.355,33
sick,4.636,1.702,33
sick (disgusting),3.471,1.803,34
sick (ill),4.029,1.774,34
sickness,4.743,1.499,35
sigh,4.265,1.335,34
signal,4.886,1.753,35
silence,3.343,1.881,35
silent,3.394,1.858,33
silk,6.344,1.107,32
silly,2.818,1.086,33
simmer,4.743,1.679,35
simple,2.719,1.375,32
sin,2.606,1.536,33
sincere,2.647,1.135,34
sing,5.387,1.21,31
singer,5.529,1.44,34
singular,4.182,1.85,33
sinister,2.636,1.494,33
sink,6.167,1.529,30
sink (dishes),6.5,0.777,34
sink (go down),4.206,1.659,34
sins,2.853,1.972,34
sissy,2.971,1.576,35
sister,6.114,1.008,35
sit,5.4,1.292,35
situation,3.771,1.436,35
skeleton,6.636,0.81,33
sketch,5.114,1.508,35
sketch (drawing),5.471,1.48,34
sketch (play),4.667,1.57,33
ski,6.118,0.993,34
skiing,5.697,1.267,33
skijump,6.2,1.166,35
skill,3.091,1.422,33
skilled,3.242,1.518,33
skin,6.484,0.666,31
skinny,4.771,1.709,35
skirt,6.879,0.409,33
skirt (clothes),6.529,0.776,34
skirt (go around),3.706,1.544,34
skis,6.182,1.113,33
skull,6.8,0.542,30
skunk,6.324,1.23,34
sky,5.257,1.887,35
skyline,5.743,1.499,35
skyscraper,6.5,0.814,34
slab,5.688,1.55,32
slack,3.559,1.648,34
slap,5.697,1.167,33
slash,4.152,1.617,33
slaughter,5.281,1.328,32
slaughterhouse,6.286,1.058,35
slave,5.048,1.568,63
sleek,2.849,1.158,33
sleep,4.75,1.521,32
sleepy,3.382,1.572,34
slide,5.657,1.286,35
slight,3.324,1.47,34
slight (little),3.618,1.645,34
slight (offend),3.057,1.194,35
slime,5.419,1.101,31
slimy,4.686,1.347,35
slip,4.971,1.521,35
slip (mistake),3.758,1.371,33
slip (notepaper),6.324,1.049,34
slip (slide),4.371,1.551,35
slippers,6.323,1.118,31
slippery,3.765,1.516,34
slope,5.735,1.335,34
slow,3.387,1.6,31
slug,6.786,0.558,28
slug (hit),4.406,1.518,32
slug (insect),6.727,0.565,33
sluggish,3.182,1.623,33
slum,4.875,1.635,32
slump,3.912,1.56,34
slush,5.294,1.072,34
small,3.714,1.86,35
smallpox,5.529,1.576,34
smart,2.829,1.748,35
smart (intelligent),3.2,1.67,35
smart (well-dressed),4.265,1.578,34
smash,4.469,1.601,32
smear,4.818,1.242,33
smell,4.303,1.93,33
smelly,4.029,1.562,34
smile,5.844,1.417,32
smiling,5.143,1.775,35
smoke,5.394,1.496,33
smoker,5.697,1.381,33
smooth,3.97,1.992,33
snack,6.118,0.867,34
snail,6.704,0.656,27
snake,6.714,0.7,35
snaked,3.419,1.476,31
snap,4.097,1.445,31
snapped,4.182,1.678,33
snatch,3.188,1.074,32
snob,3.313,1.59,32
snort,4.743,1.401,35
snow,6.514,0.874,35
snowman,6.371,1.098,35
snuggle,4.849,1.635,33
soak,4.714,1.426,35
soar,3.688,1.391,64
sob,4.353,1.678,34
sober,3.809,1.7,68
sobriety,3.143,1.505,28
social,2.727,1.188,33
socialist,3.233,1.745,30
society,3.515,2.047,33
sock,6.5,0.916,34
sock (clothes),6.656,0.956,32
sock (hit),4.258,1.741,31
sofa,6.647,0.8,34
soft,4.857,1.312,35
softly,3.177,1.361,34
soil,6.5,0.814,34
soil (earth),6.286,0.973,35
soil (mess up),3.353,1.797,34
solar,4.438,1.657,32
soldier,6.375,1.166,32
sole,5.412,1.768,34
sole (fish),6.118,1.51,34
sole (only),3.412,1.682,34
sole (shoe),6.25,1.118,32
solemn,2.548,1.073,31
solid,5.559,1.479,34
solution,3.121,1.754,33
solution (answer),3.182,1.696,33
solution (chemical),5.735,1.379,34
son,6.029,1.715,35
sonar,4.643,1.42,28
song,4.788,1.754,33
sonic,3.258,1.244,31
sonnet,4.656,1.67,32
soothe,3.057,1.264,35
soothing,3.229,1.416,35
sore,3.576,1.415,33
sorrow,2.765,1.554,34
soul,2.088,1.721,34
soup,6.188,1.424,32
sour,3.971,1.797,35
source,3.629,1.605,35
sovereign,4.1,1.868,30
sow,4.636,1.888,33
soya,5.235,1.716,34
spa,5.871,1.263,31
space,3.647,2.261,34
space (galaxies),4.941,1.893,34
space (room),4.529,1.913,34
spaceship,6.029,1.524,34
spade,6.419,0.872,31
spade (cards),6.206,0.932,34
spade (shovel),6.529,0.696,34
spank,4.529,1.819,34
spanner,6.719,0.572,32
spark,5.588,1.331,34
sparkle,3.939,1.841,33
speak,4.618,1.815,34
speaker,5.563,1.499,32
speaker (amplifier),6.314,0.979,35
speaker (orator),5.156,1.679,32
spear,6.091,1.525,33
special,2.206,1.207,34
speciality,2.943,1.603,35
spectacular,2.188,1.13,32
speech,4.667,1.7,33
speed,3.469,1.541,32
speedy,3.941,1.327,34
spell,3.857,2.14,35
spell (alphabet),4.429,1.479,35
spell (magical),2.429,1.695,35
spell (time period),2.758,1.349,33
spelling,3.735,1.82,34
sperm,6.429,1.103,35
sphere,5.242,1.843,33
spherical,4.871,1.791,31
spider,6.677,0.716,34
spin,4.441,1.648,34
spinach,6.667,0.765,33
spine,6.529,0.813,34
spire,5.844,1.46,32
spirit,2.469,1.887,32
spirit (drink),6.235,0.807,34
spirit (ghost),2.912,2.005,34
spirit (intention),2.171,1.298,35
spirit (soul),1.706,1.072,34
spit,6.029,0.878,35
split,4.118,1.586,34
sponge,6.029,1.248,34
sponsor,3.781,1.536,32
spooky,2.546,1.416,33
spoon,6.862,0.433,29
sport,5.706,1.296,34
sports,5.324,1.3,34
spot,5.531,1.089,32
spot (pimple),6.546,0.742,33
spot (stain),5.906,1.308,32
spouse,5.471,1.702,34
spray,5.452,1.214,31
spread,4.0,1.714,32
spread (food),5.735,1.481,34
spread (open),3.971,1.844,35
spree,3.033,1.251,30
spring,5.5,1.312,34
spring (coil),6.273,1.262,33
spring (jump),4.743,1.662,35
spring (season),5.314,1.19,35
spur,3.677,1.594,31
spurs,5.844,1.439,32
squad,5.03,1.337,33
square,6.125,1.474,32
squash,5.057,1.585,35
squash (crush),4.529,1.356,34
squash (sport),5.71,1.349,31
squash (vegetable),6.735,0.503,34
squat,5.417,1.441,36
squat (crouch),5.061,1.575,33
squat (short),4.265,1.441,34
squeeze,4.529,1.649,34
squid,6.697,0.577,33
squirrel,6.559,0.774,34
stab,5.177,1.424,34
stack,5.182,1.266,33
stadium,6.343,1.094,35
staff,5.882,1.051,34
staff (stick),6.229,1.197,35
staff (workforce),5.618,1.138,34
stag,6.429,1.178,28
stage,6.0,1.061,32
stagecoach,5.758,1.28,33
stagnant,3.267,1.672,30
stain,5.594,1.195,64
stake,4.758,1.706,33
stake (investment),3.912,1.755,34
stake (wooden),6.419,0.908,31
stale,3.813,1.261,32
stall,4.912,1.579,34
stall (hesitate),3.121,1.719,33
stall (kiosk),5.879,1.387,33
stallion,6.441,0.847,34
stammer,4.3,1.32,30
stamp,6.333,0.869,30
stance,3.618,1.783,34
stand,4.226,1.698,31
staple,6.147,1.331,34
staple (mainstay),4.037,1.478,27
staple (stationery),6.571,1.077,35
stapler,6.743,0.498,35
star,6.229,1.197,35
star (celebrity),4.667,2.01,33
star (sky),6.0,1.393,34
stare,4.065,1.19,31
starfish,6.286,1.322,35
stark,3.655,1.396,29
start,3.182,1.445,33
startle,3.727,1.483,33
starve,5.206,1.641,34
starving,3.75,1.601,32
statue,6.559,0.881,34
status,3.059,1.798,34
statute,4.464,1.762,28
stay,3.5,1.632,34
steak,6.633,0.547,30
steal,4.029,1.706,34
stealth,2.839,1.394,31
steam,5.424,1.518,33
steel,6.364,1.01,33
steep,4.493,1.52,67
steer,4.177,1.617,34
steer (cows),5.138,1.613,29
steer (direct),3.909,1.602,33
stem,5.97,1.141,33
stem (origin),3.613,1.64,31
stem (plant),6.091,1.026,33
stench,4.125,1.635,32
stereotype,3.2,1.687,35
stern,3.0,1.391,31
stern (attitude),3.0,1.595,33
stern (ship),6.147,1.191,34
steroids,5.936,1.045,31
stethoscope,6.767,0.559,30
steward,6.286,0.973,35
stick,6.382,1.085,34
stick (glue),6.029,1.361,34
stick (thin piece of wood),6.371,1.017,35
sticky,4.971,1.276,35
stiff,4.121,1.754,33
sting,5.257,1.38,35
stingy,3.909,1.602,33
stink,3.971,1.682,35
stir,4.882,1.278,34
stir (cook),5.333,1.491,30
stir (make trouble),3.429,1.536,35
stir (move),4.265,1.559,34
stock,4.531,1.52,32
stock (finance),4.121,1.887,33
stock (inventory),5.147,1.611,34
stock (soup),6.235,0.877,34
stolen,3.882,1.778,34
stomach,6.324,0.898,34
stone,6.4,1.114,30
stone (rock),6.514,1.025,35
stone (weight),5.818,1.381,33
stool,6.559,0.735,34
stool (chair),6.677,0.629,34
stool (faeces),6.118,0.993,34
stop,3.788,1.771,33
storage,5.382,1.495,34
store,5.516,1.215,31
store (put away for future),4.667,1.363,33
store (shop),6.324,1.181,34
storeroom,6.258,1.015,31
storm,5.457,1.441,35
story,3.781,1.745,32
stout,4.594,1.476,32
stove,6.406,1.195,32
strain,2.941,1.371,34
strand,4.882,1.623,34
strange,2.412,1.593,34
stranger,4.71,1.703,69
strangle,5.4,1.335,35
strap,6.171,0.941,35
straw,6.333,1.005,33
straw (drinking),6.657,0.754,35
straw (hay),5.941,1.608,34
strawberry,6.516,0.911,31
stray,3.281,1.305,32
streak,3.882,1.43,34
stream,6.057,1.04,35
street,6.394,0.814,33
strength,4.212,1.629,33
stress,3.371,1.806,35
stressful,3.152,1.708,33
stretch,4.063,1.519,32
strict,2.813,1.184,32
strictly,3.429,1.695,35
stride,4.235,1.238,34
strife,3.167,1.392,30
strike,4.294,1.404,34
strike (hit),5.088,1.38,34
strike (picket),4.849,1.617,33
string,5.882,1.323,34
strip,4.25,1.732,32
strip (naked),5.143,1.791,35
strip (narrow piece),5.353,1.303,34
strip (street),5.546,1.519,33
stripper,6.219,0.992,32
stroke,4.914,1.228,35
stroke (brain),5.75,1.5,32
stroke (pet),4.938,1.499,32
stroll,4.294,1.34,34
strong,3.943,1.655,35
struggle,3.735,1.668,34
stubble,6.121,1.493,33
stuck,3.429,1.517,35
student,6.286,1.03,35
study,4.486,1.574,35
stumble,3.807,1.119,31
stupid,3.394,1.774,33
style,3.029,1.781,35
stylish,3.171,1.682,35
subdue,3.0,1.155,30
subject,3.912,1.616,34
subjective,2.314,1.489,35
sublime,2.484,1.215,31
submarine,6.655,0.708,29
substance,4.697,1.834,33
substantial,3.543,1.696,35
substitute,3.656,1.593,32
subtle,2.529,0.977,34
subtract,3.235,1.33,34
suburb,5.091,1.215,33
suburbs,4.875,1.409,32
success,3.257,1.537,35
successful,2.677,1.3,34
suffer,2.657,1.433,35
suffering,3.086,1.795,35
suffix,3.467,1.928,30
suffocate,4.333,1.804,33
sugar,6.367,0.912,30
suicidal,2.727,1.355,33
suicide,4.667,1.995,33
suit,6.0,1.393,34
suit (legal),4.667,1.513,30
suit (playing cards),5.853,1.417,34
suit (special clothes),6.531,0.706,32
suit (to be fit for),3.121,1.822,33
suitcase,6.735,0.609,34
sulk,3.441,1.612,34
sulky,2.75,1.199,32
sulphur,6.182,1.359,33
sultan,5.156,1.787,32
summary,4.114,1.508,35
summer,4.971,1.594,35
sun,6.727,0.509,33
sunburn,6.314,0.622,35
sunk,4.029,1.424,34
sunlight,5.531,1.601,32
sunny,5.257,1.746,35
sunrise,5.531,1.323,32
sunset,6.0,1.283,34
sunshine,5.533,1.455,30
super,2.606,1.179,33
superb,2.618,1.515,34
supermarket,6.257,0.936,35
supplication,3.227,1.622,22
support,3.5,1.702,34
supportive,3.147,1.611,34
suppress,2.971,1.32,35
suppression,2.471,1.218,34
supreme,2.559,1.518,34
sure,3.088,1.837,34
surf,4.788,1.754,33
surf (breaking waves),6.235,0.877,34
surf (riding waves),5.576,1.232,33
surfer,6.485,0.744,33
surge,4.2,1.327,30
surgeon,6.429,0.871,35
surgery,6.3,0.9,30
surplus,3.219,1.653,32
surprise,3.152,1.579,33
surprising,2.629,1.396,35
surrender,3.313,1.488,32
surveyor,4.968,1.425,31
survive,3.152,1.5,33
survivor,4.546,1.844,33
suspect,3.97,1.66,33
suspend,3.875,1.596,32
suspended,3.857,1.71,35
suspension,4.057,1.567,35
suspicion,3.0,1.474,35
sustain,3.091,1.505,33
sustenance,3.697,1.834,33
swamp,5.914,1.422,35
swan,6.618,0.805,34
swarm,4.531,1.541,32
sway,3.941,1.571,34
sweat,5.944,1.332,36
sweater,6.5,0.764,30
sweatshirt,6.563,0.899,32
sweaty,5.206,1.51,34
sweep,5.152,1.54,33
sweeper,5.303,1.605,33
sweet,4.394,1.999,33
sweet (nice),3.029,1.248,34
sweet (sugar),4.794,1.728,34
sweetheart,3.735,1.754,34
sweets,6.618,0.687,34
swift,3.0,1.146,35
swift (bird),5.939,1.476,33
swift (quick),3.273,1.562,33
swim,6.03,1.243,33
swimmer,6.031,1.104,32
swimming,4.966,1.402,29
swindle,2.867,1.431,30
swing,5.781,1.386,32
sword,6.618,0.687,34
syllable,4.364,2.027,33
symbol,4.387,1.717,31
sympathy,2.206,1.231,34
symphony,5.0,1.531,35
symptom,3.97,1.696,33
synagogue,6.375,0.992,32
syphilis,5.125,1.672,32
syringe,6.552,0.674,29
system,3.971,1.732,35
table,6.704,0.597,27
table (chart),5.686,1.347,35
table (desk),6.743,0.648,35
tablespoon,6.546,0.924,33
taboo,2.286,1.446,35
tact,2.6,1.458,35
tail,6.161,0.883,31
take,4.118,1.676,34
tale,3.286,1.56,35
talent,3.281,1.681,32
talented,2.824,1.636,34
tall,5.294,1.6,34
tame,3.061,1.575,33
tamper,3.727,1.562,33
tandem,4.613,1.878,31
tangerine,6.543,0.873,35
tango,5.242,1.28,33
tango (dance),5.343,1.492,35
tango (drink),6.353,1.082,34
tank,6.382,0.805,34
tank (army),6.788,0.477,33
tank (fish),6.758,0.552,33
tank (storage),6.029,1.175,34
tanker,6.036,1.149,28
tape,5.912,1.197,34
taper,4.704,1.486,27
tapestry,6.059,1.305,34
tarantula,6.867,0.34,30
target,5.303,1.446,33
tariff,4.235,1.573,34
taser,6.094,1.588,32
taste,4.152,1.94,33
tasty,2.939,1.496,33
taught,3.303,1.527,33
taxi,6.517,0.771,29
teach,3.656,1.688,32
teacher,5.393,1.52,28
team,4.6,1.254,30
tease,2.875,1.111,32
teasing,3.529,1.377,34
teaspoon,6.686,0.666,35
technical,3.486,1.36,35
technicality,2.971,1.404,34
technician,5.849,1.048,33
tedious,2.657,1.413,35
teeth,6.621,0.715,29
telephone,6.485,0.892,33
telescope,6.267,1.34,30
television,6.546,0.656,33
temerity,3.091,1.505,11
tempest,3.917,1.498,24
temple,5.794,1.491,34
temple (forehead),6.182,0.869,33
temple (worship),6.188,1.333,32
tempo,3.706,1.6,34
tempt,2.727,1.309,33
temptation,2.743,1.537,35
tendency,2.677,1.156,34
tender,2.677,1.548,34
tender (sensitive),2.914,1.461,35
tender (soft),3.265,1.441,34
tennis,6.031,1.63,32
tense,3.091,1.676,33
tense (strained),3.515,1.373,33
tense (verb),3.088,1.463,34
tension,3.161,1.608,31
tent,6.457,0.936,35
tepid,2.867,1.31,30
termite,6.546,0.742,33
terrible,2.313,1.13,32
terrific,2.344,1.383,32
terrify,2.412,1.396,34
terrifying,3.029,1.576,35
terror,2.853,1.683,34
terrorist,5.333,1.735,33
test,5.286,1.3,35
text,5.8,1.305,35
text (phone message),5.886,1.26,35
text (written work),5.879,1.094,33
texture,4.8,1.635,35
thank,3.156,1.202,32
thankful,2.4,1.292,35
thanks,3.219,1.653,32
theatre,6.059,1.349,34
theatrical,3.306,1.664,36
thematic,2.81,1.006,21
theme,3.188,1.96,32
theologian,4.704,1.696,27
theology,2.5,1.639,32
theoretical,2.061,1.556,33
theory,2.912,2.063,34
therapist,5.5,1.44,34
therapy,3.853,1.458,34
thermometer,6.559,0.774,34
thesaurus,6.086,1.251,35
thick,4.471,1.613,34
thicket,5.103,1.583,29
thief,5.031,1.262,32
thigh,6.375,1.218,32
thighs,6.657,0.791,35
thimble,6.345,0.957,29
thin,3.969,1.63,32
thinner,4.543,1.592,35
third,3.188,1.55,32
thirst,4.844,1.523,32
thirsty,4.529,1.5,34
thistle,6.633,0.605,30
thorn,6.242,0.922,33
thought,2.03,1.66,33
thoughtful,2.273,1.355,33
thoughtless,2.206,1.132,34
threat,3.333,1.664,33
threatening,3.412,2.002,34
thrifty,2.938,1.435,32
thrill,3.543,1.61,35
thrilling,2.943,1.53,35
throat,6.457,0.936,35
throne,6.457,0.905,35
throw,4.909,1.676,33
thrust,4.382,1.627,34
thumb,6.559,0.945,34
ticket,6.094,1.155,32
ticket (admission),6.371,0.831,35
ticket (parking),6.5,0.849,34
tickle,4.394,1.413,33
ticklish,4.152,1.617,33
tidy,4.257,1.696,35
tie,6.438,1.248,32
tie (bind),5.324,1.344,34
tie (neck),6.727,0.509,33
tie (stalemate),3.943,1.739,35
tiger,6.706,0.708,34
tight,4.235,1.535,34
till,5.059,1.679,34
tilt,4.206,1.641,34
time,2.485,1.76,33
timid,2.968,1.062,31
tinsel,6.219,1.111,32
tiny,3.424,1.415,33
tire,4.667,1.717,33
tired,3.323,1.28,31
titan,4.355,1.514,31
titanic,5.758,1.558,33
titanic (ship),6.438,0.933,32
titanic (size),4.242,1.793,33
toad,6.581,0.752,31
toast,6.344,1.135,32
toast (bread),6.706,0.57,34
toast (speech),4.546,1.597,33
toaster,6.853,0.354,34
tobacco,6.485,1.184,33
toddler,6.229,0.759,35
toe,6.8,0.466,35
toes,6.8,0.524,35
toga,5.879,1.094,33
toilet,6.829,0.377,35
toll,3.879,1.683,33
tomahawk,5.8,1.631,20
tomato,6.824,0.567,34
tomb,6.419,0.752,31
tone,3.8,1.894,35
tone (colour),3.788,1.737,33
tone (music),4.03,1.696,33
tone (voice),3.314,1.785,35
tongue,6.625,0.927,32
tool,6.257,1.227,35
tooth,6.643,0.666,28
toothache,4.719,1.7,32
toothbrush,6.765,0.489,34
top,4.514,1.461,35
top (apex),4.833,1.614,30
top (shirt),6.471,0.882,34
top (spinning),5.514,1.61,35
torch,6.057,1.308,35
torch (burn),5.121,1.572,33
torch (flashlight),6.824,0.381,34
torment,2.936,1.39,31
tornado,6.121,0.879,33
tortoise,6.786,0.49,28
torture,4.714,1.717,35
torturer,5.344,1.428,32
toss,4.571,1.337,35
tosser,3.469,1.768,32
toucan,6.429,1.147,28
touch,4.853,1.717,34
touchy,2.743,1.38,35
tough,3.559,1.818,34
tour,5.333,1.247,33
tourist,5.486,1.296,35
toward,3.514,1.5,35
towel,6.724,0.518,29
tower,6.543,0.936,35
town,5.813,0.882,32
toxic,3.984,1.651,62
toxin,5.03,1.586,33
toy,6.353,0.997,34
toys,6.031,1.159,32
trace,3.765,1.395,34
trace (copy),4.861,1.619,36
trace (small amount),4.0,1.775,33
track,5.233,1.359,30
traction,4.063,1.657,32
traction (grip),4.382,1.476,34
traction (medical),5.046,1.492,22
tractor,6.588,0.911,34
trade,4.029,1.562,34
traffic,5.793,0.886,29
tragedy,2.818,1.486,33
tragic,2.188,1.158,32
trailer,5.879,1.008,33
train,6.687,0.628,67
train (bridal),5.97,1.141,33
train (practice),4.314,1.652,35
train (procession),4.5,1.5,34
train (vehicle),6.588,0.732,34
trainer,6.161,0.883,31
trainer (coach),6.091,1.138,33
trainer (shoe),6.394,0.919,33
traitor,4.147,1.927,34
tram,6.742,0.506,31
trample,4.733,1.34,30
trampled,4.971,1.382,34
trance,3.091,1.747,33
tranquil,2.515,1.48,33
transit,4.182,1.566,33
transition,3.057,1.433,35
transportation,5.394,1.496,33
trap,5.531,1.62,32
trapped,3.857,1.533,35
trash,5.971,1.2,34
trauma,2.903,1.489,31
traumatic,2.912,1.669,34
travel,4.29,1.325,31
traveller,4.939,1.496,33
tray,6.514,0.806,35
tread,4.057,1.548,35
treason,3.161,1.687,31
treasure,5.206,1.659,34
treasurer,5.583,1.233,36
treat,4.094,1.91,32
treaty,4.147,1.849,34
treble,3.559,1.575,34
treble (music),4.455,1.499,33
treble (triple),3.943,1.804,35
tree,6.862,0.345,29
trellis,5.417,1.801,24
tremble,4.8,1.527,35
trench,5.618,1.213,34
trend,2.853,1.556,34
trial,4.094,1.528,32
trial (courtroom),5.829,1.464,35
trial (test),4.429,1.661,35
triangle,5.353,1.892,34
triangular,5.0,1.938,33
tribal,4.235,1.535,34
tribe,4.733,1.59,30
tribute,3.727,1.619,33
trick,3.971,1.581,34
tricky,3.0,1.323,32
trim,4.412,1.286,34
trimmer,6.088,1.067,34
trinity,2.613,1.474,31
trinket,5.531,1.677,32
trio,5.229,1.475,35
triple,3.969,1.896,32
tripod,6.559,1.09,34
triumph,3.364,1.738,33
triumphant,3.147,1.574,34
troll,4.343,2.267,35
trophy,6.429,0.935,35
trot,4.455,1.208,33
trouble,3.2,1.582,35
troublesome,2.571,0.994,35
troubling,2.688,0.982,32
trousers,6.706,0.516,34
trout,6.417,0.894,36
truce,3.3,1.552,30
truck,6.697,0.46,33
TRUE,2.529,1.702,34
trumpet,6.794,0.583,34
truncheon,5.958,1.814,24
trunk,6.294,0.749,34
trunk (elephant),6.6,0.835,35
trunk (luggage),6.353,0.997,34
trunk (tree/body),6.429,0.904,35
trust,2.441,1.575,34
trustee,4.382,1.553,34
trustworthy,2.727,1.601,33
truth,2.265,1.633,34
tsunami,6.353,0.936,34
tube,6.059,1.259,34
tubular,4.143,1.505,28
tulip,6.371,0.929,35
tumble,4.656,1.632,32
tumbler,5.091,1.712,33
tumour,5.906,1.234,32
tune,4.094,1.355,32
turf,5.4,1.381,30
turtle,6.647,0.636,34
TV,6.677,0.716,34
tweed,5.448,1.162,29
tweet,4.727,1.523,33
tweet (bird),4.941,1.533,34
tweet (Twitter),4.4,1.93,35
tweezers,6.457,0.905,35
twig,6.265,1.171,34
twilight,4.455,1.616,33
twin,6.057,1.04,35
twins,6.387,0.939,31
Twitter,4.886,1.968,35
type,4.125,1.672,32
type (category),3.286,1.766,35
type (typeface),4.548,1.456,31
typewriter,6.667,0.765,33
typhoon,6.25,0.866,32
tyranny,3.333,1.468,30
tyrant,4.594,1.674,32
tyre,6.457,1.179,35
ugly,2.939,1.687,33
ulcer,6.171,0.941,35
umbrella,6.677,0.794,34
unbelievable,1.886,0.785,35
uncle,5.516,1.604,31
uncomfortable,2.656,1.406,32
under,3.774,1.791,31
underworld,2.485,1.76,33
undesirable,2.257,0.873,35
uneasy,2.412,1.004,34
unfaithful,2.563,1.499,32
unhappy,2.273,1.286,33
unicorn,4.242,2.487,33
unify,2.548,1.583,31
unique,2.156,1.228,32
unit,4.794,1.779,34
unit (item),5.031,1.759,32
unit (measure),4.882,1.711,34
unite,3.563,1.836,32
universal,3.152,1.909,33
universe,4.265,1.915,34
university,6.457,1.051,35
unsuccessful,2.735,1.596,34
untroubled,2.912,1.652,34
unusual,2.4,1.101,35
up,4.235,1.646,34
upgrade,4.143,1.71,35
upheld,2.97,1.291,33
uphold,2.588,1.417,34
upkeep,3.0,1.35,34
uplift,3.645,1.427,31
uplifting,2.657,1.308,35
upset,3.056,1.855,36
upset (sad),2.969,1.551,32
upset (unbalance),2.647,1.281,34
upset (unlikely victory),2.906,1.465,32
upward,4.121,1.513,33
urban,3.912,1.738,34
urge,2.879,1.409,33
urgent,2.813,1.014,32
urine,6.4,0.901,35
use,2.727,1.483,33
used,3.5,1.46,34
useful,3.114,1.737,35
useless,2.794,1.367,34
usher,4.588,1.593,34
usual,3.0,1.541,32
utensil,6.265,0.917,34
vacant,3.939,1.556,33
vacation,5.257,1.48,35
vaccinate,5.438,1.499,32
vaccination,5.8,1.369,35
vaccine,5.688,1.102,32
vacuum,5.091,1.897,33
vagina,6.467,0.763,30
vague,1.849,0.925,33
vain,3.156,1.734,32
valentine,4.0,1.688,33
valley,6.029,1.248,34
valour,2.519,1.45,27
valuable,3.382,1.698,34
value,3.088,2.12,34
vampire,3.8,2.352,35
van,6.727,0.565,33
vandal,5.143,1.71,35
vanish,3.03,1.946,33
vanity,2.257,1.518,35
vaporize,3.618,1.591,34
vapour,4.767,1.745,30
varied,3.177,1.504,34
various,3.167,1.443,36
varnish,5.594,1.32,32
vary,2.794,1.158,34
vase,6.529,1.036,34
vast,2.906,1.809,32
veal,6.088,1.401,34
vegetable,6.618,0.841,34
vehicle,6.321,0.928,28
veil,5.765,1.496,34
vein,6.471,0.813,34
veins,6.161,0.883,31
velocity,3.606,1.825,33
venom,4.8,1.618,35
venture,2.882,1.451,34
verb,3.563,2.091,32
verbal,3.667,2.025,33
verge,4.063,1.767,32
verse,3.853,1.611,34
verse (poetry),5.129,1.791,31
verse (stanza),4.441,1.684,34
version,2.844,1.787,32
versus,3.121,1.701,33
vessel,5.794,1.158,34
vest,6.286,1.161,35
vestibule,5.208,1.527,24
vet,6.242,1.181,33
vet (investigate),3.594,1.618,32
vet (veteran),6.029,1.028,35
vet (veterinarian),6.143,1.222,35
vicar,6.063,1.248,32
vicious,2.719,0.943,32
victim,4.371,1.675,35
victory,3.0,1.531,35
video,5.69,1.117,29
vigilance,3.226,1.288,31
vigilant,2.824,1.465,34
vigorous,2.861,1.653,36
vigour,2.938,1.435,32
vile,2.242,1.256,33
village,6.0,1.008,63
vinegar,6.4,0.712,30
viola,6.032,1.379,31
violate,3.25,1.714,32
violation,3.177,1.689,34
violence,4.618,1.681,34
violent,4.314,1.582,35
violet,4.765,1.664,34
violin,6.64,0.625,25
virgin,4.286,1.83,35
virile,3.222,1.197,27
virtue,2.118,1.231,34
virtuous,2.226,1.156,31
virus,5.088,1.704,34
visa,5.152,1.48,33
vision,4.294,2.108,34
vision (dream),2.656,1.651,32
vision (sight),4.529,1.576,34
visit,4.419,1.54,31
vitamin,5.677,1.585,34
vivid,2.588,1.611,34
vocation,3.576,1.478,33
vodka,6.697,0.577,33
voice,5.265,1.501,34
void,3.371,1.774,35
volcano,6.931,0.253,29
vole,6.643,0.666,28
volume,4.394,1.546,66
volume (amount),4.424,1.724,33
volume (loudness),4.286,1.845,35
voluminous,3.2,1.301,30
vomit,6.057,1.17,35
vote,4.844,1.543,32
voter,5.118,1.567,34
vow,3.2,1.77,35
vowel,3.97,1.766,33
vows,3.677,1.693,34
voyage,4.353,1.713,34
voyager,4.636,1.389,33
vulgar,2.281,1.179,32
vulture,5.909,1.311,33
wagon,6.323,0.778,31
waist,5.618,1.058,34
waistcoat,6.514,0.732,35
wait,3.5,1.243,34
waiter,6.118,1.105,34
waitress,6.5,0.777,34
wake,3.758,1.634,33
wake (awake),4.912,1.56,34
wake (funeral),5.313,1.488,32
wake (ship),5.8,1.376,30
wall,6.344,1.406,32
wallet,6.613,0.704,31
walnut,6.212,1.273,33
walrus,6.559,0.847,34
waltz,5.344,1.079,32
wand,5.967,1.197,30
wank,4.941,1.714,34
wanker,3.774,1.809,31
war,5.71,1.763,31
warble,3.84,1.759,25
ward,5.412,1.751,34
ward (child),5.04,1.536,25
ward (hospital),6.382,1.029,34
wardrobe,6.686,0.747,35
warehouse,6.686,0.574,35
warm,4.206,1.51,34
warmth,3.818,1.546,33
warn,3.2,1.67,35
warning,3.294,1.6,34
warrant,4.484,1.604,31
warrant (justify),2.824,1.445,34
warrant (search),4.714,1.541,35
wart,6.364,1.01,33
wasp,6.606,1.099,33
waste,4.324,1.89,34
wasteful,3.129,1.338,31
watch,5.735,1.737,34
watch (look),4.147,1.611,34
watch (wrist),6.677,0.674,34
water,6.571,0.688,35
waterfall,6.618,0.768,34
wave,5.6,1.377,35
wave (gesture),5.429,1.249,35
wave (water),5.543,1.537,35
weak,2.938,1.767,32
weakness,2.121,0.879,33
wealth,3.788,1.572,33
wealthy,3.765,1.816,34
weapon,6.469,0.79,32
weary,3.147,1.458,34
weasel,6.424,0.922,33
weave,4.97,1.314,33
web,5.441,1.265,34
web (internet),5.2,1.802,35
web (spider),6.647,0.536,34
wed,4.75,1.62,32
wedding,5.686,1.508,35
wee,3.771,1.623,35
week,3.839,1.648,31
weekend,3.469,1.803,32
weigh,3.594,1.558,32
weight,5.229,1.267,35
weird,2.606,1.099,33
weirdo,2.686,1.563,35
welcome,3.265,1.461,34
welfare,3.387,1.698,31
well,3.719,1.824,32
well (healthy),3.714,1.906,35
well (water),6.242,1.129,33
wench,4.968,1.513,31
whale,6.714,0.881,35
whalebone,5.667,1.656,27
wharf,4.913,1.613,23
wheat,6.412,1.032,34
wheel,6.371,0.929,35
wheelbarrow,6.765,0.597,34
which,2.4,1.377,35
whiff,3.029,1.341,35
whimper,3.727,1.238,33
whine,3.543,1.461,35
whip,6.182,1.359,33
whisker,6.0,1.477,33
whisky,6.433,0.883,30
whisper,3.844,1.349,32
whistle,5.849,1.104,33
white,4.839,1.798,31
whole,3.75,1.677,32
wholesale,4.667,1.837,33
wholesaler,5.903,1.088,31
whore,3.677,1.532,31
wicked,2.559,1.006,34
wife,5.531,1.561,32
wiggle,4.576,1.706,33
wigwam,6.129,1.362,31
wild,3.706,1.582,34
wildebeest,6.433,1.086,30
wilderness,5.281,1.736,32
wilds,4.333,1.295,33
wilt,4.152,1.48,33
win,4.057,1.835,35
wind,5.152,1.598,33
wind (breeze),4.914,1.991,35
wind (wrap around),4.677,1.387,34
windmill,6.581,0.708,31
window,6.743,0.602,35
wine,6.528,0.986,36
wing,6.03,1.141,33
wing (building),6.118,1.157,34
wing (improvise),2.618,1.476,34
wing (plane),6.636,0.643,33
wink,5.353,1.512,34
winner,4.182,1.546,33
winter,5.143,1.588,35
wiped,2.939,1.153,33
wire,6.206,1.079,34
wired,4.735,1.668,34
wired (electric),4.943,1.453,35
wired (hyper),3.059,1.608,34
wisdom,1.936,1.162,31
wise,2.719,1.397,32
wish,2.344,1.449,32
wistful,2.29,1.689,31
wit,2.742,1.367,31
witch,4.559,2.158,34
withdraw,3.5,1.334,34
wither,4.156,1.502,32
witty,2.714,1.209,35
wizard,4.303,2.222,33
woe,2.5,1.436,32
wolf,6.897,0.305,29
woman,6.515,0.857,33
womb,6.235,1.059,34
women,6.412,1.115,34
wonder,2.313,1.31,32
wonderful,2.375,1.083,32
wonky,3.333,1.45,33
wood,6.727,0.617,33
wood (forest),6.559,0.65,34
wood (lumber),6.647,0.636,34
woods,6.471,0.882,34
wool,6.273,0.993,33
word,4.6,1.945,35
words,3.469,1.695,32
work,5.059,1.474,34
workhouse,5.758,1.207,33
world,5.647,1.551,34
worm,6.613,0.748,31
worn,3.875,1.516,32
worried,2.889,1.729,36
worry,2.844,1.277,32
worse,2.515,1.019,33
worship,2.742,1.458,31
worst,2.412,1.574,34
worth,2.375,1.495,32
worthy,2.882,1.641,34
wound,5.758,0.889,33
wound (cut),6.086,0.906,35
wound (wrap around),4.531,1.436,32
wrap,4.714,1.7,35
wrapper,5.943,1.17,35
wrath,3.0,1.837,32
wreck,4.412,1.536,34
wrench,5.867,1.648,30
wrestle,5.546,1.499,33
wrestler,6.125,1.192,32
wrestling,5.765,1.535,34
wrist,6.656,0.814,32
write,5.059,1.552,34
writer,5.219,1.745,32
wrong,2.424,1.706,33
yacht,6.546,0.891,33
yak,5.219,1.916,32
yak (animal),6.483,1.276,29
yak (gab),3.741,1.554,27
yard,5.829,1.363,35
yard (distance),5.171,1.978,35
yard (lawn),6.371,0.897,35
yarn,5.818,1.266,33
yarn (fabric),6.114,1.326,35
yarn (tale),3.294,1.741,34
yeast,5.531,1.414,32
yellow,5.441,2.117,34
yeti,5.03,2.007,33
yield,3.625,1.746,32
yo-yo,6.455,0.82,33
yoga,5.324,1.429,34
yolk,6.267,0.814,30
young,3.781,1.596,32
youth,3.677,1.329,31
youthful,3.156,1.176,32
zeal,2.947,1.572,19
zebra,6.807,0.47,31
zephyr,3.813,2.068,16
zeppelin,6.286,0.92,28
zero,2.688,1.895,32
zest,4.438,1.694,32
zoo,6.118,1.105,34
zoology,4.429,1.841,35
