word,mean,std,n
aardvark,2.41,1.4,22
abalone,2.65,1.9,20
abandon,3.73,2.43,22
abandonment,4.95,2.64,21
abbey,2.2,1.7,20
abdomen,3.68,2.23,22
abdominal,3.5,1.82,22
abduct,5.9,2.57,20
abduction,5.33,2.2,21
abide,3.26,2.22,23
abiding,3.59,2.26,22
ability,4.85,2.74,20
abject,3.94,2.41,17
ablaze,6.75,2.12,20
able,3.38,2.25,21
abnormal,4.48,2.29,21
abnormality,5.0,2.62,22
abode,2.9,1.89,21
abolish,4.18,2.07,17
abominable,5.45,2.44,22
abomination,5.9,2.59,20
abort,5.8,2.44,20
abortion,5.43,2.38,47
abracadabra,5.27,2.64,22
abrasive,6.1,1.89,21
abreast,4.61,2.33,23
abrupt,5.23,2.0,22
abscess,4.0,2.38,20
absence,4.3,2.13,20
absent,3.72,2.48,25
absinthe,3.7,2.34,20
absolute,3.48,2.27,23
absolution,3.38,2.11,21
absolve,3.53,1.94,17
absorb,4.27,1.91,22
abstain,3.1,1.81,21
abstinence,3.15,2.37,20
abstract,3.96,2.9,24
absurd,4.02,2.06,43
absurdity,4.7,2.36,23
abundance,4.72,2.7,18
abundant,4.21,2.7,19
abuse,6.21,2.17,42
abusive,5.27,2.43,22
abysmal,3.91,1.98,23
abyss,4.85,2.41,20
academic,3.32,2.23,22
academy,3.77,2.16,22
accelerant,4.81,2.14,26
accelerate,6.04,1.77,23
accelerated,4.75,2.67,24
acceleration,6.73,2.1,22
accelerator,5.0,2.45,18
accent,4.95,2.67,20
accept,2.8,2.26,20
acceptable,3.65,2.33,23
acceptance,4.3,2.82,46
access,5.3,2.32,20
accessible,3.2,2.42,25
accessory,4.22,2.69,18
accident,4.93,2.56,43
accidental,4.0,2.47,20
acclaim,3.95,2.01,22
accommodate,3.0,1.61,18
accommodation,4.72,2.07,25
accompany,3.85,1.84,20
accomplice,4.5,2.61,20
accomplish,5.16,2.81,19
accomplishment,4.96,2.3,25
accord,2.85,1.9,20
accordion,2.94,2.21,18
account,3.76,2.49,21
accountability,3.7,2.27,20
accountable,4.2,1.96,20
accountant,3.81,2.18,21
accounting,3.68,2.4,22
accumulate,2.73,2.27,22
accuracy,3.33,2.18,21
accurate,4.35,2.25,23
accursed,5.33,2.13,21
accusation,5.48,2.23,23
accuse,5.32,2.08,22
ace,4.64,2.38,22
acetylene,3.67,2.06,21
ache,4.3,2.26,47
achieve,4.7,2.96,23
achievement,5.57,2.17,23
achy,4.48,1.89,21
acid,4.77,2.37,22
acknowledge,3.26,2.18,23
acknowledgement,3.3,2.3,23
acne,4.47,2.5,19
acorn,4.42,2.32,24
acoustic,4.0,2.43,22
acoustics,3.19,1.83,21
acquaintance,3.24,1.64,21
acquire,4.86,2.01,22
acquisition,4.36,2.44,22
acquit,4.56,2.71,18
acquittal,4.95,2.31,20
acre,2.73,1.7,22
acreage,3.74,2.0,23
acrobat,4.9,2.14,21
acrylic,3.73,2.31,26
act,4.19,2.29,21
action,6.19,2.56,21
action figure,4.65,2.39,20
activate,3.78,2.54,23
activation,3.52,2.33,23
active,5.62,2.09,21
activist,5.26,2.33,19
activity,4.86,2.48,21
actor,4.35,2.28,20
actress,5.43,2.18,21
actual,2.75,1.94,20
actuality,5.55,2.28,20
acupuncture,4.9,2.63,20
acute,5.09,1.95,22
ad,3.33,2.17,18
adage,3.38,1.88,21
adamant,5.74,2.4,19
adapt,3.9,2.36,20
adaptation,3.55,1.92,22
add,4.0,2.38,20
adder,3.24,2.36,17
addict,5.33,2.44,45
addicted,4.77,2.33,22
addiction,4.48,2.87,23
addictive,4.82,2.7,22
additional,3.61,2.17,18
address,3.05,2.06,20
adept,4.17,2.35,23
adequate,3.64,2.13,22
adhere,3.52,2.18,21
adhesive,3.2,1.99,20
Adidas,4.18,2.74,22
adjacent,2.78,1.96,18
adjective,3.64,2.1,25
adjoining,3.52,2.04,21
adjourn,3.15,1.93,20
adjust,3.0,2.07,23
adjuster,3.5,1.74,22
adjustment,4.59,2.36,22
admin,3.64,2.5,22
administer,3.86,2.23,22
administration,3.23,2.0,22
administrative,3.21,2.2,19
administrator,4.74,2.35,19
admirable,4.57,2.63,23
admiral,4.05,2.44,21
admiralty,4.27,2.33,22
admiration,5.52,2.19,23
admire,5.0,2.27,22
admired,5.95,2.16,21
admirer,6.0,2.25,22
admissible,2.9,1.71,20
admission,3.69,2.02,26
admit,3.35,2.43,20
admittance,3.6,1.5,20
ado,3.33,2.24,21
adobe,3.89,2.32,18
adolescence,5.1,2.53,21
adolescent,4.2,2.67,20
adopt,4.71,2.18,24
adoption,4.82,2.44,22
adoptive,4.4,2.14,25
adorable,4.66,2.79,38
adoration,4.36,2.28,22
adore,5.96,2.33,23
adoring,4.86,2.65,21
adrenalin,5.05,3.03,22
adrenaline,5.95,2.58,20
adrift,3.19,1.78,21
adult,4.36,2.5,22
adulterer,5.68,2.85,22
adultery,6.42,2.48,19
adulthood,4.28,2.53,25
advance,4.62,2.54,21
advanced,3.83,2.06,23
advancement,5.81,2.04,21
advantage,3.95,2.36,22
advantageous,5.7,2.08,20
adventure,6.36,2.4,42
adventurer,5.27,2.9,22
adventurous,6.67,2.06,18
adversary,4.41,2.04,22
adverse,3.89,2.22,18
adversity,3.82,2.61,22
advertise,4.29,2.31,21
advertisement,4.14,2.46,22
advertising,3.25,2.02,20
advice,3.05,2.38,21
advisable,4.36,2.19,22
advise,3.38,2.27,21
advisement,4.04,2.36,26
adviser,3.36,1.71,22
advisor,3.19,1.63,21
advisory,4.05,2.19,22
advocate,4.59,2.06,22
aerial,3.67,2.2,21
aerobics,5.1,2.17,21
aerodynamic,4.33,2.24,21
aerospace,4.52,2.29,21
aesthetic,2.88,2.21,24
affair,5.4,2.46,20
affect,3.61,2.23,23
affection,5.64,2.63,22
affectionate,4.77,2.65,22
affidavit,3.73,2.43,22
affiliation,3.9,1.97,21
affinity,4.29,2.33,21
affirmation,3.95,1.67,20
affirmative,3.64,2.13,22
affliction,5.1,2.25,20
afford,4.33,2.82,21
affordable,4.11,2.28,19
affront,4.5,2.46,20
afire,5.41,2.48,22
afloat,4.13,2.24,23
aforementioned,3.5,2.24,22
afraid,5.12,2.57,42
african,4.11,2.28,19
afterlife,4.32,2.9,22
aftermath,5.38,2.46,21
afternoon,3.48,2.09,21
aftershave,3.5,2.44,22
age,3.71,2.59,21
agency,3.17,1.97,23
agenda,3.62,2.26,24
agent,3.43,2.13,21
aggravate,5.9,2.19,21
aggravation,5.35,2.81,20
aggression,5.69,2.49,26
aggressive,5.87,2.53,23
aggressiveness,6.43,2.11,23
aggressor,6.55,1.57,20
agile,4.95,2.01,22
agility,4.21,2.29,42
aging,3.8,2.88,20
agitate,5.82,2.52,22
agitation,4.75,2.38,20
aglow,4.83,2.73,18
agonizing,6.71,1.95,21
agony,5.78,2.78,18
agree,3.62,2.09,21
agreeable,3.55,2.21,20
agreement,4.05,2.22,19
agricultural,3.55,2.18,22
agriculture,3.05,2.4,21
ahoy,3.95,2.2,21
aid,4.55,2.35,20
aide,4.0,1.66,22
aids,3.75,2.74,24
AIDS,5.0,2.6,20
ailing,4.52,2.48,21
ailment,3.68,2.25,22
aim,4.0,2.37,21
air,3.25,2.55,20
airbag,3.64,1.97,22
airborne,3.52,1.91,21
aircraft,4.86,2.46,22
aircraft carrier,4.64,2.59,22
airfield,4.38,2.22,21
airhead,4.3,2.32,20
airline,4.12,2.57,26
airliner,4.0,2.51,22
airlock,4.23,2.29,22
airplane,5.62,2.42,21
airport,5.5,2.78,20
airship,4.88,2.47,24
airspace,4.4,2.16,20
airspeed,4.33,2.79,18
airstrip,3.83,2.68,24
airtight,3.3,2.01,23
airway,4.0,1.97,21
aisle,2.5,1.44,22
ajar,3.26,2.32,23
aka,3.39,2.33,18
alabaster,3.95,2.06,21
alarm,6.85,2.39,20
alarm clock,5.36,2.77,22
alarming,6.5,2.09,20
albatross,3.09,1.6,22
albino,3.09,1.6,22
album,5.63,2.63,19
alcohol,5.17,1.86,18
alcoholic,5.48,2.69,23
alcoholism,5.0,2.45,24
alcove,3.32,2.39,25
alderman,3.05,1.89,22
ale,4.1,2.1,21
alert,5.14,2.41,43
alfalfa,3.67,1.91,21
algebra,4.6,2.66,20
algorithm,3.7,1.87,20
alias,4.71,2.05,21
alibi,4.5,1.88,20
alien,4.86,2.21,22
alienate,4.27,1.88,22
alienation,5.14,1.88,22
alight,3.86,2.03,21
align,3.32,1.91,22
alignment,3.92,2.34,24
alimony,3.09,2.45,23
alive,5.93,2.88,41
allegation,5.9,1.3,21
alleged,5.09,2.11,23
allegiance,5.17,2.21,23
allegro,3.89,2.95,18
allergic,5.4,2.44,20
allergy,3.9,2.17,21
alleviate,3.45,2.32,22
alley,4.08,2.28,38
alleyway,3.7,2.69,23
alliance,4.4,2.74,20
allied,3.38,1.94,21
alligator,5.36,2.3,22
allow,2.95,1.75,21
allowance,4.05,2.11,21
alloy,3.32,2.06,22
allure,4.25,2.55,20
alluring,4.35,2.46,20
ally,4.8,2.44,20
almanac,3.24,2.05,21
almighty,4.59,2.61,22
almond,2.89,2.13,19
aloha,3.82,2.13,22
alone,4.0,2.72,41
aloof,3.09,1.99,43
alpha,3.67,2.63,21
alphabet,3.15,2.25,20
alphabetical,3.0,1.7,21
alpine,3.52,1.89,21
altar,4.05,2.62,21
altar boy,3.11,2.13,19
alter,4.17,2.19,23
alteration,4.05,2.35,20
altercation,5.62,2.75,21
alternate,3.48,1.89,21
alternating,4.27,2.14,22
alternative,3.61,2.74,23
altimeter,3.61,2.1,23
altitude,4.15,2.52,26
aluminum,4.05,2.24,20
alumnus,3.23,2.0,22
alzheimers,4.5,2.35,22
amaretto,4.04,2.4,23
amateur,3.55,2.09,20
amaze,5.0,2.25,20
amazed,5.95,2.68,22
amazement,6.3,2.51,23
amazing,6.05,2.52,21
ambassador,3.91,2.16,22
amber,3.36,1.84,22
ambience,3.85,2.87,20
ambient,3.2,2.53,20
ambiguous,4.0,2.61,21
ambition,4.86,2.38,44
ambitious,5.76,1.81,21
ambrosia,4.05,2.31,20
ambulance,5.33,2.94,21
ambush,5.58,2.81,19
amend,3.06,2.1,18
amendment,3.5,1.92,18
amends,3.95,2.21,20
amiable,2.85,1.63,20
amino,3.83,1.97,24
ammo,5.53,2.34,19
ammonia,3.0,2.02,22
ammonium,4.37,2.61,19
ammunition,5.7,2.27,23
amnesia,5.04,2.48,23
amnesty,3.86,2.33,21
amorous,4.21,3.05,24
amount,3.53,1.98,19
amour,5.43,2.57,23
amp,5.05,2.36,21
amphibian,3.35,2.15,17
amphibious,5.7,1.75,20
ample,3.28,2.14,18
amputate,5.43,2.37,23
amputation,4.86,2.76,21
amuck,4.41,2.26,22
amulet,3.95,2.29,21
amuse,5.17,1.99,23
amused,4.27,2.76,22
amusement,4.82,2.7,22
amusing,5.18,2.11,22
anaconda,6.0,2.13,20
anagram,3.86,1.96,21
anal,4.29,2.77,24
analogy,3.95,2.27,19
analysis,3.74,1.94,19
analyst,3.24,2.12,21
analytical,4.13,1.91,23
analyze,4.1,2.17,21
analyzer,3.48,2.37,23
anaphylactic,5.57,2.77,21
anarchist,4.16,1.97,25
anarchy,4.86,2.64,22
anatomy,4.43,2.4,21
ancestor,3.73,2.41,22
ancestral,3.6,2.37,20
ancestry,3.71,2.24,21
anchor,3.32,2.08,22
anchorage,3.82,2.26,22
ancient,3.48,1.97,21
android,3.5,2.41,24
anecdote,4.65,2.55,23
anemia,4.09,2.39,23
anemic,3.45,1.79,20
anesthesia,3.64,2.06,22
anesthesiologist,3.56,2.25,18
anesthetic,3.23,1.82,22
aneurysm,5.38,2.33,21
angel,4.24,2.85,42
angelic,4.27,2.45,22
anger,5.93,2.77,43
angina,4.72,2.89,18
angiogram,3.61,2.68,23
angle,3.22,2.24,18
angora,2.95,1.56,22
angry,6.2,2.57,20
angst,5.76,2.55,21
anguish,5.41,2.72,22
anguished,4.79,2.54,43
animal,4.3,2.7,20
animated,5.77,2.29,22
animation,5.52,2.84,21
animosity,5.83,2.28,18
ankle,3.11,1.94,18
anklet,3.57,1.97,23
annals,2.6,2.21,20
annex,4.0,2.49,23
annihilate,6.44,2.53,18
annihilation,5.52,2.54,21
anniversary,4.0,2.68,21
announce,3.65,2.66,20
announcement,4.3,2.81,20
announcer,4.5,2.7,22
annoy,5.04,2.4,23
annoyance,4.1,2.59,20
annoyed,5.29,2.53,21
annoying,5.55,2.04,20
annual,3.7,1.84,23
annul,4.23,2.31,22
annulment,4.14,2.34,22
anointed,3.32,2.08,22
anomaly,4.25,2.45,20
anonymity,3.29,1.82,21
anonymous,4.13,2.2,23
anorexic,4.24,2.39,21
answer,4.0,2.89,43
ant,3.27,2.39,22
antagonistic,4.11,2.52,18
antagonize,4.95,2.11,20
antelope,4.46,2.72,26
antenna,3.15,2.11,20
anterior,3.36,2.34,22
anthem,4.48,2.27,21
anthill,4.63,2.17,19
anthrax,4.72,2.47,18
anthropological,3.82,2.42,22
anthropologist,3.27,2.33,22
anthropology,2.91,2.15,23
anti,4.23,2.52,22
antiaircraft,4.6,2.27,25
antibiotic,4.05,2.16,21
antibiotics,4.05,2.32,22
antichrist,5.58,2.4,26
anticipate,5.7,2.0,20
anticipation,5.39,2.55,18
antics,5.1,2.17,21
antidote,3.24,2.05,21
antigravity,5.1,2.65,20
antiquated,4.95,2.74,20
antique,4.0,2.35,25
antiques,3.68,2.71,22
antiseptic,3.15,2.03,20
antisocial,5.32,2.12,22
antsy,5.23,2.72,22
anus,4.39,2.33,18
anvil,4.4,2.11,20
anxiety,4.78,2.89,23
anxious,6.2,2.36,44
anytime,4.6,2.46,20
aorta,3.64,1.59,22
aortic,3.5,2.56,16
apache,3.7,2.13,20
apartment,3.8,2.76,20
apartments,3.28,1.99,18
apathy,3.8,2.21,20
ape,4.25,2.73,20
apex,3.48,2.29,21
aphrodisiac,5.96,2.46,23
apocalypse,5.04,2.9,24
apologetic,4.0,2.65,21
apologize,3.52,2.23,21
apology,4.0,2.14,22
apostle,4.38,2.28,24
apothecary,4.23,2.41,22
appalled,4.91,2.81,22
appalling,5.5,2.54,20
apparatus,4.0,2.37,21
apparel,4.3,2.22,23
apparent,3.19,2.06,21
apparition,4.82,2.13,22
appeal,3.57,2.13,21
appear,3.24,2.21,21
appearance,4.57,2.45,23
appease,3.55,2.28,22
appendage,4.35,2.4,23
appendectomy,6.14,2.46,21
appendicitis,5.12,2.6,25
appendix,2.92,1.89,24
appetite,5.37,2.39,19
appetizer,4.52,2.37,25
appetizing,4.82,3.0,22
applaud,5.05,1.75,19
applause,5.38,1.83,21
apple,3.52,2.06,21
apple juice,3.2,2.21,20
applejack,3.8,2.31,20
applesauce,2.78,2.0,23
appliance,2.84,1.88,45
applicant,3.96,2.24,25
application,4.52,1.95,23
apply,3.24,1.67,21
appoint,4.25,2.07,20
appointment,4.8,2.5,20
appraisal,4.09,2.09,22
appreciate,3.1,2.25,20
appreciation,4.68,2.44,22
appreciative,4.35,2.27,23
apprehend,5.13,2.28,23
apprehension,4.23,2.58,22
apprehensive,4.77,2.64,22
apprentice,3.59,1.71,22
approach,4.48,1.91,21
appropriate,4.04,2.06,23
approval,3.52,2.77,21
approve,4.09,2.29,22
approximate,3.82,2.2,22
apricot,4.29,2.12,21
apron,2.9,1.65,20
apt,4.05,2.32,19
aptitude,4.55,2.42,20
aqua,3.6,2.37,20
aquamarine,3.9,2.85,20
aquarium,4.3,2.54,20
aquatic,3.58,2.75,24
arbitrary,4.55,2.76,20
arbitration,4.41,2.28,22
arcade,6.1,2.47,20
arcane,3.61,1.92,23
arch,3.15,1.93,20
archaeological,4.52,2.14,21
archaeologist,4.14,2.22,21
archaeology,3.86,2.56,21
archaic,4.38,2.11,21
archangel,4.19,2.28,26
archbishop,3.78,1.98,23
archdiocese,3.41,2.67,22
archduke,3.56,2.04,18
archery,4.39,2.57,18
architect,3.25,2.12,20
architectural,4.05,2.77,21
architecture,4.39,2.59,23
archive,4.18,2.13,22
arctic,3.88,2.64,25
ardent,4.62,2.34,24
area,2.19,1.6,21
arena,4.23,2.58,22
argue,6.67,2.61,18
argument,5.22,2.68,23
argumentative,5.61,2.13,23
arise,4.76,2.3,21
aristocracy,4.15,2.39,20
aristocrat,3.6,2.01,20
aristocratic,3.18,2.08,22
arithmetic,4.0,2.38,26
ark,3.52,2.18,21
arm,3.44,2.05,45
armada,3.29,2.24,21
armament,4.65,2.53,23
armchair,2.75,1.98,24
armed,6.3,1.92,23
armor,3.29,2.44,24
armored,3.52,2.14,21
armory,4.48,2.32,21
armpit,3.57,1.78,21
army,4.49,2.63,43
aroma,4.35,2.19,23
arouse,6.21,2.5,24
aroused,7.3,2.47,20
arraignment,4.6,1.96,25
arrange,3.57,2.11,21
arrangement,3.0,1.89,20
array,3.71,2.0,21
arrest,6.86,2.24,21
arrhythmia,4.95,2.46,22
arrival,3.6,2.42,25
arrive,5.0,2.75,20
arrogance,4.65,2.35,20
arrogant,5.15,2.13,20
arrow,3.91,2.59,23
arsenal,5.48,2.24,25
arsenic,4.7,1.84,23
arson,5.41,2.5,22
arsonist,6.95,2.09,19
art,4.48,2.48,23
arterial,3.39,2.41,23
artery,4.09,2.35,23
arthritis,4.27,1.88,22
artichoke,3.5,2.48,22
article,3.5,1.71,22
articulate,4.27,2.59,22
artifact,4.95,2.28,20
artificial,4.17,1.71,24
artillery,4.56,2.59,18
artist,4.1,2.65,20
artiste,3.0,2.23,24
artistic,5.0,2.74,18
artistry,4.71,2.57,21
artwork,4.18,2.91,22
arty,5.53,2.55,19
asbestos,4.38,2.53,24
ascend,4.13,2.53,23
ascendant,3.23,2.0,22
ascending,3.73,2.23,22
ascension,5.36,2.26,22
ascertain,3.17,1.99,23
ashamed,5.65,2.39,20
ashtray,3.48,2.27,23
asinine,4.63,2.48,19
ask,3.48,2.16,21
asleep,2.0,2.43,21
asparagus,2.73,1.98,22
aspect,3.39,2.06,18
aspen,4.11,2.35,19
asphalt,3.2,1.88,20
asphyxia,6.14,2.37,21
asphyxiation,6.91,1.9,22
aspiration,5.0,2.41,21
aspire,3.68,2.51,22
aspirin,3.35,2.13,20
aspiring,4.41,2.89,22
ass,5.43,2.29,21
assailant,5.7,2.46,23
assassin,5.82,2.87,44
assassinate,6.38,2.33,21
assassination,6.2,2.75,20
assault,6.8,2.11,916
assemble,3.52,2.39,23
assembly,3.95,2.72,22
assemblyman,3.12,2.33,25
assert,4.64,2.13,22
assertive,5.55,2.39,20
assess,3.45,2.2,22
assessment,2.75,1.83,20
asset,4.43,2.84,21
asshole,6.38,2.77,21
assign,3.71,1.49,21
assignment,4.45,2.42,22
assimilate,4.15,1.95,20
assist,3.76,2.26,21
assistance,3.82,2.22,22
assistant,4.8,2.67,20
associate,3.11,1.94,18
association,3.67,1.5,18
assorted,3.52,2.16,21
assortment,3.88,2.2,26
assume,4.2,2.4,20
assumption,4.14,2.06,21
assurance,2.81,2.25,21
assure,3.1,2.14,21
asterisk,2.78,2.04,23
asteroid,5.6,2.33,20
asthma,4.5,2.45,26
asthmatic,3.38,2.79,24
astonish,5.38,1.98,26
astonished,5.73,2.27,22
astonishing,5.77,2.16,22
astound,5.05,2.4,21
astral,5.13,2.63,23
astrology,4.18,2.48,22
astronaut,4.4,2.09,20
astronomer,5.42,2.27,19
astronomical,5.0,2.14,21
astronomy,4.33,2.82,21
astute,3.16,2.24,19
asylum,5.55,2.28,20
atheist,4.76,2.84,21
athlete,4.75,2.75,20
athletic,5.0,2.45,22
athletics,4.93,2.76,44
atlas,2.5,1.74,22
atmosphere,4.0,2.28,21
atmospheric,4.09,2.21,23
atoll,3.55,1.82,20
atom,4.29,2.37,21
atomic,5.85,2.54,20
atone,4.0,2.29,22
atrium,3.57,1.96,21
atrocious,4.12,2.85,24
atrocity,5.0,2.65,23
atrophy,3.86,2.12,22
attach,3.81,1.91,21
attachment,2.96,2.42,24
attack,7.05,2.11,21
attacker,7.27,1.93,22
attain,3.11,2.19,18
attempt,4.94,2.29,18
attempted,3.64,2.32,22
attend,3.5,2.3,22
attendance,4.24,2.07,21
attendant,3.14,1.56,21
attention,4.05,2.48,21
attentive,4.37,2.22,19
attest,3.68,2.51,22
attic,3.45,2.35,20
attire,3.95,1.83,21
attitude,4.76,2.05,21
attorney,4.8,2.82,20
attract,5.35,2.81,23
attraction,5.4,2.62,20
attractive,4.91,2.94,22
attribute,4.12,2.28,25
auburn,3.62,1.8,21
auction,4.5,2.52,20
auctioneer,4.0,2.39,23
audacious,4.28,2.35,18
audacity,4.1,2.2,20
audible,4.45,2.54,22
audience,4.91,2.45,22
audio,4.29,2.08,21
audit,5.78,2.61,23
audition,4.24,2.45,21
auditor,3.7,2.41,20
auditorium,4.45,2.02,22
auditory,4.5,2.06,22
aunt,2.71,2.41,21
auntie,3.58,2.7,24
aura,4.7,2.72,20
auspicious,3.39,2.33,23
authentic,4.55,2.5,22
authenticate,4.36,2.38,22
authenticity,4.42,2.36,24
author,2.73,1.91,22
authority,5.35,2.33,23
authorization,4.32,2.36,25
authorize,4.67,2.44,24
autism,4.1,2.61,21
autistic,4.24,2.57,21
auto,4.95,2.7,22
autobiographical,3.74,2.51,23
autobiography,2.85,1.6,20
autograph,3.55,2.26,20
autographed,4.65,2.29,23
automated,4.05,2.42,22
automatic,3.7,2.45,20
automobile,3.91,1.82,22
automotive,4.5,1.54,20
autonomy,4.09,2.23,23
autopilot,4.11,2.35,19
autopsy,4.36,2.87,22
autumn,3.21,2.34,43
auxiliary,3.61,2.19,23
avail,3.77,1.93,22
availability,4.38,2.67,21
available,4.04,2.48,24
avalanche,6.55,2.46,20
avenge,6.35,2.13,26
avenging,6.1,1.97,21
avenue,3.3,2.24,43
average,3.29,1.79,17
aversion,5.14,2.46,22
avert,3.62,1.94,21
aviation,4.05,2.59,22
aviator,4.67,2.46,21
avid,4.32,2.01,22
avocado,4.05,2.3,22
avoid,3.92,2.06,24
avoidance,4.95,2.39,20
await,2.91,1.9,22
awake,5.5,2.67,20
awaken,4.29,2.2,24
awakening,4.67,2.5,24
award,5.85,2.89,20
aware,4.7,2.56,20
awareness,3.73,2.55,22
awe,3.83,2.85,23
awed,4.21,2.26,42
awesome,6.05,3.09,20
awful,4.86,2.87,21
awkward,4.55,2.35,20
awkwardness,4.65,2.61,26
awning,2.9,2.07,20
axe,5.64,2.61,22
axis,3.92,2.02,25
axle,2.45,2.2,22
babble,4.0,2.28,24
babe,4.25,3.08,20
baboon,5.11,2.11,19
baby,4.97,2.65,38
babysit,3.67,1.98,21
babysitter,3.48,1.78,21
Bacardi,4.36,2.46,22
bachelor,4.14,1.96,21
bachelorette,4.09,2.51,22
back,2.59,1.79,22
backboard,3.41,1.82,22
backbone,4.05,2.58,21
backdoor,3.85,2.24,26
backdrop,2.7,1.84,20
backer,3.53,1.71,19
backfire,4.79,2.42,19
backgammon,2.06,1.39,18
background,3.67,1.77,21
backhand,4.61,2.03,18
backpack,3.68,2.38,22
backroom,3.5,2.28,18
backseat,3.32,2.08,22
backside,3.68,2.19,22
backtrack,3.15,1.73,20
backup,3.45,2.3,22
backwater,3.84,2.37,25
backwoods,2.57,2.01,21
backyard,3.88,2.55,26
bacon,4.16,2.84,25
bacteria,4.24,2.53,21
bacterial,5.0,2.65,22
bad,4.86,2.69,21
badass,6.68,2.19,19
badge,4.4,2.41,20
badger,4.35,2.12,23
badness,4.38,2.94,21
bag,3.43,2.2,21
bagel,3.6,1.82,20
baggage,4.0,2.53,21
baggie,3.55,2.65,20
baggy,4.05,2.26,22
bagman,2.7,2.13,20
bail,3.91,2.27,22
bailiff,4.33,2.29,21
bait,3.5,2.02,22
bake,5.0,2.87,18
bakery,3.86,2.87,22
balance,4.13,2.03,23
balcony,4.0,2.14,21
bald,3.71,2.0,21
balding,3.38,2.29,21
baldy,2.7,1.94,23
bale,2.78,1.86,18
ball,3.48,2.02,21
ballad,3.6,1.85,25
ballast,4.06,1.98,18
ballerina,3.73,2.21,22
ballet,3.72,2.52,18
ballgame,4.65,2.76,20
ballistic,4.09,2.65,22
ballistics,5.58,2.36,19
balloon,3.9,2.57,21
ballot,4.15,2.54,20
ballpark,3.85,2.23,20
ballplayer,4.09,2.51,22
ballpoint,2.46,2.0,24
ballroom,4.27,2.29,22
ballsy,5.29,2.37,21
balm,3.36,2.4,25
balmy,4.23,2.76,22
bam,3.96,2.91,24
bamboo,3.2,2.42,20
ban,5.2,2.44,20
banana,3.21,2.19,24
band,4.52,2.93,21
bandage,3.64,2.04,22
bandanna,3.15,1.87,20
bandit,5.18,2.77,22
bandstand,3.54,2.77,24
bandwagon,3.95,2.09,21
bandwidth,3.43,2.42,21
bane,3.95,2.8,20
bang,6.09,2.48,23
banger,3.33,2.32,24
banish,4.71,2.61,24
banister,2.55,1.79,20
banjo,3.53,2.32,19
bank,4.19,2.93,21
banker,3.38,2.52,24
banking,4.24,2.19,21
bankroll,4.95,2.53,19
bankrupt,5.49,2.62,49
bankruptcy,5.39,2.21,23
banner,3.55,2.16,20
banquet,4.57,2.35,23
banshee,5.09,2.79,23
banter,3.5,2.19,20
banzai,4.73,2.25,22
baptism,3.96,2.51,23
baptize,3.32,2.42,22
bar,4.53,2.46,40
barbarian,6.26,2.16,19
barbaric,5.6,2.5,20
barbecue,5.55,2.76,20
barbed,5.1,2.29,20
barber,3.18,1.92,22
barbershop,3.18,1.82,22
barbie doll,3.96,2.46,23
bard,2.94,2.04,18
bare,4.65,2.43,26
barefoot,4.33,2.61,21
barf,5.0,2.6,20
bargain,5.48,2.41,23
bargaining,4.14,2.49,22
barge,3.15,2.21,20
baritone,4.0,2.05,21
barium,2.91,1.72,22
bark,3.4,2.3,20
barkeep,3.71,2.41,21
barley,3.62,2.33,26
barmaid,4.6,2.62,20
barman,4.95,2.04,21
barn,3.57,2.11,21
barnacle,3.52,1.97,21
barnyard,2.55,1.79,22
barometer,2.88,1.87,17
baron,3.88,1.74,25
baroness,4.36,2.15,22
barracuda,5.16,2.49,25
barrage,3.96,1.99,25
barrel,3.43,2.5,21
barren,3.59,2.48,22
barricade,4.23,2.62,22
barrier,4.7,2.05,20
barrister,3.18,2.3,22
barroom,4.65,1.6,20
bartender,4.95,2.74,20
barter,4.74,2.08,19
base,3.1,2.17,20
baseball,3.15,2.54,20
baseball bat,3.39,2.17,18
baseline,2.52,2.36,21
baseman,3.95,2.28,22
basement,3.33,2.32,24
bash,5.14,2.66,22
bashful,4.36,2.61,22
basic,2.95,1.81,22
basics,3.14,2.03,21
basil,3.82,2.28,22
basin,2.77,1.97,22
basis,2.68,1.78,22
bask,3.86,2.08,22
basket,2.48,1.4,21
basketball,4.35,3.07,23
bass,4.87,2.69,23
bass guitar,4.88,2.67,25
bastard,5.1,2.27,41
bat,4.57,2.52,23
batch,3.29,1.85,21
bath,3.25,2.35,40
bathe,3.15,2.23,20
bathhouse,4.0,2.54,23
bathing,3.23,2.45,22
bathrobe,4.05,2.86,20
bathroom,2.86,1.91,43
bathtub,3.63,2.56,43
baton,3.64,2.13,22
battalion,4.76,2.4,25
batter,3.85,2.39,20
battered,3.86,2.57,22
battering,4.67,2.57,18
battery,3.95,2.35,20
battle,6.25,2.94,20
battlefield,6.48,2.19,23
battleground,5.76,2.61,21
battlements,4.52,2.47,23
battleship,3.41,2.36,22
batty,4.05,2.72,22
bauble,3.83,2.25,23
bawl,4.86,2.55,22
bay,3.26,2.21,19
bayonet,4.45,2.56,22
bayou,3.81,2.29,21
bazaar,5.9,1.95,21
bazooka,6.1,2.19,21
be,3.43,2.31,21
beach,5.1,2.23,21
beacon,4.52,2.48,23
bead,3.4,2.41,20
beady,3.73,2.29,22
beak,2.81,2.14,21
beaker,3.79,2.1,19
beam,3.59,2.48,22
bean,2.95,2.46,20
beanbag,3.0,2.37,22
beanie,3.58,2.12,24
bear,4.5,3.07,20
bearable,3.57,2.27,23
beard,3.18,2.08,22
bearded,5.53,2.63,19
bearer,4.7,2.18,20
bearings,3.29,2.24,21
bearskin,3.95,2.56,21
beast,5.83,2.38,18
beastly,6.22,2.02,23
beat,5.52,2.34,21
beater,4.22,2.58,23
beatnik,4.21,2.48,24
beautiful,5.71,2.82,41
beauty,4.89,2.78,47
beaver,4.05,2.26,22
bebop,3.95,2.61,20
become,3.43,2.11,21
bed,3.0,2.32,21
bedding,3.65,2.76,20
bedpan,5.05,2.5,21
bedroom,4.9,2.95,20
bedside,2.96,1.6,24
bedspread,2.7,1.69,20
bedtime,3.76,2.37,25
bee,5.65,2.4,23
beef,4.37,2.31,19
beefsteak,4.05,1.93,20
beehive,5.39,2.68,23
beep,3.82,2.28,22
beeper,3.16,1.92,19
beer,4.3,2.98,20
bees,5.53,2.28,43
beeswax,3.62,1.99,21
beetle,4.45,2.3,22
befall,4.24,2.21,21
befriend,4.25,2.53,20
beg,4.65,2.48,20
beggar,4.29,2.18,42
begin,2.85,2.23,20
beginner,3.5,1.99,22
beginning,3.0,2.7,20
begrudge,4.47,1.71,19
behave,3.72,2.42,18
behavior,4.27,2.16,22
behavioral,4.1,2.64,21
behold,3.88,2.2,25
beholden,3.24,2.39,21
beige,2.6,2.3,20
belated,3.19,1.86,21
belay,3.43,1.8,21
belch,4.77,2.58,22
belief,3.95,2.36,21
believable,4.05,1.99,21
believe,3.33,2.15,21
believer,4.1,2.61,21
belittle,4.05,2.01,21
bell,4.7,2.34,20
bellboy,3.13,1.6,23
bellhop,4.0,2.49,23
belligerent,5.0,2.77,21
bellman,3.25,2.01,24
bellow,4.75,2.27,20
belly,3.75,2.17,20
bellybutton,4.95,2.3,19
bellyful,3.28,2.19,25
belong,2.9,2.43,20
belongings,3.96,2.24,26
beloved,4.91,2.76,23
belt,3.45,2.42,22
beluga,3.77,2.16,22
bench,3.46,2.19,46
bend,4.4,2.28,20
benefactor,2.95,2.16,20
beneficial,4.18,1.99,22
beneficiary,4.45,2.13,22
benefit,3.53,2.32,17
benevolence,4.35,1.9,20
benevolent,3.6,2.39,20
benign,3.26,2.3,23
benzene,3.95,3.15,20
bequeath,4.39,1.79,18
bereaved,5.23,2.71,22
bereavement,4.45,2.04,22
beret,3.78,2.44,18
berserk,5.08,2.67,26
berth,2.71,1.97,24
beryllium,3.87,2.47,23
beseech,4.77,2.18,22
bestow,3.8,2.09,20
bestseller,5.89,2.0,18
bet,4.76,2.76,21
beta,3.6,2.66,20
betray,5.33,2.51,42
betrayal,5.71,2.0,21
beverage,3.38,1.83,21
beware,5.24,2.14,21
bewildered,4.57,1.83,23
bias,4.27,2.68,22
biased,5.52,2.18,21
bib,3.57,2.04,23
bible,3.65,2.25,20
biblical,3.73,2.45,22
bicarbonate,3.5,1.99,22
bicentennial,4.7,2.3,20
biceps,4.42,2.72,24
bicker,5.13,1.91,23
bicycle,3.95,2.29,21
bid,4.0,2.12,22
bidder,3.5,1.93,20
bidding,4.91,2.14,22
bide,3.61,2.48,18
big,4.33,2.42,21
bigamy,4.36,2.22,22
biggie,3.76,2.34,21
bighorn,4.65,2.48,23
bigmouth,5.3,2.52,20
bigot,5.37,2.41,19
bigotry,6.15,1.31,20
bike,3.62,2.37,24
biker,4.04,2.6,24
bikini,5.43,2.46,23
bilateral,2.86,1.82,21
bile,4.1,2.49,20
bilge,3.73,1.91,22
bill,4.0,2.57,21
billboard,4.0,2.32,20
billiard,4.0,1.93,22
billing,5.18,2.46,22
billion,5.44,2.83,18
billionaire,6.75,2.4,20
bimbo,3.52,2.24,25
bin,3.04,2.21,25
binary,3.29,2.05,21
bind,4.53,2.34,19
binder,3.17,1.95,18
binding,4.21,1.96,24
binge,5.18,1.84,22
bingo,5.0,2.98,22
binoculars,2.58,2.5,24
bio,3.14,1.78,22
biochemical,4.21,2.72,24
biochemist,4.19,2.09,21
biochemistry,3.67,2.06,21
biographer,3.05,1.75,21
biography,3.0,2.5,24
biological,3.52,2.65,25
biologist,3.27,1.83,22
biology,4.1,2.22,20
bionic,5.18,2.42,22
biopsy,3.46,2.87,24
bipolar,5.0,2.98,22
birch,2.85,1.87,20
bird,3.83,2.48,18
birdcage,4.23,2.09,22
birdie,3.43,1.86,21
birdman,4.15,2.46,26
birth,5.75,2.73,20
birthday,4.6,2.89,20
birthing,6.4,1.85,20
birthmark,3.0,1.78,20
birthplace,3.41,2.56,22
birthright,4.58,2.63,19
biscuit,2.91,2.0,22
bisexual,4.5,1.87,22
bishop,3.77,2.09,22
bisque,2.78,1.77,18
bistro,4.33,2.48,24
bit,3.86,2.39,21
bitch,5.95,2.73,21
bitchy,4.83,2.26,18
bite,5.1,2.31,20
biter,5.27,2.01,26
bitsy,3.05,1.99,22
bitter,4.64,3.3,22
bitterness,5.1,2.21,21
bittersweet,4.21,1.81,19
bitty,3.6,2.14,20
biz,4.42,2.63,19
bizarre,5.0,2.35,22
blab,4.74,2.38,23
blabbermouth,4.48,2.4,25
black,3.58,2.41,38
black snake,5.76,2.53,21
blackberry,3.24,2.66,21
blackbird,3.5,2.28,22
blackboard,4.0,2.63,23
blacken,3.95,2.26,22
blackface,4.43,2.38,21
blackjack,5.05,2.4,22
blacklist,4.0,2.29,22
blackmail,5.44,2.28,43
blackmailer,5.11,3.07,18
blackness,4.52,2.86,21
blackout,4.89,2.4,19
blacksmith,3.24,2.08,17
bladder,3.78,2.09,23
blade,4.52,2.87,23
blame,4.81,2.84,21
blameless,3.74,2.66,19
bland,2.43,1.58,42
blank,2.9,2.29,20
blanket,2.23,1.74,22
blare,4.68,2.06,22
blase,3.62,2.44,21
blasphemous,4.62,2.67,21
blasphemy,5.65,2.43,43
blast,4.5,2.09,18
blaster,5.0,2.28,18
blastoff,5.2,2.76,20
blatant,4.62,2.31,21
blaze,5.33,2.35,21
blazer,4.22,2.82,18
bleach,5.3,2.45,20
bleak,3.18,1.97,22
bleed,5.0,2.31,22
bleeder,5.9,2.05,20
bleep,4.85,2.6,20
blemish,4.81,1.66,21
blend,3.48,1.75,21
blender,4.05,2.04,21
bless,4.57,2.53,47
blessed,3.55,2.68,20
blessing,4.21,2.42,19
bleu,3.67,2.35,24
blight,4.24,2.19,21
blimp,3.59,1.99,22
blind,3.73,2.1,22
blindfold,3.65,2.41,20
blinding,5.24,2.64,21
blindness,4.78,2.51,18
blink,3.12,1.83,17
blip,4.4,1.96,25
bliss,4.13,2.77,23
blissful,3.74,2.36,23
blister,4.7,2.7,43
blistering,3.61,2.76,23
blitz,5.9,2.28,21
blizzard,6.53,2.25,19
bloat,3.78,2.34,18
bloated,3.0,1.92,20
blob,3.57,2.42,21
block,4.25,2.71,20
blockade,3.4,2.72,20
blockage,4.19,2.2,21
blockbuster,5.35,2.58,20
blockhead,4.25,2.47,20
blog,3.61,2.21,23
bloke,4.24,1.45,21
blond,3.0,2.25,18
blonde,5.75,2.43,20
blood,5.76,1.67,21
bloodbath,4.86,2.8,22
bloodhound,4.59,2.68,22
bloodline,4.0,2.2,23
bloodshed,5.22,2.69,18
bloodshot,4.72,2.49,18
bloodstream,3.77,1.93,22
bloodthirsty,4.9,2.73,20
bloody,5.76,2.32,41
bloom,4.87,2.32,23
bloomers,4.57,2.04,21
blooming,3.04,2.4,23
blossom,4.75,2.79,20
blot,3.05,1.68,22
blotter,4.14,2.14,22
blouse,3.24,2.49,21
blow,4.48,2.32,21
blowfish,3.95,2.56,20
blowjob,6.5,2.55,24
blowout,4.78,2.56,23
blowtorch,5.76,2.21,21
blubber,4.27,2.41,22
blue,3.69,2.4,45
blue spruce,3.1,2.0,21
blueberry,3.23,2.64,22
bluebird,3.55,2.16,20
bluegrass,3.35,1.87,20
bluejay,3.43,2.27,21
blueprint,3.71,2.54,24
blues,3.61,2.15,23
bluff,4.17,2.15,18
blunder,4.14,2.63,21
blunt,4.61,2.23,23
blur,3.88,1.96,24
blurry,2.83,1.47,18
blurt,4.64,2.22,22
blush,4.74,2.14,23
boa,5.23,2.84,22
boa constrictor,5.06,2.19,17
boar,3.08,2.14,25
board,3.52,1.89,21
board game,4.4,2.3,20
boarder,3.75,1.98,24
boarding,3.25,2.29,20
boardroom,3.75,1.94,20
boardwalk,4.08,2.4,25
boast,4.36,2.7,22
boat,4.05,2.18,21
boathouse,4.83,2.72,23
boating,4.64,2.24,22
boatload,4.29,2.12,21
boatman,3.6,2.04,20
bobcat,5.0,2.53,22
bobsled,4.57,2.01,21
bode,4.0,1.61,18
bodega,4.0,2.62,22
bodily,3.71,2.26,17
body,4.62,2.11,21
bodyguard,4.55,2.37,20
bog,3.68,2.29,25
bogey,4.86,2.22,21
bogeyman,4.67,2.61,21
bogus,5.32,2.19,22
bohemian,4.79,2.45,24
boil,5.42,2.24,19
boiler,3.23,2.09,22
bold,4.86,2.42,43
bollocks,4.38,2.65,24
bolt,4.55,2.67,20
bomb,5.71,2.82,45
bombardier,4.48,2.52,21
bombardment,5.48,2.04,21
bomber,6.24,2.12,21
bombing,7.11,1.91,18
bombshell,5.5,2.5,20
bonanza,4.42,2.61,26
bonbon,4.17,2.31,23
bondage,5.65,2.72,20
bonding,3.81,1.97,21
bondsman,4.24,2.66,21
bone,4.75,2.59,20
bonehead,4.46,2.58,26
boner,5.15,2.16,20
bonfire,4.67,2.58,21
bong,4.05,2.66,22
bonkers,5.08,2.37,26
bonnet,2.96,2.23,23
bonny,3.22,1.96,18
bonsai,4.1,2.45,20
bonus,6.9,2.4,20
bony,4.89,2.28,19
boob,5.3,2.95,23
booby,5.33,2.39,21
booger,3.8,2.07,20
boogeyman,5.09,2.52,22
boogie,4.55,2.56,20
book,3.13,2.4,39
bookcase,3.38,1.99,21
bookie,4.0,1.95,21
bookkeeper,3.61,2.25,18
bookkeeping,3.48,2.09,21
booklet,3.55,2.24,20
bookmaker,3.09,2.0,22
bookmark,3.0,2.32,20
bookshop,4.22,2.62,18
bookstore,4.25,2.71,20
bookworm,2.47,1.58,19
boom,5.57,2.0,23
boomer,3.77,2.25,22
boomerang,4.57,2.89,21
boon,3.45,2.11,20
boost,4.7,2.54,20
booster,3.39,2.13,23
boot,3.95,2.17,22
booth,4.35,2.52,20
bootleg,4.69,2.6,26
bootlegger,4.85,2.41,20
boots,3.52,2.62,21
booty,5.43,2.4,21
booze,5.08,2.84,24
bop,3.95,2.24,20
bopper,3.23,2.11,22
border,4.3,2.4,23
borderline,4.39,2.57,23
bored,3.65,2.54,20
boredom,2.58,1.88,26
boring,2.85,1.87,20
born,3.9,2.68,21
boron,2.91,2.04,22
borough,3.45,1.88,20
borrow,4.55,2.28,20
bosom,4.7,2.85,20
boss,4.43,2.25,21
bossy,4.68,2.55,22
botanical,3.25,2.1,20
botany,3.0,2.0,23
bother,4.2,2.67,20
bottle,3.32,1.84,22
bottleneck,4.48,2.68,21
bottling,3.61,2.61,23
bottom,3.19,1.97,21
bottomless,4.3,2.83,20
botulism,4.57,2.18,21
bounce,4.68,2.78,22
bouncer,4.33,2.43,18
bouncy,4.54,2.5,26
bound,5.55,2.46,20
boundary,4.17,2.43,18
bountiful,4.43,2.37,23
bounty,4.85,2.32,20
bouquet,3.33,2.17,42
bourbon,5.95,2.95,20
bout,3.67,2.7,24
boutique,4.33,2.29,21
bovine,3.5,2.18,22
bow,3.85,2.39,20
bowel,3.57,2.68,21
bowels,3.67,2.17,18
bowl,3.21,2.2,47
bowler,3.64,2.34,22
bowling,4.05,2.69,21
box,2.67,1.8,21
boxcar,4.21,2.02,19
boxer,4.14,2.45,43
boxers,4.52,2.25,21
boxing,5.73,3.15,22
boy,4.11,2.49,45
boycott,5.0,2.41,20
boyfriend,4.9,3.1,21
boyhood,3.45,2.14,20
boyish,4.63,2.01,19
boysenberry,3.19,1.81,21
bozo,4.32,2.66,22
bra,3.92,2.24,24
brace,3.9,2.26,21
bracelet,3.96,2.65,24
bracket,3.15,1.9,20
brag,3.5,2.19,20
braid,3.9,2.66,21
brain,3.35,2.78,20
brainless,3.95,2.44,22
brainstorm,4.29,2.84,24
brainwash,5.9,2.36,20
brainy,5.05,2.44,20
brake,3.82,2.65,22
bran,2.26,1.85,19
branch,2.67,1.91,18
brand,2.82,2.32,22
brandy,3.86,2.34,22
brash,3.55,2.22,22
brass,4.0,2.43,20
brass knuckle,5.23,2.29,22
brassiere,4.68,2.38,19
brat,4.67,2.01,21
bratwurst,2.75,1.65,20
bravado,4.7,2.41,20
brave,4.95,2.28,43
bravery,5.84,2.29,19
brawl,5.38,2.5,21
brawn,4.65,1.63,20
brazen,5.67,1.59,21
breach,3.46,2.64,24
bread,3.85,2.3,20
breadth,3.61,2.12,18
break,4.71,2.26,21
breakaway,4.6,2.46,20
breakdown,4.73,2.62,22
breaker,4.75,2.43,20
breakfast,5.0,2.49,20
breaking and entering,5.68,2.75,22
breakthrough,5.68,2.4,22
breakup,6.33,1.53,21
breast,5.39,2.95,18
breath,2.35,1.9,20
breathe,2.6,2.19,20
breather,2.85,1.66,20
breathless,5.73,2.27,22
breathtaking,5.38,2.84,21
breech,3.57,2.71,23
breed,4.1,2.43,21
breeder,3.79,2.54,24
breeding,3.95,2.68,20
breeze,3.2,2.5,44
breezy,4.19,2.82,21
brethren,3.71,2.0,21
brew,3.5,2.48,18
brewery,4.75,2.97,20
brewing,5.85,2.41,20
briar,4.0,2.39,22
bribe,4.44,2.28,18
bribery,5.05,2.3,19
brick,2.53,1.81,19
bridal,4.84,2.87,19
bride,4.5,2.82,44
bridegroom,4.33,2.82,24
bridesmaid,4.82,2.87,22
bridge,3.48,2.73,21
brief,3.42,2.21,24
briefcase,3.59,1.99,22
briefing,3.58,2.19,26
brig,3.29,2.31,21
brigade,4.44,2.24,25
bright,5.0,2.45,20
brighten,5.32,2.64,22
brightness,4.39,2.39,23
brilliance,5.24,2.7,21
brilliant,5.95,2.8,20
brim,4.0,2.22,23
brimstone,3.87,2.2,23
bring,4.29,2.05,21
brink,4.22,2.52,23
brisk,5.3,2.6,20
brisket,4.27,2.27,22
brittle,4.42,2.4,26
bro,3.77,2.37,22
broach,3.29,2.12,21
broad,3.26,2.51,19
broadcast,4.41,2.13,22
broadcasting,4.14,2.34,22
broaden,3.16,2.01,19
broadside,3.16,2.36,19
broadsword,4.62,2.4,21
broccoli,2.48,1.44,21
brochure,3.43,2.4,21
broken,4.86,2.08,21
brokenhearted,5.41,3.19,22
broker,3.77,1.88,22
brokerage,3.57,2.36,21
bromide,2.75,1.87,24
bronco,4.25,2.57,20
bronze,3.62,2.55,24
brooch,3.64,2.26,22
brood,2.57,1.99,21
brooding,4.0,2.55,20
brook,3.33,2.54,21
broom,3.33,1.43,21
broomstick,3.32,2.28,22
broth,2.27,1.49,22
brothel,5.4,2.37,20
brother,4.48,2.49,42
brotherhood,5.14,2.59,22
brotherly,4.44,2.83,18
brow,3.23,2.18,22
brown,3.32,2.19,22
brownstone,2.94,1.78,17
browse,3.57,1.91,21
bruise,4.04,2.84,23
bruising,4.96,2.29,23
brunch,4.09,2.07,22
brunette,4.15,2.64,20
brunt,3.96,2.85,24
brush,3.18,1.71,22
brutal,5.13,2.68,45
brutality,4.96,2.31,23
brute,4.85,2.58,20
brutish,4.74,2.32,23
bubble,4.19,2.34,21
bubbly,4.77,2.22,22
bubonic,5.78,2.37,18
buck,4.7,2.74,20
buckaroo,4.29,2.1,21
bucket,2.96,1.88,24
buckle,3.76,2.39,17
bucko,3.32,2.33,19
buckshot,5.15,2.74,20
buckwheat,2.7,2.12,23
budding,4.48,2.38,21
buddy,4.57,2.27,21
budge,3.95,2.26,20
budget,3.33,1.88,21
Budweiser,4.09,2.91,22
buff,4.59,2.5,22
buffer,4.05,1.96,21
buffet,4.95,2.7,19
buffoon,5.7,1.98,20
bug,6.06,2.39,18
bugger,3.3,1.92,23
buggy,4.04,1.99,23
bugle,4.41,2.11,22
bugler,4.15,2.68,20
build,3.38,2.18,21
builder,3.32,2.17,22
building,3.35,2.22,49
buildup,3.55,1.9,20
bulb,3.26,2.4,19
bulge,4.05,1.94,21
bulimic,4.3,2.49,23
bulk,3.43,2.34,21
bulkhead,3.65,1.87,20
bulky,3.95,1.81,22
bull,4.9,2.85,20
bulldog,3.72,2.32,18
bulldozer,4.05,2.72,20
bullet,5.89,2.65,44
bulletin,2.95,2.01,21
bulletproof,6.8,2.07,20
bullfighter,4.61,2.5,18
bullfrog,2.88,2.23,17
bullheaded,4.64,2.75,22
bullhorn,3.8,2.33,20
bullion,3.8,2.78,20
bullpen,4.52,2.15,23
bullshit,7.0,2.19,21
bully,5.86,2.12,22
bum,4.39,2.5,23
bumblebee,4.38,3.04,21
bummer,4.32,2.57,22
bump,4.75,2.15,20
bumper,3.45,1.71,22
bumpy,4.76,1.67,21
bun,3.05,2.09,20
bunch,2.81,1.97,21
bundle,3.48,2.33,23
bungalow,3.64,2.61,22
bungee,6.35,2.83,20
bunghole,4.59,2.67,22
bunion,4.11,2.28,19
bunk,3.53,1.93,19
bunker,4.23,2.27,22
bunkhouse,3.9,2.47,20
bunny,3.86,2.72,44
buoy,2.68,1.46,22
burden,3.96,2.16,23
burdened,4.1,2.28,21
bureau,3.74,2.12,23
bureaucracy,3.74,2.47,23
bureaucrat,3.1,2.05,21
bureaucratic,3.5,2.5,22
burger,3.65,2.6,23
burglar,5.32,2.78,22
burglary,6.33,2.59,21
burial,4.3,2.27,20
burlesque,5.3,2.24,23
burn,5.4,2.46,45
burner,4.67,2.43,24
burp,4.95,2.37,19
burr,2.96,2.16,24
burrito,4.65,2.87,20
burro,4.04,2.3,25
burrow,3.52,2.23,21
burst,5.09,2.45,22
bury,5.55,2.09,20
bus,3.83,2.44,23
busboy,3.91,2.09,23
bush,2.67,1.74,21
bushel,4.29,2.08,21
bushy,3.95,2.2,21
business,3.71,1.93,21
business man,2.9,1.89,20
businessman,3.36,2.38,22
businesswoman,4.24,2.32,21
busload,3.7,2.11,20
bust,5.8,2.88,20
buster,3.71,1.82,21
bustle,4.26,1.91,23
busy,4.52,2.68,21
busybody,4.34,2.18,47
butcher,4.15,1.93,20
butler,2.55,1.6,22
butt,5.2,3.14,20
butter,3.37,2.15,43
buttercup,3.23,2.18,22
butterfly,3.2,2.5,20
buttermilk,2.77,2.09,22
butterscotch,3.48,2.36,21
buttocks,5.35,1.85,23
button,4.1,2.22,20
buy,4.29,2.43,21
buyer,3.95,1.96,21
buzzard,5.81,1.91,21
buzzer,5.4,2.56,20
byline,3.33,2.17,18
bypass,3.41,2.36,22
bystander,3.05,2.06,22
byzantine,3.78,2.19,23
cab,4.05,2.39,20
cabana,3.95,2.39,20
cabaret,4.59,2.42,22
cabbage,2.91,1.95,22
cabbie,4.14,2.42,22
cabernet,2.75,2.34,20
cabin,3.74,2.33,19
cabinet,3.75,2.12,20
cable,3.52,2.37,23
caboodle,3.86,2.2,21
caboose,3.05,2.09,19
cache,4.14,2.53,22
cactus,4.0,2.03,17
cadaver,4.5,2.74,22
caddie,2.78,1.99,18
cadet,3.48,2.04,21
cafeteria,4.08,2.08,24
caffeine,6.23,2.62,22
cage,4.2,2.53,20
cagey,4.59,1.92,22
cahoots,4.39,2.57,18
cake,5.33,2.5,21
cakewalk,4.04,2.53,24
calamari,4.76,2.7,21
calamity,5.19,2.91,21
calcium,3.14,1.62,21
calculate,3.18,2.13,22
calculation,4.48,2.14,21
calculator,4.47,2.14,19
calculus,2.73,1.86,22
calendar,2.9,1.65,20
calf,3.7,2.44,23
caliber,4.1,2.05,20
calisthenics,3.88,3.13,24
call,3.29,2.03,21
callback,4.57,2.41,23
caller,3.41,2.24,22
calligraphy,3.29,2.51,21
callous,3.85,2.25,20
calm,1.67,1.91,21
camaraderie,4.09,2.16,22
camcorder,4.42,2.41,24
camel,3.1,1.55,21
cameo,3.42,2.47,24
camera,3.05,2.61,20
cameraman,4.31,2.33,26
camouflage,4.2,2.46,20
camp,4.14,2.26,21
campaign,3.5,2.56,20
camper,4.53,2.04,19
campfire,4.17,2.68,18
camping,5.5,2.92,22
campsite,4.25,2.4,20
campus,4.17,2.1,23
can,3.14,1.93,21
can opener,3.37,2.5,19
canal,4.05,2.33,20
canary,3.5,1.85,22
cancel,4.29,2.17,21
cancellation,3.9,2.39,21
cancer,5.14,2.87,22
candid,4.0,2.45,20
candidacy,3.05,1.99,20
candidate,5.32,2.32,22
candle,3.81,2.06,26
candlelight,3.22,2.51,18
candlestick,3.55,2.04,20
candor,3.9,2.1,21
candy,5.03,2.33,40
cane,3.0,1.86,42
canine,4.76,2.68,21
canister,3.0,2.14,22
canker,4.25,2.47,20
cannabis,5.85,2.94,20
canned,3.0,1.93,22
cannibal,6.1,2.14,21
cannibalism,6.05,2.18,21
cannon,5.09,2.83,44
cannonball,4.24,2.62,25
canoe,3.7,2.34,20
canon,5.86,2.01,21
canopy,3.0,1.92,21
cantaloupe,3.91,2.43,22
canteen,3.2,1.7,20
cantina,3.92,2.72,24
canvas,2.7,1.58,23
canvass,3.25,2.61,20
canyon,3.9,2.73,20
cap,3.27,1.78,22
capability,4.29,2.39,21
capable,4.0,2.38,38
capacity,3.67,2.13,21
caper,3.9,2.29,20
capital,3.14,2.08,22
capitalism,5.39,2.89,23
capitalist,3.08,2.45,24
capitalize,3.91,2.52,23
cappuccino,3.23,2.2,22
capricious,4.2,2.21,20
capsule,3.45,2.19,20
captain,3.86,1.93,21
captive,4.88,2.53,26
captivity,5.09,2.65,22
capture,5.43,2.11,23
car,4.04,2.27,23
caramel,4.29,2.8,21
caravan,3.8,2.09,20
carbon,4.05,2.06,22
carburetor,4.55,1.93,20
carcass,4.85,2.66,39
card,2.67,1.83,21
cardboard,2.25,1.87,24
cardiac,4.9,2.79,20
cardigan,3.24,1.89,21
cardinal,4.21,2.2,19
cardiologist,4.7,2.85,20
cardiology,3.32,2.38,22
care,2.67,1.85,21
career,4.24,2.49,21
carefree,4.15,2.81,41
careful,2.95,1.99,21
careless,4.27,2.03,22
carelessness,3.96,2.42,23
caress,4.6,2.7,40
caretaker,3.4,2.35,20
cargo,2.68,1.46,22
carjack,6.05,2.21,20
carnage,5.77,2.35,22
carnal,6.24,2.26,21
carnation,3.68,2.57,22
carnival,5.22,3.04,23
carnivorous,4.48,2.02,25
carousel,4.43,2.31,21
carp,4.31,2.53,26
carpal,3.79,2.62,24
carpenter,3.05,1.93,19
carpentry,4.0,2.35,21
carpet,2.77,1.6,22
carpeting,3.0,2.03,20
carpool,3.04,2.76,24
carriage,2.52,1.73,25
carrier,2.96,2.07,24
carrot,3.91,2.81,23
carry,3.47,2.04,19
carsick,4.04,2.64,25
cart,3.18,1.92,22
carte,2.95,1.96,20
cartel,3.76,2.3,21
cartilage,3.53,2.17,19
carton,3.41,1.99,22
cartoon,5.05,2.27,21
cartridge,3.06,2.34,18
carve,4.13,2.85,23
cascade,3.59,2.24,22
case,4.14,2.54,21
cash,6.59,2.7,22
cashier,3.45,1.99,20
cashmere,3.8,2.44,20
casing,2.95,2.18,21
casino,6.05,1.94,21
casket,4.82,2.75,22
casserole,3.0,2.07,23
cassette,3.77,2.31,22
cast,3.55,2.22,22
castaway,3.35,2.41,20
caste,3.38,2.25,21
castle,4.72,2.24,18
castrate,5.3,2.87,23
castration,5.25,2.47,20
casual,3.0,2.2,22
casualty,6.3,2.32,20
cat,4.5,2.48,918
catalog,2.33,1.68,21
catalogue,3.73,2.27,22
catalyst,3.38,2.6,21
catamaran,4.1,2.13,20
catapult,5.52,2.44,21
catastrophe,5.64,2.44,22
catastrophic,6.25,2.55,20
catatonic,3.18,2.24,22
catch,4.0,2.14,21
catcher,3.26,2.18,19
catchphrase,4.06,2.13,18
catchy,4.0,2.43,22
category,2.67,1.56,21
cater,3.45,1.95,22
caterer,3.76,1.92,21
caterpillar,3.24,1.84,21
catfish,4.26,2.42,23
cathedral,3.45,1.76,20
catheter,3.77,2.6,22
catholic,2.83,2.41,23
cathouse,4.68,2.53,22
catnip,4.57,2.64,23
cattle,2.64,1.84,22
catwalk,4.52,1.86,23
cauldron,4.41,2.44,22
cauliflower,2.29,1.27,21
cause,3.48,2.44,21
caution,4.0,2.45,22
cautious,3.57,2.29,21
cavalier,4.0,2.05,21
cavalry,4.18,2.65,22
cave,4.39,2.45,18
caveman,4.14,2.4,22
cavern,3.63,2.5,19
caviar,3.8,2.97,20
caving,4.14,2.43,21
cavity,4.77,2.64,22
cayenne,3.8,2.35,25
cease,3.64,2.48,25
cedar,3.21,1.75,19
ceiling,2.75,2.05,20
celebrate,6.73,1.83,22
celebration,5.9,2.95,21
celebrity,4.86,2.71,22
celery,2.81,1.57,21
celestial,4.68,2.36,22
celibacy,2.71,1.68,21
celibate,3.0,1.85,22
cell,4.23,2.32,43
cellar,3.14,1.78,22
cellblock,4.7,2.89,20
cellist,3.85,2.37,20
cellmate,4.0,2.47,18
cello,3.83,2.53,18
cellophane,3.64,2.19,22
cellular,3.67,2.31,21
cellulite,4.67,2.35,21
celluloid,2.71,2.22,21
cement,3.28,2.41,25
cemetery,4.1,2.32,21
censor,4.45,2.48,22
censorship,4.25,2.98,24
census,3.54,2.04,26
cent,3.76,1.58,21
centennial,2.86,1.77,21
center,2.62,1.83,21
centerfold,4.95,2.82,20
centerpiece,3.36,2.17,22
centipede,4.82,2.3,22
central,3.5,1.91,20
century,3.19,1.99,21
ceramic,3.57,2.5,23
ceramics,2.86,1.64,22
cereal,3.05,1.88,20
cerebral,3.7,2.1,23
ceremonial,4.4,2.58,20
ceremony,3.83,2.74,23
certain,3.0,2.36,20
certainty,4.35,2.52,23
certifiable,4.68,2.32,22
certificate,3.61,2.43,23
certified,4.57,2.23,21
certify,3.62,2.53,24
cervical,5.0,2.17,18
cervix,4.58,1.95,19
cesspool,4.42,2.32,26
cha cha,5.73,2.12,22
chain,4.05,2.33,21
chainsaw,5.15,2.96,20
chair,2.86,2.01,43
chairman,3.55,2.15,22
chalet,3.83,1.97,23
chalice,3.48,2.33,23
chalk,2.9,1.92,20
challenge,5.25,2.38,20
challenger,4.74,2.64,19
chamber,4.58,2.57,19
chambermaid,3.59,2.36,22
chameleon,4.19,2.16,21
champ,5.04,2.56,46
champagne,3.8,2.02,20
champion,4.74,2.47,47
championship,6.9,1.37,21
chance,4.3,2.45,20
chancellor,3.67,2.09,18
chandelier,3.88,2.13,24
change,4.05,2.22,21
changer,3.15,2.18,20
channel,2.68,2.16,19
chant,3.29,2.43,21
chaos,6.31,2.33,39
chaotic,6.14,2.12,22
chap,2.54,2.02,24
chapel,2.45,1.82,20
chaperon,3.12,2.4,24
chaplain,3.56,2.23,18
chapter,3.86,2.53,22
character,4.35,2.56,20
characteristic,4.24,2.47,21
characterize,3.24,2.31,17
charade,4.23,2.35,22
charcoal,2.86,1.65,21
chardonnay,3.58,2.6,24
charge,4.25,2.75,20
charger,3.59,2.02,22
chariot,4.11,2.3,18
charisma,5.05,1.83,21
charismatic,4.85,2.39,20
charitable,3.5,2.7,22
charity,3.22,2.32,23
charlatan,4.72,2.16,18
charm,4.51,2.56,39
charmer,4.79,2.62,24
charming,5.0,2.79,20
charred,4.68,1.89,22
chart,3.1,1.89,21
charter,3.84,2.23,25
chase,6.6,2.72,20
chaser,4.89,2.05,19
chassis,3.86,1.88,21
chaste,3.5,1.97,22
chastity,4.52,2.27,23
chat,4.27,2.51,22
chateau,3.45,2.46,22
chatter,4.44,2.65,25
chatterbox,3.94,1.92,18
chatty,4.59,2.15,22
chauffeur,4.7,1.58,23
chauvinist,4.78,2.39,18
cheap,4.47,2.59,19
cheapskate,2.8,1.94,20
cheat,4.91,2.71,22
cheater,5.95,2.58,21
check,3.38,2.18,21
checkbook,4.29,2.87,21
checker,3.68,2.23,22
checkered,3.57,1.85,23
checkers,3.24,2.0,21
checklist,3.55,2.31,20
checkmate,4.65,2.94,20
checkout,4.14,1.9,21
checkpoint,4.67,2.08,21
checkup,4.73,2.37,22
cheek,3.47,2.8,19
cheeky,5.47,2.12,17
cheer,5.33,2.47,43
cheerful,5.76,2.41,21
cheerleader,5.5,2.5,22
cheerleading,4.95,2.55,19
cheery,5.86,2.41,21
cheese,3.8,2.48,20
cheeseburger,4.58,2.78,24
cheesecake,3.43,2.48,23
cheesy,4.09,2.35,23
cheetah,5.31,2.71,26
chef,3.05,1.81,22
chemical,3.41,2.24,22
chemist,3.95,1.77,21
chemistry,4.59,2.42,22
chemo,4.82,2.79,22
chemotherapy,5.05,2.33,21
cherish,4.14,1.88,22
cherry,4.91,2.19,23
cherub,3.22,1.78,23
chess,2.86,2.06,21
chest,4.95,2.52,20
chestnut,3.43,2.31,23
chew,3.8,2.24,20
chewy,3.82,1.94,22
chic,5.1,2.14,21
chick,4.04,2.34,25
chicken,3.2,2.57,20
chicken pox,5.19,2.62,21
chickenpox,4.8,2.66,25
chief,3.25,2.15,20
chiffon,4.68,2.54,19
child,5.33,2.59,18
childbirth,5.62,2.5,24
childhood,3.73,2.31,22
childish,5.0,1.95,22
childless,3.29,2.37,24
childlike,5.15,2.56,20
children,5.09,2.56,22
chili,4.62,1.77,21
chill,3.25,2.12,20
chilling,5.64,2.08,22
chilly,5.0,2.43,23
chime,4.1,2.17,21
chimney,2.45,1.7,20
chimp,3.8,2.4,20
chimpanzee,3.9,2.27,20
chin,3.84,2.06,44
chinchilla,4.43,1.83,21
chip,2.75,1.92,20
chipmunk,3.8,2.02,20
chipper,4.75,2.36,24
chiropractor,4.29,2.37,24
chirp,4.15,2.48,26
chisel,3.55,2.5,22
chiseler,3.95,1.81,19
chitchat,3.88,2.49,24
chivalry,3.95,2.5,22
chloride,4.36,2.44,22
chlorine,4.43,1.96,21
chloroform,6.15,2.32,20
chocolate,5.14,2.85,21
choice,3.52,2.04,21
choir,3.29,2.15,21
choke,5.3,2.74,23
cholera,4.0,2.26,21
cholesterol,3.05,2.2,21
choose,3.6,2.5,20
choosy,3.4,2.14,25
chop,4.43,2.29,21
chopper,3.55,2.34,22
choppers,5.05,2.41,19
chord,2.72,1.87,18
chore,4.8,2.42,20
choreographer,4.09,2.37,22
choreography,5.82,2.58,22
chorus,4.2,1.88,20
chow,4.17,2.17,23
chowder,3.91,2.35,23
christen,3.1,2.22,20
christening,3.83,1.86,24
christmas,5.9,2.99,49
chrome,4.0,2.57,24
chromium,2.9,2.17,21
chromosome,2.88,1.9,17
chronic,4.91,2.71,23
chronicle,3.59,2.06,22
chubby,4.88,2.83,24
chuck,3.95,2.79,22
chuckle,5.3,2.7,20
chug,3.19,2.2,21
chum,4.18,2.02,22
chummy,4.21,2.26,24
chump,3.95,2.42,20
chunk,4.0,1.89,20
chunky,3.41,1.84,22
church,3.63,2.55,43
churn,4.28,2.65,18
chute,2.71,2.22,24
chutney,3.38,2.22,21
cider,3.41,2.11,22
cigar,4.27,2.31,22
cigarette,4.0,2.03,20
cilantro,2.95,1.47,21
cinch,3.3,1.78,20
cinder,3.91,2.29,22
cinema,6.05,2.06,20
cinematic,4.35,2.31,26
cinematography,4.0,2.56,23
cinnamon,3.72,1.99,18
cipher,4.55,2.65,20
circle,3.33,2.38,43
circuit,4.35,2.33,23
circuitry,3.33,2.35,18
circular,3.4,2.76,20
circulate,4.0,2.45,23
circulation,4.05,2.95,20
circulatory,4.29,2.05,21
circumcision,4.73,3.18,22
circumference,2.71,1.68,21
circumstance,3.41,2.09,22
circumstantial,4.5,2.09,22
circumvent,4.0,2.25,20
circus,5.45,2.94,44
cirque,4.6,2.26,20
cirrhosis,4.76,2.5,25
citadel,3.85,2.76,20
citation,3.8,2.17,20
cite,4.0,1.86,19
citizen,2.63,2.22,19
citizenship,5.58,2.36,19
citrus,4.16,2.64,25
city,5.08,2.54,40
citywide,4.57,1.86,21
civic,3.5,2.35,22
civics,3.85,2.32,20
civil,2.95,2.2,21
civilian,3.7,2.14,23
civility,3.18,1.53,22
civilization,3.7,2.03,20
civilized,3.23,2.31,22
claim,3.9,1.81,21
clairvoyant,5.35,2.46,20
clam,3.36,1.79,22
clambake,4.17,2.25,23
clammy,2.95,1.82,20
clamp,5.05,2.5,20
clan,3.78,2.6,18
clandestine,3.95,2.68,20
clang,4.61,2.23,23
clap,5.15,2.68,20
clapper,4.45,2.26,20
clarification,3.25,2.17,20
clarify,2.85,2.28,20
clarinet,3.06,2.01,17
clarity,3.64,2.32,22
clash,5.67,2.18,21
clasp,3.52,2.42,25
class,4.43,1.99,21
classic,3.62,2.2,21
classic rock,4.78,2.68,23
classical,3.75,2.53,20
classification,3.45,2.13,22
classified,4.61,2.41,23
classify,4.25,2.24,20
classmate,3.32,2.03,22
classroom,4.0,2.45,20
classy,4.14,2.08,22
clatter,5.04,2.6,24
clause,3.32,2.19,19
claustrophobia,5.33,3.1,21
claustrophobic,6.19,2.58,21
clavicle,4.0,2.09,17
claw,3.65,2.64,20
clay,3.84,2.19,25
clean,3.57,2.2,21
cleaner,3.17,2.26,18
cleanliness,4.05,2.67,21
cleanse,4.53,2.61,19
cleanser,3.61,2.28,18
cleansing,4.5,2.5,20
cleanup,3.04,2.54,24
clear,2.71,1.71,21
clearance,4.5,2.4,20
cleat,3.61,2.33,23
cleavage,6.29,1.49,21
cleaver,5.1,2.66,21
cleft,3.54,2.34,24
clemency,3.3,1.72,23
clench,4.11,2.65,18
clergy,2.95,2.11,21
cleric,3.18,1.97,22
clerical,3.15,2.08,20
clerk,3.85,2.01,20
clever,5.25,2.38,20
cleverness,5.55,2.22,22
click,2.81,2.2,21
clicker,3.62,1.91,21
client,2.95,1.99,21
clientele,3.74,2.53,23
cliff,5.18,2.72,39
climate,3.95,2.09,21
climax,6.83,2.29,23
climb,3.95,2.73,22
climber,4.45,2.15,22
clinch,4.0,2.3,18
cling,4.0,2.12,22
clingy,4.04,2.24,24
clinic,2.95,2.06,22
clinical,4.1,2.15,20
clink,4.68,2.0,19
clip,2.9,1.61,21
clipboard,2.67,1.68,18
clipper,3.44,2.33,18
clipping,4.15,2.08,20
clique,4.42,2.17,19
clitoris,5.65,2.82,23
cloak,4.1,2.41,21
cloaking,3.81,2.29,21
cloakroom,2.95,2.24,20
clobber,4.43,2.5,23
clock,3.35,2.46,23
clockwork,4.23,2.51,22
clod,3.5,2.09,22
clog,3.23,1.9,22
clone,3.95,2.5,22
cloning,4.86,2.41,21
close,3.81,2.06,21
closeness,3.9,2.45,21
closet,3.55,2.35,20
closure,3.19,1.99,21
clot,4.17,2.37,23
cloth,2.58,1.77,24
clothe,3.64,1.94,22
clothes,3.14,1.71,21
clothesline,4.31,2.65,26
clothing,4.44,2.49,43
cloud,2.81,2.02,21
clouds,2.27,1.64,22
cloudy,3.36,1.84,22
clout,4.48,1.85,25
clove,3.32,2.59,22
clover,3.06,2.04,18
clown,4.94,2.18,18
club,3.76,2.39,21
clubhouse,3.77,2.2,22
cluck,3.9,2.12,21
clue,3.52,2.27,23
clueless,3.75,2.22,20
clump,3.25,2.63,20
clumsy,4.12,2.19,42
clunk,4.1,2.22,20
cluster,4.21,2.15,24
clutch,4.04,1.9,24
clutter,3.68,2.4,22
coach,3.35,2.16,20
coachman,3.05,2.11,20
coal,2.55,1.9,20
coalition,3.9,2.07,21
coarse,3.66,2.23,44
coast,4.17,2.64,23
coastal,4.3,2.7,20
coaster,3.39,2.41,23
coastline,3.45,2.46,20
coat,3.1,1.77,20
coating,3.59,1.79,22
coax,4.48,1.97,23
cobalt,3.35,2.32,20
cobbler,2.92,1.84,24
cobra,5.71,2.8,21
cocaine,4.5,2.77,22
cock,5.74,2.2,23
cockamamie,4.04,1.89,23
cockeyed,4.45,2.09,20
cockpit,4.9,2.27,20
cockroach,5.22,3.23,18
cocksucker,6.09,3.2,23
cocktail,5.6,2.02,25
cocky,5.8,2.31,20
cocoa,5.0,2.5,24
coconut,4.67,2.69,21
cocoon,2.85,2.16,20
cod,3.95,2.44,22
code,2.76,2.23,21
codeine,4.72,2.95,18
codfish,3.05,2.21,20
coding,3.45,1.99,22
coed,3.62,2.44,21
coerce,5.45,2.39,20
coercion,4.33,2.31,21
coexist,3.48,2.68,21
coffee,5.1,2.79,21
coffee table,3.72,2.44,18
coffeehouse,3.55,2.54,20
coffeepot,3.61,1.91,18
coffin,4.3,2.85,43
cog,4.0,2.02,22
cognac,4.81,2.38,21
cognitive,5.27,2.1,22
coherent,3.09,1.93,22
coil,3.72,2.19,18
coin,3.13,2.2,23
coincide,3.88,2.21,26
coincidence,3.86,1.93,22
coincidental,4.15,2.28,20
coke,4.3,2.65,23
Coke,4.45,2.76,20
cola,4.29,1.95,21
cold,3.55,2.57,44
coleslaw,3.45,2.3,22
colic,2.89,1.97,19
coliseum,4.06,2.36,18
collaborate,4.3,1.75,20
collaboration,4.39,2.29,23
collaborator,4.73,2.43,22
collage,3.44,2.28,18
collagen,3.8,2.78,20
collapse,6.14,2.29,21
collar,3.33,2.03,21
collarbone,2.86,2.03,22
collateral,3.9,2.17,20
colleague,3.5,1.99,20
collect,3.14,1.78,22
collection,4.44,2.41,18
collective,2.86,1.64,22
collector,4.91,2.14,22
college,4.0,2.77,20
collegiate,4.95,2.24,20
collide,4.33,1.99,24
collie,3.68,2.15,22
collision,5.9,2.1,20
cologne,3.6,1.98,20
colon,3.64,2.24,22
colonel,3.9,2.23,21
colonial,2.71,2.29,24
colonic,3.86,1.85,21
colonoscopy,4.05,2.73,21
colony,4.17,2.21,23
color,3.18,1.62,22
colored,4.73,2.27,22
colorful,3.59,2.58,22
coloring,4.41,2.59,22
colossal,4.96,2.4,23
columbine,5.14,2.96,22
column,3.11,1.74,38
columnist,3.25,2.02,20
com,4.35,2.32,20
coma,3.05,2.01,22
comatose,3.15,2.21,20
comb,2.33,1.61,18
combat,6.09,2.18,22
combative,5.6,1.94,25
combination,3.5,2.24,20
combine,3.64,2.19,22
combo,4.48,2.09,23
combustion,6.26,2.65,23
come,3.57,2.04,21
comeback,4.89,2.37,18
comedian,5.78,2.04,23
comedy,6.0,1.9,21
comet,4.8,2.65,20
comfort,2.76,1.92,21
comfortable,2.38,1.83,21
comforter,3.85,2.25,20
comforting,3.0,2.2,20
comfy,2.88,2.49,24
comic,4.3,2.45,20
comical,5.1,2.39,21
comics,4.41,2.79,22
comma,3.23,2.58,22
command,4.65,2.43,20
commandant,3.95,2.24,20
commandeer,4.45,2.44,22
commander,4.6,2.26,20
commanding,5.95,2.19,20
commandment,4.16,1.92,19
commando,5.95,2.2,21
commemorate,2.76,1.79,21
commemorative,4.3,2.41,20
commence,3.81,2.69,21
commend,3.23,2.33,22
commendable,3.75,2.4,20
commendation,4.71,2.12,21
comment,3.56,2.12,18
commentary,3.5,1.85,20
commentator,4.1,2.45,20
commerce,3.95,2.06,21
commercial,4.43,2.13,21
commie,4.76,2.61,21
commissary,3.36,2.04,22
commission,4.59,2.5,22
commissioner,3.25,1.83,20
commit,3.5,2.13,22
commitment,4.26,1.91,23
committee,3.56,2.33,25
commodity,3.75,2.05,20
commodore,3.05,2.06,21
common,2.43,1.83,21
commoner,3.05,1.7,22
commonplace,3.0,2.24,25
commotion,3.73,2.62,22
communal,3.0,1.92,21
commune,3.77,2.14,22
communicate,3.79,2.37,19
communication,4.16,2.32,19
communicator,3.33,1.62,21
communion,3.5,2.28,22
communism,5.1,2.73,20
communist,5.1,2.47,20
community,3.8,2.67,20
commute,3.15,2.28,20
commuter,3.6,2.33,20
comp,3.52,2.25,23
compact,3.75,2.02,20
companion,4.06,1.95,18
companionship,5.05,2.42,20
company,3.29,2.1,21
comparable,4.0,2.2,22
comparative,3.91,2.47,22
compare,3.78,2.37,23
comparison,2.92,1.74,24
compartment,3.57,2.17,23
compass,2.85,1.98,20
compassion,4.5,2.17,24
compassionate,4.73,2.69,22
compatibility,5.32,2.65,19
compatible,4.04,2.12,23
compel,4.33,1.8,21
compelling,5.14,2.5,21
compensate,5.47,2.74,19
compensation,4.73,2.75,22
compete,4.4,2.23,20
competence,3.72,2.67,18
competent,4.09,2.66,23
competition,5.75,2.86,20
competitive,5.7,2.52,20
competitor,6.32,2.44,22
compile,3.75,2.25,24
complacent,3.71,2.53,21
complain,5.18,1.99,22
complaint,4.29,1.87,21
complement,5.9,1.94,20
complete,2.57,2.6,21
completion,4.24,2.68,25
complex,4.6,2.48,20
complexion,4.55,2.61,20
complexity,5.13,2.22,23
compliance,2.85,2.18,20
complicate,4.95,2.09,21
complicated,5.75,2.4,20
complication,4.55,2.39,20
complicity,3.59,2.46,22
compliment,5.9,2.77,20
complimentary,5.15,2.81,20
comply,2.68,1.62,22
component,4.27,2.16,26
compose,3.85,2.06,20
composer,3.36,2.11,22
composite,3.55,2.22,22
composition,3.4,2.22,25
compost,2.71,1.65,21
compound,3.5,1.71,22
comprehend,3.94,1.86,18
comprehension,3.33,2.82,24
comprehensive,3.6,2.19,20
compress,5.0,2.32,20
compressed,3.57,2.19,23
compression,4.19,2.42,21
compressor,3.62,2.27,21
compromise,3.36,1.93,25
compulsion,4.89,3.01,18
compulsive,4.67,2.61,21
compulsory,3.72,2.24,18
compute,3.45,2.3,22
computer,4.92,2.96,38
computerized,4.25,2.36,20
computing,3.67,2.56,21
comrade,4.25,1.96,24
con,4.52,2.42,25
conceal,3.74,2.73,23
concealment,4.45,2.06,20
concede,2.73,1.86,22
conceit,4.1,2.39,21
conceited,6.58,2.14,19
conceivable,4.41,2.3,22
conceive,4.95,2.2,21
concentrate,5.11,2.08,19
concentration,4.0,2.66,23
concept,2.9,1.7,21
conception,6.09,2.23,23
concern,4.7,2.66,20
concerned,3.95,2.22,21
concert,5.17,3.14,24
concerto,3.14,2.19,22
concession,3.71,2.05,21
conch,3.48,1.81,21
concierge,3.39,1.9,23
concise,3.3,1.89,20
conclude,2.57,1.97,23
conclusion,3.95,2.06,22
conclusive,3.92,1.92,26
concoction,4.16,2.36,25
concourse,3.71,1.93,21
concrete,3.63,1.95,19
concubine,5.33,2.06,21
concur,3.6,1.88,20
concussion,3.96,2.61,24
condemn,5.33,2.39,21
condemnation,4.1,2.45,20
condensed,4.05,2.01,22
condescending,5.27,2.59,22
condition,4.15,2.21,20
conditioner,3.0,2.41,21
conditioning,3.77,2.09,22
condo,3.8,2.09,20
condom,5.38,1.94,21
condone,3.57,1.99,21
condor,3.55,2.28,22
conducive,3.85,2.06,20
conduct,3.64,1.94,22
conductor,4.24,2.41,21
conduit,3.48,2.36,21
cone,3.36,2.23,25
confederacy,3.75,2.02,20
confederate,3.95,1.88,21
confer,2.48,1.66,21
conference,2.95,1.96,22
confess,4.67,1.85,21
confession,4.59,2.17,22
confessional,4.35,2.58,20
confetti,5.57,2.8,21
confidant,4.25,2.31,20
confide,3.43,2.01,21
confidence,4.04,3.0,24
confident,4.62,2.36,21
confidential,4.5,2.56,20
confidentiality,4.64,2.38,22
configuration,3.45,2.19,20
confine,3.96,2.7,23
confinement,4.83,2.37,23
confirm,3.38,1.94,21
confirmation,3.83,2.08,23
confiscate,5.68,2.08,19
conflict,5.41,2.2,22
conflicting,4.91,2.27,23
conform,3.9,2.4,20
confound,4.38,1.88,21
confounded,4.38,2.65,24
confront,6.11,2.3,18
confrontation,5.16,2.7,25
confuse,3.95,1.93,20
confused,4.28,2.64,39
confusing,5.09,2.56,23
confusion,4.64,2.08,22
conga,4.57,2.52,21
congenital,4.13,2.4,23
congestion,4.24,2.59,21
conglomerate,4.68,2.44,22
congrats,4.05,2.44,20
congratulate,4.77,2.74,22
congratulation,6.05,2.31,20
congratulations,5.55,2.72,20
congregation,3.2,2.12,20
congress,3.61,2.17,18
congressional,3.82,2.4,22
congressman,4.09,2.59,23
conjecture,3.64,2.11,22
conjugal,4.72,2.11,18
conjunction,4.25,2.05,24
conjure,4.57,2.29,23
conk,4.0,2.49,20
connect,3.47,2.2,19
connection,4.45,2.54,20
connoisseur,3.68,2.08,22
conquer,5.23,2.66,26
conquering,5.75,2.31,20
conqueror,5.28,2.72,18
conquest,5.67,2.35,18
conscience,3.95,2.44,20
conscientious,3.0,2.33,22
conscious,4.3,2.25,20
consciousness,3.33,2.65,24
consecrated,3.7,2.45,20
consecutive,3.11,2.0,18
consensual,5.24,2.39,21
consensus,3.0,2.41,20
consent,3.88,2.2,17
consenting,3.8,1.94,20
consequence,4.31,2.09,26
conservation,3.17,2.07,18
conservative,2.65,1.98,20
conservatory,3.65,2.23,26
conserve,3.75,2.36,20
consider,2.71,2.05,21
considerable,3.86,1.96,22
considerate,3.67,2.59,21
consideration,3.45,2.02,22
consignment,4.17,2.35,23
consist,3.14,2.23,22
consistency,2.73,1.61,22
consistent,3.19,1.72,21
consolation,3.35,2.18,20
console,4.09,2.09,23
consoled,2.58,1.54,19
consolidate,4.05,1.64,20
consolidated,3.8,1.82,20
consort,4.24,1.79,25
conspicuous,3.87,2.49,23
conspiracy,5.74,2.91,23
conspire,4.48,2.06,23
constable,3.1,1.92,20
constant,2.81,2.09,21
constellation,4.35,1.92,23
constipation,3.83,2.06,23
constituency,2.61,1.62,23
constitute,3.18,2.24,22
constitution,3.35,2.32,20
constitutional,3.86,2.03,21
construct,4.33,1.93,21
construction,3.73,2.23,22
constructive,4.17,2.35,23
consul,3.41,2.04,22
consulate,2.5,1.7,20
consult,3.77,2.21,26
consultant,2.76,2.17,21
consultation,4.84,2.19,25
consume,4.0,2.87,24
consumer,3.82,2.32,22
consummate,3.95,2.11,20
consumption,3.76,2.39,21
contact,3.33,2.5,21
contagion,5.94,2.46,18
contagious,5.25,3.05,24
contain,3.0,1.84,21
container,3.57,2.13,23
containment,5.53,2.17,19
contaminate,5.67,2.78,21
contamination,6.71,2.0,21
contemplate,3.16,1.97,25
contemporary,3.81,1.89,21
contempt,4.61,2.57,18
contend,4.33,2.18,21
contender,3.32,2.11,19
content,3.17,2.64,18
contention,4.29,2.33,21
contentment,4.6,2.87,20
contents,4.46,2.74,37
contest,3.77,2.74,22
contestant,4.5,2.43,22
context,3.18,2.03,45
continent,3.24,2.3,21
continental,3.38,2.22,24
contingency,3.22,2.39,23
contingent,3.9,1.81,21
continuance,3.57,2.09,21
continuation,3.84,1.95,19
continue,2.9,1.7,21
continuity,2.32,1.64,22
continuous,3.27,2.16,22
continuum,3.95,2.61,20
contraband,5.81,1.75,21
contraception,4.91,2.02,23
contract,3.95,2.35,20
contraction,5.9,2.38,20
contractor,4.26,1.89,23
contradict,4.25,2.17,20
contradiction,5.0,2.04,23
contradictory,4.27,2.35,22
contraption,4.32,2.56,19
contrary,3.71,2.31,21
contrast,4.23,2.22,22
contribute,3.58,1.84,24
contribution,3.18,1.92,22
contrition,3.88,2.21,24
control,4.76,2.61,21
controller,4.08,2.52,25
controlling,5.69,2.07,45
controversial,6.26,1.88,19
controversy,6.09,1.54,22
contusion,5.95,2.09,20
conundrum,3.27,2.03,22
convene,4.05,2.21,22
convenience,3.5,2.28,20
convenient,3.48,2.04,21
convent,3.86,2.29,21
convention,3.67,2.14,18
conventional,3.77,2.56,22
converge,4.24,2.05,21
conversation,2.65,2.3,20
conversational,3.38,2.44,21
conversationalist,3.9,2.59,20
converse,4.25,2.36,20
conversion,4.79,2.18,19
convert,3.65,2.68,20
convertible,4.72,2.67,18
convey,3.83,1.83,23
convict,4.95,2.48,19
conviction,4.67,2.06,18
convince,4.39,2.86,23
convincing,4.21,2.36,24
convoy,3.87,1.94,23
coo,4.17,2.81,23
cook,4.33,2.47,42
cookbook,3.45,1.97,22
cooker,3.0,2.2,22
cookie,4.7,2.43,20
cooking,4.19,2.62,21
cookout,4.86,2.33,21
cool,3.43,2.31,21
coolant,3.45,2.37,20
cooler,3.83,2.46,23
coon,3.86,1.93,21
cooperate,3.83,2.38,18
cooperation,3.32,2.29,25
cooperative,3.43,2.04,21
coordinate,4.59,2.15,22
coordination,3.45,2.61,20
coordinator,4.41,2.15,22
cop,4.9,2.65,20
copacetic,3.45,2.44,20
cope,4.1,2.67,20
copier,3.17,1.95,23
copilot,4.1,2.65,20
copper,4.14,2.22,21
copter,4.7,1.87,23
copy,3.15,2.18,20
copycat,4.62,2.53,26
copyright,2.96,2.31,23
coral,3.18,2.32,22
coral snake,6.28,2.44,18
cord,4.2,1.94,45
cordial,3.1,2.2,20
cordless,4.05,2.82,19
cordon,2.55,1.79,22
corduroy,3.45,2.42,22
core,3.24,2.45,25
cork,3.92,2.18,39
corkscrew,3.76,1.89,21
corn,3.43,1.89,21
cornball,3.17,1.86,24
cornbread,3.5,2.11,22
corned,3.59,2.46,22
corner,3.38,2.33,42
cornerstone,3.33,2.2,18
cornfield,3.73,2.12,22
cornflakes,3.3,2.03,20
corny,3.0,1.98,23
coronary,4.67,2.44,21
coronation,4.5,2.38,18
coroner,3.61,2.39,23
corporal,3.5,1.61,20
corporate,4.74,2.49,23
corporation,4.73,2.35,22
corporeal,3.5,2.06,22
corps,3.52,2.11,23
corpse,4.89,2.22,18
corpsman,3.91,2.29,23
corral,3.71,1.87,21
correct,3.48,2.68,21
correction,4.37,2.06,19
correctional,4.86,1.78,22
corrective,4.05,2.11,21
correlation,3.23,2.14,22
correspond,3.48,2.11,23
correspondence,5.05,2.25,19
correspondent,3.55,1.84,22
corresponding,4.52,2.57,23
corridor,3.53,2.17,47
corroborate,3.88,1.67,25
corrupt,5.98,2.39,41
corruption,4.86,2.55,22
corsage,3.4,2.06,20
corset,5.75,2.27,20
cortex,3.67,2.15,21
cortisone,3.39,2.03,18
cosmetic,4.87,2.46,23
cosmic,5.39,2.46,23
cosmopolitan,3.86,2.14,22
cosmos,4.27,2.73,22
cost,4.9,2.77,21
costly,4.08,2.83,24
costume,4.78,2.26,18
cot,2.95,2.56,21
cottage,2.95,1.94,22
cotton,2.48,2.11,23
couch,3.4,2.62,20
cougar,5.7,2.89,20
cough,4.5,2.26,22
council,3.86,1.68,21
councilman,3.26,2.24,23
counsel,2.86,1.73,22
counseling,3.4,2.28,20
counselor,3.45,2.15,22
count,2.3,1.72,20
countdown,6.47,1.74,19
countenance,3.35,2.0,26
counter,2.47,1.95,19
counteract,4.27,2.47,22
counterattack,5.83,2.53,23
counterfeit,4.18,2.86,22
counterpart,3.4,2.01,20
counterpoint,4.4,2.5,20
countess,3.55,2.24,22
countless,4.22,2.65,18
country,3.71,2.47,21
countryside,2.7,2.08,20
county,3.4,2.16,20
coup,4.64,2.63,22
coupe,3.74,2.47,23
couple,4.95,2.4,22
coupling,4.61,2.62,18
coupon,4.22,2.65,23
courage,5.0,2.5,24
courageous,5.5,2.56,20
courier,3.67,1.77,21
court,4.43,2.71,21
courteous,3.95,2.16,21
courtesy,4.3,2.03,20
courthouse,4.2,2.53,20
courtroom,4.67,2.87,18
courtship,5.38,2.67,21
courtside,4.24,2.45,21
courtyard,3.43,2.18,21
cousin,2.6,2.28,20
cove,3.17,1.99,23
coven,4.8,2.46,20
covenant,4.0,1.95,21
cover,3.76,2.45,21
coverage,3.19,2.04,26
covert,4.32,2.36,22
covet,4.04,2.46,23
coveted,4.88,2.47,24
cow,2.95,1.86,42
coward,4.09,2.73,44
cowardice,4.25,2.2,20
cowardly,5.14,1.93,21
cowboy,4.43,2.54,21
cowgirl,5.3,2.62,23
cowhand,3.33,2.08,21
coworker,3.57,1.91,21
coy,3.72,2.05,18
coyote,5.55,2.09,22
cozy,3.56,2.7,43
crab,4.13,2.55,23
crabby,6.0,1.48,21
crack,5.25,2.53,20
cracker,3.64,2.46,22
crackerjack,5.13,2.3,23
crackle,5.27,2.27,22
crackpot,5.1,2.59,20
cradle,3.67,2.59,18
craft,4.04,1.81,25
craftsman,4.11,2.38,19
craftsmanship,4.52,2.06,21
crafty,5.04,2.82,26
cram,4.19,2.54,21
cramp,4.73,2.59,22
cranberry,3.64,1.92,22
cranberry juice,4.25,2.69,20
cranial,4.62,2.01,21
cranium,3.55,2.52,22
crank,4.67,2.63,18
cranky,4.71,2.39,21
cranny,3.46,2.4,24
crap,4.62,2.36,21
crappy,5.26,2.47,19
crash,4.55,2.94,22
crass,4.73,2.33,22
crate,2.72,2.08,18
crater,4.84,2.46,19
crave,5.04,2.95,26
crawl,3.62,1.83,21
crayon,2.91,2.04,22
craze,6.45,1.9,20
crazed,6.25,2.1,20
craziness,6.83,1.99,23
crazy,5.9,2.26,21
creak,4.4,2.39,20
creaking,4.77,2.05,22
cream,3.8,2.78,20
creamed,4.75,2.63,20
creamer,2.81,1.81,21
creamy,3.12,2.68,24
crease,4.0,2.34,23
create,6.26,2.58,19
creation,5.35,2.06,20
creative,4.86,2.83,21
creativity,5.3,2.58,23
creator,4.89,2.98,19
creature,4.77,2.27,22
credence,4.64,2.06,22
credibility,4.05,2.38,21
credible,3.95,2.82,20
credit,4.38,3.02,21
credit card,4.52,2.62,21
creed,3.67,1.85,18
creek,2.67,1.57,18
creep,4.78,2.26,23
creeper,5.68,2.64,22
creepy,5.54,2.06,26
cremation,5.29,2.85,21
crepe,3.62,2.76,24
crescendo,4.91,2.41,23
crescent,3.32,1.86,22
crest,3.39,2.39,23
cretin,3.71,2.05,21
crevice,4.58,2.17,19
crew,3.38,2.09,21
crewman,3.2,2.04,20
crib,4.26,2.73,19
cricket,3.22,2.78,23
crime,5.68,2.62,44
criminal,4.49,2.62,45
crimp,3.41,2.22,22
crimson,4.52,2.52,23
cringe,5.85,1.63,20
cripple,4.05,2.79,22
crippling,4.88,2.57,25
crisis,6.29,2.37,21
crisp,3.95,2.71,21
crispy,5.0,2.45,25
critic,4.25,1.86,20
critical,4.95,2.24,20
criticism,5.95,2.2,21
criticize,5.27,2.39,22
critique,3.85,2.64,20
critter,4.05,2.37,20
croak,4.52,2.38,21
croc,5.06,3.24,18
crock,4.32,2.63,22
crocodile,6.48,1.86,21
croissant,4.5,2.59,20
crook,4.62,2.9,26
crooked,4.18,2.79,22
crop,3.19,1.81,21
croquet,3.5,2.24,22
cross,3.05,2.11,20
cross country,4.65,2.13,20
crossbow,5.38,2.55,26
crossfire,5.9,2.47,21
crossover,3.95,2.16,21
crosswalk,3.52,2.02,21
crossword,3.74,2.45,23
crotch,4.96,2.74,23
crouch,4.05,1.79,20
crow,3.55,2.37,20
crowbar,3.61,2.59,18
crowd,5.15,2.32,20
crowded,3.95,2.5,20
crown,4.52,2.09,21
crucial,4.14,2.53,22
crucifix,4.19,2.58,21
crucifixion,5.62,2.06,26
crucify,5.6,2.54,42
crud,3.89,1.81,18
crude,4.51,2.34,39
cruel,5.07,2.43,44
cruelty,5.9,2.68,21
cruise,4.32,2.8,22
cruise ship,4.42,3.12,24
cruiser,2.9,2.25,20
crumb,2.95,1.73,22
crumble,4.0,2.29,17
crummy,4.26,1.86,23
crunch,4.17,2.2,18
crunchy,4.45,2.24,22
crusade,6.2,1.85,20
crusader,5.09,2.07,23
crush,5.6,2.41,20
crushed,5.07,2.41,41
crusher,4.65,2.19,23
crust,3.62,1.91,21
crusty,3.17,2.08,24
crutch,3.67,2.2,18
cry,5.45,2.82,20
crybaby,5.05,3.2,22
crypt,4.13,2.55,23
cryptic,5.53,2.09,19
crystal,4.1,2.68,21
cub,3.95,2.61,22
cubby,3.71,2.08,21
cube,3.09,1.8,22
cubic,3.0,2.07,22
cubicle,3.05,2.11,20
cuckold,3.78,2.21,18
cuckoo,4.57,2.35,23
cucumber,3.17,2.3,24
cuddle,3.83,2.96,23
cue,4.35,2.39,20
cuff,3.56,2.29,25
cuisine,4.51,2.82,47
culinary,4.5,2.3,22
culmination,3.43,2.62,21
culprit,5.54,2.69,24
cult,5.48,1.66,21
cultivate,3.81,2.58,21
cultural,4.55,1.57,20
culture,4.06,2.01,18
cultured,3.33,2.15,21
cunning,4.9,1.62,20
cunt,6.1,2.53,21
cup,2.6,2.01,20
cupboard,3.52,2.25,23
cupcake,4.22,2.54,23
curator,2.73,1.72,22
curb,3.59,2.15,22
curd,4.37,2.79,19
cure,4.5,2.76,22
curfew,4.0,2.47,23
curiosity,5.9,2.14,21
curious,5.74,2.12,915
curl,3.05,1.79,20
curling,4.43,1.89,21
currency,4.05,2.62,21
current,3.25,2.17,20
curriculum,3.56,2.36,18
curry,3.17,2.2,18
curse,5.2,2.38,20
curt,3.2,2.35,20
curtain,3.62,2.12,26
curtains,2.63,1.83,19
curtsy,4.6,2.44,20
curve,4.52,2.0,23
curved,3.91,2.69,22
cushion,2.76,1.55,21
cushy,4.23,2.74,22
cuss,6.25,2.34,20
custard,3.5,2.15,22
custodial,3.42,2.7,24
custodian,2.67,1.74,21
custody,4.14,2.8,22
custom,4.0,2.07,21
customary,3.44,1.69,18
customer,3.4,2.06,25
customized,4.87,2.65,23
cut,5.07,2.43,46
cute,5.05,2.82,21
cutie,4.62,2.4,21
cutlass,4.55,1.84,22
cutoff,3.92,1.69,24
cutter,4.35,2.42,26
cutthroat,5.65,2.19,23
cutting board,3.83,2.66,18
cyanide,5.72,2.67,18
cyberspace,5.04,2.7,23
cycle,4.42,2.29,19
cyclone,5.09,2.72,47
cylinder,3.14,2.08,22
cynic,4.68,1.67,19
cynical,4.78,2.73,18
cynicism,5.0,2.47,22
cyst,4.28,2.28,25
cystic,3.55,2.32,22
czar,4.79,2.86,24
dab,3.11,1.91,18
dabble,3.05,1.99,21
dad,4.05,2.52,21
daddy,4.24,2.7,21
daft,2.75,1.68,20
dagger,5.79,2.36,43
daily,4.2,2.48,20
dainty,2.7,1.84,20
daiquiri,4.95,2.31,20
dairy,3.9,2.34,21
daisy,3.95,2.76,19
dam,3.67,2.13,21
damage,4.86,2.61,43
dame,4.22,2.67,18
damn,5.1,2.47,21
damnation,5.77,1.93,22
damp,2.8,1.99,20
damper,3.59,2.04,22
damsel,4.44,2.31,18
dance,5.48,2.62,21
dancer,4.52,2.44,42
dandruff,4.41,2.15,22
dandy,4.0,1.87,21
danger,5.84,2.74,44
dangerous,6.81,2.34,21
dangle,4.25,2.53,20
dank,3.0,1.78,20
dare,5.6,2.64,20
daredevil,6.33,2.18,21
daresay,3.76,2.55,21
daring,6.14,1.9,21
dark,4.09,2.43,22
darken,3.86,2.22,21
darkened,3.77,2.11,22
darkness,4.08,2.04,25
darkroom,3.61,1.73,23
darling,3.95,2.33,21
darn,3.17,2.37,23
dart,3.87,2.58,23
dash,4.29,2.07,24
dashboard,3.15,1.87,20
dashing,4.28,2.56,25
database,3.33,2.33,18
date,4.33,2.5,21
daughter,5.0,2.63,21
dawdle,3.29,1.9,21
dawn,3.1,2.22,20
day,3.62,2.31,21
daybreak,3.95,2.4,21
daycare,3.39,2.43,18
daydream,3.2,2.4,20
daylight,4.05,2.84,20
daytime,4.0,2.61,23
daze,4.5,2.8,26
dazzle,4.96,2.5,46
dazzling,6.36,2.42,22
deacon,3.87,2.32,23
deactivate,4.58,2.76,24
dead,3.91,2.15,23
deadbeat,4.32,2.23,22
deadline,5.74,2.56,23
deadly,5.04,2.75,23
deaf,4.27,2.41,22
deafening,4.56,2.65,25
deal,3.9,2.39,21
dealer,5.42,2.24,19
dealership,2.9,1.83,20
death,5.53,2.62,43
deathbed,4.05,2.77,22
deathly,6.05,2.33,20
debacle,4.78,2.24,23
debatable,5.8,2.4,20
debate,4.86,2.41,21
debauchery,5.28,2.4,18
debilitating,4.41,2.58,22
debrief,3.61,2.29,23
debriefing,3.48,1.47,21
debris,4.23,2.29,22
debt,5.93,2.58,43
debut,3.41,1.99,22
debutante,4.23,1.88,22
decade,3.61,2.52,18
decadence,4.32,2.5,22
decadent,4.05,2.52,21
decaf,3.0,1.97,20
decathlon,4.5,2.71,18
decay,4.59,2.59,22
decaying,4.68,2.4,19
deceased,4.86,2.94,21
decedent,3.15,1.93,20
deceit,5.62,1.94,21
deceitful,5.18,2.56,22
deceive,5.9,2.17,20
decency,3.36,1.65,22
decent,4.15,2.62,20
deception,5.79,2.37,19
deceptive,4.95,2.77,21
decide,3.1,2.47,20
decimal,3.35,2.3,26
decimeter,2.5,1.7,20
decipher,4.39,2.52,23
decision,3.43,2.38,21
decisive,3.95,2.46,20
deck,3.25,2.31,20
declaration,4.24,2.36,21
declare,4.4,1.98,20
decline,3.6,2.5,20
deco,3.74,2.03,23
decode,4.59,2.36,22
decoder,3.43,2.42,21
decompose,4.17,2.23,18
decomposition,4.0,2.55,24
decompress,3.52,2.37,25
decompression,2.91,2.13,23
decontamination,4.96,2.29,23
decor,3.38,2.06,21
decorate,4.33,2.46,21
decoration,4.05,2.22,21
decorative,4.76,2.26,25
decorator,3.15,1.79,20
decorum,2.91,1.87,22
decoy,3.91,2.18,22
decrease,3.05,1.81,22
decree,3.9,2.63,20
decrepit,4.83,2.53,23
decryption,4.12,2.59,25
dedicate,3.35,2.18,20
dedication,4.36,2.18,25
deduce,3.04,2.22,24
deduct,4.11,2.18,19
deductible,4.29,2.46,24
deduction,3.23,2.02,22
deed,3.0,1.59,20
deejay,3.95,2.5,22
deem,3.29,1.65,21
deep,3.9,2.76,21
deer,3.95,2.42,22
defamation,5.62,1.94,21
default,4.57,2.25,21
defeat,4.14,2.49,22
defeated,4.73,2.37,22
defeatist,3.5,2.18,18
defect,4.14,2.8,22
defective,4.17,2.39,23
defector,3.75,2.84,20
defend,4.55,2.26,20
defendant,4.14,2.43,21
defender,3.76,1.97,21
defense,5.11,2.62,19
defenseless,4.9,2.07,20
defensive,4.28,2.95,18
defer,2.7,2.03,20
defiance,5.86,2.33,21
defiant,5.9,1.64,21
defibrillator,5.0,2.31,22
deficiency,4.2,2.53,20
deficient,3.56,2.01,18
deficit,4.19,2.56,21
define,3.95,2.5,20
definite,4.19,1.94,21
definition,3.14,2.44,22
definitive,3.83,1.77,23
deflect,3.68,2.48,25
deformed,4.27,2.19,45
deformity,4.71,2.39,21
defrost,3.48,2.27,23
deft,3.0,2.25,20
defuse,4.68,2.15,22
defy,5.43,2.18,21
degenerate,4.68,2.36,19
degeneration,4.18,2.3,22
degradation,4.26,2.54,23
degrade,4.95,2.44,21
degree,4.1,1.92,21
dehydration,4.68,2.82,25
delay,3.0,2.29,20
delayed,4.05,2.25,43
delegate,3.72,2.35,18
delegation,3.62,1.8,21
delete,3.71,2.24,21
deli,4.3,2.29,23
deliberate,3.48,2.18,21
deliberation,3.95,2.84,20
delicacy,5.0,2.62,24
delicate,3.09,2.21,23
delicatessen,4.45,2.86,20
delicious,4.92,2.92,24
delight,5.02,2.69,43
delighted,5.0,2.28,21
delightful,6.16,2.75,19
delinquency,5.27,2.1,22
delinquent,4.9,2.43,20
delirious,5.81,2.46,21
delirium,4.94,2.82,18
deliver,4.75,2.31,20
deliverance,3.95,2.29,21
delivery,4.04,2.27,24
delta,3.32,2.15,22
delude,3.95,2.08,22
deluge,4.7,2.49,23
delusion,4.6,2.19,20
delusional,5.8,1.94,20
deluxe,4.96,2.35,25
demand,5.85,2.06,20
demeaning,3.74,2.53,23
demeanor,2.9,1.58,21
demented,4.86,2.4,22
dementia,5.05,2.46,22
demise,4.18,2.13,22
demo,3.91,2.02,22
democracy,5.05,2.48,22
democrat,5.65,2.5,20
democratic,4.33,2.35,21
demographic,3.73,2.03,22
demolish,4.5,1.82,24
demolition,5.23,2.67,26
demon,5.34,2.8,47
demonic,6.24,2.07,21
demonstrate,4.14,3.0,21
demonstration,3.53,1.9,19
demure,3.35,2.06,23
den,2.86,1.88,22
deniability,4.5,2.47,24
denial,4.85,2.46,20
denim,3.67,2.18,21
denominator,4.09,2.45,22
denounce,4.08,2.56,25
dense,3.59,1.53,22
density,3.55,2.44,20
dent,3.46,2.75,24
dental,4.79,2.18,19
dentist,4.37,2.58,38
deny,5.63,2.39,19
deodorant,3.73,2.05,26
depart,3.9,2.29,20
department,2.5,1.82,20
departmental,4.12,2.63,24
departure,3.65,2.85,20
depend,4.45,2.21,20
dependable,3.5,3.06,24
dependence,3.55,1.63,22
dependency,4.26,2.34,23
dependent,3.73,2.27,22
depict,3.88,1.96,17
deplorable,4.73,2.19,22
deploy,4.96,2.36,23
deployment,5.95,2.19,20
deport,3.84,2.36,19
deportation,4.42,2.3,26
depose,4.3,2.03,20
deposit,4.5,2.63,22
deposition,4.18,2.2,22
depository,4.05,2.76,20
depot,3.19,1.94,21
depravity,4.36,2.87,22
depress,3.14,1.46,22
depressed,4.25,3.24,20
depressing,3.0,2.11,19
depression,5.2,2.09,20
depressive,3.48,2.38,21
deprivation,4.57,1.91,21
deprive,3.72,2.19,18
depth,4.35,2.3,20
deputy,4.05,2.31,21
derail,4.85,2.87,20
derelict,4.4,2.57,43
derivative,3.72,2.35,18
derive,2.9,1.92,20
dermatologist,3.61,2.29,23
derogatory,3.95,2.06,20
descend,3.17,2.37,24
descendant,4.24,1.73,21
descent,3.9,2.19,21
describe,2.95,1.85,20
description,3.64,2.13,22
descriptive,3.45,2.13,22
desecrate,4.12,2.76,24
desecration,5.1,2.77,20
desert,3.5,2.33,20
deserter,4.97,2.28,40
desertion,3.67,2.58,24
deserve,4.5,1.88,20
deserving,4.35,2.19,26
design,3.95,2.65,21
designate,4.6,2.74,20
designated,3.85,1.93,20
designer,5.0,2.64,20
desirable,6.25,2.69,20
desire,6.2,2.33,20
desist,3.84,1.83,19
desk,2.45,1.67,20
desolate,3.22,1.8,18
desolation,4.04,2.2,26
despair,4.64,2.63,22
despairing,4.91,2.07,22
desperado,3.41,2.4,17
desperate,5.0,2.52,23
desperation,6.3,2.43,20
despicable,4.86,2.42,22
despise,4.77,2.22,22
despondent,4.64,2.34,22
dessert,5.5,3.11,18
destination,4.57,2.87,21
destiny,4.76,2.55,21
destitute,4.2,2.14,20
destroy,5.16,2.85,45
destroyer,6.09,2.33,22
destruct,6.09,2.47,23
destruction,5.62,2.6,45
destructive,6.38,1.56,21
detach,3.19,1.94,21
detached,3.6,2.38,47
detachment,3.32,2.44,22
detail,3.81,2.09,21
detailed,4.35,2.28,20
detain,4.25,2.36,20
detect,4.57,2.56,23
detection,3.95,2.09,21
detective,4.55,2.58,20
detector,4.52,1.97,21
detention,4.57,2.52,21
deter,3.86,1.82,21
detergent,3.25,2.38,20
deteriorate,4.86,2.55,22
deteriorating,5.52,2.15,23
deterioration,5.0,2.35,21
determination,5.52,2.23,23
determine,4.68,2.51,22
deterrent,4.23,2.05,22
detest,5.09,2.09,22
detonate,6.1,2.49,21
detonation,4.83,2.58,24
detonator,5.39,2.27,23
detour,4.58,2.29,19
detriment,4.4,2.7,20
deuce,3.5,1.82,22
deutschmark,3.23,2.52,22
devastating,5.5,2.69,26
devastation,5.48,2.46,21
develop,4.5,2.09,22
developer,3.75,2.53,20
development,4.23,2.16,22
deviant,5.62,2.09,21
deviate,4.27,2.43,22
deviation,4.7,2.56,20
device,3.42,2.34,19
devil,5.4,3.06,43
deviled,4.24,2.17,21
devilish,6.38,2.2,24
devious,3.83,2.62,23
devise,4.48,2.02,21
devoid,3.22,1.83,18
devote,4.05,1.94,22
devoted,4.22,2.11,23
devotion,4.73,2.49,22
devour,6.06,2.36,18
devout,4.13,2.3,23
dew,3.04,1.8,23
dexterity,3.26,2.23,19
diabetes,4.04,2.42,23
diabetic,3.86,2.25,22
diabolical,5.32,2.98,22
diagnose,3.72,2.11,18
diagnosis,4.0,2.7,21
diagnostic,4.57,1.83,23
diagonal,3.29,1.82,21
diagram,3.71,1.74,21
dial,3.76,1.87,21
dialect,4.26,2.38,19
dialogue,2.86,1.9,21
dialysis,4.91,2.23,23
diameter,4.04,1.87,23
diamond,5.82,2.57,45
diaper,3.41,1.87,22
diaphragm,3.96,2.5,23
diarrhea,6.85,2.03,20
diary,3.73,2.19,22
dib,3.05,2.11,20
dibs,4.62,2.11,21
dice,4.64,2.17,22
dicey,4.7,2.05,20
dick,5.6,2.96,20
dickhead,5.26,2.08,19
dictate,3.24,2.0,21
dictation,2.94,2.01,18
dictator,5.5,2.44,22
dictatorship,6.38,1.75,21
diction,3.73,2.25,22
dictionary,2.91,1.95,23
diddle,3.15,1.9,20
die,6.9,2.21,21
diesel,3.78,1.96,18
diet,3.83,2.09,18
differ,3.26,2.43,23
difference,3.15,2.23,20
different,3.95,2.2,21
differential,3.62,2.13,21
difficult,4.45,2.35,20
difficulty,4.21,2.62,19
diffuse,3.86,2.53,22
dig,3.67,2.59,21
digest,2.9,1.7,21
digestion,3.86,2.32,22
digestive,4.0,2.25,20
digit,3.05,1.83,21
digital,4.36,2.22,25
dignified,3.48,2.06,42
dignify,4.24,2.05,21
dignity,3.71,1.98,21
dike,4.85,2.78,20
dilation,4.14,1.96,22
dildo,5.09,2.65,22
dilemma,5.19,2.56,21
diligence,4.63,2.45,19
diligent,4.33,2.82,24
dill,3.25,2.2,20
dim,3.55,2.31,20
dime,3.52,2.34,21
dimension,3.73,2.05,22
dimensional,3.41,2.3,22
diminish,3.87,1.87,23
diminutive,3.5,2.16,20
dimwit,3.5,2.11,22
dine,4.0,2.08,20
diner,4.04,2.33,23
dinghy,4.17,2.12,18
dingo,4.25,2.07,20
dingy,4.57,2.54,23
dining,4.7,2.57,23
dinky,3.67,2.03,21
dinner,3.85,2.34,47
dinnertime,5.2,2.53,20
dinosaur,5.33,2.03,18
diocese,4.0,2.37,26
dioxide,3.95,2.44,22
dip,3.35,2.16,20
diploma,5.25,2.4,20
diplomacy,5.22,2.13,23
diplomat,3.65,2.01,23
diplomatic,4.45,2.04,20
dipper,3.36,1.97,22
dippy,4.32,2.15,22
dipstick,3.52,2.16,21
dire,5.0,2.14,21
direct,4.29,1.9,21
direction,3.33,2.22,18
directive,4.3,2.29,23
director,3.75,2.27,20
directory,3.33,1.98,21
dirt,3.44,2.13,41
dirty,5.05,2.18,21
disability,3.9,1.62,20
disable,3.6,1.7,20
disabled,3.71,2.05,21
disadvantage,3.9,1.71,20
disagree,4.9,2.07,20
disagreeable,4.26,2.6,23
disagreement,3.91,2.54,23
disappear,4.35,2.56,20
disappearance,4.95,2.25,21
disappoint,3.91,2.04,43
disappointed,4.47,2.37,19
disappointing,4.1,2.23,21
disappointment,4.9,2.63,20
disapproval,4.23,2.22,22
disapprove,3.81,2.4,21
disarm,3.7,2.55,23
disaster,6.35,2.59,23
disastrous,4.23,2.47,22
disband,3.38,2.01,21
disbelief,5.58,2.27,19
disc,3.56,2.43,18
discard,3.71,1.9,21
discerning,4.26,2.24,23
discharge,4.94,2.11,17
disciple,3.52,2.14,21
disciplinary,4.56,3.07,18
discipline,5.8,2.21,20
disciplined,4.4,2.44,20
disclose,4.45,2.24,20
disclosure,3.15,2.03,20
disco,5.25,2.36,20
discoloration,4.05,2.31,21
discomfort,4.43,2.42,42
disconcerting,4.36,2.52,22
disconnect,3.12,2.49,24
discontent,4.67,2.93,18
discontinue,3.89,2.11,18
discord,5.43,1.86,21
discount,4.62,2.5,24
discourage,3.73,2.35,22
discouraged,3.38,2.38,39
discouraging,4.17,2.37,23
discourse,4.27,2.57,22
discover,5.7,3.01,20
discovery,6.04,2.53,23
discredit,4.05,2.44,21
discreet,3.4,2.39,20
discrepancy,3.75,2.67,20
discretion,3.57,2.04,21
discretionary,3.0,2.05,22
discriminate,4.05,2.29,21
discriminating,4.78,2.54,23
discrimination,5.62,2.55,24
discuss,2.76,2.45,21
discussion,5.0,2.52,19
disdain,3.21,2.26,24
disdainful,4.7,2.38,43
disease,5.5,2.31,20
diseased,5.48,2.52,21
disembodied,5.5,2.69,26
disengage,3.95,1.75,21
disgrace,4.28,2.49,25
disgraceful,4.08,2.53,25
disgruntled,3.55,2.65,22
disguise,4.36,2.34,22
disgust,5.0,2.35,23
disgusted,4.89,2.38,47
disgusting,6.15,2.62,20
dish,3.57,2.29,23
dishonest,4.95,2.24,22
dishonesty,5.39,2.68,18
dishonor,4.82,2.44,22
dishonorable,5.76,1.79,21
dishwasher,3.05,2.06,21
disinfect,4.0,2.17,23
disinfectant,2.96,2.12,24
disintegrate,5.43,2.54,21
disk,2.95,2.08,22
dislike,4.27,2.6,22
disloyal,5.14,2.46,22
disloyalty,5.77,2.2,22
dismal,3.29,1.9,21
dismantle,4.05,2.04,20
dismay,2.85,1.79,20
dismiss,3.7,2.11,20
dismissal,4.48,2.37,23
dismissive,2.67,1.64,18
dismount,3.59,2.13,22
disobedience,4.5,2.69,22
disobey,5.35,2.25,23
disorder,4.9,2.38,20
disorderly,4.85,2.78,20
disorientation,5.1,2.36,20
disoriented,4.81,2.21,26
disown,4.54,2.4,24
disparage,3.96,1.97,23
dispatch,3.55,2.18,22
dispatcher,3.86,2.48,21
dispensary,4.14,2.44,22
dispense,2.95,2.06,21
dispenser,4.18,2.54,22
dispersal,4.43,2.59,23
disperse,3.67,2.01,21
displace,3.8,2.59,20
displacement,3.86,2.01,21
display,3.81,1.91,21
displease,5.71,2.22,21
displeased,4.22,2.56,45
displeasure,4.81,2.5,21
disposable,2.9,1.48,20
disposal,4.42,2.29,19
dispose,5.53,2.34,19
disposition,4.16,2.41,19
disprove,4.3,2.1,23
dispute,4.55,2.87,20
disqualify,4.7,1.84,20
disregard,3.5,2.32,22
disrespect,5.35,2.48,23
disrespectful,4.65,2.17,23
disrupt,4.87,2.2,23
disruption,5.48,2.27,23
disruptive,6.1,2.47,20
dissatisfied,4.82,1.99,22
dissect,5.43,1.85,23
dissection,4.32,2.23,22
dissent,4.0,2.02,22
dissertation,3.71,1.71,21
dissociative,4.61,2.37,23
dissolve,3.36,1.56,22
dissuade,3.35,2.16,20
distance,3.81,1.89,21
distant,2.95,2.13,22
distasteful,5.05,1.82,20
distilled,3.11,1.97,19
distinct,3.67,2.71,21
distinction,3.6,2.36,25
distinctive,3.78,2.18,18
distinguish,3.87,2.01,23
distinguished,4.4,2.1,25
distinguishing,5.7,2.56,20
distort,3.62,2.7,24
distorted,5.29,2.24,21
distortion,4.43,2.71,21
distract,3.55,2.04,22
distraction,3.94,2.1,18
distraught,5.64,2.72,22
distress,4.0,3.16,24
distressed,6.28,2.11,39
distressing,5.52,2.95,23
distribute,3.72,1.84,18
distribution,3.45,2.58,20
distributor,3.2,1.78,25
district,3.0,1.59,20
distrust,4.05,2.77,21
disturb,4.98,2.47,42
disturbance,5.19,2.34,21
disturbing,5.65,2.5,20
ditch,3.81,1.97,21
ditto,3.9,2.65,20
ditty,3.68,2.08,22
diva,4.55,2.46,22
dive,3.79,2.78,24
diver,5.42,2.46,19
diverse,3.64,2.27,25
diversion,4.48,2.46,21
diversionary,3.52,2.09,21
diversity,3.21,2.32,24
divert,4.1,2.13,20
divide,4.62,1.91,21
divine,3.05,2.33,21
division,3.57,1.89,21
divorce,5.39,2.62,44
divorcee,3.8,2.57,25
divulge,5.43,2.25,21
divvy,3.27,2.05,22
dizziness,4.95,2.64,21
dizzy,4.67,2.32,24
do,3.67,2.15,21
doable,4.24,2.02,21
doc,3.14,2.61,21
docile,2.47,1.9,19
dock,3.44,2.45,18
docket,3.3,2.03,20
docking,3.74,2.03,23
doctor,4.05,2.4,21
doctorate,3.91,2.11,22
doctrine,3.0,1.69,22
document,2.9,1.64,21
documentary,3.76,2.59,21
documentation,3.38,1.63,21
documents,3.73,2.25,22
dodger,3.95,2.27,21
dodgy,4.55,2.39,20
dodo,4.0,2.33,22
doer,4.38,2.62,21
dog,5.43,2.64,21
dogface,4.14,2.27,22
doggy,4.79,2.8,19
doghouse,2.68,2.1,22
dojo,4.15,2.78,20
dole,4.4,2.35,25
doll,3.51,2.25,43
dollar,5.57,2.73,21
dollhouse,3.55,2.26,22
dolphin,3.0,2.45,22
domain,3.36,2.68,22
dome,4.42,2.48,19
domestic,2.8,2.26,20
domesticated,3.67,1.93,21
dominance,5.5,2.76,20
dominant,5.36,2.48,22
dominate,6.4,2.19,20
domination,5.0,2.71,22
dominatrix,5.65,2.66,20
dominion,4.67,2.31,21
domino,3.46,2.62,24
donate,3.25,2.23,24
donation,4.0,2.37,21
donkey,2.9,1.89,20
donor,3.76,1.76,21
doodle,4.09,2.14,22
doom,6.17,2.92,18
doomsday,6.22,2.66,23
door,3.19,2.04,21
doorbell,4.17,2.31,23
doorknob,2.64,1.6,25
doorman,3.35,2.17,26
doormat,3.2,2.09,20
doornail,3.32,2.4,22
doorstep,3.26,1.89,23
doorway,3.65,2.53,23
dopamine,4.58,2.63,19
dope,4.24,2.57,21
dopey,2.91,1.95,23
dork,2.88,2.01,24
dorky,4.5,2.44,22
dorm,4.29,1.93,21
dormant,3.0,2.02,21
dormitory,4.5,1.64,20
dorsal,3.7,2.25,20
dosage,4.0,2.2,18
dose,2.95,2.16,21
dossier,3.72,1.56,18
dot,3.09,1.8,22
dotted,3.33,1.53,21
dotty,3.55,2.68,20
double,3.38,2.42,21
doubt,4.33,2.42,21
doubtful,4.55,2.13,22
douche,4.13,2.6,23
dough,4.1,2.02,21
doughboy,4.0,2.02,21
doughnut,4.5,2.34,26
douse,3.92,2.36,25
dove,3.27,2.47,44
downer,3.13,1.69,23
downfall,4.5,2.64,18
downfield,2.5,1.43,20
download,3.6,2.36,25
downriver,3.55,2.44,20
downside,4.63,2.43,19
downtime,3.06,2.26,18
downward,4.05,1.96,21
downy,3.11,1.66,19
dowry,3.11,2.4,18
doze,3.37,2.59,19
dozen,2.95,2.2,19
Dr. Pepper,4.48,2.47,23
drab,2.35,1.57,20
draft,4.1,2.75,20
drafty,3.73,2.25,22
drag,4.81,1.94,21
dragon,5.45,2.87,20
dragonfly,3.86,2.52,21
drain,2.94,1.98,18
drainage,3.52,2.04,21
drainpipe,2.91,2.25,23
drake,4.32,2.44,22
drama,5.14,3.04,22
dramatic,6.59,1.99,22
drape,3.29,1.93,17
drastic,5.2,2.31,20
drat,3.4,2.28,20
draught,3.32,2.24,19
draw,3.6,2.26,20
drawback,3.08,2.6,24
drawbridge,3.3,2.25,20
drawer,3.0,1.71,18
dread,4.5,2.4,20
dreaded,5.1,2.55,21
dreadful,4.5,2.71,18
dream,4.37,2.81,43
dreamboat,4.27,2.33,22
dreamer,4.4,2.77,25
dreamland,3.95,3.33,20
dreamy,4.9,2.79,20
dreary,3.54,2.13,41
dredge,3.36,2.13,22
dress,4.73,2.44,45
dresser,2.58,1.64,19
dressmaker,3.05,2.6,21
dressy,4.15,2.48,20
dribble,3.75,2.1,20
drift,3.32,2.29,19
drifter,4.32,2.46,22
driftwood,3.1,2.19,21
drill,5.11,2.13,19
drink,5.19,2.56,21
drinker,5.32,2.85,22
drip,3.7,2.3,20
drive,4.19,1.91,21
drivel,4.65,1.9,20
driver,3.15,2.41,20
driveway,3.38,2.29,21
drizzle,4.23,2.39,22
droll,3.41,1.94,22
drone,4.3,2.29,23
drool,2.7,1.84,20
droopy,3.18,1.79,22
drop,4.67,2.35,21
dropout,4.7,2.39,20
dropper,3.45,2.42,22
drought,3.55,2.15,22
drown,5.35,2.69,43
drowsy,2.83,1.87,23
drug,4.48,2.52,21
drug dealing,4.7,2.87,23
druggist,4.0,2.34,20
drugs,5.78,2.66,23
drugstore,4.05,2.66,22
drum,4.67,2.54,21
drummer,4.5,2.19,20
drunk,5.05,2.87,20
drunk driving,5.73,2.55,22
drunkard,4.45,2.21,20
drunken,4.36,2.38,22
drunkenness,6.05,2.16,21
dry,3.8,2.14,20
dryer,2.43,1.43,21
dual,4.39,2.78,23
dub,4.58,2.57,19
dubious,4.33,1.8,21
duchess,3.92,2.75,24
duck,4.0,1.84,21
duckling,3.92,2.37,26
ducky,3.81,2.6,21
duct,2.8,2.06,25
dud,3.33,2.06,18
dude,3.81,2.14,21
due,4.38,3.01,21
duel,5.55,2.61,20
duet,3.79,2.3,24
duffel,3.5,1.96,26
dugout,4.08,1.55,25
duh,3.9,2.47,20
duke,4.21,2.04,24
dull,1.67,1.03,18
dullard,3.58,2.55,26
dumb,5.3,2.75,20
dumbbell,3.54,2.62,24
dummy,3.79,2.15,38
dump,3.67,2.06,21
dumpling,2.5,1.71,22
dumpster,4.0,2.14,21
dunce,4.95,1.91,21
dune,2.76,1.87,21
dung,3.45,2.32,22
dungeon,5.13,2.47,23
dunk,3.6,2.37,20
duo,3.75,2.27,20
dupe,3.73,2.0,22
duplex,3.09,2.23,23
duplicate,4.5,2.33,20
duration,3.3,1.4,23
duress,4.45,2.22,22
dusk,3.52,2.2,21
dusky,4.55,2.28,22
dust,3.45,2.19,20
duster,2.85,1.76,20
dustpan,2.86,1.74,21
dusty,4.1,2.32,21
duty,3.71,2.55,21
dwarf,3.43,2.0,23
dweeb,3.86,1.91,22
dwell,3.14,1.88,21
dwelling,3.57,2.04,21
dye,3.3,2.0,20
dyke,3.67,2.46,21
dynamic,5.43,2.45,23
dynamite,6.4,2.54,20
dynamo,5.18,2.42,22
dynasty,4.45,1.99,20
dysentery,3.75,2.45,20
dysfunction,4.9,2.71,20
dysfunctional,4.63,2.36,19
eager,5.78,2.62,18
eagle,4.57,2.77,21
ear,3.5,2.06,20
earful,4.19,2.58,21
earl,3.64,1.87,22
earn,4.35,3.12,26
earnest,3.81,1.99,21
earnings,4.84,2.63,19
earpiece,3.86,2.21,22
earring,3.59,2.02,22
earrings,4.22,2.58,18
earth,5.04,2.65,23
earthling,3.09,1.72,22
earthly,3.55,2.18,22
earthquake,6.76,2.39,21
earthy,3.29,2.03,21
ease,2.45,1.41,22
east,2.5,1.76,20
eastbound,2.2,1.36,20
eastern,3.48,1.6,21
easy,3.82,2.64,49
easygoing,3.2,2.41,40
eat,4.38,2.79,45
eater,4.23,1.88,22
eavesdrop,4.33,2.65,21
ebony,4.32,2.77,22
eccentric,5.19,2.25,21
echelon,3.17,2.35,23
echinacea,3.73,2.45,22
echo,3.61,2.09,18
eclectic,4.5,2.55,24
eclipse,5.12,2.82,25
ecological,3.81,1.72,21
economic,3.62,1.86,21
economics,3.7,2.2,20
economy,5.32,2.23,22
ecosystem,3.71,2.35,21
ecstasy,6.11,2.59,44
ecstatic,6.95,1.99,21
edema,3.27,2.23,22
edge,4.65,2.52,23
edgy,4.39,2.41,23
edible,5.15,2.68,20
edifice,3.95,2.06,22
edit,4.1,1.89,21
editing,5.58,2.29,19
edition,3.79,2.21,24
editor,4.09,2.07,23
editorial,2.9,2.0,21
educate,4.36,2.4,25
education,4.64,2.15,22
educational,4.52,2.73,21
educator,3.5,2.13,22
eel,4.79,2.62,19
eerie,5.57,1.99,21
effect,4.08,2.61,26
effective,3.95,2.32,22
effectiveness,4.95,2.84,19
efficiency,3.74,2.24,23
efficient,3.86,2.36,22
effort,4.12,2.42,24
effortless,3.43,2.38,21
egg,3.28,2.46,46
egghead,3.59,2.67,22
eggnog,4.27,2.78,22
eggplant,3.14,1.68,21
eggshell,3.17,2.09,18
ego,4.17,2.53,24
egomaniac,5.53,2.14,19
egotistical,5.14,2.21,22
eight,3.48,1.81,21
eighteen,3.83,2.09,18
eighty,3.41,2.11,22
ejaculate,6.15,2.39,26
ejaculation,6.18,2.94,22
eject,4.42,2.32,24
ejection,4.29,2.66,17
El Nino,4.09,2.27,23
elaborate,4.23,2.16,22
elastic,4.35,1.94,23
elated,5.14,2.71,21
elbow,3.2,2.12,44
elder,2.5,1.93,20
elderly,2.73,2.1,22
elect,4.0,2.83,20
election,4.23,2.3,26
elective,3.54,2.23,24
electoral,3.86,1.85,21
electric,4.05,2.06,21
electric slide,4.73,2.6,22
electrical,6.0,2.47,20
electrician,3.19,1.81,21
electricity,4.3,2.69,23
electrocute,6.0,3.02,22
electrocution,5.76,2.66,17
electromagnetic,5.22,2.41,23
electron,3.82,2.61,22
electronic,3.64,2.72,22
electronics,4.6,2.37,20
elegance,4.24,2.68,25
elegant,4.43,2.59,23
element,3.9,2.36,21
elemental,4.35,2.33,23
elementary,3.5,2.14,20
elephant,4.23,2.33,22
elevate,4.65,2.1,23
elevation,3.57,2.45,23
elevator,3.65,2.25,43
eleven,3.05,2.42,21
elf,4.3,2.14,23
elicit,5.27,2.25,22
eligible,4.81,2.27,21
eliminate,3.64,2.36,22
elimination,3.35,2.33,23
elite,5.9,2.22,20
elitist,4.57,2.59,23
elixir,3.95,2.32,22
elk,3.48,2.04,21
elm,3.05,2.13,21
elope,5.7,2.2,20
eloquence,3.91,2.7,23
eloquent,4.61,2.39,23
elude,4.0,2.97,20
elusive,4.5,2.87,18
email,4.5,2.35,22
emancipation,3.65,2.32,20
embankment,3.62,2.25,21
embargo,4.59,2.32,22
embark,4.3,2.9,20
embarrass,5.47,2.74,19
embarrassed,5.38,2.44,45
embarrassing,5.95,2.38,21
embarrassment,5.45,2.42,20
embassy,3.91,2.2,22
embattled,4.02,2.56,48
embezzlement,4.67,2.28,18
embezzler,5.24,2.68,21
emblem,2.67,1.85,21
embodiment,3.78,2.37,18
embolism,4.17,2.12,23
embrace,5.82,2.58,17
embroidery,2.85,2.52,20
embryo,3.7,1.77,23
emcee,4.05,2.1,22
emerald,5.33,2.32,24
emerge,4.74,2.2,23
emergency,6.43,2.73,21
emery,3.59,2.09,22
eminence,4.5,2.41,22
eminent,4.95,2.16,21
emissary,3.39,2.41,23
emission,3.67,2.51,24
emit,3.96,2.41,25
emotion,4.75,2.79,20
emotional,5.32,2.46,22
empathize,3.55,2.36,22
empathy,3.62,2.06,21
emperor,4.25,2.2,20
emphasis,4.1,1.87,21
emphasize,4.21,2.4,24
emphysema,4.25,2.29,20
empire,4.59,2.75,22
empirical,4.14,2.4,22
employ,3.83,2.01,23
employee,4.65,2.89,20
employer,4.06,2.54,17
employment,5.02,2.68,44
emporium,4.17,2.27,23
empress,3.87,2.16,23
emptiness,3.18,2.46,22
empty,2.25,1.65,20
emu,4.0,2.37,26
emulate,4.15,1.79,20
enable,3.95,2.44,22
enamel,3.79,2.28,24
enchanted,5.27,2.73,22
enchanting,5.56,2.23,18
enchantment,5.29,2.76,21
enchantress,4.1,2.47,21
enchilada,4.39,2.09,18
enclosure,3.35,2.23,20
encore,4.09,2.2,22
encounter,4.67,2.11,21
encourage,4.38,2.42,21
encouragement,5.59,3.06,17
encouraging,4.23,2.47,22
encryption,4.0,2.45,22
encyclopedia,5.0,2.47,19
end,3.95,2.4,21
end table,2.7,2.03,20
endanger,4.72,2.37,25
endangerment,4.84,2.49,25
endearing,4.17,2.23,23
endeavor,4.19,2.16,21
endgame,5.26,2.47,23
ending,4.19,2.66,21
endless,4.23,2.07,22
endorse,3.17,1.69,18
endorsement,3.76,1.87,21
endowment,3.67,2.66,24
endurance,5.6,2.46,20
endure,3.77,2.02,22
enduring,3.36,2.11,22
enema,4.13,2.83,23
enemy,5.3,2.85,20
energetic,6.1,2.53,20
energize,6.0,2.16,25
energy,6.25,2.57,20
enforce,5.3,2.18,20
enforcement,4.48,2.86,23
enforcer,4.2,3.0,20
engage,5.28,2.67,18
engaged,5.2,2.31,20
engagement,5.19,2.34,21
engine,3.89,1.97,18
engineer,4.22,2.05,18
engineering,3.14,1.93,22
engraving,3.05,2.28,20
enhance,4.04,2.24,25
enhancement,4.39,2.44,23
enigma,4.65,2.64,20
enjoy,5.0,3.03,20
enjoyable,4.77,2.18,22
enjoyment,5.48,2.72,44
enlarge,3.87,2.32,23
enlargement,3.86,2.61,21
enlighten,3.23,2.49,22
enlightening,5.91,2.86,23
enlightenment,4.52,2.73,21
enlist,3.71,2.53,21
ennui,3.26,2.0,23
enormous,5.05,2.4,21
enraged,5.22,2.79,45
enroll,4.25,2.19,24
enrollment,3.76,2.63,25
ensemble,3.86,1.93,21
enslave,5.35,2.28,20
ensure,3.57,2.04,23
entail,4.11,2.37,18
enter,4.3,2.3,20
enterprise,4.0,1.81,20
enterprising,4.33,2.46,21
entertain,5.19,2.86,21
entertainer,6.15,2.41,20
entertaining,5.28,2.34,25
entertainment,6.42,2.55,19
enthusiasm,4.18,2.79,22
enthusiast,5.91,2.45,22
enthusiastic,5.9,2.53,21
entice,4.42,2.8,24
entire,2.85,1.87,20
entirety,3.1,2.36,20
entitle,4.0,1.95,22
entity,3.48,2.52,23
entourage,4.0,2.42,17
entrails,4.7,2.66,20
entrance,3.7,1.94,23
entrapment,5.91,2.2,22
entree,3.95,2.24,22
entrepreneur,3.68,2.66,22
entrust,3.2,2.12,20
entry,4.41,2.11,22
envelope,2.8,2.07,20
envious,5.1,2.49,20
environment,3.45,2.21,20
environmental,6.05,2.36,22
envision,3.76,1.89,21
envoy,3.74,2.33,19
envy,4.35,2.8,20
enzyme,3.1,1.55,21
epic,4.8,2.88,20
epidemic,6.18,2.48,22
epidural,4.94,3.15,18
epilepsy,5.0,2.45,23
epileptic,4.62,2.7,24
epiphany,4.6,2.7,20
episode,3.67,2.33,21
epitaph,3.52,2.02,21
epitome,4.23,2.27,22
equal,3.52,1.94,21
equality,4.73,2.57,22
equalizer,3.68,2.4,22
equate,3.84,2.69,19
equation,3.91,2.29,23
equator,4.1,1.7,21
equestrian,3.35,2.29,23
equilibrium,2.5,1.64,20
equipment,3.04,2.84,24
equity,3.91,2.07,22
equivalent,3.95,1.96,21
era,3.62,2.4,21
eradicate,5.09,2.57,23
erase,3.55,1.87,22
eraser,3.57,2.23,23
erect,5.43,2.8,21
erectile,5.5,2.52,22
erection,7.37,1.77,19
ergo,4.0,2.3,23
erosion,5.86,2.08,21
erotic,7.27,2.51,22
erotica,6.52,1.75,21
err,3.68,2.25,22
errand,3.89,2.73,44
errant,4.8,2.28,20
erratic,5.1,2.4,20
erroneous,4.64,2.38,22
error,4.43,2.56,21
erupt,6.41,1.87,22
eruption,6.09,2.37,22
escalate,6.25,1.97,20
escalating,4.5,2.69,24
escalation,4.91,2.74,22
escalator,4.55,2.7,20
escape,4.55,2.58,20
escort,5.32,2.4,22
escrow,3.11,1.88,18
esophagus,3.76,2.13,25
espionage,5.5,2.46,18
espresso,5.25,2.38,20
esquire,2.9,2.25,20
essay,4.0,2.73,19
essence,3.86,2.17,22
essential,4.3,2.11,20
establish,3.72,2.16,18
estate,3.45,1.99,20
esteem,3.91,2.68,23
esteemed,4.72,2.91,18
estimate,3.41,2.15,22
estimation,3.18,1.89,22
estranged,3.95,2.3,22
estrogen,4.45,2.5,20
eternal,3.59,2.26,22
eternity,3.77,2.71,22
ether,4.81,2.18,21
ethic,3.57,2.48,21
ethical,3.78,2.29,18
ethics,3.71,2.01,24
ethnic,3.55,2.42,22
etiquette,3.71,2.03,21
eucalyptus,3.1,1.77,20
eulogy,4.16,2.73,19
euphemism,3.48,2.13,23
euphoria,5.68,2.75,22
euphoric,5.25,2.69,20
euro,3.57,2.27,21
euthanasia,5.18,2.67,22
evacuate,5.17,3.09,18
evacuation,5.24,2.79,21
evade,5.91,2.43,23
evaluate,3.78,2.04,23
evaluation,5.89,2.0,19
evaporate,4.0,2.29,22
evasion,4.77,2.3,26
evasive,3.39,2.37,23
evening,3.1,2.0,21
evens,3.7,2.66,20
event,5.1,2.45,21
eventual,3.42,1.79,24
everlasting,3.85,2.63,26
everyday,3.14,2.19,22
everyman,3.52,2.11,21
evict,4.73,2.75,22
eviction,4.67,2.82,21
evidence,3.9,2.51,20
evident,3.76,2.45,25
evidentiary,4.22,2.13,23
evil,5.67,2.93,18
evolution,6.3,2.81,20
evolutionary,5.59,2.59,22
evolve,4.46,2.64,26
ex,4.79,2.66,19
exact,3.95,1.99,21
exacting,4.45,1.82,20
exaggerate,4.48,2.38,21
exaggeration,5.8,1.7,20
exam,5.17,1.97,23
examination,4.5,2.54,20
examine,3.95,2.31,20
examiner,3.7,2.39,20
example,3.55,1.9,20
excavation,4.64,2.22,22
exceed,5.52,2.4,21
excel,4.85,2.52,20
excellence,5.3,2.03,20
excellent,5.15,3.05,20
excelsior,4.0,2.14,21
exception,4.35,2.4,23
exceptional,5.0,2.37,23
excess,5.42,1.92,19
excessive,3.73,2.88,22
exchange,4.76,1.89,21
excitable,5.43,2.71,21
excite,6.61,2.43,23
excited,6.43,2.54,21
excitement,6.21,2.5,43
exciting,6.95,2.67,20
exclamation,5.4,2.57,25
exclude,4.81,2.11,21
exclusive,5.0,2.47,22
excrement,4.64,1.73,22
excruciating,5.3,2.77,20
excursion,4.26,2.49,23
excuse,3.61,1.97,44
exec,3.71,1.97,24
execute,5.79,2.74,19
execution,6.0,1.55,21
executioner,6.59,2.42,22
executive,4.32,2.55,22
executor,5.1,2.43,20
exemplary,4.79,2.73,24
exempt,4.43,2.36,21
exemption,4.17,2.16,24
exercise,5.41,2.13,22
exert,4.64,2.3,22
exhale,3.75,2.2,20
exhaust,4.26,2.16,23
exhaustion,4.52,2.09,21
exhaustive,4.5,2.59,20
exhibit,5.48,2.27,23
exhibition,5.38,2.13,21
exhilarated,6.55,2.39,20
exhilarating,6.83,2.28,18
exhumation,4.5,2.54,24
exhume,4.5,2.54,22
exile,5.87,2.69,23
exist,4.0,2.18,20
existence,4.38,2.09,21
existential,4.28,2.34,25
existing,5.05,2.42,21
exit,3.18,1.97,22
exodus,4.45,2.24,20
exonerate,3.83,2.53,18
exorcism,5.96,2.54,24
exorcist,6.29,2.35,21
exotic,6.9,2.15,20
expand,3.3,2.05,20
expansion,5.7,2.68,20
expect,4.86,2.03,21
expectancy,4.35,2.33,23
expectation,4.5,2.3,22
expedient,4.55,2.02,22
expedite,4.86,2.43,21
expedition,4.5,2.7,22
expel,4.24,2.76,21
expendable,5.11,2.63,18
expense,4.82,2.56,22
expensive,6.1,2.38,20
experience,3.71,2.08,21
experiment,4.86,2.62,22
experimental,5.57,2.25,21
experimentation,5.52,2.44,21
expert,4.05,1.73,20
expertise,5.95,1.23,20
expiration,4.29,1.74,21
expire,4.0,2.15,20
explain,4.0,2.17,21
explanation,4.05,1.88,20
explicit,5.23,3.04,22
explode,5.32,2.77,22
exploit,5.24,2.14,21
exploitation,6.1,1.34,21
exploration,5.0,2.65,22
exploratory,4.29,2.0,21
explore,4.05,2.55,22
explorer,5.24,2.84,17
explosion,6.35,2.48,23
explosive,6.62,1.86,21
expo,4.43,2.41,23
export,3.45,1.84,22
expose,5.89,1.97,19
exposition,4.3,2.96,23
exposure,5.45,2.48,20
express,4.79,2.28,24
expression,4.33,2.68,18
expressive,5.5,2.48,22
expressway,4.06,2.46,18
expulsion,4.65,2.44,23
exquisite,4.59,2.63,22
extend,3.62,2.09,21
extension,4.15,2.59,26
extensive,4.75,2.09,24
extent,3.68,2.4,19
exterior,3.39,2.03,18
exterminate,6.04,2.14,23
extermination,5.5,1.85,20
exterminator,5.13,2.38,23
external,3.0,1.75,20
extinct,4.55,2.46,20
extinction,5.0,2.43,20
extinguish,4.91,2.43,22
extinguisher,4.43,2.45,23
extort,4.48,2.29,23
extortion,4.56,2.83,16
extra,2.9,2.1,20
extract,3.45,2.14,20
extraction,5.2,2.82,20
extracurricular,4.33,2.17,18
extradition,3.45,2.28,22
extraordinaire,5.88,2.01,25
extraordinary,4.22,2.32,23
extraterrestrial,5.86,2.59,21
extravagance,5.4,1.96,20
extravagant,5.25,2.07,20
extravaganza,5.52,2.46,21
extreme,6.18,2.6,17
extremity,4.86,2.35,21
eye,3.95,2.27,21
eyeball,3.86,2.49,22
eyebrow,2.91,2.27,22
eyeful,5.15,2.35,20
eyeglasses,3.39,2.25,23
eyelash,2.61,1.91,18
eyeliner,3.67,2.33,24
eyes,3.18,2.02,22
eyesight,3.52,2.19,23
eyewitness,4.73,2.33,22
fable,4.09,2.02,22
fabled,4.61,2.06,23
fabric,2.4,1.6,20
fabrication,4.11,2.23,19
fabulous,5.15,2.48,20
facade,3.62,2.27,21
face,4.59,2.5,39
faceless,4.1,2.19,21
facial,4.55,2.95,20
facilitate,3.62,1.77,21
facility,4.0,2.71,20
fact,3.29,1.93,21
faction,4.1,2.36,20
factor,3.6,1.88,20
factory,3.0,1.94,18
factual,3.18,1.99,22
faculty,4.86,1.68,21
fad,3.83,2.12,18
fade,3.2,2.61,25
fag,5.32,2.26,19
faggot,5.68,3.09,22
fail,5.5,2.76,20
failure,5.0,2.49,45
faint,3.74,2.22,23
fair,3.29,2.17,21
fairness,4.54,2.34,24
fairway,3.38,1.91,21
fairy,5.04,2.46,23
faith,3.4,2.06,20
faithful,4.48,2.58,25
faithless,4.1,1.48,20
fake,5.15,2.74,20
faker,3.96,2.4,23
falafel,3.68,2.15,22
falcon,5.0,2.31,22
fall,4.24,2.17,21
fallacy,4.0,2.45,21
fallback,3.72,2.41,25
fallopian,3.61,2.54,23
fallout,4.55,2.34,22
fallow,3.48,2.06,23
FALSE,5.23,2.3,44
fame,4.63,2.6,43
famed,3.9,2.25,20
familiar,2.5,1.54,20
familiarity,2.67,1.85,21
family,4.35,2.7,20
famine,6.1,2.26,21
famished,6.43,2.11,21
famous,4.2,2.74,45
fan,3.7,2.2,20
fanatic,6.17,2.12,23
fanatical,5.87,2.34,23
fanciful,4.81,2.38,21
fancy,5.42,2.57,19
fanfare,4.91,2.41,22
fang,4.12,2.59,24
fantasize,5.0,2.49,23
fantastic,6.4,2.6,20
fantasy,6.18,2.77,45
faraway,3.44,2.25,18
farce,3.96,2.16,24
fare,2.3,1.53,20
farewell,4.2,2.35,20
farm,3.05,2.42,22
farmer,3.67,2.22,21
farmhouse,3.5,2.44,22
farming,3.25,2.07,20
farmland,3.14,1.96,22
fart,4.74,2.36,23
fascinate,6.1,2.52,39
fascinating,5.14,2.56,21
fascination,5.08,2.52,24
fascism,5.1,2.51,20
fascist,4.74,2.7,23
fashion,5.25,2.71,20
fashionable,4.05,2.65,20
fastball,6.1,2.34,20
fasten,4.0,2.2,22
fat,3.89,2.5,45
fatal,6.79,2.32,19
fatality,6.05,1.99,20
fate,5.2,2.38,20
fated,3.85,2.08,20
fateful,4.5,2.43,22
fathead,5.0,2.61,23
father,3.68,2.14,19
fatherhood,4.57,3.11,21
fatherland,3.57,2.19,23
fatherly,3.54,2.0,24
fathom,4.71,2.1,21
fatigue,3.26,2.54,19
fatigued,3.78,2.54,23
fatso,5.33,2.39,21
fatten,3.39,1.69,18
fatty,3.35,2.28,20
faucet,3.53,2.2,19
fault,4.02,2.51,46
faulty,4.68,2.43,19
faun,4.18,1.97,22
fauna,3.25,2.31,20
faux,3.57,2.25,21
favor,4.61,2.2,18
favorable,4.59,2.34,22
favorite,4.4,3.36,20
favoritism,5.15,2.62,20
fawn,3.92,2.12,25
fax,3.37,1.83,19
faze,3.91,2.07,22
fear,6.14,2.76,21
fearful,5.45,2.63,42
fearless,4.05,2.6,21
fearsome,5.45,2.3,22
feasible,4.2,2.14,20
feast,5.26,3.0,23
feat,4.0,2.51,21
feather,3.29,2.1,21
feathered,3.36,2.55,25
feature,3.91,2.0,22
fecal,4.52,2.48,21
feces,4.35,2.81,23
federal,4.45,2.42,20
federation,3.55,1.76,20
fee,4.08,2.78,26
feeble,3.68,2.03,22
feed,4.55,2.21,20
feedback,4.17,2.5,23
feeder,4.22,2.32,18
feel,4.05,2.69,21
feeling,3.86,2.57,21
feign,3.72,1.6,18
feisty,6.3,1.69,23
feline,3.58,2.0,24
feller,3.14,1.93,21
fellow,3.05,1.8,21
fellowship,2.91,2.15,23
felon,4.95,2.21,20
felony,4.95,2.24,22
female,5.9,2.9,20
feminine,4.32,2.78,22
femininity,4.48,2.59,23
feminist,3.89,1.97,18
femme,4.4,2.48,20
femoral,4.28,1.71,18
femur,3.06,1.8,18
fence,2.7,2.11,20
fencing,3.86,2.32,22
fend,4.74,2.26,19
fender,3.25,2.51,20
fennel,3.59,2.38,22
fern,3.15,2.11,20
ferocious,6.67,2.37,21
ferret,4.11,2.68,18
ferry,2.71,1.98,21
ferryboat,4.1,2.61,20
fertile,5.41,1.79,22
fertility,4.72,2.85,18
fertilize,4.27,2.12,22
fertilizer,3.45,1.84,22
fess,3.43,2.21,23
fest,4.78,2.59,23
festival,5.86,2.35,21
festive,5.67,2.84,39
fetal,4.36,1.76,22
fetch,4.05,2.54,22
fetish,4.67,2.65,24
fetus,4.24,2.64,21
feud,5.1,2.17,20
fever,5.02,2.54,45
feverish,5.35,2.06,23
fiancee,5.04,2.8,23
fiasco,5.28,2.27,18
fib,5.6,1.89,25
fiber,3.58,2.48,24
fiberglass,2.59,1.82,22
fibrosis,4.1,2.21,21
fickle,5.25,2.75,20
fiction,4.7,2.18,20
fictional,3.61,2.44,23
fictitious,4.38,2.48,21
fiddle,4.05,2.7,19
fiddler,3.87,2.69,23
fidelity,3.83,1.76,18
field,3.84,2.22,44
field hockey,3.5,2.5,22
fielder,4.19,2.2,21
fiend,5.18,2.54,22
fiendish,4.72,2.67,25
fierce,5.7,2.25,20
fiery,5.64,2.66,22
fiesta,6.22,2.24,18
fifteen,3.65,2.39,20
fifty,3.45,1.95,22
fig,4.22,2.26,23
fight,6.33,2.4,18
fighter,5.3,2.16,23
figment,4.35,2.16,20
figure,3.67,2.27,21
file,3.4,2.5,20
filet,3.18,1.59,22
fill,3.35,2.32,20
filler,3.89,2.18,19
fillet,4.62,2.2,21
filly,2.92,2.54,24
film,4.1,2.77,21
filmmaker,3.96,2.98,23
filter,3.62,1.96,21
filth,4.09,2.58,43
filthy,4.65,2.48,23
filtration,4.17,2.64,18
fin,4.45,2.54,22
final,4.4,2.95,20
finale,4.27,2.73,22
finalist,3.3,2.6,23
finality,4.18,2.17,22
finalize,4.85,2.83,20
finance,5.6,2.09,20
financial,4.55,2.31,20
finch,3.52,2.11,21
find,3.52,2.58,21
finder,4.35,2.42,23
fine,3.86,2.43,21
finesse,3.86,1.98,22
finger,4.15,2.44,48
fingernail,3.5,2.48,20
fingerprint,3.29,2.08,21
finish,3.81,2.42,21
finite,4.43,2.45,23
fir,3.0,1.95,21
fire,6.05,2.18,21
firearm,4.54,2.89,24
fireball,6.13,2.38,23
firecracker,6.67,1.65,21
firefight,5.5,2.62,18
firefighter,4.94,2.13,18
firefly,4.85,2.7,20
firehouse,4.73,2.47,22
firelight,3.58,1.74,24
fireman,4.52,2.23,23
fireplace,5.2,3.0,20
firepower,5.91,2.51,22
fireside,4.0,2.21,17
firewall,4.91,2.39,22
firewood,4.58,2.69,19
fireworks,6.05,2.53,42
firm,4.3,2.08,20
firmament,3.65,1.63,20
first,4.9,2.83,20
firstborn,5.65,2.81,23
fiscal,4.05,2.33,21
fish,3.33,2.51,42
fisherman,4.06,2.31,18
fishing,3.6,2.58,20
fishing boat,3.14,2.26,21
fishy,3.11,2.0,19
fissure,4.18,1.84,22
fist,4.85,2.46,20
fistfight,6.23,1.95,22
fistful,4.1,1.92,21
fit,4.35,2.66,20
fitness,5.32,2.75,22
five,3.55,2.14,20
fiver,4.87,1.84,23
fix,3.6,2.52,20
fixable,3.48,1.99,21
fixation,4.11,2.45,18
fixer,2.67,1.59,21
fixture,2.9,1.74,20
fizz,4.57,2.54,23
fjord,3.19,1.81,21
flabby,3.39,2.23,23
flaccid,3.14,1.74,21
flag,3.74,2.53,23
flagpole,3.19,2.14,21
flagrant,4.91,2.52,23
flagship,3.57,2.4,21
flagstaff,3.9,2.02,21
flair,4.32,2.53,22
flak,4.64,2.32,22
flake,3.48,1.9,23
flaky,3.5,2.2,18
flamboyant,5.52,2.04,21
flame,6.6,2.54,20
flamethrower,6.0,2.57,21
flaming,5.95,2.27,19
flamingo,4.59,2.61,22
flammable,5.95,2.42,21
flan,3.19,2.38,21
flank,3.91,2.23,23
flannel,2.32,1.73,19
flap,3.45,2.44,22
flare,4.86,2.4,22
flares,5.18,2.86,22
flash,5.38,2.25,21
flashback,4.71,2.65,24
flashlight,4.04,2.8,23
flashy,5.77,2.6,22
flask,4.24,2.49,17
flat,3.04,1.82,23
flatbed,3.38,2.13,21
flatfoot,3.1,2.22,20
flatten,3.52,2.42,25
flatter,4.61,2.83,18
flattered,5.14,2.37,21
flattering,4.92,2.38,25
flattery,5.1,2.15,20
flatulence,5.95,1.86,21
flaunt,4.15,2.41,20
flavor,4.41,2.46,22
flaw,3.84,2.39,25
flawed,4.18,2.75,22
flawless,4.05,1.99,22
flea,3.0,2.43,23
fleabag,4.35,2.5,20
flee,4.95,2.25,21
fleece,3.71,1.87,21
fleet,4.43,2.37,23
flesh,4.11,2.52,18
fleshy,5.3,2.49,20
flex,4.8,2.0,25
flexibility,4.5,2.06,24
flexible,4.45,2.74,22
flick,4.31,2.2,26
flicker,5.15,2.32,20
flier,4.43,2.35,23
flight,4.2,2.48,20
flighty,4.88,2.37,25
flimsy,3.77,1.82,22
flinch,5.28,2.44,18
fling,4.95,2.68,19
flip,4.62,3.0,24
flip flop,4.04,2.27,23
flipper,3.05,2.14,20
flipping,3.95,2.09,20
flirt,5.93,2.37,43
flirtation,6.29,1.95,21
flirty,5.91,2.31,23
float,3.1,1.61,21
floater,3.06,2.82,18
flock,3.48,2.18,21
flood,5.31,2.6,45
floor,3.33,2.5,21
flooring,3.0,2.35,21
floozy,4.89,1.94,19
flop,3.41,2.06,22
floppy,4.45,1.74,22
floral,2.73,1.8,22
florist,3.19,1.66,21
floss,3.48,2.23,23
flotation,3.61,1.92,23
flounder,4.0,2.29,22
flour,3.26,1.91,23
flourish,5.22,2.33,23
flow,3.71,2.28,21
flower,3.67,2.59,49
flowery,3.81,2.04,21
flu,4.0,2.41,21
flue,2.86,2.15,21
fluent,3.9,1.97,21
fluff,3.54,2.1,26
fluffy,3.45,2.11,22
fluid,4.04,2.62,26
fluke,4.94,2.58,18
flunk,3.72,2.07,25
flunky,3.15,2.13,20
fluorescent,3.85,2.41,20
flurry,4.18,2.3,22
flush,4.35,2.13,20
flute,3.72,2.44,25
flutter,4.86,2.32,22
flux,4.18,1.89,22
fly,4.9,2.41,21
flyboy,4.33,1.98,21
flyer,3.76,2.07,21
foam,2.9,1.7,21
focal,3.94,2.07,18
focus,4.45,2.76,20
foe,4.71,2.85,24
fog,3.67,2.06,21
foggy,3.68,2.03,22
foil,3.7,2.01,23
fold,3.0,1.64,21
folder,2.33,1.53,21
foliage,4.25,2.51,24
folk,2.45,1.67,20
folklore,4.1,2.51,20
follow,3.76,2.34,21
follower,3.4,2.27,25
folly,4.56,1.62,18
fond,3.26,2.07,23
fondle,5.18,2.5,22
fondness,3.55,2.2,22
fondue,3.71,2.22,21
font,3.38,2.11,21
food,4.69,2.63,42
fool,4.86,2.5,21
foolhardy,5.05,1.93,19
foolish,4.57,2.01,21
foolishness,4.6,2.57,25
foolproof,4.36,2.44,22
foot,2.77,1.57,22
foot stool,3.41,2.36,22
footage,3.12,1.96,17
football,5.65,2.89,20
foothold,3.83,2.21,23
footing,2.95,1.9,20
footlocker,4.25,2.09,24
footloose,4.62,2.48,26
footprint,2.96,1.97,25
footwear,4.0,2.29,22
footwork,3.96,2.23,23
forbid,4.85,2.57,26
forbidding,5.05,2.25,19
force,5.35,2.76,20
forceful,5.36,2.46,22
forceps,4.57,2.02,23
forces,4.33,2.67,21
ford,2.85,2.08,20
fore,4.32,2.06,19
forearm,3.75,2.12,20
foreboding,5.3,2.2,20
forecast,3.7,2.58,20
foreclose,6.0,2.35,18
foreclosure,5.9,2.83,20
forefront,4.69,2.33,26
forego,4.33,2.26,24
foregone,3.32,2.08,19
foreground,2.68,1.78,22
forehead,3.14,2.01,22
foreign,5.43,2.63,23
foreigner,3.24,2.05,21
foreman,3.55,2.3,22
foremost,3.81,2.26,26
forensic,5.06,2.69,18
forensics,4.36,2.38,22
foreplay,6.71,2.59,21
foresee,3.64,2.56,25
foresight,3.5,2.15,22
forest,4.44,2.68,18
forevermore,4.3,2.7,20
forfeit,4.74,2.65,23
forge,4.16,2.29,19
forger,5.05,2.08,22
forgery,4.86,2.31,21
forget,4.43,2.31,21
forgetful,4.45,2.54,22
forgetfulness,4.55,2.18,22
forgive,3.62,3.11,21
forgiveness,4.04,2.01,23
forgiving,3.95,2.4,21
fork,3.35,2.18,20
forklift,4.17,2.23,23
forlorn,4.08,2.19,24
form,3.85,2.37,20
formal,4.48,1.89,21
formaldehyde,3.85,2.43,20
formality,3.45,2.04,22
format,2.73,2.07,22
formation,4.0,2.41,20
formidable,3.96,2.06,23
formula,3.61,1.94,18
formulate,2.64,1.84,22
fornicate,5.43,2.29,23
fornication,6.65,2.46,20
forsake,3.32,2.11,19
forte,3.57,2.16,21
forthcoming,4.09,2.24,22
forthright,3.43,2.01,21
fortitude,4.59,2.22,22
fortnight,3.05,1.81,19
fortress,3.77,2.16,22
fortuitous,5.05,2.33,21
fortunate,3.81,2.36,21
fortune,5.8,2.71,20
forty,3.32,2.32,22
forum,4.47,2.41,19
forwarding,3.73,2.49,22
fossil,4.1,2.73,20
foul,4.09,2.45,23
foundation,2.41,1.62,22
founder,3.95,1.82,20
founding,2.75,1.65,20
foundry,3.23,2.0,22
fountain,3.1,2.02,20
four,3.39,2.17,18
foursome,5.17,2.37,23
fourteen,3.62,2.13,21
fowl,4.05,2.21,22
fox,4.36,2.61,22
foxhole,5.0,2.35,22
foxtrot,5.0,2.36,20
foxy,4.75,3.03,24
foyer,3.55,2.14,20
fraction,3.95,2.18,21
fracture,5.27,2.59,22
fragile,3.05,1.96,22
fragment,3.55,1.93,20
fragrance,4.72,2.4,40
fragrant,4.85,2.43,20
frail,2.65,1.81,20
frame,4.04,2.2,24
framework,3.11,1.81,18
franc,3.71,2.26,21
franchise,4.1,2.07,21
frantic,5.39,2.4,18
frat,3.64,2.57,22
fraternity,4.64,2.4,22
fraud,5.18,2.7,22
fraught,4.32,2.4,22
fray,4.5,2.15,18
frayed,3.2,2.07,20
freak,6.3,2.75,20
freakish,5.12,2.36,24
freaky,6.05,2.13,22
freckle,3.36,2.44,22
free,5.38,3.04,42
freebie,6.1,2.13,20
freedom,5.67,2.3,42
freelance,4.2,2.26,20
freelancer,4.05,2.54,20
freeman,4.42,2.36,24
freestyle,5.45,2.24,20
freeway,4.67,2.22,21
freeze,4.0,2.03,20
freezer,2.7,1.98,20
freezing,5.84,2.14,19
freight,3.78,2.37,18
freighter,3.7,2.12,23
french horn,4.05,2.46,22
frenzy,5.96,2.14,23
frequency,4.87,2.36,23
frequent,4.05,2.09,20
fresh,2.35,1.76,20
freshen,4.68,2.03,22
freshener,4.17,2.52,23
freshman,3.82,2.11,22
freshness,4.1,2.73,20
freshwater,2.82,1.76,22
fret,5.89,2.02,19
friar,3.26,2.0,23
friction,5.05,2.26,20
fridge,4.6,2.72,20
fried,4.09,2.0,22
friend,4.29,2.69,21
friendless,4.18,2.34,22
friendly,4.27,2.81,44
friendship,5.2,2.98,20
fright,5.0,2.47,23
frighten,4.85,2.85,20
frightened,5.61,2.97,18
frightening,4.73,2.9,22
frightful,5.2,2.06,25
frigid,3.87,2.36,23
fringe,4.52,2.2,21
frisbee,3.33,2.54,18
frisk,6.6,2.09,20
frisky,6.05,2.21,20
frivolous,4.22,2.24,18
frock,4.48,1.9,23
frog,4.07,2.61,42
froggy,3.36,2.11,22
frolic,4.17,2.65,24
frontal,4.09,2.66,23
frontier,3.95,2.26,20
frostbite,7.05,2.28,20
frosted,3.92,2.86,24
frosting,4.4,2.29,25
frosty,4.61,2.12,18
frown,3.61,2.17,18
fruit,4.09,2.49,22
fruit punch,4.75,2.15,20
fruitcake,3.43,2.06,23
fruitful,4.14,2.42,22
fruitless,3.25,1.94,20
fruity,5.26,1.79,19
frustrated,5.4,2.29,43
frustrating,5.48,1.83,21
frustration,5.94,2.29,18
fry,5.0,2.97,20
fryer,4.3,2.43,20
fuchsia,3.78,2.45,23
fuck,7.14,1.98,21
fucker,6.32,2.8,22
fucking,6.86,2.29,21
fudge,4.91,2.45,23
fuel,3.96,2.48,24
fugitive,5.26,2.34,23
fulfill,3.67,2.37,21
fulfillment,5.56,2.75,18
full,3.48,2.04,21
fullback,4.19,1.75,21
fullness,3.2,2.07,20
fumble,5.0,2.79,18
fun,6.32,2.62,41
function,4.1,1.7,21
functional,3.85,1.84,20
fund,4.59,2.44,22
fundamental,3.56,2.62,18
fundamentalist,4.14,2.26,21
funding,3.95,2.44,21
fundraiser,4.29,1.82,21
fundraising,4.85,2.68,20
funeral,4.1,2.57,20
fungus,4.67,2.87,21
funk,4.52,2.48,21
funky,4.9,2.7,21
funnel,2.95,2.34,22
funny,5.38,2.67,21
fur,3.64,2.26,44
furious,6.09,2.17,23
furlong,3.72,1.74,18
furlough,3.35,1.76,20
furnace,3.24,1.97,21
furnish,3.86,1.77,21
furnishings,3.22,1.77,18
furniture,3.05,1.75,21
furry,3.7,2.08,20
fury,6.12,2.14,26
fuse,3.77,2.49,22
fuselage,3.06,2.07,18
fusion,5.0,2.77,21
fuss,4.77,2.09,22
fussy,3.61,2.46,23
futile,4.71,2.33,21
futility,4.45,2.4,22
futon,2.82,2.22,22
future,5.33,2.58,21
fuzz,3.9,2.23,21
fuzzy,3.95,2.97,22
gab,3.78,2.34,18
gad,3.15,1.87,20
gadget,3.86,2.46,22
gaff,3.9,1.87,21
gag,3.59,2.2,22
gaga,5.8,2.21,20
gaggle,3.95,2.72,20
gaiety,4.61,2.17,23
gain,4.33,3.17,24
gal,4.43,2.41,23
gala,4.67,2.13,21
galactic,5.8,2.55,20
galaxy,5.61,2.3,18
gall,3.5,2.32,22
gallant,5.55,2.28,20
gallbladder,2.75,1.86,20
gallery,3.32,2.53,25
galley,3.71,1.85,21
gallon,3.4,2.35,25
gallop,4.41,2.92,22
gallows,5.05,2.25,21
galore,3.86,2.46,22
gamble,5.32,2.64,25
gambler,5.8,2.21,20
gambling,5.91,2.76,22
game,5.05,2.27,21
gaming,5.23,2.74,22
gamma,4.8,2.76,20
gander,2.86,2.2,21
gang,6.55,1.82,20
gangland,4.26,2.86,23
gangrene,5.38,2.36,21
gangster,6.36,2.5,22
gangway,4.28,2.46,25
gap,3.6,2.41,20
gaping,5.84,2.77,19
garage,4.1,2.31,20
garbage,3.84,2.36,19
garbled,3.72,2.02,18
garden,3.71,2.8,42
gardener,2.95,2.01,19
gardening,3.2,2.84,20
gargle,3.48,2.25,23
gargoyle,4.38,2.2,21
garlic,4.12,2.53,26
garment,3.5,1.95,22
garnet,4.24,1.95,21
garnish,3.7,1.81,20
garrison,4.04,2.27,24
garter,4.35,2.81,20
gas,4.4,2.6,20
gash,4.9,2.17,21
gasket,3.42,2.19,24
gasoline,4.57,2.52,23
gasp,5.61,2.41,23
gassy,3.5,2.13,22
gastric,4.16,1.92,19
gate,4.5,2.74,20
gatekeeper,3.9,1.97,21
gateway,3.81,1.97,21
gather,3.7,2.43,20
gator,5.95,2.06,20
gatorade,3.95,2.18,21
Gatorade,3.84,2.57,19
gaudy,4.33,2.39,21
gauge,3.5,1.76,20
gauntlet,4.43,2.4,21
gauze,3.2,2.33,20
gavel,2.72,1.93,18
gay,4.05,2.67,21
gaze,4.15,2.21,20
gazebo,3.5,2.7,24
gazelle,4.05,2.24,20
gazette,4.18,2.15,22
gazillion,5.57,2.87,23
gear,3.17,2.55,24
geek,3.82,2.28,22
geeky,3.8,2.26,20
geezer,3.29,2.12,21
geisha,4.24,2.36,21
gel,3.21,2.6,24
gelatin,4.05,2.21,22
gelding,3.59,1.94,22
gem,4.44,2.68,18
gender,4.05,2.06,22
genealogy,3.94,2.18,18
general,3.71,2.49,21
generate,4.0,2.64,20
generation,4.24,2.2,25
generator,3.62,2.67,21
generic,2.5,1.64,20
generosity,4.29,2.67,21
generous,5.7,2.32,20
genetic,3.83,2.01,18
genetics,4.27,1.96,22
genie,4.41,2.04,22
genital,5.86,1.71,21
genitalia,5.77,2.14,22
genius,6.2,2.31,20
genocide,5.83,2.69,23
genome,3.41,2.32,22
genre,3.59,2.09,22
gent,3.05,1.91,21
genteel,2.38,1.77,21
gentile,3.09,2.11,22
gentle,3.17,2.01,18
gentleman,4.14,2.63,21
gentlemanly,3.91,2.39,23
gentry,2.57,1.86,21
genuine,4.27,2.16,22
geographic,3.05,1.91,22
geographical,3.18,1.99,22
geography,2.56,1.82,18
geological,3.95,2.56,20
geologist,3.75,2.67,20
geology,4.3,2.16,23
geometric,4.21,1.89,24
geometry,3.09,1.85,22
gerbil,2.59,2.0,17
geriatric,2.55,2.14,20
germ,4.1,2.2,20
germs,5.28,2.4,43
gesture,4.36,1.84,22
get,3.67,2.03,21
getaway,3.6,2.35,20
getup,4.36,2.34,22
ghastly,5.0,3.18,20
ghetto,7.05,1.93,20
ghost,5.7,2.64,20
ghostly,5.71,2.39,21
ghoul,4.95,2.5,21
GI Joe,4.82,3.16,22
giant,5.1,2.27,20
gibberish,4.62,2.11,21
giddy,5.32,2.88,22
gift,4.64,2.78,44
gifted,4.43,2.29,23
gig,5.75,2.29,20
gigantic,5.89,2.54,19
giggle,5.39,2.81,18
gigolo,4.32,2.8,22
gilded,3.15,2.18,20
gimmick,4.63,2.59,19
gimp,3.29,2.08,17
gin,4.19,2.48,21
ginger,4.43,2.5,23
gingerbread,4.18,2.63,22
ginseng,4.05,1.94,21
giraffe,2.91,1.93,22
girder,3.53,1.9,19
girdle,4.35,2.44,23
girl,5.23,2.68,44
girlfriend,5.05,3.15,20
girlie,4.95,2.46,21
girlish,3.45,2.35,20
girly,4.45,2.7,22
girth,4.39,2.27,23
gist,4.05,1.96,20
give,4.57,2.23,21
giveaway,5.48,2.57,23
giver,3.83,1.89,18
gizmo,4.18,2.44,22
gizzard,3.86,2.32,22
glacier,3.88,2.52,48
glad,3.71,2.57,21
glade,2.82,1.56,22
gladiator,5.05,3.2,22
glamorous,4.81,2.71,21
glamour,5.05,2.06,21
glance,2.63,1.61,19
gland,4.14,2.24,21
glare,4.05,2.5,21
glass,3.14,1.88,21
glaucoma,3.45,2.21,20
glaze,3.56,2.15,18
glazed,4.36,2.08,22
gleam,3.65,2.25,23
gleaming,4.95,2.78,21
glee,4.76,2.47,25
glide,4.58,2.39,24
glider,3.73,2.05,22
glimmer,4.58,2.32,24
glimpse,3.59,1.76,22
glisten,5.28,2.3,25
glitch,3.91,2.33,22
glitter,4.86,2.35,21
gloat,3.75,2.36,20
global,3.7,2.18,20
globe,3.36,2.08,22
gloom,3.9,2.22,42
gloomy,3.32,2.12,22
glorified,4.59,1.87,22
glorious,4.67,2.97,24
glory,6.31,2.42,39
gloss,4.82,2.58,17
glossy,4.33,2.45,18
glove,3.57,1.72,21
gloves,3.17,2.26,24
glow,4.95,1.96,20
glucose,4.25,2.47,20
glue,3.75,2.2,20
glum,3.58,2.12,26
glutton,4.4,1.96,20
gnat,2.75,2.27,24
gnome,4.21,2.57,19
go,4.86,2.41,21
goal,4.67,2.5,21
goalie,3.21,2.04,19
goat,2.94,1.76,18
goatee,3.48,1.9,23
gobble,4.96,2.34,23
goblin,4.7,2.75,20
god,5.56,2.83,39
goddamn,5.81,2.44,21
goddamned,6.05,2.82,22
goddess,4.55,2.91,20
godfather,2.83,1.44,23
godforsaken,4.3,2.36,20
godless,4.76,2.21,21
godlike,5.64,2.36,22
godmother,4.95,2.48,20
godsend,3.75,2.38,20
godson,3.05,2.2,21
goggle,3.2,2.02,20
goggles,4.26,2.38,23
gold,6.35,2.64,20
golden,4.25,2.49,20
goldfish,2.95,2.26,22
golf,3.68,2.39,25
golfer,3.0,1.93,43
golfing,3.11,2.68,18
gondola,4.09,2.52,22
goner,4.65,2.21,23
gonorrhea,4.52,3.04,21
goo,3.65,2.18,17
goober,4.29,2.17,21
good,3.66,2.72,44
goodie,4.47,3.1,19
goodness,5.2,2.93,20
goodwill,4.95,2.58,21
goody,3.33,2.11,21
gooey,4.68,2.31,19
goof,4.24,2.02,21
goofball,4.57,2.68,23
goofy,5.05,1.83,21
goon,4.76,2.05,21
goop,3.55,2.48,22
goose,3.29,2.23,17
gopher,3.58,2.12,24
gorge,4.26,2.26,23
gorgeous,4.92,2.41,25
gorilla,4.95,2.48,22
gory,5.1,2.22,20
gospel,2.7,1.87,20
gossip,3.91,2.63,23
gothic,4.95,2.91,19
gouge,4.75,2.9,20
goulash,4.4,2.52,20
gourd,4.1,2.02,20
gourmet,6.0,2.6,20
gout,4.2,2.31,20
govern,3.91,2.0,22
governess,2.82,1.79,22
government,3.75,2.2,20
governmental,3.8,2.88,20
governor,3.65,2.3,20
Governor,3.82,1.94,22
gown,3.86,2.06,21
grab,4.5,3.0,20
graceful,4.0,2.97,21
gracious,3.23,1.82,22
grad,4.12,1.9,24
grade,4.75,2.94,20
grader,3.38,1.99,21
gradual,2.95,1.94,21
graduate,4.52,2.88,46
graduation,5.83,2.5,18
graffiti,5.43,1.99,21
graft,3.68,2.1,22
grail,4.08,2.45,26
grain,1.6,0.88,20
gram,4.18,2.58,22
grammar,4.21,2.39,19
grand,3.75,2.73,20
Grand Canyon,4.35,2.5,20
grand theft auto,5.62,2.64,26
grandchild,3.9,2.65,20
granddad,2.95,2.26,20
granddaddy,3.38,2.25,21
granddaughter,4.6,2.82,20
grandeur,4.77,2.35,22
grandfather,3.77,2.45,22
grandiose,4.84,2.3,25
grandma,3.2,2.69,20
grandmother,3.75,2.57,20
grandpa,3.7,2.89,20
grandson,3.36,2.61,22
grandstand,4.91,2.33,22
granite,3.76,2.21,21
granny,2.38,1.69,24
granola,3.14,1.74,21
grape,3.5,2.2,22
grape juice,3.23,2.78,22
grapefruit,3.68,2.53,22
grapevine,3.19,2.04,21
graph,3.45,2.18,22
graphic,4.7,2.7,20
graphics,4.65,2.46,20
graphite,3.78,2.58,23
grappling,4.9,2.67,20
grasp,4.05,2.56,21
grass,3.39,2.35,44
grasshopper,4.43,2.5,23
grassy,3.09,2.18,22
grate,4.08,2.59,26
grateful,4.29,2.51,21
gratification,4.53,2.86,19
gratifying,4.89,2.85,18
gratitude,5.09,2.78,23
grave,4.54,2.02,24
gravel,2.95,1.83,21
graveyard,4.89,2.93,18
gravitational,5.0,2.37,22
gravity,4.85,2.48,26
gravy,3.85,2.23,20
gray,2.81,1.89,21
graze,3.57,1.99,21
grease,3.62,1.81,24
greased,4.64,2.79,22
greaser,4.6,2.33,20
greasy,4.55,2.28,20
great,4.14,2.69,21
great aunt,3.83,2.5,18
great grandfather,3.88,2.52,25
great grandma,2.62,2.01,21
great grandmother,4.05,2.46,22
great grandpa,3.67,2.44,21
great uncle,3.05,1.94,22
greatness,4.43,2.09,21
greed,4.45,2.26,47
greedy,4.76,2.17,25
green,4.07,2.59,45
green bean,3.52,1.57,21
green pepper,3.52,2.06,21
green snake,5.7,2.29,23
greenhouse,3.6,2.39,20
greet,3.86,2.03,21
greeting,4.94,2.31,18
grenade,6.86,2.22,21
greyhound,3.9,2.0,21
grid,3.15,2.37,20
grief,4.95,2.6,21
grievance,3.74,2.8,23
grieve,4.56,2.48,18
grieving,5.05,2.5,22
grievous,3.92,2.45,24
grill,5.26,2.79,19
grilled,3.89,2.69,19
grim,4.48,2.56,21
grimy,4.4,2.74,20
grin,5.65,2.74,20
grind,3.43,2.23,21
grinder,5.24,2.62,21
grindstone,4.7,2.57,23
gringo,3.61,1.79,18
grip,3.64,2.44,22
gripe,4.24,1.89,21
grisly,5.09,2.78,22
grit,4.22,2.29,18
grits,3.43,2.25,21
gritty,4.36,2.01,22
grizzly,5.0,2.33,22
groan,4.17,2.55,18
grocer,4.0,2.04,23
grocery,3.48,2.35,25
groggy,2.9,2.28,21
groin,5.5,2.22,22
groom,4.35,2.43,26
groove,5.33,1.96,21
groovy,4.67,2.32,24
grope,5.76,1.79,21
gross,5.0,1.82,21
grotesque,4.95,2.34,22
grotto,2.5,1.95,22
grouch,4.6,2.6,25
grouchy,4.91,2.48,23
ground,2.35,1.73,20
groundhog,3.12,2.09,25
grounding,3.84,2.19,19
groundwork,2.86,1.82,21
group,3.43,2.44,21
groupie,4.09,2.81,22
grouping,3.76,1.92,21
grouse,4.05,2.5,22
grove,3.73,2.1,22
grovel,3.65,2.06,20
grow,2.6,1.73,20
growl,3.95,2.54,22
grownup,4.19,2.2,21
growth,4.95,1.96,21
grub,4.45,2.46,22
grubby,3.45,1.82,20
grudge,4.2,2.67,20
gruel,4.0,2.55,21
grueling,5.0,2.26,19
gruesome,6.62,1.91,21
gruff,4.25,2.61,20
grumpy,5.05,2.28,20
grunt,3.86,2.34,22
grunting,3.87,2.22,23
guacamole,4.76,2.07,21
guano,3.19,2.09,21
guarantee,3.67,2.3,18
guard,3.6,2.58,20
guardhouse,3.67,2.35,18
guardian,2.91,1.74,22
guardianship,3.1,1.62,20
guerrilla,5.59,2.2,22
guess,3.86,2.2,21
guesser,4.39,2.48,23
guesswork,4.08,2.38,26
guest,4.15,2.91,20
guesthouse,3.0,1.98,22
guidance,3.06,2.1,18
guide,3.33,2.44,24
guidebook,2.78,1.76,23
guiding,4.77,2.64,22
guild,4.6,2.28,20
guillotine,5.64,2.73,44
guilt,4.48,2.98,23
guilty,4.65,2.43,20
guinea,3.48,2.14,21
guise,3.86,2.46,22
guitar,4.4,2.54,20
guitarist,5.05,2.59,22
gull,3.8,2.55,20
gullet,5.25,2.27,20
gullible,4.06,2.01,17
gully,3.62,2.31,21
gulp,3.48,2.2,21
gum,3.2,2.33,20
gumbo,4.0,2.43,20
gummy,4.0,1.95,21
gumption,4.65,1.79,20
gun,7.74,1.91,19
gunboat,5.86,2.52,21
gunfight,6.19,2.18,21
gunfighter,6.1,2.61,20
gunfire,6.91,2.31,22
gunk,3.8,2.42,25
gunman,5.62,2.27,21
gunner,5.88,2.45,26
gunnery,4.41,2.84,22
gunplay,5.38,2.64,21
gunpoint,6.91,2.22,22
gunpowder,5.2,2.75,20
gunshot,5.55,2.86,22
gunslinger,6.1,2.32,21
gurney,3.33,2.31,21
guru,3.76,2.59,25
gush,5.57,2.23,21
gusher,4.9,2.51,20
gust,4.46,1.93,24
gusto,4.43,1.83,21
gut,3.67,2.14,18
gutless,4.65,1.93,20
gutsy,5.57,2.38,21
gutter,3.81,2.06,21
guy,4.71,2.28,21
guzzler,5.14,2.31,21
gym,5.0,3.02,22
gymnasium,4.1,1.92,20
gymnast,4.55,2.65,44
gymnastics,4.57,2.41,23
gynecologist,4.1,2.73,20
habit,4.55,1.87,22
habitat,3.06,1.63,18
habitual,3.33,2.11,18
hacienda,3.33,2.31,21
hack,5.48,1.91,21
hacker,5.24,2.43,21
hacksaw,4.55,2.54,22
hag,4.52,2.09,21
haggle,3.76,2.34,21
haiku,3.87,1.94,23
hail,3.83,2.72,23
hair,3.71,1.95,21
hairball,4.52,2.44,21
hairbrush,4.26,2.35,19
haircut,3.57,2.56,21
hairdo,4.35,2.89,23
hairdresser,3.91,1.97,22
hairdryer,2.61,1.95,23
hairless,5.2,2.24,20
hairline,3.0,1.56,20
hairpin,3.71,2.29,45
hairspray,2.65,2.13,20
hairstyle,3.36,1.92,22
hairy,3.5,2.35,22
half dollar,4.09,2.14,22
halfback,3.15,2.43,20
halftime,3.67,2.35,21
halibut,3.24,2.26,21
hall,2.57,1.78,21
hallmark,3.0,1.95,20
hallowed,3.45,2.11,20
hallucination,5.96,2.6,24
hallway,2.89,1.94,18
halo,3.27,2.1,22
halt,4.57,2.56,23
halter,3.26,2.24,23
ham,4.2,2.65,20
hamburger,4.2,2.79,41
hammer,4.56,2.49,41
hammerhead,4.43,2.48,23
hammock,2.9,1.95,21
hamper,3.14,1.81,22
hamster,4.0,1.87,21
hand,3.98,2.39,45
handbag,3.94,2.41,18
handball,3.23,2.2,22
handbook,3.36,2.01,22
handcuff,5.0,1.98,22
handful,3.83,2.01,23
handgun,6.78,2.13,18
handheld,3.61,1.83,23
handicap,3.45,2.22,42
handicapped,3.95,2.52,22
handiwork,3.36,2.22,22
handkerchief,3.05,2.07,19
handle,3.48,1.94,21
handler,3.6,2.48,25
handmade,3.62,2.2,21
handout,3.75,2.19,24
handprint,4.24,2.14,21
handshake,4.32,2.06,22
handsome,4.41,2.77,22
handwriting,2.65,1.64,23
handy,3.62,1.43,21
handyman,4.09,2.33,23
hang,4.86,2.37,21
hangar,3.5,2.33,20
hanger,2.92,1.93,25
hangman,5.35,2.92,20
hangout,4.81,2.48,26
hangover,6.0,2.62,20
hankering,4.2,2.42,25
hanky,3.57,2.13,21
haphazard,4.67,1.8,21
hapless,4.1,2.0,21
happen,3.43,2.04,21
happiness,6.5,2.63,20
happy,6.05,2.13,21
harass,6.1,2.45,20
harassment,5.15,2.85,20
harbor,3.14,2.21,22
hard,4.5,2.75,46
hardball,4.81,1.94,21
hardcore,6.1,2.05,20
harden,3.7,2.41,20
hardened,4.15,2.13,20
hardheaded,4.38,1.91,21
hardship,5.1,2.52,39
hardware,4.41,2.24,22
hardwood,3.68,2.34,22
hardworking,3.81,2.71,21
hare,2.74,2.1,19
harebrained,4.28,2.16,18
harem,3.94,2.84,17
hark,3.1,2.43,20
harlot,5.6,2.6,20
harm,5.9,2.29,20
harmful,4.89,2.62,19
harmless,3.5,2.64,18
harmonica,3.2,2.02,20
harmonious,4.25,2.92,20
harmony,4.33,3.04,21
harness,3.89,1.84,18
harp,3.26,1.81,23
harpoon,4.67,2.4,18
harrowing,3.86,2.87,21
harsh,5.63,2.29,19
harvest,3.76,2.36,21
hash,4.45,2.95,20
hassle,3.83,2.33,23
haste,4.58,2.15,24
hasten,3.86,2.42,22
hasty,5.35,2.08,23
hat,2.88,1.84,43
hatch,4.9,2.14,21
hatchet,5.14,2.63,21
hate,6.26,2.31,82
hateful,5.71,2.17,21
hater,4.14,2.7,22
hatred,5.22,2.52,46
haughty,4.36,2.32,22
haul,3.18,1.97,22
haunt,4.87,2.8,23
have,3.52,2.04,21
haven,2.9,1.95,21
havoc,5.43,3.03,21
haw,3.72,2.19,18
hawk,4.83,2.75,18
hay,2.43,1.83,21
hayride,3.81,2.44,21
haystack,3.58,2.41,19
haywire,4.29,2.85,21
hazard,5.77,2.42,26
hazardous,5.25,2.9,20
haze,3.91,2.5,23
hazmat,5.54,2.37,26
hazy,2.73,2.14,22
head,4.45,2.42,20
headache,4.27,2.54,45
headband,3.33,2.0,18
header,3.33,1.8,21
headless,5.1,2.79,20
headlight,4.75,2.51,20
headline,4.14,2.43,21
headliner,4.11,2.78,18
headlock,4.39,2.81,23
headmaster,3.44,2.06,18
headphones,3.0,2.43,21
headquarter,3.81,2.12,26
headquarters,4.04,2.07,25
headset,4.1,2.2,20
headstone,4.18,2.51,17
headstrong,6.0,2.2,22
headway,3.95,1.94,21
heady,3.52,2.39,23
heal,4.32,2.54,38
healer,3.95,2.91,19
healing,3.67,2.61,21
health,3.48,2.19,23
healthcare,4.56,2.42,25
healthy,4.19,2.29,21
heap,3.42,2.69,24
hear,3.62,2.22,21
hearsay,4.59,2.36,22
hearse,3.64,2.68,22
heart,5.07,2.96,44
heart disease,5.8,2.35,20
heartache,5.24,2.55,21
heartbeat,4.43,2.0,23
heartbreak,5.65,2.21,26
heartbreaker,4.45,2.34,22
heartbreaking,4.86,2.69,21
heartbroken,6.6,2.84,20
heartburn,4.0,2.47,24
hearted,4.5,2.35,22
heartfelt,3.83,2.91,24
hearth,3.61,1.44,23
heartland,4.32,3.2,19
heartless,4.82,2.3,22
hearty,3.71,2.05,21
heat,5.75,2.69,20
heater,3.26,2.35,19
heathen,4.2,2.45,25
heating,3.61,2.55,18
heave,4.0,2.28,21
heaven,4.23,2.86,22
heavenly,4.95,2.94,22
heavy,3.65,2.7,20
heavy metal,4.86,2.87,22
heavyweight,3.83,2.26,18
heck,3.12,2.54,24
hectic,4.45,2.96,20
hedge,3.39,2.08,23
heed,4.44,1.92,18
heel,4.55,1.76,20
hefty,4.05,2.01,21
heifer,4.55,2.48,20
height,3.85,2.06,20
heightened,4.59,2.11,22
heinous,5.38,2.5,26
heir,4.0,2.53,26
heiress,4.6,2.48,20
heirloom,4.55,2.48,22
heist,6.4,1.82,20
helicopter,6.11,2.61,18
helipad,5.09,2.56,22
heliport,4.14,1.9,21
helium,3.57,2.54,21
helix,3.5,1.77,22
hell,6.26,2.55,39
hellfire,5.1,2.66,21
hellhole,6.33,2.7,18
hellish,4.48,3.03,23
helmet,3.71,2.1,21
helmsman,3.0,2.02,22
help,4.29,2.43,21
helper,3.22,2.32,23
helpful,3.88,2.54,25
helpless,4.91,2.93,22
hem,3.05,2.04,20
hematoma,4.62,2.6,21
hemisphere,3.32,2.39,25
hemlock,3.86,2.25,22
hemoglobin,3.09,1.9,22
hemorrhage,5.0,2.76,21
hemostat,3.92,2.57,24
hen,3.39,2.23,18
henhouse,3.91,2.18,22
hepatitis,3.83,2.75,24
herald,3.85,2.25,20
herb,3.26,2.68,23
herbal,3.87,2.24,23
herbs,3.96,2.99,23
herd,3.33,2.08,24
hereditary,4.05,2.55,22
heresy,4.7,2.62,20
heretic,5.36,2.22,25
heritage,3.77,2.07,22
hermit,3.88,2.47,26
hernia,5.42,2.46,19
hero,6.35,2.43,20
heroic,5.48,2.38,21
heroin,4.62,2.07,42
heroine,5.43,2.01,21
heroism,5.96,2.31,26
herpes,5.58,2.44,26
herring,3.35,2.5,20
hertz,3.5,2.13,22
hesitant,2.83,1.9,23
hesitate,3.96,2.01,24
hesitation,3.61,2.5,23
hetero,4.05,2.27,21
heterosexual,5.1,2.69,20
hex,4.77,2.0,22
hiatus,3.71,2.37,21
hibernation,3.55,2.06,22
hiccup,3.95,2.29,21
hick,4.24,1.83,25
hickey,5.04,2.3,25
hickory,2.95,2.16,20
hide,3.52,2.24,44
hideaway,3.57,2.69,23
hideous,4.95,2.03,22
hideout,4.67,2.31,21
hierarchy,4.11,2.37,18
hieroglyphics,3.33,2.58,24
high,4.1,2.63,20
high heels,5.2,2.4,20
highball,4.48,2.69,23
highland,4.95,2.89,20
highlight,3.8,2.42,20
highness,4.77,2.52,22
hightail,4.73,2.64,22
highway,4.28,2.34,43
hijack,6.1,2.23,21
hijacker,6.75,2.65,20
hike,4.32,2.61,22
hiking boot,3.78,2.24,23
hilarious,6.11,2.19,18
hill,3.15,1.79,20
hillside,4.28,2.08,18
hilltop,3.09,1.8,22
hilly,3.43,2.2,21
hilt,3.35,2.12,17
hind,2.71,1.9,17
hinder,3.43,2.29,21
hindsight,4.28,2.44,18
hinge,3.25,2.38,20
hint,4.75,2.45,24
hip,3.8,2.71,20
hip hop,4.5,1.82,22
hippie,3.91,2.11,22
hippo,5.09,2.54,23
hippopotamus,4.17,2.76,23
hire,5.65,2.41,20
hiss,4.29,2.55,21
historian,2.76,1.64,21
historic,4.12,2.29,24
historical,2.59,1.62,22
history,3.38,1.77,21
hit,5.48,2.0,23
hitch,4.22,2.65,18
hitchhike,5.05,2.2,21
hitchhiker,4.35,2.71,23
hitter,4.55,2.61,20
HIV,5.1,2.86,20
hive,4.28,2.27,18
hoard,4.82,2.3,22
hoarse,3.17,2.41,23
hoax,5.05,2.1,22
hobbit,4.25,2.73,20
hobby,3.05,2.06,22
hobo,4.5,2.35,20
hock,3.38,2.33,21
hockey,4.06,2.53,18
hoe,5.4,2.46,20
hog,2.9,1.92,21
hogwash,5.76,1.51,21
hoist,4.79,1.84,19
hokey,4.75,2.47,20
hold,4.86,2.17,21
holder,2.85,1.81,20
holdup,4.96,2.93,23
hole,2.95,2.54,20
holiday,4.93,2.91,43
holiness,3.48,2.38,21
holistic,3.0,2.45,22
holler,4.75,2.79,20
hollow,3.41,1.99,22
holly,4.3,2.64,20
hologram,4.23,2.65,22
holographic,4.23,2.58,22
holster,5.35,2.01,20
holy,3.37,2.87,19
homage,3.48,2.06,21
hombre,4.05,2.38,22
hombres,3.73,2.88,22
home,3.78,2.37,23
homeboy,3.5,2.34,24
homecoming,4.14,2.52,21
homeland,4.19,2.46,21
homeless,4.38,2.18,21
homely,3.45,1.77,22
homemade,4.08,2.89,24
homeowner,4.65,2.64,17
homeroom,3.88,2.52,25
homesick,4.05,2.33,20
homestead,3.45,2.42,20
hometown,3.52,2.44,21
homeward,4.24,1.76,21
homework,4.74,2.56,23
homey,3.41,2.58,22
homicidal,6.24,2.96,21
homicide,6.1,2.4,20
homing,3.83,2.25,23
hominy,3.33,1.68,21
homo,3.36,1.97,22
homophobic,5.14,3.05,21
homosexual,3.67,2.35,18
homosexuality,4.05,2.52,21
honcho,3.05,1.96,20
hone,3.76,1.7,21
honest,4.0,2.68,39
honesty,3.32,2.25,22
honey,4.38,2.65,40
honeycomb,3.95,2.37,19
honeymoon,5.91,2.97,22
honk,3.96,2.94,24
honky,3.76,2.36,21
honor,4.63,2.27,41
honorable,4.78,2.24,23
honorary,3.9,2.31,20
hooch,4.36,2.16,25
hood,3.33,2.25,18
hoodlum,5.35,2.43,20
hoof,3.23,1.69,22
hook,4.0,2.08,20
hooker,4.91,2.56,23
hookup,4.81,2.46,21
hooky,4.24,2.79,21
hooligan,5.5,2.22,22
hoop,3.15,1.95,20
hoopla,5.19,2.14,26
hoot,4.91,2.52,22
hooter,3.96,2.59,25
hop,3.71,2.55,21
hope,5.29,2.8,41
hopeful,4.84,2.64,45
hopeless,4.52,2.38,25
horde,5.05,2.38,21
horizon,4.25,3.11,20
horizontal,4.25,2.71,20
hormonal,5.41,2.59,22
hormone,4.87,2.46,23
horn,4.22,2.58,18
horned,4.61,2.59,18
hornet,5.73,2.55,22
horny,6.28,2.37,18
horoscope,3.95,2.25,21
horrendous,5.81,2.29,21
horrible,5.95,2.57,19
horrid,6.0,2.07,22
horrific,6.0,2.0,21
horrifying,6.29,2.65,24
horror,6.13,2.43,39
horse,4.16,2.67,44
horseback,5.2,2.28,20
horseman,3.42,2.46,19
horsepower,4.52,2.58,25
horseradish,3.74,2.28,23
horseshit,4.17,2.64,23
horseshoe,4.15,2.13,26
horsey,4.48,2.16,21
hose,4.54,2.38,24
hospice,4.22,2.89,23
hospitable,3.62,2.13,21
hospital,5.07,2.94,44
hospitality,3.33,2.24,21
host,3.21,2.41,24
hostage,5.73,2.35,22
hostel,4.27,2.12,22
hostess,4.18,2.24,22
hostile,5.39,2.33,23
hostility,6.74,1.41,19
hot,4.76,2.66,21
hot sauce,5.04,2.82,26
hotdog,3.85,2.72,20
hotel,4.55,2.73,42
hothead,4.41,2.44,22
hotline,4.62,1.91,21
hotshot,3.83,2.55,23
hound,4.27,2.37,22
hour,3.38,2.06,21
hourglass,3.1,1.89,21
hourly,2.67,1.85,21
house,3.95,2.65,42
houseboat,5.75,2.34,20
houseboy,3.06,1.92,18
housebroken,4.23,2.49,22
houseguest,3.67,2.47,18
household,3.96,2.01,25
housekeeper,3.64,2.24,22
housekeeping,3.43,2.25,21
housewarming,4.23,2.78,22
housewife,3.73,2.12,22
housework,3.59,2.22,22
housing,2.73,2.1,22
hovel,3.69,2.24,26
hover,4.17,2.57,24
hovercraft,4.25,2.49,24
howl,5.6,2.14,20
hub,3.4,2.09,20
hubby,4.32,2.5,19
huckleberry,3.21,2.36,24
huddle,3.68,2.15,22
hue,3.4,2.54,20
huff,4.25,2.24,20
huffy,3.77,2.25,22
hug,4.85,2.95,47
huge,4.24,2.84,21
hugger,4.8,2.65,20
hulk,4.9,2.47,20
hull,2.67,2.2,18
human,3.62,1.94,21
humane,3.21,1.94,42
humanitarian,2.85,2.08,20
humanity,4.35,2.03,20
humankind,4.83,2.33,24
humanoid,3.89,2.47,19
humble,3.18,2.25,45
humbug,5.14,2.03,21
humdrum,2.64,1.47,22
humid,3.36,2.28,22
humidity,4.19,2.36,21
humiliate,5.05,2.52,20
humiliating,5.5,2.46,22
humiliation,5.43,2.04,21
humility,3.95,2.48,21
hummer,3.71,3.04,24
hummingbird,4.68,2.55,22
humongous,5.39,2.4,18
humor,5.11,2.47,47
humorous,5.33,2.33,21
hump,5.16,2.54,19
humpback,3.64,1.99,22
hunch,4.64,2.59,22
hunchback,3.89,2.32,18
hundred,3.7,2.9,20
hunger,4.8,2.42,20
hungry,5.6,2.77,42
hunk,4.83,2.57,23
hunky,4.57,2.62,21
hunt,5.1,2.57,20
hunting,3.71,2.94,24
huntress,4.16,2.79,19
hurdle,4.05,2.4,21
hurl,4.43,2.41,23
hurricane,5.75,2.17,20
hurry,5.62,2.67,21
hurt,4.72,2.34,47
hurtful,5.41,2.32,22
husband,4.38,2.89,21
hushed,3.76,2.12,21
husk,3.14,1.77,21
husky,3.71,1.93,21
hussy,6.05,2.44,20
hustle,5.74,2.31,19
hustler,5.65,2.48,20
hut,2.91,2.09,23
hyacinth,4.4,2.28,20
hybrid,3.81,2.38,21
hydrant,3.5,2.23,42
hydrate,3.5,2.0,24
hydraulic,4.11,2.02,19
hydraulics,3.82,2.59,22
hydrogen,3.83,2.75,18
hydroponics,4.09,2.39,22
hyena,4.63,2.01,19
hygiene,4.63,2.24,19
hygienic,3.86,2.48,21
hygienist,3.7,2.49,23
hymen,5.35,2.66,20
hymn,2.73,2.16,22
hype,5.9,1.64,21
hyper,5.52,1.99,21
hyperactive,6.6,2.46,20
hyperspace,4.64,1.76,22
hypertension,4.59,2.46,22
hyperventilate,5.86,2.54,21
hypnosis,4.1,2.75,20
hypnotic,3.73,1.96,22
hypnotist,3.83,2.89,23
hypnotize,5.05,2.67,20
hypochondriac,5.29,2.51,24
hypocrisy,3.96,2.71,24
hypocrite,4.77,2.79,22
hypocritical,4.5,2.2,22
hypodermic,4.78,2.1,18
hypothalamus,4.04,2.57,23
hypothermia,5.78,2.09,23
hypothesis,3.29,2.19,21
hypothetical,4.43,2.04,21
hysterectomy,5.22,2.76,23
hysteria,5.59,2.74,22
hysterical,6.33,2.37,21
ibuprofen,3.83,2.2,18
ice,3.3,2.3,20
ice tea,3.25,2.34,20
iceberg,5.12,2.54,24
icebox,3.39,2.23,18
icebreaker,3.82,2.65,22
iced,4.0,2.4,18
icing,4.32,1.99,22
icky,4.36,2.59,22
icon,3.04,2.05,24
icy,5.47,2.04,19
id,2.94,2.34,18
idea,4.66,2.57,41
ideal,3.78,2.73,18
idealism,4.67,2.26,24
idealist,4.19,2.56,21
idealistic,4.15,2.39,20
identical,4.4,2.09,20
identification,4.45,2.72,20
identify,4.16,2.15,25
identity,4.4,2.59,43
ideology,3.96,2.57,23
idiocy,4.16,2.56,25
idiot,4.85,2.39,41
idiotic,4.56,1.92,18
idle,4.1,2.31,20
idol,4.38,2.01,21
idyllic,4.1,2.23,21
iffy,4.5,2.67,20
ignite,5.86,2.89,21
ignition,4.33,2.01,21
ignorance,3.76,2.21,38
ignorant,4.18,2.3,22
ignore,3.8,2.07,20
iguana,4.33,2.82,21
illegal,5.55,2.44,20
illegitimate,4.0,2.62,20
illicit,4.77,2.11,22
illiterate,4.42,2.34,19
illness,5.11,2.69,44
illogical,4.78,2.39,18
illuminate,5.74,1.63,23
illuminating,5.38,1.94,21
illumination,4.0,2.41,22
illusion,4.5,2.3,22
illustrate,3.78,2.43,23
illustration,4.0,1.95,21
illustrious,4.09,2.41,22
image,3.48,2.4,21
imagery,4.55,2.61,20
imaginable,3.0,2.18,22
imaginary,3.8,2.53,20
imagination,4.41,2.52,22
imaginative,5.18,2.65,22
imagine,4.46,2.69,41
imaging,4.9,2.12,21
imbalance,4.58,2.19,19
imbecile,5.17,2.6,18
imitate,3.95,2.57,22
imitation,4.46,1.74,24
immaculate,4.85,2.16,20
immaterial,3.08,1.91,25
immature,4.21,2.38,47
immediate,4.64,2.8,25
immense,5.85,2.5,20
immigrant,5.05,2.78,19
immigration,4.22,2.41,18
imminent,3.45,2.63,20
immobile,4.38,2.38,21
immoral,5.42,2.24,43
immorality,5.81,2.54,21
immortal,5.3,2.57,23
immortality,4.9,2.74,21
immune,4.5,2.63,20
immunity,3.67,2.62,24
impact,5.85,2.35,20
impair,3.9,1.51,21
impart,3.76,2.19,21
impartial,3.89,1.97,18
impatience,4.22,2.6,18
impatient,4.61,2.52,23
impeach,5.74,2.14,23
impeachment,4.16,2.67,25
impeccable,4.88,2.25,24
impede,4.7,2.72,23
impediment,4.85,1.9,20
impending,4.55,2.35,20
impenetrable,4.61,2.13,23
imperative,3.67,2.17,18
imperfect,5.05,2.14,20
imperial,4.67,2.45,18
imperialist,4.17,1.81,24
impersonal,4.21,2.47,24
impersonate,4.12,2.37,26
impersonation,4.39,1.91,18
impersonator,3.95,2.54,22
impertinence,3.35,2.28,20
impertinent,3.88,2.56,24
impervious,4.36,2.4,22
impetuous,4.39,2.3,18
implant,4.15,2.46,20
implement,3.82,2.28,22
implicate,4.35,2.31,23
implication,3.71,2.24,21
implore,4.57,1.86,21
implosion,5.82,2.28,22
imply,4.0,1.73,21
impolite,5.25,2.36,20
import,3.95,2.16,20
importance,4.15,2.5,20
important,4.71,2.35,21
impose,4.89,2.4,19
imposition,3.76,2.14,21
impossibility,3.83,2.95,23
impossible,4.52,2.86,21
impostor,4.6,2.21,20
impotence,4.61,2.46,23
impotent,3.71,2.41,21
impound,4.23,2.2,22
impoverished,4.64,2.46,22
impractical,4.53,2.09,19
impregnable,3.95,2.09,21
impregnate,6.21,2.92,19
impress,4.82,2.04,22
impressed,4.9,2.55,40
impression,3.86,2.78,22
impressionable,4.0,2.37,22
impressive,4.1,2.36,21
imprint,2.43,1.5,21
imprison,4.7,2.49,20
imprisonment,5.14,2.96,22
improbable,3.95,2.16,21
impromptu,4.45,2.22,22
improper,4.8,2.02,20
impropriety,3.27,2.43,22
improve,4.61,2.38,38
improvement,4.95,2.73,21
improvisation,4.62,2.94,21
improvise,4.15,2.58,20
impudence,3.95,2.57,22
impudent,3.8,2.59,20
impulse,5.33,2.56,21
impulsive,6.0,1.67,21
impure,4.38,2.36,21
inability,3.5,2.28,20
inaccessible,4.05,2.29,21
inaccurate,3.95,1.99,21
inactive,3.05,2.03,22
inadequate,4.3,2.03,23
inadmissible,4.19,1.89,21
inalienable,4.4,2.3,20
inane,3.3,2.27,23
inanimate,3.05,2.14,20
inappropriate,4.95,2.55,22
inaudible,3.33,2.55,24
inaugural,3.78,2.49,18
inbound,4.05,2.24,22
inbred,3.57,2.2,21
incantation,3.6,2.35,20
incapable,3.9,2.49,21
incarceration,5.26,2.34,23
incarnate,4.7,2.3,23
incense,3.95,2.67,21
incentive,4.61,2.71,49
inception,5.73,1.78,22
incessant,4.71,1.93,21
incest,4.36,2.5,22
inch,3.29,1.97,24
incident,5.65,2.06,20
incidental,3.27,2.05,22
incinerator,5.67,2.08,21
incision,4.9,2.3,21
incite,4.77,2.29,22
inclination,4.1,1.84,21
inclined,3.79,2.43,24
include,3.05,2.06,20
incoherent,2.96,2.03,24
income,3.82,2.86,22
incoming,4.15,2.39,20
incomparable,3.0,2.14,22
incompatible,3.61,2.79,18
incompetence,5.17,2.75,18
incompetent,4.5,1.98,18
incomplete,4.12,2.19,24
incomprehensible,5.0,2.14,21
inconceivable,4.41,2.06,22
inconclusive,4.05,2.04,20
inconsequential,3.15,2.18,20
inconsiderate,5.05,2.48,22
inconsistent,3.2,1.91,20
inconspicuous,3.55,2.28,22
inconvenience,6.26,2.66,19
inconvenient,4.83,2.57,23
incorporate,2.71,1.71,21
incorrect,3.62,2.06,26
incorrigible,4.78,2.65,18
increase,5.06,2.41,18
incredible,6.35,2.87,20
incriminate,5.95,1.91,22
incriminating,5.27,2.12,22
incubation,3.14,1.88,21
incubator,3.33,2.22,24
incumbent,3.19,2.36,21
incur,4.0,2.56,22
incurable,4.9,2.77,20
indebted,4.25,2.31,20
indecent,5.4,2.66,20
indecision,4.1,2.05,21
indecisive,4.81,2.2,21
indefinite,4.8,2.17,20
independence,5.27,2.96,22
independent,6.75,2.34,20
indescribable,5.7,2.72,23
indestructible,4.32,2.48,22
indicate,3.32,1.76,22
indication,3.83,2.07,18
indicative,3.71,2.31,21
indicator,2.86,1.88,22
indict,3.76,2.3,21
indictment,5.25,2.34,20
indie,4.1,1.97,21
indifference,3.61,2.25,18
indifferent,3.19,1.89,21
indigenous,4.22,2.39,18
indigent,4.19,1.91,21
indigestion,3.3,2.47,20
indignant,4.5,2.37,20
indignation,4.05,2.08,22
indignity,4.65,2.35,20
indirect,3.77,1.9,22
indiscreet,4.38,2.4,21
indiscretion,4.22,2.26,18
indispensable,4.15,2.28,20
indisposed,4.6,2.78,20
indistinct,4.39,2.64,18
individual,3.47,2.22,19
individuality,5.67,2.6,24
indivisible,4.1,2.4,20
indoor,2.86,1.59,21
induce,3.17,2.07,18
induction,4.09,2.07,22
indulge,5.2,2.63,20
indulgence,5.29,2.37,21
indulgent,4.68,1.96,22
industrial,4.72,2.35,18
industrialist,4.77,2.43,22
industry,4.25,2.2,20
ineffective,3.75,2.2,20
ineffectual,3.5,2.04,20
inefficient,3.96,2.51,24
inept,4.2,2.24,20
inertia,5.32,2.46,22
inevitable,4.27,2.21,22
inexcusable,3.59,2.37,17
inexpensive,4.74,2.58,23
inexperienced,3.67,2.06,18
inexplicable,5.0,2.26,23
infallible,3.79,2.86,24
infamous,4.32,2.5,22
infamy,5.05,2.64,21
infant,4.1,2.72,21
infantile,3.6,2.14,20
infantry,4.05,2.71,21
infatuated,6.0,2.18,20
infatuation,5.77,2.51,22
infect,4.0,2.02,22
infection,4.95,2.52,38
infectious,5.14,2.26,21
infer,3.82,2.24,22
inferior,4.55,2.47,40
inferiority,3.47,2.22,19
infernal,6.3,2.03,20
inferno,6.14,2.37,21
infertility,4.8,2.8,20
infestation,5.83,2.96,18
infidel,4.52,2.4,21
infidelity,5.7,2.57,23
infield,3.87,1.98,23
infiltrate,5.13,2.56,23
infiltration,4.78,2.56,18
infinite,4.6,2.8,25
infinity,4.0,2.68,20
infirmary,4.13,2.28,23
inflammation,4.46,2.06,24
inflammatory,4.67,2.52,21
inflatable,2.8,1.99,20
inflate,3.3,1.82,23
inflated,3.55,2.22,22
inflation,4.5,2.32,22
inflict,3.71,2.37,21
influence,4.3,2.27,23
influential,4.33,2.31,21
influenza,4.91,2.39,23
info,3.72,2.19,18
infomercial,4.35,2.72,20
inform,3.33,1.62,21
informal,3.24,2.07,25
informant,4.3,2.39,20
information,2.3,2.05,20
informative,3.89,2.05,18
informer,4.81,1.57,21
infraction,5.05,1.81,19
infrared,4.41,2.4,22
infrastructure,4.16,2.17,25
infuriating,5.9,2.25,20
infuser,4.2,2.44,20
ingenious,5.45,2.52,22
ingenuity,4.39,2.57,23
ingest,3.56,2.31,25
ingrate,4.47,2.12,19
ingredient,2.45,1.74,22
inhabit,3.65,1.72,23
inhabitant,3.57,1.99,21
inhalation,3.33,2.06,21
inhale,4.43,2.56,23
inhaler,3.46,2.38,24
inherent,3.71,1.95,21
inherit,4.35,2.48,20
inheritance,5.0,2.71,20
inhibition,4.29,1.85,21
inhibitor,5.45,2.21,20
inhospitable,4.36,2.22,22
inhuman,5.24,2.47,21
inhumane,5.43,2.18,21
iniquity,3.38,2.16,21
initial,4.09,2.27,22
initiate,3.52,1.65,23
initiation,4.29,2.39,21
initiative,4.09,2.64,22
inject,4.14,2.44,22
injection,5.67,2.37,21
injunction,4.26,1.66,19
injure,5.9,2.43,21
injury,5.56,2.33,43
injustice,6.45,1.88,20
ink,3.73,2.31,44
inkling,3.9,2.14,21
inlet,2.75,1.98,24
inmate,4.73,2.91,22
inn,3.26,1.89,23
innards,3.29,2.28,21
innate,2.95,1.76,22
inner,3.5,2.64,18
innermost,3.57,2.25,23
inning,3.4,2.18,25
innkeeper,3.05,1.83,21
innocence,3.65,2.35,26
innocent,4.4,2.72,20
innocuous,3.7,2.22,23
innovation,6.42,2.19,19
innovative,4.17,2.33,23
innuendo,4.68,2.21,22
inoperable,5.05,2.68,20
input,3.0,1.8,22
inquest,3.71,2.51,21
inquire,3.73,1.98,22
inquiry,3.67,2.18,21
inquisitive,5.33,2.5,21
inquisitor,5.14,2.08,21
insane,5.14,2.63,21
insanity,7.79,1.44,19
insatiable,5.48,2.34,21
inscription,4.85,2.39,20
inscrutable,4.33,2.59,18
insect,4.67,2.59,42
insecticide,5.09,2.61,23
insecure,4.57,2.48,23
insecurity,4.81,1.94,21
insemination,4.68,2.57,22
insensitive,4.32,2.14,19
inseparable,4.32,2.43,19
insert,3.68,2.7,22
insertion,5.05,1.8,21
insider,4.39,2.87,23
insidious,4.68,2.75,25
insight,3.96,2.93,24
insightful,4.27,2.33,22
insignia,2.83,1.67,23
insignificant,3.7,1.78,20
insinuate,5.22,2.58,23
insipid,2.9,1.95,21
insist,4.55,2.56,20
insistence,5.63,2.45,19
insistent,3.91,2.27,22
insolence,3.83,2.41,23
insolent,5.43,2.11,21
insomnia,4.91,2.43,22
inspect,4.05,2.17,19
inspection,4.05,2.27,21
inspector,3.61,2.66,23
inspiration,4.77,3.13,22
inspirational,4.0,2.54,23
inspire,5.9,2.64,40
inspired,5.56,2.77,45
instability,4.89,2.32,18
install,3.72,2.62,25
installation,3.42,1.77,19
installment,4.43,2.2,21
instant,4.33,2.24,21
instantaneous,4.72,2.52,18
instinct,4.44,2.48,25
instinctive,4.04,2.65,23
institute,3.5,1.97,22
institution,4.09,2.31,22
instruct,4.25,2.79,20
instruction,2.62,1.36,21
instructive,4.05,2.65,21
instructor,5.05,2.11,20
instrument,3.88,2.6,26
instrumental,3.92,2.36,25
insubordination,6.29,2.03,21
insufferable,3.65,2.18,20
insufficient,3.57,1.75,23
insulation,3.71,2.22,21
insulin,4.92,2.45,25
insult,5.3,2.72,44
insulting,4.7,3.01,20
insurance,3.8,2.59,20
insure,3.76,1.95,21
intact,3.18,1.94,22
intake,4.0,2.27,20
intangible,3.19,2.23,21
integral,3.65,2.42,23
integrate,3.37,2.39,19
integration,4.38,2.36,21
integrity,3.36,2.34,22
intellect,4.41,2.36,39
intellectual,4.53,2.2,19
intelligence,6.32,2.36,19
intelligent,5.67,3.03,18
intend,3.39,1.99,23
intense,6.6,1.93,20
intensity,7.05,1.58,19
intensive,4.38,2.98,24
intent,4.32,2.36,19
intention,3.91,1.74,22
intentional,3.89,2.18,19
interact,3.78,2.07,23
interaction,4.35,2.48,23
interactive,4.28,2.59,18
intercede,4.04,1.87,23
intercept,4.59,2.42,22
interception,4.23,2.67,22
interchangeable,3.77,2.41,22
intercom,2.86,1.61,22
intercourse,6.5,2.6,22
interest,4.36,2.73,44
interested,4.45,2.78,20
interesting,5.1,2.55,21
interface,3.35,2.06,20
interfere,4.33,2.78,21
interference,3.84,2.44,25
intergalactic,5.91,2.09,23
interim,3.68,2.21,22
interior,3.86,1.98,22
interject,3.52,2.35,23
interlude,3.96,2.23,23
intermediate,3.28,1.9,18
intermission,5.0,2.21,19
intermittent,3.6,2.7,20
intern,3.62,1.99,21
internal,3.67,2.22,21
international,3.95,2.48,22
internet,5.44,2.73,18
internship,6.25,2.55,20
interoffice,3.67,2.38,18
interpret,4.43,1.93,23
interpretation,4.21,2.17,24
interpreter,3.14,1.96,21
interpretive,2.9,1.83,20
interrogate,4.8,2.91,20
interrogation,5.41,2.4,22
interrupt,4.36,2.72,22
interruption,3.88,2.3,26
intersection,4.45,2.04,22
interstate,4.38,2.13,21
interstellar,4.95,2.74,20
interval,3.43,2.31,21
intervene,4.48,2.48,23
intervention,4.74,2.3,23
interview,6.35,2.48,20
interviewer,4.52,2.38,21
intestinal,3.82,1.92,22
intestine,4.5,2.44,20
intimacy,6.0,2.66,20
intimate,6.02,2.64,43
intimidate,5.27,2.53,22
intimidating,4.33,2.76,24
intimidation,4.67,2.61,21
intolerable,5.41,2.4,22
intolerance,5.35,2.03,20
intolerant,4.05,2.48,22
intoxicating,5.81,2.66,21
intracranial,4.45,2.63,20
intravenous,4.09,2.16,22
intrepid,3.95,2.57,19
intricate,4.48,2.23,21
intrigue,5.18,2.24,22
intriguing,5.44,2.01,18
intro,4.48,2.15,23
introduce,4.55,2.39,20
introduction,3.9,2.77,20
intrude,5.2,1.99,20
intruder,5.66,2.64,44
intrusion,4.9,2.57,20
intrusive,5.77,1.93,22
intubation,4.04,2.46,23
intuition,4.81,2.27,21
intuitive,4.28,1.96,18
invade,6.0,2.45,20
invader,5.67,2.83,18
invalid,3.7,2.91,23
invaluable,5.21,2.23,24
invasion,6.59,1.91,17
invasive,6.28,2.19,18
invent,6.16,2.57,19
invention,4.24,2.83,21
inventive,4.22,2.63,23
inventor,4.62,2.5,21
inventory,3.58,2.04,19
inverted,3.85,2.26,26
invest,3.95,1.99,20
investigate,4.09,2.33,23
investigation,5.7,2.79,20
investigative,5.8,2.28,20
investigator,4.35,2.25,20
investment,4.73,2.12,22
investor,3.39,2.09,18
invincible,5.3,2.34,20
invisibility,4.32,2.77,22
invisible,3.95,2.31,21
invitation,4.94,2.13,18
invite,5.1,2.4,20
invoice,3.68,2.64,22
invoke,4.85,1.95,20
involuntary,3.75,2.0,20
involve,3.6,2.21,20
involvement,2.95,2.27,21
invulnerable,3.85,2.46,20
iodine,4.21,2.11,24
ion,4.19,2.25,21
iota,2.76,2.0,21
irate,4.71,2.74,21
iris,4.2,2.55,20
iron,3.24,2.18,106
ironclad,3.77,2.11,22
ironic,4.39,2.1,23
irony,4.09,2.37,23
irrational,5.12,2.64,17
irregular,4.86,2.55,22
irregularity,3.94,2.39,18
irrelevant,3.71,2.28,17
irreparable,5.05,2.72,22
irreplaceable,4.62,2.6,21
irresistible,5.71,2.51,21
irresponsible,5.0,2.57,18
irreversible,4.09,2.33,22
irrigate,3.77,2.18,22
irrigation,4.65,2.15,26
irritable,6.37,2.27,19
irritate,5.85,2.23,39
irritating,4.91,2.45,22
irritation,5.5,2.91,22
island,4.25,2.95,20
isle,3.24,2.12,21
isolate,4.6,2.76,20
isolation,3.0,2.29,19
isotope,2.73,1.67,22
issue,4.55,2.52,20
itch,5.0,2.59,21
itchy,4.9,2.26,21
item,2.9,2.0,21
itinerary,3.27,2.05,22
ivory,2.33,1.61,18
jab,4.85,2.49,26
jabber,3.78,1.95,23
Jack Daniels,4.78,2.98,23
jackal,4.58,2.36,24
jackass,6.57,2.38,21
jacket,3.35,2.16,20
jackhammer,4.7,2.44,23
jackpot,5.62,3.19,24
jackrabbit,3.61,2.35,18
jade,3.43,1.75,21
jaded,3.79,2.93,24
jagged,6.05,2.11,20
jaguar,5.55,2.21,20
jail,4.47,2.5,38
jailbird,4.48,2.22,25
jailbreak,5.6,2.3,20
jailer,4.95,2.85,22
jailhouse,4.5,2.77,22
jalopy,3.94,2.62,18
jam,3.95,2.44,21
jamboree,5.28,2.51,25
jammer,4.22,2.37,23
janitor,2.3,1.56,20
janitorial,3.86,2.08,21
jar,2.77,1.88,22
jargon,3.95,1.99,21
jarhead,4.41,2.99,22
jasmine,3.7,1.98,20
java,5.05,2.3,22
javelin,3.89,2.51,19
jaw,4.09,2.35,23
jawbone,4.19,1.72,21
jaws,5.91,3.24,22
jazz,6.05,2.76,19
jazzy,4.74,2.42,23
jealous,5.9,2.07,20
jealousy,5.45,2.47,84
jean,2.41,1.71,22
jeans,3.95,1.9,20
jeep,4.05,2.58,21
jeering,5.57,2.04,21
jelly,3.63,1.96,41
jellybean,4.77,2.11,22
jellyfish,3.73,2.19,22
jeopardize,6.15,2.3,20
jeopardy,4.23,2.86,22
jerk,6.45,2.01,20
jerky,4.0,2.89,22
jest,4.21,2.59,24
jester,4.75,2.38,20
jet,5.26,2.2,23
jewel,3.83,2.57,23
jeweler,3.73,2.47,22
jewelry,3.38,2.2,21
jib,4.57,1.86,21
jiff,4.17,2.21,23
jiffy,4.89,2.47,19
jig,4.95,2.5,20
jiggle,5.22,2.73,18
jigsaw,4.0,2.67,22
jihad,5.35,2.87,20
jingle,4.33,2.25,18
jinx,4.95,2.48,22
jittery,4.89,2.65,18
jive,5.68,2.19,19
job,4.0,2.34,20
jockey,4.84,2.79,19
jockstrap,4.33,2.77,18
jog,3.43,1.95,23
jogger,3.5,2.33,18
join,3.9,2.7,21
joint,4.5,2.63,20
joke,5.73,2.37,22
joker,4.21,2.93,24
jolly,5.95,2.44,20
jolt,6.63,1.98,19
jot,4.0,2.49,21
jour,2.95,2.21,20
journal,3.23,2.23,107
journalism,4.22,2.51,18
journalist,3.86,2.36,22
journalistic,3.2,1.91,20
journey,4.89,2.63,18
joust,5.61,2.04,23
joy,5.55,2.85,49
joyful,5.53,2.88,43
joyous,6.62,2.11,21
joyride,3.71,2.53,21
jubilee,5.2,2.78,20
judge,4.5,2.74,20
judgment,4.27,2.45,22
judgmental,5.05,1.72,21
judicial,4.59,2.2,22
judo,4.5,2.54,20
jug,3.73,2.12,41
juggle,5.14,2.33,21
juggler,4.05,2.56,20
jugular,4.56,2.77,25
juice,4.6,2.74,20
juicer,4.44,2.41,18
juicy,4.7,2.58,20
juju,4.12,2.44,26
juke,3.3,2.18,20
jukebox,4.9,2.22,20
jumbo,4.24,2.28,21
jump,5.14,2.43,21
jump rope,4.7,2.89,20
jumper,3.76,2.11,17
jumpsuit,3.62,2.13,21
jumpy,5.45,2.2,22
junction,3.86,2.13,21
juncture,4.08,2.38,25
jungle,4.06,2.58,18
junior,4.15,2.18,20
juniper,3.27,2.1,22
junk,3.95,2.26,20
junket,3.5,2.19,20
junkie,4.62,3.02,24
junky,4.3,2.7,20
junkyard,3.95,2.2,21
jurisdiction,3.95,2.35,20
juror,4.5,2.38,18
jury,5.2,2.48,20
justice,5.4,2.37,42
justifiable,3.58,2.17,24
justification,4.09,2.02,22
justify,3.2,2.24,20
juvenile,3.85,2.25,20
kale,3.29,2.27,24
kamikaze,4.68,2.9,22
kangaroo,4.27,2.69,22
kappa,2.79,1.93,19
kaput,4.45,1.99,20
karaoke,5.0,2.83,22
karate,4.6,2.5,20
karma,4.18,2.24,17
karmic,4.22,2.1,18
kayak,3.77,2.81,22
kazoo,5.05,2.72,20
kebab,3.65,2.25,20
keel,4.15,2.07,26
keen,3.21,1.99,19
keep,3.43,2.34,21
keeper,3.81,1.91,21
keepsake,4.43,2.63,23
keg,4.52,2.09,23
kelp,3.46,2.41,24
kennel,3.67,2.33,21
kerchief,2.95,1.84,38
kernel,3.87,2.3,23
kerosene,4.0,2.19,21
ketchup,3.85,2.78,20
kettle,3.1,1.76,21
key,3.9,2.07,21
keyboard,3.59,2.15,22
keyhole,3.96,2.36,23
keynote,3.1,1.58,21
keypad,3.0,2.05,20
keyword,3.67,1.97,18
khaki,2.64,2.01,22
kibble,3.7,2.13,20
kick,5.1,2.42,42
kickboxing,4.45,2.69,22
kicker,4.85,2.3,20
kickoff,5.0,2.47,22
kid,4.71,2.67,21
kidder,3.25,1.97,20
kiddo,4.68,2.64,22
kidnap,5.59,2.75,22
kidnapper,6.52,1.81,25
kidnapping,5.36,2.61,22
kidney,3.95,2.32,19
kids,5.69,2.47,45
kill,6.81,2.54,21
killer,7.05,2.39,41
killing,5.52,3.16,25
killjoy,4.14,2.19,22
kilo,3.26,1.89,23
kilometer,4.1,2.75,20
kilt,4.74,2.47,23
kimono,3.77,2.27,22
kin,3.0,1.69,22
kind,3.19,2.02,21
kindergarten,3.09,2.35,23
kindling,4.05,2.42,22
kindness,3.96,2.65,103
kindred,3.23,2.07,22
kinesiology,3.89,2.19,18
kinetic,4.95,2.52,22
king,4.45,2.68,47
king snake,6.64,2.52,22
kingdom,4.2,2.42,20
kingpin,5.14,2.48,21
kink,4.8,2.67,20
kinky,5.52,2.89,23
kinship,4.65,2.06,23
kiosk,3.35,1.58,23
kiss,6.05,3.03,22
kisser,5.85,2.48,20
kissy,5.32,2.56,19
kit,3.68,2.46,22
kitchen,3.52,2.62,21
kite,4.2,2.63,20
kitten,3.19,2.66,21
kiwi,3.65,2.48,20
klutz,4.08,2.33,25
knack,3.77,2.09,22
knapsack,3.86,2.4,22
knee,4.25,2.27,20
kneecap,3.74,2.1,19
kneel,3.18,2.04,22
knick,3.45,2.24,20
knickers,3.7,2.83,20
knife,4.86,2.48,21
knighthood,4.86,2.1,22
knit,3.35,2.25,20
knob,3.05,1.75,21
knock,3.95,2.24,20
knockoff,4.22,2.37,23
knockout,5.91,2.91,22
knoll,3.68,2.06,22
knot,3.84,2.3,43
know,3.24,2.02,21
knowledge,4.86,2.65,42
knowledgeable,4.65,2.21,20
knuckle,4.32,2.5,22
knucklehead,4.82,2.22,22
koala,3.73,1.75,22
kook,3.38,2.58,26
kooky,5.67,1.91,21
kool-aid,4.09,2.74,22
kosher,3.06,1.83,18
kraut,3.55,2.39,20
kryptonite,5.86,2.29,21
kudos,4.27,1.98,22
kumquat,2.75,1.92,20
lab,4.35,2.25,20
label,3.38,1.6,21
labor,5.23,2.45,22
laboratory,4.38,2.4,21
laborer,4.08,2.1,26
labyrinth,4.24,2.36,21
lace,3.75,2.69,20
laceration,6.67,1.71,21
lack,2.24,1.18,21
lackey,4.0,2.43,21
lacquer,3.3,2.29,23
lacrosse,3.7,2.72,20
lactose,3.44,2.38,25
lad,3.6,2.56,20
ladder,4.09,2.31,23
laddie,4.32,1.83,19
ladle,2.82,2.04,22
lady,4.05,2.04,21
lady bug,3.38,2.6,21
ladybug,3.45,1.9,20
ladylike,3.77,2.45,22
ladyship,3.45,2.34,22
lag,4.0,2.67,26
lager,3.11,2.27,18
lagoon,3.56,2.36,18
lair,5.35,2.5,20
lake,2.64,2.08,44
lamb,3.32,2.44,22
lame,2.74,1.66,19
lament,3.33,1.81,18
lamp,2.71,1.8,42
lamppost,2.76,2.05,21
lance,3.6,2.72,20
lancer,3.25,1.92,20
land,3.05,2.16,21
landfall,3.45,2.13,22
landfill,3.65,2.06,20
landing,3.62,2.3,26
landlady,4.9,2.57,20
landlord,3.95,1.75,21
landmark,4.15,2.3,20
landscape,3.75,2.94,20
landscaping,4.0,2.41,20
landslide,5.89,2.45,18
lane,3.95,2.26,20
language,3.7,2.11,20
lanky,4.32,2.14,19
lantern,3.21,1.8,42
lap,3.45,2.4,22
lapdog,3.2,2.35,20
lapel,3.17,2.23,23
lapse,3.11,2.37,18
laptop,4.62,2.81,24
larceny,5.44,2.73,18
lard,2.95,2.26,20
large,5.35,2.41,20
lark,3.52,2.11,23
laryngitis,3.56,2.18,18
larynx,4.0,2.2,23
lasagna,5.04,2.58,24
laser,5.09,2.51,22
lash,4.65,2.46,20
lass,4.24,1.95,21
lasso,4.67,2.03,21
lasting,3.33,1.96,21
latch,3.09,1.74,22
late,5.57,2.56,21
latent,3.04,2.37,24
lateral,4.11,2.62,19
latex,3.72,2.8,18
lather,4.39,2.92,23
latitude,3.74,2.3,23
latrine,3.82,2.3,22
latte,4.79,2.6,24
laugh,6.62,1.91,21
laughable,5.6,2.3,20
laughingstock,5.16,2.34,19
laughter,5.39,2.88,105
launch,5.26,2.16,23
launcher,4.39,2.69,23
launder,3.57,2.04,21
laundering,3.71,2.67,21
laundry,4.5,2.36,24
lava,5.26,2.54,23
lavatory,4.21,1.96,19
lavender,3.81,2.4,21
lavish,4.88,2.39,41
law,3.55,2.39,20
lawful,3.7,2.3,20
lawless,4.17,3.1,23
lawlessness,4.73,2.64,22
lawman,4.14,2.25,22
lawn,2.62,1.63,21
lawnmower,2.92,2.25,25
lawsuit,5.39,2.54,41
lawyer,3.95,2.67,20
lax,3.12,2.2,26
laxative,4.14,2.01,21
lay,3.7,2.9,20
layaway,3.9,2.53,21
layer,3.45,2.32,22
layman,3.48,2.45,25
layout,3.52,1.75,23
layover,4.1,2.3,21
laziness,2.76,2.23,21
lazy,3.05,2.3,22
lead,3.95,2.37,20
leaded,3.52,2.04,23
leader,4.96,2.45,47
leadership,4.76,2.41,21
leaf,3.05,2.3,22
leafy,3.57,1.78,21
league,4.25,1.92,20
leak,5.43,2.18,21
leakage,5.23,1.97,22
leaky,4.33,2.33,21
lean,3.32,2.04,25
leap,4.0,2.49,23
learn,4.8,2.64,44
learner,4.23,2.45,22
lease,3.23,1.72,22
leash,3.0,2.02,21
leather,3.57,2.46,21
leave,4.48,2.11,21
lecherous,3.79,2.23,24
lecture,3.16,2.36,19
lecturer,3.48,2.19,23
ledge,4.95,2.17,22
ledger,3.24,1.7,21
leech,4.09,2.72,22
leeway,3.88,2.11,24
leftover,4.27,2.25,26
leftovers,3.4,2.22,25
lefty,3.33,2.65,21
leg,2.75,2.29,20
legacy,4.75,2.45,24
legal,3.35,2.28,20
legend,5.13,2.12,23
legendary,6.61,2.59,18
legion,4.18,2.65,22
legislation,4.09,2.64,22
legislature,3.22,2.18,18
legit,4.8,2.14,20
legitimacy,4.09,1.97,22
legitimate,3.94,2.8,18
lego,5.05,2.33,20
legwork,3.5,1.92,22
leisure,4.48,2.69,25
leisurely,3.6,2.12,47
lemon,4.52,1.99,21
lemonade,4.63,2.54,19
lend,3.22,1.77,18
length,3.41,2.13,22
lengthy,3.39,1.99,23
leniency,3.78,1.52,18
lenient,3.61,2.41,23
lens,2.95,1.53,22
leopard,6.26,2.13,19
leotard,3.95,2.04,20
leper,4.24,2.81,21
leprechaun,5.11,2.56,19
leprosy,4.38,2.43,47
lesbian,6.04,2.53,23
lesion,5.62,2.31,21
lessen,4.08,1.95,24
lesson,3.8,2.12,20
let,2.71,1.71,21
lethal,5.64,2.63,22
letter,3.19,1.97,21
letterhead,3.27,2.0,22
lettering,3.12,2.15,25
lettuce,3.64,2.66,22
leukemia,5.75,2.38,20
levee,4.26,2.05,19
level,2.15,1.63,20
lever,2.56,1.82,18
leverage,4.08,2.5,24
levitate,6.1,2.61,20
lewd,4.41,2.34,22
liability,4.58,2.04,19
liable,4.32,2.3,22
liaison,3.35,1.95,20
liar,6.6,2.46,20
libel,5.0,2.19,21
liberate,5.32,2.55,22
liberating,5.3,2.6,20
liberation,5.29,2.51,21
liberty,4.5,2.77,44
libido,5.68,2.55,22
librarian,1.75,1.19,24
library,2.52,1.94,21
lice,5.2,2.99,44
license,4.7,2.45,20
lick,6.2,2.17,20
licorice,4.14,2.31,21
lid,2.91,2.2,22
lie,4.81,2.8,21
liege,3.32,1.73,22
lieutenant,4.1,2.43,20
life,5.59,2.58,22
lifeboat,3.96,2.54,26
lifeguard,4.64,2.36,22
lifeless,3.55,2.58,20
lifelike,4.32,2.44,22
lifeline,4.46,2.47,26
lifelong,4.32,2.34,25
lifer,4.55,2.96,22
lifesaver,4.92,2.31,25
lifestyle,5.52,1.94,21
lifetime,4.52,2.2,25
lift,4.9,2.81,20
liftoff,6.17,2.64,18
ligament,3.16,2.19,25
ligature,4.12,2.8,17
light,3.52,2.58,21
light year,4.79,2.74,19
lightbulb,3.07,1.93,43
lighten,3.14,1.86,22
lightheaded,3.96,2.06,23
lighthouse,3.67,2.6,42
lighting,4.92,2.73,24
lightness,4.5,2.6,18
lightning,6.75,1.59,20
lightweight,3.05,1.93,20
likable,4.23,2.47,22
like,4.4,2.5,20
likelihood,2.9,1.71,20
likely,4.42,2.29,19
likeness,4.27,2.39,22
lilac,3.64,2.46,22
lily,2.64,2.11,22
limb,2.7,1.81,20
limber,3.41,2.06,41
limbo,4.1,1.97,20
lime,3.83,1.98,18
limelight,5.47,2.06,19
limestone,2.83,2.12,23
limey,3.55,2.15,22
limit,4.29,2.51,21
limitless,5.83,1.99,23
limo,4.15,2.89,26
limousine,5.65,2.32,20
limp,3.0,2.25,20
line,3.24,2.0,21
lineage,3.37,1.89,19
linear,3.2,1.91,20
linebacker,4.41,2.74,17
linen,2.95,1.83,21
liner,3.71,1.71,21
lineup,4.47,2.7,19
linger,4.05,1.91,21
lingerie,5.18,3.03,22
lingering,4.48,2.16,21
lingo,3.3,2.23,20
linguini,4.09,2.31,23
linguist,3.71,1.99,17
linguistics,2.76,1.67,21
link,3.15,2.52,20
linoleum,2.77,2.39,22
lint,2.44,1.65,18
lion,5.29,2.22,21
lip,4.6,2.78,20
liposuction,4.05,2.44,22
lipstick,4.0,2.33,18
liqueur,5.05,2.5,22
liquid,3.67,2.63,21
liquidate,4.36,2.06,22
liquor,5.85,2.46,20
lira,3.1,1.95,21
lisp,3.78,2.24,18
list,2.55,1.93,20
listen,3.76,1.89,21
listener,3.83,2.37,23
listing,2.9,1.86,20
listless,3.33,2.29,45
liter,3.65,2.14,23
literacy,3.95,2.77,21
literal,4.35,1.87,23
literary,3.9,1.81,21
literature,3.7,2.52,20
lithium,3.5,2.35,22
litigation,4.33,2.22,21
litigator,4.43,1.94,21
litter,3.8,1.99,20
little,4.2,1.96,20
live,4.71,2.57,21
livelihood,4.6,2.33,20
lively,6.1,2.69,20
liven,5.84,2.83,19
liver,3.27,2.41,22
livery,5.11,2.11,19
livestock,2.95,2.24,20
livid,5.38,2.94,21
lizard,5.5,2.82,20
llama,4.04,2.88,23
load,4.55,2.37,20
loader,2.96,2.18,23
loaf,2.45,1.7,20
loafer,3.63,2.24,19
loan,3.3,2.03,20
loathe,5.18,2.26,22
loathing,4.5,2.19,20
loathsome,4.45,2.54,20
lobby,4.65,2.62,20
lobbyist,3.73,2.12,22
lobe,3.92,1.93,24
lobotomy,5.32,2.65,19
lobster,4.67,2.43,24
local,3.8,1.91,20
localized,2.4,1.64,20
locate,3.67,1.85,21
location,4.58,2.65,19
locator,2.83,2.32,24
loch,3.89,2.73,19
lock,3.0,1.81,20
locker,3.35,2.4,23
locket,3.39,1.64,23
locksmith,3.83,2.79,23
lockup,4.11,2.47,19
loco,4.8,2.4,20
locomotive,5.5,2.18,22
locust,4.24,2.05,21
lode,3.45,2.52,20
lodge,3.33,2.29,21
loft,3.42,2.78,19
lofty,2.95,2.24,22
log,4.29,2.31,21
logic,3.67,1.85,21
logical,3.83,1.99,24
logistics,3.76,1.55,21
logo,3.32,2.51,22
lollipop,3.88,2.23,24
lone,3.84,2.01,19
loneliness,4.09,2.37,43
lonely,4.37,2.55,43
loner,3.94,2.41,18
lonesome,3.45,2.16,20
longboat,3.72,2.85,18
longevity,4.75,2.63,20
longitude,2.91,1.93,23
longtime,3.36,2.27,25
look,3.76,2.64,21
looker,4.88,2.29,26
lookout,4.32,2.21,22
loom,3.65,2.21,20
loon,3.85,1.98,20
loony,4.04,2.61,24
loop,3.52,1.81,21
loophole,4.71,1.95,21
loopy,4.25,2.27,20
loose,4.3,2.47,20
loosen,4.0,2.43,21
loot,5.15,2.13,20
lop,4.55,2.16,20
lopsided,4.42,2.21,24
lord,3.81,2.42,21
lordship,4.42,2.04,24
lore,4.5,2.37,22
lose,5.43,2.69,21
loser,3.94,2.41,18
loss,5.2,2.55,20
lost,5.11,2.47,37
lotion,3.55,2.28,22
lottery,6.05,2.42,21
lotto,6.0,2.74,18
lotus,3.77,2.14,22
loudmouth,5.21,2.37,19
loudspeaker,4.3,2.49,23
lounge,2.64,2.08,22
louse,3.61,2.22,41
lousy,4.28,2.44,25
lovable,5.41,2.72,22
love,5.36,3.23,47
loved,5.59,3.08,46
loveless,4.46,2.39,26
loveliness,5.65,2.68,20
lovely,3.95,2.75,21
lovemaking,6.14,3.29,21
lover,7.45,2.04,20
lovesick,5.81,2.48,21
low,2.21,1.9,19
lowdown,4.0,2.43,22
lowlife,4.29,1.71,21
lowly,3.95,1.75,19
lox,3.86,1.88,22
loyal,3.65,2.45,43
loyalty,4.52,2.71,21
luau,4.59,2.28,22
lube,4.17,2.37,23
lubricant,5.38,1.69,21
lucid,4.78,2.71,18
luck,4.57,2.87,21
lucky,5.3,2.56,20
lucrative,5.15,2.62,20
ludicrous,4.78,2.0,23
lug,3.45,2.52,22
luggage,3.75,2.21,24
lukewarm,2.61,1.59,23
lull,3.76,1.85,25
lullaby,3.79,1.98,24
lumbar,3.28,1.74,18
lumber,3.32,2.36,22
lumberjack,3.81,2.2,21
luminous,3.73,2.57,22
lump,3.74,2.22,23
lumpy,3.94,2.1,18
lunacy,5.2,2.35,20
lunar,5.5,2.14,20
lunatic,5.64,2.17,22
lunch,3.57,2.01,21
lunchbox,4.19,2.48,26
luncheon,4.12,2.35,25
lunchtime,4.95,2.33,21
lung,2.64,1.5,22
lunge,4.73,2.75,22
lurch,4.09,1.88,23
lure,4.48,1.97,21
lurk,4.43,2.4,21
luscious,5.75,2.29,20
lush,4.24,2.3,21
lust,6.44,2.36,45
lustful,6.6,2.19,20
lusty,5.59,2.74,22
luxurious,4.73,2.57,22
luxury,4.71,3.04,21
lycra,3.39,1.91,18
lye,4.29,2.35,21
lymphoma,4.59,3.22,17
lynching,4.92,3.24,25
lyric,3.57,2.18,21
lyrical,3.81,2.23,21
lyrics,4.95,2.14,20
macadamia,3.8,2.86,25
macarena,4.24,2.33,25
macaroni,5.09,2.37,23
mace,5.43,2.13,23
mach,3.95,2.6,21
machete,6.18,2.63,22
machine,4.39,2.18,44
machinery,3.89,2.22,18
macho,3.96,2.12,23
mackerel,3.45,2.04,22
macro,3.85,2.25,20
mad,5.59,2.55,44
madam,3.05,2.09,20
madden,5.17,2.71,24
mademoiselle,4.5,2.02,22
madhouse,5.77,2.52,22
madman,6.09,2.53,44
madness,6.25,2.22,20
maestro,3.7,2.3,23
mafia,7.05,1.77,21
magazine,4.2,2.57,20
magenta,4.58,2.46,19
maggot,5.6,2.38,40
magic,6.05,2.64,21
magical,5.88,2.47,42
magician,4.73,2.73,22
magistrate,3.68,1.94,22
magna,4.63,2.03,19
magnesium,2.86,1.86,22
magnet,3.38,1.95,24
magnetic,3.55,2.56,20
magnetism,4.56,2.48,18
magnification,4.38,2.44,21
magnificence,3.95,3.02,21
magnificent,4.52,2.39,23
magnify,4.41,2.44,22
magnifying,3.58,2.04,19
magnitude,5.11,2.47,18
magnolia,4.19,2.34,21
magpie,3.08,2.04,24
mahi mahi,5.16,2.36,19
mahjong,3.61,2.21,23
mahogany,2.67,1.8,21
maid,3.19,1.91,21
maiden,4.05,2.29,21
mail,3.81,2.09,21
mailbox,2.29,1.27,21
mailing,3.14,1.74,21
mailman,3.32,2.21,22
maim,4.56,2.74,25
main,4.1,2.4,20
mainframe,3.95,2.34,22
mainland,3.67,2.28,18
mainstream,3.38,2.04,21
maintain,2.75,2.21,24
maintenance,2.81,1.91,21
majestic,4.16,2.49,25
majesty,4.7,2.79,20
major,4.24,2.72,21
majority,4.3,2.36,23
make,3.67,2.33,21
makeover,5.13,2.58,23
maker,4.16,2.39,19
makeshift,4.79,2.1,19
makeup,4.1,1.68,20
malady,4.48,2.76,25
malaria,5.07,2.63,41
malarkey,4.33,2.65,21
male,4.5,2.48,20
malfunction,4.62,2.4,21
malice,4.81,2.52,21
malicious,4.95,1.66,21
malignant,4.42,2.98,24
mall,5.3,2.68,20
mallet,3.95,2.44,21
malnutrition,3.5,2.54,24
malpractice,5.26,2.05,19
malt,3.75,2.07,24
mama,4.29,2.8,21
mambo,5.05,2.18,21
mammal,3.81,2.54,21
mammoth,4.09,1.85,22
mammy,3.82,2.5,22
man,4.36,2.49,47
manage,3.52,1.83,23
manageable,3.05,1.93,19
management,3.24,1.89,21
manager,4.15,2.3,20
managerial,2.81,1.75,21
mandarin,3.91,2.49,22
mandate,4.32,2.15,25
mandatory,3.89,2.65,18
mandible,3.05,1.77,21
mandolin,3.14,2.17,22
mane,4.17,2.35,23
maneuver,4.33,1.59,21
manger,3.05,1.96,20
mangle,5.0,2.8,43
mango,3.05,1.77,21
mangy,4.86,2.44,22
manhole,4.09,2.43,22
manhood,5.27,2.16,22
manhunt,6.33,1.85,21
mania,4.74,2.53,23
maniac,5.77,2.83,44
maniacal,6.0,2.86,22
manic,4.55,2.7,22
manicure,4.23,2.29,22
manicurist,4.17,2.39,23
manifest,4.12,2.79,25
manifestation,4.21,2.73,24
manifesto,4.59,2.28,22
manifold,3.22,1.86,18
manipulate,4.76,1.92,21
manipulation,4.86,2.35,21
manipulative,4.44,2.38,25
mankind,4.89,1.59,19
manly,5.63,2.41,19
manned,4.47,1.87,19
mannequin,3.9,2.38,20
manner,3.52,2.14,42
manor,3.68,2.29,25
manpower,4.32,2.43,19
mansion,4.84,2.69,25
mansions,4.95,2.91,21
manslaughter,5.67,3.04,21
mantel,2.93,2.03,45
mantis,3.25,2.47,20
mantle,2.45,1.82,20
mantra,3.48,2.27,21
manual,3.17,1.72,23
manufacture,4.41,2.42,22
manufacturer,3.61,1.99,23
manufacturing,4.5,2.23,26
manure,4.15,2.24,79
manuscript,3.29,2.33,21
map,3.95,2.28,20
maple,3.77,2.07,22
mar,3.41,1.87,22
marathon,5.04,2.69,23
marble,3.57,1.73,23
mare,3.64,2.53,25
margarine,3.14,1.83,22
margarita,5.2,2.98,20
margin,3.71,1.93,21
marginal,3.57,1.54,21
mariachi,4.43,2.64,21
marijuana,4.36,2.95,22
marinara,3.0,2.0,21
marine,3.44,1.46,18
mariner,3.43,1.86,21
marital,4.91,2.29,23
maritime,3.36,2.08,25
marker,4.05,2.54,21
market,3.55,2.18,82
marketing,4.75,2.33,24
marketplace,4.32,2.08,19
marksman,4.59,2.61,22
marksmanship,4.96,2.33,23
marmalade,3.95,2.65,21
maroon,4.37,2.14,19
marooned,5.9,1.89,21
marquee,4.21,2.23,19
marquis,3.77,2.16,22
marriage,4.95,3.04,21
marrow,3.65,2.06,20
marry,5.52,2.96,21
marshal,4.08,2.52,25
marshmallow,4.7,2.42,23
mart,3.55,2.09,22
martial,4.23,2.31,22
martini,5.9,2.4,20
martyr,4.52,2.2,25
marvel,4.77,2.39,22
marvelous,3.77,2.86,22
marzipan,3.91,2.69,22
mascara,4.55,2.42,20
mascot,4.11,2.4,18
masculine,5.19,2.14,21
masculinity,4.7,2.11,20
mash,3.85,2.89,20
mashed,4.15,2.74,20
mask,3.26,2.4,23
masked,4.0,2.7,23
masochist,4.77,2.43,22
masquerade,5.17,2.09,18
mass,3.56,2.18,25
massacre,6.68,2.49,104
massage,3.88,2.59,24
masses,4.11,2.91,18
masseur,4.68,2.31,19
masseuse,4.09,2.97,22
massive,5.79,2.68,19
mast,3.71,1.9,21
master,4.4,3.15,20
masterful,4.38,1.77,21
mastermind,5.58,2.65,19
masterpiece,4.7,2.4,23
mastery,5.68,2.73,19
masturbate,6.42,2.15,43
masturbation,6.3,2.64,20
mat,2.86,2.03,21
matador,4.35,2.79,23
match,3.05,2.27,21
matchbook,3.65,2.69,23
matching,3.0,1.91,24
matchmaker,4.0,2.37,21
mate,5.95,2.74,20
material,3.74,2.54,39
materialism,3.52,2.31,23
materialistic,4.04,2.12,23
materialize,3.95,1.94,21
maternal,4.38,2.64,21
maternity,4.83,2.89,23
math,4.96,3.1,23
mathematical,3.48,2.81,23
mathematician,3.57,2.23,23
mathematics,4.33,2.18,21
matinee,3.05,1.96,21
mating,6.35,2.23,23
matrimony,5.77,2.6,22
matrix,4.4,2.56,20
matron,3.59,1.76,22
matter,4.05,2.18,21
mattress,3.45,2.22,22
mature,3.48,2.09,21
maturity,3.55,2.74,22
maudlin,3.58,2.41,19
mausoleum,3.87,2.49,23
mauve,2.88,2.15,25
maverick,4.55,2.56,22
maxim,4.1,2.1,21
maximize,4.74,2.63,23
maximum,5.05,2.66,22
may,3.19,1.86,21
mayday,4.27,2.43,22
mayflower,2.91,2.2,22
mayhem,5.95,2.65,22
mayonnaise,3.9,2.38,20
mayor,4.15,2.41,20
maze,4.83,1.95,18
meadow,2.62,2.16,21
meager,4.63,2.19,19
meal,4.85,3.0,20
mean,4.81,2.44,21
meanie,4.85,2.28,20
meaning,4.05,2.14,20
meaningful,3.78,1.93,18
meaningless,3.05,1.86,21
meanness,5.19,2.77,21
meantime,3.9,2.41,21
measles,4.5,2.52,44
measure,4.36,1.93,25
measurement,3.09,2.14,22
measuring cup,3.62,1.88,21
measuring tape,2.15,1.5,20
meat,4.3,2.11,20
meatball,4.79,2.57,19
meathead,4.22,2.24,23
meatloaf,4.46,2.47,24
mechanic,4.45,2.15,22
mechanical,5.4,2.82,20
mechanics,3.91,2.52,22
mechanism,3.64,1.79,22
med,3.52,2.5,21
medal,5.3,2.45,20
medallion,3.25,2.29,20
meddle,4.35,2.13,26
medial,3.55,1.57,20
median,3.23,1.63,22
mediation,2.85,1.87,20
medic,3.55,2.15,22
medical,4.05,2.8,20
medicate,4.14,2.43,21
medication,4.56,2.94,18
medicinal,5.87,1.98,23
medicine,4.0,1.99,43
medieval,4.4,2.23,20
mediocre,3.0,2.36,25
mediocrity,3.55,1.99,22
meditate,2.85,1.81,20
meditation,2.5,1.99,20
medium,3.0,2.06,17
medley,4.48,2.0,23
meek,3.14,1.88,22
meet,3.71,2.12,21
meeting,3.71,2.08,21
mega,5.11,2.83,18
melancholy,4.13,2.56,23
mellow,2.81,2.4,21
melodrama,4.83,2.6,24
melodramatic,5.79,2.6,24
melody,4.86,2.67,21
melon,3.68,2.25,22
melt,3.0,2.4,24
meltdown,4.81,2.64,21
member,3.47,2.17,19
membership,4.45,2.36,22
membrane,3.23,2.22,22
memento,4.04,2.6,24
memo,2.39,1.61,18
memorabilia,3.77,2.0,22
memorable,4.83,2.94,24
memorandum,3.96,2.29,26
memorial,3.25,2.2,20
memories,4.19,2.94,21
memorize,3.9,2.14,21
memory,4.08,2.25,37
menace,4.89,2.83,44
menacing,4.76,2.62,21
mend,3.76,1.95,21
menial,3.85,2.25,20
meningitis,5.41,2.38,22
menopause,3.55,2.24,20
menstrual,4.3,2.38,23
mental,3.68,2.21,22
mentality,4.62,2.04,21
menthol,2.9,1.8,20
mention,2.65,1.6,20
mentor,3.5,1.79,22
menu,4.17,2.42,23
meow,3.42,3.05,24
mercenary,5.14,3.04,21
merchandise,3.78,2.34,18
merchant,3.68,2.08,22
merciful,4.22,2.13,23
merciless,5.05,2.63,19
mercury,4.8,2.69,20
mercy,3.67,2.45,18
mere,3.71,2.12,21
merengue,3.45,2.52,22
merge,3.5,1.98,18
merger,4.22,2.35,23
meringue,4.04,2.67,25
merit,3.16,2.83,19
mermaid,5.58,2.14,19
merry,4.57,2.62,108
mescaline,4.65,3.1,20
mesh,3.11,1.88,18
mess,4.7,2.43,20
message,3.81,2.62,21
messenger,4.57,2.23,21
messiah,3.75,2.65,20
messy,4.61,2.3,18
metabolic,4.67,1.98,21
metabolism,4.17,2.26,18
metal,3.48,2.09,21
metallic,4.32,2.33,19
metamorphosis,4.27,2.45,22
metaphor,4.14,2.48,21
metaphysical,4.0,2.76,22
meteor,5.62,2.2,21
meteorite,6.37,2.59,19
meter,3.25,2.45,20
meth,4.43,3.09,21
methadone,3.76,2.86,21
methane,3.73,2.27,22
method,4.17,2.55,42
methodical,3.76,2.3,21
methodology,3.41,2.38,22
meticulous,4.8,2.29,25
metric,3.67,2.15,21
metropolis,4.95,2.48,21
metropolitan,4.91,2.23,23
mew,4.62,2.42,21
mezzanine,3.77,2.37,22
micro,3.48,2.27,23
microchip,3.52,2.34,21
microfilm,3.5,2.42,20
microphone,4.19,2.48,21
microscope,4.0,2.56,23
microscopic,3.86,2.46,22
microwave,4.0,2.47,19
mid,2.8,2.04,25
midair,5.23,2.22,22
midday,3.63,2.14,19
middle,2.85,2.06,20
middleman,3.92,2.46,26
middleweight,4.04,1.61,23
midget,4.0,2.1,20
midlife,3.09,2.02,22
midline,3.36,1.97,22
midnight,4.05,3.07,20
midshipman,2.72,1.93,18
midst,2.62,1.6,21
midsummer,4.8,2.89,20
midterm,4.82,2.68,22
midtown,4.2,2.5,20
midwife,3.14,1.96,21
mighty,5.43,1.9,23
mignon,3.37,2.43,19
migraine,4.96,2.96,24
migrate,3.33,2.78,24
migration,3.54,2.37,26
mil,4.05,2.31,20
mild,2.39,1.8,23
mildew,4.14,2.73,22
mile,3.43,2.38,21
mileage,2.95,1.94,21
milestone,4.56,2.48,18
militant,5.38,2.27,21
military,5.8,2.31,20
militia,4.36,2.5,22
milk,2.33,1.56,21
milkman,2.73,1.91,22
milkshake,4.05,2.87,22
milky,3.7,2.27,23
mill,2.21,1.75,19
millennium,4.59,2.09,22
milligram,3.1,2.29,20
millimeter,3.62,2.38,21
million,5.38,2.71,21
millionaire,6.14,2.95,21
millionth,4.64,2.28,22
millstone,3.12,2.51,24
mime,2.81,2.2,21
mimic,3.85,2.16,20
mince,4.14,2.33,21
mincemeat,3.84,2.01,19
mind,5.05,2.26,39
mindful,6.0,2.7,20
mindless,3.1,1.81,21
minefield,5.5,2.62,24
miner,4.05,1.84,19
mineral,2.86,2.61,21
mingle,4.41,2.97,22
mini,3.0,2.18,25
miniature,3.95,2.06,21
minibus,3.56,1.89,18
minimal,3.41,2.06,22
minimize,4.19,2.11,21
minimum,3.27,1.67,22
mining,4.57,2.78,23
minion,5.0,2.34,20
minister,3.85,2.94,20
ministry,3.85,2.96,20
minivan,2.95,2.36,21
mink,3.24,2.39,21
minor,3.26,1.98,23
minority,3.1,1.84,21
mint,4.9,2.43,20
minty,3.19,1.97,21
minute,3.76,2.64,21
minx,3.95,2.36,21
miracle,5.52,2.79,23
miraculous,6.17,2.36,18
mirage,3.8,1.96,20
mire,3.94,1.92,18
mirror,4.55,2.54,20
misbehave,4.28,2.59,18
miscalculation,4.71,2.05,21
miscarriage,5.7,2.83,20
miscellaneous,4.0,2.73,20
mischief,5.77,1.78,39
mischievous,4.88,1.78,24
misconception,3.45,2.24,20
misconduct,4.59,1.99,22
misdemeanor,5.24,2.26,25
misdirection,3.78,2.13,18
miser,3.88,2.39,25
miserable,5.06,3.04,18
misery,4.82,2.64,98
misfire,4.64,2.42,22
misfit,5.09,2.15,23
misfortune,4.24,2.19,21
misguided,4.33,2.18,21
mishap,4.61,2.31,23
mislead,5.1,2.43,21
misleading,4.48,2.06,21
misplace,4.83,2.23,23
misread,3.79,2.1,19
miss,3.9,2.36,21
missile,5.67,2.61,21
mission,5.52,2.54,21
missionary,4.24,1.67,21
missy,3.39,1.97,18
mist,3.05,1.96,20
mistake,4.93,2.61,44
mister,3.2,2.48,20
mistletoe,4.77,2.37,22
mistress,5.96,2.33,23
mistrial,3.29,2.12,21
mistrust,5.09,2.65,22
misty,2.5,2.0,24
misunderstand,5.09,2.47,23
misunderstanding,4.52,2.43,23
misuse,4.48,2.13,23
mite,4.68,2.53,22
miter,3.05,1.8,21
mitigate,3.9,2.2,20
mitigating,3.85,2.39,20
mitt,2.75,1.74,20
mitten,2.33,1.74,21
mitzvah,4.22,1.99,18
mix,2.86,2.06,21
mixer,4.17,2.53,18
mixture,3.52,2.42,25
mnemonic,3.45,2.09,20
moan,5.52,2.75,21
moat,4.17,2.26,24
mob,4.86,2.26,21
mobile,3.76,1.76,21
mobility,4.7,2.1,23
mobilize,4.56,1.87,25
mobster,5.14,1.98,21
mocha,3.36,2.54,22
mock,4.95,2.2,21
mockery,4.48,2.63,23
mockingbird,4.62,1.86,21
mod,3.65,2.6,20
mode,3.43,1.7,23
model,3.9,2.61,20
modeling,3.92,2.76,24
modem,3.55,2.11,20
moderate,4.0,2.41,20
moderation,3.67,1.88,21
modern,5.4,2.28,20
modest,2.93,1.69,44
modesty,4.41,2.2,22
modicum,3.33,2.24,21
modification,4.1,2.05,20
modify,3.78,1.8,18
module,4.33,2.22,24
mogul,3.48,2.22,25
moist,4.2,2.31,20
moisture,4.39,2.09,18
moisturizer,2.95,1.85,20
molar,3.54,2.18,26
molasses,3.09,2.11,23
mold,3.77,2.29,43
moldy,4.35,2.29,23
mole,3.81,2.29,21
molecular,3.52,2.16,21
molecule,3.7,2.75,20
molest,6.43,2.6,21
molester,5.0,2.81,25
molten,4.26,2.75,19
mom,4.62,2.65,21
moment,4.05,2.33,20
momentary,3.73,2.05,22
momentous,4.9,2.1,20
momentum,4.14,2.61,21
momma,3.45,2.7,22
mommy,3.7,3.01,20
monarch,3.41,2.09,22
monarchy,3.7,2.83,20
monastery,2.5,1.58,18
monetary,4.46,2.55,26
money,6.86,2.49,22
mongoloid,4.28,2.32,25
mongoose,3.55,2.39,20
mongrel,4.5,2.35,22
monitor,3.86,2.46,22
monk,2.61,1.53,23
monkey,5.15,2.5,20
mono,3.0,1.94,19
monogamous,4.4,2.38,25
monogamy,3.48,2.11,21
monogrammed,2.82,1.59,22
monolith,3.57,2.04,21
monologue,3.05,1.59,22
monopoly,4.83,2.27,23
monotonous,2.68,1.86,19
monoxide,4.55,2.6,22
monsieur,3.3,2.05,20
monsoon,4.5,2.18,18
monster,5.55,2.95,20
monstrosity,5.83,2.55,18
monstrous,5.9,2.14,21
montage,4.85,2.13,20
month,3.64,2.16,44
monthly,3.5,1.74,22
monument,2.82,1.79,22
monumental,5.24,2.32,21
moo,3.95,2.19,22
mooch,5.8,2.46,20
mood,4.5,2.63,20
moody,5.0,2.36,42
moon,3.43,2.27,21
moonbeam,4.52,2.82,21
moonlight,3.61,2.37,23
moonlit,3.96,2.34,25
moonshine,4.67,3.06,24
moonwalk,5.15,2.54,26
moor,3.95,1.4,21
moose,4.85,2.35,20
moot,3.71,1.98,21
mop,3.14,1.77,21
mope,3.26,1.69,19
moped,3.62,2.27,21
moral,3.73,2.39,85
morale,4.1,2.36,20
morality,4.76,2.3,25
moray,4.45,2.04,20
morbid,5.29,2.65,21
mores,2.6,1.64,20
morgue,3.48,2.62,21
morn,3.0,1.98,22
morning,3.95,2.33,21
moron,4.5,2.84,22
moronic,3.81,1.99,21
morph,5.19,2.32,21
morphine,5.14,3.0,21
morsel,3.41,2.13,22
mortal,3.55,2.04,20
mortality,6.9,1.74,20
mortar,4.37,2.83,19
mortgage,4.43,2.39,23
mortician,3.33,2.06,18
mortuary,3.59,2.42,22
mosaic,3.7,2.22,23
mosey,4.5,2.67,20
mosque,3.0,2.55,20
mosquito,5.17,2.64,41
motel,3.55,2.35,20
moth,2.55,1.9,20
mother,4.73,2.92,106
motherfucker,7.33,2.06,21
motherfucking,5.92,2.87,25
motherhood,5.52,2.68,21
motherland,4.22,2.56,23
motherless,4.52,2.22,25
motherly,3.74,2.88,19
motif,4.24,2.49,25
motion,4.71,2.31,21
motivate,5.09,2.45,22
motivation,4.73,2.6,22
motivational,6.37,2.31,19
motive,4.86,2.57,22
motley,2.95,2.06,21
motor,5.42,1.74,19
motorbike,5.68,2.73,19
motorboat,4.22,2.86,18
motorcade,4.67,1.81,18
motorcar,3.95,2.04,21
motorcycle,5.8,2.76,20
motorist,4.24,2.0,21
motto,3.86,2.44,22
mould,3.35,2.4,23
mound,3.63,2.59,19
mount,4.09,2.67,22
mountain,4.12,2.5,43
Mountain Dew,5.05,3.06,22
mountaintop,4.28,2.8,18
mourn,4.95,2.93,20
mournful,2.78,1.77,18
mourning,3.9,2.95,20
mouse,3.38,1.94,21
mousetrap,4.05,2.36,21
mousse,3.19,1.86,21
moustache,3.23,2.11,22
mousy,3.1,2.13,20
mouth,4.14,2.29,21
mouthful,3.8,2.14,20
mouthpiece,3.62,2.09,21
mouthwash,2.67,2.22,18
move,4.24,2.45,21
movement,4.0,2.14,21
mover,3.82,2.01,17
movie,4.39,2.63,49
mow,4.17,2.39,23
mower,2.79,2.59,24
moxie,3.78,1.99,18
mozzarella,4.54,2.49,26
muck,3.55,1.96,20
mucous,3.83,2.32,24
mucus,4.17,2.14,42
mud,3.19,1.66,21
muddle,3.05,2.14,20
muddy,4.2,2.27,82
muff,3.59,2.38,22
muffin,4.05,2.82,43
muffled,3.86,1.93,21
muffler,4.27,2.95,22
mug,3.83,2.52,23
mugger,5.67,1.83,21
mulberry,2.75,1.71,20
mulch,3.52,1.81,23
mule,2.78,1.66,18
mull,3.12,2.11,25
mullet,3.81,2.62,21
multimedia,4.8,2.63,20
multinational,3.94,2.55,18
multiple,4.0,2.03,20
multiple sclerosis,5.11,2.81,18
multiplex,4.95,2.3,19
multiply,4.39,1.95,23
multitude,4.09,2.16,22
mum,3.35,2.35,23
mumble,3.19,2.18,21
mumbo,5.1,1.33,20
mummy,3.75,2.12,20
mumps,3.84,2.81,19
munch,3.62,1.96,21
munchkin,4.27,2.25,22
mundane,2.76,1.79,21
municipal,3.05,2.31,20
mural,3.4,2.24,25
murder,6.24,2.76,21
murderer,6.83,1.94,82
murderess,5.8,2.71,20
murderous,7.05,2.06,20
murky,3.45,1.82,20
murmur,4.08,1.58,25
muscle,4.55,2.46,22
muscular,4.98,2.48,83
muse,4.75,2.63,20
museum,3.74,2.58,23
mush,3.21,2.41,24
mushroom,3.14,2.28,44
mushy,3.71,1.87,21
music,5.57,3.09,23
musical,5.63,2.61,19
musician,5.52,2.02,21
musk,2.45,1.88,20
musket,4.0,2.74,18
musketeer,4.71,2.45,21
muskrat,3.5,2.18,18
must,4.1,2.47,21
mustang,6.14,2.83,22
mustard,3.39,2.0,18
muster,3.65,2.31,23
musty,3.5,2.32,22
mutant,4.61,2.64,18
mutate,5.88,2.27,24
mutation,4.56,2.83,18
mute,2.45,1.88,20
muted,2.15,1.66,20
mutilate,4.96,2.75,47
mutilated,6.0,2.47,20
mutilation,5.38,2.67,21
mutiny,5.18,2.32,22
mutt,4.14,2.25,22
mutter,3.67,2.06,21
mutual,3.5,2.45,24
muzzle,4.65,2.29,23
myriad,3.52,2.09,21
mysterious,5.45,2.04,22
mystery,5.04,2.6,23
mystic,4.52,2.34,21
mystical,5.04,2.61,25
mysticism,4.29,2.53,21
mystified,5.8,2.33,20
mystique,5.67,2.52,21
myth,4.0,2.53,22
mythical,5.1,2.43,20
mythology,4.27,2.53,22
nab,4.27,2.23,22
nacho,4.38,1.91,21
nada,3.7,2.51,23
nag,4.72,2.78,18
nail,3.05,2.46,21
nail gun,4.85,2.54,26
naive,3.86,2.22,21
naked,5.58,2.73,45
nakedness,6.62,2.06,26
name,3.04,2.12,23
nameless,2.8,1.64,20
nana,3.82,1.97,22
nanny,4.05,2.46,22
nanometer,3.59,2.06,22
nap,4.14,2.41,21
napalm,5.29,2.9,21
napkin,3.09,2.67,22
nappy,3.32,2.19,22
narcissism,5.05,2.42,21
narcissist,5.81,2.02,21
narcissistic,5.0,2.23,22
narcotic,4.38,2.53,45
narrative,3.23,2.18,22
narrator,2.57,1.5,21
narrow,4.53,2.57,19
nasal,3.38,1.6,21
nasty,5.44,2.23,43
nation,4.78,2.21,23
national,3.45,1.88,20
nationality,3.5,2.16,20
nationwide,3.72,2.37,18
native,3.05,1.93,19
natural,3.67,2.62,36
natural gas,3.36,2.26,22
nature,4.0,2.69,42
naughty,6.95,1.79,20
nausea,4.59,2.52,22
nauseating,4.33,2.42,21
nauseous,4.18,2.68,22
nautical,3.41,1.62,22
nautilus,3.76,1.79,21
naval,2.86,1.9,21
nave,3.52,1.54,21
navel,3.36,1.94,22
navigate,4.18,2.5,22
navigation,4.0,1.88,22
navigational,4.0,2.29,22
navigator,4.09,2.74,22
navy,3.64,2.48,22
nearsighted,3.83,1.77,23
neat,4.1,2.49,20
nebula,4.05,2.4,21
necessary,3.38,2.13,21
necessity,4.55,2.11,22
neck,3.65,2.74,20
necklace,3.52,2.6,21
necktie,2.62,1.6,21
necromancer,6.05,2.18,21
nectar,3.95,2.32,22
need,3.67,2.15,21
needle,4.36,2.35,42
needlepoint,3.2,2.19,20
needless,2.95,2.06,21
needy,4.68,1.7,25
nefarious,5.72,2.49,18
negative,5.05,2.65,20
negativity,5.09,2.67,22
neglect,4.72,2.49,43
negligee,4.67,2.54,18
negligence,4.22,2.61,23
negligent,4.45,2.54,20
negligible,3.89,2.78,18
negotiable,4.62,2.32,24
negotiate,5.0,2.5,23
negotiation,4.76,2.36,21
negotiator,4.45,2.39,22
negro,5.27,2.93,22
neighbor,3.72,2.61,18
neighborhood,4.05,2.33,20
neighboring,3.95,2.3,19
nemesis,5.5,1.95,22
neon,4.56,2.29,25
nephew,4.33,2.39,21
nerd,4.46,2.34,26
nerdy,4.3,2.62,20
nerve,5.27,2.27,22
nervous,5.51,2.65,43
nervousness,4.45,2.63,22
nest,3.35,2.25,20
net,3.0,2.09,23
nether,4.05,1.94,21
network,4.43,2.09,21
networking,3.71,2.08,21
neural,3.19,2.04,21
neurological,4.55,2.44,20
neurologist,3.86,2.59,22
neurology,4.55,2.67,20
neurosis,4.3,2.15,20
neurosurgeon,4.85,2.5,20
neurosurgery,5.09,2.31,22
neurotic,4.98,2.27,41
neuter,4.9,2.36,20
neutral,3.45,2.39,22
neutralize,3.36,1.87,22
neutron,4.47,2.65,19
new,5.14,2.82,21
new age,4.39,2.66,23
newborn,4.96,2.86,25
newcomer,5.05,2.63,19
newfound,3.45,2.2,22
newlywed,6.32,2.79,19
news,4.61,2.3,38
newscast,4.74,2.68,19
newscaster,2.95,1.85,20
newsflash,4.64,2.54,22
newsletter,3.63,2.71,19
newsman,3.12,2.36,24
newspaper,2.67,1.93,21
newspaperman,3.0,2.0,18
newsreel,4.86,2.15,21
newsroom,4.11,2.4,18
newsstand,3.22,2.3,23
newt,3.64,2.04,22
nexus,3.96,2.56,25
nibble,3.96,2.18,23
nice,3.53,2.44,43
niche,3.43,1.86,21
nickel,4.22,2.11,23
nickname,4.38,2.3,26
nicotine,4.04,2.7,25
niece,3.95,1.8,21
nifty,4.59,2.22,22
nigger,6.81,2.16,21
night,3.57,2.54,21
nightcap,4.0,2.41,22
nightclub,5.08,2.8,24
nightfall,4.0,2.32,21
nightgown,3.35,2.45,17
nightie,4.57,2.5,23
nightlife,6.36,2.19,22
nightly,3.61,2.23,23
nightmare,5.83,2.72,42
nightstand,4.04,1.73,24
nightstick,4.81,2.18,21
nighttime,3.91,2.47,23
Nike,4.71,2.48,24
nimble,4.5,2.09,24
nimrod,3.67,2.17,18
nincompoop,3.21,2.55,24
nine,3.83,2.33,24
nineteen,3.86,2.56,21
ninety,3.28,2.16,18
ninja,5.61,2.66,23
ninny,5.42,2.32,19
nintendo,6.37,3.06,19
nip,4.39,2.45,18
nipper,4.42,2.39,19
nipple,5.88,2.42,43
nippy,5.45,1.9,22
nitrate,4.0,2.51,22
nitro,4.55,2.26,22
nitrogen,5.2,2.21,20
nitrous,5.25,2.27,20
nitwit,3.96,2.18,23
nix,3.89,1.79,19
nobility,4.57,1.78,23
noble,4.14,2.31,21
nobleman,4.0,2.07,21
nocturnal,3.48,2.15,23
nod,2.92,2.32,24
node,3.5,2.22,22
noggin,4.29,1.95,21
noir,3.59,2.38,22
noise,5.75,2.59,20
noisy,5.15,2.57,47
nomad,3.17,2.63,24
nominal,3.55,2.28,20
nominate,3.48,1.9,25
nomination,4.04,2.38,23
nominee,4.4,2.63,25
nonchalant,3.64,2.47,45
nonexistent,3.81,2.02,21
nonfat,3.57,2.23,21
nonfiction,3.85,2.16,20
nonsense,4.52,2.29,21
nonviolent,3.95,2.11,20
noodle,3.09,2.16,22
nook,2.8,2.16,25
noon,2.87,1.96,23
noose,5.38,2.58,104
norm,3.06,1.92,17
normal,2.29,2.03,21
normalcy,3.15,2.11,20
north,2.15,1.46,20
northbound,4.8,2.5,20
northeast,3.65,2.48,20
northern,3.17,2.33,18
northwest,2.71,2.4,24
northwestern,3.05,2.3,22
nose,3.1,2.05,20
nosebleed,5.27,2.23,22
nostalgia,4.38,2.71,21
nostalgic,4.37,2.5,19
nostril,3.43,2.16,21
nosy,4.65,2.31,23
notable,3.45,1.95,22
notary,3.23,2.16,22
notch,2.95,2.01,21
note,3.33,2.06,21
notebook,3.58,2.73,19
nothingness,3.25,1.89,20
notice,3.38,2.25,21
noticeable,4.25,2.65,20
notification,4.5,2.54,20
notify,3.13,2.05,23
notion,4.25,2.77,20
notoriety,5.23,2.07,22
notorious,4.68,1.99,25
noun,2.37,1.95,19
nourish,3.85,2.15,47
nourishment,3.1,2.2,20
nouveau,3.1,2.12,21
novel,3.41,2.36,22
novelist,3.95,2.04,21
novelty,5.04,2.5,23
novice,4.0,2.05,21
nuance,4.55,2.04,20
nuclear,7.3,1.92,20
nucleus,3.65,2.56,20
nude,5.86,3.0,22
nudge,4.33,2.18,24
nudie,6.0,2.26,21
nudist,6.05,1.93,20
nudity,6.15,2.23,20
nugget,3.32,2.28,22
nuisance,4.7,2.48,83
nuke,5.0,2.24,23
null,3.05,1.75,21
numb,2.5,1.44,22
number,3.5,2.01,20
numbskull,4.0,2.52,19
numerical,2.76,1.79,21
numerous,3.39,2.12,18
nun,2.43,1.88,23
nunchucks,4.7,2.3,23
nunnery,2.78,1.86,18
nuptials,4.55,2.06,22
nurse,4.64,2.82,22
nursemaid,3.83,2.42,23
nursery,4.29,2.46,48
nursing,3.57,2.39,23
nurture,4.12,2.3,25
nut,4.24,2.28,21
nutcase,3.76,1.92,25
nutcracker,4.84,1.95,19
nuthouse,4.33,2.14,24
nutmeg,3.24,1.87,21
nutrition,4.48,2.56,23
nutritional,3.4,2.3,20
nutritious,4.38,2.22,21
nutshell,3.95,2.09,21
nutty,4.72,2.27,18
nylon,3.61,2.44,23
nylong,4.24,1.64,21
nylons,3.14,2.44,22
nymph,5.32,2.61,22
nymphomaniac,5.17,2.67,23
O'Doul's,2.71,2.28,17
oaf,2.95,2.13,21
oak,2.64,2.08,22
oar,2.72,1.6,18
oasis,4.95,2.74,20
oat,2.82,1.98,17
oath,4.0,2.22,25
oatmeal,3.1,2.1,21
obedience,3.29,2.12,21
obedient,2.82,1.68,22
obese,3.95,2.46,21
obesity,4.63,2.55,106
obey,4.1,2.46,105
obituary,5.04,2.34,23
object,4.08,2.24,24
objection,4.48,2.25,21
objective,4.38,2.13,21
objectivity,4.09,2.2,22
obligation,5.76,2.19,21
obligatory,3.6,2.06,20
oblige,3.74,2.21,19
oblique,3.18,1.99,22
oblivion,4.38,2.6,21
oblivious,3.5,2.31,18
obnoxious,5.95,2.09,40
obscene,5.24,2.64,46
obscenity,6.11,2.26,19
obscure,3.1,2.05,21
obscurity,3.28,1.64,18
observant,4.05,2.48,20
observation,3.23,1.72,22
observatory,4.61,2.25,23
observe,4.25,2.29,20
observer,4.5,2.24,20
obsess,4.95,2.41,19
obsessed,4.46,2.64,24
obsession,5.64,2.19,44
obsessive,6.14,2.27,22
obsolete,3.27,2.14,22
obstacle,4.6,2.4,25
obstinate,4.43,1.95,23
obstruct,4.29,1.74,21
obstruction,3.68,2.17,22
obtain,3.67,2.48,21
obvious,3.65,2.18,20
occasion,4.79,2.04,19
occasional,2.45,1.64,20
occipital,4.14,1.78,22
occult,4.63,2.5,19
occupant,3.17,2.27,23
occupation,4.33,2.15,21
occupational,4.32,1.97,19
occupy,4.27,2.31,26
occur,3.57,2.62,21
occurrence,4.1,2.0,21
ocean,3.5,2.83,80
oceanic,4.26,2.62,19
octopus,5.1,2.36,20
ocular,4.0,2.26,23
odd,4.26,2.14,43
oddball,3.55,2.4,22
odds,4.39,2.1,23
ode,2.81,1.97,21
odor,5.05,2.26,20
odyssey,4.83,2.37,23
oedipal,3.5,2.07,18
offence,4.29,2.46,24
offend,4.81,2.04,21
offender,4.52,2.57,23
offense,4.67,2.03,21
offensive,4.95,2.78,21
offer,3.5,2.26,20
office,3.05,2.01,22
officer,4.38,2.4,21
official,4.04,2.46,23
offset,4.05,2.06,20
offshore,3.5,2.43,22
offspring,4.65,2.32,20
ogre,5.19,2.32,21
oil,4.25,2.57,20
oily,4.53,1.93,19
oink,3.73,2.37,22
ointment,2.86,1.98,22
okra,3.27,2.03,22
old,4.48,2.66,21
olden,3.17,2.35,24
oldie,3.78,2.02,23
oldies,4.18,2.48,22
olive,3.92,2.04,25
omega,4.65,2.25,20
omelet,3.89,2.73,19
omen,4.52,2.68,21
ominous,5.57,1.8,21
omission,2.82,1.79,22
onboard,3.95,2.63,22
oncologist,3.71,2.47,21
oncology,5.8,2.61,20
oncoming,4.06,2.62,18
one,2.67,2.01,21
oneness,3.19,2.42,21
ongoing,4.24,2.75,17
onion,4.95,2.09,21
onset,4.39,2.64,18
onstage,4.48,2.94,23
oodles,5.09,2.58,22
oomph,4.27,2.91,22
ooze,5.0,2.1,21
op,3.24,2.32,21
opal,3.14,2.23,22
open,4.43,2.38,21
opener,3.0,2.21,21
opening,4.6,2.64,20
openness,4.37,2.69,19
opera,3.84,2.36,25
operate,4.62,2.09,21
operation,5.71,2.92,21
operational,4.32,2.06,22
operative,4.36,2.36,22
operator,2.67,2.04,24
opiate,5.06,2.58,18
opinion,4.53,2.45,45
opinionated,3.95,2.65,22
opium,3.65,2.19,23
opponent,5.5,1.99,22
opportunity,5.5,2.89,20
oppose,5.17,2.33,23
opposing,4.25,2.15,20
opposite,3.43,1.99,21
opposition,4.5,1.92,22
oppressed,5.05,2.75,22
oppression,4.57,2.69,23
oppressive,6.24,2.21,21
oppressor,5.48,2.11,23
ops,4.21,2.26,24
opt,2.44,1.65,18
optic,3.48,2.02,21
optical,3.44,1.92,18
optics,3.05,1.84,22
optimism,4.95,2.56,21
optimist,4.43,2.39,23
optimistic,4.19,2.4,26
optimum,5.21,2.8,19
option,3.19,2.04,21
optional,2.59,1.65,22
oracle,3.62,2.13,21
oral,4.33,2.61,18
orange,4.04,2.73,25
orange juice,3.95,2.24,20
orangutan,4.87,2.16,23
orb,4.26,2.47,23
orbit,4.26,2.63,23
orbital,4.24,2.23,21
orchard,3.86,2.37,21
orchestra,4.07,2.63,85
orchid,4.11,2.81,18
ordeal,5.14,2.1,21
order,3.19,1.99,21
orderly,5.05,2.39,19
ordinance,3.95,2.5,21
ordinary,2.86,1.83,22
ordnance,2.84,1.86,19
ore,2.85,1.93,20
oregano,3.7,2.36,23
organ,3.41,1.94,22
organic,4.29,2.14,17
organism,3.48,2.29,21
organist,2.25,1.33,20
organization,3.09,2.39,22
organize,4.05,2.19,22
organizer,3.17,2.14,24
orgasm,7.19,2.31,83
orgy,7.3,2.2,20
oriental,3.18,1.94,22
orientation,3.38,2.25,21
orifice,3.17,2.33,24
origami,2.87,1.74,23
origin,3.7,2.3,20
original,4.4,2.54,20
originality,5.0,1.95,21
ornament,3.32,2.25,22
ornery,4.19,2.04,21
orphan,3.24,2.02,21
orphanage,3.12,2.09,24
orphaned,4.6,1.82,20
orthodontist,4.9,2.85,20
orthodox,3.14,2.47,22
orthopedic,3.78,2.04,23
ostentatious,5.25,2.45,20
ostrich,3.87,2.47,23
other,3.48,2.27,21
otter,4.42,2.5,19
ought,3.0,2.49,20
ounce,3.77,2.43,22
outage,3.92,2.5,25
outback,3.72,1.99,18
outbid,5.15,2.89,20
outboard,3.43,1.89,21
outbreak,5.38,1.91,21
outburst,6.33,2.43,18
outcast,5.17,2.15,23
outcome,3.68,2.67,25
outdated,3.76,2.19,21
outdo,5.43,2.35,23
outdoor,3.55,2.39,22
outdoors,3.94,2.61,104
outer,3.27,1.91,22
outfit,4.19,1.99,21
outgoing,5.71,2.1,21
outgrow,3.78,1.9,18
outhouse,3.43,2.31,21
outing,5.52,2.52,23
outlaw,6.0,2.15,20
outlet,3.5,2.09,22
outline,2.62,2.0,24
outlive,4.39,2.52,23
outlook,3.43,2.38,21
outnumber,4.45,2.37,20
outpatient,3.35,2.31,23
outpost,3.05,1.94,22
output,3.67,2.2,18
outrage,6.52,2.09,42
outraged,5.65,2.4,23
outrageous,5.35,2.21,23
outrank,4.14,2.35,21
outreach,3.95,1.91,21
outrun,5.62,2.13,21
outsider,3.52,2.45,23
outskirts,3.75,2.1,20
outsmart,5.3,2.38,23
outspoken,5.36,2.34,22
outstanding,4.04,2.69,23
outstretched,4.14,2.14,22
outweigh,3.95,2.03,22
outwit,4.04,2.44,24
oval,3.5,2.2,26
ovary,3.67,2.33,21
ovation,5.32,2.38,22
oven,2.95,1.53,21
overactive,5.12,2.17,25
overall,2.95,1.96,22
overbearing,5.1,2.3,21
overcast,3.83,2.64,23
overcoat,3.1,2.43,20
overcome,5.75,2.38,24
overcrowded,5.39,2.89,18
overdo,4.6,2.37,20
overdose,4.92,2.96,25
overdrive,5.16,2.61,25
overdue,4.62,2.87,24
overestimate,3.52,2.11,21
overflow,4.25,2.97,20
overgrown,4.29,1.9,24
overhaul,3.92,2.45,26
overhear,4.27,2.14,22
overheated,5.43,2.42,21
overjoyed,5.57,3.04,21
overkill,6.0,2.51,20
overlap,2.83,1.92,23
overlapping,3.5,2.44,20
overlay,3.18,2.11,22
overload,4.96,2.36,26
overlook,3.78,2.39,18
overlord,4.78,2.81,23
overpass,4.0,2.23,22
overpower,4.96,2.82,24
overpriced,4.55,2.56,22
overprotective,4.37,2.36,19
overrated,5.4,2.46,20
overreact,5.23,2.6,26
override,3.35,2.62,20
overriding,4.65,2.48,23
overrun,4.56,2.31,18
oversee,3.65,2.18,20
overseer,5.3,2.49,20
oversight,4.45,2.02,22
oversized,3.65,2.06,20
overtake,4.36,2.56,22
overthrow,4.78,2.58,23
overtime,5.71,1.9,21
overture,4.29,2.53,24
overview,3.18,1.88,17
overweight,3.91,2.57,23
overwhelm,4.36,2.75,22
overwhelmed,4.9,2.9,21
overwhelming,4.86,2.83,22
overworked,4.42,2.78,24
overwrought,4.56,2.66,25
overzealous,5.9,2.61,21
owe,4.67,2.42,21
owl,3.57,2.42,42
owner,4.71,2.1,24
ownership,4.41,2.4,22
ox,3.82,2.26,22
oxide,2.91,2.24,22
oxygen,4.9,2.77,20
oyster,3.11,2.08,19
ozone,4.17,2.62,18
pace,3.0,2.15,23
pacemaker,4.36,2.3,22
pacifier,3.2,2.12,25
pacifist,3.17,2.31,18
pacify,2.55,1.64,20
pack,4.1,2.85,20
package,4.73,2.83,22
packaging,3.3,2.1,23
packer,4.23,2.18,22
packet,3.62,1.99,21
pact,3.73,2.25,22
pad,3.96,2.37,26
padded,2.87,2.03,23
padding,2.76,2.17,21
paddle,4.17,2.21,23
paddle boat,3.05,2.1,22
padlock,3.33,2.13,21
padre,3.57,2.52,23
pagan,5.25,2.22,20
page,3.45,1.99,20
pageant,4.42,2.24,19
pager,3.73,2.14,22
paging,4.6,2.11,20
pagoda,4.5,2.26,20
pail,2.24,1.61,21
pain,6.27,2.59,22
painful,5.52,2.4,21
painkiller,3.39,1.95,23
painless,4.1,2.63,20
paint,4.5,1.96,20
paintball,5.19,2.46,21
paintbrush,3.33,1.91,21
painter,3.29,1.95,21
painting,3.25,2.49,20
pair,3.35,1.9,20
paisley,3.83,2.35,24
pajama,4.37,2.81,19
pal,3.25,2.31,20
palace,4.67,2.28,40
palate,2.75,1.94,20
pale,3.18,1.94,22
paleontology,3.9,2.63,20
palette,3.3,2.18,23
pallet,4.05,2.5,22
palm,2.67,1.75,18
palomino,4.26,2.26,19
palpable,4.59,2.48,22
pamper,4.38,1.99,21
pamphlet,2.7,1.82,23
pan,3.05,1.32,20
pancake,4.0,2.55,24
pancakes,3.33,2.08,21
pancreas,2.74,2.18,23
panda,4.05,2.61,19
pandemonium,6.15,2.46,20
pane,3.57,1.78,21
panel,2.92,1.44,25
pang,4.5,2.35,20
panhandle,3.26,2.0,19
panic,6.4,2.26,20
panicky,7.0,1.97,21
pansy,3.96,2.75,25
pant,3.9,2.75,20
pantheon,4.85,2.58,20
panther,5.45,2.14,20
panties,5.65,2.7,20
pantry,4.0,2.29,20
pants,3.8,2.71,20
panty,5.0,2.51,21
pantyhose,4.08,2.08,24
pap,3.52,2.43,25
papa,4.4,2.96,20
papaya,4.4,2.48,25
paper,3.52,2.58,48
paperback,4.84,2.36,19
paperboy,3.19,2.18,21
paperweight,3.38,2.25,26
paperwork,4.1,2.65,20
paprika,4.09,2.27,22
par,2.94,2.18,18
parachute,4.94,2.39,18
parade,4.8,1.82,20
paradigm,4.71,1.9,21
paradise,4.82,2.95,22
paradox,5.0,2.16,22
paraffin,3.11,2.03,18
paragraph,3.26,1.71,23
parakeet,4.5,2.26,18
paralegal,3.28,2.09,25
parallel,2.87,2.05,23
paralysis,5.07,2.52,42
paralyze,4.47,2.37,19
paramedic,4.9,2.64,21
paramedics,4.67,2.82,21
paramilitary,4.05,2.44,22
paranoia,5.57,2.52,21
paranoid,5.09,2.75,23
paranormal,4.42,2.81,24
paraphernalia,5.18,2.61,22
paraplegic,3.82,2.11,22
parasite,5.65,2.1,23
parasitic,4.82,2.06,22
parasol,3.5,2.16,20
parcel,4.18,2.54,22
parched,4.91,2.07,22
parchment,2.9,2.1,20
pardon,2.8,2.09,20
parent,4.14,2.63,21
parental,2.73,2.35,22
parenthood,6.0,2.61,18
parenting,4.92,2.41,24
pariah,3.65,2.67,23
parish,3.45,1.99,20
park,2.7,2.08,20
parka,2.72,2.19,18
parking,3.8,2.04,20
parkinsons,4.76,2.51,21
parlay,3.29,2.34,17
parliament,2.81,1.86,21
parlor,2.71,1.85,21
parmesan,4.22,2.37,23
parody,4.76,2.19,21
parole,4.91,2.24,22
parrot,4.65,2.41,20
parsley,2.77,1.82,22
part,3.36,2.17,22
partake,4.3,2.41,20
partial,3.8,2.59,20
participant,3.29,2.22,21
participate,4.44,2.53,18
participation,3.55,2.6,22
particle,4.74,2.6,19
particular,3.9,2.38,20
parting,4.81,2.27,21
partition,3.1,1.89,21
partner,3.7,2.77,20
partnership,3.73,2.41,22
partridge,3.15,1.98,20
party,6.08,2.8,106
pass,4.38,2.78,21
passage,3.35,2.08,82
passageway,4.45,2.77,22
passenger,3.82,2.04,22
passion,6.08,2.52,108
passionate,6.33,1.96,21
passive,3.55,2.5,22
passkey,3.39,1.79,18
passport,4.35,2.46,20
password,3.71,2.19,21
past,4.71,2.37,21
pasta,3.97,2.27,104
paste,2.62,1.53,21
pastime,2.75,1.86,20
pastor,3.91,2.52,23
pastrami,3.68,2.36,25
pastry,4.95,2.54,20
pasture,3.14,2.26,21
pasty,3.39,2.17,18
patch,2.84,1.71,19
patent,3.64,2.53,81
patented,3.6,2.48,25
paternal,3.27,2.12,22
paternity,3.95,2.68,20
path,3.74,2.42,23
pathetic,3.56,2.25,18
pathological,3.5,2.4,20
pathologist,3.74,2.58,23
pathology,4.15,2.6,26
pathway,2.77,1.72,22
patience,3.16,1.55,25
patient,2.77,1.74,22
patio,2.55,2.11,20
patriot,4.86,2.74,44
patriotic,4.55,2.86,22
patriotism,3.89,2.22,18
patrol,4.26,2.64,19
patrolman,4.57,2.34,21
patron,2.91,1.87,22
patronize,3.15,2.39,20
patronizing,5.67,2.61,21
patter,3.5,2.15,22
pattern,3.14,1.61,22
pauper,3.33,1.96,21
pause,2.57,1.75,21
pave,2.74,1.88,19
pavement,2.64,1.4,22
pavilion,3.04,2.14,24
paw,4.09,1.98,23
pawn,4.29,2.08,21
pawnshop,4.15,2.01,20
pay,4.24,2.32,21
payable,3.95,3.0,22
payback,5.85,2.03,20
paycheck,6.77,2.41,22
payday,6.81,2.23,21
payload,5.36,2.22,22
payment,4.44,2.2,18
payoff,6.22,2.83,23
payout,5.84,2.59,19
payphone,2.6,1.64,20
payroll,3.82,2.59,22
pea,2.41,1.47,22
peace,4.65,2.77,23
peaceful,4.38,3.2,21
peacekeeper,4.0,2.27,22
peacetime,2.57,2.2,21
peach,4.7,2.49,23
peachy,4.7,2.49,23
peak,3.9,1.94,20
peanut,3.48,2.37,25
peanuts,3.86,2.03,22
pear,3.76,2.66,17
pearl,3.5,2.07,18
pearly,3.45,2.09,22
peas,2.95,1.88,21
peasant,4.0,2.05,21
pebble,2.85,2.13,20
pecan,3.52,2.75,21
pecker,4.5,2.15,24
peculiar,4.05,2.39,20
pedal,3.89,2.52,18
peddle,3.52,2.09,21
peddler,4.83,2.21,23
pedestal,3.18,2.13,22
pedestrian,3.71,2.28,21
pediatric,3.78,2.07,23
pediatrician,4.29,2.56,24
pediatrics,2.42,2.14,19
pedicure,3.78,2.43,23
pedigree,4.09,2.24,22
pedophile,5.05,3.21,22
pee,3.32,2.21,22
peek,4.29,2.24,24
peekaboo,3.84,2.36,19
peel,3.71,2.31,24
peep,4.3,2.47,20
peeper,5.41,2.38,22
peephole,5.39,2.5,23
peer,4.05,2.06,21
peeved,5.5,2.41,22
pelican,3.55,2.15,22
pellet,3.8,2.14,20
pelvic,3.73,2.62,22
pelvis,4.2,2.61,20
pen,2.75,1.94,20
penal,3.44,2.45,18
penalty,3.89,2.45,44
penance,3.89,1.63,19
penchant,4.71,1.9,21
pencil,3.11,2.13,19
pendant,4.05,2.01,21
pending,4.55,2.48,20
pendulum,2.77,1.38,22
penetrate,6.08,2.48,25
penetration,7.25,1.94,20
penguin,4.0,2.52,24
penicillin,3.38,1.94,21
penile,4.86,2.29,22
peninsula,3.55,2.42,20
penis,5.9,2.97,20
penitent,3.8,2.4,25
penitentiary,6.35,2.25,20
penmanship,3.04,2.08,23
pennant,3.2,2.67,20
penniless,5.76,2.66,21
penny,5.55,2.52,20
pension,2.9,2.53,20
pentagram,3.89,1.94,18
penthouse,5.74,2.47,101
people,3.77,2.34,82
pep,4.83,1.82,18
pepper,4.3,2.43,20
peppermint,4.52,2.32,21
pepperoni,3.82,2.52,22
peppy,5.1,2.05,21
Pepsi,4.58,2.89,19
peptide,3.0,1.75,22
perceive,4.43,2.04,23
percent,3.24,2.17,21
percentage,2.96,1.8,23
percentile,4.52,1.72,21
perception,3.57,1.54,21
perceptive,4.36,2.32,22
perch,3.38,1.88,21
percussion,3.43,2.56,21
perfect,4.71,2.69,21
perfection,5.55,2.21,38
perfectionist,5.42,2.24,19
perfecto,4.04,2.73,24
perform,5.15,2.78,20
performance,5.61,2.17,23
performer,4.45,2.15,22
perfume,4.28,2.47,43
perfumed,4.75,2.4,20
peril,5.95,2.35,20
perilous,4.24,2.61,21
perimeter,3.7,2.0,20
period,4.2,2.35,20
periodic,3.55,2.28,22
peripheral,3.86,2.08,22
periscope,3.6,1.98,20
perish,5.19,2.34,21
perjury,4.68,1.67,19
perk,5.78,2.32,23
perky,6.57,2.13,21
perm,3.19,2.73,21
permanent,3.82,1.65,22
permissible,3.3,1.63,20
permission,4.0,1.86,20
permit,3.76,2.39,21
peroxide,3.63,2.41,19
perpetrator,5.75,2.43,20
perpetual,3.55,1.85,20
persecute,5.11,1.97,19
persecution,6.6,1.96,20
perseverance,3.41,2.28,22
persist,3.64,2.66,22
persistence,5.95,2.35,20
persistent,5.58,2.69,19
person,3.71,2.08,38
persona,3.9,1.7,21
personal,3.57,2.27,21
personality,4.5,2.57,26
personnel,3.67,2.11,21
perspective,3.64,2.13,22
perspiration,3.52,2.16,21
persuade,3.65,2.52,23
persuasion,5.16,1.91,25
persuasive,4.87,2.28,23
pert,5.41,1.5,22
pertinent,4.83,2.5,18
perverse,4.87,2.44,23
perversion,5.48,2.44,21
pervert,5.18,2.2,22
perverted,6.9,2.19,21
pesky,4.32,2.53,22
pessimist,4.2,2.89,20
pessimistic,4.48,2.18,21
pest,5.14,2.63,43
pester,5.18,2.3,22
pestilence,4.23,2.43,22
pestle,3.0,2.18,22
pesto,5.58,2.81,19
pet,3.76,2.7,21
petal,3.58,2.28,24
petite,4.78,2.19,23
petition,3.1,2.27,20
petitioner,3.83,2.15,23
petrified,5.17,2.61,23
petrol,4.04,2.14,23
petroleum,3.81,2.52,21
petticoat,3.87,2.63,23
petty,4.45,1.96,20
petunia,4.19,2.36,21
pew,2.41,2.06,22
peyote,4.58,2.17,19
phantom,5.23,2.49,22
pharaoh,4.63,2.45,19
pharmaceutical,3.35,2.23,23
pharmacist,4.48,1.95,23
pharmacy,3.68,2.08,19
phase,3.96,2.36,23
pheasant,4.05,2.16,21
phenomenal,5.35,2.24,26
phenomenon,5.0,2.65,21
pheromone,4.96,2.24,24
phi,3.32,1.94,22
philanthropist,4.17,2.14,24
philistine,3.33,2.47,18
philosopher,3.71,2.12,21
philosophical,3.5,2.11,22
philosophy,2.9,1.59,20
phlegm,4.06,2.78,18
phobia,6.57,2.04,21
phone,3.43,1.94,21
phonograph,3.32,2.01,22
phony,4.4,1.87,25
phooey,4.41,2.52,22
phosphate,3.71,2.15,21
phosphorus,3.91,2.23,23
photo,4.6,2.3,20
photogenic,4.36,2.36,22
photograph,4.57,2.36,21
photographer,3.58,2.6,24
photographic,4.19,2.25,21
photography,3.96,2.46,24
photon,3.7,2.81,20
phrase,3.0,1.84,20
physical,5.5,2.46,20
physical therapist,2.71,2.03,21
physician,3.96,2.36,23
physicist,3.41,2.11,22
physics,4.27,2.43,22
physiological,5.04,2.16,23
physiology,4.9,2.34,20
physique,4.57,2.44,21
pi,3.35,2.42,23
pianist,3.55,2.63,20
piano,3.61,2.1,23
piazza,3.73,2.41,22
piccolo,4.33,2.54,21
pick,3.62,2.25,21
picker,3.62,1.86,21
picket,3.0,2.36,20
pickle,3.48,2.42,25
pickled,3.0,2.59,18
pickpocket,6.0,2.73,22
pickup,3.85,2.18,20
picky,4.27,2.39,22
picnic,3.65,2.6,20
picture,3.29,1.82,21
pictures,4.29,2.49,21
picturesque,4.24,2.17,21
pie,4.05,2.49,41
piece,3.57,1.99,21
pier,3.75,2.24,20
piety,3.42,2.14,19
pig,3.68,1.73,22
pigeon,2.95,2.35,20
piggy,3.18,2.17,22
piggyback,4.11,2.19,18
pigheaded,4.96,2.57,23
piglet,3.95,2.21,22
pigskin,4.35,2.64,20
pigsty,4.48,2.04,23
pike,4.09,2.64,22
pile,4.43,2.13,21
pileup,5.25,2.61,20
pilgrim,4.04,2.29,23
pilgrimage,3.17,2.66,24
pill,3.73,2.19,22
pillage,4.65,2.52,23
pillar,4.3,2.66,20
pillbox,2.85,2.18,20
pillow,2.9,2.21,104
pillowcase,2.62,1.86,21
pilot,5.6,2.33,20
pimp,4.2,2.5,25
pimple,3.9,2.47,20
pin,3.73,1.98,22
pinball,4.95,2.6,21
pinch,4.44,2.59,43
pine,3.25,2.1,20
pineapple,4.41,2.36,22
ping,4.09,2.22,22
pinhead,3.9,2.17,21
pink,4.35,2.98,20
pinkie,2.85,2.11,20
pinnacle,4.32,2.12,22
pinot,3.62,1.86,21
pinpoint,4.16,2.24,19
pint,3.52,2.27,21
pinto,3.3,2.47,20
pinup,4.91,2.58,22
pioneer,3.43,2.4,21
pious,3.0,2.19,21
pipe,4.11,2.85,18
pipeline,4.33,2.08,21
piping,4.1,2.34,20
pipsqueak,4.43,1.85,23
piracy,5.64,2.44,22
piranha,5.38,2.82,21
pirate,5.26,2.56,23
piss,4.74,2.99,23
pisser,6.05,2.16,20
pistachio,4.68,2.54,19
pistol,5.79,2.41,42
piston,4.85,2.06,20
pit,3.5,2.53,18
pita,4.0,2.16,25
pitch,3.42,2.65,24
pitcher,4.09,2.11,22
pitchfork,4.35,2.32,20
pithy,3.32,2.01,22
pitiful,4.47,2.5,17
pituitary,4.4,2.39,20
pity,4.07,2.63,42
pivot,3.29,1.71,21
pivotal,3.41,2.61,22
pixie,3.86,2.46,22
pizza,4.58,2.72,43
pizzazz,5.95,2.04,21
pizzeria,5.41,2.22,22
place,3.52,2.32,21
placebo,3.32,1.86,22
placement,3.48,2.2,21
placenta,4.35,2.96,20
placid,3.45,2.44,22
plague,6.67,2.63,21
plaid,3.72,2.25,25
plain,2.68,1.97,81
plainclothes,3.0,2.45,19
plaintiff,3.86,2.52,21
plan,3.86,2.26,21
plane,4.91,2.18,22
planet,4.35,2.6,20
planetarium,3.72,2.47,18
planetary,4.65,2.28,20
plank,4.3,2.47,20
plankton,3.6,2.44,20
planner,4.0,2.41,20
plant,3.94,2.41,18
plantation,3.6,2.11,20
planter,2.67,2.06,18
plaque,4.52,2.15,23
plasma,5.3,2.7,20
plaster,3.9,2.69,20
plastic,3.36,1.78,25
plate,3.18,2.02,22
plateau,3.68,2.25,22
platform,4.18,2.34,22
plating,3.29,2.22,21
platinum,4.78,2.82,18
platonic,3.0,1.77,22
platoon,4.28,2.82,18
platter,3.4,2.58,20
plausible,3.09,2.52,23
play,3.81,2.56,21
playa,3.76,2.28,21
playback,3.36,1.79,22
playbook,4.53,1.71,19
playboy,5.24,2.83,21
player,5.95,2.54,20
playful,5.89,2.49,18
playground,4.67,2.42,21
playhouse,3.57,2.71,21
playmate,4.38,2.25,21
playoff,5.36,2.32,22
playpen,2.65,1.73,20
playroom,4.29,2.22,21
plaything,5.1,2.66,21
playtime,5.1,2.43,21
playwright,3.59,2.32,22
plaza,3.9,2.36,21
plea,4.64,2.61,22
plead,4.32,2.5,22
pleasant,2.91,2.52,22
pleased,4.25,3.01,20
pleasing,5.2,2.8,20
pleasurable,6.33,2.67,21
pleasure,6.8,2.93,20
pledge,3.95,2.22,21
pliers,3.55,1.99,22
plight,3.85,2.03,20
plop,3.77,2.02,22
plot,4.52,1.83,23
plow,4.04,2.25,23
ploy,3.0,2.3,24
pluck,4.16,1.95,25
plucky,4.7,2.05,23
plug,3.35,2.06,23
plum,2.76,1.95,21
plumber,3.18,2.22,22
plumbing,3.36,2.01,22
plume,3.0,2.13,20
plummet,5.04,2.5,23
plump,4.43,2.09,21
plunder,5.05,2.39,20
plunge,4.6,2.66,25
plunger,3.15,1.95,20
plural,3.4,2.45,25
plush,3.05,2.17,22
plutonium,4.45,2.72,20
plywood,2.67,1.8,21
pneumatic,3.9,2.59,21
pneumonia,4.62,2.33,21
poacher,4.86,2.49,22
pocket,4.5,2.4,20
pocketbook,3.42,2.08,26
pocketful,2.72,1.6,18
pod,3.32,1.78,22
podium,3.52,2.09,21
poem,4.15,2.66,20
poet,2.91,2.04,22
poetic,4.4,2.58,20
poetry,3.59,2.45,41
pogo,3.94,2.39,18
poignant,4.09,2.45,23
point,3.86,2.29,21
pointer,3.73,2.16,26
pointless,4.26,2.7,23
pointy,4.55,2.44,22
poise,3.77,2.16,22
poison,6.01,2.31,105
poisoning,6.35,1.9,23
poisonous,5.67,2.94,21
poke,5.41,2.7,22
poker,5.05,2.59,22
polar,3.95,1.83,21
pole,3.05,2.04,19
police,5.95,2.46,21
police officer,5.48,2.5,23
policeman,4.06,2.48,18
policewoman,3.92,2.52,25
policy,3.3,2.03,20
polio,5.0,2.61,21
polish,3.36,2.38,22
polite,2.95,1.86,21
politeness,3.04,2.34,23
political,4.0,2.97,18
politician,4.7,2.79,23
politics,3.44,2.62,18
polka,4.17,2.41,18
poll,4.14,2.13,21
pollen,3.44,2.29,25
polling,3.25,2.02,20
pollute,4.91,2.69,22
pollution,5.19,2.4,21
polo,3.95,2.09,20
poltergeist,5.55,2.09,22
polyester,3.85,2.09,26
polygraph,4.31,2.33,26
polymer,3.0,2.13,20
pomp,3.57,1.86,21
pompous,4.76,2.12,21
poncho,3.74,2.0,19
pond,2.32,1.76,22
ponder,3.95,1.99,20
pong,4.0,2.34,20
pony,4.29,2.93,24
ponytail,3.53,2.41,19
pooch,4.08,2.39,24
poodle,3.6,1.85,20
poof,3.8,2.33,20
pool,3.65,2.66,20
poop,5.14,2.15,21
poor,4.67,2.33,21
pop,4.45,2.24,22
popcorn,5.23,2.86,22
pope,4.21,2.23,19
Pope,3.59,2.15,22
popper,4.23,2.2,22
poppycock,5.19,2.11,21
popsicle,3.95,2.54,21
popular,4.74,2.38,23
popularity,4.32,2.39,25
population,3.96,2.27,23
porcelain,3.14,2.27,22
porch,3.36,2.11,22
porcupine,4.95,2.26,20
pore,3.12,2.13,25
pork,3.8,2.88,20
porker,3.62,2.52,21
porky,4.29,2.08,21
porn,7.24,2.1,21
porno,5.82,2.28,22
pornographic,6.09,2.97,23
pornography,6.0,2.22,20
porridge,3.33,2.44,21
port,3.38,1.75,21
portable,3.38,1.72,21
portal,3.59,2.2,22
porterhouse,4.43,2.56,23
portfolio,3.36,2.65,22
porthole,3.25,2.38,20
portion,3.91,2.33,23
portrait,3.2,2.21,20
portray,3.09,1.86,23
pose,3.11,2.18,19
posh,3.95,2.17,22
position,3.35,2.83,20
positioning,3.88,2.15,17
positive,5.5,3.12,20
posse,4.41,2.04,22
possess,3.95,2.21,22
possession,4.04,2.56,24
possessive,4.86,1.93,21
possibility,4.85,2.62,20
possible,3.71,2.1,21
possum,4.0,2.45,22
post,3.58,2.09,19
postage,2.57,1.5,21
postal,3.41,2.24,22
postcard,4.23,2.57,26
poster,3.14,1.98,22
posterior,2.9,1.97,20
posterity,3.85,2.28,20
postman,3.2,2.44,20
postmortem,4.71,2.61,21
postpone,2.94,1.76,18
postponement,4.36,1.89,22
posture,3.56,2.18,18
pot,4.0,2.0,21
potassium,2.43,1.8,21
potato,2.38,1.69,21
potatoes,2.95,1.96,21
potency,4.45,2.39,20
potent,5.05,2.27,21
potential,4.09,2.5,23
pothead,4.16,2.54,25
pothole,4.79,3.03,19
potion,5.12,2.89,24
potluck,4.95,2.09,19
potpourri,2.94,2.24,18
potted,2.8,1.94,20
pottery,2.75,2.07,20
potty,2.83,1.92,23
pouch,2.44,1.71,25
poultry,3.95,1.96,20
pounce,6.22,1.81,23
pound,4.26,2.4,19
pounding,4.71,2.68,24
pour,3.28,1.9,18
pout,4.14,1.85,21
pouty,3.74,2.22,23
poverty,5.3,2.53,44
powder,2.77,1.77,22
powdered,3.18,2.11,22
power,5.41,2.63,44
powerful,5.41,2.18,41
powerhouse,6.12,2.18,17
powerless,3.95,2.89,22
powwow,4.76,2.12,21
pox,4.4,2.04,25
practical,3.5,2.35,20
practice,2.5,1.82,20
practitioner,4.86,2.48,21
pragmatic,3.38,2.33,21
prairie,2.41,1.89,39
praise,5.45,2.04,20
prance,5.05,2.24,22
prank,5.36,2.75,22
prawn,2.79,1.87,19
pray,3.25,2.27,20
prayer,4.04,2.62,25
praying mantis,3.24,2.21,21
preach,3.71,1.82,21
preacher,4.55,2.42,22
precarious,3.7,2.27,20
precaution,4.0,2.05,21
precautionary,4.32,2.12,22
precedence,3.8,2.22,25
precedent,3.59,1.77,17
precinct,3.95,2.4,21
precious,3.64,2.52,22
precipice,4.14,2.2,21
precise,5.25,2.15,20
precision,3.91,2.02,22
precocious,3.5,2.04,18
predator,4.72,2.15,25
predatory,5.26,2.45,23
predecessor,3.6,2.41,20
predicament,5.3,2.46,23
predict,4.68,2.24,19
predictable,2.86,1.71,21
prediction,5.6,2.11,20
preemptive,3.77,2.0,22
preface,2.9,2.07,20
prefect,4.33,2.87,21
prefer,4.65,2.6,20
preferable,4.24,2.12,21
preference,4.23,1.97,22
preferential,3.68,1.86,19
prefix,3.7,2.42,23
pregnancy,5.0,2.95,18
pregnant,5.7,2.85,20
prehistoric,4.55,2.28,20
prejudice,5.35,2.08,23
prejudiced,4.89,3.14,18
prejudicial,5.1,2.28,21
prelim,3.62,2.01,21
preliminary,3.73,2.41,22
prelude,3.9,1.92,20
premarital,4.76,2.36,21
premature,4.62,2.54,21
premed,4.22,2.6,18
premier,4.62,2.5,21
premiere,5.3,2.03,20
premise,4.25,2.17,20
premises,4.0,2.41,22
premium,5.5,2.37,20
premonition,4.64,2.15,22
prenatal,3.55,2.24,20
prenuptial,5.29,2.0,21
preoccupied,4.13,2.38,23
prep,3.19,1.91,21
preparation,3.77,2.0,22
prepare,4.15,2.46,20
preposterous,5.95,2.35,20
preppy,4.35,2.23,23
prerogative,4.55,2.13,22
preschool,3.35,2.57,23
prescribe,3.23,2.33,22
prescription,3.14,1.82,21
presence,3.6,2.23,20
present,4.82,2.92,22
presentable,4.31,2.4,26
presentation,4.65,2.21,23
presenter,5.28,2.08,18
preservation,4.6,2.19,20
preserve,3.0,1.87,17
presidency,4.58,2.96,24
president,4.71,2.69,21
President,3.83,2.79,23
presidential,4.06,2.24,18
press,2.8,2.35,20
pressure,4.48,2.52,21
prestige,3.91,2.09,22
prestigious,5.23,2.27,22
presume,3.4,2.37,20
presumption,4.5,2.52,20
presumptuous,3.47,1.87,19
pretend,4.3,2.18,20
pretender,5.55,2.09,20
pretense,4.61,2.15,23
pretentious,4.09,2.11,22
pretext,3.11,1.88,18
pretty,5.5,2.33,20
pretzel,5.7,2.27,20
prevail,4.55,2.84,22
prevailing,4.36,2.38,22
prevent,4.18,2.11,22
prevention,3.14,2.13,21
preview,3.7,2.49,20
previous,3.59,2.09,22
prey,4.56,2.68,18
price,3.4,2.33,20
priceless,5.23,2.33,22
pricey,4.45,2.35,20
prick,4.26,2.61,23
prickly,5.21,2.02,19
pride,5.54,2.38,39
priest,3.76,2.45,42
priestess,3.35,2.11,20
priesthood,2.55,1.71,22
prig,3.29,1.68,21
prima,3.65,2.29,23
primal,5.38,2.09,21
primary,3.25,2.27,20
primate,2.95,1.91,22
prime,4.71,2.11,17
primer,4.55,1.64,20
primitive,3.62,2.33,21
primordial,4.88,2.39,26
primrose,3.62,2.14,24
prince,5.15,3.28,20
princess,5.42,2.83,19
principal,4.3,1.89,23
principle,3.27,1.86,22
principles,3.39,2.27,23
print,2.74,1.76,23
printer,3.68,2.61,22
printing,2.74,1.63,19
printout,3.35,2.5,20
prior,3.0,1.72,22
prioritize,4.38,3.2,24
priority,4.85,2.56,20
prison,5.1,2.34,21
prisoner,5.0,2.32,23
prissy,4.09,2.22,22
pristine,3.48,2.29,23
privacy,3.95,2.38,44
private,3.62,2.48,21
privilege,3.71,2.54,24
privileged,4.67,2.33,21
privy,3.24,1.51,21
prize,5.5,2.84,20
prized,4.48,1.94,21
pro,3.81,2.46,21
proactive,3.4,2.26,20
probability,3.81,1.9,26
probable,3.35,1.53,23
probate,4.43,2.23,23
probation,4.3,2.67,23
probe,4.48,2.4,21
probing,4.5,2.4,20
problem,4.81,2.42,21
problematic,4.8,2.38,20
procedural,4.2,1.98,25
procedure,4.15,2.11,20
proceed,3.43,1.96,21
proceeds,3.65,2.32,20
process,3.9,2.34,20
processing,3.39,1.85,23
procession,4.14,1.9,21
processor,3.5,2.43,22
proclaim,4.84,2.24,19
proclamation,4.3,2.79,20
procreate,4.7,2.47,20
procreation,6.04,2.12,23
proctologist,4.68,2.32,22
procure,4.25,2.55,20
prod,4.23,2.29,22
prodigal,3.57,2.25,21
prodigious,3.45,2.28,22
prodigy,5.35,2.3,20
produce,3.23,1.93,22
producer,3.89,2.05,18
product,3.45,1.97,22
production,4.78,2.21,23
productive,4.6,2.56,20
productivity,5.1,2.47,20
profane,4.55,2.34,22
profanity,5.52,1.6,21
profession,3.33,1.93,21
professional,4.4,2.66,20
professionalism,3.73,2.16,22
professor,3.85,2.43,20
proficiency,3.86,1.93,22
proficient,3.43,2.2,21
profile,2.6,1.67,20
profiler,4.43,2.11,23
profit,5.24,1.84,21
profitable,5.61,2.59,18
profound,4.14,2.73,21
prognosis,4.67,2.33,21
program,3.9,2.13,20
programmer,3.59,2.04,22
programming,3.5,2.12,18
progress,3.82,1.79,22
progression,2.95,1.53,21
progressive,4.38,1.88,21
prohibit,4.56,2.36,25
prohibition,4.04,2.44,26
project,4.55,2.52,20
projectile,3.67,2.48,21
projecting,3.75,2.55,20
projection,3.6,1.9,20
projector,3.78,2.32,18
prologue,3.2,2.38,20
prolong,3.29,1.79,21
prolonged,3.36,2.08,22
prom,4.27,2.68,22
promenade,3.32,1.73,22
prominent,4.05,2.6,21
promiscuity,6.0,2.99,22
promiscuous,5.81,1.91,21
promise,3.9,2.32,21
promising,4.7,2.27,20
promo,4.09,2.73,23
promote,4.7,2.36,20
promoter,4.36,2.46,22
promotion,5.21,2.99,47
promotional,4.77,2.09,22
prompt,2.9,2.0,20
prone,3.68,2.21,22
pronounce,2.75,2.02,20
pronto,4.05,2.77,21
pronunciation,4.2,2.04,20
proof,4.15,2.32,20
prop,3.15,2.23,20
propaganda,5.0,2.15,23
propane,3.64,2.22,22
propeller,3.53,2.53,17
proper,2.85,2.13,20
property,4.75,2.05,20
prophecy,4.38,2.93,24
prophet,3.05,2.32,22
prophetic,4.05,2.48,21
proportion,3.73,1.91,22
proposal,4.73,2.41,22
propose,4.77,2.18,22
proposition,4.86,2.46,22
proprietary,3.39,2.17,23
proprietor,4.0,2.02,26
propriety,4.14,2.06,21
propulsion,5.0,2.43,24
prose,3.4,2.6,20
prosecute,4.62,2.78,21
prosecution,4.56,2.53,18
prosecutor,6.17,2.71,18
prospect,3.68,2.21,19
prospective,4.78,1.95,23
prospector,3.74,2.09,23
prospectus,3.87,2.44,23
prosper,6.0,2.6,22
prosperity,5.3,2.47,20
prosperous,6.0,2.11,18
prostate,4.7,2.6,20
prosthetic,3.42,2.54,24
prostitute,4.86,2.68,22
prostitution,6.05,2.56,21
prostrate,4.6,2.29,25
protect,3.7,2.13,20
protected,3.81,2.16,47
protection,4.32,2.19,19
protective,3.96,2.2,23
protector,4.23,2.67,22
protein,2.95,1.99,21
protest,4.18,2.72,22
protestant,3.0,1.67,21
protocol,3.83,2.26,18
proton,3.36,2.4,22
prototype,3.92,2.36,25
proud,5.55,2.34,22
prove,3.25,2.61,20
proverb,3.55,2.06,22
proverbial,3.24,1.87,21
provide,4.76,2.49,21
provider,3.73,2.55,22
province,3.33,2.24,21
provincial,2.85,2.28,20
provision,4.19,2.02,21
provisional,3.12,1.73,17
provocation,5.11,2.66,19
provocative,5.9,2.45,21
provoke,6.72,2.16,18
prowess,5.25,2.4,20
prowl,4.32,2.44,22
prowler,5.48,2.8,21
proximal,3.59,1.71,22
proximity,3.85,2.06,20
proxy,3.2,2.04,20
prude,3.32,2.03,22
prudence,4.12,1.92,24
prudent,3.44,2.55,25
prune,3.14,1.8,21
pruning,2.83,1.92,23
pry,5.3,2.58,20
psalm,3.14,2.01,21
psi,3.92,2.59,26
psoriasis,4.24,2.62,21
psych,4.6,2.54,20
psyche,4.61,1.79,18
psychedelic,5.64,2.61,22
psychiatric,4.52,2.18,21
psychiatrist,4.25,2.71,20
psychiatry,4.6,2.21,20
psychic,4.71,2.27,24
psycho,6.0,2.39,22
psychoanalysis,5.57,2.34,21
psychoanalyst,4.59,2.3,22
psychobabble,4.25,2.07,20
psychological,4.81,2.46,21
psychologist,3.78,2.16,18
psychology,3.41,2.36,22
psychopath,5.41,2.82,22
psychopathic,6.0,2.09,18
psychosis,6.0,2.2,22
psychosomatic,5.12,1.9,25
psychotherapy,4.32,2.55,22
psychotic,6.14,2.08,22
pterodactyl,4.45,2.63,22
pub,4.36,2.44,22
puberty,4.14,2.46,21
pubes,4.76,2.57,25
pubic,5.24,2.72,21
public,3.35,2.91,20
publication,2.79,2.04,24
publicist,3.62,2.19,26
publicity,4.57,2.29,21
publish,3.67,1.93,21
publisher,3.39,2.31,23
publishing,2.96,2.31,23
puck,4.64,3.11,22
pucker,4.73,2.62,22
pudding,3.8,2.75,20
puddle,4.33,2.37,21
pudgy,3.5,2.09,22
puff,3.43,2.09,21
puffing,4.53,2.29,19
puffy,4.5,2.6,22
pug,3.55,1.9,22
puke,5.05,2.63,22
pull,4.1,2.47,21
pulley,4.0,2.05,20
pulmonary,3.73,2.25,22
pulp,3.82,2.38,22
pulpit,2.9,1.95,21
pulsar,4.72,2.59,18
pulse,4.85,2.52,20
pump,4.0,2.17,21
pumpkin,3.43,1.96,21
pun,3.94,2.44,18
punch,5.8,2.82,20
punchy,4.32,3.05,22
punctual,4.27,2.39,22
punctuality,3.85,2.66,20
punctuation,2.86,2.22,21
puncture,3.83,2.68,24
pungent,4.52,2.11,21
punish,5.85,2.35,20
punishable,4.71,2.55,21
punishment,5.07,2.51,42
punitive,4.62,2.31,21
punk,4.14,2.85,21
punt,4.0,2.17,23
puny,3.27,2.05,22
pup,4.5,2.67,20
pupil,3.76,1.95,21
puppet,4.43,2.35,23
puppeteer,4.22,2.05,18
puppy,5.84,2.62,38
purchase,5.1,1.94,20
pure,4.05,2.31,21
purgatory,4.41,2.34,22
purge,5.45,2.21,20
purification,4.15,2.17,26
purify,4.88,2.28,25
purity,3.0,2.37,23
purple,4.05,2.61,22
purpose,5.05,2.5,20
purr,3.84,2.41,25
purse,3.21,1.89,24
pursue,4.45,2.91,20
pursuit,5.67,2.61,18
pus,5.0,2.2,22
push,4.4,2.78,20
pusher,4.63,2.45,19
pushover,3.9,2.31,20
pushy,4.6,1.76,20
puss,3.71,2.51,24
pussy,6.3,2.46,23
pussycat,4.0,2.81,22
put,3.86,2.03,21
putrid,4.32,2.59,38
putt,2.77,1.69,22
putter,3.17,1.58,18
putty,2.9,1.71,20
puzzle,4.42,2.78,24
puzzled,4.43,2.15,23
pylon,3.41,2.11,22
pyramid,3.48,1.9,23
python,5.91,1.94,43
quad,4.2,2.14,20
quadrant,3.77,2.31,22
quadruple,4.24,2.17,21
quail,2.67,2.37,24
quaint,3.52,2.29,23
quake,6.9,1.71,20
qualifications,4.76,2.26,21
qualify,6.05,2.22,19
quality,3.65,2.4,48
quandary,3.59,2.2,22
quantity,3.84,2.32,19
quantum,4.67,2.29,21
quarantine,5.39,2.21,23
quarrel,5.39,2.75,44
quarry,3.57,2.04,21
quart,3.73,2.27,22
quarter,3.85,2.46,20
quarterback,3.58,2.62,24
quarterly,3.2,2.2,25
quartermaster,4.0,2.47,22
quartet,3.09,1.95,22
quartz,4.23,2.93,26
quasi,5.0,1.65,20
queasy,4.82,2.42,22
queen,5.05,2.21,20
queer,3.95,2.5,20
quench,4.7,2.84,23
query,3.76,2.73,25
quest,5.8,2.65,20
question,3.67,2.24,21
questionable,3.55,2.32,22
questionnaire,3.43,1.8,21
queue,3.1,2.31,20
quibble,3.7,2.45,20
quiche,3.15,2.03,20
quick,5.16,2.47,43
quickie,6.29,2.33,21
quicksand,4.42,3.15,24
quiet,1.95,1.58,41
quilt,3.11,1.85,19
quince,3.6,2.46,20
quintet,3.33,2.45,18
quirk,3.59,1.74,22
quirky,4.35,2.41,20
quit,4.05,2.58,20
quitter,5.43,2.27,23
quiver,4.45,2.4,22
quivering,4.68,2.14,25
quiz,4.95,2.26,20
quota,4.09,1.97,22
quote,2.95,2.15,22
R & B,4.27,2.71,22
rabbi,4.0,2.5,23
rabbit,3.98,2.44,42
rabble,3.14,1.71,21
rabid,6.62,2.13,21
rabies,5.99,2.55,105
raccoon,5.16,2.75,19
race,5.2,2.61,20
racehorse,4.95,2.95,20
racer,5.86,2.68,22
racetrack,5.24,2.28,21
racial,4.05,2.33,21
racism,5.88,2.49,26
racist,4.84,2.79,25
rack,4.52,1.89,21
racket,4.33,2.24,21
racketeering,3.65,2.52,23
racquetball,5.05,2.46,22
racy,5.39,2.83,18
radar,4.55,2.33,20
radial,3.61,2.35,23
radiant,5.03,2.55,38
radiate,4.81,2.48,21
radiation,4.56,2.25,18
radiator,3.67,2.45,43
radical,5.27,2.57,22
radio,3.84,2.57,43
radioactive,5.64,2.68,22
radioactivity,6.09,1.86,23
radiologist,4.55,2.2,22
radiology,4.27,2.19,22
radish,3.71,2.33,21
radium,5.29,2.19,21
radius,4.55,2.8,20
raffle,5.05,2.82,22
raft,4.55,2.09,22
rag,2.65,1.79,20
rage,6.62,2.47,39
ragged,5.2,2.53,20
raggedy,4.65,2.21,26
raging,5.38,2.09,21
ragtime,3.73,2.27,26
raid,5.62,2.04,21
raider,4.4,2.8,25
rail,2.62,2.18,24
railing,3.17,2.63,24
railroad,3.95,1.5,21
railway,3.25,2.15,20
rain,3.29,2.19,21
rainbow,3.94,2.73,82
rainbow trout,5.04,2.14,23
raincoat,3.48,2.04,21
rainforest,3.4,2.54,20
rainmaker,4.43,1.97,23
rainstorm,4.96,2.46,23
rainy,4.33,2.42,21
raise,5.1,2.93,21
raisin,3.65,2.58,20
rake,4.22,1.91,23
rally,5.35,2.71,23
ram,4.5,2.44,22
ramble,5.0,2.41,23
rambling,4.04,2.34,23
ramp,4.09,2.16,22
rampage,7.57,1.43,21
rampant,4.5,2.35,20
rampart,3.95,2.34,19
ramrod,3.61,2.59,23
ranch,5.3,2.87,23
rancher,4.32,2.52,19
rancid,5.16,2.42,43
random,4.15,2.58,20
range,3.9,1.77,20
ranger,3.5,2.67,22
rank,3.67,1.74,21
ranking,3.86,1.7,22
ransom,4.45,2.34,22
rant,5.23,3.04,22
rap,4.3,2.08,20
rape,7.24,1.99,83
rapid,6.45,2.16,20
rapist,6.33,2.39,21
rapper,3.61,2.35,18
rapport,3.73,2.75,22
raptor,5.7,2.2,20
rapture,4.86,3.12,21
rare,5.1,2.88,21
rarity,4.05,1.94,22
rascal,4.5,2.4,20
rash,3.82,2.88,17
raspberry,3.71,2.43,21
rat,5.9,2.43,20
ratchet,4.11,2.72,18
rate,4.17,2.1,23
rating,4.77,2.39,22
ratio,3.11,2.11,18
ration,3.9,2.49,21
rational,4.26,2.68,19
rationalize,3.59,2.04,22
rationing,3.62,2.06,21
rattle,4.48,2.52,44
rattler,6.3,2.49,20
rattlesnake,5.33,3.1,21
ratty,3.82,2.38,22
ravage,5.67,2.76,21
rave,4.77,2.78,22
raven,4.33,1.75,18
ravenous,4.9,2.88,21
ravine,4.65,2.52,20
ravioli,3.39,2.64,18
ravishing,6.14,2.44,22
raw,5.14,2.06,21
rawhide,4.36,1.94,22
razor,4.23,2.76,22
reach,3.35,2.25,20
react,5.48,1.99,21
reaction,3.95,2.11,20
reactive,4.64,2.19,22
reactor,4.42,2.17,24
read,3.7,2.54,20
reader,4.45,2.3,22
readiness,3.92,2.77,25
readout,3.24,2.12,21
ready,3.9,2.43,21
real,4.05,2.38,21
realism,4.28,2.32,25
realist,4.25,2.2,20
realistic,4.09,2.24,22
reality,4.1,2.45,20
realization,3.67,2.76,21
realize,3.24,2.39,21
realm,4.0,2.14,22
realtor,4.14,2.66,22
realty,3.0,1.98,23
reap,4.68,2.23,25
reaper,5.05,2.2,19
rear,3.86,2.52,21
rearrange,3.19,1.89,21
reason,3.33,2.11,21
reasonable,3.0,2.12,17
reasoning,5.68,2.11,19
reassign,3.67,1.83,21
reassignment,3.25,1.97,20
reassurance,3.55,1.99,20
reassure,3.7,2.4,23
rebel,5.29,2.15,21
rebellion,5.09,2.58,22
rebellious,6.45,1.93,20
rebirth,4.52,2.34,21
reboot,5.1,2.45,20
reborn,4.89,1.76,19
rebound,4.67,2.3,18
rebuild,4.43,2.48,23
rebuttal,4.6,1.85,20
recall,4.48,2.64,23
recant,4.5,2.41,24
recap,3.26,1.91,23
recapture,5.32,2.45,19
receipt,4.5,2.2,26
receive,4.3,2.75,20
receiver,3.89,2.14,18
recent,3.82,2.63,22
receptacle,3.1,1.58,21
reception,4.05,2.21,22
receptionist,3.09,2.2,22
receptive,3.9,2.43,20
receptor,3.36,2.19,22
recess,4.15,2.8,20
recession,4.7,2.6,20
recharge,4.81,2.54,21
recheck,4.95,1.99,19
recipe,4.45,2.09,22
recipient,5.53,1.9,19
reciprocal,3.28,2.32,18
reciprocate,3.71,2.39,21
recital,4.2,2.5,20
recitation,3.33,2.09,18
recite,3.29,2.57,21
reckless,5.18,2.61,22
reckon,2.86,1.9,21
reckoning,5.22,2.21,18
reclaim,4.52,2.78,23
reclining,2.38,2.14,24
recluse,3.05,1.65,22
recognition,4.45,2.39,22
recognizable,4.59,2.26,22
recognize,4.2,2.33,20
recoil,4.63,2.11,19
recollect,3.05,1.94,22
recollection,3.55,2.26,22
recommend,3.71,2.0,21
recommendation,3.0,2.02,23
recon,4.71,2.37,21
reconcile,4.0,2.32,23
reconciliation,4.05,2.06,22
reconfigure,3.52,2.06,21
reconnaissance,4.21,2.15,24
reconnect,4.05,2.42,20
reconsider,3.55,2.48,22
reconstruct,3.95,2.48,21
reconstruction,4.86,2.61,21
reconstructive,4.73,2.37,22
reconvene,4.05,1.9,20
record,3.3,2.3,20
recorder,3.32,2.19,22
recording,3.53,1.84,17
recount,4.1,2.34,21
recourse,4.15,1.87,20
recover,4.42,2.78,19
recovery,4.12,2.28,25
recreate,3.65,2.25,20
recreation,4.33,2.5,18
recreational,4.9,2.55,21
recruit,4.77,1.97,22
recruiter,4.17,1.99,23
recruitment,4.0,2.54,19
rectal,4.41,2.4,22
rectangular,2.7,1.78,20
rectify,3.57,2.02,23
rectory,3.91,2.5,23
rectum,4.18,2.4,22
recurring,3.43,1.66,21
recycle,3.75,2.15,20
recycled,3.67,2.3,18
recycling,3.52,2.46,21
red,5.02,2.56,43
redecorate,3.0,2.13,23
redeem,4.2,2.46,20
redemption,3.68,2.23,22
redesign,4.54,2.36,24
redhead,3.91,2.56,22
redheaded,3.95,2.55,22
redirect,3.05,1.76,20
redneck,4.5,2.28,22
redo,4.85,2.28,20
reduce,3.67,1.83,21
reduction,3.0,1.88,26
redundancy,3.35,2.17,26
redundant,3.05,2.39,20
redwood,3.15,2.16,20
Reebox,2.88,2.03,17
reef,3.67,1.94,18
reefer,5.29,2.65,21
reek,4.86,1.93,21
reel,3.44,1.95,18
reelection,4.32,2.34,22
reenactment,4.14,1.8,21
reentry,3.57,2.29,23
reestablish,4.0,2.51,20
ref,3.38,1.69,21
refer,4.09,2.76,23
referee,3.65,2.13,20
reference,3.41,2.06,22
referral,4.52,1.94,25
refill,3.52,2.25,21
refine,3.6,2.39,20
refined,3.95,2.19,22
refinement,3.78,2.3,23
refinery,3.61,2.02,23
reflect,3.35,1.94,23
reflection,4.1,2.22,20
reflective,3.38,2.62,24
reflex,4.7,2.2,23
reform,4.78,2.35,23
refrain,3.47,2.29,19
refresh,2.77,2.22,22
refreshing,4.0,2.35,22
refreshment,4.22,2.37,23
refrigerator,3.25,2.4,20
refuel,4.84,2.06,19
refuge,3.36,2.13,22
refugee,4.29,2.37,21
refund,4.96,2.18,24
refusal,3.0,2.49,19
refuse,4.32,2.06,22
refute,4.55,2.16,20
regain,3.05,1.83,21
regal,3.25,1.83,20
regard,3.39,1.97,23
regatta,3.26,2.36,23
regenerate,4.65,1.93,20
regeneration,5.0,2.26,19
reggae,5.0,2.04,25
regime,3.89,2.54,18
regimen,3.71,1.87,21
regiment,3.0,2.02,22
regimental,3.45,2.13,22
region,3.24,1.7,21
regional,4.95,2.5,20
register,3.14,1.98,22
registrar,3.27,2.29,22
registration,3.09,2.41,22
registry,3.52,2.27,21
regression,3.74,1.94,19
regret,4.9,2.36,20
regretful,4.56,2.15,41
regrettable,5.0,2.39,21
regroup,4.09,2.0,22
regular,3.65,2.48,20
regulate,3.95,2.24,22
regulation,3.45,1.92,22
regulator,3.79,2.04,19
rehab,4.38,2.35,26
rehabilitate,4.67,2.39,21
rehabilitation,4.24,2.5,25
rehash,3.79,2.8,24
rehearsal,4.84,2.19,19
rehearse,4.2,2.67,20
reign,4.17,2.28,18
reigning,4.3,1.99,23
reimburse,5.29,3.09,24
rein,2.77,1.74,22
reincarnation,4.8,2.75,20
reindeer,3.59,2.13,22
reinforce,3.96,2.33,23
reinforcement,4.3,2.36,20
reins,3.2,2.42,20
reinstate,3.33,1.96,21
reiterate,3.62,1.96,21
reject,4.78,2.02,23
rejected,4.7,2.28,43
rejection,5.05,2.35,20
rejoice,5.56,2.57,25
rejoin,3.26,2.05,23
rekindle,4.35,2.79,23
relapse,4.05,2.5,19
relate,3.64,2.23,25
relation,4.36,2.28,22
relationship,5.0,3.16,20
relative,3.86,1.86,22
relativity,3.38,1.99,21
relax,2.38,2.13,21
relaxation,3.15,2.32,20
relaxed,2.49,2.51,39
relaxing,4.29,3.07,24
relay,4.25,2.0,20
release,4.55,2.46,20
relentless,4.74,2.28,19
relevance,4.84,2.27,19
relevant,2.95,1.69,21
reliable,3.76,2.57,21
relic,4.0,2.37,22
relief,4.42,2.87,24
relieve,3.9,2.31,20
religion,5.0,2.68,23
religious,4.63,2.95,19
relinquish,4.5,1.99,22
relish,4.45,1.9,22
relive,4.22,2.15,23
reload,4.27,2.8,22
relocate,4.38,2.2,21
relocation,4.2,2.21,20
reluctance,4.42,2.45,24
reluctant,3.6,2.41,20
rely,3.8,2.35,25
remain,3.2,1.99,20
remainder,4.18,2.48,22
remaining,3.57,2.23,23
remake,3.16,2.14,19
remark,3.0,2.27,20
remarkable,4.3,2.03,20
remarry,4.58,3.05,24
rematch,4.82,2.11,22
remedial,3.4,2.14,20
remedy,4.33,2.18,24
remember,3.14,1.88,21
remembrance,4.35,2.74,20
remind,4.2,2.04,20
reminder,3.48,2.25,21
reminisce,4.09,2.17,23
reminiscent,3.62,2.04,21
remiss,3.0,2.17,23
remission,3.65,2.27,23
remodel,3.95,2.5,21
remorse,4.29,2.17,21
remote,3.5,2.16,20
removal,3.86,2.17,22
remove,3.11,2.03,18
remover,3.0,2.24,23
renal,3.77,2.94,22
render,4.16,2.06,25
rendezvous,5.1,2.76,21
rendition,3.6,2.26,20
renegade,4.86,2.83,22
renegotiate,3.7,2.03,20
renew,4.14,2.29,21
renewal,5.23,2.29,22
renounce,4.95,2.11,21
renovation,4.67,2.59,21
renown,2.95,1.96,20
renowned,3.25,2.1,20
rent,4.25,2.75,20
rental,3.73,2.03,22
reopen,4.14,2.37,21
reorganize,4.16,2.54,25
rep,3.95,2.87,20
repaint,3.35,2.3,20
repair,3.38,2.18,21
repairman,3.83,2.28,18
repay,3.65,2.33,23
repeat,3.7,2.23,20
repel,4.43,2.25,21
repellent,4.65,2.12,23
repent,4.25,2.27,20
repentance,4.04,2.14,26
repentant,3.98,2.28,42
repertoire,3.27,1.93,22
repetition,4.24,2.84,21
repetitive,3.91,2.64,23
rephrase,2.65,1.73,20
replace,3.41,1.99,22
replacement,4.24,1.95,21
replay,4.05,2.21,22
replenish,3.5,2.06,24
replica,3.5,1.64,20
replicate,3.9,2.12,21
reply,3.44,2.08,25
report,3.52,1.91,21
reporter,3.17,2.19,23
repose,2.48,1.54,21
reposition,3.6,2.54,20
repossess,4.33,2.5,21
reprehensible,3.96,2.14,23
represent,3.86,1.77,21
representation,4.36,2.5,22
representative,3.73,2.39,22
Representative,4.23,2.72,22
repressed,3.24,2.23,21
repression,4.15,2.68,20
reprieve,3.92,2.13,26
reprimand,4.86,2.35,21
reproach,4.3,2.46,23
reproduce,4.61,2.03,18
reproduction,4.71,2.65,21
reproductive,4.83,2.06,23
reprogram,3.71,2.91,24
reptile,5.89,2.4,18
republic,3.48,2.23,21
republican,3.11,1.84,18
repugnant,3.64,2.56,22
repulsive,5.12,2.13,25
reputable,3.52,1.97,21
reputation,5.0,1.95,22
reputed,3.68,2.38,22
request,4.45,2.09,22
require,4.33,2.39,24
requirement,3.27,2.27,22
requisition,4.5,1.79,20
reread,3.68,2.32,22
reroute,3.0,1.98,22
rerun,3.48,2.41,23
reschedule,2.95,2.46,22
rescind,3.87,2.1,23
rescue,5.0,2.54,83
research,4.8,2.44,20
researcher,2.86,1.98,22
resemblance,3.58,1.92,19
resemble,3.77,2.16,22
resent,4.05,2.36,21
resentful,4.35,2.67,23
resentment,5.19,2.46,21
reservation,4.24,2.1,21
reserve,4.16,2.87,19
reserved,2.79,1.7,42
reservoir,3.22,2.02,18
reset,3.17,2.23,18
reside,3.43,2.04,23
residence,3.17,2.33,23
residency,3.43,1.63,21
residential,3.27,1.93,22
residual,3.19,2.27,21
residue,3.39,1.91,18
resign,3.88,2.7,16
resignation,4.7,2.64,20
resilient,4.65,2.31,23
resin,3.68,2.67,19
resist,3.6,2.42,25
resistance,5.23,2.2,22
resistant,4.0,2.48,26
resolute,2.86,1.74,21
resolution,3.7,2.03,20
resolve,2.65,1.77,17
resonance,4.45,2.22,22
resort,4.16,2.29,25
resounding,4.33,2.5,21
resource,3.71,1.87,21
resourceful,4.0,2.47,21
respect,4.79,2.62,38
respectability,4.24,2.05,17
respectable,4.05,2.18,21
respectful,3.32,2.34,44
respective,3.76,2.21,21
respiration,4.29,2.53,21
respirator,3.73,2.43,22
respiratory,3.77,2.0,22
respite,3.68,2.12,22
respond,3.09,2.07,22
response,3.56,2.2,25
responsibility,5.3,2.92,20
responsible,3.0,2.17,21
responsive,4.9,2.57,20
rest,2.29,2.35,21
restart,4.55,1.87,22
restaurant,4.19,2.33,43
restful,2.58,2.19,24
restitution,4.1,2.25,20
restless,4.05,2.55,22
restock,3.27,2.0,22
restoration,3.76,1.89,21
restore,4.1,2.07,20
restrain,4.7,1.95,20
restraining,4.67,2.2,21
restraint,4.05,2.31,20
restrict,4.35,2.31,23
restricted,4.59,2.54,22
restriction,4.58,2.69,19
restroom,4.09,2.49,22
result,4.14,2.01,21
resume,3.67,2.08,21
resurrect,4.76,2.93,21
resuscitate,4.62,2.45,24
resuscitation,4.54,2.55,24
retail,3.62,2.16,21
retain,2.76,1.84,21
retainer,3.14,2.03,21
retake,3.43,1.86,21
retaliate,5.05,2.44,21
retaliation,5.17,2.66,23
retard,3.83,2.07,18
retarded,5.43,2.98,21
rethink,3.53,2.48,19
retina,4.7,2.23,20
retinal,3.65,2.13,26
retire,2.91,1.86,23
retirement,4.09,2.24,22
retrace,3.75,2.21,24
retract,3.5,2.02,22
retraction,4.45,2.09,20
retractor,2.81,1.83,21
retreat,4.12,2.49,25
retrial,5.06,2.29,18
retribution,4.35,2.35,20
retrieval,3.24,1.84,21
retrieve,4.45,2.42,20
retriever,4.27,2.29,22
retro,4.0,2.43,21
retroactive,3.92,2.54,26
retrospect,3.23,1.54,22
return,3.29,1.95,21
reunion,4.61,2.33,23
reunite,5.05,2.46,20
rev,4.3,2.79,23
reveal,4.14,2.46,22
revel,4.05,2.16,20
revelation,3.85,2.13,20
revenge,6.14,2.17,21
revenue,4.78,2.29,18
reverence,3.25,2.2,20
reverend,2.4,1.79,20
reverent,3.88,2.32,41
reversal,3.91,2.02,22
reverse,3.73,2.57,22
revert,3.55,2.3,22
review,3.77,2.05,26
reviewer,2.95,1.85,20
revise,3.52,2.19,23
revision,4.19,2.23,21
revisit,3.9,1.92,21
revival,4.31,2.26,26
revive,3.92,2.0,24
revoke,5.0,2.26,19
revolt,4.36,2.71,44
revolting,5.9,2.13,20
revolution,5.68,2.32,22
revolutionary,4.86,2.97,21
revolutionize,5.28,2.63,18
revolve,4.35,2.4,23
revolver,6.29,1.83,41
revolving,4.41,2.7,22
revue,3.5,2.37,20
reward,5.58,2.74,43
rewarding,5.65,2.37,23
rewind,4.13,2.32,23
rewire,3.73,2.37,22
rewrite,3.78,2.8,18
rhapsody,4.7,2.4,23
rhetoric,3.9,2.12,21
rhetorical,3.74,2.05,23
rhinestone,3.45,2.63,22
rhino,4.1,2.17,21
rhinoceros,4.47,2.27,19
rhubarb,4.3,2.27,20
rhyme,3.59,2.4,22
rhythm,5.14,2.54,21
rhythmic,5.05,2.21,22
rib,2.29,1.74,21
ribbon,3.63,2.29,19
rice,3.0,2.38,18
rich,6.81,2.04,21
riches,5.42,2.58,43
rickety,5.35,2.35,20
rickshaw,4.3,2.27,20
ricochet,5.05,2.2,21
rid,4.38,2.52,21
riddance,4.5,2.56,22
riddle,4.48,2.11,23
ride,5.1,2.57,21
rider,4.41,2.46,22
ridge,3.52,2.33,23
ridicule,5.53,2.05,40
ridiculous,5.65,2.83,20
rife,3.4,1.98,20
riff,4.71,2.31,17
riffraff,4.57,2.18,21
rifle,6.14,2.2,21
rifleman,5.1,2.19,21
rift,4.57,2.2,21
rig,4.52,2.11,21
right,5.0,2.6,20
righteous,3.32,2.73,22
righteousness,5.0,2.78,22
rightful,3.45,1.85,20
righty,3.62,1.75,21
rigid,4.81,2.13,37
rigor,5.05,2.53,19
rigorous,5.81,2.02,21
rim,3.72,2.56,18
ring,4.43,2.66,21
ringer,4.24,2.19,21
ringleader,5.2,2.33,20
ringmaster,4.35,2.16,20
ringside,4.29,2.31,21
rink,3.32,2.14,19
rinse,2.76,1.84,21
riot,6.19,2.38,21
rioting,5.32,2.85,22
rip,5.26,2.33,19
ripe,4.78,2.32,23
ripper,5.1,2.55,20
ripple,3.2,1.96,20
rippling,4.41,2.44,22
rise,5.3,2.75,20
risk,6.43,2.04,21
risky,5.91,2.35,22
risotto,3.81,1.83,21
rite,3.9,1.81,21
ritual,4.1,2.55,20
ritualistic,4.58,2.28,26
rival,4.81,2.44,21
rivalry,5.05,2.34,22
river,4.22,2.86,45
riverbank,3.96,2.5,23
riverbed,3.64,1.59,22
riverboat,5.37,2.27,19
riveting,4.88,2.03,17
roach,5.26,2.76,43
road,3.81,2.16,21
roadblock,3.86,2.26,21
roadhouse,3.61,2.55,23
roadie,4.63,2.77,19
roadrunner,5.16,2.12,19
roadside,4.05,1.86,22
roam,4.2,2.76,20
roar,6.15,2.25,20
roast,4.05,2.4,21
roasted,4.0,2.3,24
rob,5.54,2.86,24
robber,6.2,2.21,916
robbery,6.32,2.7,22
robe,3.1,1.92,21
robin,2.64,2.24,22
robot,4.43,2.64,21
robotic,4.6,2.41,20
robotics,4.55,2.37,20
robust,5.24,2.74,21
rock,3.14,2.29,919
rocker,5.67,2.74,21
rocket,5.04,2.69,24
rod,3.05,2.09,21
rodent,3.83,2.62,18
rodeo,5.19,2.27,21
roe,4.04,2.5,23
rogue,5.04,2.31,23
role,4.4,2.54,20
roll,3.9,2.64,21
roller,3.15,2.28,20
rollercoaster,6.64,2.75,83
roman,4.36,2.65,22
romance,6.06,2.41,18
romantic,5.12,2.69,43
romp,5.8,2.09,20
roof,3.4,2.33,20
rooftop,3.44,2.31,18
rook,3.41,2.77,22
rookie,3.5,2.26,18
room,3.1,1.58,21
roomful,3.68,1.89,22
roommate,4.13,1.82,23
rooms,3.48,1.86,23
roomy,3.4,2.06,20
roost,3.82,2.22,22
rooster,4.57,2.13,21
root,3.62,2.31,21
root beer,3.81,2.91,21
rope,4.58,2.14,19
ropes,3.1,1.81,21
rosary,3.36,2.17,22
rose,2.8,1.99,20
rosemary,3.59,2.2,22
roster,3.09,1.95,23
rot,4.72,2.42,18
rotary,3.5,2.18,18
rotate,3.35,2.57,23
rotation,4.1,2.61,20
rotor,3.25,2.29,20
rotten,4.9,2.24,40
rotunda,3.05,2.21,22
rouge,4.18,2.58,22
rough,5.43,1.97,23
roughneck,4.64,2.7,22
roulette,5.48,2.69,21
round,2.5,2.24,20
roundabout,3.19,1.97,21
roundup,4.0,2.41,20
rouse,4.79,2.49,19
rousing,5.83,2.75,18
route,3.83,2.18,24
routine,3.15,1.63,20
rove,3.44,2.01,18
roving,4.0,2.53,22
row,3.39,2.29,23
rowboat,2.56,2.12,18
rowdy,4.88,2.63,24
rowing,3.77,2.16,22
royal,4.23,1.93,22
royalty,4.32,2.43,25
rub,4.35,2.37,23
rubber,4.14,2.4,22
rubbish,4.1,2.65,20
rubble,3.86,2.06,21
rubdown,4.24,2.24,25
ruby,4.05,2.25,21
ruckus,6.27,1.7,22
rudder,3.25,1.94,20
ruddy,4.33,2.03,21
rude,4.7,2.3,20
rudeness,6.2,2.19,20
rudimentary,3.0,1.84,21
ruff,5.04,2.23,25
ruffian,5.38,2.04,21
ruffle,3.64,2.24,22
rug,3.24,2.23,21
rugby,4.1,2.28,21
rugged,4.1,2.49,21
ruin,5.4,2.52,20
ruination,4.27,2.64,22
rule,3.67,2.24,21
ruler,4.47,2.14,19
ruling,4.52,2.2,21
rum,4.96,2.65,26
rumba,4.59,2.59,22
rumble,4.5,2.41,18
rummage,4.1,2.85,20
rumor,3.85,2.41,20
rump,4.79,2.88,19
rumpus,4.45,2.34,22
run,5.24,2.68,21
runaround,5.14,2.08,21
runaway,3.95,2.24,22
rundown,3.55,2.52,20
runner,5.05,1.86,21
running,5.52,2.19,23
running shoes,3.78,2.44,18
runny,3.81,2.11,21
runt,4.32,1.6,19
runway,4.33,2.68,18
rupture,5.26,2.43,23
rural,3.15,1.98,20
ruse,3.58,2.39,24
rush,6.55,2.46,20
rust,3.42,2.43,24
rusted,4.09,2.45,22
rustic,4.45,2.46,20
rustle,3.88,2.62,17
rustler,4.5,3.02,22
rusty,4.24,1.89,21
rut,3.87,2.18,23
ruthless,6.0,1.81,23
rye,3.78,2.1,18
sabbatical,2.75,1.71,20
saber,4.48,2.63,23
sabotage,5.15,2.74,20
saboteur,3.86,2.1,22
sac,2.85,1.79,20
sack,4.24,2.51,21
sacrament,3.35,2.08,20
sacred,5.0,2.75,23
sacrifice,4.95,2.19,22
sacrificial,5.94,2.6,18
sacrilege,4.85,2.09,26
sacrilegious,4.11,2.31,19
sad,3.49,2.21,919
saddle,3.1,1.67,21
sadist,5.0,2.47,20
sadistic,5.25,2.65,20
sadness,2.81,2.25,21
safari,5.67,2.2,21
safe,3.14,2.6,44
safeguard,3.17,1.95,18
safekeeping,2.95,2.06,22
safety,3.8,2.42,20
saffron,3.0,2.33,18
sag,3.0,2.35,22
saga,5.09,2.39,22
sage,3.33,2.03,18
saggy,3.04,2.31,23
sail,3.74,2.65,23
sailboat,2.5,1.91,20
sailor,3.87,1.79,23
saint,3.48,2.55,44
sainted,3.45,1.97,22
sake,3.2,2.12,20
salad,3.78,2.76,18
salami,4.8,2.19,20
salary,4.86,2.4,22
sale,6.05,2.4,22
salesgirl,4.45,2.52,22
salesman,3.0,2.09,18
saline,3.2,2.38,25
saliva,4.0,1.87,21
salmon,3.87,2.32,23
salmonella,4.33,2.99,21
salon,3.76,2.49,21
saloon,3.35,1.87,20
salsa,5.41,2.43,17
salt,4.53,2.14,19
salted,4.04,2.25,23
saltwater,3.58,2.54,24
salty,3.94,1.95,18
salute,4.38,1.88,21
salvage,4.57,1.99,21
salvation,3.55,2.33,20
salve,3.44,1.79,18
samba,4.5,2.23,18
sample,2.87,1.94,23
samurai,5.24,1.61,21
sanatorium,4.11,2.49,19
sanctimonious,4.9,2.51,21
sanction,4.4,2.11,20
sanctity,3.79,2.59,19
sanctuary,2.64,2.13,22
sanctum,3.74,2.32,23
sand,3.43,2.6,21
sandbox,3.4,2.6,20
sander,3.29,2.31,24
sandman,3.55,2.24,22
sandpaper,3.13,2.2,23
sandstorm,4.32,2.48,22
sandwich,4.94,2.62,18
sane,3.81,2.44,21
sanitarium,4.1,2.19,21
sanitary,3.09,2.11,23
sanitation,4.3,2.25,20
sanity,4.05,2.36,21
sap,3.92,1.82,25
sapiens,2.95,1.76,22
sapphire,4.88,2.14,41
sappy,3.3,2.08,23
sarcasm,5.29,2.26,21
sarcastic,5.19,1.94,21
sarcophagus,3.7,1.92,23
sardine,3.95,2.48,20
sarsaparilla,3.08,2.26,24
sash,4.0,1.86,20
sashimi,5.11,2.38,19
sassafras,3.67,2.11,21
sassy,5.16,2.49,25
satanic,5.26,2.7,19
satchel,3.36,2.13,22
satellite,5.17,2.55,23
satin,3.7,2.24,23
satire,3.73,2.37,22
satisfaction,3.18,2.92,22
satisfactory,3.14,2.51,22
satisfied,3.95,2.67,43
satisfy,5.53,2.67,19
satisfying,4.83,2.62,24
saturated,4.95,2.01,19
saturation,3.86,1.86,22
satyr,4.14,2.17,22
sauce,3.95,2.5,20
saucer,3.7,2.13,20
saucy,5.62,2.5,24
sauerkraut,3.9,2.07,21
sauna,4.95,2.42,21
sausage,4.8,2.53,20
savage,4.68,2.63,22
savannah,3.5,2.11,22
savant,4.45,2.5,20
save,4.62,2.46,21
saver,2.68,1.63,19
savings,2.86,2.29,22
savior,4.37,2.59,43
savor,3.64,2.44,22
savvy,4.23,2.45,22
saw,4.18,2.3,22
sawdust,2.95,2.31,20
sawmill,4.9,2.43,20
sax,3.4,2.64,20
saxophone,4.67,2.44,21
say,4.43,2.48,21
sayonara,3.15,2.21,20
scab,3.15,2.25,20
scaffold,4.11,2.27,18
scalding,5.21,2.54,43
scale,3.8,2.48,20
scalp,3.82,2.2,22
scalpel,4.48,2.5,21
scam,4.64,3.03,22
scamp,4.14,1.96,21
scampi,3.58,2.48,24
scan,4.09,2.52,23
scandal,5.64,2.39,39
scandalous,5.85,2.31,26
scanner,4.0,2.68,20
scapegoat,4.8,2.54,45
scar,6.55,2.09,20
scarce,3.9,2.49,20
scare,7.1,2.13,20
scarecrow,3.16,1.97,25
scared,6.1,2.39,39
scarf,2.39,1.9,23
scary,5.35,2.28,20
scat,5.33,1.59,21
scatter,4.52,2.25,21
scavenger,5.14,2.1,21
scenario,2.91,1.77,22
scene,1.95,1.5,21
scenery,4.43,2.94,23
scenic,3.88,2.54,25
scent,5.05,2.58,20
scented,4.19,2.42,21
scepter,3.6,2.39,20
schedule,3.35,2.06,20
schematic,3.6,2.72,20
scheme,5.57,2.11,21
schilling,2.8,2.04,20
schizophrenia,6.76,2.1,21
schizophrenic,5.41,2.68,22
schlep,3.59,1.84,22
schmuck,4.95,2.11,21
schnapps,4.65,2.39,23
schnitzel,4.46,2.63,26
scholar,4.25,2.15,40
scholarly,5.4,2.72,20
scholarship,5.8,2.71,20
scholastic,3.8,2.67,20
school,4.57,2.36,21
schoolboy,2.89,1.63,19
schoolgirl,4.86,2.8,22
schoolhouse,3.2,2.24,20
schooling,4.52,2.11,21
schoolmaster,3.24,1.76,21
schoolteacher,3.95,2.58,20
schoolwork,4.09,2.15,23
schoolyard,5.37,2.34,19
schooner,2.29,1.45,21
science,5.25,2.4,20
scientific,4.22,2.29,18
scientist,4.14,2.14,22
scintillating,5.1,2.53,21
scissors,4.02,2.29,47
scoff,3.4,1.93,20
scold,4.19,2.6,21
scone,4.35,2.6,23
scoop,3.39,2.35,23
scoot,4.24,2.12,21
scooter,3.72,1.84,18
scope,3.48,1.94,21
scorch,4.9,2.66,21
scorching,4.98,2.19,47
score,6.35,2.13,20
scoreboard,4.59,2.42,22
scorer,3.64,2.38,22
scorn,4.53,2.33,47
scornful,4.71,2.51,21
scorpion,6.45,2.02,22
scotch,4.2,2.86,20
scoundrel,6.26,2.66,19
scour,4.09,2.23,23
scourge,4.91,2.54,22
scout,4.52,2.15,23
scowl,4.56,2.58,25
scrabble,3.52,2.04,21
scram,3.65,2.58,20
scramble,4.85,2.62,20
scrambled,3.79,2.8,24
scrambler,3.44,2.38,25
scrap,3.43,2.18,21
scrapbook,3.9,2.05,20
scrape,4.5,2.28,22
scrappy,4.78,2.49,23
scratch,4.35,2.28,20
scratchy,4.82,1.76,22
scrawny,4.26,1.81,23
scream,6.74,1.66,23
screamer,6.52,2.54,21
screech,6.05,2.84,19
screen,4.09,2.37,22
screening,4.14,2.1,22
screenplay,4.09,2.29,22
screenwriter,3.64,2.15,22
screw,5.4,2.76,20
screwball,4.05,2.5,22
screwdriver,3.8,2.08,25
screwy,4.19,1.86,21
scribble,3.76,2.0,21
scrimmage,5.63,1.95,19
script,3.65,2.46,20
scripture,2.89,2.05,19
scroll,3.86,2.36,22
scrotum,4.62,2.27,21
scrounge,4.05,2.32,22
scrounger,5.75,2.31,20
scrub,3.95,2.01,20
scruffy,4.38,2.01,21
scrumptious,4.95,2.59,22
scrutiny,4.05,2.44,20
scuba,3.86,2.36,22
scuff,3.82,2.22,22
scuffle,4.41,2.52,22
scullery,3.53,2.14,19
sculptor,4.87,2.63,23
sculpture,3.48,2.34,21
scum,5.2,2.04,45
scumbag,5.1,1.76,21
scurry,4.59,2.06,22
scurvy,5.18,2.58,22
scuttle,3.86,2.29,22
sea,2.8,2.33,20
seaboard,3.45,2.22,22
seafood,4.73,2.95,26
seagull,2.9,2.21,21
seal,2.5,2.11,24
seam,3.5,2.52,22
seaman,4.3,2.75,20
seamstress,3.18,1.94,17
search,3.85,2.37,20
searchlight,3.65,2.06,20
seashore,3.0,2.39,21
seasick,5.0,2.47,41
seaside,4.41,3.13,22
season,3.2,1.82,20
seasonal,4.3,2.2,23
seasoned,3.75,2.4,20
seasoning,2.55,1.71,22
seat,3.0,1.95,20
seatbelt,3.55,2.09,20
seating,2.91,1.95,23
seawater,3.0,2.05,22
seaweed,3.9,2.2,20
sec,2.95,1.79,22
secluded,3.45,2.34,22
seclusion,3.23,2.35,22
second,3.48,1.91,21
second cousin,4.04,2.18,23
secondary,3.85,2.05,26
secondhand,3.77,2.22,22
secrecy,5.18,2.86,17
secret,4.14,2.1,21
secretary,3.8,2.17,20
Secretary of State,3.52,2.06,21
secretive,5.73,2.21,22
sect,3.5,2.02,22
section,3.75,1.68,20
sector,4.0,1.58,25
secular,3.52,2.04,23
secure,3.6,2.5,20
security,4.19,2.04,21
sedan,3.39,2.25,18
sedate,4.0,2.62,20
sedation,3.48,2.09,21
sedative,3.45,2.7,20
sediment,2.91,2.51,22
sedition,4.13,2.24,23
seduce,6.23,2.58,22
seducer,6.33,1.91,21
seduction,7.16,1.98,19
seductive,6.52,2.16,21
see,3.9,2.28,21
seed,3.68,2.87,19
seeds,3.64,2.32,22
seedy,4.05,2.85,22
seek,3.9,2.59,20
seeker,4.95,2.22,21
seem,3.24,1.7,21
seer,3.77,2.6,22
seesaw,4.58,2.43,19
segment,3.61,2.12,18
segregation,4.09,2.24,22
seismic,4.32,2.23,22
seize,4.06,2.53,18
seizure,4.67,2.33,18
select,4.05,2.44,20
selection,3.95,2.04,21
selective,3.95,2.16,20
selectman,2.8,1.77,20
selenium,2.71,1.93,21
self,4.78,2.97,23
selfish,4.57,2.35,42
selfishness,4.57,1.96,21
selfless,4.52,2.52,23
sell,4.19,2.2,21
seller,4.09,2.27,23
sellout,3.83,2.23,18
seltzer,2.9,2.13,20
semantics,4.21,2.55,24
semblance,3.83,1.61,23
semen,5.0,2.35,21
semester,4.2,2.28,20
semi,3.32,2.21,25
semiautomatic,6.32,2.24,19
seminar,3.74,2.16,23
seminary,3.81,2.15,26
senate,3.63,2.29,19
senator,3.75,2.36,20
Senator,3.9,2.19,21
send,3.43,2.29,21
sender,3.24,1.81,21
senile,3.68,2.66,25
senior,3.44,2.31,18
seniority,3.55,2.02,22
senor,4.25,2.23,24
senorita,5.4,2.56,20
sensation,4.96,2.44,25
sensational,5.7,2.53,23
sense,3.7,1.81,20
senseless,3.96,2.66,24
sensibility,3.45,2.39,20
sensible,3.72,1.81,18
sensitive,3.68,2.17,25
sensitivity,5.3,2.4,23
sensor,3.47,2.14,19
sensory,4.52,2.2,21
sensual,6.35,3.13,20
sensuality,5.45,2.91,22
sensuous,5.86,2.8,21
sentence,3.09,1.74,22
sentencing,4.57,2.34,21
sentient,3.64,1.87,22
sentiment,3.54,2.1,41
sentimental,2.95,2.11,21
sentimentality,3.55,1.77,22
sentinel,3.45,1.99,22
sentry,3.59,2.56,22
separate,3.91,1.86,23
separation,3.67,2.13,21
septic,3.76,2.12,21
sequel,3.35,2.46,23
sequence,2.9,2.02,21
serenade,3.32,2.32,22
serendipity,3.23,2.25,22
serene,4.67,2.72,18
serenity,2.95,2.6,21
sergeant,5.1,2.72,21
serial,4.33,2.0,18
serialize,3.95,1.83,21
series,3.62,2.01,21
serious,4.05,2.48,21
seriousness,3.9,2.43,20
sermon,3.1,2.49,20
serpent,4.83,2.92,18
serum,3.78,2.34,18
servant,3.77,2.32,26
serve,3.7,2.32,20
server,3.71,2.07,24
service,2.95,2.09,21
servitude,4.5,2.87,18
sesame,3.95,1.91,21
session,3.38,1.96,21
set,3.1,1.89,21
setback,3.95,2.56,20
settle,3.4,1.88,20
settlement,3.36,2.7,22
setup,4.65,2.52,23
seven,3.8,2.06,25
seventeen,3.38,2.09,21
seventy,3.48,2.29,23
sever,5.39,2.08,23
severance,3.32,2.25,22
severe,5.43,1.83,21
severity,5.48,1.91,21
sew,4.35,2.21,23
sewage,4.09,2.37,22
sewer,3.39,2.06,23
sewing,3.45,2.24,22
sex,7.6,2.01,915
sexist,5.72,2.8,18
sexual,6.95,2.63,20
sexuality,7.14,1.96,21
sexy,6.8,2.48,101
shabby,4.05,2.7,22
shack,3.33,1.98,21
shade,2.91,1.93,22
shadow,3.1,1.87,41
shadowy,4.48,2.35,23
shady,4.29,2.15,21
shaft,4.65,2.39,20
shag,4.95,2.68,20
shake,5.2,2.71,20
shakedown,5.55,2.67,22
shaker,3.58,2.67,24
shaky,4.33,2.2,21
shall,3.52,1.94,21
shallow,3.0,2.34,24
shallows,2.52,1.89,21
sham,3.14,2.15,21
shaman,4.17,2.28,18
shame,5.4,2.64,20
shamed,4.23,2.29,43
shameful,4.81,2.82,21
shameless,4.17,2.27,23
shampoo,3.18,2.06,22
shank,4.9,2.21,21
shanty,4.56,1.85,25
shape,3.6,2.06,20
shard,4.18,2.7,22
share,3.2,2.21,20
shareholder,2.96,2.14,23
shark,5.27,2.65,45
sharp,6.0,2.11,19
sharpen,4.74,2.64,19
sharpshooter,5.62,2.09,21
shatter,5.29,2.47,21
shattering,5.0,3.07,21
shave,3.11,2.18,19
shaver,4.22,2.19,23
shawl,3.35,1.95,20
shear,3.57,1.99,21
sheath,4.05,1.96,22
shed,3.64,2.19,22
sheep,2.95,2.26,20
sheepdog,3.91,2.27,22
sheer,5.55,2.74,20
sheet,2.64,1.62,22
sheik,4.39,2.12,18
shelf,3.09,1.69,22
shell,3.23,2.02,22
shellfish,2.9,2.15,20
shelter,3.25,2.19,24
sheltered,3.14,2.01,42
shepherd,3.05,2.09,21
sherbet,4.65,2.64,23
sheriff,4.3,2.62,20
sherry,3.65,2.37,20
shield,3.65,2.51,26
shift,3.82,2.24,17
shifty,4.78,1.88,23
shilling,3.76,2.19,21
shimmer,5.37,2.48,19
shimmering,4.33,2.39,21
shimmy,5.2,2.65,20
shin,3.68,2.38,25
shindig,5.8,2.28,20
shine,5.19,2.4,26
shiner,4.0,1.92,20
shingle,3.71,2.28,21
shining,3.89,2.32,18
shiny,4.45,2.14,20
ship,3.94,2.29,18
shipment,3.91,1.86,23
shipping,4.41,2.42,22
shipshape,4.29,2.27,24
shipwreck,6.85,1.69,20
shipyard,3.52,2.19,23
shire,3.3,1.75,20
shirt,2.3,1.59,20
shit,5.67,2.69,21
shitfaced,6.05,2.72,22
shithead,6.0,2.25,20
shitload,6.19,2.5,21
shitty,5.45,2.26,22
shiver,4.65,2.54,20
shock,5.95,2.86,20
shocker,4.62,2.67,21
shocking,5.3,2.68,20
shoddy,4.8,2.28,20
shoe,2.4,1.67,20
shoelace,3.13,2.24,23
shoemaker,2.7,2.12,23
shoes,3.57,2.87,23
shoeshine,2.9,1.8,20
shoot,6.0,2.47,21
shooter,6.48,2.06,21
shootout,6.09,2.58,22
shop,4.76,2.62,21
shopkeeper,3.57,2.09,21
shoplifter,5.59,2.5,22
shoplifting,4.32,2.88,22
shopper,3.94,2.53,18
shoreline,4.42,2.43,19
short,2.62,2.01,21
short story,3.86,2.48,21
shortage,3.72,2.02,18
shortcake,4.14,2.54,21
shortcut,4.05,2.52,20
shorten,2.77,1.8,22
shorthand,4.44,2.02,25
shortness,4.48,2.2,21
shorts,4.23,2.29,22
shortstop,4.4,2.19,20
shortwave,4.33,2.33,24
shot,6.48,2.38,21
shotgun,6.55,2.22,918
shoulder,2.96,1.61,23
shout,6.29,2.05,21
shove,3.83,3.06,24
shovel,3.5,1.87,22
show,4.1,2.41,21
showbiz,6.05,2.54,20
showboat,4.12,2.39,17
showcase,3.71,3.0,24
showdown,5.55,2.61,20
shower,4.15,2.72,20
showgirl,5.76,2.57,21
showoff,5.45,2.01,20
showroom,3.88,3.01,24
shrapnel,4.96,2.36,23
shred,3.7,2.1,23
shrew,3.87,2.07,23
shrewd,4.18,2.54,22
shriek,5.37,2.82,41
shrill,5.95,2.04,21
shrimp,3.78,2.52,23
shrine,3.35,2.1,23
shrink,3.42,2.1,24
shrivel,4.14,2.08,22
shroud,3.4,2.11,20
shrug,3.9,1.74,20
shrunken,4.43,2.06,21
shudder,4.48,2.68,25
shuffle,3.45,2.28,20
shuffleboard,3.92,2.22,25
shuffling,4.68,2.38,19
shun,4.04,2.33,23
shunt,3.76,2.0,21
shut,4.05,2.18,21
shutdown,2.92,2.15,24
shuteye,3.06,2.13,18
shutter,3.38,2.33,21
shuttle,3.81,1.94,21
shy,3.33,2.11,39
shyness,3.0,2.3,24
shyster,4.0,2.43,18
sibling,5.16,2.71,19
sick,4.67,2.58,21
sickbay,4.18,2.46,22
sickening,5.05,2.14,20
sickle,3.5,2.24,22
sickly,4.41,2.5,22
sickness,3.95,2.25,41
side,3.14,2.08,21
sidearm,3.67,2.55,24
sidebar,3.85,2.56,20
sideburns,4.29,2.24,21
sidecar,4.73,1.93,22
sidekick,4.08,2.12,25
sideline,3.35,1.92,23
sideshow,5.0,2.29,22
sidewalk,3.65,1.66,20
sidewinder,5.09,2.67,22
siege,5.55,2.44,20
siesta,3.59,2.13,22
sift,3.67,2.08,21
sigh,2.91,1.74,22
sight,3.2,2.89,20
sighting,4.26,2.03,23
sightseeing,5.08,2.67,24
sigma,3.23,1.97,22
sign,3.19,1.83,21
signal,4.05,2.28,20
signature,3.3,2.3,23
significance,4.0,1.92,21
significant,4.9,2.51,20
signify,4.8,2.4,20
silence,3.48,2.66,23
silencer,3.57,2.76,23
silent,3.21,2.02,24
silhouette,3.14,2.19,22
silicon,4.05,1.96,22
silicone,3.44,1.85,18
silk,3.88,2.5,41
silken,2.7,2.03,20
silky,3.73,2.47,22
sill,3.36,1.96,25
silliness,5.13,2.75,23
silly,4.86,2.36,42
silo,2.9,2.38,20
silver,4.0,2.53,20
silverware,2.96,1.87,23
silvery,3.67,2.63,18
similar,3.43,1.83,21
similarity,3.14,2.24,21
simmer,3.18,2.17,22
simple,2.71,2.35,21
simpleton,3.18,2.42,22
simplicity,3.57,2.11,21
simplify,3.1,2.59,20
simplistic,3.88,2.59,25
simulate,4.84,2.29,19
simulated,4.61,2.21,23
simulation,3.83,2.33,23
simulator,3.82,2.32,22
simultaneous,3.48,2.06,23
sin,5.82,2.04,22
sincere,3.91,2.72,22
sincerity,4.42,2.48,19
sinful,5.76,2.34,21
sing,4.1,2.49,21
singer,4.86,2.08,21
single,3.85,2.25,20
singular,3.12,1.9,17
singularity,3.22,2.19,23
sinister,5.1,2.73,20
sink,3.7,2.18,23
sinker,3.45,2.32,22
sinner,5.38,2.58,21
sinus,3.23,2.37,22
sip,2.71,1.94,24
sir,4.33,2.35,21
sire,3.54,2.47,24
siren,6.1,2.86,20
sirloin,4.0,2.59,24
sissy,3.26,2.53,23
sister,3.86,2.06,21
sisterhood,4.33,2.35,18
sit,3.19,2.11,21
sitcom,3.29,2.87,24
site,3.55,1.63,22
sitter,2.73,1.93,22
situation,4.05,2.58,20
six,3.18,2.13,17
sixpence,3.52,2.15,23
sixteen,4.2,2.24,20
sixty,3.9,2.59,20
sizable,4.3,1.98,20
size,3.14,2.17,21
sizzle,4.39,2.46,23
ska,3.56,2.18,25
skate,4.48,2.5,23
skateboard,4.0,2.61,21
skater,3.95,2.6,21
skedaddle,4.11,2.64,19
skeet,5.1,2.45,21
skeletal,4.2,1.94,20
skeleton,4.55,2.86,22
skeptic,5.35,1.5,20
skeptical,5.45,2.15,42
skepticism,5.3,2.41,20
sketch,4.33,2.2,21
sketchy,4.96,1.93,26
skewer,4.81,2.11,21
ski,6.05,2.55,19
skid,4.45,2.16,20
skier,3.14,2.4,22
skiing,5.4,2.36,25
skijump,5.5,2.58,42
skill,4.94,2.39,18
skilled,5.0,2.6,19
skillet,3.24,2.66,21
skillful,4.42,2.3,26
skim,3.55,1.82,20
skimpy,4.0,2.66,23
skin,3.25,2.51,20
skinny,4.27,2.36,26
skip,4.25,1.96,24
skirmish,5.11,2.52,18
skirt,4.88,2.63,24
skit,4.8,2.12,20
skittish,4.95,2.54,22
skull,4.98,2.34,45
skunk,5.81,2.23,21
sky,2.74,1.91,23
skylight,3.95,2.61,20
skyline,4.4,2.62,20
skyscraper,5.33,2.46,40
slab,2.4,1.43,20
slack,3.22,2.26,18
slag,3.9,2.19,21
slam,4.61,2.35,18
slammer,4.79,2.32,19
slander,5.68,2.58,19
slang,4.47,2.5,17
slant,4.1,2.29,20
slap,4.59,2.3,22
slash,5.65,2.81,20
slate,3.19,2.0,26
slaughter,5.77,2.36,43
slaughterhouse,6.76,2.39,21
slave,4.53,2.68,45
slavery,5.45,3.0,22
slay,4.9,2.28,21
slayer,4.88,2.8,24
sleaze,4.12,1.8,24
sleazy,5.64,2.19,22
sled,3.25,2.24,20
sledge,3.25,1.89,20
sledgehammer,4.43,2.64,23
sleek,4.08,2.28,24
sleep,3.6,2.57,43
sleeper,3.04,2.26,24
sleepless,4.64,2.36,22
sleepover,4.7,1.87,23
sleepy,3.04,2.51,23
sleepyhead,2.85,2.03,20
sleet,4.0,2.53,20
sleeve,3.26,2.34,23
sleigh,3.42,1.98,24
sleight,3.24,2.26,21
slender,4.17,2.62,18
slice,3.5,2.52,20
slick,4.17,2.79,24
slicker,3.82,2.68,22
slide,3.3,2.1,23
slider,4.35,2.37,23
slight,3.78,1.93,23
slim,4.26,2.07,23
slime,4.58,2.47,43
slimy,5.1,1.67,21
sling,4.9,1.94,20
slingshot,5.47,2.17,19
slinky,3.95,2.3,22
slip,4.7,2.03,23
slipper,3.83,2.41,24
slippery,5.35,2.4,23
slit,4.23,2.54,22
sliver,3.85,2.52,20
slob,4.7,2.43,20
slobber,4.29,2.65,21
slogan,3.45,1.7,20
slop,3.41,2.24,22
slope,3.59,2.89,22
sloppy,3.64,1.84,22
slot,4.1,2.21,21
sloth,2.9,2.2,20
slouch,3.45,2.46,22
slow,2.89,2.05,47
sludge,4.38,2.27,21
slug,4.9,2.53,21
slugger,4.96,2.18,26
sluggish,3.2,2.24,20
slum,4.2,2.59,46
slumber,2.73,2.14,22
slump,4.19,1.94,21
slur,3.48,2.25,23
slurp,4.81,1.75,21
slush,4.16,2.63,19
slut,5.96,2.36,23
slutty,6.55,1.95,22
sly,4.76,2.56,17
smack,5.39,2.21,23
small,3.43,1.78,21
smallpox,4.9,2.5,39
smart,3.81,2.27,21
smartass,5.45,2.35,20
smarten,3.7,2.58,20
smarty,4.05,2.4,21
smash,5.76,2.17,21
smear,4.04,2.74,23
smell,5.24,2.83,21
smelly,5.43,2.27,21
smidgen,3.95,2.26,22
smile,4.62,3.09,21
smiley,5.09,2.6,22
smirk,4.7,1.53,20
Smirnoff,4.45,2.56,20
smite,5.75,2.22,20
smithereens,5.14,2.13,21
smock,3.39,2.06,18
smog,4.3,2.44,23
smoke,5.0,2.7,20
smoker,3.79,1.96,19
smoky,4.87,2.42,23
smooch,5.48,2.54,23
smooth,2.76,2.02,21
smoothie,4.35,2.53,23
smother,4.75,2.59,20
smudge,3.32,2.06,22
smug,3.5,2.06,20
smuggle,5.09,2.65,22
smuggler,4.62,2.55,24
smut,5.62,2.68,26
snack,4.11,2.14,18
snafu,4.36,2.5,22
snag,4.91,2.47,22
snail,3.05,2.01,22
snake,7.24,1.61,21
snakeskin,4.71,2.59,21
snap,3.42,2.17,19
snapper,4.81,1.69,21
snappy,5.05,2.56,21
snapshot,4.28,2.27,18
snare,4.7,2.39,20
snarl,5.85,2.2,26
snatch,4.77,2.64,22
snatcher,5.48,1.86,21
snazzy,5.41,2.03,17
sneak,5.45,1.68,22
sneaker,3.45,1.99,22
sneaky,6.22,2.41,18
sneer,4.36,2.36,22
sneeze,4.81,2.02,21
snide,4.09,1.93,22
sniff,4.95,2.57,19
snip,4.74,2.26,23
sniper,5.86,2.78,22
snippy,5.8,2.26,20
snitch,5.67,2.45,18
snob,4.68,2.29,41
snoop,6.05,1.85,20
snoopy,5.05,2.2,21
snooty,4.65,2.52,20
snooze,4.0,2.49,23
snore,3.71,1.98,21
snorkel,4.28,2.89,18
snort,4.19,2.54,21
snot,4.14,2.23,22
snotty,4.52,2.09,21
snout,3.39,2.17,23
snow,4.57,2.72,42
snowball,4.3,2.36,23
snowboard,4.95,2.61,22
snowboarder,4.71,2.65,21
snowfall,4.44,2.71,18
snowflake,3.55,2.35,20
snowman,3.76,2.59,21
snowplow,3.39,2.4,18
snowstorm,5.85,2.06,20
snowy,3.96,2.72,26
snub,3.86,2.8,21
snuff,3.65,2.48,20
snug,3.25,1.98,24
snuggle,5.54,3.11,39
soak,3.0,2.28,23
soap,2.62,2.4,21
soapbox,4.22,2.37,18
soapy,4.27,2.32,26
soar,5.14,2.23,22
sob,4.89,2.76,18
sober,4.32,2.42,22
sobriety,3.8,2.14,20
soccer,4.68,2.77,22
sociable,4.35,2.25,23
social,5.16,2.3,43
socialism,4.68,2.44,22
socialist,4.44,3.07,18
socialite,4.24,2.33,17
socialize,5.1,2.17,21
society,4.55,2.04,20
sociology,3.82,2.06,22
sociopath,6.43,2.42,21
sock,3.09,1.9,23
socket,4.04,2.72,23
sod,2.14,1.53,21
soda,4.77,2.27,22
soda/pop,4.95,2.72,22
sodium,3.73,2.1,22
sofa,2.9,2.57,21
soft,3.04,2.46,45
softball,4.1,2.41,21
soften,2.96,2.31,23
softener,2.35,1.34,23
softness,5.06,3.02,18
software,3.83,2.48,23
soggy,3.65,2.25,20
soil,2.76,1.76,21
soiree,3.85,2.03,20
solace,4.35,2.39,23
solar,3.87,2.36,23
solarium,5.2,2.4,20
soldier,5.9,2.55,20
sole,3.78,1.93,23
solemn,2.9,1.76,21
solicit,4.68,2.14,19
solicitation,4.43,2.2,21
solicitor,4.0,2.37,21
solid,2.36,1.73,22
solidarity,4.0,1.83,25
solitaire,3.65,2.66,23
solitary,2.96,2.68,24
solitude,3.18,2.28,22
solo,4.12,2.41,26
solution,4.29,2.43,21
solve,4.35,2.52,23
solvent,2.77,1.69,22
somersault,4.73,2.23,22
son,4.43,2.52,21
sonar,4.11,1.85,19
song,4.6,2.58,47
songwriter,4.43,2.17,23
sonic,4.82,2.36,22
sonnet,3.33,2.44,21
soot,4.65,2.32,20
soothe,3.91,2.69,22
soothing,1.91,1.31,22
sophisticated,5.13,2.63,23
sophistication,5.8,2.21,20
sophomore,3.81,1.98,26
soprano,4.62,2.65,21
sorcerer,4.73,2.76,22
sorcery,4.33,2.73,24
sordid,3.87,2.53,23
sore,4.06,2.26,18
sorority,4.28,2.61,18
sorrow,3.55,1.95,22
sorrowful,3.64,2.48,25
sorry,4.62,2.46,21
soul,4.3,2.56,20
soulful,5.68,2.93,19
soulless,4.76,2.32,21
sound,4.14,2.35,21
soundproof,2.9,2.1,21
soundtrack,4.26,2.56,23
soup,4.24,2.57,25
sour,4.95,2.06,22
source,4.5,2.63,20
sourpuss,3.83,2.26,18
south,3.48,2.42,21
southbound,3.67,2.08,21
southeast,3.6,2.09,20
southern,3.09,2.09,23
southpaw,3.48,1.69,21
southwest,2.52,1.78,21
souvenir,5.13,2.49,23
sovereign,3.68,1.91,22
sovereignty,4.67,2.43,24
soviet,3.43,2.23,21
sow,3.71,1.76,21
soy,3.29,1.76,21
soy sauce,4.0,2.92,20
soybean,3.3,1.87,23
spa,3.75,2.83,24
space,3.6,2.82,45
spacecraft,6.27,2.83,22
spaceman,3.7,2.44,23
spaceship,6.0,3.07,21
spacing,3.19,1.75,21
spacious,3.7,2.29,23
spade,3.74,2.53,23
spaghetti,4.04,2.61,25
spam,3.83,2.87,18
span,3.1,2.17,20
spandex,4.17,2.73,18
spaniel,4.15,2.72,20
spank,5.91,2.35,23
spanking,5.98,2.24,44
spar,3.36,2.3,22
spare,4.45,2.42,20
spareribs,5.43,2.13,23
spark,5.83,2.55,23
sparkle,4.74,2.47,19
sparkling,4.91,2.64,23
sparkly,6.55,2.7,20
sparrow,3.78,2.58,23
spasm,5.24,2.34,21
spastic,5.05,2.28,22
spatial,3.38,2.17,26
spatter,3.4,2.43,25
spatula,2.86,1.8,21
spawn,4.0,1.84,20
speak,4.19,2.38,21
speakeasy,5.3,2.36,20
speaker,4.35,2.46,23
speakerphone,3.18,2.3,22
spear,4.7,2.3,23
spec,3.87,2.4,23
special,3.48,2.68,21
specialist,4.27,2.43,22
specialize,4.77,2.39,26
specialty,3.7,3.02,23
species,3.73,2.07,22
specific,2.55,1.71,22
specify,3.64,2.65,22
specimen,3.24,2.11,25
speck,3.95,2.35,20
speckled,4.45,2.67,22
specs,2.95,2.14,20
spectacle,4.4,2.6,20
spectacular,6.65,2.43,20
spectator,3.44,2.12,18
spectral,4.95,2.44,21
spectrum,3.05,1.94,22
speculate,4.53,2.29,19
speculation,4.75,2.05,20
speech,4.1,1.83,20
speechless,3.45,1.82,20
speed,6.8,2.69,20
speedboat,5.65,3.02,17
speeding,6.14,2.4,22
speedway,5.38,2.4,26
speedy,5.1,2.59,21
spell,4.15,2.43,20
spelling,3.62,1.96,21
spend,4.48,2.4,21
spender,4.43,2.45,23
sperm,4.86,2.26,21
spew,5.0,2.1,21
sphere,4.0,2.53,21
sphincter,4.0,2.58,22
sphinx,4.9,2.36,20
spic,4.57,2.42,21
spice,4.06,2.1,18
spicy,6.63,2.52,19
spider,6.91,1.93,22
spiffy,4.5,2.67,24
spike,5.35,2.14,23
spill,3.74,2.26,19
spin,3.68,2.42,22
spinach,3.43,2.06,23
spinal,4.35,2.68,20
spindle,3.55,1.74,22
spine,3.14,2.08,21
spineless,4.57,1.97,23
spinner,4.55,2.3,22
spinster,4.0,1.97,19
spiral,5.0,2.52,19
spirit,5.03,2.71,39
spirited,5.21,2.36,24
spiritual,4.82,2.92,22
spirituality,3.1,2.75,20
spit,3.57,2.4,21
spiteful,4.71,1.9,21
spitfire,5.42,2.37,26
spittoon,3.95,2.59,19
splash,4.8,2.44,20
splat,5.0,2.05,22
splatter,5.37,2.67,19
spleen,3.55,2.36,22
splendid,3.86,2.32,22
splendor,4.0,2.66,23
splice,3.67,2.28,18
splint,3.25,1.94,20
splinter,4.5,2.77,22
split,5.55,2.63,20
spoil,4.09,2.84,22
spoils,4.76,2.07,21
spokesman,2.9,1.64,21
spokesperson,3.95,2.16,20
sponge,4.25,2.17,20
sponsor,4.05,2.65,22
sponsorship,4.95,2.33,20
spontaneity,5.57,2.99,21
spontaneous,5.71,1.85,21
spook,5.14,2.34,22
spooky,6.0,2.37,22
spool,3.37,2.24,19
spoon,3.79,2.97,19
spoonful,2.62,2.04,24
sport,4.7,2.58,20
sporting,4.4,2.25,25
sports car,4.86,3.0,22
sportsman,4.85,3.0,20
sportsmanship,5.14,2.42,22
sportswriter,4.42,2.32,24
sporty,4.55,2.58,20
spot,2.95,1.91,21
spotless,3.5,2.28,22
spotlight,4.95,2.5,21
spotter,3.0,1.92,20
spotty,4.0,1.91,25
spousal,4.42,2.21,26
spouse,5.76,2.72,21
spout,3.14,1.91,22
sprain,3.85,2.87,20
spray,4.0,2.21,41
spread,4.15,2.3,20
spreader,3.71,1.98,21
spree,5.0,2.69,24
spring,5.5,2.57,18
springtime,4.38,2.64,26
sprinkle,3.55,2.54,20
sprinkler,3.29,1.9,21
sprint,5.9,2.9,20
sprite,3.83,1.92,18
Sprite,4.32,2.19,22
sprout,3.59,2.06,17
spruce,3.18,2.04,17
spud,4.05,2.67,20
spunk,5.2,2.48,20
spunky,5.0,2.05,22
spur,4.48,2.68,21
spy,4.74,2.45,23
squabble,4.06,2.31,18
squad,4.33,2.81,18
squadron,4.25,2.1,20
squall,4.1,2.57,21
squander,3.95,2.25,21
square,3.33,2.32,43
squash,3.88,2.23,17
squat,4.05,1.99,21
squaw,5.5,2.82,20
squawk,4.0,2.37,22
squeak,4.79,2.49,19
squeaky,4.22,2.29,18
squeal,5.45,2.68,20
squealer,6.1,2.26,21
squeamish,5.45,1.9,22
squeeze,3.91,2.52,22
squid,4.04,2.1,23
squint,3.71,2.02,17
squire,3.48,2.15,23
squirm,5.29,2.08,21
squirrel,4.48,2.23,23
squirt,4.56,2.33,25
squish,4.55,2.02,22
squishy,4.43,2.42,21
stab,5.17,2.5,18
stability,2.64,1.47,22
stabilize,3.87,2.16,23
stabilizer,3.1,2.31,20
stable,3.11,2.52,18
stack,3.33,1.88,21
stadium,5.25,2.55,20
staff,4.3,2.2,20
stag,4.5,2.06,22
stage,3.76,2.43,21
stagecoach,3.89,2.11,18
stagehand,4.09,2.19,23
stagger,4.38,2.04,21
stagnant,3.49,2.18,43
stain,4.27,2.43,26
stainless,3.36,1.84,22
stair,4.4,2.48,20
staircase,3.3,1.92,20
stairs,3.59,2.17,22
stairway,3.44,2.18,25
stairwell,2.96,2.16,23
stake,3.42,2.14,19
stakeout,5.9,2.27,20
stale,2.68,1.94,22
stalemate,2.78,2.13,18
stalk,5.36,2.46,22
stalker,5.82,2.34,22
stall,2.9,1.71,20
stallion,4.77,2.71,22
stamina,4.62,2.3,26
stamp,3.45,2.21,20
stampede,6.2,2.48,20
stance,2.86,1.46,22
stand,3.1,2.05,21
standard,3.61,1.99,23
standardized,3.65,2.5,23
standby,3.28,2.05,18
standoff,4.43,2.45,23
standpoint,4.17,2.37,23
standstill,3.18,2.44,22
standup,4.32,2.64,22
staph,4.0,2.45,18
staple,4.48,2.13,23
stapler,3.29,2.31,21
star,5.5,2.78,20
star fruit,3.43,2.18,21
starboard,4.11,2.25,18
starch,3.9,1.92,20
stardom,5.45,2.32,22
stardust,4.4,2.64,20
stare,4.68,2.42,22
starfish,4.23,2.58,22
starlet,4.18,2.5,22
starlight,4.91,2.27,23
starling,4.32,2.73,22
starry,3.96,2.49,24
starship,4.83,2.57,18
start,4.81,2.79,21
starter,4.0,2.3,23
startle,4.4,2.56,20
startled,5.67,2.4,42
startling,5.23,2.27,22
starvation,5.45,2.16,20
starve,4.0,2.59,18
starving,5.1,2.41,42
stash,4.64,2.4,22
stat,3.76,2.7,25
state,3.29,1.85,21
stately,3.1,2.17,20
statement,3.7,2.39,20
stateroom,3.63,1.86,19
stateside,3.77,2.33,22
statesman,2.89,1.91,18
static,3.33,2.18,21
station,3.0,2.02,21
stationary,2.72,1.78,18
stationery,3.06,1.73,18
statistic,4.5,2.18,22
statistical,3.19,2.09,21
statue,2.82,2.01,917
stature,3.57,2.25,21
status,3.83,2.66,23
statute,3.65,2.13,26
statutory,5.0,1.87,21
stay,3.14,1.82,21
STD,5.36,2.34,22
stead,2.76,1.67,21
steadfast,3.95,2.36,21
steady,3.0,2.62,24
steak,3.63,2.73,19
steakhouse,3.95,2.58,20
steal,5.3,2.79,20
stealing,4.57,2.31,21
stealth,4.22,2.32,23
steam,4.0,1.72,22
steamboat,5.14,2.44,22
steamer,3.73,1.93,26
steaming,3.56,2.06,18
steamship,4.5,2.38,18
steamy,5.71,2.53,21
steel,3.86,2.26,21
steep,4.95,2.4,21
steeple,3.04,2.11,25
steer,5.05,2.42,20
steering,3.22,2.15,23
stellar,4.33,2.97,18
stem,3.47,2.04,19
stench,4.53,2.46,47
stenographer,3.81,1.81,21
step,3.48,1.86,21
stepdaughter,3.55,2.39,20
stepfather,3.59,2.06,22
stepmother,3.69,2.2,26
steps,3.0,2.11,18
stepson,3.65,2.19,23
stereo,4.04,2.12,23
stereotype,4.26,2.18,23
sterile,4.47,1.74,19
sterilize,4.24,2.3,21
sterling,5.32,2.21,19
stern,3.91,2.24,22
sternum,3.71,2.14,24
steroid,5.21,2.02,19
stethoscope,4.56,2.29,25
stew,2.95,1.84,22
steward,2.57,1.75,21
stewardess,4.14,2.13,21
stick,3.81,1.97,21
sticker,4.05,2.01,20
stickler,3.82,2.68,22
stickup,6.09,2.35,22
sticky,4.75,2.36,20
stiff,4.0,2.31,22
stigma,5.24,2.23,21
stillness,2.78,2.45,23
stimulant,5.95,2.52,22
stimulate,6.0,2.79,18
stimulating,6.3,2.45,20
stimulation,4.71,3.01,24
stimulus,4.7,2.69,23
sting,4.88,2.8,17
stinger,4.96,2.6,24
stinging,6.47,2.12,19
stingy,4.73,3.27,22
stink,4.48,2.27,21
stinker,4.0,2.45,21
stinky,3.76,1.82,17
stint,3.33,2.48,24
stipend,3.77,2.43,22
stipulate,4.11,1.76,19
stir,3.05,2.04,21
stitch,3.36,2.25,25
stitching,3.52,2.16,21
stock,3.5,2.46,20
stockade,4.67,2.26,24
stockbroker,3.1,2.27,20
stockholder,3.5,2.28,20
stocking,4.08,1.91,24
stockings,4.81,2.73,21
stockpile,4.55,2.2,22
stockroom,3.26,2.3,23
stoic,3.29,1.65,21
stomach,3.76,1.73,21
stomachache,5.21,2.27,19
stomp,4.82,2.58,22
stone,3.25,2.2,20
stonewall,3.7,2.23,20
stony,4.09,2.52,22
stooge,3.75,2.15,20
stool,2.39,1.69,18
stoop,3.17,1.9,23
stop,4.14,2.5,21
stopover,3.43,2.04,23
stopper,4.35,1.98,20
stopwatch,4.05,2.17,22
storage,3.68,2.42,22
store,3.43,1.99,21
storefront,3.0,1.98,23
storeroom,2.9,2.17,21
storm,5.86,2.73,22
stormy,6.52,2.45,23
story,3.52,2.54,21
storybook,3.4,2.33,20
storyteller,4.29,2.6,24
storytelling,4.4,2.09,20
stout,3.35,2.28,20
stove,3.82,2.16,44
stow,2.9,2.27,20
stowaway,4.23,2.37,26
straddle,5.0,2.54,22
straighten,3.0,2.3,21
straightforward,4.04,2.16,26
strain,4.78,2.0,23
straitjacket,5.1,2.81,20
strand,3.27,1.98,22
strange,3.5,2.35,20
stranger,5.8,2.28,20
strangle,5.43,2.4,21
strangulation,5.5,2.8,24
strap,4.23,2.31,22
strapless,5.25,2.0,20
strapping,4.77,2.43,22
strategic,4.32,2.28,22
strategist,5.15,1.69,20
strategy,4.15,2.51,26
stratosphere,4.19,2.16,21
straw,2.35,1.6,20
strawberry,4.05,2.68,22
stray,3.71,2.37,21
streak,4.5,2.44,22
stream,4.35,2.78,20
streamline,3.64,1.97,22
street,3.45,2.18,22
streetcar,3.75,2.53,20
streetlight,3.78,2.21,23
strength,5.3,2.83,20
strengthen,4.7,2.52,20
strenuous,5.14,2.51,22
strep,4.21,1.69,19
stress,4.72,2.95,18
stressful,5.65,2.87,20
stretch,4.73,1.91,22
stretcher,3.82,2.56,22
stricken,4.59,2.02,22
strict,4.5,2.77,18
stride,4.1,2.36,20
strife,4.17,2.51,24
strike,5.52,2.44,21
strikeout,4.9,2.26,21
striker,5.72,1.71,18
string,3.8,2.26,20
strings,2.58,1.46,19
stringy,4.27,2.0,22
strip,5.27,2.29,22
stripe,3.67,2.08,21
striped,4.38,2.48,21
stripper,5.57,2.13,21
striptease,6.8,2.48,20
strive,4.62,2.2,21
stroke,4.95,3.09,22
stroll,3.22,2.02,18
stroller,3.22,1.81,23
strong,5.14,2.29,21
stronghold,3.95,2.5,22
structural,3.67,2.03,18
structure,4.0,1.66,22
strudel,3.7,2.41,20
struggle,5.9,2.2,20
strut,5.46,2.25,24
stub,3.86,1.74,21
stubborn,4.13,1.66,23
stubbornness,4.74,2.13,19
stubby,4.14,2.55,22
stud,5.14,2.29,21
student,4.25,2.69,20
studio,4.79,1.89,24
study,2.55,1.76,20
stuff,3.52,2.36,21
stuffed animal,2.77,1.9,22
stuffy,4.61,2.13,23
stumble,4.76,2.26,21
stump,3.85,2.6,20
stun,5.5,2.31,20
stunner,4.5,2.89,22
stunning,6.5,2.06,20
stunt,4.81,2.27,21
stuntman,6.3,2.03,20
stupendous,4.57,2.33,23
stupid,4.34,2.6,47
stupidity,4.5,2.93,20
sturdy,3.27,1.91,22
stutter,4.48,1.69,21
style,4.6,2.8,20
styling,3.72,2.32,18
stylish,4.27,2.85,22
stylist,3.32,2.03,22
suave,3.14,2.29,22
sub,3.35,1.84,20
subatomic,4.57,2.23,23
subcommittee,4.15,2.3,20
subconscious,4.0,2.45,21
subdivision,3.25,2.15,20
subdue,3.3,2.41,20
subdued,2.95,1.83,40
subdural,3.09,1.77,22
subject,4.2,2.14,20
subjective,3.56,2.36,25
sublet,4.21,2.12,19
sublevel,3.32,2.12,22
sublime,3.82,2.26,22
subliminal,4.17,2.48,23
submarine,4.24,2.3,21
submerge,4.14,2.35,21
submersible,4.32,2.55,22
submission,4.29,2.12,21
submissive,3.32,2.34,25
submit,3.91,2.31,23
subordinate,3.09,2.27,22
subpoena,5.0,2.52,23
subscribe,4.26,2.12,23
subscriber,2.95,1.82,20
subscription,3.05,1.99,21
subsequent,4.0,1.58,21
subservient,3.5,2.06,24
subside,3.1,2.27,20
subsidiary,3.38,1.75,21
subspace,3.73,2.39,22
substance,3.62,2.79,24
substandard,3.91,2.35,22
substantial,5.0,2.54,19
substantiate,3.52,1.44,21
substation,3.29,2.17,21
substitute,3.59,2.06,22
substitution,3.24,2.0,21
subterranean,5.1,2.2,20
subtext,3.71,1.68,21
subtitle,3.25,1.94,20
subtle,3.37,2.34,19
subtlety,3.85,2.21,20
subtract,3.96,2.18,23
suburb,4.25,2.24,20
suburban,3.41,2.32,22
suburbia,3.75,1.75,24
subversive,4.41,2.58,22
subway,4.41,2.7,22
succeed,6.71,2.0,21
success,5.8,2.54,41
successful,5.08,2.54,24
succession,3.74,2.43,23
successor,4.59,2.11,22
succubus,4.68,2.63,22
succulent,5.64,2.72,22
suck,5.6,2.19,20
sucker,4.74,2.65,23
suction,3.81,2.5,21
suds,3.73,1.88,22
sue,6.15,2.46,20
suede,2.75,1.97,20
suffer,4.5,2.34,24
suffice,3.25,1.68,20
sufficient,3.17,2.65,24
suffocate,6.09,2.58,44
suffocation,5.0,2.73,22
sugar,5.29,2.49,17
suggest,3.75,2.07,20
suggestion,4.18,2.22,22
suggestive,4.44,2.29,25
suicidal,4.91,2.59,23
suicide,6.21,2.67,39
suit,3.05,2.04,20
suitable,3.0,2.1,20
suitcase,3.24,2.07,21
suite,3.61,2.02,23
suitor,3.67,2.74,18
sulfate,3.67,2.18,21
sulfur,3.86,2.36,22
sulk,3.3,1.95,20
sullen,4.52,2.18,21
sully,4.05,1.99,20
sultan,3.48,2.23,23
sum,3.1,1.81,21
summarize,2.8,1.91,20
summary,3.29,1.83,17
summation,4.15,2.58,20
summer,5.48,2.86,21
summerhouse,4.82,3.23,17
summertime,5.32,3.11,22
summit,4.35,2.52,20
summon,4.67,2.46,24
summons,5.14,2.01,22
sumo,3.71,2.1,24
sun,4.64,2.54,47
sunburn,4.45,2.76,20
sundae,4.79,2.78,24
sundial,3.22,2.16,18
sundown,3.71,2.39,21
sunflower,3.05,2.54,22
sunglasses,3.67,2.06,21
sunken,3.95,2.31,20
sunlight,4.44,2.66,43
sunny,5.38,3.09,21
sunrise,4.68,2.88,22
sunroof,3.24,2.39,21
sunscreen,3.95,2.24,22
sunset,4.68,2.73,44
sunshine,5.32,3.11,19
suntan,4.25,2.53,20
sunup,3.28,2.25,25
sup,4.3,1.95,20
super,4.25,2.49,20
superb,4.33,2.69,21
superficial,4.2,1.82,20
superfluous,4.45,1.9,22
superhero,6.0,2.32,21
superhuman,4.73,2.88,22
superintendent,3.24,2.2,25
superior,4.74,2.18,23
superiority,5.48,1.99,21
superman,5.17,3.05,23
supermarket,4.65,2.06,23
supermodel,6.09,1.95,22
supernatural,5.9,1.95,21
supernova,5.5,2.84,20
superposition,3.5,2.33,20
superpower,5.76,2.49,21
superstar,4.85,2.6,20
superstition,6.14,2.2,21
superstitious,5.95,2.56,21
superstore,4.43,2.13,21
supervise,4.0,2.25,20
supervision,5.05,1.86,21
supervisor,4.05,2.26,20
supper,3.6,2.6,20
suppertime,4.57,2.25,23
supple,4.09,2.62,22
supplement,3.22,2.26,23
supplemental,3.64,2.08,22
supplier,3.45,1.92,22
supply,3.28,1.9,18
support,3.05,1.99,20
supporter,4.41,2.3,22
supportive,3.83,2.81,18
suppose,3.33,2.03,21
supposed,3.48,1.97,21
suppress,3.55,2.44,20
suppression,3.17,2.07,18
supremacy,4.26,2.16,23
supreme,4.28,2.32,25
sure,3.48,2.25,21
surf,5.57,1.96,21
surface,3.04,2.09,25
surfboard,3.75,2.24,20
surfer,5.38,1.69,21
surge,5.22,2.84,18
surgeon,5.78,2.39,23
surgery,5.55,2.61,20
surgical,5.0,2.2,22
surly,3.8,1.96,20
surname,3.68,2.3,22
surplus,3.6,2.14,20
surprise,6.57,2.75,21
surprised,5.95,2.64,21
surprising,5.65,2.21,20
surreal,5.11,2.64,19
surrender,4.58,2.06,26
surrogate,4.27,1.96,22
surround,3.32,2.4,22
surroundings,3.43,2.06,21
surveillance,4.85,2.46,20
survey,3.68,2.21,22
survival,5.4,2.68,20
survive,4.53,2.65,19
survivor,4.81,2.64,26
susceptible,5.19,2.06,21
sushi,5.84,2.52,19
suspect,4.57,2.5,21
suspend,4.87,2.3,23
suspense,5.84,2.39,19
suspension,4.57,2.36,21
suspicion,6.04,2.23,23
suspicious,5.0,2.64,42
sustain,3.73,2.21,22
sustenance,3.28,2.32,18
suture,4.63,1.92,19
suv,3.48,2.25,23
swab,2.56,1.29,18
swag,4.33,2.47,18
swallow,3.78,2.54,23
swami,4.05,2.37,20
swamp,3.33,2.06,18
swank,4.14,2.19,22
swap,3.7,2.12,23
swarm,6.26,2.77,19
swastika,5.26,3.03,23
swat,6.21,2.2,19
sway,3.68,1.86,22
swear,5.05,2.8,20
sweat,5.1,2.45,20
sweater,2.8,2.04,20
sweatshirt,2.56,1.94,25
sweatshop,5.95,2.24,20
sweaty,4.78,2.73,23
sweep,3.89,2.23,19
sweeper,3.23,2.0,22
sweet,4.14,2.92,21
sweeten,4.71,2.41,21
sweetheart,5.39,2.4,18
sweetie,4.35,2.78,20
sweetness,4.37,3.02,19
swell,4.56,2.01,18
swerve,5.35,2.42,23
swift,4.88,2.1,43
swig,4.48,1.89,21
swill,3.81,2.06,21
swim,6.05,3.05,20
swimmer,4.26,2.27,39
swimming,5.13,2.62,23
swimsuit,5.8,2.55,20
swindle,4.32,2.46,22
swindler,4.82,2.67,22
swine,3.71,2.17,21
swing,4.1,2.21,21
swinger,5.81,2.02,21
swipe,3.68,2.1,22
swirl,4.58,2.93,19
swish,3.95,2.63,20
switch,3.9,2.1,20
switchblade,5.71,2.63,21
switchboard,3.65,2.12,23
swivel,4.62,2.31,21
swoon,3.83,2.33,23
swoop,5.62,1.86,21
sword,5.95,2.07,19
swordfish,5.15,2.35,20
swordplay,6.14,2.1,22
swordsman,4.72,2.67,18
sycamore,3.68,2.16,19
syllable,2.5,1.74,22
syllabus,2.95,2.1,22
symbiotic,4.05,2.03,22
symbol,2.77,1.8,22
symbolic,3.74,1.69,19
symbolism,3.52,1.89,21
symbolize,4.41,2.3,22
symmetrical,3.24,1.92,21
symmetry,3.19,2.23,26
sympathetic,3.29,2.22,24
sympathize,3.73,2.14,22
sympathy,3.08,2.3,24
symphonic,6.3,2.43,20
symphony,4.19,2.56,21
symposium,4.04,2.37,26
symptom,4.17,2.76,23
symptomatic,4.13,2.53,23
synagogue,2.56,1.5,18
synapse,3.95,2.06,21
synaptic,4.25,2.15,20
sync,3.95,1.94,21
synchronize,4.04,2.18,23
syndicate,3.06,1.95,18
syndrome,4.68,2.45,19
synergy,4.29,2.46,24
synonymous,3.41,2.02,22
synthesizer,4.3,2.7,20
synthetic,3.61,1.92,23
syphilis,4.59,2.72,44
syringe,4.81,2.23,21
syrup,3.11,2.0,18
system,3.38,2.01,21
systematic,3.52,2.23,21
t-shirt,2.23,1.6,22
tab,4.42,2.65,19
tabasco,5.0,2.72,18
tabernacle,3.52,2.18,21
table,3.0,2.02,44
tablecloth,2.81,1.91,21
tablet,3.65,2.5,20
tabloid,3.32,2.75,22
taboo,5.06,1.83,18
tack,2.85,2.11,20
tackle,4.43,2.56,21
tacky,4.05,2.44,20
taco,4.19,2.27,21
tact,3.95,2.65,20
tactful,3.62,2.38,21
tactic,5.05,1.96,22
tactical,4.27,2.47,22
tad,3.68,2.52,19
tadpole,4.17,1.88,24
taffy,3.45,2.11,22
tag,3.29,2.05,17
tail,3.27,1.88,22
tailgate,4.57,2.38,21
taillight,3.56,1.89,18
tailor,3.61,2.41,23
tailpipe,3.13,2.28,23
taint,4.43,2.27,21
take,4.52,2.27,21
takeoff,3.77,2.56,22
takeout,4.45,2.28,22
takeover,4.73,2.39,22
taker,3.82,2.02,22
talcum,4.05,2.01,19
tale,3.09,1.97,22
talent,5.6,1.93,20
talented,4.55,2.58,20
talisman,4.6,2.56,20
talk,3.38,2.27,21
talkative,4.45,2.3,22
talker,4.05,2.38,21
tall,3.85,2.08,20
tally,3.44,1.98,18
talon,4.9,2.49,20
tambourine,3.33,2.5,21
tame,3.65,2.29,23
tamer,3.76,2.12,21
tamper,5.55,2.13,22
tampon,4.22,2.33,23
tan,3.75,2.61,20
tang,4.05,2.25,21
tangerine,3.9,2.31,20
tangible,4.18,2.42,22
tangle,4.52,2.27,21
tango,4.48,2.4,21
tank,4.32,2.68,22
tank top,5.14,2.59,21
tanker,4.0,2.37,23
tantrum,5.05,2.36,21
tap,3.95,2.2,21
tape,3.4,2.64,20
tape measure,4.1,1.62,20
tapestry,2.67,1.71,21
tapeworm,4.9,2.86,20
tapioca,3.74,1.86,23
taps,3.14,2.01,21
tar,3.65,2.18,20
tarantula,6.76,2.1,21
tardiness,5.05,2.13,21
tardy,4.3,2.36,20
target,5.35,2.74,20
tarmac,3.1,2.17,21
tarot,3.96,2.36,23
tarp,2.9,2.13,20
tarry,3.1,1.89,20
tart,4.8,2.16,25
tartar,2.73,1.91,22
task,3.83,2.5,18
tassel,4.78,2.37,23
taste,4.56,2.91,43
tasteful,4.73,2.66,22
tasteless,3.86,2.22,21
tasty,5.28,2.19,18
tattler,4.45,2.44,20
tattletale,6.1,2.26,21
tattoo,5.0,2.35,22
taunt,4.85,2.11,20
taupe,3.7,1.78,20
taut,4.29,1.74,21
tavern,4.22,2.62,18
tawdry,3.35,2.08,20
tawny,4.16,1.42,19
tax,4.52,2.73,21
taxi,3.79,2.07,19
taxicab,3.8,2.38,20
taxpayer,2.96,2.5,23
tea,2.05,1.43,20
teach,3.47,2.63,19
teacher,2.9,2.31,20
teacup,3.57,2.78,23
teahouse,2.76,1.92,21
teal,3.73,2.37,22
team,3.38,2.06,21
teammate,3.74,1.91,23
teamwork,4.64,2.28,22
teapot,3.39,2.28,18
tear,4.8,2.42,20
tearful,4.92,2.75,25
tease,5.21,2.24,42
teaspoon,2.47,1.7,17
teatime,3.16,2.36,19
tech,4.1,2.43,21
technical,5.28,2.02,18
technicality,4.36,2.38,22
technician,3.33,2.01,21
technique,3.45,2.52,22
techno,5.0,2.35,18
technological,4.56,2.55,18
technology,4.62,2.58,21
teddy bear,3.74,2.85,23
tedious,4.37,2.09,19
tee,3.68,2.63,22
teeming,3.6,2.54,20
teen,3.86,2.32,22
teenage,5.26,1.96,23
teenager,4.23,2.6,22
teens,3.96,2.4,23
teensy,3.77,2.29,22
teeny,3.74,2.28,23
teeth,3.8,2.26,20
teething,4.05,2.87,20
telegram,4.14,2.9,22
telegraph,2.82,1.87,22
telekinesis,5.68,2.4,22
telemetry,3.5,1.95,22
telepathic,4.62,2.36,21
telepathy,5.7,2.53,23
telephone,4.3,2.23,20
telescope,3.38,1.86,24
telethon,3.0,1.83,22
teletype,3.86,2.03,21
televised,4.0,2.42,25
television,4.1,3.01,20
tell,3.86,2.06,21
teller,3.0,2.1,20
temp,3.62,1.88,21
temper,4.9,2.07,21
temperament,3.8,2.17,20
temperamental,5.7,2.53,23
temperance,4.0,2.02,22
temperature,4.86,2.12,22
tempest,5.26,2.16,19
template,3.46,2.11,24
temple,3.36,2.08,22
tempo,4.0,2.76,21
temporal,3.38,1.8,21
temporary,3.35,1.9,23
tempt,5.29,1.65,21
temptation,5.38,2.39,24
tempting,6.06,2.73,18
temptress,5.43,2.61,23
ten,3.1,2.28,21
tenacious,4.78,1.99,18
tenant,2.59,1.74,22
tend,3.22,1.68,23
tendency,3.72,2.11,18
tender,3.22,2.21,18
tenderfoot,3.16,1.98,19
tenderness,3.1,2.17,20
tendon,3.3,1.69,20
tenement,3.77,2.49,22
tennis,3.89,2.53,47
tenor,4.0,2.43,18
tense,5.32,2.62,44
tension,5.08,2.75,24
tent,3.38,2.33,21
tentative,3.4,2.11,20
tenure,3.65,1.79,20
tepee,4.0,2.27,20
tequila,5.77,2.47,26
teriyaki,4.16,2.82,25
term,3.6,2.06,20
terminal,3.68,2.32,22
terminate,4.95,2.26,22
termination,5.9,2.51,20
terminator,6.05,2.09,20
terminology,2.8,2.35,20
termite,4.24,2.49,21
terrace,3.52,1.78,23
terrain,3.09,2.04,22
terrible,4.39,2.66,44
terrier,3.75,2.36,20
terrific,5.46,2.5,41
terrified,6.1,2.55,21
terrify,6.39,2.55,18
terrifying,5.91,2.67,22
territorial,4.29,2.41,21
territory,4.32,2.29,19
terror,6.35,2.42,23
terrorism,7.42,2.43,19
terrorist,6.09,2.95,44
terrorize,5.95,2.5,21
test,4.3,2.77,20
testament,3.94,2.75,18
testicle,5.4,2.54,20
testicular,4.95,2.24,22
testify,6.16,2.54,19
testimonial,3.15,2.08,20
testimony,4.22,2.15,23
testosterone,6.75,2.49,20
testy,4.55,2.15,22
tetanus,5.52,2.46,21
tether,4.19,2.23,21
text,3.48,2.37,23
textbook,2.94,2.01,18
textile,3.38,2.16,21
texture,3.33,2.06,21
thank,3.33,2.31,21
thankful,4.52,2.62,42
thankless,4.86,2.25,22
thanks,4.05,2.25,21
thanksgiving,4.95,2.44,22
thatch,2.8,1.82,20
thaw,3.84,1.72,25
theater,3.73,2.6,22
theatrical,5.36,2.42,22
theatrics,5.05,2.38,21
theft,5.17,2.98,23
theme,3.08,2.32,24
theology,3.32,2.28,22
theoretical,3.9,2.07,20
theory,4.41,2.32,44
therapeutic,2.18,1.18,22
therapist,3.32,2.29,19
therapy,3.74,1.89,23
thermal,3.48,2.16,21
thermometer,3.36,2.3,22
thermos,3.15,2.43,20
thermostat,3.56,2.04,25
thesis,4.1,2.49,20
thick,3.13,1.98,23
thicket,3.25,2.29,20
thickness,3.74,1.42,23
thief,6.05,2.38,22
thigh,5.32,2.54,19
thin,4.5,2.98,20
thing,3.43,2.01,21
thingy,4.27,2.64,22
think,3.75,2.27,20
thinker,4.45,2.39,20
third,2.64,1.87,22
thirst,4.12,2.72,24
thirsty,4.08,2.67,24
thirteen,4.36,2.92,22
thirty,3.57,2.18,21
thistle,3.9,2.57,20
thong,4.68,2.69,25
thorn,4.2,2.35,20
thorny,4.92,2.64,24
thorough,3.3,2.14,23
thoroughbred,4.65,2.54,20
thoroughfare,4.32,1.99,22
thought,4.16,2.29,45
thoughtful,2.55,1.86,44
thoughtless,4.43,2.48,21
thousand,3.5,2.63,20
thrash,4.3,1.92,20
thread,3.87,2.53,23
threat,6.57,2.44,21
threaten,6.05,2.36,21
three,3.38,2.09,21
threesome,5.7,2.58,20
threshold,3.09,2.09,22
thrift,2.95,2.26,22
thrill,7.19,2.03,918
thriller,6.0,2.3,18
thrilling,6.16,1.8,25
thrive,5.65,2.81,20
thriving,5.22,2.69,18
throat,4.2,2.02,20
throbbing,5.64,2.52,22
throes,4.71,2.12,21
throne,5.22,2.32,18
throttle,5.36,1.94,22
throw,4.52,2.29,21
throwback,4.57,2.19,23
thrower,3.58,2.87,24
thrust,5.29,2.4,24
thruster,4.7,2.77,20
thud,5.05,2.64,21
thug,5.48,2.27,23
thumb,3.84,2.39,25
thumbprint,4.33,2.22,21
thump,4.0,1.95,22
thumper,4.09,2.49,22
thunder,5.75,2.43,20
thunderbolt,6.29,2.08,21
thunderclap,5.57,2.42,21
thunderstorm,6.1,2.12,21
thyroid,3.14,1.73,22
tiara,5.05,2.46,20
tibia,3.52,2.52,23
tic,4.41,2.36,22
tick,3.82,2.56,22
ticker,3.84,1.65,25
ticket,3.95,2.42,21
tickle,5.86,2.06,21
ticklish,4.88,2.52,25
tidal,5.05,2.55,22
tidal wave,4.8,2.57,25
tide,5.47,2.89,19
tidings,3.55,2.16,20
tidy,2.86,1.59,21
tie,3.1,2.23,21
tier,3.73,2.51,22
tiger,5.55,2.61,22
tighten,5.68,2.73,19
tightrope,4.18,2.68,22
tights,3.45,2.52,22
tile,2.89,1.85,19
tilt,4.59,2.52,22
timber,3.73,2.16,22
time,3.41,2.56,22
timeless,3.4,1.98,20
timely,3.48,2.69,23
timeout,3.81,1.83,21
timer,4.17,2.69,23
times,3.19,1.91,21
timetable,3.62,2.44,21
timid,3.15,1.84,20
timing,3.4,2.46,20
tin,2.73,2.25,22
tinfoil,3.25,1.74,20
tingle,5.24,2.21,21
tinker,2.83,1.95,24
tinkle,3.75,1.89,20
tinkling,5.4,1.83,25
tinsel,4.05,1.86,21
tiny,4.6,2.5,20
tip,4.05,2.39,19
tipper,3.73,2.41,22
tipster,3.62,2.25,21
tipsy,4.7,1.99,23
tiptoe,3.76,2.91,21
tire,3.09,1.97,22
tired,3.67,2.18,21
tireless,4.41,2.22,22
tiresome,2.52,1.63,21
tiring,3.55,2.11,20
tissue,3.1,1.73,21
tit,6.14,2.49,22
titan,4.32,2.54,25
titanic,4.39,2.06,18
titanium,3.78,2.24,18
title,2.15,1.53,20
toad,3.62,2.78,21
toast,3.65,2.16,20
toaster,3.85,2.41,20
toasty,4.65,2.52,20
tobacco,5.0,2.79,20
toddler,4.2,2.65,20
toe,3.1,1.87,21
toenail,3.06,2.04,18
toffee,5.0,2.1,20
tofu,3.09,2.24,22
toga,3.75,1.94,20
togetherness,4.64,2.65,22
toil,5.55,2.04,20
toilet,4.5,2.26,20
token,3.09,1.97,22
tolerable,4.4,2.56,20
tolerance,3.36,2.3,22
tolerant,3.09,2.41,22
tolerate,3.14,1.98,22
toll,3.95,2.44,22
tomahawk,5.19,2.38,21
tomato,2.68,2.1,22
tomatoes,3.82,2.24,17
tomb,4.06,2.41,18
tombstone,4.86,2.92,22
tomcat,4.74,2.22,23
tome,4.6,1.7,20
ton,3.55,2.28,20
tone,3.67,1.93,21
toner,4.14,2.15,21
tongs,3.25,1.86,20
tongue,4.25,2.31,20
tonic,4.25,2.79,20
tool,3.91,2.1,43
toolbox,4.05,1.86,21
toot,4.0,2.39,21
tooth,3.52,2.09,21
toothache,5.86,3.0,22
toothbrush,3.38,2.25,21
toothless,4.0,2.32,23
toothpaste,2.86,2.08,22
toothpick,3.33,2.39,21
toots,5.1,2.25,20
top,4.33,2.31,21
topaz,3.87,2.18,23
topic,3.2,2.17,20
topical,3.29,2.71,17
topless,6.61,2.27,23
topple,3.21,2.45,24
topside,3.36,2.15,22
torch,5.12,2.59,24
torment,6.17,2.53,18
tornado,7.45,2.19,20
torpedo,4.48,2.92,23
torque,4.9,1.81,21
torrent,5.0,2.56,23
torrid,3.45,2.5,20
torso,3.85,1.9,20
tortoise,3.32,2.46,22
torture,5.09,2.55,45
toss,4.18,1.99,22
tot,3.14,1.93,21
total,4.25,2.53,20
tote,4.25,2.31,20
totem,4.78,2.61,23
touch,4.9,2.14,21
touchdown,4.86,2.96,22
touchy,3.88,2.62,25
tough,4.24,2.7,21
toughen,4.28,2.42,18
toupee,3.06,1.66,18
tour,4.8,2.78,20
tourism,4.06,3.1,18
tourist,3.57,2.18,21
tournament,4.08,3.13,24
tourniquet,5.05,1.69,21
tout,4.58,1.77,19
tow,3.75,2.27,20
towel,2.9,2.07,20
tower,3.86,2.42,42
towering,4.12,3.1,24
town,3.81,2.06,21
townhouse,4.3,2.51,23
township,2.9,1.97,21
townspeople,2.91,1.95,23
toxic,5.29,2.74,21
toxicity,4.6,3.22,20
toxicology,3.7,2.4,23
toxin,5.52,1.89,21
toy,4.29,2.94,21
toymaker,3.9,2.19,21
trace,2.84,2.14,19
traceable,3.61,2.09,18
tracer,3.86,1.46,21
trachea,4.21,2.04,19
track,3.76,2.26,21
tracker,4.59,2.52,22
tract,3.45,2.13,22
traction,4.17,2.04,23
tractor,3.73,2.14,22
trade,4.45,2.86,20
trademark,3.72,2.28,25
trader,3.5,2.37,20
tradition,4.61,2.69,23
traditional,3.76,2.22,25
traffic,5.25,3.13,20
traffic light,4.9,2.71,20
trafficking,4.72,2.63,18
tragedy,6.8,2.5,20
tragic,5.36,2.66,22
trail,4.0,2.0,20
trailer,2.85,1.63,20
train,4.05,2.31,21
train set,3.29,1.74,21
trainee,4.16,2.14,19
trainer,4.0,2.34,20
training,4.1,2.71,20
trait,3.55,1.32,20
traitor,4.27,2.26,49
traitorous,5.25,2.71,20
trajectory,3.33,2.01,21
tram,2.42,2.04,19
tramp,4.86,2.24,21
trample,5.0,2.28,18
trampoline,5.58,2.71,19
trance,4.0,2.2,20
tranquil,2.61,2.35,18
tranquility,3.64,2.63,25
tranquilizer,3.12,2.42,24
transaction,3.73,1.8,22
transatlantic,4.84,2.36,25
transceiver,4.22,2.43,23
transcend,5.0,2.21,21
transcendent,4.33,2.44,21
transcript,3.3,2.34,23
transcription,4.13,2.56,23
transfer,3.22,2.13,23
transference,3.44,2.06,18
transform,4.86,2.55,22
transformation,5.56,2.38,25
transformer,5.16,2.7,25
transfusion,4.45,2.37,20
transgression,5.25,2.07,20
transient,4.04,2.51,23
transistor,3.9,1.92,20
transit,4.05,1.9,20
transition,3.65,2.25,20
transitional,4.5,2.22,22
translate,2.75,2.31,24
translation,4.48,2.02,25
translator,4.0,2.24,23
transmission,3.38,2.79,24
transmit,4.39,2.04,23
transmitter,3.5,2.38,18
transparent,3.45,2.26,22
transplant,6.37,2.34,19
transponder,3.55,1.95,22
transport,3.76,2.33,25
transportation,2.38,1.66,21
transporter,4.14,2.46,22
transsexual,4.23,2.07,22
transvestite,5.05,2.87,22
trap,4.36,2.68,22
trapdoor,5.04,2.49,26
trapeze,4.8,2.73,20
trapper,3.09,1.63,22
trash,3.66,2.63,44
trashy,5.75,2.29,20
trauma,4.87,2.3,23
traumatic,5.5,2.91,22
travel,5.55,2.47,44
traveler,4.75,2.05,20
traverse,3.6,2.3,20
travesty,4.95,2.24,20
tray,3.57,2.23,23
treacherous,6.0,2.3,18
treachery,5.33,2.59,21
tread,3.76,2.17,21
treadmill,4.22,2.98,23
treason,5.8,2.07,20
treasure,6.3,2.68,20
treasured,5.16,2.71,19
treasurer,4.27,2.55,22
treasury,4.29,2.57,21
treat,5.0,2.7,48
treatable,3.75,2.31,20
treatment,4.47,2.01,19
treaty,3.7,2.08,20
tree,2.67,2.29,42
tremble,5.32,2.68,22
tremendous,3.54,2.69,24
tremor,4.72,2.14,18
trench,3.22,1.76,23
trend,4.45,2.06,22
trendy,4.23,2.35,22
trespass,4.79,2.3,19
triad,4.45,2.32,22
triage,4.65,2.08,23
trial,5.05,2.71,21
triangle,3.5,2.2,18
triangulate,4.0,2.0,20
triathlon,3.41,2.29,17
tribal,4.56,2.62,18
tribe,4.29,2.24,24
tribunal,3.95,2.26,22
tribune,3.78,1.93,18
tribute,4.27,2.37,22
trick,5.57,2.73,21
trickery,5.12,2.51,24
trickster,5.37,2.29,19
tricky,4.86,2.57,21
tricycle,3.62,1.66,21
trident,4.36,2.89,22
trifle,4.06,2.13,18
trifling,3.3,2.18,20
trig,3.18,2.48,22
trigger,5.85,2.35,20
trillion,5.19,2.46,21
trilogy,3.67,1.91,21
trim,3.38,2.2,21
trimester,4.82,2.56,22
trinket,4.37,1.92,19
trio,3.38,1.91,21
trip,5.33,2.89,21
tripe,3.4,2.55,25
triple,5.6,2.39,20
triplicate,4.16,1.89,19
tripod,4.32,1.95,19
trite,4.39,2.43,23
triumph,5.6,2.63,43
triumphant,5.05,2.62,41
trivia,3.82,2.38,22
trivial,3.82,1.84,22
troll,4.54,2.96,24
trolley,3.0,2.05,19
trombone,3.43,2.04,23
troop,4.5,2.14,20
trooper,4.95,2.1,22
trophy,4.35,2.66,23
tropic,4.17,2.53,24
tropical,4.3,3.01,20
tropics,4.74,2.83,23
trot,5.1,2.13,20
trouble,5.59,2.51,44
troubled,4.45,2.4,38
troublemaker,5.24,2.34,21
troublesome,4.85,2.66,20
trough,3.83,2.12,23
troupe,3.7,1.98,20
trousers,2.89,1.68,18
trout,3.85,2.39,20
truce,2.86,2.15,21
truck,3.76,2.26,21
trucker,3.55,1.97,22
truckload,4.64,2.34,22
TRUE,4.98,3.05,41
truffle,3.5,2.65,20
trump,3.33,1.98,21
trumpet,4.17,2.22,42
trunk,3.51,2.17,45
trust,4.3,2.7,47
trustee,3.91,2.2,22
trustworthy,4.22,2.37,18
trusty,4.17,2.61,23
truth,3.88,2.74,42
truthful,3.71,2.94,24
try,4.0,2.37,21
tryout,4.19,2.52,21
tsunami,6.29,2.49,21
tub,3.8,2.48,20
tuba,3.95,2.7,22
tubby,3.95,1.53,21
tube,3.14,2.53,22
tuberculosis,4.48,2.46,21
tubing,3.62,1.91,21
tuck,3.4,1.88,20
tug,4.0,1.9,21
tugboat,3.05,2.08,22
tuition,4.41,2.46,22
tulip,3.4,2.39,20
tumble,4.9,2.02,21
tumbleweed,3.25,2.29,20
tummy,3.78,2.49,23
tumor,5.33,2.83,21
tuna,4.14,2.17,21
tune,3.73,2.29,44
tunic,3.79,2.12,19
tunnel,4.09,2.13,23
turban,4.13,2.36,23
turbine,5.47,2.24,17
turbo,5.62,2.5,26
turbulence,6.45,2.42,22
turbulent,5.9,2.02,20
turd,4.59,2.48,22
turf,3.95,2.24,20
turkey,3.45,2.11,22
turmoil,5.94,2.84,18
turn,3.48,1.91,21
turnaround,3.43,2.06,21
turnip,3.32,2.06,22
turnoff,4.26,2.51,19
turnout,4.26,2.47,23
turnover,4.14,2.33,21
turnpike,3.55,2.21,20
turpentine,4.1,2.19,21
turquoise,4.5,2.43,24
turret,4.81,2.37,26
turtle,2.52,1.63,21
turtleneck,3.41,2.48,22
tussle,5.0,2.42,17
tutor,2.81,1.97,21
tutoring,3.35,2.56,20
tutu,4.15,2.35,20
tux,4.65,2.37,23
tuxedo,4.33,2.15,21
tv,4.24,2.14,21
TV,4.29,2.69,21
twain,3.28,1.87,18
twat,5.39,1.97,18
tweak,4.7,2.72,20
tweed,4.09,2.29,23
tweet,3.39,2.52,23
tweezers,4.64,2.42,22
twelve,3.42,1.98,19
twenty,3.67,2.06,24
twerp,4.23,2.05,22
twig,3.18,1.65,22
twilight,4.2,2.33,20
twin,3.95,2.52,20
twine,3.24,1.84,21
twinge,4.35,2.06,23
twinkle,3.72,2.35,18
twirl,5.05,1.91,22
twist,4.27,2.37,22
twister,6.0,2.54,22
twit,4.32,2.51,25
twitch,5.95,1.86,21
twitchy,5.0,2.47,18
two,3.33,2.57,18
two step,3.55,2.04,20
twosome,5.2,2.78,20
tycoon,4.3,2.34,20
tyke,3.83,2.23,18
type,2.86,2.2,21
typewriter,2.4,1.76,20
typhoid,4.62,2.86,24
typhoon,5.82,2.7,22
typical,3.37,2.01,19
typist,4.14,2.23,22
typo,4.0,2.41,20
tyranny,5.45,2.7,20
tyrant,5.27,2.21,22
ubiquitous,3.81,1.97,21
ugliness,4.43,2.52,21
ugly,4.43,2.18,21
ukulele,4.52,2.27,21
ulcer,4.76,2.71,45
ulterior,4.71,1.98,21
ultimate,5.1,2.45,20
ultimatum,5.18,2.58,22
ultrasound,5.15,2.85,20
ultraviolet,3.71,2.47,17
umbilical,3.36,1.94,22
umbrella,3.5,2.01,20
umpire,4.57,2.11,23
umpteen,3.86,1.98,21
unable,3.61,2.48,18
unacceptable,4.43,2.66,23
unaccounted,4.22,2.63,23
unaffected,3.32,2.12,22
unafraid,3.38,2.32,24
unanimous,4.24,2.36,21
unannounced,5.05,2.74,19
unanswered,3.72,2.27,18
unappreciated,5.0,2.62,20
unarmed,3.64,1.97,22
unattached,3.86,2.53,22
unattainable,4.48,1.86,21
unattended,3.68,2.12,25
unattractive,4.3,2.43,20
unauthorized,4.39,2.48,18
unavailable,3.85,2.35,20
unavoidable,4.32,2.78,22
unaware,4.1,2.0,21
unbalanced,4.74,2.73,23
unbearable,5.76,2.28,21
unbeatable,5.25,2.31,20
unbecoming,4.73,2.05,22
unbelievable,5.4,2.48,20
unborn,5.28,2.02,18
unbreakable,4.1,2.05,21
unbridled,4.45,2.8,20
unbutton,5.95,2.19,20
uncalled,3.3,1.87,23
uncanny,4.71,2.15,21
uncertain,4.45,1.87,22
uncertainty,5.27,2.53,22
unchanged,2.68,1.81,22
uncharted,5.1,2.3,21
uncivilized,4.95,2.42,20
uncle,4.05,2.33,21
unclean,4.12,2.56,24
unclear,4.19,1.72,21
uncomfortable,5.5,2.21,24
uncommon,3.2,2.28,20
uncomplicated,3.58,2.12,24
uncompromising,5.17,2.12,23
unconditional,4.1,2.88,21
unconfirmed,4.43,1.86,21
unconscious,4.55,2.44,22
uncontrollable,5.81,2.06,21
unconventional,4.8,2.19,20
uncooperative,4.8,2.31,20
uncouth,4.14,2.03,21
uncover,3.55,2.37,20
uncut,3.61,2.0,18
undead,5.27,2.27,26
undefeated,4.32,2.61,22
undeniable,3.5,1.82,20
underage,3.76,2.02,21
underbelly,3.74,2.24,23
undercover,3.73,2.29,22
underdog,5.38,2.5,21
underestimate,4.48,2.6,21
undergo,3.88,2.35,25
undergraduate,3.95,1.94,21
underground,4.24,2.39,21
underhanded,4.33,2.39,21
underlay,3.05,2.28,20
underlying,4.7,2.45,20
undermine,4.21,2.35,19
underpants,5.08,2.06,26
underprivileged,3.89,2.19,18
underrated,4.64,2.13,22
undersea,4.45,2.86,20
undersecretary,2.86,1.81,22
understaffed,3.95,2.78,20
understand,3.52,2.16,21
understandable,3.48,2.37,25
understanding,3.09,2.0,23
understatement,4.61,2.23,23
understudy,4.13,1.96,23
undertake,4.22,2.26,23
undertaker,3.82,2.38,22
undertaking,3.28,1.87,18
undertow,4.46,2.32,24
underwear,4.46,2.26,24
underworld,5.14,1.98,21
undesirable,4.0,2.16,22
undetectable,4.3,2.75,20
undetected,3.77,2.09,22
undetermined,3.7,2.05,23
undignified,4.41,2.11,22
undiscovered,3.83,2.18,18
undisputed,4.13,2.01,23
undisturbed,2.59,2.22,22
undivided,3.52,2.38,21
undo,3.52,2.44,21
undress,5.96,2.77,23
undressed,5.35,2.67,26
undue,3.53,1.91,17
undying,4.75,2.63,20
uneasy,4.48,2.77,21
uneducated,3.9,2.41,21
unemployed,5.26,2.22,23
unemployment,5.59,2.92,22
unending,4.36,2.72,22
unethical,4.25,2.84,20
uneven,3.43,2.56,21
uneventful,2.56,1.72,18
unexpected,5.1,2.65,20
unexplainable,3.94,2.36,17
unexplained,4.86,2.32,22
unexplored,5.86,2.7,22
unfair,3.75,2.8,24
unfaithful,5.59,2.44,41
unfamiliar,5.18,2.46,22
unfeeling,3.61,2.5,18
unfinished,3.36,2.08,22
unfit,3.77,2.07,22
unfold,3.87,2.4,23
unforeseen,4.0,2.68,20
unforgettable,5.84,2.67,19
unforgivable,6.25,2.43,20
unforgiving,4.81,2.3,26
unfortunate,3.52,2.35,25
unfounded,3.96,2.07,26
unfreeze,3.41,1.68,22
unfriendly,4.05,2.54,20
unglued,4.12,2.6,17
ungodly,5.27,2.19,22
ungrateful,4.71,2.24,21
unguarded,4.33,2.8,21
unhand,3.78,2.21,23
unhappiness,4.41,2.84,22
unhappy,5.1,2.4,42
unharmed,2.45,1.54,20
unhealthy,4.36,2.11,22
unheard,3.18,2.08,22
unholy,5.16,2.87,19
unhook,3.31,2.05,26
unicorn,5.14,2.49,22
unidentified,4.89,2.47,19
unification,4.33,2.25,18
unified,3.57,1.78,21
uniform,3.55,1.99,22
uniformed,4.25,2.12,20
unimaginable,4.65,2.51,26
unimportant,3.52,2.34,21
uninhabited,3.56,2.04,18
unintelligible,3.81,2.09,21
unintentional,3.52,2.11,21
uninterrupted,3.32,1.91,22
uninvited,4.38,2.58,21
union,4.05,2.82,20
unique,4.0,2.45,21
unisex,4.95,2.84,22
unison,3.43,1.9,23
unit,3.33,2.31,21
unite,3.19,2.52,21
unity,4.8,2.65,20
universal,4.87,2.83,23
universe,3.91,3.23,23
university,4.24,2.36,21
unjust,6.33,2.2,21
unkind,4.24,2.07,21
unknown,4.71,2.71,24
unlawful,4.46,2.32,26
unleash,5.14,2.54,21
unlikely,3.82,2.36,22
unlimited,4.52,2.6,21
unlisted,3.73,2.25,22
unload,3.24,1.95,21
unlock,3.2,1.91,20
unlucky,4.62,2.36,21
unmanned,3.33,2.11,21
unmarked,2.77,1.54,22
unmarried,5.32,2.19,22
unmistakable,4.33,2.32,24
unmitigated,4.19,2.06,21
unnamed,4.05,2.36,22
unnatural,5.52,2.27,21
unnecessary,3.79,2.43,24
unnoticed,3.28,1.84,25
unofficial,3.59,2.52,22
unopened,3.32,2.38,22
unorthodox,3.45,2.61,20
unpack,2.9,2.13,20
unpaid,5.62,2.6,21
unparalleled,3.85,2.21,20
unpleasant,4.73,2.8,22
unpleasantness,4.36,2.22,25
unplug,3.25,1.97,20
unplugged,3.25,2.8,24
unpopular,4.25,2.29,20
unprecedented,4.32,2.77,22
unpredictable,4.8,2.61,20
unprepared,5.09,2.2,22
unprofessional,4.71,2.16,24
unprotected,5.35,2.31,23
unprovoked,3.62,2.58,24
unpunished,5.27,2.37,22
unqualified,4.67,1.88,21
unquote,3.0,2.32,20
unravel,4.16,2.57,19
unreachable,3.4,2.04,20
unreal,4.9,2.36,20
unrealistic,4.39,2.48,18
unreasonable,5.0,2.47,22
unrelated,3.18,1.84,22
unrelenting,4.86,2.25,22
unreliable,4.29,2.17,21
unremarkable,3.52,2.04,23
unrequited,4.23,2.62,22
unresolved,4.61,2.68,18
unresponsive,3.94,2.36,18
unrest,4.91,2.31,22
unromantic,3.55,1.97,22
unruly,4.41,2.84,22
unsafe,5.17,3.25,24
unsanitary,4.95,2.19,22
unsatisfied,4.61,2.57,23
unsavory,4.35,2.19,23
unscheduled,5.14,2.1,21
unscrew,3.2,2.44,20
unscrupulous,4.67,2.97,18
unseen,4.3,2.01,23
unselfish,3.3,2.27,20
unsolicited,3.73,2.16,22
unsolved,5.48,2.06,21
unsound,4.05,2.28,22
unspeakable,3.9,2.36,20
unspoken,3.55,2.22,22
unstable,5.05,2.7,22
unstoppable,4.82,2.61,22
unsuccessful,3.36,2.48,25
unsuitable,4.0,1.98,22
unsupervised,4.36,2.4,22
unsure,4.55,2.13,22
unsuspecting,3.55,2.54,20
unsympathetic,4.3,2.32,20
untamed,4.3,2.77,20
unthinkable,4.32,2.66,22
untidy,3.67,2.0,18
untie,2.8,1.82,20
untimely,4.4,2.21,20
untold,4.7,2.23,20
untouchable,4.7,2.01,23
untouched,3.52,2.16,21
untraceable,3.62,2.36,21
untrained,4.57,2.29,21
untroubled,3.02,2.3,41
untrue,4.14,2.78,22
untrustworthy,4.8,2.86,20
unturned,3.84,2.17,19
unused,3.0,1.65,20
unusual,4.15,2.58,20
unveil,3.89,2.38,19
unwanted,5.1,2.17,20
unwed,4.52,2.46,21
unwelcome,4.39,2.59,23
unwell,4.0,1.79,21
unwilling,4.64,1.99,22
unwind,3.62,1.94,21
unwise,4.52,2.15,23
unworthy,4.24,2.47,21
unwrap,4.29,2.55,21
unwritten,3.24,2.02,21
unzip,4.22,2.13,18
upbeat,4.92,2.38,25
upbringing,4.27,2.43,22
upcoming,4.5,1.88,20
update,3.89,2.59,18
upgrade,4.14,2.53,22
uphold,3.89,2.35,18
upholstery,3.12,2.19,24
upkeep,4.44,2.2,25
uplifting,4.7,2.45,20
uplink,4.05,2.46,20
upload,3.6,2.24,25
upper,3.52,2.68,21
uppercut,5.48,2.14,21
uppity,4.74,2.26,23
upright,3.29,2.01,24
uprising,5.65,2.66,20
uproar,5.48,2.35,23
upscale,3.82,1.68,22
upset,4.49,2.67,45
upstanding,3.3,2.36,20
upstart,4.45,1.95,22
uptight,4.09,3.01,22
upward,4.43,2.62,21
uranium,3.96,2.03,23
urban,4.41,2.84,22
urchin,4.0,2.1,21
urge,5.29,2.45,21
urgency,6.25,3.06,20
urgent,5.71,1.76,21
urinal,3.62,2.91,21
urinate,3.95,2.24,20
urination,4.4,2.52,20
urine,4.38,2.28,42
urn,2.9,2.14,21
usable,3.43,2.13,23
usage,2.5,1.82,22
use,4.19,2.66,21
useful,3.82,1.99,22
usefulness,4.5,2.04,22
useless,4.39,2.42,41
user,3.21,2.39,19
usher,3.95,2.65,21
usual,3.2,1.94,20
utensil,2.95,1.84,41
uterus,4.82,2.46,22
utility,4.22,1.96,18
utilize,4.33,2.48,21
utmost,3.1,1.97,20
utter,3.9,2.34,20
vacancy,3.68,2.21,22
vacant,2.86,1.55,22
vacate,4.9,2.45,20
vacation,5.22,2.92,49
vaccination,4.62,2.42,21
vaccine,6.45,1.96,20
vacuum,4.63,1.95,19
vagabond,4.55,2.22,22
vagina,5.83,2.59,42
vaginal,5.71,1.98,21
vagrancy,5.72,1.56,18
vagrant,3.82,2.13,22
vague,3.61,2.46,23
valance,3.73,2.07,22
vale,3.0,2.23,22
valedictorian,4.43,2.52,21
valentine,4.79,2.37,43
valet,4.29,2.39,24
valiant,4.9,2.51,21
valid,4.0,2.41,21
validate,4.05,1.88,21
validation,4.2,2.31,20
validity,2.73,2.0,22
valium,2.67,1.93,21
valley,2.7,1.84,20
valor,3.67,2.75,24
valuable,3.85,2.32,20
valuables,5.05,2.46,21
value,5.79,2.12,19
valve,3.84,2.06,19
vamoose,4.86,2.15,21
vamp,5.3,2.08,20
vampire,5.17,2.28,42
van,4.35,2.12,23
vandal,4.84,2.6,44
vandalism,4.67,2.44,24
vanguard,3.2,2.4,20
vanilla,3.62,2.42,21
vanish,5.05,1.99,21
vanishing,4.74,2.47,19
vanity,3.77,2.29,22
vanquish,5.05,2.48,20
vanquished,5.52,1.93,23
vanquishing,4.4,2.14,20
vantage,3.15,2.13,20
vapor,3.24,2.19,21
variable,3.65,2.3,20
variation,3.9,1.76,21
variety,5.16,2.5,19
various,3.82,1.87,22
varmint,4.56,2.5,18
varnish,3.43,1.91,21
varsity,3.55,2.4,22
vary,3.59,1.97,22
varying,5.3,2.23,20
vascular,4.55,1.92,22
vase,3.57,2.48,23
vasectomy,5.79,2.39,19
vassal,3.82,1.89,22
vast,4.71,2.76,21
vat,3.25,2.34,20
vault,2.86,2.17,22
veal,3.86,1.49,21
vector,3.52,1.78,21
veer,4.2,2.61,20
vegan,3.11,2.22,18
vegetable,3.75,2.83,20
vegetarian,3.45,2.78,20
vegetation,3.8,2.71,20
vegetative,3.37,2.34,19
veggie,3.09,2.14,22
vehicle,4.68,2.23,22
veil,3.83,2.01,18
veiled,3.32,1.97,19
vein,3.7,2.49,20
velocity,5.74,2.16,19
velour,4.0,2.43,21
velvet,4.53,3.06,19
vendetta,5.85,1.9,20
vending,3.62,2.31,21
vendor,3.82,2.17,22
veneer,4.21,2.02,24
venereal,4.58,2.43,24
venetian,4.0,2.07,21
vengeance,5.23,2.45,22
vengeful,5.14,2.27,22
venison,3.84,2.32,25
venom,5.81,2.19,42
venomous,7.21,2.15,19
vent,4.06,2.18,18
ventilation,2.7,1.84,20
ventilator,4.05,2.46,22
ventricle,3.14,2.05,22
ventriloquist,5.0,2.03,20
venture,5.55,2.24,22
venue,4.18,2.3,22
veranda,2.83,1.79,18
verb,3.6,2.5,20
verbal,3.76,2.33,25
verdict,5.63,2.14,19
verge,4.65,2.64,23
verification,4.05,2.09,21
verify,4.21,2.17,24
veritable,3.77,1.82,22
vermin,5.22,2.63,23
vermouth,4.27,2.43,22
vernacular,4.15,2.18,20
versatile,3.59,2.22,22
verse,3.65,2.41,20
version,3.43,2.42,21
vertebra,3.15,2.37,20
vertical,4.32,2.3,22
vertigo,3.71,2.61,24
vessel,3.62,2.33,21
vest,4.1,2.15,39
vet,3.95,2.52,20
veteran,4.16,1.84,25
veterinarian,3.39,2.17,18
veterinary,3.75,2.61,20
veto,3.91,2.11,22
viable,4.19,2.18,21
vial,3.6,2.16,20
vibe,4.35,2.35,20
vibes,4.48,2.86,21
vibrant,5.96,2.33,23
vibrate,5.52,1.86,21
vibration,5.36,2.46,22
vibrator,5.95,2.52,22
vicar,3.87,2.18,23
vice,3.96,2.67,23
Vice President,3.09,2.27,23
viceroy,5.26,2.03,23
vicinity,4.32,1.53,19
vicious,6.05,2.48,19
victim,5.37,2.36,41
victorious,6.16,2.19,19
victory,5.9,2.34,21
video,4.8,2.61,20
video game,6.56,2.2,18
videotape,4.67,2.4,18
view,3.3,2.0,20
viewer,3.57,2.29,21
viewing,3.4,2.04,20
viewpoint,3.55,1.99,20
vigil,3.1,2.0,20
vigilance,3.64,2.38,22
vigilant,5.19,2.42,21
vigilante,5.18,2.54,22
vigor,6.35,2.06,20
vigorous,5.63,2.28,43
vile,5.48,2.36,21
villa,2.9,2.27,20
village,3.4,2.26,20
villain,4.91,2.76,23
vindication,4.61,2.25,23
vindictive,4.64,2.78,25
vine,2.7,1.92,20
vinegar,3.55,2.72,22
vineyard,3.0,2.16,19
vintage,4.35,2.39,20
vinyl,3.39,2.0,18
viola,4.65,2.43,20
violate,5.76,2.77,21
violation,4.52,2.78,23
violence,5.95,2.36,21
violent,6.3,2.47,20
violet,4.09,2.49,22
violin,3.41,2.1,41
violinist,3.38,2.46,21
viper,5.17,2.69,23
viral,5.52,2.33,23
virgin,4.58,2.57,43
virginal,4.67,2.27,21
virginity,5.14,2.46,22
virility,4.14,2.46,22
virtual,4.24,2.07,21
virtue,4.55,2.59,47
virtuoso,5.38,1.91,21
virtuous,5.1,2.25,20
virus,4.61,2.29,23
visa,4.33,2.85,21
visibility,3.09,2.22,22
visible,4.15,2.13,26
vision,3.18,2.2,44
visionary,4.48,2.44,21
visit,3.9,2.63,20
visitation,4.17,2.64,18
visitor,4.0,2.14,18
visor,3.14,1.62,21
visual,4.43,2.04,21
visualize,4.36,1.97,22
vital,5.15,2.5,20
vitality,4.71,2.63,21
vitals,4.8,2.14,20
vitamin,3.38,2.18,21
viva,4.19,2.84,21
vivid,5.26,2.98,19
vixen,5.09,2.83,22
vocabulary,3.6,1.93,20
vocal,3.91,2.5,23
vocation,4.54,2.13,24
vodka,5.23,2.91,22
vogue,3.91,2.21,23
voice,3.25,2.59,20
voicemail,3.83,2.19,23
void,3.95,2.54,22
volatile,5.35,2.87,20
volcanic,5.6,2.19,20
volcano,6.7,1.38,20
volley,3.55,2.54,20
volleyball,4.55,2.46,22
voltage,5.36,2.84,22
volume,5.0,2.66,21
volumes,3.43,1.88,23
voluntary,3.95,2.11,20
volunteer,3.95,1.73,20
voluptuous,5.29,2.37,24
vomit,4.82,2.46,22
voodoo,5.57,2.46,23
vortex,4.59,2.84,22
vote,5.05,2.21,20
voter,4.75,2.36,20
vouch,3.58,2.46,19
voucher,4.4,2.78,20
vow,4.21,2.25,19
vowel,3.14,2.08,21
voyage,5.9,1.97,20
voyeur,4.65,2.23,20
vulgar,5.53,2.01,19
vulnerability,4.65,2.35,20
vulnerable,4.5,2.64,24
vulture,5.0,1.91,19
wacko,5.32,2.9,22
wacky,4.48,2.38,21
wad,4.11,2.35,18
waddle,3.44,1.98,18
waffle,4.5,2.69,24
wag,4.67,2.31,21
wage,3.43,2.11,21
wager,4.75,2.17,20
wagon,3.1,2.17,41
wail,5.81,1.75,21
waist,4.0,2.38,20
waistline,4.62,2.11,21
wait,3.62,2.13,21
waiter,3.05,1.87,19
waitress,3.5,2.3,24
waive,3.14,2.4,22
waiver,2.95,2.17,22
wake,3.8,2.61,20
walk,3.24,2.02,21
walkout,4.06,2.18,18
wall,2.9,1.92,21
wallaby,2.91,1.72,22
wallet,4.25,2.22,20
wallflower,2.91,2.14,22
wallop,3.5,2.52,20
wallow,4.3,2.7,20
wallpaper,2.81,1.94,21
walnut,2.81,2.32,21
walrus,3.95,1.96,21
waltz,3.58,2.34,24
wand,4.0,2.68,20
wander,3.41,1.82,22
wanderer,3.82,1.99,22
wannabe,5.05,2.59,19
want,5.29,2.12,21
wanton,3.15,2.11,20
war,6.27,2.2,41
ward,3.28,2.56,25
warden,4.91,2.24,22
wardrobe,5.16,2.39,19
warehouse,3.57,1.72,21
warfare,6.5,2.76,22
warhead,6.43,1.53,23
warlock,5.55,2.82,22
warlord,5.57,2.42,21
warm,3.35,2.5,20
warmth,4.33,2.35,21
warn,4.65,2.79,23
warning,6.25,2.53,20
warp,5.4,2.41,20
warpath,6.72,2.11,18
warped,4.48,2.42,21
warrant,5.61,2.5,23
warranty,2.86,2.03,22
warrior,5.94,2.01,18
warship,4.39,2.76,23
wart,2.79,2.17,24
wartime,5.43,2.25,21
wary,3.96,2.59,25
wash,3.7,2.18,20
washer,2.9,1.8,20
washout,3.52,1.86,21
washroom,2.83,2.06,23
wasp,5.33,2.58,43
waste,4.04,2.27,23
wastebasket,4.15,2.85,20
wasteful,3.55,1.99,20
wasteland,4.4,2.43,25
watch,3.37,2.04,43
watchdog,5.33,2.17,18
watcher,4.81,2.18,21
watchman,4.45,2.56,20
watchtower,3.7,2.3,20
water,3.71,2.39,21
water polo,3.45,2.37,20
waterbed,3.18,2.63,17
waterfall,4.35,2.82,43
waterfront,3.77,2.44,26
watering can,3.0,1.88,22
watermelon,4.64,2.48,22
waterproof,3.78,2.28,23
waterworks,3.6,2.52,20
watery,3.24,2.0,21
wave,4.19,2.16,21
wavelength,3.44,2.31,25
waver,3.84,1.83,19
wavy,2.5,1.67,20
wax,3.64,2.06,22
waxed,5.37,2.43,19
way,2.9,1.92,21
wayward,4.21,2.13,24
weak,4.9,2.17,20
weaken,4.19,2.86,16
weakling,4.21,2.43,24
weakness,4.43,2.15,23
wealth,5.24,2.4,25
wealthy,5.3,2.69,23
weapon,6.27,2.48,44
weaponry,6.09,2.33,23
wear,3.33,1.88,21
wearer,3.86,1.98,21
weary,2.9,1.84,21
weasel,4.92,2.04,25
weather,4.21,2.32,19
weatherman,2.89,1.88,18
weave,3.1,2.05,21
web,4.14,2.83,22
website,3.58,2.22,24
wed,4.95,2.87,21
wedded,4.14,2.41,21
wedding,5.32,3.12,44
wedge,3.24,1.73,21
wedlock,4.45,2.14,20
wee,3.3,2.45,20
weed,4.78,2.81,23
weeds,4.32,1.99,22
week,3.33,2.03,21
weekday,3.68,2.08,25
weekend,5.81,2.82,21
weekly,2.86,1.53,21
weenie,3.88,2.49,25
weep,4.0,2.47,23
weeping willow,3.7,2.77,20
weepy,4.0,2.1,21
weigh,4.14,2.51,22
weight,4.05,2.33,20
weird,4.29,2.37,21
weirdness,4.56,2.14,25
weirdo,4.9,2.59,20
welcome,3.76,2.26,21
weld,4.62,1.96,21
welder,3.8,2.57,25
welding,3.7,2.13,20
welfare,4.32,1.89,22
wellness,4.56,2.4,25
welsh,4.0,2.02,22
wench,4.06,1.92,18
werewolf,5.0,2.56,22
west,3.05,1.94,21
westbound,4.74,2.49,23
western,4.48,2.59,23
wet,5.0,2.71,20
wetback,3.67,2.35,18
whack,3.71,2.46,24
whale,4.2,2.76,20
whaling,3.2,1.99,20
whammy,5.75,2.59,20
wharf,3.65,1.9,20
whatnot,2.59,1.87,22
wheat,3.94,2.3,17
wheel,4.0,2.36,20
wheel barrow,3.05,1.96,20
wheelbarrow,3.1,1.94,20
wheelchair,3.74,2.08,19
wheeze,4.24,2.49,25
whelp,4.14,2.29,21
whereabouts,3.87,2.2,23
whiff,5.05,2.37,20
whim,4.05,2.04,20
whimper,4.29,2.05,21
whimsical,4.77,2.91,22
whimsy,3.81,2.53,26
whine,3.62,2.36,21
whiny,4.24,2.28,21
whip,5.1,3.09,20
whiplash,5.36,2.36,22
whirl,4.57,2.44,21
whirlpool,5.35,2.68,20
whirlwind,6.05,1.84,19
whisk,4.48,1.66,21
whiskers,4.61,2.21,23
whiskey,5.62,2.44,21
whisper,4.1,2.92,20
whistle,3.94,2.01,18
whit,4.05,1.99,21
white,3.35,2.36,43
whitefish,2.67,1.83,21
whitewash,2.87,1.77,23
whittle,2.84,1.89,19
whiz,3.92,2.78,25
whole,3.48,2.5,21
wholesale,3.48,1.91,21
wholesome,4.18,1.7,17
whopper,4.39,1.82,18
whopping,4.0,2.9,20
whore,6.29,2.28,42
whorehouse,5.52,2.57,23
wicked,5.86,1.65,21
wickedness,6.0,2.55,20
wicker,3.06,1.76,18
wide,3.05,2.12,19
widen,3.46,2.47,24
widespread,4.05,2.73,21
widow,3.5,2.4,20
widowed,4.78,2.28,23
widower,2.83,1.47,18
width,3.73,2.35,22
wield,4.53,2.29,19
wiener,4.94,2.97,17
wienie,3.84,2.3,25
wife,4.21,2.68,43
wig,3.36,2.08,22
wiggle,5.04,1.69,23
wiki,3.64,2.46,22
wild,5.9,2.76,21
wildcat,5.2,2.78,20
wildebeest,4.11,2.49,18
wilderness,4.85,2.16,20
wildfire,5.9,2.61,21
wildlife,5.67,1.93,21
will,2.9,2.07,21
willful,3.71,2.03,21
willies,4.57,2.68,21
willing,2.76,2.05,21
willingness,4.25,1.74,20
willow,2.78,1.99,18
willpower,5.22,2.49,23
wilt,3.24,1.41,21
wily,4.71,2.26,21
wimp,2.38,1.64,24
wimpy,3.95,2.19,22
win,5.61,3.24,23
winch,3.9,1.79,21
wind,3.7,2.47,20
windbag,3.76,1.67,25
windmill,3.52,2.35,46
window,3.27,1.91,41
windowsill,2.5,1.67,20
windpipe,3.73,2.21,22
windshield,4.75,2.02,20
windy,4.23,2.54,22
wine,4.24,2.55,42
wine cooler,3.45,2.04,22
wing,4.32,2.63,19
winged,3.87,2.18,23
winger,2.7,1.98,20
wingman,3.9,2.1,21
wink,4.75,2.4,20
winner,6.53,2.82,19
winnings,6.55,2.46,22
wino,3.25,2.17,24
winter,2.77,2.33,22
wintertime,3.76,2.39,25
wipe,3.54,2.06,24
wiper,2.62,1.4,21
wire,4.2,2.12,20
wireless,4.05,1.69,21
wiretap,5.23,2.47,22
wiring,3.75,2.31,20
wisdom,3.77,3.02,22
wise,4.46,2.77,39
wish,3.38,2.33,21
wishbone,4.0,2.51,21
wishful,4.4,2.56,20
wisp,3.59,2.09,22
wit,4.71,2.81,21
witch,5.3,2.45,20
witchcraft,5.24,2.72,21
withdraw,3.95,2.1,22
withdrawal,4.32,2.64,22
wither,3.3,2.32,20
withering,4.38,2.09,21
withhold,3.47,2.14,19
withholding,4.14,2.1,21
withstand,4.21,2.21,24
witless,4.39,1.97,18
witness,3.67,2.58,21
witty,5.65,2.03,17
wiz,4.23,2.67,22
wizard,4.09,2.83,23
wobble,3.5,2.4,24
wobbly,4.77,1.85,22
woe,4.71,2.41,21
wok,3.55,1.99,22
wolf,5.25,2.24,20
wolverine,5.17,2.38,18
woman,3.8,2.4,20
womanhood,4.74,2.72,23
womanizer,4.86,3.17,22
womb,2.8,2.02,20
wonder,4.38,2.6,21
wonderful,4.57,2.54,21
wondrous,4.52,2.76,23
wont,4.23,2.44,26
woo,4.33,2.27,21
wood,3.5,1.7,20
wooden,4.0,2.21,26
woodland,2.46,1.82,24
woodpecker,4.48,2.26,25
woodshed,3.44,2.2,18
woodsman,3.27,1.86,22
woodwork,3.56,2.4,25
woof,5.15,2.48,20
wool,2.58,1.89,24
woolen,3.38,2.21,26
woozy,3.15,2.21,20
word,4.0,2.63,21
work,4.33,2.37,21
workaholic,4.05,2.62,21
worker,3.6,2.01,20
workings,2.95,2.17,19
workload,3.92,2.83,24
workman,3.76,1.97,21
workmanship,4.14,2.29,22
workout,5.64,2.24,22
workplace,3.5,2.28,22
workshop,3.57,2.79,21
workup,4.85,2.43,20
world,4.55,2.3,42
worldly,3.36,2.24,22
worm,3.5,2.28,20
wormhole,4.09,2.31,23
wormwood,3.36,1.81,22
worried,5.81,2.75,21
worry,6.33,2.73,21
worrying,5.36,2.46,22
worship,3.78,2.61,23
worthless,4.45,2.91,22
worthwhile,3.68,2.42,22
worthy,4.77,2.25,22
would,3.81,2.38,21
wound,4.65,2.19,23
wounds,4.0,2.73,23
wrap,3.85,2.3,20
wrapper,3.33,2.0,18
wrath,5.95,2.27,21
wreak,5.33,2.57,18
wreath,3.17,2.17,23
wreck,4.65,3.1,20
wreckage,5.71,2.28,21
wrecker,5.6,2.5,20
wrench,3.7,1.95,20
wrestle,4.55,2.34,22
wrestler,4.32,2.46,22
wrestling,4.24,2.63,25
wretch,4.85,2.33,26
wretched,3.8,2.4,25
wriggle,3.75,2.49,24
wring,3.89,1.91,19
wringer,3.28,2.32,18
wrinkle,4.61,2.19,23
wrinkled,3.8,2.21,20
wrist,3.27,1.91,22
wristwatch,3.75,2.63,20
writ,4.18,2.32,22
write,3.81,2.18,21
writer,4.74,2.4,39
wrong,5.29,2.19,21
wrongdoing,4.77,2.29,22
wrongful,5.48,2.23,23
yacht,3.98,2.56,46
yahoo,5.6,2.58,20
yak,3.84,1.92,19
yank,4.5,2.09,20
yap,4.28,2.4,18
yard,3.68,2.03,22
yarn,2.7,2.25,20
yawn,2.84,1.93,25
year,3.33,2.03,21
yearbook,3.45,2.42,20
yearly,3.05,1.82,20
yearn,3.73,2.07,22
yeast,3.26,2.05,19
yell,4.94,2.51,18
yeller,4.64,2.54,22
yellow,3.83,2.33,41
yen,2.91,1.88,23
yield,3.85,2.43,20
yo-yo,4.04,2.42,24
yodel,3.33,2.15,21
yoga,3.33,2.42,21
yogurt,4.52,2.71,23
yoke,3.4,2.56,20
yolk,3.05,2.01,19
young,4.09,2.22,22
youngster,4.55,2.19,20
youth,4.14,2.58,44
youthful,5.68,2.5,22
yucky,4.35,2.58,20
yuletide,4.0,2.24,19
yummy,4.48,2.5,25
yuppie,4.65,2.37,20
zap,4.41,2.44,22
zeal,5.33,2.71,21
zebra,3.9,2.75,20
zenith,3.71,2.12,24
zephyr,3.41,2.2,22
zest,5.41,2.44,22
zeta,3.75,2.2,20
zigzag,5.42,2.34,19
zilch,4.05,2.21,20
zillion,4.26,2.83,23
zinc,3.17,2.04,18
zing,4.81,2.69,21
zip,4.24,2.23,21
zipper,3.73,2.21,22
zit,4.29,2.43,21
zodiac,4.25,2.51,20
zombie,6.53,1.95,19
zone,3.78,2.53,18
zoning,3.77,1.95,22
zoo,5.63,2.54,19
zoom,5.68,2.54,19
zucchini,4.18,2.2,22
