model,family,params_b,task,level,n_items,rho,ceiling,share,mass_median
Falcon3-10B-Instruct,Falcon 3,10.3,50_sentences_noisy_channel_may_25_2011,pragmatics,208,-0.111,0.555,-0.2001,0.9999
Falcon3-10B-Instruct,Falcon 3,10.3,50_sentences_with_2_comp_qs_plus_rating_mar_11_2011,sentence_semantics,208,0.3485,0.588,0.5927,1.0
Falcon3-10B-Instruct,Falcon 3,10.3,acceptability_extension_959_v5,syntax,566,0.7274,0.797,0.9127,1.0
Falcon3-10B-Instruct,Falcon 3,10.3,acceptability_judgments_kang,syntax,136,0.8156,0.974,0.8373,1.0
Falcon3-10B-Instruct,Falcon 3,10.3,acceptability_replication_959,syntax,288,0.9001,0.964,0.9337,1.0
Falcon3-10B-Instruct,Falcon 3,10.3,acd_context_polly_1_nov_23_2012,discourse,310,0.0285,0.462,0.0616,1.0
Falcon3-10B-Instruct,Falcon 3,10.3,acd_no_context_polly_1_nov_23_2012,syntax,213,0.522,0.838,0.6229,1.0
Falcon3-10B-Instruct,Falcon 3,10.3,acd_project_also_3_nov_24_2012_2,syntax,128,0.5702,0.874,0.6525,1.0
Falcon3-10B-Instruct,Falcon 3,10.3,acd_project_expt_23_also_nov_16_2012,syntax,600,0.4731,0.825,0.5735,1.0
Falcon3-10B-Instruct,Falcon 3,10.3,acd_project_expt_24_same_diff_verbs_nov_16_2012,syntax,472,0.3888,0.89,0.4368,1.0
Falcon3-10B-Instruct,Falcon 3,10.3,acd_project_expt_31_same_diff_verbs_nov_16_2012_1,syntax,176,0.5824,0.755,0.7714,1.0
Falcon3-10B-Instruct,Falcon 3,10.3,acd_project_expt_42_also_verbs_nov_29_2012_1,syntax,176,0.417,0.63,0.6618,1.0
Falcon3-10B-Instruct,Falcon 3,10.3,acd_project_expt_44_the_same_nov_29_2012_1,syntax,140,0.5587,0.601,0.9297,1.0
Falcon3-10B-Instruct,Falcon 3,10.3,acd_project_expt_45_hkv_expt_2_plaus_nov_29_2012,syntax,360,0.3838,0.774,0.4958,1.0
Falcon3-10B-Instruct,Falcon 3,10.3,acd_project_expt_46_also_in_hkv_2_nov_29_2012_1,syntax,448,0.265,0.56,0.4732,1.0
Falcon3-10B-Instruct,Falcon 3,10.3,active_passive_sentence_naturalness_survey_july_2012,syntax,132,0.6421,0.887,0.7239,1.0
Falcon3-10B-Instruct,Falcon 3,10.3,aixiu_coherence_en_update1,sentence_semantics,277,0.8006,0.882,0.9077,1.0
Falcon3-10B-Instruct,Falcon 3,10.3,alex_paunov_literal_inferences_dec_3_2011,pragmatics,299,0.7119,0.908,0.784,1.0
Falcon3-10B-Instruct,Falcon 3,10.3,amouyal2024_plausibility,sentence_semantics,853,0.5026,0.915,0.5493,0.9999
Falcon3-10B-Instruct,Falcon 3,10.3,animacy_passive_dative_kyle,syntax,120,0.4721,0.926,0.5098,1.0
Falcon3-10B-Instruct,Falcon 3,10.3,anne_abeille_acceptability_july_12_2017_1,syntax,296,0.4766,0.635,0.7506,1.0
Falcon3-10B-Instruct,Falcon 3,10.3,base_acceptability_0908,syntax,73,0.5277,0.931,0.5669,1.0
Falcon3-10B-Instruct,Falcon 3,10.3,brief_sentence_naturalness_survey_march_2011,sentence_semantics,64,0.8286,0.96,0.8631,1.0
Falcon3-10B-Instruct,Falcon 3,10.3,can_noncan_acceptability_0924,syntax,88,0.5157,0.966,0.5339,1.0
Falcon3-10B-Instruct,Falcon 3,10.3,can_noncan_acceptability_2,syntax,88,0.6252,0.962,0.6499,1.0
Falcon3-10B-Instruct,Falcon 3,10.3,chinese_dative,discourse,96,0.4658,0.715,0.6515,1.0
Falcon3-10B-Instruct,Falcon 3,10.3,class_demo,syntax,44,0.6551,0.927,0.7067,1.0
Falcon3-10B-Instruct,Falcon 3,10.3,clefting_e3,syntax,48,0.3976,0.877,0.4534,1.0
Falcon3-10B-Instruct,Falcon 3,10.3,clefting_e4,syntax,48,0.4911,0.969,0.5068,1.0
Falcon3-10B-Instruct,Falcon 3,10.3,coherence_survey_list1_main,discourse,100,0.8814,0.95,0.9277,1.0
Falcon3-10B-Instruct,Falcon 3,10.3,coherence_survey_list2_main,discourse,100,0.8996,0.948,0.9489,1.0
Falcon3-10B-Instruct,Falcon 3,10.3,coherence_survey_list3_main,discourse,100,0.8681,0.942,0.9215,1.0
Falcon3-10B-Instruct,Falcon 3,10.3,coherence_survey_list4_main,discourse,100,0.8473,0.95,0.8919,1.0
Falcon3-10B-Instruct,Falcon 3,10.3,constituency_tests_2,syntax,48,0.7232,0.836,0.865,1.0
Falcon3-10B-Instruct,Falcon 3,10.3,constituency_tests,syntax,48,0.4934,0.654,0.7545,1.0
Falcon3-10B-Instruct,Falcon 3,10.3,copy_cat_polly_june_2014,discourse,102,0.5451,0.865,0.6302,1.0
Falcon3-10B-Instruct,Falcon 3,10.3,copy_of_verb_causality_study_semantics_ratings_mk_april_2010,lexical_semantics,62,0.3483,0.83,0.4196,1.0
Falcon3-10B-Instruct,Falcon 3,10.3,crossed_dependencies_long,syntax,201,0.4256,0.899,0.4734,0.9998
Falcon3-10B-Instruct,Falcon 3,10.3,cul_jack_april_12_2012_54_short_texts_with_two_comprehension_questions,syntax,210,0.4659,0.896,0.52,0.9998
Falcon3-10B-Instruct,Falcon 3,10.3,cul_jack_sentence_naturalness_survey_april_2010,syntax,220,0.7998,0.952,0.8402,1.0
Falcon3-10B-Instruct,Falcon 3,10.3,dative_alternation_extension_version_2,syntax,229,0.3745,0.456,0.8213,1.0
Falcon3-10B-Instruct,Falcon 3,10.3,dative_finnish,discourse,96,0.2929,0.689,0.4252,0.1535
Falcon3-10B-Instruct,Falcon 3,10.3,dative_turkish,discourse,96,-0.0908,0.734,-0.1237,0.01
Falcon3-10B-Instruct,Falcon 3,10.3,dentella2023_grammaticality,syntax,80,0.5503,0.981,0.561,0.9993
Falcon3-10B-Instruct,Falcon 3,10.3,depth_charge_survey,sentence_semantics,188,0.6086,0.846,0.7194,0.9916
Falcon3-10B-Instruct,Falcon 3,10.3,depth_charge_with_noise,sentence_semantics,188,0.6608,0.854,0.7737,0.9919
Falcon3-10B-Instruct,Falcon 3,10.3,discourse_30subjs_list1,discourse,100,0.8649,0.941,0.9192,1.0
Falcon3-10B-Instruct,Falcon 3,10.3,discourse_30subjs_list2,discourse,100,0.9087,0.951,0.9555,1.0
Falcon3-10B-Instruct,Falcon 3,10.3,discourse_30subjs_list3,discourse,100,0.8898,0.947,0.9396,1.0
Falcon3-10B-Instruct,Falcon 3,10.3,discourse_30subjs_list4,discourse,100,0.8829,0.942,0.9373,1.0
Falcon3-10B-Instruct,Falcon 3,10.3,discourse_causality_list1,discourse,100,0.8221,0.935,0.8792,0.9998
Falcon3-10B-Instruct,Falcon 3,10.3,discourse_causality_list2,discourse,100,0.8436,0.952,0.8862,0.9999
Falcon3-10B-Instruct,Falcon 3,10.3,discourse_causality_list3,discourse,100,0.8523,0.933,0.9135,0.9999
Falcon3-10B-Instruct,Falcon 3,10.3,discourse_causality_list4,discourse,100,0.8215,0.955,0.8602,0.9999
Falcon3-10B-Instruct,Falcon 3,10.3,discourse_changed_0428,discourse,48,0.8227,0.953,0.8633,1.0
Falcon3-10B-Instruct,Falcon 3,10.3,discourse_coherence_list1,discourse,100,0.8816,0.943,0.9349,0.9999
Falcon3-10B-Instruct,Falcon 3,10.3,discourse_coherence_list2,discourse,100,0.8644,0.936,0.9235,1.0
Falcon3-10B-Instruct,Falcon 3,10.3,discourse_coherence_list3,discourse,100,0.8659,0.95,0.9115,0.9999
Falcon3-10B-Instruct,Falcon 3,10.3,discourse_coherence_list4,discourse,100,0.861,0.933,0.9229,0.9999
Falcon3-10B-Instruct,Falcon 3,10.3,discourse_imagability_pairs_list1,sentence_semantics,100,0.5004,0.917,0.5457,1.0
Falcon3-10B-Instruct,Falcon 3,10.3,discourse_imagability_pairs_list2,sentence_semantics,100,0.5288,0.946,0.559,1.0
Falcon3-10B-Instruct,Falcon 3,10.3,discourse_imagability_singles_list1,sentence_semantics,100,0.8045,0.938,0.8577,1.0
Falcon3-10B-Instruct,Falcon 3,10.3,discourse_imagability_singles_list2,sentence_semantics,100,0.8113,0.954,0.8505,1.0
Falcon3-10B-Instruct,Falcon 3,10.3,discourse_imagability_singles_list3,sentence_semantics,100,0.8227,0.931,0.8837,1.0
Falcon3-10B-Instruct,Falcon 3,10.3,discourse_imagability_singles_list4,sentence_semantics,100,0.7778,0.948,0.8205,1.0
Falcon3-10B-Instruct,Falcon 3,10.3,discourse_mentalizing_pairs_list1,sentence_semantics,100,0.595,0.928,0.6411,1.0
Falcon3-10B-Instruct,Falcon 3,10.3,discourse_mentalizing_pairs_list2,sentence_semantics,100,0.6038,0.931,0.6486,1.0
Falcon3-10B-Instruct,Falcon 3,10.3,discourse_mentalizing_singles_list1,sentence_semantics,100,0.6193,0.935,0.6624,0.9999
Falcon3-10B-Instruct,Falcon 3,10.3,discourse_mentalizing_singles_list2,sentence_semantics,100,0.6166,0.925,0.6666,0.9999
Falcon3-10B-Instruct,Falcon 3,10.3,discourse_mentalizing_singles_list3,sentence_semantics,100,0.5305,0.909,0.5836,0.9999
Falcon3-10B-Instruct,Falcon 3,10.3,discourse_mentalizing_singles_list4,sentence_semantics,100,0.7507,0.952,0.7886,0.9999
Falcon3-10B-Instruct,Falcon 3,10.3,discourse_physics_pairs_list1,sentence_semantics,100,0.5305,0.957,0.5543,1.0
Falcon3-10B-Instruct,Falcon 3,10.3,discourse_physics_pairs_list2,sentence_semantics,100,0.6095,0.951,0.6409,1.0
Falcon3-10B-Instruct,Falcon 3,10.3,discourse_physics_singles_list1,sentence_semantics,100,0.8542,0.943,0.9059,1.0
Falcon3-10B-Instruct,Falcon 3,10.3,discourse_physics_singles_list2,sentence_semantics,100,0.7589,0.952,0.7971,1.0
Falcon3-10B-Instruct,Falcon 3,10.3,discourse_physics_singles_list3,sentence_semantics,100,0.8184,0.941,0.8697,1.0
Falcon3-10B-Instruct,Falcon 3,10.3,discourse_physics_singles_list4,sentence_semantics,100,0.7853,0.942,0.8336,1.0
Falcon3-10B-Instruct,Falcon 3,10.3,discourse_scenes_pairs_list1,sentence_semantics,100,0.7892,0.944,0.836,1.0
Falcon3-10B-Instruct,Falcon 3,10.3,discourse_scenes_pairs_list2,sentence_semantics,100,0.7878,0.95,0.8292,1.0
Falcon3-10B-Instruct,Falcon 3,10.3,discourse_scenes_singles_list1,sentence_semantics,100,0.8214,0.944,0.8702,1.0
Falcon3-10B-Instruct,Falcon 3,10.3,discourse_scenes_singles_list2,sentence_semantics,100,0.8221,0.949,0.8663,1.0
Falcon3-10B-Instruct,Falcon 3,10.3,discourse_scenes_singles_list3,sentence_semantics,100,0.8253,0.966,0.8543,1.0
Falcon3-10B-Instruct,Falcon 3,10.3,discourse_scenes_singles_list4,sentence_semantics,100,0.8387,0.964,0.87,1.0
Falcon3-10B-Instruct,Falcon 3,10.3,diveica2023_socialness,lexical_semantics,1000,0.8332,0.883,0.9436,1.0
Falcon3-10B-Instruct,Falcon 3,10.3,ecog_sentences_imaginability_jan_8_2014,sentence_semantics,120,0.498,0.833,0.5978,1.0
Falcon3-10B-Instruct,Falcon 3,10.3,ecog_sentences_naturalness_jan_8_2014_2,sentence_semantics,120,0.4774,0.727,0.6567,1.0
Falcon3-10B-Instruct,Falcon 3,10.3,edwards2024_spelling_to_pronunciation_transparency,subword,1000,0.5988,0.826,0.7249,1.0
Falcon3-10B-Instruct,Falcon 3,10.3,erp_norming_error_detection_june_2013_4,syntax,323,-0.5303,0.841,-0.6306,1.0
Falcon3-10B-Instruct,Falcon 3,10.3,erp_sentence_naturalness_survey_june_2013_2,syntax,483,0.7174,0.922,0.7781,1.0
Falcon3-10B-Instruct,Falcon 3,10.3,eunice_disfluency_2_nov_17_2011,syntax,190,0.478,0.832,0.5745,1.0
Falcon3-10B-Instruct,Falcon 3,10.3,eunice_disfluency_nov_15_2011,syntax,468,0.4917,0.807,0.6093,1.0
Falcon3-10B-Instruct,Falcon 3,10.3,european_portuguese_rc,syntax,174,0.726,0.84,0.8643,0.9997
Falcon3-10B-Instruct,Falcon 3,10.3,european_portuguese_wh,syntax,174,0.6814,0.893,0.7631,0.9998
Falcon3-10B-Instruct,Falcon 3,10.3,extension,syntax,138,0.6775,0.872,0.7769,1.0
Falcon3-10B-Instruct,Falcon 3,10.3,gabriel_rc,syntax,174,0.6857,0.818,0.8383,0.9998
Falcon3-10B-Instruct,Falcon 3,10.3,gabriel_wh,syntax,174,0.5834,0.902,0.6467,0.9998
Falcon3-10B-Instruct,Falcon 3,10.3,giurgea2025_motivation,lexical_semantics,1000,0.7327,0.856,0.8559,0.9999
Falcon3-10B-Instruct,Falcon 3,10.3,huang_response_set1a,syntax,288,0.4767,0.966,0.4935,1.0
Falcon3-10B-Instruct,Falcon 3,10.3,huang_response_set1b,syntax,288,0.4419,0.964,0.4584,1.0
Falcon3-10B-Instruct,Falcon 3,10.3,huang_response_set2a,syntax,288,0.5052,0.97,0.5208,1.0
Falcon3-10B-Instruct,Falcon 3,10.3,huang_response_set2a_declaratives,syntax,288,0.4714,0.97,0.486,1.0
Falcon3-10B-Instruct,Falcon 3,10.3,huang_response_set2b,syntax,288,0.4751,0.97,0.4897,1.0
Falcon3-10B-Instruct,Falcon 3,10.3,huang_response_set2b_declaratives,syntax,288,0.4979,0.974,0.5112,1.0
Falcon3-10B-Instruct,Falcon 3,10.3,imperative_control_iad_gs_may_16_2011_purple_puppy,pragmatics,96,0.441,0.86,0.5128,1.0
Falcon3-10B-Instruct,Falcon 3,10.3,isac_sentence_naturalness_survey_feb_2011_64_items_survey_code_giant_c,syntax,256,0.5103,0.885,0.5766,1.0
Falcon3-10B-Instruct,Falcon 3,10.3,islands_acceptability_expt_2_dec_2_2012,syntax,480,0.7021,0.874,0.8034,1.0
Falcon3-10B-Instruct,Falcon 3,10.3,italian_dative_v2,discourse,192,0.2663,0.604,0.4409,0.4706
Falcon3-10B-Instruct,Falcon 3,10.3,italian_locative_v7,discourse,192,0.3563,0.66,0.5398,0.5037
Falcon3-10B-Instruct,Falcon 3,10.3,lancaster2020_auditory,lexical_semantics,1000,0.438,0.831,0.5271,1.0
Falcon3-10B-Instruct,Falcon 3,10.3,lancaster2020_foot_leg,lexical_semantics,1000,0.4771,0.729,0.6544,0.9999
Falcon3-10B-Instruct,Falcon 3,10.3,lancaster2020_gustatory,lexical_semantics,1000,0.2806,0.545,0.5148,1.0
Falcon3-10B-Instruct,Falcon 3,10.3,lancaster2020_hand_arm,lexical_semantics,1000,0.2362,0.783,0.3016,0.9999
Falcon3-10B-Instruct,Falcon 3,10.3,lancaster2020_haptic,lexical_semantics,1000,0.4315,0.808,0.534,1.0
Falcon3-10B-Instruct,Falcon 3,10.3,lancaster2020_head,lexical_semantics,1000,0.3937,0.57,0.6907,1.0
Falcon3-10B-Instruct,Falcon 3,10.3,lancaster2020_interoceptive,lexical_semantics,1000,0.5525,0.778,0.7102,1.0
Falcon3-10B-Instruct,Falcon 3,10.3,lancaster2020_mouth,lexical_semantics,1000,0.4964,0.777,0.6389,0.9999
Falcon3-10B-Instruct,Falcon 3,10.3,lancaster2020_olfactory,lexical_semantics,1000,0.3367,0.622,0.5413,1.0
Falcon3-10B-Instruct,Falcon 3,10.3,lancaster2020_torso,lexical_semantics,1000,0.2938,0.675,0.4352,1.0
Falcon3-10B-Instruct,Falcon 3,10.3,lancaster2020_visual,lexical_semantics,1000,0.3951,0.767,0.5152,1.0
Falcon3-10B-Instruct,Falcon 3,10.3,lauren_sentence_naturalness_survey_expt3_nov_17_2011,syntax,460,0.5425,0.633,0.8571,1.0
Falcon3-10B-Instruct,Falcon 3,10.3,lauren_sentence_naturalness_survey_expt_2_nov_15_2011,syntax,252,0.6692,0.712,0.9399,1.0
Falcon3-10B-Instruct,Falcon 3,10.3,lauren_sentence_naturalness_survey_oct_14_2011,syntax,360,0.6789,0.703,0.9658,1.0
Falcon3-10B-Instruct,Falcon 3,10.3,lexical_frame_adjectives_likert_set1,syntax,384,0.3725,0.83,0.4488,1.0
Falcon3-10B-Instruct,Falcon 3,10.3,lexical_frame_adjectives_likert_set2,syntax,384,0.3166,0.744,0.4255,1.0
Falcon3-10B-Instruct,Falcon 3,10.3,lexical_frame_adjectives_likert_set3,syntax,384,0.3734,0.873,0.4277,0.9999
Falcon3-10B-Instruct,Falcon 3,10.3,locative_topicalization_survey,discourse,229,0.3416,0.777,0.4397,1.0
Falcon3-10B-Instruct,Falcon 3,10.3,massive_mem_arousal_mar_2013,lexical_semantics,1000,0.4945,0.883,0.56,1.0
Falcon3-10B-Instruct,Falcon 3,10.3,massive_mem_arousal_mar_2013_end_2,lexical_semantics,242,0.4802,0.85,0.5649,1.0
Falcon3-10B-Instruct,Falcon 3,10.3,massive_mem_arousal_mar_2014,lexical_semantics,1000,0.5943,0.863,0.6886,1.0
Falcon3-10B-Instruct,Falcon 3,10.3,massive_mem_arousal_mar_2014_end_1,lexical_semantics,242,0.6557,0.886,0.7401,1.0
Falcon3-10B-Instruct,Falcon 3,10.3,massive_mem_concreteness_mar_2013,lexical_semantics,1000,0.556,0.956,0.5816,1.0
Falcon3-10B-Instruct,Falcon 3,10.3,massive_mem_concreteness_mar_2013_end_1,lexical_semantics,242,0.5594,0.959,0.5833,1.0
Falcon3-10B-Instruct,Falcon 3,10.3,massive_mem_concreteness_mar_2014,lexical_semantics,1000,0.4191,0.952,0.4403,1.0
Falcon3-10B-Instruct,Falcon 3,10.3,massive_mem_concreteness_mar_2014_end_1,lexical_semantics,242,0.4406,0.955,0.4614,1.0
Falcon3-10B-Instruct,Falcon 3,10.3,massive_mem_imageability_mar_2013,lexical_semantics,1000,0.7215,0.961,0.7507,1.0
Falcon3-10B-Instruct,Falcon 3,10.3,massive_mem_imageability_mar_2013_end_1,lexical_semantics,242,0.728,0.963,0.756,1.0
Falcon3-10B-Instruct,Falcon 3,10.3,massive_mem_imageability_mar_2014,lexical_semantics,1000,0.4331,0.948,0.4568,1.0
Falcon3-10B-Instruct,Falcon 3,10.3,massive_mem_imageability_mar_2014_end_1,lexical_semantics,242,0.4252,0.964,0.4411,1.0
Falcon3-10B-Instruct,Falcon 3,10.3,massive_mem_valence_mar_2013,lexical_semantics,1000,0.4511,0.948,0.4758,1.0
Falcon3-10B-Instruct,Falcon 3,10.3,massive_mem_valence_mar_2013_end_1,lexical_semantics,242,0.7575,0.966,0.7842,1.0
Falcon3-10B-Instruct,Falcon 3,10.3,massive_mem_valence_mar_2014,lexical_semantics,1000,0.8251,0.961,0.8586,1.0
Falcon3-10B-Instruct,Falcon 3,10.3,massive_mem_valence_mar_2014_end_1,lexical_semantics,242,0.8226,0.959,0.8578,1.0
Falcon3-10B-Instruct,Falcon 3,10.3,melissa_short_naturalness_test,sentence_semantics,24,0.4592,0.968,0.4744,1.0
Falcon3-10B-Instruct,Falcon 3,10.3,missing_vp_extension_0501_final,syntax,72,0.5749,0.741,0.7758,1.0
Falcon3-10B-Instruct,Falcon 3,10.3,missing_vp_extension,syntax,80,0.6529,0.881,0.7411,1.0
Falcon3-10B-Instruct,Falcon 3,10.3,missing_vp_rereplication,syntax,72,0.4906,0.707,0.6939,1.0
Falcon3-10B-Instruct,Falcon 3,10.3,mk_grammaticality_study_7_20,syntax,1000,0.2262,0.876,0.2583,1.0
Falcon3-10B-Instruct,Falcon 3,10.3,muraki2023_concreteness,lexical_semantics,1000,0.3851,0.829,0.4645,1.0
Falcon3-10B-Instruct,Falcon 3,10.3,noisy_channel_acceptability_1_sept_2013_1,syntax,496,0.8162,0.921,0.8862,1.0
Falcon3-10B-Instruct,Falcon 3,10.3,noisy_channel_acceptability_2_sept_2013,syntax,380,0.859,0.965,0.8901,1.0
Falcon3-10B-Instruct,Falcon 3,10.3,noisy_rc_norming_oct19,sentence_semantics,128,0.6093,0.838,0.7271,1.0
Falcon3-10B-Instruct,Falcon 3,10.3,of_acceptability_2,syntax,88,0.4873,0.951,0.5124,1.0
Falcon3-10B-Instruct,Falcon 3,10.3,orange_camel_sentence_naturalness_survey_nov_2010,discourse,144,0.7113,0.861,0.8261,1.0
Falcon3-10B-Instruct,Falcon 3,10.3,orc_lauren_sentence_naturalness_survey_july_2012,syntax,192,0.7499,0.948,0.7911,1.0
Falcon3-10B-Instruct,Falcon 3,10.3,p_p_sentence_naturalness_survey_aug_2010,syntax,252,0.4155,0.859,0.4837,1.0
Falcon3-10B-Instruct,Falcon 3,10.3,p_p_sentence_naturalness_survey_dec_2009,syntax,324,0.5577,0.95,0.587,1.0
Falcon3-10B-Instruct,Falcon 3,10.3,p_p_sentence_naturalness_survey_feb,syntax,614,0.3866,0.664,0.5823,1.0
Falcon3-10B-Instruct,Falcon 3,10.3,p_p_sentence_naturalness_survey_june_2013_v3,syntax,242,0.3372,0.928,0.3634,1.0
Falcon3-10B-Instruct,Falcon 3,10.3,paris_judgments_3_dec_2012,syntax,477,0.5492,0.845,0.65,1.0
Falcon3-10B-Instruct,Falcon 3,10.3,pascal_1_dec_2012,syntax,544,0.1546,0.066,2.3421,0.9998
Falcon3-10B-Instruct,Falcon 3,10.3,presup_survey_1_acd_july_2012,pragmatics,240,0.3656,0.83,0.4405,1.0
Falcon3-10B-Instruct,Falcon 3,10.3,presup_survey_2_acd_july_2012,pragmatics,240,0.3038,0.665,0.4569,1.0
Falcon3-10B-Instruct,Falcon 3,10.3,pronouns_following_verbs,pragmatics,44,-0.3243,0.706,-0.4593,0.9998
Falcon3-10B-Instruct,Falcon 3,10.3,pronouns_following_verbs_an,pragmatics,44,-0.3076,0.663,-0.4639,0.9998
Falcon3-10B-Instruct,Falcon 3,10.3,pronouns_following_verbs_ce,pragmatics,44,-0.289,0.708,-0.4081,0.9998
Falcon3-10B-Instruct,Falcon 3,10.3,pronouns_following_verbs_sm,pragmatics,44,0.0414,0.443,0.0935,0.9996
Falcon3-10B-Instruct,Falcon 3,10.3,pronouns_following_verbs_so,pragmatics,44,-0.0921,0.509,-0.1809,0.9998
Falcon3-10B-Instruct,Falcon 3,10.3,pronouns_following_verbs_ve,pragmatics,45,-0.2921,0.567,-0.5152,0.9998
Falcon3-10B-Instruct,Falcon 3,10.3,quant_syn_april_13_2012_90_sentences_with_a_question_and_a_rating_code,syntax,184,0.6894,0.91,0.7576,1.0
Falcon3-10B-Instruct,Falcon 3,10.3,quant_syn_april_14_2012_48_sentences_with_a_question_and_a_rating_code,syntax,168,0.6076,0.96,0.6329,1.0
Falcon3-10B-Instruct,Falcon 3,10.3,quant_syn_april_16_2012_36_sentences_with_a_question_and_a_rating_code,syntax,126,0.733,0.965,0.7596,1.0
Falcon3-10B-Instruct,Falcon 3,10.3,quantifier_naturalness_survey_june_4_2010,syntax,192,0.3503,0.639,0.5483,1.0
Falcon3-10B-Instruct,Falcon 3,10.3,quantitative_syntax_survey,syntax,129,0.5276,0.852,0.6192,1.0
Falcon3-10B-Instruct,Falcon 3,10.3,rating_english_sentences,syntax,240,0.5884,0.899,0.6545,0.9995
Falcon3-10B-Instruct,Falcon 3,10.3,reasoning_and_language_tasks_survey_code_talkative_pigeon,syntax,72,0.1886,0.941,0.2004,1.0
Falcon3-10B-Instruct,Falcon 3,10.3,relative_clause_displacements_in_english_sentences,syntax,180,0.3332,0.501,0.6652,1.0
Falcon3-10B-Instruct,Falcon 3,10.3,relative_clause_displacements_in_english_sentences_with_fill,syntax,93,0.2328,0.846,0.2751,1.0
Falcon3-10B-Instruct,Falcon 3,10.3,replication_study_9_59,discourse,185,0.4438,0.363,1.2226,1.0
Falcon3-10B-Instruct,Falcon 3,10.3,richard_islands_acceptability_expt_1_april_25_2013_3,syntax,144,0.5862,0.819,0.7158,1.0
Falcon3-10B-Instruct,Falcon 3,10.3,richard_islands_acceptability_expt_2_april_26_2013,syntax,228,0.7685,0.92,0.8354,1.0
Falcon3-10B-Instruct,Falcon 3,10.3,richard_islands_acceptability_expt_4_april_26_2013_1,syntax,100,0.7827,0.931,0.8407,1.0
Falcon3-10B-Instruct,Falcon 3,10.3,richard_islands_acceptability_expt_5_april_27_2013_1,syntax,132,0.4375,0.619,0.7067,1.0
Falcon3-10B-Instruct,Falcon 3,10.3,richard_islands_acceptability_expt_6_april_28_2013_while_whq_decl,syntax,100,0.8255,0.965,0.8554,1.0
Falcon3-10B-Instruct,Falcon 3,10.3,russian_freezing,syntax,180,0.0468,0.898,0.0521,0.9757
Falcon3-10B-Instruct,Falcon 3,10.3,semantics1_finalproject,sentence_semantics,96,0.8977,0.972,0.9236,1.0
Falcon3-10B-Instruct,Falcon 3,10.3,semantics2_finalproject,sentence_semantics,96,0.841,0.986,0.853,1.0
Falcon3-10B-Instruct,Falcon 3,10.3,semantics3_final_project,pragmatics,96,0.7158,0.974,0.7349,1.0
Falcon3-10B-Instruct,Falcon 3,10.3,sentence_completions_and_islands_acceptability_expt_1_nov_13_2012,syntax,112,0.8036,0.969,0.8293,1.0
Falcon3-10B-Instruct,Falcon 3,10.3,sentence_naturalness_isac_survey_feb_2011,syntax,304,0.6222,0.836,0.7442,1.0
Falcon3-10B-Instruct,Falcon 3,10.3,sentence_naturalness_survey_acd_ratings_hackl_expt_7_oct_25_2012_1,syntax,176,0.6473,0.886,0.7306,1.0
Falcon3-10B-Instruct,Falcon 3,10.3,sentence_naturalness_survey_acd_ratings_hackl_replic_expt_1_july_14_20,syntax,480,0.4752,0.864,0.5499,1.0
Falcon3-10B-Instruct,Falcon 3,10.3,sentence_naturalness_survey_acd_ratings_v4_july_13_2012,syntax,176,0.5073,0.748,0.6781,1.0
Falcon3-10B-Instruct,Falcon 3,10.3,sentence_naturalness_survey_acd_v1_jan_2012,discourse,128,0.0638,0.299,0.2133,1.0
Falcon3-10B-Instruct,Falcon 3,10.3,sentence_naturalness_survey_acd_v6_oct_25_2012,discourse,128,0.0619,0.602,0.1028,1.0
Falcon3-10B-Instruct,Falcon 3,10.3,sentence_naturalness_survey_denise_jan_12_2011_survey_code_pig_the_pig,syntax,200,0.7259,0.986,0.7362,1.0
Falcon3-10B-Instruct,Falcon 3,10.3,sentence_naturalness_survey_denise_sept_8_2010_survey_code_pig_the_pig,syntax,224,0.6462,0.972,0.6648,1.0
Falcon3-10B-Instruct,Falcon 3,10.3,sentence_naturalness_survey_feb_16_1_2012_60_items_code_shy_armadillo,syntax,120,0.4848,0.912,0.5316,1.0
Falcon3-10B-Instruct,Falcon 3,10.3,sentence_naturalness_survey_for_gs_dec_2009,pragmatics,122,0.5996,0.882,0.6798,1.0
Falcon3-10B-Instruct,Falcon 3,10.3,sentence_naturalness_survey_for_gs_jan_2010,pragmatics,133,0.7242,0.906,0.7993,1.0
Falcon3-10B-Instruct,Falcon 3,10.3,sentence_naturalness_survey_for_gs_jan_23_2010,pragmatics,216,0.6417,0.942,0.6812,1.0
Falcon3-10B-Instruct,Falcon 3,10.3,sentence_naturalness_survey_for_gs_may_11_2011_purple_puppy,pragmatics,72,0.5128,0.873,0.5874,1.0
Falcon3-10B-Instruct,Falcon 3,10.3,sentence_naturalness_survey_for_jk_april_4_2010,discourse,96,0.4846,0.886,0.5469,1.0
Falcon3-10B-Instruct,Falcon 3,10.3,sentence_naturalness_survey_for_jk_april_4_expt_3_2010,discourse,96,0.5208,0.83,0.6274,1.0
Falcon3-10B-Instruct,Falcon 3,10.3,sentence_naturalness_survey_for_jk_april_9_expt_4_2010,discourse,96,0.4073,0.831,0.4902,1.0
Falcon3-10B-Instruct,Falcon 3,10.3,sentence_naturalness_survey_for_jk_june_24_2010_v2,discourse,176,0.4994,0.787,0.6345,1.0
Falcon3-10B-Instruct,Falcon 3,10.3,sentence_naturalness_survey_for_jk_mar_2010,discourse,96,0.3829,0.88,0.4351,1.0
Falcon3-10B-Instruct,Falcon 3,10.3,sentence_naturalness_survey_for_jkm_dec_2009,discourse,128,0.0425,0.18,0.2364,1.0
Falcon3-10B-Instruct,Falcon 3,10.3,sentence_naturalness_survey_for_jkm_jan_2012,discourse,128,-0.0208,0.266,-0.0782,1.0
Falcon3-10B-Instruct,Falcon 3,10.3,sentence_naturalness_survey_for_lb_dec_2009,discourse,108,0.6297,0.832,0.7569,1.0
Falcon3-10B-Instruct,Falcon 3,10.3,sentence_naturalness_survey_for_lb_feb_20_2010_v2,discourse,79,0.6118,0.951,0.6433,1.0
Falcon3-10B-Instruct,Falcon 3,10.3,sentence_naturalness_survey_for_lb_jan_2011,discourse,519,0.4086,0.886,0.4612,1.0
Falcon3-10B-Instruct,Falcon 3,10.3,sentence_naturalness_survey_for_lb_jan_2011_v2,discourse,519,0.2158,0.689,0.3132,1.0
Falcon3-10B-Instruct,Falcon 3,10.3,sentence_naturalness_survey_for_lb_jan_2011_v3,discourse,519,0.3754,0.886,0.4237,1.0
Falcon3-10B-Instruct,Falcon 3,10.3,sentence_naturalness_survey_for_lb_mar_2010_2,discourse,241,0.5463,0.935,0.5843,1.0
Falcon3-10B-Instruct,Falcon 3,10.3,sentence_naturalness_survey_for_lb_mar_2010,discourse,123,0.5729,0.951,0.6024,1.0
Falcon3-10B-Instruct,Falcon 3,10.3,sentence_naturalness_survey_for_lb_may_2010,discourse,148,0.4442,0.953,0.4661,1.0
Falcon3-10B-Instruct,Falcon 3,10.3,sentence_naturalness_survey_for_lb_prelim_oct_2010,discourse,402,0.5571,0.882,0.6317,1.0
Falcon3-10B-Instruct,Falcon 3,10.3,sentence_naturalness_survey_for_rw_dec_2009,discourse,180,0.5832,0.825,0.7069,1.0
Falcon3-10B-Instruct,Falcon 3,10.3,sentence_naturalness_survey_for_rw_jan_2010,discourse,480,0.5127,0.872,0.588,1.0
Falcon3-10B-Instruct,Falcon 3,10.3,sentence_naturalness_survey_laura_mar_17_2012_92_items_code_lazy_cater,sentence_semantics,368,0.777,0.883,0.88,1.0
Falcon3-10B-Instruct,Falcon 3,10.3,sentence_naturalness_survey_laura_mar_17_2012_96_items_code_lazy_cater,sentence_semantics,384,0.7643,0.883,0.8656,1.0
Falcon3-10B-Instruct,Falcon 3,10.3,sentence_naturalness_survey_may_4_2011_36_items_code_anxious_bat,syntax,84,0.2743,0.757,0.3623,1.0
Falcon3-10B-Instruct,Falcon 3,10.3,sentence_naturalness_survey_nat_aug_28_2010_survey_code_downtown,syntax,270,0.6271,0.956,0.6559,1.0
Falcon3-10B-Instruct,Falcon 3,10.3,short_acceptability_feb_6_2014,syntax,128,0.6456,0.907,0.7118,1.0
Falcon3-10B-Instruct,Falcon 3,10.3,susan_canonicity_rerunning_2,syntax,52,0.6113,0.95,0.6435,1.0
Falcon3-10B-Instruct,Falcon 3,10.3,topicalization_e1,syntax,77,0.5876,0.942,0.6238,1.0
Falcon3-10B-Instruct,Falcon 3,10.3,verb_causality_study_semantics_ratings_mk_april_2010,lexical_semantics,188,0.2745,0.972,0.2824,1.0
Falcon3-10B-Instruct,Falcon 3,10.3,verb_causality_study_syntax_ratings_mk_april_2010,syntax,653,0.2348,0.633,0.3709,1.0
Falcon3-10B-Instruct,Falcon 3,10.3,wm2_wm5_9_59_sentence_naturalness_survey_april_2011,syntax,219,0.7869,0.839,0.9379,1.0
Falcon3-10B-Instruct,Falcon 3,10.3,word3_b_word_naturalness_survey_may_4_2011_160_items_code_sleepy_bear,subword,158,0.5872,0.937,0.6267,1.0
Falcon3-10B-Instruct,Falcon 3,10.3,word3_word_naturalness_survey_may_1_2011_45_items_code_nosy_badger,subword,45,0.0101,0.948,0.0107,1.0
Falcon3-1B-Instruct,Falcon 3,1.7,50_sentences_noisy_channel_may_25_2011,pragmatics,208,0.1309,0.555,0.2358,0.9815
Falcon3-1B-Instruct,Falcon 3,1.7,50_sentences_with_2_comp_qs_plus_rating_mar_11_2011,sentence_semantics,208,0.1423,0.588,0.2419,0.9708
Falcon3-1B-Instruct,Falcon 3,1.7,acceptability_extension_959_v5,syntax,566,0.399,0.797,0.5006,0.9995
Falcon3-1B-Instruct,Falcon 3,1.7,acceptability_judgments_kang,syntax,136,-0.151,0.974,-0.155,0.9994
Falcon3-1B-Instruct,Falcon 3,1.7,acceptability_replication_959,syntax,288,0.5438,0.964,0.5641,0.9997
Falcon3-1B-Instruct,Falcon 3,1.7,acd_context_polly_1_nov_23_2012,discourse,310,0.0402,0.462,0.0871,0.9999
Falcon3-1B-Instruct,Falcon 3,1.7,acd_no_context_polly_1_nov_23_2012,syntax,213,0.4633,0.838,0.5528,0.9994
Falcon3-1B-Instruct,Falcon 3,1.7,acd_project_also_3_nov_24_2012_2,syntax,128,0.1515,0.874,0.1734,0.9996
Falcon3-1B-Instruct,Falcon 3,1.7,acd_project_expt_23_also_nov_16_2012,syntax,600,0.2075,0.825,0.2516,0.9995
Falcon3-1B-Instruct,Falcon 3,1.7,acd_project_expt_24_same_diff_verbs_nov_16_2012,syntax,472,0.2169,0.89,0.2437,0.9996
Falcon3-1B-Instruct,Falcon 3,1.7,acd_project_expt_31_same_diff_verbs_nov_16_2012_1,syntax,176,0.2376,0.755,0.3147,0.9996
Falcon3-1B-Instruct,Falcon 3,1.7,acd_project_expt_42_also_verbs_nov_29_2012_1,syntax,176,0.1989,0.63,0.3157,0.9995
Falcon3-1B-Instruct,Falcon 3,1.7,acd_project_expt_44_the_same_nov_29_2012_1,syntax,140,0.321,0.601,0.534,0.9994
Falcon3-1B-Instruct,Falcon 3,1.7,acd_project_expt_45_hkv_expt_2_plaus_nov_29_2012,syntax,360,0.2432,0.774,0.3142,0.9995
Falcon3-1B-Instruct,Falcon 3,1.7,acd_project_expt_46_also_in_hkv_2_nov_29_2012_1,syntax,448,0.2017,0.56,0.3603,0.9995
Falcon3-1B-Instruct,Falcon 3,1.7,active_passive_sentence_naturalness_survey_july_2012,syntax,132,0.4813,0.887,0.5426,0.9992
Falcon3-1B-Instruct,Falcon 3,1.7,aixiu_coherence_en_update1,sentence_semantics,277,0.3453,0.882,0.3915,0.9997
Falcon3-1B-Instruct,Falcon 3,1.7,alex_paunov_literal_inferences_dec_3_2011,pragmatics,299,-0.1765,0.908,-0.1944,1.0
Falcon3-1B-Instruct,Falcon 3,1.7,amouyal2024_plausibility,sentence_semantics,853,0.195,0.915,0.2131,0.9994
Falcon3-1B-Instruct,Falcon 3,1.7,animacy_passive_dative_kyle,syntax,120,0.1382,0.926,0.1492,0.9956
Falcon3-1B-Instruct,Falcon 3,1.7,anne_abeille_acceptability_july_12_2017_1,syntax,296,0.1966,0.635,0.3096,0.9995
Falcon3-1B-Instruct,Falcon 3,1.7,base_acceptability_0908,syntax,73,0.2372,0.931,0.2547,0.9995
Falcon3-1B-Instruct,Falcon 3,1.7,brief_sentence_naturalness_survey_march_2011,sentence_semantics,64,0.6829,0.96,0.7113,0.9994
Falcon3-1B-Instruct,Falcon 3,1.7,can_noncan_acceptability_0924,syntax,88,0.4621,0.966,0.4784,0.9992
Falcon3-1B-Instruct,Falcon 3,1.7,can_noncan_acceptability_2,syntax,88,0.4667,0.962,0.4851,0.9991
Falcon3-1B-Instruct,Falcon 3,1.7,chinese_dative,discourse,96,0.0827,0.715,0.1156,0.9719
Falcon3-1B-Instruct,Falcon 3,1.7,class_demo,syntax,44,0.1793,0.927,0.1934,0.9989
Falcon3-1B-Instruct,Falcon 3,1.7,clefting_e3,syntax,48,0.0558,0.877,0.0636,0.9989
Falcon3-1B-Instruct,Falcon 3,1.7,clefting_e4,syntax,48,-0.0689,0.969,-0.0711,0.9989
Falcon3-1B-Instruct,Falcon 3,1.7,coherence_survey_list1_main,discourse,100,0.5454,0.95,0.5741,1.0
Falcon3-1B-Instruct,Falcon 3,1.7,coherence_survey_list2_main,discourse,100,0.2962,0.948,0.3125,1.0
Falcon3-1B-Instruct,Falcon 3,1.7,coherence_survey_list3_main,discourse,100,0.5136,0.942,0.5452,1.0
Falcon3-1B-Instruct,Falcon 3,1.7,coherence_survey_list4_main,discourse,100,0.4217,0.95,0.4439,1.0
Falcon3-1B-Instruct,Falcon 3,1.7,constituency_tests_2,syntax,48,0.4654,0.836,0.5567,0.9993
Falcon3-1B-Instruct,Falcon 3,1.7,constituency_tests,syntax,48,0.0632,0.654,0.0967,0.9993
Falcon3-1B-Instruct,Falcon 3,1.7,copy_cat_polly_june_2014,discourse,102,-0.2344,0.865,-0.271,1.0
Falcon3-1B-Instruct,Falcon 3,1.7,copy_of_verb_causality_study_semantics_ratings_mk_april_2010,lexical_semantics,62,-0.2236,0.83,-0.2694,0.9999
Falcon3-1B-Instruct,Falcon 3,1.7,crossed_dependencies_long,syntax,201,-0.1501,0.899,-0.167,0.9996
Falcon3-1B-Instruct,Falcon 3,1.7,cul_jack_april_12_2012_54_short_texts_with_two_comprehension_questions,syntax,210,0.044,0.896,0.0492,0.9996
Falcon3-1B-Instruct,Falcon 3,1.7,cul_jack_sentence_naturalness_survey_april_2010,syntax,220,0.4568,0.952,0.4798,0.9993
Falcon3-1B-Instruct,Falcon 3,1.7,dative_alternation_extension_version_2,syntax,229,0.4538,0.456,0.9952,0.999
Falcon3-1B-Instruct,Falcon 3,1.7,dative_finnish,discourse,96,-0.1174,0.689,-0.1703,0.0284
Falcon3-1B-Instruct,Falcon 3,1.7,dative_turkish,discourse,96,-0.1084,0.734,-0.1477,0.0837
Falcon3-1B-Instruct,Falcon 3,1.7,dentella2023_grammaticality,syntax,80,0.15,0.981,0.1529,0.472
Falcon3-1B-Instruct,Falcon 3,1.7,depth_charge_survey,sentence_semantics,188,0.427,0.846,0.5047,0.9997
Falcon3-1B-Instruct,Falcon 3,1.7,depth_charge_with_noise,sentence_semantics,188,0.2882,0.854,0.3375,0.9997
Falcon3-1B-Instruct,Falcon 3,1.7,discourse_30subjs_list1,discourse,100,0.4983,0.941,0.5295,1.0
Falcon3-1B-Instruct,Falcon 3,1.7,discourse_30subjs_list2,discourse,100,0.3379,0.951,0.3554,1.0
Falcon3-1B-Instruct,Falcon 3,1.7,discourse_30subjs_list3,discourse,100,0.5018,0.947,0.5298,1.0
Falcon3-1B-Instruct,Falcon 3,1.7,discourse_30subjs_list4,discourse,100,0.4827,0.942,0.5125,1.0
Falcon3-1B-Instruct,Falcon 3,1.7,discourse_causality_list1,discourse,100,0.643,0.935,0.6877,0.9998
Falcon3-1B-Instruct,Falcon 3,1.7,discourse_causality_list2,discourse,100,0.5063,0.952,0.5319,0.9999
Falcon3-1B-Instruct,Falcon 3,1.7,discourse_causality_list3,discourse,100,0.6514,0.933,0.6982,0.9999
Falcon3-1B-Instruct,Falcon 3,1.7,discourse_causality_list4,discourse,100,0.5003,0.955,0.5239,0.9998
Falcon3-1B-Instruct,Falcon 3,1.7,discourse_changed_0428,discourse,48,0.2664,0.953,0.2796,1.0
Falcon3-1B-Instruct,Falcon 3,1.7,discourse_coherence_list1,discourse,100,0.6408,0.943,0.6795,0.9999
Falcon3-1B-Instruct,Falcon 3,1.7,discourse_coherence_list2,discourse,100,0.476,0.936,0.5085,0.9999
Falcon3-1B-Instruct,Falcon 3,1.7,discourse_coherence_list3,discourse,100,0.669,0.95,0.7042,0.9999
Falcon3-1B-Instruct,Falcon 3,1.7,discourse_coherence_list4,discourse,100,0.5498,0.933,0.5893,0.9999
Falcon3-1B-Instruct,Falcon 3,1.7,discourse_imagability_pairs_list1,sentence_semantics,100,-0.1262,0.917,-0.1376,0.9999
Falcon3-1B-Instruct,Falcon 3,1.7,discourse_imagability_pairs_list2,sentence_semantics,100,-0.1495,0.946,-0.1581,0.9999
Falcon3-1B-Instruct,Falcon 3,1.7,discourse_imagability_singles_list1,sentence_semantics,100,0.0626,0.938,0.0668,0.9999
Falcon3-1B-Instruct,Falcon 3,1.7,discourse_imagability_singles_list2,sentence_semantics,100,0.0837,0.954,0.0878,0.9999
Falcon3-1B-Instruct,Falcon 3,1.7,discourse_imagability_singles_list3,sentence_semantics,100,-0.0661,0.931,-0.071,0.9999
Falcon3-1B-Instruct,Falcon 3,1.7,discourse_imagability_singles_list4,sentence_semantics,100,0.2404,0.948,0.2536,0.9999
Falcon3-1B-Instruct,Falcon 3,1.7,discourse_mentalizing_pairs_list1,sentence_semantics,100,0.0477,0.928,0.0514,0.9991
Falcon3-1B-Instruct,Falcon 3,1.7,discourse_mentalizing_pairs_list2,sentence_semantics,100,0.0279,0.931,0.03,0.9992
Falcon3-1B-Instruct,Falcon 3,1.7,discourse_mentalizing_singles_list1,sentence_semantics,100,0.1156,0.935,0.1237,0.9994
Falcon3-1B-Instruct,Falcon 3,1.7,discourse_mentalizing_singles_list2,sentence_semantics,100,-0.0006,0.925,-0.0006,0.9996
Falcon3-1B-Instruct,Falcon 3,1.7,discourse_mentalizing_singles_list3,sentence_semantics,100,0.035,0.909,0.0385,0.9993
Falcon3-1B-Instruct,Falcon 3,1.7,discourse_mentalizing_singles_list4,sentence_semantics,100,0.0968,0.952,0.1017,0.9996
Falcon3-1B-Instruct,Falcon 3,1.7,discourse_physics_pairs_list1,sentence_semantics,100,0.3662,0.957,0.3827,0.9995
Falcon3-1B-Instruct,Falcon 3,1.7,discourse_physics_pairs_list2,sentence_semantics,100,0.3027,0.951,0.3183,0.9995
Falcon3-1B-Instruct,Falcon 3,1.7,discourse_physics_singles_list1,sentence_semantics,100,0.2481,0.943,0.2631,0.9999
Falcon3-1B-Instruct,Falcon 3,1.7,discourse_physics_singles_list2,sentence_semantics,100,0.3304,0.952,0.3471,0.9999
Falcon3-1B-Instruct,Falcon 3,1.7,discourse_physics_singles_list3,sentence_semantics,100,0.1047,0.941,0.1112,0.9999
Falcon3-1B-Instruct,Falcon 3,1.7,discourse_physics_singles_list4,sentence_semantics,100,0.4831,0.942,0.5128,0.9999
Falcon3-1B-Instruct,Falcon 3,1.7,discourse_scenes_pairs_list1,sentence_semantics,100,0.3434,0.944,0.3638,0.9976
Falcon3-1B-Instruct,Falcon 3,1.7,discourse_scenes_pairs_list2,sentence_semantics,100,0.4545,0.95,0.4785,0.9986
Falcon3-1B-Instruct,Falcon 3,1.7,discourse_scenes_singles_list1,sentence_semantics,100,0.4497,0.944,0.4764,0.9995
Falcon3-1B-Instruct,Falcon 3,1.7,discourse_scenes_singles_list2,sentence_semantics,100,0.3371,0.949,0.3553,0.9996
Falcon3-1B-Instruct,Falcon 3,1.7,discourse_scenes_singles_list3,sentence_semantics,100,0.5048,0.966,0.5226,0.9993
Falcon3-1B-Instruct,Falcon 3,1.7,discourse_scenes_singles_list4,sentence_semantics,100,0.4787,0.964,0.4966,0.9996
Falcon3-1B-Instruct,Falcon 3,1.7,diveica2023_socialness,lexical_semantics,1000,0.3358,0.883,0.3803,0.9995
Falcon3-1B-Instruct,Falcon 3,1.7,ecog_sentences_imaginability_jan_8_2014,sentence_semantics,120,-0.0029,0.833,-0.0034,0.9998
Falcon3-1B-Instruct,Falcon 3,1.7,ecog_sentences_naturalness_jan_8_2014_2,sentence_semantics,120,0.1851,0.727,0.2546,0.9998
Falcon3-1B-Instruct,Falcon 3,1.7,edwards2024_spelling_to_pronunciation_transparency,subword,1000,0.4623,0.826,0.5596,0.9991
Falcon3-1B-Instruct,Falcon 3,1.7,erp_norming_error_detection_june_2013_4,syntax,323,-0.2666,0.841,-0.317,0.9998
Falcon3-1B-Instruct,Falcon 3,1.7,erp_sentence_naturalness_survey_june_2013_2,syntax,483,0.0449,0.922,0.0487,0.9994
Falcon3-1B-Instruct,Falcon 3,1.7,eunice_disfluency_2_nov_17_2011,syntax,190,0.027,0.832,0.0324,0.9996
Falcon3-1B-Instruct,Falcon 3,1.7,eunice_disfluency_nov_15_2011,syntax,468,-0.1522,0.807,-0.1887,0.9996
Falcon3-1B-Instruct,Falcon 3,1.7,european_portuguese_rc,syntax,174,0.1127,0.84,0.1342,0.935
Falcon3-1B-Instruct,Falcon 3,1.7,european_portuguese_wh,syntax,174,0.2537,0.893,0.2841,0.8932
Falcon3-1B-Instruct,Falcon 3,1.7,extension,syntax,138,0.4186,0.872,0.4801,0.9997
Falcon3-1B-Instruct,Falcon 3,1.7,gabriel_rc,syntax,174,0.1724,0.818,0.2108,0.9304
Falcon3-1B-Instruct,Falcon 3,1.7,gabriel_wh,syntax,174,0.0974,0.902,0.108,0.9064
Falcon3-1B-Instruct,Falcon 3,1.7,giurgea2025_motivation,lexical_semantics,1000,0.4727,0.856,0.5523,0.9993
Falcon3-1B-Instruct,Falcon 3,1.7,huang_response_set1a,syntax,288,-0.1218,0.966,-0.1261,0.9959
Falcon3-1B-Instruct,Falcon 3,1.7,huang_response_set1b,syntax,288,-0.1563,0.964,-0.1622,0.9955
Falcon3-1B-Instruct,Falcon 3,1.7,huang_response_set2a,syntax,288,-0.1349,0.97,-0.139,0.9957
Falcon3-1B-Instruct,Falcon 3,1.7,huang_response_set2a_declaratives,syntax,288,0.1945,0.97,0.2005,0.9941
Falcon3-1B-Instruct,Falcon 3,1.7,huang_response_set2b,syntax,288,-0.1475,0.97,-0.1521,0.9953
Falcon3-1B-Instruct,Falcon 3,1.7,huang_response_set2b_declaratives,syntax,288,0.3243,0.974,0.333,0.9943
Falcon3-1B-Instruct,Falcon 3,1.7,imperative_control_iad_gs_may_16_2011_purple_puppy,pragmatics,96,-0.166,0.86,-0.193,0.9991
Falcon3-1B-Instruct,Falcon 3,1.7,isac_sentence_naturalness_survey_feb_2011_64_items_survey_code_giant_c,syntax,256,0.4912,0.885,0.555,0.9973
Falcon3-1B-Instruct,Falcon 3,1.7,islands_acceptability_expt_2_dec_2_2012,syntax,480,0.1122,0.874,0.1284,0.9986
Falcon3-1B-Instruct,Falcon 3,1.7,italian_dative_v2,discourse,192,0.0647,0.604,0.1071,0.5284
Falcon3-1B-Instruct,Falcon 3,1.7,italian_locative_v7,discourse,192,0.0196,0.66,0.0297,0.4676
Falcon3-1B-Instruct,Falcon 3,1.7,lancaster2020_auditory,lexical_semantics,1000,0.1764,0.831,0.2123,0.9993
Falcon3-1B-Instruct,Falcon 3,1.7,lancaster2020_foot_leg,lexical_semantics,1000,0.1941,0.729,0.2663,0.9964
Falcon3-1B-Instruct,Falcon 3,1.7,lancaster2020_gustatory,lexical_semantics,1000,0.2514,0.545,0.4612,0.9974
Falcon3-1B-Instruct,Falcon 3,1.7,lancaster2020_hand_arm,lexical_semantics,1000,0.201,0.783,0.2567,0.9962
Falcon3-1B-Instruct,Falcon 3,1.7,lancaster2020_haptic,lexical_semantics,1000,0.1769,0.808,0.219,0.9969
Falcon3-1B-Instruct,Falcon 3,1.7,lancaster2020_head,lexical_semantics,1000,0.0751,0.57,0.1318,0.9985
Falcon3-1B-Instruct,Falcon 3,1.7,lancaster2020_interoceptive,lexical_semantics,1000,0.182,0.778,0.2339,0.9979
Falcon3-1B-Instruct,Falcon 3,1.7,lancaster2020_mouth,lexical_semantics,1000,0.082,0.777,0.1056,0.9977
Falcon3-1B-Instruct,Falcon 3,1.7,lancaster2020_olfactory,lexical_semantics,1000,0.1864,0.622,0.2996,0.9976
Falcon3-1B-Instruct,Falcon 3,1.7,lancaster2020_torso,lexical_semantics,1000,0.1936,0.675,0.2868,0.9978
Falcon3-1B-Instruct,Falcon 3,1.7,lancaster2020_visual,lexical_semantics,1000,0.1708,0.767,0.2227,0.9983
Falcon3-1B-Instruct,Falcon 3,1.7,lauren_sentence_naturalness_survey_expt3_nov_17_2011,syntax,460,0.123,0.633,0.1943,0.9987
Falcon3-1B-Instruct,Falcon 3,1.7,lauren_sentence_naturalness_survey_expt_2_nov_15_2011,syntax,252,0.1598,0.712,0.2244,0.9992
Falcon3-1B-Instruct,Falcon 3,1.7,lauren_sentence_naturalness_survey_oct_14_2011,syntax,360,0.1853,0.703,0.2636,0.9993
Falcon3-1B-Instruct,Falcon 3,1.7,lexical_frame_adjectives_likert_set1,syntax,384,-0.0313,0.83,-0.0377,0.9992
Falcon3-1B-Instruct,Falcon 3,1.7,lexical_frame_adjectives_likert_set2,syntax,384,-0.1128,0.744,-0.1516,0.9993
Falcon3-1B-Instruct,Falcon 3,1.7,lexical_frame_adjectives_likert_set3,syntax,384,-0.158,0.873,-0.181,0.9992
Falcon3-1B-Instruct,Falcon 3,1.7,locative_topicalization_survey,discourse,229,0.0459,0.777,0.059,0.9998
Falcon3-1B-Instruct,Falcon 3,1.7,massive_mem_arousal_mar_2013,lexical_semantics,1000,0.2547,0.883,0.2884,0.9975
Falcon3-1B-Instruct,Falcon 3,1.7,massive_mem_arousal_mar_2013_end_2,lexical_semantics,242,0.3764,0.85,0.4428,0.9978
Falcon3-1B-Instruct,Falcon 3,1.7,massive_mem_arousal_mar_2014,lexical_semantics,1000,0.2234,0.863,0.2589,0.9967
Falcon3-1B-Instruct,Falcon 3,1.7,massive_mem_arousal_mar_2014_end_1,lexical_semantics,242,0.0944,0.886,0.1065,0.9967
Falcon3-1B-Instruct,Falcon 3,1.7,massive_mem_concreteness_mar_2013,lexical_semantics,1000,0.1831,0.956,0.1915,0.9998
Falcon3-1B-Instruct,Falcon 3,1.7,massive_mem_concreteness_mar_2013_end_1,lexical_semantics,242,-0.1545,0.959,-0.1611,0.9999
Falcon3-1B-Instruct,Falcon 3,1.7,massive_mem_concreteness_mar_2014,lexical_semantics,1000,-0.0741,0.952,-0.0778,0.9996
Falcon3-1B-Instruct,Falcon 3,1.7,massive_mem_concreteness_mar_2014_end_1,lexical_semantics,242,-0.2538,0.955,-0.2658,0.9996
Falcon3-1B-Instruct,Falcon 3,1.7,massive_mem_imageability_mar_2013,lexical_semantics,1000,0.3568,0.961,0.3713,0.9986
Falcon3-1B-Instruct,Falcon 3,1.7,massive_mem_imageability_mar_2013_end_1,lexical_semantics,242,0.1905,0.963,0.1978,0.9985
Falcon3-1B-Instruct,Falcon 3,1.7,massive_mem_imageability_mar_2014,lexical_semantics,1000,0.0326,0.948,0.0344,0.9975
Falcon3-1B-Instruct,Falcon 3,1.7,massive_mem_imageability_mar_2014_end_1,lexical_semantics,242,-0.0775,0.964,-0.0804,0.9976
Falcon3-1B-Instruct,Falcon 3,1.7,massive_mem_valence_mar_2013,lexical_semantics,1000,0.2452,0.948,0.2586,0.9985
Falcon3-1B-Instruct,Falcon 3,1.7,massive_mem_valence_mar_2013_end_1,lexical_semantics,242,0.3488,0.966,0.361,0.9989
Falcon3-1B-Instruct,Falcon 3,1.7,massive_mem_valence_mar_2014,lexical_semantics,1000,0.254,0.961,0.2643,0.996
Falcon3-1B-Instruct,Falcon 3,1.7,massive_mem_valence_mar_2014_end_1,lexical_semantics,242,0.2626,0.959,0.2738,0.9962
Falcon3-1B-Instruct,Falcon 3,1.7,melissa_short_naturalness_test,sentence_semantics,24,0.1418,0.968,0.1465,0.9982
Falcon3-1B-Instruct,Falcon 3,1.7,missing_vp_extension_0501_final,syntax,72,-0.104,0.741,-0.1403,0.9994
Falcon3-1B-Instruct,Falcon 3,1.7,missing_vp_extension,syntax,80,-0.0245,0.881,-0.0278,0.9891
Falcon3-1B-Instruct,Falcon 3,1.7,missing_vp_rereplication,syntax,72,-0.1658,0.707,-0.2345,0.9916
Falcon3-1B-Instruct,Falcon 3,1.7,mk_grammaticality_study_7_20,syntax,1000,-0.2367,0.876,-0.2702,0.9994
Falcon3-1B-Instruct,Falcon 3,1.7,muraki2023_concreteness,lexical_semantics,1000,-0.2191,0.829,-0.2642,0.9977
Falcon3-1B-Instruct,Falcon 3,1.7,noisy_channel_acceptability_1_sept_2013_1,syntax,496,0.5366,0.921,0.5826,0.9996
Falcon3-1B-Instruct,Falcon 3,1.7,noisy_channel_acceptability_2_sept_2013,syntax,380,0.4094,0.965,0.4242,0.9994
Falcon3-1B-Instruct,Falcon 3,1.7,noisy_rc_norming_oct19,sentence_semantics,128,0.4681,0.838,0.5586,0.9994
Falcon3-1B-Instruct,Falcon 3,1.7,of_acceptability_2,syntax,88,0.4477,0.951,0.4708,0.9992
Falcon3-1B-Instruct,Falcon 3,1.7,orange_camel_sentence_naturalness_survey_nov_2010,discourse,144,0.2175,0.861,0.2526,0.9999
Falcon3-1B-Instruct,Falcon 3,1.7,orc_lauren_sentence_naturalness_survey_july_2012,syntax,192,0.0238,0.948,0.0251,0.9994
Falcon3-1B-Instruct,Falcon 3,1.7,p_p_sentence_naturalness_survey_aug_2010,syntax,252,0.1715,0.859,0.1997,0.9992
Falcon3-1B-Instruct,Falcon 3,1.7,p_p_sentence_naturalness_survey_dec_2009,syntax,324,0.2668,0.95,0.2809,0.9995
Falcon3-1B-Instruct,Falcon 3,1.7,p_p_sentence_naturalness_survey_feb,syntax,614,0.1638,0.664,0.2467,0.9995
Falcon3-1B-Instruct,Falcon 3,1.7,p_p_sentence_naturalness_survey_june_2013_v3,syntax,242,0.2494,0.928,0.2688,0.9982
Falcon3-1B-Instruct,Falcon 3,1.7,paris_judgments_3_dec_2012,syntax,477,-0.288,0.845,-0.3409,0.9996
Falcon3-1B-Instruct,Falcon 3,1.7,pascal_1_dec_2012,syntax,544,-0.0749,0.066,-1.1346,0.9339
Falcon3-1B-Instruct,Falcon 3,1.7,presup_survey_1_acd_july_2012,pragmatics,240,-0.1573,0.83,-0.1895,0.9987
Falcon3-1B-Instruct,Falcon 3,1.7,presup_survey_2_acd_july_2012,pragmatics,240,-0.0464,0.665,-0.0697,0.9986
Falcon3-1B-Instruct,Falcon 3,1.7,pronouns_following_verbs,pragmatics,44,-0.0143,0.706,-0.0203,0.9984
Falcon3-1B-Instruct,Falcon 3,1.7,pronouns_following_verbs_an,pragmatics,44,-0.2851,0.663,-0.4299,0.9975
Falcon3-1B-Instruct,Falcon 3,1.7,pronouns_following_verbs_ce,pragmatics,44,-0.1533,0.708,-0.2166,0.9964
Falcon3-1B-Instruct,Falcon 3,1.7,pronouns_following_verbs_sm,pragmatics,44,-0.0898,0.443,-0.2027,0.996
Falcon3-1B-Instruct,Falcon 3,1.7,pronouns_following_verbs_so,pragmatics,44,-0.1615,0.509,-0.3172,0.9948
Falcon3-1B-Instruct,Falcon 3,1.7,pronouns_following_verbs_ve,pragmatics,45,0.0264,0.567,0.0466,0.9984
Falcon3-1B-Instruct,Falcon 3,1.7,quant_syn_april_13_2012_90_sentences_with_a_question_and_a_rating_code,syntax,184,0.1451,0.91,0.1594,0.9984
Falcon3-1B-Instruct,Falcon 3,1.7,quant_syn_april_14_2012_48_sentences_with_a_question_and_a_rating_code,syntax,168,0.3489,0.96,0.3634,0.9978
Falcon3-1B-Instruct,Falcon 3,1.7,quant_syn_april_16_2012_36_sentences_with_a_question_and_a_rating_code,syntax,126,0.3863,0.965,0.4003,0.9943
Falcon3-1B-Instruct,Falcon 3,1.7,quantifier_naturalness_survey_june_4_2010,syntax,192,0.1374,0.639,0.215,0.9995
Falcon3-1B-Instruct,Falcon 3,1.7,quantitative_syntax_survey,syntax,129,-0.0566,0.852,-0.0664,0.9997
Falcon3-1B-Instruct,Falcon 3,1.7,rating_english_sentences,syntax,240,0.328,0.899,0.3648,0.9998
Falcon3-1B-Instruct,Falcon 3,1.7,reasoning_and_language_tasks_survey_code_talkative_pigeon,syntax,72,-0.0268,0.941,-0.0285,0.999
Falcon3-1B-Instruct,Falcon 3,1.7,relative_clause_displacements_in_english_sentences,syntax,180,-0.1172,0.501,-0.2339,0.9999
Falcon3-1B-Instruct,Falcon 3,1.7,relative_clause_displacements_in_english_sentences_with_fill,syntax,93,-0.3481,0.846,-0.4114,0.9999
Falcon3-1B-Instruct,Falcon 3,1.7,replication_study_9_59,discourse,185,0.0697,0.363,0.1919,0.999
Falcon3-1B-Instruct,Falcon 3,1.7,richard_islands_acceptability_expt_1_april_25_2013_3,syntax,144,0.2923,0.819,0.3569,0.9983
Falcon3-1B-Instruct,Falcon 3,1.7,richard_islands_acceptability_expt_2_april_26_2013,syntax,228,0.2469,0.92,0.2684,0.9981
Falcon3-1B-Instruct,Falcon 3,1.7,richard_islands_acceptability_expt_4_april_26_2013_1,syntax,100,0.4442,0.931,0.4771,0.9982
Falcon3-1B-Instruct,Falcon 3,1.7,richard_islands_acceptability_expt_5_april_27_2013_1,syntax,132,0.2384,0.619,0.3852,0.9984
Falcon3-1B-Instruct,Falcon 3,1.7,richard_islands_acceptability_expt_6_april_28_2013_while_whq_decl,syntax,100,0.323,0.965,0.3347,0.9984
Falcon3-1B-Instruct,Falcon 3,1.7,russian_freezing,syntax,180,0.045,0.898,0.0502,0.9819
Falcon3-1B-Instruct,Falcon 3,1.7,semantics1_finalproject,sentence_semantics,96,0.5638,0.972,0.58,0.9998
Falcon3-1B-Instruct,Falcon 3,1.7,semantics2_finalproject,sentence_semantics,96,0.5624,0.986,0.5704,0.9999
Falcon3-1B-Instruct,Falcon 3,1.7,semantics3_final_project,pragmatics,96,0.1016,0.974,0.1043,0.9994
Falcon3-1B-Instruct,Falcon 3,1.7,sentence_completions_and_islands_acceptability_expt_1_nov_13_2012,syntax,112,0.4761,0.969,0.4913,0.9989
Falcon3-1B-Instruct,Falcon 3,1.7,sentence_naturalness_isac_survey_feb_2011,syntax,304,0.5291,0.836,0.6329,0.9986
Falcon3-1B-Instruct,Falcon 3,1.7,sentence_naturalness_survey_acd_ratings_hackl_expt_7_oct_25_2012_1,syntax,176,0.2141,0.886,0.2417,0.9991
Falcon3-1B-Instruct,Falcon 3,1.7,sentence_naturalness_survey_acd_ratings_hackl_replic_expt_1_july_14_20,syntax,480,0.2892,0.864,0.3348,0.9996
Falcon3-1B-Instruct,Falcon 3,1.7,sentence_naturalness_survey_acd_ratings_v4_july_13_2012,syntax,176,0.3693,0.748,0.4938,0.9992
Falcon3-1B-Instruct,Falcon 3,1.7,sentence_naturalness_survey_acd_v1_jan_2012,discourse,128,0.0846,0.299,0.2831,0.9999
Falcon3-1B-Instruct,Falcon 3,1.7,sentence_naturalness_survey_acd_v6_oct_25_2012,discourse,128,0.0067,0.602,0.0111,0.9999
Falcon3-1B-Instruct,Falcon 3,1.7,sentence_naturalness_survey_denise_jan_12_2011_survey_code_pig_the_pig,syntax,200,0.3926,0.986,0.3982,0.9969
Falcon3-1B-Instruct,Falcon 3,1.7,sentence_naturalness_survey_denise_sept_8_2010_survey_code_pig_the_pig,syntax,224,0.3054,0.972,0.3142,0.9967
Falcon3-1B-Instruct,Falcon 3,1.7,sentence_naturalness_survey_feb_16_1_2012_60_items_code_shy_armadillo,syntax,120,0.2651,0.912,0.2907,0.9983
Falcon3-1B-Instruct,Falcon 3,1.7,sentence_naturalness_survey_for_gs_dec_2009,pragmatics,122,0.475,0.882,0.5385,0.9994
Falcon3-1B-Instruct,Falcon 3,1.7,sentence_naturalness_survey_for_gs_jan_2010,pragmatics,133,0.5053,0.906,0.5578,0.9995
Falcon3-1B-Instruct,Falcon 3,1.7,sentence_naturalness_survey_for_gs_jan_23_2010,pragmatics,216,0.5563,0.942,0.5905,0.9994
Falcon3-1B-Instruct,Falcon 3,1.7,sentence_naturalness_survey_for_gs_may_11_2011_purple_puppy,pragmatics,72,0.1527,0.873,0.175,0.9993
Falcon3-1B-Instruct,Falcon 3,1.7,sentence_naturalness_survey_for_jk_april_4_2010,discourse,96,0.0955,0.886,0.1078,0.9996
Falcon3-1B-Instruct,Falcon 3,1.7,sentence_naturalness_survey_for_jk_april_4_expt_3_2010,discourse,96,-0.0903,0.83,-0.1088,0.9997
Falcon3-1B-Instruct,Falcon 3,1.7,sentence_naturalness_survey_for_jk_april_9_expt_4_2010,discourse,96,-0.0294,0.831,-0.0354,0.9997
Falcon3-1B-Instruct,Falcon 3,1.7,sentence_naturalness_survey_for_jk_june_24_2010_v2,discourse,176,0.1832,0.787,0.2328,0.9996
Falcon3-1B-Instruct,Falcon 3,1.7,sentence_naturalness_survey_for_jk_mar_2010,discourse,96,-0.0596,0.88,-0.0677,0.9996
Falcon3-1B-Instruct,Falcon 3,1.7,sentence_naturalness_survey_for_jkm_dec_2009,discourse,128,0.1414,0.18,0.7854,0.9998
Falcon3-1B-Instruct,Falcon 3,1.7,sentence_naturalness_survey_for_jkm_jan_2012,discourse,128,0.0107,0.266,0.0403,0.9999
Falcon3-1B-Instruct,Falcon 3,1.7,sentence_naturalness_survey_for_lb_dec_2009,discourse,108,0.1312,0.832,0.1577,0.9998
Falcon3-1B-Instruct,Falcon 3,1.7,sentence_naturalness_survey_for_lb_feb_20_2010_v2,discourse,79,-0.409,0.951,-0.43,0.9998
Falcon3-1B-Instruct,Falcon 3,1.7,sentence_naturalness_survey_for_lb_jan_2011,discourse,519,0.094,0.886,0.1061,0.9999
Falcon3-1B-Instruct,Falcon 3,1.7,sentence_naturalness_survey_for_lb_jan_2011_v2,discourse,519,0.0875,0.689,0.127,0.9999
Falcon3-1B-Instruct,Falcon 3,1.7,sentence_naturalness_survey_for_lb_jan_2011_v3,discourse,519,0.1325,0.886,0.1495,0.9999
Falcon3-1B-Instruct,Falcon 3,1.7,sentence_naturalness_survey_for_lb_mar_2010_2,discourse,241,0.0504,0.935,0.0539,0.9998
Falcon3-1B-Instruct,Falcon 3,1.7,sentence_naturalness_survey_for_lb_mar_2010,discourse,123,0.1418,0.951,0.1491,0.9998
Falcon3-1B-Instruct,Falcon 3,1.7,sentence_naturalness_survey_for_lb_may_2010,discourse,148,-0.1276,0.953,-0.1338,0.9998
Falcon3-1B-Instruct,Falcon 3,1.7,sentence_naturalness_survey_for_lb_prelim_oct_2010,discourse,402,0.0444,0.882,0.0504,0.9998
Falcon3-1B-Instruct,Falcon 3,1.7,sentence_naturalness_survey_for_rw_dec_2009,discourse,180,0.2139,0.825,0.2593,0.9998
Falcon3-1B-Instruct,Falcon 3,1.7,sentence_naturalness_survey_for_rw_jan_2010,discourse,480,0.1424,0.872,0.1633,0.9998
Falcon3-1B-Instruct,Falcon 3,1.7,sentence_naturalness_survey_laura_mar_17_2012_92_items_code_lazy_cater,sentence_semantics,368,0.5033,0.883,0.57,0.9994
Falcon3-1B-Instruct,Falcon 3,1.7,sentence_naturalness_survey_laura_mar_17_2012_96_items_code_lazy_cater,sentence_semantics,384,0.5154,0.883,0.5837,0.9994
Falcon3-1B-Instruct,Falcon 3,1.7,sentence_naturalness_survey_may_4_2011_36_items_code_anxious_bat,syntax,84,0.256,0.757,0.3382,0.9993
Falcon3-1B-Instruct,Falcon 3,1.7,sentence_naturalness_survey_nat_aug_28_2010_survey_code_downtown,syntax,270,0.2754,0.956,0.2881,0.999
Falcon3-1B-Instruct,Falcon 3,1.7,short_acceptability_feb_6_2014,syntax,128,0.0373,0.907,0.0412,0.9995
Falcon3-1B-Instruct,Falcon 3,1.7,susan_canonicity_rerunning_2,syntax,52,0.1373,0.95,0.1446,0.9987
Falcon3-1B-Instruct,Falcon 3,1.7,topicalization_e1,syntax,77,0.5244,0.942,0.5567,0.9993
Falcon3-1B-Instruct,Falcon 3,1.7,verb_causality_study_semantics_ratings_mk_april_2010,lexical_semantics,188,-0.0761,0.972,-0.0783,0.9999
Falcon3-1B-Instruct,Falcon 3,1.7,verb_causality_study_syntax_ratings_mk_april_2010,syntax,653,0.0345,0.633,0.0545,0.9995
Falcon3-1B-Instruct,Falcon 3,1.7,wm2_wm5_9_59_sentence_naturalness_survey_april_2011,syntax,219,0.2722,0.839,0.3245,0.9985
Falcon3-1B-Instruct,Falcon 3,1.7,word3_b_word_naturalness_survey_may_4_2011_160_items_code_sleepy_bear,subword,158,-0.1607,0.937,-0.1716,0.9985
Falcon3-1B-Instruct,Falcon 3,1.7,word3_word_naturalness_survey_may_1_2011_45_items_code_nosy_badger,subword,45,-0.1499,0.948,-0.1581,0.9987
Falcon3-7B-Instruct,Falcon 3,7.5,50_sentences_noisy_channel_may_25_2011,pragmatics,208,0.1688,0.555,0.3041,0.9962
Falcon3-7B-Instruct,Falcon 3,7.5,50_sentences_with_2_comp_qs_plus_rating_mar_11_2011,sentence_semantics,208,0.3955,0.588,0.6727,0.9956
Falcon3-7B-Instruct,Falcon 3,7.5,acceptability_extension_959_v5,syntax,566,0.7302,0.797,0.9162,0.9962
Falcon3-7B-Instruct,Falcon 3,7.5,acceptability_judgments_kang,syntax,136,0.5683,0.974,0.5834,0.9977
Falcon3-7B-Instruct,Falcon 3,7.5,acceptability_replication_959,syntax,288,0.9078,0.964,0.9417,0.9939
Falcon3-7B-Instruct,Falcon 3,7.5,acd_context_polly_1_nov_23_2012,discourse,310,0.0493,0.462,0.1066,0.9988
Falcon3-7B-Instruct,Falcon 3,7.5,acd_no_context_polly_1_nov_23_2012,syntax,213,0.5762,0.838,0.6876,0.9971
Falcon3-7B-Instruct,Falcon 3,7.5,acd_project_also_3_nov_24_2012_2,syntax,128,0.6462,0.874,0.7393,0.9977
Falcon3-7B-Instruct,Falcon 3,7.5,acd_project_expt_23_also_nov_16_2012,syntax,600,0.5306,0.825,0.6431,0.9976
Falcon3-7B-Instruct,Falcon 3,7.5,acd_project_expt_24_same_diff_verbs_nov_16_2012,syntax,472,0.566,0.89,0.6359,0.9973
Falcon3-7B-Instruct,Falcon 3,7.5,acd_project_expt_31_same_diff_verbs_nov_16_2012_1,syntax,176,0.6616,0.755,0.8762,0.9974
Falcon3-7B-Instruct,Falcon 3,7.5,acd_project_expt_42_also_verbs_nov_29_2012_1,syntax,176,0.3598,0.63,0.5712,0.9977
Falcon3-7B-Instruct,Falcon 3,7.5,acd_project_expt_44_the_same_nov_29_2012_1,syntax,140,0.4762,0.601,0.7924,0.9975
Falcon3-7B-Instruct,Falcon 3,7.5,acd_project_expt_45_hkv_expt_2_plaus_nov_29_2012,syntax,360,0.4515,0.774,0.5833,0.9975
Falcon3-7B-Instruct,Falcon 3,7.5,acd_project_expt_46_also_in_hkv_2_nov_29_2012_1,syntax,448,0.3037,0.56,0.5423,0.9977
Falcon3-7B-Instruct,Falcon 3,7.5,active_passive_sentence_naturalness_survey_july_2012,syntax,132,0.614,0.887,0.6922,0.9976
Falcon3-7B-Instruct,Falcon 3,7.5,aixiu_coherence_en_update1,sentence_semantics,277,0.8175,0.882,0.9268,0.9921
Falcon3-7B-Instruct,Falcon 3,7.5,alex_paunov_literal_inferences_dec_3_2011,pragmatics,299,0.6362,0.908,0.7007,0.9986
Falcon3-7B-Instruct,Falcon 3,7.5,amouyal2024_plausibility,sentence_semantics,853,0.5499,0.915,0.6009,0.9992
Falcon3-7B-Instruct,Falcon 3,7.5,animacy_passive_dative_kyle,syntax,120,0.2189,0.926,0.2364,0.9983
Falcon3-7B-Instruct,Falcon 3,7.5,anne_abeille_acceptability_july_12_2017_1,syntax,296,0.4613,0.635,0.7265,0.9991
Falcon3-7B-Instruct,Falcon 3,7.5,base_acceptability_0908,syntax,73,-0.0248,0.931,-0.0266,0.9986
Falcon3-7B-Instruct,Falcon 3,7.5,brief_sentence_naturalness_survey_march_2011,sentence_semantics,64,0.8671,0.96,0.9032,0.9967
Falcon3-7B-Instruct,Falcon 3,7.5,can_noncan_acceptability_0924,syntax,88,0.6764,0.966,0.7002,0.9985
Falcon3-7B-Instruct,Falcon 3,7.5,can_noncan_acceptability_2,syntax,88,0.7008,0.962,0.7285,0.9985
Falcon3-7B-Instruct,Falcon 3,7.5,chinese_dative,discourse,96,0.4637,0.715,0.6486,0.9936
Falcon3-7B-Instruct,Falcon 3,7.5,class_demo,syntax,44,0.3479,0.927,0.3753,0.998
Falcon3-7B-Instruct,Falcon 3,7.5,clefting_e3,syntax,48,0.3456,0.877,0.3941,0.9977
Falcon3-7B-Instruct,Falcon 3,7.5,clefting_e4,syntax,48,0.5946,0.969,0.6136,0.9976
Falcon3-7B-Instruct,Falcon 3,7.5,coherence_survey_list1_main,discourse,100,0.8768,0.95,0.9229,0.9998
Falcon3-7B-Instruct,Falcon 3,7.5,coherence_survey_list2_main,discourse,100,0.8917,0.948,0.9407,0.9998
Falcon3-7B-Instruct,Falcon 3,7.5,coherence_survey_list3_main,discourse,100,0.86,0.942,0.9129,0.9998
Falcon3-7B-Instruct,Falcon 3,7.5,coherence_survey_list4_main,discourse,100,0.8652,0.95,0.9108,0.9998
Falcon3-7B-Instruct,Falcon 3,7.5,constituency_tests_2,syntax,48,0.694,0.836,0.8301,0.9984
Falcon3-7B-Instruct,Falcon 3,7.5,constituency_tests,syntax,48,0.5329,0.654,0.8148,0.9981
Falcon3-7B-Instruct,Falcon 3,7.5,copy_cat_polly_june_2014,discourse,102,0.6006,0.865,0.6943,0.9992
Falcon3-7B-Instruct,Falcon 3,7.5,copy_of_verb_causality_study_semantics_ratings_mk_april_2010,lexical_semantics,62,0.3783,0.83,0.4558,0.9993
Falcon3-7B-Instruct,Falcon 3,7.5,crossed_dependencies_long,syntax,201,0.3104,0.899,0.3453,0.9981
Falcon3-7B-Instruct,Falcon 3,7.5,cul_jack_april_12_2012_54_short_texts_with_two_comprehension_questions,syntax,210,0.5569,0.896,0.6216,0.9991
Falcon3-7B-Instruct,Falcon 3,7.5,cul_jack_sentence_naturalness_survey_april_2010,syntax,220,0.7594,0.952,0.7977,0.9981
Falcon3-7B-Instruct,Falcon 3,7.5,dative_alternation_extension_version_2,syntax,229,0.4676,0.456,1.0254,0.9988
Falcon3-7B-Instruct,Falcon 3,7.5,dative_finnish,discourse,96,-0.0284,0.689,-0.0412,0.0007
Falcon3-7B-Instruct,Falcon 3,7.5,dative_turkish,discourse,96,-0.0781,0.734,-0.1065,0.1017
Falcon3-7B-Instruct,Falcon 3,7.5,dentella2023_grammaticality,syntax,80,0.5473,0.981,0.5579,0.9906
Falcon3-7B-Instruct,Falcon 3,7.5,depth_charge_survey,sentence_semantics,188,0.5206,0.846,0.6154,0.9911
Falcon3-7B-Instruct,Falcon 3,7.5,depth_charge_with_noise,sentence_semantics,188,0.6263,0.854,0.7334,0.9906
Falcon3-7B-Instruct,Falcon 3,7.5,discourse_30subjs_list1,discourse,100,0.8628,0.941,0.9169,0.9998
Falcon3-7B-Instruct,Falcon 3,7.5,discourse_30subjs_list2,discourse,100,0.8784,0.951,0.9237,0.9998
Falcon3-7B-Instruct,Falcon 3,7.5,discourse_30subjs_list3,discourse,100,0.8957,0.947,0.9458,0.9998
Falcon3-7B-Instruct,Falcon 3,7.5,discourse_30subjs_list4,discourse,100,0.8823,0.942,0.9366,0.9998
Falcon3-7B-Instruct,Falcon 3,7.5,discourse_causality_list1,discourse,100,0.8563,0.935,0.9158,0.9996
Falcon3-7B-Instruct,Falcon 3,7.5,discourse_causality_list2,discourse,100,0.8308,0.952,0.8727,0.9995
Falcon3-7B-Instruct,Falcon 3,7.5,discourse_causality_list3,discourse,100,0.8225,0.933,0.8816,0.9993
Falcon3-7B-Instruct,Falcon 3,7.5,discourse_causality_list4,discourse,100,0.7939,0.955,0.8313,0.9993
Falcon3-7B-Instruct,Falcon 3,7.5,discourse_changed_0428,discourse,48,0.888,0.953,0.9318,0.9999
Falcon3-7B-Instruct,Falcon 3,7.5,discourse_coherence_list1,discourse,100,0.8618,0.943,0.9139,0.9988
Falcon3-7B-Instruct,Falcon 3,7.5,discourse_coherence_list2,discourse,100,0.8245,0.936,0.8809,0.9988
Falcon3-7B-Instruct,Falcon 3,7.5,discourse_coherence_list3,discourse,100,0.8572,0.95,0.9024,0.9989
Falcon3-7B-Instruct,Falcon 3,7.5,discourse_coherence_list4,discourse,100,0.8285,0.933,0.888,0.9985
Falcon3-7B-Instruct,Falcon 3,7.5,discourse_imagability_pairs_list1,sentence_semantics,100,0.6279,0.917,0.6847,0.9995
Falcon3-7B-Instruct,Falcon 3,7.5,discourse_imagability_pairs_list2,sentence_semantics,100,0.7431,0.946,0.7856,0.9994
Falcon3-7B-Instruct,Falcon 3,7.5,discourse_imagability_singles_list1,sentence_semantics,100,0.8193,0.938,0.8734,0.9994
Falcon3-7B-Instruct,Falcon 3,7.5,discourse_imagability_singles_list2,sentence_semantics,100,0.8778,0.954,0.9201,0.9994
Falcon3-7B-Instruct,Falcon 3,7.5,discourse_imagability_singles_list3,sentence_semantics,100,0.842,0.931,0.9045,0.9994
Falcon3-7B-Instruct,Falcon 3,7.5,discourse_imagability_singles_list4,sentence_semantics,100,0.8442,0.948,0.8906,0.9994
Falcon3-7B-Instruct,Falcon 3,7.5,discourse_mentalizing_pairs_list1,sentence_semantics,100,0.743,0.928,0.8007,0.9992
Falcon3-7B-Instruct,Falcon 3,7.5,discourse_mentalizing_pairs_list2,sentence_semantics,100,0.6717,0.931,0.7215,0.9992
Falcon3-7B-Instruct,Falcon 3,7.5,discourse_mentalizing_singles_list1,sentence_semantics,100,0.6321,0.935,0.676,0.9992
Falcon3-7B-Instruct,Falcon 3,7.5,discourse_mentalizing_singles_list2,sentence_semantics,100,0.7037,0.925,0.7608,0.999
Falcon3-7B-Instruct,Falcon 3,7.5,discourse_mentalizing_singles_list3,sentence_semantics,100,0.6363,0.909,0.7,0.9992
Falcon3-7B-Instruct,Falcon 3,7.5,discourse_mentalizing_singles_list4,sentence_semantics,100,0.7739,0.952,0.813,0.9991
Falcon3-7B-Instruct,Falcon 3,7.5,discourse_physics_pairs_list1,sentence_semantics,100,0.6572,0.957,0.6867,0.9995
Falcon3-7B-Instruct,Falcon 3,7.5,discourse_physics_pairs_list2,sentence_semantics,100,0.7389,0.951,0.777,0.9994
Falcon3-7B-Instruct,Falcon 3,7.5,discourse_physics_singles_list1,sentence_semantics,100,0.832,0.943,0.8822,0.9995
Falcon3-7B-Instruct,Falcon 3,7.5,discourse_physics_singles_list2,sentence_semantics,100,0.7459,0.952,0.7835,0.9994
Falcon3-7B-Instruct,Falcon 3,7.5,discourse_physics_singles_list3,sentence_semantics,100,0.8299,0.941,0.8819,0.9995
Falcon3-7B-Instruct,Falcon 3,7.5,discourse_physics_singles_list4,sentence_semantics,100,0.8099,0.942,0.8597,0.9993
Falcon3-7B-Instruct,Falcon 3,7.5,discourse_scenes_pairs_list1,sentence_semantics,100,0.826,0.944,0.8751,0.9989
Falcon3-7B-Instruct,Falcon 3,7.5,discourse_scenes_pairs_list2,sentence_semantics,100,0.8563,0.95,0.9014,0.9988
Falcon3-7B-Instruct,Falcon 3,7.5,discourse_scenes_singles_list1,sentence_semantics,100,0.8608,0.944,0.9119,0.9986
Falcon3-7B-Instruct,Falcon 3,7.5,discourse_scenes_singles_list2,sentence_semantics,100,0.8275,0.949,0.872,0.9979
Falcon3-7B-Instruct,Falcon 3,7.5,discourse_scenes_singles_list3,sentence_semantics,100,0.8423,0.966,0.872,0.9984
Falcon3-7B-Instruct,Falcon 3,7.5,discourse_scenes_singles_list4,sentence_semantics,100,0.8658,0.964,0.8981,0.9981
Falcon3-7B-Instruct,Falcon 3,7.5,diveica2023_socialness,lexical_semantics,1000,0.8344,0.883,0.9449,0.9999
Falcon3-7B-Instruct,Falcon 3,7.5,ecog_sentences_imaginability_jan_8_2014,sentence_semantics,120,0.0894,0.833,0.1073,0.9974
Falcon3-7B-Instruct,Falcon 3,7.5,ecog_sentences_naturalness_jan_8_2014_2,sentence_semantics,120,0.4946,0.727,0.6803,0.9966
Falcon3-7B-Instruct,Falcon 3,7.5,edwards2024_spelling_to_pronunciation_transparency,subword,1000,0.5882,0.826,0.7121,0.9998
Falcon3-7B-Instruct,Falcon 3,7.5,erp_norming_error_detection_june_2013_4,syntax,323,0.1505,0.841,0.179,0.998
Falcon3-7B-Instruct,Falcon 3,7.5,erp_sentence_naturalness_survey_june_2013_2,syntax,483,0.7206,0.922,0.7815,0.9979
Falcon3-7B-Instruct,Falcon 3,7.5,eunice_disfluency_2_nov_17_2011,syntax,190,0.5425,0.832,0.652,0.9982
Falcon3-7B-Instruct,Falcon 3,7.5,eunice_disfluency_nov_15_2011,syntax,468,0.3781,0.807,0.4686,0.9981
Falcon3-7B-Instruct,Falcon 3,7.5,european_portuguese_rc,syntax,174,0.7043,0.84,0.8385,0.9782
Falcon3-7B-Instruct,Falcon 3,7.5,european_portuguese_wh,syntax,174,0.5714,0.893,0.6399,0.9765
Falcon3-7B-Instruct,Falcon 3,7.5,extension,syntax,138,0.6855,0.872,0.7862,0.9942
Falcon3-7B-Instruct,Falcon 3,7.5,gabriel_rc,syntax,174,0.6136,0.818,0.7501,0.9788
Falcon3-7B-Instruct,Falcon 3,7.5,gabriel_wh,syntax,174,0.5456,0.902,0.6049,0.9756
Falcon3-7B-Instruct,Falcon 3,7.5,giurgea2025_motivation,lexical_semantics,1000,0.7207,0.856,0.8419,1.0
Falcon3-7B-Instruct,Falcon 3,7.5,huang_response_set1a,syntax,288,0.4938,0.966,0.5112,0.9945
Falcon3-7B-Instruct,Falcon 3,7.5,huang_response_set1b,syntax,288,0.4777,0.964,0.4956,0.9942
Falcon3-7B-Instruct,Falcon 3,7.5,huang_response_set2a,syntax,288,0.6559,0.97,0.6762,0.9946
Falcon3-7B-Instruct,Falcon 3,7.5,huang_response_set2a_declaratives,syntax,288,0.5857,0.97,0.6038,0.9951
Falcon3-7B-Instruct,Falcon 3,7.5,huang_response_set2b,syntax,288,0.6485,0.97,0.6685,0.9943
Falcon3-7B-Instruct,Falcon 3,7.5,huang_response_set2b_declaratives,syntax,288,0.6539,0.974,0.6714,0.9948
Falcon3-7B-Instruct,Falcon 3,7.5,imperative_control_iad_gs_may_16_2011_purple_puppy,pragmatics,96,0.5719,0.86,0.6651,0.9996
Falcon3-7B-Instruct,Falcon 3,7.5,isac_sentence_naturalness_survey_feb_2011_64_items_survey_code_giant_c,syntax,256,0.5838,0.885,0.6597,0.9979
Falcon3-7B-Instruct,Falcon 3,7.5,islands_acceptability_expt_2_dec_2_2012,syntax,480,0.6124,0.874,0.7007,0.9978
Falcon3-7B-Instruct,Falcon 3,7.5,italian_dative_v2,discourse,192,0.138,0.604,0.2285,0.9787
Falcon3-7B-Instruct,Falcon 3,7.5,italian_locative_v7,discourse,192,0.2856,0.66,0.4327,0.975
Falcon3-7B-Instruct,Falcon 3,7.5,lancaster2020_auditory,lexical_semantics,1000,0.3933,0.831,0.4733,0.9998
Falcon3-7B-Instruct,Falcon 3,7.5,lancaster2020_foot_leg,lexical_semantics,1000,0.4319,0.729,0.5925,0.9997
Falcon3-7B-Instruct,Falcon 3,7.5,lancaster2020_gustatory,lexical_semantics,1000,0.306,0.545,0.5614,0.9998
Falcon3-7B-Instruct,Falcon 3,7.5,lancaster2020_hand_arm,lexical_semantics,1000,0.2058,0.783,0.2628,0.9996
Falcon3-7B-Instruct,Falcon 3,7.5,lancaster2020_haptic,lexical_semantics,1000,0.4164,0.808,0.5153,0.9998
Falcon3-7B-Instruct,Falcon 3,7.5,lancaster2020_head,lexical_semantics,1000,0.3655,0.57,0.6412,0.9998
Falcon3-7B-Instruct,Falcon 3,7.5,lancaster2020_interoceptive,lexical_semantics,1000,0.6127,0.778,0.7876,0.9996
Falcon3-7B-Instruct,Falcon 3,7.5,lancaster2020_mouth,lexical_semantics,1000,0.4174,0.777,0.5371,0.9995
Falcon3-7B-Instruct,Falcon 3,7.5,lancaster2020_olfactory,lexical_semantics,1000,0.384,0.622,0.6174,0.9997
Falcon3-7B-Instruct,Falcon 3,7.5,lancaster2020_torso,lexical_semantics,1000,0.2754,0.675,0.408,0.9998
Falcon3-7B-Instruct,Falcon 3,7.5,lancaster2020_visual,lexical_semantics,1000,0.4968,0.767,0.6477,0.9995
Falcon3-7B-Instruct,Falcon 3,7.5,lauren_sentence_naturalness_survey_expt3_nov_17_2011,syntax,460,0.4981,0.633,0.787,0.998
Falcon3-7B-Instruct,Falcon 3,7.5,lauren_sentence_naturalness_survey_expt_2_nov_15_2011,syntax,252,0.5042,0.712,0.7082,0.9977
Falcon3-7B-Instruct,Falcon 3,7.5,lauren_sentence_naturalness_survey_oct_14_2011,syntax,360,0.6206,0.703,0.8829,0.9977
Falcon3-7B-Instruct,Falcon 3,7.5,lexical_frame_adjectives_likert_set1,syntax,384,0.5101,0.83,0.6146,0.995
Falcon3-7B-Instruct,Falcon 3,7.5,lexical_frame_adjectives_likert_set2,syntax,384,0.4072,0.744,0.5473,0.9947
Falcon3-7B-Instruct,Falcon 3,7.5,lexical_frame_adjectives_likert_set3,syntax,384,0.4478,0.873,0.5129,0.9946
Falcon3-7B-Instruct,Falcon 3,7.5,locative_topicalization_survey,discourse,229,0.3682,0.777,0.4739,0.9989
Falcon3-7B-Instruct,Falcon 3,7.5,massive_mem_arousal_mar_2013,lexical_semantics,1000,0.5168,0.883,0.5853,0.9983
Falcon3-7B-Instruct,Falcon 3,7.5,massive_mem_arousal_mar_2013_end_2,lexical_semantics,242,0.5024,0.85,0.591,0.9985
Falcon3-7B-Instruct,Falcon 3,7.5,massive_mem_arousal_mar_2014,lexical_semantics,1000,0.6124,0.863,0.7096,0.9983
Falcon3-7B-Instruct,Falcon 3,7.5,massive_mem_arousal_mar_2014_end_1,lexical_semantics,242,0.6966,0.886,0.7862,0.9983
Falcon3-7B-Instruct,Falcon 3,7.5,massive_mem_concreteness_mar_2013,lexical_semantics,1000,0.3789,0.956,0.3964,0.9971
Falcon3-7B-Instruct,Falcon 3,7.5,massive_mem_concreteness_mar_2013_end_1,lexical_semantics,242,0.3106,0.959,0.3239,0.9974
Falcon3-7B-Instruct,Falcon 3,7.5,massive_mem_concreteness_mar_2014,lexical_semantics,1000,0.3941,0.952,0.414,0.9971
Falcon3-7B-Instruct,Falcon 3,7.5,massive_mem_concreteness_mar_2014_end_1,lexical_semantics,242,0.4259,0.955,0.446,0.9971
Falcon3-7B-Instruct,Falcon 3,7.5,massive_mem_imageability_mar_2013,lexical_semantics,1000,0.6493,0.961,0.6756,0.9986
Falcon3-7B-Instruct,Falcon 3,7.5,massive_mem_imageability_mar_2013_end_1,lexical_semantics,242,0.6354,0.963,0.6599,0.9985
Falcon3-7B-Instruct,Falcon 3,7.5,massive_mem_imageability_mar_2014,lexical_semantics,1000,0.4679,0.948,0.4936,0.998
Falcon3-7B-Instruct,Falcon 3,7.5,massive_mem_imageability_mar_2014_end_1,lexical_semantics,242,0.433,0.964,0.4492,0.998
Falcon3-7B-Instruct,Falcon 3,7.5,massive_mem_valence_mar_2013,lexical_semantics,1000,0.6108,0.948,0.6443,0.9971
Falcon3-7B-Instruct,Falcon 3,7.5,massive_mem_valence_mar_2013_end_1,lexical_semantics,242,0.8472,0.966,0.877,0.9977
Falcon3-7B-Instruct,Falcon 3,7.5,massive_mem_valence_mar_2014,lexical_semantics,1000,0.823,0.961,0.8564,0.9981
Falcon3-7B-Instruct,Falcon 3,7.5,massive_mem_valence_mar_2014_end_1,lexical_semantics,242,0.8645,0.959,0.9015,0.9981
Falcon3-7B-Instruct,Falcon 3,7.5,melissa_short_naturalness_test,sentence_semantics,24,0.8215,0.968,0.8486,0.9978
Falcon3-7B-Instruct,Falcon 3,7.5,missing_vp_extension_0501_final,syntax,72,0.4232,0.741,0.5712,0.9994
Falcon3-7B-Instruct,Falcon 3,7.5,missing_vp_extension,syntax,80,0.5846,0.881,0.6635,0.9991
Falcon3-7B-Instruct,Falcon 3,7.5,missing_vp_rereplication,syntax,72,0.4588,0.707,0.6489,0.999
Falcon3-7B-Instruct,Falcon 3,7.5,mk_grammaticality_study_7_20,syntax,1000,0.0817,0.876,0.0932,0.9974
Falcon3-7B-Instruct,Falcon 3,7.5,muraki2023_concreteness,lexical_semantics,1000,0.4647,0.829,0.5605,0.9997
Falcon3-7B-Instruct,Falcon 3,7.5,noisy_channel_acceptability_1_sept_2013_1,syntax,496,0.7972,0.921,0.8656,0.9974
Falcon3-7B-Instruct,Falcon 3,7.5,noisy_channel_acceptability_2_sept_2013,syntax,380,0.832,0.965,0.8622,0.9975
Falcon3-7B-Instruct,Falcon 3,7.5,noisy_rc_norming_oct19,sentence_semantics,128,0.6703,0.838,0.7999,0.9968
Falcon3-7B-Instruct,Falcon 3,7.5,of_acceptability_2,syntax,88,0.6383,0.951,0.6712,0.9985
Falcon3-7B-Instruct,Falcon 3,7.5,orange_camel_sentence_naturalness_survey_nov_2010,discourse,144,0.6751,0.861,0.784,0.9982
Falcon3-7B-Instruct,Falcon 3,7.5,orc_lauren_sentence_naturalness_survey_july_2012,syntax,192,0.5705,0.948,0.6018,0.9978
Falcon3-7B-Instruct,Falcon 3,7.5,p_p_sentence_naturalness_survey_aug_2010,syntax,252,0.5219,0.859,0.6076,0.9979
Falcon3-7B-Instruct,Falcon 3,7.5,p_p_sentence_naturalness_survey_dec_2009,syntax,324,0.5198,0.95,0.5472,0.9973
Falcon3-7B-Instruct,Falcon 3,7.5,p_p_sentence_naturalness_survey_feb,syntax,614,0.3097,0.664,0.4664,0.9975
Falcon3-7B-Instruct,Falcon 3,7.5,p_p_sentence_naturalness_survey_june_2013_v3,syntax,242,0.4335,0.928,0.4671,0.996
Falcon3-7B-Instruct,Falcon 3,7.5,paris_judgments_3_dec_2012,syntax,477,0.4972,0.845,0.5884,0.9974
Falcon3-7B-Instruct,Falcon 3,7.5,pascal_1_dec_2012,syntax,544,0.1755,0.066,2.6584,0.9662
Falcon3-7B-Instruct,Falcon 3,7.5,presup_survey_1_acd_july_2012,pragmatics,240,0.5532,0.83,0.6665,0.9978
Falcon3-7B-Instruct,Falcon 3,7.5,presup_survey_2_acd_july_2012,pragmatics,240,0.2503,0.665,0.3764,0.9977
Falcon3-7B-Instruct,Falcon 3,7.5,pronouns_following_verbs,pragmatics,44,0.0813,0.706,0.1152,0.986
Falcon3-7B-Instruct,Falcon 3,7.5,pronouns_following_verbs_an,pragmatics,44,-0.1441,0.663,-0.2174,0.9718
Falcon3-7B-Instruct,Falcon 3,7.5,pronouns_following_verbs_ce,pragmatics,44,-0.0858,0.708,-0.1212,0.9798
Falcon3-7B-Instruct,Falcon 3,7.5,pronouns_following_verbs_sm,pragmatics,44,0.0456,0.443,0.1029,0.9723
Falcon3-7B-Instruct,Falcon 3,7.5,pronouns_following_verbs_so,pragmatics,44,0.158,0.509,0.3103,0.9541
Falcon3-7B-Instruct,Falcon 3,7.5,pronouns_following_verbs_ve,pragmatics,45,-0.0835,0.567,-0.1472,0.968
Falcon3-7B-Instruct,Falcon 3,7.5,quant_syn_april_13_2012_90_sentences_with_a_question_and_a_rating_code,syntax,184,0.7415,0.91,0.8148,0.9982
Falcon3-7B-Instruct,Falcon 3,7.5,quant_syn_april_14_2012_48_sentences_with_a_question_and_a_rating_code,syntax,168,0.7605,0.96,0.7922,0.9981
Falcon3-7B-Instruct,Falcon 3,7.5,quant_syn_april_16_2012_36_sentences_with_a_question_and_a_rating_code,syntax,126,0.8589,0.965,0.8901,0.9979
Falcon3-7B-Instruct,Falcon 3,7.5,quantifier_naturalness_survey_june_4_2010,syntax,192,0.2882,0.639,0.4511,0.9983
Falcon3-7B-Instruct,Falcon 3,7.5,quantitative_syntax_survey,syntax,129,0.5379,0.852,0.6314,0.9984
Falcon3-7B-Instruct,Falcon 3,7.5,rating_english_sentences,syntax,240,0.6572,0.899,0.7311,0.9931
Falcon3-7B-Instruct,Falcon 3,7.5,reasoning_and_language_tasks_survey_code_talkative_pigeon,syntax,72,0.3841,0.941,0.4081,0.9987
Falcon3-7B-Instruct,Falcon 3,7.5,relative_clause_displacements_in_english_sentences,syntax,180,0.3698,0.501,0.7381,0.9991
Falcon3-7B-Instruct,Falcon 3,7.5,relative_clause_displacements_in_english_sentences_with_fill,syntax,93,0.3419,0.846,0.4042,0.9991
Falcon3-7B-Instruct,Falcon 3,7.5,replication_study_9_59,discourse,185,0.487,0.363,1.3416,0.9994
Falcon3-7B-Instruct,Falcon 3,7.5,richard_islands_acceptability_expt_1_april_25_2013_3,syntax,144,0.6239,0.819,0.7618,0.9975
Falcon3-7B-Instruct,Falcon 3,7.5,richard_islands_acceptability_expt_2_april_26_2013,syntax,228,0.8095,0.92,0.8799,0.9978
Falcon3-7B-Instruct,Falcon 3,7.5,richard_islands_acceptability_expt_4_april_26_2013_1,syntax,100,0.7792,0.931,0.8369,0.9981
Falcon3-7B-Instruct,Falcon 3,7.5,richard_islands_acceptability_expt_5_april_27_2013_1,syntax,132,0.4154,0.619,0.6711,0.9974
Falcon3-7B-Instruct,Falcon 3,7.5,richard_islands_acceptability_expt_6_april_28_2013_while_whq_decl,syntax,100,0.7407,0.965,0.7675,0.998
Falcon3-7B-Instruct,Falcon 3,7.5,russian_freezing,syntax,180,0.3096,0.898,0.3448,0.9325
Falcon3-7B-Instruct,Falcon 3,7.5,semantics1_finalproject,sentence_semantics,96,0.884,0.972,0.9094,0.9953
Falcon3-7B-Instruct,Falcon 3,7.5,semantics2_finalproject,sentence_semantics,96,0.8464,0.986,0.8584,0.9947
Falcon3-7B-Instruct,Falcon 3,7.5,semantics3_final_project,pragmatics,96,0.6735,0.974,0.6915,0.9808
Falcon3-7B-Instruct,Falcon 3,7.5,sentence_completions_and_islands_acceptability_expt_1_nov_13_2012,syntax,112,0.7332,0.969,0.7566,0.9977
Falcon3-7B-Instruct,Falcon 3,7.5,sentence_naturalness_isac_survey_feb_2011,syntax,304,0.6677,0.836,0.7986,0.9974
Falcon3-7B-Instruct,Falcon 3,7.5,sentence_naturalness_survey_acd_ratings_hackl_expt_7_oct_25_2012_1,syntax,176,0.4407,0.886,0.4974,0.9972
Falcon3-7B-Instruct,Falcon 3,7.5,sentence_naturalness_survey_acd_ratings_hackl_replic_expt_1_july_14_20,syntax,480,0.6353,0.864,0.7353,0.9976
Falcon3-7B-Instruct,Falcon 3,7.5,sentence_naturalness_survey_acd_ratings_v4_july_13_2012,syntax,176,0.5715,0.748,0.764,0.9974
Falcon3-7B-Instruct,Falcon 3,7.5,sentence_naturalness_survey_acd_v1_jan_2012,discourse,128,0.2614,0.299,0.8742,0.9993
Falcon3-7B-Instruct,Falcon 3,7.5,sentence_naturalness_survey_acd_v6_oct_25_2012,discourse,128,0.1526,0.602,0.2535,0.9991
Falcon3-7B-Instruct,Falcon 3,7.5,sentence_naturalness_survey_denise_jan_12_2011_survey_code_pig_the_pig,syntax,200,0.7879,0.986,0.7991,0.9978
Falcon3-7B-Instruct,Falcon 3,7.5,sentence_naturalness_survey_denise_sept_8_2010_survey_code_pig_the_pig,syntax,224,0.7525,0.972,0.7742,0.9978
Falcon3-7B-Instruct,Falcon 3,7.5,sentence_naturalness_survey_feb_16_1_2012_60_items_code_shy_armadillo,syntax,120,0.5362,0.912,0.5879,0.9971
Falcon3-7B-Instruct,Falcon 3,7.5,sentence_naturalness_survey_for_gs_dec_2009,pragmatics,122,0.5814,0.882,0.6592,0.9997
Falcon3-7B-Instruct,Falcon 3,7.5,sentence_naturalness_survey_for_gs_jan_2010,pragmatics,133,0.6511,0.906,0.7186,0.9997
Falcon3-7B-Instruct,Falcon 3,7.5,sentence_naturalness_survey_for_gs_jan_23_2010,pragmatics,216,0.5347,0.942,0.5676,0.9997
Falcon3-7B-Instruct,Falcon 3,7.5,sentence_naturalness_survey_for_gs_may_11_2011_purple_puppy,pragmatics,72,0.4251,0.873,0.4869,0.9997
Falcon3-7B-Instruct,Falcon 3,7.5,sentence_naturalness_survey_for_jk_april_4_2010,discourse,96,0.3591,0.886,0.4053,0.9986
Falcon3-7B-Instruct,Falcon 3,7.5,sentence_naturalness_survey_for_jk_april_4_expt_3_2010,discourse,96,0.4031,0.83,0.4857,0.9986
Falcon3-7B-Instruct,Falcon 3,7.5,sentence_naturalness_survey_for_jk_april_9_expt_4_2010,discourse,96,0.3441,0.831,0.414,0.9986
Falcon3-7B-Instruct,Falcon 3,7.5,sentence_naturalness_survey_for_jk_june_24_2010_v2,discourse,176,0.2324,0.787,0.2953,0.9985
Falcon3-7B-Instruct,Falcon 3,7.5,sentence_naturalness_survey_for_jk_mar_2010,discourse,96,0.1225,0.88,0.1392,0.9986
Falcon3-7B-Instruct,Falcon 3,7.5,sentence_naturalness_survey_for_jkm_dec_2009,discourse,128,0.0709,0.18,0.3937,0.9973
Falcon3-7B-Instruct,Falcon 3,7.5,sentence_naturalness_survey_for_jkm_jan_2012,discourse,128,0.0133,0.266,0.0502,0.9993
Falcon3-7B-Instruct,Falcon 3,7.5,sentence_naturalness_survey_for_lb_dec_2009,discourse,108,0.6562,0.832,0.7887,0.9986
Falcon3-7B-Instruct,Falcon 3,7.5,sentence_naturalness_survey_for_lb_feb_20_2010_v2,discourse,79,0.6541,0.951,0.6878,0.9989
Falcon3-7B-Instruct,Falcon 3,7.5,sentence_naturalness_survey_for_lb_jan_2011,discourse,519,0.6293,0.886,0.7103,0.9984
Falcon3-7B-Instruct,Falcon 3,7.5,sentence_naturalness_survey_for_lb_jan_2011_v2,discourse,519,0.4113,0.689,0.597,0.9985
Falcon3-7B-Instruct,Falcon 3,7.5,sentence_naturalness_survey_for_lb_jan_2011_v3,discourse,519,0.5757,0.886,0.6498,0.9985
Falcon3-7B-Instruct,Falcon 3,7.5,sentence_naturalness_survey_for_lb_mar_2010_2,discourse,241,0.6233,0.935,0.6666,0.9986
Falcon3-7B-Instruct,Falcon 3,7.5,sentence_naturalness_survey_for_lb_mar_2010,discourse,123,0.6007,0.951,0.6317,0.9987
Falcon3-7B-Instruct,Falcon 3,7.5,sentence_naturalness_survey_for_lb_may_2010,discourse,148,0.5273,0.953,0.5533,0.998
Falcon3-7B-Instruct,Falcon 3,7.5,sentence_naturalness_survey_for_lb_prelim_oct_2010,discourse,402,0.5734,0.882,0.6501,0.998
Falcon3-7B-Instruct,Falcon 3,7.5,sentence_naturalness_survey_for_rw_dec_2009,discourse,180,0.6084,0.825,0.7374,0.9983
Falcon3-7B-Instruct,Falcon 3,7.5,sentence_naturalness_survey_for_rw_jan_2010,discourse,480,0.5604,0.872,0.6426,0.9983
Falcon3-7B-Instruct,Falcon 3,7.5,sentence_naturalness_survey_laura_mar_17_2012_92_items_code_lazy_cater,sentence_semantics,368,0.7906,0.883,0.8953,0.9981
Falcon3-7B-Instruct,Falcon 3,7.5,sentence_naturalness_survey_laura_mar_17_2012_96_items_code_lazy_cater,sentence_semantics,384,0.7463,0.883,0.8451,0.9981
Falcon3-7B-Instruct,Falcon 3,7.5,sentence_naturalness_survey_may_4_2011_36_items_code_anxious_bat,syntax,84,0.4212,0.757,0.5565,0.9981
Falcon3-7B-Instruct,Falcon 3,7.5,sentence_naturalness_survey_nat_aug_28_2010_survey_code_downtown,syntax,270,0.566,0.956,0.592,0.9983
Falcon3-7B-Instruct,Falcon 3,7.5,short_acceptability_feb_6_2014,syntax,128,0.383,0.907,0.4223,0.9973
Falcon3-7B-Instruct,Falcon 3,7.5,susan_canonicity_rerunning_2,syntax,52,0.7065,0.95,0.7437,0.9982
Falcon3-7B-Instruct,Falcon 3,7.5,topicalization_e1,syntax,77,0.7229,0.942,0.7674,0.9984
Falcon3-7B-Instruct,Falcon 3,7.5,verb_causality_study_semantics_ratings_mk_april_2010,lexical_semantics,188,0.4929,0.972,0.5071,0.9995
Falcon3-7B-Instruct,Falcon 3,7.5,verb_causality_study_syntax_ratings_mk_april_2010,syntax,653,0.2133,0.633,0.337,0.9957
Falcon3-7B-Instruct,Falcon 3,7.5,wm2_wm5_9_59_sentence_naturalness_survey_april_2011,syntax,219,0.6966,0.839,0.8303,0.9969
Falcon3-7B-Instruct,Falcon 3,7.5,word3_b_word_naturalness_survey_may_4_2011_160_items_code_sleepy_bear,subword,158,0.5395,0.937,0.5758,0.9996
Falcon3-7B-Instruct,Falcon 3,7.5,word3_word_naturalness_survey_may_1_2011_45_items_code_nosy_badger,subword,45,0.1922,0.948,0.2027,0.9995
Llama-3.2-1B-Instruct,Llama 3,1.2,50_sentences_noisy_channel_may_25_2011,pragmatics,208,0.1587,0.555,0.286,0.997
Llama-3.2-1B-Instruct,Llama 3,1.2,50_sentences_with_2_comp_qs_plus_rating_mar_11_2011,sentence_semantics,208,0.1407,0.588,0.2393,0.2335
Llama-3.2-1B-Instruct,Llama 3,1.2,acceptability_extension_959_v5,syntax,566,0.4436,0.797,0.5566,0.0057
Llama-3.2-1B-Instruct,Llama 3,1.2,acceptability_judgments_kang,syntax,136,-0.7291,0.974,-0.7485,0.0069
Llama-3.2-1B-Instruct,Llama 3,1.2,acceptability_replication_959,syntax,288,0.3804,0.964,0.3946,0.0267
Llama-3.2-1B-Instruct,Llama 3,1.2,acd_context_polly_1_nov_23_2012,discourse,310,-0.0052,0.462,-0.0113,0.4119
Llama-3.2-1B-Instruct,Llama 3,1.2,acd_no_context_polly_1_nov_23_2012,syntax,213,0.2267,0.838,0.2706,0.0038
Llama-3.2-1B-Instruct,Llama 3,1.2,acd_project_also_3_nov_24_2012_2,syntax,128,-0.4882,0.874,-0.5585,0.0034
Llama-3.2-1B-Instruct,Llama 3,1.2,acd_project_expt_23_also_nov_16_2012,syntax,600,0.0193,0.825,0.0233,0.004
Llama-3.2-1B-Instruct,Llama 3,1.2,acd_project_expt_24_same_diff_verbs_nov_16_2012,syntax,472,0.0716,0.89,0.0805,0.0034
Llama-3.2-1B-Instruct,Llama 3,1.2,acd_project_expt_31_same_diff_verbs_nov_16_2012_1,syntax,176,-0.2849,0.755,-0.3774,0.0033
Llama-3.2-1B-Instruct,Llama 3,1.2,acd_project_expt_42_also_verbs_nov_29_2012_1,syntax,176,-0.2983,0.63,-0.4735,0.0032
Llama-3.2-1B-Instruct,Llama 3,1.2,acd_project_expt_44_the_same_nov_29_2012_1,syntax,140,0.0667,0.601,0.111,0.0041
Llama-3.2-1B-Instruct,Llama 3,1.2,acd_project_expt_45_hkv_expt_2_plaus_nov_29_2012,syntax,360,-0.064,0.774,-0.0827,0.0018
Llama-3.2-1B-Instruct,Llama 3,1.2,acd_project_expt_46_also_in_hkv_2_nov_29_2012_1,syntax,448,0.0009,0.56,0.0017,0.0021
Llama-3.2-1B-Instruct,Llama 3,1.2,active_passive_sentence_naturalness_survey_july_2012,syntax,132,-0.0328,0.887,-0.037,0.0042
Llama-3.2-1B-Instruct,Llama 3,1.2,aixiu_coherence_en_update1,sentence_semantics,277,0.1257,0.882,0.1425,0.0253
Llama-3.2-1B-Instruct,Llama 3,1.2,alex_paunov_literal_inferences_dec_3_2011,pragmatics,299,-0.2629,0.908,-0.2895,0.044
Llama-3.2-1B-Instruct,Llama 3,1.2,amouyal2024_plausibility,sentence_semantics,853,-0.2324,0.915,-0.254,0.4668
Llama-3.2-1B-Instruct,Llama 3,1.2,animacy_passive_dative_kyle,syntax,120,-0.1155,0.926,-0.1247,0.0
Llama-3.2-1B-Instruct,Llama 3,1.2,anne_abeille_acceptability_july_12_2017_1,syntax,296,0.0268,0.635,0.0421,0.0
Llama-3.2-1B-Instruct,Llama 3,1.2,base_acceptability_0908,syntax,73,-0.4096,0.931,-0.44,0.0023
Llama-3.2-1B-Instruct,Llama 3,1.2,brief_sentence_naturalness_survey_march_2011,sentence_semantics,64,0.5454,0.96,0.5681,0.006
Llama-3.2-1B-Instruct,Llama 3,1.2,can_noncan_acceptability_0924,syntax,88,0.6054,0.966,0.6267,0.0008
Llama-3.2-1B-Instruct,Llama 3,1.2,can_noncan_acceptability_2,syntax,88,0.5786,0.962,0.6015,0.0007
Llama-3.2-1B-Instruct,Llama 3,1.2,chinese_dative,discourse,96,0.0703,0.715,0.0983,0.5028
Llama-3.2-1B-Instruct,Llama 3,1.2,class_demo,syntax,44,-0.2201,0.927,-0.2374,0.0011
Llama-3.2-1B-Instruct,Llama 3,1.2,clefting_e3,syntax,48,-0.1981,0.877,-0.2259,0.001
Llama-3.2-1B-Instruct,Llama 3,1.2,clefting_e4,syntax,48,0.017,0.969,0.0176,0.0009
Llama-3.2-1B-Instruct,Llama 3,1.2,coherence_survey_list1_main,discourse,100,0.1442,0.95,0.1518,0.0001
Llama-3.2-1B-Instruct,Llama 3,1.2,coherence_survey_list2_main,discourse,100,0.0188,0.948,0.0198,0.0001
Llama-3.2-1B-Instruct,Llama 3,1.2,coherence_survey_list3_main,discourse,100,0.0945,0.942,0.1003,0.0001
Llama-3.2-1B-Instruct,Llama 3,1.2,coherence_survey_list4_main,discourse,100,0.0701,0.95,0.0738,0.0001
Llama-3.2-1B-Instruct,Llama 3,1.2,constituency_tests_2,syntax,48,-0.0007,0.836,-0.0008,0.0008
Llama-3.2-1B-Instruct,Llama 3,1.2,constituency_tests,syntax,48,-0.0102,0.654,-0.0155,0.0011
Llama-3.2-1B-Instruct,Llama 3,1.2,copy_cat_polly_june_2014,discourse,102,0.2042,0.865,0.2361,0.0
Llama-3.2-1B-Instruct,Llama 3,1.2,copy_of_verb_causality_study_semantics_ratings_mk_april_2010,lexical_semantics,62,-0.1212,0.83,-0.1461,0.8606
Llama-3.2-1B-Instruct,Llama 3,1.2,crossed_dependencies_long,syntax,201,-0.2617,0.899,-0.2911,0.0133
Llama-3.2-1B-Instruct,Llama 3,1.2,cul_jack_april_12_2012_54_short_texts_with_two_comprehension_questions,syntax,210,0.1241,0.896,0.1385,0.0003
Llama-3.2-1B-Instruct,Llama 3,1.2,cul_jack_sentence_naturalness_survey_april_2010,syntax,220,0.6044,0.952,0.6349,0.0021
Llama-3.2-1B-Instruct,Llama 3,1.2,dative_alternation_extension_version_2,syntax,229,0.2028,0.456,0.4447,0.0031
Llama-3.2-1B-Instruct,Llama 3,1.2,dative_finnish,discourse,96,-0.1674,0.689,-0.243,0.0015
Llama-3.2-1B-Instruct,Llama 3,1.2,dative_turkish,discourse,96,0.3062,0.734,0.4172,0.0522
Llama-3.2-1B-Instruct,Llama 3,1.2,dentella2023_grammaticality,syntax,80,0.0801,0.981,0.0817,0.0599
Llama-3.2-1B-Instruct,Llama 3,1.2,depth_charge_survey,sentence_semantics,188,-0.0615,0.846,-0.0727,0.555
Llama-3.2-1B-Instruct,Llama 3,1.2,depth_charge_with_noise,sentence_semantics,188,0.0754,0.854,0.0883,0.5471
Llama-3.2-1B-Instruct,Llama 3,1.2,discourse_30subjs_list1,discourse,100,0.1577,0.941,0.1676,0.0001
Llama-3.2-1B-Instruct,Llama 3,1.2,discourse_30subjs_list2,discourse,100,0.053,0.951,0.0557,0.0001
Llama-3.2-1B-Instruct,Llama 3,1.2,discourse_30subjs_list3,discourse,100,0.08,0.947,0.0845,0.0001
Llama-3.2-1B-Instruct,Llama 3,1.2,discourse_30subjs_list4,discourse,100,0.0281,0.942,0.0298,0.0001
Llama-3.2-1B-Instruct,Llama 3,1.2,discourse_causality_list1,discourse,100,0.3684,0.935,0.394,0.0
Llama-3.2-1B-Instruct,Llama 3,1.2,discourse_causality_list2,discourse,100,0.4467,0.952,0.4692,0.0
Llama-3.2-1B-Instruct,Llama 3,1.2,discourse_causality_list3,discourse,100,0.3149,0.933,0.3375,0.0
Llama-3.2-1B-Instruct,Llama 3,1.2,discourse_causality_list4,discourse,100,0.4705,0.955,0.4926,0.0
Llama-3.2-1B-Instruct,Llama 3,1.2,discourse_changed_0428,discourse,48,-0.0193,0.953,-0.0202,0.0001
Llama-3.2-1B-Instruct,Llama 3,1.2,discourse_coherence_list1,discourse,100,0.3297,0.943,0.3496,0.0003
Llama-3.2-1B-Instruct,Llama 3,1.2,discourse_coherence_list2,discourse,100,0.2722,0.936,0.2908,0.0003
Llama-3.2-1B-Instruct,Llama 3,1.2,discourse_coherence_list3,discourse,100,0.4248,0.95,0.4471,0.0003
Llama-3.2-1B-Instruct,Llama 3,1.2,discourse_coherence_list4,discourse,100,0.2787,0.933,0.2987,0.0003
Llama-3.2-1B-Instruct,Llama 3,1.2,discourse_imagability_pairs_list1,sentence_semantics,100,-0.2308,0.917,-0.2517,0.0046
Llama-3.2-1B-Instruct,Llama 3,1.2,discourse_imagability_pairs_list2,sentence_semantics,100,-0.0639,0.946,-0.0675,0.003
Llama-3.2-1B-Instruct,Llama 3,1.2,discourse_imagability_singles_list1,sentence_semantics,100,0.0729,0.938,0.0777,0.014
Llama-3.2-1B-Instruct,Llama 3,1.2,discourse_imagability_singles_list2,sentence_semantics,100,0.1747,0.954,0.1832,0.0117
Llama-3.2-1B-Instruct,Llama 3,1.2,discourse_imagability_singles_list3,sentence_semantics,100,0.1832,0.931,0.1967,0.0143
Llama-3.2-1B-Instruct,Llama 3,1.2,discourse_imagability_singles_list4,sentence_semantics,100,0.3778,0.948,0.3985,0.0132
Llama-3.2-1B-Instruct,Llama 3,1.2,discourse_mentalizing_pairs_list1,sentence_semantics,100,-0.1003,0.928,-0.1081,0.4104
Llama-3.2-1B-Instruct,Llama 3,1.2,discourse_mentalizing_pairs_list2,sentence_semantics,100,-0.3139,0.931,-0.3372,0.3488
Llama-3.2-1B-Instruct,Llama 3,1.2,discourse_mentalizing_singles_list1,sentence_semantics,100,-0.2588,0.935,-0.2768,0.0193
Llama-3.2-1B-Instruct,Llama 3,1.2,discourse_mentalizing_singles_list2,sentence_semantics,100,-0.0719,0.925,-0.0777,0.0145
Llama-3.2-1B-Instruct,Llama 3,1.2,discourse_mentalizing_singles_list3,sentence_semantics,100,-0.4012,0.909,-0.4413,0.0189
Llama-3.2-1B-Instruct,Llama 3,1.2,discourse_mentalizing_singles_list4,sentence_semantics,100,-0.159,0.952,-0.167,0.0145
Llama-3.2-1B-Instruct,Llama 3,1.2,discourse_physics_pairs_list1,sentence_semantics,100,-0.122,0.957,-0.1275,0.6737
Llama-3.2-1B-Instruct,Llama 3,1.2,discourse_physics_pairs_list2,sentence_semantics,100,0.1252,0.951,0.1316,0.6165
Llama-3.2-1B-Instruct,Llama 3,1.2,discourse_physics_singles_list1,sentence_semantics,100,0.0988,0.943,0.1048,0.5265
Llama-3.2-1B-Instruct,Llama 3,1.2,discourse_physics_singles_list2,sentence_semantics,100,-0.0272,0.952,-0.0286,0.483
Llama-3.2-1B-Instruct,Llama 3,1.2,discourse_physics_singles_list3,sentence_semantics,100,0.2569,0.941,0.273,0.5035
Llama-3.2-1B-Instruct,Llama 3,1.2,discourse_physics_singles_list4,sentence_semantics,100,0.2423,0.942,0.2572,0.4823
Llama-3.2-1B-Instruct,Llama 3,1.2,discourse_scenes_pairs_list1,sentence_semantics,100,-0.0518,0.944,-0.0549,0.0978
Llama-3.2-1B-Instruct,Llama 3,1.2,discourse_scenes_pairs_list2,sentence_semantics,100,0.2015,0.95,0.2121,0.0778
Llama-3.2-1B-Instruct,Llama 3,1.2,discourse_scenes_singles_list1,sentence_semantics,100,-0.0246,0.944,-0.0261,0.1145
Llama-3.2-1B-Instruct,Llama 3,1.2,discourse_scenes_singles_list2,sentence_semantics,100,0.0389,0.949,0.041,0.0886
Llama-3.2-1B-Instruct,Llama 3,1.2,discourse_scenes_singles_list3,sentence_semantics,100,0.2539,0.966,0.2629,0.1251
Llama-3.2-1B-Instruct,Llama 3,1.2,discourse_scenes_singles_list4,sentence_semantics,100,0.0717,0.964,0.0744,0.0957
Llama-3.2-1B-Instruct,Llama 3,1.2,diveica2023_socialness,lexical_semantics,1000,0.0576,0.883,0.0652,0.0
Llama-3.2-1B-Instruct,Llama 3,1.2,ecog_sentences_imaginability_jan_8_2014,sentence_semantics,120,0.3437,0.833,0.4126,0.7713
Llama-3.2-1B-Instruct,Llama 3,1.2,ecog_sentences_naturalness_jan_8_2014_2,sentence_semantics,120,-0.1175,0.727,-0.1617,0.0078
Llama-3.2-1B-Instruct,Llama 3,1.2,edwards2024_spelling_to_pronunciation_transparency,subword,1000,-0.0429,0.826,-0.052,0.0405
Llama-3.2-1B-Instruct,Llama 3,1.2,erp_norming_error_detection_june_2013_4,syntax,323,-0.3838,0.841,-0.4563,0.5201
Llama-3.2-1B-Instruct,Llama 3,1.2,erp_sentence_naturalness_survey_june_2013_2,syntax,483,-0.2111,0.922,-0.229,0.004
Llama-3.2-1B-Instruct,Llama 3,1.2,eunice_disfluency_2_nov_17_2011,syntax,190,-0.2646,0.832,-0.318,0.0089
Llama-3.2-1B-Instruct,Llama 3,1.2,eunice_disfluency_nov_15_2011,syntax,468,-0.2926,0.807,-0.3625,0.0089
Llama-3.2-1B-Instruct,Llama 3,1.2,european_portuguese_rc,syntax,174,0.0629,0.84,0.0748,0.1944
Llama-3.2-1B-Instruct,Llama 3,1.2,european_portuguese_wh,syntax,174,-0.2791,0.893,-0.3125,0.3728
Llama-3.2-1B-Instruct,Llama 3,1.2,extension,syntax,138,0.3655,0.872,0.4191,0.0341
Llama-3.2-1B-Instruct,Llama 3,1.2,gabriel_rc,syntax,174,-0.035,0.818,-0.0428,0.19
Llama-3.2-1B-Instruct,Llama 3,1.2,gabriel_wh,syntax,174,-0.0889,0.902,-0.0985,0.3303
Llama-3.2-1B-Instruct,Llama 3,1.2,giurgea2025_motivation,lexical_semantics,1000,-0.078,0.856,-0.0912,0.0
Llama-3.2-1B-Instruct,Llama 3,1.2,huang_response_set1a,syntax,288,-0.2255,0.966,-0.2335,0.2459
Llama-3.2-1B-Instruct,Llama 3,1.2,huang_response_set1b,syntax,288,-0.2699,0.964,-0.28,0.2627
Llama-3.2-1B-Instruct,Llama 3,1.2,huang_response_set2a,syntax,288,-0.1604,0.97,-0.1653,0.2381
Llama-3.2-1B-Instruct,Llama 3,1.2,huang_response_set2a_declaratives,syntax,288,-0.1728,0.97,-0.1781,0.2527
Llama-3.2-1B-Instruct,Llama 3,1.2,huang_response_set2b,syntax,288,-0.0948,0.97,-0.0977,0.2405
Llama-3.2-1B-Instruct,Llama 3,1.2,huang_response_set2b_declaratives,syntax,288,-0.1027,0.974,-0.1054,0.2406
Llama-3.2-1B-Instruct,Llama 3,1.2,imperative_control_iad_gs_may_16_2011_purple_puppy,pragmatics,96,0.0315,0.86,0.0367,0.4291
Llama-3.2-1B-Instruct,Llama 3,1.2,isac_sentence_naturalness_survey_feb_2011_64_items_survey_code_giant_c,syntax,256,0.3202,0.885,0.3618,0.0
Llama-3.2-1B-Instruct,Llama 3,1.2,islands_acceptability_expt_2_dec_2_2012,syntax,480,-0.0112,0.874,-0.0128,0.0013
Llama-3.2-1B-Instruct,Llama 3,1.2,italian_dative_v2,discourse,192,0.0404,0.604,0.0669,0.086
Llama-3.2-1B-Instruct,Llama 3,1.2,italian_locative_v7,discourse,192,0.1238,0.66,0.1875,0.0916
Llama-3.2-1B-Instruct,Llama 3,1.2,lancaster2020_auditory,lexical_semantics,1000,-0.0318,0.831,-0.0382,0.0398
Llama-3.2-1B-Instruct,Llama 3,1.2,lancaster2020_foot_leg,lexical_semantics,1000,0.1237,0.729,0.1697,0.0013
Llama-3.2-1B-Instruct,Llama 3,1.2,lancaster2020_gustatory,lexical_semantics,1000,0.1104,0.545,0.2025,0.0004
Llama-3.2-1B-Instruct,Llama 3,1.2,lancaster2020_hand_arm,lexical_semantics,1000,0.1204,0.783,0.1538,0.0003
Llama-3.2-1B-Instruct,Llama 3,1.2,lancaster2020_haptic,lexical_semantics,1000,0.2569,0.808,0.318,0.0042
Llama-3.2-1B-Instruct,Llama 3,1.2,lancaster2020_head,lexical_semantics,1000,0.0591,0.57,0.1036,0.0007
Llama-3.2-1B-Instruct,Llama 3,1.2,lancaster2020_interoceptive,lexical_semantics,1000,0.1617,0.778,0.2078,0.0049
Llama-3.2-1B-Instruct,Llama 3,1.2,lancaster2020_mouth,lexical_semantics,1000,-0.065,0.777,-0.0836,0.0001
Llama-3.2-1B-Instruct,Llama 3,1.2,lancaster2020_olfactory,lexical_semantics,1000,0.2453,0.622,0.3944,0.0013
Llama-3.2-1B-Instruct,Llama 3,1.2,lancaster2020_torso,lexical_semantics,1000,0.0478,0.675,0.0709,0.0001
Llama-3.2-1B-Instruct,Llama 3,1.2,lancaster2020_visual,lexical_semantics,1000,0.2892,0.767,0.377,0.0135
Llama-3.2-1B-Instruct,Llama 3,1.2,lauren_sentence_naturalness_survey_expt3_nov_17_2011,syntax,460,-0.0108,0.633,-0.0171,0.0027
Llama-3.2-1B-Instruct,Llama 3,1.2,lauren_sentence_naturalness_survey_expt_2_nov_15_2011,syntax,252,-0.2773,0.712,-0.3895,0.0072
Llama-3.2-1B-Instruct,Llama 3,1.2,lauren_sentence_naturalness_survey_oct_14_2011,syntax,360,-0.2636,0.703,-0.375,0.0065
Llama-3.2-1B-Instruct,Llama 3,1.2,lexical_frame_adjectives_likert_set1,syntax,384,-0.5472,0.83,-0.6592,0.8404
Llama-3.2-1B-Instruct,Llama 3,1.2,lexical_frame_adjectives_likert_set2,syntax,384,-0.5634,0.744,-0.7572,0.8409
Llama-3.2-1B-Instruct,Llama 3,1.2,lexical_frame_adjectives_likert_set3,syntax,384,-0.6085,0.873,-0.697,0.8284
Llama-3.2-1B-Instruct,Llama 3,1.2,locative_topicalization_survey,discourse,229,0.0816,0.777,0.105,0.392
Llama-3.2-1B-Instruct,Llama 3,1.2,massive_mem_arousal_mar_2013,lexical_semantics,1000,0.2557,0.883,0.2896,0.0492
Llama-3.2-1B-Instruct,Llama 3,1.2,massive_mem_arousal_mar_2013_end_2,lexical_semantics,242,0.4818,0.85,0.5668,0.0378
Llama-3.2-1B-Instruct,Llama 3,1.2,massive_mem_arousal_mar_2014,lexical_semantics,1000,0.2674,0.863,0.3099,0.0182
Llama-3.2-1B-Instruct,Llama 3,1.2,massive_mem_arousal_mar_2014_end_1,lexical_semantics,242,0.3045,0.886,0.3436,0.0186
Llama-3.2-1B-Instruct,Llama 3,1.2,massive_mem_concreteness_mar_2013,lexical_semantics,1000,-0.0634,0.956,-0.0663,0.0695
Llama-3.2-1B-Instruct,Llama 3,1.2,massive_mem_concreteness_mar_2013_end_1,lexical_semantics,242,-0.1622,0.959,-0.1692,0.0609
Llama-3.2-1B-Instruct,Llama 3,1.2,massive_mem_concreteness_mar_2014,lexical_semantics,1000,-0.0083,0.952,-0.0087,0.0249
Llama-3.2-1B-Instruct,Llama 3,1.2,massive_mem_concreteness_mar_2014_end_1,lexical_semantics,242,0.0369,0.955,0.0386,0.0278
Llama-3.2-1B-Instruct,Llama 3,1.2,massive_mem_imageability_mar_2013,lexical_semantics,1000,0.1564,0.961,0.1628,0.3541
Llama-3.2-1B-Instruct,Llama 3,1.2,massive_mem_imageability_mar_2013_end_1,lexical_semantics,242,-0.0364,0.963,-0.0378,0.3701
Llama-3.2-1B-Instruct,Llama 3,1.2,massive_mem_imageability_mar_2014,lexical_semantics,1000,-0.0098,0.948,-0.0104,0.2936
Llama-3.2-1B-Instruct,Llama 3,1.2,massive_mem_imageability_mar_2014_end_1,lexical_semantics,242,-0.0496,0.964,-0.0514,0.2869
Llama-3.2-1B-Instruct,Llama 3,1.2,massive_mem_valence_mar_2013,lexical_semantics,1000,0.1671,0.948,0.1763,0.0603
Llama-3.2-1B-Instruct,Llama 3,1.2,massive_mem_valence_mar_2013_end_1,lexical_semantics,242,0.2246,0.966,0.2325,0.0669
Llama-3.2-1B-Instruct,Llama 3,1.2,massive_mem_valence_mar_2014,lexical_semantics,1000,0.1413,0.961,0.147,0.0082
Llama-3.2-1B-Instruct,Llama 3,1.2,massive_mem_valence_mar_2014_end_1,lexical_semantics,242,0.1552,0.959,0.1619,0.0085
Llama-3.2-1B-Instruct,Llama 3,1.2,melissa_short_naturalness_test,sentence_semantics,24,0.6354,0.968,0.6564,0.0129
Llama-3.2-1B-Instruct,Llama 3,1.2,missing_vp_extension_0501_final,syntax,72,0.0684,0.741,0.0923,0.0328
Llama-3.2-1B-Instruct,Llama 3,1.2,missing_vp_extension,syntax,80,0.2697,0.881,0.3062,0.1522
Llama-3.2-1B-Instruct,Llama 3,1.2,missing_vp_rereplication,syntax,72,-0.1604,0.707,-0.2269,0.1182
Llama-3.2-1B-Instruct,Llama 3,1.2,mk_grammaticality_study_7_20,syntax,1000,-0.2791,0.876,-0.3186,0.0074
Llama-3.2-1B-Instruct,Llama 3,1.2,muraki2023_concreteness,lexical_semantics,1000,0.0648,0.829,0.0781,0.001
Llama-3.2-1B-Instruct,Llama 3,1.2,noisy_channel_acceptability_1_sept_2013_1,syntax,496,0.0419,0.921,0.0455,0.0068
Llama-3.2-1B-Instruct,Llama 3,1.2,noisy_channel_acceptability_2_sept_2013,syntax,380,-0.0526,0.965,-0.0545,0.0053
Llama-3.2-1B-Instruct,Llama 3,1.2,noisy_rc_norming_oct19,sentence_semantics,128,-0.1248,0.838,-0.149,0.0061
Llama-3.2-1B-Instruct,Llama 3,1.2,of_acceptability_2,syntax,88,0.541,0.951,0.5689,0.0012
Llama-3.2-1B-Instruct,Llama 3,1.2,orange_camel_sentence_naturalness_survey_nov_2010,discourse,144,0.0912,0.861,0.1059,0.2688
Llama-3.2-1B-Instruct,Llama 3,1.2,orc_lauren_sentence_naturalness_survey_july_2012,syntax,192,-0.5131,0.948,-0.5413,0.006
Llama-3.2-1B-Instruct,Llama 3,1.2,p_p_sentence_naturalness_survey_aug_2010,syntax,252,-0.2052,0.859,-0.2389,0.0039
Llama-3.2-1B-Instruct,Llama 3,1.2,p_p_sentence_naturalness_survey_dec_2009,syntax,324,-0.2341,0.95,-0.2464,0.0087
Llama-3.2-1B-Instruct,Llama 3,1.2,p_p_sentence_naturalness_survey_feb,syntax,614,-0.2459,0.664,-0.3704,0.0084
Llama-3.2-1B-Instruct,Llama 3,1.2,p_p_sentence_naturalness_survey_june_2013_v3,syntax,242,-0.215,0.928,-0.2317,0.1991
Llama-3.2-1B-Instruct,Llama 3,1.2,paris_judgments_3_dec_2012,syntax,477,-0.1461,0.845,-0.1729,0.0051
Llama-3.2-1B-Instruct,Llama 3,1.2,pascal_1_dec_2012,syntax,544,-0.1172,0.066,-1.7764,0.1023
Llama-3.2-1B-Instruct,Llama 3,1.2,presup_survey_1_acd_july_2012,pragmatics,240,-0.181,0.83,-0.2181,0.9911
Llama-3.2-1B-Instruct,Llama 3,1.2,presup_survey_2_acd_july_2012,pragmatics,240,-0.2717,0.665,-0.4085,0.9878
Llama-3.2-1B-Instruct,Llama 3,1.2,pronouns_following_verbs,pragmatics,44,0.039,0.706,0.0552,0.0
Llama-3.2-1B-Instruct,Llama 3,1.2,pronouns_following_verbs_an,pragmatics,44,0.1087,0.663,0.164,0.0
Llama-3.2-1B-Instruct,Llama 3,1.2,pronouns_following_verbs_ce,pragmatics,44,0.0876,0.708,0.1237,0.0
Llama-3.2-1B-Instruct,Llama 3,1.2,pronouns_following_verbs_sm,pragmatics,44,0.0583,0.443,0.1315,0.0
Llama-3.2-1B-Instruct,Llama 3,1.2,pronouns_following_verbs_so,pragmatics,44,0.1001,0.509,0.1966,0.0
Llama-3.2-1B-Instruct,Llama 3,1.2,pronouns_following_verbs_ve,pragmatics,45,0.0013,0.567,0.0022,0.0
Llama-3.2-1B-Instruct,Llama 3,1.2,quant_syn_april_13_2012_90_sentences_with_a_question_and_a_rating_code,syntax,184,0.6511,0.91,0.7155,0.0
Llama-3.2-1B-Instruct,Llama 3,1.2,quant_syn_april_14_2012_48_sentences_with_a_question_and_a_rating_code,syntax,168,0.2004,0.96,0.2088,0.0
Llama-3.2-1B-Instruct,Llama 3,1.2,quant_syn_april_16_2012_36_sentences_with_a_question_and_a_rating_code,syntax,126,0.1292,0.965,0.1339,0.0
Llama-3.2-1B-Instruct,Llama 3,1.2,quantifier_naturalness_survey_june_4_2010,syntax,192,-0.173,0.639,-0.2708,0.0044
Llama-3.2-1B-Instruct,Llama 3,1.2,quantitative_syntax_survey,syntax,129,0.0856,0.852,0.1005,0.1405
Llama-3.2-1B-Instruct,Llama 3,1.2,rating_english_sentences,syntax,240,0.1459,0.899,0.1623,0.8885
Llama-3.2-1B-Instruct,Llama 3,1.2,reasoning_and_language_tasks_survey_code_talkative_pigeon,syntax,72,-0.034,0.941,-0.0362,0.0
Llama-3.2-1B-Instruct,Llama 3,1.2,relative_clause_displacements_in_english_sentences,syntax,180,-0.3112,0.501,-0.6212,0.9791
Llama-3.2-1B-Instruct,Llama 3,1.2,relative_clause_displacements_in_english_sentences_with_fill,syntax,93,-0.3287,0.846,-0.3886,0.9798
Llama-3.2-1B-Instruct,Llama 3,1.2,replication_study_9_59,discourse,185,0.0169,0.363,0.0466,0.5876
Llama-3.2-1B-Instruct,Llama 3,1.2,richard_islands_acceptability_expt_1_april_25_2013_3,syntax,144,-0.0044,0.819,-0.0054,0.0022
Llama-3.2-1B-Instruct,Llama 3,1.2,richard_islands_acceptability_expt_2_april_26_2013,syntax,228,-0.0541,0.92,-0.0588,0.0018
Llama-3.2-1B-Instruct,Llama 3,1.2,richard_islands_acceptability_expt_4_april_26_2013_1,syntax,100,0.0562,0.931,0.0604,0.0012
Llama-3.2-1B-Instruct,Llama 3,1.2,richard_islands_acceptability_expt_5_april_27_2013_1,syntax,132,-0.002,0.619,-0.0033,0.0023
Llama-3.2-1B-Instruct,Llama 3,1.2,richard_islands_acceptability_expt_6_april_28_2013_while_whq_decl,syntax,100,-0.0201,0.965,-0.0209,0.0017
Llama-3.2-1B-Instruct,Llama 3,1.2,russian_freezing,syntax,180,0.0375,0.898,0.0418,0.0001
Llama-3.2-1B-Instruct,Llama 3,1.2,semantics1_finalproject,sentence_semantics,96,0.4165,0.972,0.4285,0.1342
Llama-3.2-1B-Instruct,Llama 3,1.2,semantics2_finalproject,sentence_semantics,96,0.4736,0.986,0.4803,0.2698
Llama-3.2-1B-Instruct,Llama 3,1.2,semantics3_final_project,pragmatics,96,0.0144,0.974,0.0148,0.5019
Llama-3.2-1B-Instruct,Llama 3,1.2,sentence_completions_and_islands_acceptability_expt_1_nov_13_2012,syntax,112,0.0575,0.969,0.0593,0.0018
Llama-3.2-1B-Instruct,Llama 3,1.2,sentence_naturalness_isac_survey_feb_2011,syntax,304,0.2694,0.836,0.3223,0.0027
Llama-3.2-1B-Instruct,Llama 3,1.2,sentence_naturalness_survey_acd_ratings_hackl_expt_7_oct_25_2012_1,syntax,176,-0.3884,0.886,-0.4383,0.0026
Llama-3.2-1B-Instruct,Llama 3,1.2,sentence_naturalness_survey_acd_ratings_hackl_replic_expt_1_july_14_20,syntax,480,0.1231,0.864,0.1425,0.0015
Llama-3.2-1B-Instruct,Llama 3,1.2,sentence_naturalness_survey_acd_ratings_v4_july_13_2012,syntax,176,0.1403,0.748,0.1876,0.0033
Llama-3.2-1B-Instruct,Llama 3,1.2,sentence_naturalness_survey_acd_v1_jan_2012,discourse,128,0.0249,0.299,0.0834,0.6954
Llama-3.2-1B-Instruct,Llama 3,1.2,sentence_naturalness_survey_acd_v6_oct_25_2012,discourse,128,0.0722,0.602,0.1199,0.7062
Llama-3.2-1B-Instruct,Llama 3,1.2,sentence_naturalness_survey_denise_jan_12_2011_survey_code_pig_the_pig,syntax,200,0.0574,0.986,0.0582,0.0
Llama-3.2-1B-Instruct,Llama 3,1.2,sentence_naturalness_survey_denise_sept_8_2010_survey_code_pig_the_pig,syntax,224,0.1156,0.972,0.119,0.0
Llama-3.2-1B-Instruct,Llama 3,1.2,sentence_naturalness_survey_feb_16_1_2012_60_items_code_shy_armadillo,syntax,120,0.3453,0.912,0.3787,0.0
Llama-3.2-1B-Instruct,Llama 3,1.2,sentence_naturalness_survey_for_gs_dec_2009,pragmatics,122,-0.0591,0.882,-0.067,0.8427
Llama-3.2-1B-Instruct,Llama 3,1.2,sentence_naturalness_survey_for_gs_jan_2010,pragmatics,133,-0.0208,0.906,-0.0229,0.8263
Llama-3.2-1B-Instruct,Llama 3,1.2,sentence_naturalness_survey_for_gs_jan_23_2010,pragmatics,216,-0.0105,0.942,-0.0111,0.7042
Llama-3.2-1B-Instruct,Llama 3,1.2,sentence_naturalness_survey_for_gs_may_11_2011_purple_puppy,pragmatics,72,0.0367,0.873,0.042,0.6593
Llama-3.2-1B-Instruct,Llama 3,1.2,sentence_naturalness_survey_for_jk_april_4_2010,discourse,96,0.0706,0.886,0.0797,0.4003
Llama-3.2-1B-Instruct,Llama 3,1.2,sentence_naturalness_survey_for_jk_april_4_expt_3_2010,discourse,96,0.1225,0.83,0.1476,0.6349
Llama-3.2-1B-Instruct,Llama 3,1.2,sentence_naturalness_survey_for_jk_april_9_expt_4_2010,discourse,96,0.0609,0.831,0.0733,0.5443
Llama-3.2-1B-Instruct,Llama 3,1.2,sentence_naturalness_survey_for_jk_june_24_2010_v2,discourse,176,-0.0501,0.787,-0.0637,0.478
Llama-3.2-1B-Instruct,Llama 3,1.2,sentence_naturalness_survey_for_jk_mar_2010,discourse,96,-0.0896,0.88,-0.1019,0.4471
Llama-3.2-1B-Instruct,Llama 3,1.2,sentence_naturalness_survey_for_jkm_dec_2009,discourse,128,-0.0254,0.18,-0.1411,0.7128
Llama-3.2-1B-Instruct,Llama 3,1.2,sentence_naturalness_survey_for_jkm_jan_2012,discourse,128,0.1095,0.266,0.4117,0.7561
Llama-3.2-1B-Instruct,Llama 3,1.2,sentence_naturalness_survey_for_lb_dec_2009,discourse,108,0.1781,0.832,0.2141,0.5732
Llama-3.2-1B-Instruct,Llama 3,1.2,sentence_naturalness_survey_for_lb_feb_20_2010_v2,discourse,79,-0.1812,0.951,-0.1905,0.096
Llama-3.2-1B-Instruct,Llama 3,1.2,sentence_naturalness_survey_for_lb_jan_2011,discourse,519,-0.2517,0.886,-0.2841,0.4328
Llama-3.2-1B-Instruct,Llama 3,1.2,sentence_naturalness_survey_for_lb_jan_2011_v2,discourse,519,-0.0827,0.689,-0.12,0.8053
Llama-3.2-1B-Instruct,Llama 3,1.2,sentence_naturalness_survey_for_lb_jan_2011_v3,discourse,519,-0.2314,0.886,-0.2612,0.4098
Llama-3.2-1B-Instruct,Llama 3,1.2,sentence_naturalness_survey_for_lb_mar_2010_2,discourse,241,0.2666,0.935,0.2851,0.2887
Llama-3.2-1B-Instruct,Llama 3,1.2,sentence_naturalness_survey_for_lb_mar_2010,discourse,123,0.1487,0.951,0.1563,0.3347
Llama-3.2-1B-Instruct,Llama 3,1.2,sentence_naturalness_survey_for_lb_may_2010,discourse,148,-0.0547,0.953,-0.0574,0.212
Llama-3.2-1B-Instruct,Llama 3,1.2,sentence_naturalness_survey_for_lb_prelim_oct_2010,discourse,402,-0.1119,0.882,-0.1269,0.3539
Llama-3.2-1B-Instruct,Llama 3,1.2,sentence_naturalness_survey_for_rw_dec_2009,discourse,180,0.0376,0.825,0.0456,0.2582
Llama-3.2-1B-Instruct,Llama 3,1.2,sentence_naturalness_survey_for_rw_jan_2010,discourse,480,-0.061,0.872,-0.0699,0.2573
Llama-3.2-1B-Instruct,Llama 3,1.2,sentence_naturalness_survey_laura_mar_17_2012_92_items_code_lazy_cater,sentence_semantics,368,0.2838,0.883,0.3214,0.0
Llama-3.2-1B-Instruct,Llama 3,1.2,sentence_naturalness_survey_laura_mar_17_2012_96_items_code_lazy_cater,sentence_semantics,384,0.3711,0.883,0.4203,0.0
Llama-3.2-1B-Instruct,Llama 3,1.2,sentence_naturalness_survey_may_4_2011_36_items_code_anxious_bat,syntax,84,-0.0628,0.757,-0.083,0.0001
Llama-3.2-1B-Instruct,Llama 3,1.2,sentence_naturalness_survey_nat_aug_28_2010_survey_code_downtown,syntax,270,0.1596,0.956,0.167,0.0
Llama-3.2-1B-Instruct,Llama 3,1.2,short_acceptability_feb_6_2014,syntax,128,-0.1974,0.907,-0.2177,0.0039
Llama-3.2-1B-Instruct,Llama 3,1.2,susan_canonicity_rerunning_2,syntax,52,0.0115,0.95,0.0121,0.0004
Llama-3.2-1B-Instruct,Llama 3,1.2,topicalization_e1,syntax,77,0.5318,0.942,0.5645,0.0009
Llama-3.2-1B-Instruct,Llama 3,1.2,verb_causality_study_semantics_ratings_mk_april_2010,lexical_semantics,188,0.0451,0.972,0.0464,0.8756
Llama-3.2-1B-Instruct,Llama 3,1.2,verb_causality_study_syntax_ratings_mk_april_2010,syntax,653,0.0794,0.633,0.1254,0.0037
Llama-3.2-1B-Instruct,Llama 3,1.2,wm2_wm5_9_59_sentence_naturalness_survey_april_2011,syntax,219,0.4306,0.839,0.5132,0.0045
Llama-3.2-1B-Instruct,Llama 3,1.2,word3_b_word_naturalness_survey_may_4_2011_160_items_code_sleepy_bear,subword,158,0.1747,0.937,0.1865,0.185
Llama-3.2-1B-Instruct,Llama 3,1.2,word3_word_naturalness_survey_may_1_2011_45_items_code_nosy_badger,subword,45,0.0096,0.948,0.0101,0.1535
Llama-3.2-3B-Instruct,Llama 3,3.2,50_sentences_noisy_channel_may_25_2011,pragmatics,208,-0.2412,0.555,-0.4346,0.9897
Llama-3.2-3B-Instruct,Llama 3,3.2,50_sentences_with_2_comp_qs_plus_rating_mar_11_2011,sentence_semantics,208,0.429,0.588,0.7297,0.9627
Llama-3.2-3B-Instruct,Llama 3,3.2,acceptability_extension_959_v5,syntax,566,0.7405,0.797,0.9291,0.9912
Llama-3.2-3B-Instruct,Llama 3,3.2,acceptability_judgments_kang,syntax,136,0.6723,0.974,0.6902,0.9976
Llama-3.2-3B-Instruct,Llama 3,3.2,acceptability_replication_959,syntax,288,0.873,0.964,0.9056,0.9925
Llama-3.2-3B-Instruct,Llama 3,3.2,acd_context_polly_1_nov_23_2012,discourse,310,0.0989,0.462,0.2141,0.9867
Llama-3.2-3B-Instruct,Llama 3,3.2,acd_no_context_polly_1_nov_23_2012,syntax,213,0.4278,0.838,0.5105,0.9978
Llama-3.2-3B-Instruct,Llama 3,3.2,acd_project_also_3_nov_24_2012_2,syntax,128,0.2951,0.874,0.3376,0.998
Llama-3.2-3B-Instruct,Llama 3,3.2,acd_project_expt_23_also_nov_16_2012,syntax,600,0.3296,0.825,0.3996,0.9983
Llama-3.2-3B-Instruct,Llama 3,3.2,acd_project_expt_24_same_diff_verbs_nov_16_2012,syntax,472,0.3699,0.89,0.4156,0.9982
Llama-3.2-3B-Instruct,Llama 3,3.2,acd_project_expt_31_same_diff_verbs_nov_16_2012_1,syntax,176,0.3882,0.755,0.5141,0.998
Llama-3.2-3B-Instruct,Llama 3,3.2,acd_project_expt_42_also_verbs_nov_29_2012_1,syntax,176,0.274,0.63,0.4349,0.9981
Llama-3.2-3B-Instruct,Llama 3,3.2,acd_project_expt_44_the_same_nov_29_2012_1,syntax,140,0.4182,0.601,0.6959,0.9977
Llama-3.2-3B-Instruct,Llama 3,3.2,acd_project_expt_45_hkv_expt_2_plaus_nov_29_2012,syntax,360,0.3844,0.774,0.4966,0.9974
Llama-3.2-3B-Instruct,Llama 3,3.2,acd_project_expt_46_also_in_hkv_2_nov_29_2012_1,syntax,448,0.2509,0.56,0.4481,0.9976
Llama-3.2-3B-Instruct,Llama 3,3.2,active_passive_sentence_naturalness_survey_july_2012,syntax,132,0.6309,0.887,0.7112,0.9973
Llama-3.2-3B-Instruct,Llama 3,3.2,aixiu_coherence_en_update1,sentence_semantics,277,0.7648,0.882,0.8671,0.9905
Llama-3.2-3B-Instruct,Llama 3,3.2,alex_paunov_literal_inferences_dec_3_2011,pragmatics,299,0.0209,0.908,0.0231,0.9983
Llama-3.2-3B-Instruct,Llama 3,3.2,amouyal2024_plausibility,sentence_semantics,853,0.5718,0.915,0.625,0.9871
Llama-3.2-3B-Instruct,Llama 3,3.2,animacy_passive_dative_kyle,syntax,120,0.5916,0.926,0.6389,0.9878
Llama-3.2-3B-Instruct,Llama 3,3.2,anne_abeille_acceptability_july_12_2017_1,syntax,296,0.476,0.635,0.7496,0.9955
Llama-3.2-3B-Instruct,Llama 3,3.2,base_acceptability_0908,syntax,73,0.4596,0.931,0.4937,0.9986
Llama-3.2-3B-Instruct,Llama 3,3.2,brief_sentence_naturalness_survey_march_2011,sentence_semantics,64,0.8376,0.96,0.8725,0.996
Llama-3.2-3B-Instruct,Llama 3,3.2,can_noncan_acceptability_0924,syntax,88,0.6096,0.966,0.631,0.9981
Llama-3.2-3B-Instruct,Llama 3,3.2,can_noncan_acceptability_2,syntax,88,0.6477,0.962,0.6733,0.9981
Llama-3.2-3B-Instruct,Llama 3,3.2,chinese_dative,discourse,96,0.5019,0.715,0.702,0.5133
Llama-3.2-3B-Instruct,Llama 3,3.2,class_demo,syntax,44,0.4832,0.927,0.5213,0.9976
Llama-3.2-3B-Instruct,Llama 3,3.2,clefting_e3,syntax,48,-0.2342,0.877,-0.2671,0.9977
Llama-3.2-3B-Instruct,Llama 3,3.2,clefting_e4,syntax,48,-0.194,0.969,-0.2002,0.9977
Llama-3.2-3B-Instruct,Llama 3,3.2,coherence_survey_list1_main,discourse,100,0.7209,0.95,0.7589,0.2173
Llama-3.2-3B-Instruct,Llama 3,3.2,coherence_survey_list2_main,discourse,100,0.7821,0.948,0.825,0.2112
Llama-3.2-3B-Instruct,Llama 3,3.2,coherence_survey_list3_main,discourse,100,0.7923,0.942,0.8411,0.1851
Llama-3.2-3B-Instruct,Llama 3,3.2,coherence_survey_list4_main,discourse,100,0.7408,0.95,0.7798,0.1898
Llama-3.2-3B-Instruct,Llama 3,3.2,constituency_tests_2,syntax,48,0.5593,0.836,0.669,0.9976
Llama-3.2-3B-Instruct,Llama 3,3.2,constituency_tests,syntax,48,0.2353,0.654,0.3597,0.9977
Llama-3.2-3B-Instruct,Llama 3,3.2,copy_cat_polly_june_2014,discourse,102,0.2335,0.865,0.27,0.1254
Llama-3.2-3B-Instruct,Llama 3,3.2,copy_of_verb_causality_study_semantics_ratings_mk_april_2010,lexical_semantics,62,0.4105,0.83,0.4946,0.9749
Llama-3.2-3B-Instruct,Llama 3,3.2,crossed_dependencies_long,syntax,201,0.4224,0.899,0.4699,0.9654
Llama-3.2-3B-Instruct,Llama 3,3.2,cul_jack_april_12_2012_54_short_texts_with_two_comprehension_questions,syntax,210,0.5748,0.896,0.6415,0.9922
Llama-3.2-3B-Instruct,Llama 3,3.2,cul_jack_sentence_naturalness_survey_april_2010,syntax,220,0.8401,0.952,0.8825,0.9972
Llama-3.2-3B-Instruct,Llama 3,3.2,dative_alternation_extension_version_2,syntax,229,0.4473,0.456,0.9808,0.9926
Llama-3.2-3B-Instruct,Llama 3,3.2,dative_finnish,discourse,96,0.217,0.689,0.315,0.0383
Llama-3.2-3B-Instruct,Llama 3,3.2,dative_turkish,discourse,96,0.1059,0.734,0.1443,0.8099
Llama-3.2-3B-Instruct,Llama 3,3.2,dentella2023_grammaticality,syntax,80,0.1577,0.981,0.1607,0.0
Llama-3.2-3B-Instruct,Llama 3,3.2,depth_charge_survey,sentence_semantics,188,0.1504,0.846,0.1778,0.9802
Llama-3.2-3B-Instruct,Llama 3,3.2,depth_charge_with_noise,sentence_semantics,188,0.383,0.854,0.4485,0.979
Llama-3.2-3B-Instruct,Llama 3,3.2,discourse_30subjs_list1,discourse,100,0.725,0.941,0.7704,0.2173
Llama-3.2-3B-Instruct,Llama 3,3.2,discourse_30subjs_list2,discourse,100,0.7977,0.951,0.8388,0.1997
Llama-3.2-3B-Instruct,Llama 3,3.2,discourse_30subjs_list3,discourse,100,0.7793,0.947,0.8229,0.2177
Llama-3.2-3B-Instruct,Llama 3,3.2,discourse_30subjs_list4,discourse,100,0.7725,0.942,0.82,0.1812
Llama-3.2-3B-Instruct,Llama 3,3.2,discourse_causality_list1,discourse,100,0.5048,0.935,0.5399,0.523
Llama-3.2-3B-Instruct,Llama 3,3.2,discourse_causality_list2,discourse,100,0.606,0.952,0.6366,0.5493
Llama-3.2-3B-Instruct,Llama 3,3.2,discourse_causality_list3,discourse,100,0.491,0.933,0.5263,0.5684
Llama-3.2-3B-Instruct,Llama 3,3.2,discourse_causality_list4,discourse,100,0.6357,0.955,0.6657,0.5615
Llama-3.2-3B-Instruct,Llama 3,3.2,discourse_changed_0428,discourse,48,0.7694,0.953,0.8073,0.1512
Llama-3.2-3B-Instruct,Llama 3,3.2,discourse_coherence_list1,discourse,100,0.6955,0.943,0.7376,0.9678
Llama-3.2-3B-Instruct,Llama 3,3.2,discourse_coherence_list2,discourse,100,0.6687,0.936,0.7145,0.9653
Llama-3.2-3B-Instruct,Llama 3,3.2,discourse_coherence_list3,discourse,100,0.7623,0.95,0.8024,0.9695
Llama-3.2-3B-Instruct,Llama 3,3.2,discourse_coherence_list4,discourse,100,0.6577,0.933,0.705,0.9653
Llama-3.2-3B-Instruct,Llama 3,3.2,discourse_imagability_pairs_list1,sentence_semantics,100,0.0134,0.917,0.0146,0.9137
Llama-3.2-3B-Instruct,Llama 3,3.2,discourse_imagability_pairs_list2,sentence_semantics,100,0.1305,0.946,0.1379,0.8992
Llama-3.2-3B-Instruct,Llama 3,3.2,discourse_imagability_singles_list1,sentence_semantics,100,0.3557,0.938,0.3792,0.9812
Llama-3.2-3B-Instruct,Llama 3,3.2,discourse_imagability_singles_list2,sentence_semantics,100,0.5019,0.954,0.5262,0.9845
Llama-3.2-3B-Instruct,Llama 3,3.2,discourse_imagability_singles_list3,sentence_semantics,100,0.371,0.931,0.3985,0.9804
Llama-3.2-3B-Instruct,Llama 3,3.2,discourse_imagability_singles_list4,sentence_semantics,100,0.5154,0.948,0.5436,0.9844
Llama-3.2-3B-Instruct,Llama 3,3.2,discourse_mentalizing_pairs_list1,sentence_semantics,100,0.6346,0.928,0.6839,0.9893
Llama-3.2-3B-Instruct,Llama 3,3.2,discourse_mentalizing_pairs_list2,sentence_semantics,100,0.562,0.931,0.6037,0.9868
Llama-3.2-3B-Instruct,Llama 3,3.2,discourse_mentalizing_singles_list1,sentence_semantics,100,0.5046,0.935,0.5397,0.9978
Llama-3.2-3B-Instruct,Llama 3,3.2,discourse_mentalizing_singles_list2,sentence_semantics,100,0.6826,0.925,0.7379,0.9979
Llama-3.2-3B-Instruct,Llama 3,3.2,discourse_mentalizing_singles_list3,sentence_semantics,100,0.4925,0.909,0.5418,0.9979
Llama-3.2-3B-Instruct,Llama 3,3.2,discourse_mentalizing_singles_list4,sentence_semantics,100,0.7535,0.952,0.7915,0.998
Llama-3.2-3B-Instruct,Llama 3,3.2,discourse_physics_pairs_list1,sentence_semantics,100,0.6006,0.957,0.6275,0.9698
Llama-3.2-3B-Instruct,Llama 3,3.2,discourse_physics_pairs_list2,sentence_semantics,100,0.6751,0.951,0.7099,0.9676
Llama-3.2-3B-Instruct,Llama 3,3.2,discourse_physics_singles_list1,sentence_semantics,100,0.7951,0.943,0.8432,0.9955
Llama-3.2-3B-Instruct,Llama 3,3.2,discourse_physics_singles_list2,sentence_semantics,100,0.5862,0.952,0.6158,0.9957
Llama-3.2-3B-Instruct,Llama 3,3.2,discourse_physics_singles_list3,sentence_semantics,100,0.7104,0.941,0.755,0.9956
Llama-3.2-3B-Instruct,Llama 3,3.2,discourse_physics_singles_list4,sentence_semantics,100,0.7297,0.942,0.7747,0.9958
Llama-3.2-3B-Instruct,Llama 3,3.2,discourse_scenes_pairs_list1,sentence_semantics,100,0.7504,0.944,0.7949,0.9797
Llama-3.2-3B-Instruct,Llama 3,3.2,discourse_scenes_pairs_list2,sentence_semantics,100,0.8243,0.95,0.8677,0.9794
Llama-3.2-3B-Instruct,Llama 3,3.2,discourse_scenes_singles_list1,sentence_semantics,100,0.8703,0.944,0.9219,0.9967
Llama-3.2-3B-Instruct,Llama 3,3.2,discourse_scenes_singles_list2,sentence_semantics,100,0.8486,0.949,0.8943,0.9967
Llama-3.2-3B-Instruct,Llama 3,3.2,discourse_scenes_singles_list3,sentence_semantics,100,0.8163,0.966,0.845,0.9967
Llama-3.2-3B-Instruct,Llama 3,3.2,discourse_scenes_singles_list4,sentence_semantics,100,0.8393,0.964,0.8707,0.9969
Llama-3.2-3B-Instruct,Llama 3,3.2,diveica2023_socialness,lexical_semantics,1000,0.7844,0.883,0.8883,0.8663
Llama-3.2-3B-Instruct,Llama 3,3.2,ecog_sentences_imaginability_jan_8_2014,sentence_semantics,120,0.2005,0.833,0.2407,0.9986
Llama-3.2-3B-Instruct,Llama 3,3.2,ecog_sentences_naturalness_jan_8_2014_2,sentence_semantics,120,0.2853,0.727,0.3925,0.9977
Llama-3.2-3B-Instruct,Llama 3,3.2,edwards2024_spelling_to_pronunciation_transparency,subword,1000,0.4449,0.826,0.5386,0.0589
Llama-3.2-3B-Instruct,Llama 3,3.2,erp_norming_error_detection_june_2013_4,syntax,323,-0.4195,0.841,-0.4988,0.9988
Llama-3.2-3B-Instruct,Llama 3,3.2,erp_sentence_naturalness_survey_june_2013_2,syntax,483,0.7151,0.922,0.7756,0.9976
Llama-3.2-3B-Instruct,Llama 3,3.2,eunice_disfluency_2_nov_17_2011,syntax,190,0.589,0.832,0.708,0.9985
Llama-3.2-3B-Instruct,Llama 3,3.2,eunice_disfluency_nov_15_2011,syntax,468,0.309,0.807,0.3828,0.9987
Llama-3.2-3B-Instruct,Llama 3,3.2,european_portuguese_rc,syntax,174,0.5291,0.84,0.6299,0.9569
Llama-3.2-3B-Instruct,Llama 3,3.2,european_portuguese_wh,syntax,174,0.1714,0.893,0.1919,0.9737
Llama-3.2-3B-Instruct,Llama 3,3.2,extension,syntax,138,0.713,0.872,0.8176,0.9903
Llama-3.2-3B-Instruct,Llama 3,3.2,gabriel_rc,syntax,174,0.5021,0.818,0.6139,0.9573
Llama-3.2-3B-Instruct,Llama 3,3.2,gabriel_wh,syntax,174,0.114,0.902,0.1264,0.9701
Llama-3.2-3B-Instruct,Llama 3,3.2,giurgea2025_motivation,lexical_semantics,1000,0.6653,0.856,0.7772,0.9646
Llama-3.2-3B-Instruct,Llama 3,3.2,huang_response_set1a,syntax,288,0.3403,0.966,0.3523,0.9837
Llama-3.2-3B-Instruct,Llama 3,3.2,huang_response_set1b,syntax,288,0.3743,0.964,0.3883,0.9843
Llama-3.2-3B-Instruct,Llama 3,3.2,huang_response_set2a,syntax,288,0.4401,0.97,0.4537,0.986
Llama-3.2-3B-Instruct,Llama 3,3.2,huang_response_set2a_declaratives,syntax,288,0.5461,0.97,0.563,0.9762
Llama-3.2-3B-Instruct,Llama 3,3.2,huang_response_set2b,syntax,288,0.5166,0.97,0.5325,0.9855
Llama-3.2-3B-Instruct,Llama 3,3.2,huang_response_set2b_declaratives,syntax,288,0.5088,0.974,0.5224,0.9748
Llama-3.2-3B-Instruct,Llama 3,3.2,imperative_control_iad_gs_may_16_2011_purple_puppy,pragmatics,96,0.3825,0.86,0.4447,0.9976
Llama-3.2-3B-Instruct,Llama 3,3.2,isac_sentence_naturalness_survey_feb_2011_64_items_survey_code_giant_c,syntax,256,0.4256,0.885,0.4809,0.9847
Llama-3.2-3B-Instruct,Llama 3,3.2,islands_acceptability_expt_2_dec_2_2012,syntax,480,0.4439,0.874,0.5079,0.9963
Llama-3.2-3B-Instruct,Llama 3,3.2,italian_dative_v2,discourse,192,0.0518,0.604,0.0858,0.0325
Llama-3.2-3B-Instruct,Llama 3,3.2,italian_locative_v7,discourse,192,0.0779,0.66,0.118,0.053
Llama-3.2-3B-Instruct,Llama 3,3.2,lancaster2020_auditory,lexical_semantics,1000,0.3438,0.831,0.4137,0.9433
Llama-3.2-3B-Instruct,Llama 3,3.2,lancaster2020_foot_leg,lexical_semantics,1000,0.3558,0.729,0.4881,0.8567
Llama-3.2-3B-Instruct,Llama 3,3.2,lancaster2020_gustatory,lexical_semantics,1000,0.2522,0.545,0.4628,0.803
Llama-3.2-3B-Instruct,Llama 3,3.2,lancaster2020_hand_arm,lexical_semantics,1000,0.146,0.783,0.1865,0.8638
Llama-3.2-3B-Instruct,Llama 3,3.2,lancaster2020_haptic,lexical_semantics,1000,0.3371,0.808,0.4172,0.886
Llama-3.2-3B-Instruct,Llama 3,3.2,lancaster2020_head,lexical_semantics,1000,0.4406,0.57,0.773,0.6902
Llama-3.2-3B-Instruct,Llama 3,3.2,lancaster2020_interoceptive,lexical_semantics,1000,0.5553,0.778,0.7137,0.8717
Llama-3.2-3B-Instruct,Llama 3,3.2,lancaster2020_mouth,lexical_semantics,1000,0.4228,0.777,0.5442,0.9064
Llama-3.2-3B-Instruct,Llama 3,3.2,lancaster2020_olfactory,lexical_semantics,1000,0.3106,0.622,0.4994,0.8956
Llama-3.2-3B-Instruct,Llama 3,3.2,lancaster2020_torso,lexical_semantics,1000,0.3136,0.675,0.4646,0.8595
Llama-3.2-3B-Instruct,Llama 3,3.2,lancaster2020_visual,lexical_semantics,1000,0.3551,0.767,0.4629,0.9598
Llama-3.2-3B-Instruct,Llama 3,3.2,lauren_sentence_naturalness_survey_expt3_nov_17_2011,syntax,460,0.4011,0.633,0.6337,0.9979
Llama-3.2-3B-Instruct,Llama 3,3.2,lauren_sentence_naturalness_survey_expt_2_nov_15_2011,syntax,252,0.4453,0.712,0.6255,0.9985
Llama-3.2-3B-Instruct,Llama 3,3.2,lauren_sentence_naturalness_survey_oct_14_2011,syntax,360,0.476,0.703,0.6771,0.9985
Llama-3.2-3B-Instruct,Llama 3,3.2,lexical_frame_adjectives_likert_set1,syntax,384,0.5007,0.83,0.6033,0.951
Llama-3.2-3B-Instruct,Llama 3,3.2,lexical_frame_adjectives_likert_set2,syntax,384,0.4531,0.744,0.609,0.9482
Llama-3.2-3B-Instruct,Llama 3,3.2,lexical_frame_adjectives_likert_set3,syntax,384,0.4689,0.873,0.5372,0.9499
Llama-3.2-3B-Instruct,Llama 3,3.2,locative_topicalization_survey,discourse,229,-0.0018,0.777,-0.0023,0.7619
Llama-3.2-3B-Instruct,Llama 3,3.2,massive_mem_arousal_mar_2013,lexical_semantics,1000,0.6165,0.883,0.6982,0.9987
Llama-3.2-3B-Instruct,Llama 3,3.2,massive_mem_arousal_mar_2013_end_2,lexical_semantics,242,0.6864,0.85,0.8076,0.9989
Llama-3.2-3B-Instruct,Llama 3,3.2,massive_mem_arousal_mar_2014,lexical_semantics,1000,0.6792,0.863,0.787,0.9986
Llama-3.2-3B-Instruct,Llama 3,3.2,massive_mem_arousal_mar_2014_end_1,lexical_semantics,242,0.7206,0.886,0.8133,0.9985
Llama-3.2-3B-Instruct,Llama 3,3.2,massive_mem_concreteness_mar_2013,lexical_semantics,1000,0.5212,0.956,0.5451,0.9963
Llama-3.2-3B-Instruct,Llama 3,3.2,massive_mem_concreteness_mar_2013_end_1,lexical_semantics,242,0.5619,0.959,0.5859,0.9962
Llama-3.2-3B-Instruct,Llama 3,3.2,massive_mem_concreteness_mar_2014,lexical_semantics,1000,0.0844,0.952,0.0886,0.991
Llama-3.2-3B-Instruct,Llama 3,3.2,massive_mem_concreteness_mar_2014_end_1,lexical_semantics,242,0.071,0.955,0.0744,0.9912
Llama-3.2-3B-Instruct,Llama 3,3.2,massive_mem_imageability_mar_2013,lexical_semantics,1000,0.5262,0.961,0.5476,0.9977
Llama-3.2-3B-Instruct,Llama 3,3.2,massive_mem_imageability_mar_2013_end_1,lexical_semantics,242,0.6283,0.963,0.6524,0.9977
Llama-3.2-3B-Instruct,Llama 3,3.2,massive_mem_imageability_mar_2014,lexical_semantics,1000,0.3277,0.948,0.3456,0.995
Llama-3.2-3B-Instruct,Llama 3,3.2,massive_mem_imageability_mar_2014_end_1,lexical_semantics,242,0.4427,0.964,0.4593,0.9951
Llama-3.2-3B-Instruct,Llama 3,3.2,massive_mem_valence_mar_2013,lexical_semantics,1000,0.2559,0.948,0.2699,0.9997
Llama-3.2-3B-Instruct,Llama 3,3.2,massive_mem_valence_mar_2013_end_1,lexical_semantics,242,0.5404,0.966,0.5595,0.9998
Llama-3.2-3B-Instruct,Llama 3,3.2,massive_mem_valence_mar_2014,lexical_semantics,1000,0.1367,0.961,0.1423,0.9992
Llama-3.2-3B-Instruct,Llama 3,3.2,massive_mem_valence_mar_2014_end_1,lexical_semantics,242,0.1631,0.959,0.17,0.9992
Llama-3.2-3B-Instruct,Llama 3,3.2,melissa_short_naturalness_test,sentence_semantics,24,0.7684,0.968,0.7938,0.9957
Llama-3.2-3B-Instruct,Llama 3,3.2,missing_vp_extension_0501_final,syntax,72,0.4265,0.741,0.5756,0.8453
Llama-3.2-3B-Instruct,Llama 3,3.2,missing_vp_extension,syntax,80,0.4451,0.881,0.5052,0.9707
Llama-3.2-3B-Instruct,Llama 3,3.2,missing_vp_rereplication,syntax,72,0.0321,0.707,0.0454,0.964
Llama-3.2-3B-Instruct,Llama 3,3.2,mk_grammaticality_study_7_20,syntax,1000,0.2515,0.876,0.2871,0.9948
Llama-3.2-3B-Instruct,Llama 3,3.2,muraki2023_concreteness,lexical_semantics,1000,0.1171,0.829,0.1413,0.9992
Llama-3.2-3B-Instruct,Llama 3,3.2,noisy_channel_acceptability_1_sept_2013_1,syntax,496,0.7779,0.921,0.8446,0.9969
Llama-3.2-3B-Instruct,Llama 3,3.2,noisy_channel_acceptability_2_sept_2013,syntax,380,0.7964,0.965,0.8253,0.9966
Llama-3.2-3B-Instruct,Llama 3,3.2,noisy_rc_norming_oct19,sentence_semantics,128,0.4362,0.838,0.5206,0.998
Llama-3.2-3B-Instruct,Llama 3,3.2,of_acceptability_2,syntax,88,0.65,0.951,0.6835,0.9978
Llama-3.2-3B-Instruct,Llama 3,3.2,orange_camel_sentence_naturalness_survey_nov_2010,discourse,144,0.4907,0.861,0.5699,0.9996
Llama-3.2-3B-Instruct,Llama 3,3.2,orc_lauren_sentence_naturalness_survey_july_2012,syntax,192,0.4944,0.948,0.5215,0.9984
Llama-3.2-3B-Instruct,Llama 3,3.2,p_p_sentence_naturalness_survey_aug_2010,syntax,252,0.2721,0.859,0.3168,0.998
Llama-3.2-3B-Instruct,Llama 3,3.2,p_p_sentence_naturalness_survey_dec_2009,syntax,324,0.1136,0.95,0.1196,0.9976
Llama-3.2-3B-Instruct,Llama 3,3.2,p_p_sentence_naturalness_survey_feb,syntax,614,0.0007,0.664,0.001,0.9976
Llama-3.2-3B-Instruct,Llama 3,3.2,p_p_sentence_naturalness_survey_june_2013_v3,syntax,242,0.2128,0.928,0.2293,0.9938
Llama-3.2-3B-Instruct,Llama 3,3.2,paris_judgments_3_dec_2012,syntax,477,0.3809,0.845,0.4508,0.998
Llama-3.2-3B-Instruct,Llama 3,3.2,pascal_1_dec_2012,syntax,544,0.1125,0.066,1.7045,0.9529
Llama-3.2-3B-Instruct,Llama 3,3.2,presup_survey_1_acd_july_2012,pragmatics,240,0.5374,0.83,0.6474,0.9997
Llama-3.2-3B-Instruct,Llama 3,3.2,presup_survey_2_acd_july_2012,pragmatics,240,0.2921,0.665,0.4392,0.9996
Llama-3.2-3B-Instruct,Llama 3,3.2,pronouns_following_verbs,pragmatics,44,-0.2336,0.706,-0.3309,0.7977
Llama-3.2-3B-Instruct,Llama 3,3.2,pronouns_following_verbs_an,pragmatics,44,0.1674,0.663,0.2525,0.6353
Llama-3.2-3B-Instruct,Llama 3,3.2,pronouns_following_verbs_ce,pragmatics,44,-0.1242,0.708,-0.1754,0.8411
Llama-3.2-3B-Instruct,Llama 3,3.2,pronouns_following_verbs_sm,pragmatics,44,0.0781,0.443,0.1762,0.7996
Llama-3.2-3B-Instruct,Llama 3,3.2,pronouns_following_verbs_so,pragmatics,44,-0.0607,0.509,-0.1193,0.6691
Llama-3.2-3B-Instruct,Llama 3,3.2,pronouns_following_verbs_ve,pragmatics,45,-0.1262,0.567,-0.2226,0.7035
Llama-3.2-3B-Instruct,Llama 3,3.2,quant_syn_april_13_2012_90_sentences_with_a_question_and_a_rating_code,syntax,184,0.7283,0.91,0.8003,0.9885
Llama-3.2-3B-Instruct,Llama 3,3.2,quant_syn_april_14_2012_48_sentences_with_a_question_and_a_rating_code,syntax,168,0.6879,0.96,0.7166,0.987
Llama-3.2-3B-Instruct,Llama 3,3.2,quant_syn_april_16_2012_36_sentences_with_a_question_and_a_rating_code,syntax,126,0.7056,0.965,0.7312,0.9865
Llama-3.2-3B-Instruct,Llama 3,3.2,quantifier_naturalness_survey_june_4_2010,syntax,192,0.3927,0.639,0.6146,0.9981
Llama-3.2-3B-Instruct,Llama 3,3.2,quantitative_syntax_survey,syntax,129,0.4657,0.852,0.5466,0.9995
Llama-3.2-3B-Instruct,Llama 3,3.2,rating_english_sentences,syntax,240,0.826,0.899,0.9188,0.9976
Llama-3.2-3B-Instruct,Llama 3,3.2,reasoning_and_language_tasks_survey_code_talkative_pigeon,syntax,72,0.5689,0.941,0.6046,0.9945
Llama-3.2-3B-Instruct,Llama 3,3.2,relative_clause_displacements_in_english_sentences,syntax,180,0.3207,0.501,0.64,0.9976
Llama-3.2-3B-Instruct,Llama 3,3.2,relative_clause_displacements_in_english_sentences_with_fill,syntax,93,0.3238,0.846,0.3828,0.9978
Llama-3.2-3B-Instruct,Llama 3,3.2,replication_study_9_59,discourse,185,0.2004,0.363,0.5521,0.9988
Llama-3.2-3B-Instruct,Llama 3,3.2,richard_islands_acceptability_expt_1_april_25_2013_3,syntax,144,0.5977,0.819,0.7298,0.997
Llama-3.2-3B-Instruct,Llama 3,3.2,richard_islands_acceptability_expt_2_april_26_2013,syntax,228,0.7518,0.92,0.8172,0.997
Llama-3.2-3B-Instruct,Llama 3,3.2,richard_islands_acceptability_expt_4_april_26_2013_1,syntax,100,0.7565,0.931,0.8126,0.9974
Llama-3.2-3B-Instruct,Llama 3,3.2,richard_islands_acceptability_expt_5_april_27_2013_1,syntax,132,0.3512,0.619,0.5673,0.9969
Llama-3.2-3B-Instruct,Llama 3,3.2,richard_islands_acceptability_expt_6_april_28_2013_while_whq_decl,syntax,100,0.7905,0.965,0.8192,0.9974
Llama-3.2-3B-Instruct,Llama 3,3.2,russian_freezing,syntax,180,0.0543,0.898,0.0604,0.9851
Llama-3.2-3B-Instruct,Llama 3,3.2,semantics1_finalproject,sentence_semantics,96,0.8498,0.972,0.8743,0.9887
Llama-3.2-3B-Instruct,Llama 3,3.2,semantics2_finalproject,sentence_semantics,96,0.8108,0.986,0.8223,0.9888
Llama-3.2-3B-Instruct,Llama 3,3.2,semantics3_final_project,pragmatics,96,0.3866,0.974,0.3969,0.9949
Llama-3.2-3B-Instruct,Llama 3,3.2,sentence_completions_and_islands_acceptability_expt_1_nov_13_2012,syntax,112,0.7366,0.969,0.7601,0.9975
Llama-3.2-3B-Instruct,Llama 3,3.2,sentence_naturalness_isac_survey_feb_2011,syntax,304,0.558,0.836,0.6675,0.9957
Llama-3.2-3B-Instruct,Llama 3,3.2,sentence_naturalness_survey_acd_ratings_hackl_expt_7_oct_25_2012_1,syntax,176,0.5074,0.886,0.5727,0.9976
Llama-3.2-3B-Instruct,Llama 3,3.2,sentence_naturalness_survey_acd_ratings_hackl_replic_expt_1_july_14_20,syntax,480,0.4756,0.864,0.5505,0.9979
Llama-3.2-3B-Instruct,Llama 3,3.2,sentence_naturalness_survey_acd_ratings_v4_july_13_2012,syntax,176,0.457,0.748,0.611,0.9976
Llama-3.2-3B-Instruct,Llama 3,3.2,sentence_naturalness_survey_acd_v1_jan_2012,discourse,128,0.0444,0.299,0.1484,0.9801
Llama-3.2-3B-Instruct,Llama 3,3.2,sentence_naturalness_survey_acd_v6_oct_25_2012,discourse,128,-0.1649,0.602,-0.2739,0.9819
Llama-3.2-3B-Instruct,Llama 3,3.2,sentence_naturalness_survey_denise_jan_12_2011_survey_code_pig_the_pig,syntax,200,0.664,0.986,0.6734,0.9849
Llama-3.2-3B-Instruct,Llama 3,3.2,sentence_naturalness_survey_denise_sept_8_2010_survey_code_pig_the_pig,syntax,224,0.6647,0.972,0.6838,0.9842
Llama-3.2-3B-Instruct,Llama 3,3.2,sentence_naturalness_survey_feb_16_1_2012_60_items_code_shy_armadillo,syntax,120,0.6605,0.912,0.7242,0.9941
Llama-3.2-3B-Instruct,Llama 3,3.2,sentence_naturalness_survey_for_gs_dec_2009,pragmatics,122,0.5734,0.882,0.6502,0.9974
Llama-3.2-3B-Instruct,Llama 3,3.2,sentence_naturalness_survey_for_gs_jan_2010,pragmatics,133,0.5703,0.906,0.6295,0.9972
Llama-3.2-3B-Instruct,Llama 3,3.2,sentence_naturalness_survey_for_gs_jan_23_2010,pragmatics,216,0.5849,0.942,0.6209,0.9971
Llama-3.2-3B-Instruct,Llama 3,3.2,sentence_naturalness_survey_for_gs_may_11_2011_purple_puppy,pragmatics,72,0.3928,0.873,0.4499,0.9971
Llama-3.2-3B-Instruct,Llama 3,3.2,sentence_naturalness_survey_for_jk_april_4_2010,discourse,96,0.0621,0.886,0.0701,0.9996
Llama-3.2-3B-Instruct,Llama 3,3.2,sentence_naturalness_survey_for_jk_april_4_expt_3_2010,discourse,96,0.1691,0.83,0.2038,0.9997
Llama-3.2-3B-Instruct,Llama 3,3.2,sentence_naturalness_survey_for_jk_april_9_expt_4_2010,discourse,96,0.0349,0.831,0.042,0.9997
Llama-3.2-3B-Instruct,Llama 3,3.2,sentence_naturalness_survey_for_jk_june_24_2010_v2,discourse,176,0.1336,0.787,0.1698,0.9996
Llama-3.2-3B-Instruct,Llama 3,3.2,sentence_naturalness_survey_for_jk_mar_2010,discourse,96,0.1008,0.88,0.1145,0.9996
Llama-3.2-3B-Instruct,Llama 3,3.2,sentence_naturalness_survey_for_jkm_dec_2009,discourse,128,-0.09,0.18,-0.4998,0.9995
Llama-3.2-3B-Instruct,Llama 3,3.2,sentence_naturalness_survey_for_jkm_jan_2012,discourse,128,-0.0642,0.266,-0.2414,0.9779
Llama-3.2-3B-Instruct,Llama 3,3.2,sentence_naturalness_survey_for_lb_dec_2009,discourse,108,0.4527,0.832,0.5441,0.9995
Llama-3.2-3B-Instruct,Llama 3,3.2,sentence_naturalness_survey_for_lb_feb_20_2010_v2,discourse,79,0.4796,0.951,0.5044,0.9994
Llama-3.2-3B-Instruct,Llama 3,3.2,sentence_naturalness_survey_for_lb_jan_2011,discourse,519,0.2712,0.886,0.3061,0.9993
Llama-3.2-3B-Instruct,Llama 3,3.2,sentence_naturalness_survey_for_lb_jan_2011_v2,discourse,519,0.2557,0.689,0.3711,0.9991
Llama-3.2-3B-Instruct,Llama 3,3.2,sentence_naturalness_survey_for_lb_jan_2011_v3,discourse,519,0.2462,0.886,0.2779,0.9993
Llama-3.2-3B-Instruct,Llama 3,3.2,sentence_naturalness_survey_for_lb_mar_2010_2,discourse,241,0.5483,0.935,0.5864,0.9995
Llama-3.2-3B-Instruct,Llama 3,3.2,sentence_naturalness_survey_for_lb_mar_2010,discourse,123,0.5074,0.951,0.5336,0.9995
Llama-3.2-3B-Instruct,Llama 3,3.2,sentence_naturalness_survey_for_lb_may_2010,discourse,148,0.5405,0.953,0.5671,0.9993
Llama-3.2-3B-Instruct,Llama 3,3.2,sentence_naturalness_survey_for_lb_prelim_oct_2010,discourse,402,0.4181,0.882,0.4741,0.9994
Llama-3.2-3B-Instruct,Llama 3,3.2,sentence_naturalness_survey_for_rw_dec_2009,discourse,180,0.3749,0.825,0.4544,0.9993
Llama-3.2-3B-Instruct,Llama 3,3.2,sentence_naturalness_survey_for_rw_jan_2010,discourse,480,0.424,0.872,0.4862,0.9993
Llama-3.2-3B-Instruct,Llama 3,3.2,sentence_naturalness_survey_laura_mar_17_2012_92_items_code_lazy_cater,sentence_semantics,368,0.7815,0.883,0.8851,0.9892
Llama-3.2-3B-Instruct,Llama 3,3.2,sentence_naturalness_survey_laura_mar_17_2012_96_items_code_lazy_cater,sentence_semantics,384,0.6953,0.883,0.7874,0.9895
Llama-3.2-3B-Instruct,Llama 3,3.2,sentence_naturalness_survey_may_4_2011_36_items_code_anxious_bat,syntax,84,0.2662,0.757,0.3517,0.9889
Llama-3.2-3B-Instruct,Llama 3,3.2,sentence_naturalness_survey_nat_aug_28_2010_survey_code_downtown,syntax,270,0.5938,0.956,0.6211,0.9914
Llama-3.2-3B-Instruct,Llama 3,3.2,short_acceptability_feb_6_2014,syntax,128,0.5753,0.907,0.6343,0.9971
Llama-3.2-3B-Instruct,Llama 3,3.2,susan_canonicity_rerunning_2,syntax,52,0.4834,0.95,0.5088,0.998
Llama-3.2-3B-Instruct,Llama 3,3.2,topicalization_e1,syntax,77,0.7222,0.942,0.7667,0.9978
Llama-3.2-3B-Instruct,Llama 3,3.2,verb_causality_study_semantics_ratings_mk_april_2010,lexical_semantics,188,-0.1666,0.972,-0.1714,0.9748
Llama-3.2-3B-Instruct,Llama 3,3.2,verb_causality_study_syntax_ratings_mk_april_2010,syntax,653,0.2734,0.633,0.4319,0.9941
Llama-3.2-3B-Instruct,Llama 3,3.2,wm2_wm5_9_59_sentence_naturalness_survey_april_2011,syntax,219,0.5758,0.839,0.6863,0.9979
Llama-3.2-3B-Instruct,Llama 3,3.2,word3_b_word_naturalness_survey_may_4_2011_160_items_code_sleepy_bear,subword,158,0.4862,0.937,0.5188,0.9665
Llama-3.2-3B-Instruct,Llama 3,3.2,word3_word_naturalness_survey_may_1_2011_45_items_code_nosy_badger,subword,45,0.3555,0.948,0.375,0.9717
Meta-Llama-3.1-8B-Instruct,Llama 3,8.0,50_sentences_noisy_channel_may_25_2011,pragmatics,208,-0.0457,0.555,-0.0823,0.9955
Meta-Llama-3.1-8B-Instruct,Llama 3,8.0,50_sentences_with_2_comp_qs_plus_rating_mar_11_2011,sentence_semantics,208,0.4396,0.588,0.7476,0.9995
Meta-Llama-3.1-8B-Instruct,Llama 3,8.0,acceptability_extension_959_v5,syntax,566,0.7377,0.797,0.9256,0.9992
Meta-Llama-3.1-8B-Instruct,Llama 3,8.0,acceptability_judgments_kang,syntax,136,0.7413,0.974,0.761,0.9999
Meta-Llama-3.1-8B-Instruct,Llama 3,8.0,acceptability_replication_959,syntax,288,0.9213,0.964,0.9557,0.9995
Meta-Llama-3.1-8B-Instruct,Llama 3,8.0,acd_context_polly_1_nov_23_2012,discourse,310,-0.0194,0.462,-0.042,0.9993
Meta-Llama-3.1-8B-Instruct,Llama 3,8.0,acd_no_context_polly_1_nov_23_2012,syntax,213,0.7554,0.838,0.9015,0.9998
Meta-Llama-3.1-8B-Instruct,Llama 3,8.0,acd_project_also_3_nov_24_2012_2,syntax,128,0.6537,0.874,0.7479,0.9999
Meta-Llama-3.1-8B-Instruct,Llama 3,8.0,acd_project_expt_23_also_nov_16_2012,syntax,600,0.6177,0.825,0.7487,0.9999
Meta-Llama-3.1-8B-Instruct,Llama 3,8.0,acd_project_expt_24_same_diff_verbs_nov_16_2012,syntax,472,0.6563,0.89,0.7374,0.9999
Meta-Llama-3.1-8B-Instruct,Llama 3,8.0,acd_project_expt_31_same_diff_verbs_nov_16_2012_1,syntax,176,0.6869,0.755,0.9097,0.9999
Meta-Llama-3.1-8B-Instruct,Llama 3,8.0,acd_project_expt_42_also_verbs_nov_29_2012_1,syntax,176,0.4441,0.63,0.7049,0.9998
Meta-Llama-3.1-8B-Instruct,Llama 3,8.0,acd_project_expt_44_the_same_nov_29_2012_1,syntax,140,0.6347,0.601,1.056,0.9999
Meta-Llama-3.1-8B-Instruct,Llama 3,8.0,acd_project_expt_45_hkv_expt_2_plaus_nov_29_2012,syntax,360,0.6171,0.774,0.7973,0.9999
Meta-Llama-3.1-8B-Instruct,Llama 3,8.0,acd_project_expt_46_also_in_hkv_2_nov_29_2012_1,syntax,448,0.5032,0.56,0.8986,0.9999
Meta-Llama-3.1-8B-Instruct,Llama 3,8.0,active_passive_sentence_naturalness_survey_july_2012,syntax,132,0.7232,0.887,0.8153,0.9998
Meta-Llama-3.1-8B-Instruct,Llama 3,8.0,aixiu_coherence_en_update1,sentence_semantics,277,0.8288,0.882,0.9397,0.9996
Meta-Llama-3.1-8B-Instruct,Llama 3,8.0,alex_paunov_literal_inferences_dec_3_2011,pragmatics,299,0.1967,0.908,0.2167,0.9998
Meta-Llama-3.1-8B-Instruct,Llama 3,8.0,amouyal2024_plausibility,sentence_semantics,853,0.648,0.915,0.7082,1.0
Meta-Llama-3.1-8B-Instruct,Llama 3,8.0,animacy_passive_dative_kyle,syntax,120,0.6334,0.926,0.684,0.9996
Meta-Llama-3.1-8B-Instruct,Llama 3,8.0,anne_abeille_acceptability_july_12_2017_1,syntax,296,0.5238,0.635,0.8249,0.9997
Meta-Llama-3.1-8B-Instruct,Llama 3,8.0,base_acceptability_0908,syntax,73,0.5211,0.931,0.5598,1.0
Meta-Llama-3.1-8B-Instruct,Llama 3,8.0,brief_sentence_naturalness_survey_march_2011,sentence_semantics,64,0.8235,0.96,0.8579,0.9999
Meta-Llama-3.1-8B-Instruct,Llama 3,8.0,can_noncan_acceptability_0924,syntax,88,0.7291,0.966,0.7548,1.0
Meta-Llama-3.1-8B-Instruct,Llama 3,8.0,can_noncan_acceptability_2,syntax,88,0.7816,0.962,0.8125,0.9999
Meta-Llama-3.1-8B-Instruct,Llama 3,8.0,chinese_dative,discourse,96,0.5597,0.715,0.7828,0.9997
Meta-Llama-3.1-8B-Instruct,Llama 3,8.0,class_demo,syntax,44,0.6797,0.927,0.7332,0.9999
Meta-Llama-3.1-8B-Instruct,Llama 3,8.0,clefting_e3,syntax,48,-0.2567,0.877,-0.2927,0.9999
Meta-Llama-3.1-8B-Instruct,Llama 3,8.0,clefting_e4,syntax,48,-0.1777,0.969,-0.1834,0.9999
Meta-Llama-3.1-8B-Instruct,Llama 3,8.0,coherence_survey_list1_main,discourse,100,0.8616,0.95,0.907,0.9999
Meta-Llama-3.1-8B-Instruct,Llama 3,8.0,coherence_survey_list2_main,discourse,100,0.8812,0.948,0.9295,0.9999
Meta-Llama-3.1-8B-Instruct,Llama 3,8.0,coherence_survey_list3_main,discourse,100,0.8516,0.942,0.904,0.9999
Meta-Llama-3.1-8B-Instruct,Llama 3,8.0,coherence_survey_list4_main,discourse,100,0.8473,0.95,0.8919,0.9999
Meta-Llama-3.1-8B-Instruct,Llama 3,8.0,constituency_tests_2,syntax,48,0.7719,0.836,0.9233,0.9999
Meta-Llama-3.1-8B-Instruct,Llama 3,8.0,constituency_tests,syntax,48,0.3451,0.654,0.5277,0.9999
Meta-Llama-3.1-8B-Instruct,Llama 3,8.0,copy_cat_polly_june_2014,discourse,102,0.4687,0.865,0.5419,0.9966
Meta-Llama-3.1-8B-Instruct,Llama 3,8.0,copy_of_verb_causality_study_semantics_ratings_mk_april_2010,lexical_semantics,62,0.3524,0.83,0.4246,0.9988
Meta-Llama-3.1-8B-Instruct,Llama 3,8.0,crossed_dependencies_long,syntax,201,0.4853,0.899,0.5398,0.9996
Meta-Llama-3.1-8B-Instruct,Llama 3,8.0,cul_jack_april_12_2012_54_short_texts_with_two_comprehension_questions,syntax,210,0.7187,0.896,0.8021,0.9995
Meta-Llama-3.1-8B-Instruct,Llama 3,8.0,cul_jack_sentence_naturalness_survey_april_2010,syntax,220,0.828,0.952,0.8698,0.9999
Meta-Llama-3.1-8B-Instruct,Llama 3,8.0,dative_alternation_extension_version_2,syntax,229,0.5014,0.456,1.0996,0.9998
Meta-Llama-3.1-8B-Instruct,Llama 3,8.0,dative_finnish,discourse,96,-0.0018,0.689,-0.0026,0.0183
Meta-Llama-3.1-8B-Instruct,Llama 3,8.0,dative_turkish,discourse,96,0.0959,0.734,0.1307,0.3396
Meta-Llama-3.1-8B-Instruct,Llama 3,8.0,dentella2023_grammaticality,syntax,80,0.4262,0.981,0.4345,0.0
Meta-Llama-3.1-8B-Instruct,Llama 3,8.0,depth_charge_survey,sentence_semantics,188,0.3325,0.846,0.393,0.9895
Meta-Llama-3.1-8B-Instruct,Llama 3,8.0,depth_charge_with_noise,sentence_semantics,188,0.5006,0.854,0.5862,0.9892
Meta-Llama-3.1-8B-Instruct,Llama 3,8.0,discourse_30subjs_list1,discourse,100,0.8485,0.941,0.9017,0.9999
Meta-Llama-3.1-8B-Instruct,Llama 3,8.0,discourse_30subjs_list2,discourse,100,0.8677,0.951,0.9124,0.9999
Meta-Llama-3.1-8B-Instruct,Llama 3,8.0,discourse_30subjs_list3,discourse,100,0.852,0.947,0.8997,0.9999
Meta-Llama-3.1-8B-Instruct,Llama 3,8.0,discourse_30subjs_list4,discourse,100,0.878,0.942,0.932,0.9999
Meta-Llama-3.1-8B-Instruct,Llama 3,8.0,discourse_causality_list1,discourse,100,0.7693,0.935,0.8227,0.9999
Meta-Llama-3.1-8B-Instruct,Llama 3,8.0,discourse_causality_list2,discourse,100,0.7892,0.952,0.829,0.9999
Meta-Llama-3.1-8B-Instruct,Llama 3,8.0,discourse_causality_list3,discourse,100,0.684,0.933,0.7331,0.9999
Meta-Llama-3.1-8B-Instruct,Llama 3,8.0,discourse_causality_list4,discourse,100,0.819,0.955,0.8576,0.9999
Meta-Llama-3.1-8B-Instruct,Llama 3,8.0,discourse_changed_0428,discourse,48,0.7875,0.953,0.8263,0.9999
Meta-Llama-3.1-8B-Instruct,Llama 3,8.0,discourse_coherence_list1,discourse,100,0.8636,0.943,0.9158,1.0
Meta-Llama-3.1-8B-Instruct,Llama 3,8.0,discourse_coherence_list2,discourse,100,0.8409,0.936,0.8984,1.0
Meta-Llama-3.1-8B-Instruct,Llama 3,8.0,discourse_coherence_list3,discourse,100,0.8364,0.95,0.8804,1.0
Meta-Llama-3.1-8B-Instruct,Llama 3,8.0,discourse_coherence_list4,discourse,100,0.7973,0.933,0.8545,1.0
Meta-Llama-3.1-8B-Instruct,Llama 3,8.0,discourse_imagability_pairs_list1,sentence_semantics,100,0.4369,0.917,0.4764,0.9995
Meta-Llama-3.1-8B-Instruct,Llama 3,8.0,discourse_imagability_pairs_list2,sentence_semantics,100,0.6262,0.946,0.6619,0.9994
Meta-Llama-3.1-8B-Instruct,Llama 3,8.0,discourse_imagability_singles_list1,sentence_semantics,100,0.6817,0.938,0.7268,0.9998
Meta-Llama-3.1-8B-Instruct,Llama 3,8.0,discourse_imagability_singles_list2,sentence_semantics,100,0.7616,0.954,0.7983,0.9998
Meta-Llama-3.1-8B-Instruct,Llama 3,8.0,discourse_imagability_singles_list3,sentence_semantics,100,0.7492,0.931,0.8048,0.9998
Meta-Llama-3.1-8B-Instruct,Llama 3,8.0,discourse_imagability_singles_list4,sentence_semantics,100,0.7123,0.948,0.7514,0.9998
Meta-Llama-3.1-8B-Instruct,Llama 3,8.0,discourse_mentalizing_pairs_list1,sentence_semantics,100,0.7555,0.928,0.8141,0.9995
Meta-Llama-3.1-8B-Instruct,Llama 3,8.0,discourse_mentalizing_pairs_list2,sentence_semantics,100,0.7022,0.931,0.7543,0.9996
Meta-Llama-3.1-8B-Instruct,Llama 3,8.0,discourse_mentalizing_singles_list1,sentence_semantics,100,0.6883,0.935,0.7362,0.9997
Meta-Llama-3.1-8B-Instruct,Llama 3,8.0,discourse_mentalizing_singles_list2,sentence_semantics,100,0.7977,0.925,0.8624,0.9997
Meta-Llama-3.1-8B-Instruct,Llama 3,8.0,discourse_mentalizing_singles_list3,sentence_semantics,100,0.5627,0.909,0.619,0.9997
Meta-Llama-3.1-8B-Instruct,Llama 3,8.0,discourse_mentalizing_singles_list4,sentence_semantics,100,0.7263,0.952,0.7629,0.9997
Meta-Llama-3.1-8B-Instruct,Llama 3,8.0,discourse_physics_pairs_list1,sentence_semantics,100,0.6841,0.957,0.7149,0.9998
Meta-Llama-3.1-8B-Instruct,Llama 3,8.0,discourse_physics_pairs_list2,sentence_semantics,100,0.7409,0.951,0.7791,0.9998
Meta-Llama-3.1-8B-Instruct,Llama 3,8.0,discourse_physics_singles_list1,sentence_semantics,100,0.8225,0.943,0.8722,0.9999
Meta-Llama-3.1-8B-Instruct,Llama 3,8.0,discourse_physics_singles_list2,sentence_semantics,100,0.7236,0.952,0.7601,0.9999
Meta-Llama-3.1-8B-Instruct,Llama 3,8.0,discourse_physics_singles_list3,sentence_semantics,100,0.8439,0.941,0.8968,0.9999
Meta-Llama-3.1-8B-Instruct,Llama 3,8.0,discourse_physics_singles_list4,sentence_semantics,100,0.8585,0.942,0.9114,0.9999
Meta-Llama-3.1-8B-Instruct,Llama 3,8.0,discourse_scenes_pairs_list1,sentence_semantics,100,0.8529,0.944,0.9035,0.9999
Meta-Llama-3.1-8B-Instruct,Llama 3,8.0,discourse_scenes_pairs_list2,sentence_semantics,100,0.8727,0.95,0.9186,0.9999
Meta-Llama-3.1-8B-Instruct,Llama 3,8.0,discourse_scenes_singles_list1,sentence_semantics,100,0.9017,0.944,0.9552,0.9999
Meta-Llama-3.1-8B-Instruct,Llama 3,8.0,discourse_scenes_singles_list2,sentence_semantics,100,0.8677,0.949,0.9143,0.9999
Meta-Llama-3.1-8B-Instruct,Llama 3,8.0,discourse_scenes_singles_list3,sentence_semantics,100,0.8692,0.966,0.8998,0.9999
Meta-Llama-3.1-8B-Instruct,Llama 3,8.0,discourse_scenes_singles_list4,sentence_semantics,100,0.8843,0.964,0.9173,0.9999
Meta-Llama-3.1-8B-Instruct,Llama 3,8.0,diveica2023_socialness,lexical_semantics,1000,0.8294,0.883,0.9393,0.9592
Meta-Llama-3.1-8B-Instruct,Llama 3,8.0,ecog_sentences_imaginability_jan_8_2014,sentence_semantics,120,0.3941,0.833,0.4731,1.0
Meta-Llama-3.1-8B-Instruct,Llama 3,8.0,ecog_sentences_naturalness_jan_8_2014_2,sentence_semantics,120,0.3449,0.727,0.4745,0.9998
Meta-Llama-3.1-8B-Instruct,Llama 3,8.0,edwards2024_spelling_to_pronunciation_transparency,subword,1000,0.6018,0.826,0.7286,0.0441
Meta-Llama-3.1-8B-Instruct,Llama 3,8.0,erp_norming_error_detection_june_2013_4,syntax,323,-0.1082,0.841,-0.1287,0.9999
Meta-Llama-3.1-8B-Instruct,Llama 3,8.0,erp_sentence_naturalness_survey_june_2013_2,syntax,483,0.7523,0.922,0.8159,0.9998
Meta-Llama-3.1-8B-Instruct,Llama 3,8.0,eunice_disfluency_2_nov_17_2011,syntax,190,0.5327,0.832,0.6403,0.9999
Meta-Llama-3.1-8B-Instruct,Llama 3,8.0,eunice_disfluency_nov_15_2011,syntax,468,0.3246,0.807,0.4023,0.9999
Meta-Llama-3.1-8B-Instruct,Llama 3,8.0,european_portuguese_rc,syntax,174,0.6113,0.84,0.7278,0.6587
Meta-Llama-3.1-8B-Instruct,Llama 3,8.0,european_portuguese_wh,syntax,174,0.4883,0.893,0.5469,0.6484
Meta-Llama-3.1-8B-Instruct,Llama 3,8.0,extension,syntax,138,0.7504,0.872,0.8605,0.9995
Meta-Llama-3.1-8B-Instruct,Llama 3,8.0,gabriel_rc,syntax,174,0.6581,0.818,0.8045,0.6531
Meta-Llama-3.1-8B-Instruct,Llama 3,8.0,gabriel_wh,syntax,174,0.4942,0.902,0.5478,0.6451
Meta-Llama-3.1-8B-Instruct,Llama 3,8.0,giurgea2025_motivation,lexical_semantics,1000,0.719,0.856,0.84,0.9625
Meta-Llama-3.1-8B-Instruct,Llama 3,8.0,huang_response_set1a,syntax,288,0.5257,0.966,0.5442,0.9994
Meta-Llama-3.1-8B-Instruct,Llama 3,8.0,huang_response_set1b,syntax,288,0.5066,0.964,0.5255,0.9995
Meta-Llama-3.1-8B-Instruct,Llama 3,8.0,huang_response_set2a,syntax,288,0.6174,0.97,0.6365,0.9993
Meta-Llama-3.1-8B-Instruct,Llama 3,8.0,huang_response_set2a_declaratives,syntax,288,0.6765,0.97,0.6975,0.9993
Meta-Llama-3.1-8B-Instruct,Llama 3,8.0,huang_response_set2b,syntax,288,0.6115,0.97,0.6304,0.9994
Meta-Llama-3.1-8B-Instruct,Llama 3,8.0,huang_response_set2b_declaratives,syntax,288,0.6988,0.974,0.7174,0.9993
Meta-Llama-3.1-8B-Instruct,Llama 3,8.0,imperative_control_iad_gs_may_16_2011_purple_puppy,pragmatics,96,0.4699,0.86,0.5464,0.9999
Meta-Llama-3.1-8B-Instruct,Llama 3,8.0,isac_sentence_naturalness_survey_feb_2011_64_items_survey_code_giant_c,syntax,256,0.7481,0.885,0.8453,0.9991
Meta-Llama-3.1-8B-Instruct,Llama 3,8.0,islands_acceptability_expt_2_dec_2_2012,syntax,480,0.6283,0.874,0.7189,0.9998
Meta-Llama-3.1-8B-Instruct,Llama 3,8.0,italian_dative_v2,discourse,192,-0.0791,0.604,-0.131,0.0909
Meta-Llama-3.1-8B-Instruct,Llama 3,8.0,italian_locative_v7,discourse,192,0.2029,0.66,0.3075,0.0882
Meta-Llama-3.1-8B-Instruct,Llama 3,8.0,lancaster2020_auditory,lexical_semantics,1000,0.1477,0.831,0.1777,0.8494
Meta-Llama-3.1-8B-Instruct,Llama 3,8.0,lancaster2020_foot_leg,lexical_semantics,1000,0.3721,0.729,0.5104,0.8516
Meta-Llama-3.1-8B-Instruct,Llama 3,8.0,lancaster2020_gustatory,lexical_semantics,1000,0.2107,0.545,0.3865,0.964
Meta-Llama-3.1-8B-Instruct,Llama 3,8.0,lancaster2020_hand_arm,lexical_semantics,1000,0.1928,0.783,0.2463,0.8637
Meta-Llama-3.1-8B-Instruct,Llama 3,8.0,lancaster2020_haptic,lexical_semantics,1000,0.3825,0.808,0.4734,0.9039
Meta-Llama-3.1-8B-Instruct,Llama 3,8.0,lancaster2020_head,lexical_semantics,1000,0.2871,0.57,0.5037,0.9574
Meta-Llama-3.1-8B-Instruct,Llama 3,8.0,lancaster2020_interoceptive,lexical_semantics,1000,0.4892,0.778,0.6288,0.7638
Meta-Llama-3.1-8B-Instruct,Llama 3,8.0,lancaster2020_mouth,lexical_semantics,1000,0.2877,0.777,0.3702,0.936
Meta-Llama-3.1-8B-Instruct,Llama 3,8.0,lancaster2020_olfactory,lexical_semantics,1000,0.3312,0.622,0.5325,0.9802
Meta-Llama-3.1-8B-Instruct,Llama 3,8.0,lancaster2020_torso,lexical_semantics,1000,0.2255,0.675,0.3341,0.9541
Meta-Llama-3.1-8B-Instruct,Llama 3,8.0,lancaster2020_visual,lexical_semantics,1000,0.4216,0.767,0.5497,0.9529
Meta-Llama-3.1-8B-Instruct,Llama 3,8.0,lauren_sentence_naturalness_survey_expt3_nov_17_2011,syntax,460,0.5226,0.633,0.8256,0.9998
Meta-Llama-3.1-8B-Instruct,Llama 3,8.0,lauren_sentence_naturalness_survey_expt_2_nov_15_2011,syntax,252,0.6893,0.712,0.9682,0.9997
Meta-Llama-3.1-8B-Instruct,Llama 3,8.0,lauren_sentence_naturalness_survey_oct_14_2011,syntax,360,0.6282,0.703,0.8936,0.9997
Meta-Llama-3.1-8B-Instruct,Llama 3,8.0,lexical_frame_adjectives_likert_set1,syntax,384,0.5154,0.83,0.6209,0.9999
Meta-Llama-3.1-8B-Instruct,Llama 3,8.0,lexical_frame_adjectives_likert_set2,syntax,384,0.4813,0.744,0.6469,0.9999
Meta-Llama-3.1-8B-Instruct,Llama 3,8.0,lexical_frame_adjectives_likert_set3,syntax,384,0.5189,0.873,0.5944,0.9999
Meta-Llama-3.1-8B-Instruct,Llama 3,8.0,locative_topicalization_survey,discourse,229,0.5777,0.777,0.7435,0.9974
Meta-Llama-3.1-8B-Instruct,Llama 3,8.0,massive_mem_arousal_mar_2013,lexical_semantics,1000,0.7235,0.883,0.8194,0.9999
Meta-Llama-3.1-8B-Instruct,Llama 3,8.0,massive_mem_arousal_mar_2013_end_2,lexical_semantics,242,0.7397,0.85,0.8703,0.9999
Meta-Llama-3.1-8B-Instruct,Llama 3,8.0,massive_mem_arousal_mar_2014,lexical_semantics,1000,0.7032,0.863,0.8148,0.9993
Meta-Llama-3.1-8B-Instruct,Llama 3,8.0,massive_mem_arousal_mar_2014_end_1,lexical_semantics,242,0.7625,0.886,0.8606,0.9992
Meta-Llama-3.1-8B-Instruct,Llama 3,8.0,massive_mem_concreteness_mar_2013,lexical_semantics,1000,0.5564,0.956,0.582,1.0
Meta-Llama-3.1-8B-Instruct,Llama 3,8.0,massive_mem_concreteness_mar_2013_end_1,lexical_semantics,242,0.7567,0.959,0.7891,1.0
Meta-Llama-3.1-8B-Instruct,Llama 3,8.0,massive_mem_concreteness_mar_2014,lexical_semantics,1000,0.5957,0.952,0.6257,0.9998
Meta-Llama-3.1-8B-Instruct,Llama 3,8.0,massive_mem_concreteness_mar_2014_end_1,lexical_semantics,242,0.6312,0.955,0.661,0.9998
Meta-Llama-3.1-8B-Instruct,Llama 3,8.0,massive_mem_imageability_mar_2013,lexical_semantics,1000,0.6443,0.961,0.6704,1.0
Meta-Llama-3.1-8B-Instruct,Llama 3,8.0,massive_mem_imageability_mar_2013_end_1,lexical_semantics,242,0.6517,0.963,0.6767,1.0
Meta-Llama-3.1-8B-Instruct,Llama 3,8.0,massive_mem_imageability_mar_2014,lexical_semantics,1000,0.455,0.948,0.4799,0.9997
Meta-Llama-3.1-8B-Instruct,Llama 3,8.0,massive_mem_imageability_mar_2014_end_1,lexical_semantics,242,0.5395,0.964,0.5596,0.9997
Meta-Llama-3.1-8B-Instruct,Llama 3,8.0,massive_mem_valence_mar_2013,lexical_semantics,1000,0.55,0.948,0.5802,1.0
Meta-Llama-3.1-8B-Instruct,Llama 3,8.0,massive_mem_valence_mar_2013_end_1,lexical_semantics,242,0.8276,0.966,0.8567,1.0
Meta-Llama-3.1-8B-Instruct,Llama 3,8.0,massive_mem_valence_mar_2014,lexical_semantics,1000,0.7103,0.961,0.7392,0.9998
Meta-Llama-3.1-8B-Instruct,Llama 3,8.0,massive_mem_valence_mar_2014_end_1,lexical_semantics,242,0.7008,0.959,0.7308,0.9998
Meta-Llama-3.1-8B-Instruct,Llama 3,8.0,melissa_short_naturalness_test,sentence_semantics,24,0.8754,0.968,0.9043,0.9999
Meta-Llama-3.1-8B-Instruct,Llama 3,8.0,missing_vp_extension_0501_final,syntax,72,0.4433,0.741,0.5983,0.9992
Meta-Llama-3.1-8B-Instruct,Llama 3,8.0,missing_vp_extension,syntax,80,0.5371,0.881,0.6097,0.9992
Meta-Llama-3.1-8B-Instruct,Llama 3,8.0,missing_vp_rereplication,syntax,72,0.4885,0.707,0.691,0.9989
Meta-Llama-3.1-8B-Instruct,Llama 3,8.0,mk_grammaticality_study_7_20,syntax,1000,0.3604,0.876,0.4114,0.9998
Meta-Llama-3.1-8B-Instruct,Llama 3,8.0,muraki2023_concreteness,lexical_semantics,1000,0.4133,0.829,0.4985,0.9994
Meta-Llama-3.1-8B-Instruct,Llama 3,8.0,noisy_channel_acceptability_1_sept_2013_1,syntax,496,0.8414,0.921,0.9136,0.9999
Meta-Llama-3.1-8B-Instruct,Llama 3,8.0,noisy_channel_acceptability_2_sept_2013,syntax,380,0.8742,0.965,0.9059,0.9999
Meta-Llama-3.1-8B-Instruct,Llama 3,8.0,noisy_rc_norming_oct19,sentence_semantics,128,0.5838,0.838,0.6967,1.0
Meta-Llama-3.1-8B-Instruct,Llama 3,8.0,of_acceptability_2,syntax,88,0.6511,0.951,0.6846,0.9999
Meta-Llama-3.1-8B-Instruct,Llama 3,8.0,orange_camel_sentence_naturalness_survey_nov_2010,discourse,144,0.6123,0.861,0.7111,1.0
Meta-Llama-3.1-8B-Instruct,Llama 3,8.0,orc_lauren_sentence_naturalness_survey_july_2012,syntax,192,0.8232,0.948,0.8684,0.9998
Meta-Llama-3.1-8B-Instruct,Llama 3,8.0,p_p_sentence_naturalness_survey_aug_2010,syntax,252,0.5669,0.859,0.6599,0.9999
Meta-Llama-3.1-8B-Instruct,Llama 3,8.0,p_p_sentence_naturalness_survey_dec_2009,syntax,324,0.5503,0.95,0.5792,0.9999
Meta-Llama-3.1-8B-Instruct,Llama 3,8.0,p_p_sentence_naturalness_survey_feb,syntax,614,0.3816,0.664,0.5747,0.9999
Meta-Llama-3.1-8B-Instruct,Llama 3,8.0,p_p_sentence_naturalness_survey_june_2013_v3,syntax,242,0.3494,0.928,0.3765,0.9985
Meta-Llama-3.1-8B-Instruct,Llama 3,8.0,paris_judgments_3_dec_2012,syntax,477,0.5555,0.845,0.6574,0.9999
Meta-Llama-3.1-8B-Instruct,Llama 3,8.0,pascal_1_dec_2012,syntax,544,0.1884,0.066,2.8549,0.9211
Meta-Llama-3.1-8B-Instruct,Llama 3,8.0,presup_survey_1_acd_july_2012,pragmatics,240,0.7437,0.83,0.896,0.9999
Meta-Llama-3.1-8B-Instruct,Llama 3,8.0,presup_survey_2_acd_july_2012,pragmatics,240,0.4196,0.665,0.631,0.9999
Meta-Llama-3.1-8B-Instruct,Llama 3,8.0,pronouns_following_verbs,pragmatics,44,-0.0388,0.706,-0.0549,0.9833
Meta-Llama-3.1-8B-Instruct,Llama 3,8.0,pronouns_following_verbs_an,pragmatics,44,0.0714,0.663,0.1077,0.9687
Meta-Llama-3.1-8B-Instruct,Llama 3,8.0,pronouns_following_verbs_ce,pragmatics,44,0.0452,0.708,0.0639,0.9742
Meta-Llama-3.1-8B-Instruct,Llama 3,8.0,pronouns_following_verbs_sm,pragmatics,44,-0.0152,0.443,-0.0342,0.9699
Meta-Llama-3.1-8B-Instruct,Llama 3,8.0,pronouns_following_verbs_so,pragmatics,44,0.1233,0.509,0.2422,0.9734
Meta-Llama-3.1-8B-Instruct,Llama 3,8.0,pronouns_following_verbs_ve,pragmatics,45,0.1544,0.567,0.2723,0.9827
Meta-Llama-3.1-8B-Instruct,Llama 3,8.0,quant_syn_april_13_2012_90_sentences_with_a_question_and_a_rating_code,syntax,184,0.7462,0.91,0.82,0.9994
Meta-Llama-3.1-8B-Instruct,Llama 3,8.0,quant_syn_april_14_2012_48_sentences_with_a_question_and_a_rating_code,syntax,168,0.7201,0.96,0.7501,0.9993
Meta-Llama-3.1-8B-Instruct,Llama 3,8.0,quant_syn_april_16_2012_36_sentences_with_a_question_and_a_rating_code,syntax,126,0.7629,0.965,0.7906,0.9993
Meta-Llama-3.1-8B-Instruct,Llama 3,8.0,quantifier_naturalness_survey_june_4_2010,syntax,192,0.6023,0.639,0.9425,0.9999
Meta-Llama-3.1-8B-Instruct,Llama 3,8.0,quantitative_syntax_survey,syntax,129,0.5744,0.852,0.6741,1.0
Meta-Llama-3.1-8B-Instruct,Llama 3,8.0,rating_english_sentences,syntax,240,0.7694,0.899,0.8558,0.9968
Meta-Llama-3.1-8B-Instruct,Llama 3,8.0,reasoning_and_language_tasks_survey_code_talkative_pigeon,syntax,72,0.7319,0.941,0.7778,0.9994
Meta-Llama-3.1-8B-Instruct,Llama 3,8.0,relative_clause_displacements_in_english_sentences,syntax,180,0.5033,0.501,1.0045,0.9997
Meta-Llama-3.1-8B-Instruct,Llama 3,8.0,relative_clause_displacements_in_english_sentences_with_fill,syntax,93,0.5364,0.846,0.634,0.9997
Meta-Llama-3.1-8B-Instruct,Llama 3,8.0,replication_study_9_59,discourse,185,0.4142,0.363,1.141,1.0
Meta-Llama-3.1-8B-Instruct,Llama 3,8.0,richard_islands_acceptability_expt_1_april_25_2013_3,syntax,144,0.6777,0.819,0.8274,0.9999
Meta-Llama-3.1-8B-Instruct,Llama 3,8.0,richard_islands_acceptability_expt_2_april_26_2013,syntax,228,0.8215,0.92,0.8929,0.9999
Meta-Llama-3.1-8B-Instruct,Llama 3,8.0,richard_islands_acceptability_expt_4_april_26_2013_1,syntax,100,0.8219,0.931,0.8828,0.9999
Meta-Llama-3.1-8B-Instruct,Llama 3,8.0,richard_islands_acceptability_expt_5_april_27_2013_1,syntax,132,0.4835,0.619,0.7811,0.9999
Meta-Llama-3.1-8B-Instruct,Llama 3,8.0,richard_islands_acceptability_expt_6_april_28_2013_while_whq_decl,syntax,100,0.8651,0.965,0.8965,0.9999
Meta-Llama-3.1-8B-Instruct,Llama 3,8.0,russian_freezing,syntax,180,0.5328,0.898,0.5933,0.7676
Meta-Llama-3.1-8B-Instruct,Llama 3,8.0,semantics1_finalproject,sentence_semantics,96,0.9041,0.972,0.9301,0.9996
Meta-Llama-3.1-8B-Instruct,Llama 3,8.0,semantics2_finalproject,sentence_semantics,96,0.8808,0.986,0.8934,0.9995
Meta-Llama-3.1-8B-Instruct,Llama 3,8.0,semantics3_final_project,pragmatics,96,0.6265,0.974,0.6432,0.9992
Meta-Llama-3.1-8B-Instruct,Llama 3,8.0,sentence_completions_and_islands_acceptability_expt_1_nov_13_2012,syntax,112,0.7779,0.969,0.8028,0.9998
Meta-Llama-3.1-8B-Instruct,Llama 3,8.0,sentence_naturalness_isac_survey_feb_2011,syntax,304,0.7757,0.836,0.9278,0.9998
Meta-Llama-3.1-8B-Instruct,Llama 3,8.0,sentence_naturalness_survey_acd_ratings_hackl_expt_7_oct_25_2012_1,syntax,176,0.7082,0.886,0.7993,0.9998
Meta-Llama-3.1-8B-Instruct,Llama 3,8.0,sentence_naturalness_survey_acd_ratings_hackl_replic_expt_1_july_14_20,syntax,480,0.7301,0.864,0.8451,0.9999
Meta-Llama-3.1-8B-Instruct,Llama 3,8.0,sentence_naturalness_survey_acd_ratings_v4_july_13_2012,syntax,176,0.6837,0.748,0.914,0.9998
Meta-Llama-3.1-8B-Instruct,Llama 3,8.0,sentence_naturalness_survey_acd_v1_jan_2012,discourse,128,0.0572,0.299,0.1912,0.9993
Meta-Llama-3.1-8B-Instruct,Llama 3,8.0,sentence_naturalness_survey_acd_v6_oct_25_2012,discourse,128,-0.0436,0.602,-0.0725,0.9994
Meta-Llama-3.1-8B-Instruct,Llama 3,8.0,sentence_naturalness_survey_denise_jan_12_2011_survey_code_pig_the_pig,syntax,200,0.8781,0.986,0.8906,0.9991
Meta-Llama-3.1-8B-Instruct,Llama 3,8.0,sentence_naturalness_survey_denise_sept_8_2010_survey_code_pig_the_pig,syntax,224,0.8449,0.972,0.8693,0.999
Meta-Llama-3.1-8B-Instruct,Llama 3,8.0,sentence_naturalness_survey_feb_16_1_2012_60_items_code_shy_armadillo,syntax,120,0.7193,0.912,0.7887,0.9996
Meta-Llama-3.1-8B-Instruct,Llama 3,8.0,sentence_naturalness_survey_for_gs_dec_2009,pragmatics,122,0.5544,0.882,0.6285,0.9999
Meta-Llama-3.1-8B-Instruct,Llama 3,8.0,sentence_naturalness_survey_for_gs_jan_2010,pragmatics,133,0.5552,0.906,0.6128,0.9999
Meta-Llama-3.1-8B-Instruct,Llama 3,8.0,sentence_naturalness_survey_for_gs_jan_23_2010,pragmatics,216,0.4783,0.942,0.5078,0.9999
Meta-Llama-3.1-8B-Instruct,Llama 3,8.0,sentence_naturalness_survey_for_gs_may_11_2011_purple_puppy,pragmatics,72,0.3974,0.873,0.4552,0.9999
Meta-Llama-3.1-8B-Instruct,Llama 3,8.0,sentence_naturalness_survey_for_jk_april_4_2010,discourse,96,0.4423,0.886,0.4992,1.0
Meta-Llama-3.1-8B-Instruct,Llama 3,8.0,sentence_naturalness_survey_for_jk_april_4_expt_3_2010,discourse,96,0.3364,0.83,0.4053,1.0
Meta-Llama-3.1-8B-Instruct,Llama 3,8.0,sentence_naturalness_survey_for_jk_april_9_expt_4_2010,discourse,96,0.3157,0.831,0.3799,1.0
Meta-Llama-3.1-8B-Instruct,Llama 3,8.0,sentence_naturalness_survey_for_jk_june_24_2010_v2,discourse,176,0.4158,0.787,0.5284,1.0
Meta-Llama-3.1-8B-Instruct,Llama 3,8.0,sentence_naturalness_survey_for_jk_mar_2010,discourse,96,0.3823,0.88,0.4344,1.0
Meta-Llama-3.1-8B-Instruct,Llama 3,8.0,sentence_naturalness_survey_for_jkm_dec_2009,discourse,128,-0.0471,0.18,-0.2618,0.9999
Meta-Llama-3.1-8B-Instruct,Llama 3,8.0,sentence_naturalness_survey_for_jkm_jan_2012,discourse,128,0.0618,0.266,0.2323,0.9994
Meta-Llama-3.1-8B-Instruct,Llama 3,8.0,sentence_naturalness_survey_for_lb_dec_2009,discourse,108,0.5672,0.832,0.6818,1.0
Meta-Llama-3.1-8B-Instruct,Llama 3,8.0,sentence_naturalness_survey_for_lb_feb_20_2010_v2,discourse,79,0.6235,0.951,0.6556,1.0
Meta-Llama-3.1-8B-Instruct,Llama 3,8.0,sentence_naturalness_survey_for_lb_jan_2011,discourse,519,0.2596,0.886,0.2931,1.0
Meta-Llama-3.1-8B-Instruct,Llama 3,8.0,sentence_naturalness_survey_for_lb_jan_2011_v2,discourse,519,0.2728,0.689,0.3959,1.0
Meta-Llama-3.1-8B-Instruct,Llama 3,8.0,sentence_naturalness_survey_for_lb_jan_2011_v3,discourse,519,0.2124,0.886,0.2398,1.0
Meta-Llama-3.1-8B-Instruct,Llama 3,8.0,sentence_naturalness_survey_for_lb_mar_2010_2,discourse,241,0.5794,0.935,0.6196,1.0
Meta-Llama-3.1-8B-Instruct,Llama 3,8.0,sentence_naturalness_survey_for_lb_mar_2010,discourse,123,0.531,0.951,0.5584,1.0
Meta-Llama-3.1-8B-Instruct,Llama 3,8.0,sentence_naturalness_survey_for_lb_may_2010,discourse,148,0.6638,0.953,0.6966,0.9999
Meta-Llama-3.1-8B-Instruct,Llama 3,8.0,sentence_naturalness_survey_for_lb_prelim_oct_2010,discourse,402,0.5647,0.882,0.6402,0.9999
Meta-Llama-3.1-8B-Instruct,Llama 3,8.0,sentence_naturalness_survey_for_rw_dec_2009,discourse,180,0.5641,0.825,0.6838,1.0
Meta-Llama-3.1-8B-Instruct,Llama 3,8.0,sentence_naturalness_survey_for_rw_jan_2010,discourse,480,0.5634,0.872,0.6461,1.0
Meta-Llama-3.1-8B-Instruct,Llama 3,8.0,sentence_naturalness_survey_laura_mar_17_2012_92_items_code_lazy_cater,sentence_semantics,368,0.8442,0.883,0.9561,0.9993
Meta-Llama-3.1-8B-Instruct,Llama 3,8.0,sentence_naturalness_survey_laura_mar_17_2012_96_items_code_lazy_cater,sentence_semantics,384,0.8156,0.883,0.9236,0.9994
Meta-Llama-3.1-8B-Instruct,Llama 3,8.0,sentence_naturalness_survey_may_4_2011_36_items_code_anxious_bat,syntax,84,0.4992,0.757,0.6594,0.9994
Meta-Llama-3.1-8B-Instruct,Llama 3,8.0,sentence_naturalness_survey_nat_aug_28_2010_survey_code_downtown,syntax,270,0.7537,0.956,0.7884,0.9993
Meta-Llama-3.1-8B-Instruct,Llama 3,8.0,short_acceptability_feb_6_2014,syntax,128,0.7347,0.907,0.81,0.9999
Meta-Llama-3.1-8B-Instruct,Llama 3,8.0,susan_canonicity_rerunning_2,syntax,52,0.5874,0.95,0.6183,0.9999
Meta-Llama-3.1-8B-Instruct,Llama 3,8.0,topicalization_e1,syntax,77,0.8172,0.942,0.8675,0.9999
Meta-Llama-3.1-8B-Instruct,Llama 3,8.0,verb_causality_study_semantics_ratings_mk_april_2010,lexical_semantics,188,0.1385,0.972,0.1425,0.9988
Meta-Llama-3.1-8B-Instruct,Llama 3,8.0,verb_causality_study_syntax_ratings_mk_april_2010,syntax,653,0.2077,0.633,0.3281,0.9998
Meta-Llama-3.1-8B-Instruct,Llama 3,8.0,wm2_wm5_9_59_sentence_naturalness_survey_april_2011,syntax,219,0.7635,0.839,0.91,0.9998
Meta-Llama-3.1-8B-Instruct,Llama 3,8.0,word3_b_word_naturalness_survey_may_4_2011_160_items_code_sleepy_bear,subword,158,0.6133,0.937,0.6545,0.9982
Meta-Llama-3.1-8B-Instruct,Llama 3,8.0,word3_word_naturalness_survey_may_1_2011_45_items_code_nosy_badger,subword,45,0.5792,0.948,0.6109,0.9984
MiniCPM5-2B,other,2.5,50_sentences_noisy_channel_may_25_2011,pragmatics,208,-0.0371,0.555,-0.0669,1.0
MiniCPM5-2B,other,2.5,50_sentences_with_2_comp_qs_plus_rating_mar_11_2011,sentence_semantics,208,0.278,0.588,0.4728,0.9994
MiniCPM5-2B,other,2.5,acceptability_extension_959_v5,syntax,566,0.7011,0.797,0.8796,0.9946
MiniCPM5-2B,other,2.5,acceptability_judgments_kang,syntax,136,0.1571,0.974,0.1613,1.0
MiniCPM5-2B,other,2.5,acceptability_replication_959,syntax,288,0.8551,0.964,0.887,0.9991
MiniCPM5-2B,other,2.5,acd_context_polly_1_nov_23_2012,discourse,310,0.11,0.462,0.2381,1.0
MiniCPM5-2B,other,2.5,acd_no_context_polly_1_nov_23_2012,syntax,213,0.3721,0.838,0.444,0.9999
MiniCPM5-2B,other,2.5,acd_project_also_3_nov_24_2012_2,syntax,128,0.0553,0.874,0.0633,1.0
MiniCPM5-2B,other,2.5,acd_project_expt_23_also_nov_16_2012,syntax,600,0.1208,0.825,0.1465,1.0
MiniCPM5-2B,other,2.5,acd_project_expt_24_same_diff_verbs_nov_16_2012,syntax,472,0.0732,0.89,0.0823,1.0
MiniCPM5-2B,other,2.5,acd_project_expt_31_same_diff_verbs_nov_16_2012_1,syntax,176,-0.1442,0.755,-0.1911,1.0
MiniCPM5-2B,other,2.5,acd_project_expt_42_also_verbs_nov_29_2012_1,syntax,176,0.1452,0.63,0.2305,1.0
MiniCPM5-2B,other,2.5,acd_project_expt_44_the_same_nov_29_2012_1,syntax,140,0.0873,0.601,0.1453,0.9999
MiniCPM5-2B,other,2.5,acd_project_expt_45_hkv_expt_2_plaus_nov_29_2012,syntax,360,0.147,0.774,0.19,1.0
MiniCPM5-2B,other,2.5,acd_project_expt_46_also_in_hkv_2_nov_29_2012_1,syntax,448,0.1318,0.56,0.2353,1.0
MiniCPM5-2B,other,2.5,active_passive_sentence_naturalness_survey_july_2012,syntax,132,0.7167,0.887,0.808,0.9999
MiniCPM5-2B,other,2.5,aixiu_coherence_en_update1,sentence_semantics,277,0.7212,0.882,0.8177,0.9991
MiniCPM5-2B,other,2.5,alex_paunov_literal_inferences_dec_3_2011,pragmatics,299,0.364,0.908,0.4008,1.0
MiniCPM5-2B,other,2.5,amouyal2024_plausibility,sentence_semantics,853,0.5197,0.915,0.568,1.0
MiniCPM5-2B,other,2.5,animacy_passive_dative_kyle,syntax,120,0.2862,0.926,0.3091,1.0
MiniCPM5-2B,other,2.5,anne_abeille_acceptability_july_12_2017_1,syntax,296,0.2726,0.635,0.4293,1.0
MiniCPM5-2B,other,2.5,base_acceptability_0908,syntax,73,-0.5395,0.931,-0.5795,1.0
MiniCPM5-2B,other,2.5,brief_sentence_naturalness_survey_march_2011,sentence_semantics,64,0.4281,0.96,0.446,0.9999
MiniCPM5-2B,other,2.5,can_noncan_acceptability_0924,syntax,88,0.5102,0.966,0.5281,1.0
MiniCPM5-2B,other,2.5,can_noncan_acceptability_2,syntax,88,0.5303,0.962,0.5513,1.0
MiniCPM5-2B,other,2.5,chinese_dative,discourse,96,-0.0574,0.715,-0.0803,0.9999
MiniCPM5-2B,other,2.5,class_demo,syntax,44,0.092,0.927,0.0993,1.0
MiniCPM5-2B,other,2.5,clefting_e3,syntax,48,0.1138,0.877,0.1297,1.0
MiniCPM5-2B,other,2.5,clefting_e4,syntax,48,0.1929,0.969,0.1991,1.0
MiniCPM5-2B,other,2.5,coherence_survey_list1_main,discourse,100,0.3241,0.95,0.3412,0.9982
MiniCPM5-2B,other,2.5,coherence_survey_list2_main,discourse,100,0.3377,0.948,0.3562,0.9984
MiniCPM5-2B,other,2.5,coherence_survey_list3_main,discourse,100,0.5582,0.942,0.5926,0.9982
MiniCPM5-2B,other,2.5,coherence_survey_list4_main,discourse,100,0.4661,0.95,0.4906,0.998
MiniCPM5-2B,other,2.5,constituency_tests_2,syntax,48,0.4212,0.836,0.5038,1.0
MiniCPM5-2B,other,2.5,constituency_tests,syntax,48,0.3471,0.654,0.5308,1.0
MiniCPM5-2B,other,2.5,copy_cat_polly_june_2014,discourse,102,0.4648,0.865,0.5374,0.822
MiniCPM5-2B,other,2.5,copy_of_verb_causality_study_semantics_ratings_mk_april_2010,lexical_semantics,62,0.3605,0.83,0.4344,0.9997
MiniCPM5-2B,other,2.5,crossed_dependencies_long,syntax,201,-0.0585,0.899,-0.0651,0.9841
MiniCPM5-2B,other,2.5,cul_jack_april_12_2012_54_short_texts_with_two_comprehension_questions,syntax,210,0.2186,0.896,0.244,0.9994
MiniCPM5-2B,other,2.5,cul_jack_sentence_naturalness_survey_april_2010,syntax,220,0.8199,0.952,0.8613,0.9999
MiniCPM5-2B,other,2.5,dative_alternation_extension_version_2,syntax,229,0.1071,0.456,0.2348,1.0
MiniCPM5-2B,other,2.5,dative_finnish,discourse,96,-0.0904,0.689,-0.1312,0.9866
MiniCPM5-2B,other,2.5,dative_turkish,discourse,96,-0.3213,0.734,-0.4377,0.9975
MiniCPM5-2B,other,2.5,dentella2023_grammaticality,syntax,80,-0.0254,0.981,-0.0259,0.0001
MiniCPM5-2B,other,2.5,depth_charge_survey,sentence_semantics,188,0.135,0.846,0.1596,0.9995
MiniCPM5-2B,other,2.5,depth_charge_with_noise,sentence_semantics,188,0.4461,0.854,0.5224,0.9995
MiniCPM5-2B,other,2.5,discourse_30subjs_list1,discourse,100,0.3217,0.941,0.3419,0.9982
MiniCPM5-2B,other,2.5,discourse_30subjs_list2,discourse,100,0.3244,0.951,0.3411,0.9985
MiniCPM5-2B,other,2.5,discourse_30subjs_list3,discourse,100,0.4932,0.947,0.5208,0.9984
MiniCPM5-2B,other,2.5,discourse_30subjs_list4,discourse,100,0.4761,0.942,0.5054,0.9981
MiniCPM5-2B,other,2.5,discourse_causality_list1,discourse,100,0.6188,0.935,0.6618,0.9987
MiniCPM5-2B,other,2.5,discourse_causality_list2,discourse,100,0.616,0.952,0.647,0.9987
MiniCPM5-2B,other,2.5,discourse_causality_list3,discourse,100,0.6719,0.933,0.7201,0.9986
MiniCPM5-2B,other,2.5,discourse_causality_list4,discourse,100,0.7148,0.955,0.7485,0.9982
MiniCPM5-2B,other,2.5,discourse_changed_0428,discourse,48,0.2183,0.953,0.2291,0.998
MiniCPM5-2B,other,2.5,discourse_coherence_list1,discourse,100,0.7534,0.943,0.799,0.9997
MiniCPM5-2B,other,2.5,discourse_coherence_list2,discourse,100,0.6191,0.936,0.6614,0.9997
MiniCPM5-2B,other,2.5,discourse_coherence_list3,discourse,100,0.7499,0.95,0.7893,0.9997
MiniCPM5-2B,other,2.5,discourse_coherence_list4,discourse,100,0.6748,0.933,0.7233,0.9997
MiniCPM5-2B,other,2.5,discourse_imagability_pairs_list1,sentence_semantics,100,0.3525,0.917,0.3845,1.0
MiniCPM5-2B,other,2.5,discourse_imagability_pairs_list2,sentence_semantics,100,0.3174,0.946,0.3356,1.0
MiniCPM5-2B,other,2.5,discourse_imagability_singles_list1,sentence_semantics,100,0.4833,0.938,0.5152,1.0
MiniCPM5-2B,other,2.5,discourse_imagability_singles_list2,sentence_semantics,100,0.6391,0.954,0.6699,1.0
MiniCPM5-2B,other,2.5,discourse_imagability_singles_list3,sentence_semantics,100,0.4345,0.931,0.4667,1.0
MiniCPM5-2B,other,2.5,discourse_imagability_singles_list4,sentence_semantics,100,0.5666,0.948,0.5977,1.0
MiniCPM5-2B,other,2.5,discourse_mentalizing_pairs_list1,sentence_semantics,100,0.5885,0.928,0.6342,0.9999
MiniCPM5-2B,other,2.5,discourse_mentalizing_pairs_list2,sentence_semantics,100,0.4909,0.931,0.5273,0.9999
MiniCPM5-2B,other,2.5,discourse_mentalizing_singles_list1,sentence_semantics,100,0.5282,0.935,0.5649,1.0
MiniCPM5-2B,other,2.5,discourse_mentalizing_singles_list2,sentence_semantics,100,0.5893,0.925,0.6371,1.0
MiniCPM5-2B,other,2.5,discourse_mentalizing_singles_list3,sentence_semantics,100,0.3238,0.909,0.3562,1.0
MiniCPM5-2B,other,2.5,discourse_mentalizing_singles_list4,sentence_semantics,100,0.5359,0.952,0.5629,1.0
MiniCPM5-2B,other,2.5,discourse_physics_pairs_list1,sentence_semantics,100,0.6485,0.957,0.6776,0.9999
MiniCPM5-2B,other,2.5,discourse_physics_pairs_list2,sentence_semantics,100,0.6263,0.951,0.6586,1.0
MiniCPM5-2B,other,2.5,discourse_physics_singles_list1,sentence_semantics,100,0.7658,0.943,0.8121,1.0
MiniCPM5-2B,other,2.5,discourse_physics_singles_list2,sentence_semantics,100,0.6775,0.952,0.7117,1.0
MiniCPM5-2B,other,2.5,discourse_physics_singles_list3,sentence_semantics,100,0.7239,0.941,0.7693,1.0
MiniCPM5-2B,other,2.5,discourse_physics_singles_list4,sentence_semantics,100,0.7058,0.942,0.7492,1.0
MiniCPM5-2B,other,2.5,discourse_scenes_pairs_list1,sentence_semantics,100,0.655,0.944,0.6938,1.0
MiniCPM5-2B,other,2.5,discourse_scenes_pairs_list2,sentence_semantics,100,0.7038,0.95,0.7408,1.0
MiniCPM5-2B,other,2.5,discourse_scenes_singles_list1,sentence_semantics,100,0.7529,0.944,0.7975,1.0
MiniCPM5-2B,other,2.5,discourse_scenes_singles_list2,sentence_semantics,100,0.7065,0.949,0.7444,1.0
MiniCPM5-2B,other,2.5,discourse_scenes_singles_list3,sentence_semantics,100,0.7554,0.966,0.7819,1.0
MiniCPM5-2B,other,2.5,discourse_scenes_singles_list4,sentence_semantics,100,0.6693,0.964,0.6943,1.0
MiniCPM5-2B,other,2.5,diveica2023_socialness,lexical_semantics,1000,0.593,0.883,0.6715,0.9999
MiniCPM5-2B,other,2.5,ecog_sentences_imaginability_jan_8_2014,sentence_semantics,120,0.1659,0.833,0.1991,1.0
MiniCPM5-2B,other,2.5,ecog_sentences_naturalness_jan_8_2014_2,sentence_semantics,120,0.3095,0.727,0.4257,1.0
MiniCPM5-2B,other,2.5,edwards2024_spelling_to_pronunciation_transparency,subword,1000,0.5063,0.826,0.613,0.9199
MiniCPM5-2B,other,2.5,erp_norming_error_detection_june_2013_4,syntax,323,-0.0676,0.841,-0.0804,0.9999
MiniCPM5-2B,other,2.5,erp_sentence_naturalness_survey_june_2013_2,syntax,483,0.6538,0.922,0.7091,1.0
MiniCPM5-2B,other,2.5,eunice_disfluency_2_nov_17_2011,syntax,190,-0.0934,0.832,-0.1122,1.0
MiniCPM5-2B,other,2.5,eunice_disfluency_nov_15_2011,syntax,468,-0.047,0.807,-0.0583,1.0
MiniCPM5-2B,other,2.5,european_portuguese_rc,syntax,174,0.551,0.84,0.656,0.9999
MiniCPM5-2B,other,2.5,european_portuguese_wh,syntax,174,0.3896,0.893,0.4363,0.9998
MiniCPM5-2B,other,2.5,extension,syntax,138,0.6766,0.872,0.7759,0.9995
MiniCPM5-2B,other,2.5,gabriel_rc,syntax,174,0.4464,0.818,0.5457,0.9999
MiniCPM5-2B,other,2.5,gabriel_wh,syntax,174,0.4686,0.902,0.5195,0.9997
MiniCPM5-2B,other,2.5,giurgea2025_motivation,lexical_semantics,1000,0.4359,0.856,0.5093,0.9998
MiniCPM5-2B,other,2.5,huang_response_set1a,syntax,288,0.4491,0.966,0.4649,0.9993
MiniCPM5-2B,other,2.5,huang_response_set1b,syntax,288,0.4495,0.964,0.4662,0.9993
MiniCPM5-2B,other,2.5,huang_response_set2a,syntax,288,0.4713,0.97,0.4858,0.9993
MiniCPM5-2B,other,2.5,huang_response_set2a_declaratives,syntax,288,0.5406,0.97,0.5573,0.9996
MiniCPM5-2B,other,2.5,huang_response_set2b,syntax,288,0.4521,0.97,0.466,0.9994
MiniCPM5-2B,other,2.5,huang_response_set2b_declaratives,syntax,288,0.6054,0.974,0.6216,0.9996
MiniCPM5-2B,other,2.5,imperative_control_iad_gs_may_16_2011_purple_puppy,pragmatics,96,0.346,0.86,0.4024,0.9999
MiniCPM5-2B,other,2.5,isac_sentence_naturalness_survey_feb_2011_64_items_survey_code_giant_c,syntax,256,0.613,0.885,0.6926,1.0
MiniCPM5-2B,other,2.5,islands_acceptability_expt_2_dec_2_2012,syntax,480,0.1107,0.874,0.1266,1.0
MiniCPM5-2B,other,2.5,italian_dative_v2,discourse,192,0.2264,0.604,0.3748,1.0
MiniCPM5-2B,other,2.5,italian_locative_v7,discourse,192,0.2468,0.66,0.3739,1.0
MiniCPM5-2B,other,2.5,lancaster2020_auditory,lexical_semantics,1000,0.1456,0.831,0.1752,0.9999
MiniCPM5-2B,other,2.5,lancaster2020_foot_leg,lexical_semantics,1000,0.3235,0.729,0.4437,1.0
MiniCPM5-2B,other,2.5,lancaster2020_gustatory,lexical_semantics,1000,0.2583,0.545,0.4739,1.0
MiniCPM5-2B,other,2.5,lancaster2020_hand_arm,lexical_semantics,1000,0.1932,0.783,0.2468,0.9999
MiniCPM5-2B,other,2.5,lancaster2020_haptic,lexical_semantics,1000,0.2476,0.808,0.3065,1.0
MiniCPM5-2B,other,2.5,lancaster2020_head,lexical_semantics,1000,0.2304,0.57,0.4041,0.9999
MiniCPM5-2B,other,2.5,lancaster2020_interoceptive,lexical_semantics,1000,0.4184,0.778,0.5379,0.9999
MiniCPM5-2B,other,2.5,lancaster2020_mouth,lexical_semantics,1000,0.1286,0.777,0.1655,0.9997
MiniCPM5-2B,other,2.5,lancaster2020_olfactory,lexical_semantics,1000,0.307,0.622,0.4936,1.0
MiniCPM5-2B,other,2.5,lancaster2020_torso,lexical_semantics,1000,0.2302,0.675,0.341,0.9999
MiniCPM5-2B,other,2.5,lancaster2020_visual,lexical_semantics,1000,0.1708,0.767,0.2227,0.9999
MiniCPM5-2B,other,2.5,lauren_sentence_naturalness_survey_expt3_nov_17_2011,syntax,460,0.2617,0.633,0.4135,1.0
MiniCPM5-2B,other,2.5,lauren_sentence_naturalness_survey_expt_2_nov_15_2011,syntax,252,0.2664,0.712,0.3742,1.0
MiniCPM5-2B,other,2.5,lauren_sentence_naturalness_survey_oct_14_2011,syntax,360,0.1941,0.703,0.2762,1.0
MiniCPM5-2B,other,2.5,lexical_frame_adjectives_likert_set1,syntax,384,0.5478,0.83,0.66,0.9999
MiniCPM5-2B,other,2.5,lexical_frame_adjectives_likert_set2,syntax,384,0.5439,0.744,0.7311,0.9999
MiniCPM5-2B,other,2.5,lexical_frame_adjectives_likert_set3,syntax,384,0.5462,0.873,0.6257,0.9999
MiniCPM5-2B,other,2.5,locative_topicalization_survey,discourse,229,0.2312,0.777,0.2975,1.0
MiniCPM5-2B,other,2.5,massive_mem_arousal_mar_2013,lexical_semantics,1000,0.4054,0.883,0.4591,0.9999
MiniCPM5-2B,other,2.5,massive_mem_arousal_mar_2013_end_2,lexical_semantics,242,0.517,0.85,0.6082,0.9999
MiniCPM5-2B,other,2.5,massive_mem_arousal_mar_2014,lexical_semantics,1000,0.5138,0.863,0.5953,0.9999
MiniCPM5-2B,other,2.5,massive_mem_arousal_mar_2014_end_1,lexical_semantics,242,0.5333,0.886,0.6019,0.9999
MiniCPM5-2B,other,2.5,massive_mem_concreteness_mar_2013,lexical_semantics,1000,0.3643,0.956,0.3811,0.9999
MiniCPM5-2B,other,2.5,massive_mem_concreteness_mar_2013_end_1,lexical_semantics,242,0.3008,0.959,0.3136,0.9999
MiniCPM5-2B,other,2.5,massive_mem_concreteness_mar_2014,lexical_semantics,1000,-0.1959,0.952,-0.2057,0.9995
MiniCPM5-2B,other,2.5,massive_mem_concreteness_mar_2014_end_1,lexical_semantics,242,-0.1125,0.955,-0.1178,0.9995
MiniCPM5-2B,other,2.5,massive_mem_imageability_mar_2013,lexical_semantics,1000,-0.2694,0.961,-0.2804,0.9999
MiniCPM5-2B,other,2.5,massive_mem_imageability_mar_2013_end_1,lexical_semantics,242,-0.0667,0.963,-0.0693,0.9999
MiniCPM5-2B,other,2.5,massive_mem_imageability_mar_2014,lexical_semantics,1000,0.0551,0.948,0.0581,0.9999
MiniCPM5-2B,other,2.5,massive_mem_imageability_mar_2014_end_1,lexical_semantics,242,0.0469,0.964,0.0487,0.9999
MiniCPM5-2B,other,2.5,massive_mem_valence_mar_2013,lexical_semantics,1000,0.2396,0.948,0.2528,0.9998
MiniCPM5-2B,other,2.5,massive_mem_valence_mar_2013_end_1,lexical_semantics,242,0.2842,0.966,0.2942,0.9999
MiniCPM5-2B,other,2.5,massive_mem_valence_mar_2014,lexical_semantics,1000,0.0544,0.961,0.0566,0.9995
MiniCPM5-2B,other,2.5,massive_mem_valence_mar_2014_end_1,lexical_semantics,242,-0.0427,0.959,-0.0445,0.9995
MiniCPM5-2B,other,2.5,melissa_short_naturalness_test,sentence_semantics,24,0.4362,0.968,0.4506,1.0
MiniCPM5-2B,other,2.5,missing_vp_extension_0501_final,syntax,72,0.1374,0.741,0.1854,1.0
MiniCPM5-2B,other,2.5,missing_vp_extension,syntax,80,0.548,0.881,0.622,1.0
MiniCPM5-2B,other,2.5,missing_vp_rereplication,syntax,72,0.2923,0.707,0.4134,1.0
MiniCPM5-2B,other,2.5,mk_grammaticality_study_7_20,syntax,1000,-0.0276,0.876,-0.0315,0.9998
MiniCPM5-2B,other,2.5,muraki2023_concreteness,lexical_semantics,1000,0.2023,0.829,0.244,1.0
MiniCPM5-2B,other,2.5,noisy_channel_acceptability_1_sept_2013_1,syntax,496,0.5569,0.921,0.6047,0.9999
MiniCPM5-2B,other,2.5,noisy_channel_acceptability_2_sept_2013,syntax,380,0.5644,0.965,0.5848,0.9999
MiniCPM5-2B,other,2.5,noisy_rc_norming_oct19,sentence_semantics,128,0.1254,0.838,0.1497,0.9999
MiniCPM5-2B,other,2.5,of_acceptability_2,syntax,88,0.5592,0.951,0.588,1.0
MiniCPM5-2B,other,2.5,orange_camel_sentence_naturalness_survey_nov_2010,discourse,144,0.065,0.861,0.0755,1.0
MiniCPM5-2B,other,2.5,orc_lauren_sentence_naturalness_survey_july_2012,syntax,192,0.4582,0.948,0.4833,1.0
MiniCPM5-2B,other,2.5,p_p_sentence_naturalness_survey_aug_2010,syntax,252,0.1517,0.859,0.1766,1.0
MiniCPM5-2B,other,2.5,p_p_sentence_naturalness_survey_dec_2009,syntax,324,0.1969,0.95,0.2073,1.0
MiniCPM5-2B,other,2.5,p_p_sentence_naturalness_survey_feb,syntax,614,0.2201,0.664,0.3314,1.0
MiniCPM5-2B,other,2.5,p_p_sentence_naturalness_survey_june_2013_v3,syntax,242,0.2225,0.928,0.2398,0.9999
MiniCPM5-2B,other,2.5,paris_judgments_3_dec_2012,syntax,477,0.0489,0.845,0.0578,1.0
MiniCPM5-2B,other,2.5,pascal_1_dec_2012,syntax,544,0.1557,0.066,2.3592,0.9999
MiniCPM5-2B,other,2.5,presup_survey_1_acd_july_2012,pragmatics,240,0.3865,0.83,0.4657,0.9999
MiniCPM5-2B,other,2.5,presup_survey_2_acd_july_2012,pragmatics,240,0.1984,0.665,0.2984,0.9999
MiniCPM5-2B,other,2.5,pronouns_following_verbs,pragmatics,44,-0.2598,0.706,-0.3679,0.9999
MiniCPM5-2B,other,2.5,pronouns_following_verbs_an,pragmatics,44,0.2434,0.663,0.3672,0.9999
MiniCPM5-2B,other,2.5,pronouns_following_verbs_ce,pragmatics,44,-0.1958,0.708,-0.2766,0.9998
MiniCPM5-2B,other,2.5,pronouns_following_verbs_sm,pragmatics,44,0.2758,0.443,0.6225,0.9998
MiniCPM5-2B,other,2.5,pronouns_following_verbs_so,pragmatics,44,0.0682,0.509,0.134,0.9999
MiniCPM5-2B,other,2.5,pronouns_following_verbs_ve,pragmatics,45,0.1627,0.567,0.287,0.9999
MiniCPM5-2B,other,2.5,quant_syn_april_13_2012_90_sentences_with_a_question_and_a_rating_code,syntax,184,0.7105,0.91,0.7808,0.9999
MiniCPM5-2B,other,2.5,quant_syn_april_14_2012_48_sentences_with_a_question_and_a_rating_code,syntax,168,0.3533,0.96,0.3681,0.9999
MiniCPM5-2B,other,2.5,quant_syn_april_16_2012_36_sentences_with_a_question_and_a_rating_code,syntax,126,0.476,0.965,0.4932,0.9999
MiniCPM5-2B,other,2.5,quantifier_naturalness_survey_june_4_2010,syntax,192,0.2691,0.639,0.4212,1.0
MiniCPM5-2B,other,2.5,quantitative_syntax_survey,syntax,129,0.2113,0.852,0.248,0.9999
MiniCPM5-2B,other,2.5,rating_english_sentences,syntax,240,0.7218,0.899,0.8029,0.9982
MiniCPM5-2B,other,2.5,reasoning_and_language_tasks_survey_code_talkative_pigeon,syntax,72,0.4432,0.941,0.471,1.0
MiniCPM5-2B,other,2.5,relative_clause_displacements_in_english_sentences,syntax,180,0.2071,0.501,0.4133,1.0
MiniCPM5-2B,other,2.5,relative_clause_displacements_in_english_sentences_with_fill,syntax,93,0.2574,0.846,0.3042,1.0
MiniCPM5-2B,other,2.5,replication_study_9_59,discourse,185,0.2266,0.363,0.6244,0.9999
MiniCPM5-2B,other,2.5,richard_islands_acceptability_expt_1_april_25_2013_3,syntax,144,0.2743,0.819,0.335,1.0
MiniCPM5-2B,other,2.5,richard_islands_acceptability_expt_2_april_26_2013,syntax,228,0.5494,0.92,0.5972,1.0
MiniCPM5-2B,other,2.5,richard_islands_acceptability_expt_4_april_26_2013_1,syntax,100,0.5588,0.931,0.6002,1.0
MiniCPM5-2B,other,2.5,richard_islands_acceptability_expt_5_april_27_2013_1,syntax,132,0.1931,0.619,0.3119,1.0
MiniCPM5-2B,other,2.5,richard_islands_acceptability_expt_6_april_28_2013_while_whq_decl,syntax,100,0.5878,0.965,0.6091,1.0
MiniCPM5-2B,other,2.5,russian_freezing,syntax,180,-0.0637,0.898,-0.071,0.9998
MiniCPM5-2B,other,2.5,semantics1_finalproject,sentence_semantics,96,0.7087,0.972,0.7291,0.9989
MiniCPM5-2B,other,2.5,semantics2_finalproject,sentence_semantics,96,0.5123,0.986,0.5196,0.9988
MiniCPM5-2B,other,2.5,semantics3_final_project,pragmatics,96,0.2159,0.974,0.2217,0.9996
MiniCPM5-2B,other,2.5,sentence_completions_and_islands_acceptability_expt_1_nov_13_2012,syntax,112,0.1969,0.969,0.2032,1.0
MiniCPM5-2B,other,2.5,sentence_naturalness_isac_survey_feb_2011,syntax,304,0.6002,0.836,0.7179,1.0
MiniCPM5-2B,other,2.5,sentence_naturalness_survey_acd_ratings_hackl_expt_7_oct_25_2012_1,syntax,176,0.3105,0.886,0.3505,0.9999
MiniCPM5-2B,other,2.5,sentence_naturalness_survey_acd_ratings_hackl_replic_expt_1_july_14_20,syntax,480,0.3393,0.864,0.3927,1.0
MiniCPM5-2B,other,2.5,sentence_naturalness_survey_acd_ratings_v4_july_13_2012,syntax,176,0.1962,0.748,0.2623,0.9999
MiniCPM5-2B,other,2.5,sentence_naturalness_survey_acd_v1_jan_2012,discourse,128,0.0498,0.299,0.1666,1.0
MiniCPM5-2B,other,2.5,sentence_naturalness_survey_acd_v6_oct_25_2012,discourse,128,0.035,0.602,0.0581,1.0
MiniCPM5-2B,other,2.5,sentence_naturalness_survey_denise_jan_12_2011_survey_code_pig_the_pig,syntax,200,0.8113,0.986,0.8228,0.9999
MiniCPM5-2B,other,2.5,sentence_naturalness_survey_denise_sept_8_2010_survey_code_pig_the_pig,syntax,224,0.7559,0.972,0.7777,0.9999
MiniCPM5-2B,other,2.5,sentence_naturalness_survey_feb_16_1_2012_60_items_code_shy_armadillo,syntax,120,-0.2191,0.912,-0.2402,0.9999
MiniCPM5-2B,other,2.5,sentence_naturalness_survey_for_gs_dec_2009,pragmatics,122,0.1217,0.882,0.138,0.9999
MiniCPM5-2B,other,2.5,sentence_naturalness_survey_for_gs_jan_2010,pragmatics,133,0.2613,0.906,0.2884,0.9999
MiniCPM5-2B,other,2.5,sentence_naturalness_survey_for_gs_jan_23_2010,pragmatics,216,0.278,0.942,0.2951,0.9999
MiniCPM5-2B,other,2.5,sentence_naturalness_survey_for_gs_may_11_2011_purple_puppy,pragmatics,72,0.1946,0.873,0.2229,0.9999
MiniCPM5-2B,other,2.5,sentence_naturalness_survey_for_jk_april_4_2010,discourse,96,0.0903,0.886,0.1019,1.0
MiniCPM5-2B,other,2.5,sentence_naturalness_survey_for_jk_april_4_expt_3_2010,discourse,96,0.15,0.83,0.1807,1.0
MiniCPM5-2B,other,2.5,sentence_naturalness_survey_for_jk_april_9_expt_4_2010,discourse,96,0.1877,0.831,0.2259,1.0
MiniCPM5-2B,other,2.5,sentence_naturalness_survey_for_jk_june_24_2010_v2,discourse,176,0.0943,0.787,0.1198,1.0
MiniCPM5-2B,other,2.5,sentence_naturalness_survey_for_jk_mar_2010,discourse,96,0.0243,0.88,0.0276,1.0
MiniCPM5-2B,other,2.5,sentence_naturalness_survey_for_jkm_dec_2009,discourse,128,0.0777,0.18,0.4319,1.0
MiniCPM5-2B,other,2.5,sentence_naturalness_survey_for_jkm_jan_2012,discourse,128,-0.0497,0.266,-0.1867,1.0
MiniCPM5-2B,other,2.5,sentence_naturalness_survey_for_lb_dec_2009,discourse,108,-0.0393,0.832,-0.0473,1.0
MiniCPM5-2B,other,2.5,sentence_naturalness_survey_for_lb_feb_20_2010_v2,discourse,79,0.0181,0.951,0.0191,1.0
MiniCPM5-2B,other,2.5,sentence_naturalness_survey_for_lb_jan_2011,discourse,519,0.0664,0.886,0.0749,1.0
MiniCPM5-2B,other,2.5,sentence_naturalness_survey_for_lb_jan_2011_v2,discourse,519,0.1227,0.689,0.1781,1.0
MiniCPM5-2B,other,2.5,sentence_naturalness_survey_for_lb_jan_2011_v3,discourse,519,0.0267,0.886,0.0302,1.0
MiniCPM5-2B,other,2.5,sentence_naturalness_survey_for_lb_mar_2010_2,discourse,241,0.0765,0.935,0.0818,1.0
MiniCPM5-2B,other,2.5,sentence_naturalness_survey_for_lb_mar_2010,discourse,123,0.025,0.951,0.0263,1.0
MiniCPM5-2B,other,2.5,sentence_naturalness_survey_for_lb_may_2010,discourse,148,0.1259,0.953,0.1321,1.0
MiniCPM5-2B,other,2.5,sentence_naturalness_survey_for_lb_prelim_oct_2010,discourse,402,-0.025,0.882,-0.0283,1.0
MiniCPM5-2B,other,2.5,sentence_naturalness_survey_for_rw_dec_2009,discourse,180,-0.03,0.825,-0.0363,1.0
MiniCPM5-2B,other,2.5,sentence_naturalness_survey_for_rw_jan_2010,discourse,480,0.0307,0.872,0.0352,1.0
MiniCPM5-2B,other,2.5,sentence_naturalness_survey_laura_mar_17_2012_92_items_code_lazy_cater,sentence_semantics,368,0.5658,0.883,0.6407,0.9999
MiniCPM5-2B,other,2.5,sentence_naturalness_survey_laura_mar_17_2012_96_items_code_lazy_cater,sentence_semantics,384,0.521,0.883,0.5901,0.9999
MiniCPM5-2B,other,2.5,sentence_naturalness_survey_may_4_2011_36_items_code_anxious_bat,syntax,84,0.3849,0.757,0.5084,0.9999
MiniCPM5-2B,other,2.5,sentence_naturalness_survey_nat_aug_28_2010_survey_code_downtown,syntax,270,0.5291,0.956,0.5534,0.9999
MiniCPM5-2B,other,2.5,short_acceptability_feb_6_2014,syntax,128,0.3874,0.907,0.4271,1.0
MiniCPM5-2B,other,2.5,susan_canonicity_rerunning_2,syntax,52,0.1776,0.95,0.1869,1.0
MiniCPM5-2B,other,2.5,topicalization_e1,syntax,77,0.4029,0.942,0.4277,1.0
MiniCPM5-2B,other,2.5,verb_causality_study_semantics_ratings_mk_april_2010,lexical_semantics,188,0.1771,0.972,0.1822,0.9997
MiniCPM5-2B,other,2.5,verb_causality_study_syntax_ratings_mk_april_2010,syntax,653,0.0375,0.633,0.0592,0.9999
MiniCPM5-2B,other,2.5,wm2_wm5_9_59_sentence_naturalness_survey_april_2011,syntax,219,0.2642,0.839,0.3149,1.0
MiniCPM5-2B,other,2.5,word3_b_word_naturalness_survey_may_4_2011_160_items_code_sleepy_bear,subword,158,-0.0755,0.937,-0.0806,0.9997
MiniCPM5-2B,other,2.5,word3_word_naturalness_survey_may_1_2011_45_items_code_nosy_badger,subword,45,-0.0775,0.948,-0.0818,0.9997
Ministral-8B-Instruct-2410,other,8.0,50_sentences_noisy_channel_may_25_2011,pragmatics,208,-0.0783,0.555,-0.1411,0.7868
Ministral-8B-Instruct-2410,other,8.0,50_sentences_with_2_comp_qs_plus_rating_mar_11_2011,sentence_semantics,208,0.5283,0.588,0.8984,0.8647
Ministral-8B-Instruct-2410,other,8.0,acceptability_extension_959_v5,syntax,566,0.8046,0.797,1.0096,0.9556
Ministral-8B-Instruct-2410,other,8.0,acceptability_judgments_kang,syntax,136,0.6915,0.974,0.71,0.9616
Ministral-8B-Instruct-2410,other,8.0,acceptability_replication_959,syntax,288,0.9194,0.964,0.9537,0.9612
Ministral-8B-Instruct-2410,other,8.0,acd_context_polly_1_nov_23_2012,discourse,310,0.1749,0.462,0.3786,0.932
Ministral-8B-Instruct-2410,other,8.0,acd_no_context_polly_1_nov_23_2012,syntax,213,0.6941,0.838,0.8283,0.9581
Ministral-8B-Instruct-2410,other,8.0,acd_project_also_3_nov_24_2012_2,syntax,128,0.6655,0.874,0.7614,0.9615
Ministral-8B-Instruct-2410,other,8.0,acd_project_expt_23_also_nov_16_2012,syntax,600,0.708,0.825,0.8582,0.964
Ministral-8B-Instruct-2410,other,8.0,acd_project_expt_24_same_diff_verbs_nov_16_2012,syntax,472,0.6345,0.89,0.7129,0.9639
Ministral-8B-Instruct-2410,other,8.0,acd_project_expt_31_same_diff_verbs_nov_16_2012_1,syntax,176,0.6713,0.755,0.8891,0.965
Ministral-8B-Instruct-2410,other,8.0,acd_project_expt_42_also_verbs_nov_29_2012_1,syntax,176,0.5524,0.63,0.8768,0.9615
Ministral-8B-Instruct-2410,other,8.0,acd_project_expt_44_the_same_nov_29_2012_1,syntax,140,0.5929,0.601,0.9865,0.9607
Ministral-8B-Instruct-2410,other,8.0,acd_project_expt_45_hkv_expt_2_plaus_nov_29_2012,syntax,360,0.6048,0.774,0.7814,0.9636
Ministral-8B-Instruct-2410,other,8.0,acd_project_expt_46_also_in_hkv_2_nov_29_2012_1,syntax,448,0.5106,0.56,0.9118,0.9625
Ministral-8B-Instruct-2410,other,8.0,active_passive_sentence_naturalness_survey_july_2012,syntax,132,0.7794,0.887,0.8787,0.9588
Ministral-8B-Instruct-2410,other,8.0,aixiu_coherence_en_update1,sentence_semantics,277,0.8334,0.882,0.9448,0.9603
Ministral-8B-Instruct-2410,other,8.0,alex_paunov_literal_inferences_dec_3_2011,pragmatics,299,0.3777,0.908,0.416,0.926
Ministral-8B-Instruct-2410,other,8.0,amouyal2024_plausibility,sentence_semantics,853,0.5688,0.915,0.6217,0.8994
Ministral-8B-Instruct-2410,other,8.0,animacy_passive_dative_kyle,syntax,120,0.6038,0.926,0.6521,0.9193
Ministral-8B-Instruct-2410,other,8.0,anne_abeille_acceptability_july_12_2017_1,syntax,296,0.5478,0.635,0.8627,0.9423
Ministral-8B-Instruct-2410,other,8.0,base_acceptability_0908,syntax,73,0.4165,0.931,0.4473,0.9668
Ministral-8B-Instruct-2410,other,8.0,brief_sentence_naturalness_survey_march_2011,sentence_semantics,64,0.8392,0.96,0.8742,0.9581
Ministral-8B-Instruct-2410,other,8.0,can_noncan_acceptability_0924,syntax,88,0.7013,0.966,0.726,0.9635
Ministral-8B-Instruct-2410,other,8.0,can_noncan_acceptability_2,syntax,88,0.7402,0.962,0.7694,0.9635
Ministral-8B-Instruct-2410,other,8.0,chinese_dative,discourse,96,0.5469,0.715,0.7649,0.9783
Ministral-8B-Instruct-2410,other,8.0,class_demo,syntax,44,0.4538,0.927,0.4896,0.9623
Ministral-8B-Instruct-2410,other,8.0,clefting_e3,syntax,48,0.2667,0.877,0.3041,0.9578
Ministral-8B-Instruct-2410,other,8.0,clefting_e4,syntax,48,0.3042,0.969,0.3139,0.9576
Ministral-8B-Instruct-2410,other,8.0,coherence_survey_list1_main,discourse,100,0.8385,0.95,0.8827,0.9781
Ministral-8B-Instruct-2410,other,8.0,coherence_survey_list2_main,discourse,100,0.8352,0.948,0.881,0.9782
Ministral-8B-Instruct-2410,other,8.0,coherence_survey_list3_main,discourse,100,0.8177,0.942,0.868,0.9796
Ministral-8B-Instruct-2410,other,8.0,coherence_survey_list4_main,discourse,100,0.8278,0.95,0.8714,0.9789
Ministral-8B-Instruct-2410,other,8.0,constituency_tests_2,syntax,48,0.6295,0.836,0.753,0.9589
Ministral-8B-Instruct-2410,other,8.0,constituency_tests,syntax,48,0.4691,0.654,0.7173,0.9595
Ministral-8B-Instruct-2410,other,8.0,copy_cat_polly_june_2014,discourse,102,0.5856,0.865,0.677,0.6365
Ministral-8B-Instruct-2410,other,8.0,copy_of_verb_causality_study_semantics_ratings_mk_april_2010,lexical_semantics,62,0.4871,0.83,0.5868,0.9622
Ministral-8B-Instruct-2410,other,8.0,crossed_dependencies_long,syntax,201,0.4334,0.899,0.4821,0.9694
Ministral-8B-Instruct-2410,other,8.0,cul_jack_april_12_2012_54_short_texts_with_two_comprehension_questions,syntax,210,0.6025,0.896,0.6724,0.8955
Ministral-8B-Instruct-2410,other,8.0,cul_jack_sentence_naturalness_survey_april_2010,syntax,220,0.8211,0.952,0.8624,0.9651
Ministral-8B-Instruct-2410,other,8.0,dative_alternation_extension_version_2,syntax,229,0.4946,0.456,1.0846,0.9582
Ministral-8B-Instruct-2410,other,8.0,dative_finnish,discourse,96,0.2009,0.689,0.2916,0.1741
Ministral-8B-Instruct-2410,other,8.0,dative_turkish,discourse,96,0.0764,0.734,0.1041,0.8003
Ministral-8B-Instruct-2410,other,8.0,dentella2023_grammaticality,syntax,80,0.6714,0.981,0.6844,0.0013
Ministral-8B-Instruct-2410,other,8.0,depth_charge_survey,sentence_semantics,188,0.3953,0.846,0.4673,0.8814
Ministral-8B-Instruct-2410,other,8.0,depth_charge_with_noise,sentence_semantics,188,0.6131,0.854,0.7179,0.879
Ministral-8B-Instruct-2410,other,8.0,discourse_30subjs_list1,discourse,100,0.8017,0.941,0.8519,0.9781
Ministral-8B-Instruct-2410,other,8.0,discourse_30subjs_list2,discourse,100,0.8335,0.951,0.8765,0.9783
Ministral-8B-Instruct-2410,other,8.0,discourse_30subjs_list3,discourse,100,0.8445,0.947,0.8918,0.9799
Ministral-8B-Instruct-2410,other,8.0,discourse_30subjs_list4,discourse,100,0.8466,0.942,0.8987,0.9787
Ministral-8B-Instruct-2410,other,8.0,discourse_causality_list1,discourse,100,0.6812,0.935,0.7286,0.9593
Ministral-8B-Instruct-2410,other,8.0,discourse_causality_list2,discourse,100,0.7013,0.952,0.7367,0.9595
Ministral-8B-Instruct-2410,other,8.0,discourse_causality_list3,discourse,100,0.6837,0.933,0.7328,0.9613
Ministral-8B-Instruct-2410,other,8.0,discourse_causality_list4,discourse,100,0.7479,0.955,0.7832,0.9605
Ministral-8B-Instruct-2410,other,8.0,discourse_changed_0428,discourse,48,0.7709,0.953,0.8089,0.9794
Ministral-8B-Instruct-2410,other,8.0,discourse_coherence_list1,discourse,100,0.8455,0.943,0.8967,0.9654
Ministral-8B-Instruct-2410,other,8.0,discourse_coherence_list2,discourse,100,0.8335,0.936,0.8905,0.9655
Ministral-8B-Instruct-2410,other,8.0,discourse_coherence_list3,discourse,100,0.815,0.95,0.8579,0.9676
Ministral-8B-Instruct-2410,other,8.0,discourse_coherence_list4,discourse,100,0.8198,0.933,0.8787,0.9659
Ministral-8B-Instruct-2410,other,8.0,discourse_imagability_pairs_list1,sentence_semantics,100,0.512,0.917,0.5584,0.9658
Ministral-8B-Instruct-2410,other,8.0,discourse_imagability_pairs_list2,sentence_semantics,100,0.5879,0.946,0.6215,0.9663
Ministral-8B-Instruct-2410,other,8.0,discourse_imagability_singles_list1,sentence_semantics,100,0.6971,0.938,0.7432,0.979
Ministral-8B-Instruct-2410,other,8.0,discourse_imagability_singles_list2,sentence_semantics,100,0.8443,0.954,0.885,0.9792
Ministral-8B-Instruct-2410,other,8.0,discourse_imagability_singles_list3,sentence_semantics,100,0.738,0.931,0.7927,0.9781
Ministral-8B-Instruct-2410,other,8.0,discourse_imagability_singles_list4,sentence_semantics,100,0.7885,0.948,0.8317,0.9797
Ministral-8B-Instruct-2410,other,8.0,discourse_mentalizing_pairs_list1,sentence_semantics,100,0.72,0.928,0.7759,0.974
Ministral-8B-Instruct-2410,other,8.0,discourse_mentalizing_pairs_list2,sentence_semantics,100,0.6868,0.931,0.7377,0.9741
Ministral-8B-Instruct-2410,other,8.0,discourse_mentalizing_singles_list1,sentence_semantics,100,0.5947,0.935,0.6361,0.9776
Ministral-8B-Instruct-2410,other,8.0,discourse_mentalizing_singles_list2,sentence_semantics,100,0.712,0.925,0.7697,0.9764
Ministral-8B-Instruct-2410,other,8.0,discourse_mentalizing_singles_list3,sentence_semantics,100,0.5916,0.909,0.6508,0.9762
Ministral-8B-Instruct-2410,other,8.0,discourse_mentalizing_singles_list4,sentence_semantics,100,0.7658,0.952,0.8045,0.977
Ministral-8B-Instruct-2410,other,8.0,discourse_physics_pairs_list1,sentence_semantics,100,0.6917,0.957,0.7227,0.9777
Ministral-8B-Instruct-2410,other,8.0,discourse_physics_pairs_list2,sentence_semantics,100,0.7405,0.951,0.7786,0.9775
Ministral-8B-Instruct-2410,other,8.0,discourse_physics_singles_list1,sentence_semantics,100,0.8273,0.943,0.8773,0.9772
Ministral-8B-Instruct-2410,other,8.0,discourse_physics_singles_list2,sentence_semantics,100,0.7112,0.952,0.747,0.9791
Ministral-8B-Instruct-2410,other,8.0,discourse_physics_singles_list3,sentence_semantics,100,0.7961,0.941,0.846,0.9766
Ministral-8B-Instruct-2410,other,8.0,discourse_physics_singles_list4,sentence_semantics,100,0.812,0.942,0.862,0.9775
Ministral-8B-Instruct-2410,other,8.0,discourse_scenes_pairs_list1,sentence_semantics,100,0.8596,0.944,0.9106,0.9834
Ministral-8B-Instruct-2410,other,8.0,discourse_scenes_pairs_list2,sentence_semantics,100,0.865,0.95,0.9105,0.984
Ministral-8B-Instruct-2410,other,8.0,discourse_scenes_singles_list1,sentence_semantics,100,0.8774,0.944,0.9294,0.9819
Ministral-8B-Instruct-2410,other,8.0,discourse_scenes_singles_list2,sentence_semantics,100,0.8541,0.949,0.9,0.9817
Ministral-8B-Instruct-2410,other,8.0,discourse_scenes_singles_list3,sentence_semantics,100,0.872,0.966,0.9027,0.9815
Ministral-8B-Instruct-2410,other,8.0,discourse_scenes_singles_list4,sentence_semantics,100,0.8636,0.964,0.8958,0.9818
Ministral-8B-Instruct-2410,other,8.0,diveica2023_socialness,lexical_semantics,1000,0.8271,0.883,0.9367,0.8007
Ministral-8B-Instruct-2410,other,8.0,ecog_sentences_imaginability_jan_8_2014,sentence_semantics,120,0.4469,0.833,0.5365,0.9763
Ministral-8B-Instruct-2410,other,8.0,ecog_sentences_naturalness_jan_8_2014_2,sentence_semantics,120,0.3172,0.727,0.4363,0.9669
Ministral-8B-Instruct-2410,other,8.0,edwards2024_spelling_to_pronunciation_transparency,subword,1000,0.612,0.826,0.7409,0.5489
Ministral-8B-Instruct-2410,other,8.0,erp_norming_error_detection_june_2013_4,syntax,323,-0.3471,0.841,-0.4127,0.9116
Ministral-8B-Instruct-2410,other,8.0,erp_sentence_naturalness_survey_june_2013_2,syntax,483,0.811,0.922,0.8796,0.9581
Ministral-8B-Instruct-2410,other,8.0,eunice_disfluency_2_nov_17_2011,syntax,190,0.703,0.832,0.845,0.9685
Ministral-8B-Instruct-2410,other,8.0,eunice_disfluency_nov_15_2011,syntax,468,0.4465,0.807,0.5533,0.965
Ministral-8B-Instruct-2410,other,8.0,european_portuguese_rc,syntax,174,0.6772,0.84,0.8062,0.9378
Ministral-8B-Instruct-2410,other,8.0,european_portuguese_wh,syntax,174,0.6976,0.893,0.7812,0.9322
Ministral-8B-Instruct-2410,other,8.0,extension,syntax,138,0.7316,0.872,0.839,0.9608
Ministral-8B-Instruct-2410,other,8.0,gabriel_rc,syntax,174,0.6556,0.818,0.8015,0.9396
Ministral-8B-Instruct-2410,other,8.0,gabriel_wh,syntax,174,0.725,0.902,0.8037,0.9312
Ministral-8B-Instruct-2410,other,8.0,giurgea2025_motivation,lexical_semantics,1000,0.6376,0.856,0.7449,0.7363
Ministral-8B-Instruct-2410,other,8.0,huang_response_set1a,syntax,288,0.5731,0.966,0.5933,0.9365
Ministral-8B-Instruct-2410,other,8.0,huang_response_set1b,syntax,288,0.5887,0.964,0.6107,0.938
Ministral-8B-Instruct-2410,other,8.0,huang_response_set2a,syntax,288,0.7312,0.97,0.7539,0.9371
Ministral-8B-Instruct-2410,other,8.0,huang_response_set2a_declaratives,syntax,288,0.7345,0.97,0.7572,0.9333
Ministral-8B-Instruct-2410,other,8.0,huang_response_set2b,syntax,288,0.7198,0.97,0.742,0.9374
Ministral-8B-Instruct-2410,other,8.0,huang_response_set2b_declaratives,syntax,288,0.7033,0.974,0.7221,0.9333
Ministral-8B-Instruct-2410,other,8.0,imperative_control_iad_gs_may_16_2011_purple_puppy,pragmatics,96,0.4678,0.86,0.5439,0.951
Ministral-8B-Instruct-2410,other,8.0,isac_sentence_naturalness_survey_feb_2011_64_items_survey_code_giant_c,syntax,256,0.7086,0.885,0.8006,0.9364
Ministral-8B-Instruct-2410,other,8.0,islands_acceptability_expt_2_dec_2_2012,syntax,480,0.5602,0.874,0.6409,0.9636
Ministral-8B-Instruct-2410,other,8.0,italian_dative_v2,discourse,192,0.0244,0.604,0.0404,0.8828
Ministral-8B-Instruct-2410,other,8.0,italian_locative_v7,discourse,192,0.3176,0.66,0.4811,0.8723
Ministral-8B-Instruct-2410,other,8.0,lancaster2020_auditory,lexical_semantics,1000,0.2837,0.831,0.3414,0.82
Ministral-8B-Instruct-2410,other,8.0,lancaster2020_foot_leg,lexical_semantics,1000,0.4919,0.729,0.6748,0.8687
Ministral-8B-Instruct-2410,other,8.0,lancaster2020_gustatory,lexical_semantics,1000,0.3893,0.545,0.7144,0.9551
Ministral-8B-Instruct-2410,other,8.0,lancaster2020_hand_arm,lexical_semantics,1000,0.353,0.783,0.4509,0.7968
Ministral-8B-Instruct-2410,other,8.0,lancaster2020_haptic,lexical_semantics,1000,0.5162,0.808,0.6389,0.8935
Ministral-8B-Instruct-2410,other,8.0,lancaster2020_head,lexical_semantics,1000,0.4148,0.57,0.7278,0.7352
Ministral-8B-Instruct-2410,other,8.0,lancaster2020_interoceptive,lexical_semantics,1000,0.6221,0.778,0.7996,0.8072
Ministral-8B-Instruct-2410,other,8.0,lancaster2020_mouth,lexical_semantics,1000,0.3866,0.777,0.4976,0.797
Ministral-8B-Instruct-2410,other,8.0,lancaster2020_olfactory,lexical_semantics,1000,0.4494,0.622,0.7225,0.9405
Ministral-8B-Instruct-2410,other,8.0,lancaster2020_torso,lexical_semantics,1000,0.4044,0.675,0.5992,0.7599
Ministral-8B-Instruct-2410,other,8.0,lancaster2020_visual,lexical_semantics,1000,0.4761,0.767,0.6207,0.8642
Ministral-8B-Instruct-2410,other,8.0,lauren_sentence_naturalness_survey_expt3_nov_17_2011,syntax,460,0.4956,0.633,0.7829,0.9604
Ministral-8B-Instruct-2410,other,8.0,lauren_sentence_naturalness_survey_expt_2_nov_15_2011,syntax,252,0.5981,0.712,0.84,0.9574
Ministral-8B-Instruct-2410,other,8.0,lauren_sentence_naturalness_survey_oct_14_2011,syntax,360,0.5968,0.703,0.849,0.9581
Ministral-8B-Instruct-2410,other,8.0,lexical_frame_adjectives_likert_set1,syntax,384,0.7287,0.83,0.8779,0.9695
Ministral-8B-Instruct-2410,other,8.0,lexical_frame_adjectives_likert_set2,syntax,384,0.6704,0.744,0.901,0.9689
Ministral-8B-Instruct-2410,other,8.0,lexical_frame_adjectives_likert_set3,syntax,384,0.7493,0.873,0.8583,0.9691
Ministral-8B-Instruct-2410,other,8.0,locative_topicalization_survey,discourse,229,0.3639,0.777,0.4683,0.8272
Ministral-8B-Instruct-2410,other,8.0,massive_mem_arousal_mar_2013,lexical_semantics,1000,0.6448,0.883,0.7303,0.9851
Ministral-8B-Instruct-2410,other,8.0,massive_mem_arousal_mar_2013_end_2,lexical_semantics,242,0.6182,0.85,0.7272,0.9862
Ministral-8B-Instruct-2410,other,8.0,massive_mem_arousal_mar_2014,lexical_semantics,1000,0.537,0.863,0.6222,0.9622
Ministral-8B-Instruct-2410,other,8.0,massive_mem_arousal_mar_2014_end_1,lexical_semantics,242,0.5653,0.886,0.6381,0.963
Ministral-8B-Instruct-2410,other,8.0,massive_mem_concreteness_mar_2013,lexical_semantics,1000,0.7391,0.956,0.7732,0.9757
Ministral-8B-Instruct-2410,other,8.0,massive_mem_concreteness_mar_2013_end_1,lexical_semantics,242,0.8349,0.959,0.8706,0.9764
Ministral-8B-Instruct-2410,other,8.0,massive_mem_concreteness_mar_2014,lexical_semantics,1000,0.4616,0.952,0.4849,0.9386
Ministral-8B-Instruct-2410,other,8.0,massive_mem_concreteness_mar_2014_end_1,lexical_semantics,242,0.5854,0.955,0.613,0.9386
Ministral-8B-Instruct-2410,other,8.0,massive_mem_imageability_mar_2013,lexical_semantics,1000,0.6979,0.961,0.7262,0.9815
Ministral-8B-Instruct-2410,other,8.0,massive_mem_imageability_mar_2013_end_1,lexical_semantics,242,0.7646,0.963,0.794,0.9819
Ministral-8B-Instruct-2410,other,8.0,massive_mem_imageability_mar_2014,lexical_semantics,1000,0.4502,0.948,0.4749,0.9652
Ministral-8B-Instruct-2410,other,8.0,massive_mem_imageability_mar_2014_end_1,lexical_semantics,242,0.5097,0.964,0.5287,0.9653
Ministral-8B-Instruct-2410,other,8.0,massive_mem_valence_mar_2013,lexical_semantics,1000,0.6431,0.948,0.6784,0.9826
Ministral-8B-Instruct-2410,other,8.0,massive_mem_valence_mar_2013_end_1,lexical_semantics,242,0.8898,0.966,0.9211,0.9848
Ministral-8B-Instruct-2410,other,8.0,massive_mem_valence_mar_2014,lexical_semantics,1000,0.8169,0.961,0.8501,0.9683
Ministral-8B-Instruct-2410,other,8.0,massive_mem_valence_mar_2014_end_1,lexical_semantics,242,0.7888,0.959,0.8226,0.9694
Ministral-8B-Instruct-2410,other,8.0,melissa_short_naturalness_test,sentence_semantics,24,0.7628,0.968,0.788,0.9407
Ministral-8B-Instruct-2410,other,8.0,missing_vp_extension_0501_final,syntax,72,0.2837,0.741,0.3828,0.9125
Ministral-8B-Instruct-2410,other,8.0,missing_vp_extension,syntax,80,0.5019,0.881,0.5697,0.9531
Ministral-8B-Instruct-2410,other,8.0,missing_vp_rereplication,syntax,72,0.282,0.707,0.3989,0.9509
Ministral-8B-Instruct-2410,other,8.0,mk_grammaticality_study_7_20,syntax,1000,0.273,0.876,0.3116,0.9395
Ministral-8B-Instruct-2410,other,8.0,muraki2023_concreteness,lexical_semantics,1000,0.2647,0.829,0.3193,0.9571
Ministral-8B-Instruct-2410,other,8.0,noisy_channel_acceptability_1_sept_2013_1,syntax,496,0.816,0.921,0.886,0.9578
Ministral-8B-Instruct-2410,other,8.0,noisy_channel_acceptability_2_sept_2013,syntax,380,0.844,0.965,0.8746,0.9571
Ministral-8B-Instruct-2410,other,8.0,noisy_rc_norming_oct19,sentence_semantics,128,0.5617,0.838,0.6703,0.9587
Ministral-8B-Instruct-2410,other,8.0,of_acceptability_2,syntax,88,0.7202,0.951,0.7573,0.9616
Ministral-8B-Instruct-2410,other,8.0,orange_camel_sentence_naturalness_survey_nov_2010,discourse,144,0.5983,0.861,0.6949,0.9822
Ministral-8B-Instruct-2410,other,8.0,orc_lauren_sentence_naturalness_survey_july_2012,syntax,192,0.7693,0.948,0.8115,0.9585
Ministral-8B-Instruct-2410,other,8.0,p_p_sentence_naturalness_survey_aug_2010,syntax,252,0.5171,0.859,0.602,0.9707
Ministral-8B-Instruct-2410,other,8.0,p_p_sentence_naturalness_survey_dec_2009,syntax,324,0.5743,0.95,0.6045,0.9661
Ministral-8B-Instruct-2410,other,8.0,p_p_sentence_naturalness_survey_feb,syntax,614,0.4477,0.664,0.6742,0.9666
Ministral-8B-Instruct-2410,other,8.0,p_p_sentence_naturalness_survey_june_2013_v3,syntax,242,0.5368,0.928,0.5784,0.9518
Ministral-8B-Instruct-2410,other,8.0,paris_judgments_3_dec_2012,syntax,477,0.5913,0.845,0.6998,0.961
Ministral-8B-Instruct-2410,other,8.0,pascal_1_dec_2012,syntax,544,0.2268,0.066,3.4368,0.9817
Ministral-8B-Instruct-2410,other,8.0,presup_survey_1_acd_july_2012,pragmatics,240,0.5939,0.83,0.7155,0.9315
Ministral-8B-Instruct-2410,other,8.0,presup_survey_2_acd_july_2012,pragmatics,240,0.3703,0.665,0.5568,0.9434
Ministral-8B-Instruct-2410,other,8.0,pronouns_following_verbs,pragmatics,44,-0.0679,0.706,-0.0962,0.8428
Ministral-8B-Instruct-2410,other,8.0,pronouns_following_verbs_an,pragmatics,44,0.3283,0.663,0.4952,0.7976
Ministral-8B-Instruct-2410,other,8.0,pronouns_following_verbs_ce,pragmatics,44,0.0195,0.708,0.0275,0.842
Ministral-8B-Instruct-2410,other,8.0,pronouns_following_verbs_sm,pragmatics,44,0.1299,0.443,0.2933,0.7975
Ministral-8B-Instruct-2410,other,8.0,pronouns_following_verbs_so,pragmatics,44,0.2537,0.509,0.4984,0.7975
Ministral-8B-Instruct-2410,other,8.0,pronouns_following_verbs_ve,pragmatics,45,-0.2691,0.567,-0.4746,0.83
Ministral-8B-Instruct-2410,other,8.0,quant_syn_april_13_2012_90_sentences_with_a_question_and_a_rating_code,syntax,184,0.7907,0.91,0.8689,0.9404
Ministral-8B-Instruct-2410,other,8.0,quant_syn_april_14_2012_48_sentences_with_a_question_and_a_rating_code,syntax,168,0.5927,0.96,0.6174,0.9411
Ministral-8B-Instruct-2410,other,8.0,quant_syn_april_16_2012_36_sentences_with_a_question_and_a_rating_code,syntax,126,0.6696,0.965,0.6939,0.9416
Ministral-8B-Instruct-2410,other,8.0,quantifier_naturalness_survey_june_4_2010,syntax,192,0.5582,0.639,0.8735,0.9642
Ministral-8B-Instruct-2410,other,8.0,quantitative_syntax_survey,syntax,129,0.4641,0.852,0.5447,0.9783
Ministral-8B-Instruct-2410,other,8.0,rating_english_sentences,syntax,240,0.8078,0.899,0.8985,0.9457
Ministral-8B-Instruct-2410,other,8.0,reasoning_and_language_tasks_survey_code_talkative_pigeon,syntax,72,0.653,0.941,0.6939,0.9299
Ministral-8B-Instruct-2410,other,8.0,relative_clause_displacements_in_english_sentences,syntax,180,0.5013,0.501,1.0007,0.9257
Ministral-8B-Instruct-2410,other,8.0,relative_clause_displacements_in_english_sentences_with_fill,syntax,93,0.5494,0.846,0.6494,0.9263
Ministral-8B-Instruct-2410,other,8.0,replication_study_9_59,discourse,185,0.4713,0.363,1.2983,0.9421
Ministral-8B-Instruct-2410,other,8.0,richard_islands_acceptability_expt_1_april_25_2013_3,syntax,144,0.6204,0.819,0.7575,0.9662
Ministral-8B-Instruct-2410,other,8.0,richard_islands_acceptability_expt_2_april_26_2013,syntax,228,0.8306,0.92,0.9028,0.9671
Ministral-8B-Instruct-2410,other,8.0,richard_islands_acceptability_expt_4_april_26_2013_1,syntax,100,0.8417,0.931,0.9041,0.9664
Ministral-8B-Instruct-2410,other,8.0,richard_islands_acceptability_expt_5_april_27_2013_1,syntax,132,0.5213,0.619,0.8422,0.9651
Ministral-8B-Instruct-2410,other,8.0,richard_islands_acceptability_expt_6_april_28_2013_while_whq_decl,syntax,100,0.8777,0.965,0.9095,0.9659
Ministral-8B-Instruct-2410,other,8.0,russian_freezing,syntax,180,0.7102,0.898,0.7909,0.9742
Ministral-8B-Instruct-2410,other,8.0,semantics1_finalproject,sentence_semantics,96,0.8766,0.972,0.9019,0.9652
Ministral-8B-Instruct-2410,other,8.0,semantics2_finalproject,sentence_semantics,96,0.8775,0.986,0.8899,0.9612
Ministral-8B-Instruct-2410,other,8.0,semantics3_final_project,pragmatics,96,0.7001,0.974,0.7188,0.9366
Ministral-8B-Instruct-2410,other,8.0,sentence_completions_and_islands_acceptability_expt_1_nov_13_2012,syntax,112,0.748,0.969,0.772,0.9637
Ministral-8B-Instruct-2410,other,8.0,sentence_naturalness_isac_survey_feb_2011,syntax,304,0.7568,0.836,0.9052,0.9639
Ministral-8B-Instruct-2410,other,8.0,sentence_naturalness_survey_acd_ratings_hackl_expt_7_oct_25_2012_1,syntax,176,0.6119,0.886,0.6906,0.9544
Ministral-8B-Instruct-2410,other,8.0,sentence_naturalness_survey_acd_ratings_hackl_replic_expt_1_july_14_20,syntax,480,0.7549,0.864,0.8737,0.9591
Ministral-8B-Instruct-2410,other,8.0,sentence_naturalness_survey_acd_ratings_v4_july_13_2012,syntax,176,0.693,0.748,0.9264,0.9545
Ministral-8B-Instruct-2410,other,8.0,sentence_naturalness_survey_acd_v1_jan_2012,discourse,128,0.1185,0.299,0.3963,0.9202
Ministral-8B-Instruct-2410,other,8.0,sentence_naturalness_survey_acd_v6_oct_25_2012,discourse,128,0.0954,0.602,0.1584,0.9188
Ministral-8B-Instruct-2410,other,8.0,sentence_naturalness_survey_denise_jan_12_2011_survey_code_pig_the_pig,syntax,200,0.7524,0.986,0.763,0.9346
Ministral-8B-Instruct-2410,other,8.0,sentence_naturalness_survey_denise_sept_8_2010_survey_code_pig_the_pig,syntax,224,0.7347,0.972,0.7559,0.9341
Ministral-8B-Instruct-2410,other,8.0,sentence_naturalness_survey_feb_16_1_2012_60_items_code_shy_armadillo,syntax,120,0.6375,0.912,0.6991,0.9386
Ministral-8B-Instruct-2410,other,8.0,sentence_naturalness_survey_for_gs_dec_2009,pragmatics,122,0.7304,0.882,0.8281,0.9528
Ministral-8B-Instruct-2410,other,8.0,sentence_naturalness_survey_for_gs_jan_2010,pragmatics,133,0.7549,0.906,0.8332,0.9508
Ministral-8B-Instruct-2410,other,8.0,sentence_naturalness_survey_for_gs_jan_23_2010,pragmatics,216,0.7312,0.942,0.7762,0.9503
Ministral-8B-Instruct-2410,other,8.0,sentence_naturalness_survey_for_gs_may_11_2011_purple_puppy,pragmatics,72,0.6731,0.873,0.7711,0.9502
Ministral-8B-Instruct-2410,other,8.0,sentence_naturalness_survey_for_jk_april_4_2010,discourse,96,0.2614,0.886,0.295,0.983
Ministral-8B-Instruct-2410,other,8.0,sentence_naturalness_survey_for_jk_april_4_expt_3_2010,discourse,96,0.3337,0.83,0.4021,0.9827
Ministral-8B-Instruct-2410,other,8.0,sentence_naturalness_survey_for_jk_april_9_expt_4_2010,discourse,96,0.2313,0.831,0.2783,0.9824
Ministral-8B-Instruct-2410,other,8.0,sentence_naturalness_survey_for_jk_june_24_2010_v2,discourse,176,0.2531,0.787,0.3217,0.9824
Ministral-8B-Instruct-2410,other,8.0,sentence_naturalness_survey_for_jk_mar_2010,discourse,96,0.0762,0.88,0.0866,0.9827
Ministral-8B-Instruct-2410,other,8.0,sentence_naturalness_survey_for_jkm_dec_2009,discourse,128,0.1297,0.18,0.7206,0.9726
Ministral-8B-Instruct-2410,other,8.0,sentence_naturalness_survey_for_jkm_jan_2012,discourse,128,0.0093,0.266,0.035,0.9219
Ministral-8B-Instruct-2410,other,8.0,sentence_naturalness_survey_for_lb_dec_2009,discourse,108,0.6938,0.832,0.834,0.9804
Ministral-8B-Instruct-2410,other,8.0,sentence_naturalness_survey_for_lb_feb_20_2010_v2,discourse,79,0.581,0.951,0.6109,0.9777
Ministral-8B-Instruct-2410,other,8.0,sentence_naturalness_survey_for_lb_jan_2011,discourse,519,0.5044,0.886,0.5693,0.9765
Ministral-8B-Instruct-2410,other,8.0,sentence_naturalness_survey_for_lb_jan_2011_v2,discourse,519,0.3781,0.689,0.5487,0.9775
Ministral-8B-Instruct-2410,other,8.0,sentence_naturalness_survey_for_lb_jan_2011_v3,discourse,519,0.5217,0.886,0.5888,0.9766
Ministral-8B-Instruct-2410,other,8.0,sentence_naturalness_survey_for_lb_mar_2010_2,discourse,241,0.6439,0.935,0.6887,0.9796
Ministral-8B-Instruct-2410,other,8.0,sentence_naturalness_survey_for_lb_mar_2010,discourse,123,0.6704,0.951,0.7049,0.9796
Ministral-8B-Instruct-2410,other,8.0,sentence_naturalness_survey_for_lb_may_2010,discourse,148,0.5488,0.953,0.5759,0.9766
Ministral-8B-Instruct-2410,other,8.0,sentence_naturalness_survey_for_lb_prelim_oct_2010,discourse,402,0.5262,0.882,0.5966,0.9765
Ministral-8B-Instruct-2410,other,8.0,sentence_naturalness_survey_for_rw_dec_2009,discourse,180,0.5464,0.825,0.6623,0.9796
Ministral-8B-Instruct-2410,other,8.0,sentence_naturalness_survey_for_rw_jan_2010,discourse,480,0.5998,0.872,0.6878,0.9794
Ministral-8B-Instruct-2410,other,8.0,sentence_naturalness_survey_laura_mar_17_2012_92_items_code_lazy_cater,sentence_semantics,368,0.7984,0.883,0.9042,0.9363
Ministral-8B-Instruct-2410,other,8.0,sentence_naturalness_survey_laura_mar_17_2012_96_items_code_lazy_cater,sentence_semantics,384,0.7845,0.883,0.8884,0.9374
Ministral-8B-Instruct-2410,other,8.0,sentence_naturalness_survey_may_4_2011_36_items_code_anxious_bat,syntax,84,0.6176,0.757,0.8159,0.9278
Ministral-8B-Instruct-2410,other,8.0,sentence_naturalness_survey_nat_aug_28_2010_survey_code_downtown,syntax,270,0.5796,0.956,0.6063,0.9298
Ministral-8B-Instruct-2410,other,8.0,short_acceptability_feb_6_2014,syntax,128,0.6009,0.907,0.6626,0.9607
Ministral-8B-Instruct-2410,other,8.0,susan_canonicity_rerunning_2,syntax,52,0.5326,0.95,0.5606,0.9601
Ministral-8B-Instruct-2410,other,8.0,topicalization_e1,syntax,77,0.8208,0.942,0.8714,0.9627
Ministral-8B-Instruct-2410,other,8.0,verb_causality_study_semantics_ratings_mk_april_2010,lexical_semantics,188,0.0293,0.972,0.0301,0.9626
Ministral-8B-Instruct-2410,other,8.0,verb_causality_study_syntax_ratings_mk_april_2010,syntax,653,0.3184,0.633,0.503,0.9462
Ministral-8B-Instruct-2410,other,8.0,wm2_wm5_9_59_sentence_naturalness_survey_april_2011,syntax,219,0.7334,0.839,0.8741,0.9624
Ministral-8B-Instruct-2410,other,8.0,word3_b_word_naturalness_survey_may_4_2011_160_items_code_sleepy_bear,subword,158,0.67,0.937,0.715,0.9314
Ministral-8B-Instruct-2410,other,8.0,word3_word_naturalness_survey_may_1_2011_45_items_code_nosy_badger,subword,45,0.6248,0.948,0.659,0.927
OLMo-2-0325-32B-Instruct,OLMo 2,32.2,50_sentences_noisy_channel_may_25_2011,pragmatics,208,0.0915,0.555,0.1648,0.9979
OLMo-2-0325-32B-Instruct,OLMo 2,32.2,50_sentences_with_2_comp_qs_plus_rating_mar_11_2011,sentence_semantics,208,0.4066,0.588,0.6915,0.9988
OLMo-2-0325-32B-Instruct,OLMo 2,32.2,acceptability_extension_959_v5,syntax,566,0.8325,0.797,1.0446,0.9969
OLMo-2-0325-32B-Instruct,OLMo 2,32.2,acceptability_judgments_kang,syntax,136,0.7748,0.974,0.7955,0.9996
OLMo-2-0325-32B-Instruct,OLMo 2,32.2,acceptability_replication_959,syntax,288,0.9431,0.964,0.9783,0.9989
OLMo-2-0325-32B-Instruct,OLMo 2,32.2,acd_context_polly_1_nov_23_2012,discourse,310,0.2769,0.462,0.5992,0.9992
OLMo-2-0325-32B-Instruct,OLMo 2,32.2,acd_no_context_polly_1_nov_23_2012,syntax,213,0.6145,0.838,0.7333,0.9995
OLMo-2-0325-32B-Instruct,OLMo 2,32.2,acd_project_also_3_nov_24_2012_2,syntax,128,0.7349,0.874,0.8408,0.9996
OLMo-2-0325-32B-Instruct,OLMo 2,32.2,acd_project_expt_23_also_nov_16_2012,syntax,600,0.7233,0.825,0.8768,0.9996
OLMo-2-0325-32B-Instruct,OLMo 2,32.2,acd_project_expt_24_same_diff_verbs_nov_16_2012,syntax,472,0.7176,0.89,0.8063,0.9996
OLMo-2-0325-32B-Instruct,OLMo 2,32.2,acd_project_expt_31_same_diff_verbs_nov_16_2012_1,syntax,176,0.7751,0.755,1.0266,0.9996
OLMo-2-0325-32B-Instruct,OLMo 2,32.2,acd_project_expt_42_also_verbs_nov_29_2012_1,syntax,176,0.5464,0.63,0.8673,0.9996
OLMo-2-0325-32B-Instruct,OLMo 2,32.2,acd_project_expt_44_the_same_nov_29_2012_1,syntax,140,0.6075,0.601,1.0108,0.9995
OLMo-2-0325-32B-Instruct,OLMo 2,32.2,acd_project_expt_45_hkv_expt_2_plaus_nov_29_2012,syntax,360,0.4575,0.774,0.5911,0.9996
OLMo-2-0325-32B-Instruct,OLMo 2,32.2,acd_project_expt_46_also_in_hkv_2_nov_29_2012_1,syntax,448,0.4105,0.56,0.7331,0.9996
OLMo-2-0325-32B-Instruct,OLMo 2,32.2,active_passive_sentence_naturalness_survey_july_2012,syntax,132,0.7428,0.887,0.8374,0.9996
OLMo-2-0325-32B-Instruct,OLMo 2,32.2,aixiu_coherence_en_update1,sentence_semantics,277,0.8496,0.882,0.9632,0.9991
OLMo-2-0325-32B-Instruct,OLMo 2,32.2,alex_paunov_literal_inferences_dec_3_2011,pragmatics,299,0.8009,0.908,0.882,0.9981
OLMo-2-0325-32B-Instruct,OLMo 2,32.2,amouyal2024_plausibility,sentence_semantics,853,0.6421,0.915,0.7018,0.9999
OLMo-2-0325-32B-Instruct,OLMo 2,32.2,animacy_passive_dative_kyle,syntax,120,0.6143,0.926,0.6634,0.9997
OLMo-2-0325-32B-Instruct,OLMo 2,32.2,anne_abeille_acceptability_july_12_2017_1,syntax,296,0.5499,0.635,0.8659,0.9998
OLMo-2-0325-32B-Instruct,OLMo 2,32.2,base_acceptability_0908,syntax,73,0.487,0.931,0.5231,0.9995
OLMo-2-0325-32B-Instruct,OLMo 2,32.2,brief_sentence_naturalness_survey_march_2011,sentence_semantics,64,0.9086,0.96,0.9464,0.9995
OLMo-2-0325-32B-Instruct,OLMo 2,32.2,can_noncan_acceptability_0924,syntax,88,0.5947,0.966,0.6156,0.9995
OLMo-2-0325-32B-Instruct,OLMo 2,32.2,can_noncan_acceptability_2,syntax,88,0.6796,0.962,0.7064,0.9995
OLMo-2-0325-32B-Instruct,OLMo 2,32.2,chinese_dative,discourse,96,0.5562,0.715,0.778,0.9992
OLMo-2-0325-32B-Instruct,OLMo 2,32.2,class_demo,syntax,44,0.6536,0.927,0.705,0.9995
OLMo-2-0325-32B-Instruct,OLMo 2,32.2,clefting_e3,syntax,48,0.6023,0.877,0.6868,0.9995
OLMo-2-0325-32B-Instruct,OLMo 2,32.2,clefting_e4,syntax,48,0.5849,0.969,0.6036,0.9995
OLMo-2-0325-32B-Instruct,OLMo 2,32.2,coherence_survey_list1_main,discourse,100,0.8828,0.95,0.9293,0.9999
OLMo-2-0325-32B-Instruct,OLMo 2,32.2,coherence_survey_list2_main,discourse,100,0.8665,0.948,0.914,0.9999
OLMo-2-0325-32B-Instruct,OLMo 2,32.2,coherence_survey_list3_main,discourse,100,0.8752,0.942,0.9291,0.9999
OLMo-2-0325-32B-Instruct,OLMo 2,32.2,coherence_survey_list4_main,discourse,100,0.8759,0.95,0.922,0.9999
OLMo-2-0325-32B-Instruct,OLMo 2,32.2,constituency_tests_2,syntax,48,0.668,0.836,0.799,0.9996
OLMo-2-0325-32B-Instruct,OLMo 2,32.2,constituency_tests,syntax,48,0.4623,0.654,0.7069,0.9997
OLMo-2-0325-32B-Instruct,OLMo 2,32.2,copy_cat_polly_june_2014,discourse,102,0.7829,0.865,0.9051,0.999
OLMo-2-0325-32B-Instruct,OLMo 2,32.2,copy_of_verb_causality_study_semantics_ratings_mk_april_2010,lexical_semantics,62,0.3949,0.83,0.4758,0.9985
OLMo-2-0325-32B-Instruct,OLMo 2,32.2,crossed_dependencies_long,syntax,201,0.4823,0.899,0.5364,0.9991
OLMo-2-0325-32B-Instruct,OLMo 2,32.2,cul_jack_april_12_2012_54_short_texts_with_two_comprehension_questions,syntax,210,0.7483,0.896,0.8352,0.9994
OLMo-2-0325-32B-Instruct,OLMo 2,32.2,cul_jack_sentence_naturalness_survey_april_2010,syntax,220,0.8324,0.952,0.8744,0.9994
OLMo-2-0325-32B-Instruct,OLMo 2,32.2,dative_alternation_extension_version_2,syntax,229,0.5549,0.456,1.2169,0.9997
OLMo-2-0325-32B-Instruct,OLMo 2,32.2,dative_finnish,discourse,96,0.5406,0.689,0.7846,0.9963
OLMo-2-0325-32B-Instruct,OLMo 2,32.2,dative_turkish,discourse,96,0.2352,0.734,0.3204,0.9993
OLMo-2-0325-32B-Instruct,OLMo 2,32.2,dentella2023_grammaticality,syntax,80,0.7781,0.981,0.7932,0.9432
OLMo-2-0325-32B-Instruct,OLMo 2,32.2,depth_charge_survey,sentence_semantics,188,0.6809,0.846,0.8049,0.999
OLMo-2-0325-32B-Instruct,OLMo 2,32.2,depth_charge_with_noise,sentence_semantics,188,0.6992,0.854,0.8188,0.9988
OLMo-2-0325-32B-Instruct,OLMo 2,32.2,discourse_30subjs_list1,discourse,100,0.8694,0.941,0.9239,0.9999
OLMo-2-0325-32B-Instruct,OLMo 2,32.2,discourse_30subjs_list2,discourse,100,0.8798,0.951,0.9252,0.9999
OLMo-2-0325-32B-Instruct,OLMo 2,32.2,discourse_30subjs_list3,discourse,100,0.897,0.947,0.9472,0.9999
OLMo-2-0325-32B-Instruct,OLMo 2,32.2,discourse_30subjs_list4,discourse,100,0.8991,0.942,0.9544,0.9999
OLMo-2-0325-32B-Instruct,OLMo 2,32.2,discourse_causality_list1,discourse,100,0.8796,0.935,0.9407,0.9999
OLMo-2-0325-32B-Instruct,OLMo 2,32.2,discourse_causality_list2,discourse,100,0.8819,0.952,0.9264,0.9999
OLMo-2-0325-32B-Instruct,OLMo 2,32.2,discourse_causality_list3,discourse,100,0.8427,0.933,0.9032,0.9999
OLMo-2-0325-32B-Instruct,OLMo 2,32.2,discourse_causality_list4,discourse,100,0.8511,0.955,0.8912,0.9999
OLMo-2-0325-32B-Instruct,OLMo 2,32.2,discourse_changed_0428,discourse,48,0.8534,0.953,0.8955,0.9999
OLMo-2-0325-32B-Instruct,OLMo 2,32.2,discourse_coherence_list1,discourse,100,0.8807,0.943,0.9339,0.9998
OLMo-2-0325-32B-Instruct,OLMo 2,32.2,discourse_coherence_list2,discourse,100,0.8643,0.936,0.9234,0.9998
OLMo-2-0325-32B-Instruct,OLMo 2,32.2,discourse_coherence_list3,discourse,100,0.8744,0.95,0.9205,0.9998
OLMo-2-0325-32B-Instruct,OLMo 2,32.2,discourse_coherence_list4,discourse,100,0.8376,0.933,0.8978,0.9998
OLMo-2-0325-32B-Instruct,OLMo 2,32.2,discourse_imagability_pairs_list1,sentence_semantics,100,0.6475,0.917,0.7061,1.0
OLMo-2-0325-32B-Instruct,OLMo 2,32.2,discourse_imagability_pairs_list2,sentence_semantics,100,0.7245,0.946,0.7658,1.0
OLMo-2-0325-32B-Instruct,OLMo 2,32.2,discourse_imagability_singles_list1,sentence_semantics,100,0.739,0.938,0.7878,1.0
OLMo-2-0325-32B-Instruct,OLMo 2,32.2,discourse_imagability_singles_list2,sentence_semantics,100,0.8836,0.954,0.9262,1.0
OLMo-2-0325-32B-Instruct,OLMo 2,32.2,discourse_imagability_singles_list3,sentence_semantics,100,0.7922,0.931,0.851,1.0
OLMo-2-0325-32B-Instruct,OLMo 2,32.2,discourse_imagability_singles_list4,sentence_semantics,100,0.7921,0.948,0.8356,1.0
OLMo-2-0325-32B-Instruct,OLMo 2,32.2,discourse_mentalizing_pairs_list1,sentence_semantics,100,0.8048,0.928,0.8673,0.9998
OLMo-2-0325-32B-Instruct,OLMo 2,32.2,discourse_mentalizing_pairs_list2,sentence_semantics,100,0.7905,0.931,0.8491,0.9998
OLMo-2-0325-32B-Instruct,OLMo 2,32.2,discourse_mentalizing_singles_list1,sentence_semantics,100,0.7886,0.935,0.8434,0.9997
OLMo-2-0325-32B-Instruct,OLMo 2,32.2,discourse_mentalizing_singles_list2,sentence_semantics,100,0.7779,0.925,0.841,0.9998
OLMo-2-0325-32B-Instruct,OLMo 2,32.2,discourse_mentalizing_singles_list3,sentence_semantics,100,0.7478,0.909,0.8226,0.9998
OLMo-2-0325-32B-Instruct,OLMo 2,32.2,discourse_mentalizing_singles_list4,sentence_semantics,100,0.8515,0.952,0.8945,0.9998
OLMo-2-0325-32B-Instruct,OLMo 2,32.2,discourse_physics_pairs_list1,sentence_semantics,100,0.7604,0.957,0.7945,0.9999
OLMo-2-0325-32B-Instruct,OLMo 2,32.2,discourse_physics_pairs_list2,sentence_semantics,100,0.8319,0.951,0.8748,0.9999
OLMo-2-0325-32B-Instruct,OLMo 2,32.2,discourse_physics_singles_list1,sentence_semantics,100,0.8615,0.943,0.9136,0.9999
OLMo-2-0325-32B-Instruct,OLMo 2,32.2,discourse_physics_singles_list2,sentence_semantics,100,0.8399,0.952,0.8822,0.9998
OLMo-2-0325-32B-Instruct,OLMo 2,32.2,discourse_physics_singles_list3,sentence_semantics,100,0.8534,0.941,0.9069,0.9999
OLMo-2-0325-32B-Instruct,OLMo 2,32.2,discourse_physics_singles_list4,sentence_semantics,100,0.8886,0.942,0.9433,0.9998
OLMo-2-0325-32B-Instruct,OLMo 2,32.2,discourse_scenes_pairs_list1,sentence_semantics,100,0.9271,0.944,0.9821,0.9998
OLMo-2-0325-32B-Instruct,OLMo 2,32.2,discourse_scenes_pairs_list2,sentence_semantics,100,0.9154,0.95,0.9636,0.9998
OLMo-2-0325-32B-Instruct,OLMo 2,32.2,discourse_scenes_singles_list1,sentence_semantics,100,0.9276,0.944,0.9827,0.9995
OLMo-2-0325-32B-Instruct,OLMo 2,32.2,discourse_scenes_singles_list2,sentence_semantics,100,0.9047,0.949,0.9533,0.9995
OLMo-2-0325-32B-Instruct,OLMo 2,32.2,discourse_scenes_singles_list3,sentence_semantics,100,0.8567,0.966,0.8869,0.9997
OLMo-2-0325-32B-Instruct,OLMo 2,32.2,discourse_scenes_singles_list4,sentence_semantics,100,0.903,0.964,0.9367,0.9997
OLMo-2-0325-32B-Instruct,OLMo 2,32.2,diveica2023_socialness,lexical_semantics,1000,0.864,0.883,0.9785,0.9994
OLMo-2-0325-32B-Instruct,OLMo 2,32.2,ecog_sentences_imaginability_jan_8_2014,sentence_semantics,120,0.4641,0.833,0.5571,0.9996
OLMo-2-0325-32B-Instruct,OLMo 2,32.2,ecog_sentences_naturalness_jan_8_2014_2,sentence_semantics,120,0.5093,0.727,0.7006,0.9995
OLMo-2-0325-32B-Instruct,OLMo 2,32.2,edwards2024_spelling_to_pronunciation_transparency,subword,1000,0.6673,0.826,0.8079,0.9989
OLMo-2-0325-32B-Instruct,OLMo 2,32.2,erp_norming_error_detection_june_2013_4,syntax,323,-0.6947,0.841,-0.826,0.9985
OLMo-2-0325-32B-Instruct,OLMo 2,32.2,erp_sentence_naturalness_survey_june_2013_2,syntax,483,0.8532,0.922,0.9254,0.9994
OLMo-2-0325-32B-Instruct,OLMo 2,32.2,eunice_disfluency_2_nov_17_2011,syntax,190,0.6982,0.832,0.8392,0.9995
OLMo-2-0325-32B-Instruct,OLMo 2,32.2,eunice_disfluency_nov_15_2011,syntax,468,0.5132,0.807,0.6359,0.9995
OLMo-2-0325-32B-Instruct,OLMo 2,32.2,european_portuguese_rc,syntax,174,0.7057,0.84,0.8401,0.9991
OLMo-2-0325-32B-Instruct,OLMo 2,32.2,european_portuguese_wh,syntax,174,0.5648,0.893,0.6325,0.9981
OLMo-2-0325-32B-Instruct,OLMo 2,32.2,extension,syntax,138,0.7533,0.872,0.8639,0.999
OLMo-2-0325-32B-Instruct,OLMo 2,32.2,gabriel_rc,syntax,174,0.6866,0.818,0.8394,0.999
OLMo-2-0325-32B-Instruct,OLMo 2,32.2,gabriel_wh,syntax,174,0.5657,0.902,0.6272,0.998
OLMo-2-0325-32B-Instruct,OLMo 2,32.2,giurgea2025_motivation,lexical_semantics,1000,0.7664,0.856,0.8954,0.9994
OLMo-2-0325-32B-Instruct,OLMo 2,32.2,huang_response_set1a,syntax,288,0.5759,0.966,0.5961,0.9986
OLMo-2-0325-32B-Instruct,OLMo 2,32.2,huang_response_set1b,syntax,288,0.608,0.964,0.6307,0.9986
OLMo-2-0325-32B-Instruct,OLMo 2,32.2,huang_response_set2a,syntax,288,0.7617,0.97,0.7853,0.9987
OLMo-2-0325-32B-Instruct,OLMo 2,32.2,huang_response_set2a_declaratives,syntax,288,0.8219,0.97,0.8473,0.9987
OLMo-2-0325-32B-Instruct,OLMo 2,32.2,huang_response_set2b,syntax,288,0.7716,0.97,0.7955,0.9987
OLMo-2-0325-32B-Instruct,OLMo 2,32.2,huang_response_set2b_declaratives,syntax,288,0.808,0.974,0.8296,0.9987
OLMo-2-0325-32B-Instruct,OLMo 2,32.2,imperative_control_iad_gs_may_16_2011_purple_puppy,pragmatics,96,0.563,0.86,0.6547,0.9996
OLMo-2-0325-32B-Instruct,OLMo 2,32.2,isac_sentence_naturalness_survey_feb_2011_64_items_survey_code_giant_c,syntax,256,0.7645,0.885,0.8638,0.9996
OLMo-2-0325-32B-Instruct,OLMo 2,32.2,islands_acceptability_expt_2_dec_2_2012,syntax,480,0.7927,0.874,0.907,0.9996
OLMo-2-0325-32B-Instruct,OLMo 2,32.2,italian_dative_v2,discourse,192,0.3212,0.604,0.5318,0.9768
OLMo-2-0325-32B-Instruct,OLMo 2,32.2,italian_locative_v7,discourse,192,0.389,0.66,0.5895,0.9778
OLMo-2-0325-32B-Instruct,OLMo 2,32.2,lancaster2020_auditory,lexical_semantics,1000,0.4022,0.831,0.484,0.994
OLMo-2-0325-32B-Instruct,OLMo 2,32.2,lancaster2020_foot_leg,lexical_semantics,1000,0.473,0.729,0.6488,0.9931
OLMo-2-0325-32B-Instruct,OLMo 2,32.2,lancaster2020_gustatory,lexical_semantics,1000,0.2897,0.545,0.5316,0.9912
OLMo-2-0325-32B-Instruct,OLMo 2,32.2,lancaster2020_hand_arm,lexical_semantics,1000,0.3292,0.783,0.4205,0.9956
OLMo-2-0325-32B-Instruct,OLMo 2,32.2,lancaster2020_haptic,lexical_semantics,1000,0.4409,0.808,0.5456,0.9914
OLMo-2-0325-32B-Instruct,OLMo 2,32.2,lancaster2020_head,lexical_semantics,1000,0.4395,0.57,0.771,0.9931
OLMo-2-0325-32B-Instruct,OLMo 2,32.2,lancaster2020_interoceptive,lexical_semantics,1000,0.5795,0.778,0.7449,0.9917
OLMo-2-0325-32B-Instruct,OLMo 2,32.2,lancaster2020_mouth,lexical_semantics,1000,0.5088,0.777,0.6548,0.9907
OLMo-2-0325-32B-Instruct,OLMo 2,32.2,lancaster2020_olfactory,lexical_semantics,1000,0.3772,0.622,0.6064,0.9943
OLMo-2-0325-32B-Instruct,OLMo 2,32.2,lancaster2020_torso,lexical_semantics,1000,0.31,0.675,0.4593,0.994
OLMo-2-0325-32B-Instruct,OLMo 2,32.2,lancaster2020_visual,lexical_semantics,1000,0.4896,0.767,0.6384,0.993
OLMo-2-0325-32B-Instruct,OLMo 2,32.2,lauren_sentence_naturalness_survey_expt3_nov_17_2011,syntax,460,0.5897,0.633,0.9315,0.9996
OLMo-2-0325-32B-Instruct,OLMo 2,32.2,lauren_sentence_naturalness_survey_expt_2_nov_15_2011,syntax,252,0.6751,0.712,0.9482,0.9997
OLMo-2-0325-32B-Instruct,OLMo 2,32.2,lauren_sentence_naturalness_survey_oct_14_2011,syntax,360,0.6773,0.703,0.9634,0.9996
OLMo-2-0325-32B-Instruct,OLMo 2,32.2,lexical_frame_adjectives_likert_set1,syntax,384,0.6623,0.83,0.7979,0.9995
OLMo-2-0325-32B-Instruct,OLMo 2,32.2,lexical_frame_adjectives_likert_set2,syntax,384,0.5807,0.744,0.7806,0.9995
OLMo-2-0325-32B-Instruct,OLMo 2,32.2,lexical_frame_adjectives_likert_set3,syntax,384,0.606,0.873,0.6942,0.9995
OLMo-2-0325-32B-Instruct,OLMo 2,32.2,locative_topicalization_survey,discourse,229,0.7168,0.777,0.9225,0.9998
OLMo-2-0325-32B-Instruct,OLMo 2,32.2,massive_mem_arousal_mar_2013,lexical_semantics,1000,0.606,0.883,0.6863,0.9998
OLMo-2-0325-32B-Instruct,OLMo 2,32.2,massive_mem_arousal_mar_2013_end_2,lexical_semantics,242,0.6307,0.85,0.742,0.9998
OLMo-2-0325-32B-Instruct,OLMo 2,32.2,massive_mem_arousal_mar_2014,lexical_semantics,1000,0.6897,0.863,0.7992,0.9995
OLMo-2-0325-32B-Instruct,OLMo 2,32.2,massive_mem_arousal_mar_2014_end_1,lexical_semantics,242,0.6315,0.886,0.7128,0.9996
OLMo-2-0325-32B-Instruct,OLMo 2,32.2,massive_mem_concreteness_mar_2013,lexical_semantics,1000,0.3394,0.956,0.355,0.9996
OLMo-2-0325-32B-Instruct,OLMo 2,32.2,massive_mem_concreteness_mar_2013_end_1,lexical_semantics,242,0.7889,0.959,0.8227,0.9997
OLMo-2-0325-32B-Instruct,OLMo 2,32.2,massive_mem_concreteness_mar_2014,lexical_semantics,1000,0.6723,0.952,0.7062,0.9992
OLMo-2-0325-32B-Instruct,OLMo 2,32.2,massive_mem_concreteness_mar_2014_end_1,lexical_semantics,242,0.6777,0.955,0.7097,0.9992
OLMo-2-0325-32B-Instruct,OLMo 2,32.2,massive_mem_imageability_mar_2013,lexical_semantics,1000,0.5564,0.961,0.579,0.9992
OLMo-2-0325-32B-Instruct,OLMo 2,32.2,massive_mem_imageability_mar_2013_end_1,lexical_semantics,242,0.758,0.963,0.7871,0.9993
OLMo-2-0325-32B-Instruct,OLMo 2,32.2,massive_mem_imageability_mar_2014,lexical_semantics,1000,0.6438,0.948,0.6791,0.9989
OLMo-2-0325-32B-Instruct,OLMo 2,32.2,massive_mem_imageability_mar_2014_end_1,lexical_semantics,242,0.6661,0.964,0.691,0.9988
OLMo-2-0325-32B-Instruct,OLMo 2,32.2,massive_mem_valence_mar_2013,lexical_semantics,1000,0.6445,0.948,0.6798,0.9996
OLMo-2-0325-32B-Instruct,OLMo 2,32.2,massive_mem_valence_mar_2013_end_1,lexical_semantics,242,0.8685,0.966,0.8991,0.9996
OLMo-2-0325-32B-Instruct,OLMo 2,32.2,massive_mem_valence_mar_2014,lexical_semantics,1000,0.8718,0.961,0.9072,0.9992
OLMo-2-0325-32B-Instruct,OLMo 2,32.2,massive_mem_valence_mar_2014_end_1,lexical_semantics,242,0.8835,0.959,0.9213,0.9993
OLMo-2-0325-32B-Instruct,OLMo 2,32.2,melissa_short_naturalness_test,sentence_semantics,24,0.9424,0.968,0.9735,0.9994
OLMo-2-0325-32B-Instruct,OLMo 2,32.2,missing_vp_extension_0501_final,syntax,72,0.516,0.741,0.6964,0.9999
OLMo-2-0325-32B-Instruct,OLMo 2,32.2,missing_vp_extension,syntax,80,0.4275,0.881,0.4853,0.9999
OLMo-2-0325-32B-Instruct,OLMo 2,32.2,missing_vp_rereplication,syntax,72,0.5291,0.707,0.7483,0.9999
OLMo-2-0325-32B-Instruct,OLMo 2,32.2,mk_grammaticality_study_7_20,syntax,1000,0.3925,0.876,0.448,0.9991
OLMo-2-0325-32B-Instruct,OLMo 2,32.2,muraki2023_concreteness,lexical_semantics,1000,0.4989,0.829,0.6018,0.9993
OLMo-2-0325-32B-Instruct,OLMo 2,32.2,noisy_channel_acceptability_1_sept_2013_1,syntax,496,0.834,0.921,0.9056,0.9994
OLMo-2-0325-32B-Instruct,OLMo 2,32.2,noisy_channel_acceptability_2_sept_2013,syntax,380,0.8656,0.965,0.897,0.9995
OLMo-2-0325-32B-Instruct,OLMo 2,32.2,noisy_rc_norming_oct19,sentence_semantics,128,0.6712,0.838,0.801,0.9994
OLMo-2-0325-32B-Instruct,OLMo 2,32.2,of_acceptability_2,syntax,88,0.5751,0.951,0.6047,0.9995
OLMo-2-0325-32B-Instruct,OLMo 2,32.2,orange_camel_sentence_naturalness_survey_nov_2010,discourse,144,0.6964,0.861,0.8088,0.999
OLMo-2-0325-32B-Instruct,OLMo 2,32.2,orc_lauren_sentence_naturalness_survey_july_2012,syntax,192,0.8444,0.948,0.8907,0.9996
OLMo-2-0325-32B-Instruct,OLMo 2,32.2,p_p_sentence_naturalness_survey_aug_2010,syntax,252,0.5068,0.859,0.5899,0.9996
OLMo-2-0325-32B-Instruct,OLMo 2,32.2,p_p_sentence_naturalness_survey_dec_2009,syntax,324,0.6573,0.95,0.6919,0.9996
OLMo-2-0325-32B-Instruct,OLMo 2,32.2,p_p_sentence_naturalness_survey_feb,syntax,614,0.4833,0.664,0.7279,0.9997
OLMo-2-0325-32B-Instruct,OLMo 2,32.2,p_p_sentence_naturalness_survey_june_2013_v3,syntax,242,0.6095,0.928,0.6568,0.9996
OLMo-2-0325-32B-Instruct,OLMo 2,32.2,paris_judgments_3_dec_2012,syntax,477,0.5912,0.845,0.6997,0.9995
OLMo-2-0325-32B-Instruct,OLMo 2,32.2,pascal_1_dec_2012,syntax,544,0.2267,0.066,3.4351,0.9968
OLMo-2-0325-32B-Instruct,OLMo 2,32.2,presup_survey_1_acd_july_2012,pragmatics,240,0.818,0.83,0.9855,0.9993
OLMo-2-0325-32B-Instruct,OLMo 2,32.2,presup_survey_2_acd_july_2012,pragmatics,240,0.4092,0.665,0.6153,0.9995
OLMo-2-0325-32B-Instruct,OLMo 2,32.2,pronouns_following_verbs,pragmatics,44,-0.2039,0.706,-0.2889,0.9908
OLMo-2-0325-32B-Instruct,OLMo 2,32.2,pronouns_following_verbs_an,pragmatics,44,0.0959,0.663,0.1446,0.9815
OLMo-2-0325-32B-Instruct,OLMo 2,32.2,pronouns_following_verbs_ce,pragmatics,44,-0.1447,0.708,-0.2044,0.9917
OLMo-2-0325-32B-Instruct,OLMo 2,32.2,pronouns_following_verbs_sm,pragmatics,44,0.2676,0.443,0.604,0.9724
OLMo-2-0325-32B-Instruct,OLMo 2,32.2,pronouns_following_verbs_so,pragmatics,44,0.0542,0.509,0.1065,0.9799
OLMo-2-0325-32B-Instruct,OLMo 2,32.2,pronouns_following_verbs_ve,pragmatics,45,-0.1673,0.567,-0.2951,0.988
OLMo-2-0325-32B-Instruct,OLMo 2,32.2,quant_syn_april_13_2012_90_sentences_with_a_question_and_a_rating_code,syntax,184,0.7674,0.91,0.8432,0.9996
OLMo-2-0325-32B-Instruct,OLMo 2,32.2,quant_syn_april_14_2012_48_sentences_with_a_question_and_a_rating_code,syntax,168,0.8011,0.96,0.8344,0.9996
OLMo-2-0325-32B-Instruct,OLMo 2,32.2,quant_syn_april_16_2012_36_sentences_with_a_question_and_a_rating_code,syntax,126,0.839,0.965,0.8694,0.9996
OLMo-2-0325-32B-Instruct,OLMo 2,32.2,quantifier_naturalness_survey_june_4_2010,syntax,192,0.5114,0.639,0.8003,0.9995
OLMo-2-0325-32B-Instruct,OLMo 2,32.2,quantitative_syntax_survey,syntax,129,0.6922,0.852,0.8125,0.9993
OLMo-2-0325-32B-Instruct,OLMo 2,32.2,rating_english_sentences,syntax,240,0.851,0.899,0.9466,0.9996
OLMo-2-0325-32B-Instruct,OLMo 2,32.2,reasoning_and_language_tasks_survey_code_talkative_pigeon,syntax,72,0.6561,0.941,0.6973,0.9998
OLMo-2-0325-32B-Instruct,OLMo 2,32.2,relative_clause_displacements_in_english_sentences,syntax,180,0.5881,0.501,1.1739,0.9988
OLMo-2-0325-32B-Instruct,OLMo 2,32.2,relative_clause_displacements_in_english_sentences_with_fill,syntax,93,0.606,0.846,0.7164,0.9989
OLMo-2-0325-32B-Instruct,OLMo 2,32.2,replication_study_9_59,discourse,185,0.5661,0.363,1.5595,0.9997
OLMo-2-0325-32B-Instruct,OLMo 2,32.2,richard_islands_acceptability_expt_1_april_25_2013_3,syntax,144,0.6773,0.819,0.8269,0.9995
OLMo-2-0325-32B-Instruct,OLMo 2,32.2,richard_islands_acceptability_expt_2_april_26_2013,syntax,228,0.8993,0.92,0.9775,0.9995
OLMo-2-0325-32B-Instruct,OLMo 2,32.2,richard_islands_acceptability_expt_4_april_26_2013_1,syntax,100,0.8919,0.931,0.958,0.9995
OLMo-2-0325-32B-Instruct,OLMo 2,32.2,richard_islands_acceptability_expt_5_april_27_2013_1,syntax,132,0.5216,0.619,0.8427,0.9996
OLMo-2-0325-32B-Instruct,OLMo 2,32.2,richard_islands_acceptability_expt_6_april_28_2013_while_whq_decl,syntax,100,0.8818,0.965,0.9138,0.9996
OLMo-2-0325-32B-Instruct,OLMo 2,32.2,russian_freezing,syntax,180,0.5095,0.898,0.5674,0.9846
OLMo-2-0325-32B-Instruct,OLMo 2,32.2,semantics1_finalproject,sentence_semantics,96,0.9216,0.972,0.9481,0.9994
OLMo-2-0325-32B-Instruct,OLMo 2,32.2,semantics2_finalproject,sentence_semantics,96,0.8704,0.986,0.8828,0.9993
OLMo-2-0325-32B-Instruct,OLMo 2,32.2,semantics3_final_project,pragmatics,96,0.7833,0.974,0.8043,0.998
OLMo-2-0325-32B-Instruct,OLMo 2,32.2,sentence_completions_and_islands_acceptability_expt_1_nov_13_2012,syntax,112,0.8409,0.969,0.8678,0.9997
OLMo-2-0325-32B-Instruct,OLMo 2,32.2,sentence_naturalness_isac_survey_feb_2011,syntax,304,0.8117,0.836,0.9709,0.9996
OLMo-2-0325-32B-Instruct,OLMo 2,32.2,sentence_naturalness_survey_acd_ratings_hackl_expt_7_oct_25_2012_1,syntax,176,0.6612,0.886,0.7463,0.9995
OLMo-2-0325-32B-Instruct,OLMo 2,32.2,sentence_naturalness_survey_acd_ratings_hackl_replic_expt_1_july_14_20,syntax,480,0.7051,0.864,0.8161,0.9996
OLMo-2-0325-32B-Instruct,OLMo 2,32.2,sentence_naturalness_survey_acd_ratings_v4_july_13_2012,syntax,176,0.6521,0.748,0.8718,0.9995
OLMo-2-0325-32B-Instruct,OLMo 2,32.2,sentence_naturalness_survey_acd_v1_jan_2012,discourse,128,0.2343,0.299,0.7837,0.9992
OLMo-2-0325-32B-Instruct,OLMo 2,32.2,sentence_naturalness_survey_acd_v6_oct_25_2012,discourse,128,0.1797,0.602,0.2986,0.9993
OLMo-2-0325-32B-Instruct,OLMo 2,32.2,sentence_naturalness_survey_denise_jan_12_2011_survey_code_pig_the_pig,syntax,200,0.92,0.986,0.933,0.9996
OLMo-2-0325-32B-Instruct,OLMo 2,32.2,sentence_naturalness_survey_denise_sept_8_2010_survey_code_pig_the_pig,syntax,224,0.8744,0.972,0.8995,0.9996
OLMo-2-0325-32B-Instruct,OLMo 2,32.2,sentence_naturalness_survey_feb_16_1_2012_60_items_code_shy_armadillo,syntax,120,0.741,0.912,0.8124,0.9997
OLMo-2-0325-32B-Instruct,OLMo 2,32.2,sentence_naturalness_survey_for_gs_dec_2009,pragmatics,122,0.7541,0.882,0.855,0.9995
OLMo-2-0325-32B-Instruct,OLMo 2,32.2,sentence_naturalness_survey_for_gs_jan_2010,pragmatics,133,0.8147,0.906,0.8993,0.9996
OLMo-2-0325-32B-Instruct,OLMo 2,32.2,sentence_naturalness_survey_for_gs_jan_23_2010,pragmatics,216,0.7796,0.942,0.8276,0.9996
OLMo-2-0325-32B-Instruct,OLMo 2,32.2,sentence_naturalness_survey_for_gs_may_11_2011_purple_puppy,pragmatics,72,0.6912,0.873,0.7917,0.9996
OLMo-2-0325-32B-Instruct,OLMo 2,32.2,sentence_naturalness_survey_for_jk_april_4_2010,discourse,96,0.5248,0.886,0.5924,0.9994
OLMo-2-0325-32B-Instruct,OLMo 2,32.2,sentence_naturalness_survey_for_jk_april_4_expt_3_2010,discourse,96,0.4015,0.83,0.4837,0.9994
OLMo-2-0325-32B-Instruct,OLMo 2,32.2,sentence_naturalness_survey_for_jk_april_9_expt_4_2010,discourse,96,0.3059,0.831,0.3681,0.9994
OLMo-2-0325-32B-Instruct,OLMo 2,32.2,sentence_naturalness_survey_for_jk_june_24_2010_v2,discourse,176,0.545,0.787,0.6925,0.9994
OLMo-2-0325-32B-Instruct,OLMo 2,32.2,sentence_naturalness_survey_for_jk_mar_2010,discourse,96,0.4508,0.88,0.5123,0.9994
OLMo-2-0325-32B-Instruct,OLMo 2,32.2,sentence_naturalness_survey_for_jkm_dec_2009,discourse,128,0.0821,0.18,0.4561,0.9995
OLMo-2-0325-32B-Instruct,OLMo 2,32.2,sentence_naturalness_survey_for_jkm_jan_2012,discourse,128,0.0788,0.266,0.2963,0.9992
OLMo-2-0325-32B-Instruct,OLMo 2,32.2,sentence_naturalness_survey_for_lb_dec_2009,discourse,108,0.5643,0.832,0.6783,0.9995
OLMo-2-0325-32B-Instruct,OLMo 2,32.2,sentence_naturalness_survey_for_lb_feb_20_2010_v2,discourse,79,0.7792,0.951,0.8193,0.9994
OLMo-2-0325-32B-Instruct,OLMo 2,32.2,sentence_naturalness_survey_for_lb_jan_2011,discourse,519,0.5717,0.886,0.6453,0.9995
OLMo-2-0325-32B-Instruct,OLMo 2,32.2,sentence_naturalness_survey_for_lb_jan_2011_v2,discourse,519,0.4415,0.689,0.6408,0.9995
OLMo-2-0325-32B-Instruct,OLMo 2,32.2,sentence_naturalness_survey_for_lb_jan_2011_v3,discourse,519,0.5429,0.886,0.6128,0.9995
OLMo-2-0325-32B-Instruct,OLMo 2,32.2,sentence_naturalness_survey_for_lb_mar_2010_2,discourse,241,0.5447,0.935,0.5826,0.9995
OLMo-2-0325-32B-Instruct,OLMo 2,32.2,sentence_naturalness_survey_for_lb_mar_2010,discourse,123,0.6278,0.951,0.6601,0.9995
OLMo-2-0325-32B-Instruct,OLMo 2,32.2,sentence_naturalness_survey_for_lb_may_2010,discourse,148,0.6915,0.953,0.7256,0.9995
OLMo-2-0325-32B-Instruct,OLMo 2,32.2,sentence_naturalness_survey_for_lb_prelim_oct_2010,discourse,402,0.5565,0.882,0.631,0.9995
OLMo-2-0325-32B-Instruct,OLMo 2,32.2,sentence_naturalness_survey_for_rw_dec_2009,discourse,180,0.7277,0.825,0.882,0.9995
OLMo-2-0325-32B-Instruct,OLMo 2,32.2,sentence_naturalness_survey_for_rw_jan_2010,discourse,480,0.6112,0.872,0.7009,0.9994
OLMo-2-0325-32B-Instruct,OLMo 2,32.2,sentence_naturalness_survey_laura_mar_17_2012_92_items_code_lazy_cater,sentence_semantics,368,0.817,0.883,0.9253,0.9995
OLMo-2-0325-32B-Instruct,OLMo 2,32.2,sentence_naturalness_survey_laura_mar_17_2012_96_items_code_lazy_cater,sentence_semantics,384,0.8059,0.883,0.9127,0.9995
OLMo-2-0325-32B-Instruct,OLMo 2,32.2,sentence_naturalness_survey_may_4_2011_36_items_code_anxious_bat,syntax,84,0.7006,0.757,0.9256,0.9996
OLMo-2-0325-32B-Instruct,OLMo 2,32.2,sentence_naturalness_survey_nat_aug_28_2010_survey_code_downtown,syntax,270,0.7359,0.956,0.7697,0.9997
OLMo-2-0325-32B-Instruct,OLMo 2,32.2,short_acceptability_feb_6_2014,syntax,128,0.676,0.907,0.7453,0.9994
OLMo-2-0325-32B-Instruct,OLMo 2,32.2,susan_canonicity_rerunning_2,syntax,52,0.7682,0.95,0.8086,0.9995
OLMo-2-0325-32B-Instruct,OLMo 2,32.2,topicalization_e1,syntax,77,0.8219,0.942,0.8725,0.9996
OLMo-2-0325-32B-Instruct,OLMo 2,32.2,verb_causality_study_semantics_ratings_mk_april_2010,lexical_semantics,188,0.7248,0.972,0.7457,0.9981
OLMo-2-0325-32B-Instruct,OLMo 2,32.2,verb_causality_study_syntax_ratings_mk_april_2010,syntax,653,0.3402,0.633,0.5374,0.9993
OLMo-2-0325-32B-Instruct,OLMo 2,32.2,wm2_wm5_9_59_sentence_naturalness_survey_april_2011,syntax,219,0.8269,0.839,0.9856,0.9996
OLMo-2-0325-32B-Instruct,OLMo 2,32.2,word3_b_word_naturalness_survey_may_4_2011_160_items_code_sleepy_bear,subword,158,0.7965,0.937,0.85,0.9998
OLMo-2-0325-32B-Instruct,OLMo 2,32.2,word3_word_naturalness_survey_may_1_2011_45_items_code_nosy_badger,subword,45,0.8116,0.948,0.8561,0.9998
OLMo-2-0425-1B-Instruct,OLMo 2,1.5,50_sentences_noisy_channel_may_25_2011,pragmatics,208,-0.3259,0.555,-0.5872,0.9703
OLMo-2-0425-1B-Instruct,OLMo 2,1.5,50_sentences_with_2_comp_qs_plus_rating_mar_11_2011,sentence_semantics,208,-0.0893,0.588,-0.1518,0.9866
OLMo-2-0425-1B-Instruct,OLMo 2,1.5,acceptability_extension_959_v5,syntax,566,0.3519,0.797,0.4415,0.9662
OLMo-2-0425-1B-Instruct,OLMo 2,1.5,acceptability_judgments_kang,syntax,136,0.3582,0.974,0.3678,0.9789
OLMo-2-0425-1B-Instruct,OLMo 2,1.5,acceptability_replication_959,syntax,288,0.3759,0.964,0.39,0.9637
OLMo-2-0425-1B-Instruct,OLMo 2,1.5,acd_context_polly_1_nov_23_2012,discourse,310,0.0853,0.462,0.1845,0.9794
OLMo-2-0425-1B-Instruct,OLMo 2,1.5,acd_no_context_polly_1_nov_23_2012,syntax,213,0.1281,0.838,0.1529,0.9801
OLMo-2-0425-1B-Instruct,OLMo 2,1.5,acd_project_also_3_nov_24_2012_2,syntax,128,0.184,0.874,0.2106,0.9773
OLMo-2-0425-1B-Instruct,OLMo 2,1.5,acd_project_expt_23_also_nov_16_2012,syntax,600,0.2597,0.825,0.3148,0.975
OLMo-2-0425-1B-Instruct,OLMo 2,1.5,acd_project_expt_24_same_diff_verbs_nov_16_2012,syntax,472,0.2171,0.89,0.2439,0.9751
OLMo-2-0425-1B-Instruct,OLMo 2,1.5,acd_project_expt_31_same_diff_verbs_nov_16_2012_1,syntax,176,0.175,0.755,0.2318,0.9768
OLMo-2-0425-1B-Instruct,OLMo 2,1.5,acd_project_expt_42_also_verbs_nov_29_2012_1,syntax,176,0.2372,0.63,0.3765,0.9762
OLMo-2-0425-1B-Instruct,OLMo 2,1.5,acd_project_expt_44_the_same_nov_29_2012_1,syntax,140,-0.1212,0.601,-0.2017,0.9824
OLMo-2-0425-1B-Instruct,OLMo 2,1.5,acd_project_expt_45_hkv_expt_2_plaus_nov_29_2012,syntax,360,0.1798,0.774,0.2323,0.9765
OLMo-2-0425-1B-Instruct,OLMo 2,1.5,acd_project_expt_46_also_in_hkv_2_nov_29_2012_1,syntax,448,0.1576,0.56,0.2814,0.9753
OLMo-2-0425-1B-Instruct,OLMo 2,1.5,active_passive_sentence_naturalness_survey_july_2012,syntax,132,0.5025,0.887,0.5665,0.98
OLMo-2-0425-1B-Instruct,OLMo 2,1.5,aixiu_coherence_en_update1,sentence_semantics,277,0.279,0.882,0.3163,0.9658
OLMo-2-0425-1B-Instruct,OLMo 2,1.5,alex_paunov_literal_inferences_dec_3_2011,pragmatics,299,0.212,0.908,0.2335,0.967
OLMo-2-0425-1B-Instruct,OLMo 2,1.5,amouyal2024_plausibility,sentence_semantics,853,0.3,0.915,0.3279,0.9791
OLMo-2-0425-1B-Instruct,OLMo 2,1.5,animacy_passive_dative_kyle,syntax,120,-0.0518,0.926,-0.0559,0.9881
OLMo-2-0425-1B-Instruct,OLMo 2,1.5,anne_abeille_acceptability_july_12_2017_1,syntax,296,0.1897,0.635,0.2988,0.9826
OLMo-2-0425-1B-Instruct,OLMo 2,1.5,base_acceptability_0908,syntax,73,-0.0347,0.931,-0.0373,0.9844
OLMo-2-0425-1B-Instruct,OLMo 2,1.5,brief_sentence_naturalness_survey_march_2011,sentence_semantics,64,0.0024,0.96,0.0025,0.9819
OLMo-2-0425-1B-Instruct,OLMo 2,1.5,can_noncan_acceptability_0924,syntax,88,0.5203,0.966,0.5386,0.9823
OLMo-2-0425-1B-Instruct,OLMo 2,1.5,can_noncan_acceptability_2,syntax,88,0.5396,0.962,0.5609,0.9819
OLMo-2-0425-1B-Instruct,OLMo 2,1.5,chinese_dative,discourse,96,0.2243,0.715,0.3138,0.9888
OLMo-2-0425-1B-Instruct,OLMo 2,1.5,class_demo,syntax,44,-0.2031,0.927,-0.2191,0.9839
OLMo-2-0425-1B-Instruct,OLMo 2,1.5,clefting_e3,syntax,48,0.145,0.877,0.1653,0.982
OLMo-2-0425-1B-Instruct,OLMo 2,1.5,clefting_e4,syntax,48,0.1208,0.969,0.1247,0.9818
OLMo-2-0425-1B-Instruct,OLMo 2,1.5,coherence_survey_list1_main,discourse,100,0.4382,0.95,0.4612,0.9902
OLMo-2-0425-1B-Instruct,OLMo 2,1.5,coherence_survey_list2_main,discourse,100,0.28,0.948,0.2953,0.9906
OLMo-2-0425-1B-Instruct,OLMo 2,1.5,coherence_survey_list3_main,discourse,100,0.3887,0.942,0.4127,0.9905
OLMo-2-0425-1B-Instruct,OLMo 2,1.5,coherence_survey_list4_main,discourse,100,0.2382,0.95,0.2507,0.9906
OLMo-2-0425-1B-Instruct,OLMo 2,1.5,constituency_tests_2,syntax,48,0.2361,0.836,0.2825,0.9802
OLMo-2-0425-1B-Instruct,OLMo 2,1.5,constituency_tests,syntax,48,0.2625,0.654,0.4014,0.9818
OLMo-2-0425-1B-Instruct,OLMo 2,1.5,copy_cat_polly_june_2014,discourse,102,-0.1258,0.865,-0.1455,0.9896
OLMo-2-0425-1B-Instruct,OLMo 2,1.5,copy_of_verb_causality_study_semantics_ratings_mk_april_2010,lexical_semantics,62,-0.1885,0.83,-0.2271,0.9769
OLMo-2-0425-1B-Instruct,OLMo 2,1.5,crossed_dependencies_long,syntax,201,0.2831,0.899,0.3149,0.9773
OLMo-2-0425-1B-Instruct,OLMo 2,1.5,cul_jack_april_12_2012_54_short_texts_with_two_comprehension_questions,syntax,210,0.1016,0.896,0.1133,0.9792
OLMo-2-0425-1B-Instruct,OLMo 2,1.5,cul_jack_sentence_naturalness_survey_april_2010,syntax,220,0.482,0.952,0.5063,0.9823
OLMo-2-0425-1B-Instruct,OLMo 2,1.5,dative_alternation_extension_version_2,syntax,229,0.2992,0.456,0.6562,0.9916
OLMo-2-0425-1B-Instruct,OLMo 2,1.5,dative_finnish,discourse,96,-0.3651,0.689,-0.5299,0.0595
OLMo-2-0425-1B-Instruct,OLMo 2,1.5,dative_turkish,discourse,96,-0.0241,0.734,-0.0329,0.1043
OLMo-2-0425-1B-Instruct,OLMo 2,1.5,dentella2023_grammaticality,syntax,80,0.095,0.981,0.0968,0.5908
OLMo-2-0425-1B-Instruct,OLMo 2,1.5,depth_charge_survey,sentence_semantics,188,0.1104,0.846,0.1306,0.977
OLMo-2-0425-1B-Instruct,OLMo 2,1.5,depth_charge_with_noise,sentence_semantics,188,0.3999,0.854,0.4683,0.9767
OLMo-2-0425-1B-Instruct,OLMo 2,1.5,discourse_30subjs_list1,discourse,100,0.3821,0.941,0.4061,0.9902
OLMo-2-0425-1B-Instruct,OLMo 2,1.5,discourse_30subjs_list2,discourse,100,0.3138,0.951,0.33,0.9906
OLMo-2-0425-1B-Instruct,OLMo 2,1.5,discourse_30subjs_list3,discourse,100,0.4188,0.947,0.4423,0.9905
OLMo-2-0425-1B-Instruct,OLMo 2,1.5,discourse_30subjs_list4,discourse,100,0.3433,0.942,0.3644,0.9903
OLMo-2-0425-1B-Instruct,OLMo 2,1.5,discourse_causality_list1,discourse,100,0.317,0.935,0.3391,0.9897
OLMo-2-0425-1B-Instruct,OLMo 2,1.5,discourse_causality_list2,discourse,100,0.3271,0.952,0.3436,0.9901
OLMo-2-0425-1B-Instruct,OLMo 2,1.5,discourse_causality_list3,discourse,100,0.4748,0.933,0.5089,0.9893
OLMo-2-0425-1B-Instruct,OLMo 2,1.5,discourse_causality_list4,discourse,100,0.4888,0.955,0.5118,0.9895
OLMo-2-0425-1B-Instruct,OLMo 2,1.5,discourse_changed_0428,discourse,48,0.0927,0.953,0.0972,0.99
OLMo-2-0425-1B-Instruct,OLMo 2,1.5,discourse_coherence_list1,discourse,100,0.3343,0.943,0.3545,0.9912
OLMo-2-0425-1B-Instruct,OLMo 2,1.5,discourse_coherence_list2,discourse,100,0.3235,0.936,0.3457,0.9914
OLMo-2-0425-1B-Instruct,OLMo 2,1.5,discourse_coherence_list3,discourse,100,0.5634,0.95,0.593,0.9913
OLMo-2-0425-1B-Instruct,OLMo 2,1.5,discourse_coherence_list4,discourse,100,0.5271,0.933,0.5649,0.9912
OLMo-2-0425-1B-Instruct,OLMo 2,1.5,discourse_imagability_pairs_list1,sentence_semantics,100,0.0373,0.917,0.0406,0.9894
OLMo-2-0425-1B-Instruct,OLMo 2,1.5,discourse_imagability_pairs_list2,sentence_semantics,100,0.0448,0.946,0.0473,0.9895
OLMo-2-0425-1B-Instruct,OLMo 2,1.5,discourse_imagability_singles_list1,sentence_semantics,100,0.2142,0.938,0.2284,0.9929
OLMo-2-0425-1B-Instruct,OLMo 2,1.5,discourse_imagability_singles_list2,sentence_semantics,100,0.3245,0.954,0.3402,0.9934
OLMo-2-0425-1B-Instruct,OLMo 2,1.5,discourse_imagability_singles_list3,sentence_semantics,100,0.2319,0.931,0.2491,0.993
OLMo-2-0425-1B-Instruct,OLMo 2,1.5,discourse_imagability_singles_list4,sentence_semantics,100,0.4262,0.948,0.4496,0.9934
OLMo-2-0425-1B-Instruct,OLMo 2,1.5,discourse_mentalizing_pairs_list1,sentence_semantics,100,0.2237,0.928,0.2411,0.9935
OLMo-2-0425-1B-Instruct,OLMo 2,1.5,discourse_mentalizing_pairs_list2,sentence_semantics,100,0.178,0.931,0.1912,0.9937
OLMo-2-0425-1B-Instruct,OLMo 2,1.5,discourse_mentalizing_singles_list1,sentence_semantics,100,0.3189,0.935,0.341,0.9947
OLMo-2-0425-1B-Instruct,OLMo 2,1.5,discourse_mentalizing_singles_list2,sentence_semantics,100,0.3098,0.925,0.3349,0.9947
OLMo-2-0425-1B-Instruct,OLMo 2,1.5,discourse_mentalizing_singles_list3,sentence_semantics,100,0.1803,0.909,0.1983,0.9948
OLMo-2-0425-1B-Instruct,OLMo 2,1.5,discourse_mentalizing_singles_list4,sentence_semantics,100,0.342,0.952,0.3593,0.9946
OLMo-2-0425-1B-Instruct,OLMo 2,1.5,discourse_physics_pairs_list1,sentence_semantics,100,0.2687,0.957,0.2808,0.9936
OLMo-2-0425-1B-Instruct,OLMo 2,1.5,discourse_physics_pairs_list2,sentence_semantics,100,0.082,0.951,0.0862,0.9936
OLMo-2-0425-1B-Instruct,OLMo 2,1.5,discourse_physics_singles_list1,sentence_semantics,100,0.3754,0.943,0.3981,0.9931
OLMo-2-0425-1B-Instruct,OLMo 2,1.5,discourse_physics_singles_list2,sentence_semantics,100,0.3537,0.952,0.3716,0.9931
OLMo-2-0425-1B-Instruct,OLMo 2,1.5,discourse_physics_singles_list3,sentence_semantics,100,0.2219,0.941,0.2358,0.993
OLMo-2-0425-1B-Instruct,OLMo 2,1.5,discourse_physics_singles_list4,sentence_semantics,100,0.4927,0.942,0.523,0.9932
OLMo-2-0425-1B-Instruct,OLMo 2,1.5,discourse_scenes_pairs_list1,sentence_semantics,100,0.427,0.944,0.4523,0.9937
OLMo-2-0425-1B-Instruct,OLMo 2,1.5,discourse_scenes_pairs_list2,sentence_semantics,100,0.6359,0.95,0.6694,0.994
OLMo-2-0425-1B-Instruct,OLMo 2,1.5,discourse_scenes_singles_list1,sentence_semantics,100,0.5963,0.944,0.6317,0.9945
OLMo-2-0425-1B-Instruct,OLMo 2,1.5,discourse_scenes_singles_list2,sentence_semantics,100,0.4937,0.949,0.5202,0.9946
OLMo-2-0425-1B-Instruct,OLMo 2,1.5,discourse_scenes_singles_list3,sentence_semantics,100,0.5119,0.966,0.53,0.9946
OLMo-2-0425-1B-Instruct,OLMo 2,1.5,discourse_scenes_singles_list4,sentence_semantics,100,0.6038,0.964,0.6264,0.9946
OLMo-2-0425-1B-Instruct,OLMo 2,1.5,diveica2023_socialness,lexical_semantics,1000,0.2025,0.883,0.2294,0.9741
OLMo-2-0425-1B-Instruct,OLMo 2,1.5,ecog_sentences_imaginability_jan_8_2014,sentence_semantics,120,0.0235,0.833,0.0282,0.9723
OLMo-2-0425-1B-Instruct,OLMo 2,1.5,ecog_sentences_naturalness_jan_8_2014_2,sentence_semantics,120,0.3068,0.727,0.422,0.9804
OLMo-2-0425-1B-Instruct,OLMo 2,1.5,edwards2024_spelling_to_pronunciation_transparency,subword,1000,0.3452,0.826,0.4179,0.9892
OLMo-2-0425-1B-Instruct,OLMo 2,1.5,erp_norming_error_detection_june_2013_4,syntax,323,-0.1462,0.841,-0.1738,0.9454
OLMo-2-0425-1B-Instruct,OLMo 2,1.5,erp_sentence_naturalness_survey_june_2013_2,syntax,483,0.3057,0.922,0.3315,0.9773
OLMo-2-0425-1B-Instruct,OLMo 2,1.5,eunice_disfluency_2_nov_17_2011,syntax,190,0.0465,0.832,0.0558,0.9804
OLMo-2-0425-1B-Instruct,OLMo 2,1.5,eunice_disfluency_nov_15_2011,syntax,468,0.0961,0.807,0.1191,0.9807
OLMo-2-0425-1B-Instruct,OLMo 2,1.5,european_portuguese_rc,syntax,174,-0.058,0.84,-0.069,0.271
OLMo-2-0425-1B-Instruct,OLMo 2,1.5,european_portuguese_wh,syntax,174,0.1329,0.893,0.1489,0.2423
OLMo-2-0425-1B-Instruct,OLMo 2,1.5,extension,syntax,138,0.2909,0.872,0.3336,0.9706
OLMo-2-0425-1B-Instruct,OLMo 2,1.5,gabriel_rc,syntax,174,-0.0778,0.818,-0.0951,0.2752
OLMo-2-0425-1B-Instruct,OLMo 2,1.5,gabriel_wh,syntax,174,0.2457,0.902,0.2724,0.2542
OLMo-2-0425-1B-Instruct,OLMo 2,1.5,giurgea2025_motivation,lexical_semantics,1000,0.29,0.856,0.3388,0.9748
OLMo-2-0425-1B-Instruct,OLMo 2,1.5,huang_response_set1a,syntax,288,-0.0483,0.966,-0.05,0.9626
OLMo-2-0425-1B-Instruct,OLMo 2,1.5,huang_response_set1b,syntax,288,-0.0522,0.964,-0.0542,0.9628
OLMo-2-0425-1B-Instruct,OLMo 2,1.5,huang_response_set2a,syntax,288,0.0004,0.97,0.0004,0.9624
OLMo-2-0425-1B-Instruct,OLMo 2,1.5,huang_response_set2a_declaratives,syntax,288,0.3804,0.97,0.3921,0.9666
OLMo-2-0425-1B-Instruct,OLMo 2,1.5,huang_response_set2b,syntax,288,-0.0021,0.97,-0.0022,0.9632
OLMo-2-0425-1B-Instruct,OLMo 2,1.5,huang_response_set2b_declaratives,syntax,288,0.438,0.974,0.4497,0.9654
OLMo-2-0425-1B-Instruct,OLMo 2,1.5,imperative_control_iad_gs_may_16_2011_purple_puppy,pragmatics,96,-0.0051,0.86,-0.006,0.9773
OLMo-2-0425-1B-Instruct,OLMo 2,1.5,isac_sentence_naturalness_survey_feb_2011_64_items_survey_code_giant_c,syntax,256,-0.1709,0.885,-0.1931,0.9751
OLMo-2-0425-1B-Instruct,OLMo 2,1.5,islands_acceptability_expt_2_dec_2_2012,syntax,480,0.3161,0.874,0.3617,0.9745
OLMo-2-0425-1B-Instruct,OLMo 2,1.5,italian_dative_v2,discourse,192,0.2265,0.604,0.375,0.7279
OLMo-2-0425-1B-Instruct,OLMo 2,1.5,italian_locative_v7,discourse,192,-0.0153,0.66,-0.0232,0.7598
OLMo-2-0425-1B-Instruct,OLMo 2,1.5,lancaster2020_auditory,lexical_semantics,1000,0.1227,0.831,0.1477,0.9421
OLMo-2-0425-1B-Instruct,OLMo 2,1.5,lancaster2020_foot_leg,lexical_semantics,1000,0.1317,0.729,0.1806,0.9174
OLMo-2-0425-1B-Instruct,OLMo 2,1.5,lancaster2020_gustatory,lexical_semantics,1000,0.1892,0.545,0.3472,0.9322
OLMo-2-0425-1B-Instruct,OLMo 2,1.5,lancaster2020_hand_arm,lexical_semantics,1000,0.1275,0.783,0.1629,0.9199
OLMo-2-0425-1B-Instruct,OLMo 2,1.5,lancaster2020_haptic,lexical_semantics,1000,0.1484,0.808,0.1837,0.9428
OLMo-2-0425-1B-Instruct,OLMo 2,1.5,lancaster2020_head,lexical_semantics,1000,0.0934,0.57,0.1639,0.9039
OLMo-2-0425-1B-Instruct,OLMo 2,1.5,lancaster2020_interoceptive,lexical_semantics,1000,0.1756,0.778,0.2258,0.9249
OLMo-2-0425-1B-Instruct,OLMo 2,1.5,lancaster2020_mouth,lexical_semantics,1000,0.0204,0.777,0.0263,0.8904
OLMo-2-0425-1B-Instruct,OLMo 2,1.5,lancaster2020_olfactory,lexical_semantics,1000,0.1609,0.622,0.2587,0.9439
OLMo-2-0425-1B-Instruct,OLMo 2,1.5,lancaster2020_torso,lexical_semantics,1000,0.1506,0.675,0.2231,0.9174
OLMo-2-0425-1B-Instruct,OLMo 2,1.5,lancaster2020_visual,lexical_semantics,1000,0.1293,0.767,0.1685,0.9481
OLMo-2-0425-1B-Instruct,OLMo 2,1.5,lauren_sentence_naturalness_survey_expt3_nov_17_2011,syntax,460,0.1275,0.633,0.2015,0.9718
OLMo-2-0425-1B-Instruct,OLMo 2,1.5,lauren_sentence_naturalness_survey_expt_2_nov_15_2011,syntax,252,0.1206,0.712,0.1693,0.9679
OLMo-2-0425-1B-Instruct,OLMo 2,1.5,lauren_sentence_naturalness_survey_oct_14_2011,syntax,360,0.1245,0.703,0.1771,0.9712
OLMo-2-0425-1B-Instruct,OLMo 2,1.5,lexical_frame_adjectives_likert_set1,syntax,384,0.3357,0.83,0.4045,0.9631
OLMo-2-0425-1B-Instruct,OLMo 2,1.5,lexical_frame_adjectives_likert_set2,syntax,384,0.3811,0.744,0.5123,0.963
OLMo-2-0425-1B-Instruct,OLMo 2,1.5,lexical_frame_adjectives_likert_set3,syntax,384,0.3482,0.873,0.3988,0.9626
OLMo-2-0425-1B-Instruct,OLMo 2,1.5,locative_topicalization_survey,discourse,229,0.0685,0.777,0.0882,0.9894
OLMo-2-0425-1B-Instruct,OLMo 2,1.5,massive_mem_arousal_mar_2013,lexical_semantics,1000,0.5103,0.883,0.5779,0.9844
OLMo-2-0425-1B-Instruct,OLMo 2,1.5,massive_mem_arousal_mar_2013_end_2,lexical_semantics,242,0.4777,0.85,0.562,0.9867
OLMo-2-0425-1B-Instruct,OLMo 2,1.5,massive_mem_arousal_mar_2014,lexical_semantics,1000,0.3653,0.863,0.4232,0.9788
OLMo-2-0425-1B-Instruct,OLMo 2,1.5,massive_mem_arousal_mar_2014_end_1,lexical_semantics,242,0.2543,0.886,0.2871,0.9792
OLMo-2-0425-1B-Instruct,OLMo 2,1.5,massive_mem_concreteness_mar_2013,lexical_semantics,1000,0.479,0.956,0.5011,0.9685
OLMo-2-0425-1B-Instruct,OLMo 2,1.5,massive_mem_concreteness_mar_2013_end_1,lexical_semantics,242,0.4587,0.959,0.4784,0.9733
OLMo-2-0425-1B-Instruct,OLMo 2,1.5,massive_mem_concreteness_mar_2014,lexical_semantics,1000,0.197,0.952,0.2069,0.9608
OLMo-2-0425-1B-Instruct,OLMo 2,1.5,massive_mem_concreteness_mar_2014_end_1,lexical_semantics,242,0.1737,0.955,0.1819,0.9611
OLMo-2-0425-1B-Instruct,OLMo 2,1.5,massive_mem_imageability_mar_2013,lexical_semantics,1000,0.3892,0.961,0.405,0.9721
OLMo-2-0425-1B-Instruct,OLMo 2,1.5,massive_mem_imageability_mar_2013_end_1,lexical_semantics,242,0.5277,0.963,0.548,0.9745
OLMo-2-0425-1B-Instruct,OLMo 2,1.5,massive_mem_imageability_mar_2014,lexical_semantics,1000,0.2688,0.948,0.2835,0.9684
OLMo-2-0425-1B-Instruct,OLMo 2,1.5,massive_mem_imageability_mar_2014_end_1,lexical_semantics,242,0.2955,0.964,0.3066,0.9694
OLMo-2-0425-1B-Instruct,OLMo 2,1.5,massive_mem_valence_mar_2013,lexical_semantics,1000,0.4017,0.948,0.4237,0.9862
OLMo-2-0425-1B-Instruct,OLMo 2,1.5,massive_mem_valence_mar_2013_end_1,lexical_semantics,242,0.547,0.966,0.5663,0.9882
OLMo-2-0425-1B-Instruct,OLMo 2,1.5,massive_mem_valence_mar_2014,lexical_semantics,1000,0.2655,0.961,0.2763,0.9789
OLMo-2-0425-1B-Instruct,OLMo 2,1.5,massive_mem_valence_mar_2014_end_1,lexical_semantics,242,0.3811,0.959,0.3974,0.9791
OLMo-2-0425-1B-Instruct,OLMo 2,1.5,melissa_short_naturalness_test,sentence_semantics,24,0.4276,0.968,0.4417,0.9839
OLMo-2-0425-1B-Instruct,OLMo 2,1.5,missing_vp_extension_0501_final,syntax,72,0.0618,0.741,0.0833,0.9952
OLMo-2-0425-1B-Instruct,OLMo 2,1.5,missing_vp_extension,syntax,80,0.0881,0.881,0.1,0.9933
OLMo-2-0425-1B-Instruct,OLMo 2,1.5,missing_vp_rereplication,syntax,72,-0.0649,0.707,-0.0918,0.9932
OLMo-2-0425-1B-Instruct,OLMo 2,1.5,mk_grammaticality_study_7_20,syntax,1000,-0.3527,0.876,-0.4026,0.9661
OLMo-2-0425-1B-Instruct,OLMo 2,1.5,muraki2023_concreteness,lexical_semantics,1000,-0.0719,0.829,-0.0867,0.9786
OLMo-2-0425-1B-Instruct,OLMo 2,1.5,noisy_channel_acceptability_1_sept_2013_1,syntax,496,0.2758,0.921,0.2995,0.9844
OLMo-2-0425-1B-Instruct,OLMo 2,1.5,noisy_channel_acceptability_2_sept_2013,syntax,380,0.3586,0.965,0.3716,0.9825
OLMo-2-0425-1B-Instruct,OLMo 2,1.5,noisy_rc_norming_oct19,sentence_semantics,128,0.151,0.838,0.1802,0.9862
OLMo-2-0425-1B-Instruct,OLMo 2,1.5,of_acceptability_2,syntax,88,0.4785,0.951,0.5031,0.982
OLMo-2-0425-1B-Instruct,OLMo 2,1.5,orange_camel_sentence_naturalness_survey_nov_2010,discourse,144,0.1717,0.861,0.1994,0.9744
OLMo-2-0425-1B-Instruct,OLMo 2,1.5,orc_lauren_sentence_naturalness_survey_july_2012,syntax,192,0.179,0.948,0.1889,0.9766
OLMo-2-0425-1B-Instruct,OLMo 2,1.5,p_p_sentence_naturalness_survey_aug_2010,syntax,252,0.2382,0.859,0.2772,0.9775
OLMo-2-0425-1B-Instruct,OLMo 2,1.5,p_p_sentence_naturalness_survey_dec_2009,syntax,324,-0.1357,0.95,-0.1428,0.977
OLMo-2-0425-1B-Instruct,OLMo 2,1.5,p_p_sentence_naturalness_survey_feb,syntax,614,-0.1285,0.664,-0.1935,0.977
OLMo-2-0425-1B-Instruct,OLMo 2,1.5,p_p_sentence_naturalness_survey_june_2013_v3,syntax,242,-0.1691,0.928,-0.1822,0.9643
OLMo-2-0425-1B-Instruct,OLMo 2,1.5,paris_judgments_3_dec_2012,syntax,477,0.0821,0.845,0.0971,0.9813
OLMo-2-0425-1B-Instruct,OLMo 2,1.5,pascal_1_dec_2012,syntax,544,-0.0163,0.066,-0.2471,0.8146
OLMo-2-0425-1B-Instruct,OLMo 2,1.5,presup_survey_1_acd_july_2012,pragmatics,240,0.228,0.83,0.2747,0.9816
OLMo-2-0425-1B-Instruct,OLMo 2,1.5,presup_survey_2_acd_july_2012,pragmatics,240,0.1154,0.665,0.1735,0.9839
OLMo-2-0425-1B-Instruct,OLMo 2,1.5,pronouns_following_verbs,pragmatics,44,-0.1715,0.706,-0.2429,0.8982
OLMo-2-0425-1B-Instruct,OLMo 2,1.5,pronouns_following_verbs_an,pragmatics,44,-0.1864,0.663,-0.2812,0.7619
OLMo-2-0425-1B-Instruct,OLMo 2,1.5,pronouns_following_verbs_ce,pragmatics,44,-0.1302,0.708,-0.1839,0.8758
OLMo-2-0425-1B-Instruct,OLMo 2,1.5,pronouns_following_verbs_sm,pragmatics,44,-0.0039,0.443,-0.0089,0.8602
OLMo-2-0425-1B-Instruct,OLMo 2,1.5,pronouns_following_verbs_so,pragmatics,44,-0.1611,0.509,-0.3165,0.8743
OLMo-2-0425-1B-Instruct,OLMo 2,1.5,pronouns_following_verbs_ve,pragmatics,45,-0.0771,0.567,-0.136,0.7937
OLMo-2-0425-1B-Instruct,OLMo 2,1.5,quant_syn_april_13_2012_90_sentences_with_a_question_and_a_rating_code,syntax,184,0.4592,0.91,0.5046,0.9856
OLMo-2-0425-1B-Instruct,OLMo 2,1.5,quant_syn_april_14_2012_48_sentences_with_a_question_and_a_rating_code,syntax,168,-0.0615,0.96,-0.0641,0.9847
OLMo-2-0425-1B-Instruct,OLMo 2,1.5,quant_syn_april_16_2012_36_sentences_with_a_question_and_a_rating_code,syntax,126,-0.3285,0.965,-0.3404,0.9837
OLMo-2-0425-1B-Instruct,OLMo 2,1.5,quantifier_naturalness_survey_june_4_2010,syntax,192,-0.079,0.639,-0.1236,0.9839
OLMo-2-0425-1B-Instruct,OLMo 2,1.5,quantitative_syntax_survey,syntax,129,0.0123,0.852,0.0144,0.9636
OLMo-2-0425-1B-Instruct,OLMo 2,1.5,rating_english_sentences,syntax,240,0.5744,0.899,0.639,0.9757
OLMo-2-0425-1B-Instruct,OLMo 2,1.5,reasoning_and_language_tasks_survey_code_talkative_pigeon,syntax,72,0.2929,0.941,0.3113,0.9852
OLMo-2-0425-1B-Instruct,OLMo 2,1.5,relative_clause_displacements_in_english_sentences,syntax,180,0.1617,0.501,0.3227,0.9929
OLMo-2-0425-1B-Instruct,OLMo 2,1.5,relative_clause_displacements_in_english_sentences_with_fill,syntax,93,0.0024,0.846,0.0029,0.9929
OLMo-2-0425-1B-Instruct,OLMo 2,1.5,replication_study_9_59,discourse,185,0.2453,0.363,0.6758,0.986
OLMo-2-0425-1B-Instruct,OLMo 2,1.5,richard_islands_acceptability_expt_1_april_25_2013_3,syntax,144,0.2521,0.819,0.3078,0.9732
OLMo-2-0425-1B-Instruct,OLMo 2,1.5,richard_islands_acceptability_expt_2_april_26_2013,syntax,228,0.333,0.92,0.3619,0.9746
OLMo-2-0425-1B-Instruct,OLMo 2,1.5,richard_islands_acceptability_expt_4_april_26_2013_1,syntax,100,0.3361,0.931,0.361,0.974
OLMo-2-0425-1B-Instruct,OLMo 2,1.5,richard_islands_acceptability_expt_5_april_27_2013_1,syntax,132,0.1694,0.619,0.2736,0.9714
OLMo-2-0425-1B-Instruct,OLMo 2,1.5,richard_islands_acceptability_expt_6_april_28_2013_while_whq_decl,syntax,100,0.3993,0.965,0.4137,0.9721
OLMo-2-0425-1B-Instruct,OLMo 2,1.5,russian_freezing,syntax,180,0.3162,0.898,0.3521,0.4627
OLMo-2-0425-1B-Instruct,OLMo 2,1.5,semantics1_finalproject,sentence_semantics,96,0.4894,0.972,0.5035,0.9355
OLMo-2-0425-1B-Instruct,OLMo 2,1.5,semantics2_finalproject,sentence_semantics,96,0.5785,0.986,0.5868,0.9397
OLMo-2-0425-1B-Instruct,OLMo 2,1.5,semantics3_final_project,pragmatics,96,0.1981,0.974,0.2034,0.927
OLMo-2-0425-1B-Instruct,OLMo 2,1.5,sentence_completions_and_islands_acceptability_expt_1_nov_13_2012,syntax,112,0.3978,0.969,0.4106,0.9738
OLMo-2-0425-1B-Instruct,OLMo 2,1.5,sentence_naturalness_isac_survey_feb_2011,syntax,304,0.0521,0.836,0.0623,0.9691
OLMo-2-0425-1B-Instruct,OLMo 2,1.5,sentence_naturalness_survey_acd_ratings_hackl_expt_7_oct_25_2012_1,syntax,176,0.1577,0.886,0.178,0.9731
OLMo-2-0425-1B-Instruct,OLMo 2,1.5,sentence_naturalness_survey_acd_ratings_hackl_replic_expt_1_july_14_20,syntax,480,0.228,0.864,0.2639,0.9705
OLMo-2-0425-1B-Instruct,OLMo 2,1.5,sentence_naturalness_survey_acd_ratings_v4_july_13_2012,syntax,176,-0.1473,0.748,-0.1969,0.9765
OLMo-2-0425-1B-Instruct,OLMo 2,1.5,sentence_naturalness_survey_acd_v1_jan_2012,discourse,128,-0.1011,0.299,-0.3381,0.9744
OLMo-2-0425-1B-Instruct,OLMo 2,1.5,sentence_naturalness_survey_acd_v6_oct_25_2012,discourse,128,0.0776,0.602,0.1289,0.9743
OLMo-2-0425-1B-Instruct,OLMo 2,1.5,sentence_naturalness_survey_denise_jan_12_2011_survey_code_pig_the_pig,syntax,200,-0.0628,0.986,-0.0636,0.9755
OLMo-2-0425-1B-Instruct,OLMo 2,1.5,sentence_naturalness_survey_denise_sept_8_2010_survey_code_pig_the_pig,syntax,224,-0.0629,0.972,-0.0647,0.976
OLMo-2-0425-1B-Instruct,OLMo 2,1.5,sentence_naturalness_survey_feb_16_1_2012_60_items_code_shy_armadillo,syntax,120,0.0043,0.912,0.0047,0.9877
OLMo-2-0425-1B-Instruct,OLMo 2,1.5,sentence_naturalness_survey_for_gs_dec_2009,pragmatics,122,0.419,0.882,0.475,0.984
OLMo-2-0425-1B-Instruct,OLMo 2,1.5,sentence_naturalness_survey_for_gs_jan_2010,pragmatics,133,0.5344,0.906,0.5898,0.9823
OLMo-2-0425-1B-Instruct,OLMo 2,1.5,sentence_naturalness_survey_for_gs_jan_23_2010,pragmatics,216,0.4747,0.942,0.5039,0.9827
OLMo-2-0425-1B-Instruct,OLMo 2,1.5,sentence_naturalness_survey_for_gs_may_11_2011_purple_puppy,pragmatics,72,0.3845,0.873,0.4404,0.9832
OLMo-2-0425-1B-Instruct,OLMo 2,1.5,sentence_naturalness_survey_for_jk_april_4_2010,discourse,96,-0.0894,0.886,-0.1009,0.9608
OLMo-2-0425-1B-Instruct,OLMo 2,1.5,sentence_naturalness_survey_for_jk_april_4_expt_3_2010,discourse,96,0.1048,0.83,0.1262,0.9609
OLMo-2-0425-1B-Instruct,OLMo 2,1.5,sentence_naturalness_survey_for_jk_april_9_expt_4_2010,discourse,96,-0.0265,0.831,-0.0318,0.9632
OLMo-2-0425-1B-Instruct,OLMo 2,1.5,sentence_naturalness_survey_for_jk_june_24_2010_v2,discourse,176,-0.0129,0.787,-0.0164,0.9601
OLMo-2-0425-1B-Instruct,OLMo 2,1.5,sentence_naturalness_survey_for_jk_mar_2010,discourse,96,-0.112,0.88,-0.1273,0.9612
OLMo-2-0425-1B-Instruct,OLMo 2,1.5,sentence_naturalness_survey_for_jkm_dec_2009,discourse,128,0.0827,0.18,0.4595,0.9544
OLMo-2-0425-1B-Instruct,OLMo 2,1.5,sentence_naturalness_survey_for_jkm_jan_2012,discourse,128,-0.0057,0.266,-0.0216,0.9746
OLMo-2-0425-1B-Instruct,OLMo 2,1.5,sentence_naturalness_survey_for_lb_dec_2009,discourse,108,0.4857,0.832,0.5838,0.9566
OLMo-2-0425-1B-Instruct,OLMo 2,1.5,sentence_naturalness_survey_for_lb_feb_20_2010_v2,discourse,79,0.5906,0.951,0.621,0.9565
OLMo-2-0425-1B-Instruct,OLMo 2,1.5,sentence_naturalness_survey_for_lb_jan_2011,discourse,519,0.4898,0.886,0.5529,0.9583
OLMo-2-0425-1B-Instruct,OLMo 2,1.5,sentence_naturalness_survey_for_lb_jan_2011_v2,discourse,519,0.2714,0.689,0.3939,0.9437
OLMo-2-0425-1B-Instruct,OLMo 2,1.5,sentence_naturalness_survey_for_lb_jan_2011_v3,discourse,519,0.4756,0.886,0.5368,0.9599
OLMo-2-0425-1B-Instruct,OLMo 2,1.5,sentence_naturalness_survey_for_lb_mar_2010_2,discourse,241,0.5573,0.935,0.5961,0.9565
OLMo-2-0425-1B-Instruct,OLMo 2,1.5,sentence_naturalness_survey_for_lb_mar_2010,discourse,123,0.4777,0.951,0.5024,0.9558
OLMo-2-0425-1B-Instruct,OLMo 2,1.5,sentence_naturalness_survey_for_lb_may_2010,discourse,148,0.3049,0.953,0.3199,0.9537
OLMo-2-0425-1B-Instruct,OLMo 2,1.5,sentence_naturalness_survey_for_lb_prelim_oct_2010,discourse,402,0.1524,0.882,0.1727,0.9531
OLMo-2-0425-1B-Instruct,OLMo 2,1.5,sentence_naturalness_survey_for_rw_dec_2009,discourse,180,0.0085,0.825,0.0103,0.9455
OLMo-2-0425-1B-Instruct,OLMo 2,1.5,sentence_naturalness_survey_for_rw_jan_2010,discourse,480,0.0271,0.872,0.0311,0.9457
OLMo-2-0425-1B-Instruct,OLMo 2,1.5,sentence_naturalness_survey_laura_mar_17_2012_92_items_code_lazy_cater,sentence_semantics,368,0.1506,0.883,0.1706,0.9821
OLMo-2-0425-1B-Instruct,OLMo 2,1.5,sentence_naturalness_survey_laura_mar_17_2012_96_items_code_lazy_cater,sentence_semantics,384,0.1028,0.883,0.1164,0.9825
OLMo-2-0425-1B-Instruct,OLMo 2,1.5,sentence_naturalness_survey_may_4_2011_36_items_code_anxious_bat,syntax,84,0.2397,0.757,0.3166,0.9869
OLMo-2-0425-1B-Instruct,OLMo 2,1.5,sentence_naturalness_survey_nat_aug_28_2010_survey_code_downtown,syntax,270,0.0336,0.956,0.0351,0.9778
OLMo-2-0425-1B-Instruct,OLMo 2,1.5,short_acceptability_feb_6_2014,syntax,128,0.0242,0.907,0.0267,0.9849
OLMo-2-0425-1B-Instruct,OLMo 2,1.5,susan_canonicity_rerunning_2,syntax,52,0.2594,0.95,0.273,0.9823
OLMo-2-0425-1B-Instruct,OLMo 2,1.5,topicalization_e1,syntax,77,0.3712,0.942,0.3941,0.9828
OLMo-2-0425-1B-Instruct,OLMo 2,1.5,verb_causality_study_semantics_ratings_mk_april_2010,lexical_semantics,188,0.0954,0.972,0.0981,0.9774
OLMo-2-0425-1B-Instruct,OLMo 2,1.5,verb_causality_study_syntax_ratings_mk_april_2010,syntax,653,-0.0942,0.633,-0.1488,0.9602
OLMo-2-0425-1B-Instruct,OLMo 2,1.5,wm2_wm5_9_59_sentence_naturalness_survey_april_2011,syntax,219,-0.0251,0.839,-0.03,0.9683
OLMo-2-0425-1B-Instruct,OLMo 2,1.5,word3_b_word_naturalness_survey_may_4_2011_160_items_code_sleepy_bear,subword,158,-0.2276,0.937,-0.2429,0.9738
OLMo-2-0425-1B-Instruct,OLMo 2,1.5,word3_word_naturalness_survey_may_1_2011_45_items_code_nosy_badger,subword,45,0.3338,0.948,0.3521,0.9748
OLMo-2-1124-13B-Instruct,OLMo 2,13.7,50_sentences_noisy_channel_may_25_2011,pragmatics,208,0.1731,0.555,0.3119,0.9913
OLMo-2-1124-13B-Instruct,OLMo 2,13.7,50_sentences_with_2_comp_qs_plus_rating_mar_11_2011,sentence_semantics,208,0.5125,0.588,0.8716,0.9946
OLMo-2-1124-13B-Instruct,OLMo 2,13.7,acceptability_extension_959_v5,syntax,566,0.7762,0.797,0.9739,0.9981
OLMo-2-1124-13B-Instruct,OLMo 2,13.7,acceptability_judgments_kang,syntax,136,0.784,0.974,0.805,0.9979
OLMo-2-1124-13B-Instruct,OLMo 2,13.7,acceptability_replication_959,syntax,288,0.9257,0.964,0.9603,0.9978
OLMo-2-1124-13B-Instruct,OLMo 2,13.7,acd_context_polly_1_nov_23_2012,discourse,310,0.1505,0.462,0.3258,0.9965
OLMo-2-1124-13B-Instruct,OLMo 2,13.7,acd_no_context_polly_1_nov_23_2012,syntax,213,0.6241,0.838,0.7448,0.9987
OLMo-2-1124-13B-Instruct,OLMo 2,13.7,acd_project_also_3_nov_24_2012_2,syntax,128,0.5685,0.874,0.6504,0.9982
OLMo-2-1124-13B-Instruct,OLMo 2,13.7,acd_project_expt_23_also_nov_16_2012,syntax,600,0.6205,0.825,0.7521,0.9982
OLMo-2-1124-13B-Instruct,OLMo 2,13.7,acd_project_expt_24_same_diff_verbs_nov_16_2012,syntax,472,0.6493,0.89,0.7295,0.9983
OLMo-2-1124-13B-Instruct,OLMo 2,13.7,acd_project_expt_31_same_diff_verbs_nov_16_2012_1,syntax,176,0.6421,0.755,0.8504,0.9981
OLMo-2-1124-13B-Instruct,OLMo 2,13.7,acd_project_expt_42_also_verbs_nov_29_2012_1,syntax,176,0.3906,0.63,0.62,0.9984
OLMo-2-1124-13B-Instruct,OLMo 2,13.7,acd_project_expt_44_the_same_nov_29_2012_1,syntax,140,0.5712,0.601,0.9505,0.9984
OLMo-2-1124-13B-Instruct,OLMo 2,13.7,acd_project_expt_45_hkv_expt_2_plaus_nov_29_2012,syntax,360,0.4736,0.774,0.6119,0.998
OLMo-2-1124-13B-Instruct,OLMo 2,13.7,acd_project_expt_46_also_in_hkv_2_nov_29_2012_1,syntax,448,0.4303,0.56,0.7684,0.9982
OLMo-2-1124-13B-Instruct,OLMo 2,13.7,active_passive_sentence_naturalness_survey_july_2012,syntax,132,0.66,0.887,0.7441,0.9982
OLMo-2-1124-13B-Instruct,OLMo 2,13.7,aixiu_coherence_en_update1,sentence_semantics,277,0.8311,0.882,0.9423,0.9971
OLMo-2-1124-13B-Instruct,OLMo 2,13.7,alex_paunov_literal_inferences_dec_3_2011,pragmatics,299,0.6668,0.908,0.7344,0.9889
OLMo-2-1124-13B-Instruct,OLMo 2,13.7,amouyal2024_plausibility,sentence_semantics,853,0.6463,0.915,0.7063,0.9993
OLMo-2-1124-13B-Instruct,OLMo 2,13.7,animacy_passive_dative_kyle,syntax,120,0.5014,0.926,0.5415,0.9975
OLMo-2-1124-13B-Instruct,OLMo 2,13.7,anne_abeille_acceptability_july_12_2017_1,syntax,296,0.4478,0.635,0.7052,0.9955
OLMo-2-1124-13B-Instruct,OLMo 2,13.7,base_acceptability_0908,syntax,73,0.5008,0.931,0.5379,0.995
OLMo-2-1124-13B-Instruct,OLMo 2,13.7,brief_sentence_naturalness_survey_march_2011,sentence_semantics,64,0.8634,0.96,0.8994,0.9988
OLMo-2-1124-13B-Instruct,OLMo 2,13.7,can_noncan_acceptability_0924,syntax,88,0.4379,0.966,0.4533,0.9954
OLMo-2-1124-13B-Instruct,OLMo 2,13.7,can_noncan_acceptability_2,syntax,88,0.5703,0.962,0.5929,0.9952
OLMo-2-1124-13B-Instruct,OLMo 2,13.7,chinese_dative,discourse,96,0.5337,0.715,0.7464,0.9977
OLMo-2-1124-13B-Instruct,OLMo 2,13.7,class_demo,syntax,44,0.5711,0.927,0.6161,0.9949
OLMo-2-1124-13B-Instruct,OLMo 2,13.7,clefting_e3,syntax,48,0.4819,0.877,0.5495,0.9958
OLMo-2-1124-13B-Instruct,OLMo 2,13.7,clefting_e4,syntax,48,0.462,0.969,0.4768,0.9964
OLMo-2-1124-13B-Instruct,OLMo 2,13.7,coherence_survey_list1_main,discourse,100,0.8628,0.95,0.9082,0.9986
OLMo-2-1124-13B-Instruct,OLMo 2,13.7,coherence_survey_list2_main,discourse,100,0.8892,0.948,0.938,0.9987
OLMo-2-1124-13B-Instruct,OLMo 2,13.7,coherence_survey_list3_main,discourse,100,0.8734,0.942,0.9271,0.9987
OLMo-2-1124-13B-Instruct,OLMo 2,13.7,coherence_survey_list4_main,discourse,100,0.8467,0.95,0.8912,0.9985
OLMo-2-1124-13B-Instruct,OLMo 2,13.7,constituency_tests_2,syntax,48,0.7427,0.836,0.8884,0.9967
OLMo-2-1124-13B-Instruct,OLMo 2,13.7,constituency_tests,syntax,48,0.4665,0.654,0.7133,0.9969
OLMo-2-1124-13B-Instruct,OLMo 2,13.7,copy_cat_polly_june_2014,discourse,102,0.5717,0.865,0.661,0.9773
OLMo-2-1124-13B-Instruct,OLMo 2,13.7,copy_of_verb_causality_study_semantics_ratings_mk_april_2010,lexical_semantics,62,0.4379,0.83,0.5275,0.9995
OLMo-2-1124-13B-Instruct,OLMo 2,13.7,crossed_dependencies_long,syntax,201,0.4827,0.899,0.537,0.9977
OLMo-2-1124-13B-Instruct,OLMo 2,13.7,cul_jack_april_12_2012_54_short_texts_with_two_comprehension_questions,syntax,210,0.7621,0.896,0.8506,0.9946
OLMo-2-1124-13B-Instruct,OLMo 2,13.7,cul_jack_sentence_naturalness_survey_april_2010,syntax,220,0.8257,0.952,0.8673,0.9976
OLMo-2-1124-13B-Instruct,OLMo 2,13.7,dative_alternation_extension_version_2,syntax,229,0.4861,0.456,1.066,0.9882
OLMo-2-1124-13B-Instruct,OLMo 2,13.7,dative_finnish,discourse,96,0.0662,0.689,0.096,0.0049
OLMo-2-1124-13B-Instruct,OLMo 2,13.7,dative_turkish,discourse,96,-0.1221,0.734,-0.1664,0.2943
OLMo-2-1124-13B-Instruct,OLMo 2,13.7,dentella2023_grammaticality,syntax,80,0.5839,0.981,0.5952,0.1934
OLMo-2-1124-13B-Instruct,OLMo 2,13.7,depth_charge_survey,sentence_semantics,188,0.6063,0.846,0.7166,0.9963
OLMo-2-1124-13B-Instruct,OLMo 2,13.7,depth_charge_with_noise,sentence_semantics,188,0.667,0.854,0.781,0.9961
OLMo-2-1124-13B-Instruct,OLMo 2,13.7,discourse_30subjs_list1,discourse,100,0.8603,0.941,0.9142,0.9986
OLMo-2-1124-13B-Instruct,OLMo 2,13.7,discourse_30subjs_list2,discourse,100,0.8685,0.951,0.9132,0.9986
OLMo-2-1124-13B-Instruct,OLMo 2,13.7,discourse_30subjs_list3,discourse,100,0.8843,0.947,0.9338,0.9987
OLMo-2-1124-13B-Instruct,OLMo 2,13.7,discourse_30subjs_list4,discourse,100,0.8614,0.942,0.9144,0.9986
OLMo-2-1124-13B-Instruct,OLMo 2,13.7,discourse_causality_list1,discourse,100,0.8339,0.935,0.8919,0.999
OLMo-2-1124-13B-Instruct,OLMo 2,13.7,discourse_causality_list2,discourse,100,0.8302,0.952,0.8721,0.9991
OLMo-2-1124-13B-Instruct,OLMo 2,13.7,discourse_causality_list3,discourse,100,0.8273,0.933,0.8867,0.9991
OLMo-2-1124-13B-Instruct,OLMo 2,13.7,discourse_causality_list4,discourse,100,0.8305,0.955,0.8696,0.9991
OLMo-2-1124-13B-Instruct,OLMo 2,13.7,discourse_changed_0428,discourse,48,0.824,0.953,0.8646,0.9987
OLMo-2-1124-13B-Instruct,OLMo 2,13.7,discourse_coherence_list1,discourse,100,0.8629,0.943,0.9151,0.9995
OLMo-2-1124-13B-Instruct,OLMo 2,13.7,discourse_coherence_list2,discourse,100,0.8435,0.936,0.9011,0.9997
OLMo-2-1124-13B-Instruct,OLMo 2,13.7,discourse_coherence_list3,discourse,100,0.8184,0.95,0.8615,0.9995
OLMo-2-1124-13B-Instruct,OLMo 2,13.7,discourse_coherence_list4,discourse,100,0.8467,0.933,0.9075,0.9996
OLMo-2-1124-13B-Instruct,OLMo 2,13.7,discourse_imagability_pairs_list1,sentence_semantics,100,0.42,0.917,0.4581,0.9998
OLMo-2-1124-13B-Instruct,OLMo 2,13.7,discourse_imagability_pairs_list2,sentence_semantics,100,0.5285,0.946,0.5587,0.9998
OLMo-2-1124-13B-Instruct,OLMo 2,13.7,discourse_imagability_singles_list1,sentence_semantics,100,0.6805,0.938,0.7254,0.9993
OLMo-2-1124-13B-Instruct,OLMo 2,13.7,discourse_imagability_singles_list2,sentence_semantics,100,0.7419,0.954,0.7777,0.9991
OLMo-2-1124-13B-Instruct,OLMo 2,13.7,discourse_imagability_singles_list3,sentence_semantics,100,0.7362,0.931,0.7907,0.9995
OLMo-2-1124-13B-Instruct,OLMo 2,13.7,discourse_imagability_singles_list4,sentence_semantics,100,0.7732,0.948,0.8156,0.9991
OLMo-2-1124-13B-Instruct,OLMo 2,13.7,discourse_mentalizing_pairs_list1,sentence_semantics,100,0.5234,0.928,0.564,0.998
OLMo-2-1124-13B-Instruct,OLMo 2,13.7,discourse_mentalizing_pairs_list2,sentence_semantics,100,0.43,0.931,0.4618,0.9982
OLMo-2-1124-13B-Instruct,OLMo 2,13.7,discourse_mentalizing_singles_list1,sentence_semantics,100,0.5293,0.935,0.5661,0.9968
OLMo-2-1124-13B-Instruct,OLMo 2,13.7,discourse_mentalizing_singles_list2,sentence_semantics,100,0.5798,0.925,0.6268,0.9969
OLMo-2-1124-13B-Instruct,OLMo 2,13.7,discourse_mentalizing_singles_list3,sentence_semantics,100,0.3862,0.909,0.4249,0.9971
OLMo-2-1124-13B-Instruct,OLMo 2,13.7,discourse_mentalizing_singles_list4,sentence_semantics,100,0.7039,0.952,0.7394,0.9969
OLMo-2-1124-13B-Instruct,OLMo 2,13.7,discourse_physics_pairs_list1,sentence_semantics,100,0.7088,0.957,0.7406,0.9996
OLMo-2-1124-13B-Instruct,OLMo 2,13.7,discourse_physics_pairs_list2,sentence_semantics,100,0.7514,0.951,0.7901,0.9996
OLMo-2-1124-13B-Instruct,OLMo 2,13.7,discourse_physics_singles_list1,sentence_semantics,100,0.8227,0.943,0.8725,0.9986
OLMo-2-1124-13B-Instruct,OLMo 2,13.7,discourse_physics_singles_list2,sentence_semantics,100,0.6989,0.952,0.7341,0.9988
OLMo-2-1124-13B-Instruct,OLMo 2,13.7,discourse_physics_singles_list3,sentence_semantics,100,0.8003,0.941,0.8504,0.9988
OLMo-2-1124-13B-Instruct,OLMo 2,13.7,discourse_physics_singles_list4,sentence_semantics,100,0.7816,0.942,0.8297,0.9987
OLMo-2-1124-13B-Instruct,OLMo 2,13.7,discourse_scenes_pairs_list1,sentence_semantics,100,0.8605,0.944,0.9115,0.9997
OLMo-2-1124-13B-Instruct,OLMo 2,13.7,discourse_scenes_pairs_list2,sentence_semantics,100,0.8818,0.95,0.9282,0.9998
OLMo-2-1124-13B-Instruct,OLMo 2,13.7,discourse_scenes_singles_list1,sentence_semantics,100,0.8551,0.944,0.9059,0.9993
OLMo-2-1124-13B-Instruct,OLMo 2,13.7,discourse_scenes_singles_list2,sentence_semantics,100,0.86,0.949,0.9062,0.9994
OLMo-2-1124-13B-Instruct,OLMo 2,13.7,discourse_scenes_singles_list3,sentence_semantics,100,0.8691,0.966,0.8997,0.9994
OLMo-2-1124-13B-Instruct,OLMo 2,13.7,discourse_scenes_singles_list4,sentence_semantics,100,0.8352,0.964,0.8664,0.9992
OLMo-2-1124-13B-Instruct,OLMo 2,13.7,diveica2023_socialness,lexical_semantics,1000,0.7587,0.883,0.8592,0.9786
OLMo-2-1124-13B-Instruct,OLMo 2,13.7,ecog_sentences_imaginability_jan_8_2014,sentence_semantics,120,0.2755,0.833,0.3308,0.9972
OLMo-2-1124-13B-Instruct,OLMo 2,13.7,ecog_sentences_naturalness_jan_8_2014_2,sentence_semantics,120,0.4756,0.727,0.6542,0.998
OLMo-2-1124-13B-Instruct,OLMo 2,13.7,edwards2024_spelling_to_pronunciation_transparency,subword,1000,0.5885,0.826,0.7124,0.8221
OLMo-2-1124-13B-Instruct,OLMo 2,13.7,erp_norming_error_detection_june_2013_4,syntax,323,-0.5518,0.841,-0.6561,0.9949
OLMo-2-1124-13B-Instruct,OLMo 2,13.7,erp_sentence_naturalness_survey_june_2013_2,syntax,483,0.7817,0.922,0.8478,0.9977
OLMo-2-1124-13B-Instruct,OLMo 2,13.7,eunice_disfluency_2_nov_17_2011,syntax,190,0.6789,0.832,0.816,0.9981
OLMo-2-1124-13B-Instruct,OLMo 2,13.7,eunice_disfluency_nov_15_2011,syntax,468,0.5378,0.807,0.6664,0.9978
OLMo-2-1124-13B-Instruct,OLMo 2,13.7,european_portuguese_rc,syntax,174,0.6807,0.84,0.8103,0.9887
OLMo-2-1124-13B-Instruct,OLMo 2,13.7,european_portuguese_wh,syntax,174,0.5863,0.893,0.6566,0.9869
OLMo-2-1124-13B-Instruct,OLMo 2,13.7,extension,syntax,138,0.7536,0.872,0.8642,0.9968
OLMo-2-1124-13B-Instruct,OLMo 2,13.7,gabriel_rc,syntax,174,0.7019,0.818,0.858,0.9897
OLMo-2-1124-13B-Instruct,OLMo 2,13.7,gabriel_wh,syntax,174,0.4638,0.902,0.5142,0.9862
OLMo-2-1124-13B-Instruct,OLMo 2,13.7,giurgea2025_motivation,lexical_semantics,1000,0.3914,0.856,0.4573,0.9767
OLMo-2-1124-13B-Instruct,OLMo 2,13.7,huang_response_set1a,syntax,288,0.5959,0.966,0.6169,0.9968
OLMo-2-1124-13B-Instruct,OLMo 2,13.7,huang_response_set1b,syntax,288,0.6166,0.964,0.6396,0.9968
OLMo-2-1124-13B-Instruct,OLMo 2,13.7,huang_response_set2a,syntax,288,0.7608,0.97,0.7843,0.9967
OLMo-2-1124-13B-Instruct,OLMo 2,13.7,huang_response_set2a_declaratives,syntax,288,0.7044,0.97,0.7262,0.9965
OLMo-2-1124-13B-Instruct,OLMo 2,13.7,huang_response_set2b,syntax,288,0.7492,0.97,0.7724,0.9967
OLMo-2-1124-13B-Instruct,OLMo 2,13.7,huang_response_set2b_declaratives,syntax,288,0.7331,0.974,0.7526,0.9966
OLMo-2-1124-13B-Instruct,OLMo 2,13.7,imperative_control_iad_gs_may_16_2011_purple_puppy,pragmatics,96,0.3812,0.86,0.4433,0.9878
OLMo-2-1124-13B-Instruct,OLMo 2,13.7,isac_sentence_naturalness_survey_feb_2011_64_items_survey_code_giant_c,syntax,256,0.6887,0.885,0.7782,0.9972
OLMo-2-1124-13B-Instruct,OLMo 2,13.7,islands_acceptability_expt_2_dec_2_2012,syntax,480,0.6772,0.874,0.7749,0.998
OLMo-2-1124-13B-Instruct,OLMo 2,13.7,italian_dative_v2,discourse,192,0.2352,0.604,0.3895,0.8417
OLMo-2-1124-13B-Instruct,OLMo 2,13.7,italian_locative_v7,discourse,192,0.3762,0.66,0.5699,0.8468
OLMo-2-1124-13B-Instruct,OLMo 2,13.7,lancaster2020_auditory,lexical_semantics,1000,0.151,0.831,0.1817,0.989
OLMo-2-1124-13B-Instruct,OLMo 2,13.7,lancaster2020_foot_leg,lexical_semantics,1000,0.2789,0.729,0.3825,0.9857
OLMo-2-1124-13B-Instruct,OLMo 2,13.7,lancaster2020_gustatory,lexical_semantics,1000,0.1339,0.545,0.2458,0.9999
OLMo-2-1124-13B-Instruct,OLMo 2,13.7,lancaster2020_hand_arm,lexical_semantics,1000,0.1564,0.783,0.1997,0.9647
OLMo-2-1124-13B-Instruct,OLMo 2,13.7,lancaster2020_haptic,lexical_semantics,1000,0.2427,0.808,0.3003,0.9999
OLMo-2-1124-13B-Instruct,OLMo 2,13.7,lancaster2020_head,lexical_semantics,1000,0.3729,0.57,0.6543,0.9656
OLMo-2-1124-13B-Instruct,OLMo 2,13.7,lancaster2020_interoceptive,lexical_semantics,1000,0.281,0.778,0.3612,0.958
OLMo-2-1124-13B-Instruct,OLMo 2,13.7,lancaster2020_mouth,lexical_semantics,1000,0.3049,0.777,0.3924,0.9895
OLMo-2-1124-13B-Instruct,OLMo 2,13.7,lancaster2020_olfactory,lexical_semantics,1000,0.334,0.622,0.537,1.0
OLMo-2-1124-13B-Instruct,OLMo 2,13.7,lancaster2020_torso,lexical_semantics,1000,0.2128,0.675,0.3152,0.9741
OLMo-2-1124-13B-Instruct,OLMo 2,13.7,lancaster2020_visual,lexical_semantics,1000,0.4349,0.767,0.567,0.9937
OLMo-2-1124-13B-Instruct,OLMo 2,13.7,lauren_sentence_naturalness_survey_expt3_nov_17_2011,syntax,460,0.545,0.633,0.861,0.9978
OLMo-2-1124-13B-Instruct,OLMo 2,13.7,lauren_sentence_naturalness_survey_expt_2_nov_15_2011,syntax,252,0.6084,0.712,0.8545,0.9981
OLMo-2-1124-13B-Instruct,OLMo 2,13.7,lauren_sentence_naturalness_survey_oct_14_2011,syntax,360,0.6198,0.703,0.8816,0.9981
OLMo-2-1124-13B-Instruct,OLMo 2,13.7,lexical_frame_adjectives_likert_set1,syntax,384,0.7682,0.83,0.9255,0.9987
OLMo-2-1124-13B-Instruct,OLMo 2,13.7,lexical_frame_adjectives_likert_set2,syntax,384,0.6586,0.744,0.8852,0.9987
OLMo-2-1124-13B-Instruct,OLMo 2,13.7,lexical_frame_adjectives_likert_set3,syntax,384,0.7286,0.873,0.8345,0.9986
OLMo-2-1124-13B-Instruct,OLMo 2,13.7,locative_topicalization_survey,discourse,229,0.5985,0.777,0.7702,0.9981
OLMo-2-1124-13B-Instruct,OLMo 2,13.7,massive_mem_arousal_mar_2013,lexical_semantics,1000,0.4621,0.883,0.5233,0.999
OLMo-2-1124-13B-Instruct,OLMo 2,13.7,massive_mem_arousal_mar_2013_end_2,lexical_semantics,242,0.2026,0.85,0.2384,0.999
OLMo-2-1124-13B-Instruct,OLMo 2,13.7,massive_mem_arousal_mar_2014,lexical_semantics,1000,0.2637,0.863,0.3056,0.9971
OLMo-2-1124-13B-Instruct,OLMo 2,13.7,massive_mem_arousal_mar_2014_end_1,lexical_semantics,242,0.1891,0.886,0.2134,0.9972
OLMo-2-1124-13B-Instruct,OLMo 2,13.7,massive_mem_concreteness_mar_2013,lexical_semantics,1000,0.5942,0.956,0.6216,0.9965
OLMo-2-1124-13B-Instruct,OLMo 2,13.7,massive_mem_concreteness_mar_2013_end_1,lexical_semantics,242,0.7863,0.959,0.8199,0.9968
OLMo-2-1124-13B-Instruct,OLMo 2,13.7,massive_mem_concreteness_mar_2014,lexical_semantics,1000,0.512,0.952,0.5378,0.9969
OLMo-2-1124-13B-Instruct,OLMo 2,13.7,massive_mem_concreteness_mar_2014_end_1,lexical_semantics,242,0.5936,0.955,0.6216,0.997
OLMo-2-1124-13B-Instruct,OLMo 2,13.7,massive_mem_imageability_mar_2013,lexical_semantics,1000,0.7092,0.961,0.738,0.9994
OLMo-2-1124-13B-Instruct,OLMo 2,13.7,massive_mem_imageability_mar_2013_end_1,lexical_semantics,242,0.7487,0.963,0.7775,0.9994
OLMo-2-1124-13B-Instruct,OLMo 2,13.7,massive_mem_imageability_mar_2014,lexical_semantics,1000,0.5537,0.948,0.5841,0.9994
OLMo-2-1124-13B-Instruct,OLMo 2,13.7,massive_mem_imageability_mar_2014_end_1,lexical_semantics,242,0.62,0.964,0.6431,0.9994
OLMo-2-1124-13B-Instruct,OLMo 2,13.7,massive_mem_valence_mar_2013,lexical_semantics,1000,0.6522,0.948,0.6879,0.9989
OLMo-2-1124-13B-Instruct,OLMo 2,13.7,massive_mem_valence_mar_2013_end_1,lexical_semantics,242,0.8451,0.966,0.8748,0.999
OLMo-2-1124-13B-Instruct,OLMo 2,13.7,massive_mem_valence_mar_2014,lexical_semantics,1000,0.8121,0.961,0.8451,0.9988
OLMo-2-1124-13B-Instruct,OLMo 2,13.7,massive_mem_valence_mar_2014_end_1,lexical_semantics,242,0.8556,0.959,0.8922,0.9989
OLMo-2-1124-13B-Instruct,OLMo 2,13.7,melissa_short_naturalness_test,sentence_semantics,24,0.8632,0.968,0.8918,0.9964
OLMo-2-1124-13B-Instruct,OLMo 2,13.7,missing_vp_extension_0501_final,syntax,72,0.518,0.741,0.6991,0.9992
OLMo-2-1124-13B-Instruct,OLMo 2,13.7,missing_vp_extension,syntax,80,0.6819,0.881,0.7741,0.9974
OLMo-2-1124-13B-Instruct,OLMo 2,13.7,missing_vp_rereplication,syntax,72,0.5072,0.707,0.7174,0.9969
OLMo-2-1124-13B-Instruct,OLMo 2,13.7,mk_grammaticality_study_7_20,syntax,1000,0.467,0.876,0.5331,0.9981
OLMo-2-1124-13B-Instruct,OLMo 2,13.7,muraki2023_concreteness,lexical_semantics,1000,0.1456,0.829,0.1757,0.9937
OLMo-2-1124-13B-Instruct,OLMo 2,13.7,noisy_channel_acceptability_1_sept_2013_1,syntax,496,0.8494,0.921,0.9222,0.9977
OLMo-2-1124-13B-Instruct,OLMo 2,13.7,noisy_channel_acceptability_2_sept_2013,syntax,380,0.8716,0.965,0.9033,0.9978
OLMo-2-1124-13B-Instruct,OLMo 2,13.7,noisy_rc_norming_oct19,sentence_semantics,128,0.6456,0.838,0.7704,0.9975
OLMo-2-1124-13B-Instruct,OLMo 2,13.7,of_acceptability_2,syntax,88,0.3935,0.951,0.4138,0.995
OLMo-2-1124-13B-Instruct,OLMo 2,13.7,orange_camel_sentence_naturalness_survey_nov_2010,discourse,144,0.7017,0.861,0.815,0.9888
OLMo-2-1124-13B-Instruct,OLMo 2,13.7,orc_lauren_sentence_naturalness_survey_july_2012,syntax,192,0.7428,0.948,0.7835,0.998
OLMo-2-1124-13B-Instruct,OLMo 2,13.7,p_p_sentence_naturalness_survey_aug_2010,syntax,252,0.5284,0.859,0.6151,0.9975
OLMo-2-1124-13B-Instruct,OLMo 2,13.7,p_p_sentence_naturalness_survey_dec_2009,syntax,324,0.5337,0.95,0.5618,0.9983
OLMo-2-1124-13B-Instruct,OLMo 2,13.7,p_p_sentence_naturalness_survey_feb,syntax,614,0.4031,0.664,0.6071,0.9981
OLMo-2-1124-13B-Instruct,OLMo 2,13.7,p_p_sentence_naturalness_survey_june_2013_v3,syntax,242,0.5296,0.928,0.5707,0.9968
OLMo-2-1124-13B-Instruct,OLMo 2,13.7,paris_judgments_3_dec_2012,syntax,477,0.4665,0.845,0.552,0.9985
OLMo-2-1124-13B-Instruct,OLMo 2,13.7,pascal_1_dec_2012,syntax,544,0.1183,0.066,1.7927,0.9437
OLMo-2-1124-13B-Instruct,OLMo 2,13.7,presup_survey_1_acd_july_2012,pragmatics,240,0.7406,0.83,0.8922,0.9976
OLMo-2-1124-13B-Instruct,OLMo 2,13.7,presup_survey_2_acd_july_2012,pragmatics,240,0.2988,0.665,0.4493,0.9976
OLMo-2-1124-13B-Instruct,OLMo 2,13.7,pronouns_following_verbs,pragmatics,44,-0.0896,0.706,-0.1269,0.9821
OLMo-2-1124-13B-Instruct,OLMo 2,13.7,pronouns_following_verbs_an,pragmatics,44,-0.0049,0.663,-0.0073,0.9856
OLMo-2-1124-13B-Instruct,OLMo 2,13.7,pronouns_following_verbs_ce,pragmatics,44,-0.1317,0.708,-0.186,0.9813
OLMo-2-1124-13B-Instruct,OLMo 2,13.7,pronouns_following_verbs_sm,pragmatics,44,0.1162,0.443,0.2622,0.9936
OLMo-2-1124-13B-Instruct,OLMo 2,13.7,pronouns_following_verbs_so,pragmatics,44,0.1272,0.509,0.25,0.9878
OLMo-2-1124-13B-Instruct,OLMo 2,13.7,pronouns_following_verbs_ve,pragmatics,45,-0.1349,0.567,-0.2378,0.9832
OLMo-2-1124-13B-Instruct,OLMo 2,13.7,quant_syn_april_13_2012_90_sentences_with_a_question_and_a_rating_code,syntax,184,0.7446,0.91,0.8183,0.9979
OLMo-2-1124-13B-Instruct,OLMo 2,13.7,quant_syn_april_14_2012_48_sentences_with_a_question_and_a_rating_code,syntax,168,0.728,0.96,0.7583,0.9978
OLMo-2-1124-13B-Instruct,OLMo 2,13.7,quant_syn_april_16_2012_36_sentences_with_a_question_and_a_rating_code,syntax,126,0.7781,0.965,0.8063,0.9977
OLMo-2-1124-13B-Instruct,OLMo 2,13.7,quantifier_naturalness_survey_june_4_2010,syntax,192,0.4752,0.639,0.7437,0.9974
OLMo-2-1124-13B-Instruct,OLMo 2,13.7,quantitative_syntax_survey,syntax,129,0.6094,0.852,0.7152,0.9904
OLMo-2-1124-13B-Instruct,OLMo 2,13.7,rating_english_sentences,syntax,240,0.8474,0.899,0.9426,0.9978
OLMo-2-1124-13B-Instruct,OLMo 2,13.7,reasoning_and_language_tasks_survey_code_talkative_pigeon,syntax,72,0.5862,0.941,0.623,0.9956
OLMo-2-1124-13B-Instruct,OLMo 2,13.7,relative_clause_displacements_in_english_sentences,syntax,180,0.4661,0.501,0.9304,0.9979
OLMo-2-1124-13B-Instruct,OLMo 2,13.7,relative_clause_displacements_in_english_sentences_with_fill,syntax,93,0.4102,0.846,0.4849,0.9977
OLMo-2-1124-13B-Instruct,OLMo 2,13.7,replication_study_9_59,discourse,185,0.5838,0.363,1.6083,0.9994
OLMo-2-1124-13B-Instruct,OLMo 2,13.7,richard_islands_acceptability_expt_1_april_25_2013_3,syntax,144,0.6267,0.819,0.7653,0.9975
OLMo-2-1124-13B-Instruct,OLMo 2,13.7,richard_islands_acceptability_expt_2_april_26_2013,syntax,228,0.8523,0.92,0.9264,0.9975
OLMo-2-1124-13B-Instruct,OLMo 2,13.7,richard_islands_acceptability_expt_4_april_26_2013_1,syntax,100,0.8411,0.931,0.9034,0.9973
OLMo-2-1124-13B-Instruct,OLMo 2,13.7,richard_islands_acceptability_expt_5_april_27_2013_1,syntax,132,0.5409,0.619,0.8738,0.9977
OLMo-2-1124-13B-Instruct,OLMo 2,13.7,richard_islands_acceptability_expt_6_april_28_2013_while_whq_decl,syntax,100,0.8214,0.965,0.8512,0.9971
OLMo-2-1124-13B-Instruct,OLMo 2,13.7,russian_freezing,syntax,180,0.546,0.898,0.608,0.9925
OLMo-2-1124-13B-Instruct,OLMo 2,13.7,semantics1_finalproject,sentence_semantics,96,0.9136,0.972,0.9399,0.9987
OLMo-2-1124-13B-Instruct,OLMo 2,13.7,semantics2_finalproject,sentence_semantics,96,0.8843,0.986,0.8969,0.9984
OLMo-2-1124-13B-Instruct,OLMo 2,13.7,semantics3_final_project,pragmatics,96,0.7446,0.974,0.7645,0.9934
OLMo-2-1124-13B-Instruct,OLMo 2,13.7,sentence_completions_and_islands_acceptability_expt_1_nov_13_2012,syntax,112,0.794,0.969,0.8194,0.9981
OLMo-2-1124-13B-Instruct,OLMo 2,13.7,sentence_naturalness_isac_survey_feb_2011,syntax,304,0.761,0.836,0.9103,0.998
OLMo-2-1124-13B-Instruct,OLMo 2,13.7,sentence_naturalness_survey_acd_ratings_hackl_expt_7_oct_25_2012_1,syntax,176,0.6125,0.886,0.6913,0.9981
OLMo-2-1124-13B-Instruct,OLMo 2,13.7,sentence_naturalness_survey_acd_ratings_hackl_replic_expt_1_july_14_20,syntax,480,0.6715,0.864,0.7772,0.9973
OLMo-2-1124-13B-Instruct,OLMo 2,13.7,sentence_naturalness_survey_acd_ratings_v4_july_13_2012,syntax,176,0.6494,0.748,0.8682,0.998
OLMo-2-1124-13B-Instruct,OLMo 2,13.7,sentence_naturalness_survey_acd_v1_jan_2012,discourse,128,-0.0407,0.299,-0.1361,0.9893
OLMo-2-1124-13B-Instruct,OLMo 2,13.7,sentence_naturalness_survey_acd_v6_oct_25_2012,discourse,128,0.0474,0.602,0.0788,0.9897
OLMo-2-1124-13B-Instruct,OLMo 2,13.7,sentence_naturalness_survey_denise_jan_12_2011_survey_code_pig_the_pig,syntax,200,0.8389,0.986,0.8508,0.9974
OLMo-2-1124-13B-Instruct,OLMo 2,13.7,sentence_naturalness_survey_denise_sept_8_2010_survey_code_pig_the_pig,syntax,224,0.7782,0.972,0.8006,0.9975
OLMo-2-1124-13B-Instruct,OLMo 2,13.7,sentence_naturalness_survey_feb_16_1_2012_60_items_code_shy_armadillo,syntax,120,0.6701,0.912,0.7348,0.9983
OLMo-2-1124-13B-Instruct,OLMo 2,13.7,sentence_naturalness_survey_for_gs_dec_2009,pragmatics,122,0.6062,0.882,0.6873,0.9915
OLMo-2-1124-13B-Instruct,OLMo 2,13.7,sentence_naturalness_survey_for_gs_jan_2010,pragmatics,133,0.691,0.906,0.7627,0.9844
OLMo-2-1124-13B-Instruct,OLMo 2,13.7,sentence_naturalness_survey_for_gs_jan_23_2010,pragmatics,216,0.6916,0.942,0.7342,0.9862
OLMo-2-1124-13B-Instruct,OLMo 2,13.7,sentence_naturalness_survey_for_gs_may_11_2011_purple_puppy,pragmatics,72,0.4538,0.873,0.5198,0.9725
OLMo-2-1124-13B-Instruct,OLMo 2,13.7,sentence_naturalness_survey_for_jk_april_4_2010,discourse,96,0.3985,0.886,0.4497,0.9892
OLMo-2-1124-13B-Instruct,OLMo 2,13.7,sentence_naturalness_survey_for_jk_april_4_expt_3_2010,discourse,96,0.4182,0.83,0.5038,0.9882
OLMo-2-1124-13B-Instruct,OLMo 2,13.7,sentence_naturalness_survey_for_jk_april_9_expt_4_2010,discourse,96,0.4107,0.831,0.4942,0.9883
OLMo-2-1124-13B-Instruct,OLMo 2,13.7,sentence_naturalness_survey_for_jk_june_24_2010_v2,discourse,176,0.3551,0.787,0.4513,0.9881
OLMo-2-1124-13B-Instruct,OLMo 2,13.7,sentence_naturalness_survey_for_jk_mar_2010,discourse,96,0.366,0.88,0.4159,0.9879
OLMo-2-1124-13B-Instruct,OLMo 2,13.7,sentence_naturalness_survey_for_jkm_dec_2009,discourse,128,0.0061,0.18,0.0341,0.989
OLMo-2-1124-13B-Instruct,OLMo 2,13.7,sentence_naturalness_survey_for_jkm_jan_2012,discourse,128,0.0423,0.266,0.1589,0.9893
OLMo-2-1124-13B-Instruct,OLMo 2,13.7,sentence_naturalness_survey_for_lb_dec_2009,discourse,108,0.6379,0.832,0.7667,0.9879
OLMo-2-1124-13B-Instruct,OLMo 2,13.7,sentence_naturalness_survey_for_lb_feb_20_2010_v2,discourse,79,0.3222,0.951,0.3388,0.9876
OLMo-2-1124-13B-Instruct,OLMo 2,13.7,sentence_naturalness_survey_for_lb_jan_2011,discourse,519,0.554,0.886,0.6252,0.9884
OLMo-2-1124-13B-Instruct,OLMo 2,13.7,sentence_naturalness_survey_for_lb_jan_2011_v2,discourse,519,0.3559,0.689,0.5165,0.9906
OLMo-2-1124-13B-Instruct,OLMo 2,13.7,sentence_naturalness_survey_for_lb_jan_2011_v3,discourse,519,0.5179,0.886,0.5845,0.9879
OLMo-2-1124-13B-Instruct,OLMo 2,13.7,sentence_naturalness_survey_for_lb_mar_2010_2,discourse,241,0.5799,0.935,0.6202,0.9888
OLMo-2-1124-13B-Instruct,OLMo 2,13.7,sentence_naturalness_survey_for_lb_mar_2010,discourse,123,0.6567,0.951,0.6905,0.9887
OLMo-2-1124-13B-Instruct,OLMo 2,13.7,sentence_naturalness_survey_for_lb_may_2010,discourse,148,0.6401,0.953,0.6717,0.987
OLMo-2-1124-13B-Instruct,OLMo 2,13.7,sentence_naturalness_survey_for_lb_prelim_oct_2010,discourse,402,0.6138,0.882,0.696,0.9888
OLMo-2-1124-13B-Instruct,OLMo 2,13.7,sentence_naturalness_survey_for_rw_dec_2009,discourse,180,0.6951,0.825,0.8426,0.9908
OLMo-2-1124-13B-Instruct,OLMo 2,13.7,sentence_naturalness_survey_for_rw_jan_2010,discourse,480,0.6356,0.872,0.7289,0.9909
OLMo-2-1124-13B-Instruct,OLMo 2,13.7,sentence_naturalness_survey_laura_mar_17_2012_92_items_code_lazy_cater,sentence_semantics,368,0.8435,0.883,0.9553,0.9975
OLMo-2-1124-13B-Instruct,OLMo 2,13.7,sentence_naturalness_survey_laura_mar_17_2012_96_items_code_lazy_cater,sentence_semantics,384,0.8101,0.883,0.9174,0.9977
OLMo-2-1124-13B-Instruct,OLMo 2,13.7,sentence_naturalness_survey_may_4_2011_36_items_code_anxious_bat,syntax,84,0.6204,0.757,0.8196,0.998
OLMo-2-1124-13B-Instruct,OLMo 2,13.7,sentence_naturalness_survey_nat_aug_28_2010_survey_code_downtown,syntax,270,0.628,0.956,0.6569,0.9974
OLMo-2-1124-13B-Instruct,OLMo 2,13.7,short_acceptability_feb_6_2014,syntax,128,0.534,0.907,0.5887,0.998
OLMo-2-1124-13B-Instruct,OLMo 2,13.7,susan_canonicity_rerunning_2,syntax,52,0.6581,0.95,0.6927,0.9958
OLMo-2-1124-13B-Instruct,OLMo 2,13.7,topicalization_e1,syntax,77,0.71,0.942,0.7537,0.9955
OLMo-2-1124-13B-Instruct,OLMo 2,13.7,verb_causality_study_semantics_ratings_mk_april_2010,lexical_semantics,188,-0.1795,0.972,-0.1847,0.9995
OLMo-2-1124-13B-Instruct,OLMo 2,13.7,verb_causality_study_syntax_ratings_mk_april_2010,syntax,653,0.25,0.633,0.395,0.9974
OLMo-2-1124-13B-Instruct,OLMo 2,13.7,wm2_wm5_9_59_sentence_naturalness_survey_april_2011,syntax,219,0.7863,0.839,0.9372,0.9976
OLMo-2-1124-13B-Instruct,OLMo 2,13.7,word3_b_word_naturalness_survey_may_4_2011_160_items_code_sleepy_bear,subword,158,0.619,0.937,0.6607,0.9871
OLMo-2-1124-13B-Instruct,OLMo 2,13.7,word3_word_naturalness_survey_may_1_2011_45_items_code_nosy_badger,subword,45,0.5425,0.948,0.5723,0.989
OLMo-2-1124-7B-Instruct,OLMo 2,7.3,50_sentences_noisy_channel_may_25_2011,pragmatics,208,0.1708,0.555,0.3077,0.9945
OLMo-2-1124-7B-Instruct,OLMo 2,7.3,50_sentences_with_2_comp_qs_plus_rating_mar_11_2011,sentence_semantics,208,0.4972,0.588,0.8456,0.9993
OLMo-2-1124-7B-Instruct,OLMo 2,7.3,acceptability_extension_959_v5,syntax,566,0.723,0.797,0.9071,0.9972
OLMo-2-1124-7B-Instruct,OLMo 2,7.3,acceptability_judgments_kang,syntax,136,0.702,0.974,0.7208,0.9969
OLMo-2-1124-7B-Instruct,OLMo 2,7.3,acceptability_replication_959,syntax,288,0.8926,0.964,0.9259,0.9936
OLMo-2-1124-7B-Instruct,OLMo 2,7.3,acd_context_polly_1_nov_23_2012,discourse,310,0.1568,0.462,0.3393,0.9991
OLMo-2-1124-7B-Instruct,OLMo 2,7.3,acd_no_context_polly_1_nov_23_2012,syntax,213,0.6828,0.838,0.8148,0.9948
OLMo-2-1124-7B-Instruct,OLMo 2,7.3,acd_project_also_3_nov_24_2012_2,syntax,128,0.6428,0.874,0.7354,0.9956
OLMo-2-1124-7B-Instruct,OLMo 2,7.3,acd_project_expt_23_also_nov_16_2012,syntax,600,0.6207,0.825,0.7523,0.9963
OLMo-2-1124-7B-Instruct,OLMo 2,7.3,acd_project_expt_24_same_diff_verbs_nov_16_2012,syntax,472,0.5941,0.89,0.6675,0.9959
OLMo-2-1124-7B-Instruct,OLMo 2,7.3,acd_project_expt_31_same_diff_verbs_nov_16_2012_1,syntax,176,0.6366,0.755,0.8431,0.9969
OLMo-2-1124-7B-Instruct,OLMo 2,7.3,acd_project_expt_42_also_verbs_nov_29_2012_1,syntax,176,0.3888,0.63,0.6171,0.9963
OLMo-2-1124-7B-Instruct,OLMo 2,7.3,acd_project_expt_44_the_same_nov_29_2012_1,syntax,140,0.5286,0.601,0.8795,0.9974
OLMo-2-1124-7B-Instruct,OLMo 2,7.3,acd_project_expt_45_hkv_expt_2_plaus_nov_29_2012,syntax,360,0.4547,0.774,0.5874,0.9943
OLMo-2-1124-7B-Instruct,OLMo 2,7.3,acd_project_expt_46_also_in_hkv_2_nov_29_2012_1,syntax,448,0.3296,0.56,0.5886,0.9945
OLMo-2-1124-7B-Instruct,OLMo 2,7.3,active_passive_sentence_naturalness_survey_july_2012,syntax,132,0.7179,0.887,0.8094,0.9962
OLMo-2-1124-7B-Instruct,OLMo 2,7.3,aixiu_coherence_en_update1,sentence_semantics,277,0.7977,0.882,0.9044,0.9918
OLMo-2-1124-7B-Instruct,OLMo 2,7.3,alex_paunov_literal_inferences_dec_3_2011,pragmatics,299,0.5933,0.908,0.6535,0.9971
OLMo-2-1124-7B-Instruct,OLMo 2,7.3,amouyal2024_plausibility,sentence_semantics,853,0.4825,0.915,0.5274,0.9995
OLMo-2-1124-7B-Instruct,OLMo 2,7.3,animacy_passive_dative_kyle,syntax,120,0.5728,0.926,0.6186,0.9909
OLMo-2-1124-7B-Instruct,OLMo 2,7.3,anne_abeille_acceptability_july_12_2017_1,syntax,296,0.4875,0.635,0.7678,0.9933
OLMo-2-1124-7B-Instruct,OLMo 2,7.3,base_acceptability_0908,syntax,73,0.5994,0.931,0.6438,0.9959
OLMo-2-1124-7B-Instruct,OLMo 2,7.3,brief_sentence_naturalness_survey_march_2011,sentence_semantics,64,0.8128,0.96,0.8467,0.9906
OLMo-2-1124-7B-Instruct,OLMo 2,7.3,can_noncan_acceptability_0924,syntax,88,0.5754,0.966,0.5957,0.9935
OLMo-2-1124-7B-Instruct,OLMo 2,7.3,can_noncan_acceptability_2,syntax,88,0.6643,0.962,0.6905,0.9943
OLMo-2-1124-7B-Instruct,OLMo 2,7.3,chinese_dative,discourse,96,0.3384,0.715,0.4732,0.9997
OLMo-2-1124-7B-Instruct,OLMo 2,7.3,class_demo,syntax,44,0.4642,0.927,0.5008,0.9972
OLMo-2-1124-7B-Instruct,OLMo 2,7.3,clefting_e3,syntax,48,0.3004,0.877,0.3425,0.9928
OLMo-2-1124-7B-Instruct,OLMo 2,7.3,clefting_e4,syntax,48,0.2937,0.969,0.3031,0.9905
OLMo-2-1124-7B-Instruct,OLMo 2,7.3,coherence_survey_list1_main,discourse,100,0.7987,0.95,0.8408,0.9996
OLMo-2-1124-7B-Instruct,OLMo 2,7.3,coherence_survey_list2_main,discourse,100,0.7258,0.948,0.7656,0.9996
OLMo-2-1124-7B-Instruct,OLMo 2,7.3,coherence_survey_list3_main,discourse,100,0.8252,0.942,0.876,0.9996
OLMo-2-1124-7B-Instruct,OLMo 2,7.3,coherence_survey_list4_main,discourse,100,0.7656,0.95,0.8059,0.9995
OLMo-2-1124-7B-Instruct,OLMo 2,7.3,constituency_tests_2,syntax,48,0.6544,0.836,0.7828,0.995
OLMo-2-1124-7B-Instruct,OLMo 2,7.3,constituency_tests,syntax,48,0.2436,0.654,0.3724,0.9909
OLMo-2-1124-7B-Instruct,OLMo 2,7.3,copy_cat_polly_june_2014,discourse,102,0.4019,0.865,0.4647,0.9972
OLMo-2-1124-7B-Instruct,OLMo 2,7.3,copy_of_verb_causality_study_semantics_ratings_mk_april_2010,lexical_semantics,62,0.3964,0.83,0.4776,0.9978
OLMo-2-1124-7B-Instruct,OLMo 2,7.3,crossed_dependencies_long,syntax,201,0.3532,0.899,0.3929,0.9886
OLMo-2-1124-7B-Instruct,OLMo 2,7.3,cul_jack_april_12_2012_54_short_texts_with_two_comprehension_questions,syntax,210,0.6074,0.896,0.6779,0.9974
OLMo-2-1124-7B-Instruct,OLMo 2,7.3,cul_jack_sentence_naturalness_survey_april_2010,syntax,220,0.8104,0.952,0.8512,0.9963
OLMo-2-1124-7B-Instruct,OLMo 2,7.3,dative_alternation_extension_version_2,syntax,229,0.5018,0.456,1.1005,1.0
OLMo-2-1124-7B-Instruct,OLMo 2,7.3,dative_finnish,discourse,96,0.0037,0.689,0.0054,0.0379
OLMo-2-1124-7B-Instruct,OLMo 2,7.3,dative_turkish,discourse,96,-0.106,0.734,-0.1444,0.1017
OLMo-2-1124-7B-Instruct,OLMo 2,7.3,dentella2023_grammaticality,syntax,80,0.6943,0.981,0.7077,0.3871
OLMo-2-1124-7B-Instruct,OLMo 2,7.3,depth_charge_survey,sentence_semantics,188,0.4056,0.846,0.4795,0.7967
OLMo-2-1124-7B-Instruct,OLMo 2,7.3,depth_charge_with_noise,sentence_semantics,188,0.573,0.854,0.671,0.794
OLMo-2-1124-7B-Instruct,OLMo 2,7.3,discourse_30subjs_list1,discourse,100,0.7866,0.941,0.8359,0.9996
OLMo-2-1124-7B-Instruct,OLMo 2,7.3,discourse_30subjs_list2,discourse,100,0.7164,0.951,0.7533,0.9995
OLMo-2-1124-7B-Instruct,OLMo 2,7.3,discourse_30subjs_list3,discourse,100,0.8021,0.947,0.847,0.9996
OLMo-2-1124-7B-Instruct,OLMo 2,7.3,discourse_30subjs_list4,discourse,100,0.7761,0.942,0.8239,0.9995
OLMo-2-1124-7B-Instruct,OLMo 2,7.3,discourse_causality_list1,discourse,100,0.6534,0.935,0.6988,0.9931
OLMo-2-1124-7B-Instruct,OLMo 2,7.3,discourse_causality_list2,discourse,100,0.5523,0.952,0.5802,0.9939
OLMo-2-1124-7B-Instruct,OLMo 2,7.3,discourse_causality_list3,discourse,100,0.8033,0.933,0.861,0.9929
OLMo-2-1124-7B-Instruct,OLMo 2,7.3,discourse_causality_list4,discourse,100,0.5963,0.955,0.6244,0.994
OLMo-2-1124-7B-Instruct,OLMo 2,7.3,discourse_changed_0428,discourse,48,0.6466,0.953,0.6785,0.9996
OLMo-2-1124-7B-Instruct,OLMo 2,7.3,discourse_coherence_list1,discourse,100,0.7339,0.943,0.7783,0.9998
OLMo-2-1124-7B-Instruct,OLMo 2,7.3,discourse_coherence_list2,discourse,100,0.6902,0.936,0.7374,0.9998
OLMo-2-1124-7B-Instruct,OLMo 2,7.3,discourse_coherence_list3,discourse,100,0.8043,0.95,0.8466,0.9998
OLMo-2-1124-7B-Instruct,OLMo 2,7.3,discourse_coherence_list4,discourse,100,0.6395,0.933,0.6854,0.9999
OLMo-2-1124-7B-Instruct,OLMo 2,7.3,discourse_imagability_pairs_list1,sentence_semantics,100,-0.0175,0.917,-0.0191,1.0
OLMo-2-1124-7B-Instruct,OLMo 2,7.3,discourse_imagability_pairs_list2,sentence_semantics,100,0.0153,0.946,0.0162,1.0
OLMo-2-1124-7B-Instruct,OLMo 2,7.3,discourse_imagability_singles_list1,sentence_semantics,100,0.4181,0.938,0.4457,1.0
OLMo-2-1124-7B-Instruct,OLMo 2,7.3,discourse_imagability_singles_list2,sentence_semantics,100,0.4758,0.954,0.4987,1.0
OLMo-2-1124-7B-Instruct,OLMo 2,7.3,discourse_imagability_singles_list3,sentence_semantics,100,0.3641,0.931,0.3911,1.0
OLMo-2-1124-7B-Instruct,OLMo 2,7.3,discourse_imagability_singles_list4,sentence_semantics,100,0.6433,0.948,0.6786,1.0
OLMo-2-1124-7B-Instruct,OLMo 2,7.3,discourse_mentalizing_pairs_list1,sentence_semantics,100,0.5968,0.928,0.6431,0.9978
OLMo-2-1124-7B-Instruct,OLMo 2,7.3,discourse_mentalizing_pairs_list2,sentence_semantics,100,0.5921,0.931,0.636,0.9982
OLMo-2-1124-7B-Instruct,OLMo 2,7.3,discourse_mentalizing_singles_list1,sentence_semantics,100,0.5615,0.935,0.6006,0.9997
OLMo-2-1124-7B-Instruct,OLMo 2,7.3,discourse_mentalizing_singles_list2,sentence_semantics,100,0.5721,0.925,0.6185,0.9996
OLMo-2-1124-7B-Instruct,OLMo 2,7.3,discourse_mentalizing_singles_list3,sentence_semantics,100,0.5514,0.909,0.6066,0.9997
OLMo-2-1124-7B-Instruct,OLMo 2,7.3,discourse_mentalizing_singles_list4,sentence_semantics,100,0.7158,0.952,0.7519,0.9997
OLMo-2-1124-7B-Instruct,OLMo 2,7.3,discourse_physics_pairs_list1,sentence_semantics,100,0.7105,0.957,0.7424,0.9985
OLMo-2-1124-7B-Instruct,OLMo 2,7.3,discourse_physics_pairs_list2,sentence_semantics,100,0.7285,0.951,0.7661,0.9988
OLMo-2-1124-7B-Instruct,OLMo 2,7.3,discourse_physics_singles_list1,sentence_semantics,100,0.7601,0.943,0.8061,0.9999
OLMo-2-1124-7B-Instruct,OLMo 2,7.3,discourse_physics_singles_list2,sentence_semantics,100,0.7578,0.952,0.7961,0.9999
OLMo-2-1124-7B-Instruct,OLMo 2,7.3,discourse_physics_singles_list3,sentence_semantics,100,0.7673,0.941,0.8154,0.9999
OLMo-2-1124-7B-Instruct,OLMo 2,7.3,discourse_physics_singles_list4,sentence_semantics,100,0.8256,0.942,0.8764,0.9999
OLMo-2-1124-7B-Instruct,OLMo 2,7.3,discourse_scenes_pairs_list1,sentence_semantics,100,0.636,0.944,0.6738,0.9983
OLMo-2-1124-7B-Instruct,OLMo 2,7.3,discourse_scenes_pairs_list2,sentence_semantics,100,0.774,0.95,0.8148,0.9988
OLMo-2-1124-7B-Instruct,OLMo 2,7.3,discourse_scenes_singles_list1,sentence_semantics,100,0.7722,0.944,0.818,0.9999
OLMo-2-1124-7B-Instruct,OLMo 2,7.3,discourse_scenes_singles_list2,sentence_semantics,100,0.7707,0.949,0.8122,0.9998
OLMo-2-1124-7B-Instruct,OLMo 2,7.3,discourse_scenes_singles_list3,sentence_semantics,100,0.7332,0.966,0.759,0.9999
OLMo-2-1124-7B-Instruct,OLMo 2,7.3,discourse_scenes_singles_list4,sentence_semantics,100,0.7932,0.964,0.8228,0.9999
OLMo-2-1124-7B-Instruct,OLMo 2,7.3,diveica2023_socialness,lexical_semantics,1000,0.7668,0.883,0.8684,0.9108
OLMo-2-1124-7B-Instruct,OLMo 2,7.3,ecog_sentences_imaginability_jan_8_2014,sentence_semantics,120,0.2711,0.833,0.3254,0.9996
OLMo-2-1124-7B-Instruct,OLMo 2,7.3,ecog_sentences_naturalness_jan_8_2014_2,sentence_semantics,120,0.4457,0.727,0.6131,0.9995
OLMo-2-1124-7B-Instruct,OLMo 2,7.3,edwards2024_spelling_to_pronunciation_transparency,subword,1000,0.5495,0.826,0.6652,0.9664
OLMo-2-1124-7B-Instruct,OLMo 2,7.3,erp_norming_error_detection_june_2013_4,syntax,323,-0.4882,0.841,-0.5805,0.8585
OLMo-2-1124-7B-Instruct,OLMo 2,7.3,erp_sentence_naturalness_survey_june_2013_2,syntax,483,0.8436,0.922,0.915,0.9949
OLMo-2-1124-7B-Instruct,OLMo 2,7.3,eunice_disfluency_2_nov_17_2011,syntax,190,0.6453,0.832,0.7756,0.9975
OLMo-2-1124-7B-Instruct,OLMo 2,7.3,eunice_disfluency_nov_15_2011,syntax,468,0.4614,0.807,0.5717,0.9967
OLMo-2-1124-7B-Instruct,OLMo 2,7.3,european_portuguese_rc,syntax,174,0.4656,0.84,0.5543,0.9901
OLMo-2-1124-7B-Instruct,OLMo 2,7.3,european_portuguese_wh,syntax,174,0.112,0.893,0.1254,0.9831
OLMo-2-1124-7B-Instruct,OLMo 2,7.3,extension,syntax,138,0.7457,0.872,0.8551,0.9944
OLMo-2-1124-7B-Instruct,OLMo 2,7.3,gabriel_rc,syntax,174,0.5042,0.818,0.6164,0.9892
OLMo-2-1124-7B-Instruct,OLMo 2,7.3,gabriel_wh,syntax,174,-0.0843,0.902,-0.0935,0.9792
OLMo-2-1124-7B-Instruct,OLMo 2,7.3,giurgea2025_motivation,lexical_semantics,1000,0.6339,0.856,0.7405,0.981
OLMo-2-1124-7B-Instruct,OLMo 2,7.3,huang_response_set1a,syntax,288,0.492,0.966,0.5093,0.9998
OLMo-2-1124-7B-Instruct,OLMo 2,7.3,huang_response_set1b,syntax,288,0.4761,0.964,0.4939,0.9997
OLMo-2-1124-7B-Instruct,OLMo 2,7.3,huang_response_set2a,syntax,288,0.7034,0.97,0.7252,0.9998
OLMo-2-1124-7B-Instruct,OLMo 2,7.3,huang_response_set2a_declaratives,syntax,288,0.6662,0.97,0.6868,0.9998
OLMo-2-1124-7B-Instruct,OLMo 2,7.3,huang_response_set2b,syntax,288,0.6997,0.97,0.7213,0.9997
OLMo-2-1124-7B-Instruct,OLMo 2,7.3,huang_response_set2b_declaratives,syntax,288,0.6968,0.974,0.7154,0.9998
OLMo-2-1124-7B-Instruct,OLMo 2,7.3,imperative_control_iad_gs_may_16_2011_purple_puppy,pragmatics,96,0.5234,0.86,0.6086,0.9995
OLMo-2-1124-7B-Instruct,OLMo 2,7.3,isac_sentence_naturalness_survey_feb_2011_64_items_survey_code_giant_c,syntax,256,0.5264,0.885,0.5948,0.9922
OLMo-2-1124-7B-Instruct,OLMo 2,7.3,islands_acceptability_expt_2_dec_2_2012,syntax,480,0.496,0.874,0.5675,0.9933
OLMo-2-1124-7B-Instruct,OLMo 2,7.3,italian_dative_v2,discourse,192,-0.0676,0.604,-0.1119,0.9864
OLMo-2-1124-7B-Instruct,OLMo 2,7.3,italian_locative_v7,discourse,192,-0.0258,0.66,-0.0392,0.8985
OLMo-2-1124-7B-Instruct,OLMo 2,7.3,lancaster2020_auditory,lexical_semantics,1000,0.1587,0.831,0.191,0.9735
OLMo-2-1124-7B-Instruct,OLMo 2,7.3,lancaster2020_foot_leg,lexical_semantics,1000,0.1659,0.729,0.2276,0.9817
OLMo-2-1124-7B-Instruct,OLMo 2,7.3,lancaster2020_gustatory,lexical_semantics,1000,0.262,0.545,0.4808,0.9634
OLMo-2-1124-7B-Instruct,OLMo 2,7.3,lancaster2020_hand_arm,lexical_semantics,1000,0.1408,0.783,0.1798,0.9797
OLMo-2-1124-7B-Instruct,OLMo 2,7.3,lancaster2020_haptic,lexical_semantics,1000,0.2756,0.808,0.3411,0.9619
OLMo-2-1124-7B-Instruct,OLMo 2,7.3,lancaster2020_head,lexical_semantics,1000,0.2638,0.57,0.4629,0.9876
OLMo-2-1124-7B-Instruct,OLMo 2,7.3,lancaster2020_interoceptive,lexical_semantics,1000,0.4419,0.778,0.5679,0.8956
OLMo-2-1124-7B-Instruct,OLMo 2,7.3,lancaster2020_mouth,lexical_semantics,1000,0.2368,0.777,0.3047,0.971
OLMo-2-1124-7B-Instruct,OLMo 2,7.3,lancaster2020_olfactory,lexical_semantics,1000,0.1349,0.622,0.2168,0.9623
OLMo-2-1124-7B-Instruct,OLMo 2,7.3,lancaster2020_torso,lexical_semantics,1000,0.1486,0.675,0.2201,0.9816
OLMo-2-1124-7B-Instruct,OLMo 2,7.3,lancaster2020_visual,lexical_semantics,1000,0.174,0.767,0.2268,0.9787
OLMo-2-1124-7B-Instruct,OLMo 2,7.3,lauren_sentence_naturalness_survey_expt3_nov_17_2011,syntax,460,0.4609,0.633,0.7281,0.9951
OLMo-2-1124-7B-Instruct,OLMo 2,7.3,lauren_sentence_naturalness_survey_expt_2_nov_15_2011,syntax,252,0.6128,0.712,0.8607,0.9927
OLMo-2-1124-7B-Instruct,OLMo 2,7.3,lauren_sentence_naturalness_survey_oct_14_2011,syntax,360,0.5811,0.703,0.8266,0.9926
OLMo-2-1124-7B-Instruct,OLMo 2,7.3,lexical_frame_adjectives_likert_set1,syntax,384,0.7588,0.83,0.9142,0.9736
OLMo-2-1124-7B-Instruct,OLMo 2,7.3,lexical_frame_adjectives_likert_set2,syntax,384,0.7162,0.744,0.9627,0.973
OLMo-2-1124-7B-Instruct,OLMo 2,7.3,lexical_frame_adjectives_likert_set3,syntax,384,0.7683,0.873,0.88,0.972
OLMo-2-1124-7B-Instruct,OLMo 2,7.3,locative_topicalization_survey,discourse,229,0.477,0.777,0.6139,0.9999
OLMo-2-1124-7B-Instruct,OLMo 2,7.3,massive_mem_arousal_mar_2013,lexical_semantics,1000,0.3535,0.883,0.4004,0.9972
OLMo-2-1124-7B-Instruct,OLMo 2,7.3,massive_mem_arousal_mar_2013_end_2,lexical_semantics,242,0.3053,0.85,0.3592,0.9981
OLMo-2-1124-7B-Instruct,OLMo 2,7.3,massive_mem_arousal_mar_2014,lexical_semantics,1000,0.1941,0.863,0.2249,0.9822
OLMo-2-1124-7B-Instruct,OLMo 2,7.3,massive_mem_arousal_mar_2014_end_1,lexical_semantics,242,0.0736,0.886,0.0831,0.983
OLMo-2-1124-7B-Instruct,OLMo 2,7.3,massive_mem_concreteness_mar_2013,lexical_semantics,1000,0.4795,0.956,0.5016,0.9944
OLMo-2-1124-7B-Instruct,OLMo 2,7.3,massive_mem_concreteness_mar_2013_end_1,lexical_semantics,242,0.6649,0.959,0.6933,0.9962
OLMo-2-1124-7B-Instruct,OLMo 2,7.3,massive_mem_concreteness_mar_2014,lexical_semantics,1000,0.4608,0.952,0.484,0.9645
OLMo-2-1124-7B-Instruct,OLMo 2,7.3,massive_mem_concreteness_mar_2014_end_1,lexical_semantics,242,0.3974,0.955,0.4162,0.9673
OLMo-2-1124-7B-Instruct,OLMo 2,7.3,massive_mem_imageability_mar_2013,lexical_semantics,1000,0.1942,0.961,0.2021,0.9997
OLMo-2-1124-7B-Instruct,OLMo 2,7.3,massive_mem_imageability_mar_2013_end_1,lexical_semantics,242,0.3686,0.963,0.3827,0.9997
OLMo-2-1124-7B-Instruct,OLMo 2,7.3,massive_mem_imageability_mar_2014,lexical_semantics,1000,0.2707,0.948,0.2856,0.999
OLMo-2-1124-7B-Instruct,OLMo 2,7.3,massive_mem_imageability_mar_2014_end_1,lexical_semantics,242,0.4005,0.964,0.4154,0.999
OLMo-2-1124-7B-Instruct,OLMo 2,7.3,massive_mem_valence_mar_2013,lexical_semantics,1000,0.5806,0.948,0.6125,0.998
OLMo-2-1124-7B-Instruct,OLMo 2,7.3,massive_mem_valence_mar_2013_end_1,lexical_semantics,242,0.8456,0.966,0.8753,0.999
OLMo-2-1124-7B-Instruct,OLMo 2,7.3,massive_mem_valence_mar_2014,lexical_semantics,1000,0.7606,0.961,0.7915,0.9903
OLMo-2-1124-7B-Instruct,OLMo 2,7.3,massive_mem_valence_mar_2014_end_1,lexical_semantics,242,0.8108,0.959,0.8454,0.9908
OLMo-2-1124-7B-Instruct,OLMo 2,7.3,melissa_short_naturalness_test,sentence_semantics,24,0.7928,0.968,0.819,0.998
OLMo-2-1124-7B-Instruct,OLMo 2,7.3,missing_vp_extension_0501_final,syntax,72,0.3683,0.741,0.497,0.9999
OLMo-2-1124-7B-Instruct,OLMo 2,7.3,missing_vp_extension,syntax,80,0.5724,0.881,0.6497,0.9998
OLMo-2-1124-7B-Instruct,OLMo 2,7.3,missing_vp_rereplication,syntax,72,0.1189,0.707,0.1681,0.9998
OLMo-2-1124-7B-Instruct,OLMo 2,7.3,mk_grammaticality_study_7_20,syntax,1000,0.2057,0.876,0.2348,0.9916
OLMo-2-1124-7B-Instruct,OLMo 2,7.3,muraki2023_concreteness,lexical_semantics,1000,-0.0093,0.829,-0.0113,0.9898
OLMo-2-1124-7B-Instruct,OLMo 2,7.3,noisy_channel_acceptability_1_sept_2013_1,syntax,496,0.7971,0.921,0.8654,0.9955
OLMo-2-1124-7B-Instruct,OLMo 2,7.3,noisy_channel_acceptability_2_sept_2013,syntax,380,0.8504,0.965,0.8813,0.9947
OLMo-2-1124-7B-Instruct,OLMo 2,7.3,noisy_rc_norming_oct19,sentence_semantics,128,0.5955,0.838,0.7106,0.9975
OLMo-2-1124-7B-Instruct,OLMo 2,7.3,of_acceptability_2,syntax,88,0.6313,0.951,0.6639,0.994
OLMo-2-1124-7B-Instruct,OLMo 2,7.3,orange_camel_sentence_naturalness_survey_nov_2010,discourse,144,0.5495,0.861,0.6382,0.9991
OLMo-2-1124-7B-Instruct,OLMo 2,7.3,orc_lauren_sentence_naturalness_survey_july_2012,syntax,192,0.7448,0.948,0.7857,0.9958
OLMo-2-1124-7B-Instruct,OLMo 2,7.3,p_p_sentence_naturalness_survey_aug_2010,syntax,252,0.3873,0.859,0.4508,0.9974
OLMo-2-1124-7B-Instruct,OLMo 2,7.3,p_p_sentence_naturalness_survey_dec_2009,syntax,324,0.4888,0.95,0.5146,0.9957
OLMo-2-1124-7B-Instruct,OLMo 2,7.3,p_p_sentence_naturalness_survey_feb,syntax,614,0.3156,0.664,0.4753,0.9957
OLMo-2-1124-7B-Instruct,OLMo 2,7.3,p_p_sentence_naturalness_survey_june_2013_v3,syntax,242,0.1733,0.928,0.1867,0.9918
OLMo-2-1124-7B-Instruct,OLMo 2,7.3,paris_judgments_3_dec_2012,syntax,477,0.4791,0.845,0.567,0.9969
OLMo-2-1124-7B-Instruct,OLMo 2,7.3,pascal_1_dec_2012,syntax,544,0.1197,0.066,1.8139,0.928
OLMo-2-1124-7B-Instruct,OLMo 2,7.3,presup_survey_1_acd_july_2012,pragmatics,240,-0.2312,0.83,-0.2785,0.9999
OLMo-2-1124-7B-Instruct,OLMo 2,7.3,presup_survey_2_acd_july_2012,pragmatics,240,0.087,0.665,0.1308,0.9999
OLMo-2-1124-7B-Instruct,OLMo 2,7.3,pronouns_following_verbs,pragmatics,44,0.3162,0.706,0.4478,0.9246
OLMo-2-1124-7B-Instruct,OLMo 2,7.3,pronouns_following_verbs_an,pragmatics,44,0.0247,0.663,0.0373,0.8727
OLMo-2-1124-7B-Instruct,OLMo 2,7.3,pronouns_following_verbs_ce,pragmatics,44,0.2739,0.708,0.3869,0.9305
OLMo-2-1124-7B-Instruct,OLMo 2,7.3,pronouns_following_verbs_sm,pragmatics,44,0.148,0.443,0.3342,0.7625
OLMo-2-1124-7B-Instruct,OLMo 2,7.3,pronouns_following_verbs_so,pragmatics,44,-0.1256,0.509,-0.2467,0.8841
OLMo-2-1124-7B-Instruct,OLMo 2,7.3,pronouns_following_verbs_ve,pragmatics,45,-0.0464,0.567,-0.0818,0.8475
OLMo-2-1124-7B-Instruct,OLMo 2,7.3,quant_syn_april_13_2012_90_sentences_with_a_question_and_a_rating_code,syntax,184,0.738,0.91,0.8109,0.997
OLMo-2-1124-7B-Instruct,OLMo 2,7.3,quant_syn_april_14_2012_48_sentences_with_a_question_and_a_rating_code,syntax,168,0.663,0.96,0.6907,0.9961
OLMo-2-1124-7B-Instruct,OLMo 2,7.3,quant_syn_april_16_2012_36_sentences_with_a_question_and_a_rating_code,syntax,126,0.7697,0.965,0.7976,0.9969
OLMo-2-1124-7B-Instruct,OLMo 2,7.3,quantifier_naturalness_survey_june_4_2010,syntax,192,0.4293,0.639,0.6718,0.998
OLMo-2-1124-7B-Instruct,OLMo 2,7.3,quantitative_syntax_survey,syntax,129,0.5813,0.852,0.6823,0.9977
OLMo-2-1124-7B-Instruct,OLMo 2,7.3,rating_english_sentences,syntax,240,0.8153,0.899,0.9069,0.9702
OLMo-2-1124-7B-Instruct,OLMo 2,7.3,reasoning_and_language_tasks_survey_code_talkative_pigeon,syntax,72,0.5462,0.941,0.5805,0.9908
OLMo-2-1124-7B-Instruct,OLMo 2,7.3,relative_clause_displacements_in_english_sentences,syntax,180,0.2788,0.501,0.5565,0.9991
OLMo-2-1124-7B-Instruct,OLMo 2,7.3,relative_clause_displacements_in_english_sentences_with_fill,syntax,93,0.443,0.846,0.5237,0.9989
OLMo-2-1124-7B-Instruct,OLMo 2,7.3,replication_study_9_59,discourse,185,0.4051,0.363,1.116,0.9999
OLMo-2-1124-7B-Instruct,OLMo 2,7.3,richard_islands_acceptability_expt_1_april_25_2013_3,syntax,144,0.6184,0.819,0.755,0.995
OLMo-2-1124-7B-Instruct,OLMo 2,7.3,richard_islands_acceptability_expt_2_april_26_2013,syntax,228,0.7967,0.92,0.866,0.9966
OLMo-2-1124-7B-Instruct,OLMo 2,7.3,richard_islands_acceptability_expt_4_april_26_2013_1,syntax,100,0.7736,0.931,0.8309,0.9972
OLMo-2-1124-7B-Instruct,OLMo 2,7.3,richard_islands_acceptability_expt_5_april_27_2013_1,syntax,132,0.428,0.619,0.6914,0.9941
OLMo-2-1124-7B-Instruct,OLMo 2,7.3,richard_islands_acceptability_expt_6_april_28_2013_while_whq_decl,syntax,100,0.7851,0.965,0.8136,0.9966
OLMo-2-1124-7B-Instruct,OLMo 2,7.3,russian_freezing,syntax,180,0.3681,0.898,0.4099,0.8864
OLMo-2-1124-7B-Instruct,OLMo 2,7.3,semantics1_finalproject,sentence_semantics,96,0.8595,0.972,0.8843,0.9697
OLMo-2-1124-7B-Instruct,OLMo 2,7.3,semantics2_finalproject,sentence_semantics,96,0.6473,0.986,0.6564,0.9259
OLMo-2-1124-7B-Instruct,OLMo 2,7.3,semantics3_final_project,pragmatics,96,0.6032,0.974,0.6193,0.9302
OLMo-2-1124-7B-Instruct,OLMo 2,7.3,sentence_completions_and_islands_acceptability_expt_1_nov_13_2012,syntax,112,0.6236,0.969,0.6435,0.9929
OLMo-2-1124-7B-Instruct,OLMo 2,7.3,sentence_naturalness_isac_survey_feb_2011,syntax,304,0.6082,0.836,0.7275,0.9934
OLMo-2-1124-7B-Instruct,OLMo 2,7.3,sentence_naturalness_survey_acd_ratings_hackl_expt_7_oct_25_2012_1,syntax,176,0.6732,0.886,0.7598,0.9964
OLMo-2-1124-7B-Instruct,OLMo 2,7.3,sentence_naturalness_survey_acd_ratings_hackl_replic_expt_1_july_14_20,syntax,480,0.6266,0.864,0.7252,0.9965
OLMo-2-1124-7B-Instruct,OLMo 2,7.3,sentence_naturalness_survey_acd_ratings_v4_july_13_2012,syntax,176,0.6483,0.748,0.8667,0.9982
OLMo-2-1124-7B-Instruct,OLMo 2,7.3,sentence_naturalness_survey_acd_v1_jan_2012,discourse,128,0.0794,0.299,0.2655,0.9994
OLMo-2-1124-7B-Instruct,OLMo 2,7.3,sentence_naturalness_survey_acd_v6_oct_25_2012,discourse,128,-0.0914,0.602,-0.1518,0.9995
OLMo-2-1124-7B-Instruct,OLMo 2,7.3,sentence_naturalness_survey_denise_jan_12_2011_survey_code_pig_the_pig,syntax,200,0.7819,0.986,0.793,0.992
OLMo-2-1124-7B-Instruct,OLMo 2,7.3,sentence_naturalness_survey_denise_sept_8_2010_survey_code_pig_the_pig,syntax,224,0.7453,0.972,0.7667,0.9944
OLMo-2-1124-7B-Instruct,OLMo 2,7.3,sentence_naturalness_survey_feb_16_1_2012_60_items_code_shy_armadillo,syntax,120,0.6397,0.912,0.7014,0.9797
OLMo-2-1124-7B-Instruct,OLMo 2,7.3,sentence_naturalness_survey_for_gs_dec_2009,pragmatics,122,0.7196,0.882,0.8159,0.9996
OLMo-2-1124-7B-Instruct,OLMo 2,7.3,sentence_naturalness_survey_for_gs_jan_2010,pragmatics,133,0.6867,0.906,0.758,0.9996
OLMo-2-1124-7B-Instruct,OLMo 2,7.3,sentence_naturalness_survey_for_gs_jan_23_2010,pragmatics,216,0.6768,0.942,0.7185,0.9995
OLMo-2-1124-7B-Instruct,OLMo 2,7.3,sentence_naturalness_survey_for_gs_may_11_2011_purple_puppy,pragmatics,72,0.6511,0.873,0.7458,0.9997
OLMo-2-1124-7B-Instruct,OLMo 2,7.3,sentence_naturalness_survey_for_jk_april_4_2010,discourse,96,0.3794,0.886,0.4282,0.9995
OLMo-2-1124-7B-Instruct,OLMo 2,7.3,sentence_naturalness_survey_for_jk_april_4_expt_3_2010,discourse,96,0.2679,0.83,0.3227,0.9995
OLMo-2-1124-7B-Instruct,OLMo 2,7.3,sentence_naturalness_survey_for_jk_april_9_expt_4_2010,discourse,96,0.2353,0.831,0.2832,0.9995
OLMo-2-1124-7B-Instruct,OLMo 2,7.3,sentence_naturalness_survey_for_jk_june_24_2010_v2,discourse,176,0.1204,0.787,0.1529,0.9994
OLMo-2-1124-7B-Instruct,OLMo 2,7.3,sentence_naturalness_survey_for_jk_mar_2010,discourse,96,0.2207,0.88,0.2508,0.9995
OLMo-2-1124-7B-Instruct,OLMo 2,7.3,sentence_naturalness_survey_for_jkm_dec_2009,discourse,128,0.1746,0.18,0.9698,0.9979
OLMo-2-1124-7B-Instruct,OLMo 2,7.3,sentence_naturalness_survey_for_jkm_jan_2012,discourse,128,0.1049,0.266,0.3945,0.9994
OLMo-2-1124-7B-Instruct,OLMo 2,7.3,sentence_naturalness_survey_for_lb_dec_2009,discourse,108,0.5216,0.832,0.627,0.9992
OLMo-2-1124-7B-Instruct,OLMo 2,7.3,sentence_naturalness_survey_for_lb_feb_20_2010_v2,discourse,79,0.6721,0.951,0.7067,0.9991
OLMo-2-1124-7B-Instruct,OLMo 2,7.3,sentence_naturalness_survey_for_lb_jan_2011,discourse,519,0.4872,0.886,0.5499,0.9983
OLMo-2-1124-7B-Instruct,OLMo 2,7.3,sentence_naturalness_survey_for_lb_jan_2011_v2,discourse,519,0.2806,0.689,0.4073,0.9982
OLMo-2-1124-7B-Instruct,OLMo 2,7.3,sentence_naturalness_survey_for_lb_jan_2011_v3,discourse,519,0.4624,0.886,0.5219,0.9983
OLMo-2-1124-7B-Instruct,OLMo 2,7.3,sentence_naturalness_survey_for_lb_mar_2010_2,discourse,241,0.5612,0.935,0.6002,0.9989
OLMo-2-1124-7B-Instruct,OLMo 2,7.3,sentence_naturalness_survey_for_lb_mar_2010,discourse,123,0.5532,0.951,0.5817,0.9989
OLMo-2-1124-7B-Instruct,OLMo 2,7.3,sentence_naturalness_survey_for_lb_may_2010,discourse,148,0.5001,0.953,0.5248,0.9983
OLMo-2-1124-7B-Instruct,OLMo 2,7.3,sentence_naturalness_survey_for_lb_prelim_oct_2010,discourse,402,0.4255,0.882,0.4824,0.9984
OLMo-2-1124-7B-Instruct,OLMo 2,7.3,sentence_naturalness_survey_for_rw_dec_2009,discourse,180,0.4686,0.825,0.568,0.998
OLMo-2-1124-7B-Instruct,OLMo 2,7.3,sentence_naturalness_survey_for_rw_jan_2010,discourse,480,0.4598,0.872,0.5273,0.9978
OLMo-2-1124-7B-Instruct,OLMo 2,7.3,sentence_naturalness_survey_laura_mar_17_2012_92_items_code_lazy_cater,sentence_semantics,368,0.8163,0.883,0.9245,0.9915
OLMo-2-1124-7B-Instruct,OLMo 2,7.3,sentence_naturalness_survey_laura_mar_17_2012_96_items_code_lazy_cater,sentence_semantics,384,0.7856,0.883,0.8897,0.9926
OLMo-2-1124-7B-Instruct,OLMo 2,7.3,sentence_naturalness_survey_may_4_2011_36_items_code_anxious_bat,syntax,84,0.5572,0.757,0.736,0.9917
OLMo-2-1124-7B-Instruct,OLMo 2,7.3,sentence_naturalness_survey_nat_aug_28_2010_survey_code_downtown,syntax,270,0.6468,0.956,0.6766,0.9908
OLMo-2-1124-7B-Instruct,OLMo 2,7.3,short_acceptability_feb_6_2014,syntax,128,0.6073,0.907,0.6696,0.9965
OLMo-2-1124-7B-Instruct,OLMo 2,7.3,susan_canonicity_rerunning_2,syntax,52,0.7016,0.95,0.7385,0.9917
OLMo-2-1124-7B-Instruct,OLMo 2,7.3,topicalization_e1,syntax,77,0.7299,0.942,0.7748,0.9929
OLMo-2-1124-7B-Instruct,OLMo 2,7.3,verb_causality_study_semantics_ratings_mk_april_2010,lexical_semantics,188,-0.063,0.972,-0.0649,0.9979
OLMo-2-1124-7B-Instruct,OLMo 2,7.3,verb_causality_study_syntax_ratings_mk_april_2010,syntax,653,0.2383,0.633,0.3764,0.9582
OLMo-2-1124-7B-Instruct,OLMo 2,7.3,wm2_wm5_9_59_sentence_naturalness_survey_april_2011,syntax,219,0.7566,0.839,0.9018,0.9881
OLMo-2-1124-7B-Instruct,OLMo 2,7.3,word3_b_word_naturalness_survey_may_4_2011_160_items_code_sleepy_bear,subword,158,0.4944,0.937,0.5277,0.9986
OLMo-2-1124-7B-Instruct,OLMo 2,7.3,word3_word_naturalness_survey_may_1_2011_45_items_code_nosy_badger,subword,45,0.5717,0.948,0.603,0.9989
OLMo-3-7B-Instruct,other,7.3,50_sentences_noisy_channel_may_25_2011,pragmatics,208,0.0862,0.555,0.1553,0.9996
OLMo-3-7B-Instruct,other,7.3,50_sentences_with_2_comp_qs_plus_rating_mar_11_2011,sentence_semantics,208,0.3933,0.588,0.6688,0.9979
OLMo-3-7B-Instruct,other,7.3,acceptability_extension_959_v5,syntax,566,0.7338,0.797,0.9207,0.9963
OLMo-3-7B-Instruct,other,7.3,acceptability_judgments_kang,syntax,136,0.5758,0.974,0.5911,0.9985
OLMo-3-7B-Instruct,other,7.3,acceptability_replication_959,syntax,288,0.8164,0.964,0.8469,0.9974
OLMo-3-7B-Instruct,other,7.3,acd_context_polly_1_nov_23_2012,discourse,310,0.0868,0.462,0.1879,0.9935
OLMo-3-7B-Instruct,other,7.3,acd_no_context_polly_1_nov_23_2012,syntax,213,0.3126,0.838,0.373,0.9985
OLMo-3-7B-Instruct,other,7.3,acd_project_also_3_nov_24_2012_2,syntax,128,0.4323,0.874,0.4946,0.9989
OLMo-3-7B-Instruct,other,7.3,acd_project_expt_23_also_nov_16_2012,syntax,600,0.381,0.825,0.4618,0.9989
OLMo-3-7B-Instruct,other,7.3,acd_project_expt_24_same_diff_verbs_nov_16_2012,syntax,472,0.3339,0.89,0.3752,0.9988
OLMo-3-7B-Instruct,other,7.3,acd_project_expt_31_same_diff_verbs_nov_16_2012_1,syntax,176,0.4536,0.755,0.6008,0.9988
OLMo-3-7B-Instruct,other,7.3,acd_project_expt_42_also_verbs_nov_29_2012_1,syntax,176,0.3158,0.63,0.5012,0.999
OLMo-3-7B-Instruct,other,7.3,acd_project_expt_44_the_same_nov_29_2012_1,syntax,140,0.2939,0.601,0.489,0.9984
OLMo-3-7B-Instruct,other,7.3,acd_project_expt_45_hkv_expt_2_plaus_nov_29_2012,syntax,360,0.2306,0.774,0.298,0.9985
OLMo-3-7B-Instruct,other,7.3,acd_project_expt_46_also_in_hkv_2_nov_29_2012_1,syntax,448,0.2338,0.56,0.4175,0.9986
OLMo-3-7B-Instruct,other,7.3,active_passive_sentence_naturalness_survey_july_2012,syntax,132,0.5324,0.887,0.6003,0.9983
OLMo-3-7B-Instruct,other,7.3,aixiu_coherence_en_update1,sentence_semantics,277,0.7161,0.882,0.8119,0.9977
OLMo-3-7B-Instruct,other,7.3,alex_paunov_literal_inferences_dec_3_2011,pragmatics,299,0.322,0.908,0.3546,0.9973
OLMo-3-7B-Instruct,other,7.3,amouyal2024_plausibility,sentence_semantics,853,0.5771,0.915,0.6307,0.9998
OLMo-3-7B-Instruct,other,7.3,animacy_passive_dative_kyle,syntax,120,0.516,0.926,0.5573,0.9982
OLMo-3-7B-Instruct,other,7.3,anne_abeille_acceptability_july_12_2017_1,syntax,296,0.3935,0.635,0.6197,0.9985
OLMo-3-7B-Instruct,other,7.3,base_acceptability_0908,syntax,73,0.4915,0.931,0.5279,0.9987
OLMo-3-7B-Instruct,other,7.3,brief_sentence_naturalness_survey_march_2011,sentence_semantics,64,0.8438,0.96,0.879,0.9988
OLMo-3-7B-Instruct,other,7.3,can_noncan_acceptability_0924,syntax,88,0.479,0.966,0.4959,0.9985
OLMo-3-7B-Instruct,other,7.3,can_noncan_acceptability_2,syntax,88,0.4786,0.962,0.4975,0.9984
OLMo-3-7B-Instruct,other,7.3,chinese_dative,discourse,96,0.1689,0.715,0.2362,0.9973
OLMo-3-7B-Instruct,other,7.3,class_demo,syntax,44,0.3231,0.927,0.3486,0.9988
OLMo-3-7B-Instruct,other,7.3,clefting_e3,syntax,48,0.4819,0.877,0.5495,0.9988
OLMo-3-7B-Instruct,other,7.3,clefting_e4,syntax,48,0.5248,0.969,0.5415,0.9988
OLMo-3-7B-Instruct,other,7.3,coherence_survey_list1_main,discourse,100,0.8046,0.95,0.8469,0.9963
OLMo-3-7B-Instruct,other,7.3,coherence_survey_list2_main,discourse,100,0.7925,0.948,0.836,0.9969
OLMo-3-7B-Instruct,other,7.3,coherence_survey_list3_main,discourse,100,0.7875,0.942,0.836,0.9968
OLMo-3-7B-Instruct,other,7.3,coherence_survey_list4_main,discourse,100,0.796,0.95,0.8379,0.9968
OLMo-3-7B-Instruct,other,7.3,constituency_tests_2,syntax,48,0.716,0.836,0.8564,0.9989
OLMo-3-7B-Instruct,other,7.3,constituency_tests,syntax,48,0.6059,0.654,0.9265,0.9989
OLMo-3-7B-Instruct,other,7.3,copy_cat_polly_june_2014,discourse,102,0.4807,0.865,0.5557,0.999
OLMo-3-7B-Instruct,other,7.3,copy_of_verb_causality_study_semantics_ratings_mk_april_2010,lexical_semantics,62,0.3976,0.83,0.479,0.9966
OLMo-3-7B-Instruct,other,7.3,crossed_dependencies_long,syntax,201,0.4272,0.899,0.4752,0.9972
OLMo-3-7B-Instruct,other,7.3,cul_jack_april_12_2012_54_short_texts_with_two_comprehension_questions,syntax,210,0.3319,0.896,0.3705,0.9989
OLMo-3-7B-Instruct,other,7.3,cul_jack_sentence_naturalness_survey_april_2010,syntax,220,0.7676,0.952,0.8063,0.9989
OLMo-3-7B-Instruct,other,7.3,dative_alternation_extension_version_2,syntax,229,0.4418,0.456,0.9688,0.9988
OLMo-3-7B-Instruct,other,7.3,dative_finnish,discourse,96,0.0667,0.689,0.0968,0.2336
OLMo-3-7B-Instruct,other,7.3,dative_turkish,discourse,96,0.0071,0.734,0.0097,0.1774
OLMo-3-7B-Instruct,other,7.3,dentella2023_grammaticality,syntax,80,0.3389,0.981,0.3455,0.6869
OLMo-3-7B-Instruct,other,7.3,depth_charge_survey,sentence_semantics,188,0.4014,0.846,0.4744,0.992
OLMo-3-7B-Instruct,other,7.3,depth_charge_with_noise,sentence_semantics,188,0.4113,0.854,0.4817,0.9919
OLMo-3-7B-Instruct,other,7.3,discourse_30subjs_list1,discourse,100,0.8091,0.941,0.8598,0.9963
OLMo-3-7B-Instruct,other,7.3,discourse_30subjs_list2,discourse,100,0.8201,0.951,0.8624,0.9969
OLMo-3-7B-Instruct,other,7.3,discourse_30subjs_list3,discourse,100,0.8205,0.947,0.8664,0.9967
OLMo-3-7B-Instruct,other,7.3,discourse_30subjs_list4,discourse,100,0.8297,0.942,0.8808,0.9969
OLMo-3-7B-Instruct,other,7.3,discourse_causality_list1,discourse,100,0.7631,0.935,0.8162,0.9679
OLMo-3-7B-Instruct,other,7.3,discourse_causality_list2,discourse,100,0.8032,0.952,0.8437,0.9652
OLMo-3-7B-Instruct,other,7.3,discourse_causality_list3,discourse,100,0.7575,0.933,0.8119,0.9646
OLMo-3-7B-Instruct,other,7.3,discourse_causality_list4,discourse,100,0.7365,0.955,0.7712,0.9621
OLMo-3-7B-Instruct,other,7.3,discourse_changed_0428,discourse,48,0.6812,0.953,0.7148,0.9977
OLMo-3-7B-Instruct,other,7.3,discourse_coherence_list1,discourse,100,0.808,0.943,0.8569,0.9832
OLMo-3-7B-Instruct,other,7.3,discourse_coherence_list2,discourse,100,0.7635,0.936,0.8158,0.9866
OLMo-3-7B-Instruct,other,7.3,discourse_coherence_list3,discourse,100,0.7796,0.95,0.8207,0.9855
OLMo-3-7B-Instruct,other,7.3,discourse_coherence_list4,discourse,100,0.7198,0.933,0.7715,0.9833
OLMo-3-7B-Instruct,other,7.3,discourse_imagability_pairs_list1,sentence_semantics,100,-0.1509,0.917,-0.1646,0.993
OLMo-3-7B-Instruct,other,7.3,discourse_imagability_pairs_list2,sentence_semantics,100,-0.1626,0.946,-0.1718,0.9928
OLMo-3-7B-Instruct,other,7.3,discourse_imagability_singles_list1,sentence_semantics,100,0.2534,0.938,0.2701,0.9982
OLMo-3-7B-Instruct,other,7.3,discourse_imagability_singles_list2,sentence_semantics,100,0.4003,0.954,0.4196,0.9979
OLMo-3-7B-Instruct,other,7.3,discourse_imagability_singles_list3,sentence_semantics,100,0.3931,0.931,0.4222,0.9982
OLMo-3-7B-Instruct,other,7.3,discourse_imagability_singles_list4,sentence_semantics,100,0.45,0.948,0.4746,0.9979
OLMo-3-7B-Instruct,other,7.3,discourse_mentalizing_pairs_list1,sentence_semantics,100,0.4136,0.928,0.4457,0.9971
OLMo-3-7B-Instruct,other,7.3,discourse_mentalizing_pairs_list2,sentence_semantics,100,0.3605,0.931,0.3873,0.9972
OLMo-3-7B-Instruct,other,7.3,discourse_mentalizing_singles_list1,sentence_semantics,100,0.6531,0.935,0.6985,0.9998
OLMo-3-7B-Instruct,other,7.3,discourse_mentalizing_singles_list2,sentence_semantics,100,0.6596,0.925,0.7131,0.9995
OLMo-3-7B-Instruct,other,7.3,discourse_mentalizing_singles_list3,sentence_semantics,100,0.5095,0.909,0.5605,0.9998
OLMo-3-7B-Instruct,other,7.3,discourse_mentalizing_singles_list4,sentence_semantics,100,0.6557,0.952,0.6888,0.9997
OLMo-3-7B-Instruct,other,7.3,discourse_physics_pairs_list1,sentence_semantics,100,0.3513,0.957,0.3671,0.9977
OLMo-3-7B-Instruct,other,7.3,discourse_physics_pairs_list2,sentence_semantics,100,0.3756,0.951,0.395,0.9978
OLMo-3-7B-Instruct,other,7.3,discourse_physics_singles_list1,sentence_semantics,100,0.6473,0.943,0.6864,0.999
OLMo-3-7B-Instruct,other,7.3,discourse_physics_singles_list2,sentence_semantics,100,0.5036,0.952,0.529,0.9993
OLMo-3-7B-Instruct,other,7.3,discourse_physics_singles_list3,sentence_semantics,100,0.6972,0.941,0.7409,0.9989
OLMo-3-7B-Instruct,other,7.3,discourse_physics_singles_list4,sentence_semantics,100,0.7007,0.942,0.7438,0.9993
OLMo-3-7B-Instruct,other,7.3,discourse_scenes_pairs_list1,sentence_semantics,100,0.4092,0.944,0.4335,0.9988
OLMo-3-7B-Instruct,other,7.3,discourse_scenes_pairs_list2,sentence_semantics,100,0.6532,0.95,0.6876,0.9991
OLMo-3-7B-Instruct,other,7.3,discourse_scenes_singles_list1,sentence_semantics,100,0.7738,0.944,0.8197,0.9997
OLMo-3-7B-Instruct,other,7.3,discourse_scenes_singles_list2,sentence_semantics,100,0.7149,0.949,0.7533,0.9995
OLMo-3-7B-Instruct,other,7.3,discourse_scenes_singles_list3,sentence_semantics,100,0.7677,0.966,0.7947,0.9995
OLMo-3-7B-Instruct,other,7.3,discourse_scenes_singles_list4,sentence_semantics,100,0.7696,0.964,0.7983,0.9995
OLMo-3-7B-Instruct,other,7.3,diveica2023_socialness,lexical_semantics,1000,0.6313,0.883,0.715,1.0
OLMo-3-7B-Instruct,other,7.3,ecog_sentences_imaginability_jan_8_2014,sentence_semantics,120,0.1036,0.833,0.1244,0.9991
OLMo-3-7B-Instruct,other,7.3,ecog_sentences_naturalness_jan_8_2014_2,sentence_semantics,120,0.2697,0.727,0.371,0.9988
OLMo-3-7B-Instruct,other,7.3,edwards2024_spelling_to_pronunciation_transparency,subword,1000,0.5275,0.826,0.6386,0.9972
OLMo-3-7B-Instruct,other,7.3,erp_norming_error_detection_june_2013_4,syntax,323,-0.5221,0.841,-0.6208,0.9992
OLMo-3-7B-Instruct,other,7.3,erp_sentence_naturalness_survey_june_2013_2,syntax,483,0.6836,0.922,0.7414,0.9989
OLMo-3-7B-Instruct,other,7.3,eunice_disfluency_2_nov_17_2011,syntax,190,0.5119,0.832,0.6152,0.9991
OLMo-3-7B-Instruct,other,7.3,eunice_disfluency_nov_15_2011,syntax,468,0.4029,0.807,0.4993,0.9988
OLMo-3-7B-Instruct,other,7.3,european_portuguese_rc,syntax,174,0.474,0.84,0.5643,0.9942
OLMo-3-7B-Instruct,other,7.3,european_portuguese_wh,syntax,174,0.2373,0.893,0.2657,0.9881
OLMo-3-7B-Instruct,other,7.3,extension,syntax,138,0.6948,0.872,0.7968,0.9981
OLMo-3-7B-Instruct,other,7.3,gabriel_rc,syntax,174,0.4674,0.818,0.5714,0.9946
OLMo-3-7B-Instruct,other,7.3,gabriel_wh,syntax,174,0.1225,0.902,0.1358,0.9878
OLMo-3-7B-Instruct,other,7.3,giurgea2025_motivation,lexical_semantics,1000,0.5838,0.856,0.682,0.9999
OLMo-3-7B-Instruct,other,7.3,huang_response_set1a,syntax,288,0.4415,0.966,0.4571,0.9902
OLMo-3-7B-Instruct,other,7.3,huang_response_set1b,syntax,288,0.4583,0.964,0.4754,0.9903
OLMo-3-7B-Instruct,other,7.3,huang_response_set2a,syntax,288,0.6127,0.97,0.6317,0.9906
OLMo-3-7B-Instruct,other,7.3,huang_response_set2a_declaratives,syntax,288,0.5725,0.97,0.5902,0.9899
OLMo-3-7B-Instruct,other,7.3,huang_response_set2b,syntax,288,0.565,0.97,0.5824,0.9906
OLMo-3-7B-Instruct,other,7.3,huang_response_set2b_declaratives,syntax,288,0.6161,0.974,0.6325,0.9899
OLMo-3-7B-Instruct,other,7.3,imperative_control_iad_gs_may_16_2011_purple_puppy,pragmatics,96,0.2354,0.86,0.2737,0.9996
OLMo-3-7B-Instruct,other,7.3,isac_sentence_naturalness_survey_feb_2011_64_items_survey_code_giant_c,syntax,256,0.5113,0.885,0.5777,0.9985
OLMo-3-7B-Instruct,other,7.3,islands_acceptability_expt_2_dec_2_2012,syntax,480,0.5363,0.874,0.6136,0.9987
OLMo-3-7B-Instruct,other,7.3,italian_dative_v2,discourse,192,0.1954,0.604,0.3235,0.9743
OLMo-3-7B-Instruct,other,7.3,italian_locative_v7,discourse,192,0.0176,0.66,0.0266,0.9693
OLMo-3-7B-Instruct,other,7.3,lancaster2020_auditory,lexical_semantics,1000,0.1752,0.831,0.2109,0.9998
OLMo-3-7B-Instruct,other,7.3,lancaster2020_foot_leg,lexical_semantics,1000,0.1916,0.729,0.2628,0.9999
OLMo-3-7B-Instruct,other,7.3,lancaster2020_gustatory,lexical_semantics,1000,0.1742,0.545,0.3196,0.9999
OLMo-3-7B-Instruct,other,7.3,lancaster2020_hand_arm,lexical_semantics,1000,0.1135,0.783,0.1449,0.9998
OLMo-3-7B-Instruct,other,7.3,lancaster2020_haptic,lexical_semantics,1000,0.0659,0.808,0.0816,0.9999
OLMo-3-7B-Instruct,other,7.3,lancaster2020_head,lexical_semantics,1000,0.2406,0.57,0.4221,0.9999
OLMo-3-7B-Instruct,other,7.3,lancaster2020_interoceptive,lexical_semantics,1000,0.344,0.778,0.4422,0.9996
OLMo-3-7B-Instruct,other,7.3,lancaster2020_mouth,lexical_semantics,1000,0.2774,0.777,0.357,0.9998
OLMo-3-7B-Instruct,other,7.3,lancaster2020_olfactory,lexical_semantics,1000,0.174,0.622,0.2798,0.9998
OLMo-3-7B-Instruct,other,7.3,lancaster2020_torso,lexical_semantics,1000,0.1668,0.675,0.247,0.9997
OLMo-3-7B-Instruct,other,7.3,lancaster2020_visual,lexical_semantics,1000,0.1526,0.767,0.1989,0.9998
OLMo-3-7B-Instruct,other,7.3,lauren_sentence_naturalness_survey_expt3_nov_17_2011,syntax,460,0.4049,0.633,0.6397,0.9985
OLMo-3-7B-Instruct,other,7.3,lauren_sentence_naturalness_survey_expt_2_nov_15_2011,syntax,252,0.5246,0.712,0.7368,0.9986
OLMo-3-7B-Instruct,other,7.3,lauren_sentence_naturalness_survey_oct_14_2011,syntax,360,0.5155,0.703,0.7333,0.9985
OLMo-3-7B-Instruct,other,7.3,lexical_frame_adjectives_likert_set1,syntax,384,0.6245,0.83,0.7524,0.995
OLMo-3-7B-Instruct,other,7.3,lexical_frame_adjectives_likert_set2,syntax,384,0.5592,0.744,0.7516,0.9951
OLMo-3-7B-Instruct,other,7.3,lexical_frame_adjectives_likert_set3,syntax,384,0.5672,0.873,0.6497,0.9952
OLMo-3-7B-Instruct,other,7.3,locative_topicalization_survey,discourse,229,0.4072,0.777,0.5241,0.9961
OLMo-3-7B-Instruct,other,7.3,massive_mem_arousal_mar_2013,lexical_semantics,1000,0.2394,0.883,0.2711,0.9965
OLMo-3-7B-Instruct,other,7.3,massive_mem_arousal_mar_2013_end_2,lexical_semantics,242,0.2885,0.85,0.3394,0.997
OLMo-3-7B-Instruct,other,7.3,massive_mem_arousal_mar_2014,lexical_semantics,1000,0.4673,0.863,0.5415,0.9965
OLMo-3-7B-Instruct,other,7.3,massive_mem_arousal_mar_2014_end_1,lexical_semantics,242,0.4881,0.886,0.5509,0.9969
OLMo-3-7B-Instruct,other,7.3,massive_mem_concreteness_mar_2013,lexical_semantics,1000,0.1904,0.956,0.1992,0.9949
OLMo-3-7B-Instruct,other,7.3,massive_mem_concreteness_mar_2013_end_1,lexical_semantics,242,0.3862,0.959,0.4027,0.9962
OLMo-3-7B-Instruct,other,7.3,massive_mem_concreteness_mar_2014,lexical_semantics,1000,0.2845,0.952,0.2989,0.9954
OLMo-3-7B-Instruct,other,7.3,massive_mem_concreteness_mar_2014_end_1,lexical_semantics,242,0.1567,0.955,0.1641,0.9955
OLMo-3-7B-Instruct,other,7.3,massive_mem_imageability_mar_2013,lexical_semantics,1000,0.2696,0.961,0.2805,0.9982
OLMo-3-7B-Instruct,other,7.3,massive_mem_imageability_mar_2013_end_1,lexical_semantics,242,0.371,0.963,0.3852,0.9982
OLMo-3-7B-Instruct,other,7.3,massive_mem_imageability_mar_2014,lexical_semantics,1000,0.1687,0.948,0.1779,0.9962
OLMo-3-7B-Instruct,other,7.3,massive_mem_imageability_mar_2014_end_1,lexical_semantics,242,0.1889,0.964,0.196,0.9964
OLMo-3-7B-Instruct,other,7.3,massive_mem_valence_mar_2013,lexical_semantics,1000,0.4969,0.948,0.5242,0.9946
OLMo-3-7B-Instruct,other,7.3,massive_mem_valence_mar_2013_end_1,lexical_semantics,242,0.7487,0.966,0.7751,0.9956
OLMo-3-7B-Instruct,other,7.3,massive_mem_valence_mar_2014,lexical_semantics,1000,0.6656,0.961,0.6926,0.9945
OLMo-3-7B-Instruct,other,7.3,massive_mem_valence_mar_2014_end_1,lexical_semantics,242,0.7436,0.959,0.7754,0.9948
OLMo-3-7B-Instruct,other,7.3,melissa_short_naturalness_test,sentence_semantics,24,0.594,0.968,0.6137,0.999
OLMo-3-7B-Instruct,other,7.3,missing_vp_extension_0501_final,syntax,72,0.534,0.741,0.7206,0.9894
OLMo-3-7B-Instruct,other,7.3,missing_vp_extension,syntax,80,0.2773,0.881,0.3147,0.9929
OLMo-3-7B-Instruct,other,7.3,missing_vp_rereplication,syntax,72,0.4671,0.707,0.6607,0.9923
OLMo-3-7B-Instruct,other,7.3,mk_grammaticality_study_7_20,syntax,1000,0.2794,0.876,0.319,0.9991
OLMo-3-7B-Instruct,other,7.3,muraki2023_concreteness,lexical_semantics,1000,0.3434,0.829,0.4142,0.9991
OLMo-3-7B-Instruct,other,7.3,noisy_channel_acceptability_1_sept_2013_1,syntax,496,0.7145,0.921,0.7758,0.999
OLMo-3-7B-Instruct,other,7.3,noisy_channel_acceptability_2_sept_2013,syntax,380,0.7275,0.965,0.7538,0.9989
OLMo-3-7B-Instruct,other,7.3,noisy_rc_norming_oct19,sentence_semantics,128,0.5081,0.838,0.6063,0.9987
OLMo-3-7B-Instruct,other,7.3,of_acceptability_2,syntax,88,0.482,0.951,0.5068,0.9985
OLMo-3-7B-Instruct,other,7.3,orange_camel_sentence_naturalness_survey_nov_2010,discourse,144,0.4843,0.861,0.5625,0.9989
OLMo-3-7B-Instruct,other,7.3,orc_lauren_sentence_naturalness_survey_july_2012,syntax,192,0.6348,0.948,0.6696,0.9986
OLMo-3-7B-Instruct,other,7.3,p_p_sentence_naturalness_survey_aug_2010,syntax,252,0.324,0.859,0.3772,0.9989
OLMo-3-7B-Instruct,other,7.3,p_p_sentence_naturalness_survey_dec_2009,syntax,324,0.4063,0.95,0.4277,0.9987
OLMo-3-7B-Instruct,other,7.3,p_p_sentence_naturalness_survey_feb,syntax,614,0.2222,0.664,0.3347,0.9987
OLMo-3-7B-Instruct,other,7.3,p_p_sentence_naturalness_survey_june_2013_v3,syntax,242,0.344,0.928,0.3707,0.9951
OLMo-3-7B-Instruct,other,7.3,paris_judgments_3_dec_2012,syntax,477,0.2548,0.845,0.3016,0.9987
OLMo-3-7B-Instruct,other,7.3,pascal_1_dec_2012,syntax,544,0.1256,0.066,1.9034,0.9906
OLMo-3-7B-Instruct,other,7.3,presup_survey_1_acd_july_2012,pragmatics,240,-0.0898,0.83,-0.1082,0.9969
OLMo-3-7B-Instruct,other,7.3,presup_survey_2_acd_july_2012,pragmatics,240,-0.1869,0.665,-0.281,0.9967
OLMo-3-7B-Instruct,other,7.3,pronouns_following_verbs,pragmatics,44,-0.0999,0.706,-0.1415,0.8567
OLMo-3-7B-Instruct,other,7.3,pronouns_following_verbs_an,pragmatics,44,-0.2422,0.663,-0.3653,0.9158
OLMo-3-7B-Instruct,other,7.3,pronouns_following_verbs_ce,pragmatics,44,-0.1051,0.708,-0.1484,0.8175
OLMo-3-7B-Instruct,other,7.3,pronouns_following_verbs_sm,pragmatics,44,-0.0368,0.443,-0.083,0.8377
OLMo-3-7B-Instruct,other,7.3,pronouns_following_verbs_so,pragmatics,44,0.0377,0.509,0.0741,0.8034
OLMo-3-7B-Instruct,other,7.3,pronouns_following_verbs_ve,pragmatics,45,-0.088,0.567,-0.1552,0.9012
OLMo-3-7B-Instruct,other,7.3,quant_syn_april_13_2012_90_sentences_with_a_question_and_a_rating_code,syntax,184,0.7403,0.91,0.8135,0.9984
OLMo-3-7B-Instruct,other,7.3,quant_syn_april_14_2012_48_sentences_with_a_question_and_a_rating_code,syntax,168,0.65,0.96,0.6771,0.9985
OLMo-3-7B-Instruct,other,7.3,quant_syn_april_16_2012_36_sentences_with_a_question_and_a_rating_code,syntax,126,0.7811,0.965,0.8094,0.9987
OLMo-3-7B-Instruct,other,7.3,quantifier_naturalness_survey_june_4_2010,syntax,192,0.3946,0.639,0.6175,0.9986
OLMo-3-7B-Instruct,other,7.3,quantitative_syntax_survey,syntax,129,0.4794,0.852,0.5627,0.9992
OLMo-3-7B-Instruct,other,7.3,rating_english_sentences,syntax,240,0.5248,0.899,0.5838,0.9976
OLMo-3-7B-Instruct,other,7.3,reasoning_and_language_tasks_survey_code_talkative_pigeon,syntax,72,0.3406,0.941,0.362,0.9979
OLMo-3-7B-Instruct,other,7.3,relative_clause_displacements_in_english_sentences,syntax,180,0.295,0.501,0.5888,0.9995
OLMo-3-7B-Instruct,other,7.3,relative_clause_displacements_in_english_sentences_with_fill,syntax,93,0.2341,0.846,0.2767,0.9995
OLMo-3-7B-Instruct,other,7.3,replication_study_9_59,discourse,185,0.5341,0.363,1.4713,0.9997
OLMo-3-7B-Instruct,other,7.3,richard_islands_acceptability_expt_1_april_25_2013_3,syntax,144,0.5113,0.819,0.6243,0.999
OLMo-3-7B-Instruct,other,7.3,richard_islands_acceptability_expt_2_april_26_2013,syntax,228,0.5748,0.92,0.6248,0.9992
OLMo-3-7B-Instruct,other,7.3,richard_islands_acceptability_expt_4_april_26_2013_1,syntax,100,0.6979,0.931,0.7497,0.9992
OLMo-3-7B-Instruct,other,7.3,richard_islands_acceptability_expt_5_april_27_2013_1,syntax,132,0.4117,0.619,0.6652,0.9992
OLMo-3-7B-Instruct,other,7.3,richard_islands_acceptability_expt_6_april_28_2013_while_whq_decl,syntax,100,0.7597,0.965,0.7872,0.9992
OLMo-3-7B-Instruct,other,7.3,russian_freezing,syntax,180,0.0289,0.898,0.0322,0.8083
OLMo-3-7B-Instruct,other,7.3,semantics1_finalproject,sentence_semantics,96,0.7918,0.972,0.8147,0.997
OLMo-3-7B-Instruct,other,7.3,semantics2_finalproject,sentence_semantics,96,0.7061,0.986,0.7161,0.9958
OLMo-3-7B-Instruct,other,7.3,semantics3_final_project,pragmatics,96,0.4095,0.974,0.4204,0.9972
OLMo-3-7B-Instruct,other,7.3,sentence_completions_and_islands_acceptability_expt_1_nov_13_2012,syntax,112,0.4274,0.969,0.441,0.9987
OLMo-3-7B-Instruct,other,7.3,sentence_naturalness_isac_survey_feb_2011,syntax,304,0.5706,0.836,0.6825,0.9987
OLMo-3-7B-Instruct,other,7.3,sentence_naturalness_survey_acd_ratings_hackl_expt_7_oct_25_2012_1,syntax,176,0.2256,0.886,0.2546,0.9983
OLMo-3-7B-Instruct,other,7.3,sentence_naturalness_survey_acd_ratings_hackl_replic_expt_1_july_14_20,syntax,480,0.3664,0.864,0.4241,0.9988
OLMo-3-7B-Instruct,other,7.3,sentence_naturalness_survey_acd_ratings_v4_july_13_2012,syntax,176,0.2025,0.748,0.2707,0.9983
OLMo-3-7B-Instruct,other,7.3,sentence_naturalness_survey_acd_v1_jan_2012,discourse,128,0.3118,0.299,1.0429,0.9954
OLMo-3-7B-Instruct,other,7.3,sentence_naturalness_survey_acd_v6_oct_25_2012,discourse,128,0.0912,0.602,0.1515,0.9952
OLMo-3-7B-Instruct,other,7.3,sentence_naturalness_survey_denise_jan_12_2011_survey_code_pig_the_pig,syntax,200,0.6849,0.986,0.6946,0.9984
OLMo-3-7B-Instruct,other,7.3,sentence_naturalness_survey_denise_sept_8_2010_survey_code_pig_the_pig,syntax,224,0.6131,0.972,0.6308,0.9983
OLMo-3-7B-Instruct,other,7.3,sentence_naturalness_survey_feb_16_1_2012_60_items_code_shy_armadillo,syntax,120,0.5296,0.912,0.5807,0.9979
OLMo-3-7B-Instruct,other,7.3,sentence_naturalness_survey_for_gs_dec_2009,pragmatics,122,0.6269,0.882,0.7107,0.9995
OLMo-3-7B-Instruct,other,7.3,sentence_naturalness_survey_for_gs_jan_2010,pragmatics,133,0.5713,0.906,0.6306,0.9993
OLMo-3-7B-Instruct,other,7.3,sentence_naturalness_survey_for_gs_jan_23_2010,pragmatics,216,0.5318,0.942,0.5645,0.9994
OLMo-3-7B-Instruct,other,7.3,sentence_naturalness_survey_for_gs_may_11_2011_purple_puppy,pragmatics,72,0.3755,0.873,0.4302,0.9993
OLMo-3-7B-Instruct,other,7.3,sentence_naturalness_survey_for_jk_april_4_2010,discourse,96,0.3124,0.886,0.3526,0.9983
OLMo-3-7B-Instruct,other,7.3,sentence_naturalness_survey_for_jk_april_4_expt_3_2010,discourse,96,0.3682,0.83,0.4437,0.9985
OLMo-3-7B-Instruct,other,7.3,sentence_naturalness_survey_for_jk_april_9_expt_4_2010,discourse,96,0.2957,0.831,0.3559,0.9985
OLMo-3-7B-Instruct,other,7.3,sentence_naturalness_survey_for_jk_june_24_2010_v2,discourse,176,0.1485,0.787,0.1887,0.9985
OLMo-3-7B-Instruct,other,7.3,sentence_naturalness_survey_for_jk_mar_2010,discourse,96,0.0346,0.88,0.0393,0.9985
OLMo-3-7B-Instruct,other,7.3,sentence_naturalness_survey_for_jkm_dec_2009,discourse,128,-0.1634,0.18,-0.9075,0.9978
OLMo-3-7B-Instruct,other,7.3,sentence_naturalness_survey_for_jkm_jan_2012,discourse,128,0.0895,0.266,0.3363,0.9956
OLMo-3-7B-Instruct,other,7.3,sentence_naturalness_survey_for_lb_dec_2009,discourse,108,0.4925,0.832,0.5919,0.9988
OLMo-3-7B-Instruct,other,7.3,sentence_naturalness_survey_for_lb_feb_20_2010_v2,discourse,79,0.6725,0.951,0.7072,0.9985
OLMo-3-7B-Instruct,other,7.3,sentence_naturalness_survey_for_lb_jan_2011,discourse,519,0.4748,0.886,0.5359,0.9983
OLMo-3-7B-Instruct,other,7.3,sentence_naturalness_survey_for_lb_jan_2011_v2,discourse,519,0.3991,0.689,0.5792,0.9977
OLMo-3-7B-Instruct,other,7.3,sentence_naturalness_survey_for_lb_jan_2011_v3,discourse,519,0.4456,0.886,0.503,0.9983
OLMo-3-7B-Instruct,other,7.3,sentence_naturalness_survey_for_lb_mar_2010_2,discourse,241,0.5189,0.935,0.5549,0.9988
OLMo-3-7B-Instruct,other,7.3,sentence_naturalness_survey_for_lb_mar_2010,discourse,123,0.4699,0.951,0.4941,0.9988
OLMo-3-7B-Instruct,other,7.3,sentence_naturalness_survey_for_lb_may_2010,discourse,148,0.295,0.953,0.3095,0.9983
OLMo-3-7B-Instruct,other,7.3,sentence_naturalness_survey_for_lb_prelim_oct_2010,discourse,402,0.2379,0.882,0.2697,0.9987
OLMo-3-7B-Instruct,other,7.3,sentence_naturalness_survey_for_rw_dec_2009,discourse,180,0.2694,0.825,0.3266,0.9987
OLMo-3-7B-Instruct,other,7.3,sentence_naturalness_survey_for_rw_jan_2010,discourse,480,0.3473,0.872,0.3983,0.9988
OLMo-3-7B-Instruct,other,7.3,sentence_naturalness_survey_laura_mar_17_2012_92_items_code_lazy_cater,sentence_semantics,368,0.7522,0.883,0.8519,0.9982
OLMo-3-7B-Instruct,other,7.3,sentence_naturalness_survey_laura_mar_17_2012_96_items_code_lazy_cater,sentence_semantics,384,0.6529,0.883,0.7394,0.9983
OLMo-3-7B-Instruct,other,7.3,sentence_naturalness_survey_may_4_2011_36_items_code_anxious_bat,syntax,84,0.5345,0.757,0.706,0.9975
OLMo-3-7B-Instruct,other,7.3,sentence_naturalness_survey_nat_aug_28_2010_survey_code_downtown,syntax,270,0.6272,0.956,0.656,0.9986
OLMo-3-7B-Instruct,other,7.3,short_acceptability_feb_6_2014,syntax,128,0.3495,0.907,0.3853,0.9988
OLMo-3-7B-Instruct,other,7.3,susan_canonicity_rerunning_2,syntax,52,0.7341,0.95,0.7727,0.9987
OLMo-3-7B-Instruct,other,7.3,topicalization_e1,syntax,77,0.6365,0.942,0.6757,0.9986
OLMo-3-7B-Instruct,other,7.3,verb_causality_study_semantics_ratings_mk_april_2010,lexical_semantics,188,-0.0963,0.972,-0.099,0.9967
OLMo-3-7B-Instruct,other,7.3,verb_causality_study_syntax_ratings_mk_april_2010,syntax,653,0.1882,0.633,0.2973,0.9991
OLMo-3-7B-Instruct,other,7.3,wm2_wm5_9_59_sentence_naturalness_survey_april_2011,syntax,219,0.7475,0.839,0.891,0.9989
OLMo-3-7B-Instruct,other,7.3,word3_b_word_naturalness_survey_may_4_2011_160_items_code_sleepy_bear,subword,158,0.4644,0.937,0.4957,0.9988
OLMo-3-7B-Instruct,other,7.3,word3_word_naturalness_survey_may_1_2011_45_items_code_nosy_badger,subword,45,0.3599,0.948,0.3797,0.9988
Qwen1.5-7B-Chat,other,7.7,50_sentences_noisy_channel_may_25_2011,pragmatics,208,-0.312,0.555,-0.5621,0.935
Qwen1.5-7B-Chat,other,7.7,50_sentences_with_2_comp_qs_plus_rating_mar_11_2011,sentence_semantics,208,0.4755,0.588,0.8086,0.9955
Qwen1.5-7B-Chat,other,7.7,acceptability_extension_959_v5,syntax,566,0.6945,0.797,0.8713,0.9983
Qwen1.5-7B-Chat,other,7.7,acceptability_judgments_kang,syntax,136,0.7063,0.974,0.7251,0.9982
Qwen1.5-7B-Chat,other,7.7,acceptability_replication_959,syntax,288,0.8525,0.964,0.8843,0.9852
Qwen1.5-7B-Chat,other,7.7,acd_context_polly_1_nov_23_2012,discourse,310,0.1314,0.462,0.2843,0.9889
Qwen1.5-7B-Chat,other,7.7,acd_no_context_polly_1_nov_23_2012,syntax,213,0.5473,0.838,0.6531,0.9856
Qwen1.5-7B-Chat,other,7.7,acd_project_also_3_nov_24_2012_2,syntax,128,0.5291,0.874,0.6054,0.9938
Qwen1.5-7B-Chat,other,7.7,acd_project_expt_23_also_nov_16_2012,syntax,600,0.419,0.825,0.5079,0.9945
Qwen1.5-7B-Chat,other,7.7,acd_project_expt_24_same_diff_verbs_nov_16_2012,syntax,472,0.4114,0.89,0.4622,0.9958
Qwen1.5-7B-Chat,other,7.7,acd_project_expt_31_same_diff_verbs_nov_16_2012_1,syntax,176,0.5187,0.755,0.687,0.9975
Qwen1.5-7B-Chat,other,7.7,acd_project_expt_42_also_verbs_nov_29_2012_1,syntax,176,0.5028,0.63,0.7981,0.9938
Qwen1.5-7B-Chat,other,7.7,acd_project_expt_44_the_same_nov_29_2012_1,syntax,140,0.4597,0.601,0.765,0.9971
Qwen1.5-7B-Chat,other,7.7,acd_project_expt_45_hkv_expt_2_plaus_nov_29_2012,syntax,360,0.2951,0.774,0.3812,0.9975
Qwen1.5-7B-Chat,other,7.7,acd_project_expt_46_also_in_hkv_2_nov_29_2012_1,syntax,448,0.1191,0.56,0.2127,0.9966
Qwen1.5-7B-Chat,other,7.7,active_passive_sentence_naturalness_survey_july_2012,syntax,132,0.7208,0.887,0.8126,0.997
Qwen1.5-7B-Chat,other,7.7,aixiu_coherence_en_update1,sentence_semantics,277,0.7533,0.882,0.8541,0.9902
Qwen1.5-7B-Chat,other,7.7,alex_paunov_literal_inferences_dec_3_2011,pragmatics,299,0.0472,0.908,0.052,0.9947
Qwen1.5-7B-Chat,other,7.7,amouyal2024_plausibility,sentence_semantics,853,0.3889,0.915,0.425,0.9996
Qwen1.5-7B-Chat,other,7.7,animacy_passive_dative_kyle,syntax,120,0.0784,0.926,0.0846,0.9918
Qwen1.5-7B-Chat,other,7.7,anne_abeille_acceptability_july_12_2017_1,syntax,296,0.1917,0.635,0.3019,0.9953
Qwen1.5-7B-Chat,other,7.7,base_acceptability_0908,syntax,73,0.0326,0.931,0.035,0.9998
Qwen1.5-7B-Chat,other,7.7,brief_sentence_naturalness_survey_march_2011,sentence_semantics,64,0.7559,0.96,0.7874,0.9964
Qwen1.5-7B-Chat,other,7.7,can_noncan_acceptability_0924,syntax,88,0.582,0.966,0.6025,0.9998
Qwen1.5-7B-Chat,other,7.7,can_noncan_acceptability_2,syntax,88,0.7017,0.962,0.7295,0.9998
Qwen1.5-7B-Chat,other,7.7,chinese_dative,discourse,96,0.4254,0.715,0.595,0.9993
Qwen1.5-7B-Chat,other,7.7,class_demo,syntax,44,-0.043,0.927,-0.0464,0.9998
Qwen1.5-7B-Chat,other,7.7,clefting_e3,syntax,48,0.0287,0.877,0.0327,0.9946
Qwen1.5-7B-Chat,other,7.7,clefting_e4,syntax,48,0.1088,0.969,0.1123,0.9925
Qwen1.5-7B-Chat,other,7.7,coherence_survey_list1_main,discourse,100,0.8048,0.95,0.8472,0.9983
Qwen1.5-7B-Chat,other,7.7,coherence_survey_list2_main,discourse,100,0.8006,0.948,0.8445,0.9984
Qwen1.5-7B-Chat,other,7.7,coherence_survey_list3_main,discourse,100,0.8101,0.942,0.86,0.9984
Qwen1.5-7B-Chat,other,7.7,coherence_survey_list4_main,discourse,100,0.7654,0.95,0.8057,0.9981
Qwen1.5-7B-Chat,other,7.7,constituency_tests_2,syntax,48,0.4274,0.836,0.5113,0.9995
Qwen1.5-7B-Chat,other,7.7,constituency_tests,syntax,48,0.4971,0.654,0.7601,0.9992
Qwen1.5-7B-Chat,other,7.7,copy_cat_polly_june_2014,discourse,102,0.3188,0.865,0.3685,0.9284
Qwen1.5-7B-Chat,other,7.7,copy_of_verb_causality_study_semantics_ratings_mk_april_2010,lexical_semantics,62,0.1202,0.83,0.1448,0.9975
Qwen1.5-7B-Chat,other,7.7,crossed_dependencies_long,syntax,201,0.4449,0.899,0.4949,0.9772
Qwen1.5-7B-Chat,other,7.7,cul_jack_april_12_2012_54_short_texts_with_two_comprehension_questions,syntax,210,0.0505,0.896,0.0563,0.9817
Qwen1.5-7B-Chat,other,7.7,cul_jack_sentence_naturalness_survey_april_2010,syntax,220,0.7413,0.952,0.7787,0.9987
Qwen1.5-7B-Chat,other,7.7,dative_alternation_extension_version_2,syntax,229,0.4129,0.456,0.9056,0.9998
Qwen1.5-7B-Chat,other,7.7,dative_finnish,discourse,96,0.3336,0.689,0.4842,0.9714
Qwen1.5-7B-Chat,other,7.7,dative_turkish,discourse,96,0.0774,0.734,0.1054,0.9857
Qwen1.5-7B-Chat,other,7.7,dentella2023_grammaticality,syntax,80,0.3878,0.981,0.3953,0.5361
Qwen1.5-7B-Chat,other,7.7,depth_charge_survey,sentence_semantics,188,0.2957,0.846,0.3496,0.9971
Qwen1.5-7B-Chat,other,7.7,depth_charge_with_noise,sentence_semantics,188,0.4866,0.854,0.5697,0.9968
Qwen1.5-7B-Chat,other,7.7,discourse_30subjs_list1,discourse,100,0.7744,0.941,0.8229,0.9984
Qwen1.5-7B-Chat,other,7.7,discourse_30subjs_list2,discourse,100,0.8224,0.951,0.8647,0.9983
Qwen1.5-7B-Chat,other,7.7,discourse_30subjs_list3,discourse,100,0.846,0.947,0.8933,0.9984
Qwen1.5-7B-Chat,other,7.7,discourse_30subjs_list4,discourse,100,0.7677,0.942,0.815,0.9982
Qwen1.5-7B-Chat,other,7.7,discourse_causality_list1,discourse,100,0.7162,0.935,0.766,0.9998
Qwen1.5-7B-Chat,other,7.7,discourse_causality_list2,discourse,100,0.7501,0.952,0.7879,0.9998
Qwen1.5-7B-Chat,other,7.7,discourse_causality_list3,discourse,100,0.7909,0.933,0.8477,0.9998
Qwen1.5-7B-Chat,other,7.7,discourse_causality_list4,discourse,100,0.7463,0.955,0.7814,0.9998
Qwen1.5-7B-Chat,other,7.7,discourse_changed_0428,discourse,48,0.7599,0.953,0.7974,0.9978
Qwen1.5-7B-Chat,other,7.7,discourse_coherence_list1,discourse,100,0.6066,0.943,0.6433,0.9999
Qwen1.5-7B-Chat,other,7.7,discourse_coherence_list2,discourse,100,0.4177,0.936,0.4463,0.9998
Qwen1.5-7B-Chat,other,7.7,discourse_coherence_list3,discourse,100,0.5903,0.95,0.6214,0.9998
Qwen1.5-7B-Chat,other,7.7,discourse_coherence_list4,discourse,100,0.3961,0.933,0.4246,0.9998
Qwen1.5-7B-Chat,other,7.7,discourse_imagability_pairs_list1,sentence_semantics,100,-0.1955,0.917,-0.2132,0.9997
Qwen1.5-7B-Chat,other,7.7,discourse_imagability_pairs_list2,sentence_semantics,100,-0.1093,0.946,-0.1155,0.9998
Qwen1.5-7B-Chat,other,7.7,discourse_imagability_singles_list1,sentence_semantics,100,0.0939,0.938,0.1002,0.9997
Qwen1.5-7B-Chat,other,7.7,discourse_imagability_singles_list2,sentence_semantics,100,0.2899,0.954,0.3039,0.9997
Qwen1.5-7B-Chat,other,7.7,discourse_imagability_singles_list3,sentence_semantics,100,0.0131,0.931,0.014,0.9996
Qwen1.5-7B-Chat,other,7.7,discourse_imagability_singles_list4,sentence_semantics,100,0.2068,0.948,0.2181,0.9996
Qwen1.5-7B-Chat,other,7.7,discourse_mentalizing_pairs_list1,sentence_semantics,100,0.6352,0.928,0.6845,0.9999
Qwen1.5-7B-Chat,other,7.7,discourse_mentalizing_pairs_list2,sentence_semantics,100,0.4508,0.931,0.4842,1.0
Qwen1.5-7B-Chat,other,7.7,discourse_mentalizing_singles_list1,sentence_semantics,100,0.3288,0.935,0.3516,0.9999
Qwen1.5-7B-Chat,other,7.7,discourse_mentalizing_singles_list2,sentence_semantics,100,0.4993,0.925,0.5398,0.9999
Qwen1.5-7B-Chat,other,7.7,discourse_mentalizing_singles_list3,sentence_semantics,100,0.1918,0.909,0.211,0.9999
Qwen1.5-7B-Chat,other,7.7,discourse_mentalizing_singles_list4,sentence_semantics,100,0.5173,0.952,0.5433,0.9999
Qwen1.5-7B-Chat,other,7.7,discourse_physics_pairs_list1,sentence_semantics,100,0.5207,0.957,0.5441,0.9998
Qwen1.5-7B-Chat,other,7.7,discourse_physics_pairs_list2,sentence_semantics,100,0.3992,0.951,0.4198,0.9998
Qwen1.5-7B-Chat,other,7.7,discourse_physics_singles_list1,sentence_semantics,100,0.6516,0.943,0.6909,0.9998
Qwen1.5-7B-Chat,other,7.7,discourse_physics_singles_list2,sentence_semantics,100,0.5659,0.952,0.5944,0.9998
Qwen1.5-7B-Chat,other,7.7,discourse_physics_singles_list3,sentence_semantics,100,0.5972,0.941,0.6347,0.9998
Qwen1.5-7B-Chat,other,7.7,discourse_physics_singles_list4,sentence_semantics,100,0.5377,0.942,0.5708,0.9998
Qwen1.5-7B-Chat,other,7.7,discourse_scenes_pairs_list1,sentence_semantics,100,0.7595,0.944,0.8045,0.9999
Qwen1.5-7B-Chat,other,7.7,discourse_scenes_pairs_list2,sentence_semantics,100,0.7788,0.95,0.8198,0.9999
Qwen1.5-7B-Chat,other,7.7,discourse_scenes_singles_list1,sentence_semantics,100,0.8191,0.944,0.8677,0.9999
Qwen1.5-7B-Chat,other,7.7,discourse_scenes_singles_list2,sentence_semantics,100,0.8076,0.949,0.851,0.9999
Qwen1.5-7B-Chat,other,7.7,discourse_scenes_singles_list3,sentence_semantics,100,0.7946,0.966,0.8225,0.9999
Qwen1.5-7B-Chat,other,7.7,discourse_scenes_singles_list4,sentence_semantics,100,0.7562,0.964,0.7845,0.9999
Qwen1.5-7B-Chat,other,7.7,diveica2023_socialness,lexical_semantics,1000,0.6557,0.883,0.7426,0.9967
Qwen1.5-7B-Chat,other,7.7,ecog_sentences_imaginability_jan_8_2014,sentence_semantics,120,0.4177,0.833,0.5014,0.9996
Qwen1.5-7B-Chat,other,7.7,ecog_sentences_naturalness_jan_8_2014_2,sentence_semantics,120,0.332,0.727,0.4566,0.999
Qwen1.5-7B-Chat,other,7.7,edwards2024_spelling_to_pronunciation_transparency,subword,1000,0.5321,0.826,0.6442,0.9966
Qwen1.5-7B-Chat,other,7.7,erp_norming_error_detection_june_2013_4,syntax,323,-0.6565,0.841,-0.7806,0.9727
Qwen1.5-7B-Chat,other,7.7,erp_sentence_naturalness_survey_june_2013_2,syntax,483,0.7159,0.922,0.7765,0.9887
Qwen1.5-7B-Chat,other,7.7,eunice_disfluency_2_nov_17_2011,syntax,190,0.3877,0.832,0.466,0.9978
Qwen1.5-7B-Chat,other,7.7,eunice_disfluency_nov_15_2011,syntax,468,0.3978,0.807,0.4929,0.9961
Qwen1.5-7B-Chat,other,7.7,european_portuguese_rc,syntax,174,0.5824,0.84,0.6934,0.9998
Qwen1.5-7B-Chat,other,7.7,european_portuguese_wh,syntax,174,0.4433,0.893,0.4964,0.9992
Qwen1.5-7B-Chat,other,7.7,extension,syntax,138,0.7015,0.872,0.8045,0.9834
Qwen1.5-7B-Chat,other,7.7,gabriel_rc,syntax,174,0.613,0.818,0.7493,0.9998
Qwen1.5-7B-Chat,other,7.7,gabriel_wh,syntax,174,0.4833,0.902,0.5358,0.9991
Qwen1.5-7B-Chat,other,7.7,giurgea2025_motivation,lexical_semantics,1000,0.4618,0.856,0.5395,0.993
Qwen1.5-7B-Chat,other,7.7,huang_response_set1a,syntax,288,0.3329,0.966,0.3447,0.9964
Qwen1.5-7B-Chat,other,7.7,huang_response_set1b,syntax,288,0.3466,0.964,0.3595,0.9967
Qwen1.5-7B-Chat,other,7.7,huang_response_set2a,syntax,288,0.5533,0.97,0.5704,0.9965
Qwen1.5-7B-Chat,other,7.7,huang_response_set2a_declaratives,syntax,288,0.5663,0.97,0.5838,0.9975
Qwen1.5-7B-Chat,other,7.7,huang_response_set2b,syntax,288,0.4517,0.97,0.4657,0.9966
Qwen1.5-7B-Chat,other,7.7,huang_response_set2b_declaratives,syntax,288,0.6588,0.974,0.6764,0.9976
Qwen1.5-7B-Chat,other,7.7,imperative_control_iad_gs_may_16_2011_purple_puppy,pragmatics,96,0.2845,0.86,0.3308,0.997
Qwen1.5-7B-Chat,other,7.7,isac_sentence_naturalness_survey_feb_2011_64_items_survey_code_giant_c,syntax,256,-0.1598,0.885,-0.1806,0.9838
Qwen1.5-7B-Chat,other,7.7,islands_acceptability_expt_2_dec_2_2012,syntax,480,0.6922,0.874,0.792,0.9968
Qwen1.5-7B-Chat,other,7.7,italian_dative_v2,discourse,192,0.2653,0.604,0.4392,0.9999
Qwen1.5-7B-Chat,other,7.7,italian_locative_v7,discourse,192,0.1364,0.66,0.2066,0.9999
Qwen1.5-7B-Chat,other,7.7,lancaster2020_auditory,lexical_semantics,1000,0.1903,0.831,0.229,0.9939
Qwen1.5-7B-Chat,other,7.7,lancaster2020_foot_leg,lexical_semantics,1000,0.4325,0.729,0.5933,0.9894
Qwen1.5-7B-Chat,other,7.7,lancaster2020_gustatory,lexical_semantics,1000,0.3616,0.545,0.6636,0.9993
Qwen1.5-7B-Chat,other,7.7,lancaster2020_hand_arm,lexical_semantics,1000,0.22,0.783,0.281,0.949
Qwen1.5-7B-Chat,other,7.7,lancaster2020_haptic,lexical_semantics,1000,0.2174,0.808,0.269,0.9934
Qwen1.5-7B-Chat,other,7.7,lancaster2020_head,lexical_semantics,1000,0.3669,0.57,0.6437,0.9449
Qwen1.5-7B-Chat,other,7.7,lancaster2020_interoceptive,lexical_semantics,1000,0.5286,0.778,0.6794,0.9683
Qwen1.5-7B-Chat,other,7.7,lancaster2020_mouth,lexical_semantics,1000,0.3821,0.777,0.4918,0.8769
Qwen1.5-7B-Chat,other,7.7,lancaster2020_olfactory,lexical_semantics,1000,0.3874,0.622,0.6229,0.9964
Qwen1.5-7B-Chat,other,7.7,lancaster2020_torso,lexical_semantics,1000,0.2075,0.675,0.3074,0.9626
Qwen1.5-7B-Chat,other,7.7,lancaster2020_visual,lexical_semantics,1000,0.2871,0.767,0.3744,0.9955
Qwen1.5-7B-Chat,other,7.7,lauren_sentence_naturalness_survey_expt3_nov_17_2011,syntax,460,0.3419,0.633,0.5401,0.9971
Qwen1.5-7B-Chat,other,7.7,lauren_sentence_naturalness_survey_expt_2_nov_15_2011,syntax,252,0.3987,0.712,0.5599,0.9775
Qwen1.5-7B-Chat,other,7.7,lauren_sentence_naturalness_survey_oct_14_2011,syntax,360,0.4378,0.703,0.6228,0.9877
Qwen1.5-7B-Chat,other,7.7,lexical_frame_adjectives_likert_set1,syntax,384,0.7856,0.83,0.9465,0.9989
Qwen1.5-7B-Chat,other,7.7,lexical_frame_adjectives_likert_set2,syntax,384,0.6707,0.744,0.9015,0.9988
Qwen1.5-7B-Chat,other,7.7,lexical_frame_adjectives_likert_set3,syntax,384,0.7361,0.873,0.8431,0.9988
Qwen1.5-7B-Chat,other,7.7,locative_topicalization_survey,discourse,229,0.4744,0.777,0.6105,0.9995
Qwen1.5-7B-Chat,other,7.7,massive_mem_arousal_mar_2013,lexical_semantics,1000,0.4843,0.883,0.5485,0.9986
Qwen1.5-7B-Chat,other,7.7,massive_mem_arousal_mar_2013_end_2,lexical_semantics,242,0.5931,0.85,0.6977,0.9979
Qwen1.5-7B-Chat,other,7.7,massive_mem_arousal_mar_2014,lexical_semantics,1000,0.508,0.863,0.5887,0.9936
Qwen1.5-7B-Chat,other,7.7,massive_mem_arousal_mar_2014_end_1,lexical_semantics,242,0.5906,0.886,0.6666,0.9935
Qwen1.5-7B-Chat,other,7.7,massive_mem_concreteness_mar_2013,lexical_semantics,1000,0.5374,0.956,0.5621,0.9982
Qwen1.5-7B-Chat,other,7.7,massive_mem_concreteness_mar_2013_end_1,lexical_semantics,242,0.5895,0.959,0.6147,0.9975
Qwen1.5-7B-Chat,other,7.7,massive_mem_concreteness_mar_2014,lexical_semantics,1000,0.2114,0.952,0.2221,0.9875
Qwen1.5-7B-Chat,other,7.7,massive_mem_concreteness_mar_2014_end_1,lexical_semantics,242,0.3117,0.955,0.3264,0.9878
Qwen1.5-7B-Chat,other,7.7,massive_mem_imageability_mar_2013,lexical_semantics,1000,0.5339,0.961,0.5556,0.9994
Qwen1.5-7B-Chat,other,7.7,massive_mem_imageability_mar_2013_end_1,lexical_semantics,242,0.6299,0.963,0.6541,0.9994
Qwen1.5-7B-Chat,other,7.7,massive_mem_imageability_mar_2014,lexical_semantics,1000,0.2446,0.948,0.258,0.9992
Qwen1.5-7B-Chat,other,7.7,massive_mem_imageability_mar_2014_end_1,lexical_semantics,242,0.2485,0.964,0.2577,0.9992
Qwen1.5-7B-Chat,other,7.7,massive_mem_valence_mar_2013,lexical_semantics,1000,0.5068,0.948,0.5346,0.998
Qwen1.5-7B-Chat,other,7.7,massive_mem_valence_mar_2013_end_1,lexical_semantics,242,0.5519,0.966,0.5713,0.9974
Qwen1.5-7B-Chat,other,7.7,massive_mem_valence_mar_2014,lexical_semantics,1000,-0.0468,0.961,-0.0487,0.9919
Qwen1.5-7B-Chat,other,7.7,massive_mem_valence_mar_2014_end_1,lexical_semantics,242,0.0676,0.959,0.0705,0.9922
Qwen1.5-7B-Chat,other,7.7,melissa_short_naturalness_test,sentence_semantics,24,0.5971,0.968,0.6168,0.999
Qwen1.5-7B-Chat,other,7.7,missing_vp_extension_0501_final,syntax,72,-0.121,0.741,-0.1634,0.9997
Qwen1.5-7B-Chat,other,7.7,missing_vp_extension,syntax,80,0.4083,0.881,0.4634,0.9998
Qwen1.5-7B-Chat,other,7.7,missing_vp_rereplication,syntax,72,0.4017,0.707,0.5682,0.9998
Qwen1.5-7B-Chat,other,7.7,mk_grammaticality_study_7_20,syntax,1000,-0.1127,0.876,-0.1286,0.9689
Qwen1.5-7B-Chat,other,7.7,muraki2023_concreteness,lexical_semantics,1000,0.0384,0.829,0.0463,0.9994
Qwen1.5-7B-Chat,other,7.7,noisy_channel_acceptability_1_sept_2013_1,syntax,496,0.7322,0.921,0.795,0.9959
Qwen1.5-7B-Chat,other,7.7,noisy_channel_acceptability_2_sept_2013,syntax,380,0.7978,0.965,0.8268,0.9932
Qwen1.5-7B-Chat,other,7.7,noisy_rc_norming_oct19,sentence_semantics,128,0.0802,0.838,0.0957,0.9961
Qwen1.5-7B-Chat,other,7.7,of_acceptability_2,syntax,88,0.6449,0.951,0.6782,0.9996
Qwen1.5-7B-Chat,other,7.7,orange_camel_sentence_naturalness_survey_nov_2010,discourse,144,0.5858,0.861,0.6804,0.9994
Qwen1.5-7B-Chat,other,7.7,orc_lauren_sentence_naturalness_survey_july_2012,syntax,192,0.6778,0.948,0.715,0.9974
Qwen1.5-7B-Chat,other,7.7,p_p_sentence_naturalness_survey_aug_2010,syntax,252,0.3735,0.859,0.4348,0.9993
Qwen1.5-7B-Chat,other,7.7,p_p_sentence_naturalness_survey_dec_2009,syntax,324,0.0617,0.95,0.0649,0.9983
Qwen1.5-7B-Chat,other,7.7,p_p_sentence_naturalness_survey_feb,syntax,614,0.125,0.664,0.1882,0.9988
Qwen1.5-7B-Chat,other,7.7,p_p_sentence_naturalness_survey_june_2013_v3,syntax,242,0.1078,0.928,0.1161,0.9982
Qwen1.5-7B-Chat,other,7.7,paris_judgments_3_dec_2012,syntax,477,0.5093,0.845,0.6028,0.9948
Qwen1.5-7B-Chat,other,7.7,pascal_1_dec_2012,syntax,544,0.1133,0.066,1.7163,0.9927
Qwen1.5-7B-Chat,other,7.7,presup_survey_1_acd_july_2012,pragmatics,240,0.6048,0.83,0.7286,0.996
Qwen1.5-7B-Chat,other,7.7,presup_survey_2_acd_july_2012,pragmatics,240,0.2279,0.665,0.3428,0.9947
Qwen1.5-7B-Chat,other,7.7,pronouns_following_verbs,pragmatics,44,-0.0543,0.706,-0.0769,0.8404
Qwen1.5-7B-Chat,other,7.7,pronouns_following_verbs_an,pragmatics,44,-0.0787,0.663,-0.1187,0.8771
Qwen1.5-7B-Chat,other,7.7,pronouns_following_verbs_ce,pragmatics,44,-0.0912,0.708,-0.1288,0.8199
Qwen1.5-7B-Chat,other,7.7,pronouns_following_verbs_sm,pragmatics,44,-0.2458,0.443,-0.5548,0.9083
Qwen1.5-7B-Chat,other,7.7,pronouns_following_verbs_so,pragmatics,44,0.116,0.509,0.228,0.8483
Qwen1.5-7B-Chat,other,7.7,pronouns_following_verbs_ve,pragmatics,45,0.2756,0.567,0.4861,0.8391
Qwen1.5-7B-Chat,other,7.7,quant_syn_april_13_2012_90_sentences_with_a_question_and_a_rating_code,syntax,184,0.6081,0.91,0.6682,0.9948
Qwen1.5-7B-Chat,other,7.7,quant_syn_april_14_2012_48_sentences_with_a_question_and_a_rating_code,syntax,168,0.2987,0.96,0.3112,0.9956
Qwen1.5-7B-Chat,other,7.7,quant_syn_april_16_2012_36_sentences_with_a_question_and_a_rating_code,syntax,126,-0.5766,0.965,-0.5975,0.996
Qwen1.5-7B-Chat,other,7.7,quantifier_naturalness_survey_june_4_2010,syntax,192,0.349,0.639,0.5461,0.9993
Qwen1.5-7B-Chat,other,7.7,quantitative_syntax_survey,syntax,129,0.5207,0.852,0.6111,0.9994
Qwen1.5-7B-Chat,other,7.7,rating_english_sentences,syntax,240,0.7532,0.899,0.8379,0.9899
Qwen1.5-7B-Chat,other,7.7,reasoning_and_language_tasks_survey_code_talkative_pigeon,syntax,72,-0.2853,0.941,-0.3032,0.9939
Qwen1.5-7B-Chat,other,7.7,relative_clause_displacements_in_english_sentences,syntax,180,0.3999,0.501,0.7983,0.997
Qwen1.5-7B-Chat,other,7.7,relative_clause_displacements_in_english_sentences_with_fill,syntax,93,0.4131,0.846,0.4883,0.9969
Qwen1.5-7B-Chat,other,7.7,replication_study_9_59,discourse,185,0.4045,0.363,1.1144,0.9999
Qwen1.5-7B-Chat,other,7.7,richard_islands_acceptability_expt_1_april_25_2013_3,syntax,144,0.6027,0.819,0.7359,0.9973
Qwen1.5-7B-Chat,other,7.7,richard_islands_acceptability_expt_2_april_26_2013,syntax,228,0.784,0.92,0.8522,0.9989
Qwen1.5-7B-Chat,other,7.7,richard_islands_acceptability_expt_4_april_26_2013_1,syntax,100,0.7262,0.931,0.78,0.9982
Qwen1.5-7B-Chat,other,7.7,richard_islands_acceptability_expt_5_april_27_2013_1,syntax,132,0.4634,0.619,0.7487,0.9959
Qwen1.5-7B-Chat,other,7.7,richard_islands_acceptability_expt_6_april_28_2013_while_whq_decl,syntax,100,0.7314,0.965,0.7579,0.9979
Qwen1.5-7B-Chat,other,7.7,russian_freezing,syntax,180,0.5153,0.898,0.5739,0.9997
Qwen1.5-7B-Chat,other,7.7,semantics1_finalproject,sentence_semantics,96,0.8425,0.972,0.8668,0.9887
Qwen1.5-7B-Chat,other,7.7,semantics2_finalproject,sentence_semantics,96,0.7997,0.986,0.8111,0.9874
Qwen1.5-7B-Chat,other,7.7,semantics3_final_project,pragmatics,96,0.5098,0.974,0.5234,0.9283
Qwen1.5-7B-Chat,other,7.7,sentence_completions_and_islands_acceptability_expt_1_nov_13_2012,syntax,112,0.5739,0.969,0.5923,0.9937
Qwen1.5-7B-Chat,other,7.7,sentence_naturalness_isac_survey_feb_2011,syntax,304,0.654,0.836,0.7822,0.9955
Qwen1.5-7B-Chat,other,7.7,sentence_naturalness_survey_acd_ratings_hackl_expt_7_oct_25_2012_1,syntax,176,0.5205,0.886,0.5875,0.9925
Qwen1.5-7B-Chat,other,7.7,sentence_naturalness_survey_acd_ratings_hackl_replic_expt_1_july_14_20,syntax,480,0.4913,0.864,0.5686,0.9984
Qwen1.5-7B-Chat,other,7.7,sentence_naturalness_survey_acd_ratings_v4_july_13_2012,syntax,176,0.6127,0.748,0.8191,0.9975
Qwen1.5-7B-Chat,other,7.7,sentence_naturalness_survey_acd_v1_jan_2012,discourse,128,-0.0467,0.299,-0.1562,0.9875
Qwen1.5-7B-Chat,other,7.7,sentence_naturalness_survey_acd_v6_oct_25_2012,discourse,128,0.1584,0.602,0.2631,0.9884
Qwen1.5-7B-Chat,other,7.7,sentence_naturalness_survey_denise_jan_12_2011_survey_code_pig_the_pig,syntax,200,-0.0158,0.986,-0.016,0.9707
Qwen1.5-7B-Chat,other,7.7,sentence_naturalness_survey_denise_sept_8_2010_survey_code_pig_the_pig,syntax,224,0.0248,0.972,0.0255,0.9803
Qwen1.5-7B-Chat,other,7.7,sentence_naturalness_survey_feb_16_1_2012_60_items_code_shy_armadillo,syntax,120,0.1329,0.912,0.1457,0.9933
Qwen1.5-7B-Chat,other,7.7,sentence_naturalness_survey_for_gs_dec_2009,pragmatics,122,0.693,0.882,0.7857,0.9968
Qwen1.5-7B-Chat,other,7.7,sentence_naturalness_survey_for_gs_jan_2010,pragmatics,133,0.6567,0.906,0.7248,0.9971
Qwen1.5-7B-Chat,other,7.7,sentence_naturalness_survey_for_gs_jan_23_2010,pragmatics,216,0.6392,0.942,0.6785,0.9974
Qwen1.5-7B-Chat,other,7.7,sentence_naturalness_survey_for_gs_may_11_2011_purple_puppy,pragmatics,72,0.5336,0.873,0.6113,0.9968
Qwen1.5-7B-Chat,other,7.7,sentence_naturalness_survey_for_jk_april_4_2010,discourse,96,0.3212,0.886,0.3626,0.9997
Qwen1.5-7B-Chat,other,7.7,sentence_naturalness_survey_for_jk_april_4_expt_3_2010,discourse,96,0.3511,0.83,0.423,0.9997
Qwen1.5-7B-Chat,other,7.7,sentence_naturalness_survey_for_jk_april_9_expt_4_2010,discourse,96,0.2827,0.831,0.3403,0.9997
Qwen1.5-7B-Chat,other,7.7,sentence_naturalness_survey_for_jk_june_24_2010_v2,discourse,176,0.2742,0.787,0.3484,0.9998
Qwen1.5-7B-Chat,other,7.7,sentence_naturalness_survey_for_jk_mar_2010,discourse,96,0.1646,0.88,0.187,0.9998
Qwen1.5-7B-Chat,other,7.7,sentence_naturalness_survey_for_jkm_dec_2009,discourse,128,-0.1739,0.18,-0.966,0.9924
Qwen1.5-7B-Chat,other,7.7,sentence_naturalness_survey_for_jkm_jan_2012,discourse,128,-0.0769,0.266,-0.2892,0.9877
Qwen1.5-7B-Chat,other,7.7,sentence_naturalness_survey_for_lb_dec_2009,discourse,108,0.7337,0.832,0.8819,0.9965
Qwen1.5-7B-Chat,other,7.7,sentence_naturalness_survey_for_lb_feb_20_2010_v2,discourse,79,0.7175,0.951,0.7545,0.9941
Qwen1.5-7B-Chat,other,7.7,sentence_naturalness_survey_for_lb_jan_2011,discourse,519,0.5458,0.886,0.616,0.9982
Qwen1.5-7B-Chat,other,7.7,sentence_naturalness_survey_for_lb_jan_2011_v2,discourse,519,0.0082,0.689,0.0118,0.9897
Qwen1.5-7B-Chat,other,7.7,sentence_naturalness_survey_for_lb_jan_2011_v3,discourse,519,0.5558,0.886,0.6274,0.9984
Qwen1.5-7B-Chat,other,7.7,sentence_naturalness_survey_for_lb_mar_2010_2,discourse,241,0.622,0.935,0.6652,0.9985
Qwen1.5-7B-Chat,other,7.7,sentence_naturalness_survey_for_lb_mar_2010,discourse,123,0.6435,0.951,0.6766,0.9985
Qwen1.5-7B-Chat,other,7.7,sentence_naturalness_survey_for_lb_may_2010,discourse,148,0.4861,0.953,0.5101,0.9986
Qwen1.5-7B-Chat,other,7.7,sentence_naturalness_survey_for_lb_prelim_oct_2010,discourse,402,0.4405,0.882,0.4994,0.9984
Qwen1.5-7B-Chat,other,7.7,sentence_naturalness_survey_for_rw_dec_2009,discourse,180,0.6211,0.825,0.7529,0.9977
Qwen1.5-7B-Chat,other,7.7,sentence_naturalness_survey_for_rw_jan_2010,discourse,480,0.5659,0.872,0.649,0.9969
Qwen1.5-7B-Chat,other,7.7,sentence_naturalness_survey_laura_mar_17_2012_92_items_code_lazy_cater,sentence_semantics,368,0.4949,0.883,0.5605,0.9934
Qwen1.5-7B-Chat,other,7.7,sentence_naturalness_survey_laura_mar_17_2012_96_items_code_lazy_cater,sentence_semantics,384,0.4261,0.883,0.4825,0.9924
Qwen1.5-7B-Chat,other,7.7,sentence_naturalness_survey_may_4_2011_36_items_code_anxious_bat,syntax,84,0.3332,0.757,0.4401,0.9935
Qwen1.5-7B-Chat,other,7.7,sentence_naturalness_survey_nat_aug_28_2010_survey_code_downtown,syntax,270,0.1244,0.956,0.1301,0.9852
Qwen1.5-7B-Chat,other,7.7,short_acceptability_feb_6_2014,syntax,128,0.7075,0.907,0.7801,0.9989
Qwen1.5-7B-Chat,other,7.7,susan_canonicity_rerunning_2,syntax,52,0.507,0.95,0.5337,0.9995
Qwen1.5-7B-Chat,other,7.7,topicalization_e1,syntax,77,0.7204,0.942,0.7648,0.9996
Qwen1.5-7B-Chat,other,7.7,verb_causality_study_semantics_ratings_mk_april_2010,lexical_semantics,188,-0.2569,0.972,-0.2643,0.9976
Qwen1.5-7B-Chat,other,7.7,verb_causality_study_syntax_ratings_mk_april_2010,syntax,653,0.1019,0.633,0.161,0.9748
Qwen1.5-7B-Chat,other,7.7,wm2_wm5_9_59_sentence_naturalness_survey_april_2011,syntax,219,0.7691,0.839,0.9166,0.9787
Qwen1.5-7B-Chat,other,7.7,word3_b_word_naturalness_survey_may_4_2011_160_items_code_sleepy_bear,subword,158,-0.1387,0.937,-0.1481,0.9745
Qwen1.5-7B-Chat,other,7.7,word3_word_naturalness_survey_may_1_2011_45_items_code_nosy_badger,subword,45,-0.1067,0.948,-0.1125,0.9712
Qwen2-7B-Instruct,other,7.6,50_sentences_noisy_channel_may_25_2011,pragmatics,208,0.2028,0.555,0.3655,0.9996
Qwen2-7B-Instruct,other,7.6,50_sentences_with_2_comp_qs_plus_rating_mar_11_2011,sentence_semantics,208,0.3551,0.588,0.604,0.9891
Qwen2-7B-Instruct,other,7.6,acceptability_extension_959_v5,syntax,566,0.6788,0.797,0.8517,1.0
Qwen2-7B-Instruct,other,7.6,acceptability_judgments_kang,syntax,136,0.5512,0.974,0.5659,1.0
Qwen2-7B-Instruct,other,7.6,acceptability_replication_959,syntax,288,0.8767,0.964,0.9095,0.9999
Qwen2-7B-Instruct,other,7.6,acd_context_polly_1_nov_23_2012,discourse,310,0.0686,0.462,0.1484,1.0
Qwen2-7B-Instruct,other,7.6,acd_no_context_polly_1_nov_23_2012,syntax,213,0.6334,0.838,0.7559,1.0
Qwen2-7B-Instruct,other,7.6,acd_project_also_3_nov_24_2012_2,syntax,128,0.5808,0.874,0.6645,1.0
Qwen2-7B-Instruct,other,7.6,acd_project_expt_23_also_nov_16_2012,syntax,600,0.634,0.825,0.7685,1.0
Qwen2-7B-Instruct,other,7.6,acd_project_expt_24_same_diff_verbs_nov_16_2012,syntax,472,0.6656,0.89,0.7478,1.0
Qwen2-7B-Instruct,other,7.6,acd_project_expt_31_same_diff_verbs_nov_16_2012_1,syntax,176,0.6595,0.755,0.8735,1.0
Qwen2-7B-Instruct,other,7.6,acd_project_expt_42_also_verbs_nov_29_2012_1,syntax,176,0.4801,0.63,0.7621,1.0
Qwen2-7B-Instruct,other,7.6,acd_project_expt_44_the_same_nov_29_2012_1,syntax,140,0.5283,0.601,0.879,1.0
Qwen2-7B-Instruct,other,7.6,acd_project_expt_45_hkv_expt_2_plaus_nov_29_2012,syntax,360,0.5472,0.774,0.7069,1.0
Qwen2-7B-Instruct,other,7.6,acd_project_expt_46_also_in_hkv_2_nov_29_2012_1,syntax,448,0.3311,0.56,0.5913,1.0
Qwen2-7B-Instruct,other,7.6,active_passive_sentence_naturalness_survey_july_2012,syntax,132,0.6693,0.887,0.7546,1.0
Qwen2-7B-Instruct,other,7.6,aixiu_coherence_en_update1,sentence_semantics,277,0.8085,0.882,0.9166,0.9999
Qwen2-7B-Instruct,other,7.6,alex_paunov_literal_inferences_dec_3_2011,pragmatics,299,0.4536,0.908,0.4996,0.9999
Qwen2-7B-Instruct,other,7.6,amouyal2024_plausibility,sentence_semantics,853,0.4228,0.915,0.4621,0.9997
Qwen2-7B-Instruct,other,7.6,animacy_passive_dative_kyle,syntax,120,0.3956,0.926,0.4273,1.0
Qwen2-7B-Instruct,other,7.6,anne_abeille_acceptability_july_12_2017_1,syntax,296,0.4676,0.635,0.7363,1.0
Qwen2-7B-Instruct,other,7.6,base_acceptability_0908,syntax,73,0.3231,0.931,0.3471,1.0
Qwen2-7B-Instruct,other,7.6,brief_sentence_naturalness_survey_march_2011,sentence_semantics,64,0.8491,0.96,0.8845,1.0
Qwen2-7B-Instruct,other,7.6,can_noncan_acceptability_0924,syntax,88,0.5276,0.966,0.5461,1.0
Qwen2-7B-Instruct,other,7.6,can_noncan_acceptability_2,syntax,88,0.5425,0.962,0.5639,1.0
Qwen2-7B-Instruct,other,7.6,chinese_dative,discourse,96,0.4511,0.715,0.6308,0.9999
Qwen2-7B-Instruct,other,7.6,class_demo,syntax,44,0.489,0.927,0.5275,0.9999
Qwen2-7B-Instruct,other,7.6,clefting_e3,syntax,48,0.5542,0.877,0.632,0.9999
Qwen2-7B-Instruct,other,7.6,clefting_e4,syntax,48,0.669,0.969,0.6904,0.9999
Qwen2-7B-Instruct,other,7.6,coherence_survey_list1_main,discourse,100,0.839,0.95,0.8831,0.9996
Qwen2-7B-Instruct,other,7.6,coherence_survey_list2_main,discourse,100,0.8598,0.948,0.907,0.9996
Qwen2-7B-Instruct,other,7.6,coherence_survey_list3_main,discourse,100,0.8265,0.942,0.8774,0.9995
Qwen2-7B-Instruct,other,7.6,coherence_survey_list4_main,discourse,100,0.7918,0.95,0.8334,0.9995
Qwen2-7B-Instruct,other,7.6,constituency_tests_2,syntax,48,0.651,0.836,0.7787,0.9999
Qwen2-7B-Instruct,other,7.6,constituency_tests,syntax,48,0.4668,0.654,0.7138,0.9999
Qwen2-7B-Instruct,other,7.6,copy_cat_polly_june_2014,discourse,102,0.6798,0.865,0.7858,0.9995
Qwen2-7B-Instruct,other,7.6,copy_of_verb_causality_study_semantics_ratings_mk_april_2010,lexical_semantics,62,0.4814,0.83,0.58,1.0
Qwen2-7B-Instruct,other,7.6,crossed_dependencies_long,syntax,201,0.2107,0.899,0.2344,0.9998
Qwen2-7B-Instruct,other,7.6,cul_jack_april_12_2012_54_short_texts_with_two_comprehension_questions,syntax,210,0.3838,0.896,0.4283,0.9989
Qwen2-7B-Instruct,other,7.6,cul_jack_sentence_naturalness_survey_april_2010,syntax,220,0.7866,0.952,0.8263,1.0
Qwen2-7B-Instruct,other,7.6,dative_alternation_extension_version_2,syntax,229,0.4796,0.456,1.0518,0.9989
Qwen2-7B-Instruct,other,7.6,dative_finnish,discourse,96,0.2828,0.689,0.4104,0.9986
Qwen2-7B-Instruct,other,7.6,dative_turkish,discourse,96,0.0783,0.734,0.1066,0.9985
Qwen2-7B-Instruct,other,7.6,dentella2023_grammaticality,syntax,80,0.5835,0.981,0.5948,0.6023
Qwen2-7B-Instruct,other,7.6,depth_charge_survey,sentence_semantics,188,0.3889,0.846,0.4597,0.9999
Qwen2-7B-Instruct,other,7.6,depth_charge_with_noise,sentence_semantics,188,0.5787,0.854,0.6776,0.9999
Qwen2-7B-Instruct,other,7.6,discourse_30subjs_list1,discourse,100,0.8268,0.941,0.8786,0.9996
Qwen2-7B-Instruct,other,7.6,discourse_30subjs_list2,discourse,100,0.8864,0.951,0.932,0.9996
Qwen2-7B-Instruct,other,7.6,discourse_30subjs_list3,discourse,100,0.8606,0.947,0.9087,0.9995
Qwen2-7B-Instruct,other,7.6,discourse_30subjs_list4,discourse,100,0.8348,0.942,0.8862,0.9995
Qwen2-7B-Instruct,other,7.6,discourse_causality_list1,discourse,100,0.7333,0.935,0.7842,0.9995
Qwen2-7B-Instruct,other,7.6,discourse_causality_list2,discourse,100,0.7542,0.952,0.7922,0.9997
Qwen2-7B-Instruct,other,7.6,discourse_causality_list3,discourse,100,0.7268,0.933,0.779,0.9997
Qwen2-7B-Instruct,other,7.6,discourse_causality_list4,discourse,100,0.7758,0.955,0.8123,0.9997
Qwen2-7B-Instruct,other,7.6,discourse_changed_0428,discourse,48,0.7454,0.953,0.7822,0.9995
Qwen2-7B-Instruct,other,7.6,discourse_coherence_list1,discourse,100,0.7203,0.943,0.7638,1.0
Qwen2-7B-Instruct,other,7.6,discourse_coherence_list2,discourse,100,0.7054,0.936,0.7537,1.0
Qwen2-7B-Instruct,other,7.6,discourse_coherence_list3,discourse,100,0.7513,0.95,0.7908,1.0
Qwen2-7B-Instruct,other,7.6,discourse_coherence_list4,discourse,100,0.716,0.933,0.7674,1.0
Qwen2-7B-Instruct,other,7.6,discourse_imagability_pairs_list1,sentence_semantics,100,0.5246,0.917,0.5721,1.0
Qwen2-7B-Instruct,other,7.6,discourse_imagability_pairs_list2,sentence_semantics,100,0.5296,0.946,0.5598,1.0
Qwen2-7B-Instruct,other,7.6,discourse_imagability_singles_list1,sentence_semantics,100,0.7291,0.938,0.7773,1.0
Qwen2-7B-Instruct,other,7.6,discourse_imagability_singles_list2,sentence_semantics,100,0.812,0.954,0.8512,1.0
Qwen2-7B-Instruct,other,7.6,discourse_imagability_singles_list3,sentence_semantics,100,0.7208,0.931,0.7743,1.0
Qwen2-7B-Instruct,other,7.6,discourse_imagability_singles_list4,sentence_semantics,100,0.7395,0.948,0.78,1.0
Qwen2-7B-Instruct,other,7.6,discourse_mentalizing_pairs_list1,sentence_semantics,100,0.7975,0.928,0.8594,1.0
Qwen2-7B-Instruct,other,7.6,discourse_mentalizing_pairs_list2,sentence_semantics,100,0.6703,0.931,0.7199,1.0
Qwen2-7B-Instruct,other,7.6,discourse_mentalizing_singles_list1,sentence_semantics,100,0.6275,0.935,0.6711,0.9999
Qwen2-7B-Instruct,other,7.6,discourse_mentalizing_singles_list2,sentence_semantics,100,0.668,0.925,0.7221,0.9999
Qwen2-7B-Instruct,other,7.6,discourse_mentalizing_singles_list3,sentence_semantics,100,0.5959,0.909,0.6555,0.9999
Qwen2-7B-Instruct,other,7.6,discourse_mentalizing_singles_list4,sentence_semantics,100,0.7253,0.952,0.7618,0.9999
Qwen2-7B-Instruct,other,7.6,discourse_physics_pairs_list1,sentence_semantics,100,0.7536,0.957,0.7874,1.0
Qwen2-7B-Instruct,other,7.6,discourse_physics_pairs_list2,sentence_semantics,100,0.7792,0.951,0.8193,1.0
Qwen2-7B-Instruct,other,7.6,discourse_physics_singles_list1,sentence_semantics,100,0.8392,0.943,0.8899,0.9999
Qwen2-7B-Instruct,other,7.6,discourse_physics_singles_list2,sentence_semantics,100,0.7345,0.952,0.7715,0.9999
Qwen2-7B-Instruct,other,7.6,discourse_physics_singles_list3,sentence_semantics,100,0.8216,0.941,0.8731,0.9999
Qwen2-7B-Instruct,other,7.6,discourse_physics_singles_list4,sentence_semantics,100,0.8036,0.942,0.853,0.9999
Qwen2-7B-Instruct,other,7.6,discourse_scenes_pairs_list1,sentence_semantics,100,0.8933,0.944,0.9462,1.0
Qwen2-7B-Instruct,other,7.6,discourse_scenes_pairs_list2,sentence_semantics,100,0.8887,0.95,0.9355,1.0
Qwen2-7B-Instruct,other,7.6,discourse_scenes_singles_list1,sentence_semantics,100,0.9312,0.944,0.9864,0.9999
Qwen2-7B-Instruct,other,7.6,discourse_scenes_singles_list2,sentence_semantics,100,0.8695,0.949,0.9163,0.9999
Qwen2-7B-Instruct,other,7.6,discourse_scenes_singles_list3,sentence_semantics,100,0.8791,0.966,0.91,0.9999
Qwen2-7B-Instruct,other,7.6,discourse_scenes_singles_list4,sentence_semantics,100,0.8817,0.964,0.9146,0.9999
Qwen2-7B-Instruct,other,7.6,diveica2023_socialness,lexical_semantics,1000,0.7583,0.883,0.8588,0.9996
Qwen2-7B-Instruct,other,7.6,ecog_sentences_imaginability_jan_8_2014,sentence_semantics,120,0.0606,0.833,0.0727,1.0
Qwen2-7B-Instruct,other,7.6,ecog_sentences_naturalness_jan_8_2014_2,sentence_semantics,120,0.4275,0.727,0.588,1.0
Qwen2-7B-Instruct,other,7.6,edwards2024_spelling_to_pronunciation_transparency,subword,1000,0.5373,0.826,0.6504,0.9992
Qwen2-7B-Instruct,other,7.6,erp_norming_error_detection_june_2013_4,syntax,323,-0.3869,0.841,-0.4601,0.9999
Qwen2-7B-Instruct,other,7.6,erp_sentence_naturalness_survey_june_2013_2,syntax,483,0.7909,0.922,0.8578,1.0
Qwen2-7B-Instruct,other,7.6,eunice_disfluency_2_nov_17_2011,syntax,190,0.5961,0.832,0.7164,1.0
Qwen2-7B-Instruct,other,7.6,eunice_disfluency_nov_15_2011,syntax,468,0.3739,0.807,0.4633,1.0
Qwen2-7B-Instruct,other,7.6,european_portuguese_rc,syntax,174,0.6206,0.84,0.7388,0.9998
Qwen2-7B-Instruct,other,7.6,european_portuguese_wh,syntax,174,0.4747,0.893,0.5316,0.9998
Qwen2-7B-Instruct,other,7.6,extension,syntax,138,0.7395,0.872,0.8481,0.9999
Qwen2-7B-Instruct,other,7.6,gabriel_rc,syntax,174,0.6669,0.818,0.8153,0.9998
Qwen2-7B-Instruct,other,7.6,gabriel_wh,syntax,174,0.4962,0.902,0.5501,0.9998
Qwen2-7B-Instruct,other,7.6,giurgea2025_motivation,lexical_semantics,1000,0.6966,0.856,0.8138,0.9998
Qwen2-7B-Instruct,other,7.6,huang_response_set1a,syntax,288,0.3907,0.966,0.4045,1.0
Qwen2-7B-Instruct,other,7.6,huang_response_set1b,syntax,288,0.4688,0.964,0.4863,1.0
Qwen2-7B-Instruct,other,7.6,huang_response_set2a,syntax,288,0.6724,0.97,0.6932,1.0
Qwen2-7B-Instruct,other,7.6,huang_response_set2a_declaratives,syntax,288,0.5747,0.97,0.5925,1.0
Qwen2-7B-Instruct,other,7.6,huang_response_set2b,syntax,288,0.6308,0.97,0.6503,1.0
Qwen2-7B-Instruct,other,7.6,huang_response_set2b_declaratives,syntax,288,0.6218,0.974,0.6384,1.0
Qwen2-7B-Instruct,other,7.6,imperative_control_iad_gs_may_16_2011_purple_puppy,pragmatics,96,0.3701,0.86,0.4304,1.0
Qwen2-7B-Instruct,other,7.6,isac_sentence_naturalness_survey_feb_2011_64_items_survey_code_giant_c,syntax,256,0.6669,0.885,0.7536,1.0
Qwen2-7B-Instruct,other,7.6,islands_acceptability_expt_2_dec_2_2012,syntax,480,0.7197,0.874,0.8235,1.0
Qwen2-7B-Instruct,other,7.6,italian_dative_v2,discourse,192,0.1874,0.604,0.3102,0.9957
Qwen2-7B-Instruct,other,7.6,italian_locative_v7,discourse,192,0.1822,0.66,0.2761,0.9955
Qwen2-7B-Instruct,other,7.6,lancaster2020_auditory,lexical_semantics,1000,0.1936,0.831,0.233,0.9994
Qwen2-7B-Instruct,other,7.6,lancaster2020_foot_leg,lexical_semantics,1000,0.4762,0.729,0.6532,0.9998
Qwen2-7B-Instruct,other,7.6,lancaster2020_gustatory,lexical_semantics,1000,0.2427,0.545,0.4452,0.9997
Qwen2-7B-Instruct,other,7.6,lancaster2020_hand_arm,lexical_semantics,1000,0.2894,0.783,0.3696,0.9996
Qwen2-7B-Instruct,other,7.6,lancaster2020_haptic,lexical_semantics,1000,0.3495,0.808,0.4326,0.9988
Qwen2-7B-Instruct,other,7.6,lancaster2020_head,lexical_semantics,1000,0.4349,0.57,0.763,0.9998
Qwen2-7B-Instruct,other,7.6,lancaster2020_interoceptive,lexical_semantics,1000,0.5234,0.778,0.6727,0.9994
Qwen2-7B-Instruct,other,7.6,lancaster2020_mouth,lexical_semantics,1000,0.4567,0.777,0.5877,0.9994
Qwen2-7B-Instruct,other,7.6,lancaster2020_olfactory,lexical_semantics,1000,0.343,0.622,0.5515,0.9999
Qwen2-7B-Instruct,other,7.6,lancaster2020_torso,lexical_semantics,1000,0.3279,0.675,0.4858,0.9994
Qwen2-7B-Instruct,other,7.6,lancaster2020_visual,lexical_semantics,1000,0.3848,0.767,0.5017,0.9995
Qwen2-7B-Instruct,other,7.6,lauren_sentence_naturalness_survey_expt3_nov_17_2011,syntax,460,0.4828,0.633,0.7627,1.0
Qwen2-7B-Instruct,other,7.6,lauren_sentence_naturalness_survey_expt_2_nov_15_2011,syntax,252,0.4786,0.712,0.6722,1.0
Qwen2-7B-Instruct,other,7.6,lauren_sentence_naturalness_survey_oct_14_2011,syntax,360,0.4958,0.703,0.7053,1.0
Qwen2-7B-Instruct,other,7.6,lexical_frame_adjectives_likert_set1,syntax,384,0.7344,0.83,0.8848,0.9999
Qwen2-7B-Instruct,other,7.6,lexical_frame_adjectives_likert_set2,syntax,384,0.687,0.744,0.9234,0.9999
Qwen2-7B-Instruct,other,7.6,lexical_frame_adjectives_likert_set3,syntax,384,0.6971,0.873,0.7985,0.9999
Qwen2-7B-Instruct,other,7.6,locative_topicalization_survey,discourse,229,0.3587,0.777,0.4617,0.9999
Qwen2-7B-Instruct,other,7.6,massive_mem_arousal_mar_2013,lexical_semantics,1000,0.4367,0.883,0.4946,0.993
Qwen2-7B-Instruct,other,7.6,massive_mem_arousal_mar_2013_end_2,lexical_semantics,242,0.4645,0.85,0.5465,0.9985
Qwen2-7B-Instruct,other,7.6,massive_mem_arousal_mar_2014,lexical_semantics,1000,0.5802,0.863,0.6723,0.9992
Qwen2-7B-Instruct,other,7.6,massive_mem_arousal_mar_2014_end_1,lexical_semantics,242,0.5636,0.886,0.6361,0.999
Qwen2-7B-Instruct,other,7.6,massive_mem_concreteness_mar_2013,lexical_semantics,1000,0.5921,0.956,0.6193,1.0
Qwen2-7B-Instruct,other,7.6,massive_mem_concreteness_mar_2013_end_1,lexical_semantics,242,0.7132,0.959,0.7437,1.0
Qwen2-7B-Instruct,other,7.6,massive_mem_concreteness_mar_2014,lexical_semantics,1000,0.404,0.952,0.4243,1.0
Qwen2-7B-Instruct,other,7.6,massive_mem_concreteness_mar_2014_end_1,lexical_semantics,242,0.368,0.955,0.3854,1.0
Qwen2-7B-Instruct,other,7.6,massive_mem_imageability_mar_2013,lexical_semantics,1000,0.6474,0.961,0.6737,1.0
Qwen2-7B-Instruct,other,7.6,massive_mem_imageability_mar_2013_end_1,lexical_semantics,242,0.6752,0.963,0.7011,1.0
Qwen2-7B-Instruct,other,7.6,massive_mem_imageability_mar_2014,lexical_semantics,1000,0.535,0.948,0.5643,1.0
Qwen2-7B-Instruct,other,7.6,massive_mem_imageability_mar_2014_end_1,lexical_semantics,242,0.6176,0.964,0.6407,1.0
Qwen2-7B-Instruct,other,7.6,massive_mem_valence_mar_2013,lexical_semantics,1000,0.4797,0.948,0.506,0.9868
Qwen2-7B-Instruct,other,7.6,massive_mem_valence_mar_2013_end_1,lexical_semantics,242,0.7555,0.966,0.7821,0.9944
Qwen2-7B-Instruct,other,7.6,massive_mem_valence_mar_2014,lexical_semantics,1000,0.7743,0.961,0.8057,0.9986
Qwen2-7B-Instruct,other,7.6,massive_mem_valence_mar_2014_end_1,lexical_semantics,242,0.7321,0.959,0.7634,0.9984
Qwen2-7B-Instruct,other,7.6,melissa_short_naturalness_test,sentence_semantics,24,0.7823,0.968,0.8082,1.0
Qwen2-7B-Instruct,other,7.6,missing_vp_extension_0501_final,syntax,72,0.1544,0.741,0.2084,0.9999
Qwen2-7B-Instruct,other,7.6,missing_vp_extension,syntax,80,0.5204,0.881,0.5907,1.0
Qwen2-7B-Instruct,other,7.6,missing_vp_rereplication,syntax,72,0.3659,0.707,0.5175,1.0
Qwen2-7B-Instruct,other,7.6,mk_grammaticality_study_7_20,syntax,1000,0.4696,0.876,0.5361,1.0
Qwen2-7B-Instruct,other,7.6,muraki2023_concreteness,lexical_semantics,1000,0.074,0.829,0.0893,1.0
Qwen2-7B-Instruct,other,7.6,noisy_channel_acceptability_1_sept_2013_1,syntax,496,0.792,0.921,0.86,1.0
Qwen2-7B-Instruct,other,7.6,noisy_channel_acceptability_2_sept_2013,syntax,380,0.8148,0.965,0.8444,1.0
Qwen2-7B-Instruct,other,7.6,noisy_rc_norming_oct19,sentence_semantics,128,0.5348,0.838,0.6382,1.0
Qwen2-7B-Instruct,other,7.6,of_acceptability_2,syntax,88,0.5751,0.951,0.6047,0.9999
Qwen2-7B-Instruct,other,7.6,orange_camel_sentence_naturalness_survey_nov_2010,discourse,144,0.5826,0.861,0.6767,1.0
Qwen2-7B-Instruct,other,7.6,orc_lauren_sentence_naturalness_survey_july_2012,syntax,192,0.6224,0.948,0.6566,1.0
Qwen2-7B-Instruct,other,7.6,p_p_sentence_naturalness_survey_aug_2010,syntax,252,0.4853,0.859,0.565,1.0
Qwen2-7B-Instruct,other,7.6,p_p_sentence_naturalness_survey_dec_2009,syntax,324,0.4986,0.95,0.5249,1.0
Qwen2-7B-Instruct,other,7.6,p_p_sentence_naturalness_survey_feb,syntax,614,0.2979,0.664,0.4486,1.0
Qwen2-7B-Instruct,other,7.6,p_p_sentence_naturalness_survey_june_2013_v3,syntax,242,0.2962,0.928,0.3192,0.9999
Qwen2-7B-Instruct,other,7.6,paris_judgments_3_dec_2012,syntax,477,0.4799,0.845,0.5679,1.0
Qwen2-7B-Instruct,other,7.6,pascal_1_dec_2012,syntax,544,0.2148,0.066,3.2551,0.9998
Qwen2-7B-Instruct,other,7.6,presup_survey_1_acd_july_2012,pragmatics,240,0.6692,0.83,0.8062,0.9993
Qwen2-7B-Instruct,other,7.6,presup_survey_2_acd_july_2012,pragmatics,240,0.3491,0.665,0.525,0.9995
Qwen2-7B-Instruct,other,7.6,pronouns_following_verbs,pragmatics,44,-0.0665,0.706,-0.0942,0.9983
Qwen2-7B-Instruct,other,7.6,pronouns_following_verbs_an,pragmatics,44,-0.1166,0.663,-0.1759,0.9983
Qwen2-7B-Instruct,other,7.6,pronouns_following_verbs_ce,pragmatics,44,-0.2161,0.708,-0.3053,0.9979
Qwen2-7B-Instruct,other,7.6,pronouns_following_verbs_sm,pragmatics,44,-0.1188,0.443,-0.2681,0.9988
Qwen2-7B-Instruct,other,7.6,pronouns_following_verbs_so,pragmatics,44,-0.1056,0.509,-0.2075,0.9983
Qwen2-7B-Instruct,other,7.6,pronouns_following_verbs_ve,pragmatics,45,-0.0159,0.567,-0.0281,0.9977
Qwen2-7B-Instruct,other,7.6,quant_syn_april_13_2012_90_sentences_with_a_question_and_a_rating_code,syntax,184,0.7395,0.91,0.8126,1.0
Qwen2-7B-Instruct,other,7.6,quant_syn_april_14_2012_48_sentences_with_a_question_and_a_rating_code,syntax,168,0.7332,0.96,0.7637,1.0
Qwen2-7B-Instruct,other,7.6,quant_syn_april_16_2012_36_sentences_with_a_question_and_a_rating_code,syntax,126,0.8413,0.965,0.8718,1.0
Qwen2-7B-Instruct,other,7.6,quantifier_naturalness_survey_june_4_2010,syntax,192,0.3795,0.639,0.5939,1.0
Qwen2-7B-Instruct,other,7.6,quantitative_syntax_survey,syntax,129,0.4047,0.852,0.475,1.0
Qwen2-7B-Instruct,other,7.6,rating_english_sentences,syntax,240,0.6247,0.899,0.6949,1.0
Qwen2-7B-Instruct,other,7.6,reasoning_and_language_tasks_survey_code_talkative_pigeon,syntax,72,0.3763,0.941,0.3999,1.0
Qwen2-7B-Instruct,other,7.6,relative_clause_displacements_in_english_sentences,syntax,180,0.3146,0.501,0.6279,0.9997
Qwen2-7B-Instruct,other,7.6,relative_clause_displacements_in_english_sentences_with_fill,syntax,93,0.4117,0.846,0.4866,0.9997
Qwen2-7B-Instruct,other,7.6,replication_study_9_59,discourse,185,0.4542,0.363,1.2513,1.0
Qwen2-7B-Instruct,other,7.6,richard_islands_acceptability_expt_1_april_25_2013_3,syntax,144,0.5861,0.819,0.7156,1.0
Qwen2-7B-Instruct,other,7.6,richard_islands_acceptability_expt_2_april_26_2013,syntax,228,0.8187,0.92,0.8898,1.0
Qwen2-7B-Instruct,other,7.6,richard_islands_acceptability_expt_4_april_26_2013_1,syntax,100,0.8417,0.931,0.9041,1.0
Qwen2-7B-Instruct,other,7.6,richard_islands_acceptability_expt_5_april_27_2013_1,syntax,132,0.3589,0.619,0.5798,1.0
Qwen2-7B-Instruct,other,7.6,richard_islands_acceptability_expt_6_april_28_2013_while_whq_decl,syntax,100,0.833,0.965,0.8632,1.0
Qwen2-7B-Instruct,other,7.6,russian_freezing,syntax,180,0.6352,0.898,0.7074,0.9995
Qwen2-7B-Instruct,other,7.6,semantics1_finalproject,sentence_semantics,96,0.851,0.972,0.8755,0.9998
Qwen2-7B-Instruct,other,7.6,semantics2_finalproject,sentence_semantics,96,0.8616,0.986,0.8738,0.9997
Qwen2-7B-Instruct,other,7.6,semantics3_final_project,pragmatics,96,0.7461,0.974,0.7661,0.9984
Qwen2-7B-Instruct,other,7.6,sentence_completions_and_islands_acceptability_expt_1_nov_13_2012,syntax,112,0.7723,0.969,0.797,1.0
Qwen2-7B-Instruct,other,7.6,sentence_naturalness_isac_survey_feb_2011,syntax,304,0.7721,0.836,0.9236,1.0
Qwen2-7B-Instruct,other,7.6,sentence_naturalness_survey_acd_ratings_hackl_expt_7_oct_25_2012_1,syntax,176,0.386,0.886,0.4356,1.0
Qwen2-7B-Instruct,other,7.6,sentence_naturalness_survey_acd_ratings_hackl_replic_expt_1_july_14_20,syntax,480,0.6715,0.864,0.7772,1.0
Qwen2-7B-Instruct,other,7.6,sentence_naturalness_survey_acd_ratings_v4_july_13_2012,syntax,176,0.5669,0.748,0.7579,1.0
Qwen2-7B-Instruct,other,7.6,sentence_naturalness_survey_acd_v1_jan_2012,discourse,128,-0.0536,0.299,-0.1793,1.0
Qwen2-7B-Instruct,other,7.6,sentence_naturalness_survey_acd_v6_oct_25_2012,discourse,128,-0.0155,0.602,-0.0258,1.0
Qwen2-7B-Instruct,other,7.6,sentence_naturalness_survey_denise_jan_12_2011_survey_code_pig_the_pig,syntax,200,0.7229,0.986,0.7332,1.0
Qwen2-7B-Instruct,other,7.6,sentence_naturalness_survey_denise_sept_8_2010_survey_code_pig_the_pig,syntax,224,0.6827,0.972,0.7024,1.0
Qwen2-7B-Instruct,other,7.6,sentence_naturalness_survey_feb_16_1_2012_60_items_code_shy_armadillo,syntax,120,0.3122,0.912,0.3423,0.9999
Qwen2-7B-Instruct,other,7.6,sentence_naturalness_survey_for_gs_dec_2009,pragmatics,122,0.6461,0.882,0.7325,0.9999
Qwen2-7B-Instruct,other,7.6,sentence_naturalness_survey_for_gs_jan_2010,pragmatics,133,0.6724,0.906,0.7422,1.0
Qwen2-7B-Instruct,other,7.6,sentence_naturalness_survey_for_gs_jan_23_2010,pragmatics,216,0.6413,0.942,0.6807,1.0
Qwen2-7B-Instruct,other,7.6,sentence_naturalness_survey_for_gs_may_11_2011_purple_puppy,pragmatics,72,0.5119,0.873,0.5864,0.9999
Qwen2-7B-Instruct,other,7.6,sentence_naturalness_survey_for_jk_april_4_2010,discourse,96,0.2219,0.886,0.2505,1.0
Qwen2-7B-Instruct,other,7.6,sentence_naturalness_survey_for_jk_april_4_expt_3_2010,discourse,96,0.2329,0.83,0.2806,1.0
Qwen2-7B-Instruct,other,7.6,sentence_naturalness_survey_for_jk_april_9_expt_4_2010,discourse,96,0.1478,0.831,0.1778,1.0
Qwen2-7B-Instruct,other,7.6,sentence_naturalness_survey_for_jk_june_24_2010_v2,discourse,176,0.1076,0.787,0.1367,1.0
Qwen2-7B-Instruct,other,7.6,sentence_naturalness_survey_for_jk_mar_2010,discourse,96,0.0323,0.88,0.0368,1.0
Qwen2-7B-Instruct,other,7.6,sentence_naturalness_survey_for_jkm_dec_2009,discourse,128,-0.043,0.18,-0.2391,1.0
Qwen2-7B-Instruct,other,7.6,sentence_naturalness_survey_for_jkm_jan_2012,discourse,128,-0.1483,0.266,-0.5576,1.0
Qwen2-7B-Instruct,other,7.6,sentence_naturalness_survey_for_lb_dec_2009,discourse,108,0.629,0.832,0.756,1.0
Qwen2-7B-Instruct,other,7.6,sentence_naturalness_survey_for_lb_feb_20_2010_v2,discourse,79,0.5542,0.951,0.5827,1.0
Qwen2-7B-Instruct,other,7.6,sentence_naturalness_survey_for_lb_jan_2011,discourse,519,0.6774,0.886,0.7645,1.0
Qwen2-7B-Instruct,other,7.6,sentence_naturalness_survey_for_lb_jan_2011_v2,discourse,519,0.4293,0.689,0.6231,1.0
Qwen2-7B-Instruct,other,7.6,sentence_naturalness_survey_for_lb_jan_2011_v3,discourse,519,0.6829,0.886,0.7707,1.0
Qwen2-7B-Instruct,other,7.6,sentence_naturalness_survey_for_lb_mar_2010_2,discourse,241,0.5579,0.935,0.5967,1.0
Qwen2-7B-Instruct,other,7.6,sentence_naturalness_survey_for_lb_mar_2010,discourse,123,0.5735,0.951,0.6031,1.0
Qwen2-7B-Instruct,other,7.6,sentence_naturalness_survey_for_lb_may_2010,discourse,148,0.5896,0.953,0.6187,1.0
Qwen2-7B-Instruct,other,7.6,sentence_naturalness_survey_for_lb_prelim_oct_2010,discourse,402,0.4653,0.882,0.5276,1.0
Qwen2-7B-Instruct,other,7.6,sentence_naturalness_survey_for_rw_dec_2009,discourse,180,0.3204,0.825,0.3884,1.0
Qwen2-7B-Instruct,other,7.6,sentence_naturalness_survey_for_rw_jan_2010,discourse,480,0.3603,0.872,0.4132,1.0
Qwen2-7B-Instruct,other,7.6,sentence_naturalness_survey_laura_mar_17_2012_92_items_code_lazy_cater,sentence_semantics,368,0.7335,0.883,0.8307,1.0
Qwen2-7B-Instruct,other,7.6,sentence_naturalness_survey_laura_mar_17_2012_96_items_code_lazy_cater,sentence_semantics,384,0.7266,0.883,0.8229,1.0
Qwen2-7B-Instruct,other,7.6,sentence_naturalness_survey_may_4_2011_36_items_code_anxious_bat,syntax,84,0.5114,0.757,0.6756,0.9999
Qwen2-7B-Instruct,other,7.6,sentence_naturalness_survey_nat_aug_28_2010_survey_code_downtown,syntax,270,0.5144,0.956,0.5381,1.0
Qwen2-7B-Instruct,other,7.6,short_acceptability_feb_6_2014,syntax,128,0.6314,0.907,0.6962,1.0
Qwen2-7B-Instruct,other,7.6,susan_canonicity_rerunning_2,syntax,52,0.7796,0.95,0.8206,0.9999
Qwen2-7B-Instruct,other,7.6,topicalization_e1,syntax,77,0.7777,0.942,0.8256,0.9999
Qwen2-7B-Instruct,other,7.6,verb_causality_study_semantics_ratings_mk_april_2010,lexical_semantics,188,0.171,0.972,0.176,1.0
Qwen2-7B-Instruct,other,7.6,verb_causality_study_syntax_ratings_mk_april_2010,syntax,653,0.2333,0.633,0.3685,1.0
Qwen2-7B-Instruct,other,7.6,wm2_wm5_9_59_sentence_naturalness_survey_april_2011,syntax,219,0.6404,0.839,0.7633,1.0
Qwen2-7B-Instruct,other,7.6,word3_b_word_naturalness_survey_may_4_2011_160_items_code_sleepy_bear,subword,158,0.4995,0.937,0.533,1.0
Qwen2-7B-Instruct,other,7.6,word3_word_naturalness_survey_may_1_2011_45_items_code_nosy_badger,subword,45,0.3276,0.948,0.3456,1.0
Qwen2.5-0.5B-Instruct,Qwen2.5,0.5,50_sentences_noisy_channel_may_25_2011,pragmatics,208,0.1288,0.555,0.2321,0.9975
Qwen2.5-0.5B-Instruct,Qwen2.5,0.5,50_sentences_with_2_comp_qs_plus_rating_mar_11_2011,sentence_semantics,208,-0.133,0.588,-0.2263,0.9777
Qwen2.5-0.5B-Instruct,Qwen2.5,0.5,acceptability_extension_959_v5,syntax,566,0.2942,0.797,0.3692,0.9933
Qwen2.5-0.5B-Instruct,Qwen2.5,0.5,acceptability_judgments_kang,syntax,136,-0.3102,0.974,-0.3185,0.989
Qwen2.5-0.5B-Instruct,Qwen2.5,0.5,acceptability_replication_959,syntax,288,0.2303,0.964,0.2389,0.9955
Qwen2.5-0.5B-Instruct,Qwen2.5,0.5,acd_context_polly_1_nov_23_2012,discourse,310,0.0212,0.462,0.0459,0.9934
Qwen2.5-0.5B-Instruct,Qwen2.5,0.5,acd_no_context_polly_1_nov_23_2012,syntax,213,0.245,0.838,0.2924,0.9918
Qwen2.5-0.5B-Instruct,Qwen2.5,0.5,acd_project_also_3_nov_24_2012_2,syntax,128,-0.1682,0.874,-0.1924,0.9869
Qwen2.5-0.5B-Instruct,Qwen2.5,0.5,acd_project_expt_23_also_nov_16_2012,syntax,600,-0.0256,0.825,-0.031,0.988
Qwen2.5-0.5B-Instruct,Qwen2.5,0.5,acd_project_expt_24_same_diff_verbs_nov_16_2012,syntax,472,0.0082,0.89,0.0092,0.9885
Qwen2.5-0.5B-Instruct,Qwen2.5,0.5,acd_project_expt_31_same_diff_verbs_nov_16_2012_1,syntax,176,0.0334,0.755,0.0443,0.9872
Qwen2.5-0.5B-Instruct,Qwen2.5,0.5,acd_project_expt_42_also_verbs_nov_29_2012_1,syntax,176,-0.1947,0.63,-0.3091,0.9877
Qwen2.5-0.5B-Instruct,Qwen2.5,0.5,acd_project_expt_44_the_same_nov_29_2012_1,syntax,140,0.0292,0.601,0.0485,0.9916
Qwen2.5-0.5B-Instruct,Qwen2.5,0.5,acd_project_expt_45_hkv_expt_2_plaus_nov_29_2012,syntax,360,-0.0003,0.774,-0.0004,0.9881
Qwen2.5-0.5B-Instruct,Qwen2.5,0.5,acd_project_expt_46_also_in_hkv_2_nov_29_2012_1,syntax,448,-0.1067,0.56,-0.1906,0.9883
Qwen2.5-0.5B-Instruct,Qwen2.5,0.5,active_passive_sentence_naturalness_survey_july_2012,syntax,132,0.3531,0.887,0.3981,0.9891
Qwen2.5-0.5B-Instruct,Qwen2.5,0.5,aixiu_coherence_en_update1,sentence_semantics,277,0.1158,0.882,0.1313,0.9954
Qwen2.5-0.5B-Instruct,Qwen2.5,0.5,alex_paunov_literal_inferences_dec_3_2011,pragmatics,299,0.1289,0.908,0.142,0.9779
Qwen2.5-0.5B-Instruct,Qwen2.5,0.5,amouyal2024_plausibility,sentence_semantics,853,0.0404,0.915,0.0442,0.9999
Qwen2.5-0.5B-Instruct,Qwen2.5,0.5,animacy_passive_dative_kyle,syntax,120,-0.2753,0.926,-0.2973,0.9924
Qwen2.5-0.5B-Instruct,Qwen2.5,0.5,anne_abeille_acceptability_july_12_2017_1,syntax,296,0.1167,0.635,0.1837,0.9888
Qwen2.5-0.5B-Instruct,Qwen2.5,0.5,base_acceptability_0908,syntax,73,0.0102,0.931,0.011,0.9929
Qwen2.5-0.5B-Instruct,Qwen2.5,0.5,brief_sentence_naturalness_survey_march_2011,sentence_semantics,64,-0.4031,0.96,-0.4199,0.9946
Qwen2.5-0.5B-Instruct,Qwen2.5,0.5,can_noncan_acceptability_0924,syntax,88,0.2229,0.966,0.2308,0.9913
Qwen2.5-0.5B-Instruct,Qwen2.5,0.5,can_noncan_acceptability_2,syntax,88,0.3232,0.962,0.336,0.9915
Qwen2.5-0.5B-Instruct,Qwen2.5,0.5,chinese_dative,discourse,96,-0.1993,0.715,-0.2788,0.9995
Qwen2.5-0.5B-Instruct,Qwen2.5,0.5,class_demo,syntax,44,-0.4574,0.927,-0.4934,0.9888
Qwen2.5-0.5B-Instruct,Qwen2.5,0.5,clefting_e3,syntax,48,-0.2278,0.877,-0.2597,0.9913
Qwen2.5-0.5B-Instruct,Qwen2.5,0.5,clefting_e4,syntax,48,-0.1231,0.969,-0.127,0.9913
Qwen2.5-0.5B-Instruct,Qwen2.5,0.5,coherence_survey_list1_main,discourse,100,0.1506,0.95,0.1586,0.9873
Qwen2.5-0.5B-Instruct,Qwen2.5,0.5,coherence_survey_list2_main,discourse,100,0.0608,0.948,0.0641,0.9845
Qwen2.5-0.5B-Instruct,Qwen2.5,0.5,coherence_survey_list3_main,discourse,100,0.0737,0.942,0.0783,0.9857
Qwen2.5-0.5B-Instruct,Qwen2.5,0.5,coherence_survey_list4_main,discourse,100,0.0831,0.95,0.0875,0.9858
Qwen2.5-0.5B-Instruct,Qwen2.5,0.5,constituency_tests_2,syntax,48,0.4322,0.836,0.517,0.9896
Qwen2.5-0.5B-Instruct,Qwen2.5,0.5,constituency_tests,syntax,48,0.1567,0.654,0.2395,0.9898
Qwen2.5-0.5B-Instruct,Qwen2.5,0.5,copy_cat_polly_june_2014,discourse,102,0.0152,0.865,0.0175,0.9929
Qwen2.5-0.5B-Instruct,Qwen2.5,0.5,copy_of_verb_causality_study_semantics_ratings_mk_april_2010,lexical_semantics,62,0.2588,0.83,0.3118,0.9881
Qwen2.5-0.5B-Instruct,Qwen2.5,0.5,crossed_dependencies_long,syntax,201,-0.3152,0.899,-0.3506,0.9428
Qwen2.5-0.5B-Instruct,Qwen2.5,0.5,cul_jack_april_12_2012_54_short_texts_with_two_comprehension_questions,syntax,210,0.1827,0.896,0.2039,0.9889
Qwen2.5-0.5B-Instruct,Qwen2.5,0.5,cul_jack_sentence_naturalness_survey_april_2010,syntax,220,0.1804,0.952,0.1895,0.9913
Qwen2.5-0.5B-Instruct,Qwen2.5,0.5,dative_alternation_extension_version_2,syntax,229,0.0062,0.456,0.0136,0.9802
Qwen2.5-0.5B-Instruct,Qwen2.5,0.5,dative_finnish,discourse,96,0.046,0.689,0.0667,0.5034
Qwen2.5-0.5B-Instruct,Qwen2.5,0.5,dative_turkish,discourse,96,0.0821,0.734,0.1119,0.5095
Qwen2.5-0.5B-Instruct,Qwen2.5,0.5,dentella2023_grammaticality,syntax,80,0.1476,0.981,0.1504,0.6435
Qwen2.5-0.5B-Instruct,Qwen2.5,0.5,depth_charge_survey,sentence_semantics,188,0.0169,0.846,0.0199,0.9974
Qwen2.5-0.5B-Instruct,Qwen2.5,0.5,depth_charge_with_noise,sentence_semantics,188,0.277,0.854,0.3244,0.9974
Qwen2.5-0.5B-Instruct,Qwen2.5,0.5,discourse_30subjs_list1,discourse,100,0.1128,0.941,0.1199,0.9862
Qwen2.5-0.5B-Instruct,Qwen2.5,0.5,discourse_30subjs_list2,discourse,100,0.1187,0.951,0.1248,0.9848
Qwen2.5-0.5B-Instruct,Qwen2.5,0.5,discourse_30subjs_list3,discourse,100,0.0846,0.947,0.0893,0.9859
Qwen2.5-0.5B-Instruct,Qwen2.5,0.5,discourse_30subjs_list4,discourse,100,0.0991,0.942,0.1052,0.9854
Qwen2.5-0.5B-Instruct,Qwen2.5,0.5,discourse_causality_list1,discourse,100,0.4596,0.935,0.4915,0.9988
Qwen2.5-0.5B-Instruct,Qwen2.5,0.5,discourse_causality_list2,discourse,100,0.4216,0.952,0.4429,0.9986
Qwen2.5-0.5B-Instruct,Qwen2.5,0.5,discourse_causality_list3,discourse,100,0.4426,0.933,0.4743,0.9985
Qwen2.5-0.5B-Instruct,Qwen2.5,0.5,discourse_causality_list4,discourse,100,0.4831,0.955,0.5059,0.9987
Qwen2.5-0.5B-Instruct,Qwen2.5,0.5,discourse_changed_0428,discourse,48,0.1403,0.953,0.1472,0.9848
Qwen2.5-0.5B-Instruct,Qwen2.5,0.5,discourse_coherence_list1,discourse,100,0.3947,0.943,0.4186,0.9986
Qwen2.5-0.5B-Instruct,Qwen2.5,0.5,discourse_coherence_list2,discourse,100,0.3187,0.936,0.3405,0.9987
Qwen2.5-0.5B-Instruct,Qwen2.5,0.5,discourse_coherence_list3,discourse,100,0.3952,0.95,0.416,0.9987
Qwen2.5-0.5B-Instruct,Qwen2.5,0.5,discourse_coherence_list4,discourse,100,0.478,0.933,0.5123,0.9987
Qwen2.5-0.5B-Instruct,Qwen2.5,0.5,discourse_imagability_pairs_list1,sentence_semantics,100,-0.403,0.917,-0.4395,0.9999
Qwen2.5-0.5B-Instruct,Qwen2.5,0.5,discourse_imagability_pairs_list2,sentence_semantics,100,-0.3498,0.946,-0.3698,0.9999
Qwen2.5-0.5B-Instruct,Qwen2.5,0.5,discourse_imagability_singles_list1,sentence_semantics,100,-0.1824,0.938,-0.1945,0.9998
Qwen2.5-0.5B-Instruct,Qwen2.5,0.5,discourse_imagability_singles_list2,sentence_semantics,100,-0.2775,0.954,-0.2909,0.9998
Qwen2.5-0.5B-Instruct,Qwen2.5,0.5,discourse_imagability_singles_list3,sentence_semantics,100,-0.3892,0.931,-0.4181,0.9998
Qwen2.5-0.5B-Instruct,Qwen2.5,0.5,discourse_imagability_singles_list4,sentence_semantics,100,-0.1869,0.948,-0.1971,0.9998
Qwen2.5-0.5B-Instruct,Qwen2.5,0.5,discourse_mentalizing_pairs_list1,sentence_semantics,100,0.0715,0.928,0.077,0.9998
Qwen2.5-0.5B-Instruct,Qwen2.5,0.5,discourse_mentalizing_pairs_list2,sentence_semantics,100,-0.0156,0.931,-0.0168,0.9998
Qwen2.5-0.5B-Instruct,Qwen2.5,0.5,discourse_mentalizing_singles_list1,sentence_semantics,100,-0.0819,0.935,-0.0876,0.9999
Qwen2.5-0.5B-Instruct,Qwen2.5,0.5,discourse_mentalizing_singles_list2,sentence_semantics,100,-0.0703,0.925,-0.076,0.9999
Qwen2.5-0.5B-Instruct,Qwen2.5,0.5,discourse_mentalizing_singles_list3,sentence_semantics,100,-0.1037,0.909,-0.114,0.9998
Qwen2.5-0.5B-Instruct,Qwen2.5,0.5,discourse_mentalizing_singles_list4,sentence_semantics,100,-0.0579,0.952,-0.0608,0.9998
Qwen2.5-0.5B-Instruct,Qwen2.5,0.5,discourse_physics_pairs_list1,sentence_semantics,100,-0.1131,0.957,-0.1182,0.9992
Qwen2.5-0.5B-Instruct,Qwen2.5,0.5,discourse_physics_pairs_list2,sentence_semantics,100,-0.0869,0.951,-0.0914,0.9993
Qwen2.5-0.5B-Instruct,Qwen2.5,0.5,discourse_physics_singles_list1,sentence_semantics,100,0.063,0.943,0.0668,0.9997
Qwen2.5-0.5B-Instruct,Qwen2.5,0.5,discourse_physics_singles_list2,sentence_semantics,100,-0.0657,0.952,-0.069,0.9997
Qwen2.5-0.5B-Instruct,Qwen2.5,0.5,discourse_physics_singles_list3,sentence_semantics,100,-0.0801,0.941,-0.0852,0.9997
Qwen2.5-0.5B-Instruct,Qwen2.5,0.5,discourse_physics_singles_list4,sentence_semantics,100,0.1268,0.942,0.1346,0.9997
Qwen2.5-0.5B-Instruct,Qwen2.5,0.5,discourse_scenes_pairs_list1,sentence_semantics,100,0.0184,0.944,0.0195,0.9996
Qwen2.5-0.5B-Instruct,Qwen2.5,0.5,discourse_scenes_pairs_list2,sentence_semantics,100,0.1883,0.95,0.1982,0.9996
Qwen2.5-0.5B-Instruct,Qwen2.5,0.5,discourse_scenes_singles_list1,sentence_semantics,100,0.2483,0.944,0.2631,0.9998
Qwen2.5-0.5B-Instruct,Qwen2.5,0.5,discourse_scenes_singles_list2,sentence_semantics,100,-0.0908,0.949,-0.0956,0.9997
Qwen2.5-0.5B-Instruct,Qwen2.5,0.5,discourse_scenes_singles_list3,sentence_semantics,100,0.2497,0.966,0.2585,0.9998
Qwen2.5-0.5B-Instruct,Qwen2.5,0.5,discourse_scenes_singles_list4,sentence_semantics,100,0.1611,0.964,0.1671,0.9997
Qwen2.5-0.5B-Instruct,Qwen2.5,0.5,diveica2023_socialness,lexical_semantics,1000,0.1821,0.883,0.2063,0.9914
Qwen2.5-0.5B-Instruct,Qwen2.5,0.5,ecog_sentences_imaginability_jan_8_2014,sentence_semantics,120,-0.0515,0.833,-0.0618,0.9768
Qwen2.5-0.5B-Instruct,Qwen2.5,0.5,ecog_sentences_naturalness_jan_8_2014_2,sentence_semantics,120,0.0488,0.727,0.0671,0.9868
Qwen2.5-0.5B-Instruct,Qwen2.5,0.5,edwards2024_spelling_to_pronunciation_transparency,subword,1000,0.1856,0.826,0.2247,0.9967
Qwen2.5-0.5B-Instruct,Qwen2.5,0.5,erp_norming_error_detection_june_2013_4,syntax,323,0.0442,0.841,0.0526,0.9571
Qwen2.5-0.5B-Instruct,Qwen2.5,0.5,erp_sentence_naturalness_survey_june_2013_2,syntax,483,0.0932,0.922,0.1011,0.9893
Qwen2.5-0.5B-Instruct,Qwen2.5,0.5,eunice_disfluency_2_nov_17_2011,syntax,190,-0.1894,0.832,-0.2276,0.9929
Qwen2.5-0.5B-Instruct,Qwen2.5,0.5,eunice_disfluency_nov_15_2011,syntax,468,-0.3044,0.807,-0.3772,0.9925
Qwen2.5-0.5B-Instruct,Qwen2.5,0.5,european_portuguese_rc,syntax,174,-0.1187,0.84,-0.1414,0.9787
Qwen2.5-0.5B-Instruct,Qwen2.5,0.5,european_portuguese_wh,syntax,174,-0.2503,0.893,-0.2803,0.9798
Qwen2.5-0.5B-Instruct,Qwen2.5,0.5,extension,syntax,138,0.2006,0.872,0.23,0.9959
Qwen2.5-0.5B-Instruct,Qwen2.5,0.5,gabriel_rc,syntax,174,-0.0821,0.818,-0.1004,0.9794
Qwen2.5-0.5B-Instruct,Qwen2.5,0.5,gabriel_wh,syntax,174,-0.1238,0.902,-0.1373,0.9797
Qwen2.5-0.5B-Instruct,Qwen2.5,0.5,giurgea2025_motivation,lexical_semantics,1000,0.2185,0.856,0.2552,0.9624
Qwen2.5-0.5B-Instruct,Qwen2.5,0.5,huang_response_set1a,syntax,288,-0.1513,0.966,-0.1566,0.9983
Qwen2.5-0.5B-Instruct,Qwen2.5,0.5,huang_response_set1b,syntax,288,-0.0889,0.964,-0.0922,0.9983
Qwen2.5-0.5B-Instruct,Qwen2.5,0.5,huang_response_set2a,syntax,288,-0.1376,0.97,-0.1419,0.9984
Qwen2.5-0.5B-Instruct,Qwen2.5,0.5,huang_response_set2a_declaratives,syntax,288,-0.1966,0.97,-0.2027,0.9982
Qwen2.5-0.5B-Instruct,Qwen2.5,0.5,huang_response_set2b,syntax,288,-0.1206,0.97,-0.1244,0.9984
Qwen2.5-0.5B-Instruct,Qwen2.5,0.5,huang_response_set2b_declaratives,syntax,288,-0.1509,0.974,-0.1549,0.9982
Qwen2.5-0.5B-Instruct,Qwen2.5,0.5,imperative_control_iad_gs_may_16_2011_purple_puppy,pragmatics,96,-0.0342,0.86,-0.0398,0.9991
Qwen2.5-0.5B-Instruct,Qwen2.5,0.5,isac_sentence_naturalness_survey_feb_2011_64_items_survey_code_giant_c,syntax,256,0.3232,0.885,0.3651,0.9935
Qwen2.5-0.5B-Instruct,Qwen2.5,0.5,islands_acceptability_expt_2_dec_2_2012,syntax,480,0.1563,0.874,0.1788,0.9885
Qwen2.5-0.5B-Instruct,Qwen2.5,0.5,italian_dative_v2,discourse,192,0.1695,0.604,0.2806,0.9754
Qwen2.5-0.5B-Instruct,Qwen2.5,0.5,italian_locative_v7,discourse,192,0.0816,0.66,0.1236,0.9743
Qwen2.5-0.5B-Instruct,Qwen2.5,0.5,lancaster2020_auditory,lexical_semantics,1000,0.0806,0.831,0.097,0.9992
Qwen2.5-0.5B-Instruct,Qwen2.5,0.5,lancaster2020_foot_leg,lexical_semantics,1000,0.073,0.729,0.1002,0.9994
Qwen2.5-0.5B-Instruct,Qwen2.5,0.5,lancaster2020_gustatory,lexical_semantics,1000,-0.0082,0.545,-0.0151,0.9992
Qwen2.5-0.5B-Instruct,Qwen2.5,0.5,lancaster2020_hand_arm,lexical_semantics,1000,0.1488,0.783,0.1901,0.9992
Qwen2.5-0.5B-Instruct,Qwen2.5,0.5,lancaster2020_haptic,lexical_semantics,1000,0.0531,0.808,0.0657,0.9993
Qwen2.5-0.5B-Instruct,Qwen2.5,0.5,lancaster2020_head,lexical_semantics,1000,-0.0038,0.57,-0.0066,0.9993
Qwen2.5-0.5B-Instruct,Qwen2.5,0.5,lancaster2020_interoceptive,lexical_semantics,1000,-0.0748,0.778,-0.0961,0.9996
Qwen2.5-0.5B-Instruct,Qwen2.5,0.5,lancaster2020_mouth,lexical_semantics,1000,-0.0062,0.777,-0.008,0.9988
Qwen2.5-0.5B-Instruct,Qwen2.5,0.5,lancaster2020_olfactory,lexical_semantics,1000,-0.0426,0.622,-0.0685,0.9995
Qwen2.5-0.5B-Instruct,Qwen2.5,0.5,lancaster2020_torso,lexical_semantics,1000,0.0867,0.675,0.1285,0.9993
Qwen2.5-0.5B-Instruct,Qwen2.5,0.5,lancaster2020_visual,lexical_semantics,1000,0.003,0.767,0.0039,0.9996
Qwen2.5-0.5B-Instruct,Qwen2.5,0.5,lauren_sentence_naturalness_survey_expt3_nov_17_2011,syntax,460,0.0795,0.633,0.1256,0.9861
Qwen2.5-0.5B-Instruct,Qwen2.5,0.5,lauren_sentence_naturalness_survey_expt_2_nov_15_2011,syntax,252,0.4807,0.712,0.6752,0.9879
Qwen2.5-0.5B-Instruct,Qwen2.5,0.5,lauren_sentence_naturalness_survey_oct_14_2011,syntax,360,0.3374,0.703,0.4799,0.9878
Qwen2.5-0.5B-Instruct,Qwen2.5,0.5,lexical_frame_adjectives_likert_set1,syntax,384,-0.298,0.83,-0.359,0.9528
Qwen2.5-0.5B-Instruct,Qwen2.5,0.5,lexical_frame_adjectives_likert_set2,syntax,384,-0.3855,0.744,-0.5182,0.952
Qwen2.5-0.5B-Instruct,Qwen2.5,0.5,lexical_frame_adjectives_likert_set3,syntax,384,-0.3998,0.873,-0.458,0.9552
Qwen2.5-0.5B-Instruct,Qwen2.5,0.5,locative_topicalization_survey,discourse,229,0.0525,0.777,0.0676,0.9971
Qwen2.5-0.5B-Instruct,Qwen2.5,0.5,massive_mem_arousal_mar_2013,lexical_semantics,1000,0.342,0.883,0.3873,0.9917
Qwen2.5-0.5B-Instruct,Qwen2.5,0.5,massive_mem_arousal_mar_2013_end_2,lexical_semantics,242,0.5016,0.85,0.5902,0.9911
Qwen2.5-0.5B-Instruct,Qwen2.5,0.5,massive_mem_arousal_mar_2014,lexical_semantics,1000,0.2857,0.863,0.331,0.9848
Qwen2.5-0.5B-Instruct,Qwen2.5,0.5,massive_mem_arousal_mar_2014_end_1,lexical_semantics,242,0.2618,0.886,0.2955,0.9854
Qwen2.5-0.5B-Instruct,Qwen2.5,0.5,massive_mem_concreteness_mar_2013,lexical_semantics,1000,0.1762,0.956,0.1843,0.9848
Qwen2.5-0.5B-Instruct,Qwen2.5,0.5,massive_mem_concreteness_mar_2013_end_1,lexical_semantics,242,-0.035,0.959,-0.0365,0.9846
Qwen2.5-0.5B-Instruct,Qwen2.5,0.5,massive_mem_concreteness_mar_2014,lexical_semantics,1000,-0.1647,0.952,-0.173,0.9642
Qwen2.5-0.5B-Instruct,Qwen2.5,0.5,massive_mem_concreteness_mar_2014_end_1,lexical_semantics,242,-0.0356,0.955,-0.0372,0.9654
Qwen2.5-0.5B-Instruct,Qwen2.5,0.5,massive_mem_imageability_mar_2013,lexical_semantics,1000,0.4962,0.961,0.5164,0.9933
Qwen2.5-0.5B-Instruct,Qwen2.5,0.5,massive_mem_imageability_mar_2013_end_1,lexical_semantics,242,0.5381,0.963,0.5588,0.9935
Qwen2.5-0.5B-Instruct,Qwen2.5,0.5,massive_mem_imageability_mar_2014,lexical_semantics,1000,0.1504,0.948,0.1586,0.9895
Qwen2.5-0.5B-Instruct,Qwen2.5,0.5,massive_mem_imageability_mar_2014_end_1,lexical_semantics,242,0.2557,0.964,0.2652,0.9897
Qwen2.5-0.5B-Instruct,Qwen2.5,0.5,massive_mem_valence_mar_2013,lexical_semantics,1000,0.1371,0.948,0.1446,0.9903
Qwen2.5-0.5B-Instruct,Qwen2.5,0.5,massive_mem_valence_mar_2013_end_1,lexical_semantics,242,0.0467,0.966,0.0483,0.9896
Qwen2.5-0.5B-Instruct,Qwen2.5,0.5,massive_mem_valence_mar_2014,lexical_semantics,1000,0.0742,0.961,0.0772,0.9804
Qwen2.5-0.5B-Instruct,Qwen2.5,0.5,massive_mem_valence_mar_2014_end_1,lexical_semantics,242,0.1003,0.959,0.1046,0.9814
Qwen2.5-0.5B-Instruct,Qwen2.5,0.5,melissa_short_naturalness_test,sentence_semantics,24,0.2735,0.968,0.2826,0.9901
Qwen2.5-0.5B-Instruct,Qwen2.5,0.5,missing_vp_extension_0501_final,syntax,72,-0.1542,0.741,-0.2081,0.9989
Qwen2.5-0.5B-Instruct,Qwen2.5,0.5,missing_vp_extension,syntax,80,0.35,0.881,0.3973,0.9968
Qwen2.5-0.5B-Instruct,Qwen2.5,0.5,missing_vp_rereplication,syntax,72,-0.286,0.707,-0.4045,0.997
Qwen2.5-0.5B-Instruct,Qwen2.5,0.5,mk_grammaticality_study_7_20,syntax,1000,-0.1444,0.876,-0.1648,0.9903
Qwen2.5-0.5B-Instruct,Qwen2.5,0.5,muraki2023_concreteness,lexical_semantics,1000,-0.1154,0.829,-0.1392,0.9972
Qwen2.5-0.5B-Instruct,Qwen2.5,0.5,noisy_channel_acceptability_1_sept_2013_1,syntax,496,0.0899,0.921,0.0976,0.9924
Qwen2.5-0.5B-Instruct,Qwen2.5,0.5,noisy_channel_acceptability_2_sept_2013,syntax,380,0.0161,0.965,0.0167,0.9913
Qwen2.5-0.5B-Instruct,Qwen2.5,0.5,noisy_rc_norming_oct19,sentence_semantics,128,0.0321,0.838,0.0383,0.9931
Qwen2.5-0.5B-Instruct,Qwen2.5,0.5,of_acceptability_2,syntax,88,0.2911,0.951,0.3061,0.991
Qwen2.5-0.5B-Instruct,Qwen2.5,0.5,orange_camel_sentence_naturalness_survey_nov_2010,discourse,144,0.2198,0.861,0.2553,0.9829
Qwen2.5-0.5B-Instruct,Qwen2.5,0.5,orc_lauren_sentence_naturalness_survey_july_2012,syntax,192,0.0732,0.948,0.0773,0.9891
Qwen2.5-0.5B-Instruct,Qwen2.5,0.5,p_p_sentence_naturalness_survey_aug_2010,syntax,252,0.1563,0.859,0.182,0.9905
Qwen2.5-0.5B-Instruct,Qwen2.5,0.5,p_p_sentence_naturalness_survey_dec_2009,syntax,324,-0.186,0.95,-0.1958,0.9868
Qwen2.5-0.5B-Instruct,Qwen2.5,0.5,p_p_sentence_naturalness_survey_feb,syntax,614,-0.2178,0.664,-0.3281,0.9861
Qwen2.5-0.5B-Instruct,Qwen2.5,0.5,p_p_sentence_naturalness_survey_june_2013_v3,syntax,242,-0.0458,0.928,-0.0493,0.9311
Qwen2.5-0.5B-Instruct,Qwen2.5,0.5,paris_judgments_3_dec_2012,syntax,477,-0.0231,0.845,-0.0274,0.988
Qwen2.5-0.5B-Instruct,Qwen2.5,0.5,pascal_1_dec_2012,syntax,544,-0.0852,0.066,-1.2907,0.9897
Qwen2.5-0.5B-Instruct,Qwen2.5,0.5,presup_survey_1_acd_july_2012,pragmatics,240,0.3898,0.83,0.4697,0.9801
Qwen2.5-0.5B-Instruct,Qwen2.5,0.5,presup_survey_2_acd_july_2012,pragmatics,240,0.0574,0.665,0.0863,0.9842
Qwen2.5-0.5B-Instruct,Qwen2.5,0.5,pronouns_following_verbs,pragmatics,44,-0.1179,0.706,-0.167,0.9829
Qwen2.5-0.5B-Instruct,Qwen2.5,0.5,pronouns_following_verbs_an,pragmatics,44,0.0182,0.663,0.0275,0.9811
Qwen2.5-0.5B-Instruct,Qwen2.5,0.5,pronouns_following_verbs_ce,pragmatics,44,-0.1667,0.708,-0.2355,0.9823
Qwen2.5-0.5B-Instruct,Qwen2.5,0.5,pronouns_following_verbs_sm,pragmatics,44,-0.2282,0.443,-0.5151,0.98
Qwen2.5-0.5B-Instruct,Qwen2.5,0.5,pronouns_following_verbs_so,pragmatics,44,-0.1087,0.509,-0.2135,0.9811
Qwen2.5-0.5B-Instruct,Qwen2.5,0.5,pronouns_following_verbs_ve,pragmatics,45,-0.2999,0.567,-0.5289,0.9757
Qwen2.5-0.5B-Instruct,Qwen2.5,0.5,quant_syn_april_13_2012_90_sentences_with_a_question_and_a_rating_code,syntax,184,0.1756,0.91,0.193,0.9931
Qwen2.5-0.5B-Instruct,Qwen2.5,0.5,quant_syn_april_14_2012_48_sentences_with_a_question_and_a_rating_code,syntax,168,-0.0141,0.96,-0.0147,0.9934
Qwen2.5-0.5B-Instruct,Qwen2.5,0.5,quant_syn_april_16_2012_36_sentences_with_a_question_and_a_rating_code,syntax,126,-0.0539,0.965,-0.0558,0.9933
Qwen2.5-0.5B-Instruct,Qwen2.5,0.5,quantifier_naturalness_survey_june_4_2010,syntax,192,0.0445,0.639,0.0696,0.99
Qwen2.5-0.5B-Instruct,Qwen2.5,0.5,quantitative_syntax_survey,syntax,129,-0.1503,0.852,-0.1764,0.9889
Qwen2.5-0.5B-Instruct,Qwen2.5,0.5,rating_english_sentences,syntax,240,0.1961,0.899,0.2181,0.9988
Qwen2.5-0.5B-Instruct,Qwen2.5,0.5,reasoning_and_language_tasks_survey_code_talkative_pigeon,syntax,72,-0.2332,0.941,-0.2478,0.9931
Qwen2.5-0.5B-Instruct,Qwen2.5,0.5,relative_clause_displacements_in_english_sentences,syntax,180,-0.3845,0.501,-0.7675,0.9993
Qwen2.5-0.5B-Instruct,Qwen2.5,0.5,relative_clause_displacements_in_english_sentences_with_fill,syntax,93,-0.4822,0.846,-0.57,0.9994
Qwen2.5-0.5B-Instruct,Qwen2.5,0.5,replication_study_9_59,discourse,185,0.1141,0.363,0.3143,0.9961
Qwen2.5-0.5B-Instruct,Qwen2.5,0.5,richard_islands_acceptability_expt_1_april_25_2013_3,syntax,144,0.2495,0.819,0.3047,0.9878
Qwen2.5-0.5B-Instruct,Qwen2.5,0.5,richard_islands_acceptability_expt_2_april_26_2013,syntax,228,0.6041,0.92,0.6566,0.9877
Qwen2.5-0.5B-Instruct,Qwen2.5,0.5,richard_islands_acceptability_expt_4_april_26_2013_1,syntax,100,0.5503,0.931,0.591,0.9881
Qwen2.5-0.5B-Instruct,Qwen2.5,0.5,richard_islands_acceptability_expt_5_april_27_2013_1,syntax,132,0.3473,0.619,0.5611,0.9871
Qwen2.5-0.5B-Instruct,Qwen2.5,0.5,richard_islands_acceptability_expt_6_april_28_2013_while_whq_decl,syntax,100,0.4832,0.965,0.5008,0.9872
Qwen2.5-0.5B-Instruct,Qwen2.5,0.5,russian_freezing,syntax,180,-0.1212,0.898,-0.1349,0.9823
Qwen2.5-0.5B-Instruct,Qwen2.5,0.5,semantics1_finalproject,sentence_semantics,96,0.3318,0.972,0.3413,0.9578
Qwen2.5-0.5B-Instruct,Qwen2.5,0.5,semantics2_finalproject,sentence_semantics,96,0.3678,0.986,0.373,0.9556
Qwen2.5-0.5B-Instruct,Qwen2.5,0.5,semantics3_final_project,pragmatics,96,0.0694,0.974,0.0713,0.9391
Qwen2.5-0.5B-Instruct,Qwen2.5,0.5,sentence_completions_and_islands_acceptability_expt_1_nov_13_2012,syntax,112,0.6459,0.969,0.6665,0.9884
Qwen2.5-0.5B-Instruct,Qwen2.5,0.5,sentence_naturalness_isac_survey_feb_2011,syntax,304,0.3362,0.836,0.4022,0.9868
Qwen2.5-0.5B-Instruct,Qwen2.5,0.5,sentence_naturalness_survey_acd_ratings_hackl_expt_7_oct_25_2012_1,syntax,176,0.295,0.886,0.333,0.9883
Qwen2.5-0.5B-Instruct,Qwen2.5,0.5,sentence_naturalness_survey_acd_ratings_hackl_replic_expt_1_july_14_20,syntax,480,0.0691,0.864,0.08,0.9868
Qwen2.5-0.5B-Instruct,Qwen2.5,0.5,sentence_naturalness_survey_acd_ratings_v4_july_13_2012,syntax,176,0.2188,0.748,0.2925,0.9895
Qwen2.5-0.5B-Instruct,Qwen2.5,0.5,sentence_naturalness_survey_acd_v1_jan_2012,discourse,128,-0.0992,0.299,-0.3318,0.992
Qwen2.5-0.5B-Instruct,Qwen2.5,0.5,sentence_naturalness_survey_acd_v6_oct_25_2012,discourse,128,-0.1438,0.602,-0.2388,0.992
Qwen2.5-0.5B-Instruct,Qwen2.5,0.5,sentence_naturalness_survey_denise_jan_12_2011_survey_code_pig_the_pig,syntax,200,0.3909,0.986,0.3964,0.9929
Qwen2.5-0.5B-Instruct,Qwen2.5,0.5,sentence_naturalness_survey_denise_sept_8_2010_survey_code_pig_the_pig,syntax,224,0.3459,0.972,0.3559,0.9925
Qwen2.5-0.5B-Instruct,Qwen2.5,0.5,sentence_naturalness_survey_feb_16_1_2012_60_items_code_shy_armadillo,syntax,120,-0.2651,0.912,-0.2907,0.9967
Qwen2.5-0.5B-Instruct,Qwen2.5,0.5,sentence_naturalness_survey_for_gs_dec_2009,pragmatics,122,0.1796,0.882,0.2037,0.9993
Qwen2.5-0.5B-Instruct,Qwen2.5,0.5,sentence_naturalness_survey_for_gs_jan_2010,pragmatics,133,-0.1451,0.906,-0.1601,0.9991
Qwen2.5-0.5B-Instruct,Qwen2.5,0.5,sentence_naturalness_survey_for_gs_jan_23_2010,pragmatics,216,0.1531,0.942,0.1625,0.9991
Qwen2.5-0.5B-Instruct,Qwen2.5,0.5,sentence_naturalness_survey_for_gs_may_11_2011_purple_puppy,pragmatics,72,-0.1198,0.873,-0.1373,0.999
Qwen2.5-0.5B-Instruct,Qwen2.5,0.5,sentence_naturalness_survey_for_jk_april_4_2010,discourse,96,0.0324,0.886,0.0366,0.9872
Qwen2.5-0.5B-Instruct,Qwen2.5,0.5,sentence_naturalness_survey_for_jk_april_4_expt_3_2010,discourse,96,0.0471,0.83,0.0567,0.9848
Qwen2.5-0.5B-Instruct,Qwen2.5,0.5,sentence_naturalness_survey_for_jk_april_9_expt_4_2010,discourse,96,0.0305,0.831,0.0367,0.9845
Qwen2.5-0.5B-Instruct,Qwen2.5,0.5,sentence_naturalness_survey_for_jk_june_24_2010_v2,discourse,176,-0.0964,0.787,-0.1225,0.9868
Qwen2.5-0.5B-Instruct,Qwen2.5,0.5,sentence_naturalness_survey_for_jk_mar_2010,discourse,96,-0.0044,0.88,-0.005,0.9877
Qwen2.5-0.5B-Instruct,Qwen2.5,0.5,sentence_naturalness_survey_for_jkm_dec_2009,discourse,128,0.0621,0.18,0.3448,0.9843
Qwen2.5-0.5B-Instruct,Qwen2.5,0.5,sentence_naturalness_survey_for_jkm_jan_2012,discourse,128,0.1177,0.266,0.4425,0.9917
Qwen2.5-0.5B-Instruct,Qwen2.5,0.5,sentence_naturalness_survey_for_lb_dec_2009,discourse,108,0.2803,0.832,0.3369,0.9874
Qwen2.5-0.5B-Instruct,Qwen2.5,0.5,sentence_naturalness_survey_for_lb_feb_20_2010_v2,discourse,79,0.3522,0.951,0.3704,0.989
Qwen2.5-0.5B-Instruct,Qwen2.5,0.5,sentence_naturalness_survey_for_lb_jan_2011,discourse,519,0.152,0.886,0.1716,0.9937
Qwen2.5-0.5B-Instruct,Qwen2.5,0.5,sentence_naturalness_survey_for_lb_jan_2011_v2,discourse,519,0.2645,0.689,0.3839,0.9798
Qwen2.5-0.5B-Instruct,Qwen2.5,0.5,sentence_naturalness_survey_for_lb_jan_2011_v3,discourse,519,0.1363,0.886,0.1539,0.9934
Qwen2.5-0.5B-Instruct,Qwen2.5,0.5,sentence_naturalness_survey_for_lb_mar_2010_2,discourse,241,0.1991,0.935,0.2129,0.9891
Qwen2.5-0.5B-Instruct,Qwen2.5,0.5,sentence_naturalness_survey_for_lb_mar_2010,discourse,123,0.2172,0.951,0.2284,0.9888
Qwen2.5-0.5B-Instruct,Qwen2.5,0.5,sentence_naturalness_survey_for_lb_may_2010,discourse,148,0.0673,0.953,0.0706,0.99
Qwen2.5-0.5B-Instruct,Qwen2.5,0.5,sentence_naturalness_survey_for_lb_prelim_oct_2010,discourse,402,0.0372,0.882,0.0422,0.9896
Qwen2.5-0.5B-Instruct,Qwen2.5,0.5,sentence_naturalness_survey_for_rw_dec_2009,discourse,180,-0.1354,0.825,-0.1642,0.9859
Qwen2.5-0.5B-Instruct,Qwen2.5,0.5,sentence_naturalness_survey_for_rw_jan_2010,discourse,480,-0.0612,0.872,-0.0702,0.9855
Qwen2.5-0.5B-Instruct,Qwen2.5,0.5,sentence_naturalness_survey_laura_mar_17_2012_92_items_code_lazy_cater,sentence_semantics,368,0.3564,0.883,0.4036,0.9931
Qwen2.5-0.5B-Instruct,Qwen2.5,0.5,sentence_naturalness_survey_laura_mar_17_2012_96_items_code_lazy_cater,sentence_semantics,384,0.3375,0.883,0.3822,0.9929
Qwen2.5-0.5B-Instruct,Qwen2.5,0.5,sentence_naturalness_survey_may_4_2011_36_items_code_anxious_bat,syntax,84,0.2789,0.757,0.3684,0.9926
Qwen2.5-0.5B-Instruct,Qwen2.5,0.5,sentence_naturalness_survey_nat_aug_28_2010_survey_code_downtown,syntax,270,0.0545,0.956,0.057,0.9935
Qwen2.5-0.5B-Instruct,Qwen2.5,0.5,short_acceptability_feb_6_2014,syntax,128,-0.2276,0.907,-0.2509,0.991
Qwen2.5-0.5B-Instruct,Qwen2.5,0.5,susan_canonicity_rerunning_2,syntax,52,-0.3569,0.95,-0.3757,0.9916
Qwen2.5-0.5B-Instruct,Qwen2.5,0.5,topicalization_e1,syntax,77,0.3454,0.942,0.3667,0.9891
Qwen2.5-0.5B-Instruct,Qwen2.5,0.5,verb_causality_study_semantics_ratings_mk_april_2010,lexical_semantics,188,-0.322,0.972,-0.3312,0.9886
Qwen2.5-0.5B-Instruct,Qwen2.5,0.5,verb_causality_study_syntax_ratings_mk_april_2010,syntax,653,0.0682,0.633,0.1078,0.9929
Qwen2.5-0.5B-Instruct,Qwen2.5,0.5,wm2_wm5_9_59_sentence_naturalness_survey_april_2011,syntax,219,0.0769,0.839,0.0916,0.9886
Qwen2.5-0.5B-Instruct,Qwen2.5,0.5,word3_b_word_naturalness_survey_may_4_2011_160_items_code_sleepy_bear,subword,158,0.3271,0.937,0.3491,0.9948
Qwen2.5-0.5B-Instruct,Qwen2.5,0.5,word3_word_naturalness_survey_may_1_2011_45_items_code_nosy_badger,subword,45,0.3089,0.948,0.3258,0.9952
Qwen2.5-1.5B-Instruct,Qwen2.5,1.5,50_sentences_noisy_channel_may_25_2011,pragmatics,208,-0.3743,0.555,-0.6743,0.8633
Qwen2.5-1.5B-Instruct,Qwen2.5,1.5,50_sentences_with_2_comp_qs_plus_rating_mar_11_2011,sentence_semantics,208,0.3615,0.588,0.6148,0.9983
Qwen2.5-1.5B-Instruct,Qwen2.5,1.5,acceptability_extension_959_v5,syntax,566,0.548,0.797,0.6876,0.9971
Qwen2.5-1.5B-Instruct,Qwen2.5,1.5,acceptability_judgments_kang,syntax,136,0.0931,0.974,0.0956,0.9995
Qwen2.5-1.5B-Instruct,Qwen2.5,1.5,acceptability_replication_959,syntax,288,0.6978,0.964,0.7239,0.997
Qwen2.5-1.5B-Instruct,Qwen2.5,1.5,acd_context_polly_1_nov_23_2012,discourse,310,0.1749,0.462,0.3785,0.9934
Qwen2.5-1.5B-Instruct,Qwen2.5,1.5,acd_no_context_polly_1_nov_23_2012,syntax,213,0.3441,0.838,0.4107,0.9995
Qwen2.5-1.5B-Instruct,Qwen2.5,1.5,acd_project_also_3_nov_24_2012_2,syntax,128,0.3995,0.874,0.4571,0.9994
Qwen2.5-1.5B-Instruct,Qwen2.5,1.5,acd_project_expt_23_also_nov_16_2012,syntax,600,0.3335,0.825,0.4043,0.9994
Qwen2.5-1.5B-Instruct,Qwen2.5,1.5,acd_project_expt_24_same_diff_verbs_nov_16_2012,syntax,472,0.3483,0.89,0.3914,0.9994
Qwen2.5-1.5B-Instruct,Qwen2.5,1.5,acd_project_expt_31_same_diff_verbs_nov_16_2012_1,syntax,176,0.446,0.755,0.5907,0.9994
Qwen2.5-1.5B-Instruct,Qwen2.5,1.5,acd_project_expt_42_also_verbs_nov_29_2012_1,syntax,176,0.1738,0.63,0.2759,0.9994
Qwen2.5-1.5B-Instruct,Qwen2.5,1.5,acd_project_expt_44_the_same_nov_29_2012_1,syntax,140,0.2535,0.601,0.4219,0.9995
Qwen2.5-1.5B-Instruct,Qwen2.5,1.5,acd_project_expt_45_hkv_expt_2_plaus_nov_29_2012,syntax,360,0.137,0.774,0.177,0.9996
Qwen2.5-1.5B-Instruct,Qwen2.5,1.5,acd_project_expt_46_also_in_hkv_2_nov_29_2012_1,syntax,448,0.0065,0.56,0.0116,0.9996
Qwen2.5-1.5B-Instruct,Qwen2.5,1.5,active_passive_sentence_naturalness_survey_july_2012,syntax,132,0.5504,0.887,0.6205,0.9995
Qwen2.5-1.5B-Instruct,Qwen2.5,1.5,aixiu_coherence_en_update1,sentence_semantics,277,0.5867,0.882,0.6652,0.9975
Qwen2.5-1.5B-Instruct,Qwen2.5,1.5,alex_paunov_literal_inferences_dec_3_2011,pragmatics,299,0.3316,0.908,0.3652,0.9953
Qwen2.5-1.5B-Instruct,Qwen2.5,1.5,amouyal2024_plausibility,sentence_semantics,853,0.3003,0.915,0.3282,1.0
Qwen2.5-1.5B-Instruct,Qwen2.5,1.5,animacy_passive_dative_kyle,syntax,120,0.2464,0.926,0.2661,0.9999
Qwen2.5-1.5B-Instruct,Qwen2.5,1.5,anne_abeille_acceptability_july_12_2017_1,syntax,296,0.2831,0.635,0.4457,0.9997
Qwen2.5-1.5B-Instruct,Qwen2.5,1.5,base_acceptability_0908,syntax,73,0.1453,0.931,0.1561,0.9997
Qwen2.5-1.5B-Instruct,Qwen2.5,1.5,brief_sentence_naturalness_survey_march_2011,sentence_semantics,64,0.6118,0.96,0.6373,0.9998
Qwen2.5-1.5B-Instruct,Qwen2.5,1.5,can_noncan_acceptability_0924,syntax,88,0.4547,0.966,0.4707,0.9995
Qwen2.5-1.5B-Instruct,Qwen2.5,1.5,can_noncan_acceptability_2,syntax,88,0.4973,0.962,0.517,0.9995
Qwen2.5-1.5B-Instruct,Qwen2.5,1.5,chinese_dative,discourse,96,0.4047,0.715,0.566,0.979
Qwen2.5-1.5B-Instruct,Qwen2.5,1.5,class_demo,syntax,44,0.0152,0.927,0.0163,0.9997
Qwen2.5-1.5B-Instruct,Qwen2.5,1.5,clefting_e3,syntax,48,0.0102,0.877,0.0116,0.9994
Qwen2.5-1.5B-Instruct,Qwen2.5,1.5,clefting_e4,syntax,48,-0.016,0.969,-0.0165,0.9995
Qwen2.5-1.5B-Instruct,Qwen2.5,1.5,coherence_survey_list1_main,discourse,100,0.6122,0.95,0.6444,0.987
Qwen2.5-1.5B-Instruct,Qwen2.5,1.5,coherence_survey_list2_main,discourse,100,0.3844,0.948,0.4055,0.9862
Qwen2.5-1.5B-Instruct,Qwen2.5,1.5,coherence_survey_list3_main,discourse,100,0.5587,0.942,0.5931,0.9875
Qwen2.5-1.5B-Instruct,Qwen2.5,1.5,coherence_survey_list4_main,discourse,100,0.4511,0.95,0.4748,0.9871
Qwen2.5-1.5B-Instruct,Qwen2.5,1.5,constituency_tests_2,syntax,48,0.6749,0.836,0.8073,0.9996
Qwen2.5-1.5B-Instruct,Qwen2.5,1.5,constituency_tests,syntax,48,0.2963,0.654,0.4531,0.9996
Qwen2.5-1.5B-Instruct,Qwen2.5,1.5,copy_cat_polly_june_2014,discourse,102,0.2352,0.865,0.2719,0.9973
Qwen2.5-1.5B-Instruct,Qwen2.5,1.5,copy_of_verb_causality_study_semantics_ratings_mk_april_2010,lexical_semantics,62,0.267,0.83,0.3217,0.9996
Qwen2.5-1.5B-Instruct,Qwen2.5,1.5,crossed_dependencies_long,syntax,201,0.3329,0.899,0.3703,0.9947
Qwen2.5-1.5B-Instruct,Qwen2.5,1.5,cul_jack_april_12_2012_54_short_texts_with_two_comprehension_questions,syntax,210,0.3676,0.896,0.4103,0.9958
Qwen2.5-1.5B-Instruct,Qwen2.5,1.5,cul_jack_sentence_naturalness_survey_april_2010,syntax,220,0.7017,0.952,0.7371,0.9997
Qwen2.5-1.5B-Instruct,Qwen2.5,1.5,dative_alternation_extension_version_2,syntax,229,0.3824,0.456,0.8386,0.9997
Qwen2.5-1.5B-Instruct,Qwen2.5,1.5,dative_finnish,discourse,96,-0.2101,0.689,-0.3049,0.8049
Qwen2.5-1.5B-Instruct,Qwen2.5,1.5,dative_turkish,discourse,96,-0.0434,0.734,-0.0591,0.8767
Qwen2.5-1.5B-Instruct,Qwen2.5,1.5,dentella2023_grammaticality,syntax,80,0.281,0.981,0.2864,0.9202
Qwen2.5-1.5B-Instruct,Qwen2.5,1.5,depth_charge_survey,sentence_semantics,188,0.3004,0.846,0.3551,0.9946
Qwen2.5-1.5B-Instruct,Qwen2.5,1.5,depth_charge_with_noise,sentence_semantics,188,0.3256,0.854,0.3813,0.9946
Qwen2.5-1.5B-Instruct,Qwen2.5,1.5,discourse_30subjs_list1,discourse,100,0.6004,0.941,0.638,0.9871
Qwen2.5-1.5B-Instruct,Qwen2.5,1.5,discourse_30subjs_list2,discourse,100,0.4085,0.951,0.4295,0.9856
Qwen2.5-1.5B-Instruct,Qwen2.5,1.5,discourse_30subjs_list3,discourse,100,0.5386,0.947,0.5687,0.9873
Qwen2.5-1.5B-Instruct,Qwen2.5,1.5,discourse_30subjs_list4,discourse,100,0.5146,0.942,0.5463,0.9871
Qwen2.5-1.5B-Instruct,Qwen2.5,1.5,discourse_causality_list1,discourse,100,0.509,0.935,0.5444,0.9881
Qwen2.5-1.5B-Instruct,Qwen2.5,1.5,discourse_causality_list2,discourse,100,0.4886,0.952,0.5132,0.9895
Qwen2.5-1.5B-Instruct,Qwen2.5,1.5,discourse_causality_list3,discourse,100,0.6464,0.933,0.6928,0.9871
Qwen2.5-1.5B-Instruct,Qwen2.5,1.5,discourse_causality_list4,discourse,100,0.5144,0.955,0.5386,0.9862
Qwen2.5-1.5B-Instruct,Qwen2.5,1.5,discourse_changed_0428,discourse,48,0.3303,0.953,0.3466,0.9848
Qwen2.5-1.5B-Instruct,Qwen2.5,1.5,discourse_coherence_list1,discourse,100,0.4489,0.943,0.4761,0.9965
Qwen2.5-1.5B-Instruct,Qwen2.5,1.5,discourse_coherence_list2,discourse,100,0.3308,0.936,0.3534,0.9967
Qwen2.5-1.5B-Instruct,Qwen2.5,1.5,discourse_coherence_list3,discourse,100,0.6331,0.95,0.6665,0.9963
Qwen2.5-1.5B-Instruct,Qwen2.5,1.5,discourse_coherence_list4,discourse,100,0.402,0.933,0.4309,0.9963
Qwen2.5-1.5B-Instruct,Qwen2.5,1.5,discourse_imagability_pairs_list1,sentence_semantics,100,-0.0517,0.917,-0.0564,0.9906
Qwen2.5-1.5B-Instruct,Qwen2.5,1.5,discourse_imagability_pairs_list2,sentence_semantics,100,-0.1038,0.946,-0.1097,0.9901
Qwen2.5-1.5B-Instruct,Qwen2.5,1.5,discourse_imagability_singles_list1,sentence_semantics,100,0.2174,0.938,0.2318,0.9928
Qwen2.5-1.5B-Instruct,Qwen2.5,1.5,discourse_imagability_singles_list2,sentence_semantics,100,0.1964,0.954,0.2059,0.9918
Qwen2.5-1.5B-Instruct,Qwen2.5,1.5,discourse_imagability_singles_list3,sentence_semantics,100,0.1632,0.931,0.1753,0.9929
Qwen2.5-1.5B-Instruct,Qwen2.5,1.5,discourse_imagability_singles_list4,sentence_semantics,100,0.3102,0.948,0.3272,0.9927
Qwen2.5-1.5B-Instruct,Qwen2.5,1.5,discourse_mentalizing_pairs_list1,sentence_semantics,100,0.3233,0.928,0.3483,0.9918
Qwen2.5-1.5B-Instruct,Qwen2.5,1.5,discourse_mentalizing_pairs_list2,sentence_semantics,100,0.3011,0.931,0.3234,0.99
Qwen2.5-1.5B-Instruct,Qwen2.5,1.5,discourse_mentalizing_singles_list1,sentence_semantics,100,0.4362,0.935,0.4665,0.9877
Qwen2.5-1.5B-Instruct,Qwen2.5,1.5,discourse_mentalizing_singles_list2,sentence_semantics,100,0.4524,0.925,0.489,0.9888
Qwen2.5-1.5B-Instruct,Qwen2.5,1.5,discourse_mentalizing_singles_list3,sentence_semantics,100,0.3372,0.909,0.371,0.9883
Qwen2.5-1.5B-Instruct,Qwen2.5,1.5,discourse_mentalizing_singles_list4,sentence_semantics,100,0.6083,0.952,0.639,0.9887
Qwen2.5-1.5B-Instruct,Qwen2.5,1.5,discourse_physics_pairs_list1,sentence_semantics,100,0.4294,0.957,0.4487,0.9882
Qwen2.5-1.5B-Instruct,Qwen2.5,1.5,discourse_physics_pairs_list2,sentence_semantics,100,0.252,0.951,0.265,0.9871
Qwen2.5-1.5B-Instruct,Qwen2.5,1.5,discourse_physics_singles_list1,sentence_semantics,100,0.4305,0.943,0.4565,0.9889
Qwen2.5-1.5B-Instruct,Qwen2.5,1.5,discourse_physics_singles_list2,sentence_semantics,100,0.3724,0.952,0.3911,0.9878
Qwen2.5-1.5B-Instruct,Qwen2.5,1.5,discourse_physics_singles_list3,sentence_semantics,100,0.3277,0.941,0.3483,0.9888
Qwen2.5-1.5B-Instruct,Qwen2.5,1.5,discourse_physics_singles_list4,sentence_semantics,100,0.3992,0.942,0.4238,0.9893
Qwen2.5-1.5B-Instruct,Qwen2.5,1.5,discourse_scenes_pairs_list1,sentence_semantics,100,0.3269,0.944,0.3463,0.9931
Qwen2.5-1.5B-Instruct,Qwen2.5,1.5,discourse_scenes_pairs_list2,sentence_semantics,100,0.4445,0.95,0.4679,0.9931
Qwen2.5-1.5B-Instruct,Qwen2.5,1.5,discourse_scenes_singles_list1,sentence_semantics,100,0.6085,0.944,0.6446,0.9912
Qwen2.5-1.5B-Instruct,Qwen2.5,1.5,discourse_scenes_singles_list2,sentence_semantics,100,0.49,0.949,0.5163,0.9882
Qwen2.5-1.5B-Instruct,Qwen2.5,1.5,discourse_scenes_singles_list3,sentence_semantics,100,0.5717,0.966,0.5919,0.9937
Qwen2.5-1.5B-Instruct,Qwen2.5,1.5,discourse_scenes_singles_list4,sentence_semantics,100,0.4877,0.964,0.5059,0.9912
Qwen2.5-1.5B-Instruct,Qwen2.5,1.5,diveica2023_socialness,lexical_semantics,1000,0.418,0.883,0.4734,0.9859
Qwen2.5-1.5B-Instruct,Qwen2.5,1.5,ecog_sentences_imaginability_jan_8_2014,sentence_semantics,120,0.0896,0.833,0.1075,0.9993
Qwen2.5-1.5B-Instruct,Qwen2.5,1.5,ecog_sentences_naturalness_jan_8_2014_2,sentence_semantics,120,0.3092,0.727,0.4252,0.999
Qwen2.5-1.5B-Instruct,Qwen2.5,1.5,edwards2024_spelling_to_pronunciation_transparency,subword,1000,0.2762,0.826,0.3344,0.9978
Qwen2.5-1.5B-Instruct,Qwen2.5,1.5,erp_norming_error_detection_june_2013_4,syntax,323,0.368,0.841,0.4376,0.9987
Qwen2.5-1.5B-Instruct,Qwen2.5,1.5,erp_sentence_naturalness_survey_june_2013_2,syntax,483,0.5344,0.922,0.5796,0.9994
Qwen2.5-1.5B-Instruct,Qwen2.5,1.5,eunice_disfluency_2_nov_17_2011,syntax,190,-0.0419,0.832,-0.0503,0.9996
Qwen2.5-1.5B-Instruct,Qwen2.5,1.5,eunice_disfluency_nov_15_2011,syntax,468,0.0473,0.807,0.0587,0.9996
Qwen2.5-1.5B-Instruct,Qwen2.5,1.5,european_portuguese_rc,syntax,174,0.5194,0.84,0.6183,0.9735
Qwen2.5-1.5B-Instruct,Qwen2.5,1.5,european_portuguese_wh,syntax,174,0.3235,0.893,0.3623,0.9602
Qwen2.5-1.5B-Instruct,Qwen2.5,1.5,extension,syntax,138,0.5798,0.872,0.665,0.9977
Qwen2.5-1.5B-Instruct,Qwen2.5,1.5,gabriel_rc,syntax,174,0.4254,0.818,0.52,0.9756
Qwen2.5-1.5B-Instruct,Qwen2.5,1.5,gabriel_wh,syntax,174,0.4413,0.902,0.4892,0.9565
Qwen2.5-1.5B-Instruct,Qwen2.5,1.5,giurgea2025_motivation,lexical_semantics,1000,0.5018,0.856,0.5862,0.9817
Qwen2.5-1.5B-Instruct,Qwen2.5,1.5,huang_response_set1a,syntax,288,0.3712,0.966,0.3843,0.9424
Qwen2.5-1.5B-Instruct,Qwen2.5,1.5,huang_response_set1b,syntax,288,0.2527,0.964,0.2621,0.9423
Qwen2.5-1.5B-Instruct,Qwen2.5,1.5,huang_response_set2a,syntax,288,0.5402,0.97,0.5569,0.9423
Qwen2.5-1.5B-Instruct,Qwen2.5,1.5,huang_response_set2a_declaratives,syntax,288,0.3148,0.97,0.3246,0.9481
Qwen2.5-1.5B-Instruct,Qwen2.5,1.5,huang_response_set2b,syntax,288,0.4161,0.97,0.429,0.943
Qwen2.5-1.5B-Instruct,Qwen2.5,1.5,huang_response_set2b_declaratives,syntax,288,0.3583,0.974,0.3679,0.9444
Qwen2.5-1.5B-Instruct,Qwen2.5,1.5,imperative_control_iad_gs_may_16_2011_purple_puppy,pragmatics,96,0.3536,0.86,0.4111,0.9981
Qwen2.5-1.5B-Instruct,Qwen2.5,1.5,isac_sentence_naturalness_survey_feb_2011_64_items_survey_code_giant_c,syntax,256,0.7167,0.885,0.8098,0.9996
Qwen2.5-1.5B-Instruct,Qwen2.5,1.5,islands_acceptability_expt_2_dec_2_2012,syntax,480,0.3665,0.874,0.4193,0.9994
Qwen2.5-1.5B-Instruct,Qwen2.5,1.5,italian_dative_v2,discourse,192,0.1524,0.604,0.2524,0.6393
Qwen2.5-1.5B-Instruct,Qwen2.5,1.5,italian_locative_v7,discourse,192,0.1684,0.66,0.2552,0.641
Qwen2.5-1.5B-Instruct,Qwen2.5,1.5,lancaster2020_auditory,lexical_semantics,1000,0.2409,0.831,0.2899,0.9824
Qwen2.5-1.5B-Instruct,Qwen2.5,1.5,lancaster2020_foot_leg,lexical_semantics,1000,0.2931,0.729,0.402,0.9921
Qwen2.5-1.5B-Instruct,Qwen2.5,1.5,lancaster2020_gustatory,lexical_semantics,1000,0.3507,0.545,0.6434,0.9822
Qwen2.5-1.5B-Instruct,Qwen2.5,1.5,lancaster2020_hand_arm,lexical_semantics,1000,0.1178,0.783,0.1504,0.9932
Qwen2.5-1.5B-Instruct,Qwen2.5,1.5,lancaster2020_haptic,lexical_semantics,1000,0.343,0.808,0.4246,0.9806
Qwen2.5-1.5B-Instruct,Qwen2.5,1.5,lancaster2020_head,lexical_semantics,1000,0.2245,0.57,0.3939,0.9862
Qwen2.5-1.5B-Instruct,Qwen2.5,1.5,lancaster2020_interoceptive,lexical_semantics,1000,0.3627,0.778,0.4662,0.9856
Qwen2.5-1.5B-Instruct,Qwen2.5,1.5,lancaster2020_mouth,lexical_semantics,1000,0.3174,0.777,0.4084,0.9867
Qwen2.5-1.5B-Instruct,Qwen2.5,1.5,lancaster2020_olfactory,lexical_semantics,1000,0.37,0.622,0.5949,0.9818
Qwen2.5-1.5B-Instruct,Qwen2.5,1.5,lancaster2020_torso,lexical_semantics,1000,0.1764,0.675,0.2613,0.9922
Qwen2.5-1.5B-Instruct,Qwen2.5,1.5,lancaster2020_visual,lexical_semantics,1000,0.2782,0.767,0.3627,0.9877
Qwen2.5-1.5B-Instruct,Qwen2.5,1.5,lauren_sentence_naturalness_survey_expt3_nov_17_2011,syntax,460,0.3061,0.633,0.4836,0.9992
Qwen2.5-1.5B-Instruct,Qwen2.5,1.5,lauren_sentence_naturalness_survey_expt_2_nov_15_2011,syntax,252,0.4765,0.712,0.6692,0.9993
Qwen2.5-1.5B-Instruct,Qwen2.5,1.5,lauren_sentence_naturalness_survey_oct_14_2011,syntax,360,0.387,0.703,0.5505,0.9994
Qwen2.5-1.5B-Instruct,Qwen2.5,1.5,lexical_frame_adjectives_likert_set1,syntax,384,0.6791,0.83,0.8182,0.9982
Qwen2.5-1.5B-Instruct,Qwen2.5,1.5,lexical_frame_adjectives_likert_set2,syntax,384,0.6329,0.744,0.8506,0.9982
Qwen2.5-1.5B-Instruct,Qwen2.5,1.5,lexical_frame_adjectives_likert_set3,syntax,384,0.6632,0.873,0.7597,0.9982
Qwen2.5-1.5B-Instruct,Qwen2.5,1.5,locative_topicalization_survey,discourse,229,0.3965,0.777,0.5103,0.9408
Qwen2.5-1.5B-Instruct,Qwen2.5,1.5,massive_mem_arousal_mar_2013,lexical_semantics,1000,0.4429,0.883,0.5015,0.9993
Qwen2.5-1.5B-Instruct,Qwen2.5,1.5,massive_mem_arousal_mar_2013_end_2,lexical_semantics,242,0.5616,0.85,0.6608,0.9993
Qwen2.5-1.5B-Instruct,Qwen2.5,1.5,massive_mem_arousal_mar_2014,lexical_semantics,1000,0.503,0.863,0.5829,0.9987
Qwen2.5-1.5B-Instruct,Qwen2.5,1.5,massive_mem_arousal_mar_2014_end_1,lexical_semantics,242,0.5928,0.886,0.6691,0.9987
Qwen2.5-1.5B-Instruct,Qwen2.5,1.5,massive_mem_concreteness_mar_2013,lexical_semantics,1000,0.4182,0.956,0.4374,0.9994
Qwen2.5-1.5B-Instruct,Qwen2.5,1.5,massive_mem_concreteness_mar_2013_end_1,lexical_semantics,242,0.3484,0.959,0.3633,0.9992
Qwen2.5-1.5B-Instruct,Qwen2.5,1.5,massive_mem_concreteness_mar_2014,lexical_semantics,1000,0.0172,0.952,0.018,0.9989
Qwen2.5-1.5B-Instruct,Qwen2.5,1.5,massive_mem_concreteness_mar_2014_end_1,lexical_semantics,242,0.0089,0.955,0.0094,0.9989
Qwen2.5-1.5B-Instruct,Qwen2.5,1.5,massive_mem_imageability_mar_2013,lexical_semantics,1000,0.2239,0.961,0.233,0.9994
Qwen2.5-1.5B-Instruct,Qwen2.5,1.5,massive_mem_imageability_mar_2013_end_1,lexical_semantics,242,0.4576,0.963,0.4751,0.9993
Qwen2.5-1.5B-Instruct,Qwen2.5,1.5,massive_mem_imageability_mar_2014,lexical_semantics,1000,0.1818,0.948,0.1917,0.9994
Qwen2.5-1.5B-Instruct,Qwen2.5,1.5,massive_mem_imageability_mar_2014_end_1,lexical_semantics,242,0.2619,0.964,0.2717,0.9994
Qwen2.5-1.5B-Instruct,Qwen2.5,1.5,massive_mem_valence_mar_2013,lexical_semantics,1000,0.4302,0.948,0.4538,0.999
Qwen2.5-1.5B-Instruct,Qwen2.5,1.5,massive_mem_valence_mar_2013_end_1,lexical_semantics,242,0.6213,0.966,0.6432,0.9988
Qwen2.5-1.5B-Instruct,Qwen2.5,1.5,massive_mem_valence_mar_2014,lexical_semantics,1000,0.519,0.961,0.54,0.9989
Qwen2.5-1.5B-Instruct,Qwen2.5,1.5,massive_mem_valence_mar_2014_end_1,lexical_semantics,242,0.5515,0.959,0.5751,0.9988
Qwen2.5-1.5B-Instruct,Qwen2.5,1.5,melissa_short_naturalness_test,sentence_semantics,24,0.7162,0.968,0.7399,0.9995
Qwen2.5-1.5B-Instruct,Qwen2.5,1.5,missing_vp_extension_0501_final,syntax,72,0.0823,0.741,0.1111,0.9443
Qwen2.5-1.5B-Instruct,Qwen2.5,1.5,missing_vp_extension,syntax,80,0.3832,0.881,0.4349,0.9865
Qwen2.5-1.5B-Instruct,Qwen2.5,1.5,missing_vp_rereplication,syntax,72,-0.2661,0.707,-0.3764,0.9844
Qwen2.5-1.5B-Instruct,Qwen2.5,1.5,mk_grammaticality_study_7_20,syntax,1000,-0.1787,0.876,-0.204,0.9996
Qwen2.5-1.5B-Instruct,Qwen2.5,1.5,muraki2023_concreteness,lexical_semantics,1000,-0.0776,0.829,-0.0936,0.9839
Qwen2.5-1.5B-Instruct,Qwen2.5,1.5,noisy_channel_acceptability_1_sept_2013_1,syntax,496,0.6245,0.921,0.678,0.9998
Qwen2.5-1.5B-Instruct,Qwen2.5,1.5,noisy_channel_acceptability_2_sept_2013,syntax,380,0.5732,0.965,0.594,0.9997
Qwen2.5-1.5B-Instruct,Qwen2.5,1.5,noisy_rc_norming_oct19,sentence_semantics,128,0.4956,0.838,0.5914,0.9999
Qwen2.5-1.5B-Instruct,Qwen2.5,1.5,of_acceptability_2,syntax,88,0.3539,0.951,0.3721,0.9995
Qwen2.5-1.5B-Instruct,Qwen2.5,1.5,orange_camel_sentence_naturalness_survey_nov_2010,discourse,144,0.4859,0.861,0.5643,0.9975
Qwen2.5-1.5B-Instruct,Qwen2.5,1.5,orc_lauren_sentence_naturalness_survey_july_2012,syntax,192,0.2313,0.948,0.244,0.9996
Qwen2.5-1.5B-Instruct,Qwen2.5,1.5,p_p_sentence_naturalness_survey_aug_2010,syntax,252,0.2669,0.859,0.3107,0.9993
Qwen2.5-1.5B-Instruct,Qwen2.5,1.5,p_p_sentence_naturalness_survey_dec_2009,syntax,324,0.1613,0.95,0.1698,0.9992
Qwen2.5-1.5B-Instruct,Qwen2.5,1.5,p_p_sentence_naturalness_survey_feb,syntax,614,0.0692,0.664,0.1042,0.9991
Qwen2.5-1.5B-Instruct,Qwen2.5,1.5,p_p_sentence_naturalness_survey_june_2013_v3,syntax,242,-0.0584,0.928,-0.0629,0.9983
Qwen2.5-1.5B-Instruct,Qwen2.5,1.5,paris_judgments_3_dec_2012,syntax,477,0.166,0.845,0.1964,0.9997
Qwen2.5-1.5B-Instruct,Qwen2.5,1.5,pascal_1_dec_2012,syntax,544,0.1538,0.066,2.3307,0.9461
Qwen2.5-1.5B-Instruct,Qwen2.5,1.5,presup_survey_1_acd_july_2012,pragmatics,240,0.6333,0.83,0.763,0.9967
Qwen2.5-1.5B-Instruct,Qwen2.5,1.5,presup_survey_2_acd_july_2012,pragmatics,240,0.2087,0.665,0.3139,0.9974
Qwen2.5-1.5B-Instruct,Qwen2.5,1.5,pronouns_following_verbs,pragmatics,44,-0.173,0.706,-0.245,0.8745
Qwen2.5-1.5B-Instruct,Qwen2.5,1.5,pronouns_following_verbs_an,pragmatics,44,0.0161,0.663,0.0243,0.8899
Qwen2.5-1.5B-Instruct,Qwen2.5,1.5,pronouns_following_verbs_ce,pragmatics,44,-0.1303,0.708,-0.184,0.8802
Qwen2.5-1.5B-Instruct,Qwen2.5,1.5,pronouns_following_verbs_sm,pragmatics,44,-0.1253,0.443,-0.2828,0.8721
Qwen2.5-1.5B-Instruct,Qwen2.5,1.5,pronouns_following_verbs_so,pragmatics,44,-0.083,0.509,-0.163,0.8876
Qwen2.5-1.5B-Instruct,Qwen2.5,1.5,pronouns_following_verbs_ve,pragmatics,45,-0.1694,0.567,-0.2988,0.8872
Qwen2.5-1.5B-Instruct,Qwen2.5,1.5,quant_syn_april_13_2012_90_sentences_with_a_question_and_a_rating_code,syntax,184,0.6729,0.91,0.7394,0.9999
Qwen2.5-1.5B-Instruct,Qwen2.5,1.5,quant_syn_april_14_2012_48_sentences_with_a_question_and_a_rating_code,syntax,168,0.6386,0.96,0.6652,0.9999
Qwen2.5-1.5B-Instruct,Qwen2.5,1.5,quant_syn_april_16_2012_36_sentences_with_a_question_and_a_rating_code,syntax,126,0.7253,0.965,0.7516,0.9999
Qwen2.5-1.5B-Instruct,Qwen2.5,1.5,quantifier_naturalness_survey_june_4_2010,syntax,192,0.1746,0.639,0.2732,0.9997
Qwen2.5-1.5B-Instruct,Qwen2.5,1.5,quantitative_syntax_survey,syntax,129,0.1877,0.852,0.2203,0.9963
Qwen2.5-1.5B-Instruct,Qwen2.5,1.5,rating_english_sentences,syntax,240,0.5707,0.899,0.6348,0.9897
Qwen2.5-1.5B-Instruct,Qwen2.5,1.5,reasoning_and_language_tasks_survey_code_talkative_pigeon,syntax,72,0.159,0.941,0.169,0.9997
Qwen2.5-1.5B-Instruct,Qwen2.5,1.5,relative_clause_displacements_in_english_sentences,syntax,180,0.2069,0.501,0.413,0.9893
Qwen2.5-1.5B-Instruct,Qwen2.5,1.5,relative_clause_displacements_in_english_sentences_with_fill,syntax,93,0.3259,0.846,0.3852,0.9896
Qwen2.5-1.5B-Instruct,Qwen2.5,1.5,replication_study_9_59,discourse,185,0.3367,0.363,0.9275,0.9815
Qwen2.5-1.5B-Instruct,Qwen2.5,1.5,richard_islands_acceptability_expt_1_april_25_2013_3,syntax,144,0.4982,0.819,0.6083,0.9994
Qwen2.5-1.5B-Instruct,Qwen2.5,1.5,richard_islands_acceptability_expt_2_april_26_2013,syntax,228,0.5946,0.92,0.6463,0.9994
Qwen2.5-1.5B-Instruct,Qwen2.5,1.5,richard_islands_acceptability_expt_4_april_26_2013_1,syntax,100,0.5889,0.931,0.6326,0.9995
Qwen2.5-1.5B-Instruct,Qwen2.5,1.5,richard_islands_acceptability_expt_5_april_27_2013_1,syntax,132,0.3192,0.619,0.5157,0.9994
Qwen2.5-1.5B-Instruct,Qwen2.5,1.5,richard_islands_acceptability_expt_6_april_28_2013_while_whq_decl,syntax,100,0.6607,0.965,0.6847,0.9995
Qwen2.5-1.5B-Instruct,Qwen2.5,1.5,russian_freezing,syntax,180,0.2688,0.898,0.2994,0.9601
Qwen2.5-1.5B-Instruct,Qwen2.5,1.5,semantics1_finalproject,sentence_semantics,96,0.7931,0.972,0.8159,0.9989
Qwen2.5-1.5B-Instruct,Qwen2.5,1.5,semantics2_finalproject,sentence_semantics,96,0.8046,0.986,0.816,0.9987
Qwen2.5-1.5B-Instruct,Qwen2.5,1.5,semantics3_final_project,pragmatics,96,0.3558,0.974,0.3653,0.9943
Qwen2.5-1.5B-Instruct,Qwen2.5,1.5,sentence_completions_and_islands_acceptability_expt_1_nov_13_2012,syntax,112,0.6264,0.969,0.6464,0.9994
Qwen2.5-1.5B-Instruct,Qwen2.5,1.5,sentence_naturalness_isac_survey_feb_2011,syntax,304,0.6897,0.836,0.8251,0.9993
Qwen2.5-1.5B-Instruct,Qwen2.5,1.5,sentence_naturalness_survey_acd_ratings_hackl_expt_7_oct_25_2012_1,syntax,176,0.3683,0.886,0.4156,0.9993
Qwen2.5-1.5B-Instruct,Qwen2.5,1.5,sentence_naturalness_survey_acd_ratings_hackl_replic_expt_1_july_14_20,syntax,480,0.3537,0.864,0.4093,0.9993
Qwen2.5-1.5B-Instruct,Qwen2.5,1.5,sentence_naturalness_survey_acd_ratings_v4_july_13_2012,syntax,176,0.3784,0.748,0.5058,0.9993
Qwen2.5-1.5B-Instruct,Qwen2.5,1.5,sentence_naturalness_survey_acd_v1_jan_2012,discourse,128,-0.0788,0.299,-0.2634,0.9916
Qwen2.5-1.5B-Instruct,Qwen2.5,1.5,sentence_naturalness_survey_acd_v6_oct_25_2012,discourse,128,-0.0968,0.602,-0.1608,0.9916
Qwen2.5-1.5B-Instruct,Qwen2.5,1.5,sentence_naturalness_survey_denise_jan_12_2011_survey_code_pig_the_pig,syntax,200,0.7043,0.986,0.7143,0.9997
Qwen2.5-1.5B-Instruct,Qwen2.5,1.5,sentence_naturalness_survey_denise_sept_8_2010_survey_code_pig_the_pig,syntax,224,0.6886,0.972,0.7084,0.9997
Qwen2.5-1.5B-Instruct,Qwen2.5,1.5,sentence_naturalness_survey_feb_16_1_2012_60_items_code_shy_armadillo,syntax,120,0.4046,0.912,0.4437,0.9999
Qwen2.5-1.5B-Instruct,Qwen2.5,1.5,sentence_naturalness_survey_for_gs_dec_2009,pragmatics,122,0.6543,0.882,0.7419,0.9972
Qwen2.5-1.5B-Instruct,Qwen2.5,1.5,sentence_naturalness_survey_for_gs_jan_2010,pragmatics,133,0.5121,0.906,0.5653,0.9976
Qwen2.5-1.5B-Instruct,Qwen2.5,1.5,sentence_naturalness_survey_for_gs_jan_23_2010,pragmatics,216,0.4868,0.942,0.5168,0.9977
Qwen2.5-1.5B-Instruct,Qwen2.5,1.5,sentence_naturalness_survey_for_gs_may_11_2011_purple_puppy,pragmatics,72,0.4192,0.873,0.4801,0.9973
Qwen2.5-1.5B-Instruct,Qwen2.5,1.5,sentence_naturalness_survey_for_jk_april_4_2010,discourse,96,0.2789,0.886,0.3148,0.999
Qwen2.5-1.5B-Instruct,Qwen2.5,1.5,sentence_naturalness_survey_for_jk_april_4_expt_3_2010,discourse,96,0.1577,0.83,0.19,0.9989
Qwen2.5-1.5B-Instruct,Qwen2.5,1.5,sentence_naturalness_survey_for_jk_april_9_expt_4_2010,discourse,96,0.0293,0.831,0.0353,0.9989
Qwen2.5-1.5B-Instruct,Qwen2.5,1.5,sentence_naturalness_survey_for_jk_june_24_2010_v2,discourse,176,0.1379,0.787,0.1752,0.9989
Qwen2.5-1.5B-Instruct,Qwen2.5,1.5,sentence_naturalness_survey_for_jk_mar_2010,discourse,96,0.2937,0.88,0.3337,0.9991
Qwen2.5-1.5B-Instruct,Qwen2.5,1.5,sentence_naturalness_survey_for_jkm_dec_2009,discourse,128,0.006,0.18,0.0332,0.9978
Qwen2.5-1.5B-Instruct,Qwen2.5,1.5,sentence_naturalness_survey_for_jkm_jan_2012,discourse,128,0.0051,0.266,0.0193,0.9911
Qwen2.5-1.5B-Instruct,Qwen2.5,1.5,sentence_naturalness_survey_for_lb_dec_2009,discourse,108,0.56,0.832,0.6731,0.9979
Qwen2.5-1.5B-Instruct,Qwen2.5,1.5,sentence_naturalness_survey_for_lb_feb_20_2010_v2,discourse,79,0.4806,0.951,0.5053,0.9988
Qwen2.5-1.5B-Instruct,Qwen2.5,1.5,sentence_naturalness_survey_for_lb_jan_2011,discourse,519,0.5271,0.886,0.5949,0.9989
Qwen2.5-1.5B-Instruct,Qwen2.5,1.5,sentence_naturalness_survey_for_lb_jan_2011_v2,discourse,519,0.108,0.689,0.1568,0.9862
Qwen2.5-1.5B-Instruct,Qwen2.5,1.5,sentence_naturalness_survey_for_lb_jan_2011_v3,discourse,519,0.5192,0.886,0.586,0.9988
Qwen2.5-1.5B-Instruct,Qwen2.5,1.5,sentence_naturalness_survey_for_lb_mar_2010_2,discourse,241,0.4037,0.935,0.4318,0.998
Qwen2.5-1.5B-Instruct,Qwen2.5,1.5,sentence_naturalness_survey_for_lb_mar_2010,discourse,123,0.3913,0.951,0.4114,0.9979
Qwen2.5-1.5B-Instruct,Qwen2.5,1.5,sentence_naturalness_survey_for_lb_may_2010,discourse,148,0.1966,0.953,0.2063,0.9987
Qwen2.5-1.5B-Instruct,Qwen2.5,1.5,sentence_naturalness_survey_for_lb_prelim_oct_2010,discourse,402,0.1768,0.882,0.2005,0.9986
Qwen2.5-1.5B-Instruct,Qwen2.5,1.5,sentence_naturalness_survey_for_rw_dec_2009,discourse,180,0.3245,0.825,0.3933,0.9995
Qwen2.5-1.5B-Instruct,Qwen2.5,1.5,sentence_naturalness_survey_for_rw_jan_2010,discourse,480,0.3056,0.872,0.3505,0.9994
Qwen2.5-1.5B-Instruct,Qwen2.5,1.5,sentence_naturalness_survey_laura_mar_17_2012_92_items_code_lazy_cater,sentence_semantics,368,0.7053,0.883,0.7987,0.9997
Qwen2.5-1.5B-Instruct,Qwen2.5,1.5,sentence_naturalness_survey_laura_mar_17_2012_96_items_code_lazy_cater,sentence_semantics,384,0.6679,0.883,0.7564,0.9997
Qwen2.5-1.5B-Instruct,Qwen2.5,1.5,sentence_naturalness_survey_may_4_2011_36_items_code_anxious_bat,syntax,84,0.3554,0.757,0.4695,0.9999
Qwen2.5-1.5B-Instruct,Qwen2.5,1.5,sentence_naturalness_survey_nat_aug_28_2010_survey_code_downtown,syntax,270,0.4494,0.956,0.4701,0.9994
Qwen2.5-1.5B-Instruct,Qwen2.5,1.5,short_acceptability_feb_6_2014,syntax,128,0.1132,0.907,0.1248,0.9998
Qwen2.5-1.5B-Instruct,Qwen2.5,1.5,susan_canonicity_rerunning_2,syntax,52,0.5566,0.95,0.5859,0.9995
Qwen2.5-1.5B-Instruct,Qwen2.5,1.5,topicalization_e1,syntax,77,0.6542,0.942,0.6945,0.9996
Qwen2.5-1.5B-Instruct,Qwen2.5,1.5,verb_causality_study_semantics_ratings_mk_april_2010,lexical_semantics,188,-0.327,0.972,-0.3364,0.9996
Qwen2.5-1.5B-Instruct,Qwen2.5,1.5,verb_causality_study_syntax_ratings_mk_april_2010,syntax,653,0.0257,0.633,0.0406,0.9997
Qwen2.5-1.5B-Instruct,Qwen2.5,1.5,wm2_wm5_9_59_sentence_naturalness_survey_april_2011,syntax,219,0.5632,0.839,0.6713,0.9989
Qwen2.5-1.5B-Instruct,Qwen2.5,1.5,word3_b_word_naturalness_survey_may_4_2011_160_items_code_sleepy_bear,subword,158,0.614,0.937,0.6553,0.9997
Qwen2.5-1.5B-Instruct,Qwen2.5,1.5,word3_word_naturalness_survey_may_1_2011_45_items_code_nosy_badger,subword,45,0.2013,0.948,0.2124,0.9997
Qwen2.5-14B-Instruct,Qwen2.5,14.8,50_sentences_noisy_channel_may_25_2011,pragmatics,208,0.0579,0.555,0.1043,1.0
Qwen2.5-14B-Instruct,Qwen2.5,14.8,50_sentences_with_2_comp_qs_plus_rating_mar_11_2011,sentence_semantics,208,0.4092,0.588,0.6959,1.0
Qwen2.5-14B-Instruct,Qwen2.5,14.8,acceptability_extension_959_v5,syntax,566,0.7866,0.797,0.9869,1.0
Qwen2.5-14B-Instruct,Qwen2.5,14.8,acceptability_judgments_kang,syntax,136,0.8112,0.974,0.8328,1.0
Qwen2.5-14B-Instruct,Qwen2.5,14.8,acceptability_replication_959,syntax,288,0.915,0.964,0.9492,1.0
Qwen2.5-14B-Instruct,Qwen2.5,14.8,acd_context_polly_1_nov_23_2012,discourse,310,0.2498,0.462,0.5407,1.0
Qwen2.5-14B-Instruct,Qwen2.5,14.8,acd_no_context_polly_1_nov_23_2012,syntax,213,0.6874,0.838,0.8203,1.0
Qwen2.5-14B-Instruct,Qwen2.5,14.8,acd_project_also_3_nov_24_2012_2,syntax,128,0.6501,0.874,0.7438,1.0
Qwen2.5-14B-Instruct,Qwen2.5,14.8,acd_project_expt_23_also_nov_16_2012,syntax,600,0.6174,0.825,0.7483,1.0
Qwen2.5-14B-Instruct,Qwen2.5,14.8,acd_project_expt_24_same_diff_verbs_nov_16_2012,syntax,472,0.6835,0.89,0.7679,1.0
Qwen2.5-14B-Instruct,Qwen2.5,14.8,acd_project_expt_31_same_diff_verbs_nov_16_2012_1,syntax,176,0.7134,0.755,0.9449,1.0
Qwen2.5-14B-Instruct,Qwen2.5,14.8,acd_project_expt_42_also_verbs_nov_29_2012_1,syntax,176,0.4258,0.63,0.6759,1.0
Qwen2.5-14B-Instruct,Qwen2.5,14.8,acd_project_expt_44_the_same_nov_29_2012_1,syntax,140,0.5924,0.601,0.9858,1.0
Qwen2.5-14B-Instruct,Qwen2.5,14.8,acd_project_expt_45_hkv_expt_2_plaus_nov_29_2012,syntax,360,0.5926,0.774,0.7656,1.0
Qwen2.5-14B-Instruct,Qwen2.5,14.8,acd_project_expt_46_also_in_hkv_2_nov_29_2012_1,syntax,448,0.5373,0.56,0.9595,1.0
Qwen2.5-14B-Instruct,Qwen2.5,14.8,active_passive_sentence_naturalness_survey_july_2012,syntax,132,0.7448,0.887,0.8397,1.0
Qwen2.5-14B-Instruct,Qwen2.5,14.8,aixiu_coherence_en_update1,sentence_semantics,277,0.8071,0.882,0.9151,1.0
Qwen2.5-14B-Instruct,Qwen2.5,14.8,alex_paunov_literal_inferences_dec_3_2011,pragmatics,299,0.538,0.908,0.5925,1.0
Qwen2.5-14B-Instruct,Qwen2.5,14.8,amouyal2024_plausibility,sentence_semantics,853,0.6249,0.915,0.683,1.0
Qwen2.5-14B-Instruct,Qwen2.5,14.8,animacy_passive_dative_kyle,syntax,120,0.61,0.926,0.6588,1.0
Qwen2.5-14B-Instruct,Qwen2.5,14.8,anne_abeille_acceptability_july_12_2017_1,syntax,296,0.5283,0.635,0.832,1.0
Qwen2.5-14B-Instruct,Qwen2.5,14.8,base_acceptability_0908,syntax,73,0.6208,0.931,0.6668,1.0
Qwen2.5-14B-Instruct,Qwen2.5,14.8,brief_sentence_naturalness_survey_march_2011,sentence_semantics,64,0.905,0.96,0.9427,1.0
Qwen2.5-14B-Instruct,Qwen2.5,14.8,can_noncan_acceptability_0924,syntax,88,0.7399,0.966,0.7659,1.0
Qwen2.5-14B-Instruct,Qwen2.5,14.8,can_noncan_acceptability_2,syntax,88,0.7904,0.962,0.8216,1.0
Qwen2.5-14B-Instruct,Qwen2.5,14.8,chinese_dative,discourse,96,0.5806,0.715,0.812,0.9999
Qwen2.5-14B-Instruct,Qwen2.5,14.8,class_demo,syntax,44,0.7268,0.927,0.7841,1.0
Qwen2.5-14B-Instruct,Qwen2.5,14.8,clefting_e3,syntax,48,0.4653,0.877,0.5305,1.0
Qwen2.5-14B-Instruct,Qwen2.5,14.8,clefting_e4,syntax,48,0.5688,0.969,0.587,1.0
Qwen2.5-14B-Instruct,Qwen2.5,14.8,coherence_survey_list1_main,discourse,100,0.8924,0.95,0.9393,1.0
Qwen2.5-14B-Instruct,Qwen2.5,14.8,coherence_survey_list2_main,discourse,100,0.9061,0.948,0.9558,1.0
Qwen2.5-14B-Instruct,Qwen2.5,14.8,coherence_survey_list3_main,discourse,100,0.8966,0.942,0.9518,1.0
Qwen2.5-14B-Instruct,Qwen2.5,14.8,coherence_survey_list4_main,discourse,100,0.8772,0.95,0.9234,1.0
Qwen2.5-14B-Instruct,Qwen2.5,14.8,constituency_tests_2,syntax,48,0.6746,0.836,0.8069,1.0
Qwen2.5-14B-Instruct,Qwen2.5,14.8,constituency_tests,syntax,48,0.5018,0.654,0.7673,1.0
Qwen2.5-14B-Instruct,Qwen2.5,14.8,copy_cat_polly_june_2014,discourse,102,0.654,0.865,0.7561,1.0
Qwen2.5-14B-Instruct,Qwen2.5,14.8,copy_of_verb_causality_study_semantics_ratings_mk_april_2010,lexical_semantics,62,0.4147,0.83,0.4996,1.0
Qwen2.5-14B-Instruct,Qwen2.5,14.8,crossed_dependencies_long,syntax,201,0.5556,0.899,0.618,1.0
Qwen2.5-14B-Instruct,Qwen2.5,14.8,cul_jack_april_12_2012_54_short_texts_with_two_comprehension_questions,syntax,210,0.6818,0.896,0.7609,1.0
Qwen2.5-14B-Instruct,Qwen2.5,14.8,cul_jack_sentence_naturalness_survey_april_2010,syntax,220,0.7717,0.952,0.8106,1.0
Qwen2.5-14B-Instruct,Qwen2.5,14.8,dative_alternation_extension_version_2,syntax,229,0.5148,0.456,1.129,1.0
Qwen2.5-14B-Instruct,Qwen2.5,14.8,dative_finnish,discourse,96,0.3459,0.689,0.502,0.1319
Qwen2.5-14B-Instruct,Qwen2.5,14.8,dative_turkish,discourse,96,0.2581,0.734,0.3516,1.0
Qwen2.5-14B-Instruct,Qwen2.5,14.8,dentella2023_grammaticality,syntax,80,0.6852,0.981,0.6985,0.0758
Qwen2.5-14B-Instruct,Qwen2.5,14.8,depth_charge_survey,sentence_semantics,188,0.431,0.846,0.5095,1.0
Qwen2.5-14B-Instruct,Qwen2.5,14.8,depth_charge_with_noise,sentence_semantics,188,0.6288,0.854,0.7363,1.0
Qwen2.5-14B-Instruct,Qwen2.5,14.8,discourse_30subjs_list1,discourse,100,0.8921,0.941,0.948,1.0
Qwen2.5-14B-Instruct,Qwen2.5,14.8,discourse_30subjs_list2,discourse,100,0.9064,0.951,0.9531,1.0
Qwen2.5-14B-Instruct,Qwen2.5,14.8,discourse_30subjs_list3,discourse,100,0.9082,0.947,0.9591,1.0
Qwen2.5-14B-Instruct,Qwen2.5,14.8,discourse_30subjs_list4,discourse,100,0.9191,0.942,0.9756,1.0
Qwen2.5-14B-Instruct,Qwen2.5,14.8,discourse_causality_list1,discourse,100,0.8542,0.935,0.9136,1.0
Qwen2.5-14B-Instruct,Qwen2.5,14.8,discourse_causality_list2,discourse,100,0.8526,0.952,0.8956,1.0
Qwen2.5-14B-Instruct,Qwen2.5,14.8,discourse_causality_list3,discourse,100,0.8527,0.933,0.9139,1.0
Qwen2.5-14B-Instruct,Qwen2.5,14.8,discourse_causality_list4,discourse,100,0.9002,0.955,0.9426,1.0
Qwen2.5-14B-Instruct,Qwen2.5,14.8,discourse_changed_0428,discourse,48,0.8686,0.953,0.9114,1.0
Qwen2.5-14B-Instruct,Qwen2.5,14.8,discourse_coherence_list1,discourse,100,0.8806,0.943,0.9338,1.0
Qwen2.5-14B-Instruct,Qwen2.5,14.8,discourse_coherence_list2,discourse,100,0.8636,0.936,0.9226,1.0
Qwen2.5-14B-Instruct,Qwen2.5,14.8,discourse_coherence_list3,discourse,100,0.8713,0.95,0.9171,1.0
Qwen2.5-14B-Instruct,Qwen2.5,14.8,discourse_coherence_list4,discourse,100,0.8929,0.933,0.957,1.0
Qwen2.5-14B-Instruct,Qwen2.5,14.8,discourse_imagability_pairs_list1,sentence_semantics,100,0.8164,0.917,0.8903,1.0
Qwen2.5-14B-Instruct,Qwen2.5,14.8,discourse_imagability_pairs_list2,sentence_semantics,100,0.8216,0.946,0.8685,1.0
Qwen2.5-14B-Instruct,Qwen2.5,14.8,discourse_imagability_singles_list1,sentence_semantics,100,0.8233,0.938,0.8777,1.0
Qwen2.5-14B-Instruct,Qwen2.5,14.8,discourse_imagability_singles_list2,sentence_semantics,100,0.8613,0.954,0.9028,1.0
Qwen2.5-14B-Instruct,Qwen2.5,14.8,discourse_imagability_singles_list3,sentence_semantics,100,0.846,0.931,0.9087,1.0
Qwen2.5-14B-Instruct,Qwen2.5,14.8,discourse_imagability_singles_list4,sentence_semantics,100,0.8292,0.948,0.8747,1.0
Qwen2.5-14B-Instruct,Qwen2.5,14.8,discourse_mentalizing_pairs_list1,sentence_semantics,100,0.8273,0.928,0.8915,1.0
Qwen2.5-14B-Instruct,Qwen2.5,14.8,discourse_mentalizing_pairs_list2,sentence_semantics,100,0.8717,0.931,0.9363,1.0
Qwen2.5-14B-Instruct,Qwen2.5,14.8,discourse_mentalizing_singles_list1,sentence_semantics,100,0.8142,0.935,0.8708,1.0
Qwen2.5-14B-Instruct,Qwen2.5,14.8,discourse_mentalizing_singles_list2,sentence_semantics,100,0.8403,0.925,0.9084,1.0
Qwen2.5-14B-Instruct,Qwen2.5,14.8,discourse_mentalizing_singles_list3,sentence_semantics,100,0.8045,0.909,0.8851,1.0
Qwen2.5-14B-Instruct,Qwen2.5,14.8,discourse_mentalizing_singles_list4,sentence_semantics,100,0.8793,0.952,0.9236,1.0
Qwen2.5-14B-Instruct,Qwen2.5,14.8,discourse_physics_pairs_list1,sentence_semantics,100,0.7548,0.957,0.7887,1.0
Qwen2.5-14B-Instruct,Qwen2.5,14.8,discourse_physics_pairs_list2,sentence_semantics,100,0.781,0.951,0.8213,1.0
Qwen2.5-14B-Instruct,Qwen2.5,14.8,discourse_physics_singles_list1,sentence_semantics,100,0.8592,0.943,0.9111,1.0
Qwen2.5-14B-Instruct,Qwen2.5,14.8,discourse_physics_singles_list2,sentence_semantics,100,0.7842,0.952,0.8238,1.0
Qwen2.5-14B-Instruct,Qwen2.5,14.8,discourse_physics_singles_list3,sentence_semantics,100,0.8488,0.941,0.902,1.0
Qwen2.5-14B-Instruct,Qwen2.5,14.8,discourse_physics_singles_list4,sentence_semantics,100,0.839,0.942,0.8907,1.0
Qwen2.5-14B-Instruct,Qwen2.5,14.8,discourse_scenes_pairs_list1,sentence_semantics,100,0.9033,0.944,0.9569,1.0
Qwen2.5-14B-Instruct,Qwen2.5,14.8,discourse_scenes_pairs_list2,sentence_semantics,100,0.9107,0.95,0.9586,1.0
Qwen2.5-14B-Instruct,Qwen2.5,14.8,discourse_scenes_singles_list1,sentence_semantics,100,0.9199,0.944,0.9745,1.0
Qwen2.5-14B-Instruct,Qwen2.5,14.8,discourse_scenes_singles_list2,sentence_semantics,100,0.8971,0.949,0.9453,1.0
Qwen2.5-14B-Instruct,Qwen2.5,14.8,discourse_scenes_singles_list3,sentence_semantics,100,0.8554,0.966,0.8855,1.0
Qwen2.5-14B-Instruct,Qwen2.5,14.8,discourse_scenes_singles_list4,sentence_semantics,100,0.9115,0.964,0.9456,1.0
Qwen2.5-14B-Instruct,Qwen2.5,14.8,diveica2023_socialness,lexical_semantics,1000,0.8527,0.883,0.9656,1.0
Qwen2.5-14B-Instruct,Qwen2.5,14.8,ecog_sentences_imaginability_jan_8_2014,sentence_semantics,120,0.5877,0.833,0.7055,1.0
Qwen2.5-14B-Instruct,Qwen2.5,14.8,ecog_sentences_naturalness_jan_8_2014_2,sentence_semantics,120,0.5428,0.727,0.7467,1.0
Qwen2.5-14B-Instruct,Qwen2.5,14.8,edwards2024_spelling_to_pronunciation_transparency,subword,1000,0.5955,0.826,0.721,1.0
Qwen2.5-14B-Instruct,Qwen2.5,14.8,erp_norming_error_detection_june_2013_4,syntax,323,-0.6034,0.841,-0.7175,1.0
Qwen2.5-14B-Instruct,Qwen2.5,14.8,erp_sentence_naturalness_survey_june_2013_2,syntax,483,0.8076,0.922,0.8759,1.0
Qwen2.5-14B-Instruct,Qwen2.5,14.8,eunice_disfluency_2_nov_17_2011,syntax,190,0.7484,0.832,0.8996,1.0
Qwen2.5-14B-Instruct,Qwen2.5,14.8,eunice_disfluency_nov_15_2011,syntax,468,0.6107,0.807,0.7568,1.0
Qwen2.5-14B-Instruct,Qwen2.5,14.8,european_portuguese_rc,syntax,174,0.7392,0.84,0.88,1.0
Qwen2.5-14B-Instruct,Qwen2.5,14.8,european_portuguese_wh,syntax,174,0.8334,0.893,0.9333,1.0
Qwen2.5-14B-Instruct,Qwen2.5,14.8,extension,syntax,138,0.7279,0.872,0.8347,1.0
Qwen2.5-14B-Instruct,Qwen2.5,14.8,gabriel_rc,syntax,174,0.7546,0.818,0.9225,1.0
Qwen2.5-14B-Instruct,Qwen2.5,14.8,gabriel_wh,syntax,174,0.8386,0.902,0.9297,1.0
Qwen2.5-14B-Instruct,Qwen2.5,14.8,giurgea2025_motivation,lexical_semantics,1000,0.6957,0.856,0.8127,1.0
Qwen2.5-14B-Instruct,Qwen2.5,14.8,huang_response_set1a,syntax,288,0.4672,0.966,0.4836,1.0
Qwen2.5-14B-Instruct,Qwen2.5,14.8,huang_response_set1b,syntax,288,0.4939,0.964,0.5124,1.0
Qwen2.5-14B-Instruct,Qwen2.5,14.8,huang_response_set2a,syntax,288,0.7206,0.97,0.7429,1.0
Qwen2.5-14B-Instruct,Qwen2.5,14.8,huang_response_set2a_declaratives,syntax,288,0.7615,0.97,0.7851,1.0
Qwen2.5-14B-Instruct,Qwen2.5,14.8,huang_response_set2b,syntax,288,0.7198,0.97,0.742,1.0
Qwen2.5-14B-Instruct,Qwen2.5,14.8,huang_response_set2b_declaratives,syntax,288,0.7569,0.974,0.7771,1.0
Qwen2.5-14B-Instruct,Qwen2.5,14.8,imperative_control_iad_gs_may_16_2011_purple_puppy,pragmatics,96,0.4926,0.86,0.5728,1.0
Qwen2.5-14B-Instruct,Qwen2.5,14.8,isac_sentence_naturalness_survey_feb_2011_64_items_survey_code_giant_c,syntax,256,0.7041,0.885,0.7956,1.0
Qwen2.5-14B-Instruct,Qwen2.5,14.8,islands_acceptability_expt_2_dec_2_2012,syntax,480,0.788,0.874,0.9017,1.0
Qwen2.5-14B-Instruct,Qwen2.5,14.8,italian_dative_v2,discourse,192,0.2876,0.604,0.4762,1.0
Qwen2.5-14B-Instruct,Qwen2.5,14.8,italian_locative_v7,discourse,192,0.4447,0.66,0.6738,1.0
Qwen2.5-14B-Instruct,Qwen2.5,14.8,lancaster2020_auditory,lexical_semantics,1000,0.3194,0.831,0.3843,1.0
Qwen2.5-14B-Instruct,Qwen2.5,14.8,lancaster2020_foot_leg,lexical_semantics,1000,0.5036,0.729,0.6908,1.0
Qwen2.5-14B-Instruct,Qwen2.5,14.8,lancaster2020_gustatory,lexical_semantics,1000,0.2673,0.545,0.4904,1.0
Qwen2.5-14B-Instruct,Qwen2.5,14.8,lancaster2020_hand_arm,lexical_semantics,1000,0.3551,0.783,0.4535,1.0
Qwen2.5-14B-Instruct,Qwen2.5,14.8,lancaster2020_haptic,lexical_semantics,1000,0.507,0.808,0.6275,1.0
Qwen2.5-14B-Instruct,Qwen2.5,14.8,lancaster2020_head,lexical_semantics,1000,0.4776,0.57,0.8378,1.0
Qwen2.5-14B-Instruct,Qwen2.5,14.8,lancaster2020_interoceptive,lexical_semantics,1000,0.4985,0.778,0.6408,1.0
Qwen2.5-14B-Instruct,Qwen2.5,14.8,lancaster2020_mouth,lexical_semantics,1000,0.4876,0.777,0.6275,1.0
Qwen2.5-14B-Instruct,Qwen2.5,14.8,lancaster2020_olfactory,lexical_semantics,1000,0.3749,0.622,0.6027,1.0
Qwen2.5-14B-Instruct,Qwen2.5,14.8,lancaster2020_torso,lexical_semantics,1000,0.3999,0.675,0.5925,1.0
Qwen2.5-14B-Instruct,Qwen2.5,14.8,lancaster2020_visual,lexical_semantics,1000,0.4722,0.767,0.6156,1.0
Qwen2.5-14B-Instruct,Qwen2.5,14.8,lauren_sentence_naturalness_survey_expt3_nov_17_2011,syntax,460,0.5644,0.633,0.8916,1.0
Qwen2.5-14B-Instruct,Qwen2.5,14.8,lauren_sentence_naturalness_survey_expt_2_nov_15_2011,syntax,252,0.4603,0.712,0.6466,1.0
Qwen2.5-14B-Instruct,Qwen2.5,14.8,lauren_sentence_naturalness_survey_oct_14_2011,syntax,360,0.5501,0.703,0.7825,1.0
Qwen2.5-14B-Instruct,Qwen2.5,14.8,lexical_frame_adjectives_likert_set1,syntax,384,0.7571,0.83,0.9121,1.0
Qwen2.5-14B-Instruct,Qwen2.5,14.8,lexical_frame_adjectives_likert_set2,syntax,384,0.7308,0.744,0.9823,1.0
Qwen2.5-14B-Instruct,Qwen2.5,14.8,lexical_frame_adjectives_likert_set3,syntax,384,0.78,0.873,0.8935,1.0
Qwen2.5-14B-Instruct,Qwen2.5,14.8,locative_topicalization_survey,discourse,229,0.698,0.777,0.8983,1.0
Qwen2.5-14B-Instruct,Qwen2.5,14.8,massive_mem_arousal_mar_2013,lexical_semantics,1000,0.6933,0.883,0.7852,1.0
Qwen2.5-14B-Instruct,Qwen2.5,14.8,massive_mem_arousal_mar_2013_end_2,lexical_semantics,242,0.7269,0.85,0.8552,1.0
Qwen2.5-14B-Instruct,Qwen2.5,14.8,massive_mem_arousal_mar_2014,lexical_semantics,1000,0.7124,0.863,0.8255,1.0
Qwen2.5-14B-Instruct,Qwen2.5,14.8,massive_mem_arousal_mar_2014_end_1,lexical_semantics,242,0.7334,0.886,0.8277,1.0
Qwen2.5-14B-Instruct,Qwen2.5,14.8,massive_mem_concreteness_mar_2013,lexical_semantics,1000,0.4764,0.956,0.4983,1.0
Qwen2.5-14B-Instruct,Qwen2.5,14.8,massive_mem_concreteness_mar_2013_end_1,lexical_semantics,242,0.8429,0.959,0.879,1.0
Qwen2.5-14B-Instruct,Qwen2.5,14.8,massive_mem_concreteness_mar_2014,lexical_semantics,1000,0.7611,0.952,0.7994,1.0
Qwen2.5-14B-Instruct,Qwen2.5,14.8,massive_mem_concreteness_mar_2014_end_1,lexical_semantics,242,0.7906,0.955,0.8278,1.0
Qwen2.5-14B-Instruct,Qwen2.5,14.8,massive_mem_imageability_mar_2013,lexical_semantics,1000,0.7056,0.961,0.7342,1.0
Qwen2.5-14B-Instruct,Qwen2.5,14.8,massive_mem_imageability_mar_2013_end_1,lexical_semantics,242,0.7845,0.963,0.8147,1.0
Qwen2.5-14B-Instruct,Qwen2.5,14.8,massive_mem_imageability_mar_2014,lexical_semantics,1000,0.5993,0.948,0.6322,1.0
Qwen2.5-14B-Instruct,Qwen2.5,14.8,massive_mem_imageability_mar_2014_end_1,lexical_semantics,242,0.6332,0.964,0.6569,1.0
Qwen2.5-14B-Instruct,Qwen2.5,14.8,massive_mem_valence_mar_2013,lexical_semantics,1000,0.7091,0.948,0.748,1.0
Qwen2.5-14B-Instruct,Qwen2.5,14.8,massive_mem_valence_mar_2013_end_1,lexical_semantics,242,0.895,0.966,0.9265,1.0
Qwen2.5-14B-Instruct,Qwen2.5,14.8,massive_mem_valence_mar_2014,lexical_semantics,1000,0.8714,0.961,0.9068,1.0
Qwen2.5-14B-Instruct,Qwen2.5,14.8,massive_mem_valence_mar_2014_end_1,lexical_semantics,242,0.8405,0.959,0.8765,1.0
Qwen2.5-14B-Instruct,Qwen2.5,14.8,melissa_short_naturalness_test,sentence_semantics,24,0.7524,0.968,0.7773,1.0
Qwen2.5-14B-Instruct,Qwen2.5,14.8,missing_vp_extension_0501_final,syntax,72,0.4961,0.741,0.6695,1.0
Qwen2.5-14B-Instruct,Qwen2.5,14.8,missing_vp_extension,syntax,80,0.2859,0.881,0.3245,1.0
Qwen2.5-14B-Instruct,Qwen2.5,14.8,missing_vp_rereplication,syntax,72,0.4975,0.707,0.7036,1.0
Qwen2.5-14B-Instruct,Qwen2.5,14.8,mk_grammaticality_study_7_20,syntax,1000,0.4608,0.876,0.526,1.0
Qwen2.5-14B-Instruct,Qwen2.5,14.8,muraki2023_concreteness,lexical_semantics,1000,0.4348,0.829,0.5245,1.0
Qwen2.5-14B-Instruct,Qwen2.5,14.8,noisy_channel_acceptability_1_sept_2013_1,syntax,496,0.8445,0.921,0.9169,1.0
Qwen2.5-14B-Instruct,Qwen2.5,14.8,noisy_channel_acceptability_2_sept_2013,syntax,380,0.8759,0.965,0.9077,1.0
Qwen2.5-14B-Instruct,Qwen2.5,14.8,noisy_rc_norming_oct19,sentence_semantics,128,0.6781,0.838,0.8092,1.0
Qwen2.5-14B-Instruct,Qwen2.5,14.8,of_acceptability_2,syntax,88,0.7633,0.951,0.8026,1.0
Qwen2.5-14B-Instruct,Qwen2.5,14.8,orange_camel_sentence_naturalness_survey_nov_2010,discourse,144,0.7064,0.861,0.8205,1.0
Qwen2.5-14B-Instruct,Qwen2.5,14.8,orc_lauren_sentence_naturalness_survey_july_2012,syntax,192,0.7925,0.948,0.836,1.0
Qwen2.5-14B-Instruct,Qwen2.5,14.8,p_p_sentence_naturalness_survey_aug_2010,syntax,252,0.4908,0.859,0.5714,1.0
Qwen2.5-14B-Instruct,Qwen2.5,14.8,p_p_sentence_naturalness_survey_dec_2009,syntax,324,0.5042,0.95,0.5307,1.0
Qwen2.5-14B-Instruct,Qwen2.5,14.8,p_p_sentence_naturalness_survey_feb,syntax,614,0.4038,0.664,0.6081,1.0
Qwen2.5-14B-Instruct,Qwen2.5,14.8,p_p_sentence_naturalness_survey_june_2013_v3,syntax,242,0.4925,0.928,0.5307,1.0
Qwen2.5-14B-Instruct,Qwen2.5,14.8,paris_judgments_3_dec_2012,syntax,477,0.6223,0.845,0.7365,1.0
Qwen2.5-14B-Instruct,Qwen2.5,14.8,pascal_1_dec_2012,syntax,544,0.2127,0.066,3.2228,1.0
Qwen2.5-14B-Instruct,Qwen2.5,14.8,presup_survey_1_acd_july_2012,pragmatics,240,0.7407,0.83,0.8924,1.0
Qwen2.5-14B-Instruct,Qwen2.5,14.8,presup_survey_2_acd_july_2012,pragmatics,240,0.3579,0.665,0.5382,1.0
Qwen2.5-14B-Instruct,Qwen2.5,14.8,pronouns_following_verbs,pragmatics,44,0.1175,0.706,0.1664,1.0
Qwen2.5-14B-Instruct,Qwen2.5,14.8,pronouns_following_verbs_an,pragmatics,44,0.243,0.663,0.3665,1.0
Qwen2.5-14B-Instruct,Qwen2.5,14.8,pronouns_following_verbs_ce,pragmatics,44,0.2959,0.708,0.418,1.0
Qwen2.5-14B-Instruct,Qwen2.5,14.8,pronouns_following_verbs_sm,pragmatics,44,0.4386,0.443,0.9901,1.0
Qwen2.5-14B-Instruct,Qwen2.5,14.8,pronouns_following_verbs_so,pragmatics,44,0.1329,0.509,0.2612,1.0
Qwen2.5-14B-Instruct,Qwen2.5,14.8,pronouns_following_verbs_ve,pragmatics,45,0.2761,0.567,0.487,1.0
Qwen2.5-14B-Instruct,Qwen2.5,14.8,quant_syn_april_13_2012_90_sentences_with_a_question_and_a_rating_code,syntax,184,0.6855,0.91,0.7533,1.0
Qwen2.5-14B-Instruct,Qwen2.5,14.8,quant_syn_april_14_2012_48_sentences_with_a_question_and_a_rating_code,syntax,168,0.742,0.96,0.773,1.0
Qwen2.5-14B-Instruct,Qwen2.5,14.8,quant_syn_april_16_2012_36_sentences_with_a_question_and_a_rating_code,syntax,126,0.7905,0.965,0.8192,1.0
Qwen2.5-14B-Instruct,Qwen2.5,14.8,quantifier_naturalness_survey_june_4_2010,syntax,192,0.5636,0.639,0.882,1.0
Qwen2.5-14B-Instruct,Qwen2.5,14.8,quantitative_syntax_survey,syntax,129,0.5792,0.852,0.6798,1.0
Qwen2.5-14B-Instruct,Qwen2.5,14.8,rating_english_sentences,syntax,240,0.7842,0.899,0.8723,1.0
Qwen2.5-14B-Instruct,Qwen2.5,14.8,reasoning_and_language_tasks_survey_code_talkative_pigeon,syntax,72,0.764,0.941,0.8119,1.0
Qwen2.5-14B-Instruct,Qwen2.5,14.8,relative_clause_displacements_in_english_sentences,syntax,180,0.5088,0.501,1.0155,1.0
Qwen2.5-14B-Instruct,Qwen2.5,14.8,relative_clause_displacements_in_english_sentences_with_fill,syntax,93,0.6174,0.846,0.7298,1.0
Qwen2.5-14B-Instruct,Qwen2.5,14.8,replication_study_9_59,discourse,185,0.5099,0.363,1.4046,1.0
Qwen2.5-14B-Instruct,Qwen2.5,14.8,richard_islands_acceptability_expt_1_april_25_2013_3,syntax,144,0.6529,0.819,0.7971,1.0
Qwen2.5-14B-Instruct,Qwen2.5,14.8,richard_islands_acceptability_expt_2_april_26_2013,syntax,228,0.8561,0.92,0.9305,1.0
Qwen2.5-14B-Instruct,Qwen2.5,14.8,richard_islands_acceptability_expt_4_april_26_2013_1,syntax,100,0.8595,0.931,0.9232,1.0
Qwen2.5-14B-Instruct,Qwen2.5,14.8,richard_islands_acceptability_expt_5_april_27_2013_1,syntax,132,0.4896,0.619,0.791,1.0
Qwen2.5-14B-Instruct,Qwen2.5,14.8,richard_islands_acceptability_expt_6_april_28_2013_while_whq_decl,syntax,100,0.8855,0.965,0.9177,1.0
Qwen2.5-14B-Instruct,Qwen2.5,14.8,russian_freezing,syntax,180,0.6816,0.898,0.759,1.0
Qwen2.5-14B-Instruct,Qwen2.5,14.8,semantics1_finalproject,sentence_semantics,96,0.9024,0.972,0.9284,1.0
Qwen2.5-14B-Instruct,Qwen2.5,14.8,semantics2_finalproject,sentence_semantics,96,0.8796,0.986,0.8921,1.0
Qwen2.5-14B-Instruct,Qwen2.5,14.8,semantics3_final_project,pragmatics,96,0.6353,0.974,0.6523,1.0
Qwen2.5-14B-Instruct,Qwen2.5,14.8,sentence_completions_and_islands_acceptability_expt_1_nov_13_2012,syntax,112,0.7959,0.969,0.8214,1.0
Qwen2.5-14B-Instruct,Qwen2.5,14.8,sentence_naturalness_isac_survey_feb_2011,syntax,304,0.7273,0.836,0.8699,1.0
Qwen2.5-14B-Instruct,Qwen2.5,14.8,sentence_naturalness_survey_acd_ratings_hackl_expt_7_oct_25_2012_1,syntax,176,0.5444,0.886,0.6145,1.0
Qwen2.5-14B-Instruct,Qwen2.5,14.8,sentence_naturalness_survey_acd_ratings_hackl_replic_expt_1_july_14_20,syntax,480,0.7255,0.864,0.8397,1.0
Qwen2.5-14B-Instruct,Qwen2.5,14.8,sentence_naturalness_survey_acd_ratings_v4_july_13_2012,syntax,176,0.6672,0.748,0.892,1.0
Qwen2.5-14B-Instruct,Qwen2.5,14.8,sentence_naturalness_survey_acd_v1_jan_2012,discourse,128,0.082,0.299,0.2743,1.0
Qwen2.5-14B-Instruct,Qwen2.5,14.8,sentence_naturalness_survey_acd_v6_oct_25_2012,discourse,128,0.1068,0.602,0.1774,1.0
Qwen2.5-14B-Instruct,Qwen2.5,14.8,sentence_naturalness_survey_denise_jan_12_2011_survey_code_pig_the_pig,syntax,200,0.8614,0.986,0.8736,1.0
Qwen2.5-14B-Instruct,Qwen2.5,14.8,sentence_naturalness_survey_denise_sept_8_2010_survey_code_pig_the_pig,syntax,224,0.8359,0.972,0.8599,1.0
Qwen2.5-14B-Instruct,Qwen2.5,14.8,sentence_naturalness_survey_feb_16_1_2012_60_items_code_shy_armadillo,syntax,120,0.7754,0.912,0.8503,1.0
Qwen2.5-14B-Instruct,Qwen2.5,14.8,sentence_naturalness_survey_for_gs_dec_2009,pragmatics,122,0.7634,0.882,0.8656,1.0
Qwen2.5-14B-Instruct,Qwen2.5,14.8,sentence_naturalness_survey_for_gs_jan_2010,pragmatics,133,0.7051,0.906,0.7783,1.0
Qwen2.5-14B-Instruct,Qwen2.5,14.8,sentence_naturalness_survey_for_gs_jan_23_2010,pragmatics,216,0.7192,0.942,0.7635,1.0
Qwen2.5-14B-Instruct,Qwen2.5,14.8,sentence_naturalness_survey_for_gs_may_11_2011_purple_puppy,pragmatics,72,0.6427,0.873,0.7361,1.0
Qwen2.5-14B-Instruct,Qwen2.5,14.8,sentence_naturalness_survey_for_jk_april_4_2010,discourse,96,0.5272,0.886,0.5951,1.0
Qwen2.5-14B-Instruct,Qwen2.5,14.8,sentence_naturalness_survey_for_jk_april_4_expt_3_2010,discourse,96,0.3185,0.83,0.3837,1.0
Qwen2.5-14B-Instruct,Qwen2.5,14.8,sentence_naturalness_survey_for_jk_april_9_expt_4_2010,discourse,96,0.3895,0.831,0.4688,1.0
Qwen2.5-14B-Instruct,Qwen2.5,14.8,sentence_naturalness_survey_for_jk_june_24_2010_v2,discourse,176,0.5068,0.787,0.644,1.0
Qwen2.5-14B-Instruct,Qwen2.5,14.8,sentence_naturalness_survey_for_jk_mar_2010,discourse,96,0.4227,0.88,0.4803,1.0
Qwen2.5-14B-Instruct,Qwen2.5,14.8,sentence_naturalness_survey_for_jkm_dec_2009,discourse,128,-0.0432,0.18,-0.24,1.0
Qwen2.5-14B-Instruct,Qwen2.5,14.8,sentence_naturalness_survey_for_jkm_jan_2012,discourse,128,-0.0265,0.266,-0.0996,1.0
Qwen2.5-14B-Instruct,Qwen2.5,14.8,sentence_naturalness_survey_for_lb_dec_2009,discourse,108,0.5405,0.832,0.6496,1.0
Qwen2.5-14B-Instruct,Qwen2.5,14.8,sentence_naturalness_survey_for_lb_feb_20_2010_v2,discourse,79,0.7696,0.951,0.8093,1.0
Qwen2.5-14B-Instruct,Qwen2.5,14.8,sentence_naturalness_survey_for_lb_jan_2011,discourse,519,0.5812,0.886,0.6559,1.0
Qwen2.5-14B-Instruct,Qwen2.5,14.8,sentence_naturalness_survey_for_lb_jan_2011_v2,discourse,519,0.3352,0.689,0.4864,1.0
Qwen2.5-14B-Instruct,Qwen2.5,14.8,sentence_naturalness_survey_for_lb_jan_2011_v3,discourse,519,0.5242,0.886,0.5916,1.0
Qwen2.5-14B-Instruct,Qwen2.5,14.8,sentence_naturalness_survey_for_lb_mar_2010_2,discourse,241,0.5953,0.935,0.6367,1.0
Qwen2.5-14B-Instruct,Qwen2.5,14.8,sentence_naturalness_survey_for_lb_mar_2010,discourse,123,0.5438,0.951,0.5719,1.0
Qwen2.5-14B-Instruct,Qwen2.5,14.8,sentence_naturalness_survey_for_lb_may_2010,discourse,148,0.7443,0.953,0.781,1.0
Qwen2.5-14B-Instruct,Qwen2.5,14.8,sentence_naturalness_survey_for_lb_prelim_oct_2010,discourse,402,0.6038,0.882,0.6846,1.0
Qwen2.5-14B-Instruct,Qwen2.5,14.8,sentence_naturalness_survey_for_rw_dec_2009,discourse,180,0.6828,0.825,0.8276,1.0
Qwen2.5-14B-Instruct,Qwen2.5,14.8,sentence_naturalness_survey_for_rw_jan_2010,discourse,480,0.7138,0.872,0.8185,1.0
Qwen2.5-14B-Instruct,Qwen2.5,14.8,sentence_naturalness_survey_laura_mar_17_2012_92_items_code_lazy_cater,sentence_semantics,368,0.7953,0.883,0.9007,1.0
Qwen2.5-14B-Instruct,Qwen2.5,14.8,sentence_naturalness_survey_laura_mar_17_2012_96_items_code_lazy_cater,sentence_semantics,384,0.7735,0.883,0.876,1.0
Qwen2.5-14B-Instruct,Qwen2.5,14.8,sentence_naturalness_survey_may_4_2011_36_items_code_anxious_bat,syntax,84,0.6336,0.757,0.8369,1.0
Qwen2.5-14B-Instruct,Qwen2.5,14.8,sentence_naturalness_survey_nat_aug_28_2010_survey_code_downtown,syntax,270,0.6742,0.956,0.7053,1.0
Qwen2.5-14B-Instruct,Qwen2.5,14.8,short_acceptability_feb_6_2014,syntax,128,0.7816,0.907,0.8618,1.0
Qwen2.5-14B-Instruct,Qwen2.5,14.8,susan_canonicity_rerunning_2,syntax,52,0.6834,0.95,0.7194,1.0
Qwen2.5-14B-Instruct,Qwen2.5,14.8,topicalization_e1,syntax,77,0.7979,0.942,0.847,1.0
Qwen2.5-14B-Instruct,Qwen2.5,14.8,verb_causality_study_semantics_ratings_mk_april_2010,lexical_semantics,188,0.7113,0.972,0.7318,1.0
Qwen2.5-14B-Instruct,Qwen2.5,14.8,verb_causality_study_syntax_ratings_mk_april_2010,syntax,653,0.2313,0.633,0.3654,1.0
Qwen2.5-14B-Instruct,Qwen2.5,14.8,wm2_wm5_9_59_sentence_naturalness_survey_april_2011,syntax,219,0.7797,0.839,0.9293,1.0
Qwen2.5-14B-Instruct,Qwen2.5,14.8,word3_b_word_naturalness_survey_may_4_2011_160_items_code_sleepy_bear,subword,158,0.6222,0.937,0.664,1.0
Qwen2.5-14B-Instruct,Qwen2.5,14.8,word3_word_naturalness_survey_may_1_2011_45_items_code_nosy_badger,subword,45,0.7957,0.948,0.8393,1.0
Qwen2.5-32B-Instruct,Qwen2.5,32.8,50_sentences_noisy_channel_may_25_2011,pragmatics,208,0.356,0.555,0.6414,1.0
Qwen2.5-32B-Instruct,Qwen2.5,32.8,50_sentences_with_2_comp_qs_plus_rating_mar_11_2011,sentence_semantics,208,0.4963,0.588,0.844,1.0
Qwen2.5-32B-Instruct,Qwen2.5,32.8,acceptability_extension_959_v5,syntax,566,0.8095,0.797,1.0157,1.0
Qwen2.5-32B-Instruct,Qwen2.5,32.8,acceptability_judgments_kang,syntax,136,0.7455,0.974,0.7654,1.0
Qwen2.5-32B-Instruct,Qwen2.5,32.8,acceptability_replication_959,syntax,288,0.9373,0.964,0.9723,1.0
Qwen2.5-32B-Instruct,Qwen2.5,32.8,acd_context_polly_1_nov_23_2012,discourse,310,0.3056,0.462,0.6614,1.0
Qwen2.5-32B-Instruct,Qwen2.5,32.8,acd_no_context_polly_1_nov_23_2012,syntax,213,0.5856,0.838,0.6988,1.0
Qwen2.5-32B-Instruct,Qwen2.5,32.8,acd_project_also_3_nov_24_2012_2,syntax,128,0.6365,0.874,0.7283,1.0
Qwen2.5-32B-Instruct,Qwen2.5,32.8,acd_project_expt_23_also_nov_16_2012,syntax,600,0.5432,0.825,0.6584,1.0
Qwen2.5-32B-Instruct,Qwen2.5,32.8,acd_project_expt_24_same_diff_verbs_nov_16_2012,syntax,472,0.6241,0.89,0.7012,1.0
Qwen2.5-32B-Instruct,Qwen2.5,32.8,acd_project_expt_31_same_diff_verbs_nov_16_2012_1,syntax,176,0.7051,0.755,0.9338,1.0
Qwen2.5-32B-Instruct,Qwen2.5,32.8,acd_project_expt_42_also_verbs_nov_29_2012_1,syntax,176,0.3891,0.63,0.6176,1.0
Qwen2.5-32B-Instruct,Qwen2.5,32.8,acd_project_expt_44_the_same_nov_29_2012_1,syntax,140,0.5984,0.601,0.9957,1.0
Qwen2.5-32B-Instruct,Qwen2.5,32.8,acd_project_expt_45_hkv_expt_2_plaus_nov_29_2012,syntax,360,0.5233,0.774,0.6761,1.0
Qwen2.5-32B-Instruct,Qwen2.5,32.8,acd_project_expt_46_also_in_hkv_2_nov_29_2012_1,syntax,448,0.5023,0.56,0.897,1.0
Qwen2.5-32B-Instruct,Qwen2.5,32.8,active_passive_sentence_naturalness_survey_july_2012,syntax,132,0.6915,0.887,0.7796,1.0
Qwen2.5-32B-Instruct,Qwen2.5,32.8,aixiu_coherence_en_update1,sentence_semantics,277,0.8226,0.882,0.9326,1.0
Qwen2.5-32B-Instruct,Qwen2.5,32.8,alex_paunov_literal_inferences_dec_3_2011,pragmatics,299,0.6774,0.908,0.7461,1.0
Qwen2.5-32B-Instruct,Qwen2.5,32.8,amouyal2024_plausibility,sentence_semantics,853,0.6968,0.915,0.7615,1.0
Qwen2.5-32B-Instruct,Qwen2.5,32.8,animacy_passive_dative_kyle,syntax,120,0.634,0.926,0.6846,1.0
Qwen2.5-32B-Instruct,Qwen2.5,32.8,anne_abeille_acceptability_july_12_2017_1,syntax,296,0.6332,0.635,0.9972,1.0
Qwen2.5-32B-Instruct,Qwen2.5,32.8,base_acceptability_0908,syntax,73,0.5025,0.931,0.5397,1.0
Qwen2.5-32B-Instruct,Qwen2.5,32.8,brief_sentence_naturalness_survey_march_2011,sentence_semantics,64,0.8535,0.96,0.889,1.0
Qwen2.5-32B-Instruct,Qwen2.5,32.8,can_noncan_acceptability_0924,syntax,88,0.8334,0.966,0.8628,1.0
Qwen2.5-32B-Instruct,Qwen2.5,32.8,can_noncan_acceptability_2,syntax,88,0.8416,0.962,0.8748,1.0
Qwen2.5-32B-Instruct,Qwen2.5,32.8,chinese_dative,discourse,96,0.5976,0.715,0.8357,1.0
Qwen2.5-32B-Instruct,Qwen2.5,32.8,class_demo,syntax,44,0.6704,0.927,0.7232,1.0
Qwen2.5-32B-Instruct,Qwen2.5,32.8,clefting_e3,syntax,48,0.486,0.877,0.5541,1.0
Qwen2.5-32B-Instruct,Qwen2.5,32.8,clefting_e4,syntax,48,0.6257,0.969,0.6457,1.0
Qwen2.5-32B-Instruct,Qwen2.5,32.8,coherence_survey_list1_main,discourse,100,0.9035,0.95,0.951,1.0
Qwen2.5-32B-Instruct,Qwen2.5,32.8,coherence_survey_list2_main,discourse,100,0.9132,0.948,0.9633,1.0
Qwen2.5-32B-Instruct,Qwen2.5,32.8,coherence_survey_list3_main,discourse,100,0.8946,0.942,0.9497,1.0
Qwen2.5-32B-Instruct,Qwen2.5,32.8,coherence_survey_list4_main,discourse,100,0.86,0.95,0.9053,1.0
Qwen2.5-32B-Instruct,Qwen2.5,32.8,constituency_tests_2,syntax,48,0.765,0.836,0.9151,1.0
Qwen2.5-32B-Instruct,Qwen2.5,32.8,constituency_tests,syntax,48,0.5189,0.654,0.7934,1.0
Qwen2.5-32B-Instruct,Qwen2.5,32.8,copy_cat_polly_june_2014,discourse,102,0.7834,0.865,0.9057,1.0
Qwen2.5-32B-Instruct,Qwen2.5,32.8,copy_of_verb_causality_study_semantics_ratings_mk_april_2010,lexical_semantics,62,0.261,0.83,0.3145,1.0
Qwen2.5-32B-Instruct,Qwen2.5,32.8,crossed_dependencies_long,syntax,201,0.6489,0.899,0.7218,1.0
Qwen2.5-32B-Instruct,Qwen2.5,32.8,cul_jack_april_12_2012_54_short_texts_with_two_comprehension_questions,syntax,210,0.737,0.896,0.8226,1.0
Qwen2.5-32B-Instruct,Qwen2.5,32.8,cul_jack_sentence_naturalness_survey_april_2010,syntax,220,0.831,0.952,0.8729,1.0
Qwen2.5-32B-Instruct,Qwen2.5,32.8,dative_alternation_extension_version_2,syntax,229,0.5092,0.456,1.1166,1.0
Qwen2.5-32B-Instruct,Qwen2.5,32.8,dative_finnish,discourse,96,0.4472,0.689,0.6491,1.0
Qwen2.5-32B-Instruct,Qwen2.5,32.8,dative_turkish,discourse,96,0.3911,0.734,0.5328,1.0
Qwen2.5-32B-Instruct,Qwen2.5,32.8,dentella2023_grammaticality,syntax,80,0.7383,0.981,0.7526,1.0
Qwen2.5-32B-Instruct,Qwen2.5,32.8,depth_charge_survey,sentence_semantics,188,0.6766,0.846,0.7997,1.0
Qwen2.5-32B-Instruct,Qwen2.5,32.8,depth_charge_with_noise,sentence_semantics,188,0.7028,0.854,0.8229,1.0
Qwen2.5-32B-Instruct,Qwen2.5,32.8,discourse_30subjs_list1,discourse,100,0.9027,0.941,0.9593,1.0
Qwen2.5-32B-Instruct,Qwen2.5,32.8,discourse_30subjs_list2,discourse,100,0.9043,0.951,0.9509,1.0
Qwen2.5-32B-Instruct,Qwen2.5,32.8,discourse_30subjs_list3,discourse,100,0.9154,0.947,0.9667,1.0
Qwen2.5-32B-Instruct,Qwen2.5,32.8,discourse_30subjs_list4,discourse,100,0.8895,0.942,0.9442,1.0
Qwen2.5-32B-Instruct,Qwen2.5,32.8,discourse_causality_list1,discourse,100,0.9051,0.935,0.968,1.0
Qwen2.5-32B-Instruct,Qwen2.5,32.8,discourse_causality_list2,discourse,100,0.9048,0.952,0.9505,1.0
Qwen2.5-32B-Instruct,Qwen2.5,32.8,discourse_causality_list3,discourse,100,0.8839,0.933,0.9473,1.0
Qwen2.5-32B-Instruct,Qwen2.5,32.8,discourse_causality_list4,discourse,100,0.8308,0.955,0.8699,1.0
Qwen2.5-32B-Instruct,Qwen2.5,32.8,discourse_changed_0428,discourse,48,0.8729,0.953,0.9159,1.0
Qwen2.5-32B-Instruct,Qwen2.5,32.8,discourse_coherence_list1,discourse,100,0.9189,0.943,0.9745,1.0
Qwen2.5-32B-Instruct,Qwen2.5,32.8,discourse_coherence_list2,discourse,100,0.9071,0.936,0.9692,1.0
Qwen2.5-32B-Instruct,Qwen2.5,32.8,discourse_coherence_list3,discourse,100,0.8629,0.95,0.9083,1.0
Qwen2.5-32B-Instruct,Qwen2.5,32.8,discourse_coherence_list4,discourse,100,0.866,0.933,0.9282,1.0
Qwen2.5-32B-Instruct,Qwen2.5,32.8,discourse_imagability_pairs_list1,sentence_semantics,100,0.8756,0.917,0.9549,1.0
Qwen2.5-32B-Instruct,Qwen2.5,32.8,discourse_imagability_pairs_list2,sentence_semantics,100,0.8803,0.946,0.9306,1.0
Qwen2.5-32B-Instruct,Qwen2.5,32.8,discourse_imagability_singles_list1,sentence_semantics,100,0.8417,0.938,0.8973,1.0
Qwen2.5-32B-Instruct,Qwen2.5,32.8,discourse_imagability_singles_list2,sentence_semantics,100,0.8983,0.954,0.9416,1.0
Qwen2.5-32B-Instruct,Qwen2.5,32.8,discourse_imagability_singles_list3,sentence_semantics,100,0.8928,0.931,0.959,1.0
Qwen2.5-32B-Instruct,Qwen2.5,32.8,discourse_imagability_singles_list4,sentence_semantics,100,0.8745,0.948,0.9225,1.0
Qwen2.5-32B-Instruct,Qwen2.5,32.8,discourse_mentalizing_pairs_list1,sentence_semantics,100,0.8291,0.928,0.8934,1.0
Qwen2.5-32B-Instruct,Qwen2.5,32.8,discourse_mentalizing_pairs_list2,sentence_semantics,100,0.7964,0.931,0.8554,1.0
Qwen2.5-32B-Instruct,Qwen2.5,32.8,discourse_mentalizing_singles_list1,sentence_semantics,100,0.7254,0.935,0.7758,1.0
Qwen2.5-32B-Instruct,Qwen2.5,32.8,discourse_mentalizing_singles_list2,sentence_semantics,100,0.7267,0.925,0.7856,1.0
Qwen2.5-32B-Instruct,Qwen2.5,32.8,discourse_mentalizing_singles_list3,sentence_semantics,100,0.6986,0.909,0.7685,1.0
Qwen2.5-32B-Instruct,Qwen2.5,32.8,discourse_mentalizing_singles_list4,sentence_semantics,100,0.8465,0.952,0.8892,1.0
Qwen2.5-32B-Instruct,Qwen2.5,32.8,discourse_physics_pairs_list1,sentence_semantics,100,0.8176,0.957,0.8544,1.0
Qwen2.5-32B-Instruct,Qwen2.5,32.8,discourse_physics_pairs_list2,sentence_semantics,100,0.8139,0.951,0.8558,1.0
Qwen2.5-32B-Instruct,Qwen2.5,32.8,discourse_physics_singles_list1,sentence_semantics,100,0.9026,0.943,0.9571,1.0
Qwen2.5-32B-Instruct,Qwen2.5,32.8,discourse_physics_singles_list2,sentence_semantics,100,0.8536,0.952,0.8966,1.0
Qwen2.5-32B-Instruct,Qwen2.5,32.8,discourse_physics_singles_list3,sentence_semantics,100,0.9094,0.941,0.9664,1.0
Qwen2.5-32B-Instruct,Qwen2.5,32.8,discourse_physics_singles_list4,sentence_semantics,100,0.8853,0.942,0.9399,1.0
Qwen2.5-32B-Instruct,Qwen2.5,32.8,discourse_scenes_pairs_list1,sentence_semantics,100,0.8718,0.944,0.9235,1.0
Qwen2.5-32B-Instruct,Qwen2.5,32.8,discourse_scenes_pairs_list2,sentence_semantics,100,0.9043,0.95,0.9519,1.0
Qwen2.5-32B-Instruct,Qwen2.5,32.8,discourse_scenes_singles_list1,sentence_semantics,100,0.8716,0.944,0.9233,1.0
Qwen2.5-32B-Instruct,Qwen2.5,32.8,discourse_scenes_singles_list2,sentence_semantics,100,0.8727,0.949,0.9196,1.0
Qwen2.5-32B-Instruct,Qwen2.5,32.8,discourse_scenes_singles_list3,sentence_semantics,100,0.8378,0.966,0.8673,1.0
Qwen2.5-32B-Instruct,Qwen2.5,32.8,discourse_scenes_singles_list4,sentence_semantics,100,0.8689,0.964,0.9013,1.0
Qwen2.5-32B-Instruct,Qwen2.5,32.8,diveica2023_socialness,lexical_semantics,1000,0.8559,0.883,0.9693,1.0
Qwen2.5-32B-Instruct,Qwen2.5,32.8,ecog_sentences_imaginability_jan_8_2014,sentence_semantics,120,0.4854,0.833,0.5827,1.0
Qwen2.5-32B-Instruct,Qwen2.5,32.8,ecog_sentences_naturalness_jan_8_2014_2,sentence_semantics,120,0.4156,0.727,0.5716,1.0
Qwen2.5-32B-Instruct,Qwen2.5,32.8,edwards2024_spelling_to_pronunciation_transparency,subword,1000,0.5676,0.826,0.6872,1.0
Qwen2.5-32B-Instruct,Qwen2.5,32.8,erp_norming_error_detection_june_2013_4,syntax,323,-0.7575,0.841,-0.9008,1.0
Qwen2.5-32B-Instruct,Qwen2.5,32.8,erp_sentence_naturalness_survey_june_2013_2,syntax,483,0.8806,0.922,0.9551,1.0
Qwen2.5-32B-Instruct,Qwen2.5,32.8,eunice_disfluency_2_nov_17_2011,syntax,190,0.7356,0.832,0.8841,1.0
Qwen2.5-32B-Instruct,Qwen2.5,32.8,eunice_disfluency_nov_15_2011,syntax,468,0.5654,0.807,0.7006,1.0
Qwen2.5-32B-Instruct,Qwen2.5,32.8,european_portuguese_rc,syntax,174,0.7085,0.84,0.8435,1.0
Qwen2.5-32B-Instruct,Qwen2.5,32.8,european_portuguese_wh,syntax,174,0.7817,0.893,0.8754,1.0
Qwen2.5-32B-Instruct,Qwen2.5,32.8,extension,syntax,138,0.7892,0.872,0.9051,1.0
Qwen2.5-32B-Instruct,Qwen2.5,32.8,gabriel_rc,syntax,174,0.7029,0.818,0.8593,1.0
Qwen2.5-32B-Instruct,Qwen2.5,32.8,gabriel_wh,syntax,174,0.7956,0.902,0.8821,1.0
Qwen2.5-32B-Instruct,Qwen2.5,32.8,giurgea2025_motivation,lexical_semantics,1000,0.7076,0.856,0.8267,1.0
Qwen2.5-32B-Instruct,Qwen2.5,32.8,huang_response_set1a,syntax,288,0.5633,0.966,0.5832,1.0
Qwen2.5-32B-Instruct,Qwen2.5,32.8,huang_response_set1b,syntax,288,0.5725,0.964,0.5939,1.0
Qwen2.5-32B-Instruct,Qwen2.5,32.8,huang_response_set2a,syntax,288,0.728,0.97,0.7505,1.0
Qwen2.5-32B-Instruct,Qwen2.5,32.8,huang_response_set2a_declaratives,syntax,288,0.7283,0.97,0.7508,1.0
Qwen2.5-32B-Instruct,Qwen2.5,32.8,huang_response_set2b,syntax,288,0.7605,0.97,0.784,1.0
Qwen2.5-32B-Instruct,Qwen2.5,32.8,huang_response_set2b_declaratives,syntax,288,0.7,0.974,0.7187,1.0
Qwen2.5-32B-Instruct,Qwen2.5,32.8,imperative_control_iad_gs_may_16_2011_purple_puppy,pragmatics,96,0.6473,0.86,0.7526,1.0
Qwen2.5-32B-Instruct,Qwen2.5,32.8,isac_sentence_naturalness_survey_feb_2011_64_items_survey_code_giant_c,syntax,256,0.7821,0.885,0.8837,1.0
Qwen2.5-32B-Instruct,Qwen2.5,32.8,islands_acceptability_expt_2_dec_2_2012,syntax,480,0.7813,0.874,0.894,1.0
Qwen2.5-32B-Instruct,Qwen2.5,32.8,italian_dative_v2,discourse,192,0.3275,0.604,0.5422,1.0
Qwen2.5-32B-Instruct,Qwen2.5,32.8,italian_locative_v7,discourse,192,0.4414,0.66,0.6689,1.0
Qwen2.5-32B-Instruct,Qwen2.5,32.8,lancaster2020_auditory,lexical_semantics,1000,0.4109,0.831,0.4945,1.0
Qwen2.5-32B-Instruct,Qwen2.5,32.8,lancaster2020_foot_leg,lexical_semantics,1000,0.5442,0.729,0.7465,1.0
Qwen2.5-32B-Instruct,Qwen2.5,32.8,lancaster2020_gustatory,lexical_semantics,1000,0.2152,0.545,0.3949,1.0
Qwen2.5-32B-Instruct,Qwen2.5,32.8,lancaster2020_hand_arm,lexical_semantics,1000,0.3392,0.783,0.4332,1.0
Qwen2.5-32B-Instruct,Qwen2.5,32.8,lancaster2020_haptic,lexical_semantics,1000,0.411,0.808,0.5087,1.0
Qwen2.5-32B-Instruct,Qwen2.5,32.8,lancaster2020_head,lexical_semantics,1000,0.4677,0.57,0.8206,1.0
Qwen2.5-32B-Instruct,Qwen2.5,32.8,lancaster2020_interoceptive,lexical_semantics,1000,0.5345,0.778,0.6871,1.0
Qwen2.5-32B-Instruct,Qwen2.5,32.8,lancaster2020_mouth,lexical_semantics,1000,0.4368,0.777,0.5621,1.0
Qwen2.5-32B-Instruct,Qwen2.5,32.8,lancaster2020_olfactory,lexical_semantics,1000,0.3521,0.622,0.5661,1.0
Qwen2.5-32B-Instruct,Qwen2.5,32.8,lancaster2020_torso,lexical_semantics,1000,0.4345,0.675,0.6437,1.0
Qwen2.5-32B-Instruct,Qwen2.5,32.8,lancaster2020_visual,lexical_semantics,1000,0.0448,0.767,0.0584,1.0
Qwen2.5-32B-Instruct,Qwen2.5,32.8,lauren_sentence_naturalness_survey_expt3_nov_17_2011,syntax,460,0.5815,0.633,0.9186,1.0
Qwen2.5-32B-Instruct,Qwen2.5,32.8,lauren_sentence_naturalness_survey_expt_2_nov_15_2011,syntax,252,0.5515,0.712,0.7746,1.0
Qwen2.5-32B-Instruct,Qwen2.5,32.8,lauren_sentence_naturalness_survey_oct_14_2011,syntax,360,0.5945,0.703,0.8456,1.0
Qwen2.5-32B-Instruct,Qwen2.5,32.8,lexical_frame_adjectives_likert_set1,syntax,384,0.7504,0.83,0.9041,1.0
Qwen2.5-32B-Instruct,Qwen2.5,32.8,lexical_frame_adjectives_likert_set2,syntax,384,0.6695,0.744,0.8998,1.0
Qwen2.5-32B-Instruct,Qwen2.5,32.8,lexical_frame_adjectives_likert_set3,syntax,384,0.6982,0.873,0.7998,1.0
Qwen2.5-32B-Instruct,Qwen2.5,32.8,locative_topicalization_survey,discourse,229,0.714,0.777,0.9189,1.0
Qwen2.5-32B-Instruct,Qwen2.5,32.8,massive_mem_arousal_mar_2013,lexical_semantics,1000,0.6898,0.883,0.7812,1.0
Qwen2.5-32B-Instruct,Qwen2.5,32.8,massive_mem_arousal_mar_2013_end_2,lexical_semantics,242,0.71,0.85,0.8353,1.0
Qwen2.5-32B-Instruct,Qwen2.5,32.8,massive_mem_arousal_mar_2014,lexical_semantics,1000,0.7429,0.863,0.8608,1.0
Qwen2.5-32B-Instruct,Qwen2.5,32.8,massive_mem_arousal_mar_2014_end_1,lexical_semantics,242,0.7895,0.886,0.891,1.0
Qwen2.5-32B-Instruct,Qwen2.5,32.8,massive_mem_concreteness_mar_2013,lexical_semantics,1000,0.7375,0.956,0.7715,1.0
Qwen2.5-32B-Instruct,Qwen2.5,32.8,massive_mem_concreteness_mar_2013_end_1,lexical_semantics,242,0.8168,0.959,0.8518,1.0
Qwen2.5-32B-Instruct,Qwen2.5,32.8,massive_mem_concreteness_mar_2014,lexical_semantics,1000,0.7539,0.952,0.7919,1.0
Qwen2.5-32B-Instruct,Qwen2.5,32.8,massive_mem_concreteness_mar_2014_end_1,lexical_semantics,242,0.7912,0.955,0.8285,1.0
Qwen2.5-32B-Instruct,Qwen2.5,32.8,massive_mem_imageability_mar_2013,lexical_semantics,1000,0.7995,0.961,0.832,1.0
Qwen2.5-32B-Instruct,Qwen2.5,32.8,massive_mem_imageability_mar_2013_end_1,lexical_semantics,242,0.8193,0.963,0.8508,1.0
Qwen2.5-32B-Instruct,Qwen2.5,32.8,massive_mem_imageability_mar_2014,lexical_semantics,1000,0.7769,0.948,0.8195,1.0
Qwen2.5-32B-Instruct,Qwen2.5,32.8,massive_mem_imageability_mar_2014_end_1,lexical_semantics,242,0.7486,0.964,0.7766,1.0
Qwen2.5-32B-Instruct,Qwen2.5,32.8,massive_mem_valence_mar_2013,lexical_semantics,1000,0.6756,0.948,0.7126,1.0
Qwen2.5-32B-Instruct,Qwen2.5,32.8,massive_mem_valence_mar_2013_end_1,lexical_semantics,242,0.8893,0.966,0.9206,1.0
Qwen2.5-32B-Instruct,Qwen2.5,32.8,massive_mem_valence_mar_2014,lexical_semantics,1000,0.8623,0.961,0.8973,1.0
Qwen2.5-32B-Instruct,Qwen2.5,32.8,massive_mem_valence_mar_2014_end_1,lexical_semantics,242,0.8565,0.959,0.8931,1.0
Qwen2.5-32B-Instruct,Qwen2.5,32.8,melissa_short_naturalness_test,sentence_semantics,24,0.801,0.968,0.8274,1.0
Qwen2.5-32B-Instruct,Qwen2.5,32.8,missing_vp_extension_0501_final,syntax,72,0.6002,0.741,0.8099,1.0
Qwen2.5-32B-Instruct,Qwen2.5,32.8,missing_vp_extension,syntax,80,0.684,0.881,0.7764,1.0
Qwen2.5-32B-Instruct,Qwen2.5,32.8,missing_vp_rereplication,syntax,72,0.5508,0.707,0.779,1.0
Qwen2.5-32B-Instruct,Qwen2.5,32.8,mk_grammaticality_study_7_20,syntax,1000,0.5049,0.876,0.5763,1.0
Qwen2.5-32B-Instruct,Qwen2.5,32.8,muraki2023_concreteness,lexical_semantics,1000,0.464,0.829,0.5598,1.0
Qwen2.5-32B-Instruct,Qwen2.5,32.8,noisy_channel_acceptability_1_sept_2013_1,syntax,496,0.8663,0.921,0.9406,1.0
Qwen2.5-32B-Instruct,Qwen2.5,32.8,noisy_channel_acceptability_2_sept_2013,syntax,380,0.8914,0.965,0.9237,1.0
Qwen2.5-32B-Instruct,Qwen2.5,32.8,noisy_rc_norming_oct19,sentence_semantics,128,0.6543,0.838,0.7808,1.0
Qwen2.5-32B-Instruct,Qwen2.5,32.8,of_acceptability_2,syntax,88,0.8277,0.951,0.8703,1.0
Qwen2.5-32B-Instruct,Qwen2.5,32.8,orange_camel_sentence_naturalness_survey_nov_2010,discourse,144,0.7666,0.861,0.8904,1.0
Qwen2.5-32B-Instruct,Qwen2.5,32.8,orc_lauren_sentence_naturalness_survey_july_2012,syntax,192,0.8284,0.948,0.8738,1.0
Qwen2.5-32B-Instruct,Qwen2.5,32.8,p_p_sentence_naturalness_survey_aug_2010,syntax,252,0.5914,0.859,0.6885,1.0
Qwen2.5-32B-Instruct,Qwen2.5,32.8,p_p_sentence_naturalness_survey_dec_2009,syntax,324,0.57,0.95,0.6,1.0
Qwen2.5-32B-Instruct,Qwen2.5,32.8,p_p_sentence_naturalness_survey_feb,syntax,614,0.4502,0.664,0.678,1.0
Qwen2.5-32B-Instruct,Qwen2.5,32.8,p_p_sentence_naturalness_survey_june_2013_v3,syntax,242,0.6362,0.928,0.6855,1.0
Qwen2.5-32B-Instruct,Qwen2.5,32.8,paris_judgments_3_dec_2012,syntax,477,0.565,0.845,0.6686,1.0
Qwen2.5-32B-Instruct,Qwen2.5,32.8,pascal_1_dec_2012,syntax,544,0.2193,0.066,3.3229,1.0
Qwen2.5-32B-Instruct,Qwen2.5,32.8,presup_survey_1_acd_july_2012,pragmatics,240,0.7021,0.83,0.8459,1.0
Qwen2.5-32B-Instruct,Qwen2.5,32.8,presup_survey_2_acd_july_2012,pragmatics,240,0.3948,0.665,0.5936,1.0
Qwen2.5-32B-Instruct,Qwen2.5,32.8,pronouns_following_verbs,pragmatics,44,0.2206,0.706,0.3125,1.0
Qwen2.5-32B-Instruct,Qwen2.5,32.8,pronouns_following_verbs_an,pragmatics,44,0.0256,0.663,0.0386,1.0
Qwen2.5-32B-Instruct,Qwen2.5,32.8,pronouns_following_verbs_ce,pragmatics,44,0.1586,0.708,0.2239,1.0
Qwen2.5-32B-Instruct,Qwen2.5,32.8,pronouns_following_verbs_sm,pragmatics,44,0.333,0.443,0.7516,1.0
Qwen2.5-32B-Instruct,Qwen2.5,32.8,pronouns_following_verbs_so,pragmatics,44,0.2878,0.509,0.5653,1.0
Qwen2.5-32B-Instruct,Qwen2.5,32.8,pronouns_following_verbs_ve,pragmatics,45,0.064,0.567,0.1128,1.0
Qwen2.5-32B-Instruct,Qwen2.5,32.8,quant_syn_april_13_2012_90_sentences_with_a_question_and_a_rating_code,syntax,184,0.8175,0.91,0.8984,1.0
Qwen2.5-32B-Instruct,Qwen2.5,32.8,quant_syn_april_14_2012_48_sentences_with_a_question_and_a_rating_code,syntax,168,0.8174,0.96,0.8514,1.0
Qwen2.5-32B-Instruct,Qwen2.5,32.8,quant_syn_april_16_2012_36_sentences_with_a_question_and_a_rating_code,syntax,126,0.8311,0.965,0.8613,1.0
Qwen2.5-32B-Instruct,Qwen2.5,32.8,quantifier_naturalness_survey_june_4_2010,syntax,192,0.5843,0.639,0.9145,1.0
Qwen2.5-32B-Instruct,Qwen2.5,32.8,quantitative_syntax_survey,syntax,129,0.7824,0.852,0.9183,1.0
Qwen2.5-32B-Instruct,Qwen2.5,32.8,rating_english_sentences,syntax,240,0.7758,0.899,0.8629,1.0
Qwen2.5-32B-Instruct,Qwen2.5,32.8,reasoning_and_language_tasks_survey_code_talkative_pigeon,syntax,72,0.6608,0.941,0.7022,1.0
Qwen2.5-32B-Instruct,Qwen2.5,32.8,relative_clause_displacements_in_english_sentences,syntax,180,0.4996,0.501,0.9972,1.0
Qwen2.5-32B-Instruct,Qwen2.5,32.8,relative_clause_displacements_in_english_sentences_with_fill,syntax,93,0.5183,0.846,0.6126,1.0
Qwen2.5-32B-Instruct,Qwen2.5,32.8,replication_study_9_59,discourse,185,0.6028,0.363,1.6605,1.0
Qwen2.5-32B-Instruct,Qwen2.5,32.8,richard_islands_acceptability_expt_1_april_25_2013_3,syntax,144,0.6523,0.819,0.7964,1.0
Qwen2.5-32B-Instruct,Qwen2.5,32.8,richard_islands_acceptability_expt_2_april_26_2013,syntax,228,0.8754,0.92,0.9516,1.0
Qwen2.5-32B-Instruct,Qwen2.5,32.8,richard_islands_acceptability_expt_4_april_26_2013_1,syntax,100,0.9056,0.931,0.9728,1.0
Qwen2.5-32B-Instruct,Qwen2.5,32.8,richard_islands_acceptability_expt_5_april_27_2013_1,syntax,132,0.5353,0.619,0.8648,1.0
Qwen2.5-32B-Instruct,Qwen2.5,32.8,richard_islands_acceptability_expt_6_april_28_2013_while_whq_decl,syntax,100,0.877,0.965,0.9089,1.0
Qwen2.5-32B-Instruct,Qwen2.5,32.8,russian_freezing,syntax,180,0.7917,0.898,0.8817,1.0
Qwen2.5-32B-Instruct,Qwen2.5,32.8,semantics1_finalproject,sentence_semantics,96,0.9259,0.972,0.9526,1.0
Qwen2.5-32B-Instruct,Qwen2.5,32.8,semantics2_finalproject,sentence_semantics,96,0.9022,0.986,0.915,1.0
Qwen2.5-32B-Instruct,Qwen2.5,32.8,semantics3_final_project,pragmatics,96,0.7792,0.974,0.8,1.0
Qwen2.5-32B-Instruct,Qwen2.5,32.8,sentence_completions_and_islands_acceptability_expt_1_nov_13_2012,syntax,112,0.8855,0.969,0.9139,1.0
Qwen2.5-32B-Instruct,Qwen2.5,32.8,sentence_naturalness_isac_survey_feb_2011,syntax,304,0.7889,0.836,0.9437,1.0
Qwen2.5-32B-Instruct,Qwen2.5,32.8,sentence_naturalness_survey_acd_ratings_hackl_expt_7_oct_25_2012_1,syntax,176,0.6186,0.886,0.6982,1.0
Qwen2.5-32B-Instruct,Qwen2.5,32.8,sentence_naturalness_survey_acd_ratings_hackl_replic_expt_1_july_14_20,syntax,480,0.6431,0.864,0.7443,1.0
Qwen2.5-32B-Instruct,Qwen2.5,32.8,sentence_naturalness_survey_acd_ratings_v4_july_13_2012,syntax,176,0.6212,0.748,0.8305,1.0
Qwen2.5-32B-Instruct,Qwen2.5,32.8,sentence_naturalness_survey_acd_v1_jan_2012,discourse,128,0.2622,0.299,0.8771,1.0
Qwen2.5-32B-Instruct,Qwen2.5,32.8,sentence_naturalness_survey_acd_v6_oct_25_2012,discourse,128,0.1813,0.602,0.3012,1.0
Qwen2.5-32B-Instruct,Qwen2.5,32.8,sentence_naturalness_survey_denise_jan_12_2011_survey_code_pig_the_pig,syntax,200,0.925,0.986,0.9381,1.0
Qwen2.5-32B-Instruct,Qwen2.5,32.8,sentence_naturalness_survey_denise_sept_8_2010_survey_code_pig_the_pig,syntax,224,0.8738,0.972,0.899,1.0
Qwen2.5-32B-Instruct,Qwen2.5,32.8,sentence_naturalness_survey_feb_16_1_2012_60_items_code_shy_armadillo,syntax,120,0.7595,0.912,0.8328,1.0
Qwen2.5-32B-Instruct,Qwen2.5,32.8,sentence_naturalness_survey_for_gs_dec_2009,pragmatics,122,0.7621,0.882,0.864,1.0
Qwen2.5-32B-Instruct,Qwen2.5,32.8,sentence_naturalness_survey_for_gs_jan_2010,pragmatics,133,0.7824,0.906,0.8635,1.0
Qwen2.5-32B-Instruct,Qwen2.5,32.8,sentence_naturalness_survey_for_gs_jan_23_2010,pragmatics,216,0.7598,0.942,0.8066,1.0
Qwen2.5-32B-Instruct,Qwen2.5,32.8,sentence_naturalness_survey_for_gs_may_11_2011_purple_puppy,pragmatics,72,0.6292,0.873,0.7207,1.0
Qwen2.5-32B-Instruct,Qwen2.5,32.8,sentence_naturalness_survey_for_jk_april_4_2010,discourse,96,0.543,0.886,0.6129,1.0
Qwen2.5-32B-Instruct,Qwen2.5,32.8,sentence_naturalness_survey_for_jk_april_4_expt_3_2010,discourse,96,0.4942,0.83,0.5954,1.0
Qwen2.5-32B-Instruct,Qwen2.5,32.8,sentence_naturalness_survey_for_jk_april_9_expt_4_2010,discourse,96,0.4819,0.831,0.5799,1.0
Qwen2.5-32B-Instruct,Qwen2.5,32.8,sentence_naturalness_survey_for_jk_june_24_2010_v2,discourse,176,0.596,0.787,0.7573,1.0
Qwen2.5-32B-Instruct,Qwen2.5,32.8,sentence_naturalness_survey_for_jk_mar_2010,discourse,96,0.5171,0.88,0.5876,1.0
Qwen2.5-32B-Instruct,Qwen2.5,32.8,sentence_naturalness_survey_for_jkm_dec_2009,discourse,128,-0.0432,0.18,-0.2401,1.0
Qwen2.5-32B-Instruct,Qwen2.5,32.8,sentence_naturalness_survey_for_jkm_jan_2012,discourse,128,0.1883,0.266,0.7078,1.0
Qwen2.5-32B-Instruct,Qwen2.5,32.8,sentence_naturalness_survey_for_lb_dec_2009,discourse,108,0.6999,0.832,0.8412,1.0
Qwen2.5-32B-Instruct,Qwen2.5,32.8,sentence_naturalness_survey_for_lb_feb_20_2010_v2,discourse,79,0.7861,0.951,0.8266,1.0
Qwen2.5-32B-Instruct,Qwen2.5,32.8,sentence_naturalness_survey_for_lb_jan_2011,discourse,519,0.6951,0.886,0.7846,1.0
Qwen2.5-32B-Instruct,Qwen2.5,32.8,sentence_naturalness_survey_for_lb_jan_2011_v2,discourse,519,0.4133,0.689,0.5999,1.0
Qwen2.5-32B-Instruct,Qwen2.5,32.8,sentence_naturalness_survey_for_lb_jan_2011_v3,discourse,519,0.6701,0.886,0.7563,1.0
Qwen2.5-32B-Instruct,Qwen2.5,32.8,sentence_naturalness_survey_for_lb_mar_2010_2,discourse,241,0.7188,0.935,0.7687,1.0
Qwen2.5-32B-Instruct,Qwen2.5,32.8,sentence_naturalness_survey_for_lb_mar_2010,discourse,123,0.7856,0.951,0.8261,1.0
Qwen2.5-32B-Instruct,Qwen2.5,32.8,sentence_naturalness_survey_for_lb_may_2010,discourse,148,0.759,0.953,0.7965,1.0
Qwen2.5-32B-Instruct,Qwen2.5,32.8,sentence_naturalness_survey_for_lb_prelim_oct_2010,discourse,402,0.6921,0.882,0.7846,1.0
Qwen2.5-32B-Instruct,Qwen2.5,32.8,sentence_naturalness_survey_for_rw_dec_2009,discourse,180,0.6805,0.825,0.8248,1.0
Qwen2.5-32B-Instruct,Qwen2.5,32.8,sentence_naturalness_survey_for_rw_jan_2010,discourse,480,0.6748,0.872,0.7738,1.0
Qwen2.5-32B-Instruct,Qwen2.5,32.8,sentence_naturalness_survey_laura_mar_17_2012_92_items_code_lazy_cater,sentence_semantics,368,0.8426,0.883,0.9542,1.0
Qwen2.5-32B-Instruct,Qwen2.5,32.8,sentence_naturalness_survey_laura_mar_17_2012_96_items_code_lazy_cater,sentence_semantics,384,0.8257,0.883,0.9351,1.0
Qwen2.5-32B-Instruct,Qwen2.5,32.8,sentence_naturalness_survey_may_4_2011_36_items_code_anxious_bat,syntax,84,0.6304,0.757,0.8327,1.0
Qwen2.5-32B-Instruct,Qwen2.5,32.8,sentence_naturalness_survey_nat_aug_28_2010_survey_code_downtown,syntax,270,0.7679,0.956,0.8033,1.0
Qwen2.5-32B-Instruct,Qwen2.5,32.8,short_acceptability_feb_6_2014,syntax,128,0.6844,0.907,0.7546,1.0
Qwen2.5-32B-Instruct,Qwen2.5,32.8,susan_canonicity_rerunning_2,syntax,52,0.7568,0.95,0.7966,1.0
Qwen2.5-32B-Instruct,Qwen2.5,32.8,topicalization_e1,syntax,77,0.8612,0.942,0.9143,1.0
Qwen2.5-32B-Instruct,Qwen2.5,32.8,verb_causality_study_semantics_ratings_mk_april_2010,lexical_semantics,188,0.8295,0.972,0.8533,1.0
Qwen2.5-32B-Instruct,Qwen2.5,32.8,verb_causality_study_syntax_ratings_mk_april_2010,syntax,653,0.2875,0.633,0.4542,1.0
Qwen2.5-32B-Instruct,Qwen2.5,32.8,wm2_wm5_9_59_sentence_naturalness_survey_april_2011,syntax,219,0.8019,0.839,0.9557,1.0
Qwen2.5-32B-Instruct,Qwen2.5,32.8,word3_b_word_naturalness_survey_may_4_2011_160_items_code_sleepy_bear,subword,158,0.7928,0.937,0.8461,1.0
Qwen2.5-32B-Instruct,Qwen2.5,32.8,word3_word_naturalness_survey_may_1_2011_45_items_code_nosy_badger,subword,45,0.729,0.948,0.769,1.0
Qwen2.5-3B-Instruct,Qwen2.5,3.1,50_sentences_noisy_channel_may_25_2011,pragmatics,208,-0.3961,0.555,-0.7136,1.0
Qwen2.5-3B-Instruct,Qwen2.5,3.1,50_sentences_with_2_comp_qs_plus_rating_mar_11_2011,sentence_semantics,208,0.4009,0.588,0.6818,1.0
Qwen2.5-3B-Instruct,Qwen2.5,3.1,acceptability_extension_959_v5,syntax,566,0.6068,0.797,0.7614,1.0
Qwen2.5-3B-Instruct,Qwen2.5,3.1,acceptability_judgments_kang,syntax,136,0.61,0.974,0.6263,1.0
Qwen2.5-3B-Instruct,Qwen2.5,3.1,acceptability_replication_959,syntax,288,0.8165,0.964,0.847,1.0
Qwen2.5-3B-Instruct,Qwen2.5,3.1,acd_context_polly_1_nov_23_2012,discourse,310,0.1148,0.462,0.2484,1.0
Qwen2.5-3B-Instruct,Qwen2.5,3.1,acd_no_context_polly_1_nov_23_2012,syntax,213,0.3264,0.838,0.3895,1.0
Qwen2.5-3B-Instruct,Qwen2.5,3.1,acd_project_also_3_nov_24_2012_2,syntax,128,0.5248,0.874,0.6005,1.0
Qwen2.5-3B-Instruct,Qwen2.5,3.1,acd_project_expt_23_also_nov_16_2012,syntax,600,0.4516,0.825,0.5474,1.0
Qwen2.5-3B-Instruct,Qwen2.5,3.1,acd_project_expt_24_same_diff_verbs_nov_16_2012,syntax,472,0.5285,0.89,0.5938,1.0
Qwen2.5-3B-Instruct,Qwen2.5,3.1,acd_project_expt_31_same_diff_verbs_nov_16_2012_1,syntax,176,0.6089,0.755,0.8065,1.0
Qwen2.5-3B-Instruct,Qwen2.5,3.1,acd_project_expt_42_also_verbs_nov_29_2012_1,syntax,176,0.4094,0.63,0.6498,1.0
Qwen2.5-3B-Instruct,Qwen2.5,3.1,acd_project_expt_44_the_same_nov_29_2012_1,syntax,140,0.3844,0.601,0.6396,1.0
Qwen2.5-3B-Instruct,Qwen2.5,3.1,acd_project_expt_45_hkv_expt_2_plaus_nov_29_2012,syntax,360,0.4087,0.774,0.528,1.0
Qwen2.5-3B-Instruct,Qwen2.5,3.1,acd_project_expt_46_also_in_hkv_2_nov_29_2012_1,syntax,448,0.1858,0.56,0.3318,1.0
Qwen2.5-3B-Instruct,Qwen2.5,3.1,active_passive_sentence_naturalness_survey_july_2012,syntax,132,0.5333,0.887,0.6012,1.0
Qwen2.5-3B-Instruct,Qwen2.5,3.1,aixiu_coherence_en_update1,sentence_semantics,277,0.7118,0.882,0.8071,1.0
Qwen2.5-3B-Instruct,Qwen2.5,3.1,alex_paunov_literal_inferences_dec_3_2011,pragmatics,299,0.4442,0.908,0.4892,1.0
Qwen2.5-3B-Instruct,Qwen2.5,3.1,amouyal2024_plausibility,sentence_semantics,853,0.4526,0.915,0.4947,1.0
Qwen2.5-3B-Instruct,Qwen2.5,3.1,animacy_passive_dative_kyle,syntax,120,0.4437,0.926,0.4792,1.0
Qwen2.5-3B-Instruct,Qwen2.5,3.1,anne_abeille_acceptability_july_12_2017_1,syntax,296,0.4677,0.635,0.7366,1.0
Qwen2.5-3B-Instruct,Qwen2.5,3.1,base_acceptability_0908,syntax,73,0.3747,0.931,0.4025,1.0
Qwen2.5-3B-Instruct,Qwen2.5,3.1,brief_sentence_naturalness_survey_march_2011,sentence_semantics,64,0.8028,0.96,0.8362,1.0
Qwen2.5-3B-Instruct,Qwen2.5,3.1,can_noncan_acceptability_0924,syntax,88,0.6019,0.966,0.623,1.0
Qwen2.5-3B-Instruct,Qwen2.5,3.1,can_noncan_acceptability_2,syntax,88,0.7001,0.962,0.7278,1.0
Qwen2.5-3B-Instruct,Qwen2.5,3.1,chinese_dative,discourse,96,0.5146,0.715,0.7198,1.0
Qwen2.5-3B-Instruct,Qwen2.5,3.1,class_demo,syntax,44,0.5277,0.927,0.5692,1.0
Qwen2.5-3B-Instruct,Qwen2.5,3.1,clefting_e3,syntax,48,0.3327,0.877,0.3793,1.0
Qwen2.5-3B-Instruct,Qwen2.5,3.1,clefting_e4,syntax,48,0.2991,0.969,0.3086,1.0
Qwen2.5-3B-Instruct,Qwen2.5,3.1,coherence_survey_list1_main,discourse,100,0.8549,0.95,0.8999,1.0
Qwen2.5-3B-Instruct,Qwen2.5,3.1,coherence_survey_list2_main,discourse,100,0.8151,0.948,0.8598,1.0
Qwen2.5-3B-Instruct,Qwen2.5,3.1,coherence_survey_list3_main,discourse,100,0.8279,0.942,0.8789,1.0
Qwen2.5-3B-Instruct,Qwen2.5,3.1,coherence_survey_list4_main,discourse,100,0.8161,0.95,0.859,1.0
Qwen2.5-3B-Instruct,Qwen2.5,3.1,constituency_tests_2,syntax,48,0.5925,0.836,0.7087,1.0
Qwen2.5-3B-Instruct,Qwen2.5,3.1,constituency_tests,syntax,48,0.5629,0.654,0.8607,1.0
Qwen2.5-3B-Instruct,Qwen2.5,3.1,copy_cat_polly_june_2014,discourse,102,0.1897,0.865,0.2193,1.0
Qwen2.5-3B-Instruct,Qwen2.5,3.1,copy_of_verb_causality_study_semantics_ratings_mk_april_2010,lexical_semantics,62,0.3676,0.83,0.4429,1.0
Qwen2.5-3B-Instruct,Qwen2.5,3.1,crossed_dependencies_long,syntax,201,0.4568,0.899,0.5081,1.0
Qwen2.5-3B-Instruct,Qwen2.5,3.1,cul_jack_april_12_2012_54_short_texts_with_two_comprehension_questions,syntax,210,0.3403,0.896,0.3798,1.0
Qwen2.5-3B-Instruct,Qwen2.5,3.1,cul_jack_sentence_naturalness_survey_april_2010,syntax,220,0.7845,0.952,0.8241,1.0
Qwen2.5-3B-Instruct,Qwen2.5,3.1,dative_alternation_extension_version_2,syntax,229,0.4338,0.456,0.9513,1.0
Qwen2.5-3B-Instruct,Qwen2.5,3.1,dative_finnish,discourse,96,0.2842,0.689,0.4126,0.9997
Qwen2.5-3B-Instruct,Qwen2.5,3.1,dative_turkish,discourse,96,0.0182,0.734,0.0249,1.0
Qwen2.5-3B-Instruct,Qwen2.5,3.1,dentella2023_grammaticality,syntax,80,0.3842,0.981,0.3916,0.9823
Qwen2.5-3B-Instruct,Qwen2.5,3.1,depth_charge_survey,sentence_semantics,188,0.3501,0.846,0.4138,1.0
Qwen2.5-3B-Instruct,Qwen2.5,3.1,depth_charge_with_noise,sentence_semantics,188,0.481,0.854,0.5632,1.0
Qwen2.5-3B-Instruct,Qwen2.5,3.1,discourse_30subjs_list1,discourse,100,0.8498,0.941,0.9031,1.0
Qwen2.5-3B-Instruct,Qwen2.5,3.1,discourse_30subjs_list2,discourse,100,0.8401,0.951,0.8833,1.0
Qwen2.5-3B-Instruct,Qwen2.5,3.1,discourse_30subjs_list3,discourse,100,0.8398,0.947,0.8868,1.0
Qwen2.5-3B-Instruct,Qwen2.5,3.1,discourse_30subjs_list4,discourse,100,0.8532,0.942,0.9057,1.0
Qwen2.5-3B-Instruct,Qwen2.5,3.1,discourse_causality_list1,discourse,100,0.5944,0.935,0.6357,1.0
Qwen2.5-3B-Instruct,Qwen2.5,3.1,discourse_causality_list2,discourse,100,0.6944,0.952,0.7294,1.0
Qwen2.5-3B-Instruct,Qwen2.5,3.1,discourse_causality_list3,discourse,100,0.6602,0.933,0.7076,1.0
Qwen2.5-3B-Instruct,Qwen2.5,3.1,discourse_causality_list4,discourse,100,0.7389,0.955,0.7738,1.0
Qwen2.5-3B-Instruct,Qwen2.5,3.1,discourse_changed_0428,discourse,48,0.8064,0.953,0.8461,1.0
Qwen2.5-3B-Instruct,Qwen2.5,3.1,discourse_coherence_list1,discourse,100,0.8043,0.943,0.8529,1.0
Qwen2.5-3B-Instruct,Qwen2.5,3.1,discourse_coherence_list2,discourse,100,0.8193,0.936,0.8753,1.0
Qwen2.5-3B-Instruct,Qwen2.5,3.1,discourse_coherence_list3,discourse,100,0.8214,0.95,0.8646,1.0
Qwen2.5-3B-Instruct,Qwen2.5,3.1,discourse_coherence_list4,discourse,100,0.7687,0.933,0.8239,1.0
Qwen2.5-3B-Instruct,Qwen2.5,3.1,discourse_imagability_pairs_list1,sentence_semantics,100,0.3257,0.917,0.3552,1.0
Qwen2.5-3B-Instruct,Qwen2.5,3.1,discourse_imagability_pairs_list2,sentence_semantics,100,0.3214,0.946,0.3398,1.0
Qwen2.5-3B-Instruct,Qwen2.5,3.1,discourse_imagability_singles_list1,sentence_semantics,100,0.568,0.938,0.6055,1.0
Qwen2.5-3B-Instruct,Qwen2.5,3.1,discourse_imagability_singles_list2,sentence_semantics,100,0.5751,0.954,0.6029,1.0
Qwen2.5-3B-Instruct,Qwen2.5,3.1,discourse_imagability_singles_list3,sentence_semantics,100,0.5276,0.931,0.5667,1.0
Qwen2.5-3B-Instruct,Qwen2.5,3.1,discourse_imagability_singles_list4,sentence_semantics,100,0.579,0.948,0.6107,1.0
Qwen2.5-3B-Instruct,Qwen2.5,3.1,discourse_mentalizing_pairs_list1,sentence_semantics,100,0.6986,0.928,0.7528,1.0
Qwen2.5-3B-Instruct,Qwen2.5,3.1,discourse_mentalizing_pairs_list2,sentence_semantics,100,0.5938,0.931,0.6378,1.0
Qwen2.5-3B-Instruct,Qwen2.5,3.1,discourse_mentalizing_singles_list1,sentence_semantics,100,0.5374,0.935,0.5748,1.0
Qwen2.5-3B-Instruct,Qwen2.5,3.1,discourse_mentalizing_singles_list2,sentence_semantics,100,0.7013,0.925,0.7582,1.0
Qwen2.5-3B-Instruct,Qwen2.5,3.1,discourse_mentalizing_singles_list3,sentence_semantics,100,0.4695,0.909,0.5165,1.0
Qwen2.5-3B-Instruct,Qwen2.5,3.1,discourse_mentalizing_singles_list4,sentence_semantics,100,0.6608,0.952,0.6941,1.0
Qwen2.5-3B-Instruct,Qwen2.5,3.1,discourse_physics_pairs_list1,sentence_semantics,100,0.603,0.957,0.6301,1.0
Qwen2.5-3B-Instruct,Qwen2.5,3.1,discourse_physics_pairs_list2,sentence_semantics,100,0.6837,0.951,0.719,1.0
Qwen2.5-3B-Instruct,Qwen2.5,3.1,discourse_physics_singles_list1,sentence_semantics,100,0.7817,0.943,0.8289,1.0
Qwen2.5-3B-Instruct,Qwen2.5,3.1,discourse_physics_singles_list2,sentence_semantics,100,0.611,0.952,0.6418,1.0
Qwen2.5-3B-Instruct,Qwen2.5,3.1,discourse_physics_singles_list3,sentence_semantics,100,0.792,0.941,0.8417,1.0
Qwen2.5-3B-Instruct,Qwen2.5,3.1,discourse_physics_singles_list4,sentence_semantics,100,0.7455,0.942,0.7914,1.0
Qwen2.5-3B-Instruct,Qwen2.5,3.1,discourse_scenes_pairs_list1,sentence_semantics,100,0.8211,0.944,0.8698,1.0
Qwen2.5-3B-Instruct,Qwen2.5,3.1,discourse_scenes_pairs_list2,sentence_semantics,100,0.8393,0.95,0.8835,1.0
Qwen2.5-3B-Instruct,Qwen2.5,3.1,discourse_scenes_singles_list1,sentence_semantics,100,0.8673,0.944,0.9187,1.0
Qwen2.5-3B-Instruct,Qwen2.5,3.1,discourse_scenes_singles_list2,sentence_semantics,100,0.7856,0.949,0.8278,1.0
Qwen2.5-3B-Instruct,Qwen2.5,3.1,discourse_scenes_singles_list3,sentence_semantics,100,0.8248,0.966,0.8538,1.0
Qwen2.5-3B-Instruct,Qwen2.5,3.1,discourse_scenes_singles_list4,sentence_semantics,100,0.8023,0.964,0.8322,1.0
Qwen2.5-3B-Instruct,Qwen2.5,3.1,diveica2023_socialness,lexical_semantics,1000,0.7266,0.883,0.8229,1.0
Qwen2.5-3B-Instruct,Qwen2.5,3.1,ecog_sentences_imaginability_jan_8_2014,sentence_semantics,120,0.3529,0.833,0.4236,1.0
Qwen2.5-3B-Instruct,Qwen2.5,3.1,ecog_sentences_naturalness_jan_8_2014_2,sentence_semantics,120,0.239,0.727,0.3287,1.0
Qwen2.5-3B-Instruct,Qwen2.5,3.1,edwards2024_spelling_to_pronunciation_transparency,subword,1000,0.5197,0.826,0.6291,1.0
Qwen2.5-3B-Instruct,Qwen2.5,3.1,erp_norming_error_detection_june_2013_4,syntax,323,-0.4756,0.841,-0.5656,1.0
Qwen2.5-3B-Instruct,Qwen2.5,3.1,erp_sentence_naturalness_survey_june_2013_2,syntax,483,0.8106,0.922,0.8791,1.0
Qwen2.5-3B-Instruct,Qwen2.5,3.1,eunice_disfluency_2_nov_17_2011,syntax,190,0.312,0.832,0.375,1.0
Qwen2.5-3B-Instruct,Qwen2.5,3.1,eunice_disfluency_nov_15_2011,syntax,468,0.1975,0.807,0.2447,1.0
Qwen2.5-3B-Instruct,Qwen2.5,3.1,european_portuguese_rc,syntax,174,0.6459,0.84,0.769,1.0
Qwen2.5-3B-Instruct,Qwen2.5,3.1,european_portuguese_wh,syntax,174,0.6517,0.893,0.7297,1.0
Qwen2.5-3B-Instruct,Qwen2.5,3.1,extension,syntax,138,0.6374,0.872,0.731,1.0
Qwen2.5-3B-Instruct,Qwen2.5,3.1,gabriel_rc,syntax,174,0.6379,0.818,0.7798,1.0
Qwen2.5-3B-Instruct,Qwen2.5,3.1,gabriel_wh,syntax,174,0.6489,0.902,0.7194,1.0
Qwen2.5-3B-Instruct,Qwen2.5,3.1,giurgea2025_motivation,lexical_semantics,1000,0.4715,0.856,0.5508,1.0
Qwen2.5-3B-Instruct,Qwen2.5,3.1,huang_response_set1a,syntax,288,0.4435,0.966,0.4591,1.0
Qwen2.5-3B-Instruct,Qwen2.5,3.1,huang_response_set1b,syntax,288,0.4165,0.964,0.4321,1.0
Qwen2.5-3B-Instruct,Qwen2.5,3.1,huang_response_set2a,syntax,288,0.6025,0.97,0.6211,1.0
Qwen2.5-3B-Instruct,Qwen2.5,3.1,huang_response_set2a_declaratives,syntax,288,0.5397,0.97,0.5564,1.0
Qwen2.5-3B-Instruct,Qwen2.5,3.1,huang_response_set2b,syntax,288,0.5754,0.97,0.5932,1.0
Qwen2.5-3B-Instruct,Qwen2.5,3.1,huang_response_set2b_declaratives,syntax,288,0.5879,0.974,0.6036,1.0
Qwen2.5-3B-Instruct,Qwen2.5,3.1,imperative_control_iad_gs_may_16_2011_purple_puppy,pragmatics,96,0.3083,0.86,0.3585,1.0
Qwen2.5-3B-Instruct,Qwen2.5,3.1,isac_sentence_naturalness_survey_feb_2011_64_items_survey_code_giant_c,syntax,256,0.5691,0.885,0.6431,1.0
Qwen2.5-3B-Instruct,Qwen2.5,3.1,islands_acceptability_expt_2_dec_2_2012,syntax,480,0.6468,0.874,0.7401,1.0
Qwen2.5-3B-Instruct,Qwen2.5,3.1,italian_dative_v2,discourse,192,0.2095,0.604,0.3469,0.9997
Qwen2.5-3B-Instruct,Qwen2.5,3.1,italian_locative_v7,discourse,192,0.216,0.66,0.3273,0.9997
Qwen2.5-3B-Instruct,Qwen2.5,3.1,lancaster2020_auditory,lexical_semantics,1000,0.1942,0.831,0.2337,1.0
Qwen2.5-3B-Instruct,Qwen2.5,3.1,lancaster2020_foot_leg,lexical_semantics,1000,0.3923,0.729,0.5382,1.0
Qwen2.5-3B-Instruct,Qwen2.5,3.1,lancaster2020_gustatory,lexical_semantics,1000,0.2402,0.545,0.4408,1.0
Qwen2.5-3B-Instruct,Qwen2.5,3.1,lancaster2020_hand_arm,lexical_semantics,1000,0.1904,0.783,0.2432,1.0
Qwen2.5-3B-Instruct,Qwen2.5,3.1,lancaster2020_haptic,lexical_semantics,1000,0.1869,0.808,0.2314,1.0
Qwen2.5-3B-Instruct,Qwen2.5,3.1,lancaster2020_head,lexical_semantics,1000,0.2383,0.57,0.418,1.0
Qwen2.5-3B-Instruct,Qwen2.5,3.1,lancaster2020_interoceptive,lexical_semantics,1000,0.502,0.778,0.6452,1.0
Qwen2.5-3B-Instruct,Qwen2.5,3.1,lancaster2020_mouth,lexical_semantics,1000,0.2716,0.777,0.3495,1.0
Qwen2.5-3B-Instruct,Qwen2.5,3.1,lancaster2020_olfactory,lexical_semantics,1000,0.278,0.622,0.447,1.0
Qwen2.5-3B-Instruct,Qwen2.5,3.1,lancaster2020_torso,lexical_semantics,1000,0.1615,0.675,0.2392,1.0
Qwen2.5-3B-Instruct,Qwen2.5,3.1,lancaster2020_visual,lexical_semantics,1000,0.4168,0.767,0.5434,1.0
Qwen2.5-3B-Instruct,Qwen2.5,3.1,lauren_sentence_naturalness_survey_expt3_nov_17_2011,syntax,460,0.4186,0.633,0.6612,1.0
Qwen2.5-3B-Instruct,Qwen2.5,3.1,lauren_sentence_naturalness_survey_expt_2_nov_15_2011,syntax,252,0.5385,0.712,0.7563,1.0
Qwen2.5-3B-Instruct,Qwen2.5,3.1,lauren_sentence_naturalness_survey_oct_14_2011,syntax,360,0.5691,0.703,0.8095,1.0
Qwen2.5-3B-Instruct,Qwen2.5,3.1,lexical_frame_adjectives_likert_set1,syntax,384,0.618,0.83,0.7445,1.0
Qwen2.5-3B-Instruct,Qwen2.5,3.1,lexical_frame_adjectives_likert_set2,syntax,384,0.5151,0.744,0.6924,1.0
Qwen2.5-3B-Instruct,Qwen2.5,3.1,lexical_frame_adjectives_likert_set3,syntax,384,0.4826,0.873,0.5529,1.0
Qwen2.5-3B-Instruct,Qwen2.5,3.1,locative_topicalization_survey,discourse,229,0.4438,0.777,0.5712,1.0
Qwen2.5-3B-Instruct,Qwen2.5,3.1,massive_mem_arousal_mar_2013,lexical_semantics,1000,0.3573,0.883,0.4047,1.0
Qwen2.5-3B-Instruct,Qwen2.5,3.1,massive_mem_arousal_mar_2013_end_2,lexical_semantics,242,0.2379,0.85,0.2799,1.0
Qwen2.5-3B-Instruct,Qwen2.5,3.1,massive_mem_arousal_mar_2014,lexical_semantics,1000,0.3307,0.863,0.3832,1.0
Qwen2.5-3B-Instruct,Qwen2.5,3.1,massive_mem_arousal_mar_2014_end_1,lexical_semantics,242,0.3754,0.886,0.4237,1.0
Qwen2.5-3B-Instruct,Qwen2.5,3.1,massive_mem_concreteness_mar_2013,lexical_semantics,1000,0.6122,0.956,0.6404,1.0
Qwen2.5-3B-Instruct,Qwen2.5,3.1,massive_mem_concreteness_mar_2013_end_1,lexical_semantics,242,0.652,0.959,0.6799,1.0
Qwen2.5-3B-Instruct,Qwen2.5,3.1,massive_mem_concreteness_mar_2014,lexical_semantics,1000,0.5519,0.952,0.5797,1.0
Qwen2.5-3B-Instruct,Qwen2.5,3.1,massive_mem_concreteness_mar_2014_end_1,lexical_semantics,242,0.5763,0.955,0.6035,1.0
Qwen2.5-3B-Instruct,Qwen2.5,3.1,massive_mem_imageability_mar_2013,lexical_semantics,1000,0.6127,0.961,0.6375,1.0
Qwen2.5-3B-Instruct,Qwen2.5,3.1,massive_mem_imageability_mar_2013_end_1,lexical_semantics,242,0.5902,0.963,0.6129,1.0
Qwen2.5-3B-Instruct,Qwen2.5,3.1,massive_mem_imageability_mar_2014,lexical_semantics,1000,0.3183,0.948,0.3357,1.0
Qwen2.5-3B-Instruct,Qwen2.5,3.1,massive_mem_imageability_mar_2014_end_1,lexical_semantics,242,0.392,0.964,0.4066,1.0
Qwen2.5-3B-Instruct,Qwen2.5,3.1,massive_mem_valence_mar_2013,lexical_semantics,1000,0.6044,0.948,0.6376,1.0
Qwen2.5-3B-Instruct,Qwen2.5,3.1,massive_mem_valence_mar_2013_end_1,lexical_semantics,242,0.8325,0.966,0.8618,1.0
Qwen2.5-3B-Instruct,Qwen2.5,3.1,massive_mem_valence_mar_2014,lexical_semantics,1000,0.6079,0.961,0.6325,1.0
Qwen2.5-3B-Instruct,Qwen2.5,3.1,massive_mem_valence_mar_2014_end_1,lexical_semantics,242,0.6525,0.959,0.6804,1.0
Qwen2.5-3B-Instruct,Qwen2.5,3.1,melissa_short_naturalness_test,sentence_semantics,24,0.7884,0.968,0.8145,1.0
Qwen2.5-3B-Instruct,Qwen2.5,3.1,missing_vp_extension_0501_final,syntax,72,0.3357,0.741,0.453,1.0
Qwen2.5-3B-Instruct,Qwen2.5,3.1,missing_vp_extension,syntax,80,0.5511,0.881,0.6256,1.0
Qwen2.5-3B-Instruct,Qwen2.5,3.1,missing_vp_rereplication,syntax,72,0.4469,0.707,0.6321,1.0
Qwen2.5-3B-Instruct,Qwen2.5,3.1,mk_grammaticality_study_7_20,syntax,1000,0.1503,0.876,0.1716,1.0
Qwen2.5-3B-Instruct,Qwen2.5,3.1,muraki2023_concreteness,lexical_semantics,1000,0.3215,0.829,0.3878,1.0
Qwen2.5-3B-Instruct,Qwen2.5,3.1,noisy_channel_acceptability_1_sept_2013_1,syntax,496,0.7901,0.921,0.8579,1.0
Qwen2.5-3B-Instruct,Qwen2.5,3.1,noisy_channel_acceptability_2_sept_2013,syntax,380,0.8053,0.965,0.8345,1.0
Qwen2.5-3B-Instruct,Qwen2.5,3.1,noisy_rc_norming_oct19,sentence_semantics,128,0.4694,0.838,0.5601,1.0
Qwen2.5-3B-Instruct,Qwen2.5,3.1,of_acceptability_2,syntax,88,0.5648,0.951,0.5939,1.0
Qwen2.5-3B-Instruct,Qwen2.5,3.1,orange_camel_sentence_naturalness_survey_nov_2010,discourse,144,0.5009,0.861,0.5817,1.0
Qwen2.5-3B-Instruct,Qwen2.5,3.1,orc_lauren_sentence_naturalness_survey_july_2012,syntax,192,0.7114,0.948,0.7504,1.0
Qwen2.5-3B-Instruct,Qwen2.5,3.1,p_p_sentence_naturalness_survey_aug_2010,syntax,252,0.5178,0.859,0.6028,1.0
Qwen2.5-3B-Instruct,Qwen2.5,3.1,p_p_sentence_naturalness_survey_dec_2009,syntax,324,0.4333,0.95,0.4561,1.0
Qwen2.5-3B-Instruct,Qwen2.5,3.1,p_p_sentence_naturalness_survey_feb,syntax,614,0.259,0.664,0.39,1.0
Qwen2.5-3B-Instruct,Qwen2.5,3.1,p_p_sentence_naturalness_survey_june_2013_v3,syntax,242,0.2812,0.928,0.3031,1.0
Qwen2.5-3B-Instruct,Qwen2.5,3.1,paris_judgments_3_dec_2012,syntax,477,0.4938,0.845,0.5844,1.0
Qwen2.5-3B-Instruct,Qwen2.5,3.1,pascal_1_dec_2012,syntax,544,0.1775,0.066,2.6897,1.0
Qwen2.5-3B-Instruct,Qwen2.5,3.1,presup_survey_1_acd_july_2012,pragmatics,240,0.5088,0.83,0.613,1.0
Qwen2.5-3B-Instruct,Qwen2.5,3.1,presup_survey_2_acd_july_2012,pragmatics,240,0.1992,0.665,0.2996,1.0
Qwen2.5-3B-Instruct,Qwen2.5,3.1,pronouns_following_verbs,pragmatics,44,0.088,0.706,0.1246,1.0
Qwen2.5-3B-Instruct,Qwen2.5,3.1,pronouns_following_verbs_an,pragmatics,44,-0.0522,0.663,-0.0787,1.0
Qwen2.5-3B-Instruct,Qwen2.5,3.1,pronouns_following_verbs_ce,pragmatics,44,0.035,0.708,0.0494,1.0
Qwen2.5-3B-Instruct,Qwen2.5,3.1,pronouns_following_verbs_sm,pragmatics,44,0.0251,0.443,0.0566,1.0
Qwen2.5-3B-Instruct,Qwen2.5,3.1,pronouns_following_verbs_so,pragmatics,44,0.1325,0.509,0.2603,1.0
Qwen2.5-3B-Instruct,Qwen2.5,3.1,pronouns_following_verbs_ve,pragmatics,45,-0.1115,0.567,-0.1966,1.0
Qwen2.5-3B-Instruct,Qwen2.5,3.1,quant_syn_april_13_2012_90_sentences_with_a_question_and_a_rating_code,syntax,184,0.7086,0.91,0.7787,1.0
Qwen2.5-3B-Instruct,Qwen2.5,3.1,quant_syn_april_14_2012_48_sentences_with_a_question_and_a_rating_code,syntax,168,0.7208,0.96,0.7509,1.0
Qwen2.5-3B-Instruct,Qwen2.5,3.1,quant_syn_april_16_2012_36_sentences_with_a_question_and_a_rating_code,syntax,126,0.7407,0.965,0.7676,1.0
Qwen2.5-3B-Instruct,Qwen2.5,3.1,quantifier_naturalness_survey_june_4_2010,syntax,192,0.4674,0.639,0.7315,1.0
Qwen2.5-3B-Instruct,Qwen2.5,3.1,quantitative_syntax_survey,syntax,129,0.4309,0.852,0.5058,1.0
Qwen2.5-3B-Instruct,Qwen2.5,3.1,rating_english_sentences,syntax,240,0.7147,0.899,0.7949,1.0
Qwen2.5-3B-Instruct,Qwen2.5,3.1,reasoning_and_language_tasks_survey_code_talkative_pigeon,syntax,72,0.5087,0.941,0.5405,1.0
Qwen2.5-3B-Instruct,Qwen2.5,3.1,relative_clause_displacements_in_english_sentences,syntax,180,0.2872,0.501,0.5732,0.9999
Qwen2.5-3B-Instruct,Qwen2.5,3.1,relative_clause_displacements_in_english_sentences_with_fill,syntax,93,0.2993,0.846,0.3538,0.9999
Qwen2.5-3B-Instruct,Qwen2.5,3.1,replication_study_9_59,discourse,185,0.5051,0.363,1.3914,1.0
Qwen2.5-3B-Instruct,Qwen2.5,3.1,richard_islands_acceptability_expt_1_april_25_2013_3,syntax,144,0.5953,0.819,0.7269,1.0
Qwen2.5-3B-Instruct,Qwen2.5,3.1,richard_islands_acceptability_expt_2_april_26_2013,syntax,228,0.7935,0.92,0.8625,1.0
Qwen2.5-3B-Instruct,Qwen2.5,3.1,richard_islands_acceptability_expt_4_april_26_2013_1,syntax,100,0.7926,0.931,0.8514,1.0
Qwen2.5-3B-Instruct,Qwen2.5,3.1,richard_islands_acceptability_expt_5_april_27_2013_1,syntax,132,0.3947,0.619,0.6376,1.0
Qwen2.5-3B-Instruct,Qwen2.5,3.1,richard_islands_acceptability_expt_6_april_28_2013_while_whq_decl,syntax,100,0.7943,0.965,0.8232,1.0
Qwen2.5-3B-Instruct,Qwen2.5,3.1,russian_freezing,syntax,180,0.6454,0.898,0.7187,1.0
Qwen2.5-3B-Instruct,Qwen2.5,3.1,semantics1_finalproject,sentence_semantics,96,0.7499,0.972,0.7716,1.0
Qwen2.5-3B-Instruct,Qwen2.5,3.1,semantics2_finalproject,sentence_semantics,96,0.7726,0.986,0.7835,1.0
Qwen2.5-3B-Instruct,Qwen2.5,3.1,semantics3_final_project,pragmatics,96,0.4837,0.974,0.4966,1.0
Qwen2.5-3B-Instruct,Qwen2.5,3.1,sentence_completions_and_islands_acceptability_expt_1_nov_13_2012,syntax,112,0.8536,0.969,0.8809,1.0
Qwen2.5-3B-Instruct,Qwen2.5,3.1,sentence_naturalness_isac_survey_feb_2011,syntax,304,0.6471,0.836,0.774,1.0
Qwen2.5-3B-Instruct,Qwen2.5,3.1,sentence_naturalness_survey_acd_ratings_hackl_expt_7_oct_25_2012_1,syntax,176,0.46,0.886,0.5192,1.0
Qwen2.5-3B-Instruct,Qwen2.5,3.1,sentence_naturalness_survey_acd_ratings_hackl_replic_expt_1_july_14_20,syntax,480,0.5886,0.864,0.6813,1.0
Qwen2.5-3B-Instruct,Qwen2.5,3.1,sentence_naturalness_survey_acd_ratings_v4_july_13_2012,syntax,176,0.5138,0.748,0.6869,1.0
Qwen2.5-3B-Instruct,Qwen2.5,3.1,sentence_naturalness_survey_acd_v1_jan_2012,discourse,128,-0.035,0.299,-0.117,1.0
Qwen2.5-3B-Instruct,Qwen2.5,3.1,sentence_naturalness_survey_acd_v6_oct_25_2012,discourse,128,0.0135,0.602,0.0224,1.0
Qwen2.5-3B-Instruct,Qwen2.5,3.1,sentence_naturalness_survey_denise_jan_12_2011_survey_code_pig_the_pig,syntax,200,0.7319,0.986,0.7423,1.0
Qwen2.5-3B-Instruct,Qwen2.5,3.1,sentence_naturalness_survey_denise_sept_8_2010_survey_code_pig_the_pig,syntax,224,0.6671,0.972,0.6863,1.0
Qwen2.5-3B-Instruct,Qwen2.5,3.1,sentence_naturalness_survey_feb_16_1_2012_60_items_code_shy_armadillo,syntax,120,0.5994,0.912,0.6572,1.0
Qwen2.5-3B-Instruct,Qwen2.5,3.1,sentence_naturalness_survey_for_gs_dec_2009,pragmatics,122,0.6744,0.882,0.7646,1.0
Qwen2.5-3B-Instruct,Qwen2.5,3.1,sentence_naturalness_survey_for_gs_jan_2010,pragmatics,133,0.5724,0.906,0.6318,1.0
Qwen2.5-3B-Instruct,Qwen2.5,3.1,sentence_naturalness_survey_for_gs_jan_23_2010,pragmatics,216,0.5937,0.942,0.6303,1.0
Qwen2.5-3B-Instruct,Qwen2.5,3.1,sentence_naturalness_survey_for_gs_may_11_2011_purple_puppy,pragmatics,72,0.3907,0.873,0.4476,1.0
Qwen2.5-3B-Instruct,Qwen2.5,3.1,sentence_naturalness_survey_for_jk_april_4_2010,discourse,96,0.3273,0.886,0.3694,1.0
Qwen2.5-3B-Instruct,Qwen2.5,3.1,sentence_naturalness_survey_for_jk_april_4_expt_3_2010,discourse,96,0.2694,0.83,0.3246,1.0
Qwen2.5-3B-Instruct,Qwen2.5,3.1,sentence_naturalness_survey_for_jk_april_9_expt_4_2010,discourse,96,0.1549,0.831,0.1865,1.0
Qwen2.5-3B-Instruct,Qwen2.5,3.1,sentence_naturalness_survey_for_jk_june_24_2010_v2,discourse,176,0.279,0.787,0.3545,1.0
Qwen2.5-3B-Instruct,Qwen2.5,3.1,sentence_naturalness_survey_for_jk_mar_2010,discourse,96,0.1938,0.88,0.2203,1.0
Qwen2.5-3B-Instruct,Qwen2.5,3.1,sentence_naturalness_survey_for_jkm_dec_2009,discourse,128,-0.0079,0.18,-0.0439,1.0
Qwen2.5-3B-Instruct,Qwen2.5,3.1,sentence_naturalness_survey_for_jkm_jan_2012,discourse,128,-0.0264,0.266,-0.0992,1.0
Qwen2.5-3B-Instruct,Qwen2.5,3.1,sentence_naturalness_survey_for_lb_dec_2009,discourse,108,0.6695,0.832,0.8047,1.0
Qwen2.5-3B-Instruct,Qwen2.5,3.1,sentence_naturalness_survey_for_lb_feb_20_2010_v2,discourse,79,0.5584,0.951,0.5871,1.0
Qwen2.5-3B-Instruct,Qwen2.5,3.1,sentence_naturalness_survey_for_lb_jan_2011,discourse,519,0.4481,0.886,0.5057,1.0
Qwen2.5-3B-Instruct,Qwen2.5,3.1,sentence_naturalness_survey_for_lb_jan_2011_v2,discourse,519,0.0364,0.689,0.0529,1.0
Qwen2.5-3B-Instruct,Qwen2.5,3.1,sentence_naturalness_survey_for_lb_jan_2011_v3,discourse,519,0.4374,0.886,0.4936,1.0
Qwen2.5-3B-Instruct,Qwen2.5,3.1,sentence_naturalness_survey_for_lb_mar_2010_2,discourse,241,0.5623,0.935,0.6014,1.0
Qwen2.5-3B-Instruct,Qwen2.5,3.1,sentence_naturalness_survey_for_lb_mar_2010,discourse,123,0.638,0.951,0.6709,1.0
Qwen2.5-3B-Instruct,Qwen2.5,3.1,sentence_naturalness_survey_for_lb_may_2010,discourse,148,0.182,0.953,0.191,1.0
Qwen2.5-3B-Instruct,Qwen2.5,3.1,sentence_naturalness_survey_for_lb_prelim_oct_2010,discourse,402,0.2375,0.882,0.2693,1.0
Qwen2.5-3B-Instruct,Qwen2.5,3.1,sentence_naturalness_survey_for_rw_dec_2009,discourse,180,0.5661,0.825,0.6862,1.0
Qwen2.5-3B-Instruct,Qwen2.5,3.1,sentence_naturalness_survey_for_rw_jan_2010,discourse,480,0.4859,0.872,0.5573,1.0
Qwen2.5-3B-Instruct,Qwen2.5,3.1,sentence_naturalness_survey_laura_mar_17_2012_92_items_code_lazy_cater,sentence_semantics,368,0.7599,0.883,0.8606,1.0
Qwen2.5-3B-Instruct,Qwen2.5,3.1,sentence_naturalness_survey_laura_mar_17_2012_96_items_code_lazy_cater,sentence_semantics,384,0.697,0.883,0.7894,1.0
Qwen2.5-3B-Instruct,Qwen2.5,3.1,sentence_naturalness_survey_may_4_2011_36_items_code_anxious_bat,syntax,84,0.2585,0.757,0.3415,1.0
Qwen2.5-3B-Instruct,Qwen2.5,3.1,sentence_naturalness_survey_nat_aug_28_2010_survey_code_downtown,syntax,270,0.5645,0.956,0.5905,1.0
Qwen2.5-3B-Instruct,Qwen2.5,3.1,short_acceptability_feb_6_2014,syntax,128,0.5678,0.907,0.626,1.0
Qwen2.5-3B-Instruct,Qwen2.5,3.1,susan_canonicity_rerunning_2,syntax,52,0.6604,0.95,0.6951,1.0
Qwen2.5-3B-Instruct,Qwen2.5,3.1,topicalization_e1,syntax,77,0.7135,0.942,0.7574,1.0
Qwen2.5-3B-Instruct,Qwen2.5,3.1,verb_causality_study_semantics_ratings_mk_april_2010,lexical_semantics,188,0.0543,0.972,0.0559,1.0
Qwen2.5-3B-Instruct,Qwen2.5,3.1,verb_causality_study_syntax_ratings_mk_april_2010,syntax,653,0.125,0.633,0.1975,1.0
Qwen2.5-3B-Instruct,Qwen2.5,3.1,wm2_wm5_9_59_sentence_naturalness_survey_april_2011,syntax,219,0.7241,0.839,0.863,1.0
Qwen2.5-3B-Instruct,Qwen2.5,3.1,word3_b_word_naturalness_survey_may_4_2011_160_items_code_sleepy_bear,subword,158,0.4314,0.937,0.4604,1.0
Qwen2.5-3B-Instruct,Qwen2.5,3.1,word3_word_naturalness_survey_may_1_2011_45_items_code_nosy_badger,subword,45,-0.3164,0.948,-0.3337,1.0
Qwen2.5-7B-Instruct,Qwen2.5,7.6,50_sentences_noisy_channel_may_25_2011,pragmatics,208,0.4429,0.555,0.798,1.0
Qwen2.5-7B-Instruct,Qwen2.5,7.6,50_sentences_with_2_comp_qs_plus_rating_mar_11_2011,sentence_semantics,208,0.4686,0.588,0.797,1.0
Qwen2.5-7B-Instruct,Qwen2.5,7.6,acceptability_extension_959_v5,syntax,566,0.7521,0.797,0.9437,1.0
Qwen2.5-7B-Instruct,Qwen2.5,7.6,acceptability_judgments_kang,syntax,136,0.526,0.974,0.54,1.0
Qwen2.5-7B-Instruct,Qwen2.5,7.6,acceptability_replication_959,syntax,288,0.9144,0.964,0.9485,1.0
Qwen2.5-7B-Instruct,Qwen2.5,7.6,acd_context_polly_1_nov_23_2012,discourse,310,0.0197,0.462,0.0426,1.0
Qwen2.5-7B-Instruct,Qwen2.5,7.6,acd_no_context_polly_1_nov_23_2012,syntax,213,0.5747,0.838,0.6858,1.0
Qwen2.5-7B-Instruct,Qwen2.5,7.6,acd_project_also_3_nov_24_2012_2,syntax,128,0.7079,0.874,0.8099,1.0
Qwen2.5-7B-Instruct,Qwen2.5,7.6,acd_project_expt_23_also_nov_16_2012,syntax,600,0.6156,0.825,0.7462,1.0
Qwen2.5-7B-Instruct,Qwen2.5,7.6,acd_project_expt_24_same_diff_verbs_nov_16_2012,syntax,472,0.6114,0.89,0.6869,1.0
Qwen2.5-7B-Instruct,Qwen2.5,7.6,acd_project_expt_31_same_diff_verbs_nov_16_2012_1,syntax,176,0.6818,0.755,0.9031,1.0
Qwen2.5-7B-Instruct,Qwen2.5,7.6,acd_project_expt_42_also_verbs_nov_29_2012_1,syntax,176,0.4741,0.63,0.7525,1.0
Qwen2.5-7B-Instruct,Qwen2.5,7.6,acd_project_expt_44_the_same_nov_29_2012_1,syntax,140,0.5127,0.601,0.853,1.0
Qwen2.5-7B-Instruct,Qwen2.5,7.6,acd_project_expt_45_hkv_expt_2_plaus_nov_29_2012,syntax,360,0.456,0.774,0.5892,1.0
Qwen2.5-7B-Instruct,Qwen2.5,7.6,acd_project_expt_46_also_in_hkv_2_nov_29_2012_1,syntax,448,0.3422,0.56,0.611,1.0
Qwen2.5-7B-Instruct,Qwen2.5,7.6,active_passive_sentence_naturalness_survey_july_2012,syntax,132,0.717,0.887,0.8083,1.0
Qwen2.5-7B-Instruct,Qwen2.5,7.6,aixiu_coherence_en_update1,sentence_semantics,277,0.8354,0.882,0.9472,1.0
Qwen2.5-7B-Instruct,Qwen2.5,7.6,alex_paunov_literal_inferences_dec_3_2011,pragmatics,299,0.6381,0.908,0.7027,1.0
Qwen2.5-7B-Instruct,Qwen2.5,7.6,amouyal2024_plausibility,sentence_semantics,853,0.5719,0.915,0.625,1.0
Qwen2.5-7B-Instruct,Qwen2.5,7.6,animacy_passive_dative_kyle,syntax,120,0.5978,0.926,0.6456,1.0
Qwen2.5-7B-Instruct,Qwen2.5,7.6,anne_abeille_acceptability_july_12_2017_1,syntax,296,0.4728,0.635,0.7446,1.0
Qwen2.5-7B-Instruct,Qwen2.5,7.6,base_acceptability_0908,syntax,73,0.3013,0.931,0.3237,1.0
Qwen2.5-7B-Instruct,Qwen2.5,7.6,brief_sentence_naturalness_survey_march_2011,sentence_semantics,64,0.7974,0.96,0.8306,1.0
Qwen2.5-7B-Instruct,Qwen2.5,7.6,can_noncan_acceptability_0924,syntax,88,0.5429,0.966,0.562,1.0
Qwen2.5-7B-Instruct,Qwen2.5,7.6,can_noncan_acceptability_2,syntax,88,0.5781,0.962,0.601,1.0
Qwen2.5-7B-Instruct,Qwen2.5,7.6,chinese_dative,discourse,96,0.4732,0.715,0.6618,1.0
Qwen2.5-7B-Instruct,Qwen2.5,7.6,class_demo,syntax,44,0.5994,0.927,0.6466,1.0
Qwen2.5-7B-Instruct,Qwen2.5,7.6,clefting_e3,syntax,48,0.5244,0.877,0.5979,1.0
Qwen2.5-7B-Instruct,Qwen2.5,7.6,clefting_e4,syntax,48,0.4529,0.969,0.4674,1.0
Qwen2.5-7B-Instruct,Qwen2.5,7.6,coherence_survey_list1_main,discourse,100,0.8659,0.95,0.9114,1.0
Qwen2.5-7B-Instruct,Qwen2.5,7.6,coherence_survey_list2_main,discourse,100,0.8852,0.948,0.9337,1.0
Qwen2.5-7B-Instruct,Qwen2.5,7.6,coherence_survey_list3_main,discourse,100,0.8412,0.942,0.893,1.0
Qwen2.5-7B-Instruct,Qwen2.5,7.6,coherence_survey_list4_main,discourse,100,0.8132,0.95,0.856,1.0
Qwen2.5-7B-Instruct,Qwen2.5,7.6,constituency_tests_2,syntax,48,0.73,0.836,0.8732,1.0
Qwen2.5-7B-Instruct,Qwen2.5,7.6,constituency_tests,syntax,48,0.5073,0.654,0.7758,1.0
Qwen2.5-7B-Instruct,Qwen2.5,7.6,copy_cat_polly_june_2014,discourse,102,0.6078,0.865,0.7026,1.0
Qwen2.5-7B-Instruct,Qwen2.5,7.6,copy_of_verb_causality_study_semantics_ratings_mk_april_2010,lexical_semantics,62,0.4096,0.83,0.4935,1.0
Qwen2.5-7B-Instruct,Qwen2.5,7.6,crossed_dependencies_long,syntax,201,0.4301,0.899,0.4785,1.0
Qwen2.5-7B-Instruct,Qwen2.5,7.6,cul_jack_april_12_2012_54_short_texts_with_two_comprehension_questions,syntax,210,0.5662,0.896,0.6319,1.0
Qwen2.5-7B-Instruct,Qwen2.5,7.6,cul_jack_sentence_naturalness_survey_april_2010,syntax,220,0.812,0.952,0.8529,1.0
Qwen2.5-7B-Instruct,Qwen2.5,7.6,dative_alternation_extension_version_2,syntax,229,0.4756,0.456,1.0431,1.0
Qwen2.5-7B-Instruct,Qwen2.5,7.6,dative_finnish,discourse,96,0.3678,0.689,0.5338,1.0
Qwen2.5-7B-Instruct,Qwen2.5,7.6,dative_turkish,discourse,96,0.0856,0.734,0.1166,1.0
Qwen2.5-7B-Instruct,Qwen2.5,7.6,dentella2023_grammaticality,syntax,80,0.5998,0.981,0.6114,0.9999
Qwen2.5-7B-Instruct,Qwen2.5,7.6,depth_charge_survey,sentence_semantics,188,0.4558,0.846,0.5387,1.0
Qwen2.5-7B-Instruct,Qwen2.5,7.6,depth_charge_with_noise,sentence_semantics,188,0.5855,0.854,0.6856,1.0
Qwen2.5-7B-Instruct,Qwen2.5,7.6,discourse_30subjs_list1,discourse,100,0.8689,0.941,0.9234,1.0
Qwen2.5-7B-Instruct,Qwen2.5,7.6,discourse_30subjs_list2,discourse,100,0.8744,0.951,0.9194,1.0
Qwen2.5-7B-Instruct,Qwen2.5,7.6,discourse_30subjs_list3,discourse,100,0.8668,0.947,0.9153,1.0
Qwen2.5-7B-Instruct,Qwen2.5,7.6,discourse_30subjs_list4,discourse,100,0.8302,0.942,0.8813,1.0
Qwen2.5-7B-Instruct,Qwen2.5,7.6,discourse_causality_list1,discourse,100,0.8177,0.935,0.8746,1.0
Qwen2.5-7B-Instruct,Qwen2.5,7.6,discourse_causality_list2,discourse,100,0.8263,0.952,0.8679,1.0
Qwen2.5-7B-Instruct,Qwen2.5,7.6,discourse_causality_list3,discourse,100,0.787,0.933,0.8435,1.0
Qwen2.5-7B-Instruct,Qwen2.5,7.6,discourse_causality_list4,discourse,100,0.8221,0.955,0.8609,1.0
Qwen2.5-7B-Instruct,Qwen2.5,7.6,discourse_changed_0428,discourse,48,0.8122,0.953,0.8523,1.0
Qwen2.5-7B-Instruct,Qwen2.5,7.6,discourse_coherence_list1,discourse,100,0.8586,0.943,0.9105,1.0
Qwen2.5-7B-Instruct,Qwen2.5,7.6,discourse_coherence_list2,discourse,100,0.8489,0.936,0.907,1.0
Qwen2.5-7B-Instruct,Qwen2.5,7.6,discourse_coherence_list3,discourse,100,0.8567,0.95,0.9018,1.0
Qwen2.5-7B-Instruct,Qwen2.5,7.6,discourse_coherence_list4,discourse,100,0.8061,0.933,0.864,1.0
Qwen2.5-7B-Instruct,Qwen2.5,7.6,discourse_imagability_pairs_list1,sentence_semantics,100,0.5777,0.917,0.6299,1.0
Qwen2.5-7B-Instruct,Qwen2.5,7.6,discourse_imagability_pairs_list2,sentence_semantics,100,0.6809,0.946,0.7198,1.0
Qwen2.5-7B-Instruct,Qwen2.5,7.6,discourse_imagability_singles_list1,sentence_semantics,100,0.656,0.938,0.6993,1.0
Qwen2.5-7B-Instruct,Qwen2.5,7.6,discourse_imagability_singles_list2,sentence_semantics,100,0.8369,0.954,0.8773,1.0
Qwen2.5-7B-Instruct,Qwen2.5,7.6,discourse_imagability_singles_list3,sentence_semantics,100,0.7237,0.931,0.7773,1.0
Qwen2.5-7B-Instruct,Qwen2.5,7.6,discourse_imagability_singles_list4,sentence_semantics,100,0.7536,0.948,0.7949,1.0
Qwen2.5-7B-Instruct,Qwen2.5,7.6,discourse_mentalizing_pairs_list1,sentence_semantics,100,0.7634,0.928,0.8226,1.0
Qwen2.5-7B-Instruct,Qwen2.5,7.6,discourse_mentalizing_pairs_list2,sentence_semantics,100,0.6763,0.931,0.7264,1.0
Qwen2.5-7B-Instruct,Qwen2.5,7.6,discourse_mentalizing_singles_list1,sentence_semantics,100,0.6447,0.935,0.6895,1.0
Qwen2.5-7B-Instruct,Qwen2.5,7.6,discourse_mentalizing_singles_list2,sentence_semantics,100,0.7082,0.925,0.7656,1.0
Qwen2.5-7B-Instruct,Qwen2.5,7.6,discourse_mentalizing_singles_list3,sentence_semantics,100,0.5451,0.909,0.5997,1.0
Qwen2.5-7B-Instruct,Qwen2.5,7.6,discourse_mentalizing_singles_list4,sentence_semantics,100,0.728,0.952,0.7647,1.0
Qwen2.5-7B-Instruct,Qwen2.5,7.6,discourse_physics_pairs_list1,sentence_semantics,100,0.687,0.957,0.7178,1.0
Qwen2.5-7B-Instruct,Qwen2.5,7.6,discourse_physics_pairs_list2,sentence_semantics,100,0.8202,0.951,0.8625,1.0
Qwen2.5-7B-Instruct,Qwen2.5,7.6,discourse_physics_singles_list1,sentence_semantics,100,0.8725,0.943,0.9252,1.0
Qwen2.5-7B-Instruct,Qwen2.5,7.6,discourse_physics_singles_list2,sentence_semantics,100,0.8079,0.952,0.8486,1.0
Qwen2.5-7B-Instruct,Qwen2.5,7.6,discourse_physics_singles_list3,sentence_semantics,100,0.8394,0.941,0.8921,1.0
Qwen2.5-7B-Instruct,Qwen2.5,7.6,discourse_physics_singles_list4,sentence_semantics,100,0.8354,0.942,0.8868,1.0
Qwen2.5-7B-Instruct,Qwen2.5,7.6,discourse_scenes_pairs_list1,sentence_semantics,100,0.8841,0.944,0.9366,1.0
Qwen2.5-7B-Instruct,Qwen2.5,7.6,discourse_scenes_pairs_list2,sentence_semantics,100,0.8824,0.95,0.9288,1.0
Qwen2.5-7B-Instruct,Qwen2.5,7.6,discourse_scenes_singles_list1,sentence_semantics,100,0.8721,0.944,0.9239,1.0
Qwen2.5-7B-Instruct,Qwen2.5,7.6,discourse_scenes_singles_list2,sentence_semantics,100,0.863,0.949,0.9094,1.0
Qwen2.5-7B-Instruct,Qwen2.5,7.6,discourse_scenes_singles_list3,sentence_semantics,100,0.8386,0.966,0.8681,1.0
Qwen2.5-7B-Instruct,Qwen2.5,7.6,discourse_scenes_singles_list4,sentence_semantics,100,0.8379,0.964,0.8692,1.0
Qwen2.5-7B-Instruct,Qwen2.5,7.6,diveica2023_socialness,lexical_semantics,1000,0.8088,0.883,0.916,1.0
Qwen2.5-7B-Instruct,Qwen2.5,7.6,ecog_sentences_imaginability_jan_8_2014,sentence_semantics,120,0.5592,0.833,0.6713,1.0
Qwen2.5-7B-Instruct,Qwen2.5,7.6,ecog_sentences_naturalness_jan_8_2014_2,sentence_semantics,120,0.364,0.727,0.5007,1.0
Qwen2.5-7B-Instruct,Qwen2.5,7.6,edwards2024_spelling_to_pronunciation_transparency,subword,1000,0.6095,0.826,0.7379,1.0
Qwen2.5-7B-Instruct,Qwen2.5,7.6,erp_norming_error_detection_june_2013_4,syntax,323,-0.4589,0.841,-0.5457,1.0
Qwen2.5-7B-Instruct,Qwen2.5,7.6,erp_sentence_naturalness_survey_june_2013_2,syntax,483,0.8132,0.922,0.882,1.0
Qwen2.5-7B-Instruct,Qwen2.5,7.6,eunice_disfluency_2_nov_17_2011,syntax,190,0.7249,0.832,0.8712,1.0
Qwen2.5-7B-Instruct,Qwen2.5,7.6,eunice_disfluency_nov_15_2011,syntax,468,0.4959,0.807,0.6145,1.0
Qwen2.5-7B-Instruct,Qwen2.5,7.6,european_portuguese_rc,syntax,174,0.7119,0.84,0.8475,1.0
Qwen2.5-7B-Instruct,Qwen2.5,7.6,european_portuguese_wh,syntax,174,0.6893,0.893,0.7719,1.0
Qwen2.5-7B-Instruct,Qwen2.5,7.6,extension,syntax,138,0.7367,0.872,0.8448,1.0
Qwen2.5-7B-Instruct,Qwen2.5,7.6,gabriel_rc,syntax,174,0.7132,0.818,0.8719,1.0
Qwen2.5-7B-Instruct,Qwen2.5,7.6,gabriel_wh,syntax,174,0.6959,0.902,0.7715,1.0
Qwen2.5-7B-Instruct,Qwen2.5,7.6,giurgea2025_motivation,lexical_semantics,1000,0.631,0.856,0.7372,1.0
Qwen2.5-7B-Instruct,Qwen2.5,7.6,huang_response_set1a,syntax,288,0.5083,0.966,0.5262,1.0
Qwen2.5-7B-Instruct,Qwen2.5,7.6,huang_response_set1b,syntax,288,0.541,0.964,0.5612,1.0
Qwen2.5-7B-Instruct,Qwen2.5,7.6,huang_response_set2a,syntax,288,0.7632,0.97,0.7868,1.0
Qwen2.5-7B-Instruct,Qwen2.5,7.6,huang_response_set2a_declaratives,syntax,288,0.7322,0.97,0.7549,1.0
Qwen2.5-7B-Instruct,Qwen2.5,7.6,huang_response_set2b,syntax,288,0.7554,0.97,0.7788,1.0
Qwen2.5-7B-Instruct,Qwen2.5,7.6,huang_response_set2b_declaratives,syntax,288,0.7287,0.974,0.7482,1.0
Qwen2.5-7B-Instruct,Qwen2.5,7.6,imperative_control_iad_gs_may_16_2011_purple_puppy,pragmatics,96,0.4977,0.86,0.5788,1.0
Qwen2.5-7B-Instruct,Qwen2.5,7.6,isac_sentence_naturalness_survey_feb_2011_64_items_survey_code_giant_c,syntax,256,0.712,0.885,0.8045,1.0
Qwen2.5-7B-Instruct,Qwen2.5,7.6,islands_acceptability_expt_2_dec_2_2012,syntax,480,0.7329,0.874,0.8385,1.0
Qwen2.5-7B-Instruct,Qwen2.5,7.6,italian_dative_v2,discourse,192,0.2424,0.604,0.4013,1.0
Qwen2.5-7B-Instruct,Qwen2.5,7.6,italian_locative_v7,discourse,192,0.3214,0.66,0.487,1.0
Qwen2.5-7B-Instruct,Qwen2.5,7.6,lancaster2020_auditory,lexical_semantics,1000,0.1673,0.831,0.2013,1.0
Qwen2.5-7B-Instruct,Qwen2.5,7.6,lancaster2020_foot_leg,lexical_semantics,1000,0.4624,0.729,0.6344,1.0
Qwen2.5-7B-Instruct,Qwen2.5,7.6,lancaster2020_gustatory,lexical_semantics,1000,0.3423,0.545,0.6281,1.0
Qwen2.5-7B-Instruct,Qwen2.5,7.6,lancaster2020_hand_arm,lexical_semantics,1000,0.3271,0.783,0.4177,1.0
Qwen2.5-7B-Instruct,Qwen2.5,7.6,lancaster2020_haptic,lexical_semantics,1000,0.4924,0.808,0.6094,1.0
Qwen2.5-7B-Instruct,Qwen2.5,7.6,lancaster2020_head,lexical_semantics,1000,0.4171,0.57,0.7317,1.0
Qwen2.5-7B-Instruct,Qwen2.5,7.6,lancaster2020_interoceptive,lexical_semantics,1000,0.3394,0.778,0.4363,1.0
Qwen2.5-7B-Instruct,Qwen2.5,7.6,lancaster2020_mouth,lexical_semantics,1000,0.4563,0.777,0.5873,1.0
Qwen2.5-7B-Instruct,Qwen2.5,7.6,lancaster2020_olfactory,lexical_semantics,1000,0.3082,0.622,0.4956,1.0
Qwen2.5-7B-Instruct,Qwen2.5,7.6,lancaster2020_torso,lexical_semantics,1000,0.3408,0.675,0.505,1.0
Qwen2.5-7B-Instruct,Qwen2.5,7.6,lancaster2020_visual,lexical_semantics,1000,0.4685,0.767,0.6109,1.0
Qwen2.5-7B-Instruct,Qwen2.5,7.6,lauren_sentence_naturalness_survey_expt3_nov_17_2011,syntax,460,0.4828,0.633,0.7627,1.0
Qwen2.5-7B-Instruct,Qwen2.5,7.6,lauren_sentence_naturalness_survey_expt_2_nov_15_2011,syntax,252,0.4696,0.712,0.6595,1.0
Qwen2.5-7B-Instruct,Qwen2.5,7.6,lauren_sentence_naturalness_survey_oct_14_2011,syntax,360,0.5242,0.703,0.7456,1.0
Qwen2.5-7B-Instruct,Qwen2.5,7.6,lexical_frame_adjectives_likert_set1,syntax,384,0.7641,0.83,0.9206,1.0
Qwen2.5-7B-Instruct,Qwen2.5,7.6,lexical_frame_adjectives_likert_set2,syntax,384,0.693,0.744,0.9314,1.0
Qwen2.5-7B-Instruct,Qwen2.5,7.6,lexical_frame_adjectives_likert_set3,syntax,384,0.7475,0.873,0.8563,1.0
Qwen2.5-7B-Instruct,Qwen2.5,7.6,locative_topicalization_survey,discourse,229,0.6352,0.777,0.8175,1.0
Qwen2.5-7B-Instruct,Qwen2.5,7.6,massive_mem_arousal_mar_2013,lexical_semantics,1000,0.521,0.883,0.59,1.0
Qwen2.5-7B-Instruct,Qwen2.5,7.6,massive_mem_arousal_mar_2013_end_2,lexical_semantics,242,0.5174,0.85,0.6087,1.0
Qwen2.5-7B-Instruct,Qwen2.5,7.6,massive_mem_arousal_mar_2014,lexical_semantics,1000,0.4659,0.863,0.5398,1.0
Qwen2.5-7B-Instruct,Qwen2.5,7.6,massive_mem_arousal_mar_2014_end_1,lexical_semantics,242,0.4459,0.886,0.5033,1.0
Qwen2.5-7B-Instruct,Qwen2.5,7.6,massive_mem_concreteness_mar_2013,lexical_semantics,1000,0.6457,0.956,0.6754,1.0
Qwen2.5-7B-Instruct,Qwen2.5,7.6,massive_mem_concreteness_mar_2013_end_1,lexical_semantics,242,0.8533,0.959,0.8898,1.0
Qwen2.5-7B-Instruct,Qwen2.5,7.6,massive_mem_concreteness_mar_2014,lexical_semantics,1000,0.576,0.952,0.6051,1.0
Qwen2.5-7B-Instruct,Qwen2.5,7.6,massive_mem_concreteness_mar_2014_end_1,lexical_semantics,242,0.6124,0.955,0.6413,1.0
Qwen2.5-7B-Instruct,Qwen2.5,7.6,massive_mem_imageability_mar_2013,lexical_semantics,1000,0.7109,0.961,0.7397,1.0
Qwen2.5-7B-Instruct,Qwen2.5,7.6,massive_mem_imageability_mar_2013_end_1,lexical_semantics,242,0.7201,0.963,0.7478,1.0
Qwen2.5-7B-Instruct,Qwen2.5,7.6,massive_mem_imageability_mar_2014,lexical_semantics,1000,0.5609,0.948,0.5917,1.0
Qwen2.5-7B-Instruct,Qwen2.5,7.6,massive_mem_imageability_mar_2014_end_1,lexical_semantics,242,0.5582,0.964,0.5791,1.0
Qwen2.5-7B-Instruct,Qwen2.5,7.6,massive_mem_valence_mar_2013,lexical_semantics,1000,0.5734,0.948,0.6049,1.0
Qwen2.5-7B-Instruct,Qwen2.5,7.6,massive_mem_valence_mar_2013_end_1,lexical_semantics,242,0.8104,0.966,0.8389,1.0
Qwen2.5-7B-Instruct,Qwen2.5,7.6,massive_mem_valence_mar_2014,lexical_semantics,1000,0.7836,0.961,0.8154,1.0
Qwen2.5-7B-Instruct,Qwen2.5,7.6,massive_mem_valence_mar_2014_end_1,lexical_semantics,242,0.7532,0.959,0.7855,1.0
Qwen2.5-7B-Instruct,Qwen2.5,7.6,melissa_short_naturalness_test,sentence_semantics,24,0.771,0.968,0.7965,1.0
Qwen2.5-7B-Instruct,Qwen2.5,7.6,missing_vp_extension_0501_final,syntax,72,0.2172,0.741,0.2932,1.0
Qwen2.5-7B-Instruct,Qwen2.5,7.6,missing_vp_extension,syntax,80,0.6576,0.881,0.7465,1.0
Qwen2.5-7B-Instruct,Qwen2.5,7.6,missing_vp_rereplication,syntax,72,0.5642,0.707,0.7981,1.0
Qwen2.5-7B-Instruct,Qwen2.5,7.6,mk_grammaticality_study_7_20,syntax,1000,0.3707,0.876,0.4232,1.0
Qwen2.5-7B-Instruct,Qwen2.5,7.6,muraki2023_concreteness,lexical_semantics,1000,0.5119,0.829,0.6175,1.0
Qwen2.5-7B-Instruct,Qwen2.5,7.6,noisy_channel_acceptability_1_sept_2013_1,syntax,496,0.8059,0.921,0.875,1.0
Qwen2.5-7B-Instruct,Qwen2.5,7.6,noisy_channel_acceptability_2_sept_2013,syntax,380,0.8178,0.965,0.8475,1.0
Qwen2.5-7B-Instruct,Qwen2.5,7.6,noisy_rc_norming_oct19,sentence_semantics,128,0.3944,0.838,0.4706,1.0
Qwen2.5-7B-Instruct,Qwen2.5,7.6,of_acceptability_2,syntax,88,0.6064,0.951,0.6377,1.0
Qwen2.5-7B-Instruct,Qwen2.5,7.6,orange_camel_sentence_naturalness_survey_nov_2010,discourse,144,0.7307,0.861,0.8487,1.0
Qwen2.5-7B-Instruct,Qwen2.5,7.6,orc_lauren_sentence_naturalness_survey_july_2012,syntax,192,0.653,0.948,0.6888,1.0
Qwen2.5-7B-Instruct,Qwen2.5,7.6,p_p_sentence_naturalness_survey_aug_2010,syntax,252,0.3382,0.859,0.3937,1.0
Qwen2.5-7B-Instruct,Qwen2.5,7.6,p_p_sentence_naturalness_survey_dec_2009,syntax,324,0.378,0.95,0.3979,1.0
Qwen2.5-7B-Instruct,Qwen2.5,7.6,p_p_sentence_naturalness_survey_feb,syntax,614,0.2805,0.664,0.4224,1.0
Qwen2.5-7B-Instruct,Qwen2.5,7.6,p_p_sentence_naturalness_survey_june_2013_v3,syntax,242,0.4217,0.928,0.4544,1.0
Qwen2.5-7B-Instruct,Qwen2.5,7.6,paris_judgments_3_dec_2012,syntax,477,0.3534,0.845,0.4182,1.0
Qwen2.5-7B-Instruct,Qwen2.5,7.6,pascal_1_dec_2012,syntax,544,0.218,0.066,3.3031,1.0
Qwen2.5-7B-Instruct,Qwen2.5,7.6,presup_survey_1_acd_july_2012,pragmatics,240,0.6049,0.83,0.7288,1.0
Qwen2.5-7B-Instruct,Qwen2.5,7.6,presup_survey_2_acd_july_2012,pragmatics,240,0.3762,0.665,0.5657,1.0
Qwen2.5-7B-Instruct,Qwen2.5,7.6,pronouns_following_verbs,pragmatics,44,0.1912,0.706,0.2708,1.0
Qwen2.5-7B-Instruct,Qwen2.5,7.6,pronouns_following_verbs_an,pragmatics,44,-0.1134,0.663,-0.171,1.0
Qwen2.5-7B-Instruct,Qwen2.5,7.6,pronouns_following_verbs_ce,pragmatics,44,0.2696,0.708,0.3808,1.0
Qwen2.5-7B-Instruct,Qwen2.5,7.6,pronouns_following_verbs_sm,pragmatics,44,-0.1417,0.443,-0.32,1.0
Qwen2.5-7B-Instruct,Qwen2.5,7.6,pronouns_following_verbs_so,pragmatics,44,-0.0678,0.509,-0.1331,1.0
Qwen2.5-7B-Instruct,Qwen2.5,7.6,pronouns_following_verbs_ve,pragmatics,45,0.1022,0.567,0.1803,1.0
Qwen2.5-7B-Instruct,Qwen2.5,7.6,quant_syn_april_13_2012_90_sentences_with_a_question_and_a_rating_code,syntax,184,0.7653,0.91,0.841,1.0
Qwen2.5-7B-Instruct,Qwen2.5,7.6,quant_syn_april_14_2012_48_sentences_with_a_question_and_a_rating_code,syntax,168,0.7565,0.96,0.788,1.0
Qwen2.5-7B-Instruct,Qwen2.5,7.6,quant_syn_april_16_2012_36_sentences_with_a_question_and_a_rating_code,syntax,126,0.7895,0.965,0.8182,1.0
Qwen2.5-7B-Instruct,Qwen2.5,7.6,quantifier_naturalness_survey_june_4_2010,syntax,192,0.5338,0.639,0.8354,1.0
Qwen2.5-7B-Instruct,Qwen2.5,7.6,quantitative_syntax_survey,syntax,129,0.5717,0.852,0.671,1.0
Qwen2.5-7B-Instruct,Qwen2.5,7.6,rating_english_sentences,syntax,240,0.7541,0.899,0.8388,1.0
Qwen2.5-7B-Instruct,Qwen2.5,7.6,reasoning_and_language_tasks_survey_code_talkative_pigeon,syntax,72,0.5603,0.941,0.5954,1.0
Qwen2.5-7B-Instruct,Qwen2.5,7.6,relative_clause_displacements_in_english_sentences,syntax,180,0.4683,0.501,0.9347,1.0
Qwen2.5-7B-Instruct,Qwen2.5,7.6,relative_clause_displacements_in_english_sentences_with_fill,syntax,93,0.4749,0.846,0.5614,1.0
Qwen2.5-7B-Instruct,Qwen2.5,7.6,replication_study_9_59,discourse,185,0.538,0.363,1.4821,1.0
Qwen2.5-7B-Instruct,Qwen2.5,7.6,richard_islands_acceptability_expt_1_april_25_2013_3,syntax,144,0.6251,0.819,0.7633,1.0
Qwen2.5-7B-Instruct,Qwen2.5,7.6,richard_islands_acceptability_expt_2_april_26_2013,syntax,228,0.845,0.92,0.9185,1.0
Qwen2.5-7B-Instruct,Qwen2.5,7.6,richard_islands_acceptability_expt_4_april_26_2013_1,syntax,100,0.8078,0.931,0.8677,1.0
Qwen2.5-7B-Instruct,Qwen2.5,7.6,richard_islands_acceptability_expt_5_april_27_2013_1,syntax,132,0.4326,0.619,0.6989,1.0
Qwen2.5-7B-Instruct,Qwen2.5,7.6,richard_islands_acceptability_expt_6_april_28_2013_while_whq_decl,syntax,100,0.8421,0.965,0.8726,1.0
Qwen2.5-7B-Instruct,Qwen2.5,7.6,russian_freezing,syntax,180,0.6986,0.898,0.778,1.0
Qwen2.5-7B-Instruct,Qwen2.5,7.6,semantics1_finalproject,sentence_semantics,96,0.8462,0.972,0.8706,1.0
Qwen2.5-7B-Instruct,Qwen2.5,7.6,semantics2_finalproject,sentence_semantics,96,0.7818,0.986,0.7929,1.0
Qwen2.5-7B-Instruct,Qwen2.5,7.6,semantics3_final_project,pragmatics,96,0.6656,0.974,0.6834,1.0
Qwen2.5-7B-Instruct,Qwen2.5,7.6,sentence_completions_and_islands_acceptability_expt_1_nov_13_2012,syntax,112,0.8119,0.969,0.8379,1.0
Qwen2.5-7B-Instruct,Qwen2.5,7.6,sentence_naturalness_isac_survey_feb_2011,syntax,304,0.7629,0.836,0.9126,1.0
Qwen2.5-7B-Instruct,Qwen2.5,7.6,sentence_naturalness_survey_acd_ratings_hackl_expt_7_oct_25_2012_1,syntax,176,0.4026,0.886,0.4544,1.0
Qwen2.5-7B-Instruct,Qwen2.5,7.6,sentence_naturalness_survey_acd_ratings_hackl_replic_expt_1_july_14_20,syntax,480,0.6294,0.864,0.7284,1.0
Qwen2.5-7B-Instruct,Qwen2.5,7.6,sentence_naturalness_survey_acd_ratings_v4_july_13_2012,syntax,176,0.5119,0.748,0.6843,1.0
Qwen2.5-7B-Instruct,Qwen2.5,7.6,sentence_naturalness_survey_acd_v1_jan_2012,discourse,128,-0.0274,0.299,-0.0916,1.0
Qwen2.5-7B-Instruct,Qwen2.5,7.6,sentence_naturalness_survey_acd_v6_oct_25_2012,discourse,128,-0.1334,0.602,-0.2216,1.0
Qwen2.5-7B-Instruct,Qwen2.5,7.6,sentence_naturalness_survey_denise_jan_12_2011_survey_code_pig_the_pig,syntax,200,0.8003,0.986,0.8116,1.0
Qwen2.5-7B-Instruct,Qwen2.5,7.6,sentence_naturalness_survey_denise_sept_8_2010_survey_code_pig_the_pig,syntax,224,0.734,0.972,0.7551,1.0
Qwen2.5-7B-Instruct,Qwen2.5,7.6,sentence_naturalness_survey_feb_16_1_2012_60_items_code_shy_armadillo,syntax,120,0.5286,0.912,0.5797,1.0
Qwen2.5-7B-Instruct,Qwen2.5,7.6,sentence_naturalness_survey_for_gs_dec_2009,pragmatics,122,0.7193,0.882,0.8155,1.0
Qwen2.5-7B-Instruct,Qwen2.5,7.6,sentence_naturalness_survey_for_gs_jan_2010,pragmatics,133,0.7009,0.906,0.7736,1.0
Qwen2.5-7B-Instruct,Qwen2.5,7.6,sentence_naturalness_survey_for_gs_jan_23_2010,pragmatics,216,0.6703,0.942,0.7116,1.0
Qwen2.5-7B-Instruct,Qwen2.5,7.6,sentence_naturalness_survey_for_gs_may_11_2011_purple_puppy,pragmatics,72,0.5156,0.873,0.5906,1.0
Qwen2.5-7B-Instruct,Qwen2.5,7.6,sentence_naturalness_survey_for_jk_april_4_2010,discourse,96,0.2859,0.886,0.3227,1.0
Qwen2.5-7B-Instruct,Qwen2.5,7.6,sentence_naturalness_survey_for_jk_april_4_expt_3_2010,discourse,96,0.4166,0.83,0.5019,1.0
Qwen2.5-7B-Instruct,Qwen2.5,7.6,sentence_naturalness_survey_for_jk_april_9_expt_4_2010,discourse,96,0.3837,0.831,0.4617,1.0
Qwen2.5-7B-Instruct,Qwen2.5,7.6,sentence_naturalness_survey_for_jk_june_24_2010_v2,discourse,176,0.4677,0.787,0.5942,1.0
Qwen2.5-7B-Instruct,Qwen2.5,7.6,sentence_naturalness_survey_for_jk_mar_2010,discourse,96,0.3061,0.88,0.3479,1.0
Qwen2.5-7B-Instruct,Qwen2.5,7.6,sentence_naturalness_survey_for_jkm_dec_2009,discourse,128,-0.028,0.18,-0.1553,1.0
Qwen2.5-7B-Instruct,Qwen2.5,7.6,sentence_naturalness_survey_for_jkm_jan_2012,discourse,128,0.0535,0.266,0.2013,1.0
Qwen2.5-7B-Instruct,Qwen2.5,7.6,sentence_naturalness_survey_for_lb_dec_2009,discourse,108,0.6291,0.832,0.7561,1.0
Qwen2.5-7B-Instruct,Qwen2.5,7.6,sentence_naturalness_survey_for_lb_feb_20_2010_v2,discourse,79,0.6458,0.951,0.6791,1.0
Qwen2.5-7B-Instruct,Qwen2.5,7.6,sentence_naturalness_survey_for_lb_jan_2011,discourse,519,0.5111,0.886,0.5769,1.0
Qwen2.5-7B-Instruct,Qwen2.5,7.6,sentence_naturalness_survey_for_lb_jan_2011_v2,discourse,519,0.1887,0.689,0.2738,1.0
Qwen2.5-7B-Instruct,Qwen2.5,7.6,sentence_naturalness_survey_for_lb_jan_2011_v3,discourse,519,0.4929,0.886,0.5563,1.0
Qwen2.5-7B-Instruct,Qwen2.5,7.6,sentence_naturalness_survey_for_lb_mar_2010_2,discourse,241,0.5591,0.935,0.5979,1.0
Qwen2.5-7B-Instruct,Qwen2.5,7.6,sentence_naturalness_survey_for_lb_mar_2010,discourse,123,0.6301,0.951,0.6626,1.0
Qwen2.5-7B-Instruct,Qwen2.5,7.6,sentence_naturalness_survey_for_lb_may_2010,discourse,148,0.5689,0.953,0.5969,1.0
Qwen2.5-7B-Instruct,Qwen2.5,7.6,sentence_naturalness_survey_for_lb_prelim_oct_2010,discourse,402,0.5773,0.882,0.6545,1.0
Qwen2.5-7B-Instruct,Qwen2.5,7.6,sentence_naturalness_survey_for_rw_dec_2009,discourse,180,0.539,0.825,0.6533,1.0
Qwen2.5-7B-Instruct,Qwen2.5,7.6,sentence_naturalness_survey_for_rw_jan_2010,discourse,480,0.5394,0.872,0.6186,1.0
Qwen2.5-7B-Instruct,Qwen2.5,7.6,sentence_naturalness_survey_laura_mar_17_2012_92_items_code_lazy_cater,sentence_semantics,368,0.775,0.883,0.8777,1.0
Qwen2.5-7B-Instruct,Qwen2.5,7.6,sentence_naturalness_survey_laura_mar_17_2012_96_items_code_lazy_cater,sentence_semantics,384,0.758,0.883,0.8584,1.0
Qwen2.5-7B-Instruct,Qwen2.5,7.6,sentence_naturalness_survey_may_4_2011_36_items_code_anxious_bat,syntax,84,0.6336,0.757,0.837,1.0
Qwen2.5-7B-Instruct,Qwen2.5,7.6,sentence_naturalness_survey_nat_aug_28_2010_survey_code_downtown,syntax,270,0.7177,0.956,0.7508,1.0
Qwen2.5-7B-Instruct,Qwen2.5,7.6,short_acceptability_feb_6_2014,syntax,128,0.5051,0.907,0.5568,1.0
Qwen2.5-7B-Instruct,Qwen2.5,7.6,susan_canonicity_rerunning_2,syntax,52,0.6963,0.95,0.733,1.0
Qwen2.5-7B-Instruct,Qwen2.5,7.6,topicalization_e1,syntax,77,0.7505,0.942,0.7967,1.0
Qwen2.5-7B-Instruct,Qwen2.5,7.6,verb_causality_study_semantics_ratings_mk_april_2010,lexical_semantics,188,0.5133,0.972,0.5281,1.0
Qwen2.5-7B-Instruct,Qwen2.5,7.6,verb_causality_study_syntax_ratings_mk_april_2010,syntax,653,0.1953,0.633,0.3086,1.0
Qwen2.5-7B-Instruct,Qwen2.5,7.6,wm2_wm5_9_59_sentence_naturalness_survey_april_2011,syntax,219,0.7259,0.839,0.8652,1.0
Qwen2.5-7B-Instruct,Qwen2.5,7.6,word3_b_word_naturalness_survey_may_4_2011_160_items_code_sleepy_bear,subword,158,0.6464,0.937,0.6899,1.0
Qwen2.5-7B-Instruct,Qwen2.5,7.6,word3_word_naturalness_survey_may_1_2011_45_items_code_nosy_badger,subword,45,0.2536,0.948,0.2675,1.0
Qwen3-0.6B,Qwen3,0.8,50_sentences_noisy_channel_may_25_2011,pragmatics,208,-0.0276,0.555,-0.0498,0.9998
Qwen3-0.6B,Qwen3,0.8,50_sentences_with_2_comp_qs_plus_rating_mar_11_2011,sentence_semantics,208,0.1002,0.588,0.1705,0.9941
Qwen3-0.6B,Qwen3,0.8,acceptability_extension_959_v5,syntax,566,0.1779,0.797,0.2232,0.9946
Qwen3-0.6B,Qwen3,0.8,acceptability_judgments_kang,syntax,136,-0.7299,0.974,-0.7493,0.9985
Qwen3-0.6B,Qwen3,0.8,acceptability_replication_959,syntax,288,0.1515,0.964,0.1571,0.9816
Qwen3-0.6B,Qwen3,0.8,acd_context_polly_1_nov_23_2012,discourse,310,-0.0319,0.462,-0.0691,0.9958
Qwen3-0.6B,Qwen3,0.8,acd_no_context_polly_1_nov_23_2012,syntax,213,0.0039,0.838,0.0046,0.9985
Qwen3-0.6B,Qwen3,0.8,acd_project_also_3_nov_24_2012_2,syntax,128,-0.3207,0.874,-0.3669,0.9987
Qwen3-0.6B,Qwen3,0.8,acd_project_expt_23_also_nov_16_2012,syntax,600,0.0636,0.825,0.0771,0.9986
Qwen3-0.6B,Qwen3,0.8,acd_project_expt_24_same_diff_verbs_nov_16_2012,syntax,472,0.0367,0.89,0.0412,0.9987
Qwen3-0.6B,Qwen3,0.8,acd_project_expt_31_same_diff_verbs_nov_16_2012_1,syntax,176,-0.2288,0.755,-0.3031,0.9987
Qwen3-0.6B,Qwen3,0.8,acd_project_expt_42_also_verbs_nov_29_2012_1,syntax,176,-0.0889,0.63,-0.141,0.9987
Qwen3-0.6B,Qwen3,0.8,acd_project_expt_44_the_same_nov_29_2012_1,syntax,140,-0.1289,0.601,-0.2144,0.9986
Qwen3-0.6B,Qwen3,0.8,acd_project_expt_45_hkv_expt_2_plaus_nov_29_2012,syntax,360,0.0239,0.774,0.0309,0.9988
Qwen3-0.6B,Qwen3,0.8,acd_project_expt_46_also_in_hkv_2_nov_29_2012_1,syntax,448,-0.0055,0.56,-0.0097,0.9987
Qwen3-0.6B,Qwen3,0.8,active_passive_sentence_naturalness_survey_july_2012,syntax,132,0.3392,0.887,0.3825,0.9985
Qwen3-0.6B,Qwen3,0.8,aixiu_coherence_en_update1,sentence_semantics,277,-0.0119,0.882,-0.0134,0.9824
Qwen3-0.6B,Qwen3,0.8,alex_paunov_literal_inferences_dec_3_2011,pragmatics,299,-0.1235,0.908,-0.1361,0.9997
Qwen3-0.6B,Qwen3,0.8,amouyal2024_plausibility,sentence_semantics,853,0.159,0.915,0.1738,0.85
Qwen3-0.6B,Qwen3,0.8,animacy_passive_dative_kyle,syntax,120,0.005,0.926,0.0054,0.9898
Qwen3-0.6B,Qwen3,0.8,anne_abeille_acceptability_july_12_2017_1,syntax,296,0.187,0.635,0.2946,0.9925
Qwen3-0.6B,Qwen3,0.8,base_acceptability_0908,syntax,73,-0.0319,0.931,-0.0343,0.999
Qwen3-0.6B,Qwen3,0.8,brief_sentence_naturalness_survey_march_2011,sentence_semantics,64,-0.2658,0.96,-0.2768,0.9984
Qwen3-0.6B,Qwen3,0.8,can_noncan_acceptability_0924,syntax,88,0.4082,0.966,0.4226,0.9992
Qwen3-0.6B,Qwen3,0.8,can_noncan_acceptability_2,syntax,88,0.3212,0.962,0.3339,0.9993
Qwen3-0.6B,Qwen3,0.8,chinese_dative,discourse,96,0.1967,0.715,0.2752,0.9999
Qwen3-0.6B,Qwen3,0.8,class_demo,syntax,44,-0.4245,0.927,-0.4579,0.9991
Qwen3-0.6B,Qwen3,0.8,clefting_e3,syntax,48,-0.2923,0.877,-0.3334,0.9993
Qwen3-0.6B,Qwen3,0.8,clefting_e4,syntax,48,-0.1127,0.969,-0.1163,0.9993
Qwen3-0.6B,Qwen3,0.8,coherence_survey_list1_main,discourse,100,0.2545,0.95,0.2679,0.9366
Qwen3-0.6B,Qwen3,0.8,coherence_survey_list2_main,discourse,100,0.1828,0.948,0.1928,0.9383
Qwen3-0.6B,Qwen3,0.8,coherence_survey_list3_main,discourse,100,0.0779,0.942,0.0827,0.9424
Qwen3-0.6B,Qwen3,0.8,coherence_survey_list4_main,discourse,100,0.1465,0.95,0.1542,0.9383
Qwen3-0.6B,Qwen3,0.8,constituency_tests_2,syntax,48,0.1189,0.836,0.1422,0.999
Qwen3-0.6B,Qwen3,0.8,constituency_tests,syntax,48,-0.2237,0.654,-0.3421,0.9991
Qwen3-0.6B,Qwen3,0.8,copy_cat_polly_june_2014,discourse,102,0.0459,0.865,0.053,0.9954
Qwen3-0.6B,Qwen3,0.8,copy_of_verb_causality_study_semantics_ratings_mk_april_2010,lexical_semantics,62,-0.2467,0.83,-0.2972,0.9978
Qwen3-0.6B,Qwen3,0.8,crossed_dependencies_long,syntax,201,-0.2867,0.899,-0.3189,0.9989
Qwen3-0.6B,Qwen3,0.8,cul_jack_april_12_2012_54_short_texts_with_two_comprehension_questions,syntax,210,-0.0414,0.896,-0.0462,0.9978
Qwen3-0.6B,Qwen3,0.8,cul_jack_sentence_naturalness_survey_april_2010,syntax,220,0.4009,0.952,0.4211,0.9984
Qwen3-0.6B,Qwen3,0.8,dative_alternation_extension_version_2,syntax,229,0.0502,0.456,0.11,0.9982
Qwen3-0.6B,Qwen3,0.8,dative_finnish,discourse,96,-0.2999,0.689,-0.4353,0.0415
Qwen3-0.6B,Qwen3,0.8,dative_turkish,discourse,96,0.2041,0.734,0.2781,0.801
Qwen3-0.6B,Qwen3,0.8,dentella2023_grammaticality,syntax,80,0.3144,0.981,0.3205,0.8984
Qwen3-0.6B,Qwen3,0.8,depth_charge_survey,sentence_semantics,188,0.1334,0.846,0.1577,0.9958
Qwen3-0.6B,Qwen3,0.8,depth_charge_with_noise,sentence_semantics,188,0.197,0.854,0.2307,0.9957
Qwen3-0.6B,Qwen3,0.8,discourse_30subjs_list1,discourse,100,0.3842,0.941,0.4083,0.9355
Qwen3-0.6B,Qwen3,0.8,discourse_30subjs_list2,discourse,100,0.1784,0.951,0.1876,0.9392
Qwen3-0.6B,Qwen3,0.8,discourse_30subjs_list3,discourse,100,0.0774,0.947,0.0818,0.9424
Qwen3-0.6B,Qwen3,0.8,discourse_30subjs_list4,discourse,100,0.1784,0.942,0.1894,0.9366
Qwen3-0.6B,Qwen3,0.8,discourse_causality_list1,discourse,100,0.252,0.935,0.2696,0.9493
Qwen3-0.6B,Qwen3,0.8,discourse_causality_list2,discourse,100,0.1831,0.952,0.1923,0.9493
Qwen3-0.6B,Qwen3,0.8,discourse_causality_list3,discourse,100,0.3239,0.933,0.3471,0.9494
Qwen3-0.6B,Qwen3,0.8,discourse_causality_list4,discourse,100,0.2504,0.955,0.2622,0.9488
Qwen3-0.6B,Qwen3,0.8,discourse_changed_0428,discourse,48,0.3469,0.953,0.364,0.9347
Qwen3-0.6B,Qwen3,0.8,discourse_coherence_list1,discourse,100,0.2611,0.943,0.2768,0.9655
Qwen3-0.6B,Qwen3,0.8,discourse_coherence_list2,discourse,100,0.0281,0.936,0.0301,0.9665
Qwen3-0.6B,Qwen3,0.8,discourse_coherence_list3,discourse,100,0.2478,0.95,0.2608,0.9666
Qwen3-0.6B,Qwen3,0.8,discourse_coherence_list4,discourse,100,0.1884,0.933,0.202,0.9667
Qwen3-0.6B,Qwen3,0.8,discourse_imagability_pairs_list1,sentence_semantics,100,0.1052,0.917,0.1147,0.9675
Qwen3-0.6B,Qwen3,0.8,discourse_imagability_pairs_list2,sentence_semantics,100,0.1984,0.946,0.2097,0.964
Qwen3-0.6B,Qwen3,0.8,discourse_imagability_singles_list1,sentence_semantics,100,0.1564,0.938,0.1667,0.9699
Qwen3-0.6B,Qwen3,0.8,discourse_imagability_singles_list2,sentence_semantics,100,0.2349,0.954,0.2463,0.968
Qwen3-0.6B,Qwen3,0.8,discourse_imagability_singles_list3,sentence_semantics,100,-0.0319,0.931,-0.0343,0.9698
Qwen3-0.6B,Qwen3,0.8,discourse_imagability_singles_list4,sentence_semantics,100,0.4109,0.948,0.4334,0.9689
Qwen3-0.6B,Qwen3,0.8,discourse_mentalizing_pairs_list1,sentence_semantics,100,0.2774,0.928,0.299,0.9788
Qwen3-0.6B,Qwen3,0.8,discourse_mentalizing_pairs_list2,sentence_semantics,100,0.2778,0.931,0.2984,0.9785
Qwen3-0.6B,Qwen3,0.8,discourse_mentalizing_singles_list1,sentence_semantics,100,0.1649,0.935,0.1763,0.9628
Qwen3-0.6B,Qwen3,0.8,discourse_mentalizing_singles_list2,sentence_semantics,100,0.375,0.925,0.4054,0.964
Qwen3-0.6B,Qwen3,0.8,discourse_mentalizing_singles_list3,sentence_semantics,100,0.0909,0.909,0.1,0.9619
Qwen3-0.6B,Qwen3,0.8,discourse_mentalizing_singles_list4,sentence_semantics,100,0.1943,0.952,0.2041,0.9635
Qwen3-0.6B,Qwen3,0.8,discourse_physics_pairs_list1,sentence_semantics,100,0.3732,0.957,0.3899,0.9727
Qwen3-0.6B,Qwen3,0.8,discourse_physics_pairs_list2,sentence_semantics,100,0.3165,0.951,0.3328,0.973
Qwen3-0.6B,Qwen3,0.8,discourse_physics_singles_list1,sentence_semantics,100,0.5073,0.943,0.538,0.9638
Qwen3-0.6B,Qwen3,0.8,discourse_physics_singles_list2,sentence_semantics,100,0.3899,0.952,0.4095,0.9659
Qwen3-0.6B,Qwen3,0.8,discourse_physics_singles_list3,sentence_semantics,100,0.3322,0.941,0.353,0.9642
Qwen3-0.6B,Qwen3,0.8,discourse_physics_singles_list4,sentence_semantics,100,0.5075,0.942,0.5388,0.964
Qwen3-0.6B,Qwen3,0.8,discourse_scenes_pairs_list1,sentence_semantics,100,0.5747,0.944,0.6088,0.9815
Qwen3-0.6B,Qwen3,0.8,discourse_scenes_pairs_list2,sentence_semantics,100,0.6202,0.95,0.6528,0.9812
Qwen3-0.6B,Qwen3,0.8,discourse_scenes_singles_list1,sentence_semantics,100,0.6002,0.944,0.6358,0.9805
Qwen3-0.6B,Qwen3,0.8,discourse_scenes_singles_list2,sentence_semantics,100,0.5862,0.949,0.6177,0.9806
Qwen3-0.6B,Qwen3,0.8,discourse_scenes_singles_list3,sentence_semantics,100,0.6077,0.966,0.6291,0.9811
Qwen3-0.6B,Qwen3,0.8,discourse_scenes_singles_list4,sentence_semantics,100,0.5913,0.964,0.6134,0.9803
Qwen3-0.6B,Qwen3,0.8,diveica2023_socialness,lexical_semantics,1000,0.1818,0.883,0.2059,0.3264
Qwen3-0.6B,Qwen3,0.8,ecog_sentences_imaginability_jan_8_2014,sentence_semantics,120,0.14,0.833,0.1681,0.9997
Qwen3-0.6B,Qwen3,0.8,ecog_sentences_naturalness_jan_8_2014_2,sentence_semantics,120,-0.017,0.727,-0.0234,0.9983
Qwen3-0.6B,Qwen3,0.8,edwards2024_spelling_to_pronunciation_transparency,subword,1000,0.0459,0.826,0.0556,0.0433
Qwen3-0.6B,Qwen3,0.8,erp_norming_error_detection_june_2013_4,syntax,323,0.3255,0.841,0.3871,0.9965
Qwen3-0.6B,Qwen3,0.8,erp_sentence_naturalness_survey_june_2013_2,syntax,483,0.3306,0.922,0.3586,0.9986
Qwen3-0.6B,Qwen3,0.8,eunice_disfluency_2_nov_17_2011,syntax,190,-0.1775,0.832,-0.2133,0.9986
Qwen3-0.6B,Qwen3,0.8,eunice_disfluency_nov_15_2011,syntax,468,-0.2429,0.807,-0.301,0.9986
Qwen3-0.6B,Qwen3,0.8,european_portuguese_rc,syntax,174,0.0889,0.84,0.1058,0.9946
Qwen3-0.6B,Qwen3,0.8,european_portuguese_wh,syntax,174,-0.0792,0.893,-0.0887,0.9941
Qwen3-0.6B,Qwen3,0.8,extension,syntax,138,0.109,0.872,0.125,0.981
Qwen3-0.6B,Qwen3,0.8,gabriel_rc,syntax,174,0.2011,0.818,0.2458,0.9946
Qwen3-0.6B,Qwen3,0.8,gabriel_wh,syntax,174,-0.1396,0.902,-0.1548,0.9941
Qwen3-0.6B,Qwen3,0.8,giurgea2025_motivation,lexical_semantics,1000,0.1689,0.856,0.1973,0.5116
Qwen3-0.6B,Qwen3,0.8,huang_response_set1a,syntax,288,-0.0158,0.966,-0.0163,0.9893
Qwen3-0.6B,Qwen3,0.8,huang_response_set1b,syntax,288,-0.0376,0.964,-0.039,0.9889
Qwen3-0.6B,Qwen3,0.8,huang_response_set2a,syntax,288,-0.1623,0.97,-0.1673,0.9891
Qwen3-0.6B,Qwen3,0.8,huang_response_set2a_declaratives,syntax,288,-0.1484,0.97,-0.153,0.9893
Qwen3-0.6B,Qwen3,0.8,huang_response_set2b,syntax,288,-0.1053,0.97,-0.1086,0.9891
Qwen3-0.6B,Qwen3,0.8,huang_response_set2b_declaratives,syntax,288,-0.24,0.974,-0.2464,0.9898
Qwen3-0.6B,Qwen3,0.8,imperative_control_iad_gs_may_16_2011_purple_puppy,pragmatics,96,-0.0116,0.86,-0.0135,0.9985
Qwen3-0.6B,Qwen3,0.8,isac_sentence_naturalness_survey_feb_2011_64_items_survey_code_giant_c,syntax,256,-0.0539,0.885,-0.0609,0.9882
Qwen3-0.6B,Qwen3,0.8,islands_acceptability_expt_2_dec_2_2012,syntax,480,-0.2924,0.874,-0.3345,0.9985
Qwen3-0.6B,Qwen3,0.8,italian_dative_v2,discourse,192,0.0463,0.604,0.0767,0.9859
Qwen3-0.6B,Qwen3,0.8,italian_locative_v7,discourse,192,-0.032,0.66,-0.0485,0.9929
Qwen3-0.6B,Qwen3,0.8,lancaster2020_auditory,lexical_semantics,1000,-0.0122,0.831,-0.0146,0.9776
Qwen3-0.6B,Qwen3,0.8,lancaster2020_foot_leg,lexical_semantics,1000,0.0385,0.729,0.0528,0.9901
Qwen3-0.6B,Qwen3,0.8,lancaster2020_gustatory,lexical_semantics,1000,0.1668,0.545,0.3061,0.9823
Qwen3-0.6B,Qwen3,0.8,lancaster2020_hand_arm,lexical_semantics,1000,0.1671,0.783,0.2134,0.989
Qwen3-0.6B,Qwen3,0.8,lancaster2020_haptic,lexical_semantics,1000,0.1766,0.808,0.2186,0.9851
Qwen3-0.6B,Qwen3,0.8,lancaster2020_head,lexical_semantics,1000,0.056,0.57,0.0983,0.9889
Qwen3-0.6B,Qwen3,0.8,lancaster2020_interoceptive,lexical_semantics,1000,-0.0245,0.778,-0.0315,0.9857
Qwen3-0.6B,Qwen3,0.8,lancaster2020_mouth,lexical_semantics,1000,-0.0092,0.777,-0.0119,0.9904
Qwen3-0.6B,Qwen3,0.8,lancaster2020_olfactory,lexical_semantics,1000,0.1547,0.622,0.2487,0.983
Qwen3-0.6B,Qwen3,0.8,lancaster2020_torso,lexical_semantics,1000,0.0283,0.675,0.0419,0.9895
Qwen3-0.6B,Qwen3,0.8,lancaster2020_visual,lexical_semantics,1000,0.1759,0.767,0.2293,0.9856
Qwen3-0.6B,Qwen3,0.8,lauren_sentence_naturalness_survey_expt3_nov_17_2011,syntax,460,-0.1262,0.633,-0.1993,0.9985
Qwen3-0.6B,Qwen3,0.8,lauren_sentence_naturalness_survey_expt_2_nov_15_2011,syntax,252,0.0581,0.712,0.0815,0.9985
Qwen3-0.6B,Qwen3,0.8,lauren_sentence_naturalness_survey_oct_14_2011,syntax,360,-0.0187,0.703,-0.0266,0.9985
Qwen3-0.6B,Qwen3,0.8,lexical_frame_adjectives_likert_set1,syntax,384,0.3526,0.83,0.4248,0.9991
Qwen3-0.6B,Qwen3,0.8,lexical_frame_adjectives_likert_set2,syntax,384,0.3086,0.744,0.4147,0.999
Qwen3-0.6B,Qwen3,0.8,lexical_frame_adjectives_likert_set3,syntax,384,0.445,0.873,0.5097,0.9991
Qwen3-0.6B,Qwen3,0.8,locative_topicalization_survey,discourse,229,0.0423,0.777,0.0545,0.9965
Qwen3-0.6B,Qwen3,0.8,massive_mem_arousal_mar_2013,lexical_semantics,1000,0.1271,0.883,0.144,0.9969
Qwen3-0.6B,Qwen3,0.8,massive_mem_arousal_mar_2013_end_2,lexical_semantics,242,0.2078,0.85,0.2444,0.9969
Qwen3-0.6B,Qwen3,0.8,massive_mem_arousal_mar_2014,lexical_semantics,1000,0.1993,0.863,0.231,0.9966
Qwen3-0.6B,Qwen3,0.8,massive_mem_arousal_mar_2014_end_1,lexical_semantics,242,0.2922,0.886,0.3298,0.9966
Qwen3-0.6B,Qwen3,0.8,massive_mem_concreteness_mar_2013,lexical_semantics,1000,0.2419,0.956,0.2531,0.9996
Qwen3-0.6B,Qwen3,0.8,massive_mem_concreteness_mar_2013_end_1,lexical_semantics,242,-0.0088,0.959,-0.0092,0.9996
Qwen3-0.6B,Qwen3,0.8,massive_mem_concreteness_mar_2014,lexical_semantics,1000,0.0969,0.952,0.1018,0.9994
Qwen3-0.6B,Qwen3,0.8,massive_mem_concreteness_mar_2014_end_1,lexical_semantics,242,0.1628,0.955,0.1704,0.9994
Qwen3-0.6B,Qwen3,0.8,massive_mem_imageability_mar_2013,lexical_semantics,1000,-0.1144,0.961,-0.119,0.9996
Qwen3-0.6B,Qwen3,0.8,massive_mem_imageability_mar_2013_end_1,lexical_semantics,242,-0.212,0.963,-0.2201,0.9996
Qwen3-0.6B,Qwen3,0.8,massive_mem_imageability_mar_2014,lexical_semantics,1000,0.039,0.948,0.0411,0.9995
Qwen3-0.6B,Qwen3,0.8,massive_mem_imageability_mar_2014_end_1,lexical_semantics,242,0.0615,0.964,0.0638,0.9995
Qwen3-0.6B,Qwen3,0.8,massive_mem_valence_mar_2013,lexical_semantics,1000,-0.0468,0.948,-0.0494,0.9974
Qwen3-0.6B,Qwen3,0.8,massive_mem_valence_mar_2013_end_1,lexical_semantics,242,-0.2119,0.966,-0.2193,0.9975
Qwen3-0.6B,Qwen3,0.8,massive_mem_valence_mar_2014,lexical_semantics,1000,0.0285,0.961,0.0297,0.9963
Qwen3-0.6B,Qwen3,0.8,massive_mem_valence_mar_2014_end_1,lexical_semantics,242,0.0081,0.959,0.0084,0.9965
Qwen3-0.6B,Qwen3,0.8,melissa_short_naturalness_test,sentence_semantics,24,0.3371,0.968,0.3482,0.9988
Qwen3-0.6B,Qwen3,0.8,missing_vp_extension_0501_final,syntax,72,0.1433,0.741,0.1934,0.9967
Qwen3-0.6B,Qwen3,0.8,missing_vp_extension,syntax,80,0.3687,0.881,0.4185,0.9976
Qwen3-0.6B,Qwen3,0.8,missing_vp_rereplication,syntax,72,-0.2848,0.707,-0.4028,0.9972
Qwen3-0.6B,Qwen3,0.8,mk_grammaticality_study_7_20,syntax,1000,-0.0815,0.876,-0.093,0.9984
Qwen3-0.6B,Qwen3,0.8,muraki2023_concreteness,lexical_semantics,1000,-0.1688,0.829,-0.2036,0.8926
Qwen3-0.6B,Qwen3,0.8,noisy_channel_acceptability_1_sept_2013_1,syntax,496,0.1213,0.921,0.1317,0.9986
Qwen3-0.6B,Qwen3,0.8,noisy_channel_acceptability_2_sept_2013,syntax,380,0.0877,0.965,0.0909,0.9986
Qwen3-0.6B,Qwen3,0.8,noisy_rc_norming_oct19,sentence_semantics,128,0.052,0.838,0.062,0.9987
Qwen3-0.6B,Qwen3,0.8,of_acceptability_2,syntax,88,0.1739,0.951,0.1829,0.9993
Qwen3-0.6B,Qwen3,0.8,orange_camel_sentence_naturalness_survey_nov_2010,discourse,144,0.0137,0.861,0.0159,0.9996
Qwen3-0.6B,Qwen3,0.8,orc_lauren_sentence_naturalness_survey_july_2012,syntax,192,-0.3875,0.948,-0.4087,0.9985
Qwen3-0.6B,Qwen3,0.8,p_p_sentence_naturalness_survey_aug_2010,syntax,252,-0.1612,0.859,-0.1877,0.9985
Qwen3-0.6B,Qwen3,0.8,p_p_sentence_naturalness_survey_dec_2009,syntax,324,0.0192,0.95,0.0202,0.9986
Qwen3-0.6B,Qwen3,0.8,p_p_sentence_naturalness_survey_feb,syntax,614,-0.2047,0.664,-0.3083,0.9986
Qwen3-0.6B,Qwen3,0.8,p_p_sentence_naturalness_survey_june_2013_v3,syntax,242,-0.0126,0.928,-0.0135,0.9959
Qwen3-0.6B,Qwen3,0.8,paris_judgments_3_dec_2012,syntax,477,-0.2893,0.845,-0.3424,0.9985
Qwen3-0.6B,Qwen3,0.8,pascal_1_dec_2012,syntax,544,0.0603,0.066,0.913,0.9994
Qwen3-0.6B,Qwen3,0.8,presup_survey_1_acd_july_2012,pragmatics,240,-0.0531,0.83,-0.064,0.9998
Qwen3-0.6B,Qwen3,0.8,presup_survey_2_acd_july_2012,pragmatics,240,-0.0372,0.665,-0.056,0.9998
Qwen3-0.6B,Qwen3,0.8,pronouns_following_verbs,pragmatics,44,0.0669,0.706,0.0948,0.9664
Qwen3-0.6B,Qwen3,0.8,pronouns_following_verbs_an,pragmatics,44,-0.1443,0.663,-0.2177,0.9801
Qwen3-0.6B,Qwen3,0.8,pronouns_following_verbs_ce,pragmatics,44,0.0714,0.708,0.1009,0.97
Qwen3-0.6B,Qwen3,0.8,pronouns_following_verbs_sm,pragmatics,44,-0.1358,0.443,-0.3066,0.9804
Qwen3-0.6B,Qwen3,0.8,pronouns_following_verbs_so,pragmatics,44,0.0787,0.509,0.1545,0.9774
Qwen3-0.6B,Qwen3,0.8,pronouns_following_verbs_ve,pragmatics,45,-0.015,0.567,-0.0265,0.9689
Qwen3-0.6B,Qwen3,0.8,quant_syn_april_13_2012_90_sentences_with_a_question_and_a_rating_code,syntax,184,0.1572,0.91,0.1728,0.9874
Qwen3-0.6B,Qwen3,0.8,quant_syn_april_14_2012_48_sentences_with_a_question_and_a_rating_code,syntax,168,0.2175,0.96,0.2266,0.9871
Qwen3-0.6B,Qwen3,0.8,quant_syn_april_16_2012_36_sentences_with_a_question_and_a_rating_code,syntax,126,0.1215,0.965,0.1259,0.9871
Qwen3-0.6B,Qwen3,0.8,quantifier_naturalness_survey_june_4_2010,syntax,192,-0.2041,0.639,-0.3194,0.9986
Qwen3-0.6B,Qwen3,0.8,quantitative_syntax_survey,syntax,129,0.1235,0.852,0.1449,0.9996
Qwen3-0.6B,Qwen3,0.8,rating_english_sentences,syntax,240,0.1758,0.899,0.1955,0.9761
Qwen3-0.6B,Qwen3,0.8,reasoning_and_language_tasks_survey_code_talkative_pigeon,syntax,72,-0.0973,0.941,-0.1034,0.9902
Qwen3-0.6B,Qwen3,0.8,relative_clause_displacements_in_english_sentences,syntax,180,-0.4164,0.501,-0.8311,0.9988
Qwen3-0.6B,Qwen3,0.8,relative_clause_displacements_in_english_sentences_with_fill,syntax,93,-0.4903,0.846,-0.5795,0.9987
Qwen3-0.6B,Qwen3,0.8,replication_study_9_59,discourse,185,-0.0479,0.363,-0.132,0.9974
Qwen3-0.6B,Qwen3,0.8,richard_islands_acceptability_expt_1_april_25_2013_3,syntax,144,-0.1177,0.819,-0.1438,0.9985
Qwen3-0.6B,Qwen3,0.8,richard_islands_acceptability_expt_2_april_26_2013,syntax,228,0.1081,0.92,0.1174,0.9985
Qwen3-0.6B,Qwen3,0.8,richard_islands_acceptability_expt_4_april_26_2013_1,syntax,100,0.1968,0.931,0.2114,0.9985
Qwen3-0.6B,Qwen3,0.8,richard_islands_acceptability_expt_5_april_27_2013_1,syntax,132,-0.0986,0.619,-0.1592,0.9985
Qwen3-0.6B,Qwen3,0.8,richard_islands_acceptability_expt_6_april_28_2013_while_whq_decl,syntax,100,0.1726,0.965,0.1788,0.9985
Qwen3-0.6B,Qwen3,0.8,russian_freezing,syntax,180,-0.0559,0.898,-0.0622,0.8744
Qwen3-0.6B,Qwen3,0.8,semantics1_finalproject,sentence_semantics,96,0.1798,0.972,0.185,0.995
Qwen3-0.6B,Qwen3,0.8,semantics2_finalproject,sentence_semantics,96,-0.0497,0.986,-0.0504,0.995
Qwen3-0.6B,Qwen3,0.8,semantics3_final_project,pragmatics,96,0.0194,0.974,0.0199,0.9987
Qwen3-0.6B,Qwen3,0.8,sentence_completions_and_islands_acceptability_expt_1_nov_13_2012,syntax,112,0.186,0.969,0.192,0.9985
Qwen3-0.6B,Qwen3,0.8,sentence_naturalness_isac_survey_feb_2011,syntax,304,0.2573,0.836,0.3078,0.9986
Qwen3-0.6B,Qwen3,0.8,sentence_naturalness_survey_acd_ratings_hackl_expt_7_oct_25_2012_1,syntax,176,-0.114,0.886,-0.1287,0.9984
Qwen3-0.6B,Qwen3,0.8,sentence_naturalness_survey_acd_ratings_hackl_replic_expt_1_july_14_20,syntax,480,0.172,0.864,0.1991,0.9987
Qwen3-0.6B,Qwen3,0.8,sentence_naturalness_survey_acd_ratings_v4_july_13_2012,syntax,176,0.2161,0.748,0.2889,0.9984
Qwen3-0.6B,Qwen3,0.8,sentence_naturalness_survey_acd_v1_jan_2012,discourse,128,0.0726,0.299,0.2428,0.9977
Qwen3-0.6B,Qwen3,0.8,sentence_naturalness_survey_acd_v6_oct_25_2012,discourse,128,-0.0294,0.602,-0.0488,0.9978
Qwen3-0.6B,Qwen3,0.8,sentence_naturalness_survey_denise_jan_12_2011_survey_code_pig_the_pig,syntax,200,0.0985,0.986,0.0999,0.9888
Qwen3-0.6B,Qwen3,0.8,sentence_naturalness_survey_denise_sept_8_2010_survey_code_pig_the_pig,syntax,224,0.0413,0.972,0.0424,0.9888
Qwen3-0.6B,Qwen3,0.8,sentence_naturalness_survey_feb_16_1_2012_60_items_code_shy_armadillo,syntax,120,-0.4026,0.912,-0.4415,0.9904
Qwen3-0.6B,Qwen3,0.8,sentence_naturalness_survey_for_gs_dec_2009,pragmatics,122,0.094,0.882,0.1066,0.9975
Qwen3-0.6B,Qwen3,0.8,sentence_naturalness_survey_for_gs_jan_2010,pragmatics,133,0.052,0.906,0.0574,0.998
Qwen3-0.6B,Qwen3,0.8,sentence_naturalness_survey_for_gs_jan_23_2010,pragmatics,216,0.0056,0.942,0.0059,0.9982
Qwen3-0.6B,Qwen3,0.8,sentence_naturalness_survey_for_gs_may_11_2011_purple_puppy,pragmatics,72,-0.0445,0.873,-0.0509,0.9978
Qwen3-0.6B,Qwen3,0.8,sentence_naturalness_survey_for_jk_april_4_2010,discourse,96,-0.0936,0.886,-0.1056,0.9998
Qwen3-0.6B,Qwen3,0.8,sentence_naturalness_survey_for_jk_april_4_expt_3_2010,discourse,96,0.0431,0.83,0.0519,0.9997
Qwen3-0.6B,Qwen3,0.8,sentence_naturalness_survey_for_jk_april_9_expt_4_2010,discourse,96,-0.0812,0.831,-0.0977,0.9997
Qwen3-0.6B,Qwen3,0.8,sentence_naturalness_survey_for_jk_june_24_2010_v2,discourse,176,-0.0174,0.787,-0.0221,0.9997
Qwen3-0.6B,Qwen3,0.8,sentence_naturalness_survey_for_jk_mar_2010,discourse,96,-0.1967,0.88,-0.2236,0.9997
Qwen3-0.6B,Qwen3,0.8,sentence_naturalness_survey_for_jkm_dec_2009,discourse,128,-0.0833,0.18,-0.4626,0.9997
Qwen3-0.6B,Qwen3,0.8,sentence_naturalness_survey_for_jkm_jan_2012,discourse,128,0.0046,0.266,0.0173,0.9977
Qwen3-0.6B,Qwen3,0.8,sentence_naturalness_survey_for_lb_dec_2009,discourse,108,-0.076,0.832,-0.0913,0.9997
Qwen3-0.6B,Qwen3,0.8,sentence_naturalness_survey_for_lb_feb_20_2010_v2,discourse,79,0.1415,0.951,0.1488,0.9998
Qwen3-0.6B,Qwen3,0.8,sentence_naturalness_survey_for_lb_jan_2011,discourse,519,0.0104,0.886,0.0118,0.9998
Qwen3-0.6B,Qwen3,0.8,sentence_naturalness_survey_for_lb_jan_2011_v2,discourse,519,0.0062,0.689,0.009,0.9994
Qwen3-0.6B,Qwen3,0.8,sentence_naturalness_survey_for_lb_jan_2011_v3,discourse,519,0.0515,0.886,0.0581,0.9998
Qwen3-0.6B,Qwen3,0.8,sentence_naturalness_survey_for_lb_mar_2010_2,discourse,241,0.1073,0.935,0.1148,0.9997
Qwen3-0.6B,Qwen3,0.8,sentence_naturalness_survey_for_lb_mar_2010,discourse,123,0.0704,0.951,0.0741,0.9997
Qwen3-0.6B,Qwen3,0.8,sentence_naturalness_survey_for_lb_may_2010,discourse,148,-0.0224,0.953,-0.0235,0.9997
Qwen3-0.6B,Qwen3,0.8,sentence_naturalness_survey_for_lb_prelim_oct_2010,discourse,402,0.0146,0.882,0.0165,0.9997
Qwen3-0.6B,Qwen3,0.8,sentence_naturalness_survey_for_rw_dec_2009,discourse,180,-0.3165,0.825,-0.3836,0.9997
Qwen3-0.6B,Qwen3,0.8,sentence_naturalness_survey_for_rw_jan_2010,discourse,480,-0.3044,0.872,-0.3491,0.9997
Qwen3-0.6B,Qwen3,0.8,sentence_naturalness_survey_laura_mar_17_2012_92_items_code_lazy_cater,sentence_semantics,368,0.1494,0.883,0.1692,0.9879
Qwen3-0.6B,Qwen3,0.8,sentence_naturalness_survey_laura_mar_17_2012_96_items_code_lazy_cater,sentence_semantics,384,0.0794,0.883,0.0899,0.9878
Qwen3-0.6B,Qwen3,0.8,sentence_naturalness_survey_may_4_2011_36_items_code_anxious_bat,syntax,84,0.1482,0.757,0.1957,0.9876
Qwen3-0.6B,Qwen3,0.8,sentence_naturalness_survey_nat_aug_28_2010_survey_code_downtown,syntax,270,-0.1126,0.956,-0.1178,0.9893
Qwen3-0.6B,Qwen3,0.8,short_acceptability_feb_6_2014,syntax,128,-0.1783,0.907,-0.1965,0.9985
Qwen3-0.6B,Qwen3,0.8,susan_canonicity_rerunning_2,syntax,52,0.1925,0.95,0.2026,0.9993
Qwen3-0.6B,Qwen3,0.8,topicalization_e1,syntax,77,0.3676,0.942,0.3902,0.9991
Qwen3-0.6B,Qwen3,0.8,verb_causality_study_semantics_ratings_mk_april_2010,lexical_semantics,188,-0.0867,0.972,-0.0892,0.998
Qwen3-0.6B,Qwen3,0.8,verb_causality_study_syntax_ratings_mk_april_2010,syntax,653,0.0849,0.633,0.1341,0.9984
Qwen3-0.6B,Qwen3,0.8,wm2_wm5_9_59_sentence_naturalness_survey_april_2011,syntax,219,-0.0128,0.839,-0.0153,0.9984
Qwen3-0.6B,Qwen3,0.8,word3_b_word_naturalness_survey_may_4_2011_160_items_code_sleepy_bear,subword,158,0.4056,0.937,0.4329,0.9932
Qwen3-0.6B,Qwen3,0.8,word3_word_naturalness_survey_may_1_2011_45_items_code_nosy_badger,subword,45,0.3321,0.948,0.3503,0.9938
Qwen3-1.7B,Qwen3,2.0,50_sentences_noisy_channel_may_25_2011,pragmatics,208,0.0559,0.555,0.1007,1.0
Qwen3-1.7B,Qwen3,2.0,50_sentences_with_2_comp_qs_plus_rating_mar_11_2011,sentence_semantics,208,-0.0109,0.588,-0.0185,1.0
Qwen3-1.7B,Qwen3,2.0,acceptability_extension_959_v5,syntax,566,0.6406,0.797,0.8038,1.0
Qwen3-1.7B,Qwen3,2.0,acceptability_judgments_kang,syntax,136,-0.4973,0.974,-0.5105,1.0
Qwen3-1.7B,Qwen3,2.0,acceptability_replication_959,syntax,288,0.8424,0.964,0.8738,1.0
Qwen3-1.7B,Qwen3,2.0,acd_context_polly_1_nov_23_2012,discourse,310,-0.0355,0.462,-0.0768,1.0
Qwen3-1.7B,Qwen3,2.0,acd_no_context_polly_1_nov_23_2012,syntax,213,0.3561,0.838,0.425,1.0
Qwen3-1.7B,Qwen3,2.0,acd_project_also_3_nov_24_2012_2,syntax,128,0.3028,0.874,0.3465,1.0
Qwen3-1.7B,Qwen3,2.0,acd_project_expt_23_also_nov_16_2012,syntax,600,0.3945,0.825,0.4781,1.0
Qwen3-1.7B,Qwen3,2.0,acd_project_expt_24_same_diff_verbs_nov_16_2012,syntax,472,0.3752,0.89,0.4216,1.0
Qwen3-1.7B,Qwen3,2.0,acd_project_expt_31_same_diff_verbs_nov_16_2012_1,syntax,176,0.2624,0.755,0.3475,1.0
Qwen3-1.7B,Qwen3,2.0,acd_project_expt_42_also_verbs_nov_29_2012_1,syntax,176,0.3681,0.63,0.5842,1.0
Qwen3-1.7B,Qwen3,2.0,acd_project_expt_44_the_same_nov_29_2012_1,syntax,140,0.4211,0.601,0.7006,1.0
Qwen3-1.7B,Qwen3,2.0,acd_project_expt_45_hkv_expt_2_plaus_nov_29_2012,syntax,360,0.137,0.774,0.177,1.0
Qwen3-1.7B,Qwen3,2.0,acd_project_expt_46_also_in_hkv_2_nov_29_2012_1,syntax,448,0.1344,0.56,0.24,1.0
Qwen3-1.7B,Qwen3,2.0,active_passive_sentence_naturalness_survey_july_2012,syntax,132,0.4794,0.887,0.5404,1.0
Qwen3-1.7B,Qwen3,2.0,aixiu_coherence_en_update1,sentence_semantics,277,0.7399,0.882,0.8389,1.0
Qwen3-1.7B,Qwen3,2.0,alex_paunov_literal_inferences_dec_3_2011,pragmatics,299,-0.0077,0.908,-0.0085,1.0
Qwen3-1.7B,Qwen3,2.0,amouyal2024_plausibility,sentence_semantics,853,0.4676,0.915,0.511,1.0
Qwen3-1.7B,Qwen3,2.0,animacy_passive_dative_kyle,syntax,120,0.3024,0.926,0.3266,1.0
Qwen3-1.7B,Qwen3,2.0,anne_abeille_acceptability_july_12_2017_1,syntax,296,0.1607,0.635,0.2531,1.0
Qwen3-1.7B,Qwen3,2.0,base_acceptability_0908,syntax,73,-0.2763,0.931,-0.2968,1.0
Qwen3-1.7B,Qwen3,2.0,brief_sentence_naturalness_survey_march_2011,sentence_semantics,64,0.1118,0.96,0.1165,1.0
Qwen3-1.7B,Qwen3,2.0,can_noncan_acceptability_0924,syntax,88,0.7052,0.966,0.73,1.0
Qwen3-1.7B,Qwen3,2.0,can_noncan_acceptability_2,syntax,88,0.7003,0.962,0.728,1.0
Qwen3-1.7B,Qwen3,2.0,chinese_dative,discourse,96,0.292,0.715,0.4084,1.0
Qwen3-1.7B,Qwen3,2.0,class_demo,syntax,44,0.0802,0.927,0.0865,1.0
Qwen3-1.7B,Qwen3,2.0,clefting_e3,syntax,48,0.0245,0.877,0.028,1.0
Qwen3-1.7B,Qwen3,2.0,clefting_e4,syntax,48,-0.0088,0.969,-0.009,1.0
Qwen3-1.7B,Qwen3,2.0,coherence_survey_list1_main,discourse,100,0.5008,0.95,0.5272,1.0
Qwen3-1.7B,Qwen3,2.0,coherence_survey_list2_main,discourse,100,0.3518,0.948,0.3711,1.0
Qwen3-1.7B,Qwen3,2.0,coherence_survey_list3_main,discourse,100,0.3314,0.942,0.3518,1.0
Qwen3-1.7B,Qwen3,2.0,coherence_survey_list4_main,discourse,100,0.301,0.95,0.3169,1.0
Qwen3-1.7B,Qwen3,2.0,constituency_tests_2,syntax,48,0.4038,0.836,0.4831,1.0
Qwen3-1.7B,Qwen3,2.0,constituency_tests,syntax,48,0.0689,0.654,0.1053,1.0
Qwen3-1.7B,Qwen3,2.0,copy_cat_polly_june_2014,discourse,102,0.0526,0.865,0.0609,0.9436
Qwen3-1.7B,Qwen3,2.0,copy_of_verb_causality_study_semantics_ratings_mk_april_2010,lexical_semantics,62,0.3502,0.83,0.4219,1.0
Qwen3-1.7B,Qwen3,2.0,crossed_dependencies_long,syntax,201,0.185,0.899,0.2058,1.0
Qwen3-1.7B,Qwen3,2.0,cul_jack_april_12_2012_54_short_texts_with_two_comprehension_questions,syntax,210,0.2395,0.896,0.2673,1.0
Qwen3-1.7B,Qwen3,2.0,cul_jack_sentence_naturalness_survey_april_2010,syntax,220,0.3429,0.952,0.3601,1.0
Qwen3-1.7B,Qwen3,2.0,dative_alternation_extension_version_2,syntax,229,0.3396,0.456,0.7448,1.0
Qwen3-1.7B,Qwen3,2.0,dative_finnish,discourse,96,-0.0944,0.689,-0.137,0.0032
Qwen3-1.7B,Qwen3,2.0,dative_turkish,discourse,96,0.0284,0.734,0.0388,1.0
Qwen3-1.7B,Qwen3,2.0,dentella2023_grammaticality,syntax,80,0.4221,0.981,0.4303,1.0
Qwen3-1.7B,Qwen3,2.0,depth_charge_survey,sentence_semantics,188,0.039,0.846,0.046,1.0
Qwen3-1.7B,Qwen3,2.0,depth_charge_with_noise,sentence_semantics,188,0.1345,0.854,0.1574,1.0
Qwen3-1.7B,Qwen3,2.0,discourse_30subjs_list1,discourse,100,0.516,0.941,0.5483,1.0
Qwen3-1.7B,Qwen3,2.0,discourse_30subjs_list2,discourse,100,0.4017,0.951,0.4224,1.0
Qwen3-1.7B,Qwen3,2.0,discourse_30subjs_list3,discourse,100,0.318,0.947,0.3358,1.0
Qwen3-1.7B,Qwen3,2.0,discourse_30subjs_list4,discourse,100,0.3348,0.942,0.3554,1.0
Qwen3-1.7B,Qwen3,2.0,discourse_causality_list1,discourse,100,0.5543,0.935,0.5929,1.0
Qwen3-1.7B,Qwen3,2.0,discourse_causality_list2,discourse,100,0.5243,0.952,0.5507,1.0
Qwen3-1.7B,Qwen3,2.0,discourse_causality_list3,discourse,100,0.4865,0.933,0.5215,1.0
Qwen3-1.7B,Qwen3,2.0,discourse_causality_list4,discourse,100,0.576,0.955,0.6031,1.0
Qwen3-1.7B,Qwen3,2.0,discourse_changed_0428,discourse,48,0.4491,0.953,0.4712,1.0
Qwen3-1.7B,Qwen3,2.0,discourse_coherence_list1,discourse,100,0.7779,0.943,0.825,1.0
Qwen3-1.7B,Qwen3,2.0,discourse_coherence_list2,discourse,100,0.594,0.936,0.6347,1.0
Qwen3-1.7B,Qwen3,2.0,discourse_coherence_list3,discourse,100,0.7506,0.95,0.7901,1.0
Qwen3-1.7B,Qwen3,2.0,discourse_coherence_list4,discourse,100,0.6321,0.933,0.6775,1.0
Qwen3-1.7B,Qwen3,2.0,discourse_imagability_pairs_list1,sentence_semantics,100,0.1237,0.917,0.1349,1.0
Qwen3-1.7B,Qwen3,2.0,discourse_imagability_pairs_list2,sentence_semantics,100,0.2572,0.946,0.2718,1.0
Qwen3-1.7B,Qwen3,2.0,discourse_imagability_singles_list1,sentence_semantics,100,0.4468,0.938,0.4763,1.0
Qwen3-1.7B,Qwen3,2.0,discourse_imagability_singles_list2,sentence_semantics,100,0.6261,0.954,0.6563,1.0
Qwen3-1.7B,Qwen3,2.0,discourse_imagability_singles_list3,sentence_semantics,100,0.4449,0.931,0.4779,1.0
Qwen3-1.7B,Qwen3,2.0,discourse_imagability_singles_list4,sentence_semantics,100,0.5821,0.948,0.6141,1.0
Qwen3-1.7B,Qwen3,2.0,discourse_mentalizing_pairs_list1,sentence_semantics,100,0.4366,0.928,0.4705,1.0
Qwen3-1.7B,Qwen3,2.0,discourse_mentalizing_pairs_list2,sentence_semantics,100,0.2071,0.931,0.2225,1.0
Qwen3-1.7B,Qwen3,2.0,discourse_mentalizing_singles_list1,sentence_semantics,100,0.5561,0.935,0.5947,1.0
Qwen3-1.7B,Qwen3,2.0,discourse_mentalizing_singles_list2,sentence_semantics,100,0.6629,0.925,0.7166,1.0
Qwen3-1.7B,Qwen3,2.0,discourse_mentalizing_singles_list3,sentence_semantics,100,0.4861,0.909,0.5347,1.0
Qwen3-1.7B,Qwen3,2.0,discourse_mentalizing_singles_list4,sentence_semantics,100,0.4784,0.952,0.5025,1.0
Qwen3-1.7B,Qwen3,2.0,discourse_physics_pairs_list1,sentence_semantics,100,0.3412,0.957,0.3566,1.0
Qwen3-1.7B,Qwen3,2.0,discourse_physics_pairs_list2,sentence_semantics,100,0.6014,0.951,0.6323,1.0
Qwen3-1.7B,Qwen3,2.0,discourse_physics_singles_list1,sentence_semantics,100,0.7779,0.943,0.8249,1.0
Qwen3-1.7B,Qwen3,2.0,discourse_physics_singles_list2,sentence_semantics,100,0.5377,0.952,0.5648,1.0
Qwen3-1.7B,Qwen3,2.0,discourse_physics_singles_list3,sentence_semantics,100,0.7709,0.941,0.8193,1.0
Qwen3-1.7B,Qwen3,2.0,discourse_physics_singles_list4,sentence_semantics,100,0.7248,0.942,0.7695,1.0
Qwen3-1.7B,Qwen3,2.0,discourse_scenes_pairs_list1,sentence_semantics,100,0.7545,0.944,0.7993,1.0
Qwen3-1.7B,Qwen3,2.0,discourse_scenes_pairs_list2,sentence_semantics,100,0.8141,0.95,0.8569,1.0
Qwen3-1.7B,Qwen3,2.0,discourse_scenes_singles_list1,sentence_semantics,100,0.8022,0.944,0.8498,1.0
Qwen3-1.7B,Qwen3,2.0,discourse_scenes_singles_list2,sentence_semantics,100,0.7427,0.949,0.7826,1.0
Qwen3-1.7B,Qwen3,2.0,discourse_scenes_singles_list3,sentence_semantics,100,0.7746,0.966,0.8019,1.0
Qwen3-1.7B,Qwen3,2.0,discourse_scenes_singles_list4,sentence_semantics,100,0.7399,0.964,0.7675,1.0
Qwen3-1.7B,Qwen3,2.0,diveica2023_socialness,lexical_semantics,1000,0.6726,0.883,0.7618,0.9996
Qwen3-1.7B,Qwen3,2.0,ecog_sentences_imaginability_jan_8_2014,sentence_semantics,120,-0.0678,0.833,-0.0814,1.0
Qwen3-1.7B,Qwen3,2.0,ecog_sentences_naturalness_jan_8_2014_2,sentence_semantics,120,0.0734,0.727,0.1009,1.0
Qwen3-1.7B,Qwen3,2.0,edwards2024_spelling_to_pronunciation_transparency,subword,1000,0.5157,0.826,0.6244,0.9997
Qwen3-1.7B,Qwen3,2.0,erp_norming_error_detection_june_2013_4,syntax,323,0.1606,0.841,0.191,1.0
Qwen3-1.7B,Qwen3,2.0,erp_sentence_naturalness_survey_june_2013_2,syntax,483,0.6881,0.922,0.7464,1.0
Qwen3-1.7B,Qwen3,2.0,eunice_disfluency_2_nov_17_2011,syntax,190,-0.0562,0.832,-0.0676,1.0
Qwen3-1.7B,Qwen3,2.0,eunice_disfluency_nov_15_2011,syntax,468,-0.3025,0.807,-0.3749,1.0
Qwen3-1.7B,Qwen3,2.0,european_portuguese_rc,syntax,174,0.5277,0.84,0.6282,1.0
Qwen3-1.7B,Qwen3,2.0,european_portuguese_wh,syntax,174,0.0787,0.893,0.0881,1.0
Qwen3-1.7B,Qwen3,2.0,extension,syntax,138,0.6328,0.872,0.7256,1.0
Qwen3-1.7B,Qwen3,2.0,gabriel_rc,syntax,174,0.619,0.818,0.7568,1.0
Qwen3-1.7B,Qwen3,2.0,gabriel_wh,syntax,174,0.1791,0.902,0.1986,1.0
Qwen3-1.7B,Qwen3,2.0,giurgea2025_motivation,lexical_semantics,1000,0.5025,0.856,0.587,0.9337
Qwen3-1.7B,Qwen3,2.0,huang_response_set1a,syntax,288,0.3339,0.966,0.3457,1.0
Qwen3-1.7B,Qwen3,2.0,huang_response_set1b,syntax,288,0.2942,0.964,0.3052,1.0
Qwen3-1.7B,Qwen3,2.0,huang_response_set2a,syntax,288,0.3245,0.97,0.3345,1.0
Qwen3-1.7B,Qwen3,2.0,huang_response_set2a_declaratives,syntax,288,0.4827,0.97,0.4977,1.0
Qwen3-1.7B,Qwen3,2.0,huang_response_set2b,syntax,288,0.256,0.97,0.264,1.0
Qwen3-1.7B,Qwen3,2.0,huang_response_set2b_declaratives,syntax,288,0.5281,0.974,0.5422,1.0
Qwen3-1.7B,Qwen3,2.0,imperative_control_iad_gs_may_16_2011_purple_puppy,pragmatics,96,0.0068,0.86,0.0079,1.0
Qwen3-1.7B,Qwen3,2.0,isac_sentence_naturalness_survey_feb_2011_64_items_survey_code_giant_c,syntax,256,0.3824,0.885,0.4321,1.0
Qwen3-1.7B,Qwen3,2.0,islands_acceptability_expt_2_dec_2_2012,syntax,480,-0.0918,0.874,-0.1051,1.0
Qwen3-1.7B,Qwen3,2.0,italian_dative_v2,discourse,192,0.1476,0.604,0.2443,1.0
Qwen3-1.7B,Qwen3,2.0,italian_locative_v7,discourse,192,0.1417,0.66,0.2147,1.0
Qwen3-1.7B,Qwen3,2.0,lancaster2020_auditory,lexical_semantics,1000,0.2284,0.831,0.2749,1.0
Qwen3-1.7B,Qwen3,2.0,lancaster2020_foot_leg,lexical_semantics,1000,0.2688,0.729,0.3688,1.0
Qwen3-1.7B,Qwen3,2.0,lancaster2020_gustatory,lexical_semantics,1000,0.309,0.545,0.567,1.0
Qwen3-1.7B,Qwen3,2.0,lancaster2020_hand_arm,lexical_semantics,1000,0.2013,0.783,0.2571,1.0
Qwen3-1.7B,Qwen3,2.0,lancaster2020_haptic,lexical_semantics,1000,0.1342,0.808,0.1661,1.0
Qwen3-1.7B,Qwen3,2.0,lancaster2020_head,lexical_semantics,1000,0.2381,0.57,0.4177,1.0
Qwen3-1.7B,Qwen3,2.0,lancaster2020_interoceptive,lexical_semantics,1000,0.3844,0.778,0.494,1.0
Qwen3-1.7B,Qwen3,2.0,lancaster2020_mouth,lexical_semantics,1000,0.2246,0.777,0.289,1.0
Qwen3-1.7B,Qwen3,2.0,lancaster2020_olfactory,lexical_semantics,1000,0.2451,0.622,0.394,1.0
Qwen3-1.7B,Qwen3,2.0,lancaster2020_torso,lexical_semantics,1000,0.2011,0.675,0.2979,1.0
Qwen3-1.7B,Qwen3,2.0,lancaster2020_visual,lexical_semantics,1000,0.3025,0.767,0.3944,1.0
Qwen3-1.7B,Qwen3,2.0,lauren_sentence_naturalness_survey_expt3_nov_17_2011,syntax,460,-0.0354,0.633,-0.0559,1.0
Qwen3-1.7B,Qwen3,2.0,lauren_sentence_naturalness_survey_expt_2_nov_15_2011,syntax,252,-0.0652,0.712,-0.0915,1.0
Qwen3-1.7B,Qwen3,2.0,lauren_sentence_naturalness_survey_oct_14_2011,syntax,360,-0.0155,0.703,-0.0221,1.0
Qwen3-1.7B,Qwen3,2.0,lexical_frame_adjectives_likert_set1,syntax,384,0.0125,0.83,0.0151,1.0
Qwen3-1.7B,Qwen3,2.0,lexical_frame_adjectives_likert_set2,syntax,384,0.0716,0.744,0.0962,1.0
Qwen3-1.7B,Qwen3,2.0,lexical_frame_adjectives_likert_set3,syntax,384,0.102,0.873,0.1169,1.0
Qwen3-1.7B,Qwen3,2.0,locative_topicalization_survey,discourse,229,0.3795,0.777,0.4885,1.0
Qwen3-1.7B,Qwen3,2.0,massive_mem_arousal_mar_2013,lexical_semantics,1000,0.3397,0.883,0.3847,1.0
Qwen3-1.7B,Qwen3,2.0,massive_mem_arousal_mar_2013_end_2,lexical_semantics,242,0.5502,0.85,0.6474,1.0
Qwen3-1.7B,Qwen3,2.0,massive_mem_arousal_mar_2014,lexical_semantics,1000,0.4517,0.863,0.5234,1.0
Qwen3-1.7B,Qwen3,2.0,massive_mem_arousal_mar_2014_end_1,lexical_semantics,242,0.5275,0.886,0.5953,1.0
Qwen3-1.7B,Qwen3,2.0,massive_mem_concreteness_mar_2013,lexical_semantics,1000,0.2483,0.956,0.2597,1.0
Qwen3-1.7B,Qwen3,2.0,massive_mem_concreteness_mar_2013_end_1,lexical_semantics,242,0.3171,0.959,0.3307,1.0
Qwen3-1.7B,Qwen3,2.0,massive_mem_concreteness_mar_2014,lexical_semantics,1000,0.1893,0.952,0.1989,1.0
Qwen3-1.7B,Qwen3,2.0,massive_mem_concreteness_mar_2014_end_1,lexical_semantics,242,0.1203,0.955,0.126,1.0
Qwen3-1.7B,Qwen3,2.0,massive_mem_imageability_mar_2013,lexical_semantics,1000,0.4989,0.961,0.5192,1.0
Qwen3-1.7B,Qwen3,2.0,massive_mem_imageability_mar_2013_end_1,lexical_semantics,242,0.4845,0.963,0.5031,1.0
Qwen3-1.7B,Qwen3,2.0,massive_mem_imageability_mar_2014,lexical_semantics,1000,0.2033,0.948,0.2145,1.0
Qwen3-1.7B,Qwen3,2.0,massive_mem_imageability_mar_2014_end_1,lexical_semantics,242,0.162,0.964,0.1681,1.0
Qwen3-1.7B,Qwen3,2.0,massive_mem_valence_mar_2013,lexical_semantics,1000,0.0633,0.948,0.0667,1.0
Qwen3-1.7B,Qwen3,2.0,massive_mem_valence_mar_2013_end_1,lexical_semantics,242,-0.0444,0.966,-0.046,1.0
Qwen3-1.7B,Qwen3,2.0,massive_mem_valence_mar_2014,lexical_semantics,1000,-0.08,0.961,-0.0832,1.0
Qwen3-1.7B,Qwen3,2.0,massive_mem_valence_mar_2014_end_1,lexical_semantics,242,0.1023,0.959,0.1067,1.0
Qwen3-1.7B,Qwen3,2.0,melissa_short_naturalness_test,sentence_semantics,24,0.7224,0.968,0.7463,1.0
Qwen3-1.7B,Qwen3,2.0,missing_vp_extension_0501_final,syntax,72,-0.3734,0.741,-0.504,1.0
Qwen3-1.7B,Qwen3,2.0,missing_vp_extension,syntax,80,0.023,0.881,0.0261,1.0
Qwen3-1.7B,Qwen3,2.0,missing_vp_rereplication,syntax,72,0.2615,0.707,0.3698,1.0
Qwen3-1.7B,Qwen3,2.0,mk_grammaticality_study_7_20,syntax,1000,-0.2464,0.876,-0.2813,1.0
Qwen3-1.7B,Qwen3,2.0,muraki2023_concreteness,lexical_semantics,1000,-0.1806,0.829,-0.2178,1.0
Qwen3-1.7B,Qwen3,2.0,noisy_channel_acceptability_1_sept_2013_1,syntax,496,0.2475,0.921,0.2687,1.0
Qwen3-1.7B,Qwen3,2.0,noisy_channel_acceptability_2_sept_2013,syntax,380,0.215,0.965,0.2228,1.0
Qwen3-1.7B,Qwen3,2.0,noisy_rc_norming_oct19,sentence_semantics,128,-0.0704,0.838,-0.084,1.0
Qwen3-1.7B,Qwen3,2.0,of_acceptability_2,syntax,88,0.659,0.951,0.6929,1.0
Qwen3-1.7B,Qwen3,2.0,orange_camel_sentence_naturalness_survey_nov_2010,discourse,144,0.3085,0.861,0.3584,1.0
Qwen3-1.7B,Qwen3,2.0,orc_lauren_sentence_naturalness_survey_july_2012,syntax,192,-0.2617,0.948,-0.276,1.0
Qwen3-1.7B,Qwen3,2.0,p_p_sentence_naturalness_survey_aug_2010,syntax,252,-0.1243,0.859,-0.1447,1.0
Qwen3-1.7B,Qwen3,2.0,p_p_sentence_naturalness_survey_dec_2009,syntax,324,0.1962,0.95,0.2065,1.0
Qwen3-1.7B,Qwen3,2.0,p_p_sentence_naturalness_survey_feb,syntax,614,0.114,0.664,0.1718,1.0
Qwen3-1.7B,Qwen3,2.0,p_p_sentence_naturalness_survey_june_2013_v3,syntax,242,0.0552,0.928,0.0595,1.0
Qwen3-1.7B,Qwen3,2.0,paris_judgments_3_dec_2012,syntax,477,-0.1521,0.845,-0.18,1.0
Qwen3-1.7B,Qwen3,2.0,pascal_1_dec_2012,syntax,544,-0.0514,0.066,-0.7795,1.0
Qwen3-1.7B,Qwen3,2.0,presup_survey_1_acd_july_2012,pragmatics,240,0.4144,0.83,0.4992,1.0
Qwen3-1.7B,Qwen3,2.0,presup_survey_2_acd_july_2012,pragmatics,240,0.0595,0.665,0.0895,1.0
Qwen3-1.7B,Qwen3,2.0,pronouns_following_verbs,pragmatics,44,-0.1085,0.706,-0.1537,1.0
Qwen3-1.7B,Qwen3,2.0,pronouns_following_verbs_an,pragmatics,44,0.0112,0.663,0.017,1.0
Qwen3-1.7B,Qwen3,2.0,pronouns_following_verbs_ce,pragmatics,44,-0.021,0.708,-0.0297,1.0
Qwen3-1.7B,Qwen3,2.0,pronouns_following_verbs_sm,pragmatics,44,-0.0283,0.443,-0.0639,1.0
Qwen3-1.7B,Qwen3,2.0,pronouns_following_verbs_so,pragmatics,44,0.085,0.509,0.167,1.0
Qwen3-1.7B,Qwen3,2.0,pronouns_following_verbs_ve,pragmatics,45,0.1527,0.567,0.2694,1.0
Qwen3-1.7B,Qwen3,2.0,quant_syn_april_13_2012_90_sentences_with_a_question_and_a_rating_code,syntax,184,0.1802,0.91,0.198,1.0
Qwen3-1.7B,Qwen3,2.0,quant_syn_april_14_2012_48_sentences_with_a_question_and_a_rating_code,syntax,168,0.1964,0.96,0.2046,1.0
Qwen3-1.7B,Qwen3,2.0,quant_syn_april_16_2012_36_sentences_with_a_question_and_a_rating_code,syntax,126,0.1493,0.965,0.1547,1.0
Qwen3-1.7B,Qwen3,2.0,quantifier_naturalness_survey_june_4_2010,syntax,192,0.1368,0.639,0.2141,1.0
Qwen3-1.7B,Qwen3,2.0,quantitative_syntax_survey,syntax,129,0.1733,0.852,0.2033,1.0
Qwen3-1.7B,Qwen3,2.0,rating_english_sentences,syntax,240,0.6319,0.899,0.7029,1.0
Qwen3-1.7B,Qwen3,2.0,reasoning_and_language_tasks_survey_code_talkative_pigeon,syntax,72,-0.0252,0.941,-0.0268,1.0
Qwen3-1.7B,Qwen3,2.0,relative_clause_displacements_in_english_sentences,syntax,180,-0.156,0.501,-0.3115,1.0
Qwen3-1.7B,Qwen3,2.0,relative_clause_displacements_in_english_sentences_with_fill,syntax,93,-0.4299,0.846,-0.5081,1.0
Qwen3-1.7B,Qwen3,2.0,replication_study_9_59,discourse,185,0.3262,0.363,0.8987,1.0
Qwen3-1.7B,Qwen3,2.0,richard_islands_acceptability_expt_1_april_25_2013_3,syntax,144,-0.0901,0.819,-0.11,1.0
Qwen3-1.7B,Qwen3,2.0,richard_islands_acceptability_expt_2_april_26_2013,syntax,228,0.1188,0.92,0.1291,1.0
Qwen3-1.7B,Qwen3,2.0,richard_islands_acceptability_expt_4_april_26_2013_1,syntax,100,0.0729,0.931,0.0783,1.0
Qwen3-1.7B,Qwen3,2.0,richard_islands_acceptability_expt_5_april_27_2013_1,syntax,132,0.0367,0.619,0.0592,1.0
Qwen3-1.7B,Qwen3,2.0,richard_islands_acceptability_expt_6_april_28_2013_while_whq_decl,syntax,100,0.2006,0.965,0.2079,1.0
Qwen3-1.7B,Qwen3,2.0,russian_freezing,syntax,180,0.3882,0.898,0.4323,0.9986
Qwen3-1.7B,Qwen3,2.0,semantics1_finalproject,sentence_semantics,96,0.5478,0.972,0.5636,1.0
Qwen3-1.7B,Qwen3,2.0,semantics2_finalproject,sentence_semantics,96,0.4821,0.986,0.489,1.0
Qwen3-1.7B,Qwen3,2.0,semantics3_final_project,pragmatics,96,0.1092,0.974,0.1121,1.0
Qwen3-1.7B,Qwen3,2.0,sentence_completions_and_islands_acceptability_expt_1_nov_13_2012,syntax,112,-0.2178,0.969,-0.2248,1.0
Qwen3-1.7B,Qwen3,2.0,sentence_naturalness_isac_survey_feb_2011,syntax,304,0.3923,0.836,0.4693,1.0
Qwen3-1.7B,Qwen3,2.0,sentence_naturalness_survey_acd_ratings_hackl_expt_7_oct_25_2012_1,syntax,176,0.1076,0.886,0.1215,1.0
Qwen3-1.7B,Qwen3,2.0,sentence_naturalness_survey_acd_ratings_hackl_replic_expt_1_july_14_20,syntax,480,0.4398,0.864,0.5091,1.0
Qwen3-1.7B,Qwen3,2.0,sentence_naturalness_survey_acd_ratings_v4_july_13_2012,syntax,176,0.2905,0.748,0.3884,1.0
Qwen3-1.7B,Qwen3,2.0,sentence_naturalness_survey_acd_v1_jan_2012,discourse,128,0.1186,0.299,0.3966,1.0
Qwen3-1.7B,Qwen3,2.0,sentence_naturalness_survey_acd_v6_oct_25_2012,discourse,128,-0.1387,0.602,-0.2303,1.0
Qwen3-1.7B,Qwen3,2.0,sentence_naturalness_survey_denise_jan_12_2011_survey_code_pig_the_pig,syntax,200,0.6474,0.986,0.6566,1.0
Qwen3-1.7B,Qwen3,2.0,sentence_naturalness_survey_denise_sept_8_2010_survey_code_pig_the_pig,syntax,224,0.4867,0.972,0.5008,1.0
Qwen3-1.7B,Qwen3,2.0,sentence_naturalness_survey_feb_16_1_2012_60_items_code_shy_armadillo,syntax,120,-0.2151,0.912,-0.2358,1.0
Qwen3-1.7B,Qwen3,2.0,sentence_naturalness_survey_for_gs_dec_2009,pragmatics,122,0.1979,0.882,0.2244,1.0
Qwen3-1.7B,Qwen3,2.0,sentence_naturalness_survey_for_gs_jan_2010,pragmatics,133,0.1728,0.906,0.1907,1.0
Qwen3-1.7B,Qwen3,2.0,sentence_naturalness_survey_for_gs_jan_23_2010,pragmatics,216,0.2518,0.942,0.2673,1.0
Qwen3-1.7B,Qwen3,2.0,sentence_naturalness_survey_for_gs_may_11_2011_purple_puppy,pragmatics,72,0.0568,0.873,0.0651,1.0
Qwen3-1.7B,Qwen3,2.0,sentence_naturalness_survey_for_jk_april_4_2010,discourse,96,0.178,0.886,0.2009,1.0
Qwen3-1.7B,Qwen3,2.0,sentence_naturalness_survey_for_jk_april_4_expt_3_2010,discourse,96,0.3887,0.83,0.4683,1.0
Qwen3-1.7B,Qwen3,2.0,sentence_naturalness_survey_for_jk_april_9_expt_4_2010,discourse,96,0.2109,0.831,0.2538,1.0
Qwen3-1.7B,Qwen3,2.0,sentence_naturalness_survey_for_jk_june_24_2010_v2,discourse,176,0.0221,0.787,0.0281,1.0
Qwen3-1.7B,Qwen3,2.0,sentence_naturalness_survey_for_jk_mar_2010,discourse,96,-0.0034,0.88,-0.0038,1.0
Qwen3-1.7B,Qwen3,2.0,sentence_naturalness_survey_for_jkm_dec_2009,discourse,128,-0.201,0.18,-1.1166,1.0
Qwen3-1.7B,Qwen3,2.0,sentence_naturalness_survey_for_jkm_jan_2012,discourse,128,-0.1465,0.266,-0.5509,1.0
Qwen3-1.7B,Qwen3,2.0,sentence_naturalness_survey_for_lb_dec_2009,discourse,108,0.2845,0.832,0.342,1.0
Qwen3-1.7B,Qwen3,2.0,sentence_naturalness_survey_for_lb_feb_20_2010_v2,discourse,79,0.1666,0.951,0.1752,1.0
Qwen3-1.7B,Qwen3,2.0,sentence_naturalness_survey_for_lb_jan_2011,discourse,519,0.0142,0.886,0.016,1.0
Qwen3-1.7B,Qwen3,2.0,sentence_naturalness_survey_for_lb_jan_2011_v2,discourse,519,0.0856,0.689,0.1242,1.0
Qwen3-1.7B,Qwen3,2.0,sentence_naturalness_survey_for_lb_jan_2011_v3,discourse,519,-0.0517,0.886,-0.0584,1.0
Qwen3-1.7B,Qwen3,2.0,sentence_naturalness_survey_for_lb_mar_2010_2,discourse,241,0.3959,0.935,0.4234,1.0
Qwen3-1.7B,Qwen3,2.0,sentence_naturalness_survey_for_lb_mar_2010,discourse,123,0.3564,0.951,0.3748,1.0
Qwen3-1.7B,Qwen3,2.0,sentence_naturalness_survey_for_lb_may_2010,discourse,148,0.0424,0.953,0.0445,1.0
Qwen3-1.7B,Qwen3,2.0,sentence_naturalness_survey_for_lb_prelim_oct_2010,discourse,402,-0.0031,0.882,-0.0035,1.0
Qwen3-1.7B,Qwen3,2.0,sentence_naturalness_survey_for_rw_dec_2009,discourse,180,0.1866,0.825,0.2262,1.0
Qwen3-1.7B,Qwen3,2.0,sentence_naturalness_survey_for_rw_jan_2010,discourse,480,0.2574,0.872,0.2952,1.0
Qwen3-1.7B,Qwen3,2.0,sentence_naturalness_survey_laura_mar_17_2012_92_items_code_lazy_cater,sentence_semantics,368,0.4285,0.883,0.4852,1.0
Qwen3-1.7B,Qwen3,2.0,sentence_naturalness_survey_laura_mar_17_2012_96_items_code_lazy_cater,sentence_semantics,384,0.3716,0.883,0.4209,1.0
Qwen3-1.7B,Qwen3,2.0,sentence_naturalness_survey_may_4_2011_36_items_code_anxious_bat,syntax,84,0.2345,0.757,0.3097,1.0
Qwen3-1.7B,Qwen3,2.0,sentence_naturalness_survey_nat_aug_28_2010_survey_code_downtown,syntax,270,0.2639,0.956,0.276,1.0
Qwen3-1.7B,Qwen3,2.0,short_acceptability_feb_6_2014,syntax,128,-0.0547,0.907,-0.0603,1.0
Qwen3-1.7B,Qwen3,2.0,susan_canonicity_rerunning_2,syntax,52,0.506,0.95,0.5326,1.0
Qwen3-1.7B,Qwen3,2.0,topicalization_e1,syntax,77,0.7629,0.942,0.8099,1.0
Qwen3-1.7B,Qwen3,2.0,verb_causality_study_semantics_ratings_mk_april_2010,lexical_semantics,188,-0.1604,0.972,-0.165,1.0
Qwen3-1.7B,Qwen3,2.0,verb_causality_study_syntax_ratings_mk_april_2010,syntax,653,-0.0656,0.633,-0.1037,1.0
Qwen3-1.7B,Qwen3,2.0,wm2_wm5_9_59_sentence_naturalness_survey_april_2011,syntax,219,0.3117,0.839,0.3715,1.0
Qwen3-1.7B,Qwen3,2.0,word3_b_word_naturalness_survey_may_4_2011_160_items_code_sleepy_bear,subword,158,0.1786,0.937,0.1907,0.9997
Qwen3-1.7B,Qwen3,2.0,word3_word_naturalness_survey_may_1_2011_45_items_code_nosy_badger,subword,45,0.2565,0.948,0.2706,0.9997
Qwen3-14B,Qwen3,14.8,50_sentences_noisy_channel_may_25_2011,pragmatics,208,0.0856,0.555,0.1542,1.0
Qwen3-14B,Qwen3,14.8,50_sentences_with_2_comp_qs_plus_rating_mar_11_2011,sentence_semantics,208,0.4968,0.588,0.845,1.0
Qwen3-14B,Qwen3,14.8,acceptability_extension_959_v5,syntax,566,0.7983,0.797,1.0016,1.0
Qwen3-14B,Qwen3,14.8,acceptability_judgments_kang,syntax,136,0.8153,0.974,0.8371,1.0
Qwen3-14B,Qwen3,14.8,acceptability_replication_959,syntax,288,0.9255,0.964,0.9601,1.0
Qwen3-14B,Qwen3,14.8,acd_context_polly_1_nov_23_2012,discourse,310,0.1944,0.462,0.4207,1.0
Qwen3-14B,Qwen3,14.8,acd_no_context_polly_1_nov_23_2012,syntax,213,0.6133,0.838,0.7318,1.0
Qwen3-14B,Qwen3,14.8,acd_project_also_3_nov_24_2012_2,syntax,128,0.5169,0.874,0.5914,1.0
Qwen3-14B,Qwen3,14.8,acd_project_expt_23_also_nov_16_2012,syntax,600,0.565,0.825,0.6848,1.0
Qwen3-14B,Qwen3,14.8,acd_project_expt_24_same_diff_verbs_nov_16_2012,syntax,472,0.6184,0.89,0.6948,1.0
Qwen3-14B,Qwen3,14.8,acd_project_expt_31_same_diff_verbs_nov_16_2012_1,syntax,176,0.6502,0.755,0.8612,1.0
Qwen3-14B,Qwen3,14.8,acd_project_expt_42_also_verbs_nov_29_2012_1,syntax,176,0.3719,0.63,0.5903,1.0
Qwen3-14B,Qwen3,14.8,acd_project_expt_44_the_same_nov_29_2012_1,syntax,140,0.5706,0.601,0.9494,1.0
Qwen3-14B,Qwen3,14.8,acd_project_expt_45_hkv_expt_2_plaus_nov_29_2012,syntax,360,0.5547,0.774,0.7167,1.0
Qwen3-14B,Qwen3,14.8,acd_project_expt_46_also_in_hkv_2_nov_29_2012_1,syntax,448,0.4995,0.56,0.892,1.0
Qwen3-14B,Qwen3,14.8,active_passive_sentence_naturalness_survey_july_2012,syntax,132,0.7786,0.887,0.8778,1.0
Qwen3-14B,Qwen3,14.8,aixiu_coherence_en_update1,sentence_semantics,277,0.8384,0.882,0.9506,1.0
Qwen3-14B,Qwen3,14.8,alex_paunov_literal_inferences_dec_3_2011,pragmatics,299,0.6414,0.908,0.7064,1.0
Qwen3-14B,Qwen3,14.8,amouyal2024_plausibility,sentence_semantics,853,0.6292,0.915,0.6876,1.0
Qwen3-14B,Qwen3,14.8,animacy_passive_dative_kyle,syntax,120,0.6968,0.926,0.7524,1.0
Qwen3-14B,Qwen3,14.8,anne_abeille_acceptability_july_12_2017_1,syntax,296,0.6295,0.635,0.9914,1.0
Qwen3-14B,Qwen3,14.8,base_acceptability_0908,syntax,73,0.5258,0.931,0.5647,1.0
Qwen3-14B,Qwen3,14.8,brief_sentence_naturalness_survey_march_2011,sentence_semantics,64,0.8294,0.96,0.864,1.0
Qwen3-14B,Qwen3,14.8,can_noncan_acceptability_0924,syntax,88,0.791,0.966,0.8189,1.0
Qwen3-14B,Qwen3,14.8,can_noncan_acceptability_2,syntax,88,0.8351,0.962,0.868,1.0
Qwen3-14B,Qwen3,14.8,chinese_dative,discourse,96,0.5984,0.715,0.8369,1.0
Qwen3-14B,Qwen3,14.8,class_demo,syntax,44,0.8377,0.927,0.9036,1.0
Qwen3-14B,Qwen3,14.8,clefting_e3,syntax,48,0.6579,0.877,0.7502,1.0
Qwen3-14B,Qwen3,14.8,clefting_e4,syntax,48,0.7974,0.969,0.8229,1.0
Qwen3-14B,Qwen3,14.8,coherence_survey_list1_main,discourse,100,0.889,0.95,0.9357,1.0
Qwen3-14B,Qwen3,14.8,coherence_survey_list2_main,discourse,100,0.9105,0.948,0.9605,1.0
Qwen3-14B,Qwen3,14.8,coherence_survey_list3_main,discourse,100,0.9035,0.942,0.9591,1.0
Qwen3-14B,Qwen3,14.8,coherence_survey_list4_main,discourse,100,0.8671,0.95,0.9128,1.0
Qwen3-14B,Qwen3,14.8,constituency_tests_2,syntax,48,0.746,0.836,0.8923,1.0
Qwen3-14B,Qwen3,14.8,constituency_tests,syntax,48,0.5399,0.654,0.8256,1.0
Qwen3-14B,Qwen3,14.8,copy_cat_polly_june_2014,discourse,102,0.6951,0.865,0.8035,1.0
Qwen3-14B,Qwen3,14.8,copy_of_verb_causality_study_semantics_ratings_mk_april_2010,lexical_semantics,62,0.4206,0.83,0.5068,1.0
Qwen3-14B,Qwen3,14.8,crossed_dependencies_long,syntax,201,0.7363,0.899,0.8191,1.0
Qwen3-14B,Qwen3,14.8,cul_jack_april_12_2012_54_short_texts_with_two_comprehension_questions,syntax,210,0.5829,0.896,0.6506,1.0
Qwen3-14B,Qwen3,14.8,cul_jack_sentence_naturalness_survey_april_2010,syntax,220,0.7932,0.952,0.8332,1.0
Qwen3-14B,Qwen3,14.8,dative_alternation_extension_version_2,syntax,229,0.4853,0.456,1.0643,1.0
Qwen3-14B,Qwen3,14.8,dative_finnish,discourse,96,0.5836,0.689,0.847,1.0
Qwen3-14B,Qwen3,14.8,dative_turkish,discourse,96,0.1861,0.734,0.2536,1.0
Qwen3-14B,Qwen3,14.8,dentella2023_grammaticality,syntax,80,0.6155,0.981,0.6274,0.0022
Qwen3-14B,Qwen3,14.8,depth_charge_survey,sentence_semantics,188,0.4673,0.846,0.5524,1.0
Qwen3-14B,Qwen3,14.8,depth_charge_with_noise,sentence_semantics,188,0.6389,0.854,0.7481,1.0
Qwen3-14B,Qwen3,14.8,discourse_30subjs_list1,discourse,100,0.8805,0.941,0.9357,1.0
Qwen3-14B,Qwen3,14.8,discourse_30subjs_list2,discourse,100,0.9032,0.951,0.9497,1.0
Qwen3-14B,Qwen3,14.8,discourse_30subjs_list3,discourse,100,0.9023,0.947,0.9528,1.0
Qwen3-14B,Qwen3,14.8,discourse_30subjs_list4,discourse,100,0.8922,0.942,0.9471,1.0
Qwen3-14B,Qwen3,14.8,discourse_causality_list1,discourse,100,0.7886,0.935,0.8434,1.0
Qwen3-14B,Qwen3,14.8,discourse_causality_list2,discourse,100,0.8125,0.952,0.8535,1.0
Qwen3-14B,Qwen3,14.8,discourse_causality_list3,discourse,100,0.7661,0.933,0.8211,1.0
Qwen3-14B,Qwen3,14.8,discourse_causality_list4,discourse,100,0.7658,0.955,0.8019,1.0
Qwen3-14B,Qwen3,14.8,discourse_changed_0428,discourse,48,0.8236,0.953,0.8642,1.0
Qwen3-14B,Qwen3,14.8,discourse_coherence_list1,discourse,100,0.8897,0.943,0.9435,1.0
Qwen3-14B,Qwen3,14.8,discourse_coherence_list2,discourse,100,0.8723,0.936,0.9319,1.0
Qwen3-14B,Qwen3,14.8,discourse_coherence_list3,discourse,100,0.8731,0.95,0.919,1.0
Qwen3-14B,Qwen3,14.8,discourse_coherence_list4,discourse,100,0.8476,0.933,0.9085,1.0
Qwen3-14B,Qwen3,14.8,discourse_imagability_pairs_list1,sentence_semantics,100,0.6331,0.917,0.6904,1.0
Qwen3-14B,Qwen3,14.8,discourse_imagability_pairs_list2,sentence_semantics,100,0.7004,0.946,0.7404,1.0
Qwen3-14B,Qwen3,14.8,discourse_imagability_singles_list1,sentence_semantics,100,0.7239,0.938,0.7717,1.0
Qwen3-14B,Qwen3,14.8,discourse_imagability_singles_list2,sentence_semantics,100,0.8025,0.954,0.8412,1.0
Qwen3-14B,Qwen3,14.8,discourse_imagability_singles_list3,sentence_semantics,100,0.7594,0.931,0.8157,1.0
Qwen3-14B,Qwen3,14.8,discourse_imagability_singles_list4,sentence_semantics,100,0.768,0.948,0.8101,1.0
Qwen3-14B,Qwen3,14.8,discourse_mentalizing_pairs_list1,sentence_semantics,100,0.8255,0.928,0.8895,1.0
Qwen3-14B,Qwen3,14.8,discourse_mentalizing_pairs_list2,sentence_semantics,100,0.8236,0.931,0.8847,1.0
Qwen3-14B,Qwen3,14.8,discourse_mentalizing_singles_list1,sentence_semantics,100,0.6296,0.935,0.6734,1.0
Qwen3-14B,Qwen3,14.8,discourse_mentalizing_singles_list2,sentence_semantics,100,0.822,0.925,0.8886,1.0
Qwen3-14B,Qwen3,14.8,discourse_mentalizing_singles_list3,sentence_semantics,100,0.6762,0.909,0.7439,1.0
Qwen3-14B,Qwen3,14.8,discourse_mentalizing_singles_list4,sentence_semantics,100,0.826,0.952,0.8677,1.0
Qwen3-14B,Qwen3,14.8,discourse_physics_pairs_list1,sentence_semantics,100,0.6144,0.957,0.642,1.0
Qwen3-14B,Qwen3,14.8,discourse_physics_pairs_list2,sentence_semantics,100,0.6575,0.951,0.6914,1.0
Qwen3-14B,Qwen3,14.8,discourse_physics_singles_list1,sentence_semantics,100,0.8257,0.943,0.8756,1.0
Qwen3-14B,Qwen3,14.8,discourse_physics_singles_list2,sentence_semantics,100,0.7716,0.952,0.8105,1.0
Qwen3-14B,Qwen3,14.8,discourse_physics_singles_list3,sentence_semantics,100,0.8315,0.941,0.8837,1.0
Qwen3-14B,Qwen3,14.8,discourse_physics_singles_list4,sentence_semantics,100,0.8291,0.942,0.8801,1.0
Qwen3-14B,Qwen3,14.8,discourse_scenes_pairs_list1,sentence_semantics,100,0.8817,0.944,0.934,1.0
Qwen3-14B,Qwen3,14.8,discourse_scenes_pairs_list2,sentence_semantics,100,0.9184,0.95,0.9668,1.0
Qwen3-14B,Qwen3,14.8,discourse_scenes_singles_list1,sentence_semantics,100,0.9013,0.944,0.9548,1.0
Qwen3-14B,Qwen3,14.8,discourse_scenes_singles_list2,sentence_semantics,100,0.8977,0.949,0.9459,1.0
Qwen3-14B,Qwen3,14.8,discourse_scenes_singles_list3,sentence_semantics,100,0.8709,0.966,0.9015,1.0
Qwen3-14B,Qwen3,14.8,discourse_scenes_singles_list4,sentence_semantics,100,0.896,0.964,0.9294,1.0
Qwen3-14B,Qwen3,14.8,diveica2023_socialness,lexical_semantics,1000,0.8488,0.883,0.9613,1.0
Qwen3-14B,Qwen3,14.8,ecog_sentences_imaginability_jan_8_2014,sentence_semantics,120,0.3794,0.833,0.4555,1.0
Qwen3-14B,Qwen3,14.8,ecog_sentences_naturalness_jan_8_2014_2,sentence_semantics,120,0.5635,0.727,0.7751,1.0
Qwen3-14B,Qwen3,14.8,edwards2024_spelling_to_pronunciation_transparency,subword,1000,0.5991,0.826,0.7253,1.0
Qwen3-14B,Qwen3,14.8,erp_norming_error_detection_june_2013_4,syntax,323,-0.5547,0.841,-0.6595,1.0
Qwen3-14B,Qwen3,14.8,erp_sentence_naturalness_survey_june_2013_2,syntax,483,0.8504,0.922,0.9223,1.0
Qwen3-14B,Qwen3,14.8,eunice_disfluency_2_nov_17_2011,syntax,190,0.7169,0.832,0.8616,1.0
Qwen3-14B,Qwen3,14.8,eunice_disfluency_nov_15_2011,syntax,468,0.6435,0.807,0.7975,1.0
Qwen3-14B,Qwen3,14.8,european_portuguese_rc,syntax,174,0.7605,0.84,0.9054,1.0
Qwen3-14B,Qwen3,14.8,european_portuguese_wh,syntax,174,0.8011,0.893,0.897,1.0
Qwen3-14B,Qwen3,14.8,extension,syntax,138,0.7204,0.872,0.8261,1.0
Qwen3-14B,Qwen3,14.8,gabriel_rc,syntax,174,0.7435,0.818,0.9089,1.0
Qwen3-14B,Qwen3,14.8,gabriel_wh,syntax,174,0.7986,0.902,0.8854,1.0
Qwen3-14B,Qwen3,14.8,giurgea2025_motivation,lexical_semantics,1000,0.6823,0.856,0.7971,1.0
Qwen3-14B,Qwen3,14.8,huang_response_set1a,syntax,288,0.5329,0.966,0.5516,1.0
Qwen3-14B,Qwen3,14.8,huang_response_set1b,syntax,288,0.5347,0.964,0.5547,1.0
Qwen3-14B,Qwen3,14.8,huang_response_set2a,syntax,288,0.7257,0.97,0.7481,1.0
Qwen3-14B,Qwen3,14.8,huang_response_set2a_declaratives,syntax,288,0.7005,0.97,0.7222,1.0
Qwen3-14B,Qwen3,14.8,huang_response_set2b,syntax,288,0.692,0.97,0.7134,1.0
Qwen3-14B,Qwen3,14.8,huang_response_set2b_declaratives,syntax,288,0.7361,0.974,0.7557,1.0
Qwen3-14B,Qwen3,14.8,imperative_control_iad_gs_may_16_2011_purple_puppy,pragmatics,96,0.4862,0.86,0.5654,1.0
Qwen3-14B,Qwen3,14.8,isac_sentence_naturalness_survey_feb_2011_64_items_survey_code_giant_c,syntax,256,0.704,0.885,0.7955,1.0
Qwen3-14B,Qwen3,14.8,islands_acceptability_expt_2_dec_2_2012,syntax,480,0.7043,0.874,0.8059,1.0
Qwen3-14B,Qwen3,14.8,italian_dative_v2,discourse,192,0.171,0.604,0.2832,1.0
Qwen3-14B,Qwen3,14.8,italian_locative_v7,discourse,192,0.416,0.66,0.6304,1.0
Qwen3-14B,Qwen3,14.8,lancaster2020_auditory,lexical_semantics,1000,0.4157,0.831,0.5003,1.0
Qwen3-14B,Qwen3,14.8,lancaster2020_foot_leg,lexical_semantics,1000,0.5286,0.729,0.7251,1.0
Qwen3-14B,Qwen3,14.8,lancaster2020_gustatory,lexical_semantics,1000,0.3626,0.545,0.6653,1.0
Qwen3-14B,Qwen3,14.8,lancaster2020_hand_arm,lexical_semantics,1000,0.4005,0.783,0.5115,1.0
Qwen3-14B,Qwen3,14.8,lancaster2020_haptic,lexical_semantics,1000,0.4959,0.808,0.6137,1.0
Qwen3-14B,Qwen3,14.8,lancaster2020_head,lexical_semantics,1000,0.4273,0.57,0.7497,1.0
Qwen3-14B,Qwen3,14.8,lancaster2020_interoceptive,lexical_semantics,1000,0.6357,0.778,0.8171,1.0
Qwen3-14B,Qwen3,14.8,lancaster2020_mouth,lexical_semantics,1000,0.3814,0.777,0.4908,1.0
Qwen3-14B,Qwen3,14.8,lancaster2020_olfactory,lexical_semantics,1000,0.437,0.622,0.7026,1.0
Qwen3-14B,Qwen3,14.8,lancaster2020_torso,lexical_semantics,1000,0.4016,0.675,0.5949,1.0
Qwen3-14B,Qwen3,14.8,lancaster2020_visual,lexical_semantics,1000,0.5241,0.767,0.6833,1.0
Qwen3-14B,Qwen3,14.8,lauren_sentence_naturalness_survey_expt3_nov_17_2011,syntax,460,0.5888,0.633,0.9302,1.0
Qwen3-14B,Qwen3,14.8,lauren_sentence_naturalness_survey_expt_2_nov_15_2011,syntax,252,0.6366,0.712,0.8941,1.0
Qwen3-14B,Qwen3,14.8,lauren_sentence_naturalness_survey_oct_14_2011,syntax,360,0.6531,0.703,0.929,1.0
Qwen3-14B,Qwen3,14.8,lexical_frame_adjectives_likert_set1,syntax,384,0.711,0.83,0.8566,1.0
Qwen3-14B,Qwen3,14.8,lexical_frame_adjectives_likert_set2,syntax,384,0.6409,0.744,0.8615,1.0
Qwen3-14B,Qwen3,14.8,lexical_frame_adjectives_likert_set3,syntax,384,0.7361,0.873,0.8432,1.0
Qwen3-14B,Qwen3,14.8,locative_topicalization_survey,discourse,229,0.6795,0.777,0.8745,1.0
Qwen3-14B,Qwen3,14.8,massive_mem_arousal_mar_2013,lexical_semantics,1000,0.2363,0.883,0.2676,1.0
Qwen3-14B,Qwen3,14.8,massive_mem_arousal_mar_2013_end_2,lexical_semantics,242,0.236,0.85,0.2777,1.0
Qwen3-14B,Qwen3,14.8,massive_mem_arousal_mar_2014,lexical_semantics,1000,0.4201,0.863,0.4868,1.0
Qwen3-14B,Qwen3,14.8,massive_mem_arousal_mar_2014_end_1,lexical_semantics,242,0.3569,0.886,0.4029,1.0
Qwen3-14B,Qwen3,14.8,massive_mem_concreteness_mar_2013,lexical_semantics,1000,0.7267,0.956,0.7601,1.0
Qwen3-14B,Qwen3,14.8,massive_mem_concreteness_mar_2013_end_1,lexical_semantics,242,0.8743,0.959,0.9116,1.0
Qwen3-14B,Qwen3,14.8,massive_mem_concreteness_mar_2014,lexical_semantics,1000,0.7333,0.952,0.7703,1.0
Qwen3-14B,Qwen3,14.8,massive_mem_concreteness_mar_2014_end_1,lexical_semantics,242,0.7775,0.955,0.8142,1.0
Qwen3-14B,Qwen3,14.8,massive_mem_imageability_mar_2013,lexical_semantics,1000,0.714,0.961,0.743,1.0
Qwen3-14B,Qwen3,14.8,massive_mem_imageability_mar_2013_end_1,lexical_semantics,242,0.748,0.963,0.7767,1.0
Qwen3-14B,Qwen3,14.8,massive_mem_imageability_mar_2014,lexical_semantics,1000,0.678,0.948,0.7152,1.0
Qwen3-14B,Qwen3,14.8,massive_mem_imageability_mar_2014_end_1,lexical_semantics,242,0.7252,0.964,0.7523,1.0
Qwen3-14B,Qwen3,14.8,massive_mem_valence_mar_2013,lexical_semantics,1000,0.61,0.948,0.6435,1.0
Qwen3-14B,Qwen3,14.8,massive_mem_valence_mar_2013_end_1,lexical_semantics,242,0.8697,0.966,0.9003,1.0
Qwen3-14B,Qwen3,14.8,massive_mem_valence_mar_2014,lexical_semantics,1000,0.8641,0.961,0.8992,1.0
Qwen3-14B,Qwen3,14.8,massive_mem_valence_mar_2014_end_1,lexical_semantics,242,0.8732,0.959,0.9105,1.0
Qwen3-14B,Qwen3,14.8,melissa_short_naturalness_test,sentence_semantics,24,0.8643,0.968,0.8929,1.0
Qwen3-14B,Qwen3,14.8,missing_vp_extension_0501_final,syntax,72,0.5061,0.741,0.683,1.0
Qwen3-14B,Qwen3,14.8,missing_vp_extension,syntax,80,0.5246,0.881,0.5954,1.0
Qwen3-14B,Qwen3,14.8,missing_vp_rereplication,syntax,72,0.6217,0.707,0.8794,1.0
Qwen3-14B,Qwen3,14.8,mk_grammaticality_study_7_20,syntax,1000,0.4035,0.876,0.4606,1.0
Qwen3-14B,Qwen3,14.8,muraki2023_concreteness,lexical_semantics,1000,0.3096,0.829,0.3735,1.0
Qwen3-14B,Qwen3,14.8,noisy_channel_acceptability_1_sept_2013_1,syntax,496,0.8499,0.921,0.9228,1.0
Qwen3-14B,Qwen3,14.8,noisy_channel_acceptability_2_sept_2013,syntax,380,0.8853,0.965,0.9174,1.0
Qwen3-14B,Qwen3,14.8,noisy_rc_norming_oct19,sentence_semantics,128,0.5641,0.838,0.6732,1.0
Qwen3-14B,Qwen3,14.8,of_acceptability_2,syntax,88,0.8189,0.951,0.8611,1.0
Qwen3-14B,Qwen3,14.8,orange_camel_sentence_naturalness_survey_nov_2010,discourse,144,0.7532,0.861,0.8748,1.0
Qwen3-14B,Qwen3,14.8,orc_lauren_sentence_naturalness_survey_july_2012,syntax,192,0.8594,0.948,0.9066,1.0
Qwen3-14B,Qwen3,14.8,p_p_sentence_naturalness_survey_aug_2010,syntax,252,0.367,0.859,0.4272,1.0
Qwen3-14B,Qwen3,14.8,p_p_sentence_naturalness_survey_dec_2009,syntax,324,0.523,0.95,0.5505,1.0
Qwen3-14B,Qwen3,14.8,p_p_sentence_naturalness_survey_feb,syntax,614,0.4736,0.664,0.7132,1.0
Qwen3-14B,Qwen3,14.8,p_p_sentence_naturalness_survey_june_2013_v3,syntax,242,0.6233,0.928,0.6716,1.0
Qwen3-14B,Qwen3,14.8,paris_judgments_3_dec_2012,syntax,477,0.4922,0.845,0.5825,1.0
Qwen3-14B,Qwen3,14.8,pascal_1_dec_2012,syntax,544,0.1539,0.066,2.3316,1.0
Qwen3-14B,Qwen3,14.8,presup_survey_1_acd_july_2012,pragmatics,240,0.7222,0.83,0.8701,1.0
Qwen3-14B,Qwen3,14.8,presup_survey_2_acd_july_2012,pragmatics,240,0.4056,0.665,0.6099,1.0
Qwen3-14B,Qwen3,14.8,pronouns_following_verbs,pragmatics,44,0.1004,0.706,0.1422,1.0
Qwen3-14B,Qwen3,14.8,pronouns_following_verbs_an,pragmatics,44,0.1,0.663,0.1508,1.0
Qwen3-14B,Qwen3,14.8,pronouns_following_verbs_ce,pragmatics,44,0.0614,0.708,0.0867,1.0
Qwen3-14B,Qwen3,14.8,pronouns_following_verbs_sm,pragmatics,44,-0.2308,0.443,-0.521,1.0
Qwen3-14B,Qwen3,14.8,pronouns_following_verbs_so,pragmatics,44,-0.0352,0.509,-0.0692,1.0
Qwen3-14B,Qwen3,14.8,pronouns_following_verbs_ve,pragmatics,45,0.2277,0.567,0.4016,1.0
Qwen3-14B,Qwen3,14.8,quant_syn_april_13_2012_90_sentences_with_a_question_and_a_rating_code,syntax,184,0.7698,0.91,0.846,1.0
Qwen3-14B,Qwen3,14.8,quant_syn_april_14_2012_48_sentences_with_a_question_and_a_rating_code,syntax,168,0.7765,0.96,0.8088,1.0
Qwen3-14B,Qwen3,14.8,quant_syn_april_16_2012_36_sentences_with_a_question_and_a_rating_code,syntax,126,0.8098,0.965,0.8392,1.0
Qwen3-14B,Qwen3,14.8,quantifier_naturalness_survey_june_4_2010,syntax,192,0.5913,0.639,0.9254,1.0
Qwen3-14B,Qwen3,14.8,quantitative_syntax_survey,syntax,129,0.7385,0.852,0.8668,1.0
Qwen3-14B,Qwen3,14.8,rating_english_sentences,syntax,240,0.7196,0.899,0.8005,1.0
Qwen3-14B,Qwen3,14.8,reasoning_and_language_tasks_survey_code_talkative_pigeon,syntax,72,0.6812,0.941,0.7239,1.0
Qwen3-14B,Qwen3,14.8,relative_clause_displacements_in_english_sentences,syntax,180,0.4872,0.501,0.9724,1.0
Qwen3-14B,Qwen3,14.8,relative_clause_displacements_in_english_sentences_with_fill,syntax,93,0.5612,0.846,0.6634,1.0
Qwen3-14B,Qwen3,14.8,replication_study_9_59,discourse,185,0.5513,0.363,1.5186,1.0
Qwen3-14B,Qwen3,14.8,richard_islands_acceptability_expt_1_april_25_2013_3,syntax,144,0.684,0.819,0.8352,1.0
Qwen3-14B,Qwen3,14.8,richard_islands_acceptability_expt_2_april_26_2013,syntax,228,0.8771,0.92,0.9534,1.0
Qwen3-14B,Qwen3,14.8,richard_islands_acceptability_expt_4_april_26_2013_1,syntax,100,0.8436,0.931,0.9061,1.0
Qwen3-14B,Qwen3,14.8,richard_islands_acceptability_expt_5_april_27_2013_1,syntax,132,0.5502,0.619,0.8889,1.0
Qwen3-14B,Qwen3,14.8,richard_islands_acceptability_expt_6_april_28_2013_while_whq_decl,syntax,100,0.9022,0.965,0.9349,1.0
Qwen3-14B,Qwen3,14.8,russian_freezing,syntax,180,0.8417,0.898,0.9373,1.0
Qwen3-14B,Qwen3,14.8,semantics1_finalproject,sentence_semantics,96,0.8625,0.972,0.8874,1.0
Qwen3-14B,Qwen3,14.8,semantics2_finalproject,sentence_semantics,96,0.8172,0.986,0.8288,1.0
Qwen3-14B,Qwen3,14.8,semantics3_final_project,pragmatics,96,0.6888,0.974,0.7072,1.0
Qwen3-14B,Qwen3,14.8,sentence_completions_and_islands_acceptability_expt_1_nov_13_2012,syntax,112,0.833,0.969,0.8596,1.0
Qwen3-14B,Qwen3,14.8,sentence_naturalness_isac_survey_feb_2011,syntax,304,0.7627,0.836,0.9124,1.0
Qwen3-14B,Qwen3,14.8,sentence_naturalness_survey_acd_ratings_hackl_expt_7_oct_25_2012_1,syntax,176,0.6602,0.886,0.7452,1.0
Qwen3-14B,Qwen3,14.8,sentence_naturalness_survey_acd_ratings_hackl_replic_expt_1_july_14_20,syntax,480,0.6443,0.864,0.7458,1.0
Qwen3-14B,Qwen3,14.8,sentence_naturalness_survey_acd_ratings_v4_july_13_2012,syntax,176,0.6204,0.748,0.8294,1.0
Qwen3-14B,Qwen3,14.8,sentence_naturalness_survey_acd_v1_jan_2012,discourse,128,0.0394,0.299,0.1319,1.0
Qwen3-14B,Qwen3,14.8,sentence_naturalness_survey_acd_v6_oct_25_2012,discourse,128,0.1198,0.602,0.1991,1.0
Qwen3-14B,Qwen3,14.8,sentence_naturalness_survey_denise_jan_12_2011_survey_code_pig_the_pig,syntax,200,0.8053,0.986,0.8168,1.0
Qwen3-14B,Qwen3,14.8,sentence_naturalness_survey_denise_sept_8_2010_survey_code_pig_the_pig,syntax,224,0.8013,0.972,0.8244,1.0
Qwen3-14B,Qwen3,14.8,sentence_naturalness_survey_feb_16_1_2012_60_items_code_shy_armadillo,syntax,120,0.8327,0.912,0.913,1.0
Qwen3-14B,Qwen3,14.8,sentence_naturalness_survey_for_gs_dec_2009,pragmatics,122,0.7115,0.882,0.8067,1.0
Qwen3-14B,Qwen3,14.8,sentence_naturalness_survey_for_gs_jan_2010,pragmatics,133,0.654,0.906,0.7219,1.0
Qwen3-14B,Qwen3,14.8,sentence_naturalness_survey_for_gs_jan_23_2010,pragmatics,216,0.6766,0.942,0.7183,1.0
Qwen3-14B,Qwen3,14.8,sentence_naturalness_survey_for_gs_may_11_2011_purple_puppy,pragmatics,72,0.4754,0.873,0.5446,1.0
Qwen3-14B,Qwen3,14.8,sentence_naturalness_survey_for_jk_april_4_2010,discourse,96,0.5004,0.886,0.5648,1.0
Qwen3-14B,Qwen3,14.8,sentence_naturalness_survey_for_jk_april_4_expt_3_2010,discourse,96,0.4561,0.83,0.5496,1.0
Qwen3-14B,Qwen3,14.8,sentence_naturalness_survey_for_jk_april_9_expt_4_2010,discourse,96,0.4232,0.831,0.5093,1.0
Qwen3-14B,Qwen3,14.8,sentence_naturalness_survey_for_jk_june_24_2010_v2,discourse,176,0.4958,0.787,0.63,1.0
Qwen3-14B,Qwen3,14.8,sentence_naturalness_survey_for_jk_mar_2010,discourse,96,0.4237,0.88,0.4815,1.0
Qwen3-14B,Qwen3,14.8,sentence_naturalness_survey_for_jkm_dec_2009,discourse,128,-0.0932,0.18,-0.5178,1.0
Qwen3-14B,Qwen3,14.8,sentence_naturalness_survey_for_jkm_jan_2012,discourse,128,-0.0277,0.266,-0.104,1.0
Qwen3-14B,Qwen3,14.8,sentence_naturalness_survey_for_lb_dec_2009,discourse,108,0.5177,0.832,0.6222,1.0
Qwen3-14B,Qwen3,14.8,sentence_naturalness_survey_for_lb_feb_20_2010_v2,discourse,79,0.676,0.951,0.7108,1.0
Qwen3-14B,Qwen3,14.8,sentence_naturalness_survey_for_lb_jan_2011,discourse,519,0.4926,0.886,0.556,1.0
Qwen3-14B,Qwen3,14.8,sentence_naturalness_survey_for_lb_jan_2011_v2,discourse,519,0.3626,0.689,0.5262,1.0
Qwen3-14B,Qwen3,14.8,sentence_naturalness_survey_for_lb_jan_2011_v3,discourse,519,0.4516,0.886,0.5097,1.0
Qwen3-14B,Qwen3,14.8,sentence_naturalness_survey_for_lb_mar_2010_2,discourse,241,0.468,0.935,0.5005,1.0
Qwen3-14B,Qwen3,14.8,sentence_naturalness_survey_for_lb_mar_2010,discourse,123,0.5268,0.951,0.5539,1.0
Qwen3-14B,Qwen3,14.8,sentence_naturalness_survey_for_lb_may_2010,discourse,148,0.6272,0.953,0.6581,1.0
Qwen3-14B,Qwen3,14.8,sentence_naturalness_survey_for_lb_prelim_oct_2010,discourse,402,0.5476,0.882,0.6209,1.0
Qwen3-14B,Qwen3,14.8,sentence_naturalness_survey_for_rw_dec_2009,discourse,180,0.7195,0.825,0.8721,1.0
Qwen3-14B,Qwen3,14.8,sentence_naturalness_survey_for_rw_jan_2010,discourse,480,0.6136,0.872,0.7037,1.0
Qwen3-14B,Qwen3,14.8,sentence_naturalness_survey_laura_mar_17_2012_92_items_code_lazy_cater,sentence_semantics,368,0.7516,0.883,0.8512,1.0
Qwen3-14B,Qwen3,14.8,sentence_naturalness_survey_laura_mar_17_2012_96_items_code_lazy_cater,sentence_semantics,384,0.7632,0.883,0.8643,1.0
Qwen3-14B,Qwen3,14.8,sentence_naturalness_survey_may_4_2011_36_items_code_anxious_bat,syntax,84,0.6163,0.757,0.8141,1.0
Qwen3-14B,Qwen3,14.8,sentence_naturalness_survey_nat_aug_28_2010_survey_code_downtown,syntax,270,0.7266,0.956,0.76,1.0
Qwen3-14B,Qwen3,14.8,short_acceptability_feb_6_2014,syntax,128,0.76,0.907,0.838,1.0
Qwen3-14B,Qwen3,14.8,susan_canonicity_rerunning_2,syntax,52,0.8194,0.95,0.8625,1.0
Qwen3-14B,Qwen3,14.8,topicalization_e1,syntax,77,0.8997,0.942,0.9551,1.0
Qwen3-14B,Qwen3,14.8,verb_causality_study_semantics_ratings_mk_april_2010,lexical_semantics,188,0.5231,0.972,0.5381,1.0
Qwen3-14B,Qwen3,14.8,verb_causality_study_syntax_ratings_mk_april_2010,syntax,653,0.2488,0.633,0.3931,1.0
Qwen3-14B,Qwen3,14.8,wm2_wm5_9_59_sentence_naturalness_survey_april_2011,syntax,219,0.7909,0.839,0.9427,1.0
Qwen3-14B,Qwen3,14.8,word3_b_word_naturalness_survey_may_4_2011_160_items_code_sleepy_bear,subword,158,0.7038,0.937,0.7511,1.0
Qwen3-14B,Qwen3,14.8,word3_word_naturalness_survey_may_1_2011_45_items_code_nosy_badger,subword,45,0.8059,0.948,0.8501,1.0
Qwen3-32B,Qwen3,32.8,50_sentences_noisy_channel_may_25_2011,pragmatics,208,0.2994,0.555,0.5395,0.9998
Qwen3-32B,Qwen3,32.8,50_sentences_with_2_comp_qs_plus_rating_mar_11_2011,sentence_semantics,208,0.4706,0.588,0.8003,0.9999
Qwen3-32B,Qwen3,32.8,acceptability_extension_959_v5,syntax,566,0.8041,0.797,1.0089,0.9997
Qwen3-32B,Qwen3,32.8,acceptability_judgments_kang,syntax,136,0.742,0.974,0.7618,1.0
Qwen3-32B,Qwen3,32.8,acceptability_replication_959,syntax,288,0.9294,0.964,0.9641,0.9998
Qwen3-32B,Qwen3,32.8,acd_context_polly_1_nov_23_2012,discourse,310,0.2039,0.462,0.4414,0.9999
Qwen3-32B,Qwen3,32.8,acd_no_context_polly_1_nov_23_2012,syntax,213,0.536,0.838,0.6396,0.9999
Qwen3-32B,Qwen3,32.8,acd_project_also_3_nov_24_2012_2,syntax,128,0.6724,0.874,0.7693,1.0
Qwen3-32B,Qwen3,32.8,acd_project_expt_23_also_nov_16_2012,syntax,600,0.5494,0.825,0.666,1.0
Qwen3-32B,Qwen3,32.8,acd_project_expt_24_same_diff_verbs_nov_16_2012,syntax,472,0.545,0.89,0.6124,1.0
Qwen3-32B,Qwen3,32.8,acd_project_expt_31_same_diff_verbs_nov_16_2012_1,syntax,176,0.6954,0.755,0.921,1.0
Qwen3-32B,Qwen3,32.8,acd_project_expt_42_also_verbs_nov_29_2012_1,syntax,176,0.5013,0.63,0.7957,1.0
Qwen3-32B,Qwen3,32.8,acd_project_expt_44_the_same_nov_29_2012_1,syntax,140,0.563,0.601,0.9367,1.0
Qwen3-32B,Qwen3,32.8,acd_project_expt_45_hkv_expt_2_plaus_nov_29_2012,syntax,360,0.5046,0.774,0.652,1.0
Qwen3-32B,Qwen3,32.8,acd_project_expt_46_also_in_hkv_2_nov_29_2012_1,syntax,448,0.4608,0.56,0.8229,1.0
Qwen3-32B,Qwen3,32.8,active_passive_sentence_naturalness_survey_july_2012,syntax,132,0.757,0.887,0.8534,0.9999
Qwen3-32B,Qwen3,32.8,aixiu_coherence_en_update1,sentence_semantics,277,0.8437,0.882,0.9565,0.9998
Qwen3-32B,Qwen3,32.8,alex_paunov_literal_inferences_dec_3_2011,pragmatics,299,0.6991,0.908,0.7699,0.9988
Qwen3-32B,Qwen3,32.8,amouyal2024_plausibility,sentence_semantics,853,0.6669,0.915,0.7288,0.9997
Qwen3-32B,Qwen3,32.8,animacy_passive_dative_kyle,syntax,120,0.7193,0.926,0.7768,0.9999
Qwen3-32B,Qwen3,32.8,anne_abeille_acceptability_july_12_2017_1,syntax,296,0.6328,0.635,0.9966,0.9999
Qwen3-32B,Qwen3,32.8,base_acceptability_0908,syntax,73,0.4385,0.931,0.471,1.0
Qwen3-32B,Qwen3,32.8,brief_sentence_naturalness_survey_march_2011,sentence_semantics,64,0.8361,0.96,0.871,1.0
Qwen3-32B,Qwen3,32.8,can_noncan_acceptability_0924,syntax,88,0.7593,0.966,0.786,1.0
Qwen3-32B,Qwen3,32.8,can_noncan_acceptability_2,syntax,88,0.8067,0.962,0.8386,1.0
Qwen3-32B,Qwen3,32.8,chinese_dative,discourse,96,0.4438,0.715,0.6207,1.0
Qwen3-32B,Qwen3,32.8,class_demo,syntax,44,0.7655,0.927,0.8258,1.0
Qwen3-32B,Qwen3,32.8,clefting_e3,syntax,48,0.7073,0.877,0.8065,1.0
Qwen3-32B,Qwen3,32.8,clefting_e4,syntax,48,0.7982,0.969,0.8237,1.0
Qwen3-32B,Qwen3,32.8,coherence_survey_list1_main,discourse,100,0.9041,0.95,0.9516,1.0
Qwen3-32B,Qwen3,32.8,coherence_survey_list2_main,discourse,100,0.9069,0.948,0.9566,1.0
Qwen3-32B,Qwen3,32.8,coherence_survey_list3_main,discourse,100,0.896,0.942,0.9512,1.0
Qwen3-32B,Qwen3,32.8,coherence_survey_list4_main,discourse,100,0.8875,0.95,0.9342,1.0
Qwen3-32B,Qwen3,32.8,constituency_tests_2,syntax,48,0.713,0.836,0.8528,1.0
Qwen3-32B,Qwen3,32.8,constituency_tests,syntax,48,0.6305,0.654,0.964,1.0
Qwen3-32B,Qwen3,32.8,copy_cat_polly_june_2014,discourse,102,0.5708,0.865,0.6599,0.998
Qwen3-32B,Qwen3,32.8,copy_of_verb_causality_study_semantics_ratings_mk_april_2010,lexical_semantics,62,0.4075,0.83,0.491,0.9999
Qwen3-32B,Qwen3,32.8,crossed_dependencies_long,syntax,201,0.7169,0.899,0.7975,1.0
Qwen3-32B,Qwen3,32.8,cul_jack_april_12_2012_54_short_texts_with_two_comprehension_questions,syntax,210,0.6637,0.896,0.7407,0.9992
Qwen3-32B,Qwen3,32.8,cul_jack_sentence_naturalness_survey_april_2010,syntax,220,0.7917,0.952,0.8316,1.0
Qwen3-32B,Qwen3,32.8,dative_alternation_extension_version_2,syntax,229,0.4587,0.456,1.0058,1.0
Qwen3-32B,Qwen3,32.8,dative_finnish,discourse,96,0.4558,0.689,0.6616,0.9986
Qwen3-32B,Qwen3,32.8,dative_turkish,discourse,96,0.4251,0.734,0.5791,0.9999
Qwen3-32B,Qwen3,32.8,dentella2023_grammaticality,syntax,80,0.6156,0.981,0.6275,0.0025
Qwen3-32B,Qwen3,32.8,depth_charge_survey,sentence_semantics,188,0.6938,0.846,0.8202,0.9999
Qwen3-32B,Qwen3,32.8,depth_charge_with_noise,sentence_semantics,188,0.7361,0.854,0.862,0.9999
Qwen3-32B,Qwen3,32.8,discourse_30subjs_list1,discourse,100,0.889,0.941,0.9448,1.0
Qwen3-32B,Qwen3,32.8,discourse_30subjs_list2,discourse,100,0.9021,0.951,0.9486,1.0
Qwen3-32B,Qwen3,32.8,discourse_30subjs_list3,discourse,100,0.9156,0.947,0.9668,1.0
Qwen3-32B,Qwen3,32.8,discourse_30subjs_list4,discourse,100,0.9049,0.942,0.9606,1.0
Qwen3-32B,Qwen3,32.8,discourse_causality_list1,discourse,100,0.8755,0.935,0.9364,0.9995
Qwen3-32B,Qwen3,32.8,discourse_causality_list2,discourse,100,0.8652,0.952,0.9088,0.9995
Qwen3-32B,Qwen3,32.8,discourse_causality_list3,discourse,100,0.8481,0.933,0.909,0.9996
Qwen3-32B,Qwen3,32.8,discourse_causality_list4,discourse,100,0.8238,0.955,0.8627,0.9996
Qwen3-32B,Qwen3,32.8,discourse_changed_0428,discourse,48,0.8402,0.953,0.8817,1.0
Qwen3-32B,Qwen3,32.8,discourse_coherence_list1,discourse,100,0.9215,0.943,0.9772,0.9993
Qwen3-32B,Qwen3,32.8,discourse_coherence_list2,discourse,100,0.8963,0.936,0.9576,0.9994
Qwen3-32B,Qwen3,32.8,discourse_coherence_list3,discourse,100,0.9143,0.95,0.9624,0.9992
Qwen3-32B,Qwen3,32.8,discourse_coherence_list4,discourse,100,0.8694,0.933,0.9318,0.9994
Qwen3-32B,Qwen3,32.8,discourse_imagability_pairs_list1,sentence_semantics,100,0.4751,0.917,0.5182,0.9998
Qwen3-32B,Qwen3,32.8,discourse_imagability_pairs_list2,sentence_semantics,100,0.5131,0.946,0.5424,0.9997
Qwen3-32B,Qwen3,32.8,discourse_imagability_singles_list1,sentence_semantics,100,0.7714,0.938,0.8224,0.9999
Qwen3-32B,Qwen3,32.8,discourse_imagability_singles_list2,sentence_semantics,100,0.894,0.954,0.9371,0.9999
Qwen3-32B,Qwen3,32.8,discourse_imagability_singles_list3,sentence_semantics,100,0.8014,0.931,0.8608,0.9999
Qwen3-32B,Qwen3,32.8,discourse_imagability_singles_list4,sentence_semantics,100,0.8261,0.948,0.8714,0.9999
Qwen3-32B,Qwen3,32.8,discourse_mentalizing_pairs_list1,sentence_semantics,100,0.8015,0.928,0.8637,0.9997
Qwen3-32B,Qwen3,32.8,discourse_mentalizing_pairs_list2,sentence_semantics,100,0.7448,0.931,0.8,0.9996
Qwen3-32B,Qwen3,32.8,discourse_mentalizing_singles_list1,sentence_semantics,100,0.737,0.935,0.7883,0.9999
Qwen3-32B,Qwen3,32.8,discourse_mentalizing_singles_list2,sentence_semantics,100,0.8241,0.925,0.8909,0.9999
Qwen3-32B,Qwen3,32.8,discourse_mentalizing_singles_list3,sentence_semantics,100,0.6888,0.909,0.7577,0.9999
Qwen3-32B,Qwen3,32.8,discourse_mentalizing_singles_list4,sentence_semantics,100,0.8284,0.952,0.8702,0.9999
Qwen3-32B,Qwen3,32.8,discourse_physics_pairs_list1,sentence_semantics,100,0.7187,0.957,0.751,0.9997
Qwen3-32B,Qwen3,32.8,discourse_physics_pairs_list2,sentence_semantics,100,0.7723,0.951,0.812,0.9996
Qwen3-32B,Qwen3,32.8,discourse_physics_singles_list1,sentence_semantics,100,0.881,0.943,0.9342,0.9999
Qwen3-32B,Qwen3,32.8,discourse_physics_singles_list2,sentence_semantics,100,0.7882,0.952,0.8279,0.9999
Qwen3-32B,Qwen3,32.8,discourse_physics_singles_list3,sentence_semantics,100,0.8672,0.941,0.9216,0.9999
Qwen3-32B,Qwen3,32.8,discourse_physics_singles_list4,sentence_semantics,100,0.8595,0.942,0.9124,0.9999
Qwen3-32B,Qwen3,32.8,discourse_scenes_pairs_list1,sentence_semantics,100,0.8729,0.944,0.9247,0.9996
Qwen3-32B,Qwen3,32.8,discourse_scenes_pairs_list2,sentence_semantics,100,0.8951,0.95,0.9422,0.9996
Qwen3-32B,Qwen3,32.8,discourse_scenes_singles_list1,sentence_semantics,100,0.9041,0.944,0.9577,0.9999
Qwen3-32B,Qwen3,32.8,discourse_scenes_singles_list2,sentence_semantics,100,0.8862,0.949,0.9338,0.9999
Qwen3-32B,Qwen3,32.8,discourse_scenes_singles_list3,sentence_semantics,100,0.8431,0.966,0.8727,0.9999
Qwen3-32B,Qwen3,32.8,discourse_scenes_singles_list4,sentence_semantics,100,0.8891,0.964,0.9223,0.9999
Qwen3-32B,Qwen3,32.8,diveica2023_socialness,lexical_semantics,1000,0.8349,0.883,0.9455,0.9999
Qwen3-32B,Qwen3,32.8,ecog_sentences_imaginability_jan_8_2014,sentence_semantics,120,0.3111,0.833,0.3734,1.0
Qwen3-32B,Qwen3,32.8,ecog_sentences_naturalness_jan_8_2014_2,sentence_semantics,120,0.3926,0.727,0.5401,1.0
Qwen3-32B,Qwen3,32.8,edwards2024_spelling_to_pronunciation_transparency,subword,1000,0.4955,0.826,0.5999,0.9989
Qwen3-32B,Qwen3,32.8,erp_norming_error_detection_june_2013_4,syntax,323,-0.6765,0.841,-0.8043,0.9984
Qwen3-32B,Qwen3,32.8,erp_sentence_naturalness_survey_june_2013_2,syntax,483,0.8691,0.922,0.9427,1.0
Qwen3-32B,Qwen3,32.8,eunice_disfluency_2_nov_17_2011,syntax,190,0.6673,0.832,0.8021,1.0
Qwen3-32B,Qwen3,32.8,eunice_disfluency_nov_15_2011,syntax,468,0.6283,0.807,0.7786,1.0
Qwen3-32B,Qwen3,32.8,european_portuguese_rc,syntax,174,0.7295,0.84,0.8684,0.9997
Qwen3-32B,Qwen3,32.8,european_portuguese_wh,syntax,174,0.8175,0.893,0.9155,0.9995
Qwen3-32B,Qwen3,32.8,extension,syntax,138,0.7573,0.872,0.8684,0.9998
Qwen3-32B,Qwen3,32.8,gabriel_rc,syntax,174,0.7406,0.818,0.9054,0.9997
Qwen3-32B,Qwen3,32.8,gabriel_wh,syntax,174,0.8309,0.902,0.9212,0.9994
Qwen3-32B,Qwen3,32.8,giurgea2025_motivation,lexical_semantics,1000,0.7378,0.856,0.862,0.9997
Qwen3-32B,Qwen3,32.8,huang_response_set1a,syntax,288,0.6184,0.966,0.6402,0.9994
Qwen3-32B,Qwen3,32.8,huang_response_set1b,syntax,288,0.6112,0.964,0.6341,0.9994
Qwen3-32B,Qwen3,32.8,huang_response_set2a,syntax,288,0.7099,0.97,0.7318,0.9994
Qwen3-32B,Qwen3,32.8,huang_response_set2a_declaratives,syntax,288,0.674,0.97,0.6949,0.9994
Qwen3-32B,Qwen3,32.8,huang_response_set2b,syntax,288,0.6925,0.97,0.7139,0.9994
Qwen3-32B,Qwen3,32.8,huang_response_set2b_declaratives,syntax,288,0.7007,0.974,0.7194,0.9994
Qwen3-32B,Qwen3,32.8,imperative_control_iad_gs_may_16_2011_purple_puppy,pragmatics,96,0.5042,0.86,0.5862,1.0
Qwen3-32B,Qwen3,32.8,isac_sentence_naturalness_survey_feb_2011_64_items_survey_code_giant_c,syntax,256,0.7849,0.885,0.8869,0.9998
Qwen3-32B,Qwen3,32.8,islands_acceptability_expt_2_dec_2_2012,syntax,480,0.7368,0.874,0.843,1.0
Qwen3-32B,Qwen3,32.8,italian_dative_v2,discourse,192,0.2353,0.604,0.3896,0.9998
Qwen3-32B,Qwen3,32.8,italian_locative_v7,discourse,192,0.5096,0.66,0.7721,0.9999
Qwen3-32B,Qwen3,32.8,lancaster2020_auditory,lexical_semantics,1000,0.2733,0.831,0.3289,0.9999
Qwen3-32B,Qwen3,32.8,lancaster2020_foot_leg,lexical_semantics,1000,0.5236,0.729,0.7182,1.0
Qwen3-32B,Qwen3,32.8,lancaster2020_gustatory,lexical_semantics,1000,0.3558,0.545,0.6529,1.0
Qwen3-32B,Qwen3,32.8,lancaster2020_hand_arm,lexical_semantics,1000,0.3899,0.783,0.498,0.9999
Qwen3-32B,Qwen3,32.8,lancaster2020_haptic,lexical_semantics,1000,0.4226,0.808,0.523,0.9999
Qwen3-32B,Qwen3,32.8,lancaster2020_head,lexical_semantics,1000,0.4248,0.57,0.7453,0.9999
Qwen3-32B,Qwen3,32.8,lancaster2020_interoceptive,lexical_semantics,1000,0.6081,0.778,0.7816,1.0
Qwen3-32B,Qwen3,32.8,lancaster2020_mouth,lexical_semantics,1000,0.4282,0.777,0.5511,0.9998
Qwen3-32B,Qwen3,32.8,lancaster2020_olfactory,lexical_semantics,1000,0.4077,0.622,0.6554,0.9999
Qwen3-32B,Qwen3,32.8,lancaster2020_torso,lexical_semantics,1000,0.4118,0.675,0.6101,0.9999
Qwen3-32B,Qwen3,32.8,lancaster2020_visual,lexical_semantics,1000,0.4602,0.767,0.6,0.9999
Qwen3-32B,Qwen3,32.8,lauren_sentence_naturalness_survey_expt3_nov_17_2011,syntax,460,0.5539,0.633,0.8751,0.9999
Qwen3-32B,Qwen3,32.8,lauren_sentence_naturalness_survey_expt_2_nov_15_2011,syntax,252,0.5789,0.712,0.8131,0.9999
Qwen3-32B,Qwen3,32.8,lauren_sentence_naturalness_survey_oct_14_2011,syntax,360,0.5941,0.703,0.8451,0.9999
Qwen3-32B,Qwen3,32.8,lexical_frame_adjectives_likert_set1,syntax,384,0.7681,0.83,0.9254,1.0
Qwen3-32B,Qwen3,32.8,lexical_frame_adjectives_likert_set2,syntax,384,0.682,0.744,0.9167,1.0
Qwen3-32B,Qwen3,32.8,lexical_frame_adjectives_likert_set3,syntax,384,0.7758,0.873,0.8887,1.0
Qwen3-32B,Qwen3,32.8,locative_topicalization_survey,discourse,229,0.6261,0.777,0.8058,0.9999
Qwen3-32B,Qwen3,32.8,massive_mem_arousal_mar_2013,lexical_semantics,1000,0.6645,0.883,0.7525,1.0
Qwen3-32B,Qwen3,32.8,massive_mem_arousal_mar_2013_end_2,lexical_semantics,242,0.7241,0.85,0.8519,1.0
Qwen3-32B,Qwen3,32.8,massive_mem_arousal_mar_2014,lexical_semantics,1000,0.6825,0.863,0.7909,0.9999
Qwen3-32B,Qwen3,32.8,massive_mem_arousal_mar_2014_end_1,lexical_semantics,242,0.6952,0.886,0.7847,1.0
Qwen3-32B,Qwen3,32.8,massive_mem_concreteness_mar_2013,lexical_semantics,1000,0.668,0.956,0.6987,1.0
Qwen3-32B,Qwen3,32.8,massive_mem_concreteness_mar_2013_end_1,lexical_semantics,242,0.8966,0.959,0.9349,1.0
Qwen3-32B,Qwen3,32.8,massive_mem_concreteness_mar_2014,lexical_semantics,1000,0.7859,0.952,0.8255,0.9999
Qwen3-32B,Qwen3,32.8,massive_mem_concreteness_mar_2014_end_1,lexical_semantics,242,0.8289,0.955,0.8679,1.0
Qwen3-32B,Qwen3,32.8,massive_mem_imageability_mar_2013,lexical_semantics,1000,0.7845,0.961,0.8164,1.0
Qwen3-32B,Qwen3,32.8,massive_mem_imageability_mar_2013_end_1,lexical_semantics,242,0.843,0.963,0.8754,1.0
Qwen3-32B,Qwen3,32.8,massive_mem_imageability_mar_2014,lexical_semantics,1000,0.7308,0.948,0.7709,1.0
Qwen3-32B,Qwen3,32.8,massive_mem_imageability_mar_2014_end_1,lexical_semantics,242,0.759,0.964,0.7874,1.0
Qwen3-32B,Qwen3,32.8,massive_mem_valence_mar_2013,lexical_semantics,1000,0.6266,0.948,0.6609,1.0
Qwen3-32B,Qwen3,32.8,massive_mem_valence_mar_2013_end_1,lexical_semantics,242,0.8467,0.966,0.8765,1.0
Qwen3-32B,Qwen3,32.8,massive_mem_valence_mar_2014,lexical_semantics,1000,0.8788,0.961,0.9145,1.0
Qwen3-32B,Qwen3,32.8,massive_mem_valence_mar_2014_end_1,lexical_semantics,242,0.8806,0.959,0.9182,1.0
Qwen3-32B,Qwen3,32.8,melissa_short_naturalness_test,sentence_semantics,24,0.8189,0.968,0.8459,1.0
Qwen3-32B,Qwen3,32.8,missing_vp_extension_0501_final,syntax,72,0.5416,0.741,0.7309,0.9996
Qwen3-32B,Qwen3,32.8,missing_vp_extension,syntax,80,0.5294,0.881,0.6009,1.0
Qwen3-32B,Qwen3,32.8,missing_vp_rereplication,syntax,72,0.4893,0.707,0.6921,1.0
Qwen3-32B,Qwen3,32.8,mk_grammaticality_study_7_20,syntax,1000,0.4579,0.876,0.5227,1.0
Qwen3-32B,Qwen3,32.8,muraki2023_concreteness,lexical_semantics,1000,0.516,0.829,0.6224,0.9998
Qwen3-32B,Qwen3,32.8,noisy_channel_acceptability_1_sept_2013_1,syntax,496,0.8456,0.921,0.9181,1.0
Qwen3-32B,Qwen3,32.8,noisy_channel_acceptability_2_sept_2013,syntax,380,0.8716,0.965,0.9032,1.0
Qwen3-32B,Qwen3,32.8,noisy_rc_norming_oct19,sentence_semantics,128,0.5594,0.838,0.6675,1.0
Qwen3-32B,Qwen3,32.8,of_acceptability_2,syntax,88,0.8199,0.951,0.8622,1.0
Qwen3-32B,Qwen3,32.8,orange_camel_sentence_naturalness_survey_nov_2010,discourse,144,0.7558,0.861,0.8779,1.0
Qwen3-32B,Qwen3,32.8,orc_lauren_sentence_naturalness_survey_july_2012,syntax,192,0.861,0.948,0.9082,0.9999
Qwen3-32B,Qwen3,32.8,p_p_sentence_naturalness_survey_aug_2010,syntax,252,0.5136,0.859,0.5979,1.0
Qwen3-32B,Qwen3,32.8,p_p_sentence_naturalness_survey_dec_2009,syntax,324,0.7048,0.95,0.7419,1.0
Qwen3-32B,Qwen3,32.8,p_p_sentence_naturalness_survey_feb,syntax,614,0.5192,0.664,0.7819,1.0
Qwen3-32B,Qwen3,32.8,p_p_sentence_naturalness_survey_june_2013_v3,syntax,242,0.6288,0.928,0.6776,0.9996
Qwen3-32B,Qwen3,32.8,paris_judgments_3_dec_2012,syntax,477,0.4583,0.845,0.5423,0.9999
Qwen3-32B,Qwen3,32.8,pascal_1_dec_2012,syntax,544,0.2054,0.066,3.1128,1.0
Qwen3-32B,Qwen3,32.8,presup_survey_1_acd_july_2012,pragmatics,240,0.7235,0.83,0.8717,0.9996
Qwen3-32B,Qwen3,32.8,presup_survey_2_acd_july_2012,pragmatics,240,0.3557,0.665,0.5349,0.9996
Qwen3-32B,Qwen3,32.8,pronouns_following_verbs,pragmatics,44,0.3519,0.706,0.4984,0.9986
Qwen3-32B,Qwen3,32.8,pronouns_following_verbs_an,pragmatics,44,0.012,0.663,0.0181,0.9964
Qwen3-32B,Qwen3,32.8,pronouns_following_verbs_ce,pragmatics,44,0.3422,0.708,0.4833,0.9985
Qwen3-32B,Qwen3,32.8,pronouns_following_verbs_sm,pragmatics,44,0.033,0.443,0.0744,0.9981
Qwen3-32B,Qwen3,32.8,pronouns_following_verbs_so,pragmatics,44,0.2128,0.509,0.4181,0.9972
Qwen3-32B,Qwen3,32.8,pronouns_following_verbs_ve,pragmatics,45,0.5304,0.567,0.9354,0.9981
Qwen3-32B,Qwen3,32.8,quant_syn_april_13_2012_90_sentences_with_a_question_and_a_rating_code,syntax,184,0.8108,0.91,0.891,1.0
Qwen3-32B,Qwen3,32.8,quant_syn_april_14_2012_48_sentences_with_a_question_and_a_rating_code,syntax,168,0.8216,0.96,0.8559,0.9998
Qwen3-32B,Qwen3,32.8,quant_syn_april_16_2012_36_sentences_with_a_question_and_a_rating_code,syntax,126,0.8589,0.965,0.89,0.9998
Qwen3-32B,Qwen3,32.8,quantifier_naturalness_survey_june_4_2010,syntax,192,0.5472,0.639,0.8563,1.0
Qwen3-32B,Qwen3,32.8,quantitative_syntax_survey,syntax,129,0.7647,0.852,0.8975,1.0
Qwen3-32B,Qwen3,32.8,rating_english_sentences,syntax,240,0.774,0.899,0.861,0.9996
Qwen3-32B,Qwen3,32.8,reasoning_and_language_tasks_survey_code_talkative_pigeon,syntax,72,0.6199,0.941,0.6588,0.9999
Qwen3-32B,Qwen3,32.8,relative_clause_displacements_in_english_sentences,syntax,180,0.4607,0.501,0.9195,1.0
Qwen3-32B,Qwen3,32.8,relative_clause_displacements_in_english_sentences_with_fill,syntax,93,0.6598,0.846,0.7799,1.0
Qwen3-32B,Qwen3,32.8,replication_study_9_59,discourse,185,0.5587,0.363,1.5393,1.0
Qwen3-32B,Qwen3,32.8,richard_islands_acceptability_expt_1_april_25_2013_3,syntax,144,0.7008,0.819,0.8557,1.0
Qwen3-32B,Qwen3,32.8,richard_islands_acceptability_expt_2_april_26_2013,syntax,228,0.8773,0.92,0.9536,1.0
Qwen3-32B,Qwen3,32.8,richard_islands_acceptability_expt_4_april_26_2013_1,syntax,100,0.8823,0.931,0.9477,1.0
Qwen3-32B,Qwen3,32.8,richard_islands_acceptability_expt_5_april_27_2013_1,syntax,132,0.5585,0.619,0.9023,1.0
Qwen3-32B,Qwen3,32.8,richard_islands_acceptability_expt_6_april_28_2013_while_whq_decl,syntax,100,0.8717,0.965,0.9033,1.0
Qwen3-32B,Qwen3,32.8,russian_freezing,syntax,180,0.8166,0.898,0.9093,1.0
Qwen3-32B,Qwen3,32.8,semantics1_finalproject,sentence_semantics,96,0.8788,0.972,0.9041,1.0
Qwen3-32B,Qwen3,32.8,semantics2_finalproject,sentence_semantics,96,0.7972,0.986,0.8086,0.9999
Qwen3-32B,Qwen3,32.8,semantics3_final_project,pragmatics,96,0.7734,0.974,0.7941,0.998
Qwen3-32B,Qwen3,32.8,sentence_completions_and_islands_acceptability_expt_1_nov_13_2012,syntax,112,0.7,0.969,0.7224,1.0
Qwen3-32B,Qwen3,32.8,sentence_naturalness_isac_survey_feb_2011,syntax,304,0.8208,0.836,0.9819,1.0
Qwen3-32B,Qwen3,32.8,sentence_naturalness_survey_acd_ratings_hackl_expt_7_oct_25_2012_1,syntax,176,0.7301,0.886,0.824,0.9999
Qwen3-32B,Qwen3,32.8,sentence_naturalness_survey_acd_ratings_hackl_replic_expt_1_july_14_20,syntax,480,0.5409,0.864,0.626,1.0
Qwen3-32B,Qwen3,32.8,sentence_naturalness_survey_acd_ratings_v4_july_13_2012,syntax,176,0.5653,0.748,0.7558,0.9999
Qwen3-32B,Qwen3,32.8,sentence_naturalness_survey_acd_v1_jan_2012,discourse,128,0.0529,0.299,0.1771,0.9999
Qwen3-32B,Qwen3,32.8,sentence_naturalness_survey_acd_v6_oct_25_2012,discourse,128,0.0469,0.602,0.0779,0.9999
Qwen3-32B,Qwen3,32.8,sentence_naturalness_survey_denise_jan_12_2011_survey_code_pig_the_pig,syntax,200,0.8909,0.986,0.9036,0.9997
Qwen3-32B,Qwen3,32.8,sentence_naturalness_survey_denise_sept_8_2010_survey_code_pig_the_pig,syntax,224,0.8538,0.972,0.8784,0.9997
Qwen3-32B,Qwen3,32.8,sentence_naturalness_survey_feb_16_1_2012_60_items_code_shy_armadillo,syntax,120,0.7351,0.912,0.8061,1.0
Qwen3-32B,Qwen3,32.8,sentence_naturalness_survey_for_gs_dec_2009,pragmatics,122,0.6739,0.882,0.7641,0.9999
Qwen3-32B,Qwen3,32.8,sentence_naturalness_survey_for_gs_jan_2010,pragmatics,133,0.7222,0.906,0.7971,0.9999
Qwen3-32B,Qwen3,32.8,sentence_naturalness_survey_for_gs_jan_23_2010,pragmatics,216,0.6489,0.942,0.6889,0.9999
Qwen3-32B,Qwen3,32.8,sentence_naturalness_survey_for_gs_may_11_2011_purple_puppy,pragmatics,72,0.55,0.873,0.63,0.9999
Qwen3-32B,Qwen3,32.8,sentence_naturalness_survey_for_jk_april_4_2010,discourse,96,0.5551,0.886,0.6265,1.0
Qwen3-32B,Qwen3,32.8,sentence_naturalness_survey_for_jk_april_4_expt_3_2010,discourse,96,0.5676,0.83,0.6839,1.0
Qwen3-32B,Qwen3,32.8,sentence_naturalness_survey_for_jk_april_9_expt_4_2010,discourse,96,0.5682,0.831,0.6837,1.0
Qwen3-32B,Qwen3,32.8,sentence_naturalness_survey_for_jk_june_24_2010_v2,discourse,176,0.5542,0.787,0.7042,1.0
Qwen3-32B,Qwen3,32.8,sentence_naturalness_survey_for_jk_mar_2010,discourse,96,0.5678,0.88,0.6453,1.0
Qwen3-32B,Qwen3,32.8,sentence_naturalness_survey_for_jkm_dec_2009,discourse,128,0.0549,0.18,0.3048,0.9999
Qwen3-32B,Qwen3,32.8,sentence_naturalness_survey_for_jkm_jan_2012,discourse,128,0.0774,0.266,0.2908,0.9999
Qwen3-32B,Qwen3,32.8,sentence_naturalness_survey_for_lb_dec_2009,discourse,108,0.6208,0.832,0.7461,1.0
Qwen3-32B,Qwen3,32.8,sentence_naturalness_survey_for_lb_feb_20_2010_v2,discourse,79,0.8317,0.951,0.8745,1.0
Qwen3-32B,Qwen3,32.8,sentence_naturalness_survey_for_lb_jan_2011,discourse,519,0.5517,0.886,0.6227,1.0
Qwen3-32B,Qwen3,32.8,sentence_naturalness_survey_for_lb_jan_2011_v2,discourse,519,0.4613,0.689,0.6695,1.0
Qwen3-32B,Qwen3,32.8,sentence_naturalness_survey_for_lb_jan_2011_v3,discourse,519,0.5019,0.886,0.5665,1.0
Qwen3-32B,Qwen3,32.8,sentence_naturalness_survey_for_lb_mar_2010_2,discourse,241,0.644,0.935,0.6888,1.0
Qwen3-32B,Qwen3,32.8,sentence_naturalness_survey_for_lb_mar_2010,discourse,123,0.6854,0.951,0.7207,0.9999
Qwen3-32B,Qwen3,32.8,sentence_naturalness_survey_for_lb_may_2010,discourse,148,0.6886,0.953,0.7225,1.0
Qwen3-32B,Qwen3,32.8,sentence_naturalness_survey_for_lb_prelim_oct_2010,discourse,402,0.4716,0.882,0.5347,1.0
Qwen3-32B,Qwen3,32.8,sentence_naturalness_survey_for_rw_dec_2009,discourse,180,0.6512,0.825,0.7894,1.0
Qwen3-32B,Qwen3,32.8,sentence_naturalness_survey_for_rw_jan_2010,discourse,480,0.6136,0.872,0.7037,1.0
Qwen3-32B,Qwen3,32.8,sentence_naturalness_survey_laura_mar_17_2012_92_items_code_lazy_cater,sentence_semantics,368,0.8281,0.883,0.9379,0.9999
Qwen3-32B,Qwen3,32.8,sentence_naturalness_survey_laura_mar_17_2012_96_items_code_lazy_cater,sentence_semantics,384,0.7921,0.883,0.897,0.9999
Qwen3-32B,Qwen3,32.8,sentence_naturalness_survey_may_4_2011_36_items_code_anxious_bat,syntax,84,0.5438,0.757,0.7183,0.9999
Qwen3-32B,Qwen3,32.8,sentence_naturalness_survey_nat_aug_28_2010_survey_code_downtown,syntax,270,0.6874,0.956,0.719,0.9998
Qwen3-32B,Qwen3,32.8,short_acceptability_feb_6_2014,syntax,128,0.7401,0.907,0.816,1.0
Qwen3-32B,Qwen3,32.8,susan_canonicity_rerunning_2,syntax,52,0.7601,0.95,0.8001,1.0
Qwen3-32B,Qwen3,32.8,topicalization_e1,syntax,77,0.8589,0.942,0.9118,1.0
Qwen3-32B,Qwen3,32.8,verb_causality_study_semantics_ratings_mk_april_2010,lexical_semantics,188,0.6147,0.972,0.6324,0.9999
Qwen3-32B,Qwen3,32.8,verb_causality_study_syntax_ratings_mk_april_2010,syntax,653,0.3393,0.633,0.536,1.0
Qwen3-32B,Qwen3,32.8,wm2_wm5_9_59_sentence_naturalness_survey_april_2011,syntax,219,0.7649,0.839,0.9117,0.9999
Qwen3-32B,Qwen3,32.8,word3_b_word_naturalness_survey_may_4_2011_160_items_code_sleepy_bear,subword,158,0.803,0.937,0.8569,1.0
Qwen3-32B,Qwen3,32.8,word3_word_naturalness_survey_may_1_2011_45_items_code_nosy_badger,subword,45,0.7577,0.948,0.7992,1.0
Qwen3-4B,Qwen3,4.0,50_sentences_noisy_channel_may_25_2011,pragmatics,208,0.2842,0.555,0.512,1.0
Qwen3-4B,Qwen3,4.0,50_sentences_with_2_comp_qs_plus_rating_mar_11_2011,sentence_semantics,208,0.4863,0.588,0.8271,1.0
Qwen3-4B,Qwen3,4.0,acceptability_extension_959_v5,syntax,566,0.7578,0.797,0.9508,1.0
Qwen3-4B,Qwen3,4.0,acceptability_judgments_kang,syntax,136,0.7204,0.974,0.7396,1.0
Qwen3-4B,Qwen3,4.0,acceptability_replication_959,syntax,288,0.9119,0.964,0.946,1.0
Qwen3-4B,Qwen3,4.0,acd_context_polly_1_nov_23_2012,discourse,310,0.1672,0.462,0.3618,1.0
Qwen3-4B,Qwen3,4.0,acd_no_context_polly_1_nov_23_2012,syntax,213,0.4993,0.838,0.5958,1.0
Qwen3-4B,Qwen3,4.0,acd_project_also_3_nov_24_2012_2,syntax,128,0.4149,0.874,0.4747,1.0
Qwen3-4B,Qwen3,4.0,acd_project_expt_23_also_nov_16_2012,syntax,600,0.5395,0.825,0.654,1.0
Qwen3-4B,Qwen3,4.0,acd_project_expt_24_same_diff_verbs_nov_16_2012,syntax,472,0.5378,0.89,0.6043,1.0
Qwen3-4B,Qwen3,4.0,acd_project_expt_31_same_diff_verbs_nov_16_2012_1,syntax,176,0.5294,0.755,0.7012,1.0
Qwen3-4B,Qwen3,4.0,acd_project_expt_42_also_verbs_nov_29_2012_1,syntax,176,0.3113,0.63,0.4941,1.0
Qwen3-4B,Qwen3,4.0,acd_project_expt_44_the_same_nov_29_2012_1,syntax,140,0.5437,0.601,0.9046,1.0
Qwen3-4B,Qwen3,4.0,acd_project_expt_45_hkv_expt_2_plaus_nov_29_2012,syntax,360,0.4073,0.774,0.5262,1.0
Qwen3-4B,Qwen3,4.0,acd_project_expt_46_also_in_hkv_2_nov_29_2012_1,syntax,448,0.3201,0.56,0.5715,1.0
Qwen3-4B,Qwen3,4.0,active_passive_sentence_naturalness_survey_july_2012,syntax,132,0.764,0.887,0.8613,1.0
Qwen3-4B,Qwen3,4.0,aixiu_coherence_en_update1,sentence_semantics,277,0.8026,0.882,0.91,1.0
Qwen3-4B,Qwen3,4.0,alex_paunov_literal_inferences_dec_3_2011,pragmatics,299,0.0847,0.908,0.0933,1.0
Qwen3-4B,Qwen3,4.0,amouyal2024_plausibility,sentence_semantics,853,0.5378,0.915,0.5878,1.0
Qwen3-4B,Qwen3,4.0,animacy_passive_dative_kyle,syntax,120,0.4634,0.926,0.5005,1.0
Qwen3-4B,Qwen3,4.0,anne_abeille_acceptability_july_12_2017_1,syntax,296,0.5738,0.635,0.9036,1.0
Qwen3-4B,Qwen3,4.0,base_acceptability_0908,syntax,73,0.3926,0.931,0.4217,1.0
Qwen3-4B,Qwen3,4.0,brief_sentence_naturalness_survey_march_2011,sentence_semantics,64,0.8586,0.96,0.8944,1.0
Qwen3-4B,Qwen3,4.0,can_noncan_acceptability_0924,syntax,88,0.594,0.966,0.6149,1.0
Qwen3-4B,Qwen3,4.0,can_noncan_acceptability_2,syntax,88,0.6756,0.962,0.7022,1.0
Qwen3-4B,Qwen3,4.0,chinese_dative,discourse,96,0.3011,0.715,0.4212,1.0
Qwen3-4B,Qwen3,4.0,class_demo,syntax,44,0.6215,0.927,0.6704,1.0
Qwen3-4B,Qwen3,4.0,clefting_e3,syntax,48,0.1787,0.877,0.2037,1.0
Qwen3-4B,Qwen3,4.0,clefting_e4,syntax,48,0.1557,0.969,0.1607,1.0
Qwen3-4B,Qwen3,4.0,coherence_survey_list1_main,discourse,100,0.8831,0.95,0.9296,1.0
Qwen3-4B,Qwen3,4.0,coherence_survey_list2_main,discourse,100,0.8943,0.948,0.9433,1.0
Qwen3-4B,Qwen3,4.0,coherence_survey_list3_main,discourse,100,0.8672,0.942,0.9206,1.0
Qwen3-4B,Qwen3,4.0,coherence_survey_list4_main,discourse,100,0.8546,0.95,0.8995,1.0
Qwen3-4B,Qwen3,4.0,constituency_tests_2,syntax,48,0.5391,0.836,0.6449,1.0
Qwen3-4B,Qwen3,4.0,constituency_tests,syntax,48,0.5095,0.654,0.779,1.0
Qwen3-4B,Qwen3,4.0,copy_cat_polly_june_2014,discourse,102,0.5274,0.865,0.6097,1.0
Qwen3-4B,Qwen3,4.0,copy_of_verb_causality_study_semantics_ratings_mk_april_2010,lexical_semantics,62,0.5456,0.83,0.6574,1.0
Qwen3-4B,Qwen3,4.0,crossed_dependencies_long,syntax,201,0.4863,0.899,0.5409,1.0
Qwen3-4B,Qwen3,4.0,cul_jack_april_12_2012_54_short_texts_with_two_comprehension_questions,syntax,210,0.4278,0.896,0.4775,1.0
Qwen3-4B,Qwen3,4.0,cul_jack_sentence_naturalness_survey_april_2010,syntax,220,0.7893,0.952,0.8291,1.0
Qwen3-4B,Qwen3,4.0,dative_alternation_extension_version_2,syntax,229,0.4225,0.456,0.9266,1.0
Qwen3-4B,Qwen3,4.0,dative_finnish,discourse,96,0.3397,0.689,0.493,1.0
Qwen3-4B,Qwen3,4.0,dative_turkish,discourse,96,0.0191,0.734,0.026,0.9998
Qwen3-4B,Qwen3,4.0,dentella2023_grammaticality,syntax,80,0.5157,0.981,0.5257,0.9975
Qwen3-4B,Qwen3,4.0,depth_charge_survey,sentence_semantics,188,0.0869,0.846,0.1027,1.0
Qwen3-4B,Qwen3,4.0,depth_charge_with_noise,sentence_semantics,188,0.4555,0.854,0.5334,1.0
Qwen3-4B,Qwen3,4.0,discourse_30subjs_list1,discourse,100,0.8943,0.941,0.9504,1.0
Qwen3-4B,Qwen3,4.0,discourse_30subjs_list2,discourse,100,0.8858,0.951,0.9314,1.0
Qwen3-4B,Qwen3,4.0,discourse_30subjs_list3,discourse,100,0.8781,0.947,0.9273,1.0
Qwen3-4B,Qwen3,4.0,discourse_30subjs_list4,discourse,100,0.8879,0.942,0.9425,1.0
Qwen3-4B,Qwen3,4.0,discourse_causality_list1,discourse,100,0.7794,0.935,0.8336,1.0
Qwen3-4B,Qwen3,4.0,discourse_causality_list2,discourse,100,0.7908,0.952,0.8307,1.0
Qwen3-4B,Qwen3,4.0,discourse_causality_list3,discourse,100,0.7248,0.933,0.7769,1.0
Qwen3-4B,Qwen3,4.0,discourse_causality_list4,discourse,100,0.7691,0.955,0.8053,1.0
Qwen3-4B,Qwen3,4.0,discourse_changed_0428,discourse,48,0.8692,0.953,0.9121,1.0
Qwen3-4B,Qwen3,4.0,discourse_coherence_list1,discourse,100,0.8983,0.943,0.9526,1.0
Qwen3-4B,Qwen3,4.0,discourse_coherence_list2,discourse,100,0.8627,0.936,0.9216,1.0
Qwen3-4B,Qwen3,4.0,discourse_coherence_list3,discourse,100,0.8727,0.95,0.9187,1.0
Qwen3-4B,Qwen3,4.0,discourse_coherence_list4,discourse,100,0.831,0.933,0.8906,1.0
Qwen3-4B,Qwen3,4.0,discourse_imagability_pairs_list1,sentence_semantics,100,0.3233,0.917,0.3525,1.0
Qwen3-4B,Qwen3,4.0,discourse_imagability_pairs_list2,sentence_semantics,100,0.3576,0.946,0.378,1.0
Qwen3-4B,Qwen3,4.0,discourse_imagability_singles_list1,sentence_semantics,100,0.7308,0.938,0.7791,1.0
Qwen3-4B,Qwen3,4.0,discourse_imagability_singles_list2,sentence_semantics,100,0.8393,0.954,0.8798,1.0
Qwen3-4B,Qwen3,4.0,discourse_imagability_singles_list3,sentence_semantics,100,0.767,0.931,0.8238,1.0
Qwen3-4B,Qwen3,4.0,discourse_imagability_singles_list4,sentence_semantics,100,0.7717,0.948,0.814,1.0
Qwen3-4B,Qwen3,4.0,discourse_mentalizing_pairs_list1,sentence_semantics,100,0.836,0.928,0.9009,1.0
Qwen3-4B,Qwen3,4.0,discourse_mentalizing_pairs_list2,sentence_semantics,100,0.7294,0.931,0.7834,1.0
Qwen3-4B,Qwen3,4.0,discourse_mentalizing_singles_list1,sentence_semantics,100,0.5739,0.935,0.6138,1.0
Qwen3-4B,Qwen3,4.0,discourse_mentalizing_singles_list2,sentence_semantics,100,0.7342,0.925,0.7937,1.0
Qwen3-4B,Qwen3,4.0,discourse_mentalizing_singles_list3,sentence_semantics,100,0.5228,0.909,0.5751,1.0
Qwen3-4B,Qwen3,4.0,discourse_mentalizing_singles_list4,sentence_semantics,100,0.7708,0.952,0.8097,1.0
Qwen3-4B,Qwen3,4.0,discourse_physics_pairs_list1,sentence_semantics,100,0.5662,0.957,0.5917,1.0
Qwen3-4B,Qwen3,4.0,discourse_physics_pairs_list2,sentence_semantics,100,0.6846,0.951,0.7199,1.0
Qwen3-4B,Qwen3,4.0,discourse_physics_singles_list1,sentence_semantics,100,0.8277,0.943,0.8778,1.0
Qwen3-4B,Qwen3,4.0,discourse_physics_singles_list2,sentence_semantics,100,0.6758,0.952,0.7099,1.0
Qwen3-4B,Qwen3,4.0,discourse_physics_singles_list3,sentence_semantics,100,0.7979,0.941,0.848,1.0
Qwen3-4B,Qwen3,4.0,discourse_physics_singles_list4,sentence_semantics,100,0.8046,0.942,0.8541,1.0
Qwen3-4B,Qwen3,4.0,discourse_scenes_pairs_list1,sentence_semantics,100,0.8223,0.944,0.871,1.0
Qwen3-4B,Qwen3,4.0,discourse_scenes_pairs_list2,sentence_semantics,100,0.8126,0.95,0.8554,1.0
Qwen3-4B,Qwen3,4.0,discourse_scenes_singles_list1,sentence_semantics,100,0.9105,0.944,0.9645,1.0
Qwen3-4B,Qwen3,4.0,discourse_scenes_singles_list2,sentence_semantics,100,0.873,0.949,0.9199,1.0
Qwen3-4B,Qwen3,4.0,discourse_scenes_singles_list3,sentence_semantics,100,0.8521,0.966,0.8821,1.0
Qwen3-4B,Qwen3,4.0,discourse_scenes_singles_list4,sentence_semantics,100,0.8688,0.964,0.9012,1.0
Qwen3-4B,Qwen3,4.0,diveica2023_socialness,lexical_semantics,1000,0.7532,0.883,0.853,1.0
Qwen3-4B,Qwen3,4.0,ecog_sentences_imaginability_jan_8_2014,sentence_semantics,120,0.3202,0.833,0.3844,1.0
Qwen3-4B,Qwen3,4.0,ecog_sentences_naturalness_jan_8_2014_2,sentence_semantics,120,0.3825,0.727,0.5262,1.0
Qwen3-4B,Qwen3,4.0,edwards2024_spelling_to_pronunciation_transparency,subword,1000,0.5772,0.826,0.6988,1.0
Qwen3-4B,Qwen3,4.0,erp_norming_error_detection_june_2013_4,syntax,323,-0.0739,0.841,-0.0879,1.0
Qwen3-4B,Qwen3,4.0,erp_sentence_naturalness_survey_june_2013_2,syntax,483,0.8176,0.922,0.8868,1.0
Qwen3-4B,Qwen3,4.0,eunice_disfluency_2_nov_17_2011,syntax,190,0.5992,0.832,0.7202,1.0
Qwen3-4B,Qwen3,4.0,eunice_disfluency_nov_15_2011,syntax,468,0.3842,0.807,0.4761,1.0
Qwen3-4B,Qwen3,4.0,european_portuguese_rc,syntax,174,0.7402,0.84,0.8812,1.0
Qwen3-4B,Qwen3,4.0,european_portuguese_wh,syntax,174,0.7281,0.893,0.8153,1.0
Qwen3-4B,Qwen3,4.0,extension,syntax,138,0.7527,0.872,0.8632,1.0
Qwen3-4B,Qwen3,4.0,gabriel_rc,syntax,174,0.7167,0.818,0.8761,1.0
Qwen3-4B,Qwen3,4.0,gabriel_wh,syntax,174,0.7034,0.902,0.7798,1.0
Qwen3-4B,Qwen3,4.0,giurgea2025_motivation,lexical_semantics,1000,0.4945,0.856,0.5777,1.0
Qwen3-4B,Qwen3,4.0,huang_response_set1a,syntax,288,0.415,0.966,0.4296,1.0
Qwen3-4B,Qwen3,4.0,huang_response_set1b,syntax,288,0.4467,0.964,0.4634,1.0
Qwen3-4B,Qwen3,4.0,huang_response_set2a,syntax,288,0.6042,0.97,0.6229,1.0
Qwen3-4B,Qwen3,4.0,huang_response_set2a_declaratives,syntax,288,0.5586,0.97,0.5758,1.0
Qwen3-4B,Qwen3,4.0,huang_response_set2b,syntax,288,0.6024,0.97,0.621,1.0
Qwen3-4B,Qwen3,4.0,huang_response_set2b_declaratives,syntax,288,0.5635,0.974,0.5786,1.0
Qwen3-4B,Qwen3,4.0,imperative_control_iad_gs_may_16_2011_purple_puppy,pragmatics,96,0.2957,0.86,0.3439,1.0
Qwen3-4B,Qwen3,4.0,isac_sentence_naturalness_survey_feb_2011_64_items_survey_code_giant_c,syntax,256,0.7333,0.885,0.8285,1.0
Qwen3-4B,Qwen3,4.0,islands_acceptability_expt_2_dec_2_2012,syntax,480,0.6161,0.874,0.7049,1.0
Qwen3-4B,Qwen3,4.0,italian_dative_v2,discourse,192,0.174,0.604,0.2881,1.0
Qwen3-4B,Qwen3,4.0,italian_locative_v7,discourse,192,0.4447,0.66,0.6738,1.0
Qwen3-4B,Qwen3,4.0,lancaster2020_auditory,lexical_semantics,1000,0.1566,0.831,0.1884,1.0
Qwen3-4B,Qwen3,4.0,lancaster2020_foot_leg,lexical_semantics,1000,0.4773,0.729,0.6548,1.0
Qwen3-4B,Qwen3,4.0,lancaster2020_gustatory,lexical_semantics,1000,0.2136,0.545,0.392,1.0
Qwen3-4B,Qwen3,4.0,lancaster2020_hand_arm,lexical_semantics,1000,0.4021,0.783,0.5136,1.0
Qwen3-4B,Qwen3,4.0,lancaster2020_haptic,lexical_semantics,1000,0.4218,0.808,0.5221,1.0
Qwen3-4B,Qwen3,4.0,lancaster2020_head,lexical_semantics,1000,0.3647,0.57,0.6398,1.0
Qwen3-4B,Qwen3,4.0,lancaster2020_interoceptive,lexical_semantics,1000,0.4111,0.778,0.5284,1.0
Qwen3-4B,Qwen3,4.0,lancaster2020_mouth,lexical_semantics,1000,0.3294,0.777,0.4239,1.0
Qwen3-4B,Qwen3,4.0,lancaster2020_olfactory,lexical_semantics,1000,0.4204,0.622,0.6758,1.0
Qwen3-4B,Qwen3,4.0,lancaster2020_torso,lexical_semantics,1000,0.4129,0.675,0.6117,1.0
Qwen3-4B,Qwen3,4.0,lancaster2020_visual,lexical_semantics,1000,0.4501,0.767,0.5868,1.0
Qwen3-4B,Qwen3,4.0,lauren_sentence_naturalness_survey_expt3_nov_17_2011,syntax,460,0.4647,0.633,0.7342,1.0
Qwen3-4B,Qwen3,4.0,lauren_sentence_naturalness_survey_expt_2_nov_15_2011,syntax,252,0.446,0.712,0.6264,1.0
Qwen3-4B,Qwen3,4.0,lauren_sentence_naturalness_survey_oct_14_2011,syntax,360,0.5128,0.703,0.7295,1.0
Qwen3-4B,Qwen3,4.0,lexical_frame_adjectives_likert_set1,syntax,384,0.6627,0.83,0.7985,1.0
Qwen3-4B,Qwen3,4.0,lexical_frame_adjectives_likert_set2,syntax,384,0.5552,0.744,0.7462,1.0
Qwen3-4B,Qwen3,4.0,lexical_frame_adjectives_likert_set3,syntax,384,0.6435,0.873,0.7371,1.0
Qwen3-4B,Qwen3,4.0,locative_topicalization_survey,discourse,229,0.593,0.777,0.7633,1.0
Qwen3-4B,Qwen3,4.0,massive_mem_arousal_mar_2013,lexical_semantics,1000,0.4529,0.883,0.5129,1.0
Qwen3-4B,Qwen3,4.0,massive_mem_arousal_mar_2013_end_2,lexical_semantics,242,0.5571,0.85,0.6554,1.0
Qwen3-4B,Qwen3,4.0,massive_mem_arousal_mar_2014,lexical_semantics,1000,0.5664,0.863,0.6563,1.0
Qwen3-4B,Qwen3,4.0,massive_mem_arousal_mar_2014_end_1,lexical_semantics,242,0.7205,0.886,0.8132,1.0
Qwen3-4B,Qwen3,4.0,massive_mem_concreteness_mar_2013,lexical_semantics,1000,0.7007,0.956,0.733,1.0
Qwen3-4B,Qwen3,4.0,massive_mem_concreteness_mar_2013_end_1,lexical_semantics,242,0.8179,0.959,0.8529,1.0
Qwen3-4B,Qwen3,4.0,massive_mem_concreteness_mar_2014,lexical_semantics,1000,0.4544,0.952,0.4773,1.0
Qwen3-4B,Qwen3,4.0,massive_mem_concreteness_mar_2014_end_1,lexical_semantics,242,0.4402,0.955,0.461,1.0
Qwen3-4B,Qwen3,4.0,massive_mem_imageability_mar_2013,lexical_semantics,1000,0.6305,0.961,0.656,1.0
Qwen3-4B,Qwen3,4.0,massive_mem_imageability_mar_2013_end_1,lexical_semantics,242,0.7163,0.963,0.7438,1.0
Qwen3-4B,Qwen3,4.0,massive_mem_imageability_mar_2014,lexical_semantics,1000,0.3427,0.948,0.3615,1.0
Qwen3-4B,Qwen3,4.0,massive_mem_imageability_mar_2014_end_1,lexical_semantics,242,0.2652,0.964,0.2751,1.0
Qwen3-4B,Qwen3,4.0,massive_mem_valence_mar_2013,lexical_semantics,1000,0.3639,0.948,0.3838,1.0
Qwen3-4B,Qwen3,4.0,massive_mem_valence_mar_2013_end_1,lexical_semantics,242,0.55,0.966,0.5694,1.0
Qwen3-4B,Qwen3,4.0,massive_mem_valence_mar_2014,lexical_semantics,1000,0.5141,0.961,0.5349,1.0
Qwen3-4B,Qwen3,4.0,massive_mem_valence_mar_2014_end_1,lexical_semantics,242,0.6712,0.959,0.6999,1.0
Qwen3-4B,Qwen3,4.0,melissa_short_naturalness_test,sentence_semantics,24,0.7558,0.968,0.7808,1.0
Qwen3-4B,Qwen3,4.0,missing_vp_extension_0501_final,syntax,72,0.2854,0.741,0.3852,1.0
Qwen3-4B,Qwen3,4.0,missing_vp_extension,syntax,80,0.58,0.881,0.6583,1.0
Qwen3-4B,Qwen3,4.0,missing_vp_rereplication,syntax,72,0.2334,0.707,0.3301,1.0
Qwen3-4B,Qwen3,4.0,mk_grammaticality_study_7_20,syntax,1000,0.301,0.876,0.3436,1.0
Qwen3-4B,Qwen3,4.0,muraki2023_concreteness,lexical_semantics,1000,0.2652,0.829,0.3199,1.0
Qwen3-4B,Qwen3,4.0,noisy_channel_acceptability_1_sept_2013_1,syntax,496,0.7979,0.921,0.8663,1.0
Qwen3-4B,Qwen3,4.0,noisy_channel_acceptability_2_sept_2013,syntax,380,0.8355,0.965,0.8658,1.0
Qwen3-4B,Qwen3,4.0,noisy_rc_norming_oct19,sentence_semantics,128,0.3319,0.838,0.396,1.0
Qwen3-4B,Qwen3,4.0,of_acceptability_2,syntax,88,0.6646,0.951,0.6988,1.0
Qwen3-4B,Qwen3,4.0,orange_camel_sentence_naturalness_survey_nov_2010,discourse,144,0.7212,0.861,0.8377,1.0
Qwen3-4B,Qwen3,4.0,orc_lauren_sentence_naturalness_survey_july_2012,syntax,192,0.7276,0.948,0.7675,1.0
Qwen3-4B,Qwen3,4.0,p_p_sentence_naturalness_survey_aug_2010,syntax,252,0.3987,0.859,0.4642,1.0
Qwen3-4B,Qwen3,4.0,p_p_sentence_naturalness_survey_dec_2009,syntax,324,0.5057,0.95,0.5323,1.0
Qwen3-4B,Qwen3,4.0,p_p_sentence_naturalness_survey_feb,syntax,614,0.3798,0.664,0.572,1.0
Qwen3-4B,Qwen3,4.0,p_p_sentence_naturalness_survey_june_2013_v3,syntax,242,0.4176,0.928,0.45,1.0
Qwen3-4B,Qwen3,4.0,paris_judgments_3_dec_2012,syntax,477,0.3765,0.845,0.4455,1.0
Qwen3-4B,Qwen3,4.0,pascal_1_dec_2012,syntax,544,0.1936,0.066,2.9335,1.0
Qwen3-4B,Qwen3,4.0,presup_survey_1_acd_july_2012,pragmatics,240,0.6798,0.83,0.819,1.0
Qwen3-4B,Qwen3,4.0,presup_survey_2_acd_july_2012,pragmatics,240,0.3467,0.665,0.5214,1.0
Qwen3-4B,Qwen3,4.0,pronouns_following_verbs,pragmatics,44,-0.1855,0.706,-0.2628,1.0
Qwen3-4B,Qwen3,4.0,pronouns_following_verbs_an,pragmatics,44,-0.1806,0.663,-0.2723,1.0
Qwen3-4B,Qwen3,4.0,pronouns_following_verbs_ce,pragmatics,44,-0.2582,0.708,-0.3647,1.0
Qwen3-4B,Qwen3,4.0,pronouns_following_verbs_sm,pragmatics,44,0.0082,0.443,0.0184,1.0
Qwen3-4B,Qwen3,4.0,pronouns_following_verbs_so,pragmatics,44,0.0057,0.509,0.0112,1.0
Qwen3-4B,Qwen3,4.0,pronouns_following_verbs_ve,pragmatics,45,-0.0245,0.567,-0.0432,1.0
Qwen3-4B,Qwen3,4.0,quant_syn_april_13_2012_90_sentences_with_a_question_and_a_rating_code,syntax,184,0.72,0.91,0.7912,1.0
Qwen3-4B,Qwen3,4.0,quant_syn_april_14_2012_48_sentences_with_a_question_and_a_rating_code,syntax,168,0.7327,0.96,0.7632,1.0
Qwen3-4B,Qwen3,4.0,quant_syn_april_16_2012_36_sentences_with_a_question_and_a_rating_code,syntax,126,0.7665,0.965,0.7943,1.0
Qwen3-4B,Qwen3,4.0,quantifier_naturalness_survey_june_4_2010,syntax,192,0.5439,0.639,0.8512,1.0
Qwen3-4B,Qwen3,4.0,quantitative_syntax_survey,syntax,129,0.6876,0.852,0.8071,1.0
Qwen3-4B,Qwen3,4.0,rating_english_sentences,syntax,240,0.6155,0.899,0.6847,1.0
Qwen3-4B,Qwen3,4.0,reasoning_and_language_tasks_survey_code_talkative_pigeon,syntax,72,0.6252,0.941,0.6644,1.0
Qwen3-4B,Qwen3,4.0,relative_clause_displacements_in_english_sentences,syntax,180,0.2518,0.501,0.5025,1.0
Qwen3-4B,Qwen3,4.0,relative_clause_displacements_in_english_sentences_with_fill,syntax,93,0.2331,0.846,0.2756,1.0
Qwen3-4B,Qwen3,4.0,replication_study_9_59,discourse,185,0.4483,0.363,1.2349,1.0
Qwen3-4B,Qwen3,4.0,richard_islands_acceptability_expt_1_april_25_2013_3,syntax,144,0.5969,0.819,0.7288,1.0
Qwen3-4B,Qwen3,4.0,richard_islands_acceptability_expt_2_april_26_2013,syntax,228,0.7954,0.92,0.8646,1.0
Qwen3-4B,Qwen3,4.0,richard_islands_acceptability_expt_4_april_26_2013_1,syntax,100,0.8513,0.931,0.9144,1.0
Qwen3-4B,Qwen3,4.0,richard_islands_acceptability_expt_5_april_27_2013_1,syntax,132,0.3864,0.619,0.6242,1.0
Qwen3-4B,Qwen3,4.0,richard_islands_acceptability_expt_6_april_28_2013_while_whq_decl,syntax,100,0.8361,0.965,0.8664,1.0
Qwen3-4B,Qwen3,4.0,russian_freezing,syntax,180,0.6741,0.898,0.7507,0.9998
Qwen3-4B,Qwen3,4.0,semantics1_finalproject,sentence_semantics,96,0.804,0.972,0.8271,1.0
Qwen3-4B,Qwen3,4.0,semantics2_finalproject,sentence_semantics,96,0.8123,0.986,0.8238,1.0
Qwen3-4B,Qwen3,4.0,semantics3_final_project,pragmatics,96,0.4241,0.974,0.4354,1.0
Qwen3-4B,Qwen3,4.0,sentence_completions_and_islands_acceptability_expt_1_nov_13_2012,syntax,112,0.6319,0.969,0.6521,1.0
Qwen3-4B,Qwen3,4.0,sentence_naturalness_isac_survey_feb_2011,syntax,304,0.7576,0.836,0.9062,1.0
Qwen3-4B,Qwen3,4.0,sentence_naturalness_survey_acd_ratings_hackl_expt_7_oct_25_2012_1,syntax,176,0.5275,0.886,0.5954,1.0
Qwen3-4B,Qwen3,4.0,sentence_naturalness_survey_acd_ratings_hackl_replic_expt_1_july_14_20,syntax,480,0.5639,0.864,0.6526,1.0
Qwen3-4B,Qwen3,4.0,sentence_naturalness_survey_acd_ratings_v4_july_13_2012,syntax,176,0.5782,0.748,0.773,1.0
Qwen3-4B,Qwen3,4.0,sentence_naturalness_survey_acd_v1_jan_2012,discourse,128,0.0802,0.299,0.2682,1.0
Qwen3-4B,Qwen3,4.0,sentence_naturalness_survey_acd_v6_oct_25_2012,discourse,128,0.1289,0.602,0.214,1.0
Qwen3-4B,Qwen3,4.0,sentence_naturalness_survey_denise_jan_12_2011_survey_code_pig_the_pig,syntax,200,0.8249,0.986,0.8366,1.0
Qwen3-4B,Qwen3,4.0,sentence_naturalness_survey_denise_sept_8_2010_survey_code_pig_the_pig,syntax,224,0.7953,0.972,0.8182,1.0
Qwen3-4B,Qwen3,4.0,sentence_naturalness_survey_feb_16_1_2012_60_items_code_shy_armadillo,syntax,120,0.679,0.912,0.7446,1.0
Qwen3-4B,Qwen3,4.0,sentence_naturalness_survey_for_gs_dec_2009,pragmatics,122,0.5002,0.882,0.5672,1.0
Qwen3-4B,Qwen3,4.0,sentence_naturalness_survey_for_gs_jan_2010,pragmatics,133,0.2972,0.906,0.328,1.0
Qwen3-4B,Qwen3,4.0,sentence_naturalness_survey_for_gs_jan_23_2010,pragmatics,216,0.3625,0.942,0.3848,1.0
Qwen3-4B,Qwen3,4.0,sentence_naturalness_survey_for_gs_may_11_2011_purple_puppy,pragmatics,72,0.0458,0.873,0.0525,1.0
Qwen3-4B,Qwen3,4.0,sentence_naturalness_survey_for_jk_april_4_2010,discourse,96,0.3348,0.886,0.3779,1.0
Qwen3-4B,Qwen3,4.0,sentence_naturalness_survey_for_jk_april_4_expt_3_2010,discourse,96,0.547,0.83,0.6591,1.0
Qwen3-4B,Qwen3,4.0,sentence_naturalness_survey_for_jk_april_9_expt_4_2010,discourse,96,0.468,0.831,0.5632,1.0
Qwen3-4B,Qwen3,4.0,sentence_naturalness_survey_for_jk_june_24_2010_v2,discourse,176,0.3474,0.787,0.4415,1.0
Qwen3-4B,Qwen3,4.0,sentence_naturalness_survey_for_jk_mar_2010,discourse,96,0.3252,0.88,0.3695,1.0
Qwen3-4B,Qwen3,4.0,sentence_naturalness_survey_for_jkm_dec_2009,discourse,128,-0.006,0.18,-0.0333,1.0
Qwen3-4B,Qwen3,4.0,sentence_naturalness_survey_for_jkm_jan_2012,discourse,128,0.0718,0.266,0.27,1.0
Qwen3-4B,Qwen3,4.0,sentence_naturalness_survey_for_lb_dec_2009,discourse,108,0.578,0.832,0.6947,1.0
Qwen3-4B,Qwen3,4.0,sentence_naturalness_survey_for_lb_feb_20_2010_v2,discourse,79,0.6099,0.951,0.6414,1.0
Qwen3-4B,Qwen3,4.0,sentence_naturalness_survey_for_lb_jan_2011,discourse,519,0.3374,0.886,0.3808,1.0
Qwen3-4B,Qwen3,4.0,sentence_naturalness_survey_for_lb_jan_2011_v2,discourse,519,0.219,0.689,0.3179,1.0
Qwen3-4B,Qwen3,4.0,sentence_naturalness_survey_for_lb_jan_2011_v3,discourse,519,0.2902,0.886,0.3276,1.0
Qwen3-4B,Qwen3,4.0,sentence_naturalness_survey_for_lb_mar_2010_2,discourse,241,0.5803,0.935,0.6206,1.0
Qwen3-4B,Qwen3,4.0,sentence_naturalness_survey_for_lb_mar_2010,discourse,123,0.5882,0.951,0.6185,1.0
Qwen3-4B,Qwen3,4.0,sentence_naturalness_survey_for_lb_may_2010,discourse,148,0.3974,0.953,0.417,1.0
Qwen3-4B,Qwen3,4.0,sentence_naturalness_survey_for_lb_prelim_oct_2010,discourse,402,0.3231,0.882,0.3663,1.0
Qwen3-4B,Qwen3,4.0,sentence_naturalness_survey_for_rw_dec_2009,discourse,180,0.3116,0.825,0.3777,1.0
Qwen3-4B,Qwen3,4.0,sentence_naturalness_survey_for_rw_jan_2010,discourse,480,0.2941,0.872,0.3372,1.0
Qwen3-4B,Qwen3,4.0,sentence_naturalness_survey_laura_mar_17_2012_92_items_code_lazy_cater,sentence_semantics,368,0.7672,0.883,0.8689,1.0
Qwen3-4B,Qwen3,4.0,sentence_naturalness_survey_laura_mar_17_2012_96_items_code_lazy_cater,sentence_semantics,384,0.7434,0.883,0.8419,1.0
Qwen3-4B,Qwen3,4.0,sentence_naturalness_survey_may_4_2011_36_items_code_anxious_bat,syntax,84,0.5,0.757,0.6605,1.0
Qwen3-4B,Qwen3,4.0,sentence_naturalness_survey_nat_aug_28_2010_survey_code_downtown,syntax,270,0.6622,0.956,0.6926,1.0
Qwen3-4B,Qwen3,4.0,short_acceptability_feb_6_2014,syntax,128,0.6233,0.907,0.6872,1.0
Qwen3-4B,Qwen3,4.0,susan_canonicity_rerunning_2,syntax,52,0.4412,0.95,0.4644,1.0
Qwen3-4B,Qwen3,4.0,topicalization_e1,syntax,77,0.8181,0.942,0.8685,1.0
Qwen3-4B,Qwen3,4.0,verb_causality_study_semantics_ratings_mk_april_2010,lexical_semantics,188,0.1187,0.972,0.1221,1.0
Qwen3-4B,Qwen3,4.0,verb_causality_study_syntax_ratings_mk_april_2010,syntax,653,0.2028,0.633,0.3204,1.0
Qwen3-4B,Qwen3,4.0,wm2_wm5_9_59_sentence_naturalness_survey_april_2011,syntax,219,0.6391,0.839,0.7618,1.0
Qwen3-4B,Qwen3,4.0,word3_b_word_naturalness_survey_may_4_2011_160_items_code_sleepy_bear,subword,158,0.6135,0.937,0.6548,1.0
Qwen3-4B,Qwen3,4.0,word3_word_naturalness_survey_may_1_2011_45_items_code_nosy_badger,subword,45,0.2527,0.948,0.2665,1.0
Qwen3-8B,Qwen3,8.2,50_sentences_noisy_channel_may_25_2011,pragmatics,208,0.1832,0.555,0.33,0.9999
Qwen3-8B,Qwen3,8.2,50_sentences_with_2_comp_qs_plus_rating_mar_11_2011,sentence_semantics,208,0.4722,0.588,0.803,1.0
Qwen3-8B,Qwen3,8.2,acceptability_extension_959_v5,syntax,566,0.7555,0.797,0.9479,0.9998
Qwen3-8B,Qwen3,8.2,acceptability_judgments_kang,syntax,136,0.8621,0.974,0.8851,1.0
Qwen3-8B,Qwen3,8.2,acceptability_replication_959,syntax,288,0.9297,0.964,0.9644,1.0
Qwen3-8B,Qwen3,8.2,acd_context_polly_1_nov_23_2012,discourse,310,0.1541,0.462,0.3335,1.0
Qwen3-8B,Qwen3,8.2,acd_no_context_polly_1_nov_23_2012,syntax,213,0.6699,0.838,0.7993,1.0
Qwen3-8B,Qwen3,8.2,acd_project_also_3_nov_24_2012_2,syntax,128,0.5294,0.874,0.6057,1.0
Qwen3-8B,Qwen3,8.2,acd_project_expt_23_also_nov_16_2012,syntax,600,0.5148,0.825,0.624,1.0
Qwen3-8B,Qwen3,8.2,acd_project_expt_24_same_diff_verbs_nov_16_2012,syntax,472,0.5233,0.89,0.588,1.0
Qwen3-8B,Qwen3,8.2,acd_project_expt_31_same_diff_verbs_nov_16_2012_1,syntax,176,0.5933,0.755,0.7858,1.0
Qwen3-8B,Qwen3,8.2,acd_project_expt_42_also_verbs_nov_29_2012_1,syntax,176,0.467,0.63,0.7413,1.0
Qwen3-8B,Qwen3,8.2,acd_project_expt_44_the_same_nov_29_2012_1,syntax,140,0.599,0.601,0.9966,1.0
Qwen3-8B,Qwen3,8.2,acd_project_expt_45_hkv_expt_2_plaus_nov_29_2012,syntax,360,0.4588,0.774,0.5927,1.0
Qwen3-8B,Qwen3,8.2,acd_project_expt_46_also_in_hkv_2_nov_29_2012_1,syntax,448,0.3973,0.56,0.7095,1.0
Qwen3-8B,Qwen3,8.2,active_passive_sentence_naturalness_survey_july_2012,syntax,132,0.8055,0.887,0.9082,1.0
Qwen3-8B,Qwen3,8.2,aixiu_coherence_en_update1,sentence_semantics,277,0.8312,0.882,0.9424,1.0
Qwen3-8B,Qwen3,8.2,alex_paunov_literal_inferences_dec_3_2011,pragmatics,299,0.6145,0.908,0.6768,1.0
Qwen3-8B,Qwen3,8.2,amouyal2024_plausibility,sentence_semantics,853,0.6335,0.915,0.6923,1.0
Qwen3-8B,Qwen3,8.2,animacy_passive_dative_kyle,syntax,120,0.6137,0.926,0.6627,1.0
Qwen3-8B,Qwen3,8.2,anne_abeille_acceptability_july_12_2017_1,syntax,296,0.6464,0.635,1.0179,1.0
Qwen3-8B,Qwen3,8.2,base_acceptability_0908,syntax,73,0.5973,0.931,0.6416,1.0
Qwen3-8B,Qwen3,8.2,brief_sentence_naturalness_survey_march_2011,sentence_semantics,64,0.8495,0.96,0.8849,1.0
Qwen3-8B,Qwen3,8.2,can_noncan_acceptability_0924,syntax,88,0.8234,0.966,0.8524,1.0
Qwen3-8B,Qwen3,8.2,can_noncan_acceptability_2,syntax,88,0.857,0.962,0.8908,1.0
Qwen3-8B,Qwen3,8.2,chinese_dative,discourse,96,0.4467,0.715,0.6247,1.0
Qwen3-8B,Qwen3,8.2,class_demo,syntax,44,0.8057,0.927,0.8691,1.0
Qwen3-8B,Qwen3,8.2,clefting_e3,syntax,48,0.4754,0.877,0.5421,1.0
Qwen3-8B,Qwen3,8.2,clefting_e4,syntax,48,0.5098,0.969,0.5261,1.0
Qwen3-8B,Qwen3,8.2,coherence_survey_list1_main,discourse,100,0.884,0.95,0.9305,1.0
Qwen3-8B,Qwen3,8.2,coherence_survey_list2_main,discourse,100,0.9017,0.948,0.9512,1.0
Qwen3-8B,Qwen3,8.2,coherence_survey_list3_main,discourse,100,0.8864,0.942,0.941,1.0
Qwen3-8B,Qwen3,8.2,coherence_survey_list4_main,discourse,100,0.8408,0.95,0.8851,1.0
Qwen3-8B,Qwen3,8.2,constituency_tests_2,syntax,48,0.5901,0.836,0.7059,1.0
Qwen3-8B,Qwen3,8.2,constituency_tests,syntax,48,0.5365,0.654,0.8204,1.0
Qwen3-8B,Qwen3,8.2,copy_cat_polly_june_2014,discourse,102,0.634,0.865,0.7329,0.9257
Qwen3-8B,Qwen3,8.2,copy_of_verb_causality_study_semantics_ratings_mk_april_2010,lexical_semantics,62,-0.0315,0.83,-0.0379,0.9997
Qwen3-8B,Qwen3,8.2,crossed_dependencies_long,syntax,201,0.6702,0.899,0.7455,1.0
Qwen3-8B,Qwen3,8.2,cul_jack_april_12_2012_54_short_texts_with_two_comprehension_questions,syntax,210,0.6353,0.896,0.709,1.0
Qwen3-8B,Qwen3,8.2,cul_jack_sentence_naturalness_survey_april_2010,syntax,220,0.7719,0.952,0.8108,1.0
Qwen3-8B,Qwen3,8.2,dative_alternation_extension_version_2,syntax,229,0.4744,0.456,1.0403,1.0
Qwen3-8B,Qwen3,8.2,dative_finnish,discourse,96,0.4434,0.689,0.6435,0.7369
Qwen3-8B,Qwen3,8.2,dative_turkish,discourse,96,0.3892,0.734,0.5302,1.0
Qwen3-8B,Qwen3,8.2,dentella2023_grammaticality,syntax,80,0.6038,0.981,0.6155,0.1903
Qwen3-8B,Qwen3,8.2,depth_charge_survey,sentence_semantics,188,0.5199,0.846,0.6146,1.0
Qwen3-8B,Qwen3,8.2,depth_charge_with_noise,sentence_semantics,188,0.6303,0.854,0.738,1.0
Qwen3-8B,Qwen3,8.2,discourse_30subjs_list1,discourse,100,0.8903,0.941,0.9462,1.0
Qwen3-8B,Qwen3,8.2,discourse_30subjs_list2,discourse,100,0.8944,0.951,0.9405,1.0
Qwen3-8B,Qwen3,8.2,discourse_30subjs_list3,discourse,100,0.9163,0.947,0.9676,1.0
Qwen3-8B,Qwen3,8.2,discourse_30subjs_list4,discourse,100,0.8654,0.942,0.9186,1.0
Qwen3-8B,Qwen3,8.2,discourse_causality_list1,discourse,100,0.8103,0.935,0.8667,1.0
Qwen3-8B,Qwen3,8.2,discourse_causality_list2,discourse,100,0.8497,0.952,0.8926,1.0
Qwen3-8B,Qwen3,8.2,discourse_causality_list3,discourse,100,0.8093,0.933,0.8674,1.0
Qwen3-8B,Qwen3,8.2,discourse_causality_list4,discourse,100,0.8481,0.955,0.8881,1.0
Qwen3-8B,Qwen3,8.2,discourse_changed_0428,discourse,48,0.8381,0.953,0.8794,0.9998
Qwen3-8B,Qwen3,8.2,discourse_coherence_list1,discourse,100,0.891,0.943,0.9449,1.0
Qwen3-8B,Qwen3,8.2,discourse_coherence_list2,discourse,100,0.8857,0.936,0.9463,1.0
Qwen3-8B,Qwen3,8.2,discourse_coherence_list3,discourse,100,0.8867,0.95,0.9334,1.0
Qwen3-8B,Qwen3,8.2,discourse_coherence_list4,discourse,100,0.8714,0.933,0.934,1.0
Qwen3-8B,Qwen3,8.2,discourse_imagability_pairs_list1,sentence_semantics,100,0.4981,0.917,0.5432,1.0
Qwen3-8B,Qwen3,8.2,discourse_imagability_pairs_list2,sentence_semantics,100,0.6654,0.946,0.7034,1.0
Qwen3-8B,Qwen3,8.2,discourse_imagability_singles_list1,sentence_semantics,100,0.787,0.938,0.839,1.0
Qwen3-8B,Qwen3,8.2,discourse_imagability_singles_list2,sentence_semantics,100,0.8416,0.954,0.8822,1.0
Qwen3-8B,Qwen3,8.2,discourse_imagability_singles_list3,sentence_semantics,100,0.784,0.931,0.8421,1.0
Qwen3-8B,Qwen3,8.2,discourse_imagability_singles_list4,sentence_semantics,100,0.8322,0.948,0.8778,1.0
Qwen3-8B,Qwen3,8.2,discourse_mentalizing_pairs_list1,sentence_semantics,100,0.8023,0.928,0.8645,1.0
Qwen3-8B,Qwen3,8.2,discourse_mentalizing_pairs_list2,sentence_semantics,100,0.7015,0.931,0.7535,1.0
Qwen3-8B,Qwen3,8.2,discourse_mentalizing_singles_list1,sentence_semantics,100,0.6601,0.935,0.706,1.0
Qwen3-8B,Qwen3,8.2,discourse_mentalizing_singles_list2,sentence_semantics,100,0.7921,0.925,0.8563,1.0
Qwen3-8B,Qwen3,8.2,discourse_mentalizing_singles_list3,sentence_semantics,100,0.6394,0.909,0.7034,1.0
Qwen3-8B,Qwen3,8.2,discourse_mentalizing_singles_list4,sentence_semantics,100,0.7946,0.952,0.8347,1.0
Qwen3-8B,Qwen3,8.2,discourse_physics_pairs_list1,sentence_semantics,100,0.636,0.957,0.6646,1.0
Qwen3-8B,Qwen3,8.2,discourse_physics_pairs_list2,sentence_semantics,100,0.7308,0.951,0.7684,1.0
Qwen3-8B,Qwen3,8.2,discourse_physics_singles_list1,sentence_semantics,100,0.8157,0.943,0.865,1.0
Qwen3-8B,Qwen3,8.2,discourse_physics_singles_list2,sentence_semantics,100,0.6825,0.952,0.7169,1.0
Qwen3-8B,Qwen3,8.2,discourse_physics_singles_list3,sentence_semantics,100,0.7947,0.941,0.8445,1.0
Qwen3-8B,Qwen3,8.2,discourse_physics_singles_list4,sentence_semantics,100,0.8493,0.942,0.9016,1.0
Qwen3-8B,Qwen3,8.2,discourse_scenes_pairs_list1,sentence_semantics,100,0.8557,0.944,0.9065,1.0
Qwen3-8B,Qwen3,8.2,discourse_scenes_pairs_list2,sentence_semantics,100,0.8716,0.95,0.9175,1.0
Qwen3-8B,Qwen3,8.2,discourse_scenes_singles_list1,sentence_semantics,100,0.8949,0.944,0.948,1.0
Qwen3-8B,Qwen3,8.2,discourse_scenes_singles_list2,sentence_semantics,100,0.8962,0.949,0.9444,1.0
Qwen3-8B,Qwen3,8.2,discourse_scenes_singles_list3,sentence_semantics,100,0.8605,0.966,0.8908,1.0
Qwen3-8B,Qwen3,8.2,discourse_scenes_singles_list4,sentence_semantics,100,0.8896,0.964,0.9228,1.0
Qwen3-8B,Qwen3,8.2,diveica2023_socialness,lexical_semantics,1000,0.7984,0.883,0.9041,1.0
Qwen3-8B,Qwen3,8.2,ecog_sentences_imaginability_jan_8_2014,sentence_semantics,120,0.4797,0.833,0.5758,1.0
Qwen3-8B,Qwen3,8.2,ecog_sentences_naturalness_jan_8_2014_2,sentence_semantics,120,0.4118,0.727,0.5664,1.0
Qwen3-8B,Qwen3,8.2,edwards2024_spelling_to_pronunciation_transparency,subword,1000,0.5805,0.826,0.7027,0.9997
Qwen3-8B,Qwen3,8.2,erp_norming_error_detection_june_2013_4,syntax,323,-0.3401,0.841,-0.4044,0.9993
Qwen3-8B,Qwen3,8.2,erp_sentence_naturalness_survey_june_2013_2,syntax,483,0.8658,0.922,0.939,1.0
Qwen3-8B,Qwen3,8.2,eunice_disfluency_2_nov_17_2011,syntax,190,0.6806,0.832,0.8181,1.0
Qwen3-8B,Qwen3,8.2,eunice_disfluency_nov_15_2011,syntax,468,0.5438,0.807,0.6739,1.0
Qwen3-8B,Qwen3,8.2,european_portuguese_rc,syntax,174,0.7607,0.84,0.9056,1.0
Qwen3-8B,Qwen3,8.2,european_portuguese_wh,syntax,174,0.7648,0.893,0.8564,1.0
Qwen3-8B,Qwen3,8.2,extension,syntax,138,0.772,0.872,0.8853,1.0
Qwen3-8B,Qwen3,8.2,gabriel_rc,syntax,174,0.7398,0.818,0.9044,1.0
Qwen3-8B,Qwen3,8.2,gabriel_wh,syntax,174,0.7608,0.902,0.8435,1.0
Qwen3-8B,Qwen3,8.2,giurgea2025_motivation,lexical_semantics,1000,0.5816,0.856,0.6795,1.0
Qwen3-8B,Qwen3,8.2,huang_response_set1a,syntax,288,0.5672,0.966,0.5872,1.0
Qwen3-8B,Qwen3,8.2,huang_response_set1b,syntax,288,0.6028,0.964,0.6253,1.0
Qwen3-8B,Qwen3,8.2,huang_response_set2a,syntax,288,0.6498,0.97,0.6699,1.0
Qwen3-8B,Qwen3,8.2,huang_response_set2a_declaratives,syntax,288,0.7322,0.97,0.7548,1.0
Qwen3-8B,Qwen3,8.2,huang_response_set2b,syntax,288,0.6724,0.97,0.6932,1.0
Qwen3-8B,Qwen3,8.2,huang_response_set2b_declaratives,syntax,288,0.7379,0.974,0.7576,1.0
Qwen3-8B,Qwen3,8.2,imperative_control_iad_gs_may_16_2011_purple_puppy,pragmatics,96,0.4102,0.86,0.477,1.0
Qwen3-8B,Qwen3,8.2,isac_sentence_naturalness_survey_feb_2011_64_items_survey_code_giant_c,syntax,256,0.7843,0.885,0.8862,0.9999
Qwen3-8B,Qwen3,8.2,islands_acceptability_expt_2_dec_2_2012,syntax,480,0.6863,0.874,0.7852,1.0
Qwen3-8B,Qwen3,8.2,italian_dative_v2,discourse,192,0.277,0.604,0.4586,1.0
Qwen3-8B,Qwen3,8.2,italian_locative_v7,discourse,192,0.4545,0.66,0.6886,1.0
Qwen3-8B,Qwen3,8.2,lancaster2020_auditory,lexical_semantics,1000,0.2982,0.831,0.3589,1.0
Qwen3-8B,Qwen3,8.2,lancaster2020_foot_leg,lexical_semantics,1000,0.5536,0.729,0.7594,1.0
Qwen3-8B,Qwen3,8.2,lancaster2020_gustatory,lexical_semantics,1000,0.2833,0.545,0.5198,1.0
Qwen3-8B,Qwen3,8.2,lancaster2020_hand_arm,lexical_semantics,1000,0.4478,0.783,0.572,1.0
Qwen3-8B,Qwen3,8.2,lancaster2020_haptic,lexical_semantics,1000,0.4227,0.808,0.5231,1.0
Qwen3-8B,Qwen3,8.2,lancaster2020_head,lexical_semantics,1000,0.4313,0.57,0.7567,1.0
Qwen3-8B,Qwen3,8.2,lancaster2020_interoceptive,lexical_semantics,1000,0.5081,0.778,0.6531,1.0
Qwen3-8B,Qwen3,8.2,lancaster2020_mouth,lexical_semantics,1000,0.3429,0.777,0.4413,1.0
Qwen3-8B,Qwen3,8.2,lancaster2020_olfactory,lexical_semantics,1000,0.377,0.622,0.6061,1.0
Qwen3-8B,Qwen3,8.2,lancaster2020_torso,lexical_semantics,1000,0.4212,0.675,0.624,1.0
Qwen3-8B,Qwen3,8.2,lancaster2020_visual,lexical_semantics,1000,0.4856,0.767,0.6331,1.0
Qwen3-8B,Qwen3,8.2,lauren_sentence_naturalness_survey_expt3_nov_17_2011,syntax,460,0.5467,0.633,0.8637,1.0
Qwen3-8B,Qwen3,8.2,lauren_sentence_naturalness_survey_expt_2_nov_15_2011,syntax,252,0.5223,0.712,0.7336,1.0
Qwen3-8B,Qwen3,8.2,lauren_sentence_naturalness_survey_oct_14_2011,syntax,360,0.613,0.703,0.872,1.0
Qwen3-8B,Qwen3,8.2,lexical_frame_adjectives_likert_set1,syntax,384,0.7487,0.83,0.902,1.0
Qwen3-8B,Qwen3,8.2,lexical_frame_adjectives_likert_set2,syntax,384,0.7062,0.744,0.9493,1.0
Qwen3-8B,Qwen3,8.2,lexical_frame_adjectives_likert_set3,syntax,384,0.7438,0.873,0.852,1.0
Qwen3-8B,Qwen3,8.2,locative_topicalization_survey,discourse,229,0.5901,0.777,0.7595,1.0
Qwen3-8B,Qwen3,8.2,massive_mem_arousal_mar_2013,lexical_semantics,1000,0.3472,0.883,0.3932,1.0
Qwen3-8B,Qwen3,8.2,massive_mem_arousal_mar_2013_end_2,lexical_semantics,242,0.5153,0.85,0.6062,1.0
Qwen3-8B,Qwen3,8.2,massive_mem_arousal_mar_2014,lexical_semantics,1000,0.6436,0.863,0.7458,1.0
Qwen3-8B,Qwen3,8.2,massive_mem_arousal_mar_2014_end_1,lexical_semantics,242,0.7149,0.886,0.8069,1.0
Qwen3-8B,Qwen3,8.2,massive_mem_concreteness_mar_2013,lexical_semantics,1000,0.6217,0.956,0.6503,1.0
Qwen3-8B,Qwen3,8.2,massive_mem_concreteness_mar_2013_end_1,lexical_semantics,242,0.8727,0.959,0.91,1.0
Qwen3-8B,Qwen3,8.2,massive_mem_concreteness_mar_2014,lexical_semantics,1000,0.7036,0.952,0.7391,1.0
Qwen3-8B,Qwen3,8.2,massive_mem_concreteness_mar_2014_end_1,lexical_semantics,242,0.7505,0.955,0.7858,1.0
Qwen3-8B,Qwen3,8.2,massive_mem_imageability_mar_2013,lexical_semantics,1000,0.6669,0.961,0.694,1.0
Qwen3-8B,Qwen3,8.2,massive_mem_imageability_mar_2013_end_1,lexical_semantics,242,0.8008,0.963,0.8316,1.0
Qwen3-8B,Qwen3,8.2,massive_mem_imageability_mar_2014,lexical_semantics,1000,0.5621,0.948,0.593,1.0
Qwen3-8B,Qwen3,8.2,massive_mem_imageability_mar_2014_end_1,lexical_semantics,242,0.5673,0.964,0.5884,1.0
Qwen3-8B,Qwen3,8.2,massive_mem_valence_mar_2013,lexical_semantics,1000,0.6509,0.948,0.6866,1.0
Qwen3-8B,Qwen3,8.2,massive_mem_valence_mar_2013_end_1,lexical_semantics,242,0.8683,0.966,0.8989,1.0
Qwen3-8B,Qwen3,8.2,massive_mem_valence_mar_2014,lexical_semantics,1000,0.8179,0.961,0.8511,1.0
Qwen3-8B,Qwen3,8.2,massive_mem_valence_mar_2014_end_1,lexical_semantics,242,0.8189,0.959,0.8539,1.0
Qwen3-8B,Qwen3,8.2,melissa_short_naturalness_test,sentence_semantics,24,0.825,0.968,0.8522,1.0
Qwen3-8B,Qwen3,8.2,missing_vp_extension_0501_final,syntax,72,0.5753,0.741,0.7764,0.9998
Qwen3-8B,Qwen3,8.2,missing_vp_extension,syntax,80,0.5847,0.881,0.6637,1.0
Qwen3-8B,Qwen3,8.2,missing_vp_rereplication,syntax,72,0.5528,0.707,0.7818,1.0
Qwen3-8B,Qwen3,8.2,mk_grammaticality_study_7_20,syntax,1000,0.3635,0.876,0.415,1.0
Qwen3-8B,Qwen3,8.2,muraki2023_concreteness,lexical_semantics,1000,0.3516,0.829,0.4241,0.9999
Qwen3-8B,Qwen3,8.2,noisy_channel_acceptability_1_sept_2013_1,syntax,496,0.8425,0.921,0.9148,1.0
Qwen3-8B,Qwen3,8.2,noisy_channel_acceptability_2_sept_2013,syntax,380,0.8679,0.965,0.8994,1.0
Qwen3-8B,Qwen3,8.2,noisy_rc_norming_oct19,sentence_semantics,128,0.452,0.838,0.5394,1.0
Qwen3-8B,Qwen3,8.2,of_acceptability_2,syntax,88,0.8039,0.951,0.8454,1.0
Qwen3-8B,Qwen3,8.2,orange_camel_sentence_naturalness_survey_nov_2010,discourse,144,0.7662,0.861,0.8899,1.0
Qwen3-8B,Qwen3,8.2,orc_lauren_sentence_naturalness_survey_july_2012,syntax,192,0.8281,0.948,0.8735,1.0
Qwen3-8B,Qwen3,8.2,p_p_sentence_naturalness_survey_aug_2010,syntax,252,0.3252,0.859,0.3785,1.0
Qwen3-8B,Qwen3,8.2,p_p_sentence_naturalness_survey_dec_2009,syntax,324,0.4833,0.95,0.5087,1.0
Qwen3-8B,Qwen3,8.2,p_p_sentence_naturalness_survey_feb,syntax,614,0.3386,0.664,0.5099,1.0
Qwen3-8B,Qwen3,8.2,p_p_sentence_naturalness_survey_june_2013_v3,syntax,242,0.5585,0.928,0.6019,1.0
Qwen3-8B,Qwen3,8.2,paris_judgments_3_dec_2012,syntax,477,0.4551,0.845,0.5386,1.0
Qwen3-8B,Qwen3,8.2,pascal_1_dec_2012,syntax,544,0.1246,0.066,1.8881,1.0
Qwen3-8B,Qwen3,8.2,presup_survey_1_acd_july_2012,pragmatics,240,0.7233,0.83,0.8715,1.0
Qwen3-8B,Qwen3,8.2,presup_survey_2_acd_july_2012,pragmatics,240,0.423,0.665,0.6361,1.0
Qwen3-8B,Qwen3,8.2,pronouns_following_verbs,pragmatics,44,-0.1151,0.706,-0.163,1.0
Qwen3-8B,Qwen3,8.2,pronouns_following_verbs_an,pragmatics,44,0.1961,0.663,0.2958,1.0
Qwen3-8B,Qwen3,8.2,pronouns_following_verbs_ce,pragmatics,44,-0.1741,0.708,-0.2459,1.0
Qwen3-8B,Qwen3,8.2,pronouns_following_verbs_sm,pragmatics,44,0.0722,0.443,0.1631,1.0
Qwen3-8B,Qwen3,8.2,pronouns_following_verbs_so,pragmatics,44,-0.0139,0.509,-0.0273,1.0
Qwen3-8B,Qwen3,8.2,pronouns_following_verbs_ve,pragmatics,45,-0.2088,0.567,-0.3682,1.0
Qwen3-8B,Qwen3,8.2,quant_syn_april_13_2012_90_sentences_with_a_question_and_a_rating_code,syntax,184,0.7263,0.91,0.7982,1.0
Qwen3-8B,Qwen3,8.2,quant_syn_april_14_2012_48_sentences_with_a_question_and_a_rating_code,syntax,168,0.6912,0.96,0.72,1.0
Qwen3-8B,Qwen3,8.2,quant_syn_april_16_2012_36_sentences_with_a_question_and_a_rating_code,syntax,126,0.7499,0.965,0.7771,1.0
Qwen3-8B,Qwen3,8.2,quantifier_naturalness_survey_june_4_2010,syntax,192,0.6319,0.639,0.9888,1.0
Qwen3-8B,Qwen3,8.2,quantitative_syntax_survey,syntax,129,0.7251,0.852,0.851,1.0
Qwen3-8B,Qwen3,8.2,rating_english_sentences,syntax,240,0.7386,0.899,0.8215,1.0
Qwen3-8B,Qwen3,8.2,reasoning_and_language_tasks_survey_code_talkative_pigeon,syntax,72,0.7438,0.941,0.7905,1.0
Qwen3-8B,Qwen3,8.2,relative_clause_displacements_in_english_sentences,syntax,180,0.5389,0.501,1.0757,1.0
Qwen3-8B,Qwen3,8.2,relative_clause_displacements_in_english_sentences_with_fill,syntax,93,0.6198,0.846,0.7326,1.0
Qwen3-8B,Qwen3,8.2,replication_study_9_59,discourse,185,0.5204,0.363,1.4336,1.0
Qwen3-8B,Qwen3,8.2,richard_islands_acceptability_expt_1_april_25_2013_3,syntax,144,0.6537,0.819,0.7982,1.0
Qwen3-8B,Qwen3,8.2,richard_islands_acceptability_expt_2_april_26_2013,syntax,228,0.8657,0.92,0.9409,1.0
Qwen3-8B,Qwen3,8.2,richard_islands_acceptability_expt_4_april_26_2013_1,syntax,100,0.8514,0.931,0.9145,1.0
Qwen3-8B,Qwen3,8.2,richard_islands_acceptability_expt_5_april_27_2013_1,syntax,132,0.4619,0.619,0.7462,1.0
Qwen3-8B,Qwen3,8.2,richard_islands_acceptability_expt_6_april_28_2013_while_whq_decl,syntax,100,0.8721,0.965,0.9038,1.0
Qwen3-8B,Qwen3,8.2,russian_freezing,syntax,180,0.7044,0.898,0.7844,1.0
Qwen3-8B,Qwen3,8.2,semantics1_finalproject,sentence_semantics,96,0.8342,0.972,0.8582,1.0
Qwen3-8B,Qwen3,8.2,semantics2_finalproject,sentence_semantics,96,0.7631,0.986,0.774,1.0
Qwen3-8B,Qwen3,8.2,semantics3_final_project,pragmatics,96,0.5247,0.974,0.5387,1.0
Qwen3-8B,Qwen3,8.2,sentence_completions_and_islands_acceptability_expt_1_nov_13_2012,syntax,112,0.6709,0.969,0.6923,1.0
Qwen3-8B,Qwen3,8.2,sentence_naturalness_isac_survey_feb_2011,syntax,304,0.8079,0.836,0.9663,1.0
Qwen3-8B,Qwen3,8.2,sentence_naturalness_survey_acd_ratings_hackl_expt_7_oct_25_2012_1,syntax,176,0.6499,0.886,0.7335,1.0
Qwen3-8B,Qwen3,8.2,sentence_naturalness_survey_acd_ratings_hackl_replic_expt_1_july_14_20,syntax,480,0.6195,0.864,0.717,1.0
Qwen3-8B,Qwen3,8.2,sentence_naturalness_survey_acd_ratings_v4_july_13_2012,syntax,176,0.6556,0.748,0.8764,1.0
Qwen3-8B,Qwen3,8.2,sentence_naturalness_survey_acd_v1_jan_2012,discourse,128,0.1325,0.299,0.4431,1.0
Qwen3-8B,Qwen3,8.2,sentence_naturalness_survey_acd_v6_oct_25_2012,discourse,128,0.0938,0.602,0.1558,1.0
Qwen3-8B,Qwen3,8.2,sentence_naturalness_survey_denise_jan_12_2011_survey_code_pig_the_pig,syntax,200,0.8457,0.986,0.8577,0.9999
Qwen3-8B,Qwen3,8.2,sentence_naturalness_survey_denise_sept_8_2010_survey_code_pig_the_pig,syntax,224,0.8341,0.972,0.8581,0.9999
Qwen3-8B,Qwen3,8.2,sentence_naturalness_survey_feb_16_1_2012_60_items_code_shy_armadillo,syntax,120,0.7851,0.912,0.8608,1.0
Qwen3-8B,Qwen3,8.2,sentence_naturalness_survey_for_gs_dec_2009,pragmatics,122,0.7321,0.882,0.8301,1.0
Qwen3-8B,Qwen3,8.2,sentence_naturalness_survey_for_gs_jan_2010,pragmatics,133,0.6262,0.906,0.6912,1.0
Qwen3-8B,Qwen3,8.2,sentence_naturalness_survey_for_gs_jan_23_2010,pragmatics,216,0.5904,0.942,0.6268,1.0
Qwen3-8B,Qwen3,8.2,sentence_naturalness_survey_for_gs_may_11_2011_purple_puppy,pragmatics,72,0.5157,0.873,0.5907,1.0
Qwen3-8B,Qwen3,8.2,sentence_naturalness_survey_for_jk_april_4_2010,discourse,96,0.4149,0.886,0.4683,1.0
Qwen3-8B,Qwen3,8.2,sentence_naturalness_survey_for_jk_april_4_expt_3_2010,discourse,96,0.5105,0.83,0.6151,1.0
Qwen3-8B,Qwen3,8.2,sentence_naturalness_survey_for_jk_april_9_expt_4_2010,discourse,96,0.4796,0.831,0.5772,1.0
Qwen3-8B,Qwen3,8.2,sentence_naturalness_survey_for_jk_june_24_2010_v2,discourse,176,0.4415,0.787,0.561,1.0
Qwen3-8B,Qwen3,8.2,sentence_naturalness_survey_for_jk_mar_2010,discourse,96,0.3162,0.88,0.3594,1.0
Qwen3-8B,Qwen3,8.2,sentence_naturalness_survey_for_jkm_dec_2009,discourse,128,0.064,0.18,0.3557,1.0
Qwen3-8B,Qwen3,8.2,sentence_naturalness_survey_for_jkm_jan_2012,discourse,128,0.0459,0.266,0.1727,1.0
Qwen3-8B,Qwen3,8.2,sentence_naturalness_survey_for_lb_dec_2009,discourse,108,0.6071,0.832,0.7296,1.0
Qwen3-8B,Qwen3,8.2,sentence_naturalness_survey_for_lb_feb_20_2010_v2,discourse,79,0.6474,0.951,0.6808,1.0
Qwen3-8B,Qwen3,8.2,sentence_naturalness_survey_for_lb_jan_2011,discourse,519,0.3432,0.886,0.3874,1.0
Qwen3-8B,Qwen3,8.2,sentence_naturalness_survey_for_lb_jan_2011_v2,discourse,519,0.2575,0.689,0.3738,1.0
Qwen3-8B,Qwen3,8.2,sentence_naturalness_survey_for_lb_jan_2011_v3,discourse,519,0.2859,0.886,0.3226,1.0
Qwen3-8B,Qwen3,8.2,sentence_naturalness_survey_for_lb_mar_2010_2,discourse,241,0.5521,0.935,0.5905,1.0
Qwen3-8B,Qwen3,8.2,sentence_naturalness_survey_for_lb_mar_2010,discourse,123,0.6108,0.951,0.6423,1.0
Qwen3-8B,Qwen3,8.2,sentence_naturalness_survey_for_lb_may_2010,discourse,148,0.4209,0.953,0.4416,1.0
Qwen3-8B,Qwen3,8.2,sentence_naturalness_survey_for_lb_prelim_oct_2010,discourse,402,0.4014,0.882,0.4551,1.0
Qwen3-8B,Qwen3,8.2,sentence_naturalness_survey_for_rw_dec_2009,discourse,180,0.4913,0.825,0.5956,1.0
Qwen3-8B,Qwen3,8.2,sentence_naturalness_survey_for_rw_jan_2010,discourse,480,0.4632,0.872,0.5311,1.0
Qwen3-8B,Qwen3,8.2,sentence_naturalness_survey_laura_mar_17_2012_92_items_code_lazy_cater,sentence_semantics,368,0.744,0.883,0.8426,1.0
Qwen3-8B,Qwen3,8.2,sentence_naturalness_survey_laura_mar_17_2012_96_items_code_lazy_cater,sentence_semantics,384,0.7385,0.883,0.8363,1.0
Qwen3-8B,Qwen3,8.2,sentence_naturalness_survey_may_4_2011_36_items_code_anxious_bat,syntax,84,0.6321,0.757,0.835,1.0
Qwen3-8B,Qwen3,8.2,sentence_naturalness_survey_nat_aug_28_2010_survey_code_downtown,syntax,270,0.6785,0.956,0.7097,0.9998
Qwen3-8B,Qwen3,8.2,short_acceptability_feb_6_2014,syntax,128,0.7724,0.907,0.8516,1.0
Qwen3-8B,Qwen3,8.2,susan_canonicity_rerunning_2,syntax,52,0.8052,0.95,0.8476,1.0
Qwen3-8B,Qwen3,8.2,topicalization_e1,syntax,77,0.8318,0.942,0.8831,1.0
Qwen3-8B,Qwen3,8.2,verb_causality_study_semantics_ratings_mk_april_2010,lexical_semantics,188,0.2899,0.972,0.2983,0.9997
Qwen3-8B,Qwen3,8.2,verb_causality_study_syntax_ratings_mk_april_2010,syntax,653,0.1348,0.633,0.2129,1.0
Qwen3-8B,Qwen3,8.2,wm2_wm5_9_59_sentence_naturalness_survey_april_2011,syntax,219,0.684,0.839,0.8152,1.0
Qwen3-8B,Qwen3,8.2,word3_b_word_naturalness_survey_may_4_2011_160_items_code_sleepy_bear,subword,158,0.6923,0.937,0.7388,1.0
Qwen3-8B,Qwen3,8.2,word3_word_naturalness_survey_may_1_2011_45_items_code_nosy_badger,subword,45,0.5109,0.948,0.5389,1.0
Qwen3.5-9B,other,9.7,50_sentences_noisy_channel_may_25_2011,pragmatics,208,0.1606,0.555,0.2894,0.9958
Qwen3.5-9B,other,9.7,50_sentences_with_2_comp_qs_plus_rating_mar_11_2011,sentence_semantics,208,0.4522,0.588,0.769,0.9996
Qwen3.5-9B,other,9.7,acceptability_extension_959_v5,syntax,566,0.7832,0.797,0.9827,0.9994
Qwen3.5-9B,other,9.7,acceptability_judgments_kang,syntax,136,0.8295,0.974,0.8516,0.9997
Qwen3.5-9B,other,9.7,acceptability_replication_959,syntax,288,0.936,0.964,0.9709,0.9996
Qwen3.5-9B,other,9.7,acd_context_polly_1_nov_23_2012,discourse,310,0.1956,0.462,0.4234,0.999
Qwen3.5-9B,other,9.7,acd_no_context_polly_1_nov_23_2012,syntax,213,0.6327,0.838,0.755,0.9996
Qwen3.5-9B,other,9.7,acd_project_also_3_nov_24_2012_2,syntax,128,0.6114,0.874,0.6995,0.9995
Qwen3.5-9B,other,9.7,acd_project_expt_23_also_nov_16_2012,syntax,600,0.5453,0.825,0.661,0.9995
Qwen3.5-9B,other,9.7,acd_project_expt_24_same_diff_verbs_nov_16_2012,syntax,472,0.538,0.89,0.6045,0.9995
Qwen3.5-9B,other,9.7,acd_project_expt_31_same_diff_verbs_nov_16_2012_1,syntax,176,0.6674,0.755,0.884,0.9995
Qwen3.5-9B,other,9.7,acd_project_expt_42_also_verbs_nov_29_2012_1,syntax,176,0.4907,0.63,0.7788,0.9995
Qwen3.5-9B,other,9.7,acd_project_expt_44_the_same_nov_29_2012_1,syntax,140,0.6216,0.601,1.0342,0.9997
Qwen3.5-9B,other,9.7,acd_project_expt_45_hkv_expt_2_plaus_nov_29_2012,syntax,360,0.4614,0.774,0.5961,0.9995
Qwen3.5-9B,other,9.7,acd_project_expt_46_also_in_hkv_2_nov_29_2012_1,syntax,448,0.4103,0.56,0.7327,0.9995
Qwen3.5-9B,other,9.7,active_passive_sentence_naturalness_survey_july_2012,syntax,132,0.7045,0.887,0.7943,0.9997
Qwen3.5-9B,other,9.7,aixiu_coherence_en_update1,sentence_semantics,277,0.8344,0.882,0.946,0.9995
Qwen3.5-9B,other,9.7,alex_paunov_literal_inferences_dec_3_2011,pragmatics,299,0.5996,0.908,0.6604,0.9996
Qwen3.5-9B,other,9.7,amouyal2024_plausibility,sentence_semantics,853,0.6798,0.915,0.743,0.9992
Qwen3.5-9B,other,9.7,animacy_passive_dative_kyle,syntax,120,0.6984,0.926,0.7542,0.9995
Qwen3.5-9B,other,9.7,anne_abeille_acceptability_july_12_2017_1,syntax,296,0.6044,0.635,0.9518,0.9997
Qwen3.5-9B,other,9.7,base_acceptability_0908,syntax,73,0.4706,0.931,0.5055,0.9999
Qwen3.5-9B,other,9.7,brief_sentence_naturalness_survey_march_2011,sentence_semantics,64,0.8174,0.96,0.8515,0.9996
Qwen3.5-9B,other,9.7,can_noncan_acceptability_0924,syntax,88,0.7915,0.966,0.8194,0.9998
Qwen3.5-9B,other,9.7,can_noncan_acceptability_2,syntax,88,0.8475,0.962,0.881,0.9998
Qwen3.5-9B,other,9.7,chinese_dative,discourse,96,0.4783,0.715,0.669,0.9997
Qwen3.5-9B,other,9.7,class_demo,syntax,44,0.7161,0.927,0.7725,0.9997
Qwen3.5-9B,other,9.7,clefting_e3,syntax,48,0.7134,0.877,0.8135,0.9997
Qwen3.5-9B,other,9.7,clefting_e4,syntax,48,0.6893,0.969,0.7114,0.9997
Qwen3.5-9B,other,9.7,coherence_survey_list1_main,discourse,100,0.9094,0.95,0.9573,0.9997
Qwen3.5-9B,other,9.7,coherence_survey_list2_main,discourse,100,0.8832,0.948,0.9316,0.9997
Qwen3.5-9B,other,9.7,coherence_survey_list3_main,discourse,100,0.8842,0.942,0.9386,0.9998
Qwen3.5-9B,other,9.7,coherence_survey_list4_main,discourse,100,0.8811,0.95,0.9275,0.9997
Qwen3.5-9B,other,9.7,constituency_tests_2,syntax,48,0.6017,0.836,0.7197,0.9997
Qwen3.5-9B,other,9.7,constituency_tests,syntax,48,0.7074,0.654,1.0816,0.9997
Qwen3.5-9B,other,9.7,copy_cat_polly_june_2014,discourse,102,0.3768,0.865,0.4356,0.9993
Qwen3.5-9B,other,9.7,copy_of_verb_causality_study_semantics_ratings_mk_april_2010,lexical_semantics,62,0.4194,0.83,0.5053,0.9987
Qwen3.5-9B,other,9.7,crossed_dependencies_long,syntax,201,0.7134,0.899,0.7936,0.9996
Qwen3.5-9B,other,9.7,cul_jack_april_12_2012_54_short_texts_with_two_comprehension_questions,syntax,210,0.703,0.896,0.7846,0.998
Qwen3.5-9B,other,9.7,cul_jack_sentence_naturalness_survey_april_2010,syntax,220,0.8045,0.952,0.845,0.9996
Qwen3.5-9B,other,9.7,dative_alternation_extension_version_2,syntax,229,0.4441,0.456,0.9739,0.9997
Qwen3.5-9B,other,9.7,dative_finnish,discourse,96,0.5081,0.689,0.7374,0.9995
Qwen3.5-9B,other,9.7,dative_turkish,discourse,96,0.3293,0.734,0.4486,0.9991
Qwen3.5-9B,other,9.7,dentella2023_grammaticality,syntax,80,0.6068,0.981,0.6185,0.9845
Qwen3.5-9B,other,9.7,depth_charge_survey,sentence_semantics,188,0.5848,0.846,0.6912,0.9973
Qwen3.5-9B,other,9.7,depth_charge_with_noise,sentence_semantics,188,0.6532,0.854,0.7649,0.9977
Qwen3.5-9B,other,9.7,discourse_30subjs_list1,discourse,100,0.8849,0.941,0.9404,0.9997
Qwen3.5-9B,other,9.7,discourse_30subjs_list2,discourse,100,0.8805,0.951,0.9259,0.9997
Qwen3.5-9B,other,9.7,discourse_30subjs_list3,discourse,100,0.916,0.947,0.9673,0.9998
Qwen3.5-9B,other,9.7,discourse_30subjs_list4,discourse,100,0.9098,0.942,0.9659,0.9997
Qwen3.5-9B,other,9.7,discourse_causality_list1,discourse,100,0.8281,0.935,0.8857,0.999
Qwen3.5-9B,other,9.7,discourse_causality_list2,discourse,100,0.8118,0.952,0.8527,0.999
Qwen3.5-9B,other,9.7,discourse_causality_list3,discourse,100,0.7922,0.933,0.8491,0.999
Qwen3.5-9B,other,9.7,discourse_causality_list4,discourse,100,0.8072,0.955,0.8452,0.9989
Qwen3.5-9B,other,9.7,discourse_changed_0428,discourse,48,0.8523,0.953,0.8944,0.9997
Qwen3.5-9B,other,9.7,discourse_coherence_list1,discourse,100,0.8878,0.943,0.9415,0.999
Qwen3.5-9B,other,9.7,discourse_coherence_list2,discourse,100,0.8854,0.936,0.946,0.999
Qwen3.5-9B,other,9.7,discourse_coherence_list3,discourse,100,0.8883,0.95,0.9351,0.999
Qwen3.5-9B,other,9.7,discourse_coherence_list4,discourse,100,0.8715,0.933,0.934,0.9988
Qwen3.5-9B,other,9.7,discourse_imagability_pairs_list1,sentence_semantics,100,0.8504,0.917,0.9274,0.999
Qwen3.5-9B,other,9.7,discourse_imagability_pairs_list2,sentence_semantics,100,0.838,0.946,0.8859,0.999
Qwen3.5-9B,other,9.7,discourse_imagability_singles_list1,sentence_semantics,100,0.8638,0.938,0.9209,0.999
Qwen3.5-9B,other,9.7,discourse_imagability_singles_list2,sentence_semantics,100,0.8962,0.954,0.9394,0.999
Qwen3.5-9B,other,9.7,discourse_imagability_singles_list3,sentence_semantics,100,0.835,0.931,0.8969,0.9991
Qwen3.5-9B,other,9.7,discourse_imagability_singles_list4,sentence_semantics,100,0.8597,0.948,0.9069,0.9991
Qwen3.5-9B,other,9.7,discourse_mentalizing_pairs_list1,sentence_semantics,100,0.8682,0.928,0.9355,0.9986
Qwen3.5-9B,other,9.7,discourse_mentalizing_pairs_list2,sentence_semantics,100,0.804,0.931,0.8636,0.9986
Qwen3.5-9B,other,9.7,discourse_mentalizing_singles_list1,sentence_semantics,100,0.651,0.935,0.6962,0.9986
Qwen3.5-9B,other,9.7,discourse_mentalizing_singles_list2,sentence_semantics,100,0.8604,0.925,0.9301,0.9988
Qwen3.5-9B,other,9.7,discourse_mentalizing_singles_list3,sentence_semantics,100,0.6008,0.909,0.661,0.9987
Qwen3.5-9B,other,9.7,discourse_mentalizing_singles_list4,sentence_semantics,100,0.8018,0.952,0.8422,0.9988
Qwen3.5-9B,other,9.7,discourse_physics_pairs_list1,sentence_semantics,100,0.7468,0.957,0.7804,0.9989
Qwen3.5-9B,other,9.7,discourse_physics_pairs_list2,sentence_semantics,100,0.7702,0.951,0.8099,0.9989
Qwen3.5-9B,other,9.7,discourse_physics_singles_list1,sentence_semantics,100,0.8444,0.943,0.8955,0.9991
Qwen3.5-9B,other,9.7,discourse_physics_singles_list2,sentence_semantics,100,0.7705,0.952,0.8093,0.9991
Qwen3.5-9B,other,9.7,discourse_physics_singles_list3,sentence_semantics,100,0.8027,0.941,0.853,0.999
Qwen3.5-9B,other,9.7,discourse_physics_singles_list4,sentence_semantics,100,0.8509,0.942,0.9033,0.9991
Qwen3.5-9B,other,9.7,discourse_scenes_pairs_list1,sentence_semantics,100,0.9266,0.944,0.9816,0.999
Qwen3.5-9B,other,9.7,discourse_scenes_pairs_list2,sentence_semantics,100,0.9143,0.95,0.9624,0.9989
Qwen3.5-9B,other,9.7,discourse_scenes_singles_list1,sentence_semantics,100,0.9291,0.944,0.9842,0.999
Qwen3.5-9B,other,9.7,discourse_scenes_singles_list2,sentence_semantics,100,0.9257,0.949,0.9755,0.9991
Qwen3.5-9B,other,9.7,discourse_scenes_singles_list3,sentence_semantics,100,0.8927,0.966,0.9241,0.9991
Qwen3.5-9B,other,9.7,discourse_scenes_singles_list4,sentence_semantics,100,0.9215,0.964,0.9559,0.9991
Qwen3.5-9B,other,9.7,diveica2023_socialness,lexical_semantics,1000,0.8443,0.883,0.9562,0.9988
Qwen3.5-9B,other,9.7,ecog_sentences_imaginability_jan_8_2014,sentence_semantics,120,0.3471,0.833,0.4167,0.9999
Qwen3.5-9B,other,9.7,ecog_sentences_naturalness_jan_8_2014_2,sentence_semantics,120,0.4028,0.727,0.5541,0.9995
Qwen3.5-9B,other,9.7,edwards2024_spelling_to_pronunciation_transparency,subword,1000,0.5079,0.826,0.6149,0.9987
Qwen3.5-9B,other,9.7,erp_norming_error_detection_june_2013_4,syntax,323,-0.6855,0.841,-0.8151,0.9993
Qwen3.5-9B,other,9.7,erp_sentence_naturalness_survey_june_2013_2,syntax,483,0.8854,0.922,0.9603,0.9995
Qwen3.5-9B,other,9.7,eunice_disfluency_2_nov_17_2011,syntax,190,0.6591,0.832,0.7922,0.9997
Qwen3.5-9B,other,9.7,eunice_disfluency_nov_15_2011,syntax,468,0.6482,0.807,0.8032,0.9997
Qwen3.5-9B,other,9.7,european_portuguese_rc,syntax,174,0.7639,0.84,0.9094,0.9982
Qwen3.5-9B,other,9.7,european_portuguese_wh,syntax,174,0.7805,0.893,0.874,0.9987
Qwen3.5-9B,other,9.7,extension,syntax,138,0.7111,0.872,0.8155,0.9997
Qwen3.5-9B,other,9.7,gabriel_rc,syntax,174,0.7739,0.818,0.9461,0.998
Qwen3.5-9B,other,9.7,gabriel_wh,syntax,174,0.7606,0.902,0.8433,0.9986
Qwen3.5-9B,other,9.7,giurgea2025_motivation,lexical_semantics,1000,0.6915,0.856,0.8079,0.9992
Qwen3.5-9B,other,9.7,huang_response_set1a,syntax,288,0.5578,0.966,0.5774,0.9995
Qwen3.5-9B,other,9.7,huang_response_set1b,syntax,288,0.6032,0.964,0.6257,0.9995
Qwen3.5-9B,other,9.7,huang_response_set2a,syntax,288,0.6077,0.97,0.6264,0.9995
Qwen3.5-9B,other,9.7,huang_response_set2a_declaratives,syntax,288,0.6314,0.97,0.6509,0.9995
Qwen3.5-9B,other,9.7,huang_response_set2b,syntax,288,0.6462,0.97,0.6661,0.9995
Qwen3.5-9B,other,9.7,huang_response_set2b_declaratives,syntax,288,0.6458,0.974,0.663,0.9995
Qwen3.5-9B,other,9.7,imperative_control_iad_gs_may_16_2011_purple_puppy,pragmatics,96,0.5855,0.86,0.6808,0.9995
Qwen3.5-9B,other,9.7,isac_sentence_naturalness_survey_feb_2011_64_items_survey_code_giant_c,syntax,256,0.7578,0.885,0.8563,0.9996
Qwen3.5-9B,other,9.7,islands_acceptability_expt_2_dec_2_2012,syntax,480,0.7707,0.874,0.8818,0.9996
Qwen3.5-9B,other,9.7,italian_dative_v2,discourse,192,0.1348,0.604,0.2232,0.9993
Qwen3.5-9B,other,9.7,italian_locative_v7,discourse,192,0.4868,0.66,0.7376,0.9993
Qwen3.5-9B,other,9.7,lancaster2020_auditory,lexical_semantics,1000,0.2377,0.831,0.286,0.9984
Qwen3.5-9B,other,9.7,lancaster2020_foot_leg,lexical_semantics,1000,0.4704,0.729,0.6453,0.9985
Qwen3.5-9B,other,9.7,lancaster2020_gustatory,lexical_semantics,1000,0.1771,0.545,0.3249,0.999
Qwen3.5-9B,other,9.7,lancaster2020_hand_arm,lexical_semantics,1000,0.376,0.783,0.4802,0.9982
Qwen3.5-9B,other,9.7,lancaster2020_haptic,lexical_semantics,1000,0.4091,0.808,0.5063,0.9988
Qwen3.5-9B,other,9.7,lancaster2020_head,lexical_semantics,1000,0.4964,0.57,0.8709,0.9983
Qwen3.5-9B,other,9.7,lancaster2020_interoceptive,lexical_semantics,1000,0.6095,0.778,0.7834,0.9986
Qwen3.5-9B,other,9.7,lancaster2020_mouth,lexical_semantics,1000,0.1675,0.777,0.2156,0.9974
Qwen3.5-9B,other,9.7,lancaster2020_olfactory,lexical_semantics,1000,0.3418,0.622,0.5496,0.9992
Qwen3.5-9B,other,9.7,lancaster2020_torso,lexical_semantics,1000,0.2712,0.675,0.4018,0.9989
Qwen3.5-9B,other,9.7,lancaster2020_visual,lexical_semantics,1000,0.275,0.767,0.3585,0.9981
Qwen3.5-9B,other,9.7,lauren_sentence_naturalness_survey_expt3_nov_17_2011,syntax,460,0.5952,0.633,0.9402,0.9995
Qwen3.5-9B,other,9.7,lauren_sentence_naturalness_survey_expt_2_nov_15_2011,syntax,252,0.6413,0.712,0.9007,0.9995
Qwen3.5-9B,other,9.7,lauren_sentence_naturalness_survey_oct_14_2011,syntax,360,0.6628,0.703,0.9428,0.9996
Qwen3.5-9B,other,9.7,lexical_frame_adjectives_likert_set1,syntax,384,0.8037,0.83,0.9683,0.9998
Qwen3.5-9B,other,9.7,lexical_frame_adjectives_likert_set2,syntax,384,0.7795,0.744,1.0477,0.9997
Qwen3.5-9B,other,9.7,lexical_frame_adjectives_likert_set3,syntax,384,0.8401,0.873,0.9623,0.9997
Qwen3.5-9B,other,9.7,locative_topicalization_survey,discourse,229,0.6803,0.777,0.8756,0.9981
Qwen3.5-9B,other,9.7,massive_mem_arousal_mar_2013,lexical_semantics,1000,0.6751,0.883,0.7646,0.9995
Qwen3.5-9B,other,9.7,massive_mem_arousal_mar_2013_end_2,lexical_semantics,242,0.6256,0.85,0.736,0.9995
Qwen3.5-9B,other,9.7,massive_mem_arousal_mar_2014,lexical_semantics,1000,0.6246,0.863,0.7238,0.9992
Qwen3.5-9B,other,9.7,massive_mem_arousal_mar_2014_end_1,lexical_semantics,242,0.5838,0.886,0.659,0.9992
Qwen3.5-9B,other,9.7,massive_mem_concreteness_mar_2013,lexical_semantics,1000,0.734,0.956,0.7678,0.9996
Qwen3.5-9B,other,9.7,massive_mem_concreteness_mar_2013_end_1,lexical_semantics,242,0.8899,0.959,0.928,0.9996
Qwen3.5-9B,other,9.7,massive_mem_concreteness_mar_2014,lexical_semantics,1000,0.8299,0.952,0.8718,0.9994
Qwen3.5-9B,other,9.7,massive_mem_concreteness_mar_2014_end_1,lexical_semantics,242,0.8441,0.955,0.8839,0.9994
Qwen3.5-9B,other,9.7,massive_mem_imageability_mar_2013,lexical_semantics,1000,0.7781,0.961,0.8097,0.9995
Qwen3.5-9B,other,9.7,massive_mem_imageability_mar_2013_end_1,lexical_semantics,242,0.8636,0.963,0.8968,0.9995
Qwen3.5-9B,other,9.7,massive_mem_imageability_mar_2014,lexical_semantics,1000,0.7777,0.948,0.8204,0.9993
Qwen3.5-9B,other,9.7,massive_mem_imageability_mar_2014_end_1,lexical_semantics,242,0.8432,0.964,0.8746,0.9993
Qwen3.5-9B,other,9.7,massive_mem_valence_mar_2013,lexical_semantics,1000,0.6272,0.948,0.6616,0.9997
Qwen3.5-9B,other,9.7,massive_mem_valence_mar_2013_end_1,lexical_semantics,242,0.8826,0.966,0.9137,0.9997
Qwen3.5-9B,other,9.7,massive_mem_valence_mar_2014,lexical_semantics,1000,0.879,0.961,0.9147,0.9995
Qwen3.5-9B,other,9.7,massive_mem_valence_mar_2014_end_1,lexical_semantics,242,0.8762,0.959,0.9137,0.9995
Qwen3.5-9B,other,9.7,melissa_short_naturalness_test,sentence_semantics,24,0.7763,0.968,0.8019,0.9998
Qwen3.5-9B,other,9.7,missing_vp_extension_0501_final,syntax,72,0.5357,0.741,0.7229,0.9981
Qwen3.5-9B,other,9.7,missing_vp_extension,syntax,80,0.6059,0.881,0.6878,0.9994
Qwen3.5-9B,other,9.7,missing_vp_rereplication,syntax,72,0.6997,0.707,0.9897,0.9992
Qwen3.5-9B,other,9.7,mk_grammaticality_study_7_20,syntax,1000,0.4991,0.876,0.5698,0.9993
Qwen3.5-9B,other,9.7,muraki2023_concreteness,lexical_semantics,1000,0.4696,0.829,0.5665,0.9974
Qwen3.5-9B,other,9.7,noisy_channel_acceptability_1_sept_2013_1,syntax,496,0.8157,0.921,0.8856,0.9997
Qwen3.5-9B,other,9.7,noisy_channel_acceptability_2_sept_2013,syntax,380,0.8223,0.965,0.8521,0.9996
Qwen3.5-9B,other,9.7,noisy_rc_norming_oct19,sentence_semantics,128,0.4273,0.838,0.5099,0.9998
Qwen3.5-9B,other,9.7,of_acceptability_2,syntax,88,0.8315,0.951,0.8743,0.9998
Qwen3.5-9B,other,9.7,orange_camel_sentence_naturalness_survey_nov_2010,discourse,144,0.5828,0.861,0.6768,0.9994
Qwen3.5-9B,other,9.7,orc_lauren_sentence_naturalness_survey_july_2012,syntax,192,0.8234,0.948,0.8686,0.9996
Qwen3.5-9B,other,9.7,p_p_sentence_naturalness_survey_aug_2010,syntax,252,0.3985,0.859,0.4639,0.9997
Qwen3.5-9B,other,9.7,p_p_sentence_naturalness_survey_dec_2009,syntax,324,0.546,0.95,0.5748,0.9996
Qwen3.5-9B,other,9.7,p_p_sentence_naturalness_survey_feb,syntax,614,0.4162,0.664,0.6269,0.9996
Qwen3.5-9B,other,9.7,p_p_sentence_naturalness_survey_june_2013_v3,syntax,242,0.5012,0.928,0.54,0.9995
Qwen3.5-9B,other,9.7,paris_judgments_3_dec_2012,syntax,477,0.4206,0.845,0.4978,0.9996
Qwen3.5-9B,other,9.7,pascal_1_dec_2012,syntax,544,0.1821,0.066,2.7591,0.9997
Qwen3.5-9B,other,9.7,presup_survey_1_acd_july_2012,pragmatics,240,0.7472,0.83,0.9002,0.9982
Qwen3.5-9B,other,9.7,presup_survey_2_acd_july_2012,pragmatics,240,0.3103,0.665,0.4666,0.9985
Qwen3.5-9B,other,9.7,pronouns_following_verbs,pragmatics,44,0.4051,0.706,0.5738,0.9955
Qwen3.5-9B,other,9.7,pronouns_following_verbs_an,pragmatics,44,0.2344,0.663,0.3535,0.9961
Qwen3.5-9B,other,9.7,pronouns_following_verbs_ce,pragmatics,44,0.2241,0.708,0.3165,0.9947
Qwen3.5-9B,other,9.7,pronouns_following_verbs_sm,pragmatics,44,0.225,0.443,0.5078,0.9962
Qwen3.5-9B,other,9.7,pronouns_following_verbs_so,pragmatics,44,0.494,0.509,0.9705,0.9954
Qwen3.5-9B,other,9.7,pronouns_following_verbs_ve,pragmatics,45,0.2612,0.567,0.4607,0.9931
Qwen3.5-9B,other,9.7,quant_syn_april_13_2012_90_sentences_with_a_question_and_a_rating_code,syntax,184,0.7455,0.91,0.8192,0.9994
Qwen3.5-9B,other,9.7,quant_syn_april_14_2012_48_sentences_with_a_question_and_a_rating_code,syntax,168,0.7728,0.96,0.805,0.9994
Qwen3.5-9B,other,9.7,quant_syn_april_16_2012_36_sentences_with_a_question_and_a_rating_code,syntax,126,0.8808,0.965,0.9128,0.9995
Qwen3.5-9B,other,9.7,quantifier_naturalness_survey_june_4_2010,syntax,192,0.5582,0.639,0.8735,0.9997
Qwen3.5-9B,other,9.7,quantitative_syntax_survey,syntax,129,0.5895,0.852,0.6919,0.999
Qwen3.5-9B,other,9.7,rating_english_sentences,syntax,240,0.8249,0.899,0.9176,0.9956
Qwen3.5-9B,other,9.7,reasoning_and_language_tasks_survey_code_talkative_pigeon,syntax,72,0.5852,0.941,0.6219,0.9995
Qwen3.5-9B,other,9.7,relative_clause_displacements_in_english_sentences,syntax,180,0.4886,0.501,0.9752,0.999
Qwen3.5-9B,other,9.7,relative_clause_displacements_in_english_sentences_with_fill,syntax,93,0.5841,0.846,0.6904,0.9992
Qwen3.5-9B,other,9.7,replication_study_9_59,discourse,185,0.4565,0.363,1.2576,0.9996
Qwen3.5-9B,other,9.7,richard_islands_acceptability_expt_1_april_25_2013_3,syntax,144,0.6757,0.819,0.825,0.9996
Qwen3.5-9B,other,9.7,richard_islands_acceptability_expt_2_april_26_2013,syntax,228,0.8614,0.92,0.9363,0.9996
Qwen3.5-9B,other,9.7,richard_islands_acceptability_expt_4_april_26_2013_1,syntax,100,0.8477,0.931,0.9105,0.9996
Qwen3.5-9B,other,9.7,richard_islands_acceptability_expt_5_april_27_2013_1,syntax,132,0.5924,0.619,0.957,0.9996
Qwen3.5-9B,other,9.7,richard_islands_acceptability_expt_6_april_28_2013_while_whq_decl,syntax,100,0.8625,0.965,0.8938,0.9996
Qwen3.5-9B,other,9.7,russian_freezing,syntax,180,0.7763,0.898,0.8644,0.9994
Qwen3.5-9B,other,9.7,semantics1_finalproject,sentence_semantics,96,0.8997,0.972,0.9256,0.9995
Qwen3.5-9B,other,9.7,semantics2_finalproject,sentence_semantics,96,0.7756,0.986,0.7866,0.9994
Qwen3.5-9B,other,9.7,semantics3_final_project,pragmatics,96,0.7369,0.974,0.7566,0.997
Qwen3.5-9B,other,9.7,sentence_completions_and_islands_acceptability_expt_1_nov_13_2012,syntax,112,0.7764,0.969,0.8013,0.9996
Qwen3.5-9B,other,9.7,sentence_naturalness_isac_survey_feb_2011,syntax,304,0.7926,0.836,0.9481,0.9996
Qwen3.5-9B,other,9.7,sentence_naturalness_survey_acd_ratings_hackl_expt_7_oct_25_2012_1,syntax,176,0.6932,0.886,0.7824,0.9995
Qwen3.5-9B,other,9.7,sentence_naturalness_survey_acd_ratings_hackl_replic_expt_1_july_14_20,syntax,480,0.5883,0.864,0.6809,0.9995
Qwen3.5-9B,other,9.7,sentence_naturalness_survey_acd_ratings_v4_july_13_2012,syntax,176,0.687,0.748,0.9185,0.9996
Qwen3.5-9B,other,9.7,sentence_naturalness_survey_acd_v1_jan_2012,discourse,128,0.0012,0.299,0.004,0.9989
Qwen3.5-9B,other,9.7,sentence_naturalness_survey_acd_v6_oct_25_2012,discourse,128,0.1942,0.602,0.3225,0.9988
Qwen3.5-9B,other,9.7,sentence_naturalness_survey_denise_jan_12_2011_survey_code_pig_the_pig,syntax,200,0.869,0.986,0.8813,0.9996
Qwen3.5-9B,other,9.7,sentence_naturalness_survey_denise_sept_8_2010_survey_code_pig_the_pig,syntax,224,0.8476,0.972,0.872,0.9996
Qwen3.5-9B,other,9.7,sentence_naturalness_survey_feb_16_1_2012_60_items_code_shy_armadillo,syntax,120,0.7405,0.912,0.8119,0.9995
Qwen3.5-9B,other,9.7,sentence_naturalness_survey_for_gs_dec_2009,pragmatics,122,0.6246,0.882,0.7082,0.9992
Qwen3.5-9B,other,9.7,sentence_naturalness_survey_for_gs_jan_2010,pragmatics,133,0.5919,0.906,0.6533,0.9994
Qwen3.5-9B,other,9.7,sentence_naturalness_survey_for_gs_jan_23_2010,pragmatics,216,0.6663,0.942,0.7073,0.9993
Qwen3.5-9B,other,9.7,sentence_naturalness_survey_for_gs_may_11_2011_purple_puppy,pragmatics,72,0.5012,0.873,0.5741,0.9994
Qwen3.5-9B,other,9.7,sentence_naturalness_survey_for_jk_april_4_2010,discourse,96,0.5086,0.886,0.5741,0.9995
Qwen3.5-9B,other,9.7,sentence_naturalness_survey_for_jk_april_4_expt_3_2010,discourse,96,0.3772,0.83,0.4544,0.9996
Qwen3.5-9B,other,9.7,sentence_naturalness_survey_for_jk_april_9_expt_4_2010,discourse,96,0.4503,0.831,0.5419,0.9996
Qwen3.5-9B,other,9.7,sentence_naturalness_survey_for_jk_june_24_2010_v2,discourse,176,0.5316,0.787,0.6754,0.9996
Qwen3.5-9B,other,9.7,sentence_naturalness_survey_for_jk_mar_2010,discourse,96,0.5372,0.88,0.6105,0.9996
Qwen3.5-9B,other,9.7,sentence_naturalness_survey_for_jkm_dec_2009,discourse,128,-0.0564,0.18,-0.3132,0.999
Qwen3.5-9B,other,9.7,sentence_naturalness_survey_for_jkm_jan_2012,discourse,128,-0.1168,0.266,-0.4389,0.9988
Qwen3.5-9B,other,9.7,sentence_naturalness_survey_for_lb_dec_2009,discourse,108,0.6435,0.832,0.7735,0.9996
Qwen3.5-9B,other,9.7,sentence_naturalness_survey_for_lb_feb_20_2010_v2,discourse,79,0.6176,0.951,0.6494,0.9998
Qwen3.5-9B,other,9.7,sentence_naturalness_survey_for_lb_jan_2011,discourse,519,0.3539,0.886,0.3995,0.9997
Qwen3.5-9B,other,9.7,sentence_naturalness_survey_for_lb_jan_2011_v2,discourse,519,0.2809,0.689,0.4077,0.9997
Qwen3.5-9B,other,9.7,sentence_naturalness_survey_for_lb_jan_2011_v3,discourse,519,0.3353,0.886,0.3784,0.9997
Qwen3.5-9B,other,9.7,sentence_naturalness_survey_for_lb_mar_2010_2,discourse,241,0.5834,0.935,0.624,0.9996
Qwen3.5-9B,other,9.7,sentence_naturalness_survey_for_lb_mar_2010,discourse,123,0.5817,0.951,0.6116,0.9996
Qwen3.5-9B,other,9.7,sentence_naturalness_survey_for_lb_may_2010,discourse,148,0.5423,0.953,0.569,0.9996
Qwen3.5-9B,other,9.7,sentence_naturalness_survey_for_lb_prelim_oct_2010,discourse,402,0.4433,0.882,0.5026,0.9996
Qwen3.5-9B,other,9.7,sentence_naturalness_survey_for_rw_dec_2009,discourse,180,0.576,0.825,0.6981,0.9997
Qwen3.5-9B,other,9.7,sentence_naturalness_survey_for_rw_jan_2010,discourse,480,0.5474,0.872,0.6278,0.9997
Qwen3.5-9B,other,9.7,sentence_naturalness_survey_laura_mar_17_2012_92_items_code_lazy_cater,sentence_semantics,368,0.7773,0.883,0.8803,0.9994
Qwen3.5-9B,other,9.7,sentence_naturalness_survey_laura_mar_17_2012_96_items_code_lazy_cater,sentence_semantics,384,0.7197,0.883,0.8151,0.9994
Qwen3.5-9B,other,9.7,sentence_naturalness_survey_may_4_2011_36_items_code_anxious_bat,syntax,84,0.6262,0.757,0.8272,0.9996
Qwen3.5-9B,other,9.7,sentence_naturalness_survey_nat_aug_28_2010_survey_code_downtown,syntax,270,0.722,0.956,0.7552,0.9995
Qwen3.5-9B,other,9.7,short_acceptability_feb_6_2014,syntax,128,0.6783,0.907,0.7479,0.9997
Qwen3.5-9B,other,9.7,susan_canonicity_rerunning_2,syntax,52,0.7784,0.95,0.8193,0.9998
Qwen3.5-9B,other,9.7,topicalization_e1,syntax,77,0.8349,0.942,0.8863,0.9997
Qwen3.5-9B,other,9.7,verb_causality_study_semantics_ratings_mk_april_2010,lexical_semantics,188,0.7445,0.972,0.7659,0.9987
Qwen3.5-9B,other,9.7,verb_causality_study_syntax_ratings_mk_april_2010,syntax,653,0.2066,0.633,0.3264,0.9995
Qwen3.5-9B,other,9.7,wm2_wm5_9_59_sentence_naturalness_survey_april_2011,syntax,219,0.7543,0.839,0.899,0.9995
Qwen3.5-9B,other,9.7,word3_b_word_naturalness_survey_may_4_2011_160_items_code_sleepy_bear,subword,158,0.4747,0.937,0.5066,0.9994
Qwen3.5-9B,other,9.7,word3_word_naturalness_survey_may_1_2011_45_items_code_nosy_badger,subword,45,0.5963,0.948,0.629,0.9993
SmolLM-1.7B-Instruct,other,1.7,50_sentences_noisy_channel_may_25_2011,pragmatics,208,-0.188,0.555,-0.3387,0.0568
SmolLM-1.7B-Instruct,other,1.7,50_sentences_with_2_comp_qs_plus_rating_mar_11_2011,sentence_semantics,208,-0.0174,0.588,-0.0297,0.1191
SmolLM-1.7B-Instruct,other,1.7,acceptability_extension_959_v5,syntax,566,0.0626,0.797,0.0786,0.1031
SmolLM-1.7B-Instruct,other,1.7,acceptability_judgments_kang,syntax,136,0.2086,0.974,0.2142,0.1876
SmolLM-1.7B-Instruct,other,1.7,acceptability_replication_959,syntax,288,0.1619,0.964,0.1679,0.0689
SmolLM-1.7B-Instruct,other,1.7,acd_context_polly_1_nov_23_2012,discourse,310,0.0703,0.462,0.1522,0.0534
SmolLM-1.7B-Instruct,other,1.7,acd_no_context_polly_1_nov_23_2012,syntax,213,-0.0137,0.838,-0.0163,0.1831
SmolLM-1.7B-Instruct,other,1.7,acd_project_also_3_nov_24_2012_2,syntax,128,0.2003,0.874,0.2292,0.1523
SmolLM-1.7B-Instruct,other,1.7,acd_project_expt_23_also_nov_16_2012,syntax,600,0.1051,0.825,0.1274,0.1533
SmolLM-1.7B-Instruct,other,1.7,acd_project_expt_24_same_diff_verbs_nov_16_2012,syntax,472,0.1245,0.89,0.1399,0.1512
SmolLM-1.7B-Instruct,other,1.7,acd_project_expt_31_same_diff_verbs_nov_16_2012_1,syntax,176,0.1766,0.755,0.2339,0.1528
SmolLM-1.7B-Instruct,other,1.7,acd_project_expt_42_also_verbs_nov_29_2012_1,syntax,176,0.0488,0.63,0.0775,0.1544
SmolLM-1.7B-Instruct,other,1.7,acd_project_expt_44_the_same_nov_29_2012_1,syntax,140,0.008,0.601,0.0134,0.1815
SmolLM-1.7B-Instruct,other,1.7,acd_project_expt_45_hkv_expt_2_plaus_nov_29_2012,syntax,360,0.1968,0.774,0.2543,0.1832
SmolLM-1.7B-Instruct,other,1.7,acd_project_expt_46_also_in_hkv_2_nov_29_2012_1,syntax,448,0.1732,0.56,0.3093,0.1806
SmolLM-1.7B-Instruct,other,1.7,active_passive_sentence_naturalness_survey_july_2012,syntax,132,-0.2334,0.887,-0.2631,0.1979
SmolLM-1.7B-Instruct,other,1.7,aixiu_coherence_en_update1,sentence_semantics,277,0.1374,0.882,0.1558,0.0673
SmolLM-1.7B-Instruct,other,1.7,alex_paunov_literal_inferences_dec_3_2011,pragmatics,299,-0.0665,0.908,-0.0732,0.1666
SmolLM-1.7B-Instruct,other,1.7,amouyal2024_plausibility,sentence_semantics,853,0.1018,0.915,0.1113,0.0577
SmolLM-1.7B-Instruct,other,1.7,animacy_passive_dative_kyle,syntax,120,-0.3272,0.926,-0.3534,0.1535
SmolLM-1.7B-Instruct,other,1.7,anne_abeille_acceptability_july_12_2017_1,syntax,296,0.0492,0.635,0.0775,0.1113
SmolLM-1.7B-Instruct,other,1.7,base_acceptability_0908,syntax,73,-0.3456,0.931,-0.3712,0.2928
SmolLM-1.7B-Instruct,other,1.7,brief_sentence_naturalness_survey_march_2011,sentence_semantics,64,-0.0595,0.96,-0.062,0.214
SmolLM-1.7B-Instruct,other,1.7,can_noncan_acceptability_0924,syntax,88,0.2501,0.966,0.259,0.2806
SmolLM-1.7B-Instruct,other,1.7,can_noncan_acceptability_2,syntax,88,0.1508,0.962,0.1567,0.2771
SmolLM-1.7B-Instruct,other,1.7,chinese_dative,discourse,96,-0.1583,0.715,-0.2214,0.1075
SmolLM-1.7B-Instruct,other,1.7,class_demo,syntax,44,-0.5374,0.927,-0.5797,0.2858
SmolLM-1.7B-Instruct,other,1.7,clefting_e3,syntax,48,-0.2997,0.877,-0.3417,0.3096
SmolLM-1.7B-Instruct,other,1.7,clefting_e4,syntax,48,-0.2572,0.969,-0.2655,0.2902
SmolLM-1.7B-Instruct,other,1.7,coherence_survey_list1_main,discourse,100,0.234,0.95,0.2464,0.0899
SmolLM-1.7B-Instruct,other,1.7,coherence_survey_list2_main,discourse,100,0.1846,0.948,0.1947,0.0881
SmolLM-1.7B-Instruct,other,1.7,coherence_survey_list3_main,discourse,100,0.0585,0.942,0.0621,0.0894
SmolLM-1.7B-Instruct,other,1.7,coherence_survey_list4_main,discourse,100,0.2685,0.95,0.2827,0.0907
SmolLM-1.7B-Instruct,other,1.7,constituency_tests_2,syntax,48,-0.1808,0.836,-0.2163,0.2543
SmolLM-1.7B-Instruct,other,1.7,constituency_tests,syntax,48,-0.3392,0.654,-0.5186,0.2435
SmolLM-1.7B-Instruct,other,1.7,copy_cat_polly_june_2014,discourse,102,0.0808,0.865,0.0934,0.0917
SmolLM-1.7B-Instruct,other,1.7,copy_of_verb_causality_study_semantics_ratings_mk_april_2010,lexical_semantics,62,-0.0486,0.83,-0.0585,0.1256
SmolLM-1.7B-Instruct,other,1.7,crossed_dependencies_long,syntax,201,0.0507,0.899,0.0564,0.1404
SmolLM-1.7B-Instruct,other,1.7,cul_jack_april_12_2012_54_short_texts_with_two_comprehension_questions,syntax,210,0.0955,0.896,0.1066,0.0845
SmolLM-1.7B-Instruct,other,1.7,cul_jack_sentence_naturalness_survey_april_2010,syntax,220,-0.2129,0.952,-0.2237,0.2115
SmolLM-1.7B-Instruct,other,1.7,dative_alternation_extension_version_2,syntax,229,0.1171,0.456,0.2569,0.2186
SmolLM-1.7B-Instruct,other,1.7,dative_finnish,discourse,96,0.0458,0.689,0.0665,0.0149
SmolLM-1.7B-Instruct,other,1.7,dative_turkish,discourse,96,-0.1495,0.734,-0.2036,0.0866
SmolLM-1.7B-Instruct,other,1.7,dentella2023_grammaticality,syntax,80,0.0685,0.981,0.0698,0.0146
SmolLM-1.7B-Instruct,other,1.7,depth_charge_survey,sentence_semantics,188,0.1629,0.846,0.1926,0.1028
SmolLM-1.7B-Instruct,other,1.7,depth_charge_with_noise,sentence_semantics,188,0.0006,0.854,0.0007,0.1016
SmolLM-1.7B-Instruct,other,1.7,discourse_30subjs_list1,discourse,100,0.3074,0.941,0.3267,0.0908
SmolLM-1.7B-Instruct,other,1.7,discourse_30subjs_list2,discourse,100,0.1943,0.951,0.2043,0.0863
SmolLM-1.7B-Instruct,other,1.7,discourse_30subjs_list3,discourse,100,0.0176,0.947,0.0186,0.0897
SmolLM-1.7B-Instruct,other,1.7,discourse_30subjs_list4,discourse,100,0.272,0.942,0.2887,0.0901
SmolLM-1.7B-Instruct,other,1.7,discourse_causality_list1,discourse,100,0.3846,0.935,0.4113,0.0531
SmolLM-1.7B-Instruct,other,1.7,discourse_causality_list2,discourse,100,0.2064,0.952,0.2168,0.0554
SmolLM-1.7B-Instruct,other,1.7,discourse_causality_list3,discourse,100,0.1837,0.933,0.1969,0.0543
SmolLM-1.7B-Instruct,other,1.7,discourse_causality_list4,discourse,100,0.1187,0.955,0.1243,0.0517
SmolLM-1.7B-Instruct,other,1.7,discourse_changed_0428,discourse,48,0.1713,0.953,0.1798,0.0913
SmolLM-1.7B-Instruct,other,1.7,discourse_coherence_list1,discourse,100,0.4077,0.943,0.4323,0.058
SmolLM-1.7B-Instruct,other,1.7,discourse_coherence_list2,discourse,100,0.1225,0.936,0.1308,0.0575
SmolLM-1.7B-Instruct,other,1.7,discourse_coherence_list3,discourse,100,0.1209,0.95,0.1273,0.0582
SmolLM-1.7B-Instruct,other,1.7,discourse_coherence_list4,discourse,100,0.1955,0.933,0.2095,0.0548
SmolLM-1.7B-Instruct,other,1.7,discourse_imagability_pairs_list1,sentence_semantics,100,0.251,0.917,0.2738,0.0798
SmolLM-1.7B-Instruct,other,1.7,discourse_imagability_pairs_list2,sentence_semantics,100,0.3982,0.946,0.4209,0.0818
SmolLM-1.7B-Instruct,other,1.7,discourse_imagability_singles_list1,sentence_semantics,100,0.2001,0.938,0.2133,0.0951
SmolLM-1.7B-Instruct,other,1.7,discourse_imagability_singles_list2,sentence_semantics,100,0.5129,0.954,0.5377,0.094
SmolLM-1.7B-Instruct,other,1.7,discourse_imagability_singles_list3,sentence_semantics,100,0.2263,0.931,0.243,0.1022
SmolLM-1.7B-Instruct,other,1.7,discourse_imagability_singles_list4,sentence_semantics,100,0.5789,0.948,0.6106,0.0954
SmolLM-1.7B-Instruct,other,1.7,discourse_mentalizing_pairs_list1,sentence_semantics,100,0.1459,0.928,0.1572,0.1145
SmolLM-1.7B-Instruct,other,1.7,discourse_mentalizing_pairs_list2,sentence_semantics,100,0.0066,0.931,0.0071,0.1097
SmolLM-1.7B-Instruct,other,1.7,discourse_mentalizing_singles_list1,sentence_semantics,100,0.0279,0.935,0.0299,0.0835
SmolLM-1.7B-Instruct,other,1.7,discourse_mentalizing_singles_list2,sentence_semantics,100,0.2434,0.925,0.2632,0.0777
SmolLM-1.7B-Instruct,other,1.7,discourse_mentalizing_singles_list3,sentence_semantics,100,0.0985,0.909,0.1083,0.0884
SmolLM-1.7B-Instruct,other,1.7,discourse_mentalizing_singles_list4,sentence_semantics,100,-0.0085,0.952,-0.0089,0.0793
SmolLM-1.7B-Instruct,other,1.7,discourse_physics_pairs_list1,sentence_semantics,100,0.136,0.957,0.1421,0.1213
SmolLM-1.7B-Instruct,other,1.7,discourse_physics_pairs_list2,sentence_semantics,100,0.2617,0.951,0.2752,0.1188
SmolLM-1.7B-Instruct,other,1.7,discourse_physics_singles_list1,sentence_semantics,100,0.2848,0.943,0.302,0.0863
SmolLM-1.7B-Instruct,other,1.7,discourse_physics_singles_list2,sentence_semantics,100,0.5888,0.952,0.6185,0.0827
SmolLM-1.7B-Instruct,other,1.7,discourse_physics_singles_list3,sentence_semantics,100,0.1598,0.941,0.1698,0.0896
SmolLM-1.7B-Instruct,other,1.7,discourse_physics_singles_list4,sentence_semantics,100,0.5358,0.942,0.5688,0.083
SmolLM-1.7B-Instruct,other,1.7,discourse_scenes_pairs_list1,sentence_semantics,100,0.4777,0.944,0.5061,0.089
SmolLM-1.7B-Instruct,other,1.7,discourse_scenes_pairs_list2,sentence_semantics,100,0.5902,0.95,0.6213,0.0891
SmolLM-1.7B-Instruct,other,1.7,discourse_scenes_singles_list1,sentence_semantics,100,0.4984,0.944,0.528,0.0724
SmolLM-1.7B-Instruct,other,1.7,discourse_scenes_singles_list2,sentence_semantics,100,0.605,0.949,0.6375,0.0723
SmolLM-1.7B-Instruct,other,1.7,discourse_scenes_singles_list3,sentence_semantics,100,0.476,0.966,0.4927,0.0741
SmolLM-1.7B-Instruct,other,1.7,discourse_scenes_singles_list4,sentence_semantics,100,0.573,0.964,0.5944,0.0709
SmolLM-1.7B-Instruct,other,1.7,diveica2023_socialness,lexical_semantics,1000,-0.0927,0.883,-0.105,0.0702
SmolLM-1.7B-Instruct,other,1.7,ecog_sentences_imaginability_jan_8_2014,sentence_semantics,120,0.1323,0.833,0.1588,0.146
SmolLM-1.7B-Instruct,other,1.7,ecog_sentences_naturalness_jan_8_2014_2,sentence_semantics,120,0.1416,0.727,0.1948,0.2757
SmolLM-1.7B-Instruct,other,1.7,edwards2024_spelling_to_pronunciation_transparency,subword,1000,0.0635,0.826,0.0769,0.0707
SmolLM-1.7B-Instruct,other,1.7,erp_norming_error_detection_june_2013_4,syntax,323,-0.1254,0.841,-0.1491,0.0593
SmolLM-1.7B-Instruct,other,1.7,erp_sentence_naturalness_survey_june_2013_2,syntax,483,-0.2158,0.922,-0.234,0.1722
SmolLM-1.7B-Instruct,other,1.7,eunice_disfluency_2_nov_17_2011,syntax,190,-0.072,0.832,-0.0866,0.2131
SmolLM-1.7B-Instruct,other,1.7,eunice_disfluency_nov_15_2011,syntax,468,0.109,0.807,0.1351,0.213
SmolLM-1.7B-Instruct,other,1.7,european_portuguese_rc,syntax,174,0.0154,0.84,0.0184,0.0325
SmolLM-1.7B-Instruct,other,1.7,european_portuguese_wh,syntax,174,-0.0673,0.893,-0.0754,0.0264
SmolLM-1.7B-Instruct,other,1.7,extension,syntax,138,0.2637,0.872,0.3024,0.0749
SmolLM-1.7B-Instruct,other,1.7,gabriel_rc,syntax,174,-0.0429,0.818,-0.0524,0.0321
SmolLM-1.7B-Instruct,other,1.7,gabriel_wh,syntax,174,-0.0546,0.902,-0.0605,0.0275
SmolLM-1.7B-Instruct,other,1.7,giurgea2025_motivation,lexical_semantics,1000,-0.2139,0.856,-0.2499,0.0371
SmolLM-1.7B-Instruct,other,1.7,huang_response_set1a,syntax,288,0.1316,0.966,0.1362,0.1971
SmolLM-1.7B-Instruct,other,1.7,huang_response_set1b,syntax,288,0.0972,0.964,0.1008,0.199
SmolLM-1.7B-Instruct,other,1.7,huang_response_set2a,syntax,288,0.1528,0.97,0.1575,0.1939
SmolLM-1.7B-Instruct,other,1.7,huang_response_set2a_declaratives,syntax,288,0.1754,0.97,0.1808,0.1977
SmolLM-1.7B-Instruct,other,1.7,huang_response_set2b,syntax,288,0.1283,0.97,0.1323,0.1962
SmolLM-1.7B-Instruct,other,1.7,huang_response_set2b_declaratives,syntax,288,0.3027,0.974,0.3108,0.1985
SmolLM-1.7B-Instruct,other,1.7,imperative_control_iad_gs_may_16_2011_purple_puppy,pragmatics,96,0.1898,0.86,0.2207,0.172
SmolLM-1.7B-Instruct,other,1.7,isac_sentence_naturalness_survey_feb_2011_64_items_survey_code_giant_c,syntax,256,-0.0269,0.885,-0.0304,0.1165
SmolLM-1.7B-Instruct,other,1.7,islands_acceptability_expt_2_dec_2_2012,syntax,480,0.2257,0.874,0.2582,0.1805
SmolLM-1.7B-Instruct,other,1.7,italian_dative_v2,discourse,192,0.0563,0.604,0.0932,0.019
SmolLM-1.7B-Instruct,other,1.7,italian_locative_v7,discourse,192,0.2112,0.66,0.3199,0.0188
SmolLM-1.7B-Instruct,other,1.7,lancaster2020_auditory,lexical_semantics,1000,-0.0669,0.831,-0.0805,0.1585
SmolLM-1.7B-Instruct,other,1.7,lancaster2020_foot_leg,lexical_semantics,1000,-0.1188,0.729,-0.1629,0.1389
SmolLM-1.7B-Instruct,other,1.7,lancaster2020_gustatory,lexical_semantics,1000,0.0666,0.545,0.1222,0.1256
SmolLM-1.7B-Instruct,other,1.7,lancaster2020_hand_arm,lexical_semantics,1000,-0.0507,0.783,-0.0647,0.1228
SmolLM-1.7B-Instruct,other,1.7,lancaster2020_haptic,lexical_semantics,1000,-0.0642,0.808,-0.0795,0.131
SmolLM-1.7B-Instruct,other,1.7,lancaster2020_head,lexical_semantics,1000,0.0556,0.57,0.0976,0.1025
SmolLM-1.7B-Instruct,other,1.7,lancaster2020_interoceptive,lexical_semantics,1000,0.1459,0.778,0.1875,0.1223
SmolLM-1.7B-Instruct,other,1.7,lancaster2020_mouth,lexical_semantics,1000,0.0792,0.777,0.102,0.1003
SmolLM-1.7B-Instruct,other,1.7,lancaster2020_olfactory,lexical_semantics,1000,0.0214,0.622,0.0344,0.1332
SmolLM-1.7B-Instruct,other,1.7,lancaster2020_torso,lexical_semantics,1000,-0.1497,0.675,-0.2218,0.116
SmolLM-1.7B-Instruct,other,1.7,lancaster2020_visual,lexical_semantics,1000,-0.1044,0.767,-0.1361,0.1462
SmolLM-1.7B-Instruct,other,1.7,lauren_sentence_naturalness_survey_expt3_nov_17_2011,syntax,460,-0.0035,0.633,-0.0056,0.1506
SmolLM-1.7B-Instruct,other,1.7,lauren_sentence_naturalness_survey_expt_2_nov_15_2011,syntax,252,0.1691,0.712,0.2375,0.1598
SmolLM-1.7B-Instruct,other,1.7,lauren_sentence_naturalness_survey_oct_14_2011,syntax,360,0.1227,0.703,0.1746,0.155
SmolLM-1.7B-Instruct,other,1.7,lexical_frame_adjectives_likert_set1,syntax,384,0.3514,0.83,0.4234,0.0969
SmolLM-1.7B-Instruct,other,1.7,lexical_frame_adjectives_likert_set2,syntax,384,0.3881,0.744,0.5217,0.0992
SmolLM-1.7B-Instruct,other,1.7,lexical_frame_adjectives_likert_set3,syntax,384,0.3825,0.873,0.4381,0.099
SmolLM-1.7B-Instruct,other,1.7,locative_topicalization_survey,discourse,229,0.0561,0.777,0.0723,0.0759
SmolLM-1.7B-Instruct,other,1.7,massive_mem_arousal_mar_2013,lexical_semantics,1000,0.2763,0.883,0.3129,0.1194
SmolLM-1.7B-Instruct,other,1.7,massive_mem_arousal_mar_2013_end_2,lexical_semantics,242,0.3125,0.85,0.3676,0.1096
SmolLM-1.7B-Instruct,other,1.7,massive_mem_arousal_mar_2014,lexical_semantics,1000,0.2952,0.863,0.3421,0.0942
SmolLM-1.7B-Instruct,other,1.7,massive_mem_arousal_mar_2014_end_1,lexical_semantics,242,0.2433,0.886,0.2746,0.0962
SmolLM-1.7B-Instruct,other,1.7,massive_mem_concreteness_mar_2013,lexical_semantics,1000,0.3487,0.956,0.3647,0.1445
SmolLM-1.7B-Instruct,other,1.7,massive_mem_concreteness_mar_2013_end_1,lexical_semantics,242,0.258,0.959,0.269,0.1293
SmolLM-1.7B-Instruct,other,1.7,massive_mem_concreteness_mar_2014,lexical_semantics,1000,-0.0748,0.952,-0.0786,0.1274
SmolLM-1.7B-Instruct,other,1.7,massive_mem_concreteness_mar_2014_end_1,lexical_semantics,242,-0.0274,0.955,-0.0286,0.1315
SmolLM-1.7B-Instruct,other,1.7,massive_mem_imageability_mar_2013,lexical_semantics,1000,0.4972,0.961,0.5174,0.167
SmolLM-1.7B-Instruct,other,1.7,massive_mem_imageability_mar_2013_end_1,lexical_semantics,242,0.4733,0.963,0.4915,0.1436
SmolLM-1.7B-Instruct,other,1.7,massive_mem_imageability_mar_2014,lexical_semantics,1000,0.1441,0.948,0.152,0.1086
SmolLM-1.7B-Instruct,other,1.7,massive_mem_imageability_mar_2014_end_1,lexical_semantics,242,0.2805,0.964,0.291,0.1029
SmolLM-1.7B-Instruct,other,1.7,massive_mem_valence_mar_2013,lexical_semantics,1000,0.1326,0.948,0.1399,0.094
SmolLM-1.7B-Instruct,other,1.7,massive_mem_valence_mar_2013_end_1,lexical_semantics,242,0.1396,0.966,0.1445,0.0774
SmolLM-1.7B-Instruct,other,1.7,massive_mem_valence_mar_2014,lexical_semantics,1000,0.0087,0.961,0.009,0.0627
SmolLM-1.7B-Instruct,other,1.7,massive_mem_valence_mar_2014_end_1,lexical_semantics,242,0.1822,0.959,0.19,0.064
SmolLM-1.7B-Instruct,other,1.7,melissa_short_naturalness_test,sentence_semantics,24,0.3872,0.968,0.4,0.2317
SmolLM-1.7B-Instruct,other,1.7,missing_vp_extension_0501_final,syntax,72,0.055,0.741,0.0742,0.104
SmolLM-1.7B-Instruct,other,1.7,missing_vp_extension,syntax,80,-0.268,0.881,-0.3042,0.0826
SmolLM-1.7B-Instruct,other,1.7,missing_vp_rereplication,syntax,72,-0.0769,0.707,-0.1088,0.0898
SmolLM-1.7B-Instruct,other,1.7,mk_grammaticality_study_7_20,syntax,1000,-0.094,0.876,-0.1073,0.2145
SmolLM-1.7B-Instruct,other,1.7,muraki2023_concreteness,lexical_semantics,1000,-0.3114,0.829,-0.3756,0.2298
SmolLM-1.7B-Instruct,other,1.7,noisy_channel_acceptability_1_sept_2013_1,syntax,496,-0.0985,0.921,-0.1069,0.2523
SmolLM-1.7B-Instruct,other,1.7,noisy_channel_acceptability_2_sept_2013,syntax,380,-0.0029,0.965,-0.003,0.2397
SmolLM-1.7B-Instruct,other,1.7,noisy_rc_norming_oct19,sentence_semantics,128,-0.2581,0.838,-0.308,0.2511
SmolLM-1.7B-Instruct,other,1.7,of_acceptability_2,syntax,88,0.0359,0.951,0.0377,0.2927
SmolLM-1.7B-Instruct,other,1.7,orange_camel_sentence_naturalness_survey_nov_2010,discourse,144,-0.0392,0.861,-0.0456,0.1259
SmolLM-1.7B-Instruct,other,1.7,orc_lauren_sentence_naturalness_survey_july_2012,syntax,192,0.4025,0.948,0.4246,0.1704
SmolLM-1.7B-Instruct,other,1.7,p_p_sentence_naturalness_survey_aug_2010,syntax,252,0.1993,0.859,0.2321,0.1896
SmolLM-1.7B-Instruct,other,1.7,p_p_sentence_naturalness_survey_dec_2009,syntax,324,0.1502,0.95,0.1582,0.1688
SmolLM-1.7B-Instruct,other,1.7,p_p_sentence_naturalness_survey_feb,syntax,614,0.3163,0.664,0.4763,0.1524
SmolLM-1.7B-Instruct,other,1.7,p_p_sentence_naturalness_survey_june_2013_v3,syntax,242,0.3516,0.928,0.3789,0.0346
SmolLM-1.7B-Instruct,other,1.7,paris_judgments_3_dec_2012,syntax,477,0.2145,0.845,0.2539,0.177
SmolLM-1.7B-Instruct,other,1.7,pascal_1_dec_2012,syntax,544,-0.0697,0.066,-1.0556,0.0126
SmolLM-1.7B-Instruct,other,1.7,presup_survey_1_acd_july_2012,pragmatics,240,0.1353,0.83,0.163,0.0812
SmolLM-1.7B-Instruct,other,1.7,presup_survey_2_acd_july_2012,pragmatics,240,0.0647,0.665,0.0973,0.101
SmolLM-1.7B-Instruct,other,1.7,pronouns_following_verbs,pragmatics,44,0.0791,0.706,0.112,0.0795
SmolLM-1.7B-Instruct,other,1.7,pronouns_following_verbs_an,pragmatics,44,-0.111,0.663,-0.1674,0.0561
SmolLM-1.7B-Instruct,other,1.7,pronouns_following_verbs_ce,pragmatics,44,0.0774,0.708,0.1094,0.0754
SmolLM-1.7B-Instruct,other,1.7,pronouns_following_verbs_sm,pragmatics,44,-0.1621,0.443,-0.3659,0.0419
SmolLM-1.7B-Instruct,other,1.7,pronouns_following_verbs_so,pragmatics,44,-0.0067,0.509,-0.0132,0.0547
SmolLM-1.7B-Instruct,other,1.7,pronouns_following_verbs_ve,pragmatics,45,-0.0832,0.567,-0.1468,0.055
SmolLM-1.7B-Instruct,other,1.7,quant_syn_april_13_2012_90_sentences_with_a_question_and_a_rating_code,syntax,184,-0.0787,0.91,-0.0865,0.1401
SmolLM-1.7B-Instruct,other,1.7,quant_syn_april_14_2012_48_sentences_with_a_question_and_a_rating_code,syntax,168,-0.0356,0.96,-0.0371,0.1436
SmolLM-1.7B-Instruct,other,1.7,quant_syn_april_16_2012_36_sentences_with_a_question_and_a_rating_code,syntax,126,-0.0917,0.965,-0.095,0.1396
SmolLM-1.7B-Instruct,other,1.7,quantifier_naturalness_survey_june_4_2010,syntax,192,0.0329,0.639,0.0515,0.1697
SmolLM-1.7B-Instruct,other,1.7,quantitative_syntax_survey,syntax,129,0.1512,0.852,0.1774,0.1115
SmolLM-1.7B-Instruct,other,1.7,rating_english_sentences,syntax,240,0.1882,0.899,0.2093,0.1253
SmolLM-1.7B-Instruct,other,1.7,reasoning_and_language_tasks_survey_code_talkative_pigeon,syntax,72,0.2712,0.941,0.2882,0.135
SmolLM-1.7B-Instruct,other,1.7,relative_clause_displacements_in_english_sentences,syntax,180,0.2696,0.501,0.5381,0.133
SmolLM-1.7B-Instruct,other,1.7,relative_clause_displacements_in_english_sentences_with_fill,syntax,93,0.1058,0.846,0.125,0.1295
SmolLM-1.7B-Instruct,other,1.7,replication_study_9_59,discourse,185,0.0448,0.363,0.1234,0.1709
SmolLM-1.7B-Instruct,other,1.7,richard_islands_acceptability_expt_1_april_25_2013_3,syntax,144,0.383,0.819,0.4676,0.1467
SmolLM-1.7B-Instruct,other,1.7,richard_islands_acceptability_expt_2_april_26_2013,syntax,228,0.0197,0.92,0.0214,0.1367
SmolLM-1.7B-Instruct,other,1.7,richard_islands_acceptability_expt_4_april_26_2013_1,syntax,100,0.0344,0.931,0.0369,0.1463
SmolLM-1.7B-Instruct,other,1.7,richard_islands_acceptability_expt_5_april_27_2013_1,syntax,132,0.0604,0.619,0.0976,0.1412
SmolLM-1.7B-Instruct,other,1.7,richard_islands_acceptability_expt_6_april_28_2013_while_whq_decl,syntax,100,-0.0238,0.965,-0.0247,0.1451
SmolLM-1.7B-Instruct,other,1.7,russian_freezing,syntax,180,0.1388,0.898,0.1546,0.0519
SmolLM-1.7B-Instruct,other,1.7,semantics1_finalproject,sentence_semantics,96,-0.0355,0.972,-0.0365,0.1841
SmolLM-1.7B-Instruct,other,1.7,semantics2_finalproject,sentence_semantics,96,-0.1465,0.986,-0.1486,0.1836
SmolLM-1.7B-Instruct,other,1.7,semantics3_final_project,pragmatics,96,-0.0416,0.974,-0.0427,0.1568
SmolLM-1.7B-Instruct,other,1.7,sentence_completions_and_islands_acceptability_expt_1_nov_13_2012,syntax,112,0.2627,0.969,0.2711,0.1662
SmolLM-1.7B-Instruct,other,1.7,sentence_naturalness_isac_survey_feb_2011,syntax,304,-0.1276,0.836,-0.1526,0.1657
SmolLM-1.7B-Instruct,other,1.7,sentence_naturalness_survey_acd_ratings_hackl_expt_7_oct_25_2012_1,syntax,176,-0.1221,0.886,-0.1378,0.2018
SmolLM-1.7B-Instruct,other,1.7,sentence_naturalness_survey_acd_ratings_hackl_replic_expt_1_july_14_20,syntax,480,0.1242,0.864,0.1437,0.1878
SmolLM-1.7B-Instruct,other,1.7,sentence_naturalness_survey_acd_ratings_v4_july_13_2012,syntax,176,-0.1267,0.748,-0.1694,0.2072
SmolLM-1.7B-Instruct,other,1.7,sentence_naturalness_survey_acd_v1_jan_2012,discourse,128,-0.0237,0.299,-0.0792,0.0718
SmolLM-1.7B-Instruct,other,1.7,sentence_naturalness_survey_acd_v6_oct_25_2012,discourse,128,-0.0287,0.602,-0.0477,0.0786
SmolLM-1.7B-Instruct,other,1.7,sentence_naturalness_survey_denise_jan_12_2011_survey_code_pig_the_pig,syntax,200,-0.0576,0.986,-0.0584,0.1179
SmolLM-1.7B-Instruct,other,1.7,sentence_naturalness_survey_denise_sept_8_2010_survey_code_pig_the_pig,syntax,224,-0.0485,0.972,-0.0499,0.1196
SmolLM-1.7B-Instruct,other,1.7,sentence_naturalness_survey_feb_16_1_2012_60_items_code_shy_armadillo,syntax,120,-0.2325,0.912,-0.2549,0.1661
SmolLM-1.7B-Instruct,other,1.7,sentence_naturalness_survey_for_gs_dec_2009,pragmatics,122,0.0627,0.882,0.0711,0.1819
SmolLM-1.7B-Instruct,other,1.7,sentence_naturalness_survey_for_gs_jan_2010,pragmatics,133,0.0554,0.906,0.0611,0.1539
SmolLM-1.7B-Instruct,other,1.7,sentence_naturalness_survey_for_gs_jan_23_2010,pragmatics,216,0.0376,0.942,0.0399,0.1458
SmolLM-1.7B-Instruct,other,1.7,sentence_naturalness_survey_for_gs_may_11_2011_purple_puppy,pragmatics,72,-0.054,0.873,-0.0618,0.1459
SmolLM-1.7B-Instruct,other,1.7,sentence_naturalness_survey_for_jk_april_4_2010,discourse,96,-0.1605,0.886,-0.1811,0.2291
SmolLM-1.7B-Instruct,other,1.7,sentence_naturalness_survey_for_jk_april_4_expt_3_2010,discourse,96,0.0734,0.83,0.0885,0.2191
SmolLM-1.7B-Instruct,other,1.7,sentence_naturalness_survey_for_jk_april_9_expt_4_2010,discourse,96,0.0472,0.831,0.0568,0.2169
SmolLM-1.7B-Instruct,other,1.7,sentence_naturalness_survey_for_jk_june_24_2010_v2,discourse,176,-0.1999,0.787,-0.254,0.239
SmolLM-1.7B-Instruct,other,1.7,sentence_naturalness_survey_for_jk_mar_2010,discourse,96,-0.1569,0.88,-0.1783,0.237
SmolLM-1.7B-Instruct,other,1.7,sentence_naturalness_survey_for_jkm_dec_2009,discourse,128,-0.0991,0.18,-0.5507,0.2574
SmolLM-1.7B-Instruct,other,1.7,sentence_naturalness_survey_for_jkm_jan_2012,discourse,128,-0.036,0.266,-0.1353,0.0718
SmolLM-1.7B-Instruct,other,1.7,sentence_naturalness_survey_for_lb_dec_2009,discourse,108,-0.0596,0.832,-0.0716,0.227
SmolLM-1.7B-Instruct,other,1.7,sentence_naturalness_survey_for_lb_feb_20_2010_v2,discourse,79,0.5577,0.951,0.5864,0.1875
SmolLM-1.7B-Instruct,other,1.7,sentence_naturalness_survey_for_lb_jan_2011,discourse,519,-0.0676,0.886,-0.0763,0.1947
SmolLM-1.7B-Instruct,other,1.7,sentence_naturalness_survey_for_lb_jan_2011_v2,discourse,519,-0.009,0.689,-0.0131,0.0264
SmolLM-1.7B-Instruct,other,1.7,sentence_naturalness_survey_for_lb_jan_2011_v3,discourse,519,-0.0538,0.886,-0.0607,0.1939
SmolLM-1.7B-Instruct,other,1.7,sentence_naturalness_survey_for_lb_mar_2010_2,discourse,241,0.2761,0.935,0.2953,0.2164
SmolLM-1.7B-Instruct,other,1.7,sentence_naturalness_survey_for_lb_mar_2010,discourse,123,0.1526,0.951,0.1604,0.2213
SmolLM-1.7B-Instruct,other,1.7,sentence_naturalness_survey_for_lb_may_2010,discourse,148,0.2075,0.953,0.2177,0.2227
SmolLM-1.7B-Instruct,other,1.7,sentence_naturalness_survey_for_lb_prelim_oct_2010,discourse,402,0.1528,0.882,0.1733,0.227
SmolLM-1.7B-Instruct,other,1.7,sentence_naturalness_survey_for_rw_dec_2009,discourse,180,0.2861,0.825,0.3468,0.1912
SmolLM-1.7B-Instruct,other,1.7,sentence_naturalness_survey_for_rw_jan_2010,discourse,480,0.2399,0.872,0.2751,0.1827
SmolLM-1.7B-Instruct,other,1.7,sentence_naturalness_survey_laura_mar_17_2012_92_items_code_lazy_cater,sentence_semantics,368,-0.0607,0.883,-0.0687,0.1279
SmolLM-1.7B-Instruct,other,1.7,sentence_naturalness_survey_laura_mar_17_2012_96_items_code_lazy_cater,sentence_semantics,384,-0.0401,0.883,-0.0454,0.1312
SmolLM-1.7B-Instruct,other,1.7,sentence_naturalness_survey_may_4_2011_36_items_code_anxious_bat,syntax,84,-0.195,0.757,-0.2576,0.1597
SmolLM-1.7B-Instruct,other,1.7,sentence_naturalness_survey_nat_aug_28_2010_survey_code_downtown,syntax,270,0.0253,0.956,0.0265,0.1211
SmolLM-1.7B-Instruct,other,1.7,short_acceptability_feb_6_2014,syntax,128,-0.249,0.907,-0.2746,0.2307
SmolLM-1.7B-Instruct,other,1.7,susan_canonicity_rerunning_2,syntax,52,-0.1135,0.95,-0.1195,0.2923
SmolLM-1.7B-Instruct,other,1.7,topicalization_e1,syntax,77,0.2915,0.942,0.3094,0.2634
SmolLM-1.7B-Instruct,other,1.7,verb_causality_study_semantics_ratings_mk_april_2010,lexical_semantics,188,-0.1615,0.972,-0.1662,0.1274
SmolLM-1.7B-Instruct,other,1.7,verb_causality_study_syntax_ratings_mk_april_2010,syntax,653,-0.0253,0.633,-0.04,0.2516
SmolLM-1.7B-Instruct,other,1.7,wm2_wm5_9_59_sentence_naturalness_survey_april_2011,syntax,219,-0.1003,0.839,-0.1196,0.1788
SmolLM-1.7B-Instruct,other,1.7,word3_b_word_naturalness_survey_may_4_2011_160_items_code_sleepy_bear,subword,158,0.3561,0.937,0.3801,0.0407
SmolLM-1.7B-Instruct,other,1.7,word3_word_naturalness_survey_may_1_2011_45_items_code_nosy_badger,subword,45,0.1565,0.948,0.1651,0.0391
SmolLM-360M-Instruct,other,0.4,50_sentences_noisy_channel_may_25_2011,pragmatics,208,-0.1322,0.555,-0.2382,0.02
SmolLM-360M-Instruct,other,0.4,50_sentences_with_2_comp_qs_plus_rating_mar_11_2011,sentence_semantics,208,0.0343,0.588,0.0584,0.0224
SmolLM-360M-Instruct,other,0.4,acceptability_extension_959_v5,syntax,566,0.0759,0.797,0.0952,0.0463
SmolLM-360M-Instruct,other,0.4,acceptability_judgments_kang,syntax,136,0.2521,0.974,0.2588,0.0258
SmolLM-360M-Instruct,other,0.4,acceptability_replication_959,syntax,288,0.255,0.964,0.2646,0.0367
SmolLM-360M-Instruct,other,0.4,acd_context_polly_1_nov_23_2012,discourse,310,-0.09,0.462,-0.1948,0.011
SmolLM-360M-Instruct,other,0.4,acd_no_context_polly_1_nov_23_2012,syntax,213,-0.0239,0.838,-0.0285,0.0236
SmolLM-360M-Instruct,other,0.4,acd_project_also_3_nov_24_2012_2,syntax,128,-0.0766,0.874,-0.0877,0.0235
SmolLM-360M-Instruct,other,0.4,acd_project_expt_23_also_nov_16_2012,syntax,600,0.0635,0.825,0.077,0.0235
SmolLM-360M-Instruct,other,0.4,acd_project_expt_24_same_diff_verbs_nov_16_2012,syntax,472,0.0908,0.89,0.1021,0.0237
SmolLM-360M-Instruct,other,0.4,acd_project_expt_31_same_diff_verbs_nov_16_2012_1,syntax,176,0.0454,0.755,0.0602,0.0239
SmolLM-360M-Instruct,other,0.4,acd_project_expt_42_also_verbs_nov_29_2012_1,syntax,176,-0.1758,0.63,-0.2791,0.0237
SmolLM-360M-Instruct,other,0.4,acd_project_expt_44_the_same_nov_29_2012_1,syntax,140,-0.0226,0.601,-0.0376,0.0231
SmolLM-360M-Instruct,other,0.4,acd_project_expt_45_hkv_expt_2_plaus_nov_29_2012,syntax,360,0.1234,0.774,0.1595,0.0259
SmolLM-360M-Instruct,other,0.4,acd_project_expt_46_also_in_hkv_2_nov_29_2012_1,syntax,448,0.1623,0.56,0.2898,0.0253
SmolLM-360M-Instruct,other,0.4,active_passive_sentence_naturalness_survey_july_2012,syntax,132,0.4821,0.887,0.5435,0.0233
SmolLM-360M-Instruct,other,0.4,aixiu_coherence_en_update1,sentence_semantics,277,0.1091,0.882,0.1237,0.0355
SmolLM-360M-Instruct,other,0.4,alex_paunov_literal_inferences_dec_3_2011,pragmatics,299,0.3181,0.908,0.3503,0.0272
SmolLM-360M-Instruct,other,0.4,amouyal2024_plausibility,sentence_semantics,853,-0.0737,0.915,-0.0806,0.0235
SmolLM-360M-Instruct,other,0.4,animacy_passive_dative_kyle,syntax,120,0.1134,0.926,0.1224,0.026
SmolLM-360M-Instruct,other,0.4,anne_abeille_acceptability_july_12_2017_1,syntax,296,0.145,0.635,0.2283,0.023
SmolLM-360M-Instruct,other,0.4,base_acceptability_0908,syntax,73,0.2317,0.931,0.2489,0.0247
SmolLM-360M-Instruct,other,0.4,brief_sentence_naturalness_survey_march_2011,sentence_semantics,64,0.0997,0.96,0.1039,0.0249
SmolLM-360M-Instruct,other,0.4,can_noncan_acceptability_0924,syntax,88,0.1211,0.966,0.1253,0.022
SmolLM-360M-Instruct,other,0.4,can_noncan_acceptability_2,syntax,88,0.127,0.962,0.132,0.022
SmolLM-360M-Instruct,other,0.4,chinese_dative,discourse,96,-0.0787,0.715,-0.1101,0.0523
SmolLM-360M-Instruct,other,0.4,class_demo,syntax,44,-0.029,0.927,-0.0313,0.0236
SmolLM-360M-Instruct,other,0.4,clefting_e3,syntax,48,0.2022,0.877,0.2305,0.0211
SmolLM-360M-Instruct,other,0.4,clefting_e4,syntax,48,0.233,0.969,0.2404,0.0208
SmolLM-360M-Instruct,other,0.4,coherence_survey_list1_main,discourse,100,-0.1324,0.95,-0.1394,0.0246
SmolLM-360M-Instruct,other,0.4,coherence_survey_list2_main,discourse,100,0.0563,0.948,0.0594,0.0246
SmolLM-360M-Instruct,other,0.4,coherence_survey_list3_main,discourse,100,0.1026,0.942,0.1089,0.0239
SmolLM-360M-Instruct,other,0.4,coherence_survey_list4_main,discourse,100,0.1391,0.95,0.1464,0.0241
SmolLM-360M-Instruct,other,0.4,constituency_tests_2,syntax,48,0.4685,0.836,0.5604,0.0249
SmolLM-360M-Instruct,other,0.4,constituency_tests,syntax,48,0.4237,0.654,0.6478,0.0249
SmolLM-360M-Instruct,other,0.4,copy_cat_polly_june_2014,discourse,102,-0.133,0.865,-0.1538,0.0102
SmolLM-360M-Instruct,other,0.4,copy_of_verb_causality_study_semantics_ratings_mk_april_2010,lexical_semantics,62,0.1311,0.83,0.158,0.0271
SmolLM-360M-Instruct,other,0.4,crossed_dependencies_long,syntax,201,-0.153,0.899,-0.1702,0.0349
SmolLM-360M-Instruct,other,0.4,cul_jack_april_12_2012_54_short_texts_with_two_comprehension_questions,syntax,210,0.0569,0.896,0.0635,0.0308
SmolLM-360M-Instruct,other,0.4,cul_jack_sentence_naturalness_survey_april_2010,syntax,220,-0.0363,0.952,-0.0382,0.0248
SmolLM-360M-Instruct,other,0.4,dative_alternation_extension_version_2,syntax,229,-0.019,0.456,-0.0416,0.0295
SmolLM-360M-Instruct,other,0.4,dative_finnish,discourse,96,-0.0821,0.689,-0.1191,0.0098
SmolLM-360M-Instruct,other,0.4,dative_turkish,discourse,96,0.004,0.734,0.0054,0.0787
SmolLM-360M-Instruct,other,0.4,dentella2023_grammaticality,syntax,80,-0.01,0.981,-0.0102,0.0099
SmolLM-360M-Instruct,other,0.4,depth_charge_survey,sentence_semantics,188,0.0891,0.846,0.1053,0.0161
SmolLM-360M-Instruct,other,0.4,depth_charge_with_noise,sentence_semantics,188,0.1228,0.854,0.1438,0.0159
SmolLM-360M-Instruct,other,0.4,discourse_30subjs_list1,discourse,100,-0.2038,0.941,-0.2166,0.0246
SmolLM-360M-Instruct,other,0.4,discourse_30subjs_list2,discourse,100,0.0365,0.951,0.0384,0.0247
SmolLM-360M-Instruct,other,0.4,discourse_30subjs_list3,discourse,100,0.0836,0.947,0.0883,0.0238
SmolLM-360M-Instruct,other,0.4,discourse_30subjs_list4,discourse,100,0.1691,0.942,0.1796,0.024
SmolLM-360M-Instruct,other,0.4,discourse_causality_list1,discourse,100,0.185,0.935,0.1979,0.0177
SmolLM-360M-Instruct,other,0.4,discourse_causality_list2,discourse,100,0.1123,0.952,0.118,0.0175
SmolLM-360M-Instruct,other,0.4,discourse_causality_list3,discourse,100,0.0339,0.933,0.0364,0.0175
SmolLM-360M-Instruct,other,0.4,discourse_causality_list4,discourse,100,0.016,0.955,0.0168,0.0174
SmolLM-360M-Instruct,other,0.4,discourse_changed_0428,discourse,48,0.087,0.953,0.0913,0.0245
SmolLM-360M-Instruct,other,0.4,discourse_coherence_list1,discourse,100,0.1424,0.943,0.151,0.0193
SmolLM-360M-Instruct,other,0.4,discourse_coherence_list2,discourse,100,0.2198,0.936,0.2348,0.0194
SmolLM-360M-Instruct,other,0.4,discourse_coherence_list3,discourse,100,0.0928,0.95,0.0977,0.0194
SmolLM-360M-Instruct,other,0.4,discourse_coherence_list4,discourse,100,-0.0083,0.933,-0.0089,0.0191
SmolLM-360M-Instruct,other,0.4,discourse_imagability_pairs_list1,sentence_semantics,100,-0.0654,0.917,-0.0713,0.0158
SmolLM-360M-Instruct,other,0.4,discourse_imagability_pairs_list2,sentence_semantics,100,-0.0893,0.946,-0.0943,0.0159
SmolLM-360M-Instruct,other,0.4,discourse_imagability_singles_list1,sentence_semantics,100,-0.1498,0.938,-0.1597,0.02
SmolLM-360M-Instruct,other,0.4,discourse_imagability_singles_list2,sentence_semantics,100,0.0336,0.954,0.0353,0.0204
SmolLM-360M-Instruct,other,0.4,discourse_imagability_singles_list3,sentence_semantics,100,-0.0269,0.931,-0.0289,0.0202
SmolLM-360M-Instruct,other,0.4,discourse_imagability_singles_list4,sentence_semantics,100,-0.0152,0.948,-0.0161,0.0206
SmolLM-360M-Instruct,other,0.4,discourse_mentalizing_pairs_list1,sentence_semantics,100,0.0436,0.928,0.047,0.0237
SmolLM-360M-Instruct,other,0.4,discourse_mentalizing_pairs_list2,sentence_semantics,100,0.0293,0.931,0.0314,0.0234
SmolLM-360M-Instruct,other,0.4,discourse_mentalizing_singles_list1,sentence_semantics,100,0.0644,0.935,0.0689,0.0266
SmolLM-360M-Instruct,other,0.4,discourse_mentalizing_singles_list2,sentence_semantics,100,0.0515,0.925,0.0556,0.0273
SmolLM-360M-Instruct,other,0.4,discourse_mentalizing_singles_list3,sentence_semantics,100,-0.074,0.909,-0.0814,0.0274
SmolLM-360M-Instruct,other,0.4,discourse_mentalizing_singles_list4,sentence_semantics,100,0.1324,0.952,0.1391,0.0275
SmolLM-360M-Instruct,other,0.4,discourse_physics_pairs_list1,sentence_semantics,100,-0.2206,0.957,-0.2305,0.0211
SmolLM-360M-Instruct,other,0.4,discourse_physics_pairs_list2,sentence_semantics,100,-0.1702,0.951,-0.179,0.0214
SmolLM-360M-Instruct,other,0.4,discourse_physics_singles_list1,sentence_semantics,100,-0.0559,0.943,-0.0593,0.0259
SmolLM-360M-Instruct,other,0.4,discourse_physics_singles_list2,sentence_semantics,100,0.1314,0.952,0.138,0.0262
SmolLM-360M-Instruct,other,0.4,discourse_physics_singles_list3,sentence_semantics,100,-0.0621,0.941,-0.066,0.0262
SmolLM-360M-Instruct,other,0.4,discourse_physics_singles_list4,sentence_semantics,100,0.0769,0.942,0.0817,0.0265
SmolLM-360M-Instruct,other,0.4,discourse_scenes_pairs_list1,sentence_semantics,100,0.0057,0.944,0.0061,0.0268
SmolLM-360M-Instruct,other,0.4,discourse_scenes_pairs_list2,sentence_semantics,100,0.0154,0.95,0.0162,0.027
SmolLM-360M-Instruct,other,0.4,discourse_scenes_singles_list1,sentence_semantics,100,0.0098,0.944,0.0104,0.0258
SmolLM-360M-Instruct,other,0.4,discourse_scenes_singles_list2,sentence_semantics,100,0.082,0.949,0.0864,0.0258
SmolLM-360M-Instruct,other,0.4,discourse_scenes_singles_list3,sentence_semantics,100,0.1045,0.966,0.1082,0.026
SmolLM-360M-Instruct,other,0.4,discourse_scenes_singles_list4,sentence_semantics,100,0.0141,0.964,0.0146,0.0266
SmolLM-360M-Instruct,other,0.4,diveica2023_socialness,lexical_semantics,1000,-0.08,0.883,-0.0906,0.0177
SmolLM-360M-Instruct,other,0.4,ecog_sentences_imaginability_jan_8_2014,sentence_semantics,120,0.1731,0.833,0.2079,0.0099
SmolLM-360M-Instruct,other,0.4,ecog_sentences_naturalness_jan_8_2014_2,sentence_semantics,120,0.1464,0.727,0.2014,0.0188
SmolLM-360M-Instruct,other,0.4,edwards2024_spelling_to_pronunciation_transparency,subword,1000,0.0082,0.826,0.01,0.0089
SmolLM-360M-Instruct,other,0.4,erp_norming_error_detection_june_2013_4,syntax,323,0.0132,0.841,0.0157,0.0139
SmolLM-360M-Instruct,other,0.4,erp_sentence_naturalness_survey_june_2013_2,syntax,483,0.1589,0.922,0.1723,0.0271
SmolLM-360M-Instruct,other,0.4,eunice_disfluency_2_nov_17_2011,syntax,190,-0.0156,0.832,-0.0188,0.0238
SmolLM-360M-Instruct,other,0.4,eunice_disfluency_nov_15_2011,syntax,468,0.0966,0.807,0.1197,0.024
SmolLM-360M-Instruct,other,0.4,european_portuguese_rc,syntax,174,0.0196,0.84,0.0233,0.0164
SmolLM-360M-Instruct,other,0.4,european_portuguese_wh,syntax,174,0.0448,0.893,0.0502,0.0121
SmolLM-360M-Instruct,other,0.4,extension,syntax,138,0.1798,0.872,0.2062,0.0343
SmolLM-360M-Instruct,other,0.4,gabriel_rc,syntax,174,0.0386,0.818,0.0472,0.0162
SmolLM-360M-Instruct,other,0.4,gabriel_wh,syntax,174,0.1895,0.902,0.2101,0.0122
SmolLM-360M-Instruct,other,0.4,giurgea2025_motivation,lexical_semantics,1000,-0.1636,0.856,-0.1911,0.0173
SmolLM-360M-Instruct,other,0.4,huang_response_set1a,syntax,288,0.2669,0.966,0.2763,0.0379
SmolLM-360M-Instruct,other,0.4,huang_response_set1b,syntax,288,0.2005,0.964,0.208,0.0378
SmolLM-360M-Instruct,other,0.4,huang_response_set2a,syntax,288,0.2454,0.97,0.2529,0.0383
SmolLM-360M-Instruct,other,0.4,huang_response_set2a_declaratives,syntax,288,0.2384,0.97,0.2457,0.0391
SmolLM-360M-Instruct,other,0.4,huang_response_set2b,syntax,288,0.1998,0.97,0.206,0.0383
SmolLM-360M-Instruct,other,0.4,huang_response_set2b_declaratives,syntax,288,0.2677,0.974,0.2748,0.0398
SmolLM-360M-Instruct,other,0.4,imperative_control_iad_gs_may_16_2011_purple_puppy,pragmatics,96,0.0049,0.86,0.0057,0.022
SmolLM-360M-Instruct,other,0.4,isac_sentence_naturalness_survey_feb_2011_64_items_survey_code_giant_c,syntax,256,0.1161,0.885,0.1312,0.0214
SmolLM-360M-Instruct,other,0.4,islands_acceptability_expt_2_dec_2_2012,syntax,480,0.0187,0.874,0.0214,0.0238
SmolLM-360M-Instruct,other,0.4,italian_dative_v2,discourse,192,0.0113,0.604,0.0187,0.0096
SmolLM-360M-Instruct,other,0.4,italian_locative_v7,discourse,192,0.1195,0.66,0.1811,0.0076
SmolLM-360M-Instruct,other,0.4,lancaster2020_auditory,lexical_semantics,1000,0.1428,0.831,0.1719,0.0174
SmolLM-360M-Instruct,other,0.4,lancaster2020_foot_leg,lexical_semantics,1000,-0.0693,0.729,-0.095,0.021
SmolLM-360M-Instruct,other,0.4,lancaster2020_gustatory,lexical_semantics,1000,-0.0921,0.545,-0.1689,0.0175
SmolLM-360M-Instruct,other,0.4,lancaster2020_hand_arm,lexical_semantics,1000,-0.0424,0.783,-0.0541,0.0198
SmolLM-360M-Instruct,other,0.4,lancaster2020_haptic,lexical_semantics,1000,0.0013,0.808,0.0016,0.0187
SmolLM-360M-Instruct,other,0.4,lancaster2020_head,lexical_semantics,1000,-0.0755,0.57,-0.1325,0.0208
SmolLM-360M-Instruct,other,0.4,lancaster2020_interoceptive,lexical_semantics,1000,-0.0785,0.778,-0.1009,0.0147
SmolLM-360M-Instruct,other,0.4,lancaster2020_mouth,lexical_semantics,1000,-0.068,0.777,-0.0875,0.0171
SmolLM-360M-Instruct,other,0.4,lancaster2020_olfactory,lexical_semantics,1000,-0.1022,0.622,-0.1643,0.0172
SmolLM-360M-Instruct,other,0.4,lancaster2020_torso,lexical_semantics,1000,-0.0249,0.675,-0.0369,0.0181
SmolLM-360M-Instruct,other,0.4,lancaster2020_visual,lexical_semantics,1000,0.0846,0.767,0.1103,0.0176
SmolLM-360M-Instruct,other,0.4,lauren_sentence_naturalness_survey_expt3_nov_17_2011,syntax,460,0.0678,0.633,0.1071,0.0251
SmolLM-360M-Instruct,other,0.4,lauren_sentence_naturalness_survey_expt_2_nov_15_2011,syntax,252,0.2891,0.712,0.4061,0.0243
SmolLM-360M-Instruct,other,0.4,lauren_sentence_naturalness_survey_oct_14_2011,syntax,360,0.185,0.703,0.2631,0.0242
SmolLM-360M-Instruct,other,0.4,lexical_frame_adjectives_likert_set1,syntax,384,0.5472,0.83,0.6592,0.0429
SmolLM-360M-Instruct,other,0.4,lexical_frame_adjectives_likert_set2,syntax,384,0.5342,0.744,0.7179,0.0429
SmolLM-360M-Instruct,other,0.4,lexical_frame_adjectives_likert_set3,syntax,384,0.5766,0.873,0.6605,0.0423
SmolLM-360M-Instruct,other,0.4,locative_topicalization_survey,discourse,229,-0.0124,0.777,-0.0159,0.0316
SmolLM-360M-Instruct,other,0.4,massive_mem_arousal_mar_2013,lexical_semantics,1000,0.0892,0.883,0.1011,0.0136
SmolLM-360M-Instruct,other,0.4,massive_mem_arousal_mar_2013_end_2,lexical_semantics,242,0.1115,0.85,0.1311,0.0131
SmolLM-360M-Instruct,other,0.4,massive_mem_arousal_mar_2014,lexical_semantics,1000,0.0157,0.863,0.0182,0.0087
SmolLM-360M-Instruct,other,0.4,massive_mem_arousal_mar_2014_end_1,lexical_semantics,242,0.0218,0.886,0.0246,0.0091
SmolLM-360M-Instruct,other,0.4,massive_mem_concreteness_mar_2013,lexical_semantics,1000,0.1224,0.956,0.1281,0.0148
SmolLM-360M-Instruct,other,0.4,massive_mem_concreteness_mar_2013_end_1,lexical_semantics,242,0.1563,0.959,0.163,0.0152
SmolLM-360M-Instruct,other,0.4,massive_mem_concreteness_mar_2014,lexical_semantics,1000,0.0315,0.952,0.0331,0.0107
SmolLM-360M-Instruct,other,0.4,massive_mem_concreteness_mar_2014_end_1,lexical_semantics,242,0.0785,0.955,0.0822,0.0111
SmolLM-360M-Instruct,other,0.4,massive_mem_imageability_mar_2013,lexical_semantics,1000,0.3131,0.961,0.3258,0.0132
SmolLM-360M-Instruct,other,0.4,massive_mem_imageability_mar_2013_end_1,lexical_semantics,242,0.4212,0.963,0.4374,0.0133
SmolLM-360M-Instruct,other,0.4,massive_mem_imageability_mar_2014,lexical_semantics,1000,0.1486,0.948,0.1568,0.0097
SmolLM-360M-Instruct,other,0.4,massive_mem_imageability_mar_2014_end_1,lexical_semantics,242,0.2321,0.964,0.2408,0.0099
SmolLM-360M-Instruct,other,0.4,massive_mem_valence_mar_2013,lexical_semantics,1000,0.137,0.948,0.1446,0.0216
SmolLM-360M-Instruct,other,0.4,massive_mem_valence_mar_2013_end_1,lexical_semantics,242,0.0874,0.966,0.0904,0.0202
SmolLM-360M-Instruct,other,0.4,massive_mem_valence_mar_2014,lexical_semantics,1000,0.0481,0.961,0.0501,0.0125
SmolLM-360M-Instruct,other,0.4,massive_mem_valence_mar_2014_end_1,lexical_semantics,242,-0.0141,0.959,-0.0147,0.0128
SmolLM-360M-Instruct,other,0.4,melissa_short_naturalness_test,sentence_semantics,24,0.2875,0.968,0.297,0.0312
SmolLM-360M-Instruct,other,0.4,missing_vp_extension_0501_final,syntax,72,0.0983,0.741,0.1327,0.0392
SmolLM-360M-Instruct,other,0.4,missing_vp_extension,syntax,80,-0.0706,0.881,-0.0801,0.0346
SmolLM-360M-Instruct,other,0.4,missing_vp_rereplication,syntax,72,-0.2066,0.707,-0.2922,0.0372
SmolLM-360M-Instruct,other,0.4,mk_grammaticality_study_7_20,syntax,1000,0.0227,0.876,0.0259,0.0247
SmolLM-360M-Instruct,other,0.4,muraki2023_concreteness,lexical_semantics,1000,-0.2695,0.829,-0.3251,0.0174
SmolLM-360M-Instruct,other,0.4,noisy_channel_acceptability_1_sept_2013_1,syntax,496,0.0822,0.921,0.0892,0.0277
SmolLM-360M-Instruct,other,0.4,noisy_channel_acceptability_2_sept_2013,syntax,380,0.1025,0.965,0.1062,0.0268
SmolLM-360M-Instruct,other,0.4,noisy_rc_norming_oct19,sentence_semantics,128,0.1528,0.838,0.1824,0.0306
SmolLM-360M-Instruct,other,0.4,of_acceptability_2,syntax,88,0.0957,0.951,0.1007,0.0218
SmolLM-360M-Instruct,other,0.4,orange_camel_sentence_naturalness_survey_nov_2010,discourse,144,-0.011,0.861,-0.0128,0.0252
SmolLM-360M-Instruct,other,0.4,orc_lauren_sentence_naturalness_survey_july_2012,syntax,192,0.2225,0.948,0.2347,0.0249
SmolLM-360M-Instruct,other,0.4,p_p_sentence_naturalness_survey_aug_2010,syntax,252,-0.1879,0.859,-0.2187,0.0239
SmolLM-360M-Instruct,other,0.4,p_p_sentence_naturalness_survey_dec_2009,syntax,324,0.0579,0.95,0.061,0.0222
SmolLM-360M-Instruct,other,0.4,p_p_sentence_naturalness_survey_feb,syntax,614,-0.077,0.664,-0.1159,0.0227
SmolLM-360M-Instruct,other,0.4,p_p_sentence_naturalness_survey_june_2013_v3,syntax,242,0.2044,0.928,0.2203,0.0251
SmolLM-360M-Instruct,other,0.4,paris_judgments_3_dec_2012,syntax,477,0.142,0.845,0.168,0.0262
SmolLM-360M-Instruct,other,0.4,pascal_1_dec_2012,syntax,544,-0.0195,0.066,-0.2949,0.015
SmolLM-360M-Instruct,other,0.4,presup_survey_1_acd_july_2012,pragmatics,240,-0.0923,0.83,-0.1112,0.0162
SmolLM-360M-Instruct,other,0.4,presup_survey_2_acd_july_2012,pragmatics,240,0.0567,0.665,0.0852,0.0167
SmolLM-360M-Instruct,other,0.4,pronouns_following_verbs,pragmatics,44,0.1516,0.706,0.2148,0.0136
SmolLM-360M-Instruct,other,0.4,pronouns_following_verbs_an,pragmatics,44,0.1283,0.663,0.1935,0.0136
SmolLM-360M-Instruct,other,0.4,pronouns_following_verbs_ce,pragmatics,44,0.1711,0.708,0.2416,0.0132
SmolLM-360M-Instruct,other,0.4,pronouns_following_verbs_sm,pragmatics,44,0.1231,0.443,0.2779,0.0138
SmolLM-360M-Instruct,other,0.4,pronouns_following_verbs_so,pragmatics,44,-0.0293,0.509,-0.0576,0.0136
SmolLM-360M-Instruct,other,0.4,pronouns_following_verbs_ve,pragmatics,45,0.2204,0.567,0.3887,0.013
SmolLM-360M-Instruct,other,0.4,quant_syn_april_13_2012_90_sentences_with_a_question_and_a_rating_code,syntax,184,0.0111,0.91,0.0121,0.0231
SmolLM-360M-Instruct,other,0.4,quant_syn_april_14_2012_48_sentences_with_a_question_and_a_rating_code,syntax,168,0.089,0.96,0.0927,0.0227
SmolLM-360M-Instruct,other,0.4,quant_syn_april_16_2012_36_sentences_with_a_question_and_a_rating_code,syntax,126,0.014,0.965,0.0145,0.0217
SmolLM-360M-Instruct,other,0.4,quantifier_naturalness_survey_june_4_2010,syntax,192,-0.0079,0.639,-0.0124,0.0254
SmolLM-360M-Instruct,other,0.4,quantitative_syntax_survey,syntax,129,0.0538,0.852,0.0632,0.0228
SmolLM-360M-Instruct,other,0.4,rating_english_sentences,syntax,240,0.2329,0.899,0.2591,0.0554
SmolLM-360M-Instruct,other,0.4,reasoning_and_language_tasks_survey_code_talkative_pigeon,syntax,72,0.2392,0.941,0.2542,0.0226
SmolLM-360M-Instruct,other,0.4,relative_clause_displacements_in_english_sentences,syntax,180,-0.2563,0.501,-0.5116,0.0442
SmolLM-360M-Instruct,other,0.4,relative_clause_displacements_in_english_sentences_with_fill,syntax,93,-0.125,0.846,-0.1477,0.0438
SmolLM-360M-Instruct,other,0.4,replication_study_9_59,discourse,185,-0.1181,0.363,-0.3254,0.0362
SmolLM-360M-Instruct,other,0.4,richard_islands_acceptability_expt_1_april_25_2013_3,syntax,144,0.1344,0.819,0.1641,0.0245
SmolLM-360M-Instruct,other,0.4,richard_islands_acceptability_expt_2_april_26_2013,syntax,228,0.2222,0.92,0.2415,0.0243
SmolLM-360M-Instruct,other,0.4,richard_islands_acceptability_expt_4_april_26_2013_1,syntax,100,0.2486,0.931,0.267,0.0243
SmolLM-360M-Instruct,other,0.4,richard_islands_acceptability_expt_5_april_27_2013_1,syntax,132,0.1752,0.619,0.2831,0.0242
SmolLM-360M-Instruct,other,0.4,richard_islands_acceptability_expt_6_april_28_2013_while_whq_decl,syntax,100,0.2603,0.965,0.2697,0.0244
SmolLM-360M-Instruct,other,0.4,russian_freezing,syntax,180,0.0217,0.898,0.0241,0.0358
SmolLM-360M-Instruct,other,0.4,semantics1_finalproject,sentence_semantics,96,0.0883,0.972,0.0908,0.0341
SmolLM-360M-Instruct,other,0.4,semantics2_finalproject,sentence_semantics,96,-0.018,0.986,-0.0182,0.0356
SmolLM-360M-Instruct,other,0.4,semantics3_final_project,pragmatics,96,-0.0743,0.974,-0.0763,0.0332
SmolLM-360M-Instruct,other,0.4,sentence_completions_and_islands_acceptability_expt_1_nov_13_2012,syntax,112,0.3532,0.969,0.3645,0.0251
SmolLM-360M-Instruct,other,0.4,sentence_naturalness_isac_survey_feb_2011,syntax,304,0.1667,0.836,0.1994,0.0234
SmolLM-360M-Instruct,other,0.4,sentence_naturalness_survey_acd_ratings_hackl_expt_7_oct_25_2012_1,syntax,176,0.0705,0.886,0.0795,0.0239
SmolLM-360M-Instruct,other,0.4,sentence_naturalness_survey_acd_ratings_hackl_replic_expt_1_july_14_20,syntax,480,0.0806,0.864,0.0933,0.025
SmolLM-360M-Instruct,other,0.4,sentence_naturalness_survey_acd_ratings_v4_july_13_2012,syntax,176,0.0617,0.748,0.0825,0.0236
SmolLM-360M-Instruct,other,0.4,sentence_naturalness_survey_acd_v1_jan_2012,discourse,128,-0.0993,0.299,-0.3323,0.0121
SmolLM-360M-Instruct,other,0.4,sentence_naturalness_survey_acd_v6_oct_25_2012,discourse,128,-0.0352,0.602,-0.0585,0.0122
SmolLM-360M-Instruct,other,0.4,sentence_naturalness_survey_denise_jan_12_2011_survey_code_pig_the_pig,syntax,200,0.0727,0.986,0.0737,0.022
SmolLM-360M-Instruct,other,0.4,sentence_naturalness_survey_denise_sept_8_2010_survey_code_pig_the_pig,syntax,224,0.1059,0.972,0.1089,0.0215
SmolLM-360M-Instruct,other,0.4,sentence_naturalness_survey_feb_16_1_2012_60_items_code_shy_armadillo,syntax,120,0.0766,0.912,0.084,0.0243
SmolLM-360M-Instruct,other,0.4,sentence_naturalness_survey_for_gs_dec_2009,pragmatics,122,-0.0819,0.882,-0.0929,0.0231
SmolLM-360M-Instruct,other,0.4,sentence_naturalness_survey_for_gs_jan_2010,pragmatics,133,0.0655,0.906,0.0723,0.0235
SmolLM-360M-Instruct,other,0.4,sentence_naturalness_survey_for_gs_jan_23_2010,pragmatics,216,0.0072,0.942,0.0076,0.0235
SmolLM-360M-Instruct,other,0.4,sentence_naturalness_survey_for_gs_may_11_2011_purple_puppy,pragmatics,72,-0.0553,0.873,-0.0633,0.0236
SmolLM-360M-Instruct,other,0.4,sentence_naturalness_survey_for_jk_april_4_2010,discourse,96,0.1079,0.886,0.1218,0.0234
SmolLM-360M-Instruct,other,0.4,sentence_naturalness_survey_for_jk_april_4_expt_3_2010,discourse,96,-0.1541,0.83,-0.1856,0.0225
SmolLM-360M-Instruct,other,0.4,sentence_naturalness_survey_for_jk_april_9_expt_4_2010,discourse,96,-0.1488,0.831,-0.1791,0.0226
SmolLM-360M-Instruct,other,0.4,sentence_naturalness_survey_for_jk_june_24_2010_v2,discourse,176,-0.1267,0.787,-0.161,0.0237
SmolLM-360M-Instruct,other,0.4,sentence_naturalness_survey_for_jk_mar_2010,discourse,96,0.0072,0.88,0.0081,0.0231
SmolLM-360M-Instruct,other,0.4,sentence_naturalness_survey_for_jkm_dec_2009,discourse,128,-0.0151,0.18,-0.0841,0.0227
SmolLM-360M-Instruct,other,0.4,sentence_naturalness_survey_for_jkm_jan_2012,discourse,128,0.014,0.266,0.0528,0.0116
SmolLM-360M-Instruct,other,0.4,sentence_naturalness_survey_for_lb_dec_2009,discourse,108,-0.0181,0.832,-0.0218,0.0224
SmolLM-360M-Instruct,other,0.4,sentence_naturalness_survey_for_lb_feb_20_2010_v2,discourse,79,0.2403,0.951,0.2527,0.018
SmolLM-360M-Instruct,other,0.4,sentence_naturalness_survey_for_lb_jan_2011,discourse,519,-0.0536,0.886,-0.0605,0.019
SmolLM-360M-Instruct,other,0.4,sentence_naturalness_survey_for_lb_jan_2011_v2,discourse,519,-0.0023,0.689,-0.0034,0.0255
SmolLM-360M-Instruct,other,0.4,sentence_naturalness_survey_for_lb_jan_2011_v3,discourse,519,-0.1095,0.886,-0.1236,0.019
SmolLM-360M-Instruct,other,0.4,sentence_naturalness_survey_for_lb_mar_2010_2,discourse,241,0.0804,0.935,0.086,0.0211
SmolLM-360M-Instruct,other,0.4,sentence_naturalness_survey_for_lb_mar_2010,discourse,123,0.0393,0.951,0.0413,0.0224
SmolLM-360M-Instruct,other,0.4,sentence_naturalness_survey_for_lb_may_2010,discourse,148,0.0776,0.953,0.0814,0.0192
SmolLM-360M-Instruct,other,0.4,sentence_naturalness_survey_for_lb_prelim_oct_2010,discourse,402,-0.1316,0.882,-0.1492,0.0186
SmolLM-360M-Instruct,other,0.4,sentence_naturalness_survey_for_rw_dec_2009,discourse,180,0.0189,0.825,0.0229,0.0186
SmolLM-360M-Instruct,other,0.4,sentence_naturalness_survey_for_rw_jan_2010,discourse,480,-0.0603,0.872,-0.0691,0.0186
SmolLM-360M-Instruct,other,0.4,sentence_naturalness_survey_laura_mar_17_2012_92_items_code_lazy_cater,sentence_semantics,368,0.139,0.883,0.1575,0.0215
SmolLM-360M-Instruct,other,0.4,sentence_naturalness_survey_laura_mar_17_2012_96_items_code_lazy_cater,sentence_semantics,384,0.1075,0.883,0.1217,0.0218
SmolLM-360M-Instruct,other,0.4,sentence_naturalness_survey_may_4_2011_36_items_code_anxious_bat,syntax,84,0.0789,0.757,0.1043,0.0225
SmolLM-360M-Instruct,other,0.4,sentence_naturalness_survey_nat_aug_28_2010_survey_code_downtown,syntax,270,0.0119,0.956,0.0124,0.0227
SmolLM-360M-Instruct,other,0.4,short_acceptability_feb_6_2014,syntax,128,0.1357,0.907,0.1496,0.0268
SmolLM-360M-Instruct,other,0.4,susan_canonicity_rerunning_2,syntax,52,0.0972,0.95,0.1023,0.0215
SmolLM-360M-Instruct,other,0.4,topicalization_e1,syntax,77,0.2614,0.942,0.2775,0.0235
SmolLM-360M-Instruct,other,0.4,verb_causality_study_semantics_ratings_mk_april_2010,lexical_semantics,188,0.0717,0.972,0.0738,0.0265
SmolLM-360M-Instruct,other,0.4,verb_causality_study_syntax_ratings_mk_april_2010,syntax,653,0.067,0.633,0.1059,0.0257
SmolLM-360M-Instruct,other,0.4,wm2_wm5_9_59_sentence_naturalness_survey_april_2011,syntax,219,0.1456,0.839,0.1736,0.0261
SmolLM-360M-Instruct,other,0.4,word3_b_word_naturalness_survey_may_4_2011_160_items_code_sleepy_bear,subword,158,0.1717,0.937,0.1832,0.0137
SmolLM-360M-Instruct,other,0.4,word3_word_naturalness_survey_may_1_2011_45_items_code_nosy_badger,subword,45,-0.0287,0.948,-0.0303,0.0136
SmolLM2-135M-Instruct,other,0.1,50_sentences_noisy_channel_may_25_2011,pragmatics,208,0.1163,0.555,0.2096,0.1333
SmolLM2-135M-Instruct,other,0.1,50_sentences_with_2_comp_qs_plus_rating_mar_11_2011,sentence_semantics,208,-0.0151,0.588,-0.0256,0.3799
SmolLM2-135M-Instruct,other,0.1,acceptability_extension_959_v5,syntax,566,0.0653,0.797,0.0819,0.3788
SmolLM2-135M-Instruct,other,0.1,acceptability_judgments_kang,syntax,136,0.2073,0.974,0.2129,0.3447
SmolLM2-135M-Instruct,other,0.1,acceptability_replication_959,syntax,288,-0.0671,0.964,-0.0696,0.397
SmolLM2-135M-Instruct,other,0.1,acd_context_polly_1_nov_23_2012,discourse,310,0.0736,0.462,0.1593,0.2378
SmolLM2-135M-Instruct,other,0.1,acd_no_context_polly_1_nov_23_2012,syntax,213,0.1917,0.838,0.2288,0.3395
SmolLM2-135M-Instruct,other,0.1,acd_project_also_3_nov_24_2012_2,syntax,128,0.3248,0.874,0.3717,0.3508
SmolLM2-135M-Instruct,other,0.1,acd_project_expt_23_also_nov_16_2012,syntax,600,0.2493,0.825,0.3021,0.343
SmolLM2-135M-Instruct,other,0.1,acd_project_expt_24_same_diff_verbs_nov_16_2012,syntax,472,0.2527,0.89,0.2839,0.3504
SmolLM2-135M-Instruct,other,0.1,acd_project_expt_31_same_diff_verbs_nov_16_2012_1,syntax,176,0.398,0.755,0.5272,0.3407
SmolLM2-135M-Instruct,other,0.1,acd_project_expt_42_also_verbs_nov_29_2012_1,syntax,176,0.1778,0.63,0.2823,0.354
SmolLM2-135M-Instruct,other,0.1,acd_project_expt_44_the_same_nov_29_2012_1,syntax,140,0.0479,0.601,0.0797,0.3416
SmolLM2-135M-Instruct,other,0.1,acd_project_expt_45_hkv_expt_2_plaus_nov_29_2012,syntax,360,0.0659,0.774,0.0852,0.3599
SmolLM2-135M-Instruct,other,0.1,acd_project_expt_46_also_in_hkv_2_nov_29_2012_1,syntax,448,0.1699,0.56,0.3034,0.3606
SmolLM2-135M-Instruct,other,0.1,active_passive_sentence_naturalness_survey_july_2012,syntax,132,-0.0562,0.887,-0.0634,0.3404
SmolLM2-135M-Instruct,other,0.1,aixiu_coherence_en_update1,sentence_semantics,277,-0.0404,0.882,-0.0458,0.3974
SmolLM2-135M-Instruct,other,0.1,alex_paunov_literal_inferences_dec_3_2011,pragmatics,299,0.2209,0.908,0.2433,0.3253
SmolLM2-135M-Instruct,other,0.1,amouyal2024_plausibility,sentence_semantics,853,-0.0559,0.915,-0.0611,0.2617
SmolLM2-135M-Instruct,other,0.1,animacy_passive_dative_kyle,syntax,120,0.1037,0.926,0.112,0.3675
SmolLM2-135M-Instruct,other,0.1,anne_abeille_acceptability_july_12_2017_1,syntax,296,-0.0455,0.635,-0.0716,0.3005
SmolLM2-135M-Instruct,other,0.1,base_acceptability_0908,syntax,73,0.4066,0.931,0.4368,0.3137
SmolLM2-135M-Instruct,other,0.1,brief_sentence_naturalness_survey_march_2011,sentence_semantics,64,0.2238,0.96,0.2331,0.3261
SmolLM2-135M-Instruct,other,0.1,can_noncan_acceptability_0924,syntax,88,0.1875,0.966,0.1941,0.2969
SmolLM2-135M-Instruct,other,0.1,can_noncan_acceptability_2,syntax,88,0.226,0.962,0.2349,0.2942
SmolLM2-135M-Instruct,other,0.1,chinese_dative,discourse,96,-0.3222,0.715,-0.4506,0.0837
SmolLM2-135M-Instruct,other,0.1,class_demo,syntax,44,0.3407,0.927,0.3675,0.3131
SmolLM2-135M-Instruct,other,0.1,clefting_e3,syntax,48,0.3304,0.877,0.3767,0.2974
SmolLM2-135M-Instruct,other,0.1,clefting_e4,syntax,48,0.2186,0.969,0.2256,0.3078
SmolLM2-135M-Instruct,other,0.1,coherence_survey_list1_main,discourse,100,-0.0351,0.95,-0.0369,0.2238
SmolLM2-135M-Instruct,other,0.1,coherence_survey_list2_main,discourse,100,0.0054,0.948,0.0057,0.2314
SmolLM2-135M-Instruct,other,0.1,coherence_survey_list3_main,discourse,100,0.2356,0.942,0.2501,0.2222
SmolLM2-135M-Instruct,other,0.1,coherence_survey_list4_main,discourse,100,0.1559,0.95,0.1641,0.2274
SmolLM2-135M-Instruct,other,0.1,constituency_tests_2,syntax,48,-0.2191,0.836,-0.2621,0.3297
SmolLM2-135M-Instruct,other,0.1,constituency_tests,syntax,48,0.2327,0.654,0.3558,0.318
SmolLM2-135M-Instruct,other,0.1,copy_cat_polly_june_2014,discourse,102,-0.1345,0.865,-0.1555,0.3039
SmolLM2-135M-Instruct,other,0.1,copy_of_verb_causality_study_semantics_ratings_mk_april_2010,lexical_semantics,62,0.0746,0.83,0.0899,0.5322
SmolLM2-135M-Instruct,other,0.1,crossed_dependencies_long,syntax,201,-0.1241,0.899,-0.1381,0.2021
SmolLM2-135M-Instruct,other,0.1,cul_jack_april_12_2012_54_short_texts_with_two_comprehension_questions,syntax,210,0.0914,0.896,0.102,0.3763
SmolLM2-135M-Instruct,other,0.1,cul_jack_sentence_naturalness_survey_april_2010,syntax,220,0.1078,0.952,0.1132,0.3565
SmolLM2-135M-Instruct,other,0.1,dative_alternation_extension_version_2,syntax,229,-0.0058,0.456,-0.0126,0.3423
SmolLM2-135M-Instruct,other,0.1,dative_finnish,discourse,96,-0.1729,0.689,-0.251,0.0084
SmolLM2-135M-Instruct,other,0.1,dative_turkish,discourse,96,-0.082,0.734,-0.1117,0.0878
SmolLM2-135M-Instruct,other,0.1,dentella2023_grammaticality,syntax,80,0.0074,0.981,0.0076,0.0235
SmolLM2-135M-Instruct,other,0.1,depth_charge_survey,sentence_semantics,188,-0.2009,0.846,-0.2375,0.1781
SmolLM2-135M-Instruct,other,0.1,depth_charge_with_noise,sentence_semantics,188,-0.0648,0.854,-0.0759,0.1781
SmolLM2-135M-Instruct,other,0.1,discourse_30subjs_list1,discourse,100,-0.0195,0.941,-0.0207,0.224
SmolLM2-135M-Instruct,other,0.1,discourse_30subjs_list2,discourse,100,0.0258,0.951,0.0271,0.2294
SmolLM2-135M-Instruct,other,0.1,discourse_30subjs_list3,discourse,100,0.1846,0.947,0.195,0.2271
SmolLM2-135M-Instruct,other,0.1,discourse_30subjs_list4,discourse,100,0.1369,0.942,0.1453,0.2228
SmolLM2-135M-Instruct,other,0.1,discourse_causality_list1,discourse,100,0.1477,0.935,0.158,0.2469
SmolLM2-135M-Instruct,other,0.1,discourse_causality_list2,discourse,100,0.2331,0.952,0.2449,0.236
SmolLM2-135M-Instruct,other,0.1,discourse_causality_list3,discourse,100,0.1794,0.933,0.1923,0.2417
SmolLM2-135M-Instruct,other,0.1,discourse_causality_list4,discourse,100,-0.035,0.955,-0.0366,0.2485
SmolLM2-135M-Instruct,other,0.1,discourse_changed_0428,discourse,48,-0.0698,0.953,-0.0732,0.2195
SmolLM2-135M-Instruct,other,0.1,discourse_coherence_list1,discourse,100,0.3002,0.943,0.3184,0.2265
SmolLM2-135M-Instruct,other,0.1,discourse_coherence_list2,discourse,100,0.2337,0.936,0.2497,0.2211
SmolLM2-135M-Instruct,other,0.1,discourse_coherence_list3,discourse,100,0.1815,0.95,0.191,0.2298
SmolLM2-135M-Instruct,other,0.1,discourse_coherence_list4,discourse,100,0.0322,0.933,0.0345,0.2375
SmolLM2-135M-Instruct,other,0.1,discourse_imagability_pairs_list1,sentence_semantics,100,-0.0256,0.917,-0.0279,0.4184
SmolLM2-135M-Instruct,other,0.1,discourse_imagability_pairs_list2,sentence_semantics,100,-0.0846,0.946,-0.0894,0.4342
SmolLM2-135M-Instruct,other,0.1,discourse_imagability_singles_list1,sentence_semantics,100,0.052,0.938,0.0554,0.4973
SmolLM2-135M-Instruct,other,0.1,discourse_imagability_singles_list2,sentence_semantics,100,0.0122,0.954,0.0128,0.5015
SmolLM2-135M-Instruct,other,0.1,discourse_imagability_singles_list3,sentence_semantics,100,-0.2789,0.931,-0.2996,0.491
SmolLM2-135M-Instruct,other,0.1,discourse_imagability_singles_list4,sentence_semantics,100,-0.1366,0.948,-0.1441,0.495
SmolLM2-135M-Instruct,other,0.1,discourse_mentalizing_pairs_list1,sentence_semantics,100,0.1683,0.928,0.1813,0.4469
SmolLM2-135M-Instruct,other,0.1,discourse_mentalizing_pairs_list2,sentence_semantics,100,0.2705,0.931,0.2905,0.4548
SmolLM2-135M-Instruct,other,0.1,discourse_mentalizing_singles_list1,sentence_semantics,100,-0.0607,0.935,-0.065,0.4567
SmolLM2-135M-Instruct,other,0.1,discourse_mentalizing_singles_list2,sentence_semantics,100,0.071,0.925,0.0768,0.4645
SmolLM2-135M-Instruct,other,0.1,discourse_mentalizing_singles_list3,sentence_semantics,100,0.2025,0.909,0.2228,0.4521
SmolLM2-135M-Instruct,other,0.1,discourse_mentalizing_singles_list4,sentence_semantics,100,0.2157,0.952,0.2266,0.4593
SmolLM2-135M-Instruct,other,0.1,discourse_physics_pairs_list1,sentence_semantics,100,0.0543,0.957,0.0567,0.4343
SmolLM2-135M-Instruct,other,0.1,discourse_physics_pairs_list2,sentence_semantics,100,-0.0112,0.951,-0.0117,0.4419
SmolLM2-135M-Instruct,other,0.1,discourse_physics_singles_list1,sentence_semantics,100,0.221,0.943,0.2343,0.4394
SmolLM2-135M-Instruct,other,0.1,discourse_physics_singles_list2,sentence_semantics,100,0.0473,0.952,0.0496,0.4418
SmolLM2-135M-Instruct,other,0.1,discourse_physics_singles_list3,sentence_semantics,100,-0.0952,0.941,-0.1012,0.443
SmolLM2-135M-Instruct,other,0.1,discourse_physics_singles_list4,sentence_semantics,100,0.1159,0.942,0.123,0.4422
SmolLM2-135M-Instruct,other,0.1,discourse_scenes_pairs_list1,sentence_semantics,100,0.0285,0.944,0.0301,0.4623
SmolLM2-135M-Instruct,other,0.1,discourse_scenes_pairs_list2,sentence_semantics,100,-0.0318,0.95,-0.0335,0.4685
SmolLM2-135M-Instruct,other,0.1,discourse_scenes_singles_list1,sentence_semantics,100,0.0243,0.944,0.0257,0.4442
SmolLM2-135M-Instruct,other,0.1,discourse_scenes_singles_list2,sentence_semantics,100,0.1535,0.949,0.1618,0.4556
SmolLM2-135M-Instruct,other,0.1,discourse_scenes_singles_list3,sentence_semantics,100,0.1216,0.966,0.1259,0.444
SmolLM2-135M-Instruct,other,0.1,discourse_scenes_singles_list4,sentence_semantics,100,-0.0133,0.964,-0.0138,0.4514
SmolLM2-135M-Instruct,other,0.1,diveica2023_socialness,lexical_semantics,1000,-0.0358,0.883,-0.0406,0.1941
SmolLM2-135M-Instruct,other,0.1,ecog_sentences_imaginability_jan_8_2014,sentence_semantics,120,-0.0255,0.833,-0.0306,0.5514
SmolLM2-135M-Instruct,other,0.1,ecog_sentences_naturalness_jan_8_2014_2,sentence_semantics,120,0.2448,0.727,0.3367,0.3407
SmolLM2-135M-Instruct,other,0.1,edwards2024_spelling_to_pronunciation_transparency,subword,1000,-0.013,0.826,-0.0157,0.0975
SmolLM2-135M-Instruct,other,0.1,erp_norming_error_detection_june_2013_4,syntax,323,0.0531,0.841,0.0631,0.3349
SmolLM2-135M-Instruct,other,0.1,erp_sentence_naturalness_survey_june_2013_2,syntax,483,-0.0331,0.922,-0.036,0.3539
SmolLM2-135M-Instruct,other,0.1,eunice_disfluency_2_nov_17_2011,syntax,190,-0.0443,0.832,-0.0532,0.3511
SmolLM2-135M-Instruct,other,0.1,eunice_disfluency_nov_15_2011,syntax,468,0.2907,0.807,0.3603,0.3534
SmolLM2-135M-Instruct,other,0.1,european_portuguese_rc,syntax,174,0.1265,0.84,0.1505,0.0014
SmolLM2-135M-Instruct,other,0.1,european_portuguese_wh,syntax,174,-0.2742,0.893,-0.307,0.0026
SmolLM2-135M-Instruct,other,0.1,extension,syntax,138,-0.0445,0.872,-0.051,0.4232
SmolLM2-135M-Instruct,other,0.1,gabriel_rc,syntax,174,0.0622,0.818,0.076,0.0013
SmolLM2-135M-Instruct,other,0.1,gabriel_wh,syntax,174,-0.1403,0.902,-0.1555,0.003
SmolLM2-135M-Instruct,other,0.1,giurgea2025_motivation,lexical_semantics,1000,-0.1234,0.856,-0.1441,0.2142
SmolLM2-135M-Instruct,other,0.1,huang_response_set1a,syntax,288,0.0469,0.966,0.0486,0.1153
SmolLM2-135M-Instruct,other,0.1,huang_response_set1b,syntax,288,0.079,0.964,0.0819,0.112
SmolLM2-135M-Instruct,other,0.1,huang_response_set2a,syntax,288,0.2387,0.97,0.2461,0.1165
SmolLM2-135M-Instruct,other,0.1,huang_response_set2a_declaratives,syntax,288,0.212,0.97,0.2185,0.2088
SmolLM2-135M-Instruct,other,0.1,huang_response_set2b,syntax,288,0.2214,0.97,0.2283,0.1205
SmolLM2-135M-Instruct,other,0.1,huang_response_set2b_declaratives,syntax,288,0.0844,0.974,0.0867,0.1926
SmolLM2-135M-Instruct,other,0.1,imperative_control_iad_gs_may_16_2011_purple_puppy,pragmatics,96,0.1904,0.86,0.2214,0.4015
SmolLM2-135M-Instruct,other,0.1,isac_sentence_naturalness_survey_feb_2011_64_items_survey_code_giant_c,syntax,256,-0.1045,0.885,-0.118,0.3009
SmolLM2-135M-Instruct,other,0.1,islands_acceptability_expt_2_dec_2_2012,syntax,480,0.0919,0.874,0.1051,0.3298
SmolLM2-135M-Instruct,other,0.1,italian_dative_v2,discourse,192,-0.015,0.604,-0.0248,0.0175
SmolLM2-135M-Instruct,other,0.1,italian_locative_v7,discourse,192,0.0884,0.66,0.134,0.0171
SmolLM2-135M-Instruct,other,0.1,lancaster2020_auditory,lexical_semantics,1000,0.0517,0.831,0.0622,0.1642
SmolLM2-135M-Instruct,other,0.1,lancaster2020_foot_leg,lexical_semantics,1000,0.1248,0.729,0.1711,0.1738
SmolLM2-135M-Instruct,other,0.1,lancaster2020_gustatory,lexical_semantics,1000,-0.0268,0.545,-0.0491,0.1618
SmolLM2-135M-Instruct,other,0.1,lancaster2020_hand_arm,lexical_semantics,1000,0.14,0.783,0.1788,0.1596
SmolLM2-135M-Instruct,other,0.1,lancaster2020_haptic,lexical_semantics,1000,0.08,0.808,0.099,0.1697
SmolLM2-135M-Instruct,other,0.1,lancaster2020_head,lexical_semantics,1000,0.0113,0.57,0.0198,0.1198
SmolLM2-135M-Instruct,other,0.1,lancaster2020_interoceptive,lexical_semantics,1000,-0.0522,0.778,-0.0671,0.1593
SmolLM2-135M-Instruct,other,0.1,lancaster2020_mouth,lexical_semantics,1000,-0.0246,0.777,-0.0317,0.1786
SmolLM2-135M-Instruct,other,0.1,lancaster2020_olfactory,lexical_semantics,1000,0.011,0.622,0.0177,0.1425
SmolLM2-135M-Instruct,other,0.1,lancaster2020_torso,lexical_semantics,1000,0.1539,0.675,0.228,0.1754
SmolLM2-135M-Instruct,other,0.1,lancaster2020_visual,lexical_semantics,1000,0.0722,0.767,0.0941,0.1772
SmolLM2-135M-Instruct,other,0.1,lauren_sentence_naturalness_survey_expt3_nov_17_2011,syntax,460,0.1181,0.633,0.1866,0.2988
SmolLM2-135M-Instruct,other,0.1,lauren_sentence_naturalness_survey_expt_2_nov_15_2011,syntax,252,0.2877,0.712,0.404,0.3383
SmolLM2-135M-Instruct,other,0.1,lauren_sentence_naturalness_survey_oct_14_2011,syntax,360,0.19,0.703,0.2702,0.3383
SmolLM2-135M-Instruct,other,0.1,lexical_frame_adjectives_likert_set1,syntax,384,0.4867,0.83,0.5864,0.3535
SmolLM2-135M-Instruct,other,0.1,lexical_frame_adjectives_likert_set2,syntax,384,0.4868,0.744,0.6544,0.3563
SmolLM2-135M-Instruct,other,0.1,lexical_frame_adjectives_likert_set3,syntax,384,0.5133,0.873,0.588,0.3535
SmolLM2-135M-Instruct,other,0.1,locative_topicalization_survey,discourse,229,0.0601,0.777,0.0774,0.3941
SmolLM2-135M-Instruct,other,0.1,massive_mem_arousal_mar_2013,lexical_semantics,1000,-0.0374,0.883,-0.0424,0.4087
SmolLM2-135M-Instruct,other,0.1,massive_mem_arousal_mar_2013_end_2,lexical_semantics,242,0.0714,0.85,0.0841,0.4
SmolLM2-135M-Instruct,other,0.1,massive_mem_arousal_mar_2014,lexical_semantics,1000,-0.0478,0.863,-0.0553,0.3227
SmolLM2-135M-Instruct,other,0.1,massive_mem_arousal_mar_2014_end_1,lexical_semantics,242,-0.1329,0.886,-0.15,0.3216
SmolLM2-135M-Instruct,other,0.1,massive_mem_concreteness_mar_2013,lexical_semantics,1000,-0.0014,0.956,-0.0015,0.3927
SmolLM2-135M-Instruct,other,0.1,massive_mem_concreteness_mar_2013_end_1,lexical_semantics,242,0.3651,0.959,0.3807,0.3961
SmolLM2-135M-Instruct,other,0.1,massive_mem_concreteness_mar_2014,lexical_semantics,1000,-0.0084,0.952,-0.0088,0.3084
SmolLM2-135M-Instruct,other,0.1,massive_mem_concreteness_mar_2014_end_1,lexical_semantics,242,0.0646,0.955,0.0677,0.3025
SmolLM2-135M-Instruct,other,0.1,massive_mem_imageability_mar_2013,lexical_semantics,1000,0.131,0.961,0.1363,0.5052
SmolLM2-135M-Instruct,other,0.1,massive_mem_imageability_mar_2013_end_1,lexical_semantics,242,0.3357,0.963,0.3486,0.4907
SmolLM2-135M-Instruct,other,0.1,massive_mem_imageability_mar_2014,lexical_semantics,1000,0.072,0.948,0.076,0.4352
SmolLM2-135M-Instruct,other,0.1,massive_mem_imageability_mar_2014_end_1,lexical_semantics,242,0.1613,0.964,0.1673,0.4267
SmolLM2-135M-Instruct,other,0.1,massive_mem_valence_mar_2013,lexical_semantics,1000,0.1203,0.948,0.1269,0.4164
SmolLM2-135M-Instruct,other,0.1,massive_mem_valence_mar_2013_end_1,lexical_semantics,242,0.3154,0.966,0.3265,0.4084
SmolLM2-135M-Instruct,other,0.1,massive_mem_valence_mar_2014,lexical_semantics,1000,0.0977,0.961,0.1017,0.3222
SmolLM2-135M-Instruct,other,0.1,massive_mem_valence_mar_2014_end_1,lexical_semantics,242,0.0831,0.959,0.0867,0.317
SmolLM2-135M-Instruct,other,0.1,melissa_short_naturalness_test,sentence_semantics,24,0.6421,0.968,0.6633,0.3408
SmolLM2-135M-Instruct,other,0.1,missing_vp_extension_0501_final,syntax,72,0.0794,0.741,0.1071,0.4213
SmolLM2-135M-Instruct,other,0.1,missing_vp_extension,syntax,80,0.1947,0.881,0.221,0.4015
SmolLM2-135M-Instruct,other,0.1,missing_vp_rereplication,syntax,72,-0.2259,0.707,-0.3195,0.4525
SmolLM2-135M-Instruct,other,0.1,mk_grammaticality_study_7_20,syntax,1000,0.166,0.876,0.1895,0.316
SmolLM2-135M-Instruct,other,0.1,muraki2023_concreteness,lexical_semantics,1000,-0.1688,0.829,-0.2036,0.2349
SmolLM2-135M-Instruct,other,0.1,noisy_channel_acceptability_1_sept_2013_1,syntax,496,0.0209,0.921,0.0226,0.38
SmolLM2-135M-Instruct,other,0.1,noisy_channel_acceptability_2_sept_2013,syntax,380,0.1617,0.965,0.1675,0.3663
SmolLM2-135M-Instruct,other,0.1,noisy_rc_norming_oct19,sentence_semantics,128,0.0332,0.838,0.0396,0.3748
SmolLM2-135M-Instruct,other,0.1,of_acceptability_2,syntax,88,0.1878,0.951,0.1974,0.296
SmolLM2-135M-Instruct,other,0.1,orange_camel_sentence_naturalness_survey_nov_2010,discourse,144,-0.041,0.861,-0.0476,0.2957
SmolLM2-135M-Instruct,other,0.1,orc_lauren_sentence_naturalness_survey_july_2012,syntax,192,0.3283,0.948,0.3463,0.3431
SmolLM2-135M-Instruct,other,0.1,p_p_sentence_naturalness_survey_aug_2010,syntax,252,0.208,0.859,0.2421,0.3333
SmolLM2-135M-Instruct,other,0.1,p_p_sentence_naturalness_survey_dec_2009,syntax,324,0.0339,0.95,0.0357,0.3261
SmolLM2-135M-Instruct,other,0.1,p_p_sentence_naturalness_survey_feb,syntax,614,0.1315,0.664,0.198,0.333
SmolLM2-135M-Instruct,other,0.1,p_p_sentence_naturalness_survey_june_2013_v3,syntax,242,0.1883,0.928,0.2029,0.2915
SmolLM2-135M-Instruct,other,0.1,paris_judgments_3_dec_2012,syntax,477,0.2108,0.845,0.2494,0.3263
SmolLM2-135M-Instruct,other,0.1,pascal_1_dec_2012,syntax,544,0.0583,0.066,0.8828,0.0414
SmolLM2-135M-Instruct,other,0.1,presup_survey_1_acd_july_2012,pragmatics,240,0.1387,0.83,0.1672,0.4779
SmolLM2-135M-Instruct,other,0.1,presup_survey_2_acd_july_2012,pragmatics,240,-0.0096,0.665,-0.0144,0.4737
SmolLM2-135M-Instruct,other,0.1,pronouns_following_verbs,pragmatics,44,0.4266,0.706,0.6042,0.2978
SmolLM2-135M-Instruct,other,0.1,pronouns_following_verbs_an,pragmatics,44,0.1871,0.663,0.2821,0.2625
SmolLM2-135M-Instruct,other,0.1,pronouns_following_verbs_ce,pragmatics,44,0.4786,0.708,0.676,0.3076
SmolLM2-135M-Instruct,other,0.1,pronouns_following_verbs_sm,pragmatics,44,0.0532,0.443,0.1201,0.2903
SmolLM2-135M-Instruct,other,0.1,pronouns_following_verbs_so,pragmatics,44,0.2462,0.509,0.4836,0.2656
SmolLM2-135M-Instruct,other,0.1,pronouns_following_verbs_ve,pragmatics,45,0.4491,0.567,0.792,0.2975
SmolLM2-135M-Instruct,other,0.1,quant_syn_april_13_2012_90_sentences_with_a_question_and_a_rating_code,syntax,184,-0.0739,0.91,-0.0812,0.34
SmolLM2-135M-Instruct,other,0.1,quant_syn_april_14_2012_48_sentences_with_a_question_and_a_rating_code,syntax,168,0.1432,0.96,0.1492,0.3448
SmolLM2-135M-Instruct,other,0.1,quant_syn_april_16_2012_36_sentences_with_a_question_and_a_rating_code,syntax,126,-0.0864,0.965,-0.0895,0.353
SmolLM2-135M-Instruct,other,0.1,quantifier_naturalness_survey_june_4_2010,syntax,192,-0.1348,0.639,-0.211,0.3626
SmolLM2-135M-Instruct,other,0.1,quantitative_syntax_survey,syntax,129,0.0853,0.852,0.1001,0.258
SmolLM2-135M-Instruct,other,0.1,rating_english_sentences,syntax,240,0.0881,0.899,0.098,0.5602
SmolLM2-135M-Instruct,other,0.1,reasoning_and_language_tasks_survey_code_talkative_pigeon,syntax,72,-0.2188,0.941,-0.2326,0.3583
SmolLM2-135M-Instruct,other,0.1,relative_clause_displacements_in_english_sentences,syntax,180,0.0305,0.501,0.0608,0.5587
SmolLM2-135M-Instruct,other,0.1,relative_clause_displacements_in_english_sentences_with_fill,syntax,93,0.231,0.846,0.2731,0.5535
SmolLM2-135M-Instruct,other,0.1,replication_study_9_59,discourse,185,0.0768,0.363,0.2115,0.4182
SmolLM2-135M-Instruct,other,0.1,richard_islands_acceptability_expt_1_april_25_2013_3,syntax,144,0.1906,0.819,0.2327,0.3279
SmolLM2-135M-Instruct,other,0.1,richard_islands_acceptability_expt_2_april_26_2013,syntax,228,-0.0413,0.92,-0.0449,0.3336
SmolLM2-135M-Instruct,other,0.1,richard_islands_acceptability_expt_4_april_26_2013_1,syntax,100,-0.0586,0.931,-0.063,0.3267
SmolLM2-135M-Instruct,other,0.1,richard_islands_acceptability_expt_5_april_27_2013_1,syntax,132,0.1592,0.619,0.2573,0.3258
SmolLM2-135M-Instruct,other,0.1,richard_islands_acceptability_expt_6_april_28_2013_while_whq_decl,syntax,100,-0.1354,0.965,-0.1403,0.3225
SmolLM2-135M-Instruct,other,0.1,russian_freezing,syntax,180,-0.0563,0.898,-0.0627,0.1102
SmolLM2-135M-Instruct,other,0.1,semantics1_finalproject,sentence_semantics,96,0.0285,0.972,0.0293,0.3997
SmolLM2-135M-Instruct,other,0.1,semantics2_finalproject,sentence_semantics,96,0.073,0.986,0.0741,0.4147
SmolLM2-135M-Instruct,other,0.1,semantics3_final_project,pragmatics,96,0.0091,0.974,0.0093,0.3513
SmolLM2-135M-Instruct,other,0.1,sentence_completions_and_islands_acceptability_expt_1_nov_13_2012,syntax,112,0.2554,0.969,0.2636,0.323
SmolLM2-135M-Instruct,other,0.1,sentence_naturalness_isac_survey_feb_2011,syntax,304,0.0263,0.836,0.0314,0.3133
SmolLM2-135M-Instruct,other,0.1,sentence_naturalness_survey_acd_ratings_hackl_expt_7_oct_25_2012_1,syntax,176,0.1031,0.886,0.1164,0.335
SmolLM2-135M-Instruct,other,0.1,sentence_naturalness_survey_acd_ratings_hackl_replic_expt_1_july_14_20,syntax,480,0.2664,0.864,0.3083,0.3556
SmolLM2-135M-Instruct,other,0.1,sentence_naturalness_survey_acd_ratings_v4_july_13_2012,syntax,176,-0.0119,0.748,-0.0158,0.3386
SmolLM2-135M-Instruct,other,0.1,sentence_naturalness_survey_acd_v1_jan_2012,discourse,128,-0.0561,0.299,-0.1876,0.2375
SmolLM2-135M-Instruct,other,0.1,sentence_naturalness_survey_acd_v6_oct_25_2012,discourse,128,-0.1855,0.602,-0.3081,0.242
SmolLM2-135M-Instruct,other,0.1,sentence_naturalness_survey_denise_jan_12_2011_survey_code_pig_the_pig,syntax,200,-0.1292,0.986,-0.131,0.3152
SmolLM2-135M-Instruct,other,0.1,sentence_naturalness_survey_denise_sept_8_2010_survey_code_pig_the_pig,syntax,224,-0.1,0.972,-0.1029,0.3158
SmolLM2-135M-Instruct,other,0.1,sentence_naturalness_survey_feb_16_1_2012_60_items_code_shy_armadillo,syntax,120,0.3817,0.912,0.4185,0.3198
SmolLM2-135M-Instruct,other,0.1,sentence_naturalness_survey_for_gs_dec_2009,pragmatics,122,-0.0288,0.882,-0.0327,0.3716
SmolLM2-135M-Instruct,other,0.1,sentence_naturalness_survey_for_gs_jan_2010,pragmatics,133,-0.0045,0.906,-0.0049,0.3596
SmolLM2-135M-Instruct,other,0.1,sentence_naturalness_survey_for_gs_jan_23_2010,pragmatics,216,-0.0499,0.942,-0.0529,0.3665
SmolLM2-135M-Instruct,other,0.1,sentence_naturalness_survey_for_gs_may_11_2011_purple_puppy,pragmatics,72,0.0944,0.873,0.1081,0.3654
SmolLM2-135M-Instruct,other,0.1,sentence_naturalness_survey_for_jk_april_4_2010,discourse,96,0.1069,0.886,0.1207,0.3629
SmolLM2-135M-Instruct,other,0.1,sentence_naturalness_survey_for_jk_april_4_expt_3_2010,discourse,96,-0.0893,0.83,-0.1076,0.3553
SmolLM2-135M-Instruct,other,0.1,sentence_naturalness_survey_for_jk_april_9_expt_4_2010,discourse,96,0.1347,0.831,0.1621,0.3497
SmolLM2-135M-Instruct,other,0.1,sentence_naturalness_survey_for_jk_june_24_2010_v2,discourse,176,-0.0539,0.787,-0.0685,0.3618
SmolLM2-135M-Instruct,other,0.1,sentence_naturalness_survey_for_jk_mar_2010,discourse,96,0.1349,0.88,0.1533,0.3577
SmolLM2-135M-Instruct,other,0.1,sentence_naturalness_survey_for_jkm_dec_2009,discourse,128,0.1409,0.18,0.7825,0.3368
SmolLM2-135M-Instruct,other,0.1,sentence_naturalness_survey_for_jkm_jan_2012,discourse,128,0.0984,0.266,0.3699,0.2336
SmolLM2-135M-Instruct,other,0.1,sentence_naturalness_survey_for_lb_dec_2009,discourse,108,0.0851,0.832,0.1023,0.3133
SmolLM2-135M-Instruct,other,0.1,sentence_naturalness_survey_for_lb_feb_20_2010_v2,discourse,79,0.4698,0.951,0.494,0.3174
SmolLM2-135M-Instruct,other,0.1,sentence_naturalness_survey_for_lb_jan_2011,discourse,519,0.1118,0.886,0.1262,0.2828
SmolLM2-135M-Instruct,other,0.1,sentence_naturalness_survey_for_lb_jan_2011_v2,discourse,519,-0.0046,0.689,-0.0067,0.1943
SmolLM2-135M-Instruct,other,0.1,sentence_naturalness_survey_for_lb_jan_2011_v3,discourse,519,0.1074,0.886,0.1213,0.2715
SmolLM2-135M-Instruct,other,0.1,sentence_naturalness_survey_for_lb_mar_2010_2,discourse,241,-0.0613,0.935,-0.0655,0.3183
SmolLM2-135M-Instruct,other,0.1,sentence_naturalness_survey_for_lb_mar_2010,discourse,123,0.0034,0.951,0.0036,0.3133
SmolLM2-135M-Instruct,other,0.1,sentence_naturalness_survey_for_lb_may_2010,discourse,148,0.0765,0.953,0.0803,0.3141
SmolLM2-135M-Instruct,other,0.1,sentence_naturalness_survey_for_lb_prelim_oct_2010,discourse,402,0.0973,0.882,0.1104,0.3119
SmolLM2-135M-Instruct,other,0.1,sentence_naturalness_survey_for_rw_dec_2009,discourse,180,0.1734,0.825,0.2101,0.3818
SmolLM2-135M-Instruct,other,0.1,sentence_naturalness_survey_for_rw_jan_2010,discourse,480,0.1629,0.872,0.1868,0.3843
SmolLM2-135M-Instruct,other,0.1,sentence_naturalness_survey_laura_mar_17_2012_92_items_code_lazy_cater,sentence_semantics,368,0.0559,0.883,0.0633,0.3176
SmolLM2-135M-Instruct,other,0.1,sentence_naturalness_survey_laura_mar_17_2012_96_items_code_lazy_cater,sentence_semantics,384,0.047,0.883,0.0532,0.3194
SmolLM2-135M-Instruct,other,0.1,sentence_naturalness_survey_may_4_2011_36_items_code_anxious_bat,syntax,84,0.0698,0.757,0.0922,0.3496
SmolLM2-135M-Instruct,other,0.1,sentence_naturalness_survey_nat_aug_28_2010_survey_code_downtown,syntax,270,-0.1009,0.956,-0.1056,0.2926
SmolLM2-135M-Instruct,other,0.1,short_acceptability_feb_6_2014,syntax,128,0.3085,0.907,0.3402,0.3424
SmolLM2-135M-Instruct,other,0.1,susan_canonicity_rerunning_2,syntax,52,0.4187,0.95,0.4407,0.2977
SmolLM2-135M-Instruct,other,0.1,topicalization_e1,syntax,77,0.1522,0.942,0.1616,0.3108
SmolLM2-135M-Instruct,other,0.1,verb_causality_study_semantics_ratings_mk_april_2010,lexical_semantics,188,-0.1464,0.972,-0.1506,0.5397
SmolLM2-135M-Instruct,other,0.1,verb_causality_study_syntax_ratings_mk_april_2010,syntax,653,0.0287,0.633,0.0453,0.3054
SmolLM2-135M-Instruct,other,0.1,wm2_wm5_9_59_sentence_naturalness_survey_april_2011,syntax,219,-0.1114,0.839,-0.1328,0.2963
SmolLM2-135M-Instruct,other,0.1,word3_b_word_naturalness_survey_may_4_2011_160_items_code_sleepy_bear,subword,158,-0.0571,0.937,-0.0609,0.2058
SmolLM2-135M-Instruct,other,0.1,word3_word_naturalness_survey_may_1_2011_45_items_code_nosy_badger,subword,45,-0.3374,0.948,-0.3559,0.1953
Yi-1.5-34B-Chat,Yi 1.5,34.4,50_sentences_noisy_channel_may_25_2011,pragmatics,208,0.1024,0.555,0.1844,0.9943
Yi-1.5-34B-Chat,Yi 1.5,34.4,50_sentences_with_2_comp_qs_plus_rating_mar_11_2011,sentence_semantics,208,0.4864,0.588,0.8272,0.9468
Yi-1.5-34B-Chat,Yi 1.5,34.4,acceptability_extension_959_v5,syntax,566,0.7957,0.797,0.9984,0.9987
Yi-1.5-34B-Chat,Yi 1.5,34.4,acceptability_judgments_kang,syntax,136,0.8598,0.974,0.8828,0.9995
Yi-1.5-34B-Chat,Yi 1.5,34.4,acceptability_replication_959,syntax,288,0.926,0.964,0.9606,0.9992
Yi-1.5-34B-Chat,Yi 1.5,34.4,acd_context_polly_1_nov_23_2012,discourse,310,0.2716,0.462,0.5878,0.9995
Yi-1.5-34B-Chat,Yi 1.5,34.4,acd_no_context_polly_1_nov_23_2012,syntax,213,0.6941,0.838,0.8283,0.9984
Yi-1.5-34B-Chat,Yi 1.5,34.4,acd_project_also_3_nov_24_2012_2,syntax,128,0.7137,0.874,0.8165,0.9987
Yi-1.5-34B-Chat,Yi 1.5,34.4,acd_project_expt_23_also_nov_16_2012,syntax,600,0.6873,0.825,0.833,0.9993
Yi-1.5-34B-Chat,Yi 1.5,34.4,acd_project_expt_24_same_diff_verbs_nov_16_2012,syntax,472,0.7304,0.89,0.8207,0.9993
Yi-1.5-34B-Chat,Yi 1.5,34.4,acd_project_expt_31_same_diff_verbs_nov_16_2012_1,syntax,176,0.7157,0.755,0.9479,0.9993
Yi-1.5-34B-Chat,Yi 1.5,34.4,acd_project_expt_42_also_verbs_nov_29_2012_1,syntax,176,0.5208,0.63,0.8266,0.9987
Yi-1.5-34B-Chat,Yi 1.5,34.4,acd_project_expt_44_the_same_nov_29_2012_1,syntax,140,0.5995,0.601,0.9976,0.999
Yi-1.5-34B-Chat,Yi 1.5,34.4,acd_project_expt_45_hkv_expt_2_plaus_nov_29_2012,syntax,360,0.6108,0.774,0.7891,0.9994
Yi-1.5-34B-Chat,Yi 1.5,34.4,acd_project_expt_46_also_in_hkv_2_nov_29_2012_1,syntax,448,0.5203,0.56,0.9291,0.9993
Yi-1.5-34B-Chat,Yi 1.5,34.4,active_passive_sentence_naturalness_survey_july_2012,syntax,132,0.7983,0.887,0.9,0.9992
Yi-1.5-34B-Chat,Yi 1.5,34.4,aixiu_coherence_en_update1,sentence_semantics,277,0.8498,0.882,0.9634,0.9993
Yi-1.5-34B-Chat,Yi 1.5,34.4,alex_paunov_literal_inferences_dec_3_2011,pragmatics,299,0.5398,0.908,0.5945,0.9905
Yi-1.5-34B-Chat,Yi 1.5,34.4,amouyal2024_plausibility,sentence_semantics,853,0.6429,0.915,0.7027,0.9941
Yi-1.5-34B-Chat,Yi 1.5,34.4,animacy_passive_dative_kyle,syntax,120,0.5211,0.926,0.5628,0.9993
Yi-1.5-34B-Chat,Yi 1.5,34.4,anne_abeille_acceptability_july_12_2017_1,syntax,296,0.581,0.635,0.915,0.9998
Yi-1.5-34B-Chat,Yi 1.5,34.4,base_acceptability_0908,syntax,73,0.5289,0.931,0.5681,0.9999
Yi-1.5-34B-Chat,Yi 1.5,34.4,brief_sentence_naturalness_survey_march_2011,sentence_semantics,64,0.8377,0.96,0.8726,0.9997
Yi-1.5-34B-Chat,Yi 1.5,34.4,can_noncan_acceptability_0924,syntax,88,0.6928,0.966,0.7172,0.9998
Yi-1.5-34B-Chat,Yi 1.5,34.4,can_noncan_acceptability_2,syntax,88,0.7396,0.962,0.7688,0.9996
Yi-1.5-34B-Chat,Yi 1.5,34.4,chinese_dative,discourse,96,0.5086,0.715,0.7113,0.9991
Yi-1.5-34B-Chat,Yi 1.5,34.4,class_demo,syntax,44,0.6736,0.927,0.7266,0.9992
Yi-1.5-34B-Chat,Yi 1.5,34.4,clefting_e3,syntax,48,0.2272,0.877,0.2591,0.9985
Yi-1.5-34B-Chat,Yi 1.5,34.4,clefting_e4,syntax,48,0.3734,0.969,0.3854,0.9983
Yi-1.5-34B-Chat,Yi 1.5,34.4,coherence_survey_list1_main,discourse,100,0.8637,0.95,0.9092,0.9956
Yi-1.5-34B-Chat,Yi 1.5,34.4,coherence_survey_list2_main,discourse,100,0.8972,0.948,0.9464,0.9955
Yi-1.5-34B-Chat,Yi 1.5,34.4,coherence_survey_list3_main,discourse,100,0.8586,0.942,0.9115,0.9942
Yi-1.5-34B-Chat,Yi 1.5,34.4,coherence_survey_list4_main,discourse,100,0.8654,0.95,0.9109,0.9948
Yi-1.5-34B-Chat,Yi 1.5,34.4,constituency_tests_2,syntax,48,0.565,0.836,0.6758,0.9978
Yi-1.5-34B-Chat,Yi 1.5,34.4,constituency_tests,syntax,48,0.5476,0.654,0.8373,0.9983
Yi-1.5-34B-Chat,Yi 1.5,34.4,copy_cat_polly_june_2014,discourse,102,0.7991,0.865,0.9239,0.9873
Yi-1.5-34B-Chat,Yi 1.5,34.4,copy_of_verb_causality_study_semantics_ratings_mk_april_2010,lexical_semantics,62,0.3,0.83,0.3614,0.9996
Yi-1.5-34B-Chat,Yi 1.5,34.4,crossed_dependencies_long,syntax,201,0.6644,0.899,0.739,0.9996
Yi-1.5-34B-Chat,Yi 1.5,34.4,cul_jack_april_12_2012_54_short_texts_with_two_comprehension_questions,syntax,210,0.5723,0.896,0.6387,0.9988
Yi-1.5-34B-Chat,Yi 1.5,34.4,cul_jack_sentence_naturalness_survey_april_2010,syntax,220,0.8504,0.952,0.8933,0.9988
Yi-1.5-34B-Chat,Yi 1.5,34.4,dative_alternation_extension_version_2,syntax,229,0.5399,0.456,1.184,0.9977
Yi-1.5-34B-Chat,Yi 1.5,34.4,dative_finnish,discourse,96,0.2348,0.689,0.3407,0.9962
Yi-1.5-34B-Chat,Yi 1.5,34.4,dative_turkish,discourse,96,0.3453,0.734,0.4704,0.9937
Yi-1.5-34B-Chat,Yi 1.5,34.4,dentella2023_grammaticality,syntax,80,0.7122,0.981,0.726,0.9014
Yi-1.5-34B-Chat,Yi 1.5,34.4,depth_charge_survey,sentence_semantics,188,0.6803,0.846,0.8041,0.9984
Yi-1.5-34B-Chat,Yi 1.5,34.4,depth_charge_with_noise,sentence_semantics,188,0.6899,0.854,0.8079,0.9984
Yi-1.5-34B-Chat,Yi 1.5,34.4,discourse_30subjs_list1,discourse,100,0.8586,0.941,0.9124,0.9957
Yi-1.5-34B-Chat,Yi 1.5,34.4,discourse_30subjs_list2,discourse,100,0.887,0.951,0.9327,0.9955
Yi-1.5-34B-Chat,Yi 1.5,34.4,discourse_30subjs_list3,discourse,100,0.9083,0.947,0.9591,0.9945
Yi-1.5-34B-Chat,Yi 1.5,34.4,discourse_30subjs_list4,discourse,100,0.8848,0.942,0.9393,0.9957
Yi-1.5-34B-Chat,Yi 1.5,34.4,discourse_causality_list1,discourse,100,0.8786,0.935,0.9397,0.9894
Yi-1.5-34B-Chat,Yi 1.5,34.4,discourse_causality_list2,discourse,100,0.867,0.952,0.9107,0.9897
Yi-1.5-34B-Chat,Yi 1.5,34.4,discourse_causality_list3,discourse,100,0.8492,0.933,0.9102,0.9911
Yi-1.5-34B-Chat,Yi 1.5,34.4,discourse_causality_list4,discourse,100,0.8312,0.955,0.8703,0.9855
Yi-1.5-34B-Chat,Yi 1.5,34.4,discourse_changed_0428,discourse,48,0.8356,0.953,0.8768,0.9938
Yi-1.5-34B-Chat,Yi 1.5,34.4,discourse_coherence_list1,discourse,100,0.8938,0.943,0.9479,0.9875
Yi-1.5-34B-Chat,Yi 1.5,34.4,discourse_coherence_list2,discourse,100,0.8707,0.936,0.9303,0.9871
Yi-1.5-34B-Chat,Yi 1.5,34.4,discourse_coherence_list3,discourse,100,0.8605,0.95,0.9058,0.9876
Yi-1.5-34B-Chat,Yi 1.5,34.4,discourse_coherence_list4,discourse,100,0.8431,0.933,0.9037,0.9899
Yi-1.5-34B-Chat,Yi 1.5,34.4,discourse_imagability_pairs_list1,sentence_semantics,100,0.6563,0.917,0.7157,0.989
Yi-1.5-34B-Chat,Yi 1.5,34.4,discourse_imagability_pairs_list2,sentence_semantics,100,0.6624,0.946,0.7002,0.9897
Yi-1.5-34B-Chat,Yi 1.5,34.4,discourse_imagability_singles_list1,sentence_semantics,100,0.7586,0.938,0.8087,0.9972
Yi-1.5-34B-Chat,Yi 1.5,34.4,discourse_imagability_singles_list2,sentence_semantics,100,0.7784,0.954,0.8159,0.9975
Yi-1.5-34B-Chat,Yi 1.5,34.4,discourse_imagability_singles_list3,sentence_semantics,100,0.6667,0.931,0.7162,0.9973
Yi-1.5-34B-Chat,Yi 1.5,34.4,discourse_imagability_singles_list4,sentence_semantics,100,0.6867,0.948,0.7244,0.9974
Yi-1.5-34B-Chat,Yi 1.5,34.4,discourse_mentalizing_pairs_list1,sentence_semantics,100,0.7086,0.928,0.7636,0.9987
Yi-1.5-34B-Chat,Yi 1.5,34.4,discourse_mentalizing_pairs_list2,sentence_semantics,100,0.7182,0.931,0.7715,0.9989
Yi-1.5-34B-Chat,Yi 1.5,34.4,discourse_mentalizing_singles_list1,sentence_semantics,100,0.507,0.935,0.5423,0.9988
Yi-1.5-34B-Chat,Yi 1.5,34.4,discourse_mentalizing_singles_list2,sentence_semantics,100,0.6328,0.925,0.6841,0.9985
Yi-1.5-34B-Chat,Yi 1.5,34.4,discourse_mentalizing_singles_list3,sentence_semantics,100,0.5503,0.909,0.6054,0.9987
Yi-1.5-34B-Chat,Yi 1.5,34.4,discourse_mentalizing_singles_list4,sentence_semantics,100,0.7577,0.952,0.7959,0.9986
Yi-1.5-34B-Chat,Yi 1.5,34.4,discourse_physics_pairs_list1,sentence_semantics,100,0.7164,0.957,0.7486,0.999
Yi-1.5-34B-Chat,Yi 1.5,34.4,discourse_physics_pairs_list2,sentence_semantics,100,0.7825,0.951,0.8228,0.9992
Yi-1.5-34B-Chat,Yi 1.5,34.4,discourse_physics_singles_list1,sentence_semantics,100,0.8145,0.943,0.8637,0.9996
Yi-1.5-34B-Chat,Yi 1.5,34.4,discourse_physics_singles_list2,sentence_semantics,100,0.7364,0.952,0.7735,0.9996
Yi-1.5-34B-Chat,Yi 1.5,34.4,discourse_physics_singles_list3,sentence_semantics,100,0.7732,0.941,0.8217,0.9996
Yi-1.5-34B-Chat,Yi 1.5,34.4,discourse_physics_singles_list4,sentence_semantics,100,0.8308,0.942,0.8819,0.9996
Yi-1.5-34B-Chat,Yi 1.5,34.4,discourse_scenes_pairs_list1,sentence_semantics,100,0.8492,0.944,0.8996,0.9991
Yi-1.5-34B-Chat,Yi 1.5,34.4,discourse_scenes_pairs_list2,sentence_semantics,100,0.8739,0.95,0.9199,0.9993
Yi-1.5-34B-Chat,Yi 1.5,34.4,discourse_scenes_singles_list1,sentence_semantics,100,0.8657,0.944,0.917,0.9995
Yi-1.5-34B-Chat,Yi 1.5,34.4,discourse_scenes_singles_list2,sentence_semantics,100,0.8783,0.949,0.9255,0.9996
Yi-1.5-34B-Chat,Yi 1.5,34.4,discourse_scenes_singles_list3,sentence_semantics,100,0.8386,0.966,0.8682,0.9996
Yi-1.5-34B-Chat,Yi 1.5,34.4,discourse_scenes_singles_list4,sentence_semantics,100,0.8603,0.964,0.8925,0.9996
Yi-1.5-34B-Chat,Yi 1.5,34.4,diveica2023_socialness,lexical_semantics,1000,0.8357,0.883,0.9465,0.9546
Yi-1.5-34B-Chat,Yi 1.5,34.4,ecog_sentences_imaginability_jan_8_2014,sentence_semantics,120,0.4405,0.833,0.5288,0.9998
Yi-1.5-34B-Chat,Yi 1.5,34.4,ecog_sentences_naturalness_jan_8_2014_2,sentence_semantics,120,0.5184,0.727,0.713,0.9996
Yi-1.5-34B-Chat,Yi 1.5,34.4,edwards2024_spelling_to_pronunciation_transparency,subword,1000,0.4719,0.826,0.5713,0.9938
Yi-1.5-34B-Chat,Yi 1.5,34.4,erp_norming_error_detection_june_2013_4,syntax,323,-0.7009,0.841,-0.8334,0.9992
Yi-1.5-34B-Chat,Yi 1.5,34.4,erp_sentence_naturalness_survey_june_2013_2,syntax,483,0.8713,0.922,0.945,0.9993
Yi-1.5-34B-Chat,Yi 1.5,34.4,eunice_disfluency_2_nov_17_2011,syntax,190,0.5742,0.832,0.6901,0.9994
Yi-1.5-34B-Chat,Yi 1.5,34.4,eunice_disfluency_nov_15_2011,syntax,468,0.5444,0.807,0.6747,0.9993
Yi-1.5-34B-Chat,Yi 1.5,34.4,european_portuguese_rc,syntax,174,0.6725,0.84,0.8006,0.9999
Yi-1.5-34B-Chat,Yi 1.5,34.4,european_portuguese_wh,syntax,174,0.5591,0.893,0.626,0.9998
Yi-1.5-34B-Chat,Yi 1.5,34.4,extension,syntax,138,0.7836,0.872,0.8986,0.999
Yi-1.5-34B-Chat,Yi 1.5,34.4,gabriel_rc,syntax,174,0.6377,0.818,0.7796,0.9999
Yi-1.5-34B-Chat,Yi 1.5,34.4,gabriel_wh,syntax,174,0.5821,0.902,0.6453,0.9997
Yi-1.5-34B-Chat,Yi 1.5,34.4,giurgea2025_motivation,lexical_semantics,1000,0.6559,0.856,0.7662,0.9805
Yi-1.5-34B-Chat,Yi 1.5,34.4,huang_response_set1a,syntax,288,0.6025,0.966,0.6237,0.9981
Yi-1.5-34B-Chat,Yi 1.5,34.4,huang_response_set1b,syntax,288,0.6303,0.964,0.6539,0.9984
Yi-1.5-34B-Chat,Yi 1.5,34.4,huang_response_set2a,syntax,288,0.7218,0.97,0.7442,0.9981
Yi-1.5-34B-Chat,Yi 1.5,34.4,huang_response_set2a_declaratives,syntax,288,0.7277,0.97,0.7502,0.999
Yi-1.5-34B-Chat,Yi 1.5,34.4,huang_response_set2b,syntax,288,0.7507,0.97,0.7739,0.9981
Yi-1.5-34B-Chat,Yi 1.5,34.4,huang_response_set2b_declaratives,syntax,288,0.724,0.974,0.7433,0.9988
Yi-1.5-34B-Chat,Yi 1.5,34.4,imperative_control_iad_gs_may_16_2011_purple_puppy,pragmatics,96,0.2664,0.86,0.3098,0.9997
Yi-1.5-34B-Chat,Yi 1.5,34.4,isac_sentence_naturalness_survey_feb_2011_64_items_survey_code_giant_c,syntax,256,0.7655,0.885,0.8649,0.9972
Yi-1.5-34B-Chat,Yi 1.5,34.4,islands_acceptability_expt_2_dec_2_2012,syntax,480,0.728,0.874,0.833,0.9987
Yi-1.5-34B-Chat,Yi 1.5,34.4,italian_dative_v2,discourse,192,0.2029,0.604,0.3359,0.9996
Yi-1.5-34B-Chat,Yi 1.5,34.4,italian_locative_v7,discourse,192,0.2868,0.66,0.4346,0.9995
Yi-1.5-34B-Chat,Yi 1.5,34.4,lancaster2020_auditory,lexical_semantics,1000,0.3815,0.831,0.4591,0.9993
Yi-1.5-34B-Chat,Yi 1.5,34.4,lancaster2020_foot_leg,lexical_semantics,1000,0.41,0.729,0.5624,0.9991
Yi-1.5-34B-Chat,Yi 1.5,34.4,lancaster2020_gustatory,lexical_semantics,1000,0.2948,0.545,0.5409,0.9994
Yi-1.5-34B-Chat,Yi 1.5,34.4,lancaster2020_hand_arm,lexical_semantics,1000,0.241,0.783,0.3077,0.9975
Yi-1.5-34B-Chat,Yi 1.5,34.4,lancaster2020_haptic,lexical_semantics,1000,0.3408,0.808,0.4217,0.9988
Yi-1.5-34B-Chat,Yi 1.5,34.4,lancaster2020_head,lexical_semantics,1000,0.4411,0.57,0.7739,0.9984
Yi-1.5-34B-Chat,Yi 1.5,34.4,lancaster2020_interoceptive,lexical_semantics,1000,0.572,0.778,0.7352,0.9995
Yi-1.5-34B-Chat,Yi 1.5,34.4,lancaster2020_mouth,lexical_semantics,1000,0.4389,0.777,0.5648,0.9982
Yi-1.5-34B-Chat,Yi 1.5,34.4,lancaster2020_olfactory,lexical_semantics,1000,0.3046,0.622,0.4897,0.999
Yi-1.5-34B-Chat,Yi 1.5,34.4,lancaster2020_torso,lexical_semantics,1000,0.2949,0.675,0.4369,0.9976
Yi-1.5-34B-Chat,Yi 1.5,34.4,lancaster2020_visual,lexical_semantics,1000,0.3856,0.767,0.5027,0.9988
Yi-1.5-34B-Chat,Yi 1.5,34.4,lauren_sentence_naturalness_survey_expt3_nov_17_2011,syntax,460,0.608,0.633,0.9604,0.9992
Yi-1.5-34B-Chat,Yi 1.5,34.4,lauren_sentence_naturalness_survey_expt_2_nov_15_2011,syntax,252,0.6547,0.712,0.9195,0.9984
Yi-1.5-34B-Chat,Yi 1.5,34.4,lauren_sentence_naturalness_survey_oct_14_2011,syntax,360,0.6622,0.703,0.9419,0.9988
Yi-1.5-34B-Chat,Yi 1.5,34.4,lexical_frame_adjectives_likert_set1,syntax,384,0.7782,0.83,0.9376,0.9981
Yi-1.5-34B-Chat,Yi 1.5,34.4,lexical_frame_adjectives_likert_set2,syntax,384,0.7127,0.744,0.958,0.9982
Yi-1.5-34B-Chat,Yi 1.5,34.4,lexical_frame_adjectives_likert_set3,syntax,384,0.7644,0.873,0.8756,0.998
Yi-1.5-34B-Chat,Yi 1.5,34.4,locative_topicalization_survey,discourse,229,0.7158,0.777,0.9212,0.9961
Yi-1.5-34B-Chat,Yi 1.5,34.4,massive_mem_arousal_mar_2013,lexical_semantics,1000,0.6172,0.883,0.6989,0.9987
Yi-1.5-34B-Chat,Yi 1.5,34.4,massive_mem_arousal_mar_2013_end_2,lexical_semantics,242,0.6777,0.85,0.7972,0.9986
Yi-1.5-34B-Chat,Yi 1.5,34.4,massive_mem_arousal_mar_2014,lexical_semantics,1000,0.6739,0.863,0.7809,0.9982
Yi-1.5-34B-Chat,Yi 1.5,34.4,massive_mem_arousal_mar_2014_end_1,lexical_semantics,242,0.6367,0.886,0.7187,0.9982
Yi-1.5-34B-Chat,Yi 1.5,34.4,massive_mem_concreteness_mar_2013,lexical_semantics,1000,0.5353,0.956,0.56,0.9993
Yi-1.5-34B-Chat,Yi 1.5,34.4,massive_mem_concreteness_mar_2013_end_1,lexical_semantics,242,0.6549,0.959,0.6828,0.9994
Yi-1.5-34B-Chat,Yi 1.5,34.4,massive_mem_concreteness_mar_2014,lexical_semantics,1000,0.6874,0.952,0.7221,0.9982
Yi-1.5-34B-Chat,Yi 1.5,34.4,massive_mem_concreteness_mar_2014_end_1,lexical_semantics,242,0.7853,0.955,0.8223,0.9982
Yi-1.5-34B-Chat,Yi 1.5,34.4,massive_mem_imageability_mar_2013,lexical_semantics,1000,0.7521,0.961,0.7826,0.9997
Yi-1.5-34B-Chat,Yi 1.5,34.4,massive_mem_imageability_mar_2013_end_1,lexical_semantics,242,0.7777,0.963,0.8075,0.9997
Yi-1.5-34B-Chat,Yi 1.5,34.4,massive_mem_imageability_mar_2014,lexical_semantics,1000,0.674,0.948,0.711,0.9992
Yi-1.5-34B-Chat,Yi 1.5,34.4,massive_mem_imageability_mar_2014_end_1,lexical_semantics,242,0.699,0.964,0.7251,0.9993
Yi-1.5-34B-Chat,Yi 1.5,34.4,massive_mem_valence_mar_2013,lexical_semantics,1000,0.5881,0.948,0.6204,0.9991
Yi-1.5-34B-Chat,Yi 1.5,34.4,massive_mem_valence_mar_2013_end_1,lexical_semantics,242,0.8283,0.966,0.8575,0.9991
Yi-1.5-34B-Chat,Yi 1.5,34.4,massive_mem_valence_mar_2014,lexical_semantics,1000,0.8156,0.961,0.8487,0.9992
Yi-1.5-34B-Chat,Yi 1.5,34.4,massive_mem_valence_mar_2014_end_1,lexical_semantics,242,0.8496,0.959,0.8859,0.9992
Yi-1.5-34B-Chat,Yi 1.5,34.4,melissa_short_naturalness_test,sentence_semantics,24,0.9019,0.968,0.9318,0.9998
Yi-1.5-34B-Chat,Yi 1.5,34.4,missing_vp_extension_0501_final,syntax,72,0.422,0.741,0.5695,0.9895
Yi-1.5-34B-Chat,Yi 1.5,34.4,missing_vp_extension,syntax,80,0.4953,0.881,0.5622,0.9974
Yi-1.5-34B-Chat,Yi 1.5,34.4,missing_vp_rereplication,syntax,72,0.5635,0.707,0.7971,0.9972
Yi-1.5-34B-Chat,Yi 1.5,34.4,mk_grammaticality_study_7_20,syntax,1000,0.3067,0.876,0.3501,0.9995
Yi-1.5-34B-Chat,Yi 1.5,34.4,muraki2023_concreteness,lexical_semantics,1000,0.3548,0.829,0.4279,0.9999
Yi-1.5-34B-Chat,Yi 1.5,34.4,noisy_channel_acceptability_1_sept_2013_1,syntax,496,0.8573,0.921,0.9308,0.9996
Yi-1.5-34B-Chat,Yi 1.5,34.4,noisy_channel_acceptability_2_sept_2013,syntax,380,0.8784,0.965,0.9102,0.9994
Yi-1.5-34B-Chat,Yi 1.5,34.4,noisy_rc_norming_oct19,sentence_semantics,128,0.6064,0.838,0.7237,0.9999
Yi-1.5-34B-Chat,Yi 1.5,34.4,of_acceptability_2,syntax,88,0.7525,0.951,0.7913,0.9994
Yi-1.5-34B-Chat,Yi 1.5,34.4,orange_camel_sentence_naturalness_survey_nov_2010,discourse,144,0.7277,0.861,0.8452,0.9996
Yi-1.5-34B-Chat,Yi 1.5,34.4,orc_lauren_sentence_naturalness_survey_july_2012,syntax,192,0.8713,0.948,0.9191,0.9992
Yi-1.5-34B-Chat,Yi 1.5,34.4,p_p_sentence_naturalness_survey_aug_2010,syntax,252,0.5,0.859,0.5821,0.9996
Yi-1.5-34B-Chat,Yi 1.5,34.4,p_p_sentence_naturalness_survey_dec_2009,syntax,324,0.739,0.95,0.7779,0.9994
Yi-1.5-34B-Chat,Yi 1.5,34.4,p_p_sentence_naturalness_survey_feb,syntax,614,0.5363,0.664,0.8077,0.9995
Yi-1.5-34B-Chat,Yi 1.5,34.4,p_p_sentence_naturalness_survey_june_2013_v3,syntax,242,0.588,0.928,0.6337,0.9979
Yi-1.5-34B-Chat,Yi 1.5,34.4,paris_judgments_3_dec_2012,syntax,477,0.6558,0.845,0.7761,0.999
Yi-1.5-34B-Chat,Yi 1.5,34.4,pascal_1_dec_2012,syntax,544,0.222,0.066,3.3637,0.9998
Yi-1.5-34B-Chat,Yi 1.5,34.4,presup_survey_1_acd_july_2012,pragmatics,240,0.0248,0.83,0.0299,0.9958
Yi-1.5-34B-Chat,Yi 1.5,34.4,presup_survey_2_acd_july_2012,pragmatics,240,-0.2482,0.665,-0.3732,0.9957
Yi-1.5-34B-Chat,Yi 1.5,34.4,pronouns_following_verbs,pragmatics,44,0.4807,0.706,0.6808,0.9835
Yi-1.5-34B-Chat,Yi 1.5,34.4,pronouns_following_verbs_an,pragmatics,44,0.1023,0.663,0.1543,0.9818
Yi-1.5-34B-Chat,Yi 1.5,34.4,pronouns_following_verbs_ce,pragmatics,44,0.4038,0.708,0.5704,0.9847
Yi-1.5-34B-Chat,Yi 1.5,34.4,pronouns_following_verbs_sm,pragmatics,44,0.0772,0.443,0.1742,0.9892
Yi-1.5-34B-Chat,Yi 1.5,34.4,pronouns_following_verbs_so,pragmatics,44,-0.1231,0.509,-0.2418,0.9851
Yi-1.5-34B-Chat,Yi 1.5,34.4,pronouns_following_verbs_ve,pragmatics,45,0.1929,0.567,0.3403,0.9859
Yi-1.5-34B-Chat,Yi 1.5,34.4,quant_syn_april_13_2012_90_sentences_with_a_question_and_a_rating_code,syntax,184,0.8304,0.91,0.9125,0.998
Yi-1.5-34B-Chat,Yi 1.5,34.4,quant_syn_april_14_2012_48_sentences_with_a_question_and_a_rating_code,syntax,168,0.7865,0.96,0.8192,0.9971
Yi-1.5-34B-Chat,Yi 1.5,34.4,quant_syn_april_16_2012_36_sentences_with_a_question_and_a_rating_code,syntax,126,0.8037,0.965,0.8329,0.9959
Yi-1.5-34B-Chat,Yi 1.5,34.4,quantifier_naturalness_survey_june_4_2010,syntax,192,0.6534,0.639,1.0226,0.9998
Yi-1.5-34B-Chat,Yi 1.5,34.4,quantitative_syntax_survey,syntax,129,0.5564,0.852,0.653,0.9991
Yi-1.5-34B-Chat,Yi 1.5,34.4,rating_english_sentences,syntax,240,0.7999,0.899,0.8898,0.999
Yi-1.5-34B-Chat,Yi 1.5,34.4,reasoning_and_language_tasks_survey_code_talkative_pigeon,syntax,72,0.6144,0.941,0.6529,0.9992
Yi-1.5-34B-Chat,Yi 1.5,34.4,relative_clause_displacements_in_english_sentences,syntax,180,0.558,0.501,1.1137,0.9995
Yi-1.5-34B-Chat,Yi 1.5,34.4,relative_clause_displacements_in_english_sentences_with_fill,syntax,93,0.6383,0.846,0.7545,0.9995
Yi-1.5-34B-Chat,Yi 1.5,34.4,replication_study_9_59,discourse,185,0.5583,0.363,1.5381,0.9976
Yi-1.5-34B-Chat,Yi 1.5,34.4,richard_islands_acceptability_expt_1_april_25_2013_3,syntax,144,0.6561,0.819,0.8011,0.9975
Yi-1.5-34B-Chat,Yi 1.5,34.4,richard_islands_acceptability_expt_2_april_26_2013,syntax,228,0.8846,0.92,0.9616,0.9988
Yi-1.5-34B-Chat,Yi 1.5,34.4,richard_islands_acceptability_expt_4_april_26_2013_1,syntax,100,0.898,0.931,0.9646,0.9988
Yi-1.5-34B-Chat,Yi 1.5,34.4,richard_islands_acceptability_expt_5_april_27_2013_1,syntax,132,0.5653,0.619,0.9132,0.9971
Yi-1.5-34B-Chat,Yi 1.5,34.4,richard_islands_acceptability_expt_6_april_28_2013_while_whq_decl,syntax,100,0.8829,0.965,0.9149,0.9986
Yi-1.5-34B-Chat,Yi 1.5,34.4,russian_freezing,syntax,180,0.342,0.898,0.3809,0.9816
Yi-1.5-34B-Chat,Yi 1.5,34.4,semantics1_finalproject,sentence_semantics,96,0.8698,0.972,0.8948,0.9987
Yi-1.5-34B-Chat,Yi 1.5,34.4,semantics2_finalproject,sentence_semantics,96,0.7754,0.986,0.7864,0.9969
Yi-1.5-34B-Chat,Yi 1.5,34.4,semantics3_final_project,pragmatics,96,0.5036,0.974,0.517,0.9862
Yi-1.5-34B-Chat,Yi 1.5,34.4,sentence_completions_and_islands_acceptability_expt_1_nov_13_2012,syntax,112,0.8157,0.969,0.8418,0.9991
Yi-1.5-34B-Chat,Yi 1.5,34.4,sentence_naturalness_isac_survey_feb_2011,syntax,304,0.7741,0.836,0.926,0.9976
Yi-1.5-34B-Chat,Yi 1.5,34.4,sentence_naturalness_survey_acd_ratings_hackl_expt_7_oct_25_2012_1,syntax,176,0.6218,0.886,0.7018,0.9985
Yi-1.5-34B-Chat,Yi 1.5,34.4,sentence_naturalness_survey_acd_ratings_hackl_replic_expt_1_july_14_20,syntax,480,0.717,0.864,0.8299,0.9993
Yi-1.5-34B-Chat,Yi 1.5,34.4,sentence_naturalness_survey_acd_ratings_v4_july_13_2012,syntax,176,0.6897,0.748,0.922,0.9989
Yi-1.5-34B-Chat,Yi 1.5,34.4,sentence_naturalness_survey_acd_v1_jan_2012,discourse,128,0.1161,0.299,0.3882,0.9994
Yi-1.5-34B-Chat,Yi 1.5,34.4,sentence_naturalness_survey_acd_v6_oct_25_2012,discourse,128,0.2079,0.602,0.3453,0.9993
Yi-1.5-34B-Chat,Yi 1.5,34.4,sentence_naturalness_survey_denise_jan_12_2011_survey_code_pig_the_pig,syntax,200,0.8684,0.986,0.8807,0.9967
Yi-1.5-34B-Chat,Yi 1.5,34.4,sentence_naturalness_survey_denise_sept_8_2010_survey_code_pig_the_pig,syntax,224,0.829,0.972,0.8529,0.9965
Yi-1.5-34B-Chat,Yi 1.5,34.4,sentence_naturalness_survey_feb_16_1_2012_60_items_code_shy_armadillo,syntax,120,0.589,0.912,0.6458,0.9996
Yi-1.5-34B-Chat,Yi 1.5,34.4,sentence_naturalness_survey_for_gs_dec_2009,pragmatics,122,0.6553,0.882,0.743,0.9997
Yi-1.5-34B-Chat,Yi 1.5,34.4,sentence_naturalness_survey_for_gs_jan_2010,pragmatics,133,0.6947,0.906,0.7668,0.9995
Yi-1.5-34B-Chat,Yi 1.5,34.4,sentence_naturalness_survey_for_gs_jan_23_2010,pragmatics,216,0.6385,0.942,0.6778,0.9996
Yi-1.5-34B-Chat,Yi 1.5,34.4,sentence_naturalness_survey_for_gs_may_11_2011_purple_puppy,pragmatics,72,0.5011,0.873,0.574,0.9996
Yi-1.5-34B-Chat,Yi 1.5,34.4,sentence_naturalness_survey_for_jk_april_4_2010,discourse,96,0.3975,0.886,0.4487,0.9998
Yi-1.5-34B-Chat,Yi 1.5,34.4,sentence_naturalness_survey_for_jk_april_4_expt_3_2010,discourse,96,0.4717,0.83,0.5683,0.9999
Yi-1.5-34B-Chat,Yi 1.5,34.4,sentence_naturalness_survey_for_jk_april_9_expt_4_2010,discourse,96,0.4163,0.831,0.5009,0.9999
Yi-1.5-34B-Chat,Yi 1.5,34.4,sentence_naturalness_survey_for_jk_june_24_2010_v2,discourse,176,0.4213,0.787,0.5354,0.9998
Yi-1.5-34B-Chat,Yi 1.5,34.4,sentence_naturalness_survey_for_jk_mar_2010,discourse,96,0.3519,0.88,0.3999,0.9999
Yi-1.5-34B-Chat,Yi 1.5,34.4,sentence_naturalness_survey_for_jkm_dec_2009,discourse,128,0.0788,0.18,0.438,0.9988
Yi-1.5-34B-Chat,Yi 1.5,34.4,sentence_naturalness_survey_for_jkm_jan_2012,discourse,128,0.0492,0.266,0.1849,0.9994
Yi-1.5-34B-Chat,Yi 1.5,34.4,sentence_naturalness_survey_for_lb_dec_2009,discourse,108,0.6215,0.832,0.747,0.9995
Yi-1.5-34B-Chat,Yi 1.5,34.4,sentence_naturalness_survey_for_lb_feb_20_2010_v2,discourse,79,0.6547,0.951,0.6884,0.999
Yi-1.5-34B-Chat,Yi 1.5,34.4,sentence_naturalness_survey_for_lb_jan_2011,discourse,519,0.5886,0.886,0.6643,0.999
Yi-1.5-34B-Chat,Yi 1.5,34.4,sentence_naturalness_survey_for_lb_jan_2011_v2,discourse,519,0.3838,0.689,0.5571,0.9992
Yi-1.5-34B-Chat,Yi 1.5,34.4,sentence_naturalness_survey_for_lb_jan_2011_v3,discourse,519,0.5443,0.886,0.6144,0.999
Yi-1.5-34B-Chat,Yi 1.5,34.4,sentence_naturalness_survey_for_lb_mar_2010_2,discourse,241,0.6707,0.935,0.7173,0.9994
Yi-1.5-34B-Chat,Yi 1.5,34.4,sentence_naturalness_survey_for_lb_mar_2010,discourse,123,0.6423,0.951,0.6754,0.9994
Yi-1.5-34B-Chat,Yi 1.5,34.4,sentence_naturalness_survey_for_lb_may_2010,discourse,148,0.6637,0.953,0.6964,0.9991
Yi-1.5-34B-Chat,Yi 1.5,34.4,sentence_naturalness_survey_for_lb_prelim_oct_2010,discourse,402,0.6349,0.882,0.7198,0.9993
Yi-1.5-34B-Chat,Yi 1.5,34.4,sentence_naturalness_survey_for_rw_dec_2009,discourse,180,0.6883,0.825,0.8343,0.9993
Yi-1.5-34B-Chat,Yi 1.5,34.4,sentence_naturalness_survey_for_rw_jan_2010,discourse,480,0.6096,0.872,0.6991,0.9992
Yi-1.5-34B-Chat,Yi 1.5,34.4,sentence_naturalness_survey_laura_mar_17_2012_92_items_code_lazy_cater,sentence_semantics,368,0.8121,0.883,0.9197,0.9993
Yi-1.5-34B-Chat,Yi 1.5,34.4,sentence_naturalness_survey_laura_mar_17_2012_96_items_code_lazy_cater,sentence_semantics,384,0.789,0.883,0.8935,0.9992
Yi-1.5-34B-Chat,Yi 1.5,34.4,sentence_naturalness_survey_may_4_2011_36_items_code_anxious_bat,syntax,84,0.711,0.757,0.9392,0.9993
Yi-1.5-34B-Chat,Yi 1.5,34.4,sentence_naturalness_survey_nat_aug_28_2010_survey_code_downtown,syntax,270,0.7568,0.956,0.7916,0.9988
Yi-1.5-34B-Chat,Yi 1.5,34.4,short_acceptability_feb_6_2014,syntax,128,0.7272,0.907,0.8018,0.9996
Yi-1.5-34B-Chat,Yi 1.5,34.4,susan_canonicity_rerunning_2,syntax,52,0.7525,0.95,0.7921,0.9993
Yi-1.5-34B-Chat,Yi 1.5,34.4,topicalization_e1,syntax,77,0.8202,0.942,0.8707,0.9988
Yi-1.5-34B-Chat,Yi 1.5,34.4,verb_causality_study_semantics_ratings_mk_april_2010,lexical_semantics,188,0.5555,0.972,0.5715,0.9996
Yi-1.5-34B-Chat,Yi 1.5,34.4,verb_causality_study_syntax_ratings_mk_april_2010,syntax,653,0.3015,0.633,0.4762,0.9991
Yi-1.5-34B-Chat,Yi 1.5,34.4,wm2_wm5_9_59_sentence_naturalness_survey_april_2011,syntax,219,0.778,0.839,0.9273,0.9988
Yi-1.5-34B-Chat,Yi 1.5,34.4,word3_b_word_naturalness_survey_may_4_2011_160_items_code_sleepy_bear,subword,158,0.7222,0.937,0.7708,0.9992
Yi-1.5-34B-Chat,Yi 1.5,34.4,word3_word_naturalness_survey_may_1_2011_45_items_code_nosy_badger,subword,45,0.5777,0.948,0.6094,0.9988
Yi-1.5-6B-Chat,Yi 1.5,6.1,50_sentences_noisy_channel_may_25_2011,pragmatics,208,-0.1372,0.555,-0.2472,0.8119
Yi-1.5-6B-Chat,Yi 1.5,6.1,50_sentences_with_2_comp_qs_plus_rating_mar_11_2011,sentence_semantics,208,0.4966,0.588,0.8445,0.9033
Yi-1.5-6B-Chat,Yi 1.5,6.1,acceptability_extension_959_v5,syntax,566,0.6143,0.797,0.7708,0.9599
Yi-1.5-6B-Chat,Yi 1.5,6.1,acceptability_judgments_kang,syntax,136,0.5681,0.974,0.5833,0.9974
Yi-1.5-6B-Chat,Yi 1.5,6.1,acceptability_replication_959,syntax,288,0.7767,0.964,0.8057,0.9259
Yi-1.5-6B-Chat,Yi 1.5,6.1,acd_context_polly_1_nov_23_2012,discourse,310,0.0935,0.462,0.2024,0.9978
Yi-1.5-6B-Chat,Yi 1.5,6.1,acd_no_context_polly_1_nov_23_2012,syntax,213,0.5891,0.838,0.703,0.9935
Yi-1.5-6B-Chat,Yi 1.5,6.1,acd_project_also_3_nov_24_2012_2,syntax,128,0.615,0.874,0.7036,0.9935
Yi-1.5-6B-Chat,Yi 1.5,6.1,acd_project_expt_23_also_nov_16_2012,syntax,600,0.5617,0.825,0.6809,0.9964
Yi-1.5-6B-Chat,Yi 1.5,6.1,acd_project_expt_24_same_diff_verbs_nov_16_2012,syntax,472,0.5025,0.89,0.5646,0.9963
Yi-1.5-6B-Chat,Yi 1.5,6.1,acd_project_expt_31_same_diff_verbs_nov_16_2012_1,syntax,176,0.4898,0.755,0.6488,0.9972
Yi-1.5-6B-Chat,Yi 1.5,6.1,acd_project_expt_42_also_verbs_nov_29_2012_1,syntax,176,0.4526,0.63,0.7184,0.9949
Yi-1.5-6B-Chat,Yi 1.5,6.1,acd_project_expt_44_the_same_nov_29_2012_1,syntax,140,0.4988,0.601,0.83,0.9952
Yi-1.5-6B-Chat,Yi 1.5,6.1,acd_project_expt_45_hkv_expt_2_plaus_nov_29_2012,syntax,360,0.4135,0.774,0.5342,0.9952
Yi-1.5-6B-Chat,Yi 1.5,6.1,acd_project_expt_46_also_in_hkv_2_nov_29_2012_1,syntax,448,0.3725,0.56,0.6651,0.9929
Yi-1.5-6B-Chat,Yi 1.5,6.1,active_passive_sentence_naturalness_survey_july_2012,syntax,132,0.6972,0.887,0.786,0.9936
Yi-1.5-6B-Chat,Yi 1.5,6.1,aixiu_coherence_en_update1,sentence_semantics,277,0.6205,0.882,0.7035,0.9232
Yi-1.5-6B-Chat,Yi 1.5,6.1,alex_paunov_literal_inferences_dec_3_2011,pragmatics,299,-0.2121,0.908,-0.2336,0.9352
Yi-1.5-6B-Chat,Yi 1.5,6.1,amouyal2024_plausibility,sentence_semantics,853,0.4761,0.915,0.5203,0.9858
Yi-1.5-6B-Chat,Yi 1.5,6.1,animacy_passive_dative_kyle,syntax,120,0.3748,0.926,0.4048,0.9926
Yi-1.5-6B-Chat,Yi 1.5,6.1,anne_abeille_acceptability_july_12_2017_1,syntax,296,0.3821,0.635,0.6017,0.9961
Yi-1.5-6B-Chat,Yi 1.5,6.1,base_acceptability_0908,syntax,73,0.1397,0.931,0.1501,0.9994
Yi-1.5-6B-Chat,Yi 1.5,6.1,brief_sentence_naturalness_survey_march_2011,sentence_semantics,64,0.8616,0.96,0.8975,0.9913
Yi-1.5-6B-Chat,Yi 1.5,6.1,can_noncan_acceptability_0924,syntax,88,0.6879,0.966,0.7121,0.9993
Yi-1.5-6B-Chat,Yi 1.5,6.1,can_noncan_acceptability_2,syntax,88,0.6743,0.962,0.701,0.9993
Yi-1.5-6B-Chat,Yi 1.5,6.1,chinese_dative,discourse,96,0.3467,0.715,0.485,0.9777
Yi-1.5-6B-Chat,Yi 1.5,6.1,class_demo,syntax,44,0.4338,0.927,0.4679,0.9992
Yi-1.5-6B-Chat,Yi 1.5,6.1,clefting_e3,syntax,48,0.311,0.877,0.3546,0.9985
Yi-1.5-6B-Chat,Yi 1.5,6.1,clefting_e4,syntax,48,0.4452,0.969,0.4594,0.998
Yi-1.5-6B-Chat,Yi 1.5,6.1,coherence_survey_list1_main,discourse,100,0.6453,0.95,0.6792,0.9622
Yi-1.5-6B-Chat,Yi 1.5,6.1,coherence_survey_list2_main,discourse,100,0.5008,0.948,0.5283,0.9625
Yi-1.5-6B-Chat,Yi 1.5,6.1,coherence_survey_list3_main,discourse,100,0.7155,0.942,0.7596,0.9569
Yi-1.5-6B-Chat,Yi 1.5,6.1,coherence_survey_list4_main,discourse,100,0.6271,0.95,0.6602,0.9605
Yi-1.5-6B-Chat,Yi 1.5,6.1,constituency_tests_2,syntax,48,0.5875,0.836,0.7028,0.9958
Yi-1.5-6B-Chat,Yi 1.5,6.1,constituency_tests,syntax,48,0.4813,0.654,0.7359,0.9983
Yi-1.5-6B-Chat,Yi 1.5,6.1,copy_cat_polly_june_2014,discourse,102,0.3305,0.865,0.382,0.9904
Yi-1.5-6B-Chat,Yi 1.5,6.1,copy_of_verb_causality_study_semantics_ratings_mk_april_2010,lexical_semantics,62,0.1612,0.83,0.1942,0.9906
Yi-1.5-6B-Chat,Yi 1.5,6.1,crossed_dependencies_long,syntax,201,0.321,0.899,0.3571,0.9997
Yi-1.5-6B-Chat,Yi 1.5,6.1,cul_jack_april_12_2012_54_short_texts_with_two_comprehension_questions,syntax,210,0.2378,0.896,0.2654,0.9952
Yi-1.5-6B-Chat,Yi 1.5,6.1,cul_jack_sentence_naturalness_survey_april_2010,syntax,220,0.7647,0.952,0.8032,0.9979
Yi-1.5-6B-Chat,Yi 1.5,6.1,dative_alternation_extension_version_2,syntax,229,0.448,0.456,0.9824,0.9993
Yi-1.5-6B-Chat,Yi 1.5,6.1,dative_finnish,discourse,96,-0.1096,0.689,-0.1591,0.0905
Yi-1.5-6B-Chat,Yi 1.5,6.1,dative_turkish,discourse,96,0.1693,0.734,0.2306,0.8753
Yi-1.5-6B-Chat,Yi 1.5,6.1,dentella2023_grammaticality,syntax,80,0.3709,0.981,0.378,0.8118
Yi-1.5-6B-Chat,Yi 1.5,6.1,depth_charge_survey,sentence_semantics,188,-0.1309,0.846,-0.1548,0.6695
Yi-1.5-6B-Chat,Yi 1.5,6.1,depth_charge_with_noise,sentence_semantics,188,0.1719,0.854,0.2013,0.6629
Yi-1.5-6B-Chat,Yi 1.5,6.1,discourse_30subjs_list1,discourse,100,0.6231,0.941,0.6622,0.9638
Yi-1.5-6B-Chat,Yi 1.5,6.1,discourse_30subjs_list2,discourse,100,0.5234,0.951,0.5503,0.9581
Yi-1.5-6B-Chat,Yi 1.5,6.1,discourse_30subjs_list3,discourse,100,0.7129,0.947,0.7528,0.9571
Yi-1.5-6B-Chat,Yi 1.5,6.1,discourse_30subjs_list4,discourse,100,0.6883,0.942,0.7307,0.959
Yi-1.5-6B-Chat,Yi 1.5,6.1,discourse_causality_list1,discourse,100,0.5883,0.935,0.6292,0.6346
Yi-1.5-6B-Chat,Yi 1.5,6.1,discourse_causality_list2,discourse,100,0.6753,0.952,0.7094,0.692
Yi-1.5-6B-Chat,Yi 1.5,6.1,discourse_causality_list3,discourse,100,0.6084,0.933,0.6521,0.6438
Yi-1.5-6B-Chat,Yi 1.5,6.1,discourse_causality_list4,discourse,100,0.6492,0.955,0.6798,0.6541
Yi-1.5-6B-Chat,Yi 1.5,6.1,discourse_changed_0428,discourse,48,0.3862,0.953,0.4052,0.955
Yi-1.5-6B-Chat,Yi 1.5,6.1,discourse_coherence_list1,discourse,100,0.4733,0.943,0.5019,0.994
Yi-1.5-6B-Chat,Yi 1.5,6.1,discourse_coherence_list2,discourse,100,0.4912,0.936,0.5248,0.9952
Yi-1.5-6B-Chat,Yi 1.5,6.1,discourse_coherence_list3,discourse,100,0.5788,0.95,0.6093,0.9936
Yi-1.5-6B-Chat,Yi 1.5,6.1,discourse_coherence_list4,discourse,100,0.4023,0.933,0.4312,0.9926
Yi-1.5-6B-Chat,Yi 1.5,6.1,discourse_imagability_pairs_list1,sentence_semantics,100,-0.0438,0.917,-0.0478,0.9803
Yi-1.5-6B-Chat,Yi 1.5,6.1,discourse_imagability_pairs_list2,sentence_semantics,100,-0.0326,0.946,-0.0345,0.9815
Yi-1.5-6B-Chat,Yi 1.5,6.1,discourse_imagability_singles_list1,sentence_semantics,100,0.2397,0.938,0.2556,0.9991
Yi-1.5-6B-Chat,Yi 1.5,6.1,discourse_imagability_singles_list2,sentence_semantics,100,0.2801,0.954,0.2936,0.9979
Yi-1.5-6B-Chat,Yi 1.5,6.1,discourse_imagability_singles_list3,sentence_semantics,100,0.1726,0.931,0.1854,0.999
Yi-1.5-6B-Chat,Yi 1.5,6.1,discourse_imagability_singles_list4,sentence_semantics,100,0.1881,0.948,0.1984,0.9986
Yi-1.5-6B-Chat,Yi 1.5,6.1,discourse_mentalizing_pairs_list1,sentence_semantics,100,0.4913,0.928,0.5294,0.9976
Yi-1.5-6B-Chat,Yi 1.5,6.1,discourse_mentalizing_pairs_list2,sentence_semantics,100,0.4595,0.931,0.4936,0.9974
Yi-1.5-6B-Chat,Yi 1.5,6.1,discourse_mentalizing_singles_list1,sentence_semantics,100,0.6039,0.935,0.6459,0.9993
Yi-1.5-6B-Chat,Yi 1.5,6.1,discourse_mentalizing_singles_list2,sentence_semantics,100,0.6107,0.925,0.6602,0.9989
Yi-1.5-6B-Chat,Yi 1.5,6.1,discourse_mentalizing_singles_list3,sentence_semantics,100,0.5386,0.909,0.5925,0.9991
Yi-1.5-6B-Chat,Yi 1.5,6.1,discourse_mentalizing_singles_list4,sentence_semantics,100,0.7036,0.952,0.7391,0.9989
Yi-1.5-6B-Chat,Yi 1.5,6.1,discourse_physics_pairs_list1,sentence_semantics,100,0.625,0.957,0.6531,0.99
Yi-1.5-6B-Chat,Yi 1.5,6.1,discourse_physics_pairs_list2,sentence_semantics,100,0.4379,0.951,0.4604,0.9912
Yi-1.5-6B-Chat,Yi 1.5,6.1,discourse_physics_singles_list1,sentence_semantics,100,0.7824,0.943,0.8297,0.9975
Yi-1.5-6B-Chat,Yi 1.5,6.1,discourse_physics_singles_list2,sentence_semantics,100,0.6534,0.952,0.6863,0.9944
Yi-1.5-6B-Chat,Yi 1.5,6.1,discourse_physics_singles_list3,sentence_semantics,100,0.678,0.941,0.7205,0.9975
Yi-1.5-6B-Chat,Yi 1.5,6.1,discourse_physics_singles_list4,sentence_semantics,100,0.7571,0.942,0.8037,0.9956
Yi-1.5-6B-Chat,Yi 1.5,6.1,discourse_scenes_pairs_list1,sentence_semantics,100,0.7258,0.944,0.7689,0.8952
Yi-1.5-6B-Chat,Yi 1.5,6.1,discourse_scenes_pairs_list2,sentence_semantics,100,0.7244,0.95,0.7626,0.8729
Yi-1.5-6B-Chat,Yi 1.5,6.1,discourse_scenes_singles_list1,sentence_semantics,100,0.8612,0.944,0.9123,0.9981
Yi-1.5-6B-Chat,Yi 1.5,6.1,discourse_scenes_singles_list2,sentence_semantics,100,0.8458,0.949,0.8913,0.9955
Yi-1.5-6B-Chat,Yi 1.5,6.1,discourse_scenes_singles_list3,sentence_semantics,100,0.8264,0.966,0.8555,0.9974
Yi-1.5-6B-Chat,Yi 1.5,6.1,discourse_scenes_singles_list4,sentence_semantics,100,0.7844,0.964,0.8137,0.9951
Yi-1.5-6B-Chat,Yi 1.5,6.1,diveica2023_socialness,lexical_semantics,1000,0.6168,0.883,0.6985,0.982
Yi-1.5-6B-Chat,Yi 1.5,6.1,ecog_sentences_imaginability_jan_8_2014,sentence_semantics,120,0.2831,0.833,0.3399,0.9677
Yi-1.5-6B-Chat,Yi 1.5,6.1,ecog_sentences_naturalness_jan_8_2014_2,sentence_semantics,120,0.1712,0.727,0.2355,0.9841
Yi-1.5-6B-Chat,Yi 1.5,6.1,edwards2024_spelling_to_pronunciation_transparency,subword,1000,0.4565,0.826,0.5527,0.9938
Yi-1.5-6B-Chat,Yi 1.5,6.1,erp_norming_error_detection_june_2013_4,syntax,323,-0.1388,0.841,-0.165,0.9834
Yi-1.5-6B-Chat,Yi 1.5,6.1,erp_sentence_naturalness_survey_june_2013_2,syntax,483,0.7693,0.922,0.8343,0.9911
Yi-1.5-6B-Chat,Yi 1.5,6.1,eunice_disfluency_2_nov_17_2011,syntax,190,0.5548,0.832,0.6668,0.9933
Yi-1.5-6B-Chat,Yi 1.5,6.1,eunice_disfluency_nov_15_2011,syntax,468,0.3967,0.807,0.4916,0.9926
Yi-1.5-6B-Chat,Yi 1.5,6.1,european_portuguese_rc,syntax,174,0.0435,0.84,0.0517,0.8385
Yi-1.5-6B-Chat,Yi 1.5,6.1,european_portuguese_wh,syntax,174,-0.1699,0.893,-0.1903,0.78
Yi-1.5-6B-Chat,Yi 1.5,6.1,extension,syntax,138,0.5745,0.872,0.6588,0.9095
Yi-1.5-6B-Chat,Yi 1.5,6.1,gabriel_rc,syntax,174,0.1143,0.818,0.1398,0.8278
Yi-1.5-6B-Chat,Yi 1.5,6.1,gabriel_wh,syntax,174,-0.042,0.902,-0.0466,0.8123
Yi-1.5-6B-Chat,Yi 1.5,6.1,giurgea2025_motivation,lexical_semantics,1000,0.3934,0.856,0.4595,0.9653
Yi-1.5-6B-Chat,Yi 1.5,6.1,huang_response_set1a,syntax,288,0.226,0.966,0.2339,0.9986
Yi-1.5-6B-Chat,Yi 1.5,6.1,huang_response_set1b,syntax,288,0.2196,0.964,0.2278,0.9986
Yi-1.5-6B-Chat,Yi 1.5,6.1,huang_response_set2a,syntax,288,0.3171,0.97,0.3269,0.9987
Yi-1.5-6B-Chat,Yi 1.5,6.1,huang_response_set2a_declaratives,syntax,288,-0.0177,0.97,-0.0182,0.9987
Yi-1.5-6B-Chat,Yi 1.5,6.1,huang_response_set2b,syntax,288,0.3067,0.97,0.3162,0.9988
Yi-1.5-6B-Chat,Yi 1.5,6.1,huang_response_set2b_declaratives,syntax,288,0.0161,0.974,0.0165,0.9985
Yi-1.5-6B-Chat,Yi 1.5,6.1,imperative_control_iad_gs_may_16_2011_purple_puppy,pragmatics,96,0.2599,0.86,0.3022,0.9988
Yi-1.5-6B-Chat,Yi 1.5,6.1,isac_sentence_naturalness_survey_feb_2011_64_items_survey_code_giant_c,syntax,256,0.5624,0.885,0.6355,0.9926
Yi-1.5-6B-Chat,Yi 1.5,6.1,islands_acceptability_expt_2_dec_2_2012,syntax,480,0.6898,0.874,0.7892,0.9953
Yi-1.5-6B-Chat,Yi 1.5,6.1,italian_dative_v2,discourse,192,0.1649,0.604,0.273,0.9717
Yi-1.5-6B-Chat,Yi 1.5,6.1,italian_locative_v7,discourse,192,0.2034,0.66,0.3082,0.9727
Yi-1.5-6B-Chat,Yi 1.5,6.1,lancaster2020_auditory,lexical_semantics,1000,0.1883,0.831,0.2266,0.9659
Yi-1.5-6B-Chat,Yi 1.5,6.1,lancaster2020_foot_leg,lexical_semantics,1000,0.2224,0.729,0.3051,0.9883
Yi-1.5-6B-Chat,Yi 1.5,6.1,lancaster2020_gustatory,lexical_semantics,1000,0.1571,0.545,0.2883,0.5679
Yi-1.5-6B-Chat,Yi 1.5,6.1,lancaster2020_hand_arm,lexical_semantics,1000,0.1287,0.783,0.1643,0.9862
Yi-1.5-6B-Chat,Yi 1.5,6.1,lancaster2020_haptic,lexical_semantics,1000,0.1517,0.808,0.1878,0.8796
Yi-1.5-6B-Chat,Yi 1.5,6.1,lancaster2020_head,lexical_semantics,1000,0.1767,0.57,0.31,0.9819
Yi-1.5-6B-Chat,Yi 1.5,6.1,lancaster2020_interoceptive,lexical_semantics,1000,0.3388,0.778,0.4355,0.759
Yi-1.5-6B-Chat,Yi 1.5,6.1,lancaster2020_mouth,lexical_semantics,1000,0.163,0.777,0.2098,0.9908
Yi-1.5-6B-Chat,Yi 1.5,6.1,lancaster2020_olfactory,lexical_semantics,1000,0.1584,0.622,0.2546,0.8595
Yi-1.5-6B-Chat,Yi 1.5,6.1,lancaster2020_torso,lexical_semantics,1000,0.0402,0.675,0.0596,0.9709
Yi-1.5-6B-Chat,Yi 1.5,6.1,lancaster2020_visual,lexical_semantics,1000,0.1231,0.767,0.1605,0.8878
Yi-1.5-6B-Chat,Yi 1.5,6.1,lauren_sentence_naturalness_survey_expt3_nov_17_2011,syntax,460,0.4561,0.633,0.7206,0.9928
Yi-1.5-6B-Chat,Yi 1.5,6.1,lauren_sentence_naturalness_survey_expt_2_nov_15_2011,syntax,252,0.5792,0.712,0.8135,0.9906
Yi-1.5-6B-Chat,Yi 1.5,6.1,lauren_sentence_naturalness_survey_oct_14_2011,syntax,360,0.5352,0.703,0.7613,0.9936
Yi-1.5-6B-Chat,Yi 1.5,6.1,lexical_frame_adjectives_likert_set1,syntax,384,0.4735,0.83,0.5705,0.9992
Yi-1.5-6B-Chat,Yi 1.5,6.1,lexical_frame_adjectives_likert_set2,syntax,384,0.4138,0.744,0.5562,0.9993
Yi-1.5-6B-Chat,Yi 1.5,6.1,lexical_frame_adjectives_likert_set3,syntax,384,0.4282,0.873,0.4905,0.9993
Yi-1.5-6B-Chat,Yi 1.5,6.1,locative_topicalization_survey,discourse,229,-0.0085,0.777,-0.011,0.9973
Yi-1.5-6B-Chat,Yi 1.5,6.1,massive_mem_arousal_mar_2013,lexical_semantics,1000,0.3205,0.883,0.3629,0.9902
Yi-1.5-6B-Chat,Yi 1.5,6.1,massive_mem_arousal_mar_2013_end_2,lexical_semantics,242,0.3396,0.85,0.3995,0.9939
Yi-1.5-6B-Chat,Yi 1.5,6.1,massive_mem_arousal_mar_2014,lexical_semantics,1000,0.3678,0.863,0.4261,0.9608
Yi-1.5-6B-Chat,Yi 1.5,6.1,massive_mem_arousal_mar_2014_end_1,lexical_semantics,242,0.4226,0.886,0.4769,0.959
Yi-1.5-6B-Chat,Yi 1.5,6.1,massive_mem_concreteness_mar_2013,lexical_semantics,1000,0.3977,0.956,0.416,0.9986
Yi-1.5-6B-Chat,Yi 1.5,6.1,massive_mem_concreteness_mar_2013_end_1,lexical_semantics,242,0.3422,0.959,0.3569,0.9985
Yi-1.5-6B-Chat,Yi 1.5,6.1,massive_mem_concreteness_mar_2014,lexical_semantics,1000,0.2291,0.952,0.2406,0.9973
Yi-1.5-6B-Chat,Yi 1.5,6.1,massive_mem_concreteness_mar_2014_end_1,lexical_semantics,242,0.2944,0.955,0.3083,0.9977
Yi-1.5-6B-Chat,Yi 1.5,6.1,massive_mem_imageability_mar_2013,lexical_semantics,1000,0.3335,0.961,0.3471,0.9216
Yi-1.5-6B-Chat,Yi 1.5,6.1,massive_mem_imageability_mar_2013_end_1,lexical_semantics,242,0.1429,0.963,0.1484,0.9659
Yi-1.5-6B-Chat,Yi 1.5,6.1,massive_mem_imageability_mar_2014,lexical_semantics,1000,0.2303,0.948,0.243,0.9557
Yi-1.5-6B-Chat,Yi 1.5,6.1,massive_mem_imageability_mar_2014_end_1,lexical_semantics,242,0.2139,0.964,0.2219,0.9551
Yi-1.5-6B-Chat,Yi 1.5,6.1,massive_mem_valence_mar_2013,lexical_semantics,1000,0.4419,0.948,0.4661,0.9846
Yi-1.5-6B-Chat,Yi 1.5,6.1,massive_mem_valence_mar_2013_end_1,lexical_semantics,242,0.5381,0.966,0.557,0.9867
Yi-1.5-6B-Chat,Yi 1.5,6.1,massive_mem_valence_mar_2014,lexical_semantics,1000,0.5058,0.961,0.5263,0.9719
Yi-1.5-6B-Chat,Yi 1.5,6.1,massive_mem_valence_mar_2014_end_1,lexical_semantics,242,0.4819,0.959,0.5025,0.9741
Yi-1.5-6B-Chat,Yi 1.5,6.1,melissa_short_naturalness_test,sentence_semantics,24,0.5358,0.968,0.5535,0.9998
Yi-1.5-6B-Chat,Yi 1.5,6.1,missing_vp_extension_0501_final,syntax,72,0.5055,0.741,0.6822,0.9889
Yi-1.5-6B-Chat,Yi 1.5,6.1,missing_vp_extension,syntax,80,0.3558,0.881,0.4038,0.9881
Yi-1.5-6B-Chat,Yi 1.5,6.1,missing_vp_rereplication,syntax,72,0.1115,0.707,0.1577,0.9841
Yi-1.5-6B-Chat,Yi 1.5,6.1,mk_grammaticality_study_7_20,syntax,1000,0.0357,0.876,0.0408,0.9757
Yi-1.5-6B-Chat,Yi 1.5,6.1,muraki2023_concreteness,lexical_semantics,1000,-0.071,0.829,-0.0857,0.9482
Yi-1.5-6B-Chat,Yi 1.5,6.1,noisy_channel_acceptability_1_sept_2013_1,syntax,496,0.7602,0.921,0.8254,0.995
Yi-1.5-6B-Chat,Yi 1.5,6.1,noisy_channel_acceptability_2_sept_2013,syntax,380,0.8088,0.965,0.8381,0.9918
Yi-1.5-6B-Chat,Yi 1.5,6.1,noisy_rc_norming_oct19,sentence_semantics,128,0.4201,0.838,0.5013,0.9978
Yi-1.5-6B-Chat,Yi 1.5,6.1,of_acceptability_2,syntax,88,0.657,0.951,0.6909,0.9991
Yi-1.5-6B-Chat,Yi 1.5,6.1,orange_camel_sentence_naturalness_survey_nov_2010,discourse,144,0.2849,0.861,0.3309,0.9981
Yi-1.5-6B-Chat,Yi 1.5,6.1,orc_lauren_sentence_naturalness_survey_july_2012,syntax,192,0.715,0.948,0.7543,0.9945
Yi-1.5-6B-Chat,Yi 1.5,6.1,p_p_sentence_naturalness_survey_aug_2010,syntax,252,0.3573,0.859,0.4159,0.9987
Yi-1.5-6B-Chat,Yi 1.5,6.1,p_p_sentence_naturalness_survey_dec_2009,syntax,324,0.3107,0.95,0.327,0.9976
Yi-1.5-6B-Chat,Yi 1.5,6.1,p_p_sentence_naturalness_survey_feb,syntax,614,0.1993,0.664,0.3001,0.9973
Yi-1.5-6B-Chat,Yi 1.5,6.1,p_p_sentence_naturalness_survey_june_2013_v3,syntax,242,0.3688,0.928,0.3975,0.9975
Yi-1.5-6B-Chat,Yi 1.5,6.1,paris_judgments_3_dec_2012,syntax,477,0.2294,0.845,0.2715,0.995
Yi-1.5-6B-Chat,Yi 1.5,6.1,pascal_1_dec_2012,syntax,544,-0.0431,0.066,-0.6534,0.8019
Yi-1.5-6B-Chat,Yi 1.5,6.1,presup_survey_1_acd_july_2012,pragmatics,240,0.5408,0.83,0.6516,0.9636
Yi-1.5-6B-Chat,Yi 1.5,6.1,presup_survey_2_acd_july_2012,pragmatics,240,0.2115,0.665,0.318,0.9385
Yi-1.5-6B-Chat,Yi 1.5,6.1,pronouns_following_verbs,pragmatics,44,-0.0805,0.706,-0.114,0.1798
Yi-1.5-6B-Chat,Yi 1.5,6.1,pronouns_following_verbs_an,pragmatics,44,-0.0807,0.663,-0.1217,0.1597
Yi-1.5-6B-Chat,Yi 1.5,6.1,pronouns_following_verbs_ce,pragmatics,44,0.0085,0.708,0.0121,0.3333
Yi-1.5-6B-Chat,Yi 1.5,6.1,pronouns_following_verbs_sm,pragmatics,44,0.0677,0.443,0.1528,0.4417
Yi-1.5-6B-Chat,Yi 1.5,6.1,pronouns_following_verbs_so,pragmatics,44,0.1561,0.509,0.3067,0.1522
Yi-1.5-6B-Chat,Yi 1.5,6.1,pronouns_following_verbs_ve,pragmatics,45,0.0259,0.567,0.0457,0.1836
Yi-1.5-6B-Chat,Yi 1.5,6.1,quant_syn_april_13_2012_90_sentences_with_a_question_and_a_rating_code,syntax,184,0.683,0.91,0.7506,0.9951
Yi-1.5-6B-Chat,Yi 1.5,6.1,quant_syn_april_14_2012_48_sentences_with_a_question_and_a_rating_code,syntax,168,0.539,0.96,0.5615,0.9949
Yi-1.5-6B-Chat,Yi 1.5,6.1,quant_syn_april_16_2012_36_sentences_with_a_question_and_a_rating_code,syntax,126,0.4733,0.965,0.4904,0.9954
Yi-1.5-6B-Chat,Yi 1.5,6.1,quantifier_naturalness_survey_june_4_2010,syntax,192,0.3045,0.639,0.4765,0.9984
Yi-1.5-6B-Chat,Yi 1.5,6.1,quantitative_syntax_survey,syntax,129,0.3094,0.852,0.3631,0.9973
Yi-1.5-6B-Chat,Yi 1.5,6.1,rating_english_sentences,syntax,240,0.5947,0.899,0.6615,0.9979
Yi-1.5-6B-Chat,Yi 1.5,6.1,reasoning_and_language_tasks_survey_code_talkative_pigeon,syntax,72,0.3644,0.941,0.3872,0.9979
Yi-1.5-6B-Chat,Yi 1.5,6.1,relative_clause_displacements_in_english_sentences,syntax,180,0.341,0.501,0.6807,0.9994
Yi-1.5-6B-Chat,Yi 1.5,6.1,relative_clause_displacements_in_english_sentences_with_fill,syntax,93,0.4004,0.846,0.4733,0.9994
Yi-1.5-6B-Chat,Yi 1.5,6.1,replication_study_9_59,discourse,185,0.3919,0.363,1.0795,0.9988
Yi-1.5-6B-Chat,Yi 1.5,6.1,richard_islands_acceptability_expt_1_april_25_2013_3,syntax,144,0.5629,0.819,0.6873,0.9907
Yi-1.5-6B-Chat,Yi 1.5,6.1,richard_islands_acceptability_expt_2_april_26_2013,syntax,228,0.8208,0.92,0.8921,0.9965
Yi-1.5-6B-Chat,Yi 1.5,6.1,richard_islands_acceptability_expt_4_april_26_2013_1,syntax,100,0.8272,0.931,0.8885,0.9968
Yi-1.5-6B-Chat,Yi 1.5,6.1,richard_islands_acceptability_expt_5_april_27_2013_1,syntax,132,0.3448,0.619,0.5571,0.9874
Yi-1.5-6B-Chat,Yi 1.5,6.1,richard_islands_acceptability_expt_6_april_28_2013_while_whq_decl,syntax,100,0.8348,0.965,0.8651,0.9955
Yi-1.5-6B-Chat,Yi 1.5,6.1,russian_freezing,syntax,180,-0.0314,0.898,-0.035,0.9116
Yi-1.5-6B-Chat,Yi 1.5,6.1,semantics1_finalproject,sentence_semantics,96,0.7532,0.972,0.7749,0.9949
Yi-1.5-6B-Chat,Yi 1.5,6.1,semantics2_finalproject,sentence_semantics,96,0.7868,0.986,0.7979,0.9969
Yi-1.5-6B-Chat,Yi 1.5,6.1,semantics3_final_project,pragmatics,96,0.3369,0.974,0.3459,0.9917
Yi-1.5-6B-Chat,Yi 1.5,6.1,sentence_completions_and_islands_acceptability_expt_1_nov_13_2012,syntax,112,0.6727,0.969,0.6942,0.9935
Yi-1.5-6B-Chat,Yi 1.5,6.1,sentence_naturalness_isac_survey_feb_2011,syntax,304,0.6504,0.836,0.778,0.9943
Yi-1.5-6B-Chat,Yi 1.5,6.1,sentence_naturalness_survey_acd_ratings_hackl_expt_7_oct_25_2012_1,syntax,176,0.5566,0.886,0.6282,0.9894
Yi-1.5-6B-Chat,Yi 1.5,6.1,sentence_naturalness_survey_acd_ratings_hackl_replic_expt_1_july_14_20,syntax,480,0.6032,0.864,0.6981,0.9923
Yi-1.5-6B-Chat,Yi 1.5,6.1,sentence_naturalness_survey_acd_ratings_v4_july_13_2012,syntax,176,0.527,0.748,0.7046,0.9911
Yi-1.5-6B-Chat,Yi 1.5,6.1,sentence_naturalness_survey_acd_v1_jan_2012,discourse,128,0.0084,0.299,0.028,0.9992
Yi-1.5-6B-Chat,Yi 1.5,6.1,sentence_naturalness_survey_acd_v6_oct_25_2012,discourse,128,-0.07,0.602,-0.1163,0.9992
Yi-1.5-6B-Chat,Yi 1.5,6.1,sentence_naturalness_survey_denise_jan_12_2011_survey_code_pig_the_pig,syntax,200,0.7503,0.986,0.761,0.9927
Yi-1.5-6B-Chat,Yi 1.5,6.1,sentence_naturalness_survey_denise_sept_8_2010_survey_code_pig_the_pig,syntax,224,0.6623,0.972,0.6814,0.9923
Yi-1.5-6B-Chat,Yi 1.5,6.1,sentence_naturalness_survey_feb_16_1_2012_60_items_code_shy_armadillo,syntax,120,0.0027,0.912,0.0029,0.9938
Yi-1.5-6B-Chat,Yi 1.5,6.1,sentence_naturalness_survey_for_gs_dec_2009,pragmatics,122,0.4774,0.882,0.5412,0.9982
Yi-1.5-6B-Chat,Yi 1.5,6.1,sentence_naturalness_survey_for_gs_jan_2010,pragmatics,133,0.4931,0.906,0.5443,0.9984
Yi-1.5-6B-Chat,Yi 1.5,6.1,sentence_naturalness_survey_for_gs_jan_23_2010,pragmatics,216,0.5904,0.942,0.6267,0.998
Yi-1.5-6B-Chat,Yi 1.5,6.1,sentence_naturalness_survey_for_gs_may_11_2011_purple_puppy,pragmatics,72,0.4445,0.873,0.5091,0.9989
Yi-1.5-6B-Chat,Yi 1.5,6.1,sentence_naturalness_survey_for_jk_april_4_2010,discourse,96,0.2192,0.886,0.2474,0.9996
Yi-1.5-6B-Chat,Yi 1.5,6.1,sentence_naturalness_survey_for_jk_april_4_expt_3_2010,discourse,96,0.3994,0.83,0.4812,0.9995
Yi-1.5-6B-Chat,Yi 1.5,6.1,sentence_naturalness_survey_for_jk_april_9_expt_4_2010,discourse,96,0.3296,0.831,0.3966,0.9995
Yi-1.5-6B-Chat,Yi 1.5,6.1,sentence_naturalness_survey_for_jk_june_24_2010_v2,discourse,176,0.1182,0.787,0.1502,0.9996
Yi-1.5-6B-Chat,Yi 1.5,6.1,sentence_naturalness_survey_for_jk_mar_2010,discourse,96,0.1922,0.88,0.2185,0.9997
Yi-1.5-6B-Chat,Yi 1.5,6.1,sentence_naturalness_survey_for_jkm_dec_2009,discourse,128,-0.0613,0.18,-0.3406,0.9983
Yi-1.5-6B-Chat,Yi 1.5,6.1,sentence_naturalness_survey_for_jkm_jan_2012,discourse,128,-0.0484,0.266,-0.1821,0.9991
Yi-1.5-6B-Chat,Yi 1.5,6.1,sentence_naturalness_survey_for_lb_dec_2009,discourse,108,0.3589,0.832,0.4314,0.9989
Yi-1.5-6B-Chat,Yi 1.5,6.1,sentence_naturalness_survey_for_lb_feb_20_2010_v2,discourse,79,0.5461,0.951,0.5743,0.9986
Yi-1.5-6B-Chat,Yi 1.5,6.1,sentence_naturalness_survey_for_lb_jan_2011,discourse,519,0.3302,0.886,0.3726,0.9993
Yi-1.5-6B-Chat,Yi 1.5,6.1,sentence_naturalness_survey_for_lb_jan_2011_v2,discourse,519,0.2352,0.689,0.3413,0.995
Yi-1.5-6B-Chat,Yi 1.5,6.1,sentence_naturalness_survey_for_lb_jan_2011_v3,discourse,519,0.3341,0.886,0.3771,0.9992
Yi-1.5-6B-Chat,Yi 1.5,6.1,sentence_naturalness_survey_for_lb_mar_2010_2,discourse,241,0.309,0.935,0.3305,0.9991
Yi-1.5-6B-Chat,Yi 1.5,6.1,sentence_naturalness_survey_for_lb_mar_2010,discourse,123,0.3244,0.951,0.3411,0.999
Yi-1.5-6B-Chat,Yi 1.5,6.1,sentence_naturalness_survey_for_lb_may_2010,discourse,148,0.2645,0.953,0.2776,0.9991
Yi-1.5-6B-Chat,Yi 1.5,6.1,sentence_naturalness_survey_for_lb_prelim_oct_2010,discourse,402,0.2636,0.882,0.2989,0.9991
Yi-1.5-6B-Chat,Yi 1.5,6.1,sentence_naturalness_survey_for_rw_dec_2009,discourse,180,0.3277,0.825,0.3972,0.9993
Yi-1.5-6B-Chat,Yi 1.5,6.1,sentence_naturalness_survey_for_rw_jan_2010,discourse,480,0.325,0.872,0.3726,0.9992
Yi-1.5-6B-Chat,Yi 1.5,6.1,sentence_naturalness_survey_laura_mar_17_2012_92_items_code_lazy_cater,sentence_semantics,368,0.6103,0.883,0.6912,0.9921
Yi-1.5-6B-Chat,Yi 1.5,6.1,sentence_naturalness_survey_laura_mar_17_2012_96_items_code_lazy_cater,sentence_semantics,384,0.5729,0.883,0.6488,0.9897
Yi-1.5-6B-Chat,Yi 1.5,6.1,sentence_naturalness_survey_may_4_2011_36_items_code_anxious_bat,syntax,84,0.4851,0.757,0.6408,0.9964
Yi-1.5-6B-Chat,Yi 1.5,6.1,sentence_naturalness_survey_nat_aug_28_2010_survey_code_downtown,syntax,270,0.4284,0.956,0.4481,0.9764
Yi-1.5-6B-Chat,Yi 1.5,6.1,short_acceptability_feb_6_2014,syntax,128,0.4613,0.907,0.5086,0.9979
Yi-1.5-6B-Chat,Yi 1.5,6.1,susan_canonicity_rerunning_2,syntax,52,0.6461,0.95,0.6801,0.9985
Yi-1.5-6B-Chat,Yi 1.5,6.1,topicalization_e1,syntax,77,0.6643,0.942,0.7052,0.9991
Yi-1.5-6B-Chat,Yi 1.5,6.1,verb_causality_study_semantics_ratings_mk_april_2010,lexical_semantics,188,0.007,0.972,0.0072,0.9872
Yi-1.5-6B-Chat,Yi 1.5,6.1,verb_causality_study_syntax_ratings_mk_april_2010,syntax,653,0.2455,0.633,0.3878,0.9846
Yi-1.5-6B-Chat,Yi 1.5,6.1,wm2_wm5_9_59_sentence_naturalness_survey_april_2011,syntax,219,0.7111,0.839,0.8475,0.991
Yi-1.5-6B-Chat,Yi 1.5,6.1,word3_b_word_naturalness_survey_may_4_2011_160_items_code_sleepy_bear,subword,158,0.1032,0.937,0.1101,0.9739
Yi-1.5-6B-Chat,Yi 1.5,6.1,word3_word_naturalness_survey_may_1_2011_45_items_code_nosy_badger,subword,45,-0.28,0.948,-0.2954,0.9812
Yi-1.5-9B-Chat,Yi 1.5,8.8,50_sentences_noisy_channel_may_25_2011,pragmatics,208,-0.1422,0.555,-0.2563,0.9704
Yi-1.5-9B-Chat,Yi 1.5,8.8,50_sentences_with_2_comp_qs_plus_rating_mar_11_2011,sentence_semantics,208,0.3366,0.588,0.5725,0.9872
Yi-1.5-9B-Chat,Yi 1.5,8.8,acceptability_extension_959_v5,syntax,566,0.7863,0.797,0.9865,0.8972
Yi-1.5-9B-Chat,Yi 1.5,8.8,acceptability_judgments_kang,syntax,136,0.5583,0.974,0.5732,0.9957
Yi-1.5-9B-Chat,Yi 1.5,8.8,acceptability_replication_959,syntax,288,0.9038,0.964,0.9375,0.9707
Yi-1.5-9B-Chat,Yi 1.5,8.8,acd_context_polly_1_nov_23_2012,discourse,310,0.0803,0.462,0.1738,0.9946
Yi-1.5-9B-Chat,Yi 1.5,8.8,acd_no_context_polly_1_nov_23_2012,syntax,213,0.5489,0.838,0.6551,0.9916
Yi-1.5-9B-Chat,Yi 1.5,8.8,acd_project_also_3_nov_24_2012_2,syntax,128,0.5118,0.874,0.5856,0.9957
Yi-1.5-9B-Chat,Yi 1.5,8.8,acd_project_expt_23_also_nov_16_2012,syntax,600,0.5893,0.825,0.7143,0.9966
Yi-1.5-9B-Chat,Yi 1.5,8.8,acd_project_expt_24_same_diff_verbs_nov_16_2012,syntax,472,0.5575,0.89,0.6264,0.9961
Yi-1.5-9B-Chat,Yi 1.5,8.8,acd_project_expt_31_same_diff_verbs_nov_16_2012_1,syntax,176,0.5307,0.755,0.7029,0.9961
Yi-1.5-9B-Chat,Yi 1.5,8.8,acd_project_expt_42_also_verbs_nov_29_2012_1,syntax,176,0.3328,0.63,0.5283,0.9955
Yi-1.5-9B-Chat,Yi 1.5,8.8,acd_project_expt_44_the_same_nov_29_2012_1,syntax,140,0.4852,0.601,0.8073,0.9927
Yi-1.5-9B-Chat,Yi 1.5,8.8,acd_project_expt_45_hkv_expt_2_plaus_nov_29_2012,syntax,360,0.4486,0.774,0.5796,0.9945
Yi-1.5-9B-Chat,Yi 1.5,8.8,acd_project_expt_46_also_in_hkv_2_nov_29_2012_1,syntax,448,0.2952,0.56,0.5272,0.995
Yi-1.5-9B-Chat,Yi 1.5,8.8,active_passive_sentence_naturalness_survey_july_2012,syntax,132,0.5924,0.887,0.6679,0.9946
Yi-1.5-9B-Chat,Yi 1.5,8.8,aixiu_coherence_en_update1,sentence_semantics,277,0.8235,0.882,0.9337,0.9767
Yi-1.5-9B-Chat,Yi 1.5,8.8,alex_paunov_literal_inferences_dec_3_2011,pragmatics,299,0.5433,0.908,0.5983,0.9814
Yi-1.5-9B-Chat,Yi 1.5,8.8,amouyal2024_plausibility,sentence_semantics,853,0.5946,0.915,0.6498,0.9962
Yi-1.5-9B-Chat,Yi 1.5,8.8,animacy_passive_dative_kyle,syntax,120,0.5052,0.926,0.5456,0.9895
Yi-1.5-9B-Chat,Yi 1.5,8.8,anne_abeille_acceptability_july_12_2017_1,syntax,296,0.5248,0.635,0.8265,0.9933
Yi-1.5-9B-Chat,Yi 1.5,8.8,base_acceptability_0908,syntax,73,0.2004,0.931,0.2152,0.9962
Yi-1.5-9B-Chat,Yi 1.5,8.8,brief_sentence_naturalness_survey_march_2011,sentence_semantics,64,0.8035,0.96,0.8369,0.9962
Yi-1.5-9B-Chat,Yi 1.5,8.8,can_noncan_acceptability_0924,syntax,88,0.6697,0.966,0.6933,0.9942
Yi-1.5-9B-Chat,Yi 1.5,8.8,can_noncan_acceptability_2,syntax,88,0.7689,0.962,0.7993,0.9938
Yi-1.5-9B-Chat,Yi 1.5,8.8,chinese_dative,discourse,96,0.5406,0.715,0.7562,0.9875
Yi-1.5-9B-Chat,Yi 1.5,8.8,class_demo,syntax,44,0.6244,0.927,0.6736,0.9921
Yi-1.5-9B-Chat,Yi 1.5,8.8,clefting_e3,syntax,48,0.0775,0.877,0.0884,0.9848
Yi-1.5-9B-Chat,Yi 1.5,8.8,clefting_e4,syntax,48,0.4356,0.969,0.4496,0.9806
Yi-1.5-9B-Chat,Yi 1.5,8.8,coherence_survey_list1_main,discourse,100,0.8563,0.95,0.9013,0.9667
Yi-1.5-9B-Chat,Yi 1.5,8.8,coherence_survey_list2_main,discourse,100,0.8406,0.948,0.8867,0.968
Yi-1.5-9B-Chat,Yi 1.5,8.8,coherence_survey_list3_main,discourse,100,0.849,0.942,0.9012,0.9621
Yi-1.5-9B-Chat,Yi 1.5,8.8,coherence_survey_list4_main,discourse,100,0.7743,0.95,0.8151,0.9568
Yi-1.5-9B-Chat,Yi 1.5,8.8,constituency_tests_2,syntax,48,0.5757,0.836,0.6887,0.9833
Yi-1.5-9B-Chat,Yi 1.5,8.8,constituency_tests,syntax,48,0.3787,0.654,0.5791,0.9859
Yi-1.5-9B-Chat,Yi 1.5,8.8,copy_cat_polly_june_2014,discourse,102,0.4068,0.865,0.4703,0.9936
Yi-1.5-9B-Chat,Yi 1.5,8.8,copy_of_verb_causality_study_semantics_ratings_mk_april_2010,lexical_semantics,62,0.4673,0.83,0.563,0.9658
Yi-1.5-9B-Chat,Yi 1.5,8.8,crossed_dependencies_long,syntax,201,0.6148,0.899,0.6838,0.9828
Yi-1.5-9B-Chat,Yi 1.5,8.8,cul_jack_april_12_2012_54_short_texts_with_two_comprehension_questions,syntax,210,0.561,0.896,0.6262,0.9884
Yi-1.5-9B-Chat,Yi 1.5,8.8,cul_jack_sentence_naturalness_survey_april_2010,syntax,220,0.8123,0.952,0.8532,0.9947
Yi-1.5-9B-Chat,Yi 1.5,8.8,dative_alternation_extension_version_2,syntax,229,0.4294,0.456,0.9417,0.9963
Yi-1.5-9B-Chat,Yi 1.5,8.8,dative_finnish,discourse,96,0.1892,0.689,0.2746,0.1655
Yi-1.5-9B-Chat,Yi 1.5,8.8,dative_turkish,discourse,96,0.1325,0.734,0.1806,0.8353
Yi-1.5-9B-Chat,Yi 1.5,8.8,dentella2023_grammaticality,syntax,80,0.5197,0.981,0.5297,0.9158
Yi-1.5-9B-Chat,Yi 1.5,8.8,depth_charge_survey,sentence_semantics,188,0.3745,0.846,0.4427,0.9078
Yi-1.5-9B-Chat,Yi 1.5,8.8,depth_charge_with_noise,sentence_semantics,188,0.5567,0.854,0.6519,0.9091
Yi-1.5-9B-Chat,Yi 1.5,8.8,discourse_30subjs_list1,discourse,100,0.8247,0.941,0.8764,0.9683
Yi-1.5-9B-Chat,Yi 1.5,8.8,discourse_30subjs_list2,discourse,100,0.8366,0.951,0.8797,0.968
Yi-1.5-9B-Chat,Yi 1.5,8.8,discourse_30subjs_list3,discourse,100,0.8642,0.947,0.9126,0.9632
Yi-1.5-9B-Chat,Yi 1.5,8.8,discourse_30subjs_list4,discourse,100,0.7777,0.942,0.8256,0.959
Yi-1.5-9B-Chat,Yi 1.5,8.8,discourse_causality_list1,discourse,100,0.8338,0.935,0.8918,0.6659
Yi-1.5-9B-Chat,Yi 1.5,8.8,discourse_causality_list2,discourse,100,0.7983,0.952,0.8386,0.6698
Yi-1.5-9B-Chat,Yi 1.5,8.8,discourse_causality_list3,discourse,100,0.7703,0.933,0.8257,0.677
Yi-1.5-9B-Chat,Yi 1.5,8.8,discourse_causality_list4,discourse,100,0.7228,0.955,0.7569,0.6629
Yi-1.5-9B-Chat,Yi 1.5,8.8,discourse_changed_0428,discourse,48,0.8137,0.953,0.8539,0.9653
Yi-1.5-9B-Chat,Yi 1.5,8.8,discourse_coherence_list1,discourse,100,0.7584,0.943,0.8043,0.804
Yi-1.5-9B-Chat,Yi 1.5,8.8,discourse_coherence_list2,discourse,100,0.7257,0.936,0.7753,0.8185
Yi-1.5-9B-Chat,Yi 1.5,8.8,discourse_coherence_list3,discourse,100,0.757,0.95,0.7968,0.8111
Yi-1.5-9B-Chat,Yi 1.5,8.8,discourse_coherence_list4,discourse,100,0.744,0.933,0.7975,0.794
Yi-1.5-9B-Chat,Yi 1.5,8.8,discourse_imagability_pairs_list1,sentence_semantics,100,0.288,0.917,0.3141,0.9634
Yi-1.5-9B-Chat,Yi 1.5,8.8,discourse_imagability_pairs_list2,sentence_semantics,100,0.4369,0.946,0.4618,0.9665
Yi-1.5-9B-Chat,Yi 1.5,8.8,discourse_imagability_singles_list1,sentence_semantics,100,0.7038,0.938,0.7503,0.985
Yi-1.5-9B-Chat,Yi 1.5,8.8,discourse_imagability_singles_list2,sentence_semantics,100,0.7818,0.954,0.8195,0.9834
Yi-1.5-9B-Chat,Yi 1.5,8.8,discourse_imagability_singles_list3,sentence_semantics,100,0.7968,0.931,0.8559,0.9821
Yi-1.5-9B-Chat,Yi 1.5,8.8,discourse_imagability_singles_list4,sentence_semantics,100,0.7613,0.948,0.803,0.9848
Yi-1.5-9B-Chat,Yi 1.5,8.8,discourse_mentalizing_pairs_list1,sentence_semantics,100,0.7553,0.928,0.8138,0.9577
Yi-1.5-9B-Chat,Yi 1.5,8.8,discourse_mentalizing_pairs_list2,sentence_semantics,100,0.7069,0.931,0.7593,0.9498
Yi-1.5-9B-Chat,Yi 1.5,8.8,discourse_mentalizing_singles_list1,sentence_semantics,100,0.6167,0.935,0.6596,0.9352
Yi-1.5-9B-Chat,Yi 1.5,8.8,discourse_mentalizing_singles_list2,sentence_semantics,100,0.7475,0.925,0.8081,0.9214
Yi-1.5-9B-Chat,Yi 1.5,8.8,discourse_mentalizing_singles_list3,sentence_semantics,100,0.6205,0.909,0.6826,0.9333
Yi-1.5-9B-Chat,Yi 1.5,8.8,discourse_mentalizing_singles_list4,sentence_semantics,100,0.7822,0.952,0.8216,0.9349
Yi-1.5-9B-Chat,Yi 1.5,8.8,discourse_physics_pairs_list1,sentence_semantics,100,0.7362,0.957,0.7693,0.9756
Yi-1.5-9B-Chat,Yi 1.5,8.8,discourse_physics_pairs_list2,sentence_semantics,100,0.7503,0.951,0.789,0.9752
Yi-1.5-9B-Chat,Yi 1.5,8.8,discourse_physics_singles_list1,sentence_semantics,100,0.7684,0.943,0.8148,0.9715
Yi-1.5-9B-Chat,Yi 1.5,8.8,discourse_physics_singles_list2,sentence_semantics,100,0.7247,0.952,0.7612,0.9694
Yi-1.5-9B-Chat,Yi 1.5,8.8,discourse_physics_singles_list3,sentence_semantics,100,0.8076,0.941,0.8582,0.9729
Yi-1.5-9B-Chat,Yi 1.5,8.8,discourse_physics_singles_list4,sentence_semantics,100,0.8319,0.942,0.8831,0.9729
Yi-1.5-9B-Chat,Yi 1.5,8.8,discourse_scenes_pairs_list1,sentence_semantics,100,0.7279,0.944,0.771,0.9727
Yi-1.5-9B-Chat,Yi 1.5,8.8,discourse_scenes_pairs_list2,sentence_semantics,100,0.8086,0.95,0.8512,0.9754
Yi-1.5-9B-Chat,Yi 1.5,8.8,discourse_scenes_singles_list1,sentence_semantics,100,0.8461,0.944,0.8963,0.9645
Yi-1.5-9B-Chat,Yi 1.5,8.8,discourse_scenes_singles_list2,sentence_semantics,100,0.7565,0.949,0.7972,0.9604
Yi-1.5-9B-Chat,Yi 1.5,8.8,discourse_scenes_singles_list3,sentence_semantics,100,0.8086,0.966,0.8371,0.9601
Yi-1.5-9B-Chat,Yi 1.5,8.8,discourse_scenes_singles_list4,sentence_semantics,100,0.7897,0.964,0.8192,0.9612
Yi-1.5-9B-Chat,Yi 1.5,8.8,diveica2023_socialness,lexical_semantics,1000,0.6762,0.883,0.7658,0.5168
Yi-1.5-9B-Chat,Yi 1.5,8.8,ecog_sentences_imaginability_jan_8_2014,sentence_semantics,120,0.3107,0.833,0.373,0.9992
Yi-1.5-9B-Chat,Yi 1.5,8.8,ecog_sentences_naturalness_jan_8_2014_2,sentence_semantics,120,0.4973,0.727,0.6841,0.9919
Yi-1.5-9B-Chat,Yi 1.5,8.8,edwards2024_spelling_to_pronunciation_transparency,subword,1000,0.5639,0.826,0.6827,0.9217
Yi-1.5-9B-Chat,Yi 1.5,8.8,erp_norming_error_detection_june_2013_4,syntax,323,-0.1085,0.841,-0.129,0.9916
Yi-1.5-9B-Chat,Yi 1.5,8.8,erp_sentence_naturalness_survey_june_2013_2,syntax,483,0.8298,0.922,0.9,0.9959
Yi-1.5-9B-Chat,Yi 1.5,8.8,eunice_disfluency_2_nov_17_2011,syntax,190,0.5511,0.832,0.6624,0.9962
Yi-1.5-9B-Chat,Yi 1.5,8.8,eunice_disfluency_nov_15_2011,syntax,468,0.3986,0.807,0.494,0.9961
Yi-1.5-9B-Chat,Yi 1.5,8.8,european_portuguese_rc,syntax,174,0.4729,0.84,0.563,0.9542
Yi-1.5-9B-Chat,Yi 1.5,8.8,european_portuguese_wh,syntax,174,0.1244,0.893,0.1394,0.9669
Yi-1.5-9B-Chat,Yi 1.5,8.8,extension,syntax,138,0.7521,0.872,0.8624,0.9733
Yi-1.5-9B-Chat,Yi 1.5,8.8,gabriel_rc,syntax,174,0.4729,0.818,0.5781,0.9542
Yi-1.5-9B-Chat,Yi 1.5,8.8,gabriel_wh,syntax,174,-0.0354,0.902,-0.0393,0.9686
Yi-1.5-9B-Chat,Yi 1.5,8.8,giurgea2025_motivation,lexical_semantics,1000,0.0911,0.856,0.1065,0.732
Yi-1.5-9B-Chat,Yi 1.5,8.8,huang_response_set1a,syntax,288,0.4019,0.966,0.4161,0.959
Yi-1.5-9B-Chat,Yi 1.5,8.8,huang_response_set1b,syntax,288,0.472,0.964,0.4896,0.9563
Yi-1.5-9B-Chat,Yi 1.5,8.8,huang_response_set2a,syntax,288,0.7181,0.97,0.7403,0.9595
Yi-1.5-9B-Chat,Yi 1.5,8.8,huang_response_set2a_declaratives,syntax,288,0.5475,0.97,0.5644,0.972
Yi-1.5-9B-Chat,Yi 1.5,8.8,huang_response_set2b,syntax,288,0.6982,0.97,0.7198,0.9557
Yi-1.5-9B-Chat,Yi 1.5,8.8,huang_response_set2b_declaratives,syntax,288,0.6388,0.974,0.6558,0.9732
Yi-1.5-9B-Chat,Yi 1.5,8.8,imperative_control_iad_gs_may_16_2011_purple_puppy,pragmatics,96,0.4645,0.86,0.5401,0.9942
Yi-1.5-9B-Chat,Yi 1.5,8.8,isac_sentence_naturalness_survey_feb_2011_64_items_survey_code_giant_c,syntax,256,0.6992,0.885,0.7901,0.9912
Yi-1.5-9B-Chat,Yi 1.5,8.8,islands_acceptability_expt_2_dec_2_2012,syntax,480,0.6696,0.874,0.7662,0.9946
Yi-1.5-9B-Chat,Yi 1.5,8.8,italian_dative_v2,discourse,192,0.1433,0.604,0.2372,0.6317
Yi-1.5-9B-Chat,Yi 1.5,8.8,italian_locative_v7,discourse,192,0.1096,0.66,0.166,0.7233
Yi-1.5-9B-Chat,Yi 1.5,8.8,lancaster2020_auditory,lexical_semantics,1000,0.1427,0.831,0.1717,0.8487
Yi-1.5-9B-Chat,Yi 1.5,8.8,lancaster2020_foot_leg,lexical_semantics,1000,0.1866,0.729,0.256,0.7418
Yi-1.5-9B-Chat,Yi 1.5,8.8,lancaster2020_gustatory,lexical_semantics,1000,0.2715,0.545,0.4982,0.9422
Yi-1.5-9B-Chat,Yi 1.5,8.8,lancaster2020_hand_arm,lexical_semantics,1000,0.1154,0.783,0.1474,0.8848
Yi-1.5-9B-Chat,Yi 1.5,8.8,lancaster2020_haptic,lexical_semantics,1000,0.2009,0.808,0.2487,0.6323
Yi-1.5-9B-Chat,Yi 1.5,8.8,lancaster2020_head,lexical_semantics,1000,0.204,0.57,0.358,0.7824
Yi-1.5-9B-Chat,Yi 1.5,8.8,lancaster2020_interoceptive,lexical_semantics,1000,0.2713,0.778,0.3487,0.7771
Yi-1.5-9B-Chat,Yi 1.5,8.8,lancaster2020_mouth,lexical_semantics,1000,0.2798,0.777,0.3601,0.8061
Yi-1.5-9B-Chat,Yi 1.5,8.8,lancaster2020_olfactory,lexical_semantics,1000,0.2299,0.622,0.3696,0.6803
Yi-1.5-9B-Chat,Yi 1.5,8.8,lancaster2020_torso,lexical_semantics,1000,0.1256,0.675,0.1861,0.7126
Yi-1.5-9B-Chat,Yi 1.5,8.8,lancaster2020_visual,lexical_semantics,1000,0.1955,0.767,0.2549,0.7528
Yi-1.5-9B-Chat,Yi 1.5,8.8,lauren_sentence_naturalness_survey_expt3_nov_17_2011,syntax,460,0.512,0.633,0.8089,0.9953
Yi-1.5-9B-Chat,Yi 1.5,8.8,lauren_sentence_naturalness_survey_expt_2_nov_15_2011,syntax,252,0.4757,0.712,0.6681,0.9951
Yi-1.5-9B-Chat,Yi 1.5,8.8,lauren_sentence_naturalness_survey_oct_14_2011,syntax,360,0.4952,0.703,0.7043,0.995
Yi-1.5-9B-Chat,Yi 1.5,8.8,lexical_frame_adjectives_likert_set1,syntax,384,0.5639,0.83,0.6794,0.9943
Yi-1.5-9B-Chat,Yi 1.5,8.8,lexical_frame_adjectives_likert_set2,syntax,384,0.5711,0.744,0.7676,0.9937
Yi-1.5-9B-Chat,Yi 1.5,8.8,lexical_frame_adjectives_likert_set3,syntax,384,0.5769,0.873,0.6609,0.9939
Yi-1.5-9B-Chat,Yi 1.5,8.8,locative_topicalization_survey,discourse,229,0.2939,0.777,0.3783,0.9514
Yi-1.5-9B-Chat,Yi 1.5,8.8,massive_mem_arousal_mar_2013,lexical_semantics,1000,0.5306,0.883,0.6009,0.9949
Yi-1.5-9B-Chat,Yi 1.5,8.8,massive_mem_arousal_mar_2013_end_2,lexical_semantics,242,0.5849,0.85,0.6881,0.9936
Yi-1.5-9B-Chat,Yi 1.5,8.8,massive_mem_arousal_mar_2014,lexical_semantics,1000,0.6244,0.863,0.7235,0.9973
Yi-1.5-9B-Chat,Yi 1.5,8.8,massive_mem_arousal_mar_2014_end_1,lexical_semantics,242,0.7143,0.886,0.8062,0.9973
Yi-1.5-9B-Chat,Yi 1.5,8.8,massive_mem_concreteness_mar_2013,lexical_semantics,1000,0.4762,0.956,0.4982,0.9675
Yi-1.5-9B-Chat,Yi 1.5,8.8,massive_mem_concreteness_mar_2013_end_1,lexical_semantics,242,0.7859,0.959,0.8195,0.9607
Yi-1.5-9B-Chat,Yi 1.5,8.8,massive_mem_concreteness_mar_2014,lexical_semantics,1000,0.6567,0.952,0.6899,0.9637
Yi-1.5-9B-Chat,Yi 1.5,8.8,massive_mem_concreteness_mar_2014_end_1,lexical_semantics,242,0.6683,0.955,0.6998,0.9635
Yi-1.5-9B-Chat,Yi 1.5,8.8,massive_mem_imageability_mar_2013,lexical_semantics,1000,0.5506,0.961,0.573,0.9944
Yi-1.5-9B-Chat,Yi 1.5,8.8,massive_mem_imageability_mar_2013_end_1,lexical_semantics,242,0.6163,0.963,0.64,0.9927
Yi-1.5-9B-Chat,Yi 1.5,8.8,massive_mem_imageability_mar_2014,lexical_semantics,1000,0.441,0.948,0.4652,0.9935
Yi-1.5-9B-Chat,Yi 1.5,8.8,massive_mem_imageability_mar_2014_end_1,lexical_semantics,242,0.4856,0.964,0.5038,0.9933
Yi-1.5-9B-Chat,Yi 1.5,8.8,massive_mem_valence_mar_2013,lexical_semantics,1000,0.4919,0.948,0.5188,0.9934
Yi-1.5-9B-Chat,Yi 1.5,8.8,massive_mem_valence_mar_2013_end_1,lexical_semantics,242,0.7945,0.966,0.8225,0.9891
Yi-1.5-9B-Chat,Yi 1.5,8.8,massive_mem_valence_mar_2014,lexical_semantics,1000,0.6538,0.961,0.6804,0.9894
Yi-1.5-9B-Chat,Yi 1.5,8.8,massive_mem_valence_mar_2014_end_1,lexical_semantics,242,0.69,0.959,0.7195,0.9883
Yi-1.5-9B-Chat,Yi 1.5,8.8,melissa_short_naturalness_test,sentence_semantics,24,0.8663,0.968,0.8949,0.996
Yi-1.5-9B-Chat,Yi 1.5,8.8,missing_vp_extension_0501_final,syntax,72,0.4838,0.741,0.6529,0.9823
Yi-1.5-9B-Chat,Yi 1.5,8.8,missing_vp_extension,syntax,80,0.3278,0.881,0.3721,0.9822
Yi-1.5-9B-Chat,Yi 1.5,8.8,missing_vp_rereplication,syntax,72,0.2566,0.707,0.3629,0.983
Yi-1.5-9B-Chat,Yi 1.5,8.8,mk_grammaticality_study_7_20,syntax,1000,0.2597,0.876,0.2964,0.9943
Yi-1.5-9B-Chat,Yi 1.5,8.8,muraki2023_concreteness,lexical_semantics,1000,0.3664,0.829,0.442,0.9604
Yi-1.5-9B-Chat,Yi 1.5,8.8,noisy_channel_acceptability_1_sept_2013_1,syntax,496,0.8285,0.921,0.8996,0.9946
Yi-1.5-9B-Chat,Yi 1.5,8.8,noisy_channel_acceptability_2_sept_2013,syntax,380,0.8343,0.965,0.8645,0.9943
Yi-1.5-9B-Chat,Yi 1.5,8.8,noisy_rc_norming_oct19,sentence_semantics,128,0.5775,0.838,0.6891,0.9956
Yi-1.5-9B-Chat,Yi 1.5,8.8,of_acceptability_2,syntax,88,0.6726,0.951,0.7073,0.9907
Yi-1.5-9B-Chat,Yi 1.5,8.8,orange_camel_sentence_naturalness_survey_nov_2010,discourse,144,0.6285,0.861,0.73,0.9924
Yi-1.5-9B-Chat,Yi 1.5,8.8,orc_lauren_sentence_naturalness_survey_july_2012,syntax,192,0.7529,0.948,0.7942,0.9945
Yi-1.5-9B-Chat,Yi 1.5,8.8,p_p_sentence_naturalness_survey_aug_2010,syntax,252,0.4313,0.859,0.5021,0.9965
Yi-1.5-9B-Chat,Yi 1.5,8.8,p_p_sentence_naturalness_survey_dec_2009,syntax,324,0.563,0.95,0.5926,0.993
Yi-1.5-9B-Chat,Yi 1.5,8.8,p_p_sentence_naturalness_survey_feb,syntax,614,0.3903,0.664,0.5878,0.9938
Yi-1.5-9B-Chat,Yi 1.5,8.8,p_p_sentence_naturalness_survey_june_2013_v3,syntax,242,0.5764,0.928,0.6211,0.9928
Yi-1.5-9B-Chat,Yi 1.5,8.8,paris_judgments_3_dec_2012,syntax,477,0.3651,0.845,0.432,0.993
Yi-1.5-9B-Chat,Yi 1.5,8.8,pascal_1_dec_2012,syntax,544,0.0834,0.066,1.2643,0.8239
Yi-1.5-9B-Chat,Yi 1.5,8.8,presup_survey_1_acd_july_2012,pragmatics,240,0.4124,0.83,0.4969,0.9981
Yi-1.5-9B-Chat,Yi 1.5,8.8,presup_survey_2_acd_july_2012,pragmatics,240,0.2737,0.665,0.4116,0.9978
Yi-1.5-9B-Chat,Yi 1.5,8.8,pronouns_following_verbs,pragmatics,44,0.1856,0.706,0.263,0.8238
Yi-1.5-9B-Chat,Yi 1.5,8.8,pronouns_following_verbs_an,pragmatics,44,0.2071,0.663,0.3124,0.7864
Yi-1.5-9B-Chat,Yi 1.5,8.8,pronouns_following_verbs_ce,pragmatics,44,0.1832,0.708,0.2587,0.7699
Yi-1.5-9B-Chat,Yi 1.5,8.8,pronouns_following_verbs_sm,pragmatics,44,0.1855,0.443,0.4187,0.7826
Yi-1.5-9B-Chat,Yi 1.5,8.8,pronouns_following_verbs_so,pragmatics,44,0.2333,0.509,0.4584,0.8059
Yi-1.5-9B-Chat,Yi 1.5,8.8,pronouns_following_verbs_ve,pragmatics,45,0.227,0.567,0.4004,0.7159
Yi-1.5-9B-Chat,Yi 1.5,8.8,quant_syn_april_13_2012_90_sentences_with_a_question_and_a_rating_code,syntax,184,0.7189,0.91,0.79,0.9936
Yi-1.5-9B-Chat,Yi 1.5,8.8,quant_syn_april_14_2012_48_sentences_with_a_question_and_a_rating_code,syntax,168,0.6777,0.96,0.7059,0.993
Yi-1.5-9B-Chat,Yi 1.5,8.8,quant_syn_april_16_2012_36_sentences_with_a_question_and_a_rating_code,syntax,126,0.5879,0.965,0.6092,0.9925
Yi-1.5-9B-Chat,Yi 1.5,8.8,quantifier_naturalness_survey_june_4_2010,syntax,192,0.5063,0.639,0.7923,0.9949
Yi-1.5-9B-Chat,Yi 1.5,8.8,quantitative_syntax_survey,syntax,129,0.5205,0.852,0.6109,0.9946
Yi-1.5-9B-Chat,Yi 1.5,8.8,rating_english_sentences,syntax,240,0.7773,0.899,0.8646,0.4752
Yi-1.5-9B-Chat,Yi 1.5,8.8,reasoning_and_language_tasks_survey_code_talkative_pigeon,syntax,72,0.6032,0.941,0.641,0.9892
Yi-1.5-9B-Chat,Yi 1.5,8.8,relative_clause_displacements_in_english_sentences,syntax,180,0.3278,0.501,0.6542,0.9944
Yi-1.5-9B-Chat,Yi 1.5,8.8,relative_clause_displacements_in_english_sentences_with_fill,syntax,93,0.346,0.846,0.409,0.9943
Yi-1.5-9B-Chat,Yi 1.5,8.8,replication_study_9_59,discourse,185,0.3957,0.363,1.0902,0.9256
Yi-1.5-9B-Chat,Yi 1.5,8.8,richard_islands_acceptability_expt_1_april_25_2013_3,syntax,144,0.6529,0.819,0.7972,0.994
Yi-1.5-9B-Chat,Yi 1.5,8.8,richard_islands_acceptability_expt_2_april_26_2013,syntax,228,0.8359,0.92,0.9086,0.9949
Yi-1.5-9B-Chat,Yi 1.5,8.8,richard_islands_acceptability_expt_4_april_26_2013_1,syntax,100,0.8309,0.931,0.8925,0.9955
Yi-1.5-9B-Chat,Yi 1.5,8.8,richard_islands_acceptability_expt_5_april_27_2013_1,syntax,132,0.4532,0.619,0.7321,0.9935
Yi-1.5-9B-Chat,Yi 1.5,8.8,richard_islands_acceptability_expt_6_april_28_2013_while_whq_decl,syntax,100,0.8412,0.965,0.8717,0.9955
Yi-1.5-9B-Chat,Yi 1.5,8.8,russian_freezing,syntax,180,0.2318,0.898,0.2581,0.5265
Yi-1.5-9B-Chat,Yi 1.5,8.8,semantics1_finalproject,sentence_semantics,96,0.8615,0.972,0.8864,0.9752
Yi-1.5-9B-Chat,Yi 1.5,8.8,semantics2_finalproject,sentence_semantics,96,0.7158,0.986,0.726,0.9713
Yi-1.5-9B-Chat,Yi 1.5,8.8,semantics3_final_project,pragmatics,96,0.5942,0.974,0.61,0.9812
Yi-1.5-9B-Chat,Yi 1.5,8.8,sentence_completions_and_islands_acceptability_expt_1_nov_13_2012,syntax,112,0.7053,0.969,0.7279,0.9956
Yi-1.5-9B-Chat,Yi 1.5,8.8,sentence_naturalness_isac_survey_feb_2011,syntax,304,0.7394,0.836,0.8844,0.9936
Yi-1.5-9B-Chat,Yi 1.5,8.8,sentence_naturalness_survey_acd_ratings_hackl_expt_7_oct_25_2012_1,syntax,176,0.475,0.886,0.5361,0.9942
Yi-1.5-9B-Chat,Yi 1.5,8.8,sentence_naturalness_survey_acd_ratings_hackl_replic_expt_1_july_14_20,syntax,480,0.6593,0.864,0.7631,0.9968
Yi-1.5-9B-Chat,Yi 1.5,8.8,sentence_naturalness_survey_acd_ratings_v4_july_13_2012,syntax,176,0.5991,0.748,0.8009,0.9937
Yi-1.5-9B-Chat,Yi 1.5,8.8,sentence_naturalness_survey_acd_v1_jan_2012,discourse,128,0.042,0.299,0.1404,0.9957
Yi-1.5-9B-Chat,Yi 1.5,8.8,sentence_naturalness_survey_acd_v6_oct_25_2012,discourse,128,0.1505,0.602,0.2499,0.9957
Yi-1.5-9B-Chat,Yi 1.5,8.8,sentence_naturalness_survey_denise_jan_12_2011_survey_code_pig_the_pig,syntax,200,0.8005,0.986,0.8119,0.9911
Yi-1.5-9B-Chat,Yi 1.5,8.8,sentence_naturalness_survey_denise_sept_8_2010_survey_code_pig_the_pig,syntax,224,0.7556,0.972,0.7774,0.9907
Yi-1.5-9B-Chat,Yi 1.5,8.8,sentence_naturalness_survey_feb_16_1_2012_60_items_code_shy_armadillo,syntax,120,0.5818,0.912,0.6379,0.9954
Yi-1.5-9B-Chat,Yi 1.5,8.8,sentence_naturalness_survey_for_gs_dec_2009,pragmatics,122,0.6537,0.882,0.7412,0.9923
Yi-1.5-9B-Chat,Yi 1.5,8.8,sentence_naturalness_survey_for_gs_jan_2010,pragmatics,133,0.7093,0.906,0.7829,0.9939
Yi-1.5-9B-Chat,Yi 1.5,8.8,sentence_naturalness_survey_for_gs_jan_23_2010,pragmatics,216,0.6891,0.942,0.7315,0.9934
Yi-1.5-9B-Chat,Yi 1.5,8.8,sentence_naturalness_survey_for_gs_may_11_2011_purple_puppy,pragmatics,72,0.6138,0.873,0.7031,0.9948
Yi-1.5-9B-Chat,Yi 1.5,8.8,sentence_naturalness_survey_for_jk_april_4_2010,discourse,96,0.332,0.886,0.3747,0.995
Yi-1.5-9B-Chat,Yi 1.5,8.8,sentence_naturalness_survey_for_jk_april_4_expt_3_2010,discourse,96,0.3574,0.83,0.4306,0.9959
Yi-1.5-9B-Chat,Yi 1.5,8.8,sentence_naturalness_survey_for_jk_april_9_expt_4_2010,discourse,96,0.2272,0.831,0.2734,0.9961
Yi-1.5-9B-Chat,Yi 1.5,8.8,sentence_naturalness_survey_for_jk_june_24_2010_v2,discourse,176,0.3337,0.787,0.4241,0.9956
Yi-1.5-9B-Chat,Yi 1.5,8.8,sentence_naturalness_survey_for_jk_mar_2010,discourse,96,0.2165,0.88,0.2461,0.9955
Yi-1.5-9B-Chat,Yi 1.5,8.8,sentence_naturalness_survey_for_jkm_dec_2009,discourse,128,-0.085,0.18,-0.4721,0.9857
Yi-1.5-9B-Chat,Yi 1.5,8.8,sentence_naturalness_survey_for_jkm_jan_2012,discourse,128,0.0125,0.266,0.0472,0.9961
Yi-1.5-9B-Chat,Yi 1.5,8.8,sentence_naturalness_survey_for_lb_dec_2009,discourse,108,0.5453,0.832,0.6554,0.9956
Yi-1.5-9B-Chat,Yi 1.5,8.8,sentence_naturalness_survey_for_lb_feb_20_2010_v2,discourse,79,0.5239,0.951,0.5509,0.9938
Yi-1.5-9B-Chat,Yi 1.5,8.8,sentence_naturalness_survey_for_lb_jan_2011,discourse,519,0.5232,0.886,0.5905,0.9947
Yi-1.5-9B-Chat,Yi 1.5,8.8,sentence_naturalness_survey_for_lb_jan_2011_v2,discourse,519,0.3274,0.689,0.4752,0.9891
Yi-1.5-9B-Chat,Yi 1.5,8.8,sentence_naturalness_survey_for_lb_jan_2011_v3,discourse,519,0.4632,0.886,0.5228,0.9946
Yi-1.5-9B-Chat,Yi 1.5,8.8,sentence_naturalness_survey_for_lb_mar_2010_2,discourse,241,0.5262,0.935,0.5628,0.9959
Yi-1.5-9B-Chat,Yi 1.5,8.8,sentence_naturalness_survey_for_lb_mar_2010,discourse,123,0.5886,0.951,0.6189,0.9958
Yi-1.5-9B-Chat,Yi 1.5,8.8,sentence_naturalness_survey_for_lb_may_2010,discourse,148,0.6821,0.953,0.7157,0.9948
Yi-1.5-9B-Chat,Yi 1.5,8.8,sentence_naturalness_survey_for_lb_prelim_oct_2010,discourse,402,0.5921,0.882,0.6714,0.9951
Yi-1.5-9B-Chat,Yi 1.5,8.8,sentence_naturalness_survey_for_rw_dec_2009,discourse,180,0.6603,0.825,0.8003,0.9971
Yi-1.5-9B-Chat,Yi 1.5,8.8,sentence_naturalness_survey_for_rw_jan_2010,discourse,480,0.5535,0.872,0.6348,0.9969
Yi-1.5-9B-Chat,Yi 1.5,8.8,sentence_naturalness_survey_laura_mar_17_2012_92_items_code_lazy_cater,sentence_semantics,368,0.6627,0.883,0.7505,0.9937
Yi-1.5-9B-Chat,Yi 1.5,8.8,sentence_naturalness_survey_laura_mar_17_2012_96_items_code_lazy_cater,sentence_semantics,384,0.6771,0.883,0.7669,0.9939
Yi-1.5-9B-Chat,Yi 1.5,8.8,sentence_naturalness_survey_may_4_2011_36_items_code_anxious_bat,syntax,84,0.6389,0.757,0.8439,0.99
Yi-1.5-9B-Chat,Yi 1.5,8.8,sentence_naturalness_survey_nat_aug_28_2010_survey_code_downtown,syntax,270,0.6763,0.956,0.7074,0.9932
Yi-1.5-9B-Chat,Yi 1.5,8.8,short_acceptability_feb_6_2014,syntax,128,0.5686,0.907,0.6269,0.9938
Yi-1.5-9B-Chat,Yi 1.5,8.8,susan_canonicity_rerunning_2,syntax,52,0.6405,0.95,0.6742,0.9887
Yi-1.5-9B-Chat,Yi 1.5,8.8,topicalization_e1,syntax,77,0.8299,0.942,0.881,0.9914
Yi-1.5-9B-Chat,Yi 1.5,8.8,verb_causality_study_semantics_ratings_mk_april_2010,lexical_semantics,188,0.1547,0.972,0.1591,0.9644
Yi-1.5-9B-Chat,Yi 1.5,8.8,verb_causality_study_syntax_ratings_mk_april_2010,syntax,653,0.1864,0.633,0.2945,0.9953
Yi-1.5-9B-Chat,Yi 1.5,8.8,wm2_wm5_9_59_sentence_naturalness_survey_april_2011,syntax,219,0.7142,0.839,0.8513,0.9948
Yi-1.5-9B-Chat,Yi 1.5,8.8,word3_b_word_naturalness_survey_may_4_2011_160_items_code_sleepy_bear,subword,158,0.4439,0.937,0.4737,0.9879
Yi-1.5-9B-Chat,Yi 1.5,8.8,word3_word_naturalness_survey_may_1_2011_45_items_code_nosy_badger,subword,45,0.1116,0.948,0.1177,0.9864
gemma-3-12b-it,Gemma 3,12.2,50_sentences_noisy_channel_may_25_2011,pragmatics,208,0.3908,0.555,0.7042,1.0
gemma-3-12b-it,Gemma 3,12.2,50_sentences_with_2_comp_qs_plus_rating_mar_11_2011,sentence_semantics,208,0.496,0.588,0.8435,1.0
gemma-3-12b-it,Gemma 3,12.2,acceptability_extension_959_v5,syntax,566,0.7449,0.797,0.9346,1.0
gemma-3-12b-it,Gemma 3,12.2,acceptability_judgments_kang,syntax,136,0.8172,0.974,0.839,1.0
gemma-3-12b-it,Gemma 3,12.2,acceptability_replication_959,syntax,288,0.9286,0.964,0.9632,1.0
gemma-3-12b-it,Gemma 3,12.2,acd_context_polly_1_nov_23_2012,discourse,310,0.0842,0.462,0.1823,1.0
gemma-3-12b-it,Gemma 3,12.2,acd_no_context_polly_1_nov_23_2012,syntax,213,0.5515,0.838,0.6581,1.0
gemma-3-12b-it,Gemma 3,12.2,acd_project_also_3_nov_24_2012_2,syntax,128,0.663,0.874,0.7586,1.0
gemma-3-12b-it,Gemma 3,12.2,acd_project_expt_23_also_nov_16_2012,syntax,600,0.5725,0.825,0.6939,1.0
gemma-3-12b-it,Gemma 3,12.2,acd_project_expt_24_same_diff_verbs_nov_16_2012,syntax,472,0.4659,0.89,0.5235,1.0
gemma-3-12b-it,Gemma 3,12.2,acd_project_expt_31_same_diff_verbs_nov_16_2012_1,syntax,176,0.659,0.755,0.8728,1.0
gemma-3-12b-it,Gemma 3,12.2,acd_project_expt_42_also_verbs_nov_29_2012_1,syntax,176,0.5413,0.63,0.8592,1.0
gemma-3-12b-it,Gemma 3,12.2,acd_project_expt_44_the_same_nov_29_2012_1,syntax,140,0.6021,0.601,1.0018,1.0
gemma-3-12b-it,Gemma 3,12.2,acd_project_expt_45_hkv_expt_2_plaus_nov_29_2012,syntax,360,0.4856,0.774,0.6274,1.0
gemma-3-12b-it,Gemma 3,12.2,acd_project_expt_46_also_in_hkv_2_nov_29_2012_1,syntax,448,0.2997,0.56,0.5352,1.0
gemma-3-12b-it,Gemma 3,12.2,active_passive_sentence_naturalness_survey_july_2012,syntax,132,0.7683,0.887,0.8662,1.0
gemma-3-12b-it,Gemma 3,12.2,aixiu_coherence_en_update1,sentence_semantics,277,0.8366,0.882,0.9485,1.0
gemma-3-12b-it,Gemma 3,12.2,alex_paunov_literal_inferences_dec_3_2011,pragmatics,299,0.4781,0.908,0.5266,1.0
gemma-3-12b-it,Gemma 3,12.2,amouyal2024_plausibility,sentence_semantics,853,0.6441,0.915,0.704,1.0
gemma-3-12b-it,Gemma 3,12.2,animacy_passive_dative_kyle,syntax,120,0.6612,0.926,0.7141,1.0
gemma-3-12b-it,Gemma 3,12.2,anne_abeille_acceptability_july_12_2017_1,syntax,296,0.4864,0.635,0.7661,1.0
gemma-3-12b-it,Gemma 3,12.2,base_acceptability_0908,syntax,73,0.645,0.931,0.6928,1.0
gemma-3-12b-it,Gemma 3,12.2,brief_sentence_naturalness_survey_march_2011,sentence_semantics,64,0.8405,0.96,0.8755,1.0
gemma-3-12b-it,Gemma 3,12.2,can_noncan_acceptability_0924,syntax,88,0.8397,0.966,0.8693,1.0
gemma-3-12b-it,Gemma 3,12.2,can_noncan_acceptability_2,syntax,88,0.8506,0.962,0.8841,1.0
gemma-3-12b-it,Gemma 3,12.2,chinese_dative,discourse,96,0.3712,0.715,0.5192,1.0
gemma-3-12b-it,Gemma 3,12.2,class_demo,syntax,44,0.8097,0.927,0.8734,1.0
gemma-3-12b-it,Gemma 3,12.2,clefting_e3,syntax,48,0.671,0.877,0.7651,1.0
gemma-3-12b-it,Gemma 3,12.2,clefting_e4,syntax,48,0.726,0.969,0.7492,1.0
gemma-3-12b-it,Gemma 3,12.2,coherence_survey_list1_main,discourse,100,0.8964,0.95,0.9435,1.0
gemma-3-12b-it,Gemma 3,12.2,coherence_survey_list2_main,discourse,100,0.9004,0.948,0.9498,1.0
gemma-3-12b-it,Gemma 3,12.2,coherence_survey_list3_main,discourse,100,0.8671,0.942,0.9205,1.0
gemma-3-12b-it,Gemma 3,12.2,coherence_survey_list4_main,discourse,100,0.8898,0.95,0.9367,1.0
gemma-3-12b-it,Gemma 3,12.2,constituency_tests_2,syntax,48,0.6667,0.836,0.7975,1.0
gemma-3-12b-it,Gemma 3,12.2,constituency_tests,syntax,48,0.5985,0.654,0.9152,1.0
gemma-3-12b-it,Gemma 3,12.2,copy_cat_polly_june_2014,discourse,102,0.6262,0.865,0.7239,1.0
gemma-3-12b-it,Gemma 3,12.2,copy_of_verb_causality_study_semantics_ratings_mk_april_2010,lexical_semantics,62,0.469,0.83,0.5651,1.0
gemma-3-12b-it,Gemma 3,12.2,crossed_dependencies_long,syntax,201,0.5428,0.899,0.6037,1.0
gemma-3-12b-it,Gemma 3,12.2,cul_jack_april_12_2012_54_short_texts_with_two_comprehension_questions,syntax,210,0.6534,0.896,0.7292,1.0
gemma-3-12b-it,Gemma 3,12.2,cul_jack_sentence_naturalness_survey_april_2010,syntax,220,0.8321,0.952,0.8741,1.0
gemma-3-12b-it,Gemma 3,12.2,dative_alternation_extension_version_2,syntax,229,0.5294,0.456,1.161,1.0
gemma-3-12b-it,Gemma 3,12.2,dative_finnish,discourse,96,0.5369,0.689,0.7793,1.0
gemma-3-12b-it,Gemma 3,12.2,dative_turkish,discourse,96,0.272,0.734,0.3705,1.0
gemma-3-12b-it,Gemma 3,12.2,dentella2023_grammaticality,syntax,80,0.6344,0.981,0.6467,1.0
gemma-3-12b-it,Gemma 3,12.2,depth_charge_survey,sentence_semantics,188,0.5122,0.846,0.6055,1.0
gemma-3-12b-it,Gemma 3,12.2,depth_charge_with_noise,sentence_semantics,188,0.6384,0.854,0.7476,1.0
gemma-3-12b-it,Gemma 3,12.2,discourse_30subjs_list1,discourse,100,0.8969,0.941,0.9531,1.0
gemma-3-12b-it,Gemma 3,12.2,discourse_30subjs_list2,discourse,100,0.9119,0.951,0.9589,1.0
gemma-3-12b-it,Gemma 3,12.2,discourse_30subjs_list3,discourse,100,0.8994,0.947,0.9497,1.0
gemma-3-12b-it,Gemma 3,12.2,discourse_30subjs_list4,discourse,100,0.9076,0.942,0.9635,1.0
gemma-3-12b-it,Gemma 3,12.2,discourse_causality_list1,discourse,100,0.8335,0.935,0.8914,1.0
gemma-3-12b-it,Gemma 3,12.2,discourse_causality_list2,discourse,100,0.8673,0.952,0.911,1.0
gemma-3-12b-it,Gemma 3,12.2,discourse_causality_list3,discourse,100,0.8416,0.933,0.902,1.0
gemma-3-12b-it,Gemma 3,12.2,discourse_causality_list4,discourse,100,0.8418,0.955,0.8815,1.0
gemma-3-12b-it,Gemma 3,12.2,discourse_changed_0428,discourse,48,0.8777,0.953,0.921,1.0
gemma-3-12b-it,Gemma 3,12.2,discourse_coherence_list1,discourse,100,0.8947,0.943,0.9488,1.0
gemma-3-12b-it,Gemma 3,12.2,discourse_coherence_list2,discourse,100,0.8994,0.936,0.9609,1.0
gemma-3-12b-it,Gemma 3,12.2,discourse_coherence_list3,discourse,100,0.8935,0.95,0.9406,1.0
gemma-3-12b-it,Gemma 3,12.2,discourse_coherence_list4,discourse,100,0.8767,0.933,0.9397,1.0
gemma-3-12b-it,Gemma 3,12.2,discourse_imagability_pairs_list1,sentence_semantics,100,0.8216,0.917,0.896,1.0
gemma-3-12b-it,Gemma 3,12.2,discourse_imagability_pairs_list2,sentence_semantics,100,0.8047,0.946,0.8506,1.0
gemma-3-12b-it,Gemma 3,12.2,discourse_imagability_singles_list1,sentence_semantics,100,0.7895,0.938,0.8417,1.0
gemma-3-12b-it,Gemma 3,12.2,discourse_imagability_singles_list2,sentence_semantics,100,0.9086,0.954,0.9524,1.0
gemma-3-12b-it,Gemma 3,12.2,discourse_imagability_singles_list3,sentence_semantics,100,0.7729,0.931,0.8302,1.0
gemma-3-12b-it,Gemma 3,12.2,discourse_imagability_singles_list4,sentence_semantics,100,0.8003,0.948,0.8442,1.0
gemma-3-12b-it,Gemma 3,12.2,discourse_mentalizing_pairs_list1,sentence_semantics,100,0.8104,0.928,0.8733,1.0
gemma-3-12b-it,Gemma 3,12.2,discourse_mentalizing_pairs_list2,sentence_semantics,100,0.8145,0.931,0.8749,1.0
gemma-3-12b-it,Gemma 3,12.2,discourse_mentalizing_singles_list1,sentence_semantics,100,0.7728,0.935,0.8265,1.0
gemma-3-12b-it,Gemma 3,12.2,discourse_mentalizing_singles_list2,sentence_semantics,100,0.7921,0.925,0.8563,1.0
gemma-3-12b-it,Gemma 3,12.2,discourse_mentalizing_singles_list3,sentence_semantics,100,0.7253,0.909,0.7979,1.0
gemma-3-12b-it,Gemma 3,12.2,discourse_mentalizing_singles_list4,sentence_semantics,100,0.8282,0.952,0.87,1.0
gemma-3-12b-it,Gemma 3,12.2,discourse_physics_pairs_list1,sentence_semantics,100,0.772,0.957,0.8066,1.0
gemma-3-12b-it,Gemma 3,12.2,discourse_physics_pairs_list2,sentence_semantics,100,0.803,0.951,0.8444,1.0
gemma-3-12b-it,Gemma 3,12.2,discourse_physics_singles_list1,sentence_semantics,100,0.8679,0.943,0.9204,1.0
gemma-3-12b-it,Gemma 3,12.2,discourse_physics_singles_list2,sentence_semantics,100,0.7832,0.952,0.8227,1.0
gemma-3-12b-it,Gemma 3,12.2,discourse_physics_singles_list3,sentence_semantics,100,0.8545,0.941,0.9081,1.0
gemma-3-12b-it,Gemma 3,12.2,discourse_physics_singles_list4,sentence_semantics,100,0.826,0.942,0.8769,1.0
gemma-3-12b-it,Gemma 3,12.2,discourse_scenes_pairs_list1,sentence_semantics,100,0.8904,0.944,0.9432,1.0
gemma-3-12b-it,Gemma 3,12.2,discourse_scenes_pairs_list2,sentence_semantics,100,0.9013,0.95,0.9487,1.0
gemma-3-12b-it,Gemma 3,12.2,discourse_scenes_singles_list1,sentence_semantics,100,0.8946,0.944,0.9477,1.0
gemma-3-12b-it,Gemma 3,12.2,discourse_scenes_singles_list2,sentence_semantics,100,0.854,0.949,0.8999,1.0
gemma-3-12b-it,Gemma 3,12.2,discourse_scenes_singles_list3,sentence_semantics,100,0.8168,0.966,0.8455,1.0
gemma-3-12b-it,Gemma 3,12.2,discourse_scenes_singles_list4,sentence_semantics,100,0.8364,0.964,0.8676,1.0
gemma-3-12b-it,Gemma 3,12.2,diveica2023_socialness,lexical_semantics,1000,0.8449,0.883,0.9569,1.0
gemma-3-12b-it,Gemma 3,12.2,ecog_sentences_imaginability_jan_8_2014,sentence_semantics,120,0.4531,0.833,0.5439,1.0
gemma-3-12b-it,Gemma 3,12.2,ecog_sentences_naturalness_jan_8_2014_2,sentence_semantics,120,0.5058,0.727,0.6958,1.0
gemma-3-12b-it,Gemma 3,12.2,edwards2024_spelling_to_pronunciation_transparency,subword,1000,0.5469,0.826,0.6621,1.0
gemma-3-12b-it,Gemma 3,12.2,erp_norming_error_detection_june_2013_4,syntax,323,-0.2225,0.841,-0.2646,1.0
gemma-3-12b-it,Gemma 3,12.2,erp_sentence_naturalness_survey_june_2013_2,syntax,483,0.8238,0.922,0.8934,1.0
gemma-3-12b-it,Gemma 3,12.2,eunice_disfluency_2_nov_17_2011,syntax,190,0.6598,0.832,0.7931,1.0
gemma-3-12b-it,Gemma 3,12.2,eunice_disfluency_nov_15_2011,syntax,468,0.5959,0.807,0.7384,1.0
gemma-3-12b-it,Gemma 3,12.2,european_portuguese_rc,syntax,174,0.7628,0.84,0.9081,1.0
gemma-3-12b-it,Gemma 3,12.2,european_portuguese_wh,syntax,174,0.7054,0.893,0.7899,1.0
gemma-3-12b-it,Gemma 3,12.2,extension,syntax,138,0.7234,0.872,0.8296,1.0
gemma-3-12b-it,Gemma 3,12.2,gabriel_rc,syntax,174,0.7731,0.818,0.9451,1.0
gemma-3-12b-it,Gemma 3,12.2,gabriel_wh,syntax,174,0.7125,0.902,0.79,1.0
gemma-3-12b-it,Gemma 3,12.2,giurgea2025_motivation,lexical_semantics,1000,0.7575,0.856,0.8849,1.0
gemma-3-12b-it,Gemma 3,12.2,huang_response_set1a,syntax,288,0.5318,0.966,0.5506,1.0
gemma-3-12b-it,Gemma 3,12.2,huang_response_set1b,syntax,288,0.6108,0.964,0.6336,1.0
gemma-3-12b-it,Gemma 3,12.2,huang_response_set2a,syntax,288,0.6544,0.97,0.6746,1.0
gemma-3-12b-it,Gemma 3,12.2,huang_response_set2a_declaratives,syntax,288,0.7539,0.97,0.7772,1.0
gemma-3-12b-it,Gemma 3,12.2,huang_response_set2b,syntax,288,0.7312,0.97,0.7538,1.0
gemma-3-12b-it,Gemma 3,12.2,huang_response_set2b_declaratives,syntax,288,0.7115,0.974,0.7305,1.0
gemma-3-12b-it,Gemma 3,12.2,imperative_control_iad_gs_may_16_2011_purple_puppy,pragmatics,96,0.6397,0.86,0.7438,1.0
gemma-3-12b-it,Gemma 3,12.2,isac_sentence_naturalness_survey_feb_2011_64_items_survey_code_giant_c,syntax,256,0.6239,0.885,0.705,1.0
gemma-3-12b-it,Gemma 3,12.2,islands_acceptability_expt_2_dec_2_2012,syntax,480,0.7565,0.874,0.8656,1.0
gemma-3-12b-it,Gemma 3,12.2,italian_dative_v2,discourse,192,0.289,0.604,0.4785,0.9997
gemma-3-12b-it,Gemma 3,12.2,italian_locative_v7,discourse,192,0.4162,0.66,0.6306,0.9996
gemma-3-12b-it,Gemma 3,12.2,lancaster2020_auditory,lexical_semantics,1000,0.2118,0.831,0.2548,1.0
gemma-3-12b-it,Gemma 3,12.2,lancaster2020_foot_leg,lexical_semantics,1000,0.4191,0.729,0.575,1.0
gemma-3-12b-it,Gemma 3,12.2,lancaster2020_gustatory,lexical_semantics,1000,0.2407,0.545,0.4417,1.0
gemma-3-12b-it,Gemma 3,12.2,lancaster2020_hand_arm,lexical_semantics,1000,0.301,0.783,0.3844,1.0
gemma-3-12b-it,Gemma 3,12.2,lancaster2020_haptic,lexical_semantics,1000,0.4206,0.808,0.5205,1.0
gemma-3-12b-it,Gemma 3,12.2,lancaster2020_head,lexical_semantics,1000,0.306,0.57,0.5369,1.0
gemma-3-12b-it,Gemma 3,12.2,lancaster2020_interoceptive,lexical_semantics,1000,0.626,0.778,0.8046,1.0
gemma-3-12b-it,Gemma 3,12.2,lancaster2020_mouth,lexical_semantics,1000,0.2495,0.777,0.3211,1.0
gemma-3-12b-it,Gemma 3,12.2,lancaster2020_olfactory,lexical_semantics,1000,0.3197,0.622,0.514,1.0
gemma-3-12b-it,Gemma 3,12.2,lancaster2020_torso,lexical_semantics,1000,0.3122,0.675,0.4625,1.0
gemma-3-12b-it,Gemma 3,12.2,lancaster2020_visual,lexical_semantics,1000,0.3245,0.767,0.4231,1.0
gemma-3-12b-it,Gemma 3,12.2,lauren_sentence_naturalness_survey_expt3_nov_17_2011,syntax,460,0.5654,0.633,0.8932,1.0
gemma-3-12b-it,Gemma 3,12.2,lauren_sentence_naturalness_survey_expt_2_nov_15_2011,syntax,252,0.6781,0.712,0.9523,1.0
gemma-3-12b-it,Gemma 3,12.2,lauren_sentence_naturalness_survey_oct_14_2011,syntax,360,0.6965,0.703,0.9907,1.0
gemma-3-12b-it,Gemma 3,12.2,lexical_frame_adjectives_likert_set1,syntax,384,0.7467,0.83,0.8997,1.0
gemma-3-12b-it,Gemma 3,12.2,lexical_frame_adjectives_likert_set2,syntax,384,0.7137,0.744,0.9592,1.0
gemma-3-12b-it,Gemma 3,12.2,lexical_frame_adjectives_likert_set3,syntax,384,0.8011,0.873,0.9177,1.0
gemma-3-12b-it,Gemma 3,12.2,locative_topicalization_survey,discourse,229,0.7054,0.777,0.9079,1.0
gemma-3-12b-it,Gemma 3,12.2,massive_mem_arousal_mar_2013,lexical_semantics,1000,0.7058,0.883,0.7994,1.0
gemma-3-12b-it,Gemma 3,12.2,massive_mem_arousal_mar_2013_end_2,lexical_semantics,242,0.7919,0.85,0.9316,1.0
gemma-3-12b-it,Gemma 3,12.2,massive_mem_arousal_mar_2014,lexical_semantics,1000,0.6322,0.863,0.7325,1.0
gemma-3-12b-it,Gemma 3,12.2,massive_mem_arousal_mar_2014_end_1,lexical_semantics,242,0.5924,0.886,0.6687,1.0
gemma-3-12b-it,Gemma 3,12.2,massive_mem_concreteness_mar_2013,lexical_semantics,1000,0.5817,0.956,0.6085,1.0
gemma-3-12b-it,Gemma 3,12.2,massive_mem_concreteness_mar_2013_end_1,lexical_semantics,242,0.8893,0.959,0.9273,1.0
gemma-3-12b-it,Gemma 3,12.2,massive_mem_concreteness_mar_2014,lexical_semantics,1000,0.7215,0.952,0.7579,1.0
gemma-3-12b-it,Gemma 3,12.2,massive_mem_concreteness_mar_2014_end_1,lexical_semantics,242,0.769,0.955,0.8053,1.0
gemma-3-12b-it,Gemma 3,12.2,massive_mem_imageability_mar_2013,lexical_semantics,1000,0.7542,0.961,0.7848,1.0
gemma-3-12b-it,Gemma 3,12.2,massive_mem_imageability_mar_2013_end_1,lexical_semantics,242,0.8018,0.963,0.8326,1.0
gemma-3-12b-it,Gemma 3,12.2,massive_mem_imageability_mar_2014,lexical_semantics,1000,0.6886,0.948,0.7264,1.0
gemma-3-12b-it,Gemma 3,12.2,massive_mem_imageability_mar_2014_end_1,lexical_semantics,242,0.6995,0.964,0.7256,1.0
gemma-3-12b-it,Gemma 3,12.2,massive_mem_valence_mar_2013,lexical_semantics,1000,0.6502,0.948,0.6858,1.0
gemma-3-12b-it,Gemma 3,12.2,massive_mem_valence_mar_2013_end_1,lexical_semantics,242,0.872,0.966,0.9027,1.0
gemma-3-12b-it,Gemma 3,12.2,massive_mem_valence_mar_2014,lexical_semantics,1000,0.8753,0.961,0.9108,1.0
gemma-3-12b-it,Gemma 3,12.2,massive_mem_valence_mar_2014_end_1,lexical_semantics,242,0.8985,0.959,0.9369,1.0
gemma-3-12b-it,Gemma 3,12.2,melissa_short_naturalness_test,sentence_semantics,24,0.7277,0.968,0.7518,1.0
gemma-3-12b-it,Gemma 3,12.2,missing_vp_extension_0501_final,syntax,72,0.4851,0.741,0.6547,1.0
gemma-3-12b-it,Gemma 3,12.2,missing_vp_extension,syntax,80,0.4003,0.881,0.4544,1.0
gemma-3-12b-it,Gemma 3,12.2,missing_vp_rereplication,syntax,72,0.5973,0.707,0.8448,1.0
gemma-3-12b-it,Gemma 3,12.2,mk_grammaticality_study_7_20,syntax,1000,0.4552,0.876,0.5196,1.0
gemma-3-12b-it,Gemma 3,12.2,muraki2023_concreteness,lexical_semantics,1000,0.3295,0.829,0.3975,1.0
gemma-3-12b-it,Gemma 3,12.2,noisy_channel_acceptability_1_sept_2013_1,syntax,496,0.8468,0.921,0.9194,1.0
gemma-3-12b-it,Gemma 3,12.2,noisy_channel_acceptability_2_sept_2013,syntax,380,0.8564,0.965,0.8874,1.0
gemma-3-12b-it,Gemma 3,12.2,noisy_rc_norming_oct19,sentence_semantics,128,0.4664,0.838,0.5566,1.0
gemma-3-12b-it,Gemma 3,12.2,of_acceptability_2,syntax,88,0.8563,0.951,0.9004,1.0
gemma-3-12b-it,Gemma 3,12.2,orange_camel_sentence_naturalness_survey_nov_2010,discourse,144,0.5776,0.861,0.6709,1.0
gemma-3-12b-it,Gemma 3,12.2,orc_lauren_sentence_naturalness_survey_july_2012,syntax,192,0.8317,0.948,0.8773,1.0
gemma-3-12b-it,Gemma 3,12.2,p_p_sentence_naturalness_survey_aug_2010,syntax,252,0.4914,0.859,0.5721,1.0
gemma-3-12b-it,Gemma 3,12.2,p_p_sentence_naturalness_survey_dec_2009,syntax,324,0.6263,0.95,0.6592,1.0
gemma-3-12b-it,Gemma 3,12.2,p_p_sentence_naturalness_survey_feb,syntax,614,0.4685,0.664,0.7056,1.0
gemma-3-12b-it,Gemma 3,12.2,p_p_sentence_naturalness_survey_june_2013_v3,syntax,242,0.574,0.928,0.6185,1.0
gemma-3-12b-it,Gemma 3,12.2,paris_judgments_3_dec_2012,syntax,477,0.497,0.845,0.5882,1.0
gemma-3-12b-it,Gemma 3,12.2,pascal_1_dec_2012,syntax,544,0.1434,0.066,2.1733,1.0
gemma-3-12b-it,Gemma 3,12.2,presup_survey_1_acd_july_2012,pragmatics,240,0.734,0.83,0.8843,1.0
gemma-3-12b-it,Gemma 3,12.2,presup_survey_2_acd_july_2012,pragmatics,240,0.3206,0.665,0.4822,1.0
gemma-3-12b-it,Gemma 3,12.2,pronouns_following_verbs,pragmatics,44,0.1608,0.706,0.2278,1.0
gemma-3-12b-it,Gemma 3,12.2,pronouns_following_verbs_an,pragmatics,44,0.4947,0.663,0.7461,1.0
gemma-3-12b-it,Gemma 3,12.2,pronouns_following_verbs_ce,pragmatics,44,0.2571,0.708,0.3631,1.0
gemma-3-12b-it,Gemma 3,12.2,pronouns_following_verbs_sm,pragmatics,44,0.2145,0.443,0.4843,1.0
gemma-3-12b-it,Gemma 3,12.2,pronouns_following_verbs_so,pragmatics,44,0.2871,0.509,0.5641,1.0
gemma-3-12b-it,Gemma 3,12.2,pronouns_following_verbs_ve,pragmatics,45,0.2911,0.567,0.5135,1.0
gemma-3-12b-it,Gemma 3,12.2,quant_syn_april_13_2012_90_sentences_with_a_question_and_a_rating_code,syntax,184,0.7731,0.91,0.8496,1.0
gemma-3-12b-it,Gemma 3,12.2,quant_syn_april_14_2012_48_sentences_with_a_question_and_a_rating_code,syntax,168,0.7984,0.96,0.8316,1.0
gemma-3-12b-it,Gemma 3,12.2,quant_syn_april_16_2012_36_sentences_with_a_question_and_a_rating_code,syntax,126,0.7701,0.965,0.798,1.0
gemma-3-12b-it,Gemma 3,12.2,quantifier_naturalness_survey_june_4_2010,syntax,192,0.5861,0.639,0.9171,1.0
gemma-3-12b-it,Gemma 3,12.2,quantitative_syntax_survey,syntax,129,0.6136,0.852,0.7202,1.0
gemma-3-12b-it,Gemma 3,12.2,rating_english_sentences,syntax,240,0.7917,0.899,0.8807,1.0
gemma-3-12b-it,Gemma 3,12.2,reasoning_and_language_tasks_survey_code_talkative_pigeon,syntax,72,0.6471,0.941,0.6877,1.0
gemma-3-12b-it,Gemma 3,12.2,relative_clause_displacements_in_english_sentences,syntax,180,0.5942,0.501,1.1861,1.0
gemma-3-12b-it,Gemma 3,12.2,relative_clause_displacements_in_english_sentences_with_fill,syntax,93,0.6893,0.846,0.8148,1.0
gemma-3-12b-it,Gemma 3,12.2,replication_study_9_59,discourse,185,0.4302,0.363,1.1852,1.0
gemma-3-12b-it,Gemma 3,12.2,richard_islands_acceptability_expt_1_april_25_2013_3,syntax,144,0.5944,0.819,0.7257,1.0
gemma-3-12b-it,Gemma 3,12.2,richard_islands_acceptability_expt_2_april_26_2013,syntax,228,0.7913,0.92,0.8601,1.0
gemma-3-12b-it,Gemma 3,12.2,richard_islands_acceptability_expt_4_april_26_2013_1,syntax,100,0.7714,0.931,0.8285,1.0
gemma-3-12b-it,Gemma 3,12.2,richard_islands_acceptability_expt_5_april_27_2013_1,syntax,132,0.4609,0.619,0.7445,1.0
gemma-3-12b-it,Gemma 3,12.2,richard_islands_acceptability_expt_6_april_28_2013_while_whq_decl,syntax,100,0.8318,0.965,0.862,1.0
gemma-3-12b-it,Gemma 3,12.2,russian_freezing,syntax,180,0.6746,0.898,0.7512,1.0
gemma-3-12b-it,Gemma 3,12.2,semantics1_finalproject,sentence_semantics,96,0.899,0.972,0.9249,1.0
gemma-3-12b-it,Gemma 3,12.2,semantics2_finalproject,sentence_semantics,96,0.8691,0.986,0.8814,1.0
gemma-3-12b-it,Gemma 3,12.2,semantics3_final_project,pragmatics,96,0.7191,0.974,0.7383,1.0
gemma-3-12b-it,Gemma 3,12.2,sentence_completions_and_islands_acceptability_expt_1_nov_13_2012,syntax,112,0.6646,0.969,0.6859,1.0
gemma-3-12b-it,Gemma 3,12.2,sentence_naturalness_isac_survey_feb_2011,syntax,304,0.7194,0.836,0.8606,1.0
gemma-3-12b-it,Gemma 3,12.2,sentence_naturalness_survey_acd_ratings_hackl_expt_7_oct_25_2012_1,syntax,176,0.7563,0.886,0.8537,1.0
gemma-3-12b-it,Gemma 3,12.2,sentence_naturalness_survey_acd_ratings_hackl_replic_expt_1_july_14_20,syntax,480,0.546,0.864,0.6319,1.0
gemma-3-12b-it,Gemma 3,12.2,sentence_naturalness_survey_acd_ratings_v4_july_13_2012,syntax,176,0.6537,0.748,0.8739,1.0
gemma-3-12b-it,Gemma 3,12.2,sentence_naturalness_survey_acd_v1_jan_2012,discourse,128,0.09,0.299,0.301,1.0
gemma-3-12b-it,Gemma 3,12.2,sentence_naturalness_survey_acd_v6_oct_25_2012,discourse,128,0.0784,0.602,0.1303,1.0
gemma-3-12b-it,Gemma 3,12.2,sentence_naturalness_survey_denise_jan_12_2011_survey_code_pig_the_pig,syntax,200,0.7965,0.986,0.8078,1.0
gemma-3-12b-it,Gemma 3,12.2,sentence_naturalness_survey_denise_sept_8_2010_survey_code_pig_the_pig,syntax,224,0.7537,0.972,0.7754,1.0
gemma-3-12b-it,Gemma 3,12.2,sentence_naturalness_survey_feb_16_1_2012_60_items_code_shy_armadillo,syntax,120,0.7713,0.912,0.8458,1.0
gemma-3-12b-it,Gemma 3,12.2,sentence_naturalness_survey_for_gs_dec_2009,pragmatics,122,0.7644,0.882,0.8667,1.0
gemma-3-12b-it,Gemma 3,12.2,sentence_naturalness_survey_for_gs_jan_2010,pragmatics,133,0.7829,0.906,0.8641,1.0
gemma-3-12b-it,Gemma 3,12.2,sentence_naturalness_survey_for_gs_jan_23_2010,pragmatics,216,0.762,0.942,0.8089,1.0
gemma-3-12b-it,Gemma 3,12.2,sentence_naturalness_survey_for_gs_may_11_2011_purple_puppy,pragmatics,72,0.6769,0.873,0.7753,1.0
gemma-3-12b-it,Gemma 3,12.2,sentence_naturalness_survey_for_jk_april_4_2010,discourse,96,0.4367,0.886,0.4929,1.0
gemma-3-12b-it,Gemma 3,12.2,sentence_naturalness_survey_for_jk_april_4_expt_3_2010,discourse,96,0.3572,0.83,0.4303,1.0
gemma-3-12b-it,Gemma 3,12.2,sentence_naturalness_survey_for_jk_april_9_expt_4_2010,discourse,96,0.3421,0.831,0.4117,1.0
gemma-3-12b-it,Gemma 3,12.2,sentence_naturalness_survey_for_jk_june_24_2010_v2,discourse,176,0.3389,0.787,0.4307,1.0
gemma-3-12b-it,Gemma 3,12.2,sentence_naturalness_survey_for_jk_mar_2010,discourse,96,0.3224,0.88,0.3664,1.0
gemma-3-12b-it,Gemma 3,12.2,sentence_naturalness_survey_for_jkm_dec_2009,discourse,128,0.1394,0.18,0.7747,1.0
gemma-3-12b-it,Gemma 3,12.2,sentence_naturalness_survey_for_jkm_jan_2012,discourse,128,-0.0163,0.266,-0.0613,1.0
gemma-3-12b-it,Gemma 3,12.2,sentence_naturalness_survey_for_lb_dec_2009,discourse,108,0.4637,0.832,0.5574,1.0
gemma-3-12b-it,Gemma 3,12.2,sentence_naturalness_survey_for_lb_feb_20_2010_v2,discourse,79,0.6429,0.951,0.6761,1.0
gemma-3-12b-it,Gemma 3,12.2,sentence_naturalness_survey_for_lb_jan_2011,discourse,519,0.2362,0.886,0.2666,1.0
gemma-3-12b-it,Gemma 3,12.2,sentence_naturalness_survey_for_lb_jan_2011_v2,discourse,519,0.1207,0.689,0.1751,1.0
gemma-3-12b-it,Gemma 3,12.2,sentence_naturalness_survey_for_lb_jan_2011_v3,discourse,519,0.2098,0.886,0.2368,1.0
gemma-3-12b-it,Gemma 3,12.2,sentence_naturalness_survey_for_lb_mar_2010_2,discourse,241,0.4714,0.935,0.5042,1.0
gemma-3-12b-it,Gemma 3,12.2,sentence_naturalness_survey_for_lb_mar_2010,discourse,123,0.4602,0.951,0.4839,1.0
gemma-3-12b-it,Gemma 3,12.2,sentence_naturalness_survey_for_lb_may_2010,discourse,148,0.3239,0.953,0.3399,1.0
gemma-3-12b-it,Gemma 3,12.2,sentence_naturalness_survey_for_lb_prelim_oct_2010,discourse,402,0.3278,0.882,0.3717,1.0
gemma-3-12b-it,Gemma 3,12.2,sentence_naturalness_survey_for_rw_dec_2009,discourse,180,0.2512,0.825,0.3045,1.0
gemma-3-12b-it,Gemma 3,12.2,sentence_naturalness_survey_for_rw_jan_2010,discourse,480,0.3481,0.872,0.3992,1.0
gemma-3-12b-it,Gemma 3,12.2,sentence_naturalness_survey_laura_mar_17_2012_92_items_code_lazy_cater,sentence_semantics,368,0.7746,0.883,0.8773,1.0
gemma-3-12b-it,Gemma 3,12.2,sentence_naturalness_survey_laura_mar_17_2012_96_items_code_lazy_cater,sentence_semantics,384,0.8194,0.883,0.9279,1.0
gemma-3-12b-it,Gemma 3,12.2,sentence_naturalness_survey_may_4_2011_36_items_code_anxious_bat,syntax,84,0.621,0.757,0.8203,1.0
gemma-3-12b-it,Gemma 3,12.2,sentence_naturalness_survey_nat_aug_28_2010_survey_code_downtown,syntax,270,0.7456,0.956,0.7799,1.0
gemma-3-12b-it,Gemma 3,12.2,short_acceptability_feb_6_2014,syntax,128,0.703,0.907,0.775,1.0
gemma-3-12b-it,Gemma 3,12.2,susan_canonicity_rerunning_2,syntax,52,0.7062,0.95,0.7434,1.0
gemma-3-12b-it,Gemma 3,12.2,topicalization_e1,syntax,77,0.8469,0.942,0.8991,1.0
gemma-3-12b-it,Gemma 3,12.2,verb_causality_study_semantics_ratings_mk_april_2010,lexical_semantics,188,0.5366,0.972,0.552,1.0
gemma-3-12b-it,Gemma 3,12.2,verb_causality_study_syntax_ratings_mk_april_2010,syntax,653,0.2892,0.633,0.4569,1.0
gemma-3-12b-it,Gemma 3,12.2,wm2_wm5_9_59_sentence_naturalness_survey_april_2011,syntax,219,0.7995,0.839,0.9529,1.0
gemma-3-12b-it,Gemma 3,12.2,word3_b_word_naturalness_survey_may_4_2011_160_items_code_sleepy_bear,subword,158,0.6801,0.937,0.7258,1.0
gemma-3-12b-it,Gemma 3,12.2,word3_word_naturalness_survey_may_1_2011_45_items_code_nosy_badger,subword,45,0.7851,0.948,0.8282,1.0
gemma-3-1b-it,Gemma 3,1.0,50_sentences_noisy_channel_may_25_2011,pragmatics,208,-0.0183,0.555,-0.0329,1.0
gemma-3-1b-it,Gemma 3,1.0,50_sentences_with_2_comp_qs_plus_rating_mar_11_2011,sentence_semantics,208,-0.0574,0.588,-0.0977,1.0
gemma-3-1b-it,Gemma 3,1.0,acceptability_extension_959_v5,syntax,566,0.5964,0.797,0.7484,1.0
gemma-3-1b-it,Gemma 3,1.0,acceptability_judgments_kang,syntax,136,-0.5413,0.974,-0.5558,1.0
gemma-3-1b-it,Gemma 3,1.0,acceptability_replication_959,syntax,288,0.6925,0.964,0.7184,1.0
gemma-3-1b-it,Gemma 3,1.0,acd_context_polly_1_nov_23_2012,discourse,310,0.1194,0.462,0.2583,1.0
gemma-3-1b-it,Gemma 3,1.0,acd_no_context_polly_1_nov_23_2012,syntax,213,0.2798,0.838,0.3339,1.0
gemma-3-1b-it,Gemma 3,1.0,acd_project_also_3_nov_24_2012_2,syntax,128,0.0432,0.874,0.0494,1.0
gemma-3-1b-it,Gemma 3,1.0,acd_project_expt_23_also_nov_16_2012,syntax,600,0.1189,0.825,0.1442,1.0
gemma-3-1b-it,Gemma 3,1.0,acd_project_expt_24_same_diff_verbs_nov_16_2012,syntax,472,0.134,0.89,0.1506,1.0
gemma-3-1b-it,Gemma 3,1.0,acd_project_expt_31_same_diff_verbs_nov_16_2012_1,syntax,176,0.024,0.755,0.0318,1.0
gemma-3-1b-it,Gemma 3,1.0,acd_project_expt_42_also_verbs_nov_29_2012_1,syntax,176,0.1312,0.63,0.2083,1.0
gemma-3-1b-it,Gemma 3,1.0,acd_project_expt_44_the_same_nov_29_2012_1,syntax,140,0.114,0.601,0.1898,1.0
gemma-3-1b-it,Gemma 3,1.0,acd_project_expt_45_hkv_expt_2_plaus_nov_29_2012,syntax,360,0.1712,0.774,0.2212,1.0
gemma-3-1b-it,Gemma 3,1.0,acd_project_expt_46_also_in_hkv_2_nov_29_2012_1,syntax,448,0.077,0.56,0.1376,1.0
gemma-3-1b-it,Gemma 3,1.0,active_passive_sentence_naturalness_survey_july_2012,syntax,132,-0.0285,0.887,-0.0322,1.0
gemma-3-1b-it,Gemma 3,1.0,aixiu_coherence_en_update1,sentence_semantics,277,0.4925,0.882,0.5584,1.0
gemma-3-1b-it,Gemma 3,1.0,alex_paunov_literal_inferences_dec_3_2011,pragmatics,299,-0.3777,0.908,-0.416,1.0
gemma-3-1b-it,Gemma 3,1.0,amouyal2024_plausibility,sentence_semantics,853,-0.0341,0.915,-0.0373,1.0
gemma-3-1b-it,Gemma 3,1.0,animacy_passive_dative_kyle,syntax,120,-0.1259,0.926,-0.136,1.0
gemma-3-1b-it,Gemma 3,1.0,anne_abeille_acceptability_july_12_2017_1,syntax,296,0.0846,0.635,0.1333,1.0
gemma-3-1b-it,Gemma 3,1.0,base_acceptability_0908,syntax,73,-0.0754,0.931,-0.081,1.0
gemma-3-1b-it,Gemma 3,1.0,brief_sentence_naturalness_survey_march_2011,sentence_semantics,64,0.2037,0.96,0.2122,1.0
gemma-3-1b-it,Gemma 3,1.0,can_noncan_acceptability_0924,syntax,88,0.3943,0.966,0.4082,1.0
gemma-3-1b-it,Gemma 3,1.0,can_noncan_acceptability_2,syntax,88,0.5354,0.962,0.5566,1.0
gemma-3-1b-it,Gemma 3,1.0,chinese_dative,discourse,96,0.0684,0.715,0.0956,1.0
gemma-3-1b-it,Gemma 3,1.0,class_demo,syntax,44,-0.2289,0.927,-0.2469,1.0
gemma-3-1b-it,Gemma 3,1.0,clefting_e3,syntax,48,0.1059,0.877,0.1207,1.0
gemma-3-1b-it,Gemma 3,1.0,clefting_e4,syntax,48,0.0853,0.969,0.0881,1.0
gemma-3-1b-it,Gemma 3,1.0,coherence_survey_list1_main,discourse,100,0.1372,0.95,0.1445,1.0
gemma-3-1b-it,Gemma 3,1.0,coherence_survey_list2_main,discourse,100,0.0947,0.948,0.0999,1.0
gemma-3-1b-it,Gemma 3,1.0,coherence_survey_list3_main,discourse,100,0.4137,0.942,0.4391,1.0
gemma-3-1b-it,Gemma 3,1.0,coherence_survey_list4_main,discourse,100,0.2446,0.95,0.2575,1.0
gemma-3-1b-it,Gemma 3,1.0,constituency_tests_2,syntax,48,0.2717,0.836,0.325,1.0
gemma-3-1b-it,Gemma 3,1.0,constituency_tests,syntax,48,0.1189,0.654,0.1819,1.0
gemma-3-1b-it,Gemma 3,1.0,copy_cat_polly_june_2014,discourse,102,0.0951,0.865,0.1099,1.0
gemma-3-1b-it,Gemma 3,1.0,copy_of_verb_causality_study_semantics_ratings_mk_april_2010,lexical_semantics,62,-0.1693,0.83,-0.204,1.0
gemma-3-1b-it,Gemma 3,1.0,crossed_dependencies_long,syntax,201,-0.2667,0.899,-0.2967,1.0
gemma-3-1b-it,Gemma 3,1.0,cul_jack_april_12_2012_54_short_texts_with_two_comprehension_questions,syntax,210,0.1506,0.896,0.1681,1.0
gemma-3-1b-it,Gemma 3,1.0,cul_jack_sentence_naturalness_survey_april_2010,syntax,220,0.3082,0.952,0.3238,1.0
gemma-3-1b-it,Gemma 3,1.0,dative_alternation_extension_version_2,syntax,229,0.1599,0.456,0.3506,1.0
gemma-3-1b-it,Gemma 3,1.0,dative_finnish,discourse,96,-0.0377,0.689,-0.0547,1.0
gemma-3-1b-it,Gemma 3,1.0,dative_turkish,discourse,96,0.0083,0.734,0.0113,0.9995
gemma-3-1b-it,Gemma 3,1.0,dentella2023_grammaticality,syntax,80,0.2469,0.981,0.2517,1.0
gemma-3-1b-it,Gemma 3,1.0,depth_charge_survey,sentence_semantics,188,0.0472,0.846,0.0558,1.0
gemma-3-1b-it,Gemma 3,1.0,depth_charge_with_noise,sentence_semantics,188,0.1282,0.854,0.1501,1.0
gemma-3-1b-it,Gemma 3,1.0,discourse_30subjs_list1,discourse,100,0.1122,0.941,0.1193,1.0
gemma-3-1b-it,Gemma 3,1.0,discourse_30subjs_list2,discourse,100,0.0891,0.951,0.0937,1.0
gemma-3-1b-it,Gemma 3,1.0,discourse_30subjs_list3,discourse,100,0.4028,0.947,0.4253,1.0
gemma-3-1b-it,Gemma 3,1.0,discourse_30subjs_list4,discourse,100,0.2387,0.942,0.2534,1.0
gemma-3-1b-it,Gemma 3,1.0,discourse_causality_list1,discourse,100,0.1129,0.935,0.1207,1.0
gemma-3-1b-it,Gemma 3,1.0,discourse_causality_list2,discourse,100,0.1504,0.952,0.158,1.0
gemma-3-1b-it,Gemma 3,1.0,discourse_causality_list3,discourse,100,0.3862,0.933,0.4139,1.0
gemma-3-1b-it,Gemma 3,1.0,discourse_causality_list4,discourse,100,0.2848,0.955,0.2982,1.0
gemma-3-1b-it,Gemma 3,1.0,discourse_changed_0428,discourse,48,0.211,0.953,0.2214,1.0
gemma-3-1b-it,Gemma 3,1.0,discourse_coherence_list1,discourse,100,0.2215,0.943,0.2349,1.0
gemma-3-1b-it,Gemma 3,1.0,discourse_coherence_list2,discourse,100,0.1801,0.936,0.1925,1.0
gemma-3-1b-it,Gemma 3,1.0,discourse_coherence_list3,discourse,100,0.4828,0.95,0.5082,1.0
gemma-3-1b-it,Gemma 3,1.0,discourse_coherence_list4,discourse,100,0.2792,0.933,0.2993,1.0
gemma-3-1b-it,Gemma 3,1.0,discourse_imagability_pairs_list1,sentence_semantics,100,-0.1785,0.917,-0.1947,1.0
gemma-3-1b-it,Gemma 3,1.0,discourse_imagability_pairs_list2,sentence_semantics,100,-0.0954,0.946,-0.1009,1.0
gemma-3-1b-it,Gemma 3,1.0,discourse_imagability_singles_list1,sentence_semantics,100,-0.0718,0.938,-0.0765,1.0
gemma-3-1b-it,Gemma 3,1.0,discourse_imagability_singles_list2,sentence_semantics,100,0.0225,0.954,0.0235,1.0
gemma-3-1b-it,Gemma 3,1.0,discourse_imagability_singles_list3,sentence_semantics,100,-0.004,0.931,-0.0043,1.0
gemma-3-1b-it,Gemma 3,1.0,discourse_imagability_singles_list4,sentence_semantics,100,0.1717,0.948,0.1811,1.0
gemma-3-1b-it,Gemma 3,1.0,discourse_mentalizing_pairs_list1,sentence_semantics,100,0.2075,0.928,0.2236,1.0
gemma-3-1b-it,Gemma 3,1.0,discourse_mentalizing_pairs_list2,sentence_semantics,100,0.1969,0.931,0.2115,1.0
gemma-3-1b-it,Gemma 3,1.0,discourse_mentalizing_singles_list1,sentence_semantics,100,0.1948,0.935,0.2083,1.0
gemma-3-1b-it,Gemma 3,1.0,discourse_mentalizing_singles_list2,sentence_semantics,100,0.1645,0.925,0.1778,1.0
gemma-3-1b-it,Gemma 3,1.0,discourse_mentalizing_singles_list3,sentence_semantics,100,0.3105,0.909,0.3416,1.0
gemma-3-1b-it,Gemma 3,1.0,discourse_mentalizing_singles_list4,sentence_semantics,100,-0.1251,0.952,-0.1314,1.0
gemma-3-1b-it,Gemma 3,1.0,discourse_physics_pairs_list1,sentence_semantics,100,0.1976,0.957,0.2065,1.0
gemma-3-1b-it,Gemma 3,1.0,discourse_physics_pairs_list2,sentence_semantics,100,0.0873,0.951,0.0918,1.0
gemma-3-1b-it,Gemma 3,1.0,discourse_physics_singles_list1,sentence_semantics,100,0.0583,0.943,0.0618,1.0
gemma-3-1b-it,Gemma 3,1.0,discourse_physics_singles_list2,sentence_semantics,100,0.2352,0.952,0.2471,1.0
gemma-3-1b-it,Gemma 3,1.0,discourse_physics_singles_list3,sentence_semantics,100,0.0612,0.941,0.065,1.0
gemma-3-1b-it,Gemma 3,1.0,discourse_physics_singles_list4,sentence_semantics,100,0.1733,0.942,0.1839,1.0
gemma-3-1b-it,Gemma 3,1.0,discourse_scenes_pairs_list1,sentence_semantics,100,0.2678,0.944,0.2836,1.0
gemma-3-1b-it,Gemma 3,1.0,discourse_scenes_pairs_list2,sentence_semantics,100,0.3884,0.95,0.4088,1.0
gemma-3-1b-it,Gemma 3,1.0,discourse_scenes_singles_list1,sentence_semantics,100,0.3824,0.944,0.4051,1.0
gemma-3-1b-it,Gemma 3,1.0,discourse_scenes_singles_list2,sentence_semantics,100,0.1628,0.949,0.1716,1.0
gemma-3-1b-it,Gemma 3,1.0,discourse_scenes_singles_list3,sentence_semantics,100,0.2741,0.966,0.2838,1.0
gemma-3-1b-it,Gemma 3,1.0,discourse_scenes_singles_list4,sentence_semantics,100,0.3129,0.964,0.3246,1.0
gemma-3-1b-it,Gemma 3,1.0,diveica2023_socialness,lexical_semantics,1000,0.3916,0.883,0.4435,1.0
gemma-3-1b-it,Gemma 3,1.0,ecog_sentences_imaginability_jan_8_2014,sentence_semantics,120,-0.0467,0.833,-0.0561,1.0
gemma-3-1b-it,Gemma 3,1.0,ecog_sentences_naturalness_jan_8_2014_2,sentence_semantics,120,0.1197,0.727,0.1647,1.0
gemma-3-1b-it,Gemma 3,1.0,edwards2024_spelling_to_pronunciation_transparency,subword,1000,0.2814,0.826,0.3407,1.0
gemma-3-1b-it,Gemma 3,1.0,erp_norming_error_detection_june_2013_4,syntax,323,0.352,0.841,0.4186,1.0
gemma-3-1b-it,Gemma 3,1.0,erp_sentence_naturalness_survey_june_2013_2,syntax,483,0.144,0.922,0.1562,1.0
gemma-3-1b-it,Gemma 3,1.0,eunice_disfluency_2_nov_17_2011,syntax,190,-0.0284,0.832,-0.0342,1.0
gemma-3-1b-it,Gemma 3,1.0,eunice_disfluency_nov_15_2011,syntax,468,-0.0212,0.807,-0.0262,1.0
gemma-3-1b-it,Gemma 3,1.0,european_portuguese_rc,syntax,174,0.4921,0.84,0.5859,1.0
gemma-3-1b-it,Gemma 3,1.0,european_portuguese_wh,syntax,174,0.4899,0.893,0.5486,1.0
gemma-3-1b-it,Gemma 3,1.0,extension,syntax,138,0.0144,0.872,0.0166,0.0529
gemma-3-1b-it,Gemma 3,1.0,gabriel_rc,syntax,174,0.4818,0.818,0.589,1.0
gemma-3-1b-it,Gemma 3,1.0,gabriel_wh,syntax,174,0.4547,0.902,0.5041,1.0
gemma-3-1b-it,Gemma 3,1.0,giurgea2025_motivation,lexical_semantics,1000,0.571,0.856,0.667,1.0
gemma-3-1b-it,Gemma 3,1.0,huang_response_set1a,syntax,288,0.2161,0.966,0.2237,1.0
gemma-3-1b-it,Gemma 3,1.0,huang_response_set1b,syntax,288,0.2909,0.964,0.3018,1.0
gemma-3-1b-it,Gemma 3,1.0,huang_response_set2a,syntax,288,0.2533,0.97,0.2611,1.0
gemma-3-1b-it,Gemma 3,1.0,huang_response_set2a_declaratives,syntax,288,0.2203,0.97,0.2271,1.0
gemma-3-1b-it,Gemma 3,1.0,huang_response_set2b,syntax,288,0.3603,0.97,0.3714,1.0
gemma-3-1b-it,Gemma 3,1.0,huang_response_set2b_declaratives,syntax,288,0.1542,0.974,0.1583,1.0
gemma-3-1b-it,Gemma 3,1.0,imperative_control_iad_gs_may_16_2011_purple_puppy,pragmatics,96,-0.0517,0.86,-0.0601,1.0
gemma-3-1b-it,Gemma 3,1.0,isac_sentence_naturalness_survey_feb_2011_64_items_survey_code_giant_c,syntax,256,0.428,0.885,0.4836,1.0
gemma-3-1b-it,Gemma 3,1.0,islands_acceptability_expt_2_dec_2_2012,syntax,480,-0.2117,0.874,-0.2422,1.0
gemma-3-1b-it,Gemma 3,1.0,italian_dative_v2,discourse,192,0.2237,0.604,0.3704,1.0
gemma-3-1b-it,Gemma 3,1.0,italian_locative_v7,discourse,192,0.0777,0.66,0.1177,1.0
gemma-3-1b-it,Gemma 3,1.0,lancaster2020_auditory,lexical_semantics,1000,0.084,0.831,0.1011,1.0
gemma-3-1b-it,Gemma 3,1.0,lancaster2020_foot_leg,lexical_semantics,1000,0.1444,0.729,0.1981,1.0
gemma-3-1b-it,Gemma 3,1.0,lancaster2020_gustatory,lexical_semantics,1000,0.1015,0.545,0.1862,1.0
gemma-3-1b-it,Gemma 3,1.0,lancaster2020_hand_arm,lexical_semantics,1000,0.0773,0.783,0.0987,1.0
gemma-3-1b-it,Gemma 3,1.0,lancaster2020_haptic,lexical_semantics,1000,0.0656,0.808,0.0811,1.0
gemma-3-1b-it,Gemma 3,1.0,lancaster2020_head,lexical_semantics,1000,0.1197,0.57,0.2101,1.0
gemma-3-1b-it,Gemma 3,1.0,lancaster2020_interoceptive,lexical_semantics,1000,0.091,0.778,0.117,1.0
gemma-3-1b-it,Gemma 3,1.0,lancaster2020_mouth,lexical_semantics,1000,0.1057,0.777,0.136,1.0
gemma-3-1b-it,Gemma 3,1.0,lancaster2020_olfactory,lexical_semantics,1000,0.0674,0.622,0.1084,1.0
gemma-3-1b-it,Gemma 3,1.0,lancaster2020_torso,lexical_semantics,1000,0.0608,0.675,0.09,1.0
gemma-3-1b-it,Gemma 3,1.0,lancaster2020_visual,lexical_semantics,1000,0.1105,0.767,0.1441,1.0
gemma-3-1b-it,Gemma 3,1.0,lauren_sentence_naturalness_survey_expt3_nov_17_2011,syntax,460,-0.078,0.633,-0.1232,1.0
gemma-3-1b-it,Gemma 3,1.0,lauren_sentence_naturalness_survey_expt_2_nov_15_2011,syntax,252,-0.0181,0.712,-0.0255,1.0
gemma-3-1b-it,Gemma 3,1.0,lauren_sentence_naturalness_survey_oct_14_2011,syntax,360,-0.103,0.703,-0.1465,1.0
gemma-3-1b-it,Gemma 3,1.0,lexical_frame_adjectives_likert_set1,syntax,384,-0.0439,0.83,-0.0529,1.0
gemma-3-1b-it,Gemma 3,1.0,lexical_frame_adjectives_likert_set2,syntax,384,-0.0279,0.744,-0.0376,1.0
gemma-3-1b-it,Gemma 3,1.0,lexical_frame_adjectives_likert_set3,syntax,384,-0.0483,0.873,-0.0553,1.0
gemma-3-1b-it,Gemma 3,1.0,locative_topicalization_survey,discourse,229,0.1183,0.777,0.1523,1.0
gemma-3-1b-it,Gemma 3,1.0,massive_mem_arousal_mar_2013,lexical_semantics,1000,0.3562,0.883,0.4034,1.0
gemma-3-1b-it,Gemma 3,1.0,massive_mem_arousal_mar_2013_end_2,lexical_semantics,242,0.3708,0.85,0.4362,1.0
gemma-3-1b-it,Gemma 3,1.0,massive_mem_arousal_mar_2014,lexical_semantics,1000,0.3422,0.863,0.3966,1.0
gemma-3-1b-it,Gemma 3,1.0,massive_mem_arousal_mar_2014_end_1,lexical_semantics,242,0.3651,0.886,0.4121,1.0
gemma-3-1b-it,Gemma 3,1.0,massive_mem_concreteness_mar_2013,lexical_semantics,1000,0.2398,0.956,0.2508,1.0
gemma-3-1b-it,Gemma 3,1.0,massive_mem_concreteness_mar_2013_end_1,lexical_semantics,242,0.0507,0.959,0.0528,1.0
gemma-3-1b-it,Gemma 3,1.0,massive_mem_concreteness_mar_2014,lexical_semantics,1000,-0.045,0.952,-0.0472,1.0
gemma-3-1b-it,Gemma 3,1.0,massive_mem_concreteness_mar_2014_end_1,lexical_semantics,242,-0.0464,0.955,-0.0486,1.0
gemma-3-1b-it,Gemma 3,1.0,massive_mem_imageability_mar_2013,lexical_semantics,1000,-0.1433,0.961,-0.1491,1.0
gemma-3-1b-it,Gemma 3,1.0,massive_mem_imageability_mar_2013_end_1,lexical_semantics,242,-0.1509,0.963,-0.1566,1.0
gemma-3-1b-it,Gemma 3,1.0,massive_mem_imageability_mar_2014,lexical_semantics,1000,-0.0526,0.948,-0.0555,1.0
gemma-3-1b-it,Gemma 3,1.0,massive_mem_imageability_mar_2014_end_1,lexical_semantics,242,-0.1298,0.964,-0.1346,1.0
gemma-3-1b-it,Gemma 3,1.0,massive_mem_valence_mar_2013,lexical_semantics,1000,0.2226,0.948,0.2348,1.0
gemma-3-1b-it,Gemma 3,1.0,massive_mem_valence_mar_2013_end_1,lexical_semantics,242,0.2795,0.966,0.2893,1.0
gemma-3-1b-it,Gemma 3,1.0,massive_mem_valence_mar_2014,lexical_semantics,1000,0.2126,0.961,0.2212,1.0
gemma-3-1b-it,Gemma 3,1.0,massive_mem_valence_mar_2014_end_1,lexical_semantics,242,0.1543,0.959,0.1609,1.0
gemma-3-1b-it,Gemma 3,1.0,melissa_short_naturalness_test,sentence_semantics,24,0.4457,0.968,0.4605,1.0
gemma-3-1b-it,Gemma 3,1.0,missing_vp_extension_0501_final,syntax,72,0.162,0.741,0.2187,1.0
gemma-3-1b-it,Gemma 3,1.0,missing_vp_extension,syntax,80,0.2691,0.881,0.3055,1.0
gemma-3-1b-it,Gemma 3,1.0,missing_vp_rereplication,syntax,72,-0.2742,0.707,-0.3879,1.0
gemma-3-1b-it,Gemma 3,1.0,mk_grammaticality_study_7_20,syntax,1000,-0.3116,0.876,-0.3557,1.0
gemma-3-1b-it,Gemma 3,1.0,muraki2023_concreteness,lexical_semantics,1000,-0.2022,0.829,-0.2439,1.0
gemma-3-1b-it,Gemma 3,1.0,noisy_channel_acceptability_1_sept_2013_1,syntax,496,0.1951,0.921,0.2119,1.0
gemma-3-1b-it,Gemma 3,1.0,noisy_channel_acceptability_2_sept_2013,syntax,380,0.1466,0.965,0.1519,1.0
gemma-3-1b-it,Gemma 3,1.0,noisy_rc_norming_oct19,sentence_semantics,128,-0.1199,0.838,-0.1431,1.0
gemma-3-1b-it,Gemma 3,1.0,of_acceptability_2,syntax,88,0.2857,0.951,0.3005,1.0
gemma-3-1b-it,Gemma 3,1.0,orange_camel_sentence_naturalness_survey_nov_2010,discourse,144,0.0911,0.861,0.1058,1.0
gemma-3-1b-it,Gemma 3,1.0,orc_lauren_sentence_naturalness_survey_july_2012,syntax,192,-0.2953,0.948,-0.3115,1.0
gemma-3-1b-it,Gemma 3,1.0,p_p_sentence_naturalness_survey_aug_2010,syntax,252,-0.0332,0.859,-0.0387,1.0
gemma-3-1b-it,Gemma 3,1.0,p_p_sentence_naturalness_survey_dec_2009,syntax,324,-0.368,0.95,-0.3873,1.0
gemma-3-1b-it,Gemma 3,1.0,p_p_sentence_naturalness_survey_feb,syntax,614,-0.2172,0.664,-0.3272,1.0
gemma-3-1b-it,Gemma 3,1.0,p_p_sentence_naturalness_survey_june_2013_v3,syntax,242,-0.2485,0.928,-0.2678,1.0
gemma-3-1b-it,Gemma 3,1.0,paris_judgments_3_dec_2012,syntax,477,-0.0931,0.845,-0.1102,1.0
gemma-3-1b-it,Gemma 3,1.0,pascal_1_dec_2012,syntax,544,0.1188,0.066,1.8007,1.0
gemma-3-1b-it,Gemma 3,1.0,presup_survey_1_acd_july_2012,pragmatics,240,0.0849,0.83,0.1023,0.9999
gemma-3-1b-it,Gemma 3,1.0,presup_survey_2_acd_july_2012,pragmatics,240,0.0812,0.665,0.1222,1.0
gemma-3-1b-it,Gemma 3,1.0,pronouns_following_verbs,pragmatics,44,-0.1857,0.706,-0.2631,1.0
gemma-3-1b-it,Gemma 3,1.0,pronouns_following_verbs_an,pragmatics,44,-0.1151,0.663,-0.1736,1.0
gemma-3-1b-it,Gemma 3,1.0,pronouns_following_verbs_ce,pragmatics,44,-0.1517,0.708,-0.2143,1.0
gemma-3-1b-it,Gemma 3,1.0,pronouns_following_verbs_sm,pragmatics,44,-0.0469,0.443,-0.1058,1.0
gemma-3-1b-it,Gemma 3,1.0,pronouns_following_verbs_so,pragmatics,44,-0.3295,0.509,-0.6473,1.0
gemma-3-1b-it,Gemma 3,1.0,pronouns_following_verbs_ve,pragmatics,45,0.0394,0.567,0.0695,1.0
gemma-3-1b-it,Gemma 3,1.0,quant_syn_april_13_2012_90_sentences_with_a_question_and_a_rating_code,syntax,184,0.4815,0.91,0.5291,1.0
gemma-3-1b-it,Gemma 3,1.0,quant_syn_april_14_2012_48_sentences_with_a_question_and_a_rating_code,syntax,168,0.2163,0.96,0.2253,1.0
gemma-3-1b-it,Gemma 3,1.0,quant_syn_april_16_2012_36_sentences_with_a_question_and_a_rating_code,syntax,126,0.3987,0.965,0.4132,1.0
gemma-3-1b-it,Gemma 3,1.0,quantifier_naturalness_survey_june_4_2010,syntax,192,-0.231,0.639,-0.3616,1.0
gemma-3-1b-it,Gemma 3,1.0,quantitative_syntax_survey,syntax,129,0.0223,0.852,0.0262,1.0
gemma-3-1b-it,Gemma 3,1.0,rating_english_sentences,syntax,240,0.6952,0.899,0.7733,1.0
gemma-3-1b-it,Gemma 3,1.0,reasoning_and_language_tasks_survey_code_talkative_pigeon,syntax,72,0.1707,0.941,0.1814,1.0
gemma-3-1b-it,Gemma 3,1.0,relative_clause_displacements_in_english_sentences,syntax,180,-0.0629,0.501,-0.1255,1.0
gemma-3-1b-it,Gemma 3,1.0,relative_clause_displacements_in_english_sentences_with_fill,syntax,93,-0.251,0.846,-0.2966,1.0
gemma-3-1b-it,Gemma 3,1.0,replication_study_9_59,discourse,185,0.1489,0.363,0.4101,1.0
gemma-3-1b-it,Gemma 3,1.0,richard_islands_acceptability_expt_1_april_25_2013_3,syntax,144,-0.0279,0.819,-0.0341,1.0
gemma-3-1b-it,Gemma 3,1.0,richard_islands_acceptability_expt_2_april_26_2013,syntax,228,0.5127,0.92,0.5573,1.0
gemma-3-1b-it,Gemma 3,1.0,richard_islands_acceptability_expt_4_april_26_2013_1,syntax,100,0.5042,0.931,0.5415,1.0
gemma-3-1b-it,Gemma 3,1.0,richard_islands_acceptability_expt_5_april_27_2013_1,syntax,132,0.143,0.619,0.231,1.0
gemma-3-1b-it,Gemma 3,1.0,richard_islands_acceptability_expt_6_april_28_2013_while_whq_decl,syntax,100,0.4734,0.965,0.4905,1.0
gemma-3-1b-it,Gemma 3,1.0,russian_freezing,syntax,180,-0.047,0.898,-0.0524,0.9999
gemma-3-1b-it,Gemma 3,1.0,semantics1_finalproject,sentence_semantics,96,0.1846,0.972,0.19,1.0
gemma-3-1b-it,Gemma 3,1.0,semantics2_finalproject,sentence_semantics,96,0.1427,0.986,0.1447,1.0
gemma-3-1b-it,Gemma 3,1.0,semantics3_final_project,pragmatics,96,0.0951,0.974,0.0976,1.0
gemma-3-1b-it,Gemma 3,1.0,sentence_completions_and_islands_acceptability_expt_1_nov_13_2012,syntax,112,0.2834,0.969,0.2924,1.0
gemma-3-1b-it,Gemma 3,1.0,sentence_naturalness_isac_survey_feb_2011,syntax,304,0.3978,0.836,0.4758,1.0
gemma-3-1b-it,Gemma 3,1.0,sentence_naturalness_survey_acd_ratings_hackl_expt_7_oct_25_2012_1,syntax,176,0.0257,0.886,0.029,1.0
gemma-3-1b-it,Gemma 3,1.0,sentence_naturalness_survey_acd_ratings_hackl_replic_expt_1_july_14_20,syntax,480,0.1636,0.864,0.1893,1.0
gemma-3-1b-it,Gemma 3,1.0,sentence_naturalness_survey_acd_ratings_v4_july_13_2012,syntax,176,0.2573,0.748,0.344,1.0
gemma-3-1b-it,Gemma 3,1.0,sentence_naturalness_survey_acd_v1_jan_2012,discourse,128,-0.0441,0.299,-0.1474,1.0
gemma-3-1b-it,Gemma 3,1.0,sentence_naturalness_survey_acd_v6_oct_25_2012,discourse,128,0.0188,0.602,0.0311,1.0
gemma-3-1b-it,Gemma 3,1.0,sentence_naturalness_survey_denise_jan_12_2011_survey_code_pig_the_pig,syntax,200,0.5105,0.986,0.5177,1.0
gemma-3-1b-it,Gemma 3,1.0,sentence_naturalness_survey_denise_sept_8_2010_survey_code_pig_the_pig,syntax,224,0.4503,0.972,0.4633,1.0
gemma-3-1b-it,Gemma 3,1.0,sentence_naturalness_survey_feb_16_1_2012_60_items_code_shy_armadillo,syntax,120,-0.377,0.912,-0.4133,1.0
gemma-3-1b-it,Gemma 3,1.0,sentence_naturalness_survey_for_gs_dec_2009,pragmatics,122,0.2745,0.882,0.3112,1.0
gemma-3-1b-it,Gemma 3,1.0,sentence_naturalness_survey_for_gs_jan_2010,pragmatics,133,0.4667,0.906,0.5151,1.0
gemma-3-1b-it,Gemma 3,1.0,sentence_naturalness_survey_for_gs_jan_23_2010,pragmatics,216,0.4077,0.942,0.4328,1.0
gemma-3-1b-it,Gemma 3,1.0,sentence_naturalness_survey_for_gs_may_11_2011_purple_puppy,pragmatics,72,0.1298,0.873,0.1487,1.0
gemma-3-1b-it,Gemma 3,1.0,sentence_naturalness_survey_for_jk_april_4_2010,discourse,96,-0.113,0.886,-0.1275,1.0
gemma-3-1b-it,Gemma 3,1.0,sentence_naturalness_survey_for_jk_april_4_expt_3_2010,discourse,96,0.0515,0.83,0.062,1.0
gemma-3-1b-it,Gemma 3,1.0,sentence_naturalness_survey_for_jk_april_9_expt_4_2010,discourse,96,-0.0201,0.831,-0.0242,1.0
gemma-3-1b-it,Gemma 3,1.0,sentence_naturalness_survey_for_jk_june_24_2010_v2,discourse,176,-0.1785,0.787,-0.2268,1.0
gemma-3-1b-it,Gemma 3,1.0,sentence_naturalness_survey_for_jk_mar_2010,discourse,96,-0.0725,0.88,-0.0824,1.0
gemma-3-1b-it,Gemma 3,1.0,sentence_naturalness_survey_for_jkm_dec_2009,discourse,128,-0.1205,0.18,-0.6693,1.0
gemma-3-1b-it,Gemma 3,1.0,sentence_naturalness_survey_for_jkm_jan_2012,discourse,128,-0.0149,0.266,-0.056,1.0
gemma-3-1b-it,Gemma 3,1.0,sentence_naturalness_survey_for_lb_dec_2009,discourse,108,-0.2084,0.832,-0.2505,1.0
gemma-3-1b-it,Gemma 3,1.0,sentence_naturalness_survey_for_lb_feb_20_2010_v2,discourse,79,0.5971,0.951,0.6279,1.0
gemma-3-1b-it,Gemma 3,1.0,sentence_naturalness_survey_for_lb_jan_2011,discourse,519,-0.1176,0.886,-0.1328,1.0
gemma-3-1b-it,Gemma 3,1.0,sentence_naturalness_survey_for_lb_jan_2011_v2,discourse,519,0.1532,0.689,0.2224,1.0
gemma-3-1b-it,Gemma 3,1.0,sentence_naturalness_survey_for_lb_jan_2011_v3,discourse,519,0.0398,0.886,0.0449,1.0
gemma-3-1b-it,Gemma 3,1.0,sentence_naturalness_survey_for_lb_mar_2010_2,discourse,241,0.0184,0.935,0.0197,1.0
gemma-3-1b-it,Gemma 3,1.0,sentence_naturalness_survey_for_lb_mar_2010,discourse,123,-0.0745,0.951,-0.0783,1.0
gemma-3-1b-it,Gemma 3,1.0,sentence_naturalness_survey_for_lb_may_2010,discourse,148,0.0014,0.953,0.0015,1.0
gemma-3-1b-it,Gemma 3,1.0,sentence_naturalness_survey_for_lb_prelim_oct_2010,discourse,402,0.1603,0.882,0.1818,1.0
gemma-3-1b-it,Gemma 3,1.0,sentence_naturalness_survey_for_rw_dec_2009,discourse,180,-0.0847,0.825,-0.1026,1.0
gemma-3-1b-it,Gemma 3,1.0,sentence_naturalness_survey_for_rw_jan_2010,discourse,480,0.091,0.872,0.1043,1.0
gemma-3-1b-it,Gemma 3,1.0,sentence_naturalness_survey_laura_mar_17_2012_92_items_code_lazy_cater,sentence_semantics,368,0.2345,0.883,0.2656,1.0
gemma-3-1b-it,Gemma 3,1.0,sentence_naturalness_survey_laura_mar_17_2012_96_items_code_lazy_cater,sentence_semantics,384,0.1065,0.883,0.1207,1.0
gemma-3-1b-it,Gemma 3,1.0,sentence_naturalness_survey_may_4_2011_36_items_code_anxious_bat,syntax,84,0.2551,0.757,0.3371,1.0
gemma-3-1b-it,Gemma 3,1.0,sentence_naturalness_survey_nat_aug_28_2010_survey_code_downtown,syntax,270,-0.1397,0.956,-0.1461,1.0
gemma-3-1b-it,Gemma 3,1.0,short_acceptability_feb_6_2014,syntax,128,-0.2676,0.907,-0.295,1.0
gemma-3-1b-it,Gemma 3,1.0,susan_canonicity_rerunning_2,syntax,52,0.356,0.95,0.3748,1.0
gemma-3-1b-it,Gemma 3,1.0,topicalization_e1,syntax,77,0.5149,0.942,0.5466,1.0
gemma-3-1b-it,Gemma 3,1.0,verb_causality_study_semantics_ratings_mk_april_2010,lexical_semantics,188,-0.0415,0.972,-0.0427,1.0
gemma-3-1b-it,Gemma 3,1.0,verb_causality_study_syntax_ratings_mk_april_2010,syntax,653,-0.051,0.633,-0.0806,1.0
gemma-3-1b-it,Gemma 3,1.0,wm2_wm5_9_59_sentence_naturalness_survey_april_2011,syntax,219,0.2214,0.839,0.2639,1.0
gemma-3-1b-it,Gemma 3,1.0,word3_b_word_naturalness_survey_may_4_2011_160_items_code_sleepy_bear,subword,158,-0.0326,0.937,-0.0347,1.0
gemma-3-1b-it,Gemma 3,1.0,word3_word_naturalness_survey_may_1_2011_45_items_code_nosy_badger,subword,45,0.2694,0.948,0.2842,1.0
gemma-3-27b-it,Gemma 3,27.4,50_sentences_noisy_channel_may_25_2011,pragmatics,208,0.0365,0.555,0.0658,1.0
gemma-3-27b-it,Gemma 3,27.4,50_sentences_with_2_comp_qs_plus_rating_mar_11_2011,sentence_semantics,208,0.5247,0.588,0.8923,1.0
gemma-3-27b-it,Gemma 3,27.4,acceptability_extension_959_v5,syntax,566,0.7902,0.797,0.9915,1.0
gemma-3-27b-it,Gemma 3,27.4,acceptability_judgments_kang,syntax,136,0.7745,0.974,0.7952,1.0
gemma-3-27b-it,Gemma 3,27.4,acceptability_replication_959,syntax,288,0.9373,0.964,0.9723,1.0
gemma-3-27b-it,Gemma 3,27.4,acd_context_polly_1_nov_23_2012,discourse,310,0.2641,0.462,0.5716,1.0
gemma-3-27b-it,Gemma 3,27.4,acd_no_context_polly_1_nov_23_2012,syntax,213,0.7463,0.838,0.8905,1.0
gemma-3-27b-it,Gemma 3,27.4,acd_project_also_3_nov_24_2012_2,syntax,128,0.71,0.874,0.8123,1.0
gemma-3-27b-it,Gemma 3,27.4,acd_project_expt_23_also_nov_16_2012,syntax,600,0.6554,0.825,0.7944,1.0
gemma-3-27b-it,Gemma 3,27.4,acd_project_expt_24_same_diff_verbs_nov_16_2012,syntax,472,0.6625,0.89,0.7444,1.0
gemma-3-27b-it,Gemma 3,27.4,acd_project_expt_31_same_diff_verbs_nov_16_2012_1,syntax,176,0.7562,0.755,1.0016,1.0
gemma-3-27b-it,Gemma 3,27.4,acd_project_expt_42_also_verbs_nov_29_2012_1,syntax,176,0.5979,0.63,0.9491,1.0
gemma-3-27b-it,Gemma 3,27.4,acd_project_expt_44_the_same_nov_29_2012_1,syntax,140,0.6696,0.601,1.1141,1.0
gemma-3-27b-it,Gemma 3,27.4,acd_project_expt_45_hkv_expt_2_plaus_nov_29_2012,syntax,360,0.6151,0.774,0.7947,1.0
gemma-3-27b-it,Gemma 3,27.4,acd_project_expt_46_also_in_hkv_2_nov_29_2012_1,syntax,448,0.4662,0.56,0.8325,1.0
gemma-3-27b-it,Gemma 3,27.4,active_passive_sentence_naturalness_survey_july_2012,syntax,132,0.7738,0.887,0.8724,1.0
gemma-3-27b-it,Gemma 3,27.4,aixiu_coherence_en_update1,sentence_semantics,277,0.8362,0.882,0.9481,1.0
gemma-3-27b-it,Gemma 3,27.4,alex_paunov_literal_inferences_dec_3_2011,pragmatics,299,0.7219,0.908,0.795,1.0
gemma-3-27b-it,Gemma 3,27.4,amouyal2024_plausibility,sentence_semantics,853,0.6984,0.915,0.7632,1.0
gemma-3-27b-it,Gemma 3,27.4,animacy_passive_dative_kyle,syntax,120,0.6614,0.926,0.7143,1.0
gemma-3-27b-it,Gemma 3,27.4,anne_abeille_acceptability_july_12_2017_1,syntax,296,0.5442,0.635,0.857,1.0
gemma-3-27b-it,Gemma 3,27.4,base_acceptability_0908,syntax,73,0.6505,0.931,0.6987,1.0
gemma-3-27b-it,Gemma 3,27.4,brief_sentence_naturalness_survey_march_2011,sentence_semantics,64,0.8719,0.96,0.9083,1.0
gemma-3-27b-it,Gemma 3,27.4,can_noncan_acceptability_0924,syntax,88,0.8644,0.966,0.8948,1.0
gemma-3-27b-it,Gemma 3,27.4,can_noncan_acceptability_2,syntax,88,0.8953,0.962,0.9307,1.0
gemma-3-27b-it,Gemma 3,27.4,chinese_dative,discourse,96,0.5428,0.715,0.7591,1.0
gemma-3-27b-it,Gemma 3,27.4,class_demo,syntax,44,0.8199,0.927,0.8845,1.0
gemma-3-27b-it,Gemma 3,27.4,clefting_e3,syntax,48,0.6979,0.877,0.7958,1.0
gemma-3-27b-it,Gemma 3,27.4,clefting_e4,syntax,48,0.8059,0.969,0.8317,1.0
gemma-3-27b-it,Gemma 3,27.4,coherence_survey_list1_main,discourse,100,0.9099,0.95,0.9578,1.0
gemma-3-27b-it,Gemma 3,27.4,coherence_survey_list2_main,discourse,100,0.926,0.948,0.9768,1.0
gemma-3-27b-it,Gemma 3,27.4,coherence_survey_list3_main,discourse,100,0.9225,0.942,0.9792,1.0
gemma-3-27b-it,Gemma 3,27.4,coherence_survey_list4_main,discourse,100,0.8972,0.95,0.9444,1.0
gemma-3-27b-it,Gemma 3,27.4,constituency_tests_2,syntax,48,0.7094,0.836,0.8486,1.0
gemma-3-27b-it,Gemma 3,27.4,constituency_tests,syntax,48,0.6285,0.654,0.9611,1.0
gemma-3-27b-it,Gemma 3,27.4,copy_cat_polly_june_2014,discourse,102,0.6608,0.865,0.7639,1.0
gemma-3-27b-it,Gemma 3,27.4,copy_of_verb_causality_study_semantics_ratings_mk_april_2010,lexical_semantics,62,0.4714,0.83,0.568,1.0
gemma-3-27b-it,Gemma 3,27.4,crossed_dependencies_long,syntax,201,0.703,0.899,0.782,1.0
gemma-3-27b-it,Gemma 3,27.4,cul_jack_april_12_2012_54_short_texts_with_two_comprehension_questions,syntax,210,0.7196,0.896,0.8032,1.0
gemma-3-27b-it,Gemma 3,27.4,cul_jack_sentence_naturalness_survey_april_2010,syntax,220,0.8334,0.952,0.8755,1.0
gemma-3-27b-it,Gemma 3,27.4,dative_alternation_extension_version_2,syntax,229,0.5228,0.456,1.1465,1.0
gemma-3-27b-it,Gemma 3,27.4,dative_finnish,discourse,96,0.4883,0.689,0.7087,1.0
gemma-3-27b-it,Gemma 3,27.4,dative_turkish,discourse,96,0.4094,0.734,0.5578,1.0
gemma-3-27b-it,Gemma 3,27.4,dentella2023_grammaticality,syntax,80,0.6851,0.981,0.6983,1.0
gemma-3-27b-it,Gemma 3,27.4,depth_charge_survey,sentence_semantics,188,0.5857,0.846,0.6923,1.0
gemma-3-27b-it,Gemma 3,27.4,depth_charge_with_noise,sentence_semantics,188,0.6503,0.854,0.7615,1.0
gemma-3-27b-it,Gemma 3,27.4,discourse_30subjs_list1,discourse,100,0.9176,0.941,0.9751,1.0
gemma-3-27b-it,Gemma 3,27.4,discourse_30subjs_list2,discourse,100,0.9182,0.951,0.9655,1.0
gemma-3-27b-it,Gemma 3,27.4,discourse_30subjs_list3,discourse,100,0.9365,0.947,0.9889,1.0
gemma-3-27b-it,Gemma 3,27.4,discourse_30subjs_list4,discourse,100,0.9158,0.942,0.9722,1.0
gemma-3-27b-it,Gemma 3,27.4,discourse_causality_list1,discourse,100,0.8944,0.935,0.9565,1.0
gemma-3-27b-it,Gemma 3,27.4,discourse_causality_list2,discourse,100,0.892,0.952,0.937,1.0
gemma-3-27b-it,Gemma 3,27.4,discourse_causality_list3,discourse,100,0.8579,0.933,0.9195,1.0
gemma-3-27b-it,Gemma 3,27.4,discourse_causality_list4,discourse,100,0.8934,0.955,0.9355,1.0
gemma-3-27b-it,Gemma 3,27.4,discourse_changed_0428,discourse,48,0.8792,0.953,0.9226,1.0
gemma-3-27b-it,Gemma 3,27.4,discourse_coherence_list1,discourse,100,0.9145,0.943,0.9698,1.0
gemma-3-27b-it,Gemma 3,27.4,discourse_coherence_list2,discourse,100,0.9096,0.936,0.9718,1.0
gemma-3-27b-it,Gemma 3,27.4,discourse_coherence_list3,discourse,100,0.8909,0.95,0.9378,1.0
gemma-3-27b-it,Gemma 3,27.4,discourse_coherence_list4,discourse,100,0.893,0.933,0.9571,1.0
gemma-3-27b-it,Gemma 3,27.4,discourse_imagability_pairs_list1,sentence_semantics,100,0.7593,0.917,0.828,1.0
gemma-3-27b-it,Gemma 3,27.4,discourse_imagability_pairs_list2,sentence_semantics,100,0.7949,0.946,0.8403,1.0
gemma-3-27b-it,Gemma 3,27.4,discourse_imagability_singles_list1,sentence_semantics,100,0.7897,0.938,0.8419,1.0
gemma-3-27b-it,Gemma 3,27.4,discourse_imagability_singles_list2,sentence_semantics,100,0.889,0.954,0.9319,1.0
gemma-3-27b-it,Gemma 3,27.4,discourse_imagability_singles_list3,sentence_semantics,100,0.7403,0.931,0.7951,1.0
gemma-3-27b-it,Gemma 3,27.4,discourse_imagability_singles_list4,sentence_semantics,100,0.7815,0.948,0.8244,1.0
gemma-3-27b-it,Gemma 3,27.4,discourse_mentalizing_pairs_list1,sentence_semantics,100,0.8068,0.928,0.8694,1.0
gemma-3-27b-it,Gemma 3,27.4,discourse_mentalizing_pairs_list2,sentence_semantics,100,0.8356,0.931,0.8975,1.0
gemma-3-27b-it,Gemma 3,27.4,discourse_mentalizing_singles_list1,sentence_semantics,100,0.6304,0.935,0.6743,1.0
gemma-3-27b-it,Gemma 3,27.4,discourse_mentalizing_singles_list2,sentence_semantics,100,0.7661,0.925,0.8282,1.0
gemma-3-27b-it,Gemma 3,27.4,discourse_mentalizing_singles_list3,sentence_semantics,100,0.6454,0.909,0.71,1.0
gemma-3-27b-it,Gemma 3,27.4,discourse_mentalizing_singles_list4,sentence_semantics,100,0.7941,0.952,0.8342,1.0
gemma-3-27b-it,Gemma 3,27.4,discourse_physics_pairs_list1,sentence_semantics,100,0.7852,0.957,0.8205,1.0
gemma-3-27b-it,Gemma 3,27.4,discourse_physics_pairs_list2,sentence_semantics,100,0.8196,0.951,0.8618,1.0
gemma-3-27b-it,Gemma 3,27.4,discourse_physics_singles_list1,sentence_semantics,100,0.8508,0.943,0.9022,1.0
gemma-3-27b-it,Gemma 3,27.4,discourse_physics_singles_list2,sentence_semantics,100,0.7741,0.952,0.8131,1.0
gemma-3-27b-it,Gemma 3,27.4,discourse_physics_singles_list3,sentence_semantics,100,0.8276,0.941,0.8795,1.0
gemma-3-27b-it,Gemma 3,27.4,discourse_physics_singles_list4,sentence_semantics,100,0.8746,0.942,0.9284,1.0
gemma-3-27b-it,Gemma 3,27.4,discourse_scenes_pairs_list1,sentence_semantics,100,0.8857,0.944,0.9383,1.0
gemma-3-27b-it,Gemma 3,27.4,discourse_scenes_pairs_list2,sentence_semantics,100,0.8764,0.95,0.9225,1.0
gemma-3-27b-it,Gemma 3,27.4,discourse_scenes_singles_list1,sentence_semantics,100,0.9176,0.944,0.972,1.0
gemma-3-27b-it,Gemma 3,27.4,discourse_scenes_singles_list2,sentence_semantics,100,0.8929,0.949,0.9409,1.0
gemma-3-27b-it,Gemma 3,27.4,discourse_scenes_singles_list3,sentence_semantics,100,0.8323,0.966,0.8615,1.0
gemma-3-27b-it,Gemma 3,27.4,discourse_scenes_singles_list4,sentence_semantics,100,0.8596,0.964,0.8917,1.0
gemma-3-27b-it,Gemma 3,27.4,diveica2023_socialness,lexical_semantics,1000,0.8555,0.883,0.9688,1.0
gemma-3-27b-it,Gemma 3,27.4,ecog_sentences_imaginability_jan_8_2014,sentence_semantics,120,0.2722,0.833,0.3268,1.0
gemma-3-27b-it,Gemma 3,27.4,ecog_sentences_naturalness_jan_8_2014_2,sentence_semantics,120,0.6727,0.727,0.9253,1.0
gemma-3-27b-it,Gemma 3,27.4,edwards2024_spelling_to_pronunciation_transparency,subword,1000,0.5332,0.826,0.6455,1.0
gemma-3-27b-it,Gemma 3,27.4,erp_norming_error_detection_june_2013_4,syntax,323,-0.6846,0.841,-0.8141,1.0
gemma-3-27b-it,Gemma 3,27.4,erp_sentence_naturalness_survey_june_2013_2,syntax,483,0.8539,0.922,0.9261,1.0
gemma-3-27b-it,Gemma 3,27.4,eunice_disfluency_2_nov_17_2011,syntax,190,0.7349,0.832,0.8833,1.0
gemma-3-27b-it,Gemma 3,27.4,eunice_disfluency_nov_15_2011,syntax,468,0.6972,0.807,0.8639,1.0
gemma-3-27b-it,Gemma 3,27.4,european_portuguese_rc,syntax,174,0.7741,0.84,0.9215,1.0
gemma-3-27b-it,Gemma 3,27.4,european_portuguese_wh,syntax,174,0.7567,0.893,0.8473,1.0
gemma-3-27b-it,Gemma 3,27.4,extension,syntax,138,0.748,0.872,0.8577,1.0
gemma-3-27b-it,Gemma 3,27.4,gabriel_rc,syntax,174,0.7488,0.818,0.9154,1.0
gemma-3-27b-it,Gemma 3,27.4,gabriel_wh,syntax,174,0.8039,0.902,0.8912,1.0
gemma-3-27b-it,Gemma 3,27.4,giurgea2025_motivation,lexical_semantics,1000,0.7195,0.856,0.8406,1.0
gemma-3-27b-it,Gemma 3,27.4,huang_response_set1a,syntax,288,0.6245,0.966,0.6465,1.0
gemma-3-27b-it,Gemma 3,27.4,huang_response_set1b,syntax,288,0.6679,0.964,0.6929,1.0
gemma-3-27b-it,Gemma 3,27.4,huang_response_set2a,syntax,288,0.7591,0.97,0.7825,1.0
gemma-3-27b-it,Gemma 3,27.4,huang_response_set2a_declaratives,syntax,288,0.7211,0.97,0.7434,1.0
gemma-3-27b-it,Gemma 3,27.4,huang_response_set2b,syntax,288,0.7427,0.97,0.7657,1.0
gemma-3-27b-it,Gemma 3,27.4,huang_response_set2b_declaratives,syntax,288,0.7538,0.974,0.7739,1.0
gemma-3-27b-it,Gemma 3,27.4,imperative_control_iad_gs_may_16_2011_purple_puppy,pragmatics,96,0.6638,0.86,0.7718,1.0
gemma-3-27b-it,Gemma 3,27.4,isac_sentence_naturalness_survey_feb_2011_64_items_survey_code_giant_c,syntax,256,0.6092,0.885,0.6884,1.0
gemma-3-27b-it,Gemma 3,27.4,islands_acceptability_expt_2_dec_2_2012,syntax,480,0.7888,0.874,0.9025,1.0
gemma-3-27b-it,Gemma 3,27.4,italian_dative_v2,discourse,192,0.3026,0.604,0.5009,1.0
gemma-3-27b-it,Gemma 3,27.4,italian_locative_v7,discourse,192,0.4903,0.66,0.7429,1.0
gemma-3-27b-it,Gemma 3,27.4,lancaster2020_auditory,lexical_semantics,1000,0.2514,0.831,0.3025,1.0
gemma-3-27b-it,Gemma 3,27.4,lancaster2020_foot_leg,lexical_semantics,1000,0.4668,0.729,0.6403,1.0
gemma-3-27b-it,Gemma 3,27.4,lancaster2020_gustatory,lexical_semantics,1000,0.2243,0.545,0.4116,1.0
gemma-3-27b-it,Gemma 3,27.4,lancaster2020_hand_arm,lexical_semantics,1000,0.3655,0.783,0.4668,1.0
gemma-3-27b-it,Gemma 3,27.4,lancaster2020_haptic,lexical_semantics,1000,0.3731,0.808,0.4618,1.0
gemma-3-27b-it,Gemma 3,27.4,lancaster2020_head,lexical_semantics,1000,0.4395,0.57,0.771,1.0
gemma-3-27b-it,Gemma 3,27.4,lancaster2020_interoceptive,lexical_semantics,1000,0.6125,0.778,0.7873,1.0
gemma-3-27b-it,Gemma 3,27.4,lancaster2020_mouth,lexical_semantics,1000,0.4084,0.777,0.5256,1.0
gemma-3-27b-it,Gemma 3,27.4,lancaster2020_olfactory,lexical_semantics,1000,0.362,0.622,0.5819,1.0
gemma-3-27b-it,Gemma 3,27.4,lancaster2020_torso,lexical_semantics,1000,0.4056,0.675,0.6009,1.0
gemma-3-27b-it,Gemma 3,27.4,lancaster2020_visual,lexical_semantics,1000,0.3933,0.767,0.5127,1.0
gemma-3-27b-it,Gemma 3,27.4,lauren_sentence_naturalness_survey_expt3_nov_17_2011,syntax,460,0.6075,0.633,0.9598,1.0
gemma-3-27b-it,Gemma 3,27.4,lauren_sentence_naturalness_survey_expt_2_nov_15_2011,syntax,252,0.6585,0.712,0.9248,1.0
gemma-3-27b-it,Gemma 3,27.4,lauren_sentence_naturalness_survey_oct_14_2011,syntax,360,0.676,0.703,0.9615,1.0
gemma-3-27b-it,Gemma 3,27.4,lexical_frame_adjectives_likert_set1,syntax,384,0.7719,0.83,0.93,1.0
gemma-3-27b-it,Gemma 3,27.4,lexical_frame_adjectives_likert_set2,syntax,384,0.7302,0.744,0.9814,1.0
gemma-3-27b-it,Gemma 3,27.4,lexical_frame_adjectives_likert_set3,syntax,384,0.7861,0.873,0.9004,1.0
gemma-3-27b-it,Gemma 3,27.4,locative_topicalization_survey,discourse,229,0.7319,0.777,0.9419,1.0
gemma-3-27b-it,Gemma 3,27.4,massive_mem_arousal_mar_2013,lexical_semantics,1000,0.678,0.883,0.7678,1.0
gemma-3-27b-it,Gemma 3,27.4,massive_mem_arousal_mar_2013_end_2,lexical_semantics,242,0.5656,0.85,0.6654,1.0
gemma-3-27b-it,Gemma 3,27.4,massive_mem_arousal_mar_2014,lexical_semantics,1000,0.529,0.863,0.613,1.0
gemma-3-27b-it,Gemma 3,27.4,massive_mem_arousal_mar_2014_end_1,lexical_semantics,242,0.4072,0.886,0.4596,1.0
gemma-3-27b-it,Gemma 3,27.4,massive_mem_concreteness_mar_2013,lexical_semantics,1000,0.5643,0.956,0.5903,1.0
gemma-3-27b-it,Gemma 3,27.4,massive_mem_concreteness_mar_2013_end_1,lexical_semantics,242,0.8814,0.959,0.9191,1.0
gemma-3-27b-it,Gemma 3,27.4,massive_mem_concreteness_mar_2014,lexical_semantics,1000,0.7855,0.952,0.8251,1.0
gemma-3-27b-it,Gemma 3,27.4,massive_mem_concreteness_mar_2014_end_1,lexical_semantics,242,0.77,0.955,0.8062,1.0
gemma-3-27b-it,Gemma 3,27.4,massive_mem_imageability_mar_2013,lexical_semantics,1000,0.7827,0.961,0.8145,1.0
gemma-3-27b-it,Gemma 3,27.4,massive_mem_imageability_mar_2013_end_1,lexical_semantics,242,0.8526,0.963,0.8853,1.0
gemma-3-27b-it,Gemma 3,27.4,massive_mem_imageability_mar_2014,lexical_semantics,1000,0.7863,0.948,0.8295,1.0
gemma-3-27b-it,Gemma 3,27.4,massive_mem_imageability_mar_2014_end_1,lexical_semantics,242,0.8091,0.964,0.8393,1.0
gemma-3-27b-it,Gemma 3,27.4,massive_mem_valence_mar_2013,lexical_semantics,1000,0.6637,0.948,0.7002,1.0
gemma-3-27b-it,Gemma 3,27.4,massive_mem_valence_mar_2013_end_1,lexical_semantics,242,0.8891,0.966,0.9204,1.0
gemma-3-27b-it,Gemma 3,27.4,massive_mem_valence_mar_2014,lexical_semantics,1000,0.8789,0.961,0.9146,1.0
gemma-3-27b-it,Gemma 3,27.4,massive_mem_valence_mar_2014_end_1,lexical_semantics,242,0.8664,0.959,0.9034,1.0
gemma-3-27b-it,Gemma 3,27.4,melissa_short_naturalness_test,sentence_semantics,24,0.7199,0.968,0.7437,1.0
gemma-3-27b-it,Gemma 3,27.4,missing_vp_extension_0501_final,syntax,72,0.5848,0.741,0.7892,1.0
gemma-3-27b-it,Gemma 3,27.4,missing_vp_extension,syntax,80,0.5153,0.881,0.5849,1.0
gemma-3-27b-it,Gemma 3,27.4,missing_vp_rereplication,syntax,72,0.5716,0.707,0.8084,1.0
gemma-3-27b-it,Gemma 3,27.4,mk_grammaticality_study_7_20,syntax,1000,0.423,0.876,0.4829,1.0
gemma-3-27b-it,Gemma 3,27.4,muraki2023_concreteness,lexical_semantics,1000,0.5044,0.829,0.6084,1.0
gemma-3-27b-it,Gemma 3,27.4,noisy_channel_acceptability_1_sept_2013_1,syntax,496,0.8538,0.921,0.9271,1.0
gemma-3-27b-it,Gemma 3,27.4,noisy_channel_acceptability_2_sept_2013,syntax,380,0.8731,0.965,0.9047,1.0
gemma-3-27b-it,Gemma 3,27.4,noisy_rc_norming_oct19,sentence_semantics,128,0.5349,0.838,0.6383,1.0
gemma-3-27b-it,Gemma 3,27.4,of_acceptability_2,syntax,88,0.8873,0.951,0.933,1.0
gemma-3-27b-it,Gemma 3,27.4,orange_camel_sentence_naturalness_survey_nov_2010,discourse,144,0.7166,0.861,0.8322,1.0
gemma-3-27b-it,Gemma 3,27.4,orc_lauren_sentence_naturalness_survey_july_2012,syntax,192,0.8878,0.948,0.9365,1.0
gemma-3-27b-it,Gemma 3,27.4,p_p_sentence_naturalness_survey_aug_2010,syntax,252,0.4779,0.859,0.5564,1.0
gemma-3-27b-it,Gemma 3,27.4,p_p_sentence_naturalness_survey_dec_2009,syntax,324,0.6469,0.95,0.681,1.0
gemma-3-27b-it,Gemma 3,27.4,p_p_sentence_naturalness_survey_feb,syntax,614,0.4947,0.664,0.745,1.0
gemma-3-27b-it,Gemma 3,27.4,p_p_sentence_naturalness_survey_june_2013_v3,syntax,242,0.6169,0.928,0.6648,1.0
gemma-3-27b-it,Gemma 3,27.4,paris_judgments_3_dec_2012,syntax,477,0.5197,0.845,0.6151,1.0
gemma-3-27b-it,Gemma 3,27.4,pascal_1_dec_2012,syntax,544,0.1868,0.066,2.83,1.0
gemma-3-27b-it,Gemma 3,27.4,presup_survey_1_acd_july_2012,pragmatics,240,0.7612,0.83,0.9171,1.0
gemma-3-27b-it,Gemma 3,27.4,presup_survey_2_acd_july_2012,pragmatics,240,0.3978,0.665,0.5981,1.0
gemma-3-27b-it,Gemma 3,27.4,pronouns_following_verbs,pragmatics,44,-0.0081,0.706,-0.0115,1.0
gemma-3-27b-it,Gemma 3,27.4,pronouns_following_verbs_an,pragmatics,44,0.1594,0.663,0.2404,1.0
gemma-3-27b-it,Gemma 3,27.4,pronouns_following_verbs_ce,pragmatics,44,-0.0275,0.708,-0.0388,1.0
gemma-3-27b-it,Gemma 3,27.4,pronouns_following_verbs_sm,pragmatics,44,0.0533,0.443,0.1204,1.0
gemma-3-27b-it,Gemma 3,27.4,pronouns_following_verbs_so,pragmatics,44,0.0477,0.509,0.0937,1.0
gemma-3-27b-it,Gemma 3,27.4,pronouns_following_verbs_ve,pragmatics,45,0.0512,0.567,0.0903,1.0
gemma-3-27b-it,Gemma 3,27.4,quant_syn_april_13_2012_90_sentences_with_a_question_and_a_rating_code,syntax,184,0.8098,0.91,0.8899,1.0
gemma-3-27b-it,Gemma 3,27.4,quant_syn_april_14_2012_48_sentences_with_a_question_and_a_rating_code,syntax,168,0.8157,0.96,0.8497,1.0
gemma-3-27b-it,Gemma 3,27.4,quant_syn_april_16_2012_36_sentences_with_a_question_and_a_rating_code,syntax,126,0.9087,0.965,0.9417,1.0
gemma-3-27b-it,Gemma 3,27.4,quantifier_naturalness_survey_june_4_2010,syntax,192,0.6674,0.639,1.0445,1.0
gemma-3-27b-it,Gemma 3,27.4,quantitative_syntax_survey,syntax,129,0.5124,0.852,0.6014,1.0
gemma-3-27b-it,Gemma 3,27.4,rating_english_sentences,syntax,240,0.8149,0.899,0.9064,1.0
gemma-3-27b-it,Gemma 3,27.4,reasoning_and_language_tasks_survey_code_talkative_pigeon,syntax,72,0.6628,0.941,0.7043,1.0
gemma-3-27b-it,Gemma 3,27.4,relative_clause_displacements_in_english_sentences,syntax,180,0.629,0.501,1.2555,1.0
gemma-3-27b-it,Gemma 3,27.4,relative_clause_displacements_in_english_sentences_with_fill,syntax,93,0.657,0.846,0.7766,1.0
gemma-3-27b-it,Gemma 3,27.4,replication_study_9_59,discourse,185,0.5335,0.363,1.4698,1.0
gemma-3-27b-it,Gemma 3,27.4,richard_islands_acceptability_expt_1_april_25_2013_3,syntax,144,0.6683,0.819,0.816,1.0
gemma-3-27b-it,Gemma 3,27.4,richard_islands_acceptability_expt_2_april_26_2013,syntax,228,0.8677,0.92,0.9432,1.0
gemma-3-27b-it,Gemma 3,27.4,richard_islands_acceptability_expt_4_april_26_2013_1,syntax,100,0.8654,0.931,0.9295,1.0
gemma-3-27b-it,Gemma 3,27.4,richard_islands_acceptability_expt_5_april_27_2013_1,syntax,132,0.5557,0.619,0.8977,1.0
gemma-3-27b-it,Gemma 3,27.4,richard_islands_acceptability_expt_6_april_28_2013_while_whq_decl,syntax,100,0.882,0.965,0.914,1.0
gemma-3-27b-it,Gemma 3,27.4,russian_freezing,syntax,180,0.754,0.898,0.8397,1.0
gemma-3-27b-it,Gemma 3,27.4,semantics1_finalproject,sentence_semantics,96,0.8973,0.972,0.9232,1.0
gemma-3-27b-it,Gemma 3,27.4,semantics2_finalproject,sentence_semantics,96,0.8606,0.986,0.8728,1.0
gemma-3-27b-it,Gemma 3,27.4,semantics3_final_project,pragmatics,96,0.7924,0.974,0.8135,1.0
gemma-3-27b-it,Gemma 3,27.4,sentence_completions_and_islands_acceptability_expt_1_nov_13_2012,syntax,112,0.6611,0.969,0.6822,1.0
gemma-3-27b-it,Gemma 3,27.4,sentence_naturalness_isac_survey_feb_2011,syntax,304,0.6683,0.836,0.7994,1.0
gemma-3-27b-it,Gemma 3,27.4,sentence_naturalness_survey_acd_ratings_hackl_expt_7_oct_25_2012_1,syntax,176,0.7586,0.886,0.8562,1.0
gemma-3-27b-it,Gemma 3,27.4,sentence_naturalness_survey_acd_ratings_hackl_replic_expt_1_july_14_20,syntax,480,0.6817,0.864,0.789,1.0
gemma-3-27b-it,Gemma 3,27.4,sentence_naturalness_survey_acd_ratings_v4_july_13_2012,syntax,176,0.7461,0.748,0.9975,1.0
gemma-3-27b-it,Gemma 3,27.4,sentence_naturalness_survey_acd_v1_jan_2012,discourse,128,0.115,0.299,0.3848,1.0
gemma-3-27b-it,Gemma 3,27.4,sentence_naturalness_survey_acd_v6_oct_25_2012,discourse,128,0.0468,0.602,0.0778,1.0
gemma-3-27b-it,Gemma 3,27.4,sentence_naturalness_survey_denise_jan_12_2011_survey_code_pig_the_pig,syntax,200,0.8548,0.986,0.8669,1.0
gemma-3-27b-it,Gemma 3,27.4,sentence_naturalness_survey_denise_sept_8_2010_survey_code_pig_the_pig,syntax,224,0.8193,0.972,0.8429,1.0
gemma-3-27b-it,Gemma 3,27.4,sentence_naturalness_survey_feb_16_1_2012_60_items_code_shy_armadillo,syntax,120,0.8207,0.912,0.8999,1.0
gemma-3-27b-it,Gemma 3,27.4,sentence_naturalness_survey_for_gs_dec_2009,pragmatics,122,0.7679,0.882,0.8706,1.0
gemma-3-27b-it,Gemma 3,27.4,sentence_naturalness_survey_for_gs_jan_2010,pragmatics,133,0.7944,0.906,0.8768,1.0
gemma-3-27b-it,Gemma 3,27.4,sentence_naturalness_survey_for_gs_jan_23_2010,pragmatics,216,0.7668,0.942,0.814,1.0
gemma-3-27b-it,Gemma 3,27.4,sentence_naturalness_survey_for_gs_may_11_2011_purple_puppy,pragmatics,72,0.7229,0.873,0.8281,1.0
gemma-3-27b-it,Gemma 3,27.4,sentence_naturalness_survey_for_jk_april_4_2010,discourse,96,0.4894,0.886,0.5524,1.0
gemma-3-27b-it,Gemma 3,27.4,sentence_naturalness_survey_for_jk_april_4_expt_3_2010,discourse,96,0.5023,0.83,0.6052,1.0
gemma-3-27b-it,Gemma 3,27.4,sentence_naturalness_survey_for_jk_april_9_expt_4_2010,discourse,96,0.5039,0.831,0.6064,1.0
gemma-3-27b-it,Gemma 3,27.4,sentence_naturalness_survey_for_jk_june_24_2010_v2,discourse,176,0.4852,0.787,0.6166,1.0
gemma-3-27b-it,Gemma 3,27.4,sentence_naturalness_survey_for_jk_mar_2010,discourse,96,0.4815,0.88,0.5472,1.0
gemma-3-27b-it,Gemma 3,27.4,sentence_naturalness_survey_for_jkm_dec_2009,discourse,128,0.182,0.18,1.0112,1.0
gemma-3-27b-it,Gemma 3,27.4,sentence_naturalness_survey_for_jkm_jan_2012,discourse,128,0.0597,0.266,0.2245,1.0
gemma-3-27b-it,Gemma 3,27.4,sentence_naturalness_survey_for_lb_dec_2009,discourse,108,0.5473,0.832,0.6578,1.0
gemma-3-27b-it,Gemma 3,27.4,sentence_naturalness_survey_for_lb_feb_20_2010_v2,discourse,79,0.6445,0.951,0.6777,1.0
gemma-3-27b-it,Gemma 3,27.4,sentence_naturalness_survey_for_lb_jan_2011,discourse,519,0.3966,0.886,0.4476,1.0
gemma-3-27b-it,Gemma 3,27.4,sentence_naturalness_survey_for_lb_jan_2011_v2,discourse,519,0.3846,0.689,0.5581,1.0
gemma-3-27b-it,Gemma 3,27.4,sentence_naturalness_survey_for_lb_jan_2011_v3,discourse,519,0.326,0.886,0.3679,1.0
gemma-3-27b-it,Gemma 3,27.4,sentence_naturalness_survey_for_lb_mar_2010_2,discourse,241,0.5614,0.935,0.6005,1.0
gemma-3-27b-it,Gemma 3,27.4,sentence_naturalness_survey_for_lb_mar_2010,discourse,123,0.5726,0.951,0.6021,1.0
gemma-3-27b-it,Gemma 3,27.4,sentence_naturalness_survey_for_lb_may_2010,discourse,148,0.5283,0.953,0.5544,1.0
gemma-3-27b-it,Gemma 3,27.4,sentence_naturalness_survey_for_lb_prelim_oct_2010,discourse,402,0.4843,0.882,0.5491,1.0
gemma-3-27b-it,Gemma 3,27.4,sentence_naturalness_survey_for_rw_dec_2009,discourse,180,0.6632,0.825,0.8039,1.0
gemma-3-27b-it,Gemma 3,27.4,sentence_naturalness_survey_for_rw_jan_2010,discourse,480,0.628,0.872,0.7201,1.0
gemma-3-27b-it,Gemma 3,27.4,sentence_naturalness_survey_laura_mar_17_2012_92_items_code_lazy_cater,sentence_semantics,368,0.8245,0.883,0.9337,1.0
gemma-3-27b-it,Gemma 3,27.4,sentence_naturalness_survey_laura_mar_17_2012_96_items_code_lazy_cater,sentence_semantics,384,0.8225,0.883,0.9315,1.0
gemma-3-27b-it,Gemma 3,27.4,sentence_naturalness_survey_may_4_2011_36_items_code_anxious_bat,syntax,84,0.6669,0.757,0.881,1.0
gemma-3-27b-it,Gemma 3,27.4,sentence_naturalness_survey_nat_aug_28_2010_survey_code_downtown,syntax,270,0.7066,0.956,0.7391,1.0
gemma-3-27b-it,Gemma 3,27.4,short_acceptability_feb_6_2014,syntax,128,0.8061,0.907,0.8888,1.0
gemma-3-27b-it,Gemma 3,27.4,susan_canonicity_rerunning_2,syntax,52,0.7923,0.95,0.834,1.0
gemma-3-27b-it,Gemma 3,27.4,topicalization_e1,syntax,77,0.8973,0.942,0.9525,1.0
gemma-3-27b-it,Gemma 3,27.4,verb_causality_study_semantics_ratings_mk_april_2010,lexical_semantics,188,0.6937,0.972,0.7137,1.0
gemma-3-27b-it,Gemma 3,27.4,verb_causality_study_syntax_ratings_mk_april_2010,syntax,653,0.2623,0.633,0.4143,1.0
gemma-3-27b-it,Gemma 3,27.4,wm2_wm5_9_59_sentence_naturalness_survey_april_2011,syntax,219,0.8218,0.839,0.9794,1.0
gemma-3-27b-it,Gemma 3,27.4,word3_b_word_naturalness_survey_may_4_2011_160_items_code_sleepy_bear,subword,158,0.7179,0.937,0.7661,1.0
gemma-3-27b-it,Gemma 3,27.4,word3_word_naturalness_survey_may_1_2011_45_items_code_nosy_badger,subword,45,0.6082,0.948,0.6416,1.0
gemma-3-4b-it,Gemma 3,4.3,50_sentences_noisy_channel_may_25_2011,pragmatics,208,0.2137,0.555,0.3851,1.0
gemma-3-4b-it,Gemma 3,4.3,50_sentences_with_2_comp_qs_plus_rating_mar_11_2011,sentence_semantics,208,0.5126,0.588,0.8717,1.0
gemma-3-4b-it,Gemma 3,4.3,acceptability_extension_959_v5,syntax,566,0.7654,0.797,0.9604,1.0
gemma-3-4b-it,Gemma 3,4.3,acceptability_judgments_kang,syntax,136,0.8539,0.974,0.8767,1.0
gemma-3-4b-it,Gemma 3,4.3,acceptability_replication_959,syntax,288,0.8997,0.964,0.9333,1.0
gemma-3-4b-it,Gemma 3,4.3,acd_context_polly_1_nov_23_2012,discourse,310,0.1222,0.462,0.2645,1.0
gemma-3-4b-it,Gemma 3,4.3,acd_no_context_polly_1_nov_23_2012,syntax,213,0.6235,0.838,0.744,1.0
gemma-3-4b-it,Gemma 3,4.3,acd_project_also_3_nov_24_2012_2,syntax,128,0.5773,0.874,0.6605,1.0
gemma-3-4b-it,Gemma 3,4.3,acd_project_expt_23_also_nov_16_2012,syntax,600,0.6066,0.825,0.7353,1.0
gemma-3-4b-it,Gemma 3,4.3,acd_project_expt_24_same_diff_verbs_nov_16_2012,syntax,472,0.5993,0.89,0.6734,1.0
gemma-3-4b-it,Gemma 3,4.3,acd_project_expt_31_same_diff_verbs_nov_16_2012_1,syntax,176,0.6637,0.755,0.8791,1.0
gemma-3-4b-it,Gemma 3,4.3,acd_project_expt_42_also_verbs_nov_29_2012_1,syntax,176,0.5114,0.63,0.8117,1.0
gemma-3-4b-it,Gemma 3,4.3,acd_project_expt_44_the_same_nov_29_2012_1,syntax,140,0.6147,0.601,1.0229,1.0
gemma-3-4b-it,Gemma 3,4.3,acd_project_expt_45_hkv_expt_2_plaus_nov_29_2012,syntax,360,0.3855,0.774,0.4981,1.0
gemma-3-4b-it,Gemma 3,4.3,acd_project_expt_46_also_in_hkv_2_nov_29_2012_1,syntax,448,0.2523,0.56,0.4506,1.0
gemma-3-4b-it,Gemma 3,4.3,active_passive_sentence_naturalness_survey_july_2012,syntax,132,0.7716,0.887,0.8699,1.0
gemma-3-4b-it,Gemma 3,4.3,aixiu_coherence_en_update1,sentence_semantics,277,0.8042,0.882,0.9118,1.0
gemma-3-4b-it,Gemma 3,4.3,alex_paunov_literal_inferences_dec_3_2011,pragmatics,299,0.2721,0.908,0.2997,1.0
gemma-3-4b-it,Gemma 3,4.3,amouyal2024_plausibility,sentence_semantics,853,0.5958,0.915,0.6512,1.0
gemma-3-4b-it,Gemma 3,4.3,animacy_passive_dative_kyle,syntax,120,0.5569,0.926,0.6014,1.0
gemma-3-4b-it,Gemma 3,4.3,anne_abeille_acceptability_july_12_2017_1,syntax,296,0.5508,0.635,0.8674,1.0
gemma-3-4b-it,Gemma 3,4.3,base_acceptability_0908,syntax,73,0.5746,0.931,0.6171,1.0
gemma-3-4b-it,Gemma 3,4.3,brief_sentence_naturalness_survey_march_2011,sentence_semantics,64,0.821,0.96,0.8552,1.0
gemma-3-4b-it,Gemma 3,4.3,can_noncan_acceptability_0924,syntax,88,0.6691,0.966,0.6927,1.0
gemma-3-4b-it,Gemma 3,4.3,can_noncan_acceptability_2,syntax,88,0.6997,0.962,0.7273,1.0
gemma-3-4b-it,Gemma 3,4.3,chinese_dative,discourse,96,0.4752,0.715,0.6646,1.0
gemma-3-4b-it,Gemma 3,4.3,class_demo,syntax,44,0.543,0.927,0.5858,1.0
gemma-3-4b-it,Gemma 3,4.3,clefting_e3,syntax,48,0.5944,0.877,0.6777,1.0
gemma-3-4b-it,Gemma 3,4.3,clefting_e4,syntax,48,0.521,0.969,0.5376,1.0
gemma-3-4b-it,Gemma 3,4.3,coherence_survey_list1_main,discourse,100,0.8361,0.95,0.8801,1.0
gemma-3-4b-it,Gemma 3,4.3,coherence_survey_list2_main,discourse,100,0.8803,0.948,0.9286,1.0
gemma-3-4b-it,Gemma 3,4.3,coherence_survey_list3_main,discourse,100,0.8614,0.942,0.9145,1.0
gemma-3-4b-it,Gemma 3,4.3,coherence_survey_list4_main,discourse,100,0.8219,0.95,0.8651,1.0
gemma-3-4b-it,Gemma 3,4.3,constituency_tests_2,syntax,48,0.5305,0.836,0.6345,1.0
gemma-3-4b-it,Gemma 3,4.3,constituency_tests,syntax,48,0.5063,0.654,0.7741,1.0
gemma-3-4b-it,Gemma 3,4.3,copy_cat_polly_june_2014,discourse,102,0.5751,0.865,0.6648,1.0
gemma-3-4b-it,Gemma 3,4.3,copy_of_verb_causality_study_semantics_ratings_mk_april_2010,lexical_semantics,62,0.3329,0.83,0.4011,1.0
gemma-3-4b-it,Gemma 3,4.3,crossed_dependencies_long,syntax,201,0.5729,0.899,0.6372,1.0
gemma-3-4b-it,Gemma 3,4.3,cul_jack_april_12_2012_54_short_texts_with_two_comprehension_questions,syntax,210,0.6985,0.896,0.7796,1.0
gemma-3-4b-it,Gemma 3,4.3,cul_jack_sentence_naturalness_survey_april_2010,syntax,220,0.8524,0.952,0.8954,1.0
gemma-3-4b-it,Gemma 3,4.3,dative_alternation_extension_version_2,syntax,229,0.4984,0.456,1.0929,1.0
gemma-3-4b-it,Gemma 3,4.3,dative_finnish,discourse,96,0.6306,0.689,0.9152,1.0
gemma-3-4b-it,Gemma 3,4.3,dative_turkish,discourse,96,0.2176,0.734,0.2964,1.0
gemma-3-4b-it,Gemma 3,4.3,dentella2023_grammaticality,syntax,80,0.4717,0.981,0.4809,1.0
gemma-3-4b-it,Gemma 3,4.3,depth_charge_survey,sentence_semantics,188,0.418,0.846,0.4941,1.0
gemma-3-4b-it,Gemma 3,4.3,depth_charge_with_noise,sentence_semantics,188,0.528,0.854,0.6182,1.0
gemma-3-4b-it,Gemma 3,4.3,discourse_30subjs_list1,discourse,100,0.8417,0.941,0.8945,1.0
gemma-3-4b-it,Gemma 3,4.3,discourse_30subjs_list2,discourse,100,0.8841,0.951,0.9297,1.0
gemma-3-4b-it,Gemma 3,4.3,discourse_30subjs_list3,discourse,100,0.8795,0.947,0.9288,1.0
gemma-3-4b-it,Gemma 3,4.3,discourse_30subjs_list4,discourse,100,0.8507,0.942,0.9031,1.0
gemma-3-4b-it,Gemma 3,4.3,discourse_causality_list1,discourse,100,0.7886,0.935,0.8434,1.0
gemma-3-4b-it,Gemma 3,4.3,discourse_causality_list2,discourse,100,0.7683,0.952,0.807,1.0
gemma-3-4b-it,Gemma 3,4.3,discourse_causality_list3,discourse,100,0.7784,0.933,0.8343,1.0
gemma-3-4b-it,Gemma 3,4.3,discourse_causality_list4,discourse,100,0.7958,0.955,0.8333,1.0
gemma-3-4b-it,Gemma 3,4.3,discourse_changed_0428,discourse,48,0.8111,0.953,0.8511,1.0
gemma-3-4b-it,Gemma 3,4.3,discourse_coherence_list1,discourse,100,0.7505,0.943,0.7959,1.0
gemma-3-4b-it,Gemma 3,4.3,discourse_coherence_list2,discourse,100,0.7763,0.936,0.8293,1.0
gemma-3-4b-it,Gemma 3,4.3,discourse_coherence_list3,discourse,100,0.7819,0.95,0.823,1.0
gemma-3-4b-it,Gemma 3,4.3,discourse_coherence_list4,discourse,100,0.7807,0.933,0.8368,1.0
gemma-3-4b-it,Gemma 3,4.3,discourse_imagability_pairs_list1,sentence_semantics,100,0.37,0.917,0.4035,1.0
gemma-3-4b-it,Gemma 3,4.3,discourse_imagability_pairs_list2,sentence_semantics,100,0.3257,0.946,0.3443,1.0
gemma-3-4b-it,Gemma 3,4.3,discourse_imagability_singles_list1,sentence_semantics,100,0.4978,0.938,0.5307,1.0
gemma-3-4b-it,Gemma 3,4.3,discourse_imagability_singles_list2,sentence_semantics,100,0.6688,0.954,0.701,1.0
gemma-3-4b-it,Gemma 3,4.3,discourse_imagability_singles_list3,sentence_semantics,100,0.6028,0.931,0.6475,1.0
gemma-3-4b-it,Gemma 3,4.3,discourse_imagability_singles_list4,sentence_semantics,100,0.6633,0.948,0.6997,1.0
gemma-3-4b-it,Gemma 3,4.3,discourse_mentalizing_pairs_list1,sentence_semantics,100,0.6957,0.928,0.7497,1.0
gemma-3-4b-it,Gemma 3,4.3,discourse_mentalizing_pairs_list2,sentence_semantics,100,0.6798,0.931,0.7302,1.0
gemma-3-4b-it,Gemma 3,4.3,discourse_mentalizing_singles_list1,sentence_semantics,100,0.6445,0.935,0.6894,1.0
gemma-3-4b-it,Gemma 3,4.3,discourse_mentalizing_singles_list2,sentence_semantics,100,0.7444,0.925,0.8048,1.0
gemma-3-4b-it,Gemma 3,4.3,discourse_mentalizing_singles_list3,sentence_semantics,100,0.5722,0.909,0.6294,1.0
gemma-3-4b-it,Gemma 3,4.3,discourse_mentalizing_singles_list4,sentence_semantics,100,0.7582,0.952,0.7965,1.0
gemma-3-4b-it,Gemma 3,4.3,discourse_physics_pairs_list1,sentence_semantics,100,0.6535,0.957,0.6828,1.0
gemma-3-4b-it,Gemma 3,4.3,discourse_physics_pairs_list2,sentence_semantics,100,0.7584,0.951,0.7975,1.0
gemma-3-4b-it,Gemma 3,4.3,discourse_physics_singles_list1,sentence_semantics,100,0.7912,0.943,0.839,1.0
gemma-3-4b-it,Gemma 3,4.3,discourse_physics_singles_list2,sentence_semantics,100,0.7459,0.952,0.7835,1.0
gemma-3-4b-it,Gemma 3,4.3,discourse_physics_singles_list3,sentence_semantics,100,0.7987,0.941,0.8488,1.0
gemma-3-4b-it,Gemma 3,4.3,discourse_physics_singles_list4,sentence_semantics,100,0.8049,0.942,0.8544,1.0
gemma-3-4b-it,Gemma 3,4.3,discourse_scenes_pairs_list1,sentence_semantics,100,0.7681,0.944,0.8137,1.0
gemma-3-4b-it,Gemma 3,4.3,discourse_scenes_pairs_list2,sentence_semantics,100,0.8145,0.95,0.8574,1.0
gemma-3-4b-it,Gemma 3,4.3,discourse_scenes_singles_list1,sentence_semantics,100,0.8399,0.944,0.8898,1.0
gemma-3-4b-it,Gemma 3,4.3,discourse_scenes_singles_list2,sentence_semantics,100,0.8008,0.949,0.8439,1.0
gemma-3-4b-it,Gemma 3,4.3,discourse_scenes_singles_list3,sentence_semantics,100,0.8277,0.966,0.8569,1.0
gemma-3-4b-it,Gemma 3,4.3,discourse_scenes_singles_list4,sentence_semantics,100,0.8357,0.964,0.8669,1.0
gemma-3-4b-it,Gemma 3,4.3,diveica2023_socialness,lexical_semantics,1000,0.7959,0.883,0.9014,1.0
gemma-3-4b-it,Gemma 3,4.3,ecog_sentences_imaginability_jan_8_2014,sentence_semantics,120,0.2247,0.833,0.2697,1.0
gemma-3-4b-it,Gemma 3,4.3,ecog_sentences_naturalness_jan_8_2014_2,sentence_semantics,120,0.4893,0.727,0.6731,1.0
gemma-3-4b-it,Gemma 3,4.3,edwards2024_spelling_to_pronunciation_transparency,subword,1000,0.6009,0.826,0.7275,1.0
gemma-3-4b-it,Gemma 3,4.3,erp_norming_error_detection_june_2013_4,syntax,323,-0.4703,0.841,-0.5592,1.0
gemma-3-4b-it,Gemma 3,4.3,erp_sentence_naturalness_survey_june_2013_2,syntax,483,0.8081,0.922,0.8765,1.0
gemma-3-4b-it,Gemma 3,4.3,eunice_disfluency_2_nov_17_2011,syntax,190,0.5171,0.832,0.6215,1.0
gemma-3-4b-it,Gemma 3,4.3,eunice_disfluency_nov_15_2011,syntax,468,0.3865,0.807,0.479,1.0
gemma-3-4b-it,Gemma 3,4.3,european_portuguese_rc,syntax,174,0.7101,0.84,0.8453,1.0
gemma-3-4b-it,Gemma 3,4.3,european_portuguese_wh,syntax,174,0.6986,0.893,0.7824,1.0
gemma-3-4b-it,Gemma 3,4.3,extension,syntax,138,0.654,0.872,0.75,1.0
gemma-3-4b-it,Gemma 3,4.3,gabriel_rc,syntax,174,0.7035,0.818,0.86,1.0
gemma-3-4b-it,Gemma 3,4.3,gabriel_wh,syntax,174,0.6748,0.902,0.7482,1.0
gemma-3-4b-it,Gemma 3,4.3,giurgea2025_motivation,lexical_semantics,1000,0.613,0.856,0.7161,1.0
gemma-3-4b-it,Gemma 3,4.3,huang_response_set1a,syntax,288,0.5201,0.966,0.5384,1.0
gemma-3-4b-it,Gemma 3,4.3,huang_response_set1b,syntax,288,0.5668,0.964,0.588,1.0
gemma-3-4b-it,Gemma 3,4.3,huang_response_set2a,syntax,288,0.6422,0.97,0.6621,1.0
gemma-3-4b-it,Gemma 3,4.3,huang_response_set2a_declaratives,syntax,288,0.6462,0.97,0.6662,1.0
gemma-3-4b-it,Gemma 3,4.3,huang_response_set2b,syntax,288,0.6337,0.97,0.6533,1.0
gemma-3-4b-it,Gemma 3,4.3,huang_response_set2b_declaratives,syntax,288,0.6508,0.974,0.6682,1.0
gemma-3-4b-it,Gemma 3,4.3,imperative_control_iad_gs_may_16_2011_purple_puppy,pragmatics,96,0.4889,0.86,0.5684,1.0
gemma-3-4b-it,Gemma 3,4.3,isac_sentence_naturalness_survey_feb_2011_64_items_survey_code_giant_c,syntax,256,0.5171,0.885,0.5843,1.0
gemma-3-4b-it,Gemma 3,4.3,islands_acceptability_expt_2_dec_2_2012,syntax,480,0.7466,0.874,0.8542,1.0
gemma-3-4b-it,Gemma 3,4.3,italian_dative_v2,discourse,192,0.2084,0.604,0.3451,1.0
gemma-3-4b-it,Gemma 3,4.3,italian_locative_v7,discourse,192,0.394,0.66,0.5969,1.0
gemma-3-4b-it,Gemma 3,4.3,lancaster2020_auditory,lexical_semantics,1000,0.2361,0.831,0.2841,1.0
gemma-3-4b-it,Gemma 3,4.3,lancaster2020_foot_leg,lexical_semantics,1000,0.3434,0.729,0.4711,1.0
gemma-3-4b-it,Gemma 3,4.3,lancaster2020_gustatory,lexical_semantics,1000,0.3029,0.545,0.5558,1.0
gemma-3-4b-it,Gemma 3,4.3,lancaster2020_hand_arm,lexical_semantics,1000,0.1537,0.783,0.1962,1.0
gemma-3-4b-it,Gemma 3,4.3,lancaster2020_haptic,lexical_semantics,1000,0.2651,0.808,0.3281,1.0
gemma-3-4b-it,Gemma 3,4.3,lancaster2020_head,lexical_semantics,1000,0.1805,0.57,0.3167,1.0
gemma-3-4b-it,Gemma 3,4.3,lancaster2020_interoceptive,lexical_semantics,1000,0.3833,0.778,0.4927,1.0
gemma-3-4b-it,Gemma 3,4.3,lancaster2020_mouth,lexical_semantics,1000,0.3478,0.777,0.4476,1.0
gemma-3-4b-it,Gemma 3,4.3,lancaster2020_olfactory,lexical_semantics,1000,0.3773,0.622,0.6066,1.0
gemma-3-4b-it,Gemma 3,4.3,lancaster2020_torso,lexical_semantics,1000,0.1125,0.675,0.1666,1.0
gemma-3-4b-it,Gemma 3,4.3,lancaster2020_visual,lexical_semantics,1000,0.3696,0.767,0.4818,1.0
gemma-3-4b-it,Gemma 3,4.3,lauren_sentence_naturalness_survey_expt3_nov_17_2011,syntax,460,0.4755,0.633,0.7511,1.0
gemma-3-4b-it,Gemma 3,4.3,lauren_sentence_naturalness_survey_expt_2_nov_15_2011,syntax,252,0.6482,0.712,0.9104,1.0
gemma-3-4b-it,Gemma 3,4.3,lauren_sentence_naturalness_survey_oct_14_2011,syntax,360,0.6722,0.703,0.9562,1.0
gemma-3-4b-it,Gemma 3,4.3,lexical_frame_adjectives_likert_set1,syntax,384,0.7195,0.83,0.8669,1.0
gemma-3-4b-it,Gemma 3,4.3,lexical_frame_adjectives_likert_set2,syntax,384,0.6961,0.744,0.9356,1.0
gemma-3-4b-it,Gemma 3,4.3,lexical_frame_adjectives_likert_set3,syntax,384,0.7329,0.873,0.8395,1.0
gemma-3-4b-it,Gemma 3,4.3,locative_topicalization_survey,discourse,229,0.5834,0.777,0.7509,1.0
gemma-3-4b-it,Gemma 3,4.3,massive_mem_arousal_mar_2013,lexical_semantics,1000,0.4068,0.883,0.4607,1.0
gemma-3-4b-it,Gemma 3,4.3,massive_mem_arousal_mar_2013_end_2,lexical_semantics,242,0.378,0.85,0.4447,1.0
gemma-3-4b-it,Gemma 3,4.3,massive_mem_arousal_mar_2014,lexical_semantics,1000,0.4615,0.863,0.5348,1.0
gemma-3-4b-it,Gemma 3,4.3,massive_mem_arousal_mar_2014_end_1,lexical_semantics,242,0.417,0.886,0.4707,1.0
gemma-3-4b-it,Gemma 3,4.3,massive_mem_concreteness_mar_2013,lexical_semantics,1000,0.6008,0.956,0.6284,1.0
gemma-3-4b-it,Gemma 3,4.3,massive_mem_concreteness_mar_2013_end_1,lexical_semantics,242,0.5755,0.959,0.6001,1.0
gemma-3-4b-it,Gemma 3,4.3,massive_mem_concreteness_mar_2014,lexical_semantics,1000,0.3451,0.952,0.3625,1.0
gemma-3-4b-it,Gemma 3,4.3,massive_mem_concreteness_mar_2014_end_1,lexical_semantics,242,0.3455,0.955,0.3618,1.0
gemma-3-4b-it,Gemma 3,4.3,massive_mem_imageability_mar_2013,lexical_semantics,1000,0.387,0.961,0.4027,1.0
gemma-3-4b-it,Gemma 3,4.3,massive_mem_imageability_mar_2013_end_1,lexical_semantics,242,0.6081,0.963,0.6314,1.0
gemma-3-4b-it,Gemma 3,4.3,massive_mem_imageability_mar_2014,lexical_semantics,1000,0.4102,0.948,0.4327,1.0
gemma-3-4b-it,Gemma 3,4.3,massive_mem_imageability_mar_2014_end_1,lexical_semantics,242,0.4614,0.964,0.4786,1.0
gemma-3-4b-it,Gemma 3,4.3,massive_mem_valence_mar_2013,lexical_semantics,1000,0.6769,0.948,0.714,1.0
gemma-3-4b-it,Gemma 3,4.3,massive_mem_valence_mar_2013_end_1,lexical_semantics,242,0.8363,0.966,0.8657,1.0
gemma-3-4b-it,Gemma 3,4.3,massive_mem_valence_mar_2014,lexical_semantics,1000,0.7874,0.961,0.8193,1.0
gemma-3-4b-it,Gemma 3,4.3,massive_mem_valence_mar_2014_end_1,lexical_semantics,242,0.8433,0.959,0.8793,1.0
gemma-3-4b-it,Gemma 3,4.3,melissa_short_naturalness_test,sentence_semantics,24,0.8197,0.968,0.8468,1.0
gemma-3-4b-it,Gemma 3,4.3,missing_vp_extension_0501_final,syntax,72,0.2397,0.741,0.3234,1.0
gemma-3-4b-it,Gemma 3,4.3,missing_vp_extension,syntax,80,0.4977,0.881,0.5649,1.0
gemma-3-4b-it,Gemma 3,4.3,missing_vp_rereplication,syntax,72,0.3855,0.707,0.5453,1.0
gemma-3-4b-it,Gemma 3,4.3,mk_grammaticality_study_7_20,syntax,1000,0.5005,0.876,0.5714,1.0
gemma-3-4b-it,Gemma 3,4.3,muraki2023_concreteness,lexical_semantics,1000,0.2919,0.829,0.3521,1.0
gemma-3-4b-it,Gemma 3,4.3,noisy_channel_acceptability_1_sept_2013_1,syntax,496,0.8099,0.921,0.8793,1.0
gemma-3-4b-it,Gemma 3,4.3,noisy_channel_acceptability_2_sept_2013,syntax,380,0.8517,0.965,0.8826,1.0
gemma-3-4b-it,Gemma 3,4.3,noisy_rc_norming_oct19,sentence_semantics,128,0.4423,0.838,0.5278,1.0
gemma-3-4b-it,Gemma 3,4.3,of_acceptability_2,syntax,88,0.6581,0.951,0.692,1.0
gemma-3-4b-it,Gemma 3,4.3,orange_camel_sentence_naturalness_survey_nov_2010,discourse,144,0.3336,0.861,0.3875,1.0
gemma-3-4b-it,Gemma 3,4.3,orc_lauren_sentence_naturalness_survey_july_2012,syntax,192,0.7563,0.948,0.7978,1.0
gemma-3-4b-it,Gemma 3,4.3,p_p_sentence_naturalness_survey_aug_2010,syntax,252,0.3391,0.859,0.3948,1.0
gemma-3-4b-it,Gemma 3,4.3,p_p_sentence_naturalness_survey_dec_2009,syntax,324,0.5239,0.95,0.5515,1.0
gemma-3-4b-it,Gemma 3,4.3,p_p_sentence_naturalness_survey_feb,syntax,614,0.412,0.664,0.6205,1.0
gemma-3-4b-it,Gemma 3,4.3,p_p_sentence_naturalness_survey_june_2013_v3,syntax,242,0.5157,0.928,0.5557,1.0
gemma-3-4b-it,Gemma 3,4.3,paris_judgments_3_dec_2012,syntax,477,0.4399,0.845,0.5206,1.0
gemma-3-4b-it,Gemma 3,4.3,pascal_1_dec_2012,syntax,544,0.1186,0.066,1.7963,1.0
gemma-3-4b-it,Gemma 3,4.3,presup_survey_1_acd_july_2012,pragmatics,240,0.631,0.83,0.7603,1.0
gemma-3-4b-it,Gemma 3,4.3,presup_survey_2_acd_july_2012,pragmatics,240,0.2768,0.665,0.4163,1.0
gemma-3-4b-it,Gemma 3,4.3,pronouns_following_verbs,pragmatics,44,0.1973,0.706,0.2795,1.0
gemma-3-4b-it,Gemma 3,4.3,pronouns_following_verbs_an,pragmatics,44,0.343,0.663,0.5174,1.0
gemma-3-4b-it,Gemma 3,4.3,pronouns_following_verbs_ce,pragmatics,44,0.2785,0.708,0.3933,1.0
gemma-3-4b-it,Gemma 3,4.3,pronouns_following_verbs_sm,pragmatics,44,0.1449,0.443,0.3271,1.0
gemma-3-4b-it,Gemma 3,4.3,pronouns_following_verbs_so,pragmatics,44,0.146,0.509,0.2869,1.0
gemma-3-4b-it,Gemma 3,4.3,pronouns_following_verbs_ve,pragmatics,45,0.1561,0.567,0.2752,1.0
gemma-3-4b-it,Gemma 3,4.3,quant_syn_april_13_2012_90_sentences_with_a_question_and_a_rating_code,syntax,184,0.8096,0.91,0.8896,1.0
gemma-3-4b-it,Gemma 3,4.3,quant_syn_april_14_2012_48_sentences_with_a_question_and_a_rating_code,syntax,168,0.7691,0.96,0.8012,1.0
gemma-3-4b-it,Gemma 3,4.3,quant_syn_april_16_2012_36_sentences_with_a_question_and_a_rating_code,syntax,126,0.8718,0.965,0.9034,1.0
gemma-3-4b-it,Gemma 3,4.3,quantifier_naturalness_survey_june_4_2010,syntax,192,0.5677,0.639,0.8884,1.0
gemma-3-4b-it,Gemma 3,4.3,quantitative_syntax_survey,syntax,129,0.5092,0.852,0.5976,1.0
gemma-3-4b-it,Gemma 3,4.3,rating_english_sentences,syntax,240,0.8001,0.899,0.89,1.0
gemma-3-4b-it,Gemma 3,4.3,reasoning_and_language_tasks_survey_code_talkative_pigeon,syntax,72,0.717,0.941,0.762,1.0
gemma-3-4b-it,Gemma 3,4.3,relative_clause_displacements_in_english_sentences,syntax,180,0.5675,0.501,1.1327,1.0
gemma-3-4b-it,Gemma 3,4.3,relative_clause_displacements_in_english_sentences_with_fill,syntax,93,0.5076,0.846,0.6,1.0
gemma-3-4b-it,Gemma 3,4.3,replication_study_9_59,discourse,185,0.4449,0.363,1.2257,1.0
gemma-3-4b-it,Gemma 3,4.3,richard_islands_acceptability_expt_1_april_25_2013_3,syntax,144,0.6591,0.819,0.8048,1.0
gemma-3-4b-it,Gemma 3,4.3,richard_islands_acceptability_expt_2_april_26_2013,syntax,228,0.7693,0.92,0.8362,1.0
gemma-3-4b-it,Gemma 3,4.3,richard_islands_acceptability_expt_4_april_26_2013_1,syntax,100,0.7829,0.931,0.8409,1.0
gemma-3-4b-it,Gemma 3,4.3,richard_islands_acceptability_expt_5_april_27_2013_1,syntax,132,0.5289,0.619,0.8544,1.0
gemma-3-4b-it,Gemma 3,4.3,richard_islands_acceptability_expt_6_april_28_2013_while_whq_decl,syntax,100,0.8328,0.965,0.8631,1.0
gemma-3-4b-it,Gemma 3,4.3,russian_freezing,syntax,180,0.557,0.898,0.6203,1.0
gemma-3-4b-it,Gemma 3,4.3,semantics1_finalproject,sentence_semantics,96,0.8402,0.972,0.8644,1.0
gemma-3-4b-it,Gemma 3,4.3,semantics2_finalproject,sentence_semantics,96,0.8006,0.986,0.812,1.0
gemma-3-4b-it,Gemma 3,4.3,semantics3_final_project,pragmatics,96,0.5869,0.974,0.6025,1.0
gemma-3-4b-it,Gemma 3,4.3,sentence_completions_and_islands_acceptability_expt_1_nov_13_2012,syntax,112,0.5734,0.969,0.5917,1.0
gemma-3-4b-it,Gemma 3,4.3,sentence_naturalness_isac_survey_feb_2011,syntax,304,0.6245,0.836,0.7471,1.0
gemma-3-4b-it,Gemma 3,4.3,sentence_naturalness_survey_acd_ratings_hackl_expt_7_oct_25_2012_1,syntax,176,0.6138,0.886,0.6928,1.0
gemma-3-4b-it,Gemma 3,4.3,sentence_naturalness_survey_acd_ratings_hackl_replic_expt_1_july_14_20,syntax,480,0.602,0.864,0.6968,1.0
gemma-3-4b-it,Gemma 3,4.3,sentence_naturalness_survey_acd_ratings_v4_july_13_2012,syntax,176,0.6528,0.748,0.8727,1.0
gemma-3-4b-it,Gemma 3,4.3,sentence_naturalness_survey_acd_v1_jan_2012,discourse,128,0.1847,0.299,0.6176,1.0
gemma-3-4b-it,Gemma 3,4.3,sentence_naturalness_survey_acd_v6_oct_25_2012,discourse,128,0.2282,0.602,0.3791,1.0
gemma-3-4b-it,Gemma 3,4.3,sentence_naturalness_survey_denise_jan_12_2011_survey_code_pig_the_pig,syntax,200,0.7588,0.986,0.7696,1.0
gemma-3-4b-it,Gemma 3,4.3,sentence_naturalness_survey_denise_sept_8_2010_survey_code_pig_the_pig,syntax,224,0.7217,0.972,0.7424,1.0
gemma-3-4b-it,Gemma 3,4.3,sentence_naturalness_survey_feb_16_1_2012_60_items_code_shy_armadillo,syntax,120,0.6399,0.912,0.7016,1.0
gemma-3-4b-it,Gemma 3,4.3,sentence_naturalness_survey_for_gs_dec_2009,pragmatics,122,0.6811,0.882,0.7722,1.0
gemma-3-4b-it,Gemma 3,4.3,sentence_naturalness_survey_for_gs_jan_2010,pragmatics,133,0.6744,0.906,0.7443,1.0
gemma-3-4b-it,Gemma 3,4.3,sentence_naturalness_survey_for_gs_jan_23_2010,pragmatics,216,0.6442,0.942,0.6838,1.0
gemma-3-4b-it,Gemma 3,4.3,sentence_naturalness_survey_for_gs_may_11_2011_purple_puppy,pragmatics,72,0.535,0.873,0.6129,1.0
gemma-3-4b-it,Gemma 3,4.3,sentence_naturalness_survey_for_jk_april_4_2010,discourse,96,0.1963,0.886,0.2215,1.0
gemma-3-4b-it,Gemma 3,4.3,sentence_naturalness_survey_for_jk_april_4_expt_3_2010,discourse,96,0.14,0.83,0.1687,1.0
gemma-3-4b-it,Gemma 3,4.3,sentence_naturalness_survey_for_jk_april_9_expt_4_2010,discourse,96,0.0779,0.831,0.0937,1.0
gemma-3-4b-it,Gemma 3,4.3,sentence_naturalness_survey_for_jk_june_24_2010_v2,discourse,176,0.0768,0.787,0.0976,1.0
gemma-3-4b-it,Gemma 3,4.3,sentence_naturalness_survey_for_jk_mar_2010,discourse,96,0.1814,0.88,0.2061,1.0
gemma-3-4b-it,Gemma 3,4.3,sentence_naturalness_survey_for_jkm_dec_2009,discourse,128,0.0745,0.18,0.4141,1.0
gemma-3-4b-it,Gemma 3,4.3,sentence_naturalness_survey_for_jkm_jan_2012,discourse,128,-0.0221,0.266,-0.0832,1.0
gemma-3-4b-it,Gemma 3,4.3,sentence_naturalness_survey_for_lb_dec_2009,discourse,108,0.4998,0.832,0.6007,1.0
gemma-3-4b-it,Gemma 3,4.3,sentence_naturalness_survey_for_lb_feb_20_2010_v2,discourse,79,0.6857,0.951,0.7211,1.0
gemma-3-4b-it,Gemma 3,4.3,sentence_naturalness_survey_for_lb_jan_2011,discourse,519,0.2034,0.886,0.2296,1.0
gemma-3-4b-it,Gemma 3,4.3,sentence_naturalness_survey_for_lb_jan_2011_v2,discourse,519,0.2298,0.689,0.3335,1.0
gemma-3-4b-it,Gemma 3,4.3,sentence_naturalness_survey_for_lb_jan_2011_v3,discourse,519,0.1458,0.886,0.1646,1.0
gemma-3-4b-it,Gemma 3,4.3,sentence_naturalness_survey_for_lb_mar_2010_2,discourse,241,0.5423,0.935,0.58,1.0
gemma-3-4b-it,Gemma 3,4.3,sentence_naturalness_survey_for_lb_mar_2010,discourse,123,0.5109,0.951,0.5373,1.0
gemma-3-4b-it,Gemma 3,4.3,sentence_naturalness_survey_for_lb_may_2010,discourse,148,0.3719,0.953,0.3903,1.0
gemma-3-4b-it,Gemma 3,4.3,sentence_naturalness_survey_for_lb_prelim_oct_2010,discourse,402,0.3747,0.882,0.4249,1.0
gemma-3-4b-it,Gemma 3,4.3,sentence_naturalness_survey_for_rw_dec_2009,discourse,180,0.4385,0.825,0.5315,1.0
gemma-3-4b-it,Gemma 3,4.3,sentence_naturalness_survey_for_rw_jan_2010,discourse,480,0.4165,0.872,0.4777,1.0
gemma-3-4b-it,Gemma 3,4.3,sentence_naturalness_survey_laura_mar_17_2012_92_items_code_lazy_cater,sentence_semantics,368,0.7445,0.883,0.8431,1.0
gemma-3-4b-it,Gemma 3,4.3,sentence_naturalness_survey_laura_mar_17_2012_96_items_code_lazy_cater,sentence_semantics,384,0.732,0.883,0.829,1.0
gemma-3-4b-it,Gemma 3,4.3,sentence_naturalness_survey_may_4_2011_36_items_code_anxious_bat,syntax,84,0.4965,0.757,0.6559,1.0
gemma-3-4b-it,Gemma 3,4.3,sentence_naturalness_survey_nat_aug_28_2010_survey_code_downtown,syntax,270,0.6765,0.956,0.7077,1.0
gemma-3-4b-it,Gemma 3,4.3,short_acceptability_feb_6_2014,syntax,128,0.5886,0.907,0.649,1.0
gemma-3-4b-it,Gemma 3,4.3,susan_canonicity_rerunning_2,syntax,52,0.678,0.95,0.7137,1.0
gemma-3-4b-it,Gemma 3,4.3,topicalization_e1,syntax,77,0.8017,0.942,0.8511,1.0
gemma-3-4b-it,Gemma 3,4.3,verb_causality_study_semantics_ratings_mk_april_2010,lexical_semantics,188,0.4165,0.972,0.4285,1.0
gemma-3-4b-it,Gemma 3,4.3,verb_causality_study_syntax_ratings_mk_april_2010,syntax,653,0.1816,0.633,0.2869,1.0
gemma-3-4b-it,Gemma 3,4.3,wm2_wm5_9_59_sentence_naturalness_survey_april_2011,syntax,219,0.7859,0.839,0.9367,1.0
gemma-3-4b-it,Gemma 3,4.3,word3_b_word_naturalness_survey_may_4_2011_160_items_code_sleepy_bear,subword,158,0.3641,0.937,0.3886,1.0
gemma-3-4b-it,Gemma 3,4.3,word3_word_naturalness_survey_may_1_2011_45_items_code_nosy_badger,subword,45,0.4132,0.948,0.4359,1.0
