unit,mean,std,n,individual_ratings
aardvark,4.27,1.75,15,
abalone,4.95,1.79,22,
abandon,3.32,2.5,22,
abandonment,2.64,1.81,28,
abbey,5.0,2.02,25,
abdomen,5.15,1.94,27,
abdominal,5.32,2.11,19,
abduct,2.75,2.13,24,
abduction,3.02,2.42,48,
abide,5.33,2.83,18,
abiding,6.6,2.3,20,
ability,6.55,2.48,22,
abject,4.35,2.6,17,
ablaze,4.58,2.39,36,
able,6.17,2.62,18,
abnormal,4.7,2.44,23,
abnormality,3.96,2.5,23,
abode,5.05,2.44,20,
abolish,4.65,2.42,17,
abominable,4.62,1.83,21,
abomination,3.8,1.38,25,
abort,3.38,2.21,26,
abortion,4.73,2.95,44,
abracadabra,4.96,1.97,24,
abrasive,4.94,2.32,34,
abreast,5.19,1.99,21,
abrupt,3.75,1.8,24,
abscess,3.95,2.31,20,
absence,4.24,2.32,21,
absent,4.21,2.37,19,
absinthe,3.95,1.82,20,
absolute,5.58,2.66,26,
absolution,5.75,2.33,24,
absolve,4.82,2.46,17,
absorb,5.62,1.66,24,
abstain,6.08,2.25,25,
abstinence,5.64,2.85,22,
abstract,5.53,2.59,19,
absurd,5.06,2.39,18,
absurdity,5.37,2.29,19,
abundance,5.66,2.19,62,
abundant,5.81,1.88,26,
abuse,2.9,2.17,20,
abusive,3.58,2.5,19,
abysmal,3.76,1.64,21,
abyss,4.0,2.68,21,
academic,6.21,2.13,28,
academy,5.38,1.71,24,
accelerant,6.04,2.01,24,
accelerate,6.15,2.07,26,
accelerated,6.29,1.92,28,
acceleration,5.76,2.05,21,
accelerator,6.65,1.84,17,
accent,5.36,2.47,36,
accept,5.94,2.13,18,
acceptable,6.58,1.92,19,
acceptance,6.49,2.43,47,
access,6.89,2.18,19,
accessible,6.58,2.24,19,
accessory,5.83,2.43,24,
accident,3.0,2.11,48,
accidental,3.41,2.59,22,
acclaim,5.77,1.88,22,
accommodate,6.27,1.96,22,
accommodation,6.0,2.29,22,
accompany,5.63,2.36,19,
accomplice,5.2,2.5,25,
accomplish,7.27,1.52,22,
accomplishment,6.5,2.44,22,
accord,5.64,2.89,22,
accordion,5.21,2.11,24,
account,5.06,2.21,18,
accountability,6.55,2.46,20,
accountable,5.57,2.29,21,
accountant,5.72,2.05,25,
accounting,4.48,2.21,23,
accumulate,6.15,1.83,27,
accuracy,6.74,1.76,23,
accurate,6.47,1.93,19,
accursed,4.13,2.3,23,
accusation,3.62,1.92,26,
accuse,4.0,2.32,24,
ace,6.61,1.84,38,
acetylene,4.7,1.84,23,
ache,4.0,2.72,18,
achieve,6.61,2.44,28,
achievement,7.17,1.72,53,
achy,4.62,2.5,34,
acid,4.26,2.43,23,
acknowledge,6.11,2.42,18,
acknowledgement,6.71,1.82,28,
acne,3.44,1.96,25,
acorn,4.77,2.31,22,
acoustic,5.79,1.58,19,
acoustics,5.86,1.67,22,
acquaintance,5.29,1.85,21,
acquire,7.0,1.89,19,
acquisition,5.93,2.34,27,
acquit,5.45,1.57,22,
acquittal,5.03,2.36,35,
acre,4.94,2.29,16,
acreage,5.52,1.94,21,
acrobat,5.42,2.24,24,
acrylic,5.42,2.15,24,
act,6.11,2.03,18,
action,6.17,2.01,18,
action figure,6.71,2.24,24,
activate,6.28,2.13,25,
activation,6.88,1.62,17,
active,6.32,2.21,22,
activist,5.86,1.9,21,
activity,6.45,1.67,20,
actor,5.64,1.99,22,
actress,4.65,2.4,23,
actual,5.54,1.89,24,
actuality,5.24,2.07,25,
acupuncture,4.77,2.62,22,
acute,5.11,2.33,19,
ad,5.18,2.16,17,
adage,5.13,2.07,23,
adamant,6.38,2.38,21,
adapt,5.75,2.43,20,
adaptation,6.04,2.25,23,
add,6.79,2.07,19,
adder,4.41,1.37,22,
addict,2.74,2.2,38,
addicted,2.84,1.89,19,
addiction,3.84,2.63,19,
addictive,4.4,2.82,20,
additional,4.95,1.99,22,
address,4.89,2.05,18,
adept,6.5,1.66,26,
adequate,6.89,1.57,18,
adhere,3.9,1.86,20,
adhesive,4.88,2.36,24,
Adidas,6.3,2.56,20,
adjacent,4.27,1.7,22,
adjective,6.11,2.18,19,
adjoining,4.65,1.92,23,
adjourn,5.75,2.36,20,
adjust,6.0,1.88,18,
adjuster,5.84,1.77,19,
adjustment,4.53,1.93,19,
admin,5.83,2.48,24,
administer,6.33,2.25,18,
administration,4.77,2.23,26,
administrative,5.9,2.17,20,
administrator,5.48,2.6,21,
admirable,5.81,2.66,21,
admiral,5.68,2.76,25,
admiralty,6.08,1.79,24,
admiration,6.11,1.79,19,
admire,7.33,1.65,21,
admired,6.94,2.07,978,
admirer,6.27,1.55,22,
admissible,6.21,1.9,19,
admission,5.54,2.52,24,
admit,4.56,2.12,18,
admittance,5.96,2.42,24,
ado,4.48,1.36,21,
adobe,5.55,1.79,22,
adolescence,4.44,2.34,34,
adolescent,4.0,2.56,19,
adopt,5.45,2.42,22,
adoption,5.62,2.5,21,
adoptive,5.59,2.36,22,
adorable,6.83,1.92,42,
adoration,6.54,1.93,24,
adore,6.26,1.73,19,
adoring,6.29,1.9,21,
adrenalin,4.85,2.19,26,
adrenaline,5.72,2.44,25,
adrift,4.09,2.41,22,
adult,6.46,2.07,48,
adulterer,3.2,2.55,20,
adultery,3.33,2.46,21,
adulthood,6.11,2.54,19,
advance,6.12,2.05,24,
advanced,6.96,1.46,26,
advancement,6.38,2.01,21,
advantage,7.19,1.94,36,
advantageous,6.22,2.28,23,
adventure,6.36,2.05,44,
adventurer,5.83,2.62,18,
adventurous,5.71,2.76,17,
adversary,5.0,2.3,21,
adverse,3.35,1.87,17,
adversity,4.63,1.95,19,
advertise,5.74,1.54,23,
advertisement,5.84,2.22,19,
advertising,5.0,2.47,20,
advice,5.83,1.38,18,
advisable,5.86,2.2,21,
advise,6.41,1.59,22,
advisement,5.92,2.3,24,
adviser,6.18,2.11,22,
advisor,5.7,1.59,20,
advisory,4.19,1.74,26,
advocate,7.26,1.24,19,
aerial,5.17,2.28,24,
aerobics,5.7,2.4,23,
aerodynamic,5.1,2.34,20,
aerospace,5.17,2.25,23,
aesthetic,5.5,2.16,16,
affair,5.89,2.87,19,
affect,6.39,1.5,28,
affection,6.6,1.83,25,
affectionate,6.9,1.94,20,
affidavit,4.04,2.24,26,
affiliation,5.3,2.14,23,
affinity,6.55,1.9,22,
affirmation,6.53,2.26,34,
affirmative,6.78,1.88,23,
affliction,4.17,2.38,36,
afford,6.44,2.04,18,
affordable,6.16,2.58,25,
affront,5.04,1.9,24,
afire,4.38,2.2,21,
afloat,4.96,1.95,26,
aforementioned,4.96,2.25,23,
afraid,2.71,1.9,24,
african,5.8,1.94,20,
afterlife,5.86,2.92,22,
aftermath,4.23,1.48,26,
afternoon,5.71,1.53,17,
aftershave,5.81,2.5,27,
age,4.67,2.4,18,
agency,4.89,2.37,18,
agenda,5.36,2.52,22,
agent,5.65,2.37,17,
aggravate,4.85,2.56,33,
aggravation,4.45,2.56,22,
aggression,4.65,2.31,23,
aggressive,5.49,2.59,35,
aggressiveness,5.21,2.3,19,
aggressor,4.57,2.73,21,
agile,6.09,2.11,22,
agility,6.41,2.02,44,
aging,3.06,2.54,16,
agitate,4.55,2.39,20,
agitation,3.29,1.76,24,
aglow,5.59,2.09,17,
agonizing,4.04,2.01,23,
agony,4.0,2.81,18,
agree,6.94,1.3,18,
agreeable,6.97,1.74,33,
agreement,6.48,1.81,44,
agricultural,5.74,1.66,23,
agriculture,6.0,1.87,25,
ahoy,5.45,1.88,20,
aid,5.95,2.27,21,
aide,7.05,1.47,19,
aids,4.88,2.71,17,
AIDS,3.55,2.77,22,
ailing,4.15,1.42,20,
ailment,3.14,2.12,22,
aim,6.5,2.35,22,
air,5.72,2.8,47,
airbag,4.81,2.32,21,
airborne,4.48,2.24,25,
aircraft,5.71,2.45,21,
aircraft carrier,5.85,2.32,27,
airfield,4.82,2.02,22,
airhead,4.19,2.64,21,
airline,4.92,2.28,24,
airliner,4.25,2.44,28,
airlock,5.0,2.29,19,
airplane,4.12,2.57,25,
airport,5.79,2.84,19,
airship,4.43,2.15,28,
airspace,4.91,1.53,23,
airspeed,5.24,2.14,17,
airstrip,5.1,2.53,20,
airtight,4.76,2.41,21,
airway,3.95,2.09,20,
aisle,4.87,2.12,23,
ajar,5.28,1.9,18,
aka,4.4,2.13,15,
alabaster,5.35,2.5,34,
alarm,6.58,2.73,19,
alarm clock,4.82,2.2,22,
alarming,4.05,2.2,21,
albatross,4.91,1.95,23,
albino,4.05,1.83,21,
album,5.86,2.1,21,
alcohol,4.0,2.5,17,
alcoholic,3.27,2.45,22,
alcoholism,3.0,2.53,22,
alcove,5.33,2.28,18,
alderman,5.04,1.36,23,
ale,5.17,2.08,23,
alert,6.58,2.07,40,
alfalfa,5.73,1.83,22,
algebra,4.54,2.44,35,
algorithm,4.04,2.13,25,
alias,5.94,2.37,33,
alibi,5.17,2.3,24,
alien,3.56,2.66,18,
alienate,3.71,1.68,24,
alienation,3.33,1.69,24,
alight,5.88,2.25,24,
align,5.95,1.81,22,
alignment,6.32,2.23,22,
alimony,4.32,2.48,38,
alive,6.77,2.26,44,
allegation,3.96,2.5,23,
alleged,4.27,1.64,26,
allegiance,7.05,1.32,21,
allegro,5.36,2.01,22,
allergic,3.81,2.43,26,
allergy,3.5,2.19,24,
alleviate,5.84,1.64,19,
alley,4.63,1.83,19,
alleyway,5.2,1.94,20,
alliance,5.78,2.19,36,
allied,5.4,2.52,25,
alligator,4.1,2.49,20,
allow,6.11,2.54,18,
allowance,5.7,2.2,23,
alloy,5.9,1.64,21,
allure,5.77,1.66,22,
alluring,5.86,2.14,22,
ally,6.84,2.12,19,
almanac,5.88,2.01,25,
almighty,5.81,2.82,27,
almond,6.46,1.82,26,
aloha,6.33,1.68,21,
alone,4.5,2.59,20,
aloof,4.63,2.29,38,
alpha,6.32,2.48,25,
alphabet,5.79,2.62,19,
alphabetical,6.14,2.21,22,
alpine,5.74,2.4,23,
altar,5.68,2.8,22,
altar boy,4.62,2.6,21,
alter,5.57,2.38,21,
alteration,6.15,2.01,20,
altercation,4.4,2.6,20,
alternate,5.2,2.31,25,
alternating,5.53,2.12,19,
alternative,6.33,2.2,18,
altimeter,5.0,2.16,19,
altitude,5.46,2.28,24,
aluminum,6.0,1.67,21,
alumnus,6.1,1.67,21,
alzheimers,2.0,1.68,23,
amaretto,5.19,2.25,21,
amateur,5.25,2.34,20,
amaze,5.83,2.37,23,
amazed,6.11,2.26,27,
amazement,6.43,1.99,21,
amazing,6.83,2.09,18,
ambassador,6.2,2.19,20,
amber,6.21,1.58,19,
ambience,5.57,2.27,21,
ambient,4.86,2.41,21,
ambiguous,5.12,2.14,26,
ambition,6.36,2.04,25,
ambitious,5.88,2.28,25,
ambrosia,5.67,2.42,21,
ambulance,3.29,2.14,42,
ambush,3.96,2.35,25,
amend,4.96,2.42,24,
amendment,4.77,1.54,22,
amends,5.96,2.18,23,
amiable,6.14,2.08,22,
amino,5.73,2.29,22,
ammo,5.52,2.42,21,
ammonia,3.83,2.19,23,
ammonium,4.84,1.6,25,
ammunition,5.95,2.61,19,
amnesia,3.08,2.0,26,
amnesty,6.0,2.32,24,
amorous,6.0,2.08,20,
amount,5.39,2.13,23,
amour,5.91,2.35,22,
amp,5.13,2.24,23,
amphibian,5.42,2.22,24,
amphibious,4.85,1.91,26,
ample,6.04,2.18,24,
amputate,3.0,2.37,28,
amputation,2.85,1.98,20,
amuck,3.74,2.03,23,
amulet,5.79,1.91,24,
amuse,6.8,1.64,20,
amused,5.93,2.06,27,
amusement,6.59,2.17,27,
amusing,6.79,1.58,19,
anaconda,4.08,2.63,36,
anagram,4.83,1.9,24,
anal,4.45,2.56,20,
analogy,5.33,2.12,36,
analysis,5.95,2.27,21,
analyst,4.76,2.31,25,
analytical,6.43,1.77,28,
analyze,5.96,2.49,25,
analyzer,5.88,2.23,17,
anaphylactic,4.17,2.01,23,
anarchist,4.57,2.11,21,
anarchy,3.1,2.34,20,
anatomy,5.95,2.06,22,
ancestor,4.81,2.65,27,
ancestral,5.05,2.18,21,
ancestry,4.16,2.76,25,
anchor,5.29,1.81,24,
anchorage,5.8,2.38,20,
ancient,4.86,2.17,21,
android,5.75,2.45,20,
anecdote,6.0,1.41,19,
anemia,3.55,2.01,20,
anemic,3.14,1.62,21,
anesthesia,2.95,2.24,22,
anesthesiologist,3.68,2.42,22,
anesthetic,4.72,2.19,18,
aneurysm,2.7,1.94,27,
angel,5.9,2.13,20,
angelic,6.32,1.45,19,
anger,5.14,2.8,42,
angina,4.0,2.34,24,
angiogram,4.28,2.44,18,
angle,5.27,1.83,22,
angora,5.0,2.02,21,
angry,4.11,2.49,44,
angst,3.62,2.31,34,
anguish,4.27,1.87,26,
anguished,2.88,1.65,24,
animal,5.72,2.32,18,
animated,6.71,1.82,21,
animation,5.16,1.98,19,
animosity,5.04,2.44,24,
ankle,5.58,2.36,57,
anklet,5.08,2.0,26,
annals,4.95,1.17,22,
annex,5.26,1.63,19,
annihilate,4.62,2.79,24,
annihilation,3.2,2.48,20,
anniversary,6.86,2.05,22,
announce,5.48,2.5,21,
announcement,5.05,2.72,22,
announcer,4.07,1.71,27,
annoy,4.64,2.28,44,
annoyance,3.45,1.87,22,
annoyed,4.08,2.64,25,
annoying,3.28,1.28,25,
annual,4.9,1.83,20,
annul,4.9,1.86,20,
annulment,4.15,2.16,27,
anointed,5.18,2.21,28,
anomaly,4.26,1.57,23,
anonymity,5.88,2.44,25,
anonymous,5.48,2.52,21,
anorexic,3.43,2.48,21,
answer,5.95,2.04,19,
ant,5.3,2.37,27,
antagonistic,4.41,2.43,17,
antagonize,4.0,2.65,22,
antelope,5.57,2.41,23,
antenna,5.67,2.1,24,
anterior,4.64,1.52,28,
anthem,6.29,2.36,34,
anthill,4.76,2.34,21,
anthrax,2.71,1.76,17,
anthropological,5.14,1.88,28,
anthropologist,5.19,2.63,27,
anthropology,6.0,1.81,20,
anti,5.05,2.54,22,
antiaircraft,4.73,2.19,22,
antibiotic,5.72,2.37,25,
antibiotics,5.11,2.41,27,
antichrist,4.39,2.66,23,
anticipate,5.36,1.81,22,
anticipation,5.53,2.24,17,
antics,5.24,2.3,21,
antidote,6.08,2.38,25,
antigravity,3.77,2.09,22,
antiquated,4.69,2.11,36,
antique,5.79,2.44,19,
antiques,5.17,1.72,18,
antiseptic,4.77,2.49,22,
antisocial,5.33,2.18,21,
antsy,3.85,1.84,20,
anus,4.96,2.31,23,
anvil,5.38,1.92,26,
anxiety,3.39,1.94,18,
anxious,4.15,2.52,20,
anytime,5.32,2.3,22,
aorta,4.37,2.54,19,
aortic,4.58,2.65,24,
apache,4.95,2.21,22,
apartment,5.33,2.28,18,
apartments,5.18,1.98,17,
apathy,5.15,2.48,20,
ape,5.38,2.28,24,
apex,5.17,2.01,24,
aphrodisiac,5.04,2.34,26,
apocalypse,2.65,1.95,20,
apologetic,5.0,2.06,24,
apologize,4.22,1.96,18,
apology,5.1,1.95,21,
apostle,4.71,2.26,21,
apothecary,5.35,2.11,20,
appalled,4.11,2.02,28,
appalling,4.55,2.33,20,
apparatus,5.14,2.08,22,
apparel,6.19,1.72,21,
apparent,6.4,1.73,20,
apparition,4.38,2.48,21,
appeal,5.36,2.56,25,
appear,5.36,2.41,25,
appearance,5.9,2.59,21,
appease,5.59,2.08,27,
appendage,5.32,1.67,19,
appendectomy,3.59,2.13,22,
appendicitis,2.71,2.17,21,
appendix,4.25,2.38,20,
appetite,5.57,2.5,21,
appetizer,6.36,2.22,22,
appetizing,6.18,2.46,22,
applaud,5.91,2.02,22,
applause,6.56,2.0,48,
apple,6.44,2.1,25,
apple juice,6.0,2.44,34,
applejack,5.74,1.76,23,
applesauce,6.39,2.25,18,
appliance,5.0,2.3,44,
applicant,5.08,2.5,24,
application,4.3,2.36,20,
apply,6.2,1.96,20,
appoint,5.65,2.1,23,
appointment,6.68,2.26,19,
appraisal,5.65,2.11,20,
appreciate,7.0,1.46,18,
appreciation,6.63,1.67,19,
appreciative,6.9,2.0,21,
apprehend,4.48,2.27,21,
apprehension,5.07,2.35,27,
apprehensive,4.64,2.74,22,
apprentice,5.05,2.44,21,
approach,6.03,2.08,34,
appropriate,5.0,2.51,21,
approval,6.63,2.19,27,
approve,7.26,1.41,19,
approximate,4.95,2.32,19,
apricot,5.94,2.54,32,
apron,5.28,1.49,18,
apt,5.95,2.11,21,
aptitude,5.45,2.19,20,
aqua,4.82,2.02,22,
aquamarine,4.95,2.65,22,
aquarium,6.14,2.17,21,
aquatic,4.53,2.45,17,
arbitrary,4.77,1.86,26,
arbitration,4.19,2.23,21,
arcade,6.81,1.79,26,
arcane,5.55,1.85,20,
arch,5.45,1.97,22,
archaeological,5.18,2.38,22,
archaeologist,5.17,1.85,23,
archaeology,5.26,2.38,27,
archaic,4.62,2.06,21,
archangel,4.79,2.28,24,
archbishop,4.73,1.64,26,
archdiocese,4.04,2.12,28,
archduke,5.73,2.49,22,
archery,5.73,1.88,22,
architect,6.05,2.27,19,
architectural,5.18,1.91,28,
architecture,5.67,1.97,18,
archive,5.24,2.02,21,
arctic,5.0,2.24,19,
ardent,5.32,2.12,22,
area,5.06,1.76,18,
arena,6.04,2.31,27,
argue,4.77,2.49,26,
argument,5.65,2.64,17,
argumentative,4.0,2.39,21,
arise,5.87,1.46,23,
aristocracy,5.08,2.47,24,
aristocrat,4.94,2.82,16,
aristocratic,4.43,2.11,23,
arithmetic,5.54,2.57,24,
ark,5.88,2.44,24,
arm,6.02,1.98,44,
armada,5.6,2.4,25,
armament,5.37,1.8,19,
armchair,5.79,2.37,19,
armed,5.68,2.71,19,
armor,6.3,2.03,20,
armored,5.7,2.3,27,
armory,5.74,2.56,34,
armpit,5.24,1.88,25,
army,4.65,2.67,37,
aroma,6.06,2.31,18,
arouse,6.1,2.43,20,
aroused,5.58,2.4,53,
arraignment,5.33,2.62,24,
arrange,6.71,1.83,34,
arrangement,5.5,2.67,22,
array,5.62,1.43,21,
arrest,3.11,2.05,18,
arrhythmia,4.25,1.68,20,
arrival,6.53,1.87,19,
arrive,6.84,1.95,19,
arrogance,5.0,2.11,18,
arrogant,4.64,2.54,22,
arrow,5.53,2.21,17,
arsenal,5.25,2.47,24,
arsenic,3.46,1.79,26,
arson,3.78,2.7,23,
arsonist,3.42,2.32,26,
art,6.02,2.14,55,
arterial,4.12,2.23,17,
artery,4.78,2.29,18,
arthritis,2.63,1.71,19,
artichoke,5.48,2.41,27,
article,5.68,1.63,19,
articulate,6.89,1.85,19,
artifact,5.73,1.82,26,
artificial,4.55,2.28,22,
artillery,4.64,2.48,22,
artist,6.95,2.17,19,
artiste,5.35,2.03,20,
artistic,6.86,2.15,21,
artistry,7.43,1.75,21,
artwork,6.33,1.65,21,
arty,5.48,2.32,21,
asbestos,3.05,2.3,22,
ascend,5.58,2.06,26,
ascendant,5.78,1.9,18,
ascending,5.55,2.21,20,
ascension,5.45,2.01,20,
ascertain,6.29,1.65,28,
ashamed,4.63,2.69,19,
ashtray,5.56,2.38,18,
asinine,4.81,2.34,36,
ask,6.29,1.83,17,
asleep,4.33,2.7,18,
asparagus,5.67,1.78,27,
aspect,4.76,2.46,17,
aspen,5.5,1.95,36,
asphalt,4.62,2.33,21,
asphyxia,2.4,1.47,25,
asphyxiation,2.54,2.0,24,
aspiration,5.94,2.2,34,
aspire,6.85,1.81,27,
aspirin,5.12,2.4,25,
aspiring,6.85,1.7,27,
ass,3.61,2.3,18,
assailant,3.0,2.21,21,
assassin,3.36,2.61,22,
assassinate,3.23,2.25,22,
assassination,4.0,2.75,20,
assault,3.49,2.71,43,
assemble,6.28,2.32,18,
assembly,4.82,1.79,28,
assemblyman,5.21,2.02,19,
assert,5.93,2.28,28,
assertive,6.04,2.58,24,
assess,5.21,1.91,28,
assessment,5.44,2.22,25,
asset,6.0,2.29,25,
asshole,2.89,1.91,18,
assign,5.74,2.43,34,
assignment,6.0,2.49,20,
assimilate,5.15,2.46,20,
assist,6.41,2.17,22,
assistance,6.45,2.42,20,
assistant,6.37,2.06,19,
associate,4.88,2.15,24,
association,6.14,1.78,22,
assorted,5.41,2.13,22,
assortment,5.79,2.34,24,
assume,6.21,2.62,19,
assumption,5.03,2.46,34,
assurance,6.07,2.16,28,
assure,6.52,1.81,25,
asterisk,5.72,2.95,18,
asteroid,3.68,2.5,22,
asthma,3.54,2.15,24,
asthmatic,3.84,2.03,19,
astonish,6.0,1.91,23,
astonished,4.87,2.04,45,
astonishing,5.23,2.27,22,
astound,5.56,2.2,25,
astral,5.26,1.63,19,
astrology,4.67,2.16,24,
astronaut,5.32,2.48,25,
astronomer,5.33,2.27,21,
astronomical,5.14,2.46,22,
astronomy,5.21,2.41,24,
astute,6.0,1.94,25,
asylum,3.52,2.42,21,
atheist,5.41,2.5,22,
athlete,5.96,1.63,24,
athletic,6.11,2.14,18,
athletics,6.15,2.2,48,
atlas,5.7,2.11,27,
atmosphere,4.86,2.47,22,
atmospheric,5.11,2.31,28,
atoll,4.7,1.63,20,
atom,5.39,2.46,23,
atomic,3.96,2.46,24,
atone,5.65,2.64,26,
atrium,5.22,2.15,23,
atrocious,4.35,2.35,20,
atrocity,2.96,1.99,26,
atrophy,4.0,2.62,22,
attach,4.7,1.87,20,
attachment,6.32,2.29,19,
attack,3.39,2.57,18,
attacker,4.26,2.98,19,
attain,7.08,2.19,24,
attempt,5.67,2.01,36,
attempted,6.52,2.15,27,
attend,6.7,1.79,27,
attendance,5.59,2.13,22,
attendant,5.09,2.5,23,
attention,6.47,1.81,17,
attentive,6.62,1.99,21,
attest,6.26,1.51,27,
attic,5.36,2.38,22,
attire,5.78,2.32,23,
attitude,5.88,2.21,24,
attorney,5.53,2.89,19,
attract,5.6,2.35,20,
attraction,4.62,2.02,24,
attractive,6.81,1.86,27,
attribute,6.0,2.26,19,
auburn,5.61,2.15,23,
auction,5.33,2.15,21,
auctioneer,5.37,2.31,19,
audacious,5.41,2.24,17,
audacity,5.33,2.63,24,
audible,6.26,1.63,19,
audience,5.14,2.49,22,
audio,5.96,2.14,23,
audit,3.68,2.24,19,
audition,6.0,2.35,25,
auditor,5.2,3.02,20,
auditorium,5.05,1.58,19,
auditory,6.11,2.13,19,
aunt,4.28,2.19,18,
auntie,5.79,1.99,19,
aura,5.65,1.94,26,
auspicious,5.5,2.23,18,
authentic,6.58,2.09,19,
authenticate,5.78,1.99,18,
authenticity,6.23,2.58,22,
author,6.38,1.88,26,
authority,5.19,2.47,26,
authorization,4.77,2.91,22,
authorize,6.54,1.88,28,
autism,3.12,2.3,25,
autistic,2.43,1.43,21,
auto,5.7,2.52,20,
autobiographical,5.89,2.28,19,
autobiography,6.5,2.37,20,
autograph,6.1,2.02,20,
autographed,6.42,1.87,19,
automated,4.5,2.25,24,
automatic,5.27,2.23,22,
automobile,6.0,2.6,19,
automotive,5.38,2.13,34,
autonomy,6.19,1.94,26,
autopilot,3.72,2.39,25,
autopsy,3.22,2.26,18,
autumn,5.17,2.53,23,
auxiliary,5.81,2.29,21,
avail,6.0,1.6,22,
availability,5.5,1.96,20,
available,6.59,2.3,22,
avalanche,3.24,2.3,46,
avenge,5.92,2.43,24,
avenging,6.55,1.99,22,
avenue,5.18,1.68,22,
average,5.59,2.18,17,
aversion,4.81,2.06,21,
avert,5.22,2.24,23,
aviation,5.62,1.68,26,
aviator,6.13,1.66,23,
avid,5.71,1.92,24,
avocado,5.22,2.5,23,
avoid,4.81,2.79,21,
avoidance,4.88,2.47,26,
await,4.71,1.88,28,
awake,6.68,2.43,19,
awaken,6.09,2.18,22,
awakening,6.54,2.15,24,
award,6.9,1.92,21,
aware,7.05,2.41,19,
awareness,7.22,1.93,27,
awe,5.85,1.79,20,
awed,6.0,2.39,41,
awesome,7.11,1.79,19,
awful,3.06,1.66,18,
awkward,4.25,2.22,20,
awkwardness,4.13,2.2,23,
awning,5.29,1.97,24,
axe,5.55,2.09,20,
axis,5.59,2.36,22,
axle,5.3,1.89,20,
babble,4.74,2.55,27,
babe,6.79,2.64,19,
baboon,4.96,2.07,26,
baby,4.94,2.87,49,
babysit,5.74,2.2,23,
babysitter,5.68,2.37,34,
Bacardi,5.79,2.26,24,
bachelor,5.13,2.7,23,
bachelorette,4.89,2.47,27,
back,5.22,2.32,18,
backboard,5.47,1.98,19,
backbone,6.4,1.98,20,
backdoor,5.43,2.06,23,
backdrop,5.27,1.39,22,
backer,5.62,2.2,21,
backfire,3.5,2.46,20,
backgammon,4.83,2.01,24,
background,5.57,2.0,23,
backhand,4.9,2.55,21,
backpack,6.5,1.84,24,
backroom,5.08,2.21,24,
backseat,3.9,2.26,21,
backside,5.22,1.48,23,
backtrack,5.3,1.92,20,
backup,5.85,2.27,27,
backwater,5.0,2.24,19,
backwoods,5.21,2.6,24,
backyard,6.79,1.89,24,
bacon,6.11,2.0,19,
bacteria,3.44,2.48,25,
bacterial,3.6,2.14,20,
bad,3.56,2.18,18,
badass,6.0,2.37,21,
badge,5.75,2.53,36,
badger,4.58,1.39,19,
badness,4.08,2.48,25,
bag,5.62,1.78,16,
bagel,5.17,2.12,23,
baggage,5.95,2.3,22,
baggie,5.33,2.15,36,
baggy,5.21,2.27,28,
bagman,3.86,1.61,22,
bail,4.0,2.04,23,
bailiff,4.86,1.8,21,
bait,5.95,2.32,19,
bake,6.83,2.38,18,
bakery,5.74,2.18,23,
balance,5.47,2.06,19,
balcony,5.09,2.21,23,
bald,4.5,2.63,34,
balding,3.65,2.18,20,
baldy,5.22,2.16,18,
bale,4.91,1.38,22,
ball,5.47,1.94,17,
ballad,6.32,2.19,22,
ballast,4.86,2.15,21,
ballerina,5.59,2.11,22,
ballet,5.62,2.04,21,
ballgame,5.26,2.3,23,
ballistic,4.3,2.25,27,
ballistics,4.71,2.17,21,
balloon,5.45,2.28,20,
ballot,5.45,2.04,20,
ballpark,5.16,1.77,25,
ballplayer,6.24,2.0,21,
ballpoint,5.26,2.1,19,
ballroom,5.67,2.52,21,
ballsy,5.88,2.43,34,
balm,5.58,2.04,19,
balmy,5.47,2.17,19,
bam,4.9,2.2,20,
bamboo,5.6,2.11,20,
ban,5.86,2.35,21,
banana,6.05,1.51,19,
band,5.56,1.95,18,
bandage,4.4,1.98,20,
bandanna,5.42,2.61,19,
bandit,4.77,2.2,26,
bandstand,5.25,2.15,20,
bandwagon,5.25,2.4,20,
bandwidth,4.91,2.27,22,
bane,3.5,2.43,22,
bang,4.89,2.26,19,
banger,5.45,2.48,20,
banish,4.64,2.47,28,
banister,5.83,2.33,18,
banjo,5.09,1.6,22,
bank,4.78,2.13,18,
banker,5.32,2.25,28,
banking,4.74,2.28,23,
bankroll,5.58,2.08,24,
bankrupt,3.41,2.73,49,
bankruptcy,3.31,2.28,26,
banner,5.17,2.07,42,
banquet,5.0,2.24,28,
banshee,4.15,2.13,27,
banter,5.27,2.43,22,
banzai,5.71,1.85,21,
baptism,5.23,2.34,26,
baptize,6.57,2.13,23,
bar,5.48,2.26,48,
barbarian,3.67,2.52,21,
barbaric,4.31,2.59,36,
barbecue,5.59,1.56,22,
barbed,4.58,2.23,26,
barber,5.91,1.97,22,
barbershop,5.82,2.02,22,
barbie doll,5.58,1.87,19,
bard,5.32,2.23,22,
bare,5.58,1.86,24,
barefoot,6.82,2.15,22,
barf,3.71,2.53,24,
bargain,6.11,1.88,19,
bargaining,6.37,1.98,27,
barge,4.52,1.53,25,
baritone,4.74,1.29,23,
barium,4.85,2.11,27,
bark,4.82,2.92,22,
barkeep,5.54,1.86,24,
barley,5.79,2.13,24,
barmaid,4.59,1.71,22,
barman,4.74,2.0,23,
barn,5.65,1.87,23,
barnacle,3.68,1.39,22,
barnyard,5.15,2.17,26,
barometer,3.82,2.58,17,
baron,4.95,2.72,22,
baroness,5.53,2.22,19,
barracuda,3.47,2.82,19,
barrage,4.64,2.65,22,
barrel,4.94,1.39,48,
barren,3.7,2.13,27,
barricade,4.77,2.57,26,
barrier,4.88,2.47,24,
barrister,4.96,1.79,27,
barroom,4.71,2.31,21,
bartender,6.15,1.81,20,
barter,6.45,1.43,20,
base,6.37,2.19,19,
baseball,6.05,1.93,20,
baseball bat,5.86,2.29,22,
baseline,5.16,2.23,25,
baseman,5.05,1.4,21,
basement,5.26,2.0,19,
bash,4.46,1.9,28,
bashful,4.74,2.0,19,
basic,6.05,1.87,19,
basics,5.55,2.01,20,
basil,5.36,1.87,22,
basin,4.75,1.38,28,
basis,5.18,1.72,28,
bask,6.17,2.37,23,
basket,5.3,1.86,44,
basketball,5.05,2.36,21,
bass,5.89,1.94,19,
bass guitar,6.43,2.27,23,
bastard,2.59,1.33,22,
bat,4.29,2.33,21,
batch,5.43,1.83,21,
bath,6.64,2.37,50,
bathe,6.5,1.79,22,
bathhouse,5.68,1.86,19,
bathing,6.93,2.11,27,
bathrobe,5.47,2.46,36,
bathroom,5.25,2.53,20,
bathtub,5.91,2.28,54,
baton,5.38,1.76,24,
battalion,4.77,2.22,22,
batter,6.0,2.56,22,
battered,3.22,2.31,27,
battering,4.36,2.22,22,
battery,4.35,2.35,20,
battle,5.63,2.83,19,
battlefield,4.05,2.33,21,
battleground,4.09,2.22,22,
battlements,5.14,2.17,21,
battleship,5.3,2.38,27,
batty,4.21,1.52,28,
bauble,4.67,2.54,18,
bawl,4.14,1.88,21,
bay,4.86,1.96,21,
bayonet,5.17,2.31,18,
bayou,5.44,2.14,25,
bazaar,5.48,1.9,23,
bazooka,4.04,2.42,23,
be,5.5,2.85,18,
beach,5.7,2.33,53,
beacon,5.32,2.47,19,
bead,3.91,2.16,22,
beady,4.73,2.1,22,
beak,4.28,2.05,25,
beaker,6.0,1.5,26,
beam,6.54,2.27,26,
bean,5.6,1.9,20,
beanbag,6.17,2.37,23,
beanie,5.36,2.08,28,
bear,3.59,2.15,17,
bearable,5.47,2.14,19,
beard,5.42,2.27,19,
bearded,6.06,2.24,36,
bearer,5.67,2.18,21,
bearings,5.32,1.64,22,
bearskin,5.6,2.47,25,
beast,4.08,2.3,62,
beastly,4.38,2.38,21,
beat,5.59,1.94,17,
beater,4.84,1.95,19,
beatnik,4.61,2.31,28,
beautiful,6.17,2.24,24,
beauty,5.6,2.32,48,
beaver,5.15,2.03,20,
bebop,5.25,1.77,20,
become,6.18,2.32,17,
bed,6.73,2.12,44,
bedding,6.0,1.84,20,
bedpan,4.0,2.28,23,
bedroom,6.84,2.06,19,
bedside,5.93,2.23,28,
bedspread,6.0,2.35,25,
bedtime,7.05,2.17,19,
bee,5.32,1.63,19,
beef,6.32,1.93,25,
beefsteak,5.61,2.13,23,
beehive,4.47,1.87,19,
beep,4.74,1.76,23,
beeper,4.18,1.76,22,
beer,5.33,1.97,18,
bees,4.2,1.76,44,
beeswax,5.53,2.54,34,
beetle,5.93,2.46,27,
befall,4.27,2.05,22,
befriend,6.32,2.64,22,
beg,3.17,2.46,18,
beggar,4.16,1.21,19,
begin,5.72,2.3,18,
beginner,4.79,2.23,19,
beginning,5.72,2.27,18,
begrudge,5.33,2.42,21,
behave,7.05,1.94,22,
behavior,5.88,1.92,24,
behavioral,5.96,1.97,26,
behold,6.59,2.22,22,
beholden,4.84,2.51,25,
beige,5.05,1.76,20,
belated,5.32,2.64,25,
belay,4.72,1.99,25,
belch,4.75,2.31,20,
belief,7.18,1.99,22,
believable,5.3,2.42,23,
believe,6.56,2.06,16,
believer,6.4,2.16,20,
belittle,2.92,1.78,25,
bell,6.16,2.39,19,
bellboy,5.08,1.81,26,
bellhop,5.37,1.86,19,
belligerent,3.56,2.27,25,
bellman,4.93,2.45,28,
bellow,6.26,2.03,23,
belly,4.96,1.68,24,
bellybutton,5.19,2.2,21,
bellyful,5.17,1.95,18,
belong,5.44,2.41,18,
belongings,6.17,2.08,23,
beloved,6.85,2.11,20,
belt,5.75,1.94,28,
beluga,5.74,1.37,19,
bench,5.81,1.71,43,
bend,6.0,1.92,26,
benefactor,4.5,2.87,22,
beneficial,6.3,2.52,20,
beneficiary,6.5,2.14,20,
benefit,6.25,2.17,24,
benevolence,5.43,1.89,21,
benevolent,5.0,1.89,20,
benign,6.0,2.31,19,
benzene,4.92,1.59,24,
bequeath,5.6,2.33,20,
bereaved,4.45,1.61,20,
bereavement,3.97,2.44,38,
beret,4.79,2.41,24,
berserk,4.29,2.18,24,
berth,5.3,1.92,20,
beryllium,4.93,2.11,28,
beseech,4.26,1.37,19,
bestow,6.27,2.07,26,
bestseller,6.14,2.2,21,
bet,5.5,2.48,18,
beta,4.41,1.68,22,
betray,3.86,2.61,22,
betrayal,3.12,2.54,25,
beverage,6.58,1.82,24,
beware,5.32,2.5,34,
bewildered,4.42,1.87,19,
bias,5.44,2.56,27,
biased,4.57,2.06,23,
bib,5.16,1.68,19,
bible,5.0,3.09,24,
biblical,5.3,2.66,27,
bicarbonate,4.86,1.56,21,
bicentennial,5.5,1.82,26,
biceps,6.45,2.16,20,
bicker,4.54,2.23,26,
bicycle,6.2,1.88,20,
bid,5.67,1.97,24,
bidder,5.32,1.77,25,
bidding,5.76,1.89,21,
bide,5.41,1.87,22,
big,5.61,1.54,18,
bigamy,4.21,2.64,19,
biggie,5.36,1.36,22,
bighorn,5.26,1.69,19,
bigmouth,5.58,2.22,36,
bigot,3.12,2.11,25,
bigotry,4.53,2.77,36,
bike,5.89,2.16,19,
biker,4.68,2.18,28,
bikini,5.57,2.06,21,
bilateral,5.23,1.45,22,
bile,3.5,1.91,24,
bilge,4.79,2.04,19,
bill,4.0,2.29,20,
billboard,5.15,1.97,26,
billiard,6.1,2.17,21,
billing,4.47,2.01,19,
billion,6.5,1.71,22,
billionaire,6.36,2.57,22,
bimbo,4.84,2.77,19,
bin,5.21,1.9,19,
binary,4.6,2.39,20,
bind,4.24,2.41,21,
binder,5.29,2.34,17,
binding,4.27,2.39,22,
binge,5.21,2.15,19,
bingo,5.23,2.09,22,
binoculars,6.1,2.31,20,
bio,6.05,2.04,19,
biochemical,4.21,1.81,19,
biochemist,5.3,2.12,23,
biochemistry,5.14,1.8,21,
biographer,5.57,2.02,23,
biography,5.95,2.21,20,
biological,5.11,2.42,19,
biologist,5.85,1.87,26,
biology,4.45,2.13,22,
bionic,4.91,2.52,22,
biopsy,3.9,2.34,20,
bipolar,3.18,2.18,28,
birch,5.0,2.02,24,
bird,5.88,2.55,25,
birdcage,4.52,2.5,21,
birdie,5.43,2.15,23,
birdman,5.5,2.28,24,
birth,5.0,3.16,19,
birthday,6.07,2.4,44,
birthing,4.9,2.49,21,
birthmark,4.24,2.42,25,
birthplace,4.85,2.77,27,
birthright,6.75,2.17,20,
biscuit,6.26,2.18,27,
bisexual,5.09,2.07,22,
bishop,4.82,2.17,22,
bisque,5.19,1.75,21,
bistro,5.18,2.28,28,
bit,5.53,2.42,15,
bitch,3.65,2.12,17,
bitchy,4.24,2.54,17,
bite,6.58,2.14,19,
biter,4.5,2.13,24,
bitsy,4.78,2.12,27,
bitter,4.58,2.36,19,
bitterness,4.62,2.16,21,
bittersweet,4.52,1.83,21,
bitty,5.2,1.79,20,
biz,5.27,1.43,26,
bizarre,4.5,2.01,20,
blab,4.52,1.6,21,
blabbermouth,4.26,2.6,19,
black,5.48,2.06,44,
black snake,3.79,2.66,34,
blackberry,5.45,2.04,20,
blackbird,5.04,2.24,27,
blackboard,6.0,2.0,19,
blacken,4.74,2.38,19,
blackface,4.48,2.24,25,
blackjack,5.0,2.23,22,
blacklist,3.21,2.23,19,
blackmail,3.98,2.92,48,
blackmailer,2.77,1.93,22,
blackness,5.23,2.74,22,
blackout,2.76,2.0,21,
blacksmith,6.0,1.84,17,
bladder,5.53,2.01,19,
blade,4.56,2.81,18,
blame,3.33,2.2,18,
blameless,5.19,2.33,26,
bland,5.77,2.14,43,
blank,4.68,2.77,22,
blanket,6.75,1.92,24,
blare,4.79,2.04,19,
blase,4.45,2.01,20,
blasphemous,3.27,1.75,22,
blasphemy,4.6,2.38,62,
blast,4.45,2.2,22,
blaster,5.38,2.25,16,
blastoff,5.28,2.28,25,
blatant,5.45,1.7,20,
blaze,4.2,2.04,20,
blazer,5.46,2.19,24,
bleach,4.89,2.24,36,
bleak,3.85,2.18,27,
bleed,3.75,1.87,24,
bleeder,3.6,1.94,25,
bleep,5.27,2.03,26,
blemish,5.12,2.64,34,
blend,5.36,1.94,22,
blender,5.53,2.36,32,
bless,6.26,2.38,58,
blessed,5.32,1.99,25,
blessing,6.1,1.84,21,
bleu,5.43,2.13,28,
blight,3.92,2.08,25,
blimp,4.67,1.83,21,
blind,3.04,1.99,45,
blindfold,3.5,2.5,22,
blinding,4.0,2.27,22,
blindness,2.38,1.86,24,
blink,4.83,2.55,24,
blip,4.55,2.2,22,
bliss,6.36,2.13,22,
blissful,6.08,2.35,26,
blister,4.52,2.71,25,
blistering,4.3,2.36,20,
blitz,5.45,2.26,22,
blizzard,3.65,2.23,20,
bloat,3.86,1.64,22,
bloated,3.24,1.58,21,
blob,5.44,2.36,27,
block,6.21,2.35,19,
blockade,4.36,2.61,22,
blockage,3.57,1.91,21,
blockbuster,5.75,1.78,24,
blockhead,4.88,2.33,34,
blog,6.11,1.7,19,
bloke,4.78,1.93,23,
blond,5.38,2.16,55,
blonde,5.56,2.21,36,
blood,3.94,1.43,17,
bloodbath,3.28,2.61,18,
bloodhound,4.84,2.06,19,
bloodline,3.73,1.91,26,
bloodshed,3.19,2.26,16,
bloodshot,4.04,2.18,24,
bloodstream,4.7,2.15,20,
bloodthirsty,4.68,2.71,22,
bloody,3.75,2.1,20,
bloom,6.05,1.75,21,
bloomers,5.13,2.07,23,
blooming,5.0,1.81,26,
blossom,5.64,2.55,25,
blot,5.29,1.55,24,
blotter,5.26,2.25,27,
blouse,6.59,1.76,22,
blow,5.0,2.47,17,
blowfish,4.5,2.44,22,
blowjob,6.07,2.8,28,
blowout,4.42,2.34,19,
blowtorch,4.74,2.2,23,
blubber,4.72,1.68,43,
blue,5.79,2.17,24,
blue spruce,4.8,2.59,20,
blueberry,5.7,2.29,23,
bluebird,5.86,2.35,21,
bluegrass,5.9,2.1,21,
bluejay,5.0,1.95,22,
blueprint,5.96,2.01,28,
blues,5.44,2.71,18,
bluff,5.21,2.77,24,
blunder,3.64,2.18,25,
blunt,5.63,1.86,19,
blur,4.96,1.97,28,
blurry,3.57,2.02,23,
blurt,3.95,1.65,22,
blush,4.25,2.29,20,
boa,3.61,2.02,28,
boa constrictor,2.71,2.17,17,
boar,4.68,2.16,19,
board,5.37,1.81,38,
board game,5.05,2.72,22,
boarder,5.44,2.28,27,
boarding,4.72,1.72,25,
boardroom,5.38,2.42,21,
boardwalk,6.17,2.26,18,
boast,6.33,1.9,27,
boat,5.59,2.18,17,
boathouse,5.0,1.73,19,
boating,5.82,2.3,22,
boatload,5.19,2.02,21,
boatman,6.33,2.06,21,
bobcat,4.36,2.24,22,
bobsled,5.52,1.83,23,
bode,4.9,2.1,21,
bodega,3.93,1.65,28,
bodily,4.29,2.49,17,
body,5.76,2.71,25,
bodyguard,5.64,2.55,36,
bog,5.0,2.38,24,
bogey,3.75,1.59,20,
bogeyman,3.69,1.83,26,
bogus,3.59,2.13,22,
bohemian,4.25,2.24,28,
boil,5.4,2.28,20,
boiler,5.08,1.72,24,
bold,6.39,2.15,62,
bollocks,4.75,2.34,28,
bolt,4.64,2.3,22,
bomb,3.14,2.19,22,
bombardier,4.05,2.55,22,
bombardment,3.0,2.08,25,
bomber,3.94,2.74,34,
bombing,3.42,2.64,24,
bombshell,4.5,2.89,24,
bonanza,5.71,2.2,24,
bonbon,6.11,1.94,18,
bondage,4.28,2.68,36,
bonding,6.18,2.12,34,
bondsman,4.5,2.02,22,
bone,6.0,2.36,19,
bonehead,5.08,2.26,24,
boner,4.8,2.04,25,
bonfire,5.35,1.93,20,
bong,5.95,2.38,21,
bonkers,4.29,2.16,24,
bonnet,6.0,1.84,21,
bonny,5.19,1.66,21,
bonsai,5.95,2.63,22,
bonus,6.19,2.11,21,
bony,5.31,1.89,26,
boob,5.83,2.9,18,
booby,5.91,1.95,22,
booger,4.33,1.68,18,
boogeyman,3.0,1.61,21,
boogie,4.96,1.86,25,
book,6.41,2.09,46,
bookcase,6.06,2.42,34,
bookie,4.0,2.02,22,
bookkeeper,6.0,2.48,16,
bookkeeping,5.83,2.25,23,
booklet,5.62,2.29,21,
bookmaker,5.9,2.51,20,
bookmark,6.47,2.17,19,
bookshop,7.0,1.63,22,
bookstore,7.15,1.66,20,
bookworm,5.32,1.77,25,
boom,5.14,2.08,21,
boomer,5.3,2.2,27,
boomerang,5.14,1.93,22,
boon,5.68,1.92,19,
boost,6.25,2.17,24,
booster,4.85,2.11,20,
boot,6.24,1.89,21,
booth,5.17,2.2,36,
bootleg,5.0,2.28,23,
bootlegger,5.56,1.78,25,
boots,5.08,2.14,25,
booty,5.3,2.2,23,
booze,5.15,2.66,20,
bop,5.4,1.73,20,
bopper,5.24,2.14,17,
border,4.74,2.16,19,
borderline,4.84,1.83,19,
bored,4.96,2.39,24,
boredom,5.04,2.51,24,
boring,6.05,2.91,19,
born,3.78,2.73,18,
boron,5.28,2.02,18,
borough,5.22,2.07,23,
borrow,6.16,2.69,19,
bosom,5.0,1.85,25,
boss,4.65,2.67,17,
bossy,4.73,2.37,22,
botanical,5.73,2.31,22,
botany,4.81,1.58,26,
bother,4.22,2.24,18,
bottle,5.88,2.13,24,
bottleneck,5.0,2.35,27,
bottling,5.0,1.91,19,
bottom,3.44,1.58,18,
bottomless,4.64,2.9,22,
botulism,3.3,2.57,33,
bounce,6.15,2.16,27,
bouncer,5.29,2.23,17,
bouncy,5.54,2.21,24,
bound,4.85,2.31,26,
boundary,3.95,2.18,21,
bountiful,6.16,2.17,19,
bounty,5.45,2.04,20,
bouquet,5.76,1.84,55,
bourbon,5.69,2.09,26,
bout,5.3,1.98,20,
boutique,5.88,2.49,25,
bovine,6.19,1.63,21,
bow,5.95,2.27,21,
bowel,4.5,2.09,20,
bowels,5.04,2.6,24,
bowl,5.58,2.01,45,
bowler,5.35,2.43,20,
bowling,5.2,2.17,20,
box,4.67,1.88,18,
boxcar,4.95,1.66,21,
boxer,5.64,2.17,22,
boxers,5.96,1.97,23,
boxing,5.63,1.86,19,
boy,5.5,2.13,24,
boycott,6.52,2.23,21,
boyfriend,5.17,2.01,18,
boyhood,5.35,1.95,20,
boyish,5.62,1.77,21,
boysenberry,5.8,2.38,25,
bozo,4.5,2.37,20,
bra,5.63,2.34,19,
brace,4.97,2.48,32,
bracelet,5.0,2.0,26,
bracket,5.05,2.26,20,
brag,5.32,1.89,22,
braid,5.6,2.37,20,
brain,6.28,1.81,18,
brainless,4.11,2.72,27,
brainstorm,6.55,2.61,20,
brainwash,2.88,2.15,25,
brainy,6.92,1.82,24,
brake,5.67,2.66,18,
bran,5.05,1.99,19,
branch,4.91,1.97,22,
brand,4.57,1.97,28,
brandy,5.5,1.6,22,
brash,5.33,2.2,27,
brass,5.95,1.72,21,
brass knuckle,5.53,2.72,19,
brassiere,5.54,2.32,24,
brat,4.61,2.55,23,
bratwurst,4.81,1.86,21,
bravado,6.04,1.93,25,
brave,6.84,2.03,55,
bravery,6.57,1.86,21,
brawl,4.73,2.35,22,
brawn,5.57,2.0,23,
brazen,5.64,2.34,25,
breach,4.76,2.59,17,
bread,6.05,2.53,19,
breadth,5.5,2.37,16,
break,4.5,2.07,18,
breakaway,5.81,2.04,21,
breakdown,3.62,1.8,21,
breaker,5.52,1.56,23,
breakfast,6.83,1.65,18,
breaking and entering,2.7,1.94,27,
breakthrough,6.58,1.87,19,
breakup,3.72,2.09,25,
breast,5.0,2.23,24,
breath,5.78,2.65,18,
breathe,6.22,2.67,18,
breather,5.42,2.28,24,
breathless,5.19,2.91,26,
breathtaking,5.52,2.5,25,
breech,5.05,2.19,20,
breed,6.17,2.19,23,
breeder,5.3,2.49,20,
breeding,5.41,2.56,22,
breeze,4.55,2.5,20,
breezy,5.76,2.26,33,
brethren,5.48,2.5,25,
brew,5.71,2.16,24,
brewery,5.46,2.3,24,
brewing,5.19,2.11,36,
briar,4.58,1.92,19,
bribe,4.59,2.67,17,
bribery,4.14,2.13,21,
brick,5.0,1.88,18,
bridal,5.54,1.73,26,
bride,6.08,2.35,48,
bridegroom,4.75,2.47,20,
bridesmaid,5.05,2.4,21,
bridge,4.78,1.96,18,
brief,5.39,2.06,28,
briefcase,6.33,1.85,21,
briefing,5.88,2.15,24,
brig,3.5,1.65,22,
brigade,5.59,2.54,22,
bright,6.38,2.16,53,
brighten,6.77,1.82,22,
brightness,5.79,2.23,19,
brilliance,6.64,1.94,22,
brilliant,7.16,2.09,19,
brim,4.79,1.65,19,
brimstone,3.65,2.06,20,
bring,5.72,2.02,18,
brink,4.53,1.78,19,
brisk,6.11,1.85,36,
brisket,5.16,2.22,19,
brittle,4.5,2.04,24,
bro,5.13,2.34,23,
broach,4.61,2.27,23,
broad,4.23,2.67,22,
broadcast,4.92,1.84,24,
broadcasting,5.58,1.64,24,
broaden,5.6,1.76,25,
broadside,4.64,2.11,22,
broadsword,6.0,1.89,24,
broccoli,5.12,2.36,16,
brochure,5.32,2.4,19,
broken,3.76,2.51,41,
brokenhearted,3.47,2.15,17,
broker,5.37,2.09,19,
brokerage,5.16,2.03,25,
bromide,4.58,2.01,19,
bronco,4.28,1.7,25,
bronze,5.4,1.96,20,
brooch,5.04,1.04,26,
brood,4.04,2.46,25,
brooding,4.18,2.58,22,
brook,6.08,2.22,24,
broom,5.76,2.21,33,
broomstick,5.5,1.91,24,
broth,6.23,2.01,26,
brothel,4.88,2.38,24,
brother,5.46,2.04,24,
brotherhood,6.57,1.86,21,
brotherly,6.31,2.0,26,
brow,4.29,1.78,28,
brown,4.65,1.44,26,
brownstone,4.94,1.98,17,
browse,5.95,1.99,20,
bruise,3.78,2.26,18,
bruising,4.21,1.87,19,
brunch,5.64,1.73,22,
brunette,5.36,2.25,25,
brunt,4.85,2.21,20,
brush,6.18,1.47,22,
brutal,3.94,2.79,17,
brutality,3.89,2.05,19,
brute,5.55,2.19,20,
brutish,5.11,2.16,19,
bubble,6.12,1.88,25,
bubbly,6.0,1.63,22,
bubonic,3.52,2.02,25,
buck,5.39,2.09,18,
buckaroo,4.7,2.18,23,
bucket,5.52,2.38,27,
buckle,4.83,2.24,24,
bucko,4.28,1.77,25,
buckshot,5.14,2.09,36,
buckwheat,6.22,1.7,18,
budding,6.22,1.7,23,
buddy,6.24,2.11,17,
budge,4.32,1.63,25,
budget,4.9,2.29,20,
Budweiser,4.78,2.42,27,
buff,5.39,2.46,23,
buffer,5.43,1.75,23,
buffet,5.88,1.88,26,
buffoon,4.0,1.65,23,
bug,4.08,1.98,26,
bugger,4.32,1.6,25,
buggy,5.33,1.88,21,
bugle,5.42,1.95,19,
bugler,4.24,1.64,25,
build,6.5,2.01,18,
builder,6.93,1.59,27,
building,6.0,2.18,20,
buildup,5.06,1.73,18,
bulb,4.82,2.48,22,
bulge,4.39,2.44,23,
bulimic,4.06,2.46,18,
bulk,5.05,2.14,20,
bulkhead,4.88,2.28,25,
bulky,5.24,2.07,21,
bull,6.89,2.35,19,
bulldog,4.44,2.78,16,
bulldozer,5.64,2.98,22,
bullet,3.93,2.86,58,
bulletin,5.4,2.02,25,
bulletproof,5.85,2.33,26,
bullfighter,4.65,2.5,17,
bullfrog,5.05,1.73,22,
bullheaded,4.23,2.69,22,
bullhorn,4.68,2.43,19,
bullion,5.46,1.84,24,
bullpen,5.62,1.94,21,
bullshit,3.0,1.81,18,
bully,3.18,1.82,22,
bum,4.74,1.97,19,
bumblebee,4.74,2.01,27,
bummer,3.89,1.79,19,
bump,5.33,1.96,36,
bumper,5.11,1.94,19,
bumpy,4.79,2.18,19,
bun,5.29,1.97,24,
bunch,4.56,1.82,18,
bundle,5.12,1.82,26,
bungalow,5.7,2.25,27,
bungee,4.94,2.2,35,
bunghole,5.42,2.27,26,
bunion,4.19,2.2,21,
bunk,5.19,2.11,21,
bunker,4.95,2.15,19,
bunkhouse,4.88,2.05,24,
bunny,5.78,2.82,18,
buoy,5.76,1.81,21,
burden,3.14,1.82,21,
burdened,3.65,2.22,43,
bureau,5.19,1.86,21,
bureaucracy,3.57,2.11,21,
bureaucrat,4.46,2.72,24,
bureaucratic,3.64,2.08,28,
burger,5.59,2.43,17,
burglar,3.88,2.36,26,
burglary,2.85,2.01,20,
burial,5.16,2.64,25,
burlesque,4.74,1.63,19,
burn,3.9,2.28,42,
burner,4.64,2.41,28,
burp,5.75,2.08,36,
burr,4.84,2.03,19,
burrito,5.0,1.57,22,
burro,5.57,1.83,23,
burrow,5.24,1.98,25,
burst,4.45,1.84,22,
bury,4.79,2.84,19,
bus,4.88,2.03,42,
busboy,4.57,1.75,21,
bush,5.0,1.85,25,
bushel,5.55,2.06,22,
bushy,4.75,1.8,20,
business,5.35,2.42,17,
business man,5.45,2.5,20,
businessman,5.43,1.78,21,
businesswoman,5.2,2.38,25,
busload,4.12,1.3,25,
bust,6.53,2.06,19,
buster,5.09,1.82,22,
bustle,4.62,2.2,21,
busy,4.44,2.09,18,
busybody,5.61,2.22,54,
butcher,5.18,1.94,22,
butler,6.04,2.41,27,
butt,5.68,2.71,19,
butter,5.67,2.06,45,
buttercup,6.22,2.04,23,
butterfly,5.51,2.52,53,
buttermilk,5.74,2.65,27,
butterscotch,5.68,2.36,25,
buttocks,6.29,2.1,21,
button,6.53,2.37,19,
buy,6.78,1.96,18,
buyer,5.76,2.22,25,
buzzard,4.91,2.5,23,
buzzer,5.22,1.83,23,
byline,5.35,2.29,17,
bypass,5.59,2.35,17,
bystander,4.55,2.37,20,
byzantine,5.29,2.0,21,
cab,6.47,2.57,19,
cabana,5.32,2.08,25,
cabaret,5.33,1.71,21,
cabbage,5.93,2.37,27,
cabbie,4.67,1.91,21,
cabernet,4.8,1.91,25,
cabin,6.3,2.13,20,
cabinet,5.78,1.8,18,
cable,5.79,2.04,28,
caboodle,4.84,1.89,25,
caboose,4.32,1.41,25,
cache,6.06,1.83,18,
cactus,5.5,2.42,16,
cadaver,4.74,2.55,27,
caddie,5.27,2.0,22,
cadet,4.76,2.79,25,
cafeteria,5.36,2.13,28,
caffeine,5.68,2.11,19,
cage,3.58,2.5,19,
cagey,5.11,2.11,19,
cahoots,4.76,2.36,17,
cake,5.88,1.77,48,
cakewalk,6.2,2.09,20,
calamari,5.44,2.31,25,
calamity,4.54,2.34,26,
calcium,5.97,2.26,34,
calculate,6.39,1.64,23,
calculation,6.09,1.93,22,
calculator,6.48,2.11,21,
calculus,4.41,2.59,27,
calendar,5.59,2.06,22,
calf,5.16,2.22,19,
caliber,5.45,2.42,20,
calisthenics,5.3,1.95,20,
call,5.61,1.65,18,
callback,5.5,1.86,26,
caller,5.44,2.29,27,
calligraphy,5.52,2.43,25,
callous,4.26,1.96,23,
calm,7.44,2.28,18,
camaraderie,6.32,2.14,19,
camcorder,5.86,2.34,22,
camel,5.21,2.32,24,
cameo,5.65,2.16,20,
camera,6.39,2.03,18,
cameraman,5.62,2.12,24,
camouflage,6.1,2.47,21,
camp,5.89,2.05,18,
campaign,5.14,2.44,22,
camper,5.52,2.09,23,
campfire,5.88,2.36,24,
camping,6.32,1.73,19,
campsite,5.62,2.04,24,
campus,5.21,1.55,19,
can,6.44,2.19,16,
can opener,5.78,2.21,32,
canal,5.81,1.91,21,
canary,5.41,1.97,22,
cancel,5.83,2.53,23,
cancellation,5.28,2.87,25,
cancer,2.9,2.19,62,
candid,5.42,2.26,24,
candidacy,4.95,1.65,22,
candidate,5.48,1.75,21,
candle,6.08,2.19,24,
candlelight,6.18,2.27,17,
candlestick,5.38,1.94,26,
candor,6.18,2.24,22,
candy,6.46,1.86,24,
cane,4.38,2.24,45,
canine,5.24,2.24,25,
canister,5.57,2.09,23,
canker,4.54,2.23,24,
cannabis,5.0,2.74,22,
canned,4.62,2.28,24,
cannibal,3.2,2.12,25,
cannibalism,4.09,3.22,34,
cannon,4.95,2.5,42,
cannonball,4.84,2.71,19,
canoe,6.15,2.41,20,
canon,4.8,2.29,25,
canopy,5.91,1.82,22,
cantaloupe,5.68,1.86,19,
canteen,5.15,2.25,20,
cantina,5.35,2.23,20,
canvas,5.89,2.32,18,
canvass,5.29,2.05,24,
canyon,4.1,2.36,20,
cap,5.57,1.66,21,
capability,6.6,1.88,20,
capable,7.07,1.67,54,
capacity,6.08,1.96,25,
caper,5.18,2.54,22,
capital,5.85,2.13,27,
capitalism,5.67,2.4,18,
capitalist,5.3,2.68,20,
capitalize,6.12,1.86,26,
cappuccino,5.86,1.84,28,
capricious,5.35,1.76,20,
capsule,5.56,1.66,25,
captain,5.0,2.35,17,
captive,3.3,2.55,23,
captivity,2.89,2.0,18,
capture,3.57,2.77,21,
car,6.41,1.94,22,
caramel,6.05,2.31,20,
caravan,5.59,2.26,22,
carbon,5.05,1.61,19,
carburetor,4.74,1.6,23,
carcass,4.42,1.57,19,
card,5.06,2.36,18,
cardboard,5.26,2.02,19,
cardiac,3.95,2.17,22,
cardigan,5.44,2.57,34,
cardinal,5.2,2.65,20,
cardiologist,5.25,2.52,24,
cardiology,5.44,2.45,27,
care,6.56,1.85,18,
career,6.17,2.33,18,
carefree,6.45,2.35,60,
careful,5.83,1.86,18,
careless,3.62,2.26,24,
carelessness,3.52,2.29,21,
caress,6.38,1.86,47,
caretaker,4.52,2.38,25,
cargo,5.64,1.73,28,
carjack,2.8,2.24,20,
carnage,5.15,2.64,27,
carnal,5.17,1.97,23,
carnation,5.52,2.31,27,
carnival,5.55,2.39,20,
carnivorous,4.77,2.41,22,
carousel,5.92,2.1,25,
carp,5.83,2.2,24,
carpal,4.42,2.34,19,
carpenter,5.12,1.92,24,
carpentry,6.3,1.95,20,
carpet,5.1,1.81,21,
carpeting,5.56,2.16,16,
carpool,5.4,2.26,20,
carriage,6.0,1.89,19,
carrier,5.1,1.89,20,
carrot,6.37,1.86,19,
carry,4.94,2.36,18,
carsick,3.21,2.46,19,
cart,5.83,1.83,24,
carte,5.78,1.65,23,
cartel,3.92,2.87,25,
cartilage,4.08,1.59,24,
carton,5.68,1.92,19,
cartoon,5.26,2.5,34,
cartridge,5.54,2.38,24,
carve,6.32,1.6,19,
cascade,6.76,2.14,17,
case,6.11,1.88,18,
cash,6.16,2.48,25,
cashier,5.43,2.36,21,
cashmere,5.05,2.39,20,
casing,4.96,1.99,25,
casino,4.84,2.29,19,
casket,3.11,2.31,27,
casserole,6.08,1.7,26,
cassette,5.8,2.24,20,
cast,5.05,1.81,19,
castaway,4.05,2.36,22,
caste,3.64,2.4,25,
castle,6.35,2.09,17,
castrate,3.44,2.41,18,
castration,2.95,2.5,22,
casual,6.35,1.72,23,
casualty,4.1,2.47,21,
cat,5.48,2.29,23,
catalog,5.76,1.96,25,
catalogue,6.11,1.66,19,
catalyst,4.65,2.52,23,
catamaran,5.24,2.39,21,
catapult,5.29,2.42,34,
catastrophe,2.5,2.16,26,
catastrophic,2.28,1.51,25,
catatonic,4.0,2.57,27,
catch,5.47,2.35,17,
catcher,4.8,1.47,25,
catchphrase,5.71,2.2,17,
catchy,5.6,2.28,20,
category,5.48,2.22,25,
cater,5.39,2.52,23,
caterer,5.74,1.94,23,
caterpillar,5.04,1.97,25,
catfish,5.79,1.44,19,
cathedral,5.04,2.34,25,
catheter,2.54,1.64,28,
catholic,4.17,3.03,18,
cathouse,5.22,2.45,27,
catnip,4.47,1.65,19,
cattle,4.74,2.31,27,
catwalk,5.95,1.86,21,
cauldron,4.89,2.23,19,
cauliflower,5.87,2.58,23,
cause,5.17,2.01,18,
caution,4.86,2.67,21,
cautious,6.0,2.29,22,
cavalier,5.52,2.23,23,
cavalry,4.96,2.23,27,
cave,4.45,2.06,22,
caveman,5.42,2.27,19,
cavern,4.41,2.34,22,
caviar,5.53,2.04,19,
caving,5.32,2.5,25,
cavity,4.96,2.62,27,
cayenne,4.95,2.01,19,
cease,5.17,2.09,18,
cedar,5.1,2.05,20,
ceiling,5.16,1.77,25,
celebrate,6.12,2.07,24,
celebration,7.0,1.68,23,
celebrity,4.67,2.08,24,
celery,6.28,1.97,25,
celestial,5.18,2.72,22,
celibacy,5.92,2.59,24,
celibate,6.1,2.3,21,
cell,4.86,2.26,44,
cellar,4.75,2.4,20,
cellblock,4.08,2.37,36,
cellist,5.25,1.7,24,
cellmate,2.41,1.62,22,
cello,6.41,1.97,22,
cellophane,4.81,1.81,21,
cellular,5.74,2.12,23,
cellulite,4.32,2.19,25,
celluloid,4.44,2.12,25,
cement,4.84,2.27,19,
cemetery,3.82,2.46,55,
censor,4.15,2.48,27,
censorship,3.26,2.26,19,
census,4.91,2.72,22,
cent,5.3,1.94,23,
centennial,6.09,1.88,23,
center,5.72,1.56,18,
centerfold,4.76,1.88,25,
centerpiece,6.15,2.03,27,
centipede,3.84,1.89,19,
central,5.76,2.21,21,
century,4.68,2.32,22,
ceramic,5.47,1.35,19,
ceramics,6.0,2.0,20,
cereal,5.77,1.97,22,
cerebral,6.76,2.11,17,
ceremonial,5.36,1.81,36,
ceremony,5.67,2.52,18,
certain,6.78,1.8,18,
certainty,6.05,1.99,21,
certifiable,4.71,2.22,24,
certificate,5.47,1.81,19,
certified,6.52,1.88,23,
certify,5.93,2.11,28,
cervical,4.67,2.44,21,
cervix,4.57,2.4,21,
cesspool,3.65,2.1,23,
cha cha,5.32,1.36,22,
chain,4.2,2.21,20,
chainsaw,5.03,2.16,36,
chair,5.28,2.24,50,
chairman,5.57,2.13,21,
chalet,4.76,1.79,21,
chalice,5.76,2.19,17,
chalk,5.48,2.38,21,
challenge,4.68,2.27,25,
challenger,5.12,1.96,25,
chamber,5.5,1.7,20,
chambermaid,5.04,1.99,27,
chameleon,5.04,2.52,25,
champ,6.56,2.28,18,
champagne,6.47,2.37,19,
champion,5.88,2.2,25,
championship,6.4,1.76,20,
chance,5.25,2.71,40,
chancellor,5.04,2.56,24,
chandelier,5.29,2.27,28,
change,5.81,2.26,16,
changer,5.11,1.32,18,
channel,5.52,1.96,25,
chant,5.2,2.31,20,
chaos,3.31,2.56,61,
chaotic,3.95,2.82,19,
chap,5.05,2.06,20,
chapel,3.8,1.68,25,
chaperon,5.15,2.25,20,
chaplain,5.18,1.87,22,
chapter,6.21,1.78,19,
character,7.37,2.03,19,
characteristic,5.37,1.86,19,
characterize,6.32,1.78,22,
charade,4.45,2.19,20,
charcoal,5.0,2.0,24,
chardonnay,4.89,2.13,28,
charge,5.17,2.38,18,
charger,5.04,2.5,23,
chariot,6.59,1.84,17,
charisma,6.28,2.11,25,
charismatic,6.28,2.35,25,
charitable,6.56,1.91,27,
charity,6.08,2.28,26,
charlatan,4.48,2.23,21,
charm,6.43,1.61,44,
charmer,5.86,1.72,28,
charming,6.95,2.34,19,
charred,3.9,2.23,21,
chart,6.11,2.08,27,
charter,5.74,2.0,19,
chase,4.68,2.77,19,
chaser,5.33,2.35,21,
chassis,5.38,2.27,34,
chaste,4.23,1.82,22,
chastity,5.62,2.48,21,
chat,6.22,1.65,27,
chateau,6.13,2.1,23,
chatter,5.95,1.93,19,
chatterbox,4.76,2.14,21,
chatty,5.42,1.95,19,
chauffeur,5.33,2.03,18,
chauvinist,4.41,2.24,22,
cheap,5.89,2.51,19,
cheapskate,5.32,2.71,22,
cheat,4.37,2.24,27,
cheater,4.09,2.29,22,
check,4.67,1.85,18,
checkbook,5.86,2.57,22,
checker,5.79,1.84,24,
checkered,4.33,1.65,21,
checkers,6.0,2.04,24,
checklist,6.48,2.24,25,
checkmate,5.52,3.04,21,
checkout,6.0,2.22,34,
checkpoint,4.3,2.44,23,
checkup,5.74,2.54,19,
cheek,5.38,2.27,21,
cheeky,5.57,2.46,23,
cheer,6.37,2.23,43,
cheerful,7.32,1.76,22,
cheerleader,6.0,2.07,21,
cheerleading,4.59,2.24,22,
cheery,6.2,1.91,20,
cheese,7.11,1.91,19,
cheeseburger,6.2,2.17,20,
cheesecake,6.22,2.67,18,
cheesy,4.86,2.35,21,
cheetah,5.43,2.61,23,
chef,6.67,2.11,27,
chemical,3.78,2.19,23,
chemist,5.4,2.18,25,
chemistry,5.12,2.33,24,
chemo,3.15,1.66,27,
chemotherapy,2.65,2.47,34,
cherish,7.32,1.45,19,
cherry,5.63,1.8,19,
cherub,5.62,2.11,21,
chess,5.0,2.43,20,
chest,6.58,1.92,19,
chestnut,5.63,1.98,19,
chew,6.48,1.86,23,
chewy,5.53,1.87,19,
chic,6.04,1.58,23,
chick,5.32,1.53,19,
chicken,5.22,1.99,18,
chicken pox,2.86,2.03,21,
chickenpox,3.11,2.73,19,
chief,4.89,2.47,18,
chiffon,5.14,1.93,21,
child,5.2,2.58,25,
childbirth,5.14,2.77,22,
childhood,5.3,2.79,20,
childish,4.38,2.22,21,
childless,5.8,2.07,20,
childlike,5.14,2.31,36,
children,5.95,2.52,20,
chili,6.3,2.11,33,
chill,5.55,2.74,20,
chilling,4.33,1.77,21,
chilly,4.74,1.91,19,
chime,6.21,2.16,33,
chimney,5.19,2.2,16,
chimp,4.95,1.56,22,
chimpanzee,5.28,1.51,25,
chin,5.48,1.88,23,
chinchilla,5.56,2.18,25,
chip,4.58,1.95,24,
chipmunk,4.96,1.9,25,
chipper,5.18,2.34,28,
chiropractor,4.68,2.2,28,
chirp,5.58,2.08,24,
chisel,5.19,2.42,27,
chiseler,5.0,2.19,21,
chitchat,5.74,2.49,19,
chivalry,5.81,2.32,27,
chloride,5.85,2.06,20,
chlorine,5.5,2.02,24,
chloroform,4.19,2.38,26,
chocolate,5.88,2.51,42,
choice,6.56,2.2,18,
choir,4.68,2.25,25,
choke,3.74,2.33,19,
cholera,4.35,2.81,23,
cholesterol,5.95,2.42,22,
choose,6.83,2.38,18,
choosy,5.53,2.46,19,
chop,5.76,2.65,25,
chopper,5.44,2.19,27,
choppers,4.85,1.52,26,
chord,5.35,2.39,23,
chore,5.08,2.43,36,
choreographer,5.67,1.97,24,
choreography,6.05,2.35,20,
chorus,5.26,2.16,23,
chow,5.89,1.66,19,
chowder,6.24,1.67,21,
christen,4.77,1.88,22,
christening,5.73,2.55,22,
christmas,6.14,2.46,43,
chrome,5.25,2.25,28,
chromium,5.08,1.93,25,
chromosome,3.59,2.56,22,
chronic,4.26,2.0,19,
chronicle,5.71,1.68,21,
chubby,5.11,2.04,28,
chuck,5.04,1.71,28,
chuckle,5.71,2.78,21,
chug,5.68,2.06,25,
chum,6.0,2.13,19,
chummy,6.23,2.14,22,
chump,4.05,2.13,22,
chunk,5.48,2.04,21,
chunky,4.14,2.59,21,
church,5.04,2.92,25,
churn,4.35,2.12,17,
chute,5.45,1.79,20,
chutney,5.18,1.56,22,
cider,5.84,1.42,19,
cigar,6.16,1.71,19,
cigarette,5.05,3.37,19,
cilantro,5.64,2.1,25,
cinch,5.0,2.13,24,
cinder,5.76,1.73,21,
cinema,5.94,2.25,35,
cinematic,5.96,1.88,24,
cinematography,6.04,2.03,26,
cinnamon,5.91,1.69,22,
cipher,5.53,1.99,36,
circle,5.38,2.27,48,
circuit,5.56,2.18,18,
circuitry,5.62,2.39,24,
circular,5.25,1.94,24,
circulate,5.68,2.03,19,
circulation,5.59,2.56,22,
circulatory,5.32,1.78,22,
circumcision,3.32,1.81,28,
circumference,5.3,1.88,27,
circumstance,5.5,2.12,26,
circumstantial,5.05,1.99,21,
circumvent,5.42,2.45,36,
circus,4.94,2.21,49,
cirque,5.39,2.19,23,
cirrhosis,3.82,2.54,22,
citadel,5.56,2.18,25,
citation,3.86,2.21,22,
cite,6.19,2.04,21,
citizen,5.95,2.66,22,
citizenship,5.89,2.47,36,
citrus,6.46,1.84,24,
city,5.04,2.03,24,
citywide,5.38,2.35,34,
civic,5.5,1.91,28,
civics,5.05,2.46,21,
civil,6.04,2.2,23,
civilian,5.58,1.88,26,
civility,5.95,1.99,20,
civilization,6.0,2.49,21,
civilized,6.52,2.5,27,
claim,6.06,2.28,34,
clairvoyant,5.5,2.48,24,
clam,5.32,1.77,19,
clambake,5.4,1.96,20,
clammy,3.45,2.3,22,
clamp,4.58,2.26,36,
clan,4.35,2.84,23,
clandestine,4.33,2.08,24,
clang,5.35,2.06,20,
clap,6.19,2.25,21,
clapper,5.26,1.51,23,
clarification,5.64,1.7,25,
clarify,6.04,1.93,25,
clarinet,5.06,2.25,17,
clarity,6.59,1.37,22,
clash,4.32,2.5,34,
clasp,5.47,2.17,19,
class,5.24,2.31,17,
classic,6.29,2.03,21,
classic rock,5.75,1.65,20,
classical,6.25,2.2,20,
classification,5.74,2.28,19,
classified,4.68,2.16,19,
classify,6.35,1.65,26,
classmate,5.61,2.85,18,
classroom,5.05,2.61,22,
classy,6.21,1.91,24,
clatter,4.79,2.28,28,
clause,4.8,2.25,35,
claustrophobia,3.71,2.97,24,
claustrophobic,3.15,2.39,20,
clavicle,5.25,1.98,16,
claw,3.8,1.96,25,
clay,5.64,2.24,22,
clean,6.11,2.0,18,
cleaner,6.14,2.03,22,
cleanliness,6.95,2.13,22,
cleanse,6.42,1.81,26,
cleanser,6.24,2.28,21,
cleansing,6.27,1.97,26,
cleanup,6.6,2.01,20,
clear,6.17,1.76,18,
clearance,5.5,2.58,22,
cleat,5.42,1.58,26,
cleavage,5.71,2.75,34,
cleaver,5.44,2.43,25,
cleft,4.57,2.08,28,
clemency,5.48,1.91,21,
clench,4.53,2.43,17,
clergy,5.16,2.36,25,
cleric,4.43,1.75,21,
clerical,4.77,1.8,22,
clerk,5.24,2.57,21,
clever,7.0,2.4,19,
cleverness,7.1,1.25,20,
click,5.52,2.28,25,
clicker,5.96,2.24,25,
client,4.83,1.98,18,
clientele,5.89,2.17,18,
cliff,4.09,1.82,22,
climate,4.0,2.86,24,
climax,6.21,2.3,19,
climb,5.61,2.33,18,
climber,5.33,2.18,21,
clinch,5.09,2.02,22,
cling,4.63,2.34,19,
clingy,4.29,2.03,28,
clinic,4.52,2.06,27,
clinical,4.7,2.41,20,
clink,5.1,1.97,21,
clip,5.37,2.14,19,
clipboard,6.59,1.82,22,
clipper,5.25,1.81,36,
clipping,5.95,1.88,21,
clique,4.6,2.02,25,
clitoris,6.08,2.4,26,
cloak,5.13,2.16,23,
cloaking,5.21,2.4,24,
cloakroom,5.45,1.9,22,
clobber,4.15,1.69,26,
clock,5.24,2.71,45,
clockwork,5.48,1.72,21,
clod,4.57,1.56,23,
clog,3.58,1.82,24,
clone,5.0,2.05,20,
cloning,4.32,2.41,25,
close,5.94,1.95,17,
closeness,6.48,1.99,27,
closet,6.63,2.63,19,
closure,5.7,2.44,23,
clot,3.71,2.26,21,
cloth,5.4,2.16,20,
clothe,5.61,2.04,23,
clothes,5.47,2.55,17,
clothesline,5.88,2.13,24,
clothing,6.72,1.59,25,
cloud,4.79,2.83,33,
clouds,5.09,2.81,57,
cloudy,3.65,2.12,23,
clout,4.59,2.17,22,
clove,5.54,2.06,24,
clover,5.41,2.55,17,
clown,4.38,2.22,21,
club,5.11,2.42,18,
clubhouse,5.74,2.07,23,
cluck,4.81,2.39,32,
clue,5.39,2.28,18,
clueless,3.59,2.24,22,
clump,4.36,2.46,22,
clumsy,4.0,2.71,25,
clunk,4.88,2.51,34,
cluster,4.89,2.52,27,
clutch,5.19,2.54,21,
clutter,3.19,2.04,21,
coach,4.11,2.27,18,
coachman,4.28,1.54,25,
coal,4.88,1.62,25,
coalition,5.6,2.2,25,
coarse,5.16,2.3,25,
coast,5.78,2.39,41,
coastal,5.05,2.48,20,
coaster,5.12,1.03,26,
coastline,5.0,2.18,25,
coat,6.68,2.31,19,
coating,5.63,1.92,19,
coax,5.05,1.78,19,
cobalt,6.17,1.71,24,
cobbler,4.79,2.08,28,
cobra,3.74,2.36,23,
cocaine,3.56,2.38,27,
cock,5.5,2.78,28,
cockamamie,4.56,1.85,25,
cockeyed,4.38,2.58,24,
cockpit,5.61,1.85,18,
cockroach,3.57,2.31,23,
cocksucker,4.42,2.39,19,
cocktail,5.86,2.66,22,
cocky,5.27,1.99,26,
cocoa,6.32,1.96,22,
coconut,5.76,2.39,34,
cocoon,4.41,2.22,22,
cod,5.37,2.19,27,
code,4.83,2.07,18,
codeine,3.0,1.98,22,
codfish,4.95,1.93,20,
coding,4.62,2.01,21,
coed,4.48,2.04,21,
coerce,5.87,2.36,23,
coercion,5.12,2.6,25,
coexist,5.92,2.12,25,
coffee,6.12,2.12,17,
coffee table,5.29,1.49,21,
coffeehouse,5.58,2.47,24,
coffeepot,5.59,1.66,17,
coffin,3.72,2.24,39,
cog,5.16,2.29,19,
cognac,5.42,2.72,33,
cognitive,6.47,2.06,19,
coherent,5.96,2.23,27,
coil,4.82,2.43,17,
coin,6.24,2.11,49,
coincide,5.25,1.85,24,
coincidence,4.64,2.17,22,
coincidental,4.46,2.19,24,
coke,5.53,2.12,19,
Coke,5.67,2.42,21,
cola,6.0,2.04,25,
cold,5.17,2.79,18,
coleslaw,6.38,1.77,21,
colic,2.95,1.76,22,
coliseum,5.94,2.41,17,
collaborate,6.23,1.74,22,
collaboration,6.21,1.75,19,
collaborator,5.45,2.5,20,
collage,4.53,2.29,17,
collagen,4.8,2.38,20,
collapse,3.74,2.03,23,
collar,4.63,2.36,19,
collarbone,5.41,2.0,27,
collateral,5.55,2.5,20,
colleague,5.7,2.3,20,
collect,5.48,1.6,21,
collection,6.9,1.65,20,
collective,5.4,2.28,20,
collector,5.47,2.89,19,
college,5.89,1.97,18,
collegiate,5.85,1.76,26,
collide,3.95,2.01,22,
collie,5.79,1.69,19,
collision,2.57,1.83,21,
cologne,5.44,2.04,18,
colon,4.7,2.27,20,
colonel,5.72,1.96,18,
colonial,5.1,2.25,20,
colonic,4.44,2.29,34,
colonoscopy,3.4,2.2,25,
colony,5.04,2.11,26,
color,5.95,1.8,44,
colored,5.36,1.73,22,
colorful,5.96,2.07,27,
coloring,6.77,1.69,22,
colossal,5.14,2.37,21,
columbine,3.85,2.38,27,
column,5.24,2.16,42,
columnist,5.5,2.27,24,
com,6.11,2.31,19,
coma,2.71,2.18,24,
comatose,3.4,2.21,20,
comb,6.68,1.76,22,
combat,4.0,2.2,22,
combative,4.59,2.59,22,
combination,5.96,1.65,24,
combine,5.54,2.19,28,
combo,5.5,2.15,18,
combustion,4.14,2.33,21,
come,5.94,1.88,16,
comeback,6.67,1.68,21,
comedian,6.48,1.91,21,
comedy,5.55,2.21,38,
comet,4.64,2.04,22,
comfort,7.18,1.65,22,
comfortable,6.89,2.25,18,
comforter,5.67,2.63,21,
comforting,7.0,1.97,20,
comfy,6.71,2.23,28,
comic,5.6,1.71,25,
comical,5.64,2.42,22,
comics,5.3,2.01,23,
comma,5.11,2.49,19,
command,7.21,2.15,19,
commandant,4.38,2.43,24,
commandeer,5.74,2.7,19,
commander,6.68,2.52,19,
commanding,4.64,2.74,36,
commandment,5.19,2.58,21,
commando,4.47,1.65,19,
commemorate,5.7,1.89,23,
commemorative,5.39,1.16,23,
commence,5.95,1.91,21,
commend,6.14,1.98,28,
commendable,6.68,2.12,22,
commendation,4.75,2.38,24,
comment,5.96,2.29,24,
commentary,5.45,2.15,22,
commentator,5.17,1.95,24,
commerce,4.85,2.21,20,
commercial,4.35,1.47,23,
commie,4.22,2.33,27,
commissary,5.95,1.79,20,
commission,5.38,2.14,26,
commissioner,5.65,2.9,23,
commit,6.63,2.32,27,
commitment,6.0,2.25,25,
committee,5.56,2.36,18,
commodity,5.38,2.2,21,
commodore,5.14,1.81,22,
common,5.83,1.95,18,
commoner,5.05,2.08,22,
commonplace,5.47,1.98,19,
commotion,4.3,2.38,27,
communal,4.89,2.08,28,
commune,5.24,1.92,21,
communicate,6.8,1.87,25,
communication,6.43,1.69,21,
communicator,5.39,1.95,23,
communion,4.71,1.92,24,
communism,3.12,2.46,24,
communist,4.12,2.96,25,
community,7.11,1.88,19,
commute,4.59,2.46,22,
commuter,5.68,2.3,22,
comp,5.74,2.0,19,
compact,5.0,1.93,24,
companion,6.09,1.8,22,
companionship,6.0,2.14,22,
company,5.0,2.1,16,
comparable,5.95,1.72,21,
comparative,6.56,1.72,27,
compare,6.37,1.8,19,
comparison,5.64,2.06,28,
compartment,4.89,2.35,19,
compass,5.75,2.17,24,
compassion,6.36,2.32,22,
compassionate,6.86,2.14,22,
compatibility,5.5,1.96,26,
compatible,6.29,1.82,21,
compel,5.59,2.64,34,
compelling,6.0,2.1,20,
compensate,6.2,2.02,20,
compensation,6.63,2.06,19,
compete,5.68,1.91,22,
competence,6.5,2.52,24,
competent,6.44,2.38,18,
competition,5.14,2.71,21,
competitive,5.5,2.26,22,
competitor,5.68,2.58,19,
compile,5.82,2.33,28,
complacent,5.0,1.91,23,
complain,5.1,2.34,21,
complaint,3.75,1.7,24,
complement,6.77,1.48,22,
complete,7.17,2.15,18,
completion,7.73,1.28,22,
complex,5.25,2.24,20,
complexion,5.21,1.86,24,
complexity,5.84,2.01,19,
compliance,3.4,2.27,25,
complicate,4.52,2.29,25,
complicated,5.79,2.44,19,
complication,3.83,2.01,24,
complicity,5.56,2.53,27,
compliment,6.14,2.53,35,
complimentary,5.92,2.55,25,
comply,4.7,2.67,27,
component,5.74,2.28,23,
compose,5.8,2.09,20,
composer,5.59,2.15,22,
composite,5.35,1.47,23,
composition,5.89,1.7,19,
compost,4.52,2.35,23,
compound,5.45,1.74,22,
comprehend,6.73,1.78,26,
comprehension,6.1,2.29,20,
comprehensive,6.08,2.04,24,
compress,4.88,1.99,26,
compressed,4.83,2.23,18,
compression,4.77,2.49,22,
compressor,5.13,2.47,23,
compromise,6.37,2.52,19,
compulsion,3.0,1.35,22,
compulsive,4.35,2.58,26,
compulsory,4.06,2.99,17,
compute,6.68,1.68,28,
computer,6.58,2.23,45,
computerized,5.84,2.61,19,
computing,6.6,1.96,20,
comrade,5.68,2.32,22,
con,3.95,2.87,21,
conceal,6.05,2.24,20,
concealment,5.09,2.61,23,
concede,4.78,2.33,27,
conceit,4.04,2.56,25,
conceited,4.92,2.1,25,
conceivable,6.53,1.84,19,
conceive,5.92,2.56,25,
concentrate,6.67,1.43,43,
concentration,6.63,1.86,19,
concept,5.37,2.06,19,
conception,4.44,2.2,18,
concern,5.55,2.67,22,
concerned,4.61,2.2,18,
concert,5.4,2.23,20,
concerto,5.67,2.25,27,
concession,5.8,2.12,20,
conch,5.14,2.23,22,
concierge,5.07,1.78,28,
concise,5.47,2.27,19,
conclude,5.85,2.06,20,
conclusion,6.63,1.77,19,
conclusive,6.79,1.74,24,
concoction,5.63,1.95,19,
concourse,5.2,2.2,25,
concrete,5.9,2.0,21,
concubine,4.91,2.54,23,
concur,5.29,2.37,24,
concussion,3.74,2.16,19,
condemn,4.17,1.95,23,
condemnation,3.18,1.97,22,
condensed,5.0,1.45,21,
condescending,4.38,2.31,21,
condition,6.53,2.52,19,
conditioner,6.38,2.28,24,
conditioning,5.96,2.33,28,
condo,5.75,2.21,24,
condom,6.26,2.38,23,
condone,5.48,2.54,25,
condor,6.06,2.24,16,
conducive,5.78,2.0,23,
conduct,6.12,2.15,24,
conductor,5.47,2.29,19,
conduit,5.48,2.11,21,
cone,5.72,2.05,18,
confederacy,3.9,1.48,21,
confederate,5.28,2.56,25,
confer,4.76,1.42,25,
conference,4.88,2.23,26,
confess,5.53,2.37,19,
confession,5.18,2.44,22,
confessional,4.43,2.23,21,
confetti,5.57,1.7,23,
confidant,6.82,1.89,22,
confide,6.42,2.37,26,
confidence,6.5,2.4,20,
confident,7.04,2.25,23,
confidential,5.0,2.27,20,
confidentiality,6.16,2.09,19,
configuration,5.45,2.35,20,
confine,3.83,2.66,18,
confinement,2.46,2.02,26,
confirm,6.56,2.31,25,
confirmation,5.55,2.56,20,
confiscate,4.24,2.21,21,
conflict,4.11,2.08,19,
conflicting,3.86,2.37,21,
conform,3.67,2.87,24,
confound,4.88,2.29,34,
confounded,4.07,2.16,27,
confront,5.9,2.21,21,
confrontation,4.17,2.77,18,
confuse,4.39,2.42,36,
confused,4.13,2.46,23,
confusing,3.95,1.39,19,
confusion,3.08,1.79,24,
conga,4.76,1.95,21,
congenital,3.58,1.39,19,
congestion,3.4,2.16,25,
conglomerate,4.63,1.95,19,
congrats,5.96,2.26,25,
congratulate,7.0,1.83,23,
congratulation,6.68,2.12,25,
congratulations,6.72,1.56,18,
congregation,5.0,2.27,20,
congress,3.48,1.72,21,
congressional,4.05,1.83,21,
congressman,3.67,2.52,21,
conjecture,4.67,2.25,18,
conjugal,5.47,2.07,17,
conjunction,5.55,2.2,22,
conjure,5.27,1.69,26,
conk,5.4,2.06,20,
connect,5.96,2.05,25,
connection,7.21,2.04,19,
connoisseur,6.53,1.81,19,
conquer,5.67,2.24,24,
conquering,5.55,2.18,22,
conqueror,5.95,2.82,22,
conquest,6.09,2.56,22,
conscience,5.41,2.82,22,
conscientious,6.54,2.0,26,
conscious,6.05,2.24,20,
consciousness,7.37,2.17,19,
consecrated,4.95,2.32,22,
consecutive,5.29,2.39,24,
consensual,6.54,2.23,24,
consensus,5.38,2.0,24,
consent,6.58,2.34,24,
consenting,5.8,2.04,20,
consequence,4.67,2.3,24,
conservation,5.79,2.15,24,
conservative,4.82,2.24,22,
conservatory,5.74,2.05,23,
conserve,5.86,2.4,22,
consider,6.06,1.92,18,
considerable,6.52,1.66,21,
considerate,6.4,2.1,25,
consideration,7.11,1.49,19,
consignment,3.89,1.41,19,
consist,5.25,1.55,28,
consistency,6.19,2.06,27,
consistent,6.77,1.23,22,
consolation,4.71,1.85,24,
console,5.79,1.36,19,
consoled,5.86,2.47,58,
consolidate,4.73,1.95,26,
consolidated,5.54,1.36,26,
consort,5.59,1.97,22,
conspicuous,3.94,2.41,18,
conspiracy,3.64,2.11,28,
conspire,4.32,2.1,25,
constable,5.23,1.66,22,
constant,6.36,2.33,25,
constellation,5.14,2.37,21,
constipation,3.27,1.95,26,
constituency,5.56,2.2,18,
constitute,5.5,1.89,18,
constitution,5.4,2.16,20,
constitutional,5.41,2.87,34,
construct,5.36,2.33,33,
construction,5.74,2.16,23,
constructive,6.58,1.45,26,
consul,6.52,1.89,21,
consulate,4.68,1.99,22,
consult,5.83,1.93,24,
consultant,5.68,1.99,25,
consultation,5.32,2.48,22,
consume,6.18,2.3,17,
consumer,5.21,2.07,19,
consummate,5.59,2.02,22,
consumption,6.0,2.4,25,
contact,5.78,1.99,18,
contagion,3.62,2.28,24,
contagious,3.9,2.67,20,
contain,5.68,2.36,25,
container,6.0,2.05,21,
containment,4.17,2.42,23,
contaminate,4.26,2.43,23,
contamination,3.78,2.32,23,
contemplate,5.68,1.77,19,
contemporary,5.43,1.88,23,
contempt,4.45,2.33,20,
contend,5.28,2.43,32,
contender,5.91,1.93,22,
content,5.92,2.57,24,
contention,3.85,1.93,20,
contentment,6.58,2.02,36,
contents,5.76,2.01,25,
contest,4.93,2.11,27,
contestant,5.74,2.21,19,
context,5.6,2.1,42,
continent,5.16,2.43,25,
continental,5.04,2.25,28,
contingency,5.22,2.26,18,
contingent,5.08,2.34,25,
continuance,5.13,1.79,23,
continuation,6.38,1.83,21,
continue,6.17,1.95,18,
continuity,6.44,2.31,27,
continuous,5.77,2.07,26,
continuum,5.36,1.5,22,
contraband,4.61,2.32,33,
contraception,5.25,2.53,20,
contract,6.84,2.14,19,
contraction,3.95,2.04,21,
contractor,5.48,1.86,21,
contradict,4.83,2.72,23,
contradiction,5.21,2.12,19,
contradictory,5.3,2.0,27,
contraption,5.67,2.16,15,
contrary,5.36,2.61,25,
contrast,6.3,2.23,20,
contribute,6.96,1.64,28,
contribution,7.0,1.48,23,
contrition,4.93,2.36,28,
control,5.47,2.76,17,
controller,6.16,2.77,19,
controlling,5.29,2.72,49,
controversial,4.71,1.93,21,
controversy,3.75,2.13,24,
contusion,4.35,2.13,26,
conundrum,3.96,2.29,23,
convene,6.0,1.84,21,
convenience,5.5,2.46,22,
convenient,5.08,2.36,25,
convent,4.25,2.34,28,
convention,4.65,2.45,17,
conventional,5.68,2.06,22,
converge,5.61,1.78,23,
conversation,6.28,1.49,18,
conversational,5.43,1.93,28,
conversationalist,5.88,1.96,25,
converse,6.05,1.96,20,
conversion,5.29,2.24,21,
convert,5.42,2.08,24,
convertible,6.21,2.4,24,
convey,5.1,1.89,21,
convict,4.08,2.52,25,
conviction,5.62,2.6,16,
convince,6.44,1.79,18,
convincing,6.82,2.16,28,
convoy,5.54,1.98,26,
coo,5.07,2.21,28,
cook,6.25,2.63,20,
cookbook,5.95,2.12,19,
cooker,5.67,2.0,27,
cookie,6.1,2.27,20,
cooking,7.27,2.12,22,
cookout,6.3,2.01,23,
cool,6.44,1.58,18,
coolant,5.9,1.92,20,
cooler,5.92,1.44,26,
coon,4.26,2.13,19,
cooperate,6.18,2.3,22,
cooperation,6.83,1.89,18,
cooperative,6.72,1.99,25,
coordinate,6.95,1.54,19,
coordination,6.52,2.0,23,
coordinator,5.75,2.27,20,
cop,2.83,1.62,18,
copacetic,6.5,1.73,20,
cope,5.95,2.71,21,
copier,6.16,1.61,19,
copilot,4.45,1.5,22,
copper,6.19,2.02,21,
copter,4.05,2.11,21,
copy,4.67,1.97,18,
copycat,4.67,2.14,24,
copyright,5.5,2.85,18,
coral,5.5,1.71,28,
coral snake,4.0,2.49,20,
cord,5.47,2.02,62,
cordial,5.4,2.02,25,
cordless,5.9,2.07,21,
cordon,4.48,2.41,23,
corduroy,4.82,1.52,28,
core,5.89,2.02,19,
cork,4.7,2.58,23,
corkscrew,4.96,2.18,23,
corn,5.65,2.19,34,
cornball,5.1,1.97,20,
cornbread,6.08,2.1,24,
corned,4.54,1.5,28,
corner,4.88,2.19,24,
cornerstone,6.32,1.62,22,
cornfield,5.32,1.8,19,
cornflakes,5.7,1.99,23,
corny,4.94,2.07,18,
coronary,4.4,2.06,20,
coronation,5.13,2.18,23,
coroner,3.28,1.81,18,
corporal,4.9,2.17,21,
corporate,5.05,2.5,20,
corporation,4.47,2.5,19,
corporeal,4.42,2.21,24,
corps,4.69,1.98,26,
corpse,3.23,2.13,48,
corpsman,4.7,2.25,20,
corral,5.35,2.19,34,
correct,7.06,2.01,18,
correction,6.05,2.01,21,
correctional,5.05,1.9,19,
corrective,5.16,2.69,25,
correlation,5.25,2.31,20,
correspond,6.76,2.02,21,
correspondence,5.71,1.95,21,
correspondent,5.29,1.73,24,
corresponding,5.95,1.64,20,
corridor,5.35,2.13,54,
corroborate,5.41,2.09,22,
corrupt,3.7,2.1,44,
corruption,3.63,1.9,27,
corsage,5.55,1.84,22,
corset,4.71,2.48,35,
cortex,5.5,1.19,20,
cortisone,5.06,2.08,17,
cosmetic,5.74,1.97,19,
cosmic,4.84,2.09,19,
cosmopolitan,5.65,1.31,20,
cosmos,4.14,2.41,28,
cost,3.67,1.81,18,
costly,4.68,2.26,19,
costume,6.36,2.19,22,
cot,5.07,1.54,27,
cottage,6.08,2.11,48,
cotton,6.24,2.02,17,
couch,6.19,2.03,36,
cougar,4.24,2.51,21,
cough,4.25,2.84,20,
council,5.21,2.57,34,
councilman,5.12,1.81,25,
counsel,5.19,2.33,26,
counseling,4.2,2.35,25,
counselor,4.91,2.11,22,
count,5.17,2.2,18,
countdown,4.76,2.59,21,
countenance,5.83,2.08,24,
counter,5.16,1.46,25,
counteract,5.1,2.27,20,
counterattack,5.16,2.29,19,
counterfeit,3.0,1.68,28,
counterpart,5.57,1.83,21,
counterpoint,5.53,1.93,36,
countess,6.41,2.02,27,
countless,4.14,1.93,22,
country,6.35,2.03,17,
countryside,5.8,2.22,25,
county,7.0,1.86,19,
coup,5.0,2.14,18,
coupe,5.32,2.19,19,
couple,5.61,2.21,44,
coupling,5.68,2.38,22,
coupon,5.54,2.12,26,
courage,7.27,1.78,22,
courageous,7.38,1.76,24,
courier,5.79,2.13,34,
court,3.94,2.48,18,
courteous,7.26,1.86,34,
courtesy,5.96,2.25,23,
courthouse,3.5,2.35,22,
courtroom,3.45,1.6,22,
courtship,5.37,2.03,19,
courtside,6.0,1.96,25,
courtyard,5.05,2.06,20,
cousin,5.28,1.23,18,
cove,6.06,2.34,18,
coven,4.78,2.26,36,
covenant,5.35,2.4,23,
cover,5.78,2.05,18,
coverage,5.96,2.2,24,
covert,4.96,1.73,24,
covet,5.0,2.33,19,
coveted,4.39,2.35,28,
cow,5.24,2.03,42,
coward,4.09,2.6,22,
cowardice,3.64,2.5,22,
cowardly,3.85,2.45,33,
cowboy,5.67,2.22,24,
cowgirl,5.63,1.67,19,
cowhand,5.44,2.06,25,
coworker,4.55,2.26,20,
coy,5.5,2.22,22,
coyote,4.38,2.18,21,
cozy,6.69,1.97,42,
crab,4.52,1.66,25,
crabby,5.09,1.9,23,
crack,5.42,2.59,19,
cracker,5.26,2.1,27,
crackerjack,4.94,1.3,17,
crackle,4.86,1.56,21,
crackpot,4.05,2.56,21,
cradle,4.86,1.98,22,
craft,6.36,2.32,22,
craftsman,6.23,2.29,35,
craftsmanship,6.3,1.79,23,
crafty,6.29,1.92,24,
cram,5.18,2.26,22,
cramp,4.5,2.89,20,
cranberry,5.74,2.45,19,
cranberry juice,5.86,2.1,21,
cranial,4.83,1.92,23,
cranium,5.15,2.09,27,
crank,5.17,2.37,24,
cranky,4.36,2.25,25,
cranny,4.61,2.15,28,
crap,4.11,1.91,18,
crappy,3.92,2.13,26,
crash,3.3,2.24,47,
crass,5.11,1.7,19,
crate,5.45,1.97,22,
crater,4.79,1.82,24,
crave,5.0,2.27,24,
crawl,4.95,1.85,20,
crayon,5.93,2.07,27,
craze,5.22,2.04,36,
crazed,4.06,2.47,33,
craziness,4.32,2.08,19,
crazy,4.19,2.1,16,
creak,4.61,2.15,23,
creaking,5.38,1.99,21,
cream,6.11,1.53,18,
creamed,5.56,2.4,36,
creamer,6.09,1.76,23,
creamy,6.06,2.19,17,
crease,5.63,1.92,19,
create,7.0,2.24,21,
creation,6.38,1.77,21,
creative,6.78,2.07,23,
creativity,6.79,2.18,19,
creator,6.12,2.45,26,
creature,4.82,1.92,22,
credence,5.26,1.85,19,
credibility,5.92,2.25,25,
credible,6.05,2.06,22,
credit,5.0,2.63,18,
credit card,5.15,2.55,34,
creed,4.45,2.04,22,
creek,5.0,2.32,17,
creep,4.63,2.09,19,
creeper,3.86,2.27,22,
creepy,4.33,2.06,24,
cremation,4.05,2.13,22,
crepe,5.55,1.99,20,
crescendo,5.8,2.12,20,
crescent,5.81,1.69,21,
crest,6.06,2.01,18,
cretin,4.95,1.5,21,
crevice,4.62,1.99,21,
crew,5.0,2.09,18,
crewman,4.91,1.9,22,
crib,4.77,2.44,35,
cricket,4.88,2.23,17,
crime,3.31,1.98,42,
criminal,4.09,2.63,58,
crimp,4.37,2.42,27,
crimson,5.04,1.82,26,
cringe,3.57,2.52,21,
cripple,2.61,1.62,28,
crippling,2.74,2.18,19,
crisis,3.77,2.65,57,
crisp,6.14,1.85,21,
crispy,6.08,2.34,24,
critic,4.86,2.42,22,
critical,4.22,1.83,23,
criticism,4.17,2.29,23,
criticize,4.7,2.36,20,
critique,6.0,2.79,22,
critter,4.43,2.16,21,
croak,3.58,2.17,24,
croc,4.79,2.55,24,
crock,5.58,2.18,26,
crocodile,3.47,2.39,34,
croissant,6.04,2.03,26,
crook,3.82,2.5,22,
crooked,3.18,1.68,28,
crop,5.09,1.69,22,
croquet,5.64,1.79,22,
cross,4.0,2.25,18,
cross country,5.96,1.74,25,
crossbow,5.96,2.27,24,
crossfire,4.65,2.27,23,
crossover,5.7,2.22,23,
crosswalk,5.88,2.43,34,
crossword,5.84,1.57,19,
crotch,5.0,1.74,26,
crouch,4.87,1.79,23,
crow,5.4,2.46,20,
crowbar,5.45,2.34,22,
crowd,5.21,3.29,19,
crowded,3.45,2.2,22,
crown,5.62,2.32,24,
crucial,4.91,2.29,23,
crucifix,4.8,3.03,25,
crucifixion,3.83,2.39,24,
crucify,3.11,1.41,18,
crud,4.1,2.14,21,
crude,3.35,1.5,20,
cruel,4.78,2.81,23,
cruelty,2.64,2.02,28,
cruise,5.68,2.25,22,
cruise ship,4.65,2.41,20,
cruiser,5.7,1.78,20,
crumb,4.62,1.83,21,
crumble,4.14,1.86,22,
crummy,4.38,1.96,21,
crunch,5.0,1.9,17,
crunchy,5.52,1.33,21,
crusade,4.71,2.63,21,
crusader,4.63,1.74,19,
crush,3.96,1.88,25,
crushed,4.24,2.85,25,
crusher,4.29,2.19,21,
crust,5.96,2.23,25,
crusty,4.75,2.29,20,
crutch,4.08,2.43,48,
cry,2.56,1.58,18,
crybaby,3.21,1.73,28,
crypt,4.0,2.21,26,
cryptic,4.33,1.85,21,
crystal,6.72,2.13,25,
cub,4.24,1.89,21,
cubby,5.65,1.82,23,
cube,5.53,1.58,19,
cubic,5.6,2.33,20,
cubicle,3.86,2.42,22,
cuckold,4.18,1.84,22,
cuckoo,4.53,1.84,19,
cucumber,5.86,2.32,28,
cuddle,6.65,2.03,48,
cue,4.62,2.1,24,
cuff,4.16,2.57,19,
cuisine,5.75,2.05,20,
culinary,5.85,1.79,20,
culmination,5.2,2.35,25,
culprit,3.82,2.14,28,
cult,3.61,2.76,23,
cultivate,6.23,2.02,22,
cultural,5.41,1.79,22,
culture,5.71,2.28,17,
cultured,6.4,2.25,25,
cunning,6.58,1.92,19,
cunt,3.24,2.56,34,
cup,5.28,1.74,18,
cupboard,5.65,1.77,26,
cupcake,5.85,1.8,26,
curator,5.11,1.95,28,
curb,5.47,1.9,19,
curd,4.72,2.28,36,
cure,5.45,2.36,22,
curfew,5.0,2.4,19,
curiosity,6.21,2.37,34,
curious,6.88,1.6,24,
curl,5.4,1.96,25,
curling,5.47,2.25,34,
currency,5.3,2.57,27,
current,5.9,2.17,21,
curriculum,4.08,2.21,24,
curry,5.5,1.74,22,
curse,5.15,2.37,20,
curt,4.32,2.71,22,
curtain,6.29,2.03,24,
curtains,5.79,1.88,47,
curtsy,5.76,1.74,25,
curve,5.14,1.85,21,
curved,5.7,2.09,27,
cushion,6.44,1.8,25,
cushy,5.81,2.09,27,
cuss,5.35,2.19,26,
custard,5.96,2.28,27,
custodial,4.9,2.51,20,
custodian,4.45,1.54,20,
custody,5.54,2.38,28,
custom,5.56,2.05,48,
customary,4.94,2.33,17,
customer,6.16,2.52,19,
customized,6.58,1.64,19,
cut,4.55,2.14,47,
cute,6.02,2.27,54,
cutie,5.44,2.1,25,
cutlass,5.26,1.82,19,
cutoff,5.0,2.16,22,
cutter,5.88,2.19,24,
cutthroat,4.27,2.54,26,
cutting board,6.25,2.35,24,
cyanide,4.92,2.38,24,
cyberspace,5.37,2.31,19,
cycle,5.81,1.75,21,
cyclone,3.18,1.92,44,
cylinder,4.57,1.8,21,
cynic,4.81,2.29,21,
cynical,4.95,2.08,22,
cynicism,4.79,2.23,19,
cyst,3.17,2.01,24,
cystic,4.26,2.21,27,
czar,4.36,2.68,28,
dab,5.62,2.67,24,
dabble,5.41,1.74,22,
dad,6.12,2.57,17,
daddy,5.78,2.56,18,
daft,4.82,1.65,22,
dagger,4.83,2.5,24,
daily,5.38,2.14,24,
dainty,5.2,2.21,20,
daiquiri,5.29,1.92,24,
dairy,6.39,1.83,23,
daisy,5.37,2.43,19,
dam,5.26,2.3,23,
damage,3.46,1.64,24,
dame,5.54,2.43,24,
damn,4.39,2.33,18,
damnation,3.55,2.78,20,
damp,3.95,1.72,21,
damper,4.55,2.16,20,
damsel,4.29,2.02,17,
dance,6.28,2.3,18,
dancer,5.78,2.41,50,
dandruff,3.57,1.86,21,
dandy,6.12,2.03,25,
danger,3.64,2.42,22,
dangerous,2.56,1.82,18,
dangle,3.95,2.13,22,
dank,3.77,2.05,22,
dare,4.17,2.64,18,
daredevil,5.28,2.78,25,
daresay,4.88,1.94,25,
daring,6.04,2.08,23,
dark,4.61,2.46,44,
darken,5.76,2.65,25,
darkened,3.92,2.04,24,
darkness,4.82,2.61,22,
darkroom,5.76,2.1,21,
darling,5.44,1.76,18,
darn,5.56,2.01,18,
dart,5.61,2.23,18,
dash,5.86,2.25,22,
dashboard,5.32,1.52,22,
dashing,6.05,1.93,19,
database,6.12,2.56,24,
date,5.11,2.19,18,
daughter,5.06,1.76,18,
dawdle,4.86,1.82,21,
dawn,4.98,2.59,44,
day,5.59,2.06,17,
daybreak,5.3,2.24,23,
daycare,4.92,2.6,24,
daydream,6.77,1.68,26,
daylight,5.88,2.34,48,
daytime,5.58,2.27,19,
daze,4.58,1.93,24,
dazzle,5.88,2.28,25,
dazzling,6.16,2.09,19,
deacon,5.11,2.05,19,
deactivate,6.19,1.96,27,
dead,2.66,2.22,44,
deadbeat,3.89,2.06,27,
deadline,4.53,2.39,19,
deadly,3.73,2.33,22,
deaf,2.86,1.88,21,
deafening,3.63,2.19,19,
deal,6.12,2.03,17,
dealer,5.0,2.24,21,
dealership,4.41,1.74,22,
death,3.42,2.36,19,
deathbed,2.96,2.14,27,
deathly,2.95,2.26,20,
debacle,4.06,2.39,18,
debatable,4.86,2.11,36,
debate,5.96,2.41,25,
debauchery,3.88,2.26,17,
debilitating,3.0,2.05,21,
debrief,5.58,2.14,19,
debriefing,5.41,2.38,34,
debris,4.68,1.97,19,
debt,3.71,2.56,48,
debut,5.52,1.99,27,
debutante,5.81,1.78,21,
decade,4.79,2.38,24,
decadence,6.12,2.11,24,
decadent,5.45,2.52,22,
decaf,5.41,2.94,22,
decathlon,5.71,2.14,17,
decay,2.84,2.01,19,
decaying,3.14,1.82,21,
deceased,2.64,2.28,22,
decedent,4.81,2.38,21,
deceit,4.24,2.22,25,
deceitful,4.11,2.28,27,
deceive,4.58,2.24,24,
decency,6.21,2.2,19,
decent,6.74,2.54,19,
deception,3.81,1.83,21,
deceptive,3.86,2.21,22,
decide,6.28,2.08,18,
decimal,5.52,2.37,23,
decimeter,4.76,1.92,21,
decipher,5.68,1.7,19,
decision,6.89,2.14,18,
decisive,5.76,1.92,25,
deck,5.38,1.94,21,
declaration,5.24,1.89,21,
declare,6.13,2.32,23,
decline,3.71,2.12,21,
deco,4.9,1.84,21,
decode,6.58,1.95,19,
decoder,5.57,2.18,28,
decompose,3.4,1.73,20,
decomposition,3.89,2.08,28,
decompress,4.79,2.02,19,
decompression,4.78,2.05,18,
decontamination,5.0,2.3,18,
decor,7.32,2.06,22,
decorate,6.95,1.9,20,
decoration,6.4,1.55,25,
decorative,6.45,2.04,22,
decorator,5.64,2.08,25,
decorum,5.73,2.24,26,
decoy,4.95,2.01,20,
decrease,3.68,2.08,22,
decree,4.53,2.4,34,
decrepit,3.46,1.88,28,
decryption,4.95,2.17,19,
dedicate,5.73,3.01,22,
dedication,7.18,1.62,22,
deduce,5.67,2.33,18,
deduct,4.86,2.24,21,
deductible,5.0,2.51,21,
deduction,5.22,2.17,27,
deed,5.92,2.06,25,
deejay,5.68,2.14,19,
deem,5.57,2.04,23,
deep,4.94,2.18,18,
deer,4.89,1.79,19,
defamation,2.56,1.64,25,
default,4.7,1.61,23,
defeat,3.87,2.36,23,
defeated,2.43,2.11,23,
defeatist,3.35,2.23,17,
defect,3.37,2.04,27,
defective,3.67,1.88,21,
defector,4.52,1.83,25,
defend,6.64,2.13,22,
defendant,3.95,2.46,20,
defender,4.9,2.4,20,
defense,5.53,2.59,19,
defenseless,3.95,2.35,20,
defensive,4.08,2.6,24,
defer,4.08,1.55,25,
defiance,5.44,2.73,34,
defiant,6.02,2.69,48,
defibrillator,5.05,2.41,19,
deficiency,4.15,2.64,20,
deficient,3.88,2.2,17,
deficit,4.18,2.3,22,
define,5.31,1.97,36,
definite,5.39,2.76,23,
definition,5.68,1.76,28,
definitive,5.24,2.21,21,
deflect,5.37,2.81,19,
deformed,3.05,1.99,44,
deformity,3.82,2.38,22,
defrost,5.81,1.55,26,
deft,5.32,2.45,19,
defuse,5.77,2.11,22,
defy,5.3,2.2,23,
degenerate,2.95,1.5,22,
degeneration,3.67,1.85,21,
degradation,3.39,1.79,18,
degrade,4.4,2.52,25,
degree,5.0,2.15,23,
dehydration,3.32,2.63,19,
delay,3.68,2.01,25,
delayed,3.27,1.67,22,
delegate,6.32,2.03,22,
delegation,5.76,2.37,25,
delete,5.39,2.84,33,
deli,4.79,1.93,19,
deliberate,6.12,2.11,25,
deliberation,4.8,2.19,35,
delicacy,5.52,2.42,21,
delicate,5.04,2.07,26,
delicatessen,6.54,1.86,26,
delicious,5.8,2.55,20,
delight,7.29,1.63,24,
delighted,6.22,2.24,23,
delightful,6.76,1.79,21,
delinquency,4.14,1.96,21,
delinquent,2.86,1.8,21,
delirious,4.61,1.92,23,
delirium,3.27,1.88,22,
deliver,6.74,2.49,19,
deliverance,6.05,1.62,22,
delivery,5.37,2.66,27,
delta,6.15,2.23,27,
delude,4.35,1.9,26,
deluge,4.11,2.68,18,
delusion,3.91,2.72,34,
delusional,3.81,2.73,21,
deluxe,6.59,1.94,22,
demand,5.14,2.48,21,
demeaning,4.17,2.71,18,
demeanor,5.3,2.32,23,
demented,4.36,2.5,22,
dementia,1.68,0.95,19,
demise,3.17,2.06,24,
demo,5.57,1.69,21,
democracy,5.58,2.67,19,
democrat,5.61,2.33,36,
democratic,6.62,2.53,24,
demographic,5.75,2.49,20,
demolish,4.45,2.54,22,
demolition,4.38,2.73,24,
demon,3.4,2.35,45,
demonic,3.52,2.42,25,
demonstrate,6.0,1.83,28,
demonstration,5.2,2.04,25,
demure,5.81,1.44,21,
den,5.68,1.89,22,
deniability,5.71,2.14,28,
denial,4.05,1.99,21,
denim,5.76,2.14,21,
denominator,5.25,1.71,20,
denounce,4.0,1.94,19,
dense,5.08,1.95,24,
density,4.55,1.6,22,
dent,4.95,2.27,19,
dental,3.62,2.58,21,
dentist,4.7,2.74,20,
deny,4.29,2.35,21,
deodorant,6.33,2.06,24,
depart,4.36,2.06,22,
department,4.83,1.69,18,
departmental,4.71,2.63,21,
departure,5.09,2.64,22,
depend,6.21,2.44,19,
dependable,6.3,2.85,20,
dependence,4.0,2.98,19,
dependency,3.71,2.17,21,
dependent,4.37,2.98,27,
depict,5.71,2.02,17,
deplorable,4.0,1.73,21,
deploy,4.9,2.02,21,
deployment,3.71,2.12,24,
deport,3.73,2.76,22,
deportation,4.04,2.4,24,
depose,5.0,1.47,26,
deposit,6.37,2.54,27,
deposition,4.12,1.92,24,
depository,5.58,2.35,36,
depot,5.45,1.65,22,
depravity,3.89,1.94,19,
depress,3.67,2.41,24,
depressed,3.91,2.82,54,
depressing,3.57,2.31,21,
depression,3.33,2.38,18,
depressive,3.64,2.17,22,
deprivation,3.38,2.24,34,
deprive,4.24,2.61,17,
depth,5.24,2.37,25,
deputy,5.52,2.74,27,
derail,4.22,2.27,36,
derelict,4.22,1.63,18,
derivative,4.59,1.82,22,
derive,5.95,2.01,20,
dermatologist,4.53,1.71,19,
derogatory,3.68,2.23,22,
descend,5.4,2.23,20,
descendant,5.48,1.44,23,
descent,4.32,1.97,25,
describe,5.55,1.79,22,
description,5.54,1.53,26,
descriptive,6.48,1.93,23,
desecrate,4.1,2.0,20,
desecration,3.84,1.77,25,
desert,5.58,3.04,19,
deserter,4.31,2.6,48,
desertion,4.05,2.33,20,
deserve,6.32,2.36,19,
deserving,7.17,1.53,23,
design,5.8,2.36,25,
designate,5.61,2.23,36,
designated,5.14,2.37,21,
designer,5.44,2.06,36,
desirable,6.15,1.42,20,
desire,6.07,1.92,42,
desist,4.43,2.16,21,
desk,5.72,1.96,18,
desolate,2.94,1.82,17,
desolation,4.25,2.75,24,
despair,4.05,2.15,19,
despairing,3.64,2.38,22,
desperado,4.14,1.96,21,
desperate,3.21,2.12,19,
desperation,4.0,2.26,26,
despicable,3.24,1.95,21,
despise,4.38,2.36,45,
despondent,3.46,1.33,26,
dessert,5.73,2.16,26,
destination,6.52,1.9,25,
destiny,5.45,2.2,22,
destitute,4.3,2.7,23,
destroy,4.3,2.68,43,
destroyer,3.67,2.43,24,
destruct,4.42,2.46,19,
destruction,3.78,2.76,18,
destructive,4.85,2.56,33,
detach,5.5,2.11,22,
detached,4.95,2.25,19,
detachment,5.93,2.5,27,
detail,7.14,1.61,22,
detailed,5.47,2.08,36,
detain,4.86,2.9,21,
detect,6.32,2.08,19,
detection,5.11,2.08,19,
detective,4.39,1.97,18,
detector,5.59,2.36,22,
detention,4.2,2.44,20,
deter,5.13,2.26,23,
detergent,5.6,1.76,20,
deteriorate,3.85,2.46,20,
deteriorating,4.18,2.25,28,
deterioration,2.73,1.93,22,
determination,7.06,2.15,18,
determine,7.09,1.63,22,
deterrent,4.89,1.79,19,
detest,4.65,2.55,54,
detonate,3.33,2.01,24,
detonation,5.0,2.45,28,
detonator,5.29,2.22,21,
detour,4.05,1.88,21,
detriment,4.47,2.48,34,
deuce,4.96,1.8,23,
deutschmark,4.25,1.84,28,
devastating,3.96,2.16,23,
devastation,3.09,1.85,22,
develop,6.71,1.45,21,
developer,5.29,2.1,24,
development,6.68,1.53,19,
deviant,4.38,2.37,34,
deviate,5.19,2.71,21,
deviation,4.94,2.36,34,
device,5.95,1.61,19,
devil,3.84,2.56,43,
deviled,4.25,2.0,20,
devilish,5.43,2.27,28,
devious,5.16,2.5,19,
devise,5.15,2.74,34,
devoid,3.82,1.81,17,
devote,7.05,1.78,19,
devoted,6.21,2.02,19,
devotion,6.3,2.27,20,
devour,4.95,2.63,22,
devout,5.89,2.03,18,
dew,5.67,2.08,21,
dexterity,6.08,1.93,25,
diabetes,3.11,1.53,18,
diabetic,2.73,1.72,22,
diabolical,3.3,2.53,23,
diagnose,4.71,1.99,17,
diagnosis,3.55,2.11,22,
diagnostic,4.33,1.91,21,
diagonal,5.13,2.1,23,
diagram,6.13,1.69,23,
dial,6.89,1.73,19,
dialect,5.35,2.12,26,
dialogue,5.0,1.78,25,
dialysis,3.23,2.16,26,
diameter,5.28,2.16,18,
diamond,5.64,2.39,42,
diaper,4.14,1.91,22,
diaphragm,5.24,2.03,25,
diarrhea,2.58,1.92,26,
diary,6.86,2.19,22,
dib,6.0,1.69,20,
dibs,5.35,2.18,20,
dice,4.56,2.45,27,
dicey,4.29,2.63,21,
dick,3.44,2.01,18,
dickhead,3.5,2.44,22,
dictate,4.96,2.64,25,
dictation,4.47,2.03,17,
dictator,4.19,2.66,21,
dictatorship,2.76,2.09,25,
diction,6.05,1.83,21,
dictionary,5.88,2.55,17,
diddle,4.95,1.36,22,
die,3.28,2.52,18,
diesel,5.29,2.26,17,
diet,5.29,2.37,17,
differ,5.47,2.32,17,
difference,5.44,1.92,18,
different,6.47,1.81,17,
differential,5.05,1.46,22,
difficult,3.78,2.05,18,
difficulty,4.64,2.79,22,
diffuse,4.75,2.24,20,
dig,4.67,2.33,18,
digest,4.92,2.47,24,
digestion,5.21,2.12,19,
digestive,4.71,2.05,21,
digit,4.35,2.39,20,
digital,5.82,2.13,22,
dignified,6.25,2.07,20,
dignify,5.78,1.98,23,
dignity,6.85,2.11,34,
dike,4.92,2.26,24,
dilation,4.19,1.94,21,
dildo,5.48,2.44,27,
dilemma,2.96,1.85,24,
diligence,6.85,2.13,20,
diligent,7.05,2.17,19,
dill,5.76,1.61,25,
dim,4.83,2.1,23,
dime,5.32,2.79,19,
dimension,5.0,2.02,22,
dimensional,4.79,1.69,28,
diminish,5.05,2.35,20,
diminutive,4.62,2.29,21,
dimwit,3.95,1.65,22,
dine,6.05,1.84,22,
diner,6.43,1.8,21,
dinghy,4.67,2.22,21,
dingo,4.8,2.24,25,
dingy,4.89,1.94,19,
dining,6.63,1.71,19,
dinky,4.19,1.83,21,
dinner,6.05,2.42,20,
dinnertime,6.0,2.14,36,
dinosaur,4.41,2.72,17,
diocese,4.54,2.36,24,
dioxide,4.71,2.12,21,
dip,5.2,1.85,20,
diploma,6.82,2.2,22,
diplomacy,5.42,2.06,19,
diplomat,5.67,2.18,21,
diplomatic,5.62,1.99,21,
dipper,5.7,2.11,20,
dippy,5.26,2.49,27,
dipstick,3.8,2.33,25,
dire,4.17,2.57,23,
direct,6.38,1.95,34,
direction,6.18,2.02,22,
directive,5.96,1.93,28,
director,6.89,2.49,19,
directory,6.13,1.77,23,
dirt,4.7,2.0,20,
dirty,5.05,2.89,43,
disability,4.7,2.84,23,
disable,4.04,2.72,23,
disabled,4.52,3.07,25,
disadvantage,3.62,2.14,24,
disagree,5.45,2.26,20,
disagreeable,4.48,2.46,21,
disagreement,5.11,2.54,18,
disappear,5.42,2.97,19,
disappearance,3.91,2.53,34,
disappoint,4.07,2.35,42,
disappointed,4.08,1.93,25,
disappointing,4.26,2.75,23,
disappointment,4.08,2.52,24,
disapproval,5.26,2.51,19,
disapprove,5.21,2.78,24,
disarm,5.94,2.39,18,
disaster,2.97,2.14,37,
disastrous,3.89,2.05,19,
disband,5.36,2.63,25,
disbelief,5.22,2.21,23,
disc,5.58,2.54,24,
discard,5.95,2.3,19,
discerning,4.94,1.8,18,
discharge,4.0,2.15,24,
disciple,4.32,2.43,19,
disciplinary,4.58,2.73,24,
discipline,5.96,2.19,25,
disciplined,5.72,2.91,25,
disclose,5.89,1.85,19,
disclosure,4.27,2.41,22,
disco,5.24,2.51,21,
discoloration,4.77,2.16,22,
discomfort,3.55,1.87,44,
disconcerting,4.84,1.74,19,
disconnect,4.6,2.37,20,
discontent,3.68,1.96,22,
discontinue,4.41,2.58,17,
discord,4.12,2.4,34,
discount,5.86,1.82,28,
discourage,3.71,1.95,21,
discouraged,3.5,2.15,44,
discouraging,4.22,2.51,18,
discourse,5.2,2.19,20,
discover,6.79,2.04,19,
discovery,6.25,2.05,20,
discredit,4.29,2.1,21,
discreet,6.45,2.14,20,
discrepancy,3.73,2.49,22,
discretion,5.88,2.44,25,
discretionary,5.11,1.97,28,
discriminate,5.05,3.04,21,
discriminating,3.95,2.22,21,
discrimination,4.57,2.43,28,
discuss,6.44,1.38,18,
discussion,5.95,1.57,20,
disdain,4.21,2.27,19,
disdainful,4.48,2.66,25,
disease,2.8,1.88,20,
diseased,3.08,2.08,25,
disembodied,4.17,2.75,24,
disengage,5.4,2.2,25,
disgrace,3.32,2.14,19,
disgraceful,2.79,2.39,19,
disgruntled,3.64,1.85,28,
disguise,4.76,1.92,21,
disgust,4.84,2.34,19,
disgusted,4.24,2.59,49,
disgusting,4.79,2.66,19,
dish,5.5,2.13,28,
dishonest,5.0,2.7,18,
dishonesty,4.32,2.57,22,
dishonor,3.79,2.33,28,
dishonorable,3.71,2.35,24,
dishwasher,5.21,2.72,24,
disinfect,5.64,2.18,28,
disinfectant,5.8,2.33,20,
disintegrate,4.52,1.9,23,
disk,5.22,2.04,27,
dislike,5.81,2.37,27,
disloyal,3.28,2.01,46,
disloyalty,3.71,2.03,21,
dismal,4.96,2.65,24,
dismantle,4.5,2.25,24,
dismay,3.95,1.89,22,
dismiss,5.08,2.41,24,
dismissal,4.79,1.81,19,
dismissive,4.46,2.13,24,
dismount,6.11,2.52,27,
disobedience,4.41,2.59,27,
disobey,4.33,2.67,21,
disorder,4.19,3.02,36,
disorderly,4.05,2.66,22,
disorientation,3.14,2.52,21,
disoriented,4.0,2.5,23,
disown,3.64,2.74,22,
disparage,3.52,1.81,21,
dispatch,5.32,2.03,22,
dispatcher,4.95,2.13,22,
dispensary,5.08,2.68,26,
dispense,5.45,1.9,22,
dispenser,5.48,2.42,21,
dispersal,5.16,1.74,19,
disperse,5.12,2.33,24,
displace,4.65,2.01,20,
displacement,4.85,2.64,20,
display,6.48,1.71,25,
displease,4.45,2.28,22,
displeased,5.0,2.89,25,
displeasure,4.08,2.43,25,
disposable,3.5,1.47,22,
disposal,4.1,2.32,21,
dispose,4.92,2.43,26,
disposition,5.61,1.95,36,
disprove,4.1,2.68,21,
dispute,4.14,2.98,22,
disqualify,3.45,1.74,22,
disregard,4.88,2.36,26,
disrespect,3.95,2.54,21,
disrespectful,3.7,2.39,20,
disrupt,4.62,2.23,26,
disruption,3.9,1.81,21,
disruptive,4.92,2.46,26,
dissatisfied,4.74,2.56,19,
dissect,5.16,2.19,25,
dissection,4.91,2.11,23,
dissent,3.84,2.29,19,
dissertation,5.56,2.61,34,
dissociative,4.07,2.51,27,
dissolve,4.67,1.8,21,
dissuade,4.96,2.07,25,
distance,4.25,2.1,20,
distant,3.56,1.74,27,
distasteful,3.92,1.63,25,
distilled,4.68,2.19,19,
distinct,5.8,2.68,25,
distinction,6.0,2.36,19,
distinctive,6.18,1.59,17,
distinguish,5.43,2.46,21,
distinguished,5.86,2.34,22,
distinguishing,6.0,1.36,26,
distort,4.7,2.56,20,
distorted,4.09,1.88,23,
distortion,3.86,2.01,22,
distract,4.35,2.55,23,
distraction,4.0,2.03,17,
distraught,3.55,1.64,20,
distress,3.9,2.2,20,
distressed,4.16,2.01,19,
distressing,4.5,2.46,28,
distribute,4.82,2.48,17,
distribution,5.21,2.57,19,
distributor,5.74,2.08,19,
district,4.62,1.86,21,
distrust,3.32,2.44,25,
disturb,4.29,2.18,48,
disturbance,3.3,2.0,20,
disturbing,4.4,2.61,15,
ditch,5.42,2.09,19,
ditto,6.0,1.71,25,
ditty,5.05,1.36,21,
diva,5.71,2.48,24,
dive,5.75,2.02,20,
diver,5.9,2.07,20,
diverse,6.17,2.09,18,
diversion,5.65,2.06,23,
diversionary,4.85,2.21,20,
diversity,4.71,2.85,17,
divert,5.47,2.04,19,
divide,4.91,1.53,23,
divine,5.96,2.31,27,
division,5.48,2.41,23,
divorce,4.02,2.4,55,
divorcee,4.16,2.63,19,
divulge,5.04,2.57,23,
divvy,5.77,2.01,26,
dizziness,4.25,2.49,24,
dizzy,3.55,1.92,22,
do,6.35,2.0,17,
doable,6.65,2.16,20,
doc,4.28,1.99,18,
docile,5.46,1.9,26,
dock,5.88,1.93,17,
docket,4.87,1.89,23,
docking,5.71,1.87,21,
doctor,4.69,2.05,26,
doctorate,6.52,2.09,23,
doctrine,5.35,2.4,23,
document,5.41,1.44,22,
documentary,5.41,2.06,22,
documentation,6.12,2.09,32,
documents,6.33,1.84,27,
dodger,6.16,1.68,25,
dodgy,4.62,2.2,24,
dodo,4.95,2.33,20,
doer,6.96,1.8,23,
dog,5.73,2.06,55,
dogface,4.9,1.89,21,
doggy,5.48,2.24,25,
doghouse,4.72,2.49,18,
dojo,5.38,1.74,24,
dole,4.82,2.32,22,
doll,5.66,2.05,61,
dollar,5.07,2.3,43,
dollhouse,6.0,1.7,19,
dolphin,5.67,2.32,27,
domain,6.92,1.98,26,
dome,5.54,1.88,26,
domestic,6.12,2.16,16,
domesticated,5.59,2.36,22,
dominance,4.59,2.63,34,
dominant,6.78,2.45,27,
dominate,5.54,2.73,26,
domination,5.35,2.74,20,
dominatrix,3.96,2.63,24,
dominion,4.96,2.72,25,
domino,4.75,2.49,20,
donate,6.71,2.05,28,
donation,6.73,1.86,22,
donkey,5.12,2.01,25,
donor,6.79,1.98,24,
doodle,6.91,1.68,23,
doom,2.42,1.89,24,
doomsday,3.0,2.34,28,
door,6.1,2.06,41,
doorbell,5.12,1.45,26,
doorknob,5.58,2.24,19,
doorman,5.67,1.95,24,
doormat,4.73,2.85,22,
doornail,5.0,2.07,22,
doorstep,5.1,1.34,21,
doorway,5.58,1.98,19,
dopamine,4.38,2.5,21,
dope,4.95,2.1,22,
dopey,4.2,2.46,20,
dork,5.8,2.07,20,
dorky,5.0,2.36,20,
dorm,5.13,1.6,23,
dormant,5.11,2.56,27,
dormitory,4.87,2.12,23,
dorsal,5.04,1.81,24,
dosage,5.79,2.6,24,
dose,5.0,2.69,22,
dossier,5.38,2.31,16,
dot,5.17,1.7,23,
dotted,5.4,2.14,25,
dotty,4.8,1.91,20,
double,5.11,2.22,18,
doubt,3.06,2.04,18,
doubtful,4.23,2.43,22,
douche,3.81,2.23,21,
dough,5.96,1.69,23,
doughboy,5.05,2.06,20,
doughnut,5.87,2.12,23,
douse,5.21,2.3,19,
dove,6.14,1.98,43,
downer,4.05,2.13,21,
downfall,3.64,2.06,22,
downfield,4.57,1.5,21,
download,6.26,2.13,19,
downriver,3.8,1.73,25,
downside,4.29,2.43,21,
downtime,6.14,2.14,22,
downward,3.96,1.83,24,
downy,5.52,1.91,21,
dowry,5.17,2.71,24,
doze,5.65,2.12,26,
dozen,5.56,1.71,25,
Dr. Pepper,5.95,1.72,21,
drab,4.77,2.6,22,
draft,5.28,1.98,36,
drafty,4.89,2.12,27,
drag,5.52,1.9,23,
dragon,5.17,2.37,23,
dragonfly,5.41,1.76,22,
drain,5.17,2.55,24,
drainage,4.65,2.72,23,
drainpipe,4.72,2.61,18,
drake,5.21,2.04,19,
drama,4.14,2.12,28,
dramatic,4.77,2.0,22,
drape,5.38,2.24,24,
drastic,4.92,2.22,24,
drat,4.48,2.22,25,
draught,4.36,2.97,22,
draw,6.37,2.52,19,
drawback,4.35,2.37,20,
drawbridge,4.95,1.59,22,
drawer,5.71,2.42,17,
dread,3.62,2.2,24,
dreaded,3.5,2.22,22,
dreadful,3.38,2.18,24,
dream,5.4,2.36,47,
dreamboat,5.91,2.09,22,
dreamer,6.53,2.25,19,
dreamland,5.31,2.33,26,
dreamy,6.28,1.88,36,
dreary,4.28,2.39,54,
dredge,4.18,1.74,28,
dress,6.64,2.15,22,
dresser,4.96,1.99,25,
dressmaker,5.52,2.24,25,
dressy,7.55,1.44,22,
dribble,4.67,2.14,24,
drift,4.57,2.46,21,
drifter,5.48,2.41,27,
driftwood,4.96,2.57,23,
drill,5.48,2.04,21,
drink,5.87,2.2,15,
drinker,3.96,2.17,27,
drip,4.11,2.26,36,
drive,5.67,1.57,18,
drivel,4.4,2.21,20,
driver,5.56,2.53,18,
driveway,6.24,1.92,25,
drizzle,4.68,2.26,19,
droll,5.25,2.1,20,
drone,4.89,1.85,19,
drool,4.35,2.58,20,
droopy,4.42,1.98,19,
drop,4.82,2.94,17,
dropout,3.95,2.46,20,
dropper,4.46,1.77,28,
drought,2.95,1.62,22,
drown,2.65,1.87,20,
drowsy,3.47,2.01,19,
drug,3.67,2.2,18,
drug dealing,3.71,2.37,21,
druggist,3.88,1.62,25,
drugs,4.32,2.6,19,
drugstore,5.07,1.86,27,
drum,5.65,2.32,20,
drummer,5.92,2.0,24,
drunk,2.94,2.04,18,
drunk driving,3.36,2.5,22,
drunkard,3.21,2.4,24,
drunken,4.05,2.12,19,
drunkenness,3.97,2.67,34,
dry,6.21,2.78,19,
dryer,4.57,1.97,23,
dual,5.21,1.72,19,
dub,5.36,2.0,36,
dubious,5.17,2.01,23,
duchess,4.45,2.21,20,
duck,5.3,2.08,23,
duckling,5.83,2.01,24,
ducky,5.6,2.35,25,
duct,4.63,2.43,19,
dud,4.24,2.51,17,
dude,5.59,1.94,17,
due,3.72,2.11,18,
duel,4.82,2.4,22,
duet,5.71,2.16,28,
duffel,5.83,2.3,24,
dugout,4.95,2.46,22,
duh,4.85,1.76,26,
duke,5.41,2.48,22,
dull,4.71,2.51,24,
dullard,4.65,2.04,23,
dumb,4.39,1.79,18,
dumbbell,4.95,2.39,19,
dummy,3.71,2.01,24,
dump,4.5,2.32,22,
dumpling,5.04,1.99,27,
dumpster,4.44,2.45,25,
dunce,4.72,2.62,25,
dune,5.15,2.18,27,
dung,4.65,2.06,20,
dungeon,3.68,2.51,25,
dunk,5.18,2.86,22,
duo,5.75,1.67,24,
dupe,3.86,1.78,22,
duplex,4.8,1.94,20,
duplicate,5.5,1.61,26,
duration,4.81,2.02,21,
duress,3.17,1.55,24,
dusk,5.27,2.23,22,
dusky,4.58,1.68,19,
dust,4.56,2.0,25,
duster,5.75,2.05,20,
dustpan,5.36,2.26,22,
dusty,4.7,2.38,23,
duty,4.0,2.47,18,
dwarf,3.84,1.43,25,
dweeb,4.68,2.32,22,
dwell,5.3,2.43,33,
dwelling,5.82,2.6,34,
dye,4.77,1.82,22,
dyke,3.67,2.32,24,
dynamic,5.52,2.5,21,
dynamite,4.65,2.35,20,
dynamo,5.82,2.02,22,
dynasty,5.45,2.7,22,
dysentery,3.05,1.96,22,
dysfunction,3.16,1.91,25,
dysfunctional,2.95,1.91,21,
eager,6.46,2.21,24,
eagle,5.09,2.09,23,
ear,6.74,2.0,19,
earful,4.73,2.1,22,
earl,5.76,1.7,21,
earn,6.75,1.78,24,
earnest,6.67,1.68,21,
earnings,6.85,2.13,20,
earpiece,5.95,2.09,20,
earring,5.71,1.76,21,
earrings,5.71,2.17,17,
earth,5.69,2.15,26,
earthling,4.61,2.54,23,
earthly,5.83,1.88,24,
earthquake,2.14,1.46,22,
earthy,6.56,2.26,25,
ease,6.42,1.98,19,
east,5.17,2.09,18,
eastbound,5.68,2.01,25,
eastern,4.48,1.62,23,
easy,6.79,1.87,48,
easygoing,6.76,1.94,25,
eat,7.26,2.01,57,
eater,5.87,1.98,23,
eavesdrop,5.2,2.86,25,
ebony,4.71,1.78,28,
eccentric,6.1,2.28,21,
echelon,4.43,2.08,28,
echinacea,5.42,1.87,19,
echo,4.59,2.36,22,
eclectic,5.75,2.1,28,
eclipse,5.79,2.3,19,
ecological,5.08,2.4,25,
economic,4.21,2.21,24,
economics,4.05,2.13,22,
economy,4.16,1.8,19,
ecosystem,4.41,1.71,22,
ecstasy,5.52,2.31,48,
ecstatic,5.63,2.29,19,
edema,4.42,1.68,26,
edge,4.31,1.59,26,
edgy,4.56,2.83,18,
edible,6.45,2.11,20,
edifice,5.33,2.25,27,
edit,6.64,2.06,33,
editing,6.57,2.34,21,
edition,4.81,2.27,27,
editor,5.9,2.36,21,
editorial,5.77,1.85,22,
educate,6.79,2.0,24,
education,6.82,1.99,22,
educational,5.68,2.38,25,
educator,6.11,2.0,19,
eel,4.86,2.48,21,
eerie,3.91,2.29,34,
effect,5.88,1.94,24,
effective,7.2,1.85,20,
effectiveness,6.19,2.06,26,
efficiency,6.79,1.89,28,
efficient,6.67,1.68,21,
effort,6.64,2.08,28,
effortless,7.0,1.62,24,
egg,5.74,1.59,19,
egghead,4.57,1.95,28,
eggnog,5.26,2.13,19,
eggplant,5.77,1.97,22,
eggshell,4.33,2.39,24,
ego,6.05,1.82,20,
egomaniac,5.19,2.77,21,
egotistical,5.23,2.27,26,
eight,5.26,1.84,23,
eighteen,5.71,2.23,17,
eighty,4.41,1.68,22,
ejaculate,5.83,2.41,24,
ejaculation,5.04,2.77,28,
eject,5.18,2.36,28,
ejection,3.62,1.86,21,
El Nino,3.52,2.36,21,
elaborate,6.05,1.67,20,
elastic,5.05,2.25,21,
elated,6.86,1.42,22,
elbow,6.02,2.31,42,
elder,4.14,2.4,22,
elderly,4.91,2.23,23,
elect,5.43,2.34,21,
election,5.0,2.54,23,
elective,6.35,2.25,20,
electoral,4.96,2.12,23,
electric,5.48,1.97,21,
electric slide,5.67,1.98,27,
electrical,4.97,2.02,36,
electrician,5.73,2.14,22,
electricity,4.68,2.45,28,
electrocute,4.42,2.69,19,
electrocution,2.5,1.47,22,
electromagnetic,4.86,2.15,21,
electron,4.57,2.31,23,
electronic,5.41,2.32,27,
electronics,5.96,2.44,25,
elegance,6.26,2.38,23,
elegant,5.95,2.1,38,
element,5.0,1.95,20,
elemental,4.77,1.34,26,
elementary,4.91,2.02,23,
elephant,4.23,2.02,22,
elevate,5.67,2.11,18,
elevation,6.06,2.62,18,
elevator,4.92,2.26,24,
eleven,5.2,2.4,20,
elf,5.43,2.04,21,
elicit,4.4,1.88,20,
eligible,6.0,1.77,22,
eliminate,5.48,2.27,23,
elimination,4.33,2.38,18,
elite,5.34,2.3,35,
elitist,5.74,2.08,19,
elixir,5.43,2.2,21,
elk,4.67,2.14,24,
elm,5.43,2.11,23,
elope,6.21,2.76,19,
eloquence,6.46,1.75,26,
eloquent,6.37,1.61,19,
elude,5.05,2.75,22,
elusive,4.73,2.21,22,
email,6.11,1.94,19,
emancipation,4.73,2.93,22,
embankment,5.43,2.09,23,
embargo,5.45,2.16,20,
embark,6.39,2.06,23,
embarrass,4.22,2.62,36,
embarrassed,3.67,2.66,18,
embarrassing,3.87,2.1,23,
embarrassment,2.92,1.71,25,
embassy,5.79,1.87,19,
embattled,4.88,2.25,48,
embezzlement,4.18,2.77,17,
embezzler,3.79,2.48,28,
emblem,5.46,1.77,24,
embodiment,4.91,2.15,23,
embolism,4.05,2.36,22,
embrace,6.58,2.32,24,
embroidery,6.05,2.06,20,
embryo,4.86,1.88,21,
emcee,4.74,2.38,19,
emerald,6.32,2.03,22,
emerge,6.67,1.96,21,
emergency,2.72,1.53,18,
emery,5.6,2.64,20,
eminence,5.0,2.08,19,
eminent,5.09,1.9,23,
emissary,5.56,2.15,18,
emission,4.68,1.95,19,
emit,5.26,2.4,19,
emotion,5.0,2.89,22,
emotional,4.5,2.23,18,
empathize,6.38,1.91,21,
empathy,5.9,1.97,21,
emperor,5.32,2.32,22,
emphasis,5.0,1.78,20,
emphasize,6.43,1.62,28,
emphysema,4.3,2.55,23,
empire,5.95,2.52,20,
empirical,5.3,1.84,20,
employ,5.0,2.11,19,
employee,4.81,2.33,36,
employer,3.3,2.6,23,
employment,5.36,2.55,58,
emporium,6.05,1.53,21,
empress,6.1,2.3,21,
emptiness,4.1,2.2,20,
empty,3.61,2.06,18,
emu,6.21,2.21,24,
emulate,5.83,1.99,23,
enable,5.45,2.56,20,
enamel,5.31,2.28,26,
enchanted,6.0,2.41,22,
enchanting,5.5,2.5,22,
enchantment,5.22,2.54,23,
enchantress,5.68,2.28,22,
enchilada,5.82,1.89,22,
enclosure,4.64,2.36,25,
encore,5.52,1.57,21,
encounter,5.3,2.25,20,
encourage,6.2,2.25,25,
encouragement,6.58,2.26,24,
encouraging,6.87,2.01,23,
encryption,5.32,2.65,19,
encyclopedia,6.48,2.2,21,
end,4.41,2.45,17,
end table,4.9,1.7,21,
endanger,3.95,2.5,22,
endangerment,3.84,2.01,19,
endearing,6.26,1.76,19,
endeavor,5.75,1.87,24,
endgame,5.32,2.26,19,
ending,4.59,2.52,22,
endless,3.25,2.13,24,
endorse,6.45,1.99,22,
endorsement,5.92,2.25,25,
endowment,6.15,1.66,20,
endurance,6.03,2.16,36,
endure,6.06,2.18,18,
enduring,6.37,2.31,27,
enema,3.2,2.14,20,
enemy,2.5,1.34,18,
energetic,5.81,2.5,21,
energize,6.55,2.2,22,
energy,6.53,2.99,19,
enforce,5.49,2.56,35,
enforcement,4.0,2.43,18,
enforcer,5.36,3.26,22,
engage,6.42,2.26,24,
engaged,5.42,2.57,24,
engagement,6.29,2.08,34,
engine,5.36,1.89,22,
engineer,6.53,2.07,17,
engineering,5.61,2.13,23,
engraving,5.44,1.61,25,
enhance,6.58,1.74,19,
enhancement,6.22,2.07,18,
enigma,5.18,2.02,22,
enjoy,7.28,1.36,18,
enjoyable,7.0,1.89,24,
enjoyment,6.56,2.12,25,
enlarge,5.89,2.11,18,
enlargement,5.4,2.2,25,
enlighten,6.3,2.25,27,
enlightening,6.37,2.24,19,
enlightenment,6.5,2.09,20,
enlist,5.58,2.54,24,
ennui,4.7,2.24,23,
enormous,6.0,1.86,23,
enraged,4.4,2.31,25,
enroll,5.86,2.01,28,
enrollment,6.05,2.15,19,
ensemble,5.4,2.19,20,
enslave,4.08,2.81,36,
ensure,5.96,1.8,26,
entail,5.0,1.41,22,
enter,6.79,2.3,19,
enterprise,5.65,2.5,23,
enterprising,6.2,1.55,25,
entertain,6.7,1.72,23,
entertainer,5.31,2.19,36,
entertaining,6.45,2.4,22,
entertainment,5.86,2.43,21,
enthusiasm,6.69,2.11,26,
enthusiast,6.89,1.66,19,
enthusiastic,6.21,2.28,24,
entice,5.15,2.52,20,
entire,5.06,2.13,18,
entirety,6.13,1.89,23,
entitle,6.38,2.04,24,
entity,4.94,2.18,18,
entourage,5.29,1.99,24,
entrails,4.21,2.0,24,
entrance,5.41,2.15,22,
entrapment,3.57,2.06,21,
entree,6.82,1.62,22,
entrepreneur,7.67,1.3,27,
entrust,6.8,2.21,20,
entry,6.37,2.14,19,
envelope,5.5,2.13,24,
envious,3.86,2.24,21,
environment,4.62,1.77,21,
environmental,5.68,1.95,19,
envision,6.64,2.1,25,
envoy,4.64,2.44,22,
envy,3.16,2.08,25,
enzyme,4.92,2.21,24,
epic,5.32,2.59,22,
epidemic,2.58,1.84,24,
epidural,4.26,2.63,23,
epilepsy,2.9,2.12,21,
epileptic,4.0,2.45,28,
epiphany,5.48,2.26,25,
episode,5.4,2.03,15,
epitaph,5.26,1.91,23,
epitome,6.14,1.82,21,
equal,6.64,2.04,33,
equality,6.0,1.76,19,
equalizer,5.46,1.88,28,
equate,5.13,1.6,23,
equation,5.59,2.26,22,
equator,5.26,1.36,23,
equestrian,5.5,2.01,18,
equilibrium,5.68,2.38,25,
equipment,5.2,1.99,20,
equity,5.65,2.41,20,
equivalent,5.57,1.38,23,
era,4.92,1.87,26,
eradicate,4.95,2.17,19,
erase,5.42,2.19,24,
eraser,6.89,1.59,19,
erect,5.7,1.82,23,
erectile,4.53,2.32,19,
erection,5.18,2.89,22,
ergo,5.21,1.32,19,
erosion,3.91,1.83,23,
erotic,5.9,2.23,42,
erotica,5.56,1.98,25,
err,4.82,2.4,22,
errand,6.15,1.93,62,
errant,4.23,1.94,35,
erratic,4.4,2.46,20,
erroneous,4.07,2.4,27,
error,4.18,1.92,22,
erupt,3.32,2.17,22,
eruption,2.82,1.68,22,
escalate,5.24,2.59,21,
escalating,5.58,2.09,19,
escalation,4.6,2.23,20,
escalator,5.31,2.16,36,
escape,5.44,2.09,18,
escort,5.63,2.03,19,
escrow,4.38,1.88,24,
esophagus,5.04,2.26,24,
espionage,4.5,2.36,24,
espresso,6.3,2.27,20,
esquire,5.38,1.81,24,
essay,5.55,2.58,22,
essence,5.62,1.66,21,
essential,6.3,2.54,20,
establish,6.29,1.99,17,
estate,5.27,2.14,22,
esteem,6.45,2.56,20,
esteemed,5.54,2.48,24,
estimate,5.43,1.4,21,
estimation,5.26,1.75,27,
estranged,4.48,2.18,21,
estrogen,4.2,2.06,25,
eternal,5.41,2.66,27,
eternity,4.37,2.81,19,
ether,4.26,2.37,34,
ethic,6.0,2.28,21,
ethical,5.71,2.76,17,
ethics,6.6,2.46,20,
ethnic,5.05,2.39,19,
etiquette,5.65,2.52,23,
eucalyptus,5.57,2.01,21,
eulogy,4.05,2.44,21,
euphemism,5.5,1.79,18,
euphoria,6.73,1.8,22,
euphoric,6.77,1.63,22,
euro,5.0,2.55,25,
euthanasia,5.4,2.96,20,
evacuate,3.32,2.15,22,
evacuation,3.14,2.27,22,
evade,5.95,2.09,19,
evaluate,6.2,1.64,20,
evaluation,4.62,2.2,21,
evaporate,4.81,2.42,27,
evasion,5.25,2.38,24,
evasive,5.06,2.44,18,
evening,5.22,2.21,18,
evens,4.32,2.4,22,
event,5.0,2.25,20,
eventual,4.75,2.12,28,
everlasting,5.23,2.37,22,
everyday,5.96,1.71,24,
everyman,4.4,2.16,20,
evict,3.96,2.8,23,
eviction,3.68,2.64,22,
evidence,4.61,2.62,18,
evident,6.16,2.32,19,
evidentiary,4.42,1.61,19,
evil,3.6,2.62,48,
evolution,4.77,2.58,26,
evolutionary,4.43,2.44,21,
evolve,5.48,2.71,23,
ex,4.0,2.25,22,
exact,5.7,2.01,23,
exacting,5.11,2.31,19,
exaggerate,5.55,2.42,20,
exaggeration,4.84,2.81,25,
exam,4.19,2.23,26,
examination,5.05,2.38,22,
examine,5.84,1.49,25,
examiner,6.25,2.27,20,
example,6.74,1.85,19,
excavation,5.67,2.15,21,
exceed,6.75,1.45,20,
excel,6.61,2.02,23,
excellence,7.4,1.79,45,
excellent,7.22,1.48,18,
excelsior,5.35,2.08,23,
exception,4.12,2.12,26,
exceptional,6.32,1.7,19,
excess,5.29,2.24,21,
excessive,4.04,1.79,28,
exchange,5.88,1.96,33,
excitable,6.55,2.02,22,
excite,5.79,1.96,19,
excited,7.33,1.19,18,
excitement,6.33,2.28,48,
exciting,7.21,1.87,19,
exclamation,6.0,2.31,19,
exclude,4.67,2.79,33,
exclusive,5.58,2.48,19,
excrement,3.38,1.88,24,
excruciating,3.36,2.22,22,
excursion,6.05,2.33,20,
excuse,4.72,2.16,54,
exec,5.55,2.69,22,
execute,5.04,2.44,25,
execution,3.27,2.67,37,
executioner,3.68,2.71,19,
executive,4.95,2.12,19,
executor,5.54,2.77,35,
exemplary,6.57,1.87,28,
exempt,5.54,1.98,24,
exemption,5.32,2.14,28,
exercise,6.9,2.0,42,
exert,6.0,2.24,27,
exhale,6.27,2.51,22,
exhaust,4.36,1.71,22,
exhaustion,4.29,2.73,34,
exhaustive,4.54,2.16,35,
exhibit,6.21,2.07,19,
exhibition,5.39,2.04,23,
exhilarated,6.51,2.05,35,
exhilarating,5.76,2.11,17,
exhumation,4.14,2.29,28,
exhume,4.81,2.23,21,
exile,3.37,2.19,19,
exist,6.05,2.59,19,
existence,5.11,2.26,19,
existential,6.06,2.1,18,
existing,6.46,1.98,24,
exit,7.0,1.71,27,
exodus,5.62,2.26,24,
exonerate,5.82,2.1,17,
exorcism,3.71,2.52,28,
exorcist,3.8,2.02,25,
exotic,5.65,2.19,26,
expand,5.43,1.72,21,
expansion,5.42,2.13,36,
expect,4.89,2.22,18,
expectancy,5.41,2.37,17,
expectation,5.05,1.56,21,
expedient,6.84,1.57,19,
expedite,5.96,2.34,25,
expedition,5.78,2.15,23,
expel,4.17,2.26,24,
expendable,4.0,2.11,23,
expense,4.41,2.12,27,
expensive,6.21,2.7,19,
experience,6.94,1.95,18,
experiment,5.7,2.52,27,
experimental,4.62,2.4,34,
experimentation,5.48,2.79,25,
expert,6.91,1.8,22,
expertise,6.73,1.73,26,
expiration,3.72,2.37,32,
expire,3.8,2.26,20,
explain,6.22,2.16,18,
explanation,6.14,1.49,21,
explicit,4.18,1.81,28,
explode,2.96,2.1,27,
exploit,4.16,2.7,32,
exploitation,5.0,2.75,23,
exploration,5.36,1.92,22,
exploratory,5.88,2.28,25,
explore,6.52,2.38,27,
explorer,6.43,2.06,23,
explosion,3.62,2.25,21,
explosive,3.32,2.25,25,
expo,5.11,1.82,19,
export,5.54,1.28,24,
expose,4.24,2.23,21,
exposition,5.4,2.41,20,
exposure,5.08,2.55,25,
express,6.57,1.97,28,
expression,6.88,2.21,24,
expressive,7.39,1.56,23,
expressway,4.59,2.11,22,
expulsion,3.58,2.04,26,
exquisite,6.55,1.41,22,
extend,6.0,1.69,22,
extension,6.08,1.89,24,
extensive,5.71,1.86,28,
extent,5.0,2.23,36,
exterior,5.91,1.77,22,
exterminate,4.23,2.63,26,
extermination,4.95,2.64,21,
exterminator,4.62,2.14,26,
external,5.5,2.09,20,
extinct,3.42,2.43,19,
extinction,3.04,2.49,25,
extinguish,5.47,2.48,19,
extinguisher,5.95,2.5,19,
extort,3.48,2.23,21,
extortion,3.05,2.19,22,
extra,5.72,1.45,18,
extract,6.18,1.82,22,
extraction,5.62,2.52,21,
extracurricular,6.77,1.88,22,
extradition,4.17,2.41,23,
extraordinaire,6.55,2.04,22,
extraordinary,6.85,1.99,26,
extraterrestrial,4.38,2.48,24,
extravagance,5.79,2.4,24,
extravagant,5.59,2.34,22,
extravaganza,5.83,1.97,23,
extreme,5.88,2.46,24,
extremity,5.64,2.48,22,
eye,5.72,1.93,18,
eyeball,5.19,1.89,21,
eyebrow,5.33,2.26,24,
eyeful,5.4,1.93,20,
eyeglasses,5.68,2.29,19,
eyelash,5.05,2.28,22,
eyeliner,5.46,2.27,28,
eyes,5.94,2.34,18,
eyesight,6.28,2.52,18,
eyewitness,5.5,2.02,24,
fable,5.9,1.81,21,
fabled,4.74,1.82,19,
fabric,5.8,2.02,20,
fabrication,5.8,2.17,20,
fabulous,7.25,1.62,20,
facade,4.91,2.35,22,
face,5.96,1.86,45,
faceless,3.91,2.33,34,
facial,6.09,2.54,22,
facilitate,6.58,2.01,19,
facility,5.03,2.13,36,
fact,6.0,1.91,18,
faction,4.52,1.93,23,
factor,4.68,2.15,25,
factory,5.09,2.37,22,
factual,7.13,1.69,23,
faculty,4.87,2.03,23,
fad,4.71,2.58,24,
fade,4.63,2.22,19,
fag,3.09,2.22,22,
faggot,3.63,2.22,27,
fail,4.74,2.92,19,
failure,5.04,3.05,25,
faint,3.5,1.92,26,
fair,6.12,1.9,17,
fairness,6.45,2.42,22,
fairway,5.76,1.94,25,
fairy,6.38,1.75,21,
faith,5.5,2.66,18,
faithful,7.29,1.93,21,
faithless,4.57,1.91,21,
fake,4.47,2.76,19,
faker,4.33,2.22,21,
falafel,4.76,1.76,21,
falcon,5.29,2.03,21,
fall,3.83,2.35,24,
fallacy,3.96,1.66,23,
fallback,4.94,2.07,18,
fallopian,5.37,2.24,19,
fallout,3.45,1.92,22,
fallow,5.21,1.62,19,
FALSE,4.7,2.76,44,
fame,6.27,2.03,22,
famed,4.71,1.92,24,
familiar,7.21,2.15,19,
familiarity,6.62,1.93,24,
family,5.98,2.57,50,
famine,3.09,2.23,23,
famished,4.3,2.14,23,
famous,5.4,2.18,42,
fan,6.05,2.7,19,
fanatic,4.31,2.66,26,
fanatical,3.83,2.15,18,
fanciful,6.76,1.94,25,
fancy,7.16,2.12,19,
fanfare,6.0,2.36,20,
fang,5.55,2.35,20,
fantasize,6.65,2.42,26,
fantastic,7.21,2.32,19,
fantasy,6.35,2.11,20,
faraway,5.08,2.67,24,
farce,3.68,1.7,22,
fare,4.0,2.12,21,
farewell,4.67,2.29,36,
farm,6.08,2.12,48,
farmer,6.1,2.22,20,
farmhouse,4.77,1.82,26,
farming,5.83,1.97,24,
farmland,5.67,2.08,24,
fart,3.69,2.22,26,
fascinate,6.32,2.17,22,
fascinating,6.17,1.61,23,
fascination,6.0,2.29,28,
fascism,3.05,2.09,21,
fascist,3.88,2.44,26,
fashion,5.6,2.22,25,
fashionable,5.68,2.44,22,
fastball,5.42,1.88,26,
fasten,7.14,1.71,21,
fat,4.0,2.55,21,
fatal,3.54,2.37,26,
fatality,3.69,2.04,36,
fate,5.53,2.67,19,
fated,2.55,1.68,22,
fateful,4.8,2.42,20,
fathead,4.32,2.18,28,
father,5.19,2.57,48,
fatherhood,5.61,2.33,23,
fatherland,5.56,2.59,18,
fatherly,6.61,2.15,28,
fathom,4.3,2.03,20,
fatigue,4.05,2.65,21,
fatigued,4.33,2.49,42,
fatso,4.0,2.0,23,
fatten,4.65,2.76,17,
fatty,3.5,2.61,22,
faucet,6.31,1.64,26,
fault,4.02,2.04,43,
faulty,4.42,2.31,36,
faun,5.47,1.93,19,
fauna,6.0,1.78,20,
faux,4.52,2.29,25,
favor,6.24,2.32,42,
favorable,6.78,1.85,27,
favorite,7.0,1.46,18,
favoritism,4.83,2.67,36,
fawn,5.73,2.43,22,
fax,5.67,2.01,21,
faze,5.45,2.31,20,
fear,3.32,2.44,50,
fearful,3.12,2.45,25,
fearless,6.93,1.57,27,
fearsome,3.58,2.24,24,
feasible,6.79,1.69,19,
feast,6.21,1.72,19,
feat,6.19,2.2,27,
feather,5.97,2.48,32,
feathered,5.84,1.77,19,
feature,6.26,1.52,19,
fecal,4.2,1.79,20,
feces,4.53,1.43,19,
federal,2.76,1.9,25,
federation,5.35,2.39,23,
fee,4.12,2.51,24,
feeble,3.53,2.7,17,
feed,6.79,1.84,19,
feedback,5.58,1.89,19,
feeder,4.95,2.09,21,
feel,5.5,1.83,16,
feeling,6.5,1.86,18,
feign,5.05,2.36,22,
feisty,6.11,2.72,18,
feline,5.86,2.27,22,
feller,4.5,2.12,18,
fellow,6.0,1.28,18,
fellowship,5.94,2.71,18,
felon,3.36,2.38,22,
felony,4.31,2.89,16,
female,6.42,2.81,19,
feminine,5.09,2.37,22,
femininity,5.86,2.22,21,
feminist,5.12,2.78,17,
femme,4.84,2.19,25,
femoral,4.52,1.81,21,
femur,5.25,2.64,24,
fence,5.2,2.78,20,
fencing,5.9,1.92,20,
fend,5.86,2.08,21,
fender,5.06,1.98,16,
fennel,6.29,1.93,21,
fern,4.67,2.24,36,
ferocious,3.96,2.12,24,
ferret,4.25,1.91,16,
ferry,5.43,2.31,23,
ferryboat,5.28,1.78,36,
fertile,4.92,2.06,24,
fertility,4.55,1.84,22,
fertilize,6.52,1.99,21,
fertilizer,5.63,2.01,19,
fess,5.0,2.03,18,
fest,5.23,1.37,26,
festival,5.6,2.33,20,
festive,6.55,1.93,44,
fetal,4.17,2.37,24,
fetch,5.6,2.19,20,
fetish,4.8,3.05,20,
fetus,4.6,1.88,20,
feud,4.25,2.27,36,
fever,3.12,1.67,48,
feverish,3.79,2.35,19,
fiancee,6.05,1.9,19,
fiasco,3.0,1.94,17,
fib,4.68,2.73,22,
fiber,5.36,2.09,28,
fiberglass,4.61,2.31,23,
fibrosis,4.87,2.32,23,
fickle,4.46,2.1,26,
fiction,6.45,1.96,20,
fictional,5.89,2.42,18,
fictitious,4.64,2.56,25,
fiddle,4.85,2.48,20,
fiddler,5.94,2.55,18,
fidelity,6.68,2.23,22,
field,5.74,2.24,23,
field hockey,5.41,1.87,27,
fielder,5.22,1.91,23,
fiend,3.9,2.27,20,
fiendish,3.89,2.4,19,
fierce,5.7,2.58,20,
fiery,5.89,2.19,27,
fiesta,5.29,2.42,17,
fifteen,4.76,1.76,25,
fifty,5.9,2.02,20,
fig,6.05,1.96,19,
fight,4.68,2.46,25,
fighter,6.42,2.27,26,
figment,5.0,1.91,23,
figure,5.39,2.09,18,
file,4.61,2.25,18,
filet,5.14,2.01,21,
fill,6.78,1.52,18,
filler,5.85,1.98,20,
fillet,5.35,2.45,34,
filly,4.47,1.91,17,
film,6.17,2.04,18,
filmmaker,5.72,2.56,18,
filter,5.62,2.35,34,
filth,4.07,2.27,55,
filthy,4.46,2.49,28,
filtration,5.71,1.79,21,
fin,5.45,2.31,20,
final,3.94,2.21,18,
finale,5.65,2.01,20,
finalist,5.78,2.32,18,
finality,4.52,2.52,21,
finalize,5.78,2.46,36,
finance,4.57,2.71,21,
financial,4.82,1.99,22,
finch,5.0,2.04,23,
find,6.24,1.95,17,
finder,5.79,1.75,19,
fine,5.78,2.05,18,
finesse,6.58,1.71,19,
finger,5.32,2.3,22,
fingernail,4.73,2.41,22,
fingerprint,4.56,2.62,25,
finish,6.44,2.34,16,
finite,4.79,2.15,19,
fir,5.5,1.74,24,
fire,4.57,2.53,49,
firearm,5.89,2.87,19,
fireball,4.19,1.97,21,
firecracker,4.64,2.4,25,
firefight,5.0,2.42,17,
firefighter,5.14,2.08,22,
firefly,5.27,1.91,22,
firehouse,4.58,1.77,24,
firelight,5.55,2.28,22,
fireman,5.0,2.11,19,
fireplace,5.56,2.12,36,
firepower,6.26,2.52,27,
fireside,5.64,2.13,22,
firewall,4.76,2.51,21,
firewood,5.95,2.33,21,
fireworks,5.61,2.54,23,
firm,6.58,2.83,19,
firmament,5.0,2.0,21,
first,6.38,2.32,24,
firstborn,5.24,2.47,25,
fiscal,5.23,1.95,22,
fish,6.08,2.28,24,
fisherman,5.47,1.81,17,
fishing,6.33,1.74,24,
fishing boat,5.4,2.38,25,
fishy,3.59,1.79,22,
fissure,4.59,2.55,27,
fist,4.95,2.58,20,
fistfight,4.43,2.46,21,
fistful,4.76,1.84,21,
fit,6.11,1.91,18,
fitness,6.96,2.16,27,
five,5.65,2.36,34,
fiver,4.3,2.13,20,
fix,6.72,1.53,18,
fixable,6.52,1.75,23,
fixation,3.73,1.93,22,
fixer,6.7,2.03,23,
fixture,5.5,2.13,36,
fizz,5.94,1.95,18,
fjord,4.2,1.99,20,
flabby,4.81,2.43,42,
flaccid,4.84,2.46,25,
flag,5.56,2.24,25,
flagpole,5.05,2.25,19,
flagrant,4.63,1.42,19,
flagship,5.12,2.42,25,
flagstaff,4.97,2.33,34,
flair,6.09,1.41,23,
flak,5.29,1.95,21,
flake,4.11,1.71,18,
flaky,3.65,2.34,17,
flamboyant,5.15,2.3,20,
flame,4.64,2.16,25,
flamethrower,4.59,2.56,22,
flaming,4.67,2.2,21,
flamingo,6.19,1.78,21,
flammable,4.54,2.83,24,
flan,6.23,1.85,22,
flank,5.58,2.39,19,
flannel,4.68,1.78,22,
flap,4.58,1.77,19,
flare,5.84,1.8,19,
flares,5.0,2.13,20,
flash,4.94,2.31,34,
flashback,4.18,2.57,28,
flashlight,6.06,2.46,18,
flashy,5.78,1.63,18,
flask,5.17,2.46,24,
flat,4.0,2.12,21,
flatbed,5.43,1.57,21,
flatfoot,4.32,1.77,25,
flatten,5.53,2.34,19,
flatter,6.0,2.2,22,
flattered,5.95,2.48,22,
flattering,6.36,2.28,22,
flattery,5.91,2.33,23,
flatulence,4.35,2.31,23,
flaunt,5.17,2.14,24,
flavor,6.95,1.53,21,
flaw,4.21,2.3,19,
flawed,5.11,2.65,27,
flawless,6.55,2.34,22,
flea,4.42,2.17,19,
fleabag,4.32,2.06,19,
flee,5.0,2.43,23,
fleece,5.64,2.11,22,
fleet,6.24,1.7,21,
flesh,5.29,1.94,24,
fleshy,3.95,1.54,19,
flex,6.04,1.92,23,
flexibility,6.73,2.1,22,
flexible,6.68,1.83,28,
flick,6.46,2.04,24,
flicker,5.38,2.21,26,
flier,4.85,1.93,20,
flight,5.33,2.28,18,
flighty,4.32,2.06,19,
flimsy,4.2,1.66,25,
flinch,4.12,2.64,24,
fling,6.1,2.15,20,
flip,5.32,2.13,28,
flip flop,5.1,2.26,21,
flipper,5.15,1.93,20,
flipping,5.0,1.73,25,
flirt,5.8,2.43,25,
flirtation,5.78,2.5,23,
flirty,5.56,2.45,18,
float,5.91,2.15,23,
floater,4.33,2.2,24,
flock,5.38,2.58,24,
flood,3.16,2.0,44,
floor,6.39,1.94,18,
flooring,6.0,1.45,22,
floozy,4.38,2.54,21,
flop,4.79,2.12,19,
floppy,4.65,1.99,23,
floral,5.15,1.9,27,
florist,5.82,2.69,33,
floss,5.69,1.67,26,
flotation,4.71,2.29,28,
flounder,4.32,2.08,19,
flour,5.86,2.2,21,
flourish,6.17,1.92,18,
flow,5.4,2.42,25,
flower,6.43,1.78,21,
flowery,5.57,2.29,23,
flu,2.8,2.12,25,
flue,4.32,2.12,25,
fluent,5.74,2.14,23,
fluff,6.12,1.94,24,
fluffy,6.11,1.66,19,
fluid,5.75,1.85,24,
fluke,3.58,2.47,24,
flunk,4.23,2.78,22,
flunky,4.95,2.56,20,
fluorescent,5.15,2.5,20,
flurry,5.25,2.45,20,
flush,5.62,2.25,21,
flute,5.84,1.98,19,
flutter,5.37,2.03,19,
flux,4.79,1.93,24,
fly,5.28,2.8,18,
flyboy,4.97,2.04,34,
flyer,5.4,2.45,25,
foam,5.1,2.12,60,
focal,6.41,1.5,22,
focus,6.84,2.36,19,
foe,3.82,2.09,28,
fog,4.05,2.34,22,
foggy,4.21,1.87,19,
foil,5.04,1.56,26,
fold,6.67,1.83,21,
folder,5.42,1.98,24,
foliage,6.21,1.91,24,
folk,6.0,2.28,18,
folklore,4.85,2.35,20,
follow,4.81,2.43,16,
follower,4.58,2.17,19,
folly,3.65,1.73,17,
fond,6.42,1.8,19,
fondle,4.88,2.46,24,
fondness,6.82,1.33,22,
fondue,6.5,2.35,20,
font,6.45,1.99,20,
food,6.08,2.15,48,
fool,2.94,1.76,18,
foolhardy,4.71,2.24,21,
foolish,3.9,1.59,20,
foolishness,4.26,2.56,19,
foolproof,6.0,2.22,20,
foot,5.97,2.03,39,
foot stool,5.37,2.06,19,
footage,5.71,2.34,17,
football,5.42,2.78,19,
foothold,5.1,1.95,21,
footing,5.57,1.57,21,
footlocker,5.27,2.33,22,
footloose,5.38,2.24,24,
footprint,6.37,1.54,19,
footwear,5.18,1.92,22,
footwork,5.58,1.77,19,
forbid,4.48,2.63,23,
forbidding,3.57,2.13,21,
force,4.22,2.56,18,
forceful,5.53,2.52,19,
forceps,5.86,2.06,21,
forces,5.48,2.11,23,
ford,6.0,1.56,24,
fore,5.52,2.18,21,
forearm,6.35,1.85,23,
foreboding,3.48,1.38,23,
forecast,4.73,2.24,26,
foreclose,2.92,1.85,26,
foreclosure,3.08,1.87,26,
forefront,6.08,1.84,24,
forego,5.32,2.23,28,
foregone,4.16,1.75,25,
foreground,5.11,1.83,28,
forehead,6.5,2.04,20,
foreign,4.79,1.65,19,
foreigner,4.33,2.13,15,
foreman,5.08,1.91,24,
foremost,6.04,1.74,23,
forensic,4.75,2.64,24,
forensics,5.14,1.98,21,
foreplay,5.92,2.56,25,
foresee,6.05,1.87,19,
foresight,6.13,2.18,23,
forest,5.71,2.03,21,
forevermore,5.0,2.94,22,
forfeit,4.43,2.53,28,
forge,5.55,2.09,22,
forger,4.71,2.53,21,
forgery,3.4,1.94,25,
forget,3.5,2.2,18,
forgetful,4.45,2.33,20,
forgetfulness,4.19,2.34,21,
forgive,6.44,2.43,18,
forgiveness,6.26,2.1,19,
forgiving,6.45,1.73,20,
fork,6.02,2.17,42,
forklift,5.0,2.21,19,
forlorn,3.73,2.0,22,
form,6.47,1.98,19,
formal,5.61,2.04,23,
formaldehyde,3.59,1.92,22,
formality,5.68,2.26,19,
format,4.81,2.34,27,
formation,5.0,2.4,24,
formidable,5.56,2.85,18,
formula,4.73,2.1,22,
formulate,5.46,1.95,28,
fornicate,5.62,2.16,26,
fornication,6.59,1.74,22,
forsake,4.05,2.65,20,
forte,6.42,2.17,19,
forthcoming,6.0,2.47,19,
forthright,5.8,2.43,25,
fortitude,6.75,1.97,20,
fortnight,5.56,1.8,25,
fortress,6.55,2.28,20,
fortuitous,6.12,1.88,25,
fortunate,5.83,2.39,24,
fortune,6.68,2.19,19,
forty,5.89,2.29,27,
forum,5.48,1.89,21,
forwarding,6.0,2.14,18,
fossil,4.75,1.98,24,
foul,4.11,2.45,38,
foundation,6.41,2.1,27,
founder,5.69,1.83,26,
founding,5.36,1.84,22,
foundry,4.96,2.33,23,
fountain,5.9,2.22,20,
four,5.65,2.0,17,
foursome,5.29,2.24,21,
fourteen,5.32,2.03,22,
fowl,5.8,1.96,20,
fox,5.5,2.6,18,
foxhole,5.1,1.67,21,
foxtrot,5.54,2.06,24,
foxy,5.3,2.56,20,
foyer,5.54,1.82,26,
fraction,5.09,1.28,23,
fracture,4.2,2.24,20,
fragile,4.0,1.96,26,
fragment,4.8,2.33,20,
fragrance,6.56,2.38,25,
fragrant,6.0,2.06,24,
frail,3.04,2.17,25,
frame,5.78,2.08,27,
framework,5.77,2.09,22,
franc,5.12,1.56,25,
franchise,5.48,2.43,25,
frantic,3.59,2.27,17,
frat,4.63,2.2,27,
fraternity,5.41,2.17,22,
fraud,3.48,2.15,44,
fraught,4.05,1.88,21,
fray,4.12,2.12,17,
frayed,4.6,2.39,20,
freak,5.11,2.77,19,
freakish,4.86,2.23,22,
freaky,4.21,1.96,24,
freckle,4.43,2.1,28,
free,6.5,2.71,50,
freebie,6.05,1.96,22,
freedom,7.37,1.87,38,
freelance,6.0,2.21,21,
freelancer,5.96,2.2,24,
freeman,6.41,2.44,22,
freestyle,6.26,2.0,23,
freeway,4.96,2.25,23,
freeze,5.89,2.26,19,
freezer,5.12,1.85,24,
freezing,4.16,2.27,25,
freight,4.8,2.4,20,
freighter,5.16,1.57,19,
french horn,5.83,2.08,24,
frenzy,4.0,1.83,25,
frequency,5.62,1.72,21,
frequent,5.88,2.03,25,
fresh,6.28,1.81,18,
freshen,7.25,1.59,20,
freshener,6.19,1.65,26,
freshman,3.78,2.11,23,
freshness,6.29,2.05,21,
freshwater,5.76,1.7,21,
fret,4.24,2.49,21,
friar,5.62,1.63,21,
friction,4.24,2.17,21,
fridge,5.69,2.31,35,
fried,6.05,2.01,19,
friend,6.31,1.79,42,
friendless,4.63,2.54,27,
friendly,7.6,1.62,42,
friendship,6.95,1.83,21,
fright,3.95,1.96,19,
frighten,2.71,2.22,21,
frightened,3.05,2.03,22,
frightening,3.39,2.21,23,
frightful,3.55,2.09,22,
frigid,5.61,2.62,23,
fringe,4.48,2.25,23,
frisbee,6.14,2.03,22,
frisk,4.83,2.24,36,
frisky,6.23,2.37,22,
frivolous,4.27,1.72,22,
frock,4.71,2.0,21,
frog,5.5,2.27,48,
froggy,4.78,2.03,27,
frolic,6.05,1.99,20,
frontal,6.0,1.67,19,
frontier,4.32,1.75,25,
frostbite,4.0,2.26,26,
frosted,5.0,1.97,19,
frosting,5.73,1.93,22,
frosty,5.0,2.12,21,
frown,4.95,2.31,21,
fruit,6.12,2.07,24,
fruit punch,5.0,1.28,18,
fruitcake,5.42,2.08,26,
fruitful,6.91,1.9,22,
fruitless,3.59,1.74,22,
fruity,6.0,1.9,36,
frustrated,3.85,2.31,55,
frustrating,3.72,2.32,25,
frustration,3.27,2.12,22,
fry,6.44,1.84,36,
fryer,5.39,1.37,23,
fuchsia,5.72,2.24,18,
fuck,5.47,2.21,17,
fucker,4.33,2.24,27,
fucking,4.94,2.69,16,
fudge,5.86,2.59,22,
fuel,6.21,2.39,19,
fugitive,4.0,1.76,19,
fulfill,6.2,2.02,25,
fulfillment,5.82,2.46,17,
full,6.06,2.38,17,
fullback,5.2,1.89,25,
fullness,6.27,2.62,22,
fumble,4.67,2.88,24,
fun,7.04,1.85,46,
function,6.18,1.88,34,
functional,5.26,2.38,23,
fund,6.05,1.72,21,
fundamental,5.33,2.62,24,
fundamentalist,4.36,2.34,25,
funding,4.73,1.96,22,
fundraiser,5.27,1.88,22,
fundraising,6.86,1.42,21,
funeral,3.06,2.17,47,
fungus,3.61,1.91,49,
funk,4.68,2.56,34,
funky,5.4,2.33,25,
funnel,4.35,2.39,23,
funny,6.33,2.09,18,
fur,6.11,2.52,18,
furious,3.89,2.78,18,
furlong,5.71,2.34,17,
furlough,5.16,2.1,25,
furnace,4.82,1.82,22,
furnish,6.41,1.89,34,
furnishings,6.43,1.72,21,
furniture,5.43,2.15,23,
furry,5.26,2.05,19,
fury,4.62,2.32,24,
fuse,5.81,2.37,27,
fuselage,5.04,2.49,24,
fusion,4.83,2.66,24,
fuss,3.5,1.82,24,
fussy,3.83,2.43,18,
futile,3.23,1.85,22,
futility,3.7,2.03,20,
futon,4.93,2.11,27,
future,5.53,2.58,17,
fuzz,5.41,1.56,22,
fuzzy,4.29,1.82,28,
gab,4.04,1.81,24,
gad,5.04,1.97,25,
gadget,5.36,2.26,22,
gaff,4.4,1.98,20,
gag,3.81,2.08,26,
gaga,4.58,1.98,26,
gaggle,5.7,2.03,20,
gaiety,4.27,2.51,22,
gain,6.82,1.88,17,
gal,5.53,1.65,19,
gala,5.95,2.1,22,
galactic,4.77,2.07,35,
galaxy,4.76,2.75,17,
gall,4.85,1.85,27,
gallant,5.42,1.93,36,
gallbladder,3.64,1.43,22,
gallery,5.68,1.95,19,
galley,4.79,2.69,34,
gallon,5.32,1.95,19,
gallop,4.86,1.9,28,
gallows,4.48,2.48,23,
galore,6.04,2.12,27,
gamble,3.74,2.05,19,
gambler,4.44,2.28,27,
gambling,4.11,2.49,27,
game,5.84,2.44,50,
gaming,6.29,1.85,24,
gamma,4.86,2.1,36,
gander,5.33,1.71,24,
gang,5.37,3.04,19,
gangland,3.83,2.64,18,
gangrene,3.12,2.13,24,
gangster,4.16,2.48,19,
gangway,5.12,1.92,24,
gap,4.71,1.97,24,
gaping,4.94,1.98,36,
garage,6.11,2.51,19,
garbage,5.15,2.49,26,
garbled,4.45,1.6,22,
garden,6.13,2.34,45,
gardener,6.77,1.57,22,
gardening,6.32,2.34,22,
gargle,6.61,2.06,18,
gargoyle,4.56,2.49,34,
garlic,6.62,2.04,24,
garment,5.84,2.14,45,
garnet,5.3,2.32,23,
garnish,5.33,1.62,21,
garrison,4.55,2.11,22,
garter,5.14,2.17,49,
gas,4.17,2.09,18,
gash,3.9,1.51,21,
gasket,5.0,2.21,28,
gasoline,3.63,2.06,19,
gasp,4.68,2.19,19,
gassy,4.26,1.66,19,
gastric,4.43,1.96,21,
gate,5.95,2.97,19,
gatekeeper,5.08,2.6,25,
gateway,6.16,2.01,25,
gather,6.16,2.06,25,
gator,3.7,2.15,20,
gatorade,5.48,1.66,25,
Gatorade,5.44,1.83,25,
gaudy,5.8,2.18,25,
gauge,5.23,1.95,22,
gauntlet,5.29,2.19,21,
gauze,4.76,2.45,25,
gavel,4.21,1.98,24,
gay,4.78,2.32,18,
gaze,6.35,1.87,26,
gazebo,5.3,2.34,20,
gazelle,5.2,2.26,20,
gazette,5.16,1.74,19,
gazillion,4.21,2.12,19,
gear,5.9,2.29,20,
geek,5.5,2.45,16,
geeky,6.45,1.79,22,
geezer,3.33,1.76,24,
geisha,5.0,2.71,22,
gel,5.25,1.86,20,
gelatin,5.47,1.84,19,
gelding,5.48,1.86,23,
gem,6.09,1.9,22,
gender,5.42,2.54,43,
genealogy,4.96,2.65,24,
general,5.24,2.51,17,
generate,5.45,2.7,22,
generation,5.23,2.29,22,
generator,5.48,2.08,25,
generic,4.68,1.97,25,
generosity,6.56,2.35,25,
generous,6.81,1.78,21,
genetic,3.76,2.54,17,
genetics,3.29,2.14,24,
genie,5.32,2.43,19,
genital,4.74,2.45,34,
genitalia,5.12,2.36,24,
genius,7.37,1.83,19,
genocide,2.5,1.42,18,
genome,4.32,2.09,28,
genre,5.0,1.73,21,
gent,5.1,1.7,21,
genteel,6.0,1.54,22,
gentile,5.56,2.33,25,
gentle,6.95,2.07,57,
gentleman,6.06,2.07,18,
gentlemanly,7.0,1.91,18,
gentry,6.12,1.9,25,
genuine,7.5,1.57,22,
geographic,4.57,1.83,28,
geographical,4.65,2.29,23,
geography,4.45,2.36,22,
geological,5.61,2.06,36,
geologist,5.81,2.16,36,
geology,4.74,2.13,19,
geometric,5.36,2.46,22,
geometry,5.04,2.33,27,
gerbil,5.38,2.63,24,
geriatric,3.85,1.81,20,
germ,3.65,2.06,20,
germs,3.0,2.08,37,
gesture,5.85,1.87,20,
get,5.65,1.93,17,
getaway,6.47,2.32,19,
getup,5.68,1.94,22,
ghastly,3.95,2.44,19,
ghetto,3.77,1.66,26,
ghost,4.47,2.72,19,
ghostly,4.14,2.25,22,
ghoul,4.3,2.23,20,
GI Joe,5.18,2.29,28,
giant,6.68,2.06,19,
gibberish,5.21,2.65,34,
giddy,6.4,1.98,20,
gift,6.32,1.94,22,
gifted,6.67,2.35,21,
gig,5.14,2.38,36,
gigantic,5.54,1.92,26,
giggle,4.75,2.07,24,
gigolo,5.32,2.08,19,
gilded,5.28,1.57,25,
gimmick,3.48,1.58,25,
gimp,3.64,1.81,22,
gin,5.91,2.09,22,
ginger,5.47,1.54,19,
gingerbread,6.18,1.89,22,
ginseng,4.96,2.4,23,
giraffe,5.27,2.32,26,
girder,4.5,1.82,20,
girdle,4.68,1.8,19,
girl,5.27,2.25,22,
girlfriend,5.0,2.4,18,
girlie,5.54,2.57,24,
girlish,5.0,1.8,25,
girly,5.65,1.6,20,
girth,4.69,1.78,26,
gist,5.8,1.76,25,
give,5.72,2.47,18,
giveaway,4.75,2.24,20,
giver,7.29,1.52,21,
gizmo,5.74,1.91,23,
gizzard,5.05,2.07,19,
glacier,4.55,2.44,20,
glad,7.0,1.46,16,
glade,5.68,1.84,22,
gladiator,4.86,2.51,28,
glamorous,6.22,2.39,23,
glamour,6.09,2.09,22,
glance,5.48,1.69,25,
gland,5.09,1.65,23,
glare,5.53,2.17,19,
glass,5.42,1.71,19,
glaucoma,2.91,1.83,23,
glaze,5.18,2.07,17,
glazed,5.86,1.85,21,
gleam,7.0,1.75,18,
gleaming,5.2,1.7,20,
glee,6.79,1.9,19,
glide,6.23,2.52,22,
glider,5.3,2.22,23,
glimmer,5.79,2.1,28,
glimpse,5.75,1.78,24,
glisten,6.0,2.49,22,
glitch,3.5,1.79,16,
glitter,6.24,2.18,25,
gloat,6.1,2.0,20,
global,4.77,2.81,22,
globe,5.4,2.16,20,
gloom,4.07,2.18,41,
gloomy,3.15,1.63,20,
glorified,6.11,1.94,19,
glorious,6.7,1.98,20,
glory,6.72,2.11,58,
gloss,5.52,2.11,21,
glossy,5.88,2.06,17,
glove,6.0,1.65,23,
gloves,5.75,2.22,28,
glow,5.38,2.46,34,
glucose,4.05,1.81,19,
glue,5.43,2.46,21,
glum,4.62,2.16,24,
glutton,3.68,2.15,22,
gnat,3.65,1.87,20,
gnome,4.21,2.39,19,
go,5.33,2.11,18,
goal,6.57,1.7,23,
goalie,5.77,2.31,22,
goat,5.17,2.39,24,
goatee,5.62,1.96,26,
gobble,5.28,1.96,18,
goblin,3.84,2.03,25,
god,5.0,2.33,19,
goddamn,4.59,2.45,17,
goddamned,4.65,2.41,20,
goddess,5.75,2.05,24,
godfather,4.78,2.62,18,
godforsaken,3.78,2.29,27,
godless,5.16,2.49,25,
godlike,6.38,1.63,21,
godmother,5.56,2.34,36,
godsend,5.41,2.3,22,
godson,6.44,1.91,27,
goggle,6.15,1.87,20,
goggles,6.0,1.67,19,
gold,5.8,2.43,60,
golden,5.67,1.88,18,
goldfish,5.05,2.13,21,
golf,5.81,2.36,21,
golfer,5.56,2.02,43,
golfing,5.55,1.74,22,
gondola,5.28,1.7,25,
goner,3.0,2.05,19,
gonorrhea,2.92,2.52,25,
goo,4.59,2.79,17,
goober,5.25,2.17,20,
good,6.41,2.18,44,
goodie,5.88,1.84,26,
goodness,7.37,2.01,19,
goodwill,6.9,1.89,20,
goody,6.36,1.89,22,
gooey,4.86,1.85,21,
goof,6.08,2.18,25,
goofball,5.37,1.77,19,
goofy,5.72,2.21,25,
goon,4.74,2.34,23,
goop,3.61,2.04,23,
goose,4.76,2.22,17,
gopher,4.67,2.08,27,
gorge,5.33,2.82,21,
gorgeous,7.05,1.96,19,
gorilla,4.88,2.35,24,
gory,4.32,2.46,22,
gospel,3.84,2.25,25,
gossip,3.94,2.66,54,
gothic,5.69,2.11,26,
gouge,4.62,2.42,21,
goulash,5.42,2.41,36,
gourd,5.29,2.53,21,
gourmet,5.54,2.29,35,
gout,3.81,2.57,36,
govern,4.91,2.29,22,
governess,5.17,2.5,23,
government,3.11,1.81,18,
governmental,3.04,2.26,25,
governor,6.05,2.46,19,
Governor,4.79,2.36,24,
gown,5.5,2.09,34,
grab,5.28,2.16,18,
graceful,6.52,2.12,25,
gracious,7.05,1.61,20,
grad,6.9,2.23,21,
grade,6.74,2.28,19,
grader,5.17,2.39,23,
gradual,5.84,1.91,25,
graduate,7.18,2.14,44,
graduation,5.59,2.45,17,
graffiti,5.28,2.51,25,
graft,4.17,1.76,24,
grail,5.71,2.1,24,
grain,5.12,1.72,25,
gram,4.89,2.06,27,
grammar,6.76,1.98,25,
grand,6.0,1.5,18,
Grand Canyon,4.0,2.54,22,
grand theft auto,4.78,2.45,23,
grandchild,5.68,2.61,22,
granddad,5.55,2.11,22,
granddaddy,5.09,2.22,22,
granddaughter,5.33,2.32,36,
grandeur,5.67,1.97,24,
grandfather,6.15,2.35,20,
grandiose,5.1,2.14,21,
grandma,5.39,2.48,18,
grandmother,6.32,2.79,19,
grandpa,5.05,3.01,19,
grandson,5.39,1.79,28,
grandstand,6.21,1.69,19,
granite,4.6,2.41,20,
granny,5.0,2.53,20,
granola,5.7,1.99,23,
grape,5.88,1.9,26,
grape juice,5.75,1.86,28,
grapefruit,5.96,2.05,24,
grapevine,5.38,1.86,21,
graph,6.15,2.07,27,
graphic,5.08,2.04,25,
graphics,5.0,2.43,22,
graphite,5.53,1.68,19,
grappling,5.46,2.04,24,
grasp,6.48,2.06,27,
grass,5.67,1.87,46,
grasshopper,5.82,2.11,22,
grassy,5.68,2.16,19,
grate,5.96,1.83,24,
grateful,7.0,2.13,20,
gratification,6.18,2.3,22,
gratifying,6.26,2.51,23,
gratitude,6.71,2.12,21,
grave,3.73,2.45,22,
gravel,4.8,2.46,20,
graveyard,3.79,2.28,24,
gravitational,4.37,2.61,19,
gravity,4.48,2.92,23,
gravy,5.87,1.55,23,
gray,4.77,2.22,22,
graze,5.65,2.1,23,
grease,4.96,2.38,27,
greased,5.63,1.54,19,
greaser,4.94,2.12,36,
greasy,3.88,1.74,25,
great,6.65,1.84,17,
great aunt,4.42,2.28,24,
great grandfather,5.16,2.63,19,
great grandma,6.04,2.23,23,
great grandmother,5.17,2.57,24,
great grandpa,5.36,2.36,25,
great uncle,4.58,2.06,19,
greatness,6.76,1.92,25,
greed,4.0,2.55,20,
greedy,4.0,2.39,22,
green,5.64,2.37,42,
green bean,5.65,2.44,34,
green pepper,6.36,2.27,25,
green snake,5.0,1.9,21,
greenhouse,5.84,2.49,25,
greet,6.54,2.09,48,
greeting,6.29,2.02,17,
grenade,3.72,2.57,61,
greyhound,5.26,2.53,34,
grid,5.18,1.18,22,
grief,3.26,2.31,47,
grievance,4.33,2.3,18,
grieve,3.38,2.22,24,
grieving,3.23,2.05,26,
grievous,5.25,2.43,20,
grill,5.62,2.01,21,
grilled,5.32,2.3,22,
grim,4.18,2.3,22,
grimy,4.08,2.0,24,
grin,5.58,2.48,19,
grind,4.58,2.38,24,
grinder,5.09,2.07,22,
grindstone,5.42,1.98,19,
gringo,4.35,2.42,17,
grip,5.59,2.21,27,
gripe,5.0,2.18,22,
grisly,4.0,1.95,20,
grit,6.38,2.18,24,
grits,4.65,1.97,23,
gritty,4.83,1.97,24,
grizzly,5.0,2.29,19,
groan,5.5,2.4,24,
grocer,5.05,1.88,21,
grocery,6.33,2.43,18,
groggy,3.64,1.79,28,
groin,5.62,1.72,21,
groom,5.75,2.03,24,
groove,5.91,2.17,23,
groovy,5.46,2.25,28,
grope,4.64,2.65,22,
gross,4.62,2.62,34,
grotesque,4.15,1.79,27,
grotto,5.22,2.15,27,
grouch,4.26,2.28,19,
grouchy,5.39,2.48,18,
ground,5.5,2.01,18,
groundhog,5.32,1.86,19,
grounding,3.9,2.1,21,
groundwork,5.77,1.6,22,
group,4.39,1.79,18,
groupie,4.71,1.96,28,
grouping,5.64,2.41,33,
grouse,4.64,1.62,22,
grove,6.05,2.06,21,
grovel,3.45,1.9,22,
grow,5.5,2.09,18,
growl,5.11,2.58,27,
grownup,6.24,2.46,34,
growth,6.04,2.12,23,
grub,4.87,1.98,23,
grubby,3.91,2.0,22,
grudge,5.18,2.44,22,
gruel,4.14,1.7,22,
grueling,2.95,1.36,20,
gruesome,3.83,1.77,23,
gruff,5.67,1.9,24,
grumpy,5.06,2.53,35,
grunt,4.91,2.27,22,
grunting,5.85,1.93,20,
guacamole,5.78,2.13,23,
guano,5.32,2.32,25,
guarantee,6.0,2.03,17,
guard,4.06,2.65,18,
guardhouse,4.14,1.96,22,
guardian,5.48,2.25,21,
guardianship,7.35,1.46,20,
guerrilla,4.16,2.73,19,
guess,4.89,2.54,18,
guesser,4.79,2.59,19,
guesswork,5.04,2.01,24,
guest,6.95,1.87,19,
guesthouse,5.65,2.35,20,
guidance,6.1,1.97,21,
guide,5.75,2.57,20,
guidebook,5.78,2.37,18,
guiding,5.58,1.89,19,
guild,6.29,2.1,21,
guillotine,3.39,2.07,44,
guilt,4.35,2.62,17,
guilty,4.5,2.83,58,
guinea,5.0,2.1,25,
guise,4.28,2.11,25,
guitar,5.89,1.73,35,
guitarist,5.52,2.29,23,
gull,5.03,2.23,35,
gullet,4.46,1.79,26,
gullible,3.59,1.87,17,
gully,4.2,2.02,20,
gulp,4.6,2.0,25,
gum,4.92,2.14,25,
gumbo,5.25,2.03,24,
gummy,5.04,2.03,25,
gumption,5.55,1.85,20,
gun,4.71,2.91,48,
gunboat,3.4,2.04,20,
gunfight,4.13,2.6,23,
gunfighter,4.36,2.4,25,
gunfire,3.75,2.47,24,
gunk,4.21,2.07,19,
gunman,3.88,2.71,24,
gunner,5.08,2.26,24,
gunnery,4.74,2.07,27,
gunplay,4.0,2.67,34,
gunpoint,2.85,2.6,27,
gunpowder,4.83,2.23,23,
gunshot,3.7,1.92,27,
gunslinger,4.05,2.42,20,
gurney,3.33,1.8,21,
guru,6.42,2.14,19,
gush,5.19,2.11,21,
gusher,4.28,1.7,25,
gust,4.36,2.32,22,
gusto,6.21,1.93,24,
gut,5.27,2.0,22,
gutless,3.9,2.12,21,
gutsy,5.7,1.89,20,
gutter,4.64,2.15,22,
guy,5.12,1.76,17,
guzzler,4.5,2.52,22,
gym,5.96,2.15,28,
gymnasium,5.09,1.93,22,
gymnast,5.65,2.06,23,
gymnastics,5.21,2.07,19,
gynecologist,4.68,2.57,22,
habit,5.67,2.91,18,
habitat,5.62,2.09,21,
habitual,5.32,2.08,22,
hacienda,5.36,2.04,22,
hack,4.08,2.6,24,
hacker,3.74,2.33,19,
hacksaw,4.84,2.19,19,
hag,3.61,2.29,23,
haggle,4.44,1.92,25,
haiku,6.0,2.22,20,
hail,4.44,2.55,18,
hair,6.69,1.96,16,
hairball,4.12,2.47,24,
hairbrush,6.0,1.73,21,
haircut,6.56,2.2,25,
hairdo,5.82,2.29,28,
hairdresser,4.71,2.15,21,
hairdryer,6.23,1.56,26,
hairless,4.96,2.27,26,
hairline,3.91,1.74,22,
hairpin,5.37,2.17,19,
hairspray,6.74,2.51,19,
hairstyle,6.12,2.17,24,
hairy,5.22,2.41,27,
half dollar,5.89,1.76,19,
halfback,5.33,1.83,24,
halftime,4.9,2.05,20,
halibut,4.55,1.65,22,
hall,4.22,1.9,18,
hallmark,6.08,1.56,24,
hallowed,4.95,2.24,22,
hallucination,3.36,2.36,28,
hallway,4.94,2.05,17,
halo,5.39,2.37,23,
halt,4.37,2.14,19,
halter,5.22,2.21,18,
ham,5.85,2.03,26,
hamburger,5.35,2.33,43,
hammer,5.59,2.24,41,
hammerhead,4.11,2.02,19,
hammock,5.22,1.81,23,
hamper,5.19,2.3,27,
hamster,5.72,2.11,25,
hand,5.88,2.21,48,
handbag,5.69,2.39,16,
handball,5.26,2.07,27,
handbook,5.85,2.28,20,
handcuff,3.43,2.38,21,
handful,5.73,2.18,26,
handgun,5.04,3.01,24,
handheld,6.14,1.65,21,
handicap,3.54,2.39,48,
handicapped,3.45,1.93,20,
handiwork,5.95,1.73,22,
handkerchief,5.05,2.33,20,
handle,6.0,2.12,17,
handler,5.16,2.24,19,
handmade,6.36,2.1,25,
handout,4.96,2.52,28,
handprint,5.45,2.32,22,
handshake,6.5,2.04,18,
handsome,6.22,2.06,55,
handwriting,6.89,2.17,18,
handy,6.16,2.3,25,
handyman,6.11,1.64,18,
hang,4.61,2.12,18,
hangar,5.57,1.4,21,
hanger,5.05,2.25,19,
hangman,4.83,2.48,24,
hangout,6.21,1.96,24,
hangover,4.31,2.81,26,
hankering,4.84,2.06,19,
hanky,5.67,1.85,21,
haphazard,3.7,2.09,43,
hapless,4.61,2.54,23,
happen,5.53,1.94,17,
happiness,7.05,2.16,21,
happy,7.21,1.96,62,
harass,3.58,2.06,19,
harassment,4.05,2.61,19,
harbor,5.38,2.28,26,
hard,4.96,2.31,24,
hardball,5.86,1.49,21,
hardcore,5.46,2.0,24,
harden,5.67,2.42,21,
hardened,5.14,2.48,21,
hardheaded,4.25,2.0,20,
hardship,3.61,1.93,44,
hardware,5.32,2.08,19,
hardwood,6.19,2.57,27,
hardworking,6.89,2.39,28,
hare,5.04,1.7,25,
harebrained,4.58,2.55,24,
harem,4.36,2.08,22,
hark,5.05,2.66,22,
harlot,4.25,2.02,20,
harm,3.95,2.66,19,
harmful,4.1,2.3,21,
harmless,5.85,2.25,20,
harmonica,5.7,2.0,20,
harmonious,6.81,1.5,26,
harmony,5.96,2.49,25,
harness,4.53,2.6,17,
harp,6.29,2.0,21,
harpoon,5.59,1.73,17,
harrowing,3.92,2.18,25,
harsh,4.04,1.81,24,
harvest,6.24,1.71,25,
hash,4.95,2.32,19,
hassle,4.83,2.46,18,
haste,5.14,2.17,21,
hasten,5.33,2.06,27,
hasty,4.81,1.72,21,
hat,6.21,1.74,24,
hatch,5.09,1.95,23,
hatchet,4.48,2.33,25,
hate,4.47,2.54,73,
hateful,4.32,2.54,25,
hater,4.8,2.4,25,
hatred,4.0,2.33,62,
haughty,5.09,2.31,23,
haul,5.6,2.04,20,
haunt,4.39,2.43,18,
have,5.72,2.3,18,
haven,6.88,1.78,16,
havoc,3.96,2.57,25,
haw,4.71,1.88,24,
hawk,5.5,1.77,24,
hay,4.75,2.51,20,
hayride,6.76,2.01,25,
haystack,5.38,2.42,21,
haywire,2.88,1.98,24,
hazard,4.22,1.98,23,
hazardous,4.36,2.53,25,
haze,4.37,1.67,19,
hazmat,4.21,2.15,24,
hazy,3.79,1.85,28,
head,5.56,2.2,18,
headache,4.04,3.02,25,
headband,5.81,2.14,16,
header,5.46,1.64,24,
headless,3.54,2.23,24,
headlight,5.79,2.29,48,
headline,4.0,2.2,20,
headliner,5.09,1.93,22,
headlock,4.18,2.54,28,
headmaster,5.71,2.64,17,
headphones,5.92,2.27,25,
headquarter,5.46,1.82,24,
headquarters,5.89,2.13,19,
headset,5.7,2.05,23,
headstone,3.6,2.19,20,
headstrong,6.36,2.11,22,
headway,5.88,2.58,33,
heady,5.28,2.02,18,
heal,5.18,2.59,50,
healer,5.14,2.01,22,
healing,6.21,2.38,28,
health,6.0,1.81,26,
healthcare,4.0,2.03,19,
healthy,7.0,1.63,22,
heap,5.39,2.25,18,
hear,6.71,1.79,17,
hearsay,4.32,2.19,19,
hearse,3.21,1.95,28,
heart,5.43,2.26,44,
heart disease,3.38,2.46,24,
heartache,3.32,2.06,22,
heartbeat,4.54,1.88,26,
heartbreak,3.58,2.17,24,
heartbreaker,5.0,2.38,26,
heartbreaking,3.55,2.2,22,
heartbroken,3.65,2.02,26,
heartburn,4.25,2.67,20,
hearted,6.7,1.84,23,
heartfelt,5.93,2.45,28,
hearth,4.86,1.65,21,
heartland,5.88,2.21,26,
heartless,5.22,2.81,27,
hearty,6.4,1.98,25,
heat,5.89,2.56,19,
heater,4.81,2.44,21,
heathen,4.32,2.38,19,
heating,5.83,2.79,24,
heave,4.75,2.19,24,
heaven,5.22,2.72,50,
heavenly,6.75,1.59,24,
heavy,3.61,1.54,18,
heavy metal,5.35,2.62,20,
heavyweight,5.53,2.45,17,
heck,5.2,2.04,20,
hectic,3.91,2.52,22,
hedge,5.95,2.63,19,
heed,4.95,2.04,21,
heel,5.41,1.74,22,
hefty,4.88,2.48,33,
heifer,4.92,2.38,36,
height,4.56,2.57,25,
heightened,4.95,2.27,21,
heinous,4.12,2.19,24,
heir,5.61,2.27,23,
heiress,5.42,1.93,24,
heirloom,6.62,2.33,21,
heist,4.46,2.59,24,
helicopter,6.17,2.53,24,
helipad,5.95,2.28,20,
heliport,5.48,2.09,23,
helium,5.46,2.34,24,
helix,5.24,1.81,21,
hell,3.47,2.72,49,
hellfire,4.0,3.01,25,
hellhole,3.46,2.81,24,
hellish,4.72,2.72,18,
helmet,5.52,2.56,23,
helmsman,5.33,2.29,27,
help,6.89,1.84,18,
helper,6.6,2.04,20,
helpful,6.79,2.37,19,
helpless,3.0,2.49,48,
hem,6.13,1.82,23,
hematoma,3.25,1.68,20,
hemisphere,5.37,2.19,19,
hemlock,5.19,2.18,27,
hemoglobin,4.72,1.93,18,
hemorrhage,3.0,1.69,22,
hemostat,4.32,2.13,28,
hen,5.39,2.14,36,
henhouse,5.05,1.81,19,
hepatitis,4.05,2.48,19,
herald,5.46,1.79,24,
herb,5.05,2.34,19,
herbal,5.25,1.36,24,
herbs,5.68,2.0,19,
herd,5.0,2.11,19,
hereditary,4.0,2.18,27,
heresy,4.3,2.52,20,
heretic,5.04,2.1,23,
heritage,4.35,2.43,20,
hermit,5.62,2.41,24,
hernia,2.95,2.29,21,
hero,5.78,2.34,18,
heroic,6.79,2.43,34,
heroin,3.67,2.56,48,
heroine,4.92,2.25,25,
heroism,6.83,2.08,24,
herpes,3.75,2.83,24,
herring,5.18,2.48,22,
hertz,5.76,2.21,21,
hesitant,5.28,2.89,18,
hesitate,4.59,2.13,22,
hesitation,4.11,2.45,18,
hetero,4.91,2.34,34,
heterosexual,6.76,2.43,21,
hex,4.42,2.43,24,
hiatus,5.24,2.37,25,
hibernation,5.29,2.22,21,
hiccup,3.72,2.59,25,
hick,5.05,2.38,22,
hickey,4.5,2.74,22,
hickory,4.95,1.93,19,
hide,4.85,2.22,48,
hideaway,5.65,2.67,17,
hideous,3.92,1.96,26,
hideout,5.48,2.55,33,
hierarchy,3.84,2.17,19,
hieroglyphics,4.75,2.49,20,
high,5.76,2.14,17,
high heels,6.17,2.25,23,
highball,4.83,2.33,18,
highland,5.5,2.0,34,
highlight,6.25,2.53,20,
highness,6.75,1.86,20,
hightail,5.45,2.24,20,
highway,5.14,2.21,22,
hijack,3.06,2.28,34,
hijacker,2.88,2.03,26,
hike,5.69,2.18,16,
hiking boot,5.96,1.73,26,
hilarious,6.32,1.99,22,
hill,6.95,1.75,19,
hillside,5.52,2.14,21,
hilltop,6.44,2.21,27,
hilly,4.81,1.83,21,
hilt,5.17,1.71,24,
hind,4.42,1.91,24,
hinder,4.68,2.11,19,
hindsight,4.69,2.34,36,
hinge,5.7,2.13,20,
hint,6.05,2.4,21,
hip,5.36,2.28,22,
hip hop,5.33,2.06,24,
hippie,6.24,1.79,21,
hippo,5.47,2.17,19,
hippopotamus,5.22,2.67,18,
hire,6.42,2.41,19,
hiss,3.32,2.17,25,
historian,4.64,2.08,25,
historic,4.82,2.4,28,
historical,5.07,2.27,27,
history,4.8,2.81,25,
hit,5.15,2.52,20,
hitch,4.89,2.19,36,
hitchhike,4.57,2.27,23,
hitchhiker,3.5,2.26,18,
hitter,5.81,1.87,16,
HIV,2.9,2.36,20,
hive,5.71,2.28,17,
hoard,5.24,2.21,21,
hoarse,5.33,1.91,18,
hoax,5.26,2.73,19,
hobbit,5.0,2.58,19,
hobby,6.81,1.86,26,
hobo,4.4,1.96,25,
hock,4.68,1.99,22,
hockey,5.04,2.29,24,
hoe,5.96,2.15,25,
hog,4.68,2.17,25,
hogwash,5.26,1.96,23,
hoist,4.67,2.42,21,
hokey,5.52,2.22,33,
hold,5.67,2.52,18,
holder,5.14,2.51,22,
holdup,2.56,2.13,16,
hole,3.72,1.96,18,
holiday,6.37,2.39,49,
holiness,5.0,2.37,21,
holistic,4.89,2.13,28,
holler,5.62,2.26,24,
hollow,4.71,1.76,21,
holly,4.97,2.18,34,
hologram,4.64,1.95,28,
holographic,5.11,2.24,27,
holster,4.77,1.8,22,
holy,4.78,2.51,18,
homage,5.85,2.39,34,
hombre,5.0,2.1,20,
hombres,4.32,1.74,28,
home,6.77,2.03,43,
homeboy,5.4,2.01,20,
homecoming,5.85,2.13,20,
homeland,5.52,1.78,23,
homeless,3.78,2.91,23,
homely,4.79,2.25,19,
homemade,6.75,2.2,20,
homeowner,6.82,2.04,22,
homeroom,6.16,2.03,19,
homesick,4.64,2.94,25,
homestead,5.95,1.7,22,
hometown,5.59,2.8,27,
homeward,5.96,2.1,23,
homework,5.16,1.83,19,
homey,6.3,2.14,23,
homicidal,3.96,2.88,25,
homicide,2.92,1.82,25,
homing,5.32,1.81,22,
hominy,5.24,2.55,33,
homo,3.78,1.62,23,
homophobic,4.04,2.65,25,
homosexual,4.36,2.48,22,
homosexuality,4.0,2.0,20,
honcho,5.27,1.88,22,
hone,5.48,1.7,23,
honest,6.7,1.89,44,
honesty,6.81,2.27,27,
honey,6.39,2.12,977,
honeycomb,5.85,1.99,26,
honeymoon,7.33,1.39,21,
honk,5.47,2.34,19,
honky,4.58,1.98,19,
honor,6.9,1.95,62,
honorable,6.58,1.89,19,
honorary,6.55,2.04,20,
hooch,4.68,2.31,19,
hood,4.86,1.52,22,
hoodlum,3.62,2.35,34,
hoof,5.29,1.76,24,
hook,5.68,2.81,19,
hooker,4.36,2.22,44,
hookup,4.77,2.49,22,
hooky,4.56,2.14,25,
hooligan,3.57,2.2,21,
hoop,5.3,1.92,20,
hoopla,5.33,2.14,24,
hoot,5.32,1.89,22,
hooter,5.0,2.56,19,
hop,5.04,1.93,28,
hope,6.78,2.07,37,
hopeful,6.58,2.08,43,
hopeless,2.84,2.01,19,
horde,4.26,1.66,23,
horizon,4.59,2.56,22,
horizontal,4.45,1.99,22,
hormonal,3.52,2.03,27,
hormone,4.33,2.29,21,
horn,5.68,2.03,22,
horned,3.95,1.76,22,
hornet,3.83,2.22,24,
horny,4.53,3.0,17,
horoscope,4.96,2.47,25,
horrendous,3.68,2.45,19,
horrible,5.16,2.79,19,
horrid,3.67,2.44,21,
horrific,4.15,2.7,34,
horrifying,3.96,2.43,28,
horror,3.49,2.26,43,
horse,5.71,2.24,48,
horseback,6.15,1.91,26,
horseman,5.55,2.04,22,
horsepower,6.0,1.97,19,
horseradish,5.11,2.16,19,
horseshit,5.0,2.52,19,
horseshoe,6.04,1.89,23,
horsey,5.08,2.02,25,
hose,5.67,2.33,21,
hospice,3.29,2.03,28,
hospitable,6.24,2.2,25,
hospital,3.93,2.44,41,
hospitality,7.09,1.72,22,
host,5.75,2.9,20,
hostage,2.74,2.08,47,
hostel,3.46,1.91,24,
hostess,6.4,1.76,20,
hostile,4.36,2.4,22,
hostility,4.7,2.6,20,
hot,5.0,2.5,17,
hot sauce,5.83,2.37,24,
hotdog,5.58,1.91,24,
hotel,5.59,2.02,22,
hothead,4.83,2.82,23,
hotline,4.96,2.24,25,
hotshot,5.39,2.73,18,
hound,5.84,1.5,19,
hour,6.25,2.11,16,
hourglass,4.55,2.42,22,
hourly,5.12,2.13,25,
house,6.41,1.88,41,
houseboat,5.69,1.74,26,
houseboy,4.23,1.63,22,
housebroken,6.55,2.06,20,
houseguest,4.96,2.54,24,
household,7.0,1.64,21,
housekeeper,5.48,1.96,25,
housekeeping,5.64,2.69,25,
housewarming,6.13,2.24,23,
housewife,5.86,1.65,21,
housework,4.76,2.36,21,
housing,6.12,1.61,26,
hovel,4.83,2.32,24,
hover,5.04,1.9,28,
hovercraft,4.93,2.34,28,
howl,5.28,2.22,36,
hub,5.45,1.77,22,
hubby,5.29,2.49,21,
huckleberry,5.1,2.2,20,
huddle,4.96,2.12,23,
hue,4.56,1.76,27,
huff,5.0,1.88,26,
huffy,5.0,2.09,27,
hug,6.8,2.21,20,
huge,4.89,1.88,18,
hugger,6.44,2.37,36,
hulk,5.64,2.08,22,
hull,4.91,1.54,22,
human,5.71,2.47,17,
humane,7.29,1.55,21,
humanitarian,6.59,1.84,22,
humanity,5.95,2.63,20,
humankind,5.59,2.38,22,
humanoid,4.59,2.24,22,
humble,6.27,2.25,55,
humbug,4.78,1.51,23,
humdrum,3.81,1.33,26,
humid,4.04,1.95,28,
humidity,3.68,2.17,22,
humiliate,3.96,2.35,25,
humiliating,2.85,1.66,20,
humiliation,3.26,2.21,19,
humility,5.6,2.66,25,
hummer,5.71,2.52,17,
hummingbird,5.3,2.45,20,
humongous,5.12,2.19,24,
humor,6.75,2.0,20,
humorous,6.8,1.73,25,
hump,3.77,1.95,22,
humpback,4.16,2.12,19,
hunch,5.85,1.8,26,
hunchback,2.95,1.47,21,
hundred,5.67,1.85,18,
hunger,3.18,1.89,22,
hungry,4.59,2.73,49,
hunk,6.11,1.56,19,
hunky,5.2,2.18,25,
hunt,5.3,2.79,20,
hunting,5.76,2.66,17,
huntress,5.48,2.47,25,
hurdle,4.21,2.28,24,
hurl,5.11,2.02,19,
hurricane,2.98,2.37,44,
hurry,4.56,1.89,18,
hurt,3.73,2.12,48,
hurtful,3.3,1.87,20,
husband,5.72,2.4,18,
hushed,3.82,2.26,22,
husk,5.56,2.1,25,
husky,5.04,2.24,25,
hussy,4.27,1.95,26,
hustle,4.95,2.63,22,
hustler,4.91,2.57,23,
hut,5.7,1.98,20,
hyacinth,5.62,1.83,26,
hybrid,5.4,2.55,25,
hydrant,5.81,1.88,43,
hydrate,6.57,1.93,28,
hydraulic,4.81,1.63,21,
hydraulics,5.32,2.19,19,
hydrogen,5.29,2.35,24,
hydroponics,5.52,2.46,21,
hyena,4.71,2.22,21,
hygiene,7.0,2.32,20,
hygienic,7.14,2.03,21,
hygienist,5.26,1.82,19,
hymen,5.55,2.58,22,
hymn,5.7,2.03,20,
hype,5.48,1.62,23,
hyper,5.05,1.99,20,
hyperactive,4.48,2.37,23,
hyperspace,5.27,2.12,22,
hypertension,2.58,1.18,24,
hyperventilate,3.2,2.31,25,
hypnosis,3.08,2.22,25,
hypnotic,3.94,2.78,18,
hypnotist,3.39,2.33,18,
hypnotize,4.67,2.43,36,
hypochondriac,3.75,2.27,28,
hypocrisy,4.35,2.56,20,
hypocrite,4.85,2.57,27,
hypocritical,4.81,2.51,16,
hypodermic,4.58,2.3,24,
hypothalamus,4.46,1.99,28,
hypothermia,3.12,1.86,26,
hypothesis,5.6,2.02,25,
hypothetical,5.71,2.45,21,
hysterectomy,3.57,1.8,21,
hysteria,3.46,2.32,26,
hysterical,5.13,2.49,23,
ibuprofen,4.91,2.47,22,
ice,4.89,1.91,18,
ice tea,6.13,2.05,23,
iceberg,5.68,2.61,22,
icebox,4.91,2.09,43,
icebreaker,5.83,2.04,23,
iced,5.18,1.82,22,
icing,6.09,2.04,22,
icky,3.83,2.59,23,
icon,5.65,2.13,20,
icy,5.33,1.96,21,
id,5.36,2.3,22,
idea,6.11,1.94,44,
ideal,6.33,2.71,24,
idealism,6.55,1.82,22,
idealist,6.11,1.87,27,
idealistic,5.68,1.93,25,
identical,5.35,2.02,26,
identification,5.94,2.03,36,
identify,6.14,2.21,22,
identity,6.31,2.12,54,
ideology,4.88,2.2,25,
idiocy,3.95,2.32,19,
idiot,4.2,2.59,20,
idiotic,5.2,2.61,20,
idle,4.9,2.14,21,
idol,6.76,1.71,25,
idyllic,5.05,1.76,20,
iffy,5.21,2.66,19,
ignite,5.84,2.72,25,
ignition,5.88,1.99,25,
ignorance,3.88,2.58,48,
ignorant,4.07,2.06,27,
ignore,4.83,2.66,23,
iguana,4.46,1.48,28,
illegal,4.72,2.49,18,
illegitimate,4.15,2.23,20,
illicit,3.5,1.67,24,
illiterate,3.88,2.46,24,
illness,3.02,2.28,43,
illogical,3.36,1.89,22,
illuminate,6.53,1.5,19,
illuminating,5.78,2.39,23,
illumination,6.18,1.91,28,
illusion,3.73,2.14,22,
illustrate,5.73,1.69,26,
illustration,6.26,1.6,23,
illustrious,5.61,1.99,28,
image,6.04,1.95,25,
imagery,5.55,2.58,22,
imaginable,6.19,2.24,27,
imaginary,6.0,2.25,25,
imagination,6.55,2.39,22,
imaginative,7.05,2.12,19,
imagine,6.92,1.83,48,
imaging,5.61,2.46,23,
imbalance,3.86,2.41,21,
imbecile,3.12,2.09,24,
imitate,5.04,2.22,28,
imitation,4.5,2.48,22,
immaculate,7.35,2.03,20,
immaterial,5.21,1.98,24,
immature,4.19,2.4,43,
immediate,5.84,2.34,19,
immense,4.62,2.25,21,
immigrant,4.1,2.02,21,
immigration,3.5,2.04,22,
imminent,3.55,1.87,22,
immobile,3.63,2.39,19,
immoral,4.15,2.45,48,
immorality,4.0,2.58,23,
immortal,4.94,3.06,18,
immortality,5.45,3.12,20,
immune,6.17,2.29,36,
immunity,5.47,2.46,19,
impact,5.25,2.26,36,
impair,4.12,2.18,43,
impart,5.13,1.91,23,
impartial,5.0,1.32,17,
impatience,4.29,2.47,17,
impatient,3.95,1.81,19,
impeach,5.71,1.93,21,
impeachment,4.46,2.64,24,
impeccable,6.18,2.56,22,
impede,4.58,2.32,19,
impediment,4.56,1.64,25,
impending,3.8,2.02,20,
impenetrable,4.19,2.5,21,
imperative,4.65,2.67,17,
imperfect,4.48,2.48,21,
imperial,4.79,2.96,24,
imperialist,4.55,2.77,22,
impersonal,4.79,2.13,28,
impersonate,5.96,2.44,23,
impersonation,5.14,2.44,22,
impersonator,3.86,1.82,28,
impertinence,5.6,2.04,20,
impertinent,4.63,1.95,19,
impervious,4.58,2.38,24,
impetuous,4.77,2.33,22,
implant,4.08,1.64,24,
implement,6.95,1.65,19,
implicate,4.38,2.13,21,
implication,4.82,2.11,22,
implore,4.61,2.5,23,
implosion,3.46,1.77,24,
imply,4.74,2.34,23,
impolite,3.95,2.11,21,
import,5.58,1.95,24,
importance,5.8,2.24,25,
important,6.39,1.97,18,
impose,5.38,2.56,21,
imposition,3.88,2.51,25,
impossibility,3.67,2.47,18,
impossible,3.5,2.01,18,
impostor,4.35,2.5,23,
impotence,3.77,2.32,26,
impotent,3.95,2.04,19,
impound,3.08,2.15,24,
impoverished,3.3,2.03,20,
impractical,4.43,2.25,21,
impregnable,5.61,2.44,23,
impregnate,5.08,2.19,26,
impress,6.62,1.69,21,
impressed,6.38,2.17,42,
impression,5.43,2.1,28,
impressionable,5.19,2.02,21,
impressive,6.08,1.96,25,
imprint,5.32,2.36,25,
imprison,3.42,2.89,19,
imprisonment,2.93,2.66,27,
improbable,4.78,2.89,23,
impromptu,5.05,2.16,21,
improper,4.59,2.54,34,
impropriety,3.68,1.7,28,
improve,6.04,2.46,23,
improvement,6.6,1.39,20,
improvisation,6.25,2.1,20,
improvise,5.88,2.3,25,
impudence,4.59,1.58,27,
impudent,4.35,1.93,20,
impulse,4.74,1.45,19,
impulsive,3.72,2.35,25,
impure,5.3,2.41,20,
inability,3.4,2.85,20,
inaccessible,3.41,2.38,22,
inaccurate,3.71,2.32,34,
inactive,5.04,2.31,26,
inadequate,3.71,2.59,21,
inadmissible,3.21,1.93,24,
inalienable,4.4,2.38,25,
inane,5.0,2.0,19,
inanimate,4.73,2.03,22,
inappropriate,4.35,2.52,20,
inaudible,4.26,2.4,27,
inaugural,5.14,1.65,21,
inbound,5.95,2.15,19,
inbred,3.92,2.36,25,
incantation,4.52,2.38,25,
incapable,2.59,1.94,22,
incarceration,3.39,2.38,18,
incarnate,4.83,2.23,18,
incense,4.45,2.39,20,
incentive,6.7,2.23,20,
inception,4.59,2.04,22,
incessant,3.55,2.44,22,
incest,3.53,2.39,19,
inch,4.46,2.33,28,
incident,5.05,2.16,21,
incidental,5.5,2.2,22,
incinerator,4.18,2.43,33,
incision,4.05,2.4,21,
incite,5.67,1.83,21,
inclination,5.1,1.77,20,
inclined,5.37,1.82,27,
include,5.84,2.32,25,
incoherent,4.05,2.33,20,
income,6.36,2.28,28,
incoming,4.81,2.66,21,
incomparable,4.18,1.79,28,
incompatible,3.46,2.45,24,
incompetence,3.09,1.38,22,
incompetent,2.81,2.2,21,
incomplete,3.96,2.4,28,
incomprehensible,3.72,2.07,25,
inconceivable,4.47,2.14,19,
inconclusive,4.2,2.07,20,
inconsequential,4.4,2.21,20,
inconsiderate,4.41,2.54,22,
inconsistent,4.3,2.41,20,
inconspicuous,5.67,1.91,18,
inconvenience,3.6,1.78,25,
inconvenient,3.79,1.44,19,
incorporate,5.26,2.07,23,
incorrect,4.62,2.46,24,
incorrigible,4.12,2.42,24,
increase,6.09,2.0,22,
incredible,7.74,1.91,19,
incriminate,3.75,2.11,24,
incriminating,3.5,1.98,24,
incubation,4.73,2.39,33,
incubator,5.35,2.54,20,
incumbent,4.21,2.25,24,
incur,5.04,2.36,28,
incurable,2.8,2.19,20,
indebted,3.2,2.69,20,
indecent,4.43,2.46,35,
indecision,4.0,2.4,19,
indecisive,3.62,1.96,21,
indefinite,4.23,2.42,26,
independence,7.1,1.73,21,
independent,7.36,1.81,36,
indescribable,5.21,2.1,19,
indestructible,5.63,2.48,19,
indicate,5.75,1.7,24,
indication,6.06,1.78,17,
indicative,4.91,1.66,22,
indicator,5.04,1.93,28,
indict,4.78,2.65,27,
indictment,4.17,2.23,23,
indie,5.84,2.19,25,
indifference,5.64,2.24,22,
indifferent,4.85,2.49,55,
indigenous,4.96,2.38,23,
indigent,4.61,2.52,33,
indigestion,3.59,2.2,22,
indignant,5.61,2.25,23,
indignation,5.0,2.41,21,
indignity,4.5,2.09,24,
indirect,4.41,1.71,22,
indiscreet,4.4,1.98,20,
indiscretion,3.29,1.99,17,
indispensable,5.75,2.56,24,
indisposed,4.31,2.34,36,
indistinct,4.21,2.32,24,
individual,6.86,1.8,21,
individuality,7.25,1.94,28,
indivisible,4.95,2.38,22,
indoor,6.54,1.79,24,
induce,3.73,2.23,22,
induction,4.91,2.37,23,
indulge,5.5,2.43,36,
indulgence,4.91,2.64,23,
indulgent,5.85,2.05,26,
industrial,5.08,2.12,25,
industrialist,5.48,2.06,21,
industry,4.65,1.85,23,
ineffective,3.55,2.54,20,
ineffectual,4.21,2.15,24,
inefficient,5.6,1.98,20,
inept,4.23,2.14,26,
inertia,4.05,2.3,19,
inevitable,3.15,2.39,26,
inexcusable,3.82,2.01,17,
inexpensive,5.72,2.08,18,
inexperienced,3.64,2.11,22,
inexplicable,4.43,1.86,21,
infallible,5.3,2.39,20,
infamous,5.04,2.21,27,
infamy,4.65,1.98,20,
infant,5.26,2.49,38,
infantile,3.77,1.69,22,
infantry,4.67,2.18,24,
infatuated,4.8,2.8,20,
infatuation,4.59,2.64,39,
infect,3.7,2.1,23,
infection,3.8,2.3,54,
infectious,3.19,2.04,21,
infer,4.95,2.18,21,
inferior,3.35,1.96,46,
inferiority,3.33,2.2,21,
infernal,4.61,2.22,36,
inferno,3.32,2.04,25,
infertility,2.62,2.12,24,
infestation,2.75,2.23,24,
infidel,5.0,2.14,21,
infidelity,3.86,2.57,21,
infield,5.52,1.94,21,
infiltrate,5.11,2.85,19,
infiltration,4.33,2.18,24,
infinite,5.16,3.0,19,
infinity,5.65,3.01,20,
infirmary,4.25,2.2,20,
inflammation,2.64,1.94,22,
inflammatory,4.17,2.75,24,
inflatable,5.55,2.26,20,
inflate,5.28,2.22,18,
inflated,4.47,2.25,19,
inflation,4.0,2.49,19,
inflict,4.6,2.4,25,
influence,5.96,2.19,28,
influential,6.52,2.04,23,
influenza,2.76,1.92,21,
info,5.06,2.19,17,
infomercial,4.67,2.54,36,
inform,6.4,1.57,20,
informal,5.58,2.17,19,
informant,4.79,2.3,24,
information,5.39,2.0,18,
informative,6.47,1.62,17,
informer,5.71,2.47,34,
infraction,4.1,1.87,21,
infrared,5.25,2.07,20,
infrastructure,5.33,2.24,24,
infuriating,4.48,2.47,23,
infuser,3.62,2.36,21,
ingenious,6.6,2.04,20,
ingenuity,5.92,1.85,26,
ingest,6.26,2.02,19,
ingrate,3.38,1.94,21,
ingredient,5.85,2.27,27,
inhabit,5.45,2.09,20,
inhabitant,5.69,2.06,49,
inhalation,4.72,2.73,25,
inhale,5.89,2.42,19,
inhaler,5.05,2.5,19,
inherent,5.68,1.96,22,
inherit,4.76,1.9,25,
inheritance,5.04,2.98,25,
inhibition,4.48,2.49,25,
inhibitor,4.43,2.2,21,
inhospitable,3.35,1.69,20,
inhuman,3.64,2.48,22,
inhumane,3.36,1.84,22,
iniquity,4.92,2.38,25,
initial,5.27,1.91,22,
initiate,6.67,2.31,21,
initiation,4.68,2.63,22,
initiative,6.67,2.22,27,
inject,4.74,2.03,23,
injection,3.5,2.01,20,
injunction,4.19,2.48,21,
injure,4.22,1.57,23,
injury,3.6,2.08,48,
injustice,3.27,2.09,26,
ink,6.32,2.4,22,
inkling,4.71,2.22,21,
inlet,4.75,2.27,20,
inmate,3.0,1.89,28,
inn,5.52,2.02,21,
innards,4.17,2.25,23,
innate,5.07,2.27,27,
inner,5.71,2.37,17,
innermost,6.24,2.0,21,
inning,5.79,1.93,19,
innkeeper,5.5,2.24,22,
innocence,6.38,1.81,24,
innocent,5.92,2.53,38,
innocuous,4.78,1.7,18,
innovation,6.38,2.06,21,
innovative,6.55,2.06,20,
innuendo,5.63,2.34,19,
inoperable,3.23,1.88,26,
input,6.17,2.25,23,
inquest,5.81,1.83,21,
inquire,6.25,1.48,24,
inquiry,5.76,2.39,21,
inquisitive,5.85,2.19,34,
inquisitor,4.04,2.47,25,
insane,3.74,2.22,42,
insanity,4.12,2.39,26,
insatiable,2.95,1.47,20,
inscription,5.06,2.22,35,
inscrutable,4.96,2.63,24,
insect,4.79,2.7,43,
insecticide,4.47,2.39,19,
insecure,3.62,2.42,37,
insecurity,3.56,2.24,25,
insemination,5.07,2.51,27,
insensitive,4.48,2.09,21,
inseparable,4.9,2.36,21,
insert,5.85,1.93,26,
insertion,5.18,1.79,22,
insider,5.63,2.34,19,
insidious,3.58,2.34,19,
insight,6.3,2.0,20,
insightful,6.85,2.08,20,
insignia,5.44,1.92,18,
insignificant,4.64,2.38,22,
insinuate,5.84,1.61,19,
insipid,4.29,1.8,28,
insist,6.35,1.87,20,
insistence,5.33,2.15,21,
insistent,5.54,2.37,26,
insolence,5.22,2.39,18,
insolent,4.12,2.05,24,
insomnia,2.92,1.32,25,
inspect,4.78,2.04,23,
inspection,4.48,2.21,23,
inspector,5.89,2.4,18,
inspiration,6.0,2.18,27,
inspirational,6.08,2.33,26,
inspire,7.11,1.98,45,
inspired,7.3,2.08,20,
instability,3.27,2.05,22,
install,6.68,1.83,19,
installation,5.75,1.7,24,
installment,5.54,1.77,24,
instant,6.22,1.57,23,
instantaneous,5.96,2.63,24,
instinct,6.26,2.23,19,
instinctive,5.88,2.71,17,
institute,5.11,2.0,19,
institution,4.74,2.51,19,
instruct,6.23,2.74,35,
instruction,5.65,2.08,23,
instructive,5.96,2.1,23,
instructor,5.81,1.98,26,
instrument,6.35,1.97,23,
instrumental,6.68,1.95,19,
insubordination,4.04,1.94,23,
insufferable,3.38,1.88,21,
insufficient,3.38,2.22,21,
insulation,5.56,2.09,34,
insulin,3.81,2.25,21,
insult,3.96,2.69,23,
insulting,4.48,2.75,21,
insurance,5.84,2.29,19,
insure,5.72,2.23,25,
intact,7.3,1.51,27,
intake,6.35,1.9,20,
intangible,4.28,2.32,25,
integral,6.11,2.19,18,
integrate,5.08,1.8,25,
integration,5.88,2.35,25,
integrity,6.96,1.87,23,
intellect,6.69,2.14,54,
intellectual,6.56,2.14,25,
intelligence,6.72,2.19,25,
intelligent,6.77,1.9,22,
intend,6.18,1.7,28,
intense,5.57,2.34,21,
intensity,5.34,2.1,35,
intensive,5.9,2.15,20,
intent,6.25,1.89,20,
intention,6.81,2.09,21,
intentional,6.0,2.23,22,
interact,5.46,2.52,28,
interaction,5.06,2.6,18,
interactive,5.29,1.99,17,
intercede,5.38,2.13,21,
intercept,5.1,2.31,20,
interception,4.5,2.52,20,
interchangeable,5.75,1.7,24,
intercom,5.52,2.04,23,
intercourse,6.0,2.71,44,
interest,6.31,2.0,55,
interested,6.83,2.04,18,
interesting,6.83,1.54,18,
interface,6.15,2.32,20,
interfere,4.71,2.24,28,
interference,4.11,2.4,19,
intergalactic,4.37,2.24,19,
interim,5.4,2.19,20,
interior,5.54,1.69,24,
interject,5.18,2.19,17,
interlude,4.79,1.72,19,
intermediate,4.94,2.19,17,
intermission,5.38,1.81,26,
intermittent,4.77,2.09,22,
intern,5.55,1.82,22,
internal,6.25,2.17,20,
international,5.33,2.5,18,
internet,6.24,2.49,17,
internship,5.11,2.24,36,
interoffice,4.59,1.59,22,
interpret,5.24,2.21,21,
interpretation,5.43,2.25,28,
interpreter,5.74,2.3,27,
interpretive,6.3,1.81,20,
interrogate,4.64,2.79,22,
interrogation,2.92,2.04,24,
interrupt,3.93,1.96,28,
interruption,4.25,2.23,24,
intersection,4.42,1.95,24,
interstate,4.91,2.29,22,
interstellar,5.33,2.41,24,
interval,5.7,2.23,27,
intervene,5.82,2.02,28,
intervention,4.57,2.4,21,
interview,6.84,2.24,19,
interviewer,4.75,2.34,20,
intestinal,4.47,2.17,19,
intestine,4.21,2.11,24,
intimacy,6.59,1.87,22,
intimate,6.29,2.29,56,
intimidate,5.75,2.56,28,
intimidating,4.0,2.45,20,
intimidation,3.25,2.08,28,
intolerable,4.15,2.74,20,
intolerance,3.87,2.55,23,
intolerant,4.74,2.46,27,
intoxicating,2.82,1.49,28,
intracranial,4.57,2.4,21,
intravenous,4.59,2.39,27,
intrepid,5.5,1.93,20,
intricate,5.13,1.55,23,
intrigue,6.21,1.82,24,
intriguing,5.53,2.48,17,
intro,5.84,1.92,19,
introduce,6.84,2.14,19,
introduction,5.36,2.54,22,
intrude,3.92,2.22,25,
intruder,3.18,1.89,22,
intrusion,2.75,1.55,20,
intrusive,4.47,2.44,19,
intubation,4.32,1.95,19,
intuition,5.84,2.62,25,
intuitive,6.29,1.96,17,
invade,4.31,2.39,36,
invader,3.5,2.33,42,
invalid,5.1,2.25,20,
invaluable,5.14,2.53,22,
invasion,3.0,1.92,21,
invasive,3.23,1.6,22,
invent,6.9,2.22,20,
invention,6.67,2.3,27,
inventive,6.39,2.66,18,
inventor,5.15,2.52,20,
inventory,5.48,2.21,23,
inverted,5.58,2.17,24,
invest,5.94,2.67,18,
investigate,5.43,2.23,28,
investigation,6.11,2.4,19,
investigative,5.69,2.19,35,
investigator,4.79,2.21,24,
investment,5.19,2.2,21,
investor,5.76,2.05,17,
invincible,6.6,2.33,20,
invisibility,5.1,2.45,20,
invisible,4.27,2.35,22,
invitation,6.43,2.18,21,
invite,6.95,1.87,19,
invoice,5.7,2.0,27,
invoke,5.54,1.64,24,
involuntary,4.13,3.06,23,
involve,5.28,2.11,18,
involvement,6.41,1.93,27,
invulnerable,5.36,2.98,22,
iodine,4.86,2.29,22,
ion,5.16,2.72,25,
iota,4.55,1.96,20,
irate,3.6,2.33,25,
iris,6.24,1.79,25,
iron,5.51,2.36,93,
ironclad,6.09,2.16,22,
ironic,4.46,2.35,26,
irony,5.28,2.44,18,
irrational,3.46,2.32,24,
irregular,4.93,2.95,27,
irregularity,3.44,1.75,16,
irrelevant,4.68,1.73,22,
irreparable,3.5,2.16,20,
irreplaceable,3.95,2.21,22,
irresistible,4.68,2.69,25,
irresponsible,3.91,2.27,22,
irreversible,3.11,2.11,28,
irrigate,5.6,2.11,20,
irrigation,6.05,2.21,22,
irritable,4.23,2.41,26,
irritate,4.39,2.59,18,
irritating,3.77,2.29,22,
irritation,4.35,2.43,20,
island,5.58,2.73,19,
isle,4.7,2.42,23,
isolate,4.38,2.12,26,
isolation,4.52,2.58,21,
isotope,5.19,1.88,27,
issue,5.47,2.48,19,
itch,3.86,2.59,21,
itchy,3.0,1.65,20,
item,5.5,2.4,20,
itinerary,5.32,2.53,25,
ivory,5.17,1.81,24,
jab,5.42,2.36,24,
jabber,4.95,1.59,22,
Jack Daniels,5.59,2.76,17,
jackal,4.57,2.41,28,
jackass,4.59,1.97,22,
jacket,6.89,2.51,19,
jackhammer,4.76,2.34,21,
jackpot,4.35,2.81,20,
jackrabbit,4.36,1.94,22,
jade,5.37,1.95,19,
jaded,5.65,2.64,20,
jagged,4.48,2.34,21,
jaguar,5.1,2.67,20,
jail,3.91,2.91,23,
jailbird,3.18,2.65,22,
jailbreak,5.27,2.37,22,
jailer,3.79,2.64,28,
jailhouse,2.89,2.34,27,
jalopy,4.12,2.07,24,
jam,5.89,2.56,18,
jamboree,5.5,2.25,24,
jammer,5.1,2.39,21,
janitor,5.36,2.04,22,
janitorial,5.35,2.18,20,
jar,5.26,1.97,27,
jargon,5.25,2.49,24,
jarhead,4.14,1.58,28,
jasmine,5.75,2.01,24,
java,6.16,2.12,19,
javelin,5.71,1.85,21,
jaw,5.84,1.92,19,
jawbone,5.65,1.94,23,
jaws,4.68,1.94,28,
jazz,6.42,2.02,36,
jazzy,5.42,1.55,26,
jealous,4.68,2.63,19,
jealousy,3.89,2.45,98,
jean,5.19,2.11,27,
jeans,6.26,1.79,19,
jeep,5.0,2.4,19,
jeering,4.32,2.12,25,
jelly,5.68,2.16,38,
jellybean,6.14,2.08,21,
jellyfish,4.0,2.63,21,
jeopardize,3.65,2.02,26,
jeopardy,4.32,2.11,28,
jerk,4.84,2.85,19,
jerky,4.21,1.81,28,
jest,5.64,1.77,28,
jester,5.35,2.11,20,
jet,5.44,1.85,18,
jewel,5.1,2.34,20,
jeweler,5.73,1.97,26,
jewelry,6.19,1.94,21,
jib,4.83,2.27,23,
jiff,4.68,1.49,19,
jiffy,6.05,2.01,21,
jig,5.33,1.83,21,
jiggle,4.88,2.44,24,
jigsaw,6.57,2.09,21,
jihad,3.08,2.22,24,
jingle,5.81,1.64,16,
jinx,4.16,2.22,19,
jittery,3.5,1.5,22,
jive,5.29,2.1,21,
job,4.44,2.8,16,
jockey,5.62,1.43,21,
jockstrap,4.58,2.39,24,
jog,6.35,1.87,26,
jogger,5.94,2.22,17,
join,4.94,2.13,18,
joint,6.16,2.29,19,
joke,5.79,1.86,47,
joker,5.05,2.42,20,
jolly,7.4,1.55,25,
jolt,4.76,1.73,21,
jot,5.77,2.11,22,
jour,5.45,1.79,20,
journal,6.31,2.04,109,
journalism,5.67,2.5,24,
journalist,6.15,2.09,27,
journalistic,6.45,1.71,22,
journey,6.77,1.74,22,
joust,5.11,2.13,19,
joy,7.0,2.05,55,
joyful,7.05,2.08,43,
joyous,6.25,1.83,20,
joyride,5.93,2.59,27,
jubilee,6.35,1.6,26,
judge,3.78,2.6,18,
judgment,5.54,2.5,26,
judgmental,3.79,2.15,19,
judicial,4.9,1.97,21,
judo,6.17,2.14,24,
jug,5.45,2.25,42,
juggle,4.7,2.87,20,
juggler,5.23,2.72,22,
jugular,4.84,1.86,19,
juice,5.74,2.84,19,
juicer,5.35,2.26,17,
juicy,5.48,2.33,25,
juju,5.21,2.02,24,
juke,4.92,1.98,25,
jukebox,5.67,2.15,36,
jumbo,4.92,1.69,24,
jump,5.72,1.99,18,
jump rope,5.54,1.99,28,
jumper,5.0,2.33,22,
jumpsuit,5.7,1.49,20,
jumpy,4.47,2.34,19,
junction,6.36,2.0,25,
juncture,5.79,2.02,24,
jungle,4.5,2.38,24,
junior,6.26,2.28,19,
juniper,5.3,1.89,23,
junk,4.86,2.56,21,
junket,5.35,2.01,20,
junkie,3.82,2.33,28,
junky,4.86,2.48,14,
junkyard,4.82,1.99,22,
jurisdiction,4.33,2.58,21,
juror,5.08,2.78,24,
jury,5.21,2.88,19,
justice,6.31,2.24,16,
justifiable,5.84,2.43,19,
justification,6.48,1.68,23,
justify,6.04,1.84,25,
juvenile,4.12,2.47,24,
kale,5.5,2.25,28,
kamikaze,3.87,2.62,23,
kangaroo,5.37,2.29,27,
kappa,4.59,1.37,22,
kaput,4.52,2.31,25,
karaoke,6.17,2.43,18,
karate,6.74,1.66,23,
karma,3.29,2.2,17,
karmic,4.19,2.54,16,
kayak,5.43,1.87,28,
kazoo,5.1,2.57,21,
kebab,5.23,2.27,22,
keel,5.74,1.81,23,
keen,5.52,2.02,25,
keep,5.71,1.86,17,
keeper,4.83,2.42,23,
keepsake,5.95,1.68,19,
keg,6.33,2.03,21,
kelp,5.18,2.18,28,
kennel,5.73,2.27,22,
kerchief,5.1,1.92,42,
kernel,5.53,1.26,19,
kerosene,5.34,2.16,53,
ketchup,5.48,1.89,44,
kettle,5.68,1.91,47,
key,6.75,1.62,20,
keyboard,5.13,2.44,23,
keyhole,5.74,1.73,19,
keynote,5.84,2.1,25,
keypad,6.0,2.81,19,
keyword,5.73,1.32,22,
khaki,6.08,2.08,26,
kibble,5.46,1.56,26,
kick,5.1,2.49,20,
kickboxing,5.18,2.11,22,
kicker,5.53,1.93,19,
kickoff,6.11,1.76,19,
kid,4.83,2.55,18,
kidder,5.09,2.49,22,
kiddo,5.26,2.18,27,
kidnap,2.37,2.02,27,
kidnapper,3.33,2.32,24,
kidnapping,2.47,1.98,19,
kidney,5.44,2.1,36,
kids,5.13,2.56,38,
kill,3.61,2.3,18,
killer,4.43,3.13,23,
killing,4.47,2.91,19,
killjoy,4.05,2.3,19,
kilo,5.19,2.04,21,
kilometer,4.81,1.92,36,
kilt,4.81,1.44,21,
kimono,5.08,2.35,26,
kin,5.05,2.57,19,
kind,7.62,1.79,40,
kindergarten,6.17,2.62,18,
kindling,5.85,2.35,27,
kindness,6.95,2.12,99,
kindred,5.46,2.0,24,
kinesiology,5.14,1.83,22,
kinetic,5.29,1.68,24,
king,5.53,2.69,53,
king snake,3.8,2.67,20,
kingdom,6.75,2.22,20,
kingpin,5.17,2.01,23,
kink,4.82,2.54,22,
kinky,5.33,2.45,18,
kinship,6.26,2.1,19,
kiosk,5.1,1.76,21,
kiss,6.52,2.43,42,
kisser,5.38,2.24,24,
kissy,5.2,2.2,25,
kit,6.29,1.52,21,
kitchen,5.89,2.0,18,
kite,6.24,2.37,25,
kitten,6.67,1.87,42,
kiwi,5.5,1.72,24,
klutz,4.21,2.32,19,
knack,5.71,2.03,21,
knapsack,5.5,2.47,26,
knee,5.38,1.86,26,
kneecap,5.46,1.86,26,
kneel,4.88,2.13,24,
knick,4.84,1.46,25,
knickers,4.09,2.33,22,
knife,5.29,2.97,17,
knighthood,5.81,1.66,21,
knit,6.44,1.69,25,
knob,5.35,1.9,23,
knock,5.11,1.78,18,
knockoff,4.68,1.97,19,
knockout,4.11,2.41,28,
knoll,5.55,1.85,20,
knot,6.04,2.24,25,
know,5.78,1.96,18,
knowledge,7.2,1.84,45,
knowledgeable,7.19,1.99,21,
knuckle,4.95,1.99,21,
knucklehead,4.64,1.73,22,
koala,6.62,1.6,21,
kook,4.78,2.3,23,
kooky,5.3,1.92,23,
kool-aid,5.22,1.93,27,
kosher,6.12,2.29,17,
kraut,4.6,2.26,20,
kryptonite,4.96,2.03,23,
kudos,6.95,1.54,19,
kumquat,4.59,1.62,22,
lab,6.68,2.19,19,
label,5.48,1.59,23,
labor,5.41,2.48,22,
laboratory,4.77,2.51,22,
laborer,5.21,2.65,24,
labyrinth,3.8,2.12,20,
lace,6.7,1.95,20,
laceration,3.64,1.96,25,
lack,5.46,2.3,24,
lackey,4.13,2.46,23,
lacquer,5.0,1.83,26,
lacrosse,4.84,1.7,25,
lactose,4.26,2.23,19,
lad,5.0,2.2,36,
ladder,5.56,2.06,18,
laddie,5.0,1.67,21,
ladle,5.42,2.0,24,
lady,5.87,2.0,15,
lady bug,5.8,2.33,25,
ladybug,5.33,2.18,21,
ladylike,5.37,2.6,27,
ladyship,5.15,1.83,26,
lag,4.57,2.37,23,
lager,5.64,2.11,22,
lagoon,4.62,2.16,21,
lair,5.12,2.03,26,
lake,5.36,2.33,25,
lamb,5.72,2.26,25,
lame,3.45,1.63,22,
lament,3.47,1.46,17,
lamp,6.04,2.21,54,
lamppost,6.17,1.99,24,
lance,5.17,1.76,24,
lancer,4.61,2.21,23,
land,5.94,1.83,18,
landfall,5.04,2.4,23,
landfill,4.46,2.15,35,
landing,5.62,2.14,24,
landlady,4.52,2.52,21,
landlord,4.64,2.82,33,
landmark,5.5,1.82,26,
landscape,5.0,2.05,20,
landscaping,6.31,2.17,26,
landslide,3.81,2.56,36,
lane,6.95,2.2,19,
language,7.37,1.74,19,
lanky,5.11,2.2,36,
lantern,5.24,2.31,50,
lap,5.26,2.2,23,
lapdog,4.53,2.61,19,
lapel,5.21,1.69,19,
lapse,3.59,1.74,22,
laptop,6.5,2.06,20,
larceny,4.29,2.26,24,
lard,4.18,2.34,22,
large,5.05,2.59,19,
lark,4.96,1.28,26,
laryngitis,4.06,2.59,17,
larynx,5.84,1.86,19,
lasagna,5.89,2.3,28,
laser,5.52,2.36,21,
lash,5.2,2.61,20,
lass,5.75,2.03,24,
lasso,4.68,2.44,25,
lasting,6.33,2.12,24,
latch,4.78,2.28,23,
late,4.22,2.18,18,
latent,4.11,2.16,19,
lateral,4.68,2.19,22,
latex,5.54,2.21,24,
lather,6.16,1.89,19,
latitude,5.47,2.27,19,
latrine,5.56,2.21,27,
latte,6.4,2.23,20,
laugh,7.39,1.54,18,
laughable,5.46,2.4,24,
laughingstock,3.52,2.68,21,
laughter,7.02,2.08,92,
launch,6.75,1.83,20,
launcher,5.11,2.4,18,
launder,5.36,2.8,25,
laundering,3.84,2.25,25,
laundry,6.09,2.29,22,
lava,3.12,1.96,25,
lavatory,5.57,2.44,21,
lavender,6.03,2.38,34,
lavish,5.88,2.09,41,
law,4.83,2.18,18,
lawful,5.71,2.17,21,
lawless,3.94,2.62,18,
lawlessness,3.54,2.17,24,
lawman,4.38,2.06,24,
lawn,6.04,2.23,25,
lawnmower,5.74,2.05,19,
lawsuit,3.2,2.24,20,
lawyer,3.56,2.38,18,
lax,5.33,2.3,24,
laxative,3.0,1.93,22,
lay,6.32,2.6,19,
layaway,5.35,1.83,26,
layer,6.04,2.08,27,
layman,5.11,2.11,19,
layout,4.95,2.28,20,
layover,2.63,1.64,19,
laziness,4.95,2.3,22,
lazy,5.79,2.7,24,
lead,5.22,2.82,18,
leaded,4.23,1.84,26,
leader,6.3,2.17,61,
leadership,6.84,1.91,25,
leaf,5.54,1.9,28,
leafy,5.88,2.36,34,
league,6.28,1.4,25,
leak,4.57,2.19,23,
leakage,3.67,1.59,21,
leaky,4.59,2.4,22,
lean,5.84,2.36,19,
leap,5.33,2.93,18,
learn,7.0,1.34,20,
learner,7.14,1.71,21,
lease,4.63,2.24,19,
leash,4.32,3.0,25,
leather,5.32,2.06,25,
leave,5.47,1.97,17,
lecherous,3.65,1.93,17,
lecture,4.5,2.53,18,
lecturer,4.88,2.21,26,
ledge,4.36,1.87,22,
ledger,5.87,1.55,23,
leech,4.5,2.64,18,
leeway,6.11,2.02,28,
leftover,5.54,2.08,24,
leftovers,6.09,1.76,23,
lefty,4.92,2.51,26,
leg,5.5,1.86,18,
legacy,5.67,2.52,21,
legal,6.68,2.5,19,
legend,6.78,1.66,18,
legendary,6.95,1.85,20,
legion,4.87,2.44,23,
legislation,3.85,2.43,20,
legislature,4.48,1.99,21,
legit,5.77,2.3,26,
legitimacy,6.37,1.71,19,
legitimate,6.29,1.97,24,
lego,6.3,2.49,20,
legwork,6.36,1.68,22,
leisure,6.68,1.64,22,
leisurely,6.58,1.93,43,
lemon,5.43,2.11,23,
lemonade,6.0,1.82,21,
lend,5.5,2.65,24,
length,5.67,2.22,27,
lengthy,5.24,2.39,21,
leniency,5.71,2.69,24,
lenient,5.54,1.61,26,
lens,5.04,1.97,23,
leopard,4.29,2.43,21,
leotard,5.0,2.37,22,
leper,2.88,2.03,25,
leprechaun,4.43,2.36,21,
leprosy,3.35,1.98,20,
lesbian,5.34,2.62,38,
lesion,4.13,1.89,23,
lessen,4.73,2.39,22,
lesson,6.79,2.32,19,
let,6.06,1.8,18,
lethal,4.72,2.63,18,
letter,5.97,2.24,60,
letterhead,6.32,2.0,19,
lettering,5.42,2.04,19,
lettuce,5.44,2.31,18,
leukemia,2.83,2.35,24,
levee,5.14,2.17,21,
level,5.61,1.72,18,
lever,6.29,2.26,24,
leverage,5.25,2.47,20,
levitate,5.04,2.03,26,
lewd,4.53,2.29,19,
liability,4.24,2.34,21,
liable,5.19,2.7,27,
liaison,5.81,1.66,21,
liar,4.74,2.77,19,
libel,4.78,2.21,23,
liberate,6.96,1.88,24,
liberating,7.31,1.83,26,
liberation,5.59,2.58,22,
liberty,7.04,2.04,977,
libido,4.95,2.42,21,
librarian,5.0,2.91,19,
library,6.35,2.28,20,
lice,2.77,1.54,22,
license,6.79,2.23,19,
lick,5.97,2.12,36,
licorice,5.52,2.21,23,
lid,6.33,2.25,18,
lie,4.72,2.91,57,
liege,5.11,1.91,19,
lieutenant,5.28,2.67,18,
life,5.89,2.42,44,
lifeboat,5.7,2.48,23,
lifeguard,5.73,2.13,26,
lifeless,2.81,1.91,21,
lifelike,5.39,2.06,28,
lifeline,5.26,2.36,23,
lifelong,6.74,2.42,19,
lifer,4.32,2.0,28,
lifesaver,6.19,2.79,21,
lifestyle,6.4,1.93,20,
lifetime,5.09,2.76,22,
lift,6.84,2.17,19,
liftoff,5.62,2.32,24,
ligament,4.89,2.0,19,
ligature,4.42,1.95,24,
light,5.89,2.25,18,
light year,4.55,2.72,22,
lightbulb,6.67,2.28,18,
lighten,5.45,2.4,22,
lightheaded,3.0,1.33,19,
lighthouse,6.24,2.21,978,
lighting,6.18,2.44,22,
lightness,5.88,2.18,17,
lightning,4.0,2.39,22,
lightweight,5.36,2.74,25,
likable,7.35,1.75,23,
like,6.28,1.45,18,
likelihood,5.59,1.4,22,
likely,6.14,2.1,21,
likeness,6.43,1.94,21,
lilac,6.24,2.17,21,
lily,5.39,1.77,28,
limb,6.37,2.39,19,
limber,6.07,2.03,55,
limbo,4.05,2.16,20,
lime,6.23,1.69,22,
limelight,5.86,2.01,21,
limestone,5.61,2.3,18,
limey,5.37,1.74,27,
limit,4.37,2.34,19,
limitless,6.05,2.27,19,
limo,5.88,2.03,24,
limousine,6.2,2.5,20,
limp,4.45,2.3,22,
line,4.89,2.0,18,
lineage,5.45,2.65,20,
linear,6.0,1.82,21,
linebacker,4.5,2.6,24,
linen,5.73,1.91,22,
liner,5.57,1.47,21,
lineup,5.15,2.08,20,
linger,5.39,2.5,23,
lingerie,5.87,2.14,23,
lingering,4.41,2.28,22,
lingo,5.28,1.93,25,
linguini,5.53,1.77,17,
linguist,5.59,2.29,17,
linguistics,5.87,2.32,23,
link,5.91,1.88,23,
linoleum,5.54,2.13,28,
lint,4.75,2.01,24,
lion,4.86,2.43,43,
lip,5.95,2.7,19,
liposuction,4.21,1.91,24,
lipstick,5.58,2.26,24,
liqueur,5.73,1.98,22,
liquid,6.16,2.27,19,
liquidate,4.36,2.38,22,
liquor,4.5,2.8,34,
lira,5.08,1.96,25,
lisp,3.5,2.23,24,
list,5.61,2.48,18,
listen,5.56,2.43,18,
listener,5.67,2.29,21,
listing,5.56,1.85,25,
listless,4.67,2.15,48,
liter,5.16,1.86,19,
literacy,6.36,2.48,25,
literal,6.32,2.19,19,
literary,6.43,1.95,23,
literature,6.06,2.0,36,
lithium,4.79,1.55,19,
litigation,4.21,2.25,34,
litigator,4.36,2.27,25,
litter,5.7,2.68,20,
little,5.18,2.24,17,
live,6.5,1.86,18,
livelihood,6.09,2.0,23,
lively,6.86,1.83,22,
liven,5.95,2.16,20,
liver,4.67,1.98,27,
livery,5.37,2.01,19,
livestock,4.68,2.63,22,
livid,4.55,2.48,22,
lizard,5.86,2.37,21,
llama,5.63,1.98,19,
load,6.68,2.63,19,
loader,6.33,2.25,18,
loaf,5.32,1.82,25,
loafer,5.05,2.5,21,
loan,3.77,2.07,22,
loathe,4.77,2.62,22,
loathing,3.95,2.55,22,
loathsome,3.57,1.85,28,
lobby,5.53,2.14,36,
lobbyist,4.45,2.42,22,
lobe,5.59,2.15,22,
lobotomy,2.0,1.55,21,
lobster,5.55,2.52,22,
local,6.68,1.97,19,
localized,5.86,1.28,22,
locate,6.3,1.49,23,
location,6.19,1.54,21,
locator,5.45,2.21,20,
loch,5.25,2.17,36,
lock,4.11,2.52,18,
locker,6.35,2.45,17,
locket,5.2,2.12,20,
locksmith,5.68,2.0,19,
lockup,4.63,2.43,35,
loco,4.21,1.91,24,
locomotive,5.23,2.14,22,
locust,3.45,2.31,20,
lode,5.03,2.37,36,
lodge,5.8,1.78,25,
loft,5.09,2.11,22,
lofty,5.85,2.09,27,
log,5.7,1.4,23,
logic,6.7,1.69,23,
logical,7.29,1.93,21,
logistics,5.65,2.29,34,
logo,5.0,1.9,27,
lollipop,6.1,2.13,20,
lone,4.32,2.34,22,
loneliness,3.61,2.29,23,
lonely,3.33,1.97,24,
loner,5.45,2.32,22,
lonesome,4.28,2.28,25,
longboat,5.38,2.12,24,
longevity,5.89,2.21,36,
longitude,5.04,1.82,26,
longtime,6.0,2.19,24,
look,5.88,1.67,16,
looker,6.17,2.08,24,
lookout,6.0,2.47,19,
loom,4.96,2.13,25,
loon,4.75,2.29,20,
loony,4.2,2.5,20,
loop,4.9,1.8,20,
loophole,5.35,2.04,23,
loopy,4.16,2.39,19,
loose,5.53,2.74,19,
loosen,6.0,2.2,23,
loot,5.62,2.5,21,
lop,5.08,1.71,25,
lopsided,3.95,2.17,22,
lord,5.75,2.35,16,
lordship,5.41,2.68,22,
lore,5.58,1.77,19,
lose,4.39,2.33,18,
loser,4.53,2.55,17,
loss,4.47,3.04,19,
lost,3.85,2.05,26,
lotion,5.75,2.45,20,
lottery,3.45,2.7,22,
lotto,3.29,2.83,21,
lotus,4.86,2.2,21,
loudmouth,4.39,2.64,36,
loudspeaker,4.62,2.46,21,
lounge,5.88,2.12,26,
louse,3.93,1.92,42,
lousy,4.33,1.93,24,
lovable,6.83,2.33,24,
love,5.92,2.92,50,
loved,6.68,1.8,19,
loveless,3.96,2.37,24,
loveliness,5.24,2.17,17,
lovely,6.38,2.42,16,
lovemaking,6.22,2.33,23,
lover,6.37,2.17,19,
lovesick,3.8,2.61,20,
low,3.11,1.53,18,
lowdown,4.87,2.12,23,
lowlife,3.4,1.82,20,
lowly,3.57,2.44,21,
lox,5.68,1.91,22,
loyal,6.8,1.91,44,
loyalty,7.0,1.83,22,
luau,6.33,1.68,21,
lube,5.58,1.86,26,
lubricant,5.52,2.25,23,
lucid,5.27,2.19,22,
luck,6.06,2.58,18,
lucky,5.36,2.51,47,
lucrative,6.11,1.92,36,
ludicrous,4.79,1.93,19,
lug,4.96,1.73,28,
luggage,5.42,1.61,19,
lukewarm,5.76,1.76,21,
lull,5.41,2.75,22,
lullaby,6.05,2.58,20,
lumbar,4.82,2.32,17,
lumber,5.96,2.16,27,
lumberjack,5.75,1.62,20,
luminous,5.85,2.05,27,
lump,4.72,2.13,25,
lumpy,4.12,2.36,24,
lunacy,4.1,2.38,20,
lunar,4.5,2.4,34,
lunatic,3.29,2.22,24,
lunch,6.44,2.19,16,
lunchbox,6.12,2.17,24,
luncheon,5.41,2.13,22,
lunchtime,6.7,1.46,23,
lung,4.74,2.3,23,
lunge,6.1,2.38,20,
lurch,4.38,1.79,26,
lure,5.44,2.33,25,
lurk,5.0,2.22,20,
luscious,5.59,2.17,39,
lush,5.79,2.41,24,
lust,4.64,2.77,22,
lustful,5.04,2.6,24,
lusty,4.84,2.75,19,
luxurious,6.62,2.02,24,
luxury,5.86,2.26,44,
lycra,4.46,2.43,24,
lye,4.91,2.62,34,
lymphoma,2.38,1.61,24,
lynching,2.53,2.09,19,
lyric,5.64,1.59,22,
lyrical,5.76,1.48,21,
lyrics,5.8,2.12,20,
macadamia,5.37,2.22,19,
macarena,5.26,1.85,19,
macaroni,6.27,2.43,22,
mace,4.76,2.61,21,
mach,5.24,2.49,25,
machete,4.7,2.32,20,
machine,4.8,2.22,44,
machinery,4.76,2.26,21,
macho,4.94,2.21,18,
mackerel,5.63,2.81,19,
macro,5.45,1.37,22,
mad,4.9,2.33,48,
madam,4.67,2.09,18,
madden,5.33,2.04,24,
mademoiselle,5.68,1.8,19,
madhouse,3.21,1.96,24,
madman,3.76,2.15,37,
madness,4.18,2.91,22,
maestro,6.24,2.02,21,
mafia,3.65,2.52,23,
magazine,7.05,2.09,19,
magenta,5.43,1.91,21,
maggot,3.55,1.93,42,
magic,5.33,2.47,18,
magical,5.3,2.2,20,
magician,4.26,2.33,19,
magistrate,4.7,2.66,27,
magna,4.9,2.26,21,
magnesium,4.87,1.82,23,
magnet,4.89,2.27,28,
magnetic,4.84,2.15,25,
magnetism,5.12,2.5,17,
magnification,5.38,2.14,24,
magnificence,6.93,1.94,28,
magnificent,6.05,2.34,22,
magnify,6.3,2.0,20,
magnifying,5.56,1.23,25,
magnitude,5.09,2.37,22,
magnolia,5.32,2.54,34,
magpie,4.3,1.75,27,
mahi mahi,5.86,2.43,21,
mahjong,5.64,1.79,22,
mahogany,5.63,2.08,27,
maid,6.2,2.02,25,
maiden,5.68,2.01,25,
mail,5.26,2.24,43,
mailbox,5.03,2.66,34,
mailing,5.88,2.44,25,
mailman,4.82,1.87,22,
maim,4.0,2.43,19,
main,6.79,2.25,19,
mainframe,5.59,1.89,22,
mainland,5.71,1.88,24,
mainstream,5.48,1.9,25,
maintain,5.89,2.31,19,
maintenance,5.28,2.69,25,
majestic,6.63,2.06,19,
majesty,7.21,2.12,19,
major,5.28,1.67,18,
majority,4.76,2.59,21,
make,6.22,2.32,18,
makeover,5.5,1.62,18,
maker,6.15,2.87,20,
makeshift,5.1,2.28,21,
makeup,6.46,2.4,24,
malady,4.37,2.99,19,
malaria,3.32,1.53,19,
malarkey,4.33,1.88,24,
male,5.89,2.79,19,
malfunction,2.92,2.08,24,
malice,4.56,2.31,48,
malicious,4.78,2.94,23,
malignant,4.2,2.55,20,
mall,6.0,1.74,26,
mallet,6.24,1.73,21,
malnutrition,5.3,2.52,20,
malpractice,4.3,2.72,20,
malt,5.91,1.93,22,
mama,5.28,1.96,18,
mambo,5.1,1.58,21,
mammal,6.0,1.75,22,
mammoth,5.23,2.05,22,
mammy,4.7,2.78,27,
man,5.44,2.24,54,
manage,5.88,2.36,26,
manageable,6.86,2.06,21,
management,4.7,3.32,23,
manager,7.16,2.09,19,
managerial,5.38,2.5,24,
mandarin,5.56,2.45,27,
mandate,4.0,2.78,22,
mandatory,3.54,2.64,24,
mandible,4.9,1.97,20,
mandolin,6.25,2.34,20,
mane,5.58,1.98,19,
maneuver,5.88,2.25,34,
manger,6.1,2.31,20,
mangle,4.35,2.24,55,
mango,5.76,2.2,25,
mangy,4.53,2.22,19,
manhole,5.59,2.1,27,
manhood,5.91,1.8,22,
manhunt,4.09,2.71,34,
mania,3.83,2.55,18,
maniac,3.8,2.69,49,
maniacal,4.1,2.05,20,
manic,3.63,2.02,27,
manicure,5.56,2.06,18,
manicurist,5.19,2.14,21,
manifest,5.16,2.27,19,
manifestation,5.5,2.67,20,
manifesto,5.12,2.01,24,
manifold,4.91,1.34,22,
manipulate,5.74,2.96,23,
manipulation,5.39,3.09,23,
manipulative,3.67,2.52,21,
mankind,5.14,2.22,21,
manly,6.48,2.5,21,
manned,5.71,2.92,21,
mannequin,6.38,1.98,26,
manner,5.45,2.0,55,
manor,5.05,1.99,19,
manpower,5.92,2.19,24,
mansion,6.5,2.5,22,
mansions,5.8,2.09,20,
manslaughter,3.88,2.53,26,
mantel,5.28,2.26,61,
mantis,5.88,2.17,24,
mantle,5.05,1.53,22,
mantra,5.87,1.84,23,
manual,6.48,1.6,21,
manufacture,5.45,1.68,22,
manufacturer,4.95,1.77,21,
manufacturing,5.67,2.1,24,
manure,4.51,2.32,76,
manuscript,5.32,1.97,25,
map,5.79,2.82,19,
maple,5.47,2.29,19,
mar,4.52,2.11,23,
marathon,4.9,2.77,21,
marble,5.38,2.11,21,
mare,5.0,2.21,19,
margarine,5.96,2.01,27,
margarita,6.19,2.62,21,
margin,5.15,2.64,34,
marginal,5.47,2.02,34,
mariachi,5.33,1.65,21,
marijuana,4.77,2.81,22,
marinara,6.59,1.76,22,
marine,5.14,2.4,22,
mariner,4.96,2.23,23,
marital,5.43,2.18,21,
maritime,5.26,1.85,19,
marker,5.48,2.24,25,
market,5.77,2.24,107,
marketing,5.09,2.56,22,
marketplace,5.81,2.02,21,
marksman,5.37,2.61,19,
marksmanship,6.0,1.95,20,
marmalade,5.15,2.28,20,
maroon,4.76,2.66,21,
marooned,3.3,2.05,23,
marquee,5.64,1.96,25,
marquis,4.6,2.09,20,
marriage,5.33,2.89,18,
marrow,4.12,1.74,25,
marry,5.67,2.33,18,
marshal,5.79,2.37,19,
marshmallow,5.58,2.14,19,
mart,5.24,1.95,21,
martial,4.59,2.42,27,
martini,5.33,2.4,36,
martyr,3.79,1.96,19,
marvel,5.21,1.47,24,
marvelous,6.21,1.81,28,
marzipan,5.23,2.58,26,
mascara,6.27,1.8,26,
mascot,5.65,2.18,17,
masculine,5.48,2.76,23,
masculinity,5.91,2.27,22,
mash,4.82,2.38,22,
mashed,4.24,1.64,25,
mask,5.1,2.22,20,
masked,5.1,2.61,20,
masochist,4.45,2.09,22,
masquerade,5.29,2.23,17,
mass,5.47,2.55,19,
massacre,3.33,2.45,79,
massage,6.57,2.22,28,
masses,4.54,2.13,24,
masseur,5.24,2.07,21,
masseuse,4.71,1.92,28,
massive,5.71,2.35,21,
mast,5.32,2.56,34,
master,4.17,2.83,18,
masterful,6.77,2.09,44,
mastermind,6.61,1.97,18,
masterpiece,6.0,2.47,21,
mastery,7.25,1.68,20,
masturbate,6.46,2.57,24,
masturbation,5.92,2.8,25,
mat,5.3,2.1,23,
matador,4.89,2.42,19,
match,6.06,2.01,18,
matchbook,6.22,2.13,18,
matching,5.79,2.28,28,
matchmaker,5.39,2.02,23,
mate,6.79,2.02,19,
material,5.48,2.04,23,
materialism,4.89,2.95,18,
materialistic,4.6,2.36,25,
materialize,6.55,2.22,33,
maternal,6.32,1.89,25,
maternity,4.81,2.44,21,
math,5.79,2.42,28,
mathematical,6.0,2.35,18,
mathematician,4.81,2.06,26,
mathematics,5.3,2.57,23,
matinee,5.3,2.39,20,
mating,5.67,2.35,21,
matrimony,6.32,2.77,22,
matrix,4.58,2.83,19,
matron,5.68,1.67,22,
matter,6.12,2.23,17,
mattress,6.17,1.9,24,
mature,7.05,1.59,22,
maturity,6.78,1.72,27,
maudlin,4.61,1.86,36,
mausoleum,4.62,2.82,21,
mauve,5.37,2.01,19,
maverick,5.25,2.53,28,
maxim,5.64,1.98,25,
maximize,5.9,2.0,20,
maximum,5.62,2.01,21,
may,5.94,2.25,17,
mayday,4.25,1.87,24,
mayflower,5.26,2.03,27,
mayhem,3.9,2.67,20,
mayonnaise,5.88,1.97,26,
mayor,6.21,2.44,19,
maze,4.56,2.13,16,
meadow,6.15,2.39,33,
meager,4.46,1.86,26,
meal,7.11,1.91,19,
mean,4.17,2.18,18,
meanie,4.48,1.73,25,
meaning,6.53,2.01,19,
meaningful,6.29,2.02,17,
meaningless,3.57,2.21,23,
meanness,5.09,2.79,22,
meantime,5.26,1.68,23,
measles,4.1,2.39,58,
measure,5.41,2.38,22,
measurement,5.18,2.4,22,
measuring cup,6.47,2.27,34,
measuring tape,6.86,2.1,22,
meat,5.58,2.95,19,
meatball,5.38,2.31,21,
meathead,3.81,2.34,21,
meatloaf,5.57,2.2,28,
mechanic,5.15,2.64,27,
mechanical,5.0,2.62,36,
mechanics,5.21,1.75,19,
mechanism,5.42,1.75,26,
med,5.64,1.84,22,
medal,5.88,1.8,26,
medallion,5.52,1.29,21,
meddle,4.78,2.76,23,
medial,4.96,1.73,26,
median,5.95,1.61,19,
mediation,5.77,2.35,22,
medic,5.46,2.28,26,
medical,4.22,1.52,18,
medicate,5.88,2.49,25,
medication,6.21,2.21,24,
medicinal,5.16,2.39,19,
medicine,5.35,2.3,55,
medieval,5.29,2.47,34,
mediocre,4.16,2.19,19,
mediocrity,3.67,1.98,21,
meditate,7.15,2.06,20,
meditation,7.35,2.11,20,
medium,5.22,1.48,23,
medley,5.95,1.8,21,
meek,5.05,2.32,22,
meet,5.89,1.91,18,
meeting,5.47,2.35,17,
mega,6.21,2.26,24,
melancholy,3.96,2.16,26,
mellow,7.0,2.16,22,
melodrama,4.58,2.59,19,
melodramatic,4.57,2.32,28,
melody,6.25,2.02,20,
melon,5.79,1.93,19,
melt,4.47,2.57,19,
meltdown,2.96,2.41,25,
member,6.89,1.85,19,
membership,5.5,2.26,20,
membrane,4.33,1.94,27,
memento,5.29,2.16,28,
memo,5.86,2.21,22,
memorabilia,6.05,2.28,20,
memorable,6.32,2.45,19,
memorandum,6.08,2.06,24,
memorial,5.24,1.85,25,
memories,6.11,1.91,44,
memorize,5.65,2.48,34,
memory,5.75,2.34,48,
menace,4.4,2.53,43,
menacing,4.15,1.96,27,
mend,5.83,1.67,23,
menial,5.32,1.8,25,
meningitis,3.43,2.36,21,
menopause,4.32,2.81,19,
menstrual,3.37,1.83,19,
mental,5.48,1.86,21,
mentality,6.24,2.13,25,
menthol,5.45,1.87,22,
mention,5.33,1.68,18,
mentor,6.6,2.04,20,
menu,6.29,2.15,21,
meow,5.75,2.02,20,
mercenary,4.29,2.35,28,
merchandise,4.76,2.41,17,
merchant,5.18,2.04,22,
merciful,6.75,1.94,20,
merciless,5.05,2.75,21,
mercury,3.96,1.86,25,
mercy,5.55,2.3,22,
mere,5.21,1.32,19,
merengue,5.13,2.16,23,
merge,5.53,1.77,17,
merger,4.63,2.54,19,
meringue,5.16,2.14,19,
merit,5.88,2.01,25,
mermaid,4.33,2.13,21,
merry,7.1,1.79,91,
mescaline,4.6,2.09,20,
mesh,5.18,1.82,22,
mess,2.89,1.84,18,
message,6.78,2.21,18,
messenger,5.65,2.13,34,
messiah,3.71,1.97,24,
messy,4.83,2.55,23,
metabolic,5.0,1.65,23,
metabolism,4.36,2.3,22,
metal,6.54,1.98,24,
metallic,5.17,1.99,24,
metamorphosis,5.11,2.81,19,
metaphor,5.36,2.18,25,
metaphysical,5.37,2.2,27,
meteor,3.92,2.78,25,
meteorite,3.49,2.45,35,
meter,5.25,1.92,24,
meth,3.12,2.57,25,
methadone,4.48,2.65,25,
methane,4.37,2.15,27,
method,6.13,2.24,47,
methodical,5.43,1.85,23,
methodology,5.48,2.24,27,
meticulous,5.36,2.17,22,
metric,5.13,1.36,23,
metropolis,5.6,2.4,25,
metropolitan,5.42,2.29,19,
mew,5.56,1.92,18,
mezzanine,5.11,1.91,19,
micro,4.36,2.41,28,
microchip,5.24,2.3,25,
microfilm,5.33,2.3,24,
microphone,5.35,2.64,20,
microscope,5.05,2.09,19,
microscopic,5.33,2.06,21,
microwave,5.6,2.21,20,
mid,5.33,2.0,18,
midair,4.84,2.24,19,
midday,4.9,2.27,20,
middle,5.11,1.49,18,
middleman,5.33,2.53,24,
middleweight,4.0,1.82,21,
midget,3.7,2.0,20,
midlife,5.26,2.26,27,
midline,4.42,1.44,24,
midnight,6.26,2.38,19,
midshipman,5.14,1.42,22,
midst,5.08,1.73,25,
midsummer,5.14,2.49,36,
midterm,4.28,1.99,18,
midtown,5.54,2.3,24,
midwife,5.96,2.18,24,
mighty,6.85,2.19,937,
mignon,4.82,2.28,22,
migraine,3.11,2.25,28,
migrate,5.55,2.09,20,
migration,4.88,2.31,24,
mil,5.58,1.96,26,
mild,5.67,2.4,18,
mildew,4.19,2.27,980,
mile,5.33,1.78,18,
mileage,5.64,1.93,25,
milestone,6.36,1.62,22,
militant,4.4,2.31,25,
military,5.89,2.64,19,
militia,4.52,2.56,23,
milk,6.31,2.33,42,
milkman,5.54,2.12,26,
milkshake,6.0,1.74,28,
milky,5.37,1.61,19,
mill,4.76,1.54,25,
millennium,4.71,2.22,21,
milligram,4.12,1.39,25,
millimeter,5.75,2.2,20,
million,5.82,2.19,17,
millionaire,5.73,2.64,55,
millionth,5.0,2.2,22,
millstone,6.4,2.04,20,
mime,4.85,1.39,20,
mimic,6.05,2.44,22,
mince,5.68,2.03,22,
mincemeat,4.19,2.11,21,
mind,6.09,2.14,22,
mindful,6.76,1.71,25,
mindless,3.86,2.71,22,
minefield,3.71,2.29,28,
miner,4.67,2.06,21,
mineral,4.67,1.92,27,
mingle,5.36,1.85,28,
mini,5.16,2.09,19,
miniature,4.39,2.15,23,
minibus,4.53,2.18,17,
minimal,4.67,1.91,21,
minimize,5.45,2.3,22,
minimum,5.22,1.73,18,
mining,5.53,2.01,19,
minion,3.94,2.41,33,
minister,5.65,1.93,20,
ministry,4.5,2.48,22,
minivan,5.92,2.5,25,
mink,4.86,2.1,22,
minor,4.79,1.93,19,
minority,4.88,2.55,25,
mint,6.62,1.75,26,
minty,5.09,1.9,23,
minute,4.17,2.28,18,
minx,4.78,2.3,23,
miracle,5.26,2.62,42,
miraculous,4.38,2.6,16,
mirage,4.21,2.11,24,
mire,4.19,1.33,21,
mirror,5.5,2.02,36,
misbehave,4.65,2.55,17,
miscalculation,4.96,2.48,23,
miscarriage,2.33,1.85,21,
miscellaneous,5.11,2.16,36,
mischief,4.97,2.48,59,
mischievous,4.86,2.46,21,
misconception,4.33,1.68,21,
misconduct,5.16,2.24,19,
misdemeanor,3.95,2.36,22,
misdirection,3.42,2.21,24,
miser,4.46,2.15,24,
miserable,3.86,2.12,22,
misery,3.8,2.34,74,
misfire,3.0,1.93,23,
misfit,4.52,2.62,21,
misfortune,2.92,1.96,25,
misguided,3.25,1.86,20,
mishap,3.26,1.82,19,
mislead,4.2,2.2,25,
misleading,3.69,1.87,26,
misplace,4.14,2.39,21,
misread,3.33,1.56,21,
miss,5.12,1.86,16,
missile,4.2,2.6,25,
mission,4.89,2.85,18,
missionary,5.6,2.18,25,
missy,4.82,1.62,22,
mist,4.7,2.52,20,
mistake,4.69,2.79,58,
mister,4.83,2.07,18,
mistletoe,6.57,1.86,21,
mistress,5.33,2.37,21,
mistrial,4.3,2.28,27,
mistrust,4.45,2.44,20,
misty,5.0,2.34,20,
misunderstand,3.5,1.68,26,
misunderstanding,3.83,2.09,18,
misuse,4.9,1.64,21,
mite,5.19,1.57,21,
miter,4.4,1.76,20,
mitigate,5.86,2.2,21,
mitigating,4.7,1.95,20,
mitt,5.0,2.19,21,
mitten,5.91,1.83,23,
mitzvah,5.06,2.63,17,
mix,5.56,2.06,27,
mixer,5.18,1.94,22,
mixture,6.0,1.97,19,
mnemonic,5.32,1.84,22,
moan,6.04,1.99,25,
moat,4.95,2.54,22,
mob,3.47,2.46,19,
mobile,5.9,2.05,21,
mobility,7.11,2.11,18,
mobilize,6.18,2.34,22,
mobster,4.04,2.61,25,
mocha,5.61,1.99,28,
mock,5.17,2.62,24,
mockery,4.11,2.72,18,
mockingbird,5.48,2.35,23,
mod,4.81,1.98,36,
mode,6.1,1.74,20,
model,6.53,2.61,19,
modeling,4.65,2.01,20,
modem,4.5,2.48,22,
moderate,5.53,1.75,36,
moderation,5.44,2.38,25,
modern,5.31,2.05,26,
modest,7.05,1.99,42,
modesty,5.81,2.52,21,
modicum,5.18,2.06,22,
modification,6.62,2.09,16,
modify,6.43,2.46,23,
module,5.41,2.38,22,
mogul,5.11,2.18,19,
moist,4.5,2.27,24,
moisture,4.14,1.96,21,
moisturizer,5.86,1.78,22,
molar,5.12,2.07,24,
molasses,5.71,2.15,21,
mold,4.5,2.42,54,
moldy,4.29,1.82,21,
mole,5.32,1.92,19,
molecular,5.14,2.15,21,
molecule,4.75,2.31,24,
molest,2.57,1.88,23,
molester,3.22,2.62,18,
molten,4.08,2.38,25,
mom,6.29,2.26,17,
moment,6.0,1.53,43,
momentary,4.8,2.42,20,
momentous,5.95,2.01,22,
momentum,5.16,2.39,25,
momma,5.11,2.45,28,
mommy,4.89,2.68,18,
monarch,3.78,2.39,18,
monarchy,4.04,2.13,25,
monastery,4.59,2.32,22,
monetary,5.62,2.04,24,
money,6.32,3.05,25,
mongoloid,3.79,2.34,24,
mongoose,4.23,1.82,22,
mongrel,3.46,1.59,24,
monitor,5.81,2.48,27,
monk,5.04,2.13,26,
monkey,5.74,2.7,19,
mono,4.88,2.51,33,
monogamous,7.0,2.05,22,
monogamy,5.57,2.4,21,
monogrammed,4.78,2.24,23,
monolith,4.32,2.5,25,
monologue,4.67,2.22,18,
monopoly,6.14,2.59,22,
monotonous,4.55,2.2,22,
monoxide,4.85,2.25,20,
monsieur,5.89,2.45,19,
monsoon,3.09,1.63,22,
monster,5.0,3.02,19,
monstrosity,4.21,2.5,24,
monstrous,3.86,2.33,21,
montage,5.76,2.19,21,
month,5.05,2.42,20,
monthly,4.67,2.2,24,
monument,5.45,1.54,20,
monumental,6.06,2.16,34,
moo,5.18,1.59,17,
mooch,5.2,2.29,35,
mood,5.79,2.66,19,
moody,4.26,2.68,23,
moon,6.11,2.03,18,
moonbeam,4.82,2.33,28,
moonlight,6.28,2.7,18,
moonlit,6.05,2.5,22,
moonshine,4.95,2.37,20,
moonwalk,6.08,1.93,24,
moor,5.28,2.09,25,
moose,4.97,2.16,36,
moot,5.52,2.24,25,
mop,5.32,2.06,22,
mope,4.76,2.23,21,
moped,5.38,1.99,21,
moral,6.31,2.48,75,
morale,6.23,1.8,22,
morality,6.5,2.2,22,
moray,5.24,1.73,21,
morbid,4.49,2.69,43,
mores,4.44,1.61,25,
morgue,3.32,2.23,53,
morn,4.3,2.35,27,
morning,6.35,1.84,17,
moron,4.55,2.54,20,
moronic,3.2,2.12,25,
morph,4.65,1.99,23,
morphine,4.57,2.35,23,
morsel,5.52,2.62,25,
mortal,3.88,2.09,25,
mortality,3.58,2.18,26,
mortar,4.94,2.25,35,
mortgage,3.74,1.69,19,
mortician,3.59,2.69,17,
mortuary,3.91,2.62,22,
mosaic,5.19,1.74,26,
mosey,5.36,2.4,36,
mosque,4.04,1.88,25,
mosquito,3.88,2.68,25,
motel,4.52,1.83,21,
moth,4.6,2.14,20,
mother,6.11,2.64,74,
motherfucker,2.56,2.23,18,
motherfucking,4.16,2.97,19,
motherhood,6.0,2.66,34,
motherland,5.76,2.23,21,
motherless,4.23,2.72,22,
motherly,5.08,2.48,25,
motif,6.42,1.86,24,
motion,6.15,2.12,34,
motivate,7.22,1.91,23,
motivation,6.35,1.69,20,
motivational,7.14,1.62,21,
motive,6.2,2.42,20,
motley,4.52,2.18,25,
motor,5.5,2.24,20,
motorbike,5.58,2.16,26,
motorboat,5.18,1.97,22,
motorcade,4.81,2.09,21,
motorcar,6.03,2.43,34,
motorcycle,5.55,2.58,22,
motorist,5.83,2.42,23,
motto,6.3,2.22,27,
mould,5.28,2.42,18,
mound,5.5,2.3,36,
mount,5.63,2.1,27,
mountain,6.18,2.58,22,
Mountain Dew,5.74,2.32,23,
mountaintop,5.46,2.98,24,
mourn,4.08,1.87,26,
mournful,3.59,2.62,17,
mourning,3.64,2.46,22,
mouse,4.29,2.16,24,
mousetrap,5.5,2.22,22,
mousse,6.04,2.03,24,
moustache,5.32,2.1,22,
mousy,3.2,1.54,20,
mouth,6.0,2.65,17,
mouthful,4.64,1.98,25,
mouthpiece,4.62,2.5,24,
mouthwash,5.38,2.39,24,
move,5.12,2.32,17,
movement,5.96,2.25,23,
mover,5.42,2.5,24,
movie,5.68,2.16,44,
mow,5.58,1.68,19,
mower,5.45,2.28,20,
moxie,5.79,2.59,24,
mozzarella,6.29,2.46,24,
muck,4.09,2.22,22,
mucous,4.41,2.32,22,
mucus,4.16,1.81,45,
mud,4.27,2.43,22,
muddle,4.8,2.19,20,
muddy,4.6,2.21,91,
muff,4.43,2.33,23,
muffin,6.29,2.2,48,
muffled,4.18,2.35,34,
muffler,4.64,2.04,28,
mug,4.82,2.25,28,
mugger,2.97,2.32,34,
mulberry,5.43,1.5,21,
mulch,5.24,1.09,21,
mule,4.5,2.37,16,
mull,5.11,2.45,19,
mullet,5.64,2.19,22,
multimedia,5.9,2.38,20,
multinational,5.33,1.65,21,
multiple,5.64,1.62,22,
multiple sclerosis,2.33,2.2,24,
multiplex,5.45,2.04,20,
multiply,5.48,2.18,21,
multitude,5.16,2.06,19,
mum,4.54,2.12,26,
mumble,3.68,2.25,25,
mumbo,4.75,2.29,20,
mummy,4.4,1.98,20,
mumps,3.44,1.64,25,
munch,6.14,1.73,22,
munchkin,4.13,2.22,23,
mundane,4.0,1.92,20,
municipal,4.92,2.32,24,
mural,5.95,1.68,19,
murder,3.38,2.28,16,
murderer,2.83,2.26,95,
murderess,3.52,2.35,25,
murderous,2.95,1.83,21,
murky,3.77,1.63,22,
murmur,4.36,1.89,22,
muscle,6.81,1.71,27,
muscular,6.52,2.03,71,
muse,6.12,1.53,26,
museum,5.4,2.06,20,
mush,4.79,1.93,28,
mushroom,5.5,1.75,38,
mushy,5.47,2.33,34,
music,6.5,2.25,48,
musical,5.43,2.48,21,
musician,5.7,2.24,23,
musk,4.56,1.71,25,
musket,4.64,2.04,22,
musketeer,4.96,2.01,25,
muskrat,4.32,1.49,22,
must,5.06,2.68,17,
mustang,6.0,2.21,24,
mustard,5.69,2.63,16,
muster,5.41,1.97,17,
musty,4.22,2.76,23,
mutant,4.53,2.29,17,
mutate,4.04,2.12,28,
mutation,4.16,2.21,25,
mute,4.18,2.24,22,
muted,4.9,2.34,20,
mutilate,2.91,2.37,22,
mutilated,3.32,1.99,22,
mutilation,2.73,1.55,22,
mutiny,4.56,2.22,27,
mutt,4.5,2.19,24,
mutter,5.57,1.72,21,
mutual,6.45,2.24,20,
muzzle,3.54,2.06,26,
myriad,5.41,1.44,22,
mysterious,4.76,2.23,21,
mystery,4.33,2.45,18,
mystic,4.7,2.19,43,
mystical,5.79,1.96,24,
mysticism,4.58,2.22,19,
mystified,4.67,2.46,21,
mystique,5.32,1.94,22,
myth,5.38,2.09,16,
mythical,4.91,2.0,23,
mythology,4.81,1.94,27,
nab,4.84,2.09,19,
nacho,5.82,1.62,22,
nada,4.11,1.91,19,
nag,3.96,2.73,24,
nail,5.17,2.12,24,
nail gun,5.96,2.1,24,
naive,5.0,2.32,20,
naked,5.6,3.0,25,
nakedness,5.21,2.6,24,
name,5.14,2.78,22,
nameless,4.58,2.29,19,
nana,5.09,2.39,22,
nanny,5.42,1.61,19,
nanometer,5.54,2.37,26,
nap,5.91,2.61,23,
napalm,4.08,2.8,25,
napkin,5.21,1.77,28,
nappy,4.24,2.02,21,
narcissism,4.15,2.4,33,
narcissist,4.04,2.48,23,
narcissistic,4.94,2.78,18,
narcotic,3.45,2.14,20,
narrative,5.61,1.93,28,
narrator,5.76,2.11,25,
narrow,5.19,1.9,26,
nasal,4.3,2.36,20,
nasty,3.98,2.06,44,
nation,4.74,2.18,19,
national,6.63,2.89,19,
nationality,5.32,1.94,22,
nationwide,5.45,2.35,20,
native,6.05,2.06,22,
natural,5.16,2.52,19,
natural gas,5.19,2.7,26,
nature,5.0,2.97,20,
naughty,5.76,2.24,34,
nausea,2.95,1.59,22,
nauseating,3.68,2.03,22,
nauseous,3.19,2.27,27,
nautical,4.9,1.58,21,
nautilus,5.6,1.87,25,
naval,5.15,2.38,26,
nave,4.33,1.62,21,
navel,5.5,1.79,22,
navigate,5.71,1.99,24,
navigation,6.59,1.97,22,
navigational,6.42,1.71,19,
navigator,6.37,1.95,19,
navy,5.07,2.53,27,
nearsighted,3.9,1.89,21,
neat,5.64,3.03,22,
nebula,4.26,2.24,23,
necessary,4.89,2.65,18,
necessity,4.75,2.19,24,
neck,5.17,1.89,18,
necklace,5.64,2.29,25,
necktie,4.87,2.14,23,
necromancer,3.91,1.59,23,
nectar,5.83,1.82,18,
need,5.06,2.16,17,
needle,5.12,2.44,42,
needlepoint,5.42,2.55,24,
needless,4.16,2.21,25,
needy,4.27,2.33,22,
nefarious,4.25,2.51,24,
negative,4.29,2.21,34,
negativity,3.42,1.9,26,
neglect,3.69,2.53,61,
negligee,5.64,2.48,22,
negligence,3.79,2.1,28,
negligent,4.57,2.73,21,
negligible,4.67,2.4,36,
negotiable,5.61,2.17,28,
negotiate,5.84,1.74,19,
negotiation,6.17,1.85,23,
negotiator,5.6,2.44,20,
negro,4.35,2.43,20,
neighbor,5.12,2.15,24,
neighborhood,6.95,1.72,19,
neighboring,4.91,1.95,23,
nemesis,4.25,2.07,24,
neon,5.62,2.06,21,
nephew,5.94,2.42,34,
nerd,5.91,2.39,23,
nerdy,5.7,1.99,23,
nerve,5.42,1.87,19,
nervous,4.02,2.25,42,
nervousness,3.93,2.16,27,
nest,5.5,1.61,26,
net,4.61,2.38,18,
nether,4.92,2.08,25,
network,5.39,2.39,23,
networking,6.31,1.83,26,
neural,4.64,1.73,22,
neurological,4.32,2.16,19,
neurologist,5.22,2.31,27,
neurology,4.62,2.27,21,
neurosis,3.14,1.98,21,
neurosurgeon,5.33,2.67,21,
neurosurgery,3.74,2.56,19,
neurotic,4.15,2.38,41,
neuter,4.21,2.62,24,
neutral,5.81,1.5,21,
neutralize,5.45,1.99,22,
neutron,4.78,2.27,36,
new,5.22,2.02,18,
new age,4.84,1.42,19,
newborn,4.89,2.83,19,
newcomer,4.58,2.12,26,
newfound,6.17,1.66,24,
newlywed,5.92,2.04,26,
news,4.48,2.6,25,
newscast,4.8,2.31,35,
newscaster,4.85,2.03,20,
newsflash,4.52,2.09,23,
newsletter,5.03,2.21,36,
newsman,4.35,2.23,20,
newspaper,5.05,2.66,19,
newspaperman,5.0,1.95,22,
newsreel,5.57,1.53,23,
newsroom,4.94,2.33,17,
newsstand,5.05,1.99,19,
newt,5.59,2.19,27,
nexus,5.42,1.89,19,
nibble,6.05,2.09,21,
nice,6.47,1.98,19,
niche,5.18,2.61,34,
nickel,5.0,2.07,21,
nickname,5.7,1.72,23,
nicotine,3.58,2.48,19,
niece,5.36,2.41,25,
nifty,6.41,1.82,27,
nigger,2.96,2.34,25,
night,5.22,2.05,18,
nightcap,6.1,2.47,20,
nightclub,5.57,2.23,28,
nightfall,3.8,2.07,20,
nightgown,5.67,2.22,24,
nightie,5.53,1.87,19,
nightlife,6.09,2.16,22,
nightly,5.32,1.38,25,
nightmare,3.21,2.3,19,
nightstand,5.68,2.48,22,
nightstick,4.32,2.34,25,
nighttime,4.78,2.41,18,
Nike,5.95,2.21,22,
nimble,5.41,2.54,22,
nimrod,3.41,2.29,17,
nincompoop,4.72,2.08,18,
nine,5.21,2.73,28,
nineteen,5.09,2.07,23,
ninety,5.36,1.65,22,
ninja,5.23,1.97,26,
ninny,4.81,2.4,21,
nintendo,6.23,2.18,26,
nip,4.68,1.36,22,
nipper,4.86,2.28,36,
nipple,5.64,2.11,22,
nippy,5.14,1.75,22,
nitrate,5.12,1.97,26,
nitro,4.71,1.95,21,
nitrogen,4.82,2.44,34,
nitrous,5.35,1.79,26,
nitwit,3.54,2.3,26,
nix,3.9,1.74,20,
nobility,4.89,2.42,18,
noble,6.71,1.82,21,
nobleman,5.36,2.18,25,
nocturnal,5.61,2.73,18,
nod,6.1,2.29,20,
node,5.62,1.43,21,
noggin,5.74,1.45,23,
noir,5.32,1.81,22,
noise,5.47,2.76,19,
noisy,4.42,2.84,50,
nomad,5.3,2.87,20,
nominal,4.61,1.9,36,
nominate,6.05,2.09,19,
nomination,6.0,2.25,27,
nominee,5.75,2.09,24,
nonchalant,5.84,2.34,25,
nonexistent,3.83,2.61,23,
nonfat,6.0,2.04,23,
nonfiction,5.47,2.32,36,
nonsense,4.74,2.31,43,
nonviolent,5.17,2.2,24,
noodle,5.48,1.99,27,
nook,5.47,1.87,19,
noon,6.22,2.05,18,
noose,3.99,2.53,78,
norm,5.06,2.01,17,
normal,6.39,1.79,18,
normalcy,6.65,2.23,20,
north,5.0,2.03,18,
northbound,5.73,1.85,26,
northeast,5.9,2.36,20,
northern,5.08,2.19,24,
northwest,4.9,2.43,20,
northwestern,5.13,2.1,23,
nose,4.61,2.3,18,
nosebleed,3.5,1.99,22,
nostalgia,5.36,1.96,25,
nostalgic,5.05,2.31,21,
nostril,4.58,2.43,19,
nosy,5.04,2.29,26,
notable,6.23,1.34,22,
notary,5.5,1.47,20,
notch,4.8,1.73,25,
note,5.28,1.41,18,
notebook,6.12,1.85,24,
nothingness,3.2,2.33,20,
notice,5.11,2.37,18,
noticeable,5.75,1.73,36,
notification,5.09,2.49,22,
notify,5.67,2.25,18,
notion,5.42,2.03,36,
notoriety,5.77,2.51,22,
notorious,5.23,2.33,22,
noun,5.28,1.88,25,
nourish,7.06,2.1,18,
nourishment,6.0,2.04,25,
nouveau,4.76,2.09,25,
novel,5.09,2.04,23,
novelist,6.29,2.22,34,
novelty,5.47,1.43,19,
novice,5.6,2.52,25,
nuance,4.58,1.67,24,
nuclear,4.12,2.49,26,
nucleus,4.32,1.86,25,
nude,6.05,2.68,22,
nudge,4.95,2.5,22,
nudie,4.53,2.61,34,
nudist,5.05,2.82,22,
nudity,5.28,2.25,25,
nugget,4.93,2.02,27,
nuisance,3.79,2.07,92,
nuke,3.29,1.82,21,
null,4.48,2.69,23,
numb,4.04,1.76,24,
number,6.13,2.0,15,
numbskull,4.28,2.05,18,
numerical,5.43,2.15,23,
numerous,6.25,1.98,24,
nun,4.53,2.71,43,
nunchucks,5.76,1.37,21,
nunnery,4.77,2.43,22,
nuptials,5.71,2.05,24,
nurse,5.58,2.1,48,
nursemaid,5.17,2.36,18,
nursery,4.89,1.82,19,
nursing,5.05,1.96,19,
nurture,6.29,1.9,21,
nut,4.56,1.79,18,
nutcase,3.36,2.56,22,
nutcracker,6.05,2.09,21,
nuthouse,3.45,2.69,22,
nutmeg,6.04,2.07,25,
nutrition,6.46,1.7,26,
nutritional,5.68,1.82,25,
nutritious,7.32,1.76,22,
nutshell,5.73,1.61,22,
nutty,5.29,2.58,24,
nylon,5.19,1.67,26,
nylong,4.67,2.08,24,
nylons,5.04,2.05,27,
nymph,4.5,2.08,28,
nymphomaniac,4.54,2.63,26,
O'Doul's,5.42,2.48,24,
oaf,4.04,1.83,24,
oak,5.91,2.02,22,
oar,6.38,2.46,24,
oasis,5.73,1.82,26,
oat,5.32,1.62,22,
oath,6.47,2.37,19,
oatmeal,5.65,2.06,23,
obedience,4.06,2.35,16,
obedient,4.74,2.57,27,
obese,4.22,2.86,23,
obesity,4.55,2.7,97,
obey,4.43,2.78,98,
obituary,3.43,2.11,21,
object,5.91,2.52,22,
objection,4.22,1.73,23,
objective,6.47,1.74,19,
objectivity,7.04,1.6,27,
obligation,5.39,1.97,23,
obligatory,3.88,2.45,25,
oblige,5.11,3.0,19,
oblique,5.6,2.33,20,
oblivion,4.92,2.4,25,
oblivious,3.81,2.26,16,
obnoxious,4.1,2.39,21,
obscene,4.64,2.37,44,
obscenity,4.43,2.36,21,
obscure,4.48,2.14,25,
obscurity,3.88,2.15,17,
observant,6.04,2.49,24,
observation,6.04,1.99,23,
observatory,5.95,2.3,19,
observe,5.92,1.66,25,
observer,6.08,2.17,26,
obsess,4.1,2.45,21,
obsessed,5.76,2.68,17,
obsession,4.15,2.83,54,
obsessive,4.0,2.55,21,
obsolete,3.61,2.02,28,
obstacle,4.11,2.42,19,
obstinate,4.9,2.23,21,
obstruct,4.7,2.58,23,
obstruction,3.48,1.99,27,
obtain,6.7,1.99,23,
obvious,6.47,2.32,19,
occasion,5.52,1.86,21,
occasional,4.72,1.67,25,
occipital,5.35,2.21,20,
occult,4.64,1.92,22,
occupant,5.24,2.61,17,
occupation,5.47,2.32,19,
occupational,5.8,1.91,20,
occupy,5.29,2.16,24,
occur,4.46,1.55,28,
occurrence,4.7,1.81,20,
ocean,5.88,2.64,76,
oceanic,5.57,2.25,21,
octopus,5.76,2.09,25,
ocular,5.42,1.68,19,
odd,5.42,1.74,24,
oddball,4.11,1.83,28,
odds,5.32,2.31,19,
ode,4.48,1.73,25,
odor,4.12,2.29,24,
odyssey,6.57,1.8,21,
oedipal,4.54,2.28,24,
offence,4.79,2.28,28,
offend,4.17,2.92,18,
offender,3.86,2.35,21,
offense,4.4,2.54,20,
offensive,5.17,2.48,24,
offer,5.44,2.01,18,
office,5.16,2.15,44,
officer,4.41,2.69,17,
official,5.45,2.56,22,
offset,4.75,2.15,24,
offshore,4.13,2.4,23,
offspring,6.35,2.35,20,
ogre,4.32,2.32,25,
oil,5.63,2.89,19,
oily,4.62,2.42,21,
oink,4.62,2.08,24,
ointment,5.0,2.17,26,
okra,6.24,2.23,21,
old,4.22,2.88,18,
olden,4.46,2.19,28,
oldie,5.63,2.01,19,
oldies,5.77,1.8,22,
olive,5.18,2.17,22,
omega,5.36,2.01,22,
omelet,6.35,2.23,20,
omen,3.59,2.2,22,
ominous,4.48,1.95,23,
omission,4.81,2.53,27,
onboard,6.78,1.74,27,
oncologist,4.48,2.45,25,
oncology,4.27,1.95,26,
oncoming,4.35,2.29,17,
one,5.56,2.45,18,
oneness,4.8,2.53,25,
ongoing,5.08,2.5,24,
onion,4.78,1.98,23,
onset,4.62,2.14,24,
onstage,4.94,2.39,18,
oodles,5.35,2.58,20,
oomph,5.07,2.15,27,
ooze,3.44,1.64,25,
op,5.26,2.36,23,
opal,5.26,2.21,27,
open,6.17,1.79,18,
opener,5.67,1.93,24,
opening,6.68,2.11,19,
openness,5.86,1.9,21,
opera,6.25,1.7,24,
operate,5.78,1.91,23,
operation,3.78,1.86,18,
operational,5.81,2.23,21,
operative,6.05,1.96,21,
operator,4.74,2.16,19,
opiate,5.12,2.38,24,
opinion,6.28,1.94,43,
opinionated,5.54,2.28,26,
opium,4.68,2.14,19,
opponent,5.8,1.58,20,
opportunity,7.11,2.02,19,
oppose,5.74,2.18,19,
opposing,4.27,2.19,22,
opposite,4.95,1.84,22,
opposition,4.0,1.89,24,
oppressed,3.81,2.53,27,
oppression,2.94,2.16,17,
oppressive,3.43,2.39,23,
oppressor,3.0,1.38,22,
ops,4.73,1.8,22,
opt,6.32,2.08,22,
optic,5.32,1.84,25,
optical,5.12,2.13,24,
optics,5.32,2.1,22,
optimism,6.9,2.08,48,
optimist,6.78,2.18,18,
optimistic,7.0,2.06,24,
optimum,5.55,2.69,22,
option,6.36,1.95,44,
optional,7.11,1.65,27,
oracle,4.07,2.13,27,
oral,4.56,2.03,16,
orange,5.58,2.36,24,
orange juice,5.91,2.27,22,
orangutan,4.0,1.91,19,
orb,5.48,2.14,21,
orbit,5.06,2.92,18,
orbital,5.48,2.33,23,
orchard,5.5,2.6,34,
orchestra,5.76,2.24,99,
orchid,5.58,2.26,24,
ordeal,4.65,2.44,23,
order,6.56,1.82,16,
orderly,6.38,1.94,21,
ordinance,4.67,1.91,21,
ordinary,5.89,1.87,27,
ordnance,5.09,2.49,22,
ore,4.92,2.02,24,
oregano,5.16,1.83,19,
organ,5.55,2.06,20,
organic,6.17,2.32,24,
organism,5.22,1.95,23,
organist,5.2,1.68,25,
organization,5.96,2.09,26,
organize,6.95,1.39,20,
organizer,6.96,2.17,28,
orgasm,5.84,2.62,80,
orgy,5.26,2.79,19,
oriental,5.45,2.02,22,
orientation,5.58,1.77,24,
orifice,4.45,2.16,20,
origami,6.17,2.36,18,
origin,5.29,2.33,21,
original,7.16,1.71,19,
originality,6.3,2.27,23,
ornament,5.39,2.19,23,
ornery,5.19,2.24,32,
orphan,3.48,2.05,27,
orphanage,4.0,2.18,20,
orphaned,2.91,1.93,22,
orthodontist,4.22,2.31,36,
orthodox,4.75,2.03,28,
orthopedic,4.63,1.98,19,
ostentatious,4.4,2.37,35,
ostrich,4.11,2.16,19,
other,6.0,2.09,18,
otter,5.19,2.09,21,
ought,4.39,1.91,18,
ounce,5.26,2.12,27,
outage,3.0,1.83,19,
outback,4.55,1.5,22,
outbid,5.22,2.74,36,
outboard,5.25,2.44,24,
outbreak,3.4,1.73,20,
outburst,4.25,2.69,24,
outcast,3.81,1.83,26,
outcome,6.37,1.71,19,
outdated,4.0,2.31,25,
outdo,6.9,1.61,21,
outdoor,5.2,2.14,20,
outdoors,6.2,2.36,76,
outer,5.19,1.69,21,
outfit,6.64,1.84,22,
outgoing,5.65,2.6,23,
outgrow,5.18,2.34,22,
outhouse,4.59,2.15,27,
outing,6.16,1.77,19,
outlaw,4.1,2.19,21,
outlet,6.31,2.09,26,
outline,5.8,2.19,20,
outlive,5.15,1.76,26,
outlook,6.12,2.11,25,
outnumber,4.56,2.26,25,
outpatient,5.6,2.3,20,
outpost,6.06,2.21,18,
output,6.21,2.08,24,
outrage,4.8,2.66,44,
outraged,4.47,2.39,19,
outrageous,4.56,2.57,18,
outrank,5.73,1.98,22,
outreach,5.74,2.08,19,
outrun,5.0,2.61,23,
outsider,5.17,2.83,18,
outskirts,4.88,1.11,17,
outsmart,7.38,1.66,21,
outspoken,6.14,2.44,22,
outstanding,6.86,1.49,44,
outstretched,4.8,1.85,25,
outweigh,5.33,2.03,21,
outwit,6.89,1.71,28,
oval,5.54,2.0,24,
ovary,5.14,2.14,22,
ovation,7.05,2.01,20,
oven,6.04,1.97,23,
overactive,4.27,2.47,22,
overall,4.81,1.64,27,
overbearing,4.26,2.6,34,
overcast,4.19,2.39,54,
overcoat,5.77,2.09,22,
overcome,6.32,2.46,22,
overcrowded,3.15,2.37,20,
overdo,4.88,1.88,25,
overdose,3.16,2.67,19,
overdrive,5.53,2.39,19,
overdue,4.37,2.34,27,
overestimate,4.41,1.87,22,
overflow,4.32,2.98,22,
overgrown,4.86,2.49,22,
overhaul,6.21,2.0,24,
overhear,5.21,2.06,24,
overheated,3.87,2.18,23,
overjoyed,6.78,1.95,23,
overkill,4.69,2.26,26,
overlap,5.61,2.12,18,
overlapping,4.92,1.64,24,
overlay,4.54,1.71,28,
overload,4.79,2.06,24,
overlook,5.1,2.28,21,
overlord,4.42,2.93,19,
overpass,5.32,2.29,19,
overpower,5.58,2.78,19,
overpriced,3.93,1.88,27,
overprotective,4.85,2.37,20,
overrated,4.81,1.92,26,
overreact,4.48,2.47,23,
override,6.0,2.4,25,
overriding,5.11,1.97,18,
overrun,3.38,1.8,21,
oversee,5.42,2.59,24,
overseer,5.11,2.67,35,
oversight,5.32,2.36,19,
oversized,4.44,1.79,18,
overtake,5.39,2.73,28,
overthrow,5.39,2.73,18,
overtime,5.47,2.61,34,
overture,5.77,2.25,22,
overview,5.38,2.53,24,
overweight,3.57,2.75,21,
overwhelm,4.24,2.5,25,
overwhelmed,2.7,1.81,44,
overwhelming,2.61,1.42,28,
overworked,4.36,2.59,22,
overwrought,4.11,2.31,19,
overzealous,5.19,2.2,27,
owe,3.17,1.92,18,
owl,5.02,2.14,44,
owner,6.59,2.46,22,
ownership,7.53,1.71,19,
ox,5.81,1.91,21,
oxide,4.39,1.79,28,
oxygen,5.69,2.41,26,
oyster,5.18,2.46,22,
ozone,5.25,2.45,24,
pace,6.11,2.3,18,
pacemaker,5.1,2.69,20,
pacifier,5.11,2.45,18,
pacifist,5.46,2.6,24,
pacify,5.32,2.95,22,
pack,6.05,2.84,19,
package,5.17,1.99,23,
packaging,5.36,2.0,28,
packer,4.86,1.98,21,
packet,5.55,1.74,22,
pact,6.0,2.49,19,
pad,5.45,2.4,22,
padded,5.56,2.48,18,
padding,4.88,2.26,25,
paddle,5.43,1.83,21,
paddle boat,6.44,2.29,27,
padlock,5.16,2.36,25,
padre,5.0,2.23,28,
pagan,4.81,2.48,36,
page,6.37,2.43,19,
pageant,4.88,1.96,25,
pager,5.16,1.86,19,
paging,6.19,2.06,21,
pagoda,5.52,1.58,25,
pail,5.08,1.78,25,
pain,3.47,2.09,38,
painful,3.83,2.67,23,
painkiller,4.67,2.59,21,
painless,5.72,2.78,25,
paint,6.56,1.68,43,
paintball,4.48,2.26,25,
paintbrush,5.74,2.28,23,
painter,5.71,1.92,24,
painting,7.32,1.86,19,
pair,6.68,2.19,19,
paisley,5.32,2.29,28,
pajama,6.54,2.13,35,
pal,5.11,1.81,18,
palace,5.4,2.13,45,
palate,4.8,1.66,25,
pale,4.18,2.13,22,
paleontology,5.59,2.02,22,
palette,5.76,2.14,17,
pallet,5.95,1.99,20,
palm,5.83,2.06,23,
palomino,4.38,1.72,21,
palpable,5.37,2.29,19,
pamper,6.18,2.06,22,
pamphlet,5.12,2.05,42,
pan,6.0,1.85,25,
pancake,5.53,2.09,19,
pancakes,6.9,2.31,20,
pancreas,5.0,2.54,18,
panda,5.14,1.71,21,
pandemonium,3.77,2.76,22,
pane,4.85,1.81,20,
panel,5.0,2.47,22,
pang,3.88,1.76,25,
panhandle,4.09,1.85,22,
panic,2.65,2.06,23,
panicky,4.13,2.1,23,
pansy,4.05,2.57,19,
pant,4.56,1.65,18,
pantheon,5.04,2.09,26,
panther,4.4,2.2,25,
panties,4.95,2.78,21,
pantry,6.14,1.96,21,
pants,6.29,2.12,21,
panty,5.35,2.69,23,
pantyhose,5.44,2.79,27,
pap,4.11,2.16,19,
papa,6.37,2.63,19,
papaya,5.58,2.17,19,
paper,5.64,2.3,61,
paperback,5.48,2.34,21,
paperboy,5.32,1.91,22,
paperweight,5.62,2.1,24,
paperwork,5.23,2.18,26,
paprika,5.69,1.89,26,
par,5.67,2.26,24,
parachute,4.09,2.11,22,
parade,5.78,2.37,23,
paradigm,5.0,2.51,34,
paradise,7.9,1.58,21,
paradox,4.26,1.91,19,
paraffin,5.29,2.29,24,
paragraph,5.1,1.7,21,
parakeet,4.55,2.22,22,
paralegal,5.47,2.04,19,
parallel,5.56,2.28,18,
paralysis,2.9,2.15,20,
paralyze,3.05,2.61,20,
paramedic,4.5,2.35,28,
paramedics,3.82,1.87,22,
paramilitary,4.79,2.72,19,
paranoia,4.56,2.66,25,
paranoid,3.81,2.58,26,
paranormal,4.25,2.67,20,
paraphernalia,4.59,2.04,22,
paraplegic,2.6,1.71,25,
parasite,3.08,1.41,25,
parasitic,2.71,1.63,24,
parasol,4.91,2.27,22,
parcel,5.83,1.72,18,
parched,4.38,2.18,21,
parchment,5.23,2.31,22,
pardon,5.0,2.28,18,
parent,5.0,2.8,16,
parental,5.93,2.61,28,
parenthood,5.38,2.98,24,
parenting,6.27,2.49,22,
pariah,4.56,2.77,18,
parish,5.57,2.48,23,
park,5.56,1.98,18,
parka,5.86,1.75,22,
parking,6.47,2.46,19,
parkinsons,3.3,2.49,20,
parlay,5.38,2.22,24,
parliament,4.08,2.06,25,
parlor,5.29,1.9,24,
parmesan,5.58,2.12,19,
parody,5.52,2.29,25,
parole,4.38,2.06,21,
parrot,4.25,2.29,20,
parsley,4.26,2.14,23,
part,5.21,1.87,19,
partake,6.8,1.99,20,
partial,5.59,2.48,22,
participant,6.43,1.78,23,
participate,6.42,2.39,24,
participation,6.3,1.88,27,
particle,4.59,2.42,22,
particular,7.53,1.58,19,
parting,4.91,2.45,23,
partition,5.39,1.95,23,
partner,6.0,2.25,18,
partnership,6.33,2.08,27,
partridge,4.55,1.77,22,
party,5.92,2.19,75,
pass,4.78,2.13,18,
passage,5.68,2.17,93,
passageway,5.42,1.38,24,
passenger,4.0,2.31,19,
passion,6.23,2.37,102,
passionate,6.62,2.37,34,
passive,5.64,2.38,22,
passkey,5.53,2.43,17,
passport,5.32,2.06,22,
password,6.39,2.36,28,
past,5.18,2.56,17,
pasta,5.98,2.1,99,
paste,5.84,1.95,25,
pastime,5.48,2.06,25,
pastor,5.38,1.53,21,
pastrami,5.74,2.13,19,
pastry,5.61,2.14,36,
pasture,5.75,2.19,24,
pasty,4.47,2.35,17,
patch,4.4,2.0,25,
patent,5.79,2.08,101,
patented,5.11,2.42,19,
paternal,5.59,2.17,22,
paternity,5.32,2.82,22,
path,4.62,1.65,26,
pathetic,3.18,2.04,17,
pathological,4.0,2.62,22,
pathologist,4.55,2.67,20,
pathology,4.83,2.08,24,
pathway,6.23,2.07,22,
patience,7.18,1.56,22,
patient,4.83,2.04,18,
patio,5.64,1.82,25,
patriot,6.09,2.19,43,
patriotic,6.69,2.33,26,
patriotism,6.23,2.45,22,
patrol,5.27,3.09,22,
patrolman,4.04,1.92,23,
patron,6.11,2.21,27,
patronize,5.73,2.51,22,
patronizing,4.68,2.19,22,
patter,5.17,1.95,23,
pattern,5.39,2.57,23,
pauper,3.85,1.9,20,
pause,6.35,1.67,23,
pave,5.04,1.43,25,
pavement,4.65,2.29,23,
pavilion,5.25,2.07,28,
paw,5.56,2.04,18,
pawn,5.16,2.91,25,
pawnshop,4.5,2.06,22,
pay,6.33,2.02,15,
payable,6.15,2.05,27,
payback,5.88,2.01,24,
paycheck,6.62,2.31,21,
payday,5.54,2.52,26,
payload,5.64,2.24,22,
payment,5.19,2.37,16,
payoff,5.42,2.34,19,
payout,6.05,1.77,21,
payphone,6.0,2.49,20,
payroll,5.11,2.72,18,
pea,5.0,2.47,23,
peace,7.17,2.19,48,
peaceful,6.84,2.49,25,
peacekeeper,6.32,2.34,22,
peacetime,6.21,2.37,33,
peach,5.74,1.91,19,
peachy,5.93,2.19,28,
peak,6.48,2.23,21,
peanut,5.74,2.23,19,
peanuts,5.45,1.9,22,
pear,5.71,2.31,24,
pearl,5.94,2.16,17,
pearly,5.04,1.84,26,
peas,5.72,2.17,25,
peasant,4.92,2.4,25,
pebble,4.67,1.76,24,
pecan,5.05,2.42,20,
pecker,4.82,1.97,22,
peculiar,5.67,1.96,21,
pedal,6.06,1.64,17,
peddle,5.22,2.37,23,
peddler,4.0,1.6,19,
pedestal,5.26,2.28,27,
pedestrian,5.65,1.99,23,
pediatric,5.38,2.11,21,
pediatrician,5.32,2.3,22,
pediatrics,4.73,2.35,22,
pedicure,6.05,2.46,20,
pedigree,5.59,1.97,22,
pedophile,3.37,2.04,27,
pee,5.91,2.68,23,
peek,5.57,1.95,28,
peekaboo,5.24,2.35,25,
peel,5.57,2.03,28,
peep,4.96,2.42,24,
peeper,4.41,1.84,22,
peephole,4.81,2.96,21,
peer,6.05,2.26,20,
peeved,5.22,2.34,27,
pelican,4.96,1.9,24,
pellet,5.67,2.24,21,
pelvic,4.39,1.75,28,
pelvis,5.16,1.84,25,
pen,6.17,2.04,23,
penal,3.45,1.77,22,
penalty,3.7,2.17,43,
penance,4.9,2.51,21,
penchant,5.14,2.01,21,
pencil,6.03,2.34,40,
pendant,5.68,2.43,34,
pending,5.4,1.9,20,
pendulum,4.13,2.22,23,
penetrate,5.41,2.22,22,
penetration,5.41,2.81,22,
penguin,4.86,2.51,28,
penicillin,4.64,2.11,22,
penile,4.79,2.23,19,
peninsula,4.5,2.3,22,
penis,6.21,2.44,19,
penitent,4.37,2.34,19,
penitentiary,3.43,2.5,21,
penmanship,6.67,2.09,18,
pennant,5.75,1.78,24,
penniless,5.6,3.01,25,
penny,5.4,2.34,35,
pension,4.77,2.65,22,
pentagram,4.24,2.36,17,
penthouse,5.82,2.38,78,
people,5.4,2.19,95,
pep,5.86,1.93,22,
pepper,5.75,2.15,20,
peppermint,6.05,1.84,22,
pepperoni,5.54,1.64,28,
peppy,5.81,1.78,21,
Pepsi,5.32,1.76,22,
peptide,4.69,1.85,16,
perceive,6.0,1.92,26,
percent,5.5,1.41,22,
percentage,6.22,2.1,18,
percentile,5.24,2.26,34,
perception,6.2,2.42,25,
perceptive,6.95,1.99,21,
perch,5.26,2.43,34,
percussion,5.62,2.36,24,
perfect,6.53,2.32,17,
perfection,6.42,2.12,24,
perfectionist,6.75,1.77,20,
perfecto,5.71,2.32,28,
perform,5.82,2.58,22,
performance,6.95,1.63,21,
performer,6.84,1.92,19,
perfume,5.71,2.17,48,
perfumed,6.25,2.09,24,
peril,3.12,1.62,25,
perilous,3.52,2.33,25,
perimeter,5.85,2.05,26,
period,6.0,2.85,19,
periodic,4.59,1.59,22,
peripheral,5.52,1.86,23,
periscope,5.3,2.15,20,
perish,3.35,2.31,23,
perjury,4.35,2.52,20,
perk,5.89,1.52,19,
perky,5.75,2.05,20,
perm,5.07,1.82,28,
permanent,4.32,2.98,22,
permissible,6.12,2.46,34,
permission,5.84,2.83,19,
permit,4.68,1.67,19,
peroxide,5.2,1.91,25,
perpetrator,3.48,2.2,21,
perpetual,5.36,2.2,25,
persecute,4.09,2.78,22,
persecution,3.13,1.91,23,
perseverance,6.89,2.15,27,
persist,6.44,1.97,27,
persistence,6.0,1.63,25,
persistent,6.24,2.17,21,
person,6.0,1.91,23,
persona,6.19,2.02,21,
personal,4.72,2.08,18,
personality,6.71,1.85,24,
personnel,5.45,2.09,22,
perspective,6.36,1.79,22,
perspiration,4.57,2.13,23,
persuade,6.0,2.55,17,
persuasion,5.73,2.6,22,
persuasive,5.37,2.31,19,
pert,5.14,1.93,21,
pertinent,5.5,1.99,36,
perverse,4.9,2.32,21,
perversion,3.85,2.41,20,
pervert,2.82,1.79,22,
perverted,3.96,2.36,23,
pesky,4.67,2.09,27,
pessimist,4.33,2.59,36,
pessimistic,4.0,2.37,22,
pest,4.36,2.31,25,
pester,4.04,2.18,24,
pestilence,4.33,2.43,18,
pestle,5.06,2.04,18,
pesto,5.57,1.83,21,
pet,5.61,2.43,49,
petal,5.43,2.22,28,
petite,5.37,1.83,19,
petition,5.54,2.72,24,
petitioner,6.24,2.14,21,
petrified,3.58,2.04,19,
petrol,4.55,2.33,20,
petroleum,5.35,2.21,23,
petticoat,5.48,1.6,21,
petty,4.67,2.56,36,
petunia,5.64,1.89,22,
pew,5.44,2.94,18,
peyote,4.29,1.98,21,
phantom,4.46,1.86,24,
pharaoh,5.52,2.1,25,
pharmaceutical,5.0,2.57,18,
pharmacist,6.0,2.41,22,
pharmacy,6.05,2.52,21,
phase,4.93,1.97,44,
pheasant,5.69,2.15,32,
phenomenal,6.04,1.92,24,
phenomenon,5.05,2.44,22,
pheromone,4.32,2.39,28,
phi,5.17,1.97,24,
philanthropist,6.0,2.33,22,
philistine,4.86,2.27,22,
philosopher,6.58,1.71,19,
philosophical,5.39,2.1,28,
philosophy,6.6,2.27,25,
phlegm,4.0,1.93,24,
phobia,3.65,2.48,23,
phone,4.44,2.23,18,
phonograph,5.5,1.77,22,
phony,4.09,2.6,22,
phooey,4.59,1.79,22,
phosphate,4.61,2.37,23,
phosphorus,4.33,1.98,21,
photo,6.05,1.83,21,
photogenic,5.91,2.47,22,
photograph,5.8,2.17,20,
photographer,5.65,2.28,20,
photographic,5.58,1.91,24,
photography,6.2,2.33,20,
photon,4.64,1.43,22,
phrase,5.12,1.62,24,
physical,7.26,2.0,19,
physical therapist,4.4,2.18,25,
physician,5.23,2.14,26,
physicist,5.7,2.09,27,
physics,5.16,1.98,19,
physiological,4.86,2.15,21,
physiology,5.24,1.56,25,
physique,6.0,2.22,23,
pi,4.85,1.78,26,
pianist,5.56,2.08,25,
piano,5.42,1.75,26,
piazza,5.26,2.28,23,
piccolo,4.96,1.72,23,
pick,5.94,1.83,18,
picker,4.76,2.2,25,
picket,5.45,2.76,22,
pickle,5.84,2.01,19,
pickled,5.12,2.33,24,
pickpocket,3.6,2.44,20,
pickup,6.5,1.96,20,
picky,6.04,1.99,27,
picnic,6.1,2.4,20,
picture,6.12,2.0,16,
pictures,6.72,1.56,18,
picturesque,5.8,2.0,25,
pie,6.29,1.87,62,
piece,5.11,2.19,18,
pier,6.14,2.5,21,
piety,4.08,2.02,25,
pig,5.04,2.12,48,
pigeon,5.04,2.18,23,
piggy,5.07,2.35,27,
piggyback,4.91,2.02,22,
pigheaded,4.82,2.54,28,
piglet,5.75,2.31,20,
pigskin,5.15,1.98,20,
pigsty,4.05,2.22,21,
pike,5.5,2.24,20,
pile,5.57,1.12,23,
pileup,4.14,2.15,36,
pilgrim,5.0,1.63,19,
pilgrimage,4.9,2.22,20,
pill,4.88,2.44,24,
pillage,3.79,1.96,19,
pillar,4.89,2.45,35,
pillbox,5.86,2.43,21,
pillow,6.34,1.9,103,
pillowcase,6.32,2.12,25,
pilot,6.16,2.65,19,
pimp,4.22,2.69,18,
pimple,4.09,3.19,22,
pin,5.76,1.61,21,
pinball,6.07,2.04,27,
pinch,4.77,2.36,44,
pine,4.95,2.28,20,
pineapple,5.65,1.87,20,
ping,5.38,2.11,21,
pinhead,4.86,1.75,22,
pink,6.74,2.51,19,
pinkie,5.08,1.96,25,
pinnacle,5.92,1.84,24,
pinot,5.28,2.09,25,
pinpoint,6.48,2.38,21,
pint,5.18,2.02,22,
pinto,5.37,2.01,19,
pinup,5.29,1.76,24,
pioneer,6.31,1.72,26,
pious,4.25,2.45,24,
pipe,5.92,1.74,26,
pipeline,4.76,2.24,34,
piping,5.85,1.62,26,
pipsqueak,4.36,2.5,22,
piracy,4.38,2.73,21,
piranha,4.16,2.98,25,
pirate,3.81,2.5,21,
piss,5.63,2.52,19,
pisser,4.85,2.56,26,
pistachio,5.48,1.81,21,
pistol,4.53,2.65,60,
piston,5.55,2.48,20,
pit,4.04,2.18,24,
pita,6.05,2.15,22,
pitch,5.75,1.71,20,
pitcher,6.08,2.12,26,
pitchfork,4.6,2.44,20,
pithy,5.4,1.82,20,
pitiful,3.45,1.84,22,
pituitary,4.91,1.76,23,
pity,4.52,2.31,50,
pivot,5.87,2.03,23,
pivotal,5.52,1.74,27,
pixie,4.86,1.78,28,
pizza,5.47,2.48,19,
pizzazz,5.42,1.8,19,
pizzeria,5.86,2.2,21,
place,6.53,1.91,17,
placebo,4.58,2.12,19,
placement,6.2,1.96,20,
placenta,4.64,2.27,36,
placid,5.68,1.67,19,
plague,2.96,1.85,23,
plaid,5.64,2.44,22,
plain,5.56,2.12,101,
plainclothes,4.32,1.97,25,
plaintiff,4.25,1.92,20,
plan,6.28,1.93,18,
plane,5.07,2.35,45,
planet,6.11,2.51,19,
planetarium,4.71,1.9,21,
planetary,4.81,2.33,36,
plank,6.05,2.13,21,
plankton,4.41,2.13,22,
planner,5.83,2.33,24,
plant,6.45,1.96,20,
plantation,5.76,2.19,21,
planter,6.86,1.35,21,
plaque,5.32,2.42,22,
plasma,5.19,1.98,26,
plaster,4.89,2.09,36,
plastic,5.24,2.0,21,
plate,5.79,1.55,19,
plateau,5.63,1.57,19,
platform,6.42,1.89,19,
plating,6.33,2.03,21,
platinum,5.75,2.33,24,
platonic,5.52,1.95,23,
platoon,4.54,2.38,24,
platter,5.36,1.56,22,
plausible,5.5,2.06,20,
play,6.29,1.96,17,
playa,5.0,2.23,22,
playback,6.14,1.82,21,
playbook,6.43,1.8,21,
playboy,4.28,2.67,25,
player,5.68,2.6,19,
playful,6.81,2.04,16,
playground,6.32,1.77,25,
playhouse,5.7,2.09,27,
playmate,5.58,1.89,24,
playoff,6.36,1.92,22,
playpen,4.5,2.7,22,
playroom,6.38,2.09,21,
plaything,5.3,2.24,23,
playtime,6.96,1.55,23,
playwright,6.42,1.8,19,
plaza,4.96,2.33,23,
plea,4.93,2.48,27,
plead,3.42,1.32,24,
pleasant,6.7,2.0,27,
pleased,6.84,2.57,19,
pleasing,6.15,2.09,26,
pleasurable,6.76,2.35,25,
pleasure,7.18,1.33,22,
pledge,6.0,1.95,20,
pliers,5.76,2.43,21,
plight,4.8,2.5,20,
plop,5.24,1.58,21,
plot,5.29,2.26,21,
plow,6.26,1.88,19,
ploy,4.84,2.61,19,
pluck,5.73,2.31,22,
plucky,5.11,1.59,19,
plug,5.67,2.14,18,
plum,5.26,2.33,27,
plumber,5.59,2.27,27,
plumbing,5.5,2.04,26,
plume,4.77,2.52,22,
plummet,3.31,1.69,26,
plump,5.22,1.73,23,
plunder,4.46,2.48,24,
plunge,3.89,2.02,19,
plunger,5.2,2.06,25,
plural,5.78,2.3,23,
plush,5.62,2.2,24,
plutonium,4.15,2.7,20,
plywood,5.05,2.19,20,
pneumatic,4.67,2.42,21,
pneumonia,2.91,2.4,34,
poacher,4.67,2.7,18,
pocket,6.37,2.52,19,
pocketbook,6.42,2.02,24,
pocketful,6.36,1.73,22,
pod,5.11,1.56,19,
podium,4.61,2.31,23,
poem,6.31,1.98,36,
poet,5.84,2.39,19,
poetic,6.32,1.41,25,
poetry,5.83,2.05,47,
pogo,4.95,2.28,22,
poignant,6.44,1.85,18,
point,6.27,1.58,15,
pointer,6.12,2.03,24,
pointless,3.75,1.97,28,
pointy,5.04,2.46,27,
poise,6.2,2.31,20,
poison,3.38,2.37,98,
poisoning,3.74,2.62,19,
poisonous,4.0,2.38,20,
poke,6.74,1.66,19,
poker,5.67,2.32,27,
polar,4.1,1.79,21,
pole,4.59,1.53,22,
police,3.44,2.12,18,
police officer,4.05,2.54,21,
policeman,5.76,2.28,17,
policewoman,5.12,2.23,24,
policy,6.11,2.38,19,
polio,3.44,2.36,25,
polish,6.38,1.88,24,
polite,7.4,1.7,20,
politeness,7.05,1.85,20,
political,4.08,2.7,24,
politician,4.1,2.36,21,
politics,3.42,2.65,24,
polka,5.04,2.5,23,
poll,5.4,2.14,20,
pollen,3.53,2.59,19,
polling,5.91,1.57,22,
pollute,4.47,2.44,19,
pollution,4.16,2.25,25,
polo,4.6,2.19,20,
poltergeist,4.05,2.76,20,
polyester,5.0,2.13,24,
polygraph,4.87,2.3,23,
polymer,5.08,1.63,25,
pomp,4.87,2.22,23,
pompous,3.9,1.94,20,
poncho,5.71,2.41,21,
pond,5.95,1.86,22,
ponder,5.62,2.48,21,
pong,5.6,2.09,20,
pony,5.9,1.97,20,
ponytail,5.52,2.96,21,
pooch,4.81,2.53,26,
poodle,6.38,1.96,21,
poof,4.73,1.96,22,
pool,6.39,2.09,18,
poop,4.48,3.01,33,
poor,4.0,2.56,16,
pop,5.68,1.89,19,
popcorn,5.39,1.88,18,
pope,4.24,2.34,21,
Pope,3.84,2.41,19,
popper,4.91,1.95,23,
poppycock,4.6,2.16,20,
popsicle,6.12,2.62,25,
popular,5.19,2.5,21,
popularity,5.89,2.45,18,
population,4.24,2.23,21,
porcelain,5.24,1.89,21,
porch,6.11,2.44,27,
porcupine,4.89,2.45,36,
pore,4.89,2.02,19,
pork,5.85,1.79,20,
porker,4.52,2.31,23,
porky,4.3,2.4,33,
porn,3.82,2.34,28,
porno,5.52,2.27,21,
pornographic,6.21,1.87,19,
pornography,4.14,2.49,22,
porridge,4.52,2.27,23,
port,5.92,2.2,25,
portable,6.86,2.01,22,
portal,5.23,2.18,22,
porterhouse,5.57,1.67,28,
portfolio,5.32,2.02,28,
porthole,5.45,2.58,20,
portion,5.05,2.07,19,
portrait,7.0,2.13,20,
portray,6.11,2.08,18,
pose,6.3,2.47,20,
posh,5.45,2.06,22,
position,4.72,1.81,18,
positioning,5.94,2.19,17,
positive,7.26,1.82,19,
posse,5.77,1.77,22,
possess,5.59,2.65,22,
possession,5.47,2.61,19,
possessive,5.26,2.67,23,
possibility,5.77,1.69,22,
possible,6.0,1.77,17,
possum,4.57,2.11,21,
post,6.32,2.43,19,
postage,4.36,1.84,22,
postal,4.83,2.15,23,
postcard,6.08,2.21,24,
poster,5.95,1.5,22,
posterior,5.12,1.48,25,
posterity,5.62,1.76,24,
postman,4.79,2.15,24,
postmortem,3.32,2.04,25,
postpone,4.76,1.99,17,
postponement,5.37,2.36,19,
posture,5.71,2.34,17,
pot,6.0,1.98,25,
potassium,5.16,2.37,25,
potato,5.46,2.11,24,
potatoes,5.95,2.38,22,
potency,6.37,2.5,19,
potent,5.91,2.15,34,
potential,6.47,2.4,17,
pothead,3.84,2.34,19,
pothole,4.33,2.41,36,
potion,4.96,2.38,27,
potluck,5.29,2.33,21,
potpourri,5.46,2.23,24,
potted,4.9,2.05,20,
pottery,6.0,2.15,20,
potty,5.39,2.91,18,
pouch,4.68,2.11,19,
poultry,5.67,2.52,21,
pounce,5.52,2.42,21,
pound,6.11,2.58,19,
pounding,4.0,2.65,19,
pour,5.35,2.42,17,
pout,5.52,2.33,25,
pouty,5.33,3.01,18,
poverty,3.16,2.21,44,
powder,6.05,2.35,20,
powdered,5.23,1.93,22,
power,6.17,2.89,48,
powerful,6.95,2.04,42,
powerhouse,5.96,2.42,24,
powerless,3.04,2.67,27,
powwow,5.39,2.19,23,
pox,3.36,2.24,22,
practical,6.04,2.24,24,
practice,6.11,2.05,18,
practitioner,5.3,2.62,20,
pragmatic,5.45,1.9,20,
prairie,5.38,1.71,24,
praise,6.57,1.8,21,
prance,6.1,2.3,21,
prank,4.74,2.42,19,
prawn,4.76,1.61,25,
pray,6.58,2.67,19,
prayer,6.37,2.5,19,
praying mantis,4.36,2.5,25,
preach,5.68,2.5,19,
preacher,4.85,2.25,20,
precarious,3.94,1.64,17,
precaution,6.12,2.49,24,
precautionary,5.0,2.31,19,
precedence,6.11,2.13,19,
precedent,4.86,2.17,22,
precinct,4.88,2.07,25,
precious,5.75,2.08,28,
precipice,3.79,1.93,19,
precise,6.17,2.23,35,
precision,6.77,1.54,22,
precocious,4.81,2.18,21,
predator,3.86,2.51,22,
predatory,4.32,2.38,19,
predecessor,4.6,2.5,20,
predicament,3.95,1.65,19,
predict,5.23,2.46,35,
predictable,6.64,2.27,25,
prediction,5.5,2.18,36,
preemptive,5.39,2.02,23,
preface,4.77,1.85,22,
prefect,6.04,2.52,25,
prefer,6.89,2.08,19,
preferable,6.26,1.89,23,
preference,7.27,1.64,22,
preferential,5.38,1.96,21,
prefix,4.85,1.67,26,
pregnancy,4.56,2.71,16,
pregnant,4.06,2.21,18,
prehistoric,4.5,2.41,22,
prejudice,3.81,2.4,26,
prejudiced,3.79,2.7,24,
prejudicial,4.3,2.58,23,
prelim,5.14,1.28,21,
preliminary,5.37,2.19,19,
prelude,5.57,2.13,23,
premarital,5.86,2.39,21,
premature,4.4,2.47,25,
premed,5.71,1.76,24,
premier,5.48,1.9,23,
premiere,5.45,2.24,22,
premise,4.86,2.03,21,
premises,5.63,1.57,19,
premium,5.86,2.24,21,
premonition,5.3,2.01,23,
prenatal,4.18,2.11,22,
prenuptial,5.77,2.41,22,
preoccupied,4.24,2.17,21,
prep,6.45,1.57,20,
preparation,6.57,1.83,21,
prepare,7.26,2.08,19,
preposterous,5.14,2.07,36,
preppy,6.05,1.96,19,
prerogative,6.32,1.92,19,
preschool,4.54,2.59,28,
prescribe,5.71,1.7,28,
prescription,5.0,2.07,21,
presence,5.59,1.62,22,
present,6.65,2.03,20,
presentable,6.08,1.86,24,
presentation,4.62,2.22,21,
presenter,5.57,2.42,21,
preservation,6.0,2.59,24,
preserve,6.0,2.41,24,
presidency,4.96,2.62,28,
president,4.38,2.73,16,
President,4.52,2.54,21,
presidential,5.18,2.81,17,
press,4.78,1.73,18,
pressure,4.4,2.24,25,
prestige,6.79,2.0,38,
prestigious,6.27,2.29,22,
presume,5.73,2.07,22,
presumption,5.69,1.64,26,
presumptuous,4.81,1.89,21,
pretend,5.58,2.85,19,
pretender,4.77,2.2,26,
pretense,4.86,2.13,21,
pretentious,5.29,1.87,21,
pretext,4.92,2.22,24,
pretty,6.7,1.56,20,
pretzel,5.69,2.12,36,
prevail,6.58,2.12,19,
prevailing,5.65,2.41,20,
prevent,6.21,1.96,24,
prevention,5.16,1.86,19,
preview,5.48,2.06,23,
previous,5.12,2.19,24,
prey,3.24,2.14,17,
price,4.61,1.69,18,
priceless,6.76,1.76,21,
pricey,3.54,2.25,24,
prick,4.58,2.54,38,
prickly,4.76,2.02,21,
pride,5.83,2.94,18,
priest,5.82,2.04,22,
priestess,5.3,2.13,20,
priesthood,4.96,2.39,27,
prig,4.55,1.7,20,
prima,6.24,2.0,21,
primal,4.52,2.52,23,
primary,6.35,2.3,20,
primate,4.18,1.94,28,
prime,6.33,2.24,21,
primer,5.69,1.64,26,
primitive,3.38,1.97,24,
primordial,5.58,2.34,24,
primrose,5.59,2.34,22,
prince,4.39,2.57,18,
princess,5.74,2.98,19,
principal,5.26,1.56,19,
principle,5.48,2.06,23,
principles,6.63,2.56,19,
print,6.67,1.65,21,
printer,6.11,2.08,27,
printing,5.09,1.41,22,
printout,5.72,1.81,36,
prior,5.17,2.01,24,
prioritize,6.55,2.58,20,
priority,5.92,2.04,24,
prison,3.54,2.65,52,
prisoner,2.41,2.0,17,
prissy,5.7,2.37,27,
pristine,6.18,2.56,17,
privacy,6.9,1.89,20,
private,4.33,2.11,18,
privilege,6.0,2.69,17,
privileged,6.27,2.27,22,
privy,4.61,1.75,23,
prize,6.16,2.41,25,
prized,6.38,1.83,26,
pro,6.32,2.42,22,
proactive,7.32,1.34,19,
probability,5.12,2.03,24,
probable,5.38,1.99,21,
probate,4.76,1.76,21,
probation,3.67,2.5,18,
probe,4.18,2.33,34,
probing,4.44,2.35,25,
problem,4.94,2.3,17,
problematic,4.65,2.58,20,
procedural,4.36,2.19,22,
procedure,4.24,2.05,25,
proceed,6.38,2.04,24,
proceeds,5.92,2.06,24,
process,6.11,2.73,19,
processing,6.0,2.08,19,
procession,5.08,2.4,25,
processor,5.09,2.09,22,
proclaim,6.1,2.1,20,
proclamation,5.95,2.16,21,
procreate,5.64,2.33,25,
procreation,6.67,2.06,18,
proctologist,3.89,2.47,19,
procure,5.42,1.69,24,
prod,5.3,1.66,20,
prodigal,5.87,1.98,23,
prodigious,5.67,1.88,27,
prodigy,5.96,1.71,26,
produce,6.57,1.72,21,
producer,5.81,2.2,21,
product,6.04,2.12,27,
production,6.05,1.84,19,
productive,6.43,2.63,23,
productivity,6.58,2.02,26,
profane,3.91,1.9,23,
profanity,5.48,2.22,25,
profession,6.48,2.26,25,
professional,6.74,2.64,19,
professionalism,6.61,2.35,23,
professor,4.44,2.45,18,
proficiency,6.86,1.86,22,
proficient,6.43,2.11,23,
profile,5.32,1.91,25,
profiler,4.77,1.84,26,
profit,5.65,2.35,20,
profitable,5.76,1.99,17,
profound,5.4,2.6,25,
prognosis,5.14,2.46,22,
program,6.53,2.25,19,
programmer,5.8,2.35,20,
programming,6.24,2.41,17,
progress,6.55,2.11,22,
progression,6.18,1.97,22,
progressive,6.61,1.8,23,
prohibit,2.95,2.04,19,
prohibition,4.14,2.1,22,
project,7.63,1.61,19,
projectile,4.12,2.54,24,
projecting,4.92,1.98,25,
projection,5.05,1.81,22,
projector,5.24,2.19,17,
prologue,5.92,2.43,24,
prolong,4.45,2.09,20,
prolonged,5.0,2.02,28,
prom,5.09,1.93,22,
promenade,5.77,1.27,22,
prominent,5.55,1.76,20,
promiscuity,5.41,2.48,27,
promiscuous,4.9,2.02,20,
promise,6.47,1.96,15,
promising,6.33,1.93,21,
promo,6.24,1.51,21,
promote,6.08,1.57,26,
promoter,5.25,2.43,20,
promotion,6.0,2.29,19,
promotional,6.53,1.58,19,
prompt,5.92,2.22,25,
prone,5.4,1.79,20,
pronounce,5.84,1.77,25,
pronto,5.81,2.43,27,
pronunciation,6.38,1.6,26,
proof,7.05,2.17,19,
prop,5.0,2.13,23,
propaganda,3.42,2.24,19,
propane,5.6,2.16,20,
propeller,4.91,1.93,22,
proper,7.15,2.06,20,
property,6.68,1.8,19,
prophecy,4.7,2.85,20,
prophet,4.68,1.98,28,
prophetic,4.74,2.77,23,
proportion,5.68,1.63,19,
proposal,6.63,1.67,19,
propose,5.77,2.29,22,
proposition,6.18,1.92,22,
proprietary,5.44,2.36,27,
proprietor,5.5,2.15,24,
propriety,5.58,2.19,19,
propulsion,5.21,2.13,28,
prose,5.0,2.49,22,
prosecute,5.12,2.7,25,
prosecution,2.88,2.03,17,
prosecutor,5.12,2.2,26,
prospect,5.52,1.78,25,
prospective,5.75,1.74,20,
prospector,4.86,2.03,28,
prospectus,5.16,2.17,19,
prosper,5.11,2.18,19,
prosperity,6.55,2.04,22,
prosperous,6.76,1.35,17,
prostate,4.2,1.85,25,
prosthetic,5.05,2.33,20,
prostitute,3.91,2.57,23,
prostitution,4.68,2.82,25,
prostrate,4.32,2.32,22,
protect,5.83,2.53,18,
protected,6.04,2.46,55,
protection,6.71,2.03,21,
protective,6.61,1.87,28,
protector,6.21,2.39,28,
protein,5.08,1.84,24,
protest,4.93,2.54,28,
protestant,4.95,2.24,22,
protocol,4.05,2.44,22,
proton,4.32,1.91,28,
prototype,6.68,2.03,19,
proud,7.09,2.05,47,
prove,5.78,2.21,18,
proverb,6.14,1.93,22,
proverbial,5.25,2.0,20,
provide,5.96,1.92,23,
provider,6.32,2.45,28,
province,5.18,1.82,22,
provincial,5.0,2.17,23,
provision,6.14,2.08,21,
provisional,5.08,2.34,24,
provocation,4.32,1.97,25,
provocative,4.8,1.4,20,
provoke,5.23,2.42,26,
prowess,6.29,1.92,35,
prowl,5.04,2.01,28,
prowler,3.4,1.96,20,
proximal,5.42,1.64,19,
proximity,6.15,2.39,20,
proxy,4.41,2.06,22,
prude,4.12,2.07,24,
prudence,5.45,2.09,22,
prudent,5.95,2.63,19,
prune,5.55,2.78,20,
pruning,6.06,2.18,18,
pry,4.85,2.25,20,
psalm,5.5,2.22,22,
psi,6.25,1.82,24,
psoriasis,3.35,2.39,20,
psych,4.05,2.84,21,
psyche,4.59,1.73,17,
psychedelic,4.0,2.47,24,
psychiatric,4.76,2.72,34,
psychiatrist,4.1,2.4,20,
psychiatry,4.71,2.29,24,
psychic,5.43,2.42,21,
psycho,3.1,2.21,21,
psychoanalysis,3.83,1.67,23,
psychoanalyst,4.48,2.59,27,
psychobabble,5.26,2.6,23,
psychological,5.33,2.5,18,
psychologist,4.53,1.94,17,
psychology,4.38,2.16,26,
psychopath,3.52,2.34,27,
psychopathic,2.86,2.12,22,
psychosis,3.52,2.25,21,
psychosomatic,3.23,1.74,22,
psychotherapy,4.05,2.04,20,
psychotic,3.05,2.3,19,
pterodactyl,5.48,1.99,27,
pub,5.68,2.31,19,
puberty,3.6,2.2,25,
pubes,4.41,2.3,22,
pubic,6.09,2.18,22,
public,4.94,2.1,18,
publication,4.63,1.98,19,
publicist,6.08,2.08,24,
publicity,4.6,2.19,20,
publish,6.44,2.12,34,
publisher,5.54,1.68,26,
publishing,5.42,2.12,26,
puck,4.82,1.87,28,
pucker,5.56,2.1,16,
pudding,5.46,2.34,24,
puddle,4.73,2.45,33,
pudgy,3.18,2.04,22,
puff,5.71,2.51,24,
puffing,5.08,1.38,25,
puffy,5.05,2.2,19,
pug,5.9,2.15,20,
puke,3.09,1.63,22,
pull,6.0,2.03,17,
pulley,5.71,2.12,21,
pulmonary,4.79,1.99,19,
pulp,4.18,1.54,28,
pulpit,4.92,2.27,25,
pulsar,4.76,2.51,17,
pulse,4.77,2.33,22,
pump,5.74,1.79,19,
pumpkin,5.35,2.08,20,
pun,5.68,1.76,22,
punch,5.26,2.83,19,
punchy,3.96,1.71,28,
punctual,6.85,2.35,20,
punctuality,5.84,2.03,25,
punctuation,5.58,2.45,24,
puncture,5.35,2.25,20,
pungent,4.37,2.38,43,
punish,3.81,2.46,21,
punishable,4.22,1.88,23,
punishment,4.11,2.4,19,
punitive,4.08,2.33,25,
punk,3.96,2.11,25,
punt,5.31,1.69,26,
puny,4.04,2.2,23,
pup,6.15,1.76,20,
pupil,5.17,2.33,23,
puppet,4.94,2.13,18,
puppeteer,5.86,2.63,21,
puppy,6.24,2.15,45,
purchase,6.64,1.65,22,
pure,6.44,1.94,25,
purgatory,3.47,1.98,19,
purge,4.68,2.34,25,
purification,6.54,2.32,24,
purify,6.77,2.31,22,
purity,5.78,2.51,18,
purple,5.85,2.49,27,
purpose,7.42,1.8,19,
purr,6.53,2.39,19,
purse,5.68,2.65,19,
pursue,6.12,2.15,24,
pursuit,5.46,2.67,24,
pus,3.55,1.84,42,
push,4.06,2.29,18,
pusher,4.71,2.53,21,
pushover,4.64,2.33,36,
pushy,4.23,2.39,22,
puss,4.7,2.43,20,
pussy,4.83,2.94,18,
pussycat,4.75,2.23,24,
put,5.94,1.84,16,
putrid,3.35,1.69,20,
putt,5.5,2.08,26,
putter,4.88,2.36,16,
putty,4.52,1.81,21,
puzzle,5.86,2.49,28,
puzzled,4.81,1.63,21,
pylon,5.41,2.02,27,
pyramid,5.71,2.14,28,
python,3.56,2.22,62,
quad,5.76,2.41,21,
quadrant,4.89,1.88,18,
quadruple,5.05,2.44,20,
quail,5.2,2.19,20,
quaint,4.16,1.34,25,
quake,2.71,2.15,21,
qualifications,6.19,1.6,21,
qualify,6.48,2.11,21,
quality,6.46,1.89,24,
quandary,4.19,1.84,27,
quantity,5.86,1.56,21,
quantum,4.85,2.58,34,
quarantine,2.95,1.78,19,
quarrel,4.76,1.81,25,
quarry,5.74,1.96,23,
quart,5.92,1.68,25,
quarter,6.04,1.99,24,
quarterback,5.4,2.66,20,
quarterly,5.11,1.94,19,
quartermaster,5.65,1.87,20,
quartet,5.14,1.52,22,
quartz,5.88,1.83,24,
quasi,4.43,1.75,23,
queasy,4.23,2.23,26,
queen,6.04,2.63,24,
queer,4.44,2.5,18,
quench,6.11,1.97,19,
query,5.68,1.95,19,
quest,6.0,2.19,24,
question,5.88,2.31,16,
questionable,4.56,2.26,27,
questionnaire,5.64,2.4,25,
queue,5.17,1.76,18,
quibble,4.59,2.2,22,
quiche,5.15,2.54,20,
quick,6.18,1.92,22,
quickie,5.77,2.43,22,
quicksand,3.9,2.47,20,
quiet,5.8,2.16,49,
quilt,5.62,2.5,21,
quince,5.04,1.52,23,
quintet,4.73,1.55,22,
quirk,5.7,1.95,20,
quirky,5.82,2.7,22,
quit,4.39,2.52,18,
quitter,5.62,1.8,21,
quiver,4.7,2.03,20,
quivering,3.95,2.34,22,
quiz,4.9,1.87,21,
quota,5.89,2.08,19,
quote,5.89,1.89,27,
R & B,5.42,2.1,24,
rabbi,4.32,2.21,19,
rabbit,5.95,2.24,22,
rabble,5.18,2.11,22,
rabid,3.17,2.04,24,
rabies,3.47,2.52,73,
raccoon,5.19,2.08,26,
race,4.56,2.06,18,
racehorse,5.6,2.01,20,
racer,5.8,2.38,20,
racetrack,5.04,2.44,24,
racial,4.0,2.28,24,
racism,4.46,2.59,24,
racist,4.37,2.89,19,
rack,5.12,2.27,33,
racket,4.45,1.9,20,
racketeering,4.22,2.78,18,
racquetball,5.84,1.89,19,
racy,6.04,2.14,24,
radar,5.63,2.61,19,
radial,5.06,2.18,18,
radiant,6.54,1.83,48,
radiate,5.43,2.68,21,
radiation,4.06,2.46,17,
radiator,5.19,2.33,26,
radical,5.21,1.87,19,
radio,6.27,2.17,44,
radioactive,3.27,2.16,22,
radioactivity,2.6,1.64,20,
radiologist,5.43,2.27,21,
radiology,5.05,2.16,21,
radish,5.41,2.23,34,
radium,4.43,1.8,23,
radius,5.06,2.0,36,
raffle,4.29,2.0,28,
raft,5.76,2.12,21,
rag,4.45,2.39,20,
rage,4.17,2.5,41,
ragged,4.96,1.75,26,
raggedy,4.83,2.01,23,
raging,4.16,2.12,25,
ragtime,6.36,1.97,22,
raid,3.91,2.54,34,
raider,4.37,2.17,19,
rail,5.5,2.48,20,
railing,5.5,2.42,20,
railroad,5.29,2.15,34,
railway,5.0,2.13,20,
rain,4.25,2.75,20,
rainbow,6.11,2.41,95,
rainbow trout,4.37,1.67,19,
raincoat,5.42,1.82,24,
rainforest,5.05,2.39,20,
rainmaker,5.43,2.38,21,
rainstorm,4.29,2.85,21,
rainy,4.44,2.68,34,
raise,5.44,1.85,18,
raisin,5.73,1.91,26,
rake,5.24,2.0,21,
rally,5.62,2.11,21,
ram,5.27,2.29,22,
ramble,5.89,2.11,18,
rambling,4.68,2.0,19,
ramp,5.6,1.96,20,
rampage,4.43,2.5,23,
rampant,4.5,2.13,22,
rampart,5.15,2.18,20,
ramrod,5.17,2.46,18,
ranch,5.68,1.8,19,
rancher,6.04,1.8,26,
rancid,4.07,2.42,55,
random,4.71,2.4,24,
range,5.57,1.97,23,
ranger,6.0,2.08,27,
rank,5.57,2.25,23,
ranking,6.21,1.93,19,
ransom,2.43,1.47,23,
rant,4.45,2.42,20,
rap,4.82,2.13,22,
rape,2.47,2.29,107,
rapid,5.24,2.57,21,
rapist,2.21,2.19,34,
rapper,4.77,1.8,22,
rapport,5.61,1.85,28,
raptor,5.09,2.37,23,
rapture,4.04,2.46,24,
rare,5.08,2.41,24,
rarity,5.18,2.08,22,
rascal,4.12,1.9,25,
rash,3.0,2.11,24,
raspberry,6.33,2.3,24,
rat,3.35,2.13,20,
ratchet,5.45,1.6,22,
rate,5.0,2.21,19,
rating,6.37,2.01,19,
ratio,4.79,2.7,24,
ration,4.59,2.63,22,
rational,6.19,2.21,26,
rationalize,6.43,2.31,21,
rationing,5.3,2.3,23,
rattle,4.81,1.88,43,
rattler,5.04,2.01,26,
rattlesnake,3.93,2.69,27,
ratty,4.78,2.03,27,
ravage,4.75,2.36,20,
rave,5.83,2.04,23,
raven,5.12,2.22,16,
ravenous,4.09,2.39,22,
ravine,4.75,2.05,24,
ravioli,5.73,2.1,22,
ravishing,5.9,2.36,20,
raw,4.79,2.58,34,
rawhide,4.56,2.31,18,
razor,5.93,2.19,57,
reach,5.72,1.99,18,
react,6.12,2.48,34,
reaction,6.3,2.27,20,
reactive,5.0,1.67,21,
reactor,4.52,2.39,27,
read,6.11,2.37,18,
reader,6.95,1.64,20,
readiness,6.0,2.06,18,
readout,5.67,1.88,27,
ready,6.06,1.76,18,
real,5.89,1.78,18,
realism,6.11,2.02,19,
realist,5.58,2.02,24,
realistic,6.77,1.77,22,
reality,7.26,1.73,19,
realization,5.68,2.34,25,
realize,6.94,1.63,18,
realm,5.65,2.28,20,
realtor,6.11,2.02,19,
realty,5.18,2.33,28,
reap,6.57,1.88,23,
reaper,4.24,2.62,21,
rear,5.61,2.13,23,
rearrange,6.41,2.29,27,
reason,6.11,1.97,18,
reasonable,5.88,2.29,17,
reasoning,6.64,1.66,25,
reassign,4.94,2.59,34,
reassignment,4.05,1.7,22,
reassurance,5.91,2.5,23,
reassure,6.07,2.02,28,
rebel,5.2,2.26,20,
rebellion,4.83,2.39,23,
rebellious,5.46,2.9,24,
rebirth,5.79,2.43,33,
reboot,5.72,2.21,36,
reborn,5.3,2.43,20,
rebound,5.33,2.42,21,
rebuild,5.29,2.43,21,
rebuttal,6.13,2.38,23,
recall,5.78,1.63,18,
recant,5.29,1.98,28,
recap,5.15,1.38,26,
recapture,5.62,2.22,21,
receipt,5.38,2.22,24,
receive,6.79,2.1,19,
receiver,6.0,1.77,17,
recent,4.86,1.98,28,
receptacle,5.64,2.02,25,
reception,6.08,1.53,24,
receptionist,5.58,1.98,24,
receptive,5.46,2.0,24,
receptor,6.11,1.45,19,
recess,5.32,2.77,22,
recession,3.0,2.0,24,
recharge,6.3,2.08,23,
recheck,5.38,2.16,21,
recipe,7.05,1.96,21,
recipient,4.81,1.86,21,
reciprocal,4.67,2.37,24,
reciprocate,5.96,1.97,25,
recital,5.23,1.63,26,
recitation,5.33,2.37,24,
recite,5.32,1.77,25,
reckless,4.4,2.62,20,
reckon,4.88,1.9,25,
reckoning,5.46,2.19,24,
reclaim,5.77,1.82,22,
reclining,5.5,1.93,20,
recluse,4.57,2.25,21,
recognition,7.0,1.64,21,
recognizable,6.5,1.79,24,
recognize,7.11,2.23,19,
recoil,4.31,1.83,26,
recollect,5.75,1.84,28,
recollection,5.5,2.53,16,
recommend,6.3,2.08,23,
recommendation,6.22,2.24,18,
recon,5.3,2.3,23,
reconcile,5.63,1.77,19,
reconciliation,6.32,1.95,19,
reconfigure,5.4,2.0,25,
reconnaissance,5.32,2.64,22,
reconnect,6.08,1.72,24,
reconsider,5.25,2.19,28,
reconstruct,6.08,2.43,24,
reconstruction,5.91,1.85,22,
reconstructive,5.86,1.82,21,
reconvene,4.83,1.53,23,
record,5.5,2.31,18,
recorder,6.27,2.05,26,
recording,5.59,2.15,17,
recount,5.22,1.68,23,
recourse,5.71,2.08,21,
recover,5.91,1.51,22,
recovery,6.37,2.19,19,
recreate,5.77,1.74,22,
recreation,7.18,1.62,22,
recreational,6.16,1.89,25,
recruit,6.0,1.61,21,
recruiter,4.16,1.8,19,
recruitment,4.5,2.67,22,
rectal,4.44,1.89,27,
rectangular,5.5,1.9,22,
rectify,5.81,2.16,21,
rectory,5.05,1.58,19,
rectum,5.42,2.46,19,
recurring,4.74,2.65,23,
recycle,6.14,2.53,22,
recycled,5.25,2.52,16,
recycling,6.6,2.27,25,
red,5.2,2.28,20,
redecorate,6.33,2.57,18,
redeem,5.35,1.93,20,
redemption,6.44,2.26,27,
redesign,5.94,1.86,18,
redhead,5.52,2.41,27,
redheaded,5.62,2.38,26,
redirect,4.89,2.26,19,
redneck,5.05,2.29,21,
redo,4.3,2.23,20,
reduce,4.92,2.26,24,
reduction,5.25,1.94,24,
redundancy,5.42,2.43,24,
redundant,4.23,1.74,22,
redwood,4.9,2.31,20,
Reebox,4.41,1.79,22,
reef,5.29,1.86,17,
reefer,5.65,2.25,23,
reek,4.86,2.17,22,
reel,5.05,1.86,22,
reelection,5.59,2.45,27,
reenactment,5.7,2.67,23,
reentry,6.78,1.96,18,
reestablish,6.18,2.59,22,
ref,4.55,1.97,22,
refer,5.58,1.74,19,
referee,5.09,2.52,22,
reference,5.38,2.02,24,
referral,5.64,2.26,22,
refill,6.8,2.02,25,
refine,7.19,1.56,16,
refined,6.67,1.58,24,
refinement,5.54,2.16,26,
refinery,4.24,1.84,21,
reflect,6.72,1.93,18,
reflection,5.65,2.13,26,
reflective,6.84,1.89,19,
reflex,4.09,2.2,22,
reform,5.57,2.31,21,
refrain,5.23,2.37,26,
refresh,6.0,2.08,27,
refreshing,6.3,2.3,20,
refreshment,6.59,1.74,22,
refrigerator,5.82,2.48,22,
refuel,6.75,1.48,20,
refuge,4.74,2.21,27,
refugee,3.86,1.98,22,
refund,6.45,2.02,22,
refusal,4.91,3.13,22,
refuse,4.5,2.57,24,
refute,4.96,2.46,23,
regain,6.08,2.06,25,
regal,4.38,2.78,21,
regard,6.38,1.6,21,
regatta,5.1,1.8,20,
regenerate,5.95,2.04,21,
regeneration,6.35,1.76,20,
reggae,6.24,2.39,21,
regime,4.56,2.48,16,
regimen,5.6,2.41,20,
regiment,5.83,2.04,23,
regimental,5.15,2.58,27,
region,6.04,2.1,23,
regional,5.08,2.02,26,
register,5.29,2.17,21,
registrar,4.79,1.87,28,
registration,5.32,1.93,28,
registry,6.05,1.94,22,
regression,4.4,1.91,25,
regret,5.63,2.69,19,
regretful,4.09,2.1,47,
regrettable,4.43,2.15,23,
regroup,6.28,1.93,18,
regular,6.74,2.02,19,
regulate,5.59,2.7,22,
regulation,4.24,2.14,21,
regulator,5.69,2.22,26,
rehab,5.17,2.53,23,
rehabilitate,4.86,2.23,22,
rehabilitation,5.26,2.66,19,
rehash,5.35,2.3,20,
rehearsal,5.62,2.16,21,
rehearse,6.67,1.94,36,
reign,5.59,2.09,22,
reigning,5.57,2.42,21,
reimburse,5.85,2.3,20,
rein,4.09,2.35,23,
reincarnation,4.04,2.61,25,
reindeer,5.5,1.85,22,
reinforce,4.94,2.48,18,
reinforcement,5.8,1.89,25,
reins,5.8,2.25,25,
reinstate,5.25,1.86,20,
reiterate,6.2,1.99,20,
reject,3.46,2.04,26,
rejected,2.43,1.96,21,
rejection,3.91,2.59,35,
rejoice,7.68,1.29,19,
rejoin,5.72,2.14,18,
rekindle,6.17,2.41,18,
relapse,3.62,2.27,21,
relate,6.0,1.7,19,
relation,5.75,1.57,24,
relationship,5.83,2.23,18,
relative,4.81,2.2,21,
relativity,5.28,2.23,25,
relax,6.94,2.15,18,
relaxation,7.12,1.45,25,
relaxed,7.09,2.03,44,
relaxing,7.33,1.56,21,
relay,5.81,1.72,21,
release,6.37,2.29,19,
relentless,5.88,2.23,24,
relevance,5.73,1.66,26,
relevant,5.74,1.56,19,
reliable,6.72,1.95,25,
relic,5.7,2.27,27,
relief,5.64,2.31,28,
relieve,6.62,2.14,26,
religion,4.42,2.43,19,
religious,6.23,2.3,26,
relinquish,4.42,2.3,24,
relish,5.56,2.01,18,
relive,5.47,2.27,19,
reload,5.95,2.31,20,
relocate,5.3,2.41,20,
relocation,5.17,2.16,24,
reluctance,4.32,2.07,28,
reluctant,5.16,2.46,19,
rely,5.05,2.97,19,
remain,6.58,2.22,19,
remainder,5.27,2.37,22,
remaining,4.76,2.0,21,
remake,5.84,1.25,25,
remark,6.3,2.03,20,
remarkable,5.64,1.75,25,
remarry,5.7,2.45,20,
rematch,6.57,1.6,21,
remedial,4.5,2.63,16,
remedy,6.82,2.22,22,
remember,6.31,2.27,16,
remembrance,6.38,2.25,21,
remind,6.47,2.78,19,
reminder,6.33,1.74,21,
reminisce,6.04,2.07,26,
reminiscent,6.04,2.18,23,
remiss,5.4,1.9,20,
remission,4.1,2.0,21,
remodel,6.45,2.26,22,
remorse,4.57,2.61,23,
remote,5.54,2.48,24,
removal,4.91,1.88,23,
remove,4.56,2.37,16,
remover,5.42,2.46,19,
renal,4.42,2.04,19,
render,5.36,2.11,22,
rendezvous,6.17,1.83,24,
rendition,5.3,2.18,20,
renegade,5.53,2.17,19,
renegotiate,5.42,2.1,24,
renew,6.44,1.93,27,
renewal,6.14,2.24,21,
renounce,5.13,2.26,23,
renovation,6.05,1.54,19,
renown,5.83,1.95,24,
renowned,5.24,1.94,25,
rent,5.68,2.71,19,
rental,5.14,2.27,22,
reopen,5.68,1.97,25,
reorganize,6.22,2.24,18,
rep,5.2,2.18,35,
repaint,6.18,2.58,22,
repair,5.78,2.35,23,
repairman,5.18,2.08,22,
repay,5.94,1.89,18,
repeat,6.21,2.46,19,
repel,4.75,2.45,24,
repellent,5.37,2.09,19,
repent,4.41,2.24,22,
repentance,5.65,2.19,23,
repentant,5.13,2.33,54,
repertoire,5.96,1.76,24,
repetition,5.0,2.73,23,
repetitive,4.89,2.37,18,
rephrase,6.09,1.69,22,
replace,5.61,1.97,23,
replacement,4.84,2.25,25,
replay,5.47,2.14,19,
replenish,6.36,1.93,28,
replica,4.86,1.32,22,
replicate,5.96,1.9,25,
reply,6.79,2.2,19,
report,4.94,1.76,18,
reporter,5.17,2.62,18,
repose,5.68,2.06,22,
reposition,4.55,2.18,22,
repossess,4.2,2.28,20,
reprehensible,3.5,1.85,20,
represent,6.12,2.47,25,
representation,5.8,2.53,20,
representative,6.05,1.96,19,
Representative,4.68,2.24,19,
repressed,4.35,2.44,23,
repression,4.14,2.14,22,
reprieve,5.67,1.81,24,
reprimand,3.32,2.25,25,
reproach,5.11,1.66,19,
reproduce,4.88,2.5,17,
reproduction,5.45,2.04,22,
reproductive,4.74,1.85,19,
reprogram,6.0,2.49,20,
reptile,4.55,2.24,20,
republic,5.16,2.53,25,
republican,5.4,3.0,15,
repugnant,4.04,2.2,23,
repulsive,3.59,2.56,22,
reputable,5.53,1.81,19,
reputation,5.58,1.93,24,
reputed,5.52,2.1,27,
request,5.67,1.83,21,
require,4.79,2.56,28,
requirement,4.3,2.33,27,
requisition,5.48,2.36,21,
reread,5.4,2.28,20,
reroute,4.0,1.87,28,
rerun,4.74,1.79,19,
reschedule,4.79,2.36,28,
rescind,4.81,1.94,26,
rescue,5.94,2.27,79,
research,7.16,2.17,19,
researcher,5.81,1.9,27,
resemblance,4.85,2.56,20,
resemble,6.12,1.93,26,
resent,4.21,2.19,24,
resentful,4.12,2.67,17,
resentment,4.05,2.38,22,
reservation,5.0,2.35,23,
reserve,5.56,2.27,36,
reserved,5.39,2.33,23,
reservoir,5.0,2.25,16,
reset,5.86,2.23,22,
reside,5.69,2.02,26,
residence,5.0,2.17,18,
residency,5.96,1.85,23,
residential,5.82,2.02,22,
residual,4.23,1.6,22,
residue,4.5,1.71,22,
resign,6.0,2.36,24,
resignation,5.19,2.68,21,
resilient,5.52,2.4,21,
resin,4.8,2.55,20,
resist,6.11,2.38,19,
resistance,3.92,2.19,24,
resistant,4.75,2.47,24,
resolute,5.92,2.1,25,
resolution,6.42,1.84,19,
resolve,6.92,1.89,24,
resonance,5.43,1.33,21,
resort,6.09,2.29,22,
resounding,5.48,2.35,25,
resource,6.17,2.25,23,
resourceful,6.48,1.76,25,
respect,7.26,1.73,42,
respectability,6.41,1.91,17,
respectable,7.3,1.78,33,
respectful,6.74,2.18,23,
respective,6.42,1.69,24,
respiration,5.91,2.14,22,
respirator,2.93,2.18,28,
respiratory,5.75,2.29,20,
respite,5.62,1.56,21,
respond,6.0,1.94,26,
response,6.05,2.37,19,
responsibility,6.79,2.76,19,
responsible,7.39,2.15,18,
responsive,5.54,1.98,26,
rest,5.78,2.34,18,
restart,6.63,2.06,19,
restaurant,5.82,1.85,45,
restful,6.0,2.43,28,
restitution,5.57,1.75,21,
restless,4.35,1.97,23,
restock,4.74,1.66,19,
restoration,6.26,1.88,34,
restore,6.76,1.97,21,
restrain,4.43,2.61,23,
restraining,5.32,2.64,25,
restraint,4.45,2.48,20,
restrict,3.52,2.04,21,
restricted,3.43,2.63,23,
restriction,3.48,2.2,21,
restroom,5.12,2.29,24,
result,6.13,1.98,23,
resume,5.04,2.62,23,
resurrect,4.27,2.14,22,
resuscitate,5.91,2.49,22,
resuscitation,5.5,2.3,28,
retail,6.12,2.13,25,
retain,5.76,1.61,25,
retainer,4.64,1.94,22,
retake,5.26,2.51,23,
retaliate,4.58,2.72,24,
retaliation,5.43,2.28,28,
retard,3.12,2.18,17,
retarded,4.16,2.76,25,
rethink,5.88,1.94,25,
retina,4.56,1.63,36,
retinal,4.71,2.26,24,
retire,5.71,1.93,21,
retirement,5.62,1.94,21,
retrace,5.45,2.2,22,
retract,4.86,1.88,21,
retraction,4.7,2.58,33,
retractor,4.74,2.14,27,
retreat,4.68,2.36,19,
retrial,4.65,1.9,23,
retribution,4.7,2.45,20,
retrieval,5.52,2.4,25,
retrieve,5.83,1.79,24,
retriever,6.3,1.95,20,
retro,5.76,2.35,34,
retroactive,5.22,2.28,23,
retrospect,4.86,1.71,21,
return,5.71,1.83,17,
reunion,5.76,2.23,54,
reunite,6.37,2.14,35,
rev,5.26,1.15,19,
reveal,6.5,1.68,26,
revel,5.57,2.44,21,
revelation,5.6,2.58,25,
revenge,5.72,2.92,25,
revenue,5.68,2.44,22,
reverence,5.08,1.89,25,
reverend,5.0,2.31,16,
reverent,4.93,2.45,41,
reversal,6.0,2.22,20,
reverse,6.08,2.12,25,
revert,5.26,2.68,27,
review,6.04,2.08,23,
reviewer,5.05,2.34,22,
revise,5.95,1.72,19,
revision,6.23,1.82,22,
revisit,5.84,2.21,25,
revival,5.42,2.47,24,
revive,6.11,2.04,28,
revoke,5.0,2.21,21,
revolt,4.97,2.57,36,
revolting,3.95,2.37,20,
revolution,5.23,2.41,26,
revolutionary,5.11,2.33,28,
revolutionize,5.45,2.2,22,
revolve,4.67,1.85,18,
revolver,4.39,2.97,18,
revolving,5.26,2.46,27,
revue,4.94,2.43,16,
reward,6.33,2.25,48,
rewarding,6.58,2.02,26,
rewind,5.58,1.43,19,
rewire,4.9,1.8,20,
rewrite,5.75,2.8,24,
rhapsody,5.05,1.18,19,
rhetoric,4.68,2.56,34,
rhetorical,5.12,1.51,26,
rhinestone,4.71,1.7,28,
rhino,5.17,2.6,24,
rhinoceros,4.4,2.39,20,
rhubarb,5.73,1.85,26,
rhyme,6.09,2.02,22,
rhythm,7.0,1.71,34,
rhythmic,6.26,1.97,19,
rib,5.0,1.53,24,
ribbon,5.31,1.81,26,
rice,5.5,2.52,22,
rich,6.83,2.38,18,
riches,6.1,2.37,42,
rickety,4.15,2.16,20,
rickshaw,5.32,1.84,25,
ricochet,4.3,2.23,27,
rid,5.06,2.46,18,
riddance,4.77,2.29,22,
riddle,4.39,2.17,18,
ride,5.28,1.87,18,
rider,5.37,2.29,19,
ridge,5.28,2.27,18,
ridicule,4.15,2.4,41,
ridiculous,3.78,2.16,18,
rife,5.4,2.3,20,
riff,4.88,2.62,17,
riffraff,4.21,2.68,34,
rifle,5.28,2.75,25,
rifleman,3.84,2.21,25,
rift,5.26,2.28,23,
rig,5.39,1.9,23,
right,7.16,1.86,19,
righteous,5.59,2.48,27,
righteousness,6.05,2.33,20,
rightful,6.9,1.92,20,
righty,5.56,2.36,34,
rigid,4.83,2.36,42,
rigor,5.48,2.25,21,
rigorous,6.18,1.74,22,
rim,5.04,2.07,24,
ring,5.44,2.15,18,
ringer,5.56,2.35,25,
ringleader,5.56,2.1,25,
ringmaster,6.3,2.44,23,
ringside,5.72,2.32,25,
rink,4.62,2.31,21,
rinse,6.92,1.53,25,
riot,3.25,2.38,24,
rioting,3.29,2.14,28,
rip,4.12,2.05,24,
ripe,5.72,2.02,18,
ripper,4.48,2.26,25,
ripple,5.08,1.8,25,
rippling,5.1,2.29,20,
rise,7.16,1.92,19,
risk,3.89,1.71,18,
risky,4.42,2.29,19,
risotto,6.13,2.12,23,
rite,5.41,2.26,22,
ritual,5.0,2.37,22,
ritualistic,5.79,1.84,24,
rival,4.74,2.22,23,
rivalry,5.64,1.89,22,
river,4.89,2.39,38,
riverbank,4.68,2.06,19,
riverbed,5.05,1.99,21,
riverboat,5.62,1.96,21,
riveting,5.47,2.12,17,
roach,3.33,2.37,49,
road,6.0,2.35,17,
roadblock,3.12,2.15,24,
roadhouse,5.06,2.53,18,
roadie,5.3,2.15,20,
roadrunner,4.95,1.91,21,
roadside,6.05,1.94,21,
roam,6.42,2.22,24,
roar,5.88,2.11,24,
roast,5.65,1.9,23,
roasted,5.29,2.02,28,
rob,3.57,2.78,28,
robber,3.92,2.51,38,
robbery,2.67,1.96,21,
robe,5.7,1.89,23,
robin,4.35,2.12,23,
robot,5.14,2.51,22,
robotic,4.29,2.63,24,
robotics,5.65,2.52,20,
robust,5.76,2.26,25,
rock,5.26,2.36,23,
rocker,6.0,1.92,34,
rocket,5.57,2.56,28,
rod,5.19,2.25,27,
rodent,4.06,2.68,17,
rodeo,5.08,2.43,25,
roe,5.32,1.38,19,
rogue,4.63,1.8,19,
role,5.36,2.04,25,
roll,5.11,2.35,18,
roller,4.95,1.47,21,
rollercoaster,3.78,2.71,72,
roman,5.78,2.03,27,
romance,5.0,1.87,17,
romantic,6.45,2.26,47,
romp,5.61,2.37,23,
roof,7.05,2.37,19,
rooftop,5.65,2.0,17,
rook,4.21,1.81,28,
rookie,3.91,1.85,22,
room,5.71,2.23,17,
roomful,5.26,2.18,19,
roommate,4.52,1.96,25,
rooms,5.15,1.52,26,
roomy,6.64,2.22,33,
roost,5.81,1.75,21,
rooster,5.09,1.88,23,
root,6.05,1.43,21,
root beer,5.05,2.28,20,
rope,5.62,2.01,21,
ropes,5.5,2.06,22,
rosary,4.5,2.35,28,
rose,6.22,2.07,18,
rosemary,6.19,2.11,21,
roster,6.12,1.78,16,
rot,3.54,2.54,24,
rotary,5.12,1.9,24,
rotate,5.0,2.21,19,
rotation,5.43,2.2,21,
rotor,5.32,1.59,22,
rotten,3.37,2.07,43,
rotunda,4.93,1.76,28,
rouge,5.48,2.24,27,
rough,4.88,1.97,42,
roughneck,6.33,1.82,27,
roulette,3.56,2.68,25,
round,4.78,1.9,18,
roundabout,5.48,2.06,23,
roundup,5.5,2.32,24,
rouse,4.95,2.73,22,
rousing,5.56,2.02,25,
route,5.23,2.58,22,
routine,6.27,2.39,33,
rove,5.83,2.39,24,
roving,4.86,1.76,28,
row,6.06,2.24,18,
rowboat,6.05,1.62,22,
rowdy,4.7,2.32,27,
rowing,5.87,1.74,23,
royal,6.32,1.97,19,
royalty,5.68,2.77,19,
rub,6.78,1.63,18,
rubber,5.38,1.97,24,
rubbish,4.76,1.88,25,
rubble,4.42,2.22,19,
rubdown,5.05,2.33,21,
ruby,6.0,1.6,23,
ruckus,5.11,2.51,19,
rudder,5.5,2.06,24,
ruddy,5.0,2.13,34,
rude,3.8,2.35,20,
rudeness,3.62,2.22,21,
rudimentary,5.28,2.39,25,
ruff,5.23,2.39,22,
ruffian,4.39,1.67,23,
ruffle,5.31,2.09,26,
rug,5.68,2.16,19,
rugby,5.61,2.06,23,
rugged,5.36,1.93,25,
ruin,5.16,2.65,19,
ruination,3.74,1.41,19,
rule,3.61,2.68,18,
ruler,6.62,2.16,21,
ruling,5.47,2.29,19,
rum,6.17,2.32,24,
rumba,5.29,1.9,24,
rumble,4.94,1.89,17,
rummage,4.85,2.13,20,
rumor,5.36,2.89,22,
rump,5.09,2.14,22,
rumpus,5.0,2.32,20,
run,5.44,1.79,18,
runaround,4.04,2.41,25,
runaway,4.41,2.44,22,
rundown,3.46,2.19,24,
runner,5.9,2.13,20,
running,5.89,2.18,19,
running shoes,5.88,2.69,17,
runny,4.23,2.02,22,
runt,4.0,2.05,21,
runway,4.94,2.3,17,
rupture,3.32,1.89,19,
rural,5.57,2.44,21,
ruse,3.89,2.18,19,
rush,6.79,1.99,19,
rust,4.0,2.24,28,
rusted,4.26,1.91,19,
rustic,5.08,2.14,36,
rustle,5.62,2.22,24,
rustler,4.33,2.22,27,
rusty,4.51,2.28,55,
rut,4.0,2.86,22,
ruthless,4.04,2.44,26,
rye,5.45,0.96,22,
sabbatical,5.76,1.56,25,
saber,5.61,2.48,18,
sabotage,3.64,2.92,22,
saboteur,4.85,2.49,27,
sac,3.55,1.6,22,
sack,5.0,2.13,20,
sacrament,4.24,1.92,25,
sacred,5.12,2.45,26,
sacrifice,5.6,2.28,20,
sacrificial,4.46,2.92,24,
sacrilege,4.71,2.22,24,
sacrilegious,3.71,2.31,21,
sad,3.84,2.21,44,
saddle,5.25,2.73,20,
sadist,4.32,2.38,25,
sadistic,3.43,2.31,21,
sadness,3.84,2.79,25,
safari,5.65,2.18,20,
safe,7.21,1.88,42,
safeguard,4.94,2.3,17,
safekeeping,6.3,2.25,27,
safety,6.47,2.89,19,
saffron,5.4,1.55,25,
sag,3.54,1.53,28,
saga,5.26,2.26,27,
sage,5.25,2.62,16,
saggy,4.94,2.36,18,
sail,6.37,1.77,19,
sailboat,6.05,2.13,22,
sailor,6.09,2.33,22,
saint,5.82,2.44,38,
sainted,5.91,1.95,22,
sake,5.17,1.76,18,
salad,6.11,2.06,47,
salami,6.32,1.84,25,
salary,5.05,2.48,22,
sale,6.16,2.5,19,
salesgirl,5.63,2.44,27,
salesman,5.05,2.38,22,
saline,5.26,1.94,19,
saliva,4.82,2.59,34,
salmon,4.81,1.77,26,
salmonella,3.56,2.22,25,
salon,5.52,1.73,25,
saloon,3.68,2.17,22,
salsa,5.88,1.83,17,
salt,6.04,1.87,26,
salted,5.31,1.46,26,
saltwater,4.26,2.23,19,
salty,5.14,1.81,22,
salute,6.4,2.19,42,
salvage,5.74,2.16,23,
salvation,5.67,2.65,24,
salve,5.24,1.95,17,
samba,5.88,2.03,16,
sample,5.71,1.99,17,
samurai,6.91,1.93,22,
sanatorium,3.09,2.18,22,
sanctimonious,5.09,2.15,23,
sanction,5.14,1.9,21,
sanctity,5.64,2.53,36,
sanctuary,6.15,2.68,27,
sanctum,6.21,1.72,19,
sand,4.82,1.91,28,
sandbox,6.1,2.14,21,
sander,5.46,2.35,28,
sandman,5.0,1.83,19,
sandpaper,5.67,2.68,18,
sandstorm,4.26,2.41,27,
sandwich,5.57,2.2,21,
sane,6.1,2.75,20,
sanitarium,3.68,2.53,22,
sanitary,7.44,1.72,18,
sanitation,6.33,2.27,21,
sanity,6.22,2.13,23,
sap,4.77,2.41,22,
sapiens,5.62,2.21,26,
sapphire,6.0,2.33,18,
sappy,4.12,1.92,25,
sarcasm,5.72,2.53,25,
sarcastic,5.35,2.51,26,
sarcophagus,4.58,1.88,26,
sardine,5.38,2.71,21,
sarsaparilla,5.15,1.98,20,
sash,5.5,2.37,20,
sashimi,4.43,1.78,21,
sassafras,5.48,2.04,25,
sassy,6.32,2.29,19,
satanic,3.92,2.0,25,
satchel,5.46,1.45,28,
satellite,4.53,2.29,19,
satin,5.58,2.0,26,
satire,5.63,2.0,27,
satisfaction,6.44,2.12,27,
satisfactory,6.12,2.07,26,
satisfied,6.26,1.88,19,
satisfy,6.33,1.96,21,
satisfying,6.73,2.05,22,
saturated,5.14,1.59,21,
saturation,4.64,2.11,22,
satyr,5.25,1.8,24,
sauce,5.85,1.76,20,
saucer,4.91,1.82,22,
saucy,6.25,2.01,28,
sauerkraut,5.12,2.22,25,
sauna,5.77,1.8,22,
sausage,6.27,1.58,22,
savage,4.22,2.01,27,
savannah,5.86,1.86,22,
savant,5.44,2.85,16,
save,6.34,2.43,47,
saver,5.84,1.97,25,
savings,6.85,2.24,26,
savior,5.23,2.33,22,
savor,6.67,1.47,27,
savvy,6.44,1.97,27,
saw,4.67,2.04,24,
sawdust,4.96,1.83,24,
sawmill,4.72,2.17,36,
sax,5.62,1.66,24,
saxophone,5.74,2.14,23,
say,6.88,1.83,17,
sayonara,4.92,1.66,25,
scab,3.52,2.04,21,
scaffold,5.24,2.25,17,
scalding,3.91,2.29,47,
scale,5.17,1.88,24,
scalp,5.74,2.42,19,
scalpel,4.23,2.51,22,
scam,3.74,2.72,23,
scamp,4.55,2.04,22,
scampi,5.0,1.75,16,
scan,5.63,1.92,19,
scandal,3.88,2.34,48,
scandalous,4.52,2.13,23,
scanner,5.33,1.94,36,
scapegoat,3.65,2.64,23,
scar,4.1,2.5,42,
scarce,4.04,2.12,24,
scare,4.58,2.61,19,
scarecrow,5.37,1.92,19,
scared,4.2,2.72,50,
scarf,6.39,2.12,18,
scary,3.7,2.16,23,
scat,5.17,2.35,23,
scatter,4.21,2.35,34,
scavenger,4.29,2.5,34,
scenario,5.96,2.18,23,
scene,5.29,2.02,17,
scenery,5.63,1.74,19,
scenic,6.37,2.36,19,
scent,5.31,2.11,26,
scented,5.0,2.29,19,
scepter,5.04,2.21,25,
schedule,6.95,1.78,19,
schematic,5.36,1.99,22,
scheme,4.71,2.37,34,
schilling,4.76,1.61,21,
schizophrenia,3.35,2.04,23,
schizophrenic,3.1,2.43,20,
schlep,5.07,2.4,27,
schmuck,4.44,2.4,25,
schnapps,5.42,2.29,19,
schnitzel,5.33,2.22,24,
scholar,6.04,2.33,23,
scholarly,6.17,1.98,36,
scholarship,6.08,2.32,36,
scholastic,6.67,2.14,24,
school,5.88,2.39,17,
schoolboy,4.48,1.91,21,
schoolgirl,5.9,2.59,20,
schoolhouse,4.57,1.83,23,
schooling,5.5,2.44,34,
schoolmaster,4.8,2.58,25,
schoolteacher,5.23,2.78,22,
schoolwork,5.81,2.33,26,
schoolyard,5.14,2.35,21,
schooner,5.38,1.83,21,
science,6.74,2.13,19,
scientific,6.12,2.0,16,
scientist,6.68,1.49,19,
scintillating,5.64,2.45,25,
scissors,6.89,1.49,18,
scoff,5.7,2.36,20,
scold,4.59,2.04,22,
scone,5.48,2.42,21,
scoop,6.11,2.11,18,
scoot,5.13,1.98,23,
scooter,5.35,2.34,17,
scope,4.83,2.21,23,
scorch,5.59,1.82,22,
scorching,4.34,1.97,41,
score,7.32,1.53,19,
scoreboard,5.4,2.23,20,
scorer,6.41,1.99,27,
scorn,4.05,2.54,20,
scornful,5.04,2.43,50,
scorpion,4.67,2.87,18,
scotch,5.32,2.63,19,
scoundrel,4.88,2.39,26,
scour,5.32,1.77,19,
scourge,4.25,1.83,20,
scout,5.32,1.95,19,
scowl,4.74,2.79,19,
scrabble,6.56,2.16,25,
scram,4.5,2.22,22,
scramble,5.0,1.98,26,
scrambled,4.35,2.3,20,
scrambler,5.21,1.9,19,
scrap,5.18,1.68,22,
scrapbook,6.91,1.78,34,
scrape,4.41,1.89,22,
scrappy,4.78,2.56,18,
scratch,4.5,1.85,20,
scratchy,4.58,2.34,19,
scrawny,3.61,1.69,18,
scream,4.51,2.5,47,
screamer,4.96,1.99,23,
screech,4.88,2.29,26,
screen,5.63,1.77,19,
screening,6.2,2.28,20,
screenplay,6.0,1.97,19,
screenwriter,5.59,2.24,22,
screw,5.16,2.52,19,
screwball,4.58,2.21,26,
screwdriver,6.09,2.41,22,
screwy,4.84,2.25,25,
scribble,5.6,2.6,20,
scrimmage,4.75,2.1,20,
script,4.67,2.43,24,
scripture,5.15,3.01,20,
scroll,5.82,2.17,22,
scrotum,5.24,1.87,21,
scrounge,4.43,2.52,21,
scrounger,5.15,2.27,26,
scrub,5.17,2.53,23,
scruffy,5.18,2.26,22,
scrumptious,5.85,2.22,26,
scrutiny,3.56,1.87,25,
scuba,5.05,2.24,22,
scuff,4.33,1.88,24,
scuffle,5.5,2.58,16,
scullery,3.91,1.57,22,
sculptor,6.05,1.61,19,
sculpture,5.62,2.24,24,
scum,4.87,2.87,23,
scumbag,2.73,1.49,22,
scurry,4.13,1.52,23,
scurvy,4.12,2.18,42,
scuttle,4.93,2.25,27,
sea,5.22,2.41,18,
seaboard,5.95,2.17,19,
seafood,5.54,2.43,24,
seagull,4.41,2.11,22,
seal,5.63,2.45,19,
seam,5.33,2.39,27,
seaman,5.6,1.85,25,
seamstress,5.45,1.82,22,
search,5.0,2.06,18,
searchlight,5.45,1.79,22,
seashore,6.0,2.39,22,
seasick,2.39,1.67,38,
seaside,5.76,2.12,21,
season,6.16,2.46,19,
seasonal,4.68,1.89,19,
seasoned,6.55,2.04,20,
seasoning,6.04,2.14,27,
seat,6.05,1.81,22,
seatbelt,4.79,2.65,24,
seating,5.04,2.05,25,
seawater,4.48,2.5,27,
seaweed,5.14,1.93,21,
sec,4.52,1.9,23,
secluded,4.39,2.13,28,
seclusion,5.05,1.88,20,
second,5.35,2.06,17,
second cousin,4.16,1.71,19,
secondary,4.96,1.69,23,
secondhand,3.93,1.86,28,
secrecy,5.08,2.72,24,
secret,5.41,2.81,17,
secretary,6.68,2.26,19,
Secretary of State,5.85,2.38,27,
secretive,5.81,2.44,21,
sect,4.71,2.05,21,
section,6.0,2.45,19,
sector,5.18,2.04,22,
secular,5.09,1.9,22,
secure,7.0,2.18,20,
security,6.0,2.18,17,
sedan,6.0,1.48,22,
sedate,4.76,2.57,21,
sedation,4.12,2.62,25,
sedative,4.21,2.82,19,
sediment,4.43,1.62,28,
sedition,4.57,1.86,21,
seduce,6.18,2.86,22,
seducer,5.57,2.86,23,
seduction,4.9,2.88,21,
seductive,5.85,2.6,34,
see,6.0,2.29,17,
seed,5.19,2.16,36,
seeds,5.84,1.68,19,
seedy,4.7,2.18,27,
seek,6.16,1.7,25,
seeker,5.85,1.57,20,
seem,4.53,1.55,17,
seer,5.41,2.29,27,
seesaw,5.14,2.24,21,
segment,5.29,1.83,17,
segregation,3.59,1.97,22,
seismic,3.78,2.62,27,
seize,5.18,2.65,17,
seizure,3.59,2.27,17,
select,5.46,2.32,35,
selection,6.82,1.87,34,
selective,6.45,2.61,20,
selectman,4.55,2.35,20,
selenium,4.5,1.71,22,
self,7.74,1.73,19,
selfish,5.32,2.42,22,
selfishness,4.94,2.86,34,
selfless,6.63,2.01,19,
sell,5.88,1.96,17,
seller,4.68,2.19,19,
sellout,3.5,2.31,16,
seltzer,4.4,1.29,25,
semantics,5.11,2.5,28,
semblance,5.1,1.8,20,
semen,4.16,1.93,25,
semester,4.95,2.29,21,
semi,4.95,1.65,19,
semiautomatic,4.35,2.04,26,
seminar,4.82,2.31,28,
seminary,5.12,2.29,24,
senate,3.52,2.12,25,
senator,5.84,2.85,19,
Senator,4.35,2.81,34,
send,5.94,2.14,16,
sender,5.45,2.19,20,
senile,3.0,2.05,19,
senior,5.26,2.61,23,
seniority,6.2,2.31,20,
senor,6.48,2.25,21,
senorita,5.77,2.05,26,
sensation,5.89,2.08,19,
sensational,6.37,1.92,19,
sense,6.29,1.72,17,
senseless,3.36,1.93,28,
sensibility,6.45,1.53,22,
sensible,6.0,2.06,17,
sensitive,5.0,2.52,19,
sensitivity,5.42,2.17,19,
sensor,5.05,2.18,21,
sensory,5.96,2.13,25,
sensual,6.31,1.98,26,
sensuality,6.26,2.1,27,
sensuous,5.61,1.99,23,
sentence,6.53,2.29,19,
sentencing,3.53,2.17,19,
sentient,5.5,2.23,24,
sentiment,5.32,1.83,19,
sentimental,6.73,2.21,22,
sentimentality,5.71,2.1,24,
sentinel,4.44,2.5,18,
sentry,4.7,1.98,27,
separate,4.14,2.01,22,
separation,4.0,2.14,25,
septic,3.05,1.61,20,
sequel,4.9,2.17,20,
sequence,5.92,2.14,25,
serenade,6.58,1.96,26,
serendipity,5.22,2.49,23,
serene,6.5,2.02,22,
serenity,5.97,2.66,34,
sergeant,3.83,2.66,18,
serial,5.86,2.14,22,
serialize,5.15,2.58,33,
series,6.05,2.01,19,
serious,5.67,1.99,48,
seriousness,5.41,2.58,22,
sermon,5.32,2.51,22,
serpent,3.59,2.15,22,
serum,5.38,2.48,24,
servant,4.71,2.9,24,
serve,6.47,2.29,19,
server,5.14,2.05,28,
service,5.33,2.5,18,
servitude,2.46,2.15,24,
sesame,5.91,2.4,34,
session,5.21,2.43,24,
set,5.81,2.2,16,
setback,3.36,1.58,25,
settle,6.16,2.61,19,
settlement,4.93,1.96,28,
setup,4.72,2.22,18,
seven,5.64,1.81,22,
seventeen,4.56,2.63,25,
seventy,5.19,2.11,21,
sever,4.38,2.28,26,
severance,3.68,2.06,28,
severe,4.05,2.06,41,
severity,5.21,2.4,24,
sew,5.77,2.52,22,
sewage,3.89,2.17,27,
sewer,4.12,1.4,26,
sewing,6.26,2.26,19,
sex,6.17,2.55,40,
sexist,4.08,2.72,24,
sexual,7.0,1.83,19,
sexuality,6.74,2.32,23,
sexy,6.0,2.34,92,
shabby,3.71,1.86,28,
shack,4.35,2.23,20,
shade,6.25,2.07,20,
shadow,4.41,1.98,37,
shadowy,3.86,2.33,21,
shady,4.96,2.28,25,
shaft,5.32,2.44,22,
shag,4.86,2.44,22,
shake,6.37,2.11,19,
shakedown,4.7,2.61,27,
shaker,5.7,2.3,20,
shaky,3.8,2.14,20,
shall,5.89,2.14,18,
shallow,5.95,1.99,20,
shallows,5.22,1.58,27,
sham,3.33,1.86,24,
shaman,4.69,2.41,16,
shame,5.21,2.8,19,
shamed,3.42,1.71,48,
shameful,4.35,2.46,20,
shameless,4.58,2.32,19,
shampoo,6.32,1.7,19,
shank,4.09,2.52,34,
shanty,4.5,2.15,22,
shape,5.84,2.34,19,
shard,3.89,1.62,28,
share,6.44,2.33,18,
shareholder,4.94,2.51,18,
shark,4.87,2.58,23,
sharp,4.92,2.1,36,
sharpen,5.67,1.63,24,
sharpshooter,4.75,2.65,20,
shatter,4.57,2.68,23,
shattering,4.63,2.06,27,
shave,6.19,2.6,21,
shaver,5.44,2.33,18,
shawl,5.24,2.39,34,
shear,5.15,1.87,20,
sheath,5.95,2.07,19,
shed,5.59,2.02,22,
sheep,4.42,2.6,24,
sheepdog,5.37,2.39,19,
sheer,5.44,2.18,36,
sheet,5.0,2.0,27,
sheik,4.92,2.65,24,
shelf,6.0,1.75,22,
shell,5.62,1.63,21,
shellfish,5.09,2.16,22,
shelter,6.11,1.91,28,
sheltered,4.1,2.61,21,
shepherd,5.72,2.05,25,
sherbet,6.37,1.61,19,
sheriff,3.67,2.28,18,
sherry,5.25,1.92,24,
shield,6.41,2.24,22,
shift,5.38,2.06,16,
shifty,4.72,1.67,18,
shilling,5.32,1.84,22,
shimmer,5.52,2.02,21,
shimmering,5.35,1.73,20,
shimmy,5.97,1.92,35,
shin,5.88,2.29,24,
shindig,6.19,2.14,36,
shine,5.96,2.14,24,
shiner,4.88,1.75,24,
shingle,4.52,2.29,33,
shining,5.88,2.06,17,
shiny,6.17,2.26,24,
ship,5.84,2.25,25,
shipment,6.05,1.47,21,
shipping,6.08,2.15,24,
shipshape,5.57,2.28,28,
shipwreck,3.48,1.86,23,
shipyard,4.65,1.29,26,
shire,5.76,1.54,25,
shirt,5.67,1.37,18,
shit,4.59,2.27,17,
shitfaced,3.23,2.34,26,
shithead,3.96,2.2,24,
shitload,5.09,2.72,22,
shitty,4.1,2.26,21,
shiver,3.04,1.55,24,
shock,5.79,2.94,19,
shocker,3.92,2.02,25,
shocking,4.12,1.92,24,
shoddy,4.83,2.24,36,
shoe,5.44,1.54,18,
shoelace,5.38,1.39,26,
shoemaker,5.83,2.04,18,
shoes,6.39,2.43,18,
shoeshine,5.75,2.53,20,
shoot,4.67,2.54,18,
shooter,4.8,2.89,20,
shootout,4.27,2.69,22,
shop,5.72,2.22,18,
shopkeeper,6.0,1.76,19,
shoplifter,4.86,2.32,22,
shoplifting,4.76,2.54,25,
shopper,6.06,2.05,17,
shoreline,5.81,2.77,21,
short,4.39,2.3,18,
short story,5.25,2.07,20,
shortage,3.35,2.09,17,
shortcake,5.5,2.12,28,
shortcut,5.15,2.5,20,
shorten,5.35,2.08,26,
shorthand,5.45,2.24,22,
shortness,4.41,2.69,34,
shorts,6.57,2.06,21,
shortstop,5.81,2.04,26,
shortwave,4.21,2.28,28,
shot,3.39,2.33,18,
shotgun,4.92,2.75,40,
shoulder,4.81,1.4,21,
shout,5.85,2.2,33,
shove,4.41,2.43,17,
shovel,6.42,1.74,19,
show,5.83,1.98,18,
showbiz,5.24,2.26,21,
showboat,5.27,1.67,22,
showcase,4.4,2.26,20,
showdown,5.08,2.24,24,
shower,7.47,1.68,19,
showgirl,5.59,1.74,22,
showoff,4.53,2.31,36,
showroom,5.0,2.55,20,
shrapnel,3.43,2.38,21,
shred,5.32,1.95,19,
shrew,4.48,2.46,21,
shrewd,6.29,1.15,21,
shriek,4.0,1.67,44,
shrill,3.52,1.92,25,
shrimp,5.23,1.88,26,
shrine,5.31,2.19,26,
shrink,3.7,2.0,20,
shrivel,4.05,1.96,19,
shroud,4.5,2.4,20,
shrug,5.1,2.4,20,
shrunken,4.36,1.97,22,
shudder,4.16,1.95,19,
shuffle,4.92,1.87,25,
shuffleboard,5.65,2.29,23,
shuffling,5.77,2.14,26,
shun,4.63,1.83,19,
shunt,4.68,2.43,25,
shut,5.61,2.3,18,
shutdown,5.35,2.3,20,
shuteye,4.59,2.74,17,
shutter,5.28,2.17,25,
shuttle,5.86,1.77,21,
shy,4.5,2.0,26,
shyness,5.9,2.43,20,
shyster,3.35,2.0,17,
sibling,4.81,1.75,21,
sick,2.84,1.97,25,
sickbay,4.81,2.69,27,
sickening,3.8,2.21,20,
sickle,4.32,2.07,28,
sickly,3.85,1.98,20,
sickness,2.8,2.14,20,
side,5.82,1.91,17,
sidearm,4.86,2.34,28,
sidebar,4.89,2.09,36,
sideburns,5.39,2.17,23,
sidecar,4.5,2.41,22,
sidekick,5.79,2.18,19,
sideline,4.5,1.57,22,
sideshow,5.58,1.87,19,
sidewalk,6.19,2.29,21,
sidewinder,4.23,1.85,22,
siege,4.39,2.61,36,
siesta,6.6,2.3,20,
sift,5.43,2.31,23,
sigh,5.0,2.37,21,
sight,5.94,1.86,18,
sighting,5.62,1.98,26,
sightseeing,6.41,2.24,22,
sigma,5.26,1.66,23,
sign,5.38,2.06,16,
signal,7.05,2.17,19,
signature,6.88,1.93,26,
significance,5.96,2.14,23,
significant,6.0,1.75,22,
signify,5.58,1.79,24,
silence,6.26,1.73,19,
silencer,4.0,2.59,18,
silent,6.59,2.28,22,
silhouette,5.2,2.52,25,
silicon,6.19,1.78,21,
silicone,5.24,2.08,17,
silk,5.55,2.37,49,
silken,5.8,2.57,20,
silky,5.93,1.7,28,
sill,5.41,1.79,22,
silliness,6.21,1.9,19,
silly,6.5,1.56,26,
silo,4.83,1.64,23,
silver,7.05,2.39,19,
silverware,5.27,1.82,26,
silvery,4.88,2.47,17,
similar,5.8,1.98,25,
similarity,5.12,1.76,25,
simmer,5.41,1.97,27,
simple,6.5,1.62,18,
simpleton,4.11,2.2,28,
simplicity,6.18,2.22,22,
simplify,6.41,1.92,22,
simplistic,6.16,1.42,19,
simulate,5.19,2.34,21,
simulated,5.42,2.06,19,
simulation,4.81,2.17,26,
simulator,5.43,2.16,21,
simultaneous,5.59,2.27,17,
sin,5.74,2.21,19,
sincere,7.21,1.84,19,
sincerity,6.19,1.55,26,
sinful,4.09,2.58,47,
sing,6.67,1.88,18,
singer,5.79,2.17,34,
single,4.83,2.41,18,
singular,5.24,2.14,17,
singularity,5.33,2.03,18,
sinister,4.15,2.52,20,
sink,4.1,2.27,20,
sinker,3.96,1.89,27,
sinner,5.67,2.37,27,
sinus,4.78,2.14,27,
sip,6.3,2.27,20,
sir,5.11,1.75,18,
sire,5.47,2.0,17,
siren,4.88,2.29,26,
sirloin,5.9,1.97,20,
sissy,4.61,2.46,23,
sister,5.59,2.53,17,
sisterhood,4.88,2.42,17,
sit,6.06,2.31,18,
sitcom,4.9,2.15,20,
site,6.09,1.93,22,
sitter,4.68,2.53,22,
situation,4.33,2.14,18,
six,5.58,2.19,24,
sixpence,5.22,2.16,18,
sixteen,4.36,1.09,22,
sixty,4.77,2.47,22,
sizable,6.19,1.99,21,
size,5.22,2.02,18,
sizzle,4.85,1.46,26,
ska,5.42,2.34,19,
skate,4.84,1.86,19,
skateboard,5.16,1.82,25,
skater,5.24,2.17,25,
skedaddle,5.05,2.3,22,
skeet,5.42,2.01,19,
skeletal,5.65,2.25,20,
skeleton,4.64,1.83,28,
skeptic,5.59,1.92,22,
skeptical,5.26,1.97,19,
skepticism,4.92,2.18,25,
sketch,6.2,1.91,25,
sketchy,4.58,2.04,24,
skewer,5.83,1.7,23,
ski,4.86,2.35,21,
skid,4.4,2.54,20,
skier,5.81,2.15,27,
skiing,5.7,2.36,20,
skijump,5.36,2.45,39,
skill,7.41,1.65,22,
skilled,7.43,1.66,21,
skillet,5.33,2.32,24,
skillful,6.75,2.15,24,
skim,5.62,2.33,21,
skimpy,5.28,2.42,18,
skin,5.0,1.71,18,
skinny,5.79,2.28,24,
skip,5.35,2.32,20,
skirmish,4.42,2.26,24,
skirt,5.86,2.13,21,
skit,5.71,2.22,21,
skittish,4.21,2.27,19,
skull,4.19,2.18,21,
skunk,4.04,1.89,23,
sky,5.61,2.42,49,
skylight,5.5,2.11,22,
skyline,5.35,2.18,20,
skyscraper,5.25,2.4,20,
slab,4.27,1.58,22,
slack,5.08,2.3,24,
slag,3.92,1.82,24,
slam,4.12,2.29,17,
slammer,3.85,2.64,20,
slander,3.62,1.96,26,
slang,5.59,2.15,22,
slant,5.08,1.79,24,
slap,4.78,2.52,50,
slash,4.97,2.37,36,
slate,6.0,1.86,23,
slaughter,3.57,2.28,47,
slaughterhouse,3.17,2.39,23,
slave,2.61,2.5,61,
slavery,2.68,2.4,28,
slay,5.39,2.86,23,
slayer,5.0,2.47,19,
sleaze,3.82,2.08,22,
sleazy,4.6,1.6,20,
sled,5.6,1.71,25,
sledge,4.95,1.84,22,
sledgehammer,4.41,2.24,17,
sleek,5.71,2.31,28,
sleep,5.3,2.58,23,
sleeper,5.86,2.05,28,
sleepless,3.08,2.15,24,
sleepover,5.33,2.0,18,
sleepy,4.56,2.18,18,
sleepyhead,4.7,2.75,20,
sleet,3.88,1.9,25,
sleeve,6.05,1.72,19,
sleigh,5.85,2.21,27,
sleight,3.72,1.97,25,
slender,5.32,2.01,22,
slice,5.05,2.35,20,
slick,5.25,2.22,28,
slicker,5.14,1.76,28,
slide,5.5,2.38,18,
slider,5.44,1.69,18,
slight,5.62,1.53,21,
slim,4.47,2.29,19,
slime,4.04,1.71,26,
slimy,5.0,2.39,23,
sling,5.73,2.03,26,
slingshot,5.48,2.06,21,
slinky,5.21,1.84,24,
slip,3.81,1.92,26,
slipper,5.93,2.18,28,
slippery,4.0,2.3,18,
slit,4.22,2.24,23,
sliver,4.5,1.97,22,
slob,4.29,2.33,21,
slobber,3.92,2.18,25,
slogan,5.24,2.09,25,
slop,4.5,2.18,22,
slope,4.5,1.53,28,
sloppy,3.62,1.71,24,
slot,5.12,2.42,34,
sloth,4.0,2.27,22,
slouch,4.79,2.51,19,
slow,5.39,2.38,41,
sludge,4.33,2.48,33,
slug,4.56,2.39,34,
slugger,5.88,2.03,24,
sluggish,4.5,2.31,36,
slum,3.83,2.43,18,
slumber,5.08,2.1,25,
slump,4.48,2.2,25,
slur,4.47,2.25,19,
slurp,5.67,1.62,21,
slush,4.78,2.41,23,
slut,3.9,2.68,21,
slutty,5.19,2.5,21,
sly,5.38,2.55,24,
smack,5.11,2.22,18,
small,4.53,2.07,17,
smallpox,3.34,2.39,62,
smart,6.81,2.61,16,
smartass,5.4,2.84,25,
smarten,5.84,2.15,25,
smarty,6.68,1.94,22,
smash,5.77,1.88,22,
smear,4.89,2.36,28,
smell,5.44,2.28,18,
smelly,4.0,1.75,20,
smidgen,5.25,2.2,20,
smile,7.72,1.18,18,
smiley,7.27,1.75,22,
smirk,5.82,1.99,22,
Smirnoff,4.76,2.22,25,
smite,4.61,2.51,36,
smithereens,5.13,2.32,23,
smock,5.25,2.09,24,
smog,2.89,1.2,19,
smoke,4.17,2.2,18,
smoker,4.9,2.66,21,
smoky,5.26,2.05,19,
smooch,6.71,1.85,21,
smooth,6.26,1.88,46,
smoothie,5.89,1.94,19,
smother,4.2,2.28,20,
smudge,4.89,2.31,27,
smug,4.75,1.33,20,
smuggle,4.23,2.47,22,
smuggler,4.45,2.14,20,
smut,4.96,2.56,24,
snack,5.88,2.0,17,
snafu,4.41,2.45,27,
snag,4.05,1.68,19,
snail,5.58,2.46,19,
snake,3.65,2.28,20,
snakeskin,4.14,1.83,22,
snap,4.86,2.14,22,
snapper,5.16,1.91,25,
snappy,5.68,2.21,22,
snapshot,6.35,1.81,20,
snare,4.55,1.9,22,
snarl,4.65,2.23,23,
snatch,5.17,2.27,23,
snatcher,3.92,2.34,25,
snazzy,6.18,1.89,22,
sneak,5.36,2.22,22,
sneaker,6.31,2.07,26,
sneaky,4.71,2.99,24,
sneer,5.0,2.13,19,
sneeze,3.2,2.53,25,
snide,4.19,2.58,21,
sniff,5.92,2.0,26,
snip,4.95,1.51,19,
sniper,3.89,2.62,28,
snippy,4.67,2.37,21,
snitch,4.42,2.76,24,
snob,4.81,2.49,42,
snoop,4.24,2.12,21,
snoopy,5.13,2.2,23,
snooty,5.25,2.52,16,
snooze,5.68,2.19,19,
snore,3.85,2.06,20,
snorkel,4.96,2.14,24,
snort,5.09,1.51,22,
snot,4.79,2.57,19,
snotty,3.91,2.02,22,
snout,5.28,1.84,18,
snow,5.62,1.9,26,
snowball,5.12,1.93,26,
snowboard,6.0,2.27,20,
snowboarder,5.12,2.22,25,
snowfall,4.77,2.78,22,
snowflake,4.81,2.62,21,
snowman,5.0,2.3,23,
snowplow,5.38,2.68,24,
snowstorm,3.76,2.85,25,
snowy,5.08,2.7,24,
snub,3.75,1.76,28,
snuff,4.65,2.41,20,
snug,5.54,2.28,28,
snuggle,6.83,2.09,42,
soak,5.6,2.16,20,
soap,5.32,2.69,25,
soapbox,6.05,1.73,22,
soapy,6.26,1.94,23,
soar,6.11,1.94,19,
sob,3.29,2.31,24,
sober,6.86,2.13,21,
sobriety,5.62,2.82,21,
soccer,5.77,1.95,22,
sociable,6.35,1.98,26,
social,5.17,2.07,18,
socialism,3.96,2.01,24,
socialist,4.32,2.39,25,
socialite,4.47,2.18,17,
socialize,6.44,2.4,25,
society,6.32,2.56,19,
sociology,5.19,2.32,21,
sociopath,2.3,1.45,20,
sock,5.14,2.17,21,
socket,5.42,1.74,19,
sod,5.08,2.3,24,
soda,6.04,2.12,24,
soda/pop,5.85,2.07,27,
sodium,5.33,2.08,24,
sofa,5.84,2.48,19,
soft,6.1,2.56,60,
softball,5.4,2.5,20,
soften,6.19,1.9,26,
softener,5.4,1.8,25,
softness,5.92,2.64,24,
software,5.32,2.45,19,
soggy,4.2,2.17,20,
soil,5.18,2.36,22,
soiree,4.48,2.04,21,
solace,5.58,1.74,19,
solar,5.61,2.45,18,
solarium,5.77,1.68,26,
soldier,5.84,2.69,19,
sole,5.27,1.85,26,
solemn,5.92,1.87,26,
solicit,4.95,2.01,21,
solicitation,5.56,2.4,25,
solicitor,4.14,2.01,22,
solid,6.15,2.2,26,
solidarity,6.27,2.57,22,
solitaire,6.53,1.9,19,
solitary,6.25,3.04,20,
solitude,6.53,2.32,19,
solo,6.04,2.66,24,
solution,6.53,1.95,19,
solve,6.67,1.98,21,
solvent,4.87,2.56,23,
somersault,6.32,2.06,19,
son,5.0,1.75,18,
sonar,4.81,2.23,21,
song,6.95,1.76,22,
songwriter,6.71,1.52,21,
sonic,5.45,2.06,20,
sonnet,5.48,2.11,21,
soot,5.0,2.06,36,
soothe,6.4,2.23,42,
soothing,5.76,1.67,21,
sophisticated,6.18,2.09,28,
sophistication,6.11,2.12,36,
sophomore,5.48,2.13,23,
soprano,5.67,2.11,21,
sorcerer,5.67,2.54,27,
sorcery,4.85,2.16,20,
sordid,4.0,2.03,17,
sore,3.92,2.41,24,
sorority,4.36,2.01,22,
sorrow,3.8,2.17,20,
sorrowful,4.11,1.88,19,
sorry,5.65,2.45,17,
soul,6.56,2.01,18,
soulful,6.38,1.94,26,
soulless,3.72,2.56,25,
sound,5.5,1.54,18,
soundproof,5.82,1.99,22,
soundtrack,5.72,2.02,18,
soup,6.64,2.17,22,
sour,4.34,2.33,58,
source,6.11,2.45,19,
sourpuss,3.94,1.47,18,
south,4.89,1.78,18,
southbound,6.14,1.64,22,
southeast,5.19,2.14,26,
southern,5.39,2.59,18,
southpaw,4.42,2.14,19,
southwest,6.2,1.89,25,
souvenir,6.16,1.71,19,
sovereign,5.65,2.32,20,
sovereignty,5.79,2.02,28,
soviet,4.83,2.5,24,
sow,5.74,2.07,23,
soy,5.52,2.23,23,
soy sauce,5.69,2.01,36,
soybean,4.44,1.87,25,
spa,6.35,2.32,20,
space,4.98,2.6,61,
spacecraft,5.04,1.83,24,
spaceman,4.85,2.07,26,
spaceship,5.15,2.68,20,
spacing,4.4,2.3,20,
spacious,5.91,2.14,22,
spade,4.88,1.58,26,
spaghetti,5.92,2.02,24,
spam,3.95,2.15,22,
span,5.78,1.76,23,
spandex,4.23,2.02,22,
spaniel,5.14,2.22,21,
spank,4.76,2.8,17,
spanking,4.62,2.72,48,
spar,4.96,2.42,26,
spare,5.63,2.41,19,
spareribs,6.71,1.98,21,
spark,4.9,1.87,21,
sparkle,5.64,2.17,22,
sparkling,6.48,1.6,21,
sparkly,5.12,1.99,25,
sparrow,4.68,1.97,19,
spasm,3.26,2.26,23,
spastic,3.38,1.76,24,
spatial,5.88,2.09,24,
spatter,4.68,2.21,19,
spatula,6.41,1.53,22,
spawn,5.61,2.7,33,
speak,5.89,1.94,18,
speakeasy,5.7,2.1,23,
speaker,5.47,1.58,19,
speakerphone,5.26,2.33,27,
spear,5.0,2.43,21,
spec,5.11,2.05,19,
special,6.72,1.96,18,
specialist,6.1,2.22,20,
specialize,6.29,2.07,24,
specialty,6.05,1.93,19,
species,4.31,1.85,16,
specific,5.89,2.42,27,
specify,5.22,2.45,23,
specimen,4.84,2.39,19,
speck,4.41,2.24,22,
speckled,5.64,1.65,22,
specs,5.61,1.04,18,
spectacle,5.0,1.68,25,
spectacular,6.04,1.78,26,
spectator,4.35,2.76,17,
spectral,4.11,1.52,19,
spectrum,4.82,1.85,28,
speculate,5.08,2.38,24,
speculation,5.29,2.26,21,
speech,6.68,2.14,19,
speechless,4.45,2.56,20,
speed,6.58,2.69,19,
speedboat,5.87,2.26,23,
speeding,6.18,2.04,22,
speedway,5.57,2.29,23,
speedy,6.16,2.27,25,
spell,6.58,2.5,19,
spelling,6.53,2.19,34,
spend,5.88,2.45,17,
spender,4.84,1.61,19,
sperm,4.43,2.41,23,
spew,5.39,2.59,23,
sphere,5.6,2.37,20,
sphincter,4.11,2.18,28,
sphinx,5.27,1.97,26,
spic,4.59,2.72,27,
spice,6.0,1.77,22,
spicy,5.55,2.31,20,
spider,3.74,2.43,43,
spiffy,5.85,2.16,20,
spike,5.42,1.89,19,
spill,4.5,2.21,20,
spin,4.92,2.4,26,
spinach,5.46,1.61,26,
spinal,4.72,1.74,25,
spindle,5.21,1.53,24,
spine,5.52,2.28,27,
spineless,4.1,2.23,21,
spinner,5.29,2.1,24,
spinster,4.71,2.28,21,
spiral,4.46,1.96,26,
spirit,6.38,2.27,42,
spirited,7.14,2.08,22,
spiritual,6.3,2.27,20,
spirituality,6.7,2.12,23,
spit,4.36,2.74,25,
spiteful,5.13,2.4,23,
spitfire,5.5,2.13,24,
spittoon,4.72,1.77,25,
splash,5.96,2.07,24,
splat,4.7,2.55,23,
splatter,4.54,2.29,35,
spleen,4.92,2.53,25,
splendid,6.69,2.19,26,
splendor,6.07,2.52,28,
splice,5.0,1.87,17,
splint,5.0,2.66,20,
splinter,5.67,1.9,27,
split,5.79,2.66,19,
spoil,4.11,2.15,28,
spoils,4.74,2.36,23,
spokesman,5.24,2.24,25,
spokesperson,5.14,1.82,21,
sponge,6.0,1.7,26,
sponsor,6.74,1.91,27,
sponsorship,6.8,1.47,20,
spontaneity,6.0,2.57,25,
spontaneous,6.13,2.55,23,
spook,5.0,2.38,19,
spooky,4.48,2.68,27,
spool,5.08,2.16,36,
spoon,5.18,2.4,22,
spoonful,5.85,2.48,20,
sport,6.21,2.37,19,
sporting,5.74,1.88,19,
sports car,5.69,1.59,26,
sportsman,5.85,2.01,26,
sportsmanship,6.71,1.87,21,
sportswriter,6.0,2.16,22,
sporty,5.0,2.12,25,
spot,4.83,2.09,18,
spotless,5.74,2.43,23,
spotlight,5.91,2.37,23,
spotter,5.24,2.26,25,
spotty,4.09,2.27,22,
spousal,6.21,1.96,24,
spouse,4.73,1.49,22,
spout,5.11,1.74,27,
sprain,3.6,1.89,25,
spray,6.22,2.21,18,
spread,6.37,2.22,19,
spreader,5.11,1.88,19,
spree,5.07,2.37,28,
spring,5.9,2.36,20,
springtime,5.43,2.57,23,
sprinkle,5.5,2.02,24,
sprinkler,6.38,1.97,24,
sprint,5.72,1.98,36,
sprite,5.68,1.46,22,
Sprite,5.52,2.08,27,
sprout,5.32,1.76,22,
spruce,4.96,2.49,24,
spud,4.86,2.37,36,
spunk,5.64,1.55,25,
spunky,7.21,1.44,19,
spur,5.5,2.3,24,
spy,3.84,2.59,19,
squabble,3.62,2.06,21,
squad,5.82,1.76,22,
squadron,4.52,2.0,25,
squall,4.68,2.15,22,
squander,4.82,1.94,22,
square,5.3,2.74,20,
squash,5.24,2.11,17,
squat,6.15,1.99,27,
squaw,4.81,2.03,36,
squawk,4.22,1.98,23,
squeak,4.62,2.06,21,
squeaky,4.88,2.12,17,
squeal,4.57,2.13,21,
squealer,3.92,2.36,24,
squeamish,4.47,2.17,19,
squeeze,6.0,2.27,27,
squid,4.89,2.03,18,
squint,4.62,2.6,24,
squire,5.04,1.75,26,
squirm,4.2,2.47,25,
squirrel,5.62,1.69,21,
squirt,4.79,2.35,19,
squish,5.08,2.47,24,
squishy,4.5,1.65,22,
stab,4.12,2.67,17,
stability,6.25,2.4,20,
stabilize,5.62,1.96,21,
stabilizer,5.44,2.0,25,
stable,6.33,2.78,24,
stack,5.86,1.77,21,
stadium,5.0,2.45,20,
staff,6.26,2.05,19,
stag,5.33,1.8,21,
stage,4.5,2.18,18,
stagecoach,5.18,2.04,17,
stagehand,4.19,1.91,21,
stagger,4.15,1.95,20,
stagnant,4.27,2.22,45,
stain,4.61,2.48,23,
stainless,5.56,2.38,18,
stair,5.67,2.33,21,
staircase,5.64,1.59,22,
stairs,5.57,1.83,21,
stairway,5.17,1.82,18,
stairwell,5.78,2.39,18,
stake,4.52,1.78,25,
stakeout,6.24,1.81,21,
stale,4.67,2.06,27,
stalemate,3.29,2.27,24,
stalk,3.61,2.31,28,
stalker,4.04,2.58,27,
stall,5.26,2.49,23,
stallion,6.56,2.21,27,
stamina,6.33,2.12,24,
stamp,6.69,1.81,26,
stampede,3.69,2.61,36,
stance,6.14,1.68,21,
stand,5.89,1.68,18,
standard,5.14,1.88,21,
standardized,4.46,2.02,26,
standby,4.06,2.36,17,
standoff,5.21,2.32,19,
standpoint,5.21,2.32,28,
standstill,4.25,1.96,28,
standup,5.82,1.87,28,
staph,3.5,1.68,22,
staple,4.76,2.17,21,
stapler,6.42,1.84,19,
star,5.82,2.55,38,
star fruit,6.25,2.24,20,
starboard,5.41,2.0,17,
starch,6.52,1.75,21,
stardom,6.68,1.92,19,
stardust,4.95,2.54,20,
stare,6.38,1.91,21,
starfish,5.79,2.3,24,
starlet,5.61,2.17,23,
starlight,5.0,2.16,19,
starling,5.91,2.04,22,
starry,5.59,2.47,27,
starship,5.41,2.45,17,
start,5.5,2.2,18,
starter,5.58,1.75,26,
startle,4.55,2.15,22,
startled,3.43,2.0,44,
startling,4.64,2.44,22,
starvation,3.81,2.59,16,
starve,3.12,1.9,17,
starving,4.86,2.66,42,
stash,5.77,2.09,22,
stat,5.11,2.08,19,
state,5.65,1.9,17,
stately,5.27,2.76,22,
statement,6.89,1.76,19,
stateroom,5.19,2.16,21,
stateside,4.89,1.77,28,
statesman,4.92,2.62,24,
static,4.45,2.46,22,
station,4.61,1.82,18,
stationary,5.9,2.05,20,
stationery,6.14,2.48,21,
statistic,5.74,1.76,19,
statistical,4.92,2.2,25,
statue,4.95,2.15,42,
stature,5.89,2.24,27,
status,5.28,2.24,18,
statute,5.67,2.16,24,
statutory,4.32,2.01,22,
stay,5.71,2.08,17,
STD,3.42,2.28,26,
stead,5.54,2.45,24,
steadfast,6.77,1.72,22,
steady,6.42,2.46,19,
steak,6.04,2.21,25,
steakhouse,5.48,2.18,25,
steal,3.0,1.85,18,
stealing,5.5,2.83,18,
stealth,5.15,2.01,26,
steam,4.84,2.24,19,
steamboat,5.6,2.19,20,
steamer,5.54,1.84,24,
steaming,6.25,2.38,24,
steamship,5.38,2.13,21,
steamy,5.79,1.65,19,
steel,5.68,2.34,25,
steep,5.04,1.74,23,
steeple,4.89,2.42,19,
steer,5.94,2.22,36,
steering,7.29,2.08,17,
stellar,6.12,2.47,24,
stem,6.19,1.86,21,
stench,3.47,2.4,38,
stenographer,4.95,1.62,22,
step,6.0,1.84,17,
stepdaughter,4.88,2.01,24,
stepfather,3.79,1.98,24,
stepmother,4.17,2.7,24,
steps,6.17,2.32,24,
stepson,4.57,1.96,21,
stereo,6.81,2.09,21,
stereotype,3.81,1.94,26,
sterile,4.95,2.52,20,
sterilize,6.64,2.38,22,
sterling,5.64,1.91,25,
stern,5.58,2.12,19,
sternum,4.7,2.05,27,
steroid,5.05,2.46,21,
stethoscope,5.24,2.62,21,
stew,5.36,2.06,22,
steward,5.64,2.36,25,
stewardess,4.97,2.35,34,
stick,5.82,2.43,17,
sticker,5.52,2.02,25,
stickler,5.22,2.07,18,
stickup,3.24,1.48,21,
sticky,5.19,1.83,26,
stiff,4.95,2.56,20,
stigma,4.62,2.52,34,
stillness,5.25,2.15,20,
stimulant,5.41,1.89,22,
stimulate,7.14,1.64,22,
stimulating,6.2,2.04,20,
stimulation,5.3,2.18,20,
stimulus,6.21,1.84,19,
sting,3.45,1.57,22,
stinger,4.36,2.57,28,
stinging,4.47,2.56,36,
stingy,4.54,2.46,28,
stink,4.76,2.54,25,
stinker,3.8,2.0,25,
stinky,4.29,2.23,17,
stint,5.65,2.28,20,
stipend,4.41,2.17,27,
stipulate,5.71,2.1,21,
stir,6.71,2.31,21,
stitch,5.11,2.49,19,
stitching,5.45,1.96,20,
stock,4.62,2.18,24,
stockade,4.36,2.26,22,
stockbroker,5.44,2.79,18,
stockholder,4.4,2.53,25,
stocking,5.0,2.23,22,
stockings,4.81,1.91,16,
stockpile,5.5,1.91,24,
stockroom,5.62,1.83,26,
stoic,6.04,2.34,23,
stomach,5.4,1.95,43,
stomachache,4.1,2.17,20,
stomp,6.44,2.24,27,
stone,7.26,2.31,19,
stonewall,5.24,2.23,21,
stony,4.96,2.28,28,
stooge,3.55,2.36,22,
stool,5.2,2.27,25,
stoop,4.29,2.26,21,
stop,5.06,2.7,17,
stopover,5.33,2.22,21,
stopper,5.74,2.43,34,
stopwatch,6.21,2.3,19,
storage,6.23,2.18,26,
store,5.44,1.54,18,
storefront,5.22,2.29,18,
storeroom,5.68,2.23,25,
storm,3.72,2.61,18,
stormy,4.53,2.59,19,
story,5.33,2.03,18,
storybook,6.32,2.56,25,
storyteller,5.9,2.49,20,
storytelling,6.18,1.97,22,
stout,4.86,2.92,22,
stove,6.08,2.04,24,
stow,5.04,1.94,23,
stowaway,4.83,2.15,23,
straddle,5.15,2.2,27,
straighten,5.88,1.75,24,
straightforward,6.3,2.12,23,
strain,4.08,1.87,26,
straitjacket,3.97,2.6,36,
strand,5.15,2.37,20,
strange,5.28,1.87,18,
stranger,4.84,2.46,19,
strangle,3.62,2.8,34,
strangulation,3.21,2.79,28,
strap,5.71,2.31,21,
strapless,5.33,2.54,21,
strapping,5.63,2.31,19,
strategic,6.29,1.85,21,
strategist,5.76,2.49,21,
strategy,6.67,1.93,24,
stratosphere,4.48,2.14,25,
straw,5.24,2.09,25,
strawberry,5.54,2.58,26,
stray,5.68,1.78,22,
streak,5.3,1.89,23,
stream,5.09,2.49,22,
streamline,5.84,1.95,19,
street,5.41,1.87,22,
streetcar,5.24,2.15,25,
streetlight,5.38,1.79,26,
strength,7.42,2.17,19,
strengthen,6.0,2.26,23,
strenuous,4.65,1.76,20,
strep,3.48,2.06,21,
stress,3.85,2.64,20,
stressful,3.97,2.36,36,
stretch,6.23,1.72,22,
stretcher,5.04,2.59,27,
stricken,3.25,1.73,24,
strict,5.27,2.73,22,
stride,5.1,1.84,21,
strife,4.18,2.28,28,
strike,3.28,1.49,18,
strikeout,4.78,2.7,23,
striker,5.3,2.27,20,
string,5.62,1.96,26,
strings,5.0,1.98,25,
stringy,4.84,2.03,19,
strip,5.81,2.25,21,
stripe,5.21,2.04,24,
striped,4.86,1.25,22,
stripper,5.0,2.43,25,
striptease,5.45,2.54,20,
strive,6.35,2.31,23,
stroke,4.19,2.39,27,
stroll,6.82,1.87,22,
stroller,5.68,1.91,25,
strong,6.54,2.46,46,
stronghold,5.04,2.44,28,
structural,5.27,1.7,22,
structure,5.83,1.9,23,
strudel,5.46,1.74,24,
struggle,3.67,2.37,21,
strut,6.39,1.5,28,
stub,4.05,1.88,20,
stubborn,5.0,2.33,19,
stubbornness,5.85,2.68,20,
stubby,5.3,2.55,27,
stud,5.05,1.76,20,
student,6.79,2.37,19,
studio,5.57,2.23,21,
study,5.33,2.43,18,
stuff,4.83,2.09,18,
stuffed animal,6.39,2.61,23,
stuffy,4.53,2.37,19,
stumble,4.2,2.33,25,
stump,4.54,2.2,35,
stun,4.19,2.36,21,
stunner,5.85,1.94,27,
stunning,5.81,2.32,36,
stunt,4.4,2.24,25,
stuntman,4.92,2.1,25,
stupendous,6.38,1.75,26,
stupid,4.03,2.76,58,
stupidity,4.32,2.46,22,
sturdy,6.62,1.72,21,
stutter,4.72,2.26,25,
style,7.47,1.61,19,
styling,6.41,1.89,22,
stylish,6.07,2.23,27,
stylist,5.56,2.12,27,
suave,6.04,1.97,26,
sub,5.45,1.87,22,
subatomic,3.89,2.08,19,
subcommittee,4.9,1.73,21,
subconscious,3.72,2.65,25,
subdivision,4.96,1.97,24,
subdue,6.0,2.85,21,
subdued,4.57,2.25,47,
subdural,4.96,2.37,26,
subject,6.37,2.39,19,
subjective,5.21,2.44,19,
sublet,5.19,2.16,21,
sublevel,4.56,2.28,18,
sublime,5.21,2.35,19,
subliminal,3.78,2.37,18,
submarine,4.61,2.13,23,
submerge,4.82,2.41,34,
submersible,4.83,1.63,24,
submission,4.97,2.72,33,
submissive,4.47,2.95,19,
submit,4.43,2.73,21,
subordinate,3.46,2.24,28,
subpoena,2.67,2.03,18,
subscribe,6.23,2.18,22,
subscriber,4.82,2.4,22,
subscription,5.86,1.93,21,
subsequent,5.22,2.09,23,
subservient,4.25,2.4,20,
subside,5.0,2.09,24,
subsidiary,5.74,2.19,34,
subspace,5.2,2.19,20,
substance,5.75,2.31,20,
substandard,3.67,2.08,21,
substantial,6.62,2.11,21,
substantiate,5.45,2.18,22,
substation,5.0,1.95,22,
substitute,5.25,1.8,20,
substitution,5.6,2.08,25,
subterranean,4.88,2.09,34,
subtext,4.2,1.77,20,
subtitle,5.67,2.74,18,
subtle,5.09,2.64,22,
subtlety,5.3,2.36,33,
subtract,6.1,2.19,21,
suburb,5.71,2.37,21,
suburban,5.69,2.35,26,
suburbia,5.05,2.06,22,
subversive,5.33,2.43,27,
subway,4.68,1.78,22,
succeed,6.1,2.25,20,
success,6.38,2.38,40,
successful,7.71,1.42,21,
succession,5.89,2.11,18,
successor,5.9,2.1,21,
succubus,4.05,2.31,21,
succulent,5.89,2.11,19,
suck,5.47,3.06,19,
sucker,4.17,2.31,18,
suction,4.88,2.13,25,
suds,5.5,1.68,22,
sue,5.58,2.78,19,
suede,5.71,1.98,21,
suffer,3.32,2.26,28,
suffice,6.19,2.23,21,
sufficient,6.0,2.08,20,
suffocate,3.48,2.61,23,
suffocation,3.17,2.21,23,
sugar,6.32,2.32,25,
suggest,5.84,2.43,19,
suggestion,6.41,2.02,22,
suggestive,5.68,2.4,19,
suicidal,3.24,2.43,21,
suicide,4.21,3.02,24,
suit,5.17,2.64,18,
suitable,6.16,2.12,25,
suitcase,5.5,2.16,34,
suite,6.16,1.46,19,
suitor,5.58,2.48,24,
sulfate,4.91,2.07,23,
sulfur,5.0,2.29,27,
sulk,3.68,2.04,25,
sullen,4.57,1.75,23,
sully,4.45,1.88,20,
sultan,4.94,2.44,18,
sum,5.88,2.13,25,
summarize,6.4,2.11,20,
summary,6.09,1.48,22,
summation,5.19,2.27,36,
summer,6.61,1.69,18,
summerhouse,5.71,2.27,24,
summertime,6.5,2.24,22,
summit,4.45,2.02,22,
summon,6.04,2.24,28,
summons,3.84,2.48,19,
sumo,5.48,2.21,23,
sun,4.98,2.72,54,
sunburn,4.12,2.09,25,
sundae,5.8,2.26,20,
sundial,5.19,2.69,16,
sundown,4.4,2.5,20,
sunflower,6.15,1.85,27,
sunglasses,5.83,2.25,23,
sunken,4.0,2.19,24,
sunlight,6.12,2.3,43,
sunny,5.11,2.51,19,
sunrise,5.95,2.65,22,
sunroof,6.17,1.67,23,
sunscreen,5.89,2.13,19,
sunset,5.32,2.98,25,
sunshine,5.43,2.29,21,
suntan,5.39,2.25,23,
sunup,5.21,2.46,19,
sup,5.26,2.12,23,
super,6.91,1.62,23,
superb,6.64,1.5,22,
superficial,4.62,2.3,24,
superfluous,4.58,1.59,24,
superhero,5.83,2.37,23,
superhuman,6.33,2.59,27,
superintendent,5.16,2.57,19,
superior,5.95,1.9,19,
superiority,6.81,1.91,21,
superman,5.11,2.81,18,
supermarket,5.28,1.87,18,
supermodel,5.18,2.61,22,
supernatural,4.0,2.68,25,
supernova,3.5,2.91,20,
superposition,5.29,2.42,24,
superpower,5.81,2.56,21,
superstar,5.42,2.24,24,
superstition,5.45,1.84,22,
superstitious,4.89,2.29,27,
superstore,4.75,2.42,24,
supervise,6.1,2.45,21,
supervision,4.55,3.04,22,
supervisor,5.55,2.67,20,
supper,5.64,2.08,25,
suppertime,6.61,2.0,18,
supple,5.7,2.05,27,
supplement,5.22,1.63,18,
supplemental,6.05,2.11,20,
supplier,5.04,1.77,23,
supply,5.24,2.39,17,
support,6.11,2.42,18,
supporter,6.32,1.96,22,
supportive,6.58,2.24,24,
suppose,5.11,2.03,18,
supposed,5.24,2.19,17,
suppress,4.55,2.61,20,
suppression,4.29,2.34,17,
supremacy,5.57,2.77,21,
supreme,6.11,2.58,19,
sure,6.82,1.51,17,
surf,5.18,2.77,34,
surface,5.16,2.36,19,
surfboard,4.8,2.57,20,
surfer,5.74,2.3,23,
surge,5.92,2.28,24,
surgeon,5.0,2.63,21,
surgery,3.2,2.04,20,
surgical,3.75,2.05,24,
surly,4.95,2.28,22,
surname,5.76,2.0,21,
surplus,6.58,2.04,19,
surprise,5.17,2.41,18,
surprised,4.72,2.17,25,
surprising,3.77,1.82,22,
surreal,5.12,2.09,25,
surrender,3.88,2.72,24,
surrogate,4.5,2.33,18,
surround,4.43,1.71,28,
surroundings,5.7,1.33,23,
surveillance,5.48,2.91,21,
survey,6.93,1.8,27,
survival,5.86,2.03,21,
survive,6.21,2.72,19,
survivor,6.25,2.4,24,
susceptible,4.0,2.27,24,
sushi,5.81,2.33,26,
suspect,3.22,1.93,18,
suspend,4.68,1.97,19,
suspense,4.95,2.04,20,
suspension,5.46,2.25,24,
suspicion,4.95,2.41,19,
suspicious,3.95,2.01,20,
sustain,6.45,1.82,22,
sustenance,6.12,2.49,24,
suture,4.65,2.08,20,
suv,5.11,2.42,28,
swab,5.27,1.64,22,
swag,5.94,2.01,17,
swallow,5.72,2.61,18,
swami,4.25,2.0,20,
swamp,4.12,1.65,24,
swank,5.27,1.83,22,
swap,5.12,2.16,26,
swarm,3.92,2.66,36,
swastika,3.35,2.4,17,
swat,5.24,2.21,21,
sway,6.15,2.09,26,
swear,4.11,1.68,18,
sweat,4.69,2.52,36,
sweater,5.95,2.27,19,
sweatshirt,5.05,2.2,19,
sweatshop,3.39,2.23,23,
sweaty,4.53,1.87,19,
sweep,5.76,2.1,21,
sweeper,6.22,2.08,27,
sweet,6.12,1.93,17,
sweeten,5.74,2.36,23,
sweetheart,6.76,2.24,25,
sweetie,5.89,1.71,18,
sweetness,5.92,1.79,26,
swell,5.59,1.97,17,
swerve,4.73,1.73,26,
swift,6.24,1.96,54,
swig,6.0,2.22,25,
swill,5.24,2.02,21,
swim,6.47,2.52,19,
swimmer,6.48,1.89,21,
swimming,5.83,2.68,18,
swimsuit,5.08,2.49,36,
swindle,4.13,2.69,23,
swindler,3.86,2.39,21,
swine,4.78,1.98,23,
swing,6.16,1.61,19,
swinger,4.96,2.38,23,
swipe,5.0,2.18,27,
swirl,5.12,2.23,26,
swish,5.8,2.12,20,
switch,6.0,2.52,19,
switchblade,4.44,2.45,25,
switchboard,5.31,1.67,26,
swivel,5.52,2.31,33,
swoon,5.67,2.77,18,
swoop,5.04,2.06,23,
sword,6.0,2.45,21,
swordfish,5.19,2.04,26,
swordplay,4.96,2.16,24,
swordsman,4.68,2.28,22,
sycamore,4.81,2.18,21,
syllable,5.7,2.0,27,
syllabus,4.74,2.23,27,
symbiotic,5.16,1.74,19,
symbol,4.96,2.33,27,
symbolic,5.55,1.99,20,
symbolism,5.3,1.72,20,
symbolize,6.29,1.87,21,
symmetrical,5.05,2.21,20,
symmetry,6.42,2.21,24,
sympathetic,6.3,2.25,20,
sympathize,7.05,1.81,19,
sympathy,5.9,2.17,20,
symphonic,5.69,2.11,26,
symphony,5.62,2.34,24,
symposium,6.0,1.91,24,
symptom,5.0,2.68,18,
symptomatic,4.94,2.15,18,
synagogue,4.64,2.11,22,
synapse,5.14,2.08,22,
synaptic,4.57,2.2,21,
sync,6.13,1.58,23,
synchronize,6.05,1.99,19,
syndicate,4.67,1.99,24,
syndrome,3.77,2.2,35,
synergy,5.39,2.01,28,
synonymous,5.47,2.17,19,
synthesizer,5.64,2.08,25,
synthetic,5.05,1.94,21,
syphilis,3.27,2.73,48,
syringe,5.39,2.39,23,
syrup,5.25,2.71,24,
system,5.65,2.67,17,
systematic,4.65,2.0,26,
t-shirt,5.19,2.04,27,
tab,5.71,2.03,21,
tabasco,5.62,2.43,24,
tabernacle,5.7,2.38,33,
table,5.84,1.64,19,
tablecloth,6.28,1.95,25,
tablet,6.1,2.05,20,
tabloid,3.93,1.86,28,
taboo,3.94,2.54,17,
tack,5.0,2.38,20,
tackle,5.2,2.59,20,
tacky,4.58,1.98,24,
taco,6.13,1.77,23,
tact,5.94,2.19,36,
tactful,6.32,2.03,22,
tactic,6.19,1.44,21,
tactical,5.46,2.3,26,
tad,5.58,1.84,26,
tadpole,5.32,2.64,22,
taffy,5.0,2.15,23,
tag,5.88,2.47,17,
tail,5.32,1.89,19,
tailgate,4.8,2.29,25,
taillight,5.53,1.94,17,
tailor,6.17,2.38,18,
tailpipe,5.94,1.98,18,
taint,4.45,2.18,22,
take,4.83,2.15,18,
takeoff,5.11,2.15,27,
takeout,6.42,1.84,24,
takeover,5.65,2.64,26,
taker,3.7,2.36,23,
talcum,4.71,2.17,21,
tale,6.19,2.22,27,
talent,6.11,2.14,18,
talented,6.14,2.88,22,
talisman,4.83,2.18,24,
talk,6.44,1.86,16,
talkative,5.79,2.0,24,
talker,6.0,2.06,25,
tall,6.47,2.67,19,
tally,6.29,2.02,17,
talon,4.72,1.95,25,
tambourine,6.04,2.12,23,
tame,5.47,2.17,19,
tamer,5.92,1.67,24,
tamper,4.63,2.03,19,
tampon,5.54,1.98,26,
tan,5.5,2.65,22,
tang,5.32,2.53,25,
tangerine,6.0,2.85,21,
tangible,6.56,2.04,27,
tangle,4.35,2.21,20,
tango,6.04,1.97,25,
tank,4.92,2.53,25,
tank top,5.32,2.12,25,
tanker,5.33,1.78,18,
tantrum,3.4,2.58,25,
tap,6.12,2.2,25,
tape,5.11,1.88,18,
tape measure,5.68,2.54,34,
tapestry,5.6,2.53,25,
tapeworm,3.33,2.29,36,
tapioca,5.67,1.98,21,
taps,4.58,1.56,24,
tar,5.1,2.28,21,
tarantula,4.04,1.97,23,
tardiness,4.3,2.56,20,
tardy,4.35,2.48,20,
target,6.42,2.14,19,
tarmac,5.35,1.65,26,
tarot,4.77,1.77,26,
tarp,4.36,1.59,22,
tarry,4.55,2.11,20,
tart,5.68,2.15,22,
tartar,5.38,2.32,26,
task,6.18,1.71,22,
tassel,5.32,2.33,19,
taste,7.33,1.97,18,
tasteful,6.54,1.69,24,
tasteless,5.4,2.5,25,
tasty,6.18,2.27,17,
tattler,4.75,1.86,20,
tattletale,4.7,2.01,23,
tattoo,6.63,2.29,19,
taunt,3.23,1.66,22,
taupe,5.77,1.37,26,
taut,4.73,2.52,33,
tavern,5.0,2.51,22,
tawdry,3.37,2.17,19,
tawny,4.38,1.8,21,
tax,3.05,2.1,22,
taxi,4.53,2.61,43,
taxicab,5.24,2.21,21,
taxpayer,5.06,3.17,18,
tea,6.0,2.11,18,
teach,5.78,2.05,18,
teacher,5.95,2.17,22,
teacup,5.58,1.77,19,
teahouse,5.61,2.1,23,
teal,5.7,2.55,27,
team,6.53,2.24,17,
teammate,5.68,1.55,25,
teamwork,5.54,2.15,24,
teapot,5.67,2.03,21,
tear,5.68,2.45,19,
tearful,3.42,2.32,19,
tease,5.24,2.46,54,
teaspoon,5.43,2.61,23,
teatime,5.82,2.22,22,
tech,5.55,1.95,22,
technical,6.24,1.89,21,
technicality,4.3,2.48,23,
technician,4.81,1.86,21,
technique,5.68,1.81,28,
techno,5.18,2.51,17,
technological,6.25,2.54,24,
technology,5.2,2.31,15,
teddy bear,6.35,2.32,17,
tedious,4.1,2.47,21,
tee,6.15,2.25,27,
teeming,4.4,1.89,25,
teen,4.89,2.15,27,
teenage,5.05,2.58,20,
teenager,4.3,2.27,23,
teens,4.0,2.33,25,
teensy,5.84,2.22,19,
teeny,5.0,1.52,26,
teeth,5.65,2.52,20,
teething,4.12,2.54,25,
telegram,5.14,1.84,28,
telegraph,5.21,2.04,24,
telekinesis,4.62,2.48,21,
telemetry,5.48,2.47,27,
telepathic,5.24,2.89,25,
telepathy,5.26,2.79,19,
telephone,6.74,2.58,19,
telescope,6.07,2.37,28,
telethon,5.29,1.81,24,
teletype,5.21,2.19,34,
televised,5.37,2.31,19,
television,6.21,2.37,19,
tell,4.94,2.18,18,
teller,4.32,1.82,25,
temp,4.9,2.39,21,
temper,4.61,2.68,23,
temperament,5.32,2.04,25,
temperamental,4.61,2.2,18,
temperance,6.58,1.92,19,
temperature,4.64,2.28,22,
tempest,4.62,2.2,21,
template,4.86,2.24,28,
temple,5.84,1.89,19,
tempo,6.0,2.18,22,
temporal,5.42,2.24,24,
temporary,4.29,2.19,21,
tempt,4.8,2.2,25,
temptation,5.25,2.35,28,
tempting,5.17,2.51,24,
temptress,4.42,2.43,19,
ten,4.8,2.55,20,
tenacious,5.42,2.92,24,
tenant,5.41,2.02,27,
tend,6.33,1.71,21,
tendency,4.68,2.08,22,
tender,5.85,2.52,54,
tenderfoot,4.95,2.28,20,
tenderness,5.08,2.04,25,
tendon,4.68,2.41,34,
tenement,5.05,1.96,22,
tennis,5.68,1.95,25,
tenor,5.69,1.95,36,
tense,4.72,2.42,60,
tension,4.53,2.76,19,
tent,5.91,1.9,22,
tentative,5.16,2.48,25,
tenure,5.68,2.25,34,
tepee,4.95,2.36,22,
tequila,5.38,2.26,24,
teriyaki,5.58,2.57,19,
term,5.5,1.57,22,
terminal,4.15,2.54,20,
terminate,3.25,2.09,24,
termination,3.38,2.18,21,
terminator,4.34,2.78,35,
terminology,5.32,1.68,25,
termite,3.53,1.43,19,
terrace,4.86,1.59,21,
terrain,4.83,2.1,23,
terrible,3.4,2.17,47,
terrier,5.32,2.01,22,
terrific,6.27,2.22,48,
terrified,3.29,2.57,48,
terrify,2.79,2.47,24,
terrifying,2.68,1.72,28,
territorial,5.32,2.19,22,
territory,6.23,2.18,26,
terror,2.95,2.27,21,
terrorism,2.69,1.69,26,
terrorist,3.02,2.55,43,
terrorize,3.05,1.99,22,
test,4.06,2.04,18,
testament,5.68,1.78,22,
testicle,4.86,2.13,21,
testicular,4.14,2.32,22,
testify,5.88,2.57,26,
testimonial,4.8,1.8,25,
testimony,4.63,2.24,19,
testosterone,4.73,2.16,26,
testy,5.47,2.12,19,
tetanus,4.2,2.31,25,
tether,4.7,2.7,23,
text,6.33,1.57,18,
textbook,5.17,2.5,24,
textile,5.71,1.68,24,
texture,5.29,2.18,24,
thank,6.89,1.91,18,
thankful,6.55,1.99,22,
thankless,4.68,2.5,19,
thanks,6.72,2.11,18,
thanksgiving,6.25,2.17,24,
thatch,4.86,1.36,22,
thaw,5.82,2.63,22,
theater,5.54,2.1,26,
theatrical,6.95,1.64,20,
theatrics,6.21,2.28,24,
theft,3.93,2.51,28,
theme,5.9,2.27,20,
theology,5.35,2.59,23,
theoretical,4.97,2.6,34,
theory,5.76,2.11,25,
therapeutic,6.59,2.34,27,
therapist,4.23,2.41,22,
therapy,4.73,2.01,26,
thermal,5.09,1.66,22,
thermometer,5.32,2.53,25,
thermos,5.17,2.26,24,
thermostat,5.73,2.69,22,
thesis,5.88,2.03,26,
thick,5.72,2.22,18,
thicket,4.45,2.3,22,
thickness,4.95,2.22,21,
thief,3.14,1.85,43,
thigh,5.73,1.61,26,
thin,5.33,2.41,24,
thing,5.41,1.87,17,
thingy,5.16,2.01,19,
think,6.5,2.01,18,
thinker,7.68,1.42,19,
third,5.61,2.28,18,
thirst,6.0,2.29,20,
thirsty,6.2,1.82,20,
thirteen,4.46,1.98,24,
thirty,5.7,1.72,23,
thistle,3.73,2.07,22,
thong,5.16,2.71,19,
thorn,4.1,2.13,20,
thorny,3.68,2.13,28,
thorough,7.28,1.59,25,
thoroughbred,5.55,2.28,20,
thoroughfare,5.81,1.81,21,
thought,6.15,2.48,20,
thoughtful,6.62,1.93,47,
thoughtless,4.45,2.69,22,
thousand,6.0,1.97,18,
thrash,5.05,2.06,22,
thread,5.5,2.1,28,
threat,3.6,2.16,20,
threaten,3.29,2.31,21,
three,5.45,2.06,20,
threesome,6.0,2.52,24,
threshold,4.61,1.59,28,
thrift,5.93,2.0,28,
thrill,6.09,2.14,45,
thriller,4.57,1.89,21,
thrilling,5.95,2.61,22,
thrive,7.05,1.93,20,
thriving,7.42,1.59,24,
throat,5.84,2.48,19,
throbbing,4.89,2.54,19,
throes,4.65,0.78,23,
throne,6.19,2.73,21,
throttle,5.71,1.98,21,
throw,6.12,1.93,17,
throwback,5.0,1.89,19,
thrower,5.24,2.46,17,
thrust,6.11,2.22,28,
thruster,4.94,2.26,16,
thud,4.52,2.29,25,
thug,3.53,2.37,17,
thumb,5.79,2.3,19,
thumbprint,5.03,2.66,33,
thump,5.5,1.89,18,
thumper,4.83,1.85,23,
thunder,3.9,2.65,20,
thunderbolt,4.17,2.25,23,
thunderclap,4.18,2.56,22,
thunderstorm,3.5,2.09,22,
thyroid,3.13,1.71,23,
tiara,5.23,2.41,35,
tibia,5.56,1.82,18,
tic,3.71,1.95,21,
tick,3.62,2.52,21,
ticker,5.82,2.08,22,
ticket,5.0,2.06,18,
tickle,5.28,2.84,25,
ticklish,4.39,2.66,23,
tidal,5.32,1.8,19,
tidal wave,3.0,2.43,19,
tide,4.76,2.35,25,
tidings,4.82,2.59,22,
tidy,6.75,2.34,20,
tie,5.17,1.89,18,
tier,5.63,1.83,19,
tiger,4.4,2.64,20,
tighten,6.08,2.23,36,
tightrope,3.89,2.24,27,
tights,4.56,2.26,27,
tile,4.82,1.71,22,
tilt,5.8,1.99,20,
timber,5.37,1.77,19,
time,4.36,2.41,44,
timeless,5.45,2.37,20,
timely,5.9,2.34,20,
timeout,4.72,2.53,25,
timer,4.27,1.86,22,
times,6.12,2.03,16,
timetable,5.56,2.06,25,
timid,4.69,2.35,35,
timing,5.36,2.04,25,
tin,5.54,1.71,28,
tinfoil,5.0,2.41,20,
tingle,5.52,1.75,23,
tinker,5.95,2.58,20,
tinkle,5.22,1.83,18,
tinkling,5.91,2.31,22,
tinsel,5.15,2.45,34,
tiny,6.16,2.85,19,
tip,5.84,2.81,19,
tipper,6.81,2.09,27,
tipster,5.65,2.15,26,
tipsy,4.57,2.36,21,
tiptoe,5.74,2.58,19,
tire,5.52,1.63,21,
tired,5.06,2.38,16,
tireless,6.09,2.04,22,
tiresome,4.73,2.05,22,
tiring,3.78,2.17,23,
tissue,5.32,2.31,34,
tit,4.86,2.35,21,
titan,6.05,2.78,19,
titanic,4.53,2.58,17,
titanium,5.88,2.15,24,
title,5.25,2.01,24,
toad,4.84,2.19,25,
toast,6.39,2.23,18,
toaster,6.23,1.8,26,
toasty,5.57,2.18,21,
tobacco,4.13,2.46,23,
toddler,4.88,2.01,25,
toe,5.1,1.65,20,
toenail,5.96,2.18,24,
toffee,6.33,1.71,36,
tofu,4.9,2.02,21,
toga,6.09,1.57,22,
togetherness,6.37,1.89,19,
toil,4.92,2.22,36,
toilet,6.37,2.22,19,
token,5.3,1.75,27,
tolerable,5.73,1.89,26,
tolerance,5.96,2.59,27,
tolerant,6.0,2.24,26,
tolerate,5.7,2.4,27,
toll,3.59,2.02,22,
tomahawk,4.91,1.87,22,
tomato,5.46,2.34,26,
tomatoes,5.42,2.45,24,
tomb,3.3,2.18,20,
tombstone,3.89,2.21,19,
tomcat,4.58,1.07,19,
tome,6.24,1.81,21,
ton,5.08,1.96,25,
tone,5.18,2.5,22,
toner,5.65,1.4,23,
tongs,5.25,2.45,20,
tongue,6.32,2.47,19,
tonic,5.51,2.25,35,
tool,5.98,2.01,41,
toolbox,6.42,2.03,33,
toot,5.53,1.58,19,
tooth,4.89,2.59,18,
toothache,2.95,2.13,44,
toothbrush,6.21,2.19,24,
toothless,3.52,2.04,21,
toothpaste,6.12,2.13,24,
toothpick,5.96,2.3,25,
toots,5.15,1.76,26,
top,6.25,2.14,16,
topaz,6.19,1.91,21,
topic,5.96,1.78,24,
topical,5.73,1.35,22,
topless,5.68,2.38,19,
topple,4.9,2.4,20,
topside,5.63,2.2,27,
torch,5.86,2.01,28,
torment,3.96,2.76,24,
tornado,2.87,2.64,46,
torpedo,3.89,2.65,18,
torque,5.06,2.53,32,
torrent,4.61,2.33,18,
torrid,3.9,2.27,20,
torso,6.0,2.2,22,
tortoise,5.54,1.86,24,
torture,2.76,2.05,45,
toss,5.77,2.27,22,
tot,5.5,1.99,22,
total,6.89,2.05,19,
tote,5.63,2.2,35,
totem,5.83,1.76,18,
touch,6.24,2.19,17,
touchdown,5.91,2.31,23,
touchy,3.63,2.39,19,
tough,6.0,1.83,16,
toughen,5.94,2.32,16,
toupee,4.96,2.63,24,
tour,7.0,1.97,19,
tourism,5.65,2.31,23,
tourist,5.05,2.01,22,
tournament,5.18,2.77,17,
tourniquet,4.24,2.43,34,
tout,5.65,2.06,26,
tow,5.33,2.08,36,
towel,5.86,2.39,21,
tower,5.45,2.18,49,
towering,5.0,2.27,20,
town,5.47,1.94,17,
townhouse,4.57,2.25,21,
township,5.33,2.27,27,
townspeople,6.06,2.21,18,
toxic,4.13,2.8,23,
toxicity,3.28,2.64,25,
toxicology,5.17,2.48,18,
toxin,3.45,1.99,20,
toy,5.61,2.54,23,
toymaker,6.2,2.08,25,
trace,5.95,1.93,20,
traceable,5.24,2.17,17,
tracer,5.28,1.99,25,
trachea,4.38,1.91,21,
track,4.67,2.35,18,
tracker,5.0,2.32,20,
tract,5.05,1.96,19,
traction,6.16,1.92,19,
tractor,5.75,2.09,24,
trade,6.26,2.28,19,
trademark,5.74,2.49,19,
trader,5.8,1.91,25,
tradition,6.37,2.22,19,
traditional,5.43,2.68,21,
traffic,5.58,2.61,19,
traffic light,3.67,2.35,21,
trafficking,4.18,2.32,22,
tragedy,3.02,2.31,44,
tragic,4.2,2.04,20,
trail,5.42,1.96,26,
trailer,5.16,1.55,25,
train,5.72,1.74,18,
train set,6.21,1.72,24,
trainee,5.38,2.25,21,
trainer,5.25,2.09,24,
training,6.26,2.54,19,
trait,5.76,2.33,25,
traitor,4.73,2.62,22,
traitorous,4.5,2.65,20,
trajectory,4.6,2.09,20,
tram,4.05,1.69,21,
tramp,3.74,2.35,34,
trample,4.76,2.19,21,
trampoline,6.14,1.55,22,
trance,3.18,2.26,22,
tranquil,5.94,2.51,17,
tranquility,7.61,1.44,23,
tranquilizer,4.85,2.87,20,
transaction,5.58,1.77,24,
transatlantic,5.42,2.24,19,
transceiver,5.33,1.64,18,
transcend,6.47,2.0,34,
transcendent,4.73,1.75,22,
transcript,6.28,2.11,18,
transcription,5.05,2.18,21,
transfer,5.5,2.85,18,
transference,4.62,1.95,24,
transform,6.13,2.22,23,
transformation,5.42,2.14,19,
transformer,6.05,2.15,19,
transfusion,4.3,2.2,23,
transgression,5.0,2.37,34,
transient,4.21,1.84,19,
transistor,6.0,1.92,21,
transit,5.72,2.39,25,
transition,4.41,2.68,22,
transitional,4.86,2.17,28,
translate,5.55,2.63,20,
translation,6.0,2.37,22,
translator,4.76,2.01,25,
transmission,4.7,2.74,20,
transmit,5.3,2.45,20,
transmitter,5.25,2.25,24,
transparent,5.33,2.16,24,
transplant,4.38,2.17,26,
transponder,4.68,2.14,19,
transport,5.79,2.1,19,
transportation,5.37,2.45,27,
transporter,5.43,1.78,23,
transsexual,4.78,2.26,23,
transvestite,4.5,2.52,20,
trap,3.78,2.68,27,
trapdoor,4.54,2.5,24,
trapeze,4.59,2.67,22,
trapper,4.22,2.19,23,
trash,4.24,2.45,42,
trashy,4.73,2.62,26,
trauma,2.7,1.49,20,
traumatic,3.57,2.68,23,
travel,6.82,2.3,22,
traveler,5.17,2.35,23,
traverse,4.96,1.97,24,
travesty,3.18,1.92,22,
tray,6.05,2.2,19,
treacherous,3.33,2.26,24,
treachery,4.8,2.78,25,
tread,5.3,1.92,23,
treadmill,5.6,2.06,20,
treason,3.67,2.43,24,
treasure,6.04,2.25,23,
treasured,7.05,1.65,19,
treasurer,6.5,1.47,20,
treasury,6.04,2.13,25,
treat,6.66,2.16,975,
treatable,5.85,1.98,20,
treatment,4.53,2.41,19,
treaty,5.62,1.79,24,
tree,5.62,2.16,24,
tremble,3.79,1.75,19,
tremendous,4.9,2.25,20,
tremor,3.59,1.66,17,
trench,4.84,1.62,25,
trend,4.95,2.6,21,
trendy,5.83,2.52,23,
trespass,5.0,2.19,21,
triad,5.25,2.17,20,
triage,5.06,2.69,18,
trial,3.89,2.42,18,
triangle,5.06,2.49,17,
triangulate,5.76,2.0,21,
triathlon,6.41,2.06,22,
tribal,4.58,2.3,24,
tribe,5.5,1.97,28,
tribunal,4.74,2.36,23,
tribune,5.71,1.9,17,
tribute,5.91,2.27,22,
trick,3.22,1.56,18,
trickery,4.57,2.43,28,
trickster,4.29,2.22,24,
tricky,5.29,2.24,24,
tricycle,6.2,2.14,25,
trident,4.75,2.03,28,
trifle,4.25,1.89,24,
trifling,4.3,1.89,20,
trig,4.36,1.73,28,
trigger,5.27,2.16,26,
trillion,5.25,2.13,24,
trilogy,5.19,2.51,16,
trim,6.32,2.19,22,
trimester,5.27,2.07,22,
trinket,5.92,1.76,26,
trio,4.7,2.03,23,
trip,6.11,2.19,18,
tripe,4.58,2.19,19,
triple,4.75,1.99,36,
triplicate,5.38,2.13,21,
tripod,5.14,2.03,21,
trite,5.11,1.52,19,
triumph,7.5,1.47,20,
triumphant,6.05,2.6,43,
trivia,6.19,1.81,26,
trivial,4.67,1.95,24,
troll,4.04,2.12,28,
trolley,5.55,2.31,20,
trombone,6.11,1.52,19,
troop,4.74,1.42,23,
trooper,5.14,2.17,21,
trophy,6.73,1.67,55,
tropic,5.79,2.57,28,
tropical,5.62,2.12,24,
tropics,6.19,1.63,21,
trot,5.65,2.21,23,
trouble,4.35,2.58,60,
troubled,3.83,2.06,40,
troublemaker,5.29,2.49,24,
troublesome,5.05,2.19,20,
trough,4.62,1.91,21,
troupe,5.62,2.22,21,
trousers,5.91,2.31,22,
trout,5.67,2.2,21,
truce,5.7,2.03,20,
truck,5.43,1.96,61,
trucker,5.05,1.56,21,
truckload,5.55,2.48,20,
TRUE,7.0,1.76,38,
truffle,5.09,2.07,22,
trump,5.86,1.71,21,
trumpet,6.02,1.99,47,
trunk,5.46,2.28,41,
trust,6.95,1.86,22,
trustee,4.74,2.08,19,
trustworthy,7.29,2.1,24,
trusty,6.14,2.03,21,
truth,6.95,2.16,57,
truthful,6.75,2.0,20,
try,5.94,2.51,17,
tryout,5.5,2.44,20,
tsunami,2.6,2.14,20,
tub,5.14,2.62,22,
tuba,5.18,1.66,28,
tubby,4.64,2.25,25,
tube,4.68,1.52,28,
tuberculosis,4.64,2.46,22,
tubing,5.05,2.14,20,
tuck,5.21,2.06,24,
tug,5.1,2.34,20,
tugboat,5.15,2.28,27,
tuition,4.57,2.43,23,
tulip,5.36,2.1,25,
tumble,4.52,2.33,25,
tumbleweed,4.94,2.37,36,
tummy,5.04,1.75,26,
tumor,2.5,1.84,44,
tuna,5.7,1.92,23,
tune,5.76,1.85,62,
tunic,5.65,2.04,26,
tunnel,4.31,1.62,26,
turban,5.21,2.18,19,
turbine,5.71,2.24,24,
turbo,6.21,2.08,24,
turbulence,2.67,1.52,24,
turbulent,4.48,2.12,25,
turd,3.79,1.9,19,
turf,5.66,2.01,35,
turkey,5.59,2.32,27,
turmoil,4.04,2.66,24,
turn,5.88,2.09,16,
turnaround,5.46,2.52,24,
turnip,6.08,1.84,24,
turnoff,5.14,2.01,22,
turnout,5.21,1.84,19,
turnover,5.26,2.34,23,
turnpike,4.76,1.3,21,
turpentine,4.88,2.46,33,
turquoise,5.32,2.34,28,
turret,5.71,2.2,24,
turtle,5.82,2.06,22,
turtleneck,4.76,1.48,25,
tussle,4.88,2.47,17,
tutor,6.08,2.31,25,
tutoring,5.83,1.88,24,
tutu,5.08,2.13,36,
tux,5.42,1.84,19,
tuxedo,5.84,2.23,25,
tv,5.24,2.55,25,
TV,6.23,2.18,22,
twain,5.25,2.47,24,
twat,3.88,2.6,17,
tweak,6.3,2.27,20,
tweed,5.79,1.69,19,
tweet,5.37,1.98,19,
tweezers,6.18,1.94,22,
twelve,5.86,2.26,21,
twenty,5.14,2.4,22,
twerp,5.15,2.52,27,
twig,5.23,2.02,22,
twilight,4.8,2.3,50,
twin,4.09,2.41,22,
twine,5.48,2.28,25,
twinge,3.96,1.25,26,
twinkle,5.82,2.38,17,
twirl,6.52,1.72,21,
twist,5.95,2.42,20,
twister,4.89,2.75,27,
twit,4.47,2.37,19,
twitch,4.26,2.07,23,
twitchy,3.59,1.71,22,
two,5.05,2.15,22,
two step,5.0,1.41,21,
twosome,4.82,2.52,22,
tycoon,4.62,2.48,24,
tyke,4.55,1.99,22,
type,4.89,2.05,18,
typewriter,5.96,1.54,25,
typhoid,3.57,2.08,28,
typhoon,3.38,2.28,26,
typical,5.4,2.23,20,
typist,6.15,2.08,20,
typo,4.24,2.55,21,
tyranny,2.67,1.49,21,
tyrant,3.19,1.97,21,
ubiquitous,5.32,2.34,34,
ugliness,3.44,2.42,25,
ugly,3.86,2.2,43,
ukulele,5.37,2.52,19,
ulcer,3.35,2.37,43,
ulterior,4.32,2.5,25,
ultimate,5.75,2.25,24,
ultimatum,4.22,2.53,27,
ultrasound,4.86,2.73,21,
ultraviolet,4.82,1.79,22,
umbilical,4.33,1.35,21,
umbrella,5.75,2.06,44,
umpire,4.43,2.66,21,
umpteen,5.17,2.12,23,
unable,3.08,2.6,24,
unacceptable,4.22,2.29,18,
unaccounted,4.54,2.16,26,
unaffected,6.45,2.28,22,
unafraid,6.25,2.88,20,
unanimous,4.7,2.89,20,
unannounced,4.27,2.07,26,
unanswered,3.79,2.59,24,
unappreciated,3.58,1.77,26,
unarmed,4.29,2.74,24,
unattached,5.04,2.12,23,
unattainable,4.12,2.75,34,
unattended,3.82,2.42,22,
unattractive,3.47,2.06,19,
unauthorized,3.94,2.3,17,
unavailable,3.67,2.54,21,
unavoidable,3.78,2.29,27,
unaware,3.85,2.08,20,
unbalanced,3.21,2.12,19,
unbearable,3.38,2.16,24,
unbeatable,6.42,2.8,24,
unbecoming,4.36,2.46,22,
unbelievable,5.37,2.83,19,
unborn,3.95,2.2,21,
unbreakable,6.13,2.26,23,
unbridled,5.0,2.66,20,
unbutton,5.48,2.54,21,
uncalled,3.65,2.06,20,
uncanny,5.03,2.14,33,
uncertain,3.58,2.57,19,
uncertainty,4.1,2.05,20,
unchanged,4.5,2.15,28,
uncharted,5.0,1.62,23,
uncivilized,4.12,2.17,24,
uncle,5.24,2.44,17,
unclean,4.19,2.64,21,
unclear,4.12,2.22,25,
uncomfortable,3.68,2.02,28,
uncommon,4.86,1.75,22,
uncomplicated,6.68,2.48,22,
uncompromising,4.88,2.49,26,
unconditional,5.72,2.7,25,
unconfirmed,3.37,1.83,19,
unconscious,2.81,1.55,26,
uncontrollable,2.18,1.26,22,
unconventional,4.62,1.77,21,
uncooperative,3.6,2.04,25,
uncouth,4.0,2.18,20,
uncover,6.5,1.46,16,
uncut,4.76,1.99,17,
undead,5.0,2.38,24,
undefeated,7.04,2.14,23,
undeniable,4.68,2.34,22,
underage,4.28,2.41,25,
underbelly,5.11,1.88,19,
undercover,4.96,1.87,23,
underdog,4.08,2.48,25,
underestimate,5.08,2.32,24,
undergo,4.68,2.29,19,
undergraduate,6.2,2.25,25,
underground,5.1,1.76,21,
underhanded,3.18,2.08,22,
underlay,4.68,2.03,22,
underlying,4.72,2.15,25,
undermine,4.6,2.6,20,
underpants,5.75,2.33,24,
underprivileged,3.35,1.84,17,
underrated,5.38,1.96,21,
undersea,3.91,2.47,22,
undersecretary,4.48,1.87,27,
understaffed,4.39,2.46,36,
understand,6.71,1.61,17,
understandable,6.67,2.1,24,
understanding,7.31,1.62,26,
understatement,4.84,1.68,19,
understudy,4.29,1.93,21,
undertake,5.21,2.12,19,
undertaker,3.86,2.25,22,
undertaking,5.53,2.37,17,
undertow,3.89,2.35,28,
underwear,5.7,2.43,27,
underworld,4.26,2.0,23,
undesirable,3.75,1.89,20,
undetectable,4.42,2.52,36,
undetected,4.19,2.34,21,
undetermined,3.86,2.37,21,
undignified,4.53,2.37,19,
undiscovered,4.62,2.36,16,
undisputed,5.53,2.25,19,
undisturbed,6.56,2.28,27,
undivided,5.17,2.15,23,
undo,6.44,2.14,27,
undress,5.37,2.27,19,
undressed,5.65,2.21,23,
undue,4.24,2.25,17,
undying,5.27,2.12,22,
uneasy,3.82,2.08,22,
uneducated,5.28,2.69,25,
unemployed,3.38,2.35,26,
unemployment,2.95,1.68,19,
unending,4.77,2.45,22,
unethical,5.32,3.06,22,
uneven,3.54,1.93,24,
uneventful,4.76,2.19,17,
unexpected,3.39,2.23,23,
unexplainable,3.76,2.39,17,
unexplained,4.12,2.7,26,
unexplored,5.47,2.2,19,
unfair,4.0,2.2,20,
unfaithful,4.44,2.51,61,
unfamiliar,4.0,1.94,19,
unfeeling,4.42,2.62,24,
unfinished,5.0,2.5,27,
unfit,4.22,2.59,23,
unfold,5.63,1.77,19,
unforeseen,3.08,1.58,25,
unforgettable,5.86,2.57,21,
unforgivable,3.56,2.06,25,
unforgiving,4.29,2.2,24,
unfortunate,4.21,2.59,19,
unfounded,4.57,1.97,23,
unfreeze,4.35,2.18,20,
unfriendly,4.45,2.72,22,
unglued,3.95,2.38,22,
ungodly,4.73,2.47,22,
ungrateful,4.74,2.82,23,
unguarded,4.32,1.91,22,
unhand,4.68,2.37,28,
unhappiness,2.96,1.95,28,
unhappy,3.71,2.22,21,
unharmed,6.5,1.91,20,
unhealthy,5.11,2.73,19,
unheard,3.54,1.67,28,
unholy,4.1,2.83,21,
unhook,5.75,2.11,24,
unicorn,5.14,2.26,21,
unidentified,3.62,2.38,21,
unification,6.14,1.96,22,
unified,5.3,2.62,23,
uniform,4.67,2.58,24,
uniformed,4.5,2.32,22,
unimaginable,4.46,2.23,24,
unimportant,5.32,1.46,22,
uninhabited,3.79,2.69,24,
unintelligible,3.4,2.47,25,
unintentional,3.29,1.71,24,
uninterrupted,6.74,1.79,19,
uninvited,3.76,2.67,25,
union,5.68,1.84,22,
unique,6.43,2.39,23,
unisex,4.36,1.66,28,
unison,6.22,2.34,18,
unit,5.18,1.82,44,
unite,6.85,1.97,27,
unity,6.66,1.76,35,
universal,5.53,2.09,19,
universe,3.7,2.99,20,
university,5.7,2.58,33,
unjust,3.05,1.65,22,
unkind,4.84,2.59,19,
unknown,3.79,2.39,28,
unlawful,4.87,2.36,23,
unleash,5.68,2.23,25,
unlikely,4.81,2.24,27,
unlimited,6.61,2.1,23,
unlisted,5.0,2.13,24,
unload,4.75,2.1,20,
unlock,6.73,1.49,22,
unlucky,4.15,2.82,33,
unmanned,4.05,2.21,20,
unmarked,4.0,2.34,23,
unmarried,6.08,2.62,24,
unmistakable,5.86,2.03,22,
unmitigated,4.94,2.28,33,
unnamed,4.65,1.94,26,
unnatural,3.78,2.11,23,
unnecessary,4.16,2.59,19,
unnoticed,4.25,2.44,24,
unofficial,5.22,2.5,27,
unopened,5.18,1.79,28,
unorthodox,5.32,2.75,22,
unpack,5.45,2.76,22,
unpaid,3.35,2.12,23,
unparalleled,5.65,1.95,20,
unpleasant,3.54,1.75,28,
unpleasantness,3.42,2.12,24,
unplug,5.59,2.09,22,
unplugged,4.95,2.06,20,
unpopular,3.48,2.14,21,
unprecedented,4.78,2.06,27,
unpredictable,3.9,2.59,21,
unprepared,3.75,2.13,24,
unprofessional,3.64,2.34,22,
unprotected,3.12,2.14,26,
unprovoked,4.36,2.15,28,
unpunished,5.36,2.01,22,
unqualified,4.0,2.61,25,
unquote,4.62,1.93,24,
unravel,3.84,2.3,25,
unreachable,3.5,2.35,20,
unreal,4.38,2.46,21,
unrealistic,3.91,1.8,22,
unreasonable,5.11,2.24,27,
unrelated,4.12,1.8,24,
unrelenting,5.18,2.82,22,
unreliable,4.22,2.66,23,
unremarkable,5.53,1.84,19,
unrequited,3.74,2.53,23,
unresolved,3.32,1.81,22,
unresponsive,3.36,1.94,22,
unrest,3.54,2.13,24,
unromantic,4.16,1.64,19,
unruly,4.41,2.29,27,
unsafe,4.0,2.26,28,
unsanitary,2.75,1.65,24,
unsatisfied,3.9,2.02,21,
unsavory,3.48,1.86,21,
unscheduled,3.74,2.45,19,
unscrew,5.28,2.26,25,
unscrupulous,4.04,2.31,24,
unseen,4.71,2.05,21,
unselfish,6.7,2.34,20,
unsolicited,4.22,2.58,23,
unsolved,3.48,2.06,21,
unsound,4.65,1.95,20,
unspeakable,3.73,2.12,22,
unspoken,5.55,2.13,22,
unstable,3.75,2.38,20,
unstoppable,6.5,3.11,22,
unsuccessful,3.21,2.32,19,
unsuitable,4.47,2.27,19,
unsupervised,5.95,2.9,19,
unsure,3.64,2.38,22,
unsuspecting,4.05,1.86,22,
unsympathetic,4.94,2.68,34,
untamed,4.64,1.97,22,
unthinkable,3.8,2.14,20,
untidy,4.35,1.97,17,
untie,5.18,1.71,22,
untimely,4.25,2.34,20,
untold,4.92,2.13,26,
untouchable,5.3,2.96,20,
untouched,4.81,2.11,21,
untraceable,5.16,2.78,25,
untrained,3.85,2.16,20,
untroubled,6.14,1.67,22,
untrue,5.12,2.58,26,
untrustworthy,4.22,2.43,36,
unturned,5.19,2.04,21,
unused,5.32,2.03,22,
unusual,4.55,2.44,22,
unveil,5.36,1.82,25,
unwanted,3.57,2.16,21,
unwed,5.64,2.58,25,
unwelcome,3.24,1.95,21,
unwell,3.82,2.53,34,
unwilling,4.5,2.7,20,
unwind,5.56,2.35,34,
unwise,4.95,2.34,19,
unworthy,3.45,2.56,20,
unwrap,6.35,2.06,23,
unwritten,5.1,1.89,20,
unzip,6.24,2.22,17,
upbeat,7.5,1.92,18,
upbringing,4.68,2.32,22,
upcoming,5.25,1.8,24,
update,5.71,2.05,24,
upgrade,6.7,2.07,27,
uphold,6.39,2.27,23,
upholstery,5.61,2.18,28,
upkeep,6.05,2.52,22,
uplifting,6.75,1.85,24,
uplink,5.5,1.92,26,
upload,6.84,1.54,19,
upper,6.33,2.04,27,
uppercut,5.57,1.94,21,
uppity,5.43,2.15,28,
upright,6.11,2.23,28,
uprising,5.0,2.1,21,
uproar,4.63,1.86,19,
upscale,6.16,2.06,19,
upset,4.3,2.51,60,
upstanding,6.95,2.37,20,
upstart,6.11,2.0,19,
uptight,4.54,2.25,28,
upward,5.5,1.99,20,
uranium,3.92,1.55,26,
urban,4.5,1.82,28,
urchin,4.68,1.96,22,
urge,4.5,1.93,20,
urgency,5.0,2.38,36,
urgent,5.35,2.52,23,
urinal,4.12,2.28,25,
urinate,4.95,2.48,21,
urination,5.0,2.52,25,
urine,4.55,2.4,22,
urn,4.15,2.52,20,
usable,6.11,2.0,18,
usage,6.04,1.99,27,
use,5.0,2.2,18,
useful,6.81,1.77,42,
usefulness,5.95,2.33,20,
useless,4.65,2.7,20,
user,5.56,2.26,25,
usher,5.8,2.07,20,
usual,6.58,2.22,19,
utensil,6.62,2.13,47,
uterus,5.23,1.88,22,
utility,5.3,1.87,20,
utilize,6.25,2.0,20,
utmost,5.59,2.75,22,
utter,5.33,2.39,21,
vacancy,5.21,2.18,19,
vacant,5.4,2.37,20,
vacate,4.67,2.44,21,
vacation,7.11,2.03,47,
vaccination,5.2,2.44,20,
vaccine,5.0,2.56,36,
vacuum,6.52,2.06,21,
vagabond,3.83,2.14,24,
vagina,5.07,2.68,61,
vaginal,4.64,2.33,25,
vagrancy,4.32,2.39,25,
vagrant,3.92,2.15,24,
vague,4.19,2.25,26,
valance,5.86,1.59,21,
vale,5.16,1.34,19,
valedictorian,6.88,2.25,24,
valentine,6.29,2.57,17,
valet,6.1,2.34,20,
valiant,6.17,2.1,23,
valid,6.64,1.82,25,
validate,5.71,2.1,21,
validation,6.44,1.29,25,
validity,6.56,1.97,27,
valium,3.86,2.14,22,
valley,5.12,2.17,25,
valor,6.7,2.25,20,
valuable,6.04,2.09,25,
valuables,6.47,1.93,19,
value,6.24,2.07,21,
valve,6.12,1.97,26,
vamoose,5.12,2.39,25,
vamp,4.1,2.12,21,
vampire,3.6,1.93,20,
van,5.35,1.73,17,
vandal,3.25,2.11,24,
vandalism,3.45,2.52,22,
vanguard,4.8,1.94,25,
vanilla,5.74,1.84,23,
vanish,4.33,2.3,33,
vanishing,4.36,1.78,25,
vanity,5.45,2.54,22,
vanquish,5.29,2.2,24,
vanquished,4.53,2.44,19,
vanquishing,5.1,1.95,21,
vantage,5.73,1.91,22,
vapor,5.32,2.06,22,
variable,5.21,2.44,19,
variation,5.57,2.09,23,
variety,5.76,2.14,21,
various,4.86,1.74,21,
varmint,4.12,1.92,24,
varnish,5.45,2.34,22,
varsity,6.0,1.83,19,
vary,5.75,2.12,20,
varying,4.58,1.84,26,
vascular,4.88,1.78,24,
vase,6.11,1.82,19,
vasectomy,4.44,2.69,25,
vassal,5.5,2.04,22,
vast,5.45,2.37,20,
vat,4.96,2.05,24,
vault,5.25,1.88,28,
veal,4.8,2.6,25,
vector,4.8,1.98,25,
veer,4.57,1.85,23,
vegan,5.33,2.81,24,
vegetable,5.17,2.08,24,
vegetarian,6.0,2.96,22,
vegetation,5.67,2.44,21,
vegetative,3.64,2.7,22,
veggie,6.24,1.79,21,
vehicle,5.8,2.24,20,
veil,4.94,2.16,17,
veiled,5.18,2.11,22,
vein,4.57,1.88,23,
velocity,6.14,2.08,21,
velour,5.26,2.4,34,
velvet,6.0,1.83,26,
vendetta,5.24,2.05,21,
vending,4.76,1.85,25,
vendor,5.5,1.47,22,
veneer,5.14,2.29,22,
venereal,4.14,2.52,28,
venetian,4.85,2.49,34,
vengeance,4.04,1.92,24,
vengeful,3.92,2.0,24,
venison,5.05,2.07,19,
venom,3.92,2.57,60,
venomous,4.23,2.27,26,
vent,6.0,2.0,22,
ventilation,5.4,1.85,25,
ventilator,5.11,2.56,27,
ventricle,5.04,1.87,27,
ventriloquist,4.83,2.35,23,
venture,6.08,1.53,24,
venue,6.04,1.68,24,
veranda,6.18,1.71,22,
verb,5.55,2.11,20,
verbal,6.32,1.77,19,
verdict,3.43,2.27,21,
verge,5.21,1.75,19,
verification,5.45,2.45,33,
verify,6.57,2.11,21,
veritable,5.11,2.21,19,
vermin,4.68,1.89,19,
vermouth,5.36,1.84,22,
vernacular,5.59,2.45,34,
versatile,6.33,1.88,27,
verse,6.35,1.62,26,
version,5.48,2.23,27,
vertebra,5.12,1.83,24,
vertical,5.58,1.67,24,
vertigo,3.79,2.12,19,
vessel,4.28,1.9,25,
vest,6.25,2.0,20,
vet,5.74,2.28,23,
veteran,5.41,2.5,22,
veterinarian,5.24,1.76,25,
veterinary,5.33,1.97,24,
veto,5.52,2.44,21,
viable,6.36,1.99,22,
vial,5.57,2.2,21,
vibe,5.29,2.37,21,
vibes,5.95,2.15,22,
vibrant,5.95,1.9,19,
vibrate,5.36,1.89,25,
vibration,5.43,2.02,23,
vibrator,5.25,2.08,28,
vicar,4.95,1.68,19,
vice,4.78,3.06,18,
Vice President,5.67,2.72,18,
viceroy,5.0,2.0,22,
vicinity,6.0,1.7,21,
vicious,5.5,2.7,20,
victim,2.77,1.99,44,
victorious,7.21,1.69,19,
victory,6.95,2.25,44,
video,5.84,2.63,19,
video game,6.64,2.19,22,
videotape,5.59,2.09,22,
view,6.84,1.89,19,
viewer,5.5,2.01,28,
viewing,5.74,1.89,23,
viewpoint,5.8,2.24,25,
vigil,5.32,2.38,25,
vigilance,6.68,2.02,28,
vigilant,6.67,2.06,21,
vigilante,6.04,2.01,27,
vigor,6.23,1.53,26,
vigorous,6.35,2.22,54,
vile,3.83,2.12,23,
villa,5.85,1.73,20,
village,5.6,2.35,42,
villain,3.46,2.27,26,
vindication,5.0,1.94,26,
vindictive,4.32,2.38,19,
vine,5.08,1.8,25,
vinegar,4.75,1.8,28,
vineyard,5.58,2.09,19,
vintage,5.32,2.32,25,
vinyl,5.05,1.24,21,
viola,6.27,1.76,26,
violate,2.85,2.06,20,
violation,3.28,2.42,18,
violence,3.24,1.97,21,
violent,3.65,2.45,49,
violet,6.4,2.06,20,
violin,5.58,2.19,48,
violinist,6.05,2.01,22,
viper,4.11,2.5,28,
viral,3.62,2.27,21,
virgin,5.87,2.75,47,
virginal,6.53,2.32,19,
virginity,5.8,2.46,20,
virility,5.26,2.34,23,
virtual,5.72,2.17,25,
virtue,6.16,1.71,19,
virtuoso,5.7,2.27,23,
virtuous,6.73,1.8,22,
virus,3.06,1.73,18,
visa,5.45,2.24,20,
visibility,5.67,1.98,27,
visible,6.12,1.98,24,
vision,6.27,2.09,45,
visionary,5.8,2.36,25,
visit,5.06,1.92,18,
visitation,5.75,2.47,24,
visitor,5.29,1.65,17,
visor,5.91,2.33,22,
visual,5.78,2.02,23,
visualize,6.63,2.17,19,
vital,6.5,2.24,20,
vitality,6.52,1.89,21,
vitals,4.08,1.61,24,
vitamin,6.71,1.74,21,
viva,4.93,1.82,28,
vivid,5.76,1.98,25,
vixen,5.4,2.28,20,
vocabulary,6.29,2.01,34,
vocal,6.28,2.16,18,
vocation,5.73,2.39,22,
vodka,3.91,2.25,23,
vogue,4.54,2.03,28,
voice,6.22,1.4,18,
voicemail,5.46,2.33,28,
void,4.19,1.86,21,
volatile,4.64,2.7,22,
volcanic,3.16,1.7,25,
volcano,3.62,2.67,45,
volley,4.95,2.46,22,
volleyball,5.65,2.52,20,
voltage,4.5,2.24,20,
volume,6.0,2.41,34,
volumes,6.2,2.19,20,
voluntary,6.71,1.9,21,
volunteer,6.68,2.3,22,
voluptuous,5.76,2.39,21,
vomit,3.44,2.4,39,
voodoo,4.0,2.4,19,
vortex,3.89,2.25,28,
vote,6.79,2.2,19,
voter,5.69,2.07,26,
vouch,5.88,1.96,24,
voucher,5.29,2.3,35,
vow,6.0,2.14,22,
vowel,5.71,2.36,34,
voyage,6.25,2.19,44,
voyeur,4.95,2.35,20,
vulgar,4.68,2.21,22,
vulnerability,3.75,2.45,20,
vulnerable,3.05,2.25,19,
vulture,4.43,2.44,21,
wacko,4.11,2.1,28,
wacky,4.05,1.64,20,
wad,4.41,2.24,17,
waddle,4.42,2.45,24,
waffle,6.29,2.0,28,
wag,5.5,2.56,34,
wage,4.48,2.31,25,
wager,4.83,1.79,24,
wagon,5.45,1.93,44,
wail,3.84,2.01,25,
waist,6.05,1.99,20,
waistline,5.18,2.59,34,
wait,5.31,2.15,16,
waiter,4.68,2.61,22,
waitress,4.95,2.42,20,
waive,4.96,1.86,28,
waiver,5.46,2.58,26,
wake,5.71,2.23,17,
walk,5.83,2.2,18,
walkout,5.24,1.52,17,
wall,4.22,1.66,18,
wallaby,5.33,1.82,27,
wallet,6.08,2.52,24,
wallflower,4.04,2.38,23,
wallop,5.14,1.88,22,
wallow,4.53,2.32,36,
wallpaper,5.64,1.96,25,
walnut,4.8,2.38,20,
walrus,5.23,2.27,22,
waltz,5.79,2.33,28,
wand,5.5,2.32,24,
wander,5.05,1.75,21,
wanderer,5.52,2.2,21,
wannabe,4.47,2.57,36,
want,5.39,2.68,18,
wanton,4.14,2.4,22,
war,3.27,2.66,44,
ward,4.21,2.1,19,
warden,4.53,2.48,19,
wardrobe,6.24,2.07,21,
warehouse,5.06,2.44,34,
warfare,3.25,2.2,20,
warhead,4.33,3.01,18,
warlock,4.95,2.2,19,
warlord,5.0,2.77,25,
warm,6.33,2.45,18,
warmth,6.32,2.09,44,
warn,5.27,2.16,26,
warning,6.47,2.97,19,
warp,5.28,1.78,36,
warpath,4.38,2.86,24,
warped,5.52,2.6,25,
warrant,4.11,2.51,19,
warranty,5.7,2.76,27,
warrior,5.86,2.73,21,
warship,4.11,2.91,18,
wart,4.5,2.54,20,
wartime,3.96,2.5,23,
wary,5.16,2.32,19,
wash,6.53,2.25,19,
washer,6.0,1.67,26,
washout,4.11,2.23,19,
washroom,6.08,1.6,26,
wasp,3.8,2.0,25,
waste,4.58,1.89,45,
wastebasket,5.14,2.19,36,
wasteful,4.0,2.74,22,
wasteland,4.57,2.35,23,
watch,6.55,2.16,20,
watchdog,6.38,2.13,21,
watcher,5.09,2.79,23,
watchman,5.17,1.88,24,
watchtower,4.9,2.57,21,
water,6.12,2.54,57,
water polo,5.52,2.14,21,
waterbed,5.5,2.25,24,
waterfall,5.34,2.5,978,
waterfront,5.65,2.12,23,
watering can,6.08,2.12,24,
watermelon,6.48,1.89,21,
waterproof,6.0,2.17,26,
waterworks,4.88,2.17,25,
watery,5.18,2.02,22,
wave,5.48,2.43,23,
wavelength,5.22,2.18,18,
waver,5.33,2.2,21,
wavy,5.0,2.33,19,
wax,6.2,2.21,20,
waxed,5.19,2.6,21,
way,4.83,1.82,18,
wayward,4.91,2.56,22,
weak,5.32,2.96,19,
weaken,3.42,2.73,24,
weakling,3.79,2.39,28,
weakness,3.81,2.35,26,
wealth,6.53,2.39,19,
wealthy,6.11,2.54,933,
weapon,4.88,2.71,24,
weaponry,5.46,2.16,26,
wear,5.72,1.53,18,
wearer,5.35,1.77,23,
weary,4.55,2.47,60,
weasel,4.77,2.45,22,
weather,4.37,2.79,19,
weatherman,4.88,2.29,17,
weave,6.36,1.89,22,
web,3.96,1.95,28,
website,5.68,2.21,19,
wed,5.68,2.17,22,
wedded,6.64,2.16,25,
wedding,5.08,2.31,38,
wedge,5.04,2.48,23,
wedlock,4.91,2.56,23,
wee,5.8,2.31,25,
weed,5.44,1.89,18,
weeds,4.42,2.01,19,
week,5.28,2.32,18,
weekday,5.32,2.38,22,
weekend,7.11,1.78,18,
weekly,6.04,2.09,25,
weenie,4.67,2.4,18,
weep,4.17,2.75,18,
weeping willow,5.29,1.99,24,
weepy,3.85,1.87,20,
weigh,5.0,2.41,22,
weight,5.95,2.9,19,
weird,4.75,2.41,16,
weirdness,5.38,2.14,24,
weirdo,3.95,2.52,22,
welcome,6.24,2.17,17,
weld,5.12,2.36,33,
welder,5.58,2.24,19,
welding,5.62,1.76,24,
welfare,4.25,1.98,24,
wellness,6.95,1.9,19,
welsh,4.89,2.0,19,
wench,3.91,1.9,22,
werewolf,4.44,2.79,18,
west,4.94,2.04,18,
westbound,5.84,1.61,19,
western,5.29,1.65,21,
wet,6.11,2.66,19,
wetback,3.95,2.06,21,
whack,5.68,2.19,19,
whale,5.57,1.96,21,
whaling,4.35,2.35,20,
whammy,4.48,2.18,21,
wharf,5.62,2.11,21,
whatnot,6.06,1.95,18,
wheat,5.75,2.21,24,
wheel,6.16,2.29,19,
wheel barrow,6.11,2.04,36,
wheelbarrow,5.87,2.05,23,
wheelchair,3.95,2.28,20,
wheeze,3.63,2.31,19,
whelp,5.0,2.4,25,
whereabouts,5.62,2.22,21,
whiff,5.2,2.06,25,
whim,5.85,2.7,20,
whimper,4.72,2.65,25,
whimsical,5.31,2.51,26,
whimsy,5.88,1.83,24,
whine,4.73,2.12,22,
whiny,4.68,2.68,34,
whip,4.43,2.64,21,
whiplash,3.73,2.41,22,
whirl,4.94,2.12,34,
whirlpool,5.8,2.42,25,
whirlwind,3.62,2.42,21,
whisk,5.2,2.57,20,
whiskers,4.81,2.29,21,
whiskey,4.41,2.8,34,
whisper,5.66,2.21,35,
whistle,5.78,2.0,46,
whit,6.08,2.14,25,
white,5.71,2.16,24,
whitefish,4.48,2.06,25,
whitewash,4.88,1.75,26,
whittle,5.59,1.59,22,
whiz,6.42,2.04,19,
whole,6.24,2.08,17,
wholesale,5.08,2.2,25,
wholesome,6.71,1.71,21,
whopper,5.05,2.13,22,
whopping,4.54,1.96,24,
whore,4.89,2.81,44,
whorehouse,4.19,2.98,21,
wicked,3.61,2.18,44,
wickedness,4.14,2.93,22,
wicker,4.76,2.19,17,
wide,6.2,1.99,20,
widen,5.63,2.22,19,
widespread,3.81,1.91,16,
widow,4.12,1.83,25,
widowed,3.1,2.36,21,
widower,3.23,1.93,22,
width,5.35,1.38,26,
wield,5.8,2.61,20,
wiener,5.0,2.34,24,
wienie,4.47,2.37,19,
wife,5.5,2.4,40,
wig,5.1,2.28,21,
wiggle,5.38,2.2,21,
wiki,6.63,2.17,27,
wild,5.72,2.67,18,
wildcat,4.96,2.34,23,
wildebeest,4.47,2.5,17,
wilderness,4.48,2.63,23,
wildfire,3.26,2.44,34,
wildlife,5.88,2.42,25,
will,6.61,2.33,18,
willful,6.23,2.02,22,
willies,4.92,2.69,24,
willing,6.5,1.95,18,
willingness,6.4,1.94,25,
willow,4.75,1.78,24,
willpower,6.05,2.57,19,
wilt,4.35,2.6,23,
wily,4.6,1.9,20,
wimp,4.55,2.37,20,
wimpy,3.29,1.59,21,
win,7.86,1.32,22,
winch,4.76,2.01,25,
wind,4.5,2.36,18,
windbag,4.73,2.43,22,
windmill,6.15,1.64,26,
window,5.39,2.59,18,
windowsill,5.19,2.32,16,
windpipe,5.04,1.88,24,
windshield,5.58,1.79,26,
windy,4.19,2.66,21,
wine,5.67,2.68,18,
wine cooler,5.22,2.29,27,
wing,6.5,1.58,26,
winged,5.61,2.0,18,
winger,5.32,1.46,22,
wingman,5.88,1.81,25,
wink,6.05,2.44,20,
winner,7.42,1.84,19,
winnings,6.76,2.12,21,
wino,4.85,2.48,20,
winter,4.41,2.29,27,
wintertime,5.5,2.26,22,
wipe,5.43,2.35,28,
wiper,5.58,1.68,19,
wire,6.16,2.39,19,
wireless,6.67,1.62,21,
wiretap,2.71,1.82,28,
wiring,5.1,2.12,21,
wisdom,7.14,1.8,28,
wise,6.86,1.79,43,
wish,6.5,2.33,18,
wishbone,5.21,1.69,24,
wishful,5.42,2.45,24,
wisp,5.35,2.58,20,
wit,6.16,2.21,25,
witch,4.79,3.07,19,
witchcraft,5.17,2.9,24,
withdraw,4.67,2.58,21,
withdrawal,4.41,2.52,27,
wither,3.82,2.38,22,
withering,4.03,2.3,34,
withhold,4.36,2.16,25,
withholding,4.7,2.64,23,
withstand,6.59,2.26,22,
witless,4.23,2.07,22,
witness,4.44,2.18,18,
witty,6.57,1.8,21,
wiz,5.19,2.4,26,
wizard,4.68,2.5,19,
wobble,5.2,2.17,20,
wobbly,4.38,1.8,21,
woe,3.92,2.68,25,
wok,6.1,2.07,21,
wolf,4.59,2.58,22,
wolverine,5.18,2.9,17,
woman,5.93,1.91,15,
womanhood,5.0,2.29,28,
womanizer,4.53,2.55,19,
womb,4.36,2.22,22,
wonder,6.44,2.53,18,
wonderful,7.19,2.07,16,
wondrous,6.16,2.29,19,
wont,5.7,2.46,23,
woo,5.32,2.39,25,
wood,6.37,2.71,19,
wooden,5.79,2.21,24,
woodland,5.15,2.64,20,
woodpecker,5.36,2.54,22,
woodshed,5.77,1.15,22,
woodsman,5.04,1.8,23,
woodwork,5.42,1.98,19,
woof,5.22,1.93,36,
wool,6.05,2.26,20,
woolen,5.38,2.18,24,
woozy,4.0,1.88,22,
word,6.22,1.8,18,
work,6.12,2.0,17,
workaholic,4.92,2.89,25,
worker,6.29,1.9,24,
workings,5.56,1.87,25,
workload,4.65,2.58,20,
workman,5.0,1.6,22,
workmanship,7.16,1.57,19,
workout,6.09,2.27,22,
workplace,5.56,2.48,18,
workshop,6.08,1.98,24,
workup,5.71,2.31,21,
world,5.12,2.47,41,
worldly,6.56,2.39,27,
worm,5.22,2.21,36,
wormhole,3.86,2.37,21,
wormwood,4.48,1.72,21,
worried,4.18,2.4,17,
worry,3.17,2.57,18,
worrying,4.07,2.23,27,
worship,4.65,2.89,17,
worthless,2.71,1.72,28,
worthwhile,6.88,1.86,26,
worthy,7.04,1.77,23,
would,5.94,1.6,17,
wound,3.64,2.31,25,
wounds,3.2,1.88,20,
wrap,5.31,2.08,36,
wrapper,5.29,2.08,17,
wrath,4.36,2.68,25,
wreak,4.54,2.5,24,
wreath,6.44,2.36,18,
wreck,4.27,2.75,22,
wreckage,3.9,2.12,21,
wrecker,4.69,2.36,35,
wrench,5.67,2.42,21,
wrestle,5.81,2.22,27,
wrestler,5.37,2.17,19,
wrestling,5.12,2.11,24,
wretch,4.91,2.41,23,
wretched,3.79,2.2,19,
wriggle,5.0,2.18,20,
wring,5.48,2.16,21,
wringer,4.55,1.79,22,
wrinkle,4.29,2.29,28,
wrinkled,5.04,2.5,23,
wrist,5.26,1.98,23,
wristwatch,5.12,2.4,24,
writ,5.89,2.05,19,
write,5.28,2.02,18,
writer,6.0,2.66,41,
wrong,3.39,1.97,18,
wrongdoing,5.32,3.02,19,
wrongful,4.24,2.3,21,
yacht,5.56,2.27,25,
yahoo,5.9,2.29,20,
yak,4.62,2.13,21,
yank,3.86,2.27,22,
yap,5.3,2.85,23,
yard,5.84,1.92,19,
yarn,5.33,1.97,24,
yawn,4.68,2.26,19,
year,5.81,1.97,16,
yearbook,5.1,2.34,21,
yearly,5.23,1.34,22,
yearn,5.18,2.2,22,
yeast,4.8,1.79,20,
yell,4.29,2.44,17,
yeller,4.8,2.48,20,
yellow,6.35,2.66,20,
yen,5.11,2.3,18,
yield,5.06,2.34,35,
yo-yo,5.91,2.41,22,
yodel,5.9,2.19,21,
yoga,6.48,2.29,25,
yogurt,6.0,2.05,19,
yoke,4.2,2.4,25,
yolk,5.67,2.06,21,
young,5.6,2.84,58,
youngster,5.0,2.55,21,
youth,5.0,2.05,48,
youthful,6.0,2.28,23,
yucky,4.36,2.52,22,
yuletide,5.08,2.1,25,
yummy,6.84,2.06,19,
yuppie,5.39,1.85,23,
zap,4.87,2.63,23,
zeal,5.59,2.35,34,
zebra,5.26,2.23,19,
zenith,5.36,2.09,28,
zephyr,5.22,2.5,27,
zest,6.58,1.79,26,
zeta,5.2,2.02,25,
zigzag,5.0,2.21,21,
zilch,4.25,1.96,24,
zillion,4.89,2.72,18,
zinc,5.0,2.15,17,
zing,6.36,1.97,22,
zip,4.67,2.28,18,
zipper,5.18,2.15,22,
zit,4.4,2.97,25,
zodiac,4.32,2.08,22,
zombie,3.57,2.46,21,
zone,5.23,1.82,22,
zoning,4.47,2.2,19,
zoo,6.33,2.56,21,
zoom,5.9,2.17,21,
zucchini,6.19,1.83,21,
