unit,mean,std,n,individual_ratings
Adam adopted a cat from a shelter. It was orange and white with a pink nose. Later that week Regina did it too.,3.7,0.8013,20,"[5, 4, 3, 2, 2, 4, 4, 3, 4, 4, 4, 4, 3, 3, 4, 4, 4, 4, 4, 5]"
Adam adopted a cat from a shelter. It was orange and white with a pink nose. Later that week Regina did too.,3.4,1.0954,20,"[5, 4, 3, 4, 4, 2, 1, 4, 3, 4, 5, 2, 4, 3, 4, 2, 2, 4, 4, 4]"
Adam adopted a cat from a shelter. Later that week Regina did it too.,3.65,1.3485,20,"[4, 2, 4, 5, 4, 4, 4, 2, 4, 5, 5, 4, 1, 2, 5, 3, 4, 1, 5, 5]"
Adam adopted a cat from a shelter. Later that week Regina did too.,4.25,0.7864,20,"[4, 5, 5, 5, 4, 4, 4, 3, 4, 4, 5, 4, 5, 4, 5, 4, 4, 5, 2, 5]"
Adele swept the dust off the floor. It was thick and disgusting. The next week Max did it too.,3.3,0.9234,20,"[4, 5, 2, 4, 3, 3, 4, 3, 4, 2, 3, 4, 4, 4, 3, 1, 3, 3, 4, 3]"
Adele swept the dust off the floor. It was thick and disgusting. The next week Max did too.,3.2,1.105,20,"[3, 1, 4, 3, 4, 3, 4, 2, 5, 4, 4, 5, 2, 2, 4, 4, 3, 2, 3, 2]"
Adele swept the dust off the floor. The next week Max did it too.,3.5,1.0,20,"[5, 4, 4, 3, 2, 5, 4, 2, 3, 3, 4, 4, 4, 3, 4, 5, 2, 4, 3, 2]"
Adele swept the dust off the floor. The next week Max did too.,3.45,1.1459,20,"[2, 5, 4, 3, 3, 2, 4, 4, 3, 2, 3, 5, 4, 5, 3, 5, 1, 4, 4, 3]"
Agnes asked for a raise at work. She had been working very hard. Frank asked for one too.,4.1375,0.9006,160,"[5, 3, 4, 4, 5, 5, 4, 2, 5, 5, 5, 5, 4, 5, 4, 5, 4, 4, 4, 4, 5, 3, 5, 2, 2, 5, 5, 5, 3, 4, 5, 5, 5, 3, 5, 4, 5, 4, 4, 4, 5, 5, 5, 5, 4, 4, 5, 4, 3, 3, 4, 4, 3, 4, 4, 4, 4, 5, 5, 4, 3, 5, 3, 4, 4, 5, 5, 5, 5, 4, 4, 3, 3, 5, 5, 5, 4, 5, 3, 4, 2, 4, 4, 2, 4, 3, 4, 4, 5, 5, 5, 4, 5, 4, 3, 4, 3, 2, 4, 3, 5, 5, 5, 5, 5, 3, 5, 4, 3, 4, 3, 4, 4, 5, 4, 5, 4, 2, 4, 5, 5, 4, 5, 5, 3, 4, 4, 5, 5, 5, 4, 5, 3, 4, 5, 5, 1, 4, 4, 4, 5, 5, 4, 3, 4, 5, 5, 3, 5, 3, 4, 5, 4, 2, 3, 5, 5, 5, 4, 4]"
Al stayed at work late last night. Brad left work early.,4.3608,0.8903,158,"[5, 5, 5, 5, 5, 5, 3, 3, 4, 5, 5, 5, 4, 5, 5, 5, 5, 3, 5, 5, 5, 5, 5, 3, 3, 4, 5, 5, 3, 4, 5, 5, 5, 5, 5, 5, 4, 3, 5, 4, 5, 4, 5, 4, 4, 5, 5, 3, 4, 5, 5, 5, 4, 4, 3, 5, 3, 2, 4, 3, 5, 5, 5, 5, 5, 5, 5, 5, 5, 5, 5, 3, 5, 5, 5, 2, 5, 5, 5, 5, 3, 5, 4, 5, 3, 2, 4, 5, 5, 5, 3, 3, 4, 5, 4, 3, 3, 5, 5, 5, 5, 5, 5, 5, 2, 5, 3, 3, 4, 3, 5, 3, 4, 3, 5, 2, 4, 4, 5, 5, 5, 5, 5, 4, 4, 5, 5, 5, 4, 5, 5, 5, 4, 3, 2, 5, 4, 5, 4, 5, 4, 4, 5, 5, 5, 5, 5, 3, 4, 5, 5, 3, 4, 5, 5, 5, 5, 5]"
Alan put a scarecrow up in the yard. After that Crystal did it too.,3.6316,0.9551,19,"[4, 2, 2, 3, 4, 5, 4, 3, 4, 4, 5, 4, 2, 5, 4, 3, 3, 4, 4]"
Alan put a scarecrow up in the yard. After that Crystal did too.,3.9,1.0208,20,"[3, 5, 5, 4, 4, 3, 4, 2, 4, 4, 4, 2, 5, 2, 5, 5, 4, 5, 4, 4]"
Alan put a scarecrow up in the yard. Then it was knocked over by the wind. After that Crystal did it too.,2.8,1.105,20,"[2, 3, 2, 4, 3, 5, 4, 2, 1, 2, 2, 4, 4, 2, 4, 3, 2, 3, 3, 1]"
Alan put a scarecrow up in the yard. Then it was knocked over by the wind. After that Crystal did too.,2.55,1.3945,20,"[1, 5, 3, 2, 1, 3, 1, 2, 2, 1, 4, 1, 4, 3, 5, 2, 1, 2, 4, 4]"
Albert bought a pet bird. Later it flew away. Then Gloria did it too.,2.1,1.2096,20,"[1, 2, 2, 4, 2, 1, 2, 1, 2, 2, 2, 2, 1, 1, 5, 2, 2, 1, 2, 5]"
Albert bought a pet bird. Later it flew away. Then Gloria did too.,2.3,0.8645,20,"[1, 3, 1, 2, 2, 3, 2, 2, 3, 1, 2, 4, 3, 2, 3, 3, 2, 3, 3, 1]"
Albert bought a pet bird. Then Gloria did it too.,3.25,1.118,20,"[1, 4, 3, 3, 5, 4, 2, 3, 4, 4, 5, 2, 4, 4, 2, 2, 3, 2, 4, 4]"
Albert bought a pet bird. Then Gloria did too.,3.7895,0.9763,19,"[5, 4, 2, 3, 5, 4, 5, 4, 3, 5, 4, 2, 3, 4, 3, 4, 4, 3, 5]"
Alex locked himself out of his house. Then Talia did the same thing.,4.0875,0.9704,80,"[4, 5, 4, 4, 4, 2, 4, 2, 4, 4, 5, 4, 2, 5, 3, 5, 5, 4, 5, 5, 5, 5, 3, 5, 5, 5, 2, 4, 4, 4, 5, 4, 2, 4, 5, 5, 4, 5, 5, 5, 5, 1, 5, 4, 5, 4, 3, 4, 4, 5, 5, 2, 5, 3, 4, 3, 5, 4, 4, 5, 5, 4, 4, 4, 4, 4, 2, 5, 3, 5, 4, 4, 4, 4, 4, 4, 5, 4, 3, 5]"
Alfred walked along the beach last night. It was beautiful and quiet. This morning Myra did the same thing.,4.1688,0.8558,160,"[5, 5, 4, 3, 5, 5, 4, 3, 4, 5, 5, 5, 2, 4, 4, 4, 4, 4, 5, 4, 5, 4, 2, 4, 3, 5, 3, 5, 2, 4, 5, 4, 4, 4, 4, 5, 5, 5, 4, 5, 5, 5, 4, 5, 3, 3, 5, 5, 3, 5, 4, 5, 3, 4, 5, 3, 4, 5, 5, 4, 4, 5, 5, 4, 2, 5, 4, 5, 4, 5, 4, 5, 3, 4, 4, 4, 5, 5, 4, 5, 2, 4, 4, 4, 3, 3, 3, 3, 4, 4, 4, 5, 4, 4, 5, 2, 3, 5, 4, 5, 5, 5, 5, 5, 4, 3, 5, 4, 3, 4, 4, 4, 4, 4, 4, 4, 2, 4, 4, 4, 4, 5, 4, 5, 3, 5, 5, 5, 5, 4, 5, 5, 4, 5, 3, 5, 4, 4, 4, 3, 4, 5, 4, 2, 5, 5, 5, 4, 5, 5, 4, 5, 4, 2, 4, 5, 5, 5, 4, 5]"
Alice ate a burrito for lunch. It made her stomach hurt a lot. Yesterday Theresa did it too.,2.6,0.9947,20,"[3, 1, 2, 3, 4, 2, 3, 2, 2, 4, 4, 4, 1, 2, 2, 2, 3, 2, 4, 2]"
Alice ate a burrito for lunch. It made her stomach hurt a lot. Yesterday Theresa did too.,2.7,1.2607,20,"[2, 4, 4, 4, 2, 1, 4, 1, 3, 3, 2, 3, 1, 2, 4, 2, 1, 4, 2, 5]"
Alice ate a burrito for lunch. Yesterday Theresa did it too.,4.05,0.6048,20,"[4, 5, 3, 4, 3, 5, 4, 4, 4, 4, 5, 4, 4, 4, 4, 4, 4, 4, 3, 5]"
Alice ate a burrito for lunch. Yesterday Theresa did too.,3.95,0.9445,20,"[2, 5, 4, 5, 4, 5, 2, 3, 4, 4, 4, 4, 4, 4, 3, 3, 5, 5, 5, 4]"
Alicia bought a book online. Later Greg bought the same one.,4.375,0.8015,80,"[3, 5, 5, 5, 4, 5, 4, 3, 4, 4, 4, 4, 3, 5, 4, 5, 5, 4, 4, 5, 5, 5, 4, 5, 4, 5, 4, 3, 5, 5, 5, 5, 4, 4, 5, 5, 4, 5, 5, 4, 5, 2, 5, 3, 4, 5, 5, 5, 2, 5, 5, 4, 4, 5, 5, 3, 5, 5, 5, 5, 5, 4, 2, 4, 5, 4, 4, 5, 5, 5, 5, 5, 4, 5, 4, 3, 5, 4, 4, 5]"
Alicia bought new shoes last week. Then they turned out to be too small. Today Danny did it too.,2.9,0.9119,20,"[3, 3, 3, 2, 2, 3, 2, 4, 4, 2, 3, 2, 4, 5, 2, 2, 3, 2, 3, 4]"
Alicia bought new shoes last week. Then they turned out to be too small. Today Danny did too.,2.15,0.9333,20,"[1, 2, 1, 4, 3, 3, 2, 3, 4, 2, 2, 2, 1, 1, 2, 3, 1, 2, 2, 2]"
Alicia bought new shoes last week. Today Danny did it too.,2.8,1.0052,20,"[2, 5, 4, 2, 2, 3, 2, 4, 3, 4, 2, 4, 3, 2, 2, 2, 3, 3, 3, 1]"
Alicia bought new shoes last week. Today Danny did too.,3.65,1.0894,20,"[4, 4, 3, 1, 4, 4, 3, 2, 4, 3, 4, 5, 4, 5, 2, 5, 5, 4, 4, 3]"
Allison bought a new scooter. The next day it broke down. The next week Heather did it too.,2.55,1.3169,20,"[3, 1, 3, 2, 2, 4, 2, 3, 4, 2, 5, 1, 4, 5, 1, 2, 1, 1, 3, 2]"
Allison bought a new scooter. The next day it broke down. The next week Heather did too.,1.8947,1.0485,19,"[2, 1, 1, 3, 2, 3, 1, 2, 3, 5, 2, 2, 1, 1, 1, 1, 1, 2, 2]"
Allison bought a new scooter. The next week Heather did it too.,3.15,1.1367,20,"[4, 4, 4, 4, 2, 4, 3, 4, 4, 2, 4, 3, 5, 3, 1, 4, 3, 2, 2, 1]"
Allison bought a new scooter. The next week Heather did too.,4.1,0.9679,20,"[4, 3, 3, 5, 5, 3, 4, 5, 5, 3, 4, 5, 5, 4, 2, 5, 5, 4, 5, 3]"
Allison took a ferry to the island. It was a long and bumpy journey. Leslie took the ferry too.,4.2342,0.925,158,"[4, 5, 5, 5, 5, 5, 3, 4, 5, 5, 4, 5, 3, 3, 4, 5, 5, 3, 4, 5, 5, 4, 4, 5, 5, 5, 4, 4, 3, 3, 5, 4, 5, 5, 5, 5, 5, 5, 5, 5, 5, 4, 5, 4, 4, 5, 4, 4, 4, 4, 5, 5, 4, 3, 4, 3, 5, 2, 2, 4, 5, 4, 5, 5, 5, 5, 5, 5, 5, 4, 4, 4, 4, 4, 4, 2, 5, 5, 2, 5, 4, 5, 5, 5, 3, 3, 4, 5, 4, 4, 5, 5, 4, 5, 4, 3, 2, 4, 5, 5, 4, 5, 5, 5, 3, 5, 4, 3, 4, 3, 5, 2, 3, 5, 5, 2, 2, 4, 5, 5, 5, 5, 4, 3, 4, 4, 5, 5, 3, 5, 5, 5, 3, 5, 5, 1, 4, 4, 4, 4, 5, 4, 3, 2, 5, 5, 5, 3, 4, 5, 4, 4, 4, 5, 5, 5, 5, 5]"
Amber auditioned for the school play. Monica auditioned that day too.,4.2293,0.8906,157,"[5, 5, 4, 4, 5, 5, 3, 4, 4, 5, 4, 5, 4, 5, 4, 5, 4, 3, 5, 5, 5, 4, 2, 2, 3, 5, 2, 4, 3, 4, 5, 4, 5, 5, 4, 5, 5, 4, 5, 5, 4, 4, 5, 4, 5, 5, 4, 4, 5, 2, 4, 5, 4, 5, 4, 4, 5, 5, 2, 4, 4, 5, 4, 5, 5, 5, 4, 5, 5, 4, 5, 4, 4, 5, 4, 3, 5, 3, 5, 4, 2, 5, 3, 4, 3, 4, 4, 5, 4, 2, 5, 4, 5, 5, 3, 3, 4, 5, 5, 4, 5, 5, 5, 5, 5, 4, 4, 3, 5, 3, 2, 5, 5, 3, 3, 4, 5, 5, 4, 5, 2, 4, 5, 4, 5, 5, 4, 5, 4, 4, 5, 5, 5, 2, 4, 4, 3, 3, 5, 4, 3, 4, 5, 5, 5, 5, 5, 5, 5, 4, 5, 5, 4, 5, 4, 5, 3]"
Amelia stayed home from the party. Iris stayed home too.,4.519,0.6767,79,"[4, 5, 4, 5, 4, 5, 4, 3, 4, 5, 5, 5, 3, 5, 4, 5, 5, 4, 5, 5, 5, 5, 4, 5, 5, 5, 4, 3, 5, 5, 5, 5, 5, 4, 5, 5, 5, 4, 4, 5, 4, 5, 4, 5, 5, 5, 5, 2, 5, 5, 4, 5, 4, 5, 3, 5, 5, 5, 5, 4, 4, 5, 5, 5, 4, 3, 4, 5, 5, 5, 4, 4, 4, 5, 5, 5, 4, 4, 5]"
Amelia studied all night for the science test. She really didn't want to fail. That night Karen did it too.,3.4,1.0954,20,"[4, 5, 5, 2, 3, 5, 4, 2, 4, 3, 2, 5, 4, 3, 2, 3, 2, 3, 4, 3]"
Amelia studied all night for the science test. She really didn't want to fail. That night Karen did too.,3.45,1.2763,20,"[4, 5, 5, 4, 2, 1, 2, 3, 2, 3, 5, 4, 4, 4, 4, 3, 1, 5, 4, 4]"
Amelia studied all night for the science test. That night Karen did it too.,3.3,1.4903,20,"[2, 2, 4, 5, 5, 4, 3, 1, 2, 5, 5, 4, 1, 5, 3, 3, 4, 1, 5, 2]"
Amelia studied all night for the science test. That night Karen did too.,4.1,0.7881,20,"[5, 5, 4, 5, 4, 2, 4, 4, 4, 4, 4, 4, 5, 4, 3, 3, 4, 5, 4, 5]"
Amy took a nap on the couch. Later Jerry did it too.,3.4,1.0954,20,"[5, 5, 4, 2, 4, 3, 2, 4, 4, 4, 2, 4, 3, 3, 2, 4, 4, 5, 2, 2]"
Amy took a nap on the couch. Later Jerry did too.,4.0,0.8584,20,"[4, 2, 4, 4, 4, 4, 4, 5, 5, 4, 3, 5, 4, 3, 4, 5, 3, 5, 5, 3]"
Amy took a nap on the couch. The couch was very uncomfortable. Later Jerry did it too.,3.6,1.0954,20,"[4, 5, 3, 2, 4, 4, 2, 4, 4, 4, 5, 3, 5, 5, 2, 3, 5, 3, 3, 2]"
Amy took a nap on the couch. The couch was very uncomfortable. Later Jerry did too.,2.6,1.0463,20,"[2, 2, 2, 3, 3, 3, 2, 2, 3, 4, 2, 4, 1, 1, 4, 4, 1, 2, 4, 3]"
Andrew boarded the plane at noon. Minutes later Cynthia did it too.,3.55,1.1459,20,"[2, 2, 4, 5, 3, 3, 4, 4, 5, 5, 3, 3, 2, 5, 4, 4, 5, 2, 4, 2]"
Andrew boarded the plane at noon. Minutes later Cynthia did too.,3.85,1.1367,20,"[5, 4, 4, 5, 3, 5, 5, 5, 3, 3, 2, 4, 3, 5, 5, 2, 3, 5, 4, 2]"
Andrew boarded the plane at noon. Then the flight was delayed. Minutes later Cynthia did it too.,2.5,1.2773,20,"[1, 2, 2, 1, 4, 3, 2, 1, 2, 1, 2, 5, 5, 4, 2, 2, 2, 4, 2, 3]"
Andrew boarded the plane at noon. Then the flight was delayed. Minutes later Cynthia did too.,2.7,1.2183,20,"[4, 2, 3, 1, 1, 4, 2, 3, 4, 2, 3, 1, 4, 5, 2, 2, 1, 3, 3, 4]"
Andrew learned to play the flute last year. He had to practice a lot. Stacy learned to play the oboe.,4.0812,0.9967,160,"[5, 5, 5, 4, 5, 5, 3, 2, 3, 5, 5, 5, 3, 5, 5, 5, 5, 4, 5, 5, 5, 5, 3, 2, 2, 4, 2, 3, 2, 3, 4, 5, 4, 5, 4, 3, 5, 4, 3, 5, 5, 5, 4, 5, 3, 4, 5, 4, 3, 4, 4, 5, 5, 3, 3, 2, 4, 5, 3, 4, 4, 5, 4, 4, 4, 4, 5, 5, 5, 5, 4, 4, 4, 5, 4, 5, 4, 5, 5, 3, 5, 3, 4, 4, 5, 3, 4, 4, 5, 4, 4, 4, 4, 4, 5, 4, 3, 2, 5, 5, 5, 5, 5, 5, 5, 2, 5, 3, 3, 4, 2, 4, 3, 3, 4, 5, 1, 3, 3, 5, 5, 5, 5, 3, 4, 3, 5, 2, 5, 5, 4, 5, 5, 5, 5, 4, 2, 5, 4, 5, 3, 5, 4, 4, 4, 5, 3, 5, 5, 3, 3, 5, 5, 4, 3, 5, 5, 5, 3, 2]"
Anita took a vacation to Hawaii last winter. Nadia went on vacation too.,4.1,0.8509,80,"[3, 5, 4, 4, 4, 4, 4, 2, 2, 3, 5, 4, 3, 4, 4, 5, 4, 2, 5, 5, 5, 3, 4, 5, 5, 2, 5, 4, 5, 4, 5, 4, 3, 3, 5, 4, 4, 4, 3, 4, 5, 3, 5, 2, 5, 5, 5, 5, 4, 4, 5, 4, 5, 4, 4, 4, 5, 4, 5, 5, 4, 4, 3, 5, 5, 4, 3, 5, 5, 4, 4, 5, 4, 4, 4, 4, 4, 4, 4, 4]"
Antonio won a hundred dollars in the lottery. He wanted to put it in the bank. Brandon didn't win anything.,4.3522,0.9489,159,"[5, 5, 5, 5, 5, 5, 5, 4, 4, 4, 5, 5, 4, 4, 5, 5, 2, 3, 5, 5, 5, 5, 3, 2, 4, 5, 4, 5, 3, 4, 5, 5, 4, 5, 4, 4, 5, 5, 5, 5, 5, 5, 5, 5, 4, 4, 5, 5, 4, 4, 5, 4, 5, 4, 3, 3, 5, 5, 5, 5, 4, 5, 4, 5, 4, 4, 5, 5, 5, 5, 4, 5, 4, 4, 5, 5, 2, 5, 5, 5, 5, 5, 5, 5, 5, 3, 4, 3, 5, 5, 4, 4, 5, 4, 5, 5, 3, 2, 5, 5, 5, 5, 5, 5, 4, 2, 5, 3, 3, 4, 2, 5, 1, 5, 5, 5, 1, 3, 4, 5, 5, 5, 4, 4, 4, 5, 5, 5, 5, 3, 5, 5, 5, 3, 5, 2, 5, 2, 4, 3, 5, 4, 4, 5, 5, 5, 5, 5, 5, 4, 5, 5, 2, 4, 5, 5, 5, 4, 5]"
Arlene planted bulbs in a pot. A month later they were full grown. Then Jesse did it too.,3.0526,1.0788,19,"[4, 2, 2, 4, 4, 2, 3, 3, 4, 4, 4, 4, 1, 4, 2, 4, 1, 3, 3]"
Arlene planted bulbs in a pot. A month later they were full grown. Then Jesse did too.,3.1,1.0712,20,"[4, 4, 4, 4, 2, 3, 3, 2, 2, 2, 3, 5, 2, 2, 5, 2, 3, 2, 4, 4]"
Arlene planted bulbs in a pot. Then Jesse did it too.,4.1,0.9679,20,"[5, 5, 1, 5, 3, 5, 4, 3, 5, 4, 4, 5, 4, 4, 5, 4, 4, 4, 4, 4]"
Arlene planted bulbs in a pot. Then Jesse did too.,4.05,0.9987,20,"[5, 5, 4, 5, 5, 5, 2, 3, 4, 4, 5, 2, 4, 4, 3, 3, 4, 5, 5, 4]"
Arthur bought tickets for the hockey game. They were very expensive. That night Maggie bought some too.,4.0875,0.9304,80,"[4, 5, 5, 5, 4, 2, 4, 2, 5, 4, 5, 4, 2, 5, 3, 5, 5, 4, 5, 4, 5, 5, 4, 5, 4, 5, 2, 4, 4, 4, 4, 5, 4, 3, 5, 4, 4, 2, 4, 4, 5, 3, 3, 4, 5, 5, 4, 5, 2, 5, 5, 3, 4, 4, 4, 3, 3, 5, 5, 5, 5, 4, 4, 5, 5, 3, 3, 4, 5, 5, 5, 4, 4, 2, 5, 4, 4, 4, 3, 4]"
Arthur left the window open last night. All the rain came in and soaked the floor. Unfortunately Janet did it too.,3.3684,1.2115,19,"[3, 4, 5, 4, 2, 4, 4, 2, 2, 3, 4, 3, 1, 3, 5, 3, 5, 5, 2]"
Arthur left the window open last night. All the rain came in and soaked the floor. Unfortunately Janet did too.,3.15,1.1821,20,"[3, 4, 2, 4, 3, 5, 5, 4, 1, 1, 4, 4, 3, 2, 3, 4, 2, 4, 3, 2]"
Arthur left the window open last night. Unfortunately Janet did it too.,3.95,0.9987,20,"[2, 5, 3, 5, 4, 5, 2, 3, 4, 4, 5, 3, 5, 4, 4, 4, 5, 3, 4, 5]"
Arthur left the window open last night. Unfortunately Janet did too.,4.1,1.0208,20,"[3, 5, 4, 3, 5, 4, 4, 4, 4, 4, 5, 4, 1, 5, 5, 4, 3, 5, 5, 5]"
Barry watched television all day yesterday. Cheryl read a book instead.,4.4904,0.852,157,"[5, 5, 5, 5, 5, 5, 3, 4, 5, 5, 5, 5, 4, 5, 5, 5, 5, 4, 5, 2, 5, 5, 1, 3, 5, 2, 5, 2, 4, 3, 4, 5, 5, 5, 5, 4, 5, 5, 5, 5, 5, 5, 5, 4, 5, 5, 3, 5, 5, 5, 4, 5, 4, 3, 5, 5, 4, 5, 4, 5, 4, 5, 5, 4, 5, 5, 5, 5, 5, 5, 5, 5, 5, 4, 5, 5, 5, 4, 5, 4, 5, 5, 3, 5, 4, 5, 5, 5, 5, 5, 5, 3, 5, 3, 3, 5, 5, 5, 5, 5, 5, 5, 4, 5, 4, 3, 3, 4, 4, 5, 5, 5, 5, 3, 4, 4, 5, 5, 5, 5, 5, 4, 5, 5, 5, 5, 5, 4, 5, 5, 5, 5, 2, 5, 5, 4, 4, 5, 5, 4, 2, 5, 5, 5, 5, 4, 2, 4, 5, 4, 3, 5, 5, 5, 5, 5, 4]"
Ben went to the gym on Tuesday. On Wednesday Terrence went too.,4.0625,0.8619,80,"[3, 5, 4, 5, 4, 3, 4, 3, 3, 5, 5, 5, 4, 3, 4, 5, 5, 4, 5, 5, 4, 5, 3, 5, 4, 5, 2, 5, 4, 5, 3, 4, 4, 4, 5, 5, 4, 2, 4, 4, 5, 3, 5, 2, 5, 4, 4, 4, 4, 4, 5, 3, 4, 5, 3, 3, 5, 5, 4, 5, 5, 4, 2, 4, 5, 3, 3, 4, 5, 4, 5, 4, 4, 3, 4, 4, 4, 3, 4, 4]"
Bernard built a bookshelf for his apartment. Marcus did the same thing.,4.1006,0.9154,159,"[4, 4, 4, 3, 3, 5, 4, 4, 5, 5, 5, 5, 5, 4, 5, 5, 3, 5, 2, 5, 4, 5, 2, 1, 5, 5, 2, 3, 4, 3, 5, 4, 3, 4, 4, 5, 5, 3, 5, 5, 5, 4, 5, 5, 3, 5, 4, 3, 3, 4, 4, 3, 5, 5, 3, 4, 3, 5, 5, 3, 5, 5, 5, 4, 5, 4, 5, 4, 5, 4, 3, 3, 4, 4, 4, 4, 5, 3, 5, 2, 4, 4, 4, 5, 3, 3, 3, 5, 4, 4, 5, 5, 4, 3, 5, 3, 2, 3, 5, 5, 5, 5, 5, 5, 4, 5, 3, 3, 4, 3, 4, 4, 4, 4, 4, 3, 4, 4, 5, 5, 5, 4, 3, 4, 4, 5, 5, 5, 5, 4, 4, 4, 5, 4, 5, 2, 4, 4, 3, 5, 5, 4, 5, 3, 4, 5, 4, 5, 3, 4, 5, 4, 2, 3, 5, 4, 5, 5, 5]"
Bess went ice skating on the pond. It was cold and windy. Alan also went skating.,4.1688,0.9058,160,"[5, 5, 5, 4, 5, 5, 3, 3, 5, 5, 5, 5, 3, 4, 5, 5, 5, 3, 5, 4, 5, 4, 5, 2, 5, 5, 2, 3, 4, 3, 5, 5, 4, 5, 5, 2, 5, 4, 4, 3, 5, 5, 4, 5, 4, 4, 5, 5, 4, 4, 2, 4, 4, 5, 4, 4, 4, 5, 5, 4, 4, 5, 4, 5, 5, 5, 5, 5, 5, 5, 4, 3, 3, 5, 4, 5, 2, 5, 4, 3, 4, 4, 5, 4, 5, 3, 4, 4, 4, 4, 4, 5, 5, 4, 5, 4, 3, 4, 4, 5, 5, 5, 5, 5, 5, 3, 5, 3, 3, 3, 3, 3, 2, 3, 5, 5, 2, 2, 4, 5, 5, 4, 5, 4, 4, 4, 4, 4, 5, 5, 4, 5, 5, 5, 5, 4, 2, 4, 3, 4, 4, 5, 4, 3, 4, 5, 5, 3, 5, 3, 4, 5, 4, 2, 3, 4, 4, 5, 4, 5]"
Betty went rollerblading by the river. That day Brian did it too.,4.05,0.6048,20,"[5, 3, 4, 4, 3, 5, 4, 4, 5, 4, 4, 4, 4, 5, 4, 4, 4, 4, 3, 4]"
Betty went rollerblading by the river. That day Brian did too.,4.1,1.0208,20,"[5, 5, 5, 5, 5, 5, 2, 3, 4, 4, 5, 2, 4, 4, 4, 3, 3, 5, 5, 4]"
Betty went rollerblading by the river. The weather was warm and sunny. That day Brian did it too.,3.6,1.2312,20,"[4, 2, 5, 3, 5, 5, 4, 3, 4, 4, 5, 2, 2, 2, 1, 4, 4, 4, 5, 4]"
Betty went rollerblading by the river. The weather was warm and sunny. That day Brian did too.,3.6,1.1425,20,"[4, 2, 5, 5, 4, 2, 4, 2, 4, 4, 4, 4, 4, 2, 5, 4, 2, 5, 2, 4]"
Bill bought a new watch at the store. It was made of stainless steel. Sylvia also bought one.,4.3,0.7697,80,"[5, 5, 4, 5, 5, 4, 5, 3, 5, 4, 5, 3, 3, 5, 3, 5, 5, 4, 5, 5, 5, 5, 5, 5, 4, 5, 4, 4, 4, 4, 5, 5, 4, 3, 5, 5, 4, 4, 4, 4, 5, 3, 4, 4, 5, 4, 4, 5, 4, 5, 5, 3, 5, 4, 3, 3, 3, 5, 5, 5, 5, 4, 4, 5, 5, 2, 3, 3, 5, 5, 5, 4, 4, 4, 4, 5, 4, 4, 4, 5]"
Billy did his homework last night. He had math and science homework. Today Louis did it too.,2.9,1.0208,20,"[4, 4, 4, 1, 3, 2, 3, 4, 3, 4, 3, 2, 3, 2, 3, 4, 2, 4, 2, 1]"
Billy did his homework last night. He had math and science homework. Today Louis did too.,3.05,1.2344,20,"[2, 2, 4, 2, 3, 3, 2, 1, 3, 2, 2, 5, 4, 2, 3, 3, 3, 5, 5, 5]"
Billy did his homework last night. Today Louis did it too.,3.45,1.191,20,"[4, 5, 5, 2, 2, 5, 2, 4, 4, 4, 2, 5, 4, 5, 2, 3, 2, 3, 3, 3]"
Billy did his homework last night. Today Louis did too.,2.9,0.9679,20,"[2, 2, 4, 4, 3, 3, 2, 4, 4, 4, 3, 2, 4, 2, 3, 4, 1, 2, 3, 2]"
Bonnie bought a house on the beach. The next year it was destroyed by a hurricane. Then Ruby did it too.,2.15,1.1367,20,"[1, 2, 1, 1, 1, 2, 1, 2, 2, 2, 4, 1, 4, 3, 4, 2, 1, 2, 3, 4]"
Bonnie bought a house on the beach. The next year it was destroyed by a hurricane. Then Ruby did too.,2.3,1.0311,20,"[2, 1, 3, 4, 2, 2, 3, 1, 2, 2, 4, 4, 1, 2, 2, 3, 1, 1, 3, 3]"
Bonnie bought a house on the beach. Then Ruby did it too.,3.7,1.2183,20,"[5, 5, 4, 2, 5, 4, 4, 1, 4, 4, 4, 2, 3, 3, 5, 4, 3, 5, 2, 5]"
Bonnie bought a house on the beach. Then Ruby did too.,4.0,0.9428,19,"[5, 3, 2, 4, 3, 5, 4, 3, 5, 5, 3, 4, 4, 4, 5, 5, 5, 3, 4]"
Brandon bought the newspaper yesterday. There had been a story worth reading about. Today Denise did it too.,3.05,1.3563,20,"[4, 5, 3, 2, 1, 4, 4, 1, 2, 5, 4, 2, 4, 5, 1, 3, 2, 2, 3, 4]"
Brandon bought the newspaper yesterday. There had been a story worth reading about. Today Denise did too.,2.7895,0.9763,19,"[2, 2, 4, 3, 2, 3, 4, 4, 4, 2, 3, 2, 4, 1, 3, 4, 2, 2, 2]"
Brandon bought the newspaper yesterday. Today Denise did it too.,3.05,1.0501,20,"[4, 4, 4, 4, 1, 4, 3, 4, 3, 3, 3, 4, 4, 2, 1, 4, 3, 2, 2, 2]"
Brandon bought the newspaper yesterday. Today Denise did too.,3.55,1.1459,20,"[2, 2, 3, 4, 4, 3, 4, 1, 5, 2, 4, 5, 4, 4, 3, 4, 5, 5, 4, 3]"
Brendan bought milk at the store. Later Nick did it too.,3.25,1.1642,20,"[5, 2, 4, 3, 3, 5, 2, 2, 3, 3, 4, 2, 2, 4, 4, 5, 3, 4, 4, 1]"
Brendan bought milk at the store. Later Nick did too.,3.8,1.1965,20,"[3, 5, 4, 4, 3, 2, 5, 5, 4, 5, 2, 5, 4, 5, 3, 5, 1, 4, 4, 3]"
Brendan bought milk at the store. Then it spoiled in the hot car. Later Nick did it too.,2.65,1.3089,20,"[2, 5, 2, 4, 4, 2, 2, 4, 4, 1, 3, 4, 1, 2, 3, 1, 3, 4, 1, 1]"
Brendan bought milk at the store. Then it spoiled in the hot car. Later Nick did too.,2.4,1.0954,20,"[3, 1, 2, 3, 2, 2, 3, 1, 2, 2, 3, 5, 2, 2, 3, 2, 1, 4, 4, 1]"
Brent sent flowers to his girlfriend. It was Valentine's Day. Shane did the same thing.,4.2125,0.9372,80,"[4, 5, 5, 5, 4, 3, 4, 3, 5, 5, 5, 4, 5, 5, 4, 5, 5, 4, 4, 5, 5, 5, 4, 5, 5, 5, 2, 4, 5, 5, 5, 4, 5, 5, 5, 5, 4, 1, 4, 4, 5, 5, 3, 4, 5, 2, 4, 5, 4, 5, 5, 4, 4, 5, 4, 2, 4, 2, 4, 4, 4, 4, 2, 4, 5, 2, 5, 5, 4, 4, 4, 4, 3, 5, 4, 4, 5, 4, 4, 5]"
Brian went for a walk in the woods. Miriam went along too.,4.6329,0.6238,79,"[5, 5, 5, 5, 5, 5, 4, 3, 5, 5, 5, 5, 3, 5, 4, 5, 5, 4, 5, 5, 5, 5, 5, 5, 4, 5, 4, 4, 5, 5, 5, 5, 4, 5, 5, 5, 5, 4, 4, 4, 5, 4, 5, 4, 5, 5, 5, 5, 4, 5, 5, 5, 5, 5, 3, 5, 5, 5, 5, 5, 5, 4, 4, 5, 5, 2, 4, 5, 5, 5, 5, 5, 5, 5, 4, 4, 4, 4, 5]"
Bruce drank too much at the holiday party. It was very embarrassing. Maureen didn't drink anything.,4.375,0.8884,160,"[5, 5, 5, 5, 5, 5, 3, 3, 5, 5, 5, 5, 3, 5, 5, 5, 4, 4, 5, 5, 5, 4, 5, 1, 3, 5, 4, 4, 3, 4, 4, 5, 4, 5, 5, 5, 5, 4, 4, 5, 5, 5, 4, 5, 4, 5, 5, 4, 3, 4, 4, 5, 5, 5, 5, 3, 5, 4, 5, 5, 5, 5, 5, 5, 5, 4, 3, 5, 5, 5, 5, 3, 4, 4, 4, 5, 2, 5, 5, 5, 5, 5, 4, 4, 5, 3, 4, 3, 5, 5, 5, 5, 4, 4, 5, 3, 3, 1, 5, 5, 5, 5, 5, 5, 5, 2, 5, 4, 3, 3, 3, 4, 4, 3, 5, 5, 5, 3, 4, 5, 5, 5, 5, 4, 4, 4, 5, 5, 5, 5, 3, 5, 5, 5, 4, 4, 5, 4, 4, 5, 5, 5, 4, 2, 5, 5, 5, 5, 5, 2, 4, 5, 5, 4, 3, 5, 5, 5, 5, 4]"
Cal picked the books up from the floor. They had fallen off the shelf. To be helpful Sean did it too.,3.75,1.1642,20,"[2, 2, 3, 4, 5, 4, 4, 2, 5, 5, 4, 5, 5, 4, 5, 3, 2, 5, 3, 3]"
Cal picked the books up from the floor. They had fallen off the shelf. To be helpful Sean did too.,4.0,1.0761,20,"[3, 3, 4, 5, 3, 5, 3, 5, 5, 5, 5, 4, 4, 5, 4, 5, 1, 4, 3, 4]"
Cal picked the books up from the floor. To be helpful Sean did it too.,3.8421,0.9582,19,"[2, 2, 4, 5, 4, 3, 4, 3, 5, 3, 5, 5, 3, 4, 4, 5, 4, 4, 4]"
Cal picked the books up from the floor. To be helpful Sean did too.,4.1,0.8522,20,"[5, 4, 4, 4, 4, 4, 5, 5, 4, 5, 5, 3, 3, 5, 4, 4, 2, 5, 4, 3]"
Carlos practiced the violin last night. It had been a long time since he played. Today Wayne practiced too.,3.7625,0.9936,160,"[4, 4, 4, 4, 5, 4, 2, 3, 2, 5, 5, 5, 2, 5, 5, 5, 3, 3, 5, 2, 5, 4, 4, 3, 3, 5, 2, 4, 3, 3, 3, 5, 4, 3, 3, 2, 5, 4, 3, 4, 4, 5, 4, 5, 3, 4, 5, 3, 3, 4, 3, 2, 4, 4, 3, 4, 4, 5, 4, 3, 4, 5, 4, 4, 5, 5, 4, 3, 5, 4, 2, 2, 3, 4, 3, 4, 3, 5, 4, 4, 2, 4, 3, 3, 4, 3, 3, 3, 4, 4, 3, 4, 4, 4, 3, 5, 3, 3, 4, 5, 5, 4, 5, 5, 4, 2, 5, 3, 3, 3, 3, 4, 3, 3, 4, 5, 1, 2, 4, 5, 5, 4, 4, 3, 4, 5, 4, 5, 4, 4, 3, 5, 3, 5, 3, 5, 1, 4, 3, 5, 2, 5, 4, 4, 3, 5, 4, 4, 5, 3, 4, 5, 3, 5, 4, 5, 4, 1, 3, 4]"
Carmen forgot her umbrella yesterday. The rain soaked through her clothes. Unfortunately Antonio did it too.,3.15,1.2258,20,"[2, 4, 4, 1, 3, 4, 2, 3, 4, 5, 3, 3, 3, 2, 2, 4, 5, 5, 3, 1]"
Carmen forgot her umbrella yesterday. The rain soaked through her clothes. Unfortunately Antonio did too.,3.5,1.0513,20,"[5, 2, 3, 4, 4, 3, 4, 2, 2, 5, 3, 5, 4, 3, 3, 2, 4, 5, 4, 3]"
Carmen forgot her umbrella yesterday. Unfortunately Antonio did it too.,4.0,1.1239,20,"[2, 5, 5, 2, 4, 5, 5, 4, 4, 5, 5, 4, 5, 5, 2, 4, 5, 3, 3, 3]"
Carmen forgot her umbrella yesterday. Unfortunately Antonio did too.,4.05,1.099,20,"[2, 4, 4, 5, 5, 3, 1, 3, 5, 5, 4, 4, 5, 4, 4, 5, 5, 4, 5, 4]"
Carol went on a plane for the first time. Then Brett took a plane too.,3.557,0.9967,79,"[2, 3, 4, 4, 4, 2, 4, 2, 2, 4, 4, 4, 2, 3, 3, 5, 4, 4, 4, 4, 5, 4, 4, 5, 4, 5, 2, 3, 3, 2, 4, 4, 4, 4, 5, 3, 3, 4, 3, 2, 5, 3, 5, 2, 5, 5, 3, 2, 4, 4, 4, 2, 5, 4, 3, 4, 2, 2, 5, 4, 4, 2, 5, 4, 4, 3, 3, 2, 4, 3, 4, 4, 3, 2, 5, 4, 4, 3, 4]"
Cassandra wrote a book about her life. She tried to get it published. Jeremy wrote a cookbook.,3.4125,1.1767,80,"[3, 4, 2, 2, 2, 2, 4, 1, 1, 3, 5, 3, 2, 5, 3, 5, 4, 1, 4, 3, 1, 4, 3, 5, 5, 5, 4, 3, 5, 3, 4, 2, 5, 3, 2, 4, 4, 3, 4, 3, 5, 3, 5, 2, 5, 4, 3, 4, 1, 4, 3, 2, 4, 4, 2, 1, 3, 3, 2, 5, 4, 4, 3, 4, 4, 5, 4, 4, 5, 3, 2, 4, 4, 4, 4, 4, 3, 4, 3, 5]"
Cathy made steak and potatoes for dinner. It was very easy and quick to prepare. The next day Jennifer did it too.,3.9,0.9119,20,"[3, 5, 5, 5, 4, 3, 4, 3, 4, 4, 5, 3, 3, 2, 5, 3, 4, 5, 4, 4]"
Cathy made steak and potatoes for dinner. It was very easy and quick to prepare. The next day Jennifer did too.,4.35,0.6708,20,"[5, 4, 4, 4, 3, 5, 5, 4, 5, 4, 4, 5, 4, 3, 5, 5, 5, 4, 4, 5]"
Cathy made steak and potatoes for dinner. The next day Jennifer did it too.,4.05,0.8256,20,"[5, 5, 4, 4, 5, 4, 2, 3, 4, 4, 5, 3, 4, 4, 4, 3, 4, 5, 5, 4]"
Cathy made steak and potatoes for dinner. The next day Jennifer did too.,4.15,0.8751,20,"[5, 5, 4, 3, 5, 5, 4, 3, 4, 4, 5, 4, 2, 5, 4, 4, 3, 5, 5, 4]"
Chad saw a zebra at the zoo. It had black and white stripes. That day Nora saw one too.,3.8931,0.9974,159,"[5, 3, 4, 4, 5, 5, 4, 3, 5, 5, 5, 5, 4, 5, 4, 5, 5, 3, 3, 4, 4, 4, 4, 2, 5, 5, 1, 4, 3, 3, 5, 5, 4, 3, 4, 1, 5, 3, 5, 4, 5, 4, 4, 5, 4, 4, 5, 5, 3, 4, 3, 4, 4, 2, 5, 4, 4, 5, 5, 4, 4, 5, 4, 4, 4, 5, 4, 4, 5, 5, 3, 4, 3, 3, 5, 4, 2, 4, 2, 3, 2, 2, 4, 4, 4, 3, 4, 3, 4, 5, 3, 5, 5, 3, 5, 2, 3, 4, 2, 5, 5, 4, 5, 5, 4, 4, 5, 3, 3, 4, 3, 4, 4, 4, 3, 4, 2, 4, 5, 4, 5, 4, 3, 4, 5, 3, 4, 5, 3, 4, 4, 4, 5, 5, 5, 2, 4, 4, 3, 3, 5, 4, 1, 2, 5, 3, 4, 5, 3, 3, 5, 3, 2, 3, 5, 4, 5, 4, 3]"
Christopher washed his car in the driveway. It was covered in dust and mud. Yesterday Amanda did it too.,2.9,1.0208,20,"[4, 4, 2, 1, 3, 5, 3, 2, 3, 3, 4, 2, 2, 2, 3, 4, 3, 4, 2, 2]"
Christopher washed his car in the driveway. It was covered in dust and mud. Yesterday Amanda did too.,3.0526,1.2681,19,"[1, 4, 2, 2, 2, 5, 4, 4, 3, 3, 3, 3, 5, 2, 5, 1, 2, 4, 3]"
Christopher washed his car in the driveway. Yesterday Amanda did it too.,3.6,0.9403,20,"[2, 5, 4, 3, 4, 2, 4, 3, 4, 2, 3, 4, 4, 4, 3, 4, 3, 5, 4, 5]"
Christopher washed his car in the driveway. Yesterday Amanda did too.,3.55,1.099,20,"[3, 5, 2, 3, 4, 3, 3, 3, 2, 5, 4, 5, 2, 3, 4, 5, 4, 2, 5, 4]"
Claire bought a washing machine at the store. Later Nate bought one too.,4.2658,0.9017,79,"[3, 5, 5, 5, 4, 4, 4, 2, 5, 4, 5, 4, 2, 5, 3, 5, 5, 4, 5, 5, 5, 5, 3, 5, 5, 2, 3, 4, 5, 5, 5, 4, 5, 5, 5, 4, 4, 4, 4, 5, 2, 5, 4, 5, 4, 4, 5, 4, 5, 5, 2, 4, 4, 4, 4, 5, 5, 5, 5, 5, 4, 2, 5, 5, 4, 3, 5, 5, 4, 4, 4, 4, 5, 5, 5, 4, 4, 3, 5]"
Claire threw an egg at the house. After that Tom did it too.,4.45,0.887,20,"[5, 5, 5, 5, 4, 5, 4, 5, 5, 4, 5, 5, 5, 5, 4, 5, 5, 3, 3, 2]"
Claire threw an egg at the house. After that Tom did too.,3.4211,1.0174,19,"[1, 2, 4, 4, 3, 3, 3, 3, 5, 4, 4, 2, 4, 3, 4, 5, 4, 3, 4]"
Claire threw an egg at the house. It was a rotten stinky egg. After that Tom did it too.,3.45,0.8256,20,"[5, 4, 4, 3, 3, 4, 2, 3, 3, 3, 2, 3, 4, 4, 4, 4, 4, 4, 4, 2]"
Claire threw an egg at the house. It was a rotten stinky egg. After that Tom did too.,3.75,0.7864,20,"[2, 4, 4, 3, 5, 4, 4, 4, 5, 4, 4, 5, 4, 3, 3, 4, 3, 3, 4, 3]"
Clarence bought coffee at a cafe this morning. There was no time to make it at home. This afternoon Earl did it too.,2.85,1.3485,20,"[5, 4, 2, 1, 5, 4, 2, 1, 2, 3, 4, 2, 2, 2, 3, 5, 3, 4, 2, 1]"
Clarence bought coffee at a cafe this morning. There was no time to make it at home. This afternoon Earl did too.,3.15,1.3485,20,"[3, 5, 4, 2, 3, 1, 3, 4, 5, 1, 2, 4, 5, 5, 2, 4, 3, 1, 3, 3]"
Clarence bought coffee at a cafe this morning. This afternoon Earl did it too.,3.6842,1.1572,19,"[5, 5, 5, 5, 3, 4, 3, 5, 1, 3, 5, 2, 4, 3, 3, 3, 3, 4, 4]"
Clarence bought coffee at a cafe this morning. This afternoon Earl did too.,3.65,1.1821,20,"[4, 5, 2, 4, 4, 4, 3, 3, 4, 5, 5, 5, 2, 2, 2, 5, 4, 5, 3, 2]"
Claudia got caught in the rain yesterday. Tanya made it inside in time.,4.375,0.8769,80,"[5, 5, 4, 5, 5, 4, 4, 2, 2, 4, 5, 4, 5, 5, 4, 5, 5, 2, 5, 5, 5, 5, 4, 5, 4, 5, 4, 4, 5, 5, 5, 5, 5, 3, 5, 5, 5, 5, 5, 4, 5, 4, 5, 2, 5, 2, 3, 5, 2, 5, 5, 5, 4, 4, 5, 4, 4, 5, 5, 5, 5, 4, 4, 5, 5, 4, 3, 5, 4, 5, 5, 4, 5, 4, 5, 4, 4, 4, 4, 5]"
Colin sailed a boat to Maine. It was a very exciting journey. Dave decided not to go.,4.3671,0.8348,79,"[3, 4, 5, 4, 4, 5, 4, 2, 5, 5, 4, 4, 4, 5, 3, 5, 5, 5, 5, 5, 5, 5, 3, 5, 4, 5, 4, 4, 5, 5, 5, 5, 4, 3, 2, 4, 5, 4, 4, 4, 5, 5, 2, 5, 4, 4, 5, 4, 5, 5, 3, 5, 5, 5, 3, 4, 5, 5, 5, 5, 4, 5, 5, 5, 4, 4, 5, 5, 5, 5, 4, 5, 5, 4, 4, 2, 4, 5, 5]"
Connie bought expensive tickets to a musical. The next day they went on sale. Then Florence did it too.,2.8,1.0052,20,"[2, 1, 4, 4, 3, 3, 3, 4, 3, 1, 2, 3, 2, 4, 2, 4, 2, 2, 4, 3]"
Connie bought expensive tickets to a musical. The next day they went on sale. Then Florence did too.,2.35,1.0894,20,"[2, 5, 2, 2, 2, 3, 2, 3, 5, 1, 2, 2, 1, 2, 3, 1, 3, 2, 2, 2]"
Connie bought expensive tickets to a musical. Then Florence did it too.,3.65,1.2258,20,"[5, 1, 3, 2, 4, 5, 4, 4, 3, 5, 4, 5, 2, 3, 4, 5, 5, 2, 4, 3]"
Connie bought expensive tickets to a musical. Then Florence did too.,3.6,1.1877,20,"[5, 2, 3, 2, 3, 5, 2, 5, 2, 3, 4, 4, 4, 4, 3, 5, 4, 5, 5, 2]"
Connie vacuumed the floor yesterday. It was covered in dust and dog hair. Meanwhile Eric swept the hallway.,4.3145,0.9817,159,"[5, 5, 5, 5, 5, 5, 3, 4, 5, 5, 5, 5, 5, 5, 5, 5, 5, 3, 3, 5, 5, 5, 1, 3, 5, 2, 4, 3, 3, 5, 5, 5, 4, 5, 5, 5, 5, 3, 5, 4, 5, 4, 5, 4, 4, 5, 5, 3, 5, 5, 3, 5, 5, 4, 3, 5, 5, 5, 5, 4, 5, 5, 5, 5, 5, 5, 5, 5, 4, 4, 4, 4, 5, 5, 5, 4, 5, 5, 5, 5, 2, 4, 4, 5, 3, 3, 3, 5, 5, 4, 5, 5, 4, 5, 5, 3, 2, 5, 5, 4, 1, 5, 5, 5, 2, 5, 4, 3, 5, 4, 5, 5, 4, 5, 5, 5, 3, 3, 4, 4, 3, 5, 4, 4, 4, 2, 4, 5, 2, 5, 5, 4, 5, 5, 3, 1, 5, 5, 4, 4, 5, 5, 3, 4, 4, 4, 5, 5, 5, 4, 5, 5, 2, 5, 5, 4, 5, 5, 5]"
Cora applied for graduate school last month. Joanna also applied to school.,4.1375,0.7915,80,"[4, 5, 4, 5, 4, 2, 4, 4, 4, 3, 4, 4, 3, 5, 4, 5, 4, 4, 4, 5, 4, 5, 5, 5, 4, 5, 4, 4, 4, 4, 4, 4, 4, 4, 5, 4, 5, 4, 3, 4, 5, 4, 5, 4, 5, 5, 3, 5, 2, 4, 5, 4, 5, 4, 5, 3, 3, 5, 4, 5, 5, 4, 2, 5, 4, 4, 4, 5, 5, 5, 3, 4, 5, 4, 3, 4, 4, 4, 4, 2]"
Craig trained for the marathon all spring. It was the hardest thing he'd ever done. Lucy was also training.,4.0128,0.8451,78,"[3, 5, 4, 4, 4, 4, 4, 3, 4, 4, 4, 5, 3, 4, 4, 5, 4, 2, 4, 4, 5, 5, 4, 5, 3, 3, 2, 3, 4, 5, 5, 4, 4, 5, 5, 4, 4, 2, 4, 4, 4, 4, 5, 4, 5, 4, 2, 5, 4, 5, 5, 3, 5, 3, 5, 2, 3, 5, 5, 5, 4, 4, 3, 5, 3, 4, 5, 4, 5, 4, 4, 4, 4, 3, 4, 4, 4, 4]"
Daisy bought a puppy today. Lindsay wants to do the same thing.,4.1509,0.8801,159,"[5, 5, 5, 3, 4, 5, 2, 4, 4, 5, 5, 5, 4, 4, 4, 5, 5, 4, 4, 5, 5, 4, 3, 1, 3, 5, 3, 4, 3, 5, 4, 5, 4, 5, 4, 5, 5, 5, 3, 5, 5, 5, 4, 5, 5, 4, 5, 4, 4, 5, 3, 5, 4, 4, 4, 4, 3, 4, 3, 4, 4, 5, 3, 5, 4, 5, 5, 4, 4, 5, 4, 3, 3, 4, 3, 5, 4, 5, 4, 5, 2, 3, 3, 4, 4, 3, 3, 3, 5, 5, 3, 4, 5, 5, 5, 5, 3, 3, 4, 5, 5, 5, 5, 5, 5, 4, 5, 2, 3, 4, 4, 4, 4, 4, 3, 2, 4, 3, 4, 5, 5, 4, 4, 4, 4, 4, 3, 4, 5, 5, 5, 5, 2, 5, 3, 4, 2, 4, 4, 4, 4, 5, 5, 4, 4, 5, 5, 5, 4, 3, 5, 5, 5, 4, 5, 4, 5, 5, 5]"
Daniel went out to dinner last night. Jack also went out.,3.943,1.011,158,"[5, 4, 2, 4, 5, 5, 4, 2, 4, 5, 5, 5, 4, 5, 4, 5, 4, 3, 5, 3, 4, 4, 2, 3, 3, 5, 5, 3, 2, 3, 4, 4, 3, 4, 4, 5, 4, 3, 4, 5, 5, 4, 5, 3, 3, 5, 5, 3, 4, 3, 4, 4, 5, 3, 3, 4, 4, 2, 3, 5, 5, 4, 5, 4, 5, 4, 5, 5, 5, 4, 4, 4, 4, 3, 5, 4, 5, 3, 5, 2, 3, 5, 4, 2, 3, 1, 3, 5, 4, 3, 4, 5, 4, 5, 5, 3, 1, 5, 5, 4, 5, 5, 4, 3, 5, 3, 3, 4, 3, 4, 2, 4, 4, 5, 4, 2, 3, 5, 5, 4, 4, 3, 4, 4, 4, 4, 5, 4, 5, 5, 5, 5, 2, 4, 5, 4, 3, 4, 2, 5, 4, 4, 5, 5, 5, 5, 5, 4, 3, 5, 4, 2, 3, 4, 4, 5, 4, 1]"
Danny boarded the train at the last minute. Fortunately Cindy did it too.,3.2,1.3219,20,"[2, 3, 2, 4, 5, 3, 4, 3, 5, 5, 4, 4, 5, 2, 2, 4, 1, 3, 2, 1]"
Danny boarded the train at the last minute. Fortunately Cindy did too.,3.95,0.887,20,"[5, 4, 5, 5, 4, 4, 4, 2, 4, 3, 4, 2, 5, 4, 5, 4, 4, 4, 4, 3]"
Danny boarded the train at the last minute. Then it left the station. Fortunately Cindy did it too.,2.75,1.4096,20,"[2, 2, 1, 1, 4, 3, 2, 1, 4, 1, 2, 5, 5, 4, 2, 2, 2, 5, 4, 3]"
Danny boarded the train at the last minute. Then it left the station. Fortunately Cindy did too.,3.5,1.2773,20,"[3, 5, 3, 2, 2, 5, 2, 2, 4, 5, 5, 5, 5, 5, 2, 2, 4, 3, 3, 3]"
Dave went to a baseball game last weekend. This weekend Eric is going too.,3.7862,1.0273,159,"[5, 5, 4, 4, 4, 3, 4, 4, 4, 5, 5, 5, 3, 5, 4, 3, 4, 4, 4, 5, 4, 4, 5, 2, 3, 4, 4, 5, 3, 3, 2, 4, 3, 4, 3, 5, 4, 4, 5, 5, 5, 4, 4, 4, 2, 5, 4, 3, 5, 3, 5, 4, 2, 5, 2, 4, 2, 4, 2, 4, 5, 5, 5, 4, 4, 5, 4, 5, 4, 3, 5, 3, 3, 2, 4, 4, 4, 4, 2, 2, 2, 3, 4, 4, 3, 3, 3, 5, 2, 2, 4, 3, 2, 5, 4, 3, 3, 3, 5, 5, 5, 5, 5, 4, 5, 4, 4, 4, 3, 4, 2, 4, 3, 3, 4, 1, 4, 4, 2, 4, 2, 4, 4, 2, 5, 2, 4, 5, 2, 4, 5, 4, 5, 4, 4, 1, 4, 4, 3, 3, 5, 4, 4, 4, 4, 3, 4, 5, 3, 5, 5, 4, 3, 5, 5, 4, 2, 5, 5]"
Dawn quit her job last month. She had been working as an engineer. Then Shawn did it too.,2.9,1.0712,20,"[4, 1, 2, 3, 2, 4, 4, 2, 3, 5, 4, 4, 2, 2, 4, 3, 2, 2, 3, 2]"
Dawn quit her job last month. She had been working as an engineer. Then Shawn did too.,2.9,1.2937,20,"[5, 5, 2, 2, 1, 5, 4, 4, 2, 2, 2, 2, 2, 4, 2, 2, 4, 4, 2, 2]"
Dawn quit her job last month. Then Shawn did it too.,3.4211,1.1698,19,"[3, 4, 3, 3, 2, 5, 5, 4, 4, 4, 5, 3, 2, 2, 5, 1, 3, 4, 3]"
Dawn quit her job last month. Then Shawn did too.,3.7,1.0809,20,"[5, 5, 2, 4, 5, 5, 5, 3, 4, 2, 3, 4, 3, 4, 3, 3, 3, 2, 4, 5]"
Dennis fed the cat only organic food. He was worried it would get sick. Oddly Walter did it too.,2.75,1.2927,20,"[2, 3, 2, 4, 3, 3, 4, 3, 5, 5, 2, 3, 1, 4, 2, 1, 1, 4, 1, 2]"
Dennis fed the cat only organic food. He was worried it would get sick. Oddly Walter did too.,3.15,0.9881,20,"[5, 3, 4, 4, 3, 3, 3, 2, 4, 4, 2, 2, 3, 2, 5, 2, 3, 4, 3, 2]"
Dennis fed the cat only organic food. Oddly Walter did it too.,3.3,1.1743,20,"[2, 2, 3, 2, 5, 3, 4, 3, 4, 5, 2, 5, 5, 3, 3, 4, 1, 3, 4, 3]"
Dennis fed the cat only organic food. Oddly Walter did too.,3.9474,0.8481,19,"[3, 4, 5, 4, 5, 3, 4, 5, 5, 5, 4, 2, 4, 4, 4, 4, 4, 3, 3]"
Dennis replaced the windows in the spring. The old ones let in a draft. Leo replaced the windows too.,3.481,1.11,158,"[2, 4, 5, 5, 4, 3, 2, 3, 4, 5, 5, 5, 2, 2, 4, 2, 3, 3, 5, 4, 5, 4, 2, 3, 5, 4, 4, 3, 3, 3, 5, 4, 3, 5, 3, 5, 3, 3, 2, 5, 5, 5, 4, 2, 4, 5, 3, 1, 3, 3, 4, 4, 4, 3, 4, 2, 4, 3, 3, 3, 3, 2, 4, 5, 4, 5, 5, 5, 4, 3, 2, 3, 2, 3, 3, 4, 5, 2, 5, 2, 3, 4, 3, 3, 3, 4, 4, 4, 4, 4, 2, 4, 2, 1, 3, 2, 4, 5, 2, 3, 5, 2, 4, 3, 4, 5, 3, 4, 2, 3, 2, 3, 5, 4, 2, 2, 3, 4, 4, 3, 4, 5, 4, 3, 4, 4, 4, 4, 1, 5, 4, 4, 1, 5, 1, 4, 4, 5, 2, 2, 2, 5, 4, 2, 3, 4, 5, 3, 3, 5, 2, 2, 3, 4, 3, 5, 4, 4]"
Derek planted a garden in the spring. This year Jerome will too.,4.2625,0.7915,80,"[3, 5, 5, 5, 4, 2, 4, 2, 5, 4, 5, 4, 3, 2, 3, 5, 4, 4, 5, 4, 5, 5, 4, 5, 4, 5, 3, 4, 5, 4, 5, 5, 5, 4, 5, 5, 4, 5, 4, 4, 5, 5, 5, 3, 5, 4, 4, 5, 4, 5, 4, 4, 5, 4, 5, 3, 5, 4, 4, 5, 5, 4, 3, 5, 5, 4, 4, 5, 5, 5, 3, 4, 4, 4, 4, 4, 4, 4, 4, 5]"
Desmond dropped out of school. He was only in tenth grade. The next year Charles did it too.,3.2632,1.2402,19,"[3, 3, 4, 5, 4, 1, 4, 1, 3, 5, 4, 3, 2, 4, 5, 3, 2, 2, 4]"
Desmond dropped out of school. He was only in tenth grade. The next year Charles did too.,4.05,0.887,20,"[4, 4, 2, 4, 3, 5, 5, 4, 5, 5, 3, 3, 4, 5, 5, 4, 4, 4, 3, 5]"
Desmond dropped out of school. The next year Charles did it too.,3.85,1.0894,20,"[2, 4, 5, 3, 3, 4, 2, 2, 5, 4, 5, 3, 4, 3, 5, 4, 5, 5, 4, 5]"
Desmond dropped out of school. The next year Charles did too.,4.15,1.04,20,"[5, 5, 2, 3, 5, 5, 4, 4, 4, 5, 5, 4, 2, 5, 5, 3, 3, 5, 5, 4]"
Diana had a huge birthday party last year. It was her thirtieth birthday. Betsy had a small party.,3.9875,0.8929,80,"[2, 4, 4, 4, 4, 5, 4, 3, 2, 4, 4, 2, 5, 4, 3, 5, 5, 4, 4, 2, 4, 5, 4, 5, 4, 5, 4, 4, 3, 4, 4, 4, 4, 3, 5, 5, 4, 3, 5, 2, 5, 3, 5, 4, 5, 4, 3, 5, 2, 5, 4, 4, 5, 4, 5, 4, 4, 2, 4, 5, 5, 4, 4, 5, 5, 4, 3, 4, 5, 4, 3, 4, 4, 3, 4, 5, 4, 4, 3, 5]"
Don bought wine at the liquor store. It was for a dinner party. Caroline bought the same wine.,4.3544,0.7686,79,"[3, 5, 5, 5, 5, 5, 4, 4, 4, 4, 5, 4, 3, 5, 3, 5, 5, 3, 5, 5, 5, 5, 5, 5, 4, 5, 4, 4, 5, 5, 5, 5, 5, 4, 5, 5, 4, 4, 4, 3, 5, 2, 5, 4, 5, 4, 4, 5, 4, 5, 5, 4, 5, 4, 5, 3, 3, 4, 5, 5, 4, 4, 3, 5, 5, 4, 3, 5, 5, 5, 5, 4, 3, 4, 4, 5, 5, 4, 3]"
Donna put the bread in the oven. An hour later it had risen. Then Carol did it too.,2.5,1.0,20,"[5, 2, 2, 2, 2, 4, 2, 1, 2, 3, 2, 2, 2, 4, 2, 3, 2, 4, 2, 2]"
Donna put the bread in the oven. An hour later it had risen. Then Carol did too.,3.0526,1.3934,19,"[1, 2, 5, 2, 2, 1, 5, 2, 5, 3, 3, 3, 4, 5, 5, 2, 2, 3, 3]"
Donna put the bread in the oven. Then Carol did it too.,2.45,1.1459,20,"[2, 5, 1, 2, 2, 2, 3, 3, 4, 2, 2, 4, 1, 2, 2, 1, 3, 3, 1, 4]"
Donna put the bread in the oven. Then Carol did too.,3.4,0.9403,20,"[2, 2, 2, 5, 4, 3, 3, 4, 4, 5, 4, 4, 3, 3, 3, 4, 4, 2, 4, 3]"
Dorothy quit smoking last month. Then Nancy quit too.,4.3125,0.8049,80,"[3, 5, 4, 5, 4, 5, 4, 3, 5, 4, 5, 5, 3, 5, 4, 5, 5, 4, 5, 5, 5, 5, 5, 5, 4, 5, 4, 3, 4, 5, 5, 5, 3, 4, 5, 5, 5, 3, 4, 5, 5, 4, 4, 4, 5, 4, 4, 5, 4, 4, 5, 2, 5, 4, 3, 4, 5, 4, 5, 5, 5, 4, 2, 5, 5, 4, 3, 5, 2, 4, 4, 4, 5, 4, 4, 5, 5, 4, 4, 5]"
Ed ate his lunch under a big oak tree. It was a beautiful sunny day. Karl ate his at his desk.,4.275,0.9137,80,"[2, 4, 5, 5, 4, 5, 4, 3, 5, 5, 5, 2, 3, 5, 4, 5, 5, 4, 5, 5, 5, 5, 3, 5, 2, 5, 2, 3, 5, 5, 5, 5, 5, 5, 5, 5, 3, 4, 5, 3, 5, 4, 4, 4, 5, 5, 5, 5, 4, 5, 4, 4, 5, 5, 5, 3, 4, 5, 5, 5, 4, 4, 4, 5, 4, 5, 2, 4, 3, 5, 3, 4, 5, 5, 4, 4, 4, 4, 3, 5]"
Edith took guitar lessons last year. It was easy to learn the chords. Bobby took lessons too.,4.1646,0.8075,79,"[3, 4, 4, 5, 4, 3, 4, 4, 4, 4, 4, 3, 4, 5, 2, 5, 5, 4, 5, 4, 5, 5, 5, 4, 5, 5, 5, 4, 5, 4, 5, 5, 4, 4, 5, 5, 4, 4, 4, 5, 2, 5, 2, 5, 4, 4, 5, 4, 5, 4, 3, 5, 4, 5, 3, 4, 4, 5, 5, 4, 4, 3, 4, 4, 4, 4, 5, 5, 5, 3, 4, 4, 5, 2, 4, 4, 3, 4, 4]"
Edward stretched before baseball practice. At the same time Josh did it too.,3.35,1.04,20,"[2, 2, 2, 4, 4, 3, 4, 3, 4, 4, 3, 5, 3, 1, 4, 4, 5, 3, 4, 3]"
Edward stretched before baseball practice. At the same time Josh did too.,3.8,1.0563,20,"[5, 4, 4, 5, 3, 4, 5, 2, 4, 5, 2, 5, 4, 4, 4, 2, 4, 4, 4, 2]"
Edward stretched before baseball practice. He didn't want to get injured during practice. At the same time Josh did it too.,3.45,1.191,20,"[2, 2, 3, 1, 4, 3, 3, 4, 5, 2, 4, 5, 4, 4, 2, 4, 4, 5, 3, 5]"
Edward stretched before baseball practice. He didn't want to get injured during practice. At the same time Josh did too.,3.9,1.0208,20,"[4, 5, 4, 4, 2, 5, 5, 5, 4, 2, 5, 4, 4, 5, 2, 4, 4, 3, 4, 3]"
Elaine drinks tea every day. Ken drinks tea too.,4.4625,0.674,80,"[4, 5, 4, 5, 4, 4, 5, 4, 5, 5, 5, 5, 5, 4, 3, 5, 5, 3, 4, 5, 5, 4, 5, 4, 5, 5, 5, 4, 4, 5, 5, 5, 5, 4, 5, 5, 5, 5, 4, 5, 5, 3, 5, 3, 4, 5, 5, 5, 4, 5, 5, 4, 5, 5, 5, 3, 4, 4, 4, 5, 5, 4, 3, 4, 5, 3, 5, 4, 4, 5, 5, 5, 5, 3, 5, 4, 4, 4, 4, 5]"
Eleanor mended the ripped jeans. They were torn on the knees. Jimmy brought his to the tailor.,3.9937,1.0524,159,"[5, 5, 4, 5, 3, 5, 3, 3, 4, 5, 5, 5, 2, 4, 5, 4, 4, 4, 4, 2, 4, 1, 5, 4, 4, 3, 2, 2, 3, 4, 3, 4, 5, 3, 5, 5, 4, 4, 5, 3, 5, 4, 5, 4, 4, 5, 5, 3, 4, 5, 5, 3, 5, 4, 3, 5, 5, 3, 5, 5, 5, 3, 5, 4, 4, 5, 5, 5, 5, 4, 3, 4, 5, 5, 5, 3, 5, 5, 4, 2, 4, 4, 2, 5, 3, 2, 3, 3, 3, 4, 4, 5, 4, 3, 4, 3, 4, 5, 4, 4, 5, 5, 5, 2, 2, 5, 4, 3, 3, 2, 4, 3, 4, 5, 5, 1, 3, 3, 5, 4, 5, 5, 4, 4, 3, 5, 5, 5, 5, 1, 5, 4, 5, 5, 4, 3, 4, 5, 4, 3, 5, 2, 4, 5, 5, 4, 5, 4, 3, 2, 5, 5, 5, 3, 5, 5, 5, 2, 4]"
Elena threw the lamp across the room. The next day Frank cleaned it up.,4.3333,0.9851,159,"[5, 5, 4, 5, 5, 5, 3, 4, 5, 2, 5, 5, 5, 5, 5, 3, 5, 4, 5, 2, 5, 5, 5, 1, 3, 5, 5, 5, 2, 5, 3, 5, 4, 5, 2, 5, 5, 5, 4, 3, 5, 5, 4, 5, 5, 5, 5, 5, 3, 3, 5, 5, 4, 5, 5, 3, 5, 5, 5, 5, 4, 5, 5, 5, 5, 5, 4, 5, 5, 5, 5, 5, 4, 5, 5, 5, 2, 5, 5, 5, 4, 4, 3, 4, 5, 3, 2, 3, 5, 5, 4, 4, 5, 4, 5, 4, 3, 3, 5, 4, 4, 5, 5, 5, 5, 4, 5, 4, 3, 1, 3, 5, 4, 4, 3, 4, 5, 3, 3, 5, 5, 5, 5, 5, 4, 4, 5, 5, 5, 5, 5, 5, 4, 5, 2, 5, 1, 5, 3, 5, 5, 5, 4, 4, 5, 5, 4, 5, 3, 4, 5, 5, 4, 4, 5, 5, 5, 5, 5]"
Elena took the dog for a walk. The day after Lars did it too.,3.75,1.0699,20,"[5, 4, 5, 2, 2, 5, 4, 2, 4, 4, 5, 5, 4, 3, 4, 2, 4, 3, 4, 4]"
Elena took the dog for a walk. The day after Lars did too.,3.8,1.105,20,"[5, 5, 4, 3, 5, 5, 2, 2, 4, 4, 5, 4, 3, 4, 4, 2, 4, 2, 4, 5]"
Elena took the dog for a walk. The trail went through the woods and over a river. The day after Lars did it too.,3.25,1.3328,20,"[2, 2, 1, 5, 5, 5, 3, 2, 2, 4, 4, 4, 1, 3, 4, 3, 4, 2, 5, 4]"
Elena took the dog for a walk. The trail went through the woods and over a river. The day after Lars did too.,3.1,1.2937,20,"[3, 4, 5, 4, 4, 1, 2, 2, 2, 3, 2, 3, 1, 2, 5, 4, 4, 4, 2, 5]"
Ellen threw out her old shoes. They were smelly and falling apart. Emma threw out hers too.,4.2125,0.8373,80,"[4, 4, 4, 5, 4, 3, 4, 3, 4, 4, 5, 2, 3, 5, 3, 5, 5, 2, 5, 4, 5, 5, 4, 5, 5, 5, 3, 3, 4, 5, 5, 5, 5, 5, 5, 5, 5, 4, 4, 4, 5, 4, 4, 3, 5, 4, 4, 5, 4, 4, 5, 3, 5, 5, 5, 2, 4, 5, 5, 5, 5, 4, 3, 5, 5, 4, 3, 4, 4, 5, 3, 4, 4, 4, 5, 4, 4, 4, 3, 5]"
Emily rode a bike to work today. Kerry does on Mondays.,3.7308,0.976,78,"[3, 3, 4, 4, 4, 2, 4, 1, 2, 4, 4, 3, 5, 5, 4, 5, 4, 2, 4, 3, 5, 4, 5, 4, 4, 4, 2, 3, 5, 4, 5, 5, 4, 3, 5, 5, 4, 3, 4, 4, 4, 4, 5, 3, 5, 4, 4, 5, 5, 5, 4, 4, 4, 3, 4, 2, 4, 3, 5, 4, 2, 2, 3, 2, 3, 2, 4, 4, 2, 4, 3, 4, 4, 3, 4, 4, 4, 4]"
Emma hired an exterminator last week. Her house was overrun with bugs. Vivian needed an exterminator too.,4.1783,0.9839,157,"[5, 5, 5, 3, 5, 5, 3, 3, 5, 5, 5, 5, 4, 4, 5, 5, 5, 4, 5, 5, 5, 4, 3, 3, 5, 5, 4, 4, 3, 2, 4, 4, 4, 5, 1, 5, 5, 4, 5, 5, 5, 5, 5, 3, 3, 5, 3, 3, 2, 3, 5, 4, 4, 3, 3, 4, 5, 5, 3, 4, 5, 5, 5, 5, 5, 4, 5, 5, 5, 5, 3, 3, 5, 4, 4, 3, 5, 2, 4, 5, 4, 4, 4, 3, 3, 4, 4, 5, 5, 4, 5, 4, 4, 3, 4, 3, 2, 4, 5, 5, 5, 5, 5, 5, 3, 5, 4, 4, 3, 4, 3, 4, 5, 5, 5, 2, 4, 5, 5, 5, 5, 5, 5, 4, 5, 5, 4, 5, 5, 4, 3, 5, 4, 1, 5, 4, 5, 3, 5, 5, 2, 3, 5, 2, 5, 5, 3, 5, 5, 5, 2, 4, 4, 5, 5, 5, 4]"
Ernest took the train home for Thanksgiving. He was scared of flying in an airplane. Last year Paula did it too.,3.5,1.0513,20,"[3, 5, 3, 2, 3, 3, 2, 4, 4, 2, 5, 2, 4, 5, 3, 4, 5, 3, 4, 4]"
Ernest took the train home for Thanksgiving. He was scared of flying in an airplane. Last year Paula did too.,2.4,0.8826,20,"[2, 3, 3, 3, 3, 3, 2, 3, 4, 2, 2, 4, 1, 1, 3, 2, 1, 2, 2, 2]"
Ernest took the train home for Thanksgiving. Last year Paula did it too.,2.9,1.0208,20,"[4, 5, 4, 2, 1, 3, 3, 4, 3, 3, 3, 3, 3, 1, 3, 4, 3, 2, 2, 2]"
Ernest took the train home for Thanksgiving. Last year Paula did too.,3.6,1.2732,20,"[4, 4, 3, 2, 4, 3, 4, 5, 1, 5, 2, 5, 4, 2, 2, 4, 3, 5, 5, 5]"
Eugene went to the beach on Saturday. On Sunday Carlos did it too.,3.45,1.2763,20,"[4, 1, 4, 4, 5, 2, 3, 3, 4, 4, 5, 4, 1, 5, 4, 4, 3, 2, 5, 2]"
Eugene went to the beach on Saturday. On Sunday Carlos did too.,3.8421,1.1187,19,"[2, 5, 5, 4, 4, 2, 4, 2, 4, 5, 3, 5, 4, 5, 4, 4, 5, 2, 4]"
Eugene went to the beach on Saturday. The weather was too nice to stay indoors. On Sunday Carlos did it too.,3.7,0.8013,20,"[4, 4, 3, 3, 3, 5, 4, 2, 4, 2, 4, 4, 4, 5, 4, 3, 4, 4, 4, 4]"
Eugene went to the beach on Saturday. The weather was too nice to stay indoors. On Sunday Carlos did too.,3.35,1.2258,20,"[2, 5, 3, 3, 4, 2, 2, 4, 5, 4, 5, 3, 4, 4, 4, 3, 2, 2, 1, 5]"
Evelyn drank a bottle of soda. It was delicious and refreshing. Later Justin did it too.,3.45,1.1459,20,"[4, 2, 2, 2, 4, 5, 5, 4, 4, 2, 2, 2, 4, 4, 5, 5, 3, 4, 3, 3]"
Evelyn drank a bottle of soda. It was delicious and refreshing. Later Justin did too.,3.4211,0.9016,19,"[4, 4, 2, 3, 3, 4, 4, 4, 3, 2, 3, 3, 5, 4, 5, 2, 3, 4, 3]"
Evelyn drank a bottle of soda. Later Justin did it too.,3.15,1.4244,20,"[1, 5, 2, 5, 2, 4, 4, 3, 5, 2, 2, 4, 2, 4, 5, 2, 3, 2, 1, 5]"
Evelyn drank a bottle of soda. Later Justin did too.,3.95,1.099,20,"[5, 1, 4, 3, 5, 3, 4, 3, 4, 5, 4, 5, 2, 4, 4, 5, 5, 5, 4, 4]"
Flora downloaded a new software program. It was a helpful program for work. Today Gerald did the same thing.,4.1375,0.8073,80,"[4, 4, 5, 5, 4, 2, 4, 2, 4, 4, 5, 4, 4, 5, 3, 5, 5, 4, 5, 4, 5, 5, 4, 5, 3, 4, 2, 4, 4, 5, 5, 4, 2, 5, 5, 5, 4, 4, 4, 4, 5, 4, 4, 4, 5, 4, 4, 5, 4, 5, 4, 3, 4, 4, 4, 4, 3, 5, 4, 5, 5, 4, 2, 4, 5, 4, 3, 4, 5, 4, 4, 5, 4, 4, 5, 4, 4, 3, 4, 5]"
Flora gave the dog a treat. It was behaving very well. Later Carrie did it too.,2.85,0.9881,20,"[2, 2, 2, 4, 3, 3, 3, 3, 5, 4, 2, 2, 3, 1, 3, 4, 2, 2, 3, 4]"
Flora gave the dog a treat. It was behaving very well. Later Carrie did too.,3.45,1.191,20,"[5, 4, 4, 1, 2, 4, 5, 3, 3, 4, 2, 3, 3, 4, 5, 4, 4, 5, 2, 2]"
Flora gave the dog a treat. Later Carrie did it too.,3.65,1.1367,20,"[4, 2, 4, 3, 5, 4, 4, 3, 5, 1, 3, 5, 4, 3, 2, 4, 4, 5, 5, 3]"
Flora gave the dog a treat. Later Carrie did too.,4.4,0.7539,20,"[4, 5, 4, 5, 5, 5, 4, 4, 5, 5, 5, 5, 4, 5, 5, 4, 5, 3, 3, 3]"
Francine won first place at the spelling bee. Kara won second place.,4.6918,0.6651,159,"[5, 5, 4, 5, 5, 5, 3, 5, 5, 5, 5, 5, 5, 5, 5, 5, 5, 3, 5, 4, 4, 5, 5, 3, 5, 5, 4, 4, 3, 5, 5, 5, 5, 4, 5, 5, 5, 5, 3, 5, 5, 5, 5, 5, 5, 5, 5, 5, 4, 4, 5, 5, 4, 5, 5, 3, 5, 5, 5, 5, 5, 5, 5, 5, 5, 5, 5, 5, 5, 5, 5, 4, 3, 5, 3, 5, 3, 5, 5, 5, 5, 5, 5, 5, 5, 3, 5, 4, 5, 4, 5, 5, 4, 5, 5, 3, 1, 5, 5, 5, 5, 5, 5, 5, 5, 5, 5, 3, 4, 4, 5, 4, 5, 5, 5, 5, 4, 5, 5, 5, 5, 5, 5, 5, 5, 5, 5, 5, 5, 5, 5, 5, 5, 5, 5, 4, 5, 5, 5, 5, 5, 4, 5, 5, 5, 5, 5, 5, 5, 5, 5, 5, 4, 4, 5, 5, 5, 5, 5]"
Frank went ice-skating on the pond yesterday. It was a beautiful winter day. Later Sarah did it too.,3.15,0.8751,20,"[2, 3, 4, 3, 4, 3, 3, 3, 4, 4, 2, 4, 3, 3, 3, 4, 1, 2, 4, 4]"
Frank went ice-skating on the pond yesterday. It was a beautiful winter day. Later Sarah did too.,3.45,0.887,20,"[5, 4, 4, 2, 3, 4, 4, 4, 3, 4, 2, 3, 3, 4, 4, 4, 4, 4, 2, 2]"
Frank went ice-skating on the pond yesterday. Later Sarah did it too.,3.4211,1.2164,19,"[1, 2, 2, 2, 3, 4, 4, 5, 4, 3, 2, 5, 5, 3, 3, 5, 4, 4, 4]"
Frank went ice-skating on the pond yesterday. Later Sarah did too.,4.2,0.6959,20,"[4, 5, 4, 5, 4, 4, 4, 4, 5, 5, 5, 4, 4, 5, 4, 3, 5, 3, 3, 4]"
Gail listened to music on the couch. Patrick also listened to music.,4.0755,0.8755,159,"[4, 5, 5, 5, 5, 5, 3, 3, 3, 5, 5, 5, 2, 4, 5, 5, 4, 3, 5, 4, 5, 3, 5, 2, 3, 4, 4, 3, 3, 4, 5, 5, 4, 4, 5, 2, 5, 5, 5, 5, 4, 5, 4, 5, 3, 4, 5, 3, 4, 5, 4, 4, 4, 4, 4, 3, 4, 5, 4, 3, 4, 5, 5, 4, 4, 5, 5, 4, 5, 4, 3, 4, 4, 4, 5, 4, 2, 5, 4, 3, 5, 3, 4, 4, 3, 3, 4, 3, 5, 3, 4, 4, 4, 4, 5, 5, 3, 3, 4, 5, 4, 5, 5, 5, 5, 3, 5, 4, 3, 4, 2, 4, 3, 3, 4, 5, 2, 2, 4, 5, 5, 4, 5, 4, 4, 4, 4, 4, 5, 4, 4, 5, 5, 5, 5, 4, 2, 4, 4, 4, 3, 5, 4, 2, 4, 5, 4, 4, 4, 3, 4, 5, 4, 5, 3, 5, 5, 5, 4]"
Gary sent an email to his brother. He wanted to write about his vacation. Later Sharon did it too.,3.1,0.9119,20,"[3, 2, 4, 3, 3, 2, 5, 3, 4, 3, 3, 2, 4, 3, 2, 5, 3, 2, 3, 3]"
Gary sent an email to his brother. He wanted to write about his vacation. Later Sharon did too.,2.95,1.2344,20,"[4, 5, 3, 2, 3, 4, 4, 2, 5, 1, 3, 4, 4, 1, 3, 1, 3, 2, 2, 3]"
Gary sent an email to his brother. Later Sharon did it too.,3.3158,1.2496,19,"[4, 1, 2, 3, 3, 2, 2, 3, 5, 4, 4, 2, 5, 4, 5, 4, 2, 5, 3]"
Gary sent an email to his brother. Later Sharon did too.,3.6,1.1425,20,"[5, 2, 2, 2, 5, 5, 4, 5, 3, 3, 4, 2, 2, 4, 3, 4, 4, 4, 5, 4]"
Gary went to a movie last night. It was a scary movie about monsters. Then Sheila went to the movie too.,3.6187,1.0866,160,"[5, 2, 4, 5, 4, 3, 4, 2, 3, 5, 4, 5, 2, 4, 5, 4, 4, 3, 4, 4, 4, 4, 2, 3, 3, 5, 5, 4, 3, 3, 4, 5, 5, 4, 5, 1, 5, 3, 4, 4, 5, 5, 4, 4, 3, 4, 5, 5, 3, 5, 2, 4, 4, 4, 4, 3, 4, 1, 4, 3, 4, 5, 4, 5, 4, 4, 5, 3, 5, 5, 4, 3, 3, 4, 3, 2, 3, 2, 3, 2, 4, 2, 4, 5, 4, 3, 2, 3, 4, 4, 1, 4, 2, 1, 3, 4, 3, 3, 2, 5, 5, 2, 4, 5, 4, 3, 4, 3, 3, 4, 3, 2, 3, 1, 2, 4, 1, 2, 4, 5, 4, 3, 5, 5, 3, 4, 3, 4, 4, 3, 3, 5, 4, 5, 4, 4, 2, 3, 3, 3, 4, 5, 4, 4, 2, 5, 3, 3, 4, 3, 5, 5, 2, 2, 4, 5, 5, 5, 3, 4]"
George took the trash out to the curb. Last week Sally did it.,4.3,0.8645,20,"[5, 5, 5, 5, 5, 3, 4, 4, 5, 4, 5, 4, 2, 5, 5, 4, 4, 4, 3, 5]"
George took the trash out to the curb. Last week Sally did.,3.7895,1.2727,19,"[5, 3, 2, 2, 5, 3, 4, 2, 5, 3, 5, 5, 5, 3, 5, 3, 2, 5, 5]"
George took the trash out to the curb. The trash was heavy and hard to carry. Last week Sally did it.,3.8421,0.8983,19,"[2, 4, 3, 5, 4, 5, 5, 2, 4, 4, 3, 4, 4, 5, 4, 4, 4, 3, 4]"
George took the trash out to the curb. The trash was heavy and hard to carry. Last week Sally did.,2.9,1.1653,20,"[1, 4, 2, 3, 4, 2, 2, 4, 2, 2, 5, 2, 5, 4, 2, 2, 3, 4, 3, 2]"
Gerald cut his finger on the broken glass. He had to get stitches. Last year Joy cut her finger too.,4.0,1.0,79,"[3, 5, 2, 4, 4, 2, 4, 3, 4, 5, 2, 4, 5, 3, 5, 5, 2, 5, 4, 5, 4, 4, 5, 4, 1, 5, 2, 4, 5, 4, 5, 5, 3, 5, 4, 5, 4, 4, 4, 5, 3, 5, 4, 4, 5, 4, 5, 2, 5, 4, 4, 5, 4, 5, 3, 2, 3, 5, 5, 4, 4, 3, 5, 4, 4, 3, 3, 5, 4, 4, 3, 5, 5, 4, 3, 5, 4, 4, 5]"
Gerald stayed up late reading last night. He was not tired enough to sleep. Unfortunately Keith did it too.,2.75,1.2927,20,"[1, 2, 4, 3, 3, 2, 4, 5, 3, 1, 1, 3, 2, 1, 4, 5, 2, 2, 4, 3]"
Gerald stayed up late reading last night. He was not tired enough to sleep. Unfortunately Keith did too.,3.4,1.3139,20,"[2, 5, 2, 3, 4, 4, 1, 3, 5, 2, 4, 4, 3, 4, 3, 1, 3, 5, 5, 5]"
Gerald stayed up late reading last night. Unfortunately Keith did it too.,3.55,1.099,20,"[4, 2, 2, 3, 4, 4, 3, 4, 5, 5, 3, 4, 4, 3, 3, 5, 4, 5, 3, 1]"
Gerald stayed up late reading last night. Unfortunately Keith did too.,3.8,0.6959,20,"[4, 4, 5, 4, 3, 4, 2, 4, 4, 4, 4, 4, 3, 3, 4, 4, 4, 4, 5, 3]"
Gertrude broke a plate by accident. She dropped it while washing it. Then Floyd broke a plate too.,3.7722,1.111,158,"[4, 2, 5, 5, 4, 5, 2, 3, 5, 5, 5, 2, 2, 5, 5, 2, 3, 5, 2, 5, 4, 4, 1, 2, 4, 4, 2, 3, 2, 3, 5, 5, 5, 5, 2, 3, 4, 3, 5, 4, 4, 5, 5, 4, 5, 4, 4, 3, 4, 3, 3, 4, 5, 4, 3, 4, 3, 5, 3, 5, 4, 5, 4, 3, 5, 2, 5, 5, 5, 4, 2, 3, 4, 5, 4, 3, 5, 5, 2, 4, 4, 2, 3, 5, 3, 5, 3, 4, 4, 3, 5, 4, 2, 3, 3, 3, 2, 2, 5, 5, 4, 5, 5, 5, 3, 5, 3, 3, 3, 3, 2, 2, 2, 5, 4, 2, 2, 4, 5, 4, 3, 5, 4, 3, 5, 4, 4, 5, 3, 3, 5, 5, 5, 4, 4, 3, 4, 4, 3, 4, 3, 4, 4, 2, 5, 5, 2, 5, 3, 4, 5, 1, 5, 4, 5, 4, 4, 5]"
Gordon got a speeding ticket last Friday. Justin got one yesterday.,4.475,0.6931,80,"[5, 5, 5, 5, 5, 5, 4, 4, 5, 4, 5, 5, 2, 5, 3, 5, 5, 4, 5, 5, 5, 5, 5, 5, 5, 5, 4, 4, 5, 5, 5, 5, 5, 3, 5, 5, 4, 4, 5, 4, 5, 3, 5, 4, 5, 4, 4, 5, 4, 5, 5, 4, 4, 4, 5, 4, 5, 5, 4, 5, 5, 4, 3, 4, 5, 3, 3, 5, 5, 5, 4, 4, 5, 4, 4, 4, 5, 4, 4, 5]"
Greg ate an entire pizza last night. Wesley ate one too.,4.1437,0.8749,160,"[5, 4, 5, 5, 5, 5, 4, 4, 5, 3, 5, 5, 3, 5, 4, 3, 5, 3, 5, 4, 5, 4, 4, 2, 3, 4, 4, 3, 3, 3, 2, 5, 4, 3, 5, 3, 5, 4, 3, 5, 5, 5, 4, 5, 4, 4, 5, 5, 3, 2, 3, 4, 3, 5, 4, 4, 5, 5, 5, 3, 4, 5, 4, 5, 4, 5, 4, 5, 5, 5, 4, 3, 4, 4, 4, 5, 4, 4, 4, 4, 2, 4, 4, 4, 4, 3, 3, 3, 5, 4, 4, 4, 4, 5, 5, 5, 3, 2, 4, 5, 5, 3, 5, 5, 5, 3, 5, 3, 3, 4, 4, 5, 5, 5, 4, 5, 4, 2, 5, 5, 5, 5, 5, 5, 4, 3, 4, 4, 5, 5, 4, 5, 4, 5, 5, 5, 2, 4, 4, 4, 3, 4, 5, 4, 4, 4, 5, 4, 5, 3, 4, 5, 3, 3, 3, 5, 5, 5, 5, 5]"
Harriet performed in a comedy show. It was really hilarious. Lewis was in the show too.,4.3462,0.819,78,"[5, 5, 5, 5, 4, 4, 4, 3, 4, 4, 5, 4, 3, 5, 4, 5, 5, 4, 5, 5, 5, 5, 4, 5, 5, 5, 3, 4, 5, 5, 4, 1, 5, 5, 5, 4, 4, 3, 4, 5, 3, 5, 5, 5, 5, 4, 5, 4, 5, 5, 2, 5, 4, 5, 3, 4, 5, 5, 5, 4, 4, 3, 5, 5, 4, 5, 5, 5, 4, 4, 5, 4, 4, 4, 5, 3, 4, 4]"
Harry jumped off a bridge. It was a very small bridge. Then Kendra did it too.,3.4211,1.0174,19,"[4, 4, 3, 3, 2, 4, 4, 3, 3, 3, 3, 3, 5, 5, 5, 1, 3, 4, 3]"
Harry jumped off a bridge. It was a very small bridge. Then Kendra did too.,3.35,1.0894,20,"[5, 5, 3, 2, 4, 2, 3, 3, 5, 2, 3, 4, 4, 4, 3, 3, 3, 2, 2, 5]"
Harry jumped off a bridge. Then Kendra did it too.,3.65,1.3089,20,"[1, 5, 4, 4, 5, 5, 2, 3, 4, 1, 3, 4, 3, 4, 4, 5, 5, 2, 4, 5]"
Harry jumped off a bridge. Then Kendra did too.,3.8,1.1965,20,"[4, 4, 5, 2, 1, 3, 4, 4, 3, 3, 5, 4, 5, 4, 2, 5, 3, 5, 5, 5]"
Hector accidentally fell off a ladder. John wasn't holding it properly.,4.519,0.8575,158,"[5, 5, 2, 5, 5, 5, 3, 5, 5, 5, 5, 5, 4, 5, 5, 4, 5, 3, 5, 5, 5, 2, 1, 3, 5, 5, 4, 2, 5, 4, 5, 4, 5, 5, 5, 5, 5, 5, 5, 5, 5, 5, 5, 5, 5, 5, 5, 5, 5, 5, 4, 5, 5, 5, 4, 4, 5, 2, 5, 5, 5, 5, 5, 5, 4, 4, 5, 5, 5, 5, 4, 2, 5, 4, 5, 3, 5, 4, 5, 2, 5, 5, 4, 5, 5, 5, 4, 5, 5, 4, 5, 4, 5, 5, 5, 3, 3, 5, 5, 5, 5, 4, 5, 5, 5, 5, 4, 3, 3, 5, 5, 5, 5, 4, 5, 5, 4, 4, 5, 5, 5, 5, 4, 4, 5, 5, 5, 5, 4, 5, 5, 5, 5, 5, 2, 5, 5, 4, 5, 5, 5, 3, 5, 5, 4, 5, 5, 5, 4, 5, 5, 3, 4, 5, 5, 5, 5, 3]"
Henry lifted the box up onto the shelf. Later Jerry took it down.,4.5,0.6936,80,"[4, 5, 5, 5, 5, 4, 4, 3, 4, 4, 5, 5, 5, 5, 5, 5, 5, 4, 5, 5, 5, 5, 5, 5, 2, 5, 4, 4, 5, 4, 5, 5, 4, 3, 5, 5, 4, 4, 5, 4, 5, 3, 5, 3, 5, 5, 4, 5, 4, 5, 5, 4, 5, 5, 4, 4, 5, 5, 5, 5, 5, 4, 3, 5, 5, 4, 3, 5, 5, 5, 5, 4, 4, 4, 4, 5, 5, 4, 5, 5]"
Howard ran through the sprinkler. It was a very hot day. Roy drank lemonade instead.,4.1274,1.0785,157,"[5, 4, 5, 3, 5, 5, 3, 2, 5, 5, 5, 5, 5, 5, 5, 4, 4, 5, 4, 4, 5, 4, 2, 4, 5, 3, 4, 2, 4, 3, 4, 4, 4, 5, 5, 4, 4, 1, 4, 5, 4, 5, 3, 3, 5, 5, 3, 5, 3, 5, 3, 4, 4, 3, 5, 5, 4, 4, 5, 5, 5, 5, 5, 3, 5, 4, 5, 5, 5, 5, 2, 5, 5, 2, 5, 5, 4, 5, 3, 4, 4, 1, 3, 5, 3, 5, 5, 5, 5, 4, 4, 5, 5, 3, 2, 5, 5, 5, 5, 5, 5, 4, 2, 5, 3, 3, 5, 3, 4, 3, 4, 5, 4, 1, 3, 4, 5, 5, 5, 3, 2, 2, 5, 3, 4, 5, 5, 5, 5, 5, 5, 2, 2, 1, 4, 3, 5, 5, 5, 5, 3, 4, 5, 5, 5, 5, 5, 5, 5, 5, 4, 3, 4, 5, 5, 4, 4]"
Ike smoked a cigarette in bed. His house caught on fire and burned down. Later Sandra did it too.,3.2105,1.3976,19,"[3, 4, 2, 2, 1, 4, 4, 3, 2, 1, 4, 5, 5, 1, 5, 5, 3, 4, 3]"
Ike smoked a cigarette in bed. His house caught on fire and burned down. Later Sandra did too.,2.25,1.0699,20,"[2, 3, 2, 1, 4, 2, 2, 3, 4, 2, 3, 1, 1, 2, 1, 1, 3, 3, 4, 1]"
Ike smoked a cigarette in bed. Later Sandra did it too.,3.4211,1.1698,19,"[4, 5, 2, 3, 5, 3, 2, 4, 2, 4, 4, 2, 2, 3, 2, 4, 5, 4, 5]"
Ike smoked a cigarette in bed. Later Sandra did too.,3.45,0.9445,20,"[4, 2, 4, 3, 3, 5, 4, 2, 3, 2, 4, 4, 4, 3, 2, 5, 4, 4, 4, 3]"
Jack quit his job last week. Helen almost quit hers too.,4.1887,0.9491,159,"[5, 5, 4, 5, 2, 5, 3, 4, 5, 5, 5, 5, 2, 4, 5, 3, 5, 3, 5, 3, 5, 4, 5, 2, 4, 5, 3, 5, 4, 2, 3, 4, 5, 5, 5, 5, 4, 5, 5, 5, 5, 5, 5, 2, 5, 5, 5, 3, 4, 5, 4, 3, 4, 4, 2, 4, 5, 5, 5, 5, 5, 3, 5, 5, 5, 4, 5, 5, 5, 4, 3, 2, 5, 5, 4, 3, 5, 4, 5, 4, 3, 4, 5, 4, 3, 4, 3, 5, 4, 4, 4, 5, 4, 3, 5, 3, 2, 4, 4, 4, 5, 4, 5, 5, 4, 5, 4, 3, 3, 4, 5, 4, 2, 5, 5, 2, 3, 3, 5, 4, 5, 5, 3, 3, 3, 4, 4, 5, 4, 5, 5, 5, 3, 5, 5, 2, 5, 4, 4, 5, 5, 4, 4, 5, 5, 5, 4, 5, 3, 5, 5, 5, 4, 4, 5, 5, 5, 3, 5]"
James made a pile of leaves outside. He wanted to jump in them. Josh played in the leaves too.,3.9625,1.0607,80,"[4, 5, 2, 4, 2, 4, 4, 4, 2, 5, 5, 1, 4, 3, 2, 5, 3, 2, 5, 4, 5, 5, 5, 5, 5, 5, 5, 2, 5, 4, 2, 5, 4, 4, 5, 5, 5, 4, 4, 4, 4, 4, 4, 3, 5, 5, 1, 4, 3, 5, 5, 3, 4, 5, 5, 3, 4, 4, 4, 5, 4, 4, 4, 5, 4, 4, 3, 4, 5, 4, 3, 4, 5, 2, 5, 4, 3, 3, 4, 5]"
Jane got new glasses yesterday. So did Nick.,4.2264,0.9475,159,"[5, 2, 4, 4, 5, 5, 3, 4, 4, 5, 4, 5, 4, 4, 3, 4, 5, 3, 5, 4, 5, 5, 1, 4, 5, 4, 5, 3, 3, 5, 5, 4, 3, 4, 5, 4, 5, 3, 5, 5, 4, 5, 5, 5, 5, 5, 5, 3, 4, 2, 4, 2, 5, 4, 4, 5, 5, 5, 5, 3, 5, 5, 5, 5, 5, 4, 5, 5, 4, 5, 3, 3, 5, 5, 4, 4, 5, 4, 5, 1, 4, 4, 4, 4, 3, 3, 4, 5, 4, 4, 3, 5, 4, 3, 5, 3, 3, 4, 5, 5, 5, 4, 5, 5, 5, 5, 3, 3, 4, 4, 5, 1, 5, 4, 5, 5, 2, 5, 5, 3, 4, 5, 4, 4, 5, 4, 5, 5, 5, 4, 5, 5, 5, 5, 5, 2, 5, 4, 4, 5, 5, 4, 4, 4, 5, 4, 4, 5, 4, 5, 5, 4, 2, 3, 5, 5, 5, 5, 5]"
Janice had an interview at the company. She was applying for a new job. Later Olivia had one too.,3.7692,1.1157,78,"[3, 5, 5, 5, 4, 2, 4, 2, 3, 4, 4, 5, 2, 5, 3, 5, 4, 2, 4, 5, 5, 5, 4, 4, 5, 5, 1, 4, 4, 4, 5, 5, 4, 4, 5, 5, 4, 2, 4, 4, 5, 3, 1, 1, 5, 4, 4, 3, 2, 5, 4, 3, 3, 3, 4, 4, 2, 5, 5, 5, 4, 4, 3, 4, 4, 2, 2, 4, 4, 4, 4, 4, 3, 5, 4, 2, 4, 3]"
Janice registered to vote today. At the same time Kelly did it too.,3.5,0.9459,20,"[2, 2, 4, 3, 4, 3, 4, 4, 4, 2, 4, 3, 3, 2, 4, 4, 5, 4, 4, 5]"
Janice registered to vote today. At the same time Kelly did too.,3.55,1.2344,20,"[5, 5, 4, 5, 4, 4, 4, 5, 2, 3, 2, 5, 3, 3, 2, 2, 2, 5, 4, 2]"
Janice registered to vote today. Registration was at the town hall. At the same time Kelly did it too.,3.4,1.3139,20,"[1, 2, 2, 2, 5, 3, 4, 2, 4, 2, 4, 5, 4, 2, 5, 4, 3, 5, 4, 5]"
Janice registered to vote today. Registration was at the town hall. At the same time Kelly did too.,4.0,1.214,20,"[3, 5, 4, 1, 4, 5, 5, 5, 5, 5, 5, 4, 4, 5, 2, 4, 5, 2, 3, 4]"
Jason volunteered at the library last week. He spent the day cataloguing books. Later Claudia volunteered too.,4.1875,0.8282,80,"[3, 5, 5, 5, 4, 3, 4, 3, 4, 4, 5, 3, 4, 5, 3, 5, 5, 4, 5, 5, 5, 5, 5, 5, 4, 5, 2, 3, 4, 4, 4, 5, 4, 3, 5, 5, 4, 4, 4, 4, 5, 3, 5, 3, 5, 2, 4, 5, 4, 5, 5, 3, 5, 3, 4, 3, 4, 4, 5, 5, 4, 4, 2, 5, 5, 4, 4, 4, 5, 5, 5, 4, 4, 5, 4, 5, 4, 4, 4, 4]"
Jay started a rock band with his friends. Sabrina joined the band.,4.625,0.5819,80,"[5, 5, 4, 5, 4, 4, 4, 3, 5, 5, 5, 5, 5, 5, 3, 5, 5, 4, 5, 5, 5, 5, 5, 5, 5, 5, 5, 5, 5, 5, 5, 5, 4, 3, 5, 4, 4, 4, 5, 4, 5, 4, 5, 5, 5, 5, 4, 4, 4, 5, 5, 4, 5, 5, 5, 5, 5, 5, 4, 5, 5, 4, 5, 5, 5, 4, 3, 5, 5, 4, 5, 4, 4, 5, 5, 5, 5, 4, 5, 5]"
Jean took her umbrella to work. That day Cheryl did it too.,3.4,1.2312,20,"[5, 4, 4, 2, 5, 5, 4, 4, 3, 2, 2, 2, 2, 3, 4, 5, 3, 4, 4, 1]"
Jean took her umbrella to work. That day Cheryl did too.,3.95,0.9987,20,"[4, 5, 4, 2, 3, 5, 5, 4, 4, 3, 4, 5, 3, 5, 5, 5, 2, 4, 4, 3]"
Jean took her umbrella to work. Then the sun came out that afternoon. That day Cheryl did it too.,2.6316,0.9551,19,"[2, 5, 2, 3, 2, 2, 4, 4, 2, 3, 3, 2, 2, 2, 1, 3, 3, 2, 3]"
Jean took her umbrella to work. Then the sun came out that afternoon. That day Cheryl did too.,2.8,1.3611,20,"[4, 1, 2, 3, 2, 2, 3, 1, 3, 5, 2, 5, 1, 5, 3, 4, 2, 3, 4, 1]"
Jeanne watered the plants in the sunroom. Later on Dan did it too.,3.6,1.2312,20,"[3, 4, 4, 5, 4, 5, 4, 5, 4, 5, 4, 4, 4, 4, 4, 2, 1, 1, 3, 2]"
Jeanne watered the plants in the sunroom. Later on Dan did too.,3.3,1.2183,20,"[2, 1, 4, 5, 3, 3, 1, 3, 4, 4, 3, 5, 2, 4, 4, 4, 5, 2, 4, 3]"
Jeanne watered the plants in the sunroom. They were looking droopy and wilted. Later on Dan did it too.,3.25,0.9665,20,"[5, 4, 4, 4, 3, 4, 2, 4, 3, 3, 2, 2, 3, 2, 4, 4, 4, 4, 2, 2]"
Jeanne watered the plants in the sunroom. They were looking droopy and wilted. Later on Dan did too.,3.65,1.1367,20,"[4, 2, 3, 4, 5, 3, 4, 2, 5, 5, 5, 4, 5, 4, 2, 2, 4, 4, 4, 2]"
Jenny bought ice cream after lunch. That night Kyle had some too.,3.6,1.1057,160,"[4, 5, 2, 4, 4, 4, 3, 2, 3, 5, 1, 5, 2, 5, 4, 4, 4, 3, 5, 3, 4, 2, 2, 1, 3, 5, 3, 4, 2, 4, 3, 5, 4, 4, 4, 5, 5, 4, 3, 4, 5, 4, 4, 3, 2, 4, 5, 4, 3, 4, 2, 3, 3, 4, 4, 3, 4, 1, 5, 3, 5, 5, 5, 4, 4, 5, 5, 5, 5, 5, 4, 4, 3, 2, 2, 4, 4, 2, 3, 3, 2, 2, 3, 4, 3, 3, 4, 4, 5, 1, 3, 4, 4, 4, 5, 4, 3, 4, 4, 4, 5, 3, 5, 5, 2, 3, 2, 3, 3, 4, 2, 4, 1, 3, 4, 4, 2, 4, 3, 3, 5, 5, 3, 4, 4, 3, 4, 4, 5, 5, 3, 4, 4, 5, 4, 4, 1, 4, 4, 3, 1, 5, 4, 5, 2, 5, 4, 5, 5, 3, 3, 5, 2, 4, 2, 4, 4, 3, 3, 2]"
Jeremy baked chocolate chip cookies. The next night Julia did it too.,3.95,0.887,20,"[4, 4, 4, 5, 4, 4, 4, 2, 5, 4, 4, 3, 4, 4, 5, 3, 4, 5, 2, 5]"
Jeremy baked chocolate chip cookies. The next night Julia did too.,4.45,0.5104,20,"[4, 5, 5, 5, 4, 5, 5, 4, 5, 4, 4, 4, 4, 5, 4, 5, 4, 4, 4, 5]"
Jeremy baked chocolate chip cookies. Then they were all eaten immediately. The next night Julia did it too.,3.0,1.3377,20,"[4, 5, 3, 2, 5, 1, 2, 1, 2, 2, 5, 2, 2, 4, 3, 4, 2, 3, 3, 5]"
Jeremy baked chocolate chip cookies. Then they were all eaten immediately. The next night Julia did too.,3.0526,0.9113,19,"[2, 2, 3, 4, 2, 4, 3, 3, 3, 4, 4, 1, 4, 3, 2, 3, 3, 4, 4]"
Jerry found ten dollars on the sidewalk. Stella found twenty.,4.0823,1.0404,158,"[3, 5, 2, 5, 5, 5, 3, 4, 5, 4, 5, 5, 4, 3, 4, 3, 4, 2, 5, 2, 5, 5, 3, 1, 2, 4, 3, 2, 2, 4, 4, 5, 5, 5, 5, 5, 5, 3, 5, 5, 5, 5, 5, 5, 4, 5, 4, 3, 4, 4, 4, 3, 5, 4, 3, 5, 4, 5, 5, 4, 5, 5, 5, 5, 4, 5, 5, 5, 5, 4, 4, 5, 5, 4, 3, 5, 4, 4, 3, 2, 4, 5, 5, 3, 4, 3, 5, 5, 4, 4, 5, 4, 3, 4, 3, 1, 5, 5, 4, 5, 4, 3, 5, 3, 5, 5, 3, 4, 4, 4, 4, 5, 4, 4, 5, 2, 4, 5, 5, 4, 5, 4, 2, 4, 5, 4, 5, 5, 2, 5, 4, 5, 5, 2, 2, 4, 5, 4, 3, 4, 5, 4, 5, 5, 2, 2, 5, 2, 4, 5, 3, 4, 3, 5, 5, 5, 5, 5]"
Jessica went to the gas station yesterday. Her car was out of gas. Today Shirley did it too.,2.95,1.0501,20,"[2, 5, 4, 2, 3, 4, 3, 3, 2, 5, 3, 2, 3, 2, 2, 4, 4, 2, 2, 2]"
Jessica went to the gas station yesterday. Her car was out of gas. Today Shirley did too.,3.2,1.1965,20,"[2, 2, 3, 3, 5, 2, 4, 1, 2, 3, 2, 5, 5, 3, 3, 3, 4, 5, 4, 3]"
Jessica went to the gas station yesterday. Today Shirley did it too.,4.05,0.887,20,"[4, 5, 4, 4, 4, 4, 5, 3, 4, 4, 4, 4, 5, 5, 2, 2, 5, 4, 4, 5]"
Jessica went to the gas station yesterday. Today Shirley did too.,2.85,1.04,20,"[2, 2, 4, 3, 3, 3, 3, 3, 4, 3, 4, 2, 3, 1, 3, 5, 1, 2, 4, 2]"
Jimmy skipped class on Monday. Nobody seemed to notice. On Tuesday Tiffany did it too.,3.45,0.9445,20,"[2, 4, 4, 4, 3, 3, 4, 4, 4, 3, 3, 4, 3, 2, 4, 5, 2, 2, 4, 5]"
Jimmy skipped class on Monday. Nobody seemed to notice. On Tuesday Tiffany did too.,3.7,1.0809,20,"[5, 5, 4, 2, 3, 2, 5, 5, 3, 4, 4, 4, 4, 3, 4, 4, 4, 5, 2, 2]"
Jimmy skipped class on Monday. On Tuesday Tiffany did it too.,3.45,1.3945,20,"[3, 2, 2, 3, 5, 3, 4, 5, 5, 2, 5, 5, 4, 2, 2, 5, 2, 5, 4, 1]"
Jimmy skipped class on Monday. On Tuesday Tiffany did too.,4.25,0.9105,20,"[4, 5, 5, 5, 2, 5, 4, 5, 5, 5, 4, 5, 4, 5, 4, 4, 5, 3, 3, 3]"
Jordan built a bookshelf in shop class. It was made of beautiful oak wood. Later Steve did it too.,2.85,1.1367,20,"[2, 2, 4, 4, 3, 3, 2, 4, 4, 3, 2, 2, 1, 2, 3, 4, 1, 2, 4, 5]"
Jordan built a bookshelf in shop class. It was made of beautiful oak wood. Later Steve did too.,3.55,0.9445,20,"[5, 4, 4, 4, 4, 3, 5, 4, 2, 4, 3, 3, 3, 3, 2, 4, 3, 5, 4, 2]"
Jordan built a bookshelf in shop class. Later Steve did it too.,3.5,1.0,20,"[3, 2, 3, 2, 5, 3, 4, 4, 5, 3, 3, 5, 5, 3, 3, 4, 2, 4, 4, 3]"
Jordan built a bookshelf in shop class. Later Steve did too.,4.25,0.7164,20,"[3, 5, 4, 5, 4, 5, 4, 4, 4, 5, 5, 5, 4, 5, 4, 4, 5, 3, 3, 4]"
Jose sent a letter to the president. Soon after Deborah did it too.,3.9,0.8522,20,"[3, 4, 4, 4, 3, 4, 5, 5, 3, 3, 4, 3, 4, 5, 5, 5, 2, 4, 4, 4]"
Jose sent a letter to the president. Soon after Deborah did too.,3.85,1.1821,20,"[4, 5, 4, 5, 5, 4, 5, 3, 5, 1, 4, 3, 5, 4, 4, 2, 3, 2, 4, 5]"
Jose sent a letter to the president. Three weeks later he got a reply. Soon after Deborah did it too.,3.3,1.2607,20,"[5, 4, 2, 3, 4, 4, 3, 2, 3, 1, 4, 4, 1, 4, 5, 4, 5, 2, 4, 2]"
Jose sent a letter to the president. Three weeks later he got a reply. Soon after Deborah did too.,3.25,1.0195,20,"[5, 4, 2, 4, 3, 5, 2, 4, 2, 4, 4, 2, 4, 3, 3, 2, 2, 3, 4, 3]"
Joyce spilled coffee on the table. Then Roger did it too.,3.8,1.0563,20,"[4, 1, 4, 3, 5, 5, 4, 4, 4, 4, 5, 4, 2, 3, 5, 4, 3, 4, 3, 5]"
Joyce spilled coffee on the table. Then Roger did too.,4.0,1.0761,20,"[4, 5, 4, 5, 4, 4, 4, 3, 3, 4, 5, 1, 5, 4, 5, 4, 2, 5, 4, 5]"
Joyce spilled coffee on the table. Then it dried into a hard brown crust. Then Roger did it too.,2.95,1.3169,20,"[5, 3, 1, 2, 2, 5, 5, 2, 1, 1, 3, 3, 3, 3, 3, 3, 2, 3, 4, 5]"
Joyce spilled coffee on the table. Then it dried into a hard brown crust. Then Roger did too.,2.7,1.2183,20,"[1, 5, 2, 4, 2, 1, 2, 2, 3, 2, 4, 2, 4, 4, 3, 2, 1, 2, 4, 4]"
Juan moved into a new apartment last year. It was closer to his job than his old apartment. This year Jack did it too.,3.4,1.2312,20,"[5, 5, 3, 2, 4, 4, 2, 2, 2, 3, 4, 3, 4, 4, 5, 2, 1, 4, 5, 4]"
Juan moved into a new apartment last year. It was closer to his job than his old apartment. This year Jack did too.,3.3684,1.2566,19,"[2, 4, 4, 3, 5, 3, 1, 3, 4, 5, 4, 2, 5, 4, 3, 3, 1, 5, 3]"
Juan moved into a new apartment last year. This year Jack did it too.,3.3,1.1743,20,"[3, 3, 5, 4, 2, 2, 4, 1, 3, 4, 5, 3, 5, 4, 5, 3, 2, 2, 3, 3]"
Juan moved into a new apartment last year. This year Jack did too.,4.2,0.6959,20,"[5, 4, 3, 5, 3, 5, 5, 4, 5, 5, 4, 4, 4, 5, 4, 4, 4, 3, 4, 4]"
Judith mopped the floor in the kitchen. It was covered in grime. Later that month Lawrence did it too.,3.55,0.9445,20,"[5, 4, 4, 2, 2, 5, 4, 2, 3, 3, 4, 4, 4, 4, 4, 4, 2, 4, 4, 3]"
Judith mopped the floor in the kitchen. It was covered in grime. Later that month Lawrence did too.,3.45,0.9445,20,"[3, 5, 4, 3, 4, 1, 4, 3, 4, 3, 3, 3, 4, 5, 3, 4, 2, 4, 4, 3]"
Judith mopped the floor in the kitchen. Later that month Lawrence did it too.,3.65,1.3485,20,"[4, 5, 1, 5, 5, 5, 4, 3, 5, 1, 3, 4, 4, 3, 5, 4, 3, 2, 2, 5]"
Judith mopped the floor in the kitchen. Later that month Lawrence did too.,3.85,0.9881,20,"[4, 2, 4, 3, 4, 5, 4, 3, 3, 5, 5, 5, 2, 3, 4, 5, 4, 4, 3, 5]"
Justine passed her driving test. Fortunately Rosa did it too.,4.1,0.9679,20,"[4, 4, 5, 4, 2, 5, 5, 4, 4, 5, 5, 3, 4, 5, 5, 4, 5, 2, 3, 4]"
Justine passed her driving test. Fortunately Rosa did too.,4.2,0.9515,20,"[2, 3, 4, 5, 5, 3, 5, 4, 5, 5, 4, 3, 5, 3, 4, 5, 5, 4, 5, 5]"
Justine passed her driving test. She made only one mistake. Fortunately Rosa did it too.,2.65,1.1367,20,"[2, 2, 4, 1, 2, 2, 3, 3, 3, 5, 2, 2, 3, 3, 1, 4, 4, 4, 2, 1]"
Justine passed her driving test. She made only one mistake. Fortunately Rosa did too.,3.15,1.3485,20,"[3, 4, 2, 1, 4, 4, 1, 1, 2, 2, 4, 5, 5, 4, 3, 4, 2, 5, 4, 3]"
Kara went for a run next to the river. Mary didn't go.,4.2938,0.9687,160,"[5, 4, 4, 4, 5, 5, 3, 4, 4, 5, 5, 5, 4, 5, 5, 5, 5, 3, 5, 2, 5, 5, 5, 1, 3, 5, 4, 5, 2, 5, 5, 5, 5, 3, 5, 5, 5, 4, 3, 5, 5, 5, 4, 5, 4, 4, 5, 5, 3, 5, 4, 5, 3, 5, 5, 3, 4, 5, 5, 5, 3, 5, 5, 5, 5, 4, 4, 5, 5, 5, 4, 5, 3, 3, 5, 5, 3, 5, 4, 5, 4, 3, 4, 4, 3, 3, 5, 3, 5, 4, 3, 5, 3, 4, 5, 5, 3, 1, 5, 5, 5, 5, 5, 5, 5, 4, 5, 4, 3, 3, 4, 5, 4, 3, 4, 5, 5, 3, 2, 5, 5, 5, 5, 4, 4, 5, 5, 5, 5, 5, 5, 5, 4, 5, 5, 3, 2, 5, 3, 3, 4, 5, 3, 1, 5, 5, 5, 5, 5, 4, 4, 5, 5, 5, 3, 5, 5, 5, 5, 5]"
Kathryn brought the books back to the library. They were too boring to read. Later Ruth did the same thing.,3.7875,1.144,80,"[2, 5, 4, 5, 2, 1, 4, 1, 3, 3, 5, 4, 4, 4, 2, 5, 5, 4, 4, 3, 5, 5, 4, 5, 4, 5, 2, 3, 2, 3, 4, 4, 3, 5, 5, 5, 5, 2, 4, 4, 3, 3, 1, 2, 5, 3, 4, 5, 4, 5, 5, 1, 4, 4, 4, 4, 4, 5, 3, 5, 5, 4, 2, 5, 5, 4, 3, 5, 5, 3, 4, 4, 4, 3, 5, 3, 4, 4, 4, 4]"
Kay knit a sweater for her sister. It was purple and fuzzy. The next month Heidi knit a sweater too.,3.9686,1.0337,159,"[4, 4, 5, 5, 5, 4, 3, 3, 4, 5, 5, 5, 3, 4, 5, 3, 3, 3, 5, 4, 4, 4, 5, 1, 3, 5, 5, 3, 3, 2, 4, 5, 4, 4, 4, 5, 5, 5, 3, 5, 5, 5, 4, 5, 4, 4, 5, 3, 3, 3, 4, 4, 4, 5, 4, 4, 4, 5, 4, 2, 4, 5, 3, 5, 4, 4, 5, 4, 5, 5, 4, 3, 3, 3, 4, 4, 2, 5, 4, 5, 5, 2, 3, 3, 3, 5, 3, 5, 5, 4, 5, 5, 4, 3, 4, 3, 3, 4, 5, 4, 5, 5, 5, 2, 3, 4, 4, 3, 4, 2, 5, 2, 5, 5, 4, 1, 3, 4, 5, 4, 2, 5, 5, 3, 5, 4, 5, 5, 2, 5, 5, 5, 5, 4, 4, 1, 4, 4, 4, 2, 5, 4, 4, 1, 5, 5, 4, 5, 4, 4, 5, 2, 3, 4, 5, 5, 4, 4, 3]"
Kayla studied English in college. She wanted to be a writer. Mike studied English too.,4.2579,0.9494,159,"[5, 5, 5, 5, 5, 5, 3, 4, 4, 5, 5, 5, 3, 5, 5, 5, 5, 3, 4, 5, 4, 4, 5, 2, 4, 5, 4, 5, 3, 2, 5, 4, 5, 5, 4, 5, 4, 4, 4, 5, 5, 4, 5, 4, 4, 5, 5, 3, 4, 4, 4, 4, 4, 4, 3, 4, 5, 5, 3, 4, 5, 3, 5, 2, 5, 5, 5, 5, 5, 3, 5, 3, 4, 5, 5, 1, 5, 4, 4, 5, 4, 4, 3, 4, 3, 4, 4, 5, 4, 4, 5, 5, 4, 5, 4, 3, 1, 5, 5, 5, 5, 5, 5, 5, 3, 5, 4, 3, 3, 3, 5, 4, 4, 5, 5, 4, 2, 5, 5, 4, 5, 5, 5, 4, 4, 4, 5, 5, 5, 1, 5, 5, 5, 5, 5, 1, 4, 4, 4, 4, 5, 4, 4, 5, 5, 5, 5, 5, 4, 4, 5, 2, 5, 4, 5, 5, 5, 5, 4]"
Kevin donated money to the shelter. Later Harold donated too.,4.0943,0.9533,159,"[5, 5, 2, 5, 5, 4, 3, 4, 3, 5, 5, 5, 3, 4, 5, 5, 4, 3, 5, 2, 4, 2, 4, 4, 4, 5, 4, 4, 3, 3, 5, 4, 4, 5, 2, 5, 5, 4, 1, 5, 5, 4, 5, 4, 4, 5, 3, 3, 4, 3, 4, 4, 4, 4, 4, 4, 5, 5, 3, 4, 5, 4, 5, 5, 5, 5, 4, 5, 5, 4, 5, 3, 5, 2, 4, 2, 5, 2, 5, 2, 3, 5, 4, 5, 3, 4, 3, 4, 4, 3, 5, 5, 4, 5, 5, 3, 2, 4, 5, 5, 4, 5, 5, 5, 4, 5, 4, 3, 4, 3, 5, 4, 4, 5, 5, 4, 2, 4, 4, 5, 5, 5, 4, 4, 5, 4, 4, 4, 4, 4, 4, 5, 5, 5, 5, 2, 4, 4, 3, 2, 5, 5, 4, 4, 5, 4, 5, 4, 5, 4, 5, 2, 3, 4, 5, 4, 4, 5, 5]"
Larry read the newspaper over coffee. Lots of terrible things were happening in the world. That morning Paul did it too.,2.9,1.1192,20,"[2, 5, 2, 4, 3, 2, 3, 3, 4, 1, 2, 2, 3, 4, 3, 1, 3, 5, 3, 3]"
Larry read the newspaper over coffee. Lots of terrible things were happening in the world. That morning Paul did too.,2.85,1.3089,20,"[5, 1, 4, 3, 2, 1, 3, 2, 3, 5, 1, 4, 2, 2, 3, 4, 4, 4, 3, 1]"
Larry read the newspaper over coffee. That morning Paul did it too.,3.3684,1.2566,19,"[4, 3, 4, 1, 1, 2, 5, 2, 4, 4, 3, 4, 4, 5, 4, 3, 4, 5, 2]"
Larry read the newspaper over coffee. That morning Paul did too.,3.8947,1.197,19,"[5, 5, 5, 3, 3, 2, 5, 5, 4, 3, 3, 4, 5, 5, 5, 1, 4, 4, 3]"
Larry went sledding in December. Joseph went skiing in December.,3.9494,1.0488,79,"[3, 5, 4, 2, 4, 5, 4, 5, 5, 4, 5, 3, 5, 5, 3, 5, 4, 2, 5, 4, 2, 5, 5, 5, 5, 5, 5, 2, 4, 3, 4, 3, 5, 3, 5, 2, 5, 2, 4, 2, 4, 5, 5, 2, 5, 5, 4, 5, 4, 4, 4, 5, 4, 4, 4, 4, 2, 5, 3, 5, 3, 4, 3, 2, 5, 5, 2, 5, 3, 3, 4, 4, 3, 4, 5, 4, 4, 4, 4]"
Leah stayed home from work yesterday. Nina stayed home today.,4.2375,0.8604,80,"[3, 5, 5, 4, 4, 5, 4, 2, 4, 5, 5, 2, 3, 5, 4, 5, 5, 3, 5, 5, 5, 5, 5, 5, 5, 5, 5, 3, 5, 4, 4, 5, 4, 3, 5, 5, 5, 4, 4, 4, 5, 3, 5, 4, 5, 5, 3, 5, 4, 4, 4, 4, 4, 3, 4, 5, 5, 4, 4, 5, 4, 4, 3, 5, 5, 4, 3, 3, 5, 5, 3, 4, 5, 5, 4, 5, 3, 4, 2, 5]"
Leo got stuck in a snow bank yesterday. The snow was 5 feet high. Herman did not get stuck.,4.1772,0.8735,79,"[2, 3, 4, 4, 4, 4, 4, 3, 2, 4, 5, 4, 3, 4, 4, 5, 5, 3, 5, 5, 5, 5, 4, 5, 5, 5, 4, 3, 5, 4, 5, 5, 3, 3, 5, 5, 5, 3, 5, 3, 5, 5, 5, 2, 5, 5, 4, 5, 4, 5, 5, 4, 3, 4, 3, 4, 5, 5, 5, 5, 4, 5, 5, 5, 3, 3, 4, 5, 3, 5, 4, 4, 4, 5, 4, 4, 4, 4, 3]"
Linda poured juice into a cup. After that Mary did it too.,3.2632,1.2842,19,"[2, 2, 2, 4, 5, 4, 4, 1, 4, 4, 5, 4, 2, 4, 4, 2, 2, 5, 2]"
Linda poured juice into a cup. After that Mary did too.,3.85,0.9881,20,"[4, 5, 4, 5, 4, 2, 4, 2, 3, 4, 4, 3, 5, 2, 4, 4, 4, 5, 4, 5]"
Linda poured juice into a cup. Then the juice spilled on the table. After that Mary did it too.,2.8,0.8335,20,"[2, 3, 2, 3, 2, 4, 4, 3, 2, 1, 3, 3, 3, 2, 4, 2, 4, 3, 3, 3]"
Linda poured juice into a cup. Then the juice spilled on the table. After that Mary did too.,2.5,1.3955,20,"[1, 4, 1, 2, 2, 2, 1, 1, 3, 2, 4, 1, 4, 5, 3, 4, 1, 1, 4, 4]"
Liz bought a present for a friend. Alexis also bought a present.,4.0949,0.9629,158,"[4, 5, 5, 5, 5, 4, 2, 4, 5, 5, 5, 5, 4, 5, 4, 4, 3, 3, 5, 5, 4, 5, 4, 3, 3, 5, 3, 4, 3, 3, 5, 5, 5, 5, 5, 5, 3, 4, 4, 5, 5, 4, 4, 3, 3, 5, 5, 3, 4, 3, 5, 3, 5, 4, 4, 3, 4, 3, 4, 3, 5, 4, 4, 4, 5, 4, 5, 5, 4, 4, 3, 3, 5, 4, 4, 2, 5, 4, 3, 5, 4, 5, 4, 3, 3, 3, 3, 5, 5, 4, 4, 4, 4, 5, 4, 3, 2, 4, 5, 5, 4, 5, 5, 4, 2, 5, 4, 3, 4, 4, 5, 2, 4, 5, 5, 2, 2, 2, 4, 5, 5, 5, 4, 4, 5, 3, 4, 5, 4, 2, 5, 5, 5, 5, 4, 1, 5, 4, 5, 5, 5, 5, 2, 5, 5, 5, 4, 4, 4, 5, 5, 2, 4, 5, 5, 5, 5, 3]"
Lola visited her friend in New York. They went to lots of museums. Natasha also went to New York.,4.0316,0.9605,158,"[5, 5, 5, 4, 5, 4, 3, 3, 2, 5, 4, 5, 2, 5, 5, 5, 4, 4, 5, 4, 5, 5, 5, 2, 5, 4, 4, 2, 2, 3, 5, 5, 3, 5, 4, 2, 5, 5, 3, 4, 5, 5, 4, 5, 3, 3, 5, 4, 3, 4, 2, 4, 3, 5, 3, 3, 4, 5, 4, 2, 4, 5, 4, 5, 4, 4, 5, 4, 5, 5, 4, 3, 3, 4, 3, 4, 3, 5, 4, 5, 4, 3, 4, 4, 5, 3, 4, 3, 5, 4, 4, 4, 5, 4, 3, 5, 3, 2, 4, 5, 5, 3, 5, 5, 5, 3, 5, 3, 3, 4, 2, 2, 3, 5, 5, 2, 4, 5, 5, 5, 5, 4, 3, 4, 4, 4, 4, 5, 3, 5, 5, 5, 4, 4, 3, 4, 4, 5, 4, 5, 4, 2, 5, 5, 5, 5, 4, 3, 4, 5, 4, 4, 3, 5, 5, 5, 4, 3]"
Louis saved up money for vacation. He wanted to go to Greece. Russell didn't go on vacation.,4.0125,0.907,80,"[2, 5, 4, 3, 4, 3, 4, 4, 4, 5, 4, 2, 4, 4, 3, 5, 4, 2, 5, 4, 4, 5, 4, 5, 3, 5, 5, 2, 5, 3, 5, 4, 4, 4, 5, 5, 5, 5, 4, 3, 3, 4, 4, 3, 5, 5, 3, 5, 4, 5, 4, 4, 4, 3, 5, 2, 4, 2, 3, 5, 5, 4, 3, 5, 5, 5, 3, 5, 5, 4, 4, 4, 4, 4, 4, 4, 4, 4, 3, 5]"
Lucille ordered takeout for dinner. She was too tired to cook. That night Renee ordered out too.,4.1824,0.9734,159,"[5, 5, 4, 5, 5, 5, 4, 4, 5, 5, 5, 3, 5, 5, 4, 4, 3, 5, 4, 5, 2, 5, 2, 2, 4, 4, 4, 4, 2, 4, 5, 4, 4, 5, 5, 5, 4, 4, 1, 5, 5, 4, 5, 4, 4, 5, 4, 3, 4, 5, 5, 5, 4, 5, 4, 4, 5, 4, 2, 4, 4, 5, 5, 4, 5, 5, 5, 5, 5, 5, 4, 4, 4, 5, 4, 3, 4, 4, 5, 2, 4, 5, 3, 5, 3, 4, 3, 5, 3, 4, 5, 5, 5, 5, 4, 3, 2, 4, 5, 5, 5, 5, 5, 5, 3, 5, 3, 3, 4, 3, 5, 4, 3, 5, 5, 3, 2, 4, 5, 5, 4, 5, 5, 3, 5, 4, 5, 5, 4, 5, 5, 5, 5, 5, 5, 1, 5, 4, 3, 3, 5, 5, 5, 2, 5, 5, 4, 5, 3, 3, 4, 4, 2, 3, 5, 4, 5, 5, 4]"
Lucy wrote the term paper by hand. Her computer was broken. Unfortunately Andy did it too.,2.6316,1.2566,19,"[1, 1, 2, 3, 3, 2, 4, 1, 4, 4, 4, 4, 1, 2, 2, 2, 2, 5, 3]"
Lucy wrote the term paper by hand. Her computer was broken. Unfortunately Andy did too.,2.6,1.3139,20,"[4, 4, 2, 4, 2, 1, 2, 1, 2, 4, 2, 3, 1, 1, 5, 3, 1, 4, 2, 4]"
Lucy wrote the term paper by hand. Unfortunately Andy did it too.,2.85,0.9881,20,"[2, 3, 2, 2, 2, 2, 4, 2, 4, 1, 2, 3, 3, 3, 4, 4, 4, 4, 4, 2]"
Lucy wrote the term paper by hand. Unfortunately Andy did too.,3.7,1.1743,20,"[5, 5, 3, 3, 5, 5, 2, 4, 5, 4, 5, 3, 4, 3, 4, 3, 1, 2, 4, 4]"
Luke jumped off the cliff into the pond. Afterwards Diana did it too.,3.9,1.2096,20,"[2, 5, 3, 5, 5, 5, 5, 3, 5, 1, 4, 4, 5, 4, 5, 4, 3, 2, 4, 4]"
Luke jumped off the cliff into the pond. Afterwards Diana did too.,3.5789,1.3464,19,"[1, 5, 2, 4, 5, 5, 4, 4, 1, 4, 4, 2, 4, 4, 3, 4, 5, 5, 2]"
Luke jumped off the cliff into the pond. Later he realized he was bruised. Afterwards Diana did it too.,3.0,1.2472,19,"[4, 4, 4, 3, 5, 5, 1, 2, 2, 3, 2, 2, 3, 3, 3, 3, 5, 1, 2]"
Luke jumped off the cliff into the pond. Later he realized he was bruised. Afterwards Diana did too.,3.1,1.1192,20,"[2, 2, 3, 2, 3, 3, 2, 4, 3, 2, 1, 2, 4, 4, 5, 5, 4, 4, 4, 3]"
Luke went to the dentist yesterday. Henry went last month.,4.3077,0.7439,78,"[4, 5, 5, 5, 4, 4, 4, 3, 4, 4, 5, 4, 4, 5, 4, 5, 5, 4, 5, 5, 5, 4, 5, 5, 4, 5, 4, 4, 5, 4, 5, 3, 3, 5, 5, 5, 5, 3, 5, 4, 4, 4, 5, 3, 5, 3, 5, 4, 5, 5, 4, 5, 3, 5, 3, 4, 5, 5, 5, 5, 4, 3, 5, 5, 3, 3, 5, 5, 5, 4, 4, 4, 4, 4, 4, 5, 3, 3]"
Marcus went to the opera last week. It was La Boheme by Puccini. Later that week Vera did it too.,3.5556,1.2935,18,"[1, 5, 5, 4, 1, 4, 2, 2, 4, 4, 5, 3, 4, 4, 4, 5, 3, 4]"
Marcus went to the opera last week. It was La Boheme by Puccini. Later that week Vera did too.,3.8421,0.8983,19,"[3, 3, 3, 4, 5, 5, 4, 2, 4, 4, 5, 4, 3, 3, 4, 3, 4, 5, 5]"
Marcus went to the opera last week. Later that week Vera did it too.,3.8,0.8335,20,"[5, 3, 4, 4, 4, 4, 4, 3, 2, 5, 4, 3, 4, 2, 5, 4, 4, 4, 4, 4]"
Marcus went to the opera last week. Later that week Vera did too.,4.4,0.6806,20,"[5, 5, 3, 5, 4, 5, 5, 4, 5, 5, 5, 4, 4, 4, 5, 4, 4, 3, 4, 5]"
Maria swam across the pond. Afterwards she was very cold and tired. Then Dorothy did it too.,3.7,0.8645,20,"[5, 3, 2, 3, 3, 5, 5, 3, 5, 3, 3, 4, 4, 4, 4, 3, 4, 4, 3, 4]"
Maria swam across the pond. Afterwards she was very cold and tired. Then Dorothy did too.,3.9,1.2096,20,"[5, 5, 4, 4, 4, 5, 2, 4, 4, 4, 5, 1, 5, 4, 2, 2, 4, 5, 4, 5]"
Maria swam across the pond. Then Dorothy did it too.,3.9,1.1192,20,"[5, 3, 4, 3, 5, 5, 4, 4, 4, 4, 5, 4, 1, 3, 5, 4, 3, 5, 2, 5]"
Maria swam across the pond. Then Dorothy did too.,4.1,0.7881,20,"[4, 5, 4, 4, 4, 4, 4, 2, 3, 3, 5, 4, 5, 4, 5, 4, 4, 5, 4, 5]"
Mario went outside to water the flowers. Soon after it started raining. The next day Angela did it too.,2.7,1.0311,20,"[3, 5, 3, 4, 1, 3, 2, 3, 2, 4, 1, 2, 3, 2, 2, 4, 3, 3, 2, 2]"
Mario went outside to water the flowers. Soon after it started raining. The next day Angela did too.,2.4,1.2312,20,"[1, 1, 3, 1, 4, 3, 4, 1, 1, 1, 2, 1, 4, 4, 3, 2, 3, 2, 4, 3]"
Mario went outside to water the flowers. The next day Angela did it too.,4.05,0.7592,20,"[4, 5, 4, 5, 5, 4, 4, 4, 4, 5, 4, 4, 5, 4, 4, 2, 4, 3, 3, 4]"
Mario went outside to water the flowers. The next day Angela did too.,3.3684,0.9551,19,"[2, 2, 4, 5, 3, 3, 3, 3, 4, 3, 2, 4, 3, 4, 4, 4, 2, 4, 5]"
Mario went to a jazz club last weekend. The musicians were very talented. Katrina went to the same club.,4.4375,0.6907,80,"[5, 5, 4, 5, 4, 4, 4, 3, 4, 4, 5, 3, 4, 5, 4, 5, 5, 5, 5, 5, 5, 5, 5, 5, 5, 5, 5, 4, 5, 5, 5, 5, 4, 3, 5, 5, 4, 4, 5, 4, 5, 2, 5, 3, 5, 5, 4, 5, 4, 5, 4, 5, 5, 4, 4, 4, 4, 4, 5, 5, 5, 4, 4, 5, 5, 4, 3, 4, 5, 4, 5, 4, 5, 4, 5, 4, 5, 4, 3, 5]"
Mark ate a turkey sandwich for dinner. Later Paul ate a chicken sandwich.,3.9299,1.1216,157,"[4, 4, 5, 5, 5, 3, 3, 2, 3, 5, 5, 5, 3, 5, 5, 5, 4, 4, 5, 2, 4, 4, 1, 5, 5, 4, 4, 3, 4, 4, 4, 5, 4, 5, 5, 4, 3, 5, 2, 5, 4, 5, 2, 4, 5, 3, 3, 3, 5, 4, 5, 4, 5, 2, 5, 5, 5, 2, 4, 5, 5, 4, 4, 5, 4, 5, 5, 4, 5, 5, 3, 4, 5, 2, 3, 5, 5, 5, 5, 1, 4, 4, 4, 3, 4, 4, 4, 4, 4, 4, 5, 4, 3, 2, 3, 1, 4, 5, 5, 5, 4, 5, 2, 1, 2, 3, 3, 4, 3, 3, 4, 1, 5, 5, 3, 3, 2, 4, 4, 5, 2, 4, 3, 5, 4, 5, 2, 2, 5, 5, 5, 5, 4, 2, 4, 4, 3, 4, 5, 4, 2, 4, 5, 4, 5, 5, 5, 5, 5, 4, 4, 3, 5, 5, 5, 4, 2]"
Marlene slipped on the icy sidewalk. Later Hank did it too.,3.1,1.1653,20,"[4, 3, 2, 1, 5, 4, 3, 4, 3, 2, 4, 1, 3, 4, 4, 4, 3, 4, 3, 1]"
Marlene slipped on the icy sidewalk. Later Hank did too.,4.0,1.0761,20,"[3, 5, 4, 3, 4, 3, 5, 5, 4, 5, 5, 5, 4, 5, 3, 5, 1, 4, 4, 3]"
Marlene slipped on the icy sidewalk. The ice was hard to see and very slippery. Later Hank did it too.,3.3,1.1286,20,"[3, 5, 2, 5, 3, 5, 2, 3, 5, 2, 3, 4, 4, 2, 3, 2, 3, 2, 4, 4]"
Marlene slipped on the icy sidewalk. The ice was hard to see and very slippery. Later Hank did too.,3.8947,1.1496,19,"[5, 1, 4, 3, 5, 3, 3, 2, 3, 5, 4, 5, 4, 4, 5, 4, 4, 5, 5]"
Martha bought a new CD at the store. It was a very popular CD. Richard bought the same one.,4.4528,0.8167,159,"[5, 5, 4, 4, 5, 5, 3, 4, 5, 5, 5, 5, 4, 5, 4, 5, 5, 3, 5, 5, 5, 4, 5, 2, 2, 5, 4, 4, 3, 4, 5, 4, 5, 4, 5, 5, 5, 5, 5, 5, 5, 5, 5, 5, 4, 5, 4, 3, 5, 4, 3, 4, 5, 5, 4, 5, 5, 5, 5, 5, 5, 5, 5, 5, 5, 5, 5, 5, 5, 4, 4, 2, 4, 3, 5, 3, 5, 5, 5, 4, 5, 5, 4, 4, 3, 5, 4, 5, 5, 4, 5, 5, 4, 5, 5, 3, 2, 5, 4, 4, 4, 5, 5, 5, 4, 5, 4, 3, 4, 4, 5, 4, 5, 5, 5, 5, 3, 5, 5, 5, 5, 5, 4, 5, 5, 5, 5, 5, 5, 5, 5, 4, 5, 4, 5, 1, 4, 4, 4, 5, 5, 5, 2, 5, 5, 5, 3, 4, 5, 5, 5, 4, 4, 4, 5, 5, 5, 4, 5]"
Martin celebrated his birthday in June. Vera's was in May.,4.195,0.9512,159,"[5, 5, 2, 5, 5, 5, 3, 4, 4, 5, 5, 5, 4, 4, 4, 5, 3, 5, 4, 5, 5, 4, 5, 3, 3, 4, 3, 5, 2, 4, 2, 5, 4, 4, 5, 5, 5, 4, 5, 5, 5, 4, 5, 5, 5, 4, 5, 4, 3, 5, 2, 5, 3, 5, 5, 2, 5, 5, 4, 3, 3, 5, 5, 4, 4, 4, 4, 5, 5, 5, 4, 3, 4, 4, 2, 5, 4, 5, 4, 5, 2, 4, 5, 3, 5, 3, 4, 4, 5, 3, 3, 4, 5, 4, 5, 4, 3, 2, 5, 3, 4, 5, 4, 5, 5, 5, 5, 4, 4, 3, 4, 4, 4, 4, 5, 4, 2, 3, 5, 5, 5, 5, 5, 5, 4, 3, 4, 3, 5, 5, 5, 5, 5, 5, 3, 1, 5, 4, 5, 5, 5, 4, 2, 5, 5, 3, 5, 5, 5, 5, 5, 5, 4, 3, 4, 5, 4, 5, 4]"
Mary called her mom on the phone. The next day Fred called his mom too.,4.5063,0.677,79,"[4, 5, 5, 5, 4, 5, 4, 3, 5, 4, 5, 5, 4, 5, 5, 5, 5, 4, 5, 5, 5, 4, 5, 5, 5, 5, 4, 4, 4, 4, 5, 5, 4, 5, 5, 5, 5, 4, 4, 3, 5, 3, 5, 3, 5, 5, 4, 5, 2, 5, 5, 3, 4, 5, 4, 4, 5, 5, 5, 5, 5, 4, 4, 5, 5, 4, 5, 5, 4, 4, 4, 5, 5, 5, 5, 5, 4, 4, 5]"
Mary entered the beauty pageant. That day Grace did it too.,3.6316,1.0116,19,"[2, 5, 4, 3, 3, 3, 5, 3, 3, 4, 4, 3, 5, 5, 5, 2, 3, 4, 3]"
Mary entered the beauty pageant. That day Grace did too.,3.85,0.9881,20,"[5, 5, 3, 5, 3, 5, 3, 3, 4, 2, 4, 5, 4, 4, 5, 4, 3, 2, 4, 4]"
Mary entered the beauty pageant. There was a huge prize for first place. That day Grace did it too.,3.4,1.1877,20,"[5, 1, 2, 3, 4, 2, 3, 3, 3, 5, 4, 4, 2, 5, 4, 5, 4, 2, 4, 3]"
Mary entered the beauty pageant. There was a huge prize for first place. That day Grace did too.,3.0,1.214,20,"[5, 2, 2, 2, 5, 3, 4, 2, 2, 2, 4, 2, 2, 2, 4, 4, 4, 4, 4, 1]"
Matt bought a new suit for an interview. Later John did it too.,3.65,0.8127,20,"[5, 5, 3, 3, 3, 5, 4, 4, 3, 4, 3, 4, 4, 3, 4, 4, 2, 4, 3, 3]"
Matt bought a new suit for an interview. Later John did too.,4.2,1.0052,20,"[5, 5, 4, 5, 5, 5, 1, 4, 4, 4, 5, 4, 3, 3, 4, 4, 5, 5, 4, 5]"
Matt bought a new suit for an interview. The next day the pants ripped at the seam. Later John did it too.,2.15,0.9333,20,"[2, 1, 2, 3, 3, 2, 2, 1, 2, 2, 4, 2, 1, 1, 2, 2, 3, 1, 4, 3]"
Matt bought a new suit for an interview. The next day the pants ripped at the seam. Later John did too.,2.2,0.9515,20,"[2, 4, 2, 3, 2, 1, 4, 1, 3, 2, 2, 2, 2, 1, 4, 2, 2, 1, 2, 2]"
Melanie stole money from the cash register. The next day Tammy did it too.,3.9,0.9119,20,"[5, 5, 4, 4, 4, 4, 3, 5, 3, 3, 3, 2, 3, 4, 5, 4, 3, 5, 4, 5]"
Melanie stole money from the cash register. The next day Tammy did too.,3.55,0.9987,20,"[3, 3, 4, 4, 5, 3, 4, 4, 5, 3, 3, 3, 4, 2, 2, 4, 5, 3, 5, 2]"
Melanie stole money from the cash register. Then her boss found out. The next day Tammy did it too.,3.25,1.1642,20,"[3, 5, 3, 2, 4, 4, 2, 5, 4, 2, 4, 4, 4, 3, 2, 2, 5, 3, 3, 1]"
Melanie stole money from the cash register. Then her boss found out. The next day Tammy did too.,3.2,1.1965,20,"[2, 2, 2, 4, 3, 3, 2, 2, 4, 4, 2, 5, 5, 4, 5, 3, 5, 2, 3, 2]"
Michelle drank a big glass of water. An hour later Timothy did it too.,3.15,1.3089,20,"[5, 4, 4, 1, 4, 5, 3, 4, 3, 2, 4, 1, 2, 4, 4, 4, 2, 4, 2, 1]"
Michelle drank a big glass of water. An hour later Timothy did too.,3.6,0.8826,20,"[3, 5, 4, 3, 3, 2, 4, 4, 3, 4, 2, 3, 3, 5, 4, 5, 3, 4, 4, 4]"
Michelle drank a big glass of water. She was unbelievably thirsty. An hour later Timothy did it too.,3.2,1.2397,20,"[2, 5, 2, 5, 5, 3, 5, 2, 4, 2, 3, 3, 3, 2, 5, 2, 3, 2, 2, 4]"
Michelle drank a big glass of water. She was unbelievably thirsty. An hour later Timothy did too.,3.65,1.2258,20,"[5, 4, 5, 3, 4, 2, 2, 2, 5, 5, 4, 5, 1, 4, 3, 4, 4, 5, 3, 3]"
Miriam went to a hockey game on Tuesday. On Wednesday Suzanne did it too.,3.2632,0.9912,19,"[5, 4, 2, 4, 2, 3, 4, 3, 3, 2, 4, 5, 2, 3, 4, 3, 2, 4, 3]"
Miriam went to a hockey game on Tuesday. On Wednesday Suzanne did too.,3.6842,1.2496,19,"[5, 5, 4, 3, 4, 4, 4, 5, 2, 2, 4, 5, 2, 5, 4, 3, 1, 3, 5]"
Miriam went to a hockey game on Tuesday. The home team played poorly and lost. On Wednesday Suzanne did it too.,2.4211,1.3045,19,"[4, 1, 3, 1, 1, 2, 3, 1, 2, 5, 3, 5, 1, 3, 3, 2, 1, 2, 3]"
Miriam went to a hockey game on Tuesday. The home team played poorly and lost. On Wednesday Suzanne did too.,2.45,0.9445,20,"[5, 3, 1, 3, 2, 2, 2, 3, 3, 2, 2, 2, 1, 2, 4, 3, 2, 3, 2, 2]"
Molly cleaned out the fridge today. Then Tom also cleaned his fridge.,3.875,0.9857,80,"[2, 4, 4, 4, 4, 4, 4, 5, 2, 5, 5, 4, 3, 4, 2, 5, 5, 5, 5, 4, 1, 3, 4, 5, 3, 5, 3, 3, 4, 4, 4, 4, 5, 5, 3, 4, 4, 5, 4, 4, 5, 4, 5, 2, 5, 5, 2, 4, 4, 3, 4, 2, 5, 4, 4, 3, 4, 5, 4, 5, 5, 4, 2, 5, 4, 3, 3, 4, 2, 3, 5, 3, 3, 3, 4, 4, 5, 4, 4, 4]"
Natalie joined the circus at age 20. A year later Andrew also joined.,3.9625,1.0514,160,"[4, 3, 4, 5, 1, 4, 3, 2, 5, 4, 5, 5, 4, 5, 5, 5, 5, 3, 5, 2, 4, 4, 4, 2, 3, 5, 4, 5, 3, 2, 5, 5, 4, 4, 4, 2, 5, 5, 3, 5, 5, 5, 4, 5, 3, 4, 5, 5, 3, 2, 2, 4, 4, 5, 5, 3, 3, 5, 5, 4, 4, 5, 4, 4, 5, 5, 4, 5, 5, 5, 2, 3, 3, 3, 4, 4, 4, 5, 4, 1, 4, 3, 2, 4, 4, 3, 4, 3, 5, 5, 3, 3, 5, 5, 5, 5, 3, 2, 4, 5, 5, 4, 4, 5, 2, 3, 5, 3, 3, 4, 4, 4, 4, 4, 4, 5, 2, 3, 4, 4, 5, 4, 5, 4, 3, 5, 5, 5, 5, 4, 5, 5, 3, 5, 4, 5, 2, 4, 4, 4, 1, 5, 3, 3, 5, 4, 5, 5, 4, 3, 5, 5, 4, 2, 4, 4, 4, 5, 5, 2]"
Natasha borrowed a bicycle from her sister. Eddie bought one at the store.,4.05,0.9893,160,"[5, 4, 4, 5, 5, 5, 2, 2, 3, 5, 5, 5, 2, 5, 5, 3, 5, 3, 4, 2, 5, 4, 5, 2, 5, 5, 2, 4, 2, 4, 3, 4, 4, 5, 4, 5, 5, 3, 4, 4, 2, 5, 4, 5, 5, 4, 5, 5, 3, 3, 4, 5, 3, 5, 4, 3, 4, 4, 3, 5, 4, 5, 4, 5, 4, 4, 4, 5, 5, 5, 5, 4, 4, 5, 4, 4, 3, 5, 4, 5, 4, 3, 3, 4, 2, 3, 3, 3, 5, 4, 4, 4, 5, 4, 3, 4, 3, 4, 4, 5, 4, 5, 5, 5, 5, 2, 5, 4, 3, 3, 4, 5, 3, 4, 3, 4, 3, 2, 3, 5, 5, 5, 5, 5, 3, 3, 5, 5, 5, 5, 4, 5, 5, 5, 4, 2, 1, 5, 5, 5, 4, 5, 4, 3, 5, 5, 5, 3, 4, 2, 4, 5, 4, 3, 4, 5, 4, 5, 5, 4]"
Neil went skydiving with his friends. It was a terrifying experience. Wayne also went skydiving.,4.2125,0.8958,80,"[4, 5, 2, 4, 4, 3, 4, 3, 2, 4, 5, 3, 3, 5, 3, 5, 5, 4, 5, 5, 5, 5, 5, 5, 5, 4, 5, 3, 4, 4, 5, 4, 5, 5, 5, 4, 5, 4, 5, 5, 5, 3, 5, 2, 5, 5, 4, 5, 4, 5, 5, 2, 5, 4, 4, 2, 4, 4, 4, 5, 5, 4, 4, 4, 5, 3, 3, 5, 5, 5, 5, 4, 4, 4, 4, 4, 5, 4, 3, 5]"
Nellie wrote an article for the newspaper. It was about crime in the city. The next week Todd also wrote an article.,4.025,0.7627,80,"[3, 5, 4, 4, 4, 4, 4, 4, 2, 4, 4, 3, 4, 5, 4, 5, 5, 3, 4, 5, 4, 3, 4, 5, 5, 5, 4, 4, 4, 4, 5, 4, 5, 4, 5, 5, 4, 3, 2, 3, 5, 3, 5, 4, 3, 4, 4, 5, 4, 5, 4, 2, 4, 4, 4, 4, 3, 4, 5, 5, 5, 4, 3, 5, 4, 5, 3, 4, 4, 3, 4, 4, 4, 4, 4, 4, 4, 4, 3, 4]"
Norman planted flowers in the yard. They were red tulips. Later Jake planted flowers too.,4.1,0.9056,160,"[4, 5, 5, 5, 5, 4, 3, 3, 4, 5, 5, 5, 3, 5, 5, 4, 4, 3, 5, 2, 4, 4, 5, 2, 3, 5, 4, 5, 3, 2, 5, 4, 5, 4, 5, 3, 5, 5, 3, 5, 5, 5, 5, 5, 2, 4, 5, 4, 3, 3, 3, 4, 4, 4, 4, 3, 4, 4, 4, 3, 3, 5, 5, 4, 4, 4, 5, 4, 5, 5, 4, 2, 3, 3, 4, 4, 2, 5, 4, 3, 5, 4, 5, 4, 4, 3, 4, 3, 4, 4, 4, 5, 4, 4, 3, 4, 3, 2, 4, 5, 5, 5, 4, 5, 5, 3, 5, 3, 3, 4, 4, 5, 2, 5, 5, 5, 5, 4, 5, 3, 5, 5, 5, 4, 4, 5, 4, 4, 5, 5, 4, 5, 4, 5, 5, 4, 1, 4, 4, 3, 4, 5, 4, 5, 4, 5, 5, 3, 4, 3, 4, 5, 4, 4, 4, 5, 5, 4, 5, 5]"
Oliver ate a sandwich for lunch yesterday. It was ham and swiss on rye bread. Nancy ate a meatball sub.,4.425,0.7076,80,"[4, 5, 5, 4, 4, 5, 4, 4, 4, 5, 5, 4, 4, 5, 4, 5, 5, 4, 5, 5, 5, 4, 4, 5, 3, 5, 5, 4, 5, 4, 5, 5, 5, 3, 5, 5, 4, 4, 5, 2, 5, 4, 5, 4, 5, 5, 4, 5, 3, 5, 5, 5, 5, 4, 5, 4, 3, 4, 4, 5, 4, 4, 3, 5, 5, 5, 3, 5, 5, 5, 4, 4, 5, 5, 5, 5, 5, 4, 3, 4]"
Paula chopped wood all day for a bonfire. Her hands were sore and cracked. To help out Ken did it too.,3.8,1.1517,20,"[5, 5, 3, 4, 2, 5, 2, 3, 3, 4, 5, 2, 5, 5, 2, 4, 4, 4, 4, 5]"
Paula chopped wood all day for a bonfire. Her hands were sore and cracked. To help out Ken did too.,3.6,1.2312,20,"[2, 2, 4, 5, 4, 4, 4, 1, 2, 5, 5, 4, 2, 3, 4, 4, 5, 3, 5, 4]"
Paula chopped wood all day for a bonfire. To help out Ken did it too.,4.05,0.9987,20,"[5, 5, 5, 4, 4, 3, 4, 2, 2, 3, 5, 3, 5, 4, 5, 4, 4, 5, 4, 5]"
Paula chopped wood all day for a bonfire. To help out Ken did too.,4.55,0.6048,20,"[4, 4, 5, 5, 4, 5, 5, 4, 5, 5, 5, 5, 5, 5, 3, 4, 4, 4, 5, 5]"
Phyllis borrowed a book from the library. It was about the Spanish revolution. On Friday Norma did it too.,2.95,1.099,20,"[4, 2, 2, 2, 4, 3, 2, 1, 4, 2, 4, 5, 4, 4, 2, 2, 2, 3, 4, 3]"
Phyllis borrowed a book from the library. It was about the Spanish revolution. On Friday Norma did too.,3.65,0.8751,20,"[4, 4, 3, 2, 4, 4, 4, 4, 4, 4, 5, 4, 5, 5, 2, 3, 3, 3, 3, 3]"
Phyllis borrowed a book from the library. On Friday Norma did it too.,3.15,0.9333,20,"[2, 2, 2, 4, 3, 3, 4, 3, 4, 2, 3, 2, 4, 2, 3, 4, 4, 3, 4, 5]"
Phyllis borrowed a book from the library. On Friday Norma did too.,4.0,0.7947,20,"[5, 4, 4, 5, 3, 4, 5, 5, 3, 4, 3, 3, 3, 4, 4, 4, 4, 5, 3, 5]"
Rachel bought a new computer. Afterwards Irene bought one too.,4.2375,0.9174,80,"[3, 5, 4, 5, 4, 2, 4, 3, 3, 4, 5, 5, 2, 4, 3, 5, 5, 4, 4, 5, 5, 5, 4, 5, 5, 5, 1, 4, 4, 4, 5, 5, 4, 4, 5, 5, 4, 4, 4, 5, 5, 3, 5, 3, 5, 5, 5, 5, 4, 5, 5, 2, 5, 4, 4, 3, 5, 5, 5, 5, 5, 4, 2, 5, 4, 4, 4, 4, 5, 5, 4, 4, 5, 4, 5, 4, 5, 3, 4, 5]"
Rachel learned Spanish last summer. It was easier than she expected it to be. Rick learned Spanish in the fall.,4.1,0.8359,80,"[3, 4, 4, 5, 4, 4, 4, 4, 4, 4, 5, 3, 3, 5, 3, 5, 4, 3, 5, 4, 4, 5, 4, 5, 5, 4, 5, 4, 5, 4, 5, 4, 5, 3, 5, 4, 5, 3, 4, 3, 5, 3, 5, 4, 5, 4, 4, 5, 2, 5, 5, 3, 4, 3, 3, 2, 3, 5, 3, 5, 5, 4, 3, 5, 4, 5, 3, 3, 5, 5, 4, 5, 4, 5, 5, 4, 4, 4, 3, 4]"
Ralph took a taxi to the airport. That day Ashley did it too.,3.65,1.1367,20,"[3, 5, 5, 2, 4, 2, 4, 5, 3, 5, 2, 2, 4, 4, 3, 5, 5, 3, 4, 3]"
Ralph took a taxi to the airport. That day Ashley did too.,4.05,0.8256,20,"[5, 5, 4, 5, 4, 4, 4, 3, 5, 3, 4, 4, 4, 4, 5, 4, 3, 2, 4, 5]"
Ralph took a taxi to the airport. The airport was far from his house. That day Ashley did it too.,3.1,1.3727,20,"[5, 1, 4, 2, 1, 3, 4, 2, 4, 5, 3, 4, 1, 3, 3, 5, 4, 1, 4, 3]"
Ralph took a taxi to the airport. The airport was far from his house. That day Ashley did too.,2.5,1.0513,20,"[4, 2, 1, 2, 3, 4, 2, 1, 1, 3, 2, 2, 2, 2, 4, 4, 3, 4, 2, 2]"
Rebecca bought a new bike. A week later it was stolen. Then Ruth did it too.,2.0,1.0761,20,"[2, 3, 3, 2, 2, 1, 4, 1, 2, 2, 1, 1, 2, 1, 4, 2, 1, 1, 1, 4]"
Rebecca bought a new bike. A week later it was stolen. Then Ruth did too.,2.2,0.8944,20,"[2, 2, 2, 2, 3, 5, 3, 2, 1, 2, 2, 2, 3, 2, 1, 2, 2, 2, 3, 1]"
Rebecca bought a new bike. Then Ruth did it too.,3.65,1.04,20,"[2, 5, 3, 4, 5, 5, 2, 2, 4, 4, 5, 3, 4, 3, 3, 3, 5, 4, 3, 4]"
Rebecca bought a new bike. Then Ruth did too.,4.1053,1.0485,19,"[5, 5, 5, 3, 5, 5, 4, 5, 3, 5, 5, 2, 4, 4, 2, 4, 4, 3, 5]"
Reggie broke a glass at dinner. Immediately Joe did it too.,2.7,1.1286,20,"[2, 4, 4, 1, 2, 4, 2, 2, 3, 2, 2, 1, 4, 4, 2, 3, 3, 4, 4, 1]"
Reggie broke a glass at dinner. Immediately Joe did too.,2.95,1.191,20,"[3, 2, 3, 1, 5, 4, 2, 1, 4, 5, 2, 3, 3, 4, 3, 4, 2, 2, 4, 2]"
Reggie broke a glass at dinner. It was an expensive wine glass. Immediately Joe did it too.,3.15,1.1367,20,"[3, 4, 4, 2, 1, 5, 2, 4, 4, 4, 2, 2, 5, 3, 3, 4, 4, 2, 3, 2]"
Reggie broke a glass at dinner. It was an expensive wine glass. Immediately Joe did too.,2.8,1.105,20,"[1, 2, 2, 3, 3, 2, 4, 2, 4, 4, 2, 4, 3, 1, 2, 3, 5, 3, 4, 2]"
Richard baked a cake last night. Then Patricia frosted it.,4.4684,0.8791,158,"[5, 5, 4, 5, 5, 5, 3, 4, 5, 5, 5, 5, 4, 5, 2, 5, 5, 4, 5, 2, 5, 4, 5, 2, 5, 5, 5, 5, 3, 4, 5, 4, 5, 5, 5, 5, 5, 4, 5, 4, 5, 5, 5, 5, 5, 4, 4, 5, 3, 4, 3, 5, 5, 4, 5, 5, 5, 5, 4, 5, 5, 5, 5, 5, 5, 5, 5, 5, 5, 5, 4, 5, 5, 5, 2, 5, 5, 5, 2, 5, 5, 5, 5, 3, 3, 5, 5, 4, 5, 4, 5, 4, 5, 5, 3, 3, 5, 5, 5, 3, 4, 5, 5, 5, 5, 5, 3, 3, 4, 5, 5, 4, 5, 5, 4, 3, 5, 5, 3, 4, 4, 5, 4, 4, 3, 4, 5, 2, 5, 5, 2, 5, 5, 5, 1, 5, 5, 4, 5, 5, 5, 4, 5, 5, 5, 5, 5, 5, 5, 5, 5, 4, 5, 4, 5, 5, 5, 5]"
Richard got Chinese food for dinner. That night Greg did it too.,3.4,0.9403,20,"[2, 5, 4, 2, 3, 2, 4, 4, 3, 4, 4, 3, 4, 3, 5, 4, 2, 3, 4, 3]"
Richard got Chinese food for dinner. That night Greg did too.,4.1,0.7881,20,"[5, 5, 3, 4, 5, 4, 4, 3, 5, 3, 4, 4, 4, 4, 5, 5, 3, 5, 3, 4]"
Richard got Chinese food for dinner. While he was out his house was robbed. That night Greg did it too.,1.95,1.191,20,"[2, 1, 2, 2, 1, 1, 4, 1, 1, 2, 2, 4, 1, 5, 3, 2, 2, 1, 1, 1]"
Richard got Chinese food for dinner. While he was out his house was robbed. That night Greg did too.,1.9,1.2524,20,"[5, 1, 1, 3, 3, 2, 1, 1, 1, 1, 1, 2, 1, 2, 5, 2, 1, 2, 1, 2]"
Rita went to the doctor on Thursday. A few days later Meredith did it too.,3.55,0.9987,20,"[3, 5, 5, 4, 4, 2, 4, 2, 4, 4, 4, 3, 3, 2, 5, 4, 3, 4, 2, 4]"
Rita went to the doctor on Thursday. A few days later Meredith did too.,4.3,0.8645,20,"[5, 4, 4, 5, 4, 5, 5, 2, 5, 5, 4, 5, 5, 4, 5, 4, 4, 3, 3, 5]"
Rita went to the doctor on Thursday. She had a sore throat and a fever. A few days later Meredith did it too.,3.1,1.4105,20,"[2, 5, 4, 2, 2, 1, 1, 2, 3, 3, 5, 3, 4, 5, 5, 4, 1, 2, 4, 4]"
Rita went to the doctor on Thursday. She had a sore throat and a fever. A few days later Meredith did too.,4.0,0.8584,20,"[3, 5, 4, 4, 3, 5, 5, 2, 3, 4, 4, 4, 4, 5, 5, 4, 4, 3, 5, 4]"
Robert walked to the bus stop in the morning. Jill walked there at night.,4.0,0.9278,80,"[2, 5, 2, 4, 5, 3, 4, 2, 3, 5, 4, 4, 2, 4, 4, 5, 5, 3, 5, 4, 5, 4, 3, 5, 5, 5, 4, 4, 5, 4, 5, 5, 5, 3, 4, 4, 4, 2, 3, 4, 5, 3, 5, 2, 5, 4, 4, 5, 2, 5, 5, 3, 4, 5, 4, 3, 5, 5, 4, 5, 4, 4, 3, 4, 5, 4, 3, 4, 4, 4, 3, 4, 4, 5, 4, 5, 4, 4, 3, 4]"
Robin stayed home from the party. Her head hurt too much to go out. The same night Peggy did it too.,2.55,1.099,20,"[2, 3, 4, 4, 2, 1, 3, 2, 2, 3, 2, 3, 1, 1, 5, 3, 2, 2, 2, 4]"
Robin stayed home from the party. Her head hurt too much to go out. The same night Peggy did too.,3.4,0.9947,20,"[2, 4, 3, 4, 3, 5, 4, 1, 2, 4, 4, 4, 4, 2, 4, 4, 4, 4, 3, 3]"
Robin stayed home from the party. The same night Peggy did it too.,3.35,1.2258,20,"[2, 5, 4, 2, 4, 5, 1, 2, 3, 3, 5, 4, 4, 5, 4, 3, 2, 2, 3, 4]"
Robin stayed home from the party. The same night Peggy did too.,3.7,0.8013,20,"[4, 5, 4, 4, 3, 3, 4, 3, 4, 3, 5, 4, 2, 4, 3, 3, 3, 4, 5, 4]"
Roger went fishing last summer. He caught three fish. Katherine went fishing too.,4.1195,0.9504,159,"[5, 5, 5, 5, 5, 4, 2, 2, 4, 5, 5, 5, 4, 5, 5, 4, 5, 3, 5, 5, 5, 5, 4, 2, 3, 5, 4, 2, 3, 3, 5, 4, 5, 5, 4, 5, 4, 4, 5, 5, 5, 5, 5, 4, 4, 5, 3, 3, 4, 4, 5, 4, 5, 4, 3, 4, 2, 3, 3, 4, 5, 4, 4, 4, 4, 5, 5, 5, 4, 4, 3, 3, 3, 4, 4, 3, 5, 5, 5, 5, 4, 5, 3, 4, 3, 3, 4, 4, 4, 4, 5, 5, 4, 5, 4, 3, 2, 4, 5, 5, 5, 5, 5, 5, 3, 5, 4, 3, 4, 3, 4, 4, 4, 5, 5, 1, 2, 4, 5, 5, 5, 5, 4, 3, 3, 4, 4, 5, 5, 4, 5, 5, 5, 5, 5, 2, 4, 2, 5, 3, 5, 4, 4, 3, 5, 3, 5, 5, 3, 4, 5, 2, 4, 4, 5, 4, 5, 5, 3]"
Ron went to bed early last night. Robert did the same thing.,4.2875,0.7496,80,"[4, 4, 4, 4, 4, 2, 4, 3, 4, 5, 5, 5, 4, 5, 3, 5, 5, 4, 5, 4, 5, 5, 4, 5, 5, 5, 4, 4, 5, 5, 5, 5, 4, 4, 5, 5, 5, 4, 4, 5, 5, 4, 5, 3, 5, 4, 4, 5, 4, 5, 5, 4, 4, 3, 3, 3, 4, 5, 4, 4, 5, 4, 3, 5, 5, 2, 3, 5, 4, 4, 5, 4, 5, 5, 5, 4, 4, 4, 4, 4]"
Ronald washed all of the sheets and towels. The next week Jason did it too.,3.6316,1.1161,19,"[3, 4, 3, 4, 1, 5, 3, 3, 4, 2, 5, 5, 5, 3, 5, 3, 4, 4, 3]"
Ronald washed all of the sheets and towels. The next week Jason did too.,3.3,1.0311,20,"[4, 5, 3, 4, 3, 3, 4, 2, 4, 2, 3, 4, 1, 4, 3, 3, 3, 2, 4, 5]"
Ronald washed all of the sheets and towels. They had not been washed in weeks. The next week Jason did it too.,3.45,1.191,20,"[5, 1, 4, 3, 2, 2, 3, 2, 2, 5, 4, 5, 4, 4, 4, 5, 4, 3, 4, 3]"
Ronald washed all of the sheets and towels. They had not been washed in weeks. The next week Jason did too.,3.2,1.105,20,"[5, 2, 2, 3, 2, 5, 3, 2, 3, 2, 4, 3, 2, 3, 4, 4, 4, 5, 4, 2]"
Rosalie called the police about the noise. The music was shaking her house. Later John also called the police.,3.9434,1.0747,159,"[3, 5, 5, 4, 4, 5, 2, 3, 5, 5, 5, 5, 4, 5, 5, 3, 5, 2, 5, 4, 5, 4, 2, 2, 2, 4, 3, 4, 3, 3, 4, 4, 5, 4, 5, 5, 5, 4, 5, 4, 4, 5, 5, 3, 5, 5, 4, 3, 4, 2, 2, 4, 2, 3, 3, 4, 2, 2, 3, 5, 5, 3, 4, 5, 4, 5, 5, 5, 5, 3, 2, 4, 4, 5, 4, 3, 5, 4, 5, 3, 3, 5, 3, 2, 3, 4, 4, 5, 5, 3, 5, 4, 5, 3, 5, 3, 3, 4, 5, 3, 4, 5, 5, 5, 4, 5, 3, 3, 3, 2, 5, 3, 3, 5, 4, 3, 2, 4, 5, 5, 5, 5, 3, 4, 5, 4, 4, 5, 5, 5, 5, 4, 5, 5, 5, 1, 5, 5, 3, 3, 5, 4, 3, 5, 4, 5, 3, 4, 3, 4, 5, 4, 2, 3, 5, 2, 5, 5, 1]"
Roy put up the storm windows in his house. Later that month it snowed. That week Bruce did it too.,2.85,1.04,20,"[4, 4, 4, 1, 2, 4, 2, 2, 4, 4, 1, 3, 3, 4, 3, 3, 2, 3, 2, 2]"
Roy put up the storm windows in his house. Later that month it snowed. That week Bruce did too.,2.6,1.2732,20,"[1, 1, 2, 1, 4, 3, 3, 1, 2, 2, 2, 5, 4, 4, 2, 2, 2, 3, 5, 3]"
Roy put up the storm windows in his house. That week Bruce did it too.,4.05,0.887,20,"[4, 2, 4, 5, 4, 4, 4, 5, 4, 5, 5, 3, 5, 5, 4, 3, 5, 3, 3, 4]"
Roy put up the storm windows in his house. That week Bruce did too.,3.7,1.0311,20,"[2, 3, 4, 5, 4, 3, 4, 3, 4, 2, 4, 5, 4, 5, 3, 5, 3, 2, 4, 5]"
Ruby bought a new house last year. This year Eleanor bought one too.,4.0687,1.0348,160,"[3, 5, 4, 4, 4, 4, 2, 3, 4, 5, 5, 5, 2, 4, 5, 5, 5, 3, 5, 4, 5, 3, 5, 1, 3, 5, 3, 5, 3, 4, 3, 5, 4, 5, 5, 5, 5, 4, 3, 5, 5, 5, 5, 5, 2, 5, 5, 4, 3, 2, 3, 5, 4, 5, 5, 3, 4, 5, 5, 3, 5, 5, 5, 5, 5, 5, 5, 4, 5, 5, 1, 4, 4, 3, 4, 4, 3, 5, 5, 4, 2, 3, 4, 4, 3, 3, 4, 4, 5, 4, 3, 5, 4, 4, 5, 5, 3, 3, 2, 5, 4, 5, 5, 5, 4, 4, 5, 3, 3, 3, 4, 5, 2, 4, 4, 5, 5, 4, 4, 4, 5, 5, 5, 4, 3, 5, 2, 5, 5, 5, 3, 5, 4, 5, 4, 5, 1, 4, 4, 3, 2, 5, 4, 4, 2, 5, 5, 4, 5, 3, 4, 5, 2, 4, 3, 5, 5, 5, 4, 5]"
Russell made dinner for his girlfriend. It was romantic and delicious. Later Lois did it too.,2.65,1.3485,20,"[2, 1, 1, 5, 2, 2, 3, 1, 4, 4, 5, 2, 2, 1, 3, 3, 3, 2, 5, 2]"
Russell made dinner for his girlfriend. It was romantic and delicious. Later Lois did too.,2.8,1.2814,20,"[2, 4, 4, 4, 2, 2, 2, 2, 1, 2, 3, 3, 1, 2, 5, 2, 3, 5, 2, 5]"
Russell made dinner for his girlfriend. Later Lois did it too.,3.0,0.8584,20,"[3, 5, 3, 2, 3, 5, 3, 2, 4, 3, 2, 3, 3, 3, 2, 3, 2, 3, 3, 3]"
Russell made dinner for his girlfriend. Later Lois did too.,3.6,1.2312,20,"[5, 3, 4, 2, 5, 5, 2, 3, 2, 4, 5, 2, 4, 4, 4, 2, 5, 2, 4, 5]"
Russell painted a picture yesterday. It was of a beautiful landscape. Today Isabelle painted a picture too.,4.2658,0.8874,79,"[4, 5, 4, 3, 4, 5, 4, 5, 5, 5, 5, 5, 3, 5, 2, 5, 5, 3, 5, 5, 5, 5, 4, 5, 5, 5, 5, 4, 4, 3, 3, 4, 5, 3, 5, 4, 4, 5, 3, 4, 5, 3, 5, 2, 5, 5, 5, 5, 4, 5, 5, 2, 5, 5, 4, 2, 4, 5, 5, 5, 4, 4, 3, 5, 4, 4, 3, 5, 5, 5, 4, 4, 4, 4, 3, 5, 4, 4, 5]"
Sabrina carried the boxes upstairs. They were heavy and large. Shelly carried some too.,4.3846,0.6493,78,"[4, 5, 4, 5, 4, 4, 4, 3, 4, 4, 5, 4, 5, 4, 4, 5, 5, 3, 5, 5, 5, 5, 4, 5, 5, 5, 3, 4, 5, 5, 5, 4, 4, 3, 5, 5, 4, 4, 4, 4, 5, 4, 4, 4, 5, 4, 4, 5, 4, 5, 5, 4, 5, 4, 5, 4, 3, 5, 5, 5, 5, 4, 4, 5, 5, 4, 5, 5, 5, 4, 3, 4, 3, 4, 5, 5, 4, 5]"
Samantha paid her bills on time. Fortunately Francine did it too.,3.95,1.0501,20,"[2, 5, 4, 3, 4, 5, 2, 4, 5, 5, 5, 4, 4, 5, 4, 4, 3, 2, 5, 4]"
Samantha paid her bills on time. Fortunately Francine did too.,4.35,0.8751,20,"[5, 5, 5, 5, 5, 4, 4, 4, 4, 2, 5, 4, 3, 5, 5, 4, 3, 5, 5, 5]"
Samantha paid her bills on time. Then they got lost in the mail. Fortunately Francine did it too.,1.9,0.8522,20,"[1, 2, 2, 2, 2, 1, 2, 2, 4, 2, 1, 2, 1, 2, 4, 2, 1, 1, 2, 2]"
Samantha paid her bills on time. Then they got lost in the mail. Fortunately Francine did too.,1.85,0.8127,20,"[2, 3, 1, 1, 3, 2, 3, 1, 1, 1, 1, 2, 2, 2, 1, 3, 1, 3, 2, 2]"
Samantha took the dog for a walk. Then Bob took it for a walk.,3.519,1.0985,158,"[3, 4, 3, 3, 2, 3, 3, 3, 4, 5, 4, 5, 2, 3, 4, 2, 2, 3, 4, 2, 4, 1, 4, 1, 4, 4, 4, 2, 2, 3, 2, 4, 5, 5, 5, 4, 3, 3, 4, 5, 4, 5, 5, 5, 3, 5, 3, 3, 4, 4, 4, 2, 4, 5, 4, 4, 5, 5, 4, 3, 3, 5, 4, 4, 2, 5, 5, 5, 4, 2, 3, 4, 4, 3, 2, 3, 5, 2, 2, 1, 3, 5, 4, 2, 3, 3, 5, 5, 3, 4, 5, 4, 3, 4, 3, 4, 2, 5, 4, 1, 4, 3, 4, 2, 5, 2, 3, 2, 4, 4, 2, 4, 2, 4, 5, 2, 2, 5, 5, 4, 3, 3, 4, 4, 4, 3, 4, 4, 3, 3, 4, 5, 4, 3, 1, 2, 4, 3, 4, 2, 2, 4, 4, 3, 2, 2, 4, 3, 4, 5, 3, 4, 4, 5, 5, 5, 4, 4]"
Scott turned on the television. Then Eric did it too.,2.75,1.2513,20,"[2, 2, 3, 4, 5, 3, 3, 1, 2, 4, 4, 1, 1, 5, 2, 2, 3, 2, 4, 2]"
Scott turned on the television. Then Eric did too.,2.9,1.0208,20,"[2, 5, 4, 3, 2, 3, 4, 2, 4, 4, 2, 2, 4, 2, 2, 2, 2, 3, 4, 2]"
Scott turned on the television. There were lots of good shows on. Then Eric did it too.,2.5,1.1471,20,"[2, 1, 4, 2, 3, 4, 1, 2, 2, 2, 2, 4, 2, 1, 2, 3, 2, 2, 4, 5]"
Scott turned on the television. There were lots of good shows on. Then Eric did too.,3.1,1.2524,20,"[5, 4, 4, 1, 3, 2, 5, 2, 3, 5, 1, 3, 3, 2, 4, 2, 4, 3, 4, 2]"
Scott went to the ballet on Saturday. On Sunday Lynn went too.,3.6918,1.0905,159,"[4, 2, 4, 4, 2, 2, 3, 3, 2, 5, 5, 5, 3, 5, 2, 4, 3, 4, 2, 4, 5, 4, 3, 2, 3, 5, 4, 2, 3, 3, 3, 5, 4, 4, 4, 3, 5, 5, 3, 3, 5, 4, 4, 5, 2, 4, 5, 4, 3, 4, 3, 2, 4, 4, 5, 4, 4, 4, 5, 4, 3, 4, 4, 4, 5, 5, 5, 4, 5, 5, 1, 2, 2, 3, 5, 2, 4, 4, 4, 5, 2, 3, 3, 4, 4, 3, 4, 3, 5, 2, 4, 3, 4, 4, 5, 5, 3, 2, 1, 5, 5, 5, 4, 5, 2, 3, 4, 3, 3, 4, 4, 2, 4, 1, 4, 5, 1, 2, 4, 4, 4, 2, 5, 3, 3, 5, 3, 4, 5, 3, 3, 4, 5, 5, 4, 1, 4, 4, 3, 4, 5, 5, 5, 2, 5, 5, 3, 4, 3, 4, 5, 4, 4, 4, 5, 4, 4, 4, 4]"
Stanley ordered a beer at the bar. Later Nathan ordered wine.,4.2125,0.7907,80,"[3, 3, 4, 3, 4, 4, 4, 4, 2, 4, 2, 5, 5, 5, 4, 5, 5, 3, 5, 4, 5, 5, 4, 5, 5, 5, 4, 4, 5, 4, 5, 5, 4, 2, 4, 5, 5, 4, 5, 3, 5, 4, 5, 4, 5, 5, 4, 5, 4, 5, 5, 4, 5, 4, 4, 3, 4, 5, 4, 5, 5, 4, 3, 5, 5, 4, 4, 4, 5, 4, 3, 4, 4, 4, 4, 4, 4, 4, 3, 5]"
Steve bought a car for his son. Linda wanted to do the same.,4.175,0.8535,80,"[4, 5, 5, 4, 4, 1, 4, 3, 4, 5, 5, 4, 3, 5, 4, 5, 4, 4, 5, 3, 5, 5, 2, 5, 4, 5, 2, 4, 4, 4, 4, 5, 4, 3, 4, 5, 5, 5, 4, 4, 5, 3, 5, 4, 5, 4, 4, 5, 4, 5, 5, 5, 5, 4, 4, 3, 5, 4, 4, 5, 5, 4, 4, 5, 5, 2, 4, 5, 4, 4, 4, 3, 4, 4, 3, 4, 4, 4, 5, 5]"
Steve stole a laptop from the store. The next day Lisa did it too.,3.55,1.2344,20,"[2, 4, 5, 4, 4, 2, 4, 2, 3, 4, 5, 1, 4, 2, 5, 3, 3, 5, 4, 5]"
Steve stole a laptop from the store. The next day Lisa did too.,3.7,1.3803,20,"[5, 1, 1, 5, 3, 5, 4, 4, 5, 5, 5, 2, 4, 4, 4, 4, 4, 4, 1, 4]"
Steve stole a laptop from the store. The next day the police found him. The next day Lisa did it too.,2.65,1.2258,20,"[5, 2, 2, 3, 3, 1, 2, 2, 3, 3, 4, 1, 4, 4, 2, 2, 1, 2, 2, 5]"
Steve stole a laptop from the store. The next day the police found him. The next day Lisa did too.,2.3,1.1286,20,"[1, 4, 1, 3, 2, 2, 2, 1, 2, 4, 4, 4, 1, 2, 3, 2, 1, 1, 3, 3]"
Susan took the train to the beach last weekend. Laura took the bus.,4.3,0.7186,80,"[2, 5, 5, 4, 4, 4, 4, 4, 4, 5, 5, 4, 3, 5, 4, 5, 5, 4, 5, 5, 5, 5, 5, 5, 4, 5, 4, 4, 5, 4, 5, 5, 5, 4, 5, 5, 5, 5, 5, 2, 4, 3, 5, 4, 5, 3, 5, 5, 4, 5, 4, 4, 4, 4, 4, 4, 4, 5, 4, 5, 4, 4, 3, 4, 5, 4, 4, 4, 4, 5, 3, 4, 5, 4, 5, 4, 4, 4, 3, 4]"
Susie baked cookies for her neighbors. They had just moved in downstairs. The next week Julie also made cookies.,3.7325,1.0215,157,"[5, 5, 4, 5, 3, 4, 2, 5, 5, 5, 5, 4, 4, 5, 3, 5, 2, 5, 3, 5, 3, 4, 2, 5, 4, 3, 2, 3, 2, 3, 4, 5, 4, 2, 5, 4, 3, 3, 2, 4, 4, 5, 2, 4, 5, 4, 4, 4, 3, 4, 4, 4, 3, 3, 3, 3, 3, 2, 4, 4, 4, 2, 3, 4, 4, 5, 5, 5, 3, 4, 3, 4, 2, 4, 3, 5, 4, 5, 5, 3, 2, 4, 3, 3, 4, 3, 4, 3, 3, 4, 4, 4, 3, 2, 3, 2, 4, 5, 4, 4, 5, 5, 4, 3, 5, 4, 3, 4, 2, 4, 3, 3, 5, 4, 2, 3, 2, 4, 5, 5, 4, 3, 4, 4, 3, 5, 5, 4, 5, 5, 5, 5, 4, 1, 4, 3, 3, 2, 5, 4, 3, 2, 5, 4, 4, 5, 2, 4, 5, 4, 5, 3, 5, 4, 5, 3, 2]"
Tammy went hiking on a volcano. Later Wayne did it too.,3.15,1.1367,20,"[2, 2, 2, 2, 5, 3, 4, 5, 4, 2, 3, 3, 4, 1, 2, 4, 3, 4, 4, 4]"
Tammy went hiking on a volcano. Later Wayne did too.,4.1,1.0712,20,"[3, 5, 5, 5, 4, 5, 4, 4, 5, 5, 4, 5, 4, 5, 2, 4, 5, 2, 2, 4]"
Tammy went hiking on a volcano. The next day the volcano erupted. Later Wayne did it too.,2.2,1.1965,20,"[2, 1, 2, 4, 3, 5, 4, 2, 4, 2, 2, 2, 1, 1, 2, 1, 1, 2, 1, 2]"
Tammy went hiking on a volcano. The next day the volcano erupted. Later Wayne did too.,2.05,0.887,20,"[2, 3, 3, 1, 1, 2, 3, 2, 2, 1, 1, 1, 3, 2, 2, 1, 4, 3, 2, 2]"
Terrence wrote a book about food and wine. Julie wrote one about traveling.,4.3462,0.77,78,"[3, 5, 5, 4, 4, 5, 5, 4, 4, 4, 5, 2, 3, 5, 3, 5, 5, 4, 5, 5, 5, 5, 3, 5, 5, 5, 4, 3, 5, 5, 5, 4, 5, 3, 5, 5, 4, 4, 3, 5, 3, 5, 5, 4, 5, 5, 4, 5, 4, 4, 5, 4, 4, 5, 5, 5, 4, 5, 5, 4, 4, 5, 5, 3, 3, 5, 4, 5, 4, 4, 4, 4, 5, 5, 4, 4, 3, 5]"
Theo ran a ten mile race last week. He had been training for months. Justin also ran that day.,4.275,0.7287,80,"[3, 3, 5, 5, 4, 4, 4, 3, 4, 4, 5, 3, 5, 5, 3, 5, 4, 3, 5, 4, 5, 5, 4, 5, 5, 5, 4, 3, 4, 5, 4, 5, 4, 3, 5, 5, 5, 4, 3, 4, 4, 3, 5, 4, 5, 5, 4, 5, 4, 5, 5, 5, 4, 5, 3, 5, 4, 4, 4, 5, 5, 4, 3, 5, 5, 4, 3, 4, 5, 4, 5, 4, 4, 4, 5, 4, 5, 4, 4, 5]"
Theo threw a ball against the wall. Then Faith did it too.,3.8,0.9515,20,"[4, 4, 4, 4, 4, 3, 3, 3, 4, 5, 3, 4, 1, 3, 4, 5, 4, 5, 4, 5]"
Theo threw a ball against the wall. Then Faith did too.,3.75,0.9665,20,"[4, 4, 4, 2, 3, 5, 4, 4, 3, 2, 4, 5, 4, 4, 4, 5, 3, 4, 5, 2]"
Theo threw a ball against the wall. Then it bounced off and rolled into the woods. Then Faith did it too.,3.3158,1.0029,19,"[3, 4, 2, 3, 1, 4, 4, 3, 3, 3, 3, 4, 5, 4, 5, 2, 3, 4, 3]"
Theo threw a ball against the wall. Then it bounced off and rolled into the woods. Then Faith did too.,2.8,1.105,20,"[1, 5, 2, 3, 2, 2, 3, 3, 4, 3, 2, 4, 5, 2, 3, 1, 3, 3, 2, 3]"
Tiffany made chicken soup for dinner. It turned out too salty. Grace made split pea soup instead.,4.1146,1.068,157,"[5, 3, 5, 5, 5, 5, 3, 4, 5, 5, 5, 5, 3, 4, 5, 5, 5, 3, 5, 3, 5, 4, 3, 5, 5, 2, 5, 1, 2, 4, 5, 4, 4, 5, 3, 5, 4, 3, 5, 2, 5, 4, 5, 4, 4, 5, 4, 3, 4, 5, 4, 4, 5, 4, 3, 4, 4, 2, 5, 4, 5, 5, 5, 4, 5, 4, 5, 5, 5, 5, 3, 4, 3, 5, 4, 3, 5, 5, 2, 5, 4, 5, 4, 5, 3, 5, 3, 5, 5, 5, 4, 4, 5, 3, 4, 3, 2, 5, 5, 5, 5, 5, 5, 4, 3, 5, 5, 3, 3, 3, 3, 2, 4, 4, 4, 4, 4, 5, 5, 5, 3, 2, 5, 5, 3, 5, 5, 5, 5, 5, 5, 5, 3, 1, 5, 5, 5, 4, 5, 5, 3, 3, 5, 4, 3, 1, 5, 4, 5, 1, 3, 3, 5, 5, 5, 5, 2]"
Tina left the barn door open last week. All the cows escaped. Last night Bobby did it too.,3.5,1.0981,18,"[1, 4, 3, 3, 3, 5, 4, 3, 3, 5, 3, 4, 5, 5, 2, 3, 4, 3]"
Tina left the barn door open last week. All the cows escaped. Last night Bobby did too.,3.1,1.3338,20,"[2, 5, 2, 3, 5, 5, 2, 3, 5, 2, 2, 2, 4, 2, 3, 1, 3, 4, 2, 5]"
Tina left the barn door open last week. Last night Bobby did it too.,4.1,1.0208,20,"[5, 5, 4, 3, 4, 4, 3, 3, 4, 5, 4, 5, 2, 5, 5, 5, 5, 2, 5, 4]"
Tina left the barn door open last week. Last night Bobby did too.,3.45,0.9987,20,"[4, 2, 5, 1, 3, 4, 4, 3, 3, 3, 5, 5, 3, 3, 3, 4, 3, 4, 4, 3]"
Tina took the cat to the vet yesterday. It was time for the yearly checkup. Jane is taking her cat on Thursday.,4.3585,0.9021,159,"[5, 4, 5, 4, 5, 5, 3, 4, 5, 5, 5, 5, 4, 5, 5, 5, 5, 3, 5, 4, 5, 5, 5, 1, 3, 4, 5, 4, 3, 4, 4, 5, 4, 5, 5, 5, 5, 5, 3, 5, 5, 5, 5, 5, 3, 4, 5, 5, 3, 4, 5, 5, 4, 5, 5, 3, 5, 5, 5, 5, 5, 5, 5, 5, 4, 5, 5, 5, 5, 5, 4, 4, 3, 5, 5, 5, 2, 5, 5, 3, 5, 2, 4, 4, 5, 3, 5, 4, 5, 5, 5, 4, 5, 4, 5, 4, 3, 2, 4, 5, 4, 4, 5, 5, 5, 4, 5, 4, 4, 4, 3, 5, 5, 5, 5, 5, 3, 3, 4, 5, 5, 2, 3, 5, 4, 5, 5, 4, 5, 5, 4, 5, 5, 5, 5, 4, 2, 5, 5, 4, 3, 5, 5, 3, 5, 5, 5, 5, 3, 3, 5, 4, 2, 3, 5, 5, 5, 5, 3]"
Todd did all of his chores on time. He was a hard worker. Shawn didn't do all of his chores.,4.225,0.8416,80,"[2, 4, 4, 4, 4, 4, 4, 4, 5, 4, 5, 3, 4, 5, 2, 5, 5, 4, 5, 4, 5, 3, 5, 5, 4, 5, 4, 4, 4, 5, 4, 5, 5, 3, 5, 5, 4, 3, 5, 4, 5, 4, 5, 2, 4, 5, 4, 5, 3, 5, 4, 4, 5, 5, 4, 4, 2, 5, 4, 5, 5, 4, 5, 3, 5, 5, 3, 4, 5, 5, 5, 4, 4, 5, 4, 5, 5, 4, 3, 3]"
Tom ate hamburgers every day for lunch. Because of it he was very fat. Unfortunately Pedro did it too.,3.55,1.191,20,"[4, 3, 5, 5, 2, 3, 4, 2, 2, 4, 2, 4, 1, 4, 4, 4, 4, 5, 4, 5]"
Tom ate hamburgers every day for lunch. Because of it he was very fat. Unfortunately Pedro did too.,3.35,1.04,20,"[2, 4, 3, 4, 3, 5, 5, 2, 4, 2, 3, 4, 3, 2, 4, 3, 2, 3, 4, 5]"
Tom ate hamburgers every day for lunch. Unfortunately Pedro did it too.,3.35,1.1367,20,"[5, 2, 3, 3, 2, 4, 2, 4, 4, 4, 5, 2, 4, 2, 4, 4, 1, 4, 4, 4]"
Tom ate hamburgers every day for lunch. Unfortunately Pedro did too.,3.65,1.1821,20,"[2, 4, 3, 5, 5, 5, 4, 3, 3, 4, 5, 4, 2, 2, 5, 4, 1, 4, 4, 4]"
Tracy read the newspaper at the table. Bob read it on the train.,4.0812,1.0092,160,"[5, 5, 4, 4, 5, 5, 5, 2, 5, 5, 4, 5, 2, 5, 4, 4, 3, 2, 5, 5, 4, 2, 5, 2, 3, 5, 5, 4, 2, 2, 3, 5, 5, 3, 3, 5, 5, 5, 3, 5, 4, 5, 4, 5, 5, 4, 5, 5, 3, 3, 5, 4, 4, 5, 4, 3, 4, 5, 4, 4, 4, 5, 5, 5, 4, 5, 4, 5, 5, 5, 4, 3, 4, 5, 5, 4, 2, 5, 4, 5, 2, 2, 4, 3, 5, 3, 4, 2, 5, 5, 5, 5, 4, 4, 2, 4, 3, 3, 4, 3, 5, 5, 5, 5, 5, 1, 5, 4, 3, 3, 3, 4, 2, 4, 4, 5, 4, 3, 3, 5, 5, 4, 5, 3, 3, 4, 5, 4, 5, 5, 4, 5, 3, 5, 3, 5, 4, 5, 4, 5, 4, 5, 4, 2, 5, 5, 3, 3, 4, 4, 4, 5, 5, 4, 3, 5, 5, 5, 4, 5]"
Travis took a surfing lesson last summer. Naomi took one too.,4.2581,0.8516,155,"[5, 4, 3, 4, 5, 5, 4, 3, 5, 5, 5, 5, 3, 4, 5, 5, 5, 4, 4, 3, 5, 5, 4, 1, 3, 5, 5, 4, 3, 3, 5, 5, 5, 4, 4, 5, 5, 5, 3, 5, 5, 5, 5, 5, 4, 4, 5, 5, 4, 3, 4, 4, 4, 4, 4, 4, 4, 3, 4, 5, 5, 3, 5, 5, 5, 4, 5, 5, 5, 4, 5, 3, 4, 4, 4, 4, 5, 5, 4, 2, 4, 4, 4, 5, 3, 3, 5, 4, 4, 5, 5, 4, 5, 5, 3, 5, 5, 5, 5, 4, 5, 5, 4, 5, 3, 3, 4, 4, 5, 3, 4, 3, 5, 2, 5, 5, 2, 5, 5, 5, 4, 4, 4, 4, 5, 5, 4, 5, 4, 5, 4, 4, 2, 4, 4, 5, 5, 4, 3, 5, 4, 5, 5, 5, 3, 4, 5, 3, 4, 3, 5, 5, 5, 5, 5]"
Trisha ate tainted meat at a restaurant. Later her stomach hurt. The same night Maurice did it too.,2.8,1.1517,20,"[2, 2, 2, 2, 5, 3, 3, 1, 4, 1, 2, 5, 3, 3, 3, 3, 2, 4, 4, 2]"
Trisha ate tainted meat at a restaurant. Later her stomach hurt. The same night Maurice did too.,3.55,1.3945,20,"[4, 5, 3, 4, 4, 3, 4, 3, 4, 2, 5, 4, 5, 5, 1, 5, 5, 1, 3, 1]"
Trisha ate tainted meat at a restaurant. The same night Maurice did it too.,3.5,1.0513,20,"[2, 3, 4, 4, 4, 3, 5, 3, 4, 5, 3, 2, 5, 2, 4, 3, 3, 2, 4, 5]"
Trisha ate tainted meat at a restaurant. The same night Maurice did too.,3.85,0.9333,20,"[5, 5, 4, 4, 5, 4, 4, 5, 4, 2, 2, 3, 3, 4, 4, 3, 3, 4, 4, 5]"
Vanessa asked the new boy out on a date. He was very cute and smart. Unfortunately Laura did it too.,2.8947,1.1002,19,"[3, 4, 3, 2, 3, 1, 4, 5, 1, 4, 3, 2, 2, 4, 4, 3, 2, 3, 2]"
Vanessa asked the new boy out on a date. He was very cute and smart. Unfortunately Laura did too.,4.2105,0.855,19,"[2, 5, 4, 5, 4, 5, 5, 5, 4, 4, 4, 3, 4, 3, 5, 5, 4, 5, 4]"
Vanessa asked the new boy out on a date. Unfortunately Laura did it too.,4.0,1.1239,20,"[4, 5, 2, 5, 5, 4, 5, 4, 5, 2, 3, 4, 5, 5, 3, 5, 3, 2, 5, 4]"
Vanessa asked the new boy out on a date. Unfortunately Laura did too.,4.4,0.7539,20,"[5, 3, 4, 4, 5, 5, 4, 5, 5, 5, 3, 5, 5, 4, 4, 5, 5, 5, 4, 3]"
Vera sent a memo to the secretary. Later Ned did it too.,3.4,1.1877,20,"[5, 2, 2, 3, 4, 2, 3, 3, 3, 5, 4, 5, 2, 2, 5, 5, 4, 4, 2, 3]"
Vera sent a memo to the secretary. Later Ned did too.,3.9,0.9679,20,"[4, 4, 4, 2, 2, 5, 5, 4, 3, 2, 5, 4, 4, 4, 4, 5, 4, 4, 5, 4]"
Vera sent a memo to the secretary. Then the memo was forwarded to the boss. Later Ned did it too.,2.7,0.9234,20,"[2, 2, 4, 2, 3, 1, 4, 2, 4, 3, 2, 2, 4, 2, 3, 4, 2, 2, 3, 3]"
Vera sent a memo to the secretary. Then the memo was forwarded to the boss. Later Ned did too.,2.85,1.4244,20,"[5, 5, 3, 4, 2, 4, 1, 3, 5, 1, 3, 2, 4, 4, 3, 1, 3, 1, 1, 2]"
Veronica went to the aquarium on Thursday. There were lots of dolphins and fish. On Friday Michael went too.,3.8025,1.0343,157,"[4, 4, 4, 4, 2, 3, 3, 3, 3, 5, 5, 5, 3, 5, 5, 4, 4, 3, 5, 1, 3, 4, 3, 5, 5, 5, 4, 4, 3, 5, 5, 4, 3, 4, 4, 4, 5, 3, 5, 4, 5, 4, 5, 3, 4, 5, 3, 3, 4, 4, 4, 3, 4, 5, 4, 4, 5, 5, 4, 4, 5, 5, 4, 4, 5, 4, 4, 5, 5, 2, 3, 3, 3, 2, 2, 3, 5, 4, 5, 2, 4, 4, 4, 4, 3, 3, 4, 4, 4, 3, 5, 4, 5, 4, 3, 1, 2, 4, 5, 4, 5, 5, 2, 3, 4, 3, 4, 4, 2, 4, 3, 2, 3, 4, 2, 2, 3, 5, 2, 4, 5, 4, 4, 4, 3, 4, 5, 2, 1, 5, 5, 5, 5, 3, 4, 4, 3, 4, 5, 5, 5, 2, 3, 5, 5, 4, 2, 4, 5, 2, 5, 3, 4, 4, 4, 4, 2]"
Victor put some candy out on the table. Then it was all devoured. Today Martin did it too.,2.0,0.9701,18,"[1, 1, 3, 2, 2, 3, 4, 1, 2, 2, 1, 3, 3, 1, 3, 2, 1, 1]"
Victor put some candy out on the table. Then it was all devoured. Today Martin did too.,2.5,1.2354,20,"[4, 2, 2, 2, 3, 3, 3, 2, 2, 5, 4, 5, 1, 1, 3, 2, 2, 2, 1, 1]"
Victor put some candy out on the table. Today Martin did it too.,3.4,1.1877,20,"[5, 5, 2, 3, 3, 5, 2, 3, 3, 2, 5, 2, 2, 4, 4, 5, 3, 4, 4, 2]"
Victor put some candy out on the table. Today Martin did too.,3.75,1.118,20,"[3, 5, 4, 4, 3, 1, 4, 5, 3, 5, 3, 5, 3, 5, 3, 5, 2, 4, 4, 4]"
Vivian bought bananas at the supermarket. Audrey bought apples.,4.2767,0.9673,159,"[5, 4, 5, 4, 5, 5, 2, 3, 5, 5, 5, 5, 3, 5, 5, 5, 4, 4, 5, 5, 4, 2, 5, 2, 3, 5, 4, 5, 2, 4, 5, 4, 4, 4, 4, 5, 5, 5, 3, 5, 5, 5, 5, 5, 5, 4, 5, 4, 3, 4, 2, 5, 4, 5, 3, 3, 5, 2, 2, 4, 4, 5, 4, 5, 4, 4, 5, 5, 5, 5, 4, 5, 3, 5, 5, 5, 2, 5, 5, 5, 4, 2, 5, 3, 4, 3, 4, 4, 4, 3, 4, 3, 5, 5, 5, 5, 3, 4, 5, 5, 5, 5, 5, 5, 5, 4, 5, 4, 4, 4, 4, 4, 3, 5, 5, 5, 5, 3, 5, 5, 5, 5, 4, 4, 4, 5, 5, 5, 5, 5, 5, 5, 5, 4, 5, 1, 5, 3, 5, 4, 5, 4, 3, 4, 5, 5, 5, 5, 3, 5, 5, 3, 1, 4, 5, 5, 5, 5, 5]"
Wendy saw a new movie at the theater. It was a comedy starring Jack Black. That weekend Patrick did it too.,2.95,1.099,20,"[2, 4, 3, 1, 4, 4, 2, 3, 3, 1, 2, 5, 4, 3, 2, 3, 2, 4, 4, 3]"
Wendy saw a new movie at the theater. It was a comedy starring Jack Black. That weekend Patrick did too.,4.05,0.9445,20,"[4, 5, 5, 2, 4, 4, 4, 4, 4, 5, 5, 4, 5, 5, 2, 4, 5, 3, 3, 4]"
Wendy saw a new movie at the theater. That weekend Patrick did it too.,3.2105,0.9763,19,"[2, 2, 3, 4, 2, 3, 3, 4, 5, 5, 3, 3, 3, 2, 3, 4, 2, 4, 4]"
Wendy saw a new movie at the theater. That weekend Patrick did too.,4.0,1.0761,20,"[5, 5, 4, 5, 4, 4, 5, 3, 3, 5, 2, 3, 3, 5, 5, 4, 3, 5, 5, 2]"
Wesley drove to Maine for the holidays. Amanda took the train.,4.2727,0.8052,77,"[2, 5, 5, 4, 4, 2, 4, 4, 4, 3, 5, 3, 4, 5, 4, 5, 5, 4, 5, 5, 5, 5, 5, 3, 5, 5, 4, 5, 5, 4, 5, 5, 5, 4, 5, 4, 5, 4, 3, 5, 3, 5, 4, 5, 5, 5, 5, 5, 5, 4, 4, 5, 5, 2, 3, 4, 5, 5, 4, 4, 3, 5, 5, 4, 4, 4, 4, 3, 4, 5, 4, 4, 4, 4, 4, 4, 4]"
Whitney had a picnic in the park today. She brought sandwiches and lemonade. Carla went to the picnic too.,4.425,0.7252,80,"[5, 4, 4, 4, 4, 4, 4, 3, 4, 4, 5, 4, 5, 5, 4, 5, 5, 2, 5, 5, 5, 5, 4, 4, 5, 5, 5, 4, 5, 5, 5, 5, 5, 3, 5, 4, 4, 4, 4, 3, 5, 4, 5, 5, 5, 5, 4, 5, 2, 5, 5, 5, 5, 4, 5, 3, 3, 5, 5, 5, 5, 4, 5, 5, 5, 4, 4, 5, 5, 5, 5, 4, 5, 4, 5, 4, 4, 4, 4, 4]"
William stayed home from school yesterday. His temperature was very high. Last week Holly did it too.,2.75,1.2085,20,"[4, 3, 1, 2, 3, 5, 3, 4, 2, 3, 4, 2, 1, 3, 2, 3, 2, 5, 2, 1]"
William stayed home from school yesterday. His temperature was very high. Last week Holly did too.,3.2,1.2814,20,"[1, 5, 4, 3, 4, 2, 4, 4, 3, 2, 2, 4, 4, 5, 2, 5, 1, 2, 4, 3]"
William stayed home from school yesterday. Last week Holly did it too.,3.0,1.1239,20,"[1, 5, 2, 5, 2, 3, 3, 3, 5, 2, 3, 2, 3, 2, 3, 2, 3, 3, 4, 4]"
William stayed home from school yesterday. Last week Holly did too.,3.55,1.2344,20,"[5, 1, 4, 4, 4, 3, 3, 3, 2, 5, 5, 5, 2, 2, 3, 4, 5, 3, 3, 5]"
Willie went skiing in Maine this year. It was an excellent vacation. Charles went skiing too.,4.0943,0.973,159,"[5, 4, 5, 4, 5, 4, 5, 3, 5, 5, 5, 5, 3, 5, 5, 4, 5, 4, 4, 4, 5, 5, 2, 1, 3, 5, 5, 4, 3, 3, 5, 5, 4, 5, 5, 2, 5, 3, 3, 5, 4, 5, 5, 5, 3, 4, 5, 5, 3, 5, 2, 4, 4, 4, 3, 4, 4, 5, 4, 4, 3, 5, 5, 5, 4, 4, 3, 5, 5, 5, 4, 3, 3, 4, 5, 4, 2, 5, 2, 3, 4, 3, 4, 3, 4, 3, 4, 3, 5, 4, 4, 4, 4, 4, 3, 4, 3, 4, 5, 4, 5, 5, 5, 5, 4, 4, 3, 3, 4, 3, 5, 3, 5, 5, 5, 2, 2, 4, 5, 5, 5, 5, 4, 4, 4, 4, 4, 5, 5, 3, 5, 5, 5, 3, 5, 1, 4, 4, 5, 3, 5, 5, 3, 5, 5, 5, 4, 5, 3, 3, 5, 2, 5, 3, 5, 5, 5, 5, 4]"
Wilma left her purse on the bus by accident. She lost her wallet and keys. Brittany also lost her purse.,3.9874,1.0249,159,"[5, 4, 5, 4, 5, 4, 4, 3, 2, 3, 5, 5, 4, 3, 5, 2, 5, 3, 5, 5, 4, 4, 5, 3, 5, 4, 2, 5, 1, 4, 5, 4, 4, 4, 5, 4, 4, 3, 3, 5, 5, 4, 5, 2, 4, 5, 3, 3, 4, 4, 4, 4, 5, 4, 4, 3, 1, 2, 2, 3, 5, 5, 5, 3, 3, 5, 5, 5, 5, 4, 2, 3, 4, 5, 4, 3, 5, 4, 5, 4, 4, 4, 3, 2, 3, 4, 3, 5, 5, 4, 5, 5, 4, 3, 4, 3, 5, 4, 5, 5, 4, 5, 5, 5, 4, 5, 4, 3, 3, 2, 5, 4, 2, 5, 4, 3, 2, 4, 3, 5, 5, 5, 3, 2, 4, 5, 4, 5, 5, 5, 5, 5, 5, 4, 4, 2, 4, 4, 4, 2, 3, 3, 4, 4, 5, 5, 3, 5, 5, 5, 5, 4, 3, 3, 5, 5, 5, 4, 5]"
