unit,mean,std,n,individual_ratings
ABBY,2.8919,1.2863,37,"[5, 4, 1, 2, 4, 1, 3, 3, 2, 2, 4, 4, 4, 5, 5, 3, 2, 2, 2, 1, 3, 1, 4, 2, 5, 2, 2, 3, 2, 4, 5, 4, 3, 2, 2, 3, 1]"
ABDUCTION,3.0541,1.1291,37,"[5, 2, 3, 2, 5, 4, 3, 3, 3, 2, 2, 2, 3, 5, 5, 3, 5, 2, 3, 5, 3, 3, 3, 1, 3, 2, 3, 2, 2, 3, 3, 5, 3, 2, 2, 4, 2]"
ABIDE,1.5952,0.627,42,"[1, 1, 2, 2, 1, 3, 2, 2, 2, 3, 1, 2, 1, 2, 1, 2, 2, 2, 1, 2, 1, 2, 2, 2, 1, 2, 2, 1, 1, 1, 2, 2, 1, 1, 1, 1, 2, 1, 3, 1, 1, 1]"
ABIGAIL,2.4222,1.0973,45,"[2, 3, 3, 1, 2, 2, 2, 2, 1, 2, 2, 1, 4, 1, 2, 1, 3, 2, 3, 2, 5, 2, 3, 5, 1, 2, 1, 3, 4, 2, 3, 3, 2, 4, 4, 2, 2, 5, 2, 2, 2, 1, 2, 3, 3]"
ABNER,2.1778,0.9837,45,"[2, 3, 1, 1, 2, 1, 2, 2, 1, 2, 2, 1, 4, 1, 2, 1, 3, 2, 3, 2, 1, 2, 3, 5, 2, 2, 1, 2, 3, 2, 2, 3, 2, 3, 4, 2, 2, 5, 2, 2, 2, 1, 2, 3, 2]"
ABSENT,2.175,1.0834,40,"[4, 2, 2, 1, 1, 3, 1, 2, 2, 2, 1, 1, 5, 2, 2, 1, 1, 2, 3, 1, 1, 4, 2, 1, 3, 4, 2, 3, 1, 1, 3, 3, 3, 2, 3, 4, 2, 1, 2, 3]"
ABSOLVE,1.5128,0.6014,39,"[1, 1, 1, 1, 1, 2, 1, 1, 2, 2, 3, 2, 2, 2, 2, 1, 1, 2, 1, 1, 1, 1, 1, 1, 2, 1, 2, 2, 1, 1, 1, 3, 2, 2, 1, 2, 2, 2, 1]"
ABUNDANTLY,2.1333,0.8944,45,"[2, 1, 1, 3, 2, 2, 2, 2, 2, 2, 2, 1, 2, 1, 2, 1, 1, 3, 2, 2, 1, 2, 3, 4, 2, 3, 2, 3, 2, 2, 2, 1, 3, 4, 5, 2, 2, 2, 2, 4, 2, 1, 2, 2, 2]"
ACADEMIC,2.186,0.8798,43,"[2, 2, 1, 3, 3, 1, 2, 3, 2, 3, 1, 2, 2, 2, 4, 1, 2, 4, 2, 1, 1, 3, 2, 2, 2, 2, 2, 3, 3, 2, 1, 2, 2, 1, 3, 2, 2, 1, 4, 2, 2, 4, 3]"
ACCOMPLICE,2.5952,1.1056,42,"[4, 3, 2, 2, 5, 5, 2, 3, 2, 3, 5, 5, 1, 2, 1, 4, 2, 3, 2, 2, 3, 2, 4, 2, 2, 2, 3, 3, 1, 3, 2, 2, 2, 1, 2, 1, 2, 3, 2, 3, 3, 3]"
ACCUMULATING,2.1778,0.7772,45,"[2, 1, 4, 3, 2, 2, 2, 2, 3, 2, 2, 2, 2, 1, 2, 1, 1, 2, 2, 2, 1, 2, 3, 4, 2, 2, 3, 2, 3, 2, 2, 1, 2, 4, 4, 2, 2, 2, 2, 2, 2, 2, 2, 3, 2]"
ACHIEVEMENTS,2.6111,1.2485,36,"[5, 3, 2, 2, 5, 4, 2, 4, 3, 2, 2, 2, 1, 5, 1, 5, 2, 1, 4, 3, 1, 1, 3, 2, 2, 3, 3, 2, 2, 2, 2, 2, 2, 2, 5, 2]"
ACONITUM,1.65,1.0754,40,"[2, 2, 1, 1, 1, 2, 1, 1, 2, 2, 1, 1, 1, 2, 2, 1, 5, 2, 5, 1, 1, 1, 1, 5, 1, 1, 2, 1, 1, 1, 1, 2, 1, 2, 1, 2, 2, 1, 2, 1]"
ACRE,3.125,1.2647,40,"[3, 3, 5, 4, 5, 5, 3, 4, 2, 2, 2, 4, 5, 2, 2, 4, 4, 2, 5, 2, 3, 3, 4, 4, 5, 1, 2, 1, 3, 5, 3, 4, 2, 2, 4, 1, 2, 2, 2, 4]"
ACT,2.3077,0.8631,39,"[2, 3, 3, 2, 3, 3, 3, 3, 1, 2, 2, 4, 2, 2, 1, 2, 1, 2, 2, 3, 2, 4, 1, 2, 3, 3, 3, 3, 2, 2, 2, 4, 3, 3, 2, 1, 1, 1, 2]"
ADORABLE,3.0811,1.1396,37,"[5, 4, 2, 3, 4, 4, 2, 3, 4, 4, 3, 2, 4, 2, 4, 4, 2, 1, 2, 4, 2, 2, 5, 2, 3, 1, 2, 2, 4, 4, 2, 3, 4, 5, 4, 4, 2]"
ADULTS,3.5476,1.2533,42,"[4, 4, 4, 4, 3, 3, 4, 2, 4, 4, 2, 5, 2, 5, 4, 2, 4, 2, 5, 5, 3, 2, 5, 2, 4, 2, 5, 5, 2, 5, 2, 2, 5, 5, 4, 2, 3, 5, 2, 2, 5, 5]"
ADVANTAGES,1.8649,0.7514,37,"[3, 1, 2, 2, 1, 3, 3, 1, 1, 1, 2, 2, 3, 2, 1, 2, 2, 1, 1, 1, 2, 2, 2, 2, 2, 1, 2, 2, 2, 4, 2, 2, 1, 2, 3, 1, 2]"
ADVERSITY,1.775,0.6197,40,"[3, 2, 2, 2, 2, 2, 1, 2, 2, 2, 1, 1, 1, 2, 2, 2, 1, 2, 2, 1, 1, 2, 2, 2, 3, 1, 2, 2, 1, 1, 1, 3, 2, 2, 1, 3, 2, 2, 2, 1]"
AEROSPACE,2.525,1.132,40,"[5, 3, 2, 1, 4, 3, 2, 3, 2, 2, 3, 2, 4, 2, 2, 3, 2, 2, 3, 1, 2, 1, 2, 5, 3, 1, 2, 2, 3, 5, 1, 5, 2, 2, 1, 3, 2, 3, 2, 3]"
AFFIDAVIT,2.6222,1.1538,45,"[2, 1, 5, 3, 2, 2, 2, 2, 2, 2, 2, 3, 3, 1, 2, 5, 3, 4, 2, 2, 5, 2, 3, 5, 2, 2, 2, 1, 3, 2, 3, 2, 2, 4, 4, 2, 2, 5, 2, 2, 2, 2, 2, 5, 2]"
AFFORD,1.6923,0.7662,39,"[2, 3, 2, 2, 1, 1, 1, 1, 3, 1, 1, 2, 2, 1, 1, 2, 1, 2, 1, 3, 2, 1, 1, 2, 1, 1, 2, 2, 2, 3, 2, 2, 2, 1, 2, 4, 1, 1, 1]"
AFT,1.9535,0.9748,43,"[3, 2, 3, 1, 1, 1, 1, 2, 2, 1, 4, 2, 1, 2, 2, 2, 2, 3, 2, 3, 1, 5, 2, 2, 2, 1, 2, 1, 3, 3, 4, 2, 1, 1, 1, 1, 2, 1, 1, 2, 2, 1, 3]"
AFTERNOONS,2.3182,0.8832,44,"[3, 3, 2, 2, 1, 2, 2, 1, 2, 2, 3, 2, 1, 2, 3, 1, 4, 2, 2, 1, 2, 3, 2, 2, 2, 2, 4, 2, 2, 3, 1, 2, 4, 4, 2, 2, 4, 2, 4, 2, 3, 2, 3, 2]"
AFTERWARD,1.7333,0.6537,45,"[2, 1, 1, 1, 2, 1, 2, 2, 3, 2, 2, 1, 1, 1, 2, 1, 1, 2, 1, 2, 1, 2, 3, 1, 2, 2, 1, 3, 2, 2, 2, 1, 2, 3, 3, 2, 2, 2, 2, 1, 2, 1, 2, 2, 1]"
AGGIE,2.1667,1.1588,36,"[1, 3, 2, 5, 1, 4, 2, 3, 1, 1, 2, 2, 1, 2, 1, 3, 2, 1, 2, 2, 2, 1, 2, 2, 1, 3, 2, 1, 1, 2, 4, 3, 5, 4, 1, 3]"
AHOY,2.0465,0.9246,43,"[1, 3, 1, 3, 4, 1, 1, 3, 2, 3, 3, 2, 1, 2, 3, 1, 2, 1, 2, 2, 4, 2, 2, 3, 2, 1, 2, 3, 2, 2, 1, 2, 1, 1, 1, 1, 2, 1, 3, 2, 2, 3, 4]"
AIRBAG,3.8372,1.308,43,"[5, 4, 5, 5, 5, 5, 4, 5, 2, 4, 5, 2, 5, 2, 4, 5, 2, 5, 2, 5, 5, 5, 2, 5, 2, 4, 2, 5, 4, 2, 4, 2, 4, 5, 5, 5, 2, 4, 5, 2, 2, 3, 5]"
AIRCRAFT,4.0769,1.2852,39,"[5, 5, 5, 5, 5, 5, 5, 2, 2, 3, 5, 5, 2, 2, 5, 5, 2, 5, 4, 5, 5, 5, 5, 5, 5, 2, 5, 4, 5, 5, 5, 4, 2, 5, 3, 2, 3, 2, 5]"
AIRS,1.7,0.7579,40,"[4, 2, 2, 2, 1, 2, 1, 2, 2, 2, 1, 1, 1, 2, 2, 2, 1, 2, 1, 1, 1, 1, 2, 1, 2, 1, 2, 1, 1, 1, 2, 2, 2, 2, 1, 4, 2, 1, 2, 3]"
AKRON,2.7297,1.5028,37,"[5, 4, 5, 2, 5, 1, 1, 4, 2, 2, 2, 1, 4, 4, 5, 1, 5, 2, 1, 1, 3, 1, 3, 2, 5, 2, 1, 3, 3, 2, 5, 5, 2, 2, 1, 2, 2]"
ALARMS,3.1333,1.1402,45,"[2, 5, 3, 3, 2, 3, 2, 2, 3, 3, 2, 4, 2, 3, 2, 3, 4, 3, 4, 2, 5, 2, 3, 5, 3, 2, 5, 5, 3, 2, 3, 5, 2, 4, 5, 2, 2, 5, 2, 5, 2, 3, 2, 3, 4]"
ALIENIST,2.0682,0.8733,44,"[2, 1, 3, 4, 2, 2, 2, 2, 1, 1, 2, 1, 2, 2, 2, 1, 3, 2, 1, 2, 2, 3, 5, 2, 2, 1, 2, 3, 2, 2, 1, 2, 2, 4, 2, 2, 1, 2, 2, 2, 1, 2, 3, 3]"
ALLOTTED,1.5385,0.6003,39,"[2, 1, 2, 2, 1, 1, 3, 2, 1, 2, 1, 3, 1, 2, 2, 2, 1, 2, 1, 2, 2, 1, 1, 2, 1, 2, 1, 2, 2, 1, 2, 1, 1, 1, 2, 1, 1, 1, 1]"
ALMOST,1.7568,0.6833,37,"[2, 3, 1, 2, 1, 3, 1, 3, 1, 2, 2, 1, 1, 3, 2, 2, 2, 2, 1, 2, 2, 2, 1, 2, 1, 2, 1, 3, 2, 1, 1, 1, 2, 2, 1, 2, 2]"
ALPHANUMERIC,2.6047,1.0497,43,"[4, 2, 4, 2, 5, 3, 1, 3, 2, 2, 3, 2, 3, 2, 1, 5, 2, 2, 2, 4, 2, 4, 2, 4, 2, 2, 2, 3, 3, 2, 4, 2, 4, 1, 2, 3, 2, 2, 3, 2, 2, 1, 4]"
ALREADY,1.6111,0.9033,36,"[1, 1, 2, 4, 2, 1, 1, 1, 1, 2, 2, 1, 2, 2, 1, 1, 2, 1, 1, 2, 3, 5, 1, 1, 2, 2, 1, 2, 1, 1, 1, 1, 2, 1, 2, 1]"
ALZHEIMER,2.5833,1.1802,36,"[2, 5, 1, 3, 2, 1, 4, 2, 1, 2, 2, 3, 2, 3, 2, 4, 3, 3, 1, 2, 4, 4, 4, 3, 4, 2, 5, 2, 3, 4, 1, 1, 2, 2, 3, 1]"
AMALGAM,2.0541,1.1534,37,"[1, 5, 2, 2, 3, 1, 1, 3, 1, 2, 2, 1, 1, 4, 1, 1, 3, 2, 1, 1, 5, 2, 3, 4, 2, 2, 1, 2, 2, 2, 4, 1, 2, 2, 1, 1, 2]"
AMISH,3.725,1.2401,40,"[5, 4, 4, 5, 4, 4, 4, 5, 2, 2, 5, 4, 5, 2, 2, 5, 4, 2, 4, 5, 4, 5, 5, 5, 4, 5, 2, 5, 3, 1, 4, 5, 3, 2, 4, 3, 2, 3, 2, 5]"
AMONG,1.875,0.7906,40,"[3, 2, 1, 2, 1, 2, 1, 1, 2, 2, 1, 1, 1, 2, 2, 1, 3, 2, 1, 1, 1, 3, 2, 2, 3, 1, 2, 2, 2, 1, 2, 3, 3, 2, 2, 3, 2, 1, 2, 4]"
AMPUTATE,3.45,1.2393,40,"[5, 3, 5, 5, 5, 3, 4, 4, 2, 2, 3, 3, 5, 2, 2, 4, 4, 2, 5, 4, 3, 3, 4, 5, 3, 4, 2, 5, 2, 1, 4, 5, 4, 2, 3, 2, 2, 5, 2, 5]"
AN,1.3571,0.485,42,"[1, 1, 2, 2, 2, 1, 2, 1, 2, 1, 2, 2, 1, 2, 1, 1, 2, 1, 1, 2, 1, 2, 1, 2, 1, 1, 1, 1, 1, 1, 2, 2, 1, 1, 1, 1, 2, 1, 1, 1, 1, 1]"
ANATOMY,3.1892,1.1981,37,"[5, 2, 4, 2, 5, 5, 3, 3, 4, 2, 4, 2, 4, 5, 4, 3, 5, 2, 3, 5, 4, 3, 2, 2, 4, 2, 3, 3, 2, 3, 2, 4, 2, 2, 1, 5, 2]"
ANEURYSM,2.7027,1.2663,37,"[1, 3, 2, 5, 3, 5, 2, 3, 4, 1, 5, 2, 5, 2, 2, 1, 2, 1, 4, 3, 2, 1, 3, 2, 3, 2, 3, 3, 2, 1, 2, 3, 5, 4, 4, 2, 2]"
ANEW,1.8649,0.9476,37,"[5, 2, 1, 2, 1, 2, 1, 4, 2, 2, 2, 1, 1, 4, 2, 1, 3, 2, 2, 1, 2, 1, 1, 1, 2, 2, 2, 2, 2, 2, 1, 1, 3, 2, 1, 1, 2]"
ANGUS,2.675,1.2276,40,"[4, 3, 1, 3, 1, 3, 1, 3, 2, 2, 4, 1, 4, 2, 2, 5, 5, 2, 5, 2, 1, 2, 2, 1, 4, 3, 2, 5, 4, 3, 2, 3, 3, 2, 4, 3, 2, 3, 2, 1]"
ANNA,2.7027,1.3716,37,"[5, 4, 2, 2, 4, 1, 3, 3, 1, 2, 1, 4, 4, 1, 3, 1, 5, 2, 5, 1, 3, 3, 5, 2, 5, 2, 2, 3, 2, 1, 1, 5, 3, 2, 2, 3, 2]"
ANTHEM,2.5676,1.2592,37,"[5, 4, 1, 2, 5, 5, 1, 3, 2, 2, 2, 1, 1, 5, 3, 2, 5, 2, 4, 3, 3, 2, 3, 3, 2, 2, 2, 3, 2, 2, 1, 1, 3, 2, 1, 3, 2]"
ANTIDOTE,2.6905,0.9236,42,"[3, 4, 2, 2, 4, 5, 2, 4, 2, 2, 4, 3, 2, 2, 2, 4, 2, 3, 3, 2, 3, 2, 5, 2, 2, 2, 3, 3, 3, 1, 2, 2, 4, 3, 3, 2, 2, 3, 2, 3, 2, 2]"
ANTIVENIN,2.027,1.0405,37,"[5, 2, 2, 2, 5, 1, 1, 3, 3, 2, 2, 1, 2, 4, 2, 2, 1, 2, 1, 1, 1, 1, 3, 2, 2, 2, 1, 3, 2, 2, 1, 1, 2, 2, 1, 3, 2]"
ANTS,4.0233,1.3713,43,"[5, 5, 5, 5, 5, 5, 4, 5, 2, 5, 5, 2, 4, 2, 4, 5, 2, 5, 2, 5, 5, 5, 2, 5, 2, 5, 2, 5, 5, 2, 5, 2, 5, 5, 5, 5, 2, 5, 5, 2, 2, 5, 5]"
ANUS,4.0,1.3522,36,"[5, 5, 2, 5, 5, 3, 2, 5, 5, 3, 5, 2, 5, 2, 5, 5, 2, 5, 4, 5, 2, 5, 4, 2, 5, 1, 4, 5, 5, 5, 2, 5, 5, 5, 5, 4]"
ANVILS,3.6216,1.4786,37,"[5, 4, 2, 2, 5, 5, 2, 4, 5, 2, 5, 1, 5, 2, 4, 1, 5, 2, 5, 1, 4, 4, 5, 3, 5, 2, 4, 5, 2, 5, 4, 5, 5, 2, 5, 5, 2]"
ANXIETIES,2.3056,0.9202,36,"[1, 4, 4, 3, 2, 2, 3, 2, 2, 2, 2, 2, 2, 2, 3, 4, 3, 2, 1, 2, 4, 2, 4, 2, 2, 3, 2, 2, 1, 3, 1, 1, 2, 2, 3, 1]"
APERITIF,2.7333,1.1362,45,"[4, 5, 1, 4, 2, 3, 2, 2, 2, 4, 2, 2, 4, 4, 2, 4, 4, 3, 3, 2, 1, 2, 3, 5, 3, 2, 3, 1, 4, 2, 3, 3, 2, 2, 5, 2, 2, 5, 2, 2, 2, 2, 2, 1, 3]"
APHRODITE,3.4324,1.0419,37,"[5, 5, 2, 5, 3, 4, 2, 4, 4, 3, 4, 2, 3, 2, 3, 4, 2, 4, 5, 4, 2, 5, 4, 2, 4, 3, 3, 2, 4, 2, 2, 4, 4, 4, 4, 4, 4]"
APIECE,1.7838,0.7865,37,"[2, 1, 1, 2, 3, 2, 1, 3, 1, 2, 2, 2, 1, 5, 2, 1, 2, 2, 1, 1, 2, 2, 1, 2, 1, 2, 1, 2, 2, 2, 1, 2, 2, 2, 1, 2, 2]"
APOTHECARY,3.2,1.2649,40,"[3, 5, 4, 5, 4, 5, 5, 4, 2, 2, 3, 2, 3, 2, 2, 4, 4, 2, 4, 3, 5, 2, 4, 4, 4, 1, 2, 1, 3, 1, 4, 5, 4, 2, 4, 2, 2, 3, 2, 5]"
APPROXIMATE,1.7333,0.6537,45,"[2, 1, 2, 2, 2, 1, 2, 2, 1, 2, 2, 1, 1, 1, 2, 1, 1, 2, 1, 2, 1, 2, 3, 2, 1, 2, 1, 2, 2, 2, 2, 1, 2, 4, 3, 2, 2, 2, 2, 1, 2, 1, 2, 1, 2]"
AQUARIUM,4.3889,1.1533,36,"[5, 5, 5, 4, 2, 5, 5, 5, 5, 2, 5, 5, 2, 5, 5, 5, 5, 5, 5, 2, 5, 5, 5, 5, 4, 3, 5, 2, 5, 5, 5, 5, 2, 5, 5, 5]"
AQUINAS,2.2222,1.1055,45,"[3, 1, 1, 4, 2, 3, 2, 2, 1, 2, 2, 1, 3, 2, 2, 1, 2, 2, 3, 2, 5, 2, 3, 5, 2, 2, 1, 1, 2, 2, 2, 1, 2, 3, 5, 2, 2, 2, 2, 1, 2, 1, 2, 5, 2]"
ARCHITECT,3.3846,1.2694,39,"[2, 3, 4, 3, 3, 3, 4, 3, 5, 5, 5, 3, 2, 4, 5, 2, 5, 2, 4, 5, 2, 1, 3, 2, 3, 5, 4, 4, 2, 5, 2, 5, 5, 4, 2, 4, 1, 2, 4]"
ARENA,3.975,1.1873,40,"[5, 4, 5, 5, 5, 5, 5, 5, 2, 2, 5, 4, 5, 2, 2, 4, 4, 2, 5, 4, 5, 4, 5, 5, 4, 5, 2, 5, 4, 3, 5, 5, 4, 2, 4, 4, 2, 4, 2, 5]"
ARGH,1.641,0.5843,39,"[2, 1, 1, 2, 1, 1, 1, 2, 2, 2, 1, 2, 2, 3, 1, 2, 1, 2, 1, 2, 2, 1, 2, 2, 1, 3, 2, 2, 2, 1, 2, 2, 1, 2, 2, 2, 1, 1, 1]"
ARGO,2.0476,1.2485,42,"[2, 3, 2, 2, 2, 1, 2, 1, 2, 5, 1, 5, 2, 2, 1, 1, 2, 1, 2, 2, 5, 2, 1, 2, 1, 1, 1, 1, 1, 2, 2, 2, 1, 2, 1, 1, 2, 5, 3, 5, 3, 1]"
ARGUE,2.7442,0.8754,43,"[3, 2, 3, 2, 4, 4, 2, 3, 2, 4, 3, 2, 2, 2, 3, 3, 2, 3, 2, 2, 4, 5, 2, 5, 2, 2, 2, 3, 4, 2, 3, 2, 2, 2, 3, 3, 2, 3, 4, 2, 2, 3, 3]"
ARID,2.6111,1.0496,36,"[3, 5, 3, 4, 2, 3, 2, 4, 3, 2, 3, 4, 2, 2, 2, 1, 2, 4, 1, 2, 1, 3, 3, 3, 3, 2, 1, 2, 4, 4, 1, 3, 2, 2, 4, 2]"
ARKS,3.1429,1.201,42,"[4, 4, 4, 4, 3, 3, 5, 2, 2, 5, 2, 3, 2, 3, 4, 2, 4, 2, 5, 3, 3, 2, 4, 2, 2, 2, 4, 4, 2, 1, 2, 4, 1, 4, 5, 2, 5, 4, 2, 2, 4, 5]"
ARMIES,3.8378,1.1429,37,"[5, 3, 4, 2, 5, 5, 4, 3, 4, 2, 5, 4, 5, 5, 5, 3, 5, 2, 4, 2, 5, 4, 5, 4, 4, 2, 4, 4, 2, 4, 4, 5, 5, 2, 4, 5, 2]"
ARMS,4.2703,1.2394,37,"[5, 5, 2, 5, 5, 4, 2, 5, 5, 5, 5, 2, 4, 2, 5, 5, 2, 5, 4, 5, 2, 5, 5, 2, 5, 5, 5, 5, 5, 5, 2, 5, 5, 5, 5, 5, 5]"
ARSONIST,2.9767,1.185,43,"[3, 2, 4, 3, 5, 3, 2, 4, 2, 3, 3, 2, 5, 2, 5, 5, 2, 2, 2, 3, 2, 5, 2, 5, 2, 1, 2, 4, 2, 2, 2, 2, 4, 4, 4, 3, 2, 2, 5, 2, 2, 3, 4]"
ARTERIAL,2.4222,0.9167,45,"[2, 1, 1, 2, 2, 2, 2, 2, 2, 2, 2, 2, 3, 2, 2, 1, 3, 2, 3, 2, 3, 2, 3, 5, 3, 2, 2, 1, 3, 2, 3, 3, 2, 4, 5, 2, 2, 3, 2, 3, 2, 4, 2, 4, 2]"
ARTIFICIALLY,2.1081,0.9364,37,"[3, 2, 1, 2, 3, 3, 1, 3, 3, 2, 1, 3, 1, 3, 4, 1, 2, 2, 1, 5, 2, 1, 3, 2, 1, 2, 2, 2, 2, 2, 1, 2, 3, 2, 1, 2, 2]"
ARTY,2.3889,0.9344,36,"[2, 5, 4, 2, 2, 1, 2, 2, 3, 2, 3, 2, 2, 2, 2, 2, 3, 3, 1, 2, 2, 3, 3, 3, 2, 4, 2, 2, 2, 4, 1, 1, 2, 4, 2, 2]"
ASBESTOS,2.9512,1.2031,41,"[4, 3, 2, 5, 5, 1, 4, 2, 3, 5, 2, 3, 2, 2, 5, 2, 2, 2, 5, 4, 4, 2, 5, 2, 2, 2, 4, 2, 2, 2, 2, 2, 3, 3, 2, 3, 5, 2, 2, 3, 4]"
ASCENDING,2.6154,0.9066,39,"[2, 2, 3, 2, 3, 3, 2, 4, 5, 3, 3, 3, 2, 3, 3, 2, 3, 2, 4, 2, 2, 3, 3, 2, 1, 3, 3, 2, 2, 3, 2, 2, 3, 5, 2, 3, 1, 1, 3]"
ASHTRAY,4.0476,1.3426,42,"[5, 5, 2, 2, 5, 5, 2, 5, 2, 5, 5, 5, 5, 2, 5, 5, 2, 5, 5, 2, 4, 2, 5, 2, 4, 5, 5, 5, 5, 5, 2, 2, 4, 4, 5, 5, 2, 5, 5, 5, 5, 5]"
ASLEEP,3.2222,1.2772,45,"[3, 3, 4, 5, 2, 3, 2, 2, 3, 3, 2, 3, 4, 5, 2, 5, 1, 5, 4, 2, 3, 2, 3, 5, 4, 2, 5, 4, 4, 2, 3, 1, 2, 4, 5, 2, 2, 5, 2, 5, 2, 5, 2, 5, 3]"
ASSAILANT,3.1351,1.1823,37,"[5, 5, 3, 3, 4, 4, 2, 4, 5, 3, 5, 2, 3, 2, 4, 4, 2, 1, 3, 2, 2, 2, 2, 2, 3, 2, 3, 3, 3, 3, 2, 4, 4, 5, 4, 5, 1]"
ASSEMBLAGE,2.3721,0.8172,43,"[3, 3, 3, 2, 5, 3, 1, 2, 2, 3, 4, 2, 1, 2, 4, 4, 2, 2, 2, 2, 2, 2, 2, 3, 2, 2, 2, 3, 2, 2, 3, 2, 2, 1, 3, 2, 2, 2, 3, 2, 2, 2, 2]"
ASSERTION,1.6667,0.7544,42,"[2, 2, 2, 2, 2, 5, 2, 1, 2, 1, 2, 2, 1, 2, 1, 1, 2, 2, 1, 2, 2, 2, 2, 2, 1, 2, 2, 1, 1, 1, 2, 2, 1, 1, 1, 1, 2, 1, 3, 1, 1, 1]"
ASSESS,2.0256,1.1353,39,"[2, 2, 2, 4, 1, 2, 5, 2, 5, 1, 1, 2, 2, 1, 1, 2, 3, 2, 2, 4, 2, 1, 1, 2, 1, 2, 4, 1, 2, 1, 2, 1, 2, 1, 2, 2, 1, 1, 4]"
ASSETS,2.5135,1.2161,37,"[5, 3, 2, 5, 3, 2, 2, 3, 3, 3, 5, 2, 2, 2, 1, 4, 2, 1, 2, 2, 2, 2, 1, 2, 2, 2, 2, 2, 2, 4, 2, 2, 1, 5, 5, 1, 2]"
ASSIGN,1.7692,0.6673,39,"[2, 2, 3, 2, 1, 2, 2, 2, 1, 1, 1, 2, 2, 2, 1, 2, 1, 2, 2, 4, 2, 1, 2, 2, 1, 2, 2, 2, 2, 1, 2, 2, 3, 1, 2, 2, 1, 1, 1]"
ASSUMPTION,1.5714,0.7034,42,"[1, 2, 1, 1, 1, 1, 1, 1, 2, 2, 1, 2, 1, 2, 4, 1, 2, 1, 2, 1, 1, 3, 2, 3, 2, 1, 2, 1, 1, 2, 1, 2, 1, 1, 1, 2, 1, 2, 2, 2, 2, 1]"
ASTRAL,2.1892,1.1508,37,"[5, 3, 2, 2, 3, 1, 1, 3, 2, 2, 2, 1, 1, 5, 3, 4, 1, 2, 2, 1, 2, 1, 1, 2, 1, 2, 2, 2, 2, 3, 1, 1, 3, 2, 3, 5, 2]"
ATLANTA,3.3571,1.3033,42,"[4, 4, 2, 2, 5, 5, 2, 4, 2, 5, 5, 5, 3, 2, 3, 5, 2, 5, 4, 2, 5, 2, 5, 2, 3, 3, 3, 5, 1, 3, 2, 2, 3, 5, 4, 3, 2, 1, 5, 4, 4, 3]"
ATTEMPT,1.7333,0.6537,45,"[1, 1, 1, 2, 2, 1, 2, 2, 1, 2, 2, 1, 1, 1, 2, 1, 1, 2, 1, 2, 1, 2, 3, 2, 2, 2, 2, 1, 2, 2, 2, 1, 2, 3, 4, 2, 2, 2, 2, 1, 2, 1, 2, 2, 2]"
AURA,2.4889,1.1205,45,"[1, 1, 3, 1, 2, 3, 2, 2, 1, 2, 2, 5, 4, 4, 2, 3, 2, 2, 3, 2, 1, 2, 3, 5, 2, 2, 4, 3, 3, 2, 3, 3, 2, 3, 5, 1, 2, 5, 2, 2, 2, 1, 2, 2, 3]"
AUSSIE,3.1842,1.2489,38,"[2, 3, 3, 2, 3, 5, 3, 5, 4, 5, 3, 4, 2, 3, 4, 2, 2, 3, 3, 2, 1, 4, 2, 1, 4, 2, 4, 5, 5, 2, 3, 4, 4, 2, 5, 1, 5, 4]"
AUSTRIA,3.0667,1.2136,45,"[4, 3, 4, 5, 2, 2, 2, 2, 1, 2, 2, 2, 3, 4, 2, 3, 3, 2, 3, 2, 5, 2, 3, 5, 3, 2, 3, 5, 4, 2, 5, 3, 2, 4, 5, 2, 2, 5, 2, 4, 2, 5, 2, 5, 3]"
AVALANCHE,4.0811,1.1638,37,"[5, 3, 4, 2, 5, 5, 5, 3, 5, 2, 5, 5, 5, 5, 5, 4, 5, 2, 4, 5, 5, 4, 5, 4, 4, 2, 4, 4, 2, 4, 5, 5, 5, 2, 5, 5, 2]"
AW,1.7222,0.9137,36,"[5, 1, 2, 2, 3, 1, 2, 3, 1, 1, 1, 2, 2, 2, 2, 1, 2, 1, 1, 1, 2, 1, 3, 2, 1, 1, 2, 1, 1, 2, 1, 1, 1, 3, 3, 1]"
BABBLING,2.6486,1.0857,37,"[3, 3, 1, 2, 5, 4, 1, 3, 3, 2, 3, 2, 2, 4, 4, 2, 5, 2, 2, 1, 3, 2, 4, 2, 1, 2, 2, 4, 2, 3, 2, 4, 3, 2, 2, 4, 2]"
BABY,4.1164,1.3252,318,"[5, 5, 5, 5, 5, 5, 5, 5, 2, 2, 5, 5, 5, 2, 2, 5, 4, 1, 5, 5, 5, 5, 5, 5, 5, 5, 2, 5, 5, 3, 5, 5, 5, 2, 5, 5, 2, 4, 2, 5, 5, 5, 2, 5, 5, 4, 2, 5, 5, 5, 5, 2, 5, 2, 5, 5, 2, 5, 5, 4, 2, 5, 5, 2, 5, 5, 4, 5, 5, 5, 2, 5, 5, 5, 5, 5, 5, 5, 5, 5, 2, 2, 5, 5, 5, 4, 2, 5, 5, 2, 5, 5, 5, 5, 5, 5, 2, 5, 3, 5, 5, 4, 3, 5, 2, 5, 5, 5, 4, 2, 4, 5, 5, 5, 5, 2, 2, 5, 5, 2, 5, 2, 5, 5, 5, 5, 2, 5, 5, 2, 5, 4, 2, 4, 2, 5, 2, 3, 5, 5, 5, 5, 5, 2, 1, 5, 5, 5, 5, 2, 5, 5, 5, 5, 5, 4, 5, 5, 5, 2, 5, 2, 2, 5, 5, 2, 4, 5, 5, 2, 5, 5, 4, 5, 2, 5, 2, 3, 5, 4, 2, 5, 5, 4, 2, 5, 5, 2, 2, 5, 2, 2, 5, 2, 5, 2, 5, 2, 5, 5, 5, 5, 5, 5, 5, 5, 5, 5, 2, 5, 5, 2, 4, 2, 5, 5, 2, 5, 2, 5, 5, 5, 2, 5, 2, 5, 2, 5, 5, 2, 5, 1, 5, 5, 5, 5, 2, 5, 5, 2, 2, 5, 5, 5, 4, 5, 1, 5, 5, 5, 3, 5, 2, 5, 5, 5, 5, 3, 5, 2, 5, 5, 5, 5, 5, 5, 5, 2, 5, 5, 2, 5, 5, 5, 4, 2, 5, 5, 2, 2, 4, 5, 5, 5, 5, 5, 5, 5, 5, 5, 5, 2, 5, 5, 2, 5, 2, 5, 5, 2, 5, 5, 2, 5, 5, 5, 5, 2, 5, 2, 5, 5, 5, 2, 5, 5, 5, 5]"
BACCHUS,2.1351,1.1096,37,"[2, 3, 2, 5, 2, 3, 2, 2, 1, 1, 2, 2, 1, 2, 1, 1, 2, 1, 4, 2, 2, 1, 1, 2, 4, 1, 2, 2, 2, 1, 2, 3, 5, 2, 3, 4, 1]"
BACKFIRED,2.0952,0.6172,42,"[2, 2, 2, 2, 2, 2, 2, 3, 2, 3, 2, 3, 2, 2, 2, 2, 2, 2, 2, 2, 2, 2, 3, 2, 2, 2, 1, 4, 1, 2, 2, 2, 3, 1, 2, 1, 2, 1, 2, 3, 3, 2]"
BACKSTRETCH,2.9474,1.1843,38,"[2, 1, 2, 2, 3, 5, 5, 4, 5, 5, 3, 3, 2, 3, 5, 2, 4, 2, 2, 2, 2, 4, 3, 2, 3, 3, 2, 4, 2, 3, 2, 4, 3, 5, 2, 1, 2, 3]"
BACKSTROKE,3.725,1.3585,40,"[5, 3, 4, 5, 4, 3, 5, 4, 2, 2, 5, 3, 5, 1, 2, 5, 5, 2, 5, 3, 3, 5, 5, 5, 5, 5, 2, 5, 4, 1, 5, 5, 5, 2, 3, 4, 2, 3, 2, 5]"
BADGE,3.9,1.355,40,"[5, 5, 5, 5, 4, 5, 5, 5, 2, 2, 4, 5, 5, 2, 2, 4, 5, 2, 5, 4, 5, 5, 4, 5, 4, 5, 2, 5, 3, 1, 5, 5, 5, 2, 5, 2, 2, 3, 2, 5]"
BAGHDAD,3.2,1.2358,45,"[4, 3, 4, 5, 2, 2, 2, 2, 2, 2, 2, 5, 4, 4, 2, 3, 3, 3, 3, 2, 5, 2, 3, 5, 3, 2, 2, 5, 4, 2, 4, 5, 2, 3, 5, 2, 2, 5, 2, 5, 2, 5, 2, 5, 3]"
BAKING,3.3571,1.165,42,"[3, 3, 5, 4, 4, 4, 3, 5, 2, 4, 5, 3, 2, 5, 2, 2, 4, 2, 4, 4, 5, 2, 5, 2, 3, 2, 5, 4, 2, 5, 2, 4, 4, 4, 4, 2, 2, 4, 2, 2, 2, 4]"
BALACLAVA,3.1538,1.5481,39,"[1, 4, 4, 5, 1, 1, 1, 5, 2, 2, 3, 2, 5, 2, 2, 5, 2, 5, 3, 5, 5, 4, 5, 4, 1, 2, 5, 5, 1, 3, 4, 5, 2, 3, 4, 2, 1, 2, 5]"
BALLARD,1.8372,0.8432,43,"[2, 2, 1, 1, 1, 1, 3, 1, 2, 1, 4, 2, 2, 2, 3, 2, 2, 1, 2, 3, 2, 4, 2, 1, 2, 1, 1, 1, 2, 2, 1, 2, 1, 1, 1, 3, 2, 1, 3, 2, 2, 1, 3]"
BALLISTICS,2.4865,1.0703,37,"[5, 4, 2, 2, 5, 3, 2, 3, 2, 2, 2, 2, 2, 4, 3, 1, 2, 2, 2, 4, 2, 3, 2, 3, 1, 2, 2, 2, 2, 3, 3, 1, 2, 2, 1, 5, 2]"
BALLS,4.1944,1.1667,36,"[5, 5, 5, 3, 2, 5, 5, 5, 5, 2, 5, 5, 2, 5, 4, 5, 5, 5, 4, 2, 4, 5, 5, 5, 5, 4, 5, 2, 5, 3, 5, 3, 2, 4, 5, 5]"
BALM,2.8571,1.3357,42,"[3, 5, 3, 2, 4, 5, 2, 5, 2, 5, 2, 5, 1, 2, 2, 1, 2, 1, 3, 2, 2, 2, 2, 2, 2, 4, 4, 3, 1, 3, 2, 2, 3, 5, 5, 3, 2, 4, 5, 2, 1, 4]"
BAMBI,3.9592,1.3085,319,"[5, 5, 5, 5, 5, 5, 5, 5, 2, 2, 5, 5, 5, 2, 1, 5, 5, 2, 5, 5, 4, 5, 5, 5, 4, 5, 2, 5, 4, 1, 5, 5, 5, 2, 4, 4, 2, 5, 2, 5, 5, 5, 2, 5, 5, 5, 2, 5, 5, 3, 5, 2, 4, 2, 5, 5, 2, 3, 5, 5, 2, 5, 5, 2, 5, 5, 5, 5, 5, 4, 2, 3, 5, 5, 5, 5, 5, 5, 5, 5, 3, 2, 5, 4, 5, 3, 1, 5, 5, 2, 5, 5, 5, 5, 5, 4, 2, 4, 4, 5, 5, 2, 2, 5, 2, 5, 5, 5, 4, 2, 4, 5, 4, 5, 5, 2, 2, 4, 5, 2, 3, 2, 5, 2, 5, 5, 2, 5, 5, 2, 5, 4, 2, 5, 2, 5, 2, 3, 5, 5, 5, 5, 5, 3, 2, 5, 3, 5, 5, 2, 5, 5, 5, 4, 4, 3, 5, 5, 5, 1, 4, 2, 1, 4, 4, 2, 4, 5, 5, 2, 5, 3, 2, 5, 2, 5, 2, 3, 5, 4, 2, 4, 5, 4, 2, 4, 5, 2, 4, 5, 2, 2, 5, 2, 5, 2, 5, 2, 5, 4, 5, 4, 4, 4, 5, 4, 4, 5, 2, 5, 5, 2, 5, 2, 5, 5, 2, 5, 2, 5, 5, 5, 2, 5, 2, 5, 3, 5, 5, 2, 5, 2, 5, 5, 5, 5, 1, 5, 5, 2, 2, 4, 5, 5, 4, 3, 2, 5, 5, 5, 3, 5, 2, 5, 5, 5, 5, 5, 3, 5, 2, 5, 5, 5, 5, 5, 4, 4, 2, 4, 4, 2, 4, 4, 5, 4, 2, 5, 5, 2, 2, 5, 4, 5, 5, 5, 5, 4, 4, 5, 5, 5, 2, 5, 5, 2, 5, 2, 5, 5, 2, 3, 5, 2, 5, 5, 4, 5, 3, 5, 2, 5, 5, 5, 2, 5, 4, 5, 5]"
BANANAS,4.2973,1.2442,37,"[5, 5, 2, 5, 5, 4, 2, 5, 5, 5, 5, 2, 5, 2, 5, 5, 2, 5, 5, 4, 2, 5, 5, 2, 5, 5, 5, 5, 5, 5, 2, 5, 5, 5, 5, 5, 5]"
BANGKOK,3.1591,1.1801,44,"[4, 3, 4, 5, 2, 3, 2, 2, 2, 2, 2, 3, 4, 4, 2, 5, 3, 3, 3, 2, 5, 2, 3, 5, 3, 2, 2, 5, 4, 2, 5, 3, 2, 4, 5, 2, 2, 2, 4, 2, 5, 2, 5, 3]"
BANISTER,4.05,1.3388,40,"[5, 5, 5, 5, 4, 4, 5, 5, 2, 2, 5, 5, 5, 2, 2, 5, 5, 2, 5, 5, 5, 5, 5, 5, 4, 5, 2, 5, 4, 1, 5, 5, 5, 2, 5, 3, 2, 4, 2, 5]"
BARBARA,2.5833,1.1557,36,"[3, 2, 5, 4, 2, 1, 2, 1, 2, 2, 4, 3, 2, 4, 5, 1, 3, 4, 1, 2, 2, 3, 3, 2, 2, 2, 2, 2, 5, 2, 1, 3, 2, 4, 2, 3]"
BARBECUED,3.6757,1.156,37,"[5, 5, 2, 5, 4, 4, 2, 5, 5, 5, 4, 2, 4, 2, 5, 4, 2, 4, 4, 3, 2, 3, 4, 2, 4, 3, 4, 4, 5, 3, 2, 5, 5, 3, 5, 4, 2]"
BARBED,3.1818,1.206,44,"[4, 5, 4, 3, 2, 3, 2, 2, 4, 4, 2, 4, 4, 4, 2, 4, 1, 5, 4, 2, 5, 2, 3, 5, 3, 2, 3, 5, 4, 2, 3, 3, 2, 4, 5, 2, 2, 2, 4, 2, 1, 2, 5, 4]"
BARKS,3.2432,1.2562,37,"[3, 4, 1, 2, 5, 5, 2, 3, 4, 2, 2, 3, 4, 3, 5, 1, 5, 2, 2, 4, 3, 4, 4, 5, 4, 2, 2, 5, 2, 3, 4, 5, 3, 2, 3, 5, 2]"
BARRACKS,3.6944,1.2608,36,"[5, 5, 5, 2, 2, 4, 4, 5, 4, 2, 5, 4, 2, 3, 5, 4, 2, 4, 2, 2, 4, 4, 4, 5, 4, 3, 5, 2, 5, 5, 1, 4, 2, 4, 5, 5]"
BARRELHOUSE,2.7674,1.0428,43,"[5, 4, 3, 2, 4, 3, 5, 3, 2, 2, 3, 2, 2, 2, 3, 5, 2, 2, 2, 3, 2, 3, 2, 4, 2, 2, 2, 3, 3, 2, 1, 2, 4, 2, 4, 4, 2, 4, 3, 2, 2, 1, 4]"
BARREN,2.8919,1.2863,37,"[5, 4, 1, 2, 4, 5, 1, 3, 4, 2, 3, 4, 3, 5, 4, 1, 5, 2, 2, 1, 4, 1, 4, 2, 3, 2, 2, 3, 2, 3, 4, 2, 2, 2, 3, 5, 2]"
BASELINE,2.3556,0.9572,45,"[2, 1, 4, 3, 2, 3, 2, 2, 1, 4, 2, 1, 2, 2, 2, 2, 5, 3, 2, 2, 5, 2, 3, 3, 2, 2, 3, 4, 4, 2, 2, 1, 2, 1, 3, 2, 2, 2, 2, 2, 2, 2, 2, 2, 2]"
BASIS,1.525,0.7157,40,"[2, 1, 2, 1, 2, 3, 1, 1, 2, 2, 1, 1, 1, 2, 2, 1, 1, 2, 1, 1, 1, 3, 1, 1, 2, 1, 2, 1, 1, 1, 1, 2, 1, 2, 1, 4, 2, 1, 2, 1]"
BASKETBALL,4.0976,1.3749,41,"[5, 5, 2, 2, 5, 5, 2, 5, 2, 5, 5, 5, 5, 2, 5, 5, 2, 5, 2, 5, 2, 5, 2, 4, 5, 5, 5, 5, 5, 2, 2, 5, 5, 5, 5, 2, 5, 5, 5, 5, 5]"
BATCH,2.4762,0.9936,42,"[3, 3, 2, 2, 3, 5, 2, 3, 2, 1, 4, 4, 1, 2, 4, 5, 2, 2, 2, 2, 2, 2, 3, 2, 1, 2, 3, 3, 1, 3, 2, 2, 3, 2, 2, 1, 2, 4, 2, 2, 3, 3]"
BATMAN,4.2162,1.3361,37,"[5, 1, 5, 2, 5, 5, 5, 3, 5, 2, 5, 5, 5, 5, 5, 3, 5, 2, 5, 5, 5, 5, 5, 5, 5, 2, 5, 5, 2, 5, 5, 5, 5, 2, 5, 5, 2]"
BATON,3.8095,1.3111,42,"[5, 5, 2, 2, 5, 5, 2, 5, 2, 5, 5, 5, 5, 2, 5, 5, 2, 5, 2, 2, 4, 2, 5, 2, 4, 3, 5, 4, 5, 4, 2, 2, 4, 4, 5, 4, 2, 5, 5, 5, 4, 4]"
BATTALION,3.1026,1.1424,39,"[2, 3, 3, 2, 3, 3, 4, 3, 5, 3, 5, 3, 2, 4, 2, 2, 1, 2, 5, 2, 2, 3, 3, 2, 3, 4, 3, 5, 4, 4, 2, 5, 3, 4, 2, 5, 1, 4, 3]"
BATTLESHIP,4.1944,1.238,36,"[5, 5, 2, 5, 4, 2, 5, 5, 5, 5, 2, 4, 2, 5, 5, 2, 4, 5, 5, 2, 5, 4, 2, 5, 5, 4, 5, 5, 5, 2, 5, 5, 5, 5, 5, 5]"
BAUBLE,2.7442,1.329,43,"[5, 2, 4, 4, 5, 1, 2, 1, 2, 2, 4, 2, 2, 2, 5, 4, 2, 4, 2, 4, 1, 2, 2, 2, 2, 1, 2, 4, 5, 2, 3, 2, 5, 1, 4, 4, 2, 1, 3, 2, 2, 2, 5]"
BEACH,3.7556,1.3341,45,"[5, 5, 5, 5, 3, 4, 2, 2, 5, 4, 2, 5, 5, 5, 2, 5, 5, 5, 5, 2, 5, 2, 3, 5, 4, 2, 5, 5, 4, 2, 3, 5, 2, 3, 5, 2, 2, 5, 2, 5, 2, 5, 2, 4, 4]"
BEAD,3.6905,1.2394,42,"[4, 5, 2, 2, 4, 5, 2, 5, 2, 5, 5, 5, 3, 2, 4, 4, 2, 4, 4, 2, 3, 2, 5, 2, 3, 5, 5, 5, 5, 5, 2, 2, 4, 4, 5, 4, 2, 5, 3, 5, 4, 4]"
BEANSTALK,4.1081,1.2863,37,"[5, 1, 5, 2, 5, 5, 4, 4, 5, 2, 5, 5, 5, 4, 4, 5, 5, 2, 5, 5, 5, 4, 5, 3, 5, 2, 5, 5, 2, 4, 5, 5, 5, 2, 5, 5, 2]"
BEARSKIN,3.9459,1.3733,37,"[5, 1, 4, 2, 5, 5, 5, 3, 5, 2, 5, 5, 5, 5, 5, 2, 5, 2, 5, 2, 5, 4, 5, 3, 5, 2, 5, 5, 2, 5, 4, 4, 5, 2, 5, 5, 2]"
BECOME,1.5,0.6794,40,"[1, 2, 1, 1, 1, 2, 1, 2, 2, 2, 1, 1, 1, 2, 2, 1, 1, 2, 1, 1, 1, 1, 1, 2, 2, 1, 2, 2, 1, 1, 1, 3, 1, 2, 1, 4, 2, 1, 2, 1]"
BEDS,4.2778,1.2561,36,"[5, 5, 2, 5, 5, 5, 2, 5, 5, 5, 5, 2, 4, 2, 5, 2, 5, 5, 5, 2, 5, 5, 2, 5, 5, 4, 5, 5, 5, 2, 5, 5, 5, 5, 5, 5]"
BEDSIDE,3.4595,1.3037,37,"[5, 5, 2, 5, 2, 4, 2, 5, 5, 3, 5, 2, 4, 2, 4, 4, 2, 1, 3, 4, 2, 3, 5, 2, 5, 1, 3, 4, 4, 4, 2, 4, 4, 5, 5, 4, 2]"
BEEPER,3.4359,1.4831,39,"[2, 2, 3, 4, 4, 5, 5, 5, 1, 2, 5, 4, 2, 3, 5, 2, 1, 2, 1, 5, 2, 4, 5, 2, 5, 5, 4, 5, 2, 4, 2, 5, 4, 4, 2, 5, 5, 1, 5]"
BEETHOVEN,3.8,1.285,40,"[5, 4, 3, 4, 4, 5, 5, 5, 2, 2, 5, 5, 5, 2, 2, 4, 5, 2, 5, 4, 5, 4, 4, 5, 5, 5, 2, 5, 3, 1, 4, 5, 4, 2, 5, 3, 2, 3, 2, 5]"
BEFRIEND,2.3611,0.8669,36,"[1, 2, 2, 4, 2, 2, 4, 2, 2, 2, 3, 2, 2, 3, 1, 2, 3, 2, 1, 2, 3, 4, 3, 3, 3, 3, 3, 2, 1, 3, 1, 2, 2, 2, 4, 2]"
BEGGAR,3.775,1.3299,40,"[5, 3, 4, 5, 4, 5, 5, 5, 2, 2, 4, 5, 5, 2, 2, 4, 5, 2, 5, 3, 5, 4, 5, 5, 4, 5, 2, 5, 3, 1, 5, 5, 5, 2, 4, 2, 2, 3, 2, 5]"
BEGINNERS,2.1579,0.8229,38,"[2, 3, 3, 2, 1, 1, 3, 3, 2, 2, 1, 4, 2, 3, 1, 2, 1, 2, 4, 3, 2, 1, 2, 1, 3, 2, 2, 2, 2, 2, 3, 3, 2, 2, 2, 1, 2, 3]"
BEHELD,1.725,0.8469,40,"[3, 2, 1, 2, 2, 1, 1, 1, 2, 2, 1, 1, 2, 2, 2, 1, 1, 2, 3, 1, 1, 1, 2, 1, 3, 1, 2, 1, 2, 1, 1, 5, 2, 2, 1, 3, 2, 1, 2, 2]"
BEIGE,3.5111,1.2902,45,"[4, 5, 5, 5, 2, 3, 2, 2, 5, 5, 2, 5, 5, 4, 2, 3, 4, 2, 5, 2, 5, 2, 3, 5, 4, 2, 3, 4, 4, 2, 3, 4, 2, 4, 5, 2, 2, 5, 2, 5, 2, 5, 2, 5, 4]"
BEINGS,2.5814,0.9816,43,"[5, 3, 1, 3, 4, 2, 2, 3, 2, 3, 2, 2, 3, 2, 3, 2, 2, 3, 2, 2, 2, 4, 2, 5, 2, 3, 2, 2, 3, 2, 1, 2, 2, 3, 5, 1, 2, 3, 4, 2, 2, 3, 3]"
BEJESUS,1.475,0.7157,40,"[1, 3, 1, 1, 1, 2, 1, 1, 2, 1, 1, 1, 1, 2, 2, 1, 1, 2, 3, 1, 1, 1, 1, 1, 2, 2, 2, 1, 1, 1, 1, 4, 1, 2, 1, 2, 2, 1, 2, 1]"
BELIE,1.5897,0.8801,39,"[1, 1, 1, 2, 1, 1, 1, 1, 2, 2, 1, 1, 3, 2, 2, 1, 1, 2, 1, 1, 1, 1, 1, 1, 2, 4, 2, 2, 1, 1, 4, 1, 2, 1, 4, 2, 1, 2, 1]"
BELLIES,3.4091,1.2997,44,"[4, 4, 5, 5, 2, 4, 2, 2, 2, 2, 2, 5, 4, 2, 2, 5, 5, 3, 5, 2, 5, 2, 3, 5, 2, 4, 4, 4, 2, 3, 4, 2, 4, 5, 2, 2, 5, 2, 5, 2, 5, 2, 5, 4]"
BELOVED,2.119,0.9423,42,"[4, 3, 2, 2, 3, 5, 2, 3, 2, 2, 4, 2, 1, 2, 1, 3, 2, 3, 2, 2, 2, 2, 3, 2, 1, 3, 1, 1, 1, 2, 2, 2, 2, 1, 3, 1, 2, 1, 2, 3, 1, 1]"
BELT,4.0,1.431,43,"[5, 5, 5, 5, 5, 5, 4, 5, 2, 5, 5, 2, 3, 2, 5, 5, 2, 5, 2, 5, 5, 5, 2, 5, 1, 5, 2, 5, 5, 2, 5, 2, 5, 5, 5, 5, 2, 5, 5, 2, 2, 5, 5]"
BENCHED,3.0,1.2189,36,"[1, 5, 2, 4, 2, 3, 4, 3, 3, 2, 5, 4, 2, 2, 1, 5, 3, 3, 1, 2, 2, 4, 5, 3, 4, 2, 4, 2, 3, 4, 4, 2, 2, 2, 5, 3]"
BENEFICIARY,2.027,0.8329,37,"[5, 2, 2, 2, 2, 3, 2, 1, 2, 3, 2, 2, 2, 2, 2, 2, 2, 1, 1, 1, 2, 2, 1, 2, 1, 1, 2, 2, 2, 2, 2, 2, 2, 3, 4, 3, 1]"
BERTHING,2.0952,1.1221,42,"[2, 3, 2, 2, 2, 5, 2, 2, 2, 2, 2, 5, 2, 2, 2, 1, 2, 3, 4, 2, 1, 2, 3, 2, 2, 1, 1, 1, 5, 1, 2, 2, 1, 1, 1, 1, 2, 1, 1, 1, 4, 3]"
BERYLLIUM,2.2308,1.1112,39,"[2, 3, 3, 5, 2, 4, 2, 1, 2, 2, 3, 1, 1, 2, 2, 2, 5, 2, 4, 2, 1, 1, 4, 1, 3, 1, 2, 2, 2, 1, 3, 2, 2, 4, 2, 2, 1, 2, 1]"
BESIDES,1.619,0.825,42,"[1, 3, 2, 2, 2, 5, 2, 1, 2, 2, 3, 3, 1, 2, 1, 1, 2, 2, 1, 2, 1, 2, 2, 2, 1, 1, 1, 1, 1, 1, 2, 2, 1, 1, 1, 1, 2, 1, 1, 1, 1, 1]"
BETA,1.6486,0.9492,37,"[2, 2, 2, 5, 1, 1, 2, 5, 1, 2, 1, 2, 1, 2, 1, 1, 2, 1, 1, 1, 2, 1, 1, 2, 1, 1, 1, 2, 2, 1, 2, 1, 1, 2, 2, 1, 2]"
BETRAYER,2.1622,0.9578,37,"[2, 2, 2, 2, 2, 3, 2, 1, 2, 3, 2, 2, 1, 2, 3, 3, 2, 1, 1, 2, 2, 1, 3, 2, 1, 1, 2, 2, 3, 4, 2, 1, 3, 4, 5, 3, 1]"
BETTER,1.7674,0.6487,43,"[2, 2, 1, 1, 2, 1, 1, 2, 2, 2, 1, 2, 3, 2, 3, 1, 2, 2, 2, 2, 1, 2, 2, 3, 2, 1, 2, 3, 1, 2, 1, 2, 1, 1, 1, 1, 2, 1, 3, 2, 2, 2, 2]"
BEWARE,2.1026,0.8521,39,"[2, 1, 4, 3, 1, 2, 3, 2, 3, 1, 2, 3, 2, 2, 1, 2, 1, 2, 4, 3, 2, 1, 3, 2, 1, 2, 2, 3, 2, 2, 2, 3, 3, 2, 2, 3, 1, 1, 1]"
BICKERING,2.65,0.9213,40,"[4, 2, 2, 2, 2, 3, 3, 3, 2, 2, 2, 4, 4, 2, 2, 4, 3, 2, 3, 1, 1, 3, 4, 4, 4, 2, 2, 3, 3, 1, 2, 4, 3, 2, 2, 3, 2, 3, 2, 4]"
BIDET,3.3556,1.2276,45,"[4, 5, 4, 5, 2, 4, 2, 2, 3, 4, 2, 5, 5, 3, 2, 5, 4, 3, 4, 2, 1, 2, 3, 5, 4, 2, 4, 4, 4, 2, 4, 5, 2, 3, 5, 2, 2, 5, 2, 3, 2, 4, 2, 5, 4]"
BIKINI,3.8222,1.37,45,"[5, 5, 5, 5, 2, 5, 2, 2, 5, 4, 2, 5, 5, 5, 2, 5, 5, 4, 5, 2, 5, 2, 3, 5, 4, 2, 4, 5, 4, 2, 5, 5, 2, 4, 5, 2, 2, 5, 2, 5, 2, 5, 2, 5, 5]"
BILGES,2.3488,0.9228,43,"[4, 2, 3, 2, 4, 3, 2, 2, 2, 2, 4, 2, 2, 2, 2, 4, 2, 2, 2, 2, 1, 4, 2, 1, 2, 1, 2, 2, 2, 2, 3, 2, 2, 4, 3, 4, 2, 1, 2, 2, 2, 1, 4]"
BILKING,1.6667,0.7375,39,"[2, 3, 1, 1, 2, 1, 1, 1, 2, 2, 1, 1, 2, 2, 2, 1, 2, 2, 4, 1, 1, 1, 3, 2, 2, 2, 2, 1, 1, 1, 1, 2, 2, 1, 3, 2, 1, 2, 1]"
BILLIONAIRE,2.9535,1.1537,43,"[4, 2, 2, 3, 3, 5, 1, 3, 2, 4, 5, 2, 4, 2, 5, 4, 2, 3, 2, 3, 3, 4, 2, 5, 2, 2, 2, 3, 2, 2, 2, 2, 2, 4, 3, 2, 2, 4, 5, 2, 2, 5, 4]"
BINARY,2.2222,0.9888,36,"[2, 1, 4, 2, 4, 1, 3, 3, 5, 2, 2, 1, 3, 3, 1, 2, 2, 1, 2, 2, 2, 2, 2, 3, 2, 3, 2, 2, 1, 3, 1, 2, 2, 1, 4, 2]"
BINGO,3.6047,1.2371,43,"[4, 4, 4, 3, 5, 4, 3, 4, 2, 5, 5, 2, 4, 2, 5, 5, 2, 4, 2, 4, 4, 4, 2, 5, 2, 4, 2, 5, 4, 2, 5, 2, 5, 4, 5, 5, 2, 2, 4, 2, 2, 5, 5]"
BINOCULARS,4.3077,1.2173,39,"[2, 5, 5, 5, 5, 5, 5, 5, 5, 4, 5, 5, 2, 4, 5, 2, 5, 2, 5, 5, 2, 5, 5, 2, 5, 5, 5, 5, 5, 5, 2, 5, 5, 4, 2, 5, 5, 5, 5]"
BIOLOGY,2.4054,0.9849,37,"[5, 3, 2, 2, 3, 4, 2, 3, 3, 3, 3, 2, 2, 2, 1, 3, 2, 2, 1, 2, 2, 1, 1, 2, 1, 3, 3, 3, 4, 4, 2, 2, 3, 3, 3, 1, 1]"
BIRDMAN,3.4865,1.2828,37,"[5, 5, 2, 5, 3, 5, 2, 5, 1, 4, 5, 2, 4, 2, 4, 5, 2, 5, 3, 3, 2, 3, 4, 2, 3, 3, 3, 5, 5, 2, 2, 5, 4, 5, 4, 3, 2]"
BITS,2.775,1.1655,40,"[4, 3, 3, 2, 4, 3, 3, 4, 2, 2, 2, 1, 1, 2, 2, 3, 4, 2, 5, 2, 1, 2, 4, 4, 4, 5, 2, 4, 3, 1, 3, 5, 2, 2, 3, 3, 2, 1, 2, 4]"
BLADE,3.9286,1.3506,42,"[5, 5, 2, 2, 4, 5, 2, 5, 2, 5, 5, 5, 5, 2, 4, 5, 2, 4, 5, 2, 4, 2, 5, 2, 5, 5, 5, 5, 5, 5, 2, 2, 5, 5, 5, 4, 2, 5, 5, 5, 2, 4]"
BLAIR,1.7692,0.8417,39,"[2, 1, 1, 2, 3, 5, 1, 2, 2, 2, 1, 2, 2, 1, 1, 2, 1, 2, 2, 2, 2, 1, 1, 2, 2, 3, 1, 1, 2, 1, 2, 1, 2, 3, 2, 1, 1, 1, 3]"
BLANCH,2.3333,1.1481,45,"[2, 1, 4, 3, 2, 2, 2, 2, 1, 2, 1, 4, 3, 1, 2, 1, 1, 2, 3, 2, 1, 2, 3, 5, 3, 2, 2, 1, 2, 2, 2, 1, 2, 4, 5, 2, 2, 5, 2, 3, 2, 2, 2, 5, 2]"
BLAND,2.1944,1.0907,36,"[2, 5, 2, 4, 2, 1, 4, 2, 1, 2, 2, 3, 2, 2, 1, 4, 2, 2, 1, 2, 3, 3, 4, 1, 3, 1, 1, 2, 2, 4, 1, 1, 2, 2, 2, 1]"
BLASTER,2.75,1.3728,40,"[5, 4, 2, 2, 5, 1, 1, 5, 2, 2, 4, 1, 2, 2, 2, 3, 4, 2, 4, 2, 1, 2, 5, 5, 3, 1, 2, 5, 3, 1, 4, 5, 2, 2, 3, 3, 2, 1, 2, 3]"
BLEACHERS,4.1795,1.2539,39,"[2, 5, 5, 5, 5, 5, 5, 4, 5, 5, 5, 5, 2, 5, 5, 2, 5, 2, 5, 5, 2, 5, 5, 2, 5, 5, 4, 5, 2, 5, 2, 4, 5, 5, 2, 5, 4, 4, 5]"
BLEEPS,2.2,1.3243,40,"[5, 2, 2, 1, 1, 2, 1, 5, 2, 2, 1, 1, 1, 2, 2, 2, 1, 2, 3, 1, 1, 5, 2, 1, 4, 5, 2, 1, 1, 1, 4, 5, 2, 2, 2, 2, 3, 1, 2, 3]"
BLESSING,2.3243,0.8836,37,"[4, 3, 2, 2, 2, 4, 2, 1, 3, 3, 3, 2, 3, 2, 1, 3, 2, 1, 1, 2, 2, 2, 3, 2, 1, 3, 2, 2, 3, 3, 2, 3, 1, 3, 3, 4, 1]"
BLIMP,3.7143,1.3486,42,"[5, 4, 2, 2, 5, 5, 2, 5, 2, 5, 3, 5, 4, 2, 5, 5, 2, 4, 5, 2, 4, 2, 5, 2, 3, 3, 5, 5, 1, 5, 2, 2, 4, 4, 5, 5, 2, 4, 5, 5, 5, 4]"
BLINDFOLD,4.025,1.2707,40,"[5, 5, 4, 5, 4, 3, 5, 5, 2, 2, 5, 5, 5, 2, 2, 5, 5, 2, 5, 5, 5, 5, 4, 5, 5, 5, 2, 5, 3, 3, 5, 5, 5, 2, 5, 4, 2, 3, 2, 5]"
BLINK,3.7778,1.1979,36,"[5, 5, 4, 4, 2, 3, 5, 5, 4, 2, 5, 5, 2, 4, 5, 5, 4, 3, 1, 2, 4, 4, 5, 4, 4, 2, 5, 2, 5, 4, 5, 4, 2, 3, 4, 4]"
BLISS,2.2821,0.9986,39,"[4, 2, 2, 1, 4, 3, 1, 3, 2, 2, 1, 3, 4, 2, 2, 2, 2, 2, 2, 1, 1, 3, 2, 4, 3, 1, 2, 2, 2, 1, 3, 5, 2, 2, 3, 2, 1, 2, 3]"
BLITZKRIEG,3.0556,1.3927,36,"[3, 5, 5, 3, 2, 2, 4, 4, 3, 2, 4, 4, 2, 1, 5, 1, 1, 3, 1, 2, 5, 5, 2, 4, 5, 4, 3, 2, 4, 1, 1, 3, 2, 3, 5, 4]"
BLOATED,3.1,1.194,40,"[4, 4, 1, 5, 4, 1, 4, 4, 2, 2, 1, 4, 3, 2, 2, 3, 3, 2, 5, 3, 3, 4, 4, 5, 4, 2, 2, 3, 3, 1, 5, 4, 4, 2, 4, 3, 2, 4, 2, 4]"
BLOB,3.5,1.1832,36,"[5, 5, 2, 5, 5, 4, 2, 4, 3, 3, 5, 2, 4, 2, 5, 5, 2, 4, 3, 1, 2, 3, 3, 2, 4, 4, 3, 3, 4, 3, 2, 4, 5, 5, 4, 4]"
BLOODSHED,3.4419,1.2781,43,"[4, 4, 4, 4, 3, 5, 4, 4, 2, 5, 5, 2, 4, 2, 5, 3, 2, 2, 3, 5, 4, 5, 2, 5, 2, 2, 2, 4, 5, 2, 1, 2, 3, 4, 5, 3, 2, 5, 5, 2, 2, 5, 4]"
BLUDGEON,3.1892,1.1508,37,"[5, 3, 2, 3, 4, 5, 2, 4, 3, 3, 3, 2, 5, 2, 4, 3, 2, 5, 2, 4, 2, 3, 1, 2, 3, 3, 3, 2, 4, 4, 2, 3, 5, 5, 3, 5, 2]"
BLUEBERRIES,4.2821,1.2763,39,"[2, 5, 5, 5, 5, 5, 5, 5, 5, 5, 5, 5, 2, 4, 5, 2, 5, 2, 5, 5, 2, 5, 5, 2, 5, 5, 5, 5, 2, 5, 2, 5, 5, 5, 2, 5, 5, 5, 5]"
BLUEPRINT,3.8649,1.3158,37,"[5, 1, 4, 2, 5, 5, 5, 3, 5, 2, 5, 5, 4, 5, 5, 2, 5, 2, 5, 5, 4, 4, 4, 2, 5, 3, 3, 3, 2, 5, 4, 5, 5, 2, 5, 5, 2]"
BLUME,2.3333,1.1711,36,"[5, 5, 3, 3, 2, 1, 2, 5, 3, 2, 2, 1, 3, 1, 1, 2, 1, 2, 1, 2, 3, 2, 2, 4, 2, 2, 2, 2, 2, 1, 4, 2, 2, 4, 1, 2]"
BOA,3.975,1.349,40,"[5, 5, 5, 5, 4, 4, 5, 4, 2, 2, 5, 4, 5, 2, 2, 5, 5, 2, 5, 4, 5, 4, 5, 5, 4, 5, 2, 5, 5, 1, 5, 5, 5, 2, 5, 2, 2, 5, 2, 5]"
BOAR,4.0278,1.2302,36,"[5, 5, 2, 5, 5, 4, 2, 5, 3, 3, 5, 2, 4, 2, 4, 5, 2, 4, 5, 4, 2, 5, 4, 2, 5, 5, 5, 5, 5, 5, 2, 5, 5, 5, 5, 4]"
BOGART,2.359,1.2667,39,"[2, 2, 3, 2, 3, 5, 5, 1, 1, 2, 1, 1, 2, 4, 2, 2, 1, 2, 2, 2, 2, 1, 1, 2, 1, 5, 1, 4, 2, 2, 2, 3, 4, 4, 2, 2, 1, 5, 3]"
BOILED,3.1282,1.1045,39,"[2, 2, 5, 4, 3, 4, 2, 3, 5, 3, 3, 4, 2, 4, 2, 2, 3, 2, 4, 4, 2, 2, 3, 2, 4, 3, 4, 5, 2, 4, 2, 4, 4, 5, 2, 4, 1, 4, 2]"
BOLIVIA,2.9773,1.1511,44,"[3, 3, 4, 5, 2, 2, 2, 2, 2, 2, 2, 3, 3, 4, 2, 1, 3, 2, 3, 2, 5, 2, 3, 5, 3, 2, 3, 4, 4, 2, 5, 3, 2, 4, 5, 2, 2, 2, 4, 2, 5, 2, 5, 3]"
BOMBAY,3.15,1.3877,40,"[4, 4, 4, 2, 2, 5, 5, 2, 2, 2, 4, 1, 5, 2, 2, 2, 4, 2, 5, 3, 1, 4, 3, 3, 4, 5, 2, 5, 4, 1, 5, 5, 4, 2, 5, 2, 2, 1, 2, 4]"
BONBON,3.4222,1.2701,45,"[3, 5, 5, 4, 2, 4, 2, 2, 3, 5, 2, 5, 5, 4, 2, 4, 4, 3, 5, 2, 5, 2, 3, 5, 4, 2, 2, 2, 4, 2, 4, 5, 2, 3, 5, 2, 2, 5, 2, 5, 2, 4, 2, 5, 4]"
BONKERS,2.4595,0.9887,37,"[4, 4, 4, 2, 2, 3, 1, 4, 3, 2, 3, 1, 2, 4, 4, 1, 4, 2, 1, 2, 3, 2, 3, 3, 2, 2, 2, 2, 2, 1, 2, 2, 2, 2, 2, 4, 2]"
BONSAI,3.6829,1.3863,41,"[5, 5, 2, 2, 5, 5, 2, 5, 2, 5, 2, 5, 1, 2, 5, 2, 4, 4, 2, 4, 2, 5, 2, 4, 3, 5, 3, 5, 4, 2, 2, 4, 5, 5, 5, 2, 5, 5, 5, 5, 4]"
BONSOIR,1.6429,0.7908,42,"[2, 3, 2, 2, 2, 5, 2, 1, 2, 2, 2, 2, 1, 2, 1, 1, 2, 1, 1, 2, 1, 2, 1, 1, 1, 1, 1, 1, 3, 1, 2, 2, 1, 1, 2, 1, 2, 1, 2, 2, 1, 1]"
BOOGIE,2.4889,1.014,45,"[2, 1, 4, 3, 2, 3, 2, 2, 1, 2, 2, 4, 2, 3, 2, 3, 1, 4, 2, 2, 1, 2, 3, 5, 2, 2, 3, 3, 3, 2, 2, 1, 2, 4, 5, 2, 2, 3, 2, 4, 2, 2, 2, 4, 2]"
BOOKER,2.0,0.7352,38,"[2, 1, 2, 3, 3, 1, 3, 2, 3, 2, 2, 2, 2, 2, 2, 1, 2, 2, 3, 2, 1, 1, 2, 1, 3, 1, 2, 2, 2, 2, 2, 4, 3, 2, 2, 1, 1, 2]"
BOOKIES,2.6667,1.0596,39,"[2, 2, 3, 2, 3, 3, 3, 3, 3, 5, 3, 1, 2, 4, 1, 2, 1, 2, 4, 3, 2, 3, 3, 2, 1, 4, 3, 1, 2, 4, 2, 4, 5, 3, 2, 4, 2, 2, 3]"
BOOKSTORE,4.1081,1.2424,37,"[5, 5, 2, 5, 5, 4, 2, 5, 5, 5, 5, 2, 4, 2, 5, 5, 2, 4, 5, 4, 2, 4, 5, 2, 5, 5, 3, 5, 5, 5, 2, 5, 5, 5, 5, 5, 3]"
BOOKWORM,3.2432,1.188,37,"[5, 1, 3, 2, 5, 5, 4, 4, 4, 1, 5, 1, 4, 3, 3, 3, 5, 2, 4, 4, 3, 4, 4, 2, 3, 2, 3, 3, 2, 3, 3, 4, 3, 2, 4, 5, 2]"
BOOMERANG,4.1622,1.2805,37,"[5, 3, 3, 2, 5, 5, 5, 3, 5, 2, 5, 5, 5, 5, 5, 2, 5, 2, 5, 5, 5, 5, 5, 4, 5, 2, 5, 5, 2, 5, 5, 5, 5, 2, 5, 5, 2]"
BOOMING,2.5814,1.0289,43,"[3, 2, 3, 2, 5, 3, 1, 2, 2, 4, 3, 2, 2, 2, 4, 4, 2, 1, 2, 1, 2, 3, 2, 3, 2, 1, 2, 3, 3, 2, 3, 2, 3, 3, 2, 3, 2, 5, 4, 2, 2, 5, 2]"
BOOTS,4.0238,1.3523,42,"[5, 5, 2, 2, 4, 5, 2, 5, 2, 5, 5, 5, 5, 2, 5, 5, 2, 5, 4, 2, 3, 2, 5, 2, 5, 5, 5, 5, 5, 5, 2, 2, 4, 5, 5, 5, 2, 5, 5, 5, 5, 5]"
BORDER,3.3158,1.1879,38,"[2, 2, 4, 2, 4, 4, 5, 3, 5, 4, 4, 2, 2, 5, 2, 5, 2, 4, 4, 2, 1, 4, 2, 3, 4, 4, 5, 2, 3, 2, 4, 5, 4, 2, 5, 3, 3, 3]"
BOTS,2.3721,1.2914,43,"[3, 3, 3, 4, 1, 1, 5, 2, 2, 1, 4, 2, 3, 2, 4, 5, 2, 1, 2, 5, 2, 3, 2, 1, 2, 1, 2, 2, 1, 2, 1, 2, 1, 1, 3, 1, 2, 5, 5, 2, 2, 1, 3]"
BOTSWANA,2.9333,1.1755,45,"[4, 3, 4, 5, 2, 2, 2, 2, 2, 2, 2, 3, 3, 4, 2, 1, 3, 2, 3, 2, 1, 2, 3, 5, 3, 2, 3, 4, 4, 2, 5, 3, 2, 4, 5, 2, 2, 5, 2, 3, 2, 5, 2, 5, 3]"
BOUDOIRS,3.027,1.258,37,"[1, 5, 2, 3, 3, 4, 2, 5, 1, 3, 4, 2, 3, 2, 2, 5, 2, 3, 4, 4, 2, 4, 2, 2, 4, 1, 3, 3, 3, 3, 2, 5, 5, 5, 3, 4, 1]"
BOUND,2.675,1.0715,40,"[3, 3, 2, 4, 2, 2, 4, 5, 2, 2, 2, 1, 3, 2, 2, 3, 4, 2, 3, 3, 1, 2, 4, 3, 3, 1, 2, 4, 1, 1, 5, 4, 3, 2, 3, 4, 2, 3, 2, 3]"
BOWELS,2.9744,1.2245,39,"[2, 1, 3, 4, 2, 3, 5, 3, 5, 3, 4, 3, 2, 4, 1, 3, 1, 2, 2, 3, 2, 3, 4, 2, 2, 4, 4, 5, 2, 5, 2, 3, 5, 3, 2, 3, 1, 5, 3]"
BOY,3.7333,1.3382,45,"[4, 5, 5, 4, 2, 5, 2, 2, 5, 5, 2, 3, 5, 5, 2, 5, 5, 4, 5, 2, 5, 2, 3, 5, 4, 2, 5, 4, 5, 2, 4, 5, 2, 4, 5, 2, 2, 5, 2, 5, 2, 5, 2, 5, 4]"
BRACHIAL,2.4889,1.1205,45,"[5, 1, 3, 2, 2, 1, 2, 2, 1, 1, 2, 1, 4, 1, 2, 2, 3, 3, 2, 2, 5, 2, 3, 5, 3, 2, 3, 4, 4, 2, 2, 3, 2, 3, 3, 2, 2, 3, 2, 3, 2, 1, 2, 5, 2]"
BRAINWASHED,2.4595,1.1924,37,"[5, 1, 1, 2, 4, 5, 1, 3, 3, 2, 2, 1, 1, 4, 3, 2, 4, 2, 2, 2, 3, 2, 2, 2, 2, 2, 5, 1, 2, 2, 1, 3, 4, 2, 2, 4, 2]"
BRAKE,3.3514,1.252,37,"[3, 4, 4, 2, 5, 5, 1, 4, 4, 2, 4, 3, 3, 3, 5, 1, 5, 2, 5, 4, 4, 3, 4, 2, 4, 2, 2, 5, 2, 4, 2, 5, 5, 2, 3, 4, 2]"
BRANDON,2.4048,1.3263,42,"[4, 4, 2, 2, 2, 5, 2, 1, 2, 2, 5, 5, 1, 2, 1, 1, 2, 1, 4, 2, 3, 2, 2, 2, 1, 4, 3, 1, 1, 1, 2, 2, 3, 2, 4, 2, 2, 5, 1, 5, 2, 1]"
BRANDY,3.9722,1.2532,36,"[5, 2, 5, 4, 3, 2, 5, 3, 5, 5, 2, 3, 2, 5, 5, 2, 5, 5, 4, 2, 5, 3, 2, 4, 4, 5, 5, 5, 5, 2, 5, 5, 5, 5, 5, 4]"
BRANNIGAN,1.6923,0.8321,39,"[2, 1, 1, 1, 3, 3, 2, 1, 3, 1, 1, 1, 2, 1, 1, 2, 1, 2, 2, 1, 3, 1, 1, 2, 1, 4, 1, 3, 2, 1, 2, 2, 1, 2, 2, 1, 1, 3, 1]"
BRANT,1.8571,1.1169,42,"[1, 2, 2, 2, 4, 3, 2, 2, 2, 2, 2, 5, 1, 2, 5, 1, 2, 1, 2, 2, 1, 2, 3, 2, 1, 1, 1, 1, 1, 1, 2, 2, 1, 1, 1, 1, 2, 1, 1, 5, 1, 1]"
BRASS,3.5135,1.1696,37,"[5, 3, 4, 2, 5, 5, 4, 3, 5, 2, 4, 4, 3, 4, 5, 2, 5, 2, 5, 3, 4, 3, 5, 2, 4, 2, 3, 4, 2, 5, 3, 2, 4, 2, 3, 5, 2]"
BRAZIL,3.7436,1.2506,39,"[2, 3, 3, 3, 3, 5, 5, 4, 5, 5, 4, 5, 2, 4, 5, 2, 5, 2, 4, 4, 2, 1, 4, 2, 5, 5, 5, 3, 4, 5, 2, 4, 5, 5, 2, 5, 3, 5, 4]"
BREATH,2.5909,0.9958,44,"[2, 1, 4, 2, 2, 3, 2, 2, 2, 2, 2, 4, 2, 3, 2, 3, 3, 5, 3, 2, 1, 2, 3, 5, 3, 2, 3, 4, 2, 3, 3, 2, 3, 5, 2, 2, 3, 2, 2, 2, 1, 2, 4, 2]"
BRENDA,2.5406,1.2588,320,"[2, 4, 3, 3, 1, 1, 4, 1, 2, 2, 2, 4, 5, 2, 2, 2, 5, 2, 5, 3, 3, 1, 2, 1, 4, 5, 2, 2, 4, 1, 3, 3, 3, 2, 5, 3, 2, 2, 2, 1, 5, 4, 2, 5, 1, 2, 2, 1, 3, 4, 2, 2, 1, 2, 1, 5, 2, 3, 3, 1, 2, 4, 2, 2, 4, 1, 4, 2, 1, 1, 2, 1, 5, 5, 2, 5, 1, 4, 2, 5, 4, 2, 1, 2, 5, 2, 2, 4, 3, 2, 2, 5, 3, 2, 4, 1, 2, 2, 4, 2, 3, 4, 3, 1, 2, 2, 5, 4, 1, 3, 2, 4, 2, 3, 4, 4, 1, 2, 2, 5, 2, 3, 2, 4, 5, 5, 1, 2, 1, 1, 2, 2, 2, 2, 3, 2, 3, 2, 1, 2, 2, 2, 1, 2, 2, 2, 3, 1, 4, 2, 1, 5, 1, 5, 1, 1, 2, 3, 4, 1, 2, 3, 2, 2, 1, 1, 2, 1, 4, 1, 2, 5, 3, 1, 3, 2, 5, 2, 3, 5, 2, 2, 1, 3, 4, 2, 5, 3, 2, 1, 3, 2, 2, 5, 2, 3, 2, 1, 2, 4, 3, 5, 2, 2, 2, 5, 1, 2, 3, 2, 1, 5, 2, 3, 2, 5, 5, 2, 2, 1, 3, 2, 4, 2, 2, 2, 2, 2, 3, 2, 2, 1, 2, 2, 4, 1, 2, 2, 4, 5, 2, 2, 1, 4, 3, 4, 3, 2, 5, 1, 3, 3, 4, 2, 2, 4, 4, 1, 2, 2, 5, 2, 3, 1, 3, 1, 5, 2, 5, 2, 2, 3, 2, 1, 1, 5, 3, 2, 2, 3, 2, 2, 2, 1, 2, 3, 5, 1, 3, 4, 3, 2, 3, 2, 2, 2, 2, 1, 2, 2, 3, 2, 1, 1, 2, 2, 4, 2, 1, 2, 2, 2, 1, 5, 2, 2, 1, 1, 1, 3]"
BRETT,2.1538,1.2256,39,"[2, 1, 1, 2, 2, 5, 1, 2, 5, 2, 2, 3, 2, 1, 4, 2, 1, 2, 4, 2, 2, 1, 2, 2, 1, 5, 2, 1, 2, 2, 2, 1, 5, 2, 2, 1, 1, 1, 3]"
BRILLIANT,2.4359,0.9118,39,"[2, 2, 3, 2, 2, 1, 2, 2, 5, 2, 2, 3, 2, 2, 3, 2, 3, 2, 2, 3, 2, 3, 2, 2, 1, 2, 2, 4, 2, 3, 2, 3, 4, 5, 2, 2, 1, 3, 3]"
BRINK,2.2143,0.9249,42,"[3, 5, 2, 2, 2, 2, 2, 2, 2, 4, 2, 3, 2, 2, 3, 4, 2, 2, 3, 2, 3, 2, 3, 2, 1, 1, 1, 2, 1, 3, 2, 2, 1, 1, 1, 1, 2, 4, 3, 2, 2, 2]"
BRITANNICA,2.5,1.1767,40,"[3, 4, 1, 4, 1, 3, 4, 2, 2, 2, 3, 1, 4, 2, 2, 2, 4, 2, 5, 1, 1, 1, 4, 1, 4, 1, 2, 4, 4, 1, 3, 4, 3, 2, 2, 2, 2, 3, 2, 2]"
BROCCOLI,4.25,1.276,40,"[5, 5, 5, 5, 5, 5, 5, 5, 2, 2, 5, 5, 5, 2, 2, 5, 5, 2, 5, 5, 5, 5, 5, 5, 5, 5, 2, 5, 5, 3, 5, 5, 5, 2, 5, 4, 2, 5, 2, 5]"
BRONX,2.9524,1.2678,42,"[5, 3, 2, 2, 2, 5, 2, 4, 2, 5, 3, 5, 3, 2, 1, 1, 2, 3, 4, 2, 4, 2, 4, 2, 1, 3, 3, 5, 1, 3, 2, 2, 4, 4, 3, 4, 2, 1, 5, 4, 4, 3]"
BROWNSTONE,2.8108,1.2657,37,"[1, 1, 3, 2, 5, 1, 2, 3, 3, 2, 4, 4, 3, 2, 5, 2, 4, 2, 2, 2, 4, 2, 4, 2, 5, 2, 2, 3, 2, 5, 4, 1, 4, 2, 2, 5, 2]"
BRUISING,3.5385,1.2106,39,"[5, 3, 4, 5, 5, 3, 4, 4, 2, 2, 4, 5, 2, 2, 4, 4, 2, 5, 3, 2, 4, 4, 5, 4, 5, 2, 4, 3, 1, 4, 5, 5, 2, 4, 3, 2, 4, 2, 5]"
BRUNCH,3.359,1.0879,39,"[2, 4, 3, 3, 4, 4, 2, 4, 2, 4, 4, 4, 2, 3, 2, 2, 4, 2, 5, 4, 2, 4, 3, 2, 3, 5, 4, 4, 2, 5, 2, 5, 5, 4, 2, 5, 3, 3, 4]"
BRUTES,2.6579,1.1689,38,"[4, 4, 3, 3, 4, 3, 2, 5, 2, 2, 2, 2, 4, 2, 2, 3, 2, 3, 3, 1, 1, 4, 4, 4, 1, 2, 4, 3, 1, 4, 2, 2, 1, 2, 2, 1, 2, 5]"
BUCKLE,3.7619,1.3031,42,"[5, 5, 2, 2, 5, 5, 2, 5, 2, 5, 5, 5, 3, 2, 5, 5, 2, 5, 4, 2, 4, 2, 4, 2, 3, 5, 5, 4, 5, 5, 2, 2, 4, 3, 5, 3, 2, 5, 5, 5, 3, 4]"
BUDDY,3.0541,1.1291,37,"[4, 4, 2, 2, 4, 5, 4, 3, 3, 2, 4, 2, 3, 4, 4, 1, 5, 2, 1, 2, 4, 3, 4, 3, 5, 2, 2, 3, 2, 2, 3, 5, 3, 2, 3, 4, 2]"
BUDGET,2.3243,1.0015,37,"[5, 2, 2, 2, 4, 4, 2, 3, 2, 2, 1, 1, 1, 3, 2, 1, 5, 2, 3, 2, 3, 3, 2, 3, 2, 2, 3, 2, 2, 2, 1, 1, 2, 2, 2, 3, 2]"
BUGHOUSE,3.25,1.0522,36,"[4, 5, 4, 4, 2, 3, 4, 5, 2, 2, 4, 5, 2, 4, 4, 2, 5, 3, 3, 2, 4, 2, 3, 2, 4, 2, 4, 2, 2, 3, 3, 4, 2, 4, 4, 3]"
BULLETPROOF,3.2162,1.2502,37,"[5, 1, 3, 2, 5, 5, 3, 3, 5, 2, 2, 3, 3, 5, 3, 3, 5, 2, 1, 5, 4, 2, 3, 3, 3, 2, 3, 3, 2, 3, 3, 5, 5, 2, 3, 5, 2]"
BULLS,4.0244,1.4051,41,"[5, 5, 2, 2, 2, 5, 2, 5, 2, 5, 4, 5, 5, 2, 5, 5, 2, 5, 5, 2, 2, 5, 2, 5, 5, 5, 5, 5, 5, 2, 2, 5, 5, 5, 5, 2, 5, 5, 5, 5, 5]"
BUNDY,2.1,1.2568,40,"[2, 4, 1, 5, 1, 1, 1, 2, 2, 2, 2, 1, 1, 2, 2, 1, 4, 2, 5, 2, 1, 3, 1, 1, 2, 5, 2, 4, 1, 1, 1, 3, 1, 2, 1, 3, 2, 1, 2, 4]"
BURDEN,2.35,1.0513,40,"[4, 1, 3, 4, 2, 1, 1, 2, 2, 2, 3, 3, 2, 2, 2, 2, 3, 2, 3, 1, 1, 3, 4, 2, 3, 1, 2, 3, 1, 1, 3, 5, 4, 2, 2, 3, 2, 1, 2, 4]"
BURKE,2.0,1.066,45,"[2, 1, 1, 1, 2, 1, 2, 2, 1, 1, 2, 1, 3, 1, 2, 1, 1, 1, 3, 2, 1, 2, 3, 5, 2, 2, 1, 2, 3, 2, 4, 1, 2, 4, 5, 2, 2, 2, 2, 2, 2, 1, 2, 4, 1]"
BURUNDI,2.1081,1.1251,37,"[1, 4, 3, 2, 2, 1, 2, 3, 2, 2, 2, 4, 1, 3, 5, 1, 1, 2, 1, 1, 3, 1, 3, 1, 5, 2, 1, 1, 2, 2, 3, 1, 2, 2, 1, 3, 2]"
BUSES,3.9286,1.4037,42,"[5, 5, 2, 2, 5, 5, 2, 5, 2, 5, 5, 5, 5, 2, 5, 5, 2, 5, 4, 2, 4, 2, 5, 2, 4, 1, 5, 5, 5, 5, 2, 2, 4, 5, 5, 5, 2, 5, 5, 4, 5, 5]"
BUSINESSMEN,3.8889,1.1409,36,"[3, 5, 5, 3, 2, 5, 4, 5, 3, 2, 5, 4, 2, 4, 4, 5, 4, 5, 4, 2, 3, 5, 5, 4, 4, 2, 5, 2, 5, 5, 4, 4, 2, 4, 5, 5]"
BUTTERCUP,3.7179,1.2967,39,"[2, 4, 4, 4, 4, 5, 5, 5, 2, 5, 5, 3, 2, 3, 3, 2, 3, 2, 4, 5, 2, 5, 5, 2, 5, 5, 3, 5, 2, 5, 2, 3, 5, 5, 2, 5, 2, 5, 5]"
BUTTERMILK,3.8462,1.2678,39,"[2, 4, 4, 5, 4, 5, 5, 4, 5, 5, 5, 4, 2, 4, 5, 2, 5, 2, 1, 5, 2, 4, 4, 2, 5, 5, 4, 5, 2, 5, 2, 5, 3, 5, 2, 5, 4, 4, 4]"
BUTTONS,4.027,1.3842,37,"[5, 4, 5, 2, 5, 5, 5, 2, 5, 2, 5, 5, 5, 2, 5, 1, 5, 2, 5, 5, 5, 5, 5, 3, 4, 2, 4, 5, 2, 5, 5, 5, 5, 2, 5, 5, 2]"
BYLINE,2.3784,1.1868,37,"[1, 4, 3, 2, 5, 1, 1, 3, 4, 2, 3, 1, 4, 4, 5, 1, 1, 2, 1, 1, 3, 3, 2, 2, 4, 2, 2, 3, 2, 3, 2, 1, 2, 3, 1, 2, 2]"
BYPASS,2.6444,1.0478,45,"[2, 3, 2, 2, 2, 3, 2, 2, 3, 4, 2, 2, 3, 1, 2, 4, 3, 3, 3, 2, 1, 2, 3, 5, 3, 2, 3, 2, 3, 2, 4, 1, 2, 3, 5, 2, 2, 5, 2, 4, 2, 1, 2, 4, 4]"
CAD,2.1892,1.1508,37,"[2, 5, 1, 2, 5, 1, 3, 3, 3, 2, 3, 1, 2, 5, 4, 1, 2, 2, 1, 1, 3, 1, 3, 2, 2, 2, 1, 2, 2, 2, 1, 1, 3, 2, 1, 2, 2]"
CADAVER,4.0833,1.2042,36,"[5, 5, 5, 3, 2, 5, 5, 5, 5, 2, 5, 5, 2, 5, 5, 5, 4, 4, 3, 2, 3, 5, 4, 5, 4, 2, 5, 2, 5, 5, 5, 4, 2, 4, 5, 5]"
CAGED,3.5405,1.1924,37,"[5, 4, 2, 5, 4, 3, 2, 5, 4, 3, 5, 2, 5, 2, 4, 3, 2, 3, 4, 2, 2, 3, 4, 2, 4, 2, 3, 3, 5, 5, 2, 5, 5, 5, 4, 5, 3]"
CAIN,2.5833,1.2734,36,"[5, 2, 2, 4, 2, 1, 2, 5, 3, 2, 3, 3, 2, 1, 5, 2, 5, 3, 1, 2, 2, 1, 2, 2, 2, 4, 3, 2, 5, 2, 1, 4, 2, 3, 2, 1]"
CAIRO,3.2162,1.3771,37,"[5, 4, 3, 2, 5, 3, 3, 2, 4, 2, 3, 5, 3, 5, 5, 2, 5, 2, 5, 1, 4, 4, 4, 4, 5, 2, 1, 1, 2, 3, 4, 4, 2, 2, 1, 5, 2]"
CALZONE,3.6667,1.4142,45,"[5, 5, 5, 4, 2, 4, 2, 2, 4, 5, 2, 5, 5, 5, 2, 5, 5, 2, 5, 2, 5, 2, 3, 5, 2, 2, 3, 5, 5, 2, 5, 5, 2, 3, 5, 2, 2, 5, 2, 5, 2, 5, 2, 5, 5]"
CAMBODIAN,3.25,1.2734,36,"[5, 5, 2, 5, 2, 4, 2, 5, 3, 5, 5, 2, 3, 2, 4, 4, 2, 1, 3, 2, 3, 2, 2, 4, 1, 3, 5, 4, 4, 2, 4, 5, 3, 3, 4, 2]"
CAMERAS,4.0238,1.3523,42,"[5, 5, 2, 2, 5, 5, 2, 5, 2, 5, 5, 5, 5, 2, 5, 5, 2, 5, 4, 2, 3, 2, 5, 2, 5, 5, 5, 5, 5, 4, 2, 2, 5, 5, 5, 5, 2, 5, 5, 5, 5, 4]"
CANDID,1.9459,0.8802,37,"[5, 3, 2, 2, 1, 1, 2, 1, 1, 3, 1, 2, 3, 2, 2, 2, 2, 1, 2, 2, 2, 1, 2, 2, 3, 1, 2, 2, 2, 3, 2, 1, 1, 3, 3, 1, 1]"
CANDIES,3.6889,1.3284,45,"[5, 5, 5, 5, 2, 4, 2, 2, 4, 3, 2, 4, 5, 5, 2, 5, 5, 3, 5, 2, 5, 2, 3, 5, 4, 2, 4, 5, 4, 2, 4, 5, 2, 4, 5, 2, 2, 5, 2, 5, 2, 5, 2, 5, 5]"
CANDLELIGHT,3.9444,1.2408,36,"[4, 5, 5, 1, 2, 5, 4, 4, 4, 2, 5, 5, 2, 5, 4, 4, 5, 4, 2, 2, 5, 4, 5, 5, 4, 4, 5, 2, 4, 5, 5, 3, 2, 5, 5, 5]"
CANISTERS,3.9231,1.2436,39,"[2, 4, 5, 3, 4, 5, 5, 5, 5, 4, 5, 4, 2, 4, 5, 2, 5, 2, 4, 3, 2, 5, 5, 2, 5, 5, 4, 5, 2, 5, 2, 5, 5, 3, 2, 5, 3, 5, 5]"
CANVASS,3.5278,1.2758,36,"[5, 5, 5, 2, 2, 4, 4, 5, 3, 2, 3, 5, 2, 2, 1, 4, 1, 4, 4, 2, 5, 4, 5, 4, 3, 3, 4, 2, 5, 4, 5, 3, 2, 5, 4, 4]"
CAPONE,2.6486,1.3378,37,"[5, 2, 2, 5, 4, 4, 2, 3, 1, 1, 1, 2, 2, 2, 4, 4, 2, 1, 4, 3, 2, 5, 2, 2, 1, 1, 2, 2, 3, 4, 2, 3, 5, 2, 2, 5, 1]"
CAPPELLA,1.8611,0.6825,36,"[3, 2, 2, 2, 2, 2, 1, 1, 1, 3, 2, 2, 2, 2, 1, 2, 1, 1, 2, 2, 1, 2, 2, 1, 2, 2, 2, 2, 4, 2, 2, 3, 1, 2, 2, 1]"
CARAMEL,4.1622,1.2137,37,"[5, 5, 2, 5, 4, 5, 2, 5, 5, 5, 4, 2, 4, 2, 5, 5, 2, 5, 4, 4, 2, 5, 4, 2, 5, 5, 5, 5, 5, 5, 2, 5, 5, 5, 5, 5, 4]"
CAREEN,2.4359,0.9678,39,"[2, 2, 2, 1, 1, 2, 3, 3, 1, 3, 2, 4, 2, 2, 2, 2, 1, 2, 4, 2, 2, 4, 3, 2, 2, 3, 3, 4, 2, 2, 2, 3, 2, 4, 2, 3, 1, 5, 3]"
CARELESS,2.0811,1.0898,37,"[5, 3, 2, 2, 2, 3, 2, 2, 2, 1, 2, 2, 1, 2, 3, 2, 2, 1, 1, 1, 2, 1, 3, 2, 1, 1, 2, 2, 2, 5, 2, 2, 1, 3, 5, 1, 1]"
CARESSED,2.9286,1.0908,42,"[3, 5, 2, 2, 4, 5, 2, 3, 2, 5, 5, 4, 1, 2, 3, 3, 2, 3, 3, 2, 5, 2, 3, 2, 3, 3, 4, 3, 1, 4, 2, 2, 4, 2, 4, 3, 2, 2, 2, 3, 3, 3]"
CAROUSEL,4.2308,1.2662,39,"[2, 5, 5, 5, 4, 5, 5, 5, 5, 5, 5, 5, 2, 5, 5, 2, 5, 2, 4, 5, 2, 5, 5, 2, 4, 5, 5, 5, 2, 5, 2, 5, 5, 5, 2, 5, 5, 5, 5]"
CARPOOL,3.45,1.1756,40,"[3, 4, 4, 5, 4, 5, 4, 3, 2, 2, 3, 4, 5, 2, 2, 5, 4, 2, 5, 3, 5, 4, 4, 4, 5, 5, 2, 4, 3, 1, 3, 4, 3, 2, 2, 4, 2, 3, 2, 5]"
CARRIAGES,3.6,1.2685,45,"[4, 5, 4, 4, 2, 4, 2, 2, 3, 4, 2, 5, 5, 4, 2, 5, 5, 4, 5, 2, 5, 2, 3, 5, 3, 2, 4, 4, 4, 2, 5, 5, 2, 4, 5, 2, 2, 5, 2, 5, 2, 5, 2, 5, 4]"
CARRIERS,2.9744,1.0634,39,"[2, 2, 3, 2, 3, 4, 5, 3, 1, 3, 2, 4, 2, 3, 4, 2, 3, 2, 4, 2, 2, 3, 5, 2, 4, 5, 4, 4, 2, 3, 2, 3, 4, 3, 2, 5, 2, 2, 3]"
CARTWHEELS,4.0,1.2247,37,"[5, 5, 2, 5, 5, 4, 2, 5, 5, 5, 5, 2, 4, 2, 5, 4, 2, 4, 3, 3, 2, 4, 5, 2, 5, 4, 3, 5, 5, 5, 2, 5, 5, 5, 5, 5, 4]"
CARVINGS,3.7179,1.2128,39,"[2, 2, 4, 3, 3, 5, 3, 4, 5, 5, 5, 5, 2, 4, 5, 2, 4, 2, 4, 3, 2, 4, 5, 2, 5, 5, 4, 4, 2, 5, 2, 5, 5, 5, 2, 4, 3, 5, 4]"
CASANOVA,2.8718,1.0804,39,"[2, 3, 3, 2, 3, 3, 4, 2, 3, 3, 2, 4, 2, 4, 2, 2, 2, 2, 4, 2, 2, 1, 2, 2, 2, 3, 3, 4, 5, 5, 2, 4, 5, 4, 2, 5, 2, 2, 3]"
CASCADES,3.2973,1.1987,37,"[5, 4, 4, 2, 5, 5, 2, 4, 3, 2, 3, 3, 3, 5, 4, 3, 5, 2, 2, 2, 4, 2, 3, 2, 5, 2, 2, 4, 2, 4, 5, 2, 5, 2, 4, 4, 2]"
CASINO,3.8222,1.37,45,"[5, 5, 5, 5, 2, 4, 2, 2, 5, 5, 2, 5, 5, 5, 2, 5, 5, 5, 4, 2, 5, 2, 3, 5, 4, 2, 5, 5, 4, 2, 5, 5, 2, 4, 5, 2, 2, 5, 2, 5, 2, 5, 2, 5, 4]"
CASSIE,2.2143,1.1161,42,"[1, 3, 2, 2, 2, 4, 2, 3, 2, 1, 4, 5, 1, 2, 1, 2, 2, 2, 2, 2, 3, 2, 3, 2, 1, 2, 2, 1, 1, 2, 2, 2, 1, 2, 4, 2, 2, 5, 1, 5, 2, 1]"
CASTLE,4.2703,1.1937,37,"[5, 4, 5, 2, 5, 5, 5, 3, 5, 2, 5, 5, 5, 5, 5, 4, 5, 2, 5, 5, 5, 4, 5, 5, 5, 2, 5, 4, 2, 5, 5, 5, 5, 2, 5, 5, 2]"
CAT,4.093,1.3941,43,"[5, 5, 5, 5, 5, 5, 5, 5, 2, 5, 5, 2, 5, 2, 5, 5, 2, 5, 2, 5, 5, 5, 2, 5, 2, 5, 2, 5, 5, 2, 5, 2, 5, 5, 5, 5, 2, 5, 5, 2, 2, 5, 5]"
CATES,1.7857,1.0485,42,"[1, 3, 2, 2, 2, 2, 2, 1, 2, 1, 2, 5, 1, 2, 1, 1, 2, 1, 2, 2, 1, 2, 2, 2, 1, 1, 1, 1, 5, 1, 2, 2, 1, 1, 1, 1, 2, 4, 1, 4, 1, 1]"
CAVALRY,3.6111,1.2712,36,"[5, 5, 2, 4, 4, 2, 5, 5, 4, 5, 2, 3, 2, 5, 5, 2, 1, 4, 4, 2, 3, 2, 2, 4, 4, 3, 5, 5, 4, 2, 5, 5, 5, 3, 4, 3]"
CAVENDISH,1.9333,0.8634,45,"[3, 1, 1, 1, 2, 2, 2, 2, 1, 1, 2, 1, 2, 1, 2, 1, 2, 1, 3, 2, 1, 2, 3, 5, 2, 2, 2, 1, 2, 2, 2, 1, 2, 3, 4, 2, 2, 3, 2, 1, 2, 1, 2, 3, 2]"
CAVERN,3.973,1.213,37,"[5, 5, 2, 5, 5, 4, 2, 5, 5, 5, 5, 2, 4, 2, 5, 5, 2, 4, 4, 3, 2, 4, 4, 2, 5, 5, 5, 4, 5, 4, 2, 5, 5, 5, 3, 5, 3]"
CAW,1.9429,1.1099,35,"[1, 2, 2, 4, 1, 3, 2, 4, 3, 1, 5, 2, 2, 2, 2, 2, 2, 1, 4, 1, 2, 1, 2, 2, 1, 1, 1, 1, 2, 1, 1, 1, 4, 1, 1]"
CAYMAN,2.6667,1.3939,36,"[5, 2, 5, 2, 4, 2, 5, 1, 1, 1, 2, 1, 2, 3, 4, 2, 1, 3, 1, 2, 1, 4, 2, 4, 1, 3, 4, 3, 3, 2, 5, 4, 5, 2, 1, 3]"
CEDAR,3.4091,1.2634,44,"[5, 5, 5, 3, 2, 3, 2, 2, 4, 5, 2, 5, 4, 4, 2, 5, 5, 3, 4, 2, 2, 3, 5, 4, 2, 2, 4, 3, 2, 4, 5, 2, 4, 5, 2, 2, 5, 2, 3, 2, 5, 2, 5, 3]"
CELLAR,3.6222,1.3364,45,"[5, 5, 5, 4, 2, 3, 2, 2, 3, 5, 2, 5, 5, 5, 2, 5, 5, 4, 4, 2, 5, 2, 3, 5, 3, 2, 3, 5, 5, 2, 4, 5, 2, 3, 5, 2, 2, 5, 2, 5, 2, 5, 2, 5, 4]"
CELLULAR,3.2143,1.3531,42,"[5, 3, 2, 2, 5, 5, 2, 3, 2, 5, 5, 5, 2, 2, 2, 5, 2, 4, 2, 2, 3, 2, 4, 2, 4, 3, 3, 5, 5, 5, 2, 2, 4, 2, 5, 3, 2, 5, 1, 1, 4, 3]"
CENSUS,2.5278,1.1335,36,"[1, 5, 2, 4, 2, 2, 4, 4, 3, 2, 2, 3, 2, 3, 2, 5, 2, 2, 1, 2, 2, 2, 3, 2, 4, 2, 3, 2, 5, 1, 1, 3, 2, 1, 3, 2]"
CENTIMETERS,3.3333,1.3522,36,"[5, 5, 3, 2, 2, 3, 4, 5, 2, 2, 5, 3, 2, 4, 1, 4, 2, 4, 2, 2, 3, 5, 2, 5, 4, 2, 5, 2, 5, 4, 5, 4, 2, 4, 5, 1]"
CENTURION,2.9459,1.4897,37,"[3, 5, 2, 2, 1, 3, 2, 4, 5, 4, 5, 2, 1, 2, 1, 3, 2, 1, 4, 5, 2, 5, 1, 2, 1, 3, 2, 4, 4, 3, 2, 5, 5, 5, 2, 5, 1]"
CEREAL,3.9524,1.3058,42,"[5, 4, 2, 2, 5, 5, 2, 5, 2, 5, 5, 5, 5, 2, 5, 4, 2, 4, 5, 2, 4, 2, 5, 2, 4, 5, 5, 5, 5, 5, 2, 2, 5, 4, 5, 5, 2, 5, 5, 4, 5, 4]"
CESAREAN,3.2703,1.2616,37,"[5, 4, 1, 2, 5, 3, 3, 3, 5, 2, 4, 3, 3, 4, 4, 1, 5, 2, 3, 5, 5, 3, 3, 3, 4, 2, 3, 3, 2, 3, 3, 1, 5, 2, 5, 5, 2]"
CESSPOOL,3.027,1.2357,37,"[3, 1, 4, 2, 5, 2, 2, 3, 3, 2, 3, 1, 4, 5, 5, 3, 5, 2, 2, 1, 4, 3, 4, 3, 5, 2, 2, 3, 2, 4, 2, 3, 4, 2, 4, 5, 2]"
CHAGRIN,1.75,0.8397,40,"[2, 3, 1, 2, 1, 1, 1, 1, 2, 2, 1, 1, 1, 2, 2, 1, 2, 2, 1, 1, 1, 2, 3, 2, 3, 3, 2, 2, 2, 1, 1, 5, 1, 2, 1, 1, 2, 2, 2, 2]"
CHAMBERMAID,3.5385,1.3148,39,"[5, 5, 4, 3, 5, 5, 5, 4, 2, 2, 4, 4, 5, 2, 2, 3, 5, 2, 5, 5, 3, 4, 5, 4, 1, 2, 4, 4, 1, 4, 4, 5, 2, 4, 2, 2, 3, 2, 5]"
CHANCERY,2.0811,0.9539,37,"[1, 4, 2, 2, 3, 1, 2, 4, 1, 2, 2, 2, 1, 4, 2, 2, 2, 2, 1, 1, 2, 1, 2, 2, 5, 2, 1, 3, 2, 2, 2, 2, 3, 2, 1, 2, 2]"
CHANDLER,2.475,1.3585,40,"[2, 4, 1, 3, 1, 3, 1, 2, 2, 2, 1, 1, 5, 2, 2, 2, 4, 2, 5, 2, 1, 2, 1, 1, 3, 5, 2, 3, 5, 1, 1, 5, 3, 2, 4, 2, 2, 2, 2, 5]"
CHANG,1.7692,0.8417,39,"[2, 1, 1, 1, 1, 2, 1, 3, 2, 2, 2, 1, 2, 1, 1, 2, 1, 2, 4, 2, 2, 1, 1, 2, 1, 3, 1, 3, 2, 2, 2, 1, 4, 3, 2, 1, 1, 1, 2]"
CHARACTERIZED,1.675,0.6938,40,"[3, 2, 1, 2, 2, 2, 1, 1, 2, 2, 1, 1, 1, 2, 2, 1, 1, 2, 1, 1, 1, 2, 2, 3, 2, 1, 2, 3, 1, 1, 1, 3, 2, 2, 1, 3, 2, 1, 2, 1]"
CHART,3.6512,1.2127,43,"[4, 4, 4, 4, 5, 4, 4, 4, 2, 4, 5, 2, 3, 2, 4, 4, 2, 5, 2, 5, 5, 5, 2, 5, 2, 3, 2, 5, 4, 2, 5, 2, 5, 4, 5, 4, 2, 4, 5, 2, 2, 4, 5]"
CHASTITY,2.0714,0.9974,42,"[2, 3, 2, 2, 2, 5, 2, 3, 2, 4, 3, 1, 1, 2, 1, 2, 2, 1, 2, 2, 1, 2, 3, 2, 2, 1, 2, 2, 1, 3, 2, 2, 3, 1, 1, 1, 2, 1, 1, 5, 3, 2]"
CHAUFFEUR,3.6744,1.229,43,"[5, 4, 4, 4, 4, 3, 4, 4, 2, 4, 5, 2, 4, 2, 4, 4, 2, 5, 2, 5, 4, 5, 2, 5, 2, 4, 2, 5, 4, 2, 5, 2, 5, 5, 5, 5, 2, 3, 4, 2, 2, 5, 5]"
CHE,2.3333,1.2247,45,"[1, 1, 2, 5, 2, 2, 2, 2, 1, 3, 2, 1, 4, 5, 2, 1, 1, 2, 3, 2, 1, 2, 3, 5, 2, 2, 4, 4, 2, 2, 2, 1, 2, 2, 5, 2, 2, 3, 2, 1, 2, 1, 2, 5, 2]"
CHECKUP,2.7838,1.1089,37,"[5, 1, 2, 2, 1, 5, 2, 3, 4, 2, 4, 3, 2, 3, 4, 1, 5, 2, 3, 4, 3, 3, 3, 3, 2, 2, 3, 2, 2, 2, 3, 2, 3, 2, 3, 5, 2]"
CHEEP,1.8974,0.7538,39,"[2, 2, 1, 2, 3, 1, 2, 3, 2, 1, 1, 1, 2, 1, 1, 2, 1, 2, 2, 2, 2, 1, 3, 2, 1, 2, 2, 3, 2, 4, 2, 3, 1, 2, 2, 2, 1, 3, 2]"
CHER,3.3721,1.4313,43,"[5, 4, 4, 4, 4, 4, 1, 5, 2, 4, 5, 2, 2, 2, 4, 5, 2, 4, 2, 5, 5, 5, 2, 5, 2, 3, 2, 3, 5, 2, 5, 2, 2, 5, 5, 4, 2, 1, 5, 2, 2, 1, 5]"
CHESAPEAKE,2.925,1.1851,40,"[2, 4, 3, 3, 4, 5, 5, 2, 2, 2, 4, 1, 5, 2, 2, 4, 4, 2, 5, 2, 2, 2, 4, 4, 4, 2, 2, 4, 5, 3, 1, 2, 2, 2, 3, 3, 2, 2, 2, 3]"
CHIHUAHUA,4.2564,1.3322,39,"[2, 4, 5, 5, 5, 5, 5, 5, 5, 5, 5, 5, 2, 5, 5, 2, 1, 2, 5, 5, 2, 5, 5, 2, 5, 5, 5, 5, 5, 5, 2, 5, 5, 5, 2, 5, 5, 5, 5]"
CHILE,3.5897,1.2506,39,"[2, 3, 3, 3, 3, 5, 5, 4, 5, 3, 5, 4, 2, 4, 4, 2, 5, 2, 5, 3, 2, 1, 4, 2, 4, 5, 5, 3, 2, 5, 2, 4, 5, 5, 2, 5, 3, 5, 4]"
CHINO,2.3902,1.0217,41,"[4, 2, 4, 4, 4, 1, 1, 2, 2, 1, 5, 2, 2, 2, 2, 2, 3, 2, 3, 2, 4, 2, 4, 2, 2, 2, 2, 3, 2, 1, 2, 3, 3, 2, 2, 1, 2, 2, 2, 1, 4]"
CHIPPY,1.9556,0.8516,45,"[2, 1, 1, 1, 2, 1, 2, 2, 1, 2, 2, 1, 3, 1, 2, 3, 1, 2, 1, 2, 1, 2, 3, 1, 2, 2, 2, 2, 4, 2, 2, 1, 2, 3, 5, 2, 2, 2, 2, 3, 2, 1, 2, 3, 2]"
CHOKING,3.641,1.2458,39,"[2, 3, 4, 4, 4, 4, 2, 5, 5, 4, 4, 5, 2, 4, 5, 2, 5, 2, 3, 3, 2, 3, 5, 2, 2, 5, 5, 5, 2, 5, 2, 5, 5, 5, 2, 5, 3, 3, 4]"
CHOPPERS,3.7027,1.2217,37,"[5, 5, 2, 5, 5, 3, 2, 5, 5, 5, 5, 2, 4, 2, 4, 4, 2, 4, 3, 4, 2, 3, 3, 2, 5, 4, 4, 2, 5, 5, 2, 3, 5, 5, 3, 5, 3]"
CHOPPING,3.619,1.3606,42,"[4, 5, 2, 2, 5, 5, 2, 4, 2, 5, 5, 5, 4, 2, 4, 4, 2, 4, 4, 2, 5, 2, 5, 2, 4, 4, 5, 4, 5, 4, 2, 2, 5, 1, 5, 5, 2, 1, 5, 4, 5, 3]"
CHORES,2.85,1.0513,40,"[3, 3, 2, 3, 4, 2, 3, 3, 2, 2, 1, 4, 5, 2, 2, 3, 2, 2, 4, 2, 3, 4, 4, 4, 4, 2, 2, 4, 3, 1, 3, 5, 2, 2, 3, 5, 2, 2, 2, 3]"
CHOWDER,3.4091,1.3175,44,"[4, 5, 5, 5, 2, 4, 2, 2, 2, 5, 2, 5, 5, 4, 2, 4, 5, 3, 5, 2, 5, 2, 3, 5, 3, 2, 2, 2, 4, 2, 3, 5, 2, 4, 5, 2, 2, 2, 4, 2, 5, 2, 5, 4]"
CHOY,1.775,0.947,40,"[1, 3, 1, 1, 1, 1, 1, 2, 2, 2, 1, 1, 5, 2, 2, 1, 3, 2, 3, 1, 1, 1, 4, 1, 3, 1, 2, 1, 3, 1, 1, 2, 2, 2, 2, 2, 2, 1, 2, 1]"
CHRIST,4.1389,1.1502,36,"[5, 4, 5, 4, 2, 5, 5, 5, 4, 2, 3, 5, 2, 3, 5, 4, 5, 5, 3, 2, 5, 5, 4, 5, 5, 5, 5, 2, 5, 5, 4, 4, 2, 5, 5, 5]"
CHRISTINE,2.5,1.2926,42,"[5, 2, 2, 2, 5, 1, 1, 3, 2, 1, 5, 2, 3, 2, 3, 5, 2, 1, 2, 3, 2, 5, 2, 2, 2, 2, 2, 3, 2, 2, 1, 2, 5, 1, 1, 2, 4, 4, 2, 2, 1, 4]"
CHRONOMETER,3.0278,1.4038,36,"[5, 5, 3, 3, 2, 4, 2, 5, 3, 2, 5, 1, 2, 1, 5, 4, 1, 4, 2, 2, 2, 4, 3, 5, 2, 2, 3, 2, 5, 1, 4, 4, 2, 3, 1, 5]"
CHRYSANTHEMUM,3.6216,1.4786,37,"[5, 4, 4, 2, 5, 5, 5, 3, 5, 2, 2, 1, 5, 5, 5, 3, 5, 2, 5, 1, 5, 4, 5, 1, 5, 2, 3, 3, 2, 5, 5, 4, 2, 2, 5, 5, 2]"
CHUCKLES,2.8837,1.0284,43,"[3, 3, 4, 2, 4, 4, 2, 3, 2, 4, 3, 2, 3, 2, 5, 5, 2, 1, 2, 2, 3, 2, 2, 3, 2, 2, 2, 4, 4, 2, 4, 2, 2, 4, 3, 4, 2, 3, 5, 2, 2, 3, 4]"
CHUG,2.814,1.0523,43,"[3, 2, 4, 3, 4, 5, 1, 3, 2, 2, 4, 2, 2, 2, 4, 3, 2, 2, 2, 3, 5, 5, 2, 2, 2, 2, 2, 3, 4, 2, 3, 2, 3, 4, 4, 4, 2, 3, 4, 2, 2, 1, 3]"
CHUNKS,3.2558,1.1358,43,"[4, 3, 4, 4, 5, 4, 3, 5, 2, 2, 5, 2, 4, 2, 4, 2, 2, 3, 2, 5, 5, 4, 2, 2, 2, 4, 2, 3, 4, 2, 3, 2, 4, 3, 4, 4, 2, 3, 5, 2, 2, 5, 4]"
CIRCUMVENT,2.0238,0.8407,42,"[1, 4, 2, 2, 4, 3, 2, 1, 2, 1, 2, 2, 1, 2, 2, 1, 2, 3, 2, 2, 3, 2, 3, 2, 2, 1, 2, 1, 4, 3, 2, 2, 1, 1, 2, 2, 2, 1, 2, 2, 3, 1]"
CIVILIZATIONS,2.7674,0.9471,43,"[2, 4, 2, 2, 3, 2, 4, 3, 2, 2, 5, 2, 4, 2, 4, 4, 2, 2, 2, 3, 3, 4, 2, 4, 2, 3, 2, 3, 1, 2, 3, 2, 2, 3, 3, 3, 2, 3, 4, 2, 2, 5, 3]"
CLANKING,2.3571,1.1004,42,"[1, 4, 2, 2, 2, 4, 2, 3, 2, 5, 2, 5, 3, 2, 2, 3, 2, 4, 1, 2, 4, 2, 4, 2, 2, 3, 2, 1, 1, 1, 2, 2, 1, 3, 2, 2, 2, 1, 2, 2, 4, 1]"
CLANNISH,1.907,0.7176,43,"[2, 2, 1, 3, 3, 1, 2, 1, 2, 1, 3, 2, 2, 2, 2, 3, 2, 2, 2, 3, 1, 3, 2, 3, 2, 1, 2, 1, 3, 2, 1, 2, 2, 1, 2, 1, 2, 1, 3, 2, 2, 1, 1]"
CLARKE,2.3333,1.069,36,"[3, 2, 4, 4, 2, 1, 1, 5, 2, 2, 2, 1, 2, 1, 2, 2, 3, 3, 1, 2, 2, 3, 2, 1, 2, 2, 2, 2, 5, 3, 1, 3, 2, 4, 2, 3]"
CLASHING,2.7179,0.9162,39,"[2, 2, 4, 3, 2, 3, 3, 3, 2, 4, 2, 3, 2, 3, 1, 2, 2, 2, 4, 3, 2, 3, 4, 2, 2, 3, 3, 3, 2, 2, 2, 4, 4, 5, 2, 4, 1, 3, 3]"
CLASSMATES,3.6944,1.1166,36,"[4, 5, 4, 4, 2, 3, 5, 5, 2, 2, 4, 5, 2, 3, 5, 4, 5, 4, 3, 2, 3, 5, 5, 5, 4, 3, 5, 2, 5, 3, 3, 3, 2, 4, 4, 4]"
CLATTERS,1.9286,0.9211,42,"[1, 4, 2, 2, 2, 5, 2, 3, 2, 2, 3, 3, 1, 2, 1, 2, 2, 1, 1, 2, 3, 2, 3, 2, 3, 3, 2, 1, 1, 1, 2, 2, 1, 1, 2, 1, 2, 1, 2, 1, 1, 1]"
CLEANERS,3.0,1.2432,45,"[3, 1, 5, 4, 2, 3, 2, 2, 4, 5, 2, 4, 4, 1, 2, 3, 4, 3, 4, 2, 5, 2, 3, 5, 3, 2, 2, 4, 4, 2, 3, 1, 2, 4, 5, 2, 2, 5, 2, 4, 2, 2, 2, 5, 2]"
CLEANSED,2.3111,0.925,45,"[2, 1, 3, 3, 2, 3, 2, 2, 4, 1, 2, 3, 3, 1, 2, 1, 1, 3, 3, 2, 1, 2, 3, 2, 2, 2, 3, 3, 3, 2, 2, 1, 2, 4, 5, 2, 2, 3, 2, 3, 2, 1, 2, 4, 2]"
CLENCHED,3.025,0.9997,40,"[5, 2, 3, 3, 5, 4, 3, 4, 2, 2, 3, 3, 3, 2, 2, 3, 3, 2, 4, 3, 2, 4, 4, 4, 4, 4, 2, 3, 3, 1, 3, 3, 4, 2, 2, 2, 2, 4, 2, 5]"
CLERK,3.7,1.2649,40,"[5, 5, 4, 5, 3, 4, 5, 5, 2, 2, 3, 4, 5, 2, 2, 5, 4, 2, 5, 3, 5, 3, 5, 4, 5, 5, 2, 4, 4, 1, 5, 5, 3, 2, 4, 4, 2, 3, 2, 5]"
CLIMAX,2.8108,1.2657,37,"[5, 5, 2, 3, 2, 4, 2, 3, 3, 3, 2, 2, 4, 2, 5, 5, 2, 1, 1, 4, 2, 3, 3, 2, 4, 1, 1, 2, 4, 3, 2, 2, 3, 4, 5, 2, 1]"
CLOCK,4.3243,1.2484,37,"[5, 5, 2, 5, 5, 5, 2, 5, 5, 5, 5, 2, 4, 2, 5, 5, 2, 5, 5, 5, 2, 5, 5, 2, 5, 5, 5, 5, 5, 5, 2, 5, 5, 5, 5, 5, 5]"
CLOD,2.5349,1.0987,43,"[4, 2, 3, 2, 5, 3, 3, 3, 2, 2, 4, 2, 1, 2, 1, 3, 2, 4, 2, 2, 2, 3, 2, 4, 2, 2, 2, 3, 4, 2, 3, 2, 3, 1, 1, 5, 2, 1, 5, 2, 2, 1, 3]"
CLOTHING,3.8919,1.2863,37,"[5, 2, 5, 2, 5, 5, 4, 3, 4, 2, 4, 5, 5, 5, 5, 1, 5, 2, 5, 5, 5, 4, 5, 4, 4, 2, 4, 3, 2, 4, 5, 5, 5, 2, 4, 5, 2]"
CLOUD,4.25,1.2042,36,"[5, 5, 5, 3, 2, 5, 5, 5, 5, 2, 5, 5, 2, 5, 5, 5, 5, 5, 5, 2, 5, 4, 5, 5, 4, 2, 5, 2, 5, 5, 5, 4, 2, 4, 5, 5]"
CLOWN,4.359,1.2245,39,"[2, 5, 5, 5, 5, 5, 5, 5, 5, 5, 5, 5, 2, 5, 5, 2, 5, 2, 5, 5, 2, 5, 5, 2, 5, 5, 5, 5, 4, 5, 2, 5, 5, 5, 2, 5, 5, 5, 5]"
CLUES,2.4595,1.0696,37,"[2, 3, 2, 2, 1, 4, 1, 3, 2, 2, 2, 3, 2, 5, 2, 4, 5, 2, 1, 5, 3, 2, 2, 3, 2, 2, 3, 2, 2, 1, 2, 1, 3, 2, 3, 3, 2]"
CLUNK,2.3611,1.1748,36,"[5, 4, 1, 2, 2, 3, 1, 3, 1, 2, 1, 2, 5, 3, 1, 5, 2, 1, 3, 2, 1, 3, 2, 2, 2, 1, 3, 2, 3, 1, 4, 3, 2, 2, 3, 2]"
CLUTTERS,2.7179,1.1459,39,"[2, 2, 3, 2, 2, 3, 3, 2, 5, 4, 2, 3, 2, 4, 2, 2, 1, 2, 2, 3, 2, 5, 5, 2, 3, 3, 1, 4, 2, 5, 2, 4, 4, 2, 2, 2, 2, 4, 1]"
COCA,2.8205,1.374,39,"[2, 2, 2, 2, 2, 4, 3, 5, 2, 1, 5, 2, 2, 4, 3, 2, 3, 2, 5, 2, 2, 1, 2, 2, 3, 5, 3, 5, 2, 5, 2, 4, 1, 5, 2, 5, 1, 1, 4]"
COCKROACH,4.1293,1.3285,317,"[5, 5, 5, 5, 5, 5, 5, 5, 2, 2, 5, 5, 5, 2, 2, 5, 5, 2, 5, 5, 5, 5, 5, 5, 5, 5, 2, 5, 5, 1, 5, 4, 2, 5, 4, 2, 5, 2, 5, 5, 5, 2, 5, 5, 4, 2, 5, 5, 5, 5, 2, 5, 2, 5, 2, 5, 5, 5, 2, 5, 5, 2, 5, 5, 5, 5, 5, 5, 2, 5, 5, 5, 5, 5, 5, 5, 5, 5, 2, 2, 5, 5, 5, 5, 2, 5, 5, 2, 5, 5, 5, 5, 5, 5, 2, 3, 5, 5, 5, 4, 1, 5, 2, 5, 5, 5, 5, 2, 4, 5, 5, 5, 5, 2, 2, 5, 5, 2, 5, 2, 5, 5, 5, 5, 2, 5, 5, 2, 5, 5, 2, 5, 2, 5, 2, 5, 5, 5, 5, 5, 4, 2, 2, 5, 5, 5, 5, 2, 5, 5, 5, 5, 4, 5, 5, 5, 5, 2, 5, 2, 2, 5, 5, 2, 5, 5, 5, 1, 5, 5, 5, 5, 2, 5, 2, 3, 5, 5, 2, 4, 5, 5, 2, 4, 5, 2, 3, 5, 2, 2, 5, 2, 5, 2, 5, 2, 5, 4, 5, 5, 5, 5, 5, 5, 5, 5, 2, 4, 5, 2, 4, 2, 5, 5, 2, 5, 2, 5, 5, 5, 2, 5, 2, 5, 2, 5, 5, 2, 5, 2, 5, 5, 5, 5, 2, 5, 5, 2, 2, 5, 5, 5, 4, 5, 2, 5, 5, 5, 3, 5, 2, 5, 5, 5, 3, 5, 3, 5, 2, 5, 5, 5, 5, 5, 4, 5, 2, 5, 5, 2, 4, 5, 5, 5, 2, 5, 5, 2, 2, 5, 5, 5, 5, 5, 5, 5, 5, 5, 5, 5, 2, 5, 5, 2, 5, 2, 5, 5, 2, 5, 5, 2, 5, 5, 5, 5, 2, 5, 2, 5, 5, 5, 2, 5, 5, 5, 5]"
COERCED,1.8605,0.8042,43,"[2, 2, 1, 1, 2, 2, 2, 2, 2, 3, 1, 2, 2, 2, 4, 1, 2, 1, 2, 2, 1, 2, 2, 5, 2, 2, 2, 1, 1, 2, 1, 2, 2, 1, 1, 1, 2, 2, 3, 2, 2, 1, 2]"
COGNIZANT,1.5714,0.6678,42,"[1, 2, 2, 2, 2, 4, 2, 1, 2, 2, 2, 1, 1, 2, 1, 1, 2, 1, 1, 2, 2, 2, 3, 2, 1, 1, 1, 1, 1, 1, 2, 2, 1, 1, 2, 1, 2, 1, 1, 2, 1, 1]"
COHESION,1.925,0.859,40,"[3, 1, 1, 3, 1, 1, 1, 2, 2, 2, 1, 2, 1, 2, 2, 3, 2, 2, 4, 1, 1, 1, 2, 3, 3, 1, 2, 2, 3, 1, 1, 3, 3, 2, 1, 3, 2, 1, 2, 3]"
COINCIDE,1.625,0.6279,40,"[3, 2, 2, 2, 2, 2, 1, 1, 2, 2, 1, 1, 2, 2, 2, 1, 1, 2, 2, 1, 1, 1, 1, 1, 3, 1, 2, 2, 2, 1, 1, 1, 2, 2, 1, 3, 2, 1, 2, 1]"
COKES,3.4186,1.3841,43,"[5, 5, 4, 4, 5, 2, 4, 5, 2, 5, 5, 2, 2, 2, 2, 5, 2, 5, 2, 3, 3, 4, 2, 5, 2, 2, 2, 4, 4, 2, 5, 2, 3, 5, 4, 5, 2, 5, 5, 2, 2, 1, 5]"
COLESLAW,4.225,1.2707,40,"[5, 5, 5, 5, 5, 5, 5, 5, 2, 2, 5, 5, 5, 2, 2, 5, 5, 2, 5, 4, 5, 5, 5, 5, 5, 5, 2, 5, 4, 3, 5, 5, 5, 2, 5, 5, 2, 5, 2, 5]"
COLLEEN,2.3611,1.3555,36,"[5, 4, 2, 1, 1, 2, 1, 1, 3, 1, 2, 4, 2, 3, 5, 2, 1, 3, 1, 2, 3, 1, 2, 4, 1, 3, 2, 1, 2, 2, 1, 5, 5, 2, 4, 1]"
COLLIER,2.2162,1.031,37,"[2, 3, 2, 2, 3, 1, 2, 3, 2, 2, 2, 2, 1, 3, 2, 2, 5, 2, 1, 1, 2, 4, 3, 2, 5, 2, 1, 4, 2, 2, 3, 1, 2, 2, 1, 1, 2]"
COLOMBO,2.6757,1.226,37,"[3, 4, 2, 2, 5, 1, 2, 3, 5, 2, 2, 4, 1, 5, 5, 2, 1, 2, 1, 3, 3, 3, 3, 2, 5, 2, 1, 3, 2, 3, 2, 2, 4, 2, 2, 3, 2]"
COLORBLIND,2.1282,0.8639,39,"[2, 2, 2, 2, 2, 2, 3, 1, 3, 2, 3, 1, 2, 2, 5, 2, 3, 2, 2, 3, 2, 1, 1, 2, 1, 1, 2, 3, 2, 4, 2, 3, 3, 2, 2, 2, 1, 1, 2]"
COLUMNIST,2.9459,1.1534,37,"[5, 2, 3, 2, 5, 5, 3, 4, 4, 2, 3, 2, 4, 2, 5, 1, 3, 2, 5, 4, 3, 3, 3, 1, 3, 2, 2, 4, 2, 2, 2, 3, 4, 2, 2, 3, 2]"
COMEBACK,2.2222,0.9292,36,"[1, 4, 3, 3, 2, 1, 3, 2, 2, 2, 3, 1, 2, 2, 4, 2, 2, 1, 1, 2, 3, 3, 3, 2, 2, 4, 1, 2, 2, 3, 1, 2, 2, 2, 4, 1]"
COMEDIAN,3.25,1.081,44,"[4, 5, 5, 4, 2, 3, 2, 2, 4, 4, 2, 4, 4, 4, 2, 3, 3, 3, 5, 3, 4, 2, 3, 5, 3, 2, 3, 3, 4, 2, 3, 3, 2, 3, 5, 2, 2, 2, 4, 2, 4, 2, 5, 5]"
COMINGS,1.75,0.8409,36,"[2, 3, 1, 2, 1, 1, 1, 3, 1, 2, 2, 1, 3, 3, 3, 1, 4, 2, 1, 2, 1, 1, 3, 1, 2, 1, 2, 2, 1, 1, 1, 1, 2, 1, 2, 2]"
COMMISSAR,2.4,1.2136,45,"[3, 1, 1, 2, 2, 1, 2, 2, 1, 2, 2, 2, 3, 1, 2, 2, 5, 3, 3, 2, 1, 2, 3, 5, 2, 2, 3, 2, 4, 2, 4, 5, 2, 1, 5, 2, 2, 5, 2, 2, 2, 1, 2, 4, 1]"
COMMONPLACE,1.9487,0.9162,39,"[3, 2, 1, 1, 2, 2, 1, 2, 2, 2, 1, 1, 3, 2, 2, 2, 2, 2, 1, 1, 1, 2, 3, 2, 2, 2, 4, 2, 1, 2, 4, 2, 2, 1, 5, 2, 1, 2, 1]"
COMMOTION,2.7027,1.0237,37,"[5, 4, 3, 2, 2, 5, 2, 3, 3, 2, 3, 2, 2, 4, 4, 3, 3, 2, 1, 3, 3, 2, 3, 2, 3, 2, 2, 3, 2, 3, 1, 1, 3, 2, 3, 5, 2]"
COMMUNION,3.3333,1.3732,36,"[4, 5, 4, 2, 2, 4, 5, 2, 4, 2, 4, 5, 2, 2, 3, 4, 2, 2, 1, 2, 5, 5, 5, 4, 4, 4, 5, 2, 5, 3, 2, 2, 2, 5, 5, 1]"
COMPANY,2.7568,1.0112,37,"[5, 4, 2, 2, 3, 3, 2, 5, 3, 3, 4, 2, 2, 2, 2, 4, 2, 1, 3, 3, 2, 2, 4, 2, 3, 1, 2, 2, 3, 2, 2, 2, 3, 4, 4, 3, 4]"
COMPASSIONATE,1.9545,0.8056,44,"[2, 1, 1, 2, 2, 1, 2, 2, 2, 2, 2, 2, 1, 1, 2, 1, 1, 3, 2, 2, 1, 2, 3, 3, 2, 2, 2, 1, 3, 2, 2, 1, 2, 4, 4, 2, 2, 2, 2, 2, 1, 2, 4, 1]"
COMPENSATING,1.8205,0.9423,39,"[4, 1, 1, 1, 2, 3, 1, 3, 2, 2, 1, 1, 1, 2, 2, 2, 2, 2, 4, 1, 1, 2, 2, 1, 2, 2, 2, 1, 2, 1, 1, 5, 2, 1, 2, 2, 1, 2, 1]"
COMPLEMENTS,2.0698,0.8279,43,"[1, 2, 1, 2, 2, 3, 1, 2, 2, 2, 1, 2, 2, 2, 5, 3, 2, 2, 2, 1, 3, 3, 2, 3, 2, 2, 2, 1, 1, 2, 1, 2, 3, 1, 2, 4, 2, 2, 2, 2, 2, 3, 2]"
COMPLIMENTED,2.1389,0.7232,36,"[1, 3, 1, 3, 2, 2, 3, 2, 1, 2, 3, 2, 2, 3, 2, 3, 3, 2, 1, 2, 2, 3, 3, 2, 3, 3, 1, 2, 2, 3, 1, 2, 2, 2, 2, 1]"
COMPOUNDS,2.2286,0.9727,35,"[5, 2, 2, 2, 3, 2, 3, 5, 2, 1, 2, 2, 2, 2, 2, 2, 1, 3, 1, 2, 2, 2, 2, 3, 1, 2, 3, 2, 3, 2, 1, 1, 4, 2, 2]"
CONCEITED,1.95,0.9323,40,"[4, 1, 1, 1, 2, 3, 1, 2, 2, 2, 1, 3, 1, 2, 2, 3, 2, 2, 3, 1, 1, 1, 2, 2, 3, 1, 2, 2, 2, 1, 2, 5, 3, 2, 1, 3, 2, 1, 2, 1]"
CONCEIVE,2.5278,1.1335,36,"[1, 3, 3, 4, 2, 1, 3, 1, 1, 2, 3, 3, 2, 4, 5, 2, 3, 2, 1, 2, 4, 4, 3, 3, 2, 4, 3, 2, 1, 3, 1, 2, 2, 2, 5, 2]"
CONCEPTS,1.7297,0.8708,37,"[1, 3, 1, 2, 1, 2, 1, 3, 1, 2, 1, 1, 1, 5, 2, 1, 3, 2, 1, 1, 2, 2, 1, 1, 1, 2, 3, 2, 2, 1, 1, 2, 2, 2, 1, 2, 2]"
CONCERNED,2.0976,0.8308,41,"[4, 3, 2, 2, 2, 5, 2, 1, 2, 3, 2, 2, 1, 2, 2, 2, 2, 2, 3, 2, 3, 2, 2, 2, 1, 3, 3, 2, 1, 2, 2, 2, 2, 1, 1, 1, 2, 1, 3, 2, 2]"
CONCESSION,2.5385,0.9959,39,"[2, 2, 3, 2, 1, 3, 2, 4, 3, 2, 3, 2, 2, 4, 4, 2, 3, 2, 2, 3, 2, 3, 1, 2, 3, 3, 2, 1, 2, 3, 2, 4, 4, 5, 2, 4, 1, 3, 1]"
CONCUR,1.7209,0.7661,43,"[2, 2, 1, 1, 2, 1, 1, 2, 2, 2, 1, 2, 1, 2, 3, 5, 2, 2, 2, 2, 1, 1, 2, 3, 2, 1, 2, 1, 2, 2, 1, 2, 1, 1, 1, 1, 2, 1, 2, 2, 2, 1, 2]"
CONCUSSION,2.5641,1.071,39,"[2, 3, 3, 3, 3, 5, 4, 3, 2, 2, 3, 3, 2, 3, 1, 2, 3, 2, 5, 3, 2, 1, 1, 2, 1, 3, 3, 5, 2, 3, 2, 2, 4, 2, 2, 3, 1, 1, 3]"
CONDOLENCES,1.9286,0.8379,42,"[3, 2, 2, 2, 2, 5, 2, 1, 2, 2, 2, 2, 1, 2, 1, 1, 2, 3, 4, 2, 3, 2, 2, 2, 1, 1, 2, 1, 1, 2, 2, 2, 2, 2, 3, 1, 2, 1, 1, 2, 2, 1]"
CONDUCTOR,3.6512,1.3072,43,"[5, 4, 3, 4, 5, 3, 2, 4, 2, 4, 5, 2, 4, 2, 3, 5, 2, 5, 2, 5, 5, 3, 2, 5, 2, 4, 2, 5, 4, 2, 4, 2, 5, 5, 5, 5, 2, 5, 5, 2, 2, 5, 5]"
CONFERENCES,2.814,1.1393,43,"[3, 2, 2, 4, 5, 4, 1, 3, 3, 3, 5, 2, 4, 2, 4, 4, 2, 1, 2, 2, 4, 4, 2, 5, 2, 1, 2, 3, 2, 2, 3, 2, 3, 2, 4, 4, 2, 3, 4, 2, 2, 1, 4]"
CONFLICT,3.0,1.1304,37,"[5, 3, 2, 2, 4, 5, 3, 3, 3, 2, 4, 5, 4, 5, 3, 2, 5, 2, 1, 4, 3, 3, 3, 3, 3, 2, 2, 3, 2, 2, 2, 2, 3, 2, 2, 5, 2]"
CONFORMS,1.7907,0.6746,43,"[3, 2, 2, 2, 1, 2, 1, 2, 2, 2, 1, 2, 3, 2, 2, 1, 2, 1, 2, 1, 1, 1, 2, 3, 2, 2, 2, 1, 1, 2, 1, 2, 2, 1, 1, 1, 2, 2, 4, 2, 2, 2, 2]"
CONFUSING,1.7556,0.7121,45,"[1, 1, 1, 2, 2, 1, 2, 2, 1, 2, 2, 1, 1, 1, 2, 1, 1, 2, 1, 2, 1, 2, 3, 2, 2, 2, 2, 1, 2, 2, 2, 1, 2, 4, 4, 2, 2, 2, 2, 1, 2, 2, 2, 1, 2]"
CONNECTS,2.3721,0.8458,43,"[2, 2, 3, 3, 4, 3, 1, 3, 2, 3, 3, 2, 2, 2, 2, 1, 2, 4, 2, 2, 1, 2, 2, 3, 2, 2, 2, 3, 2, 2, 4, 2, 3, 1, 1, 2, 2, 3, 4, 2, 2, 4, 3]"
CONQUEROR,2.8462,1.0647,39,"[2, 2, 3, 2, 3, 2, 5, 2, 1, 5, 4, 4, 2, 4, 3, 2, 3, 2, 3, 2, 2, 1, 2, 2, 2, 4, 3, 4, 2, 4, 2, 4, 4, 5, 2, 3, 3, 3, 3]"
CONSEQUENCES,1.9286,0.9726,42,"[2, 2, 2, 2, 4, 5, 2, 1, 2, 4, 2, 2, 1, 2, 1, 3, 2, 4, 2, 2, 1, 2, 1, 2, 1, 3, 2, 1, 1, 1, 2, 2, 2, 1, 1, 1, 2, 1, 2, 3, 1, 1]"
CONSTANTLY,1.6512,0.6127,43,"[2, 2, 1, 1, 3, 1, 1, 2, 2, 2, 1, 2, 2, 2, 3, 1, 2, 1, 2, 1, 1, 2, 2, 3, 2, 2, 2, 1, 1, 2, 1, 2, 1, 1, 1, 1, 2, 1, 2, 2, 2, 1, 2]"
CONSTITUTES,1.6,0.58,45,"[2, 1, 1, 1, 2, 1, 2, 2, 1, 2, 2, 1, 1, 1, 2, 1, 1, 2, 1, 2, 1, 2, 3, 2, 1, 2, 1, 1, 2, 2, 2, 1, 2, 2, 3, 2, 2, 1, 2, 1, 2, 1, 2, 1, 2]"
CONSTRUCTION,3.2791,1.1817,43,"[3, 3, 4, 3, 5, 3, 4, 5, 2, 2, 5, 2, 4, 2, 5, 4, 2, 5, 2, 3, 4, 5, 2, 3, 2, 2, 2, 4, 2, 2, 4, 2, 3, 3, 5, 4, 2, 5, 5, 2, 2, 4, 4]"
CONSUMPTION,2.5,1.1588,36,"[1, 5, 1, 3, 2, 2, 2, 2, 2, 2, 3, 2, 2, 3, 1, 1, 3, 2, 1, 2, 4, 4, 4, 3, 3, 3, 5, 2, 4, 4, 1, 2, 2, 2, 4, 1]"
CONTRABAND,2.7442,1.0257,43,"[3, 2, 1, 2, 3, 3, 3, 4, 2, 3, 4, 2, 2, 2, 5, 3, 2, 2, 2, 2, 3, 3, 2, 4, 2, 2, 2, 4, 2, 2, 1, 2, 3, 4, 3, 3, 2, 4, 5, 2, 2, 5, 4]"
CONTRACEPTIVES,3.6216,1.4014,37,"[5, 2, 3, 2, 5, 5, 4, 3, 5, 2, 5, 5, 5, 5, 5, 1, 5, 2, 4, 5, 5, 3, 5, 3, 2, 2, 2, 3, 2, 3, 5, 2, 5, 2, 5, 5, 2]"
CONTRADICTING,1.8108,0.7393,37,"[2, 2, 2, 2, 2, 1, 2, 3, 1, 2, 1, 2, 1, 2, 2, 2, 2, 1, 1, 1, 2, 1, 1, 2, 1, 1, 2, 2, 3, 3, 2, 2, 1, 4, 3, 2, 1]"
CONTRITION,1.5854,0.6315,41,"[1, 1, 2, 2, 2, 3, 2, 1, 2, 1, 2, 2, 1, 2, 1, 3, 2, 2, 1, 2, 1, 2, 2, 2, 1, 1, 1, 1, 1, 2, 2, 1, 1, 1, 2, 2, 1, 1, 3, 1, 1]"
CONTRIVED,1.6429,0.8503,42,"[1, 1, 2, 2, 4, 5, 2, 1, 2, 2, 3, 2, 1, 2, 1, 2, 2, 1, 1, 2, 1, 2, 2, 2, 1, 1, 2, 1, 1, 1, 2, 2, 1, 1, 1, 1, 2, 1, 1, 2, 1, 1]"
CONVICTION,2.3056,1.1909,36,"[5, 2, 2, 2, 1, 5, 1, 3, 1, 2, 2, 1, 5, 4, 2, 5, 2, 2, 1, 2, 3, 1, 2, 2, 2, 3, 2, 2, 1, 1, 2, 2, 2, 3, 3, 2]"
COOING,2.7381,0.9386,42,"[3, 3, 4, 2, 4, 3, 1, 2, 2, 3, 3, 2, 3, 2, 3, 3, 2, 2, 2, 4, 5, 2, 4, 2, 3, 2, 3, 4, 2, 1, 2, 3, 2, 4, 4, 2, 2, 4, 2, 2, 3, 4]"
COOLING,2.1778,0.7474,45,"[2, 3, 2, 2, 2, 2, 2, 2, 2, 2, 2, 2, 1, 2, 2, 1, 1, 3, 2, 2, 1, 2, 3, 2, 2, 2, 2, 3, 3, 2, 2, 1, 2, 4, 5, 2, 2, 3, 2, 3, 2, 2, 2, 3, 2]"
COORDINATE,2.0526,0.8036,38,"[2, 2, 2, 3, 1, 1, 2, 4, 2, 2, 2, 2, 2, 1, 2, 1, 2, 3, 3, 2, 3, 1, 2, 2, 2, 3, 4, 2, 2, 2, 3, 3, 2, 2, 1, 1, 1, 1]"
COPE,1.8378,0.7643,37,"[2, 4, 1, 2, 1, 3, 1, 3, 2, 2, 1, 1, 1, 2, 3, 1, 2, 2, 1, 2, 3, 2, 2, 3, 2, 2, 2, 1, 2, 1, 1, 1, 2, 2, 1, 2, 2]"
COPPER,3.6667,1.3143,45,"[5, 5, 5, 5, 2, 3, 2, 2, 4, 5, 2, 5, 5, 4, 2, 5, 5, 4, 5, 2, 5, 2, 3, 5, 5, 2, 3, 5, 4, 2, 4, 5, 2, 4, 5, 2, 2, 4, 2, 5, 2, 5, 2, 4, 4]"
CORA,1.8462,1.0647,39,"[1, 3, 2, 1, 1, 1, 1, 1, 2, 2, 1, 1, 1, 2, 2, 2, 4, 2, 5, 1, 5, 1, 3, 1, 2, 1, 2, 1, 3, 1, 1, 3, 2, 1, 2, 2, 2, 2, 1]"
CORDILLERA,1.9487,1.2128,39,"[1, 3, 1, 3, 1, 1, 1, 1, 2, 2, 1, 2, 1, 2, 2, 3, 2, 5, 1, 1, 1, 2, 5, 2, 1, 2, 1, 1, 1, 5, 5, 2, 2, 1, 2, 2, 2, 2, 1]"
CORDLESS,3.5238,1.254,42,"[5, 4, 2, 2, 3, 5, 2, 5, 2, 5, 5, 5, 2, 2, 4, 5, 2, 4, 4, 2, 3, 2, 5, 2, 5, 4, 5, 5, 5, 3, 2, 2, 3, 3, 5, 3, 2, 4, 3, 4, 5, 3]"
CORK,3.7381,1.3078,42,"[5, 5, 5, 4, 5, 5, 3, 5, 2, 3, 5, 2, 4, 2, 4, 5, 2, 5, 2, 5, 5, 5, 2, 3, 2, 3, 2, 5, 5, 2, 4, 3, 5, 5, 4, 5, 2, 3, 2, 2, 5, 5]"
CORNED,1.8108,0.8768,37,"[2, 3, 2, 2, 2, 2, 2, 5, 1, 3, 1, 2, 1, 2, 1, 3, 2, 1, 2, 1, 2, 1, 1, 2, 1, 1, 2, 2, 2, 1, 2, 1, 3, 1, 3, 1, 1]"
CORONATION,2.7111,1.1406,45,"[2, 3, 1, 4, 2, 3, 2, 2, 3, 2, 2, 4, 3, 4, 2, 3, 1, 4, 3, 2, 1, 2, 3, 5, 3, 2, 2, 3, 4, 2, 3, 1, 2, 4, 5, 2, 2, 4, 2, 5, 2, 1, 2, 5, 3]"
CORPORATE,2.4324,1.1676,37,"[5, 3, 1, 3, 5, 3, 1, 3, 4, 2, 2, 3, 1, 3, 4, 1, 5, 2, 2, 2, 3, 4, 2, 1, 1, 2, 1, 2, 2, 2, 2, 1, 3, 2, 2, 3, 2]"
CORRECTLY,1.8378,0.9578,37,"[5, 2, 2, 2, 2, 2, 2, 3, 1, 1, 3, 2, 2, 2, 1, 2, 2, 1, 1, 1, 2, 2, 1, 2, 1, 1, 1, 2, 2, 2, 2, 1, 1, 2, 5, 1, 1]"
COSMIC,2.6667,0.9823,39,"[2, 2, 3, 2, 2, 3, 2, 3, 4, 2, 3, 3, 2, 2, 1, 2, 1, 2, 5, 2, 2, 2, 4, 2, 2, 4, 4, 3, 4, 3, 2, 4, 3, 4, 2, 3, 1, 4, 3]"
COSMOPOLITAN,2.5814,0.957,43,"[3, 3, 1, 3, 3, 3, 1, 4, 2, 2, 4, 2, 3, 2, 2, 2, 2, 2, 2, 1, 5, 4, 2, 5, 2, 2, 2, 4, 3, 2, 3, 2, 2, 3, 3, 3, 2, 2, 4, 2, 2, 2, 3]"
COSTA,1.7436,0.9095,39,"[1, 4, 2, 1, 1, 1, 1, 1, 2, 2, 1, 1, 1, 2, 2, 1, 2, 2, 5, 2, 1, 2, 2, 1, 3, 1, 2, 1, 2, 1, 1, 3, 2, 1, 3, 2, 2, 2, 1]"
COUNTERFEIT,2.8649,1.1823,37,"[5, 2, 4, 2, 5, 5, 3, 3, 3, 2, 2, 3, 1, 5, 4, 3, 5, 2, 1, 4, 4, 3, 3, 2, 2, 2, 3, 3, 2, 2, 3, 1, 2, 2, 2, 4, 2]"
COUNTLESS,2.0952,0.983,42,"[5, 3, 2, 2, 3, 5, 2, 3, 2, 2, 3, 3, 1, 2, 3, 2, 2, 3, 3, 2, 2, 2, 3, 2, 1, 2, 1, 2, 1, 1, 2, 2, 1, 1, 1, 1, 2, 1, 1, 2, 3, 1]"
COUNTY,2.6757,1.156,37,"[5, 4, 2, 2, 4, 5, 3, 3, 4, 2, 1, 1, 1, 2, 3, 1, 3, 2, 2, 2, 4, 3, 2, 4, 3, 2, 3, 3, 2, 2, 2, 3, 4, 2, 1, 5, 2]"
COURTSIDE,3.425,1.2788,40,"[5, 3, 2, 5, 5, 4, 4, 5, 2, 2, 4, 4, 1, 2, 2, 2, 3, 2, 4, 4, 4, 4, 5, 5, 4, 5, 2, 5, 4, 1, 4, 5, 3, 2, 3, 3, 2, 4, 2, 5]"
COWARD,2.4286,0.8874,42,"[2, 3, 2, 2, 4, 5, 2, 3, 2, 3, 2, 3, 2, 2, 2, 3, 2, 2, 3, 2, 4, 2, 5, 2, 2, 2, 3, 3, 1, 1, 2, 2, 3, 2, 3, 2, 2, 3, 1, 2, 2, 2]"
COWBELL,3.9286,1.3506,42,"[5, 5, 2, 2, 5, 5, 2, 5, 2, 5, 4, 5, 5, 2, 5, 5, 2, 5, 5, 2, 5, 2, 5, 2, 3, 5, 5, 4, 5, 3, 2, 2, 4, 3, 5, 5, 2, 5, 5, 5, 5, 5]"
CRACKERJACK,3.381,1.4972,42,"[5, 1, 2, 2, 5, 5, 2, 5, 2, 5, 3, 5, 4, 2, 5, 5, 2, 3, 5, 2, 5, 2, 5, 2, 2, 5, 5, 3, 1, 1, 2, 2, 3, 4, 4, 1, 2, 5, 5, 4, 4, 5]"
CRACKERS,4.2564,1.2715,39,"[2, 4, 5, 5, 5, 5, 5, 5, 5, 5, 5, 5, 2, 5, 5, 2, 5, 2, 4, 5, 2, 5, 5, 2, 5, 5, 5, 5, 2, 5, 2, 5, 5, 5, 2, 5, 5, 5, 5]"
CRAFTY,2.3902,0.9715,41,"[3, 3, 2, 2, 5, 5, 2, 1, 2, 3, 2, 2, 2, 2, 2, 3, 2, 3, 1, 2, 3, 2, 4, 2, 2, 3, 3, 3, 1, 2, 2, 3, 1, 2, 1, 2, 4, 1, 3, 3, 2]"
CRAPPY,2.0833,0.8742,36,"[3, 2, 2, 2, 2, 3, 2, 1, 1, 1, 2, 2, 3, 2, 2, 3, 2, 1, 3, 2, 2, 2, 3, 2, 2, 1, 1, 2, 3, 1, 2, 1, 3, 5, 3, 1]"
CRASS,1.9762,0.7153,42,"[2, 3, 2, 2, 3, 5, 2, 2, 2, 2, 2, 2, 1, 2, 2, 2, 2, 2, 2, 2, 3, 2, 2, 2, 1, 1, 2, 1, 1, 2, 2, 2, 3, 1, 2, 1, 2, 1, 2, 2, 2, 2]"
CRATES,3.6364,1.3135,44,"[5, 5, 5, 4, 2, 4, 2, 2, 5, 4, 2, 4, 4, 4, 2, 5, 5, 5, 5, 2, 5, 2, 3, 5, 3, 2, 4, 5, 4, 2, 4, 5, 2, 3, 5, 2, 2, 5, 2, 5, 2, 5, 2, 5]"
CRAZIEST,2.3243,0.9734,37,"[5, 4, 2, 2, 3, 3, 2, 2, 2, 3, 1, 2, 3, 2, 4, 3, 2, 1, 2, 2, 2, 1, 3, 2, 2, 1, 2, 2, 2, 2, 2, 2, 3, 2, 5, 2, 1]"
CREATIONS,2.7027,1.0766,37,"[1, 4, 3, 4, 2, 3, 4, 2, 3, 2, 3, 2, 2, 3, 2, 2, 4, 3, 1, 2, 5, 5, 4, 2, 4, 4, 1, 3, 2, 2, 2, 2, 2, 2, 2, 4, 2]"
CREDENTIALS,2.3023,1.1027,43,"[2, 2, 2, 3, 4, 1, 1, 2, 2, 2, 5, 2, 2, 2, 3, 2, 2, 2, 2, 1, 1, 2, 2, 5, 2, 2, 2, 3, 2, 2, 2, 2, 1, 1, 3, 1, 2, 5, 4, 2, 2, 2, 5]"
CREW,3.0476,1.2678,42,"[5, 5, 2, 2, 5, 5, 2, 3, 2, 4, 4, 5, 3, 2, 3, 4, 2, 3, 2, 2, 2, 2, 5, 2, 2, 3, 5, 4, 1, 3, 2, 2, 4, 1, 3, 1, 2, 5, 3, 4, 4, 3]"
CRIMES,2.7838,1.1817,37,"[5, 3, 2, 2, 4, 5, 1, 3, 3, 2, 2, 3, 2, 5, 4, 3, 5, 2, 3, 5, 3, 3, 3, 2, 2, 2, 3, 3, 2, 2, 1, 1, 3, 2, 1, 4, 2]"
CRONIES,2.6667,0.8377,39,"[2, 2, 2, 2, 3, 3, 3, 2, 3, 3, 3, 3, 2, 4, 3, 2, 1, 2, 4, 2, 2, 3, 4, 2, 1, 3, 4, 4, 2, 4, 2, 3, 4, 3, 2, 2, 2, 3, 3]"
CROOKS,3.4,1.2153,40,"[4, 3, 5, 2, 5, 4, 5, 4, 2, 2, 3, 4, 5, 2, 2, 3, 4, 2, 5, 4, 5, 2, 4, 5, 4, 4, 2, 3, 3, 1, 5, 5, 4, 2, 4, 3, 2, 2, 2, 4]"
CROSSROAD,3.4419,1.2209,43,"[5, 4, 4, 2, 5, 3, 3, 4, 2, 4, 4, 2, 4, 2, 5, 4, 2, 5, 2, 5, 5, 5, 2, 3, 2, 3, 2, 5, 4, 2, 5, 2, 4, 2, 5, 4, 2, 4, 5, 2, 2, 3, 4]"
CROSSWALK,3.6136,1.2979,44,"[5, 5, 5, 5, 2, 3, 2, 2, 4, 4, 2, 5, 5, 4, 2, 5, 4, 4, 5, 2, 5, 2, 3, 5, 2, 4, 4, 4, 2, 3, 5, 2, 4, 5, 2, 2, 5, 2, 5, 2, 5, 2, 5, 4]"
CRUDE,2.2791,0.8259,43,"[2, 2, 3, 2, 3, 2, 2, 4, 2, 2, 3, 2, 2, 2, 4, 2, 2, 1, 2, 2, 1, 3, 2, 5, 2, 2, 2, 2, 2, 2, 1, 2, 2, 2, 3, 2, 2, 3, 4, 2, 2, 3, 1]"
CRUSHING,3.2778,1.0313,36,"[4, 5, 4, 4, 2, 3, 4, 3, 3, 2, 5, 3, 2, 3, 2, 4, 3, 2, 2, 2, 5, 4, 3, 3, 4, 3, 4, 2, 2, 5, 5, 3, 2, 4, 3, 4]"
CRUTCHES,4.1622,1.344,37,"[5, 5, 2, 5, 5, 5, 2, 5, 5, 5, 5, 2, 5, 2, 5, 5, 2, 1, 4, 5, 2, 5, 4, 2, 5, 5, 5, 5, 5, 5, 2, 5, 5, 5, 5, 4, 5]"
CUBICLES,3.925,1.3471,40,"[5, 4, 5, 5, 5, 5, 5, 5, 2, 2, 4, 4, 5, 2, 2, 5, 5, 2, 5, 5, 4, 4, 5, 5, 5, 5, 2, 5, 5, 1, 5, 4, 4, 2, 5, 2, 2, 3, 2, 5]"
CUBITS,2.2667,0.9391,45,"[2, 1, 1, 2, 2, 2, 2, 2, 1, 3, 2, 2, 3, 2, 2, 1, 3, 3, 2, 2, 1, 2, 3, 2, 3, 2, 2, 2, 3, 2, 3, 1, 2, 2, 5, 2, 2, 3, 2, 5, 2, 4, 2, 4, 1]"
CUCKOO,3.6486,1.4571,37,"[5, 5, 2, 5, 2, 4, 2, 5, 5, 3, 5, 2, 4, 2, 5, 5, 2, 1, 5, 4, 2, 5, 2, 2, 4, 5, 2, 5, 5, 1, 2, 5, 5, 5, 4, 5, 3]"
CULTURE,2.175,1.0595,40,"[4, 3, 2, 1, 3, 1, 1, 1, 2, 2, 1, 1, 4, 2, 2, 2, 1, 2, 3, 1, 3, 2, 2, 2, 3, 1, 2, 4, 2, 1, 2, 5, 4, 2, 2, 4, 2, 1, 2, 2]"
CUPBOARDS,4.0833,1.2277,36,"[5, 5, 5, 2, 2, 5, 5, 5, 5, 2, 5, 5, 2, 5, 4, 5, 5, 4, 4, 2, 3, 4, 5, 5, 4, 2, 5, 2, 5, 5, 5, 4, 2, 4, 5, 5]"
CUPID,3.6222,1.37,45,"[3, 5, 5, 5, 2, 5, 2, 2, 4, 2, 2, 5, 5, 5, 2, 5, 5, 4, 3, 2, 5, 2, 3, 5, 5, 2, 5, 4, 4, 2, 3, 5, 2, 3, 5, 2, 2, 5, 2, 5, 2, 5, 2, 5, 5]"
CURFEW,1.9762,0.7805,42,"[2, 4, 2, 2, 4, 3, 2, 2, 2, 3, 2, 1, 1, 2, 2, 2, 2, 1, 2, 2, 1, 2, 2, 2, 1, 3, 2, 3, 1, 1, 2, 2, 2, 2, 3, 1, 2, 1, 1, 3, 2, 1]"
CUSTODIAN,3.4595,1.3249,37,"[5, 4, 2, 5, 5, 5, 2, 5, 2, 5, 5, 2, 4, 2, 5, 4, 2, 4, 4, 4, 2, 3, 2, 2, 5, 1, 4, 3, 5, 3, 2, 3, 4, 4, 5, 3, 1]"
CUTDOWN,2.2703,0.9324,37,"[5, 1, 2, 2, 1, 2, 1, 3, 3, 2, 2, 3, 2, 4, 2, 2, 4, 2, 1, 4, 2, 2, 3, 2, 1, 2, 2, 2, 2, 3, 2, 3, 2, 2, 1, 3, 2]"
DAFFODILS,4.2703,1.2394,37,"[5, 5, 2, 5, 5, 5, 2, 5, 5, 5, 5, 2, 4, 2, 5, 5, 2, 5, 5, 5, 2, 5, 4, 2, 5, 5, 5, 5, 5, 5, 2, 5, 5, 5, 5, 5, 4]"
DAFFY,2.4,1.1362,45,"[3, 1, 5, 2, 2, 2, 2, 2, 1, 2, 2, 3, 3, 4, 2, 5, 1, 4, 2, 2, 1, 2, 3, 5, 2, 2, 2, 1, 2, 2, 2, 2, 2, 4, 5, 2, 2, 3, 2, 2, 2, 1, 2, 4, 1]"
DAGGERS,3.7209,1.4197,43,"[5, 4, 5, 4, 5, 5, 1, 5, 2, 4, 5, 2, 5, 2, 5, 5, 2, 5, 2, 5, 5, 4, 2, 5, 2, 2, 2, 5, 5, 2, 5, 2, 5, 3, 5, 5, 2, 4, 5, 2, 2, 3, 5]"
DAINTY,2.7381,1.1489,42,"[4, 5, 2, 2, 2, 5, 2, 3, 2, 4, 3, 3, 1, 2, 2, 2, 2, 3, 3, 2, 4, 2, 4, 2, 1, 3, 5, 4, 1, 3, 2, 2, 4, 4, 2, 2, 2, 1, 3, 5, 2, 3]"
DALMATIANS,3.9286,1.4549,42,"[5, 5, 5, 5, 5, 1, 5, 2, 4, 5, 2, 4, 2, 5, 5, 2, 5, 2, 5, 5, 5, 2, 5, 2, 5, 2, 5, 5, 2, 5, 2, 5, 5, 5, 5, 2, 5, 5, 2, 2, 5, 5]"
DAREDEVIL,3.1395,1.0819,43,"[4, 3, 2, 3, 3, 4, 5, 4, 2, 4, 5, 2, 4, 2, 5, 4, 2, 3, 2, 5, 3, 4, 2, 4, 2, 2, 2, 3, 3, 2, 3, 2, 3, 3, 4, 3, 2, 5, 5, 2, 2, 2, 4]"
DASHBOARD,3.8605,1.3198,43,"[5, 4, 4, 5, 5, 5, 5, 4, 2, 4, 5, 2, 3, 2, 5, 5, 2, 5, 2, 5, 5, 5, 2, 5, 2, 4, 2, 5, 5, 2, 5, 2, 4, 5, 5, 4, 2, 4, 5, 2, 2, 5, 5]"
DATE,2.9231,1.2223,39,"[2, 2, 4, 3, 3, 4, 4, 2, 2, 5, 3, 4, 2, 3, 4, 2, 5, 2, 2, 3, 2, 1, 5, 2, 2, 4, 2, 3, 2, 4, 2, 4, 5, 5, 2, 4, 1, 1, 2]"
DAUNTING,1.9286,0.712,42,"[3, 3, 2, 2, 4, 3, 2, 1, 2, 1, 2, 2, 1, 2, 1, 2, 2, 3, 2, 2, 2, 2, 2, 2, 1, 2, 2, 3, 1, 1, 2, 2, 2, 2, 2, 1, 2, 1, 1, 2, 3, 1]"
DAYBREAK,3.6,1.355,40,"[5, 4, 4, 5, 5, 3, 5, 4, 2, 2, 5, 5, 5, 2, 2, 3, 5, 2, 5, 4, 3, 4, 4, 5, 5, 5, 2, 4, 3, 1, 5, 5, 1, 2, 2, 4, 2, 3, 2, 5]"
DEADBEAT,2.7436,0.8801,39,"[2, 2, 3, 2, 2, 3, 3, 3, 5, 2, 3, 4, 2, 2, 3, 2, 4, 2, 3, 3, 2, 2, 4, 2, 2, 3, 4, 3, 2, 3, 2, 3, 5, 3, 2, 3, 1, 3, 3]"
DEARBORN,2.0,1.1698,39,"[2, 2, 1, 1, 2, 5, 1, 1, 2, 2, 1, 3, 1, 2, 2, 1, 4, 2, 5, 1, 1, 1, 2, 1, 3, 2, 2, 2, 1, 1, 1, 5, 2, 2, 4, 2, 2, 2, 1]"
DEARIE,1.6,0.6325,40,"[1, 3, 2, 2, 1, 1, 1, 1, 2, 2, 1, 1, 1, 2, 2, 1, 2, 2, 1, 1, 1, 2, 3, 1, 2, 1, 2, 2, 1, 1, 1, 3, 2, 2, 1, 2, 2, 2, 2, 1]"
DEBATING,2.525,1.0124,40,"[4, 2, 1, 3, 2, 2, 2, 2, 2, 2, 3, 1, 4, 2, 2, 2, 1, 2, 4, 2, 1, 3, 4, 4, 3, 3, 2, 3, 2, 1, 4, 5, 3, 2, 2, 4, 2, 3, 2, 3]"
DEBT,2.75,1.3175,36,"[1, 5, 3, 4, 2, 3, 3, 2, 2, 2, 3, 5, 2, 4, 3, 2, 4, 1, 1, 2, 4, 4, 5, 1, 4, 2, 5, 2, 5, 3, 1, 2, 2, 2, 2, 1]"
DECKS,3.4595,1.2604,37,"[5, 3, 3, 2, 5, 5, 5, 3, 5, 2, 4, 4, 4, 3, 4, 1, 5, 2, 5, 2, 4, 3, 5, 2, 4, 2, 2, 3, 2, 4, 3, 5, 5, 2, 3, 5, 2]"
DECREED,1.7027,0.6176,37,"[2, 2, 1, 2, 1, 1, 1, 3, 1, 2, 2, 2, 1, 3, 2, 1, 3, 2, 1, 2, 2, 1, 2, 1, 2, 2, 2, 2, 2, 1, 1, 1, 2, 2, 2, 1, 2]"
DEER,4.2222,1.2215,36,"[5, 5, 5, 3, 2, 5, 5, 5, 5, 2, 5, 5, 2, 5, 5, 5, 5, 5, 4, 2, 3, 5, 5, 5, 4, 2, 5, 2, 5, 4, 5, 5, 2, 5, 5, 5]"
DEFACING,2.8462,0.9878,39,"[2, 3, 4, 3, 3, 3, 3, 2, 5, 4, 2, 3, 2, 4, 2, 2, 1, 2, 3, 3, 2, 3, 3, 2, 2, 4, 3, 4, 2, 3, 2, 5, 4, 4, 2, 4, 2, 1, 3]"
DEFENCELESS,2.093,0.8948,43,"[2, 2, 2, 1, 3, 3, 1, 3, 2, 1, 2, 2, 2, 2, 4, 1, 2, 1, 2, 2, 1, 3, 2, 4, 2, 1, 2, 4, 1, 2, 1, 2, 3, 3, 2, 1, 2, 2, 4, 2, 2, 1, 3]"
DEFLATE,3.1628,1.1324,43,"[2, 2, 4, 4, 5, 5, 1, 4, 2, 3, 5, 2, 2, 2, 4, 3, 2, 3, 2, 5, 4, 4, 2, 4, 2, 3, 2, 4, 4, 2, 4, 2, 4, 3, 3, 5, 2, 4, 4, 2, 2, 4, 4]"
DEFRAUDED,1.8919,0.9063,37,"[5, 1, 1, 2, 1, 3, 1, 3, 2, 2, 2, 1, 1, 4, 3, 1, 2, 2, 1, 1, 2, 2, 2, 3, 2, 2, 2, 2, 2, 1, 1, 1, 2, 2, 1, 2, 2]"
DELAWARE,3.4,1.2362,40,"[4, 4, 4, 5, 2, 5, 5, 1, 2, 2, 4, 3, 5, 2, 2, 5, 4, 2, 5, 3, 3, 3, 4, 3, 4, 5, 2, 2, 4, 3, 4, 5, 2, 2, 5, 5, 2, 3, 2, 4]"
DELIGHTFUL,2.2,0.9661,40,"[4, 1, 2, 1, 4, 2, 1, 3, 2, 2, 1, 2, 3, 2, 2, 3, 2, 2, 2, 1, 1, 2, 2, 3, 4, 2, 2, 3, 2, 1, 2, 4, 2, 2, 2, 5, 2, 1, 2, 2]"
DELINE,1.5714,0.7034,42,"[1, 3, 2, 2, 3, 1, 2, 2, 2, 1, 1, 4, 1, 2, 1, 2, 2, 2, 1, 2, 1, 2, 2, 2, 1, 1, 1, 1, 1, 1, 2, 2, 2, 1, 1, 1, 2, 1, 1, 1, 1, 1]"
DELINQUENTS,2.8919,1.2646,37,"[4, 5, 2, 2, 3, 4, 2, 3, 3, 3, 4, 2, 4, 2, 5, 4, 2, 1, 4, 1, 2, 2, 5, 2, 1, 1, 2, 4, 4, 3, 2, 1, 3, 4, 5, 4, 2]"
DELIRIOUS,2.4103,0.9925,39,"[2, 3, 4, 2, 3, 3, 2, 3, 5, 3, 2, 2, 2, 4, 1, 2, 1, 2, 3, 2, 2, 1, 1, 2, 1, 2, 2, 3, 2, 3, 2, 4, 3, 4, 2, 4, 1, 2, 2]"
DELIVERANCE,2.0833,0.8062,36,"[1, 2, 3, 4, 2, 2, 2, 1, 2, 2, 2, 2, 2, 2, 2, 2, 2, 1, 1, 2, 4, 4, 2, 1, 2, 3, 2, 2, 1, 3, 1, 2, 2, 2, 3, 2]"
DELTA,2.8444,1.2052,45,"[2, 1, 5, 5, 2, 2, 2, 2, 3, 3, 2, 3, 3, 1, 2, 1, 4, 2, 3, 2, 3, 2, 3, 5, 3, 2, 3, 2, 4, 2, 4, 5, 2, 3, 5, 2, 2, 4, 2, 5, 2, 5, 2, 4, 2]"
DELUDED,1.973,1.0668,37,"[5, 3, 3, 2, 1, 3, 1, 3, 2, 2, 1, 1, 1, 4, 4, 1, 2, 2, 1, 2, 3, 1, 1, 2, 1, 2, 1, 2, 2, 1, 1, 1, 4, 2, 1, 2, 2]"
DEMEANOR,2.2778,1.0586,36,"[2, 3, 4, 4, 2, 3, 2, 2, 1, 2, 2, 1, 2, 2, 1, 2, 2, 2, 1, 2, 4, 5, 4, 3, 2, 3, 1, 2, 1, 3, 1, 2, 2, 4, 2, 1]"
DEMO,2.2564,0.9095,39,"[2, 2, 2, 2, 3, 4, 2, 2, 3, 2, 2, 3, 2, 2, 1, 2, 1, 2, 1, 3, 2, 2, 3, 2, 1, 2, 2, 3, 2, 4, 2, 2, 5, 2, 2, 4, 1, 3, 1]"
DEMONS,3.55,1.2184,40,"[4, 4, 5, 3, 5, 4, 4, 5, 2, 2, 5, 5, 4, 2, 2, 5, 3, 2, 5, 5, 4, 4, 4, 5, 3, 1, 2, 4, 3, 3, 4, 5, 5, 2, 4, 2, 2, 3, 2, 4]"
DEMURE,2.3111,0.9001,45,"[2, 3, 2, 3, 2, 2, 2, 2, 2, 2, 2, 1, 2, 4, 2, 2, 1, 2, 1, 2, 1, 2, 3, 3, 3, 2, 1, 2, 3, 2, 3, 1, 2, 4, 5, 2, 2, 4, 2, 4, 2, 3, 2, 3, 2]"
DENIAL,1.7692,0.6673,39,"[2, 2, 3, 2, 1, 1, 2, 2, 1, 1, 1, 2, 2, 3, 1, 2, 1, 2, 2, 3, 2, 1, 1, 2, 1, 2, 2, 1, 2, 2, 2, 3, 3, 2, 2, 2, 1, 1, 1]"
DENNIS,2.6486,1.3169,37,"[4, 4, 2, 2, 5, 1, 3, 3, 4, 2, 2, 4, 4, 1, 4, 1, 5, 2, 2, 1, 3, 1, 5, 1, 5, 2, 2, 3, 2, 1, 1, 4, 3, 2, 2, 3, 2]"
DENVER,3.4186,1.2389,43,"[5, 4, 5, 3, 5, 4, 5, 5, 2, 5, 5, 2, 3, 2, 2, 5, 2, 4, 2, 5, 5, 5, 2, 4, 2, 4, 2, 3, 2, 2, 4, 2, 4, 4, 3, 3, 2, 3, 4, 2, 2, 3, 5]"
DEPARTURES,2.4286,0.9663,42,"[3, 4, 2, 2, 3, 5, 2, 3, 2, 3, 3, 3, 2, 2, 1, 3, 2, 3, 3, 2, 2, 2, 3, 2, 1, 3, 4, 3, 1, 3, 2, 2, 3, 1, 4, 1, 2, 1, 1, 4, 2, 2]"
DEPOT,2.8837,1.1172,43,"[5, 3, 3, 3, 5, 2, 3, 4, 2, 2, 5, 2, 2, 2, 3, 4, 2, 4, 2, 3, 2, 4, 2, 1, 2, 2, 2, 4, 4, 2, 4, 2, 3, 2, 5, 4, 2, 4, 3, 2, 2, 1, 4]"
DERELICT,2.4762,1.1313,42,"[4, 3, 2, 1, 4, 5, 1, 2, 2, 5, 2, 2, 2, 5, 3, 2, 3, 2, 3, 1, 3, 2, 2, 2, 1, 2, 3, 3, 2, 2, 2, 4, 1, 2, 1, 2, 1, 4, 2, 2, 3, 4]"
DESCENT,2.5116,0.9849,43,"[2, 2, 4, 3, 5, 3, 1, 3, 2, 2, 3, 2, 2, 2, 4, 5, 2, 1, 2, 3, 3, 3, 2, 1, 2, 2, 2, 3, 3, 2, 3, 2, 1, 3, 2, 4, 2, 3, 4, 2, 2, 1, 3]"
DESCRIBE,1.6154,0.5436,39,"[2, 1, 2, 2, 1, 1, 2, 2, 2, 2, 1, 2, 2, 1, 1, 2, 1, 2, 2, 2, 2, 1, 3, 2, 1, 1, 1, 2, 2, 1, 2, 2, 2, 2, 2, 1, 1, 1, 1]"
DESERTED,2.973,1.0926,37,"[3, 4, 2, 3, 3, 4, 2, 2, 5, 5, 5, 2, 3, 2, 4, 2, 2, 1, 3, 3, 2, 3, 5, 2, 4, 1, 2, 3, 3, 3, 2, 3, 4, 4, 4, 3, 2]"
DESIRE,2.0,1.1002,39,"[4, 1, 1, 2, 3, 1, 1, 2, 2, 2, 1, 3, 3, 2, 2, 2, 2, 2, 1, 1, 1, 3, 4, 1, 3, 1, 2, 1, 1, 1, 4, 5, 2, 1, 4, 2, 1, 2, 1]"
DESPICABLE,2.0238,0.8968,42,"[1, 5, 2, 2, 3, 5, 2, 2, 2, 2, 2, 2, 1, 2, 2, 2, 2, 2, 3, 2, 2, 2, 2, 2, 1, 2, 2, 2, 1, 1, 2, 2, 3, 1, 3, 1, 2, 1, 2, 3, 1, 1]"
DETERIORATION,2.5556,0.8409,45,"[2, 3, 4, 3, 2, 2, 2, 2, 3, 2, 2, 4, 3, 3, 3, 3, 3, 4, 2, 2, 1, 2, 3, 3, 3, 2, 2, 2, 2, 2, 2, 1, 2, 4, 4, 2, 2, 3, 2, 3, 2, 5, 2, 3, 2]"
DICTIONARY,4.0556,1.2637,36,"[5, 5, 5, 3, 2, 5, 5, 5, 5, 2, 5, 5, 2, 5, 5, 5, 5, 4, 3, 2, 2, 5, 4, 5, 4, 2, 5, 2, 5, 5, 5, 4, 2, 3, 5, 5]"
DIGGER,3.3429,1.1868,35,"[5, 4, 4, 3, 2, 4, 5, 5, 3, 2, 5, 5, 2, 2, 2, 4, 2, 3, 2, 2, 2, 5, 5, 3, 4, 2, 5, 2, 4, 3, 3, 2, 3, 4, 4]"
DIGIT,3.275,1.1544,40,"[5, 3, 4, 5, 4, 3, 5, 4, 2, 2, 3, 3, 2, 2, 2, 2, 4, 2, 5, 3, 3, 4, 4, 4, 4, 3, 2, 4, 3, 1, 4, 4, 5, 2, 5, 3, 2, 2, 2, 5]"
DIKE,3.1351,1.5122,37,"[2, 5, 2, 5, 3, 2, 2, 5, 5, 3, 5, 2, 1, 2, 2, 5, 2, 1, 5, 3, 2, 4, 3, 2, 1, 1, 2, 5, 4, 1, 2, 5, 3, 5, 5, 5, 4]"
DIMINISHED,1.9189,0.7593,37,"[2, 3, 2, 2, 2, 2, 2, 1, 2, 2, 2, 2, 1, 2, 2, 4, 2, 1, 1, 1, 2, 2, 1, 2, 1, 1, 2, 2, 2, 3, 2, 2, 2, 4, 3, 1, 1]"
DIRE,2.1351,1.0584,37,"[5, 4, 1, 2, 2, 2, 1, 3, 5, 2, 2, 2, 1, 4, 3, 2, 3, 2, 1, 1, 3, 1, 3, 2, 1, 2, 2, 2, 2, 2, 1, 1, 2, 2, 1, 2, 2]"
DISAPPOINT,1.9,0.9554,40,"[4, 1, 2, 1, 2, 2, 1, 3, 2, 2, 1, 1, 2, 2, 2, 1, 1, 2, 1, 1, 1, 2, 3, 1, 3, 1, 2, 2, 2, 1, 4, 5, 2, 2, 2, 3, 2, 1, 2, 1]"
DISASTER,2.9778,1.0973,45,"[2, 5, 4, 4, 2, 3, 2, 2, 2, 4, 2, 3, 2, 4, 2, 4, 3, 3, 3, 2, 5, 2, 3, 4, 3, 2, 3, 4, 4, 2, 3, 3, 2, 4, 5, 2, 2, 5, 2, 5, 2, 1, 2, 4, 2]"
DISBARRED,1.8611,0.7983,36,"[1, 4, 1, 4, 2, 1, 3, 3, 1, 2, 2, 2, 2, 1, 1, 2, 2, 1, 1, 2, 1, 2, 2, 1, 2, 3, 2, 2, 2, 2, 1, 2, 2, 2, 2, 1]"
DISCARD,2.6111,1.1027,36,"[2, 5, 2, 3, 2, 2, 4, 3, 3, 2, 3, 1, 2, 4, 1, 4, 3, 2, 1, 2, 2, 5, 4, 2, 2, 2, 5, 2, 2, 3, 1, 3, 2, 2, 3, 3]"
DISCLOSE,1.7778,0.7035,45,"[2, 1, 2, 2, 2, 1, 2, 2, 1, 2, 2, 1, 1, 1, 2, 1, 1, 2, 1, 2, 1, 2, 3, 1, 1, 2, 1, 2, 2, 2, 2, 1, 2, 4, 4, 2, 2, 2, 2, 2, 2, 1, 2, 2, 2]"
DISCO,3.7778,1.1241,36,"[5, 4, 3, 2, 5, 5, 4, 3, 5, 2, 4, 4, 4, 5, 3, 5, 2, 5, 5, 4, 4, 5, 4, 3, 2, 4, 3, 2, 3, 5, 5, 4, 2, 4, 5, 2]"
DISCOURAGE,1.7857,0.6063,42,"[2, 2, 2, 2, 2, 4, 2, 1, 2, 2, 2, 1, 1, 2, 1, 2, 2, 2, 2, 2, 2, 3, 2, 2, 2, 2, 2, 2, 1, 1, 2, 2, 1, 2, 1, 1, 2, 1, 1, 2, 2, 1]"
DISCUSSIONS,2.5676,1.0939,37,"[5, 3, 1, 2, 3, 4, 2, 3, 5, 2, 2, 2, 3, 3, 4, 1, 5, 2, 1, 4, 3, 3, 2, 3, 3, 2, 3, 2, 2, 2, 1, 1, 2, 2, 2, 3, 2]"
DISLIKE,2.2973,1.1514,37,"[4, 1, 2, 2, 3, 5, 1, 4, 4, 2, 2, 1, 1, 4, 3, 2, 4, 2, 1, 2, 2, 2, 2, 3, 2, 2, 2, 1, 2, 1, 1, 1, 3, 2, 2, 5, 2]"
DISLOCATED,3.0278,1.1335,36,"[5, 5, 4, 4, 2, 3, 4, 2, 3, 2, 4, 2, 2, 3, 5, 4, 2, 3, 1, 2, 3, 2, 3, 1, 2, 3, 3, 2, 4, 5, 4, 3, 2, 4, 4, 2]"
DISMOUNT,2.975,1.1873,40,"[5, 3, 3, 4, 4, 3, 3, 2, 2, 2, 3, 1, 4, 2, 2, 3, 3, 3, 5, 2, 1, 3, 4, 4, 4, 3, 2, 4, 4, 1, 5, 3, 5, 2, 2, 3, 2, 1, 2, 5]"
DISORDERLY,2.8158,1.0869,38,"[2, 3, 3, 2, 1, 5, 3, 2, 3, 2, 3, 3, 2, 4, 2, 2, 1, 2, 5, 3, 2, 3, 4, 2, 1, 4, 4, 3, 4, 2, 5, 4, 4, 2, 3, 2, 3, 2]"
DISPENSED,2.3488,0.8131,43,"[2, 2, 2, 3, 5, 3, 2, 4, 2, 2, 3, 2, 2, 2, 2, 1, 2, 3, 2, 2, 3, 4, 2, 2, 2, 2, 2, 3, 3, 2, 3, 2, 3, 1, 1, 1, 2, 3, 3, 2, 2, 2, 3]"
DISPLACED,2.0256,0.7776,39,"[2, 3, 3, 1, 3, 2, 2, 2, 3, 1, 1, 2, 2, 2, 1, 2, 1, 2, 3, 2, 2, 1, 1, 2, 1, 3, 3, 2, 2, 3, 2, 3, 3, 3, 2, 1, 1, 3, 1]"
DISPLAYS,3.1905,1.2145,42,"[5, 4, 2, 2, 5, 5, 2, 3, 2, 5, 4, 5, 3, 2, 2, 3, 2, 4, 3, 2, 2, 2, 4, 2, 2, 3, 5, 4, 4, 4, 2, 2, 3, 2, 5, 3, 2, 5, 4, 4, 4, 1]"
DISPOSE,2.5135,1.1211,37,"[5, 3, 2, 2, 2, 4, 2, 4, 4, 3, 1, 2, 3, 2, 3, 2, 2, 1, 2, 1, 2, 3, 2, 2, 2, 1, 2, 2, 2, 5, 2, 3, 3, 5, 4, 2, 1]"
DISTILLED,2.1351,0.9178,37,"[5, 1, 1, 2, 1, 2, 1, 4, 3, 2, 2, 2, 1, 3, 3, 2, 2, 2, 2, 1, 3, 2, 2, 3, 1, 2, 2, 2, 2, 1, 3, 1, 3, 2, 3, 3, 2]"
DISTRICT,2.3333,0.9017,42,"[3, 3, 2, 2, 3, 5, 2, 3, 2, 2, 4, 3, 2, 2, 2, 1, 2, 2, 3, 2, 2, 2, 4, 2, 3, 3, 3, 2, 1, 2, 2, 2, 2, 1, 3, 1, 2, 1, 3, 4, 1, 2]"
DITCH,3.6216,1.2327,37,"[5, 5, 4, 4, 2, 4, 5, 5, 4, 2, 5, 5, 2, 3, 4, 4, 4, 4, 3, 2, 3, 2, 4, 4, 4, 2, 1, 5, 2, 5, 5, 3, 2, 2, 4, 5, 5]"
DIVA,3.093,0.9956,43,"[4, 3, 2, 3, 3, 4, 2, 3, 2, 3, 5, 2, 2, 2, 4, 4, 2, 3, 2, 4, 4, 4, 2, 5, 2, 3, 2, 4, 4, 2, 3, 2, 4, 4, 4, 3, 2, 3, 5, 2, 2, 4, 4]"
DODGING,3.0541,1.1772,37,"[5, 2, 1, 2, 3, 4, 1, 4, 3, 2, 4, 2, 4, 5, 3, 1, 5, 2, 3, 4, 3, 3, 4, 3, 4, 2, 3, 2, 2, 3, 3, 5, 5, 2, 3, 4, 2]"
DOGFIGHT,3.9487,1.2128,39,"[2, 4, 3, 5, 4, 5, 5, 4, 5, 5, 5, 4, 2, 4, 5, 2, 4, 2, 5, 5, 2, 5, 5, 2, 5, 5, 5, 5, 2, 4, 2, 5, 5, 4, 2, 5, 3, 4, 4]"
DOLING,2.027,0.8656,37,"[3, 2, 2, 2, 2, 2, 2, 4, 3, 3, 3, 2, 3, 2, 1, 1, 2, 1, 1, 1, 2, 1, 2, 2, 1, 1, 1, 2, 2, 1, 2, 3, 3, 2, 4, 3, 1]"
DOLLIES,3.3556,1.2641,45,"[5, 5, 5, 4, 2, 4, 2, 2, 3, 4, 2, 5, 4, 4, 2, 5, 5, 4, 4, 2, 5, 2, 3, 5, 3, 2, 4, 3, 4, 2, 3, 5, 2, 2, 5, 2, 2, 4, 2, 5, 2, 1, 2, 4, 4]"
DONALD,2.8333,1.4128,42,"[5, 3, 2, 2, 2, 5, 2, 3, 2, 5, 5, 5, 3, 2, 1, 1, 2, 3, 2, 2, 1, 2, 4, 2, 1, 2, 2, 2, 5, 3, 2, 2, 3, 5, 5, 4, 2, 5, 1, 5, 1, 3]"
DONATED,2.4054,1.0127,37,"[5, 2, 2, 3, 2, 3, 2, 2, 3, 4, 3, 2, 2, 2, 3, 3, 2, 1, 1, 1, 2, 2, 3, 2, 2, 1, 2, 2, 2, 4, 2, 2, 3, 4, 5, 2, 1]"
DOOB,1.5581,0.7004,43,"[2, 2, 1, 1, 1, 1, 1, 2, 2, 1, 1, 2, 1, 2, 3, 1, 2, 1, 2, 1, 4, 1, 2, 1, 2, 1, 2, 1, 1, 2, 1, 2, 1, 1, 1, 1, 2, 1, 3, 2, 2, 1, 2]"
DOOM,2.2381,0.8782,42,"[3, 3, 2, 2, 3, 5, 2, 2, 2, 3, 3, 2, 2, 2, 3, 3, 2, 4, 2, 2, 2, 2, 3, 2, 1, 2, 2, 1, 4, 2, 2, 2, 2, 1, 3, 1, 2, 1, 1, 3, 2, 1]"
DOORMAN,3.7568,1.3209,37,"[5, 1, 5, 2, 5, 5, 4, 3, 3, 2, 4, 5, 5, 4, 5, 1, 5, 2, 5, 5, 4, 4, 5, 3, 4, 2, 5, 3, 2, 5, 4, 4, 5, 2, 4, 5, 2]"
DOORSTEP,3.8372,1.308,43,"[5, 4, 5, 4, 5, 5, 4, 5, 2, 4, 5, 2, 3, 2, 5, 4, 2, 5, 2, 5, 5, 5, 2, 5, 2, 4, 2, 5, 5, 2, 4, 2, 5, 5, 4, 5, 2, 4, 5, 2, 2, 5, 5]"
DOPERS,2.4419,1.0977,43,"[3, 2, 2, 1, 4, 1, 3, 1, 2, 2, 2, 2, 4, 2, 3, 5, 2, 2, 2, 3, 4, 3, 2, 4, 2, 1, 2, 3, 3, 2, 1, 2, 4, 1, 5, 4, 2, 1, 3, 2, 2, 1, 3]"
DOUBTS,1.7857,0.7501,42,"[1, 2, 1, 1, 3, 1, 1, 2, 2, 3, 2, 2, 2, 2, 4, 1, 2, 2, 2, 1, 1, 2, 2, 3, 2, 1, 2, 2, 1, 2, 1, 2, 1, 1, 1, 2, 1, 3, 2, 2, 3, 1]"
DOWAGER,1.9722,0.9996,36,"[1, 4, 3, 4, 2, 1, 2, 1, 2, 2, 4, 1, 2, 1, 1, 2, 1, 4, 1, 2, 1, 1, 1, 3, 2, 2, 3, 2, 2, 1, 1, 3, 2, 3, 1, 2]"
DOWN,2.4762,1.1527,42,"[3, 3, 2, 2, 4, 4, 2, 3, 2, 5, 3, 4, 1, 2, 1, 1, 2, 3, 3, 2, 2, 2, 5, 2, 3, 3, 3, 1, 1, 3, 2, 2, 3, 1, 4, 1, 2, 1, 5, 1, 3, 2]"
DOWNLOAD,2.5476,1.0639,42,"[3, 4, 2, 2, 4, 5, 2, 3, 2, 5, 4, 2, 3, 2, 1, 4, 2, 3, 4, 2, 2, 2, 1, 2, 3, 4, 3, 3, 1, 2, 2, 2, 2, 1, 3, 2, 2, 1, 3, 1, 3, 3]"
DRAINS,3.6757,1.2484,37,"[5, 5, 2, 5, 5, 4, 2, 5, 4, 5, 5, 2, 4, 2, 3, 3, 2, 5, 3, 3, 2, 3, 4, 2, 4, 1, 4, 4, 5, 5, 2, 4, 5, 5, 5, 4, 3]"
DRAWERS,4.0,1.2472,37,"[5, 5, 2, 5, 5, 4, 2, 5, 5, 5, 5, 2, 4, 2, 5, 4, 2, 2, 4, 4, 2, 5, 4, 2, 5, 5, 4, 5, 5, 5, 2, 4, 5, 5, 5, 5, 3]"
DREARY,2.8333,1.167,42,"[4, 4, 2, 3, 5, 5, 2, 4, 2, 3, 3, 3, 2, 2, 3, 2, 2, 2, 3, 2, 5, 2, 5, 2, 3, 1, 4, 2, 1, 4, 2, 2, 3, 1, 2, 4, 2, 4, 1, 4, 4, 3]"
DRESDEN,2.6905,1.3879,42,"[5, 4, 2, 2, 3, 5, 2, 4, 2, 3, 2, 5, 1, 2, 5, 2, 2, 4, 2, 2, 5, 2, 4, 2, 1, 1, 1, 1, 1, 2, 2, 2, 2, 3, 1, 3, 2, 5, 5, 4, 1, 4]"
DRIP,3.3415,1.2572,41,"[4, 4, 2, 2, 3, 5, 2, 5, 2, 5, 4, 5, 4, 2, 2, 2, 2, 3, 4, 2, 3, 2, 5, 2, 3, 5, 4, 3, 5, 4, 2, 2, 4, 1, 5, 3, 2, 4, 5, 4, 5]"
DRUM,4.2778,1.2561,36,"[5, 5, 2, 5, 5, 5, 2, 5, 5, 5, 5, 2, 4, 2, 5, 5, 2, 5, 5, 5, 2, 5, 5, 2, 5, 5, 4, 5, 5, 5, 2, 5, 5, 5, 5, 5]"
DUCTS,3.4865,1.2388,37,"[5, 3, 5, 2, 5, 5, 5, 3, 4, 2, 4, 3, 4, 3, 4, 1, 5, 2, 4, 2, 5, 3, 4, 2, 4, 2, 2, 3, 2, 5, 5, 4, 5, 2, 4, 4, 2]"
DUD,1.9744,0.9028,39,"[4, 2, 3, 3, 1, 2, 1, 2, 2, 2, 1, 1, 1, 2, 2, 2, 2, 2, 4, 1, 1, 1, 4, 1, 2, 1, 2, 3, 2, 2, 4, 2, 2, 2, 2, 2, 1, 2, 1]"
DULY,1.4651,0.5047,43,"[1, 2, 1, 1, 2, 1, 2, 2, 2, 1, 1, 2, 1, 2, 2, 1, 2, 1, 2, 1, 2, 1, 2, 1, 2, 1, 2, 1, 1, 2, 1, 2, 1, 1, 1, 1, 2, 1, 2, 2, 2, 1, 1]"
DUMPS,3.0,1.2873,36,"[1, 3, 4, 4, 2, 4, 4, 3, 2, 2, 5, 4, 2, 2, 4, 4, 1, 3, 2, 2, 2, 4, 4, 3, 3, 1, 5, 2, 5, 5, 1, 2, 2, 5, 4, 2]"
DUNGEON,3.9286,1.314,42,"[5, 5, 2, 2, 4, 5, 2, 5, 2, 5, 4, 5, 4, 2, 4, 5, 2, 4, 4, 2, 5, 2, 5, 2, 4, 5, 5, 5, 5, 3, 2, 2, 5, 5, 5, 5, 2, 5, 5, 5, 5, 5]"
DUNNO,1.5128,0.6437,39,"[2, 1, 1, 2, 1, 1, 3, 1, 1, 1, 1, 1, 2, 1, 3, 2, 1, 2, 1, 2, 2, 1, 1, 2, 1, 2, 2, 1, 2, 1, 2, 1, 1, 3, 2, 2, 1, 1, 1]"
DUPLICATE,2.525,1.0374,40,"[5, 3, 2, 3, 3, 3, 1, 3, 2, 2, 2, 2, 4, 2, 2, 2, 3, 2, 5, 1, 2, 3, 2, 3, 3, 1, 2, 1, 3, 1, 4, 4, 3, 2, 3, 3, 2, 1, 2, 4]"
DURATION,1.6444,0.6451,45,"[1, 1, 2, 1, 2, 1, 2, 2, 1, 2, 2, 1, 1, 1, 2, 1, 1, 2, 1, 2, 1, 2, 3, 3, 1, 2, 1, 1, 2, 2, 2, 1, 2, 3, 3, 2, 2, 1, 2, 1, 2, 1, 2, 2, 1]"
DUST,3.7442,1.2927,43,"[5, 4, 5, 4, 5, 5, 3, 5, 2, 4, 5, 2, 4, 2, 5, 5, 2, 5, 2, 5, 5, 4, 2, 3, 2, 5, 2, 5, 4, 2, 4, 2, 4, 3, 5, 5, 2, 4, 5, 2, 2, 5, 5]"
DUSTY,3.6047,1.3477,43,"[5, 4, 5, 4, 5, 5, 1, 5, 2, 3, 5, 2, 4, 2, 4, 5, 2, 2, 2, 5, 5, 4, 2, 4, 2, 4, 2, 5, 4, 2, 4, 2, 4, 3, 5, 5, 2, 5, 5, 2, 2, 5, 5]"
DUTIES,1.9524,0.7636,42,"[2, 2, 2, 2, 2, 5, 2, 3, 2, 3, 2, 2, 1, 2, 1, 3, 2, 2, 2, 2, 3, 2, 3, 2, 1, 2, 1, 2, 1, 2, 2, 2, 1, 2, 2, 1, 2, 1, 2, 2, 1, 1]"
DWELL,2.25,1.1557,36,"[5, 3, 2, 2, 2, 2, 2, 5, 2, 3, 5, 2, 1, 2, 1, 2, 2, 1, 2, 1, 2, 1, 3, 2, 2, 1, 2, 2, 3, 3, 2, 1, 1, 2, 5, 2]"
DWIGHT,2.5,1.2984,36,"[4, 2, 4, 2, 2, 1, 2, 1, 2, 2, 5, 3, 2, 1, 5, 1, 3, 4, 1, 2, 5, 1, 1, 3, 4, 2, 2, 2, 5, 2, 1, 3, 2, 4, 2, 2]"
EARRING,4.225,1.2504,40,"[5, 5, 5, 5, 5, 5, 5, 5, 2, 2, 5, 5, 5, 2, 2, 5, 5, 2, 5, 5, 5, 5, 5, 5, 5, 5, 2, 4, 4, 5, 5, 5, 5, 2, 5, 4, 2, 4, 2, 5]"
EARTH,4.3333,1.1464,36,"[5, 5, 5, 3, 2, 5, 5, 5, 5, 2, 5, 5, 2, 5, 5, 5, 5, 5, 5, 2, 5, 5, 5, 5, 4, 4, 5, 2, 5, 5, 5, 4, 2, 4, 5, 5]"
ECLECTIC,2.2564,0.9925,39,"[2, 2, 1, 1, 1, 3, 2, 3, 5, 2, 1, 3, 2, 1, 2, 2, 1, 2, 5, 2, 2, 2, 2, 2, 2, 3, 3, 4, 2, 2, 2, 4, 2, 2, 2, 2, 1, 3, 3]"
ECONOMY,2.3243,1.0815,37,"[4, 3, 1, 2, 3, 5, 2, 4, 3, 2, 2, 2, 1, 5, 2, 1, 3, 2, 2, 4, 2, 2, 1, 3, 2, 2, 3, 1, 2, 2, 1, 1, 3, 2, 1, 3, 2]"
ECOSYSTEM,2.7143,0.8635,42,"[3, 2, 2, 2, 4, 3, 1, 3, 2, 4, 4, 2, 4, 2, 4, 3, 2, 3, 2, 3, 4, 3, 2, 4, 2, 3, 2, 4, 2, 2, 2, 2, 2, 4, 3, 3, 2, 2, 4, 2, 2, 3]"
EDEN,2.8605,1.1666,43,"[4, 4, 2, 3, 3, 1, 2, 4, 2, 4, 5, 2, 4, 2, 4, 2, 2, 3, 2, 5, 3, 4, 2, 3, 2, 1, 2, 3, 3, 2, 3, 2, 4, 4, 5, 3, 2, 1, 5, 2, 2, 1, 4]"
EDINBURGH,2.8889,1.2653,45,"[2, 3, 4, 3, 2, 3, 2, 2, 1, 2, 2, 2, 4, 4, 2, 2, 2, 2, 3, 2, 5, 2, 3, 5, 4, 2, 1, 4, 4, 2, 5, 5, 2, 1, 5, 2, 2, 5, 2, 5, 2, 3, 2, 5, 3]"
EDUCATE,2.5946,1.0661,37,"[3, 4, 2, 2, 2, 3, 1, 3, 4, 2, 2, 3, 1, 3, 4, 2, 5, 2, 2, 5, 3, 3, 2, 3, 1, 2, 3, 3, 2, 1, 2, 3, 2, 2, 2, 5, 2]"
EGG,4.2778,1.1859,36,"[5, 5, 5, 5, 2, 5, 5, 5, 5, 2, 5, 5, 2, 5, 4, 5, 5, 5, 5, 2, 4, 4, 5, 5, 4, 2, 5, 2, 5, 5, 5, 4, 2, 5, 5, 5]"
EGGNOG,4.1081,1.2198,37,"[5, 5, 2, 5, 5, 4, 2, 5, 5, 5, 4, 2, 4, 2, 5, 5, 2, 5, 5, 3, 2, 5, 4, 2, 5, 4, 4, 5, 5, 5, 2, 4, 5, 5, 5, 5, 5]"
EIFFEL,3.8333,1.2762,36,"[1, 4, 5, 3, 2, 5, 5, 5, 4, 2, 5, 5, 2, 5, 5, 3, 5, 5, 2, 2, 5, 4, 5, 5, 4, 3, 5, 2, 4, 3, 5, 3, 2, 4, 5, 4]"
EIGHTY,2.7568,1.2112,37,"[3, 1, 4, 2, 3, 3, 1, 3, 4, 2, 1, 4, 4, 3, 4, 1, 5, 2, 2, 2, 3, 3, 3, 3, 3, 2, 5, 3, 2, 3, 1, 2, 5, 2, 1, 5, 2]"
ELBOW,4.2105,1.2978,38,"[2, 5, 5, 5, 5, 5, 5, 5, 5, 5, 5, 2, 4, 5, 2, 5, 2, 5, 5, 2, 5, 5, 2, 5, 5, 5, 5, 2, 5, 2, 5, 5, 3, 2, 5, 5, 5, 5]"
ELECTROCUTE,3.3243,1.3755,37,"[5, 4, 2, 5, 4, 5, 2, 4, 4, 4, 5, 2, 5, 2, 4, 4, 2, 1, 2, 3, 2, 3, 4, 2, 3, 3, 1, 5, 5, 4, 2, 1, 5, 4, 5, 4, 1]"
ELECTRONICS,3.6757,1.1798,37,"[5, 4, 2, 3, 4, 4, 2, 5, 5, 5, 5, 2, 4, 2, 5, 4, 2, 4, 4, 3, 2, 4, 4, 2, 4, 4, 4, 5, 4, 4, 2, 5, 3, 5, 4, 5, 1]"
ELK,3.9302,1.3344,43,"[5, 4, 5, 4, 5, 5, 4, 5, 2, 4, 5, 2, 4, 2, 5, 5, 2, 5, 2, 5, 5, 5, 2, 5, 2, 5, 2, 5, 5, 2, 5, 2, 5, 4, 5, 5, 2, 5, 5, 2, 2, 4, 5]"
ELLEN,2.7333,1.2321,45,"[2, 3, 5, 1, 2, 3, 2, 2, 1, 1, 2, 1, 4, 1, 2, 4, 3, 2, 3, 2, 5, 2, 3, 5, 3, 2, 4, 3, 4, 2, 5, 3, 2, 4, 4, 2, 2, 5, 2, 2, 2, 1, 2, 4, 4]"
ELUSIVE,1.9091,0.8585,319,"[2, 1, 1, 1, 3, 1, 1, 2, 2, 2, 1, 2, 1, 2, 2, 2, 1, 2, 1, 3, 1, 2, 3, 2, 2, 1, 2, 2, 1, 1, 1, 3, 2, 2, 1, 4, 2, 1, 2, 1, 5, 1, 2, 3, 2, 3, 2, 1, 2, 1, 3, 2, 1, 2, 2, 2, 2, 1, 1, 1, 2, 1, 2, 2, 1, 1, 1, 2, 2, 3, 2, 2, 2, 3, 3, 1, 1, 1, 4, 3, 1, 2, 2, 3, 1, 1, 2, 3, 3, 2, 2, 3, 2, 1, 1, 1, 2, 4, 4, 3, 1, 3, 4, 1, 3, 2, 1, 2, 2, 2, 2, 2, 3, 1, 2, 3, 2, 2, 3, 5, 2, 2, 2, 2, 3, 1, 1, 2, 1, 2, 2, 1, 3, 2, 2, 2, 2, 2, 1, 2, 1, 1, 1, 1, 2, 2, 2, 1, 3, 1, 2, 2, 1, 2, 1, 1, 1, 1, 1, 1, 2, 2, 1, 2, 3, 2, 2, 2, 1, 1, 2, 1, 1, 2, 1, 2, 1, 1, 3, 3, 1, 2, 1, 1, 2, 2, 2, 1, 2, 4, 5, 2, 2, 2, 2, 1, 2, 3, 2, 2, 2, 1, 2, 1, 1, 2, 3, 2, 2, 2, 2, 2, 2, 2, 2, 4, 2, 2, 2, 2, 2, 2, 3, 2, 2, 2, 1, 2, 2, 1, 2, 1, 2, 3, 2, 1, 1, 2, 1, 5, 1, 2, 2, 2, 5, 2, 1, 2, 1, 3, 1, 4, 3, 2, 2, 1, 1, 5, 3, 3, 3, 2, 1, 1, 2, 2, 2, 1, 2, 1, 2, 2, 2, 1, 2, 2, 2, 1, 4, 2, 2, 2, 3, 1, 1, 1, 2, 2, 3, 2, 1, 2, 2, 2, 1, 2, 1, 2, 3, 2, 2, 2, 3, 2, 1, 2, 1, 1, 2, 1, 2, 2, 2, 3, 2, 2, 1, 1, 1]"
ELVIS,4.0,1.3601,41,"[5, 4, 2, 2, 5, 5, 2, 5, 2, 5, 5, 5, 5, 2, 5, 2, 5, 4, 2, 5, 2, 5, 2, 3, 5, 5, 5, 5, 5, 2, 2, 5, 5, 5, 5, 2, 5, 5, 5, 5, 4]"
EMBARK,2.5676,1.0939,37,"[3, 2, 2, 2, 4, 5, 1, 3, 5, 2, 2, 3, 3, 5, 4, 2, 4, 2, 2, 3, 3, 2, 1, 2, 3, 2, 2, 2, 2, 3, 1, 1, 2, 2, 2, 4, 2]"
EMBARRASS,2.3721,1.0241,43,"[2, 2, 1, 3, 2, 3, 1, 3, 2, 4, 2, 2, 4, 2, 5, 3, 2, 1, 2, 1, 3, 2, 2, 5, 2, 3, 2, 3, 1, 2, 2, 2, 2, 1, 3, 2, 2, 4, 4, 2, 2, 1, 3]"
EMBEZZLER,2.5676,0.8673,37,"[5, 4, 3, 2, 3, 3, 2, 3, 3, 2, 3, 3, 3, 5, 3, 2, 2, 2, 2, 4, 3, 3, 3, 2, 2, 2, 2, 2, 2, 1, 2, 2, 2, 2, 2, 2, 2]"
EMERALD,4.1944,1.1419,36,"[5, 5, 4, 3, 2, 5, 5, 5, 4, 2, 5, 5, 2, 5, 4, 5, 5, 5, 4, 2, 5, 5, 4, 5, 4, 3, 5, 2, 5, 5, 5, 4, 2, 5, 5, 5]"
EMILY,2.3333,1.1189,42,"[4, 2, 2, 2, 4, 1, 1, 3, 2, 1, 5, 2, 3, 2, 2, 5, 2, 1, 2, 3, 2, 4, 2, 1, 2, 2, 2, 3, 2, 2, 1, 2, 3, 1, 1, 2, 4, 4, 2, 2, 1, 4]"
EMMY,3.1778,1.3019,45,"[2, 5, 5, 1, 2, 3, 2, 2, 4, 2, 2, 3, 4, 4, 2, 5, 5, 3, 3, 2, 5, 2, 3, 5, 2, 2, 4, 4, 4, 2, 4, 5, 2, 4, 5, 2, 2, 5, 2, 1, 2, 5, 2, 4, 4]"
EMORY,2.1622,1.0142,37,"[5, 4, 2, 3, 2, 3, 2, 2, 3, 1, 4, 2, 1, 2, 1, 4, 2, 1, 3, 2, 2, 3, 2, 2, 1, 1, 1, 2, 3, 1, 2, 1, 3, 2, 2, 1, 2]"
EMOTION,2.1628,0.9742,43,"[1, 2, 1, 1, 1, 2, 1, 2, 2, 3, 1, 2, 4, 2, 4, 1, 2, 1, 2, 3, 1, 2, 2, 4, 2, 2, 2, 2, 2, 2, 2, 2, 1, 4, 3, 3, 2, 3, 3, 2, 2, 5, 2]"
EMPIRES,3.0,1.1711,36,"[1, 5, 1, 4, 2, 3, 2, 5, 2, 2, 3, 3, 2, 3, 3, 4, 4, 3, 1, 2, 4, 3, 4, 3, 4, 4, 5, 2, 5, 4, 3, 2, 2, 2, 4, 2]"
EMPOWERING,1.8718,0.6951,39,"[2, 2, 2, 2, 1, 1, 2, 2, 3, 4, 1, 2, 2, 2, 1, 2, 1, 2, 1, 2, 2, 1, 2, 2, 2, 3, 2, 2, 2, 2, 2, 3, 3, 2, 2, 1, 1, 1, 1]"
ENABLED,1.7027,0.661,37,"[2, 2, 2, 2, 2, 1, 2, 2, 1, 1, 2, 2, 1, 2, 2, 3, 2, 1, 1, 1, 2, 1, 2, 2, 1, 1, 2, 2, 2, 2, 2, 1, 1, 2, 4, 1, 1]"
ENCHANTED,2.5135,1.1696,37,"[3, 3, 1, 2, 4, 5, 2, 3, 2, 2, 1, 1, 1, 5, 3, 3, 5, 2, 1, 5, 2, 2, 2, 2, 1, 2, 2, 2, 2, 3, 2, 3, 3, 2, 3, 4, 2]"
ENCHILADA,4.0556,1.1939,36,"[5, 3, 4, 2, 5, 5, 4, 3, 5, 2, 4, 5, 5, 4, 5, 3, 5, 2, 5, 5, 5, 5, 5, 4, 2, 4, 5, 2, 4, 5, 5, 5, 2, 5, 5, 2]"
ENCYCLOPEDIA,3.8649,1.3573,37,"[5, 2, 3, 2, 5, 5, 5, 3, 5, 2, 5, 5, 4, 2, 5, 1, 5, 2, 5, 5, 5, 4, 5, 4, 4, 2, 4, 5, 2, 3, 5, 5, 5, 2, 5, 5, 2]"
ENDANGER,2.1111,0.8848,45,"[2, 1, 3, 3, 2, 2, 2, 2, 1, 2, 2, 2, 1, 1, 2, 1, 1, 3, 2, 2, 1, 2, 3, 4, 2, 2, 1, 3, 3, 2, 2, 1, 2, 4, 5, 2, 2, 3, 2, 2, 2, 1, 2, 3, 2]"
ENDURE,1.8919,0.8751,37,"[4, 2, 2, 2, 2, 2, 2, 1, 1, 2, 2, 2, 1, 2, 2, 2, 2, 1, 1, 1, 2, 2, 3, 2, 1, 1, 1, 2, 3, 4, 2, 1, 1, 3, 4, 1, 1]"
ENEMA,3.3,1.285,40,"[3, 3, 4, 5, 5, 5, 4, 5, 2, 2, 4, 3, 5, 2, 2, 3, 3, 2, 5, 3, 5, 1, 3, 5, 4, 5, 2, 3, 3, 1, 4, 5, 3, 2, 3, 2, 2, 2, 2, 5]"
ENGLE,1.5238,0.917,42,"[1, 2, 2, 2, 2, 1, 2, 1, 2, 1, 1, 5, 1, 2, 1, 1, 2, 1, 1, 2, 1, 2, 1, 2, 1, 1, 1, 1, 1, 1, 2, 2, 1, 1, 1, 1, 2, 1, 1, 5, 1, 1]"
ENGULF,2.6,1.1503,40,"[2, 2, 2, 5, 4, 2, 1, 4, 2, 2, 1, 2, 3, 2, 2, 3, 3, 2, 3, 3, 1, 3, 5, 4, 3, 3, 2, 3, 2, 1, 2, 5, 4, 2, 1, 2, 2, 2, 2, 5]"
ENJOYS,2.1795,1.1441,39,"[5, 2, 1, 1, 3, 3, 1, 1, 2, 2, 1, 1, 4, 2, 2, 3, 2, 2, 3, 1, 1, 3, 2, 3, 1, 2, 1, 2, 1, 2, 5, 3, 2, 2, 5, 2, 1, 2, 3]"
ENLIGHTENED,1.9474,0.8683,38,"[2, 3, 2, 3, 1, 1, 2, 3, 2, 1, 3, 2, 2, 2, 2, 2, 2, 2, 2, 2, 1, 1, 2, 1, 2, 3, 1, 2, 1, 2, 1, 3, 5, 2, 1, 1, 3, 1]"
ENTERTAINMENT,3.027,1.213,37,"[5, 2, 2, 2, 5, 4, 3, 3, 4, 2, 2, 3, 2, 5, 5, 3, 5, 2, 5, 5, 3, 2, 2, 2, 2, 2, 3, 3, 2, 2, 2, 5, 3, 2, 2, 4, 2]"
ENTHUSIASM,2.6216,1.0633,37,"[2, 3, 1, 2, 4, 5, 3, 3, 3, 2, 1, 1, 3, 3, 4, 4, 4, 2, 3, 1, 3, 1, 1, 4, 2, 2, 3, 3, 2, 3, 3, 4, 2, 2, 2, 4, 2]"
ENTITY,2.4286,1.0651,35,"[1, 5, 4, 4, 2, 1, 3, 2, 2, 2, 3, 2, 2, 2, 4, 1, 1, 3, 1, 2, 4, 4, 3, 3, 2, 3, 1, 2, 2, 3, 2, 2, 3, 3, 1]"
ENTRANCE,3.5946,1.1893,37,"[5, 3, 4, 2, 5, 5, 5, 3, 5, 2, 3, 5, 4, 4, 4, 1, 5, 2, 4, 5, 4, 4, 3, 2, 4, 2, 3, 3, 2, 4, 5, 4, 4, 2, 4, 5, 2]"
ENTRY,2.8718,1.1281,39,"[2, 3, 5, 4, 3, 4, 5, 2, 5, 2, 2, 2, 2, 1, 2, 2, 1, 2, 4, 3, 2, 4, 5, 2, 3, 4, 3, 3, 2, 3, 2, 4, 3, 4, 2, 3, 1, 3, 3]"
EONS,1.9302,0.9359,43,"[2, 2, 2, 1, 5, 3, 2, 3, 2, 3, 3, 2, 4, 2, 2, 1, 2, 1, 2, 1, 1, 2, 2, 4, 2, 1, 2, 1, 1, 2, 2, 2, 1, 1, 1, 1, 2, 1, 3, 2, 2, 1, 1]"
EPHRAIM,1.75,0.8742,36,"[2, 1, 2, 3, 2, 2, 2, 3, 1, 1, 2, 1, 2, 1, 3, 2, 1, 3, 1, 2, 1, 1, 2, 1, 1, 2, 2, 1, 2, 2, 1, 1, 5, 2, 1, 1]"
EQUITY,1.8889,0.8873,36,"[1, 4, 2, 4, 2, 1, 2, 1, 1, 2, 2, 1, 2, 2, 5, 2, 2, 1, 1, 2, 2, 2, 2, 1, 2, 2, 2, 2, 2, 1, 1, 2, 2, 2, 2, 1]"
EQUIVALENT,1.9459,0.8147,37,"[2, 3, 2, 3, 1, 3, 2, 1, 2, 1, 3, 2, 1, 2, 2, 3, 2, 1, 2, 1, 2, 2, 2, 2, 1, 1, 1, 2, 3, 1, 2, 4, 1, 2, 3, 3, 1]"
ERRANDS,2.4419,0.8253,43,"[2, 2, 2, 2, 4, 2, 1, 2, 2, 4, 3, 2, 3, 2, 2, 3, 2, 1, 2, 2, 3, 4, 2, 4, 2, 2, 2, 4, 3, 2, 2, 2, 3, 2, 2, 2, 2, 2, 3, 2, 2, 4, 4]"
ERRING,1.75,0.9673,36,"[5, 2, 2, 2, 1, 2, 2, 2, 1, 2, 1, 2, 2, 2, 1, 1, 2, 1, 1, 1, 2, 1, 1, 2, 1, 1, 2, 2, 1, 2, 3, 1, 2, 5, 1, 1]"
ERRORS,2.0,0.8272,39,"[4, 2, 2, 2, 1, 3, 4, 3, 2, 2, 1, 1, 2, 2, 2, 2, 2, 2, 1, 1, 3, 2, 1, 2, 1, 2, 3, 3, 1, 2, 3, 2, 2, 1, 3, 2, 1, 2, 1]"
ESCORTS,3.2162,1.0576,37,"[5, 5, 2, 3, 3, 3, 2, 4, 4, 5, 4, 2, 3, 2, 5, 3, 2, 4, 3, 4, 2, 2, 4, 2, 3, 3, 3, 4, 4, 3, 2, 3, 3, 4, 5, 3, 1]"
ESTABLISHING,1.725,0.8767,40,"[2, 2, 1, 2, 2, 3, 1, 1, 2, 2, 1, 1, 1, 2, 2, 1, 1, 2, 1, 1, 1, 2, 2, 3, 1, 1, 2, 4, 1, 1, 1, 2, 2, 2, 1, 5, 2, 2, 2, 1]"
EURO,3.1351,1.2284,37,"[5, 4, 4, 2, 5, 3, 3, 3, 5, 2, 2, 5, 3, 3, 4, 2, 5, 2, 5, 1, 3, 3, 3, 2, 4, 2, 2, 3, 2, 2, 4, 2, 5, 2, 2, 5, 2]"
EVALUATE,1.7442,0.658,43,"[1, 2, 1, 1, 1, 1, 1, 2, 2, 2, 1, 2, 2, 2, 3, 1, 2, 1, 2, 1, 2, 4, 2, 3, 2, 1, 2, 2, 2, 2, 1, 2, 2, 1, 1, 1, 2, 2, 2, 2, 2, 2, 2]"
EVENT,2.55,0.9858,40,"[4, 4, 4, 2, 5, 3, 1, 2, 2, 2, 1, 2, 3, 2, 2, 2, 2, 2, 3, 3, 4, 3, 4, 3, 4, 2, 2, 3, 3, 1, 2, 4, 2, 2, 2, 3, 2, 1, 2, 2]"
EVERY,1.4595,0.691,37,"[4, 1, 2, 2, 1, 2, 2, 1, 1, 1, 1, 2, 1, 2, 1, 1, 2, 1, 1, 1, 2, 1, 2, 2, 1, 1, 1, 1, 2, 1, 2, 1, 1, 1, 3, 1, 1]"
EVERYDAY,1.8649,1.0045,37,"[5, 1, 1, 2, 1, 4, 1, 3, 2, 2, 1, 1, 1, 2, 2, 1, 3, 2, 1, 1, 2, 2, 1, 2, 1, 2, 2, 1, 2, 3, 1, 1, 3, 2, 1, 4, 2]"
EVERYONE,2.6842,1.0425,38,"[2, 3, 3, 2, 1, 4, 3, 4, 5, 2, 2, 3, 2, 1, 5, 2, 4, 2, 1, 2, 2, 4, 2, 3, 3, 2, 3, 3, 3, 2, 4, 4, 2, 2, 3, 1, 3, 3]"
EVILS,2.1667,1.0101,42,"[3, 3, 2, 2, 4, 5, 2, 3, 2, 5, 2, 1, 1, 2, 1, 3, 2, 3, 1, 2, 3, 2, 3, 2, 1, 2, 2, 2, 1, 2, 2, 2, 3, 1, 3, 1, 2, 1, 1, 3, 2, 1]"
EXACT,1.8444,0.7674,45,"[1, 1, 2, 2, 2, 2, 2, 2, 2, 2, 2, 1, 1, 1, 2, 1, 1, 2, 1, 2, 1, 2, 3, 2, 2, 2, 1, 1, 2, 2, 2, 1, 2, 4, 5, 2, 2, 2, 2, 1, 2, 2, 2, 2, 2]"
EXAMINING,2.0682,0.7594,44,"[2, 1, 1, 2, 2, 2, 2, 2, 3, 2, 2, 3, 2, 3, 2, 1, 1, 3, 1, 2, 1, 2, 3, 2, 2, 2, 3, 2, 2, 2, 2, 1, 2, 3, 5, 2, 2, 2, 2, 2, 1, 2, 3, 2]"
EXCLUSION,1.875,0.9111,40,"[3, 2, 1, 2, 5, 2, 1, 3, 2, 2, 1, 1, 2, 2, 2, 1, 1, 2, 1, 1, 1, 2, 2, 2, 2, 1, 2, 3, 1, 1, 1, 3, 2, 2, 1, 4, 2, 1, 2, 3]"
EXERCISED,2.6744,1.1489,43,"[2, 2, 3, 4, 5, 4, 2, 3, 2, 2, 3, 2, 2, 2, 5, 1, 2, 2, 2, 1, 3, 3, 2, 2, 2, 2, 2, 3, 4, 2, 5, 2, 2, 2, 1, 5, 2, 5, 4, 2, 2, 4, 3]"
EXHALE,3.093,1.1087,43,"[3, 2, 3, 4, 5, 4, 2, 4, 2, 4, 3, 2, 4, 2, 5, 3, 2, 3, 2, 4, 4, 5, 2, 4, 2, 3, 2, 4, 5, 2, 2, 2, 3, 5, 3, 4, 2, 3, 4, 2, 2, 1, 4]"
EXORCISM,3.2973,1.2663,37,"[5, 3, 2, 5, 4, 5, 2, 2, 3, 2, 5, 2, 5, 2, 4, 4, 2, 2, 2, 4, 2, 4, 5, 2, 3, 1, 3, 3, 5, 4, 2, 2, 4, 4, 5, 5, 3]"
EXPLICIT,2.1429,0.8715,42,"[2, 2, 2, 2, 4, 5, 2, 2, 2, 2, 2, 3, 2, 2, 3, 3, 2, 2, 2, 2, 4, 2, 2, 2, 1, 2, 2, 1, 1, 2, 2, 2, 2, 1, 4, 1, 2, 1, 2, 2, 3, 1]"
EXPORT,2.1316,0.7771,38,"[2, 2, 2, 3, 1, 1, 2, 2, 2, 2, 2, 3, 2, 1, 2, 2, 2, 1, 4, 2, 1, 2, 2, 2, 3, 3, 4, 2, 2, 2, 3, 3, 3, 2, 3, 1, 1, 2]"
EXPOSING,2.4878,1.0752,41,"[3, 3, 2, 2, 2, 5, 2, 1, 2, 2, 3, 4, 1, 2, 3, 4, 2, 3, 1, 2, 4, 2, 4, 2, 1, 5, 3, 1, 1, 3, 2, 2, 3, 2, 4, 3, 2, 1, 3, 3, 2]"
EXPOSITION,2.2857,1.0167,35,"[5, 3, 4, 3, 2, 2, 3, 3, 2, 2, 3, 2, 2, 2, 4, 2, 1, 2, 1, 2, 2, 1, 3, 1, 2, 2, 5, 2, 2, 1, 1, 2, 2, 2, 2]"
EXPRESSION,2.75,1.0522,36,"[2, 4, 3, 2, 3, 4, 3, 2, 2, 2, 5, 2, 2, 3, 1, 4, 3, 3, 2, 2, 5, 4, 3, 2, 3, 4, 3, 2, 2, 5, 1, 2, 2, 2, 2, 3]"
EXTEND,2.2381,1.0548,42,"[3, 4, 2, 2, 3, 5, 2, 1, 2, 4, 2, 3, 1, 2, 1, 2, 2, 2, 2, 2, 2, 2, 4, 2, 1, 2, 5, 2, 1, 4, 2, 2, 3, 1, 2, 1, 2, 1, 3, 2, 2, 1]"
EXTERIORS,2.925,1.0473,40,"[3, 4, 3, 3, 4, 4, 3, 4, 2, 2, 2, 3, 4, 2, 2, 2, 4, 2, 2, 2, 1, 4, 4, 4, 5, 3, 2, 2, 3, 1, 3, 5, 3, 2, 3, 3, 2, 3, 2, 5]"
EXTRACTION,2.5814,1.0055,43,"[2, 3, 4, 2, 5, 3, 1, 2, 2, 3, 3, 2, 2, 2, 4, 5, 1, 2, 2, 3, 4, 4, 2, 4, 2, 3, 2, 2, 3, 2, 1, 2, 2, 2, 2, 2, 2, 2, 4, 2, 2, 4, 3]"
EXTREMELY,1.65,0.7696,40,"[3, 1, 1, 1, 4, 1, 1, 2, 2, 2, 1, 1, 2, 2, 2, 1, 1, 2, 1, 1, 1, 3, 1, 1, 2, 1, 2, 2, 1, 1, 1, 3, 2, 2, 2, 3, 2, 1, 2, 1]"
EYEBROWS,4.2973,1.2442,37,"[5, 5, 2, 5, 5, 5, 2, 5, 5, 5, 5, 2, 4, 2, 5, 5, 2, 5, 5, 4, 2, 5, 5, 2, 5, 5, 5, 5, 5, 5, 2, 5, 5, 5, 5, 5, 5]"
EYEGLASSES,4.0,1.472,37,"[5, 1, 5, 2, 5, 5, 5, 4, 5, 2, 5, 5, 5, 2, 5, 1, 5, 2, 5, 5, 5, 5, 5, 2, 5, 2, 5, 4, 2, 5, 5, 5, 5, 2, 5, 5, 2]"
EYESORE,2.9767,0.9877,43,"[5, 3, 3, 2, 5, 3, 4, 4, 2, 3, 4, 2, 3, 2, 3, 3, 2, 2, 2, 4, 5, 4, 2, 3, 2, 4, 2, 3, 3, 2, 3, 2, 3, 2, 2, 3, 2, 4, 3, 2, 2, 5, 4]"
FABULOUS,2.4419,0.9832,43,"[2, 2, 2, 3, 2, 2, 1, 3, 2, 3, 3, 2, 3, 2, 3, 1, 2, 1, 2, 3, 3, 4, 2, 3, 2, 2, 2, 3, 2, 2, 3, 2, 1, 3, 3, 1, 2, 5, 5, 2, 2, 5, 2]"
FAINTEST,1.8649,1.0045,37,"[5, 4, 2, 2, 2, 2, 2, 1, 1, 1, 1, 2, 1, 2, 2, 2, 2, 1, 2, 1, 2, 1, 1, 2, 1, 1, 2, 1, 2, 1, 2, 3, 4, 4, 2, 1, 1]"
FAIRY,4.1081,1.1968,37,"[5, 4, 3, 2, 5, 5, 5, 4, 5, 2, 4, 5, 5, 5, 5, 3, 5, 2, 5, 5, 5, 5, 5, 3, 4, 2, 5, 5, 2, 4, 5, 4, 5, 2, 5, 5, 2]"
FAKER,2.3846,0.9351,39,"[2, 1, 2, 3, 1, 2, 2, 2, 2, 3, 1, 3, 2, 3, 2, 2, 1, 2, 3, 2, 2, 3, 3, 2, 1, 4, 2, 3, 4, 3, 2, 3, 5, 3, 2, 4, 1, 3, 2]"
FALK,1.6047,0.7603,43,"[4, 2, 1, 2, 1, 1, 1, 1, 2, 1, 4, 2, 1, 2, 2, 1, 2, 1, 2, 3, 1, 2, 2, 1, 2, 1, 2, 1, 1, 2, 1, 2, 1, 1, 1, 1, 2, 1, 1, 2, 2, 1, 2]"
FALLOUT,2.2821,0.887,39,"[2, 2, 3, 2, 3, 1, 3, 2, 2, 2, 3, 2, 2, 4, 2, 2, 1, 2, 4, 2, 2, 1, 3, 2, 1, 3, 3, 3, 2, 3, 2, 2, 4, 4, 2, 3, 1, 1, 1]"
FALLOW,2.1892,0.8768,37,"[2, 3, 2, 2, 3, 3, 2, 5, 2, 2, 2, 2, 1, 2, 1, 2, 2, 1, 3, 3, 2, 2, 2, 2, 1, 1, 2, 3, 1, 1, 2, 4, 3, 3, 2, 3, 2]"
FALSE,1.7619,0.6917,42,"[1, 2, 1, 1, 2, 1, 1, 2, 2, 3, 2, 2, 2, 2, 2, 1, 2, 1, 2, 1, 2, 1, 2, 4, 2, 1, 2, 2, 1, 2, 1, 2, 1, 1, 1, 2, 2, 3, 2, 2, 3, 2]"
FANFARE,2.4872,0.9699,39,"[2, 2, 3, 2, 3, 3, 3, 2, 2, 2, 3, 2, 2, 3, 4, 2, 1, 2, 3, 2, 2, 1, 1, 2, 1, 4, 3, 3, 2, 3, 2, 4, 4, 5, 2, 4, 1, 3, 2]"
FANS,3.6444,1.2996,45,"[5, 5, 5, 5, 2, 4, 2, 2, 5, 4, 2, 4, 5, 4, 2, 4, 5, 5, 5, 2, 5, 2, 3, 5, 3, 2, 4, 4, 4, 2, 3, 5, 2, 4, 5, 2, 2, 5, 2, 5, 2, 5, 2, 5, 4]"
FARMING,3.6047,1.275,43,"[3, 4, 5, 5, 5, 5, 3, 4, 2, 4, 5, 2, 4, 2, 5, 2, 2, 5, 2, 4, 4, 5, 2, 5, 3, 3, 2, 5, 4, 2, 4, 2, 5, 5, 5, 5, 2, 5, 4, 2, 2, 2, 4]"
FATE,1.5556,0.6522,36,"[3, 1, 2, 1, 1, 2, 1, 1, 1, 1, 2, 1, 2, 1, 2, 2, 1, 1, 3, 2, 1, 2, 2, 1, 1, 1, 2, 2, 1, 2, 1, 1, 2, 3, 2, 1]"
FATS,2.9167,1.1802,36,"[3, 3, 2, 3, 2, 4, 5, 3, 2, 2, 3, 5, 2, 3, 5, 1, 4, 4, 1, 2, 2, 5, 2, 3, 3, 2, 5, 2, 4, 4, 1, 3, 2, 3, 2, 3]"
FATSO,3.5946,1.1657,37,"[5, 5, 2, 5, 4, 3, 2, 5, 3, 5, 4, 2, 4, 2, 4, 5, 2, 3, 4, 5, 2, 3, 3, 2, 4, 3, 2, 3, 4, 5, 2, 5, 5, 4, 5, 4, 3]"
FATTY,3.5676,1.2592,37,"[5, 4, 3, 2, 3, 5, 2, 3, 5, 2, 4, 2, 3, 5, 5, 1, 5, 2, 5, 5, 4, 3, 4, 3, 4, 2, 4, 3, 2, 4, 4, 5, 5, 2, 5, 5, 2]"
FAULTY,2.1944,0.8886,36,"[1, 4, 4, 3, 2, 3, 2, 1, 3, 2, 2, 2, 2, 2, 2, 4, 2, 1, 1, 2, 2, 2, 3, 2, 2, 2, 3, 2, 1, 4, 1, 2, 2, 1, 3, 2]"
FEBRUARY,2.3182,1.0949,44,"[2, 3, 2, 4, 2, 1, 2, 2, 1, 2, 2, 2, 1, 2, 3, 1, 2, 1, 2, 5, 2, 3, 5, 1, 2, 2, 3, 2, 2, 2, 1, 2, 4, 4, 2, 2, 4, 2, 1, 2, 5, 2, 3, 2]"
FEDS,2.875,1.1589,40,"[4, 4, 2, 2, 4, 3, 4, 4, 2, 2, 3, 1, 5, 2, 2, 3, 3, 2, 5, 2, 3, 3, 5, 5, 3, 5, 2, 3, 2, 1, 3, 4, 2, 2, 1, 2, 2, 3, 2, 3]"
FEISTY,2.8919,1.1734,37,"[5, 4, 2, 2, 4, 5, 2, 3, 3, 2, 2, 3, 2, 5, 5, 3, 5, 2, 2, 5, 2, 2, 4, 2, 2, 2, 2, 2, 2, 2, 2, 4, 3, 2, 2, 4, 2]"
FELICITY,1.9487,0.8568,39,"[2, 2, 1, 2, 2, 5, 2, 2, 2, 2, 2, 1, 2, 2, 1, 2, 1, 2, 4, 3, 2, 1, 1, 2, 2, 2, 1, 1, 2, 2, 2, 3, 2, 3, 2, 1, 1, 1, 3]"
FEMINIST,2.6429,1.1004,42,"[4, 4, 2, 2, 4, 5, 2, 3, 2, 2, 4, 5, 1, 2, 1, 3, 2, 4, 3, 2, 5, 2, 4, 2, 2, 3, 3, 2, 1, 2, 2, 2, 3, 1, 3, 3, 2, 1, 2, 3, 3, 3]"
FEND,1.85,0.7696,40,"[4, 2, 2, 3, 1, 3, 1, 2, 2, 2, 1, 1, 2, 2, 2, 1, 3, 2, 3, 1, 1, 2, 1, 1, 3, 1, 2, 2, 1, 1, 2, 2, 2, 2, 1, 3, 2, 2, 2, 1]"
FENDERS,3.5135,1.3254,37,"[2, 5, 2, 5, 2, 4, 2, 5, 5, 5, 5, 2, 4, 2, 4, 5, 2, 4, 4, 4, 2, 4, 2, 2, 5, 1, 2, 4, 3, 3, 2, 5, 5, 5, 4, 5, 3]"
FERRIS,2.2857,0.8913,42,"[4, 2, 3, 3, 1, 2, 3, 2, 2, 3, 2, 1, 2, 2, 3, 2, 2, 2, 3, 4, 2, 2, 2, 2, 2, 2, 3, 1, 2, 4, 2, 1, 3, 1, 1, 2, 4, 3, 2, 2, 1, 4]"
FEZ,3.2051,1.5924,39,"[2, 2, 5, 1, 4, 1, 5, 5, 2, 2, 5, 4, 2, 3, 2, 2, 1, 2, 5, 1, 2, 5, 4, 2, 1, 5, 4, 5, 2, 5, 2, 5, 1, 5, 2, 5, 4, 5, 5]"
FIFTEEN,2.814,1.1393,43,"[3, 2, 3, 2, 4, 4, 1, 2, 2, 3, 4, 2, 2, 2, 5, 2, 2, 5, 2, 3, 4, 5, 2, 2, 2, 3, 2, 2, 3, 2, 4, 2, 3, 4, 1, 2, 2, 5, 3, 2, 2, 5, 4]"
FILTHY,3.6667,1.2421,36,"[5, 5, 4, 4, 2, 5, 5, 2, 3, 2, 5, 4, 2, 4, 4, 5, 3, 4, 1, 2, 4, 4, 5, 4, 4, 2, 5, 2, 4, 5, 5, 2, 2, 4, 5, 4]"
FIN,3.3077,1.4717,39,"[2, 3, 4, 1, 4, 5, 5, 5, 5, 4, 5, 3, 2, 4, 5, 2, 3, 2, 5, 1, 2, 5, 5, 2, 4, 5, 1, 5, 2, 5, 2, 2, 4, 4, 2, 3, 1, 1, 4]"
FINN,2.4865,1.1931,37,"[2, 4, 1, 2, 5, 1, 1, 3, 2, 2, 2, 2, 2, 2, 4, 2, 2, 2, 5, 4, 3, 3, 5, 3, 4, 2, 1, 3, 2, 1, 1, 1, 3, 2, 2, 4, 2]"
FIREHOUSE,4.1351,1.2056,37,"[5, 5, 2, 5, 5, 4, 2, 5, 5, 5, 5, 2, 4, 2, 5, 5, 2, 4, 5, 4, 2, 5, 4, 2, 5, 4, 4, 5, 5, 5, 2, 5, 5, 5, 5, 5, 4]"
FIREWORK,4.0238,1.3341,42,"[5, 5, 2, 2, 5, 5, 2, 5, 2, 5, 5, 5, 5, 2, 4, 5, 2, 4, 5, 2, 5, 2, 5, 2, 4, 5, 5, 5, 5, 5, 2, 2, 5, 4, 5, 5, 2, 5, 5, 5, 5, 4]"
FISHY,2.3182,0.9092,44,"[2, 1, 3, 2, 2, 3, 2, 2, 1, 1, 2, 1, 3, 2, 2, 2, 2, 3, 3, 2, 5, 2, 3, 3, 2, 2, 2, 4, 2, 2, 3, 1, 2, 3, 5, 2, 2, 2, 2, 2, 4, 2, 2, 2]"
FISTS,4.175,1.238,40,"[5, 5, 5, 5, 5, 4, 5, 5, 2, 2, 5, 5, 5, 2, 2, 5, 5, 2, 5, 5, 5, 5, 5, 5, 5, 5, 2, 5, 4, 3, 5, 4, 5, 2, 5, 3, 2, 5, 3, 5]"
FIT,2.9048,1.1001,42,"[4, 4, 2, 2, 2, 5, 2, 3, 2, 4, 3, 4, 3, 2, 4, 2, 2, 3, 4, 2, 3, 2, 4, 2, 2, 3, 3, 5, 1, 4, 2, 2, 4, 2, 4, 2, 2, 5, 2, 2, 5, 2]"
FITCH,1.8333,1.0282,36,"[1, 4, 3, 2, 2, 1, 1, 3, 4, 2, 2, 1, 2, 2, 1, 5, 2, 1, 1, 1, 1, 3, 1, 1, 2, 1, 3, 2, 1, 1, 1, 2, 2, 1, 1, 2]"
FLAMINGOS,4.2432,1.2562,37,"[5, 4, 5, 2, 5, 5, 5, 4, 5, 2, 5, 5, 5, 5, 5, 2, 5, 2, 5, 5, 5, 5, 5, 3, 5, 2, 5, 5, 2, 5, 5, 5, 5, 2, 5, 5, 2]"
FLANKING,2.575,1.1068,40,"[4, 4, 2, 5, 4, 3, 1, 1, 2, 2, 1, 4, 2, 2, 2, 2, 3, 2, 3, 2, 1, 2, 5, 3, 4, 1, 2, 2, 2, 3, 4, 3, 4, 2, 2, 2, 2, 2, 2, 4]"
FLASHBACK,2.4737,1.0587,38,"[2, 2, 3, 3, 1, 3, 2, 5, 3, 2, 5, 2, 1, 1, 2, 4, 2, 4, 3, 2, 1, 4, 2, 1, 3, 3, 3, 2, 3, 2, 3, 3, 3, 2, 2, 1, 1, 3]"
FLATTEN,3.2093,1.1246,43,"[3, 2, 4, 4, 5, 5, 1, 4, 2, 4, 5, 2, 3, 2, 4, 3, 2, 3, 2, 3, 5, 3, 2, 4, 2, 3, 2, 5, 5, 2, 4, 2, 4, 3, 3, 4, 2, 4, 4, 2, 2, 4, 4]"
FLATTER,2.3023,0.8028,43,"[2, 2, 2, 2, 1, 5, 1, 2, 2, 3, 4, 2, 3, 2, 4, 3, 2, 1, 2, 2, 3, 2, 2, 3, 2, 3, 2, 2, 2, 2, 1, 2, 2, 2, 3, 3, 2, 2, 3, 2, 2, 3, 2]"
FLAUTIST,2.7368,1.3888,38,"[2, 1, 3, 1, 4, 5, 5, 4, 3, 1, 4, 1, 2, 2, 2, 1, 2, 2, 1, 2, 5, 5, 2, 1, 5, 2, 4, 2, 2, 2, 2, 2, 4, 2, 3, 4, 5, 4]"
FLAVORS,2.6757,1.1317,37,"[5, 3, 1, 2, 3, 5, 3, 3, 2, 2, 3, 1, 2, 5, 4, 3, 4, 2, 4, 2, 3, 2, 4, 1, 2, 2, 2, 3, 2, 2, 2, 2, 4, 2, 1, 4, 2]"
FLAWLESS,2.3,0.9923,40,"[4, 2, 3, 2, 2, 2, 2, 3, 2, 2, 1, 2, 5, 2, 2, 3, 4, 2, 2, 1, 1, 3, 1, 4, 2, 2, 2, 2, 1, 1, 2, 4, 4, 2, 2, 3, 2, 1, 2, 3]"
FLEAS,4.0263,1.2625,38,"[2, 4, 4, 5, 4, 5, 5, 5, 5, 3, 5, 5, 2, 4, 2, 5, 2, 5, 3, 2, 5, 5, 2, 4, 5, 5, 5, 2, 5, 2, 5, 5, 5, 2, 5, 5, 5, 4]"
FLIERS,3.5952,1.289,42,"[5, 5, 2, 2, 2, 5, 2, 5, 2, 4, 5, 5, 3, 2, 5, 5, 2, 3, 4, 2, 4, 2, 4, 2, 4, 5, 5, 2, 5, 4, 2, 2, 3, 5, 5, 4, 2, 5, 3, 4, 5, 4]"
FLOORBOARD,3.8378,1.4628,37,"[5, 1, 5, 2, 5, 5, 5, 2, 5, 2, 5, 5, 4, 2, 5, 1, 5, 2, 5, 4, 5, 4, 5, 2, 5, 2, 5, 4, 2, 5, 5, 4, 5, 2, 5, 5, 2]"
FLOPPY,3.2162,1.2722,37,"[5, 5, 2, 5, 3, 3, 2, 3, 4, 5, 5, 2, 4, 2, 5, 4, 2, 1, 3, 3, 2, 3, 4, 2, 3, 1, 2, 4, 4, 2, 2, 2, 5, 5, 4, 4, 2]"
FLORINS,2.1622,1.2805,37,"[2, 4, 2, 1, 2, 2, 2, 5, 1, 1, 5, 2, 1, 2, 1, 1, 2, 1, 5, 4, 2, 4, 1, 2, 1, 3, 1, 2, 1, 1, 2, 4, 1, 2, 3, 3, 1]"
FLU,2.8889,1.0493,45,"[3, 3, 5, 4, 2, 3, 2, 2, 3, 2, 2, 4, 3, 4, 2, 3, 2, 3, 2, 2, 3, 2, 3, 5, 3, 2, 2, 4, 2, 2, 3, 2, 2, 4, 5, 2, 2, 5, 2, 4, 2, 4, 2, 5, 2]"
FLUCTUATIONS,2.0667,0.8367,45,"[1, 1, 1, 2, 2, 1, 2, 2, 3, 2, 2, 1, 1, 1, 2, 2, 1, 3, 2, 2, 1, 2, 3, 4, 2, 2, 3, 2, 3, 2, 2, 1, 2, 4, 4, 2, 2, 2, 2, 4, 2, 2, 2, 2, 2]"
FLUENTLY,1.8649,0.9476,37,"[2, 1, 2, 2, 2, 2, 2, 5, 1, 2, 3, 2, 1, 2, 2, 2, 2, 1, 1, 1, 2, 2, 1, 2, 1, 1, 1, 2, 1, 4, 2, 1, 1, 3, 4, 2, 1]"
FLUNG,2.7222,1.1367,36,"[2, 4, 2, 2, 4, 3, 2, 4, 4, 5, 4, 2, 3, 2, 3, 3, 2, 1, 2, 3, 2, 3, 1, 2, 1, 1, 2, 2, 3, 5, 2, 3, 3, 4, 5, 2]"
FOCUS,1.975,0.8619,40,"[4, 2, 1, 1, 2, 3, 2, 1, 2, 2, 1, 1, 4, 2, 2, 2, 2, 2, 2, 1, 1, 3, 2, 3, 2, 1, 2, 2, 2, 1, 2, 4, 3, 2, 1, 3, 2, 1, 2, 1]"
FOGGY,3.6,1.3038,45,"[3, 5, 5, 5, 2, 3, 2, 2, 4, 5, 2, 5, 5, 5, 2, 5, 3, 4, 5, 2, 5, 2, 3, 5, 4, 2, 4, 4, 4, 2, 4, 4, 2, 3, 5, 2, 2, 5, 2, 5, 2, 5, 2, 5, 5]"
FOLDER,4.125,1.2234,40,"[5, 4, 5, 5, 5, 5, 5, 5, 2, 2, 5, 4, 5, 2, 2, 5, 5, 2, 5, 4, 5, 4, 5, 5, 5, 5, 2, 4, 5, 4, 5, 5, 5, 2, 4, 4, 2, 5, 2, 5]"
FONT,3.641,1.2667,39,"[2, 3, 5, 5, 4, 4, 4, 5, 5, 5, 5, 4, 2, 1, 3, 2, 3, 2, 4, 4, 2, 4, 4, 2, 5, 5, 4, 5, 2, 4, 2, 5, 5, 5, 2, 5, 2, 4, 3]"
FOOTHILLS,3.7436,1.3322,39,"[2, 2, 4, 5, 4, 5, 5, 2, 5, 3, 5, 5, 2, 3, 5, 2, 1, 2, 5, 4, 2, 4, 5, 2, 3, 5, 5, 5, 4, 5, 2, 4, 5, 5, 2, 5, 3, 5, 4]"
FORCED,2.2143,0.9762,42,"[4, 4, 2, 2, 3, 5, 2, 2, 2, 3, 3, 3, 1, 2, 2, 3, 2, 2, 3, 2, 2, 2, 2, 2, 1, 4, 3, 1, 1, 1, 2, 2, 3, 1, 1, 3, 2, 1, 1, 2, 3, 1]"
FORD,3.4419,1.2593,43,"[5, 4, 3, 3, 5, 4, 4, 5, 2, 4, 5, 2, 4, 2, 5, 3, 2, 4, 2, 3, 4, 4, 2, 4, 2, 4, 2, 5, 2, 2, 5, 2, 4, 5, 4, 1, 2, 5, 5, 2, 2, 4, 5]"
FORE,2.0476,1.1033,42,"[5, 1, 2, 2, 3, 5, 2, 1, 2, 4, 1, 3, 1, 2, 3, 3, 2, 3, 1, 2, 1, 2, 3, 2, 1, 1, 2, 1, 4, 1, 2, 2, 1, 1, 2, 1, 2, 1, 3, 1, 1, 3]"
FOREBODING,2.1081,1.1495,37,"[4, 1, 1, 2, 1, 5, 1, 3, 3, 2, 2, 1, 1, 5, 4, 2, 4, 2, 1, 1, 2, 1, 2, 2, 1, 2, 1, 3, 2, 2, 1, 1, 2, 2, 3, 3, 2]"
FORECASTLE,2.1395,0.8614,43,"[3, 2, 2, 3, 4, 1, 1, 2, 2, 1, 2, 2, 2, 2, 2, 3, 2, 3, 2, 3, 2, 3, 2, 3, 2, 2, 2, 1, 2, 2, 3, 2, 3, 1, 1, 1, 2, 1, 3, 2, 2, 1, 5]"
FORESTS,4.3077,1.2173,39,"[2, 5, 5, 4, 5, 5, 5, 5, 5, 5, 5, 5, 2, 4, 5, 2, 5, 2, 5, 5, 2, 5, 5, 2, 5, 5, 5, 5, 5, 5, 2, 5, 5, 5, 2, 5, 4, 5, 5]"
FORGERY,2.4,0.7508,45,"[2, 3, 4, 2, 2, 2, 2, 2, 2, 3, 2, 3, 2, 2, 2, 3, 3, 3, 3, 2, 1, 2, 3, 3, 2, 2, 2, 3, 2, 2, 2, 2, 2, 4, 5, 2, 2, 4, 2, 2, 2, 2, 2, 2, 2]"
FORKLIFT,4.275,1.2808,40,"[5, 5, 5, 5, 5, 5, 5, 5, 2, 2, 5, 5, 5, 2, 2, 5, 5, 2, 5, 5, 5, 5, 5, 5, 5, 5, 2, 5, 5, 5, 5, 5, 5, 2, 5, 3, 2, 5, 2, 5]"
FORMAL,2.6444,1.0693,45,"[3, 3, 5, 4, 2, 2, 2, 2, 4, 1, 2, 3, 3, 3, 2, 3, 1, 3, 1, 2, 1, 2, 3, 4, 2, 2, 3, 3, 3, 2, 3, 1, 2, 4, 5, 2, 2, 4, 2, 4, 2, 3, 2, 5, 2]"
FORTH,1.9167,0.9673,36,"[1, 2, 1, 4, 2, 1, 3, 1, 2, 2, 2, 1, 2, 4, 1, 2, 3, 1, 1, 2, 2, 4, 1, 1, 2, 2, 3, 2, 1, 4, 1, 2, 2, 1, 2, 1]"
FORTHCOMING,1.6744,0.6064,43,"[1, 2, 1, 2, 2, 2, 1, 2, 2, 2, 1, 2, 2, 2, 4, 1, 2, 1, 2, 1, 1, 2, 2, 2, 2, 2, 2, 1, 2, 2, 1, 2, 1, 1, 1, 1, 2, 1, 2, 2, 2, 2, 1]"
FORTUNES,2.55,1.0115,40,"[4, 3, 2, 1, 4, 4, 2, 2, 2, 2, 2, 5, 3, 2, 2, 3, 2, 2, 4, 2, 3, 2, 4, 2, 1, 1, 2, 4, 3, 1, 3, 4, 2, 2, 2, 4, 2, 2, 2, 3]"
FOUGHT,2.6905,1.0704,42,"[2, 4, 2, 2, 3, 5, 2, 3, 2, 5, 2, 4, 3, 2, 3, 4, 2, 4, 3, 2, 2, 2, 4, 2, 3, 3, 3, 4, 1, 1, 2, 2, 5, 1, 3, 2, 2, 1, 2, 3, 3, 3]"
FOUR,3.1081,1.3078,37,"[3, 4, 5, 2, 5, 5, 2, 3, 3, 2, 3, 4, 3, 1, 5, 1, 5, 2, 4, 1, 4, 1, 3, 3, 5, 2, 4, 3, 2, 3, 2, 3, 5, 2, 3, 5, 2]"
FOURTEEN,2.7222,1.2331,36,"[1, 5, 2, 2, 2, 5, 3, 2, 2, 2, 5, 3, 2, 5, 1, 4, 5, 3, 1, 2, 2, 4, 3, 3, 2, 2, 4, 2, 3, 3, 1, 2, 2, 2, 4, 2]"
FOXHOLE,3.4762,1.401,42,"[3, 5, 2, 2, 5, 5, 2, 5, 2, 5, 2, 5, 3, 2, 5, 4, 2, 4, 4, 2, 5, 2, 5, 2, 3, 5, 5, 5, 1, 3, 2, 2, 3, 5, 5, 5, 2, 5, 1, 4, 4, 3]"
FRAGRANT,2.4722,1.1585,36,"[1, 5, 1, 4, 2, 4, 4, 3, 2, 2, 3, 3, 2, 3, 3, 4, 4, 2, 1, 2, 2, 1, 5, 2, 3, 3, 3, 2, 3, 1, 1, 2, 2, 2, 1, 1]"
FRAIL,3.1111,1.0359,36,"[3, 5, 3, 4, 2, 3, 5, 2, 3, 2, 4, 3, 2, 3, 5, 4, 3, 3, 1, 2, 3, 3, 4, 3, 4, 2, 4, 2, 4, 5, 2, 2, 2, 4, 3, 3]"
FRANCE,3.3778,1.2484,45,"[5, 3, 4, 5, 2, 3, 2, 2, 3, 2, 2, 3, 4, 5, 2, 5, 3, 3, 3, 2, 5, 2, 3, 5, 3, 2, 4, 5, 4, 2, 5, 5, 2, 4, 5, 2, 2, 5, 2, 4, 2, 5, 2, 5, 4]"
FRANCHISE,2.8889,1.1656,36,"[3, 3, 4, 2, 2, 2, 2, 4, 1, 2, 2, 2, 2, 3, 5, 4, 3, 1, 1, 2, 4, 5, 4, 3, 3, 2, 5, 2, 5, 4, 2, 3, 2, 4, 3, 3]"
FREDDO,2.0222,0.8916,45,"[1, 1, 1, 1, 2, 1, 2, 2, 1, 1, 2, 1, 1, 3, 2, 1, 3, 1, 3, 2, 1, 2, 3, 2, 2, 2, 2, 3, 3, 2, 3, 1, 2, 4, 2, 2, 2, 4, 2, 4, 2, 1, 2, 3, 3]"
FRESH,2.7692,0.9857,39,"[2, 1, 4, 2, 2, 3, 3, 3, 5, 3, 3, 4, 2, 3, 3, 2, 4, 2, 3, 3, 2, 1, 3, 2, 2, 4, 3, 3, 2, 2, 2, 3, 4, 5, 2, 3, 1, 4, 3]"
FRESNO,3.1026,1.4104,39,"[2, 2, 3, 5, 3, 5, 5, 2, 5, 3, 5, 2, 2, 4, 4, 2, 1, 2, 4, 5, 2, 1, 1, 2, 3, 5, 4, 2, 2, 5, 2, 4, 5, 4, 2, 5, 2, 1, 3]"
FRISK,3.3077,1.0299,39,"[2, 4, 4, 3, 3, 5, 5, 4, 2, 4, 4, 3, 2, 3, 3, 2, 3, 2, 4, 4, 2, 3, 4, 2, 3, 5, 4, 4, 2, 3, 2, 4, 4, 5, 2, 5, 2, 3, 4]"
FRITZ,2.0476,1.011,42,"[2, 2, 2, 2, 3, 5, 2, 3, 2, 2, 4, 2, 1, 2, 1, 1, 2, 1, 2, 2, 1, 2, 4, 2, 1, 2, 2, 3, 1, 1, 2, 2, 2, 1, 2, 3, 2, 1, 1, 5, 2, 1]"
FROLICS,2.6,1.2153,40,"[5, 3, 3, 3, 5, 2, 1, 3, 2, 2, 1, 1, 5, 2, 2, 3, 3, 2, 1, 1, 1, 3, 4, 4, 4, 2, 2, 3, 3, 1, 3, 5, 3, 2, 1, 3, 2, 2, 2, 4]"
FROWN,3.825,1.2987,40,"[5, 4, 5, 5, 5, 4, 5, 5, 2, 2, 3, 4, 5, 2, 2, 5, 5, 2, 5, 4, 5, 5, 4, 5, 4, 3, 2, 5, 4, 1, 5, 5, 5, 2, 4, 3, 2, 3, 2, 5]"
FUNERAL,4.0833,1.1307,36,"[5, 5, 5, 4, 2, 5, 5, 5, 4, 2, 3, 5, 2, 4, 5, 5, 4, 4, 3, 2, 4, 4, 5, 5, 4, 2, 5, 3, 5, 5, 4, 5, 2, 5, 5, 5]"
FUROSEMIDE,1.8,0.7261,45,"[2, 1, 1, 1, 2, 1, 2, 2, 1, 2, 2, 1, 4, 1, 2, 1, 2, 2, 2, 2, 1, 2, 3, 1, 3, 2, 1, 3, 3, 2, 2, 1, 2, 1, 2, 2, 2, 2, 2, 1, 2, 1, 2, 3, 1]"
FUSS,2.5556,0.9984,36,"[3, 4, 3, 3, 2, 4, 3, 2, 2, 2, 3, 3, 2, 2, 2, 1, 3, 2, 1, 2, 3, 2, 4, 3, 4, 2, 4, 2, 1, 4, 1, 2, 2, 4, 4, 1]"
GABLES,3.2973,1.4116,37,"[5, 5, 2, 5, 4, 4, 2, 5, 4, 5, 4, 2, 4, 2, 4, 5, 2, 1, 4, 3, 2, 3, 1, 2, 3, 1, 2, 5, 2, 2, 2, 5, 5, 5, 2, 5, 3]"
GADGET,3.3514,1.0332,37,"[5, 4, 3, 2, 5, 3, 3, 3, 3, 2, 3, 3, 3, 5, 5, 3, 5, 2, 4, 4, 4, 3, 3, 2, 3, 2, 3, 3, 2, 5, 5, 4, 4, 2, 3, 4, 2]"
GAIL,2.093,0.7811,43,"[4, 2, 2, 2, 2, 1, 2, 2, 2, 2, 5, 2, 2, 2, 2, 2, 2, 3, 2, 3, 2, 3, 2, 1, 2, 2, 2, 2, 1, 2, 1, 2, 2, 2, 1, 1, 2, 2, 2, 2, 2, 2, 4]"
GALILEO,3.2093,1.2451,43,"[5, 5, 4, 3, 5, 2, 4, 3, 2, 3, 5, 2, 3, 2, 5, 5, 2, 2, 2, 4, 4, 5, 2, 4, 2, 3, 2, 3, 1, 2, 4, 2, 4, 3, 3, 3, 2, 2, 5, 2, 2, 5, 5]"
GALL,2.0811,1.1396,37,"[3, 4, 1, 2, 5, 2, 1, 3, 2, 2, 2, 1, 1, 2, 3, 1, 5, 2, 1, 1, 2, 2, 1, 1, 5, 2, 1, 2, 2, 2, 1, 1, 2, 2, 3, 2, 2]"
GALLERIA,3.35,1.2517,40,"[5, 4, 1, 4, 4, 4, 4, 4, 2, 2, 2, 5, 5, 2, 2, 4, 4, 2, 4, 4, 5, 1, 4, 5, 4, 5, 2, 5, 4, 1, 4, 4, 3, 2, 3, 3, 2, 3, 2, 4]"
GALLERY,3.4595,1.1449,37,"[5, 5, 2, 2, 4, 4, 2, 4, 5, 4, 5, 2, 4, 2, 4, 4, 2, 1, 3, 3, 2, 4, 5, 2, 4, 3, 3, 4, 3, 4, 2, 4, 5, 5, 4, 4, 3]"
GALLOWAY,2.0833,1.2507,36,"[5, 4, 2, 5, 3, 2, 5, 1, 1, 1, 2, 1, 2, 1, 2, 2, 1, 1, 1, 2, 3, 1, 2, 1, 1, 3, 2, 2, 1, 2, 4, 1, 1, 3, 3, 1]"
GANT,1.7778,0.7035,45,"[3, 1, 1, 1, 2, 1, 2, 2, 1, 2, 2, 2, 1, 1, 2, 1, 1, 1, 3, 2, 1, 2, 3, 2, 2, 2, 2, 1, 2, 2, 2, 1, 2, 4, 2, 2, 2, 2, 2, 1, 2, 1, 2, 3, 1]"
GARBAGE,3.9302,1.3344,43,"[5, 4, 4, 5, 5, 5, 5, 5, 2, 4, 5, 2, 5, 2, 4, 5, 2, 5, 2, 5, 5, 5, 2, 5, 2, 5, 2, 5, 4, 2, 4, 2, 5, 4, 5, 5, 2, 5, 5, 2, 2, 5, 5]"
GARGOYLES,4.1351,1.3367,37,"[1, 5, 2, 5, 5, 5, 2, 5, 5, 5, 5, 2, 4, 2, 5, 5, 2, 5, 5, 5, 2, 5, 4, 2, 5, 5, 5, 5, 5, 5, 2, 5, 5, 5, 4, 5, 4]"
GARLAND,3.7568,1.3209,37,"[5, 4, 5, 2, 5, 4, 5, 3, 4, 2, 5, 5, 5, 4, 5, 3, 5, 2, 5, 3, 4, 1, 4, 5, 5, 2, 4, 4, 2, 4, 3, 1, 5, 2, 5, 5, 2]"
GARLIC,4.0,1.3601,41,"[5, 2, 2, 5, 5, 2, 5, 2, 5, 5, 5, 4, 2, 5, 5, 2, 5, 5, 2, 5, 2, 5, 2, 5, 5, 5, 5, 5, 5, 2, 2, 4, 5, 5, 5, 2, 5, 3, 5, 4, 5]"
GATOR,4.1892,1.1981,37,"[5, 4, 5, 2, 5, 5, 5, 3, 5, 2, 5, 5, 5, 5, 5, 3, 5, 2, 5, 5, 5, 4, 5, 5, 5, 2, 4, 5, 2, 4, 4, 5, 5, 2, 5, 5, 2]"
GAUGE,2.814,1.1182,43,"[5, 2, 3, 3, 5, 3, 3, 4, 2, 2, 5, 2, 1, 2, 4, 2, 2, 4, 2, 3, 4, 5, 2, 3, 2, 2, 2, 3, 2, 2, 2, 2, 5, 3, 4, 4, 2, 2, 3, 2, 2, 1, 3]"
GAWAIN,1.9722,1.082,36,"[2, 2, 2, 4, 2, 1, 2, 3, 1, 1, 1, 2, 1, 2, 1, 3, 2, 1, 3, 3, 2, 1, 1, 2, 1, 1, 2, 2, 1, 1, 2, 3, 5, 2, 5, 1]"
GENEVA,2.7143,1.2155,42,"[5, 3, 2, 2, 2, 5, 2, 3, 2, 4, 3, 5, 2, 2, 1, 1, 2, 2, 4, 2, 4, 2, 4, 2, 3, 1, 2, 2, 5, 3, 2, 2, 1, 1, 3, 2, 2, 4, 5, 3, 3, 4]"
GEORGE,2.5778,1.0551,45,"[2, 3, 4, 1, 2, 2, 2, 2, 1, 2, 2, 3, 4, 1, 2, 4, 3, 1, 3, 2, 5, 2, 3, 5, 2, 2, 1, 3, 4, 2, 3, 3, 2, 4, 3, 2, 2, 5, 2, 3, 2, 2, 2, 3, 3]"
GERMANY,3.6667,1.1711,36,"[5, 5, 5, 3, 2, 5, 3, 5, 2, 2, 5, 5, 2, 3, 5, 3, 4, 3, 2, 2, 5, 5, 3, 4, 4, 3, 5, 2, 5, 4, 3, 4, 2, 4, 4, 4]"
GETAWAY,2.6944,0.9804,36,"[2, 4, 1, 2, 2, 3, 3, 3, 1, 2, 4, 3, 2, 2, 4, 4, 3, 3, 1, 2, 3, 3, 3, 2, 4, 4, 4, 2, 4, 4, 1, 2, 2, 3, 3, 2]"
GETHSEMANE,2.25,1.1802,36,"[5, 1, 3, 3, 2, 1, 4, 5, 1, 2, 4, 3, 2, 1, 2, 1, 1, 3, 1, 2, 3, 1, 2, 4, 3, 3, 1, 2, 2, 1, 1, 3, 2, 3, 1, 2]"
GIBBERISH,2.0455,0.834,44,"[1, 3, 3, 1, 2, 2, 2, 2, 1, 2, 2, 2, 1, 1, 2, 2, 1, 3, 3, 2, 1, 2, 3, 4, 2, 2, 2, 1, 2, 2, 3, 1, 2, 4, 4, 2, 2, 2, 3, 2, 1, 2, 2, 1]"
GIFTS,3.7381,1.3078,42,"[5, 5, 2, 2, 5, 5, 2, 5, 2, 5, 5, 5, 5, 2, 5, 5, 2, 4, 4, 2, 4, 2, 5, 2, 4, 5, 5, 5, 5, 3, 2, 2, 4, 4, 5, 3, 2, 5, 2, 4, 4, 3]"
GIGS,2.3333,1.0041,42,"[1, 4, 2, 2, 5, 5, 2, 3, 2, 3, 2, 3, 1, 2, 1, 2, 2, 3, 3, 2, 2, 2, 2, 2, 1, 3, 3, 3, 1, 3, 2, 2, 3, 1, 3, 1, 2, 4, 1, 2, 3, 2]"
GIVE,2.4324,0.9586,37,"[2, 2, 2, 3, 3, 3, 2, 4, 3, 3, 5, 2, 2, 2, 3, 3, 2, 3, 2, 1, 2, 1, 3, 2, 1, 1, 2, 2, 4, 3, 2, 3, 3, 3, 4, 1, 1]"
GIZZARD,3.5556,1.319,36,"[5, 4, 4, 2, 5, 5, 4, 3, 5, 2, 5, 4, 4, 5, 4, 1, 5, 2, 4, 5, 3, 3, 5, 1, 2, 2, 3, 2, 4, 3, 5, 5, 2, 3, 5, 2]"
GLENDALE,2.6667,1.2873,36,"[3, 3, 5, 3, 2, 2, 2, 5, 2, 2, 4, 4, 2, 5, 5, 2, 5, 3, 1, 2, 3, 2, 2, 2, 2, 2, 1, 2, 5, 1, 1, 3, 2, 3, 1, 2]"
GLITTER,4.1111,1.1899,36,"[5, 5, 4, 3, 2, 5, 5, 5, 5, 2, 5, 5, 2, 5, 5, 5, 5, 5, 4, 2, 4, 5, 5, 3, 4, 4, 5, 2, 5, 5, 5, 2, 2, 4, 5, 4]"
GLORIOUS,2.5135,1.3667,37,"[5, 4, 1, 2, 1, 5, 1, 3, 5, 2, 5, 1, 1, 5, 4, 3, 4, 2, 1, 1, 2, 1, 2, 3, 1, 2, 2, 2, 2, 2, 3, 3, 3, 2, 1, 4, 2]"
GLOWING,3.3514,1.111,37,"[2, 3, 3, 2, 3, 5, 3, 3, 4, 2, 3, 4, 4, 5, 4, 4, 5, 2, 1, 4, 3, 4, 4, 3, 4, 2, 4, 4, 2, 3, 4, 5, 5, 2, 2, 5, 2]"
GNARLY,2.2667,1.1362,45,"[1, 1, 4, 1, 2, 3, 2, 2, 1, 2, 2, 4, 4, 3, 2, 1, 1, 3, 1, 2, 1, 2, 3, 4, 3, 2, 2, 1, 3, 2, 2, 1, 2, 4, 5, 2, 2, 5, 2, 1, 2, 1, 2, 4, 2]"
GOB,2.0952,1.1001,42,"[2, 5, 2, 2, 4, 2, 2, 2, 2, 4, 2, 4, 1, 2, 2, 1, 2, 1, 1, 2, 1, 2, 4, 2, 1, 1, 1, 4, 1, 3, 2, 2, 1, 1, 1, 4, 2, 1, 2, 3, 1, 3]"
GOGGLES,3.9722,1.298,36,"[5, 5, 3, 1, 2, 5, 4, 5, 5, 2, 5, 5, 2, 5, 5, 5, 5, 5, 3, 2, 3, 5, 5, 4, 4, 2, 5, 2, 5, 5, 5, 4, 2, 4, 5, 4]"
GOLDIE,2.4054,1.2124,37,"[5, 3, 2, 3, 2, 2, 2, 1, 3, 1, 1, 2, 4, 2, 4, 4, 2, 1, 3, 1, 2, 1, 3, 2, 1, 1, 2, 2, 3, 1, 2, 3, 5, 2, 4, 5, 2]"
GOODBYE,2.5135,1.1931,37,"[1, 2, 3, 2, 4, 4, 1, 3, 3, 2, 1, 4, 2, 2, 5, 1, 5, 2, 1, 5, 3, 3, 1, 3, 3, 2, 1, 3, 2, 1, 2, 4, 2, 2, 3, 3, 2]"
GOODYEAR,3.1892,1.3507,37,"[5, 1, 2, 2, 4, 4, 1, 4, 4, 2, 4, 4, 1, 5, 5, 2, 5, 2, 1, 5, 4, 4, 4, 3, 2, 2, 4, 3, 2, 2, 4, 3, 4, 2, 5, 5, 2]"
GOON,2.9111,1.1446,45,"[2, 3, 5, 3, 2, 3, 2, 2, 1, 3, 2, 3, 3, 4, 2, 3, 5, 2, 3, 2, 5, 2, 3, 5, 3, 2, 2, 4, 4, 2, 3, 1, 2, 4, 5, 2, 2, 2, 2, 4, 2, 5, 2, 4, 4]"
GORGE,3.2821,1.2555,39,"[2, 3, 3, 2, 3, 5, 5, 5, 4, 1, 4, 3, 2, 4, 4, 2, 4, 2, 5, 2, 2, 5, 5, 2, 3, 4, 4, 4, 2, 4, 2, 4, 4, 5, 2, 1, 3, 2, 5]"
GPS,3.2162,1.2502,37,"[5, 2, 2, 5, 3, 3, 2, 5, 4, 1, 5, 2, 3, 2, 5, 5, 2, 5, 4, 4, 2, 2, 4, 2, 5, 3, 3, 3, 4, 5, 2, 2, 3, 3, 2, 2, 3]"
GRACEFUL,2.619,1.1252,42,"[3, 4, 2, 2, 2, 5, 2, 3, 2, 5, 3, 3, 3, 2, 4, 3, 2, 2, 3, 2, 4, 2, 4, 2, 1, 3, 4, 1, 1, 4, 2, 2, 4, 2, 4, 2, 2, 1, 1, 4, 2, 1]"
GRACIAS,2.0811,1.0105,37,"[2, 4, 1, 2, 3, 5, 1, 3, 1, 2, 2, 2, 1, 2, 4, 2, 3, 2, 1, 4, 3, 2, 1, 2, 1, 2, 2, 1, 2, 1, 1, 2, 2, 2, 1, 3, 2]"
GRAFT,2.5676,1.2369,37,"[5, 4, 2, 5, 2, 4, 2, 5, 3, 2, 1, 2, 4, 2, 4, 4, 2, 1, 3, 2, 2, 2, 2, 2, 2, 1, 3, 2, 3, 2, 2, 1, 1, 5, 2, 3, 1]"
GRAINS,3.5952,1.289,42,"[5, 5, 2, 2, 4, 5, 2, 5, 2, 5, 5, 5, 3, 2, 5, 5, 2, 3, 5, 2, 3, 2, 4, 2, 3, 4, 5, 4, 5, 5, 2, 2, 4, 2, 4, 4, 2, 5, 5, 4, 4, 2]"
GRAMMAR,1.9524,0.825,42,"[2, 1, 2, 2, 4, 3, 2, 2, 2, 4, 3, 2, 1, 2, 1, 1, 2, 4, 2, 2, 1, 2, 2, 2, 1, 3, 2, 1, 1, 1, 2, 2, 2, 1, 3, 2, 2, 2, 2, 1, 2, 1]"
GRANDSTANDING,1.9487,0.887,39,"[2, 1, 3, 1, 1, 1, 2, 2, 4, 2, 2, 2, 2, 1, 2, 2, 1, 2, 2, 1, 2, 2, 1, 2, 1, 1, 1, 5, 2, 3, 2, 3, 2, 2, 2, 2, 1, 3, 3]"
GRANITE,3.8889,1.1899,36,"[4, 5, 4, 3, 2, 5, 5, 5, 4, 2, 5, 5, 2, 4, 5, 4, 5, 5, 3, 2, 4, 4, 4, 5, 4, 1, 5, 2, 5, 3, 5, 4, 2, 4, 5, 4]"
GRANULAR,2.8108,1.1264,37,"[1, 5, 2, 3, 2, 3, 2, 4, 4, 3, 4, 2, 2, 2, 2, 5, 2, 1, 4, 2, 2, 3, 2, 2, 4, 1, 2, 3, 3, 4, 2, 4, 3, 4, 3, 5, 2]"
GRAPES,4.0233,1.3713,43,"[5, 5, 5, 5, 5, 5, 4, 5, 2, 5, 5, 2, 4, 2, 4, 5, 2, 5, 2, 5, 5, 5, 2, 5, 2, 5, 2, 5, 5, 2, 5, 2, 5, 5, 5, 5, 2, 5, 5, 2, 2, 5, 5]"
GRAPEVINE,3.3778,1.3019,45,"[2, 3, 5, 4, 2, 4, 2, 2, 4, 4, 2, 5, 5, 5, 2, 5, 4, 3, 5, 2, 5, 2, 3, 5, 4, 2, 4, 4, 4, 2, 2, 5, 2, 4, 5, 2, 2, 5, 2, 5, 2, 2, 2, 5, 2]"
GREENER,2.6667,1.0445,45,"[2, 3, 5, 4, 2, 3, 2, 2, 3, 2, 2, 1, 2, 4, 2, 3, 1, 3, 5, 2, 1, 2, 3, 3, 3, 2, 3, 1, 4, 2, 2, 3, 2, 3, 5, 2, 2, 4, 2, 3, 2, 4, 2, 4, 3]"
GREENHOUSE,4.1,1.277,40,"[5, 5, 5, 5, 5, 5, 5, 5, 2, 2, 4, 3, 5, 2, 2, 4, 5, 2, 5, 5, 5, 5, 5, 5, 5, 5, 2, 4, 5, 3, 5, 5, 5, 2, 5, 3, 2, 5, 2, 5]"
GREGORY,2.4878,1.1208,41,"[4, 2, 2, 2, 3, 1, 1, 3, 2, 1, 5, 2, 3, 2, 3, 5, 2, 2, 2, 3, 3, 4, 2, 2, 2, 2, 2, 4, 2, 2, 1, 2, 3, 5, 1, 1, 2, 4, 2, 2, 4]"
GRENADES,3.7857,1.4904,42,"[5, 4, 5, 5, 5, 5, 5, 5, 2, 4, 5, 2, 4, 2, 5, 5, 2, 5, 2, 5, 5, 5, 2, 5, 2, 4, 2, 5, 5, 2, 5, 2, 1, 5, 5, 2, 5, 5, 2, 2, 1, 5]"
GRIDDLE,3.7297,1.2834,37,"[4, 4, 4, 2, 5, 3, 5, 3, 5, 2, 4, 4, 5, 4, 5, 1, 5, 2, 3, 4, 4, 4, 5, 2, 5, 2, 2, 5, 2, 4, 5, 5, 5, 2, 5, 5, 2]"
GRIFF,1.7027,0.9087,37,"[2, 3, 2, 1, 2, 2, 2, 5, 1, 1, 1, 2, 1, 2, 1, 1, 2, 1, 1, 2, 2, 3, 2, 2, 1, 1, 2, 2, 1, 1, 2, 1, 1, 1, 4, 1, 1]"
GRIFFIN,3.1667,1.2071,36,"[5, 5, 3, 3, 2, 5, 3, 5, 4, 2, 4, 3, 2, 3, 4, 5, 2, 3, 3, 2, 3, 4, 2, 2, 2, 3, 5, 2, 3, 1, 1, 3, 2, 4, 5, 4]"
GRIM,2.05,0.8756,40,"[4, 2, 2, 1, 2, 2, 1, 3, 2, 2, 1, 1, 1, 2, 2, 2, 2, 2, 1, 2, 1, 2, 3, 3, 3, 1, 2, 3, 2, 3, 2, 4, 4, 2, 1, 3, 2, 1, 2, 1]"
GRIN,3.814,1.3845,43,"[4, 4, 5, 4, 4, 5, 1, 5, 2, 4, 5, 2, 5, 2, 5, 5, 2, 5, 2, 5, 5, 5, 2, 5, 2, 4, 2, 5, 5, 2, 4, 2, 5, 5, 5, 5, 2, 5, 5, 2, 2, 4, 5]"
GROSSNESS,2.6944,0.8886,36,"[5, 3, 2, 2, 4, 3, 2, 3, 3, 2, 3, 2, 3, 2, 4, 3, 2, 3, 1, 2, 2, 2, 2, 1, 3, 2, 3, 4, 4, 2, 3, 3, 3, 3, 4, 2]"
GROTESQUE,3.1389,1.2225,36,"[3, 5, 4, 4, 2, 5, 4, 2, 3, 2, 5, 3, 2, 2, 4, 4, 2, 4, 1, 2, 3, 1, 3, 4, 4, 4, 5, 2, 3, 5, 1, 2, 2, 4, 4, 3]"
GROUNDWATER,3.1905,1.2733,42,"[4, 3, 2, 2, 4, 5, 2, 5, 2, 5, 4, 5, 2, 2, 3, 5, 2, 4, 4, 2, 3, 2, 3, 2, 4, 2, 3, 4, 5, 1, 2, 2, 3, 5, 5, 2, 2, 1, 5, 4, 4, 3]"
GUARANTEE,1.8188,0.7828,320,"[4, 1, 1, 2, 2, 2, 1, 1, 2, 2, 1, 2, 2, 2, 2, 1, 1, 2, 3, 2, 1, 3, 1, 2, 2, 1, 2, 2, 2, 1, 1, 5, 2, 2, 2, 5, 2, 2, 2, 1, 1, 2, 2, 3, 2, 2, 2, 1, 2, 1, 1, 2, 1, 2, 3, 3, 2, 1, 1, 1, 2, 1, 1, 2, 1, 1, 1, 2, 2, 1, 2, 1, 1, 2, 3, 2, 1, 1, 4, 4, 4, 2, 3, 2, 2, 1, 2, 2, 1, 2, 3, 1, 2, 3, 1, 1, 2, 3, 4, 2, 1, 2, 2, 1, 1, 2, 1, 2, 1, 2, 2, 2, 2, 1, 1, 3, 2, 2, 3, 2, 2, 1, 2, 2, 2, 2, 1, 2, 1, 2, 1, 1, 2, 2, 2, 2, 2, 2, 2, 2, 3, 2, 1, 1, 2, 2, 1, 1, 2, 1, 2, 1, 1, 1, 2, 1, 2, 1, 1, 2, 2, 1, 2, 2, 2, 1, 2, 1, 1, 1, 2, 2, 1, 2, 1, 2, 1, 2, 3, 2, 1, 2, 1, 2, 3, 2, 2, 1, 2, 4, 5, 2, 2, 2, 2, 1, 2, 1, 2, 2, 2, 1, 2, 1, 1, 3, 1, 1, 2, 2, 2, 2, 2, 3, 2, 2, 1, 2, 1, 2, 1, 3, 3, 2, 4, 2, 2, 2, 2, 1, 2, 1, 2, 1, 1, 1, 1, 2, 1, 2, 2, 2, 3, 3, 5, 2, 1, 2, 1, 2, 1, 3, 1, 2, 2, 1, 1, 2, 3, 1, 3, 2, 1, 2, 2, 2, 1, 2, 2, 2, 2, 2, 2, 2, 1, 2, 2, 2, 2, 2, 2, 2, 2, 3, 2, 1, 1, 2, 2, 1, 3, 2, 2, 2, 1, 1, 2, 1, 1, 3, 3, 2, 1, 2, 2, 1, 1, 1, 2, 2, 1, 2, 2, 3, 2, 2, 1, 1, 1, 1]"
GUIDE,2.8188,1.1021,320,"[4, 4, 3, 3, 4, 4, 1, 4, 2, 2, 1, 3, 5, 2, 2, 2, 4, 2, 2, 3, 3, 2, 4, 3, 3, 3, 2, 5, 3, 1, 4, 5, 5, 2, 3, 4, 2, 2, 2, 3, 5, 5, 1, 3, 5, 2, 2, 4, 3, 5, 1, 2, 3, 2, 2, 2, 1, 3, 3, 2, 1, 3, 2, 2, 3, 3, 4, 3, 4, 2, 2, 3, 3, 3, 5, 1, 3, 3, 4, 3, 5, 2, 2, 3, 5, 3, 2, 5, 3, 2, 3, 3, 2, 3, 3, 1, 2, 3, 4, 4, 3, 4, 2, 1, 4, 2, 5, 4, 1, 2, 2, 2, 4, 3, 5, 3, 2, 2, 5, 5, 2, 2, 2, 4, 3, 4, 3, 2, 1, 3, 2, 4, 3, 2, 3, 2, 4, 2, 1, 2, 5, 4, 1, 3, 2, 2, 4, 1, 4, 3, 2, 3, 1, 4, 3, 2, 3, 1, 3, 3, 2, 1, 2, 2, 4, 5, 2, 3, 3, 3, 2, 3, 5, 2, 5, 2, 1, 2, 3, 5, 2, 2, 2, 3, 4, 1, 3, 3, 2, 4, 5, 2, 2, 2, 2, 1, 2, 5, 2, 3, 2, 4, 2, 1, 4, 3, 2, 2, 3, 2, 3, 3, 2, 4, 2, 5, 2, 2, 2, 2, 2, 4, 2, 2, 4, 2, 2, 2, 3, 3, 2, 3, 2, 3, 2, 3, 3, 2, 3, 4, 2, 2, 5, 3, 5, 4, 2, 2, 5, 5, 3, 3, 3, 2, 2, 3, 4, 5, 3, 1, 5, 2, 4, 3, 3, 2, 2, 1, 3, 2, 3, 3, 2, 3, 2, 2, 3, 2, 3, 3, 2, 2, 3, 4, 2, 3, 3, 5, 3, 2, 3, 3, 4, 2, 2, 3, 2, 3, 2, 4, 3, 2, 1, 3, 2, 4, 3, 3, 3, 2, 4, 2, 4, 4, 4, 1, 5, 1, 3, 3]"
GUINEA,2.6444,1.1708,45,"[3, 3, 3, 5, 2, 2, 2, 2, 1, 3, 2, 3, 3, 1, 2, 1, 1, 2, 3, 2, 5, 2, 3, 5, 2, 2, 3, 4, 3, 2, 5, 3, 2, 2, 5, 2, 2, 4, 2, 2, 2, 1, 2, 5, 3]"
GULCH,2.814,1.2584,43,"[5, 2, 4, 3, 5, 2, 5, 4, 2, 2, 5, 2, 4, 2, 3, 4, 2, 4, 2, 3, 4, 3, 2, 1, 2, 2, 2, 4, 2, 2, 1, 2, 3, 1, 5, 4, 2, 1, 2, 2, 2, 2, 5]"
GULF,3.2222,1.1849,45,"[3, 5, 4, 3, 2, 2, 2, 2, 2, 4, 2, 4, 4, 2, 2, 4, 5, 2, 4, 2, 5, 2, 3, 5, 3, 2, 4, 4, 4, 2, 4, 5, 2, 3, 5, 2, 2, 5, 2, 4, 2, 4, 2, 5, 4]"
GUNNEL,1.8889,0.9495,36,"[5, 1, 1, 2, 2, 2, 2, 1, 3, 2, 5, 1, 2, 1, 1, 1, 1, 2, 1, 2, 2, 2, 2, 2, 2, 2, 2, 2, 2, 1, 1, 2, 2, 3, 1, 2]"
GURU,2.8205,1.1209,39,"[2, 2, 3, 1, 3, 2, 4, 4, 4, 5, 2, 3, 2, 3, 4, 2, 1, 2, 4, 3, 2, 3, 3, 2, 1, 4, 3, 3, 2, 5, 2, 3, 4, 5, 2, 4, 1, 2, 3]"
GUTLESS,1.9333,0.7804,45,"[2, 1, 1, 2, 2, 1, 2, 2, 1, 2, 2, 2, 1, 1, 2, 1, 1, 3, 2, 2, 1, 2, 3, 2, 2, 2, 2, 2, 2, 2, 2, 1, 2, 4, 5, 2, 2, 2, 2, 2, 2, 1, 2, 3, 2]"
GUTTURAL,2.0,0.8257,45,"[2, 1, 3, 1, 2, 3, 2, 2, 1, 2, 2, 2, 1, 2, 2, 1, 2, 2, 1, 2, 1, 2, 3, 3, 2, 2, 1, 1, 2, 2, 3, 1, 2, 4, 5, 2, 2, 2, 2, 2, 2, 1, 2, 3, 2]"
HACKING,2.6923,1.2598,39,"[4, 3, 2, 2, 1, 3, 1, 5, 2, 2, 2, 5, 3, 2, 2, 2, 2, 5, 1, 1, 3, 4, 3, 3, 2, 2, 3, 1, 5, 5, 4, 5, 2, 2, 2, 2, 2, 2, 3]"
HAEMOGLOBIN,2.4359,0.9678,39,"[2, 2, 3, 3, 2, 2, 5, 3, 4, 3, 4, 2, 2, 3, 3, 2, 1, 2, 2, 3, 2, 3, 2, 2, 1, 3, 1, 3, 2, 4, 2, 1, 4, 1, 2, 3, 2, 1, 3]"
HAIL,3.2444,1.2276,45,"[2, 1, 5, 5, 2, 4, 2, 2, 4, 4, 2, 5, 4, 4, 2, 4, 5, 4, 3, 2, 5, 2, 3, 5, 3, 2, 3, 4, 4, 2, 3, 5, 2, 4, 5, 2, 2, 2, 2, 4, 2, 4, 2, 5, 3]"
HAIRSPRAY,3.8649,1.4174,37,"[5, 1, 5, 2, 5, 5, 4, 3, 5, 2, 5, 5, 5, 2, 5, 1, 5, 2, 5, 5, 5, 4, 5, 3, 4, 2, 5, 3, 2, 5, 5, 5, 5, 2, 4, 5, 2]"
HALF,3.0238,1.2971,42,"[4, 4, 2, 2, 4, 5, 2, 3, 2, 5, 5, 5, 3, 2, 1, 3, 2, 5, 3, 2, 3, 2, 5, 2, 1, 3, 5, 3, 4, 2, 2, 2, 4, 1, 4, 2, 2, 1, 5, 3, 4, 3]"
HALFTIME,2.8205,0.9423,39,"[2, 3, 3, 3, 3, 3, 2, 4, 3, 3, 3, 4, 2, 1, 2, 2, 5, 2, 3, 3, 2, 1, 3, 2, 2, 4, 3, 3, 2, 4, 2, 4, 5, 2, 2, 4, 3, 3, 3]"
HAMMER,4.1892,1.2875,37,"[5, 4, 5, 2, 5, 5, 5, 4, 5, 2, 5, 5, 5, 5, 5, 1, 5, 2, 5, 5, 5, 5, 5, 4, 5, 2, 5, 4, 2, 4, 5, 5, 5, 2, 5, 5, 2]"
HAMPER,3.119,1.4517,42,"[4, 3, 2, 2, 5, 5, 2, 5, 2, 5, 5, 5, 1, 2, 5, 5, 2, 1, 4, 2, 3, 2, 3, 2, 2, 5, 3, 2, 1, 4, 2, 2, 4, 1, 5, 4, 3, 1, 5, 2, 5, 3]"
HAMPSHIRE,2.3023,0.9889,43,"[2, 4, 4, 2, 2, 2, 4, 2, 2, 2, 3, 2, 3, 2, 1, 4, 2, 1, 2, 2, 1, 4, 2, 4, 2, 2, 2, 1, 1, 2, 4, 2, 1, 3, 1, 1, 2, 2, 3, 2, 2, 3, 4]"
HANDING,2.425,1.2987,40,"[4, 2, 1, 4, 2, 2, 1, 5, 2, 2, 1, 1, 4, 2, 2, 1, 4, 2, 5, 1, 1, 4, 4, 4, 3, 1, 2, 2, 2, 1, 3, 3, 2, 2, 1, 4, 2, 1, 2, 5]"
HANDSAW,4.0,1.3435,42,"[5, 5, 2, 2, 4, 5, 2, 5, 2, 5, 5, 5, 5, 2, 5, 5, 2, 4, 5, 2, 4, 2, 5, 2, 5, 5, 5, 5, 5, 3, 2, 2, 5, 4, 5, 5, 2, 5, 5, 5, 5, 5]"
HANGING,3.641,1.2873,39,"[2, 3, 5, 4, 4, 4, 3, 4, 5, 4, 4, 4, 2, 4, 5, 2, 1, 2, 5, 4, 2, 4, 5, 2, 5, 4, 4, 5, 2, 4, 2, 5, 5, 5, 2, 5, 1, 5, 4]"
HAO,1.4103,0.5946,39,"[2, 1, 1, 1, 1, 1, 1, 1, 1, 1, 1, 1, 2, 3, 2, 2, 1, 2, 1, 1, 2, 1, 1, 2, 1, 3, 1, 1, 2, 2, 2, 1, 1, 2, 2, 1, 1, 1, 1]"
HARBORED,2.2791,0.8543,43,"[1, 2, 2, 2, 3, 3, 4, 2, 2, 3, 4, 2, 3, 2, 5, 3, 2, 2, 2, 2, 2, 2, 2, 2, 2, 2, 2, 2, 3, 2, 1, 2, 2, 1, 1, 2, 2, 3, 4, 2, 2, 1, 3]"
HARDCORE,2.4359,1.0462,39,"[2, 1, 3, 2, 1, 3, 3, 2, 3, 3, 1, 2, 2, 2, 1, 2, 5, 2, 5, 3, 2, 4, 3, 2, 3, 2, 2, 3, 2, 3, 2, 3, 4, 4, 2, 1, 1, 1, 3]"
HARE,3.8095,1.2923,42,"[5, 5, 2, 2, 5, 5, 2, 5, 2, 5, 5, 5, 5, 2, 5, 4, 2, 4, 4, 2, 4, 2, 5, 2, 3, 5, 5, 3, 5, 4, 2, 2, 5, 5, 5, 4, 2, 5, 4, 5, 3, 4]"
HARSH,2.0,0.8528,45,"[2, 1, 1, 2, 2, 1, 2, 2, 3, 2, 2, 2, 1, 1, 2, 1, 1, 3, 1, 2, 1, 2, 3, 3, 1, 2, 1, 3, 2, 2, 2, 1, 2, 4, 5, 2, 2, 3, 2, 2, 2, 2, 2, 3, 2]"
HATCHER,1.9762,0.975,42,"[2, 3, 2, 2, 2, 5, 2, 3, 2, 2, 3, 4, 1, 2, 1, 3, 2, 1, 1, 2, 1, 2, 2, 2, 1, 2, 2, 1, 1, 1, 2, 2, 1, 2, 4, 1, 2, 1, 1, 4, 2, 1]"
HAUNT,2.5,0.9515,38,"[4, 3, 2, 2, 5, 2, 2, 2, 2, 1, 3, 4, 2, 2, 3, 2, 2, 5, 3, 2, 2, 4, 2, 2, 2, 3, 3, 1, 2, 3, 3, 2, 2, 3, 2, 1, 2, 3]"
HAWKING,2.3571,1.165,42,"[5, 3, 2, 2, 2, 5, 2, 2, 2, 2, 3, 4, 1, 2, 3, 3, 2, 3, 3, 2, 2, 2, 4, 2, 2, 1, 2, 1, 1, 1, 2, 2, 3, 1, 1, 5, 2, 5, 1, 3, 1, 2]"
HEADLINE,3.5278,1.2758,36,"[3, 5, 5, 2, 2, 4, 5, 5, 4, 2, 5, 5, 1, 3, 4, 2, 5, 3, 2, 2, 4, 3, 5, 5, 4, 4, 3, 2, 5, 4, 2, 4, 2, 2, 5, 4]"
HEADMASTER,3.4595,1.3037,37,"[5, 1, 2, 2, 5, 5, 3, 3, 4, 2, 4, 5, 3, 5, 4, 1, 5, 2, 4, 3, 4, 3, 5, 4, 5, 2, 2, 3, 2, 4, 5, 5, 4, 2, 3, 5, 2]"
HEALED,2.5854,0.8937,41,"[4, 3, 2, 2, 4, 4, 2, 2, 2, 4, 3, 3, 2, 2, 1, 3, 2, 3, 3, 2, 2, 2, 4, 2, 2, 3, 4, 2, 3, 3, 2, 2, 3, 1, 4, 2, 2, 2, 3, 4, 1]"
HEALTHY,2.5778,1.1772,45,"[3, 3, 3, 4, 2, 2, 2, 2, 1, 4, 2, 3, 3, 1, 2, 4, 1, 3, 2, 2, 1, 2, 3, 5, 2, 2, 1, 3, 2, 2, 2, 1, 2, 4, 5, 2, 2, 5, 2, 5, 2, 5, 2, 3, 2]"
HEAPS,3.0541,1.2006,37,"[5, 4, 2, 3, 3, 3, 2, 4, 3, 3, 5, 2, 4, 2, 5, 4, 2, 1, 3, 4, 2, 3, 4, 2, 4, 1, 2, 2, 4, 3, 2, 3, 5, 5, 2, 4, 1]"
HECK,1.6216,0.7208,37,"[2, 4, 1, 2, 1, 1, 1, 3, 1, 2, 2, 1, 1, 2, 2, 1, 1, 2, 1, 1, 1, 1, 1, 2, 1, 2, 1, 3, 2, 1, 1, 2, 2, 2, 2, 2, 2]"
HEEDED,2.0556,1.0405,36,"[2, 5, 1, 4, 2, 1, 2, 2, 1, 2, 2, 1, 2, 1, 3, 2, 1, 1, 1, 2, 4, 4, 3, 1, 2, 3, 3, 2, 1, 3, 1, 2, 2, 2, 2, 1]"
HEIL,2.0476,0.9094,42,"[2, 3, 2, 2, 2, 3, 2, 3, 2, 4, 2, 3, 1, 2, 1, 2, 2, 2, 1, 2, 4, 2, 3, 2, 2, 2, 1, 1, 3, 1, 2, 2, 1, 1, 1, 4, 2, 4, 1, 1, 1, 2]"
HEIRESS,3.027,1.0926,37,"[5, 5, 2, 2, 3, 5, 2, 4, 2, 5, 3, 2, 3, 2, 4, 3, 2, 3, 4, 3, 2, 3, 2, 2, 3, 4, 3, 4, 4, 3, 2, 1, 2, 5, 3, 3, 2]"
HELLCATS,2.381,1.1033,42,"[3, 5, 2, 1, 3, 5, 2, 2, 2, 3, 5, 2, 2, 2, 3, 4, 2, 5, 2, 2, 3, 2, 3, 2, 1, 2, 2, 3, 1, 1, 2, 2, 1, 3, 3, 1, 2, 2, 1, 2, 2, 2]"
HELLER,1.7,0.9661,40,"[2, 4, 1, 1, 1, 1, 1, 1, 2, 2, 1, 1, 1, 2, 2, 1, 4, 2, 5, 1, 1, 1, 2, 3, 2, 1, 2, 1, 1, 1, 1, 2, 1, 2, 1, 3, 2, 2, 2, 1]"
HELLHOLE,2.8974,1.2095,39,"[2, 2, 3, 2, 1, 3, 5, 4, 5, 3, 4, 5, 2, 4, 2, 2, 1, 2, 4, 3, 2, 3, 3, 2, 1, 4, 3, 3, 2, 4, 2, 4, 5, 5, 2, 2, 1, 3, 3]"
HELM,2.619,1.3243,42,"[5, 5, 2, 2, 4, 5, 2, 4, 2, 3, 3, 5, 3, 2, 4, 1, 2, 4, 3, 2, 2, 2, 4, 2, 3, 1, 1, 1, 1, 2, 2, 2, 1, 1, 1, 4, 2, 5, 1, 4, 2, 3]"
HELPLESS,2.3514,1.006,37,"[2, 3, 2, 2, 3, 2, 2, 2, 1, 3, 3, 2, 1, 2, 3, 4, 2, 1, 2, 2, 2, 2, 4, 2, 2, 1, 1, 2, 3, 5, 2, 2, 3, 3, 5, 3, 1]"
HEMATOMA,3.1,1.3737,40,"[2, 3, 3, 5, 2, 3, 4, 5, 2, 2, 3, 1, 5, 2, 2, 4, 4, 2, 5, 4, 5, 2, 2, 5, 4, 1, 2, 5, 2, 3, 2, 5, 5, 2, 4, 2, 2, 1, 2, 5]"
HEMORRHAGING,3.1778,1.134,45,"[2, 3, 5, 4, 2, 3, 2, 2, 3, 3, 2, 3, 5, 5, 2, 4, 3, 3, 3, 2, 5, 2, 3, 5, 4, 2, 3, 3, 3, 2, 3, 4, 2, 4, 5, 2, 2, 4, 2, 5, 2, 5, 2, 5, 3]"
HENCE,1.3953,0.4947,43,"[1, 2, 1, 1, 1, 1, 2, 1, 2, 1, 1, 2, 1, 2, 2, 1, 2, 1, 2, 1, 1, 1, 2, 1, 2, 1, 2, 1, 1, 2, 1, 2, 2, 1, 1, 1, 2, 1, 1, 2, 2, 1, 1]"
HEPATITIS,2.1536,0.9508,319,"[3, 2, 2, 1, 1, 3, 2, 2, 2, 2, 2, 3, 2, 2, 2, 2, 2, 2, 5, 2, 1, 1, 2, 2, 3, 1, 2, 1, 2, 1, 2, 3, 2, 2, 2, 4, 2, 3, 2, 1, 2, 3, 2, 2, 2, 3, 2, 1, 1, 1, 1, 2, 2, 2, 2, 2, 2, 1, 2, 2, 2, 2, 1, 2, 2, 1, 1, 2, 1, 3, 2, 1, 4, 3, 2, 1, 2, 2, 4, 4, 4, 2, 2, 4, 4, 1, 2, 4, 2, 2, 2, 2, 2, 2, 2, 1, 2, 2, 2, 2, 2, 4, 2, 5, 2, 5, 4, 3, 3, 2, 3, 1, 2, 1, 3, 2, 2, 2, 5, 2, 5, 2, 3, 3, 3, 2, 1, 2, 1, 2, 2, 1, 2, 4, 2, 1, 2, 1, 2, 3, 1, 1, 1, 2, 2, 2, 3, 2, 1, 2, 1, 4, 2, 3, 1, 2, 1, 2, 3, 2, 2, 2, 2, 1, 2, 2, 1, 1, 1, 2, 1, 2, 2, 1, 2, 1, 3, 3, 5, 2, 2, 1, 4, 2, 2, 3, 1, 2, 3, 5, 2, 2, 2, 2, 1, 2, 3, 2, 3, 1, 2, 2, 2, 2, 3, 2, 2, 3, 2, 2, 3, 2, 3, 2, 2, 4, 2, 1, 2, 2, 1, 3, 2, 4, 2, 1, 2, 2, 1, 2, 3, 2, 1, 1, 2, 1, 2, 2, 4, 2, 2, 1, 3, 4, 4, 3, 2, 5, 2, 1, 3, 4, 2, 3, 1, 1, 4, 4, 1, 4, 2, 3, 4, 2, 1, 3, 3, 2, 2, 1, 2, 2, 2, 2, 1, 3, 2, 1, 3, 2, 2, 1, 2, 2, 3, 1, 2, 2, 2, 2, 2, 3, 2, 2, 1, 2, 1, 2, 1, 2, 2, 1, 1, 2, 1, 2, 2, 5, 2, 3, 2, 2, 4, 3, 2, 2, 1, 1, 2]"
HERSELF,2.2162,0.917,37,"[3, 3, 2, 4, 2, 3, 3, 2, 1, 2, 3, 2, 2, 2, 2, 4, 2, 2, 1, 2, 3, 4, 3, 4, 2, 2, 1, 1, 2, 2, 1, 1, 3, 2, 1, 2, 1]"
HIGHBALL,3.0476,1.4134,42,"[3, 4, 2, 2, 2, 5, 2, 2, 2, 5, 5, 5, 2, 2, 5, 5, 2, 4, 4, 2, 5, 2, 5, 2, 1, 2, 4, 2, 5, 5, 2, 2, 2, 1, 2, 4, 2, 5, 1, 4, 2, 3]"
HIGHER,2.6486,1.111,37,"[5, 5, 2, 3, 3, 3, 2, 3, 1, 3, 4, 2, 3, 2, 5, 4, 2, 1, 4, 3, 2, 3, 2, 2, 1, 1, 2, 2, 3, 1, 2, 3, 3, 4, 3, 2, 2]"
HIJACKING,2.7778,1.1259,45,"[2, 3, 5, 5, 2, 3, 2, 2, 2, 3, 2, 3, 3, 1, 2, 3, 3, 3, 2, 2, 1, 2, 3, 3, 2, 2, 4, 4, 4, 2, 3, 1, 2, 4, 5, 2, 2, 4, 2, 4, 2, 5, 2, 5, 2]"
HILLS,4.1892,1.2436,37,"[5, 5, 2, 5, 5, 5, 2, 5, 5, 5, 5, 2, 4, 2, 5, 5, 2, 4, 4, 5, 2, 5, 5, 2, 5, 5, 3, 4, 5, 5, 2, 5, 5, 5, 5, 5, 5]"
HINTS,1.825,0.8738,40,"[4, 2, 1, 2, 4, 1, 1, 2, 2, 2, 1, 1, 2, 2, 2, 1, 1, 2, 3, 1, 1, 3, 1, 2, 2, 1, 2, 2, 1, 1, 1, 3, 2, 2, 2, 4, 2, 1, 2, 1]"
HIPPOPOTAMUS,4.1429,1.3717,42,"[5, 5, 2, 2, 5, 5, 2, 5, 2, 5, 5, 5, 5, 2, 5, 5, 2, 5, 5, 2, 5, 2, 5, 2, 5, 5, 5, 5, 5, 5, 2, 2, 5, 5, 5, 5, 2, 5, 5, 5, 5, 5]"
HISPANIC,3.5946,1.2124,37,"[5, 5, 2, 2, 5, 3, 2, 5, 4, 4, 4, 2, 4, 2, 4, 5, 2, 4, 4, 2, 2, 3, 3, 2, 5, 3, 4, 4, 4, 5, 2, 5, 5, 5, 5, 4, 2]"
HOARDING,3.2973,1.2217,37,"[5, 3, 4, 2, 3, 5, 3, 3, 4, 2, 3, 4, 2, 5, 5, 3, 5, 2, 1, 5, 4, 3, 4, 2, 2, 2, 3, 3, 2, 2, 3, 5, 5, 2, 4, 5, 2]"
HOCK,2.2051,1.1045,39,"[2, 1, 1, 2, 3, 3, 5, 2, 4, 1, 5, 1, 2, 2, 1, 2, 1, 2, 2, 2, 2, 1, 3, 2, 1, 2, 2, 4, 2, 2, 2, 2, 4, 4, 2, 3, 1, 1, 2]"
HOGAN,2.4865,1.261,37,"[4, 3, 2, 2, 4, 1, 2, 5, 2, 1, 1, 2, 3, 2, 3, 5, 2, 1, 2, 1, 2, 2, 1, 2, 3, 1, 2, 2, 4, 3, 2, 5, 4, 3, 2, 5, 1]"
HOLDUP,2.925,1.1851,40,"[3, 3, 1, 5, 4, 3, 3, 3, 2, 2, 3, 3, 5, 2, 2, 3, 3, 2, 5, 3, 1, 3, 5, 4, 4, 1, 2, 5, 3, 3, 2, 5, 3, 2, 2, 3, 2, 1, 2, 4]"
HOLIEST,2.1282,0.9228,39,"[2, 2, 1, 2, 1, 1, 3, 2, 4, 4, 3, 4, 2, 4, 2, 2, 1, 2, 2, 2, 2, 1, 3, 2, 1, 3, 2, 1, 2, 2, 2, 3, 3, 2, 2, 1, 1, 3, 1]"
HOLSTERS,3.7778,1.2447,36,"[5, 5, 5, 4, 2, 4, 4, 5, 3, 2, 5, 5, 2, 2, 4, 4, 1, 4, 3, 2, 4, 5, 5, 5, 4, 2, 4, 2, 5, 5, 4, 4, 2, 4, 5, 5]"
HOMER,2.7619,1.2259,42,"[5, 4, 1, 5, 4, 4, 2, 5, 2, 1, 4, 2, 3, 2, 3, 5, 2, 1, 2, 3, 2, 4, 2, 2, 2, 2, 3, 1, 2, 3, 2, 2, 2, 5, 3, 2, 2, 5, 2, 2, 3, 3]"
HOMESICK,2.2821,0.8568,39,"[2, 2, 3, 3, 2, 1, 3, 2, 4, 2, 1, 4, 2, 3, 1, 2, 4, 2, 2, 3, 2, 1, 3, 2, 2, 3, 2, 2, 2, 2, 2, 4, 2, 2, 2, 3, 1, 3, 1]"
HOMEWORK,3.7778,1.1492,36,"[3, 5, 5, 4, 2, 4, 4, 5, 3, 2, 4, 5, 2, 5, 5, 4, 5, 3, 3, 2, 4, 5, 5, 3, 4, 2, 5, 2, 5, 5, 3, 3, 2, 4, 4, 5]"
HOMUNCULUS,1.8974,1.2311,39,"[2, 1, 2, 1, 1, 2, 1, 1, 5, 1, 2, 1, 2, 4, 1, 2, 1, 2, 1, 1, 2, 1, 1, 2, 1, 5, 1, 5, 2, 2, 2, 2, 1, 4, 2, 1, 4, 1, 1]"
HONOLULU,3.5349,1.2411,43,"[5, 4, 5, 4, 5, 5, 5, 5, 2, 4, 4, 2, 4, 2, 2, 5, 2, 4, 2, 5, 5, 5, 2, 4, 2, 4, 2, 3, 3, 2, 3, 2, 4, 5, 4, 3, 2, 4, 3, 2, 2, 5, 5]"
HOOD,3.775,1.3679,40,"[5, 4, 4, 5, 4, 5, 5, 5, 2, 2, 3, 1, 5, 2, 2, 4, 5, 2, 5, 4, 5, 4, 5, 5, 5, 5, 2, 4, 4, 1, 5, 5, 5, 2, 5, 3, 2, 3, 2, 5]"
HOODIE,4.2703,1.2394,37,"[5, 5, 2, 5, 5, 4, 2, 5, 5, 5, 5, 2, 4, 2, 5, 5, 2, 5, 5, 5, 2, 5, 5, 2, 5, 5, 5, 5, 5, 5, 2, 5, 5, 5, 5, 5, 4]"
HOOT,2.1951,1.1004,41,"[1, 3, 2, 2, 4, 5, 2, 1, 2, 4, 2, 3, 1, 2, 2, 5, 2, 2, 2, 3, 2, 3, 2, 3, 2, 1, 3, 1, 1, 2, 2, 1, 4, 1, 1, 2, 3, 3, 1, 1, 1]"
HOOTENANNY,2.3333,1.1711,36,"[1, 3, 4, 4, 2, 3, 3, 4, 2, 2, 3, 1, 2, 2, 5, 1, 1, 2, 1, 2, 1, 3, 3, 4, 4, 4, 1, 2, 1, 1, 1, 2, 2, 3, 1, 3]"
HOOTERS,3.7143,1.312,42,"[5, 5, 2, 2, 3, 5, 2, 5, 2, 5, 3, 5, 5, 2, 5, 5, 2, 3, 4, 2, 5, 2, 5, 2, 3, 3, 5, 5, 5, 5, 2, 2, 4, 5, 5, 4, 2, 5, 3, 4, 5, 3]"
HOPE,1.9937,0.9663,318,"[4, 2, 1, 2, 3, 2, 1, 1, 2, 2, 1, 1, 3, 2, 2, 1, 1, 2, 1, 1, 1, 1, 2, 1, 2, 1, 2, 2, 2, 1, 1, 4, 2, 2, 2, 5, 2, 1, 2, 1, 5, 3, 2, 2, 2, 2, 2, 1, 1, 1, 1, 2, 3, 2, 1, 3, 2, 1, 1, 2, 2, 1, 2, 2, 1, 1, 2, 2, 3, 3, 2, 2, 2, 2, 3, 3, 2, 1, 5, 2, 3, 2, 1, 3, 1, 1, 2, 3, 2, 2, 2, 4, 2, 2, 2, 1, 2, 5, 2, 2, 2, 3, 4, 2, 2, 2, 4, 1, 1, 2, 2, 2, 1, 2, 4, 2, 2, 2, 5, 2, 1, 2, 3, 4, 1, 1, 2, 1, 3, 2, 1, 1, 2, 2, 2, 4, 2, 1, 2, 3, 1, 1, 2, 2, 3, 1, 1, 1, 1, 2, 1, 2, 1, 2, 1, 1, 1, 2, 2, 1, 2, 2, 1, 1, 2, 1, 2, 1, 2, 1, 3, 2, 1, 2, 1, 2, 3, 3, 2, 2, 2, 3, 2, 2, 2, 1, 2, 4, 5, 3, 2, 4, 2, 2, 2, 1, 2, 3, 1, 1, 2, 1, 3, 2, 2, 1, 2, 2, 4, 1, 2, 2, 2, 4, 1, 2, 1, 2, 3, 1, 2, 2, 5, 2, 2, 2, 3, 1, 2, 1, 2, 1, 2, 1, 1, 2, 1, 3, 2, 2, 2, 1, 5, 3, 1, 2, 3, 3, 1, 2, 3, 2, 2, 1, 1, 5, 3, 2, 4, 2, 1, 3, 2, 1, 1, 3, 1, 2, 3, 1, 2, 2, 1, 4, 2, 2, 2, 3, 2, 2, 2, 1, 2, 1, 1, 3, 2, 5, 1, 1, 3, 2, 2, 1, 2, 1, 2, 1, 2, 2, 1, 2, 2, 1, 2, 2, 2, 2, 2, 2, 3, 2, 5, 2, 1, 1, 1, 1]"
HOPI,2.7949,1.4175,39,"[2, 3, 2, 1, 3, 1, 5, 4, 5, 3, 3, 1, 2, 4, 2, 2, 1, 2, 2, 2, 2, 3, 2, 2, 1, 5, 1, 5, 2, 5, 2, 4, 4, 5, 2, 5, 1, 5, 3]"
HORIZON,3.8372,1.2897,43,"[5, 4, 4, 4, 5, 4, 5, 5, 2, 4, 5, 2, 4, 2, 5, 5, 2, 4, 2, 5, 5, 4, 2, 5, 2, 4, 2, 5, 4, 2, 5, 2, 5, 5, 5, 4, 2, 5, 5, 2, 2, 5, 5]"
HORMONES,1.9767,0.8861,43,"[2, 2, 2, 1, 1, 2, 1, 2, 2, 3, 2, 2, 4, 2, 2, 1, 2, 1, 2, 3, 2, 4, 2, 5, 2, 1, 2, 3, 1, 2, 1, 2, 1, 1, 1, 1, 2, 2, 3, 2, 2, 2, 2]"
HORRIBLY,1.8718,0.9509,39,"[4, 2, 1, 1, 4, 2, 1, 1, 2, 2, 1, 1, 2, 2, 2, 2, 2, 1, 1, 1, 2, 1, 3, 3, 1, 2, 2, 2, 1, 1, 5, 2, 2, 2, 3, 2, 1, 2, 1]"
HOSS,2.0465,0.9989,43,"[5, 4, 2, 2, 3, 1, 2, 1, 2, 2, 3, 2, 1, 2, 2, 5, 2, 2, 2, 3, 2, 1, 2, 3, 2, 2, 2, 1, 1, 2, 2, 2, 1, 1, 1, 1, 2, 1, 2, 2, 2, 1, 4]"
HOSTESS,3.5676,1.0939,37,"[5, 2, 3, 2, 4, 5, 4, 3, 4, 2, 4, 3, 4, 4, 4, 2, 5, 2, 5, 5, 4, 4, 4, 4, 3, 2, 3, 4, 2, 4, 5, 4, 5, 2, 3, 5, 2]"
HOTELS,4.0476,1.3243,42,"[5, 5, 2, 2, 5, 5, 2, 5, 2, 5, 5, 5, 5, 2, 5, 5, 3, 5, 5, 2, 4, 2, 4, 2, 3, 5, 5, 5, 5, 4, 2, 2, 5, 5, 5, 5, 2, 5, 5, 5, 5, 5]"
HOURS,2.1892,1.0759,37,"[2, 4, 1, 2, 1, 5, 1, 3, 2, 2, 2, 1, 1, 2, 3, 2, 3, 2, 1, 4, 3, 1, 1, 2, 3, 2, 3, 2, 2, 2, 1, 1, 3, 2, 2, 5, 2]"
HOVERCRAFT,3.975,1.3679,40,"[4, 4, 5, 4, 5, 5, 5, 5, 2, 2, 4, 5, 5, 2, 2, 5, 5, 2, 5, 5, 2, 5, 5, 5, 5, 5, 2, 5, 3, 5, 5, 4, 5, 2, 5, 1, 2, 5, 2, 5]"
HUE,2.7619,1.1855,42,"[3, 4, 2, 2, 4, 5, 2, 4, 2, 3, 2, 5, 1, 2, 3, 2, 2, 2, 2, 2, 3, 2, 5, 2, 1, 4, 5, 3, 1, 3, 2, 2, 3, 1, 2, 4, 2, 5, 2, 4, 3, 3]"
HUFFS,2.3182,1.0292,44,"[2, 1, 4, 1, 2, 2, 2, 2, 2, 2, 2, 3, 3, 1, 2, 1, 3, 3, 3, 2, 1, 2, 3, 4, 2, 2, 1, 1, 3, 2, 2, 1, 2, 4, 5, 2, 2, 2, 2, 2, 4, 2, 5, 3]"
HULA,3.375,1.3528,40,"[5, 3, 3, 3, 5, 5, 5, 3, 2, 2, 5, 1, 5, 2, 2, 5, 5, 2, 5, 3, 4, 2, 4, 5, 5, 2, 2, 5, 4, 1, 3, 4, 3, 2, 3, 2, 2, 4, 2, 5]"
HUM,2.3095,1.2195,42,"[1, 5, 2, 2, 4, 5, 2, 5, 2, 5, 1, 3, 1, 2, 2, 2, 2, 2, 1, 2, 4, 2, 4, 2, 2, 3, 1, 3, 1, 1, 2, 2, 3, 1, 3, 1, 2, 1, 2, 2, 3, 1]"
HUMANITARIAN,2.0952,0.983,42,"[2, 2, 1, 2, 2, 1, 1, 2, 2, 2, 2, 2, 2, 2, 3, 3, 2, 1, 2, 2, 1, 4, 2, 5, 2, 2, 2, 3, 2, 2, 1, 2, 1, 5, 1, 2, 1, 4, 2, 2, 1, 3]"
HUMBLED,1.9487,0.6468,39,"[2, 2, 3, 1, 1, 1, 3, 2, 2, 1, 1, 2, 2, 3, 1, 2, 1, 2, 2, 2, 2, 1, 3, 2, 2, 2, 2, 2, 2, 2, 2, 3, 3, 2, 2, 2, 1, 3, 2]"
HUMILITY,1.9189,0.8621,37,"[2, 2, 2, 2, 2, 3, 2, 1, 1, 3, 2, 2, 1, 2, 2, 2, 2, 1, 1, 1, 2, 1, 2, 2, 1, 1, 1, 2, 3, 5, 2, 2, 1, 3, 3, 3, 1]"
HUMMEL,2.0,1.1983,40,"[1, 2, 1, 1, 1, 3, 1, 1, 2, 2, 4, 1, 1, 2, 2, 1, 4, 2, 4, 2, 1, 1, 4, 5, 2, 1, 2, 2, 2, 1, 1, 4, 1, 2, 1, 2, 2, 1, 2, 5]"
HUMOURED,1.9535,0.8151,43,"[2, 2, 1, 1, 3, 4, 1, 1, 2, 2, 2, 2, 3, 2, 3, 2, 2, 1, 2, 1, 1, 3, 2, 3, 2, 2, 2, 2, 1, 2, 1, 2, 2, 1, 3, 1, 2, 3, 4, 2, 2, 1, 1]"
HUMP,3.6389,1.2225,36,"[5, 2, 5, 3, 4, 2, 4, 4, 5, 4, 2, 5, 2, 5, 5, 2, 2, 4, 4, 2, 5, 4, 2, 4, 3, 2, 4, 4, 5, 2, 5, 5, 4, 5, 4, 2]"
HURT,2.625,1.1699,40,"[5, 2, 3, 3, 5, 3, 1, 3, 2, 2, 1, 2, 2, 2, 2, 2, 3, 2, 4, 1, 2, 4, 5, 3, 3, 1, 2, 3, 2, 1, 4, 5, 3, 2, 1, 4, 2, 3, 2, 3]"
HUSSY,2.8333,1.2762,36,"[2, 4, 2, 4, 4, 2, 4, 1, 4, 4, 2, 3, 2, 5, 5, 2, 1, 5, 3, 2, 2, 1, 2, 3, 1, 1, 3, 5, 2, 2, 2, 2, 4, 4, 4, 3]"
HYDROCHLORIC,2.0476,0.8821,42,"[1, 1, 2, 2, 2, 5, 2, 3, 2, 1, 3, 3, 1, 2, 1, 1, 2, 4, 2, 2, 3, 2, 2, 2, 1, 2, 2, 1, 3, 1, 2, 2, 1, 3, 3, 1, 2, 2, 3, 2, 2, 2]"
HYPERKALEMIA,1.6667,0.8165,42,"[2, 2, 2, 2, 2, 2, 2, 2, 2, 1, 1, 3, 1, 2, 1, 1, 2, 3, 1, 2, 3, 2, 1, 2, 1, 1, 1, 1, 5, 1, 2, 2, 1, 1, 1, 1, 2, 1, 1, 1, 2, 1]"
HYPERTENSION,1.9048,0.9055,42,"[1, 2, 2, 2, 2, 5, 2, 4, 2, 2, 2, 3, 1, 2, 1, 3, 2, 2, 2, 2, 4, 2, 1, 2, 1, 2, 2, 1, 1, 1, 2, 2, 1, 1, 2, 2, 2, 1, 1, 1, 3, 1]"
HYSTERIA,2.6744,1.0402,43,"[3, 2, 2, 3, 2, 4, 1, 3, 2, 5, 4, 2, 4, 2, 5, 3, 2, 3, 2, 2, 2, 3, 2, 4, 2, 1, 2, 3, 2, 2, 1, 2, 3, 2, 4, 3, 2, 3, 4, 2, 2, 5, 3]"
IDEA,1.9524,0.9094,42,"[3, 3, 2, 2, 4, 5, 2, 1, 2, 3, 2, 1, 1, 2, 2, 2, 2, 3, 1, 2, 1, 2, 2, 2, 1, 3, 2, 1, 1, 1, 2, 2, 2, 1, 3, 1, 2, 1, 3, 1, 2, 1]"
IDEALS,1.6429,0.9058,42,"[1, 2, 2, 2, 5, 5, 2, 1, 2, 2, 2, 1, 1, 2, 1, 1, 2, 2, 1, 2, 1, 2, 2, 2, 1, 2, 1, 1, 2, 1, 2, 2, 1, 1, 1, 1, 2, 1, 1, 1, 1, 1]"
ILLUMINATED,3.0,1.1323,40,"[5, 2, 1, 4, 5, 4, 2, 3, 2, 2, 2, 3, 4, 2, 2, 3, 3, 2, 1, 3, 3, 3, 4, 5, 4, 1, 2, 4, 3, 4, 4, 5, 4, 2, 3, 3, 2, 3, 2, 4]"
ILLUSIONS,2.8889,1.1656,36,"[3, 4, 5, 2, 2, 2, 3, 1, 3, 3, 3, 3, 2, 3, 4, 3, 3, 2, 1, 2, 4, 5, 4, 1, 3, 4, 5, 2, 3, 3, 2, 2, 2, 4, 5, 1]"
IMBECILE,2.8333,1.1084,36,"[3, 5, 3, 3, 2, 3, 3, 3, 2, 2, 4, 4, 2, 2, 5, 4, 2, 2, 1, 2, 5, 3, 3, 2, 4, 2, 3, 2, 4, 5, 1, 2, 2, 2, 3, 2]"
IMMENSELY,1.8333,0.7624,42,"[1, 2, 2, 2, 4, 3, 2, 2, 2, 4, 2, 2, 1, 2, 1, 2, 2, 3, 1, 1, 2, 2, 2, 2, 1, 2, 2, 1, 3, 2, 2, 2, 1, 1, 2, 1, 2, 1, 1, 2, 1, 1]"
IMMIGRANT,2.9286,1.0682,42,"[4, 2, 1, 3, 4, 3, 3, 3, 2, 4, 3, 2, 4, 2, 4, 4, 2, 2, 2, 5, 3, 3, 2, 5, 2, 4, 2, 4, 2, 2, 3, 2, 4, 4, 2, 3, 2, 5, 4, 2, 1, 3]"
IMMINENT,1.7857,0.7169,42,"[2, 3, 2, 2, 4, 3, 2, 2, 2, 3, 2, 2, 1, 2, 1, 3, 2, 2, 2, 2, 2, 2, 2, 2, 1, 1, 1, 1, 1, 2, 2, 2, 1, 1, 2, 1, 2, 1, 1, 1, 1, 1]"
IMMORTAL,2.0256,0.8425,39,"[2, 2, 3, 2, 1, 2, 2, 2, 5, 1, 3, 3, 2, 1, 2, 2, 2, 2, 2, 3, 2, 1, 1, 2, 1, 2, 2, 3, 2, 2, 2, 2, 4, 2, 2, 1, 1, 1, 2]"
IMPROMPTU,1.8444,0.8516,45,"[1, 1, 3, 1, 2, 1, 2, 2, 1, 2, 2, 1, 1, 1, 2, 1, 1, 3, 1, 2, 1, 2, 3, 3, 2, 2, 1, 1, 2, 2, 2, 1, 2, 4, 5, 2, 2, 2, 2, 2, 2, 2, 2, 2, 1]"
IMPROPER,1.9048,0.8208,42,"[4, 2, 2, 2, 2, 5, 2, 2, 2, 1, 1, 2, 1, 2, 2, 1, 2, 3, 2, 2, 2, 2, 2, 2, 2, 2, 2, 2, 1, 1, 2, 2, 3, 1, 3, 1, 2, 1, 1, 2, 1, 1]"
IMPURE,1.8649,0.7134,37,"[2, 3, 2, 2, 2, 2, 2, 1, 3, 2, 1, 2, 1, 2, 2, 3, 2, 1, 1, 2, 2, 1, 2, 2, 1, 1, 1, 3, 2, 2, 1, 3, 1, 3, 3, 2, 1]"
INABILITY,1.75,0.7319,36,"[1, 4, 2, 3, 2, 1, 2, 1, 1, 2, 2, 1, 2, 1, 1, 1, 2, 1, 1, 2, 3, 3, 2, 1, 2, 2, 2, 2, 1, 2, 1, 2, 2, 2, 2, 1]"
INANIMATE,2.1282,1.196,39,"[2, 2, 1, 2, 5, 2, 1, 5, 2, 2, 1, 1, 1, 2, 2, 1, 4, 2, 3, 1, 1, 2, 2, 3, 3, 1, 2, 4, 1, 1, 2, 5, 2, 2, 4, 2, 1, 2, 1]"
INAPPROPRIATE,1.95,0.8458,40,"[4, 2, 1, 1, 2, 4, 1, 3, 2, 2, 1, 1, 3, 2, 2, 2, 2, 2, 1, 1, 1, 3, 2, 3, 3, 1, 2, 2, 2, 1, 3, 3, 2, 2, 1, 2, 2, 1, 2, 1]"
INCIDENT,1.9091,0.7414,44,"[2, 1, 3, 1, 2, 2, 2, 2, 1, 1, 2, 1, 1, 1, 2, 2, 3, 3, 1, 2, 1, 2, 3, 3, 2, 2, 1, 2, 2, 2, 2, 1, 2, 3, 4, 2, 2, 2, 1, 2, 1, 2, 3, 2]"
INCISION,3.7297,1.1217,37,"[5, 3, 4, 2, 5, 5, 4, 4, 4, 2, 4, 4, 5, 5, 4, 3, 5, 2, 4, 5, 3, 3, 5, 3, 4, 2, 3, 3, 2, 4, 3, 5, 5, 2, 5, 5, 2]"
INCLUSIONS,1.6,0.6718,40,"[2, 2, 2, 1, 1, 2, 1, 1, 2, 2, 2, 1, 1, 2, 2, 1, 1, 2, 1, 1, 1, 2, 2, 1, 2, 1, 2, 2, 1, 1, 1, 4, 2, 2, 1, 3, 2, 1, 2, 1]"
INCONSISTENT,1.7556,0.6451,45,"[2, 1, 1, 1, 2, 1, 2, 2, 1, 2, 2, 1, 1, 1, 2, 1, 1, 3, 1, 2, 1, 2, 3, 2, 1, 2, 2, 1, 3, 2, 2, 1, 2, 3, 3, 2, 2, 2, 2, 2, 2, 1, 2, 2, 2]"
INCREASING,2.2,0.7568,45,"[2, 1, 3, 3, 2, 2, 2, 2, 3, 2, 2, 2, 1, 1, 2, 1, 1, 3, 2, 2, 1, 2, 3, 3, 2, 2, 3, 3, 3, 2, 2, 1, 2, 4, 4, 2, 2, 3, 2, 3, 2, 3, 2, 2, 2]"
INDECENT,2.2857,1.019,42,"[4, 3, 2, 2, 4, 5, 2, 3, 2, 2, 2, 3, 2, 2, 4, 1, 2, 3, 3, 2, 2, 2, 4, 2, 1, 2, 2, 3, 1, 1, 2, 2, 3, 1, 4, 1, 2, 1, 1, 3, 2, 1]"
INDICTMENT,2.0278,0.9098,36,"[2, 3, 2, 2, 3, 2, 1, 3, 5, 2, 1, 2, 4, 3, 3, 3, 2, 1, 1, 2, 1, 1, 2, 2, 2, 1, 2, 2, 1, 2, 2, 2, 2, 1, 1, 2]"
INDISTINCTLY,1.5238,0.5942,42,"[2, 1, 1, 1, 2, 1, 1, 2, 2, 1, 2, 1, 2, 3, 1, 2, 1, 2, 1, 1, 2, 2, 1, 2, 1, 2, 1, 1, 2, 1, 2, 1, 1, 1, 1, 2, 1, 3, 2, 2, 2, 1]"
INEXPENSIVE,2.0541,0.9703,37,"[5, 3, 2, 2, 2, 3, 2, 1, 1, 1, 2, 2, 1, 2, 3, 3, 2, 1, 1, 1, 2, 2, 4, 2, 1, 1, 2, 2, 2, 3, 2, 2, 1, 4, 3, 1, 2]"
INFERIOR,1.75,0.7071,40,"[3, 1, 2, 2, 2, 1, 1, 2, 2, 2, 1, 1, 1, 2, 2, 2, 2, 2, 1, 1, 1, 2, 1, 1, 3, 1, 2, 2, 2, 1, 2, 3, 2, 2, 2, 4, 2, 1, 2, 1]"
INFERNO,3.5581,1.368,43,"[5, 4, 5, 4, 4, 5, 1, 5, 2, 4, 5, 2, 5, 2, 5, 4, 2, 3, 2, 5, 5, 4, 2, 5, 2, 2, 2, 4, 4, 2, 5, 2, 5, 2, 5, 3, 2, 5, 5, 2, 2, 4, 5]"
INFIELD,3.5135,1.2828,37,"[5, 5, 2, 5, 2, 5, 2, 5, 5, 5, 5, 2, 5, 2, 5, 4, 2, 3, 3, 4, 2, 4, 2, 2, 3, 3, 1, 3, 3, 3, 2, 4, 4, 5, 4, 5, 4]"
INK,4.0513,1.1909,39,"[2, 4, 5, 4, 5, 5, 5, 5, 5, 5, 5, 4, 3, 4, 5, 2, 5, 2, 4, 4, 2, 5, 5, 2, 5, 5, 4, 5, 2, 5, 2, 5, 5, 4, 2, 5, 4, 3, 5]"
INLAND,2.6818,0.9092,44,"[3, 4, 4, 4, 2, 3, 2, 2, 3, 2, 2, 3, 4, 3, 2, 3, 1, 3, 2, 2, 1, 2, 3, 4, 3, 2, 3, 4, 4, 2, 3, 3, 2, 2, 4, 2, 2, 2, 3, 2, 2, 2, 5, 2]"
INNOVATIVE,1.9744,0.8107,39,"[2, 1, 2, 2, 1, 1, 2, 2, 5, 1, 1, 2, 2, 2, 1, 2, 1, 2, 2, 2, 2, 1, 2, 2, 2, 2, 1, 3, 2, 3, 2, 3, 3, 2, 2, 2, 1, 3, 3]"
INQUIRY,1.8462,0.8441,39,"[4, 2, 2, 2, 2, 3, 1, 2, 2, 2, 2, 1, 2, 2, 2, 1, 1, 2, 2, 1, 1, 2, 2, 1, 2, 1, 2, 2, 1, 1, 1, 5, 2, 2, 3, 2, 1, 2, 1]"
INSECTICIDE,3.027,1.2799,37,"[1, 5, 3, 3, 2, 4, 3, 5, 3, 2, 4, 3, 2, 3, 5, 4, 4, 3, 2, 2, 2, 4, 4, 4, 4, 2, 1, 5, 2, 5, 2, 1, 3, 2, 2, 5, 1]"
INSOLENT,1.7143,0.7083,42,"[4, 2, 2, 2, 2, 2, 2, 2, 2, 2, 3, 1, 1, 2, 1, 1, 2, 1, 2, 2, 3, 2, 2, 2, 1, 1, 1, 1, 1, 1, 2, 2, 1, 1, 2, 1, 2, 1, 2, 3, 1, 1]"
INSPECTION,2.6667,0.9272,39,"[2, 2, 3, 3, 3, 2, 3, 3, 3, 5, 3, 3, 2, 4, 1, 2, 1, 2, 4, 3, 2, 2, 2, 2, 2, 4, 3, 4, 2, 2, 2, 4, 4, 3, 2, 3, 1, 3, 3]"
INSTALLATIONS,2.6757,1.0289,37,"[5, 4, 2, 2, 3, 2, 2, 5, 4, 3, 3, 2, 3, 2, 2, 2, 2, 1, 2, 2, 2, 2, 4, 2, 3, 1, 2, 3, 3, 2, 2, 3, 3, 4, 5, 3, 2]"
INSTEP,2.7179,1.099,39,"[2, 3, 3, 2, 3, 5, 4, 4, 4, 3, 2, 2, 2, 4, 2, 2, 1, 2, 2, 1, 2, 4, 4, 2, 2, 3, 2, 5, 2, 3, 2, 4, 4, 4, 2, 3, 1, 1, 3]"
INSTIGATOR,2.7778,0.9595,36,"[3, 5, 3, 3, 1, 3, 3, 3, 2, 2, 3, 2, 2, 2, 4, 2, 3, 3, 3, 2, 4, 5, 4, 2, 4, 3, 3, 2, 4, 3, 1, 2, 2, 2, 3, 2]"
INSTILLED,1.6222,0.6839,45,"[1, 1, 1, 1, 2, 1, 2, 2, 1, 2, 2, 1, 1, 1, 2, 1, 1, 1, 1, 2, 1, 2, 3, 1, 1, 2, 1, 2, 2, 2, 2, 1, 2, 4, 3, 2, 2, 2, 2, 1, 2, 1, 2, 1, 2]"
INSTINCTS,2.0833,1.1307,36,"[1, 4, 3, 4, 2, 1, 2, 2, 1, 2, 2, 2, 2, 5, 1, 1, 5, 1, 1, 2, 4, 3, 2, 1, 2, 3, 2, 2, 1, 1, 1, 2, 2, 2, 2, 1]"
INSURRECTION,2.0233,0.8588,43,"[2, 2, 1, 2, 2, 1, 1, 1, 2, 2, 4, 2, 4, 2, 2, 3, 2, 2, 2, 1, 1, 4, 2, 2, 2, 1, 2, 2, 3, 2, 1, 2, 2, 2, 4, 1, 2, 1, 3, 2, 2, 1, 3]"
INTANGIBILITY,1.5,0.5522,42,"[1, 1, 2, 2, 2, 2, 2, 3, 2, 1, 2, 1, 1, 2, 1, 2, 2, 1, 2, 2, 1, 2, 1, 2, 1, 2, 1, 1, 1, 1, 2, 2, 1, 1, 1, 1, 2, 1, 1, 1, 2, 1]"
INTER,1.6,0.6718,40,"[2, 2, 1, 1, 1, 1, 1, 2, 2, 2, 1, 1, 1, 2, 2, 1, 3, 2, 2, 1, 1, 1, 2, 1, 3, 1, 2, 1, 2, 1, 1, 3, 2, 2, 1, 3, 2, 1, 2, 1]"
INTERCOURSE,3.725,1.2808,40,"[5, 5, 4, 4, 5, 3, 4, 5, 2, 2, 3, 5, 5, 2, 2, 5, 5, 2, 5, 4, 1, 4, 5, 5, 4, 5, 2, 4, 3, 5, 5, 4, 4, 2, 4, 4, 2, 2, 2, 5]"
INTERFERING,2.3333,1.1952,36,"[2, 2, 1, 2, 3, 5, 2, 3, 3, 2, 2, 4, 5, 4, 1, 5, 2, 1, 4, 2, 1, 2, 2, 1, 2, 2, 2, 2, 1, 1, 4, 2, 2, 1, 2, 2]"
INTERMEDIATE,1.8158,0.6919,38,"[2, 1, 2, 1, 1, 1, 2, 2, 3, 2, 1, 1, 2, 2, 3, 2, 2, 2, 2, 1, 1, 1, 2, 1, 2, 3, 3, 2, 2, 2, 2, 3, 1, 2, 3, 1, 2, 1]"
INTERROGATING,2.6905,1.0704,42,"[3, 3, 2, 2, 2, 5, 2, 4, 2, 3, 3, 5, 1, 2, 3, 2, 2, 3, 4, 2, 4, 2, 2, 3, 3, 2, 3, 3, 4, 3, 2, 2, 4, 1, 4, 3, 2, 1, 1, 4, 4, 1]"
INTERSTATE,3.5278,1.2758,36,"[5, 3, 2, 3, 4, 4, 2, 5, 4, 5, 5, 2, 4, 2, 5, 5, 2, 3, 3, 1, 2, 4, 4, 2, 4, 1, 4, 5, 3, 2, 4, 5, 4, 5, 5, 4]"
INTIMACY,2.7805,1.194,41,"[4, 2, 2, 2, 5, 5, 2, 5, 2, 3, 4, 3, 1, 2, 3, 5, 2, 4, 4, 2, 3, 2, 4, 2, 2, 3, 3, 4, 1, 3, 2, 2, 3, 2, 4, 1, 2, 1, 3, 4, 1]"
INTO,1.814,0.7321,43,"[2, 2, 1, 1, 3, 3, 1, 2, 2, 2, 1, 2, 2, 2, 4, 1, 2, 2, 2, 3, 2, 3, 2, 1, 2, 2, 2, 1, 1, 2, 1, 2, 1, 1, 1, 2, 2, 1, 1, 2, 2, 1, 3]"
INTRUSION,2.4324,0.9292,37,"[5, 2, 2, 2, 2, 3, 2, 3, 3, 3, 4, 2, 2, 2, 2, 3, 2, 1, 2, 2, 2, 2, 3, 2, 1, 1, 2, 2, 3, 4, 2, 2, 3, 3, 5, 2, 2]"
INVADERS,3.3243,1.156,37,"[5, 3, 2, 2, 5, 5, 4, 3, 3, 2, 4, 4, 1, 5, 4, 3, 5, 2, 4, 5, 4, 3, 4, 3, 3, 2, 4, 4, 2, 3, 3, 2, 4, 2, 2, 5, 2]"
INVENTOR,3.1,1.1277,40,"[5, 4, 3, 3, 4, 4, 3, 3, 2, 2, 2, 4, 5, 2, 2, 3, 4, 2, 5, 2, 2, 4, 4, 5, 4, 3, 2, 4, 3, 1, 2, 4, 5, 2, 2, 3, 2, 2, 2, 4]"
INVESTIGATION,2.2973,0.9962,37,"[4, 2, 2, 2, 2, 4, 2, 3, 3, 3, 4, 2, 3, 2, 1, 2, 2, 1, 1, 1, 2, 2, 3, 1, 2, 2, 2, 2, 3, 5, 2, 1, 3, 4, 1, 2, 2]"
INVOLUNTARY,1.7619,0.7262,42,"[1, 2, 2, 2, 2, 1, 1, 2, 2, 2, 1, 2, 2, 4, 1, 2, 1, 2, 2, 1, 1, 2, 2, 2, 2, 2, 1, 1, 2, 1, 2, 1, 2, 1, 2, 2, 1, 3, 2, 2, 4, 1]"
IONS,2.1429,1.0258,42,"[3, 4, 2, 2, 5, 5, 2, 1, 2, 3, 4, 3, 1, 2, 2, 3, 2, 3, 2, 2, 2, 2, 1, 2, 2, 1, 2, 1, 1, 1, 2, 2, 2, 2, 3, 1, 2, 1, 1, 1, 2, 3]"
IRONWORK,3.1389,1.1251,36,"[1, 5, 5, 3, 2, 3, 3, 4, 3, 2, 4, 4, 2, 2, 4, 4, 2, 3, 1, 2, 2, 5, 4, 3, 4, 2, 4, 2, 5, 3, 4, 3, 2, 4, 3, 4]"
IRRATIONAL,2.0541,1.1291,37,"[2, 2, 1, 2, 1, 4, 1, 3, 2, 2, 1, 1, 1, 5, 4, 1, 5, 2, 1, 4, 3, 2, 1, 2, 1, 2, 2, 1, 2, 1, 3, 2, 2, 2, 1, 2, 2]"
IRRELEVANT,1.5526,0.6857,38,"[2, 1, 2, 2, 1, 1, 2, 1, 1, 1, 1, 2, 2, 1, 1, 2, 1, 2, 4, 2, 2, 1, 1, 2, 1, 1, 1, 2, 1, 2, 3, 2, 1, 2, 1, 1, 2, 1]"
IVORIES,3.4444,1.2293,36,"[5, 5, 2, 5, 3, 3, 2, 5, 4, 4, 4, 2, 3, 2, 5, 3, 2, 4, 3, 4, 2, 3, 3, 2, 4, 2, 3, 5, 1, 2, 4, 5, 5, 5, 5, 3]"
IVY,3.5556,1.3238,45,"[3, 5, 5, 5, 2, 4, 2, 2, 4, 5, 2, 5, 5, 4, 2, 5, 5, 3, 5, 2, 5, 2, 3, 5, 4, 2, 3, 4, 4, 2, 3, 5, 2, 4, 5, 2, 2, 5, 2, 2, 2, 5, 2, 5, 5]"
JACKSONVILLE,3.25,1.3156,40,"[4, 4, 5, 4, 2, 5, 5, 2, 2, 2, 3, 3, 5, 2, 2, 4, 4, 2, 5, 3, 4, 2, 4, 3, 4, 5, 2, 5, 4, 5, 3, 4, 1, 2, 5, 3, 2, 1, 2, 1]"
JACOB,2.7838,1.2939,37,"[4, 4, 1, 2, 5, 2, 3, 3, 4, 2, 2, 4, 4, 1, 4, 1, 5, 2, 3, 1, 3, 3, 5, 2, 5, 2, 2, 3, 2, 1, 1, 5, 3, 2, 2, 3, 2]"
JADE,3.3488,1.4123,43,"[5, 4, 5, 5, 5, 1, 1, 5, 2, 3, 5, 2, 3, 2, 4, 5, 2, 4, 2, 5, 3, 4, 2, 2, 2, 4, 2, 5, 4, 2, 5, 2, 3, 3, 5, 5, 2, 1, 4, 2, 2, 5, 5]"
JAILBIRD,2.8605,1.1666,43,"[5, 2, 2, 3, 4, 1, 3, 4, 2, 5, 4, 2, 2, 2, 3, 4, 2, 4, 2, 3, 2, 4, 2, 4, 2, 2, 2, 4, 3, 2, 1, 2, 5, 3, 1, 3, 2, 3, 5, 2, 2, 5, 3]"
JAKE,2.381,1.1466,42,"[5, 2, 2, 2, 3, 1, 1, 3, 2, 1, 5, 2, 3, 2, 3, 5, 2, 1, 2, 3, 2, 4, 2, 2, 2, 2, 2, 2, 1, 2, 1, 2, 2, 4, 1, 1, 2, 4, 4, 2, 2, 4]"
JAMESON,2.4872,1.5196,39,"[2, 1, 1, 2, 3, 5, 1, 5, 5, 4, 1, 3, 2, 1, 3, 2, 4, 2, 5, 2, 2, 1, 1, 2, 1, 5, 2, 1, 5, 2, 2, 1, 5, 5, 2, 1, 1, 1, 3]"
JAR,3.7556,1.3341,45,"[5, 5, 5, 5, 2, 4, 2, 2, 5, 5, 2, 5, 5, 4, 2, 5, 5, 4, 5, 2, 5, 2, 3, 5, 4, 2, 4, 5, 4, 2, 4, 5, 2, 4, 5, 2, 2, 5, 2, 5, 2, 5, 2, 5, 4]"
JAY,2.8889,1.2472,45,"[2, 3, 2, 3, 2, 3, 2, 2, 4, 5, 2, 5, 4, 1, 2, 4, 3, 1, 3, 2, 5, 2, 3, 5, 4, 2, 1, 2, 4, 2, 4, 5, 2, 2, 5, 2, 2, 4, 2, 4, 2, 1, 2, 4, 4]"
JEANS,4.1944,1.1909,36,"[5, 5, 5, 3, 2, 5, 5, 5, 5, 2, 5, 5, 2, 5, 4, 5, 5, 4, 5, 2, 4, 5, 5, 5, 4, 2, 5, 2, 5, 5, 5, 4, 2, 4, 5, 5]"
JERKY,3.6,1.1682,35,"[5, 5, 2, 3, 2, 4, 4, 3, 2, 5, 4, 2, 5, 5, 5, 5, 4, 3, 2, 3, 5, 3, 4, 4, 2, 5, 2, 5, 4, 4, 2, 2, 4, 4, 3]"
JERRY,2.6389,1.1251,36,"[1, 2, 4, 4, 2, 1, 2, 5, 2, 2, 5, 3, 2, 1, 4, 2, 3, 4, 3, 2, 2, 3, 2, 3, 3, 2, 2, 2, 5, 3, 1, 3, 2, 4, 2, 2]"
JESSE,2.4444,1.1591,45,"[2, 3, 4, 1, 2, 3, 2, 2, 1, 2, 2, 1, 4, 1, 2, 1, 3, 1, 3, 2, 5, 2, 3, 5, 3, 2, 1, 4, 4, 2, 3, 3, 2, 1, 2, 2, 2, 5, 2, 2, 2, 1, 2, 4, 4]"
JETTISON,2.3953,0.9793,43,"[3, 2, 3, 4, 5, 2, 2, 3, 2, 2, 4, 2, 3, 2, 2, 4, 2, 2, 2, 2, 1, 4, 2, 2, 2, 1, 2, 1, 1, 2, 4, 2, 2, 3, 3, 3, 2, 1, 3, 2, 2, 1, 4]"
JEWELLERY,4.1081,1.1734,37,"[5, 3, 5, 2, 5, 5, 5, 4, 4, 2, 5, 5, 4, 4, 5, 4, 5, 2, 5, 5, 5, 4, 5, 3, 4, 2, 5, 4, 2, 5, 5, 5, 5, 2, 5, 5, 2]"
JIG,2.9714,1.2482,35,"[1, 4, 3, 4, 2, 3, 4, 5, 3, 2, 5, 4, 2, 2, 3, 4, 2, 4, 1, 2, 1, 4, 3, 2, 4, 2, 5, 2, 2, 4, 1, 2, 4, 5, 3]"
JING,1.45,0.5524,40,"[2, 1, 1, 1, 1, 1, 1, 1, 2, 2, 1, 1, 3, 2, 2, 1, 2, 2, 2, 1, 1, 1, 2, 1, 2, 1, 2, 1, 1, 1, 1, 2, 1, 2, 1, 2, 2, 1, 2, 1]"
JOLLY,3.0,1.082,42,"[3, 4, 2, 2, 4, 5, 2, 3, 2, 5, 4, 3, 3, 2, 3, 3, 2, 4, 2, 2, 5, 2, 4, 2, 3, 2, 3, 4, 5, 4, 2, 2, 4, 1, 5, 3, 2, 2, 3, 3, 3, 2]"
JOSEPHINE,2.5227,1.1511,44,"[2, 3, 4, 1, 2, 2, 2, 2, 1, 2, 2, 4, 1, 2, 2, 3, 2, 3, 2, 5, 2, 3, 5, 2, 2, 1, 3, 4, 2, 4, 3, 2, 1, 5, 2, 2, 5, 2, 2, 2, 1, 2, 4, 3]"
JOYOUS,2.7297,1.0448,37,"[5, 3, 2, 3, 2, 4, 2, 3, 3, 3, 2, 2, 3, 2, 4, 3, 2, 1, 2, 2, 2, 2, 3, 2, 2, 1, 2, 2, 4, 4, 2, 3, 5, 4, 5, 3, 2]"
JOYRIDING,3.3514,1.111,37,"[5, 1, 3, 2, 3, 5, 3, 3, 5, 2, 3, 3, 3, 5, 5, 2, 4, 2, 4, 4, 3, 4, 4, 4, 3, 2, 3, 4, 2, 3, 4, 5, 4, 2, 3, 5, 2]"
JUDGEMENT,1.7907,0.7733,43,"[1, 2, 1, 2, 1, 2, 1, 1, 2, 3, 3, 2, 1, 2, 3, 1, 2, 1, 2, 1, 1, 2, 2, 4, 2, 2, 2, 4, 1, 2, 2, 2, 2, 1, 1, 1, 2, 1, 2, 2, 2, 1, 2]"
JUGULAR,3.0238,1.2589,42,"[5, 5, 2, 2, 3, 5, 2, 4, 2, 4, 4, 5, 3, 2, 1, 4, 2, 5, 4, 2, 3, 2, 3, 2, 2, 3, 4, 2, 1, 2, 2, 2, 3, 1, 3, 2, 2, 5, 5, 4, 4, 4]"
JUNCTURE,2.1707,0.9461,41,"[3, 3, 2, 2, 2, 5, 2, 4, 2, 2, 3, 3, 1, 2, 2, 2, 2, 1, 4, 2, 3, 2, 3, 2, 1, 2, 2, 1, 1, 4, 2, 2, 1, 1, 1, 1, 2, 2, 2, 3, 2]"
JUNKYARD,4.025,1.349,40,"[5, 5, 5, 5, 5, 5, 5, 5, 2, 2, 5, 4, 5, 2, 2, 5, 4, 2, 5, 5, 5, 5, 5, 5, 5, 5, 2, 4, 5, 1, 5, 5, 5, 2, 4, 3, 2, 3, 2, 5]"
JUST,1.4865,0.5588,37,"[2, 1, 2, 2, 1, 2, 2, 1, 1, 1, 1, 2, 2, 2, 1, 2, 2, 1, 1, 2, 2, 1, 1, 2, 1, 1, 1, 2, 1, 1, 2, 1, 1, 1, 3, 1, 2]"
KAI,1.7027,0.968,37,"[2, 1, 2, 5, 2, 2, 2, 4, 1, 1, 1, 2, 4, 2, 1, 1, 2, 1, 3, 1, 2, 1, 1, 2, 1, 1, 2, 2, 1, 1, 2, 1, 1, 1, 2, 1, 1]"
KAMIKAZE,2.9556,1.2052,45,"[3, 5, 5, 4, 2, 2, 2, 2, 1, 2, 2, 4, 4, 3, 2, 5, 2, 2, 3, 2, 5, 2, 3, 5, 3, 2, 3, 4, 4, 2, 3, 1, 2, 4, 5, 2, 2, 4, 2, 3, 2, 5, 2, 4, 2]"
KANGAROO,4.119,1.3651,42,"[4, 5, 2, 2, 5, 5, 2, 5, 2, 5, 5, 5, 5, 2, 5, 5, 2, 5, 5, 2, 5, 2, 5, 2, 5, 5, 5, 5, 5, 5, 2, 2, 5, 5, 5, 5, 2, 5, 5, 5, 5, 5]"
KAREN,2.5349,1.2411,43,"[5, 2, 2, 2, 4, 1, 1, 3, 2, 2, 5, 2, 3, 2, 5, 5, 2, 3, 2, 3, 2, 5, 2, 1, 2, 2, 2, 3, 2, 2, 1, 2, 2, 4, 1, 1, 2, 4, 4, 2, 2, 1, 4]"
KERCHIEF,3.6111,1.3995,36,"[5, 2, 5, 4, 2, 5, 4, 5, 5, 2, 5, 5, 2, 3, 5, 4, 4, 4, 1, 2, 2, 2, 5, 5, 4, 2, 5, 2, 5, 4, 1, 4, 2, 3, 5, 5]"
KERNEL,3.7027,1.2881,37,"[2, 5, 2, 5, 5, 4, 2, 5, 5, 5, 4, 2, 4, 2, 5, 5, 2, 4, 4, 2, 2, 4, 2, 2, 4, 3, 5, 5, 4, 5, 2, 4, 5, 5, 4, 5, 2]"
KEROSENE,3.2619,1.2699,42,"[4, 5, 2, 2, 4, 5, 2, 5, 2, 3, 5, 5, 3, 2, 3, 1, 2, 4, 4, 2, 3, 2, 4, 2, 3, 4, 5, 5, 5, 3, 2, 2, 1, 3, 5, 2, 2, 3, 3, 5, 4, 4]"
KETCHUP,4.0,1.3969,42,"[5, 5, 5, 5, 5, 5, 5, 5, 2, 5, 2, 3, 2, 5, 5, 2, 5, 2, 5, 5, 5, 2, 4, 2, 5, 2, 5, 5, 2, 5, 2, 5, 5, 5, 5, 2, 5, 5, 2, 2, 5, 5]"
KICKOFF,3.7297,1.2167,37,"[5, 5, 2, 5, 4, 5, 2, 5, 5, 4, 4, 2, 4, 2, 5, 5, 2, 3, 3, 4, 2, 4, 2, 2, 4, 4, 4, 4, 3, 5, 2, 5, 5, 2, 5, 5, 4]"
KILLINGS,3.4054,1.1657,37,"[5, 3, 2, 2, 5, 5, 2, 4, 2, 2, 3, 4, 4, 5, 4, 4, 5, 2, 4, 5, 3, 2, 4, 4, 2, 2, 4, 3, 2, 3, 3, 4, 4, 2, 5, 5, 2]"
KIMCHI,2.8462,1.5651,39,"[2, 1, 3, 1, 3, 5, 5, 5, 2, 4, 5, 5, 2, 2, 1, 2, 1, 2, 2, 2, 2, 1, 2, 2, 1, 5, 4, 5, 2, 5, 2, 4, 2, 5, 2, 5, 1, 1, 5]"
KINDER,2.0,0.8819,37,"[5, 2, 2, 2, 2, 2, 2, 3, 1, 3, 2, 2, 1, 2, 2, 3, 2, 1, 2, 1, 2, 1, 4, 2, 2, 1, 2, 2, 3, 1, 2, 2, 1, 3, 2, 1, 1]"
KINETIC,2.0476,0.7309,42,"[3, 4, 2, 2, 3, 3, 2, 3, 2, 2, 3, 3, 1, 2, 1, 1, 2, 3, 2, 2, 3, 2, 2, 2, 1, 2, 2, 1, 1, 2, 2, 2, 2, 1, 3, 1, 2, 1, 2, 2, 2, 2]"
KING,3.9335,1.2893,316,"[5, 5, 5, 4, 5, 4, 5, 5, 2, 2, 4, 5, 2, 2, 4, 5, 2, 5, 3, 5, 4, 4, 5, 5, 5, 2, 4, 4, 1, 5, 5, 5, 2, 4, 2, 2, 5, 5, 5, 2, 5, 5, 5, 2, 5, 4, 4, 5, 1, 4, 2, 5, 5, 2, 3, 4, 5, 2, 5, 5, 2, 5, 4, 4, 5, 5, 4, 2, 5, 5, 5, 5, 4, 5, 3, 5, 5, 4, 2, 5, 5, 5, 4, 2, 5, 5, 2, 5, 4, 5, 5, 5, 3, 2, 4, 4, 4, 4, 4, 3, 5, 2, 5, 5, 4, 4, 2, 4, 4, 5, 5, 5, 2, 2, 5, 5, 2, 5, 1, 5, 5, 5, 5, 2, 4, 5, 2, 5, 5, 2, 4, 2, 5, 2, 3, 5, 5, 5, 5, 4, 2, 2, 5, 5, 5, 5, 2, 5, 5, 5, 5, 4, 5, 5, 5, 5, 2, 4, 2, 2, 3, 5, 2, 4, 5, 4, 2, 4, 5, 4, 4, 2, 5, 2, 3, 5, 4, 2, 5, 5, 4, 2, 3, 5, 2, 3, 5, 2, 2, 5, 2, 5, 2, 5, 2, 5, 5, 5, 3, 4, 5, 4, 5, 4, 5, 2, 5, 5, 2, 5, 2, 5, 4, 2, 5, 2, 5, 5, 4, 2, 3, 2, 3, 2, 4, 5, 2, 5, 2, 5, 5, 5, 4, 2, 5, 5, 2, 2, 5, 5, 5, 2, 3, 2, 5, 5, 5, 3, 5, 2, 4, 5, 5, 5, 5, 4, 5, 2, 5, 5, 5, 4, 5, 4, 5, 2, 5, 5, 2, 4, 4, 5, 5, 2, 5, 5, 2, 2, 5, 5, 5, 5, 5, 5, 5, 5, 5, 5, 5, 2, 4, 5, 2, 5, 2, 5, 5, 2, 1, 5, 2, 5, 5, 4, 5, 2, 5, 2, 5, 5, 5, 2, 5, 4, 5, 5]"
KINGSTON,2.6444,1.1708,45,"[2, 3, 3, 5, 2, 2, 2, 2, 1, 2, 2, 2, 3, 1, 2, 2, 3, 2, 3, 2, 5, 2, 3, 5, 2, 2, 1, 4, 3, 2, 5, 3, 2, 4, 5, 2, 2, 4, 2, 1, 2, 2, 2, 5, 3]"
KINKY,2.7907,1.2828,43,"[3, 2, 4, 3, 5, 5, 1, 2, 2, 3, 5, 2, 5, 2, 4, 1, 2, 2, 2, 5, 3, 4, 2, 4, 2, 2, 2, 4, 2, 2, 3, 2, 1, 1, 3, 3, 2, 5, 5, 2, 2, 1, 3]"
KIRK,2.5238,1.2923,42,"[4, 3, 2, 2, 3, 3, 2, 1, 2, 3, 5, 5, 3, 2, 2, 2, 2, 2, 2, 2, 3, 2, 4, 2, 1, 1, 2, 2, 1, 2, 2, 2, 1, 1, 4, 5, 2, 5, 5, 5, 1, 1]"
KITCHEN,4.0,1.3801,43,"[5, 5, 5, 5, 5, 5, 5, 5, 2, 4, 5, 2, 4, 2, 3, 5, 2, 5, 2, 5, 5, 5, 2, 5, 2, 5, 2, 5, 5, 2, 5, 2, 5, 5, 5, 5, 2, 5, 5, 2, 2, 5, 5]"
KNUCKLEHEADS,2.8919,1.1495,37,"[5, 1, 4, 2, 5, 2, 2, 3, 3, 2, 2, 1, 2, 4, 4, 2, 5, 2, 2, 4, 3, 2, 3, 3, 3, 2, 2, 3, 2, 3, 3, 5, 5, 2, 3, 4, 2]"
KNUCKLES,3.8372,1.3789,43,"[5, 5, 5, 4, 5, 5, 2, 5, 2, 3, 5, 2, 3, 2, 4, 5, 2, 5, 2, 5, 5, 5, 2, 5, 2, 4, 2, 5, 5, 2, 5, 2, 5, 5, 5, 5, 2, 4, 5, 2, 2, 5, 5]"
KO,2.5778,1.2521,45,"[2, 3, 5, 1, 2, 2, 2, 2, 1, 1, 2, 1, 3, 5, 2, 3, 3, 3, 2, 2, 1, 2, 3, 5, 2, 2, 3, 4, 4, 2, 2, 1, 2, 4, 4, 2, 2, 5, 2, 1, 2, 5, 2, 5, 2]"
KOJIMA,1.9459,1.0527,37,"[1, 4, 2, 2, 2, 1, 1, 4, 3, 2, 2, 1, 1, 4, 1, 1, 5, 2, 1, 1, 2, 1, 3, 3, 1, 2, 1, 1, 2, 2, 1, 1, 2, 2, 3, 2, 2]"
KONG,2.5581,1.1191,43,"[5, 3, 2, 2, 2, 3, 2, 1, 2, 3, 5, 2, 4, 2, 2, 1, 2, 3, 2, 3, 5, 3, 2, 5, 2, 2, 2, 3, 4, 2, 2, 2, 3, 3, 2, 1, 2, 1, 4, 2, 2, 1, 4]"
KOREAN,3.4595,1.1924,37,"[5, 3, 4, 2, 5, 5, 3, 3, 3, 2, 2, 4, 3, 4, 4, 1, 5, 2, 4, 5, 3, 3, 5, 3, 5, 2, 3, 3, 2, 3, 4, 5, 5, 2, 4, 5, 2]"
LABELS,3.5897,1.2078,39,"[2, 4, 4, 4, 4, 5, 5, 4, 5, 5, 5, 4, 2, 2, 4, 2, 4, 2, 5, 4, 2, 4, 5, 2, 4, 5, 3, 4, 2, 5, 2, 4, 5, 2, 2, 5, 3, 3, 2]"
LABOR,2.8056,1.1909,36,"[1, 5, 5, 3, 2, 4, 3, 2, 1, 2, 3, 3, 2, 3, 3, 3, 3, 2, 1, 2, 4, 4, 4, 4, 4, 2, 4, 2, 3, 4, 1, 1, 2, 2, 5, 2]"
LACKS,1.6154,0.6331,39,"[2, 1, 3, 1, 1, 1, 3, 1, 2, 1, 1, 2, 2, 2, 2, 2, 1, 2, 1, 2, 2, 1, 1, 2, 1, 3, 2, 2, 2, 1, 2, 2, 1, 1, 2, 2, 1, 1, 1]"
LADYSHIP,2.4595,1.0434,37,"[1, 1, 4, 2, 3, 5, 2, 3, 1, 2, 3, 2, 3, 5, 4, 2, 4, 2, 4, 1, 3, 2, 3, 2, 1, 2, 2, 3, 2, 3, 2, 2, 2, 2, 2, 2, 2]"
LAMA,3.359,1.4777,39,"[2, 3, 3, 5, 3, 1, 5, 3, 5, 1, 3, 2, 2, 5, 2, 2, 5, 2, 4, 5, 2, 2, 5, 2, 2, 4, 5, 5, 2, 5, 2, 5, 5, 5, 2, 5, 1, 4, 5]"
LANCELOT,2.9762,1.2781,42,"[5, 4, 2, 2, 5, 5, 2, 3, 2, 5, 3, 4, 3, 2, 3, 3, 2, 4, 2, 2, 5, 2, 5, 2, 2, 2, 2, 4, 1, 4, 2, 2, 2, 3, 3, 4, 2, 5, 1, 5, 1, 3]"
LANG,1.6,0.8412,40,"[2, 3, 1, 1, 1, 1, 1, 1, 2, 2, 1, 1, 1, 2, 2, 2, 3, 2, 5, 1, 1, 1, 2, 1, 2, 1, 2, 1, 1, 1, 1, 2, 1, 2, 1, 3, 2, 1, 2, 1]"
LANGUAGE,2.1,1.1048,40,"[3, 1, 2, 1, 1, 3, 1, 3, 2, 2, 1, 1, 2, 2, 2, 3, 1, 2, 5, 1, 1, 2, 2, 1, 3, 1, 2, 2, 1, 1, 3, 5, 2, 2, 3, 5, 2, 2, 2, 3]"
LANIER,1.7209,0.8817,43,"[3, 2, 1, 1, 1, 1, 1, 1, 2, 1, 2, 2, 4, 2, 2, 3, 2, 1, 2, 1, 1, 2, 2, 2, 2, 1, 2, 1, 1, 2, 1, 2, 1, 1, 1, 1, 2, 1, 3, 2, 2, 1, 5]"
LASAGNA,4.0698,1.3869,43,"[5, 4, 5, 5, 5, 5, 5, 5, 2, 5, 5, 2, 5, 2, 5, 5, 2, 5, 2, 5, 5, 5, 2, 5, 2, 5, 2, 5, 5, 2, 5, 2, 5, 5, 5, 5, 2, 5, 5, 2, 2, 5, 5]"
LATIMER,1.7949,1.0804,39,"[2, 4, 1, 1, 1, 1, 1, 2, 2, 1, 1, 1, 2, 2, 1, 3, 2, 5, 1, 1, 1, 3, 1, 2, 1, 2, 1, 2, 1, 1, 3, 5, 2, 1, 1, 2, 3, 2, 1]"
LATIN,2.4324,1.1676,37,"[2, 1, 2, 2, 1, 2, 2, 5, 4, 3, 4, 2, 2, 2, 2, 2, 2, 1, 3, 1, 2, 2, 2, 2, 1, 3, 3, 3, 3, 5, 2, 2, 5, 2, 5, 1, 2]"
LATITUDE,2.3095,0.8111,42,"[2, 4, 2, 2, 3, 4, 2, 3, 2, 3, 2, 3, 1, 2, 3, 4, 2, 2, 3, 2, 2, 2, 3, 2, 1, 2, 3, 1, 1, 3, 2, 2, 1, 1, 2, 3, 2, 3, 3, 2, 3, 2]"
LATTE,4.025,1.3105,40,"[5, 4, 5, 5, 4, 5, 5, 5, 2, 2, 5, 5, 5, 2, 2, 5, 5, 2, 5, 3, 5, 4, 5, 5, 5, 5, 2, 5, 5, 3, 5, 5, 2, 2, 5, 5, 2, 3, 2, 5]"
LATVIA,2.6677,1.2871,319,"[3, 4, 3, 5, 2, 5, 1, 1, 2, 2, 3, 1, 1, 2, 2, 3, 4, 2, 5, 3, 3, 2, 4, 2, 3, 1, 2, 4, 4, 1, 3, 5, 2, 2, 5, 2, 2, 1, 2, 3, 5, 4, 2, 5, 3, 4, 2, 5, 3, 1, 5, 2, 1, 2, 1, 1, 2, 3, 4, 3, 2, 4, 1, 2, 4, 1, 4, 2, 3, 1, 2, 4, 5, 2, 2, 3, 1, 1, 1, 5, 3, 2, 3, 2, 2, 2, 2, 5, 2, 2, 1, 2, 2, 1, 3, 1, 2, 3, 5, 2, 3, 2, 2, 5, 2, 5, 1, 1, 3, 2, 4, 4, 4, 3, 3, 2, 2, 2, 2, 2, 5, 2, 5, 3, 5, 1, 2, 1, 5, 2, 5, 4, 2, 5, 2, 4, 2, 1, 1, 3, 4, 1, 1, 2, 2, 1, 1, 3, 3, 2, 1, 5, 4, 1, 3, 2, 3, 3, 5, 2, 1, 2, 2, 1, 3, 2, 3, 3, 4, 2, 1, 3, 2, 3, 2, 5, 2, 3, 5, 3, 2, 3, 4, 4, 2, 5, 3, 2, 4, 5, 2, 2, 5, 1, 3, 2, 5, 2, 5, 3, 3, 4, 4, 3, 2, 4, 2, 5, 2, 2, 4, 1, 2, 2, 1, 5, 2, 3, 2, 5, 4, 5, 2, 1, 2, 1, 2, 5, 1, 2, 3, 2, 2, 3, 3, 2, 2, 1, 4, 2, 2, 5, 5, 5, 4, 2, 2, 5, 1, 2, 3, 5, 2, 2, 4, 2, 5, 5, 2, 5, 2, 4, 1, 3, 2, 3, 3, 4, 2, 1, 3, 2, 2, 3, 2, 2, 2, 1, 3, 2, 2, 2, 2, 1, 2, 3, 5, 2, 2, 2, 3, 2, 2, 1, 3, 2, 1, 2, 3, 1, 2, 1, 2, 2, 3, 5, 2, 2, 2, 1, 2, 2, 1, 5, 2, 1, 2, 5, 3]"
LAUDANUM,2.0238,1.115,42,"[3, 5, 2, 2, 1, 1, 2, 5, 2, 2, 2, 4, 1, 2, 1, 1, 2, 2, 1, 2, 3, 2, 3, 2, 1, 1, 1, 1, 4, 1, 2, 2, 1, 1, 1, 1, 2, 4, 3, 3, 1, 2]"
LAURA,2.6571,1.1099,35,"[3, 3, 5, 3, 2, 1, 2, 5, 2, 2, 4, 3, 2, 2, 4, 2, 3, 3, 2, 2, 2, 2, 3, 4, 3, 1, 2, 5, 1, 1, 3, 2, 4, 2, 3]"
LEADERSHIP,2.2093,0.8035,43,"[2, 2, 1, 2, 3, 2, 1, 1, 2, 3, 3, 2, 2, 2, 4, 3, 2, 1, 2, 3, 2, 3, 2, 4, 2, 2, 2, 3, 1, 2, 2, 2, 2, 2, 2, 2, 2, 4, 4, 2, 2, 1, 2]"
LEANS,2.5116,1.0088,43,"[3, 3, 3, 3, 5, 3, 1, 2, 2, 3, 3, 2, 1, 2, 2, 2, 2, 4, 2, 3, 3, 4, 2, 1, 2, 1, 2, 4, 3, 2, 3, 2, 2, 3, 5, 3, 2, 1, 4, 2, 2, 1, 3]"
LEARNT,1.5349,0.5498,43,"[1, 1, 2, 1, 2, 1, 2, 2, 2, 1, 1, 2, 1, 2, 2, 1, 2, 1, 2, 1, 1, 1, 2, 3, 2, 1, 2, 1, 1, 2, 1, 2, 1, 1, 2, 1, 2, 1, 2, 2, 2, 1, 2]"
LEATHER,3.8333,1.3051,42,"[5, 4, 2, 2, 5, 5, 2, 5, 2, 5, 5, 5, 3, 2, 4, 4, 2, 3, 5, 2, 4, 2, 5, 2, 4, 5, 5, 5, 5, 3, 2, 2, 4, 4, 5, 5, 2, 5, 5, 5, 5, 5]"
LEAVE,2.3846,1.0666,39,"[2, 3, 3, 4, 1, 3, 3, 3, 2, 3, 1, 3, 2, 2, 1, 2, 1, 2, 4, 4, 2, 2, 1, 2, 1, 1, 3, 3, 2, 3, 2, 4, 4, 3, 2, 5, 1, 2, 1]"
LEISURELY,2.2093,0.8607,43,"[3, 2, 2, 3, 3, 3, 1, 2, 2, 3, 3, 2, 3, 2, 4, 1, 2, 1, 2, 2, 2, 4, 2, 3, 2, 2, 2, 2, 2, 2, 1, 2, 1, 3, 1, 1, 2, 2, 4, 2, 2, 1, 4]"
LENGTH,2.6486,1.006,37,"[4, 4, 2, 2, 3, 4, 2, 1, 3, 2, 4, 2, 3, 2, 2, 5, 2, 1, 3, 1, 2, 3, 3, 2, 3, 3, 3, 2, 4, 4, 2, 2, 3, 4, 3, 1, 2]"
LENIENCY,1.6923,0.6551,39,"[2, 2, 2, 1, 1, 1, 2, 2, 3, 1, 1, 2, 2, 2, 1, 2, 1, 2, 3, 1, 2, 1, 1, 2, 1, 1, 2, 2, 2, 1, 2, 3, 2, 2, 2, 3, 1, 1, 1]"
LETTERHEAD,3.625,1.3144,40,"[3, 3, 5, 5, 4, 2, 5, 4, 2, 2, 4, 4, 5, 2, 2, 5, 5, 2, 5, 3, 4, 4, 4, 5, 5, 5, 2, 5, 4, 1, 3, 5, 5, 2, 5, 2, 2, 3, 2, 5]"
LIEUTENANT,3.3056,1.2147,36,"[5, 5, 2, 5, 3, 4, 2, 3, 4, 5, 4, 2, 3, 2, 4, 5, 2, 1, 4, 3, 2, 3, 4, 2, 4, 3, 4, 3, 3, 1, 2, 4, 5, 2, 5, 4]"
LIFE,2.75,1.2042,36,"[1, 2, 3, 3, 2, 1, 3, 2, 2, 2, 3, 3, 2, 3, 3, 2, 5, 3, 1, 2, 5, 5, 5, 3, 3, 4, 4, 2, 4, 4, 1, 1, 2, 2, 4, 2]"
LIFEBOAT,4.1667,1.1339,36,"[5, 5, 4, 3, 2, 5, 4, 5, 5, 2, 5, 5, 2, 5, 5, 5, 5, 4, 3, 2, 4, 4, 5, 5, 4, 4, 5, 2, 5, 5, 5, 4, 2, 5, 5, 5]"
LIFESTYLE,1.9524,0.7309,42,"[2, 3, 2, 2, 3, 5, 2, 2, 2, 2, 2, 3, 1, 2, 1, 2, 2, 2, 2, 2, 2, 2, 3, 2, 2, 2, 1, 2, 1, 2, 2, 2, 1, 2, 2, 1, 2, 1, 2, 1, 2, 1]"
LIFTER,2.25,0.8987,40,"[3, 3, 1, 2, 2, 2, 1, 3, 2, 2, 2, 1, 1, 2, 2, 2, 4, 2, 4, 1, 2, 3, 2, 4, 3, 1, 2, 3, 2, 1, 4, 2, 2, 2, 3, 2, 2, 2, 2, 4]"
LIGHTHEARTED,2.0227,0.8209,44,"[2, 1, 1, 2, 2, 2, 2, 2, 3, 2, 2, 3, 2, 1, 2, 1, 1, 3, 1, 2, 1, 2, 3, 3, 2, 2, 2, 2, 3, 2, 1, 2, 4, 5, 2, 2, 2, 2, 2, 2, 1, 2, 2, 1]"
LILIES,4.1892,1.1981,37,"[5, 4, 5, 2, 5, 5, 5, 3, 5, 2, 5, 5, 5, 5, 5, 3, 5, 2, 5, 5, 5, 4, 5, 4, 5, 2, 4, 4, 2, 5, 5, 5, 5, 2, 5, 5, 2]"
LILO,2.6389,0.99,36,"[3, 2, 1, 3, 2, 4, 2, 5, 2, 2, 4, 2, 2, 2, 3, 2, 3, 3, 2, 2, 2, 1, 1, 4, 4, 3, 2, 2, 3, 4, 3, 3, 2, 4, 4, 2]"
LING,1.9118,1.026,34,"[4, 1, 4, 2, 1, 2, 1, 2, 4, 1, 2, 2, 5, 1, 1, 2, 1, 2, 2, 3, 1, 1, 2, 1, 2, 2, 2, 1, 1, 2, 2, 2, 1, 2]"
LINGERIE,4.1795,1.2539,39,"[2, 4, 5, 5, 4, 5, 5, 5, 5, 5, 5, 5, 2, 5, 5, 2, 5, 2, 5, 5, 2, 5, 5, 2, 4, 5, 5, 5, 2, 5, 2, 5, 5, 5, 2, 5, 4, 4, 5]"
LIONEL,2.3846,1.2485,39,"[2, 3, 1, 2, 3, 4, 1, 1, 5, 3, 1, 3, 2, 1, 2, 2, 1, 2, 4, 2, 2, 4, 3, 2, 4, 4, 2, 1, 2, 5, 2, 1, 5, 3, 2, 1, 1, 1, 3]"
LIQUORS,4.0,1.1983,40,"[5, 5, 5, 5, 5, 5, 5, 5, 2, 2, 4, 4, 5, 2, 2, 4, 4, 2, 5, 3, 5, 5, 5, 5, 5, 5, 2, 4, 4, 5, 5, 4, 4, 2, 5, 4, 2, 4, 2, 4]"
LITHIUM,2.7778,1.2411,45,"[3, 1, 5, 4, 2, 1, 2, 2, 2, 2, 2, 2, 3, 2, 2, 5, 4, 2, 3, 2, 3, 2, 3, 5, 3, 2, 1, 4, 3, 2, 3, 5, 2, 4, 5, 2, 2, 5, 2, 1, 2, 4, 2, 5, 2]"
LITTERS,3.4444,1.2523,36,"[3, 3, 5, 4, 2, 4, 4, 2, 3, 2, 5, 4, 2, 3, 2, 5, 5, 4, 1, 2, 4, 4, 4, 4, 2, 2, 5, 2, 5, 5, 5, 2, 2, 4, 5, 4]"
LITTLE,3.2051,1.1512,39,"[2, 2, 4, 3, 2, 5, 5, 2, 5, 4, 3, 3, 2, 3, 4, 2, 1, 3, 3, 3, 2, 3, 3, 2, 3, 4, 4, 5, 2, 4, 2, 5, 4, 5, 2, 3, 2, 5, 4]"
LOCKER,4.0,1.354,37,"[5, 4, 5, 2, 5, 5, 5, 3, 5, 2, 5, 5, 5, 2, 5, 1, 5, 2, 5, 5, 5, 5, 5, 3, 5, 2, 3, 4, 2, 4, 5, 5, 5, 2, 5, 5, 2]"
LODE,2.125,1.1808,40,"[1, 3, 2, 5, 2, 3, 1, 1, 2, 2, 3, 1, 2, 2, 2, 2, 4, 2, 5, 1, 1, 1, 3, 5, 3, 1, 2, 2, 1, 1, 3, 4, 1, 2, 1, 2, 2, 1, 2, 1]"
LOGBOOK,3.3111,1.2581,45,"[3, 5, 5, 3, 2, 4, 2, 2, 5, 4, 2, 5, 4, 3, 2, 5, 3, 2, 5, 2, 5, 2, 3, 5, 3, 2, 2, 3, 4, 2, 3, 5, 2, 3, 5, 2, 2, 4, 2, 5, 2, 5, 2, 5, 3]"
LOLLIPOP,4.1325,1.3005,317,"[5, 5, 5, 5, 5, 5, 5, 5, 2, 2, 5, 5, 5, 2, 2, 5, 5, 2, 5, 5, 5, 5, 5, 5, 5, 5, 2, 5, 5, 3, 5, 5, 5, 2, 5, 5, 2, 5, 2, 5, 5, 5, 2, 5, 5, 5, 2, 5, 5, 5, 5, 2, 3, 2, 5, 5, 2, 5, 5, 2, 5, 5, 2, 5, 5, 5, 5, 5, 5, 2, 5, 5, 5, 5, 5, 5, 5, 5, 5, 4, 2, 5, 5, 5, 5, 2, 4, 5, 2, 5, 5, 4, 5, 5, 5, 2, 3, 4, 5, 5, 4, 3, 5, 2, 5, 5, 5, 5, 2, 5, 5, 5, 5, 5, 2, 2, 5, 5, 2, 5, 2, 5, 5, 5, 5, 2, 5, 5, 2, 5, 4, 2, 5, 2, 5, 2, 5, 5, 5, 5, 5, 5, 1, 2, 5, 4, 5, 5, 2, 5, 5, 5, 5, 5, 5, 5, 5, 5, 2, 4, 2, 2, 5, 4, 2, 5, 5, 4, 2, 5, 5, 5, 5, 2, 5, 2, 3, 5, 4, 2, 4, 5, 4, 2, 4, 5, 2, 4, 5, 2, 2, 5, 2, 5, 2, 5, 2, 5, 4, 5, 5, 5, 5, 5, 5, 5, 5, 2, 5, 5, 2, 3, 1, 5, 5, 2, 5, 2, 5, 5, 5, 2, 5, 2, 5, 2, 5, 5, 2, 5, 2, 5, 5, 5, 5, 2, 5, 5, 2, 2, 5, 5, 5, 4, 2, 5, 5, 5, 3, 5, 2, 5, 5, 5, 5, 5, 3, 5, 2, 5, 5, 5, 5, 5, 3, 5, 2, 5, 5, 2, 5, 5, 5, 5, 2, 5, 5, 2, 2, 5, 5, 5, 5, 5, 5, 5, 5, 4, 5, 5, 2, 5, 5, 2, 4, 2, 5, 5, 2, 5, 5, 2, 5, 5, 5, 5, 4, 5, 2, 5, 5, 5, 2, 5, 4, 5, 5]"
LONDON,4.0556,1.1939,36,"[5, 4, 4, 2, 5, 5, 3, 3, 5, 2, 5, 4, 5, 5, 5, 4, 5, 2, 5, 5, 5, 5, 4, 5, 2, 4, 4, 2, 3, 5, 5, 5, 2, 5, 5, 2]"
LONELIEST,1.9524,0.7636,42,"[2, 2, 1, 1, 1, 3, 1, 2, 3, 2, 2, 2, 2, 4, 2, 2, 1, 2, 3, 3, 3, 2, 3, 2, 2, 2, 3, 2, 2, 1, 2, 1, 1, 2, 1, 2, 1, 3, 2, 2, 1, 1]"
LONER,2.7179,1.0247,39,"[2, 3, 3, 3, 3, 2, 4, 3, 5, 5, 3, 3, 2, 4, 3, 2, 1, 2, 2, 2, 2, 2, 3, 2, 1, 4, 3, 3, 2, 3, 2, 4, 4, 3, 2, 4, 1, 1, 3]"
LONGS,1.65,0.8336,40,"[1, 3, 2, 2, 1, 1, 1, 2, 2, 2, 1, 2, 1, 2, 2, 1, 1, 2, 1, 1, 1, 2, 2, 1, 3, 1, 2, 1, 1, 1, 1, 5, 2, 2, 1, 3, 2, 1, 2, 1]"
LOONY,2.5,0.8903,42,"[4, 3, 2, 2, 4, 5, 2, 3, 2, 3, 2, 3, 2, 3, 4, 2, 2, 3, 3, 2, 3, 2, 3, 2, 2, 3, 2, 1, 1, 3, 2, 2, 3, 1, 3, 3, 2, 3, 1, 3, 3, 1]"
LOSING,2.5278,0.9407,36,"[1, 4, 4, 3, 2, 2, 3, 3, 2, 2, 3, 2, 2, 4, 3, 2, 3, 2, 1, 2, 2, 3, 4, 3, 2, 2, 4, 2, 3, 4, 1, 2, 2, 2, 4, 1]"
LOUISIANA,3.6154,1.2272,39,"[2, 3, 3, 4, 3, 5, 5, 5, 4, 4, 4, 4, 2, 4, 5, 2, 3, 2, 5, 4, 2, 1, 4, 2, 5, 5, 5, 3, 2, 5, 2, 4, 5, 4, 2, 5, 4, 5, 3]"
LOVERLY,1.6944,0.7863,36,"[3, 1, 2, 3, 1, 2, 3, 1, 1, 1, 2, 1, 2, 1, 2, 2, 1, 1, 2, 2, 1, 1, 2, 1, 1, 2, 2, 2, 1, 2, 1, 1, 2, 3, 4, 1]"
LOVERS,3.3333,1.206,45,"[4, 5, 5, 5, 2, 3, 2, 2, 3, 3, 2, 3, 5, 5, 2, 5, 3, 3, 3, 2, 5, 2, 3, 4, 3, 2, 4, 4, 4, 2, 4, 5, 2, 4, 5, 2, 2, 5, 2, 4, 2, 4, 2, 5, 2]"
LUCID,2.027,0.8656,37,"[5, 3, 2, 2, 2, 2, 2, 3, 1, 3, 2, 2, 2, 2, 2, 2, 2, 1, 1, 1, 2, 1, 2, 2, 1, 1, 1, 2, 2, 4, 2, 2, 2, 3, 3, 1, 2]"
LUMPS,3.6667,1.1711,36,"[3, 4, 2, 5, 5, 3, 4, 3, 2, 4, 4, 4, 5, 4, 1, 5, 2, 5, 4, 5, 4, 5, 3, 4, 2, 4, 3, 2, 4, 5, 5, 4, 2, 4, 5, 2]"
LUNACY,2.3784,1.0891,37,"[5, 3, 2, 2, 4, 1, 1, 3, 2, 2, 2, 1, 2, 4, 4, 2, 5, 2, 1, 1, 3, 3, 2, 2, 3, 2, 1, 2, 2, 2, 3, 3, 2, 2, 1, 4, 2]"
LUNG,3.9487,1.2128,39,"[2, 4, 4, 4, 4, 5, 5, 5, 5, 5, 5, 5, 2, 4, 5, 2, 4, 2, 3, 5, 2, 5, 5, 2, 3, 5, 5, 5, 2, 4, 2, 5, 5, 4, 2, 5, 4, 5, 4]"
LUPUS,2.2973,1.1514,37,"[2, 4, 1, 2, 5, 2, 1, 3, 4, 2, 2, 1, 1, 3, 3, 1, 4, 2, 5, 1, 3, 1, 3, 2, 1, 2, 2, 1, 2, 3, 3, 2, 4, 2, 1, 2, 2]"
LURCH,2.6279,0.8172,43,"[3, 2, 3, 3, 5, 2, 2, 3, 2, 3, 4, 2, 2, 2, 2, 2, 2, 2, 2, 4, 2, 3, 2, 2, 2, 3, 2, 2, 4, 2, 4, 2, 3, 3, 3, 3, 2, 2, 4, 2, 2, 3, 4]"
LUTHER,2.2326,1.0197,43,"[5, 2, 3, 2, 2, 1, 1, 3, 2, 1, 4, 2, 4, 2, 2, 5, 2, 1, 2, 3, 1, 3, 2, 1, 2, 2, 2, 2, 3, 2, 1, 2, 3, 2, 1, 1, 2, 2, 4, 2, 2, 2, 3]"
LYCANTHROPE,2.7568,1.3418,37,"[1, 1, 2, 2, 3, 4, 2, 5, 1, 1, 2, 2, 1, 2, 4, 5, 2, 5, 4, 3, 2, 5, 2, 2, 5, 3, 3, 2, 5, 4, 2, 4, 3, 2, 2, 3, 1]"
LYMPHOMA,2.3611,1.1502,36,"[3, 4, 1, 4, 2, 1, 2, 3, 2, 2, 4, 4, 2, 2, 3, 1, 1, 2, 1, 2, 2, 1, 1, 2, 4, 2, 5, 2, 5, 2, 1, 3, 2, 2, 3, 2]"
LYNN,2.3611,1.3764,36,"[2, 3, 2, 5, 1, 2, 2, 1, 3, 3, 1, 2, 5, 2, 2, 5, 2, 1, 3, 1, 2, 3, 1, 2, 5, 1, 1, 2, 1, 1, 2, 1, 5, 3, 2, 5]"
MACBETH,2.9189,1.1874,37,"[5, 4, 2, 5, 3, 3, 2, 4, 3, 3, 1, 2, 3, 2, 3, 5, 2, 1, 4, 4, 2, 3, 1, 2, 3, 1, 3, 5, 3, 2, 2, 3, 3, 4, 3, 5, 2]"
MACH,1.7568,0.796,37,"[5, 2, 2, 2, 2, 3, 2, 2, 1, 1, 1, 2, 1, 2, 1, 2, 2, 1, 1, 1, 2, 1, 2, 2, 1, 1, 2, 2, 3, 2, 2, 1, 1, 2, 2, 2, 1]"
MADONNA,3.8,1.285,40,"[3, 4, 3, 5, 5, 5, 3, 5, 2, 2, 3, 5, 5, 2, 2, 4, 5, 2, 5, 4, 5, 4, 5, 5, 4, 5, 2, 5, 5, 4, 5, 5, 5, 2, 2, 2, 2, 4, 2, 5]"
MADRID,3.1,1.2362,40,"[2, 4, 4, 5, 2, 5, 5, 2, 2, 2, 4, 3, 5, 2, 2, 4, 4, 2, 5, 3, 4, 2, 4, 3, 4, 1, 2, 2, 5, 1, 3, 3, 3, 2, 5, 2, 2, 3, 2, 4]"
MAHJONG,3.4167,1.2956,36,"[5, 5, 1, 2, 2, 5, 4, 5, 4, 2, 5, 5, 2, 4, 5, 4, 4, 3, 4, 2, 1, 4, 3, 4, 3, 2, 5, 2, 3, 2, 4, 5, 2, 4, 4, 2]"
MAILBOX,4.1944,1.1667,36,"[5, 5, 5, 4, 2, 5, 5, 5, 5, 2, 5, 5, 2, 5, 4, 5, 5, 5, 4, 2, 4, 4, 5, 5, 4, 2, 5, 2, 5, 5, 5, 4, 2, 4, 5, 5]"
MAJESTIC,3.0,1.069,36,"[1, 5, 4, 3, 2, 4, 4, 2, 2, 2, 4, 4, 2, 2, 4, 2, 3, 4, 3, 2, 5, 4, 3, 3, 4, 4, 3, 2, 3, 4, 1, 2, 2, 4, 2, 3]"
MAJORING,1.6486,0.6332,37,"[3, 2, 2, 2, 2, 2, 2, 2, 1, 1, 2, 2, 1, 2, 2, 2, 2, 1, 1, 1, 2, 2, 1, 2, 1, 1, 2, 1, 1, 1, 2, 1, 1, 3, 3, 1, 1]"
MALAY,1.9762,0.8692,42,"[1, 3, 2, 2, 2, 2, 2, 4, 2, 2, 2, 2, 1, 2, 1, 4, 2, 4, 2, 2, 1, 2, 2, 2, 2, 1, 2, 1, 1, 3, 2, 2, 3, 1, 1, 2, 2, 1, 1, 4, 1, 2]"
MAMMAL,3.7222,1.2331,36,"[3, 5, 5, 3, 2, 3, 5, 4, 3, 2, 5, 3, 2, 5, 4, 4, 5, 3, 2, 2, 3, 5, 5, 5, 3, 2, 5, 2, 5, 5, 5, 3, 2, 4, 5, 5]"
MANACLED,2.8444,1.2605,45,"[2, 1, 1, 5, 2, 3, 2, 2, 3, 4, 2, 4, 4, 3, 2, 3, 1, 3, 4, 2, 1, 2, 3, 5, 4, 2, 4, 2, 4, 2, 2, 3, 2, 4, 5, 2, 2, 4, 2, 1, 2, 5, 2, 5, 5]"
MANE,3.6429,1.4111,42,"[5, 3, 5, 5, 5, 3, 1, 4, 2, 2, 5, 2, 5, 2, 4, 2, 5, 2, 5, 5, 5, 2, 4, 2, 4, 2, 5, 5, 2, 5, 2, 5, 4, 5, 5, 2, 5, 5, 2, 2, 3, 5]"
MANGLES,2.3902,1.0217,41,"[3, 4, 2, 2, 3, 5, 2, 3, 2, 3, 1, 4, 2, 2, 2, 3, 2, 3, 1, 2, 5, 2, 2, 2, 2, 2, 4, 1, 1, 1, 2, 2, 4, 1, 2, 2, 2, 2, 3, 2, 3]"
MANHATTAN,3.7692,1.2662,39,"[2, 4, 3, 3, 3, 5, 5, 5, 5, 5, 4, 5, 2, 4, 5, 2, 3, 2, 5, 4, 2, 1, 3, 2, 5, 5, 4, 3, 4, 5, 2, 5, 5, 5, 2, 5, 4, 5, 4]"
MANIFEST,2.05,1.061,40,"[2, 2, 3, 1, 4, 2, 4, 3, 2, 2, 1, 1, 3, 2, 2, 2, 2, 2, 2, 2, 1, 1, 1, 3, 3, 5, 2, 4, 1, 1, 1, 4, 1, 2, 1, 1, 2, 1, 2, 1]"
MANILA,3.0,1.1212,36,"[5, 3, 4, 2, 2, 2, 4, 4, 3, 2, 4, 5, 2, 2, 3, 2, 2, 3, 1, 2, 2, 2, 4, 4, 2, 2, 5, 2, 4, 3, 3, 3, 2, 4, 5, 4]"
MANNEQUIN,4.2162,1.205,37,"[5, 4, 4, 2, 5, 5, 5, 3, 5, 2, 5, 5, 5, 5, 5, 3, 5, 2, 5, 5, 5, 5, 5, 4, 4, 2, 5, 5, 2, 5, 5, 5, 5, 2, 5, 5, 2]"
MANNER,1.8108,0.6599,37,"[4, 2, 2, 2, 2, 2, 2, 2, 1, 3, 2, 2, 1, 2, 2, 1, 2, 1, 1, 1, 2, 2, 2, 2, 2, 1, 2, 2, 2, 1, 2, 1, 1, 2, 3, 2, 1]"
MANOEUVRE,2.2162,0.9757,37,"[4, 5, 1, 2, 1, 3, 2, 3, 2, 2, 2, 2, 1, 5, 3, 2, 3, 2, 2, 1, 2, 2, 3, 1, 2, 2, 2, 2, 2, 2, 1, 2, 3, 2, 1, 3, 2]"
MANPOWER,2.5641,0.8521,39,"[2, 2, 3, 2, 1, 3, 2, 3, 5, 2, 2, 3, 2, 3, 2, 2, 3, 2, 4, 3, 2, 3, 3, 2, 1, 3, 2, 4, 2, 3, 2, 3, 3, 4, 2, 3, 1, 3, 3]"
MANTUA,2.0278,1.1081,36,"[3, 4, 1, 4, 2, 2, 2, 5, 1, 2, 5, 1, 2, 1, 1, 2, 1, 3, 1, 2, 1, 2, 1, 3, 2, 2, 1, 2, 2, 1, 1, 3, 2, 2, 1, 2]"
MANUFACTURING,2.9535,1.0901,43,"[3, 3, 4, 3, 5, 2, 1, 4, 2, 4, 3, 2, 3, 2, 4, 4, 2, 2, 2, 3, 3, 4, 2, 5, 2, 2, 2, 3, 2, 2, 4, 2, 2, 4, 3, 3, 2, 5, 5, 2, 2, 5, 3]"
MAPLE,3.8649,1.2056,37,"[5, 5, 2, 5, 5, 4, 2, 5, 4, 4, 3, 2, 4, 2, 4, 5, 2, 3, 5, 4, 2, 5, 2, 2, 5, 4, 4, 5, 5, 5, 2, 5, 5, 5, 4, 4, 4]"
MARA,2.2,1.1201,45,"[2, 3, 1, 1, 2, 1, 2, 2, 1, 2, 2, 1, 4, 4, 2, 1, 3, 1, 3, 2, 5, 2, 3, 5, 2, 2, 1, 2, 3, 2, 1, 1, 2, 2, 3, 2, 2, 5, 2, 2, 2, 1, 2, 4, 1]"
MARC,2.2973,1.1987,37,"[5, 4, 1, 2, 5, 1, 3, 3, 4, 2, 2, 2, 2, 1, 1, 2, 1, 2, 1, 1, 3, 2, 3, 2, 5, 2, 2, 1, 2, 1, 1, 4, 3, 2, 2, 3, 2]"
MARCEL,1.9767,0.9126,43,"[4, 2, 1, 2, 1, 1, 1, 3, 2, 1, 4, 2, 2, 2, 1, 1, 2, 2, 2, 3, 2, 4, 2, 1, 2, 2, 2, 2, 1, 2, 1, 2, 1, 2, 1, 1, 2, 2, 4, 2, 2, 2, 4]"
MARITAL,2.1667,0.9606,42,"[2, 3, 2, 2, 4, 5, 2, 2, 2, 4, 3, 2, 1, 2, 1, 4, 2, 3, 3, 2, 2, 2, 3, 2, 1, 1, 3, 1, 1, 2, 2, 2, 1, 1, 3, 1, 2, 1, 2, 3, 2, 2]"
MARKERS,3.3778,1.3192,45,"[5, 5, 5, 4, 2, 3, 2, 2, 5, 4, 2, 5, 4, 1, 2, 5, 5, 3, 5, 2, 5, 2, 3, 5, 3, 2, 3, 4, 4, 2, 3, 5, 2, 2, 3, 2, 2, 5, 2, 5, 2, 5, 2, 4, 4]"
MARKETING,2.2368,0.9425,38,"[2, 1, 2, 3, 2, 2, 2, 3, 1, 2, 1, 3, 2, 4, 1, 2, 3, 2, 4, 4, 2, 3, 1, 2, 2, 2, 2, 3, 4, 4, 2, 1, 3, 2, 2, 2, 1, 1]"
MARMOSET,3.2821,1.4133,39,"[2, 1, 3, 3, 3, 5, 5, 4, 2, 3, 5, 3, 2, 2, 2, 2, 1, 2, 3, 3, 2, 5, 5, 2, 4, 5, 3, 5, 2, 5, 2, 5, 1, 5, 2, 5, 4, 5, 5]"
MARROW,3.2162,1.1579,37,"[5, 4, 3, 2, 5, 2, 3, 3, 5, 2, 3, 2, 2, 4, 5, 1, 5, 2, 3, 3, 4, 2, 4, 3, 4, 2, 3, 3, 2, 4, 3, 3, 4, 2, 5, 5, 2]"
MARS,3.5455,1.3021,44,"[5, 5, 4, 5, 2, 4, 2, 2, 3, 3, 2, 5, 4, 5, 2, 5, 5, 3, 4, 2, 5, 2, 3, 5, 3, 2, 4, 5, 4, 2, 4, 5, 2, 3, 5, 2, 2, 2, 5, 2, 5, 2, 5, 5]"
MARTIN,2.1053,1.0078,38,"[2, 1, 2, 2, 3, 5, 2, 3, 2, 2, 3, 2, 1, 3, 2, 1, 2, 1, 3, 2, 1, 2, 2, 1, 4, 2, 1, 2, 1, 2, 2, 5, 2, 2, 2, 1, 1, 3]"
MARTINIS,3.6905,1.4396,42,"[5, 5, 2, 2, 5, 5, 2, 5, 2, 5, 3, 5, 3, 2, 5, 1, 2, 5, 4, 2, 4, 2, 5, 2, 3, 5, 5, 5, 1, 4, 2, 2, 4, 5, 5, 5, 2, 5, 5, 5, 5, 4]"
MASHED,2.7778,0.9017,45,"[3, 3, 4, 2, 2, 4, 2, 2, 3, 2, 2, 4, 3, 3, 2, 3, 4, 3, 4, 2, 3, 2, 3, 4, 3, 2, 2, 2, 4, 2, 3, 1, 2, 4, 5, 2, 2, 4, 2, 4, 2, 3, 2, 3, 2]"
MASOCHISTIC,2.3333,0.7071,45,"[2, 3, 2, 4, 2, 2, 2, 2, 2, 2, 2, 3, 2, 2, 2, 2, 1, 3, 2, 2, 1, 2, 3, 3, 2, 2, 2, 2, 2, 2, 3, 3, 2, 4, 4, 2, 2, 2, 2, 3, 2, 3, 2, 4, 2]"
MASS,2.7179,1.1227,39,"[2, 2, 3, 2, 2, 3, 3, 4, 5, 3, 5, 3, 2, 2, 4, 2, 1, 2, 1, 2, 2, 5, 3, 2, 3, 3, 2, 3, 2, 5, 2, 4, 3, 3, 2, 3, 1, 1, 4]"
MASSIVE,3.119,1.2337,42,"[5, 4, 2, 2, 5, 5, 2, 4, 2, 5, 3, 5, 3, 2, 3, 5, 2, 3, 2, 2, 3, 2, 4, 2, 2, 2, 4, 4, 5, 4, 2, 2, 4, 1, 3, 2, 2, 5, 2, 4, 4, 2]"
MAST,3.7838,1.3568,37,"[2, 5, 2, 5, 4, 5, 2, 5, 5, 4, 5, 2, 5, 2, 5, 5, 2, 4, 5, 4, 2, 4, 2, 2, 5, 1, 4, 5, 4, 5, 2, 5, 5, 5, 3, 5, 3]"
MASTIFF,3.4571,1.3578,35,"[5, 5, 3, 3, 2, 3, 3, 5, 2, 5, 5, 2, 2, 5, 1, 2, 5, 2, 2, 4, 1, 4, 4, 4, 2, 5, 2, 5, 4, 5, 4, 2, 4, 5, 4]"
MAT,3.925,1.2888,40,"[5, 5, 5, 4, 5, 5, 4, 5, 2, 2, 4, 4, 5, 2, 2, 3, 5, 2, 5, 4, 5, 5, 4, 5, 5, 5, 2, 5, 4, 1, 4, 5, 5, 2, 5, 4, 2, 4, 2, 5]"
MATADOR,3.7619,1.3935,42,"[5, 5, 2, 2, 5, 5, 2, 5, 2, 5, 3, 5, 5, 2, 5, 5, 2, 5, 4, 2, 5, 2, 5, 2, 3, 1, 3, 5, 5, 4, 2, 2, 4, 5, 5, 5, 2, 5, 5, 5, 3, 4]"
MATCHES,4.0465,1.3793,43,"[5, 5, 5, 5, 5, 5, 5, 5, 2, 5, 5, 2, 4, 2, 5, 5, 2, 5, 2, 5, 5, 5, 2, 4, 2, 5, 2, 5, 5, 2, 5, 2, 5, 5, 5, 5, 2, 5, 5, 2, 2, 5, 5]"
MATILDA,2.4444,1.0125,45,"[2, 3, 4, 1, 2, 1, 2, 2, 3, 1, 2, 1, 4, 1, 2, 2, 3, 2, 3, 2, 5, 2, 3, 5, 2, 2, 2, 3, 4, 2, 3, 3, 2, 2, 3, 2, 2, 4, 2, 2, 2, 1, 2, 4, 3]"
MATRIMONY,2.7949,1.0804,39,"[2, 3, 4, 2, 3, 2, 5, 3, 4, 3, 3, 4, 2, 4, 1, 2, 1, 2, 3, 2, 2, 2, 4, 2, 2, 3, 3, 3, 2, 3, 2, 4, 5, 2, 2, 5, 1, 4, 3]"
MATTRESS,3.9762,1.3157,42,"[5, 5, 2, 2, 4, 5, 2, 5, 2, 5, 5, 5, 4, 2, 5, 5, 2, 4, 5, 2, 4, 2, 5, 2, 4, 5, 5, 5, 5, 4, 2, 2, 4, 5, 5, 5, 2, 5, 5, 5, 5, 5]"
MAYA,2.2895,1.1128,38,"[2, 2, 2, 1, 2, 5, 3, 2, 1, 3, 2, 2, 2, 2, 2, 2, 1, 2, 4, 1, 2, 1, 1, 2, 2, 3, 2, 4, 2, 5, 2, 3, 3, 5, 2, 1, 1, 3]"
MAYHEM,3.0811,1.1874,37,"[5, 4, 1, 2, 3, 5, 3, 3, 3, 2, 1, 4, 4, 4, 5, 4, 5, 2, 1, 4, 3, 3, 3, 2, 3, 2, 2, 3, 2, 3, 3, 5, 3, 2, 3, 5, 2]"
MEAD,2.8,1.3812,40,"[1, 5, 3, 4, 4, 5, 1, 2, 2, 2, 3, 3, 1, 2, 2, 1, 3, 2, 3, 3, 1, 3, 5, 5, 3, 1, 2, 4, 4, 1, 5, 5, 4, 2, 1, 3, 2, 2, 2, 5]"
MEADOWLARK,2.6905,1.5537,42,"[2, 4, 2, 2, 3, 5, 2, 5, 2, 2, 1, 5, 1, 2, 5, 1, 2, 5, 4, 2, 4, 2, 5, 2, 1, 3, 5, 1, 1, 1, 2, 2, 1, 1, 1, 5, 2, 5, 2, 5, 1, 4]"
MEATBALL,3.7727,1.3786,44,"[5, 5, 5, 5, 2, 5, 2, 2, 5, 5, 2, 5, 5, 4, 2, 5, 5, 4, 5, 2, 5, 2, 3, 5, 2, 3, 5, 4, 2, 5, 5, 2, 4, 5, 2, 2, 5, 2, 5, 2, 5, 2, 5, 4]"
MEDITATING,3.0256,1.0879,39,"[2, 3, 4, 4, 3, 2, 3, 4, 5, 4, 3, 4, 2, 3, 4, 2, 4, 2, 4, 2, 2, 4, 3, 2, 2, 5, 4, 3, 2, 3, 2, 3, 4, 4, 2, 1, 1, 2, 5]"
MEGA,2.5,1.1339,36,"[2, 5, 4, 4, 2, 2, 4, 1, 1, 2, 2, 2, 2, 2, 5, 2, 2, 3, 1, 2, 3, 4, 3, 3, 3, 2, 3, 2, 1, 4, 1, 1, 2, 4, 2, 2]"
MEL,1.925,1.2276,40,"[2, 4, 1, 4, 1, 2, 1, 1, 2, 2, 1, 1, 1, 2, 3, 1, 5, 2, 5, 3, 1, 1, 2, 1, 3, 1, 2, 2, 5, 1, 1, 1, 1, 3, 1, 1, 2, 1, 2, 1]"
MELONS,3.9048,1.34,42,"[5, 5, 5, 4, 5, 5, 5, 5, 2, 4, 5, 2, 4, 2, 4, 4, 2, 5, 2, 5, 5, 4, 2, 2, 5, 2, 5, 5, 2, 5, 2, 5, 4, 5, 5, 2, 5, 5, 2, 2, 5, 5]"
MEMENTOS,2.907,1.0649,43,"[4, 2, 2, 4, 5, 1, 2, 4, 2, 3, 4, 2, 4, 2, 3, 3, 2, 2, 2, 3, 4, 3, 2, 3, 2, 3, 2, 5, 2, 2, 2, 2, 4, 3, 3, 4, 3, 2, 5, 2, 2, 5, 4]"
MEMO,3.4444,1.0809,36,"[2, 5, 5, 4, 2, 4, 4, 5, 3, 2, 5, 4, 2, 3, 3, 4, 3, 2, 2, 2, 3, 3, 5, 3, 4, 3, 5, 2, 4, 4, 4, 3, 2, 4, 5, 4]"
MERCURY,3.6389,1.0994,36,"[5, 5, 4, 3, 2, 5, 4, 5, 3, 2, 5, 5, 2, 4, 5, 3, 4, 4, 3, 2, 2, 4, 3, 3, 4, 3, 5, 2, 5, 3, 4, 4, 2, 4, 5, 3]"
MERINGUE,3.4872,1.4118,39,"[2, 5, 5, 4, 4, 5, 5, 5, 4, 3, 5, 4, 2, 4, 3, 2, 1, 2, 3, 5, 2, 5, 4, 2, 3, 5, 2, 5, 2, 5, 2, 5, 1, 5, 2, 1, 3, 5, 4]"
MERLIN,2.7907,1.2641,43,"[4, 4, 2, 3, 2, 1, 4, 2, 2, 2, 5, 2, 5, 2, 2, 4, 2, 4, 2, 5, 2, 4, 2, 2, 2, 2, 2, 4, 3, 2, 5, 2, 3, 3, 5, 1, 2, 1, 4, 2, 2, 1, 5]"
MESDAMES,1.875,0.992,40,"[2, 3, 1, 3, 1, 2, 1, 1, 2, 2, 1, 2, 1, 2, 2, 1, 4, 2, 5, 1, 1, 1, 3, 4, 3, 1, 2, 1, 1, 1, 1, 3, 2, 2, 1, 2, 2, 2, 2, 1]"
MESSIAH,3.05,1.2393,40,"[2, 4, 3, 1, 5, 4, 4, 2, 2, 2, 4, 3, 4, 2, 2, 3, 5, 2, 5, 1, 4, 3, 4, 5, 3, 1, 2, 4, 2, 1, 4, 4, 4, 2, 3, 4, 2, 3, 2, 5]"
METED,1.5385,0.6426,39,"[2, 1, 2, 1, 1, 1, 1, 1, 2, 1, 1, 2, 2, 2, 1, 2, 1, 2, 2, 1, 2, 1, 1, 3, 1, 1, 1, 2, 2, 3, 2, 3, 1, 1, 2, 2, 1, 1, 1]"
METHODICAL,1.65,0.6622,40,"[3, 1, 1, 1, 2, 2, 1, 2, 2, 2, 1, 1, 3, 2, 2, 1, 2, 2, 2, 1, 1, 2, 2, 2, 3, 1, 2, 1, 2, 1, 1, 3, 1, 2, 1, 2, 1, 1, 2, 1]"
METHODOLOGIES,1.575,0.636,40,"[2, 1, 1, 1, 2, 2, 1, 1, 2, 2, 1, 1, 1, 2, 2, 1, 1, 2, 2, 1, 1, 1, 2, 1, 3, 1, 2, 2, 2, 1, 1, 3, 2, 2, 1, 3, 2, 1, 2, 1]"
METRONOME,3.525,1.5523,40,"[4, 4, 5, 5, 5, 2, 4, 4, 2, 2, 5, 2, 5, 2, 2, 5, 5, 2, 3, 5, 1, 1, 5, 2, 5, 1, 2, 5, 5, 1, 5, 5, 5, 2, 5, 4, 2, 5, 2, 5]"
METTLE,1.6977,0.7083,43,"[1, 2, 2, 1, 2, 1, 3, 1, 2, 2, 1, 2, 2, 2, 1, 3, 2, 1, 2, 1, 1, 2, 2, 2, 2, 1, 2, 1, 1, 2, 1, 2, 1, 1, 1, 1, 2, 3, 4, 2, 2, 1, 2]"
MICKY,2.6744,1.3042,43,"[4, 2, 1, 4, 3, 3, 5, 4, 2, 1, 5, 2, 3, 2, 2, 5, 2, 2, 2, 1, 5, 2, 2, 3, 2, 2, 2, 4, 1, 2, 1, 2, 2, 3, 1, 2, 2, 3, 5, 2, 2, 5, 5]"
MICRO,2.6842,1.1415,38,"[2, 2, 2, 1, 1, 3, 4, 3, 5, 2, 3, 3, 2, 4, 5, 2, 1, 2, 3, 2, 2, 3, 1, 2, 4, 2, 4, 4, 2, 3, 2, 3, 4, 2, 5, 1, 3, 3]"
MIDNIGHT,3.2093,1.1246,43,"[4, 4, 3, 5, 4, 5, 1, 3, 2, 4, 4, 2, 3, 3, 5, 2, 2, 4, 2, 4, 3, 4, 2, 4, 2, 3, 2, 5, 3, 2, 5, 2, 3, 3, 4, 4, 2, 2, 4, 2, 2, 5, 4]"
MIDSECTION,3.475,1.2606,40,"[4, 3, 3, 4, 5, 5, 5, 4, 2, 2, 3, 4, 5, 2, 2, 5, 5, 2, 4, 3, 4, 4, 4, 5, 5, 5, 2, 3, 4, 1, 3, 5, 3, 2, 1, 4, 2, 3, 2, 5]"
MIDTERM,2.4222,1.138,45,"[3, 1, 5, 3, 2, 1, 2, 2, 1, 2, 2, 3, 1, 3, 2, 3, 1, 2, 1, 2, 1, 2, 3, 5, 2, 2, 2, 2, 3, 2, 2, 5, 2, 3, 4, 2, 2, 4, 2, 4, 2, 5, 2, 3, 1]"
MIFFED,2.2,0.9195,45,"[1, 3, 3, 3, 2, 3, 3, 2, 2, 2, 2, 3, 1, 1, 2, 2, 1, 2, 2, 2, 1, 2, 3, 3, 2, 2, 2, 3, 2, 2, 2, 1, 2, 4, 5, 2, 2, 2, 2, 1, 2, 1, 2, 5, 2]"
MIGRATE,2.8378,1.2137,37,"[3, 3, 2, 2, 5, 5, 1, 3, 4, 2, 2, 4, 1, 5, 4, 1, 5, 2, 1, 4, 3, 2, 3, 3, 3, 2, 3, 3, 2, 2, 2, 2, 5, 2, 3, 4, 2]"
MILAN,3.1667,1.5024,36,"[5, 5, 2, 5, 3, 4, 2, 5, 3, 1, 5, 2, 1, 2, 3, 4, 2, 1, 5, 4, 2, 5, 5, 2, 4, 1, 4, 3, 1, 2, 4, 5, 2, 4, 5, 1]"
MILESTONE,2.1111,0.9587,45,"[1, 1, 1, 3, 2, 2, 2, 2, 1, 2, 2, 1, 3, 1, 2, 3, 1, 2, 3, 2, 1, 2, 3, 5, 2, 2, 2, 2, 2, 2, 2, 1, 2, 4, 5, 2, 2, 3, 2, 3, 2, 1, 2, 3, 1]"
MILLARD,1.775,0.8912,40,"[2, 4, 2, 1, 1, 2, 1, 1, 2, 2, 1, 3, 1, 2, 2, 1, 4, 2, 3, 1, 1, 1, 2, 1, 2, 1, 2, 4, 1, 1, 1, 2, 1, 2, 1, 2, 2, 3, 2, 1]"
MILLER,2.0952,1.1647,42,"[3, 3, 2, 2, 2, 5, 1, 3, 2, 1, 4, 5, 2, 2, 1, 1, 2, 1, 2, 2, 3, 2, 3, 2, 1, 2, 2, 1, 1, 1, 2, 2, 1, 1, 1, 3, 2, 5, 1, 4, 1, 1]"
MILLY,1.8378,0.9578,37,"[2, 3, 2, 1, 1, 2, 2, 1, 1, 1, 1, 2, 1, 2, 1, 3, 2, 1, 2, 1, 2, 3, 2, 2, 1, 1, 2, 2, 3, 1, 2, 1, 5, 4, 3, 1, 1]"
MINA,1.7838,1.031,37,"[5, 1, 2, 2, 1, 2, 2, 2, 1, 1, 1, 2, 1, 2, 1, 4, 2, 1, 4, 1, 2, 4, 1, 2, 1, 1, 2, 2, 1, 1, 2, 1, 1, 3, 2, 1, 1]"
MINGLE,2.6744,0.7783,43,"[3, 2, 2, 3, 3, 3, 3, 3, 2, 3, 3, 2, 4, 2, 3, 3, 2, 2, 2, 2, 3, 4, 2, 4, 2, 2, 2, 4, 3, 2, 3, 2, 2, 2, 3, 3, 2, 3, 5, 2, 2, 2, 4]"
MINK,3.8889,1.3262,36,"[5, 5, 2, 5, 5, 5, 2, 5, 3, 5, 5, 2, 3, 2, 4, 5, 2, 5, 5, 3, 2, 5, 3, 2, 5, 5, 2, 5, 5, 3, 2, 5, 5, 5, 5, 3]"
MINNIE,3.0833,1.2507,36,"[5, 2, 2, 3, 2, 4, 5, 5, 2, 2, 4, 5, 2, 5, 5, 2, 5, 3, 1, 2, 2, 3, 3, 4, 2, 2, 2, 2, 4, 4, 4, 3, 2, 4, 2, 2]"
MISCALCULATED,1.7778,0.6704,45,"[2, 1, 3, 1, 2, 2, 2, 2, 1, 2, 2, 1, 1, 1, 2, 1, 1, 2, 1, 2, 1, 2, 3, 2, 1, 2, 1, 2, 2, 2, 2, 1, 2, 4, 3, 2, 2, 2, 2, 2, 2, 1, 2, 2, 1]"
MISCONCEPTIONS,1.5366,0.6363,41,"[1, 1, 2, 2, 3, 3, 2, 1, 2, 3, 2, 2, 1, 2, 1, 1, 2, 1, 2, 1, 2, 2, 2, 1, 2, 1, 1, 1, 1, 2, 2, 1, 1, 1, 1, 2, 1, 1, 1, 1, 1]"
MISPRONOUNCE,1.8222,0.7772,45,"[1, 1, 3, 1, 2, 2, 2, 2, 1, 2, 2, 2, 2, 1, 2, 1, 1, 3, 1, 2, 1, 2, 3, 3, 1, 2, 1, 1, 2, 2, 2, 1, 2, 4, 4, 2, 2, 1, 2, 1, 2, 1, 2, 2, 2]"
MISTY,3.0952,1.4451,42,"[5, 5, 2, 2, 3, 5, 2, 3, 2, 5, 5, 5, 4, 2, 4, 1, 2, 1, 4, 2, 5, 2, 5, 2, 1, 2, 5, 4, 4, 1, 2, 2, 3, 1, 1, 4, 2, 4, 5, 4, 4, 3]"
MITTS,3.2973,1.3305,37,"[5, 1, 4, 3, 2, 5, 2, 3, 4, 2, 5, 4, 2, 4, 5, 4, 5, 3, 3, 2, 1, 4, 5, 4, 2, 2, 1, 5, 2, 5, 2, 3, 4, 2, 3, 5, 4]"
MIXING,3.0,1.0235,43,"[2, 2, 4, 3, 4, 4, 1, 4, 2, 3, 5, 2, 3, 2, 4, 3, 2, 4, 2, 3, 5, 3, 2, 4, 2, 2, 2, 3, 4, 2, 5, 2, 3, 3, 4, 4, 2, 4, 4, 2, 2, 3, 3]"
MOAT,3.8919,1.37,37,"[5, 4, 5, 2, 5, 5, 5, 3, 5, 2, 5, 4, 5, 5, 5, 2, 5, 2, 2, 1, 5, 4, 5, 3, 5, 2, 3, 4, 2, 5, 5, 5, 5, 2, 5, 5, 2]"
MOLESTING,2.8462,1.0397,39,"[2, 3, 4, 4, 3, 3, 2, 3, 5, 3, 3, 3, 2, 3, 4, 2, 1, 2, 1, 5, 2, 3, 3, 2, 3, 3, 3, 3, 2, 4, 2, 3, 4, 4, 2, 2, 1, 5, 2]"
MOMENTARILY,1.4615,0.5547,39,"[2, 1, 2, 2, 1, 1, 2, 1, 1, 1, 1, 3, 2, 2, 1, 2, 1, 2, 2, 2, 2, 1, 1, 2, 1, 1, 1, 1, 2, 1, 2, 1, 2, 1, 2, 1, 1, 1, 1]"
MONDO,1.5405,0.691,37,"[2, 2, 2, 1, 2, 2, 2, 1, 1, 1, 1, 2, 1, 2, 1, 4, 2, 1, 1, 1, 2, 1, 1, 2, 1, 1, 1, 2, 3, 1, 2, 1, 1, 2, 2, 1, 1]"
MONKEY,4.3611,1.1502,36,"[5, 5, 5, 4, 2, 5, 5, 5, 5, 2, 5, 5, 2, 5, 5, 5, 5, 5, 5, 2, 5, 5, 5, 5, 4, 3, 5, 2, 5, 5, 5, 4, 2, 5, 5, 5]"
MONORAIL,3.5909,1.2634,44,"[4, 5, 5, 4, 2, 4, 2, 2, 4, 4, 2, 5, 5, 4, 2, 5, 5, 4, 4, 2, 5, 2, 3, 5, 4, 2, 4, 5, 4, 2, 5, 5, 2, 4, 5, 2, 2, 2, 3, 2, 5, 2, 5, 4]"
MONSIGNOR,2.6667,1.1082,39,"[2, 2, 3, 1, 3, 1, 3, 3, 2, 3, 3, 3, 2, 3, 1, 2, 1, 2, 2, 2, 2, 3, 3, 2, 2, 4, 1, 3, 2, 4, 2, 4, 5, 5, 2, 3, 4, 5, 4]"
MONTEREY,2.5814,1.1595,43,"[3, 4, 2, 2, 5, 3, 1, 4, 2, 4, 5, 2, 2, 2, 2, 5, 2, 1, 2, 1, 2, 5, 2, 2, 2, 2, 2, 2, 2, 2, 1, 2, 4, 3, 2, 2, 2, 3, 3, 2, 2, 3, 5]"
MONTGOMERY,2.5833,1.1802,36,"[3, 4, 3, 4, 2, 3, 2, 1, 2, 2, 3, 3, 2, 2, 5, 2, 2, 3, 1, 2, 1, 4, 3, 2, 3, 2, 1, 2, 5, 1, 1, 4, 2, 4, 5, 2]"
MONTREAL,3.3023,1.3369,43,"[5, 4, 5, 3, 5, 4, 1, 5, 2, 4, 5, 2, 3, 2, 2, 5, 2, 4, 2, 5, 5, 5, 2, 5, 2, 3, 2, 3, 2, 2, 2, 2, 4, 5, 3, 2, 2, 3, 4, 2, 2, 5, 5]"
MOOLAH,3.0698,1.242,43,"[3, 4, 2, 4, 5, 4, 2, 4, 2, 3, 5, 2, 4, 2, 5, 4, 2, 2, 2, 4, 4, 4, 2, 5, 2, 1, 2, 4, 3, 2, 5, 2, 3, 2, 3, 1, 2, 4, 5, 2, 2, 2, 5]"
MOOSE,3.8409,1.3967,44,"[5, 5, 5, 5, 2, 5, 2, 2, 5, 2, 5, 5, 5, 2, 5, 5, 5, 5, 2, 5, 2, 3, 5, 4, 2, 5, 5, 4, 2, 5, 5, 2, 4, 5, 2, 2, 5, 2, 5, 2, 5, 2, 5, 4]"
MORBID,2.025,0.8619,40,"[4, 2, 1, 3, 4, 3, 1, 1, 2, 2, 1, 1, 2, 2, 2, 3, 2, 2, 2, 1, 2, 2, 2, 4, 3, 1, 2, 2, 2, 1, 3, 3, 1, 2, 1, 2, 2, 2, 2, 1]"
MORPH,3.1143,1.0508,35,"[2, 5, 4, 3, 2, 4, 3, 3, 3, 2, 4, 4, 2, 5, 5, 4, 4, 3, 1, 2, 4, 3, 2, 4, 4, 3, 2, 3, 4, 2, 2, 2, 4, 3, 2]"
MORROW,1.7692,0.8417,39,"[2, 1, 2, 2, 1, 1, 5, 1, 2, 3, 2, 1, 2, 2, 2, 2, 1, 2, 1, 3, 2, 1, 1, 2, 1, 3, 1, 1, 2, 1, 2, 2, 2, 2, 2, 1, 1, 3, 1]"
MORTGAGES,2.4722,1.1081,36,"[1, 3, 4, 3, 2, 1, 3, 3, 2, 2, 3, 2, 2, 3, 4, 1, 3, 2, 1, 2, 4, 2, 4, 2, 4, 2, 5, 2, 5, 2, 1, 2, 2, 2, 2, 1]"
MOTHBALLS,3.6744,1.4095,43,"[5, 5, 5, 5, 5, 5, 2, 5, 2, 3, 5, 2, 3, 2, 3, 5, 2, 4, 2, 5, 5, 5, 2, 5, 2, 4, 2, 5, 5, 2, 4, 2, 5, 4, 4, 5, 2, 1, 5, 2, 2, 5, 5]"
MOVIE,3.6977,1.3008,43,"[5, 4, 5, 4, 5, 4, 3, 4, 2, 4, 5, 2, 5, 2, 5, 4, 2, 4, 2, 5, 4, 5, 2, 5, 2, 3, 2, 5, 5, 2, 5, 2, 2, 5, 5, 5, 2, 4, 5, 2, 2, 5, 4]"
MUCHACHOS,2.973,1.3842,37,"[5, 5, 2, 5, 2, 3, 2, 5, 1, 1, 3, 2, 3, 2, 4, 4, 2, 1, 4, 1, 2, 2, 3, 2, 3, 1, 2, 2, 5, 3, 2, 4, 4, 5, 5, 5, 3]"
MUDDY,3.9459,1.2235,37,"[5, 5, 2, 5, 5, 4, 2, 5, 5, 5, 5, 2, 4, 2, 5, 5, 2, 3, 4, 3, 2, 3, 5, 2, 4, 4, 3, 5, 5, 5, 2, 5, 5, 4, 5, 5, 4]"
MUFFINS,4.1944,1.238,36,"[5, 5, 5, 3, 2, 5, 5, 5, 5, 2, 5, 5, 2, 5, 5, 5, 5, 5, 3, 2, 5, 4, 5, 5, 3, 2, 5, 2, 5, 5, 5, 4, 2, 5, 5, 5]"
MULLET,3.6512,1.3953,43,"[5, 4, 5, 5, 5, 5, 3, 5, 2, 3, 5, 2, 5, 2, 4, 5, 2, 4, 2, 5, 5, 4, 2, 2, 2, 3, 2, 5, 5, 2, 5, 2, 5, 4, 5, 5, 2, 4, 5, 2, 2, 1, 5]"
MULLIGAN,2.0909,0.9601,44,"[2, 1, 1, 1, 2, 2, 2, 2, 1, 2, 2, 1, 2, 1, 2, 3, 1, 2, 2, 2, 5, 2, 3, 5, 2, 2, 2, 2, 3, 2, 2, 2, 2, 1, 5, 2, 2, 2, 2, 2, 1, 2, 3, 2]"
MULTIFACETED,2.5278,1.1081,36,"[3, 3, 4, 4, 2, 3, 4, 1, 1, 2, 3, 4, 2, 2, 5, 2, 2, 3, 1, 2, 5, 1, 2, 2, 3, 3, 4, 2, 1, 3, 2, 2, 2, 2, 3, 1]"
MUMBLING,2.8649,1.1096,37,"[5, 3, 1, 2, 5, 4, 2, 3, 4, 2, 3, 2, 4, 2, 4, 2, 4, 2, 2, 1, 3, 3, 4, 3, 2, 2, 3, 3, 2, 3, 2, 5, 3, 2, 2, 5, 2]"
MUSE,2.5,0.8783,36,"[2, 3, 3, 3, 2, 3, 2, 4, 2, 2, 3, 3, 2, 2, 3, 2, 3, 2, 1, 2, 1, 5, 2, 2, 4, 3, 3, 2, 2, 2, 1, 3, 2, 4, 3, 2]"
MUST,1.4211,0.5517,38,"[2, 3, 2, 1, 1, 1, 2, 1, 1, 1, 1, 2, 2, 1, 1, 2, 2, 2, 2, 2, 1, 1, 2, 1, 1, 1, 1, 2, 1, 2, 1, 1, 1, 2, 1, 1, 1, 1]"
MUTILATED,3.4286,1.2715,42,"[5, 4, 2, 2, 2, 5, 2, 4, 2, 5, 2, 5, 2, 2, 5, 5, 2, 5, 4, 2, 5, 2, 4, 2, 3, 4, 5, 4, 5, 4, 2, 2, 5, 3, 5, 3, 2, 4, 2, 3, 4, 4]"
MUTTON,3.4595,1.3863,37,"[5, 5, 2, 5, 5, 5, 2, 5, 3, 4, 5, 2, 2, 2, 4, 5, 2, 1, 4, 2, 2, 5, 2, 2, 4, 3, 4, 4, 5, 1, 2, 5, 4, 5, 4, 4, 2]"
MYRTLE,2.3256,1.1489,43,"[4, 2, 2, 2, 1, 1, 2, 1, 2, 2, 5, 2, 1, 2, 2, 4, 2, 3, 2, 5, 3, 4, 2, 2, 2, 2, 2, 1, 3, 2, 2, 2, 5, 1, 1, 1, 2, 4, 3, 2, 2, 1, 4]"
MYTHIC,2.1111,0.8587,45,"[2, 1, 1, 3, 2, 1, 2, 2, 2, 2, 2, 1, 1, 2, 2, 1, 1, 2, 2, 2, 1, 2, 3, 4, 2, 2, 2, 3, 3, 2, 2, 1, 2, 4, 5, 2, 2, 3, 2, 2, 2, 3, 2, 3, 2]"
NANCY,2.775,1.349,40,"[2, 4, 2, 3, 4, 3, 5, 1, 2, 2, 1, 3, 5, 2, 2, 2, 5, 2, 5, 3, 5, 1, 2, 1, 4, 3, 2, 1, 5, 1, 3, 4, 2, 2, 4, 4, 2, 1, 2, 4]"
NAPA,2.6667,1.391,42,"[3, 3, 2, 2, 2, 5, 2, 2, 2, 5, 1, 5, 2, 2, 1, 5, 2, 1, 3, 2, 5, 2, 4, 2, 1, 4, 2, 2, 3, 1, 2, 2, 1, 1, 5, 3, 2, 4, 5, 5, 1, 3]"
NARRATOR,2.4,1.156,45,"[1, 1, 3, 3, 2, 3, 2, 2, 2, 1, 2, 4, 2, 1, 2, 1, 4, 2, 5, 2, 1, 2, 3, 5, 2, 2, 1, 2, 2, 2, 3, 3, 2, 4, 5, 2, 2, 5, 2, 1, 2, 2, 2, 2, 4]"
NATO,2.6944,1.2608,36,"[1, 5, 3, 3, 2, 2, 2, 5, 3, 2, 3, 2, 2, 1, 4, 4, 1, 3, 1, 2, 2, 5, 3, 3, 3, 2, 5, 2, 5, 1, 1, 3, 2, 4, 3, 2]"
NAUSEA,2.9444,1.1939,36,"[1, 5, 4, 3, 2, 3, 5, 5, 2, 2, 3, 4, 2, 5, 4, 4, 4, 2, 1, 2, 4, 2, 4, 4, 4, 2, 3, 2, 2, 3, 1, 3, 2, 2, 3, 2]"
NAVIGATE,2.4211,0.8263,38,"[2, 3, 3, 3, 3, 1, 3, 2, 2, 2, 3, 2, 4, 2, 2, 1, 2, 4, 3, 2, 3, 2, 2, 2, 3, 3, 4, 2, 2, 2, 3, 3, 4, 2, 2, 1, 1, 2]"
NAZARETH,2.6923,1.0299,39,"[2, 2, 3, 1, 3, 4, 5, 4, 3, 2, 3, 4, 2, 3, 4, 2, 1, 2, 4, 3, 2, 1, 3, 2, 3, 4, 3, 3, 2, 2, 2, 4, 3, 4, 2, 1, 1, 3, 3]"
NEBULA,3.4324,1.4052,37,"[5, 4, 2, 5, 4, 4, 2, 5, 5, 3, 5, 2, 3, 2, 1, 5, 2, 3, 5, 4, 2, 4, 1, 2, 4, 1, 4, 4, 3, 4, 2, 5, 5, 5, 5, 4, 1]"
NEEDLES,4.1081,1.3288,37,"[5, 5, 2, 5, 5, 4, 2, 5, 5, 5, 4, 2, 4, 2, 5, 5, 2, 5, 5, 1, 2, 5, 5, 2, 5, 4, 5, 5, 5, 5, 2, 5, 5, 5, 5, 5, 4]"
NEIGHBORHOODS,3.2222,1.1259,45,"[4, 5, 4, 3, 2, 4, 2, 2, 2, 4, 2, 4, 3, 5, 2, 3, 3, 3, 4, 2, 5, 2, 3, 4, 3, 2, 3, 5, 4, 2, 3, 5, 2, 3, 5, 2, 2, 5, 2, 5, 2, 4, 2, 4, 3]"
NEMO,3.3095,1.3341,42,"[5, 4, 2, 2, 4, 5, 3, 1, 3, 5, 4, 5, 4, 2, 1, 5, 2, 5, 4, 2, 3, 2, 4, 2, 3, 4, 5, 5, 5, 2, 2, 2, 4, 2, 3, 4, 2, 5, 1, 5, 3, 3]"
NETTED,2.75,1.0801,40,"[3, 4, 3, 5, 4, 2, 3, 3, 2, 2, 3, 1, 2, 2, 2, 3, 1, 2, 3, 2, 2, 3, 4, 5, 4, 1, 2, 2, 3, 1, 4, 5, 3, 2, 3, 3, 2, 3, 2, 4]"
NEUROLOGIST,3.275,1.2401,40,"[4, 3, 4, 3, 4, 4, 5, 3, 2, 2, 3, 5, 5, 2, 2, 5, 5, 2, 5, 2, 5, 2, 4, 1, 4, 5, 2, 3, 3, 3, 4, 5, 2, 2, 4, 2, 2, 2, 2, 4]"
NEWFOUND,1.6905,0.8692,42,"[1, 3, 2, 2, 4, 5, 2, 1, 2, 3, 1, 2, 1, 2, 1, 1, 2, 1, 1, 2, 2, 2, 2, 2, 1, 2, 1, 1, 1, 1, 2, 2, 1, 1, 2, 1, 2, 1, 1, 1, 1, 2]"
NEWTON,2.6512,1.2514,43,"[5, 2, 4, 4, 5, 2, 2, 2, 2, 2, 5, 2, 3, 2, 4, 1, 2, 3, 2, 3, 4, 4, 2, 1, 2, 2, 2, 3, 1, 2, 3, 2, 2, 1, 4, 1, 2, 1, 5, 2, 2, 4, 5]"
NIAGARA,3.7838,1.2502,37,"[5, 4, 1, 2, 5, 5, 3, 3, 4, 2, 4, 5, 4, 5, 5, 3, 5, 2, 5, 5, 4, 4, 4, 5, 5, 2, 4, 3, 2, 3, 3, 5, 5, 2, 5, 5, 2]"
NIBBLE,3.4054,1.1893,37,"[5, 4, 3, 2, 5, 5, 3, 3, 3, 2, 3, 4, 4, 5, 5, 2, 5, 2, 3, 5, 4, 3, 4, 3, 3, 2, 2, 2, 2, 2, 3, 5, 5, 2, 4, 5, 2]"
NICKNAME,1.7857,0.8705,42,"[1, 2, 2, 2, 3, 3, 2, 2, 2, 2, 3, 3, 1, 2, 1, 5, 2, 3, 1, 2, 2, 2, 2, 2, 1, 3, 1, 1, 1, 1, 2, 2, 1, 1, 1, 1, 2, 1, 1, 1, 1, 1]"
NICKS,2.3636,0.9423,44,"[2, 3, 2, 1, 2, 3, 2, 2, 2, 2, 2, 4, 1, 2, 1, 2, 2, 3, 2, 5, 2, 3, 4, 3, 2, 2, 3, 3, 2, 3, 1, 2, 4, 4, 2, 2, 3, 2, 1, 2, 1, 2, 4, 2]"
NICOTINE,2.6923,1.2598,39,"[2, 3, 2, 2, 2, 5, 2, 4, 1, 2, 4, 3, 2, 4, 3, 2, 3, 2, 1, 5, 2, 1, 5, 2, 2, 3, 2, 5, 2, 5, 2, 3, 5, 1, 2, 2, 1, 3, 3]"
NIGH,1.7333,0.7198,45,"[2, 1, 1, 1, 2, 1, 2, 2, 1, 1, 2, 1, 1, 1, 2, 1, 1, 2, 1, 2, 1, 2, 3, 3, 2, 2, 2, 1, 3, 2, 2, 1, 2, 4, 3, 2, 2, 1, 2, 1, 2, 1, 2, 2, 2]"
NIHILIST,1.8667,0.7568,45,"[1, 1, 1, 2, 2, 2, 2, 2, 1, 2, 2, 2, 1, 1, 2, 1, 2, 1, 2, 2, 1, 2, 3, 3, 2, 2, 1, 2, 2, 2, 2, 3, 2, 3, 5, 2, 2, 2, 2, 1, 2, 1, 2, 1, 2]"
NIMBLE,2.3846,0.7819,39,"[2, 2, 3, 2, 3, 2, 2, 3, 2, 4, 1, 3, 2, 2, 2, 2, 1, 2, 4, 2, 2, 4, 2, 2, 3, 3, 2, 3, 2, 3, 2, 4, 3, 2, 2, 2, 1, 3, 2]"
NIMBUS,2.3721,1.1132,43,"[4, 2, 4, 4, 3, 1, 2, 2, 2, 2, 5, 2, 1, 2, 2, 5, 2, 4, 2, 2, 1, 2, 2, 2, 2, 3, 2, 1, 3, 2, 3, 2, 1, 2, 1, 4, 2, 1, 4, 2, 2, 1, 4]"
NIRVANA,2.5952,1.3445,42,"[3, 3, 2, 2, 2, 5, 2, 2, 2, 1, 2, 1, 4, 2, 1, 5, 2, 3, 2, 2, 5, 2, 5, 2, 1, 1, 2, 1, 1, 3, 2, 2, 3, 4, 5, 1, 2, 5, 2, 5, 4, 3]"
NOAH,3.2821,1.3367,39,"[3, 4, 4, 1, 5, 3, 5, 2, 2, 2, 4, 3, 4, 2, 2, 3, 4, 2, 5, 3, 5, 2, 4, 3, 4, 5, 2, 5, 5, 1, 5, 5, 4, 2, 3, 2, 1, 2, 5]"
NOIR,2.5135,1.4457,37,"[1, 5, 1, 2, 5, 1, 2, 3, 3, 2, 2, 1, 2, 4, 5, 1, 5, 2, 5, 1, 3, 3, 5, 3, 1, 2, 1, 1, 2, 2, 1, 1, 3, 2, 3, 5, 2]"
NONFAT,2.0811,0.9243,37,"[5, 3, 2, 1, 2, 2, 2, 3, 2, 1, 2, 2, 2, 2, 3, 3, 2, 1, 2, 4, 2, 2, 1, 2, 4, 1, 2, 3, 2, 1, 2, 1, 1, 2, 2, 1, 2]"
NOON,2.5,1.0891,44,"[2, 5, 2, 3, 2, 3, 2, 2, 1, 2, 2, 4, 2, 1, 2, 3, 1, 3, 1, 2, 1, 2, 3, 5, 2, 2, 3, 3, 3, 2, 3, 1, 2, 4, 5, 2, 2, 2, 4, 2, 4, 2, 4, 2]"
NOSTRILS,3.6667,1.2968,45,"[4, 5, 5, 4, 2, 4, 2, 2, 4, 5, 2, 5, 5, 5, 2, 5, 4, 4, 5, 2, 5, 2, 3, 5, 4, 2, 4, 5, 4, 2, 3, 5, 2, 4, 5, 2, 2, 5, 2, 5, 2, 5, 2, 5, 4]"
NOTCH,3.2895,1.1368,38,"[2, 2, 4, 2, 4, 4, 5, 4, 2, 5, 4, 4, 2, 3, 4, 2, 2, 5, 3, 2, 3, 4, 2, 4, 4, 3, 4, 2, 4, 2, 4, 4, 5, 2, 5, 3, 1, 4]"
NOTE,3.6944,1.2147,36,"[2, 5, 5, 4, 2, 4, 5, 5, 4, 2, 5, 5, 2, 4, 3, 5, 5, 4, 3, 2, 3, 4, 5, 3, 3, 2, 5, 2, 5, 5, 4, 3, 2, 4, 5, 2]"
NOVELTY,2.2162,1.1337,37,"[5, 3, 1, 2, 3, 5, 2, 3, 1, 2, 2, 1, 1, 5, 3, 2, 3, 2, 1, 1, 4, 2, 2, 1, 2, 2, 2, 2, 2, 1, 1, 2, 3, 2, 1, 3, 2]"
NUISANCE,2.3056,0.9508,36,"[2, 4, 3, 2, 2, 2, 2, 2, 1, 2, 2, 3, 2, 3, 3, 1, 3, 1, 1, 2, 3, 4, 3, 3, 3, 2, 3, 2, 1, 5, 1, 2, 2, 2, 3, 1]"
NUMEROUS,2.6667,1.1212,36,"[1, 2, 4, 3, 2, 3, 5, 1, 2, 2, 3, 4, 2, 2, 2, 2, 3, 3, 1, 2, 4, 4, 5, 4, 3, 2, 4, 2, 2, 3, 1, 3, 2, 3, 4, 1]"
NUTCASE,2.725,1.1764,40,"[4, 3, 2, 1, 3, 3, 2, 5, 2, 2, 1, 4, 4, 2, 2, 3, 2, 2, 4, 3, 5, 3, 2, 5, 3, 1, 2, 4, 2, 1, 2, 5, 2, 2, 2, 4, 2, 2, 2, 4]"
OAT,3.7,1.2445,40,"[5, 4, 5, 5, 4, 5, 5, 5, 2, 2, 3, 4, 5, 2, 2, 4, 4, 2, 5, 3, 5, 5, 3, 4, 5, 5, 2, 4, 4, 1, 3, 5, 4, 2, 4, 3, 2, 4, 2, 5]"
OATHS,2.0811,0.9243,37,"[5, 3, 2, 1, 2, 3, 2, 2, 1, 3, 1, 2, 1, 2, 4, 2, 2, 1, 2, 2, 2, 2, 3, 2, 1, 1, 1, 2, 2, 1, 2, 3, 3, 3, 3, 2, 1]"
OBSESSING,1.9524,0.9866,42,"[1, 4, 2, 2, 2, 5, 2, 1, 2, 3, 3, 2, 1, 2, 1, 4, 2, 4, 1, 2, 2, 2, 1, 2, 1, 3, 1, 1, 1, 1, 2, 2, 2, 1, 2, 1, 2, 1, 2, 3, 2, 1]"
OBSOLETE,2.0,0.9428,37,"[3, 2, 1, 2, 1, 5, 1, 3, 2, 2, 2, 1, 1, 4, 1, 1, 3, 2, 2, 3, 3, 2, 1, 2, 1, 2, 2, 1, 2, 2, 1, 1, 3, 2, 3, 2, 2]"
OBSTINATE,1.8571,0.8991,42,"[3, 2, 2, 2, 2, 5, 2, 1, 2, 1, 2, 2, 1, 2, 1, 4, 2, 3, 2, 2, 1, 2, 2, 2, 1, 3, 3, 1, 1, 1, 2, 2, 1, 1, 2, 1, 2, 1, 1, 3, 1, 1]"
OBSTRUCTION,2.75,1.1052,36,"[1, 5, 2, 4, 2, 3, 4, 2, 3, 2, 3, 3, 2, 3, 3, 4, 3, 2, 2, 2, 2, 4, 4, 4, 2, 2, 5, 2, 1, 5, 1, 3, 2, 2, 3, 2]"
ODESSA,2.2778,1.1113,36,"[1, 3, 4, 2, 2, 1, 2, 5, 1, 2, 5, 3, 2, 1, 4, 2, 1, 2, 1, 2, 2, 1, 2, 2, 3, 2, 1, 2, 3, 3, 1, 4, 2, 2, 3, 3]"
ODIN,2.3077,1.2805,39,"[3, 4, 3, 1, 2, 2, 1, 1, 2, 2, 4, 1, 2, 2, 1, 3, 2, 5, 3, 1, 1, 4, 5, 3, 1, 2, 4, 1, 1, 4, 5, 2, 2, 1, 3, 2, 1, 2, 1]"
OFFER,2.0556,1.0126,36,"[5, 2, 2, 2, 3, 2, 3, 2, 3, 2, 2, 1, 2, 2, 2, 2, 1, 1, 1, 2, 1, 4, 2, 1, 1, 1, 2, 2, 4, 2, 3, 1, 2, 4, 1, 1]"
OGLED,2.5556,0.9394,36,"[2, 4, 2, 3, 2, 3, 2, 3, 2, 3, 3, 2, 2, 2, 3, 3, 2, 1, 3, 3, 2, 3, 1, 2, 1, 1, 3, 3, 4, 2, 3, 4, 5, 2, 4, 2]"
OGRE,3.5111,1.2725,45,"[5, 5, 4, 4, 2, 4, 2, 2, 5, 4, 2, 5, 4, 4, 2, 5, 5, 3, 3, 2, 5, 2, 3, 5, 4, 2, 4, 4, 4, 2, 3, 5, 2, 2, 5, 2, 2, 5, 2, 5, 2, 5, 2, 5, 4]"
OIL,4.0256,1.2028,39,"[2, 5, 4, 5, 4, 4, 5, 5, 5, 5, 4, 4, 2, 4, 5, 2, 5, 2, 4, 5, 2, 5, 5, 2, 4, 5, 5, 5, 2, 5, 2, 5, 5, 4, 2, 5, 4, 4, 5]"
OLDEST,2.6047,0.8767,43,"[4, 2, 2, 3, 3, 3, 1, 3, 2, 3, 4, 2, 3, 2, 4, 1, 2, 4, 2, 3, 3, 3, 2, 4, 2, 2, 2, 3, 2, 2, 1, 2, 2, 3, 2, 3, 2, 4, 4, 2, 2, 4, 3]"
OLDIE,2.3056,0.9202,36,"[5, 3, 2, 1, 3, 2, 3, 2, 3, 3, 2, 1, 2, 1, 3, 2, 1, 2, 2, 2, 2, 3, 2, 1, 1, 2, 2, 3, 2, 2, 3, 3, 2, 4, 4, 2]"
OLIVE,4.1081,1.2863,37,"[5, 4, 4, 2, 5, 5, 5, 3, 5, 2, 5, 5, 5, 2, 5, 2, 5, 2, 5, 5, 5, 5, 5, 4, 5, 2, 5, 4, 2, 5, 5, 5, 5, 2, 5, 5, 2]"
ONBOARD,2.3846,0.8148,39,"[2, 2, 4, 2, 3, 3, 2, 2, 2, 3, 2, 3, 2, 2, 2, 2, 1, 2, 3, 4, 2, 3, 1, 2, 2, 4, 2, 3, 2, 3, 2, 3, 3, 4, 2, 2, 1, 1, 3]"
ONCOLOGY,2.2791,1.1196,43,"[2, 2, 2, 2, 4, 1, 1, 2, 1, 2, 5, 2, 3, 2, 2, 4, 2, 2, 2, 1, 2, 5, 2, 4, 2, 1, 2, 4, 1, 2, 3, 2, 1, 1, 2, 1, 2, 2, 3, 2, 2, 5, 3]"
ONCOMING,2.575,1.1068,40,"[3, 2, 3, 3, 3, 2, 3, 2, 2, 2, 1, 1, 3, 2, 2, 4, 3, 2, 4, 1, 1, 2, 3, 4, 3, 1, 2, 4, 2, 1, 4, 5, 4, 2, 2, 5, 2, 2, 2, 4]"
OOPS,2.1892,1.1747,37,"[2, 5, 1, 2, 4, 3, 1, 4, 3, 2, 2, 1, 1, 2, 4, 3, 5, 2, 1, 1, 2, 1, 2, 2, 1, 2, 1, 3, 2, 4, 1, 1, 2, 2, 1, 3, 2]"
OPERATE,2.6258,1.0055,318,"[5, 3, 2, 3, 1, 4, 1, 2, 2, 2, 2, 1, 3, 2, 2, 3, 3, 2, 2, 1, 3, 3, 4, 3, 2, 1, 2, 4, 3, 3, 3, 5, 2, 2, 3, 2, 3, 2, 4, 4, 3, 2, 3, 3, 5, 2, 3, 3, 3, 5, 2, 1, 2, 3, 2, 2, 1, 2, 3, 2, 3, 5, 2, 2, 1, 2, 3, 2, 3, 2, 3, 3, 3, 3, 2, 1, 1, 5, 3, 4, 2, 3, 4, 2, 2, 2, 3, 1, 2, 3, 1, 2, 3, 3, 2, 2, 2, 3, 4, 4, 3, 2, 5, 2, 3, 5, 1, 3, 2, 2, 2, 1, 3, 3, 2, 2, 4, 5, 2, 3, 2, 4, 4, 3, 2, 2, 3, 4, 2, 3, 3, 2, 3, 2, 2, 2, 1, 3, 3, 2, 5, 2, 2, 2, 3, 1, 5, 2, 2, 1, 2, 4, 3, 2, 2, 1, 1, 3, 2, 3, 2, 2, 2, 2, 2, 3, 3, 2, 2, 3, 1, 3, 2, 2, 1, 2, 3, 3, 2, 2, 4, 3, 2, 2, 2, 1, 2, 4, 5, 2, 2, 3, 2, 3, 2, 5, 2, 3, 2, 3, 3, 2, 4, 3, 2, 1, 2, 2, 3, 5, 2, 4, 2, 3, 4, 2, 4, 2, 2, 2, 3, 2, 4, 2, 3, 2, 4, 2, 2, 3, 2, 3, 3, 3, 3, 2, 2, 4, 2, 2, 3, 3, 5, 2, 2, 2, 5, 5, 3, 3, 3, 2, 2, 5, 2, 4, 4, 2, 5, 2, 4, 3, 4, 3, 3, 1, 3, 2, 3, 2, 2, 3, 4, 1, 2, 2, 3, 5, 2, 2, 3, 3, 3, 3, 2, 2, 3, 2, 3, 2, 3, 2, 4, 1, 2, 1, 2, 2, 3, 2, 3, 2, 2, 2, 3, 3, 4, 2, 3, 2, 4, 4, 3, 2, 5, 2, 1, 3]"
OPPOSED,2.025,1.0497,40,"[4, 1, 1, 1, 4, 3, 1, 1, 2, 2, 1, 1, 2, 2, 2, 2, 2, 2, 5, 1, 1, 2, 2, 3, 4, 1, 2, 2, 1, 1, 1, 3, 2, 2, 2, 4, 2, 1, 2, 3]"
ORANGUTAN,3.8,1.4554,45,"[5, 5, 5, 5, 2, 5, 2, 2, 5, 5, 2, 5, 5, 4, 2, 5, 5, 5, 5, 2, 5, 2, 3, 5, 5, 2, 4, 5, 5, 2, 4, 5, 2, 1, 5, 2, 2, 5, 2, 5, 2, 5, 2, 5, 5]"
OTTER,3.8,1.3751,45,"[5, 5, 5, 5, 2, 5, 2, 2, 5, 4, 2, 5, 5, 4, 2, 5, 5, 5, 5, 2, 5, 2, 3, 5, 4, 2, 5, 5, 5, 2, 4, 5, 2, 3, 5, 2, 2, 5, 2, 5, 2, 5, 2, 5, 4]"
OUIJA,3.375,1.4796,40,"[4, 4, 4, 5, 1, 3, 4, 5, 2, 2, 5, 4, 1, 2, 2, 5, 5, 2, 5, 5, 1, 2, 4, 5, 4, 5, 2, 5, 4, 1, 3, 5, 1, 2, 4, 3, 2, 5, 2, 5]"
OUNCE,2.7381,1.1906,42,"[4, 1, 2, 2, 5, 5, 2, 3, 2, 5, 4, 4, 2, 2, 1, 5, 2, 2, 4, 2, 2, 2, 3, 2, 1, 3, 5, 3, 3, 1, 2, 2, 2, 2, 4, 2, 2, 3, 3, 3, 4, 2]"
OUTBREAK,2.4048,1.1906,42,"[5, 4, 2, 2, 5, 5, 2, 2, 2, 5, 2, 3, 1, 2, 1, 4, 2, 4, 4, 2, 2, 2, 2, 2, 1, 2, 3, 3, 1, 1, 2, 2, 2, 1, 3, 1, 2, 1, 2, 2, 3, 2]"
OUTCOME,1.9189,0.8938,37,"[3, 1, 1, 2, 1, 3, 1, 3, 3, 2, 2, 1, 1, 5, 3, 2, 3, 2, 1, 2, 2, 1, 1, 1, 2, 2, 2, 2, 2, 2, 1, 1, 2, 2, 1, 3, 2]"
OUTLAST,1.7568,0.7603,37,"[5, 2, 2, 2, 2, 2, 2, 1, 1, 1, 2, 2, 2, 2, 1, 2, 2, 1, 2, 2, 2, 2, 1, 2, 1, 1, 1, 2, 2, 1, 2, 2, 1, 3, 2, 1, 1]"
OVERBITE,3.5714,1.2126,42,"[4, 5, 2, 2, 5, 5, 2, 4, 2, 5, 2, 5, 3, 2, 4, 4, 2, 3, 4, 2, 4, 2, 5, 2, 3, 4, 5, 3, 5, 5, 2, 2, 4, 4, 4, 5, 2, 4, 5, 5, 4, 4]"
OVERDO,1.8333,0.8239,42,"[1, 2, 2, 2, 2, 5, 2, 1, 2, 4, 2, 2, 1, 2, 1, 2, 2, 2, 2, 2, 3, 2, 2, 2, 1, 2, 2, 1, 1, 1, 2, 2, 3, 1, 1, 1, 2, 1, 1, 2, 2, 1]"
OVERMAN,1.8649,0.822,37,"[1, 1, 1, 2, 1, 1, 2, 4, 2, 2, 3, 2, 3, 3, 2, 2, 3, 2, 3, 1, 2, 1, 3, 2, 1, 2, 1, 3, 2, 2, 1, 1, 1, 2, 1, 1, 2]"
OVERSEXED,2.359,0.9028,39,"[2, 3, 3, 2, 3, 1, 2, 1, 1, 3, 2, 1, 2, 4, 1, 2, 4, 2, 2, 3, 2, 2, 3, 2, 2, 4, 2, 2, 2, 4, 2, 4, 3, 3, 2, 2, 1, 3, 3]"
PACKING,3.2162,1.2278,37,"[5, 5, 2, 3, 4, 2, 2, 5, 5, 3, 5, 2, 4, 2, 4, 4, 2, 4, 3, 3, 2, 3, 5, 2, 4, 1, 2, 3, 4, 3, 2, 2, 5, 3, 5, 2, 2]"
PADDLES,3.881,1.2917,42,"[5, 5, 2, 2, 5, 5, 2, 5, 2, 5, 5, 5, 5, 2, 5, 5, 2, 4, 4, 2, 4, 2, 5, 2, 4, 5, 5, 3, 5, 4, 2, 2, 4, 4, 5, 5, 2, 5, 5, 5, 4, 4]"
PADRE,2.9487,1.1686,39,"[2, 3, 3, 1, 3, 2, 3, 2, 3, 1, 3, 3, 2, 4, 4, 2, 2, 2, 4, 2, 2, 3, 3, 2, 3, 4, 4, 5, 2, 5, 2, 4, 5, 3, 2, 5, 1, 5, 4]"
PALE,3.641,1.1118,39,"[2, 3, 5, 3, 3, 5, 4, 4, 5, 4, 5, 4, 2, 4, 4, 2, 5, 2, 5, 3, 2, 4, 4, 2, 3, 4, 5, 4, 2, 4, 2, 5, 4, 5, 2, 4, 3, 5, 4]"
PALM,4.0,1.214,39,"[2, 4, 5, 4, 4, 5, 5, 5, 5, 5, 5, 4, 2, 5, 5, 2, 5, 2, 5, 3, 2, 5, 5, 2, 5, 5, 5, 5, 2, 4, 2, 4, 4, 5, 2, 5, 4, 4, 4]"
PANDEMONIUM,2.9231,1.1784,39,"[2, 3, 4, 2, 3, 4, 3, 2, 5, 5, 2, 4, 2, 3, 2, 2, 1, 2, 5, 1, 2, 3, 3, 2, 3, 3, 4, 3, 2, 3, 2, 5, 3, 5, 2, 3, 1, 5, 3]"
PANDER,1.7692,0.742,39,"[2, 2, 2, 1, 1, 1, 2, 3, 2, 2, 2, 3, 2, 3, 1, 2, 1, 2, 1, 1, 2, 1, 2, 2, 1, 2, 1, 2, 2, 1, 2, 4, 1, 3, 2, 2, 1, 1, 1]"
PANG,1.6905,0.6044,42,"[1, 2, 1, 1, 2, 1, 3, 2, 2, 1, 1, 2, 3, 2, 2, 3, 2, 1, 2, 1, 2, 2, 2, 2, 2, 2, 2, 1, 2, 1, 2, 1, 1, 1, 2, 2, 1, 2, 2, 2, 1, 1]"
PANSY,3.1667,1.3836,36,"[1, 5, 3, 3, 2, 5, 5, 2, 3, 2, 5, 5, 2, 5, 5, 2, 5, 5, 1, 2, 3, 5, 2, 3, 4, 2, 3, 2, 3, 5, 1, 2, 2, 3, 3, 3]"
PANTRY,3.7857,1.2979,42,"[5, 5, 2, 2, 5, 5, 2, 5, 2, 5, 5, 5, 4, 2, 5, 5, 2, 3, 4, 2, 4, 2, 5, 2, 3, 5, 5, 5, 5, 4, 2, 2, 4, 3, 5, 4, 2, 4, 5, 5, 5, 3]"
PARALEGALS,2.8889,1.2137,36,"[5, 3, 2, 3, 3, 4, 2, 5, 3, 3, 4, 2, 2, 2, 3, 5, 2, 1, 3, 3, 2, 3, 1, 3, 5, 1, 4, 2, 2, 4, 2, 2, 3, 5, 4, 1]"
PARANOID,2.1628,1.0219,43,"[3, 2, 1, 1, 3, 3, 1, 2, 2, 4, 1, 2, 1, 2, 4, 2, 2, 1, 2, 2, 3, 3, 2, 4, 2, 1, 2, 2, 1, 2, 1, 2, 2, 1, 2, 1, 2, 4, 4, 2, 2, 5, 2]"
PARKER,2.1351,1.2056,37,"[1, 4, 1, 2, 3, 1, 1, 3, 1, 2, 4, 4, 1, 1, 2, 1, 5, 2, 1, 1, 3, 1, 5, 2, 1, 2, 2, 3, 2, 1, 1, 4, 2, 2, 2, 3, 2]"
PARLIAMENT,3.0556,1.1198,36,"[2, 5, 5, 2, 2, 4, 3, 5, 3, 2, 3, 4, 2, 2, 5, 2, 2, 3, 1, 2, 2, 4, 4, 3, 3, 2, 4, 2, 4, 4, 2, 4, 2, 4, 4, 3]"
PARTHENON,3.2564,1.5169,39,"[2, 5, 3, 1, 4, 3, 5, 5, 3, 3, 5, 1, 2, 2, 3, 2, 1, 2, 5, 1, 2, 5, 3, 2, 1, 5, 4, 5, 2, 5, 2, 5, 2, 5, 2, 5, 4, 5, 5]"
PARTS,3.0,1.3066,42,"[5, 3, 2, 2, 5, 5, 2, 4, 2, 3, 5, 5, 3, 2, 3, 5, 2, 3, 2, 2, 2, 2, 4, 2, 3, 2, 5, 2, 1, 4, 2, 2, 3, 3, 4, 1, 2, 1, 5, 4, 5, 2]"
PASSABLE,1.75,0.8086,40,"[4, 1, 1, 2, 2, 3, 1, 1, 2, 2, 1, 1, 4, 2, 2, 1, 1, 2, 3, 1, 1, 2, 2, 1, 2, 1, 2, 2, 1, 1, 1, 2, 2, 2, 2, 3, 2, 1, 2, 1]"
PASSION,2.2439,1.0904,41,"[4, 3, 2, 2, 2, 5, 2, 1, 2, 3, 3, 1, 1, 2, 4, 2, 4, 3, 2, 3, 2, 4, 2, 1, 3, 3, 1, 1, 1, 2, 2, 4, 1, 3, 2, 2, 1, 1, 3, 1, 1]"
PASTELS,3.5476,1.2917,42,"[5, 5, 2, 2, 4, 5, 2, 4, 2, 4, 4, 5, 5, 2, 4, 4, 2, 3, 4, 2, 4, 2, 5, 2, 3, 4, 5, 5, 1, 5, 2, 2, 5, 3, 5, 4, 2, 5, 2, 5, 4, 4]"
PASTURE,3.8947,1.3313,38,"[2, 3, 4, 3, 5, 5, 5, 5, 5, 2, 5, 5, 2, 2, 5, 2, 5, 2, 4, 5, 2, 5, 5, 2, 5, 5, 5, 5, 2, 2, 5, 5, 5, 2, 5, 4, 4, 4]"
PATHETIC,2.1429,0.8431,42,"[2, 2, 2, 1, 3, 2, 1, 2, 2, 3, 2, 2, 1, 2, 4, 1, 2, 2, 2, 2, 2, 3, 2, 3, 2, 3, 2, 2, 2, 2, 1, 2, 2, 1, 2, 3, 2, 4, 5, 2, 2, 1]"
PATRICK,2.4103,1.2078,39,"[2, 3, 2, 2, 3, 5, 2, 4, 5, 2, 2, 3, 2, 2, 5, 2, 1, 2, 3, 3, 2, 1, 1, 2, 1, 4, 2, 1, 2, 2, 2, 1, 5, 4, 2, 2, 1, 1, 3]"
PATTERNS,3.381,1.2288,42,"[4, 5, 2, 2, 3, 5, 2, 3, 2, 4, 5, 5, 2, 2, 3, 4, 2, 3, 2, 2, 3, 2, 5, 2, 3, 4, 5, 4, 5, 4, 2, 2, 5, 4, 5, 2, 2, 5, 3, 4, 5, 4]"
PAUL,2.6667,1.2189,36,"[2, 2, 5, 4, 2, 1, 2, 5, 2, 2, 4, 3, 2, 2, 5, 2, 3, 4, 2, 2, 2, 1, 2, 4, 4, 2, 2, 2, 5, 1, 1, 3, 2, 4, 2, 3]"
PAWNEE,2.2222,1.1738,36,"[3, 2, 2, 4, 2, 1, 1, 3, 2, 2, 4, 1, 2, 1, 2, 4, 1, 3, 1, 2, 1, 5, 2, 1, 2, 2, 2, 2, 4, 1, 1, 3, 2, 3, 5, 1]"
PAX,1.6,0.7089,40,"[2, 3, 1, 1, 1, 1, 1, 1, 2, 2, 1, 1, 1, 2, 2, 1, 2, 2, 3, 1, 1, 1, 1, 1, 2, 1, 2, 4, 1, 1, 2, 2, 2, 2, 1, 2, 2, 2, 2, 1]"
PEACHY,2.1333,0.9677,45,"[2, 1, 3, 2, 2, 2, 2, 2, 1, 2, 2, 1, 1, 1, 2, 4, 1, 2, 1, 2, 1, 2, 3, 4, 2, 2, 1, 3, 2, 2, 2, 1, 2, 3, 5, 2, 2, 3, 2, 3, 2, 1, 2, 4, 4]"
PEALING,2.7568,1.3825,37,"[5, 3, 1, 2, 3, 2, 1, 3, 1, 2, 3, 4, 2, 5, 4, 1, 5, 2, 1, 5, 4, 3, 3, 1, 2, 2, 3, 3, 2, 4, 1, 5, 5, 2, 1, 4, 2]"
PEAR,4.3243,1.2484,37,"[5, 5, 2, 5, 5, 5, 2, 5, 5, 5, 5, 2, 4, 2, 5, 5, 2, 5, 5, 5, 2, 5, 5, 2, 5, 5, 5, 5, 5, 5, 2, 5, 5, 5, 5, 5, 5]"
PECK,3.1163,0.981,43,"[3, 3, 5, 4, 5, 4, 3, 3, 2, 3, 5, 2, 3, 2, 4, 5, 2, 3, 2, 4, 4, 3, 2, 3, 2, 3, 2, 4, 4, 2, 2, 2, 3, 3, 3, 4, 2, 3, 4, 2, 2, 4, 4]"
PEDDLE,2.9459,1.2006,37,"[5, 4, 2, 4, 4, 4, 2, 5, 3, 4, 5, 2, 3, 2, 2, 5, 2, 1, 1, 3, 2, 3, 1, 2, 3, 1, 3, 3, 4, 2, 2, 3, 4, 4, 4, 3, 2]"
PEEBLES,2.2564,1.4639,39,"[2, 1, 1, 5, 3, 1, 1, 1, 1, 1, 2, 1, 2, 1, 2, 2, 5, 2, 2, 5, 2, 1, 1, 2, 4, 5, 1, 5, 2, 2, 2, 2, 1, 3, 2, 5, 1, 5, 1]"
PEELERS,2.7436,1.2294,39,"[2, 1, 3, 1, 3, 4, 5, 4, 2, 4, 4, 2, 2, 3, 2, 2, 1, 2, 2, 3, 2, 4, 4, 2, 1, 4, 2, 5, 2, 4, 2, 4, 3, 1, 2, 5, 3, 4, 1]"
PEGGED,2.4048,1.1275,42,"[2, 3, 2, 2, 3, 5, 2, 1, 2, 4, 2, 5, 1, 2, 2, 3, 2, 2, 1, 2, 2, 2, 4, 2, 2, 2, 5, 1, 5, 3, 2, 2, 3, 1, 3, 1, 2, 1, 3, 2, 2, 3]"
PELLETS,3.7778,1.2447,36,"[5, 5, 2, 5, 4, 4, 2, 4, 5, 5, 4, 2, 4, 2, 5, 5, 2, 2, 4, 2, 2, 4, 3, 2, 5, 4, 3, 4, 5, 2, 5, 5, 5, 5, 5, 4]"
PENAL,2.1667,1.0101,42,"[2, 4, 2, 2, 2, 5, 2, 3, 2, 1, 2, 2, 1, 2, 1, 5, 2, 3, 2, 2, 2, 2, 4, 2, 1, 1, 2, 1, 3, 1, 2, 2, 2, 1, 3, 3, 2, 2, 3, 1, 1, 3]"
PENCHANT,1.7381,0.8571,42,"[1, 2, 2, 2, 3, 3, 2, 1, 2, 2, 4, 1, 1, 2, 1, 1, 2, 1, 2, 2, 1, 2, 2, 2, 2, 1, 2, 1, 5, 1, 2, 2, 1, 1, 2, 1, 2, 2, 1, 1, 1, 1]"
PEP,2.0909,0.8844,44,"[2, 1, 3, 3, 2, 2, 2, 2, 2, 2, 2, 3, 1, 2, 2, 1, 1, 1, 2, 1, 2, 3, 4, 2, 2, 1, 1, 2, 2, 2, 1, 2, 2, 5, 2, 2, 4, 2, 3, 2, 1, 2, 3, 3]"
PERHAPS,1.359,0.486,39,"[2, 1, 1, 2, 1, 1, 1, 1, 1, 2, 1, 2, 2, 1, 1, 2, 1, 2, 1, 2, 2, 1, 1, 2, 1, 1, 1, 1, 2, 2, 2, 1, 1, 1, 2, 1, 1, 1, 1]"
PERJURY,2.1389,0.9305,36,"[1, 4, 3, 3, 2, 2, 3, 2, 3, 2, 3, 1, 2, 1, 2, 2, 2, 1, 1, 2, 3, 1, 5, 1, 3, 3, 3, 2, 2, 2, 1, 2, 2, 2, 2, 1]"
PERKY,2.6977,0.8319,43,"[3, 3, 3, 2, 3, 3, 2, 3, 2, 4, 3, 2, 4, 2, 2, 1, 2, 3, 2, 3, 4, 2, 2, 3, 2, 2, 2, 3, 3, 2, 4, 2, 3, 2, 4, 3, 2, 4, 5, 2, 2, 3, 3]"
PERMISSIBLE,1.5897,0.6373,39,"[2, 1, 2, 2, 4, 1, 1, 1, 2, 2, 1, 1, 2, 2, 2, 1, 2, 2, 1, 1, 1, 1, 2, 1, 2, 1, 2, 2, 1, 1, 2, 2, 2, 2, 1, 2, 1, 2, 1]"
PERP,2.4872,0.914,39,"[2, 2, 3, 3, 3, 2, 1, 3, 1, 3, 2, 2, 2, 4, 4, 2, 1, 2, 2, 1, 2, 3, 3, 2, 2, 3, 4, 3, 2, 3, 2, 3, 4, 3, 2, 4, 2, 1, 4]"
PERSECUTIONS,2.1333,0.8686,45,"[2, 1, 1, 5, 2, 2, 2, 2, 1, 2, 2, 2, 2, 3, 2, 1, 1, 2, 2, 2, 1, 2, 3, 4, 2, 2, 1, 2, 2, 2, 2, 1, 2, 3, 4, 2, 2, 3, 2, 4, 2, 2, 2, 3, 2]"
PERSISTENCE,2.1714,0.7854,35,"[2, 3, 1, 3, 2, 1, 2, 2, 2, 2, 2, 2, 2, 4, 2, 2, 2, 1, 2, 4, 2, 4, 3, 3, 2, 2, 2, 2, 3, 1, 2, 2, 2, 2, 1]"
PERSONNEL,2.5833,0.9964,36,"[1, 3, 4, 3, 2, 4, 3, 4, 2, 2, 3, 3, 2, 3, 2, 3, 2, 3, 1, 2, 3, 1, 3, 2, 3, 2, 5, 2, 5, 2, 1, 2, 2, 3, 3, 2]"
PERTURBED,2.1778,0.8336,45,"[1, 3, 2, 3, 2, 3, 2, 2, 3, 2, 2, 3, 2, 1, 2, 1, 1, 2, 1, 2, 1, 2, 3, 3, 2, 2, 3, 2, 2, 2, 2, 1, 2, 3, 5, 2, 2, 3, 2, 3, 2, 1, 2, 4, 2]"
PERU,3.4359,1.2311,39,"[2, 3, 3, 3, 3, 5, 5, 3, 5, 4, 3, 4, 2, 4, 5, 2, 5, 2, 5, 3, 2, 1, 3, 2, 3, 5, 5, 3, 2, 5, 2, 3, 5, 5, 2, 5, 3, 4, 3]"
PERUSE,2.2703,1.071,37,"[3, 4, 1, 2, 4, 3, 2, 4, 3, 2, 2, 1, 1, 5, 3, 2, 5, 2, 1, 1, 3, 2, 2, 2, 1, 2, 2, 2, 2, 2, 2, 1, 2, 2, 1, 3, 2]"
PESKY,1.9231,0.7741,39,"[3, 2, 2, 2, 2, 3, 1, 4, 2, 2, 1, 1, 1, 2, 2, 2, 2, 1, 1, 1, 2, 1, 2, 2, 1, 2, 2, 2, 1, 2, 4, 3, 2, 1, 2, 2, 2, 2, 3]"
PEYTON,2.2857,1.2354,42,"[1, 3, 2, 2, 3, 2, 2, 1, 2, 1, 2, 5, 1, 2, 1, 1, 2, 1, 3, 2, 3, 2, 3, 2, 1, 2, 3, 2, 1, 1, 2, 2, 2, 4, 5, 4, 2, 5, 1, 5, 1, 4]"
PHEW,2.1351,1.1096,37,"[1, 5, 2, 2, 4, 2, 1, 4, 2, 2, 1, 1, 1, 2, 4, 2, 5, 2, 1, 2, 2, 1, 1, 2, 2, 2, 2, 3, 2, 1, 1, 3, 3, 2, 1, 3, 2]"
PHILADELPHIA,3.5714,1.346,42,"[4, 3, 2, 2, 5, 5, 2, 5, 2, 5, 5, 5, 5, 2, 3, 5, 2, 5, 5, 2, 5, 2, 5, 2, 1, 4, 3, 5, 4, 3, 2, 2, 3, 5, 5, 4, 2, 2, 5, 4, 4, 4]"
PHOEBE,2.1628,1.0896,43,"[5, 2, 2, 2, 1, 1, 1, 3, 2, 1, 5, 2, 2, 2, 2, 5, 2, 1, 2, 3, 2, 4, 2, 3, 2, 2, 2, 3, 1, 2, 1, 2, 2, 2, 1, 1, 2, 1, 4, 2, 2, 1, 3]"
PHOTOS,3.814,1.3497,43,"[5, 3, 5, 4, 5, 3, 3, 5, 2, 5, 5, 2, 3, 2, 5, 5, 2, 5, 2, 5, 5, 5, 2, 5, 2, 4, 2, 5, 5, 2, 5, 2, 4, 5, 4, 5, 2, 5, 5, 2, 2, 5, 5]"
PHYLLIS,2.2857,1.1952,42,"[1, 3, 2, 2, 2, 3, 2, 3, 2, 2, 4, 5, 1, 2, 1, 1, 2, 1, 2, 2, 3, 2, 4, 2, 1, 3, 2, 1, 3, 4, 2, 2, 3, 1, 1, 4, 2, 5, 1, 5, 1, 1]"
PHYSICAL,2.3095,0.9497,42,"[3, 2, 2, 2, 2, 5, 2, 3, 2, 4, 3, 5, 1, 2, 2, 3, 2, 3, 2, 2, 1, 2, 3, 2, 1, 3, 3, 1, 1, 3, 2, 2, 3, 2, 3, 2, 2, 1, 1, 3, 2, 2]"
PI,2.9,1.3923,40,"[5, 3, 2, 4, 2, 2, 1, 5, 2, 2, 3, 2, 1, 2, 2, 3, 5, 2, 5, 3, 1, 1, 5, 5, 2, 5, 2, 3, 3, 5, 3, 5, 1, 2, 5, 3, 2, 2, 2, 3]"
PICARD,2.55,1.4491,40,"[1, 4, 1, 5, 1, 2, 1, 5, 2, 3, 1, 1, 4, 2, 2, 1, 3, 2, 5, 4, 1, 4, 4, 1, 3, 1, 2, 4, 2, 1, 5, 5, 3, 2, 1, 2, 2, 2, 2, 5]"
PICKET,3.2381,1.2059,42,"[5, 5, 2, 2, 5, 5, 2, 4, 2, 3, 4, 5, 1, 2, 3, 4, 2, 4, 4, 2, 3, 2, 5, 2, 2, 3, 4, 4, 1, 4, 2, 2, 4, 3, 4, 4, 2, 5, 4, 4, 3, 3]"
PICTURING,2.2162,1.0576,37,"[5, 2, 2, 3, 3, 2, 2, 3, 1, 3, 1, 2, 2, 2, 1, 2, 2, 1, 1, 1, 2, 2, 4, 2, 1, 4, 2, 2, 3, 3, 2, 3, 2, 2, 5, 1, 1]"
PIGEON,4.359,1.2245,39,"[2, 5, 5, 5, 5, 5, 5, 5, 5, 5, 5, 5, 2, 5, 5, 2, 5, 2, 5, 5, 2, 5, 5, 2, 5, 5, 5, 5, 4, 5, 2, 5, 5, 5, 2, 5, 5, 5, 5]"
PIGHEADED,2.4651,1.0544,43,"[2, 2, 1, 2, 3, 3, 2, 3, 2, 3, 1, 2, 3, 2, 4, 3, 2, 4, 2, 5, 4, 2, 2, 4, 2, 2, 2, 2, 2, 2, 1, 2, 2, 1, 3, 1, 2, 4, 4, 3, 2, 5, 1]"
PIGSKIN,3.3409,1.293,44,"[5, 3, 5, 5, 2, 3, 2, 2, 3, 4, 2, 5, 4, 3, 2, 5, 4, 2, 5, 2, 5, 2, 3, 5, 4, 2, 3, 4, 4, 2, 2, 2, 2, 5, 2, 2, 5, 2, 5, 2, 5, 2, 5, 4]"
PILGRIM,4.027,1.258,37,"[5, 5, 2, 5, 4, 5, 2, 5, 4, 4, 5, 2, 5, 2, 5, 5, 2, 4, 4, 5, 2, 5, 4, 2, 5, 4, 5, 5, 5, 2, 2, 5, 5, 5, 5, 3, 5]"
PILLOW,4.0238,1.3879,42,"[5, 5, 5, 5, 5, 5, 5, 5, 2, 5, 5, 2, 4, 2, 4, 5, 2, 5, 2, 5, 5, 5, 2, 5, 2, 5, 2, 5, 5, 2, 5, 2, 5, 5, 5, 5, 2, 5, 5, 2, 2, 5]"
PINCHED,3.3056,1.2147,36,"[4, 3, 3, 2, 3, 5, 3, 3, 4, 2, 4, 4, 4, 4, 2, 5, 2, 1, 5, 5, 3, 4, 4, 3, 2, 3, 5, 2, 2, 1, 5, 5, 2, 4, 4, 2]"
PINNACLES,2.8649,1.1096,37,"[4, 4, 4, 2, 5, 5, 3, 4, 2, 2, 2, 3, 3, 4, 3, 2, 5, 2, 4, 1, 3, 2, 4, 2, 5, 2, 2, 3, 2, 2, 2, 2, 2, 2, 2, 2, 3]"
PINTS,3.2326,1.1718,43,"[4, 3, 4, 4, 5, 4, 2, 5, 2, 2, 5, 2, 3, 2, 4, 5, 2, 4, 2, 3, 5, 4, 2, 4, 2, 3, 2, 4, 5, 2, 4, 2, 3, 3, 4, 4, 2, 1, 3, 2, 2, 4, 5]"
PIRANHA,4.2162,1.2939,37,"[5, 5, 2, 5, 5, 5, 2, 5, 5, 5, 5, 2, 5, 2, 5, 5, 2, 4, 5, 5, 2, 5, 5, 2, 5, 5, 5, 5, 5, 5, 2, 5, 5, 5, 2, 5, 4]"
PLACARDS,3.4595,1.3662,37,"[2, 5, 2, 5, 2, 5, 2, 4, 5, 5, 5, 2, 4, 2, 4, 5, 2, 4, 4, 4, 2, 4, 1, 2, 4, 1, 4, 2, 4, 5, 2, 4, 5, 5, 2, 5, 3]"
PLAGUED,2.2558,0.8192,43,"[2, 2, 2, 3, 3, 3, 2, 2, 2, 2, 2, 2, 3, 2, 4, 1, 2, 2, 2, 3, 2, 3, 2, 4, 2, 2, 2, 2, 2, 2, 1, 2, 2, 1, 2, 1, 2, 4, 5, 2, 2, 2, 2]"
PLAINS,3.359,1.2028,39,"[2, 3, 4, 2, 3, 4, 5, 5, 4, 1, 5, 3, 2, 4, 5, 2, 3, 2, 4, 2, 2, 2, 4, 2, 3, 4, 4, 3, 2, 5, 2, 4, 5, 4, 2, 5, 4, 5, 4]"
PLANT,4.2222,1.1738,36,"[5, 5, 5, 4, 2, 4, 5, 5, 5, 2, 5, 5, 2, 4, 5, 5, 5, 5, 5, 2, 5, 4, 5, 5, 4, 2, 5, 2, 5, 5, 5, 4, 2, 4, 5, 5]"
PLAYED,2.6944,1.0907,36,"[3, 4, 2, 3, 2, 3, 3, 4, 2, 2, 2, 2, 2, 2, 4, 1, 3, 3, 1, 2, 3, 5, 5, 2, 2, 3, 4, 2, 2, 5, 1, 2, 2, 2, 4, 3]"
PLAYER,3.5278,1.1335,36,"[5, 3, 5, 4, 2, 4, 4, 4, 3, 2, 5, 3, 2, 3, 5, 4, 3, 3, 2, 2, 3, 4, 4, 4, 4, 3, 5, 2, 5, 5, 2, 2, 2, 4, 5, 5]"
PLEASURES,2.6216,1.255,37,"[5, 2, 2, 2, 1, 4, 1, 3, 3, 2, 2, 2, 1, 5, 4, 2, 5, 2, 1, 4, 3, 2, 2, 2, 2, 2, 3, 2, 2, 4, 1, 5, 3, 2, 2, 5, 2]"
PLIABLE,2.4889,0.9682,45,"[3, 3, 4, 2, 2, 2, 2, 2, 3, 3, 2, 4, 2, 1, 2, 3, 1, 2, 2, 2, 1, 2, 3, 4, 3, 2, 2, 2, 3, 2, 3, 1, 2, 4, 5, 2, 2, 5, 2, 2, 2, 3, 2, 4, 2]"
PLUMBER,4.027,1.3014,37,"[5, 3, 5, 2, 5, 5, 4, 4, 5, 2, 5, 5, 5, 3, 5, 1, 5, 2, 5, 5, 5, 4, 5, 3, 5, 2, 4, 4, 2, 5, 5, 5, 5, 2, 5, 5, 2]"
PLUTO,3.4667,1.2173,45,"[5, 3, 4, 5, 2, 3, 2, 2, 3, 3, 2, 4, 4, 3, 2, 5, 4, 3, 4, 2, 5, 2, 3, 5, 3, 2, 4, 5, 4, 2, 5, 5, 2, 4, 5, 2, 2, 5, 2, 5, 2, 5, 3, 5, 4]"
POCKETKNIFE,4.0811,1.2991,37,"[5, 1, 5, 2, 5, 5, 5, 4, 5, 2, 5, 5, 5, 4, 5, 3, 4, 2, 5, 5, 5, 4, 5, 3, 5, 2, 5, 5, 2, 4, 5, 5, 5, 2, 5, 5, 2]"
POE,2.75,1.1802,36,"[1, 3, 5, 3, 2, 3, 2, 5, 2, 2, 5, 3, 2, 3, 5, 2, 3, 3, 1, 2, 1, 3, 2, 4, 2, 3, 3, 2, 5, 3, 1, 4, 2, 2, 3, 2]"
POET,2.9722,1.1335,36,"[1, 5, 4, 3, 2, 3, 3, 3, 2, 2, 3, 3, 2, 3, 5, 4, 3, 3, 2, 2, 4, 4, 5, 3, 3, 4, 5, 2, 5, 2, 1, 2, 2, 2, 2, 3]"
POINTLESS,1.7129,0.7973,317,"[2, 1, 3, 1, 2, 1, 2, 2, 2, 1, 1, 1, 2, 2, 1, 1, 2, 3, 1, 1, 3, 2, 2, 2, 1, 2, 2, 1, 1, 1, 3, 2, 2, 1, 5, 2, 1, 2, 1, 2, 2, 2, 1, 1, 2, 2, 1, 1, 2, 1, 2, 1, 2, 1, 2, 2, 1, 1, 2, 2, 1, 1, 2, 1, 1, 1, 2, 2, 1, 2, 1, 1, 2, 5, 2, 1, 3, 4, 4, 2, 2, 2, 2, 1, 2, 2, 1, 2, 3, 1, 2, 2, 1, 1, 2, 4, 2, 3, 1, 2, 2, 1, 2, 1, 2, 1, 2, 2, 2, 2, 1, 2, 3, 2, 2, 2, 3, 2, 1, 2, 3, 2, 1, 1, 2, 1, 3, 2, 2, 1, 2, 2, 2, 2, 2, 1, 2, 1, 1, 1, 2, 2, 2, 1, 1, 2, 1, 2, 1, 1, 1, 1, 1, 2, 1, 1, 2, 2, 1, 2, 2, 1, 1, 2, 1, 1, 1, 2, 1, 1, 3, 1, 2, 1, 2, 3, 2, 2, 2, 1, 2, 2, 2, 2, 1, 2, 4, 5, 2, 2, 2, 2, 2, 2, 1, 2, 1, 2, 1, 2, 1, 1, 1, 1, 1, 2, 2, 2, 2, 2, 1, 2, 4, 1, 2, 1, 2, 1, 1, 1, 2, 2, 2, 1, 2, 1, 1, 2, 1, 2, 2, 1, 1, 1, 2, 1, 2, 2, 2, 1, 1, 5, 1, 1, 2, 1, 5, 1, 4, 1, 2, 2, 1, 1, 2, 2, 2, 2, 2, 2, 1, 2, 3, 1, 2, 1, 2, 1, 1, 2, 1, 1, 1, 3, 2, 1, 4, 2, 2, 1, 2, 2, 1, 1, 3, 1, 1, 2, 2, 2, 2, 1, 1, 2, 1, 2, 2, 3, 2, 1, 1, 2, 1, 1, 1, 1, 2, 1, 1, 2, 1, 2, 2, 1, 1, 1, 1]"
POLAR,2.9302,1.0997,43,"[4, 2, 4, 3, 5, 4, 4, 4, 2, 2, 4, 2, 3, 2, 3, 3, 2, 3, 2, 5, 1, 4, 2, 3, 2, 1, 2, 3, 3, 2, 4, 2, 2, 2, 3, 4, 2, 4, 5, 2, 2, 5, 3]"
POLAROIDS,3.8378,1.302,37,"[5, 5, 2, 5, 5, 4, 2, 4, 5, 1, 5, 2, 4, 2, 5, 5, 2, 4, 5, 3, 2, 4, 2, 2, 5, 4, 4, 4, 5, 5, 2, 4, 5, 5, 5, 5, 4]"
POLICEMEN,4.0233,1.3885,43,"[5, 5, 3, 5, 5, 5, 5, 5, 2, 5, 5, 2, 4, 2, 5, 5, 2, 5, 2, 5, 5, 5, 2, 5, 2, 5, 2, 5, 5, 2, 5, 2, 5, 5, 5, 5, 2, 5, 5, 2, 2, 5, 5]"
POLICIES,1.7297,0.6932,37,"[2, 1, 2, 2, 3, 2, 2, 2, 1, 1, 1, 2, 2, 2, 2, 2, 2, 1, 1, 2, 2, 1, 2, 2, 1, 1, 1, 2, 2, 4, 2, 1, 1, 2, 3, 1, 1]"
POLKA,3.2857,1.2265,35,"[2, 5, 5, 3, 2, 2, 5, 4, 2, 2, 4, 2, 3, 5, 4, 3, 4, 2, 2, 4, 4, 4, 4, 4, 1, 4, 2, 4, 5, 3, 4, 2, 3, 5, 1]"
POLLY,2.0,0.9733,39,"[2, 2, 2, 1, 3, 5, 1, 3, 3, 2, 1, 2, 2, 1, 3, 2, 1, 2, 3, 2, 2, 1, 1, 2, 1, 4, 1, 1, 2, 1, 2, 1, 3, 3, 2, 1, 1, 3, 3]"
POM,2.4595,1.3662,37,"[5, 3, 2, 5, 2, 3, 2, 4, 1, 4, 3, 2, 2, 2, 4, 2, 2, 1, 2, 1, 2, 3, 1, 2, 4, 1, 5, 5, 1, 1, 2, 1, 1, 2, 2, 5, 1]"
PONGO,2.1667,1.4442,36,"[5, 2, 2, 5, 4, 5, 2, 5, 1, 1, 1, 2, 1, 2, 1, 2, 2, 1, 5, 1, 2, 1, 1, 2, 1, 2, 2, 2, 1, 2, 1, 1, 3, 5, 1, 1]"
POODLE,4.1041,1.3259,317,"[5, 5, 5, 5, 5, 5, 5, 5, 1, 2, 5, 5, 5, 2, 2, 5, 5, 2, 5, 5, 5, 5, 5, 5, 5, 5, 2, 5, 5, 3, 5, 5, 5, 2, 5, 3, 2, 5, 2, 5, 5, 5, 2, 5, 5, 5, 2, 5, 5, 5, 5, 2, 4, 2, 5, 5, 2, 5, 5, 5, 2, 5, 5, 2, 5, 5, 5, 5, 5, 5, 2, 5, 5, 5, 5, 5, 5, 5, 5, 3, 2, 5, 5, 5, 5, 2, 5, 5, 2, 5, 5, 5, 5, 5, 4, 2, 3, 5, 5, 5, 4, 2, 5, 2, 5, 5, 5, 4, 2, 4, 5, 5, 5, 5, 2, 2, 5, 5, 2, 5, 2, 5, 5, 5, 5, 2, 5, 5, 2, 5, 5, 2, 4, 2, 5, 2, 3, 5, 5, 5, 5, 5, 2, 2, 5, 5, 5, 5, 2, 5, 5, 5, 5, 5, 5, 5, 5, 5, 2, 5, 2, 2, 5, 5, 2, 5, 5, 4, 2, 5, 5, 5, 5, 2, 5, 2, 3, 5, 4, 1, 4, 5, 5, 2, 4, 5, 2, 2, 5, 2, 2, 5, 2, 5, 2, 5, 2, 5, 4, 5, 5, 5, 5, 5, 4, 5, 2, 5, 5, 2, 4, 2, 4, 5, 2, 5, 2, 5, 5, 5, 2, 5, 2, 5, 2, 5, 5, 2, 5, 2, 5, 5, 5, 5, 2, 5, 5, 2, 2, 5, 5, 5, 4, 5, 2, 5, 5, 5, 3, 5, 2, 5, 5, 5, 3, 5, 2, 5, 2, 5, 5, 5, 5, 5, 4, 5, 2, 4, 5, 2, 5, 5, 5, 5, 1, 5, 5, 2, 2, 5, 5, 5, 4, 5, 5, 5, 5, 5, 5, 5, 2, 4, 5, 2, 5, 2, 5, 5, 2, 5, 5, 2, 5, 5, 5, 5, 2, 5, 2, 5, 5, 5, 2, 5, 5, 5, 5]"
POPE,4.2,1.1832,35,"[5, 5, 5, 2, 2, 5, 5, 5, 4, 2, 5, 5, 2, 4, 5, 5, 4, 5, 4, 2, 4, 4, 5, 5, 4, 5, 2, 5, 5, 5, 5, 2, 5, 5, 5]"
POPPA,2.4595,1.3249,37,"[5, 4, 1, 2, 1, 1, 1, 3, 2, 2, 2, 5, 2, 5, 4, 1, 4, 2, 3, 1, 2, 1, 4, 3, 4, 2, 1, 3, 2, 2, 3, 2, 1, 2, 1, 5, 2]"
PORE,3.0833,1.2507,36,"[3, 5, 4, 3, 2, 3, 4, 5, 4, 2, 5, 5, 2, 2, 4, 4, 1, 3, 2, 2, 3, 4, 3, 4, 2, 2, 5, 2, 4, 1, 1, 2, 2, 3, 5, 3]"
PORTAGE,2.3333,1.0871,45,"[3, 1, 1, 4, 2, 2, 2, 2, 1, 4, 2, 2, 2, 1, 2, 4, 3, 2, 4, 2, 5, 2, 3, 5, 3, 2, 1, 1, 4, 2, 2, 1, 2, 3, 3, 2, 2, 2, 2, 2, 2, 1, 2, 4, 1]"
POSTCARD,4.0,1.331,36,"[5, 5, 5, 1, 2, 5, 5, 5, 5, 2, 5, 5, 2, 5, 4, 5, 5, 5, 3, 2, 3, 3, 5, 5, 3, 2, 5, 2, 5, 5, 5, 4, 2, 4, 5, 5]"
POTBELLY,4.0,1.3123,37,"[5, 5, 2, 5, 5, 5, 2, 4, 5, 5, 5, 2, 5, 2, 4, 5, 2, 4, 4, 5, 2, 4, 4, 2, 5, 5, 3, 5, 5, 1, 2, 5, 5, 5, 5, 5, 4]"
POTENTIALLY,1.4444,0.504,36,"[1, 1, 2, 2, 2, 2, 1, 1, 1, 1, 2, 1, 2, 1, 1, 2, 1, 1, 1, 2, 1, 2, 2, 1, 1, 1, 2, 2, 1, 2, 2, 1, 2, 2, 1, 1]"
PRACTICING,2.325,0.9971,40,"[3, 2, 1, 3, 2, 3, 1, 2, 2, 2, 1, 3, 2, 2, 2, 1, 4, 2, 4, 2, 1, 3, 2, 3, 2, 5, 2, 3, 2, 1, 3, 5, 2, 2, 2, 3, 2, 1, 2, 3]"
PRAISING,2.4167,0.9673,36,"[3, 2, 2, 3, 3, 2, 3, 3, 3, 2, 2, 3, 2, 3, 2, 2, 1, 1, 3, 2, 1, 5, 2, 2, 2, 1, 2, 3, 4, 2, 3, 1, 4, 4, 3, 1]"
PRECISELY,1.8889,0.8873,36,"[3, 4, 2, 3, 2, 1, 2, 1, 1, 2, 3, 1, 2, 2, 1, 1, 2, 1, 1, 2, 4, 1, 2, 1, 2, 3, 3, 2, 1, 3, 1, 2, 2, 1, 2, 1]"
PREDECESSORS,2.1389,0.9607,36,"[1, 4, 2, 3, 2, 1, 2, 2, 2, 2, 3, 2, 2, 2, 2, 2, 1, 2, 1, 2, 2, 5, 2, 4, 2, 3, 4, 2, 2, 1, 1, 2, 2, 1, 3, 1]"
PREDICAMENT,1.9744,1.0127,39,"[3, 1, 1, 2, 4, 3, 1, 2, 2, 2, 1, 1, 3, 2, 2, 1, 2, 2, 4, 1, 1, 2, 4, 1, 4, 1, 2, 2, 1, 1, 3, 2, 2, 1, 4, 2, 1, 2, 1]"
PREFER,1.5,0.5061,42,"[2, 1, 2, 2, 2, 2, 2, 1, 2, 2, 2, 1, 1, 2, 1, 1, 2, 2, 1, 2, 1, 2, 2, 2, 2, 1, 2, 1, 1, 1, 2, 2, 1, 1, 1, 1, 2, 1, 1, 1, 1, 1]"
PREMIUM,1.8,0.9661,40,"[4, 2, 1, 1, 3, 2, 1, 1, 2, 2, 1, 1, 3, 2, 2, 1, 2, 2, 1, 1, 1, 1, 2, 1, 2, 1, 2, 3, 2, 1, 1, 4, 2, 2, 1, 5, 2, 1, 2, 1]"
PREPOSTEROUS,1.7297,0.8045,37,"[2, 2, 2, 2, 1, 3, 2, 1, 1, 1, 1, 2, 1, 2, 2, 3, 2, 1, 1, 1, 2, 1, 2, 2, 1, 1, 1, 2, 3, 3, 2, 1, 1, 3, 4, 1, 1]"
PRESENCE,2.0513,0.7236,39,"[2, 1, 3, 2, 1, 3, 2, 2, 3, 2, 3, 2, 2, 2, 1, 2, 1, 2, 2, 3, 2, 1, 2, 2, 1, 2, 3, 2, 2, 1, 2, 3, 3, 4, 2, 2, 1, 2, 2]"
PRESIDIO,2.1081,1.1251,37,"[1, 4, 2, 2, 2, 1, 1, 3, 2, 2, 2, 1, 2, 5, 5, 2, 4, 2, 1, 1, 4, 1, 2, 1, 3, 2, 3, 3, 2, 2, 1, 1, 2, 2, 1, 1, 2]"
PRESTO,2.0278,1.0278,36,"[5, 3, 2, 2, 2, 2, 3, 1, 1, 1, 2, 3, 2, 4, 2, 2, 1, 2, 2, 2, 1, 2, 2, 1, 1, 2, 2, 2, 1, 2, 1, 1, 3, 5, 2, 1]"
PRETZEL,4.1111,1.1899,36,"[5, 5, 5, 3, 2, 5, 5, 5, 5, 2, 5, 5, 2, 5, 5, 5, 5, 4, 4, 2, 4, 4, 5, 5, 3, 2, 5, 2, 5, 4, 5, 4, 2, 4, 5, 5]"
PREY,3.093,0.9714,43,"[4, 3, 3, 4, 5, 3, 3, 3, 2, 3, 3, 2, 4, 2, 5, 4, 2, 4, 2, 4, 3, 3, 2, 3, 2, 3, 2, 4, 2, 2, 3, 2, 3, 3, 5, 4, 2, 4, 4, 2, 2, 5, 3]"
PRINCIPAL,3.3784,1.3406,37,"[5, 3, 1, 2, 5, 5, 3, 3, 3, 3, 4, 5, 4, 3, 4, 2, 5, 2, 5, 5, 3, 2, 4, 1, 1, 2, 4, 3, 2, 3, 5, 5, 5, 2, 4, 5, 2]"
PRIVACY,2.4595,1.1924,37,"[2, 3, 3, 2, 4, 5, 2, 4, 1, 2, 2, 1, 1, 3, 3, 1, 5, 2, 2, 5, 3, 2, 3, 2, 1, 2, 2, 2, 2, 1, 1, 2, 3, 2, 3, 5, 2]"
PROBATION,1.8889,0.6475,45,"[2, 1, 2, 2, 2, 1, 2, 2, 1, 1, 2, 1, 2, 2, 2, 1, 1, 3, 1, 2, 1, 2, 3, 2, 2, 2, 1, 2, 2, 2, 2, 1, 2, 4, 3, 2, 2, 2, 2, 2, 2, 2, 2, 3, 2]"
PROBES,2.7778,1.0636,45,"[2, 3, 2, 3, 2, 2, 2, 2, 1, 3, 2, 4, 2, 2, 2, 3, 2, 3, 4, 2, 5, 2, 3, 5, 3, 2, 3, 4, 4, 2, 3, 5, 2, 3, 5, 2, 2, 4, 2, 2, 2, 2, 2, 5, 3]"
PROBLEM,1.9762,0.8407,42,"[3, 2, 2, 2, 4, 5, 2, 2, 2, 3, 1, 3, 1, 2, 1, 2, 2, 2, 2, 2, 2, 2, 2, 2, 1, 2, 3, 1, 1, 1, 2, 2, 1, 2, 2, 1, 2, 2, 1, 1, 3, 2]"
PROCEEDED,1.8837,0.7625,43,"[1, 2, 1, 1, 2, 2, 1, 1, 2, 3, 2, 2, 2, 2, 3, 4, 2, 3, 2, 1, 1, 3, 2, 1, 2, 2, 2, 4, 1, 2, 1, 2, 1, 1, 2, 2, 2, 1, 2, 2, 2, 2, 2]"
PROF,2.3333,1.1994,39,"[2, 3, 2, 2, 2, 3, 3, 4, 1, 3, 2, 1, 2, 1, 3, 2, 2, 2, 5, 2, 2, 3, 2, 2, 1, 5, 1, 4, 2, 5, 2, 4, 1, 1, 2, 1, 1, 1, 4]"
PROFESSIONALLY,2.1111,0.8204,36,"[3, 2, 2, 2, 2, 2, 2, 3, 3, 3, 2, 2, 3, 2, 4, 2, 2, 1, 1, 2, 2, 2, 2, 1, 1, 2, 2, 2, 2, 2, 2, 1, 2, 5, 2, 1]"
PROGNOSIS,2.0,0.7559,36,"[1, 3, 2, 3, 2, 1, 3, 2, 1, 2, 2, 2, 2, 2, 4, 2, 2, 2, 1, 2, 3, 1, 2, 1, 2, 3, 3, 2, 1, 2, 1, 2, 2, 3, 2, 1]"
PROJECT,2.4222,0.9412,45,"[2, 1, 4, 2, 2, 2, 2, 2, 1, 3, 2, 2, 1, 2, 2, 1, 3, 2, 4, 2, 3, 2, 3, 5, 2, 2, 2, 2, 3, 2, 2, 2, 2, 4, 5, 2, 2, 3, 3, 4, 2, 3, 2, 3, 2]"
PROMISCUOUS,2.5135,1.261,37,"[2, 3, 2, 2, 3, 3, 2, 4, 1, 3, 2, 2, 3, 2, 5, 4, 2, 1, 1, 3, 2, 1, 1, 2, 1, 1, 2, 3, 5, 4, 2, 1, 4, 4, 5, 4, 1]"
PRONE,2.2703,1.1702,37,"[5, 4, 1, 2, 1, 5, 1, 3, 3, 2, 3, 1, 4, 2, 3, 1, 5, 2, 1, 1, 2, 2, 2, 1, 3, 2, 2, 3, 2, 1, 1, 2, 2, 2, 3, 2, 2]"
PRONTO,1.7857,0.9249,42,"[1, 1, 2, 2, 3, 5, 2, 1, 2, 5, 2, 2, 1, 2, 1, 1, 2, 1, 2, 2, 2, 2, 2, 2, 1, 2, 2, 1, 1, 1, 2, 2, 1, 1, 2, 1, 2, 1, 1, 3, 2, 1]"
PROOF,1.8947,0.9526,38,"[2, 2, 2, 3, 2, 1, 3, 2, 4, 1, 1, 2, 2, 1, 1, 2, 1, 2, 1, 2, 2, 1, 2, 2, 1, 3, 2, 2, 1, 2, 2, 5, 4, 2, 1, 1, 1, 1]"
PROSECUTED,2.2821,0.8255,39,"[2, 2, 3, 2, 3, 1, 2, 2, 1, 3, 1, 3, 2, 3, 1, 2, 1, 2, 2, 3, 2, 3, 3, 2, 2, 2, 3, 3, 2, 3, 2, 4, 3, 4, 2, 3, 1, 3, 1]"
PROSTITUTES,4.027,1.258,37,"[5, 5, 2, 5, 5, 5, 2, 5, 5, 5, 5, 2, 4, 2, 5, 5, 2, 5, 5, 5, 2, 3, 5, 2, 4, 5, 3, 4, 5, 5, 2, 4, 5, 5, 5, 3, 3]"
PROTEINS,2.5778,0.8916,45,"[3, 3, 4, 2, 2, 2, 2, 2, 2, 2, 2, 2, 2, 3, 2, 3, 2, 2, 3, 2, 1, 2, 3, 5, 3, 2, 3, 3, 2, 2, 3, 4, 2, 4, 5, 2, 2, 4, 2, 3, 2, 4, 2, 2, 2]"
PROVISIONS,2.3,1.1591,40,"[4, 2, 2, 3, 5, 2, 4, 2, 3, 5, 4, 2, 2, 1, 2, 2, 4, 3, 2, 2, 4, 2, 2, 1, 2, 1, 1, 1, 2, 2, 1, 2, 1, 1, 2, 1, 3, 4, 1, 2]"
PRUDE,2.1951,0.9279,41,"[3, 4, 2, 2, 3, 5, 2, 2, 2, 2, 2, 2, 1, 2, 1, 2, 4, 2, 2, 3, 2, 3, 2, 2, 3, 2, 2, 1, 1, 2, 2, 3, 1, 4, 3, 2, 1, 1, 2, 2, 1]"
PRUDENCE,1.6,0.6325,40,"[1, 2, 2, 1, 2, 1, 1, 1, 2, 2, 1, 1, 1, 2, 2, 1, 1, 2, 3, 2, 1, 1, 2, 1, 2, 1, 2, 2, 1, 1, 1, 3, 2, 2, 2, 3, 2, 1, 2, 1]"
PSST,2.2432,1.2562,37,"[1, 5, 1, 2, 5, 4, 1, 4, 1, 2, 2, 2, 3, 1, 4, 1, 5, 2, 2, 1, 2, 3, 1, 2, 1, 2, 2, 3, 2, 1, 1, 4, 1, 2, 2, 3, 2]"
PULVERIZED,2.9744,0.9864,39,"[2, 3, 4, 3, 3, 3, 3, 2, 5, 4, 3, 3, 2, 3, 4, 2, 1, 2, 2, 3, 2, 4, 5, 2, 3, 4, 3, 4, 2, 3, 2, 4, 4, 4, 2, 4, 1, 3, 3]"
PUNCTURED,3.186,1.1803,43,"[4, 4, 4, 3, 5, 5, 1, 4, 2, 3, 5, 2, 3, 2, 5, 5, 2, 4, 2, 3, 4, 4, 2, 5, 2, 3, 2, 3, 5, 2, 4, 2, 3, 1, 3, 3, 2, 4, 4, 2, 2, 3, 4]"
PUNKS,3.3611,1.1251,36,"[2, 5, 4, 3, 2, 3, 5, 4, 3, 2, 4, 3, 2, 3, 2, 4, 5, 3, 3, 2, 4, 4, 3, 3, 4, 3, 5, 2, 5, 5, 1, 3, 2, 4, 5, 4]"
PUPPY,4.1429,1.3717,42,"[5, 5, 2, 2, 5, 5, 2, 5, 2, 5, 5, 5, 5, 2, 5, 5, 2, 5, 5, 2, 5, 2, 5, 2, 5, 5, 5, 5, 5, 5, 2, 2, 5, 5, 5, 5, 2, 5, 5, 5, 5, 5]"
PURSUIT,2.6389,1.0731,36,"[1, 5, 3, 4, 2, 3, 3, 2, 2, 2, 4, 2, 2, 1, 4, 2, 2, 3, 1, 2, 4, 4, 4, 3, 2, 4, 4, 2, 2, 2, 1, 2, 2, 2, 4, 3]"
PUSSYFOOT,2.1429,0.9258,42,"[3, 3, 2, 2, 3, 5, 2, 2, 2, 2, 3, 3, 1, 2, 3, 4, 2, 2, 2, 2, 3, 2, 4, 2, 1, 2, 2, 1, 1, 1, 2, 2, 3, 1, 2, 1, 2, 1, 1, 3, 2, 1]"
PUT,1.8108,0.8445,37,"[2, 2, 1, 2, 1, 1, 1, 3, 3, 2, 2, 1, 1, 2, 2, 1, 4, 2, 1, 1, 2, 3, 3, 1, 4, 2, 1, 2, 2, 2, 1, 1, 1, 2, 1, 2, 2]"
QUAI,1.9474,1.2509,38,"[2, 1, 1, 1, 1, 1, 2, 2, 3, 1, 2, 1, 2, 2, 2, 2, 1, 2, 2, 1, 2, 1, 2, 1, 5, 1, 5, 2, 1, 2, 4, 1, 5, 2, 1, 1, 5, 1]"
QUAINT,2.275,1.0857,40,"[5, 1, 2, 3, 3, 1, 1, 3, 2, 2, 2, 1, 2, 2, 2, 3, 3, 2, 4, 3, 1, 2, 2, 4, 3, 1, 2, 3, 2, 1, 3, 5, 4, 2, 1, 2, 2, 1, 2, 1]"
QUALIFICATIONS,2.0541,0.9112,37,"[5, 3, 2, 2, 1, 2, 1, 3, 3, 2, 2, 1, 1, 4, 2, 2, 3, 2, 3, 2, 3, 1, 2, 2, 1, 2, 3, 2, 2, 1, 1, 1, 2, 2, 1, 2, 2]"
QUARRELED,2.4324,1.0939,37,"[3, 3, 2, 3, 3, 2, 2, 4, 3, 3, 4, 2, 1, 2, 4, 3, 2, 1, 1, 2, 2, 2, 2, 2, 1, 1, 1, 3, 3, 4, 2, 1, 4, 4, 5, 1, 2]"
QUEASY,2.6486,1.0857,37,"[2, 3, 2, 3, 2, 3, 2, 2, 2, 2, 3, 2, 4, 2, 4, 2, 2, 1, 1, 2, 2, 2, 3, 2, 2, 2, 3, 4, 4, 5, 2, 3, 5, 5, 3, 4, 1]"
QUEEN,4.1538,1.2678,39,"[2, 5, 5, 5, 4, 5, 5, 5, 5, 4, 5, 5, 2, 5, 5, 2, 5, 2, 5, 5, 2, 4, 5, 2, 4, 5, 5, 5, 2, 5, 2, 5, 5, 5, 2, 5, 3, 5, 5]"
QUITTERS,2.15,0.9753,40,"[4, 2, 2, 1, 2, 2, 2, 2, 2, 2, 2, 5, 4, 2, 2, 2, 3, 2, 3, 1, 1, 2, 2, 2, 3, 1, 2, 2, 2, 1, 1, 5, 2, 2, 2, 3, 2, 1, 2, 1]"
QUO,1.4,0.5454,40,"[1, 1, 1, 1, 1, 1, 1, 1, 3, 2, 1, 1, 1, 2, 2, 1, 1, 2, 2, 1, 1, 2, 2, 1, 2, 1, 2, 1, 2, 1, 1, 1, 1, 2, 1, 2, 2, 1, 2, 1]"
RACETRACK,4.1538,1.2039,39,"[2, 5, 4, 5, 4, 5, 5, 5, 5, 5, 5, 5, 2, 4, 5, 2, 5, 2, 5, 5, 2, 5, 5, 2, 4, 5, 5, 5, 3, 5, 2, 5, 5, 4, 2, 5, 4, 4, 5]"
RADIOMAN,3.0526,1.1137,38,"[2, 3, 3, 3, 3, 4, 2, 2, 5, 1, 3, 2, 2, 3, 2, 5, 2, 4, 4, 2, 4, 4, 2, 4, 4, 4, 3, 2, 5, 2, 4, 4, 3, 2, 3, 1, 5, 3]"
RAH,1.65,0.9487,40,"[1, 3, 1, 4, 1, 2, 1, 1, 2, 2, 1, 1, 1, 2, 2, 1, 2, 2, 4, 1, 1, 1, 2, 1, 2, 1, 2, 1, 1, 1, 1, 5, 1, 2, 1, 2, 2, 1, 2, 1]"
RAILROADS,4.2,1.2445,40,"[5, 5, 5, 5, 5, 5, 5, 5, 2, 2, 5, 5, 5, 2, 2, 5, 5, 2, 5, 4, 5, 5, 5, 5, 5, 5, 2, 4, 5, 4, 5, 5, 4, 2, 5, 5, 2, 4, 2, 5]"
RAISED,2.4359,0.9402,39,"[3, 2, 4, 2, 3, 1, 3, 3, 2, 2, 3, 4, 2, 2, 1, 2, 1, 2, 4, 2, 2, 1, 1, 2, 2, 4, 3, 3, 2, 3, 2, 4, 3, 4, 2, 3, 1, 2, 3]"
RAISIN,4.2432,1.2339,37,"[5, 5, 2, 5, 5, 4, 2, 5, 5, 5, 5, 2, 4, 2, 5, 5, 2, 5, 5, 5, 2, 5, 4, 2, 5, 5, 5, 5, 5, 5, 2, 5, 5, 5, 5, 5, 4]"
RAKISH,1.9167,0.8409,36,"[3, 2, 3, 4, 2, 1, 1, 3, 2, 2, 3, 1, 2, 1, 1, 1, 1, 2, 1, 2, 1, 1, 2, 3, 2, 3, 2, 2, 2, 1, 1, 2, 2, 3, 3, 1]"
RANKED,2.1389,0.8333,36,"[1, 3, 3, 3, 2, 1, 2, 2, 2, 2, 3, 1, 2, 2, 1, 2, 2, 1, 1, 2, 2, 4, 2, 3, 2, 2, 4, 2, 2, 2, 1, 2, 2, 3, 4, 2]"
RATES,1.9286,0.8665,42,"[2, 1, 2, 2, 4, 5, 2, 1, 2, 1, 3, 3, 2, 2, 1, 2, 2, 1, 2, 2, 2, 2, 2, 2, 1, 3, 3, 2, 1, 3, 2, 2, 1, 1, 2, 1, 2, 1, 1, 2, 2, 1]"
RATTLESNAKES,4.3056,1.1419,36,"[5, 5, 5, 3, 2, 4, 5, 5, 5, 2, 5, 5, 2, 5, 5, 5, 5, 5, 5, 2, 4, 5, 5, 5, 4, 4, 5, 2, 5, 5, 5, 4, 2, 5, 5, 5]"
REACTIVATE,2.0,0.8165,37,"[5, 3, 2, 2, 2, 2, 2, 3, 1, 3, 3, 2, 1, 2, 3, 2, 2, 1, 2, 2, 2, 2, 2, 2, 1, 1, 1, 2, 2, 2, 2, 2, 1, 2, 3, 1, 1]"
READINGS,2.275,1.0619,40,"[4, 3, 1, 2, 2, 3, 1, 3, 2, 2, 1, 1, 2, 2, 2, 2, 1, 2, 3, 2, 1, 2, 3, 3, 2, 1, 2, 3, 2, 1, 4, 5, 3, 2, 2, 5, 2, 1, 2, 4]"
REAFFIRMED,1.8333,0.8106,36,"[2, 5, 1, 3, 2, 1, 3, 2, 1, 2, 2, 1, 2, 2, 2, 2, 2, 1, 1, 2, 2, 1, 3, 1, 2, 2, 2, 2, 1, 1, 1, 2, 2, 2, 2, 1]"
REALM,2.2308,0.9308,39,"[2, 1, 3, 2, 2, 1, 2, 3, 2, 1, 3, 2, 2, 2, 2, 2, 1, 2, 4, 2, 2, 2, 4, 2, 1, 1, 2, 3, 2, 3, 2, 3, 4, 5, 2, 2, 1, 3, 2]"
REASSIGNMENT,1.7333,0.6876,45,"[1, 1, 1, 1, 2, 1, 2, 2, 1, 2, 2, 1, 1, 1, 2, 1, 1, 2, 1, 2, 1, 2, 3, 1, 2, 2, 1, 2, 2, 2, 2, 1, 2, 4, 3, 2, 2, 3, 2, 2, 2, 1, 2, 2, 2]"
REBOARD,2.0513,0.9445,39,"[2, 1, 2, 1, 2, 3, 2, 2, 3, 1, 1, 1, 2, 2, 1, 2, 1, 2, 2, 1, 2, 3, 1, 2, 2, 2, 3, 5, 2, 4, 2, 3, 3, 4, 2, 2, 1, 1, 2]"
REBOOT,2.5116,1.0322,43,"[2, 2, 4, 2, 4, 3, 1, 5, 2, 3, 5, 2, 3, 2, 2, 3, 2, 2, 2, 1, 4, 2, 2, 4, 2, 2, 2, 3, 2, 2, 4, 2, 2, 1, 1, 2, 2, 4, 3, 2, 2, 2, 4]"
RECALLED,1.8,0.7261,45,"[2, 1, 2, 1, 2, 1, 2, 2, 1, 2, 2, 1, 1, 1, 2, 1, 1, 3, 1, 2, 1, 2, 3, 2, 2, 2, 1, 1, 2, 2, 2, 1, 2, 4, 4, 2, 2, 2, 2, 2, 2, 1, 2, 2, 2]"
RECEIPT,3.5111,1.325,45,"[5, 1, 5, 5, 2, 4, 2, 2, 5, 4, 2, 5, 4, 4, 2, 5, 5, 4, 4, 2, 5, 2, 3, 5, 3, 2, 4, 4, 4, 2, 4, 5, 2, 3, 5, 2, 2, 5, 2, 5, 2, 5, 2, 5, 3]"
RECEPTION,2.975,1.025,40,"[4, 3, 3, 4, 5, 3, 3, 3, 2, 2, 3, 2, 4, 2, 2, 3, 3, 2, 4, 4, 2, 4, 4, 3, 3, 1, 2, 5, 3, 1, 3, 3, 3, 2, 4, 4, 2, 2, 2, 5]"
RECHARGE,2.3571,0.9324,42,"[3, 2, 2, 2, 4, 5, 2, 3, 2, 5, 3, 3, 1, 2, 2, 3, 2, 2, 3, 2, 2, 2, 2, 2, 2, 4, 1, 3, 1, 2, 2, 2, 3, 1, 3, 2, 2, 1, 2, 2, 3, 2]"
RECLINING,3.2432,1.2339,37,"[5, 1, 4, 2, 5, 5, 3, 3, 4, 2, 3, 4, 4, 5, 4, 1, 5, 2, 2, 4, 5, 3, 3, 2, 4, 2, 2, 3, 2, 4, 3, 4, 4, 2, 2, 5, 2]"
RECONSIDER,1.6429,0.5768,42,"[2, 2, 2, 2, 2, 3, 2, 1, 2, 2, 2, 2, 1, 2, 1, 2, 2, 1, 1, 2, 2, 2, 2, 2, 1, 2, 2, 1, 1, 1, 2, 2, 1, 1, 1, 1, 2, 1, 3, 1, 1, 1]"
RECUPERATIVE,1.8378,0.727,37,"[4, 1, 2, 2, 2, 3, 2, 1, 1, 2, 2, 2, 1, 2, 2, 2, 2, 1, 1, 2, 2, 1, 2, 2, 1, 1, 2, 2, 3, 3, 2, 1, 1, 2, 3, 1, 2]"
REDCOAT,3.7568,1.3418,37,"[5, 5, 2, 5, 5, 4, 2, 5, 4, 3, 5, 2, 3, 2, 5, 5, 2, 1, 5, 4, 2, 4, 5, 2, 3, 4, 3, 5, 5, 2, 2, 5, 5, 5, 5, 5, 3]"
REDHEADS,4.1622,1.2363,37,"[5, 5, 2, 5, 5, 5, 2, 5, 5, 5, 5, 2, 4, 2, 5, 5, 2, 5, 4, 3, 2, 4, 5, 2, 5, 5, 4, 5, 5, 5, 2, 5, 5, 5, 5, 5, 4]"
REDUNDANT,1.625,0.7048,40,"[4, 1, 1, 2, 3, 2, 1, 1, 2, 2, 1, 1, 2, 2, 2, 2, 1, 2, 2, 1, 1, 1, 1, 1, 2, 1, 2, 1, 1, 1, 1, 3, 2, 2, 2, 2, 2, 1, 2, 1]"
REEK,2.1111,0.9347,45,"[2, 1, 3, 2, 2, 2, 2, 2, 2, 2, 2, 4, 1, 1, 2, 1, 1, 1, 2, 2, 1, 2, 3, 3, 1, 2, 3, 2, 2, 2, 2, 1, 2, 4, 5, 2, 2, 2, 2, 1, 2, 4, 2, 4, 2]"
REFLECTIVE,3.0833,1.1557,36,"[2, 5, 4, 3, 2, 5, 5, 4, 4, 2, 4, 3, 2, 3, 2, 5, 4, 2, 3, 2, 4, 3, 4, 2, 3, 3, 5, 2, 1, 3, 3, 3, 2, 4, 2, 1]"
REFUELED,2.5,1.065,42,"[1, 4, 2, 2, 5, 5, 2, 3, 2, 5, 4, 3, 3, 2, 2, 3, 2, 1, 2, 2, 3, 2, 3, 2, 2, 3, 3, 4, 1, 3, 2, 2, 3, 2, 3, 2, 2, 1, 1, 3, 2, 1]"
REGARDLESS,1.359,0.486,39,"[2, 1, 1, 2, 1, 1, 1, 1, 2, 1, 1, 1, 2, 1, 1, 2, 1, 2, 2, 2, 2, 1, 1, 2, 1, 1, 1, 1, 2, 1, 2, 2, 1, 1, 2, 1, 1, 1, 1]"
REGRETTABLE,1.7778,0.8498,45,"[1, 1, 1, 1, 2, 1, 2, 2, 1, 2, 2, 2, 1, 1, 2, 1, 1, 3, 1, 2, 1, 2, 3, 3, 2, 2, 1, 1, 2, 2, 2, 1, 2, 4, 5, 2, 2, 1, 2, 1, 2, 1, 2, 2, 2]"
REHABILITATION,2.4286,0.8595,42,"[2, 2, 2, 2, 5, 5, 2, 4, 2, 3, 3, 3, 2, 2, 2, 3, 2, 3, 2, 2, 2, 2, 4, 2, 2, 3, 2, 2, 1, 3, 2, 2, 3, 2, 2, 2, 2, 1, 2, 3, 2, 3]"
REHASH,1.8095,0.7067,42,"[2, 2, 1, 1, 2, 1, 1, 2, 2, 2, 3, 2, 1, 2, 1, 2, 2, 2, 2, 1, 3, 2, 3, 2, 2, 2, 1, 1, 2, 1, 2, 2, 1, 1, 1, 2, 4, 2, 2, 2, 3, 1]"
REICH,2.3111,0.925,45,"[2, 1, 4, 2, 2, 1, 2, 2, 1, 1, 2, 3, 3, 3, 2, 2, 2, 2, 3, 2, 1, 2, 3, 3, 3, 2, 1, 3, 3, 2, 3, 1, 2, 3, 5, 2, 2, 2, 2, 3, 2, 3, 2, 5, 2]"
REINDEER,4.25,1.1557,36,"[5, 5, 5, 4, 2, 5, 5, 5, 5, 2, 5, 5, 2, 5, 5, 5, 5, 5, 3, 2, 5, 4, 5, 5, 4, 3, 5, 2, 5, 5, 5, 4, 2, 4, 5, 5]"
REINFORCE,2.1892,0.9955,37,"[3, 2, 1, 2, 1, 3, 1, 4, 4, 2, 2, 2, 2, 5, 2, 2, 3, 2, 1, 4, 3, 1, 3, 2, 3, 2, 1, 2, 2, 2, 1, 1, 2, 2, 1, 3, 2]"
REJECTING,2.3611,0.8669,36,"[1, 5, 3, 4, 2, 3, 2, 2, 2, 2, 2, 2, 2, 3, 3, 4, 2, 2, 1, 2, 3, 3, 3, 2, 3, 3, 3, 2, 2, 2, 1, 2, 2, 2, 2, 1]"
RELAPSE,1.9444,0.7908,36,"[1, 2, 2, 2, 2, 2, 2, 3, 2, 2, 2, 2, 2, 2, 2, 3, 1, 1, 1, 2, 1, 2, 2, 1, 1, 2, 2, 2, 3, 2, 1, 2, 3, 5, 2, 1]"
RELATE,1.7429,0.7374,319,"[4, 2, 2, 2, 2, 2, 1, 3, 2, 2, 1, 2, 3, 2, 2, 1, 1, 2, 1, 1, 1, 3, 2, 1, 2, 1, 2, 1, 2, 1, 1, 3, 2, 2, 1, 3, 2, 1, 2, 1, 2, 2, 2, 2, 2, 2, 2, 1, 1, 1, 1, 2, 1, 2, 2, 3, 2, 1, 1, 1, 2, 2, 1, 2, 1, 1, 1, 2, 3, 1, 2, 2, 1, 2, 3, 1, 2, 2, 3, 1, 3, 2, 1, 2, 1, 2, 2, 2, 2, 2, 2, 1, 2, 2, 1, 1, 2, 3, 3, 3, 1, 2, 2, 3, 2, 1, 3, 1, 2, 2, 2, 2, 1, 1, 1, 2, 2, 2, 5, 2, 1, 2, 4, 3, 2, 1, 2, 1, 2, 2, 1, 2, 2, 2, 2, 2, 2, 1, 2, 2, 1, 1, 1, 2, 2, 1, 2, 1, 1, 2, 1, 1, 2, 2, 1, 2, 1, 1, 1, 2, 1, 2, 2, 1, 2, 2, 1, 1, 1, 2, 1, 1, 2, 1, 2, 1, 2, 3, 2, 2, 2, 2, 1, 3, 2, 2, 1, 2, 4, 3, 2, 2, 2, 2, 1, 2, 1, 2, 2, 2, 1, 2, 1, 1, 2, 1, 1, 1, 2, 2, 2, 2, 2, 2, 3, 1, 2, 1, 2, 1, 1, 2, 2, 2, 2, 1, 2, 1, 1, 2, 1, 2, 1, 1, 1, 1, 2, 3, 3, 2, 2, 1, 1, 2, 3, 1, 2, 1, 5, 1, 4, 3, 2, 1, 1, 1, 2, 2, 2, 2, 2, 1, 1, 2, 2, 1, 1, 2, 1, 4, 2, 2, 2, 1, 2, 1, 2, 1, 2, 2, 2, 1, 2, 1, 1, 1, 3, 1, 4, 1, 1, 2, 2, 1, 1, 2, 1, 2, 1, 3, 2, 1, 2, 1, 1, 1, 2, 1, 2, 2, 2, 2, 1, 1, 2, 2, 1, 2, 1]"
RELAX,2.7778,0.9888,36,"[3, 4, 2, 3, 2, 3, 4, 2, 3, 2, 3, 3, 2, 3, 3, 4, 3, 3, 1, 2, 4, 5, 4, 3, 4, 2, 4, 2, 2, 4, 1, 2, 2, 3, 2, 1]"
RELUCTANCE,1.825,0.7472,40,"[3, 1, 2, 1, 2, 3, 1, 2, 2, 2, 1, 1, 4, 2, 2, 2, 1, 2, 3, 1, 1, 2, 1, 2, 3, 1, 2, 2, 1, 1, 3, 2, 2, 2, 1, 2, 2, 1, 2, 2]"
REMAINED,1.7209,0.5906,43,"[2, 2, 1, 1, 1, 2, 1, 2, 2, 2, 2, 2, 1, 2, 3, 1, 2, 2, 2, 1, 1, 3, 2, 1, 2, 1, 2, 2, 1, 2, 2, 2, 1, 2, 1, 1, 2, 1, 2, 2, 2, 2, 3]"
REMODELING,3.1905,1.2344,42,"[3, 4, 2, 2, 4, 5, 2, 5, 2, 5, 5, 5, 1, 2, 4, 5, 2, 3, 4, 2, 4, 2, 5, 2, 2, 3, 5, 4, 4, 3, 2, 2, 3, 1, 3, 4, 2, 2, 4, 3, 4, 3]"
RENDER,1.9189,0.9243,37,"[3, 4, 2, 2, 1, 2, 1, 3, 3, 2, 2, 1, 1, 5, 3, 1, 2, 2, 1, 1, 2, 1, 1, 2, 2, 2, 1, 2, 2, 2, 1, 1, 3, 2, 1, 2, 2]"
RENDEZVOUS,2.15,0.8638,40,"[2, 2, 1, 2, 4, 2, 2, 3, 2, 2, 1, 2, 1, 2, 2, 2, 2, 2, 3, 1, 3, 2, 2, 3, 3, 1, 2, 1, 2, 1, 2, 5, 2, 2, 2, 2, 2, 4, 2, 3]"
REPEAL,1.7778,0.7035,45,"[2, 1, 1, 1, 2, 1, 2, 2, 1, 2, 2, 1, 1, 1, 2, 1, 1, 3, 1, 2, 1, 2, 3, 2, 2, 2, 1, 1, 2, 2, 2, 1, 2, 3, 4, 2, 2, 3, 2, 2, 2, 1, 2, 2, 2]"
REPLACE,1.8889,0.7454,45,"[2, 1, 1, 1, 2, 1, 2, 2, 3, 2, 2, 1, 1, 2, 2, 1, 1, 3, 1, 2, 1, 2, 3, 2, 2, 2, 1, 1, 2, 2, 2, 1, 2, 4, 4, 2, 2, 3, 2, 2, 2, 2, 2, 2, 2]"
REPLICA,2.4186,0.8792,43,"[3, 2, 1, 2, 4, 1, 1, 3, 2, 2, 3, 2, 1, 2, 4, 4, 2, 2, 2, 2, 3, 3, 2, 3, 2, 2, 2, 2, 2, 2, 4, 2, 2, 3, 2, 2, 2, 4, 4, 2, 2, 3, 4]"
REPRESSING,1.625,0.8378,40,"[4, 1, 2, 1, 3, 1, 1, 1, 2, 2, 1, 1, 1, 2, 2, 1, 2, 2, 1, 1, 1, 1, 1, 1, 3, 1, 2, 2, 1, 1, 1, 4, 2, 2, 1, 3, 2, 1, 2, 1]"
REPUBLIC,2.0769,0.9565,39,"[2, 3, 2, 2, 1, 1, 3, 2, 2, 1, 3, 2, 2, 1, 5, 2, 1, 2, 2, 2, 2, 1, 1, 2, 1, 3, 1, 2, 2, 3, 2, 3, 4, 4, 2, 2, 1, 1, 3]"
REROUTE,2.1905,0.917,42,"[3, 4, 2, 2, 4, 5, 2, 3, 2, 4, 1, 3, 2, 2, 1, 3, 2, 1, 2, 2, 1, 2, 2, 2, 2, 2, 3, 3, 1, 2, 2, 2, 2, 1, 2, 2, 2, 1, 1, 2, 3, 2]"
RERUNS,2.6944,1.238,36,"[2, 5, 5, 3, 2, 1, 5, 2, 2, 2, 2, 3, 2, 3, 1, 4, 4, 2, 1, 2, 3, 3, 4, 2, 3, 2, 5, 2, 5, 3, 1, 3, 2, 2, 3, 1]"
RESEARCH,2.5135,1.1211,37,"[3, 2, 2, 2, 2, 5, 2, 3, 4, 2, 2, 1, 1, 4, 4, 3, 4, 2, 2, 5, 3, 3, 2, 1, 1, 2, 2, 3, 2, 2, 1, 2, 2, 2, 3, 5, 2]"
RESEDA,1.7568,1.0112,37,"[2, 1, 2, 2, 1, 3, 2, 3, 1, 1, 4, 2, 1, 2, 1, 1, 2, 1, 4, 1, 2, 5, 1, 2, 1, 1, 1, 2, 1, 1, 2, 1, 3, 1, 2, 1, 1]"
RESHAPE,2.275,1.0124,40,"[5, 4, 2, 3, 4, 3, 1, 3, 2, 2, 1, 1, 1, 2, 2, 1, 3, 2, 2, 1, 1, 3, 2, 4, 2, 2, 2, 3, 2, 1, 3, 4, 2, 2, 1, 3, 2, 3, 2, 2]"
RESPECTABLE,2.4324,1.2143,37,"[5, 2, 1, 2, 4, 5, 1, 4, 3, 2, 2, 5, 1, 2, 4, 2, 4, 2, 1, 1, 2, 3, 1, 3, 1, 2, 3, 2, 2, 2, 1, 3, 2, 2, 2, 4, 2]"
RESTITUTION,2.1892,0.938,37,"[5, 3, 2, 2, 1, 2, 1, 3, 3, 2, 2, 1, 1, 4, 2, 1, 3, 2, 2, 4, 4, 2, 2, 2, 2, 2, 1, 3, 2, 2, 2, 1, 2, 2, 2, 2, 2]"
RETIRED,2.6757,1.2484,37,"[5, 3, 3, 2, 5, 5, 1, 3, 3, 2, 1, 3, 1, 5, 4, 1, 5, 2, 1, 4, 3, 3, 2, 2, 1, 2, 2, 2, 2, 2, 2, 3, 3, 2, 3, 4, 2]"
RETRACT,2.275,1.0374,40,"[3, 2, 2, 4, 2, 2, 1, 5, 2, 2, 1, 1, 2, 2, 2, 2, 3, 2, 3, 1, 1, 3, 4, 2, 3, 2, 2, 1, 1, 1, 3, 5, 2, 2, 2, 3, 2, 2, 2, 4]"
RETURNED,2.1892,0.8768,37,"[3, 3, 3, 2, 1, 5, 1, 3, 3, 2, 1, 2, 1, 2, 3, 2, 3, 2, 2, 2, 3, 3, 1, 1, 1, 2, 3, 2, 2, 2, 2, 2, 3, 2, 1, 3, 2]"
REVERSING,2.4444,1.0541,36,"[3, 3, 2, 2, 3, 2, 2, 4, 4, 3, 2, 3, 2, 3, 2, 2, 3, 3, 1, 2, 3, 1, 2, 1, 1, 2, 2, 2, 5, 2, 2, 3, 4, 5, 1, 1]"
REVITALIZE,1.8889,0.7454,45,"[2, 1, 1, 2, 2, 2, 2, 2, 2, 1, 2, 2, 1, 1, 2, 1, 1, 2, 1, 2, 1, 2, 3, 2, 2, 2, 1, 3, 3, 2, 2, 1, 2, 3, 4, 2, 2, 4, 2, 2, 2, 1, 2, 2, 1]"
REVOLUTIONARY,2.2895,0.7318,38,"[2, 2, 3, 2, 2, 2, 3, 2, 3, 2, 3, 2, 2, 3, 3, 2, 1, 2, 2, 2, 2, 1, 3, 2, 1, 3, 2, 4, 2, 2, 2, 3, 4, 2, 3, 1, 3, 2]"
REVUE,2.2222,0.9975,45,"[2, 1, 3, 2, 2, 1, 2, 2, 1, 3, 2, 1, 3, 2, 2, 1, 4, 3, 3, 2, 1, 2, 3, 5, 2, 2, 1, 1, 3, 2, 3, 1, 2, 4, 5, 2, 2, 3, 2, 2, 2, 1, 2, 3, 2]"
RHUBARB,3.2683,1.4496,41,"[4, 5, 2, 2, 5, 5, 2, 5, 2, 5, 2, 5, 2, 2, 5, 2, 2, 5, 4, 2, 5, 5, 2, 3, 3, 5, 4, 1, 2, 2, 2, 1, 4, 3, 3, 2, 5, 5, 5, 1, 3]"
RHYTHM,2.4359,0.9118,39,"[2, 2, 2, 2, 2, 1, 3, 2, 3, 3, 3, 3, 2, 4, 2, 2, 4, 2, 2, 3, 2, 1, 4, 2, 1, 1, 2, 3, 2, 3, 2, 4, 3, 4, 2, 4, 1, 3, 2]"
RICK,2.1282,1.0558,39,"[2, 2, 1, 2, 3, 3, 1, 2, 4, 2, 1, 3, 2, 1, 4, 2, 2, 2, 3, 2, 2, 1, 1, 2, 3, 5, 2, 1, 2, 2, 2, 1, 5, 2, 2, 1, 1, 1, 3]"
RICOCHETS,2.975,1.0975,40,"[4, 3, 3, 4, 4, 3, 3, 3, 2, 2, 1, 1, 3, 2, 2, 4, 4, 2, 5, 2, 1, 3, 5, 4, 4, 3, 2, 3, 3, 3, 3, 4, 5, 2, 3, 2, 2, 3, 2, 5]"
RID,1.7949,0.732,39,"[2, 1, 3, 2, 1, 1, 3, 2, 1, 2, 2, 3, 2, 3, 1, 2, 1, 2, 1, 2, 2, 1, 1, 2, 1, 2, 1, 3, 2, 1, 3, 1, 2, 2, 2, 2, 1, 1, 3]"
RIDICULOUSLY,2.0286,0.9848,35,"[1, 2, 2, 4, 2, 2, 2, 2, 1, 2, 2, 1, 2, 3, 1, 1, 2, 1, 1, 2, 4, 3, 3, 4, 3, 1, 2, 1, 4, 1, 2, 2, 1, 3, 1]"
RIDING,3.4286,1.3093,42,"[5, 5, 2, 2, 4, 5, 2, 3, 2, 5, 5, 5, 3, 2, 2, 5, 2, 4, 4, 2, 5, 2, 3, 2, 3, 5, 5, 4, 5, 5, 2, 2, 4, 3, 5, 2, 2, 1, 4, 3, 4, 4]"
RIDLEY,1.8919,0.994,37,"[1, 4, 2, 2, 5, 2, 2, 3, 2, 2, 2, 1, 1, 1, 3, 1, 1, 2, 1, 1, 3, 1, 4, 2, 1, 2, 1, 1, 2, 1, 1, 3, 1, 2, 2, 2, 2]"
RIGA,1.8378,1.0412,37,"[2, 5, 3, 2, 2, 1, 1, 3, 1, 2, 2, 1, 1, 1, 3, 1, 1, 2, 1, 1, 2, 1, 3, 2, 5, 2, 1, 3, 2, 2, 1, 1, 1, 2, 1, 1, 2]"
RIGGED,2.4722,0.9407,36,"[1, 4, 1, 4, 2, 3, 4, 2, 2, 2, 3, 3, 2, 2, 2, 4, 2, 3, 1, 2, 3, 2, 3, 1, 3, 3, 4, 2, 2, 4, 2, 2, 2, 3, 3, 1]"
RIGID,3.0556,1.1697,36,"[4, 5, 3, 4, 2, 3, 5, 2, 2, 2, 4, 3, 2, 2, 4, 5, 2, 3, 1, 2, 5, 4, 3, 4, 4, 2, 5, 2, 1, 3, 3, 2, 2, 4, 3, 3]"
RILED,2.3889,1.1027,36,"[2, 3, 3, 3, 2, 4, 3, 3, 2, 2, 4, 1, 2, 2, 2, 2, 1, 1, 1, 2, 2, 2, 4, 3, 4, 4, 4, 2, 1, 5, 1, 3, 1, 2, 2, 1]"
RINGERS,2.3333,0.9258,36,"[1, 3, 4, 2, 2, 2, 3, 2, 2, 2, 3, 2, 2, 2, 1, 5, 2, 2, 1, 2, 1, 5, 3, 3, 3, 3, 2, 2, 2, 2, 2, 2, 2, 2, 2, 3]"
RIPPING,3.1351,1.2284,37,"[5, 5, 2, 3, 4, 3, 2, 4, 3, 4, 5, 2, 5, 2, 4, 4, 2, 2, 2, 3, 2, 3, 4, 2, 1, 1, 3, 2, 4, 5, 2, 4, 4, 5, 4, 2, 2]"
RITZ,2.6429,1.2653,42,"[4, 4, 2, 2, 2, 5, 2, 1, 2, 5, 3, 3, 1, 2, 3, 5, 2, 3, 3, 3, 2, 2, 4, 2, 1, 3, 5, 3, 1, 4, 2, 2, 1, 1, 3, 3, 2, 1, 1, 5, 2, 4]"
RIVERFRONT,3.8718,1.3014,39,"[2, 4, 4, 3, 4, 5, 5, 4, 5, 4, 5, 1, 2, 4, 5, 2, 5, 2, 4, 5, 2, 5, 5, 2, 4, 5, 4, 5, 2, 5, 2, 5, 5, 5, 2, 5, 3, 5, 5]"
ROBERTS,2.3571,1.3583,42,"[1, 3, 2, 2, 2, 5, 2, 2, 2, 1, 5, 5, 1, 2, 1, 1, 2, 1, 2, 2, 3, 2, 2, 2, 1, 2, 2, 2, 1, 1, 2, 2, 1, 1, 4, 3, 2, 5, 5, 5, 5, 2]"
ROCKY,3.7297,1.2394,37,"[5, 5, 2, 5, 5, 5, 2, 4, 5, 4, 5, 2, 4, 2, 5, 5, 2, 3, 3, 4, 2, 3, 5, 2, 3, 4, 3, 2, 5, 5, 2, 5, 5, 5, 4, 3, 3]"
RODS,3.6389,1.1748,36,"[5, 4, 5, 3, 2, 4, 4, 5, 5, 2, 5, 3, 2, 3, 4, 4, 4, 4, 3, 2, 2, 4, 5, 3, 3, 1, 5, 2, 5, 4, 4, 5, 2, 4, 5, 4]"
ROHAN,2.0,0.9258,36,"[2, 2, 1, 4, 2, 1, 1, 3, 1, 2, 3, 1, 2, 1, 2, 2, 1, 4, 1, 2, 3, 1, 2, 1, 2, 2, 1, 2, 2, 3, 1, 3, 2, 3, 4, 2]"
ROLLER,3.2821,1.0748,39,"[2, 4, 3, 2, 3, 4, 5, 2, 5, 2, 4, 3, 2, 4, 4, 2, 4, 2, 4, 3, 2, 3, 3, 2, 5, 5, 4, 5, 2, 3, 2, 4, 5, 3, 2, 4, 3, 4, 3]"
ROMERO,2.3333,1.0871,45,"[2, 3, 3, 4, 2, 2, 2, 2, 1, 1, 2, 1, 2, 2, 2, 1, 3, 2, 3, 2, 5, 2, 3, 5, 2, 2, 1, 2, 4, 2, 3, 1, 2, 2, 5, 2, 2, 4, 2, 1, 2, 1, 2, 4, 2]"
ROPE,4.1944,1.2147,36,"[5, 5, 5, 4, 2, 5, 5, 5, 5, 2, 5, 5, 2, 5, 5, 5, 5, 5, 5, 2, 3, 5, 5, 5, 4, 2, 5, 2, 5, 3, 5, 4, 2, 4, 5, 5]"
ROQUEFORT,2.3333,1.3004,42,"[4, 3, 2, 1, 1, 3, 1, 2, 2, 5, 2, 2, 2, 1, 5, 2, 1, 2, 4, 1, 1, 2, 1, 2, 2, 2, 4, 2, 2, 5, 2, 1, 1, 2, 5, 2, 1, 2, 2, 2, 5, 4]"
ROSE,4.1146,1.3182,314,"[5, 5, 5, 5, 5, 5, 5, 5, 2, 2, 5, 5, 5, 2, 2, 5, 5, 2, 5, 5, 5, 5, 5, 5, 5, 5, 2, 5, 5, 1, 3, 5, 4, 2, 4, 4, 2, 5, 2, 5, 5, 5, 2, 5, 5, 4, 2, 5, 5, 5, 5, 2, 4, 2, 5, 5, 2, 5, 5, 5, 2, 5, 5, 2, 5, 5, 5, 5, 5, 5, 2, 5, 5, 5, 5, 5, 5, 5, 5, 5, 3, 2, 5, 5, 5, 4, 2, 5, 5, 2, 5, 5, 5, 5, 5, 5, 2, 5, 5, 5, 5, 4, 2, 5, 2, 5, 5, 5, 4, 2, 4, 5, 5, 5, 5, 2, 2, 5, 5, 2, 5, 2, 5, 5, 5, 5, 2, 5, 5, 2, 5, 5, 2, 3, 2, 5, 2, 5, 5, 5, 5, 5, 5, 2, 2, 4, 5, 5, 5, 2, 5, 5, 5, 5, 5, 5, 5, 5, 5, 2, 4, 2, 2, 5, 4, 2, 5, 5, 5, 2, 5, 5, 5, 5, 2, 5, 2, 3, 5, 5, 2, 4, 5, 4, 2, 5, 5, 2, 3, 5, 2, 2, 5, 2, 4, 2, 5, 2, 5, 4, 5, 5, 5, 5, 5, 5, 5, 5, 2, 5, 5, 2, 4, 2, 5, 5, 2, 5, 2, 5, 5, 5, 2, 5, 2, 5, 2, 5, 5, 2, 5, 2, 5, 5, 5, 2, 5, 5, 2, 2, 5, 5, 5, 4, 5, 2, 5, 5, 5, 3, 5, 2, 5, 5, 5, 5, 3, 2, 5, 5, 5, 5, 5, 5, 2, 5, 5, 2, 5, 5, 5, 5, 2, 5, 5, 2, 2, 5, 5, 5, 5, 5, 5, 5, 5, 5, 5, 5, 2, 5, 5, 1, 5, 2, 4, 5, 2, 5, 5, 2, 5, 5, 5, 5, 2, 5, 2, 5, 5, 5, 2, 5, 5, 5]"
ROSEMARY,3.6111,1.1778,36,"[5, 5, 4, 4, 2, 5, 3, 5, 3, 2, 5, 5, 2, 4, 3, 2, 4, 5, 2, 2, 2, 5, 4, 4, 4, 2, 5, 2, 5, 4, 4, 3, 2, 4, 4, 4]"
ROTTERDAM,2.575,1.3183,40,"[2, 4, 3, 5, 1, 5, 1, 1, 2, 2, 4, 1, 1, 2, 2, 3, 3, 2, 5, 4, 1, 2, 4, 3, 4, 1, 2, 2, 4, 1, 2, 5, 4, 2, 4, 2, 2, 2, 2, 1]"
ROUGHLY,2.0714,0.8665,42,"[2, 3, 2, 2, 2, 5, 2, 1, 2, 3, 3, 4, 1, 2, 1, 2, 2, 2, 1, 2, 3, 2, 3, 2, 1, 2, 3, 1, 1, 3, 2, 2, 1, 1, 2, 2, 2, 1, 2, 2, 3, 2]"
ROUGHNECK,2.8378,1.2363,37,"[5, 4, 2, 2, 2, 4, 2, 4, 2, 3, 3, 2, 5, 2, 4, 5, 2, 1, 3, 4, 2, 3, 1, 2, 5, 1, 1, 4, 3, 2, 2, 4, 2, 2, 4, 4, 2]"
ROUND,3.6944,1.2833,36,"[5, 5, 4, 3, 2, 5, 5, 4, 3, 2, 5, 5, 2, 4, 5, 4, 4, 5, 1, 2, 2, 3, 5, 5, 4, 2, 5, 2, 5, 5, 3, 3, 2, 4, 5, 3]"
ROVER,3.0811,0.9826,37,"[5, 4, 2, 5, 4, 2, 2, 3, 5, 3, 4, 2, 3, 2, 2, 4, 2, 3, 3, 3, 2, 3, 4, 2, 4, 4, 2, 3, 4, 3, 2, 3, 2, 4, 2, 4, 3]"
ROWED,2.6222,1.0507,45,"[2, 1, 1, 2, 2, 3, 2, 2, 2, 3, 2, 3, 5, 2, 2, 3, 3, 3, 3, 2, 1, 2, 3, 5, 3, 2, 4, 3, 4, 2, 2, 1, 2, 4, 5, 2, 2, 4, 2, 3, 2, 4, 2, 4, 2]"
RSVP,2.125,1.0424,40,"[4, 2, 2, 3, 2, 4, 1, 1, 2, 2, 1, 1, 5, 2, 2, 2, 1, 2, 4, 1, 1, 2, 2, 1, 4, 1, 2, 2, 2, 1, 2, 3, 3, 2, 4, 2, 2, 1, 2, 2]"
RUBBISH,3.35,1.292,40,"[4, 3, 5, 4, 4, 5, 4, 5, 2, 2, 2, 3, 5, 2, 2, 4, 3, 2, 5, 3, 3, 5, 5, 5, 4, 5, 2, 4, 3, 1, 4, 4, 4, 2, 1, 2, 2, 2, 2, 5]"
RUBE,2.2,1.0357,45,"[3, 1, 1, 3, 2, 2, 2, 2, 1, 3, 2, 2, 3, 1, 2, 1, 4, 1, 3, 2, 1, 2, 3, 5, 3, 2, 1, 3, 3, 2, 2, 1, 2, 3, 5, 2, 2, 1, 2, 1, 2, 1, 2, 4, 3]"
RUBENS,2.6667,1.1952,36,"[5, 1, 3, 4, 2, 1, 4, 3, 2, 2, 5, 3, 2, 1, 2, 2, 1, 3, 3, 2, 2, 4, 3, 3, 4, 2, 4, 2, 5, 1, 1, 3, 2, 4, 3, 2]"
RUCKUS,2.4,0.809,45,"[2, 3, 3, 3, 2, 3, 2, 2, 2, 3, 2, 4, 3, 2, 2, 1, 3, 3, 3, 2, 1, 2, 3, 3, 3, 2, 3, 2, 3, 2, 2, 1, 2, 3, 5, 2, 2, 2, 2, 1, 2, 2, 2, 4, 2]"
RUFFLING,2.375,1.03,40,"[4, 2, 3, 3, 4, 2, 2, 3, 2, 2, 2, 1, 1, 2, 2, 4, 3, 2, 1, 1, 1, 1, 2, 3, 3, 1, 2, 3, 3, 1, 2, 5, 4, 2, 3, 3, 2, 2, 2, 4]"
RUFUS,2.2703,1.0448,37,"[3, 4, 1, 2, 3, 1, 2, 3, 1, 2, 1, 2, 4, 3, 4, 2, 4, 2, 1, 1, 3, 3, 5, 2, 2, 2, 1, 2, 2, 1, 3, 1, 2, 2, 2, 3, 2]"
RUMP,3.2,1.1402,45,"[2, 3, 5, 5, 2, 3, 2, 2, 4, 3, 2, 5, 5, 4, 2, 4, 5, 2, 4, 2, 3, 2, 3, 5, 3, 2, 3, 3, 4, 2, 3, 4, 2, 4, 5, 2, 2, 5, 2, 4, 2, 4, 2, 4, 3]"
RUNS,3.0233,1.2438,43,"[2, 2, 4, 3, 3, 5, 1, 3, 2, 2, 5, 2, 2, 2, 4, 3, 2, 4, 2, 4, 5, 4, 2, 3, 2, 3, 2, 3, 5, 2, 5, 2, 1, 4, 5, 5, 2, 5, 3, 2, 2, 2, 4]"
RUPTURE,3.0541,1.0527,37,"[3, 3, 2, 3, 3, 5, 2, 3, 4, 4, 4, 2, 5, 2, 2, 4, 2, 3, 2, 1, 2, 3, 4, 2, 3, 2, 3, 3, 4, 4, 2, 3, 3, 5, 5, 4, 2]"
SAGES,2.6111,1.2485,36,"[5, 5, 2, 5, 3, 4, 2, 5, 3, 1, 2, 1, 2, 4, 2, 2, 1, 4, 2, 2, 3, 2, 2, 3, 1, 1, 2, 4, 2, 2, 3, 3, 2, 2, 4, 1]"
SALIVA,3.7647,1.2075,34,"[5, 5, 5, 3, 2, 5, 4, 5, 4, 2, 5, 2, 3, 5, 4, 5, 3, 2, 2, 3, 4, 5, 4, 2, 5, 2, 5, 5, 4, 3, 2, 4, 5, 4]"
SALMON,4.25,1.2734,36,"[5, 5, 2, 5, 5, 5, 2, 5, 5, 5, 5, 2, 4, 2, 5, 2, 5, 5, 5, 2, 5, 5, 2, 5, 5, 5, 5, 5, 5, 2, 5, 5, 5, 5, 5, 3]"
SALVADOR,2.5333,1.0787,45,"[3, 3, 4, 1, 2, 2, 2, 2, 1, 1, 2, 2, 3, 1, 2, 1, 3, 2, 3, 2, 5, 2, 3, 5, 2, 2, 2, 4, 3, 2, 4, 3, 2, 3, 5, 2, 2, 3, 2, 1, 2, 4, 2, 4, 3]"
SALVAGING,2.4524,0.9927,42,"[3, 4, 2, 2, 5, 5, 2, 2, 2, 3, 3, 3, 2, 2, 2, 5, 2, 3, 4, 2, 2, 2, 3, 2, 1, 2, 3, 2, 1, 2, 2, 2, 2, 1, 2, 2, 2, 1, 3, 3, 3, 2]"
SALVE,3.0278,1.1335,36,"[4, 5, 4, 3, 2, 4, 4, 4, 3, 2, 4, 3, 2, 1, 3, 4, 1, 3, 3, 2, 2, 4, 3, 3, 4, 1, 5, 2, 4, 4, 1, 4, 2, 2, 4, 3]"
SAMMY,2.4054,1.117,37,"[1, 4, 1, 2, 3, 1, 3, 3, 1, 2, 2, 2, 3, 2, 3, 2, 4, 2, 4, 1, 3, 1, 5, 2, 5, 2, 2, 3, 2, 1, 1, 4, 3, 2, 2, 3, 2]"
SANCTIMONIOUS,1.9189,0.8293,37,"[2, 3, 2, 1, 2, 3, 2, 1, 2, 3, 1, 2, 1, 2, 1, 2, 2, 1, 1, 2, 2, 1, 1, 2, 1, 1, 2, 2, 2, 4, 2, 2, 3, 3, 2, 4, 1]"
SANCTIONS,1.6857,0.7581,35,"[2, 2, 2, 1, 3, 2, 4, 1, 1, 1, 2, 1, 2, 1, 2, 2, 1, 1, 1, 2, 2, 2, 1, 1, 1, 2, 3, 2, 2, 1, 1, 2, 3, 1, 1]"
SANDS,3.5,1.3029,44,"[4, 5, 5, 4, 2, 4, 2, 2, 5, 5, 2, 5, 5, 5, 2, 5, 4, 4, 5, 2, 5, 2, 3, 5, 3, 2, 2, 5, 3, 2, 3, 4, 2, 4, 5, 2, 2, 5, 2, 5, 2, 3, 2, 4]"
SANDY,3.3421,1.3612,38,"[2, 2, 3, 2, 4, 5, 2, 4, 5, 2, 5, 5, 2, 2, 2, 1, 2, 4, 3, 2, 5, 5, 2, 5, 4, 4, 5, 2, 5, 2, 5, 5, 5, 2, 2, 4, 3, 3]"
SANG,2.6744,1.0402,43,"[3, 2, 3, 2, 4, 5, 1, 2, 2, 2, 3, 2, 3, 2, 2, 4, 2, 1, 2, 2, 3, 2, 2, 2, 2, 2, 2, 4, 4, 2, 3, 2, 4, 4, 3, 3, 2, 5, 4, 2, 2, 2, 5]"
SANK,2.7273,0.8987,44,"[2, 3, 5, 4, 2, 3, 2, 2, 3, 2, 2, 3, 3, 2, 3, 3, 3, 3, 2, 1, 2, 3, 4, 3, 2, 3, 4, 3, 2, 2, 3, 2, 4, 5, 2, 2, 3, 2, 4, 2, 2, 2, 4, 2]"
SAPPHIRE,3.6,1.3212,45,"[3, 5, 5, 5, 2, 4, 2, 2, 5, 4, 2, 5, 5, 4, 2, 5, 5, 4, 5, 2, 5, 2, 3, 5, 4, 2, 3, 4, 4, 2, 4, 5, 2, 2, 5, 2, 2, 5, 2, 5, 2, 5, 2, 5, 4]"
SARCOPHAGUS,3.4222,1.3054,45,"[2, 5, 1, 5, 2, 3, 2, 2, 4, 5, 2, 5, 4, 4, 2, 5, 4, 4, 5, 2, 5, 2, 3, 5, 3, 2, 4, 3, 4, 2, 4, 5, 2, 4, 5, 2, 2, 5, 2, 5, 2, 5, 2, 4, 4]"
SAVVY,1.8718,0.732,39,"[2, 2, 1, 2, 1, 1, 2, 1, 2, 3, 1, 2, 2, 3, 2, 2, 1, 2, 2, 3, 2, 1, 1, 2, 1, 2, 2, 2, 2, 3, 2, 3, 4, 2, 2, 1, 1, 1, 2]"
SAW,3.6,1.4523,45,"[5, 1, 5, 1, 2, 4, 2, 2, 5, 5, 2, 5, 4, 5, 2, 5, 5, 3, 5, 2, 5, 2, 3, 5, 4, 2, 5, 5, 5, 2, 4, 5, 2, 4, 5, 2, 2, 5, 2, 5, 2, 5, 2, 5, 4]"
SAWYER,2.4865,1.3254,37,"[3, 4, 3, 2, 5, 1, 1, 4, 1, 2, 2, 4, 1, 2, 5, 1, 2, 2, 5, 1, 3, 2, 5, 2, 5, 2, 2, 2, 2, 1, 1, 3, 1, 2, 3, 3, 2]"
SAXON,1.8605,0.774,43,"[3, 2, 1, 2, 2, 1, 1, 1, 2, 1, 3, 2, 2, 2, 2, 3, 2, 1, 2, 2, 1, 4, 2, 1, 2, 1, 2, 1, 2, 2, 1, 2, 1, 2, 2, 1, 2, 1, 3, 2, 2, 2, 4]"
SAXOPHONES,4.1892,1.2211,37,"[5, 3, 5, 2, 5, 5, 5, 3, 5, 2, 5, 5, 5, 5, 5, 3, 5, 2, 5, 5, 5, 4, 5, 4, 5, 2, 5, 5, 2, 4, 5, 5, 5, 2, 5, 5, 2]"
SCABBY,3.2564,1.3122,39,"[5, 3, 4, 5, 3, 2, 2, 4, 2, 2, 3, 4, 3, 2, 2, 4, 5, 2, 5, 3, 1, 4, 5, 5, 4, 5, 2, 3, 4, 1, 5, 5, 2, 3, 2, 2, 2, 2, 5]"
SCHEMING,2.0233,0.8861,43,"[1, 2, 1, 1, 5, 2, 2, 2, 2, 2, 4, 2, 2, 2, 4, 2, 2, 1, 2, 2, 1, 3, 2, 4, 2, 2, 2, 2, 1, 2, 1, 2, 2, 2, 1, 2, 2, 1, 3, 2, 2, 2, 1]"
SCHMUCK,2.3,0.9115,40,"[3, 2, 2, 1, 4, 2, 2, 4, 2, 2, 1, 1, 1, 2, 2, 3, 3, 2, 3, 2, 2, 2, 4, 3, 3, 1, 2, 2, 2, 1, 3, 4, 2, 2, 3, 4, 2, 1, 2, 3]"
SCHOLARSHIP,2.1081,0.9656,37,"[5, 2, 2, 3, 3, 2, 2, 4, 2, 3, 2, 2, 1, 2, 2, 3, 2, 1, 1, 1, 2, 2, 1, 2, 1, 1, 2, 2, 2, 4, 2, 2, 2, 2, 4, 1, 1]"
SCHOOLWORK,3.6154,1.1611,39,"[2, 3, 3, 4, 4, 4, 5, 4, 5, 5, 4, 4, 2, 4, 5, 2, 5, 2, 4, 4, 2, 2, 5, 2, 3, 3, 4, 5, 2, 4, 2, 5, 5, 4, 2, 5, 3, 5, 3]"
SCIATIC,2.1111,0.9347,45,"[2, 1, 4, 2, 2, 1, 2, 2, 1, 2, 2, 2, 3, 1, 2, 1, 2, 2, 1, 2, 3, 2, 3, 5, 3, 2, 2, 1, 3, 2, 3, 1, 2, 1, 4, 2, 2, 4, 2, 1, 2, 1, 2, 3, 2]"
SCOLD,2.641,1.0634,39,"[2, 3, 3, 4, 3, 3, 3, 4, 5, 3, 1, 3, 2, 4, 1, 2, 1, 2, 2, 2, 2, 4, 3, 2, 1, 4, 4, 4, 2, 2, 2, 3, 4, 3, 2, 3, 1, 1, 3]"
SCOOT,2.5135,0.9894,37,"[3, 3, 2, 3, 4, 4, 2, 4, 2, 3, 3, 2, 3, 2, 2, 4, 2, 1, 1, 2, 2, 3, 2, 2, 3, 1, 1, 3, 3, 2, 2, 2, 2, 4, 5, 3, 1]"
SCOPE,2.7111,1.1798,45,"[2, 1, 5, 3, 2, 2, 2, 2, 3, 5, 2, 1, 3, 4, 2, 5, 1, 2, 4, 2, 5, 2, 3, 5, 3, 2, 3, 4, 3, 2, 3, 1, 2, 4, 4, 2, 2, 3, 2, 3, 2, 1, 2, 4, 2]"
SCOWLING,3.5833,1.2507,36,"[3, 5, 5, 4, 2, 5, 5, 3, 4, 2, 5, 4, 2, 2, 3, 5, 3, 4, 1, 2, 5, 5, 4, 3, 5, 2, 5, 2, 5, 4, 3, 3, 2, 4, 5, 3]"
SCRAM,2.2222,0.898,36,"[2, 2, 1, 3, 2, 3, 4, 1, 2, 2, 3, 2, 2, 2, 1, 2, 3, 3, 1, 2, 2, 4, 3, 2, 2, 2, 4, 2, 1, 4, 1, 2, 2, 2, 3, 1]"
SCRAWLED,2.6667,1.1405,42,"[4, 4, 2, 2, 3, 5, 2, 3, 2, 2, 2, 5, 1, 2, 5, 1, 2, 2, 3, 2, 4, 2, 3, 2, 3, 2, 4, 2, 1, 4, 2, 2, 3, 1, 4, 4, 2, 1, 3, 4, 2, 3]"
SCREAMING,3.0667,1.2685,45,"[2, 5, 5, 5, 2, 4, 2, 2, 2, 2, 2, 5, 3, 4, 2, 5, 1, 4, 4, 2, 1, 2, 3, 5, 3, 2, 4, 4, 2, 2, 3, 3, 2, 4, 5, 2, 2, 5, 2, 5, 2, 3, 2, 4, 3]"
SCROLLS,3.4667,1.2721,45,"[5, 5, 5, 4, 2, 2, 2, 2, 5, 4, 2, 5, 4, 4, 2, 5, 5, 3, 5, 2, 5, 2, 3, 5, 4, 2, 4, 4, 4, 2, 3, 5, 2, 3, 5, 2, 2, 5, 2, 3, 2, 5, 2, 3, 4]"
SCULLERY,2.1905,1.0415,42,"[2, 4, 2, 2, 2, 5, 2, 3, 2, 2, 2, 5, 2, 2, 2, 1, 2, 1, 1, 2, 3, 2, 2, 2, 2, 2, 1, 1, 4, 1, 2, 2, 2, 1, 2, 3, 2, 1, 2, 4, 1, 4]"
SCURVY,2.5897,1.1406,39,"[2, 2, 2, 2, 2, 2, 2, 3, 3, 2, 1, 2, 2, 4, 3, 2, 2, 2, 5, 1, 2, 3, 2, 2, 1, 4, 3, 5, 2, 5, 2, 4, 3, 4, 2, 5, 1, 3, 2]"
SCUTTLE,2.2,0.9439,45,"[2, 1, 3, 2, 2, 2, 2, 2, 1, 2, 2, 3, 2, 3, 2, 2, 1, 1, 2, 2, 1, 2, 3, 5, 2, 2, 1, 2, 3, 2, 2, 1, 2, 3, 5, 2, 2, 2, 2, 4, 2, 4, 2, 3, 1]"
SEAFOOD,4.2308,1.2022,39,"[2, 5, 5, 5, 4, 5, 4, 5, 5, 4, 5, 4, 2, 5, 5, 2, 5, 2, 4, 5, 2, 5, 5, 2, 5, 5, 5, 5, 5, 5, 2, 5, 5, 5, 2, 5, 4, 5, 5]"
SEALED,3.1622,1.1429,37,"[5, 3, 4, 2, 4, 4, 3, 3, 5, 2, 3, 3, 3, 4, 5, 1, 5, 2, 1, 4, 5, 4, 3, 2, 3, 2, 3, 2, 2, 3, 3, 3, 4, 2, 3, 5, 2]"
SEC,1.825,1.1742,40,"[2, 1, 2, 2, 1, 5, 1, 2, 2, 2, 1, 1, 1, 2, 2, 1, 1, 2, 4, 1, 1, 1, 1, 1, 2, 1, 2, 5, 1, 1, 1, 5, 2, 2, 1, 4, 2, 1, 2, 1]"
SECURE,2.3333,1.0842,39,"[4, 3, 1, 3, 4, 3, 1, 1, 2, 2, 1, 1, 4, 2, 2, 2, 2, 2, 4, 2, 1, 2, 4, 3, 2, 1, 2, 4, 2, 1, 5, 3, 2, 2, 3, 2, 1, 2, 3]"
SEDER,2.0556,1.145,36,"[1, 4, 5, 4, 2, 1, 2, 1, 2, 2, 4, 1, 2, 1, 1, 1, 1, 3, 1, 2, 1, 1, 1, 2, 4, 1, 2, 2, 2, 4, 1, 3, 2, 3, 2, 2]"
SEFTON,1.6486,0.7894,37,"[1, 4, 3, 2, 1, 1, 1, 2, 1, 2, 2, 1, 1, 3, 1, 2, 1, 2, 1, 1, 2, 1, 3, 1, 1, 2, 1, 1, 2, 2, 3, 1, 2, 2, 1, 1, 2]"
SELDOM,1.5556,0.6522,36,"[1, 2, 1, 4, 2, 1, 2, 1, 1, 2, 2, 1, 2, 2, 1, 1, 2, 1, 1, 2, 2, 2, 1, 1, 2, 2, 2, 2, 1, 1, 1, 1, 2, 1, 2, 1]"
SELL,2.225,0.9997,40,"[4, 2, 1, 2, 2, 3, 1, 2, 2, 2, 2, 1, 1, 2, 2, 1, 2, 2, 4, 1, 1, 3, 2, 2, 4, 2, 2, 4, 2, 1, 3, 5, 2, 2, 3, 4, 2, 2, 2, 2]"
SEMPER,1.7838,1.0037,37,"[1, 4, 1, 2, 2, 1, 1, 4, 1, 2, 2, 1, 2, 2, 3, 1, 5, 2, 1, 1, 2, 1, 1, 2, 1, 2, 1, 1, 2, 1, 1, 1, 3, 2, 1, 3, 2]"
SENATORS,3.4872,1.2327,39,"[2, 2, 4, 3, 4, 5, 5, 3, 1, 4, 5, 4, 2, 4, 4, 2, 3, 2, 3, 3, 2, 3, 5, 2, 4, 5, 3, 5, 2, 5, 2, 5, 5, 4, 2, 5, 3, 5, 4]"
SENSIBLE,1.9167,0.77,36,"[1, 3, 2, 4, 2, 1, 3, 1, 1, 2, 3, 2, 2, 2, 2, 1, 2, 1, 1, 2, 2, 3, 3, 2, 2, 2, 2, 2, 1, 2, 1, 2, 3, 1, 2, 1]"
SENSITIVITY,2.0278,0.8102,36,"[1, 3, 2, 3, 2, 1, 3, 2, 2, 2, 2, 1, 2, 2, 1, 1, 3, 1, 1, 2, 4, 3, 3, 2, 3, 3, 1, 2, 2, 3, 1, 2, 2, 2, 2, 1]"
SENSORS,2.8919,0.9656,37,"[5, 4, 2, 5, 2, 4, 2, 3, 3, 3, 2, 2, 3, 2, 4, 2, 2, 3, 2, 2, 2, 3, 3, 2, 2, 4, 3, 3, 2, 4, 2, 3, 3, 5, 4, 3, 2]"
SEPARATED,2.8108,1.1015,37,"[5, 3, 3, 2, 1, 5, 2, 3, 2, 2, 3, 3, 3, 4, 4, 2, 5, 2, 1, 5, 3, 2, 3, 2, 3, 2, 3, 3, 2, 2, 2, 3, 3, 2, 2, 5, 2]"
SEPARATISTS,1.9487,0.7591,39,"[2, 1, 3, 1, 2, 1, 2, 3, 2, 2, 2, 1, 2, 1, 2, 2, 2, 2, 2, 1, 2, 1, 1, 2, 1, 3, 3, 2, 2, 1, 2, 3, 3, 4, 2, 3, 1, 2, 2]"
SEPTEMBER,2.4048,0.9642,42,"[2, 2, 2, 2, 4, 5, 2, 3, 2, 2, 3, 3, 2, 2, 1, 4, 2, 3, 2, 2, 2, 2, 4, 2, 1, 3, 2, 5, 1, 3, 2, 2, 3, 3, 2, 2, 2, 1, 2, 3, 3, 1]"
SEPULCHRE,2.4872,1.3153,39,"[2, 2, 3, 1, 2, 4, 5, 3, 3, 1, 1, 1, 2, 2, 1, 2, 1, 2, 2, 1, 2, 3, 4, 2, 1, 5, 1, 4, 2, 5, 2, 4, 2, 4, 2, 1, 3, 5, 4]"
SEQUENCE,2.2143,0.9249,42,"[3, 4, 2, 2, 3, 5, 2, 1, 2, 2, 4, 3, 1, 2, 1, 2, 2, 3, 2, 2, 2, 2, 3, 2, 2, 2, 3, 2, 1, 2, 2, 2, 2, 1, 4, 1, 2, 1, 2, 3, 3, 1]"
SERGEANT,3.3889,1.1283,36,"[3, 5, 5, 2, 2, 4, 2, 5, 4, 2, 4, 4, 2, 2, 5, 4, 3, 4, 2, 2, 3, 3, 4, 3, 4, 3, 5, 2, 5, 5, 4, 2, 2, 4, 4, 3]"
SERIALIZE,1.8108,0.8768,37,"[5, 2, 2, 2, 1, 3, 2, 3, 1, 1, 1, 2, 1, 2, 1, 2, 2, 1, 1, 2, 3, 1, 2, 2, 1, 1, 2, 2, 3, 2, 2, 1, 3, 1, 2, 1, 1]"
SERIES,2.119,1.0639,42,"[5, 3, 2, 2, 3, 3, 2, 2, 2, 1, 5, 4, 1, 2, 1, 2, 2, 1, 3, 2, 3, 2, 3, 2, 1, 3, 3, 1, 1, 1, 2, 2, 1, 1, 4, 1, 2, 1, 2, 2, 2, 1]"
SERRANO,2.119,1.3104,42,"[1, 4, 2, 2, 2, 1, 2, 5, 2, 5, 2, 5, 1, 2, 1, 2, 2, 1, 3, 2, 3, 2, 4, 2, 1, 1, 1, 1, 1, 1, 2, 2, 1, 1, 2, 1, 2, 1, 5, 5, 1, 2]"
SETON,1.675,0.9443,40,"[2, 4, 1, 1, 1, 1, 1, 1, 2, 2, 1, 1, 1, 2, 2, 1, 3, 2, 5, 1, 1, 1, 2, 1, 3, 1, 2, 1, 3, 1, 1, 3, 1, 2, 1, 2, 2, 1, 2, 1]"
SETUP,2.186,0.7639,43,"[2, 2, 1, 2, 3, 1, 1, 3, 2, 2, 3, 2, 3, 2, 4, 2, 2, 2, 2, 1, 3, 2, 2, 2, 2, 2, 2, 3, 2, 2, 1, 2, 3, 1, 1, 3, 2, 3, 4, 2, 2, 3, 3]"
SEVERED,3.1026,0.9402,39,"[2, 4, 4, 3, 3, 3, 3, 3, 5, 3, 4, 4, 2, 4, 5, 2, 3, 2, 4, 3, 2, 1, 3, 2, 3, 4, 4, 4, 2, 3, 2, 4, 4, 4, 2, 3, 2, 3, 3]"
SEXIST,2.3143,0.9632,35,"[1, 5, 3, 4, 2, 1, 3, 2, 2, 2, 2, 1, 2, 2, 3, 4, 3, 2, 1, 2, 3, 2, 4, 3, 2, 3, 2, 2, 3, 1, 2, 2, 2, 2, 1]"
SHADE,3.3784,1.139,37,"[5, 5, 2, 3, 4, 3, 2, 5, 5, 5, 4, 2, 4, 2, 4, 4, 2, 4, 4, 2, 2, 4, 2, 2, 4, 2, 3, 2, 5, 4, 2, 4, 3, 4, 3, 5, 3]"
SHAFT,3.0889,1.1042,45,"[3, 3, 5, 2, 2, 3, 2, 2, 3, 5, 2, 3, 3, 3, 2, 4, 4, 3, 4, 2, 5, 2, 3, 5, 3, 2, 2, 3, 4, 2, 4, 5, 2, 4, 5, 2, 2, 5, 2, 3, 2, 4, 2, 4, 2]"
SHAMPOO,4.0256,1.2667,39,"[2, 4, 5, 5, 4, 5, 5, 5, 3, 5, 5, 4, 2, 3, 5, 2, 5, 2, 4, 5, 2, 5, 5, 2, 5, 5, 5, 5, 2, 5, 2, 5, 5, 3, 2, 5, 4, 5, 5]"
SHAREHOLDERS,2.6111,1.022,36,"[2, 5, 4, 5, 2, 2, 3, 2, 2, 2, 3, 2, 2, 2, 4, 1, 3, 3, 1, 2, 3, 3, 3, 3, 3, 1, 3, 2, 4, 3, 1, 3, 2, 2, 4, 2]"
SHARON,2.4,1.116,45,"[2, 3, 4, 1, 2, 2, 2, 2, 1, 2, 2, 1, 4, 2, 2, 1, 3, 1, 3, 2, 5, 2, 3, 5, 3, 2, 1, 3, 3, 2, 4, 3, 2, 1, 3, 2, 2, 5, 2, 1, 2, 1, 2, 4, 3]"
SHATTERS,3.1026,1.071,39,"[2, 2, 4, 4, 3, 4, 3, 3, 5, 4, 4, 4, 2, 3, 4, 2, 1, 2, 4, 4, 2, 3, 3, 2, 2, 3, 4, 5, 2, 3, 2, 4, 4, 4, 2, 5, 1, 3, 3]"
SHAW,2.5,1.3416,36,"[2, 2, 5, 4, 2, 1, 2, 5, 4, 2, 5, 1, 2, 1, 2, 4, 1, 3, 1, 2, 1, 4, 1, 5, 2, 1, 4, 2, 2, 1, 3, 2, 2, 4, 3, 2]"
SHE,2.6,1.0745,45,"[2, 3, 5, 2, 2, 3, 2, 2, 5, 2, 2, 1, 4, 1, 2, 2, 3, 3, 3, 2, 5, 2, 3, 2, 3, 2, 2, 4, 4, 2, 3, 1, 2, 3, 5, 2, 2, 4, 2, 1, 2, 3, 2, 3, 2]"
SHEA,1.881,1.0407,42,"[1, 2, 2, 2, 4, 2, 2, 3, 2, 1, 4, 5, 1, 2, 1, 1, 2, 2, 1, 2, 1, 2, 2, 2, 1, 1, 2, 1, 1, 1, 2, 2, 1, 1, 1, 3, 2, 1, 2, 5, 1, 2]"
SHH,2.1026,0.9402,39,"[2, 2, 4, 2, 2, 1, 3, 3, 4, 4, 3, 2, 2, 1, 1, 2, 1, 2, 4, 3, 2, 1, 2, 2, 1, 3, 3, 2, 2, 2, 2, 1, 1, 3, 2, 2, 1, 1, 1]"
SHINDIG,2.8372,0.9742,43,"[3, 4, 2, 2, 3, 3, 2, 3, 2, 4, 5, 2, 3, 2, 4, 2, 2, 3, 2, 2, 4, 3, 2, 4, 2, 3, 2, 4, 4, 2, 4, 2, 2, 3, 4, 3, 2, 3, 5, 2, 2, 1, 4]"
SHORTHANDED,2.375,1.0546,40,"[3, 2, 1, 3, 2, 3, 1, 3, 2, 2, 1, 2, 2, 2, 2, 2, 2, 2, 5, 1, 2, 3, 3, 3, 3, 5, 2, 2, 2, 1, 3, 5, 4, 2, 3, 3, 2, 1, 2, 1]"
SHORTS,4.0556,1.1939,36,"[5, 5, 4, 4, 2, 5, 5, 5, 5, 2, 5, 5, 2, 5, 5, 5, 5, 4, 3, 2, 2, 4, 5, 5, 3, 3, 5, 2, 5, 5, 5, 4, 2, 4, 4, 5]"
SHORTY,2.881,1.1306,42,"[5, 5, 2, 2, 2, 5, 2, 3, 2, 4, 4, 3, 3, 2, 2, 4, 2, 3, 2, 2, 3, 2, 4, 2, 3, 3, 5, 4, 1, 3, 2, 2, 4, 1, 4, 3, 2, 2, 2, 5, 3, 2]"
SHOT,3.0444,1.0862,45,"[3, 3, 5, 5, 2, 3, 2, 2, 4, 4, 2, 5, 3, 4, 2, 4, 5, 4, 4, 2, 1, 2, 3, 4, 3, 2, 3, 4, 3, 2, 3, 4, 2, 4, 5, 2, 2, 3, 2, 3, 2, 2, 2, 4, 2]"
SHOTGUN,4.3056,1.2608,36,"[5, 5, 2, 5, 5, 5, 2, 5, 5, 5, 5, 2, 5, 2, 5, 5, 2, 4, 5, 2, 5, 5, 2, 5, 5, 5, 5, 5, 5, 2, 5, 5, 5, 5, 5, 5]"
SHOULDERS,4.2564,1.2078,39,"[4, 5, 5, 5, 5, 5, 5, 5, 5, 5, 5, 5, 2, 5, 5, 2, 4, 2, 4, 5, 2, 5, 5, 2, 5, 5, 5, 5, 2, 5, 2, 5, 5, 4, 2, 5, 5, 4, 5]"
SHOWDOWN,2.5814,0.9059,43,"[2, 2, 3, 2, 3, 4, 2, 2, 2, 3, 4, 2, 3, 2, 4, 3, 2, 2, 2, 3, 3, 2, 2, 4, 2, 1, 2, 4, 2, 2, 2, 2, 3, 1, 4, 3, 2, 4, 5, 2, 2, 2, 3]"
SHOWGIRL,4.0513,1.2343,39,"[2, 4, 5, 4, 5, 5, 5, 4, 5, 5, 5, 4, 2, 5, 5, 2, 5, 2, 5, 5, 2, 5, 4, 2, 4, 5, 5, 3, 2, 5, 2, 5, 5, 5, 2, 5, 4, 5, 4]"
SHRIKE,2.1944,1.3695,36,"[1, 5, 2, 2, 2, 2, 2, 5, 1, 2, 2, 1, 2, 1, 2, 2, 1, 1, 1, 2, 5, 1, 2, 1, 1, 2, 2, 1, 1, 2, 4, 5, 3, 4, 5, 1]"
SHY,2.3846,0.8771,39,"[2, 2, 3, 2, 3, 1, 3, 3, 5, 2, 1, 3, 2, 4, 1, 2, 3, 2, 1, 3, 2, 2, 1, 2, 2, 3, 3, 3, 2, 2, 2, 3, 3, 3, 2, 3, 1, 3, 3]"
SIBLINGS,3.2667,1.1755,45,"[3, 5, 5, 3, 2, 3, 2, 2, 3, 5, 2, 3, 4, 4, 2, 5, 5, 3, 4, 2, 5, 2, 3, 5, 3, 2, 3, 4, 4, 2, 4, 5, 2, 3, 5, 2, 2, 4, 2, 5, 2, 3, 2, 4, 2]"
SICILY,3.45,1.3195,40,"[5, 4, 4, 5, 2, 5, 5, 2, 2, 2, 4, 1, 5, 2, 2, 4, 4, 2, 5, 3, 4, 4, 4, 4, 5, 1, 2, 3, 5, 5, 3, 5, 3, 2, 5, 3, 2, 3, 2, 5]"
SIDEBAR,2.907,1.2689,43,"[1, 3, 1, 4, 5, 3, 4, 4, 2, 3, 5, 2, 3, 2, 4, 5, 2, 3, 2, 1, 5, 4, 2, 3, 2, 1, 2, 4, 2, 2, 4, 2, 3, 1, 3, 4, 2, 2, 5, 2, 2, 5, 4]"
SIDEWAYS,2.8108,0.9955,37,"[2, 4, 2, 3, 3, 5, 2, 4, 3, 4, 4, 2, 3, 2, 2, 3, 2, 1, 2, 2, 2, 3, 3, 2, 3, 1, 3, 2, 2, 3, 2, 3, 3, 4, 5, 4, 4]"
SIEGE,2.8919,1.1495,37,"[4, 4, 2, 2, 3, 4, 2, 5, 4, 4, 5, 2, 4, 2, 2, 3, 2, 1, 3, 4, 2, 3, 1, 2, 1, 2, 2, 3, 4, 4, 2, 4, 4, 3, 3, 4, 1]"
SIGH,2.5,1.0891,44,"[2, 1, 4, 4, 2, 3, 2, 2, 3, 3, 2, 5, 1, 3, 2, 1, 2, 4, 2, 1, 2, 3, 5, 3, 2, 2, 1, 2, 2, 3, 2, 2, 2, 5, 2, 2, 2, 2, 5, 2, 3, 2, 3, 2]"
SIGMA,2.5,1.281,40,"[3, 2, 1, 5, 2, 1, 1, 3, 2, 2, 3, 3, 1, 2, 2, 3, 5, 2, 4, 2, 2, 2, 1, 5, 3, 2, 2, 2, 2, 1, 1, 5, 3, 2, 5, 3, 2, 5, 2, 1]"
SIGN,3.7778,1.1738,36,"[5, 2, 5, 5, 4, 2, 5, 4, 5, 4, 2, 4, 2, 5, 5, 2, 4, 4, 3, 2, 4, 4, 2, 4, 5, 2, 4, 4, 5, 2, 4, 5, 5, 5, 4, 3]"
SIGNALS,3.2051,1.1281,39,"[2, 3, 4, 4, 3, 5, 5, 4, 4, 3, 3, 5, 2, 3, 4, 2, 1, 2, 4, 3, 2, 3, 5, 2, 4, 4, 1, 4, 2, 4, 2, 4, 3, 2, 2, 4, 3, 5, 3]"
SIGNIFICANCE,1.5897,0.6373,39,"[2, 1, 2, 2, 1, 1, 2, 2, 1, 1, 1, 1, 2, 1, 2, 2, 1, 2, 1, 3, 2, 1, 1, 2, 1, 2, 1, 1, 2, 1, 2, 3, 2, 3, 2, 1, 1, 1, 2]"
SILVA,1.8,1.0427,40,"[3, 4, 1, 1, 1, 1, 1, 1, 2, 2, 1, 1, 1, 2, 2, 1, 4, 2, 3, 1, 1, 1, 2, 5, 2, 1, 2, 2, 1, 1, 1, 3, 1, 2, 1, 2, 2, 4, 2, 1]"
SILVERWARE,4.0556,1.3721,36,"[5, 1, 5, 2, 5, 5, 5, 3, 5, 2, 5, 5, 5, 3, 2, 5, 2, 5, 5, 5, 5, 5, 4, 5, 2, 5, 4, 2, 5, 5, 5, 5, 2, 5, 5, 2]"
SIXTEENTH,2.1905,0.7404,42,"[2, 3, 2, 2, 2, 1, 2, 2, 2, 3, 2, 2, 2, 3, 1, 2, 3, 2, 3, 1, 2, 2, 2, 2, 3, 2, 2, 3, 2, 1, 2, 2, 2, 1, 3, 2, 3, 3, 2, 2, 5, 2]"
SIXTH,2.3077,1.1275,39,"[2, 1, 4, 4, 1, 1, 5, 2, 3, 2, 2, 2, 2, 1, 5, 2, 1, 2, 3, 5, 2, 1, 3, 2, 2, 3, 2, 3, 2, 2, 2, 3, 2, 1, 2, 3, 1, 3, 1]"
SKETCHES,3.5833,1.2277,36,"[2, 5, 4, 2, 2, 3, 5, 5, 4, 2, 5, 5, 2, 3, 2, 5, 3, 4, 3, 2, 5, 4, 5, 4, 4, 3, 5, 2, 5, 5, 3, 2, 2, 4, 5, 3]"
SKIES,4.0,1.2019,37,"[5, 3, 5, 2, 5, 5, 4, 3, 5, 2, 4, 4, 5, 5, 5, 3, 5, 2, 5, 5, 5, 4, 5, 3, 4, 2, 3, 4, 2, 5, 5, 5, 5, 2, 5, 5, 2]"
SKIFF,2.6977,1.4563,43,"[5, 2, 1, 4, 5, 1, 1, 3, 2, 2, 4, 2, 1, 2, 1, 5, 2, 3, 2, 3, 1, 5, 2, 3, 2, 2, 2, 4, 5, 2, 4, 2, 5, 2, 5, 5, 2, 1, 1, 2, 2, 1, 5]"
SKIPPED,2.4167,1.079,36,"[5, 4, 3, 2, 2, 2, 4, 4, 2, 2, 4, 2, 2, 3, 1, 2, 2, 2, 1, 2, 2, 2, 4, 1, 2, 2, 3, 2, 2, 3, 1, 2, 2, 2, 5, 1]"
SKYWAY,3.0,1.206,45,"[3, 5, 5, 4, 2, 3, 2, 2, 5, 4, 2, 2, 4, 4, 2, 2, 3, 3, 4, 2, 5, 2, 3, 5, 3, 2, 3, 3, 4, 2, 4, 1, 2, 4, 5, 2, 2, 2, 2, 5, 2, 1, 2, 4, 2]"
SLAB,3.2222,1.1459,45,"[4, 5, 4, 2, 2, 3, 2, 2, 4, 5, 2, 4, 4, 3, 2, 5, 4, 3, 5, 2, 3, 2, 3, 5, 3, 2, 3, 4, 4, 2, 3, 5, 2, 2, 5, 2, 2, 4, 2, 3, 2, 5, 2, 4, 4]"
SLADE,1.6923,0.9221,39,"[2, 1, 1, 1, 1, 4, 5, 1, 2, 1, 1, 1, 2, 2, 1, 2, 1, 2, 2, 1, 2, 1, 1, 2, 2, 2, 1, 4, 2, 2, 2, 1, 2, 2, 2, 1, 1, 1, 1]"
SLAPPING,3.0,1.1481,45,"[2, 5, 5, 5, 2, 4, 2, 2, 3, 2, 2, 4, 3, 5, 2, 3, 4, 3, 3, 2, 1, 2, 3, 3, 3, 2, 4, 4, 3, 2, 3, 2, 2, 4, 5, 2, 2, 3, 2, 5, 2, 5, 2, 4, 2]"
SLEEPOVER,3.3243,1.1317,37,"[5, 1, 3, 2, 5, 5, 3, 3, 4, 2, 3, 3, 3, 4, 5, 2, 5, 2, 3, 4, 4, 4, 4, 3, 3, 2, 4, 3, 2, 3, 2, 5, 4, 2, 4, 5, 2]"
SLEW,2.1026,0.9678,39,"[3, 1, 2, 1, 4, 3, 1, 2, 2, 2, 1, 2, 2, 2, 1, 3, 2, 3, 1, 1, 1, 2, 4, 3, 1, 2, 2, 2, 1, 4, 4, 2, 2, 2, 2, 2, 1, 2, 4]"
SLOB,3.5556,1.1325,36,"[3, 5, 5, 3, 2, 4, 5, 3, 3, 2, 5, 3, 2, 4, 5, 4, 4, 4, 2, 2, 4, 5, 4, 3, 4, 2, 5, 2, 4, 5, 2, 3, 2, 5, 4, 4]"
SLOP,3.175,1.1522,40,"[4, 3, 3, 5, 4, 1, 3, 4, 2, 2, 3, 4, 4, 2, 2, 3, 4, 2, 3, 3, 1, 2, 5, 5, 4, 4, 3, 4, 3, 1, 4, 5, 4, 2, 3, 3, 2, 4, 2, 5]"
SLOSHED,2.5714,1.1293,42,"[3, 4, 2, 2, 3, 5, 2, 3, 2, 5, 2, 5, 2, 2, 2, 2, 2, 3, 2, 2, 4, 2, 3, 2, 2, 1, 2, 2, 1, 3, 2, 2, 3, 1, 5, 1, 2, 1, 3, 4, 4, 3]"
SLOTH,3.8889,1.1656,36,"[3, 5, 4, 3, 2, 5, 5, 5, 5, 2, 5, 5, 2, 4, 5, 4, 4, 5, 5, 2, 3, 4, 3, 4, 4, 2, 5, 2, 5, 5, 5, 4, 2, 4, 5, 3]"
SLY,2.4595,0.9887,37,"[1, 4, 2, 3, 2, 2, 3, 2, 2, 2, 4, 2, 2, 2, 2, 3, 2, 2, 1, 2, 3, 4, 5, 2, 4, 4, 1, 4, 2, 2, 3, 1, 2, 2, 2, 3, 2]"
SMACKED,3.3784,1.255,37,"[5, 3, 2, 2, 5, 5, 3, 3, 4, 2, 2, 4, 4, 4, 5, 3, 5, 2, 1, 5, 5, 1, 4, 3, 4, 2, 3, 3, 2, 4, 3, 5, 4, 2, 4, 5, 2]"
SMEE,1.9111,0.9001,45,"[1, 1, 1, 1, 2, 2, 2, 2, 1, 2, 2, 1, 1, 1, 2, 1, 3, 2, 3, 2, 1, 2, 3, 1, 1, 2, 2, 1, 2, 2, 2, 1, 2, 4, 3, 2, 2, 1, 2, 4, 2, 1, 2, 4, 4]"
SMELLY,2.7436,1.1858,39,"[2, 4, 3, 3, 1, 1, 4, 2, 5, 4, 2, 4, 2, 4, 5, 2, 5, 2, 3, 3, 2, 1, 1, 2, 1, 3, 4, 3, 2, 3, 2, 4, 4, 3, 2, 2, 1, 3, 3]"
SMITH,2.5405,1.3662,37,"[5, 1, 2, 3, 1, 2, 2, 5, 1, 1, 1, 2, 3, 2, 2, 3, 2, 1, 3, 1, 2, 5, 3, 2, 5, 1, 4, 2, 5, 1, 2, 3, 4, 3, 2, 5, 2]"
SMOKEHOUSE,3.4419,1.2402,43,"[5, 4, 4, 3, 5, 5, 4, 3, 2, 4, 5, 2, 2, 2, 4, 5, 2, 3, 2, 5, 3, 5, 2, 4, 2, 4, 2, 4, 2, 2, 4, 2, 5, 3, 5, 4, 2, 3, 5, 2, 2, 5, 5]"
SMOKY,3.5366,1.2062,41,"[4, 5, 2, 2, 3, 5, 2, 3, 2, 5, 3, 5, 3, 2, 4, 4, 2, 3, 4, 2, 5, 2, 5, 2, 5, 3, 5, 4, 5, 4, 2, 2, 4, 3, 5, 4, 2, 5, 4, 5, 4]"
SNIFFER,2.9487,1.0748,39,"[2, 2, 3, 3, 3, 3, 5, 3, 5, 1, 3, 3, 2, 4, 3, 2, 3, 2, 4, 2, 2, 5, 4, 2, 2, 4, 2, 4, 2, 3, 2, 4, 3, 3, 2, 4, 1, 5, 3]"
SNIPERS,3.8857,1.1054,35,"[3, 5, 4, 2, 4, 5, 5, 4, 2, 5, 4, 2, 3, 5, 5, 4, 4, 3, 2, 4, 4, 5, 5, 4, 4, 5, 2, 5, 5, 3, 3, 2, 5, 5, 4]"
SNIPPY,2.027,0.8656,37,"[2, 2, 2, 2, 2, 3, 2, 4, 1, 1, 1, 2, 2, 2, 2, 3, 2, 1, 1, 3, 2, 1, 1, 2, 1, 1, 1, 2, 2, 4, 2, 3, 3, 3, 3, 3, 1]"
SNIVELING,2.35,0.9753,40,"[3, 2, 1, 3, 1, 2, 3, 2, 2, 2, 2, 2, 1, 2, 2, 3, 3, 2, 4, 2, 1, 4, 4, 3, 2, 1, 2, 3, 3, 1, 2, 4, 5, 2, 1, 2, 2, 3, 2, 3]"
SNUFFY,1.9487,0.8568,39,"[2, 2, 3, 1, 1, 3, 4, 1, 3, 1, 2, 1, 2, 1, 3, 2, 1, 2, 2, 3, 2, 1, 2, 2, 1, 2, 1, 4, 2, 3, 2, 1, 2, 3, 2, 2, 1, 2, 1]"
SOAKED,3.6944,1.1166,36,"[5, 5, 5, 4, 2, 5, 5, 4, 4, 2, 5, 4, 2, 4, 5, 4, 3, 4, 2, 2, 5, 4, 5, 4, 4, 2, 4, 2, 3, 5, 3, 4, 2, 4, 3, 3]"
SOCIETY,2.4444,0.9898,45,"[1, 3, 4, 1, 2, 1, 2, 2, 3, 3, 2, 2, 2, 1, 2, 1, 3, 3, 3, 2, 3, 2, 3, 3, 2, 2, 1, 3, 4, 2, 2, 5, 2, 4, 5, 2, 2, 3, 2, 4, 2, 2, 2, 3, 2]"
SOCKET,3.6216,1.1868,37,"[5, 3, 4, 2, 5, 5, 5, 4, 5, 2, 4, 4, 4, 3, 4, 1, 5, 2, 5, 3, 4, 4, 4, 2, 4, 2, 3, 4, 2, 5, 5, 4, 5, 2, 3, 4, 2]"
SOFTEST,2.6757,1.1317,37,"[5, 2, 1, 2, 1, 5, 2, 4, 4, 2, 2, 3, 2, 2, 4, 3, 4, 2, 1, 4, 3, 3, 3, 3, 2, 2, 2, 3, 2, 2, 1, 3, 4, 2, 2, 5, 2]"
SOJOURNER,1.9444,1.0676,36,"[1, 5, 2, 3, 3, 2, 2, 1, 1, 2, 2, 2, 2, 1, 1, 2, 1, 1, 1, 2, 1, 1, 2, 1, 1, 2, 4, 2, 2, 2, 3, 1, 2, 3, 5, 1]"
SOLAR,2.9535,1.0455,43,"[3, 3, 3, 3, 4, 4, 2, 3, 2, 3, 4, 2, 5, 2, 5, 3, 2, 2, 2, 3, 2, 3, 2, 5, 2, 2, 2, 4, 2, 2, 2, 2, 3, 3, 5, 3, 2, 4, 4, 2, 2, 5, 4]"
SOLARIUM,3.15,1.3877,40,"[3, 3, 3, 5, 4, 4, 3, 5, 2, 2, 4, 3, 5, 2, 2, 3, 5, 2, 5, 1, 5, 1, 2, 5, 4, 1, 2, 5, 4, 1, 2, 5, 4, 2, 4, 2, 2, 2, 2, 5]"
SOLDIER,3.6818,1.3255,44,"[4, 5, 5, 5, 2, 4, 2, 2, 5, 4, 2, 5, 5, 5, 2, 5, 5, 5, 5, 2, 5, 2, 3, 5, 3, 2, 5, 5, 4, 2, 4, 5, 2, 4, 5, 2, 2, 2, 5, 2, 4, 2, 4, 4]"
SOLICITING,2.4359,1.1191,39,"[3, 3, 1, 5, 3, 4, 1, 4, 2, 2, 1, 4, 2, 2, 2, 2, 2, 3, 1, 2, 2, 4, 4, 3, 3, 2, 3, 1, 1, 1, 5, 2, 2, 2, 3, 2, 1, 2, 3]"
SOLIDARITY,2.0444,0.8779,45,"[2, 1, 1, 3, 2, 1, 2, 2, 3, 2, 2, 2, 2, 1, 2, 2, 1, 3, 1, 2, 1, 2, 3, 3, 2, 2, 1, 1, 2, 2, 2, 1, 2, 4, 5, 2, 2, 3, 2, 2, 2, 1, 2, 4, 2]"
SOLOMON,2.6905,1.4226,42,"[5, 3, 2, 2, 5, 5, 2, 4, 2, 3, 5, 5, 1, 2, 2, 3, 2, 1, 3, 2, 4, 2, 5, 2, 1, 1, 2, 3, 1, 1, 2, 2, 1, 1, 3, 4, 2, 4, 5, 5, 2, 1]"
SOMBER,2.2143,0.9509,42,"[3, 2, 2, 2, 2, 3, 2, 2, 2, 3, 1, 4, 1, 2, 3, 2, 2, 1, 1, 2, 3, 2, 4, 2, 1, 2, 5, 1, 4, 3, 2, 2, 3, 2, 1, 2, 2, 1, 1, 3, 2, 3]"
SOMEDAY,1.5349,0.5498,43,"[1, 2, 1, 1, 2, 1, 1, 2, 2, 2, 1, 2, 1, 2, 2, 1, 2, 1, 2, 1, 1, 2, 2, 3, 2, 2, 2, 1, 1, 2, 1, 2, 1, 1, 1, 1, 2, 1, 1, 2, 2, 1, 2]"
SOMEHOW,1.4054,0.5507,37,"[2, 1, 2, 2, 1, 1, 2, 1, 1, 1, 1, 3, 1, 2, 1, 1, 2, 1, 1, 1, 2, 1, 1, 2, 1, 1, 2, 2, 1, 1, 2, 1, 1, 2, 2, 1, 1]"
SOMEWHAT,1.4324,0.8007,37,"[1, 1, 1, 2, 1, 5, 1, 3, 1, 2, 1, 1, 1, 1, 1, 1, 2, 2, 1, 1, 2, 2, 1, 1, 1, 2, 1, 1, 2, 1, 1, 1, 1, 2, 1, 1, 2]"
SON,3.4286,1.364,42,"[3, 5, 2, 2, 5, 5, 2, 3, 2, 5, 5, 5, 2, 2, 4, 3, 2, 4, 3, 2, 3, 2, 5, 2, 2, 4, 5, 5, 1, 4, 2, 2, 5, 2, 5, 5, 2, 5, 5, 5, 4, 3]"
SOOTHE,2.2195,0.9877,41,"[3, 3, 2, 2, 2, 5, 2, 1, 2, 5, 3, 3, 1, 2, 2, 2, 2, 3, 2, 3, 2, 3, 2, 1, 3, 3, 1, 1, 3, 2, 2, 3, 1, 2, 1, 2, 1, 1, 3, 3, 1]"
SORROW,2.6486,1.111,37,"[5, 4, 2, 2, 3, 5, 2, 3, 3, 2, 2, 1, 3, 4, 4, 2, 5, 2, 2, 4, 2, 2, 1, 3, 2, 2, 3, 1, 2, 3, 3, 1, 3, 2, 2, 4, 2]"
SOUNDLY,1.75,0.7319,36,"[1, 3, 4, 3, 2, 1, 2, 1, 1, 2, 2, 1, 2, 2, 1, 1, 2, 1, 1, 2, 2, 3, 2, 2, 2, 2, 1, 2, 1, 1, 1, 2, 2, 2, 2, 1]"
SPANIARD,3.0769,1.2436,39,"[2, 2, 3, 2, 3, 4, 5, 4, 4, 2, 4, 3, 2, 3, 4, 2, 1, 2, 4, 3, 2, 1, 4, 2, 2, 4, 4, 4, 2, 5, 2, 5, 5, 5, 2, 5, 1, 3, 3]"
SPANNER,1.9,1.0328,40,"[1, 2, 2, 1, 2, 1, 1, 1, 2, 2, 4, 1, 1, 2, 2, 2, 3, 2, 2, 1, 1, 4, 1, 2, 2, 1, 2, 5, 2, 1, 1, 2, 5, 2, 1, 2, 2, 1, 2, 2]"
SPARKLING,3.5833,1.1052,36,"[3, 5, 4, 4, 2, 2, 4, 3, 3, 2, 4, 3, 2, 4, 5, 5, 4, 5, 3, 2, 4, 5, 4, 2, 4, 4, 5, 2, 4, 5, 4, 2, 2, 4, 5, 4]"
SPARTA,3.075,1.3471,40,"[3, 4, 3, 1, 4, 5, 5, 3, 2, 2, 3, 3, 1, 2, 2, 4, 5, 2, 5, 2, 1, 3, 2, 4, 4, 1, 2, 5, 4, 5, 4, 5, 1, 2, 4, 5, 2, 3, 2, 3]"
SPASM,3.1351,1.2284,37,"[5, 4, 2, 2, 5, 5, 3, 3, 3, 2, 3, 3, 1, 4, 5, 1, 5, 2, 1, 4, 3, 4, 4, 2, 3, 2, 2, 3, 2, 5, 4, 4, 3, 2, 4, 4, 2]"
SPAWN,3.0833,1.0522,36,"[5, 3, 4, 2, 4, 2, 2, 4, 3, 2, 4, 2, 4, 5, 3, 1, 3, 2, 3, 5, 4, 3, 3, 4, 2, 2, 3, 2, 3, 3, 3, 3, 2, 4, 5, 2]"
SPEAR,3.6667,1.3484,45,"[5, 5, 5, 3, 2, 4, 2, 2, 5, 5, 2, 5, 5, 4, 2, 5, 5, 2, 5, 2, 5, 2, 3, 5, 4, 2, 4, 5, 4, 2, 4, 5, 2, 4, 5, 2, 2, 5, 2, 5, 2, 5, 2, 5, 4]"
SPECIFICALLY,1.5897,0.5486,39,"[2, 1, 2, 1, 1, 1, 2, 2, 2, 1, 1, 2, 2, 2, 1, 2, 1, 2, 2, 2, 2, 1, 3, 2, 1, 1, 2, 1, 2, 1, 2, 2, 2, 1, 2, 2, 1, 1, 1]"
SPECULATE,1.7838,0.8542,37,"[5, 3, 1, 2, 1, 1, 1, 3, 2, 2, 1, 1, 1, 2, 2, 1, 1, 2, 1, 1, 2, 2, 2, 2, 1, 2, 1, 2, 2, 1, 3, 2, 2, 2, 1, 3, 2]"
SPEEDO,3.6667,1.3484,45,"[5, 5, 5, 5, 2, 3, 2, 2, 5, 5, 2, 5, 3, 5, 2, 5, 5, 3, 4, 2, 5, 2, 3, 5, 4, 2, 4, 5, 4, 2, 5, 5, 2, 3, 5, 2, 2, 5, 2, 5, 2, 5, 2, 5, 4]"
SPHERE,3.9444,1.1697,36,"[5, 5, 4, 4, 2, 5, 5, 4, 5, 2, 5, 5, 2, 3, 4, 5, 3, 4, 5, 2, 3, 4, 4, 4, 3, 2, 5, 2, 5, 5, 5, 4, 2, 5, 5, 5]"
SPINACH,4.2432,1.2781,37,"[5, 5, 2, 5, 5, 3, 2, 5, 5, 5, 5, 2, 3, 2, 5, 5, 2, 5, 5, 5, 2, 5, 5, 2, 5, 5, 5, 5, 5, 5, 2, 5, 5, 5, 5, 5, 5]"
SPOKANE,3.0,1.2432,45,"[4, 4, 4, 4, 2, 2, 2, 2, 1, 2, 2, 3, 3, 5, 2, 2, 3, 2, 3, 2, 5, 2, 3, 5, 2, 2, 2, 4, 4, 2, 5, 4, 2, 4, 5, 2, 2, 5, 2, 1, 3, 5, 2, 5, 3]"
SPOKE,3.027,1.3434,37,"[3, 3, 4, 2, 4, 5, 1, 4, 4, 2, 5, 2, 5, 2, 5, 2, 5, 2, 1, 2, 3, 4, 4, 2, 5, 2, 1, 3, 2, 4, 1, 4, 5, 2, 2, 3, 2]"
SPONGES,4.1795,1.2747,39,"[2, 5, 5, 5, 5, 5, 5, 5, 5, 3, 5, 5, 2, 4, 5, 2, 5, 2, 5, 5, 2, 5, 5, 2, 5, 5, 5, 5, 2, 5, 2, 5, 5, 4, 2, 5, 4, 5, 5]"
SPOT,3.5897,1.3322,39,"[2, 3, 4, 3, 3, 4, 5, 5, 5, 5, 5, 4, 2, 4, 5, 2, 1, 2, 4, 5, 2, 4, 5, 2, 3, 5, 5, 4, 2, 3, 2, 5, 5, 3, 2, 5, 1, 5, 4]"
SPRINKLERS,4.1282,1.2393,39,"[2, 4, 4, 5, 4, 5, 5, 5, 5, 5, 5, 5, 2, 5, 5, 2, 5, 2, 4, 5, 2, 5, 5, 2, 5, 5, 5, 5, 2, 4, 2, 5, 5, 5, 2, 5, 4, 4, 5]"
SPUN,2.8889,1.0896,36,"[3, 4, 3, 4, 2, 3, 5, 2, 4, 2, 3, 5, 2, 3, 1, 3, 3, 3, 2, 2, 4, 4, 3, 1, 2, 2, 5, 2, 4, 4, 3, 1, 2, 2, 3, 3]"
SQUADRON,3.0,1.0445,45,"[3, 3, 3, 3, 2, 3, 2, 2, 3, 4, 2, 4, 4, 3, 2, 5, 4, 3, 3, 2, 5, 2, 3, 5, 3, 2, 2, 3, 4, 2, 3, 5, 2, 2, 5, 2, 2, 5, 2, 3, 2, 4, 2, 3, 2]"
SQUALOR,2.6744,1.1695,43,"[3, 3, 4, 3, 5, 2, 1, 4, 2, 5, 5, 2, 2, 2, 2, 4, 2, 3, 2, 3, 1, 5, 3, 4, 2, 1, 2, 4, 3, 2, 2, 2, 3, 2, 2, 2, 2, 1, 4, 2, 2, 1, 4]"
SQUAWKING,2.9167,1.2734,36,"[1, 4, 4, 2, 2, 1, 5, 5, 2, 2, 5, 3, 2, 4, 3, 4, 4, 4, 1, 2, 3, 4, 4, 2, 4, 2, 4, 2, 1, 3, 1, 2, 2, 3, 5, 3]"
SQUEAMISH,2.3023,0.8028,43,"[2, 3, 1, 2, 2, 4, 1, 2, 2, 3, 3, 2, 2, 2, 3, 3, 2, 2, 2, 2, 2, 3, 2, 4, 2, 2, 2, 3, 1, 2, 1, 2, 3, 1, 3, 2, 2, 4, 4, 2, 2, 2, 3]"
SQUEEZED,3.25,1.1052,36,"[3, 5, 4, 2, 2, 3, 4, 3, 3, 2, 5, 5, 2, 3, 1, 4, 3, 3, 2, 2, 4, 4, 4, 3, 4, 3, 5, 2, 4, 5, 3, 2, 2, 3, 5, 3]"
SQUIRM,3.0714,1.0908,42,"[4, 4, 2, 2, 4, 5, 2, 3, 2, 5, 2, 4, 1, 2, 3, 4, 2, 3, 3, 2, 5, 2, 4, 2, 3, 3, 5, 3, 5, 3, 2, 2, 4, 2, 3, 4, 2, 2, 3, 4, 4, 3]"
SQUIRRELS,4.1429,1.3717,42,"[5, 5, 2, 2, 5, 5, 2, 5, 2, 5, 5, 5, 5, 2, 5, 5, 2, 5, 5, 2, 5, 2, 5, 2, 5, 5, 5, 5, 5, 5, 2, 2, 5, 5, 5, 5, 2, 5, 5, 5, 5, 5]"
STABBED,3.5814,1.2389,43,"[3, 3, 5, 4, 5, 5, 4, 5, 2, 5, 4, 2, 4, 2, 5, 3, 2, 5, 2, 4, 4, 5, 2, 5, 2, 2, 2, 4, 5, 2, 5, 2, 4, 4, 5, 4, 2, 4, 5, 2, 2, 4, 4]"
STACK,3.5714,1.2196,35,"[4, 5, 5, 4, 2, 4, 5, 4, 5, 2, 5, 5, 2, 3, 3, 4, 3, 4, 1, 2, 2, 4, 4, 3, 3, 2, 5, 2, 5, 5, 3, 2, 4, 5, 4]"
STADIUM,4.2222,1.1492,36,"[5, 5, 5, 3, 2, 5, 5, 5, 4, 2, 5, 5, 2, 4, 5, 5, 5, 4, 4, 2, 3, 5, 5, 5, 4, 4, 5, 2, 5, 5, 5, 5, 2, 5, 5, 5]"
STAFFER,2.55,1.1756,40,"[2, 3, 4, 1, 2, 4, 4, 2, 2, 2, 1, 1, 2, 2, 2, 1, 2, 2, 5, 3, 4, 2, 4, 4, 5, 1, 2, 3, 3, 1, 4, 5, 2, 2, 2, 2, 2, 2, 2, 3]"
STALE,2.2619,0.9892,42,"[2, 2, 2, 2, 2, 5, 2, 3, 2, 5, 3, 3, 2, 2, 1, 2, 2, 2, 2, 2, 3, 2, 5, 2, 1, 2, 2, 3, 1, 1, 2, 2, 3, 2, 3, 1, 2, 1, 1, 3, 3, 2]"
STANLEY,2.4186,1.1999,43,"[5, 2, 2, 2, 4, 1, 1, 3, 2, 1, 5, 2, 3, 2, 2, 5, 2, 1, 2, 3, 2, 4, 2, 2, 2, 2, 2, 3, 2, 2, 1, 2, 2, 5, 1, 1, 2, 4, 4, 2, 2, 1, 4]"
STARING,3.0541,1.1534,37,"[5, 4, 2, 2, 3, 5, 3, 3, 4, 2, 2, 2, 2, 3, 4, 3, 5, 2, 3, 5, 2, 3, 4, 2, 4, 2, 2, 3, 2, 4, 3, 5, 3, 2, 1, 5, 2]"
STARLIGHT,3.8919,1.1734,37,"[5, 5, 2, 5, 5, 4, 2, 5, 5, 5, 4, 2, 4, 2, 5, 5, 2, 3, 4, 5, 2, 4, 3, 2, 4, 5, 4, 4, 5, 3, 2, 5, 5, 4, 4, 5, 4]"
START,2.6486,1.1599,37,"[5, 3, 1, 2, 1, 3, 3, 3, 5, 2, 2, 2, 2, 5, 3, 1, 5, 2, 3, 4, 3, 2, 2, 3, 2, 2, 4, 3, 2, 1, 1, 3, 3, 2, 2, 4, 2]"
STAT,1.9778,0.8391,45,"[2, 1, 1, 3, 2, 1, 2, 2, 1, 3, 2, 1, 2, 1, 2, 1, 1, 3, 2, 2, 1, 2, 3, 2, 2, 2, 1, 3, 2, 2, 2, 1, 2, 4, 5, 2, 2, 2, 2, 2, 2, 1, 2, 3, 2]"
STATEMENTS,2.0,0.9428,37,"[4, 3, 2, 2, 1, 3, 2, 5, 3, 2, 1, 2, 2, 2, 2, 2, 2, 1, 1, 1, 2, 2, 1, 2, 1, 1, 1, 2, 2, 4, 2, 2, 2, 2, 3, 1, 1]"
STATESIDE,2.3023,0.8601,43,"[3, 3, 1, 3, 4, 1, 3, 3, 2, 2, 3, 2, 2, 2, 2, 3, 2, 1, 2, 1, 2, 3, 2, 5, 2, 2, 2, 3, 2, 2, 4, 2, 2, 1, 3, 2, 2, 2, 3, 2, 2, 1, 3]"
STATUS,1.975,0.9997,40,"[5, 2, 2, 2, 5, 2, 2, 2, 1, 3, 3, 1, 2, 2, 4, 2, 3, 1, 2, 1, 2, 2, 1, 2, 3, 1, 1, 1, 2, 2, 2, 1, 2, 1, 2, 1, 1, 2, 2, 1]"
STEPPE,2.5405,1.2382,37,"[5, 4, 3, 2, 2, 1, 2, 4, 3, 2, 2, 1, 1, 5, 3, 2, 2, 2, 1, 1, 5, 2, 3, 2, 4, 2, 1, 3, 2, 4, 1, 2, 3, 2, 3, 5, 2]"
STERILE,2.3243,1.0289,37,"[5, 4, 2, 2, 2, 5, 2, 3, 3, 3, 1, 2, 3, 2, 3, 2, 2, 1, 1, 3, 2, 2, 1, 2, 3, 2, 2, 2, 3, 1, 2, 1, 1, 3, 4, 2, 2]"
STICKBALL,3.3889,1.1778,36,"[5, 5, 4, 3, 2, 4, 4, 5, 4, 2, 5, 3, 2, 1, 3, 4, 2, 4, 3, 2, 2, 4, 4, 4, 4, 3, 4, 2, 5, 3, 1, 4, 2, 4, 5, 4]"
STILES,2.25,1.1307,36,"[5, 3, 1, 3, 2, 1, 2, 5, 2, 2, 5, 1, 2, 1, 2, 1, 1, 3, 1, 2, 2, 1, 3, 1, 2, 2, 2, 2, 3, 3, 2, 3, 2, 2, 4, 2]"
STILL,2.4324,1.1676,37,"[5, 4, 1, 2, 4, 5, 1, 3, 2, 2, 2, 2, 1, 2, 4, 1, 5, 2, 2, 4, 2, 2, 3, 2, 2, 2, 2, 3, 2, 1, 1, 3, 3, 2, 1, 3, 2]"
STOCKY,3.3056,1.1419,36,"[4, 4, 2, 5, 4, 4, 2, 4, 3, 5, 5, 2, 4, 2, 5, 4, 2, 3, 3, 3, 2, 3, 1, 2, 4, 1, 3, 4, 3, 3, 2, 4, 4, 4, 4, 5]"
STOMACH,3.7778,1.1738,36,"[4, 5, 3, 2, 2, 5, 5, 5, 4, 2, 4, 5, 2, 5, 4, 4, 5, 4, 4, 2, 4, 5, 3, 4, 4, 2, 5, 2, 5, 2, 5, 4, 2, 4, 5, 4]"
STORAGE,3.2162,1.1337,37,"[5, 3, 3, 2, 5, 5, 3, 3, 4, 2, 2, 4, 4, 4, 4, 1, 5, 2, 2, 4, 5, 3, 2, 2, 3, 2, 3, 3, 2, 3, 5, 4, 4, 2, 3, 4, 2]"
STORK,4.1081,1.3078,37,"[5, 4, 3, 2, 5, 5, 5, 3, 5, 2, 5, 5, 5, 5, 5, 1, 5, 2, 5, 5, 5, 5, 5, 4, 5, 2, 4, 5, 2, 5, 5, 4, 5, 2, 5, 5, 2]"
STOWAWAYS,3.3514,1.2296,37,"[5, 2, 4, 2, 5, 5, 4, 3, 4, 2, 3, 2, 3, 5, 5, 3, 5, 2, 4, 2, 4, 3, 4, 1, 4, 2, 2, 4, 2, 4, 4, 5, 4, 2, 2, 5, 2]"
STRAIGHTAWAY,2.5897,1.2078,39,"[2, 3, 2, 1, 2, 3, 2, 3, 5, 1, 4, 1, 2, 2, 4, 2, 5, 2, 4, 2, 2, 5, 2, 2, 3, 2, 2, 4, 2, 2, 2, 4, 4, 4, 2, 4, 1, 1, 1]"
STRAIGHTEN,3.0278,1.2302,36,"[5, 3, 2, 2, 5, 5, 2, 3, 4, 2, 2, 1, 3, 5, 1, 5, 2, 2, 5, 4, 3, 4, 4, 3, 2, 3, 2, 2, 4, 3, 2, 4, 2, 2, 4, 2]"
STRAIGHTJACKET,3.9767,1.3713,43,"[5, 5, 5, 5, 5, 5, 4, 5, 2, 4, 5, 2, 5, 2, 5, 5, 2, 5, 2, 5, 5, 5, 2, 5, 2, 3, 2, 5, 5, 2, 5, 2, 5, 5, 5, 5, 2, 4, 5, 2, 2, 5, 5]"
STRANDED,2.725,1.0857,40,"[5, 3, 2, 3, 4, 4, 1, 3, 2, 2, 1, 1, 4, 2, 2, 3, 3, 2, 4, 2, 1, 3, 4, 4, 3, 2, 2, 3, 3, 3, 2, 5, 3, 2, 2, 3, 2, 2, 2, 5]"
STRANGLER,2.878,1.2082,41,"[4, 5, 2, 2, 5, 2, 3, 2, 4, 2, 5, 2, 2, 4, 5, 2, 3, 4, 2, 5, 2, 3, 2, 3, 3, 3, 4, 1, 2, 2, 2, 5, 2, 3, 2, 2, 1, 1, 4, 3, 3]"
STREAK,2.825,1.3183,40,"[4, 3, 3, 5, 5, 2, 1, 5, 2, 2, 2, 3, 4, 2, 2, 1, 5, 2, 1, 2, 1, 3, 4, 4, 4, 2, 2, 2, 3, 1, 5, 5, 4, 2, 3, 3, 2, 1, 2, 4]"
STRENGTH,2.7838,1.3152,37,"[5, 4, 1, 2, 3, 5, 1, 3, 5, 2, 2, 1, 1, 5, 4, 1, 5, 2, 1, 4, 3, 3, 2, 3, 3, 2, 3, 2, 2, 2, 2, 5, 3, 2, 3, 4, 2]"
STRIKE,3.25,1.1712,40,"[4, 3, 4, 5, 5, 2, 3, 5, 2, 2, 3, 3, 4, 2, 2, 3, 3, 2, 5, 2, 3, 3, 5, 4, 4, 3, 2, 4, 3, 1, 5, 5, 5, 2, 3, 4, 2, 2, 2, 4]"
STRUGGLE,2.5676,1.1436,37,"[2, 3, 2, 2, 3, 4, 2, 3, 3, 4, 3, 2, 3, 2, 4, 3, 2, 1, 1, 2, 2, 3, 5, 2, 1, 1, 1, 3, 3, 5, 2, 2, 2, 4, 5, 1, 2]"
STUART,2.3095,1.2589,42,"[1, 3, 2, 2, 2, 3, 2, 3, 2, 1, 5, 5, 1, 2, 1, 5, 2, 3, 2, 2, 3, 2, 4, 2, 1, 1, 2, 2, 1, 1, 2, 2, 3, 1, 1, 3, 2, 5, 1, 5, 3, 1]"
STUMBLE,3.2973,1.0766,37,"[5, 4, 2, 3, 4, 4, 2, 4, 4, 5, 4, 2, 3, 2, 4, 4, 2, 3, 3, 3, 2, 3, 3, 2, 3, 2, 2, 2, 4, 5, 2, 3, 5, 5, 5, 4, 3]"
STUNNINGLY,2.0,0.8473,40,"[3, 2, 1, 2, 4, 2, 1, 3, 2, 2, 1, 1, 3, 2, 2, 2, 3, 2, 2, 1, 1, 2, 1, 2, 2, 1, 2, 2, 2, 1, 3, 4, 2, 2, 1, 4, 2, 2, 2, 1]"
SUBSTANTIAL,2.0952,0.9579,42,"[3, 2, 2, 2, 3, 5, 2, 2, 2, 4, 2, 3, 1, 2, 1, 1, 2, 2, 1, 2, 1, 2, 3, 2, 1, 2, 1, 3, 4, 4, 2, 2, 1, 2, 2, 1, 2, 1, 1, 3, 2, 2]"
SUBTITLE,3.1111,1.2289,45,"[3, 3, 5, 5, 2, 2, 2, 2, 4, 5, 2, 3, 5, 3, 2, 5, 4, 3, 5, 2, 1, 2, 3, 5, 3, 2, 3, 4, 4, 2, 3, 5, 2, 4, 4, 2, 2, 3, 2, 4, 2, 5, 2, 1, 3]"
SUBURBAN,3.4444,1.0541,36,"[5, 5, 4, 4, 2, 3, 4, 2, 3, 2, 3, 5, 2, 3, 4, 5, 4, 3, 2, 2, 3, 4, 3, 3, 3, 3, 5, 2, 5, 4, 3, 4, 2, 4, 5, 4]"
SUCCOTASH,3.2222,1.4284,45,"[5, 5, 5, 4, 2, 4, 2, 2, 1, 5, 2, 3, 5, 1, 2, 5, 4, 4, 5, 2, 1, 2, 3, 5, 4, 2, 3, 4, 4, 2, 4, 5, 2, 1, 5, 2, 3, 1, 2, 4, 2, 5, 2, 5, 4]"
SUCH,1.3488,0.4822,43,"[1, 2, 1, 1, 1, 1, 1, 1, 2, 1, 1, 2, 1, 2, 1, 1, 2, 1, 2, 1, 1, 1, 2, 1, 2, 1, 2, 1, 1, 2, 1, 2, 1, 1, 1, 1, 2, 1, 1, 2, 2, 2, 1]"
SUDDEN,1.85,0.9213,40,"[4, 1, 1, 2, 2, 2, 1, 2, 2, 2, 1, 1, 1, 2, 2, 2, 1, 2, 3, 1, 1, 2, 2, 1, 4, 1, 2, 2, 1, 1, 2, 3, 2, 2, 1, 5, 2, 2, 2, 1]"
SULK,2.7436,1.2078,39,"[2, 3, 3, 2, 3, 3, 3, 4, 4, 5, 1, 3, 2, 3, 2, 2, 1, 2, 3, 2, 2, 3, 5, 2, 1, 5, 4, 3, 2, 3, 2, 4, 4, 4, 2, 5, 1, 1, 1]"
SUMMIT,3.65,1.3877,40,"[5, 5, 3, 5, 5, 4, 5, 5, 2, 2, 3, 3, 5, 2, 2, 5, 5, 2, 5, 5, 4, 2, 5, 5, 5, 1, 2, 5, 3, 1, 4, 5, 4, 2, 4, 4, 2, 3, 2, 5]"
SUNBEAM,3.6389,1.2456,36,"[2, 5, 5, 4, 2, 5, 5, 5, 4, 2, 5, 5, 2, 2, 5, 4, 5, 4, 2, 2, 2, 4, 5, 4, 4, 2, 5, 2, 3, 5, 4, 3, 2, 4, 4, 3]"
SUNLIGHT,4.0278,1.1081,36,"[4, 5, 5, 4, 2, 5, 5, 4, 4, 2, 5, 5, 2, 4, 4, 5, 5, 5, 3, 2, 5, 4, 5, 4, 4, 3, 5, 2, 5, 5, 5, 3, 2, 4, 5, 4]"
SUPERB,1.6923,0.7998,39,"[2, 2, 2, 1, 1, 1, 2, 1, 5, 1, 1, 3, 2, 1, 1, 2, 1, 2, 2, 3, 2, 1, 1, 2, 1, 2, 1, 2, 2, 2, 2, 2, 1, 2, 2, 1, 1, 1, 2]"
SUPERCONDUCTORS,2.625,1.03,40,"[3, 3, 3, 3, 2, 3, 3, 1, 2, 2, 4, 3, 5, 2, 2, 3, 3, 2, 4, 3, 1, 1, 4, 3, 4, 2, 2, 2, 3, 1, 4, 4, 1, 2, 4, 3, 2, 1, 2, 3]"
SUPERIORS,2.25,0.7813,44,"[3, 3, 1, 2, 2, 1, 2, 2, 2, 2, 2, 2, 3, 1, 2, 1, 3, 2, 4, 2, 3, 2, 3, 3, 2, 2, 2, 2, 3, 2, 2, 3, 2, 4, 3, 2, 2, 2, 4, 2, 1, 2, 3, 1]"
SUPERMAN,4.3243,1.2031,37,"[5, 5, 2, 5, 5, 5, 2, 5, 4, 5, 5, 2, 4, 2, 5, 5, 2, 5, 5, 5, 2, 5, 5, 2, 5, 5, 5, 5, 5, 5, 3, 5, 5, 5, 5, 5, 5]"
SURELY,1.4324,0.5548,37,"[3, 1, 2, 2, 2, 1, 2, 1, 1, 1, 1, 2, 1, 2, 1, 1, 2, 1, 1, 1, 2, 1, 1, 2, 1, 1, 1, 2, 2, 1, 2, 1, 1, 2, 2, 1, 1]"
SURNAME,1.8718,0.9228,39,"[2, 2, 2, 3, 2, 4, 1, 1, 1, 1, 1, 1, 2, 2, 1, 2, 1, 2, 2, 3, 2, 1, 1, 2, 3, 3, 1, 2, 2, 1, 2, 4, 4, 1, 2, 1, 1, 3, 1]"
SURREALISTS,2.381,1.1252,42,"[4, 2, 2, 2, 3, 4, 2, 4, 2, 2, 3, 5, 2, 2, 2, 1, 2, 2, 4, 2, 5, 2, 5, 2, 1, 2, 2, 2, 1, 1, 2, 2, 3, 2, 4, 3, 2, 1, 2, 2, 1, 1]"
SURVEILLANCE,2.7436,0.938,39,"[2, 3, 4, 3, 3, 2, 2, 3, 2, 2, 3, 4, 2, 3, 3, 2, 3, 2, 4, 3, 2, 2, 2, 2, 2, 4, 3, 5, 2, 4, 2, 4, 4, 3, 2, 4, 1, 1, 3]"
SURVIVAL,2.5946,1.1657,37,"[3, 4, 1, 2, 3, 5, 1, 3, 2, 2, 2, 2, 1, 5, 4, 4, 5, 2, 1, 5, 2, 3, 1, 2, 2, 2, 3, 3, 2, 2, 2, 3, 3, 2, 2, 3, 2]"
SUSPENDED,2.0667,0.7804,45,"[2, 1, 1, 2, 2, 2, 2, 2, 2, 2, 2, 3, 2, 1, 2, 2, 1, 3, 2, 2, 1, 2, 3, 2, 3, 2, 1, 2, 3, 2, 3, 1, 2, 4, 4, 2, 2, 4, 2, 1, 2, 1, 2, 2, 2]"
SWAGGERING,2.6222,0.9837,45,"[2, 3, 3, 4, 2, 3, 2, 2, 5, 3, 2, 4, 3, 4, 2, 3, 1, 3, 3, 2, 1, 2, 3, 4, 2, 2, 1, 3, 3, 2, 3, 2, 2, 4, 5, 2, 2, 3, 2, 4, 2, 1, 2, 3, 2]"
SWAMPY,3.5641,1.2523,39,"[2, 3, 4, 2, 4, 4, 2, 5, 5, 5, 5, 4, 2, 3, 5, 2, 5, 2, 5, 2, 2, 5, 5, 2, 3, 3, 3, 5, 2, 5, 2, 4, 4, 5, 2, 5, 4, 3, 4]"
SWEATER,4.1389,1.1989,36,"[5, 4, 5, 3, 2, 5, 5, 5, 5, 2, 5, 5, 2, 5, 4, 5, 5, 5, 5, 2, 3, 4, 5, 5, 4, 2, 5, 2, 5, 5, 5, 4, 2, 4, 5, 5]"
SWEETIE,2.5833,1.079,36,"[1, 3, 3, 5, 2, 1, 4, 3, 2, 2, 4, 4, 2, 3, 3, 2, 3, 3, 1, 2, 3, 5, 3, 3, 4, 2, 2, 2, 4, 1, 1, 2, 2, 2, 2, 2]"
SWEETNESS,2.25,0.8925,44,"[2, 3, 3, 2, 2, 2, 2, 2, 1, 2, 2, 4, 2, 1, 2, 1, 1, 3, 2, 2, 1, 2, 3, 5, 2, 2, 3, 2, 2, 3, 1, 2, 3, 5, 2, 2, 2, 2, 3, 2, 2, 2, 3, 2]"
SWIFT,2.1333,0.8146,45,"[2, 1, 2, 3, 2, 2, 2, 2, 2, 2, 2, 3, 2, 2, 2, 2, 1, 3, 2, 2, 1, 2, 3, 3, 3, 2, 1, 1, 2, 2, 2, 1, 2, 4, 5, 2, 2, 4, 2, 2, 2, 1, 2, 2, 2]"
SWINGERS,3.4444,1.2523,36,"[2, 5, 5, 4, 2, 3, 3, 5, 3, 2, 3, 4, 2, 4, 5, 4, 5, 2, 1, 2, 3, 5, 3, 3, 4, 5, 4, 2, 5, 4, 5, 2, 2, 4, 5, 2]"
SWISS,2.6,1.0954,45,"[2, 1, 3, 5, 2, 2, 2, 2, 1, 2, 2, 2, 3, 1, 2, 3, 2, 2, 2, 2, 5, 2, 3, 5, 3, 2, 2, 3, 3, 2, 5, 2, 2, 4, 5, 2, 2, 3, 2, 3, 2, 4, 2, 4, 2]"
SWIVEL,2.7333,1.156,45,"[2, 1, 4, 3, 2, 2, 2, 2, 3, 2, 2, 3, 3, 3, 2, 4, 1, 4, 3, 2, 1, 2, 3, 5, 3, 2, 2, 4, 3, 2, 3, 1, 2, 4, 5, 2, 2, 5, 2, 5, 2, 4, 2, 5, 2]"
SWOLLEN,3.4054,1.1657,37,"[5, 3, 3, 4, 5, 3, 4, 4, 2, 2, 2, 5, 2, 2, 5, 4, 2, 5, 3, 2, 4, 4, 5, 4, 2, 2, 4, 4, 3, 5, 4, 2, 4, 2, 3, 2, 5]"
SWOOPED,2.4444,0.9898,45,"[2, 1, 2, 4, 2, 3, 2, 2, 2, 1, 3, 3, 4, 3, 2, 3, 1, 3, 2, 2, 1, 2, 3, 3, 3, 2, 1, 3, 2, 2, 3, 1, 2, 4, 5, 2, 2, 3, 2, 4, 2, 4, 2, 4, 1]"
SWORN,1.9459,1.0527,37,"[1, 4, 1, 2, 1, 4, 1, 4, 1, 2, 1, 1, 2, 2, 4, 1, 4, 2, 1, 4, 3, 2, 1, 1, 1, 2, 2, 2, 2, 1, 1, 2, 2, 2, 1, 2, 2]"
SYLLABLE,2.2222,1.2898,36,"[1, 5, 1, 5, 2, 1, 3, 2, 2, 2, 3, 1, 2, 2, 1, 2, 1, 2, 1, 2, 2, 3, 1, 5, 3, 1, 2, 2, 5, 4, 1, 1, 2, 2, 4, 1]"
SYMPOSIUM,2.475,1.2192,40,"[1, 4, 2, 5, 4, 4, 2, 1, 2, 2, 2, 1, 1, 2, 2, 3, 3, 2, 5, 3, 4, 1, 1, 4, 4, 1, 2, 3, 3, 1, 3, 5, 2, 2, 2, 2, 2, 1, 2, 3]"
SYNAGOGUE,3.5111,1.2725,45,"[4, 5, 5, 5, 2, 4, 2, 2, 4, 4, 2, 4, 5, 3, 2, 5, 3, 4, 4, 2, 5, 2, 3, 5, 4, 2, 4, 5, 4, 2, 5, 5, 2, 4, 5, 2, 2, 5, 2, 2, 2, 5, 2, 5, 3]"
SYNAPSE,2.6389,1.0185,36,"[1, 4, 3, 3, 2, 3, 2, 3, 3, 2, 4, 4, 2, 2, 5, 3, 3, 4, 1, 2, 3, 1, 2, 4, 2, 2, 2, 2, 3, 4, 1, 3, 2, 2, 4, 2]"
SYNDICATE,1.9487,0.8255,39,"[2, 1, 1, 2, 2, 1, 3, 2, 2, 1, 2, 1, 2, 3, 1, 2, 1, 2, 2, 3, 2, 1, 1, 2, 2, 3, 1, 3, 2, 2, 2, 4, 2, 3, 2, 4, 1, 2, 1]"
SYRACUSE,2.9048,1.2059,42,"[2, 3, 2, 2, 2, 5, 2, 2, 2, 5, 3, 5, 4, 2, 1, 5, 2, 5, 4, 2, 4, 2, 4, 2, 1, 3, 3, 4, 1, 2, 2, 2, 2, 4, 3, 3, 2, 4, 5, 3, 3, 3]"
TABLECLOTHS,3.7111,1.325,45,"[5, 5, 5, 5, 2, 5, 2, 2, 5, 4, 2, 4, 5, 4, 2, 4, 5, 4, 5, 2, 5, 2, 3, 5, 3, 2, 4, 5, 4, 2, 5, 5, 2, 4, 5, 2, 2, 5, 2, 5, 2, 5, 2, 5, 4]"
TACK,3.5946,1.3634,37,"[2, 5, 2, 5, 4, 4, 2, 5, 3, 5, 5, 2, 3, 2, 4, 3, 2, 1, 5, 4, 2, 1, 5, 2, 4, 3, 3, 4, 5, 5, 2, 5, 4, 5, 5, 5, 5]"
TAD,1.8,0.8228,40,"[2, 2, 2, 3, 2, 2, 1, 1, 2, 2, 1, 1, 1, 2, 2, 1, 4, 2, 3, 1, 1, 1, 2, 1, 3, 1, 2, 3, 2, 1, 2, 4, 1, 2, 2, 1, 2, 1, 2, 1]"
TAGGING,2.619,1.0348,42,"[3, 4, 2, 2, 3, 5, 2, 3, 2, 4, 4, 3, 1, 2, 2, 4, 2, 4, 3, 2, 3, 2, 4, 2, 2, 3, 3, 1, 1, 3, 2, 2, 4, 1, 4, 1, 2, 1, 3, 3, 3, 3]"
TAILWIND,2.25,0.8062,36,"[1, 3, 2, 4, 2, 2, 3, 4, 2, 2, 3, 2, 2, 2, 1, 2, 2, 3, 1, 2, 2, 4, 2, 1, 2, 3, 2, 2, 3, 3, 1, 2, 2, 2, 3, 2]"
TAIWAN,3.5676,1.2369,37,"[3, 5, 2, 5, 3, 4, 2, 5, 5, 5, 5, 2, 4, 2, 3, 5, 2, 3, 4, 3, 2, 4, 2, 2, 4, 1, 4, 5, 3, 5, 2, 4, 5, 5, 4, 4, 4]"
TAKEOVER,2.5135,1.1696,37,"[5, 1, 1, 2, 5, 4, 2, 3, 3, 2, 2, 1, 1, 5, 3, 1, 5, 2, 1, 4, 3, 2, 3, 2, 2, 2, 3, 2, 2, 2, 2, 3, 3, 2, 2, 3, 2]"
TALENTS,2.0952,0.9055,42,"[1, 2, 1, 2, 3, 1, 1, 2, 2, 3, 4, 2, 1, 2, 3, 2, 2, 1, 2, 1, 1, 3, 2, 4, 2, 1, 2, 3, 2, 2, 1, 2, 2, 1, 2, 3, 2, 4, 2, 2, 4, 3]"
TALES,2.2973,0.9962,37,"[5, 2, 2, 2, 1, 2, 2, 3, 3, 5, 2, 2, 2, 2, 2, 4, 2, 1, 2, 1, 2, 1, 2, 2, 1, 1, 2, 3, 3, 4, 2, 2, 3, 3, 3, 2, 2]"
TALK,2.7381,1.1489,42,"[3, 4, 2, 2, 4, 5, 2, 3, 2, 5, 3, 5, 2, 2, 3, 5, 2, 3, 2, 2, 3, 2, 5, 2, 2, 3, 1, 3, 3, 3, 2, 2, 3, 1, 3, 4, 2, 1, 2, 2, 4, 1]"
TALKIE,2.0513,0.9445,39,"[2, 2, 2, 2, 1, 1, 3, 3, 1, 3, 3, 1, 2, 2, 2, 2, 1, 2, 2, 3, 2, 1, 2, 2, 1, 3, 1, 5, 2, 3, 2, 4, 1, 1, 2, 1, 1, 3, 3]"
TAMPONS,4.0278,1.3199,36,"[5, 5, 5, 3, 2, 5, 5, 5, 5, 2, 5, 5, 2, 5, 1, 5, 5, 4, 3, 2, 3, 5, 5, 5, 4, 2, 5, 2, 5, 5, 5, 4, 2, 5, 5, 4]"
TANGLED,3.6389,1.0185,36,"[4, 5, 4, 4, 2, 4, 5, 3, 4, 2, 5, 5, 2, 4, 4, 4, 3, 3, 2, 2, 4, 3, 4, 4, 4, 3, 5, 2, 4, 5, 4, 3, 2, 4, 5, 4]"
TANGO,3.439,1.361,41,"[5, 5, 2, 2, 5, 2, 5, 2, 5, 3, 5, 4, 2, 3, 5, 2, 4, 5, 2, 3, 2, 5, 2, 3, 3, 4, 5, 5, 3, 2, 2, 4, 1, 3, 5, 2, 5, 5, 4, 1, 4]"
TANKER,3.7222,1.1616,36,"[5, 5, 5, 3, 2, 5, 4, 5, 4, 2, 5, 4, 2, 3, 5, 5, 4, 4, 2, 2, 2, 4, 4, 4, 4, 2, 4, 2, 5, 4, 3, 4, 2, 4, 5, 5]"
TAPED,3.4722,1.082,36,"[5, 4, 2, 3, 2, 4, 5, 4, 4, 2, 4, 5, 2, 4, 4, 5, 4, 3, 2, 2, 3, 4, 4, 3, 4, 3, 5, 2, 5, 5, 4, 3, 2, 2, 3, 3]"
TARDY,1.9,0.9282,40,"[4, 2, 2, 1, 2, 3, 1, 2, 2, 2, 1, 1, 5, 2, 2, 1, 1, 2, 2, 1, 1, 2, 2, 1, 3, 1, 2, 2, 2, 1, 2, 3, 2, 2, 1, 4, 2, 1, 2, 1]"
TASKS,2.3243,0.8183,37,"[4, 2, 2, 2, 2, 3, 2, 3, 3, 4, 3, 2, 2, 2, 1, 3, 2, 1, 1, 1, 2, 2, 2, 2, 2, 2, 2, 2, 3, 4, 2, 2, 3, 2, 4, 3, 2]"
TATE,1.8605,1.0137,43,"[4, 2, 1, 1, 1, 1, 1, 1, 2, 1, 4, 2, 1, 2, 2, 5, 2, 1, 2, 3, 2, 2, 2, 2, 2, 1, 2, 1, 1, 2, 1, 2, 2, 1, 1, 1, 2, 1, 4, 2, 2, 1, 4]"
TAUTOLOGY,1.3947,0.5472,38,"[1, 2, 1, 1, 1, 1, 1, 1, 2, 2, 1, 3, 1, 2, 2, 1, 1, 2, 2, 1, 1, 1, 2, 1, 2, 1, 2, 1, 1, 1, 1, 1, 2, 1, 2, 1, 2, 1]"
TECHNICALLY,1.7027,0.7018,37,"[2, 1, 1, 2, 1, 2, 1, 3, 2, 2, 1, 1, 1, 4, 2, 3, 1, 2, 1, 1, 2, 2, 1, 2, 1, 2, 2, 1, 2, 2, 1, 2, 2, 2, 1, 2, 2]"
TECHNIQUES,1.8649,0.887,37,"[2, 3, 1, 2, 1, 3, 1, 3, 2, 2, 1, 1, 1, 5, 2, 1, 2, 2, 3, 1, 3, 1, 1, 2, 2, 2, 2, 2, 2, 1, 1, 1, 2, 2, 1, 3, 2]"
TECHNO,2.3953,0.8767,43,"[2, 2, 1, 2, 3, 3, 4, 3, 2, 2, 3, 2, 4, 2, 4, 1, 2, 3, 2, 2, 4, 3, 2, 4, 2, 1, 2, 2, 2, 2, 2, 2, 1, 3, 3, 1, 2, 3, 3, 2, 2, 2, 4]"
TEENAGE,2.907,1.0192,43,"[4, 3, 2, 3, 4, 3, 2, 3, 2, 4, 3, 2, 2, 2, 4, 5, 2, 4, 2, 2, 3, 3, 2, 4, 2, 2, 2, 4, 4, 1, 3, 2, 2, 3, 3, 3, 2, 4, 5, 2, 2, 5, 4]"
TEENY,2.6667,1.1078,45,"[2, 1, 4, 4, 2, 3, 2, 2, 4, 2, 2, 3, 2, 2, 2, 2, 1, 3, 1, 2, 1, 2, 3, 4, 3, 2, 2, 3, 4, 2, 2, 3, 2, 4, 5, 2, 2, 4, 2, 4, 2, 5, 2, 5, 4]"
TELEGRAM,3.5,1.2543,42,"[5, 4, 4, 4, 5, 3, 4, 4, 2, 4, 5, 2, 4, 2, 3, 4, 2, 4, 2, 5, 4, 5, 2, 5, 2, 2, 2, 5, 4, 2, 4, 2, 5, 3, 5, 5, 2, 2, 5, 2, 2, 5]"
TELEGRAPH,3.5135,1.2161,37,"[5, 2, 5, 2, 5, 4, 3, 3, 3, 2, 3, 4, 4, 3, 5, 2, 5, 2, 4, 5, 4, 5, 4, 2, 5, 2, 3, 3, 2, 5, 4, 2, 4, 2, 5, 5, 2]"
TELEVANGELIST,3.2222,1.1849,45,"[3, 5, 5, 5, 2, 3, 2, 2, 4, 4, 2, 5, 4, 4, 2, 3, 5, 3, 5, 2, 4, 2, 3, 5, 3, 2, 3, 3, 4, 2, 3, 3, 2, 3, 5, 2, 2, 5, 2, 2, 2, 4, 2, 5, 2]"
TEMPER,2.9444,1.1697,36,"[2, 4, 5, 4, 2, 2, 4, 2, 2, 2, 4, 3, 2, 3, 4, 4, 3, 1, 2, 2, 3, 5, 3, 3, 5, 4, 4, 2, 2, 5, 1, 2, 2, 2, 4, 2]"
TEMPO,2.3784,1.1631,37,"[5, 4, 1, 2, 1, 5, 2, 3, 4, 2, 2, 1, 1, 3, 4, 3, 4, 2, 1, 2, 3, 2, 3, 2, 1, 2, 2, 2, 2, 1, 1, 3, 3, 2, 1, 4, 2]"
TENNESSEE,3.5,1.2403,40,"[4, 4, 5, 4, 2, 5, 5, 2, 2, 2, 4, 4, 5, 2, 2, 5, 3, 2, 5, 3, 4, 3, 4, 3, 4, 5, 2, 3, 5, 5, 5, 5, 2, 2, 5, 3, 2, 2, 2, 4]"
TERMS,1.825,0.8439,40,"[4, 2, 1, 1, 2, 3, 1, 1, 2, 2, 1, 1, 2, 2, 2, 1, 2, 2, 3, 1, 1, 1, 2, 1, 3, 2, 2, 3, 1, 1, 1, 3, 2, 2, 2, 4, 2, 1, 2, 1]"
TERRIBLY,1.9412,0.8507,34,"[1, 2, 3, 2, 2, 3, 1, 1, 2, 2, 1, 2, 2, 1, 1, 2, 2, 1, 2, 3, 4, 2, 1, 3, 3, 2, 2, 1, 4, 1, 2, 2, 2, 1]"
TESLA,2.8667,1.2173,45,"[3, 3, 1, 1, 2, 3, 2, 2, 1, 2, 2, 3, 5, 3, 2, 3, 3, 1, 3, 2, 5, 2, 3, 5, 3, 2, 3, 3, 4, 2, 4, 5, 2, 4, 5, 2, 2, 5, 2, 2, 2, 5, 2, 4, 4]"
TESTAMENT,2.225,1.0975,40,"[1, 1, 2, 4, 2, 4, 1, 2, 2, 2, 3, 3, 4, 2, 2, 2, 1, 2, 3, 1, 1, 2, 1, 1, 3, 5, 2, 4, 2, 1, 1, 4, 2, 2, 2, 3, 2, 1, 2, 4]"
TETHERED,3.0698,1.1831,43,"[5, 3, 4, 4, 5, 3, 1, 2, 2, 2, 5, 2, 3, 2, 5, 3, 2, 4, 2, 4, 3, 4, 2, 4, 2, 1, 2, 4, 5, 2, 4, 2, 4, 3, 4, 3, 2, 3, 5, 2, 2, 2, 4]"
TEX,2.0256,0.9864,39,"[2, 2, 2, 1, 3, 5, 1, 4, 1, 2, 4, 1, 2, 2, 3, 2, 1, 2, 2, 2, 2, 1, 1, 2, 1, 2, 2, 1, 2, 4, 2, 3, 1, 3, 2, 2, 1, 1, 2]"
TEXAS,3.8108,1.1264,37,"[5, 5, 3, 2, 2, 5, 4, 5, 4, 2, 5, 5, 2, 5, 5, 4, 4, 4, 2, 2, 4, 4, 3, 4, 4, 4, 3, 5, 2, 5, 5, 4, 4, 2, 4, 4, 5]"
TEXTURE,2.6,0.8634,45,"[3, 3, 4, 2, 2, 2, 2, 2, 3, 4, 2, 3, 2, 3, 2, 3, 3, 3, 4, 2, 1, 2, 3, 3, 2, 2, 2, 3, 3, 2, 2, 1, 2, 4, 5, 2, 2, 4, 2, 4, 2, 2, 2, 3, 3]"
THAN,1.381,0.4915,42,"[1, 2, 2, 1, 1, 1, 1, 1, 2, 1, 2, 1, 2, 2, 1, 2, 1, 2, 1, 1, 1, 2, 1, 2, 1, 2, 1, 1, 2, 1, 2, 1, 1, 1, 1, 2, 1, 1, 2, 2, 1, 1]"
THANKSGIVING,3.6667,1.2649,36,"[1, 5, 3, 4, 2, 4, 5, 3, 4, 2, 3, 3, 2, 5, 4, 5, 5, 4, 3, 2, 5, 5, 5, 4, 4, 2, 5, 2, 5, 5, 2, 3, 2, 5, 5, 4]"
THEATERS,3.9524,1.3058,42,"[5, 5, 2, 2, 5, 5, 2, 5, 2, 5, 5, 5, 4, 2, 5, 5, 2, 4, 4, 2, 4, 2, 4, 2, 5, 5, 4, 5, 5, 4, 2, 2, 5, 5, 5, 5, 2, 5, 5, 5, 5, 4]"
THERAPISTS,3.475,1.1091,40,"[5, 3, 4, 3, 4, 4, 5, 4, 2, 2, 2, 4, 5, 2, 2, 4, 5, 2, 5, 3, 5, 3, 4, 4, 4, 5, 2, 3, 4, 3, 4, 5, 4, 2, 3, 4, 2, 2, 2, 4]"
THERMITE,2.4,1.194,40,"[2, 4, 3, 4, 5, 3, 1, 2, 2, 2, 2, 1, 1, 2, 2, 2, 5, 2, 4, 4, 1, 1, 4, 3, 2, 1, 2, 2, 2, 5, 4, 2, 2, 2, 1, 2, 2, 2, 2, 1]"
THESE,1.675,0.7299,40,"[3, 2, 2, 2, 1, 2, 1, 1, 2, 2, 1, 1, 1, 2, 2, 1, 2, 2, 1, 1, 1, 2, 1, 2, 3, 1, 2, 1, 2, 1, 1, 2, 1, 2, 3, 4, 2, 1, 2, 1]"
THIEVES,3.6216,1.0891,37,"[5, 4, 4, 2, 4, 5, 3, 3, 4, 2, 5, 4, 5, 4, 5, 2, 5, 2, 4, 5, 4, 3, 4, 3, 4, 2, 4, 3, 2, 3, 5, 4, 3, 2, 4, 5, 2]"
THIN,3.4524,1.3104,42,"[5, 3, 5, 5, 5, 4, 1, 4, 2, 5, 2, 3, 2, 5, 3, 2, 4, 2, 3, 5, 3, 2, 4, 2, 4, 2, 5, 5, 2, 4, 2, 2, 5, 5, 4, 2, 4, 5, 2, 2, 5, 4]"
THINGY,1.8293,0.9461,41,"[2, 2, 2, 2, 3, 5, 2, 1, 2, 5, 2, 2, 1, 2, 2, 3, 2, 1, 1, 2, 1, 2, 2, 2, 1, 1, 1, 1, 1, 1, 2, 2, 1, 1, 2, 1, 2, 2, 1, 3, 1]"
THORN,4.1795,1.2747,39,"[2, 5, 5, 5, 5, 5, 5, 5, 5, 5, 5, 5, 2, 4, 5, 2, 3, 2, 4, 5, 2, 5, 5, 2, 5, 5, 5, 5, 2, 5, 2, 5, 5, 5, 2, 5, 5, 4, 5]"
THOSE,1.6389,0.7617,36,"[1, 2, 1, 2, 1, 1, 1, 3, 2, 2, 2, 1, 3, 3, 1, 3, 2, 1, 2, 3, 1, 1, 1, 1, 2, 1, 1, 2, 1, 1, 1, 3, 2, 1, 1, 2]"
THOUGH,1.4211,0.6423,38,"[2, 1, 1, 2, 1, 1, 1, 1, 1, 2, 1, 1, 2, 1, 1, 2, 1, 2, 2, 2, 2, 1, 1, 2, 1, 1, 1, 1, 2, 2, 1, 4, 1, 2, 1, 1, 1, 1]"
THREESOME,3.6216,1.277,37,"[5, 1, 3, 2, 4, 5, 4, 5, 5, 2, 3, 5, 5, 5, 4, 1, 5, 2, 4, 5, 4, 4, 4, 4, 4, 2, 3, 3, 2, 3, 3, 5, 5, 2, 4, 5, 2]"
THROATS,3.7838,1.2939,37,"[5, 3, 5, 2, 5, 5, 5, 3, 5, 2, 4, 4, 5, 4, 5, 1, 5, 2, 3, 5, 4, 4, 4, 3, 5, 2, 2, 3, 2, 4, 5, 5, 5, 2, 5, 5, 2]"
THROW,3.2143,1.2003,42,"[4, 4, 2, 2, 3, 5, 2, 5, 2, 5, 3, 5, 2, 2, 3, 3, 2, 4, 3, 2, 3, 2, 4, 2, 3, 4, 5, 3, 5, 4, 2, 2, 4, 1, 4, 5, 2, 1, 4, 4, 4, 4]"
THROWAWAY,2.5,1.0377,40,"[4, 3, 2, 2, 2, 3, 1, 4, 2, 2, 1, 2, 3, 2, 2, 3, 2, 2, 5, 2, 2, 4, 4, 3, 3, 5, 2, 1, 3, 1, 2, 2, 3, 2, 3, 2, 2, 1, 2, 4]"
THUD,2.2667,0.963,45,"[2, 1, 3, 2, 2, 2, 2, 2, 1, 2, 2, 4, 1, 2, 2, 1, 1, 3, 4, 2, 1, 2, 3, 4, 3, 2, 1, 2, 2, 2, 2, 3, 2, 4, 5, 2, 2, 3, 2, 3, 2, 1, 2, 4, 2]"
THUNDER,2.8857,1.4707,35,"[1, 5, 2, 4, 2, 1, 5, 3, 1, 2, 2, 5, 2, 3, 1, 5, 3, 3, 1, 2, 5, 4, 4, 5, 4, 3, 3, 2, 5, 5, 1, 2, 2, 2, 1]"
THUNDERHEAD,2.619,1.396,42,"[1, 5, 2, 2, 2, 1, 2, 3, 2, 2, 4, 5, 2, 2, 5, 2, 2, 3, 4, 2, 5, 2, 5, 2, 1, 2, 5, 2, 1, 3, 2, 2, 1, 1, 1, 5, 2, 1, 5, 3, 2, 4]"
TIBET,3.25,1.1557,36,"[3, 5, 5, 2, 2, 2, 3, 5, 2, 2, 5, 4, 2, 3, 4, 3, 3, 3, 1, 2, 2, 5, 3, 4, 3, 3, 3, 2, 5, 3, 4, 4, 2, 5, 4, 4]"
TIC,2.7838,1.3361,37,"[5, 5, 2, 2, 1, 3, 2, 4, 4, 3, 4, 2, 4, 2, 4, 4, 2, 1, 3, 2, 2, 4, 2, 2, 4, 1, 5, 2, 1, 2, 2, 1, 3, 2, 5, 5, 1]"
TIMBERLINE,2.9231,1.2852,39,"[2, 3, 3, 2, 4, 3, 3, 2, 2, 1, 4, 2, 2, 4, 4, 2, 1, 2, 4, 3, 2, 3, 5, 2, 2, 4, 1, 1, 5, 5, 2, 4, 2, 5, 2, 5, 2, 5, 4]"
TIPTOE,3.3571,1.1857,42,"[3, 5, 2, 2, 5, 5, 2, 4, 2, 5, 4, 4, 2, 2, 4, 5, 2, 3, 3, 2, 5, 2, 4, 2, 4, 4, 4, 3, 5, 4, 2, 2, 4, 1, 4, 5, 2, 3, 4, 4, 4, 3]"
TITANIUM,3.3488,1.2322,43,"[3, 4, 5, 4, 4, 5, 3, 5, 2, 2, 5, 2, 2, 2, 5, 5, 2, 3, 2, 4, 5, 4, 2, 5, 2, 2, 2, 5, 3, 2, 3, 2, 3, 3, 4, 4, 2, 4, 5, 2, 2, 5, 4]"
TITHING,2.2105,0.963,38,"[2, 2, 3, 2, 1, 3, 2, 2, 5, 3, 2, 3, 2, 1, 1, 2, 2, 2, 2, 2, 1, 2, 2, 2, 3, 3, 3, 2, 3, 2, 3, 5, 1, 2, 1, 1, 1, 3]"
TITLED,2.2703,1.1462,37,"[5, 3, 3, 2, 3, 3, 1, 3, 1, 2, 2, 1, 1, 5, 4, 1, 4, 2, 2, 1, 3, 1, 1, 3, 1, 2, 2, 3, 2, 2, 1, 2, 4, 2, 1, 3, 2]"
TOD,2.0667,1.0313,45,"[2, 3, 1, 1, 2, 2, 2, 2, 1, 1, 2, 1, 1, 1, 2, 1, 1, 1, 3, 2, 5, 2, 3, 5, 2, 2, 2, 1, 3, 2, 2, 1, 2, 3, 3, 2, 2, 5, 2, 2, 2, 1, 2, 2, 3]"
TOKYO,3.2045,1.231,44,"[5, 5, 4, 5, 2, 2, 2, 2, 1, 3, 2, 5, 4, 4, 2, 4, 3, 3, 3, 2, 5, 2, 3, 5, 3, 2, 3, 5, 3, 2, 4, 3, 2, 4, 5, 2, 2, 2, 4, 2, 5, 2, 5, 3]"
TOLEDO,2.6429,1.1857,42,"[3, 3, 2, 2, 4, 5, 2, 1, 2, 4, 2, 5, 2, 2, 3, 5, 2, 3, 4, 2, 4, 2, 3, 2, 1, 2, 3, 4, 1, 1, 2, 2, 2, 4, 1, 3, 2, 1, 5, 3, 2, 3]"
TOLLGATE,3.6111,1.3369,36,"[2, 5, 2, 5, 4, 2, 5, 5, 3, 5, 2, 4, 2, 5, 5, 2, 4, 4, 3, 2, 4, 1, 2, 3, 4, 3, 5, 3, 5, 2, 5, 5, 5, 5, 5, 2]"
TOMATO,4.1698,1.3206,318,"[5, 5, 5, 5, 5, 5, 5, 5, 2, 2, 5, 4, 5, 2, 2, 5, 5, 2, 5, 5, 5, 5, 5, 5, 5, 5, 2, 5, 5, 5, 5, 5, 2, 5, 5, 2, 5, 2, 5, 5, 5, 2, 5, 5, 5, 2, 5, 5, 5, 5, 2, 4, 2, 5, 5, 2, 5, 5, 5, 2, 5, 5, 2, 5, 5, 5, 5, 5, 5, 2, 5, 5, 5, 5, 5, 5, 5, 5, 5, 4, 2, 5, 5, 5, 5, 2, 5, 5, 2, 5, 5, 5, 5, 5, 4, 2, 5, 5, 5, 5, 4, 1, 5, 2, 5, 5, 5, 4, 2, 4, 5, 5, 5, 5, 2, 2, 5, 5, 2, 5, 2, 5, 5, 5, 5, 2, 5, 5, 2, 5, 5, 2, 5, 2, 5, 2, 5, 5, 5, 5, 5, 5, 2, 2, 4, 5, 5, 5, 2, 5, 5, 5, 5, 5, 5, 5, 5, 5, 2, 5, 2, 2, 5, 5, 2, 5, 5, 5, 2, 5, 5, 5, 5, 2, 5, 2, 3, 5, 5, 2, 5, 5, 5, 2, 5, 5, 1, 3, 5, 2, 2, 5, 2, 5, 2, 5, 2, 5, 4, 5, 5, 5, 5, 5, 5, 5, 5, 2, 5, 5, 2, 3, 2, 5, 5, 2, 5, 2, 5, 5, 5, 2, 5, 2, 5, 2, 5, 5, 2, 5, 2, 5, 5, 5, 5, 2, 5, 5, 2, 2, 5, 5, 5, 3, 5, 2, 5, 5, 5, 3, 5, 2, 5, 5, 5, 5, 5, 1, 5, 2, 5, 5, 5, 5, 5, 5, 5, 2, 5, 5, 2, 5, 5, 5, 5, 2, 5, 5, 2, 2, 5, 5, 5, 5, 5, 5, 5, 5, 5, 5, 5, 2, 5, 5, 2, 4, 2, 5, 5, 2, 5, 5, 2, 5, 5, 5, 5, 4, 5, 2, 5, 5, 5, 2, 5, 5, 5, 5]"
TOMCATS,3.6757,1.2922,37,"[4, 1, 4, 2, 5, 5, 4, 3, 5, 2, 4, 5, 5, 4, 4, 3, 5, 2, 5, 2, 5, 2, 5, 3, 5, 2, 3, 4, 2, 3, 5, 4, 5, 2, 5, 5, 2]"
TOMORROW,1.9444,0.9545,36,"[1, 2, 2, 2, 3, 3, 2, 3, 2, 1, 1, 2, 1, 2, 2, 4, 2, 1, 2, 1, 2, 2, 2, 2, 2, 1, 1, 2, 4, 2, 1, 1, 2, 5, 1, 1]"
TONES,2.2222,0.9595,36,"[1, 4, 3, 4, 2, 1, 3, 3, 2, 2, 2, 3, 2, 2, 2, 4, 2, 2, 1, 2, 4, 4, 3, 2, 2, 2, 3, 2, 1, 1, 1, 1, 2, 2, 2, 1]"
TONIC,3.2222,1.0983,36,"[5, 5, 3, 4, 2, 3, 3, 5, 3, 2, 5, 3, 2, 4, 3, 5, 3, 3, 2, 2, 3, 3, 5, 3, 3, 2, 4, 2, 5, 3, 1, 3, 2, 4, 3, 3]"
TONY,2.775,1.4049,40,"[2, 4, 1, 3, 1, 3, 5, 1, 2, 2, 2, 3, 5, 2, 2, 2, 5, 2, 5, 2, 4, 3, 1, 1, 3, 5, 2, 4, 5, 1, 2, 3, 5, 1, 4, 4, 2, 1, 2, 4]"
TOOLBOX,4.1351,1.3977,37,"[5, 1, 5, 2, 5, 5, 5, 4, 5, 2, 5, 5, 5, 5, 5, 1, 5, 2, 5, 5, 5, 5, 5, 4, 5, 2, 5, 5, 2, 4, 5, 5, 5, 2, 5, 5, 2]"
TORCHED,2.8444,1.2052,45,"[2, 1, 5, 4, 2, 4, 2, 2, 5, 4, 2, 4, 4, 4, 2, 1, 2, 3, 3, 2, 1, 2, 3, 5, 3, 2, 2, 4, 3, 2, 3, 1, 2, 4, 5, 2, 2, 3, 2, 4, 2, 4, 2, 5, 2]"
TORMENT,2.25,0.9806,40,"[4, 3, 3, 1, 2, 2, 1, 3, 2, 2, 1, 4, 2, 2, 2, 3, 3, 2, 5, 1, 1, 3, 1, 3, 3, 1, 2, 2, 1, 1, 3, 3, 3, 2, 1, 3, 2, 2, 2, 3]"
TORTOISE,3.8,1.3751,45,"[5, 5, 5, 5, 2, 5, 2, 2, 5, 5, 2, 5, 5, 4, 2, 5, 5, 5, 5, 2, 5, 2, 3, 5, 4, 2, 4, 5, 4, 2, 5, 5, 2, 3, 5, 2, 2, 5, 2, 5, 2, 5, 2, 5, 4]"
TOWER,4.0,1.291,319,"[5, 5, 5, 5, 5, 5, 5, 5, 2, 2, 5, 5, 5, 2, 2, 4, 5, 2, 5, 4, 5, 4, 5, 5, 5, 5, 1, 5, 4, 3, 5, 4, 4, 2, 5, 4, 2, 3, 2, 5, 5, 5, 2, 5, 5, 5, 1, 5, 5, 5, 5, 2, 3, 1, 5, 5, 2, 5, 5, 5, 2, 4, 5, 2, 5, 5, 4, 5, 4, 5, 2, 5, 5, 5, 5, 5, 5, 5, 5, 4, 4, 2, 5, 5, 5, 4, 2, 4, 5, 2, 5, 4, 5, 5, 4, 4, 1, 3, 4, 5, 5, 4, 3, 5, 2, 5, 5, 5, 4, 2, 4, 5, 5, 5, 5, 2, 2, 4, 5, 2, 5, 2, 5, 5, 5, 4, 2, 5, 5, 2, 4, 4, 2, 5, 2, 5, 2, 5, 5, 5, 5, 5, 5, 2, 2, 5, 3, 5, 4, 2, 5, 5, 5, 4, 5, 5, 5, 5, 5, 2, 4, 2, 2, 5, 5, 2, 4, 5, 5, 2, 5, 5, 3, 5, 2, 5, 2, 3, 5, 3, 2, 4, 5, 4, 2, 5, 5, 2, 3, 5, 2, 2, 5, 2, 5, 2, 5, 2, 5, 4, 5, 4, 4, 5, 5, 5, 5, 5, 2, 2, 5, 2, 4, 2, 5, 4, 2, 5, 2, 5, 5, 4, 2, 4, 2, 5, 2, 5, 5, 2, 5, 2, 5, 5, 5, 5, 2, 5, 5, 2, 3, 5, 4, 5, 2, 4, 2, 5, 5, 5, 3, 5, 2, 4, 5, 5, 5, 5, 3, 5, 2, 5, 5, 5, 4, 5, 2, 5, 2, 5, 4, 2, 4, 5, 5, 5, 2, 5, 5, 2, 2, 4, 5, 5, 4, 5, 5, 5, 5, 5, 5, 5, 2, 5, 5, 2, 5, 2, 5, 5, 2, 5, 5, 2, 4, 5, 5, 5, 4, 5, 2, 5, 5, 5, 2, 5, 4, 5, 5]"
TOWNS,3.6579,1.2793,38,"[2, 4, 3, 3, 3, 5, 5, 5, 5, 5, 3, 2, 4, 5, 2, 5, 2, 5, 4, 2, 1, 4, 2, 3, 5, 4, 4, 2, 5, 2, 5, 5, 5, 2, 5, 3, 4, 4]"
TRAITORS,2.4186,0.957,43,"[2, 2, 1, 2, 3, 3, 2, 3, 2, 3, 4, 2, 3, 2, 5, 4, 2, 1, 2, 2, 4, 4, 2, 4, 2, 2, 2, 3, 2, 2, 1, 2, 2, 2, 1, 1, 2, 3, 4, 2, 2, 3, 2]"
TRANSFUSION,3.0541,1.2898,37,"[5, 4, 2, 3, 3, 5, 2, 5, 5, 4, 3, 2, 5, 2, 5, 3, 2, 1, 2, 3, 2, 3, 2, 2, 3, 1, 2, 3, 4, 5, 2, 3, 5, 3, 4, 1, 2]"
TRANSPIRED,1.7297,0.9617,37,"[5, 4, 1, 2, 1, 2, 1, 4, 1, 2, 2, 1, 1, 3, 2, 1, 1, 2, 1, 1, 2, 1, 1, 2, 1, 2, 1, 2, 2, 1, 1, 1, 2, 2, 1, 2, 2]"
TRANSPOSED,1.8889,0.7142,45,"[2, 1, 1, 1, 2, 1, 2, 2, 1, 2, 2, 1, 3, 1, 2, 2, 1, 2, 2, 2, 1, 2, 3, 3, 2, 2, 1, 1, 3, 2, 2, 1, 2, 4, 3, 2, 2, 3, 2, 2, 2, 1, 2, 2, 2]"
TRAPEZE,3.6364,1.2956,44,"[3, 5, 5, 5, 2, 4, 2, 2, 4, 4, 2, 5, 5, 4, 2, 5, 5, 4, 4, 2, 5, 2, 3, 5, 4, 2, 4, 5, 4, 2, 5, 2, 4, 5, 2, 2, 5, 2, 5, 2, 5, 2, 5, 4]"
TRAPPER,3.2432,1.2112,37,"[4, 5, 2, 5, 4, 4, 2, 4, 5, 5, 3, 2, 3, 2, 4, 4, 2, 1, 2, 3, 2, 3, 2, 2, 4, 3, 2, 4, 3, 2, 2, 5, 4, 5, 4, 5, 2]"
TRASHED,3.4167,1.1052,36,"[3, 5, 4, 2, 2, 3, 5, 3, 4, 2, 4, 4, 2, 2, 5, 4, 4, 3, 3, 2, 4, 5, 5, 3, 4, 3, 5, 2, 4, 5, 3, 2, 2, 2, 4, 4]"
TREAD,2.8605,1.0137,43,"[4, 2, 3, 3, 4, 3, 2, 2, 2, 2, 3, 2, 2, 2, 3, 5, 2, 2, 2, 3, 4, 3, 2, 4, 2, 3, 2, 4, 4, 2, 3, 2, 3, 4, 1, 5, 2, 4, 4, 2, 2, 5, 3]"
TREASON,1.875,0.6864,40,"[3, 1, 1, 1, 2, 2, 1, 2, 2, 2, 1, 1, 3, 2, 2, 2, 2, 2, 3, 1, 1, 3, 2, 1, 2, 1, 2, 3, 2, 1, 2, 2, 2, 2, 2, 3, 2, 3, 2, 1]"
TREATIES,2.5116,0.9605,43,"[3, 2, 1, 3, 3, 2, 2, 2, 2, 1, 4, 2, 3, 2, 3, 5, 2, 2, 2, 1, 3, 4, 2, 4, 2, 1, 2, 3, 2, 2, 2, 2, 2, 4, 3, 4, 2, 4, 4, 2, 2, 2, 3]"
TREMBLE,3.1628,1.1112,43,"[3, 4, 4, 4, 5, 5, 3, 4, 2, 4, 4, 2, 3, 2, 5, 3, 2, 2, 2, 5, 5, 3, 2, 2, 2, 4, 2, 4, 5, 2, 3, 2, 4, 3, 3, 4, 2, 2, 4, 2, 2, 2, 4]"
TRENTON,2.4889,1.1798,45,"[2, 1, 1, 4, 2, 2, 2, 2, 1, 2, 2, 2, 3, 1, 2, 1, 3, 1, 3, 2, 5, 2, 3, 5, 3, 2, 1, 2, 4, 2, 4, 4, 2, 4, 5, 2, 2, 3, 2, 3, 2, 1, 2, 5, 3]"
TRIBUTE,2.3256,1.0402,43,"[3, 2, 1, 4, 2, 2, 1, 2, 2, 4, 2, 2, 2, 2, 4, 3, 3, 1, 2, 1, 2, 3, 2, 5, 2, 2, 2, 3, 1, 2, 1, 2, 1, 2, 1, 3, 2, 5, 4, 2, 2, 3, 3]"
TRIPLE,2.475,1.132,40,"[5, 2, 1, 2, 4, 1, 1, 2, 2, 2, 1, 1, 2, 2, 2, 2, 2, 2, 3, 2, 2, 3, 4, 4, 3, 1, 2, 4, 3, 1, 3, 5, 3, 2, 4, 4, 2, 2, 2, 4]"
TROOPERS,3.5111,1.2725,45,"[3, 5, 5, 4, 2, 3, 2, 2, 3, 4, 2, 5, 5, 5, 2, 5, 5, 3, 4, 2, 5, 2, 3, 5, 3, 2, 3, 5, 4, 2, 5, 5, 2, 4, 5, 2, 2, 5, 2, 5, 2, 4, 2, 4, 4]"
TROOPS,3.9189,1.2775,37,"[5, 5, 2, 5, 4, 4, 2, 4, 5, 5, 5, 2, 4, 2, 5, 5, 2, 1, 5, 4, 2, 4, 5, 2, 4, 3, 4, 5, 5, 5, 2, 5, 5, 5, 5, 4, 4]"
TROUBLEMAKER,2.7778,1.072,36,"[5, 4, 2, 3, 3, 5, 2, 2, 3, 3, 1, 2, 3, 2, 3, 3, 2, 1, 3, 3, 2, 2, 4, 2, 3, 1, 2, 2, 3, 4, 2, 4, 3, 4, 5, 2]"
TRUCE,2.5135,1.0171,37,"[2, 4, 5, 4, 2, 2, 3, 2, 2, 2, 3, 3, 2, 3, 2, 2, 3, 2, 1, 2, 3, 4, 3, 1, 4, 3, 1, 4, 2, 2, 3, 1, 2, 2, 2, 4, 1]"
TRUCKLOAD,3.5952,1.2109,42,"[4, 5, 2, 2, 4, 5, 2, 3, 2, 5, 3, 5, 3, 2, 5, 5, 2, 3, 4, 2, 4, 2, 5, 2, 4, 4, 5, 5, 5, 4, 2, 2, 3, 4, 5, 4, 2, 4, 3, 4, 5, 5]"
TRUMPET,4.25,1.1802,36,"[5, 5, 5, 3, 2, 5, 5, 5, 5, 2, 5, 5, 2, 5, 5, 5, 5, 5, 4, 2, 3, 5, 5, 5, 4, 3, 5, 2, 5, 5, 5, 4, 2, 5, 5, 5]"
TUBBY,3.0233,1.1017,43,"[5, 3, 4, 4, 5, 5, 1, 4, 2, 3, 4, 2, 4, 2, 2, 2, 2, 4, 2, 3, 5, 3, 2, 4, 2, 3, 2, 4, 5, 2, 2, 2, 3, 2, 3, 3, 2, 3, 3, 2, 2, 4, 4]"
TUCKER,1.8718,1.0306,39,"[3, 4, 1, 1, 1, 1, 1, 2, 2, 2, 1, 1, 1, 2, 2, 1, 4, 2, 5, 1, 1, 1, 3, 3, 3, 1, 2, 1, 2, 1, 1, 2, 2, 3, 3, 2, 1, 2, 1]"
TUITION,2.2703,1.0179,37,"[2, 3, 2, 2, 3, 4, 2, 1, 3, 3, 1, 2, 2, 2, 4, 2, 2, 1, 2, 1, 2, 2, 2, 2, 2, 1, 3, 3, 2, 5, 2, 2, 2, 3, 5, 1, 1]"
TUM,2.1892,1.2657,37,"[5, 3, 2, 2, 2, 2, 2, 5, 1, 1, 1, 2, 1, 2, 1, 2, 2, 4, 2, 1, 2, 1, 2, 2, 4, 1, 3, 5, 3, 1, 2, 1, 1, 4, 4, 1, 1]"
TUMMY,4.0,1.2247,37,"[3, 4, 3, 2, 5, 5, 5, 4, 5, 2, 4, 5, 5, 4, 5, 2, 5, 2, 5, 5, 5, 3, 5, 4, 5, 2, 5, 4, 2, 4, 5, 5, 5, 2, 5, 5, 2]"
TUNIS,1.8462,1.113,39,"[2, 1, 1, 1, 3, 4, 5, 1, 3, 1, 1, 1, 2, 2, 1, 2, 1, 2, 2, 1, 2, 1, 1, 2, 1, 4, 1, 3, 2, 2, 2, 1, 1, 5, 2, 1, 2, 1, 1]"
TURNSTILE,3.1081,1.6631,37,"[5, 1, 3, 2, 3, 5, 2, 2, 5, 2, 5, 1, 5, 5, 5, 1, 5, 2, 1, 1, 5, 3, 5, 2, 5, 2, 1, 4, 2, 4, 1, 1, 5, 2, 5, 5, 2]"
TWIN,3.5714,1.2715,42,"[3, 5, 2, 2, 5, 5, 2, 5, 2, 5, 5, 5, 3, 2, 3, 4, 2, 5, 4, 2, 3, 2, 4, 2, 2, 5, 5, 4, 5, 4, 2, 2, 5, 3, 5, 4, 2, 5, 3, 5, 4, 3]"
TWINGE,2.3333,0.9562,36,"[1, 4, 3, 4, 2, 2, 3, 3, 2, 2, 2, 2, 2, 2, 1, 2, 2, 3, 1, 2, 2, 4, 3, 3, 2, 2, 5, 2, 1, 4, 1, 2, 2, 2, 2, 2]"
TWIST,3.093,1.1915,43,"[3, 2, 4, 2, 5, 5, 1, 2, 2, 4, 5, 2, 3, 2, 5, 4, 2, 4, 2, 3, 5, 4, 2, 4, 2, 4, 2, 4, 5, 2, 3, 2, 4, 4, 1, 3, 2, 4, 4, 2, 2, 3, 3]"
TYLER,2.6,1.288,35,"[1, 2, 4, 3, 2, 1, 1, 5, 2, 2, 5, 3, 2, 2, 4, 1, 3, 3, 1, 2, 3, 5, 2, 2, 2, 2, 2, 5, 5, 1, 2, 2, 4, 2, 3]"
TYPEWRITTEN,3.45,1.2598,40,"[5, 4, 4, 5, 5, 4, 3, 3, 2, 2, 5, 1, 5, 2, 2, 3, 5, 2, 5, 3, 4, 4, 5, 5, 5, 3, 2, 4, 3, 1, 4, 4, 4, 2, 3, 3, 2, 3, 2, 5]"
UBANGI,1.9487,1.1459,39,"[2, 1, 1, 1, 3, 1, 2, 3, 3, 1, 1, 1, 2, 2, 2, 2, 1, 2, 2, 1, 2, 1, 2, 2, 1, 5, 1, 4, 2, 5, 2, 4, 1, 4, 2, 1, 1, 1, 1]"
UFO,4.0278,1.1081,36,"[5, 5, 5, 3, 2, 5, 5, 5, 4, 2, 5, 5, 2, 5, 4, 5, 5, 4, 4, 2, 4, 5, 3, 4, 4, 5, 5, 2, 3, 4, 5, 4, 2, 4, 5, 4]"
ULCER,3.175,1.1959,40,"[4, 4, 3, 2, 2, 5, 3, 5, 2, 2, 4, 3, 5, 2, 2, 4, 4, 2, 5, 2, 4, 4, 4, 1, 5, 2, 2, 4, 3, 1, 5, 4, 4, 2, 3, 3, 2, 3, 2, 4]"
UMBRELLA,4.0233,1.3885,43,"[5, 5, 5, 5, 5, 5, 5, 5, 2, 5, 5, 2, 3, 2, 5, 5, 2, 5, 2, 5, 5, 5, 2, 4, 2, 5, 2, 5, 5, 2, 5, 2, 5, 5, 5, 5, 2, 5, 5, 2, 2, 5, 5]"
UNAUTHORIZED,1.9048,0.9321,42,"[2, 3, 2, 2, 5, 5, 2, 2, 2, 3, 3, 2, 1, 2, 1, 2, 2, 2, 3, 2, 2, 2, 2, 2, 1, 2, 2, 1, 1, 1, 2, 2, 1, 1, 1, 1, 2, 1, 2, 1, 1, 1]"
UNAVAILABLE,1.8333,0.6955,42,"[2, 1, 2, 2, 2, 3, 2, 1, 2, 3, 2, 3, 1, 2, 2, 2, 2, 2, 2, 2, 2, 2, 2, 2, 1, 3, 1, 1, 1, 1, 2, 2, 1, 1, 2, 1, 2, 1, 4, 2, 2, 1]"
UNBELIEVABLE,2.0811,1.115,37,"[5, 1, 1, 2, 1, 2, 1, 4, 3, 2, 2, 1, 1, 4, 3, 3, 5, 2, 1, 2, 2, 2, 1, 3, 1, 2, 2, 1, 2, 1, 1, 3, 2, 2, 1, 3, 2]"
UNCHECKED,2.0769,0.8393,39,"[2, 1, 2, 3, 2, 3, 4, 1, 2, 2, 2, 2, 2, 1, 2, 2, 1, 2, 1, 3, 2, 4, 3, 2, 1, 4, 2, 2, 2, 1, 2, 2, 3, 2, 2, 2, 1, 3, 1]"
UNCTION,1.5349,0.6672,43,"[1, 2, 1, 2, 2, 1, 1, 1, 2, 1, 1, 2, 1, 2, 1, 1, 2, 1, 2, 1, 2, 1, 2, 2, 2, 1, 2, 1, 1, 2, 1, 2, 1, 1, 1, 1, 2, 1, 3, 2, 2, 1, 4]"
UNDER,2.8857,1.0508,35,"[3, 4, 3, 3, 2, 5, 5, 4, 2, 2, 3, 2, 3, 2, 2, 3, 3, 2, 3, 3, 4, 5, 2, 2, 2, 4, 2, 3, 5, 3, 2, 2, 2, 3, 1]"
UNDERAGE,2.4884,0.798,43,"[4, 3, 2, 3, 3, 3, 2, 3, 2, 3, 3, 2, 4, 2, 4, 1, 2, 2, 2, 3, 2, 3, 2, 1, 2, 3, 2, 3, 3, 2, 2, 2, 1, 3, 3, 3, 2, 3, 4, 2, 2, 1, 3]"
UNDERCOVER,2.3556,0.9331,45,"[2, 3, 4, 3, 2, 2, 2, 2, 2, 2, 2, 1, 2, 1, 2, 3, 1, 3, 2, 2, 1, 2, 3, 5, 2, 2, 2, 3, 3, 2, 2, 1, 2, 4, 5, 2, 2, 4, 2, 3, 2, 2, 2, 3, 2]"
UNDERESTIMATED,1.8919,0.9656,37,"[5, 2, 1, 2, 1, 5, 1, 3, 1, 2, 2, 1, 1, 2, 1, 2, 3, 2, 1, 2, 2, 2, 2, 2, 1, 2, 2, 1, 2, 1, 1, 2, 3, 2, 1, 2, 2]"
UNDERGRADUATE,2.9722,1.1585,36,"[2, 5, 2, 4, 2, 2, 3, 5, 2, 2, 4, 5, 2, 4, 4, 2, 3, 4, 2, 2, 4, 4, 2, 3, 3, 2, 5, 2, 5, 2, 1, 2, 2, 3, 3, 3]"
UNDERLAY,2.0889,0.7331,45,"[2, 1, 4, 1, 2, 2, 2, 2, 1, 2, 2, 3, 3, 3, 2, 1, 2, 2, 2, 2, 1, 2, 3, 3, 2, 2, 1, 2, 3, 2, 2, 1, 2, 2, 3, 2, 2, 4, 2, 2, 2, 2, 2, 3, 1]"
UNDERLINE,3.25,1.2956,36,"[3, 4, 4, 3, 2, 4, 5, 4, 5, 2, 5, 5, 2, 3, 1, 4, 3, 4, 1, 2, 2, 1, 5, 3, 3, 2, 5, 2, 2, 3, 4, 3, 2, 4, 5, 5]"
UNEXPLODED,2.4167,1.1557,36,"[1, 3, 5, 4, 2, 2, 2, 1, 3, 2, 2, 3, 2, 1, 2, 4, 2, 3, 1, 2, 4, 1, 2, 1, 2, 3, 5, 2, 1, 5, 2, 3, 2, 2, 2, 3]"
UNFOLD,2.8974,0.9678,39,"[2, 2, 4, 3, 3, 4, 2, 4, 5, 2, 3, 3, 2, 3, 2, 2, 3, 2, 5, 3, 2, 2, 1, 2, 2, 4, 4, 4, 2, 3, 2, 4, 3, 3, 2, 4, 4, 3, 3]"
UNGRATEFUL,1.825,0.7808,40,"[4, 1, 1, 1, 2, 2, 1, 2, 2, 2, 1, 3, 2, 2, 2, 1, 2, 2, 1, 1, 1, 2, 2, 1, 3, 1, 2, 2, 2, 1, 2, 3, 2, 2, 2, 4, 2, 1, 2, 1]"
UNHARMED,2.4054,1.117,37,"[5, 2, 2, 2, 3, 2, 2, 2, 2, 3, 3, 2, 3, 2, 5, 3, 2, 1, 4, 2, 2, 2, 3, 2, 1, 1, 2, 1, 2, 4, 2, 2, 1, 4, 5, 2, 1]"
UNHEARD,1.4872,0.6437,39,"[2, 1, 1, 2, 1, 1, 1, 1, 1, 1, 1, 1, 2, 1, 1, 2, 1, 2, 2, 2, 2, 1, 2, 2, 1, 1, 1, 1, 2, 1, 2, 3, 3, 3, 2, 1, 1, 1, 1]"
UNHOLY,2.2432,0.8946,37,"[4, 2, 2, 3, 2, 2, 2, 3, 1, 2, 2, 2, 3, 2, 4, 3, 2, 1, 2, 2, 2, 1, 3, 2, 3, 1, 1, 2, 4, 1, 2, 2, 1, 3, 3, 4, 2]"
UNICORN,4.2,1.3048,40,"[5, 5, 5, 5, 5, 5, 5, 5, 2, 2, 5, 5, 5, 2, 2, 5, 5, 2, 5, 5, 5, 5, 5, 5, 5, 5, 2, 5, 4, 5, 4, 5, 5, 2, 5, 2, 2, 5, 2, 5]"
UNILATERALLY,1.6512,0.686,43,"[1, 2, 1, 1, 1, 3, 2, 1, 2, 2, 2, 2, 2, 2, 1, 1, 2, 1, 2, 1, 1, 2, 2, 1, 2, 3, 2, 1, 2, 2, 1, 2, 1, 1, 1, 1, 2, 1, 4, 2, 2, 1, 2]"
UNINTELLIGENT,2.0,0.7352,38,"[2, 2, 3, 3, 1, 1, 2, 2, 2, 2, 1, 2, 2, 3, 2, 2, 2, 1, 3, 2, 1, 2, 2, 1, 2, 3, 3, 2, 2, 2, 2, 3, 2, 2, 4, 1, 1, 1]"
UNINTERRUPTED,1.7949,0.7671,39,"[2, 2, 2, 2, 1, 1, 2, 1, 3, 1, 1, 2, 2, 2, 1, 2, 1, 2, 2, 1, 2, 1, 1, 2, 1, 1, 2, 2, 2, 1, 2, 2, 2, 4, 2, 4, 1, 3, 2]"
UNISON,2.3256,0.7471,43,"[1, 2, 2, 3, 4, 3, 1, 3, 2, 3, 3, 2, 2, 2, 2, 4, 2, 2, 2, 2, 1, 4, 2, 2, 2, 3, 2, 3, 2, 2, 1, 2, 2, 3, 2, 2, 2, 3, 3, 2, 2, 3, 3]"
UNITY,2.0233,0.7067,43,"[1, 2, 1, 3, 3, 3, 1, 3, 2, 3, 2, 2, 2, 2, 3, 1, 2, 1, 2, 2, 2, 2, 2, 2, 2, 2, 2, 3, 3, 2, 2, 2, 2, 2, 1, 1, 2, 2, 4, 2, 2, 1, 1]"
UNIVERSITY,3.6279,1.254,43,"[4, 3, 3, 4, 5, 4, 4, 4, 2, 5, 5, 2, 4, 2, 5, 4, 2, 4, 2, 5, 5, 5, 2, 5, 2, 5, 2, 5, 3, 2, 5, 2, 3, 5, 4, 5, 2, 5, 4, 2, 2, 3, 5]"
UNJUSTIFIED,1.8056,0.8218,36,"[1, 3, 2, 2, 2, 1, 2, 1, 1, 2, 2, 1, 2, 2, 4, 1, 2, 1, 1, 2, 4, 3, 2, 1, 2, 3, 2, 2, 1, 1, 1, 1, 2, 2, 2, 1]"
UNLOADING,2.7632,1.0249,38,"[2, 4, 3, 3, 2, 2, 2, 4, 2, 3, 3, 2, 1, 2, 2, 1, 2, 2, 4, 2, 3, 3, 2, 3, 4, 3, 4, 2, 3, 2, 4, 5, 5, 3, 4, 1, 3, 3]"
UNMISTAKABLE,1.7674,0.8954,43,"[1, 2, 1, 1, 4, 2, 1, 1, 2, 2, 1, 2, 1, 2, 4, 1, 2, 1, 2, 1, 1, 1, 2, 4, 2, 2, 2, 1, 1, 2, 1, 2, 2, 1, 1, 1, 2, 1, 4, 2, 2, 3, 2]"
UNPARALLELED,1.8889,0.7752,45,"[2, 1, 3, 1, 2, 1, 2, 2, 1, 2, 2, 1, 1, 1, 2, 1, 1, 3, 1, 2, 1, 2, 3, 2, 1, 2, 3, 2, 2, 2, 2, 1, 2, 4, 4, 2, 2, 2, 2, 3, 2, 1, 2, 2, 2]"
UNPICK,1.641,0.8107,39,"[2, 1, 3, 2, 1, 1, 1, 1, 2, 2, 1, 1, 2, 2, 1, 2, 1, 2, 1, 2, 2, 1, 1, 2, 1, 2, 2, 3, 2, 1, 2, 5, 2, 1, 2, 1, 1, 1, 1]"
UNPROTECTED,2.2703,0.8708,37,"[5, 2, 2, 2, 3, 2, 2, 2, 3, 3, 3, 2, 3, 2, 3, 3, 2, 1, 2, 2, 2, 2, 3, 2, 1, 2, 1, 2, 3, 3, 2, 2, 1, 3, 4, 1, 1]"
UNQUESTIONABLE,1.6667,0.6325,36,"[1, 3, 3, 3, 2, 1, 2, 2, 1, 2, 2, 1, 2, 2, 1, 2, 1, 1, 1, 2, 2, 1, 2, 1, 2, 2, 1, 2, 1, 2, 1, 2, 2, 2, 1, 1]"
UNSHAKABLE,2.0233,0.8588,43,"[1, 2, 3, 2, 2, 3, 1, 2, 2, 2, 1, 2, 2, 2, 5, 1, 2, 1, 2, 2, 1, 2, 2, 2, 2, 2, 2, 1, 1, 2, 1, 2, 3, 2, 1, 2, 2, 3, 4, 2, 2, 4, 2]"
UNSPEAKABLY,1.6667,0.7861,42,"[1, 1, 2, 2, 2, 3, 2, 2, 2, 5, 2, 1, 1, 2, 1, 3, 2, 2, 1, 2, 2, 2, 2, 2, 1, 2, 1, 1, 1, 1, 2, 2, 1, 2, 1, 1, 2, 1, 1, 1, 1, 1]"
UNSTOPPABLE,2.1538,0.9043,39,"[2, 2, 4, 2, 1, 1, 3, 2, 4, 1, 2, 3, 2, 1, 1, 2, 1, 2, 3, 2, 2, 1, 1, 2, 1, 3, 3, 3, 2, 2, 2, 3, 3, 4, 2, 3, 1, 3, 2]"
UNTIE,3.0513,0.9162,39,"[2, 3, 4, 3, 3, 5, 3, 3, 5, 2, 3, 4, 2, 3, 2, 2, 3, 2, 5, 3, 2, 3, 3, 2, 3, 3, 3, 4, 2, 4, 2, 4, 4, 3, 2, 4, 2, 4, 3]"
UNTIL,1.4286,0.5474,42,"[1, 1, 2, 2, 2, 2, 2, 1, 2, 3, 1, 1, 1, 2, 1, 1, 2, 2, 1, 2, 1, 2, 1, 2, 1, 2, 1, 1, 1, 1, 2, 2, 1, 1, 1, 1, 2, 1, 1, 1, 1, 1]"
UNTIMELY,1.8108,0.6599,37,"[2, 1, 2, 2, 2, 2, 2, 3, 1, 2, 1, 2, 2, 2, 2, 4, 2, 1, 1, 2, 2, 2, 2, 2, 1, 1, 1, 2, 2, 2, 2, 2, 1, 2, 3, 1, 1]"
UNTO,1.6,0.7508,45,"[1, 1, 1, 1, 2, 1, 2, 2, 1, 2, 2, 1, 1, 1, 2, 1, 1, 1, 1, 2, 1, 2, 3, 1, 2, 2, 1, 1, 2, 2, 2, 1, 2, 4, 4, 2, 2, 1, 2, 1, 2, 1, 2, 1, 1]"
UNVEILING,2.675,1.141,40,"[3, 3, 4, 4, 5, 3, 1, 3, 2, 2, 2, 3, 4, 2, 2, 3, 3, 2, 5, 2, 1, 2, 2, 4, 3, 1, 2, 3, 2, 1, 4, 5, 4, 2, 2, 2, 2, 1, 2, 4]"
UPSTAIRS,3.5349,1.1822,43,"[4, 4, 4, 4, 5, 3, 2, 5, 2, 4, 4, 2, 4, 2, 5, 4, 2, 5, 2, 4, 4, 5, 2, 3, 2, 4, 2, 4, 4, 2, 5, 2, 4, 5, 4, 4, 2, 4, 5, 2, 2, 5, 5]"
UPTIGHT,2.1778,0.8059,45,"[1, 1, 3, 4, 2, 2, 2, 2, 2, 2, 2, 3, 2, 1, 2, 3, 2, 3, 2, 2, 1, 2, 3, 3, 2, 2, 1, 1, 2, 2, 2, 1, 2, 3, 5, 2, 2, 3, 2, 3, 2, 2, 2, 3, 2]"
UPWARD,2.3556,0.83,45,"[3, 1, 3, 3, 2, 2, 2, 2, 4, 3, 2, 1, 3, 3, 2, 3, 1, 3, 3, 2, 1, 2, 3, 3, 2, 2, 2, 3, 2, 2, 3, 1, 2, 3, 5, 2, 2, 3, 2, 3, 2, 1, 2, 3, 2]"
URCHIN,3.4595,1.2822,37,"[5, 4, 1, 2, 5, 5, 3, 3, 5, 2, 3, 5, 4, 4, 4, 3, 5, 2, 5, 1, 4, 4, 4, 2, 4, 2, 3, 4, 2, 2, 4, 3, 5, 2, 5, 5, 2]"
URGENCY,2.1622,0.8979,37,"[4, 3, 2, 2, 3, 3, 2, 2, 1, 2, 3, 2, 2, 2, 5, 3, 2, 1, 1, 1, 2, 2, 3, 2, 1, 2, 2, 2, 3, 3, 2, 1, 2, 2, 3, 1, 1]"
URGES,1.9487,0.793,39,"[2, 2, 3, 2, 1, 1, 2, 1, 2, 2, 2, 3, 2, 2, 2, 2, 1, 2, 2, 2, 2, 1, 1, 2, 1, 2, 1, 2, 3, 2, 2, 3, 5, 3, 2, 2, 1, 1, 2]"
US,3.1538,1.3868,39,"[4, 3, 5, 5, 4, 5, 1, 3, 2, 2, 3, 1, 5, 2, 2, 3, 3, 2, 5, 1, 1, 3, 3, 3, 3, 5, 2, 2, 2, 5, 3, 5, 4, 2, 5, 5, 2, 2, 5]"
UTMOST,1.5814,0.5869,43,"[1, 2, 1, 1, 2, 1, 1, 2, 2, 2, 2, 2, 1, 2, 2, 1, 2, 1, 2, 1, 1, 3, 2, 2, 2, 1, 2, 1, 1, 2, 1, 2, 1, 1, 1, 1, 2, 1, 2, 2, 2, 3, 1]"
VAGINA,4.1622,1.302,37,"[5, 4, 5, 2, 5, 5, 5, 3, 5, 2, 4, 5, 5, 5, 5, 1, 5, 2, 5, 5, 5, 5, 5, 5, 4, 2, 4, 5, 2, 5, 5, 5, 5, 2, 5, 5, 2]"
VAIN,2.175,0.8738,40,"[4, 2, 2, 1, 1, 2, 1, 3, 2, 2, 2, 3, 2, 2, 2, 3, 2, 2, 4, 1, 1, 3, 3, 3, 3, 1, 2, 2, 3, 1, 1, 4, 3, 2, 1, 3, 2, 2, 2, 2]"
VAL,2.1944,1.037,36,"[1, 2, 4, 3, 2, 1, 2, 5, 2, 2, 3, 1, 2, 1, 4, 2, 1, 3, 2, 2, 2, 1, 2, 1, 4, 3, 2, 2, 3, 4, 1, 2, 2, 2, 1, 2]"
VALLEY,3.4667,1.2541,45,"[5, 5, 5, 4, 2, 3, 2, 2, 5, 4, 2, 5, 4, 4, 2, 4, 4, 3, 4, 2, 5, 2, 3, 5, 3, 2, 4, 4, 4, 2, 3, 5, 2, 2, 5, 2, 2, 5, 2, 5, 2, 5, 2, 5, 4]"
VALOUR,1.9556,0.7674,45,"[2, 1, 1, 3, 2, 2, 2, 2, 1, 2, 2, 2, 1, 3, 2, 1, 1, 3, 1, 2, 1, 2, 3, 3, 2, 2, 1, 2, 2, 2, 2, 1, 2, 2, 4, 2, 2, 4, 2, 1, 2, 1, 2, 3, 2]"
VANCOUVER,3.3256,1.2483,43,"[5, 4, 5, 2, 5, 4, 4, 5, 2, 4, 5, 2, 4, 2, 3, 5, 2, 4, 2, 5, 5, 5, 2, 4, 2, 3, 2, 4, 2, 2, 2, 2, 4, 4, 3, 2, 2, 4, 4, 2, 2, 2, 5]"
VARMINT,3.0541,1.246,37,"[2, 4, 2, 4, 4, 4, 2, 5, 2, 4, 4, 2, 4, 2, 5, 5, 2, 5, 4, 1, 2, 3, 1, 2, 4, 1, 2, 3, 2, 3, 2, 4, 3, 4, 3, 5, 2]"
VARSITY,2.8333,1.0,36,"[1, 2, 5, 3, 2, 2, 3, 3, 3, 2, 3, 3, 2, 3, 3, 3, 3, 3, 1, 2, 4, 5, 3, 3, 4, 3, 4, 2, 5, 3, 2, 2, 2, 2, 4, 2]"
VASE,4.1389,1.2907,36,"[5, 5, 5, 2, 2, 5, 5, 5, 5, 2, 5, 5, 2, 5, 5, 5, 5, 4, 4, 2, 5, 4, 5, 5, 4, 2, 5, 1, 5, 5, 5, 4, 2, 4, 5, 5]"
VASSAR,2.2051,1.2178,39,"[2, 1, 1, 1, 3, 4, 5, 3, 3, 1, 2, 1, 2, 2, 2, 2, 1, 2, 3, 1, 2, 1, 2, 2, 1, 3, 1, 2, 2, 5, 2, 2, 2, 5, 2, 1, 1, 5, 3]"
VATICAN,3.5581,1.3328,43,"[5, 5, 4, 3, 5, 4, 5, 5, 2, 5, 5, 2, 4, 2, 2, 5, 2, 4, 2, 4, 5, 5, 2, 5, 2, 2, 2, 5, 3, 2, 5, 2, 4, 4, 5, 3, 2, 2, 4, 2, 2, 5, 5]"
VEDA,1.6744,0.8373,43,"[2, 2, 1, 1, 1, 1, 2, 1, 2, 1, 3, 2, 1, 2, 1, 1, 2, 1, 2, 1, 2, 1, 2, 4, 2, 2, 2, 1, 1, 2, 1, 2, 1, 1, 1, 2, 2, 1, 2, 2, 2, 1, 5]"
VELOCITY,2.0889,0.8744,45,"[1, 1, 2, 3, 2, 2, 2, 2, 1, 2, 2, 1, 1, 4, 2, 1, 1, 2, 1, 2, 1, 2, 3, 2, 3, 2, 2, 3, 2, 2, 2, 1, 2, 3, 5, 2, 2, 3, 2, 2, 2, 3, 2, 2, 4]"
VENTRILOQUIST,3.5238,1.4183,42,"[5, 5, 2, 2, 5, 5, 2, 4, 2, 5, 5, 5, 3, 2, 3, 1, 2, 5, 4, 2, 5, 2, 4, 2, 3, 5, 3, 5, 1, 4, 2, 2, 5, 4, 5, 5, 2, 5, 5, 5, 2, 3]"
VENTURE,2.0444,0.9282,45,"[2, 1, 1, 2, 2, 2, 2, 2, 1, 2, 2, 1, 1, 2, 2, 5, 1, 1, 1, 2, 1, 2, 3, 3, 2, 2, 2, 2, 3, 2, 3, 1, 2, 4, 5, 2, 2, 2, 2, 2, 2, 1, 2, 3, 2]"
VERGE,1.8974,0.718,39,"[2, 2, 2, 2, 2, 1, 3, 3, 2, 2, 3, 2, 2, 2, 1, 2, 1, 2, 2, 3, 2, 1, 1, 2, 1, 2, 1, 2, 2, 3, 2, 4, 2, 2, 2, 1, 1, 1, 1]"
VERONICA,2.4762,1.254,42,"[1, 3, 2, 2, 3, 3, 2, 3, 2, 1, 5, 5, 1, 2, 1, 2, 2, 2, 4, 2, 5, 2, 4, 2, 1, 3, 3, 2, 1, 1, 2, 2, 3, 1, 4, 3, 2, 5, 1, 5, 2, 2]"
VEST,3.9762,1.3879,42,"[5, 5, 2, 2, 5, 5, 2, 5, 2, 5, 5, 5, 5, 2, 5, 5, 2, 5, 5, 2, 2, 2, 5, 2, 3, 5, 5, 5, 5, 4, 2, 2, 4, 5, 5, 5, 2, 5, 5, 5, 5, 5]"
VET,3.7179,1.2763,39,"[2, 3, 4, 5, 4, 5, 5, 4, 5, 5, 5, 4, 2, 4, 4, 2, 3, 2, 4, 4, 2, 2, 5, 2, 4, 5, 4, 5, 2, 5, 2, 5, 5, 4, 2, 5, 1, 5, 4]"
VIA,1.6486,0.7894,37,"[1, 4, 2, 2, 1, 1, 1, 3, 1, 2, 1, 1, 1, 2, 2, 1, 1, 2, 1, 1, 2, 1, 3, 3, 2, 2, 2, 1, 2, 1, 1, 1, 1, 2, 1, 3, 2]"
VICES,2.1951,0.9279,41,"[4, 3, 2, 2, 3, 5, 2, 4, 2, 2, 3, 2, 1, 2, 1, 4, 2, 2, 1, 2, 2, 2, 3, 2, 1, 2, 2, 2, 1, 3, 2, 2, 3, 1, 2, 1, 2, 1, 3, 2, 2]"
VICIOUS,2.75,1.2734,36,"[2, 2, 1, 2, 4, 5, 1, 3, 2, 2, 4, 2, 5, 4, 3, 5, 2, 1, 4, 3, 4, 4, 3, 1, 2, 1, 3, 2, 2, 3, 5, 3, 2, 1, 4, 2]"
VICTORIES,2.4872,1.0729,39,"[2, 3, 2, 3, 2, 1, 5, 4, 3, 1, 2, 4, 2, 1, 4, 2, 1, 2, 3, 2, 2, 1, 2, 2, 2, 3, 2, 4, 2, 3, 2, 3, 5, 4, 2, 3, 1, 2, 3]"
VIEWING,2.225,0.9195,40,"[4, 1, 1, 2, 3, 2, 1, 2, 2, 2, 1, 3, 3, 2, 2, 1, 2, 2, 3, 2, 1, 3, 4, 4, 3, 3, 2, 1, 2, 1, 2, 4, 3, 2, 2, 3, 2, 1, 2, 3]"
VINDICTIVE,1.7692,0.6267,39,"[2, 3, 3, 2, 1, 1, 2, 1, 2, 2, 1, 2, 2, 2, 1, 2, 1, 2, 2, 2, 2, 1, 1, 2, 1, 2, 2, 3, 2, 2, 2, 3, 2, 2, 2, 1, 1, 1, 1]"
VINNY,2.4444,1.107,36,"[1, 3, 3, 3, 2, 1, 2, 5, 2, 2, 3, 3, 2, 2, 5, 4, 3, 3, 1, 2, 2, 3, 1, 2, 2, 3, 2, 2, 5, 1, 1, 2, 2, 4, 2, 2]"
VIOLIN,4.2432,1.2562,37,"[5, 4, 5, 2, 5, 5, 5, 3, 5, 2, 5, 5, 5, 4, 5, 2, 5, 2, 5, 5, 5, 5, 5, 5, 5, 2, 5, 5, 2, 5, 5, 5, 5, 2, 5, 5, 2]"
VIPER,4.0256,1.2458,39,"[5, 5, 5, 5, 5, 4, 5, 5, 2, 2, 3, 4, 5, 2, 2, 5, 5, 2, 5, 5, 4, 3, 5, 5, 4, 5, 2, 5, 4, 5, 5, 5, 4, 2, 4, 2, 5, 2, 5]"
VISION,2.6757,1.156,37,"[5, 2, 1, 2, 5, 5, 2, 3, 5, 2, 2, 2, 1, 4, 3, 3, 5, 2, 3, 2, 2, 2, 2, 3, 3, 2, 3, 2, 2, 1, 3, 2, 3, 2, 2, 4, 2]"
VISOR,3.5333,1.2358,45,"[4, 4, 5, 4, 2, 4, 2, 2, 3, 4, 2, 4, 5, 4, 2, 4, 5, 4, 5, 2, 5, 2, 3, 5, 4, 2, 5, 5, 4, 2, 3, 5, 2, 4, 5, 2, 2, 4, 2, 5, 2, 5, 2, 5, 3]"
VITAMIN,3.525,1.3202,40,"[5, 4, 4, 1, 4, 4, 5, 4, 2, 2, 3, 5, 5, 2, 2, 4, 5, 2, 5, 2, 5, 3, 4, 5, 5, 5, 2, 3, 3, 1, 5, 5, 3, 2, 4, 4, 2, 3, 2, 5]"
VOCABULARY,2.0833,0.9063,36,"[2, 3, 4, 4, 2, 2, 3, 1, 1, 2, 2, 3, 2, 2, 1, 1, 3, 2, 1, 2, 3, 2, 2, 4, 2, 3, 1, 2, 1, 3, 1, 1, 2, 2, 2, 1]"
VOCATIONAL,1.814,0.7321,43,"[2, 2, 1, 1, 3, 2, 1, 2, 2, 1, 4, 2, 2, 2, 3, 1, 2, 2, 2, 1, 2, 3, 2, 2, 2, 1, 2, 1, 1, 2, 1, 2, 1, 1, 1, 1, 2, 1, 3, 2, 2, 3, 2]"
VOGUE,2.4,0.9819,40,"[3, 3, 2, 4, 2, 3, 4, 2, 2, 2, 3, 2, 2, 2, 2, 3, 3, 2, 2, 2, 2, 2, 1, 5, 3, 5, 2, 1, 3, 1, 2, 4, 1, 2, 2, 2, 2, 1, 2, 3]"
VOICEMAIL,2.45,1.3388,40,"[5, 2, 1, 1, 3, 3, 1, 3, 2, 2, 1, 3, 5, 2, 2, 2, 1, 2, 5, 1, 1, 4, 4, 1, 4, 5, 2, 3, 1, 1, 2, 4, 3, 2, 2, 5, 2, 1, 2, 2]"
VOID,2.4286,0.9913,42,"[3, 3, 2, 2, 2, 3, 2, 2, 2, 3, 2, 3, 3, 2, 2, 2, 2, 2, 2, 2, 5, 2, 5, 2, 1, 3, 3, 2, 1, 4, 2, 2, 3, 1, 3, 1, 2, 5, 1, 2, 3, 3]"
VOLUNTARY,1.8462,1.0891,39,"[4, 1, 1, 1, 1, 2, 1, 3, 2, 2, 1, 1, 5, 2, 2, 2, 1, 2, 1, 1, 1, 3, 1, 1, 2, 1, 2, 2, 2, 1, 1, 5, 2, 2, 4, 2, 1, 2, 1]"
VORTEX,3.093,1.2308,43,"[5, 3, 3, 4, 5, 4, 2, 4, 2, 3, 5, 2, 3, 2, 4, 5, 2, 3, 2, 2, 4, 3, 2, 4, 2, 2, 2, 5, 1, 2, 5, 2, 3, 1, 5, 4, 2, 3, 4, 2, 2, 5, 3]"
VOW,2.0513,0.887,39,"[2, 2, 1, 2, 3, 1, 3, 3, 1, 2, 2, 3, 2, 2, 2, 2, 1, 2, 2, 3, 2, 1, 1, 2, 1, 4, 1, 3, 2, 3, 2, 4, 2, 2, 2, 1, 1, 4, 1]"
VULGAR,2.1429,0.7513,42,"[2, 3, 2, 2, 2, 5, 2, 3, 2, 2, 2, 2, 1, 2, 3, 3, 2, 3, 2, 2, 2, 2, 2, 2, 3, 2, 1, 2, 1, 2, 2, 2, 3, 2, 3, 1, 2, 2, 1, 2, 3, 1]"
WAGE,2.4865,1.1211,37,"[5, 3, 2, 3, 3, 4, 2, 2, 3, 2, 5, 2, 1, 2, 3, 4, 2, 3, 1, 2, 2, 3, 1, 2, 2, 2, 1, 2, 1, 4, 2, 3, 3, 2, 5, 1, 2]"
WAGER,2.4054,0.9849,37,"[4, 3, 1, 2, 3, 2, 2, 3, 4, 2, 2, 3, 3, 4, 3, 3, 5, 2, 1, 1, 2, 3, 3, 2, 2, 2, 3, 2, 2, 1, 1, 2, 1, 2, 2, 4, 2]"
WAILS,2.5952,1.2506,42,"[4, 5, 2, 2, 2, 5, 2, 3, 2, 5, 4, 5, 1, 2, 2, 5, 2, 2, 1, 2, 3, 2, 3, 2, 2, 3, 3, 1, 5, 3, 2, 2, 3, 1, 2, 3, 2, 1, 3, 3, 1, 1]"
WAIST,4.0541,1.246,37,"[5, 5, 2, 5, 4, 4, 2, 5, 5, 5, 5, 2, 5, 2, 5, 5, 2, 5, 4, 4, 2, 3, 5, 2, 5, 5, 3, 5, 5, 5, 2, 5, 5, 5, 5, 4, 3]"
WAIVERS,2.2093,1.0132,43,"[1, 2, 2, 3, 3, 3, 1, 2, 2, 2, 1, 2, 1, 2, 4, 1, 2, 2, 2, 1, 3, 2, 2, 2, 2, 3, 2, 4, 1, 2, 1, 2, 2, 1, 2, 4, 2, 5, 5, 2, 2, 2, 3]"
WAKING,2.9722,1.1081,36,"[4, 3, 3, 1, 2, 4, 4, 2, 3, 2, 5, 3, 2, 4, 1, 4, 5, 3, 1, 2, 3, 4, 5, 4, 3, 3, 4, 2, 2, 3, 2, 2, 2, 3, 4, 3]"
WALLET,4.0665,1.3483,361,"[5, 5, 5, 5, 5, 4, 5, 5, 2, 2, 5, 5, 5, 2, 2, 5, 5, 2, 5, 5, 5, 4, 5, 5, 5, 5, 2, 4, 5, 1, 5, 5, 3, 2, 5, 3, 2, 4, 1, 5, 5, 5, 2, 5, 5, 5, 2, 5, 5, 5, 5, 2, 2, 2, 5, 5, 2, 5, 5, 5, 2, 5, 5, 2, 5, 5, 5, 5, 5, 5, 2, 5, 5, 5, 5, 5, 5, 5, 5, 5, 3, 2, 5, 5, 5, 5, 2, 5, 5, 2, 5, 5, 5, 5, 4, 5, 2, 3, 5, 5, 4, 4, 2, 5, 2, 5, 5, 5, 4, 2, 4, 3, 5, 5, 5, 2, 2, 5, 5, 2, 5, 2, 5, 5, 5, 5, 2, 5, 5, 2, 5, 2, 4, 2, 5, 2, 5, 5, 5, 5, 5, 4, 2, 2, 4, 5, 5, 5, 2, 5, 5, 5, 5, 5, 5, 5, 5, 5, 2, 5, 2, 2, 5, 5, 2, 5, 5, 5, 2, 5, 5, 4, 5, 1, 5, 2, 3, 5, 4, 2, 4, 5, 5, 2, 3, 5, 2, 4, 5, 2, 2, 5, 2, 5, 1, 5, 1, 5, 4, 5, 5, 5, 4, 5, 5, 4, 5, 5, 5, 5, 5, 5, 5, 5, 5, 2, 2, 5, 5, 5, 5, 2, 2, 4, 4, 2, 2, 5, 5, 5, 5, 2, 2, 5, 5, 2, 2, 5, 5, 5, 5, 5, 5, 2, 2, 5, 5, 2, 2, 5, 5, 2, 2, 5, 5, 5, 5, 2, 2, 5, 5, 2, 2, 5, 5, 5, 5, 5, 5, 5, 5, 2, 2, 5, 5, 5, 5, 2, 2, 2, 2, 5, 5, 5, 5, 5, 4, 5, 2, 5, 5, 5, 3, 5, 2, 5, 5, 5, 4, 5, 3, 5, 1, 5, 5, 5, 5, 5, 3, 5, 2, 5, 5, 1, 4, 5, 5, 5, 2, 5, 5, 2, 2, 5, 5, 5, 5, 5, 5, 5, 5, 5, 5, 5, 2, 5, 5, 2, 5, 2, 4, 5, 2, 5, 5, 2, 5, 5, 5, 5, 2, 5, 2, 5, 5, 5, 2, 5, 5, 5, 5]"
WALLOW,2.3333,0.8944,36,"[3, 4, 2, 4, 2, 2, 2, 2, 2, 2, 4, 2, 2, 2, 1, 2, 1, 3, 1, 2, 3, 3, 2, 3, 4, 2, 3, 2, 2, 4, 1, 2, 2, 2, 3, 1]"
WALLPAPER,3.7907,1.355,43,"[5, 4, 5, 4, 5, 3, 3, 5, 2, 4, 5, 2, 4, 2, 4, 5, 2, 5, 2, 5, 5, 5, 2, 5, 2, 2, 2, 5, 4, 2, 5, 2, 5, 5, 5, 5, 2, 5, 5, 2, 2, 5, 5]"
WANDERING,2.4103,0.938,39,"[2, 3, 4, 1, 2, 3, 2, 2, 2, 3, 2, 3, 2, 1, 2, 2, 2, 2, 3, 2, 2, 3, 1, 2, 1, 3, 3, 3, 2, 3, 2, 3, 5, 5, 2, 3, 1, 2, 3]"
WANG,2.3095,1.2589,42,"[5, 4, 2, 2, 2, 3, 2, 3, 2, 1, 2, 5, 4, 2, 1, 5, 2, 1, 1, 2, 3, 2, 1, 2, 1, 3, 1, 1, 1, 4, 2, 2, 2, 1, 4, 1, 2, 3, 1, 4, 1, 4]"
WAR,3.9459,1.246,37,"[5, 5, 2, 5, 5, 4, 2, 5, 5, 4, 5, 2, 4, 2, 5, 5, 2, 3, 3, 5, 2, 3, 5, 2, 4, 4, 3, 5, 5, 5, 2, 5, 5, 5, 5, 5, 3]"
WARE,2.2,0.9677,45,"[2, 1, 2, 1, 2, 1, 2, 2, 1, 4, 2, 1, 3, 2, 2, 1, 3, 3, 5, 2, 1, 2, 3, 1, 2, 2, 2, 1, 4, 2, 3, 4, 2, 4, 3, 2, 2, 2, 2, 3, 2, 1, 2, 3, 2]"
WARRANT,2.6591,1.0553,44,"[3, 3, 5, 4, 2, 2, 2, 2, 3, 4, 2, 4, 3, 2, 2, 4, 1, 3, 4, 2, 1, 2, 3, 5, 2, 2, 2, 3, 3, 2, 2, 4, 2, 2, 5, 2, 2, 2, 4, 2, 2, 2, 3, 1]"
WARTIME,3.2857,1.3486,42,"[4, 4, 2, 2, 5, 5, 2, 3, 2, 5, 2, 5, 3, 2, 3, 5, 2, 4, 4, 2, 5, 2, 4, 2, 1, 3, 5, 4, 5, 2, 2, 2, 5, 4, 3, 5, 2, 5, 2, 3, 5, 1]"
WASHINGTON,3.8919,1.3901,37,"[5, 5, 2, 5, 5, 5, 2, 5, 3, 5, 5, 2, 4, 3, 5, 5, 2, 1, 4, 5, 2, 5, 4, 2, 5, 1, 4, 5, 3, 3, 2, 5, 5, 5, 5, 5, 5]"
WASP,3.8,1.3416,45,"[5, 5, 5, 5, 2, 5, 2, 3, 5, 5, 2, 5, 5, 5, 2, 5, 5, 4, 5, 2, 5, 2, 3, 5, 4, 2, 4, 5, 4, 2, 4, 5, 2, 3, 5, 2, 2, 5, 2, 5, 2, 5, 2, 5, 4]"
WATERSHED,2.7568,1.2562,37,"[5, 1, 5, 2, 2, 1, 2, 2, 2, 2, 3, 2, 4, 4, 4, 2, 4, 2, 4, 1, 4, 2, 1, 2, 3, 2, 5, 3, 2, 3, 4, 3, 4, 2, 1, 5, 2]"
WATERY,3.2703,1.1217,37,"[3, 2, 3, 2, 5, 5, 3, 3, 5, 2, 2, 3, 3, 5, 4, 3, 5, 2, 4, 4, 5, 2, 4, 3, 3, 2, 3, 4, 2, 2, 3, 3, 5, 2, 3, 5, 2]"
WATTLE,2.6216,1.4597,37,"[2, 5, 2, 5, 3, 3, 2, 5, 4, 1, 1, 2, 1, 2, 2, 3, 2, 1, 4, 3, 2, 1, 1, 2, 4, 3, 1, 5, 1, 1, 2, 5, 5, 3, 2, 5, 1]"
WAVED,3.3721,1.3456,43,"[3, 2, 5, 4, 5, 5, 4, 5, 2, 4, 5, 2, 2, 2, 4, 3, 2, 4, 2, 5, 5, 4, 2, 4, 2, 1, 2, 4, 5, 2, 5, 2, 5, 5, 4, 4, 2, 1, 4, 2, 2, 3, 5]"
WAVY,3.0444,1.1069,45,"[3, 3, 4, 4, 2, 3, 2, 2, 4, 4, 2, 3, 4, 4, 2, 4, 1, 1, 4, 2, 5, 2, 3, 4, 3, 2, 3, 3, 3, 2, 3, 3, 2, 4, 5, 2, 2, 5, 2, 5, 2, 5, 2, 4, 3]"
WC,2.1628,1.3789,43,"[4, 2, 5, 1, 5, 1, 4, 1, 2, 1, 5, 2, 2, 2, 1, 5, 2, 1, 2, 3, 1, 1, 2, 2, 2, 1, 2, 1, 1, 2, 5, 2, 1, 1, 1, 3, 2, 1, 1, 2, 2, 1, 5]"
WEASELS,4.1282,1.196,39,"[2, 5, 5, 4, 4, 5, 5, 5, 5, 4, 5, 4, 2, 5, 5, 2, 5, 2, 5, 5, 2, 5, 5, 2, 4, 5, 4, 5, 5, 5, 2, 5, 5, 4, 2, 5, 3, 4, 5]"
WEDGIES,3.7222,1.2786,36,"[5, 4, 5, 2, 5, 5, 5, 3, 5, 2, 4, 4, 5, 5, 1, 5, 2, 2, 4, 4, 3, 5, 3, 4, 2, 4, 3, 2, 3, 4, 5, 5, 2, 5, 5, 2]"
WEEPS,3.0222,1.1964,45,"[3, 5, 5, 5, 2, 3, 2, 2, 4, 4, 2, 3, 4, 1, 2, 1, 4, 4, 4, 2, 1, 2, 3, 4, 3, 2, 4, 3, 3, 2, 2, 3, 2, 4, 5, 2, 2, 5, 2, 5, 2, 4, 2, 4, 3]"
WEEVILS,3.4054,1.4426,37,"[2, 5, 2, 5, 2, 3, 2, 5, 5, 3, 5, 2, 3, 2, 5, 5, 2, 1, 5, 4, 2, 5, 2, 2, 3, 3, 2, 5, 5, 1, 2, 5, 5, 5, 3, 5, 3]"
WEIRDO,2.6047,1.0941,43,"[3, 2, 2, 3, 4, 3, 1, 3, 2, 4, 3, 2, 4, 2, 5, 2, 2, 2, 2, 5, 3, 3, 2, 5, 2, 1, 2, 4, 3, 2, 1, 2, 2, 2, 4, 1, 2, 3, 4, 2, 2, 1, 3]"
WET,3.7568,1.188,37,"[5, 4, 3, 2, 5, 5, 3, 3, 5, 2, 4, 5, 5, 5, 5, 3, 5, 3, 3, 5, 4, 4, 4, 4, 4, 2, 4, 3, 2, 2, 5, 5, 5, 2, 2, 5, 2]"
WETBACK,3.0833,1.339,36,"[5, 4, 5, 2, 2, 4, 4, 3, 2, 2, 2, 1, 2, 4, 2, 3, 5, 2, 1, 2, 4, 5, 3, 3, 2, 3, 5, 2, 4, 5, 1, 2, 2, 5, 5, 3]"
WHENEVER,1.4419,0.5478,43,"[1, 2, 1, 1, 1, 1, 1, 1, 2, 2, 1, 2, 1, 2, 2, 1, 2, 1, 2, 1, 1, 1, 2, 1, 2, 2, 2, 1, 1, 2, 1, 2, 1, 1, 1, 1, 2, 1, 1, 2, 2, 3, 1]"
WHIFF,2.35,1.0754,40,"[4, 2, 3, 3, 4, 2, 1, 2, 2, 2, 1, 1, 4, 2, 2, 2, 2, 2, 3, 1, 1, 1, 4, 3, 3, 4, 2, 4, 2, 1, 3, 5, 1, 2, 3, 3, 2, 1, 2, 2]"
WHIMSY,2.0256,0.8107,39,"[2, 1, 3, 1, 1, 1, 2, 2, 3, 2, 1, 3, 2, 2, 2, 2, 1, 2, 2, 2, 2, 1, 2, 2, 1, 2, 2, 2, 2, 3, 2, 4, 3, 4, 2, 3, 1, 1, 3]"
WHIPLASH,2.6889,1.1042,45,"[2, 4, 5, 4, 2, 2, 2, 2, 2, 3, 2, 5, 2, 3, 2, 2, 3, 4, 3, 2, 1, 2, 3, 2, 3, 2, 1, 3, 2, 2, 3, 1, 2, 4, 4, 2, 2, 4, 2, 5, 2, 5, 2, 4, 2]"
WHIPPER,2.1282,1.0047,39,"[2, 1, 3, 1, 3, 2, 3, 2, 1, 2, 3, 2, 2, 5, 4, 2, 1, 2, 2, 1, 2, 1, 2, 2, 2, 3, 1, 5, 2, 1, 2, 3, 2, 2, 2, 1, 1, 3, 2]"
WHIRRING,2.2051,1.0047,39,"[2, 2, 3, 2, 2, 1, 3, 2, 2, 5, 2, 4, 2, 3, 1, 2, 1, 2, 5, 2, 2, 1, 2, 2, 1, 2, 1, 4, 2, 3, 2, 3, 2, 2, 2, 3, 1, 1, 2]"
WHISKERS,3.6136,1.2798,44,"[5, 5, 5, 4, 2, 4, 2, 2, 5, 4, 2, 4, 5, 4, 2, 5, 5, 4, 5, 2, 5, 2, 3, 5, 4, 2, 4, 4, 4, 2, 3, 5, 2, 4, 5, 2, 2, 2, 5, 2, 5, 2, 5, 4]"
WHITING,2.375,1.1477,40,"[2, 2, 1, 3, 1, 2, 1, 3, 2, 2, 4, 3, 1, 2, 2, 2, 5, 2, 3, 1, 1, 2, 2, 3, 3, 1, 2, 2, 2, 1, 4, 5, 4, 2, 1, 4, 2, 4, 2, 4]"
WHOLLY,1.8718,1.1045,39,"[4, 2, 1, 1, 1, 2, 1, 3, 2, 2, 1, 1, 4, 2, 2, 1, 2, 2, 3, 1, 1, 1, 2, 1, 3, 2, 1, 2, 1, 1, 5, 1, 2, 1, 5, 2, 1, 2, 1]"
WHOREHOUSE,3.7143,1.312,42,"[5, 5, 2, 2, 3, 5, 2, 5, 2, 5, 5, 5, 5, 2, 4, 4, 2, 4, 4, 2, 5, 2, 4, 2, 2, 5, 5, 4, 5, 3, 2, 2, 5, 3, 5, 5, 2, 4, 5, 3, 5, 5]"
WILDLY,2.05,1.061,40,"[5, 2, 1, 3, 5, 1, 1, 3, 2, 2, 1, 1, 2, 2, 2, 3, 2, 2, 1, 1, 1, 2, 2, 4, 3, 1, 2, 2, 2, 1, 1, 4, 2, 2, 1, 2, 2, 1, 2, 3]"
WILSON,2.8919,1.4295,37,"[5, 4, 1, 2, 5, 1, 1, 3, 1, 2, 2, 4, 5, 5, 4, 1, 4, 2, 4, 4, 3, 3, 5, 2, 5, 2, 2, 1, 2, 1, 4, 5, 2, 2, 3, 3, 2]"
WINDY,3.6486,1.2068,37,"[5, 4, 2, 5, 5, 4, 2, 5, 5, 3, 5, 2, 4, 2, 5, 5, 2, 4, 4, 4, 2, 4, 5, 2, 3, 3, 3, 3, 4, 4, 2, 2, 5, 5, 4, 5, 2]"
WINE,3.7778,1.3465,45,"[5, 5, 5, 5, 2, 4, 2, 2, 5, 5, 2, 5, 5, 5, 2, 5, 5, 5, 5, 2, 5, 2, 3, 5, 4, 2, 4, 4, 4, 2, 4, 5, 2, 4, 5, 2, 2, 5, 2, 5, 2, 5, 2, 5, 4]"
WINNER,3.2308,1.1112,39,"[2, 3, 3, 3, 3, 4, 5, 4, 5, 4, 2, 4, 2, 4, 5, 2, 3, 2, 4, 3, 2, 3, 3, 2, 2, 5, 4, 4, 2, 3, 2, 4, 5, 5, 2, 4, 1, 3, 3]"
WINO,2.6744,1.1067,43,"[5, 3, 2, 2, 4, 3, 2, 4, 2, 3, 5, 2, 4, 2, 1, 4, 2, 2, 2, 4, 2, 3, 2, 4, 2, 2, 2, 3, 3, 2, 2, 2, 3, 3, 5, 1, 2, 1, 4, 2, 2, 1, 4]"
WIPE,3.1892,1.1015,37,"[5, 5, 2, 5, 3, 3, 2, 4, 4, 3, 5, 2, 2, 2, 4, 3, 2, 3, 3, 2, 2, 4, 3, 2, 4, 2, 3, 2, 4, 5, 2, 3, 5, 4, 4, 2, 3]"
WIRETAP,2.5952,1.0136,42,"[3, 4, 2, 2, 4, 5, 2, 5, 2, 4, 2, 3, 2, 2, 1, 4, 2, 3, 3, 2, 3, 2, 3, 2, 2, 3, 3, 5, 1, 2, 2, 2, 2, 2, 3, 2, 2, 1, 2, 3, 3, 2]"
WOBBLES,2.6364,1.0136,44,"[2, 3, 4, 4, 2, 3, 2, 2, 1, 2, 2, 2, 4, 3, 2, 3, 3, 3, 3, 2, 1, 2, 3, 4, 2, 2, 3, 3, 2, 2, 1, 2, 4, 5, 2, 1, 4, 2, 5, 2, 3, 2, 4, 3]"
WOLF,4.2703,1.2394,37,"[5, 3, 5, 2, 5, 5, 5, 3, 5, 2, 5, 5, 5, 5, 5, 3, 5, 2, 5, 5, 5, 5, 5, 5, 5, 2, 5, 5, 2, 5, 5, 5, 5, 2, 5, 5, 2]"
WOLVERINE,3.9,1.3359,40,"[5, 4, 5, 5, 5, 3, 5, 5, 2, 2, 4, 5, 3, 2, 2, 5, 5, 2, 5, 4, 5, 4, 5, 5, 5, 1, 2, 5, 4, 5, 5, 5, 3, 2, 5, 3, 2, 5, 2, 5]"
WONDROUS,2.3514,1.0332,37,"[1, 3, 4, 2, 2, 3, 2, 2, 1, 2, 3, 2, 2, 2, 4, 2, 2, 3, 1, 2, 4, 3, 2, 3, 4, 5, 1, 1, 2, 2, 3, 1, 1, 2, 4, 2, 2]"
WONG,2.1944,1.0907,36,"[3, 3, 2, 4, 2, 1, 2, 5, 1, 2, 3, 2, 2, 1, 5, 2, 1, 3, 1, 2, 3, 4, 3, 2, 2, 1, 1, 2, 1, 1, 1, 2, 2, 3, 2, 2]"
WOO,1.675,0.797,40,"[3, 1, 1, 1, 1, 1, 1, 1, 2, 2, 1, 1, 1, 2, 2, 1, 1, 2, 3, 1, 1, 1, 2, 2, 3, 1, 2, 2, 3, 1, 1, 4, 3, 2, 1, 2, 2, 1, 2, 2]"
WOODY,2.7857,1.2205,42,"[3, 5, 2, 2, 2, 5, 2, 4, 2, 4, 4, 5, 3, 2, 1, 5, 2, 3, 2, 2, 2, 2, 4, 2, 3, 2, 2, 3, 1, 2, 2, 2, 4, 4, 4, 4, 2, 1, 1, 5, 3, 2]"
WOOLWORTH,2.1351,1.2728,37,"[5, 1, 1, 2, 5, 1, 1, 3, 1, 2, 3, 1, 3, 2, 5, 1, 1, 2, 1, 1, 3, 1, 5, 3, 3, 2, 1, 2, 2, 2, 3, 1, 3, 2, 1, 1, 2]"
WORSHIPPED,2.6757,1.2705,37,"[5, 3, 2, 3, 3, 4, 2, 3, 4, 3, 5, 2, 3, 2, 2, 1, 2, 1, 1, 3, 2, 2, 5, 2, 1, 1, 1, 2, 3, 5, 2, 3, 3, 3, 5, 4, 1]"
WOUNDED,3.4524,1.2533,42,"[5, 4, 2, 2, 5, 5, 2, 4, 2, 5, 5, 5, 4, 2, 4, 4, 2, 3, 4, 2, 4, 2, 4, 2, 3, 4, 5, 4, 5, 4, 2, 2, 5, 3, 5, 3, 2, 1, 5, 3, 4, 2]"
WRANGLE,2.4615,0.9692,39,"[2, 3, 3, 3, 1, 1, 3, 3, 2, 2, 1, 3, 2, 2, 2, 2, 1, 2, 4, 3, 2, 1, 1, 2, 3, 3, 3, 4, 4, 3, 2, 4, 3, 4, 2, 4, 1, 3, 2]"
WRIT,1.9459,0.9985,37,"[1, 4, 4, 2, 3, 1, 1, 3, 2, 2, 3, 1, 1, 4, 3, 1, 1, 2, 2, 1, 2, 1, 2, 1, 4, 2, 1, 2, 2, 2, 1, 1, 3, 2, 1, 1, 2]"
YAHOO,2.7381,1.2506,42,"[5, 4, 2, 2, 4, 5, 2, 1, 2, 1, 4, 3, 3, 2, 1, 5, 2, 1, 2, 2, 2, 2, 2, 2, 2, 5, 3, 5, 1, 3, 2, 2, 2, 2, 4, 3, 2, 3, 5, 3, 4, 3]"
YAK,3.8611,1.2907,36,"[5, 5, 3, 2, 2, 5, 5, 5, 5, 2, 5, 5, 2, 4, 4, 5, 4, 5, 4, 2, 1, 4, 5, 3, 4, 2, 4, 2, 5, 4, 4, 5, 2, 5, 5, 5]"
YANG,2.2973,1.1987,37,"[1, 5, 1, 2, 3, 1, 1, 3, 4, 2, 2, 3, 2, 5, 2, 2, 3, 2, 3, 1, 4, 1, 1, 1, 1, 2, 2, 3, 2, 1, 3, 1, 3, 2, 3, 5, 2]"
YEN,3.1081,1.41,37,"[1, 4, 2, 5, 1, 4, 2, 5, 4, 4, 5, 2, 3, 2, 1, 5, 2, 3, 5, 3, 2, 1, 3, 2, 3, 1, 2, 5, 5, 5, 2, 4, 4, 3, 2, 5, 3]"
YIKES,1.9318,0.8733,44,"[1, 1, 1, 1, 2, 2, 2, 2, 2, 1, 2, 3, 2, 1, 2, 1, 1, 1, 2, 2, 1, 2, 3, 3, 2, 2, 2, 2, 2, 2, 1, 2, 4, 5, 2, 2, 2, 2, 4, 2, 1, 2, 2, 1]"
YIN,1.7674,0.7819,43,"[2, 2, 1, 1, 2, 1, 1, 1, 2, 1, 5, 2, 2, 2, 2, 1, 2, 3, 2, 3, 1, 2, 2, 2, 2, 2, 2, 1, 1, 2, 1, 2, 1, 1, 2, 1, 2, 1, 2, 2, 2, 1, 3]"
YOGA,3.7857,1.3166,42,"[5, 5, 2, 2, 5, 5, 2, 5, 2, 5, 3, 5, 5, 2, 3, 5, 2, 4, 4, 2, 4, 2, 5, 2, 3, 5, 5, 5, 5, 5, 2, 2, 5, 3, 5, 5, 2, 5, 4, 4, 5, 3]"
YOLK,4.1351,1.2056,37,"[5, 5, 2, 5, 4, 4, 2, 5, 5, 5, 5, 2, 4, 2, 5, 5, 2, 5, 5, 4, 2, 5, 5, 2, 5, 4, 4, 5, 5, 5, 2, 5, 5, 4, 5, 5, 4]"
YOUNGERS,2.1622,1.0412,37,"[5, 2, 1, 2, 2, 5, 1, 3, 3, 2, 2, 2, 1, 2, 1, 2, 4, 2, 1, 1, 2, 1, 3, 3, 3, 2, 1, 2, 2, 3, 1, 2, 3, 2, 1, 3, 2]"
ZEALAND,2.7568,1.4222,37,"[5, 3, 2, 5, 3, 2, 2, 5, 1, 4, 1, 2, 2, 2, 1, 4, 2, 3, 2, 1, 2, 3, 5, 2, 1, 5, 3, 5, 3, 1, 2, 4, 5, 3, 4, 1, 1]"
ZEROED,1.9333,0.9145,45,"[1, 1, 3, 1, 2, 2, 2, 2, 1, 1, 2, 1, 2, 1, 2, 1, 1, 2, 1, 2, 1, 2, 3, 4, 2, 2, 2, 1, 2, 2, 2, 1, 2, 4, 5, 2, 2, 4, 2, 2, 2, 1, 2, 2, 2]"
ZEUS,3.5278,1.1829,36,"[1, 4, 4, 3, 2, 5, 5, 5, 3, 2, 4, 5, 2, 3, 5, 5, 3, 4, 4, 2, 3, 5, 3, 3, 4, 3, 5, 2, 2, 5, 3, 3, 2, 4, 5, 4]"
ZIRA,2.0,1.069,36,"[4, 2, 1, 4, 2, 2, 1, 1, 3, 2, 5, 1, 2, 1, 1, 1, 1, 2, 1, 2, 4, 2, 2, 1, 2, 2, 2, 2, 2, 1, 1, 4, 2, 3, 1, 2]"
ZOOLOGIST,2.9302,0.9855,43,"[4, 3, 2, 3, 5, 3, 1, 2, 2, 3, 4, 2, 3, 2, 4, 3, 2, 3, 2, 3, 4, 5, 2, 4, 2, 2, 2, 4, 2, 2, 4, 2, 3, 4, 4, 3, 2, 3, 4, 2, 2, 4, 4]"
ZURICH,2.7838,1.2502,37,"[2, 4, 4, 2, 5, 2, 3, 3, 4, 2, 3, 4, 4, 5, 5, 2, 4, 2, 1, 1, 4, 2, 4, 2, 5, 2, 1, 3, 2, 2, 1, 3, 2, 2, 1, 3, 2]"
