unit,mean,std,n,individual_ratings
AIDS,4.3667,0.9643,30,"[4, 5, 5, 5, 4, 5, 4, 5, 5, 5, 5, 5, 4, 5, 4, 5, 5, 4, 5, 5, 4, 5, 2, 2, 2, 5, 5, 3, 4, 5]"
Afghanistan,4.4,0.855,30,"[3, 5, 4, 5, 5, 3, 5, 5, 5, 5, 5, 5, 5, 4, 5, 3, 5, 3, 5, 4, 3, 5, 4, 3, 5, 5, 3, 5, 5, 5]"
Alan,2.9667,1.6291,30,"[3, 2, 5, 1, 5, 4, 5, 5, 5, 2, 5, 1, 5, 1, 5, 4, 2, 4, 3, 1, 5, 3, 1, 2, 2, 1, 1, 1, 2, 3]"
Alan Turing,2.1,1.2959,30,"[4, 2, 1, 1, 5, 1, 3, 1, 2, 2, 1, 4, 1, 1, 2, 1, 1, 1, 2, 1, 4, 3, 2, 1, 2, 4, 2, 5, 2, 1]"
Alaska,4.9667,0.1826,30,"[5, 5, 5, 5, 5, 5, 5, 5, 4, 5, 5, 5, 5, 5, 5, 5, 5, 5, 5, 5, 5, 5, 5, 5, 5, 5, 5, 5, 5, 5]"
Albuquerque,4.0345,1.149,29,"[3, 4, 5, 5, 5, 4, 5, 2, 5, 5, 5, 5, 5, 3, 5, 3, 3, 3, 5, 4, 5, 3, 3, 5, 1, 3, 5, 5, 3]"
Aleve,4.4333,1.04,30,"[1, 5, 5, 3, 5, 5, 5, 5, 5, 4, 4, 5, 5, 5, 4, 3, 3, 5, 5, 5, 5, 5, 5, 5, 5, 2, 5, 4, 5, 5]"
Alexander Fleming,2.4667,1.1666,30,"[2, 5, 1, 2, 3, 3, 2, 5, 4, 2, 3, 3, 1, 3, 2, 2, 3, 2, 4, 2, 1, 1, 3, 3, 1, 3, 1, 2, 4, 1]"
Alexander Ovechkin,2.0667,1.4606,30,"[2, 1, 2, 1, 1, 1, 1, 1, 1, 3, 5, 2, 1, 1, 2, 1, 1, 3, 2, 5, 5, 1, 5, 2, 5, 1, 2, 1, 2, 1]"
Alexander the Great,4.2,0.9248,30,"[5, 5, 5, 3, 5, 5, 5, 5, 3, 4, 5, 5, 3, 4, 3, 5, 4, 4, 5, 5, 3, 3, 5, 5, 4, 2, 5, 4, 4, 3]"
Alice,4.0667,1.3374,30,"[4, 5, 3, 5, 5, 1, 3, 1, 5, 5, 2, 5, 5, 1, 5, 5, 3, 5, 5, 5, 4, 5, 4, 5, 4, 3, 4, 5, 5, 5]"
Alice in Chains,3.7586,1.1849,29,"[5, 4, 5, 2, 5, 3, 2, 3, 5, 5, 5, 2, 3, 3, 5, 5, 4, 3, 4, 3, 5, 5, 3, 3, 5, 4, 3, 1, 4]"
All Saints' Day,3.4333,1.1943,30,"[5, 3, 3, 4, 5, 2, 5, 2, 5, 3, 5, 5, 5, 3, 2, 2, 1, 3, 4, 2, 3, 4, 3, 3, 2, 4, 5, 3, 3, 4]"
Allan,3.9333,1.4126,30,"[1, 5, 5, 3, 5, 5, 3, 3, 3, 1, 5, 5, 4, 1, 5, 5, 3, 5, 5, 4, 1, 5, 5, 5, 5, 3, 4, 5, 4, 5]"
Allen Iverson,3.2,1.606,30,"[5, 2, 5, 3, 3, 3, 5, 5, 1, 2, 1, 2, 3, 3, 2, 2, 5, 1, 4, 5, 1, 5, 5, 2, 4, 1, 5, 5, 5, 1]"
Alma,2.6667,1.4464,30,"[4, 1, 2, 1, 4, 1, 1, 1, 5, 5, 2, 5, 1, 3, 1, 1, 3, 2, 3, 3, 5, 3, 3, 5, 2, 4, 2, 3, 3, 1]"
Alvin,3.5667,1.6121,30,"[5, 1, 5, 3, 5, 5, 4, 3, 1, 4, 5, 5, 2, 5, 5, 1, 1, 5, 1, 5, 3, 3, 5, 4, 5, 2, 3, 5, 5, 1]"
Ambien,4.3333,1.0933,30,"[5, 4, 5, 5, 5, 5, 5, 3, 3, 5, 2, 4, 5, 5, 3, 1, 4, 5, 5, 5, 5, 5, 5, 5, 5, 5, 3, 5, 5, 3]"
Amedeo Modigliani,1.6207,1.2368,29,"[4, 1, 1, 1, 2, 1, 1, 5, 1, 4, 1, 1, 1, 1, 1, 1, 1, 1, 2, 1, 5, 2, 1, 1, 1, 2, 1, 1, 1]"
Anastasia,3.7,1.2905,30,"[3, 3, 5, 5, 2, 2, 4, 4, 4, 5, 5, 4, 5, 5, 3, 2, 5, 5, 1, 2, 4, 3, 5, 1, 3, 3, 4, 5, 5, 4]"
Andrea,2.8333,1.6206,30,"[1, 4, 5, 5, 5, 3, 3, 5, 1, 1, 5, 3, 3, 1, 2, 3, 5, 4, 3, 3, 1, 5, 2, 1, 1, 5, 2, 1, 1, 1]"
Andrew Johnson,3.9333,1.1427,30,"[5, 5, 3, 4, 3, 5, 5, 5, 5, 3, 2, 3, 5, 1, 3, 3, 4, 5, 4, 5, 5, 5, 3, 5, 5, 3, 3, 5, 3, 3]"
Andy Warhol,4.2,1.0306,30,"[4, 4, 4, 4, 5, 3, 3, 5, 5, 5, 1, 5, 5, 5, 4, 4, 3, 3, 5, 4, 5, 5, 4, 5, 5, 2, 4, 5, 5, 5]"
Angelica,2.8667,1.5916,30,"[4, 1, 3, 1, 5, 4, 2, 1, 5, 2, 5, 1, 5, 1, 5, 4, 2, 3, 3, 1, 5, 3, 1, 1, 2, 2, 5, 2, 2, 5]"
Angelina Jolie,4.8667,0.3457,30,"[5, 5, 5, 5, 5, 5, 4, 5, 5, 5, 5, 5, 5, 4, 5, 5, 4, 5, 5, 5, 5, 5, 5, 5, 5, 5, 5, 5, 4, 5]"
Anne Boleyn,3.3333,1.47,30,"[4, 3, 1, 4, 5, 3, 3, 5, 2, 5, 2, 5, 5, 1, 3, 3, 4, 2, 4, 4, 5, 4, 5, 1, 3, 1, 1, 5, 5, 2]"
Antarctica,4.8667,0.3457,30,"[5, 5, 4, 5, 5, 5, 5, 5, 5, 5, 5, 5, 5, 5, 5, 5, 4, 5, 5, 4, 5, 5, 5, 5, 5, 4, 5, 5, 5, 5]"
Anthony Hopkins,4.4667,0.8193,30,"[5, 4, 5, 5, 3, 5, 5, 4, 5, 3, 5, 5, 4, 5, 4, 5, 5, 4, 5, 3, 5, 4, 5, 5, 4, 5, 2, 5, 5, 5]"
Antoinette,3.7,1.3429,30,"[4, 5, 2, 3, 5, 1, 3, 1, 3, 5, 5, 5, 5, 1, 3, 3, 3, 5, 4, 5, 5, 4, 4, 5, 3, 2, 5, 5, 4, 3]"
Ariel,3.4,1.5222,30,"[3, 4, 5, 5, 3, 3, 3, 5, 4, 1, 5, 5, 3, 1, 4, 2, 5, 4, 5, 3, 5, 5, 2, 2, 1, 5, 2, 1, 1, 5]"
Aristotle,4.1,1.1552,30,"[3, 4, 3, 4, 3, 5, 5, 5, 5, 3, 5, 5, 5, 5, 5, 5, 3, 5, 4, 4, 4, 3, 5, 1, 2, 5, 5, 2, 5, 5]"
Arnold Schwazenegger,4.9333,0.2537,30,"[5, 5, 5, 5, 5, 5, 5, 5, 5, 5, 5, 5, 5, 4, 5, 5, 5, 5, 5, 5, 5, 5, 5, 5, 5, 5, 5, 5, 4, 5]"
Arturo,2.2667,1.3113,30,"[1, 4, 2, 2, 1, 1, 2, 5, 5, 2, 5, 3, 4, 1, 1, 1, 2, 2, 2, 1, 4, 1, 1, 2, 1, 2, 2, 3, 3, 2]"
Ascorbic Acid,3.3667,1.2726,30,"[3, 4, 4, 1, 4, 5, 3, 2, 4, 4, 3, 3, 5, 5, 2, 5, 2, 1, 3, 3, 5, 4, 3, 2, 5, 5, 3, 3, 1, 4]"
Ash Wednesday,3.6429,1.3113,28,"[2, 4, 5, 5, 3, 5, 2, 5, 4, 5, 5, 5, 4, 3, 1, 2, 5, 3, 4, 5, 3, 5, 2, 2, 5, 3, 3, 2]"
Atari,4.7667,0.7739,30,"[5, 5, 5, 5, 5, 5, 5, 5, 5, 5, 5, 5, 5, 5, 5, 5, 2, 5, 5, 5, 5, 5, 5, 5, 5, 4, 5, 5, 5, 2]"
Aurora,3.8333,1.3917,30,"[2, 2, 3, 3, 5, 5, 3, 4, 4, 1, 4, 4, 5, 1, 5, 5, 4, 5, 5, 4, 1, 5, 2, 5, 5, 3, 5, 5, 5, 5]"
Babe Ruth,4.4333,0.8976,30,"[5, 5, 5, 5, 5, 4, 5, 3, 4, 5, 2, 4, 5, 5, 2, 4, 5, 5, 5, 5, 5, 5, 3, 5, 5, 4, 4, 5, 5, 4]"
Barbados,3.9655,1.1797,29,"[5, 3, 5, 3, 5, 3, 5, 3, 2, 5, 2, 4, 4, 5, 3, 5, 5, 1, 5, 4, 5, 4, 5, 5, 3, 3, 5, 5, 3]"
Barbra Streisand,4.5862,0.78,29,"[5, 5, 5, 5, 5, 5, 5, 3, 3, 2, 4, 5, 5, 4, 5, 5, 5, 5, 4, 5, 5, 5, 5, 5, 4, 5, 5, 5, 4]"
Barry Sanders,3.2333,1.6121,30,"[1, 5, 5, 3, 3, 5, 2, 5, 2, 1, 5, 5, 2, 5, 3, 4, 5, 4, 1, 2, 1, 3, 5, 4, 1, 5, 5, 2, 1, 2]"
Baton Rouge,4.4,0.9685,30,"[5, 5, 5, 1, 5, 5, 5, 3, 5, 5, 4, 5, 4, 5, 5, 5, 5, 3, 4, 3, 5, 4, 4, 5, 3, 5, 4, 5, 5, 5]"
Beatrice,3.5517,1.4537,29,"[1, 5, 2, 5, 3, 3, 3, 3, 1, 2, 4, 4, 1, 5, 5, 3, 3, 5, 4, 1, 4, 5, 5, 5, 2, 5, 5, 4, 5]"
Belgium,4.4333,0.8172,30,"[5, 4, 5, 4, 5, 5, 5, 3, 5, 3, 4, 5, 5, 5, 3, 5, 5, 3, 5, 4, 5, 5, 5, 5, 3, 5, 4, 5, 3, 5]"
Ben Bass,1.4333,0.8584,30,"[1, 1, 1, 2, 1, 1, 1, 1, 1, 1, 5, 2, 1, 1, 1, 1, 1, 2, 2, 2, 1, 1, 2, 1, 3, 1, 2, 1, 1, 1]"
Benadryl,4.7667,0.504,30,"[4, 4, 5, 5, 5, 5, 5, 5, 5, 4, 5, 5, 5, 5, 4, 4, 3, 5, 5, 5, 5, 5, 5, 5, 5, 5, 5, 5, 5, 5]"
Benito Mussolini,3.4333,1.2229,30,"[4, 3, 2, 3, 5, 3, 3, 1, 4, 3, 5, 4, 5, 5, 5, 5, 2, 5, 3, 3, 5, 3, 4, 3, 2, 3, 2, 4, 3, 1]"
Benjamin Franklin,4.6,0.6215,30,"[4, 5, 4, 4, 5, 5, 4, 5, 5, 5, 5, 5, 5, 5, 4, 3, 3, 5, 5, 5, 5, 5, 4, 5, 5, 4, 4, 5, 5, 5]"
Bermuda,4.4667,0.8193,30,"[5, 4, 5, 5, 5, 5, 5, 4, 3, 5, 2, 4, 4, 5, 3, 5, 5, 5, 5, 5, 5, 5, 4, 5, 5, 4, 3, 5, 5, 4]"
Bernard,3.1,1.5833,30,"[5, 1, 5, 2, 4, 5, 2, 1, 3, 4, 4, 5, 2, 4, 1, 1, 1, 5, 1, 5, 2, 5, 5, 4, 2, 2, 4, 3, 4, 1]"
Beth,3.0667,1.6595,30,"[2, 4, 5, 5, 3, 5, 3, 5, 1, 1, 5, 4, 3, 1, 4, 3, 5, 4, 5, 4, 1, 5, 2, 1, 1, 5, 2, 1, 1, 1]"
Betty White,4.2333,1.0063,30,"[4, 5, 5, 5, 3, 5, 4, 5, 5, 5, 5, 5, 3, 3, 5, 5, 5, 4, 2, 2, 3, 5, 5, 4, 3, 5, 5, 4, 3, 5]"
Billy Crystal,4.0667,1.1427,30,"[5, 4, 3, 5, 5, 1, 3, 5, 5, 3, 5, 5, 5, 4, 5, 4, 2, 5, 3, 3, 5, 5, 4, 3, 2, 4, 5, 4, 5, 5]"
Blondie,4.2333,1.0063,30,"[5, 4, 5, 5, 2, 4, 5, 4, 5, 3, 5, 5, 5, 5, 3, 5, 5, 3, 4, 3, 5, 4, 5, 5, 3, 5, 3, 5, 2, 5]"
Bob Gibson,2.0333,1.2172,30,"[2, 4, 2, 1, 1, 2, 1, 2, 2, 2, 2, 1, 2, 2, 1, 2, 5, 1, 1, 1, 1, 2, 2, 5, 1, 1, 2, 5, 2, 3]"
Bob Marley,4.4667,0.7761,30,"[4, 5, 5, 5, 5, 4, 5, 4, 5, 5, 4, 5, 5, 5, 5, 5, 3, 4, 5, 4, 3, 5, 5, 5, 5, 2, 4, 4, 5, 4]"
Breanna,2.6333,1.4967,30,"[4, 1, 2, 1, 5, 4, 3, 1, 5, 2, 5, 1, 5, 1, 1, 3, 2, 3, 3, 1, 5, 3, 1, 3, 2, 1, 2, 5, 2, 2]"
Brian,4.2,1.4239,30,"[1, 5, 5, 4, 5, 5, 3, 3, 5, 1, 5, 5, 4, 1, 5, 5, 3, 5, 5, 5, 1, 5, 5, 5, 5, 5, 5, 5, 5, 5]"
Britney,3.6667,1.373,30,"[5, 2, 1, 5, 4, 4, 5, 2, 1, 5, 2, 4, 3, 5, 3, 5, 5, 5, 5, 3, 5, 5, 3, 5, 2, 3, 2, 5, 3, 3]"
Bryan,3.8667,1.3578,30,"[4, 5, 3, 5, 5, 1, 2, 1, 5, 5, 2, 5, 5, 1, 3, 4, 3, 4, 4, 5, 3, 5, 4, 5, 4, 3, 5, 5, 5, 5]"
Burt Reynolds,4.1333,1.1958,30,"[2, 5, 5, 5, 2, 5, 4, 5, 5, 5, 5, 5, 3, 5, 4, 5, 5, 4, 1, 3, 3, 5, 5, 4, 4, 5, 5, 2, 3, 5]"
Béla Bartók,2.1667,1.5992,30,"[1, 5, 1, 1, 2, 4, 5, 1, 5, 2, 5, 1, 1, 1, 1, 1, 1, 3, 1, 1, 2, 1, 5, 4, 1, 1, 2, 4, 1, 1]"
Cabernet Sauvignon,3.1,1.5614,30,"[1, 5, 5, 4, 5, 4, 1, 2, 4, 2, 5, 5, 3, 3, 1, 1, 2, 5, 2, 4, 5, 1, 3, 2, 1, 3, 5, 2, 2, 5]"
Cairo,4.1,1.0289,30,"[4, 3, 4, 3, 5, 5, 5, 2, 5, 3, 5, 5, 5, 5, 4, 4, 2, 5, 3, 4, 3, 4, 5, 4, 2, 5, 5, 4, 5, 5]"
Calvin,3.3,1.622,30,"[5, 1, 5, 4, 5, 3, 2, 1, 2, 4, 2, 5, 2, 5, 1, 2, 1, 5, 1, 5, 2, 5, 5, 4, 5, 3, 4, 5, 4, 1]"
Calvin Coolidge,4.0,0.9469,30,"[4, 4, 5, 5, 4, 5, 5, 3, 3, 5, 2, 4, 4, 5, 2, 4, 4, 5, 5, 3, 4, 3, 3, 3, 5, 3, 4, 5, 5, 4]"
Cameroon,2.9,1.5391,30,"[4, 1, 2, 1, 2, 5, 3, 5, 4, 5, 2, 5, 5, 1, 1, 2, 3, 3, 1, 4, 5, 3, 3, 1, 5, 1, 3, 1, 2, 4]"
Canada,4.5333,0.6814,30,"[3, 4, 4, 5, 5, 4, 5, 5, 5, 5, 5, 5, 5, 4, 5, 5, 5, 3, 5, 5, 4, 5, 4, 4, 5, 5, 4, 5, 5, 3]"
Candace,2.8966,1.5433,29,"[3, 3, 3, 5, 5, 3, 1, 3, 5, 5, 5, 1, 1, 4, 1, 4, 5, 3, 1, 2, 5, 2, 1, 1, 1, 2, 3, 4, 2]"
Cape of Good Hope,2.9667,1.4016,30,"[2, 1, 3, 2, 1, 4, 4, 5, 5, 2, 5, 2, 2, 4, 2, 5, 1, 5, 1, 3, 3, 4, 5, 3, 2, 3, 3, 4, 2, 1]"
Captain James Cook,2.8,1.4479,30,"[2, 4, 5, 5, 3, 3, 5, 2, 1, 2, 3, 2, 5, 2, 1, 1, 1, 2, 5, 3, 2, 5, 3, 1, 3, 1, 4, 3, 1, 4]"
Capture the Flag,4.3667,1.0334,30,"[1, 4, 4, 4, 5, 5, 5, 5, 4, 4, 5, 5, 3, 5, 5, 5, 3, 5, 5, 5, 5, 5, 3, 5, 5, 2, 5, 5, 4, 5]"
Carl Maria von Weber,1.6667,1.1244,30,"[1, 1, 1, 1, 1, 5, 1, 3, 5, 2, 3, 1, 1, 1, 1, 1, 1, 1, 1, 2, 2, 1, 1, 3, 1, 1, 2, 2, 2, 1]"
Carolyn,3.0333,1.6501,30,"[3, 4, 3, 5, 4, 3, 1, 5, 5, 5, 5, 1, 1, 3, 1, 4, 5, 3, 1, 4, 2, 5, 1, 1, 1, 1, 2, 5, 5, 2]"
Catherine,3.2333,1.6955,30,"[3, 4, 3, 5, 5, 3, 1, 5, 5, 5, 5, 1, 1, 2, 5, 4, 5, 3, 1, 5, 2, 5, 1, 1, 1, 1, 5, 3, 5, 2]"
Catherine de Medici,2.2,1.3235,30,"[1, 3, 2, 2, 2, 1, 2, 5, 1, 1, 1, 4, 1, 4, 2, 2, 1, 4, 3, 4, 1, 3, 5, 1, 1, 1, 3, 1, 3, 1]"
Cathy,3.9333,1.388,30,"[4, 5, 3, 4, 5, 1, 3, 1, 5, 5, 1, 5, 5, 1, 3, 4, 3, 5, 4, 5, 5, 5, 3, 5, 4, 4, 5, 5, 5, 5]"
Celia,2.9667,1.4735,30,"[2, 2, 3, 5, 1, 3, 5, 2, 1, 5, 2, 4, 3, 5, 1, 3, 5, 5, 1, 3, 5, 3, 3, 5, 1, 2, 2, 1, 3, 3]"
Celina,2.9333,1.5298,30,"[1, 1, 2, 3, 2, 5, 2, 3, 2, 1, 3, 2, 3, 1, 5, 1, 2, 3, 5, 5, 1, 5, 5, 1, 5, 4, 3, 3, 4, 5]"
Chad Ochocinco,2.8,1.606,30,"[2, 1, 1, 1, 1, 1, 1, 5, 5, 5, 2, 5, 1, 1, 5, 4, 2, 5, 4, 1, 5, 3, 3, 2, 2, 3, 3, 3, 2, 5]"
Chantel,2.3333,1.3979,30,"[2, 1, 4, 1, 2, 4, 3, 3, 1, 1, 5, 3, 1, 2, 2, 3, 4, 4, 1, 3, 1, 5, 2, 1, 1, 5, 2, 1, 1, 1]"
Charlemagne,3.4667,1.306,30,"[3, 5, 3, 3, 2, 5, 2, 5, 2, 1, 5, 5, 3, 4, 3, 2, 4, 4, 4, 5, 5, 5, 2, 2, 3, 5, 2, 2, 3, 5]"
Charles,4.1034,1.3187,29,"[4, 4, 5, 5, 5, 4, 5, 1, 5, 3, 5, 5, 5, 5, 4, 1, 5, 4, 3, 5, 5, 5, 1, 5, 5, 4, 4, 5, 2]"
Chester,3.4333,1.6121,30,"[1, 5, 2, 2, 2, 5, 3, 3, 2, 1, 5, 3, 4, 1, 5, 4, 2, 5, 5, 1, 1, 5, 5, 5, 5, 2, 5, 5, 4, 5]"
China,4.5862,0.6823,29,"[3, 5, 4, 5, 5, 4, 5, 5, 5, 5, 5, 5, 5, 4, 5, 5, 5, 3, 5, 3, 5, 4, 4, 5, 5, 5, 5, 5, 4]"
Chloe,3.6333,1.5196,30,"[1, 5, 2, 3, 3, 5, 3, 3, 4, 1, 2, 5, 4, 1, 5, 5, 2, 3, 5, 5, 1, 5, 5, 5, 5, 2, 5, 5, 4, 5]"
Chris,3.5,1.6135,30,"[3, 5, 3, 5, 5, 5, 1, 5, 5, 5, 5, 2, 1, 5, 5, 5, 5, 3, 1, 3, 2, 5, 1, 1, 4, 1, 3, 3, 5, 3]"
Christina,4.0333,1.3767,30,"[4, 5, 3, 4, 5, 1, 2, 1, 5, 5, 2, 5, 5, 1, 3, 5, 3, 5, 4, 5, 5, 5, 4, 5, 5, 4, 5, 5, 5, 5]"
Cialis,3.2333,1.4782,30,"[3, 5, 2, 1, 4, 5, 3, 5, 3, 1, 2, 3, 5, 1, 1, 2, 3, 2, 4, 5, 5, 5, 3, 4, 5, 1, 3, 2, 4, 5]"
Cincinnati,4.5333,0.7303,30,"[5, 4, 5, 5, 5, 4, 5, 4, 4, 5, 2, 4, 5, 5, 4, 5, 5, 5, 5, 5, 5, 5, 4, 5, 5, 4, 3, 5, 5, 4]"
Cindy,3.2333,1.6955,30,"[3, 5, 3, 5, 5, 3, 1, 5, 5, 5, 5, 1, 1, 4, 1, 5, 5, 3, 1, 5, 2, 5, 1, 1, 1, 2, 3, 4, 5, 2]"
Clark Gable,4.1333,1.1958,30,"[3, 5, 5, 2, 4, 5, 5, 5, 5, 5, 5, 5, 3, 5, 4, 2, 4, 5, 5, 5, 4, 5, 3, 5, 2, 1, 5, 4, 3, 5]"
Claudia,3.9,1.3481,30,"[4, 4, 3, 5, 5, 1, 2, 1, 5, 5, 2, 5, 5, 1, 3, 3, 3, 5, 4, 4, 5, 5, 4, 5, 4, 4, 5, 5, 5, 5]"
Cleopatra,4.3,0.9523,30,"[4, 4, 5, 5, 4, 4, 5, 3, 5, 5, 5, 5, 5, 5, 3, 5, 5, 5, 4, 3, 5, 4, 5, 1, 3, 5, 4, 4, 5, 4]"
Codeine,3.6667,1.2685,30,"[4, 5, 3, 5, 4, 5, 1, 5, 4, 1, 5, 5, 4, 4, 3, 5, 4, 4, 2, 4, 2, 4, 2, 3, 2, 5, 4, 2, 4, 5]"
Columbus Day,4.6,0.6215,30,"[3, 5, 5, 5, 5, 4, 5, 5, 5, 5, 5, 5, 5, 4, 5, 4, 5, 5, 5, 4, 3, 5, 4, 4, 5, 4, 5, 5, 5, 4]"
Conan O'Brien,4.5667,0.7279,30,"[5, 5, 5, 4, 5, 4, 5, 4, 3, 5, 3, 4, 5, 5, 3, 5, 5, 5, 5, 5, 5, 5, 3, 5, 5, 5, 5, 5, 5, 4]"
Corey,3.5172,1.3789,29,"[5, 2, 5, 2, 4, 4, 5, 2, 1, 5, 3, 3, 5, 2, 3, 5, 5, 5, 3, 5, 5, 3, 5, 1, 3, 2, 2, 4, 3]"
Corinne,2.3333,1.1547,30,"[2, 1, 3, 3, 3, 5, 1, 2, 2, 1, 3, 5, 2, 3, 1, 2, 1, 4, 1, 2, 2, 4, 2, 2, 1, 2, 3, 3, 3, 1]"
Crystal,4.1667,1.2888,30,"[4, 3, 5, 5, 4, 5, 4, 1, 5, 2, 5, 5, 5, 5, 5, 5, 5, 2, 5, 3, 5, 3, 5, 1, 3, 5, 5, 5, 5, 5]"
Curtis,3.2333,1.4782,30,"[5, 1, 5, 2, 5, 5, 3, 1, 3, 3, 3, 5, 2, 5, 1, 1, 4, 3, 1, 5, 2, 4, 5, 4, 3, 3, 4, 4, 4, 1]"
Cy Young,2.8333,1.6418,30,"[1, 5, 4, 2, 1, 5, 3, 1, 4, 1, 5, 5, 1, 5, 3, 2, 5, 4, 1, 2, 1, 4, 4, 2, 2, 5, 4, 1, 1, 1]"
Cyclops,4.1667,0.9499,30,"[5, 2, 5, 4, 4, 3, 5, 3, 4, 5, 2, 4, 5, 4, 4, 4, 5, 5, 5, 3, 5, 5, 3, 5, 5, 4, 3, 5, 5, 4]"
Cyprus,3.3667,1.3767,30,"[1, 4, 2, 5, 5, 3, 4, 4, 5, 2, 5, 5, 5, 5, 2, 3, 2, 5, 2, 2, 3, 3, 3, 3, 2, 1, 5, 2, 5, 3]"
Dale,3.4483,1.3519,29,"[3, 3, 5, 5, 3, 3, 4, 2, 5, 3, 3, 5, 1, 5, 3, 1, 5, 2, 3, 5, 3, 5, 1, 3, 5, 3, 4, 5, 2]"
Dan Aykroyd,3.9,1.3481,30,"[4, 5, 3, 5, 5, 1, 4, 5, 5, 5, 3, 5, 5, 5, 3, 4, 1, 5, 3, 2, 5, 4, 4, 4, 5, 4, 1, 5, 2, 5]"
Daniel,3.3,1.664,30,"[4, 5, 5, 5, 2, 3, 5, 5, 1, 1, 5, 4, 2, 2, 5, 4, 5, 4, 5, 4, 4, 5, 2, 1, 1, 5, 2, 1, 1, 1]"
Danielle Steel,3.2759,1.3861,29,"[3, 2, 4, 5, 1, 3, 1, 2, 5, 2, 5, 5, 5, 4, 5, 4, 3, 4, 5, 4, 2, 1, 3, 2, 5, 3, 3, 2, 2]"
Darren,3.2,1.4239,30,"[3, 2, 3, 5, 4, 4, 5, 2, 1, 3, 2, 4, 3, 5, 1, 5, 5, 5, 5, 3, 5, 4, 3, 1, 1, 3, 2, 1, 3, 3]"
David Beckham,4.2333,1.1043,30,"[5, 4, 3, 5, 5, 3, 4, 5, 5, 5, 5, 5, 5, 5, 5, 5, 2, 5, 4, 1, 4, 5, 4, 3, 2, 4, 5, 4, 5, 5]"
David Hasselhoff,4.2667,1.0483,30,"[4, 4, 3, 5, 5, 3, 3, 5, 5, 5, 4, 5, 5, 5, 3, 3, 3, 5, 5, 1, 5, 5, 3, 5, 5, 4, 5, 5, 5, 5]"
Deion Sanders,3.2667,1.596,30,"[1, 5, 5, 3, 3, 5, 3, 1, 4, 1, 5, 5, 2, 5, 3, 4, 5, 4, 1, 2, 2, 5, 5, 4, 1, 5, 4, 1, 1, 3]"
Demi Moore,4.4667,1.008,30,"[5, 4, 5, 5, 5, 3, 5, 4, 5, 3, 5, 5, 5, 5, 5, 5, 5, 3, 5, 3, 5, 5, 5, 5, 3, 5, 1, 5, 5, 5]"
Denise,3.5333,1.4794,30,"[5, 2, 4, 5, 4, 4, 5, 2, 1, 5, 2, 4, 1, 5, 1, 5, 4, 5, 5, 4, 5, 5, 3, 5, 1, 3, 2, 2, 4, 3]"
Denzel Washington,4.8333,0.5307,30,"[5, 5, 5, 5, 5, 5, 5, 5, 5, 5, 3, 5, 5, 3, 5, 5, 4, 5, 5, 5, 5, 5, 5, 5, 5, 5, 5, 5, 5, 5]"
Derek Sanderson,1.9,0.9595,30,"[2, 2, 1, 2, 3, 3, 5, 3, 1, 2, 1, 2, 1, 1, 2, 2, 1, 2, 2, 2, 1, 1, 1, 3, 1, 3, 1, 2, 3, 1]"
Diazepam,2.8966,1.52,29,"[2, 4, 4, 3, 2, 2, 1, 2, 5, 2, 5, 5, 5, 4, 5, 3, 2, 5, 5, 2, 1, 3, 1, 2, 1, 1, 4, 1, 2]"
Diego,3.3333,1.4223,30,"[5, 2, 4, 1, 3, 3, 5, 2, 3, 5, 1, 4, 3, 5, 3, 3, 5, 5, 5, 3, 5, 5, 3, 5, 1, 2, 2, 1, 3, 3]"
Diego Rivera,2.1333,1.0417,30,"[2, 2, 1, 1, 1, 2, 2, 2, 3, 3, 2, 3, 3, 2, 3, 4, 1, 1, 5, 2, 1, 1, 2, 2, 2, 2, 1, 1, 3, 4]"
Dmitri Shostakovich,1.7667,1.3047,30,"[1, 1, 2, 1, 1, 4, 1, 1, 1, 1, 1, 5, 1, 5, 1, 2, 1, 1, 1, 1, 1, 2, 2, 5, 3, 1, 1, 2, 1, 2]"
Don,4.0667,1.4606,30,"[1, 5, 3, 5, 5, 5, 5, 3, 5, 1, 5, 5, 4, 1, 5, 5, 2, 5, 5, 4, 1, 5, 5, 5, 5, 3, 5, 5, 5, 4]"
Don Johnson,4.0667,1.3374,30,"[5, 5, 1, 5, 3, 5, 2, 5, 5, 4, 2, 5, 5, 1, 4, 5, 4, 5, 4, 5, 5, 4, 5, 5, 5, 2, 2, 5, 4, 5]"
Donald,4.2333,1.4065,30,"[1, 5, 4, 5, 5, 5, 5, 3, 4, 1, 5, 5, 4, 1, 5, 5, 3, 5, 5, 5, 1, 5, 5, 5, 5, 5, 5, 5, 5, 5]"
Drew,3.6,1.3544,30,"[4, 3, 5, 5, 4, 3, 5, 1, 5, 3, 3, 5, 2, 5, 5, 1, 5, 2, 3, 3, 4, 3, 5, 1, 3, 5, 4, 4, 5, 2]"
Duane,3.3,1.512,30,"[4, 4, 2, 5, 5, 1, 1, 1, 5, 5, 1, 5, 5, 1, 3, 3, 3, 3, 4, 5, 2, 4, 3, 1, 4, 4, 2, 5, 3, 5]"
Dustin,3.1667,1.6206,30,"[4, 1, 5, 2, 5, 5, 1, 2, 2, 2, 4, 5, 2, 5, 1, 1, 1, 5, 1, 5, 2, 4, 5, 4, 4, 3, 4, 5, 4, 1]"
Ecuador,4.3704,1.0057,27,"[5, 3, 5, 5, 1, 3, 3, 5, 5, 5, 5, 5, 3, 4, 5, 5, 5, 5, 4, 4, 5, 5, 5, 4, 5, 4, 5]"
Eddie,3.3667,1.4016,30,"[4, 3, 3, 1, 5, 5, 4, 5, 5, 2, 5, 3, 5, 1, 5, 4, 2, 5, 4, 1, 5, 3, 1, 3, 2, 2, 3, 4, 3, 3]"
Edouard Manet,2.2667,1.4126,30,"[1, 1, 1, 1, 2, 3, 1, 2, 1, 3, 1, 2, 1, 3, 2, 5, 5, 3, 1, 2, 1, 1, 3, 5, 3, 4, 1, 3, 1, 5]"
Edward Norton,3.8667,1.2243,30,"[5, 5, 5, 2, 4, 3, 5, 4, 4, 5, 2, 4, 5, 5, 3, 3, 5, 5, 5, 1, 2, 3, 3, 5, 5, 2, 4, 3, 5, 4]"
Egypt,4.4138,0.78,29,"[3, 5, 4, 5, 5, 3, 5, 5, 5, 5, 4, 5, 5, 4, 5, 4, 5, 3, 5, 4, 5, 4, 4, 5, 5, 3, 5, 5, 3]"
El Paso,4.2,1.0954,30,"[4, 2, 4, 4, 5, 1, 3, 5, 5, 5, 4, 5, 5, 5, 3, 5, 3, 5, 5, 5, 5, 5, 3, 5, 5, 5, 3, 5, 3, 4]"
El Salvador,3.931,1.0997,29,"[3, 3, 4, 5, 5, 3, 5, 4, 3, 5, 4, 5, 5, 5, 4, 3, 3, 5, 4, 4, 5, 3, 3, 5, 1, 3, 5, 5, 2]"
Eli,3.7333,1.3113,30,"[4, 5, 3, 3, 4, 5, 2, 1, 5, 5, 1, 5, 5, 1, 4, 3, 3, 5, 4, 3, 5, 5, 4, 5, 4, 2, 3, 5, 4, 4]"
Elizabeth I,3.2,1.2149,30,"[3, 3, 4, 3, 2, 3, 2, 5, 2, 1, 5, 5, 2, 4, 4, 2, 3, 4, 4, 5, 3, 5, 4, 2, 3, 1, 2, 2, 4, 4]"
Emanuel,3.1667,1.5992,30,"[2, 3, 3, 5, 4, 3, 1, 5, 5, 5, 5, 1, 1, 5, 1, 3, 3, 3, 3, 3, 1, 5, 1, 5, 1, 1, 4, 5, 5, 3]"
Emery,2.4,1.1326,30,"[3, 2, 3, 2, 1, 1, 1, 2, 1, 3, 2, 3, 3, 2, 2, 2, 2, 5, 5, 2, 5, 3, 3, 2, 1, 2, 3, 1, 2, 3]"
Emile,2.4667,1.3578,30,"[2, 3, 3, 1, 5, 2, 3, 2, 5, 2, 4, 1, 5, 1, 5, 3, 2, 2, 2, 1, 4, 1, 1, 4, 2, 1, 1, 2, 2, 2]"
Emiliano Zapata,1.8667,1.1666,30,"[4, 2, 1, 1, 2, 1, 1, 5, 2, 5, 2, 1, 1, 3, 1, 1, 1, 3, 2, 2, 2, 1, 2, 1, 1, 2, 3, 1, 1, 1]"
Emily,4.1,1.4227,30,"[1, 5, 4, 5, 5, 5, 3, 3, 4, 1, 5, 5, 4, 1, 5, 5, 3, 5, 5, 5, 1, 5, 5, 5, 5, 3, 5, 5, 5, 5]"
Eminem,4.5,0.82,30,"[5, 3, 5, 5, 4, 5, 5, 4, 5, 2, 5, 5, 5, 5, 4, 5, 5, 4, 5, 5, 4, 5, 5, 5, 3, 5, 3, 4, 5, 5]"
Eric,4.1333,1.4077,30,"[1, 5, 5, 4, 5, 5, 3, 3, 4, 1, 5, 5, 4, 1, 5, 5, 3, 5, 5, 5, 1, 5, 5, 5, 5, 4, 5, 5, 5, 5]"
Erma,3.2333,1.5241,30,"[1, 5, 2, 3, 2, 4, 2, 3, 2, 1, 5, 3, 4, 1, 5, 2, 3, 3, 5, 5, 1, 1, 5, 5, 5, 2, 3, 5, 4, 5]"
Erwin Schrodinger,2.5,1.2526,30,"[3, 5, 5, 3, 3, 2, 1, 1, 3, 3, 2, 3, 2, 2, 2, 3, 1, 1, 3, 2, 2, 1, 5, 3, 1, 2, 3, 2, 5, 1]"
Estradiol,1.3,0.596,30,"[2, 1, 1, 1, 3, 1, 1, 1, 1, 1, 1, 1, 3, 1, 1, 1, 1, 2, 2, 1, 1, 1, 1, 1, 2, 1, 2, 1, 1, 1]"
Ethel,2.6667,1.3979,30,"[2, 2, 4, 5, 2, 3, 3, 5, 3, 1, 5, 3, 3, 1, 3, 3, 3, 4, 2, 3, 1, 5, 2, 1, 1, 5, 2, 1, 1, 1]"
Eugene Delacroix,1.9333,1.2015,30,"[1, 1, 1, 1, 2, 2, 1, 1, 1, 1, 2, 2, 1, 3, 2, 5, 3, 2, 1, 2, 2, 2, 2, 5, 2, 1, 2, 1, 1, 5]"
Europe,4.3,1.0554,30,"[5, 3, 4, 4, 5, 4, 5, 5, 5, 2, 5, 5, 5, 5, 5, 4, 2, 5, 3, 3, 5, 5, 5, 3, 2, 5, 5, 5, 5, 5]"
Eva,3.4333,1.4308,30,"[5, 2, 3, 5, 4, 4, 5, 2, 1, 5, 2, 4, 3, 5, 1, 3, 5, 5, 5, 3, 5, 5, 3, 4, 1, 4, 2, 1, 3, 3]"
Excedrin,4.0,1.4142,29,"[2, 5, 4, 5, 5, 3, 5, 1, 5, 5, 5, 5, 5, 4, 5, 4, 5, 5, 5, 1, 5, 3, 3, 5, 1, 2, 5, 5, 3]"
Fabian,2.9,1.4227,30,"[5, 2, 1, 5, 3, 3, 3, 3, 1, 3, 1, 2, 2, 2, 2, 3, 5, 5, 5, 2, 5, 4, 4, 5, 2, 3, 1, 1, 2, 2]"
Ferdinand Magellan,3.7241,1.0986,29,"[4, 3, 5, 4, 1, 3, 3, 3, 5, 3, 4, 3, 4, 5, 3, 5, 5, 4, 3, 3, 4, 4, 5, 3, 5, 4, 4, 1, 5]"
Fernanda,2.0667,1.3113,30,"[4, 1, 2, 1, 3, 1, 1, 1, 3, 2, 1, 1, 1, 1, 1, 1, 3, 1, 3, 2, 5, 1, 2, 5, 2, 2, 3, 5, 2, 1]"
Finley,2.3,1.4179,30,"[2, 2, 5, 1, 1, 3, 2, 2, 1, 1, 2, 2, 1, 2, 1, 3, 5, 5, 5, 1, 3, 3, 2, 5, 1, 1, 1, 1, 2, 3]"
Fleetwood Mac,4.4,0.9685,30,"[5, 5, 5, 5, 5, 5, 5, 3, 5, 4, 4, 5, 2, 5, 4, 5, 5, 2, 5, 3, 5, 4, 5, 5, 3, 5, 3, 5, 5, 5]"
Flora,3.4667,1.5477,30,"[4, 4, 3, 2, 5, 1, 2, 1, 5, 5, 1, 5, 1, 1, 4, 4, 3, 5, 4, 5, 5, 5, 3, 5, 3, 1, 3, 5, 4, 5]"
Florence,3.6667,1.213,30,"[5, 3, 3, 1, 5, 5, 3, 5, 5, 2, 5, 3, 5, 4, 5, 4, 2, 5, 3, 3, 5, 3, 4, 3, 2, 4, 3, 3, 5, 2]"
France,4.8,0.4842,30,"[4, 5, 3, 4, 5, 5, 4, 5, 5, 5, 5, 5, 5, 5, 5, 5, 4, 5, 5, 5, 5, 5, 5, 5, 5, 5, 5, 5, 5, 5]"
Francesca,3.2333,1.4782,30,"[1, 3, 2, 2, 2, 1, 3, 3, 3, 1, 4, 2, 3, 1, 5, 3, 3, 5, 5, 4, 1, 4, 5, 5, 5, 2, 5, 5, 4, 5]"
Francisco,3.0333,1.6078,30,"[2, 4, 5, 5, 1, 3, 3, 5, 1, 2, 5, 4, 2, 2, 5, 2, 4, 4, 5, 5, 1, 5, 2, 1, 1, 5, 2, 1, 1, 3]"
Frank Sinatra,4.5667,0.6789,30,"[5, 5, 5, 5, 5, 4, 5, 4, 4, 5, 3, 4, 5, 5, 3, 5, 5, 5, 5, 5, 4, 5, 4, 5, 5, 3, 5, 5, 5, 4]"
Franklin,3.4667,1.5253,30,"[4, 4, 3, 1, 5, 4, 5, 5, 5, 2, 5, 1, 5, 1, 5, 4, 2, 5, 3, 1, 5, 3, 1, 5, 2, 2, 4, 4, 3, 5]"
Franz Schubert,2.6333,1.7515,30,"[1, 1, 1, 1, 5, 5, 2, 1, 5, 2, 5, 1, 1, 3, 1, 3, 1, 5, 5, 4, 5, 1, 5, 2, 1, 1, 5, 3, 2, 1]"
Freesia,2.5667,1.5906,30,"[3, 1, 4, 5, 1, 1, 1, 2, 5, 2, 5, 5, 3, 1, 1, 1, 1, 4, 1, 1, 5, 3, 5, 4, 1, 1, 2, 3, 2, 3]"
Friday,4.9,0.4026,30,"[5, 5, 4, 5, 5, 3, 5, 5, 5, 5, 5, 5, 5, 5, 5, 5, 5, 5, 5, 5, 5, 5, 5, 5, 5, 5, 5, 5, 5, 5]"
Fuchsia,3.3667,1.6914,30,"[5, 1, 5, 3, 1, 3, 5, 3, 4, 5, 2, 1, 5, 2, 4, 5, 5, 5, 1, 1, 5, 5, 5, 1, 5, 2, 5, 2, 1, 4]"
Gabriel,4.0333,1.3257,30,"[4, 5, 3, 4, 5, 1, 2, 1, 5, 5, 5, 5, 5, 1, 3, 4, 3, 5, 4, 5, 5, 5, 4, 5, 5, 3, 4, 5, 5, 5]"
Galileo Galilei,3.8276,1.2837,29,"[2, 2, 2, 5, 5, 4, 5, 5, 5, 2, 5, 5, 3, 3, 3, 3, 5, 4, 4, 5, 4, 5, 5, 5, 3, 4, 5, 1, 2]"
Garrett,2.6667,1.373,30,"[3, 2, 3, 2, 1, 3, 1, 3, 5, 5, 3, 1, 1, 4, 2, 4, 4, 3, 5, 3, 2, 5, 1, 1, 1, 1, 2, 4, 2, 3]"
Gary,3.0,1.6189,30,"[3, 3, 3, 5, 5, 3, 1, 5, 5, 5, 5, 1, 1, 1, 1, 4, 5, 3, 1, 3, 2, 5, 1, 1, 3, 1, 3, 4, 5, 2]"
Genesis,4.0333,1.1592,30,"[3, 5, 5, 5, 3, 5, 3, 5, 3, 3, 5, 5, 3, 4, 4, 4, 5, 4, 5, 5, 5, 5, 2, 5, 4, 5, 3, 2, 1, 5]"
Genevieve,2.4333,1.4065,30,"[4, 2, 3, 1, 5, 2, 3, 1, 5, 2, 5, 1, 5, 1, 1, 2, 2, 3, 2, 1, 5, 3, 1, 3, 1, 1, 2, 2, 2, 2]"
Geoffrey,2.8667,1.5025,30,"[2, 1, 3, 1, 5, 4, 3, 5, 5, 2, 5, 1, 5, 1, 5, 4, 2, 4, 3, 1, 4, 3, 1, 4, 2, 1, 2, 3, 3, 1]"
George Clooney,4.9333,0.2537,30,"[5, 5, 5, 5, 5, 5, 5, 5, 5, 5, 5, 5, 5, 5, 5, 5, 4, 5, 5, 5, 5, 5, 5, 5, 5, 5, 5, 5, 4, 5]"
Gerald,3.1667,1.5105,30,"[4, 1, 5, 2, 5, 3, 3, 1, 3, 3, 4, 5, 2, 5, 1, 2, 1, 5, 1, 5, 2, 5, 5, 4, 4, 2, 3, 4, 4, 1]"
Gertrude,3.6,1.2205,30,"[4, 3, 5, 5, 2, 3, 4, 2, 5, 2, 4, 5, 4, 5, 2, 5, 5, 2, 3, 3, 4, 3, 5, 1, 2, 5, 4, 4, 3, 4]"
Gioacchino Rossini,1.8,1.1861,30,"[1, 1, 3, 1, 1, 2, 1, 1, 1, 3, 2, 5, 1, 2, 2, 1, 1, 1, 1, 1, 1, 4, 2, 5, 3, 1, 1, 2, 1, 2]"
Gordon,2.8,1.71,30,"[1, 4, 5, 5, 2, 5, 2, 5, 1, 1, 5, 4, 1, 1, 3, 2, 4, 4, 5, 4, 1, 5, 2, 1, 1, 5, 2, 1, 1, 1]"
Greece,4.2069,1.2358,29,"[5, 5, 3, 4, 5, 5, 5, 5, 3, 5, 5, 5, 5, 5, 5, 2, 5, 3, 3, 5, 5, 5, 2, 2, 4, 5, 1, 5, 5]"
Gregor Mendel,2.6,1.3544,30,"[2, 2, 1, 1, 3, 5, 5, 2, 4, 3, 2, 1, 2, 1, 1, 3, 5, 1, 1, 3, 3, 1, 3, 3, 3, 4, 2, 5, 2, 4]"
Guy,3.9333,1.4606,30,"[5, 1, 5, 3, 5, 5, 5, 2, 5, 5, 2, 5, 2, 5, 5, 3, 5, 5, 1, 5, 5, 3, 5, 3, 4, 5, 3, 5, 5, 1]"
Halle Berry,4.5316,0.8463,237,"[5, 4, 5, 5, 5, 5, 5, 5, 5, 3, 3, 5, 5, 5, 5, 5, 5, 4, 5, 4, 5, 5, 5, 5, 4, 5, 1, 5, 5, 5, 5, 5, 5, 4, 3, 5, 5, 5, 4, 4, 4, 3, 5, 5, 4, 4, 5, 5, 5, 5, 5, 5, 5, 5, 4, 5, 5, 5, 5, 4, 5, 3, 5, 5, 5, 2, 5, 5, 5, 5, 5, 5, 5, 3, 3, 3, 5, 5, 4, 5, 5, 4, 5, 5, 5, 5, 5, 5, 5, 5, 5, 5, 5, 5, 4, 5, 5, 5, 5, 4, 5, 5, 4, 5, 5, 4, 5, 5, 5, 5, 5, 5, 5, 5, 5, 5, 5, 5, 5, 5, 5, 5, 5, 5, 5, 5, 5, 5, 5, 5, 5, 5, 3, 5, 4, 2, 5, 4, 3, 5, 5, 4, 3, 2, 3, 5, 5, 5, 5, 5, 5, 5, 5, 4, 3, 4, 4, 4, 5, 1, 4, 5, 5, 3, 5, 5, 5, 5, 5, 5, 5, 3, 5, 5, 4, 4, 5, 5, 4, 4, 5, 5, 5, 3, 5, 5, 5, 5, 5, 5, 5, 4, 5, 5, 5, 3, 5, 4, 5, 4, 4, 5, 1, 4, 5, 5, 3, 5, 5, 5, 4, 3, 5, 3, 5, 5, 5, 5, 5, 3, 4, 5, 5, 5, 4, 1, 5, 3, 5, 5, 4, 4, 5, 5, 4, 4, 5]"
Hammurabi,1.9333,1.388,30,"[2, 1, 4, 1, 5, 3, 1, 1, 1, 3, 1, 1, 5, 3, 1, 1, 1, 1, 5, 1, 1, 1, 1, 1, 1, 2, 4, 2, 1, 2]"
Hank Aaron,3.7667,1.4547,30,"[4, 3, 4, 3, 5, 3, 2, 5, 5, 5, 3, 3, 5, 5, 1, 4, 2, 5, 5, 1, 5, 5, 5, 1, 5, 5, 2, 5, 2, 5]"
Hanukkah,4.6207,0.7277,29,"[5, 5, 5, 2, 5, 5, 5, 5, 5, 4, 5, 5, 5, 5, 4, 5, 3, 5, 4, 5, 4, 5, 4, 5, 4, 5, 5, 5, 5]"
Harrison Ford,4.6,0.6215,30,"[4, 5, 4, 5, 5, 5, 4, 5, 5, 5, 5, 5, 5, 5, 3, 4, 3, 5, 5, 4, 4, 5, 4, 5, 5, 4, 5, 5, 5, 5]"
Havana,4.1667,0.9855,30,"[5, 4, 5, 5, 2, 5, 5, 3, 5, 3, 4, 3, 5, 5, 3, 5, 5, 2, 4, 4, 4, 4, 5, 5, 3, 5, 4, 5, 3, 5]"
Heath Ledger,3.9333,1.2015,30,"[5, 5, 4, 3, 3, 5, 2, 5, 3, 1, 5, 5, 3, 4, 4, 5, 5, 4, 2, 4, 5, 5, 5, 3, 3, 5, 5, 3, 2, 5]"
Hector Berlioz,1.7333,1.1427,30,"[2, 3, 1, 2, 1, 1, 1, 5, 1, 1, 2, 4, 1, 1, 2, 1, 1, 2, 2, 1, 1, 1, 2, 1, 2, 1, 2, 1, 1, 5]"
Helsinki,3.6,1.2484,30,"[4, 3, 1, 3, 2, 5, 3, 5, 4, 5, 3, 5, 5, 5, 1, 3, 3, 3, 4, 4, 2, 4, 4, 2, 5, 4, 4, 5, 2, 5]"
Henri Matisse,2.4828,1.6173,29,"[5, 3, 1, 2, 1, 1, 2, 5, 2, 5, 1, 3, 1, 1, 1, 2, 5, 2, 4, 5, 1, 5, 1, 1, 5, 2, 2, 2, 1]"
Holland,4.2069,0.861,29,"[3, 4, 5, 5, 5, 3, 5, 5, 5, 4, 5, 5, 5, 4, 5, 4, 5, 3, 3, 4, 5, 3, 3, 4, 4, 3, 5, 5, 3]"
Holly,3.8667,1.4077,30,"[4, 5, 3, 4, 5, 1, 3, 1, 5, 5, 1, 5, 5, 1, 5, 5, 3, 3, 5, 4, 5, 5, 4, 2, 4, 4, 4, 5, 5, 5]"
Howard,3.1724,1.6051,29,"[3, 4, 3, 5, 4, 4, 1, 5, 5, 5, 5, 1, 1, 3, 5, 4, 5, 3, 1, 2, 5, 1, 1, 2, 1, 2, 4, 5, 2]"
Hudson Bay,4.2333,1.04,30,"[4, 5, 5, 3, 4, 5, 5, 5, 5, 4, 5, 5, 3, 5, 4, 3, 1, 3, 4, 5, 3, 5, 5, 5, 5, 5, 3, 5, 5, 3]"
Huntington's disease,3.1,1.3222,30,"[2, 3, 3, 2, 5, 3, 5, 5, 3, 3, 3, 2, 5, 5, 4, 3, 2, 2, 2, 1, 2, 5, 2, 5, 3, 4, 3, 1, 4, 1]"
Iceland,4.4667,0.8193,30,"[5, 3, 5, 5, 5, 4, 5, 4, 3, 5, 2, 4, 5, 5, 3, 5, 5, 5, 5, 4, 5, 5, 5, 5, 5, 4, 4, 5, 5, 4]"
Igor Stravinsky,2.5,1.3065,30,"[2, 3, 2, 1, 3, 3, 1, 5, 4, 4, 5, 5, 1, 3, 1, 2, 1, 1, 4, 2, 4, 2, 1, 2, 2, 1, 3, 2, 3, 2]"
Imhotep,2.2,1.2972,30,"[1, 1, 4, 1, 4, 3, 4, 1, 1, 3, 1, 4, 3, 3, 2, 1, 1, 1, 1, 1, 4, 1, 1, 1, 3, 4, 3, 3, 1, 4]"
Indianapolis,4.6207,0.6769,29,"[5, 3, 4, 5, 5, 3, 5, 5, 5, 5, 5, 5, 5, 3, 5, 4, 5, 5, 5, 5, 5, 5, 5, 5, 4, 4, 5, 4, 5]"
Indonesia,4.4138,0.9826,29,"[5, 3, 5, 5, 5, 5, 5, 3, 3, 5, 2, 4, 5, 5, 5, 5, 5, 5, 3, 5, 5, 4, 5, 5, 5, 2, 5, 5, 4]"
Inez,2.4333,1.4308,30,"[1, 5, 1, 2, 2, 2, 1, 3, 3, 1, 1, 3, 3, 1, 5, 1, 1, 2, 5, 2, 1, 1, 2, 3, 5, 2, 3, 2, 4, 5]"
Ingrid,2.9333,1.5071,30,"[1, 4, 4, 4, 3, 5, 3, 5, 3, 1, 5, 3, 1, 1, 2, 3, 3, 4, 5, 4, 1, 5, 2, 1, 1, 5, 2, 2, 1, 4]"
Iowa,4.6333,0.8503,30,"[5, 5, 5, 3, 5, 5, 5, 5, 5, 4, 5, 5, 4, 5, 4, 2, 5, 5, 5, 5, 5, 5, 5, 5, 5, 2, 5, 5, 5, 5]"
Irving Wallace,2.2333,1.3047,30,"[1, 2, 2, 1, 3, 2, 1, 1, 1, 1, 2, 2, 2, 5, 2, 5, 5, 1, 1, 2, 1, 3, 2, 5, 3, 3, 2, 2, 1, 3]"
Istanbul,3.931,1.2227,29,"[5, 3, 2, 3, 5, 4, 4, 5, 2, 5, 5, 5, 5, 3, 5, 2, 5, 3, 3, 5, 5, 5, 3, 2, 2, 5, 5, 5, 3]"
Ivan,3.0,1.4142,30,"[5, 1, 5, 2, 5, 2, 4, 1, 4, 4, 3, 5, 2, 4, 1, 2, 1, 2, 1, 3, 2, 3, 5, 4, 4, 3, 3, 4, 4, 1]"
Ivan Turgenev,1.519,0.8762,237,"[1, 1, 2, 1, 1, 2, 1, 1, 1, 1, 1, 2, 1, 5, 1, 4, 1, 1, 1, 1, 1, 2, 2, 5, 1, 1, 1, 2, 1, 2, 2, 2, 1, 1, 3, 2, 1, 1, 3, 2, 4, 2, 2, 2, 1, 2, 1, 1, 2, 2, 1, 2, 1, 2, 1, 2, 1, 1, 1, 4, 1, 1, 1, 5, 1, 1, 1, 4, 2, 1, 1, 1, 1, 1, 1, 2, 1, 3, 1, 1, 1, 3, 1, 2, 1, 1, 1, 1, 1, 2, 1, 1, 2, 1, 1, 1, 3, 1, 1, 2, 4, 2, 1, 1, 1, 1, 2, 2, 1, 1, 1, 2, 1, 1, 1, 1, 1, 4, 1, 1, 1, 1, 1, 1, 4, 5, 2, 2, 1, 1, 1, 1, 2, 1, 2, 2, 2, 2, 1, 1, 1, 1, 1, 2, 2, 2, 1, 2, 2, 3, 1, 1, 1, 1, 2, 2, 1, 2, 1, 2, 3, 1, 1, 1, 1, 1, 1, 1, 1, 1, 1, 1, 1, 2, 1, 1, 3, 1, 1, 2, 2, 1, 2, 1, 2, 1, 1, 1, 2, 2, 4, 1, 1, 1, 1, 1, 1, 1, 1, 1, 2, 1, 1, 1, 2, 1, 2, 1, 1, 2, 1, 1, 1, 1, 1, 1, 1, 1, 1, 1, 3, 1, 2, 1, 1, 1, 4, 1, 2, 3, 1, 1, 1, 2, 1, 1, 1]"
Jack Dempsey,3.2,1.3995,30,"[2, 4, 1, 2, 3, 5, 5, 5, 3, 4, 4, 4, 4, 3, 2, 4, 1, 2, 5, 5, 2, 4, 1, 4, 4, 1, 5, 3, 3, 1]"
Jack London,3.8333,1.2341,30,"[5, 2, 5, 4, 2, 3, 2, 4, 3, 5, 3, 4, 5, 5, 2, 5, 5, 4, 4, 1, 4, 4, 5, 5, 4, 5, 3, 5, 2, 5]"
Jack Nicholson,4.4333,0.9714,30,"[3, 5, 4, 5, 5, 4, 4, 5, 5, 5, 5, 5, 5, 5, 5, 5, 2, 5, 4, 4, 5, 5, 4, 2, 2, 5, 5, 5, 5, 5]"
Jack the Ripper,4.4,0.7701,30,"[4, 4, 3, 4, 5, 3, 4, 5, 5, 5, 5, 5, 5, 5, 5, 3, 3, 5, 5, 3, 5, 5, 4, 5, 5, 4, 4, 5, 4, 5]"
Jackie,3.3667,1.6078,30,"[3, 5, 3, 5, 5, 3, 1, 5, 5, 5, 5, 3, 1, 4, 3, 5, 5, 3, 1, 3, 2, 5, 1, 1, 1, 1, 4, 5, 5, 3]"
Jacksonville,4.3793,0.82,29,"[2, 5, 5, 5, 5, 3, 5, 4, 5, 4, 5, 5, 5, 5, 5, 4, 3, 3, 5, 4, 4, 5, 4, 4, 5, 4, 5, 5, 4]"
Jaidyn,2.1,1.3983,30,"[1, 1, 2, 1, 2, 1, 3, 3, 2, 1, 5, 2, 4, 1, 5, 1, 1, 1, 2, 1, 1, 1, 1, 3, 4, 1, 4, 2, 1, 5]"
Jakarta,2.7667,1.5241,30,"[5, 2, 1, 3, 1, 1, 1, 4, 1, 3, 2, 3, 5, 1, 1, 3, 3, 2, 3, 1, 2, 5, 1, 5, 5, 3, 3, 5, 3, 5]"
James Cagney,3.4,1.5447,30,"[1, 5, 3, 5, 3, 5, 4, 5, 4, 5, 5, 5, 2, 4, 5, 3, 1, 4, 1, 4, 2, 4, 5, 3, 1, 5, 4, 1, 2, 1]"
James Dean,4.2333,0.9353,30,"[5, 4, 5, 4, 5, 3, 5, 2, 4, 5, 4, 5, 5, 5, 3, 5, 5, 3, 3, 3, 4, 4, 5, 5, 3, 5, 3, 5, 5, 5]"
James Madison,3.8,0.9965,30,"[3, 5, 4, 4, 2, 5, 3, 5, 3, 3, 5, 5, 3, 4, 3, 2, 5, 4, 4, 3, 3, 5, 5, 5, 3, 5, 3, 3, 3, 4]"
James Monroe,3.4,1.3025,30,"[2, 4, 5, 1, 3, 3, 5, 3, 2, 4, 2, 4, 2, 5, 2, 4, 3, 5, 5, 3, 4, 1, 4, 5, 1, 3, 4, 4, 5, 4]"
Jamie,3.6333,1.3767,30,"[5, 2, 4, 5, 4, 4, 5, 2, 1, 5, 5, 4, 3, 5, 2, 4, 4, 5, 5, 3, 5, 5, 3, 5, 1, 3, 2, 1, 4, 3]"
Janine,3.1034,1.4963,29,"[4, 3, 3, 1, 5, 4, 2, 5, 2, 5, 1, 5, 1, 5, 3, 2, 4, 3, 1, 5, 3, 1, 3, 2, 1, 5, 5, 3, 3]"
Jawaharlal Nehru,1.5924,1.026,238,"[3, 1, 3, 1, 1, 2, 1, 1, 4, 1, 2, 1, 1, 2, 2, 5, 1, 1, 1, 1, 1, 2, 2, 1, 2, 1, 1, 1, 2, 2, 2, 2, 1, 1, 2, 5, 1, 1, 3, 2, 5, 4, 1, 1, 1, 1, 1, 1, 1, 1, 2, 3, 1, 2, 1, 1, 1, 1, 2, 1, 4, 1, 1, 1, 1, 5, 1, 5, 1, 5, 1, 1, 1, 1, 1, 1, 1, 1, 1, 1, 2, 1, 3, 1, 2, 1, 1, 1, 1, 1, 1, 1, 1, 2, 1, 1, 1, 5, 2, 1, 2, 3, 1, 1, 1, 1, 3, 2, 2, 1, 1, 1, 1, 1, 1, 1, 2, 1, 1, 1, 2, 1, 1, 1, 1, 1, 1, 1, 5, 2, 2, 3, 1, 3, 1, 1, 2, 5, 2, 1, 3, 1, 4, 2, 1, 1, 2, 4, 2, 1, 2, 1, 1, 1, 1, 3, 2, 2, 1, 1, 1, 1, 1, 1, 1, 2, 1, 1, 1, 1, 1, 1, 1, 3, 2, 1, 1, 3, 1, 2, 1, 1, 2, 1, 2, 1, 1, 1, 1, 1, 1, 2, 3, 1, 1, 1, 3, 1, 1, 1, 2, 1, 2, 1, 5, 1, 1, 1, 4, 1, 1, 1, 1, 1, 1, 1, 3, 1, 1, 1, 1, 1, 1, 2, 1, 2, 3, 3, 1, 2, 1, 1, 1, 1, 2, 1, 1, 1]"
Jay Leno,4.7241,0.7019,29,"[5, 5, 5, 3, 5, 5, 5, 5, 5, 5, 5, 5, 5, 5, 4, 5, 5, 4, 5, 5, 5, 5, 5, 5, 2, 5, 5, 4, 5]"
Jean-Jacques Rousseau,2.7667,1.2507,30,"[2, 2, 3, 1, 3, 3, 5, 2, 4, 3, 1, 3, 4, 2, 2, 3, 3, 1, 1, 5, 4, 1, 3, 3, 4, 3, 1, 5, 2, 4]"
Jennifer Anniston,4.5333,0.5713,30,"[5, 5, 5, 4, 4, 5, 3, 4, 4, 5, 5, 5, 4, 4, 4, 5, 5, 4, 5, 5, 4, 5, 5, 4, 5, 5, 5, 4, 4, 5]"
Jerry Seinfeld,4.6333,0.7184,30,"[5, 4, 5, 5, 5, 4, 5, 5, 5, 5, 4, 5, 5, 5, 5, 5, 5, 4, 5, 4, 4, 5, 5, 5, 3, 5, 2, 5, 5, 5]"
Jim Carrey,4.5667,0.9714,30,"[5, 4, 5, 5, 5, 3, 5, 4, 5, 5, 5, 5, 5, 5, 5, 5, 5, 4, 5, 4, 5, 5, 5, 1, 5, 5, 2, 5, 5, 5]"
Jim Thorpe,2.8667,1.4077,30,"[3, 4, 2, 2, 3, 2, 2, 1, 4, 3, 2, 3, 2, 1, 1, 4, 3, 5, 2, 3, 5, 5, 5, 3, 5, 1, 1, 5, 3, 1]"
Jimmy Carter,4.5667,0.7279,30,"[4, 4, 3, 3, 5, 5, 5, 5, 5, 5, 5, 5, 5, 5, 3, 4, 3, 5, 5, 4, 5, 5, 5, 5, 5, 5, 4, 5, 5, 5]"
Jo,2.9,1.3222,30,"[3, 2, 1, 5, 4, 4, 5, 2, 1, 3, 2, 2, 3, 4, 2, 3, 5, 5, 1, 3, 5, 4, 3, 2, 1, 3, 2, 1, 3, 3]"
Joan of Arc,4.3667,0.7184,30,"[5, 4, 5, 4, 4, 4, 5, 3, 5, 4, 5, 5, 5, 4, 4, 5, 5, 5, 3, 3, 5, 4, 4, 5, 3, 5, 4, 5, 4, 5]"
Jodie Foster,4.2667,1.0148,30,"[5, 4, 5, 3, 3, 4, 5, 4, 5, 3, 5, 5, 5, 5, 4, 5, 5, 3, 3, 3, 5, 5, 5, 5, 4, 5, 1, 4, 5, 5]"
Joe,4.1,1.4227,30,"[4, 5, 3, 5, 5, 1, 3, 1, 5, 5, 1, 5, 5, 1, 3, 5, 3, 5, 5, 5, 5, 5, 5, 5, 4, 4, 5, 5, 5, 5]"
Johann Wolfgang von Goethe,2.3667,1.2994,30,"[2, 1, 3, 3, 1, 1, 1, 3, 2, 1, 5, 1, 2, 4, 2, 3, 4, 4, 3, 4, 2, 5, 4, 1, 1, 1, 2, 2, 2, 1]"
John Adams,4.4828,0.829,29,"[5, 4, 5, 5, 4, 5, 4, 3, 5, 5, 3, 5, 5, 5, 3, 5, 5, 5, 5, 2, 5, 5, 5, 5, 4, 5, 4, 5, 4]"
John Bunyan,2.9,1.5833,30,"[4, 2, 1, 1, 4, 5, 1, 1, 5, 5, 5, 3, 5, 1, 4, 1, 4, 1, 2, 4, 2, 1, 4, 1, 2, 4, 2, 3, 4, 5]"
John Keats,2.9667,1.4499,30,"[4, 2, 1, 3, 5, 5, 2, 3, 2, 5, 2, 1, 4, 1, 3, 2, 3, 1, 5, 4, 3, 3, 3, 1, 5, 1, 2, 5, 5, 3]"
John Quincy Adams,3.9655,0.9443,29,"[3, 5, 5, 3, 5, 3, 5, 4, 5, 5, 3, 3, 4, 3, 3, 5, 4, 4, 3, 4, 5, 5, 4, 3, 5, 4, 2, 3, 5]"
Johnny Depp,4.5333,0.6288,30,"[5, 5, 5, 5, 4, 5, 3, 5, 4, 5, 5, 5, 3, 4, 4, 5, 5, 4, 5, 5, 4, 5, 5, 4, 4, 5, 5, 4, 4, 5]"
Jon Stewart,3.9,1.3983,30,"[4, 5, 5, 5, 5, 5, 5, 3, 1, 5, 1, 5, 5, 4, 1, 4, 4, 4, 5, 3, 3, 5, 5, 2, 5, 2, 5, 4, 5, 2]"
Jonathan,4.1,1.3983,30,"[4, 5, 3, 5, 5, 1, 2, 1, 5, 5, 2, 5, 5, 1, 3, 5, 3, 5, 5, 5, 5, 5, 5, 5, 4, 5, 4, 5, 5, 5]"
Jordan,3.3667,1.5643,30,"[3, 5, 5, 5, 2, 3, 4, 5, 1, 3, 5, 4, 3, 4, 3, 3, 5, 4, 5, 5, 5, 5, 2, 1, 1, 5, 2, 1, 1, 1]"
Jorge Luis Borges,1.7931,1.1458,29,"[1, 1, 2, 1, 1, 1, 1, 2, 1, 1, 1, 1, 1, 3, 2, 2, 2, 4, 2, 4, 1, 5, 4, 1, 1, 1, 2, 1, 2]"
Joseph Heller,2.1667,1.4641,30,"[1, 1, 1, 1, 1, 2, 1, 5, 5, 2, 3, 1, 1, 5, 1, 1, 1, 5, 2, 3, 2, 1, 5, 2, 3, 1, 2, 3, 2, 1]"
Josh Hartnett,3.9,1.4227,30,"[5, 1, 5, 5, 2, 1, 5, 3, 5, 3, 2, 5, 4, 1, 5, 5, 3, 5, 5, 5, 5, 5, 5, 3, 5, 3, 3, 5, 3, 5]"
Joshua Jackson,2.2414,1.3537,29,"[4, 1, 2, 5, 5, 4, 1, 2, 1, 3, 2, 5, 3, 4, 2, 3, 2, 1, 1, 2, 1, 1, 1, 1, 2, 1, 2, 1, 2]"
Julia Roberts,4.6,0.6747,30,"[5, 5, 5, 5, 4, 5, 5, 5, 5, 5, 5, 5, 4, 5, 4, 5, 5, 4, 5, 5, 4, 5, 5, 4, 3, 5, 5, 3, 3, 5]"
Julius Erving,2.6,1.5447,30,"[2, 1, 1, 5, 5, 1, 3, 5, 5, 2, 5, 3, 5, 4, 1, 2, 1, 3, 3, 2, 2, 2, 1, 1, 2, 2, 5, 1, 2, 1]"
July,4.9667,0.1826,30,"[5, 5, 5, 5, 5, 5, 5, 5, 5, 4, 5, 5, 5, 5, 5, 5, 5, 5, 5, 5, 5, 5, 5, 5, 5, 5, 5, 5, 5, 5]"
Katherine,3.5667,1.6121,30,"[5, 1, 5, 2, 4, 5, 4, 1, 5, 4, 4, 5, 2, 5, 5, 1, 1, 5, 1, 5, 3, 5, 5, 4, 2, 3, 5, 5, 4, 1]"
Kathleen,4.2,1.4239,30,"[1, 5, 5, 5, 5, 5, 3, 3, 4, 1, 5, 5, 4, 1, 5, 5, 3, 5, 5, 5, 1, 5, 5, 5, 5, 5, 5, 5, 5, 5]"
Keno,2.4667,1.4794,30,"[4, 1, 2, 2, 3, 1, 2, 1, 5, 5, 2, 3, 5, 1, 1, 3, 3, 3, 4, 1, 5, 1, 2, 1, 1, 2, 5, 1, 3, 1]"
Kenya,4.4667,0.7761,30,"[5, 3, 5, 4, 5, 5, 5, 4, 5, 4, 4, 5, 5, 5, 3, 5, 5, 3, 3, 4, 5, 5, 5, 5, 3, 5, 5, 4, 5, 5]"
Kevin Bacon,4.5333,0.7303,30,"[5, 5, 5, 5, 5, 4, 5, 4, 3, 5, 3, 4, 5, 5, 3, 5, 5, 5, 5, 4, 5, 5, 4, 5, 5, 3, 5, 5, 5, 4]"
Kevin Spacey,4.2712,1.0771,236,"[5, 4, 5, 4, 4, 3, 5, 5, 5, 3, 3, 5, 5, 5, 4, 5, 5, 3, 5, 3, 4, 5, 5, 5, 4, 5, 1, 4, 2, 5, 5, 5, 5, 3, 3, 5, 5, 5, 3, 4, 4, 3, 5, 4, 4, 2, 3, 5, 5, 5, 5, 5, 5, 5, 3, 5, 5, 4, 5, 4, 3, 3, 5, 5, 5, 3, 5, 5, 5, 2, 5, 5, 5, 3, 5, 3, 3, 4, 1, 5, 5, 4, 5, 5, 4, 5, 5, 5, 5, 5, 5, 5, 5, 5, 5, 5, 5, 3, 5, 5, 1, 4, 5, 3, 5, 5, 5, 5, 5, 5, 5, 5, 4, 5, 5, 5, 5, 2, 4, 3, 4, 5, 4, 3, 5, 5, 4, 5, 5, 5, 5, 5, 5, 2, 5, 3, 3, 3, 5, 1, 2, 2, 1, 2, 4, 5, 5, 5, 5, 5, 5, 5, 5, 5, 4, 3, 5, 2, 4, 5, 5, 4, 5, 5, 5, 5, 5, 3, 5, 3, 5, 5, 3, 5, 5, 5, 4, 4, 5, 5, 5, 4, 3, 5, 5, 5, 5, 1, 5, 5, 4, 5, 5, 5, 4, 5, 4, 5, 5, 5, 5, 1, 3, 3, 5, 2, 3, 5, 5, 5, 3, 5, 3, 5, 4, 5, 5, 5, 4, 4, 4, 5, 5, 4, 4, 5, 5, 5, 5, 3, 4, 5, 5, 4, 1, 5]"
Kimberly,3.5,1.5986,28,"[3, 5, 3, 5, 5, 3, 1, 5, 5, 5, 5, 1, 5, 5, 4, 5, 3, 1, 4, 5, 1, 1, 1, 4, 3, 3, 5, 2]"
King Arthur,4.2667,0.9444,30,"[4, 5, 5, 4, 5, 4, 5, 5, 5, 5, 4, 5, 5, 3, 5, 5, 5, 3, 5, 4, 2, 5, 4, 4, 4, 2, 5, 5, 3, 3]"
Klonopin,2.6333,1.6291,30,"[1, 3, 5, 2, 3, 2, 1, 1, 1, 1, 5, 2, 3, 5, 1, 1, 1, 1, 5, 1, 5, 3, 5, 4, 1, 5, 3, 3, 4, 1]"
Kristen,4.0333,1.2994,30,"[4, 5, 3, 4, 5, 1, 3, 1, 5, 5, 2, 5, 5, 1, 5, 4, 3, 5, 4, 4, 5, 5, 4, 5, 4, 5, 4, 5, 5, 5]"
Kristin,3.8621,1.3018,29,"[4, 5, 3, 5, 5, 1, 3, 1, 5, 5, 2, 5, 5, 1, 3, 4, 3, 5, 4, 4, 4, 5, 3, 5, 4, 4, 5, 5, 4]"
Kurt,2.9667,1.5421,30,"[1, 5, 3, 5, 3, 3, 3, 5, 1, 1, 5, 4, 2, 2, 4, 3, 4, 4, 5, 4, 1, 5, 2, 1, 1, 5, 2, 1, 1, 3]"
Kurt Vonnegut,3.3,1.6006,30,"[4, 3, 1, 3, 5, 1, 4, 5, 5, 5, 2, 5, 5, 1, 3, 3, 3, 1, 3, 4, 5, 5, 3, 1, 5, 1, 1, 5, 5, 2]"
Labor Day,4.9,0.3051,30,"[5, 5, 5, 5, 5, 5, 5, 5, 5, 5, 5, 5, 5, 5, 4, 5, 5, 4, 5, 5, 5, 5, 5, 4, 5, 5, 5, 5, 5, 5]"
Lake Arrowhead,2.8,1.4239,30,"[3, 2, 3, 1, 2, 1, 1, 2, 1, 3, 2, 4, 3, 4, 4, 3, 5, 5, 3, 1, 2, 1, 2, 5, 4, 5, 1, 5, 2, 4]"
Lake Titicaca,2.9655,1.5465,29,"[3, 1, 1, 3, 1, 4, 3, 5, 3, 2, 5, 3, 5, 1, 1, 1, 1, 5, 4, 4, 5, 3, 5, 5, 1, 2, 3, 4, 2]"
Lance,3.9333,1.3113,30,"[4, 5, 3, 4, 5, 1, 2, 1, 5, 5, 3, 5, 5, 1, 3, 5, 4, 5, 4, 4, 5, 5, 4, 5, 4, 3, 3, 5, 5, 5]"
Laos,3.2667,1.1427,30,"[2, 4, 2, 2, 1, 3, 4, 3, 5, 2, 5, 3, 3, 5, 4, 3, 2, 5, 2, 3, 4, 4, 4, 4, 2, 5, 3, 3, 4, 2]"
Larry Bird,3.5667,1.4065,30,"[4, 3, 3, 3, 5, 3, 3, 1, 5, 5, 2, 3, 5, 5, 1, 3, 3, 5, 4, 2, 5, 5, 4, 1, 5, 5, 2, 5, 2, 5]"
Latoya,2.7586,1.4797,29,"[3, 4, 3, 4, 4, 3, 1, 4, 5, 5, 3, 1, 1, 4, 4, 1, 5, 2, 1, 2, 5, 1, 1, 1, 1, 2, 4, 3, 2]"
Laurie,3.3333,1.561,30,"[5, 1, 5, 2, 5, 5, 5, 1, 2, 3, 4, 5, 2, 5, 1, 2, 1, 5, 1, 5, 3, 4, 5, 4, 3, 3, 4, 4, 4, 1]"
Led Zeppelin,4.5,0.9002,30,"[4, 5, 4, 5, 5, 1, 4, 5, 5, 5, 3, 5, 5, 5, 3, 5, 4, 5, 5, 5, 5, 5, 5, 5, 5, 4, 4, 5, 4, 5]"
Legend of Zelda,4.0667,1.2576,30,"[5, 4, 5, 4, 5, 4, 4, 5, 5, 2, 2, 5, 5, 4, 2, 1, 5, 5, 5, 5, 2, 5, 5, 5, 3, 5, 4, 5, 4, 2]"
Legionnaires' disease,2.7667,1.2507,30,"[4, 2, 2, 2, 4, 1, 4, 3, 5, 5, 4, 3, 1, 1, 3, 3, 3, 5, 3, 2, 3, 2, 3, 1, 3, 3, 4, 1, 2, 1]"
Leo Tolstoy,3.1667,1.4162,30,"[5, 5, 5, 2, 4, 5, 1, 3, 4, 4, 5, 4, 3, 3, 1, 2, 1, 1, 5, 2, 4, 3, 3, 2, 4, 2, 3, 1, 5, 3]"
Leonardo DiCaprio,4.7333,0.5833,30,"[5, 4, 5, 5, 5, 3, 5, 5, 5, 3, 5, 5, 5, 5, 5, 5, 5, 5, 5, 4, 5, 5, 5, 5, 4, 5, 4, 5, 5, 5]"
Leroy,3.1667,1.5775,30,"[5, 1, 5, 2, 5, 5, 4, 1, 2, 3, 2, 5, 2, 5, 1, 2, 1, 5, 1, 5, 2, 4, 3, 4, 5, 2, 4, 4, 4, 1]"
Leviathan,3.1034,1.3976,29,"[2, 3, 5, 2, 3, 4, 5, 2, 2, 2, 4, 5, 4, 3, 3, 5, 5, 1, 1, 3, 3, 1, 5, 2, 4, 1, 5, 2, 3]"
Lima,3.7241,1.3861,29,"[2, 1, 5, 5, 5, 3, 1, 1, 5, 5, 4, 5, 5, 5, 5, 4, 3, 3, 5, 2, 5, 4, 3, 4, 2, 4, 4, 5, 3]"
Lindsey,3.3103,1.5143,29,"[4, 2, 1, 5, 5, 4, 5, 5, 2, 5, 1, 5, 1, 5, 3, 2, 4, 4, 1, 5, 3, 1, 3, 2, 2, 3, 4, 4, 5]"
Lisa,4.0667,1.388,30,"[4, 5, 3, 5, 5, 1, 2, 1, 5, 5, 2, 5, 5, 1, 3, 5, 3, 5, 5, 5, 5, 5, 4, 5, 4, 5, 4, 5, 5, 5]"
Lithuania,3.9667,1.2726,30,"[5, 5, 5, 2, 3, 5, 4, 5, 5, 4, 4, 5, 3, 5, 3, 5, 1, 1, 5, 5, 3, 5, 4, 5, 5, 2, 3, 4, 5, 3]"
London,4.8,0.4842,30,"[4, 5, 3, 5, 5, 5, 5, 5, 5, 5, 5, 5, 5, 5, 5, 4, 4, 5, 5, 5, 5, 5, 5, 5, 5, 4, 5, 5, 5, 5]"
Long Beach,4.4333,0.9714,30,"[5, 5, 3, 4, 5, 4, 5, 5, 5, 2, 5, 5, 5, 5, 5, 4, 2, 5, 5, 4, 5, 5, 5, 4, 2, 5, 5, 4, 5, 5]"
Louie,3.7931,1.3464,29,"[5, 2, 4, 5, 4, 4, 5, 2, 1, 5, 5, 4, 4, 5, 4, 5, 5, 5, 3, 5, 5, 3, 5, 1, 3, 3, 1, 4, 3]"
Louisa M. Alcott,2.9333,1.5742,30,"[4, 2, 2, 3, 5, 3, 2, 5, 2, 5, 1, 5, 5, 1, 3, 1, 4, 2, 5, 4, 1, 5, 5, 1, 2, 2, 2, 1, 4, 1]"
Luke Wilson,3.3333,1.5388,30,"[2, 5, 5, 2, 2, 2, 5, 2, 2, 2, 1, 2, 5, 5, 4, 2, 4, 5, 5, 5, 1, 2, 5, 4, 5, 2, 5, 4, 4, 1]"
Lunar New Year,3.8276,1.1973,29,"[4, 2, 5, 4, 3, 5, 2, 4, 3, 5, 5, 5, 5, 3, 5, 5, 3, 1, 2, 3, 4, 5, 5, 4, 5, 3, 3, 3, 5]"
Lyndon,3.1379,1.5749,29,"[2, 3, 5, 1, 1, 3, 3, 1, 5, 1, 3, 5, 5, 5, 2, 1, 5, 2, 2, 2, 3, 5, 1, 3, 5, 3, 4, 5, 5]"
Lynette,2.5667,1.5241,30,"[2, 2, 3, 1, 5, 2, 1, 5, 5, 2, 5, 1, 5, 1, 1, 1, 2, 2, 2, 1, 5, 3, 1, 3, 2, 1, 2, 3, 3, 5]"
Mabel,2.6552,1.4212,29,"[3, 2, 3, 5, 1, 3, 1, 2, 5, 4, 5, 1, 1, 2, 4, 5, 3, 1, 2, 2, 5, 1, 1, 1, 2, 3, 3, 3, 3]"
Machu Picchu,3.4,1.4044,30,"[4, 3, 5, 3, 4, 1, 4, 5, 3, 3, 2, 3, 5, 5, 5, 4, 3, 2, 2, 1, 5, 4, 1, 5, 5, 2, 4, 5, 3, 1]"
Malcolm,3.3333,1.5162,30,"[3, 5, 3, 5, 5, 3, 1, 5, 5, 5, 5, 3, 1, 5, 1, 4, 5, 3, 1, 3, 3, 5, 3, 1, 3, 1, 2, 3, 5, 3]"
Maldives,2.8667,1.432,30,"[3, 1, 1, 4, 2, 4, 5, 1, 5, 1, 2, 3, 3, 2, 3, 1, 2, 2, 1, 4, 3, 4, 3, 5, 2, 5, 4, 4, 1, 5]"
Mallory,2.8276,1.5135,29,"[1, 4, 5, 5, 3, 3, 3, 5, 1, 1, 5, 2, 1, 3, 3, 4, 4, 4, 3, 2, 5, 2, 1, 1, 5, 2, 1, 1, 2]"
Marcella,2.4,1.4994,30,"[4, 2, 3, 2, 5, 1, 1, 1, 5, 5, 1, 5, 1, 1, 2, 1, 3, 3, 2, 1, 2, 1, 3, 1, 3, 1, 4, 5, 2, 1]"
Marco Polo,4.2667,0.9072,30,"[5, 3, 5, 3, 5, 4, 5, 3, 3, 5, 2, 4, 5, 5, 3, 4, 5, 5, 5, 4, 5, 5, 3, 5, 5, 4, 4, 5, 5, 4]"
Maria,3.9333,1.4606,30,"[1, 5, 2, 3, 5, 5, 3, 3, 4, 1, 5, 5, 3, 1, 5, 5, 3, 5, 5, 5, 1, 5, 5, 5, 5, 4, 4, 5, 5, 5]"
Mariah Carey,4.4333,0.6789,30,"[5, 5, 5, 4, 3, 5, 4, 4, 5, 5, 5, 5, 4, 3, 4, 4, 5, 4, 5, 4, 4, 5, 5, 5, 4, 5, 5, 3, 4, 5]"
Marian,3.1,1.4468,30,"[5, 2, 3, 2, 4, 4, 2, 2, 1, 1, 2, 4, 3, 5, 2, 5, 5, 5, 5, 1, 5, 3, 3, 5, 1, 3, 3, 1, 3, 3]"
Marilyn,3.4333,1.5687,30,"[3, 5, 5, 5, 3, 5, 3, 5, 3, 1, 5, 4, 3, 1, 3, 5, 4, 4, 5, 5, 3, 5, 2, 1, 1, 5, 2, 1, 1, 5]"
Marjorie,2.6333,1.4967,30,"[4, 2, 2, 1, 5, 1, 1, 5, 5, 2, 5, 1, 5, 1, 1, 3, 2, 3, 3, 1, 5, 3, 1, 3, 2, 2, 1, 4, 2, 3]"
Mark,3.4828,1.6173,29,"[3, 5, 3, 5, 5, 3, 1, 5, 5, 5, 5, 1, 5, 4, 5, 5, 5, 3, 1, 2, 5, 1, 1, 2, 1, 4, 3, 5, 3]"
Martha,3.6667,1.373,30,"[4, 3, 5, 5, 4, 4, 5, 1, 5, 5, 5, 5, 1, 5, 3, 1, 5, 2, 3, 3, 4, 3, 5, 1, 3, 5, 4, 4, 4, 3]"
Martin,4.0333,1.4259,30,"[1, 5, 4, 4, 5, 5, 5, 3, 4, 1, 5, 3, 3, 1, 5, 5, 3, 5, 5, 5, 1, 5, 5, 5, 5, 3, 5, 5, 5, 5]"
Martin Luther King Jr. Day,4.4667,0.9371,30,"[5, 5, 5, 5, 4, 5, 4, 5, 5, 3, 5, 5, 5, 5, 5, 4, 5, 4, 1, 5, 5, 5, 3, 5, 4, 5, 5, 3, 4, 5]"
Martin Van Buren,3.4333,1.3047,30,"[5, 3, 3, 5, 3, 1, 1, 5, 4, 3, 2, 3, 3, 1, 4, 5, 3, 3, 2, 3, 5, 5, 3, 5, 5, 3, 4, 5, 4, 2]"
Matt Dillon,3.8667,1.2243,30,"[5, 3, 4, 5, 5, 3, 3, 5, 5, 3, 5, 5, 5, 5, 3, 1, 2, 4, 3, 4, 5, 5, 5, 3, 2, 3, 3, 2, 5, 5]"
Max,3.7931,1.3727,29,"[4, 3, 5, 5, 4, 3, 5, 1, 5, 5, 5, 5, 3, 5, 3, 1, 5, 3, 2, 4, 4, 5, 1, 3, 5, 4, 5, 5, 2]"
Max Ernst,1.8667,1.1059,30,"[4, 2, 1, 3, 2, 1, 2, 1, 4, 5, 1, 1, 1, 1, 1, 2, 1, 1, 2, 1, 3, 3, 2, 1, 2, 2, 3, 1, 1, 1]"
Maxwell,3.1667,1.5555,30,"[3, 2, 3, 1, 5, 4, 5, 5, 5, 2, 5, 1, 5, 1, 5, 3, 2, 2, 3, 1, 5, 3, 1, 4, 2, 1, 5, 5, 3, 3]"
May,4.8667,0.4342,30,"[5, 4, 5, 4, 5, 5, 5, 5, 5, 5, 3, 5, 5, 5, 5, 5, 5, 5, 5, 5, 5, 5, 5, 5, 5, 5, 5, 5, 5, 5]"
Meg Ryan,4.1,1.0939,30,"[4, 5, 5, 5, 4, 3, 5, 4, 5, 5, 5, 5, 5, 4, 5, 5, 5, 3, 3, 4, 4, 5, 4, 4, 3, 1, 2, 4, 5, 2]"
Melbourne,3.8966,0.9763,29,"[4, 5, 4, 5, 5, 3, 5, 4, 3, 4, 5, 5, 5, 4, 5, 4, 3, 3, 3, 2, 5, 3, 2, 4, 3, 3, 4, 5, 3]"
Michael Bloomberg,4.1333,1.0743,30,"[5, 2, 4, 5, 3, 4, 5, 5, 4, 3, 3, 4, 5, 1, 4, 4, 3, 5, 4, 5, 5, 5, 3, 5, 5, 5, 3, 5, 5, 5]"
Michael Caine,3.3448,1.5647,29,"[4, 4, 5, 3, 1, 3, 1, 4, 5, 3, 1, 5, 5, 5, 5, 4, 5, 3, 5, 2, 5, 1, 3, 5, 1, 2, 4, 1, 2]"
Michele,3.1333,1.7367,30,"[1, 5, 5, 5, 5, 5, 3, 5, 1, 1, 5, 4, 3, 1, 4, 4, 4, 4, 5, 4, 1, 5, 2, 1, 1, 5, 2, 1, 1, 1]"
Miguel Cervantes,1.9333,1.2847,30,"[3, 5, 2, 1, 2, 1, 1, 1, 2, 1, 1, 1, 1, 2, 1, 2, 1, 4, 4, 5, 1, 2, 4, 1, 1, 1, 2, 1, 3, 1]"
Mike,3.9333,1.3629,30,"[5, 3, 5, 5, 5, 5, 5, 2, 1, 5, 5, 4, 3, 5, 1, 5, 5, 5, 5, 3, 5, 5, 3, 5, 1, 3, 3, 4, 4, 3]"
Mike Tyson,4.3793,0.9029,29,"[4, 5, 5, 5, 5, 3, 5, 5, 5, 5, 5, 5, 5, 4, 5, 4, 5, 3, 5, 3, 5, 5, 4, 4, 3, 3, 5, 5, 2]"
Mikhail Gorbachev,3.1,1.4937,30,"[1, 3, 1, 4, 5, 1, 4, 3, 3, 3, 5, 4, 5, 5, 1, 4, 2, 5, 3, 3, 5, 5, 5, 2, 2, 3, 2, 1, 2, 1]"
Monaco,3.7333,1.2015,30,"[5, 4, 5, 3, 2, 4, 5, 2, 5, 3, 3, 5, 5, 5, 3, 3, 5, 2, 2, 4, 4, 5, 5, 1, 3, 5, 4, 4, 3, 3]"
Mongolia,3.7333,1.0148,30,"[2, 5, 4, 4, 3, 5, 3, 5, 4, 3, 5, 5, 3, 4, 4, 3, 5, 4, 4, 4, 3, 5, 4, 2, 2, 5, 2, 3, 3, 4]"
Morphine,4.6667,0.5467,30,"[5, 5, 5, 5, 5, 5, 5, 4, 4, 5, 3, 4, 5, 5, 4, 4, 5, 5, 5, 4, 5, 5, 5, 5, 5, 5, 4, 5, 5, 4]"
Moses,4.4667,0.8193,30,"[5, 4, 5, 5, 5, 4, 5, 4, 3, 5, 3, 4, 5, 5, 3, 4, 5, 5, 5, 5, 5, 5, 4, 5, 5, 5, 2, 5, 5, 4]"
Mount Bakedu,1.519,0.8416,237,"[1, 1, 2, 1, 1, 2, 1, 1, 1, 1, 1, 3, 1, 2, 2, 1, 1, 1, 1, 1, 2, 2, 5, 1, 1, 1, 1, 1, 2, 2, 1, 1, 2, 2, 1, 2, 1, 1, 1, 1, 1, 3, 2, 2, 1, 1, 2, 2, 1, 1, 1, 2, 1, 2, 1, 2, 3, 1, 2, 1, 1, 1, 5, 1, 1, 1, 2, 2, 2, 2, 1, 1, 1, 1, 1, 1, 2, 1, 5, 1, 2, 1, 2, 2, 2, 1, 1, 3, 2, 1, 1, 2, 2, 1, 1, 1, 1, 1, 3, 2, 2, 1, 1, 1, 1, 2, 2, 1, 1, 1, 2, 1, 2, 1, 4, 1, 1, 1, 1, 1, 1, 2, 1, 1, 1, 2, 3, 2, 3, 2, 1, 1, 1, 1, 1, 2, 1, 2, 2, 2, 1, 4, 1, 1, 4, 4, 2, 1, 2, 2, 2, 1, 1, 1, 1, 2, 1, 1, 2, 1, 2, 3, 1, 1, 1, 1, 1, 1, 1, 1, 1, 5, 1, 1, 1, 1, 1, 2, 1, 1, 2, 2, 1, 1, 1, 1, 1, 2, 1, 2, 3, 1, 1, 1, 1, 1, 1, 3, 1, 1, 1, 2, 1, 1, 2, 2, 1, 2, 1, 1, 2, 1, 1, 2, 1, 1, 1, 1, 1, 1, 1, 1, 2, 2, 2, 1, 3, 1, 5, 3, 1, 1, 1, 2, 1, 1, 1]"
Mount Fuji,4.1,0.8847,30,"[5, 3, 4, 5, 5, 4, 4, 3, 3, 5, 2, 4, 5, 4, 3, 5, 5, 5, 5, 4, 4, 5, 3, 5, 5, 4, 3, 3, 4, 4]"
Nairobi,2.9655,1.1797,29,"[3, 3, 3, 4, 2, 5, 3, 3, 1, 5, 3, 2, 3, 3, 3, 2, 4, 2, 4, 4, 1, 4, 3, 2, 1, 4, 1, 3, 5]"
Nancy,3.1,1.5833,30,"[3, 5, 4, 5, 2, 3, 4, 5, 3, 1, 5, 4, 3, 1, 3, 4, 5, 4, 5, 4, 1, 5, 2, 1, 1, 5, 2, 1, 1, 1]"
Naomi,3.6,1.4527,30,"[4, 3, 3, 5, 5, 1, 2, 1, 5, 5, 2, 5, 5, 1, 3, 2, 3, 5, 3, 5, 5, 5, 4, 1, 4, 3, 4, 5, 4, 5]"
Napoleon Bonaparte,4.2667,1.1725,30,"[5, 5, 3, 5, 4, 1, 5, 5, 4, 3, 5, 4, 5, 1, 3, 5, 4, 5, 5, 5, 5, 5, 3, 5, 5, 3, 5, 5, 5, 5]"
Nasacort,1.8,1.2704,30,"[4, 1, 1, 1, 1, 1, 1, 2, 5, 2, 3, 5, 1, 1, 1, 1, 2, 1, 1, 1, 1, 4, 3, 3, 1, 1, 2, 1, 1, 1]"
Nate,3.4,1.6526,30,"[3, 5, 3, 5, 4, 3, 1, 5, 5, 5, 5, 1, 1, 4, 5, 5, 5, 3, 1, 3, 2, 5, 1, 1, 5, 1, 3, 5, 5, 2]"
Nelson,3.3793,1.4246,29,"[3, 3, 5, 3, 4, 3, 3, 1, 5, 1, 3, 5, 1, 5, 2, 1, 5, 3, 3, 5, 3, 5, 1, 3, 5, 4, 4, 5, 4]"
Nepal,4.2333,0.9353,30,"[5, 2, 3, 5, 4, 4, 5, 5, 4, 3, 5, 3, 5, 5, 5, 5, 3, 5, 3, 3, 5, 5, 3, 5, 5, 4, 4, 5, 4, 5]"
Netherlands,4.5667,0.6789,30,"[4, 4, 3, 4, 5, 5, 4, 5, 5, 5, 5, 5, 5, 5, 3, 3, 4, 5, 5, 5, 5, 5, 4, 5, 5, 5, 5, 5, 4, 5]"
Nevada,4.6667,0.6065,30,"[4, 5, 5, 5, 3, 5, 5, 5, 5, 5, 5, 5, 4, 5, 5, 4, 5, 4, 5, 5, 5, 5, 5, 4, 5, 5, 5, 3, 4, 5]"
New Brunswick,3.9333,1.1427,30,"[4, 3, 3, 4, 5, 3, 3, 2, 5, 5, 5, 5, 5, 5, 2, 3, 4, 3, 3, 4, 5, 5, 4, 1, 5, 5, 4, 5, 3, 5]"
New Guinea,4.2333,0.9714,30,"[5, 2, 3, 4, 5, 3, 5, 5, 4, 3, 5, 3, 5, 5, 5, 4, 3, 5, 3, 5, 5, 5, 3, 5, 5, 3, 5, 5, 4, 5]"
New Hampshire,4.3667,1.0662,30,"[5, 4, 3, 5, 5, 5, 5, 5, 5, 2, 5, 5, 5, 5, 5, 5, 2, 5, 5, 3, 5, 5, 5, 3, 2, 5, 5, 4, 5, 3]"
New Mexico,4.5333,0.9371,30,"[5, 5, 5, 5, 5, 5, 5, 5, 5, 3, 5, 5, 5, 4, 5, 5, 2, 5, 4, 5, 5, 5, 5, 3, 2, 5, 5, 3, 5, 5]"
New York City,4.8667,0.4342,30,"[5, 5, 5, 3, 5, 5, 5, 5, 5, 5, 5, 5, 5, 5, 4, 5, 5, 5, 5, 5, 5, 5, 5, 5, 5, 5, 4, 5, 5, 5]"
Nicaragua,4.3,0.9879,30,"[4, 4, 2, 4, 5, 1, 3, 5, 5, 5, 5, 5, 5, 5, 3, 4, 4, 5, 4, 5, 5, 5, 4, 5, 5, 4, 4, 5, 4, 5]"
Nick,3.6,1.5888,30,"[4, 3, 3, 1, 5, 5, 5, 5, 5, 2, 5, 1, 5, 1, 5, 4, 5, 4, 5, 1, 5, 3, 1, 1, 2, 4, 5, 4, 4, 5]"
Nicoderm,3.6552,1.2328,29,"[2, 4, 4, 5, 2, 3, 5, 5, 5, 2, 5, 5, 5, 4, 5, 3, 4, 3, 5, 4, 5, 2, 3, 1, 3, 3, 4, 3, 2]"
Nicolaus Copernicus,3.2333,1.4308,30,"[4, 3, 1, 3, 5, 5, 4, 5, 2, 5, 2, 5, 4, 1, 3, 3, 3, 1, 2, 3, 5, 4, 4, 1, 5, 1, 3, 5, 3, 2]"
Nigel,3.2667,1.3113,30,"[3, 3, 5, 1, 4, 3, 5, 1, 5, 3, 5, 5, 4, 4, 2, 1, 5, 2, 3, 2, 4, 3, 4, 1, 2, 4, 3, 4, 3, 4]"
Nina,3.0,1.6189,30,"[4, 2, 2, 1, 5, 1, 4, 5, 5, 2, 5, 1, 5, 1, 5, 1, 2, 3, 3, 1, 5, 3, 1, 5, 2, 1, 5, 4, 3, 3]"
Nintendo,4.8333,0.4611,30,"[5, 5, 5, 5, 5, 5, 5, 4, 5, 5, 5, 4, 5, 5, 3, 5, 5, 5, 5, 5, 5, 5, 5, 5, 5, 5, 5, 5, 5, 4]"
Nirvana,4.3333,0.8841,30,"[4, 4, 3, 4, 5, 5, 4, 2, 5, 5, 2, 5, 5, 5, 5, 4, 4, 5, 4, 5, 5, 5, 3, 5, 5, 4, 4, 5, 4, 5]"
No Doubt,4.9333,0.3651,30,"[5, 5, 5, 5, 5, 5, 5, 5, 5, 5, 5, 5, 5, 5, 5, 5, 3, 5, 5, 5, 5, 5, 5, 5, 5, 5, 5, 5, 5, 5]"
Noah,3.7667,1.3566,30,"[3, 2, 5, 3, 5, 4, 5, 5, 5, 2, 5, 1, 5, 1, 5, 4, 2, 4, 4, 4, 5, 5, 5, 2, 2, 3, 5, 3, 4, 5]"
Nordette,1.3333,0.8023,30,"[1, 1, 2, 1, 1, 1, 1, 1, 2, 1, 1, 1, 1, 5, 2, 1, 1, 1, 1, 1, 2, 1, 2, 1, 1, 1, 1, 2, 1, 1]"
Norman Rockwell,4.5517,0.9482,29,"[5, 5, 3, 5, 4, 5, 5, 5, 3, 4, 5, 5, 1, 5, 5, 5, 5, 5, 5, 5, 5, 4, 5, 5, 3, 5, 5, 5, 5]"
North Dakota,4.6,0.7701,30,"[5, 3, 5, 5, 5, 4, 5, 4, 4, 5, 2, 4, 5, 5, 3, 5, 5, 5, 5, 5, 5, 5, 5, 5, 5, 5, 5, 5, 5, 4]"
Norway,4.4,0.855,30,"[5, 3, 5, 4, 5, 4, 5, 4, 3, 5, 2, 4, 5, 5, 3, 5, 5, 5, 5, 5, 5, 5, 3, 5, 5, 4, 4, 5, 5, 4]"
Nova Scotia,4.0667,1.0483,30,"[5, 2, 5, 5, 4, 4, 5, 4, 2, 5, 2, 4, 5, 5, 3, 5, 5, 5, 5, 4, 4, 4, 4, 3, 5, 3, 2, 5, 4, 4]"
Nyquil,4.7,0.7022,30,"[5, 5, 5, 5, 5, 5, 5, 4, 5, 5, 2, 4, 5, 5, 3, 5, 5, 5, 5, 5, 5, 5, 4, 5, 5, 5, 5, 5, 5, 4]"
Ohio,4.6333,0.7184,30,"[5, 5, 5, 5, 5, 5, 5, 5, 5, 5, 5, 5, 3, 5, 5, 5, 5, 4, 5, 5, 5, 5, 5, 3, 3, 5, 4, 3, 4, 5]"
Oliver,3.2759,1.6013,29,"[3, 4, 3, 5, 5, 3, 1, 5, 5, 5, 4, 1, 1, 5, 5, 4, 5, 3, 3, 2, 5, 1, 1, 1, 1, 3, 4, 5, 2]"
Oliver Cromwell,2.7667,1.4308,30,"[5, 4, 1, 2, 3, 5, 5, 5, 3, 2, 5, 4, 3, 1, 2, 2, 1, 2, 5, 2, 3, 3, 1, 2, 1, 3, 1, 3, 3, 1]"
Ontario,4.2333,0.9714,30,"[3, 3, 4, 5, 5, 3, 5, 5, 5, 5, 5, 5, 5, 4, 5, 4, 5, 3, 5, 5, 3, 5, 3, 4, 5, 2, 3, 5, 5, 3]"
Oprah Winfrey,4.6333,0.7184,30,"[5, 5, 5, 5, 5, 5, 5, 4, 4, 5, 2, 4, 5, 5, 3, 5, 5, 5, 5, 4, 5, 5, 5, 5, 5, 4, 5, 5, 5, 4]"
Oregon,4.8,0.6644,30,"[5, 5, 5, 5, 5, 5, 5, 5, 5, 5, 5, 5, 5, 5, 3, 5, 5, 2, 5, 4, 5, 5, 5, 5, 5, 5, 5, 5, 5, 5]"
Paris,4.5667,0.7739,30,"[5, 5, 5, 5, 3, 5, 5, 5, 5, 5, 5, 5, 4, 5, 5, 4, 5, 4, 5, 5, 4, 5, 5, 2, 4, 5, 5, 3, 4, 5]"
Passover,4.5,0.7311,30,"[4, 3, 5, 4, 5, 5, 5, 5, 4, 3, 5, 5, 5, 5, 5, 4, 4, 4, 5, 5, 5, 5, 3, 5, 5, 3, 5, 5, 4, 5]"
Pat,4.1724,1.3905,29,"[1, 5, 5, 5, 5, 5, 3, 3, 5, 5, 5, 4, 1, 5, 5, 3, 5, 5, 3, 1, 5, 5, 5, 5, 2, 5, 5, 5, 5]"
Penny,3.6333,1.5643,30,"[3, 5, 3, 5, 5, 3, 5, 5, 5, 5, 5, 1, 1, 5, 5, 4, 5, 3, 1, 5, 4, 5, 1, 1, 1, 5, 3, 3, 3, 4]"
Pepto-Bismol,4.5,1.0422,30,"[5, 4, 4, 5, 5, 5, 5, 5, 5, 5, 5, 5, 5, 5, 5, 4, 2, 5, 5, 4, 5, 5, 5, 4, 2, 5, 5, 1, 5, 5]"
Peter,3.7241,1.556,29,"[3, 5, 3, 5, 5, 3, 1, 5, 5, 5, 5, 5, 3, 5, 5, 5, 3, 1, 4, 2, 5, 1, 1, 3, 1, 4, 5, 5, 5]"
Philadelphia,4.8214,0.4756,28,"[5, 3, 5, 5, 5, 4, 5, 5, 5, 5, 5, 5, 5, 5, 4, 5, 5, 5, 5, 5, 5, 5, 5, 5, 4, 5, 5, 5]"
Phyllis,3.3333,1.4464,30,"[5, 2, 3, 5, 4, 3, 5, 2, 1, 3, 2, 4, 3, 5, 1, 5, 5, 5, 5, 3, 5, 4, 3, 5, 1, 2, 1, 2, 3, 3]"
Ping-Pong,4.8667,0.3457,30,"[5, 4, 5, 4, 5, 5, 5, 5, 4, 4, 5, 5, 5, 5, 5, 5, 5, 5, 5, 5, 5, 5, 5, 5, 5, 5, 5, 5, 5, 5]"
Pinot Blanc,2.9,1.5391,30,"[5, 1, 5, 3, 1, 4, 1, 1, 3, 2, 5, 5, 5, 3, 1, 1, 2, 5, 3, 5, 4, 2, 3, 2, 2, 1, 5, 2, 2, 3]"
Pittsburgh,4.2069,1.0481,29,"[5, 4, 3, 3, 5, 4, 5, 5, 5, 3, 5, 5, 5, 5, 5, 2, 5, 4, 4, 5, 5, 5, 4, 2, 4, 5, 2, 5, 3]"
Plavix,2.7333,1.5071,30,"[1, 1, 1, 2, 3, 5, 5, 5, 1, 2, 3, 3, 1, 5, 4, 2, 1, 2, 2, 5, 3, 4, 4, 3, 1, 1, 3, 1, 5, 3]"
Prague,3.7333,1.2015,30,"[3, 4, 4, 5, 5, 3, 5, 5, 5, 3, 2, 5, 5, 4, 3, 3, 3, 2, 5, 5, 4, 5, 3, 2, 4, 1, 3, 5, 4, 2]"
Prevacid,3.3667,1.3515,30,"[5, 4, 4, 3, 3, 1, 5, 2, 5, 5, 2, 2, 2, 5, 5, 2, 5, 2, 1, 3, 4, 2, 4, 4, 3, 5, 2, 3, 3, 5]"
Pythagoras,3.1333,1.3578,30,"[5, 4, 2, 3, 3, 2, 3, 4, 3, 4, 5, 5, 3, 1, 2, 2, 2, 1, 5, 1, 2, 5, 3, 3, 5, 1, 4, 3, 5, 3]"
Queen Victoria,4.3333,0.9589,30,"[5, 5, 5, 3, 4, 5, 3, 5, 4, 5, 5, 5, 3, 5, 4, 4, 5, 5, 5, 5, 4, 4, 4, 5, 5, 1, 5, 4, 5, 3]"
Quinn,3.5333,1.5477,30,"[1, 5, 3, 1, 3, 5, 3, 3, 3, 1, 5, 5, 4, 1, 5, 5, 2, 2, 5, 4, 1, 5, 5, 5, 5, 2, 5, 3, 4, 5]"
R.E.M.,4.2667,0.9803,30,"[4, 4, 4, 4, 5, 4, 5, 5, 5, 2, 5, 5, 5, 5, 5, 4, 4, 5, 5, 4, 5, 5, 5, 3, 2, 4, 2, 3, 5, 5]"
Ramon,2.7,1.5347,30,"[5, 1, 5, 2, 3, 2, 1, 1, 1, 4, 2, 5, 2, 5, 1, 2, 1, 3, 1, 5, 1, 3, 5, 2, 2, 3, 4, 4, 4, 1]"
Randy,3.6667,1.4464,30,"[4, 2, 4, 5, 4, 4, 5, 2, 1, 5, 4, 4, 4, 5, 1, 5, 5, 5, 5, 3, 5, 5, 3, 5, 1, 3, 2, 1, 5, 3]"
Raphael (Raffaelo) Sanzio,1.3333,0.6065,30,"[1, 1, 2, 1, 1, 1, 1, 1, 1, 1, 1, 1, 1, 1, 1, 2, 2, 2, 1, 2, 1, 3, 3, 1, 1, 1, 2, 1, 1, 1]"
Raul,2.9333,1.4606,30,"[5, 2, 4, 2, 1, 3, 5, 2, 1, 5, 2, 4, 3, 5, 2, 1, 4, 5, 5, 3, 5, 3, 3, 1, 1, 3, 2, 1, 3, 2]"
Red Hot Chilli Peppers,4.6333,0.6687,30,"[5, 4, 5, 5, 5, 4, 5, 5, 5, 4, 3, 5, 5, 5, 5, 5, 5, 3, 5, 5, 4, 5, 5, 5, 3, 5, 4, 5, 5, 5]"
Red Rover,3.6,1.3544,30,"[5, 4, 5, 3, 4, 3, 5, 3, 1, 3, 3, 3, 2, 5, 5, 1, 4, 5, 4, 2, 1, 3, 5, 5, 5, 2, 5, 5, 3, 4]"
Regina,3.0667,1.484,30,"[2, 3, 4, 5, 2, 3, 3, 5, 4, 1, 5, 4, 2, 2, 4, 3, 5, 4, 4, 3, 5, 5, 2, 1, 1, 5, 2, 1, 1, 1]"
Renee,3.8,1.3995,30,"[1, 5, 4, 3, 4, 5, 3, 3, 3, 1, 5, 4, 4, 1, 5, 5, 3, 5, 5, 4, 1, 5, 5, 5, 5, 2, 4, 5, 4, 5]"
Rhode Island,4.6667,0.7112,30,"[5, 5, 5, 5, 5, 5, 5, 4, 5, 4, 5, 5, 5, 5, 3, 5, 5, 2, 5, 4, 5, 5, 5, 5, 4, 5, 5, 5, 5, 4]"
Rhonda,2.4333,1.5013,30,"[1, 1, 2, 1, 5, 4, 1, 5, 1, 2, 5, 1, 5, 1, 1, 4, 2, 4, 2, 1, 5, 3, 1, 2, 2, 1, 2, 2, 3, 3]"
Richmond,3.9,1.2959,30,"[5, 1, 5, 2, 4, 5, 5, 1, 4, 3, 4, 5, 3, 5, 3, 4, 5, 5, 5, 5, 2, 4, 5, 4, 5, 2, 3, 5, 5, 3]"
Rio de Janeiro,4.2333,0.8976,30,"[5, 4, 5, 3, 4, 4, 5, 3, 3, 5, 2, 4, 5, 5, 3, 5, 5, 5, 5, 4, 4, 5, 3, 5, 5, 4, 3, 5, 5, 4]"
Robert Hayden,1.6,0.9322,30,"[1, 1, 2, 2, 1, 2, 2, 1, 1, 1, 1, 1, 1, 3, 2, 2, 1, 1, 1, 3, 1, 5, 3, 1, 1, 1, 2, 2, 1, 1]"
Roberto,3.6,1.3025,30,"[4, 2, 3, 4, 5, 1, 2, 1, 5, 5, 2, 5, 5, 1, 3, 3, 3, 3, 4, 4, 5, 4, 3, 5, 4, 4, 4, 5, 4, 5]"
Robin Williams,4.5667,0.8584,30,"[4, 5, 4, 5, 5, 1, 4, 5, 5, 5, 5, 5, 5, 5, 4, 4, 3, 5, 5, 5, 5, 5, 4, 5, 5, 4, 5, 5, 5, 5]"
Rochelle,3.0345,1.5232,29,"[1, 2, 2, 2, 2, 5, 4, 3, 2, 1, 2, 3, 2, 1, 5, 1, 2, 3, 5, 1, 3, 5, 5, 5, 3, 5, 5, 3, 5]"
Roy,3.4667,1.3322,30,"[5, 2, 4, 5, 4, 4, 5, 2, 1, 2, 3, 4, 3, 5, 2, 3, 5, 5, 5, 3, 5, 5, 3, 5, 1, 3, 2, 2, 3, 3]"
Ruben,2.9667,1.5421,30,"[1, 3, 5, 3, 3, 5, 3, 5, 1, 1, 5, 3, 3, 2, 3, 3, 5, 4, 1, 4, 3, 5, 2, 1, 1, 5, 2, 1, 1, 5]"
Rush,3.4,1.5222,30,"[2, 3, 3, 5, 5, 4, 4, 5, 5, 4, 5, 5, 5, 1, 5, 4, 2, 4, 5, 1, 5, 2, 1, 2, 2, 1, 5, 2, 2, 3]"
Russell Crowe,4.6333,0.7184,30,"[5, 4, 5, 4, 5, 4, 5, 5, 5, 3, 5, 5, 5, 5, 4, 5, 5, 5, 5, 4, 5, 5, 5, 5, 4, 5, 2, 5, 5, 5]"
Rwanda,3.7,1.236,30,"[3, 3, 4, 5, 5, 3, 5, 5, 5, 5, 4, 5, 5, 5, 1, 3, 3, 3, 4, 3, 2, 5, 3, 3, 4, 1, 4, 3, 5, 2]"
Sabrina,3.8667,1.432,30,"[4, 5, 3, 5, 5, 1, 1, 1, 5, 5, 2, 5, 5, 1, 3, 3, 3, 5, 4, 5, 5, 5, 3, 5, 4, 4, 5, 5, 4, 5]"
Saint Louis,4.4,0.9685,30,"[5, 5, 5, 3, 5, 5, 5, 5, 4, 3, 5, 5, 1, 5, 3, 4, 5, 4, 5, 5, 4, 3, 5, 5, 5, 4, 5, 5, 4, 5]"
Salma Hayek,4.3333,0.9223,30,"[5, 5, 5, 4, 4, 2, 5, 5, 4, 4, 4, 3, 5, 5, 4, 4, 5, 3, 5, 5, 3, 5, 5, 5, 5, 2, 5, 4, 5, 5]"
Samantha,3.3,1.557,30,"[4, 2, 3, 1, 5, 4, 5, 5, 5, 2, 5, 1, 5, 1, 5, 4, 2, 5, 4, 1, 5, 3, 1, 3, 2, 1, 3, 3, 4, 5]"
San Francisco Bay,4.5333,0.8604,30,"[5, 5, 5, 3, 5, 5, 5, 5, 4, 5, 5, 5, 2, 5, 4, 3, 5, 5, 5, 5, 3, 4, 5, 5, 5, 3, 5, 5, 5, 5]"
Santiago,2.8,1.3493,30,"[2, 3, 5, 3, 2, 3, 3, 5, 3, 2, 5, 3, 3, 1, 3, 3, 1, 4, 4, 4, 1, 5, 2, 1, 1, 5, 2, 2, 1, 2]"
Saturday,4.8333,0.5921,30,"[5, 5, 5, 5, 5, 5, 5, 5, 5, 5, 5, 5, 5, 5, 5, 5, 5, 4, 5, 5, 5, 5, 2, 4, 5, 5, 5, 5, 5, 5]"
Scarlett,3.9333,1.1427,30,"[5, 2, 5, 5, 5, 4, 5, 2, 3, 5, 2, 4, 3, 5, 2, 4, 5, 5, 5, 3, 5, 5, 3, 5, 4, 3, 3, 5, 3, 3]"
Scarlett Johanson,4.5,0.7768,30,"[5, 5, 5, 4, 3, 5, 5, 5, 4, 4, 4, 3, 5, 5, 4, 5, 5, 5, 5, 5, 5, 3, 5, 5, 5, 3, 5, 5, 5, 3]"
Scattergories,3.4,1.5669,30,"[5, 5, 3, 5, 4, 5, 3, 5, 5, 1, 5, 5, 2, 2, 3, 3, 5, 4, 1, 4, 1, 5, 2, 2, 2, 1, 1, 3, 5, 5]"
Sergio,2.5862,1.2961,29,"[4, 1, 4, 2, 3, 3, 1, 1, 2, 4, 3, 5, 2, 3, 1, 2, 1, 1, 2, 3, 5, 3, 4, 2, 1, 4, 3, 4, 1]"
Shakira,3.7667,1.3817,30,"[5, 3, 3, 5, 5, 5, 3, 2, 5, 5, 5, 5, 5, 1, 5, 3, 2, 4, 3, 1, 4, 5, 2, 4, 2, 4, 5, 2, 5, 5]"
Silvia,3.2333,1.3566,30,"[3, 3, 5, 5, 3, 3, 2, 1, 5, 2, 4, 5, 2, 5, 3, 1, 5, 2, 3, 2, 4, 3, 5, 1, 2, 5, 4, 3, 4, 2]"
Simon says,4.6,0.8137,30,"[4, 5, 4, 4, 5, 1, 4, 5, 5, 5, 5, 5, 5, 5, 5, 5, 4, 5, 5, 5, 5, 5, 5, 5, 4, 4, 4, 5, 5, 5]"
Sonia,2.9667,1.4967,30,"[5, 2, 1, 2, 4, 3, 5, 2, 1, 5, 2, 4, 1, 5, 1, 3, 5, 5, 5, 3, 5, 3, 3, 2, 1, 3, 2, 1, 2, 3]"
South Carolina,4.3667,0.9643,30,"[3, 5, 4, 5, 5, 3, 5, 5, 5, 5, 5, 5, 5, 3, 5, 5, 5, 3, 5, 4, 4, 5, 4, 5, 5, 4, 2, 5, 5, 2]"
St. Peter's Basilica,3.6,1.4288,30,"[4, 4, 1, 3, 5, 5, 4, 5, 5, 5, 2, 3, 5, 1, 3, 3, 3, 5, 5, 3, 5, 3, 5, 1, 5, 1, 3, 5, 4, 2]"
Stacy,3.1667,1.5775,30,"[4, 2, 3, 1, 5, 5, 5, 5, 5, 2, 5, 1, 5, 1, 5, 4, 2, 4, 3, 1, 5, 3, 1, 3, 2, 1, 3, 2, 2, 5]"
Stanley,3.7333,1.388,30,"[4, 5, 3, 5, 5, 1, 2, 1, 5, 5, 2, 5, 5, 1, 3, 3, 3, 5, 3, 5, 4, 4, 3, 5, 4, 4, 2, 5, 5, 5]"
Stephen,3.2667,1.6174,30,"[3, 5, 5, 5, 2, 5, 4, 5, 4, 1, 5, 3, 3, 1, 4, 5, 5, 4, 4, 4, 1, 5, 2, 1, 1, 5, 2, 1, 1, 2]"
Stone Temple Pilots,4.2333,1.04,30,"[5, 5, 5, 5, 5, 3, 3, 4, 3, 5, 4, 4, 5, 5, 3, 5, 5, 5, 5, 1, 4, 5, 3, 5, 5, 3, 4, 5, 5, 3]"
Sue,3.2667,1.6386,30,"[4, 3, 4, 1, 5, 4, 5, 5, 5, 2, 5, 1, 5, 1, 5, 4, 2, 4, 4, 1, 5, 4, 1, 1, 2, 1, 1, 4, 4, 5]"
Summer Solstice,4.3333,0.8442,30,"[5, 3, 5, 5, 5, 4, 5, 3, 4, 5, 3, 3, 5, 5, 3, 4, 5, 5, 5, 3, 5, 5, 4, 5, 5, 4, 3, 5, 5, 4]"
Susie,3.7,1.3933,30,"[5, 2, 5, 5, 4, 4, 5, 3, 1, 5, 2, 4, 4, 5, 1, 4, 5, 5, 5, 3, 5, 5, 3, 5, 1, 4, 2, 2, 4, 3]"
Swiss cheese,4.6207,0.8625,29,"[5, 5, 4, 5, 5, 4, 5, 5, 5, 5, 5, 5, 5, 4, 5, 5, 5, 5, 5, 4, 5, 5, 4, 5, 1, 5, 5, 5, 3]"
Sylvia,3.5862,1.402,29,"[5, 2, 4, 5, 4, 5, 5, 2, 1, 5, 2, 4, 3, 5, 5, 5, 5, 5, 3, 5, 5, 3, 3, 1, 3, 2, 2, 3, 2]"
T.S. Eliot,3.2667,1.2299,30,"[2, 3, 2, 3, 4, 4, 3, 3, 3, 5, 1, 3, 4, 5, 3, 3, 5, 1, 1, 5, 4, 2, 2, 3, 5, 4, 3, 3, 5, 4]"
Tammy,3.6667,1.5162,30,"[5, 2, 5, 5, 4, 5, 5, 2, 1, 5, 2, 4, 4, 5, 1, 4, 5, 5, 5, 3, 5, 5, 3, 5, 1, 3, 2, 1, 5, 3]"
Tampa,4.3667,1.0981,30,"[5, 5, 5, 4, 5, 5, 5, 5, 5, 2, 5, 5, 5, 5, 5, 5, 2, 5, 4, 3, 5, 5, 5, 2, 2, 4, 5, 5, 3, 5]"
Tennessee,4.6,0.6215,30,"[4, 5, 5, 5, 5, 4, 5, 5, 5, 5, 5, 5, 5, 5, 5, 5, 5, 3, 5, 4, 3, 5, 4, 4, 5, 4, 4, 5, 5, 4]"
Tennessee Williams,3.6207,1.3473,29,"[3, 4, 3, 5, 2, 4, 5, 5, 3, 3, 5, 5, 4, 1, 2, 5, 5, 4, 3, 1, 5, 2, 5, 5, 2, 2, 5, 4, 3]"
Terrell Owens,3.1667,1.7237,30,"[1, 5, 4, 1, 3, 5, 5, 1, 5, 1, 5, 5, 2, 4, 2, 5, 5, 4, 1, 2, 1, 5, 5, 3, 1, 5, 4, 1, 1, 3]"
Terri,2.8667,1.5253,30,"[2, 4, 4, 5, 2, 3, 2, 5, 3, 1, 5, 4, 2, 1, 4, 3, 4, 4, 5, 3, 1, 5, 2, 1, 1, 5, 2, 1, 1, 1]"
Thanksgiving,5.0,0.0,30,"[5, 5, 5, 5, 5, 5, 5, 5, 5, 5, 5, 5, 5, 5, 5, 5, 5, 5, 5, 5, 5, 5, 5, 5, 5, 5, 5, 5, 5, 5]"
The Dixie Chicks,4.5,0.7311,30,"[5, 4, 5, 4, 5, 4, 5, 3, 5, 3, 3, 5, 5, 5, 4, 5, 5, 4, 5, 4, 5, 5, 5, 5, 3, 5, 5, 4, 5, 5]"
Thomas,4.1379,1.2457,29,"[4, 4, 5, 5, 5, 4, 5, 1, 5, 5, 5, 5, 5, 5, 4, 1, 5, 3, 3, 5, 4, 5, 1, 4, 5, 4, 4, 5, 4]"
Tiger Woods,4.5,0.82,30,"[4, 5, 4, 5, 5, 5, 5, 5, 5, 5, 5, 5, 5, 4, 5, 5, 5, 3, 5, 3, 4, 5, 5, 4, 5, 2, 4, 5, 5, 3]"
Tim,4.0333,1.4259,30,"[1, 5, 3, 5, 5, 5, 5, 3, 4, 1, 5, 3, 4, 1, 5, 5, 3, 5, 5, 4, 1, 5, 5, 5, 5, 3, 5, 5, 5, 5]"
Tim Allen,4.4333,1.1043,30,"[5, 4, 5, 1, 5, 3, 5, 5, 5, 4, 3, 5, 5, 5, 5, 5, 5, 4, 5, 4, 5, 5, 5, 5, 4, 5, 1, 5, 5, 5]"
Tom,4.1333,1.4077,30,"[1, 5, 5, 5, 5, 5, 3, 3, 4, 1, 5, 4, 4, 1, 5, 5, 3, 5, 5, 5, 1, 5, 5, 5, 5, 4, 5, 5, 5, 5]"
Tom Selleck,4.6,0.9685,30,"[5, 5, 5, 5, 5, 5, 5, 5, 5, 4, 2, 5, 5, 1, 5, 5, 4, 5, 5, 5, 5, 5, 5, 5, 5, 5, 3, 5, 4, 5]"
Toni,3.6,1.4044,30,"[5, 3, 4, 5, 4, 5, 3, 2, 1, 5, 2, 4, 4, 5, 1, 4, 5, 5, 5, 3, 5, 5, 3, 5, 1, 4, 3, 1, 3, 3]"
Tracy,3.7667,1.4065,30,"[4, 3, 5, 5, 5, 3, 5, 1, 5, 2, 5, 5, 5, 5, 4, 1, 5, 3, 3, 2, 5, 3, 5, 1, 3, 5, 4, 4, 5, 2]"
Travis,3.3,1.5347,30,"[3, 4, 3, 4, 5, 3, 1, 4, 5, 5, 5, 1, 1, 4, 5, 5, 5, 3, 1, 3, 2, 5, 1, 1, 4, 1, 3, 4, 5, 3]"
Tucson,4.5333,0.7761,30,"[5, 4, 5, 5, 5, 5, 5, 5, 5, 5, 5, 5, 4, 5, 3, 3, 5, 4, 3, 3, 5, 5, 5, 5, 3, 5, 4, 5, 5, 5]"
Tulsa,4.3333,0.9589,30,"[5, 4, 5, 3, 5, 5, 5, 3, 5, 5, 4, 5, 5, 5, 3, 3, 5, 2, 5, 3, 5, 5, 5, 5, 3, 5, 3, 5, 5, 4]"
Turkmenistan,2.3,1.489,30,"[2, 2, 1, 1, 1, 3, 3, 3, 1, 5, 2, 1, 3, 5, 1, 5, 5, 1, 1, 3, 1, 1, 1, 1, 4, 2, 1, 5, 2, 2]"
Ty Cobb,3.2667,1.6595,30,"[4, 2, 2, 1, 5, 3, 1, 5, 5, 5, 5, 1, 5, 5, 1, 3, 3, 5, 4, 2, 5, 5, 5, 1, 5, 3, 2, 1, 1, 3]"
Valerie,3.5172,1.4046,29,"[2, 3, 5, 5, 4, 3, 3, 1, 5, 3, 5, 5, 2, 5, 3, 1, 5, 2, 3, 5, 3, 5, 1, 3, 5, 4, 4, 5, 2]"
Venezuela,4.5333,0.7303,30,"[5, 4, 5, 5, 5, 4, 5, 4, 5, 5, 4, 5, 5, 5, 3, 5, 5, 3, 5, 3, 4, 5, 5, 5, 3, 5, 5, 4, 5, 5]"
Vera,2.9,1.3734,30,"[2, 3, 5, 5, 2, 2, 4, 1, 5, 2, 3, 2, 1, 5, 3, 1, 2, 4, 1, 3, 3, 3, 5, 1, 2, 5, 3, 3, 4, 2]"
Vickie,3.5517,1.4537,29,"[2, 3, 5, 5, 3, 3, 4, 1, 5, 4, 5, 5, 1, 5, 3, 1, 5, 2, 3, 5, 4, 5, 1, 3, 5, 4, 4, 5, 2]"
Vicks VapoRub,4.4333,1.1651,30,"[4, 5, 5, 5, 5, 5, 5, 5, 5, 5, 2, 4, 5, 1, 5, 5, 4, 3, 5, 5, 5, 5, 5, 5, 5, 4, 5, 5, 5, 1]"
Vicky,3.0667,1.5298,30,"[1, 5, 4, 5, 3, 5, 3, 5, 3, 1, 5, 4, 3, 1, 3, 4, 4, 4, 4, 3, 1, 5, 2, 1, 1, 5, 2, 1, 1, 3]"
Victor,3.8,1.4716,30,"[1, 5, 4, 3, 3, 5, 3, 3, 3, 1, 5, 3, 3, 1, 5, 5, 3, 5, 5, 5, 1, 5, 5, 5, 5, 2, 5, 5, 5, 5]"
Victoria,3.4667,1.5916,30,"[4, 4, 3, 1, 5, 5, 5, 5, 5, 2, 5, 1, 5, 1, 5, 4, 2, 5, 3, 1, 5, 3, 1, 2, 2, 2, 5, 5, 3, 5]"
Virginia,4.9333,0.3651,30,"[5, 5, 5, 5, 5, 5, 5, 5, 5, 5, 5, 5, 5, 5, 5, 5, 5, 5, 5, 5, 5, 5, 5, 5, 5, 3, 5, 5, 5, 5]"
Wendell,2.9333,1.596,30,"[4, 1, 2, 4, 5, 1, 1, 1, 5, 4, 1, 5, 5, 1, 3, 2, 3, 3, 3, 5, 5, 5, 3, 1, 2, 1, 3, 5, 3, 1]"
Wesley Snipes,4.3448,0.9738,29,"[5, 5, 5, 5, 3, 5, 3, 4, 5, 2, 4, 5, 5, 3, 5, 5, 5, 5, 4, 5, 5, 3, 5, 5, 2, 4, 5, 5, 4]"
Whitney Houston,4.5,0.9002,30,"[5, 5, 3, 5, 5, 5, 5, 5, 5, 5, 5, 5, 5, 4, 5, 5, 2, 5, 3, 4, 5, 5, 5, 4, 2, 5, 5, 4, 5, 4]"
Will Smith,4.7333,0.5833,30,"[5, 4, 5, 5, 5, 3, 5, 5, 5, 3, 5, 5, 5, 5, 5, 5, 5, 5, 5, 4, 5, 5, 5, 5, 4, 5, 4, 5, 5, 5]"
William Henry Harrison,3.0,1.4622,30,"[2, 3, 3, 1, 2, 3, 5, 3, 2, 4, 3, 4, 3, 5, 1, 4, 5, 1, 1, 2, 2, 1, 3, 5, 5, 2, 1, 5, 5, 4]"
Willie,3.7333,1.4368,30,"[4, 2, 3, 4, 5, 1, 2, 1, 5, 5, 1, 5, 5, 1, 3, 4, 3, 5, 4, 5, 5, 5, 4, 5, 4, 3, 3, 5, 5, 5]"
Winslow Homer,2.4138,1.3501,29,"[2, 1, 3, 3, 5, 1, 3, 1, 4, 5, 5, 1, 1, 1, 2, 1, 3, 4, 2, 4, 3, 1, 2, 2, 1, 3, 2, 3, 1]"
Wyoming,4.4667,1.008,30,"[5, 5, 3, 4, 5, 5, 5, 5, 5, 2, 5, 5, 5, 5, 5, 5, 2, 5, 4, 5, 5, 5, 5, 4, 2, 5, 5, 3, 5, 5]"
Yao Ming,3.1667,1.6206,30,"[1, 1, 1, 3, 2, 2, 5, 5, 4, 5, 5, 4, 2, 1, 1, 2, 1, 4, 2, 5, 5, 3, 5, 5, 3, 3, 5, 5, 4, 1]"
Yasser Arafat,3.8667,1.1958,30,"[5, 4, 4, 3, 5, 4, 5, 4, 2, 3, 2, 4, 4, 5, 1, 5, 5, 5, 5, 1, 4, 3, 3, 5, 5, 4, 3, 5, 4, 4]"
Yellowstone,4.6667,0.6609,30,"[5, 5, 5, 3, 4, 5, 5, 5, 5, 4, 5, 5, 4, 5, 3, 4, 5, 5, 5, 5, 3, 5, 5, 5, 5, 5, 5, 5, 5, 5]"
Yemen,4.0333,1.1885,30,"[5, 3, 5, 5, 1, 4, 5, 3, 5, 5, 4, 5, 5, 5, 3, 5, 5, 2, 2, 2, 4, 4, 5, 5, 3, 5, 4, 4, 3, 5]"
Yosemite,4.4333,0.8172,30,"[5, 3, 5, 5, 4, 5, 5, 4, 3, 5, 3, 4, 5, 5, 3, 5, 5, 5, 5, 3, 4, 5, 3, 5, 5, 5, 5, 5, 5, 4]"
Zane Grey,2.1,1.5833,30,"[1, 4, 3, 1, 1, 1, 1, 5, 3, 2, 5, 1, 1, 1, 1, 1, 1, 1, 1, 5, 5, 1, 5, 1, 1, 1, 2, 4, 2, 1]"
Zelda,3.9667,1.4499,30,"[5, 1, 5, 5, 5, 5, 1, 5, 4, 4, 3, 5, 3, 5, 5, 5, 1, 3, 4, 5, 2, 4, 5, 5, 5, 1, 5, 5, 5, 3]"
a Brazil nut,3.9667,1.129,30,"[2, 3, 4, 5, 3, 5, 5, 5, 3, 5, 5, 3, 2, 2, 4, 4, 4, 4, 5, 5, 5, 5, 3, 3, 3, 5, 5, 2, 5, 5]"
a Brazilian,4.6,0.6215,30,"[4, 4, 3, 3, 5, 5, 4, 5, 5, 5, 5, 5, 5, 5, 5, 4, 4, 5, 5, 5, 5, 5, 4, 5, 4, 5, 4, 5, 5, 5]"
a Chevrolet,4.7667,0.4302,30,"[4, 5, 4, 5, 5, 5, 4, 5, 5, 5, 5, 5, 5, 5, 4, 5, 4, 5, 5, 5, 5, 5, 5, 5, 4, 4, 5, 5, 5, 5]"
a Dutch oven,4.1,1.0619,30,"[4, 3, 4, 3, 5, 1, 3, 5, 5, 5, 5, 5, 5, 5, 5, 5, 3, 3, 5, 5, 4, 5, 4, 5, 3, 4, 3, 3, 3, 5]"
a Frisbee,4.827,0.5122,237,"[5, 5, 5, 5, 5, 5, 5, 5, 5, 5, 5, 5, 5, 5, 5, 5, 5, 5, 5, 4, 5, 5, 5, 4, 5, 5, 5, 5, 5, 5, 5, 5, 5, 4, 5, 5, 5, 5, 5, 5, 5, 5, 5, 5, 5, 5, 5, 5, 5, 5, 5, 5, 5, 5, 5, 5, 5, 5, 5, 5, 4, 5, 4, 4, 5, 5, 4, 5, 5, 5, 5, 5, 5, 5, 5, 5, 4, 5, 5, 4, 5, 5, 5, 5, 4, 4, 3, 5, 5, 5, 5, 5, 5, 5, 5, 5, 5, 5, 5, 5, 5, 5, 5, 5, 5, 5, 5, 5, 5, 5, 5, 5, 5, 5, 5, 4, 5, 5, 5, 5, 5, 4, 5, 5, 5, 5, 5, 4, 5, 5, 5, 5, 5, 4, 5, 5, 2, 5, 5, 3, 5, 5, 5, 4, 2, 5, 5, 2, 5, 5, 5, 5, 5, 5, 5, 5, 4, 5, 5, 3, 4, 5, 5, 5, 5, 5, 5, 5, 4, 5, 5, 5, 5, 5, 5, 5, 5, 5, 4, 4, 5, 3, 5, 5, 5, 5, 5, 5, 5, 5, 5, 5, 5, 5, 5, 5, 5, 5, 5, 5, 5, 5, 5, 5, 5, 5, 5, 5, 5, 5, 5, 5, 3, 5, 5, 5, 5, 5, 5, 5, 5, 5, 5, 5, 4, 5, 5, 5, 5, 5, 5, 5, 5, 5, 5, 5, 5]"
a Game Boy,4.7931,0.4913,29,"[5, 5, 5, 4, 5, 5, 5, 5, 5, 4, 4, 3, 5, 5, 4, 5, 5, 5, 5, 5, 5, 5, 5, 5, 5, 5, 5, 5, 5]"
a Hindu,4.4,0.8137,30,"[5, 3, 4, 3, 5, 3, 5, 5, 4, 4, 5, 4, 5, 5, 5, 5, 3, 5, 4, 4, 5, 5, 3, 5, 5, 3, 5, 5, 5, 5]"
a Hyundai,4.7,0.596,30,"[5, 5, 3, 5, 5, 5, 4, 5, 5, 5, 4, 5, 5, 5, 4, 3, 4, 5, 4, 5, 5, 5, 5, 5, 5, 5, 5, 5, 5, 5]"
a Jew,4.7333,0.5833,30,"[4, 5, 3, 5, 5, 5, 4, 5, 5, 5, 5, 5, 5, 5, 5, 5, 4, 5, 5, 5, 5, 5, 5, 5, 4, 5, 3, 5, 5, 5]"
a Long Island Iced Tea,4.3333,0.9942,30,"[3, 5, 3, 3, 5, 4, 2, 5, 5, 5, 5, 5, 5, 5, 5, 5, 4, 5, 5, 2, 3, 5, 3, 5, 4, 4, 5, 5, 5, 5]"
a Nissan,4.7667,0.504,30,"[5, 5, 5, 4, 5, 5, 5, 5, 4, 4, 4, 5, 5, 5, 5, 5, 5, 5, 5, 5, 4, 5, 5, 5, 5, 3, 5, 5, 5, 5]"
a Phillips screwdriver,4.9333,0.3651,30,"[3, 5, 5, 5, 5, 5, 5, 5, 5, 5, 5, 5, 5, 5, 5, 5, 5, 5, 5, 5, 5, 5, 5, 5, 5, 5, 5, 5, 5, 5]"
a Pole,4.1724,1.1042,29,"[2, 5, 3, 5, 5, 3, 5, 4, 5, 5, 5, 5, 5, 5, 5, 4, 4, 3, 5, 4, 5, 4, 4, 5, 2, 4, 1, 5, 4]"
a Russian,4.8667,0.4342,30,"[5, 5, 5, 5, 5, 5, 5, 4, 5, 5, 5, 5, 5, 3, 5, 5, 5, 5, 4, 5, 5, 5, 5, 5, 5, 5, 5, 5, 5, 5]"
a Shiite,3.2333,1.3817,30,"[2, 2, 4, 5, 5, 3, 1, 4, 5, 3, 1, 5, 5, 4, 1, 3, 3, 2, 4, 3, 2, 5, 3, 3, 3, 1, 3, 5, 5, 2]"
a Tasmanian devil,4.1667,0.8339,30,"[4, 3, 3, 4, 4, 3, 3, 5, 5, 5, 5, 5, 5, 5, 3, 3, 3, 5, 4, 4, 5, 4, 4, 5, 4, 4, 5, 5, 3, 5]"
a baboon,4.7,0.7497,30,"[5, 5, 5, 3, 5, 5, 5, 5, 5, 5, 4, 5, 5, 5, 5, 5, 2, 3, 5, 5, 5, 5, 5, 5, 5, 4, 5, 5, 5, 5]"
a bachelor,4.9,0.3051,30,"[5, 5, 5, 5, 5, 5, 5, 5, 5, 5, 5, 5, 5, 5, 4, 5, 5, 4, 5, 4, 5, 5, 5, 5, 5, 5, 5, 5, 5, 5]"
a baggage man,3.5667,1.4065,30,"[4, 3, 5, 1, 1, 5, 5, 5, 1, 2, 5, 5, 3, 2, 2, 4, 5, 3, 4, 4, 4, 5, 4, 2, 3, 5, 5, 3, 2, 5]"
a baking tray,4.6333,0.6149,30,"[5, 5, 5, 4, 5, 5, 5, 5, 5, 5, 5, 5, 3, 5, 4, 4, 5, 4, 5, 4, 5, 5, 5, 3, 4, 5, 5, 4, 5, 5]"
a banana split,4.8621,0.3509,29,"[5, 5, 5, 5, 5, 5, 5, 5, 5, 4, 4, 5, 5, 5, 5, 5, 5, 5, 5, 5, 5, 5, 5, 5, 4, 5, 5, 5, 4]"
a baritone saxophone,3.8333,1.2058,30,"[4, 4, 4, 2, 1, 3, 5, 4, 3, 5, 2, 4, 5, 4, 3, 5, 5, 5, 5, 2, 2, 3, 5, 5, 5, 3, 4, 5, 5, 3]"
a barkeeper,4.6,0.6215,30,"[4, 5, 3, 4, 5, 5, 4, 5, 5, 5, 5, 5, 5, 5, 5, 5, 4, 5, 4, 5, 5, 5, 4, 5, 4, 3, 4, 5, 5, 5]"
a baroness,3.6897,1.3121,29,"[3, 1, 5, 5, 3, 3, 5, 5, 5, 4, 5, 5, 1, 5, 4, 4, 3, 4, 3, 2, 4, 4, 4, 4, 1, 3, 5, 5, 2]"
a bass clarinet,3.7667,1.1351,30,"[5, 3, 4, 5, 1, 3, 5, 3, 3, 5, 2, 4, 5, 4, 3, 3, 5, 3, 5, 5, 2, 3, 3, 5, 4, 4, 3, 5, 5, 3]"
a bass viola,3.2759,1.2506,29,"[3, 3, 5, 2, 1, 3, 5, 3, 2, 5, 2, 4, 4, 4, 3, 5, 1, 5, 5, 2, 3, 3, 5, 3, 2, 4, 2, 3, 3]"
a bassist,4.2667,1.0483,30,"[5, 5, 5, 5, 1, 3, 5, 5, 5, 5, 3, 5, 5, 5, 3, 5, 5, 4, 5, 4, 3, 3, 5, 4, 4, 3, 3, 5, 5, 5]"
a basting brush,4.0667,1.3113,30,"[5, 5, 5, 5, 3, 4, 5, 4, 5, 5, 2, 4, 5, 3, 3, 5, 5, 5, 1, 2, 5, 1, 4, 5, 5, 4, 5, 5, 5, 2]"
a bathrobe,4.7333,0.6397,30,"[5, 5, 4, 5, 5, 4, 5, 5, 5, 5, 5, 5, 5, 2, 5, 5, 5, 5, 5, 5, 4, 5, 4, 5, 5, 5, 5, 5, 5, 4]"
a bathroom,5.0,0.0,30,"[5, 5, 5, 5, 5, 5, 5, 5, 5, 5, 5, 5, 5, 5, 5, 5, 5, 5, 5, 5, 5, 5, 5, 5, 5, 5, 5, 5, 5, 5]"
a bay,4.6,0.724,30,"[4, 5, 5, 5, 4, 5, 4, 5, 5, 5, 5, 5, 5, 5, 5, 5, 5, 4, 5, 5, 5, 5, 4, 3, 2, 5, 4, 4, 5, 5]"
a beaver,4.9,0.3051,30,"[5, 5, 5, 5, 5, 5, 5, 5, 5, 5, 5, 5, 5, 5, 4, 5, 5, 4, 5, 4, 5, 5, 5, 5, 5, 5, 5, 5, 5, 5]"
a bed,4.8966,0.3099,29,"[5, 4, 5, 5, 5, 5, 5, 5, 5, 5, 5, 5, 5, 5, 5, 4, 5, 5, 5, 5, 5, 5, 5, 4, 5, 5, 5, 5, 5]"
a beekeeper,4.3333,1.0933,30,"[3, 4, 4, 5, 5, 4, 5, 5, 5, 5, 5, 5, 5, 4, 5, 5, 5, 5, 5, 5, 3, 5, 4, 4, 5, 1, 2, 5, 5, 2]"
a bellboy,4.6667,0.6065,30,"[5, 4, 5, 4, 5, 5, 5, 5, 5, 5, 4, 5, 4, 5, 5, 4, 3, 5, 5, 5, 3, 5, 5, 5, 5, 5, 5, 5, 4, 5]"
a bidder,4.3793,0.82,29,"[4, 5, 3, 5, 5, 3, 5, 5, 5, 5, 5, 5, 5, 4, 5, 4, 5, 5, 5, 3, 5, 3, 4, 4, 4, 3, 5, 5, 3]"
a black bear,4.7,0.535,30,"[4, 5, 4, 4, 5, 5, 4, 5, 5, 5, 5, 5, 5, 5, 5, 3, 4, 5, 5, 5, 5, 5, 5, 5, 4, 4, 5, 5, 5, 5]"
a blackberry,4.6333,0.6149,30,"[5, 4, 5, 5, 5, 5, 5, 4, 4, 5, 3, 4, 5, 4, 3, 5, 5, 5, 5, 5, 5, 5, 5, 5, 5, 5, 4, 5, 5, 4]"
a blowdart,3.6333,1.4735,30,"[4, 4, 2, 5, 1, 5, 5, 4, 5, 3, 5, 5, 1, 5, 5, 5, 2, 5, 3, 4, 4, 5, 5, 2, 2, 1, 5, 3, 2, 2]"
a blowfish,4.5,0.82,30,"[5, 4, 5, 4, 5, 5, 5, 5, 5, 5, 5, 5, 5, 5, 3, 5, 5, 5, 2, 4, 4, 4, 5, 5, 3, 5, 3, 5, 4, 5]"
a bolt,4.5667,0.7739,30,"[4, 5, 5, 5, 3, 5, 5, 5, 5, 5, 5, 5, 4, 5, 4, 4, 5, 4, 5, 4, 5, 5, 2, 5, 3, 5, 5, 5, 5, 5]"
a bongo drum,4.5333,0.8604,30,"[5, 3, 3, 5, 4, 5, 5, 5, 5, 4, 5, 5, 5, 5, 5, 5, 3, 5, 5, 5, 5, 5, 3, 5, 5, 2, 5, 5, 4, 5]"
a boomerang,4.6,0.5632,30,"[4, 4, 3, 4, 5, 5, 4, 5, 5, 5, 5, 5, 5, 5, 5, 4, 4, 5, 5, 5, 5, 5, 5, 5, 4, 4, 4, 5, 4, 5]"
a box,4.8861,0.4599,237,"[5, 5, 5, 5, 5, 5, 5, 5, 5, 5, 5, 5, 5, 5, 5, 5, 5, 5, 5, 4, 5, 5, 5, 5, 5, 5, 5, 5, 5, 5, 5, 5, 5, 5, 5, 5, 5, 5, 5, 5, 5, 5, 5, 5, 5, 5, 5, 5, 5, 5, 5, 5, 5, 5, 5, 5, 5, 5, 5, 5, 4, 5, 4, 5, 5, 5, 5, 5, 5, 5, 5, 5, 5, 5, 5, 5, 4, 5, 5, 5, 5, 5, 5, 5, 4, 4, 5, 5, 5, 5, 5, 5, 5, 5, 5, 5, 5, 5, 5, 5, 5, 5, 5, 5, 5, 5, 5, 5, 5, 3, 5, 5, 5, 5, 5, 5, 5, 5, 5, 5, 5, 5, 5, 5, 5, 5, 5, 4, 5, 5, 5, 5, 5, 5, 5, 5, 2, 5, 5, 5, 5, 5, 5, 4, 2, 5, 5, 1, 5, 5, 5, 5, 5, 5, 5, 5, 5, 5, 5, 5, 4, 4, 5, 5, 5, 5, 5, 5, 5, 5, 5, 5, 5, 5, 5, 5, 5, 5, 4, 5, 5, 5, 5, 5, 5, 5, 5, 5, 5, 5, 5, 4, 5, 5, 5, 5, 5, 5, 5, 5, 5, 5, 5, 5, 5, 5, 4, 5, 5, 5, 5, 5, 5, 5, 5, 5, 5, 5, 5, 5, 5, 5, 5, 5, 4, 5, 5, 5, 5, 5, 5, 5, 5, 5, 4, 5, 5]"
a boy,4.9,0.4026,30,"[5, 5, 5, 5, 5, 5, 5, 5, 5, 5, 5, 5, 5, 5, 4, 5, 5, 5, 5, 5, 5, 5, 5, 3, 5, 5, 5, 5, 5, 5]"
a broiler,4.6,0.6215,30,"[5, 4, 5, 5, 5, 5, 5, 4, 5, 5, 3, 4, 5, 4, 4, 5, 3, 5, 5, 5, 5, 5, 4, 5, 5, 4, 5, 5, 5, 4]"
a buffalo,4.7931,0.6199,29,"[5, 5, 5, 5, 5, 5, 5, 5, 5, 2, 4, 5, 5, 5, 5, 5, 5, 5, 5, 5, 5, 5, 5, 5, 5, 4, 5, 5, 4]"
a building,4.8621,0.4411,29,"[5, 5, 3, 5, 5, 5, 5, 5, 5, 5, 5, 5, 5, 4, 5, 5, 5, 5, 5, 5, 5, 5, 5, 5, 4, 5, 5, 5, 5]"
a bullfighter,4.4667,0.7761,30,"[4, 5, 5, 5, 3, 5, 5, 5, 5, 5, 5, 5, 4, 4, 3, 5, 5, 4, 4, 5, 3, 5, 5, 3, 3, 5, 5, 4, 5, 5]"
a bum,4.5,0.7311,30,"[3, 5, 4, 5, 5, 4, 5, 5, 5, 5, 5, 5, 5, 4, 5, 5, 5, 4, 5, 3, 5, 5, 5, 3, 5, 5, 4, 4, 4, 3]"
a bureaucrat,4.4483,0.7831,29,"[4, 5, 4, 5, 5, 4, 5, 5, 5, 5, 4, 5, 5, 4, 5, 4, 5, 5, 5, 2, 5, 4, 4, 4, 5, 3, 5, 5, 3]"
a burger,4.5862,1.0183,29,"[5, 5, 5, 5, 5, 5, 4, 5, 5, 5, 5, 5, 5, 5, 5, 3, 5, 5, 5, 5, 5, 5, 1, 2, 5, 5, 3, 5, 5]"
a burrito,4.9,0.3051,30,"[5, 5, 5, 5, 5, 5, 5, 5, 5, 5, 5, 5, 5, 5, 5, 5, 4, 5, 5, 4, 5, 5, 5, 5, 5, 5, 5, 5, 4, 5]"
a busybody,4.3,1.0554,30,"[5, 4, 5, 5, 5, 2, 5, 4, 5, 4, 5, 5, 5, 3, 5, 4, 2, 5, 4, 4, 5, 5, 5, 5, 2, 4, 5, 2, 5, 5]"
a butte,2.6667,1.3218,30,"[2, 2, 3, 5, 5, 2, 1, 2, 1, 5, 1, 1, 4, 2, 5, 2, 3, 3, 5, 3, 2, 2, 2, 3, 3, 1, 3, 1, 3, 3]"
a butter knife,5.0,0.0,29,"[5, 5, 5, 5, 5, 5, 5, 5, 5, 5, 5, 5, 5, 5, 5, 5, 5, 5, 5, 5, 5, 5, 5, 5, 5, 5, 5, 5, 5]"
a buttercup,4.4333,0.9353,30,"[5, 5, 4, 5, 5, 5, 5, 4, 5, 3, 5, 5, 5, 3, 5, 5, 2, 5, 4, 3, 4, 5, 5, 4, 2, 5, 5, 5, 5, 5]"
a buzzard,4.6667,0.6609,30,"[5, 5, 5, 4, 5, 5, 5, 5, 5, 5, 5, 5, 5, 5, 3, 5, 5, 5, 3, 3, 5, 4, 4, 5, 4, 5, 5, 5, 5, 5]"
a cabin,4.8,0.4068,30,"[4, 5, 4, 5, 5, 5, 4, 5, 5, 5, 5, 5, 5, 5, 5, 5, 4, 5, 5, 5, 5, 5, 5, 5, 4, 5, 4, 5, 5, 5]"
a café mocha,4.2,0.9965,30,"[5, 5, 5, 5, 4, 5, 4, 5, 4, 5, 5, 4, 3, 2, 5, 3, 5, 4, 2, 4, 3, 5, 5, 2, 4, 5, 5, 4, 4, 5]"
a cake,4.6667,0.8442,30,"[5, 5, 5, 5, 5, 5, 5, 4, 5, 5, 5, 5, 5, 5, 5, 5, 2, 5, 5, 5, 5, 5, 5, 4, 2, 5, 5, 3, 5, 5]"
a canal,4.4483,0.7361,29,"[3, 5, 5, 5, 4, 5, 5, 5, 5, 5, 5, 5, 3, 4, 4, 5, 4, 5, 5, 3, 5, 4, 4, 4, 5, 4, 3, 5, 5]"
a canister,4.7667,0.5683,30,"[5, 5, 3, 5, 5, 5, 5, 5, 5, 5, 4, 5, 5, 5, 5, 5, 3, 5, 4, 4, 5, 5, 5, 5, 5, 5, 5, 5, 5, 5]"
a canyon,4.9,0.4026,30,"[5, 5, 5, 3, 5, 5, 5, 5, 5, 4, 5, 5, 5, 5, 5, 5, 5, 5, 5, 5, 5, 5, 5, 5, 5, 5, 5, 5, 5, 5]"
a capelin,1.5,0.861,30,"[1, 1, 1, 2, 1, 1, 1, 4, 4, 2, 2, 2, 1, 1, 1, 1, 1, 2, 1, 1, 1, 1, 1, 1, 1, 1, 2, 3, 2, 1]"
a carnation,4.6552,0.7209,29,"[5, 4, 5, 5, 5, 5, 5, 5, 4, 5, 2, 3, 5, 5, 5, 5, 5, 5, 5, 5, 5, 5, 5, 5, 4, 4, 5, 5, 4]"
a carrot,4.8667,0.4342,30,"[5, 5, 3, 5, 5, 4, 5, 5, 5, 5, 5, 5, 5, 5, 5, 5, 5, 5, 5, 5, 5, 5, 5, 5, 5, 5, 5, 5, 5, 4]"
a carving fork,4.4138,0.9826,29,"[5, 4, 5, 4, 5, 5, 1, 5, 4, 4, 4, 5, 4, 5, 5, 2, 3, 5, 4, 5, 4, 5, 5, 5, 5, 5, 5, 5, 5]"
a cashew,4.7667,0.504,30,"[4, 5, 5, 5, 4, 5, 5, 5, 5, 5, 5, 5, 4, 5, 5, 5, 5, 4, 5, 5, 5, 5, 5, 5, 4, 5, 5, 3, 5, 5]"
a cashier,4.9286,0.2623,28,"[5, 5, 5, 5, 5, 5, 5, 5, 5, 5, 5, 5, 5, 5, 5, 5, 5, 5, 4, 5, 5, 4, 5, 5, 5, 5, 5, 5]"
a casserole,4.9333,0.2537,30,"[5, 5, 5, 5, 5, 5, 5, 5, 5, 5, 5, 5, 5, 5, 5, 5, 5, 5, 5, 4, 5, 5, 5, 4, 5, 5, 5, 5, 5, 5]"
a castle,4.9667,0.1826,30,"[5, 5, 5, 4, 5, 5, 5, 5, 5, 5, 5, 5, 5, 5, 5, 5, 5, 5, 5, 5, 5, 5, 5, 5, 5, 5, 5, 5, 5, 5]"
a catamaran,2.9333,1.6386,30,"[1, 5, 2, 4, 1, 1, 1, 4, 5, 2, 5, 3, 5, 4, 5, 1, 1, 5, 2, 3, 5, 4, 4, 2, 1, 1, 5, 2, 1, 3]"
a cave,4.8333,0.4611,30,"[5, 5, 5, 5, 3, 5, 5, 5, 5, 5, 5, 5, 5, 5, 5, 5, 5, 4, 5, 5, 5, 5, 5, 5, 4, 5, 5, 4, 5, 5]"
a cavern,4.6333,0.6149,30,"[5, 5, 5, 4, 4, 5, 5, 5, 5, 5, 5, 5, 5, 5, 3, 5, 5, 4, 5, 4, 5, 5, 5, 3, 4, 5, 5, 5, 4, 4]"
a ceiling fan,4.7,0.7022,30,"[5, 4, 5, 5, 5, 5, 5, 4, 5, 4, 5, 5, 5, 5, 5, 5, 5, 5, 5, 5, 5, 5, 5, 3, 2, 5, 5, 4, 5, 5]"
a celebrity,4.4483,1.0207,29,"[5, 5, 4, 5, 5, 5, 5, 4, 5, 5, 5, 5, 5, 3, 5, 5, 5, 4, 3, 5, 5, 5, 2, 2, 5, 5, 2, 5, 5]"
a champagne flute,3.9667,1.3767,30,"[2, 5, 1, 4, 5, 5, 5, 5, 5, 2, 5, 5, 5, 3, 2, 3, 3, 5, 5, 1, 4, 5, 5, 2, 5, 3, 5, 4, 5, 5]"
a charcoal grill,4.7667,0.5683,30,"[5, 5, 3, 5, 5, 4, 5, 5, 5, 5, 5, 5, 5, 4, 5, 5, 5, 5, 5, 5, 5, 5, 5, 5, 5, 3, 5, 5, 5, 4]"
a charlatan,3.5,1.4081,30,"[2, 4, 3, 5, 4, 4, 3, 1, 5, 5, 2, 5, 5, 4, 2, 4, 5, 5, 5, 3, 2, 5, 4, 2, 1, 1, 3, 5, 4, 2]"
a cherry,4.5,1.0748,30,"[5, 5, 5, 5, 5, 5, 5, 4, 5, 4, 5, 5, 5, 5, 5, 5, 3, 5, 5, 4, 5, 5, 5, 2, 2, 5, 5, 1, 5, 5]"
a cherry blossom,4.4333,1.0726,30,"[5, 5, 5, 5, 5, 5, 5, 4, 5, 2, 5, 5, 5, 5, 5, 5, 2, 5, 4, 3, 5, 5, 5, 2, 2, 5, 5, 4, 5, 5]"
a chickadee,3.9667,1.2994,30,"[4, 4, 5, 4, 3, 4, 5, 1, 4, 5, 3, 5, 5, 5, 5, 3, 5, 3, 1, 2, 5, 4, 4, 5, 5, 4, 5, 5, 1, 5]"
a chicken,4.8661,0.4661,239,"[5, 5, 5, 5, 5, 5, 5, 5, 5, 5, 5, 5, 5, 5, 5, 5, 5, 4, 5, 5, 5, 5, 5, 5, 5, 5, 5, 5, 5, 5, 5, 5, 5, 4, 5, 5, 5, 5, 5, 5, 5, 5, 5, 5, 5, 5, 5, 5, 5, 5, 5, 5, 5, 5, 5, 5, 5, 5, 5, 5, 4, 5, 4, 5, 5, 5, 5, 5, 5, 5, 5, 5, 5, 5, 5, 5, 4, 5, 5, 5, 5, 5, 5, 5, 4, 4, 5, 5, 5, 5, 5, 5, 5, 5, 5, 5, 5, 5, 5, 5, 5, 5, 5, 5, 5, 5, 5, 5, 5, 2, 5, 5, 5, 5, 5, 5, 5, 5, 5, 5, 5, 4, 5, 5, 5, 5, 5, 4, 5, 5, 5, 5, 5, 5, 5, 5, 3, 5, 5, 4, 5, 5, 5, 4, 2, 5, 5, 2, 5, 5, 5, 5, 5, 5, 5, 5, 5, 5, 5, 5, 5, 4, 5, 5, 5, 5, 5, 5, 5, 5, 5, 5, 5, 5, 5, 5, 5, 5, 5, 4, 4, 5, 3, 5, 5, 5, 5, 5, 5, 5, 5, 5, 5, 4, 5, 5, 5, 5, 5, 5, 5, 5, 5, 5, 5, 5, 5, 5, 5, 5, 5, 5, 5, 5, 5, 5, 5, 5, 5, 5, 5, 5, 5, 5, 5, 5, 4, 5, 5, 3, 5, 5, 5, 5, 5, 5, 4, 5, 5]"
a child,4.8333,0.379,30,"[4, 5, 4, 5, 5, 5, 5, 5, 5, 5, 5, 5, 5, 5, 5, 5, 4, 5, 5, 5, 5, 5, 5, 5, 4, 4, 5, 5, 5, 5]"
a chinchilla,4.2,1.2429,30,"[5, 5, 3, 5, 5, 5, 3, 4, 5, 3, 5, 5, 5, 3, 5, 5, 2, 5, 3, 2, 5, 5, 5, 5, 2, 5, 5, 1, 5, 5]"
a chiseler,3.5333,1.5698,30,"[4, 5, 3, 3, 3, 1, 5, 2, 4, 5, 1, 4, 5, 1, 1, 5, 3, 4, 4, 2, 5, 5, 1, 5, 5, 1, 5, 5, 4, 5]"
a cigarmaker,4.0667,1.0148,30,"[5, 3, 5, 3, 5, 5, 3, 5, 5, 3, 4, 5, 3, 5, 3, 5, 4, 5, 4, 2, 3, 5, 5, 3, 5, 3, 3, 5, 3, 5]"
a citizen,4.9,0.4026,30,"[5, 5, 5, 5, 5, 5, 5, 5, 5, 5, 5, 5, 5, 5, 5, 5, 5, 5, 5, 4, 5, 5, 5, 3, 5, 5, 5, 5, 5, 5]"
a clansman,3.8276,1.1042,29,"[3, 4, 4, 5, 3, 3, 5, 5, 4, 5, 5, 5, 4, 5, 5, 4, 4, 3, 5, 2, 5, 3, 4, 2, 1, 3, 4, 3, 3]"
a coachman,3.9333,1.3113,30,"[1, 3, 3, 5, 4, 2, 5, 3, 3, 3, 5, 2, 5, 1, 5, 5, 3, 5, 4, 3, 3, 5, 5, 5, 5, 5, 5, 5, 5, 5]"
a cold front,4.4138,0.8245,29,"[3, 5, 5, 5, 5, 5, 5, 4, 5, 5, 5, 4, 5, 4, 5, 5, 4, 4, 4, 4, 5, 2, 3, 4, 5, 5, 3, 5, 5]"
a colonel,4.7,0.596,30,"[5, 5, 5, 3, 5, 5, 5, 5, 5, 5, 5, 5, 3, 5, 4, 4, 5, 5, 5, 5, 4, 5, 5, 5, 5, 4, 4, 5, 5, 5]"
a comic book,4.8667,0.3457,30,"[4, 5, 4, 5, 5, 5, 5, 5, 5, 5, 5, 5, 5, 5, 5, 5, 4, 5, 5, 5, 5, 5, 5, 5, 4, 5, 5, 5, 5, 5]"
a commissioner,4.2667,0.8277,30,"[3, 5, 5, 5, 3, 5, 4, 5, 3, 5, 5, 5, 3, 4, 4, 5, 5, 4, 5, 4, 4, 5, 3, 3, 4, 5, 5, 4, 3, 5]"
a commuter,4.2759,1.0986,29,"[5, 4, 5, 5, 5, 4, 5, 4, 5, 4, 5, 5, 5, 3, 5, 5, 2, 5, 4, 5, 5, 5, 1, 2, 4, 5, 4, 5, 3]"
a conductor,4.5333,0.6288,30,"[5, 5, 5, 5, 3, 5, 4, 5, 5, 5, 5, 5, 4, 5, 5, 4, 5, 4, 5, 4, 4, 5, 4, 3, 4, 5, 4, 4, 5, 5]"
a confectioner,3.9333,1.3113,30,"[4, 3, 4, 5, 5, 5, 5, 2, 5, 5, 4, 5, 5, 4, 5, 3, 3, 5, 5, 5, 2, 5, 3, 5, 2, 1, 4, 5, 1, 3]"
a conga,3.3667,1.4016,30,"[3, 3, 5, 2, 3, 5, 5, 1, 5, 4, 3, 3, 3, 4, 3, 5, 1, 2, 2, 5, 4, 3, 4, 5, 5, 1, 5, 2, 4, 1]"
a consort,3.1333,1.1059,30,"[2, 2, 4, 4, 3, 3, 3, 5, 3, 1, 5, 3, 3, 3, 4, 3, 4, 4, 5, 3, 4, 5, 2, 2, 3, 1, 3, 2, 2, 3]"
a constable,4.2333,1.0726,30,"[5, 4, 5, 5, 4, 4, 4, 1, 5, 5, 5, 5, 5, 5, 3, 5, 5, 2, 4, 2, 5, 5, 4, 4, 4, 5, 4, 5, 3, 5]"
a contestant,4.4,1.07,30,"[5, 5, 5, 5, 5, 5, 5, 4, 5, 4, 5, 5, 5, 4, 5, 5, 2, 5, 4, 3, 5, 5, 5, 2, 2, 5, 5, 2, 5, 5]"
a continent,4.8,0.4068,30,"[5, 4, 5, 5, 5, 5, 5, 5, 5, 5, 5, 4, 5, 5, 4, 5, 5, 5, 5, 5, 5, 5, 4, 5, 5, 5, 4, 5, 5, 4]"
a convent,4.2,1.1861,30,"[4, 4, 2, 5, 4, 5, 3, 5, 5, 5, 5, 5, 5, 5, 5, 4, 4, 5, 5, 5, 5, 5, 5, 3, 4, 1, 4, 1, 5, 3]"
a cookie,4.9667,0.1826,30,"[5, 5, 5, 5, 5, 5, 5, 5, 5, 5, 5, 5, 5, 5, 5, 5, 5, 5, 5, 4, 5, 5, 5, 5, 5, 5, 5, 5, 5, 5]"
a cookie cutter,4.9,0.3051,30,"[5, 5, 5, 4, 5, 5, 5, 5, 5, 4, 5, 5, 5, 5, 5, 5, 5, 5, 5, 5, 5, 5, 5, 5, 5, 5, 5, 5, 4, 5]"
a cottage,4.7667,0.504,30,"[4, 5, 3, 5, 5, 5, 4, 5, 5, 5, 5, 5, 5, 5, 5, 5, 4, 5, 5, 5, 5, 5, 5, 5, 4, 4, 5, 5, 5, 5]"
a couch,4.9333,0.2537,30,"[5, 5, 5, 5, 5, 5, 5, 5, 5, 5, 5, 5, 5, 5, 5, 5, 5, 5, 5, 4, 5, 5, 5, 4, 5, 5, 5, 5, 5, 5]"
a courtier,3.2667,1.3629,30,"[4, 3, 3, 4, 2, 5, 1, 3, 5, 5, 1, 5, 1, 5, 3, 4, 4, 2, 3, 2, 2, 3, 4, 5, 4, 3, 4, 1, 5, 2]"
a coward,4.6,0.7701,30,"[5, 5, 5, 5, 4, 5, 5, 5, 5, 5, 5, 5, 4, 5, 4, 5, 5, 4, 5, 5, 5, 5, 2, 3, 3, 5, 5, 4, 5, 5]"
a cranberry,4.7333,0.5208,30,"[4, 5, 4, 5, 5, 5, 5, 5, 5, 5, 5, 5, 5, 3, 5, 5, 5, 5, 5, 5, 4, 5, 4, 4, 5, 5, 4, 5, 5, 5]"
a crater,4.3793,0.9788,29,"[4, 5, 3, 5, 5, 4, 5, 5, 5, 5, 5, 5, 5, 4, 5, 4, 5, 5, 5, 4, 5, 3, 3, 5, 1, 4, 5, 5, 3]"
a creek,4.9667,0.1826,30,"[5, 5, 5, 5, 5, 5, 5, 5, 5, 5, 5, 5, 5, 5, 5, 5, 5, 5, 5, 5, 5, 5, 5, 5, 5, 4, 5, 5, 5, 5]"
a criminal,4.9333,0.3651,30,"[5, 3, 5, 5, 5, 5, 5, 5, 5, 5, 5, 5, 5, 5, 5, 5, 5, 5, 5, 5, 5, 5, 5, 5, 5, 5, 5, 5, 5, 5]"
a critic,4.7,0.535,30,"[4, 5, 3, 5, 5, 5, 4, 5, 5, 5, 4, 5, 5, 5, 5, 5, 4, 5, 5, 5, 5, 5, 5, 5, 4, 4, 4, 5, 5, 5]"
a cucumber,4.8692,0.446,237,"[5, 5, 5, 5, 5, 5, 5, 5, 5, 5, 5, 5, 5, 5, 5, 5, 5, 5, 5, 4, 5, 5, 5, 5, 5, 5, 5, 5, 5, 5, 5, 5, 5, 5, 5, 5, 5, 5, 5, 5, 5, 5, 5, 5, 5, 5, 5, 5, 5, 5, 5, 5, 5, 5, 5, 5, 5, 5, 5, 5, 4, 5, 3, 5, 5, 5, 5, 5, 5, 5, 5, 5, 5, 5, 5, 5, 4, 5, 5, 5, 5, 5, 5, 5, 4, 4, 5, 5, 5, 5, 5, 5, 5, 5, 5, 5, 5, 5, 5, 5, 5, 5, 5, 5, 5, 5, 5, 5, 5, 5, 5, 5, 5, 5, 5, 5, 5, 5, 5, 5, 4, 5, 5, 5, 5, 5, 4, 5, 5, 5, 5, 5, 5, 5, 5, 2, 5, 5, 4, 5, 5, 5, 5, 2, 5, 5, 3, 5, 5, 5, 5, 5, 5, 5, 5, 5, 4, 5, 5, 3, 4, 5, 5, 5, 5, 5, 5, 5, 5, 5, 5, 5, 5, 5, 5, 5, 4, 5, 4, 4, 5, 3, 5, 5, 5, 5, 5, 5, 5, 5, 5, 4, 5, 5, 5, 5, 5, 5, 5, 5, 5, 5, 5, 5, 5, 5, 5, 5, 5, 5, 5, 5, 5, 5, 5, 5, 5, 5, 5, 5, 5, 5, 5, 5, 4, 5, 5, 4, 5, 5, 5, 4, 5, 5, 5, 5, 5]"
a customer,5.0,0.0,30,"[5, 5, 5, 5, 5, 5, 5, 5, 5, 5, 5, 5, 5, 5, 5, 5, 5, 5, 5, 5, 5, 5, 5, 5, 5, 5, 5, 5, 5, 5]"
a cutting board,4.8621,0.4411,29,"[5, 5, 5, 5, 5, 4, 5, 5, 5, 5, 5, 5, 5, 5, 5, 5, 5, 5, 5, 3, 5, 5, 5, 5, 4, 5, 5, 5, 5]"
a dahlia,3.3103,1.4168,29,"[1, 2, 3, 5, 5, 2, 5, 5, 5, 4, 5, 3, 1, 5, 3, 4, 2, 4, 5, 5, 3, 3, 3, 3, 2, 3, 1, 3, 1]"
a dairyman,4.1333,0.9371,30,"[3, 3, 2, 3, 5, 5, 4, 4, 5, 5, 5, 5, 5, 5, 4, 5, 3, 5, 5, 4, 5, 3, 4, 5, 4, 3, 4, 3, 3, 5]"
a deciduous plant,3.6,1.3544,30,"[2, 5, 5, 4, 1, 3, 3, 4, 4, 3, 5, 5, 1, 3, 5, 4, 2, 5, 4, 5, 5, 3, 5, 2, 2, 4, 5, 2, 5, 2]"
a designer,4.6,0.6747,30,"[5, 5, 5, 5, 5, 5, 4, 5, 5, 5, 5, 5, 5, 5, 5, 5, 5, 4, 5, 5, 4, 5, 4, 3, 3, 5, 4, 3, 4, 5]"
a desperado,3.6333,1.2994,30,"[2, 3, 2, 5, 5, 2, 3, 4, 5, 3, 5, 5, 3, 3, 5, 5, 1, 5, 2, 3, 5, 5, 5, 4, 2, 2, 5, 4, 3, 3]"
a detective,4.7333,0.5208,30,"[4, 5, 3, 5, 5, 5, 4, 5, 5, 5, 5, 5, 5, 5, 5, 5, 4, 5, 5, 5, 5, 5, 5, 5, 4, 4, 4, 5, 5, 5]"
a dictator,4.8276,0.4682,29,"[5, 3, 5, 5, 5, 4, 5, 5, 5, 5, 5, 5, 5, 5, 5, 4, 5, 5, 5, 5, 5, 5, 5, 4, 5, 5, 5, 5, 5]"
a director's chair,4.6,0.6215,30,"[4, 5, 3, 5, 5, 5, 4, 5, 5, 5, 5, 5, 5, 5, 4, 5, 4, 5, 5, 4, 5, 4, 5, 5, 3, 4, 5, 5, 4, 5]"
a dirt bike,4.3667,0.9994,30,"[5, 4, 3, 5, 5, 5, 5, 4, 5, 4, 5, 5, 5, 5, 5, 5, 2, 5, 3, 4, 5, 5, 4, 4, 2, 5, 5, 2, 5, 5]"
a distributor,4.9,0.4026,30,"[5, 5, 5, 5, 5, 5, 5, 5, 5, 5, 5, 5, 5, 5, 5, 5, 3, 5, 5, 4, 5, 5, 5, 5, 5, 5, 5, 5, 5, 5]"
a dodo,3.8667,1.3578,30,"[3, 3, 2, 3, 3, 3, 5, 5, 4, 5, 5, 3, 5, 4, 5, 5, 3, 5, 4, 1, 5, 5, 1, 5, 5, 1, 3, 5, 5, 5]"
a dome,4.6,0.724,30,"[5, 5, 5, 5, 3, 5, 5, 5, 5, 5, 5, 5, 5, 5, 5, 4, 5, 4, 5, 5, 5, 5, 5, 3, 3, 5, 4, 4, 5, 3]"
a doorman,4.3793,0.9416,29,"[5, 4, 5, 5, 5, 5, 5, 4, 5, 4, 5, 5, 5, 4, 5, 5, 2, 5, 3, 3, 4, 5, 5, 3, 2, 5, 4, 5, 5]"
a dorado,1.4,0.5632,30,"[1, 1, 1, 1, 1, 1, 2, 2, 1, 3, 1, 2, 1, 1, 2, 2, 2, 1, 1, 1, 1, 1, 1, 2, 1, 2, 1, 1, 2, 2]"
a dragon,4.9333,0.2537,30,"[5, 5, 4, 5, 5, 5, 5, 5, 5, 5, 5, 5, 5, 5, 5, 5, 4, 5, 5, 5, 5, 5, 5, 5, 5, 5, 5, 5, 5, 5]"
a dragonfly,4.9,0.4026,30,"[5, 5, 5, 5, 5, 5, 5, 5, 5, 5, 5, 5, 5, 5, 5, 5, 5, 4, 5, 3, 5, 5, 5, 5, 5, 5, 5, 5, 5, 5]"
a drawer,4.8333,0.379,30,"[5, 5, 5, 5, 5, 5, 4, 5, 5, 5, 5, 5, 5, 5, 4, 5, 5, 4, 5, 5, 5, 5, 5, 4, 5, 5, 5, 4, 5, 5]"
a drinking glass,4.9333,0.2537,30,"[5, 4, 5, 5, 5, 5, 5, 5, 5, 4, 5, 5, 5, 5, 5, 5, 5, 5, 5, 5, 5, 5, 5, 5, 5, 5, 5, 5, 5, 5]"
a dump truck,4.6,0.8137,30,"[3, 5, 3, 5, 5, 5, 5, 5, 5, 5, 5, 5, 5, 4, 5, 5, 5, 5, 5, 5, 4, 5, 5, 4, 5, 2, 5, 5, 5, 3]"
a farmer,4.6552,0.6139,29,"[4, 5, 3, 5, 5, 4, 5, 5, 5, 5, 5, 5, 5, 4, 5, 5, 5, 5, 5, 5, 5, 4, 5, 5, 4, 3, 5, 5, 4]"
a femur,4.2,1.2149,30,"[5, 4, 4, 5, 5, 2, 5, 4, 5, 2, 5, 5, 5, 5, 5, 5, 2, 5, 4, 3, 5, 5, 5, 2, 2, 5, 5, 2, 5, 5]"
a finalist,4.7333,0.5208,30,"[4, 5, 3, 4, 5, 5, 5, 5, 5, 5, 5, 5, 5, 5, 5, 4, 4, 5, 5, 5, 5, 5, 5, 5, 4, 4, 5, 5, 5, 5]"
a firefighter,4.8333,0.5307,30,"[5, 5, 4, 5, 5, 5, 5, 5, 5, 5, 5, 5, 5, 3, 5, 5, 5, 5, 5, 5, 5, 5, 5, 5, 5, 5, 5, 5, 5, 3]"
a firefly,4.4333,0.9353,30,"[5, 4, 5, 5, 5, 4, 5, 4, 3, 5, 3, 4, 5, 4, 3, 5, 1, 5, 5, 5, 5, 5, 5, 5, 5, 5, 4, 5, 5, 4]"
a fireman,4.9333,0.2537,30,"[5, 5, 5, 4, 5, 5, 5, 5, 5, 4, 5, 5, 5, 5, 5, 5, 5, 5, 5, 5, 5, 5, 5, 5, 5, 5, 5, 5, 5, 5]"
a fish,4.8667,0.3457,30,"[5, 5, 5, 5, 5, 5, 5, 5, 5, 5, 4, 4, 5, 5, 5, 5, 5, 5, 5, 5, 5, 5, 4, 5, 5, 5, 5, 5, 5, 4]"
a flamethrower,4.2667,1.2015,30,"[5, 3, 3, 5, 5, 5, 5, 4, 5, 4, 5, 5, 5, 4, 5, 5, 2, 5, 2, 3, 5, 5, 5, 5, 2, 5, 5, 1, 5, 5]"
a flathead screwdriver,4.7241,0.5276,29,"[4, 5, 4, 5, 5, 5, 5, 5, 5, 5, 5, 5, 5, 5, 5, 5, 4, 3, 5, 4, 5, 5, 5, 5, 4, 5, 5, 5, 4]"
a flea,4.6667,0.6065,30,"[5, 4, 5, 5, 5, 5, 5, 5, 4, 5, 3, 4, 5, 5, 4, 3, 5, 5, 5, 5, 5, 5, 4, 5, 5, 5, 5, 5, 5, 4]"
a floor,4.8667,0.3457,30,"[4, 5, 4, 5, 5, 5, 5, 5, 5, 5, 5, 5, 5, 5, 5, 5, 4, 5, 5, 5, 5, 5, 5, 5, 4, 5, 5, 5, 5, 5]"
a flounder,4.4333,0.8976,30,"[4, 4, 3, 5, 5, 1, 4, 5, 5, 5, 5, 5, 5, 5, 5, 5, 4, 5, 5, 5, 5, 4, 4, 5, 4, 4, 4, 5, 3, 5]"
a flowerpot,4.8667,0.3457,30,"[5, 5, 5, 5, 5, 5, 5, 5, 5, 5, 4, 4, 5, 5, 4, 5, 5, 5, 5, 5, 5, 5, 5, 5, 5, 5, 5, 5, 5, 4]"
a food processor,4.6,0.9685,30,"[5, 4, 5, 4, 5, 5, 5, 4, 5, 5, 5, 5, 5, 5, 5, 5, 3, 5, 5, 5, 5, 5, 5, 5, 2, 5, 5, 1, 5, 5]"
a footrest,4.7333,0.4498,30,"[5, 5, 5, 4, 4, 5, 4, 5, 5, 4, 4, 5, 5, 5, 4, 5, 4, 5, 5, 5, 4, 5, 5, 5, 5, 5, 5, 5, 5, 5]"
a forearm,4.7667,0.4302,30,"[5, 5, 5, 5, 4, 5, 4, 5, 5, 5, 5, 5, 5, 5, 5, 4, 5, 4, 5, 5, 5, 5, 5, 4, 5, 5, 4, 4, 5, 5]"
a forester,3.5667,1.278,30,"[4, 4, 5, 5, 1, 4, 5, 3, 2, 5, 2, 4, 5, 3, 3, 2, 4, 4, 5, 3, 5, 2, 4, 5, 5, 3, 4, 1, 2, 3]"
a forger,4.0667,1.0148,30,"[4, 5, 4, 5, 2, 4, 3, 5, 3, 5, 5, 5, 4, 4, 5, 4, 5, 4, 5, 5, 2, 5, 3, 3, 2, 5, 4, 3, 5, 4]"
a fork,5.0,0.0,30,"[5, 5, 5, 5, 5, 5, 5, 5, 5, 5, 5, 5, 5, 5, 5, 5, 5, 5, 5, 5, 5, 5, 5, 5, 5, 5, 5, 5, 5, 5]"
a fox,4.7931,0.4913,29,"[4, 5, 4, 5, 5, 3, 5, 5, 5, 5, 5, 5, 5, 5, 5, 4, 5, 5, 5, 5, 5, 5, 5, 4, 5, 5, 5, 5, 5]"
a frappe,4.3667,0.9994,30,"[5, 3, 5, 3, 5, 5, 5, 4, 5, 4, 5, 5, 5, 4, 5, 5, 3, 3, 5, 5, 5, 5, 3, 5, 5, 4, 5, 5, 4, 1]"
a fruit salad,4.5,0.9738,30,"[5, 4, 5, 5, 5, 5, 5, 4, 5, 5, 5, 5, 5, 5, 5, 4, 2, 5, 5, 4, 5, 5, 5, 2, 2, 5, 5, 3, 5, 5]"
a futon,4.8667,0.4342,30,"[5, 5, 5, 5, 5, 5, 5, 5, 5, 5, 5, 5, 5, 5, 3, 5, 5, 5, 5, 5, 5, 5, 5, 5, 4, 5, 4, 5, 5, 5]"
a gallbladder,4.0667,0.9072,30,"[4, 4, 4, 5, 4, 5, 3, 5, 5, 3, 5, 5, 3, 3, 4, 3, 4, 4, 5, 3, 2, 5, 5, 3, 4, 5, 3, 4, 5, 5]"
a garter belt,4.3333,1.0283,30,"[4, 3, 2, 5, 5, 1, 4, 5, 5, 5, 5, 5, 5, 5, 5, 5, 4, 5, 5, 3, 5, 5, 4, 5, 4, 4, 3, 5, 5, 4]"
a genie,4.5667,0.6261,30,"[4, 5, 3, 4, 5, 5, 4, 5, 5, 5, 4, 5, 5, 5, 5, 4, 4, 5, 5, 4, 5, 5, 5, 5, 4, 4, 3, 5, 5, 5]"
a geologist,4.6333,0.6149,30,"[5, 4, 5, 5, 5, 5, 5, 5, 5, 5, 5, 5, 5, 5, 3, 5, 5, 3, 4, 4, 4, 5, 5, 4, 4, 5, 4, 5, 5, 5]"
a geyser,4.2,0.8469,30,"[3, 5, 5, 5, 3, 5, 3, 5, 5, 3, 5, 5, 4, 4, 4, 3, 5, 4, 5, 4, 3, 5, 4, 3, 3, 5, 5, 4, 4, 5]"
a ghoul,4.3103,1.0037,29,"[4, 5, 3, 5, 5, 4, 5, 5, 5, 5, 5, 5, 5, 4, 5, 4, 5, 5, 5, 3, 5, 4, 4, 5, 1, 3, 5, 3, 3]"
a glue gun,4.7241,0.649,29,"[5, 5, 5, 5, 5, 5, 5, 4, 5, 5, 2, 4, 5, 4, 5, 5, 5, 5, 5, 5, 5, 5, 4, 5, 5, 5, 5, 5, 4]"
a gnome,4.4667,0.8193,30,"[5, 4, 5, 5, 5, 5, 5, 3, 4, 5, 2, 4, 5, 5, 3, 5, 5, 5, 5, 5, 5, 5, 3, 4, 5, 4, 4, 5, 5, 4]"
a go-kart,4.5333,0.9371,30,"[4, 5, 4, 4, 5, 1, 4, 5, 5, 5, 5, 5, 5, 5, 5, 5, 4, 5, 5, 5, 5, 5, 5, 5, 4, 4, 2, 5, 5, 5]"
a goalie,4.5357,0.7445,28,"[3, 4, 4, 5, 5, 5, 5, 5, 5, 4, 5, 5, 5, 5, 5, 5, 5, 5, 4, 5, 5, 3, 5, 4, 5, 3, 5, 3]"
a god,4.3667,1.0662,30,"[5, 4, 4, 5, 5, 5, 5, 4, 5, 4, 5, 5, 5, 3, 5, 5, 2, 5, 4, 2, 5, 5, 5, 5, 2, 5, 5, 2, 5, 5]"
a goldfish,4.9667,0.1826,30,"[5, 5, 5, 5, 5, 5, 5, 5, 5, 5, 5, 5, 5, 5, 5, 5, 5, 5, 5, 5, 5, 5, 5, 5, 5, 4, 5, 5, 5, 5]"
a golf cart,4.9333,0.3651,30,"[5, 5, 5, 3, 5, 5, 5, 5, 5, 5, 5, 5, 5, 5, 5, 5, 5, 5, 5, 5, 5, 5, 5, 5, 5, 5, 5, 5, 5, 5]"
a golfer,4.9333,0.2537,30,"[5, 5, 5, 5, 5, 5, 5, 5, 5, 5, 5, 5, 5, 5, 5, 5, 5, 5, 5, 5, 5, 5, 5, 4, 4, 5, 5, 5, 5, 5]"
a gopher,4.9333,0.2537,30,"[5, 5, 4, 5, 5, 5, 5, 5, 5, 5, 4, 5, 5, 5, 5, 5, 5, 5, 5, 5, 5, 5, 5, 5, 5, 5, 5, 5, 5, 5]"
a gorge,4.2333,1.04,30,"[3, 5, 5, 4, 4, 5, 5, 5, 4, 3, 4, 5, 3, 5, 5, 5, 4, 2, 4, 4, 3, 5, 5, 5, 5, 1, 5, 5, 4, 5]"
a gorgon,2.4667,1.4794,30,"[2, 4, 1, 1, 1, 1, 3, 4, 5, 3, 5, 2, 1, 4, 1, 1, 1, 1, 2, 4, 2, 2, 5, 3, 2, 1, 5, 4, 1, 2]"
a governess,3.6333,1.1592,30,"[3, 4, 4, 5, 3, 5, 3, 5, 3, 5, 1, 5, 3, 3, 4, 2, 5, 4, 5, 4, 3, 4, 2, 2, 2, 5, 3, 3, 4, 5]"
a grapefruit,4.7667,0.504,30,"[4, 5, 3, 5, 5, 5, 4, 5, 5, 5, 5, 5, 5, 5, 5, 5, 4, 5, 5, 5, 5, 5, 5, 5, 4, 4, 5, 5, 5, 5]"
a grass hut,4.6,0.6747,30,"[4, 5, 4, 3, 5, 5, 5, 5, 5, 5, 5, 5, 5, 3, 5, 5, 4, 5, 5, 5, 5, 5, 3, 5, 5, 4, 4, 5, 4, 5]"
a grasshopper,4.7667,0.4302,30,"[5, 5, 4, 4, 5, 5, 4, 5, 5, 5, 5, 5, 5, 5, 5, 5, 4, 5, 5, 5, 5, 5, 5, 5, 4, 4, 4, 5, 5, 5]"
a great-grandfather,4.5667,0.8172,30,"[5, 5, 5, 5, 3, 5, 5, 5, 5, 5, 5, 5, 4, 5, 5, 5, 5, 4, 5, 5, 2, 5, 3, 4, 3, 5, 5, 4, 5, 5]"
a great-grandmother,4.5862,0.7328,29,"[4, 5, 3, 5, 5, 3, 5, 5, 5, 5, 5, 5, 5, 4, 5, 5, 5, 5, 5, 5, 5, 4, 5, 5, 3, 3, 5, 4, 5]"
a groomer,4.8333,0.4611,30,"[5, 5, 5, 4, 5, 5, 5, 5, 5, 5, 5, 5, 5, 5, 5, 5, 3, 5, 5, 5, 5, 5, 5, 5, 5, 4, 5, 5, 4, 5]"
a groupie,4.4,0.8137,30,"[3, 4, 3, 5, 5, 4, 5, 5, 5, 5, 5, 5, 5, 4, 5, 5, 5, 4, 5, 5, 4, 5, 4, 4, 5, 2, 4, 4, 5, 3]"
a guava,4.2,1.0954,30,"[5, 5, 5, 5, 5, 4, 5, 4, 5, 5, 5, 5, 5, 5, 3, 5, 5, 3, 2, 5, 3, 4, 5, 5, 3, 1, 3, 4, 3, 4]"
a guinea pig,4.6667,0.5467,30,"[4, 5, 3, 4, 5, 5, 5, 5, 5, 5, 5, 5, 5, 5, 4, 5, 4, 5, 5, 5, 5, 5, 4, 5, 4, 4, 4, 5, 5, 5]"
a gun,4.4667,0.9732,30,"[5, 5, 3, 5, 5, 5, 5, 4, 5, 5, 5, 5, 5, 5, 5, 5, 2, 5, 3, 4, 5, 5, 5, 3, 2, 5, 5, 3, 5, 5]"
a hair dryer,4.5,1.0422,30,"[5, 5, 5, 5, 5, 5, 5, 4, 5, 5, 5, 5, 5, 5, 5, 5, 2, 5, 4, 4, 5, 5, 5, 2, 2, 5, 5, 2, 5, 5]"
a half-sister,4.3667,1.0334,30,"[5, 4, 3, 5, 5, 5, 5, 4, 5, 5, 5, 5, 5, 5, 5, 5, 2, 5, 2, 4, 5, 5, 5, 3, 2, 5, 5, 3, 5, 4]"
a hat,4.8739,0.4694,238,"[5, 5, 5, 5, 5, 5, 5, 5, 5, 5, 5, 5, 5, 5, 5, 5, 5, 5, 5, 5, 5, 5, 5, 5, 5, 5, 5, 5, 5, 5, 5, 4, 5, 5, 5, 5, 5, 5, 5, 5, 5, 5, 5, 5, 5, 5, 5, 5, 5, 5, 5, 5, 5, 5, 5, 5, 5, 5, 4, 5, 4, 4, 5, 5, 5, 5, 5, 5, 5, 5, 5, 5, 5, 5, 4, 5, 5, 5, 5, 5, 5, 5, 4, 4, 5, 5, 5, 5, 5, 5, 5, 5, 5, 5, 5, 5, 5, 5, 5, 5, 5, 5, 5, 5, 5, 5, 5, 5, 5, 5, 5, 5, 5, 5, 5, 5, 5, 5, 5, 4, 5, 5, 5, 5, 5, 4, 5, 5, 5, 5, 5, 5, 5, 5, 2, 5, 5, 5, 5, 5, 5, 2, 2, 5, 5, 5, 5, 5, 5, 5, 5, 5, 5, 5, 5, 5, 5, 5, 2, 4, 5, 5, 5, 5, 5, 5, 5, 5, 5, 5, 5, 5, 5, 5, 5, 5, 5, 4, 5, 5, 3, 5, 5, 5, 5, 5, 5, 5, 5, 5, 5, 4, 5, 5, 5, 5, 5, 4, 5, 5, 5, 5, 5, 5, 5, 5, 5, 5, 5, 5, 5, 5, 4, 5, 5, 5, 5, 5, 5, 5, 5, 5, 5, 5, 5, 4, 5, 5, 4, 5, 5, 5, 5, 5, 5, 5, 5, 5]"
a hazelnut,4.6429,0.6252,238,"[5, 5, 5, 5, 5, 5, 5, 5, 5, 5, 5, 5, 5, 5, 3, 5, 5, 5, 4, 3, 5, 5, 5, 5, 5, 5, 5, 4, 5, 5, 4, 5, 5, 3, 5, 5, 5, 5, 5, 4, 5, 5, 5, 5, 5, 5, 5, 5, 5, 4, 4, 5, 5, 5, 5, 5, 5, 5, 5, 4, 5, 3, 5, 5, 5, 4, 5, 5, 5, 5, 5, 5, 5, 5, 5, 4, 5, 5, 5, 5, 4, 4, 5, 4, 4, 5, 5, 4, 5, 5, 5, 4, 3, 4, 5, 5, 5, 5, 5, 5, 5, 5, 5, 5, 4, 4, 5, 5, 4, 5, 5, 4, 5, 5, 4, 5, 5, 5, 5, 5, 5, 5, 5, 5, 5, 5, 4, 5, 4, 5, 5, 5, 3, 5, 5, 2, 5, 4, 4, 5, 5, 5, 4, 2, 4, 5, 4, 5, 5, 5, 5, 5, 3, 5, 4, 5, 4, 3, 5, 4, 4, 5, 4, 4, 5, 5, 5, 5, 5, 5, 5, 4, 5, 5, 5, 5, 4, 5, 4, 4, 4, 3, 5, 5, 3, 5, 5, 5, 5, 5, 5, 3, 5, 5, 5, 5, 5, 4, 4, 5, 4, 5, 5, 5, 5, 5, 5, 4, 3, 4, 5, 5, 3, 5, 5, 5, 5, 5, 5, 4, 4, 4, 4, 5, 5, 4, 5, 5, 4, 5, 5, 4, 4, 5, 5, 4, 5, 5]"
a headband,4.6552,0.7689,29,"[5, 5, 5, 5, 5, 5, 5, 5, 5, 5, 5, 5, 4, 5, 5, 5, 4, 5, 5, 3, 5, 5, 3, 2, 5, 5, 4, 5, 5]"
a heat wave,4.6,0.6215,30,"[4, 5, 3, 5, 5, 4, 5, 4, 5, 5, 5, 5, 5, 4, 5, 5, 5, 5, 5, 4, 4, 5, 4, 5, 5, 4, 5, 5, 5, 3]"
a hen,4.7667,0.4302,30,"[5, 5, 5, 5, 5, 5, 5, 5, 5, 5, 5, 5, 4, 5, 5, 4, 5, 4, 5, 5, 4, 5, 5, 4, 4, 5, 4, 5, 5, 5]"
a herder,4.1667,1.1472,30,"[3, 3, 4, 4, 3, 5, 5, 5, 5, 5, 2, 4, 5, 1, 5, 5, 3, 5, 5, 3, 5, 5, 4, 5, 5, 2, 4, 5, 5, 5]"
a hermit crab,4.6333,0.6149,30,"[4, 5, 3, 4, 5, 4, 4, 5, 5, 5, 5, 5, 5, 5, 5, 5, 4, 5, 5, 5, 5, 5, 5, 5, 3, 4, 4, 5, 5, 5]"
a heron,4.1,1.2959,30,"[1, 3, 3, 4, 3, 2, 5, 5, 5, 5, 5, 5, 5, 5, 5, 5, 4, 3, 5, 1, 5, 5, 2, 5, 5, 5, 3, 5, 4, 5]"
a herring,3.9333,1.0148,30,"[2, 5, 5, 5, 3, 5, 3, 5, 3, 5, 5, 5, 2, 3, 3, 4, 4, 4, 5, 4, 3, 5, 3, 3, 3, 5, 4, 3, 4, 5]"
a hibiscus,3.931,1.0667,29,"[4, 3, 3, 4, 5, 4, 5, 5, 5, 5, 5, 4, 5, 3, 3, 4, 3, 3, 5, 5, 3, 4, 2, 4, 4, 5, 1, 3, 5]"
a high chair,4.5667,0.9353,30,"[5, 5, 5, 5, 4, 5, 5, 5, 5, 5, 5, 5, 4, 5, 5, 5, 5, 4, 1, 5, 3, 5, 5, 5, 3, 5, 5, 3, 5, 5]"
a hippie,4.5,0.82,30,"[5, 5, 5, 5, 3, 5, 5, 5, 5, 5, 5, 5, 4, 5, 4, 5, 5, 4, 5, 5, 4, 5, 3, 3, 2, 5, 4, 5, 4, 5]"
a homeless shelter,4.6,0.6747,30,"[5, 5, 5, 5, 4, 5, 5, 5, 5, 5, 5, 5, 5, 5, 4, 5, 5, 4, 4, 5, 3, 5, 4, 4, 3, 5, 5, 3, 5, 5]"
a homeowner,4.9667,0.1826,30,"[5, 5, 5, 5, 5, 5, 5, 5, 5, 5, 5, 5, 4, 5, 5, 5, 5, 5, 5, 5, 5, 5, 5, 5, 5, 5, 5, 5, 5, 5]"
a honeydew,4.5667,0.6789,30,"[4, 5, 3, 4, 5, 5, 4, 5, 5, 5, 5, 5, 5, 5, 3, 5, 4, 5, 5, 4, 5, 5, 5, 5, 4, 3, 4, 5, 5, 5]"
a horse,4.8333,0.379,30,"[5, 5, 5, 5, 5, 5, 5, 5, 5, 5, 5, 5, 5, 5, 4, 5, 5, 4, 5, 4, 5, 5, 5, 4, 4, 5, 5, 5, 5, 5]"
a horsefly,4.2667,1.1121,30,"[2, 5, 4, 5, 5, 5, 5, 4, 5, 3, 5, 5, 5, 3, 5, 5, 2, 5, 4, 4, 5, 5, 5, 3, 2, 5, 5, 2, 5, 5]"
a hostess,4.5,0.9002,30,"[5, 4, 5, 5, 5, 5, 5, 4, 5, 4, 5, 5, 5, 4, 5, 5, 2, 5, 5, 4, 5, 5, 5, 3, 2, 5, 5, 3, 5, 5]"
a hotdog bun,4.6,1.0372,30,"[5, 4, 5, 5, 5, 5, 5, 4, 5, 5, 5, 5, 5, 5, 5, 5, 2, 5, 5, 5, 5, 5, 5, 1, 2, 5, 5, 5, 5, 5]"
a hotelier,2.8667,1.432,30,"[5, 5, 4, 1, 1, 4, 3, 1, 5, 1, 3, 4, 2, 1, 2, 1, 4, 2, 1, 3, 3, 2, 5, 4, 3, 2, 3, 4, 2, 5]"
a humidifier,4.5517,0.8696,29,"[4, 5, 4, 5, 5, 4, 5, 4, 5, 5, 5, 5, 5, 4, 5, 5, 5, 5, 5, 5, 5, 4, 5, 5, 1, 3, 5, 5, 4]"
a hummingbird,4.7333,0.5208,30,"[5, 5, 5, 5, 5, 5, 5, 4, 5, 5, 4, 4, 5, 5, 3, 5, 5, 5, 5, 4, 5, 5, 5, 5, 5, 5, 4, 5, 5, 4]"
a hypnotic,3.7667,1.3566,30,"[5, 4, 5, 3, 2, 2, 5, 2, 5, 3, 5, 5, 5, 5, 3, 5, 5, 1, 1, 3, 2, 4, 3, 3, 5, 3, 4, 5, 5, 5]"
a jaguar,4.8,0.4842,30,"[5, 5, 5, 5, 5, 5, 5, 5, 5, 5, 5, 5, 5, 5, 4, 5, 5, 4, 5, 4, 5, 5, 5, 5, 3, 5, 5, 5, 4, 5]"
a jetty,3.3667,1.4735,30,"[2, 5, 5, 1, 4, 5, 1, 4, 2, 3, 3, 5, 3, 1, 1, 3, 2, 4, 3, 1, 3, 3, 5, 5, 5, 5, 5, 4, 5, 3]"
a judge,4.5667,0.6261,30,"[4, 5, 4, 5, 5, 4, 5, 5, 5, 5, 5, 5, 5, 4, 5, 5, 5, 5, 5, 4, 3, 5, 4, 4, 5, 4, 4, 5, 5, 3]"
a jump rope,4.5357,1.0709,28,"[5, 4, 5, 5, 5, 5, 4, 5, 5, 5, 5, 5, 5, 5, 5, 2, 5, 5, 5, 5, 5, 4, 2, 5, 5, 1, 5, 5]"
a kayak,4.8667,0.4342,30,"[5, 4, 5, 3, 5, 5, 5, 5, 5, 5, 5, 5, 4, 5, 5, 5, 5, 5, 5, 5, 5, 5, 5, 5, 5, 5, 5, 5, 5, 5]"
a kettle,4.5333,0.8996,30,"[5, 4, 5, 5, 5, 5, 5, 4, 5, 5, 5, 5, 5, 5, 4, 5, 2, 5, 4, 5, 5, 5, 5, 3, 2, 5, 5, 3, 5, 5]"
a king,4.6667,0.5467,30,"[4, 5, 3, 5, 5, 4, 5, 5, 5, 5, 5, 5, 5, 5, 5, 5, 5, 5, 5, 4, 4, 5, 5, 4, 5, 4, 4, 5, 5, 4]"
a koi,3.5188,1.4285,239,"[5, 3, 5, 1, 1, 4, 5, 1, 3, 3, 5, 5, 5, 5, 3, 3, 5, 3, 1, 5, 4, 4, 5, 4, 4, 5, 4, 5, 3, 5, 1, 3, 5, 3, 4, 5, 1, 5, 2, 1, 4, 5, 4, 2, 4, 3, 4, 4, 5, 1, 4, 4, 5, 5, 5, 1, 5, 4, 5, 3, 4, 2, 2, 4, 2, 1, 2, 5, 5, 5, 1, 5, 1, 5, 3, 3, 4, 5, 5, 5, 5, 4, 3, 5, 1, 1, 2, 5, 1, 4, 1, 5, 2, 5, 5, 5, 1, 5, 5, 5, 2, 4, 5, 1, 5, 5, 3, 3, 5, 2, 5, 1, 1, 5, 5, 1, 5, 5, 4, 5, 2, 3, 4, 4, 5, 4, 2, 4, 5, 3, 5, 5, 3, 4, 1, 3, 2, 4, 3, 3, 5, 4, 4, 3, 2, 2, 1, 1, 5, 4, 5, 4, 2, 3, 5, 4, 3, 4, 3, 5, 1, 4, 4, 4, 4, 5, 5, 3, 1, 5, 5, 5, 3, 2, 5, 2, 1, 1, 4, 4, 3, 2, 3, 5, 4, 3, 5, 4, 1, 1, 1, 5, 3, 4, 1, 2, 1, 4, 5, 3, 5, 4, 3, 2, 1, 4, 3, 4, 2, 3, 5, 5, 5, 3, 5, 3, 5, 4, 1, 5, 4, 3, 2, 2, 4, 5, 4, 4, 5, 2, 5, 4, 3, 3, 5, 3, 3, 5, 5]"
a lamb,4.9,0.3051,30,"[5, 5, 5, 4, 5, 5, 5, 5, 5, 4, 5, 5, 5, 5, 5, 5, 5, 5, 5, 5, 4, 5, 5, 5, 5, 5, 5, 5, 5, 5]"
a landlady,4.6897,0.7608,29,"[5, 4, 3, 5, 5, 4, 5, 5, 5, 5, 5, 5, 5, 3, 5, 5, 5, 5, 5, 5, 5, 5, 5, 5, 5, 2, 5, 5, 5]"
a lark,3.9,1.125,30,"[4, 2, 3, 3, 5, 5, 4, 4, 3, 4, 2, 4, 5, 5, 4, 5, 5, 4, 1, 5, 5, 4, 4, 2, 5, 3, 4, 5, 5, 3]"
a larynx,4.2667,1.1121,30,"[5, 3, 5, 4, 5, 4, 5, 4, 5, 3, 5, 5, 5, 5, 5, 3, 2, 5, 4, 4, 5, 5, 5, 1, 2, 5, 5, 5, 4, 5]"
a lawn chair,4.8,0.5509,30,"[5, 5, 5, 5, 5, 5, 5, 5, 5, 5, 3, 4, 5, 3, 5, 5, 5, 5, 5, 5, 5, 5, 5, 5, 5, 5, 5, 5, 5, 4]"
a lawnmower,4.9333,0.2537,30,"[5, 4, 5, 5, 5, 5, 5, 5, 5, 4, 5, 5, 5, 5, 5, 5, 5, 5, 5, 5, 5, 5, 5, 5, 5, 5, 5, 5, 5, 5]"
a lawyer,4.7815,0.5536,238,"[5, 5, 5, 5, 5, 5, 5, 5, 5, 5, 5, 5, 5, 5, 4, 5, 5, 5, 5, 3, 5, 5, 5, 5, 5, 5, 5, 5, 5, 5, 5, 4, 5, 4, 5, 5, 5, 5, 5, 5, 5, 5, 5, 5, 5, 5, 5, 5, 5, 5, 5, 5, 5, 5, 5, 5, 5, 5, 5, 5, 4, 5, 3, 5, 5, 5, 5, 5, 5, 5, 5, 5, 5, 5, 5, 5, 4, 5, 5, 5, 5, 5, 5, 5, 4, 5, 5, 5, 5, 5, 5, 5, 5, 5, 5, 5, 5, 5, 5, 5, 5, 5, 5, 5, 5, 5, 3, 5, 5, 5, 5, 5, 5, 5, 5, 5, 5, 5, 5, 5, 5, 5, 3, 5, 5, 5, 5, 4, 5, 5, 5, 5, 5, 4, 5, 5, 2, 5, 4, 4, 5, 5, 5, 3, 2, 5, 5, 4, 5, 5, 5, 4, 5, 5, 5, 5, 5, 5, 5, 5, 3, 4, 4, 5, 4, 5, 5, 5, 5, 5, 5, 5, 5, 5, 5, 5, 5, 5, 5, 4, 5, 5, 3, 5, 5, 5, 5, 5, 5, 5, 5, 5, 5, 5, 5, 5, 5, 5, 4, 5, 4, 4, 5, 3, 4, 5, 5, 4, 5, 5, 5, 5, 4, 5, 5, 5, 5, 5, 5, 5, 5, 5, 4, 5, 5, 4, 5, 5, 3, 5, 5, 4, 3, 5, 5, 4, 5, 5]"
a laxative,4.7667,0.504,30,"[5, 5, 3, 5, 5, 5, 4, 5, 5, 5, 5, 4, 5, 5, 5, 5, 4, 5, 4, 4, 5, 5, 5, 5, 5, 5, 5, 5, 5, 5]"
a layman,3.8,1.1861,30,"[2, 5, 4, 5, 3, 5, 3, 5, 4, 5, 5, 5, 4, 2, 4, 3, 5, 4, 5, 4, 5, 5, 2, 2, 4, 1, 4, 3, 3, 3]"
a lemur,4.2333,1.1943,30,"[2, 3, 5, 4, 5, 5, 5, 5, 4, 5, 2, 5, 5, 5, 5, 3, 3, 4, 5, 4, 5, 5, 1, 5, 5, 2, 5, 5, 5, 5]"
a leopard,4.7586,0.4355,29,"[5, 4, 4, 5, 5, 4, 5, 5, 5, 5, 5, 5, 5, 5, 4, 4, 5, 5, 5, 5, 5, 4, 5, 4, 5, 5, 5, 5, 5]"
a librettist,1.7667,1.2229,30,"[4, 1, 1, 1, 2, 1, 1, 1, 1, 4, 1, 1, 5, 1, 1, 1, 1, 5, 2, 2, 2, 2, 2, 3, 1, 1, 2, 1, 1, 1]"
a limousine,4.8667,0.4342,30,"[5, 5, 5, 5, 5, 5, 5, 5, 5, 5, 5, 5, 5, 5, 4, 5, 5, 3, 5, 5, 5, 5, 5, 5, 4, 5, 5, 5, 5, 5]"
a linebacker,4.7,0.596,30,"[4, 3, 5, 5, 5, 5, 5, 5, 5, 5, 4, 4, 5, 5, 5, 5, 3, 5, 5, 5, 5, 5, 5, 5, 5, 4, 5, 5, 4, 5]"
a lineman,4.3333,0.8023,30,"[3, 4, 5, 4, 5, 5, 5, 5, 3, 4, 3, 5, 4, 5, 5, 3, 4, 5, 4, 5, 4, 5, 5, 3, 5, 5, 5, 5, 4, 3]"
a liqueur,4.4667,0.8604,30,"[5, 5, 5, 2, 5, 4, 5, 5, 5, 3, 5, 5, 5, 5, 4, 5, 5, 5, 3, 4, 4, 5, 5, 3, 3, 5, 5, 5, 4, 5]"
a litigator,3.9333,1.0483,30,"[3, 4, 5, 2, 5, 5, 5, 4, 5, 3, 5, 5, 3, 4, 3, 3, 2, 3, 4, 5, 3, 5, 4, 3, 5, 2, 5, 4, 4, 5]"
a living room,4.8667,0.4342,30,"[5, 5, 3, 5, 5, 5, 5, 5, 5, 5, 5, 5, 5, 4, 5, 5, 5, 5, 5, 5, 5, 5, 5, 5, 5, 4, 5, 5, 5, 5]"
a lizard,4.7931,0.4123,29,"[4, 5, 4, 5, 5, 5, 4, 5, 5, 5, 5, 5, 5, 5, 5, 5, 4, 5, 5, 5, 5, 5, 5, 5, 4, 4, 5, 5, 5]"
a loading dock,4.8,0.4842,30,"[5, 5, 4, 5, 5, 5, 5, 5, 5, 5, 5, 5, 5, 5, 5, 5, 3, 5, 4, 4, 5, 5, 5, 5, 5, 4, 5, 5, 5, 5]"
a loudmouth,4.7586,0.4355,29,"[5, 4, 5, 5, 5, 5, 5, 4, 5, 5, 5, 4, 5, 4, 5, 4, 5, 5, 5, 5, 5, 5, 5, 5, 5, 4, 5, 5, 4]"
a louse,3.3667,1.2726,30,"[2, 3, 4, 4, 4, 5, 2, 5, 4, 3, 5, 3, 4, 3, 4, 3, 4, 4, 1, 5, 2, 5, 2, 2, 3, 1, 4, 1, 5, 4]"
a loyalist,3.4333,1.1351,30,"[2, 5, 4, 3, 2, 5, 3, 5, 3, 4, 5, 2, 3, 3, 3, 4, 5, 4, 5, 3, 3, 5, 2, 2, 3, 1, 4, 3, 4, 3]"
a lug wrench,3.9667,1.2994,30,"[4, 2, 2, 2, 5, 1, 3, 5, 5, 5, 5, 5, 5, 5, 5, 5, 4, 5, 5, 2, 4, 5, 5, 4, 4, 4, 2, 5, 2, 4]"
a lynx,3.8667,1.008,30,"[3, 5, 4, 4, 3, 5, 2, 5, 4, 4, 5, 5, 3, 4, 4, 3, 5, 4, 5, 4, 3, 5, 2, 2, 3, 5, 3, 3, 4, 5]"
a magnolia,4.1,1.125,30,"[5, 4, 4, 5, 5, 3, 4, 4, 5, 2, 5, 5, 5, 3, 5, 2, 2, 5, 3, 4, 5, 5, 5, 3, 2, 5, 5, 3, 5, 5]"
a magpie,3.5333,1.3322,30,"[2, 3, 2, 2, 4, 5, 5, 4, 3, 2, 4, 5, 1, 2, 4, 5, 1, 3, 5, 5, 3, 4, 3, 5, 5, 2, 5, 4, 5, 3]"
a mahi-mahi,3.9667,1.2452,30,"[4, 5, 5, 1, 3, 4, 5, 5, 4, 4, 5, 4, 5, 2, 3, 5, 4, 2, 1, 5, 5, 4, 5, 5, 3, 5, 3, 5, 3, 5]"
a malt liquor,4.6,0.6215,30,"[5, 5, 5, 5, 5, 4, 5, 5, 5, 3, 5, 5, 5, 5, 4, 5, 5, 4, 5, 4, 4, 5, 5, 4, 3, 5, 4, 4, 5, 5]"
a manager,4.8667,0.4342,30,"[5, 5, 5, 5, 5, 5, 5, 5, 5, 5, 5, 5, 5, 5, 5, 5, 5, 4, 5, 4, 5, 5, 5, 3, 5, 5, 5, 5, 5, 5]"
a mandarin orange,4.8333,0.379,30,"[5, 5, 4, 5, 5, 5, 5, 5, 5, 5, 5, 5, 5, 5, 5, 5, 4, 5, 5, 4, 5, 5, 4, 5, 5, 5, 5, 5, 4, 5]"
a mango,4.7931,0.5593,29,"[4, 5, 3, 5, 5, 5, 5, 5, 5, 5, 5, 5, 5, 3, 5, 5, 5, 5, 5, 5, 5, 4, 5, 5, 5, 5, 5, 5, 5]"
a maple tree,4.8667,0.4342,30,"[5, 5, 4, 5, 5, 5, 5, 5, 5, 5, 5, 5, 5, 5, 5, 5, 3, 5, 5, 5, 5, 5, 4, 5, 5, 5, 5, 5, 5, 5]"
a marathon,4.8,0.4068,30,"[5, 4, 5, 5, 5, 5, 5, 5, 5, 5, 5, 5, 5, 5, 4, 5, 5, 5, 5, 4, 5, 5, 5, 4, 4, 5, 4, 5, 5, 5]"
a marine,4.5667,0.7739,30,"[3, 5, 3, 5, 5, 4, 5, 5, 5, 5, 5, 5, 5, 4, 5, 5, 5, 5, 5, 4, 5, 5, 4, 4, 5, 2, 4, 5, 5, 5]"
a master,4.8,0.4842,30,"[5, 5, 5, 5, 4, 5, 5, 5, 5, 5, 5, 5, 5, 5, 4, 5, 5, 4, 5, 4, 5, 5, 5, 3, 5, 5, 5, 5, 5, 5]"
a matron,4.0741,1.035,27,"[4, 5, 5, 4, 3, 4, 3, 5, 1, 3, 5, 4, 3, 4, 5, 5, 5, 5, 5, 3, 4, 5, 4, 3, 5, 5, 3]"
a mealworm,3.6667,1.2954,30,"[2, 4, 5, 2, 4, 4, 5, 2, 5, 3, 3, 2, 5, 5, 2, 3, 5, 2, 2, 3, 4, 4, 5, 5, 4, 5, 5, 4, 1, 5]"
a measuring cup,4.5714,0.9974,28,"[4, 5, 5, 5, 5, 5, 5, 5, 5, 5, 5, 5, 5, 5, 5, 2, 5, 5, 5, 5, 5, 2, 2, 5, 5, 3, 5, 5]"
a meatpacker,4.2333,0.8172,30,"[3, 4, 5, 4, 4, 4, 5, 3, 5, 3, 5, 4, 5, 5, 3, 5, 5, 3, 4, 4, 3, 5, 5, 4, 3, 5, 4, 5, 5, 5]"
a mediator,4.6667,0.6609,30,"[5, 4, 5, 3, 5, 5, 5, 5, 5, 4, 5, 4, 5, 5, 5, 5, 4, 3, 5, 5, 3, 5, 5, 5, 5, 5, 5, 5, 5, 5]"
a merchant,4.8667,0.4342,30,"[5, 5, 5, 5, 5, 5, 5, 4, 5, 5, 5, 5, 5, 5, 5, 5, 5, 5, 5, 4, 5, 5, 5, 3, 5, 5, 5, 5, 5, 5]"
a mesa,3.6667,1.1842,30,"[5, 3, 3, 5, 4, 5, 5, 4, 3, 5, 4, 4, 5, 5, 3, 3, 5, 1, 1, 3, 5, 2, 4, 2, 3, 4, 3, 4, 4, 3]"
a miller,3.7667,1.4065,30,"[2, 3, 3, 3, 5, 1, 5, 5, 3, 5, 5, 4, 5, 1, 3, 5, 3, 5, 4, 5, 4, 5, 2, 5, 5, 1, 4, 2, 5, 5]"
a millipede,4.1379,1.1252,29,"[4, 4, 5, 5, 4, 5, 5, 4, 4, 5, 2, 4, 5, 4, 4, 5, 5, 1, 1, 5, 3, 4, 5, 5, 5, 4, 4, 5, 4]"
a minotaur,3.5,1.4081,30,"[2, 5, 5, 5, 2, 5, 2, 5, 3, 2, 5, 3, 2, 5, 3, 3, 5, 4, 4, 5, 3, 5, 1, 2, 2, 5, 5, 1, 3, 3]"
a minuteman,4.0333,0.9643,30,"[4, 3, 2, 4, 5, 1, 5, 3, 5, 4, 4, 5, 5, 5, 5, 4, 3, 5, 4, 4, 4, 4, 4, 5, 4, 4, 3, 5, 4, 4]"
a misogynist,3.5,1.737,30,"[5, 5, 5, 3, 5, 2, 1, 1, 5, 2, 5, 5, 5, 3, 5, 3, 1, 1, 5, 1, 3, 5, 5, 5, 5, 1, 5, 1, 5, 2]"
a missionary,4.8333,0.379,30,"[5, 5, 4, 5, 5, 5, 5, 5, 5, 5, 5, 4, 5, 5, 5, 5, 5, 5, 5, 5, 5, 5, 4, 5, 5, 4, 5, 5, 4, 5]"
a moped,4.6,0.7701,30,"[5, 5, 5, 3, 5, 5, 5, 5, 4, 5, 4, 5, 5, 5, 4, 5, 4, 5, 5, 3, 5, 5, 5, 5, 5, 2, 5, 5, 4, 5]"
a motel,4.7931,0.4913,29,"[5, 5, 3, 5, 5, 4, 5, 5, 5, 5, 5, 5, 5, 4, 5, 5, 5, 5, 5, 5, 5, 5, 5, 5, 4, 5, 5, 5, 4]"
a motorboat,4.7,0.535,30,"[5, 5, 5, 5, 5, 5, 5, 4, 4, 5, 4, 4, 5, 5, 4, 5, 3, 5, 5, 5, 5, 5, 5, 5, 5, 5, 4, 5, 5, 4]"
a musician,4.9667,0.1826,30,"[5, 5, 5, 5, 5, 5, 5, 5, 5, 5, 5, 5, 5, 5, 5, 5, 4, 5, 5, 5, 5, 5, 5, 5, 5, 5, 5, 5, 5, 5]"
a narcissus,3.5667,1.5687,30,"[5, 2, 1, 1, 5, 5, 4, 5, 2, 5, 5, 5, 4, 3, 2, 5, 4, 1, 2, 5, 3, 4, 5, 5, 5, 1, 1, 4, 3, 5]"
a narwhal,3.0,1.5757,30,"[5, 5, 4, 3, 3, 2, 1, 1, 2, 2, 3, 3, 5, 1, 4, 3, 2, 1, 5, 1, 3, 1, 4, 5, 5, 1, 5, 4, 5, 1]"
a navigator,4.4333,0.7739,30,"[3, 4, 3, 5, 5, 4, 5, 4, 5, 5, 5, 5, 5, 5, 5, 5, 5, 4, 5, 5, 3, 5, 4, 5, 4, 4, 3, 5, 5, 3]"
a necklace,4.8667,0.4342,30,"[5, 5, 5, 5, 5, 5, 5, 5, 5, 5, 5, 5, 5, 5, 5, 5, 5, 4, 5, 5, 5, 5, 5, 5, 3, 5, 5, 4, 5, 5]"
a nephew,4.5667,0.8976,30,"[5, 5, 5, 5, 2, 5, 5, 5, 5, 5, 5, 5, 5, 5, 5, 5, 5, 4, 5, 5, 3, 5, 4, 3, 2, 5, 5, 4, 5, 5]"
a newspaperman,4.7333,0.6397,30,"[5, 5, 5, 4, 5, 5, 5, 5, 5, 4, 5, 5, 5, 5, 5, 4, 5, 5, 4, 5, 4, 5, 5, 2, 5, 5, 5, 5, 5, 5]"
a newt,3.9333,1.4126,30,"[3, 5, 3, 5, 4, 5, 3, 5, 5, 5, 1, 5, 5, 1, 5, 3, 4, 5, 5, 5, 5, 3, 5, 3, 4, 1, 1, 5, 4, 5]"
a noble,4.0667,1.1427,30,"[4, 2, 5, 5, 1, 5, 5, 3, 3, 5, 2, 4, 5, 4, 5, 5, 4, 5, 5, 3, 5, 3, 4, 5, 5, 4, 3, 5, 5, 3]"
a nurse,4.7241,0.5276,29,"[5, 5, 3, 5, 5, 4, 5, 5, 5, 5, 5, 5, 5, 4, 5, 5, 5, 5, 5, 5, 5, 4, 4, 5, 4, 5, 5, 5, 4]"
a paddlefish,2.7,1.317,30,"[3, 4, 1, 2, 5, 3, 5, 4, 4, 2, 3, 5, 1, 2, 1, 1, 2, 2, 3, 3, 2, 2, 1, 4, 2, 1, 5, 3, 2, 3]"
a padlock,4.7667,0.5683,30,"[5, 5, 4, 5, 5, 5, 5, 5, 5, 5, 5, 5, 5, 3, 5, 5, 5, 5, 5, 5, 4, 5, 3, 5, 5, 4, 5, 5, 5, 5]"
a painter,4.9,0.3051,30,"[5, 5, 5, 5, 5, 5, 5, 5, 5, 5, 5, 5, 5, 5, 5, 5, 5, 4, 5, 4, 5, 5, 5, 4, 5, 5, 5, 5, 5, 5]"
a painting,4.5667,0.8584,30,"[5, 5, 5, 5, 5, 5, 5, 4, 5, 4, 5, 5, 5, 5, 5, 5, 3, 5, 4, 4, 5, 5, 5, 4, 2, 5, 5, 2, 5, 5]"
a pale ale,3.8667,1.1059,30,"[2, 5, 4, 4, 5, 5, 4, 5, 3, 1, 5, 4, 4, 4, 2, 4, 4, 4, 3, 4, 3, 5, 5, 2, 3, 5, 3, 4, 5, 5]"
a panda,4.7,0.535,30,"[5, 5, 5, 5, 4, 5, 5, 5, 5, 5, 5, 5, 5, 4, 5, 4, 5, 4, 5, 5, 3, 5, 5, 4, 4, 5, 5, 4, 5, 5]"
a papaya,4.2333,1.0726,30,"[3, 3, 4, 5, 5, 4, 5, 3, 5, 5, 3, 5, 5, 4, 5, 3, 2, 5, 5, 1, 5, 5, 4, 4, 5, 5, 5, 5, 5, 4]"
a partner,4.8276,0.4682,29,"[5, 5, 3, 5, 5, 4, 5, 5, 5, 5, 5, 5, 5, 4, 5, 5, 5, 5, 5, 5, 5, 5, 5, 5, 5, 5, 5, 5, 4]"
a passion fruit,4.4333,0.9714,30,"[2, 5, 5, 5, 4, 5, 5, 5, 3, 5, 3, 5, 3, 4, 5, 4, 5, 5, 5, 5, 2, 5, 5, 5, 5, 5, 5, 5, 5, 3]"
a pastor,4.4667,0.9371,30,"[5, 5, 5, 5, 5, 5, 5, 4, 5, 5, 5, 5, 5, 4, 5, 5, 2, 5, 4, 3, 5, 5, 5, 3, 2, 3, 5, 4, 5, 5]"
a patriot,4.4333,0.8172,30,"[4, 5, 5, 5, 3, 5, 5, 5, 5, 5, 5, 5, 4, 3, 5, 5, 5, 4, 5, 4, 5, 5, 3, 3, 3, 5, 5, 4, 3, 5]"
a paymaster,2.6667,1.4933,30,"[3, 4, 1, 2, 5, 3, 3, 4, 5, 4, 5, 5, 1, 3, 2, 2, 2, 2, 2, 2, 1, 1, 5, 2, 2, 1, 5, 1, 1, 1]"
a pelican,4.5667,0.6261,30,"[4, 4, 3, 4, 5, 5, 4, 5, 5, 5, 5, 5, 5, 5, 5, 5, 4, 5, 5, 4, 5, 5, 4, 5, 4, 3, 4, 5, 5, 5]"
a peony,3.0667,1.6595,30,"[1, 1, 4, 5, 5, 1, 2, 4, 4, 2, 5, 5, 5, 3, 1, 3, 2, 5, 1, 1, 3, 5, 5, 2, 1, 1, 5, 2, 5, 3]"
a percussionist,4.2333,1.1651,30,"[3, 4, 4, 5, 5, 5, 5, 4, 5, 3, 5, 5, 5, 4, 5, 5, 2, 5, 4, 5, 5, 5, 5, 1, 2, 5, 5, 4, 5, 2]"
a performer,4.8,0.4842,30,"[4, 5, 3, 5, 5, 4, 5, 5, 5, 5, 5, 5, 5, 5, 5, 5, 5, 5, 5, 4, 5, 5, 5, 5, 5, 5, 5, 5, 5, 4]"
a persimmon,3.0333,1.4259,30,"[4, 3, 2, 5, 2, 2, 3, 5, 4, 2, 1, 5, 2, 2, 3, 3, 1, 4, 1, 5, 2, 5, 1, 4, 4, 5, 2, 1, 4, 4]"
a physician,5.0,0.0,30,"[5, 5, 5, 5, 5, 5, 5, 5, 5, 5, 5, 5, 5, 5, 5, 5, 5, 5, 5, 5, 5, 5, 5, 5, 5, 5, 5, 5, 5, 5]"
a piccolo,3.7,1.3684,30,"[4, 4, 2, 3, 5, 1, 4, 5, 5, 5, 3, 5, 5, 1, 5, 4, 4, 3, 5, 5, 3, 3, 3, 5, 2, 2, 4, 1, 5, 5]"
a pilgrim,4.3667,0.9279,30,"[5, 5, 4, 4, 5, 4, 5, 4, 5, 5, 5, 5, 5, 4, 5, 5, 2, 5, 4, 3, 5, 5, 5, 3, 2, 4, 5, 3, 5, 5]"
a pine nut,4.4667,0.8996,30,"[5, 4, 4, 4, 5, 5, 5, 4, 5, 3, 5, 5, 5, 4, 5, 2, 3, 5, 5, 5, 5, 5, 5, 4, 2, 5, 5, 5, 5, 5]"
a pineapple,4.8667,0.4342,30,"[5, 5, 3, 5, 5, 5, 5, 5, 5, 5, 5, 5, 5, 5, 5, 5, 5, 5, 5, 5, 4, 5, 4, 5, 5, 5, 5, 5, 5, 5]"
a pistol,4.9667,0.1826,30,"[5, 5, 5, 4, 5, 5, 5, 5, 5, 5, 5, 5, 5, 5, 5, 5, 5, 5, 5, 5, 5, 5, 5, 5, 5, 5, 5, 5, 5, 5]"
a plateau,4.7333,0.5833,30,"[3, 5, 5, 4, 5, 5, 5, 5, 5, 3, 5, 5, 5, 5, 5, 5, 5, 5, 4, 5, 4, 5, 5, 5, 5, 5, 4, 5, 5, 5]"
a platter,4.9,0.3051,30,"[5, 5, 5, 5, 5, 5, 5, 5, 5, 5, 5, 5, 5, 5, 5, 5, 5, 4, 5, 4, 5, 5, 5, 4, 5, 5, 5, 5, 5, 5]"
a politician,5.0,0.0,29,"[5, 5, 5, 5, 5, 5, 5, 5, 5, 5, 5, 5, 5, 5, 5, 5, 5, 5, 5, 5, 5, 5, 5, 5, 5, 5, 5, 5, 5]"
a pollock,3.3448,1.5184,29,"[5, 3, 5, 2, 1, 1, 5, 1, 5, 2, 4, 3, 2, 2, 3, 5, 5, 5, 1, 5, 2, 4, 5, 5, 2, 4, 2, 4, 4]"
a pollster,3.6,1.2205,30,"[3, 5, 4, 4, 3, 4, 4, 5, 5, 3, 5, 5, 2, 4, 4, 3, 5, 4, 5, 4, 3, 2, 2, 2, 3, 5, 4, 1, 4, 1]"
a poppy,4.5,0.6823,30,"[5, 3, 5, 5, 4, 5, 5, 4, 4, 5, 3, 4, 5, 4, 5, 5, 5, 5, 5, 3, 5, 4, 4, 5, 5, 5, 4, 5, 5, 4]"
a portico,2.2333,1.3047,30,"[1, 1, 3, 2, 1, 1, 3, 4, 5, 2, 5, 2, 3, 1, 1, 1, 1, 2, 3, 3, 3, 1, 5, 2, 1, 1, 3, 3, 2, 1]"
a postman,4.6333,0.6149,30,"[5, 5, 5, 5, 4, 5, 5, 5, 5, 5, 5, 5, 4, 4, 5, 5, 5, 4, 5, 5, 4, 5, 4, 3, 4, 5, 5, 3, 5, 5]"
a potato,5.0,0.0,30,"[5, 5, 5, 5, 5, 5, 5, 5, 5, 5, 5, 5, 5, 5, 5, 5, 5, 5, 5, 5, 5, 5, 5, 5, 5, 5, 5, 5, 5, 5]"
a potato masher,4.9,0.4026,30,"[5, 5, 5, 4, 5, 5, 5, 5, 5, 3, 5, 5, 5, 5, 5, 5, 5, 5, 5, 5, 5, 5, 5, 5, 5, 5, 5, 5, 5, 5]"
a prima donna,4.4,0.9685,30,"[5, 3, 4, 3, 5, 4, 5, 5, 4, 5, 5, 4, 5, 1, 5, 5, 3, 5, 5, 5, 5, 5, 4, 5, 5, 3, 4, 5, 5, 5]"
a principal,4.6,0.6215,30,"[5, 5, 5, 5, 4, 5, 5, 5, 5, 5, 5, 5, 4, 5, 5, 4, 5, 4, 5, 5, 4, 5, 3, 3, 5, 5, 4, 4, 4, 5]"
a procrastinator,4.6897,0.7608,29,"[5, 5, 3, 5, 5, 4, 5, 5, 5, 5, 5, 5, 5, 4, 5, 5, 5, 5, 5, 5, 5, 5, 5, 5, 3, 5, 5, 5, 2]"
a proctor,3.8667,1.2794,30,"[5, 4, 4, 1, 5, 1, 5, 4, 4, 5, 2, 4, 5, 5, 4, 5, 3, 2, 2, 3, 5, 5, 3, 5, 3, 5, 4, 5, 3, 5]"
a proprietor,4.1667,1.0199,30,"[3, 4, 3, 5, 3, 3, 5, 5, 5, 5, 5, 5, 5, 4, 5, 3, 3, 5, 5, 5, 3, 5, 4, 5, 2, 4, 2, 5, 5, 4]"
a prospector,4.2333,1.0063,30,"[5, 2, 5, 5, 5, 5, 5, 4, 4, 5, 2, 4, 5, 4, 3, 4, 5, 2, 5, 3, 5, 3, 4, 5, 5, 4, 5, 5, 5, 4]"
a psychotic disorder,4.3448,0.7209,29,"[4, 4, 3, 4, 4, 5, 4, 5, 5, 5, 5, 5, 5, 5, 3, 4, 3, 4, 4, 4, 5, 3, 5, 4, 5, 5, 5, 4, 5]"
a publisher,4.4,0.9685,30,"[5, 4, 4, 5, 5, 5, 5, 4, 5, 4, 5, 5, 5, 4, 5, 5, 2, 5, 4, 4, 5, 5, 5, 2, 2, 5, 5, 3, 5, 5]"
a quack,4.4,0.9322,30,"[4, 4, 3, 5, 5, 4, 5, 4, 5, 5, 5, 5, 5, 5, 5, 4, 5, 5, 5, 4, 3, 5, 5, 4, 5, 1, 5, 5, 3, 4]"
a quail,4.2759,0.9598,29,"[4, 5, 5, 5, 3, 5, 5, 5, 5, 5, 5, 5, 4, 4, 5, 5, 4, 2, 4, 5, 5, 3, 4, 2, 5, 4, 3, 3, 5]"
a raincoat,4.6667,0.7581,30,"[5, 5, 5, 5, 5, 5, 5, 4, 5, 5, 5, 5, 5, 5, 5, 5, 3, 5, 4, 5, 5, 5, 5, 4, 2, 5, 5, 3, 5, 5]"
a raisin,4.9667,0.1826,30,"[5, 5, 5, 4, 5, 5, 5, 5, 5, 5, 5, 5, 5, 5, 5, 5, 5, 5, 5, 5, 5, 5, 5, 5, 5, 5, 5, 5, 5, 5]"
a ram,4.6667,0.6065,30,"[4, 5, 3, 5, 5, 5, 3, 5, 5, 5, 4, 5, 5, 5, 5, 5, 4, 5, 5, 5, 5, 5, 5, 5, 4, 4, 4, 5, 5, 5]"
a ramekin,2.6,1.734,30,"[5, 1, 2, 1, 5, 3, 5, 1, 1, 5, 1, 1, 5, 3, 1, 1, 1, 4, 5, 3, 2, 5, 1, 1, 1, 1, 3, 4, 1, 5]"
a razor,4.8276,0.3844,29,"[5, 5, 4, 5, 5, 4, 5, 5, 5, 5, 5, 5, 5, 4, 5, 5, 5, 5, 5, 4, 5, 5, 5, 5, 5, 5, 5, 5, 4]"
a redhead,4.7333,0.5208,30,"[5, 5, 5, 5, 4, 5, 5, 5, 5, 5, 5, 5, 5, 5, 5, 5, 5, 4, 5, 4, 4, 5, 4, 3, 4, 5, 5, 5, 5, 5]"
a reflux suppressant,3.6,1.1326,30,"[3, 4, 4, 2, 3, 4, 3, 3, 5, 3, 3, 2, 5, 5, 4, 5, 5, 2, 1, 4, 4, 3, 4, 3, 3, 5, 5, 4, 2, 5]"
a reindeer,4.5862,0.8245,29,"[5, 5, 5, 5, 5, 5, 5, 5, 5, 5, 5, 4, 5, 5, 4, 5, 4, 5, 5, 3, 5, 5, 3, 2, 5, 5, 3, 5, 5]"
a representative,4.9667,0.1826,30,"[5, 5, 5, 5, 5, 5, 5, 5, 5, 5, 5, 5, 5, 5, 5, 5, 4, 5, 5, 5, 5, 5, 5, 5, 5, 5, 5, 5, 5, 5]"
a reverend,4.1667,1.0532,30,"[3, 4, 3, 5, 5, 4, 5, 5, 5, 5, 5, 5, 5, 4, 5, 4, 5, 3, 5, 4, 3, 5, 4, 4, 3, 1, 4, 5, 5, 2]"
a rhinoceros,4.8667,0.4342,30,"[5, 5, 5, 4, 5, 5, 5, 4, 5, 5, 5, 5, 5, 5, 5, 5, 5, 5, 5, 5, 5, 5, 5, 5, 3, 5, 5, 5, 5, 5]"
a roasting pan,4.6333,0.7184,30,"[5, 5, 5, 5, 5, 5, 5, 5, 5, 5, 5, 5, 4, 5, 4, 5, 5, 4, 5, 4, 3, 5, 5, 4, 2, 5, 5, 4, 5, 5]"
a robe,4.9667,0.1826,30,"[5, 5, 5, 5, 5, 5, 5, 5, 5, 5, 5, 5, 5, 5, 5, 5, 5, 5, 5, 5, 5, 5, 5, 5, 5, 4, 5, 5, 5, 5]"
a rocking chair,4.7586,0.511,29,"[5, 5, 3, 5, 5, 4, 5, 5, 5, 5, 5, 5, 5, 5, 5, 5, 5, 5, 5, 4, 5, 4, 5, 5, 4, 4, 5, 5, 5]"
a rubble,3.5667,1.5906,30,"[5, 4, 5, 2, 5, 5, 5, 4, 5, 3, 5, 5, 1, 3, 5, 3, 2, 5, 3, 1, 1, 5, 5, 2, 2, 1, 5, 4, 5, 1]"
a rustler,3.7333,1.3629,30,"[1, 4, 5, 1, 3, 5, 2, 5, 4, 3, 3, 5, 1, 4, 5, 2, 5, 5, 3, 3, 3, 4, 5, 3, 5, 5, 5, 5, 3, 5]"
a saboteur,3.9667,1.2452,30,"[5, 4, 5, 1, 1, 5, 4, 5, 5, 4, 5, 5, 5, 5, 3, 5, 5, 4, 4, 3, 4, 5, 4, 3, 3, 5, 3, 4, 1, 4]"
a salad fork,4.8,0.7611,30,"[5, 5, 5, 5, 5, 5, 5, 5, 5, 5, 5, 5, 5, 1, 5, 5, 4, 5, 5, 5, 5, 5, 4, 5, 5, 5, 5, 5, 5, 5]"
a saleslady,4.6667,0.6065,30,"[5, 4, 3, 5, 5, 4, 5, 5, 5, 5, 5, 5, 5, 4, 5, 5, 3, 5, 5, 5, 4, 5, 5, 5, 5, 4, 5, 5, 5, 4]"
a salesperson,4.9333,0.2537,30,"[5, 5, 5, 4, 5, 5, 5, 5, 5, 4, 5, 5, 5, 5, 5, 5, 5, 5, 5, 5, 5, 5, 5, 5, 5, 5, 5, 5, 5, 5]"
a salt shaker,4.9333,0.2537,30,"[5, 5, 5, 5, 5, 5, 5, 5, 5, 5, 5, 5, 4, 5, 5, 5, 5, 4, 5, 5, 5, 5, 5, 5, 5, 5, 5, 5, 5, 5]"
a sandpiper,3.2667,1.3629,30,"[4, 2, 3, 4, 5, 3, 3, 3, 1, 5, 2, 4, 5, 3, 2, 4, 5, 1, 1, 5, 4, 2, 4, 5, 5, 3, 4, 2, 1, 3]"
a sandwich,4.8621,0.4411,29,"[5, 5, 3, 5, 5, 4, 5, 5, 5, 5, 5, 5, 5, 4, 5, 5, 5, 5, 5, 5, 5, 5, 5, 5, 5, 5, 5, 5, 5]"
a savanna,3.9655,1.0516,29,"[4, 3, 4, 5, 5, 4, 5, 3, 3, 5, 1, 5, 5, 4, 3, 4, 5, 3, 5, 4, 5, 4, 3, 4, 2, 5, 4, 5, 3]"
a scapegoat,4.4,0.8944,30,"[5, 4, 4, 5, 5, 4, 5, 4, 5, 4, 5, 5, 5, 4, 5, 5, 2, 5, 4, 4, 5, 5, 5, 3, 2, 5, 5, 3, 5, 5]"
a scavenger,4.7931,0.4913,29,"[5, 5, 5, 5, 4, 5, 5, 5, 5, 5, 5, 5, 5, 3, 5, 5, 5, 5, 4, 5, 5, 5, 4, 5, 5, 4, 5, 5, 5]"
a scribe,4.3667,0.8503,30,"[3, 3, 4, 3, 4, 3, 5, 5, 5, 5, 5, 5, 5, 5, 5, 5, 3, 4, 4, 5, 5, 4, 3, 5, 5, 3, 5, 5, 5, 5]"
a scroll,4.7586,0.511,29,"[5, 3, 5, 5, 5, 4, 5, 5, 5, 5, 5, 5, 5, 5, 5, 4, 5, 5, 5, 5, 5, 4, 5, 4, 5, 4, 5, 5, 5]"
a sea cucumber,3.9,1.3481,30,"[2, 1, 1, 3, 3, 4, 5, 4, 4, 5, 5, 5, 5, 1, 2, 4, 3, 5, 5, 5, 4, 5, 3, 5, 5, 4, 5, 5, 4, 5]"
a sea snail,4.3,0.9523,30,"[2, 3, 4, 5, 3, 5, 5, 5, 4, 5, 5, 5, 5, 4, 3, 4, 2, 5, 5, 5, 5, 5, 3, 5, 5, 4, 4, 5, 4, 5]"
a seahawk,3.8966,1.1131,29,"[2, 4, 3, 3, 5, 3, 5, 5, 5, 5, 4, 5, 5, 2, 5, 4, 2, 5, 5, 3, 5, 4, 2, 4, 3, 3, 5, 4, 3]"
a seamstress,4.4,0.855,30,"[5, 5, 5, 5, 2, 5, 3, 5, 5, 5, 5, 5, 4, 5, 4, 4, 5, 4, 5, 4, 3, 5, 5, 4, 3, 5, 4, 3, 5, 5]"
a senator,4.7333,0.5833,30,"[4, 5, 3, 4, 5, 5, 5, 5, 5, 5, 5, 5, 5, 5, 5, 5, 4, 5, 5, 5, 5, 5, 5, 5, 4, 3, 5, 5, 5, 5]"
a senior,4.7586,0.5766,29,"[3, 5, 3, 5, 5, 4, 5, 5, 5, 5, 5, 5, 5, 4, 5, 5, 5, 5, 5, 5, 5, 5, 5, 5, 4, 5, 5, 5, 5]"
a sentry,3.8667,1.2243,30,"[1, 3, 5, 5, 3, 5, 4, 5, 5, 3, 5, 5, 4, 4, 5, 4, 5, 4, 5, 4, 4, 5, 2, 2, 3, 1, 5, 3, 4, 3]"
a sergeant,4.9667,0.1826,30,"[5, 5, 5, 4, 5, 5, 5, 5, 5, 5, 5, 5, 5, 5, 5, 5, 5, 5, 5, 5, 5, 5, 5, 5, 5, 5, 5, 5, 5, 5]"
a serviceman,4.5667,0.7739,30,"[5, 4, 5, 5, 5, 5, 5, 2, 5, 5, 5, 5, 5, 5, 3, 5, 5, 4, 5, 3, 5, 4, 5, 4, 4, 5, 4, 5, 5, 5]"
a sewing machine,4.8,0.5509,30,"[5, 5, 5, 5, 5, 5, 5, 5, 5, 5, 5, 5, 5, 5, 3, 5, 5, 3, 5, 4, 5, 5, 5, 5, 5, 5, 4, 5, 5, 5]"
a shake,4.6667,0.6609,30,"[5, 4, 5, 5, 5, 4, 5, 5, 4, 5, 3, 4, 5, 5, 5, 5, 5, 5, 5, 5, 5, 5, 5, 5, 5, 5, 3, 5, 5, 3]"
a sheep,4.7667,0.6261,30,"[4, 5, 4, 5, 5, 5, 5, 5, 5, 5, 5, 5, 5, 5, 5, 5, 4, 5, 5, 5, 5, 5, 5, 5, 4, 2, 5, 5, 5, 5]"
a signatory,3.0345,1.4996,29,"[2, 2, 5, 4, 4, 5, 1, 2, 5, 3, 5, 3, 1, 4, 2, 2, 2, 3, 5, 3, 5, 2, 2, 5, 1, 3, 1, 5, 1]"
a silverfish,3.5667,1.2507,30,"[5, 2, 3, 4, 5, 3, 5, 4, 5, 3, 5, 5, 5, 2, 3, 2, 3, 4, 2, 4, 5, 3, 3, 5, 2, 2, 5, 1, 3, 4]"
a singer,4.7241,0.5276,29,"[5, 3, 4, 5, 5, 4, 5, 5, 5, 5, 5, 5, 5, 5, 5, 4, 5, 5, 5, 5, 5, 5, 5, 4, 4, 4, 5, 5, 5]"
a skier,4.7333,0.5208,30,"[4, 5, 3, 5, 5, 5, 4, 5, 5, 5, 5, 5, 5, 5, 5, 5, 4, 5, 5, 5, 5, 5, 5, 5, 4, 4, 4, 5, 5, 5]"
a skillet,4.8333,0.4611,30,"[5, 5, 5, 5, 5, 5, 5, 4, 5, 5, 3, 4, 5, 5, 5, 5, 5, 5, 5, 5, 5, 5, 5, 5, 5, 5, 5, 5, 5, 4]"
a skyscraper,4.9333,0.2537,30,"[5, 5, 5, 4, 5, 5, 5, 5, 5, 4, 5, 5, 5, 5, 5, 5, 5, 5, 5, 5, 5, 5, 5, 5, 5, 5, 5, 5, 5, 5]"
a sled,4.8,0.4842,30,"[5, 5, 5, 5, 5, 5, 5, 5, 5, 5, 5, 5, 4, 5, 5, 5, 5, 4, 5, 5, 5, 5, 5, 4, 3, 5, 4, 5, 5, 5]"
a sledgehammer,4.5333,0.8604,30,"[5, 4, 4, 5, 5, 5, 5, 4, 5, 5, 5, 5, 5, 5, 5, 5, 2, 5, 4, 4, 5, 5, 5, 3, 2, 5, 5, 4, 5, 5]"
a sleep disorder,4.8,0.4842,30,"[5, 5, 5, 5, 5, 5, 5, 5, 5, 4, 5, 3, 5, 5, 4, 5, 4, 5, 5, 5, 4, 5, 5, 5, 5, 5, 5, 5, 5, 5]"
a sloth,4.5667,0.6789,30,"[4, 5, 3, 5, 5, 5, 4, 5, 5, 5, 3, 5, 5, 5, 5, 4, 4, 5, 5, 5, 5, 5, 5, 5, 4, 4, 3, 5, 4, 5]"
a smelt,3.2667,1.4606,30,"[3, 3, 3, 2, 1, 4, 5, 3, 1, 5, 2, 4, 5, 3, 2, 5, 5, 4, 5, 1, 4, 1, 2, 5, 5, 5, 3, 3, 1, 3]"
a snare drum,4.4333,0.9714,30,"[2, 4, 4, 5, 5, 5, 5, 4, 5, 4, 5, 5, 5, 3, 5, 5, 2, 5, 4, 5, 5, 5, 5, 5, 2, 5, 5, 4, 5, 5]"
a socket wrench,4.3448,1.0446,29,"[3, 5, 3, 5, 5, 5, 5, 3, 5, 5, 5, 5, 5, 5, 5, 3, 3, 5, 4, 5, 5, 5, 5, 5, 2, 2, 5, 5, 3]"
a sole,4.2,0.8469,30,"[5, 5, 5, 3, 3, 5, 3, 5, 3, 5, 5, 5, 3, 3, 4, 4, 5, 4, 5, 5, 5, 4, 4, 3, 4, 5, 3, 4, 4, 5]"
a space heater,4.7333,0.5208,30,"[5, 5, 5, 5, 5, 5, 5, 5, 5, 5, 5, 5, 5, 5, 4, 5, 5, 4, 5, 3, 5, 5, 5, 4, 5, 5, 4, 4, 4, 5]"
a space shuttle,4.9333,0.2537,30,"[5, 5, 5, 4, 5, 5, 5, 5, 5, 5, 5, 5, 5, 5, 4, 5, 5, 5, 5, 5, 5, 5, 5, 5, 5, 5, 5, 5, 5, 5]"
a spaceship,4.6333,0.5561,30,"[4, 5, 3, 4, 4, 5, 4, 5, 5, 5, 5, 5, 5, 5, 5, 4, 4, 5, 5, 5, 5, 5, 5, 5, 4, 4, 4, 5, 5, 5]"
a speaker,4.8667,0.3457,30,"[5, 4, 5, 5, 5, 5, 5, 5, 5, 5, 5, 4, 5, 4, 5, 5, 5, 5, 5, 5, 5, 5, 5, 5, 5, 5, 5, 5, 5, 4]"
a spectator,4.7333,0.5208,30,"[4, 5, 3, 4, 5, 5, 5, 5, 5, 5, 5, 5, 5, 5, 5, 5, 4, 5, 5, 5, 4, 5, 5, 5, 4, 4, 5, 5, 5, 5]"
a speech writer,4.7,0.596,30,"[5, 5, 5, 5, 5, 5, 5, 5, 5, 5, 5, 4, 5, 5, 4, 5, 5, 3, 5, 3, 5, 5, 5, 4, 4, 5, 4, 5, 5, 5]"
a spleen,4.4,0.7701,30,"[5, 5, 5, 5, 5, 4, 5, 3, 5, 4, 3, 4, 5, 5, 3, 5, 5, 3, 4, 4, 5, 5, 5, 4, 3, 5, 4, 5, 5, 4]"
a spokesman,4.7,0.6513,30,"[5, 5, 5, 5, 5, 5, 5, 5, 5, 5, 5, 5, 5, 5, 4, 5, 5, 3, 5, 3, 5, 5, 5, 3, 4, 5, 4, 5, 5, 5]"
a spy,4.7931,0.4123,29,"[4, 5, 4, 4, 5, 5, 5, 5, 5, 5, 5, 5, 5, 5, 5, 4, 5, 5, 5, 5, 5, 5, 5, 4, 4, 5, 5, 5, 5]"
a squirrel,4.9333,0.2537,30,"[5, 5, 5, 5, 5, 5, 5, 4, 5, 5, 5, 5, 5, 5, 5, 5, 5, 5, 5, 4, 5, 5, 5, 5, 5, 5, 5, 5, 5, 5]"
a stairwell,4.9333,0.3651,30,"[5, 5, 5, 5, 5, 5, 5, 5, 5, 5, 5, 5, 5, 5, 5, 5, 3, 5, 5, 5, 5, 5, 5, 5, 5, 5, 5, 5, 5, 5]"
a stalactite,3.3333,1.4223,30,"[1, 5, 4, 3, 4, 5, 1, 5, 3, 2, 3, 5, 2, 1, 3, 3, 2, 2, 5, 1, 3, 4, 5, 4, 5, 2, 4, 5, 5, 3]"
a staple gun,4.6667,0.6609,30,"[5, 5, 4, 5, 5, 4, 5, 5, 5, 5, 5, 5, 5, 4, 5, 5, 5, 5, 5, 4, 4, 5, 4, 4, 5, 2, 5, 5, 5, 5]"
a statesman,4.5667,0.7279,30,"[5, 5, 3, 5, 4, 4, 5, 4, 4, 5, 5, 5, 5, 2, 5, 5, 4, 5, 5, 5, 5, 5, 4, 5, 5, 4, 4, 5, 5, 5]"
a station wagon,4.6667,0.6065,30,"[5, 5, 5, 5, 4, 5, 5, 5, 5, 5, 5, 5, 5, 4, 5, 4, 5, 4, 3, 5, 5, 5, 5, 4, 3, 5, 5, 4, 5, 5]"
a stepmother,4.6333,0.7184,30,"[5, 4, 5, 5, 5, 5, 5, 4, 3, 5, 2, 4, 5, 4, 4, 5, 5, 5, 5, 5, 5, 5, 5, 5, 5, 5, 5, 5, 5, 4]"
a steward,4.3,0.8367,30,"[5, 4, 5, 4, 5, 5, 5, 3, 4, 5, 2, 4, 5, 3, 4, 4, 5, 5, 5, 4, 4, 5, 3, 3, 5, 5, 4, 5, 5, 4]"
a stimulant,4.8333,0.4611,30,"[5, 5, 5, 5, 5, 5, 5, 5, 5, 5, 5, 4, 5, 5, 5, 5, 4, 5, 5, 4, 5, 5, 5, 5, 5, 3, 5, 5, 5, 5]"
a stoop,4.4,0.9685,30,"[5, 5, 3, 5, 5, 5, 4, 5, 5, 5, 5, 5, 5, 5, 2, 5, 4, 5, 4, 5, 5, 5, 4, 5, 3, 3, 3, 5, 5, 2]"
a storage cabinet,4.9667,0.1826,30,"[5, 5, 5, 5, 5, 5, 5, 5, 5, 5, 5, 5, 5, 5, 5, 5, 4, 5, 5, 5, 5, 5, 5, 5, 5, 5, 5, 5, 5, 5]"
a stuntman,4.7333,0.5208,30,"[5, 4, 5, 5, 5, 5, 5, 4, 4, 5, 3, 4, 5, 5, 5, 5, 5, 5, 5, 5, 5, 5, 5, 5, 5, 5, 5, 4, 5, 4]"
a subscriber,4.4,1.1017,30,"[5, 4, 5, 5, 5, 5, 5, 4, 5, 5, 5, 5, 5, 4, 5, 5, 2, 5, 3, 4, 5, 5, 5, 3, 2, 5, 5, 1, 5, 5]"
a successor,4.3667,0.8503,30,"[4, 5, 5, 4, 3, 5, 4, 5, 5, 5, 5, 5, 3, 5, 4, 4, 5, 4, 5, 5, 5, 5, 2, 3, 4, 5, 4, 3, 5, 5]"
a surfer,4.8667,0.4342,30,"[5, 5, 5, 3, 5, 5, 5, 5, 5, 4, 4, 5, 5, 5, 5, 5, 5, 5, 5, 5, 5, 5, 5, 5, 5, 5, 5, 5, 5, 5]"
a surveyor,4.5667,0.7279,30,"[5, 4, 5, 5, 5, 5, 5, 4, 3, 5, 3, 4, 5, 4, 3, 5, 5, 5, 5, 5, 5, 3, 5, 5, 5, 5, 5, 5, 5, 4]"
a suspect,4.5333,0.9371,30,"[5, 5, 5, 5, 5, 5, 5, 4, 5, 5, 5, 5, 5, 5, 5, 5, 2, 5, 3, 4, 5, 5, 5, 3, 2, 5, 5, 3, 5, 5]"
a sweatshirt,4.9667,0.1826,30,"[5, 5, 5, 5, 5, 5, 5, 5, 5, 5, 5, 5, 5, 5, 5, 5, 5, 5, 5, 5, 5, 5, 5, 4, 5, 5, 5, 5, 5, 5]"
a swimmer,4.8333,0.4611,30,"[5, 4, 5, 5, 5, 5, 5, 5, 5, 5, 3, 4, 5, 5, 5, 5, 5, 5, 5, 5, 5, 5, 5, 5, 5, 5, 5, 5, 5, 4]"
a sympathizer,4.5667,0.6261,30,"[4, 4, 3, 5, 5, 5, 4, 5, 5, 5, 5, 5, 5, 5, 3, 5, 4, 5, 5, 5, 5, 4, 4, 5, 4, 4, 4, 5, 5, 5]"
a synthesizer,4.2,1.1265,30,"[2, 4, 5, 5, 5, 5, 5, 4, 5, 2, 5, 5, 5, 3, 5, 4, 2, 5, 5, 5, 3, 5, 3, 3, 2, 5, 5, 4, 5, 5]"
a tailor,4.8333,0.379,30,"[5, 5, 5, 4, 5, 5, 5, 5, 5, 4, 4, 5, 4, 5, 5, 5, 5, 5, 5, 5, 4, 5, 5, 5, 5, 5, 5, 5, 5, 5]"
a tangello,2.4333,1.4547,30,"[5, 3, 4, 1, 1, 1, 4, 3, 1, 5, 1, 2, 5, 2, 2, 5, 1, 1, 1, 3, 3, 1, 3, 3, 1, 4, 3, 1, 1, 2]"
a tank top,4.75,0.6455,28,"[5, 5, 3, 5, 5, 5, 5, 5, 5, 5, 5, 5, 5, 5, 5, 5, 5, 5, 5, 4, 5, 5, 5, 5, 3, 5, 5, 3]"
a tenor,4.1034,1.1131,29,"[4, 3, 5, 5, 5, 5, 4, 5, 4, 5, 5, 5, 3, 5, 4, 2, 5, 4, 5, 5, 5, 5, 3, 2, 2, 5, 4, 3, 2]"
a thesaurus,4.8966,0.3099,29,"[5, 4, 5, 5, 5, 5, 5, 5, 5, 5, 5, 5, 5, 5, 5, 5, 5, 5, 4, 5, 5, 5, 5, 5, 5, 4, 5, 5, 5]"
a thigh,4.9,0.3051,30,"[5, 5, 5, 5, 4, 5, 4, 5, 5, 5, 5, 5, 5, 5, 5, 5, 5, 4, 5, 5, 5, 5, 5, 5, 5, 5, 5, 5, 5, 5]"
a thoracic cavity,2.9333,1.3113,30,"[3, 2, 4, 3, 5, 2, 1, 5, 3, 1, 1, 5, 3, 4, 2, 2, 4, 4, 4, 3, 3, 5, 2, 2, 5, 1, 2, 2, 2, 3]"
a thunderstorm,4.8276,0.4682,29,"[5, 5, 4, 5, 5, 4, 5, 5, 5, 5, 5, 5, 5, 5, 5, 5, 5, 5, 5, 5, 5, 5, 5, 5, 4, 3, 5, 5, 5]"
a tidal wave,4.4333,0.8584,30,"[3, 5, 5, 5, 3, 5, 4, 5, 5, 4, 5, 5, 5, 5, 4, 5, 5, 4, 5, 5, 2, 5, 5, 3, 3, 5, 5, 4, 4, 5]"
a tiger,4.9,0.3051,30,"[5, 5, 5, 5, 5, 5, 5, 5, 5, 5, 5, 5, 5, 5, 4, 5, 5, 5, 5, 4, 5, 5, 5, 5, 4, 5, 5, 5, 5, 5]"
a toilet bowl brush,4.9667,0.1826,30,"[5, 5, 5, 5, 5, 5, 5, 5, 5, 5, 5, 5, 5, 5, 4, 5, 5, 5, 5, 5, 5, 5, 5, 5, 5, 5, 5, 5, 5, 5]"
a torso,4.931,0.2579,29,"[5, 5, 5, 5, 5, 5, 5, 5, 5, 5, 5, 5, 5, 5, 4, 5, 5, 5, 5, 5, 5, 5, 4, 5, 5, 5, 5, 5, 5]"
a tracker,4.2667,1.0483,30,"[4, 3, 4, 2, 5, 5, 5, 4, 4, 5, 5, 4, 5, 5, 5, 5, 3, 4, 5, 5, 5, 5, 5, 5, 5, 1, 3, 3, 4, 5]"
a travel agent,4.8333,0.5307,30,"[5, 5, 5, 5, 5, 5, 5, 5, 5, 5, 5, 5, 5, 5, 4, 5, 5, 3, 5, 5, 5, 5, 5, 3, 5, 5, 5, 5, 5, 5]"
a trendsetter,4.4333,0.8584,30,"[4, 5, 5, 5, 5, 5, 4, 5, 5, 5, 5, 5, 3, 5, 4, 5, 5, 4, 5, 4, 5, 5, 2, 3, 3, 5, 3, 4, 5, 5]"
a trombone,4.6207,0.6769,29,"[5, 4, 5, 5, 5, 4, 5, 4, 4, 5, 2, 4, 5, 5, 4, 5, 5, 5, 5, 5, 5, 5, 5, 5, 5, 4, 5, 5, 4]"
a trustee,4.5667,0.6789,30,"[3, 5, 5, 4, 5, 5, 5, 4, 5, 4, 4, 5, 3, 5, 4, 5, 4, 5, 4, 5, 3, 5, 5, 5, 5, 5, 5, 5, 5, 5]"
a tube top,4.6,0.724,30,"[4, 5, 4, 5, 5, 4, 5, 5, 5, 5, 5, 5, 5, 5, 5, 5, 2, 5, 5, 4, 5, 5, 5, 5, 5, 3, 4, 4, 5, 4]"
a tugboat,4.6667,0.6609,30,"[5, 5, 4, 2, 4, 5, 5, 5, 4, 5, 5, 4, 5, 5, 5, 5, 4, 5, 5, 5, 5, 5, 4, 5, 5, 5, 5, 5, 4, 5]"
a tuna,4.8333,0.4611,30,"[5, 5, 5, 5, 5, 5, 5, 3, 5, 5, 5, 5, 5, 5, 4, 5, 5, 4, 5, 5, 5, 5, 5, 5, 4, 5, 5, 5, 5, 5]"
a tureen,2.6,1.4762,30,"[1, 2, 1, 2, 5, 5, 1, 5, 4, 2, 3, 5, 2, 1, 2, 2, 3, 2, 4, 1, 3, 4, 1, 1, 5, 1, 1, 4, 2, 3]"
a turkey,4.7333,0.7397,30,"[5, 5, 3, 5, 5, 5, 5, 5, 5, 5, 5, 5, 5, 5, 5, 5, 5, 5, 5, 4, 5, 5, 5, 5, 5, 2, 5, 5, 5, 3]"
a unicorn,4.7667,0.5683,30,"[5, 5, 5, 3, 5, 5, 5, 3, 5, 4, 5, 5, 5, 5, 5, 5, 4, 4, 5, 5, 5, 5, 5, 5, 5, 5, 5, 5, 5, 5]"
a upholsterer,3.7,1.2077,30,"[4, 5, 3, 5, 5, 3, 5, 2, 5, 2, 5, 5, 5, 4, 5, 4, 2, 2, 5, 4, 3, 5, 3, 3, 4, 4, 2, 2, 2, 3]"
a user,4.9333,0.2537,30,"[5, 5, 5, 5, 5, 5, 5, 5, 5, 5, 5, 5, 5, 5, 5, 5, 5, 5, 5, 4, 5, 5, 5, 5, 5, 4, 5, 5, 5, 5]"
a utility knife,4.7333,0.5208,30,"[4, 5, 5, 5, 5, 5, 5, 5, 5, 5, 5, 5, 5, 5, 4, 5, 5, 4, 4, 5, 5, 5, 5, 5, 4, 5, 5, 4, 3, 5]"
a valley,4.6,0.7701,30,"[5, 5, 4, 5, 5, 5, 5, 4, 5, 4, 5, 5, 5, 5, 5, 5, 3, 5, 5, 4, 5, 5, 5, 4, 2, 5, 5, 3, 5, 5]"
a van,4.9333,0.2537,30,"[5, 5, 5, 5, 5, 5, 5, 5, 5, 5, 5, 5, 5, 5, 5, 5, 5, 4, 5, 5, 5, 5, 5, 4, 5, 5, 5, 5, 5, 5]"
a vegetarian,4.7,0.535,30,"[5, 4, 5, 5, 5, 4, 5, 4, 5, 5, 3, 4, 5, 4, 5, 5, 4, 5, 5, 5, 5, 5, 5, 5, 5, 5, 5, 5, 5, 4]"
a veteran,4.6,0.724,30,"[3, 5, 3, 5, 5, 4, 5, 5, 5, 5, 5, 5, 5, 4, 5, 5, 5, 5, 5, 5, 5, 5, 4, 5, 5, 3, 3, 5, 5, 4]"
a villain,4.8333,0.4611,30,"[5, 5, 5, 5, 4, 5, 5, 5, 5, 5, 5, 5, 5, 5, 5, 5, 5, 5, 5, 3, 5, 5, 5, 4, 5, 5, 5, 5, 4, 5]"
a viola,4.0667,1.2576,30,"[5, 5, 5, 5, 3, 5, 3, 5, 5, 5, 5, 3, 5, 5, 2, 2, 5, 4, 4, 4, 1, 5, 4, 4, 5, 1, 4, 3, 5, 5]"
a violist,3.5667,1.5466,30,"[5, 5, 5, 1, 5, 5, 1, 4, 4, 5, 4, 3, 2, 3, 2, 4, 5, 5, 4, 2, 5, 1, 5, 4, 5, 5, 1, 2, 4, 1]"
a voter,4.7333,0.5208,30,"[4, 5, 5, 5, 4, 5, 5, 5, 5, 5, 5, 5, 5, 5, 5, 4, 5, 4, 5, 5, 5, 5, 3, 4, 4, 5, 5, 5, 5, 5]"
a waffle iron,4.3333,1.0283,30,"[5, 5, 5, 4, 5, 5, 5, 4, 5, 3, 5, 5, 5, 4, 5, 5, 2, 5, 4, 5, 5, 5, 5, 3, 2, 4, 5, 2, 5, 3]"
a wallaby,3.4333,1.5013,30,"[1, 4, 2, 5, 1, 5, 3, 4, 5, 2, 5, 5, 5, 1, 4, 1, 2, 5, 3, 2, 5, 5, 4, 4, 1, 3, 4, 3, 4, 5]"
a warehouseman,3.6333,1.2452,30,"[3, 5, 5, 5, 3, 3, 2, 4, 5, 3, 3, 4, 5, 5, 3, 5, 5, 2, 1, 2, 4, 3, 5, 4, 4, 5, 3, 4, 1, 3]"
a warlock,4.3,1.0222,30,"[5, 5, 5, 4, 5, 5, 3, 2, 5, 5, 4, 5, 4, 3, 4, 5, 2, 5, 5, 3, 2, 4, 5, 5, 5, 5, 5, 5, 5, 4]"
a watchman,4.5,0.7768,30,"[5, 4, 5, 5, 4, 5, 5, 3, 4, 5, 2, 4, 5, 4, 3, 5, 5, 5, 5, 5, 5, 5, 4, 5, 5, 5, 4, 5, 5, 4]"
a weasel,4.6333,0.7184,30,"[5, 4, 5, 5, 5, 5, 5, 4, 4, 5, 2, 4, 5, 5, 4, 5, 5, 5, 5, 5, 5, 5, 3, 5, 5, 5, 5, 5, 5, 4]"
a weatherman,4.7333,0.6915,30,"[5, 4, 5, 5, 5, 5, 5, 4, 5, 5, 5, 5, 5, 4, 5, 5, 3, 5, 5, 5, 5, 5, 5, 5, 2, 5, 5, 5, 5, 5]"
a whistle,4.9655,0.1857,29,"[5, 5, 5, 5, 5, 5, 5, 5, 5, 5, 5, 5, 5, 5, 4, 5, 5, 5, 5, 5, 5, 5, 5, 5, 5, 5, 5, 5, 5]"
a whistle-blower,4.7931,0.4913,29,"[5, 5, 5, 5, 5, 5, 5, 5, 5, 5, 5, 5, 5, 4, 5, 5, 3, 5, 4, 5, 5, 4, 5, 5, 5, 5, 5, 4, 5]"
a whiteboard,4.8,0.4842,30,"[4, 5, 5, 4, 5, 5, 5, 5, 5, 5, 5, 5, 5, 5, 5, 5, 4, 5, 5, 5, 5, 5, 3, 5, 5, 4, 5, 5, 5, 5]"
a widow,4.7,0.596,30,"[5, 5, 3, 5, 5, 4, 5, 5, 5, 5, 5, 5, 5, 4, 5, 5, 5, 5, 5, 5, 5, 5, 4, 5, 5, 4, 3, 5, 5, 4]"
a wife,4.9333,0.2537,30,"[5, 5, 5, 5, 5, 4, 5, 5, 5, 5, 5, 5, 5, 4, 5, 5, 5, 5, 5, 5, 5, 5, 5, 5, 5, 5, 5, 5, 5, 5]"
a wig,4.7931,0.4913,29,"[5, 5, 5, 5, 3, 5, 5, 5, 5, 5, 5, 5, 5, 5, 4, 5, 5, 4, 5, 5, 5, 5, 5, 4, 5, 5, 4, 5, 5]"
a witness,4.7,0.6513,30,"[5, 5, 3, 5, 5, 4, 5, 5, 5, 5, 5, 5, 5, 5, 5, 5, 5, 5, 5, 5, 5, 5, 5, 4, 5, 3, 3, 5, 5, 4]"
a wizard,4.4,0.9322,30,"[5, 5, 5, 5, 4, 5, 4, 5, 4, 5, 5, 5, 4, 2, 5, 4, 5, 4, 5, 5, 5, 5, 4, 2, 2, 5, 5, 4, 4, 5]"
a wolf,5.0,0.0,30,"[5, 5, 5, 5, 5, 5, 5, 5, 5, 5, 5, 5, 5, 5, 5, 5, 5, 5, 5, 5, 5, 5, 5, 5, 5, 5, 5, 5, 5, 5]"
a woodpecker,4.7333,0.5208,30,"[4, 5, 4, 5, 5, 5, 4, 5, 5, 5, 5, 5, 5, 5, 5, 5, 4, 5, 5, 5, 5, 5, 5, 5, 4, 3, 4, 5, 5, 5]"
a wrench,4.8333,0.379,30,"[4, 5, 5, 5, 5, 5, 4, 5, 5, 5, 5, 5, 5, 5, 5, 5, 5, 4, 5, 4, 5, 5, 5, 5, 5, 5, 5, 4, 5, 5]"
a yellow jacket,4.9333,0.3651,30,"[5, 5, 5, 5, 5, 5, 5, 5, 5, 5, 5, 5, 3, 5, 5, 5, 5, 5, 5, 5, 5, 5, 5, 5, 5, 5, 5, 5, 5, 5]"
abashed,3.8667,1.2521,30,"[5, 4, 5, 2, 2, 4, 5, 3, 5, 5, 5, 3, 5, 4, 2, 5, 5, 3, 1, 2, 4, 4, 5, 2, 5, 5, 4, 5, 3, 4]"
abhorrent,3.6,1.5222,30,"[5, 3, 1, 5, 4, 1, 5, 4, 5, 4, 2, 5, 5, 1, 1, 5, 3, 3, 2, 3, 5, 4, 1, 5, 5, 3, 5, 3, 5, 5]"
abnormal,4.7241,0.649,29,"[5, 4, 3, 5, 5, 5, 5, 5, 5, 5, 5, 5, 4, 5, 5, 5, 5, 5, 5, 5, 5, 5, 5, 5, 3, 3, 5, 5, 5]"
aboriginal,3.9,1.2415,30,"[5, 3, 5, 3, 5, 5, 1, 5, 4, 4, 5, 5, 3, 5, 3, 5, 4, 5, 4, 1, 4, 3, 4, 5, 5, 1, 3, 4, 4, 4]"
absent,4.7667,0.5683,30,"[5, 3, 5, 5, 5, 5, 5, 5, 5, 5, 3, 4, 5, 5, 5, 5, 5, 5, 5, 5, 5, 5, 5, 5, 5, 5, 4, 5, 5, 4]"
absurd,4.5,0.7768,30,"[5, 5, 5, 5, 4, 5, 3, 5, 5, 5, 5, 5, 4, 4, 4, 4, 5, 4, 5, 5, 5, 5, 2, 3, 4, 5, 5, 4, 5, 5]"
accurate,4.6333,0.6687,30,"[5, 5, 5, 5, 4, 5, 5, 5, 5, 5, 5, 5, 4, 4, 5, 4, 5, 4, 5, 5, 5, 5, 2, 4, 4, 5, 4, 5, 5, 5]"
actinium,1.4074,0.8884,27,"[2, 2, 1, 1, 1, 3, 1, 1, 1, 1, 1, 2, 1, 5, 1, 1, 1, 1, 1, 1, 1, 2, 2, 1, 1, 1, 1]"
additional,4.7931,0.5593,29,"[5, 5, 5, 5, 5, 5, 5, 5, 5, 5, 5, 5, 5, 5, 4, 5, 5, 4, 5, 3, 5, 5, 5, 3, 5, 5, 5, 5, 5]"
adjoining,4.4,0.8944,30,"[4, 5, 2, 4, 5, 5, 4, 5, 5, 5, 5, 5, 5, 3, 5, 5, 4, 5, 5, 5, 4, 5, 5, 2, 4, 4, 3, 5, 5, 4]"
admirable,4.8333,0.4611,30,"[5, 4, 5, 4, 5, 5, 5, 5, 5, 4, 5, 5, 5, 5, 5, 5, 5, 5, 5, 5, 3, 5, 5, 5, 5, 5, 5, 5, 5, 5]"
afraid,4.8,0.4842,30,"[5, 5, 3, 5, 5, 5, 4, 5, 5, 5, 5, 5, 5, 5, 5, 5, 4, 5, 5, 5, 5, 5, 5, 5, 4, 4, 5, 5, 5, 5]"
aggressive,4.7333,0.5208,30,"[4, 5, 3, 5, 5, 5, 4, 5, 5, 5, 5, 5, 5, 5, 5, 5, 4, 5, 5, 5, 5, 5, 5, 5, 4, 4, 4, 5, 5, 5]"
aikido,2.3,1.442,30,"[1, 2, 2, 3, 3, 3, 1, 1, 1, 1, 3, 4, 3, 1, 1, 5, 1, 1, 4, 1, 2, 1, 2, 1, 5, 1, 5, 3, 5, 2]"
ajar,4.5333,0.7761,30,"[4, 5, 2, 5, 5, 5, 3, 5, 5, 5, 5, 5, 5, 5, 4, 5, 4, 5, 5, 5, 5, 5, 4, 5, 4, 4, 3, 5, 5, 4]"
alleged,4.5517,0.7831,29,"[3, 5, 4, 5, 5, 4, 5, 5, 5, 5, 5, 5, 5, 5, 5, 4, 5, 5, 5, 5, 5, 4, 4, 5, 2, 4, 5, 5, 3]"
aluminium,4.7333,0.6915,30,"[2, 5, 3, 5, 5, 4, 5, 5, 5, 5, 5, 5, 5, 5, 5, 5, 5, 5, 5, 4, 5, 5, 5, 4, 5, 5, 5, 5, 5, 5]"
amazing,5.0,0.0,30,"[5, 5, 5, 5, 5, 5, 5, 5, 5, 5, 5, 5, 5, 5, 5, 5, 5, 5, 5, 5, 5, 5, 5, 5, 5, 5, 5, 5, 5, 5]"
ambiguous,4.4333,0.8976,30,"[5, 2, 5, 5, 4, 5, 5, 4, 5, 5, 3, 4, 5, 2, 4, 5, 4, 5, 5, 5, 5, 5, 4, 5, 5, 5, 3, 5, 5, 4]"
an Egyptian,4.2667,1.0148,30,"[5, 5, 5, 5, 2, 5, 4, 5, 5, 4, 5, 5, 3, 5, 5, 4, 5, 4, 5, 5, 2, 5, 4, 3, 2, 5, 4, 3, 4, 5]"
an Englishman,4.8,0.4068,30,"[4, 5, 4, 5, 5, 5, 5, 5, 5, 5, 5, 5, 5, 5, 5, 5, 4, 5, 5, 5, 5, 5, 5, 5, 4, 4, 4, 5, 5, 5]"
an Indian,4.4667,0.7303,30,"[5, 5, 5, 4, 3, 5, 4, 5, 5, 5, 5, 5, 4, 4, 4, 5, 5, 4, 5, 5, 4, 5, 5, 3, 4, 5, 5, 3, 5, 3]"
an RV,4.8,0.4842,30,"[5, 5, 5, 5, 5, 5, 5, 4, 5, 5, 3, 4, 5, 5, 4, 5, 5, 5, 5, 5, 5, 5, 5, 5, 5, 5, 5, 5, 5, 4]"
an abalone,2.6333,1.4499,30,"[2, 5, 2, 5, 3, 1, 3, 5, 3, 3, 1, 5, 1, 2, 4, 3, 2, 4, 2, 4, 2, 5, 1, 3, 1, 1, 3, 1, 1, 1]"
an accountant,4.9333,0.2537,30,"[5, 5, 5, 4, 5, 5, 5, 5, 5, 5, 5, 5, 4, 5, 5, 5, 5, 5, 5, 5, 5, 5, 5, 5, 5, 5, 5, 5, 5, 5]"
an actuary,3.1034,1.5889,29,"[2, 1, 3, 3, 1, 5, 5, 5, 2, 5, 5, 5, 2, 2, 2, 1, 5, 3, 4, 4, 1, 5, 4, 2, 1, 5, 4, 2, 1]"
an addict,4.7333,0.6397,30,"[5, 4, 5, 5, 5, 5, 5, 5, 5, 5, 5, 5, 5, 5, 3, 5, 5, 4, 5, 3, 5, 5, 5, 3, 5, 5, 5, 5, 5, 5]"
an adjuster,4.4333,0.9714,30,"[3, 4, 5, 3, 5, 5, 5, 5, 5, 5, 5, 4, 5, 4, 5, 5, 3, 5, 5, 2, 5, 5, 5, 5, 5, 5, 5, 5, 3, 2]"
an administrator,4.6333,0.6149,30,"[4, 5, 3, 5, 5, 4, 5, 5, 5, 5, 5, 5, 5, 4, 5, 5, 5, 5, 5, 5, 4, 5, 5, 4, 5, 3, 4, 5, 5, 4]"
an admirer,4.8667,0.4342,30,"[5, 5, 5, 5, 5, 5, 5, 5, 5, 5, 5, 5, 5, 5, 5, 5, 5, 5, 5, 4, 5, 5, 5, 3, 5, 5, 4, 5, 5, 5]"
an agent,4.7241,0.5276,29,"[5, 3, 4, 5, 5, 4, 5, 5, 5, 5, 5, 5, 5, 5, 5, 4, 5, 5, 5, 5, 5, 4, 5, 4, 4, 5, 5, 5, 5]"
an aholehole,1.1667,0.4611,30,"[1, 1, 1, 1, 1, 1, 1, 2, 1, 1, 3, 1, 2, 1, 1, 1, 1, 1, 2, 1, 1, 1, 1, 1, 1, 1, 1, 1, 1, 1]"
an albatross,3.8333,1.2617,30,"[3, 5, 4, 5, 4, 5, 1, 2, 4, 5, 3, 5, 5, 4, 5, 4, 5, 4, 5, 4, 1, 5, 4, 4, 4, 1, 3, 5, 3, 3]"
an alewife,1.8333,1.2617,30,"[1, 1, 1, 1, 2, 1, 1, 3, 2, 2, 1, 2, 3, 1, 1, 5, 1, 2, 2, 1, 1, 1, 1, 5, 5, 1, 2, 1, 1, 3]"
an allen wrench,4.2667,0.9072,30,"[2, 5, 5, 3, 4, 5, 5, 5, 5, 5, 5, 5, 4, 4, 4, 4, 4, 4, 4, 3, 4, 5, 5, 5, 5, 5, 4, 3, 2, 5]"
an alligator,4.8667,0.3457,30,"[5, 4, 5, 4, 5, 5, 5, 5, 5, 4, 5, 5, 5, 5, 4, 5, 5, 5, 5, 5, 5, 5, 5, 5, 5, 5, 5, 5, 5, 5]"
an almond,5.0,0.0,30,"[5, 5, 5, 5, 5, 5, 5, 5, 5, 5, 5, 5, 5, 5, 5, 5, 5, 5, 5, 5, 5, 5, 5, 5, 5, 5, 5, 5, 5, 5]"
an amateur,4.4483,0.9851,29,"[4, 5, 5, 5, 5, 5, 5, 5, 4, 5, 5, 5, 4, 5, 5, 2, 5, 4, 4, 5, 5, 5, 3, 2, 5, 5, 2, 5, 5]"
an ambassador,4.7586,0.511,29,"[4, 5, 3, 5, 5, 5, 4, 5, 5, 5, 5, 5, 5, 5, 5, 4, 5, 5, 5, 5, 5, 5, 5, 4, 4, 5, 5, 5, 5]"
an amphibian,4.4667,0.6814,30,"[4, 5, 5, 5, 5, 5, 3, 5, 4, 4, 5, 5, 5, 5, 4, 4, 5, 4, 5, 4, 3, 5, 4, 3, 4, 5, 5, 4, 5, 5]"
an analgesic,3.5,1.5256,30,"[2, 4, 3, 5, 2, 3, 1, 1, 5, 5, 5, 5, 5, 4, 5, 2, 2, 5, 5, 4, 2, 5, 1, 5, 1, 2, 4, 5, 4, 3]"
an analyst,4.8,0.4842,30,"[5, 5, 5, 5, 5, 5, 5, 5, 5, 3, 5, 5, 5, 5, 4, 5, 5, 4, 5, 4, 5, 5, 5, 4, 5, 5, 5, 5, 5, 5]"
an anemone,3.2333,1.4782,30,"[4, 4, 2, 4, 2, 5, 3, 5, 4, 5, 1, 5, 2, 1, 5, 3, 4, 5, 4, 4, 2, 4, 3, 1, 1, 1, 4, 5, 3, 1]"
an antagonist,4.6667,0.6065,30,"[5, 4, 3, 5, 5, 4, 5, 5, 5, 5, 5, 5, 5, 5, 4, 5, 3, 5, 5, 5, 5, 5, 4, 5, 5, 4, 5, 4, 5, 5]"
an antelope,4.5333,0.8604,30,"[4, 5, 4, 4, 5, 5, 4, 5, 5, 5, 5, 5, 5, 5, 5, 3, 4, 5, 5, 5, 5, 5, 5, 1, 4, 4, 4, 5, 5, 5]"
an antibiotic,4.8333,0.4611,30,"[5, 4, 5, 3, 5, 5, 5, 5, 5, 4, 5, 5, 5, 5, 4, 5, 5, 5, 5, 5, 5, 5, 5, 5, 5, 5, 5, 5, 5, 5]"
an anticoagulant,3.6,1.2205,30,"[1, 5, 3, 5, 4, 3, 2, 5, 4, 5, 5, 5, 4, 4, 4, 3, 4, 4, 4, 4, 3, 5, 1, 2, 3, 2, 2, 3, 5, 4]"
an antipsychotic,3.9333,1.2847,30,"[5, 3, 5, 5, 5, 4, 5, 1, 5, 2, 4, 4, 5, 5, 5, 5, 5, 3, 1, 2, 4, 4, 4, 2, 3, 5, 3, 4, 5, 5]"
an antiseptic,4.7,0.6513,30,"[5, 5, 5, 5, 5, 5, 5, 3, 5, 4, 5, 4, 5, 5, 5, 5, 5, 4, 5, 5, 5, 5, 5, 3, 5, 5, 3, 5, 5, 5]"
an antiviral,3.7333,1.2847,30,"[3, 4, 3, 5, 5, 3, 1, 3, 5, 5, 4, 5, 5, 3, 5, 4, 3, 2, 5, 5, 3, 5, 5, 5, 2, 1, 2, 3, 4, 4]"
an appetizer,5.0,0.0,30,"[5, 5, 5, 5, 5, 5, 5, 5, 5, 5, 5, 5, 5, 5, 5, 5, 5, 5, 5, 5, 5, 5, 5, 5, 5, 5, 5, 5, 5, 5]"
an arachnid,3.9667,1.2726,30,"[4, 3, 3, 5, 5, 1, 4, 5, 4, 5, 1, 5, 5, 1, 5, 4, 4, 5, 5, 4, 5, 4, 3, 5, 4, 2, 4, 5, 4, 5]"
an arch,4.8,0.6103,30,"[5, 5, 5, 5, 5, 5, 5, 5, 5, 5, 5, 5, 5, 5, 3, 5, 5, 5, 5, 3, 5, 5, 5, 3, 5, 5, 5, 5, 5, 5]"
an arctic char,2.0667,1.3113,30,"[1, 1, 2, 3, 4, 1, 5, 1, 3, 1, 1, 3, 3, 1, 1, 1, 5, 2, 1, 2, 3, 2, 4, 1, 1, 2, 1, 4, 1, 1]"
an army,4.8966,0.3099,29,"[5, 5, 5, 5, 5, 5, 5, 5, 5, 5, 5, 5, 5, 5, 5, 5, 4, 5, 4, 5, 5, 5, 4, 5, 5, 5, 5, 5, 5]"
an artery,4.9,0.3051,30,"[5, 5, 5, 5, 5, 5, 5, 5, 5, 5, 5, 5, 5, 5, 5, 5, 4, 5, 5, 4, 5, 5, 5, 5, 5, 5, 5, 5, 4, 5]"
an artisan,4.3333,0.8442,30,"[4, 4, 5, 4, 4, 3, 5, 4, 5, 3, 5, 3, 5, 4, 2, 5, 5, 4, 5, 4, 5, 5, 5, 3, 5, 5, 5, 5, 5, 4]"
an assailant,4.4667,0.8604,30,"[5, 4, 5, 5, 5, 5, 5, 4, 3, 5, 2, 4, 5, 5, 3, 5, 5, 5, 5, 5, 5, 3, 5, 5, 5, 4, 4, 5, 5, 3]"
an astronaut,4.6897,0.5414,29,"[5, 4, 4, 5, 5, 4, 5, 5, 5, 5, 5, 5, 5, 5, 4, 4, 5, 5, 4, 5, 5, 5, 5, 4, 3, 5, 5, 5, 5]"
an atheist,4.6552,0.6695,29,"[5, 5, 4, 5, 5, 4, 5, 5, 4, 5, 5, 5, 5, 5, 5, 5, 5, 3, 5, 5, 5, 5, 4, 5, 3, 5, 5, 5, 3]"
an atlas,4.9,0.4026,30,"[5, 5, 5, 5, 5, 5, 5, 5, 5, 5, 5, 5, 5, 5, 4, 5, 5, 5, 5, 3, 5, 5, 5, 5, 5, 5, 5, 5, 5, 5]"
an atomic bomb,4.7667,0.504,30,"[4, 5, 4, 5, 5, 5, 5, 5, 5, 5, 5, 5, 5, 5, 5, 5, 4, 5, 4, 5, 5, 5, 4, 5, 5, 3, 5, 5, 5, 5]"
an audience,4.8276,0.3844,29,"[5, 4, 4, 5, 5, 5, 5, 5, 5, 5, 5, 5, 5, 5, 5, 4, 5, 5, 5, 5, 5, 5, 5, 4, 4, 5, 5, 5, 5]"
an aunt,4.9333,0.3651,30,"[5, 5, 5, 5, 5, 5, 5, 5, 5, 5, 5, 5, 5, 5, 5, 5, 5, 5, 5, 5, 5, 5, 5, 3, 5, 5, 5, 5, 5, 5]"
an author,4.9667,0.1826,30,"[5, 5, 5, 5, 5, 5, 5, 5, 5, 5, 5, 5, 5, 5, 5, 5, 5, 5, 5, 5, 5, 5, 5, 5, 5, 5, 5, 5, 4, 5]"
an automaker,4.0333,1.2452,30,"[2, 4, 4, 5, 5, 4, 5, 5, 5, 4, 5, 5, 5, 3, 5, 5, 2, 5, 2, 3, 5, 5, 5, 3, 2, 5, 5, 3, 4, 1]"
an automatic rifle,4.9,0.3051,30,"[5, 5, 5, 4, 5, 5, 5, 5, 5, 4, 5, 5, 5, 5, 5, 5, 5, 5, 5, 5, 4, 5, 5, 5, 5, 5, 5, 5, 5, 5]"
an axe,4.7992,0.5738,239,"[5, 5, 5, 5, 5, 5, 5, 5, 5, 5, 5, 5, 5, 5, 4, 5, 5, 4, 5, 5, 5, 5, 5, 5, 5, 5, 5, 5, 5, 5, 5, 5, 5, 4, 5, 5, 5, 5, 5, 5, 4, 5, 5, 5, 5, 5, 5, 5, 5, 5, 5, 5, 5, 5, 5, 5, 5, 5, 5, 5, 4, 5, 3, 4, 5, 5, 5, 5, 5, 5, 5, 5, 5, 5, 5, 5, 4, 5, 5, 5, 4, 5, 5, 5, 4, 5, 5, 5, 5, 5, 5, 5, 4, 5, 5, 5, 5, 5, 5, 5, 5, 5, 5, 5, 5, 5, 4, 5, 5, 5, 5, 5, 5, 5, 5, 5, 5, 5, 5, 5, 4, 5, 5, 5, 5, 5, 5, 5, 5, 5, 5, 5, 5, 5, 5, 2, 5, 5, 4, 5, 5, 5, 3, 2, 5, 5, 2, 5, 5, 5, 5, 5, 5, 5, 5, 5, 5, 5, 5, 3, 4, 5, 5, 5, 5, 5, 5, 5, 5, 5, 5, 5, 5, 5, 5, 5, 5, 5, 4, 5, 5, 4, 4, 5, 4, 5, 5, 1, 5, 5, 5, 5, 4, 5, 5, 5, 5, 5, 5, 4, 5, 5, 4, 5, 4, 4, 5, 5, 5, 5, 5, 5, 5, 3, 5, 5, 5, 5, 5, 5, 5, 4, 5, 5, 5, 5, 4, 5, 5, 3, 5, 5, 5, 5, 5, 5, 5, 5, 5]"
an eagle,4.9,0.3051,30,"[5, 5, 5, 5, 5, 5, 5, 5, 5, 5, 5, 5, 5, 5, 4, 5, 5, 5, 5, 4, 5, 5, 5, 5, 4, 5, 5, 5, 5, 5]"
an earlobe,4.9333,0.2537,30,"[5, 5, 5, 5, 4, 5, 5, 5, 5, 5, 5, 5, 5, 5, 5, 5, 5, 4, 5, 5, 5, 5, 5, 5, 5, 5, 5, 5, 5, 5]"
an earring,4.9655,0.1857,29,"[5, 5, 5, 4, 5, 5, 5, 5, 5, 5, 5, 5, 5, 5, 5, 5, 5, 5, 5, 5, 5, 5, 5, 5, 5, 5, 5, 5, 5]"
an embalmer,3.8621,1.3555,29,"[1, 4, 3, 5, 5, 2, 4, 1, 5, 5, 5, 5, 5, 3, 5, 5, 2, 5, 2, 3, 4, 5, 5, 2, 4, 5, 4, 5, 3]"
an emperor,4.5333,0.6814,30,"[5, 4, 5, 4, 5, 5, 4, 5, 5, 4, 5, 5, 4, 5, 4, 5, 5, 5, 4, 5, 3, 3, 5, 5, 5, 3, 5, 5, 4, 5]"
an end table,4.7333,0.5208,30,"[5, 5, 3, 5, 5, 4, 5, 4, 5, 5, 5, 5, 5, 4, 5, 5, 5, 5, 5, 5, 4, 5, 5, 5, 5, 5, 4, 5, 5, 4]"
an ensign,3.4667,1.4794,30,"[4, 1, 2, 3, 5, 1, 3, 5, 5, 5, 1, 5, 5, 1, 5, 3, 4, 5, 4, 5, 5, 3, 3, 5, 4, 1, 3, 3, 3, 2]"
an espresso,4.3103,1.1053,29,"[5, 4, 5, 5, 5, 5, 5, 2, 5, 4, 5, 5, 5, 4, 5, 5, 3, 4, 4, 5, 5, 4, 1, 2, 5, 5, 3, 5, 5]"
an executive,4.3667,1.129,30,"[5, 3, 4, 5, 5, 5, 5, 5, 5, 3, 5, 5, 5, 4, 5, 5, 2, 5, 4, 3, 5, 5, 5, 5, 2, 5, 5, 1, 5, 5]"
an expert,4.9333,0.2537,30,"[5, 5, 5, 5, 5, 5, 5, 5, 5, 5, 5, 5, 5, 5, 5, 5, 4, 5, 5, 4, 5, 5, 5, 5, 5, 5, 5, 5, 5, 5]"
an eyelash,4.9667,0.1826,30,"[5, 5, 5, 5, 5, 5, 5, 5, 5, 5, 5, 5, 5, 5, 5, 5, 4, 5, 5, 5, 5, 5, 5, 5, 5, 5, 5, 5, 5, 5]"
an heir,4.6667,0.7581,30,"[5, 5, 5, 2, 4, 5, 5, 5, 5, 5, 5, 5, 5, 5, 3, 5, 5, 5, 5, 4, 5, 5, 5, 3, 5, 5, 4, 5, 5, 5]"
an industrialist,4.2,0.9248,30,"[4, 2, 5, 5, 4, 5, 5, 4, 3, 5, 3, 4, 4, 5, 3, 5, 5, 4, 5, 5, 5, 2, 4, 5, 5, 4, 3, 4, 5, 4]"
an invertebrate,3.8667,1.432,30,"[1, 5, 5, 3, 1, 5, 5, 3, 5, 3, 5, 5, 5, 4, 5, 5, 2, 5, 4, 3, 5, 5, 5, 2, 2, 5, 4, 1, 5, 3]"
an islet,3.4333,1.1943,30,"[3, 5, 5, 3, 5, 5, 2, 5, 2, 4, 4, 5, 2, 3, 3, 4, 2, 2, 3, 1, 3, 3, 5, 4, 3, 3, 5, 3, 4, 2]"
an oleander,2.8667,1.5253,30,"[4, 3, 1, 3, 3, 4, 1, 5, 5, 5, 3, 5, 1, 1, 2, 1, 3, 5, 4, 2, 5, 4, 2, 1, 1, 4, 3, 1, 3, 1]"
an onion,4.8333,0.4611,30,"[5, 5, 5, 5, 5, 5, 5, 4, 5, 5, 3, 4, 5, 5, 5, 5, 5, 5, 5, 5, 5, 5, 5, 5, 5, 5, 5, 5, 5, 4]"
an originator,4.2,1.1567,30,"[5, 5, 5, 5, 4, 5, 5, 5, 5, 2, 5, 5, 3, 5, 3, 5, 5, 3, 3, 2, 4, 5, 5, 2, 5, 5, 3, 5, 5, 2]"
an oriole,3.5,1.2798,30,"[2, 3, 4, 5, 3, 3, 5, 1, 4, 3, 5, 5, 5, 5, 1, 4, 3, 3, 5, 4, 2, 5, 2, 4, 4, 1, 4, 4, 3, 3]"
an orphan,4.7667,0.504,30,"[5, 4, 5, 5, 5, 5, 5, 5, 5, 5, 5, 5, 5, 5, 4, 5, 5, 4, 5, 3, 5, 5, 5, 4, 4, 5, 5, 5, 5, 5]"
an outdoorsman,4.5333,0.7303,30,"[5, 5, 5, 5, 5, 5, 5, 4, 4, 5, 3, 4, 5, 3, 3, 5, 5, 5, 5, 5, 5, 5, 4, 5, 5, 4, 5, 3, 5, 4]"
an outpatient,4.6,0.724,30,"[3, 5, 5, 3, 5, 5, 5, 3, 5, 4, 5, 5, 5, 5, 5, 5, 4, 5, 3, 5, 4, 5, 5, 5, 5, 5, 5, 4, 5, 5]"
an undershirt,4.8667,0.3457,30,"[5, 5, 5, 5, 5, 5, 5, 5, 5, 5, 4, 5, 5, 5, 4, 5, 5, 5, 5, 4, 5, 5, 5, 5, 5, 5, 4, 5, 5, 5]"
an usher,4.4333,0.8976,30,"[5, 4, 5, 4, 5, 4, 5, 5, 5, 5, 5, 5, 5, 4, 5, 5, 2, 5, 4, 4, 5, 5, 5, 3, 2, 4, 5, 3, 5, 5]"
anorexia,4.8667,0.3457,30,"[5, 5, 4, 5, 5, 5, 5, 5, 5, 5, 4, 5, 5, 5, 5, 5, 5, 5, 5, 5, 5, 5, 4, 5, 5, 4, 5, 5, 5, 5]"
anxious,4.7333,0.5208,30,"[5, 5, 4, 5, 5, 4, 5, 5, 5, 5, 5, 5, 5, 4, 5, 5, 5, 5, 5, 4, 4, 5, 5, 5, 5, 3, 5, 5, 5, 4]"
apathetic,4.3333,0.9223,30,"[3, 3, 5, 5, 5, 5, 5, 4, 4, 5, 2, 4, 5, 5, 4, 4, 5, 5, 5, 5, 5, 5, 3, 3, 5, 5, 3, 5, 5, 3]"
aphasia,2.0,1.1142,30,"[3, 1, 2, 3, 1, 1, 1, 1, 3, 4, 1, 1, 2, 2, 2, 2, 2, 4, 2, 4, 2, 4, 1, 1, 2, 1, 1, 1, 4, 1]"
appropriate,4.8621,0.3509,29,"[5, 4, 5, 5, 5, 5, 4, 5, 5, 5, 5, 5, 5, 4, 5, 5, 5, 5, 5, 4, 5, 5, 5, 5, 5, 5, 5, 5, 5]"
arousing,4.7241,0.5276,29,"[4, 5, 4, 5, 5, 5, 5, 5, 5, 5, 5, 5, 5, 4, 5, 4, 5, 5, 5, 4, 5, 5, 5, 5, 5, 4, 5, 5, 3]"
asparagus,4.7667,0.6261,30,"[5, 5, 5, 5, 5, 5, 5, 5, 4, 5, 2, 4, 5, 5, 5, 5, 5, 5, 5, 5, 5, 5, 4, 5, 5, 5, 5, 5, 5, 4]"
aspiring,4.6,0.6215,30,"[4, 5, 3, 4, 5, 5, 4, 5, 5, 5, 4, 5, 5, 5, 5, 5, 4, 5, 5, 5, 5, 5, 4, 5, 4, 4, 3, 5, 5, 5]"
astigmatism,4.0667,1.3113,30,"[4, 5, 5, 5, 5, 5, 4, 5, 4, 3, 5, 5, 5, 5, 1, 4, 3, 1, 5, 2, 5, 5, 4, 5, 5, 2, 5, 3, 5, 2]"
athletic,4.7667,0.4302,30,"[5, 4, 5, 5, 5, 5, 5, 4, 5, 5, 4, 4, 5, 5, 5, 5, 5, 5, 5, 5, 5, 5, 5, 5, 5, 4, 4, 5, 5, 4]"
azure,3.2667,1.596,30,"[1, 3, 4, 2, 5, 5, 3, 1, 5, 2, 5, 1, 3, 4, 5, 5, 2, 5, 1, 1, 4, 4, 5, 3, 1, 4, 5, 3, 5, 1]"
bacteria,4.3667,0.8087,30,"[5, 5, 5, 5, 4, 5, 4, 5, 5, 4, 5, 5, 5, 5, 5, 5, 5, 4, 4, 5, 3, 5, 3, 3, 3, 5, 4, 3, 4, 3]"
bagpipes,4.7333,0.5208,30,"[4, 5, 3, 4, 5, 5, 4, 5, 5, 5, 5, 5, 5, 5, 5, 5, 4, 5, 5, 5, 5, 5, 5, 5, 4, 4, 5, 5, 5, 5]"
baking powder,4.9333,0.2537,30,"[5, 5, 5, 5, 5, 5, 5, 5, 5, 5, 5, 5, 5, 5, 5, 5, 4, 5, 5, 4, 5, 5, 5, 5, 5, 5, 5, 5, 5, 5]"
basil,4.7333,0.6397,30,"[3, 5, 5, 3, 5, 5, 5, 5, 5, 4, 5, 5, 5, 5, 5, 5, 5, 5, 5, 5, 3, 5, 5, 5, 5, 4, 5, 5, 5, 5]"
bent,4.9333,0.2537,30,"[5, 5, 5, 5, 5, 5, 5, 5, 5, 5, 5, 5, 5, 5, 4, 5, 5, 5, 5, 5, 5, 5, 5, 4, 5, 5, 5, 5, 5, 5]"
berkelium,1.4667,0.7303,30,"[1, 1, 1, 2, 2, 2, 1, 1, 2, 2, 2, 1, 1, 2, 2, 1, 1, 1, 1, 1, 1, 1, 4, 1, 1, 2, 1, 1, 3, 1]"
bewildered,4.4667,0.8193,30,"[3, 5, 5, 5, 4, 5, 5, 5, 5, 5, 5, 5, 5, 4, 5, 4, 5, 4, 5, 5, 5, 5, 2, 3, 4, 5, 4, 3, 4, 5]"
bipolar disorder,4.3,0.9154,30,"[4, 5, 4, 5, 4, 5, 2, 5, 5, 5, 5, 5, 5, 4, 3, 4, 5, 4, 4, 5, 4, 5, 2, 3, 5, 5, 3, 4, 5, 5]"
black-eyed peas,4.6667,0.6609,30,"[3, 5, 3, 3, 5, 5, 5, 5, 4, 5, 5, 4, 5, 5, 5, 5, 5, 5, 5, 5, 5, 5, 5, 5, 5, 5, 4, 5, 4, 5]"
blindness,4.8276,0.4682,29,"[5, 5, 5, 3, 5, 5, 5, 5, 5, 5, 5, 5, 5, 4, 5, 5, 5, 5, 5, 4, 5, 5, 5, 5, 5, 5, 5, 4, 5]"
bloody,4.6552,0.6139,29,"[4, 5, 4, 5, 5, 4, 5, 5, 5, 5, 5, 5, 5, 4, 5, 5, 5, 5, 5, 5, 5, 5, 5, 4, 5, 4, 3, 5, 3]"
bohrium,1.9667,1.4016,30,"[1, 1, 2, 1, 1, 3, 1, 1, 5, 2, 3, 2, 1, 1, 5, 1, 1, 5, 2, 2, 1, 1, 1, 3, 1, 1, 5, 3, 1, 1]"
bowling,5.0,0.0,30,"[5, 5, 5, 5, 5, 5, 5, 5, 5, 5, 5, 5, 5, 5, 5, 5, 5, 5, 5, 5, 5, 5, 5, 5, 5, 5, 5, 5, 5, 5]"
bowling shoes,4.7667,0.4302,30,"[5, 5, 5, 5, 4, 5, 5, 5, 5, 5, 5, 5, 4, 5, 5, 5, 5, 4, 5, 4, 4, 5, 5, 5, 4, 5, 5, 4, 5, 5]"
brash,4.1333,0.8604,30,"[3, 4, 3, 5, 5, 4, 3, 4, 5, 5, 4, 5, 5, 5, 5, 4, 5, 5, 5, 4, 3, 5, 4, 3, 4, 2, 4, 4, 4, 3]"
brawny,4.3667,0.8899,30,"[5, 5, 5, 5, 3, 5, 5, 5, 5, 4, 5, 3, 5, 5, 2, 5, 5, 4, 4, 3, 5, 3, 5, 3, 5, 5, 4, 4, 4, 5]"
brief,4.9,0.3051,30,"[5, 5, 4, 5, 5, 5, 5, 5, 5, 5, 5, 5, 5, 5, 5, 5, 4, 5, 5, 4, 5, 5, 5, 5, 5, 5, 5, 5, 5, 5]"
broccoli,5.0,0.0,30,"[5, 5, 5, 5, 5, 5, 5, 5, 5, 5, 5, 5, 5, 5, 5, 5, 5, 5, 5, 5, 5, 5, 5, 5, 5, 5, 5, 5, 5, 5]"
brotherly,4.7,0.535,30,"[5, 4, 5, 5, 5, 5, 5, 5, 4, 5, 3, 4, 5, 4, 5, 5, 5, 5, 5, 5, 5, 5, 4, 5, 5, 5, 4, 5, 5, 4]"
brown sugar,4.9333,0.2537,30,"[5, 5, 5, 5, 5, 5, 5, 5, 5, 5, 5, 5, 5, 5, 5, 5, 4, 5, 5, 5, 5, 5, 5, 5, 5, 4, 5, 5, 5, 5]"
butter,4.6333,0.8899,30,"[5, 3, 5, 5, 5, 5, 5, 5, 5, 5, 5, 5, 5, 5, 5, 5, 3, 5, 4, 5, 5, 5, 5, 2, 2, 5, 5, 5, 5, 5]"
cancer,4.8,0.4842,30,"[4, 5, 3, 5, 5, 5, 4, 5, 5, 5, 5, 5, 5, 5, 5, 5, 4, 5, 5, 5, 5, 5, 5, 5, 4, 5, 5, 5, 5, 5]"
capable,4.8333,0.4611,30,"[5, 5, 5, 5, 4, 5, 5, 5, 5, 5, 5, 5, 5, 5, 5, 5, 5, 4, 5, 4, 5, 5, 5, 3, 5, 5, 5, 5, 5, 5]"
capri pants,4.5667,0.8584,30,"[5, 4, 5, 5, 3, 5, 5, 5, 4, 5, 2, 4, 5, 5, 5, 5, 5, 5, 5, 5, 5, 5, 5, 5, 5, 4, 5, 2, 5, 4]"
car racing,4.4483,0.8275,29,"[3, 5, 4, 5, 5, 3, 5, 5, 5, 5, 5, 5, 5, 3, 5, 5, 5, 5, 5, 4, 5, 4, 3, 5, 4, 3, 5, 5, 3]"
caramel,4.8,0.4068,30,"[5, 4, 5, 5, 5, 5, 5, 4, 5, 5, 4, 4, 5, 5, 5, 5, 5, 5, 5, 5, 5, 5, 5, 5, 5, 4, 5, 5, 5, 4]"
cardamom,2.5333,1.383,30,"[1, 4, 4, 1, 3, 2, 1, 1, 3, 2, 5, 5, 3, 1, 4, 2, 2, 1, 4, 1, 3, 3, 1, 1, 4, 3, 1, 2, 5, 3]"
cardiomyopathy,2.4,1.4527,30,"[1, 1, 4, 1, 5, 5, 2, 3, 2, 1, 1, 5, 1, 5, 2, 4, 2, 1, 2, 1, 1, 3, 3, 3, 1, 1, 1, 3, 4, 3]"
cargo pants,4.4667,1.1059,30,"[5, 5, 5, 5, 5, 5, 5, 3, 5, 5, 5, 5, 5, 3, 5, 5, 2, 5, 5, 5, 5, 5, 5, 2, 2, 5, 5, 2, 5, 5]"
caring,4.8667,0.3457,30,"[5, 4, 5, 5, 5, 5, 5, 5, 5, 4, 5, 4, 5, 5, 5, 5, 5, 5, 5, 5, 4, 5, 5, 5, 5, 5, 5, 5, 5, 5]"
carsick,4.6,0.7701,30,"[5, 4, 5, 5, 5, 5, 5, 3, 5, 5, 2, 4, 5, 4, 4, 5, 5, 5, 5, 5, 5, 5, 5, 5, 5, 5, 5, 3, 5, 4]"
cautious,4.7241,0.5276,29,"[5, 3, 5, 5, 5, 5, 5, 4, 4, 5, 4, 5, 5, 5, 5, 5, 5, 5, 5, 5, 5, 5, 5, 5, 4, 4, 5, 5, 4]"
cellulitis,3.1,1.2415,30,"[2, 3, 3, 4, 5, 3, 1, 3, 3, 3, 4, 4, 4, 3, 5, 4, 1, 1, 5, 5, 3, 3, 4, 4, 2, 1, 1, 3, 3, 3]"
certain,4.8276,0.4682,29,"[5, 4, 5, 5, 5, 5, 5, 5, 5, 5, 4, 5, 5, 5, 5, 5, 5, 5, 3, 5, 5, 5, 5, 5, 5, 5, 5, 5, 4]"
chai tea,4.5,0.9002,30,"[5, 5, 5, 5, 5, 4, 5, 5, 5, 5, 5, 5, 5, 5, 3, 2, 5, 5, 4, 4, 5, 5, 5, 5, 4, 3, 5, 4, 2, 5]"
charades,4.4286,0.8357,28,"[3, 4, 4, 5, 5, 5, 5, 4, 5, 5, 5, 3, 5, 5, 3, 5, 4, 4, 5, 5, 5, 4, 2, 5, 5, 4, 5, 5]"
chili,4.931,0.2579,29,"[5, 5, 5, 5, 5, 5, 5, 5, 5, 5, 5, 5, 5, 5, 5, 4, 5, 5, 5, 5, 5, 5, 5, 5, 4, 5, 5, 5, 5]"
chirpy,3.6897,1.3655,29,"[5, 3, 4, 5, 2, 3, 5, 2, 5, 2, 5, 5, 1, 4, 5, 5, 2, 5, 4, 3, 4, 5, 4, 2, 1, 5, 3, 5, 3]"
chocolate,5.0,0.0,30,"[5, 5, 5, 5, 5, 5, 5, 5, 5, 5, 5, 5, 5, 5, 5, 5, 5, 5, 5, 5, 5, 5, 5, 5, 5, 5, 5, 5, 5, 5]"
chromium,3.1333,1.4077,30,"[2, 3, 3, 2, 1, 3, 5, 2, 5, 2, 5, 5, 5, 4, 5, 1, 2, 4, 2, 3, 4, 4, 4, 1, 3, 2, 5, 2, 4, 1]"
chubby,4.7,0.596,30,"[5, 5, 5, 5, 4, 5, 5, 5, 5, 5, 5, 5, 4, 5, 4, 5, 5, 4, 5, 5, 5, 5, 3, 3, 5, 5, 5, 4, 5, 5]"
civilized,4.8,0.4842,30,"[5, 4, 5, 3, 5, 5, 5, 4, 5, 4, 5, 5, 5, 5, 5, 5, 5, 5, 5, 5, 4, 5, 5, 5, 5, 5, 5, 5, 5, 5]"
clean,4.8667,0.3457,30,"[5, 4, 5, 5, 5, 5, 5, 5, 5, 5, 5, 4, 5, 5, 5, 5, 5, 5, 5, 5, 5, 5, 5, 5, 5, 5, 5, 4, 5, 4]"
cleats,4.1379,1.2167,29,"[3, 4, 3, 4, 5, 5, 5, 1, 5, 3, 5, 5, 5, 5, 5, 5, 2, 5, 5, 4, 5, 5, 2, 2, 3, 5, 4, 5, 5]"
club soda,4.6207,0.6769,29,"[4, 5, 3, 5, 5, 4, 5, 5, 5, 5, 5, 5, 5, 4, 5, 5, 4, 5, 5, 4, 5, 5, 5, 5, 3, 5, 3, 5, 5]"
cod,4.5,1.0748,30,"[5, 5, 4, 4, 5, 5, 5, 5, 5, 5, 5, 5, 5, 1, 5, 5, 4, 4, 5, 4, 5, 5, 3, 5, 5, 1, 5, 5, 5, 5]"
collard greens,4.3333,0.9589,30,"[4, 4, 3, 3, 5, 5, 4, 5, 5, 5, 5, 5, 5, 5, 3, 5, 4, 5, 5, 5, 5, 4, 5, 1, 4, 4, 4, 5, 3, 5]"
colorful,4.9667,0.1826,30,"[5, 5, 5, 5, 5, 5, 5, 5, 5, 5, 5, 5, 5, 5, 5, 5, 5, 5, 5, 5, 5, 5, 5, 5, 5, 4, 5, 5, 5, 5]"
comforting,5.0,0.0,29,"[5, 5, 5, 5, 5, 5, 5, 5, 5, 5, 5, 5, 5, 5, 5, 5, 5, 5, 5, 5, 5, 5, 5, 5, 5, 5, 5, 5, 5]"
comparable,4.8667,0.3457,30,"[5, 5, 5, 4, 5, 5, 5, 5, 5, 5, 5, 4, 5, 5, 5, 5, 5, 5, 5, 4, 5, 5, 5, 5, 5, 4, 5, 5, 5, 5]"
competent,4.9,0.4026,30,"[5, 5, 5, 5, 5, 5, 5, 5, 5, 5, 5, 5, 5, 5, 5, 5, 4, 5, 5, 3, 5, 5, 5, 5, 5, 5, 5, 5, 5, 5]"
concealer,4.5667,0.7739,30,"[5, 3, 4, 5, 3, 5, 5, 4, 5, 5, 2, 4, 5, 5, 5, 5, 5, 5, 5, 5, 5, 5, 5, 4, 5, 4, 5, 5, 5, 4]"
conclusive,4.7333,0.5208,30,"[4, 5, 5, 4, 5, 5, 5, 3, 5, 4, 5, 5, 4, 5, 5, 5, 5, 5, 4, 5, 4, 5, 5, 5, 5, 5, 5, 5, 5, 5]"
conditioner,4.5,0.9002,30,"[5, 3, 5, 5, 5, 5, 5, 5, 5, 4, 5, 5, 5, 4, 5, 5, 2, 5, 4, 4, 5, 5, 5, 3, 2, 5, 5, 4, 5, 5]"
contemporary,4.7333,0.5833,30,"[5, 4, 5, 5, 5, 5, 5, 5, 5, 5, 5, 5, 5, 5, 4, 5, 5, 5, 5, 3, 5, 5, 5, 3, 5, 5, 4, 5, 5, 4]"
convincing,4.6667,0.7112,30,"[5, 5, 5, 5, 5, 5, 4, 5, 5, 5, 5, 5, 4, 5, 5, 5, 5, 4, 5, 5, 5, 5, 2, 3, 4, 5, 5, 4, 5, 5]"
cowardly,4.6552,0.6139,29,"[4, 5, 4, 5, 5, 4, 5, 5, 5, 5, 5, 5, 5, 3, 5, 5, 5, 5, 5, 4, 5, 5, 4, 5, 4, 5, 5, 5, 3]"
cowboy boots,4.9667,0.1826,30,"[5, 5, 5, 5, 5, 5, 5, 5, 5, 4, 5, 5, 5, 5, 5, 5, 5, 5, 5, 5, 5, 5, 5, 5, 5, 5, 5, 5, 5, 5]"
craps,4.2414,0.9876,29,"[2, 5, 5, 5, 5, 3, 5, 5, 5, 5, 5, 5, 5, 4, 5, 5, 3, 4, 5, 4, 5, 4, 3, 4, 4, 3, 3, 5, 2]"
creaky,4.7667,0.6261,30,"[5, 5, 4, 5, 5, 5, 5, 5, 5, 5, 5, 4, 5, 5, 5, 5, 4, 5, 5, 5, 5, 5, 2, 5, 5, 4, 5, 5, 5, 5]"
cream cheese,4.7667,0.504,30,"[5, 5, 5, 5, 5, 5, 5, 5, 5, 5, 5, 5, 4, 5, 3, 5, 5, 4, 5, 5, 5, 5, 5, 4, 4, 5, 5, 4, 5, 5]"
critical,4.9,0.3051,30,"[5, 4, 5, 5, 5, 5, 5, 5, 5, 5, 5, 4, 5, 5, 5, 5, 5, 5, 5, 5, 5, 5, 5, 5, 5, 5, 5, 5, 5, 4]"
cumbersome,4.3,1.1492,30,"[2, 4, 5, 5, 5, 3, 5, 1, 5, 4, 5, 5, 5, 5, 5, 5, 2, 5, 4, 4, 5, 5, 5, 4, 2, 5, 5, 4, 5, 5]"
cumin,3.7333,1.4126,30,"[5, 3, 5, 3, 5, 5, 3, 1, 4, 2, 5, 5, 5, 3, 4, 3, 3, 5, 5, 4, 5, 4, 5, 1, 1, 1, 3, 4, 5, 5]"
curvy,4.7667,0.504,30,"[5, 4, 5, 5, 5, 5, 5, 5, 5, 5, 3, 4, 5, 4, 5, 5, 5, 5, 5, 5, 5, 5, 5, 5, 5, 4, 5, 5, 5, 4]"
cute,4.8,0.4842,30,"[4, 5, 3, 4, 5, 5, 5, 5, 5, 5, 5, 5, 5, 5, 5, 5, 4, 5, 5, 5, 5, 5, 5, 5, 4, 5, 5, 5, 5, 5]"
damaging,4.5862,0.6823,29,"[3, 5, 3, 5, 5, 4, 5, 5, 5, 5, 5, 5, 5, 4, 5, 5, 5, 5, 5, 4, 5, 4, 4, 5, 4, 5, 5, 5, 3]"
damp,4.7333,0.6915,30,"[4, 5, 3, 5, 5, 5, 5, 5, 5, 5, 5, 5, 5, 5, 5, 5, 5, 5, 5, 5, 4, 5, 5, 5, 5, 2, 5, 5, 5, 4]"
dashing,4.7,0.535,30,"[5, 5, 3, 4, 5, 5, 4, 5, 5, 5, 5, 5, 5, 5, 5, 4, 4, 5, 5, 5, 5, 5, 4, 5, 4, 5, 4, 5, 5, 5]"
dear,4.7333,0.5833,30,"[5, 5, 5, 5, 4, 5, 5, 5, 5, 5, 5, 5, 5, 5, 4, 5, 5, 4, 5, 3, 5, 5, 5, 3, 5, 5, 5, 5, 5, 4]"
debatable,4.8667,0.3457,30,"[5, 5, 5, 5, 5, 5, 4, 5, 5, 5, 4, 4, 5, 5, 5, 5, 5, 5, 5, 5, 5, 5, 5, 5, 5, 4, 5, 5, 5, 5]"
delusional disorder,3.3333,1.1547,30,"[4, 3, 5, 3, 5, 2, 5, 3, 4, 2, 5, 2, 5, 5, 3, 5, 2, 2, 1, 3, 4, 3, 3, 3, 3, 3, 3, 4, 2, 3]"
dependent,4.7667,0.504,30,"[5, 4, 5, 5, 5, 5, 5, 4, 5, 5, 4, 4, 5, 5, 5, 5, 5, 5, 5, 5, 5, 5, 5, 5, 5, 5, 3, 5, 5, 4]"
deranged,4.5667,0.7279,30,"[5, 4, 5, 5, 5, 5, 5, 4, 4, 5, 2, 4, 5, 5, 3, 5, 4, 5, 5, 5, 5, 5, 4, 5, 5, 5, 4, 5, 5, 4]"
despondent,4.2414,1.0575,29,"[5, 2, 4, 5, 4, 5, 5, 4, 5, 1, 4, 5, 3, 4, 5, 5, 5, 5, 3, 5, 5, 5, 3, 5, 4, 4, 5, 5, 3]"
detailed,4.7333,0.5208,30,"[4, 5, 3, 4, 5, 5, 4, 5, 5, 5, 5, 5, 5, 5, 5, 5, 4, 5, 5, 5, 5, 5, 5, 5, 4, 4, 5, 5, 5, 5]"
determined,4.9333,0.2537,30,"[5, 5, 5, 5, 5, 5, 5, 5, 5, 5, 5, 5, 5, 5, 5, 5, 4, 5, 5, 4, 5, 5, 5, 5, 5, 5, 5, 5, 5, 5]"
detestable,4.2069,1.1142,29,"[5, 4, 4, 5, 1, 5, 5, 5, 4, 5, 5, 5, 4, 4, 3, 2, 5, 4, 3, 3, 5, 5, 4, 2, 5, 5, 5, 5, 5]"
devastating,4.9667,0.1826,30,"[5, 5, 4, 5, 5, 5, 5, 5, 5, 5, 5, 5, 5, 5, 5, 5, 5, 5, 5, 5, 5, 5, 5, 5, 5, 5, 5, 5, 5, 5]"
dirty,4.9667,0.1826,30,"[5, 4, 5, 5, 5, 5, 5, 5, 5, 5, 5, 5, 5, 5, 5, 5, 5, 5, 5, 5, 5, 5, 5, 5, 5, 5, 5, 5, 5, 5]"
discreet,4.7667,0.4302,30,"[5, 4, 5, 4, 5, 5, 5, 5, 5, 4, 5, 5, 4, 5, 5, 5, 4, 5, 5, 5, 4, 5, 5, 5, 5, 4, 5, 5, 5, 5]"
dismissive,4.5,0.7311,30,"[4, 5, 2, 4, 5, 5, 5, 5, 5, 5, 4, 5, 5, 5, 5, 5, 4, 3, 5, 4, 4, 5, 4, 5, 4, 4, 4, 5, 5, 5]"
distinct,4.8333,0.4611,30,"[5, 5, 5, 5, 4, 5, 5, 5, 5, 5, 5, 5, 5, 5, 5, 5, 5, 4, 5, 4, 5, 5, 5, 3, 5, 5, 5, 5, 5, 5]"
disturbed,4.6333,0.7184,30,"[5, 5, 5, 5, 5, 5, 4, 5, 5, 5, 5, 5, 4, 5, 4, 5, 5, 4, 5, 5, 5, 5, 2, 3, 4, 5, 5, 5, 4, 5]"
disturbing,4.7333,0.6915,30,"[5, 5, 5, 5, 5, 5, 5, 5, 5, 5, 5, 5, 5, 5, 5, 5, 5, 4, 5, 5, 5, 5, 2, 3, 4, 5, 5, 4, 5, 5]"
domesticated,4.4333,0.7279,30,"[4, 5, 5, 5, 5, 5, 4, 5, 5, 5, 5, 5, 4, 4, 4, 4, 5, 4, 5, 5, 4, 5, 2, 3, 4, 5, 4, 4, 4, 5]"
drab,4.6333,0.6149,30,"[5, 4, 5, 5, 4, 5, 5, 5, 5, 5, 5, 5, 5, 4, 4, 5, 5, 4, 4, 3, 5, 4, 5, 3, 5, 5, 5, 5, 5, 5]"
draconian,3.0,1.2865,30,"[1, 3, 4, 5, 2, 3, 1, 5, 3, 2, 5, 5, 3, 3, 3, 2, 5, 4, 4, 4, 4, 3, 2, 2, 2, 1, 2, 1, 3, 3]"
dubnium,1.1333,0.3457,30,"[1, 1, 1, 1, 1, 1, 1, 1, 2, 1, 1, 1, 1, 1, 1, 1, 1, 1, 1, 1, 1, 1, 2, 1, 1, 1, 2, 1, 1, 2]"
duct tape,4.7667,0.504,30,"[4, 5, 4, 5, 5, 5, 5, 5, 5, 5, 5, 5, 5, 4, 5, 5, 5, 5, 5, 5, 4, 5, 5, 5, 5, 3, 5, 5, 5, 4]"
dusty,4.8667,0.3457,30,"[5, 4, 5, 5, 5, 5, 5, 4, 5, 5, 5, 4, 5, 5, 5, 5, 5, 5, 5, 5, 5, 5, 5, 5, 5, 5, 5, 5, 5, 4]"
dyscalculia,1.4042,0.9848,240,"[1, 1, 1, 1, 1, 5, 5, 1, 1, 1, 1, 1, 5, 1, 1, 1, 1, 1, 1, 1, 2, 1, 2, 1, 4, 1, 1, 1, 3, 1, 1, 1, 5, 1, 2, 2, 1, 1, 3, 1, 4, 1, 1, 2, 1, 2, 1, 1, 1, 1, 1, 1, 1, 1, 1, 1, 1, 1, 1, 1, 1, 1, 1, 1, 1, 1, 1, 1, 1, 1, 1, 1, 1, 1, 1, 1, 3, 1, 1, 1, 5, 1, 2, 1, 1, 1, 1, 1, 1, 1, 1, 1, 1, 1, 2, 1, 1, 1, 2, 1, 1, 1, 5, 1, 1, 1, 1, 2, 2, 1, 1, 2, 1, 1, 2, 1, 3, 1, 1, 1, 1, 1, 3, 1, 1, 1, 1, 1, 2, 2, 1, 2, 1, 1, 1, 1, 2, 1, 2, 2, 1, 1, 1, 5, 1, 1, 5, 1, 1, 1, 1, 1, 1, 1, 1, 1, 2, 1, 5, 1, 1, 1, 1, 1, 1, 1, 5, 1, 1, 1, 1, 1, 1, 1, 1, 1, 1, 3, 1, 1, 1, 1, 2, 1, 1, 2, 1, 1, 2, 5, 1, 1, 1, 1, 1, 1, 1, 1, 1, 1, 1, 1, 1, 2, 1, 1, 1, 1, 1, 2, 1, 5, 1, 1, 1, 1, 1, 1, 1, 1, 1, 1, 1, 1, 1, 2, 1, 2, 1, 2, 1, 1, 1, 1, 1, 1, 1, 1, 4, 1]"
earthy,4.6,0.855,30,"[4, 5, 5, 5, 5, 5, 5, 5, 5, 5, 5, 5, 5, 5, 4, 5, 5, 4, 2, 3, 5, 5, 5, 2, 5, 5, 5, 5, 5, 4]"
easy,4.9,0.3051,30,"[5, 4, 5, 5, 5, 5, 5, 5, 5, 5, 5, 4, 5, 5, 5, 5, 5, 5, 5, 5, 5, 5, 5, 5, 5, 5, 5, 5, 5, 4]"
edible,4.7333,0.6397,30,"[5, 5, 5, 5, 5, 5, 4, 5, 5, 5, 5, 5, 5, 5, 5, 4, 5, 4, 5, 5, 5, 5, 2, 4, 5, 5, 4, 5, 5, 5]"
emergent,3.6333,1.1885,30,"[4, 3, 4, 4, 4, 5, 5, 3, 4, 5, 2, 4, 5, 4, 3, 3, 5, 3, 1, 4, 4, 2, 3, 5, 5, 4, 2, 1, 5, 3]"
energetic,4.8,0.4842,30,"[4, 5, 3, 5, 5, 5, 5, 5, 5, 5, 5, 5, 5, 5, 5, 5, 4, 5, 5, 5, 5, 5, 5, 5, 4, 4, 5, 5, 5, 5]"
enormous,4.7,0.6513,30,"[5, 5, 5, 5, 5, 5, 5, 5, 5, 5, 5, 5, 4, 5, 5, 4, 5, 4, 5, 4, 5, 5, 2, 4, 5, 5, 5, 4, 5, 5]"
enticing,4.4667,0.7761,30,"[4, 5, 5, 5, 4, 5, 3, 5, 5, 5, 5, 5, 4, 4, 5, 4, 5, 4, 5, 5, 5, 5, 2, 3, 4, 5, 4, 4, 5, 5]"
equable,2.7667,1.4782,30,"[3, 2, 5, 1, 3, 1, 2, 5, 1, 2, 1, 5, 1, 4, 4, 2, 4, 4, 2, 4, 5, 1, 2, 1, 3, 1, 4, 3, 5, 2]"
erotic,4.7333,0.5833,30,"[5, 5, 5, 5, 5, 5, 5, 5, 5, 4, 5, 5, 5, 5, 4, 5, 5, 4, 5, 3, 5, 5, 5, 3, 4, 5, 5, 5, 5, 5]"
europium,1.6333,1.0981,30,"[1, 1, 1, 2, 2, 5, 1, 1, 1, 1, 1, 1, 1, 1, 1, 4, 4, 1, 2, 1, 1, 1, 3, 2, 1, 1, 1, 2, 3, 1]"
evasive,4.4828,0.829,29,"[5, 4, 5, 5, 5, 5, 5, 4, 4, 5, 3, 4, 5, 5, 5, 5, 5, 5, 4, 5, 3, 5, 2, 5, 5, 4, 5, 5, 3]"
exaggerated,4.9,0.3051,30,"[5, 5, 5, 5, 5, 5, 5, 5, 5, 5, 5, 5, 5, 5, 5, 5, 5, 4, 5, 4, 5, 5, 5, 4, 5, 5, 5, 5, 5, 5]"
explosives,4.3793,1.0493,29,"[5, 4, 4, 5, 5, 5, 5, 5, 5, 5, 5, 5, 5, 5, 5, 5, 2, 3, 3, 5, 5, 5, 3, 2, 4, 5, 2, 5, 5]"
extra-large,4.4138,1.1186,29,"[3, 5, 4, 5, 5, 5, 5, 5, 5, 5, 5, 5, 4, 5, 5, 3, 5, 4, 1, 5, 5, 5, 2, 2, 5, 5, 5, 5, 5]"
far-flung,4.3,1.0222,30,"[5, 3, 5, 5, 5, 5, 5, 4, 3, 5, 4, 4, 5, 5, 4, 5, 5, 4, 5, 1, 5, 4, 4, 5, 5, 5, 4, 5, 3, 2]"
fascinating,4.8667,0.5713,30,"[5, 5, 5, 5, 5, 5, 5, 5, 5, 5, 5, 5, 5, 5, 5, 5, 5, 5, 5, 4, 5, 5, 5, 2, 5, 5, 5, 5, 5, 5]"
fatherly,4.8333,0.5921,30,"[5, 5, 5, 4, 5, 5, 5, 5, 5, 5, 5, 5, 4, 5, 5, 5, 5, 5, 5, 5, 2, 5, 5, 5, 5, 5, 5, 5, 5, 5]"
fatigued,4.6897,0.6038,29,"[4, 5, 4, 5, 5, 4, 5, 5, 5, 5, 5, 5, 5, 4, 5, 5, 5, 5, 5, 5, 5, 5, 5, 5, 3, 4, 5, 5, 3]"
feigned,4.2667,1.3113,30,"[5, 5, 4, 4, 4, 1, 5, 5, 5, 5, 5, 5, 5, 1, 1, 3, 4, 5, 5, 5, 5, 5, 2, 5, 5, 4, 5, 5, 5, 5]"
flaky,4.7667,0.6789,30,"[5, 4, 5, 5, 5, 5, 5, 5, 5, 5, 5, 5, 5, 5, 5, 5, 3, 4, 5, 5, 5, 5, 5, 5, 5, 2, 5, 5, 5, 5]"
flip-flops,4.7333,0.5833,30,"[5, 4, 5, 5, 5, 5, 5, 5, 5, 5, 3, 4, 5, 5, 3, 5, 5, 5, 5, 5, 5, 5, 5, 5, 5, 5, 5, 4, 5, 4]"
flour,4.9,0.3051,30,"[5, 5, 5, 5, 5, 5, 5, 5, 5, 5, 4, 4, 5, 5, 5, 5, 5, 5, 5, 5, 5, 5, 5, 5, 5, 5, 5, 5, 5, 4]"
fluttering,4.5667,0.7279,30,"[5, 2, 5, 5, 5, 5, 5, 4, 4, 5, 3, 4, 5, 4, 4, 5, 5, 5, 5, 4, 5, 5, 5, 5, 5, 5, 4, 5, 5, 4]"
foamy,4.6,0.8137,30,"[5, 4, 5, 5, 5, 5, 5, 1, 4, 5, 4, 4, 5, 4, 5, 5, 5, 5, 5, 5, 5, 5, 4, 5, 5, 5, 4, 5, 5, 4]"
fog,4.5667,1.04,30,"[5, 4, 5, 5, 5, 5, 5, 5, 5, 5, 5, 5, 5, 5, 5, 5, 2, 5, 5, 4, 5, 5, 5, 1, 2, 5, 5, 4, 5, 5]"
francium,1.5462,0.9656,238,"[1, 1, 3, 2, 1, 3, 1, 1, 2, 1, 2, 1, 5, 1, 2, 1, 3, 2, 1, 2, 1, 1, 2, 1, 3, 1, 1, 1, 1, 1, 1, 1, 1, 2, 2, 2, 1, 1, 1, 2, 1, 1, 1, 2, 2, 2, 4, 1, 2, 1, 1, 1, 5, 1, 1, 1, 1, 1, 3, 1, 1, 1, 2, 1, 1, 1, 1, 1, 1, 3, 1, 1, 1, 1, 1, 2, 1, 2, 1, 3, 1, 1, 2, 5, 1, 1, 2, 1, 1, 1, 1, 2, 1, 2, 1, 1, 1, 1, 3, 1, 1, 2, 5, 1, 1, 1, 1, 2, 2, 1, 1, 1, 1, 1, 2, 1, 3, 2, 2, 1, 5, 5, 1, 1, 1, 1, 1, 1, 5, 2, 3, 1, 1, 2, 2, 1, 1, 3, 2, 2, 1, 1, 1, 5, 1, 1, 5, 3, 1, 1, 2, 1, 1, 1, 1, 1, 3, 1, 1, 1, 1, 1, 1, 1, 3, 1, 2, 1, 1, 1, 1, 1, 1, 1, 1, 1, 1, 1, 2, 1, 1, 2, 1, 2, 2, 1, 1, 1, 3, 1, 1, 2, 1, 1, 1, 1, 1, 1, 1, 1, 1, 1, 2, 1, 1, 3, 1, 1, 3, 1, 1, 2, 1, 1, 3, 1, 1, 1, 1, 1, 1, 1, 2, 2, 2, 1, 2, 2, 2, 5, 1, 2, 2, 1, 1, 1, 2, 1]"
free,4.5,1.0422,30,"[5, 3, 5, 5, 5, 5, 5, 5, 5, 5, 5, 5, 5, 4, 5, 5, 3, 5, 5, 3, 5, 5, 5, 4, 2, 5, 5, 1, 5, 5]"
frequent,4.7,0.535,30,"[4, 5, 3, 5, 5, 4, 5, 5, 5, 5, 5, 5, 5, 4, 5, 5, 5, 5, 5, 5, 4, 5, 5, 5, 5, 4, 4, 5, 5, 4]"
frightened,4.6552,0.6695,29,"[5, 5, 5, 5, 4, 5, 5, 5, 5, 5, 5, 5, 4, 5, 4, 5, 5, 4, 5, 5, 4, 5, 2, 4, 5, 5, 4, 5, 5]"
frightening,4.6333,0.7184,30,"[5, 5, 5, 5, 5, 5, 4, 5, 5, 5, 5, 5, 4, 5, 5, 4, 5, 4, 5, 5, 5, 5, 2, 3, 4, 5, 5, 4, 5, 5]"
frost,4.9333,0.2537,30,"[5, 5, 4, 5, 5, 5, 5, 5, 5, 5, 5, 5, 5, 5, 5, 5, 4, 5, 5, 5, 5, 5, 5, 5, 5, 5, 5, 5, 5, 5]"
frozen yogurt,4.9333,0.2537,30,"[5, 5, 5, 4, 5, 5, 5, 5, 5, 4, 5, 5, 5, 5, 5, 5, 5, 5, 5, 5, 5, 5, 5, 5, 5, 5, 5, 5, 5, 5]"
full,4.8,0.4842,30,"[4, 5, 3, 4, 5, 5, 5, 5, 5, 5, 5, 5, 5, 5, 5, 5, 4, 5, 5, 5, 5, 5, 5, 5, 4, 5, 5, 5, 5, 5]"
futuristic,4.6,0.6215,30,"[5, 5, 5, 3, 5, 5, 4, 4, 4, 4, 4, 5, 5, 5, 4, 5, 4, 5, 5, 5, 4, 5, 5, 5, 5, 3, 5, 5, 5, 5]"
galoshes,3.6,1.5447,30,"[2, 3, 5, 5, 5, 2, 4, 1, 5, 2, 5, 5, 5, 4, 1, 1, 1, 5, 2, 3, 5, 5, 5, 3, 2, 4, 5, 5, 3, 5]"
gastroesophageal reflux disease,3.3333,1.1547,30,"[3, 4, 3, 5, 1, 1, 3, 4, 2, 5, 2, 4, 3, 2, 3, 3, 3, 3, 5, 5, 4, 2, 5, 3, 3, 3, 4, 5, 3, 4]"
gaudy,4.1333,1.2794,30,"[5, 5, 4, 5, 5, 1, 5, 5, 5, 2, 5, 5, 5, 4, 4, 5, 2, 5, 3, 4, 5, 5, 5, 1, 2, 4, 4, 4, 5, 5]"
general,4.4,1.1017,30,"[5, 5, 4, 5, 5, 5, 5, 5, 5, 3, 5, 5, 5, 4, 5, 5, 2, 5, 5, 1, 5, 5, 5, 4, 2, 4, 5, 3, 5, 5]"
good,4.7931,0.5593,29,"[5, 5, 3, 5, 5, 4, 5, 5, 5, 5, 5, 5, 5, 3, 5, 5, 5, 5, 5, 5, 5, 5, 5, 5, 5, 5, 5, 5, 4]"
gorgonzola,3.5,1.6135,30,"[1, 5, 5, 1, 3, 5, 4, 5, 3, 1, 5, 5, 3, 2, 4, 4, 1, 1, 5, 1, 4, 5, 5, 4, 5, 1, 5, 5, 4, 3]"
graceful,4.5517,0.7831,29,"[5, 5, 5, 5, 4, 5, 4, 5, 5, 5, 5, 5, 5, 5, 4, 5, 5, 4, 5, 5, 3, 5, 2, 3, 4, 5, 5, 4, 5]"
gravy,4.8333,0.4611,30,"[5, 5, 3, 5, 5, 4, 5, 5, 5, 5, 5, 5, 5, 4, 5, 4, 5, 5, 5, 5, 5, 5, 5, 5, 5, 5, 5, 5, 5, 5]"
grouchy,4.5667,0.7739,30,"[4, 5, 3, 5, 5, 4, 5, 5, 5, 5, 5, 5, 5, 4, 5, 4, 5, 5, 5, 4, 5, 5, 5, 5, 5, 2, 5, 5, 4, 3]"
grumpy,5.0,0.0,30,"[5, 5, 5, 5, 5, 5, 5, 5, 5, 5, 5, 5, 5, 5, 5, 5, 5, 5, 5, 5, 5, 5, 5, 5, 5, 5, 5, 5, 5, 5]"
guarded,4.8333,0.379,30,"[4, 4, 5, 5, 5, 5, 5, 4, 5, 4, 5, 5, 5, 5, 5, 5, 5, 5, 5, 5, 4, 5, 5, 5, 5, 5, 5, 5, 5, 5]"
guilty,4.8667,0.4342,30,"[5, 5, 5, 5, 5, 5, 5, 5, 5, 5, 5, 5, 5, 5, 4, 5, 5, 5, 5, 4, 5, 5, 5, 3, 5, 5, 5, 5, 5, 5]"
hafnium,1.3431,0.7721,239,"[1, 1, 1, 1, 1, 3, 1, 1, 1, 1, 1, 1, 4, 1, 1, 1, 1, 1, 1, 1, 1, 2, 2, 1, 2, 1, 1, 1, 1, 1, 1, 1, 1, 2, 2, 2, 1, 1, 1, 2, 1, 2, 1, 1, 1, 2, 2, 1, 1, 1, 1, 1, 5, 1, 2, 1, 1, 1, 3, 1, 1, 1, 1, 1, 1, 1, 1, 1, 1, 3, 1, 1, 1, 1, 1, 1, 1, 1, 1, 4, 2, 1, 2, 1, 1, 1, 1, 1, 1, 1, 1, 1, 1, 1, 1, 1, 3, 1, 1, 1, 1, 1, 3, 1, 1, 1, 1, 2, 2, 1, 1, 2, 1, 1, 2, 1, 2, 1, 1, 1, 1, 1, 1, 1, 1, 1, 4, 1, 3, 2, 2, 1, 1, 1, 3, 1, 2, 1, 2, 1, 1, 1, 1, 4, 1, 1, 5, 1, 1, 1, 1, 1, 1, 1, 1, 1, 3, 1, 1, 1, 1, 1, 1, 1, 1, 1, 1, 1, 1, 1, 2, 1, 1, 1, 1, 3, 1, 1, 1, 1, 1, 1, 2, 1, 2, 1, 1, 1, 2, 2, 1, 1, 1, 4, 1, 1, 1, 1, 1, 1, 1, 1, 2, 1, 1, 1, 1, 1, 3, 1, 1, 1, 1, 1, 2, 1, 1, 1, 1, 1, 1, 1, 2, 3, 2, 1, 2, 1, 2, 1, 5, 1, 1, 1, 1, 1, 1, 1, 1]"
hail,4.6333,0.6149,30,"[5, 5, 5, 5, 5, 5, 5, 5, 5, 5, 5, 5, 4, 5, 5, 4, 5, 4, 5, 5, 4, 5, 5, 3, 4, 5, 4, 3, 4, 5]"
hair,4.7667,0.7739,30,"[5, 5, 5, 5, 5, 5, 5, 5, 5, 5, 5, 5, 5, 5, 5, 5, 5, 5, 4, 5, 5, 5, 5, 5, 2, 5, 5, 2, 5, 5]"
half-and-half,4.8333,0.379,30,"[5, 5, 5, 4, 5, 5, 5, 5, 5, 4, 5, 5, 4, 5, 4, 5, 4, 5, 5, 5, 5, 5, 5, 5, 5, 5, 5, 5, 5, 5]"
hallowed,4.5667,0.7739,30,"[5, 5, 4, 5, 4, 5, 5, 5, 5, 5, 5, 4, 5, 5, 2, 5, 5, 4, 3, 5, 5, 5, 5, 3, 5, 5, 4, 5, 5, 4]"
handsome,4.8,0.4842,30,"[4, 5, 3, 5, 5, 5, 4, 5, 5, 5, 5, 5, 5, 5, 5, 5, 4, 5, 5, 5, 5, 5, 5, 5, 4, 5, 5, 5, 5, 5]"
harmonious,4.7,0.535,30,"[5, 5, 5, 5, 4, 5, 5, 4, 5, 5, 5, 5, 5, 5, 4, 5, 5, 4, 4, 4, 5, 5, 5, 3, 5, 5, 4, 5, 5, 5]"
heavy,4.7,0.7497,30,"[5, 4, 5, 5, 5, 5, 5, 5, 5, 5, 5, 5, 5, 5, 5, 5, 3, 5, 5, 4, 5, 5, 5, 5, 2, 5, 5, 3, 5, 5]"
hellish,4.4333,0.6261,30,"[4, 4, 4, 4, 5, 5, 3, 5, 5, 5, 3, 5, 5, 5, 5, 5, 4, 4, 5, 4, 5, 4, 4, 5, 4, 4, 4, 5, 5, 4]"
hide-and-seek,4.6667,0.8442,30,"[5, 5, 5, 5, 5, 5, 5, 5, 5, 5, 5, 5, 5, 5, 5, 5, 2, 5, 5, 4, 5, 5, 5, 3, 2, 5, 5, 4, 5, 5]"
high heels,4.7931,0.5593,29,"[5, 5, 3, 5, 5, 4, 5, 5, 5, 5, 5, 5, 5, 4, 5, 5, 5, 5, 5, 5, 5, 3, 5, 5, 5, 5, 5, 5, 5]"
highfalutin,3.1379,1.6196,29,"[5, 1, 2, 3, 3, 1, 1, 3, 5, 4, 1, 4, 5, 1, 5, 5, 4, 1, 2, 5, 4, 1, 5, 5, 2, 4, 4, 4, 1]"
historical,4.7,0.535,30,"[4, 5, 3, 4, 5, 5, 4, 5, 5, 5, 4, 5, 5, 5, 5, 5, 4, 5, 5, 5, 5, 5, 5, 5, 4, 4, 5, 5, 5, 5]"
hot pepper,4.9333,0.2537,30,"[5, 5, 5, 5, 5, 5, 5, 5, 4, 5, 5, 5, 5, 5, 5, 5, 5, 5, 5, 4, 5, 5, 5, 5, 5, 5, 5, 5, 5, 5]"
humble,4.9333,0.2537,30,"[5, 5, 5, 5, 5, 5, 5, 5, 5, 5, 5, 5, 5, 5, 5, 5, 4, 5, 5, 5, 5, 5, 5, 5, 5, 4, 5, 5, 5, 5]"
ill-fated,4.5667,0.8976,30,"[5, 5, 5, 2, 4, 5, 5, 5, 5, 5, 5, 5, 5, 5, 3, 5, 5, 5, 4, 3, 5, 5, 5, 2, 5, 5, 5, 4, 5, 5]"
ill-informed,4.3929,0.8317,28,"[3, 5, 3, 5, 5, 4, 5, 5, 5, 5, 5, 5, 4, 5, 4, 5, 5, 5, 4, 3, 4, 5, 5, 2, 4, 4, 5, 4]"
important,4.8276,0.4682,29,"[5, 3, 5, 5, 5, 5, 5, 5, 5, 5, 5, 5, 5, 5, 5, 4, 5, 5, 5, 5, 5, 5, 5, 4, 4, 5, 5, 5, 5]"
inaudible,4.7,0.535,30,"[4, 5, 5, 4, 5, 5, 5, 4, 5, 4, 5, 5, 3, 5, 5, 5, 5, 5, 4, 5, 4, 5, 5, 5, 5, 5, 5, 5, 4, 5]"
inexpensive,4.6667,0.7581,30,"[5, 5, 5, 5, 5, 5, 4, 5, 5, 5, 5, 5, 5, 3, 5, 5, 5, 4, 5, 5, 5, 5, 2, 3, 5, 5, 5, 4, 5, 5]"
intentional,4.6333,0.6149,30,"[5, 3, 5, 5, 5, 5, 5, 4, 5, 5, 5, 4, 5, 4, 5, 5, 4, 5, 5, 5, 5, 5, 4, 5, 5, 4, 3, 5, 5, 4]"
intrusive,4.4667,0.8604,30,"[5, 5, 4, 5, 5, 4, 5, 5, 5, 4, 5, 5, 5, 4, 5, 5, 2, 5, 4, 4, 5, 5, 5, 4, 2, 4, 5, 3, 5, 5]"
irate,4.4667,0.8193,30,"[5, 5, 5, 5, 4, 5, 3, 5, 5, 5, 5, 5, 5, 5, 4, 3, 5, 4, 5, 4, 5, 5, 2, 3, 4, 5, 4, 4, 5, 5]"
jagged,4.5333,0.7303,30,"[5, 4, 5, 5, 5, 5, 5, 4, 4, 5, 2, 4, 5, 4, 4, 5, 3, 5, 5, 5, 5, 5, 5, 5, 5, 5, 4, 4, 5, 4]"
jasmine,4.3667,0.9279,30,"[4, 5, 3, 5, 5, 5, 3, 5, 5, 5, 5, 5, 5, 1, 5, 4, 4, 5, 4, 5, 5, 4, 4, 3, 4, 5, 4, 5, 4, 5]"
jelly,4.8667,0.3457,30,"[5, 5, 5, 5, 4, 5, 5, 5, 5, 5, 5, 5, 5, 5, 5, 5, 5, 4, 5, 5, 5, 5, 5, 5, 4, 5, 5, 4, 5, 5]"
jobless,4.8,0.4842,30,"[5, 4, 5, 5, 4, 5, 5, 5, 5, 5, 5, 5, 5, 5, 4, 5, 5, 5, 5, 3, 5, 5, 5, 4, 5, 5, 5, 5, 5, 5]"
joyful,4.6667,0.8442,30,"[5, 5, 5, 5, 5, 5, 5, 5, 5, 5, 5, 5, 5, 5, 5, 5, 2, 5, 5, 4, 5, 5, 5, 3, 2, 5, 5, 4, 5, 5]"
judicious,3.5667,1.1351,30,"[1, 5, 4, 5, 2, 3, 3, 4, 3, 5, 1, 5, 4, 3, 4, 3, 5, 4, 4, 4, 4, 5, 2, 3, 4, 5, 3, 3, 3, 3]"
juicy,5.0,0.0,30,"[5, 5, 5, 5, 5, 5, 5, 5, 5, 5, 5, 5, 5, 5, 5, 5, 5, 5, 5, 5, 5, 5, 5, 5, 5, 5, 5, 5, 5, 5]"
kayaking,4.6667,0.6609,30,"[4, 5, 5, 3, 5, 5, 5, 5, 5, 4, 5, 5, 3, 5, 4, 5, 5, 5, 5, 5, 4, 5, 5, 5, 5, 5, 3, 5, 5, 5]"
kick-boxing,4.6,0.7701,30,"[5, 4, 5, 5, 5, 5, 5, 4, 4, 5, 2, 4, 5, 5, 3, 5, 5, 5, 5, 5, 5, 5, 3, 5, 5, 5, 5, 5, 5, 4]"
lame,4.9,0.3051,30,"[5, 4, 5, 5, 5, 5, 5, 5, 5, 5, 5, 5, 5, 5, 4, 5, 5, 5, 5, 5, 4, 5, 5, 5, 5, 5, 5, 5, 5, 5]"
last,4.9,0.4026,30,"[5, 5, 5, 5, 5, 5, 5, 5, 5, 5, 5, 5, 5, 5, 5, 5, 5, 5, 5, 4, 5, 5, 5, 3, 5, 5, 5, 5, 5, 5]"
late,4.8621,0.3509,29,"[5, 5, 5, 5, 5, 5, 4, 5, 5, 5, 4, 5, 5, 5, 5, 5, 5, 5, 5, 5, 5, 5, 5, 5, 5, 5, 4, 5, 4]"
left,4.8333,0.379,30,"[4, 5, 4, 5, 5, 5, 5, 5, 5, 5, 5, 5, 5, 5, 5, 5, 4, 5, 5, 5, 5, 5, 5, 5, 4, 4, 5, 5, 5, 5]"
leukemia,4.4,0.855,30,"[5, 3, 5, 4, 3, 5, 5, 4, 4, 5, 2, 4, 5, 5, 3, 5, 5, 5, 5, 5, 5, 4, 5, 5, 5, 4, 3, 5, 5, 4]"
lighthearted,4.8667,0.3457,30,"[5, 5, 5, 4, 5, 5, 5, 4, 5, 4, 5, 5, 5, 5, 5, 5, 5, 5, 5, 5, 4, 5, 5, 5, 5, 5, 5, 5, 5, 5]"
lightning,4.9667,0.1826,30,"[5, 5, 5, 5, 5, 5, 5, 5, 5, 5, 5, 5, 5, 5, 5, 5, 5, 5, 5, 5, 5, 5, 5, 5, 5, 4, 5, 5, 5, 5]"
lips,4.9,0.3051,30,"[5, 5, 5, 5, 4, 5, 5, 5, 5, 5, 5, 5, 5, 4, 5, 5, 5, 4, 5, 5, 5, 5, 5, 5, 5, 5, 5, 5, 5, 5]"
locked-in syndrome,1.9333,1.1725,30,"[1, 2, 2, 2, 1, 3, 1, 1, 3, 5, 1, 3, 3, 4, 1, 3, 1, 1, 1, 1, 2, 1, 4, 3, 1, 1, 1, 1, 1, 3]"
logical,4.8667,0.4342,30,"[5, 5, 5, 5, 5, 5, 5, 5, 5, 5, 5, 5, 5, 5, 5, 5, 5, 4, 5, 3, 5, 5, 5, 4, 5, 5, 5, 5, 5, 5]"
longing,4.6897,0.5414,29,"[4, 5, 3, 5, 5, 5, 4, 5, 5, 5, 4, 5, 5, 5, 5, 4, 5, 5, 5, 5, 5, 5, 5, 4, 4, 4, 5, 5, 5]"
loutish,2.3333,1.4464,30,"[1, 1, 3, 2, 1, 1, 2, 1, 5, 2, 5, 1, 3, 3, 5, 1, 1, 3, 3, 2, 3, 1, 5, 4, 1, 1, 4, 3, 1, 1]"
low,4.9333,0.3651,30,"[5, 5, 5, 5, 5, 5, 5, 5, 5, 5, 5, 5, 5, 5, 5, 5, 5, 5, 5, 5, 5, 5, 5, 3, 5, 5, 5, 5, 5, 5]"
lowly,4.1333,0.8996,30,"[3, 5, 4, 5, 3, 4, 4, 5, 5, 5, 5, 5, 4, 3, 4, 4, 5, 4, 5, 4, 5, 5, 2, 3, 3, 5, 4, 3, 3, 5]"
ludicrous,4.3,0.8769,30,"[5, 5, 5, 5, 4, 5, 3, 5, 5, 5, 5, 5, 4, 4, 4, 3, 5, 4, 5, 4, 4, 5, 2, 3, 3, 5, 4, 3, 5, 5]"
macabre,3.4333,1.2229,30,"[1, 4, 3, 5, 2, 3, 2, 5, 3, 3, 5, 5, 3, 4, 4, 3, 4, 4, 4, 4, 5, 5, 1, 3, 2, 2, 2, 3, 4, 5]"
magenta,4.2759,0.8822,29,"[5, 4, 5, 4, 5, 3, 5, 5, 5, 5, 5, 4, 3, 4, 5, 5, 4, 5, 4, 3, 5, 4, 2, 3, 5, 3, 4, 5, 5]"
magical,4.9,0.3051,30,"[5, 5, 5, 5, 5, 5, 5, 5, 5, 4, 5, 5, 5, 5, 5, 5, 5, 5, 5, 5, 4, 5, 5, 5, 5, 5, 5, 5, 4, 5]"
majestic,4.6333,0.6687,30,"[4, 5, 3, 4, 5, 5, 4, 5, 5, 5, 5, 5, 5, 5, 5, 3, 4, 5, 5, 5, 5, 5, 5, 5, 3, 5, 4, 5, 5, 5]"
major depressive disorder,3.3667,1.5421,30,"[3, 3, 3, 2, 4, 4, 5, 5, 5, 2, 5, 5, 5, 2, 1, 3, 3, 5, 2, 1, 2, 5, 5, 1, 2, 5, 5, 1, 5, 2]"
malachite,2.4059,1.3987,239,"[2, 4, 1, 2, 1, 2, 1, 1, 1, 3, 3, 3, 5, 2, 1, 5, 1, 2, 3, 2, 5, 1, 2, 2, 2, 1, 3, 4, 1, 5, 1, 5, 1, 2, 3, 2, 1, 3, 1, 1, 3, 5, 1, 1, 4, 2, 2, 1, 4, 1, 2, 3, 1, 5, 4, 1, 3, 1, 4, 3, 4, 1, 2, 4, 1, 1, 3, 5, 1, 5, 1, 5, 1, 1, 4, 1, 3, 3, 3, 3, 3, 1, 2, 5, 4, 1, 4, 1, 1, 3, 1, 1, 1, 3, 3, 1, 1, 5, 3, 3, 5, 3, 4, 1, 1, 1, 3, 5, 2, 4, 3, 1, 1, 4, 1, 1, 2, 2, 5, 5, 2, 2, 1, 2, 5, 3, 3, 1, 5, 2, 5, 3, 1, 2, 1, 4, 2, 5, 2, 2, 5, 1, 4, 5, 1, 1, 5, 5, 4, 2, 2, 1, 3, 1, 1, 3, 2, 2, 1, 1, 1, 2, 5, 3, 3, 2, 5, 2, 1, 1, 4, 3, 1, 3, 4, 2, 2, 1, 2, 1, 2, 3, 4, 1, 1, 3, 1, 2, 5, 3, 1, 1, 3, 4, 1, 3, 2, 1, 1, 1, 2, 3, 3, 1, 1, 3, 3, 1, 4, 1, 1, 3, 3, 2, 1, 1, 5, 1, 1, 1, 5, 1, 1, 3, 2, 4, 4, 3, 3, 2, 5, 1, 2, 2, 1, 1, 1, 3, 1]"
maniacal,4.2,0.9965,30,"[3, 4, 4, 5, 5, 4, 5, 5, 5, 5, 5, 5, 5, 4, 5, 4, 5, 5, 5, 3, 3, 5, 4, 3, 5, 1, 4, 4, 3, 3]"
margarine,4.8966,0.3099,29,"[5, 5, 5, 5, 5, 5, 5, 5, 5, 5, 5, 5, 5, 5, 5, 5, 4, 5, 4, 5, 5, 5, 5, 5, 5, 4, 5, 5, 5]"
mascara,4.1,1.3222,30,"[5, 3, 4, 3, 5, 5, 5, 1, 5, 4, 5, 5, 5, 4, 5, 5, 2, 5, 3, 2, 5, 5, 5, 1, 2, 5, 5, 4, 5, 5]"
mature,4.8621,0.3509,29,"[4, 5, 4, 5, 5, 5, 5, 5, 5, 5, 5, 5, 5, 5, 5, 5, 5, 5, 5, 5, 5, 5, 5, 5, 4, 4, 5, 5, 5]"
meat,5.0,0.0,30,"[5, 5, 5, 5, 5, 5, 5, 5, 5, 5, 5, 5, 5, 5, 5, 5, 5, 5, 5, 5, 5, 5, 5, 5, 5, 5, 5, 5, 5, 5]"
meaty,4.6333,0.7184,30,"[3, 5, 4, 5, 5, 4, 5, 5, 5, 5, 5, 5, 5, 4, 5, 5, 5, 5, 5, 4, 4, 5, 5, 5, 5, 2, 5, 5, 5, 4]"
melioidosis,1.3,0.7944,30,"[1, 1, 1, 1, 4, 1, 1, 1, 1, 1, 1, 1, 1, 1, 1, 1, 1, 1, 1, 1, 4, 1, 2, 1, 2, 1, 2, 1, 1, 1]"
military,4.75,0.5182,28,"[4, 5, 5, 5, 5, 4, 5, 5, 5, 5, 5, 5, 5, 4, 5, 5, 5, 5, 5, 5, 5, 4, 4, 5, 5, 3, 5, 5]"
mindful,4.5172,0.7847,29,"[3, 5, 3, 5, 5, 4, 5, 5, 5, 5, 5, 5, 5, 5, 5, 4, 5, 5, 5, 4, 5, 5, 5, 5, 3, 3, 3, 4, 5]"
mittens,4.6,0.8944,30,"[5, 3, 5, 5, 5, 4, 5, 5, 5, 5, 5, 5, 5, 5, 5, 5, 2, 5, 4, 5, 5, 5, 5, 3, 2, 5, 5, 5, 5, 5]"
molybdenum,1.8,1.1567,30,"[1, 2, 1, 2, 2, 2, 1, 1, 2, 1, 3, 4, 1, 1, 1, 3, 1, 1, 2, 1, 2, 1, 5, 1, 4, 1, 1, 1, 4, 1]"
monumental,4.9333,0.2537,30,"[5, 5, 5, 4, 5, 5, 5, 5, 5, 5, 5, 5, 5, 5, 5, 5, 5, 5, 5, 4, 5, 5, 5, 5, 5, 5, 5, 5, 5, 5]"
moss,4.4333,1.04,30,"[4, 5, 3, 5, 5, 3, 5, 2, 5, 5, 5, 5, 5, 4, 5, 5, 5, 5, 5, 5, 5, 5, 5, 4, 5, 1, 4, 5, 5, 3]"
muddled,4.1724,1.0025,29,"[3, 3, 4, 5, 5, 3, 5, 4, 5, 5, 5, 5, 5, 4, 5, 4, 5, 5, 5, 2, 5, 5, 5, 4, 2, 3, 4, 3, 3]"
muffled,4.8621,0.3509,29,"[5, 4, 5, 5, 5, 5, 5, 5, 5, 5, 4, 5, 5, 5, 5, 4, 5, 5, 5, 5, 5, 5, 5, 5, 4, 5, 5, 5, 5]"
multiple sclerosis,4.4667,0.7761,30,"[4, 3, 4, 5, 5, 5, 5, 5, 5, 4, 4, 3, 5, 4, 5, 4, 4, 5, 2, 5, 5, 5, 4, 5, 5, 4, 5, 5, 5, 5]"
mumps,4.1667,1.0854,30,"[3, 3, 3, 5, 5, 4, 5, 2, 5, 5, 5, 5, 5, 5, 5, 3, 5, 5, 5, 4, 3, 5, 4, 4, 4, 1, 4, 5, 5, 3]"
muscles,4.8,0.4842,30,"[4, 5, 3, 5, 5, 5, 5, 5, 5, 5, 5, 5, 5, 5, 5, 5, 4, 5, 5, 5, 5, 5, 5, 5, 4, 4, 5, 5, 5, 5]"
muscular,4.9,0.3051,30,"[5, 4, 5, 5, 5, 5, 5, 5, 5, 5, 5, 5, 5, 5, 5, 5, 4, 5, 5, 5, 5, 5, 5, 5, 5, 4, 5, 5, 5, 5]"
narcolepsy,3.7,1.0875,30,"[4, 5, 3, 5, 3, 5, 2, 5, 2, 5, 5, 5, 3, 4, 3, 3, 5, 4, 3, 3, 3, 4, 2, 2, 3, 5, 3, 3, 5, 4]"
nasty,4.9667,0.1826,30,"[5, 4, 5, 5, 5, 5, 5, 5, 5, 5, 5, 5, 5, 5, 5, 5, 5, 5, 5, 5, 5, 5, 5, 5, 5, 5, 5, 5, 5, 5]"
neat,4.7,0.596,30,"[3, 5, 4, 5, 5, 4, 5, 5, 5, 5, 5, 5, 5, 4, 5, 5, 5, 5, 5, 5, 4, 5, 5, 5, 5, 3, 5, 5, 4, 5]"
nebulous,3.3667,1.2452,30,"[3, 2, 5, 3, 3, 5, 5, 3, 3, 3, 2, 4, 5, 3, 3, 5, 5, 5, 5, 1, 4, 2, 2, 3, 4, 3, 1, 3, 4, 2]"
needless,4.3333,1.0613,30,"[5, 5, 4, 5, 5, 5, 5, 5, 5, 3, 5, 5, 5, 4, 5, 5, 2, 5, 3, 4, 3, 5, 5, 3, 2, 5, 5, 2, 5, 5]"
nunchucks,4.2,1.2704,30,"[3, 5, 4, 3, 5, 5, 5, 5, 4, 5, 5, 5, 2, 1, 5, 5, 3, 5, 5, 4, 5, 5, 5, 5, 5, 2, 5, 5, 4, 1]"
nutritious,4.6667,0.9223,30,"[5, 5, 5, 5, 5, 5, 5, 5, 5, 5, 5, 5, 5, 4, 5, 5, 2, 5, 5, 5, 5, 5, 5, 5, 2, 5, 5, 2, 5, 5]"
nutty,4.5862,0.78,29,"[4, 4, 3, 5, 5, 4, 5, 5, 5, 5, 5, 5, 5, 4, 5, 5, 5, 5, 5, 5, 5, 5, 5, 5, 2, 5, 5, 4, 3]"
obsequious,2.3667,1.2172,30,"[2, 2, 2, 3, 2, 1, 1, 4, 3, 5, 2, 4, 3, 1, 1, 3, 3, 2, 2, 1, 1, 3, 1, 5, 3, 2, 3, 1, 4, 1]"
obsessed,4.7,0.6513,30,"[5, 5, 5, 5, 5, 5, 4, 5, 5, 5, 5, 5, 4, 5, 5, 5, 5, 4, 5, 5, 5, 5, 2, 4, 4, 5, 5, 4, 5, 5]"
obtainable,4.4333,0.8172,30,"[4, 5, 5, 5, 4, 5, 3, 5, 4, 5, 5, 5, 3, 5, 5, 4, 5, 4, 5, 4, 5, 5, 2, 3, 4, 5, 5, 4, 5, 5]"
okra,4.2,1.3995,30,"[5, 5, 5, 3, 4, 5, 5, 5, 4, 5, 3, 5, 5, 1, 5, 5, 5, 1, 5, 5, 1, 5, 1, 5, 5, 5, 4, 5, 4, 5]"
onyx,4.5,0.9738,30,"[5, 3, 3, 5, 5, 4, 5, 5, 5, 5, 5, 5, 5, 1, 5, 4, 3, 5, 5, 5, 5, 5, 3, 5, 5, 4, 5, 5, 5, 5]"
overconfident,4.7667,0.5683,30,"[5, 4, 5, 4, 5, 5, 5, 5, 5, 4, 5, 5, 5, 5, 5, 5, 5, 5, 3, 5, 3, 5, 5, 5, 5, 5, 5, 5, 5, 5]"
overt,4.1667,1.2058,30,"[5, 5, 3, 4, 4, 2, 5, 5, 5, 5, 5, 4, 5, 1, 2, 4, 4, 2, 4, 5, 5, 5, 4, 5, 5, 2, 5, 5, 5, 5]"
painstaking,4.4483,0.8696,29,"[3, 5, 3, 5, 5, 4, 5, 5, 5, 5, 5, 5, 5, 3, 5, 4, 5, 5, 5, 4, 5, 5, 5, 5, 2, 3, 5, 4, 4]"
paltry,3.7333,1.2576,30,"[2, 5, 4, 5, 3, 5, 3, 5, 5, 5, 5, 4, 3, 3, 3, 4, 5, 4, 4, 4, 5, 5, 1, 3, 3, 2, 4, 1, 2, 5]"
parasailing,3.8667,1.2521,30,"[5, 5, 3, 5, 1, 3, 3, 1, 5, 4, 5, 5, 3, 3, 5, 5, 2, 5, 3, 3, 5, 5, 4, 4, 2, 4, 5, 4, 4, 5]"
parmesan cheese,4.9333,0.2537,30,"[5, 5, 5, 5, 5, 5, 5, 5, 5, 5, 5, 5, 5, 5, 5, 5, 4, 5, 5, 5, 5, 5, 5, 5, 5, 4, 5, 5, 5, 5]"
parsley,4.7,0.4661,30,"[5, 4, 4, 5, 5, 4, 5, 5, 5, 5, 5, 5, 5, 4, 5, 4, 4, 5, 5, 5, 4, 5, 4, 5, 5, 5, 5, 5, 5, 4]"
peaceful,4.8667,0.4342,30,"[5, 3, 5, 5, 5, 5, 5, 5, 5, 5, 5, 5, 5, 5, 5, 5, 5, 5, 5, 5, 5, 5, 5, 5, 5, 4, 5, 5, 5, 4]"
pearl,4.8,0.4068,30,"[5, 5, 5, 5, 5, 5, 5, 4, 5, 5, 5, 5, 5, 5, 4, 5, 5, 5, 5, 4, 5, 5, 5, 4, 4, 5, 5, 5, 4, 5]"
peek-a-boo,4.7586,0.511,29,"[5, 5, 5, 5, 5, 5, 5, 4, 4, 5, 3, 4, 5, 5, 5, 5, 5, 5, 5, 5, 5, 5, 5, 5, 5, 4, 5, 5, 4]"
penny loafers,4.3448,1.0782,29,"[4, 5, 2, 4, 5, 1, 3, 5, 5, 5, 5, 5, 5, 5, 5, 4, 5, 5, 5, 5, 3, 5, 5, 3, 4, 3, 5, 5, 5]"
placid,4.4333,0.8976,30,"[2, 4, 5, 5, 5, 5, 3, 5, 5, 4, 5, 5, 4, 4, 4, 5, 2, 5, 4, 5, 4, 3, 5, 5, 5, 5, 5, 5, 5, 5]"
plastic,4.8,0.4842,30,"[5, 5, 5, 5, 5, 5, 5, 5, 5, 5, 5, 5, 5, 4, 5, 5, 5, 4, 5, 5, 5, 5, 3, 4, 5, 5, 5, 5, 4, 5]"
platinum,4.4667,0.7303,30,"[5, 4, 5, 5, 5, 5, 5, 3, 5, 4, 5, 4, 5, 5, 3, 5, 5, 4, 4, 4, 5, 4, 5, 4, 3, 5, 3, 5, 5, 5]"
plucky,3.0,1.5974,30,"[2, 4, 4, 1, 1, 3, 5, 3, 5, 2, 5, 2, 4, 3, 5, 2, 2, 5, 2, 5, 5, 1, 5, 1, 2, 1, 5, 1, 3, 1]"
poker,4.8667,0.3457,30,"[5, 5, 5, 5, 5, 5, 5, 5, 5, 5, 5, 5, 5, 5, 5, 5, 5, 4, 5, 5, 5, 5, 5, 4, 4, 5, 4, 5, 5, 5]"
poor,5.0,0.0,30,"[5, 5, 5, 5, 5, 5, 5, 5, 5, 5, 5, 5, 5, 5, 5, 5, 5, 5, 5, 5, 5, 5, 5, 5, 5, 5, 5, 5, 5, 5]"
pork,4.8,0.4068,30,"[5, 5, 5, 5, 5, 5, 5, 4, 5, 5, 4, 4, 5, 5, 4, 5, 5, 5, 5, 5, 5, 5, 4, 5, 5, 5, 5, 5, 5, 4]"
posttraumatic stress disorder,4.1667,1.1769,30,"[5, 5, 3, 5, 5, 2, 5, 5, 5, 2, 5, 5, 5, 4, 5, 5, 2, 5, 2, 4, 3, 5, 4, 5, 2, 4, 5, 3, 5, 5]"
powerful,4.9,0.3051,30,"[5, 4, 5, 4, 5, 5, 5, 5, 5, 5, 5, 5, 5, 5, 5, 5, 5, 5, 5, 5, 4, 5, 5, 5, 5, 5, 5, 5, 5, 5]"
productive,4.8621,0.3509,29,"[5, 4, 5, 5, 5, 5, 5, 5, 5, 4, 5, 5, 5, 5, 5, 5, 5, 5, 5, 5, 4, 5, 5, 5, 5, 4, 5, 5, 5]"
protective,4.6552,0.6139,29,"[4, 5, 3, 5, 5, 4, 5, 5, 5, 5, 5, 5, 5, 4, 5, 5, 5, 5, 5, 4, 5, 5, 5, 5, 3, 4, 5, 5, 4]"
protozoa,3.5333,1.1958,30,"[3, 3, 2, 3, 5, 4, 3, 4, 4, 3, 5, 3, 5, 5, 2, 4, 3, 3, 3, 1, 5, 2, 1, 5, 5, 4, 4, 3, 4, 5]"
psychedelic,4.2667,1.1725,30,"[5, 4, 5, 4, 5, 5, 5, 1, 5, 4, 5, 5, 5, 4, 5, 4, 3, 5, 4, 5, 5, 5, 4, 3, 2, 5, 5, 1, 5, 5]"
pudding,4.7,0.535,30,"[4, 5, 3, 4, 5, 5, 4, 5, 5, 5, 5, 5, 5, 5, 5, 5, 4, 5, 5, 5, 5, 5, 5, 5, 4, 4, 4, 5, 5, 5]"
purple,5.0,0.0,30,"[5, 5, 5, 5, 5, 5, 5, 5, 5, 5, 5, 5, 5, 5, 5, 5, 5, 5, 5, 5, 5, 5, 5, 5, 5, 5, 5, 5, 5, 5]"
quarrelsome,4.6,0.7701,30,"[5, 5, 5, 4, 4, 5, 5, 5, 5, 5, 5, 5, 5, 5, 5, 5, 4, 3, 5, 2, 5, 5, 3, 5, 5, 4, 5, 4, 5, 5]"
quartz,4.3333,0.9942,30,"[4, 5, 5, 3, 5, 5, 5, 5, 3, 4, 5, 5, 3, 5, 5, 5, 4, 5, 4, 5, 3, 5, 5, 5, 5, 1, 3, 5, 4, 4]"
queasy,4.5667,0.8172,30,"[5, 3, 5, 4, 5, 5, 5, 5, 5, 3, 5, 5, 5, 5, 4, 5, 2, 5, 5, 5, 4, 4, 5, 5, 5, 3, 5, 5, 5, 5]"
questionable,4.7241,0.5914,29,"[3, 5, 3, 5, 5, 4, 5, 5, 5, 5, 5, 5, 5, 5, 5, 5, 5, 5, 5, 5, 5, 5, 5, 5, 4, 4, 5, 5, 4]"
quick,4.7667,0.504,30,"[4, 5, 3, 5, 5, 5, 4, 5, 5, 5, 5, 5, 5, 5, 5, 5, 4, 5, 5, 5, 5, 5, 5, 5, 4, 4, 5, 5, 5, 5]"
rabid,4.5,0.7768,30,"[5, 5, 5, 5, 4, 5, 5, 5, 5, 4, 5, 5, 5, 5, 3, 5, 5, 3, 5, 3, 5, 5, 5, 3, 3, 5, 4, 5, 4, 4]"
rabies,4.2667,1.2299,30,"[5, 5, 3, 5, 5, 5, 5, 5, 5, 3, 5, 5, 5, 4, 5, 5, 2, 5, 3, 3, 5, 5, 5, 1, 1, 4, 5, 4, 5, 5]"
racing,4.9333,0.3651,30,"[5, 5, 5, 3, 5, 5, 5, 5, 5, 5, 5, 5, 5, 5, 5, 5, 5, 5, 5, 5, 5, 5, 5, 5, 5, 5, 5, 5, 5, 5]"
racquetball,4.6333,0.6687,30,"[5, 5, 5, 3, 5, 5, 5, 5, 5, 5, 4, 5, 4, 4, 4, 5, 5, 5, 3, 5, 4, 5, 5, 3, 5, 5, 5, 5, 5, 5]"
racy,4.3,0.9523,30,"[4, 3, 3, 4, 5, 1, 4, 5, 5, 5, 3, 5, 5, 5, 5, 5, 4, 5, 5, 3, 5, 4, 4, 5, 4, 4, 4, 5, 5, 5]"
radium,3.4,1.4994,30,"[1, 5, 2, 2, 4, 4, 5, 5, 5, 3, 2, 2, 4, 1, 5, 3, 3, 5, 2, 1, 4, 5, 1, 5, 5, 2, 3, 3, 5, 5]"
ragged,4.7333,0.5208,30,"[5, 4, 5, 4, 5, 5, 5, 5, 5, 3, 5, 5, 4, 5, 5, 5, 4, 5, 4, 5, 4, 5, 5, 5, 5, 5, 5, 5, 5, 5]"
ready,4.5667,0.8584,30,"[5, 4, 5, 5, 5, 5, 5, 5, 5, 5, 5, 5, 5, 4, 5, 5, 3, 5, 4, 4, 5, 5, 5, 4, 2, 5, 5, 2, 5, 5]"
real,5.0,0.0,30,"[5, 5, 5, 5, 5, 5, 5, 5, 5, 5, 5, 5, 5, 5, 5, 5, 5, 5, 5, 5, 5, 5, 5, 5, 5, 5, 5, 5, 5, 5]"
receptive,4.5,0.82,30,"[3, 5, 3, 5, 5, 5, 5, 5, 5, 5, 5, 5, 5, 4, 5, 4, 5, 5, 5, 4, 4, 5, 5, 5, 4, 2, 4, 5, 5, 3]"
reflective,4.6552,0.814,29,"[5, 4, 5, 5, 5, 5, 5, 5, 4, 5, 5, 5, 5, 5, 5, 2, 5, 5, 4, 5, 5, 5, 5, 2, 5, 5, 4, 5, 5]"
relaxing,4.9,0.4026,30,"[5, 5, 5, 5, 5, 5, 5, 5, 5, 5, 5, 5, 5, 5, 5, 5, 5, 5, 5, 4, 5, 5, 5, 3, 5, 5, 5, 5, 5, 5]"
relish,4.4,1.1326,30,"[5, 5, 4, 5, 5, 5, 5, 5, 5, 3, 5, 5, 5, 4, 5, 5, 2, 5, 3, 5, 5, 5, 5, 3, 2, 5, 5, 1, 5, 5]"
remarkable,4.5714,0.6901,28,"[4, 5, 4, 5, 5, 4, 5, 5, 5, 5, 5, 5, 3, 5, 5, 5, 5, 5, 3, 5, 4, 5, 5, 4, 3, 5, 5, 4]"
repulsive,4.7667,0.504,30,"[4, 5, 3, 4, 5, 5, 4, 5, 5, 5, 5, 5, 5, 5, 5, 5, 4, 5, 5, 5, 5, 5, 5, 5, 4, 5, 5, 5, 5, 5]"
reputable,4.8,0.4842,30,"[4, 4, 5, 4, 5, 5, 5, 5, 5, 5, 5, 4, 5, 5, 5, 5, 5, 5, 5, 5, 3, 5, 5, 5, 5, 5, 5, 5, 5, 5]"
reputed,4.2333,1.0726,30,"[1, 4, 5, 4, 5, 5, 5, 3, 5, 5, 4, 5, 2, 5, 4, 5, 5, 3, 4, 5, 3, 5, 5, 5, 5, 5, 5, 3, 4, 3]"
resourceful,4.8667,0.5713,30,"[5, 5, 5, 5, 5, 5, 5, 5, 5, 5, 5, 5, 5, 5, 5, 5, 5, 5, 5, 4, 5, 5, 5, 2, 5, 5, 5, 5, 5, 5]"
responsive,4.7,0.596,30,"[4, 5, 3, 5, 5, 4, 5, 5, 5, 5, 5, 5, 5, 4, 5, 5, 5, 5, 5, 5, 5, 5, 5, 4, 5, 5, 3, 5, 5, 4]"
rhodium,2.0,1.2318,30,"[1, 1, 2, 2, 3, 1, 1, 5, 3, 3, 2, 1, 4, 1, 1, 1, 1, 2, 2, 1, 1, 2, 1, 4, 3, 1, 2, 2, 1, 5]"
riveting,4.2667,0.9444,30,"[3, 5, 5, 4, 5, 5, 5, 5, 4, 4, 4, 5, 3, 5, 4, 3, 4, 2, 4, 5, 3, 4, 5, 5, 5, 2, 5, 5, 5, 5]"
root beer,5.0,0.0,30,"[5, 5, 5, 5, 5, 5, 5, 5, 5, 5, 5, 5, 5, 5, 5, 5, 5, 5, 5, 5, 5, 5, 5, 5, 5, 5, 5, 5, 5, 5]"
rosemary,4.6333,0.6149,30,"[4, 5, 3, 5, 5, 5, 3, 5, 5, 5, 4, 5, 5, 5, 5, 4, 4, 5, 5, 5, 5, 5, 4, 5, 4, 4, 5, 5, 5, 5]"
rotavirus,2.6667,1.2954,30,"[2, 3, 1, 1, 4, 2, 1, 1, 2, 2, 3, 4, 3, 3, 3, 3, 2, 5, 3, 1, 4, 2, 5, 4, 2, 1, 1, 3, 5, 4]"
rubidium,1.8667,1.1366,30,"[1, 1, 2, 1, 2, 1, 1, 3, 3, 1, 1, 2, 4, 4, 1, 1, 1, 1, 2, 1, 1, 1, 1, 3, 3, 2, 3, 2, 1, 5]"
rum,4.5667,0.7739,30,"[3, 5, 5, 5, 5, 3, 5, 5, 5, 5, 5, 5, 5, 4, 5, 5, 5, 5, 5, 3, 4, 5, 5, 5, 5, 5, 3, 4, 5, 3]"
running shoes,4.7667,0.6789,30,"[5, 5, 5, 5, 5, 5, 5, 5, 5, 5, 5, 5, 5, 5, 5, 5, 4, 5, 5, 4, 5, 5, 5, 5, 2, 5, 5, 3, 5, 5]"
ruthless,4.4333,1.04,30,"[5, 3, 4, 5, 5, 5, 5, 5, 5, 5, 5, 5, 5, 4, 5, 5, 2, 5, 5, 3, 5, 5, 5, 3, 2, 5, 5, 2, 5, 5]"
saffron,3.9333,1.1725,30,"[4, 3, 2, 4, 5, 5, 3, 5, 5, 5, 3, 5, 5, 5, 5, 5, 4, 3, 4, 5, 2, 4, 4, 2, 3, 1, 4, 5, 3, 5]"
sage,4.5667,0.6789,30,"[5, 4, 5, 5, 4, 5, 5, 4, 4, 5, 2, 4, 5, 5, 5, 5, 5, 5, 5, 4, 5, 5, 4, 5, 5, 4, 4, 5, 5, 4]"
samarium,1.4,0.8944,30,"[1, 1, 1, 1, 1, 1, 1, 1, 1, 1, 1, 1, 5, 1, 1, 1, 1, 3, 2, 1, 1, 1, 1, 1, 3, 1, 2, 1, 2, 2]"
same,4.6333,0.8087,30,"[5, 3, 5, 5, 5, 5, 5, 5, 5, 4, 5, 5, 5, 5, 5, 5, 3, 5, 5, 4, 5, 5, 5, 5, 2, 5, 5, 3, 5, 5]"
sandpaper,4.7,0.6513,30,"[4, 5, 4, 5, 5, 4, 5, 5, 5, 5, 5, 5, 5, 4, 5, 5, 5, 5, 5, 5, 4, 5, 5, 5, 5, 2, 5, 5, 5, 4]"
sangria,4.3667,1.0662,30,"[3, 5, 3, 5, 5, 5, 5, 5, 5, 5, 5, 5, 5, 5, 5, 5, 4, 3, 4, 1, 5, 5, 3, 5, 5, 2, 4, 5, 4, 5]"
scattered,4.8,0.4068,30,"[5, 4, 5, 5, 5, 5, 5, 5, 5, 5, 4, 4, 5, 5, 5, 5, 5, 5, 5, 5, 5, 5, 5, 5, 5, 4, 4, 5, 5, 4]"
scrawny,4.5667,0.8976,30,"[4, 5, 3, 5, 5, 1, 4, 5, 5, 5, 5, 5, 5, 5, 5, 5, 4, 5, 5, 5, 5, 5, 4, 5, 4, 5, 3, 5, 5, 5]"
screeching,4.7241,0.5276,29,"[5, 4, 5, 5, 5, 5, 4, 5, 5, 4, 4, 5, 4, 3, 5, 5, 5, 5, 5, 5, 5, 5, 5, 5, 5, 5, 5, 5, 4]"
seasonal affective disorder,3.1,1.4937,30,"[3, 4, 2, 5, 3, 4, 1, 4, 3, 1, 5, 5, 5, 2, 1, 2, 5, 4, 4, 5, 2, 5, 2, 2, 1, 1, 2, 2, 3, 5]"
seaweed,4.7857,0.4987,28,"[5, 5, 5, 5, 5, 5, 4, 5, 5, 5, 5, 5, 5, 3, 5, 5, 5, 5, 5, 5, 5, 5, 4, 5, 4, 5, 4, 5]"
separate,4.5517,0.9851,29,"[5, 5, 5, 5, 5, 5, 5, 5, 5, 5, 5, 5, 5, 4, 5, 5, 2, 5, 4, 5, 5, 5, 3, 2, 5, 5, 2, 5, 5]"
serious,4.9,0.4026,30,"[5, 5, 5, 5, 5, 5, 5, 5, 5, 5, 5, 5, 5, 5, 5, 5, 5, 5, 5, 4, 5, 5, 5, 3, 5, 5, 5, 5, 5, 5]"
sexy,4.9667,0.1826,30,"[5, 5, 5, 5, 5, 5, 5, 5, 5, 5, 5, 5, 5, 5, 5, 5, 4, 5, 5, 5, 5, 5, 5, 5, 5, 5, 5, 5, 5, 5]"
shaky,4.5667,0.7279,30,"[4, 5, 3, 5, 5, 4, 5, 5, 5, 5, 5, 5, 5, 3, 5, 5, 5, 5, 5, 4, 4, 5, 5, 5, 5, 3, 5, 5, 4, 3]"
sharp,4.8667,0.3457,30,"[5, 5, 4, 5, 5, 5, 5, 5, 5, 5, 5, 5, 5, 4, 5, 5, 5, 5, 5, 5, 5, 5, 5, 5, 5, 4, 5, 5, 5, 4]"
shears,4.2667,1.2015,30,"[5, 3, 3, 5, 5, 4, 5, 3, 5, 5, 5, 5, 5, 5, 5, 4, 5, 5, 5, 5, 4, 5, 1, 4, 5, 1, 5, 5, 4, 2]"
shivering,4.5172,0.871,29,"[4, 5, 4, 5, 5, 5, 1, 5, 5, 5, 5, 5, 5, 3, 5, 4, 5, 5, 5, 4, 5, 4, 5, 5, 4, 5, 5, 4, 4]"
shoelaces,4.8276,0.4682,29,"[5, 5, 3, 5, 5, 4, 5, 5, 5, 5, 5, 5, 5, 4, 5, 5, 5, 5, 5, 5, 5, 5, 5, 5, 5, 5, 5, 5, 4]"
shower gel,4.5,0.9377,30,"[5, 4, 5, 4, 5, 5, 5, 5, 5, 5, 5, 5, 5, 4, 5, 5, 2, 5, 5, 3, 5, 5, 5, 3, 2, 5, 5, 3, 5, 5]"
shrill,4.1333,0.9371,30,"[3, 5, 5, 5, 4, 5, 3, 5, 5, 5, 5, 5, 4, 3, 4, 4, 4, 4, 5, 5, 4, 5, 2, 3, 3, 2, 4, 4, 4, 5]"
silicon,4.0667,1.0148,30,"[3, 4, 5, 5, 3, 5, 4, 4, 5, 1, 5, 4, 3, 5, 4, 5, 4, 4, 5, 4, 5, 4, 4, 3, 2, 5, 5, 4, 3, 5]"
silver,4.9667,0.1826,30,"[5, 4, 5, 5, 5, 5, 5, 5, 5, 5, 5, 5, 5, 5, 5, 5, 5, 5, 5, 5, 5, 5, 5, 5, 5, 5, 5, 5, 5, 5]"
sisterly,4.7857,0.4987,28,"[5, 5, 5, 5, 5, 5, 5, 5, 5, 5, 5, 5, 5, 5, 5, 5, 5, 4, 4, 4, 5, 3, 5, 5, 4, 5, 5, 5]"
skateboarding,4.8667,0.4342,30,"[5, 4, 5, 3, 5, 5, 5, 5, 5, 4, 5, 5, 5, 5, 5, 5, 5, 5, 5, 5, 5, 5, 5, 5, 5, 5, 5, 5, 5, 5]"
skiing,4.5667,0.8976,30,"[5, 4, 4, 5, 5, 5, 5, 5, 5, 4, 5, 5, 5, 5, 5, 5, 2, 5, 5, 3, 5, 5, 5, 3, 2, 5, 5, 5, 5, 5]"
skittish,4.1034,1.1447,29,"[1, 5, 5, 5, 4, 5, 3, 5, 5, 5, 5, 5, 5, 2, 4, 4, 5, 4, 4, 4, 5, 5, 2, 2, 3, 4, 4, 4, 5]"
sleepy,5.0,0.0,30,"[5, 5, 5, 5, 5, 5, 5, 5, 5, 5, 5, 5, 5, 5, 5, 5, 5, 5, 5, 5, 5, 5, 5, 5, 5, 5, 5, 5, 5, 5]"
small,4.6,1.0372,30,"[5, 5, 5, 5, 5, 5, 5, 5, 5, 5, 5, 5, 5, 5, 5, 5, 2, 5, 4, 1, 5, 5, 5, 4, 2, 5, 5, 5, 5, 5]"
smart,4.8333,0.4611,30,"[4, 5, 3, 5, 5, 5, 5, 5, 5, 5, 5, 5, 5, 5, 5, 5, 4, 5, 5, 5, 5, 5, 5, 5, 4, 5, 5, 5, 5, 5]"
smog,4.7333,0.8277,30,"[5, 3, 5, 5, 5, 5, 5, 5, 5, 5, 5, 5, 5, 1, 5, 5, 4, 5, 5, 4, 5, 5, 5, 5, 5, 5, 5, 5, 5, 5]"
sneakers,4.7667,0.4302,30,"[4, 5, 4, 4, 5, 5, 4, 5, 5, 5, 5, 5, 5, 5, 5, 5, 4, 5, 5, 5, 5, 5, 5, 5, 4, 4, 5, 5, 5, 5]"
sneaky,4.7931,0.4913,29,"[5, 3, 5, 4, 5, 5, 5, 5, 5, 4, 5, 5, 5, 5, 5, 5, 5, 5, 5, 4, 5, 5, 5, 5, 5, 5, 5, 4, 5]"
soccer,5.0,0.0,30,"[5, 5, 5, 5, 5, 5, 5, 5, 5, 5, 5, 5, 5, 5, 5, 5, 5, 5, 5, 5, 5, 5, 5, 5, 5, 5, 5, 5, 5, 5]"
soup,4.8667,0.3457,30,"[5, 5, 5, 5, 5, 5, 5, 5, 5, 5, 4, 4, 5, 5, 5, 5, 5, 5, 5, 5, 5, 5, 5, 5, 5, 5, 4, 5, 5, 4]"
spectacular,4.6,0.855,30,"[5, 5, 5, 5, 5, 5, 5, 5, 5, 4, 5, 5, 5, 4, 5, 5, 3, 5, 4, 4, 5, 5, 5, 5, 2, 5, 5, 2, 5, 5]"
speed skating,4.0345,1.2096,29,"[5, 4, 3, 4, 5, 3, 5, 5, 5, 4, 5, 5, 5, 4, 5, 5, 2, 3, 3, 5, 5, 4, 2, 2, 1, 5, 5, 5, 3]"
spice,5.0,0.0,30,"[5, 5, 5, 5, 5, 5, 5, 5, 5, 5, 5, 5, 5, 5, 5, 5, 5, 5, 5, 5, 5, 5, 5, 5, 5, 5, 5, 5, 5, 5]"
spiky,4.2759,1.0656,29,"[5, 4, 4, 4, 5, 5, 5, 3, 5, 3, 5, 5, 1, 4, 5, 5, 5, 4, 4, 5, 5, 5, 3, 2, 5, 5, 3, 5, 5]"
spinach,4.8333,0.4611,30,"[5, 5, 5, 5, 5, 5, 5, 5, 5, 5, 5, 5, 5, 4, 4, 5, 5, 4, 5, 5, 5, 5, 5, 5, 3, 5, 5, 5, 5, 5]"
spiritual,4.7333,0.5833,30,"[4, 5, 3, 3, 5, 5, 4, 5, 5, 5, 5, 5, 5, 5, 5, 5, 4, 5, 5, 5, 5, 5, 5, 5, 4, 5, 5, 5, 5, 5]"
spiteful,4.7333,0.4498,30,"[4, 4, 5, 4, 5, 5, 5, 5, 5, 5, 5, 5, 4, 5, 5, 4, 4, 5, 5, 5, 4, 4, 5, 5, 5, 5, 5, 5, 5, 5]"
spotted,4.8667,0.4342,30,"[5, 5, 5, 5, 5, 5, 5, 5, 5, 5, 5, 5, 5, 5, 3, 5, 5, 5, 5, 4, 5, 5, 5, 4, 5, 5, 5, 5, 5, 5]"
sprouts,4.7241,0.5276,29,"[5, 4, 5, 5, 5, 5, 5, 4, 5, 5, 3, 4, 5, 4, 5, 5, 5, 5, 5, 5, 5, 5, 4, 5, 5, 4, 5, 5, 5]"
squalid,2.6,1.5888,30,"[1, 4, 4, 2, 1, 1, 5, 2, 3, 2, 5, 1, 5, 4, 3, 1, 1, 5, 2, 4, 5, 1, 5, 3, 1, 1, 2, 2, 1, 1]"
square,4.8276,0.4682,29,"[5, 5, 3, 5, 5, 4, 5, 5, 5, 5, 5, 5, 5, 5, 5, 5, 5, 5, 5, 5, 5, 5, 5, 5, 4, 5, 5, 5, 4]"
squeamish,4.6333,0.8087,30,"[3, 5, 5, 4, 5, 5, 5, 5, 5, 5, 5, 5, 5, 5, 5, 5, 2, 5, 5, 4, 3, 5, 5, 5, 5, 3, 5, 5, 5, 5]"
staggering,4.4667,0.8193,30,"[5, 5, 5, 5, 4, 5, 5, 5, 5, 5, 5, 5, 4, 5, 4, 4, 5, 4, 5, 5, 4, 5, 2, 3, 3, 5, 3, 5, 4, 5]"
steak sauce,4.9333,0.2537,30,"[5, 5, 5, 4, 5, 5, 5, 5, 5, 4, 5, 5, 5, 5, 5, 5, 5, 5, 5, 5, 5, 5, 5, 5, 5, 5, 5, 5, 5, 5]"
stereotyped,4.7333,0.4498,30,"[5, 4, 5, 5, 5, 5, 5, 4, 4, 5, 4, 4, 5, 5, 4, 5, 5, 5, 5, 5, 5, 5, 5, 5, 5, 5, 4, 5, 5, 4]"
stimulating,4.7667,0.4302,30,"[5, 4, 5, 5, 5, 5, 5, 4, 4, 5, 4, 4, 5, 5, 5, 5, 5, 5, 5, 5, 5, 5, 5, 5, 5, 5, 4, 5, 5, 4]"
stir fry,4.6897,0.7123,29,"[3, 5, 5, 5, 5, 5, 5, 4, 5, 5, 5, 5, 5, 4, 5, 5, 5, 5, 5, 5, 5, 4, 5, 5, 2, 5, 5, 5, 4]"
stockings,4.7586,0.511,29,"[5, 4, 5, 5, 5, 5, 5, 4, 5, 5, 5, 4, 5, 5, 4, 5, 5, 5, 5, 5, 5, 5, 5, 5, 5, 5, 3, 5, 4]"
strong,4.8333,0.379,30,"[4, 5, 4, 5, 5, 5, 4, 5, 5, 5, 5, 5, 5, 5, 5, 5, 4, 5, 5, 5, 5, 5, 5, 5, 4, 5, 5, 5, 5, 5]"
stuttering,4.7667,0.5683,30,"[5, 4, 5, 5, 5, 5, 5, 5, 5, 5, 5, 5, 5, 5, 4, 5, 5, 4, 5, 3, 5, 5, 5, 3, 5, 5, 5, 5, 5, 5]"
succinct,3.4667,1.432,30,"[2, 4, 5, 5, 3, 1, 1, 4, 3, 2, 5, 5, 5, 4, 3, 4, 5, 4, 4, 4, 5, 4, 1, 1, 4, 4, 4, 2, 5, 1]"
sudden,4.6333,0.7184,30,"[5, 5, 5, 5, 4, 5, 4, 5, 5, 5, 5, 5, 4, 4, 5, 5, 5, 4, 5, 5, 5, 5, 2, 3, 5, 5, 4, 5, 5, 5]"
suitable,4.6,0.6747,30,"[4, 5, 3, 5, 5, 3, 5, 4, 5, 5, 5, 5, 5, 4, 5, 5, 5, 5, 5, 4, 5, 5, 5, 5, 5, 4, 3, 5, 5, 4]"
sulfur,4.4,0.724,30,"[5, 4, 5, 5, 4, 5, 5, 3, 4, 3, 4, 4, 5, 5, 3, 5, 5, 3, 4, 5, 4, 5, 5, 5, 4, 5, 4, 4, 5, 5]"
sweet,4.931,0.2579,29,"[5, 5, 5, 5, 5, 5, 5, 5, 5, 5, 4, 5, 5, 5, 5, 5, 5, 5, 5, 5, 5, 5, 5, 5, 5, 5, 5, 5, 4]"
sweet peas,4.6552,0.6695,29,"[3, 4, 3, 5, 5, 4, 5, 5, 5, 5, 5, 5, 5, 4, 5, 5, 3, 5, 5, 5, 5, 5, 5, 5, 5, 4, 5, 5, 5]"
swimming,4.9333,0.3651,30,"[5, 5, 5, 3, 5, 5, 5, 5, 5, 5, 5, 5, 5, 5, 5, 5, 5, 5, 5, 5, 5, 5, 5, 5, 5, 5, 5, 5, 5, 5]"
synesthesia,2.2,1.5844,30,"[5, 1, 5, 1, 1, 2, 5, 1, 2, 1, 1, 4, 5, 1, 1, 1, 1, 4, 1, 1, 1, 1, 2, 3, 5, 1, 4, 2, 1, 2]"
synonymous,4.4,1.0034,30,"[5, 4, 5, 5, 5, 5, 5, 5, 5, 3, 5, 5, 5, 3, 5, 5, 2, 5, 4, 5, 5, 4, 5, 4, 2, 4, 5, 2, 5, 5]"
taboo,4.8,0.4842,30,"[5, 5, 5, 5, 5, 5, 5, 5, 5, 5, 5, 5, 5, 5, 4, 5, 5, 5, 5, 4, 5, 4, 5, 3, 5, 5, 5, 5, 4, 5]"
talkative,4.8,0.4068,30,"[5, 4, 5, 5, 5, 5, 5, 5, 4, 5, 5, 4, 5, 5, 5, 5, 5, 5, 5, 5, 5, 5, 5, 5, 5, 4, 4, 5, 5, 4]"
tangible,4.4667,1.0743,30,"[3, 5, 5, 5, 5, 5, 5, 5, 5, 3, 5, 5, 5, 5, 5, 5, 3, 5, 5, 4, 5, 5, 5, 1, 2, 5, 5, 3, 5, 5]"
tanzanite,2.5333,1.5916,30,"[2, 2, 3, 3, 5, 1, 1, 1, 5, 2, 4, 5, 1, 1, 1, 1, 2, 5, 1, 1, 3, 1, 5, 4, 1, 1, 4, 2, 3, 5]"
tartar sauce,4.4667,1.0417,30,"[5, 5, 4, 5, 5, 5, 5, 5, 5, 4, 5, 5, 5, 5, 5, 4, 2, 5, 4, 5, 5, 5, 5, 2, 2, 5, 5, 2, 5, 5]"
tasteful,4.8333,0.4611,30,"[5, 4, 5, 5, 5, 5, 5, 5, 5, 5, 5, 3, 5, 5, 5, 5, 5, 5, 5, 5, 4, 5, 5, 5, 5, 5, 5, 5, 4, 5]"
telling,4.6552,0.6139,29,"[4, 5, 3, 5, 5, 4, 5, 5, 5, 5, 5, 5, 5, 4, 5, 5, 5, 5, 4, 4, 5, 5, 5, 5, 5, 5, 5, 3, 4]"
tempting,4.9333,0.2537,30,"[5, 5, 5, 5, 5, 5, 5, 5, 5, 5, 5, 5, 5, 5, 5, 5, 5, 5, 5, 4, 5, 5, 5, 4, 5, 5, 5, 5, 5, 5]"
testy,4.2,1.0635,30,"[5, 5, 4, 5, 4, 5, 2, 5, 5, 1, 5, 5, 4, 4, 5, 4, 5, 4, 4, 5, 5, 5, 2, 3, 4, 5, 4, 4, 3, 5]"
tetanus,3.9,1.3222,30,"[5, 4, 5, 4, 5, 5, 5, 2, 4, 5, 5, 2, 5, 5, 3, 1, 5, 2, 5, 4, 5, 4, 4, 2, 3, 5, 3, 4, 1, 5]"
tetherball,4.3333,1.1244,30,"[5, 5, 5, 5, 5, 4, 3, 1, 5, 3, 5, 5, 5, 4, 5, 5, 3, 5, 5, 4, 5, 5, 5, 2, 2, 5, 5, 4, 5, 5]"
the Appalachian Mountains,4.6667,0.6065,30,"[5, 5, 4, 5, 5, 5, 5, 5, 4, 4, 5, 5, 5, 5, 5, 5, 4, 5, 4, 5, 5, 5, 3, 5, 5, 3, 5, 5, 4, 5]"
the Atlantic Ocean,4.8667,0.4342,30,"[4, 5, 3, 5, 5, 5, 5, 5, 5, 5, 5, 5, 5, 5, 5, 5, 4, 5, 5, 5, 5, 5, 5, 5, 5, 5, 5, 5, 5, 5]"
the Atlas Mountains,2.5333,1.4559,30,"[3, 3, 5, 1, 1, 1, 2, 2, 1, 5, 2, 3, 4, 3, 2, 1, 5, 2, 5, 2, 1, 1, 2, 5, 2, 2, 1, 1, 4, 4]"
the Balkan Mountains,2.6333,1.2452,30,"[2, 3, 3, 5, 4, 2, 2, 3, 5, 3, 1, 2, 5, 4, 2, 3, 3, 2, 4, 4, 1, 1, 1, 2, 1, 1, 3, 3, 2, 2]"
the Berlin Wall,4.2333,1.1351,30,"[5, 4, 3, 4, 5, 5, 5, 5, 5, 4, 5, 5, 5, 5, 5, 4, 2, 5, 3, 3, 5, 5, 5, 1, 2, 5, 5, 3, 4, 5]"
the Big Ben,3.7,1.3933,30,"[5, 4, 3, 3, 5, 5, 3, 2, 5, 3, 5, 5, 1, 5, 5, 4, 2, 3, 3, 2, 5, 5, 5, 2, 2, 1, 5, 3, 5, 5]"
the Caribbean Sea,4.2667,1.2015,30,"[5, 5, 4, 4, 5, 5, 5, 5, 5, 3, 5, 5, 5, 5, 5, 5, 2, 5, 4, 3, 5, 5, 5, 1, 2, 5, 5, 3, 5, 2]"
the Celebes Sea,1.6333,1.0334,30,"[2, 1, 1, 2, 2, 1, 5, 1, 2, 1, 1, 1, 4, 1, 2, 1, 1, 4, 2, 1, 1, 1, 2, 1, 2, 1, 2, 1, 1, 1]"
the Euphrates River,3.4333,1.278,30,"[3, 4, 4, 3, 1, 4, 3, 5, 3, 1, 5, 5, 2, 4, 3, 2, 5, 4, 3, 4, 5, 5, 5, 2, 3, 5, 3, 1, 3, 3]"
the Everglades,4.2414,0.9124,29,"[3, 5, 5, 4, 5, 4, 5, 4, 5, 5, 3, 5, 5, 3, 5, 4, 4, 3, 5, 5, 5, 4, 3, 5, 3, 4, 5, 5, 2]"
the Ganges,2.8621,1.5749,29,"[5, 1, 1, 1, 1, 3, 2, 4, 2, 5, 2, 5, 5, 1, 5, 3, 5, 2, 3, 4, 1, 5, 2, 1, 3, 4, 2, 4, 1]"
the Grand Canyon,4.6667,0.6065,30,"[4, 5, 5, 5, 3, 5, 5, 5, 5, 5, 5, 5, 4, 4, 4, 5, 5, 4, 5, 5, 4, 5, 5, 5, 5, 5, 5, 3, 5, 5]"
the Himalayas,4.4,0.8137,30,"[5, 5, 5, 3, 4, 4, 5, 5, 4, 4, 5, 5, 3, 5, 3, 5, 5, 5, 5, 5, 3, 5, 5, 5, 5, 3, 3, 5, 4, 4]"
the Indus River,2.7,1.442,30,"[3, 3, 3, 2, 1, 2, 1, 5, 2, 1, 1, 1, 1, 4, 2, 2, 4, 4, 3, 4, 5, 5, 5, 1, 2, 5, 2, 1, 3, 3]"
the Java Sea,2.1667,1.1167,30,"[3, 3, 1, 1, 1, 2, 1, 3, 5, 2, 4, 2, 1, 2, 2, 2, 1, 3, 2, 2, 2, 1, 3, 3, 1, 2, 5, 2, 2, 1]"
the Kunlun Mountains,1.6527,0.8406,239,"[1, 1, 2, 2, 1, 2, 1, 1, 1, 2, 2, 2, 1, 3, 2, 1, 3, 1, 1, 1, 1, 2, 2, 5, 1, 3, 2, 2, 1, 1, 1, 2, 1, 2, 2, 2, 1, 2, 2, 2, 2, 2, 1, 1, 1, 2, 2, 2, 2, 2, 1, 1, 1, 2, 2, 1, 1, 2, 2, 1, 2, 2, 1, 1, 2, 5, 1, 1, 1, 2, 2, 2, 1, 1, 1, 1, 2, 1, 3, 1, 1, 1, 2, 1, 2, 1, 2, 1, 1, 2, 2, 1, 1, 2, 2, 1, 2, 1, 2, 1, 2, 2, 3, 1, 3, 1, 1, 1, 2, 1, 1, 2, 2, 1, 3, 1, 2, 2, 1, 1, 2, 1, 1, 2, 1, 2, 1, 2, 5, 2, 3, 2, 1, 5, 1, 1, 2, 3, 1, 2, 2, 1, 1, 2, 1, 2, 4, 3, 2, 1, 2, 2, 2, 1, 1, 1, 1, 2, 1, 2, 2, 1, 2, 2, 2, 1, 2, 1, 1, 2, 2, 1, 1, 2, 1, 1, 1, 1, 2, 3, 1, 1, 2, 2, 1, 2, 1, 3, 3, 3, 1, 2, 5, 1, 1, 4, 1, 1, 2, 1, 1, 1, 2, 1, 2, 2, 2, 1, 4, 1, 1, 2, 1, 1, 1, 1, 1, 1, 1, 1, 1, 1, 1, 1, 2, 2, 2, 1, 2, 1, 3, 4, 1, 1, 1, 2, 1, 1, 2]"
the Mekong River,2.4417,1.2761,240,"[2, 1, 2, 1, 1, 3, 3, 1, 3, 2, 3, 3, 5, 5, 2, 5, 2, 2, 4, 3, 4, 2, 4, 5, 3, 4, 4, 3, 1, 4, 2, 4, 1, 2, 3, 2, 1, 2, 2, 2, 4, 4, 2, 4, 2, 1, 4, 2, 4, 2, 2, 3, 2, 5, 4, 1, 3, 5, 4, 1, 4, 1, 1, 1, 4, 5, 2, 3, 5, 5, 2, 2, 5, 1, 1, 3, 2, 3, 4, 1, 1, 3, 2, 1, 3, 1, 3, 1, 2, 3, 2, 3, 2, 3, 2, 1, 2, 5, 3, 2, 5, 3, 4, 1, 1, 2, 3, 2, 2, 1, 1, 4, 2, 5, 5, 1, 2, 3, 3, 1, 1, 5, 2, 2, 1, 2, 1, 1, 5, 2, 4, 2, 1, 5, 1, 2, 2, 5, 3, 2, 3, 1, 4, 3, 1, 1, 4, 3, 2, 1, 2, 2, 4, 1, 1, 2, 4, 2, 1, 2, 1, 2, 4, 4, 2, 5, 2, 1, 1, 1, 2, 1, 2, 3, 4, 2, 1, 5, 5, 2, 2, 3, 3, 2, 1, 3, 1, 1, 2, 3, 1, 2, 5, 3, 2, 2, 2, 3, 1, 2, 1, 1, 2, 1, 1, 1, 4, 2, 2, 2, 1, 3, 3, 2, 1, 2, 2, 3, 3, 1, 1, 1, 1, 4, 1, 2, 2, 3, 2, 3, 3, 3, 3, 1, 1, 5, 3, 1, 1, 2]"
the Nile River,4.2414,0.8305,29,"[5, 5, 4, 5, 3, 5, 3, 5, 3, 3, 5, 5, 4, 5, 4, 5, 4, 5, 5, 4, 5, 5, 3, 3, 5, 4, 3, 4, 4]"
the North Sea,4.0333,1.2172,30,"[4, 5, 3, 3, 5, 5, 4, 5, 5, 5, 4, 5, 5, 1, 3, 3, 4, 3, 5, 1, 5, 5, 4, 5, 5, 3, 4, 5, 2, 5]"
the Pearl River,2.3333,1.4223,30,"[2, 1, 2, 2, 2, 1, 5, 2, 1, 1, 2, 2, 4, 1, 4, 1, 1, 5, 2, 5, 5, 1, 2, 3, 3, 4, 3, 1, 1, 1]"
the Persian Gulf,4.1,1.0939,30,"[3, 4, 5, 5, 4, 3, 5, 5, 5, 5, 5, 5, 5, 4, 5, 5, 4, 3, 4, 5, 3, 5, 3, 4, 3, 1, 2, 5, 5, 3]"
the Sea of Japan,3.0333,1.4499,30,"[1, 4, 2, 2, 5, 4, 1, 5, 5, 2, 5, 3, 1, 5, 3, 2, 2, 5, 2, 2, 3, 2, 4, 2, 2, 5, 5, 3, 3, 1]"
the Taj Mahal,4.5,0.82,30,"[5, 5, 5, 3, 5, 5, 5, 5, 4, 5, 5, 5, 4, 4, 3, 5, 4, 5, 5, 5, 5, 5, 5, 5, 5, 2, 3, 4, 5, 4]"
the Ural Mountains,2.7333,1.484,30,"[4, 3, 1, 3, 3, 1, 2, 5, 3, 1, 2, 2, 4, 1, 1, 4, 3, 2, 2, 1, 1, 4, 3, 5, 5, 1, 4, 5, 1, 5]"
therapeutic,4.7241,0.4549,29,"[4, 4, 5, 4, 5, 5, 5, 5, 5, 4, 5, 5, 5, 5, 4, 4, 4, 5, 5, 5, 4, 5, 5, 5, 5, 5, 5, 5, 5]"
thinkable,4.0667,1.3374,30,"[3, 4, 5, 5, 4, 5, 1, 3, 5, 3, 4, 5, 3, 5, 5, 4, 5, 5, 5, 5, 2, 5, 5, 5, 5, 5, 1, 5, 4, 1]"
third,4.9667,0.1826,30,"[5, 5, 5, 5, 5, 5, 5, 5, 5, 5, 5, 5, 5, 5, 4, 5, 5, 5, 5, 5, 5, 5, 5, 5, 5, 5, 5, 5, 5, 5]"
threatening,4.9333,0.2537,30,"[5, 5, 5, 4, 5, 5, 5, 5, 5, 5, 5, 5, 5, 5, 5, 5, 5, 5, 5, 4, 5, 5, 5, 5, 5, 5, 5, 5, 5, 5]"
thundering,4.8,0.6644,30,"[5, 5, 5, 3, 5, 5, 5, 5, 5, 5, 5, 5, 5, 5, 2, 5, 5, 5, 5, 4, 5, 5, 5, 5, 5, 5, 5, 5, 5, 5]"
tiger's eye,3.9667,1.2994,30,"[2, 2, 2, 4, 4, 5, 5, 5, 5, 5, 5, 5, 4, 5, 5, 3, 3, 5, 5, 2, 1, 5, 5, 5, 2, 4, 3, 3, 5, 5]"
tight,4.8333,0.379,30,"[5, 4, 5, 5, 5, 5, 5, 5, 5, 5, 4, 4, 5, 5, 5, 5, 5, 5, 5, 5, 5, 5, 5, 5, 5, 5, 4, 5, 5, 4]"
timid,4.9667,0.1826,30,"[5, 5, 5, 5, 5, 5, 5, 5, 5, 5, 5, 5, 5, 5, 5, 5, 5, 5, 5, 5, 5, 5, 5, 5, 5, 4, 5, 5, 5, 5]"
titanium,4.5,0.7768,30,"[4, 5, 5, 3, 5, 5, 5, 5, 4, 4, 5, 3, 5, 5, 5, 5, 3, 5, 3, 4, 5, 5, 5, 5, 5, 3, 5, 4, 5, 5]"
to accompany,4.7,0.596,30,"[4, 5, 3, 5, 5, 5, 4, 5, 5, 5, 5, 5, 5, 5, 5, 5, 4, 5, 5, 5, 5, 5, 5, 5, 4, 4, 3, 5, 5, 5]"
to ache,4.7,0.535,30,"[4, 5, 3, 4, 5, 5, 4, 5, 5, 5, 5, 5, 5, 5, 5, 5, 4, 5, 5, 5, 5, 5, 5, 5, 4, 4, 4, 5, 5, 5]"
to acquit,4.5667,1.04,30,"[5, 5, 5, 5, 4, 5, 5, 5, 5, 5, 4, 4, 5, 1, 1, 5, 5, 5, 5, 4, 5, 5, 5, 5, 5, 5, 5, 5, 4, 5]"
to affect,4.6333,0.8503,30,"[5, 3, 5, 5, 1, 5, 5, 4, 4, 5, 5, 4, 5, 5, 5, 5, 5, 5, 5, 5, 5, 5, 5, 5, 5, 5, 4, 5, 5, 4]"
to alarm,4.7333,0.5208,30,"[4, 5, 3, 5, 5, 5, 4, 5, 5, 5, 5, 5, 5, 5, 5, 5, 4, 5, 5, 5, 5, 5, 5, 5, 4, 4, 4, 5, 5, 5]"
to allege,4.6,0.6215,30,"[5, 4, 5, 4, 5, 5, 5, 4, 5, 4, 5, 5, 4, 5, 5, 5, 3, 5, 4, 5, 3, 4, 5, 5, 5, 5, 5, 5, 4, 5]"
to allot,4.1379,0.9901,29,"[5, 3, 4, 4, 4, 5, 5, 4, 5, 5, 1, 5, 4, 3, 4, 5, 5, 5, 4, 5, 4, 5, 3, 5, 4, 3, 3, 5, 3]"
to allow,4.9667,0.1826,30,"[5, 5, 5, 5, 5, 5, 5, 5, 5, 5, 5, 5, 5, 5, 5, 5, 5, 5, 5, 4, 5, 5, 5, 5, 5, 5, 5, 5, 5, 5]"
to alternate,4.5333,0.9371,30,"[5, 4, 5, 5, 5, 5, 5, 4, 5, 4, 5, 5, 5, 5, 5, 5, 2, 5, 4, 4, 5, 5, 5, 2, 2, 5, 5, 5, 5, 5]"
to amass,3.9286,1.1198,28,"[3, 3, 3, 4, 5, 4, 1, 2, 5, 5, 5, 5, 5, 3, 5, 4, 5, 5, 3, 5, 4, 4, 4, 2, 4, 5, 4, 3]"
to arm,4.4333,1.0726,30,"[5, 5, 3, 5, 5, 5, 5, 4, 5, 5, 5, 5, 5, 5, 5, 5, 2, 5, 4, 1, 5, 5, 5, 4, 2, 4, 5, 4, 5, 5]"
to arouse,4.4828,1.0219,29,"[5, 5, 5, 5, 5, 5, 4, 5, 4, 5, 5, 5, 5, 5, 5, 2, 5, 5, 3, 5, 5, 5, 3, 2, 5, 5, 2, 5, 5]"
to ask,5.0,0.0,30,"[5, 5, 5, 5, 5, 5, 5, 5, 5, 5, 5, 5, 5, 5, 5, 5, 5, 5, 5, 5, 5, 5, 5, 5, 5, 5, 5, 5, 5, 5]"
to assassinate,4.9,0.3051,30,"[5, 5, 4, 4, 5, 5, 5, 5, 5, 5, 5, 5, 5, 5, 5, 5, 4, 5, 5, 5, 5, 5, 5, 5, 5, 5, 5, 5, 5, 5]"
to associate,4.9,0.4026,30,"[5, 5, 5, 5, 5, 5, 5, 5, 5, 5, 5, 5, 5, 5, 5, 5, 5, 5, 5, 4, 5, 5, 5, 3, 5, 5, 5, 5, 5, 5]"
to attire,4.0667,1.0807,30,"[4, 4, 5, 4, 4, 5, 5, 3, 5, 4, 2, 5, 3, 3, 5, 2, 4, 5, 3, 2, 2, 5, 5, 4, 5, 5, 5, 4, 5, 5]"
to audit,4.5667,0.7739,30,"[5, 3, 5, 5, 5, 5, 5, 4, 3, 5, 2, 4, 5, 4, 5, 5, 5, 5, 5, 5, 5, 5, 5, 5, 5, 5, 4, 4, 5, 4]"
to await,4.8333,0.379,30,"[5, 4, 5, 4, 5, 5, 5, 5, 5, 5, 4, 5, 5, 5, 5, 5, 5, 5, 4, 5, 5, 5, 5, 5, 5, 5, 5, 5, 4, 5]"
to backbite,3.3667,1.5862,30,"[3, 5, 5, 2, 2, 3, 1, 2, 5, 5, 5, 5, 2, 5, 2, 5, 1, 2, 1, 1, 4, 3, 3, 2, 5, 5, 2, 5, 5, 5]"
to backpack,4.9333,0.2537,30,"[5, 5, 4, 5, 5, 5, 5, 5, 5, 5, 5, 5, 5, 5, 5, 5, 5, 5, 5, 4, 5, 5, 5, 5, 5, 5, 5, 5, 5, 5]"
to bandage,4.5667,0.8976,30,"[4, 5, 3, 5, 5, 4, 5, 5, 5, 5, 5, 5, 5, 4, 5, 5, 5, 5, 5, 5, 3, 5, 4, 5, 5, 1, 5, 5, 5, 4]"
to baptize,4.4,0.9322,30,"[5, 5, 5, 4, 5, 5, 5, 4, 5, 4, 5, 5, 5, 4, 5, 5, 2, 5, 5, 3, 3, 5, 5, 4, 2, 5, 5, 3, 4, 5]"
to bare,4.6,0.855,30,"[5, 5, 5, 5, 1, 5, 5, 4, 5, 5, 3, 4, 5, 5, 4, 5, 5, 5, 5, 5, 5, 5, 4, 5, 5, 4, 5, 5, 5, 4]"
to bay,3.4,1.4044,30,"[1, 3, 5, 5, 5, 5, 5, 2, 3, 2, 3, 5, 2, 2, 2, 3, 3, 2, 2, 2, 3, 2, 2, 5, 3, 5, 5, 5, 5, 5]"
to beat,4.5333,0.6814,30,"[5, 5, 5, 5, 4, 5, 4, 5, 5, 5, 5, 5, 4, 3, 4, 5, 5, 4, 5, 5, 5, 5, 3, 3, 4, 5, 4, 4, 5, 5]"
to beep,4.9,0.3051,30,"[5, 5, 5, 4, 5, 5, 5, 5, 5, 4, 5, 5, 5, 5, 5, 5, 5, 4, 5, 5, 5, 5, 5, 5, 5, 5, 5, 5, 5, 5]"
to begin,4.6667,0.6065,30,"[4, 5, 3, 5, 5, 4, 5, 5, 5, 5, 5, 5, 5, 4, 5, 5, 5, 5, 5, 4, 3, 5, 5, 5, 5, 4, 5, 5, 5, 4]"
to behave,4.5333,0.7761,30,"[5, 4, 5, 5, 5, 5, 5, 4, 5, 5, 5, 5, 5, 4, 5, 5, 3, 5, 4, 4, 5, 5, 5, 4, 2, 3, 5, 4, 5, 5]"
to belch,4.7241,0.649,29,"[5, 5, 5, 5, 5, 5, 5, 5, 5, 5, 5, 4, 5, 5, 4, 5, 4, 5, 5, 5, 4, 2, 5, 5, 5, 5, 4, 5, 5]"
to bench,4.7,0.6513,30,"[5, 5, 5, 5, 5, 5, 5, 5, 5, 5, 5, 5, 5, 5, 3, 5, 5, 3, 5, 4, 4, 5, 5, 3, 4, 5, 5, 5, 5, 5]"
to bet,4.6,0.7701,30,"[3, 5, 3, 5, 5, 4, 5, 5, 5, 5, 5, 5, 5, 5, 5, 5, 5, 5, 5, 3, 5, 5, 5, 4, 5, 3, 5, 5, 5, 3]"
to bind,4.6,0.6215,30,"[4, 5, 3, 4, 5, 5, 4, 5, 5, 5, 5, 5, 5, 5, 4, 5, 4, 5, 5, 5, 5, 4, 4, 5, 4, 3, 5, 5, 5, 5]"
to blacken,4.7333,0.5208,30,"[3, 4, 5, 4, 5, 5, 5, 5, 5, 4, 4, 5, 5, 5, 5, 5, 5, 5, 5, 5, 4, 5, 5, 5, 5, 4, 5, 5, 5, 5]"
to blanch,4.1333,1.1958,30,"[5, 5, 4, 4, 4, 5, 5, 4, 5, 5, 5, 3, 5, 1, 5, 5, 3, 5, 5, 2, 2, 5, 2, 5, 5, 3, 3, 5, 4, 5]"
to blare,4.2,0.9965,30,"[4, 4, 5, 4, 5, 2, 3, 3, 5, 2, 4, 4, 2, 5, 5, 5, 4, 5, 4, 4, 3, 5, 5, 5, 5, 4, 5, 5, 5, 5]"
to bless,4.8333,0.4611,30,"[5, 4, 5, 4, 5, 5, 5, 5, 5, 4, 5, 5, 5, 5, 5, 5, 5, 5, 5, 5, 3, 5, 5, 5, 5, 5, 5, 5, 5, 5]"
to blindfold,4.8966,0.4093,29,"[5, 3, 5, 5, 5, 5, 5, 5, 5, 5, 5, 5, 5, 5, 5, 5, 5, 5, 5, 5, 5, 5, 5, 5, 4, 5, 5, 5, 5]"
to blister,4.7,0.7497,30,"[4, 5, 3, 5, 5, 4, 5, 5, 5, 5, 5, 5, 5, 5, 5, 5, 5, 5, 5, 5, 5, 5, 5, 5, 5, 2, 5, 5, 5, 3]"
to bludgeon,4.3667,0.8503,30,"[5, 3, 5, 5, 3, 5, 5, 5, 5, 3, 5, 4, 5, 5, 3, 5, 5, 4, 5, 3, 4, 5, 5, 3, 3, 5, 4, 5, 4, 5]"
to blur,4.6333,0.5561,30,"[4, 5, 3, 4, 4, 5, 4, 5, 5, 5, 4, 5, 5, 5, 5, 5, 4, 5, 5, 5, 5, 5, 5, 5, 4, 4, 4, 5, 5, 5]"
to blurt,4.0667,1.2576,30,"[5, 3, 4, 5, 5, 4, 5, 4, 5, 2, 5, 5, 5, 4, 5, 3, 2, 5, 3, 1, 5, 5, 5, 3, 2, 5, 5, 2, 5, 5]"
to board,4.7,0.596,30,"[5, 4, 5, 5, 5, 5, 5, 4, 4, 5, 5, 4, 5, 5, 3, 5, 5, 5, 5, 5, 5, 5, 5, 5, 5, 5, 3, 5, 5, 4]"
to bonk,3.3667,1.4499,30,"[2, 2, 3, 3, 5, 5, 1, 1, 5, 4, 3, 5, 5, 5, 3, 3, 1, 1, 4, 5, 3, 5, 3, 5, 3, 1, 3, 3, 4, 5]"
to boogie,4.0,1.0171,30,"[4, 5, 5, 5, 4, 5, 4, 4, 5, 5, 1, 5, 4, 3, 4, 3, 5, 4, 4, 4, 3, 5, 2, 3, 3, 5, 3, 4, 4, 5]"
to boom,4.2069,1.0135,29,"[3, 5, 5, 4, 5, 5, 5, 2, 5, 3, 4, 4, 5, 5, 5, 3, 5, 3, 5, 4, 3, 3, 5, 2, 4, 5, 5, 5, 5]"
to boss,4.6333,0.7184,30,"[3, 5, 3, 5, 5, 3, 5, 5, 5, 5, 5, 5, 5, 4, 5, 5, 5, 5, 5, 5, 5, 5, 5, 5, 5, 5, 4, 5, 3, 4]"
to bother,4.8667,0.4342,30,"[5, 5, 5, 5, 5, 5, 5, 5, 5, 5, 5, 5, 5, 5, 4, 5, 5, 5, 5, 4, 5, 5, 5, 3, 5, 5, 5, 5, 5, 5]"
to bounce,4.5517,0.9482,29,"[4, 5, 5, 5, 5, 5, 4, 5, 5, 5, 5, 5, 5, 5, 5, 2, 5, 5, 4, 5, 5, 5, 2, 2, 5, 5, 4, 5, 5]"
to box,4.8667,0.4342,30,"[5, 4, 5, 4, 5, 5, 5, 5, 5, 5, 5, 5, 5, 5, 5, 5, 5, 5, 5, 5, 5, 5, 5, 5, 5, 3, 5, 5, 5, 5]"
to boycott,4.8333,0.379,30,"[5, 4, 5, 4, 5, 5, 5, 5, 5, 4, 5, 4, 5, 5, 5, 5, 5, 5, 5, 5, 5, 5, 5, 5, 5, 4, 5, 5, 5, 5]"
to bridge,4.6667,0.5467,30,"[5, 3, 5, 5, 4, 5, 5, 4, 4, 5, 5, 4, 5, 4, 5, 5, 5, 5, 5, 5, 5, 5, 5, 5, 5, 5, 4, 4, 5, 4]"
to bring,4.8667,0.3457,30,"[5, 4, 5, 5, 5, 5, 5, 5, 5, 5, 5, 4, 5, 5, 5, 5, 5, 5, 5, 5, 5, 5, 5, 5, 5, 5, 4, 5, 5, 4]"
to broaden,4.8333,0.5307,30,"[5, 5, 4, 5, 5, 5, 5, 5, 5, 5, 5, 5, 5, 5, 5, 5, 3, 5, 5, 3, 5, 5, 5, 5, 5, 5, 5, 5, 5, 5]"
to bruise,4.7586,0.511,29,"[4, 5, 4, 5, 5, 4, 5, 5, 5, 5, 5, 5, 5, 3, 5, 5, 5, 5, 5, 5, 5, 5, 5, 5, 4, 5, 5, 5, 4]"
to brush,4.9333,0.2537,30,"[5, 5, 5, 4, 5, 5, 5, 5, 5, 4, 5, 5, 5, 5, 5, 5, 5, 5, 5, 5, 5, 5, 5, 5, 5, 5, 5, 5, 5, 5]"
to buck,4.3103,1.0725,29,"[4, 4, 3, 5, 5, 5, 5, 5, 5, 5, 4, 5, 1, 5, 5, 4, 3, 5, 3, 5, 5, 3, 5, 5, 2, 5, 5, 4, 5]"
to bug,4.8,0.4842,30,"[5, 5, 5, 5, 5, 5, 5, 5, 5, 5, 5, 5, 5, 5, 4, 5, 5, 4, 4, 3, 5, 5, 5, 4, 5, 5, 5, 5, 5, 5]"
to build,5.0,0.0,30,"[5, 5, 5, 5, 5, 5, 5, 5, 5, 5, 5, 5, 5, 5, 5, 5, 5, 5, 5, 5, 5, 5, 5, 5, 5, 5, 5, 5, 5, 5]"
to bunt,4.4,1.0034,30,"[2, 5, 2, 3, 5, 4, 5, 5, 5, 5, 5, 4, 5, 4, 5, 5, 3, 5, 4, 5, 5, 5, 4, 5, 5, 2, 5, 5, 5, 5]"
to burgle,3.4333,1.3309,30,"[2, 4, 5, 5, 4, 5, 5, 3, 4, 3, 1, 4, 5, 3, 3, 2, 3, 1, 5, 2, 1, 3, 3, 4, 5, 5, 3, 2, 5, 3]"
to burn,4.7333,0.5208,30,"[4, 5, 3, 4, 5, 5, 4, 5, 5, 5, 5, 5, 5, 5, 5, 5, 4, 5, 5, 5, 5, 5, 5, 5, 4, 4, 5, 5, 5, 5]"
to burr,2.5333,1.3578,30,"[1, 3, 1, 1, 2, 5, 1, 3, 2, 2, 5, 2, 5, 1, 2, 3, 2, 3, 2, 2, 3, 2, 1, 2, 5, 1, 4, 2, 3, 5]"
to butter,4.5333,0.8604,30,"[5, 4, 5, 5, 5, 5, 5, 4, 5, 5, 5, 5, 5, 5, 5, 5, 3, 5, 4, 4, 5, 5, 5, 2, 2, 5, 5, 4, 4, 5]"
to buy,4.8667,0.3457,30,"[5, 4, 5, 5, 5, 5, 5, 5, 5, 5, 5, 4, 5, 5, 5, 5, 5, 5, 5, 5, 5, 5, 5, 5, 5, 4, 5, 5, 5, 4]"
to cackle,4.2333,1.04,30,"[4, 4, 4, 4, 5, 5, 4, 3, 5, 1, 4, 5, 4, 5, 4, 4, 2, 5, 5, 5, 4, 4, 5, 5, 5, 2, 5, 5, 5, 5]"
to caddy,4.2,0.9965,30,"[5, 4, 5, 5, 4, 5, 5, 4, 3, 5, 2, 4, 5, 4, 4, 5, 5, 2, 5, 3, 5, 2, 5, 5, 5, 4, 4, 4, 5, 3]"
to cage,4.5,0.7768,30,"[4, 5, 4, 5, 5, 4, 5, 5, 5, 5, 2, 5, 5, 4, 5, 5, 4, 5, 5, 5, 4, 5, 5, 4, 5, 4, 3, 5, 5, 3]"
to calcify,3.9,1.125,30,"[5, 5, 3, 4, 5, 4, 4, 4, 5, 2, 5, 5, 5, 3, 5, 3, 2, 5, 3, 3, 3, 5, 5, 4, 1, 4, 4, 5, 3, 3]"
to camp,4.8667,0.3457,30,"[4, 5, 5, 5, 5, 5, 5, 5, 5, 5, 5, 5, 5, 5, 5, 5, 5, 4, 5, 5, 5, 5, 5, 4, 4, 5, 5, 5, 5, 5]"
to can,4.2759,0.9598,29,"[3, 3, 3, 5, 5, 3, 5, 5, 5, 5, 5, 5, 5, 5, 5, 5, 4, 5, 5, 4, 5, 3, 4, 5, 2, 5, 3, 4, 3]"
to cane,3.8333,1.1769,30,"[3, 5, 5, 5, 2, 5, 2, 5, 3, 3, 5, 5, 4, 3, 3, 3, 5, 4, 5, 4, 3, 5, 2, 2, 3, 5, 4, 2, 5, 5]"
to canter,3.3667,1.3257,30,"[4, 3, 3, 2, 2, 4, 3, 1, 5, 5, 3, 4, 5, 3, 3, 3, 3, 2, 1, 1, 5, 4, 4, 4, 4, 5, 4, 5, 1, 5]"
to cap,4.6333,0.6149,30,"[4, 5, 3, 5, 4, 5, 4, 5, 5, 5, 4, 5, 5, 5, 5, 5, 4, 5, 5, 5, 5, 5, 4, 5, 4, 3, 5, 5, 5, 5]"
to capture,4.7586,0.511,29,"[4, 5, 3, 4, 5, 5, 5, 5, 5, 5, 5, 5, 5, 5, 5, 5, 4, 5, 5, 5, 5, 5, 5, 5, 4, 4, 5, 5, 5]"
to carry,4.9667,0.1826,30,"[5, 5, 5, 4, 5, 5, 5, 5, 5, 5, 5, 5, 5, 5, 5, 5, 5, 5, 5, 5, 5, 5, 5, 5, 5, 5, 5, 5, 5, 5]"
to cart,4.5,0.861,30,"[4, 5, 3, 5, 5, 5, 3, 5, 5, 5, 5, 5, 5, 2, 5, 5, 4, 5, 5, 5, 5, 5, 3, 5, 4, 4, 3, 5, 5, 5]"
to castigate,2.5667,1.4782,30,"[2, 1, 1, 1, 3, 5, 5, 3, 3, 2, 1, 1, 1, 3, 3, 4, 5, 3, 1, 1, 4, 3, 1, 3, 5, 5, 1, 3, 1, 2]"
to cause,4.5862,0.7328,29,"[4, 5, 3, 5, 5, 4, 5, 5, 5, 5, 5, 5, 5, 3, 5, 5, 5, 5, 5, 4, 5, 5, 5, 5, 3, 3, 5, 5, 4]"
to cavort,2.7,1.489,30,"[4, 1, 1, 4, 5, 1, 2, 5, 1, 5, 1, 5, 1, 1, 4, 4, 3, 3, 3, 2, 3, 4, 4, 1, 4, 2, 2, 1, 3, 1]"
to cease,4.7586,0.511,29,"[4, 4, 5, 4, 5, 5, 5, 5, 5, 4, 5, 5, 5, 5, 5, 5, 5, 5, 5, 4, 5, 5, 5, 5, 3, 5, 5, 5, 5]"
to cede,3.3448,1.37,29,"[3, 5, 4, 5, 2, 2, 2, 3, 1, 5, 5, 3, 3, 3, 2, 5, 4, 5, 4, 5, 5, 2, 2, 3, 1, 4, 1, 4, 4]"
to chant,4.4333,0.9353,30,"[5, 4, 5, 4, 5, 5, 5, 4, 5, 4, 5, 5, 5, 4, 5, 5, 2, 5, 4, 4, 5, 5, 5, 4, 2, 5, 5, 2, 5, 5]"
to chaperone,4.3667,0.8503,30,"[5, 5, 5, 5, 3, 5, 4, 5, 5, 5, 5, 5, 4, 5, 4, 4, 5, 4, 3, 4, 5, 5, 2, 3, 3, 5, 4, 4, 5, 5]"
to char,4.2333,1.1043,30,"[2, 4, 5, 4, 5, 5, 5, 1, 4, 2, 4, 5, 3, 5, 5, 3, 4, 5, 4, 5, 4, 5, 5, 5, 5, 3, 5, 5, 5, 5]"
to charbroil,4.3333,0.8023,30,"[5, 5, 5, 5, 3, 5, 4, 5, 5, 5, 5, 5, 4, 4, 4, 4, 4, 4, 2, 4, 4, 5, 3, 4, 3, 5, 5, 4, 5, 5]"
to charter,4.1379,1.1565,29,"[4, 4, 4, 5, 5, 4, 5, 4, 5, 4, 5, 5, 5, 3, 5, 2, 5, 2, 2, 5, 5, 5, 3, 2, 2, 5, 5, 5, 5]"
to chat,4.9,0.3051,30,"[5, 5, 4, 5, 5, 5, 5, 5, 5, 5, 5, 5, 5, 5, 5, 5, 5, 5, 5, 5, 4, 5, 5, 5, 5, 5, 5, 5, 5, 4]"
to chauffeur,4.6,0.855,30,"[4, 5, 3, 4, 5, 5, 4, 5, 5, 5, 5, 5, 5, 5, 5, 5, 4, 5, 5, 5, 5, 5, 5, 5, 4, 4, 1, 5, 5, 5]"
to chew,4.9,0.4026,30,"[5, 5, 5, 5, 5, 5, 5, 5, 5, 5, 5, 5, 5, 5, 5, 5, 5, 5, 5, 4, 5, 5, 5, 5, 5, 3, 5, 5, 5, 5]"
to chide,3.7667,1.5013,30,"[4, 5, 1, 4, 5, 5, 3, 5, 5, 5, 3, 5, 5, 1, 5, 5, 4, 4, 5, 5, 4, 4, 3, 1, 3, 1, 2, 5, 5, 1]"
to chill,4.9667,0.1826,30,"[5, 5, 5, 5, 5, 5, 5, 5, 5, 5, 5, 5, 5, 5, 5, 5, 4, 5, 5, 5, 5, 5, 5, 5, 5, 5, 5, 5, 5, 5]"
to chip,4.6897,0.6038,29,"[5, 4, 5, 5, 5, 5, 5, 4, 5, 5, 3, 4, 5, 5, 5, 5, 5, 5, 5, 5, 5, 5, 5, 5, 4, 4, 5, 5, 3]"
to chitchat,4.8333,0.5921,30,"[5, 4, 5, 5, 5, 5, 5, 5, 5, 4, 5, 5, 5, 5, 5, 2, 5, 5, 5, 5, 5, 5, 5, 5, 5, 5, 5, 5, 5, 5]"
to clam,3.7241,1.2217,29,"[3, 5, 5, 5, 2, 5, 3, 5, 5, 5, 3, 3, 5, 4, 3, 5, 4, 5, 4, 3, 5, 2, 2, 2, 5, 2, 3, 3, 2]"
to cling,4.6,0.724,30,"[5, 5, 5, 5, 4, 5, 4, 5, 5, 5, 5, 5, 4, 4, 5, 5, 5, 4, 5, 5, 5, 5, 2, 3, 4, 5, 5, 4, 5, 5]"
to clump,4.4828,0.7378,29,"[5, 2, 4, 5, 5, 4, 5, 5, 5, 4, 5, 5, 5, 4, 5, 4, 5, 3, 4, 5, 5, 5, 4, 4, 4, 4, 5, 5, 5]"
to clutter,4.6667,0.6065,30,"[4, 5, 3, 4, 5, 5, 3, 5, 5, 5, 5, 5, 5, 5, 5, 5, 4, 5, 5, 5, 5, 5, 5, 5, 4, 4, 4, 5, 5, 5]"
to coagulate,4.069,1.1628,29,"[3, 3, 4, 5, 5, 3, 2, 2, 5, 5, 5, 5, 5, 5, 5, 4, 5, 5, 5, 4, 5, 4, 4, 5, 1, 3, 3, 5, 3]"
to coalesce,3.1,1.6682,30,"[4, 4, 1, 5, 2, 4, 2, 5, 5, 5, 1, 5, 1, 1, 1, 5, 1, 3, 3, 4, 3, 5, 4, 1, 4, 1, 2, 5, 5, 1]"
to coast,4.4667,0.7761,30,"[4, 5, 5, 5, 3, 5, 5, 5, 5, 5, 5, 5, 4, 5, 4, 5, 5, 4, 5, 5, 4, 5, 2, 3, 4, 5, 4, 4, 4, 5]"
to coexist,4.5333,0.7761,30,"[5, 3, 5, 5, 5, 5, 5, 4, 5, 4, 5, 5, 5, 4, 5, 5, 3, 5, 4, 4, 5, 5, 5, 4, 2, 5, 5, 4, 5, 5]"
to collaborate,4.4667,0.9732,30,"[5, 5, 5, 5, 5, 5, 5, 4, 5, 3, 5, 5, 5, 4, 5, 5, 2, 5, 4, 4, 5, 5, 5, 4, 2, 5, 5, 2, 5, 5]"
to come,4.8667,0.3457,30,"[5, 4, 5, 5, 5, 5, 5, 4, 5, 5, 5, 4, 5, 5, 5, 5, 5, 5, 5, 5, 5, 5, 5, 5, 5, 5, 5, 5, 5, 4]"
to communicate,4.8966,0.4093,29,"[5, 5, 5, 5, 5, 5, 5, 5, 5, 5, 5, 5, 5, 5, 5, 5, 5, 5, 4, 5, 5, 5, 3, 5, 5, 5, 5, 5, 5]"
to comport,2.4333,1.4782,30,"[2, 1, 3, 1, 4, 4, 3, 1, 1, 5, 1, 4, 1, 2, 2, 5, 4, 5, 1, 1, 3, 2, 1, 3, 5, 1, 2, 1, 1, 3]"
to concede,4.6667,0.6609,30,"[5, 3, 5, 5, 5, 5, 5, 4, 5, 5, 3, 4, 5, 5, 4, 5, 5, 5, 5, 3, 5, 5, 5, 5, 5, 5, 5, 5, 5, 4]"
to concern,4.6667,0.5467,30,"[5, 4, 5, 5, 3, 5, 5, 4, 4, 5, 4, 4, 5, 5, 5, 5, 5, 5, 5, 5, 5, 5, 4, 5, 5, 4, 5, 5, 5, 4]"
to concoct,4.4,0.855,30,"[5, 3, 5, 5, 5, 4, 5, 4, 5, 4, 5, 5, 5, 4, 5, 5, 2, 5, 4, 4, 5, 3, 5, 3, 3, 5, 5, 4, 5, 5]"
to condition,4.3,1.1492,30,"[5, 5, 5, 5, 5, 5, 5, 4, 5, 4, 5, 5, 5, 2, 5, 5, 2, 5, 3, 2, 5, 5, 5, 2, 2, 4, 5, 4, 5, 5]"
to construct,4.7,0.6513,30,"[3, 5, 5, 5, 5, 4, 5, 5, 5, 5, 5, 5, 5, 4, 5, 5, 5, 5, 5, 5, 5, 5, 5, 5, 5, 4, 3, 5, 5, 3]"
to contain,4.6333,0.8087,30,"[5, 4, 5, 5, 5, 5, 5, 4, 5, 5, 5, 5, 5, 4, 5, 5, 2, 5, 4, 4, 5, 5, 5, 5, 2, 5, 5, 5, 5, 5]"
to convince,4.5667,0.7279,30,"[5, 5, 5, 5, 3, 5, 4, 5, 5, 5, 5, 5, 5, 5, 4, 5, 5, 4, 5, 5, 4, 5, 2, 4, 4, 5, 4, 4, 5, 5]"
to coo,3.9667,1.0981,30,"[5, 4, 3, 5, 4, 3, 5, 3, 3, 3, 2, 4, 5, 4, 3, 5, 5, 5, 1, 5, 5, 5, 4, 3, 5, 3, 5, 3, 5, 4]"
to corral,3.8966,1.0805,29,"[3, 4, 3, 4, 5, 4, 5, 3, 2, 5, 5, 5, 5, 4, 2, 4, 3, 5, 5, 3, 5, 4, 4, 4, 1, 4, 5, 4, 3]"
to correspond,4.3667,0.9279,30,"[5, 3, 4, 5, 5, 5, 5, 4, 4, 4, 5, 5, 5, 4, 5, 5, 2, 5, 4, 4, 5, 5, 5, 3, 2, 5, 5, 3, 5, 5]"
to cost,4.5333,0.7761,30,"[5, 5, 4, 5, 5, 5, 4, 5, 5, 5, 5, 5, 4, 4, 5, 4, 5, 3, 5, 5, 5, 5, 2, 3, 4, 5, 4, 5, 5, 5]"
to cough,4.8621,0.4411,29,"[5, 5, 3, 5, 5, 4, 5, 5, 5, 5, 5, 5, 5, 4, 5, 5, 5, 5, 5, 5, 5, 5, 5, 5, 5, 5, 5, 5, 5]"
to crave,4.9,0.4026,30,"[5, 5, 5, 5, 5, 5, 5, 5, 5, 5, 5, 5, 5, 5, 5, 5, 5, 5, 5, 4, 5, 5, 5, 3, 5, 5, 5, 5, 5, 5]"
to create,4.6333,0.8503,30,"[5, 5, 5, 5, 5, 5, 5, 4, 5, 5, 5, 5, 5, 4, 5, 5, 2, 5, 5, 4, 5, 5, 5, 3, 2, 5, 5, 5, 5, 5]"
to croak,4.2667,1.0483,30,"[3, 5, 4, 5, 5, 4, 5, 3, 5, 5, 5, 5, 5, 5, 5, 5, 5, 5, 5, 3, 3, 5, 4, 3, 5, 1, 5, 4, 3, 3]"
to crop,4.6667,0.6609,30,"[3, 5, 5, 4, 4, 5, 5, 3, 5, 4, 4, 5, 5, 5, 5, 5, 5, 5, 5, 5, 3, 5, 5, 5, 5, 5, 5, 5, 5, 5]"
to crowd,4.9333,0.2537,30,"[5, 5, 5, 5, 5, 5, 5, 5, 5, 5, 5, 4, 5, 5, 5, 5, 4, 5, 5, 5, 5, 5, 5, 5, 5, 5, 5, 5, 5, 5]"
to cuckold,3.4333,1.4547,30,"[3, 3, 1, 3, 3, 1, 5, 5, 2, 5, 2, 2, 4, 1, 1, 5, 3, 5, 3, 3, 5, 4, 2, 5, 5, 3, 5, 5, 4, 5]"
to dance,4.8667,0.4342,30,"[5, 5, 5, 5, 5, 5, 5, 5, 5, 5, 5, 5, 5, 5, 5, 5, 5, 5, 5, 4, 5, 5, 5, 3, 4, 5, 5, 5, 5, 5]"
to darken,4.5862,0.568,29,"[4, 5, 3, 5, 5, 4, 5, 4, 5, 5, 5, 5, 5, 4, 5, 5, 4, 5, 5, 5, 5, 4, 4, 5, 4, 5, 4, 5, 4]"
to dart,4.5,0.7311,30,"[4, 5, 5, 5, 4, 5, 4, 5, 5, 5, 5, 5, 4, 5, 4, 5, 5, 4, 5, 4, 5, 5, 2, 3, 4, 5, 4, 5, 4, 5]"
to dawdle,4.2,1.2429,30,"[5, 3, 5, 5, 4, 5, 5, 4, 4, 5, 1, 1, 5, 4, 5, 5, 5, 5, 1, 5, 5, 5, 5, 5, 5, 4, 4, 3, 4, 4]"
to dazzle,4.8667,0.3457,30,"[4, 5, 5, 5, 5, 5, 5, 5, 5, 5, 5, 5, 5, 5, 5, 5, 4, 5, 5, 5, 4, 4, 5, 5, 5, 5, 5, 5, 5, 5]"
to de-vein,3.6,1.3025,30,"[3, 3, 3, 4, 5, 2, 5, 4, 4, 2, 5, 5, 5, 4, 5, 1, 2, 5, 2, 2, 5, 3, 5, 3, 2, 3, 4, 2, 5, 5]"
to deck,4.3667,0.8087,30,"[4, 5, 5, 5, 4, 4, 5, 4, 5, 5, 5, 5, 5, 5, 3, 5, 5, 3, 3, 3, 5, 3, 5, 3, 4, 5, 4, 4, 5, 5]"
to decorate,4.6552,0.6695,29,"[3, 5, 3, 5, 5, 4, 5, 5, 5, 5, 5, 5, 5, 4, 5, 5, 5, 5, 5, 4, 5, 5, 5, 5, 3, 5, 5, 5, 4]"
to deem,4.6,0.6747,30,"[5, 2, 5, 4, 4, 5, 5, 4, 4, 5, 5, 4, 5, 4, 5, 5, 5, 5, 5, 5, 5, 5, 5, 5, 5, 4, 4, 5, 5, 4]"
to defend,4.8667,0.3457,30,"[5, 4, 5, 5, 5, 5, 5, 5, 5, 4, 5, 4, 5, 5, 5, 5, 5, 5, 5, 5, 4, 5, 5, 5, 5, 5, 5, 5, 5, 5]"
to defrost,4.8333,0.4611,30,"[5, 5, 5, 5, 5, 5, 5, 5, 5, 5, 5, 5, 5, 5, 4, 5, 5, 4, 5, 4, 5, 5, 5, 3, 5, 5, 5, 5, 5, 5]"
to degrade,4.7,0.535,30,"[5, 4, 5, 5, 4, 5, 5, 5, 5, 4, 5, 5, 5, 5, 4, 5, 5, 4, 5, 4, 5, 5, 5, 3, 5, 5, 4, 5, 5, 5]"
to degrease,4.0,1.1447,30,"[4, 5, 3, 5, 4, 3, 1, 4, 5, 5, 5, 5, 5, 4, 5, 4, 5, 4, 3, 4, 3, 5, 4, 5, 2, 1, 5, 4, 4, 4]"
to deliver,4.7,0.7022,30,"[5, 5, 5, 5, 4, 5, 5, 5, 5, 5, 5, 5, 5, 5, 5, 5, 5, 4, 5, 5, 5, 5, 2, 3, 4, 5, 5, 4, 5, 5]"
to demean,4.3,1.0875,30,"[5, 3, 5, 5, 4, 5, 5, 4, 4, 5, 1, 4, 5, 4, 4, 5, 5, 5, 5, 5, 5, 5, 4, 3, 5, 4, 1, 5, 5, 4]"
to demoralize,4.4333,0.8976,30,"[5, 2, 5, 5, 5, 5, 5, 4, 3, 5, 5, 4, 5, 5, 3, 5, 5, 5, 5, 3, 5, 5, 3, 4, 5, 5, 3, 5, 5, 4]"
to deplore,4.2667,1.0148,30,"[4, 5, 5, 3, 3, 5, 5, 5, 5, 5, 5, 2, 5, 4, 2, 5, 4, 4, 5, 3, 5, 4, 5, 2, 5, 5, 4, 5, 4, 5]"
to design,4.8621,0.5158,29,"[5, 5, 5, 5, 5, 5, 5, 5, 5, 5, 5, 5, 5, 5, 5, 5, 5, 5, 3, 5, 5, 5, 3, 5, 5, 5, 5, 5, 5]"
to despise,4.5667,0.7279,30,"[5, 5, 5, 5, 4, 5, 4, 5, 5, 5, 5, 5, 5, 4, 4, 4, 5, 4, 5, 5, 5, 5, 2, 3, 4, 5, 5, 4, 5, 5]"
to devour,4.5667,0.8584,30,"[4, 4, 4, 5, 5, 5, 5, 5, 5, 5, 5, 5, 5, 4, 5, 5, 5, 5, 5, 4, 4, 5, 5, 4, 5, 1, 5, 5, 5, 3]"
to dicker,2.6333,1.4259,30,"[4, 2, 5, 3, 1, 5, 5, 3, 1, 1, 2, 4, 1, 2, 3, 3, 5, 1, 1, 1, 3, 2, 4, 5, 2, 2, 2, 1, 3, 2]"
to dim,4.9,0.3051,30,"[5, 5, 5, 5, 5, 5, 5, 5, 5, 5, 5, 5, 5, 5, 5, 5, 5, 4, 5, 4, 5, 5, 5, 4, 5, 5, 5, 5, 5, 5]"
to disagree,4.7333,0.6397,30,"[5, 5, 4, 5, 5, 5, 5, 4, 5, 5, 5, 5, 5, 5, 5, 5, 4, 5, 5, 4, 5, 5, 5, 5, 2, 5, 5, 4, 5, 5]"
to discharge,4.7,0.7497,30,"[5, 4, 5, 3, 5, 5, 5, 5, 5, 5, 5, 4, 5, 5, 5, 5, 3, 5, 5, 5, 5, 5, 5, 5, 5, 2, 5, 5, 5, 5]"
to disdain,3.7667,1.2229,30,"[3, 4, 4, 5, 4, 5, 3, 5, 5, 2, 5, 5, 3, 4, 3, 4, 5, 4, 5, 4, 5, 5, 1, 1, 3, 5, 3, 2, 3, 3]"
to disgust,4.5,0.9738,30,"[4, 5, 3, 5, 5, 5, 4, 5, 5, 2, 1, 5, 5, 5, 5, 5, 4, 5, 5, 5, 5, 5, 5, 5, 4, 4, 4, 5, 5, 5]"
to disillusion,4.4333,0.8172,30,"[5, 5, 5, 4, 4, 5, 5, 5, 5, 5, 5, 4, 5, 5, 3, 5, 4, 4, 4, 3, 5, 5, 3, 2, 5, 5, 4, 4, 5, 5]"
to dismiss,4.8333,0.379,30,"[4, 4, 5, 4, 5, 5, 5, 5, 5, 5, 5, 5, 4, 5, 5, 5, 5, 5, 5, 5, 4, 5, 5, 5, 5, 5, 5, 5, 5, 5]"
to dispute,4.931,0.2579,29,"[5, 5, 5, 5, 5, 5, 5, 5, 4, 5, 5, 5, 5, 5, 5, 5, 5, 5, 5, 4, 5, 5, 5, 5, 5, 5, 5, 5, 5]"
to dissipate,4.6333,0.7184,30,"[5, 5, 4, 4, 5, 5, 5, 5, 5, 5, 5, 4, 5, 5, 4, 5, 4, 5, 4, 2, 5, 5, 3, 5, 5, 5, 5, 5, 5, 5]"
to dissociate,4.2667,1.0807,30,"[4, 2, 4, 4, 5, 1, 5, 4, 5, 5, 5, 5, 5, 5, 5, 5, 3, 5, 2, 4, 5, 4, 3, 5, 5, 4, 4, 5, 5, 5]"
to doll,3.3929,1.37,28,"[2, 2, 3, 5, 4, 2, 5, 4, 1, 5, 5, 5, 5, 2, 3, 2, 2, 5, 4, 5, 5, 4, 3, 3, 3, 1, 2, 3]"
to don,3.9333,1.0148,30,"[2, 5, 3, 5, 3, 5, 5, 5, 5, 5, 5, 4, 4, 3, 4, 3, 4, 4, 4, 4, 4, 5, 2, 2, 4, 5, 3, 3, 5, 3]"
to draw,4.9,0.4026,30,"[5, 3, 5, 4, 5, 5, 5, 5, 5, 5, 5, 5, 5, 5, 5, 5, 5, 5, 5, 5, 5, 5, 5, 5, 5, 5, 5, 5, 5, 5]"
to dribble,4.3571,1.0261,28,"[3, 5, 3, 5, 5, 5, 4, 5, 5, 5, 5, 5, 4, 5, 5, 5, 5, 5, 3, 5, 4, 5, 5, 1, 4, 3, 5, 3]"
to drizzle,4.5333,0.9371,30,"[5, 5, 5, 5, 5, 5, 5, 4, 5, 4, 5, 5, 5, 5, 5, 5, 2, 5, 4, 4, 5, 5, 5, 4, 2, 5, 5, 2, 5, 5]"
to drool,4.9,0.4026,30,"[5, 5, 5, 5, 5, 5, 5, 5, 5, 5, 5, 5, 5, 5, 5, 5, 3, 5, 5, 5, 5, 4, 5, 5, 5, 5, 5, 5, 5, 5]"
to drug,4.5333,0.8193,30,"[3, 5, 3, 5, 5, 4, 5, 5, 5, 5, 5, 5, 5, 5, 5, 5, 5, 5, 5, 4, 4, 5, 4, 4, 5, 5, 3, 5, 5, 2]"
to duck,4.7333,0.5208,30,"[4, 5, 4, 4, 5, 5, 5, 5, 5, 5, 5, 5, 5, 5, 5, 5, 4, 5, 5, 5, 5, 5, 5, 5, 4, 3, 4, 5, 5, 5]"
to duel,4.4138,1.0183,29,"[3, 4, 4, 5, 5, 4, 5, 5, 5, 5, 5, 5, 5, 4, 5, 5, 5, 5, 5, 5, 5, 3, 4, 5, 1, 5, 4, 5, 2]"
to earn,4.6,0.7701,30,"[5, 3, 5, 5, 5, 5, 5, 4, 5, 5, 5, 5, 5, 4, 5, 5, 4, 5, 5, 3, 5, 5, 5, 4, 2, 5, 5, 4, 5, 5]"
to efface,2.8667,1.3322,30,"[4, 2, 2, 3, 3, 3, 4, 2, 4, 5, 1, 5, 3, 1, 2, 2, 4, 1, 3, 4, 2, 4, 4, 1, 2, 1, 2, 5, 5, 2]"
to electrify,4.7,0.6513,30,"[5, 5, 5, 5, 3, 5, 5, 5, 5, 5, 5, 5, 5, 5, 3, 5, 5, 4, 5, 4, 5, 5, 5, 3, 5, 5, 5, 5, 4, 5]"
to elucidate,2.6,1.4288,30,"[3, 2, 1, 5, 3, 5, 5, 1, 3, 2, 1, 2, 3, 2, 3, 5, 3, 4, 1, 1, 3, 1, 1, 2, 5, 2, 1, 1, 4, 3]"
to emcee,4.0,1.3896,30,"[5, 4, 5, 5, 5, 5, 4, 4, 4, 5, 1, 2, 5, 4, 4, 5, 5, 5, 5, 5, 5, 4, 5, 5, 5, 2, 1, 3, 1, 2]"
to employ,4.5667,0.8172,30,"[5, 4, 4, 5, 5, 5, 5, 4, 5, 5, 5, 5, 5, 5, 5, 5, 2, 5, 4, 4, 5, 5, 5, 4, 2, 5, 5, 4, 5, 5]"
to enclose,4.9667,0.1826,30,"[5, 5, 5, 5, 5, 5, 5, 5, 5, 5, 5, 5, 5, 5, 5, 5, 5, 5, 5, 5, 5, 5, 5, 5, 5, 4, 5, 5, 5, 5]"
to encourage,4.7333,0.5833,30,"[4, 5, 3, 5, 5, 4, 5, 5, 5, 5, 5, 5, 5, 4, 5, 5, 5, 5, 5, 5, 5, 5, 5, 5, 5, 3, 5, 5, 5, 4]"
to enliven,3.8333,1.2617,30,"[3, 3, 3, 5, 5, 4, 1, 3, 5, 5, 4, 1, 5, 4, 5, 3, 4, 5, 5, 3, 5, 5, 4, 4, 4, 1, 5, 5, 3, 3]"
to enrich,4.6,0.7701,30,"[5, 5, 5, 5, 5, 5, 5, 5, 5, 5, 5, 4, 5, 5, 4, 5, 5, 3, 4, 4, 5, 5, 5, 2, 5, 5, 3, 5, 4, 5]"
to entertain,4.7586,0.511,29,"[4, 5, 3, 5, 5, 4, 5, 5, 5, 5, 5, 5, 5, 4, 5, 5, 5, 5, 5, 4, 5, 5, 5, 5, 5, 5, 5, 5, 4]"
to enthuse,4.1034,1.1131,29,"[1, 4, 5, 5, 5, 5, 5, 4, 5, 2, 3, 4, 5, 5, 4, 4, 5, 4, 5, 3, 3, 5, 4, 2, 5, 3, 5, 5, 4]"
to entice,4.4,0.7701,30,"[5, 5, 4, 5, 4, 5, 4, 5, 5, 5, 5, 5, 4, 4, 4, 4, 5, 4, 5, 5, 4, 5, 2, 3, 4, 5, 3, 4, 5, 5]"
to envisage,2.5667,1.3817,30,"[1, 1, 2, 3, 2, 1, 1, 2, 2, 1, 1, 3, 4, 4, 3, 2, 4, 4, 5, 4, 5, 3, 1, 1, 4, 1, 4, 1, 4, 3]"
to envy,4.7667,0.504,30,"[5, 5, 3, 4, 5, 5, 4, 5, 5, 5, 5, 5, 5, 5, 5, 5, 4, 5, 5, 5, 5, 5, 5, 5, 4, 4, 5, 5, 5, 5]"
to erupt,4.7667,0.6261,30,"[5, 4, 5, 5, 5, 5, 5, 5, 5, 5, 2, 4, 5, 5, 5, 5, 5, 5, 5, 5, 5, 5, 5, 5, 5, 5, 4, 5, 5, 4]"
to establish,4.8333,0.7466,30,"[5, 5, 5, 5, 5, 5, 5, 5, 5, 5, 5, 5, 5, 5, 5, 5, 5, 5, 5, 1, 5, 5, 5, 5, 5, 4, 5, 5, 5, 5]"
to evacuate,4.8667,0.3457,30,"[5, 4, 5, 4, 5, 5, 5, 5, 5, 4, 5, 5, 5, 5, 4, 5, 5, 5, 5, 5, 5, 5, 5, 5, 5, 5, 5, 5, 5, 5]"
to even,4.3667,0.8899,30,"[3, 5, 5, 4, 4, 5, 5, 4, 5, 4, 3, 4, 2, 5, 5, 4, 5, 5, 3, 5, 3, 3, 5, 5, 5, 5, 5, 5, 5, 5]"
to evict,4.5,0.9002,30,"[5, 5, 5, 5, 3, 5, 4, 5, 5, 5, 5, 5, 5, 5, 4, 5, 5, 4, 5, 5, 3, 5, 2, 4, 2, 5, 5, 4, 5, 5]"
to exaggerate,4.9333,0.2537,30,"[5, 5, 5, 4, 5, 5, 5, 5, 5, 5, 5, 5, 5, 5, 5, 5, 4, 5, 5, 5, 5, 5, 5, 5, 5, 5, 5, 5, 5, 5]"
to examine,4.4138,1.0183,29,"[4, 5, 5, 5, 5, 5, 4, 5, 4, 5, 5, 5, 4, 5, 5, 3, 5, 5, 3, 5, 5, 5, 2, 2, 5, 5, 2, 5, 5]"
to excel,4.8333,0.4611,30,"[5, 5, 5, 4, 5, 5, 5, 5, 5, 4, 5, 5, 4, 5, 5, 5, 5, 5, 5, 5, 3, 5, 5, 5, 5, 5, 5, 5, 5, 5]"
to exchange,4.7667,0.504,30,"[4, 5, 3, 5, 5, 4, 5, 5, 5, 5, 5, 5, 5, 5, 5, 5, 5, 5, 5, 4, 5, 5, 5, 5, 5, 4, 5, 5, 5, 4]"
to expire,4.8621,0.3509,29,"[5, 4, 5, 5, 5, 5, 5, 4, 5, 5, 5, 4, 5, 5, 5, 5, 5, 5, 5, 4, 5, 5, 5, 5, 5, 5, 5, 5, 5]"
to extract,4.9667,0.1826,30,"[5, 5, 5, 5, 5, 5, 5, 5, 5, 5, 5, 5, 5, 5, 5, 5, 5, 5, 5, 4, 5, 5, 5, 5, 5, 5, 5, 5, 5, 5]"
to fabricate,4.5333,0.7303,30,"[3, 5, 5, 5, 5, 4, 5, 5, 5, 5, 5, 5, 5, 4, 5, 5, 5, 5, 5, 4, 3, 5, 5, 4, 5, 3, 4, 5, 4, 3]"
to fasten,4.7333,0.5208,30,"[4, 5, 3, 4, 5, 5, 4, 5, 5, 5, 5, 5, 5, 5, 5, 5, 4, 5, 5, 5, 5, 5, 5, 5, 4, 5, 4, 5, 5, 5]"
to fawn,4.3,1.0554,30,"[5, 2, 2, 3, 5, 5, 5, 4, 5, 5, 5, 4, 5, 5, 3, 5, 4, 2, 5, 4, 5, 5, 3, 5, 5, 3, 5, 5, 5, 5]"
to fax,4.8,0.4842,30,"[5, 5, 5, 5, 5, 5, 5, 5, 5, 5, 5, 5, 5, 5, 3, 4, 5, 4, 5, 5, 5, 5, 4, 5, 4, 5, 5, 5, 5, 5]"
to feast,5.0,0.0,30,"[5, 5, 5, 5, 5, 5, 5, 5, 5, 5, 5, 5, 5, 5, 5, 5, 5, 5, 5, 5, 5, 5, 5, 5, 5, 5, 5, 5, 5, 5]"
to feel,4.9,0.3051,30,"[5, 5, 4, 5, 5, 5, 5, 5, 5, 5, 5, 5, 5, 5, 5, 5, 4, 5, 5, 5, 5, 5, 5, 5, 4, 5, 5, 5, 5, 5]"
to fence,4.8,0.4842,30,"[5, 5, 5, 3, 5, 5, 5, 5, 5, 5, 5, 4, 5, 5, 5, 5, 4, 5, 5, 5, 5, 5, 4, 5, 5, 4, 5, 5, 5, 5]"
to feud,4.3667,0.8899,30,"[3, 4, 5, 5, 5, 3, 5, 5, 5, 5, 5, 5, 5, 4, 5, 4, 5, 5, 5, 3, 5, 5, 4, 4, 5, 2, 3, 5, 4, 3]"
to fight,4.9,0.4026,30,"[5, 5, 5, 5, 5, 5, 5, 5, 5, 5, 5, 5, 5, 5, 5, 5, 5, 5, 5, 3, 5, 5, 5, 4, 5, 5, 5, 5, 5, 5]"
to filch,2.9,1.4937,30,"[1, 4, 1, 3, 4, 5, 2, 2, 5, 2, 4, 5, 1, 1, 2, 2, 5, 2, 3, 1, 3, 2, 1, 2, 2, 5, 5, 3, 4, 5]"
to file,4.7,0.6513,30,"[5, 5, 5, 5, 5, 5, 5, 5, 5, 5, 5, 5, 5, 5, 5, 4, 5, 4, 5, 5, 4, 5, 2, 4, 4, 5, 5, 4, 5, 5]"
to fill,4.7586,0.511,29,"[4, 5, 3, 5, 5, 4, 5, 5, 5, 5, 5, 5, 5, 4, 5, 5, 5, 5, 5, 4, 5, 5, 5, 5, 4, 5, 5, 5, 5]"
to finish,4.8621,0.3509,29,"[5, 4, 5, 5, 5, 5, 5, 4, 5, 5, 5, 4, 5, 5, 5, 5, 5, 5, 5, 5, 5, 5, 5, 5, 5, 5, 5, 5, 4]"
to firm up,4.4667,0.6814,30,"[4, 4, 3, 5, 5, 5, 3, 5, 5, 5, 4, 5, 5, 5, 4, 4, 4, 3, 5, 5, 5, 5, 4, 5, 4, 4, 4, 5, 5, 5]"
to flourish,4.7333,0.6397,30,"[5, 4, 5, 3, 5, 5, 5, 5, 5, 5, 5, 5, 5, 5, 5, 5, 5, 5, 5, 5, 3, 5, 5, 5, 5, 3, 5, 5, 4, 5]"
to fluctuate,4.6667,0.6609,30,"[4, 5, 2, 5, 4, 5, 4, 5, 4, 5, 5, 5, 5, 5, 5, 5, 4, 5, 4, 5, 5, 5, 5, 5, 4, 5, 5, 5, 5, 5]"
to forgive,4.8214,0.4756,28,"[4, 5, 3, 5, 5, 5, 5, 5, 5, 5, 5, 5, 5, 5, 5, 5, 5, 5, 5, 5, 5, 5, 5, 4, 4, 5, 5, 5]"
to frame,4.4667,1.0417,30,"[5, 4, 5, 5, 5, 5, 5, 4, 5, 5, 5, 5, 5, 5, 5, 5, 2, 5, 4, 4, 5, 5, 5, 2, 2, 5, 5, 2, 5, 5]"
to fructify,1.7,1.1788,30,"[1, 1, 2, 1, 1, 3, 1, 1, 1, 3, 1, 2, 2, 1, 5, 1, 1, 1, 2, 1, 1, 1, 2, 5, 1, 1, 4, 1, 1, 2]"
to frustrate,4.5333,0.9371,30,"[5, 5, 5, 5, 5, 5, 5, 4, 5, 4, 5, 5, 5, 4, 5, 5, 4, 5, 4, 5, 5, 5, 5, 1, 2, 4, 5, 4, 5, 5]"
to fumble,4.7931,0.4913,29,"[4, 5, 5, 5, 5, 5, 5, 5, 5, 5, 5, 5, 5, 4, 5, 5, 5, 5, 5, 5, 5, 5, 5, 5, 4, 4, 5, 5, 3]"
to funnel,4.5333,0.7303,30,"[4, 3, 3, 5, 3, 5, 4, 5, 5, 5, 5, 5, 5, 5, 4, 5, 4, 5, 5, 5, 5, 5, 5, 5, 4, 4, 3, 5, 5, 5]"
to fuse,4.4,0.9322,30,"[4, 3, 3, 4, 5, 5, 3, 5, 5, 5, 5, 5, 5, 5, 5, 4, 4, 5, 5, 4, 5, 4, 4, 5, 4, 1, 5, 5, 5, 5]"
to gain,4.9,0.3051,30,"[4, 4, 5, 5, 5, 5, 5, 5, 5, 5, 5, 5, 5, 5, 5, 5, 5, 5, 5, 5, 4, 5, 5, 5, 5, 5, 5, 5, 5, 5]"
to gallop,4.7333,0.5833,30,"[5, 5, 5, 5, 5, 5, 5, 5, 5, 5, 5, 5, 5, 5, 4, 5, 5, 3, 5, 4, 5, 5, 5, 3, 4, 5, 5, 4, 5, 5]"
to gaze,4.5667,0.8584,30,"[5, 5, 5, 5, 5, 5, 5, 4, 5, 4, 5, 5, 5, 5, 5, 5, 3, 5, 4, 4, 5, 5, 5, 2, 2, 5, 5, 4, 5, 5]"
to generate,4.7333,0.5833,30,"[5, 5, 5, 5, 5, 5, 5, 5, 5, 4, 5, 5, 5, 5, 4, 5, 5, 3, 5, 4, 5, 5, 5, 3, 5, 5, 4, 5, 5, 5]"
to glare,4.5333,0.8604,30,"[5, 5, 4, 5, 5, 5, 5, 4, 5, 4, 5, 5, 5, 4, 5, 5, 2, 5, 4, 4, 5, 5, 5, 5, 2, 5, 5, 3, 5, 5]"
to glisten,4.8,0.5509,30,"[5, 5, 5, 5, 5, 5, 5, 5, 5, 5, 5, 4, 5, 5, 5, 5, 5, 4, 5, 3, 5, 5, 5, 3, 5, 5, 5, 5, 5, 5]"
to glom,2.2333,1.5013,30,"[1, 1, 1, 4, 1, 1, 1, 3, 3, 3, 5, 3, 5, 5, 1, 1, 2, 2, 2, 1, 1, 1, 1, 5, 5, 2, 2, 1, 2, 1]"
to goggle,3.4667,1.4794,30,"[1, 5, 5, 5, 3, 2, 2, 1, 5, 3, 5, 5, 5, 2, 3, 5, 5, 3, 1, 3, 4, 3, 3, 2, 3, 5, 5, 4, 1, 5]"
to grate,4.2,1.2149,30,"[5, 3, 5, 3, 1, 5, 5, 4, 5, 5, 5, 5, 5, 4, 5, 5, 3, 5, 5, 4, 5, 5, 5, 3, 2, 2, 5, 2, 5, 5]"
to grind,4.7333,0.6397,30,"[5, 4, 5, 5, 5, 5, 5, 4, 5, 5, 2, 4, 5, 5, 5, 5, 5, 5, 5, 5, 5, 5, 4, 5, 5, 5, 5, 5, 5, 4]"
to grip,4.8333,0.379,30,"[5, 4, 5, 5, 5, 5, 5, 5, 5, 5, 4, 4, 5, 5, 5, 5, 5, 5, 5, 5, 5, 5, 5, 5, 5, 5, 4, 5, 5, 4]"
to groove,4.5,0.82,30,"[5, 4, 5, 5, 4, 4, 5, 5, 5, 5, 3, 5, 5, 5, 5, 5, 5, 4, 3, 4, 5, 4, 5, 2, 3, 5, 5, 5, 5, 5]"
to grow,4.9,0.4026,30,"[5, 5, 5, 5, 5, 5, 5, 5, 5, 5, 5, 5, 5, 5, 5, 5, 5, 5, 5, 4, 5, 5, 5, 3, 5, 5, 5, 5, 5, 5]"
to guffaw,3.8,1.5403,30,"[3, 3, 1, 4, 4, 5, 1, 4, 4, 5, 5, 5, 5, 1, 1, 5, 4, 5, 4, 4, 4, 5, 1, 5, 5, 1, 5, 5, 5, 5]"
to gush,4.3667,0.9643,30,"[5, 4, 5, 5, 5, 4, 5, 4, 5, 4, 5, 5, 5, 4, 5, 5, 2, 5, 3, 3, 5, 5, 5, 3, 2, 3, 5, 5, 5, 5]"
to harmonize,4.4,1.0034,30,"[4, 4, 3, 5, 5, 4, 5, 4, 5, 5, 5, 4, 5, 5, 5, 5, 2, 5, 5, 1, 5, 5, 4, 5, 5, 3, 5, 5, 5, 4]"
to head,4.6,0.6215,30,"[5, 5, 3, 5, 5, 5, 4, 5, 5, 5, 5, 5, 5, 5, 4, 5, 4, 5, 4, 4, 5, 5, 4, 5, 4, 5, 3, 5, 4, 5]"
to hearten,3.8333,1.3412,30,"[5, 5, 5, 4, 2, 4, 1, 4, 5, 3, 5, 1, 5, 5, 2, 5, 5, 5, 4, 2, 2, 4, 4, 2, 5, 5, 4, 3, 5, 4]"
to heat,4.7931,0.4913,29,"[5, 5, 3, 5, 5, 4, 5, 5, 5, 5, 5, 5, 5, 4, 5, 5, 5, 5, 5, 4, 5, 5, 5, 5, 4, 5, 5, 5, 5]"
to heft,3.3,1.557,30,"[2, 4, 1, 3, 5, 1, 5, 4, 2, 5, 4, 4, 4, 1, 1, 5, 3, 2, 4, 2, 4, 2, 1, 5, 5, 1, 5, 5, 4, 5]"
to help,4.7586,0.5766,29,"[5, 5, 3, 5, 5, 4, 5, 5, 5, 5, 5, 5, 5, 4, 5, 5, 5, 5, 5, 5, 5, 5, 5, 5, 3, 5, 5, 5, 4]"
to hike,4.9333,0.2537,30,"[5, 4, 5, 5, 5, 5, 5, 5, 5, 5, 5, 5, 5, 5, 5, 5, 5, 5, 5, 5, 5, 5, 5, 5, 5, 4, 5, 5, 5, 5]"
to hit,4.9333,0.2537,30,"[5, 5, 4, 5, 5, 5, 5, 5, 5, 5, 5, 5, 5, 5, 5, 5, 5, 5, 5, 4, 5, 5, 5, 5, 5, 5, 5, 5, 5, 5]"
to hitch,4.6786,0.6118,28,"[5, 3, 5, 5, 5, 3, 5, 5, 5, 5, 5, 5, 5, 5, 5, 4, 5, 5, 4, 5, 5, 5, 4, 4, 5, 5, 4, 5]"
to hoard,4.9333,0.2537,30,"[5, 5, 5, 5, 5, 5, 5, 5, 5, 5, 5, 4, 5, 5, 5, 5, 4, 5, 5, 5, 5, 5, 5, 5, 5, 5, 5, 5, 5, 5]"
to hobble,4.5172,0.7847,29,"[5, 2, 5, 4, 5, 4, 5, 5, 5, 5, 5, 5, 5, 5, 3, 4, 5, 5, 5, 5, 5, 5, 4, 4, 4, 3, 5, 4, 5]"
to hobnob,3.5333,1.306,30,"[4, 3, 1, 5, 5, 1, 3, 5, 5, 5, 3, 5, 3, 5, 3, 5, 4, 3, 4, 2, 3, 4, 4, 5, 4, 3, 2, 1, 4, 2]"
to hoist,4.5172,0.9864,29,"[5, 3, 4, 5, 5, 4, 5, 5, 5, 5, 5, 5, 1, 5, 5, 4, 5, 5, 5, 5, 5, 5, 5, 4, 4, 2, 5, 5, 5]"
to holiday,4.4667,0.9371,30,"[5, 5, 5, 2, 5, 5, 5, 3, 5, 5, 2, 5, 4, 3, 5, 5, 4, 5, 5, 5, 5, 3, 5, 4, 5, 5, 5, 5, 5, 4]"
to honor,4.6,0.6747,30,"[3, 5, 3, 5, 5, 4, 5, 5, 5, 5, 5, 5, 5, 3, 5, 5, 5, 5, 5, 5, 4, 5, 5, 5, 5, 4, 4, 5, 4, 4]"
to huddle,4.6667,0.6065,30,"[5, 5, 3, 4, 5, 5, 4, 5, 5, 5, 5, 5, 5, 5, 5, 5, 4, 5, 5, 5, 5, 5, 4, 5, 4, 4, 3, 5, 5, 5]"
to hurry,4.9333,0.3651,30,"[5, 5, 5, 5, 5, 5, 5, 5, 5, 5, 5, 5, 5, 5, 5, 5, 5, 5, 5, 5, 5, 5, 5, 3, 5, 5, 5, 5, 5, 5]"
to hurtle,4.4,0.7701,30,"[5, 4, 5, 3, 4, 4, 5, 4, 4, 5, 2, 4, 5, 3, 4, 5, 5, 4, 5, 5, 5, 5, 4, 5, 5, 4, 5, 5, 5, 4]"
to hush,4.7,0.596,30,"[5, 4, 5, 5, 5, 5, 5, 4, 5, 5, 3, 4, 5, 5, 5, 5, 5, 5, 5, 5, 5, 5, 5, 5, 5, 5, 4, 3, 5, 4]"
to idle,4.6207,0.82,29,"[5, 4, 5, 5, 1, 5, 4, 4, 5, 4, 4, 5, 5, 5, 5, 5, 5, 5, 5, 5, 5, 4, 5, 5, 5, 5, 5, 5, 4]"
to impeach,4.8,0.5509,30,"[5, 5, 4, 5, 5, 5, 5, 5, 5, 5, 5, 5, 5, 5, 5, 5, 4, 5, 5, 3, 5, 5, 5, 5, 5, 3, 5, 5, 5, 5]"
to impound,4.6667,0.6065,30,"[5, 5, 5, 5, 4, 5, 5, 4, 5, 4, 5, 5, 5, 5, 3, 5, 5, 3, 5, 4, 5, 5, 5, 5, 4, 5, 4, 5, 5, 5]"
to inch,4.3667,0.9279,30,"[3, 4, 5, 3, 5, 5, 5, 2, 5, 3, 4, 3, 3, 5, 3, 5, 4, 5, 5, 5, 4, 5, 5, 5, 5, 5, 5, 5, 5, 5]"
to induct,4.3667,0.9994,30,"[5, 5, 5, 5, 5, 5, 5, 3, 5, 4, 5, 4, 5, 1, 4, 5, 5, 4, 5, 4, 5, 4, 5, 2, 5, 5, 3, 4, 5, 4]"
to ingratiate,3.4667,1.4077,30,"[3, 3, 3, 5, 5, 4, 1, 1, 5, 5, 3, 1, 5, 5, 3, 3, 4, 5, 5, 3, 3, 3, 4, 4, 1, 1, 5, 5, 3, 3]"
to inlay,3.7667,1.1943,30,"[3, 5, 3, 4, 3, 2, 5, 4, 4, 5, 5, 5, 5, 1, 3, 4, 3, 3, 4, 2, 5, 3, 2, 5, 5, 2, 4, 5, 4, 5]"
to inscribe,4.4,0.8944,30,"[5, 2, 5, 5, 4, 5, 5, 4, 3, 5, 2, 4, 5, 4, 5, 5, 4, 5, 5, 5, 5, 5, 4, 5, 5, 3, 4, 5, 5, 4]"
to insinuate,4.4667,0.8996,30,"[4, 5, 1, 4, 5, 3, 4, 5, 5, 5, 5, 5, 5, 5, 5, 5, 4, 5, 4, 5, 5, 5, 4, 5, 4, 3, 4, 5, 5, 5]"
to inspect,4.9,0.4026,30,"[5, 5, 5, 5, 5, 5, 5, 5, 5, 5, 5, 5, 5, 5, 5, 5, 4, 5, 5, 5, 5, 5, 5, 5, 5, 3, 5, 5, 5, 5]"
to intend,4.7333,0.5833,30,"[5, 4, 5, 4, 5, 5, 5, 4, 5, 3, 5, 5, 4, 5, 5, 5, 5, 5, 5, 5, 3, 5, 5, 5, 5, 5, 5, 5, 5, 5]"
to interconnect,4.3667,0.8899,30,"[5, 3, 3, 3, 4, 5, 5, 3, 4, 5, 5, 4, 5, 5, 4, 5, 5, 5, 3, 2, 5, 5, 5, 5, 5, 4, 4, 5, 5, 5]"
to interlock,4.5667,0.6261,30,"[5, 4, 5, 5, 4, 4, 5, 5, 5, 5, 5, 5, 5, 5, 4, 5, 5, 4, 3, 3, 4, 4, 5, 4, 5, 5, 4, 5, 5, 5]"
to intersperse,3.4333,1.4065,30,"[2, 1, 3, 3, 5, 3, 1, 1, 5, 5, 5, 5, 4, 4, 1, 4, 4, 5, 5, 4, 4, 5, 3, 4, 4, 2, 3, 3, 1, 4]"
to intoxicate,4.6,0.724,30,"[5, 5, 5, 5, 4, 5, 5, 4, 5, 5, 5, 5, 4, 5, 4, 5, 5, 4, 5, 5, 5, 5, 2, 4, 4, 5, 5, 3, 5, 5]"
to inundate,3.5517,1.4037,29,"[2, 5, 3, 5, 5, 3, 1, 1, 5, 5, 2, 5, 5, 4, 3, 3, 1, 5, 5, 3, 5, 4, 4, 2, 2, 3, 5, 4, 3]"
to jabber,3.9333,1.2299,30,"[4, 4, 2, 3, 3, 4, 1, 5, 5, 5, 5, 5, 5, 5, 5, 4, 4, 1, 3, 5, 4, 5, 4, 5, 2, 4, 3, 3, 5, 5]"
to kayak,4.7,0.535,30,"[4, 5, 4, 4, 5, 5, 5, 5, 5, 5, 4, 5, 5, 5, 5, 5, 4, 5, 5, 5, 5, 4, 5, 5, 4, 5, 3, 5, 5, 5]"
to kidnap,4.4333,0.9353,30,"[4, 5, 5, 5, 3, 5, 4, 5, 5, 5, 5, 5, 5, 5, 4, 5, 5, 4, 5, 5, 3, 5, 2, 3, 2, 5, 5, 4, 5, 5]"
to knead,4.4,0.855,30,"[5, 5, 5, 5, 5, 5, 5, 5, 5, 5, 5, 5, 4, 5, 4, 4, 5, 4, 3, 4, 3, 5, 4, 3, 3, 2, 5, 4, 5, 5]"
to knight,4.3333,0.9942,30,"[5, 4, 4, 5, 5, 4, 5, 4, 5, 5, 5, 5, 5, 4, 5, 5, 2, 5, 4, 3, 3, 5, 5, 5, 2, 5, 5, 2, 4, 5]"
to know,4.8667,0.4342,30,"[5, 4, 5, 5, 5, 5, 5, 5, 5, 5, 5, 5, 3, 5, 5, 5, 5, 5, 5, 5, 4, 5, 5, 5, 5, 5, 5, 5, 5, 5]"
to lace,4.4667,0.7761,30,"[3, 4, 5, 4, 5, 5, 5, 5, 5, 4, 5, 5, 3, 5, 4, 3, 5, 5, 4, 3, 5, 3, 5, 4, 5, 5, 5, 5, 5, 5]"
to languish,3.8,1.1567,30,"[2, 4, 4, 5, 3, 5, 3, 5, 5, 2, 5, 5, 3, 5, 3, 3, 4, 4, 5, 5, 5, 5, 2, 2, 2, 3, 4, 3, 3, 5]"
to lash,4.5333,0.7761,30,"[4, 4, 5, 5, 4, 5, 5, 5, 5, 5, 5, 5, 5, 5, 3, 5, 5, 3, 5, 3, 5, 4, 5, 3, 3, 5, 5, 5, 5, 5]"
to laugh,4.8667,0.5713,30,"[5, 5, 5, 5, 5, 5, 5, 5, 5, 5, 5, 5, 5, 5, 5, 5, 5, 4, 5, 5, 5, 5, 2, 5, 5, 5, 5, 5, 5, 5]"
to leap,4.8667,0.4342,30,"[5, 5, 5, 5, 5, 5, 5, 5, 5, 5, 5, 5, 5, 5, 4, 5, 5, 5, 5, 4, 5, 5, 5, 3, 5, 5, 5, 5, 5, 5]"
to learn,4.9667,0.1826,30,"[5, 5, 5, 5, 5, 5, 5, 5, 5, 4, 5, 5, 5, 5, 5, 5, 5, 5, 5, 5, 5, 5, 5, 5, 5, 5, 5, 5, 5, 5]"
to lease,5.0,0.0,30,"[5, 5, 5, 5, 5, 5, 5, 5, 5, 5, 5, 5, 5, 5, 5, 5, 5, 5, 5, 5, 5, 5, 5, 5, 5, 5, 5, 5, 5, 5]"
to leave,4.9333,0.2537,30,"[5, 5, 5, 5, 5, 5, 5, 5, 5, 5, 5, 4, 5, 5, 5, 5, 5, 5, 5, 5, 5, 5, 5, 5, 5, 5, 5, 5, 5, 4]"
to leaven,3.4138,1.4272,29,"[2, 3, 5, 4, 5, 1, 4, 4, 5, 3, 5, 3, 1, 3, 5, 2, 2, 4, 3, 5, 1, 5, 3, 1, 5, 4, 4, 2, 5]"
to lend,4.6667,0.6609,30,"[5, 5, 5, 5, 4, 5, 4, 5, 5, 5, 5, 5, 4, 4, 5, 5, 5, 4, 5, 5, 5, 5, 2, 4, 4, 5, 5, 5, 5, 5]"
to lengthen,4.8,0.4842,30,"[5, 5, 5, 5, 5, 5, 5, 5, 5, 5, 5, 5, 5, 5, 4, 5, 5, 4, 5, 4, 5, 5, 5, 3, 5, 5, 5, 5, 4, 5]"
to level,4.5667,0.7739,30,"[4, 5, 5, 5, 3, 5, 5, 5, 5, 5, 5, 5, 4, 3, 4, 5, 5, 4, 5, 5, 5, 5, 2, 4, 5, 5, 4, 5, 5, 5]"
to lilt,2.9667,1.4016,30,"[3, 2, 2, 3, 4, 4, 1, 2, 4, 3, 1, 5, 5, 1, 5, 4, 4, 2, 3, 5, 1, 3, 4, 5, 2, 4, 2, 1, 3, 1]"
to limp,4.6,0.6747,30,"[4, 5, 3, 5, 5, 4, 5, 5, 5, 5, 5, 5, 5, 4, 5, 5, 5, 5, 5, 5, 4, 5, 4, 5, 5, 4, 3, 5, 5, 3]"
to link,4.7667,0.5683,30,"[5, 5, 5, 5, 5, 5, 5, 5, 5, 5, 5, 5, 5, 5, 5, 5, 5, 4, 5, 3, 5, 4, 5, 3, 5, 5, 4, 5, 5, 5]"
to liquidate,4.6,0.6747,30,"[5, 5, 5, 5, 4, 5, 5, 3, 5, 5, 5, 4, 5, 5, 3, 5, 5, 4, 4, 4, 5, 5, 5, 3, 5, 5, 4, 5, 5, 5]"
to lisp,4.3,1.0554,30,"[5, 4, 5, 5, 5, 5, 5, 4, 3, 5, 2, 4, 5, 5, 4, 5, 3, 5, 1, 3, 5, 5, 4, 5, 5, 4, 5, 5, 5, 3]"
to listen,4.7931,0.4913,29,"[5, 5, 3, 5, 5, 4, 5, 5, 5, 5, 5, 5, 5, 4, 5, 5, 5, 5, 5, 5, 5, 5, 5, 5, 4, 5, 5, 5, 4]"
to litter,4.6,0.855,30,"[5, 4, 5, 5, 5, 5, 5, 4, 5, 5, 5, 5, 5, 4, 5, 5, 2, 5, 4, 5, 5, 5, 5, 3, 2, 5, 5, 5, 5, 5]"
to load,4.6429,0.5587,28,"[4, 5, 5, 4, 5, 5, 5, 5, 5, 5, 5, 3, 5, 5, 5, 5, 5, 4, 4, 5, 5, 5, 5, 4, 4, 4, 5, 4]"
to lodge,4.6,0.6215,30,"[5, 4, 5, 4, 5, 5, 5, 5, 5, 4, 3, 5, 3, 5, 5, 5, 4, 5, 4, 5, 4, 4, 5, 5, 5, 5, 5, 5, 4, 5]"
to loiter,4.7241,0.7019,29,"[5, 5, 5, 2, 5, 5, 5, 5, 5, 5, 5, 5, 5, 4, 5, 5, 4, 5, 3, 5, 5, 5, 4, 5, 5, 5, 5, 5, 5]"
to loll,3.1,1.4468,30,"[4, 4, 4, 5, 4, 4, 1, 3, 5, 5, 1, 2, 3, 1, 3, 2, 5, 4, 1, 4, 5, 4, 2, 2, 1, 1, 3, 2, 3, 5]"
to loom,4.4667,0.9371,30,"[5, 5, 3, 3, 5, 5, 5, 5, 5, 5, 5, 4, 5, 1, 5, 5, 4, 5, 4, 4, 5, 4, 4, 5, 5, 3, 5, 5, 5, 5]"
to love,4.6,0.855,30,"[5, 5, 5, 5, 5, 5, 5, 4, 5, 4, 5, 5, 5, 5, 5, 5, 2, 5, 5, 4, 5, 5, 5, 4, 2, 5, 5, 3, 5, 5]"
to lug,4.4333,0.7739,30,"[5, 4, 5, 4, 5, 5, 4, 3, 5, 4, 4, 5, 5, 4, 5, 5, 2, 3, 4, 5, 4, 5, 5, 4, 5, 4, 5, 5, 5, 5]"
to lunch,4.7,0.596,30,"[4, 5, 3, 4, 5, 5, 4, 5, 5, 5, 5, 5, 5, 5, 5, 5, 4, 5, 5, 5, 5, 5, 5, 5, 4, 5, 3, 5, 5, 5]"
to magnetize,4.5,0.6823,30,"[4, 5, 3, 4, 3, 5, 4, 5, 5, 5, 3, 5, 5, 5, 5, 4, 4, 5, 5, 5, 5, 5, 4, 5, 4, 4, 5, 5, 4, 5]"
to magnify,4.7667,0.504,30,"[5, 4, 5, 5, 5, 5, 5, 4, 5, 5, 3, 4, 5, 5, 5, 5, 5, 5, 5, 5, 5, 5, 5, 5, 5, 5, 4, 5, 5, 4]"
to manicure,4.3,0.9523,30,"[5, 5, 5, 5, 3, 5, 4, 5, 5, 5, 5, 5, 4, 5, 4, 3, 5, 4, 5, 5, 3, 5, 2, 3, 2, 5, 4, 4, 4, 5]"
to manifest,4.6333,0.6149,30,"[5, 4, 3, 4, 5, 5, 4, 4, 5, 5, 5, 4, 5, 4, 5, 5, 4, 5, 5, 5, 5, 5, 5, 5, 5, 3, 5, 5, 5, 5]"
to martyr,4.0667,1.2015,30,"[1, 4, 4, 5, 5, 5, 5, 4, 5, 4, 5, 5, 5, 5, 5, 5, 2, 5, 3, 3, 5, 5, 5, 3, 2, 4, 5, 3, 3, 2]"
to marvel,4.6429,0.6785,28,"[5, 4, 5, 4, 5, 5, 5, 4, 5, 4, 4, 5, 4, 5, 5, 5, 5, 5, 5, 4, 5, 5, 5, 2, 5, 5, 5, 5]"
to meet,4.6,0.855,30,"[5, 4, 5, 5, 5, 5, 5, 4, 5, 4, 5, 5, 5, 5, 5, 5, 2, 5, 5, 4, 5, 5, 5, 5, 2, 5, 5, 3, 5, 5]"
to melt,4.8,0.4842,30,"[5, 5, 5, 5, 5, 5, 5, 5, 5, 5, 5, 5, 5, 5, 5, 4, 5, 4, 5, 5, 5, 5, 3, 4, 4, 5, 5, 5, 5, 5]"
to microwave,5.0,0.0,30,"[5, 5, 5, 5, 5, 5, 5, 5, 5, 5, 5, 5, 5, 5, 5, 5, 5, 5, 5, 5, 5, 5, 5, 5, 5, 5, 5, 5, 5, 5]"
to mind,4.8621,0.3509,29,"[5, 5, 5, 5, 5, 5, 5, 5, 4, 5, 5, 4, 5, 5, 5, 5, 4, 5, 5, 5, 5, 5, 5, 5, 4, 5, 5, 5, 5]"
to mine,4.4138,1.0183,29,"[5, 4, 5, 5, 5, 5, 5, 4, 1, 5, 3, 5, 4, 4, 5, 5, 5, 5, 3, 5, 5, 2, 5, 5, 5, 4, 5, 5, 4]"
to monogram,4.4333,0.7279,30,"[4, 3, 3, 5, 5, 5, 4, 5, 5, 5, 5, 5, 5, 5, 5, 4, 4, 5, 4, 5, 3, 5, 5, 3, 4, 4, 4, 5, 5, 4]"
to mother,4.9667,0.1826,30,"[5, 5, 5, 5, 5, 5, 5, 5, 5, 5, 5, 5, 5, 5, 5, 5, 5, 5, 4, 5, 5, 5, 5, 5, 5, 5, 5, 5, 5, 5]"
to mount,4.6897,0.4708,29,"[5, 4, 5, 5, 5, 5, 4, 4, 5, 4, 4, 5, 5, 4, 5, 5, 5, 5, 5, 5, 5, 4, 5, 5, 5, 4, 5, 5, 4]"
to murmur,4.5667,0.8584,30,"[5, 5, 3, 4, 4, 5, 4, 5, 5, 5, 5, 5, 5, 5, 5, 5, 4, 5, 5, 5, 5, 5, 4, 5, 4, 1, 4, 5, 5, 5]"
to mutter,4.7241,0.5914,29,"[5, 4, 5, 5, 5, 5, 5, 4, 5, 5, 3, 5, 5, 4, 5, 5, 5, 5, 5, 5, 5, 4, 5, 5, 5, 5, 5, 5, 3]"
to narrow,4.6667,0.5467,30,"[4, 4, 5, 4, 5, 5, 5, 5, 5, 4, 4, 5, 3, 5, 5, 5, 5, 5, 4, 5, 4, 5, 5, 5, 5, 4, 5, 5, 5, 5]"
to neigh,3.8667,1.3578,30,"[3, 3, 1, 4, 5, 5, 3, 5, 5, 2, 3, 4, 5, 5, 5, 5, 2, 5, 4, 2, 5, 4, 2, 5, 5, 5, 1, 5, 3, 5]"
to nestle,4.0,1.2865,30,"[2, 4, 5, 5, 5, 4, 5, 3, 1, 5, 5, 5, 5, 5, 5, 4, 1, 5, 5, 4, 4, 5, 3, 5, 5, 2, 4, 4, 2, 3]"
to nickname,4.7667,0.4302,30,"[5, 4, 5, 5, 5, 5, 5, 4, 5, 5, 4, 4, 5, 4, 4, 5, 5, 5, 5, 5, 5, 5, 5, 5, 5, 5, 5, 5, 5, 4]"
to notch,4.4667,0.7303,30,"[5, 4, 5, 5, 3, 5, 5, 4, 4, 5, 4, 4, 5, 5, 4, 5, 5, 5, 5, 5, 5, 3, 5, 5, 4, 3, 4, 5, 5, 3]"
to nudge,4.8667,0.4342,30,"[5, 5, 5, 5, 5, 5, 5, 5, 5, 5, 5, 5, 5, 5, 5, 5, 5, 5, 5, 4, 5, 5, 5, 3, 5, 5, 4, 5, 5, 5]"
to numb,4.7667,0.504,30,"[5, 4, 5, 5, 5, 5, 5, 5, 5, 5, 4, 4, 5, 5, 5, 5, 5, 5, 5, 4, 5, 5, 5, 5, 5, 5, 4, 5, 5, 3]"
to object,4.7333,0.5833,30,"[4, 5, 3, 5, 5, 5, 3, 5, 5, 5, 5, 5, 5, 5, 5, 5, 4, 5, 5, 5, 5, 5, 5, 5, 4, 4, 5, 5, 5, 5]"
to occur,4.5333,0.8604,30,"[5, 5, 5, 5, 4, 5, 5, 5, 4, 5, 5, 5, 4, 2, 4, 5, 5, 4, 5, 5, 5, 4, 2, 3, 5, 5, 5, 5, 5, 5]"
to offer,4.6897,0.5414,29,"[4, 5, 3, 5, 5, 4, 5, 5, 5, 5, 5, 5, 5, 4, 5, 5, 5, 5, 4, 5, 5, 5, 5, 5, 4, 4, 5, 5, 4]"
to oppose,4.8,0.4842,30,"[4, 5, 3, 5, 5, 5, 5, 5, 5, 5, 5, 5, 5, 5, 5, 5, 4, 5, 5, 5, 5, 5, 5, 5, 4, 4, 5, 5, 5, 5]"
to orphan,4.6,0.7701,30,"[5, 4, 5, 4, 5, 4, 5, 5, 5, 5, 5, 5, 5, 5, 4, 5, 5, 3, 5, 3, 4, 5, 5, 2, 5, 5, 5, 5, 5, 5]"
to package,4.7241,0.5914,29,"[3, 4, 5, 4, 5, 5, 5, 5, 5, 5, 5, 5, 5, 4, 5, 5, 5, 3, 5, 4, 5, 5, 5, 5, 5, 5, 5, 5, 5]"
to pad,4.1,1.0939,30,"[3, 4, 4, 5, 5, 3, 5, 4, 5, 4, 5, 5, 5, 3, 5, 5, 2, 4, 4, 1, 5, 5, 5, 3, 2, 5, 5, 4, 4, 4]"
to panel,3.7586,1.2999,29,"[3, 3, 3, 5, 5, 2, 5, 4, 5, 5, 3, 5, 5, 5, 5, 4, 2, 3, 5, 4, 5, 3, 2, 5, 3, 2, 5, 1, 2]"
to parade,4.9,0.4026,30,"[5, 5, 5, 5, 5, 5, 5, 5, 5, 5, 5, 5, 5, 5, 5, 5, 5, 5, 5, 4, 5, 5, 5, 3, 5, 5, 5, 5, 5, 5]"
to partition,4.3793,0.82,29,"[5, 3, 5, 5, 4, 5, 4, 4, 5, 3, 4, 5, 5, 5, 5, 4, 5, 5, 2, 5, 5, 4, 3, 5, 4, 4, 5, 5, 4]"
to pat,4.7333,0.5833,30,"[4, 5, 3, 5, 5, 5, 4, 5, 5, 5, 5, 5, 5, 5, 5, 5, 4, 5, 5, 5, 5, 5, 5, 5, 4, 5, 3, 5, 5, 5]"
to peddle,4.2333,0.8584,30,"[4, 5, 5, 5, 3, 5, 5, 5, 5, 5, 5, 5, 4, 3, 4, 4, 5, 4, 5, 4, 3, 5, 2, 4, 4, 5, 4, 3, 4, 3]"
to peer,4.7667,0.5683,30,"[5, 5, 5, 3, 4, 5, 5, 5, 5, 5, 5, 4, 5, 3, 5, 5, 5, 5, 5, 5, 5, 5, 5, 5, 5, 4, 5, 5, 5, 5]"
to peeve,3.9667,1.129,30,"[5, 5, 5, 3, 4, 4, 4, 2, 5, 5, 5, 4, 5, 4, 3, 5, 5, 3, 1, 3, 3, 3, 5, 2, 5, 5, 3, 4, 4, 5]"
to pencil,4.5667,0.8976,30,"[5, 5, 5, 5, 5, 3, 5, 5, 5, 5, 5, 5, 5, 5, 4, 5, 5, 5, 5, 4, 4, 3, 5, 4, 5, 5, 5, 4, 5, 1]"
to perspire,4.7667,0.504,30,"[5, 5, 5, 5, 5, 5, 5, 4, 5, 5, 4, 4, 5, 5, 4, 5, 5, 5, 5, 5, 5, 5, 5, 3, 5, 5, 5, 5, 5, 4]"
to perturb,4.069,1.1317,29,"[3, 4, 5, 3, 5, 5, 5, 3, 4, 4, 5, 5, 4, 3, 5, 2, 2, 5, 5, 2, 5, 3, 4, 5, 2, 5, 5, 5, 5]"
to pet,4.8333,0.4611,30,"[5, 4, 5, 5, 5, 5, 5, 5, 5, 5, 5, 4, 5, 5, 5, 5, 3, 5, 5, 5, 5, 5, 5, 5, 5, 5, 5, 5, 5, 4]"
to pilot,4.7667,0.504,30,"[4, 5, 3, 5, 5, 5, 4, 5, 5, 5, 5, 5, 5, 5, 5, 5, 4, 5, 5, 5, 5, 5, 5, 5, 4, 5, 4, 5, 5, 5]"
to pin,4.8,0.4842,30,"[5, 5, 3, 5, 5, 5, 4, 5, 5, 5, 5, 5, 5, 5, 5, 5, 4, 5, 5, 5, 5, 5, 5, 5, 4, 4, 5, 5, 5, 5]"
to play,4.9333,0.2537,30,"[5, 4, 5, 5, 5, 5, 5, 5, 5, 4, 5, 5, 5, 5, 5, 5, 5, 5, 5, 5, 5, 5, 5, 5, 5, 5, 5, 5, 5, 5]"
to plot,4.6333,0.6149,30,"[3, 5, 3, 5, 5, 4, 5, 5, 5, 5, 5, 5, 5, 5, 5, 5, 5, 5, 5, 4, 5, 5, 4, 4, 5, 4, 4, 5, 5, 4]"
to pluck,4.4333,0.8584,30,"[5, 5, 5, 5, 3, 5, 4, 5, 5, 5, 5, 5, 4, 3, 4, 4, 5, 4, 5, 5, 5, 5, 2, 3, 3, 5, 5, 4, 5, 5]"
to plunge,4.4333,0.7739,30,"[4, 4, 5, 5, 3, 5, 4, 5, 5, 5, 5, 5, 4, 5, 5, 4, 5, 4, 5, 5, 5, 5, 2, 3, 4, 5, 4, 4, 5, 4]"
to pocket,4.4483,0.8275,29,"[5, 5, 5, 5, 3, 5, 3, 5, 5, 5, 5, 5, 4, 5, 4, 5, 5, 4, 5, 5, 5, 5, 2, 3, 4, 4, 4, 4, 5]"
to polarize,4.2414,0.9124,29,"[4, 4, 3, 5, 4, 5, 4, 5, 4, 5, 5, 5, 5, 5, 5, 2, 5, 4, 3, 5, 5, 4, 4, 2, 4, 5, 4, 3, 5]"
to police,4.4333,1.04,30,"[5, 4, 4, 5, 5, 5, 5, 4, 5, 5, 5, 5, 5, 4, 5, 5, 2, 5, 4, 4, 5, 5, 5, 5, 2, 5, 5, 4, 5, 1]"
to pollute,4.8966,0.3099,29,"[5, 5, 5, 5, 5, 5, 5, 5, 5, 5, 5, 5, 5, 5, 4, 5, 5, 5, 5, 4, 5, 5, 4, 5, 5, 5, 5, 5, 5]"
to pool,4.4667,0.7761,30,"[4, 3, 3, 4, 5, 5, 3, 5, 5, 5, 5, 5, 5, 5, 4, 5, 4, 5, 4, 5, 5, 5, 3, 5, 3, 4, 5, 5, 5, 5]"
to pound,4.8,0.4842,30,"[4, 5, 5, 4, 5, 5, 5, 5, 5, 3, 5, 5, 5, 5, 5, 5, 5, 5, 5, 5, 4, 4, 5, 5, 5, 5, 5, 5, 5, 5]"
to powder,4.6667,0.6609,30,"[5, 4, 5, 5, 5, 5, 5, 4, 5, 5, 3, 4, 5, 4, 3, 5, 5, 5, 5, 5, 5, 5, 5, 5, 5, 5, 5, 5, 5, 3]"
to praise,4.6333,0.7184,30,"[5, 5, 5, 5, 3, 5, 5, 5, 5, 5, 5, 5, 4, 4, 5, 5, 5, 4, 5, 5, 5, 5, 2, 4, 4, 5, 5, 4, 5, 5]"
to prance,4.4667,0.8996,30,"[5, 4, 5, 5, 3, 5, 5, 5, 5, 5, 5, 5, 5, 5, 4, 2, 5, 4, 5, 3, 5, 5, 5, 2, 4, 5, 5, 4, 4, 5]"
to pray,4.7667,0.504,30,"[4, 5, 3, 5, 5, 4, 5, 5, 5, 5, 5, 5, 5, 5, 5, 5, 5, 5, 5, 4, 5, 5, 4, 5, 5, 5, 5, 5, 5, 4]"
to preach,4.7,0.535,30,"[5, 4, 5, 5, 5, 5, 5, 4, 4, 5, 3, 4, 5, 5, 5, 5, 5, 5, 5, 5, 5, 5, 5, 5, 5, 4, 4, 5, 5, 4]"
to preen,3.6333,1.2726,30,"[3, 3, 3, 5, 4, 3, 1, 2, 5, 5, 5, 5, 4, 4, 5, 4, 2, 5, 5, 3, 2, 5, 3, 4, 5, 1, 4, 4, 2, 3]"
to prefer,4.9667,0.1826,30,"[5, 5, 5, 5, 5, 5, 5, 5, 5, 5, 5, 5, 5, 5, 5, 5, 5, 5, 5, 5, 5, 5, 5, 5, 5, 4, 5, 5, 5, 5]"
to prick,4.4643,0.9222,28,"[3, 5, 4, 5, 5, 4, 5, 5, 5, 5, 5, 5, 4, 5, 5, 5, 5, 5, 4, 5, 4, 5, 5, 1, 5, 4, 3, 4]"
to provide,4.9333,0.2537,30,"[5, 4, 5, 5, 5, 5, 5, 5, 5, 5, 5, 5, 5, 5, 5, 5, 5, 5, 5, 5, 4, 5, 5, 5, 5, 5, 5, 5, 5, 5]"
to provoke,4.5667,0.9353,30,"[5, 5, 5, 5, 5, 5, 5, 5, 5, 5, 5, 5, 5, 4, 5, 5, 2, 5, 4, 4, 5, 5, 5, 4, 2, 5, 5, 2, 5, 5]"
to prune,4.1,1.125,30,"[2, 4, 5, 5, 5, 4, 5, 4, 5, 3, 5, 5, 5, 4, 5, 2, 2, 5, 3, 3, 5, 5, 5, 4, 2, 3, 5, 3, 5, 5]"
to pull,4.9,0.3051,30,"[5, 5, 5, 5, 5, 5, 5, 5, 5, 5, 5, 4, 5, 5, 5, 5, 5, 5, 5, 5, 5, 5, 5, 5, 5, 5, 4, 5, 5, 4]"
to punish,4.8667,0.3457,30,"[5, 5, 5, 5, 5, 5, 5, 4, 5, 5, 4, 4, 5, 5, 5, 5, 5, 5, 5, 5, 5, 5, 5, 5, 5, 5, 5, 5, 5, 4]"
to purge,4.3667,0.9643,30,"[5, 5, 4, 4, 5, 4, 5, 5, 5, 4, 5, 5, 5, 3, 5, 5, 2, 5, 5, 4, 5, 5, 5, 3, 2, 3, 5, 3, 5, 5]"
to putter,3.8333,1.3412,30,"[3, 4, 3, 5, 4, 5, 3, 5, 4, 5, 5, 4, 4, 5, 5, 4, 5, 4, 4, 5, 5, 5, 1, 3, 1, 1, 4, 1, 3, 5]"
to quibble,3.6667,1.213,30,"[2, 3, 4, 5, 5, 3, 5, 4, 5, 2, 5, 5, 5, 4, 3, 2, 2, 5, 3, 4, 5, 3, 5, 4, 3, 2, 5, 2, 3, 2]"
to quicken,4.0,1.1447,30,"[5, 5, 4, 5, 3, 5, 1, 5, 5, 5, 5, 3, 4, 4, 3, 4, 5, 4, 5, 3, 3, 5, 2, 2, 3, 5, 5, 4, 3, 5]"
to quickstep,3.7667,1.2229,30,"[2, 5, 5, 2, 5, 3, 4, 2, 5, 5, 5, 2, 4, 5, 3, 5, 5, 1, 3, 3, 3, 3, 5, 4, 4, 5, 3, 3, 4, 5]"
to rank,4.9,0.3051,30,"[5, 4, 5, 5, 5, 5, 5, 5, 5, 4, 5, 5, 5, 5, 5, 5, 5, 5, 5, 5, 4, 5, 5, 5, 5, 5, 5, 5, 5, 5]"
to ravage,4.5172,0.6877,29,"[4, 4, 3, 5, 5, 5, 4, 5, 5, 4, 5, 5, 5, 5, 4, 4, 5, 5, 5, 5, 4, 5, 5, 4, 3, 3, 5, 5, 5]"
to react,4.9,0.3051,30,"[5, 4, 5, 5, 5, 5, 5, 5, 5, 4, 5, 5, 5, 5, 5, 5, 5, 5, 5, 5, 4, 5, 5, 5, 5, 5, 5, 5, 5, 5]"
to receive,4.9655,0.1857,29,"[5, 5, 5, 5, 5, 5, 5, 5, 4, 5, 5, 5, 5, 5, 5, 5, 5, 5, 5, 5, 5, 5, 5, 5, 5, 5, 5, 5, 5]"
to reckon,4.5,0.6297,30,"[5, 3, 4, 5, 3, 5, 5, 4, 4, 5, 4, 4, 5, 5, 4, 5, 5, 5, 5, 5, 5, 5, 4, 5, 5, 4, 4, 4, 5, 4]"
to recommend,4.7241,0.5276,29,"[4, 5, 3, 5, 5, 4, 5, 5, 5, 5, 5, 5, 5, 4, 5, 5, 5, 5, 5, 5, 4, 5, 5, 5, 5, 4, 5, 5, 4]"
to redeem,4.4667,0.7761,30,"[5, 5, 5, 5, 4, 5, 4, 5, 5, 5, 5, 5, 4, 5, 4, 4, 5, 4, 5, 5, 4, 5, 2, 3, 3, 5, 4, 4, 5, 5]"
to reek,4.5333,0.7761,30,"[5, 3, 5, 5, 4, 5, 5, 4, 4, 5, 2, 4, 5, 3, 4, 5, 5, 5, 5, 5, 5, 5, 5, 5, 5, 4, 5, 5, 5, 4]"
to rekindle,4.3667,0.7649,30,"[5, 5, 5, 5, 4, 5, 4, 5, 5, 5, 5, 5, 4, 4, 4, 3, 5, 4, 5, 4, 5, 5, 2, 3, 4, 5, 4, 4, 4, 4]"
to relinquish,4.6,0.6747,30,"[4, 5, 2, 5, 5, 5, 4, 5, 5, 5, 4, 5, 5, 5, 5, 5, 4, 5, 4, 5, 4, 5, 5, 5, 4, 4, 4, 5, 5, 5]"
to relish,4.5517,0.7361,29,"[3, 4, 3, 5, 5, 4, 5, 5, 5, 5, 5, 5, 5, 4, 5, 5, 5, 5, 5, 4, 5, 5, 4, 5, 3, 5, 5, 5, 3]"
to remain,4.8,0.4842,30,"[5, 5, 3, 4, 5, 5, 5, 5, 5, 5, 5, 5, 5, 5, 5, 5, 4, 5, 5, 5, 5, 5, 5, 5, 4, 4, 5, 5, 5, 5]"
to remit,4.0,1.2594,30,"[5, 3, 5, 5, 4, 5, 5, 4, 2, 5, 2, 2, 5, 3, 5, 5, 3, 5, 5, 1, 5, 2, 5, 4, 5, 3, 4, 5, 5, 3]"
to repay,4.5333,0.8996,30,"[5, 5, 5, 5, 5, 5, 5, 4, 5, 5, 5, 5, 5, 4, 5, 5, 3, 5, 4, 4, 5, 5, 5, 2, 2, 5, 5, 3, 5, 5]"
to repeat,4.9333,0.2537,30,"[5, 4, 5, 5, 5, 5, 5, 5, 5, 5, 5, 5, 4, 5, 5, 5, 5, 5, 5, 5, 5, 5, 5, 5, 5, 5, 5, 5, 5, 5]"
to repopulate,4.3,1.0554,30,"[5, 4, 3, 5, 4, 5, 5, 4, 5, 5, 5, 5, 5, 4, 5, 5, 2, 5, 4, 2, 5, 5, 5, 2, 2, 5, 5, 4, 4, 5]"
to repossess,4.3,1.0222,30,"[5, 3, 3, 5, 5, 3, 5, 4, 5, 5, 5, 5, 5, 4, 5, 5, 2, 5, 3, 3, 5, 5, 5, 3, 2, 5, 5, 4, 5, 5]"
to reproduce,4.7333,0.5208,30,"[4, 5, 3, 4, 5, 5, 4, 5, 5, 5, 5, 5, 5, 5, 5, 5, 4, 5, 5, 5, 5, 5, 5, 5, 4, 4, 5, 5, 5, 5]"
to repulse,4.3667,0.9279,30,"[5, 4, 4, 5, 5, 4, 5, 4, 5, 3, 5, 5, 5, 4, 5, 5, 2, 5, 4, 3, 5, 5, 5, 3, 2, 5, 5, 4, 5, 5]"
to respect,4.8621,0.3509,29,"[5, 4, 5, 5, 5, 5, 5, 5, 5, 5, 5, 4, 5, 5, 5, 5, 5, 5, 5, 5, 5, 5, 5, 5, 5, 5, 4, 5, 4]"
to revile,3.7333,1.1725,30,"[5, 4, 5, 1, 4, 2, 3, 4, 5, 4, 5, 3, 5, 3, 1, 5, 5, 4, 2, 3, 5, 4, 4, 3, 5, 3, 4, 4, 3, 4]"
to revitalize,4.6333,0.7184,30,"[5, 5, 5, 3, 5, 5, 5, 5, 5, 4, 5, 5, 3, 5, 5, 5, 3, 5, 5, 5, 4, 5, 5, 5, 5, 3, 5, 5, 4, 5]"
to rhapsodize,2.8667,1.5025,30,"[2, 5, 4, 1, 5, 5, 1, 3, 5, 2, 3, 5, 2, 3, 2, 2, 1, 1, 1, 1, 3, 4, 2, 5, 2, 1, 5, 3, 3, 4]"
to ripen,4.7,0.596,30,"[5, 3, 5, 5, 5, 5, 5, 5, 4, 5, 3, 4, 5, 4, 5, 5, 5, 5, 5, 5, 5, 5, 5, 5, 5, 5, 4, 5, 5, 4]"
to roam,4.8621,0.4411,29,"[5, 5, 5, 5, 5, 5, 5, 5, 5, 5, 5, 5, 5, 5, 5, 5, 5, 4, 5, 3, 5, 5, 5, 4, 5, 5, 5, 5, 5]"
to rocket,4.3333,0.9589,30,"[3, 5, 5, 5, 2, 5, 4, 3, 5, 5, 5, 5, 4, 5, 4, 5, 5, 4, 5, 5, 5, 5, 2, 3, 3, 5, 5, 4, 4, 5]"
to row,4.4667,0.9371,30,"[5, 4, 4, 5, 5, 5, 5, 4, 5, 5, 5, 5, 5, 5, 5, 5, 2, 5, 4, 3, 5, 5, 5, 3, 2, 5, 5, 3, 5, 5]"
to rue,3.6,1.2484,30,"[4, 2, 2, 3, 4, 5, 5, 3, 4, 5, 2, 4, 5, 4, 3, 5, 5, 5, 1, 1, 4, 4, 2, 3, 5, 4, 3, 5, 3, 3]"
to rule,4.7333,0.6397,30,"[5, 2, 5, 5, 5, 5, 5, 4, 5, 5, 4, 4, 5, 5, 4, 5, 5, 5, 5, 5, 5, 5, 5, 5, 5, 5, 5, 5, 5, 4]"
to run,4.8333,0.379,30,"[4, 5, 4, 5, 5, 5, 5, 5, 5, 5, 5, 5, 5, 5, 5, 5, 4, 5, 5, 5, 5, 5, 5, 5, 4, 4, 5, 5, 5, 5]"
to saddle,4.1333,1.1666,30,"[5, 5, 3, 3, 5, 5, 5, 4, 5, 5, 5, 5, 5, 4, 5, 2, 2, 5, 3, 3, 5, 5, 5, 3, 2, 5, 5, 3, 5, 2]"
to satellite,3.6,1.4288,30,"[2, 3, 3, 5, 5, 2, 5, 5, 1, 5, 2, 5, 5, 4, 5, 4, 3, 1, 5, 4, 4, 5, 4, 1, 4, 4, 3, 1, 5, 3]"
to saw,4.9,0.3051,30,"[5, 5, 5, 4, 5, 5, 5, 5, 5, 4, 5, 5, 5, 5, 5, 5, 5, 5, 5, 5, 4, 5, 5, 5, 5, 5, 5, 5, 5, 5]"
to scorch,4.7241,0.5914,29,"[5, 5, 5, 5, 3, 5, 5, 4, 5, 5, 3, 4, 5, 4, 5, 5, 5, 5, 5, 5, 5, 5, 5, 5, 5, 5, 5, 5, 4]"
to scram,4.5,1.2526,30,"[5, 5, 5, 1, 5, 5, 5, 5, 5, 5, 5, 5, 5, 1, 5, 5, 5, 5, 5, 3, 5, 5, 5, 5, 5, 1, 5, 5, 4, 5]"
to scrawl,4.2667,0.9803,30,"[5, 4, 5, 3, 3, 5, 5, 3, 5, 5, 5, 5, 5, 3, 2, 5, 3, 5, 3, 3, 5, 5, 5, 4, 5, 5, 4, 5, 3, 5]"
to screw,4.9333,0.2537,30,"[5, 4, 5, 5, 5, 5, 5, 5, 5, 4, 5, 5, 5, 5, 5, 5, 5, 5, 5, 5, 5, 5, 5, 5, 5, 5, 5, 5, 5, 5]"
to sculpt,4.7667,0.5683,30,"[5, 5, 5, 5, 5, 5, 5, 5, 5, 5, 5, 5, 5, 5, 4, 5, 5, 3, 5, 4, 5, 5, 5, 3, 4, 5, 5, 5, 5, 5]"
to search,4.9,0.4026,30,"[5, 5, 5, 5, 5, 5, 5, 5, 5, 5, 5, 5, 5, 5, 5, 5, 5, 5, 5, 4, 5, 5, 5, 3, 5, 5, 5, 5, 5, 5]"
to see,4.9333,0.3651,30,"[5, 5, 5, 5, 5, 5, 5, 5, 5, 5, 5, 5, 5, 5, 5, 5, 5, 5, 5, 5, 5, 5, 5, 3, 5, 5, 5, 5, 5, 5]"
to seep,4.3,0.9154,30,"[3, 2, 4, 5, 5, 5, 5, 4, 5, 5, 5, 5, 4, 3, 4, 3, 5, 4, 5, 5, 5, 5, 2, 4, 4, 5, 4, 4, 5, 5]"
to seethe,4.2667,1.1427,30,"[5, 4, 5, 3, 1, 5, 5, 4, 5, 5, 5, 2, 5, 5, 3, 5, 5, 5, 3, 4, 5, 3, 5, 2, 5, 5, 4, 5, 5, 5]"
to separate,4.7,0.596,30,"[3, 5, 3, 5, 5, 5, 5, 5, 5, 5, 5, 5, 5, 4, 5, 5, 5, 5, 5, 5, 5, 5, 5, 4, 5, 4, 4, 5, 5, 4]"
to set,4.5667,0.6789,30,"[3, 5, 4, 5, 5, 4, 5, 5, 5, 5, 5, 5, 5, 3, 5, 5, 5, 5, 5, 4, 4, 5, 5, 4, 5, 4, 5, 5, 4, 3]"
to settle,4.6,0.855,30,"[5, 5, 5, 5, 5, 5, 5, 4, 5, 5, 5, 5, 5, 4, 5, 5, 3, 5, 4, 4, 5, 5, 5, 5, 2, 5, 5, 2, 5, 5]"
to sever,4.8,0.4842,30,"[5, 5, 4, 5, 5, 5, 5, 5, 5, 5, 5, 5, 5, 4, 5, 5, 4, 5, 5, 4, 5, 5, 5, 5, 5, 3, 5, 5, 5, 5]"
to shackle,4.3667,0.7649,30,"[5, 5, 5, 5, 4, 5, 4, 5, 5, 5, 5, 5, 4, 4, 4, 4, 5, 4, 5, 4, 4, 5, 2, 3, 4, 5, 4, 3, 4, 5]"
to shake,4.5333,0.8996,30,"[5, 4, 5, 5, 5, 5, 5, 4, 5, 4, 5, 5, 5, 5, 5, 5, 2, 5, 5, 3, 5, 5, 5, 4, 2, 5, 5, 3, 5, 5]"
to shampoo,4.9333,0.2537,30,"[5, 5, 5, 5, 5, 5, 5, 5, 5, 5, 5, 4, 5, 5, 5, 5, 5, 5, 5, 5, 5, 5, 5, 5, 5, 5, 5, 5, 5, 4]"
to sharpen,4.6667,0.5467,30,"[4, 5, 5, 5, 4, 5, 5, 5, 5, 5, 5, 5, 4, 5, 5, 5, 5, 4, 5, 5, 5, 5, 3, 4, 4, 5, 4, 4, 5, 5]"
to sheathe,3.7586,1.3537,29,"[3, 3, 3, 3, 4, 3, 1, 5, 5, 5, 2, 5, 5, 5, 3, 5, 5, 4, 5, 2, 5, 5, 4, 4, 1, 4, 5, 1, 4]"
to shine,4.9,0.3051,30,"[5, 5, 4, 5, 5, 5, 5, 5, 5, 5, 5, 5, 5, 5, 5, 5, 5, 5, 5, 4, 5, 5, 5, 5, 5, 4, 5, 5, 5, 5]"
to shingle,3.7333,1.3374,30,"[2, 3, 3, 4, 5, 5, 5, 4, 5, 4, 5, 5, 5, 3, 5, 5, 1, 3, 4, 3, 5, 1, 5, 4, 2, 3, 5, 3, 4, 1]"
to ship,4.8333,0.4611,30,"[3, 5, 5, 4, 5, 5, 5, 5, 5, 4, 5, 5, 5, 5, 5, 5, 5, 5, 5, 5, 4, 5, 5, 5, 5, 5, 5, 5, 5, 5]"
to shock,4.4828,1.1219,29,"[5, 5, 5, 5, 5, 5, 5, 5, 5, 5, 5, 5, 4, 5, 5, 2, 5, 5, 3, 5, 5, 5, 3, 2, 5, 5, 1, 5, 5]"
to short-circuit,4.5333,0.6814,30,"[4, 3, 3, 4, 5, 5, 4, 5, 5, 5, 5, 5, 5, 5, 5, 5, 4, 5, 5, 5, 5, 5, 4, 5, 4, 4, 4, 5, 3, 5]"
to shrivel,4.4333,1.0726,30,"[5, 4, 5, 5, 5, 5, 5, 4, 4, 5, 2, 4, 5, 5, 5, 5, 5, 5, 5, 5, 5, 5, 1, 5, 5, 4, 2, 5, 5, 3]"
to shrug,4.9333,0.3651,30,"[5, 5, 5, 5, 5, 5, 5, 5, 5, 5, 5, 5, 5, 5, 5, 5, 5, 5, 5, 5, 5, 5, 5, 3, 5, 5, 5, 5, 5, 5]"
to shuck,4.1667,1.0854,30,"[5, 5, 5, 2, 4, 5, 5, 3, 5, 5, 5, 4, 4, 5, 4, 5, 5, 3, 1, 3, 5, 4, 5, 3, 3, 5, 3, 5, 4, 5]"
to shudder,4.5333,0.8193,30,"[5, 5, 3, 5, 5, 4, 5, 4, 5, 5, 5, 5, 5, 3, 5, 4, 5, 5, 5, 4, 5, 5, 5, 5, 5, 2, 5, 5, 4, 3]"
to sight,4.8667,0.3457,30,"[5, 4, 5, 5, 5, 5, 5, 5, 4, 5, 5, 5, 5, 5, 5, 5, 4, 5, 5, 5, 5, 5, 5, 5, 5, 4, 5, 5, 5, 5]"
to signal,4.8667,0.4342,30,"[5, 5, 5, 5, 5, 5, 5, 5, 5, 5, 5, 5, 5, 5, 5, 5, 5, 4, 5, 4, 5, 5, 5, 3, 5, 5, 5, 5, 5, 5]"
to silkscreen,3.3667,1.4735,30,"[2, 2, 3, 5, 1, 4, 5, 3, 5, 5, 4, 5, 5, 4, 5, 4, 1, 2, 5, 4, 3, 5, 2, 2, 1, 1, 5, 3, 2, 3]"
to sizzle,4.4,0.7701,30,"[5, 4, 5, 5, 3, 5, 4, 5, 5, 5, 5, 5, 4, 3, 4, 4, 5, 4, 4, 4, 4, 5, 2, 4, 5, 5, 5, 4, 5, 5]"
to sketch,4.8,0.4068,30,"[5, 4, 5, 5, 5, 5, 5, 4, 5, 5, 4, 4, 5, 4, 5, 5, 5, 5, 5, 5, 5, 5, 5, 5, 5, 5, 5, 5, 5, 4]"
to ski,4.7333,0.6397,30,"[5, 4, 5, 5, 5, 5, 5, 4, 5, 5, 2, 4, 5, 5, 5, 5, 5, 5, 5, 5, 5, 5, 5, 5, 5, 5, 4, 5, 5, 4]"
to slaughter,4.7,0.596,30,"[5, 5, 5, 5, 5, 5, 5, 5, 5, 4, 5, 5, 5, 5, 3, 5, 5, 4, 5, 4, 5, 5, 5, 4, 3, 5, 4, 5, 5, 5]"
to sleepwalk,4.6667,0.8023,30,"[5, 5, 5, 5, 4, 5, 5, 5, 5, 5, 5, 5, 5, 5, 3, 5, 5, 2, 5, 3, 5, 5, 5, 3, 5, 5, 5, 5, 5, 5]"
to sleet,4.5333,1.0743,30,"[5, 5, 5, 2, 1, 5, 5, 5, 5, 5, 5, 5, 5, 5, 4, 5, 5, 4, 5, 2, 5, 5, 5, 3, 5, 5, 5, 5, 5, 5]"
to slim,4.2667,1.1427,30,"[5, 3, 5, 5, 5, 5, 5, 4, 5, 5, 5, 5, 5, 3, 5, 5, 2, 3, 4, 1, 5, 5, 5, 4, 2, 5, 5, 4, 5, 3]"
to slip,4.6897,0.7123,29,"[5, 4, 5, 5, 5, 5, 5, 5, 5, 5, 3, 4, 5, 5, 5, 2, 5, 5, 5, 5, 5, 4, 5, 5, 5, 5, 5, 5, 4]"
to sneeze,4.8667,0.3457,30,"[5, 5, 4, 5, 5, 5, 5, 5, 5, 5, 5, 5, 5, 5, 5, 5, 4, 5, 5, 5, 5, 5, 5, 5, 4, 4, 5, 5, 5, 5]"
to snicker,4.8,0.6103,30,"[5, 4, 5, 5, 5, 5, 5, 5, 5, 2, 5, 5, 5, 5, 5, 5, 4, 5, 5, 5, 4, 5, 5, 5, 5, 5, 5, 5, 5, 5]"
to soften,4.5172,0.6877,29,"[4, 5, 3, 5, 5, 3, 5, 5, 5, 5, 5, 5, 5, 4, 5, 4, 5, 5, 5, 4, 5, 4, 5, 4, 3, 4, 5, 5, 4]"
to spawn,4.2,1.1265,30,"[5, 3, 4, 5, 5, 4, 5, 4, 5, 3, 5, 5, 5, 4, 5, 5, 3, 4, 4, 3, 5, 5, 5, 1, 2, 5, 5, 2, 5, 5]"
to speak,4.9333,0.2537,30,"[5, 5, 5, 5, 5, 5, 5, 5, 5, 5, 5, 4, 5, 5, 5, 5, 5, 5, 5, 5, 5, 5, 5, 5, 5, 5, 5, 5, 5, 4]"
to spill,4.9333,0.2537,30,"[5, 5, 5, 4, 5, 5, 5, 5, 5, 4, 5, 5, 5, 5, 5, 5, 5, 5, 5, 5, 5, 5, 5, 5, 5, 5, 5, 5, 5, 5]"
to splatter,4.8,0.4842,30,"[5, 4, 5, 4, 5, 5, 5, 5, 5, 5, 5, 5, 5, 5, 4, 5, 3, 5, 5, 5, 4, 5, 5, 5, 5, 5, 5, 5, 5, 5]"
to spoon-feed,4.6,0.6215,30,"[5, 5, 5, 5, 3, 5, 5, 5, 5, 5, 5, 5, 5, 5, 4, 4, 5, 4, 5, 4, 5, 5, 3, 4, 4, 5, 4, 4, 5, 5]"
to spot,4.3667,1.0662,30,"[5, 3, 5, 5, 5, 5, 5, 4, 5, 4, 5, 5, 5, 3, 5, 5, 2, 5, 5, 3, 5, 5, 5, 3, 2, 5, 5, 2, 5, 5]"
to spray-paint,4.9,0.4026,30,"[5, 5, 5, 3, 5, 5, 5, 5, 5, 5, 5, 5, 5, 5, 5, 5, 5, 5, 5, 5, 4, 5, 5, 5, 5, 5, 5, 5, 5, 5]"
to squash,4.6,0.6215,30,"[5, 5, 5, 5, 4, 5, 5, 5, 5, 5, 5, 5, 4, 3, 4, 5, 5, 4, 5, 5, 4, 5, 3, 5, 4, 5, 4, 4, 5, 5]"
to squeak,4.8333,0.4611,30,"[5, 4, 5, 5, 5, 5, 5, 5, 5, 5, 3, 4, 5, 5, 5, 5, 5, 5, 5, 5, 5, 5, 5, 5, 5, 5, 5, 5, 5, 4]"
to squeal,4.5714,0.7418,28,"[5, 5, 5, 5, 5, 5, 5, 5, 5, 5, 4, 4, 4, 5, 5, 4, 5, 5, 5, 5, 2, 3, 4, 5, 4, 4, 5, 5]"
to squeeze,4.7667,0.504,30,"[5, 4, 5, 5, 5, 5, 5, 4, 5, 5, 3, 4, 5, 5, 5, 5, 5, 5, 5, 5, 5, 5, 5, 5, 5, 5, 4, 5, 5, 4]"
to stagger,4.8333,0.4611,30,"[5, 5, 4, 5, 5, 5, 5, 5, 5, 5, 5, 5, 5, 4, 5, 5, 3, 5, 5, 5, 5, 5, 5, 5, 5, 4, 5, 5, 5, 5]"
to stalk,4.9667,0.1826,30,"[5, 5, 5, 5, 5, 5, 5, 5, 5, 5, 5, 5, 5, 5, 5, 5, 5, 5, 5, 5, 4, 5, 5, 5, 5, 5, 5, 5, 5, 5]"
to stammer,4.4,1.0034,30,"[5, 3, 5, 5, 5, 5, 5, 4, 4, 5, 2, 4, 5, 5, 4, 5, 4, 5, 1, 5, 5, 5, 5, 5, 5, 3, 4, 5, 5, 4]"
to staple,4.7667,0.504,30,"[5, 5, 3, 5, 5, 5, 4, 5, 5, 5, 5, 5, 5, 5, 5, 5, 4, 5, 5, 5, 4, 5, 5, 5, 4, 4, 5, 5, 5, 5]"
to starch,4.5,0.923,28,"[5, 5, 4, 4, 5, 5, 5, 5, 5, 5, 4, 5, 3, 5, 5, 4, 5, 4, 4, 5, 3, 1, 5, 5, 5, 5, 5, 5]"
to stare,4.9667,0.1826,30,"[5, 5, 5, 5, 5, 5, 5, 5, 5, 5, 5, 5, 5, 5, 5, 5, 5, 5, 5, 5, 5, 5, 5, 5, 5, 4, 5, 5, 5, 5]"
to start,4.8667,0.3457,30,"[5, 5, 4, 5, 5, 5, 5, 5, 5, 5, 5, 5, 5, 5, 5, 5, 4, 5, 5, 5, 5, 5, 5, 5, 4, 4, 5, 5, 5, 5]"
to stash,4.5,0.9002,30,"[4, 5, 3, 4, 5, 1, 4, 5, 5, 5, 4, 5, 5, 5, 5, 5, 4, 5, 5, 5, 5, 5, 5, 5, 4, 4, 3, 5, 5, 5]"
to steal,4.5,0.82,30,"[4, 5, 3, 5, 5, 4, 5, 5, 5, 5, 5, 5, 5, 3, 5, 5, 5, 5, 5, 3, 4, 5, 4, 4, 5, 4, 5, 5, 5, 2]"
to stew,4.7333,0.6397,30,"[5, 5, 4, 5, 5, 5, 5, 4, 5, 5, 5, 4, 5, 5, 5, 5, 4, 5, 5, 4, 5, 5, 2, 5, 5, 5, 5, 5, 5, 5]"
to stomp,4.6667,0.7112,30,"[5, 5, 5, 5, 5, 5, 5, 5, 5, 5, 5, 5, 5, 5, 4, 5, 5, 4, 5, 5, 4, 5, 2, 4, 3, 5, 5, 4, 5, 5]"
to stoop,4.6667,0.6609,30,"[3, 5, 5, 5, 5, 5, 5, 5, 5, 3, 5, 5, 5, 5, 5, 3, 4, 5, 4, 5, 4, 5, 5, 5, 5, 5, 5, 5, 4, 5]"
to straggle,3.5333,1.306,30,"[3, 5, 4, 5, 3, 2, 3, 5, 4, 1, 1, 5, 4, 2, 4, 4, 5, 4, 4, 4, 4, 5, 2, 3, 1, 5, 4, 3, 2, 5]"
to stratify,3.0667,1.4606,30,"[3, 1, 1, 3, 4, 5, 4, 3, 1, 5, 2, 4, 5, 5, 3, 4, 5, 3, 5, 1, 1, 2, 2, 3, 2, 4, 1, 3, 5, 2]"
to streak,4.7931,0.4913,29,"[5, 5, 5, 3, 5, 5, 5, 5, 4, 4, 4, 5, 5, 5, 5, 5, 5, 5, 5, 5, 4, 5, 5, 5, 5, 5, 5, 5, 5]"
to strengthen,4.7667,0.4302,30,"[5, 4, 5, 5, 5, 5, 5, 4, 5, 5, 4, 4, 5, 5, 4, 5, 5, 5, 5, 5, 5, 5, 5, 5, 5, 5, 4, 5, 5, 4]"
to stretch,4.8276,0.3844,29,"[5, 5, 5, 5, 5, 5, 5, 4, 5, 5, 4, 4, 5, 5, 5, 5, 5, 5, 5, 5, 5, 5, 5, 5, 5, 4, 5, 5, 4]"
to strut,4.4,0.7701,30,"[4, 5, 5, 5, 3, 5, 4, 5, 5, 5, 5, 5, 5, 2, 4, 4, 5, 4, 5, 4, 5, 5, 3, 4, 4, 5, 4, 4, 4, 5]"
to stub,4.6333,0.7649,30,"[5, 5, 5, 5, 5, 5, 5, 2, 5, 5, 5, 5, 5, 5, 4, 5, 5, 4, 5, 4, 5, 4, 5, 3, 5, 5, 5, 5, 3, 5]"
to study,4.5667,0.8584,30,"[5, 4, 5, 5, 5, 5, 5, 4, 5, 4, 5, 5, 5, 5, 5, 5, 2, 5, 5, 4, 5, 5, 5, 4, 2, 5, 5, 3, 5, 5]"
to stuff,4.7,0.535,30,"[5, 4, 5, 5, 5, 5, 5, 4, 5, 5, 3, 4, 5, 5, 5, 5, 5, 5, 5, 5, 5, 5, 4, 5, 5, 4, 4, 5, 5, 4]"
to stumble,4.7,0.535,30,"[5, 4, 5, 5, 5, 5, 5, 5, 4, 5, 3, 4, 5, 5, 5, 5, 5, 5, 5, 5, 5, 5, 4, 5, 5, 4, 4, 5, 5, 4]"
to submit,4.8333,0.379,30,"[5, 4, 5, 5, 5, 5, 5, 4, 5, 5, 5, 4, 5, 5, 4, 5, 5, 5, 5, 5, 5, 5, 5, 5, 5, 5, 5, 5, 5, 4]"
to suffer,4.9333,0.3651,30,"[5, 5, 5, 3, 5, 5, 5, 5, 5, 5, 5, 5, 5, 5, 5, 5, 5, 5, 5, 5, 5, 5, 5, 5, 5, 5, 5, 5, 5, 5]"
to surmount,3.6667,1.3218,30,"[4, 3, 2, 5, 3, 5, 2, 3, 5, 5, 3, 5, 5, 1, 3, 5, 4, 3, 3, 5, 5, 4, 4, 5, 2, 1, 3, 5, 5, 2]"
to surprise,4.8333,0.5921,30,"[5, 5, 5, 5, 5, 5, 5, 5, 5, 5, 5, 4, 5, 5, 5, 5, 2, 5, 5, 5, 5, 5, 5, 5, 5, 5, 5, 5, 5, 4]"
to swallow,4.8,0.4842,30,"[4, 5, 3, 5, 5, 5, 5, 5, 5, 5, 5, 5, 5, 5, 5, 5, 4, 5, 5, 5, 5, 5, 5, 5, 4, 4, 5, 5, 5, 5]"
to sway,4.6667,0.7112,30,"[2, 5, 5, 5, 5, 5, 5, 5, 5, 4, 4, 5, 3, 5, 5, 5, 4, 5, 5, 5, 4, 4, 5, 5, 5, 5, 5, 5, 5, 5]"
to swell,4.8333,0.5921,30,"[5, 5, 5, 5, 5, 5, 5, 5, 5, 5, 5, 5, 5, 5, 2, 5, 5, 5, 5, 4, 5, 5, 5, 5, 5, 4, 5, 5, 5, 5]"
to synthesize,4.3333,0.9223,30,"[5, 3, 5, 5, 4, 5, 5, 3, 3, 5, 2, 5, 5, 5, 5, 5, 5, 5, 5, 5, 5, 3, 4, 5, 4, 4, 3, 4, 5, 3]"
to tag,4.7667,0.5683,30,"[5, 4, 5, 3, 5, 5, 5, 5, 5, 5, 5, 4, 5, 5, 5, 5, 3, 5, 5, 5, 5, 5, 5, 5, 5, 4, 5, 5, 5, 5]"
to tail,4.2333,1.0726,30,"[3, 4, 3, 5, 5, 4, 5, 4, 5, 3, 5, 5, 5, 5, 5, 5, 2, 5, 5, 4, 5, 5, 5, 3, 2, 5, 5, 2, 5, 3]"
to tailor,4.7333,0.5208,30,"[5, 5, 5, 4, 5, 5, 5, 5, 5, 4, 5, 5, 3, 5, 5, 5, 5, 5, 5, 4, 4, 4, 5, 4, 5, 5, 5, 5, 5, 5]"
to taste,4.9333,0.2537,30,"[5, 5, 5, 5, 5, 5, 5, 5, 5, 5, 5, 4, 5, 5, 5, 5, 5, 5, 5, 5, 5, 5, 5, 5, 5, 5, 5, 5, 5, 4]"
to team up,4.9667,0.1826,30,"[5, 5, 5, 5, 5, 5, 5, 5, 5, 5, 5, 5, 5, 4, 5, 5, 5, 5, 5, 5, 5, 5, 5, 5, 5, 5, 5, 5, 5, 5]"
to tear,4.9667,0.1826,30,"[5, 4, 5, 5, 5, 5, 5, 5, 5, 5, 5, 5, 5, 5, 5, 5, 5, 5, 5, 5, 5, 5, 5, 5, 5, 5, 5, 5, 5, 5]"
to terrify,4.9667,0.1826,30,"[5, 5, 5, 5, 5, 5, 5, 5, 5, 5, 5, 4, 5, 5, 5, 5, 5, 5, 5, 5, 5, 5, 5, 5, 5, 5, 5, 5, 5, 5]"
to thaw,4.7,0.596,30,"[4, 5, 3, 5, 5, 5, 4, 5, 5, 5, 5, 5, 5, 5, 5, 5, 4, 5, 5, 5, 4, 5, 5, 5, 4, 3, 5, 5, 5, 5]"
to thieve,4.0333,1.0662,30,"[5, 5, 5, 5, 4, 5, 3, 5, 4, 5, 5, 4, 4, 5, 3, 3, 5, 3, 2, 4, 5, 5, 2, 3, 2, 5, 3, 3, 4, 5]"
to tickle,4.7333,0.6397,30,"[5, 4, 5, 5, 5, 5, 5, 4, 5, 5, 2, 4, 5, 5, 5, 5, 4, 5, 5, 5, 5, 5, 5, 5, 5, 5, 5, 5, 5, 4]"
to tip,4.8276,0.4682,29,"[5, 5, 3, 5, 5, 4, 5, 5, 5, 5, 5, 5, 5, 4, 5, 5, 5, 5, 5, 5, 5, 5, 5, 5, 5, 5, 5, 5, 4]"
to tiptoe,4.8,0.4842,30,"[5, 5, 5, 5, 4, 5, 5, 5, 5, 5, 5, 5, 5, 5, 5, 5, 5, 4, 5, 5, 4, 5, 3, 5, 5, 5, 5, 4, 5, 5]"
to toast,4.8,0.4842,30,"[5, 5, 3, 5, 5, 5, 4, 5, 5, 5, 5, 5, 5, 5, 5, 5, 4, 5, 5, 5, 5, 5, 5, 5, 4, 4, 5, 5, 5, 5]"
to tolerate,4.8,0.4842,30,"[3, 5, 4, 5, 5, 4, 5, 5, 5, 5, 5, 5, 5, 5, 5, 5, 5, 5, 5, 5, 5, 5, 5, 5, 5, 4, 5, 5, 5, 4]"
to toot,4.6333,0.8503,30,"[5, 3, 4, 5, 5, 5, 5, 5, 5, 5, 5, 4, 5, 1, 5, 5, 4, 5, 5, 5, 5, 5, 4, 5, 5, 4, 5, 5, 5, 5]"
to topple,4.5,0.5724,30,"[4, 4, 4, 5, 4, 5, 4, 5, 5, 5, 5, 5, 4, 4, 5, 4, 5, 4, 5, 5, 5, 5, 3, 4, 4, 5, 4, 4, 5, 5]"
to touch,4.7857,0.4987,28,"[5, 3, 5, 5, 5, 5, 5, 5, 5, 5, 5, 5, 5, 5, 4, 5, 5, 5, 5, 5, 5, 5, 4, 4, 4, 5, 5, 5]"
to track,4.7667,0.5683,30,"[4, 5, 5, 5, 4, 5, 5, 5, 5, 5, 5, 5, 5, 5, 5, 5, 5, 4, 5, 3, 5, 5, 5, 3, 5, 5, 5, 5, 5, 5]"
to transfer,4.8,0.4842,30,"[4, 5, 3, 5, 5, 5, 5, 5, 5, 5, 5, 5, 5, 5, 5, 5, 4, 5, 5, 5, 5, 5, 5, 5, 4, 4, 5, 5, 5, 5]"
to travel,4.9333,0.2537,30,"[5, 5, 5, 4, 5, 5, 5, 5, 5, 4, 5, 5, 5, 5, 5, 5, 5, 5, 5, 5, 5, 5, 5, 5, 5, 5, 5, 5, 5, 5]"
to trim,4.9333,0.3651,30,"[5, 5, 5, 5, 5, 5, 5, 5, 5, 5, 5, 5, 5, 5, 5, 5, 5, 5, 5, 5, 5, 5, 5, 5, 5, 3, 5, 5, 5, 5]"
to trot,4.5862,0.7328,29,"[5, 4, 5, 5, 5, 5, 4, 5, 5, 2, 4, 5, 4, 3, 5, 5, 5, 5, 5, 5, 5, 5, 5, 5, 4, 4, 5, 5, 4]"
to try,4.931,0.2579,29,"[5, 5, 5, 5, 5, 5, 5, 5, 5, 5, 5, 5, 5, 5, 5, 5, 5, 5, 4, 5, 5, 5, 4, 5, 5, 5, 5, 5, 5]"
to tumble,4.6207,0.6219,29,"[5, 3, 4, 5, 5, 4, 5, 5, 5, 4, 5, 5, 5, 4, 5, 4, 5, 5, 5, 5, 5, 5, 5, 4, 3, 4, 5, 5, 5]"
to tweet,4.5,0.7768,30,"[4, 5, 3, 5, 5, 3, 5, 5, 5, 5, 5, 5, 5, 4, 5, 5, 5, 3, 5, 3, 5, 5, 4, 5, 5, 4, 5, 4, 5, 3]"
to twinkle,4.5,0.6823,30,"[4, 4, 3, 5, 5, 4, 5, 3, 5, 5, 5, 5, 5, 4, 5, 5, 4, 5, 5, 4, 5, 5, 4, 5, 5, 4, 5, 5, 4, 3]"
to type,4.7333,0.5208,30,"[5, 4, 3, 5, 5, 4, 5, 5, 5, 5, 5, 5, 5, 4, 5, 5, 5, 5, 5, 4, 4, 5, 5, 5, 5, 5, 5, 5, 5, 4]"
to underlie,4.0,0.9826,30,"[2, 4, 5, 4, 5, 5, 5, 4, 4, 5, 4, 5, 3, 5, 2, 3, 4, 5, 3, 4, 3, 3, 5, 4, 2, 4, 5, 5, 4, 4]"
to unglue,4.5517,0.8696,29,"[3, 5, 4, 5, 5, 5, 5, 4, 5, 5, 5, 2, 5, 5, 5, 5, 3, 5, 5, 5, 5, 5, 5, 5, 5, 5, 3, 3, 5]"
to unlace,4.4333,0.7279,30,"[4, 5, 5, 5, 3, 5, 4, 5, 5, 5, 5, 5, 4, 4, 4, 4, 5, 4, 4, 5, 4, 5, 2, 4, 4, 5, 5, 4, 5, 5]"
to untie,4.7931,0.4123,29,"[5, 5, 4, 5, 5, 5, 4, 5, 5, 5, 5, 5, 5, 5, 5, 5, 4, 5, 5, 5, 5, 5, 5, 4, 4, 4, 5, 5, 5]"
to use,4.9667,0.1826,30,"[5, 5, 5, 5, 5, 5, 5, 5, 5, 5, 5, 5, 5, 5, 5, 5, 4, 5, 5, 5, 5, 5, 5, 5, 5, 5, 5, 5, 5, 5]"
to vacuum,4.7931,0.4913,29,"[5, 5, 5, 5, 4, 5, 5, 5, 5, 5, 5, 5, 4, 5, 5, 5, 4, 5, 5, 5, 5, 3, 5, 4, 5, 5, 5, 5, 5]"
to vaporize,4.8333,0.4611,30,"[5, 5, 4, 5, 5, 5, 5, 5, 5, 5, 5, 4, 5, 5, 5, 5, 3, 5, 5, 5, 5, 5, 5, 5, 5, 4, 5, 5, 5, 5]"
to vibrate,4.8276,0.4682,29,"[5, 3, 5, 5, 5, 5, 5, 5, 5, 5, 5, 5, 5, 5, 5, 4, 5, 5, 5, 5, 5, 5, 5, 4, 4, 5, 5, 5, 5]"
to view,4.9,0.3051,30,"[5, 4, 5, 4, 5, 5, 5, 5, 5, 5, 5, 5, 5, 5, 5, 5, 5, 5, 5, 5, 5, 5, 5, 5, 5, 5, 5, 5, 4, 5]"
to void,4.6667,0.6609,30,"[5, 5, 5, 5, 5, 5, 5, 5, 5, 5, 5, 5, 5, 5, 3, 5, 5, 3, 4, 4, 5, 5, 5, 3, 5, 5, 4, 5, 4, 5]"
to wag,4.8667,0.5713,30,"[5, 5, 5, 5, 5, 5, 5, 5, 5, 5, 5, 5, 5, 5, 5, 5, 4, 5, 5, 5, 5, 5, 5, 5, 5, 2, 5, 5, 5, 5]"
to walk,4.7333,0.8277,30,"[5, 5, 3, 5, 5, 5, 5, 5, 5, 5, 5, 5, 5, 4, 5, 5, 5, 5, 5, 5, 5, 5, 5, 5, 5, 1, 5, 5, 5, 4]"
to warn,4.7241,0.7019,29,"[4, 5, 3, 5, 5, 5, 5, 5, 5, 5, 5, 5, 4, 5, 5, 5, 5, 5, 5, 5, 5, 5, 5, 5, 2, 5, 5, 5, 4]"
to waste,4.8667,0.3457,30,"[5, 4, 5, 5, 5, 5, 5, 5, 5, 5, 5, 4, 5, 5, 5, 5, 5, 5, 5, 5, 5, 5, 5, 5, 5, 5, 4, 5, 5, 4]"
to wear,4.9333,0.2537,30,"[5, 4, 5, 5, 5, 5, 5, 5, 5, 4, 5, 5, 5, 5, 5, 5, 5, 5, 5, 5, 5, 5, 5, 5, 5, 5, 5, 5, 5, 5]"
to wedge,4.4333,0.8172,30,"[4, 5, 5, 5, 3, 5, 4, 5, 5, 5, 5, 5, 4, 4, 5, 5, 5, 4, 5, 4, 4, 5, 2, 3, 4, 5, 3, 5, 5, 5]"
to weep,4.8333,0.379,30,"[5, 5, 5, 5, 5, 5, 5, 4, 5, 5, 4, 4, 5, 5, 5, 5, 5, 5, 5, 5, 5, 5, 5, 5, 5, 4, 5, 5, 5, 4]"
to whistle,4.7,0.535,30,"[4, 5, 3, 4, 5, 5, 4, 5, 5, 5, 5, 5, 5, 5, 5, 5, 4, 5, 5, 5, 4, 5, 5, 5, 4, 4, 5, 5, 5, 5]"
to whiz,3.4,1.3797,30,"[2, 3, 4, 4, 3, 5, 3, 5, 3, 5, 5, 3, 3, 2, 4, 4, 5, 4, 5, 4, 4, 5, 1, 1, 2, 1, 2, 1, 4, 5]"
to withdraw,4.8667,0.4342,30,"[5, 5, 5, 3, 5, 5, 5, 5, 5, 5, 5, 5, 5, 5, 5, 5, 4, 5, 5, 4, 5, 5, 5, 5, 5, 5, 5, 5, 5, 5]"
to wobble,4.7,0.596,30,"[5, 5, 5, 3, 5, 5, 5, 5, 5, 4, 4, 5, 5, 5, 5, 4, 5, 5, 5, 5, 4, 4, 5, 5, 5, 3, 5, 5, 5, 5]"
to work,4.8667,0.3457,30,"[5, 5, 4, 5, 5, 5, 5, 5, 5, 5, 5, 5, 5, 5, 5, 5, 4, 5, 5, 5, 5, 5, 5, 5, 4, 4, 5, 5, 5, 5]"
to wreck,4.8667,0.4342,30,"[5, 5, 5, 5, 5, 5, 5, 5, 5, 5, 5, 5, 5, 5, 4, 5, 5, 4, 5, 5, 5, 5, 5, 3, 5, 5, 5, 5, 5, 5]"
to wrench,4.5333,0.8996,30,"[4, 5, 3, 5, 5, 5, 1, 5, 5, 5, 5, 5, 5, 5, 4, 5, 4, 5, 4, 5, 5, 5, 5, 5, 4, 3, 4, 5, 5, 5]"
to wring,4.5667,0.6789,30,"[3, 4, 5, 3, 5, 5, 5, 5, 5, 3, 4, 4, 4, 5, 5, 5, 5, 4, 5, 5, 4, 5, 5, 5, 5, 5, 5, 5, 4, 5]"
to writhe,4.1034,1.0469,29,"[4, 5, 4, 5, 4, 5, 3, 5, 5, 5, 5, 5, 4, 4, 3, 5, 4, 5, 4, 4, 3, 1, 3, 3, 5, 4, 2, 5, 5]"
to yank,4.8667,0.3457,30,"[5, 4, 5, 4, 5, 5, 5, 5, 5, 4, 5, 5, 5, 5, 5, 5, 5, 5, 5, 5, 4, 5, 5, 5, 5, 5, 5, 5, 5, 5]"
to yearn,4.4483,0.9097,29,"[4, 4, 3, 5, 5, 4, 5, 5, 5, 5, 5, 5, 5, 4, 5, 4, 5, 5, 5, 3, 5, 5, 5, 5, 1, 4, 5, 4, 4]"
to yell,4.8333,0.4611,30,"[5, 5, 3, 5, 5, 5, 5, 5, 5, 5, 5, 5, 5, 5, 5, 5, 4, 5, 5, 5, 5, 5, 5, 5, 4, 4, 5, 5, 5, 5]"
to yelp,4.3,0.9154,30,"[4, 5, 3, 5, 5, 5, 3, 5, 5, 5, 3, 5, 5, 5, 5, 3, 4, 5, 5, 5, 4, 4, 4, 5, 4, 3, 2, 5, 5, 3]"
to zigzag,4.4333,0.8172,30,"[3, 5, 5, 5, 3, 5, 4, 5, 5, 5, 5, 5, 5, 5, 4, 4, 5, 4, 5, 5, 4, 5, 2, 4, 3, 5, 4, 4, 5, 5]"
tongs,4.6333,0.9279,30,"[5, 5, 5, 3, 5, 5, 5, 5, 5, 5, 5, 5, 5, 5, 5, 5, 4, 5, 5, 3, 5, 5, 3, 5, 5, 1, 5, 5, 5, 5]"
tonsillitis,4.2333,1.04,30,"[5, 5, 5, 5, 5, 5, 5, 4, 5, 4, 5, 3, 4, 5, 4, 5, 1, 2, 5, 4, 5, 5, 4, 3, 3, 5, 3, 4, 4, 5]"
tough,4.7241,0.5276,29,"[4, 5, 3, 5, 5, 4, 5, 5, 5, 5, 5, 5, 5, 4, 5, 5, 5, 5, 5, 4, 5, 5, 5, 5, 4, 5, 5, 5, 4]"
toxoplasmosis,1.9333,1.0807,30,"[3, 3, 1, 1, 1, 3, 5, 1, 2, 3, 2, 1, 3, 1, 2, 1, 1, 3, 1, 3, 3, 1, 2, 1, 3, 1, 1, 3, 1, 1]"
triathlon,4.6,0.6747,30,"[5, 4, 5, 3, 5, 4, 5, 5, 5, 4, 5, 5, 5, 5, 4, 5, 5, 3, 5, 4, 5, 5, 5, 3, 4, 5, 5, 5, 5, 5]"
tricky,4.8,0.4068,30,"[5, 4, 5, 5, 5, 5, 5, 5, 5, 5, 5, 4, 5, 5, 5, 5, 5, 5, 5, 5, 5, 5, 4, 5, 5, 4, 4, 5, 5, 4]"
true,4.8276,0.4682,29,"[4, 5, 3, 5, 5, 4, 5, 5, 5, 5, 5, 5, 5, 5, 5, 5, 5, 5, 5, 5, 5, 5, 5, 5, 4, 5, 5, 5, 5]"
tundra,3.8667,1.2243,30,"[2, 5, 3, 4, 5, 4, 5, 5, 5, 3, 5, 5, 3, 4, 3, 5, 2, 5, 3, 4, 3, 4, 5, 4, 2, 5, 5, 1, 5, 2]"
tungsten,3.5667,1.5466,30,"[4, 2, 2, 1, 3, 5, 3, 5, 5, 5, 1, 5, 5, 5, 2, 4, 3, 5, 1, 5, 5, 5, 4, 1, 5, 1, 4, 5, 3, 3]"
ubiquitous,3.4,1.3797,30,"[3, 3, 5, 3, 5, 3, 3, 3, 5, 4, 5, 5, 3, 1, 3, 3, 1, 1, 4, 1, 3, 4, 3, 5, 5, 1, 5, 4, 5, 3]"
unaccountable,4.6,0.6747,30,"[3, 5, 3, 4, 5, 5, 4, 5, 5, 5, 5, 5, 5, 5, 5, 5, 4, 5, 5, 5, 4, 5, 4, 5, 4, 5, 3, 5, 5, 5]"
unbecoming,4.1,1.0619,30,"[4, 4, 5, 5, 3, 5, 3, 5, 5, 5, 5, 5, 4, 2, 3, 4, 5, 4, 4, 4, 5, 5, 2, 2, 4, 5, 4, 2, 5, 5]"
unbiased,4.5,0.7768,30,"[4, 5, 5, 5, 4, 5, 4, 5, 5, 5, 5, 5, 5, 5, 4, 3, 5, 4, 5, 5, 5, 5, 2, 3, 4, 5, 4, 5, 4, 5]"
unequaled,4.4667,0.7761,30,"[5, 5, 5, 4, 5, 5, 5, 4, 5, 5, 5, 4, 5, 4, 3, 5, 5, 4, 4, 4, 5, 5, 5, 2, 5, 5, 3, 4, 4, 5]"
unexpected,4.6333,0.7184,30,"[5, 5, 5, 5, 5, 5, 5, 5, 5, 5, 5, 5, 4, 5, 4, 4, 5, 4, 5, 5, 4, 5, 2, 3, 5, 5, 5, 4, 5, 5]"
unfettered,3.4333,1.278,30,"[2, 4, 4, 5, 3, 1, 3, 5, 3, 1, 5, 5, 4, 3, 4, 3, 4, 4, 5, 4, 5, 5, 2, 2, 3, 1, 4, 2, 4, 3]"
unfortunate,4.5667,0.9353,30,"[5, 4, 4, 5, 5, 5, 5, 5, 5, 5, 5, 5, 5, 4, 5, 5, 2, 5, 4, 5, 5, 5, 5, 5, 2, 5, 5, 2, 5, 5]"
uninterested,4.8966,0.4093,29,"[5, 5, 5, 5, 5, 5, 5, 5, 5, 5, 5, 5, 5, 5, 5, 5, 5, 5, 4, 5, 5, 5, 3, 5, 5, 5, 5, 5, 5]"
unkempt,3.9333,1.2576,30,"[5, 4, 4, 5, 3, 5, 3, 5, 5, 5, 5, 5, 3, 4, 4, 3, 4, 4, 4, 5, 4, 1, 1, 3, 1, 5, 5, 3, 5, 5]"
unusual,4.9667,0.1826,30,"[5, 5, 5, 5, 5, 5, 5, 5, 5, 5, 5, 5, 5, 5, 5, 5, 5, 5, 5, 5, 5, 5, 5, 5, 5, 4, 5, 5, 5, 5]"
unwieldy,4.2667,1.0483,30,"[3, 4, 5, 3, 5, 5, 5, 5, 5, 3, 5, 5, 5, 3, 5, 3, 4, 3, 5, 5, 3, 4, 5, 5, 5, 1, 5, 5, 5, 4]"
uptight,4.8667,0.3457,30,"[5, 5, 5, 4, 5, 5, 5, 5, 5, 5, 5, 4, 5, 5, 4, 5, 5, 5, 5, 5, 5, 5, 5, 5, 5, 5, 5, 5, 4, 5]"
used,5.0,0.0,30,"[5, 5, 5, 5, 5, 5, 5, 5, 5, 5, 5, 5, 5, 5, 5, 5, 5, 5, 5, 5, 5, 5, 5, 5, 5, 5, 5, 5, 5, 5]"
vague,4.8,0.4842,30,"[4, 5, 5, 5, 5, 5, 5, 5, 5, 5, 5, 5, 5, 5, 5, 4, 5, 5, 5, 4, 5, 5, 5, 5, 5, 3, 5, 5, 5, 4]"
valuable,4.7,0.7022,30,"[5, 5, 5, 5, 5, 5, 4, 5, 5, 5, 5, 5, 4, 5, 5, 4, 5, 4, 5, 5, 5, 5, 2, 3, 5, 5, 5, 5, 5, 5]"
vengeful,4.3333,0.8023,30,"[5, 5, 5, 5, 3, 5, 4, 5, 5, 5, 5, 5, 4, 4, 4, 4, 5, 4, 5, 4, 4, 5, 2, 3, 3, 5, 4, 4, 4, 5]"
verdant,2.4,1.3025,30,"[4, 1, 2, 3, 2, 1, 1, 2, 4, 5, 1, 3, 1, 1, 4, 2, 1, 1, 3, 4, 5, 3, 4, 3, 3, 1, 2, 1, 2, 2]"
violent,4.6667,0.7112,30,"[5, 5, 5, 5, 4, 5, 5, 5, 5, 5, 5, 5, 4, 5, 5, 5, 5, 4, 5, 5, 4, 5, 2, 4, 3, 5, 5, 5, 5, 5]"
visual agnosia,1.4333,0.8172,30,"[2, 1, 1, 1, 1, 1, 2, 2, 1, 2, 1, 2, 2, 1, 1, 1, 5, 1, 1, 1, 1, 1, 1, 2, 1, 2, 1, 1, 2, 1]"
voracious,3.8,1.2704,30,"[4, 3, 1, 3, 5, 5, 3, 5, 5, 5, 1, 5, 5, 3, 4, 5, 3, 5, 4, 5, 5, 4, 4, 2, 3, 2, 4, 5, 4, 2]"
vulgar,4.5,0.9377,30,"[5, 3, 5, 5, 5, 5, 5, 4, 5, 4, 5, 5, 5, 5, 5, 5, 2, 5, 4, 5, 5, 5, 5, 3, 2, 5, 5, 3, 5, 5]"
wacky,4.5667,0.7739,30,"[4, 5, 5, 5, 5, 5, 5, 5, 5, 5, 5, 5, 5, 4, 5, 5, 5, 4, 5, 4, 5, 5, 2, 3, 3, 5, 4, 4, 5, 5]"
waggish,2.1,1.0619,30,"[2, 1, 3, 4, 2, 1, 1, 2, 3, 1, 1, 1, 2, 2, 2, 2, 3, 4, 4, 4, 4, 1, 2, 1, 1, 1, 2, 2, 2, 2]"
wandering,4.7333,0.5208,30,"[4, 5, 3, 4, 5, 5, 5, 5, 5, 5, 5, 5, 5, 5, 5, 5, 4, 5, 5, 5, 5, 5, 5, 5, 4, 4, 4, 5, 5, 5]"
weary,4.9,0.3051,30,"[5, 5, 4, 5, 5, 5, 5, 5, 5, 5, 5, 5, 5, 5, 5, 5, 4, 5, 5, 4, 5, 5, 5, 5, 5, 5, 5, 5, 5, 5]"
wet,4.9,0.3051,30,"[5, 5, 5, 5, 5, 5, 5, 5, 5, 5, 5, 4, 5, 4, 5, 5, 5, 5, 5, 5, 5, 5, 5, 5, 5, 5, 5, 5, 5, 4]"
wheat bread,5.0,0.0,30,"[5, 5, 5, 5, 5, 5, 5, 5, 5, 5, 5, 5, 5, 5, 5, 5, 5, 5, 5, 5, 5, 5, 5, 5, 5, 5, 5, 5, 5, 5]"
whipped cream,4.9655,0.1857,29,"[5, 5, 5, 4, 5, 5, 5, 5, 5, 5, 5, 5, 5, 5, 5, 5, 5, 5, 5, 5, 5, 5, 5, 5, 5, 5, 5, 5, 5]"
white bread,4.8333,0.379,30,"[4, 5, 4, 5, 5, 4, 5, 5, 5, 5, 5, 5, 5, 4, 5, 5, 5, 5, 5, 5, 5, 5, 5, 5, 5, 5, 5, 5, 5, 4]"
white sugar,4.7667,0.504,30,"[5, 5, 4, 4, 5, 5, 4, 5, 5, 5, 5, 5, 5, 5, 5, 5, 4, 5, 5, 5, 5, 5, 5, 5, 3, 4, 5, 5, 5, 5]"
wicked,4.7931,0.4913,29,"[5, 5, 5, 4, 5, 5, 5, 5, 5, 5, 5, 5, 5, 4, 5, 5, 4, 5, 4, 5, 5, 5, 3, 5, 5, 5, 5, 5, 5]"
wine,4.9667,0.1826,30,"[5, 5, 4, 5, 5, 5, 5, 5, 5, 5, 5, 5, 5, 5, 5, 5, 5, 5, 5, 5, 5, 5, 5, 5, 5, 5, 5, 5, 5, 5]"
wireless,4.9667,0.1826,30,"[5, 5, 5, 5, 5, 5, 5, 5, 5, 4, 5, 5, 5, 5, 5, 5, 5, 5, 5, 5, 5, 5, 5, 5, 5, 5, 5, 5, 5, 5]"
wiry,4.1667,0.8743,30,"[3, 4, 5, 4, 5, 5, 4, 4, 4, 2, 4, 4, 3, 5, 5, 3, 3, 4, 3, 5, 3, 4, 5, 5, 5, 5, 5, 4, 5, 5]"
worried,4.8667,0.4342,30,"[5, 5, 5, 5, 5, 5, 5, 5, 5, 5, 5, 5, 5, 5, 4, 5, 5, 5, 5, 4, 5, 5, 5, 3, 5, 5, 5, 5, 5, 5]"
wrathful,4.6333,0.6687,30,"[5, 4, 5, 3, 5, 5, 5, 5, 5, 3, 4, 5, 3, 5, 5, 5, 4, 5, 4, 5, 5, 4, 5, 5, 5, 5, 5, 5, 5, 5]"
ytterbium,1.1379,0.5158,29,"[1, 1, 1, 1, 1, 3, 1, 1, 1, 1, 1, 3, 1, 1, 1, 1, 1, 1, 1, 1, 1, 1, 1, 1, 1, 1, 1, 1, 1]"
yttrium,1.3667,0.8503,30,"[1, 1, 1, 2, 2, 2, 1, 1, 1, 1, 1, 2, 1, 1, 1, 2, 1, 1, 1, 1, 1, 1, 5, 1, 1, 1, 1, 1, 3, 1]"
zesty,4.3667,0.8899,30,"[4, 2, 3, 5, 5, 5, 4, 5, 5, 5, 5, 5, 5, 5, 5, 5, 4, 4, 4, 5, 3, 4, 4, 5, 4, 2, 5, 5, 4, 5]"
zinc,3.9333,0.9072,30,"[3, 3, 4, 5, 3, 5, 4, 5, 5, 4, 5, 5, 3, 5, 4, 4, 4, 4, 4, 3, 2, 5, 3, 3, 3, 5, 3, 3, 4, 5]"
