unit,mean,std,n,individual_ratings
abacus,4.666666667,2.098999071,24,
abdomen,5.434782609,1.996043517,23,
abdominal,3.92,2.271563338,25,
abduct,1.791666667,1.693444308,24,
abide,1.76,1.392838828,25,
ablaze,2.08,1.605199884,25,
able,1.72,1.1,25,
aboard,1.76,1.331665624,25,
abode,3.434782609,2.085144141,23,
abort,1.541666667,1.178767472,24,
about,1.416666667,0.829702234,24,
above,1.4,0.816496581,25,
abrasion,2.304347826,1.520609406,23,
abrasive,1.814814815,1.241495284,27,
abroad,1.814814815,1.732873049,27,
abscess,3.904761905,1.70014005,21,
absent,1.47826087,0.897955517,23,
absinthe,4.590909091,2.0853021,22,
absorb,2.12,1.53622915,25,
absorbent,2.0,1.444630237,24,
abuse,2.321428571,1.806440565,28,
abyss,1.962962963,1.372294022,27,
academy,2.791666667,1.768791449,24,
accelerator,4.037037037,2.42552899,27,
accent,2.423076923,1.921938124,26,
accept,2.041666667,2.053187695,24,
access,2.47826087,1.702126083,23,
accessory,4.72,1.744515214,25,
accident,2.818181818,2.281110081,22,
accordion,5.826086957,1.466355219,23,
account,2.0,1.414213562,23,
accountant,4.666666667,2.140025735,24,
ace,3.166666667,1.992740448,24,
acetylene,2.666666667,1.495090003,18,
ache,2.913043478,2.172410548,23,
aching,1.961538462,1.708350531,26,
acid,3.111111111,1.783111656,27,
acidic,2.083333333,1.585715218,24,
acne,4.391304348,1.827545061,23,
acorn,5.28,1.791647287,25,
acquire,1.608695652,1.233587909,23,
acre,2.217391304,1.475759334,23,
acrid,1.8,1.472555959,20,
acrobat,5.043478261,1.845837107,23,
acrobatics,2.44,2.180978374,25,
action,2.590909091,2.015631554,22,
active,1.888888889,1.502135232,27,
actor,4.739130435,1.737746485,23,
actress,4.92,1.754042949,25,
actuality,1.692307692,1.378962821,26,
acupuncture,5.285714286,1.882810013,28,
ad,2.2,1.443375673,25,
adapter,4.583333333,1.931808494,24,
add,2.285714286,1.511857892,28,
addict,4.391304348,1.900696773,23,
addition,1.785714286,1.571909498,28,
additive,3.52173913,2.019666156,23,
address,1.833333333,1.274044115,24,
adhere,2.08,1.869046103,25,
adhesive,3.541666667,2.08470969,24,
adjacent,1.92,1.630950643,25,
adjourn,2.041666667,1.517411029,24,
adjust,1.875,1.226961606,24,
administer,2.958333333,2.255026591,24,
administration,2.24,1.3,25,
administrator,3.652173913,1.92137961,23,
admiral,4.173913043,2.228986193,23,
admission,2.333333333,2.038098661,27,
adobe,3.142857143,1.532712089,28,
adrift,1.888888889,1.423250163,27,
adult,5.409090909,1.816828501,22,
adulteress,4.208333333,1.977683464,24,
advance,1.68,0.945163125,25,
advantage,2.0,1.718249386,22,
adventurer,3.185185185,1.732873049,27,
advertisement,3.652173913,2.080399779,23,
advertiser,3.576923077,2.138655221,26,
advertising,2.379310345,1.801067007,29,
advice,2.125,1.727337735,24,
adviser,4.083333333,2.185260241,24,
advisor,4.347826087,1.773765785,23,
aerosol,3.8,1.779513042,25,
afar,1.16,0.553774924,25,
affidavit,3.607142857,1.499117906,28,
afford,1.52,1.194431524,25,
aflame,2.19047619,1.66189794,21,
afloat,1.333333333,0.733799386,27,
afraid,1.333333333,0.868114732,24,
afro,4.52,1.98158186,25,
after,1.346153846,1.19807538,26,
afterbirth,3.333333333,2.119611668,24,
aftershave,5.375,1.951866442,24,
age,1.76,1.42243922,25,
agency,3.130434783,2.051703235,23,
agent,3.84,1.907878403,25,
agility,2.52,1.917463602,25,
agriculture,2.434782609,1.700964618,23,
ahead,1.4,0.763762616,25,
aid,2.875,2.006781979,24,
aide,3.083333333,1.767254482,24,
aides,3.28,2.18936825,25,
ailment,3.0,2.121320344,25,
aim,1.96,1.540562668,25,
air,3.791666667,2.431302508,24,
airbase,3.444444444,1.783111656,27,
aircraft,4.925925926,1.79584833,27,
aircraftsman,4.52,2.023198787,25,
aircrew,3.72,1.860107524,25,
airfield,3.541666667,1.382473104,24,
airflow,2.434782609,1.440520328,23,
airlift,2.652173913,1.640639999,23,
airliner,3.826086957,1.96912934,23,
airman,4.36,1.729161647,25,
airplane,4.625,1.883855898,24,
airport,4.130434783,1.659801407,23,
airspace,2.333333333,1.685401943,24,
airstrip,2.92,1.730125236,25,
airway,3.130434783,1.791503884,23,
aisle,3.0,2.093947321,27,
alabaster,2.909090909,2.136064269,22,
alarm,3.291666667,1.756458063,24,
albacore,4.157894737,1.772103518,19,
albatross,3.8,2.092593455,20,
albino,3.444444444,1.967687697,27,
album,5.791666667,1.318073913,24,
alchemist,3.260869565,2.280697487,23,
alcohol,5.833333333,1.464557113,24,
alcoholic,2.625,1.97401599,24,
ale,4.962962963,1.786304339,27,
alehouse,3.416666667,1.954185401,24,
alert,1.84,1.491084616,25,
alfalfa,5.045454545,1.838147948,22,
algae,4.458333333,2.021174146,24,
align,1.72,1.275408431,25,
alive,2.0,1.719453907,24,
all,2.130434783,1.961083834,23,
allergen,3.269230769,2.164397234,26,
allergy,2.80952381,2.135861597,21,
alley,4.142857143,1.671421788,28,
alleyway,3.47826087,2.107768428,23,
alligator,3.608695652,2.189627001,23,
alloy,3.5,2.249444376,26,
allspice,4.086956522,2.193234297,23,
ally,3.185185185,2.094627506,27,
almanac,5.5,1.371478174,22,
almond,5.714285714,1.677583296,21,
aloft,1.769230769,1.422889801,26,
alone,2.208333333,1.887698545,24,
aloof,1.958333333,1.706233244,24,
aloud,1.708333333,1.334465099,24,
alpaca,3.826086957,2.081349517,23,
alphabet,2.52,1.758787461,25,
alphabetically,1.72,1.339153962,25,
altar,4.782608696,1.622470668,23,
altarpiece,4.80952381,1.749829924,21,
alter,3.36,2.099206199,25,
alternator,3.956521739,2.142179452,23,
alto,2.736842105,2.130260945,19,
aluminum,5.083333333,1.665941871,24,
am,1.727272727,1.517573821,22,
amateur,2.52,1.503329638,25,
ambassador,4.2,2.101586702,25,
amber,2.916666667,1.909169331,24,
ambidextrous,2.909090909,2.38864558,22,
amble,1.851851852,1.536822489,27,
ambulance,5.0,1.930614598,23,
ambush,2.071428571,1.719788347,28,
amethyst,3.791666667,2.186503396,24,
ammo,5.32,1.749285568,25,
ammonia,3.615384615,1.834708109,26,
ammonium,3.166666667,1.578845662,24,
ammunition,4.592592593,2.042985358,27,
amount,2.181818182,1.708141949,22,
amphetamine,4.291666667,1.756458063,24,
amphibian,4.357142857,1.747257867,28,
amphibious,1.782608696,1.565436963,23,
amphitheater,3.75,1.939296152,24,
amplifier,4.153846154,2.091742005,26,
amputate,1.75,1.421878733,24,
amputation,3.56,2.218858565,25,
amulet,5.291666667,1.488482351,24,
amuse,1.739130435,1.388831795,23,
an,1.458333333,1.215092291,24,
anaconda,4.148148148,1.994293854,27,
anagram,2.043478261,1.551487874,23,
analgesic,3.5,1.94569121,22,
analogy,1.92,1.730125236,25,
analyst,3.76,2.107130751,25,
anatomist,3.884615385,1.796149728,26,
anchor,5.739130435,1.009833078,23,
anchored,2.541666667,1.718927033,24,
anchorman,4.115384615,1.840150496,26,
anchovy,4.428571429,1.834415265,28,
and,1.25,0.896854406,24,
anesthetic,3.964285714,1.895064601,28,
angel,2.04,1.813835715,25,
anger,2.16,1.545962483,25,
angle,1.782608696,1.241572381,23,
angler,3.833333333,2.31566812,24,
angry,2.130434783,1.937766939,23,
angular,1.666666667,1.090140265,24,
animal,5.958333333,1.545798419,24,
ankle,5.833333333,1.711004451,24,
anklet,5.708333333,1.458980188,24,
annex,2.666666667,1.736229465,24,
announce,2.130434783,1.765949341,23,
announcer,4.296296296,1.957526202,27,
another,2.28,1.968925257,25,
answer,2.416666667,2.20506663,24,
ant,4.84,1.951068084,25,
ante,2.5,1.766082563,22,
anteater,3.913043478,1.951993002,23,
antelope,3.75,2.005427418,24,
antenna,4.695652174,1.987112629,23,
antennae,4.538461538,1.902225417,26,
anthem,2.846153846,1.993836657,26,
anthill,4.12,1.94336478,25,
anthrax,3.0,2.186917624,24,
anthropologist,3.555555556,1.928198309,27,
antibiotics,4.956521739,1.821045176,23,
antifreeze,3.72,1.968925257,25,
antihistamine,5.260869565,1.93572611,23,
antique,4.423076923,1.858452624,26,
antiques,4.68,1.994158135,25,
antiseptic,3.833333333,2.160246899,24,
antiseptics,5.041666667,2.053187695,24,
anus,5.16,1.841195264,25,
anvil,5.24,1.963839776,25,
any,1.416666667,1.017954755,24,
apart,1.782608696,1.241572381,23,
apartment,4.6,1.936491673,25,
apartments,4.851851852,1.994293854,27,
ape,3.869565217,1.841549442,23,
apex,1.961538462,1.148242805,26,
apostrophe,1.523809524,1.077916862,21,
apothecary,4.115384615,2.268513576,26,
apparatus,4.636363636,1.813847648,22,
apparel,5.695652174,1.987112629,23,
appeal,1.652173913,1.112274314,23,
appear,1.72,1.307669683,25,
appease,1.185185185,0.681459804,27,
appendage,5.0,2.0,24,
appendectomy,2.444444444,1.671787006,27,
appetizer,6.12,1.092397974,25,
applaud,3.666666667,2.425707726,24,
applause,2.88,2.297099621,25,
apple,6.272727273,0.767296936,22,
appliance,5.791666667,1.744037461,24,
applicant,3.84,1.748332539,25,
applicator,5.185185185,1.415220479,27,
appraiser,4.428571429,1.793580558,28,
apprentice,4.321428571,1.678923187,28,
approach,2.6,2.041241452,25,
apricot,6.291666667,1.160178647,24,
apron,5.96,1.513274595,25,
aquarium,5.782608696,1.346933276,23,
aqueduct,3.045454545,2.170742088,22,
arachnid,4.904761905,1.786190413,21,
arbor,4.0,2.121320344,21,
arc,2.92,1.913112647,25,
arcade,3.652173913,1.84904633,23,
arch,3.178571429,1.564740457,28,
archaeologist,3.84,1.951068084,25,
archbishop,3.6,1.527525232,25,
archdeacon,3.666666667,2.086370335,18,
archduke,3.347826087,1.92137961,23,
archery,3.64,2.138535324,25,
arches,3.791666667,2.105462185,24,
archipelago,2.352941176,1.578811914,17,
architect,4.208333333,2.021174146,24,
architecture,3.222222222,2.100061049,27,
archives,4.333333333,1.785610763,24,
archivist,3.68,1.81934054,25,
arctic,2.52,1.805547009,25,
are,1.28,0.842614977,25,
area,2.88,1.508862706,25,
argue,1.68,1.435270009,25,
arise,1.92,1.630950643,25,
aristocrat,3.863636364,1.833431717,22,
ark,4.115384615,1.925137358,26,
arm,6.47826087,0.845822097,23,
armada,2.55,1.791059669,20,
armadillo,3.875,1.825245665,24,
armband,5.347826087,1.401580136,23,
armless,1.52,1.194431524,25,
armoire,4.904761905,1.997617629,21,
armor,5.333333333,1.687054785,27,
armory,3.375,1.929462642,24,
armpit,5.52,1.960442127,25,
army,3.48,2.023198787,25,
aroma,2.48,2.084066538,25,
aromatic,2.384615385,1.72225255,26,
around,1.62962963,1.305260014,27,
arouse,1.958333333,1.39810949,24,
arrange,2.217391304,1.953005184,23,
arrangement,3.08,1.934769581,25,
array,2.083333333,1.212853863,24,
arrest,2.48,2.143206321,25,
arrive,1.965517241,1.841636668,29,
arrow,4.92,2.019075696,25,
arrowhead,4.44,2.042873793,25,
arsenal,3.625,1.929462642,24,
arsenic,3.476190476,1.721018525,21,
arson,2.208333333,1.887698545,24,
art,4.16,1.972308292,25,
artery,3.583333333,2.019829237,24,
artichoke,5.708333333,1.545798419,24,
article,3.24,2.184795948,25,
artifact,4.416666667,1.909169331,24,
artillery,4.166666667,1.926173649,24,
artist,4.782608696,1.475759334,23,
arts,3.666666667,2.296815691,24,
asbestos,4.130434783,1.984126733,23,
ascend,2.0,1.351327849,24,
ash,4.333333333,1.833662685,24,
ashcan,4.571428571,1.963961012,21,
ashes,4.862068966,1.684469775,29,
ashtray,5.44,1.781385229,25,
asinine,1.416666667,1.176459932,24,
ask,2.074074074,1.662387669,27,
asleep,2.625,2.222659981,24,
asparagus,5.56,1.529705854,25,
aspect,1.44,1.260952021,25,
aspen,3.153846154,1.804268443,26,
asphalt,5.384615385,1.601921923,26,
asphyxiate,2.476190476,1.833549771,21,
asphyxiation,2.434782609,1.804693048,23,
ass,5.304347826,1.607787373,23,
assailant,4.24,2.087262961,25,
assassin,4.32,1.908751774,25,
assassination,2.222222222,1.783111656,27,
assault,1.916666667,1.529895327,24,
assembly,2.583333333,1.791687732,24,
assemblyman,4.72,1.968925257,25,
asset,3.56,1.938212235,25,
asshole,4.5,1.933683127,24,
assign,1.703703704,1.612804886,27,
assignment,2.47826087,1.441891599,23,
assist,1.88,1.332916602,25,
asterisk,1.76,1.331665624,25,
asteroid,2.083333333,1.742478661,24,
asthma,3.0,2.19089023,26,
astringent,3.384615385,2.246364584,26,
astrologer,4.125,1.541103501,24,
astronaut,4.357142857,1.889822365,28,
astronomer,4.086956522,2.172410548,23,
astrophysicist,3.608695652,2.481552491,23,
asymmetrical,1.347826087,1.112274314,23,
at,2.0,2.105892354,24,
ate,2.416666667,2.124733572,24,
athlete,4.916666667,1.791687732,24,
athletics,3.222222222,2.063106943,27,
atlas,5.166666667,1.711004451,24,
atom,2.608695652,2.310826897,23,
atomizer,3.454545455,2.219551064,22,
attach,2.083333333,1.585715218,24,
attack,1.958333333,1.488482351,24,
attempt,1.958333333,1.39810949,24,
attend,2.08,1.800925688,25,
attendant,5.083333333,1.529895327,24,
attic,4.125,1.596531567,24,
attire,5.086956522,2.087038865,23,
attorney,4.72,2.031419865,25,
attract,2.32,1.930457631,25,
auction,2.833333333,2.119611668,24,
auctioneer,3.703703704,1.659814976,27,
audible,1.740740741,1.258588727,27,
audience,3.818181818,2.038588766,22,
audit,1.791666667,1.250362266,24,
audition,2.56,2.12289111,25,
auditorium,4.392857143,1.314852075,28,
aunt,5.041666667,1.876146992,24,
aura,1.925925926,1.439175136,27,
authentic,1.384615385,1.061203961,26,
author,4.4,2.273030283,25,
auto,4.391304348,2.463167407,23,
autobiography,4.0,2.160246899,25,
autograph,3.56,1.781385229,25,
autographed,1.964285714,1.835496559,28,
automobile,5.64,1.753092506,25,
automotive,4.454545455,2.324348813,22,
autumn,2.4,2.081665999,25,
avalanche,2.925925926,1.639088066,27,
avenue,3.444444444,2.100061049,27,
aviator,4.086956522,2.294520023,23,
avocado,6.24137931,1.184880115,29,
avoid,1.791666667,1.284664283,24,
awake,2.08,1.777638883,25,
award,4.217391304,1.929590671,23,
away,1.655172414,1.541702724,29,
awning,4.565217391,1.949967062,23,
awoke,1.730769231,1.511494421,26,
ax,6.08,1.222020185,25,
axe,6.153846154,1.61721508,26,
axes,4.833333333,1.948615265,24,
axis,2.16,1.724335621,25,
axle,4.904761905,1.757975026,21,
aye,1.285714286,0.783763813,21,
azalea,5.263157895,1.995609215,19,
babble,2.4,1.914854216,25,
babe,4.555555556,1.867399124,27,
baboon,4.25,2.069446471,24,
baby,6.285714286,1.10194633,21,
bachelor,3.730769231,2.324782868,26,
back,3.916666667,2.465706825,24,
backache,2.962962963,2.156947299,27,
backbend,2.2,1.707825128,25,
backboard,4.565217391,2.370770626,23,
backbone,4.64,2.360790828,25,
backdoor,5.2,1.957890021,25,
backdrop,4.041666667,2.074255585,24,
backgammon,4.869565217,1.890270491,23,
background,2.043478261,1.965110704,23,
backless,1.583333333,0.880546602,24,
backpack,5.72,1.242309677,25,
backpedal,3.04,2.130727575,25,
backroom,3.5,1.532261755,24,
backscratcher,5.52,1.326649916,25,
backside,4.24,2.203784623,25,
backstage,2.625,1.526932133,24,
backstroke,2.481481481,1.672638872,27,
backward,2.130434783,1.961083834,23,
backwash,2.739130435,1.959067294,23,
bacon,5.916666667,1.176459932,24,
bacterium,2.217391304,1.475759334,23,
bad,1.888888889,1.804552647,27,
badge,5.72,1.671326818,25,
badger,3.304347826,2.141256696,23,
badminton,4.92,1.846618531,25,
bag,6.038461538,1.708350531,26,
bagful,4.074074074,2.0177277,27,
baggage,5.965517241,1.085052949,29,
bagged,1.708333333,1.122077525,24,
bagpipe,5.761904762,1.261140829,21,
bagpipes,5.0,1.936491673,25,
bail,3.48,2.417298768,25,
bailiff,3.625,1.883855898,24,
bait,4.375,1.714706211,24,
baits,3.782608696,1.929590671,23,
bake,2.791666667,2.021174146,24,
baking,3.0,2.254624876,25,
baklava,5.454545455,1.370688834,22,
balance,3.76,2.005824851,25,
balcony,4.739130435,2.178769279,23,
bald,2.739130435,2.178769279,23,
baldness,2.772727273,1.849885921,22,
bale,3.318181818,1.9612038,22,
balk,2.208333333,1.744037461,24,
ball,6.608695652,0.891328449,23,
ballad,2.32,1.676305461,25,
ballast,3.473684211,2.010207868,19,
ballerina,4.695652174,2.009857132,23,
ballet,2.25,1.45213486,24,
balloon,5.523809524,1.569045813,21,
balloonist,4.275862069,1.906690321,29,
ballot,4.434782609,2.1068306,23,
ballplayer,4.56,1.73397424,25,
ballroom,3.615384615,1.444352397,26,
balm,4.583333333,1.742478661,24,
balmy,2.041666667,1.267629306,24,
balsam,3.714285714,1.82051798,21,
bamboo,5.68,1.70098011,25,
banana,6.107142857,1.448863813,28,
band,4.384615385,2.060619772,26,
bandage,6.304347826,0.875670268,23,
bandit,3.782608696,1.999011613,23,
bandmaster,3.807692308,2.039984917,26,
bandstand,4.227272727,1.797665634,22,
bang,2.08,1.6563011,25,
banging,2.444444444,2.100061049,27,
bangle,5.115384615,1.966253759,26,
banister,5.130434783,1.765949341,23,
banjo,6.291666667,1.122077525,24,
bank,4.72,2.300724524,25,
bankbook,5.363636364,2.150203856,22,
banknote,4.52173913,2.352359844,23,
bankroll,3.52173913,2.192333029,23,
bankrupt,1.363636364,0.789542034,22,
banner,3.909090909,1.874873733,22,
banquet,4.538461538,1.94382652,26,
banshee,2.181818182,1.531770331,22,
banter,3.703703704,2.41493454,27,
baptize,2.391304348,1.802501556,23,
barb,3.636363636,1.705605731,22,
barbecue,4.833333333,1.833662685,24,
barbed,3.16,1.993322185,25,
barber,4.958333333,1.731527766,24,
bare,1.92,1.605199884,25,
barefooted,2.64,2.23383079,25,
bareheaded,1.958333333,1.39810949,24,
bargain,2.64,1.912241268,25,
barge,4.086956522,2.172410548,23,
baritone,3.043478261,2.010840188,23,
bark,3.592592593,2.274596486,27,
barkeep,4.260869565,2.049775848,23,
barking,1.916666667,1.558055272,24,
barley,4.541666667,1.887698545,24,
barman,4.818181818,1.893255288,22,
barn,5.173913043,2.124578545,23,
barnacle,4.260869565,2.027479207,23,
barnyard,3.045454545,1.731425857,22,
barometer,3.782608696,2.087985583,23,
barrack,4.04,1.645195024,25,
barracuda,3.92,1.754042949,25,
barrel,5.304347826,1.607787373,23,
barren,2.260869565,2.049775848,23,
barrette,6.0,1.495090003,18,
barricade,4.28,1.671326818,25,
bartender,4.64,1.439907404,25,
barter,2.217391304,1.782656897,23,
base,3.416666667,2.145098896,24,
baseball,6.037037037,1.531250908,27,
baseboard,5.375,1.929462642,24,
basement,4.6,1.779513042,25,
bash,2.28,1.860107524,25,
basil,5.916666667,1.442120018,24,
basin,4.818181818,1.867934016,22,
bask,1.727272727,1.077113346,22,
basket,6.391304348,1.469048252,23,
basketball,6.25,0.944089163,24,
basketful,3.892857143,2.148889217,28,
bass,4.37037037,2.114931316,27,
bassinet,5.375,1.78915817,24,
bastard,3.25,1.917270436,28,
baste,1.909090909,1.630340044,22,
basting,2.571428571,2.014235055,21,
bat,5.041666667,1.82921144,24,
batch,2.592592593,1.525658981,27,
bath,5.964285714,1.710147121,28,
bathe,5.214285714,2.061231974,28,
bathing,4.0,2.449489743,22,
bathroom,6.0,1.179535649,24,
bathtub,6.565217391,0.992063367,23,
batman,2.173913043,1.749082199,23,
baton,5.913043478,1.311246578,23,
battalion,2.416666667,1.863065885,24,
battery,4.8,1.979057015,25,
battle,3.892857143,2.16605608,28,
battlefield,3.620689655,1.760961448,29,
battlefront,3.076923077,1.937484491,26,
battleground,3.28,1.814754345,25,
battleship,4.36,1.933907961,25,
bawl,1.846153846,1.566966692,26,
bay,3.5,1.817786518,24,
bayonet,4.916666667,1.529895327,24,
bayou,3.217391304,1.832944024,23,
bazaar,3.476190476,2.015416771,21,
bazooka,5.041666667,1.899179838,24,
be,1.652173913,1.525799214,23,
beach,5.666666667,1.522773975,24,
beachwear,6.304347826,0.926124997,23,
beacon,3.041666667,2.01038968,24,
bead,5.545454545,1.405000347,22,
beaded,2.56,1.916594202,25,
beagle,5.2,1.658312395,25,
beaker,5.416666667,1.791687732,24,
beam,3.625,1.689159812,24,
beanpole,3.952380952,1.96153487,21,
beanstalk,4.5,2.041241452,22,
bear,3.608695652,1.777105165,23,
beard,5.565217391,1.854382695,23,
beardless,2.652173913,2.013786475,23,
bearskin,4.230769231,1.839732422,26,
beast,3.608695652,1.924462863,23,
beat,2.76,2.259793501,25,
beater,3.916666667,2.535258612,24,
beating,2.25,1.700383588,24,
beau,3.416666667,2.320357294,24,
beautician,4.608695652,1.900696773,23,
beautiful,1.875,1.541103501,24,
beauty,2.0,1.58113883,25,
beaver,3.826086957,2.348155445,23,
because,1.541666667,1.559798389,24,
bed,6.36,1.319090596,25,
bedclothes,5.708333333,1.601063958,24,
bedfellow,3.954545455,2.058137686,22,
bedpost,5.346153846,1.765045216,26,
bedrock,2.916666667,1.931808494,24,
bedroom,5.708333333,1.232853412,24,
bedside,4.24,2.126812952,25,
bedspread,6.08,1.55241747,25,
bee,4.130434783,2.341412701,23,
beech,3.5,1.886484437,18,
beef,5.714285714,1.536160265,28,
beefcake,4.458333333,1.99954705,24,
beefsteak,5.227272727,1.823962671,22,
beehive,3.608695652,1.777105165,23,
beep,1.84,1.434108318,25,
beer,5.791666667,1.382473104,24,
beet,5.32,1.62583312,25,
beetle,5.166666667,1.948615265,24,
before,1.5,1.444630237,24,
beg,1.695652174,1.743423555,23,
beggar,4.28,1.882374387,25,
begin,1.375,1.055523773,24,
beginning,1.571428571,1.164964745,21,
behead,2.260869565,2.027479207,23,
behind,2.25,2.090350501,24,
beige,1.916666667,1.612900888,24,
belch,3.0,2.186917624,24,
belief,2.0,1.769303474,24,
bell,5.76,1.234233905,25,
bellboy,4.8,1.554563176,25,
belle,2.703703704,1.68282763,27,
bellflower,4.428571429,1.748468718,21,
bellhop,4.115384615,2.026364687,26,
bellman,4.32,1.973153145,25,
belly,5.846153846,1.515052677,26,
belong,1.64,1.496662955,25,
belongings,5.173913043,2.228986193,23,
below,1.4,0.816496581,25,
belt,5.80952381,1.569045813,21,
belted,2.619047619,1.716863142,21,
bench,6.166666667,1.274044115,24,
bend,2.217391304,1.677566466,23,
beneath,1.708333333,1.517411029,24,
bent,1.869565217,1.099766414,23,
benzene,3.083333333,1.729862492,12,
bequeath,1.958333333,1.488482351,24,
beret,5.695652174,1.635814576,23,
berry,5.523809524,1.860619456,21,
beside,1.925925926,1.752491104,27,
bet,2.375,1.714706211,24,
better,1.25,0.607918759,24,
betting,2.666666667,1.632993162,24,
between,1.76,1.588500341,25,
beverage,6.208333333,0.883627241,24,
bib,5.375,1.555145736,24,
bible,5.826086957,1.800307396,23,
bibliography,3.125,1.776966149,24,
bicarbonate,2.772727273,1.900672016,22,
bicep,5.666666667,1.687054785,27,
bicycle,6.08,1.115048579,25,
bid,2.275862069,2.015946281,29,
bifocal,4.9,1.774082417,20,
bifocals,5.875,1.361345243,24,
big,2.653846154,2.481004759,26,
bigot,3.238095238,1.89485519,21,
bike,6.48,0.962635272,25,
bile,3.590909091,1.763629669,22,
bill,5.111111111,1.948043068,27,
billboard,3.592592593,2.098703982,27,
billfold,5.444444444,2.044379412,27,
billiard,3.913043478,1.755848499,23,
billiards,4.925925926,1.662387669,27,
bin,5.260869565,1.763709709,23,
bind,3.2,1.936491673,25,
binding,2.791666667,1.84105751,24,
binge,1.916666667,1.691838893,24,
bingo,3.608695652,2.061313139,23,
binoculars,6.16,1.143095213,25,
biographer,4.214285714,1.812653934,28,
biologist,4.48,1.939071943,25,
biophysicist,3.739130435,1.789296238,23,
birch,3.086956522,1.806881882,23,
bird,4.896551724,1.915068585,29,
birdbath,4.916666667,1.665941871,24,
birdie,4.25,1.897854539,28,
birdseed,5.739130435,1.684620036,23,
birth,2.208333333,1.768791449,24,
birthday,1.576923077,0.986836437,26,
birthmark,4.333333333,1.785610763,24,
biscuit,5.964285714,1.231745009,28,
bison,3.434782609,2.27288537,23,
bisque,4.28,2.031419865,25,
bistro,4.518518519,1.672638872,27,
bit,2.68,1.725301906,25,
bitch,2.833333333,1.809796209,24,
bite,3.72,2.541653005,25,
bitter,2.434782609,2.170590346,23,
black,1.772727273,1.659943148,22,
blackberry,5.416666667,1.767254482,24,
blackbird,3.444444444,1.98713813,27,
blackboard,5.392857143,1.640670272,28,
blackhead,4.739130435,1.657418346,23,
blackheads,4.260869565,2.004934624,23,
blackjack,2.36,1.680277755,25,
blacksmith,3.846153846,1.953300954,26,
bladder,4.24,2.184795948,25,
blade,5.833333333,1.340560125,24,
blame,1.740740741,1.654657589,27,
bland,1.72,1.242309677,25,
blank,1.777777778,1.804552647,27,
blanket,6.56,0.583095189,25,
blast,1.708333333,1.082636342,24,
blaze,2.666666667,1.818706218,27,
blazer,5.652173913,1.747951935,23,
bleach,5.32,1.842100251,25,
bleached,1.961538462,1.535728341,26,
bleacher,5.083333333,1.815792237,24,
bleaching,2.4,1.707825128,25,
bleak,1.75,1.326977605,24,
bleat,1.545454545,1.335496081,22,
bleating,1.4,0.940324692,20,
bleed,3.64,2.497999199,25,
bleep,1.458333333,0.931532943,24,
blemish,3.739130435,1.789296238,23,
blend,1.956521739,1.551487874,23,
blender,5.739130435,1.57299342,23,
bless,1.291666667,0.907896119,24,
blight,1.909090909,1.411149174,22,
blimp,3.769230769,2.268174461,26,
blind,2.2,1.848422751,25,
blindfold,5.125,1.825245665,24,
blindfolded,2.583333333,1.909169331,24,
blindness,2.304347826,1.844766125,23,
blink,3.166666667,2.461294581,24,
blinked,2.652173913,2.347313661,23,
blinks,1.958333333,1.601063958,24,
bliss,1.814814815,1.664956387,27,
blister,5.2,1.755942292,25,
blitz,1.52173913,1.23838477,23,
blizzard,3.48,1.82847842,25,
bloat,2.333333333,1.809796209,24,
blob,3.75862069,1.95768034,29,
block,5.413793103,1.783200201,29,
blockade,2.96,1.813835715,25,
blockage,2.48,1.357694124,25,
bloke,4.541666667,1.614584794,24,
blond,2.347826087,1.873467753,23,
blonde,3.8,2.380476143,25,
blood,5.32,1.519868415,25,
bloodhound,4.833333333,2.014440621,24,
bloodshed,2.48,1.82847842,25,
bloodshot,1.739130435,1.51409713,23,
bloodstain,3.695652174,1.490417349,23,
bloodstained,2.6,1.5,25,
bloodstream,2.739130435,1.657418346,23,
bloodsucker,2.88,2.027313493,25,
bloody,1.869565217,0.919700931,23,
bloom,2.703703704,1.957526202,27,
bloomers,4.4,2.0,25,
blooming,1.652173913,1.228772323,23,
blossom,3.75,2.3819977,24,
blot,2.608695652,1.947939014,23,
blotch,2.333333333,1.551063216,24,
blotter,3.5,2.553769592,24,
blotting,2.6,2.140872096,25,
blouse,6.47826087,0.994053466,23,
blow,2.541666667,1.910592138,24,
blower,4.48,1.960442127,25,
blowfish,3.863636364,1.753783788,22,
blowgun,4.625,2.163180026,24,
blowhole,1.913043478,1.345465228,23,
blowing,3.423076923,2.468571683,26,
blown,2.0,1.5430335,22,
blowpipe,5.0,1.519109051,27,
blowtorch,5.541666667,1.473805092,24,
blubber,3.48,2.063976744,25,
bludgeon,2.714285714,2.077085871,21,
blue,1.4,0.912870929,25,
blueberry,6.0,1.527525232,25,
bluebird,4.208333333,2.206298625,24,
bluebook,4.227272727,2.068627753,22,
bluefish,4.48,1.782320585,25,
bluejay,4.2,1.870828693,25,
blueprint,4.833333333,1.785610763,24,
bluff,2.2,1.632993162,25,
blunt,2.72,1.814754345,25,
blur,1.875,1.483606065,24,
blush,3.0,1.954016842,23,
blushing,1.888888889,1.577079417,27,
boa,4.333333333,1.941450687,27,
boar,4.178571429,2.019416334,28,
board,4.48,2.002498439,25,
boardinghouse,4.565217391,1.727480745,23,
boardroom,4.08,1.846618531,25,
boardwalk,4.086956522,1.378834932,23,
boat,5.130434783,2.051703235,23,
boater,4.12,1.615549442,25,
boathouse,4.52173913,1.903813523,23,
boating,2.958333333,1.852827843,24,
boatman,4.76,1.690167645,25,
bob,3.318181818,2.317354067,22,
bobcat,3.56,2.256102835,25,
bobsleigh,5.64,1.604161255,25,
bobtail,3.48,2.181742423,25,
bodice,4.80952381,1.88730092,21,
body,6.038461538,1.370569786,26,
bodybuilder,4.958333333,1.921936674,24,
bodyguard,4.72,1.926136028,25,
bog,3.740740741,2.176669873,27,
bogey,3.173913043,1.825381004,23,
bogus,1.62962963,1.418236938,27,
boil,2.6,1.755942292,25,
boiling,2.291666667,1.654484464,24,
bolero,3.666666667,1.988059595,15,
bolt,4.925925926,2.302605981,27,
bomb,4.384615385,1.790573608,26,
bombardier,3.894736842,1.940639552,19,
bomber,3.782608696,2.173320077,23,
bombshell,2.652173913,1.84904633,23,
bonbon,4.807692308,2.172910137,26,
bond,1.791666667,1.350657382,24,
bondage,3.5,2.085144141,24,
bondsman,4.416666667,1.815792237,24,
bone,5.259259259,2.067934544,27,
boneless,2.5,2.0,24,
bonfire,4.0,1.78376517,23,
bong,5.6,1.58113883,25,
bonnet,6.043478261,1.521908517,23,
bonsai,3.909090909,2.20192753,22,
bonus,1.814814815,1.331194866,27,
bony,2.625,1.995919751,24,
boogie,2.857142857,2.031888636,21,
book,6.47826087,0.947223945,23,
bookbinder,4.75,1.983628647,24,
bookcase,5.56,1.635033129,25,
bookend,5.291666667,1.966660526,24,
bookie,4.142857143,2.151411497,21,
bookkeeper,4.458333333,2.063748524,24,
booklet,5.5,1.794435844,26,
bookmaker,3.777777778,1.739436985,27,
bookmark,5.857142857,1.353029132,28,
bookmarker,4.576923077,1.836803243,26,
bookseller,5.0,1.632993162,28,
bookshelf,5.727272727,1.120451362,22,
bookshop,3.92,2.32594067,25,
bookwork,2.307692308,1.761118526,26,
bookworm,3.458333333,2.021174146,24,
boom,1.653846154,1.294366492,26,
boomerang,5.666666667,1.372609912,24,
booming,1.653846154,1.354763675,26,
boost,1.916666667,1.501207244,24,
boot,6.555555556,0.847318546,27,
booth,4.92,1.705872211,25,
bootlace,5.64,1.287115638,25,
bootlegger,3.208333333,1.887698545,24,
boots,6.434782609,0.787752093,23,
booze,5.84,1.374772708,25,
bop,3.12,2.166410241,25,
bordello,3.611111111,1.786843714,18,
border,3.125,1.918162617,24,
bordered,1.583333333,1.017954755,24,
bore,2.304347826,2.032347112,23,
borehole,2.5,1.732050808,20,
born,2.416666667,2.062431378,24,
borough,2.130434783,1.486434044,23,
borrow,1.423076923,0.902134222,26,
bosom,5.52,1.503329638,25,
boss,4.083333333,1.839580923,24,
botanist,4.125,1.848912724,24,
botch,1.782608696,1.650248514,23,
both,1.47826087,1.274561073,23,
bother,1.956521739,1.718304155,23,
bottle,5.464285714,1.752926502,28,
bottleneck,3.541666667,2.302723655,24,
bottom,3.08,1.956186767,25,
bought,1.92,1.605199884,25,
bouillon,3.636363636,2.036464129,22,
boulder,4.958333333,1.852827843,24,
boulevard,3.4,1.914854216,25,
bounce,3.08,2.234576768,25,
bouncy,2.0,1.532261755,24,
bound,2.0,1.615145706,24,
bounty,3.125,2.132818099,24,
bouquet,4.909090909,2.068104513,22,
bourbon,5.173913043,1.77487961,23,
bout,1.916666667,1.529895327,24,
boutique,4.692307692,1.827987544,26,
bowel,4.043478261,2.120854478,23,
bowels,3.925925926,2.40073588,27,
bowing,2.52173913,1.997033373,23,
bowl,6.16,1.21380943,25,
bowlful,2.956521739,2.142179452,23,
bowling,5.0,1.905158689,28,
box,6.291666667,1.041702898,24,
boxer,4.608695652,1.900696773,23,
boxing,3.461538462,2.231246633,26,
boy,4.962962963,1.720498172,27,
boycott,2.565217391,2.1068306,23,
boyfriend,6.310344828,0.967450563,29,
bra,6.52173913,0.790256875,23,
brace,5.04,1.743559577,25,
bracelet,6.5,0.932504808,24,
bracket,3.25,1.961587644,24,
braid,5.64,1.254325848,25,
braiding,4.074074074,2.164857891,27,
bran,4.407407407,2.188418102,27,
branch,4.821428571,1.963624227,28,
branching,2.076923077,1.809377283,26,
brand,2.47826087,1.647851638,23,
brandy,5.64,1.496662955,25,
brass,4.4,1.979057015,25,
brassiere,5.666666667,1.559914528,21,
brassy,2.0,1.732050808,21,
brat,3.28,1.671326818,25,
bratwurst,5.434782609,1.590485545,23,
brave,1.407407407,1.217161239,27,
bravery,2.0,1.477097892,23,
brawl,3.416666667,2.412227307,24,
brawler,3.695652174,1.96410476,23,
brazen,1.25,0.675663925,24,
brazier,4.16,2.115025611,25,
brazil,2.6,1.914854216,25,
bread,6.230769231,1.305609201,26,
breadbasket,5.222222222,1.908147175,27,
breadboard,5.44,1.73397424,25,
breadfruit,4.166666667,1.617914416,18,
break,2.041666667,1.082636342,24,
breakable,2.181818182,1.680032983,22,
breakfast,6.173913043,1.466355219,23,
breaking,1.916666667,1.501207244,24,
breakwater,3.714285714,2.194148061,21,
breast,5.4,1.802775638,25,
breastbone,5.318181818,1.783158344,22,
breastfeed,3.434782609,2.483144761,23,
breastplate,5.136363636,1.958995237,22,
breasts,6.173913043,1.154129893,23,
breaststroke,2.739130435,1.51409713,23,
breath,3.346153846,2.261721604,26,
breathe,3.24,2.504662319,25,
breathing,2.4,2.160246899,25,
breathless,2.653846154,2.314170395,26,
bred,2.227272727,1.797665634,22,
breech,1.75,1.073393643,24,
breeches,4.666666667,2.239306311,24,
breed,3.666666667,2.075498087,27,
breeze,2.814814815,1.798226413,27,
breezy,2.652173913,1.991086858,23,
brew,4.173913043,2.249286228,23,
bribe,2.217391304,1.475759334,23,
brick,5.64,1.976528944,25,
bricklayer,4.84,1.404753834,25,
brickwork,4.777777778,1.846687957,27,
brickyard,4.0,1.848422751,25,
bridegroom,4.384615385,2.118054259,26,
bridesmaid,5.08,1.630950643,25,
bridge,5.52173913,1.927541185,23,
bridgework,3.64,1.933907961,25,
brief,2.375,1.689159812,24,
briefcase,6.25,1.032093693,24,
briefs,5.64,1.997498436,25,
brig,2.904761905,1.89485519,21,
brigade,2.24,1.71464282,25,
bright,1.36,0.810349719,25,
brilliant,2.260869565,1.982133637,23,
brim,2.695652174,1.663369598,23,
brimstone,3.041666667,2.031901373,24,
brine,4.192307692,1.625281041,26,
bring,1.565217391,1.160959124,23,
brisket,5.291666667,1.517411029,24,
bristle,3.590909091,2.0853021,22,
bristled,2.5,1.841549442,24,
bristly,1.681818182,1.249242195,22,
brittle,1.916666667,1.138903617,24,
broach,5.041666667,1.944427191,24,
broad,2.28,1.768238295,25,
broadcaster,4.0,1.683250823,25,
broccoli,5.04,2.188606863,25,
brochure,6.2,1.258305739,25,
broil,1.956521739,1.551487874,23,
broiler,5.25,1.35934767,24,
broke,1.653846154,1.129329277,26,
broken,2.083333333,1.742478661,24,
broker,4.464285714,1.400585667,28,
brokerage,1.703703704,1.265361451,27,
bronchial,2.833333333,2.200131748,24,
brontosaurus,2.0,1.474419562,24,
bronze,3.535714286,1.794686455,28,
brooch,5.130434783,1.455533261,23,
brood,2.434782609,1.804693048,23,
brook,3.166666667,1.711004451,24,
broom,6.416666667,1.059805834,24,
broomstick,6.043478261,1.186218624,23,
broth,5.321428571,1.564740457,28,
brothel,3.791666667,1.718927033,24,
brother,5.043478261,1.89444789,23,
brow,4.416666667,2.145098896,24,
brown,2.25,1.858414298,28,
brownstone,3.52,1.734935157,25,
browse,1.695652174,1.459600898,23,
bruise,3.68,2.286190427,25,
brunch,3.96,2.091251619,25,
brunette,3.666666667,2.057154359,24,
brunt,2.285714286,1.901127485,21,
brush,6.043478261,1.609016099,23,
brushes,4.857142857,2.197401062,21,
brushfire,3.416666667,2.124733572,24,
brushwood,3.9,2.149663376,20,
brute,2.47826087,1.927541185,23,
bubble,4.64,1.704894914,25,
bubbling,2.16,1.675310916,25,
bubbly,2.0,1.279204298,23,
buccaneer,3.826086957,2.037203384,23,
buck,4.291666667,1.899179838,24,
bucket,6.0,1.467598771,27,
bucketful,2.777777778,1.908147175,27,
buckle,4.846153846,1.953300954,26,
buckskin,4.227272727,1.823962671,22,
bucktooth,3.782608696,2.043982782,23,
buckwheat,4.44,1.781385229,25,
bud,3.652173913,2.186917624,23,
buddy,4.916666667,1.717345441,24,
budge,2.12,1.563116545,25,
budget,1.88,1.6663333,25,
buff,1.916666667,1.791687732,24,
buffalo,4.692307692,2.16830313,26,
buffer,2.375,1.764689898,24,
buffet,5.409090909,1.593411761,22,
buffoon,2.666666667,1.761093205,24,
bug,5.296296296,1.750050874,27,
buggy,3.954545455,2.235583928,22,
bugle,4.541666667,1.933214639,24,
build,2.92,2.253145949,25,
builder,4.826086957,1.825381004,23,
building,5.208333333,1.768791449,24,
built,1.230769231,0.5144078,26,
bulb,5.391304348,1.947939014,23,
bulge,3.47826087,2.019666156,23,
bulk,1.769230769,1.274604011,26,
bulkhead,3.695652174,1.717153633,23,
bulky,2.0,1.38443731,25,
bull,3.782608696,2.373270121,23,
bulldoze,2.227272727,1.477830398,22,
bulldozer,4.565217391,1.854382695,23,
bullet,5.772727273,1.30682524,22,
bulletin,4.192307692,2.172910137,26,
bulletproof,1.576923077,1.137473584,26,
bullfight,2.62962963,1.445101757,27,
bullfighter,4.6,1.936491673,25,
bullfrog,4.884615385,1.773740073,26,
bullring,3.65,2.433861995,20,
bully,4.857142857,1.778769565,28,
bum,4.346153846,1.978733083,26,
bumblebee,3.8,1.870828693,25,
bump,3.434782609,1.700964618,23,
bumpy,2.818181818,2.061815281,22,
bun,5.916666667,1.31601066,24,
bunch,3.125,1.918162617,24,
bundle,2.958333333,1.876146992,24,
bungalow,3.64,1.933907961,25,
bunghole,3.666666667,2.435843454,21,
bunion,4.36,2.360790828,25,
bunk,4.260869565,2.136636935,23,
bunker,4.038461538,1.969381004,26,
bunkhouse,4.625,1.906795628,24,
bunkmate,4.458333333,1.933214639,24,
bunny,4.5,1.895413568,28,
bunt,2.523809524,1.691716513,21,
bunting,3.695652174,2.076596486,23,
buoy,5.125,1.776966149,24,
burden,2.5,1.911066172,24,
bureau,4.037037037,2.244334431,27,
bureaucrat,4.0,1.705605731,23,
burger,6.111111111,1.739436985,27,
burglar,4.260869565,1.959067294,23,
burglarize,1.458333333,1.062366786,24,
burgundy,1.708333333,1.39810949,24,
buried,2.5,2.063976744,26,
burlap,5.333333333,1.712697677,21,
burlesque,2.214285714,1.771317628,28,
burn,3.185185185,2.166831026,27,
burning,2.375,1.97401599,24,
burnt,2.083333333,1.612900888,24,
burp,2.857142857,1.994701977,28,
burr,3.454545455,2.132007164,22,
burrow,2.818181818,1.991323169,22,
burst,1.814814815,1.468569085,27,
bus,5.192307692,1.549689795,26,
bush,4.8,1.979057015,25,
bushel,4.12,1.452583905,25,
bushman,3.611111111,1.613869624,18,
business,2.166666667,1.239448218,24,
businessman,5.25,1.893926219,24,
businesswoman,5.08,2.215851981,25,
busman,4.68,2.322355126,25,
bust,3.846153846,2.292462566,26,
bustle,2.730769231,1.845159989,26,
but,1.583333333,1.176459932,24,
butch,1.814814815,1.359780441,27,
butcher,4.739130435,1.863949651,23,
butler,3.88,1.877942136,25,
butt,5.652173913,1.191206251,23,
butter,6.217391304,1.312752893,23,
buttercup,5.48,1.417744688,25,
butterfat,3.772727273,1.823962671,22,
butterfly,4.25,2.090350501,24,
buttermilk,4.826086957,2.059394746,23,
butternut,3.740740741,2.086450659,27,
butterscotch,4.769230769,2.065094522,26,
buttery,1.869565217,1.632186148,23,
buttock,5.25,1.77543626,24,
buttocks,6.434782609,0.992063367,23,
button,6.153846154,1.317339977,26,
buttoned,2.916666667,2.062431378,24,
buttonhole,5.074074074,1.858989095,27,
buttonhook,4.45,1.791059669,20,
buttress,2.5,1.877848713,20,
buy,1.88,1.452583905,25,
buzz,1.958333333,1.122077525,24,
buzzard,3.086956522,1.975141962,23,
buzzer,4.045454545,2.214180978,22,
buzzing,1.68,0.988264472,25,
by,1.347826087,0.934621734,23,
bye,2.392857143,1.87259546,28,
bypass,3.043478261,1.941842164,23,
bystander,4.791666667,1.955575456,24,
cab,5.6,1.290994449,25,
cabbage,5.608695652,1.499670583,23,
cabby,4.125,2.006781979,24,
cabdriver,5.12,1.615549442,25,
cabin,4.56,1.757839583,25,
cabinet,5.64,1.350308607,25,
cable,4.913043478,1.621252139,23,
caboose,4.0,1.690308509,22,
cache,2.727272727,1.695422919,22,
cacti,4.333333333,2.183856856,27,
cactus,4.5,2.206709137,24,
cadaver,4.24,2.146314671,25,
caddie,3.8,1.673320053,20,
caddy,4.913043478,1.378834932,23,
cadet,4.291666667,1.921936674,24,
cadillac,5.12,1.810156531,25,
cafe,4.772727273,2.022064437,22,
cafeteria,4.8,1.414213562,25,
caffeine,3.416666667,2.263446135,24,
cage,5.291666667,1.627993341,24,
cake,6.086956522,1.411415907,23,
calculator,6.24,1.331665624,25,
calender,5.84,1.34412301,25,
calf,5.08,1.630950643,25,
calfskin,3.96,2.15019379,25,
calipers,4.666666667,2.275185836,18,
call,2.434782609,1.804693048,23,
calligrapher,4.0,1.933683127,24,
calligraphy,2.576923077,1.747525723,26,
calm,1.875,1.701980943,24,
calmness,1.608695652,1.076151833,23,
calves,5.0,1.5,25,
camel,4.52173913,1.855448126,23,
camera,6.086956522,1.345465228,23,
cameraman,4.086956522,2.06514458,23,
camisole,5.476190476,1.749829924,21,
camouflage,2.875,1.825245665,24,
camp,3.75,1.860248993,20,
campaign,2.28,1.671326818,25,
campground,4.230769231,1.632364967,26,
camping,3.034482759,2.129432497,29,
campsite,4.136363636,2.007022304,22,
campus,3.583333333,2.083405796,24,
can,4.88,2.047763007,25,
canal,3.47826087,1.879786381,23,
canary,3.807692308,2.172910137,26,
cancer,4.0,2.357022604,28,
candelabra,4.25,2.425196682,20,
candidate,4.739130435,1.657418346,23,
candle,5.166666667,2.239306311,24,
candlelight,3.814814815,2.219442706,27,
candlepower,2.142857143,1.681835732,21,
candlestick,6.0,1.166190379,26,
candy,6.4,0.957427108,25,
cane,6.068965517,1.193166091,29,
canine,5.375,1.689159812,24,
cannabis,5.666666667,1.493949148,24,
cannibal,3.178571429,2.126613922,28,
canning,2.777777778,2.063106943,27,
cannon,3.608695652,2.147707667,23,
cannonball,4.304347826,2.162380477,23,
canoe,5.818181818,1.622354657,22,
canoeing,3.043478261,1.941842164,23,
canon,3.833333333,2.200131748,24,
cantaloupe,5.666666667,1.659404468,24,
canteen,5.607142857,1.39680285,28,
canter,1.727272727,1.120451362,22,
canvas,5.590909091,1.501081861,22,
canvass,4.347826087,2.327868624,23,
cap,5.826086957,1.52709391,23,
capacitor,4.375,1.739877557,24,
capacity,1.8,1.354006401,25,
cape,5.416666667,1.717345441,24,
caper,3.407407407,1.865872847,27,
capes,4.481481481,1.649484077,27,
capital,2.428571429,1.874360561,28,
capitol,2.608695652,2.126438132,23,
capsule,5.041666667,1.706233244,24,
captain,4.913043478,1.831865504,23,
captive,2.47826087,1.728624393,23,
capture,2.0,1.527525232,25,
car,6.035714286,1.527092198,28,
caramel,5.28,1.486606875,25,
caravan,4.217391304,2.087985583,23,
carbohydrate,4.2,1.779513042,25,
carbon,3.153846154,2.013798554,26,
carbonation,2.44,1.609347694,25,
carcass,4.043478261,2.20491725,23,
card,5.56,2.022374842,25,
cardboard,5.739130435,1.355708178,23,
cardigan,6.130434783,1.289973496,23,
cardiogram,3.545454545,2.040711191,22,
cardiograph,3.615384615,1.877805593,26,
career,2.6,2.041241452,25,
caress,2.791666667,1.977683464,24,
caretaker,5.071428571,1.824292281,28,
cargo,4.173913043,1.92240791,23,
caribou,3.62962963,1.904410835,27,
caricature,3.115384615,2.103842638,26,
caricaturist,3.75,2.171955641,24,
carload,2.64,1.912241268,25,
carnage,1.923076923,1.494605685,26,
carnal,1.875,1.596531567,24,
carnation,4.083333333,2.375905624,24,
carnival,5.125,1.483606065,24,
carnivore,3.851851852,2.070000069,27,
carol,2.04,1.619670748,25,
carp,4.52173913,1.903813523,23,
carpenter,5.464285714,1.502643174,28,
carpet,6.041666667,0.85867272,24,
carpetbag,3.875,1.962972458,24,
carpetbagger,3.347826087,1.944892978,23,
carpeting,5.115384615,1.840150496,26,
carport,4.28,2.20831761,25,
carriage,5.08,1.6563011,25,
carrier,3.956521739,1.918291401,23,
carrot,6.043478261,1.429502802,23,
carry,2.8,2.121320344,25,
carryall,4.25,2.090350501,24,
carrying,2.25,1.983628647,24,
carsick,2.636363636,1.865615041,22,
carsickness,2.833333333,2.014440621,24,
cart,5.4,1.471960144,25,
cartel,2.52173913,1.927541185,23,
cartilage,3.958333333,1.573673815,24,
cartographer,4.076923077,1.809377283,26,
carton,5.0,1.892969449,25,
cartoon,1.916666667,1.471960144,24,
cartoonist,4.0,1.758098146,23,
cartridge,5.12,1.833030278,25,
cartwheel,3.227272727,2.223935126,22,
carve,2.481481481,1.928936941,27,
carving,4.16,2.173323108,25,
cascade,1.608695652,1.157549545,23,
case,4.272727273,2.207817672,22,
casebook,5.391304348,1.529680015,23,
caseworker,4.32,2.014944168,25,
cash,6.36,1.254325848,25,
cashier,4.888888889,1.825741858,27,
cashmere,4.875,1.727337735,24,
casket,4.714285714,1.553797192,21,
casserole,5.88,1.36381817,25,
cassette,5.148148148,1.812429388,27,
cast,3.916666667,2.145098896,24,
caste,2.0,1.345185418,22,
caster,2.5,1.566007967,22,
castle,4.307692308,2.131088563,26,
castrate,3.04,2.111081871,25,
casual,2.28,2.092048438,25,
cat,5.913043478,1.649050511,23,
catacomb,4.181818182,1.893255288,22,
catalogue,5.916666667,1.380506103,24,
catapult,4.84,1.675310916,25,
cataract,3.045454545,2.011331535,22,
catch,2.32,1.842100251,25,
caterer,4.166666667,1.833662685,24,
catering,2.346153846,1.787563877,26,
caterpillar,5.083333333,1.767254482,24,
catfish,5.0,1.351327849,24,
cathedral,4.5,2.02162225,24,
catnap,2.333333333,1.903467469,24,
catnip,4.52,1.917463602,25,
catsup,5.074074074,1.998574991,27,
cattle,4.625,2.081230823,24,
catwalk,4.652173913,2.013786475,23,
caucasian,3.708333333,2.367885989,24,
caught,2.037037037,1.675191871,27,
cauldron,4.8,1.936491673,25,
cauliflower,5.269230769,1.929926264,26,
cause,1.608695652,1.196173081,23,
causeway,2.5,1.819209666,22,
cauterize,2.115384615,1.608152308,26,
cavalryman,4.291666667,1.921936674,24,
cave,3.625,1.739877557,24,
caveman,2.541666667,2.063748524,24,
cavern,3.8,1.658312395,25,
caviar,4.818181818,1.893255288,22,
cayenne,5.347826087,1.640639999,23,
cedar,4.583333333,1.691838893,24,
ceiling,2.5,1.42126704,26,
celery,6.086956522,0.949308048,23,
cell,3.434782609,1.97313979,23,
cellar,4.6,1.802775638,25,
cellist,4.869565217,2.051703235,23,
cello,5.038461538,1.989588284,26,
cellophane,4.703703704,1.957526202,27,
celluloid,2.260869565,1.543826159,23,
cellulose,3.04,1.695090951,25,
cement,5.04,2.071231518,25,
cemetery,4.217391304,1.782656897,23,
censor,2.333333333,1.852925615,21,
census,1.791666667,1.062366786,24,
cent,5.12,2.166410241,25,
centaur,2.0,1.719453907,24,
center,2.222222222,1.98713813,27,
centerline,2.304347826,1.362977443,23,
centimeter,1.64,1.186029792,25,
centipede,5.25,1.77543626,24,
central,1.62962963,1.418236938,27,
centrifuge,3.904761905,2.071346468,21,
century,1.304347826,0.558795995,23,
ceramic,4.62962963,2.289577525,27,
ceramics,5.458333333,1.318073913,24,
cereal,5.958333333,1.627993341,24,
cerebellum,3.185185185,2.112909715,27,
cerebrum,2.666666667,2.056883378,27,
ceremony,3.037037037,1.931151141,27,
certificate,5.041666667,1.805286119,24,
certification,1.666666667,1.176696811,27,
cervical,2.2,1.443375673,25,
cervix,4.739130435,2.115256084,23,
chafe,2.444444444,1.854159782,18,
chain,5.958333333,1.428869017,24,
chair,6.88,0.331662479,25,
chairman,4.965517241,1.860928313,29,
chairperson,4.44,1.894729532,25,
chairwoman,4.347826087,1.555304579,23,
chalet,4.416666667,1.88625847,24,
chalice,5.208333333,1.768791449,24,
chalk,5.92,1.320353488,25,
chalky,1.896551724,1.496300858,29,
chamber,3.260869565,1.93572611,23,
chambermaid,4.727272727,2.004324329,22,
chameleon,4.25,1.510830466,24,
champ,3.32,1.81934054,25,
champagne,5.583333333,1.639635873,24,
chancellor,3.291666667,1.781039429,24,
chandelier,4.24,1.920937271,25,
change,2.96,2.009975124,25,
channel,2.583333333,1.100065874,24,
chant,3.857142857,2.320828168,28,
chanter,2.823529412,2.007339474,17,
chanting,2.043478261,1.770420106,23,
chap,3.0,2.067057637,23,
chapel,4.52,1.939071943,25,
chaperon,3.761904762,1.89485519,21,
chaperone,4.08,1.754042949,25,
chaplain,4.72,2.111871208,25,
chapter,2.2,1.471960144,25,
charcoal,4.740740741,1.89315757,27,
charge,1.869565217,1.423962073,23,
charm,3.0,2.059126028,26,
charred,2.260869565,1.814522008,23,
chart,4.428571429,1.772810521,28,
charter,2.173913043,1.850114835,23,
charting,1.782608696,1.204405615,23,
chartreuse,2.0625,1.842778699,16,
chase,2.043478261,1.795911034,23,
chasm,2.181818182,1.592732412,22,
chat,2.958333333,2.330873445,24,
chateau,4.095238095,1.786190413,21,
chauffeur,4.84,1.885912688,25,
cheat,1.833333333,1.403928236,24,
check,4.045454545,2.148693351,22,
checkbook,5.666666667,1.434563005,24,
checker,3.84,2.230097158,25,
checkerboard,5.391304348,2.061313139,23,
checklist,4.464285714,1.99038695,28,
checkout,3.111111111,1.846687957,27,
checkpoint,3.576923077,2.138655221,26,
checkroom,3.541666667,1.977683464,24,
cheddar,5.291666667,1.680558051,24,
cheek,5.481481481,1.847459178,27,
cheekbone,4.88,2.127596453,25,
cheer,2.045454545,1.587968835,22,
cheering,2.375,1.813296302,24,
cheerleader,5.285714286,1.843047855,28,
cheese,6.391304348,1.033050665,23,
cheesecake,6.458333333,0.883627241,24,
cheesecloth,5.52173913,2.064187386,23,
cheetah,3.884615385,1.986492851,26,
chef,4.64,1.704894914,25,
chemicals,5.04,1.695090951,25,
chemistry,2.173913043,1.669299633,23,
chemotherapy,2.652173913,1.824298013,23,
cherry,5.454545455,1.738287957,22,
cherub,2.347826087,1.465006846,23,
chessboard,6.04,1.171893055,25,
chest,5.851851852,1.586086226,27,
chestnut,5.555555556,1.552500052,27,
chevy,4.956521739,2.055552588,23,
chew,3.555555556,2.485857433,27,
chick,4.47826087,2.313391159,23,
chicken,5.5,1.719453907,24,
chickenfeed,4.72,2.010804151,25,
chickenpox,3.92,1.998332638,25,
chicory,3.761904762,1.89485519,21,
chief,4.12,1.9,25,
chiffon,3.761904762,2.233937374,21,
chihuahua,6.25,1.205696356,28,
child,5.695652174,1.717153633,23,
childbirth,4.391304348,2.330414135,23,
children,5.52,1.851125784,25,
chili,5.291666667,1.852827843,24,
chill,1.962962963,1.604835996,27,
chilly,1.92,1.525341492,25,
chime,3.0,2.022599587,23,
chimney,4.730769231,1.778936588,26,
chimp,4.24,1.832120811,25,
chimpanzee,4.260869565,2.359071298,23,
chin,5.884615385,1.65715233,26,
chinaware,5.913043478,1.239979599,23,
chinchilla,4.925925926,1.899917527,27,
chip,5.181818182,1.967264565,22,
chipmunk,3.75,1.621861518,24,
chiropractor,5.5,1.401057801,28,
chirp,1.782608696,1.506245234,23,
chirping,1.269230769,0.603833905,26,
chisel,5.333333333,1.980675875,27,
chloride,3.347826087,1.799209313,23,
chlorine,2.652173913,1.824298013,23,
chloroform,3.545454545,2.197992,22,
chlorophyll,2.8,1.914854216,25,
chocolate,6.307692308,0.837578929,26,
choir,3.5,1.888178326,24,
choirboy,4.181818182,1.918242341,22,
choke,3.2,2.362907813,25,
choking,2.846153846,2.072530968,26,
chomp,3.75,2.254624876,28,
choose,1.772727273,1.192509087,22,
chop,2.47826087,1.805787796,23,
chophouse,3.125,1.80126767,24,
choppers,3.526315789,1.645479365,19,
chopstick,5.625,1.526932133,24,
chopsticks,6.391304348,1.233587909,23,
chord,2.347826087,1.721751108,23,
chore,2.52,1.82847842,25,
choreographer,4.826086957,1.945908853,23,
chorus,2.954545455,1.812056783,22,
chow,4.642857143,1.889822365,28,
chowder,4.96,2.111081871,25,
christmas,1.777777778,1.395964881,27,
chrome,3.47826087,2.064187386,23,
chromosome,1.791666667,0.9770927,24,
chronograph,4.684210526,1.916380604,19,
chronometer,4.5,1.977818168,18,
chrysanthemum,5.727272727,1.667099511,22,
chubby,3.130434783,2.201329099,23,
chuck,3.12,2.006655592,25,
chuckle,1.869565217,1.391674852,23,
chug,2.333333333,1.527525232,21,
chum,4.217391304,2.255428235,23,
chump,2.090909091,1.687745493,22,
Chunk,3.32,2.161254,50,
chunky,2.041666667,1.706233244,24,
church,4.148148148,2.070000069,27,
churchgoer,4.095238095,1.757975026,21,
churchyard,4.25,1.961587644,24,
churn,2.826086957,2.014767614,23,
chute,4.12,1.6663333,25,
cider,4.958333333,2.330873445,24,
cigar,5.962962963,1.159624657,27,
cigarette,6.272727273,1.2024506,22,
cinch,2.0,1.414213562,24,
cinder,3.36,2.099206199,25,
cipher,2.791666667,2.063748524,24,
circle,2.793103448,2.14441651,29,
circuit,3.076923077,1.764609349,26,
circuitry,4.16,1.907878403,25,
circular,1.791666667,1.178767472,24,
circumcise,2.260869565,1.93572611,23,
circumcision,3.72,2.406934426,25,
circumference,1.913043478,1.474419562,23,
circus,3.72,1.768238295,25,
cite,2.416666667,2.062431378,24,
citizen,3.826086957,2.145866511,23,
citrus,4.6,1.802775638,25,
city,2.925925926,1.752491104,27,
clad,2.115384615,1.65715233,26,
claim,1.583333333,1.176459932,24,
clam,4.375,1.764689898,24,
clambake,4.04,1.645195024,25,
clammy,1.708333333,1.267629306,24,
clamor,1.857142857,1.352246808,21,
clamp,5.36,1.776701063,25,
clamshell,4.347826087,2.058434879,23,
clan,3.16,2.075250989,25,
clang,1.846153846,1.515052677,26,
clank,1.47826087,0.790256875,23,
clanking,1.869565217,1.455533261,23,
clap,4.04,2.226357264,25,
clapped,3.5,2.359071298,24,
clapping,4.0,2.390457219,22,
clarinet,5.923076923,1.494605685,26,
clash,1.64,1.075484387,25,
clasp,4.083333333,2.394135347,24,
clasping,2.583333333,1.839580923,24,
class,2.916666667,1.863065885,24,
classmate,5.363636364,1.465328,22,
classroom,4.125,1.752327645,24,
clatter,1.92,1.605199884,25,
clause,1.869565217,1.358620551,23,
claw,4.391304348,2.147707667,23,
clay,5.52,1.417744688,25,
clean,2.52173913,2.064187386,23,
cleaning,3.458333333,2.166527309,24,
cleanness,2.285714286,1.978722799,28,
cleanse,2.2,1.870828693,25,
clear,1.592592593,1.421246995,27,
clearing,3.083333333,2.062431378,24,
cleat,4.5,2.19544984,26,
cleavage,4.625,1.813296302,24,
cleave,3.36,2.289104628,25,
cleavers,5.48,1.758787461,25,
clef,2.086956522,1.239979599,23,
cleft,2.2,1.196486083,20,
clench,2.56,1.980740602,25,
clergy,4.48,1.530795,25,
clergyman,4.652173913,2.080399779,23,
cleric,3.208333333,2.08470969,24,
clerk,4.68,1.749285568,25,
click,2.84,2.357258294,25,
client,4.545454545,1.738287957,22,
cliff,4.64,1.439907404,25,
climate,2.166666667,1.578845662,24,
climax,2.074074074,1.591465844,27,
climb,2.782608696,2.109642834,23,
climbing,3.2,2.397915762,25,
clinch,2.565217391,2.063229749,23,
cling,2.103448276,1.933627745,29,
clingy,2.083333333,1.815792237,24,
clinic,3.48,2.143206321,25,
clink,1.826086957,1.114049693,23,
clinking,2.08,1.823915203,25,
clip,4.833333333,1.785610763,24,
clipboard,5.652173913,1.612696659,23,
clipper,4.923076923,1.895744222,26,
clipping,3.84,1.795364401,25,
clips,4.52,2.043689474,25,
clique,2.37037037,1.572556668,27,
clitoris,6.090909091,1.064987856,22,
cloak,5.791666667,1.531670491,24,
cloakroom,3.260869565,1.839401862,23,
clobber,2.92,2.080064102,25,
clock,4.714285714,2.015810523,28,
clog,3.384615385,1.76809328,26,
clone,2.636363636,1.590012116,22,
close,1.625,0.969648076,24,
closed,1.96,1.813835715,25,
closer,2.041666667,1.966660526,24,
closet,4.962962963,2.009237924,27,
clot,2.47826087,1.377400886,23,
cloth,5.961538462,1.509457366,26,
clothe,4.130434783,2.006905076,23,
clothes,6.08,1.469693846,25,
clothesline,5.333333333,1.685401943,24,
clothespin,5.12,1.94336478,25,
clothier,4.045454545,2.192569111,22,
clothing,6.666666667,0.816496581,24,
cloud,1.652173913,0.98205238,23,
cloudburst,2.347826087,1.747951935,23,
cloudiness,1.541666667,1.141287094,24,
cloudy,1.222222222,0.640512615,27,
clove,5.086956522,2.108705839,23,
clover,4.695652174,1.769303474,23,
cloverleaf,4.565217391,1.926515624,23,
clown,3.96,2.169485346,25,
club,5.458333333,1.864523874,24,
clubfoot,2.739130435,1.51409713,23,
clubhouse,4.28,2.072036036,25,
cluck,2.125,1.80126767,24,
clue,2.541666667,1.667572218,24,
clump,3.958333333,2.115762103,24,
clumsy,1.5,1.142080481,24,
clunk,2.642857143,1.63784605,28,
cluster,2.818181818,1.708141949,22,
clutter,4.137931034,2.048067694,29,
coach,4.0,2.101586702,25,
coachman,4.739130435,1.839401862,23,
coagulation,2.25,1.750776225,24,
coal,4.875,1.752327645,24,
coalmine,3.458333333,1.768791449,24,
coarse,1.666666667,1.129319405,24,
coast,2.68,1.842100251,25,
coaster,5.333333333,1.551063216,24,
coastguard,3.555555556,1.694637091,27,
coastline,3.428571429,2.134746556,21,
coat,6.565217391,0.727766631,23,
coated,2.2,1.527525232,25,
coauthor,2.909090909,1.770366949,22,
coax,1.916666667,1.665941871,24,
coaxial,3.772727273,2.266354702,22,
cob,4.636363636,1.705605731,22,
cobalt,2.541666667,1.718927033,24,
cobbler,4.12,2.260530911,25,
cobblestone,5.086956522,1.904851306,23,
cobra,3.826086957,2.059394746,23,
cobweb,4.916666667,1.691838893,24,
cocaine,5.913043478,1.411415907,23,
cock,5.04,1.903505538,25,
cockatoo,4.666666667,1.948615265,24,
cockeyed,2.0,1.732050808,27,
cockfight,2.296296296,1.771891966,27,
cocking,2.5,2.0,24,
cockroach,4.038461538,2.068444231,26,
cocktail,5.481481481,1.477273225,27,
cocoa,5.625,1.498187311,24,
coconut,5.64,1.604161255,25,
cocoon,3.44,2.142428529,25,
cod,4.458333333,1.99954705,24,
code,1.96,1.593737745,25,
codpiece,4.111111111,1.906301898,18,
coed,3.791666667,2.206298625,24,
coffee,5.538461538,2.024465741,26,
coffeepot,6.037037037,1.34397463,27,
coffer,3.619047619,1.687488977,21,
coffin,5.52,1.228820573,25,
cogwheel,3.9,1.997366687,20,
coil,3.92,1.846618531,25,
coiled,1.518518519,0.93522397,27,
coin,6.4,1.118033989,25,
coinage,2.88,1.73973178,25,
coke,6.2,1.118033989,25,
cola,5.565217391,1.700964618,23,
colander,6.0,1.154700538,22,
cold,2.782608696,1.953005184,23,
coleslaw,4.72,2.227105745,25,
coliseum,3.6,1.658312395,25,
collage,4.0,1.956038588,24,
collagen,3.16,1.7,25,
collapse,2.423076923,1.836803243,26,
collapsible,2.296296296,1.957526202,27,
collar,5.12,1.78699002,25,
collarbone,5.48,1.895608961,25,
colleague,5.724137931,1.411598681,29,
collect,2.0,1.493575988,27,
collection,3.47826087,1.805787796,23,
collector,3.956521739,2.265918655,23,
college,3.6,1.979057015,25,
collide,3.32,2.322355126,25,
collie,5.730769231,1.588903831,26,
collision,2.565217391,1.829706558,23,
cologne,5.541666667,1.531670491,24,
colon,3.6,2.217355783,25,
colonel,3.965517241,1.860928313,29,
colonist,3.32,2.19317122,25,
colony,2.269230769,1.733382642,26,
color,2.47826087,2.212969318,23,
colorful,1.96,1.619670748,25,
coloring,3.291666667,2.367885989,24,
colors,2.375,2.060234263,24,
colossal,1.47826087,1.309738531,23,
colt,4.916666667,1.585715218,24,
columbine,1.904761905,1.338086765,21,
column,3.333333333,2.119611668,24,
columnist,3.52173913,2.192333029,23,
coma,2.25,2.170935965,28,
comb,5.923076923,1.572846513,26,
combat,2.777777778,2.18971957,27,
combine,3.0,2.121320344,25,
combing,3.347826087,2.423534152,23,
combustion,2.181818182,1.735795787,22,
come,2.137931034,2.030554779,29,
comedienne,3.789473684,1.685854461,19,
comedy,1.869565217,1.516705396,23,
comet,1.52173913,0.790256875,23,
comfort,2.392857143,2.060911084,28,
comfortable,2.52,1.782320585,25,
comforter,6.16,1.247664485,25,
comic,4.88,2.027313493,25,
comma,1.692307692,1.378962821,26,
commandant,2.555555556,1.671787006,27,
commandeer,3.12,2.127596453,25,
commander,3.72,2.227105745,25,
commando,3.041666667,1.852827843,24,
commence,1.75,1.481773321,24,
comment,2.541666667,1.744037461,24,
commentator,4.08,2.059935274,25,
commerce,2.166666667,1.736229465,24,
commissary,3.12,2.027313493,25,
committee,2.307692308,1.715091386,26,
committeewoman,4.857142857,1.671421788,28,
commode,5.481481481,1.649484077,27,
commodore,2.84,2.055075019,25,
commotion,1.888888889,1.450022104,27,
commune,2.272727273,1.351606388,22,
commute,2.6,1.892969449,25,
compact,2.708333333,1.944427191,24,
companion,5.739130435,1.452815176,23,
company,3.518518519,1.987854862,27,
compare,2.652173913,1.897574903,23,
compartment,3.391304348,1.827545061,23,
compass,5.538461538,1.392286443,26,
compasses,5.2,1.554563176,25,
compete,1.814814815,1.331194866,27,
competition,2.47826087,2.129224469,23,
compile,1.72,1.339153962,25,
complain,1.541666667,0.721060009,24,
complaint,3.076923077,2.207678906,26,
complete,1.535714286,1.261455446,28,
compose,2.333333333,1.833662685,24,
composer,3.47826087,1.927541185,23,
compost,5.041666667,1.944427191,24,
compound,2.538461538,1.702486869,26,
compress,2.692307692,2.074015058,26,
compressor,4.5,1.970013295,22,
computer,6.714285714,0.534522484,28,
concave,1.916666667,1.558055272,24,
conceal,1.793103448,1.423760372,29,
concept,1.8,1.755942292,25,
concert,4.714285714,1.760831934,28,
concerto,2.68,1.95192213,25,
conch,4.285714286,2.10102016,21,
concierge,3.76,1.963839776,25,
concourse,3.32,2.055885859,25,
concrete,5.166666667,1.903467469,24,
condensation,3.846153846,2.185265342,26,
condenser,3.608695652,2.147707667,23,
condiment,5.76,1.640121947,25,
condition,1.434782609,1.308228746,23,
conditioner,5.130434783,1.324741753,23,
condom,6.346153846,1.354763675,26,
condominium,4.678571429,1.588233853,28,
condor,3.35,1.565247584,20,
conductor,4.75,1.456149158,28,
conduit,3.166666667,1.992740448,24,
cone,4.608695652,2.016728459,23,
confection,3.615384615,2.192294197,26,
confectioner,3.0,1.854723699,26,
confectionery,4.206896552,2.289405886,29,
conference,2.666666667,1.833662685,24,
confess,2.2,1.957890021,25,
confetti,4.76,2.046948949,25,
confide,2.36,2.059126028,25,
confidence,2.043478261,1.918291401,23,
confine,1.772727273,1.445248971,22,
confinement,1.84,1.247664485,25,
confuse,2.0,1.641844138,24,
congeal,1.833333333,1.403928236,24,
congestion,2.32,1.930457631,25,
congregation,3.0,1.817786518,24,
congress,3.44,2.022374842,25,
congressman,3.869565217,1.486434044,23,
congresswoman,4.32,2.13541565,25,
conical,2.0,1.4509525,20,
conjoined,2.333333333,1.761093205,24,
conjunctivitis,2.636363636,1.989148048,22,
connect,2.041666667,1.731527766,24,
conquer,2.304347826,1.717153633,23,
conquest,1.68,1.029563014,25,
conquistador,2.52173913,1.780438282,23,
consequence,1.92,1.497776129,25,
conservatory,3.708333333,1.921936674,24,
console,3.772727273,2.245245096,22,
consort,2.818181818,1.735795787,22,
conspire,2.090909091,2.15824203,22,
constable,4.227272727,2.42863509,22,
constellation,1.48,1.045625809,25,
constrictor,2.6,1.683250823,25,
construct,2.695652174,1.844766125,23,
construction,2.909090909,1.925000703,22,
constructor,2.909090909,2.091003198,22,
consul,2.476190476,1.503963019,21,
consulate,3.038461538,1.535728341,26,
consult,1.740740741,1.631247578,27,
consultant,4.0,1.615145706,24,
consume,2.333333333,1.88048714,24,
consumer,3.384615385,1.856381924,26,
contact,2.652173913,1.92137961,23,
contain,1.642857143,1.41981443,28,
container,5.461538462,1.67882743,26,
content,2.148148148,1.875011871,27,
contest,2.916666667,2.062431378,24,
contestant,3.96,1.925270544,25,
continent,3.086956522,2.06514458,23,
contour,2.590909091,1.943465018,22,
contraceptive,5.391304348,1.587998467,23,
contract,3.708333333,1.921936674,24,
contractor,4.083333333,1.691838893,24,
contraption,3.791666667,1.910592138,24,
contrary,1.56,1.227463509,25,
contrast,2.217391304,1.999011613,23,
contributor,3.48,1.782320585,25,
controller,5.458333333,1.718927033,24,
contusion,2.583333333,1.909169331,24,
convene,1.72,1.369914839,25,
convent,3.608695652,1.947939014,23,
converge,1.782608696,1.166054799,23,
converse,2.185185185,1.710533813,27,
convert,2.217391304,1.650248514,23,
converter,4.227272727,2.091520709,22,
convex,1.47826087,0.73047713,23,
conveyor,4.083333333,1.863065885,24,
convict,3.807692308,2.020281778,26,
convoy,2.5,1.792842914,22,
convulse,2.130434783,1.632186148,23,
convulsion,2.25,1.539339215,24,
cooing,1.863636364,1.612317307,22,
cook,3.923076923,1.998460946,26,
cookbook,5.68,1.405939781,25,
cookhouse,4.423076923,1.836803243,26,
cookie,6.5,1.021507837,24,
cookout,2.739130435,2.280697487,23,
cool,2.083333333,1.665941871,24,
coolant,4.0,1.817786518,24,
cooler,5.625,1.345281609,24,
coop,3.47826087,2.371604083,23,
coot,2.176470588,1.667156791,17,
cop,4.458333333,2.08470969,24,
cope,1.807692308,1.523659562,26,
copier,5.136363636,2.210267266,22,
copilot,4.791666667,2.021174146,24,
copper,4.833333333,1.857222486,24,
copperhead,3.583333333,2.083405796,24,
copy,2.304347826,1.717153633,23,
copybook,5.0,1.718249386,22,
copycat,1.88,1.092397974,25,
copywriter,3.833333333,2.277807234,24,
coral,3.826086957,1.96912934,23,
cord,6.103448276,1.175488579,29,
corduroy,5.041666667,1.545798419,24,
core,2.769230769,1.945408796,26,
cork,5.636363636,1.497472618,22,
corkscrew,6.04,1.206924466,25,
corn,6.0,1.574801575,26,
cornbread,5.16,1.724335621,25,
cornea,3.913043478,1.998022738,23,
cornerstone,2.772727273,2.022064437,22,
cornfield,4.739130435,1.839401862,23,
cornflakes,5.6,1.607275127,25,
cornflower,4.739130435,1.982133637,23,
cornmeal,5.913043478,1.239979599,23,
cornstarch,5.043478261,2.055552588,23,
cornucopia,3.15,2.033275812,20,
corps,2.833333333,1.903467469,24,
corpse,3.260869565,2.049775848,23,
corral,3.333333333,2.183856856,27,
correct,1.47826087,0.994053466,23,
corridor,4.5,1.476482306,26,
corrode,1.541666667,0.721060009,24,
corrosion,2.166666667,1.16718415,24,
corrugated,1.88,1.589549202,25,
corsage,5.782608696,1.412815427,23,
corset,5.44,1.781385229,25,
cortex,1.833333333,1.00722031,24,
cortisone,3.68,2.13541565,25,
corvette,5.875,1.075922254,24,
cosmetician,4.8,2.101586702,25,
cosmetics,5.75,1.293797914,24,
cosmic,1.571428571,1.207121724,21,
cosmonaut,3.789473684,2.070398442,19,
cosmos,1.84,1.545962483,25,
cost,2.230769231,1.903842269,26,
costume,6.28,1.307669683,25,
costumer,4.434782609,1.926515624,23,
cottage,4.52173913,2.192333029,23,
cotton,5.28,1.720465053,25,
cottonmouth,2.347826087,1.897574903,23,
cottontail,4.125,1.776966149,24,
couch,6.260869565,1.214210979,23,
cougar,4.208333333,1.744037461,24,
cough,2.772727273,2.158743422,22,
could,1.76,1.6653328,25,
council,4.321428571,1.806440565,28,
councilman,4.869565217,1.984126733,23,
councilwoman,4.583333333,2.083405796,24,
counsel,2.44,1.474222959,25,
counselor,4.375,2.29957463,24,
count,1.954545455,1.557692822,22,
counterclockwise,1.888888889,1.694637091,27,
counterfeit,2.12,1.763519209,25,
counterfeiter,3.416666667,1.88625847,24,
counting,2.12,1.810156531,25,
countless,1.32,1.029563014,25,
country,3.36,2.07926269,25,
countryman,3.0,2.022599587,23,
countryside,4.214285714,1.618347187,28,
countrywoman,4.44,2.063169083,25,
county,1.62962963,1.148515703,27,
coup,2.772727273,1.849885921,22,
couple,4.12,1.763519209,25,
coupler,3.130434783,2.302258729,23,
coupon,4.821428571,1.785820103,28,
course,2.814814815,1.961887573,27,
court,3.739130435,1.959067294,23,
courteous,1.590909091,1.296849329,22,
courthouse,3.92,1.998332638,25,
courtroom,4.103448276,1.588908601,29,
courtyard,4.392857143,1.342724861,28,
cousin,5.375,1.714706211,24,
cove,3.071428571,1.585316219,28,
coven,2.826086957,1.302172098,23,
cover,4.25,2.048329118,24,
coverall,4.739130435,2.093656899,23,
cow,5.434782609,1.878734752,23,
coward,3.24,2.420055096,25,
cowardice,1.695652174,1.258959982,23,
cowgirl,3.826086957,2.228986193,23,
cowhide,4.6,2.101586702,25,
cowlick,3.75,1.961587644,24,
cowskin,4.652173913,2.186917624,23,
coyote,4.230769231,1.903842269,26,
cozy,2.608695652,1.852249994,23,
Crab,4.889189189,1.810701,740,
crabgrass,4.956521739,1.770420106,23,
crack,3.565217391,1.727480745,23,
cracked,2.0,1.668115312,24,
cracker,5.24,1.588500341,25,
crackers,5.913043478,1.755848499,23,
Crackle,2.150943396,1.812311,53,
crackling,2.142857143,1.879997749,28,
cradle,5.652173913,1.747951935,23,
craft,4.166666667,1.970801352,24,
craftsman,4.833333333,1.578845662,24,
craggy,1.894736842,1.594948165,19,
cram,2.25,1.481773321,24,
cramp,2.416666667,1.791687732,24,
cranberry,5.458333333,1.910592138,24,
crane,4.695652174,2.343943503,23,
Crank,4.140710383,2.032737,732,
crankshaft,4.666666667,2.057506582,21,
crap,4.666666667,2.056883378,27,
craps,3.652173913,2.058434879,23,
crash,2.833333333,1.926173649,24,
crate,5.304347826,1.362977443,23,
crater,3.583333333,1.998187585,24,
crave,1.592592593,1.1522305880000001,27,
crawfish,4.666666667,1.761093205,24,
crawl,3.08,2.119748413,25,
crawlers,3.681818182,2.124379206,22,
crawling,2.625,2.122600948,24,
crawlspace,3.761904762,2.165750722,21,
crayfish,5.043478261,1.609016099,23,
crayon,6.36,1.150362262,25,
creak,2.625,2.081230823,24,
creaking,1.583333333,0.880546602,24,
cream,5.153846154,2.03356451,26,
creamer,5.24,1.920937271,25,
creamery,3.695652174,1.844766125,23,
creamy,2.6,1.870828693,25,
crease,2.913043478,1.951993002,23,
create,2.416666667,2.165272684,24,
creature,4.833333333,1.736229465,24,
credit,1.96,1.593737745,25,
creed,1.608695652,0.988071144,23,
creek,4.52,1.98158186,25,
creep,2.565217391,1.674028537,23,
cremate,2.5,1.921061215,22,
cremation,3.08,2.1,25,
crematorium,3.481481481,1.948774178,27,
crematory,2.961538462,1.969381004,26,
creole,2.0,1.477097892,23,
crepe,5.416666667,1.442120018,24,
crept,2.16,1.491084616,25,
crescent,2.615384615,1.877805593,26,
crest,2.857142857,1.268252975,28,
cretin,2.5,1.905670209,20,
crevasse,2.739130435,1.982133637,23,
crevice,3.259259259,1.933362806,27,
crew,3.92,1.891207727,25,
crewman,4.291666667,1.852827843,24,
crib,5.56,1.685229955,25,
cribbage,3.666666667,2.038098661,27,
cricket,4.653846154,1.896149945,26,
crime,1.956521739,1.58051375,23,
criminologist,3.869565217,2.051703235,23,
crimp,2.416666667,1.691838893,24,
crimping,2.5,1.625686668,22,
crimson,1.565217391,0.843482336,23,
cringe,2.043478261,1.609016099,23,
crinkle,2.260869565,1.57299342,23,
crinkly,1.833333333,1.239448218,24,
cripple,1.962962963,1.255188661,27,
crisis,1.925925926,1.615452447,27,
crisp,1.8,1.154700538,25,
crispness,2.08,1.288409873,25,
crisps,5.130434783,2.379922608,23,
critic,3.28,1.696073898,25,
critter,4.863636364,1.934534632,22,
croak,1.583333333,1.176459932,24,
crocheting,3.518518519,2.154965114,27,
crock,4.090909091,2.20192753,22,
crocodile,4.291666667,1.899179838,24,
croissant,6.0,1.732050808,23,
crook,3.0,1.678744119,23,
crooked,2.086956522,1.703286755,23,
croon,2.263157895,1.593113836,19,
crop,4.833333333,1.88048714,24,
croquet,4.84,1.598957994,25,
croquette,4.681818182,2.124379206,22,
cross,5.0,1.892969449,25,
crossbar,5.043478261,1.691644194,23,
crossbeam,4.086956522,2.234299636,23,
crossbones,2.782608696,2.173320077,23,
crossbow,5.541666667,1.444003091,24,
crossroad,3.125,2.049655326,24,
crossroads,3.56,2.103172207,25,
crosswalk,4.714285714,1.901127485,21,
crosswind,2.25,1.823756277,24,
crossword,4.555555556,2.100061049,27,
crotch,5.6,1.936491673,25,
crotchet,3.958333333,2.38617698,24,
crouch,3.291666667,2.216129934,24,
crouching,2.869565217,1.961083834,23,
crouton,5.724137931,1.623412449,29,
crow,4.24137931,1.920847514,29,
crowbar,6.25,0.98907071,24,
crowd,3.96,2.009975124,25,
crowded,2.115384615,1.65715233,26,
crown,6.173913043,1.266784545,23,
crowned,2.083333333,1.558055272,24,
crucifix,5.68,1.405939781,25,
crucifixion,2.37037037,1.944383393,27,
cruise,3.44,1.980740602,25,
cruiser,4.304347826,1.819959605,23,
crumb,4.45,1.761428846,20,
crumble,2.869565217,2.321918247,23,
crumbly,2.692307692,2.035077016,26,
crumpet,5.136363636,1.807272466,22,
crumple,2.166666667,1.659404468,24,
crumpled,2.0,1.603567451,29,
crunch,2.434782609,1.753595967,23,
crunching,2.416666667,1.976308959,24,
crusade,2.363636364,1.619684112,22,
crush,2.391304348,1.971135585,23,
crushed,2.36,1.350308607,25,
crusher,2.739130435,1.789296238,23,
crushing,2.64,1.868154169,25,
crust,5.125,1.940696872,24,
crusty,1.826086957,1.336623083,23,
crutch,5.8,1.38443731,25,
cry,2.695652174,2.324470274,23,
crying,3.454545455,2.52090824,22,
crypt,4.541666667,1.614584794,24,
cryptogram,2.2,1.23969436,20,
cryptographer,4.583333333,1.976308959,24,
crystal,4.37037037,2.02195922,27,
crystallize,1.608695652,1.117591991,23,
crystallized,1.916666667,1.282547284,24,
cub,3.545454545,2.197992,22,
cubbyhole,3.869565217,2.006905076,23,
cube,4.75,2.111047545,24,
cubic,2.125,1.962972458,24,
cubical,4.36,1.729161647,25,
cuckoo,2.523809524,2.135861597,21,
cucumber,6.04,1.48548533,25,
cuddle,3.47826087,2.23341494,23,
cue,3.0,1.732050808,25,
cuff,5.333333333,1.330124344,27,
cuisine,4.652173913,2.207604536,23,
culprit,3.607142857,1.832611691,28,
cult,1.833333333,1.090140265,24,
cultivator,2.962962963,1.764641639,27,
culvert,3.555555556,2.202197358,18,
cunnilingus,4.0,2.102629932,20,
cup,6.043478261,1.460954261,23,
cupboard,5.782608696,1.166054799,23,
cupful,2.52173913,1.855448126,23,
cupid,1.818181818,1.500360707,22,
curb,4.72,1.947648154,25,
curbside,4.0,2.108185107,28,
curd,4.875,2.070759155,24,
curdle,1.818181818,1.006472559,22,
cure,2.75,1.939296152,24,
curfew,1.875,1.329023833,24,
curiosity,2.363636364,1.733300033,22,
curious,1.75,1.481773321,24,
curl,3.185185185,2.112909715,27,
curled,3.392857143,2.060911084,28,
curler,4.454545455,1.870250116,22,
curly,2.76,1.809235566,25,
currant,4.130434783,2.180582654,23,
current,2.260869565,1.388831795,23,
curry,4.565217391,1.926515624,23,
curtain,5.875,1.512628004,24,
curtsy,2.458333333,1.933214639,24,
curve,2.423076923,1.701130846,26,
curved,2.0,1.719453907,24,
cushion,5.75,1.725763851,24,
cushy,1.636363636,1.497472618,22,
cusp,1.5,0.859124693,22,
custard,4.956521739,1.845837107,23,
custodian,4.481481481,1.805341868,27,
custom,1.6,1.154700538,25,
customer,5.541666667,1.473805092,24,
cut,2.84,2.154065923,25,
cute,1.652173913,1.433644296,23,
cuticle,5.08,2.019075696,25,
cutlass,3.470588235,2.32157401,17,
cutlery,5.913043478,1.755848499,23,
cutlet,5.272727273,1.830477902,22,
cuttlefish,4.454545455,1.895540449,22,
cycle,4.0,2.393172106,23,
cycling,3.826086957,2.328717437,23,
cyclist,3.782608696,2.173320077,23,
cyclone,2.84,1.795364401,25,
cylinder,4.04,1.670329309,25,
cylindrical,2.583333333,2.185260241,24,
cymbal,5.958333333,1.301476308,24,
cymbals,5.695652174,1.294561442,23,
cynic,2.25,1.823756277,24,
cyst,4.2,1.957890021,25,
cytoplasm,1.904761905,1.135991281,21,
czar,3.956521739,2.20491725,23,
dab,3.592592593,2.152981104,27,
dachshund,5.125,1.940696872,24,
dad,5.416666667,1.791687732,24,
daddy,5.24,1.920937271,25,
daffodil,5.045454545,1.785584411,22,
dagger,5.923076923,1.412036173,26,
daggers,4.75,1.648451183,24,
daiquiri,5.454545455,1.818614667,22,
dairy,4.28,2.010804151,25,
daisy,5.0,2.044949433,23,
dam,3.6,1.779513042,25,
damage,2.259259259,1.831195335,27,
dame,4.12,1.921804707,25,
damp,2.347826087,1.584260529,23,
dampness,3.48,2.023198787,25,
damsel,4.652173913,1.991086858,23,
dance,4.44,2.364318084,25,
dancer,5.090909091,1.411149174,22,
dandelion,5.826086957,1.556574734,23,
dandruff,4.72,2.150968774,25,
dandy,2.136363636,1.552124644,22,
danger,1.8,1.0,25,
dangle,2.36,1.776701063,25,
dapper,1.961538462,1.865063414,26,
daredevil,2.653846154,1.937881476,26,
dark,2.04,1.767295486,25,
darkness,2.37037037,2.114931316,27,
darkroom,4.416666667,1.954185401,24,
darling,2.92,1.913112647,25,
darn,2.636363636,2.036464129,22,
dart,5.291666667,1.488482351,24,
dartboard,5.608695652,1.373089762,23,
dash,2.52173913,1.97414113,23,
dashboard,4.208333333,2.105462185,24,
data,2.375,1.813296302,24,
date,3.0,1.755942292,25,
daughter,5.192307692,1.876576261,26,
dawdle,1.75,1.510830466,24,
dawn,2.24,1.690167645,25,
day,1.541666667,0.832970936,24,
daybed,5.28,1.720465053,25,
daybreak,1.703703704,1.409168189,27,
daylight,2.48,2.162560211,25,
days,1.259259259,0.712125345,27,
daze,1.916666667,1.612900888,24,
dazzle,1.88,1.480990659,25,
dazzling,2.214285714,1.52405752,28,
deacon,3.92,1.934769581,25,
dead,1.625,0.875388113,24,
deadline,2.375,1.498187311,24,
deaf,1.84,1.572683482,25,
deal,2.47826087,2.019666156,23,
dealer,4.090909091,2.091003198,22,
dealt,1.807692308,1.549689795,26,
dean,3.458333333,2.166527309,24,
death,2.769230769,2.285741758,26,
deathbed,3.260869565,2.240482726,23,
debate,2.08,1.6563011,25,
debater,3.636363636,1.619684112,22,
debit,2.36,1.890326251,25,
debone,2.0,1.668115312,24,
debris,4.75,1.893926219,24,
debt,1.481481481,0.893152169,27,
decade,1.689655172,1.692492842,29,
decapitate,1.708333333,1.517411029,24,
decapitation,2.586206897,2.113177049,29,
decathlon,2.904761905,2.119074371,21,
decay,1.96,1.513274595,25,
deceit,1.458333333,0.832970936,24,
deck,5.541666667,1.413572922,24,
deckhand,3.391304348,2.147707667,23,
decking,3.64,2.11896201,25,
decline,1.458333333,0.931532943,24,
decoder,3.916666667,1.815792237,24,
decomposed,1.92,1.497776129,25,
decor,4.538461538,1.881079886,26,
decorator,4.0,2.0,24,
decoy,4.148148148,2.088497872,27,
decrease,1.48,0.770281334,25,
decree,2.28,1.696073898,25,
deed,2.666666667,2.12916259,21,
deem,1.739130435,1.321754733,23,
deep,1.333333333,0.784464541,27,
deer,4.416666667,1.909169331,24,
deerskin,4.826086957,1.435022138,23,
defeat,1.291666667,1.041702898,24,
defecate,3.863636364,2.435754592,22,
defecation,3.571428571,2.201490597,28,
defendant,4.291666667,1.899179838,24,
defense,2.0,1.285369174,24,
deflect,1.32,0.9,25,
deformity,2.230769231,1.365509203,26,
defroster,2.916666667,1.585715218,24,
defuse,2.24,1.479864859,25,
defy,2.043478261,1.845837107,23,
degree,1.826086957,1.114049693,23,
delay,2.043478261,1.58051375,23,
delete,1.72,1.568438714,25,
delicate,1.916666667,1.558055272,24,
delicatessen,4.347826087,1.668115312,23,
delicious,2.28,2.150968774,25,
delight,2.52,1.939071943,25,
deliverer,4.52173913,1.754722594,23,
deliveryman,4.44,1.827566688,25,
dell,2.727272727,1.517573821,22,
deluxe,1.958333333,1.488482351,24,
democracy,2.12,1.715614564,25,
democrat,4.416666667,1.88625847,24,
demon,1.416666667,0.829702234,24,
demonstration,2.916666667,2.263446135,24,
demonstrator,4.083333333,2.145098896,24,
den,4.333333333,1.833662685,24,
denial,1.458333333,0.931532943,24,
denim,5.416666667,1.691838893,24,
denims,5.541666667,1.977683464,24,
dense,1.88,1.268857754,25,
dent,3.52173913,1.702126083,23,
dental,2.269230769,1.537730596,26,
dentist,5.038461538,1.928331283,26,
dentistry,3.148148148,2.160906215,27,
deny,1.565217391,1.160959124,23,
deodorant,6.36,1.186029792,25,
depart,1.208333333,0.65800533,24,
department,2.583333333,1.909169331,24,
deploy,1.75,1.224744871,24,
deport,1.833333333,1.434563005,24,
deposit,2.47826087,1.830786349,23,
depositor,3.083333333,1.863065885,24,
depot,3.56,1.938212235,25,
depress,1.92,1.55241747,25,
depression,2.727272727,2.074374678,22,
depth,1.68,1.029563014,25,
derail,1.583333333,1.212853863,24,
derby,2.458333333,1.793203756,24,
dermatitis,3.47826087,2.042048108,23,
dermatologist,4.92,1.891207727,25,
derriere,5.5,1.766082563,22,
descend,2.0,1.381698559,23,
descent,1.695652174,1.105144277,23,
desert,4.291666667,1.944427191,24,
design,2.192307692,1.744000706,26,
designer,3.2,2.0,25,
desk,6.260869565,1.251086484,23,
despicable,1.375,0.923721208,24,
despise,1.227272727,0.869143979,22,
dessert,5.695652174,1.520609406,23,
destination,1.740740741,1.227649179,27,
destroy,2.24,1.690167645,25,
destroyer,2.72,2.111871208,25,
destruct,1.72,1.1,25,
detach,1.518518519,1.25177936,27,
detain,1.76,1.234233905,25,
detainee,3.75,2.026991774,24,
detective,4.04,2.130727575,25,
detector,4.083333333,1.585715218,24,
detergent,5.227272727,1.875450884,22,
detonator,4.68,2.13541565,25,
detour,1.958333333,1.301476308,24,
deuce,1.923076923,1.230384555,26,
develop,1.913043478,1.276110692,23,
development,1.444444444,0.891555828,27,
device,5.75,1.188715053,24,
devil,2.0,2.061552813,25,
devote,1.5,1.063219066,24,
devour,2.304347826,1.690475528,23,
dew,3.88,2.107921567,25,
dewdrop,3.52,2.063976744,25,
dewy,1.916666667,1.380506103,24,
diabetes,2.434782609,2.149547245,23,
diagram,4.5,1.668115312,24,
dialing,3.086956522,2.06514458,23,
diameter,1.333333333,0.67936622,27,
diamond,5.304347826,1.893404404,23,
diaper,5.64,1.680277755,25,
diaphragm,4.269230769,2.069931251,26,
diarrhea,3.96,2.030599255,25,
dice,6.192307692,1.05902713,26,
dictate,1.814814815,1.331194866,27,
dictionary,6.04,1.645195024,25,
did,1.32,0.852447457,25,
die,3.76,2.241279397,25,
diesel,3.384615385,2.118054259,26,
diet,1.833333333,1.551063216,24,
dietician,4.72,1.568438714,25,
difficult,1.62962963,1.497386137,27,
dig,2.88,2.166410241,25,
digest,3.608695652,2.36910283,23,
digestion,4.214285714,2.378252437,28,
digit,2.517241379,2.213928145,29,
digits,2.851851852,2.088497872,27,
dike,2.956521739,1.609016099,23,
dildo,6.52173913,0.845822097,23,
dill,4.166666667,2.119611668,24,
dim,1.958333333,1.680558051,24,
dime,6.083333333,1.442120018,24,
dimensional,1.375,1.17260394,24,
dine,3.5,2.241385626,22,
diner,4.375,1.813296302,24,
dinghy,4.130434783,1.86606898,23,
dingo,3.961538462,1.509457366,26,
dinky,2.2,1.848422751,25,
dinner,5.545454545,1.503243247,22,
dinnerware,5.916666667,1.501207244,24,
dinosaur,3.52173913,2.520273528,23,
dip,4.535714286,1.73166892,28,
diploma,5.96,0.978093383,25,
dipper,4.909090909,2.136064269,22,
dipping,3.695652174,2.244888793,23,
dipstick,5.185185185,1.415220479,27,
direct,2.16,1.724335621,25,
direction,2.304347826,1.663369598,23,
directory,3.678571429,2.126613922,28,
dirt,5.08,1.846618531,25,
dirty,1.80952381,1.077916862,21,
disarm,1.782608696,1.085295173,23,
discard,3.142857143,2.049648312,28,
discharge,3.227272727,2.068627753,22,
disco,3.0,1.888178326,24,
discount,2.0,1.532261755,24,
discreet,1.76,1.3,25,
discuss,2.44,2.161789382,25,
disease,3.125,2.091650066,24,
disembowel,2.52173913,1.997033373,23,
disguise,3.346153846,1.937881476,26,
dish,5.8,1.607275127,25,
dishwasher,5.592592593,1.737798325,27,
dishwater,5.2,1.914854216,25,
disjointed,1.916666667,1.442120018,24,
dislodge,2.173913043,1.556574734,23,
dismantle,1.913043478,1.621252139,23,
dismembered,2.347826087,2.102135184,23,
dismemberment,2.111111111,1.625123269,27,
dispatch,1.5,1.021507837,24,
dispense,2.36,2.038790491,25,
dispenser,4.708333333,1.601063958,24,
disperse,1.590909091,1.296849329,22,
display,3.846153846,2.053140184,26,
dispose,2.0,1.693979108,24,
dispute,1.772727273,1.477830398,22,
disrobe,2.375,2.017585729,24,
dissect,3.785714286,2.024976321,28,
dissecting,2.25,1.674618711,24,
dissolve,1.96,1.743559577,25,
distance,2.16,1.8636881,25,
distant,1.8,1.554563176,25,
distiller,3.291666667,2.01038968,24,
distillery,3.434782609,1.926515624,23,
distinct,1.826086957,1.556574734,23,
distinction,1.846153846,1.433661262,26,
distress,3.142857143,1.918994446,28,
distributor,3.869565217,1.937766939,23,
district,1.913043478,1.880837422,23,
disturb,2.16,1.885912688,25,
ditch,3.769230769,1.817860111,26,
ditto,1.458333333,0.9770927,24,
dive,2.416666667,1.88625847,24,
divert,1.916666667,1.471960144,24,
divide,1.791666667,1.215092291,24,
dividers,4.384615385,2.00153787,26,
divine,1.724137931,1.601261818,29,
diving,3.24,2.314447378,25,
divorce,1.75,1.293797914,24,
divorcee,4.5,1.911066172,24,
dizzy,2.56,1.916594202,25,
do,1.434782609,1.199472875,23,
dock,4.541666667,1.503016291,24,
docket,2.826086957,1.52709391,23,
dockside,3.083333333,1.815792237,24,
dockyard,3.869565217,2.180582654,23,
doctor,5.68,1.547040185,25,
document,4.818181818,1.918242341,22,
documentary,2.148148148,1.321528943,27,
documentation,4.24,1.640121947,25,
dodge,3.28,2.072036036,25,
dodger,2.217391304,1.650248514,23,
does,1.772727273,1.631003728,22,
dog,6.4,1.258305739,25,
dogcatcher,4.72,1.83757086,25,
dogfight,2.535714286,1.527092198,28,
doghouse,5.076923077,1.598075766,26,
doing,2.2,1.848422751,25,
dole,1.952380952,1.4309504,21,
doll,6.434782609,0.945135246,23,
dollar,6.24,1.164760347,25,
dollhouse,5.826086957,1.336623083,23,
dolphin,4.52,1.98158186,25,
dolt,2.904761905,2.165750722,21,
domain,2.964285714,1.710147121,28,
dome,2.434782609,1.878734752,23,
domino,5.96,1.206924466,25,
dominoes,5.703703704,1.636478744,27,
donate,2.52173913,2.171500638,23,
donkey,4.826086957,1.669299633,23,
donor,3.695652174,2.304832524,23,
doodle,3.76,2.087262961,25,
doodlebug,3.545454545,2.283007055,22,
door,6.217391304,1.380267489,23,
doorbell,5.916666667,1.612900888,24,
doorframe,5.086956522,2.130152438,23,
doorkeeper,3.32,1.725301906,25,
doorknob,6.518518519,0.893152169,27,
doorknocker,5.52173913,2.064187386,23,
doorman,4.68,2.09602799,25,
doornail,5.4,1.825741858,25,
doorstep,5.333333333,1.522773975,24,
doorstop,5.260869565,1.629762707,23,
dope,2.291666667,1.334465099,24,
dorm,4.32,1.573742885,25,
dormitory,4.821428571,1.678923187,28,
dorsal,2.2,1.321880638,20,
dosage,2.92,2.059935274,25,
dose,3.153846154,2.221572555,26,
dotted,1.407407407,1.083415513,27,
double,1.5,1.103354569,24,
doubt,2.2,1.914854216,25,
douche,4.652173913,2.102135184,23,
dough,6.086956522,0.996039588,23,
doughnut,6.260869565,1.009833078,23,
douse,1.625,0.875388113,24,
dove,4.333333333,1.60614761,24,
dowel,3.863636364,2.099783539,22,
down,1.791666667,1.473805092,24,
downhill,1.961538462,1.660861686,26,
downpour,3.384615385,2.228486896,26,
downtown,3.785714286,1.892620031,28,
dowry,2.869565217,1.937766939,23,
dowse,2.538461538,1.94382652,26,
doze,2.166666667,1.857222486,24,
dozen,2.034482759,1.636257896,29,
drab,1.826086957,1.402989468,23,
draft,2.703703704,2.180592982,27,
drag,2.695652174,2.141256696,23,
dragon,1.833333333,1.736229465,24,
dragonfly,4.041666667,1.82921144,24,
drain,4.291666667,2.095111633,24,
drainage,3.0,1.927248223,22,
drainpipe,4.875,1.940696872,24,
drake,2.238095238,1.946914531,21,
drama,2.12,1.423610434,25,
drank,3.52,2.347338919,25,
drape,3.84,1.972308292,25,
drapery,4.68,1.908751774,25,
draught,2.16,1.724335621,25,
draw,3.37037037,2.289577525,27,
drawbridge,3.956521739,1.460954261,23,
drawer,6.0,1.285369174,24,
drawers,5.869565217,1.686964671,23,
drawing,4.695652174,1.819959605,23,
drawl,1.869565217,1.486434044,23,
drawstring,5.28,1.594783162,25,
dread,1.32,0.852447457,25,
dream,2.173913043,1.825381004,23,
dredge,2.304347826,1.607787373,23,
drench,2.0,1.444630237,24,
dress,6.16,1.02794293,25,
dresser,5.04,2.051016008,25,
dressing,5.08,1.605199884,25,
dressmaker,4.875,1.80126767,24,
dressmaking,2.708333333,2.136212957,24,
drew,2.166666667,1.659404468,24,
dribble,2.36,1.890326251,25,
drift,1.958333333,1.267629306,24,
drifter,3.230769231,2.159772068,26,
driftwood,5.416666667,1.585715218,24,
drill,5.739130435,1.483772566,23,
drilling,3.928571429,1.698115981,28,
drink,6.074074074,1.268734255,27,
drinkable,3.0,2.153221688,23,
drinking,3.307692308,2.311176856,26,
drip,2.217391304,1.412815427,23,
drive,2.565217391,2.191431391,23,
driver,4.565217391,1.236787884,23,
driving,3.565217391,2.351519566,23,
drizzle,3.56,1.781385229,25,
drizzly,1.5,0.884651737,24,
drone,4.291666667,1.731527766,24,
droop,1.68,0.988264472,25,
drop,3.08,2.196967607,25,
dropkick,3.142857143,2.138089935,28,
droplet,3.96,2.051016008,25,
dropping,2.64,1.84571576,25,
droppings,3.740740741,1.992149836,27,
drought,1.92,1.525341492,25,
drove,2.260869565,1.763709709,23,
drown,2.48,2.103964512,25,
drowsy,1.916666667,1.31601066,24,
drug,5.375,1.813296302,24,
druggist,3.608695652,1.924462863,23,
drugstore,5.260869565,2.004934624,23,
drum,5.8,1.632993162,25,
drumbeat,2.458333333,1.84105751,24,
drumstick,5.708333333,1.601063958,24,
drunk,2.379310345,1.840298755,29,
drunkard,4.571428571,1.596954774,28,
dry,2.0,1.474419562,24,
dryer,5.56,1.894729532,25,
drywall,5.208333333,1.887698545,24,
dual,2.08,1.705872211,25,
dub,2.045454545,1.495302891,22,
duck,5.041666667,1.988645304,24,
ducking,2.541666667,2.021174146,24,
duckling,5.125,1.701980943,24,
duckweed,4.4,1.93036675,20,
duct,4.208333333,1.887698545,24,
ductwork,4.52173913,2.086091718,23,
dud,1.48,1.004987562,25,
dude,5.0,1.683250823,25,
due,2.217391304,2.066101329,23,
duel,2.875,1.848912724,24,
duffel,4.380952381,2.268836496,21,
dug,2.727272727,1.723280874,22,
duke,3.740740741,2.067934544,27,
dull,1.791666667,1.382473104,24,
dumbbell,5.958333333,1.301476308,24,
dumbwaiter,4.44,1.804623691,25,
dummy,3.869565217,2.321918247,23,
dump,2.8,1.802775638,25,
dumpling,4.826086957,2.552221384,23,
dunce,2.523809524,1.631534481,21,
dune,3.916666667,1.558055272,24,
dung,4.125,2.049655326,24,
dungeon,3.777777778,2.118296364,27,
dunghill,3.5,2.236067977,20,
dunk,2.48,1.686218649,25,
duplex,3.444444444,2.172083957,27,
dusk,1.333333333,0.877058019,27,
dust,4.827586207,1.833594548,29,
dustbin,5.708333333,1.458980188,24,
duster,5.32,1.77294482,25,
dusty,2.92,1.934769581,25,
duty,1.782608696,1.04257207,23,
dwarf,4.333333333,2.407717062,24,
dwarfish,2.652173913,1.773765785,23,
dwell,2.666666667,1.926173649,24,
dwelling,4.857142857,1.757824533,28,
dye,4.52173913,2.019666156,23,
dyeing,2.826086957,2.014767614,23,
dynamite,5.260869565,1.543826159,23,
each,1.25,0.531609533,24,
eagle,3.739130435,1.684620036,23,
ear,6.652173913,0.647280721,23,
earl,2.739130435,1.982133637,23,
earmuff,6.260869565,1.286905778,23,
earnings,3.44,2.103172207,25,
earphone,5.52173913,1.675208677,23,
earpiece,5.76,1.690167645,25,
earplug,6.111111111,0.891555828,27,
earplugs,6.541666667,0.931532943,24,
earring,6.428571429,0.920087412,28,
earth,5.555555556,1.577079417,27,
earthling,4.130434783,2.095543926,23,
earthquake,2.92,2.1,25,
earthworm,4.916666667,1.815792237,24,
earthy,1.769230769,1.21021295,26,
earwax,5.041666667,2.17653827,24,
ease,1.652173913,1.335143699,23,
easel,4.72,2.051828453,25,
east,1.64,1.254325848,25,
eastward,2.285714286,1.536160265,28,
eat,3.125,2.490198176,24,
eater,3.916666667,2.518050776,24,
eating,3.652173913,2.423534152,23,
eavesdropper,2.909090909,1.823369223,22,
ebony,2.4,1.957890021,25,
echo,2.2,1.707825128,25,
eclair,6.166666667,1.403928236,24,
eclipse,1.391304348,0.940943938,23,
ecologist,4.458333333,2.146365313,24,
economy,2.434782609,2.063229749,23,
ecosystem,3.727272727,1.93173542,22,
eczema,4.208333333,1.768791449,24,
edema,2.791666667,1.614584794,24,
edge,3.6,2.34520788,25,
edibles,5.428571429,1.772810521,28,
edifice,3.052631579,1.544656891,19,
edit,1.458333333,1.062366786,24,
editor,4.5,1.911066172,24,
education,3.043478261,2.184204887,23,
educator,5.0,1.936491673,25,
eel,4.653846154,1.853479057,26,
effect,1.6,1.08012345,25,
effigy,3.272727273,2.1861429,22,
effort,2.454545455,2.176219368,22,
egg,6.068965517,1.334461756,29,
eggbeater,5.96,1.540562668,25,
eggplant,5.807692308,1.265519048,26,
eggshell,5.791666667,1.503016291,24,
eight,1.76,1.762573876,25,
ejaculate,3.96,2.605762844,25,
ejaculation,4.148148148,2.070000069,27,
eject,2.0,1.833030278,26,
ejector,2.956521739,2.099312893,23,
elastic,3.576923077,1.858452624,26,
elbow,6.458333333,0.883627241,24,
electric,3.714285714,2.290999181,28,
electrician,4.625,1.610090465,24,
electricity,3.08,2.215851981,25,
electrocardiogram,4.347826087,1.84904633,23,
electrocute,1.695652174,1.459600898,23,
electrocution,2.608695652,2.016728459,23,
electrolysis,3.304347826,2.141256696,23,
electromagnet,3.214285714,1.950444258,28,
electronics,5.12,2.047763007,25,
electroplate,4.0,2.029198625,18,
electroshock,3.0,2.039607805,26,
elegant,1.708333333,1.301476308,24,
elephant,4.36,2.099206199,25,
elevation,1.791666667,1.444003091,24,
Elevator,5.486522911,1.566073,742,
elf,2.304347826,1.844766125,23,
elk,4.130434783,1.816699,23,
elves,2.689655172,2.253623246,29,
embalm,2.5,1.923538406,26,
embalmer,4.083333333,2.20506663,24,
embankment,3.64,1.84571576,25,
emblem,2.76,1.854723699,25,
emboss,1.913043478,1.534839153,23,
embrace,4.166666667,2.530967622,24,
embroider,3.16,2.26715681,25,
embroidery,4.12,1.877942136,25,
emerald,4.833333333,1.857222486,24,
emerge,2.037037037,1.786304339,27,
emergency,1.416666667,0.653862548,24,
emotion,2.44,1.938212235,25,
emperor,3.52173913,2.293658555,23,
emphysema,2.954545455,2.058137686,22,
empire,2.923076923,1.916727981,26,
employee,5.045454545,1.785584411,22,
employer,5.291666667,1.756458063,24,
emporium,3.136363636,1.807272466,22,
empty,1.72,1.568438714,25,
emu,3.956521739,2.099312893,23,
enamel,4.652173913,1.991086858,23,
encampment,3.52173913,2.086091718,23,
enclosure,3.615384615,2.118054259,26,
encore,2.04,1.567375726,25,
encyclopedia,6.16,1.143095213,25,
end,1.666666667,1.270977819,27,
enemy,4.375,2.017585729,24,
engage,2.608695652,2.016728459,23,
engagement,1.6,1.0,25,
engine,5.333333333,1.403928236,24,
engineer,5.379310345,1.567841854,29,
engraved,2.695652174,1.893404404,23,
engraver,3.791666667,1.887698545,24,
engraving,3.958333333,1.876146992,24,
enlist,1.791666667,1.215092291,24,
enormous,1.96,1.645195024,25,
enroll,1.727272727,1.279204298,22,
ensemble,3.740740741,1.872731296,27,
enshroud,1.875,1.204159458,16,
enter,1.76,1.234233905,25,
enterprise,2.260869565,1.814522008,23,
entertainer,4.964285714,1.73166892,28,
enthusiasm,2.55,2.01246118,20,
entomologist,4.583333333,1.931808494,24,
entourage,3.740740741,2.158927665,27,
entrails,3.136363636,1.884661257,22,
entrance,3.5,1.933683127,24,
entranceway,4.08,2.215851981,25,
entree,5.28,1.83757086,25,
entry,3.0,2.101586702,25,
envelop,3.695652174,2.670287397,23,
envelope,5.64,1.729161647,25,
environment,4.52173913,1.950980295,23,
environmentalist,4.482758621,2.028734469,29,
envoy,3.0,1.949358869,21,
enzyme,3.2,2.179449472,25,
epidermis,5.636363636,2.19404941,22,
epitaph,2.1,1.293709477,20,
equal,1.6,1.58113883,25,
equation,2.76,2.241279397,25,
equator,1.869565217,1.324741753,23,
equipment,5.28,1.671326818,25,
erase,3.25,2.011540777,28,
eraser,5.791666667,1.718927033,24,
erect,3.52,2.365022903,25,
erection,5.4,2.121320344,25,
errand,2.583333333,2.145098896,24,
error,1.333333333,0.761386988,24,
erupt,1.4,0.707106781,25,
eruption,2.416666667,1.639635873,24,
escalator,5.52,1.417744688,25,
escape,2.304347826,1.869243469,23,
escort,3.875,2.091650066,24,
espresso,5.24,1.738773514,25,
esquire,2.92,1.891207727,25,
essay,4.333333333,2.078182037,24,
essence,1.666666667,1.16718415,24,
estate,3.72,1.671326818,25,
estimate,2.5,1.994038735,22,
estuary,2.352941176,1.45521375,17,
etch,2.076923077,1.412036173,26,
eternity,2.0,1.527525232,25,
ether,2.166666667,1.659404468,24,
ethyl,2.8,2.041671142,20,
etiquette,1.52173913,0.994053466,23,
eucalyptus,4.157894737,1.675415633,19,
evade,1.92,1.288409873,25,
eve,1.695652174,1.39592858,23,
even,1.590909091,1.181568405,22,
evening,2.260869565,1.629762707,23,
evergreen,4.444444444,2.025478734,27,
every,1.47826087,0.947223945,23,
evict,1.52173913,1.162660164,23,
exam,3.48,1.82847842,25,
examination,2.846153846,1.826303539,26,
examiner,4.565217391,1.949967062,23,
excavate,2.615384615,1.919935896,26,
excavator,4.409090909,1.816828501,22,
exchange,2.041666667,1.756458063,24,
excite,2.538461538,2.139733988,26,
excitement,1.769230769,1.531213697,26,
exclude,1.590909091,1.181568405,22,
excrement,4.56,2.292742172,25,
execution,2.344827586,1.876087534,29,
executioner,4.44,2.292742172,25,
exercise,3.333333333,2.239306311,24,
exhalation,2.909090909,2.091003198,22,
exhale,2.434782609,1.949967062,23,
exhaust,2.565217391,1.902775173,23,
exhume,2.44,1.804623691,25,
exit,3.208333333,2.105462185,24,
expand,1.72,1.594783162,25,
expansion,1.96,1.593737745,25,
expect,1.76,1.3,25,
expel,1.545454545,0.800432783,22,
expense,1.444444444,1.012739367,27,
expenses,2.72,1.989974874,25,
experimenter,4.0,2.254624876,25,
expert,3.130434783,2.221881836,23,
expire,2.428571429,1.730522752,28,
explode,2.260869565,1.789296238,23,
explore,2.4,1.875043859,20,
explorer,3.260869565,1.763709709,23,
explosion,2.481481481,1.7180125,27,
export,3.041666667,2.095111633,24,
expose,2.333333333,1.852925615,21,
expressway,3.384615385,1.790573608,26,
extend,1.793103448,1.611993228,29,
extinct,1.782608696,1.444630237,23,
extinguisher,5.043478261,2.055552588,23,
extra,1.541666667,1.284664283,24,
extract,2.52,2.043689474,25,
extractor,2.909090909,1.925000703,22,
extreme,1.608695652,1.117591991,23,
eye,5.72,1.696073898,25,
eyeball,5.555555556,1.761409692,27,
eyebath,4.368421053,2.454259932,19,
eyedrop,5.48,1.710750323,25,
eyeglass,5.958333333,1.197067673,24,
eyeglasses,6.28,1.429452109,25,
eyelash,5.423076923,1.901011876,26,
eyeless,2.0,2.0,24,
eyelid,5.52173913,2.253675084,23,
eyepiece,5.8,1.414213562,25,
eyesight,2.0,1.908627031,29,
eyesore,2.666666667,2.0,27,
eyewash,5.4,1.914854216,25,
eyewitness,3.821428571,1.678923187,28,
fabric,6.08,1.441064421,25,
facade,1.958333333,1.428869017,24,
face,5.857142857,1.492840055,21,
facial,3.2,2.466441431,25,
facilities,3.666666667,2.035909511,24,
fact,1.304347826,0.764840008,23,
faction,1.318181818,0.716231117,22,
factor,1.592592593,1.217161239,27,
factory,4.44,1.685229955,25,
fag,4.8,2.254624876,25,
faggot,3.074074074,2.164857891,27,
fail,1.739130435,1.421183607,23,
failure,1.703703704,1.612804886,27,
faint,2.206896552,1.800383101,29,
fainter,3.52,2.329520695,25,
fainting,2.32,1.864582169,25,
fair,2.074074074,1.774302158,27,
fairground,4.608695652,1.587998467,23,
fairy,2.083333333,1.717345441,24,
fake,1.37037037,0.791694781,27,
falcon,3.259259259,1.76706172,27,
falconer,3.25,1.888329811,20,
fall,2.310344828,2.001846438,29,
falling,3.260869565,2.071832551,23,
family,5.291666667,2.216129934,24,
famine,1.666666667,1.16718415,24,
fan,5.72,1.458309524,25,
fanfare,1.956521739,1.491742754,23,
fang,3.772727273,2.022064437,22,
fantastic,1.333333333,0.916831342,24,
far,1.44,0.960902354,25,
farm,5.035714286,1.55115591,28,
farmer,5.08,1.754042949,25,
farmhand,4.4,1.683250823,25,
farmhouse,5.068965517,1.624170876,29,
farmland,4.24,1.920937271,25,
farmyard,4.130434783,1.914166038,23,
farther,1.434782609,0.895751942,23,
fashion,3.625,2.261444325,24,
fast,1.608695652,1.076151833,23,
fastener,4.347826087,2.036233056,23,
fat,4.125,2.132818099,24,
fatal,1.269230769,0.724303379,26,
father,6.035714286,1.201300001,28,
fatigue,2.166666667,1.970801352,24,
fatty,2.259259259,1.831195335,27,
faucet,5.869565217,1.546384282,23,
fauna,5.0,1.825741858,19,
favor,2.04,1.428285686,25,
fawn,4.535714286,2.063476801,28,
fear,1.88,1.452583905,25,
feast,4.384615385,1.898987585,26,
feat,1.681818182,1.210523839,22,
feather,5.260869565,1.601629605,23,
featherbed,5.434782609,1.926515624,23,
feathered,2.208333333,1.587427963,24,
featherweight,2.64,1.604161255,25,
feathery,2.625,2.017585729,24,
feature,2.12,1.235583533,25,
fed,2.035714286,1.643892014,28,
fedora,6.291666667,0.999093792,24,
fee,1.888888889,1.339728254,27,
feeble,1.818181818,1.622354657,22,
feed,3.0,1.817786518,24,
feeding,3.64,2.497999199,25,
feel,2.695652174,2.265046309,23,
feline,5.458333333,1.718927033,24,
fell,2.666666667,2.078182037,24,
fellow,4.041666667,1.944427191,24,
felon,4.0,1.818706218,27,
felt,3.52,2.043689474,25,
female,5.689655172,1.872802489,29,
femme,2.047619048,1.716863142,21,
femur,4.5,2.405351177,22,
fence,5.62962963,1.522855318,27,
fencer,4.148148148,1.854385731,27,
fender,4.791666667,1.99954705,24,
Fern,5.005471956,1.843901,731,
ferret,5.0,1.554563176,25,
ferry,4.148148148,1.915597993,27,
ferryboat,5.083333333,1.558055272,24,
ferryman,3.583333333,2.019829237,24,
fertile,1.92,1.681269362,25,
fertilize,2.541666667,1.99954705,24,
fertilizer,5.217391304,1.677566466,23,
fester,1.904761905,1.48002574,21,
festival,4.5,1.914854216,28,
festive,2.36,1.604161255,25,
fetch,2.84,2.192411154,25,
feud,1.961538462,1.636600604,26,
fever,3.095238095,2.211442107,21,
feverish,2.47826087,1.903813523,23,
few,1.583333333,1.176459932,24,
fiancee,5.652173913,1.84904633,23,
fiber,3.708333333,2.216129934,24,
fibrous,2.318181818,1.756250433,22,
fiddle,6.043478261,1.551487874,23,
field,4.0,1.892969449,25,
fieldstone,4.761904762,1.997617629,21,
fieldwork,3.8,2.273030283,25,
fiend,3.083333333,1.954185401,24,
fierce,1.416666667,1.100065874,24,
fiesta,2.037037037,1.480163231,27,
fifth,1.88,1.53622915,25,
fig,5.083333333,1.612900888,24,
fight,2.5,1.641844138,24,
figure,4.217391304,1.929590671,23,
figurine,5.791666667,1.382473104,24,
filament,3.428571429,2.014235055,21,
file,5.041666667,2.095111633,24,
fill,1.916666667,1.282547284,24,
fillet,4.32,1.95192213,25,
film,4.32,1.62583312,25,
filmstrip,4.12,2.278888618,25,
filmy,1.84,1.280624847,25,
filter,3.96,2.091251619,25,
filth,2.96,1.925270544,25,
filthy,2.08,1.800925688,25,
fin,4.185185185,2.321091206,27,
final,2.04,1.836663642,25,
finalist,2.956521739,2.364092385,23,
finance,2.2,1.892969449,25,
finch,3.703703704,1.588778312,27,
find,2.4,1.936491673,25,
fine,1.88,1.36381817,25,
finger,6.0,1.709700829,27,
fingerboard,5.15,2.084403234,20,
fingered,3.32,2.249444376,25,
fingering,3.428571429,2.314550249,21,
fingernail,5.88,1.855622088,25,
fingerprint,4.291666667,2.440227478,24,
fingerprinting,3.434782609,2.128296095,23,
fingertip,5.928571429,1.653919507,28,
finish,2.192307692,1.918733557,26,
fir,4.272727273,1.956231026,22,
fire,4.208333333,2.063748524,24,
firearm,5.814814815,1.77670908,27,
fireball,2.666666667,1.903467469,24,
firebird,3.818181818,2.21759981,22,
firebomb,3.652173913,2.102135184,23,
firebox,4.363636364,2.127942323,22,
firecracker,4.916666667,1.931808494,24,
firelight,3.541666667,2.283764373,24,
fireplace,5.458333333,1.413572922,24,
firepower,1.807692308,1.414757386,26,
fireproofing,2.206896552,1.698303993,29,
fireside,3.333333333,1.578845662,24,
firestorm,2.333333333,1.833662685,24,
firetrap,3.590909091,2.130483757,22,
firewater,3.791666667,2.12601212,24,
firewood,5.72,1.594783162,25,
firework,4.173913043,2.166945356,23,
fireworks,4.208333333,1.84105751,24,
firm,2.36,1.729161647,25,
firmness,2.045454545,1.863873916,22,
first,2.461538462,2.176800758,26,
firstborn,4.518518519,2.082350195,27,
fish,5.592592593,1.393922503,27,
fishbone,5.173913043,1.874522337,23,
fisherman,4.851851852,1.657238289,27,
fishery,3.416666667,1.909169331,24,
fishmonger,3.95,2.187885304,20,
fishpond,4.791666667,1.864523874,24,
fishy,1.8,1.58113883,25,
fissure,3.3,1.976173868,20,
fist,6.08,1.6563011,25,
fit,2.590909091,1.943465018,22,
fitness,2.565217391,2.370770626,23,
five,1.689655172,1.605869775,29,
fix,2.125,1.596531567,24,
fixture,5.0,1.38312815,24,
fizz,2.8,1.779513042,25,
fizzy,2.043478261,1.718304155,23,
flabby,2.5,2.0,24,
flaccid,2.590909091,2.108013981,22,
flag,5.851851852,1.321528943,27,
flagpole,4.785714286,1.663489034,28,
flagship,3.0,1.718249386,22,
flagstaff,3.826086957,2.166945356,23,
flagstone,4.083333333,1.863065885,24,
flail,3.434782609,2.332109598,23,
flake,3.454545455,1.844613077,22,
flaky,2.48,2.084066538,25,
flamethrower,4.740740741,2.049251131,27,
flamingo,4.185185185,2.131035087,27,
flammable,2.083333333,1.639635873,24,
flank,2.875,1.872280637,24,
flannel,4.869565217,2.201329099,23,
flannels,5.681818182,1.585240364,22,
flap,3.714285714,2.034100818,28,
flapjack,5.2,1.683250823,25,
flare,3.541666667,1.99954705,24,
flares,3.666666667,2.057154359,24,
flash,2.681818182,1.701158251,22,
flashbulb,4.375,1.689159812,24,
flashing,2.125,1.569062307,24,
flashlight,5.869565217,1.686964671,23,
flask,5.416666667,1.863065885,24,
flat,2.2,1.5,25,
flatfoot,3.136363636,1.934534632,22,
flatiron,5.590909091,1.763629669,22,
flatland,3.64,1.976528944,25,
flatten,2.130434783,1.765949341,23,
flattop,3.291666667,1.517411029,24,
flatulence,3.095238095,2.119074371,21,
flatulent,2.88,2.297099621,25,
flavor,3.125,2.232419238,24,
flavorings,3.25,2.005427418,24,
flaw,2.083333333,1.585715218,24,
flaxseed,5.037037037,2.174705665,27,
flea,4.086956522,1.831865504,23,
fleck,3.0,1.863782233,20,
fled,1.583333333,1.017954755,24,
flee,1.956521739,1.26052878,23,
fleece,4.5,1.587998467,24,
Fleet,2.747282609,1.733619,736,
flesh,4.782608696,2.31509909,23,
fleshy,2.36,2.038790491,25,
flew,1.5,0.884651737,24,
flex,2.72,1.947648154,25,
flexible,2.037037037,1.764641639,27,
flick,2.5,1.914854216,28,
flicker,2.208333333,1.667572218,24,
flier,3.76,2.222611077,25,
flight,2.833333333,1.970801352,24,
flimsy,2.777777778,1.761409692,27,
flinch,1.96,1.4571662,25,
flinching,1.777777778,1.527525232,27,
fling,2.272727273,1.85631017,22,
flint,4.192307692,1.939468603,26,
flintstone,2.954545455,1.785584411,22,
flip,3.04,1.813835715,25,
flipper,4.08,2.234576768,25,
flirt,2.8,2.179449472,25,
float,2.8,1.755942292,25,
floater,3.5,1.865009616,24,
floating,2.083333333,1.558055272,24,
flock,3.083333333,1.411649256,24,
flog,2.347826087,1.897574903,23,
flogging,2.423076923,1.814895632,26,
flood,2.92,1.846618531,25,
flooded,2.0,1.444630237,24,
floodgate,3.095238095,1.70014005,21,
flooding,2.48,1.82847842,25,
floodlight,3.6,2.020725942,25,
floor,5.666666667,1.659404468,24,
floorboard,5.791666667,1.614584794,24,
flooring,4.565217391,2.351519566,23,
floozy,2.666666667,1.992740448,24,
flop,1.875,1.541103501,24,
floppy,2.96,1.989137166,25,
floral,2.708333333,1.921936674,24,
florist,4.444444444,2.006400016,27,
floss,5.166666667,1.926173649,24,
flotation,2.541666667,1.768791449,24,
flounder,4.52173913,2.042048108,23,
flour,5.875,1.483606065,24,
floury,1.782608696,1.241572381,23,
flow,2.541666667,1.933214639,24,
flower,5.916666667,1.380506103,24,
flowerbed,5.041666667,1.627993341,24,
flowered,2.24,1.809235566,25,
flowering,2.48,1.82847842,25,
flowerpot,5.0,1.956038588,24,
flowery,2.52173913,2.064187386,23,
flown,1.62962963,1.181529262,27,
flu,2.291666667,1.731527766,24,
fluff,3.136363636,1.983154163,22,
fluffy,3.75,2.066039331,28,
fluid,4.923076923,1.916727981,26,
flung,2.28,2.051828453,25,
fluorescent,1.75,1.45213486,24,
fluoride,3.695652174,1.987112629,23,
flush,2.88,2.088061302,25,
flute,5.75,1.567329493,24,
flutist,4.043478261,2.120854478,23,
flutter,2.851851852,1.854385731,27,
flux,1.869565217,1.289973496,23,
fly,3.826086957,1.96912934,23,
flycatcher,5.375,1.555145736,24,
flyer,3.962962963,2.120984559,27,
flying,2.153846154,1.689788334,26,
flyover,1.666666667,1.090140265,24,
flypaper,5.037037037,2.084401436,27,
flyswatter,5.703703704,1.588778312,27,
flywheel,4.0,1.772810521,22,
foal,4.125,1.825245665,24,
foam,3.652173913,1.92137961,23,
foaming,2.291666667,1.706233244,24,
foamy,2.6,1.825741858,25,
fog,2.47826087,1.647851638,23,
foggy,2.12,1.394034911,25,
foghorn,4.583333333,1.909169331,24,
fold,2.555555556,2.025478734,27,
folded,3.535714286,2.027261295,28,
folder,6.260869565,1.176179922,23,
foliage,4.6,1.779513042,25,
folk,3.208333333,2.063748524,24,
follicle,3.695652174,2.119922439,23,
follow,1.826086957,1.52709391,23,
fondue,4.92,1.891207727,25,
font,2.12,1.615549442,25,
Food,6.470350404,1.108699,742,
foodstuff,4.846153846,1.890868746,26,
fool,3.28,2.092048438,25,
foot,6.0,1.59544807,23,
footage,3.153846154,2.110778201,26,
football,6.12,1.12989675,25,
footballer,5.041666667,1.921936674,24,
footbath,5.090909091,1.341963413,22,
footboard,5.086956522,1.755848499,23,
footbridge,4.777777778,1.783111656,27,
footer,2.863636364,1.909760757,22,
foothill,2.92,1.934769581,25,
foothold,3.347826087,2.207604536,23,
footing,3.166666667,2.057154359,24,
footman,4.782608696,1.650248514,23,
footpad,5.041666667,1.805286119,24,
footpath,4.592592593,1.575271875,27,
footplate,4.875,2.091650066,24,
footprint,3.625,1.837117307,24,
footrace,3.083333333,2.083405796,24,
footsie,3.083333333,2.339019986,24,
footstep,3.28,2.406934426,25,
footsteps,3.615384615,2.118054259,26,
footstool,6.304347826,1.105144277,23,
footwear,6.434782609,0.945135246,23,
for,1.592592593,1.599501347,27,
force,2.307692308,1.954875562,26,
forceps,4.869565217,1.86606898,23,
ford,4.416666667,2.282574189,24,
fore,2.272727273,1.517573821,22,
forearm,5.782608696,1.905888524,23,
forefinger,5.16,2.24870333,25,
forehead,5.777777778,1.928198309,27,
forest,4.6,2.061552813,25,
forestry,3.043478261,2.099312893,23,
forfeit,1.833333333,1.340560125,24,
forge,3.642857143,1.889822365,28,
forger,2.518518519,1.311791798,27,
fork,5.6,2.0,25,
forked,1.80952381,1.249761882,21,
forkful,3.916666667,2.22469669,24,
forklift,5.541666667,1.382473104,24,
form,3.32,1.994158135,25,
formal,2.04,1.790716802,25,
formaldehyde,3.125,1.848912724,24,
format,1.565217391,0.843482336,23,
formation,2.47826087,2.273754708,23,
fornication,3.695652174,2.40141592,23,
fort,4.173913043,1.92240791,23,
fortress,3.08,2.139314532,25,
fortune,2.272727273,1.695422919,22,
forum,2.08,1.441064421,25,
forward,1.869565217,1.455533261,23,
fossil,4.925925926,2.055497805,27,
fought,2.208333333,1.718927033,24,
found,1.652173913,1.228772323,23,
foundation,3.16,1.907878403,25,
founder,2.555555556,1.310705428,27,
fountain,5.208333333,1.768791449,24,
fountainhead,4.523809524,2.015416771,21,
four,1.4,1.040833,25,
foursome,3.083333333,1.998187585,24,
fox,4.115384615,1.861760953,26,
foxhound,4.347826087,2.013786475,23,
foxhunt,2.625,1.995919751,24,
foxtrot,2.608695652,1.971135585,23,
foyer,3.72,1.768238295,25,
fraction,1.458333333,0.883627241,24,
fracture,3.260869565,1.737746485,23,
fragile,1.961538462,1.611974422,26,
fragment,3.0,1.690308509,22,
fragrance,3.208333333,2.105462185,24,
fragrant,2.12,1.691153453,25,
frail,2.173913043,1.669299633,23,
frame,4.956521739,1.965110704,23,
framer,3.56,1.894729532,25,
framing,2.318181818,1.644221154,22,
frank,2.782608696,1.881887876,23,
frankfurter,5.708333333,1.601063958,24,
frankincense,3.5,2.236067977,20,
fray,2.086956522,1.59296874,23,
frayed,1.608695652,1.196173081,23,
fraying,2.12,1.641137817,25,
freak,3.038461538,1.731606635,26,
freckle,3.583333333,2.244155049,24,
freckled,2.347826087,1.695145359,23,
freckles,3.434782609,2.27288537,23,
free,1.56,1.15758369,25,
freebie,2.043478261,1.460954261,23,
freeloader,2.913043478,1.880837422,23,
freemason,3.291666667,2.115762103,24,
freeze,2.44,1.827566688,25,
freezer,5.260869565,1.629762707,23,
freezing,2.916666667,2.301543276,24,
freighter,4.185185185,2.202045151,27,
fresh,2.2,1.779513042,25,
freshman,3.96,2.051016008,25,
fret,2.652173913,2.288482936,23,
friar,4.055555556,2.208865086,18,
friction,2.333333333,1.921537846,27,
fridge,6.166666667,0.916831342,24,
friend,5.0,2.088931871,23,
fright,1.72,1.242309677,25,
frigid,1.608695652,1.305203935,23,
frill,2.80952381,1.88730092,21,
fringe,2.958333333,1.876146992,24,
fringed,1.833333333,1.464557113,24,
frisk,3.333333333,2.330951165,21,
frizz,2.333333333,1.659404468,24,
frizzy,1.75,1.259744626,24,
frog,5.125,1.825245665,24,
frolic,2.166666667,1.785610763,24,
front,2.260869565,1.51409713,23,
frontier,2.44,1.609347694,25,
frontiersman,3.652173913,2.058434879,23,
frost,3.826086957,1.72289856,23,
frostbite,3.5,2.213594362,26,
frosted,2.375,1.689159812,24,
frosting,5.0,1.825741858,25,
frosty,2.307692308,1.643635745,26,
froth,2.695652174,1.769303474,23,
frothing,1.916666667,1.380506103,24,
frown,2.52173913,2.064187386,23,
frowning,2.888888889,2.207214279,27,
froze,1.833333333,1.434563005,24,
frozen,2.56,1.938212235,25,
fruit,6.0,1.441153384,27,
fruitcake,6.0,1.566698904,23,
fruity,1.655172414,1.470565053,29,
fry,3.64,2.580051679,25,
fryer,5.541666667,1.284664283,24,
fudge,5.68,1.281925635,25,
full,1.259259259,0.655895899,27,
fullback,3.047619048,1.883512423,21,
fumble,1.851851852,1.133534422,27,
fume,2.173913043,1.302172098,23,
fun,2.043478261,1.845837107,23,
function,1.956521739,1.460954261,23,
fund,2.666666667,1.852925615,21,
funeral,2.434782609,1.674028537,23,
fungicide,3.384615385,1.790573608,26,
fungus,4.32,2.035517952,25,
funnel,4.833333333,2.035909511,24,
furlough,1.791666667,1.587427963,24,
furnace,4.68,1.651262144,25,
furnish,2.833333333,2.200131748,24,
furnished,2.04,1.27410099,25,
furnishing,4.115384615,2.160128201,26,
furnishings,6.166666667,1.434563005,24,
furniture,6.56,1.193035345,25,
furry,2.541666667,1.718927033,24,
fury,1.583333333,1.138903617,24,
fuse,4.083333333,2.083405796,24,
fused,2.125,1.962972458,24,
fusion,1.956521739,1.330695678,23,
fuss,1.695652174,1.459600898,23,
future,2.346153846,2.171493637,26,
fuzz,3.884615385,2.214983938,26,
fuzzy,2.68,1.842100251,25,
gab,2.217391304,1.881887876,23,
gadget,5.52,1.29486164,25,
gag,3.36,2.138535324,25,
gait,2.869565217,2.180582654,23,
gala,3.192307692,2.020281778,26,
galaxy,1.833333333,1.372609912,24,
gale,2.130434783,1.455533261,23,
gall,1.782608696,1.412815427,23,
gallant,1.608695652,1.269900871,23,
gallbladder,3.652173913,2.16603315,23,
gallery,3.25,1.870828693,24,
galley,2.608695652,1.876629727,23,
gallon,2.461538462,1.605758867,26,
gallop,2.043478261,1.870300435,23,
galloping,2.12,1.715614564,25,
gallows,3.083333333,1.612900888,24,
gallstone,3.434782609,2.085144141,23,
gamble,2.681818182,2.009178075,22,
gambler,4.416666667,2.282574189,24,
game,4.518518519,2.225211664,27,
gamekeeper,3.916666667,1.665941871,24,
gander,1.913043478,1.474419562,23,
gang,3.6,1.957890021,25,
gangrene,2.739130435,1.286905778,23,
gangster,4.36,2.059126028,25,
gap,2.375,1.689159812,24,
gape,1.608695652,1.157549545,23,
garage,4.96,1.71949605,25,
garb,4.541666667,2.264646372,24,
garbage,4.96,1.968078589,25,
garden,5.913043478,1.311246578,23,
gardener,4.958333333,1.781039429,24,
gardenia,4.476190476,1.939563034,21,
gardening,3.88,2.554734168,25,
gargle,3.423076923,2.119869372,26,
gargoyle,2.782608696,2.02162225,23,
garland,5.166666667,1.711004451,24,
garlic,6.32,1.144552314,25,
garment,5.826086957,1.669299633,23,
garnets,4.65,1.694418081,20,
garnish,4.08,2.1,25,
garter,4.904761905,1.813966976,21,
gas,3.652173913,1.668115312,23,
gash,2.958333333,2.053187695,24,
gashes,3.208333333,1.864523874,24,
gasket,4.846153846,2.166883618,26,
gaslight,2.791666667,1.614584794,24,
gasp,1.956521739,1.460954261,23,
gate,5.956521739,1.296087149,23,
gatehouse,4.464285714,1.426784597,28,
gatekeeper,4.44,2.2,25,
gateway,3.791666667,1.99954705,24,
gather,1.833333333,1.16718415,24,
gator,4.0,1.888178326,24,
gauge,3.44,2.022374842,25,
gaunt,2.090909091,1.305996825,22,
gauntlet,4.125,2.091650066,24,
gauze,5.88,1.30128142,25,
gavel,4.545454545,2.154226692,22,
gawk,1.347826087,0.714059817,23,
gay,2.16,1.993322185,25,
gaze,1.875,1.115600832,24,
gazebo,5.25,1.847442415,24,
gazelle,3.75,1.847442415,24,
gazette,3.125,2.173206407,24,
gear,4.695652174,2.20402076,23,
gearbox,5.041666667,1.428869017,24,
gecko,4.037037037,1.604835996,27,
geezer,3.541666667,2.063748524,24,
gelatinous,2.125,1.423788577,24,
gem,5.517241379,1.639265725,29,
gender,2.56,2.001665973,25,
gene,2.56,2.274496281,25,
genealogist,4.041666667,1.852827843,24,
generator,4.47826087,1.903813523,23,
geneticist,4.115384615,1.773740073,26,
genie,2.12,1.6663333,25,
genital,5.826086957,1.466355219,23,
genitalia,5.64,1.84571576,25,
genitals,6.130434783,1.099766414,23,
genius,3.541666667,2.245365598,24,
gent,3.739130435,2.26067953,23,
gentile,3.130434783,2.138486037,23,
gentle,2.137931034,2.048067694,29,
gentleman,4.961538462,1.865063414,26,
gentlewoman,4.166666667,2.119611668,24,
geographer,3.0,2.067057637,23,
geography,1.904761905,1.729299335,21,
geologist,4.0,1.841549442,24,
geranium,4.695652174,2.032347112,23,
germ,4.333333333,1.948615265,24,
gesture,2.75,1.823756277,24,
get,2.333333333,2.112235418,27,
geyser,3.0,1.936491673,25,
ghetto,2.653846154,1.623386773,26,
ghost,1.76,1.479864859,25,
ghoul,2.25,1.799758438,24,
giant,2.565217391,1.996043517,23,
giblets,4.714285714,2.052872552,21,
gift,5.380952381,1.687488977,21,
gig,2.956521739,2.184204887,23,
gigantic,1.952380952,1.564486832,21,
giggle,3.043478261,2.325320327,23,
giggling,1.846153846,1.347362095,26,
gilding,2.208333333,1.284664283,24,
gill,3.037037037,1.828860122,27,
gin,5.074074074,2.0177277,27,
ginger,5.32,1.886796226,25,
gingerbread,5.48,1.475353065,25,
gingersnap,4.703703704,2.034600978,27,
giraffe,4.0,1.941450687,27,
girdle,5.52173913,1.23838477,23,
girl,5.52,1.686218649,25,
girlfriend,5.730769231,1.563526586,26,
girth,1.88,1.235583533,25,
give,1.92,1.288409873,25,
gizzard,3.458333333,1.284664283,24,
glacier,3.44,1.938212235,25,
glade,3.227272727,2.022064437,22,
gladiator,4.0,2.0,25,
glamorous,1.652173913,1.495711921,23,
glance,2.24,1.6653328,25,
gland,3.074074074,2.036700309,27,
glare,2.038461538,1.535728341,26,
glaring,2.166666667,1.711004451,24,
glass,6.12,1.589549202,25,
glassblower,4.52173913,2.107768428,23,
glasses,6.541666667,0.721060009,24,
glassful,3.04,2.111081871,25,
glasshouse,3.423076923,2.042999303,26,
glassware,5.964285714,1.137969044,28,
glassy,2.2,2.0,25,
glaucoma,2.416666667,1.529895327,24,
glaze,2.72,1.646207763,25,
glazing,3.043478261,1.845837107,23,
gleam,1.416666667,1.059805834,24,
gleaming,1.52173913,1.162660164,23,
glen,3.0,1.799470822,22,
glide,1.695652174,0.926124997,23,
glider,4.5,1.772004515,26,
gliding,2.148148148,1.586086226,27,
glimmer,1.75,0.896854406,24,
glimpse,3.25,2.066039331,28,
glisten,1.434782609,0.787752093,23,
glistening,1.52173913,0.947223945,23,
glitter,4.434782609,2.018687399,23,
globe,5.28,1.696073898,25,
globetrotter,3.571428571,1.772810521,28,
globular,1.476190476,1.167006753,21,
gloom,1.958333333,1.627993341,24,
glory,1.863636364,1.612317307,22,
gloss,3.0,1.901416476,27,
glossy,2.148148148,1.833527573,27,
glove,6.458333333,0.9770927,24,
glow,1.76,1.267543556,25,
glowing,2.166666667,1.761093205,24,
glucose,3.428571429,2.23488456,28,
glue,5.043478261,1.89444789,23,
gluten,3.347826087,2.16603315,23,
glutton,2.8,2.081665999,25,
glycerin,3.52,2.002498439,25,
glycerine,4.434782609,1.532261755,23,
glycerol,3.913043478,1.729767285,23,
gnarled,1.681818182,1.170525468,22,
gnat,3.583333333,1.954185401,24,
gnaw,3.25,2.453923212,24,
gnawing,2.681818182,2.146677691,22,
gnome,3.24,1.738773514,25,
go,1.541666667,0.883627241,24,
goal,3.0,2.0,25,
goalie,3.913043478,1.904851306,23,
goalkeeper,4.458333333,1.910592138,24,
goalpost,4.84,1.907878403,25,
goat,4.8,1.779513042,25,
goatee,4.375,2.373998645,24,
goatskin,4.44,1.850225212,25,
gobble,2.291666667,1.966660526,24,
gobbler,2.652173913,1.92137961,23,
goblet,5.826086957,1.825381004,23,
goblin,3.291666667,2.595634574,24,
god,2.458333333,2.283764373,24,
godchild,3.925925926,1.979236953,27,
goddaughter,5.04,1.946792233,25,
goddess,2.04,1.790716802,25,
godfather,5.043478261,1.845837107,23,
godmother,5.19047619,1.470341716,21,
godparent,5.260869565,1.912100019,23,
goggle,4.458333333,2.245365598,24,
goggles,6.125,1.392916864,24,
going,2.16,1.724335621,25,
gold,4.75,1.870828693,24,
goldfish,4.739130435,1.737746485,23,
goldmine,3.52,1.851125784,25,
goldsmith,4.375,1.526932133,24,
golf,4.76,1.942506971,25,
golfer,4.583333333,2.041241452,24,
golfing,4.111111111,2.407253995,27,
gondola,4.916666667,2.083405796,24,
gong,4.166666667,1.970801352,24,
goo,4.130434783,2.11712386,23,
good,2.142857143,1.681835732,21,
goods,4.130434783,2.051703235,23,
gooey,2.555555556,1.928198309,27,
goof,3.269230769,2.307512814,26,
goose,5.260869565,1.737746485,23,
gooseberry,5.041666667,2.053187695,24,
gopher,3.956521739,1.821045176,23,
gore,2.32,1.70098011,25,
gorge,3.15,2.134306247,20,
gorgeous,1.48,1.045625809,25,
gorilla,4.041666667,1.756458063,24,
gosling,3.111111111,2.16628956,18,
gospel,1.68,1.46401275,25,
gossip,2.08,1.913112647,25,
gouge,2.296296296,1.488799589,27,
goulash,4.846153846,1.826303539,26,
gourd,5.208333333,2.166527309,24,
gourmet,2.24,1.42243922,25,
governess,4.083333333,1.839580923,24,
governor,3.708333333,1.988645304,24,
gown,6.36,1.254325848,25,
grab,2.75,2.307831657,24,
grace,2.208333333,1.718927033,24,
grade,2.173913043,1.825381004,23,
graduation,2.44,1.872609587,25,
graft,3.16,1.818424226,25,
grail,3.458333333,1.887698545,24,
grain,5.217391304,1.277658431,23,
grammar,1.4,0.866025404,25,
gramophone,5.25,1.725763851,24,
grandchild,5.24,2.067204231,25,
granddaughter,5.0,2.041241452,25,
grandfather,5.833333333,1.551063216,24,
grandma,5.769230769,1.58259767,26,
grandnephew,5.08,2.059935274,25,
grandniece,4.708333333,1.805286119,24,
grandpa,5.76,1.71464282,25,
grandparent,5.56,1.556705924,25,
grandson,5.785714286,1.52405752,28,
grandstand,2.772727273,2.068627753,22,
granite,4.666666667,2.105548226,21,
granny,5.083333333,1.931808494,24,
grant,2.0,1.668115312,24,
granular,2.173913043,1.370208143,23,
grape,6.214285714,1.44932022,28,
grapefruit,5.96,1.428285686,25,
grapevine,4.869565217,2.006905076,23,
graph,3.16,1.841195264,25,
graphic,2.652173913,1.695145359,23,
graphics,3.086956522,1.504932601,23,
graphite,4.590909091,2.062340116,22,
grasp,2.956521739,2.077547962,23,
grass,5.454545455,1.870250116,22,
Grasshopper,4.753721245,1.882445,739,
grassland,3.8,1.914854216,25,
grassy,3.166666667,2.200131748,24,
grate,4.0,2.0,26,
grater,4.92,1.754042949,25,
gratitude,1.37037037,0.88353086,27,
grave,4.730769231,2.011122916,26,
gravel,5.461538462,1.702486869,26,
graves,4.130434783,1.890270491,23,
gravestone,4.875,1.825245665,24,
graveyard,4.608695652,2.039142655,23,
gravy,5.333333333,1.685401943,24,
gray,1.538461538,1.420725708,26,
graze,2.72,1.83757086,25,
grease,4.666666667,1.732050808,27,
greasiness,2.652173913,1.695145359,23,
greasy,2.666666667,1.785610763,24,
greed,1.6,1.190238071,25,
green,2.166666667,1.926173649,24,
greenback,4.904761905,2.142539659,21,
greenery,4.375,1.860633366,24,
greenhouse,5.260869565,1.388831795,23,
greenroom,3.615384615,2.316496028,26,
greens,4.5,2.110066575,22,
greet,2.541666667,1.933214639,24,
grenade,5.2,1.779513042,25,
grenadine,4.25,2.231201665,24,
grew,2.48,2.084066538,25,
grey,2.222222222,1.967687697,27,
greyhound,4.636363636,2.150203856,22,
grid,2.961538462,2.049014773,26,
griddle,5.739130435,1.839401862,23,
gridiron,3.823529412,2.068673915,17,
grief,1.416666667,1.059805834,24,
griffin,1.714285714,1.23056317,21,
grill,5.72,1.307669683,25,
grillwork,3.954545455,2.103902784,22,
grimacing,2.857142857,2.080521913,21,
grime,4.125,2.112334377,24,
grimy,2.208333333,1.887698545,24,
grin,2.72,1.882374387,25,
grind,2.64,2.038790491,25,
grinding,2.416666667,1.839580923,24,
grindstone,3.52,1.98158186,25,
grip,2.75,2.048329118,24,
grisly,1.652173913,1.191206251,23,
gristle,3.541666667,1.84105751,24,
grit,3.083333333,2.22469669,24,
grits,5.291666667,1.966660526,24,
gritty,1.782608696,1.444630237,23,
grizzly,2.52,1.710750323,25,
groan,3.392857143,2.408923007,28,
groaning,2.48,1.98158186,25,
groceries,5.962962963,1.427248064,27,
grocery,5.068965517,1.602030731,29,
groggy,1.666666667,1.274044115,24,
groin,5.72,1.568438714,25,
groom,5.0,2.019900988,26,
groove,2.75,1.700383588,24,
grope,2.565217391,1.902775173,23,
gross,1.52173913,0.947223945,23,
grotesque,1.19047619,0.679635757,21,
grotto,3.56,1.583245612,25,
grouch,2.724137931,1.980197532,29,
ground,5.875,1.512628004,24,
groundhog,3.727272727,2.207817672,22,
groundsheet,4.066666667,1.751190072,15,
groundsman,4.333333333,2.014440621,24,
groupie,4.083333333,2.062431378,24,
grove,3.769230769,1.680659211,26,
grovel,2.407407407,2.024071663,27,
grow,2.391304348,2.061313139,23,
grower,2.772727273,2.068627753,22,
growl,1.791666667,1.350657382,24,
growler,2.0,1.573591585,22,
growling,2.32,1.77294482,25,
grub,4.208333333,2.063748524,24,
grubby,2.04,1.743559577,25,
grumbling,1.555555556,1.395964881,27,
grunt,3.357142857,2.264284462,28,
guard,5.0,1.817786518,24,
guardhouse,4.28,1.369914839,25,
guardrail,4.36,2.099206199,25,
guardroom,3.590909091,1.652100853,22,
guardsman,4.481481481,2.045076082,27,
guerrilla,3.0,2.044949433,23,
guest,4.857142857,1.64911392,28,
guesthouse,4.913043478,1.998022738,23,
guestroom,4.538461538,1.794007118,26,
guide,3.333333333,1.970801352,24,
guidebook,5.791666667,1.284664283,24,
guild,1.954545455,1.495302891,22,
guillotine,4.52173913,2.086091718,23,
guilt,1.576923077,1.331858158,26,
guinea,3.391304348,2.083247693,23,
guise,1.523809524,0.872871561,21,
Guitar,6.293243243,1.101952,740,
guitarist,4.75,1.961587644,24,
gulf,2.84,2.095232684,25,
gull,3.5,2.064438123,22,
gully,3.08,1.754042949,25,
gulp,2.777777778,2.044379412,27,
gulping,2.28,1.671326818,25,
gum,6.36,0.907377173,25,
gumbo,4.619047619,2.060975266,21,
gumdrop,5.875,1.541103501,24,
gummed,1.954545455,1.495302891,22,
gummy,3.4,2.327373341,25,
gun,6.12,1.332916602,25,
gunboat,4.25,1.893926219,24,
gunfighter,4.52,1.782320585,25,
gunmetal,3.285714286,2.148088852,21,
gunnysack,4.666666667,1.878672873,18,
gunpowder,4.96,1.903505538,25,
gunshot,3.5,2.041241452,22,
gunslinger,4.107142857,1.931019414,28,
gunsmith,4.08,1.891207727,25,
guppy,3.727272727,1.93173542,22,
gurgle,3.0,2.309401077,25,
gurgling,2.608695652,1.876629727,23,
guru,3.24,2.02649122,25,
gush,1.76,1.3,25,
gusher,2.428571429,1.832250763,21,
gut,3.375,1.906795628,24,
guts,3.04,2.030599255,25,
gutter,3.75,1.674618711,24,
guy,5.84,1.795364401,25,
gym,4.958333333,2.235662856,24,
gymnasium,4.464285714,1.621205378,28,
gymnast,5.0,1.683250823,25,
gymnastic,3.0,2.236067977,23,
gymnastics,3.111111111,1.967687697,27,
gynecologist,4.833333333,1.711004451,24,
gypsy,3.956521739,2.055552588,23,
gyrate,3.125,2.212857684,24,
gyration,3.956521739,2.305689817,23,
gyroscope,4.814814815,1.798226413,27,
habit,1.727272727,1.638286509,22,
hacienda,3.4,1.875043859,20,
hack,2.653846154,2.018758186,26,
haemorrhage,2.777777778,2.073801725,18,
hag,3.391304348,2.168768617,23,
haggard,1.904761905,1.179184545,21,
haggle,1.636363636,1.216765993,22,
hail,3.791666667,2.021174146,24,
hailstone,5.0,2.088931871,23,
hailstorm,3.47826087,2.293658555,23,
hair,6.318181818,0.994574024,22,
hairbrush,6.48,0.962635272,25,
haircut,3.826086957,1.825381004,23,
hairdo,5.08,1.730125236,25,
hairdresser,5.384615385,1.471785938,26,
hairless,2.8,2.081665999,25,
hairline,4.92,1.998332638,25,
hairnet,5.458333333,1.99954705,24,
hairpiece,5.956521739,1.330695678,23,
hairpin,6.125,1.295896534,24,
hairstyle,4.68,1.81934054,25,
hairstylist,5.041666667,1.852827843,24,
hairy,3.038461538,2.125667316,26,
half,1.625,1.013495887,24,
halfback,2.95,1.932410548,20,
halitosis,2.05,1.468081455,20,
hall,4.346153846,1.874935896,26,
hallway,4.708333333,1.921936674,24,
halo,1.916666667,1.282547284,24,
halve,1.826086957,1.230379613,23,
halved,1.653846154,1.440619525,26,
halves,1.961538462,1.84349167,26,
ham,5.541666667,1.768791449,24,
hamburger,6.148148148,1.511588663,27,
hamlet,2.818181818,2.174229226,22,
hammer,6.173913043,1.402989468,23,
hammering,2.84,2.154065923,25,
hammock,6.166666667,1.129319405,24,
hamper,4.4,2.309401077,25,
hamster,5.583333333,1.31601066,24,
hamstring,5.08,1.823915203,25,
hand,6.44,1.293573861,25,
handbag,6.0,1.632993162,25,
handball,5.75,1.510830466,24,
handbook,5.782608696,1.506245234,23,
handbrake,5.083333333,1.639635873,24,
handcart,5.6,1.471960144,25,
handclap,4.434782609,2.464771554,23,
handclasp,4.681818182,2.23364668,22,
handgun,5.761904762,1.179184545,21,
handhold,5.045454545,1.731425857,22,
handicraft,4.185185185,2.434322478,27,
handkerchief,5.72,1.429452109,25,
handle,4.958333333,2.274225461,24,
handlebar,5.384615385,1.790573608,26,
handmade,2.62962963,1.842827012,27,
handmaid,4.16,1.951068084,25,
handmaiden,4.038461538,1.928331283,26,
handrail,5.227272727,1.875450884,22,
handsaw,6.076923077,1.163548948,26,
handshake,5.636363636,1.915984256,22,
handsome,1.739130435,1.51409713,23,
handstand,3.782608696,2.255428235,23,
handwork,4.928571429,1.961265114,28,
handwriting,3.916666667,2.22469669,24,
hang,1.666666667,1.16718415,24,
hangar,4.148148148,1.875011871,27,
hanger,5.291666667,1.781039429,24,
hangnail,5.814814815,1.387777333,27,
hangout,2.25,1.510830466,24,
hangover,2.0,1.834021909,23,
hanky,4.481481481,2.326608135,27,
happy,2.043478261,1.870300435,23,
harass,2.434782609,1.779327936,23,
harbor,3.5,1.794435844,26,
hard,2.75,1.95552399,28,
hardboiled,2.37037037,1.842827012,27,
hardcover,4.652173913,2.228099387,23,
hardware,5.52,1.446835628,25,
hardwood,5.076923077,1.998460946,26,
hare,3.769230769,1.839732422,26,
harem,3.363636364,1.813847648,22,
harlot,3.869565217,2.051703235,23,
harm,2.043478261,1.551487874,23,
harmonica,6.416666667,1.100065874,24,
harmony,1.72,1.137248141,25,
harness,4.4,2.041241452,25,
harp,5.8,1.658312395,25,
harpist,4.304347826,2.032347112,23,
harpoon,4.0,2.02162225,24,
harpsichord,4.904761905,1.946914531,21,
harsh,1.592592593,1.278799294,27,
harvest,4.464285714,1.452511053,28,
harvester,3.68,2.014944168,25,
hash,3.47826087,2.23341494,23,
hashish,4.909090909,1.508991808,22,
hasten,1.826086957,1.497032638,23,
hat,6.44,1.121011448,25,
hatband,5.16,1.841195264,25,
hatch,3.925925926,2.200103598,27,
hatchback,4.818181818,1.991323169,22,
hatchery,4.166666667,1.833662685,24,
hatchet,5.791666667,1.531670491,24,
hatchway,4.0,2.236067977,21,
hate,1.608695652,1.373089762,23,
hatless,1.777777778,1.625123269,27,
haul,2.4,1.892969449,25,
hauler,4.0,1.951800146,22,
have,1.541666667,1.062366786,24,
haven,2.208333333,1.587427963,24,
hawk,3.36,1.912241268,25,
haymaker,3.92,1.934769581,25,
haystack,4.956521739,1.58051375,23,
hazard,1.916666667,1.100065874,24,
haze,1.961538462,1.482720991,26,
hazel,2.090909091,1.630340044,22,
hazy,1.47826087,0.994053466,23,
he,2.96,2.335950913,25,
head,5.48,1.584297952,25,
headache,2.583333333,1.931808494,24,
headboard,5.52,1.686218649,25,
headcheese,4.208333333,2.225917821,24,
headdress,5.541666667,1.955575456,24,
header,2.043478261,1.26052878,23,
headgear,5.625,1.610090465,24,
headhunter,3.230769231,1.986105582,26,
headless,1.782608696,0.951387587,23,
headlight,4.538461538,1.94382652,26,
headline,1.913043478,1.345465228,23,
headmaster,3.32,2.014944168,25,
headmistress,4.555555556,1.98713813,27,
headphones,6.083333333,0.974307632,24,
headpiece,5.347826087,1.584260529,23,
headquarter,2.869565217,1.713697433,23,
headrest,5.346153846,1.978733083,26,
headroom,1.636363636,1.176979773,22,
heads,4.28,1.947648154,25,
headset,6.0,1.314257481,23,
headsman,3.782608696,2.275492389,23,
headstand,3.434782609,2.464771554,23,
headstone,4.107142857,2.078804602,28,
heal,2.28,1.541644144,25,
health,2.25,1.674618711,24,
heap,2.37037037,1.757361399,27,
hear,1.769230769,1.478044446,26,
hearse,4.928571429,1.76233371,28,
heart,3.666666667,1.785610763,24,
heartbeat,3.111111111,2.006400016,27,
hearth,4.227272727,1.823962671,22,
heat,3.0,1.97604704,22,
heathen,3.25,1.823756277,24,
heave,2.818181818,2.061815281,22,
heaven,2.0,1.745743122,22,
heavy,2.24,1.71464282,25,
hedge,4.142857143,2.056349053,21,
hedgehog,5.043478261,1.718304155,23,
heel,4.666666667,2.140025735,24,
heifer,3.739130435,2.049775848,23,
height,1.56,1.15758369,25,
heir,3.16,1.818424226,25,
heiress,3.92,2.196967607,25,
heirloom,4.217391304,2.430049041,23,
helicopter,5.178571429,1.611384761,28,
heliport,3.173913043,1.874522337,23,
hell,2.0,1.443375673,25,
hello,2.28,2.031419865,25,
helm,3.666666667,2.152517905,21,
helmet,6.111111111,1.154700538,27,
helmeted,2.52173913,1.728624393,23,
helmsman,3.565217391,1.804693048,23,
help,2.541666667,1.99954705,24,
hem,4.166666667,2.25863881,24,
hemisphere,1.333333333,0.733799386,27,
hemlock,3.043478261,1.637022265,23,
hemoglobin,3.04,1.946792233,25,
hemorrhage,2.586206897,1.91828125,29,
hemp,4.181818182,2.129975713,22,
hen,4.652173913,2.228099387,23,
henna,3.578947368,1.923994383,19,
hepatitis,2.384615385,1.576754212,26,
her,4.034482759,1.99074212,29,
herald,2.227272727,1.445248971,22,
herb,5.826086957,1.556574734,23,
herbal,2.68,2.212088003,25,
herbivore,4.363636364,1.865615041,22,
herd,3.0,1.834021909,23,
herding,2.181818182,1.500360707,22,
herdsman,3.740740741,1.872731296,27,
here,1.8,1.607275127,25,
heredity,2.166666667,1.903467469,24,
heresy,2.227272727,1.743882319,22,
hermaphrodite,4.136363636,2.252944202,22,
hermit,3.347826087,2.013786475,23,
hernia,3.423076923,2.335347116,26,
hero,3.0,1.719453907,24,
heroin,4.423076923,2.023325519,26,
heroine,3.52173913,2.042048108,23,
heroism,2.172413793,2.122481121,29,
heron,3.571428571,2.501428163,21,
herpes,3.458333333,1.887698545,24,
herring,4.409090909,2.108013981,22,
herringbone,3.47826087,1.927541185,23,
hers,2.043478261,1.770420106,23,
hertz,1.826086957,1.800307396,23,
hexagon,2.84,1.795364401,25,
hexagonal,1.807692308,1.697509488,26,
hi,1.222222222,0.640512615,27,
hibachi,4.666666667,1.932183566,21,
hibiscus,4.952380952,1.532194194,21,
hiccup,2.739130435,2.115256084,23,
hick,2.681818182,1.756250433,22,
hickory,4.357142857,1.66030532,28,
hide,2.44,1.757839583,25,
hideaway,3.52173913,2.019666156,23,
hieroglyph,3.296296296,2.108860699,27,
hieroglyphic,2.75,1.621861518,24,
hieroglyphics,3.416666667,1.815792237,24,
high,1.296296296,0.724027986,27,
highball,4.181818182,2.342899377,22,
highschool,4.04,1.670329309,25,
highwayman,4.25,1.823756277,24,
hijack,1.88,1.589549202,25,
hijacker,3.72,2.150968774,25,
hike,3.173913043,2.348155445,23,
hiker,5.260869565,1.657418346,23,
hill,4.535714286,1.710147121,28,
hillbilly,3.538461538,1.984555753,26,
hillside,3.75,2.069446471,24,
him,4.47826087,2.150466444,23,
hind,2.6,2.087557122,20,
hinge,4.333333333,2.119611668,24,
hip,5.086956522,2.130152438,23,
hippie,4.56,2.292742172,25,
hippo,3.965517241,2.195494715,29,
hippopotamus,3.285714286,2.38602634,28,
hipster,4.08,2.039607805,25,
hire,1.75,1.326977605,24,
his,1.791666667,1.444003091,24,
hiss,2.0,1.44222051,26,
hissing,1.869565217,1.740019536,23,
historian,4.083333333,1.815792237,24,
hit,2.576923077,2.042999303,26,
hitch,3.592592593,2.188418102,27,
hitchhiker,4.375,1.636871353,24,
hive,3.4,1.707825128,25,
hives,4.0,1.956038588,24,
hoard,2.8,1.870828693,25,
hoarse,1.958333333,1.573673815,24,
hoax,1.88,1.480990659,25,
hobble,2.391304348,2.147707667,23,
hobby,3.4,2.179449472,25,
hobbyhorse,4.181818182,1.967264565,22,
hobgoblin,1.894736842,1.696229048,19,
hobo,2.956521739,1.941842164,23,
hock,2.388888889,1.68519117,18,
hockey,3.208333333,1.864523874,24,
hoe,5.545454545,1.565316725,22,
hog,4.407407407,1.865872847,27,
hoist,2.909090909,2.113653819,22,
hoisting,2.260869565,1.737746485,23,
hold,2.32,2.014944168,25,
holder,4.28,1.989974874,25,
holding,4.428571429,2.363747361,28,
hole,4.090909091,1.94958093,22,
holiday,2.304347826,1.794810261,23,
holler,1.958333333,1.573673815,24,
hollow,1.88,1.332916602,25,
holocaust,2.68,2.13541565,25,
holograph,2.625,1.860633366,24,
holster,4.68,2.014944168,25,
holy,1.291666667,0.750603622,24,
home,5.434782609,1.779327936,23,
homemaker,5.285714286,1.383959506,28,
homestead,3.730769231,2.050515883,26,
homework,5.32,1.281925635,25,
homicide,2.230769231,1.817860111,26,
hone,2.0,1.705605731,23,
honest,1.625,1.312564698,24,
honey,5.434782609,2.085144141,23,
honeybee,4.16,2.173323108,25,
honeycomb,4.695652174,1.987112629,23,
honeydew,5.444444444,1.867399124,27,
honeymoon,2.75,2.231201665,24,
honeysuckle,5.375,1.714706211,24,
honk,2.782608696,2.109642834,23,
hood,5.44,1.894729532,25,
hoodlum,4.25,2.111047545,24,
Hoof,4.016348774,1.951598,734,
hook,5.0,1.825741858,25,
hookah,6.25,0.944089163,24,
hookers,5.08,2.080064102,25,
hookworm,3.086956522,1.998022738,23,
hooligan,4.04,2.009975124,25,
hoop,5.296296296,1.957526202,27,
hooray,1.555555556,1.050030525,27,
hoot,2.260869565,1.711389422,23,
hooter,2.80952381,2.015416771,21,
hop,2.791666667,2.063748524,24,
hope,2.12,1.94336478,25,
hopper,3.166666667,1.970801352,24,
hopscotch,3.37037037,2.002846977,27,
horde,2.166666667,1.785610763,24,
horizontally,1.259259259,0.712125345,27,
hormone,2.875,2.327762501,24,
horn,5.291666667,1.680558051,24,
hornet,4.08,2.039607805,25,
hornless,2.047619048,1.856776521,21,
hornpipe,4.217391304,2.214754691,23,
horse,5.88,1.53622915,25,
horseback,3.833333333,1.926173649,24,
horsefly,4.32,1.547040185,25,
horsehair,4.16,1.907878403,25,
horseman,4.28,1.696073898,25,
horseplay,3.92,2.196967607,25,
horseradish,5.24,1.984943324,25,
horseshit,3.695652174,2.054590926,23,
horseshoe,5.2,1.632993162,25,
horsewhip,4.652173913,1.721751108,23,
horsewoman,3.84,2.13463502,25,
horticulturist,3.666666667,1.948615265,24,
hose,5.565217391,2.1068306,23,
hosiery,5.565217391,1.440520328,23,
hospice,3.583333333,1.931808494,24,
host,3.730769231,2.219147445,26,
hostage,3.782608696,2.173320077,23,
hostel,4.708333333,1.876146992,24,
hostess,5.214285714,1.685606669,28,
hostile,2.090909091,1.973855085,22,
hot,3.0,2.483277404,25,
hotel,5.695652174,1.184551415,23,
hothouse,3.666666667,1.825741858,21,
hotplate,5.230769231,1.607673905,26,
hound,4.962962963,1.786304339,27,
hour,1.346153846,0.891843381,26,
hourglass,4.583333333,1.767254482,24,
house,5.782608696,1.677566466,23,
houseboat,4.956521739,2.077547962,23,
houseboy,4.583333333,1.815792237,24,
housecoat,5.653846154,1.765045216,26,
housefly,4.541666667,2.042572263,24,
household,3.652173913,2.102135184,23,
householder,3.454545455,1.870250116,22,
housekeeper,4.458333333,1.793203756,24,
housemaid,4.84,2.095232684,25,
houseman,3.9,2.10012531,20,
housetops,3.0,1.709700829,27,
housewife,5.2,1.527525232,25,
housework,3.92,2.30795725,25,
housing,3.304347826,2.244888793,23,
hover,1.888888889,1.577079417,27,
hovercraft,3.958333333,2.115762103,24,
hovering,1.76,1.267543556,25,
how,1.846153846,1.848075923,26,
howl,2.0,1.445997611,23,
howling,1.545454545,1.100963765,22,
hub,3.423076923,2.248076101,26,
hubcap,4.833333333,2.035909511,24,
huckleberry,4.037037037,1.742709682,27,
huddle,2.666666667,1.980675875,27,
huddling,3.260869565,2.300541266,23,
hue,1.76,1.362595562,25,
huff,2.416666667,1.863065885,24,
hug,4.652173913,2.385728317,23,
huge,1.347826087,1.265223504,23,
hula,3.5,2.22003861,22,
hulk,1.76,1.234233905,25,
hull,3.833333333,1.833662685,24,
hum,2.36,2.018250067,25,
human,5.666666667,1.685401943,24,
humid,1.814814815,1.272098117,27,
humming,2.625,2.102017664,24,
hummingbird,4.071428571,2.035400978,28,
humor,1.653846154,1.231009592,26,
hump,3.333333333,1.761093205,24,
humpback,2.958333333,1.805286119,24,
humpbacked,1.84,1.21380943,25,
hunchback,3.625,2.039021504,24,
hundred,1.72,1.369914839,25,
hung,2.0,1.593255014,27,
hunger,2.708333333,2.255026591,24,
hungry,2.961538462,2.253544217,26,
hunk,3.461538462,2.249102385,26,
hunt,2.32,1.492201952,25,
hunter,4.0,2.041241452,25,
hunting,3.739130435,2.093656899,23,
huntress,3.714285714,2.034100818,28,
huntsman,3.592592593,1.474377555,27,
hurdle,4.36,1.776701063,25,
hurdler,3.086956522,2.108705839,23,
hurl,2.208333333,1.587427963,24,
hurrah,1.88,1.36381817,25,
hurricane,2.24,1.2,25,
hurry,1.75,1.567329493,24,
hurt,2.08,1.956186767,25,
hurtle,3.130434783,2.073739438,23,
husband,6.041666667,1.232853412,24,
hush,2.25,1.893926219,24,
hushed,2.04,1.743559577,25,
husk,4.304347826,2.032347112,23,
husky,4.892857143,1.950105139,28,
hussy,3.142857143,2.128044038,21,
hustle,1.869565217,1.455533261,23,
hustler,2.913043478,2.151385251,23,
hut,5.130434783,1.791503884,23,
hutch,4.708333333,1.852827843,24,
hybrid,2.36,1.997498436,25,
hydrant,3.96,2.030599255,25,
hydrated,2.037037037,1.931151141,27,
hydraulic,2.25,1.45213486,24,
hydraulics,2.8,1.658312395,25,
hydrocarbon,2.166666667,1.736229465,24,
hydrochloride,3.130434783,1.914166038,23,
hydroplane,2.833333333,1.926173649,24,
hydrotherapy,2.541666667,1.887698545,24,
hyena,3.708333333,2.196423311,24,
hygiene,2.608695652,2.104953691,23,
hymen,3.75,2.131543633,24,
hymn,2.92,1.730125236,25,
hyphen,1.956521739,1.718304155,23,
hypnotist,4.44,1.827566688,25,
hypotenuse,1.722222222,1.447332457,18,
hypothermia,2.25,1.594828599,24,
hysterectomy,2.375,1.78915817,24,
ice,5.458333333,1.693444308,24,
iceboat,4.37037037,1.620734595,27,
icebox,5.181818182,1.867934016,22,
icehouse,4.0,2.023669463,22,
icepick,5.416666667,1.767254482,24,
icing,4.76,1.963839776,25,
icon,3.740740741,2.011363728,27,
icy,3.391304348,2.147707667,23,
ideal,1.304347826,0.764840008,23,
idiot,4.103448276,2.127117896,29,
idle,2.181818182,1.735795787,22,
idol,3.545454545,1.844613077,22,
if,1.4,1.322875656,25,
igloo,4.851851852,1.791082692,27,
ignite,2.12,1.73973178,25,
iguana,5.166666667,1.736229465,24,
ill,2.074074074,1.858989095,27,
illicit,1.48,0.918331821,25,
illuminate,1.333333333,0.637022057,24,
illuminated,1.76,1.2,25,
illustration,3.434782609,1.854382695,23,
illustrator,4.48,1.98158186,25,
image,3.428571429,1.970684623,28,
imagination,2.25,2.005427418,24,
immense,1.476190476,0.872871561,21,
immunization,4.0,2.256304299,23,
impact,1.84,1.624807681,25,
impale,2.0,1.243163121,23,
impede,1.52,1.159022577,25,
implant,4.2,1.957890021,25,
implode,1.5,0.74001287,22,
import,2.08,1.869046103,25,
impound,1.92,1.411854572,25,
impress,1.892857143,1.832611691,28,
impression,2.136363636,1.753783788,22,
imprint,3.173913043,1.96912934,23,
improvise,2.12,1.589549202,25,
impulse,2.16,1.650252506,25,
in,2.25,1.823756277,24,
inanimate,1.869565217,1.546384282,23,
incense,3.791666667,2.042572263,24,
incentive,2.44,1.959591794,25,
incest,1.8,1.527525232,25,
inch,1.666666667,1.403928236,24,
incident,1.75,1.421878733,24,
incinerate,1.75,1.15155849,24,
incineration,2.0,1.414213562,23,
incinerator,3.666666667,1.88048714,24,
incision,3.92,1.681269362,25,
incline,2.72,2.072036036,25,
income,1.962962963,1.315045524,27,
incontinence,2.48,1.805547009,25,
increase,1.80952381,1.327367606,21,
incubator,4.291666667,1.756458063,24,
indentation,2.333333333,1.711004451,24,
independence,1.64,1.113552873,25,
indestructible,1.56,1.15758369,25,
index,2.5,1.933683127,24,
indict,2.043478261,1.58051375,23,
indigestion,2.625,1.438976085,24,
indigo,1.590909091,0.908116361,22,
indoor,2.666666667,2.236067977,27,
indoors,3.272727273,1.980423672,22,
indulge,2.041666667,1.545798419,24,
infant,6.038461538,1.310901041,26,
infantry,3.0,1.78376517,23,
infantryman,4.166666667,1.970801352,24,
infect,1.913043478,1.534839153,23,
infection,2.769230769,1.680659211,26,
inferno,1.958333333,1.160178647,24,
infestation,2.791666667,1.955575456,24,
infield,2.6,1.527525232,25,
infielder,4.1,1.651155895,20,
infinity,1.52,1.159022577,25,
infirmary,4.214285714,1.571909498,28,
inflexible,2.045454545,1.731425857,22,
inflict,2.173913043,1.641844138,23,
influence,1.347826087,0.884651737,23,
influenza,3.821428571,1.98239607,28,
inform,2.0,1.709700829,27,
information,2.391304348,1.587998467,23,
ingredient,4.793103448,1.896977113,29,
ingredients,4.958333333,2.136212957,24,
inhalation,4.0,2.177324216,28,
inhale,3.0,2.395648229,24,
inject,3.608695652,2.189627001,23,
injection,3.772727273,2.068627753,22,
injure,2.041666667,1.627993341,24,
injured,4.071428571,2.209886396,28,
injury,3.24,2.087262961,25,
ink,5.56,1.502220579,25,
inkwell,4.086956522,1.781547935,23,
inland,2.074074074,1.517232448,27,
inlet,2.80952381,1.990453406,21,
inmate,4.0,1.758098146,23,
inn,3.37037037,1.690428898,27,
innards,3.333333333,1.60614761,24,
innkeeper,3.84,1.972308292,25,
innocuous,1.913043478,1.474419562,23,
inscription,2.761904762,1.921061215,21,
insect,5.125,1.825245665,24,
insecticide,4.130434783,2.321918247,23,
insemination,2.416666667,1.665941871,24,
insert,2.956521739,2.077547962,23,
inside,2.304347826,1.743423555,23,
insignia,3.047619048,1.716863142,21,
insole,4.454545455,1.920497771,22,
inspect,2.0,1.351327849,24,
inspector,4.391304348,1.900696773,23,
install,2.086956522,1.951993002,23,
installation,2.958333333,2.196423311,24,
instance,1.88,1.480990659,25,
instant,1.833333333,1.493949148,24,
instructor,4.583333333,1.585715218,24,
instrument,5.739130435,1.93572611,23,
insulated,2.12,1.763519209,25,
insulation,3.56,1.827566688,25,
insulator,3.592592593,1.759791492,27,
insulin,4.625,2.222659981,24,
insult,2.2,1.848422751,25,
intact,1.5,0.834057656,24,
intellect,2.391304348,1.827545061,23,
intent,1.68,1.345362405,25,
intention,2.130434783,1.659801407,23,
interceptor,2.454545455,1.765469659,22,
intercom,4.695652174,1.520609406,23,
intercourse,3.923076923,2.621802081,26,
interim,1.695652174,1.063219066,23,
interior,3.6,1.707825128,25,
intern,4.791666667,1.503016291,24,
interpreter,3.56,1.872609587,25,
interrogator,4.217391304,2.295381167,23,
interrupter,3.0,1.97814142,24,
intersect,2.24,1.562049935,25,
intersection,3.0,1.53741223,23,
interstate,3.222222222,1.967687697,27,
interview,1.666666667,1.240347346,27,
interviewee,3.88,1.855622088,25,
interviewer,4.75,1.799758438,24,
intestinal,2.272727273,1.830477902,22,
intestine,3.84,2.014116845,25,
intestines,4.0,2.070196678,22,
into,1.88,1.332916602,25,
intoxicated,2.24,1.832120811,25,
intricate,2.115384615,1.728049145,26,
intruder,4.217391304,2.02162225,23,
invade,1.875,1.261899879,24,
invader,3.875,1.940696872,24,
invasion,1.96,1.306394529,25,
invent,1.608695652,1.587998467,23,
invention,3.64,2.138535324,25,
inventor,4.391304348,1.616368838,23,
inventory,3.88,2.088061302,25,
investigate,1.625,1.134920032,24,
investigation,2.44,1.938212235,25,
investigator,4.888888889,1.694637091,27,
investment,2.148148148,1.406132276,27,
investor,3.88,1.877942136,25,
invitation,3.230769231,2.303175066,26,
invite,2.24,1.690167645,25,
invoice,3.869565217,1.791503884,23,
irate,2.821428571,1.925531604,28,
iris,3.703703704,1.705529803,27,
irk,1.884615385,1.681116845,26,
iron,5.538461538,1.725821989,26,
ironwork,3.826086957,2.269404686,23,
ironworks,3.869565217,2.11712386,23,
irrigation,2.913043478,1.755848499,23,
irritant,2.086956522,1.649050511,23,
is,1.695652174,1.329209697,23,
island,3.96,1.836663642,25,
islander,3.875,2.070759155,24,
isle,3.535714286,1.598196735,28,
issue,1.37037037,0.88353086,27,
it,1.916666667,1.501207244,24,
italics,1.461538462,0.989172148,26,
itch,3.88,2.315167381,25,
itching,2.833333333,2.098999071,24,
itchy,2.791666667,1.887698545,24,
item,5.739130435,1.657418346,23,
itinerary,3.476190476,1.833549771,21,
ivory,4.2,2.140872096,25,
jab,3.043478261,2.163294223,23,
jabbed,2.541666667,2.105462185,24,
jabbing,2.925925926,2.217516385,27,
jack,4.12,2.420743687,25,
jackal,3.48,2.123676058,25,
jackass,3.36,2.099206199,25,
jacket,6.333333333,1.274044115,24,
jackrabbit,4.04,2.130727575,25,
jade,3.458333333,1.887698545,24,
jag,2.545454545,2.262052855,22,
jagged,2.041666667,1.680558051,24,
jaguar,4.826086957,2.145866511,23,
jail,4.173913043,1.945908853,23,
jailbird,2.958333333,2.293263607,24,
jam,5.173913043,1.850114835,23,
jar,6.208333333,1.382473104,24,
jasmine,4.32,2.154839515,25,
jaundice,1.777777778,1.395964881,27,
jaunt,2.16,1.624807681,25,
java,4.076923077,2.398717606,26,
javelin,5.833333333,1.711004451,24,
jaw,5.5,1.933683127,24,
jawbreaker,5.28,1.947648154,25,
jawed,1.789473684,1.512134157,19,
jay,2.6,2.236067977,25,
jaywalk,2.083333333,1.612900888,24,
jaywalker,4.16,2.115025611,25,
jazz,2.75,1.961587644,24,
jealous,2.347826087,1.799209313,23,
jealousy,1.84,1.598957994,25,
jean,5.956521739,1.637022265,23,
jeans,6.44,1.15758369,25,
jeep,5.409090909,1.790426683,22,
jeer,1.818181818,1.500360707,22,
jelly,5.48,1.917463602,25,
jellyfish,3.653846154,1.978733083,26,
jerk,3.142857143,1.957214304,28,
jersey,5.8,1.527525232,25,
jester,3.5,1.655294536,26,
jet,5.041666667,1.988645304,24,
jewel,5.44,1.73397424,25,
jeweled,2.166666667,1.464557113,24,
jeweler,4.695652174,2.032347112,23,
jewelry,6.576923077,0.643308755,26,
jig,2.333333333,1.88048714,24,
jiggle,2.92,2.1,25,
jimmy,4.148148148,1.895413568,27,
jingle,2.181818182,1.468279318,22,
jingling,2.592592593,2.170771916,27,
jitterbug,2.727272727,2.051290376,22,
job,3.44,2.450850193,25,
jockey,4.153846154,1.993836657,26,
jockstrap,5.739130435,1.684620036,23,
jog,2.869565217,2.201329099,23,
jogger,5.0,1.788854382,26,
join,2.0,1.668115312,24,
joint,4.375,1.883855898,24,
jointed,2.423076923,1.858452624,26,
joke,2.166666667,1.948615265,24,
jolt,2.0,1.206045378,23,
josh,3.285714286,2.10102016,21,
jot,1.625,0.969648076,24,
journal,6.0,0.953462589,23,
journalist,4.5,1.933683127,24,
journey,2.48,1.960442127,25,
journeyman,4.181818182,1.991323169,22,
jowl,3.75,1.983628647,24,
joy,1.740740741,1.534039228,27,
joystick,6.12,1.053565375,25,
judge,3.56,1.916594202,25,
judo,3.761904762,2.321739906,21,
juggle,3.115384615,2.196850893,26,
juggling,3.434782609,2.063229749,23,
juice,5.739130435,1.982133637,23,
juicy,2.037037037,1.604835996,27,
jukebox,5.8,1.354006401,25,
jumbo,2.08,1.6563011,25,
jump,3.304347826,2.304832524,23,
jumper,4.296296296,2.108860699,27,
junction,2.64,2.018250067,25,
juncture,2.24,1.71464282,25,
jungle,3.608695652,1.852249994,23,
junior,2.173913043,1.669299633,23,
junk,4.962962963,1.807707462,27,
junkie,3.444444444,1.908147175,27,
jurist,4.380952381,2.397419247,21,
juror,4.782608696,1.782656897,23,
jury,3.333333333,2.148344622,27,
kale,5.652173913,1.721751108,23,
kaleidoscope,5.84,1.21380943,25,
kangaroo,4.0,2.276360732,23,
karate,2.8,1.825741858,25,
kazoo,5.6,1.667017507,20,
kebab,5.916666667,1.282547284,24,
keel,2.72,1.720465053,25,
keepsake,4.75,1.700383588,24,
keg,4.962962963,1.849770911,27,
kelp,4.826086957,1.92240791,23,
kennel,4.041666667,1.921936674,24,
kept,2.16,1.772004515,25,
kerchief,5.666666667,1.711004451,24,
kernel,4.5,1.60623784,26,
kerosene,3.846153846,1.736486284,26,
ketchup,6.304347826,1.105144277,23,
kettle,5.44,1.583245612,25,
kettledrum,4.916666667,1.839580923,24,
key,6.28,1.458309524,25,
keyboard,6.08,1.288409873,25,
keyhole,5.44,1.916594202,25,
keystone,3.1,1.552586975,20,
khaki,4.0,2.273030283,25,
kick,3.0,2.02162225,24,
kicker,3.583333333,2.104171151,24,
kickoff,3.444444444,1.887883091,27,
kid,5.68,1.725301906,25,
kidnapper,3.961538462,2.106765658,26,
kidney,4.68,2.249444376,25,
kids,6.44,1.003327796,25,
kill,2.24,1.762573876,25,
killer,3.862068966,2.199417747,29,
kiln,4.304347826,1.663369598,23,
kilogram,1.652173913,1.401580136,23,
kilometer,2.086956522,1.880837422,23,
kilowatt,2.04,1.645195024,25,
kilt,5.04,1.567375726,25,
kin,4.47826087,2.212969318,23,
kind,2.28,1.83757086,25,
kindergarten,2.48,1.734935157,25,
kindle,4.4,2.254624876,25,
kindling,4.583333333,2.104171151,24,
kinfolk,3.375,1.995919751,24,
king,3.625,1.883855898,24,
kingdom,2.238095238,1.48002574,21,
kingfisher,3.157894737,2.034785216,19,
kink,2.166666667,1.632993162,24,
kinswoman,3.409090909,2.239453397,22,
kiss,4.571428571,2.363747361,28,
kissing,5.458333333,1.977683464,24,
kit,4.739130435,1.863949651,23,
kitchen,5.625,1.345281609,24,
kitchenette,4.782608696,1.881887876,23,
kite,5.8,1.224744871,25,
kitten,6.4,1.0,25,
kitty,6.043478261,1.364426648,23,
kiwi,6.08,1.222020185,25,
kleenex,6.043478261,1.491742754,23,
knack,1.608695652,0.988071144,23,
knapsack,5.84,1.374772708,25,
knead,3.208333333,2.302723655,24,
kneading,3.517241379,2.515958915,29,
knee,5.818181818,1.332250643,22,
kneecap,5.714285714,1.511857892,28,
kneel,3.32,2.13541565,25,
kneeling,3.074074074,2.217516385,27,
knelt,2.2,1.554563176,25,
knew,1.88,1.6663333,25,
knickers,5.5,1.668115312,24,
knight,3.56,2.180978374,25,
knit,3.5,2.004993766,26,
knitted,3.291666667,1.988645304,24,
knitter,4.217391304,1.953005184,23,
knitting,4.304347826,2.420270132,23,
knob,5.888888889,1.552500052,27,
knobby,2.166666667,1.632993162,24,
knock,3.16,2.014116845,25,
knockdown,2.259259259,1.872731296,27,
knocker,4.2,1.979057015,25,
knockout,1.92,1.441064421,25,
knoll,3.52173913,1.903813523,23,
knot,5.76,1.42243922,25,
knothole,3.5,2.0,24,
knotting,3.333333333,1.926173649,24,
know,1.5,1.179535649,24,
knowledge,2.2,2.121320344,25,
knuckle,5.76,1.479864859,25,
knuckleball,3.608695652,2.104953691,23,
knuckled,2.208333333,1.933214639,24,
knuckles,5.37037037,2.040892492,27,
koala,4.130434783,2.11712386,23,
kosher,1.666666667,0.963086825,24,
kumquat,5.619047619,1.986861608,21,
lab,3.666666667,1.88048714,24,
label,5.375,1.764689898,24,
labor,2.4,2.061552813,25,
laboratory,4.739130435,1.629762707,23,
laborer,3.84,1.772004515,25,
labrador,5.074074074,1.939982671,27,
labyrinth,3.090909091,1.715728109,22,
lace,4.869565217,2.180582654,23,
lacerate,2.523809524,1.833549771,21,
lacerated,2.16,1.675310916,25,
laceration,3.444444444,2.154303981,27,
lacing,3.625,2.122600948,24,
lackey,3.0,2.206709137,24,
lacquer,3.181818182,1.918242341,22,
lacrosse,3.2,2.081665999,25,
lactate,2.416666667,1.839580923,24,
lactation,2.962962963,1.480163231,27,
lactose,3.64,2.270829511,25,
lacy,2.08,1.288409873,25,
lad,4.36,2.018250067,25,
Ladder,6.117567568,1.234797,740,
Laden,2.392156863,1.866316,51,
ladle,4.84,2.321637353,25,
lady,5.32,1.62583312,25,
ladybird,3.5,2.064438123,22,
ladybug,4.875,1.727337735,24,
lag,2.04,1.767295486,25,
lager,4.695652174,2.032347112,23,
lagoon,3.64,1.890326251,25,
laid,2.24,1.588500341,25,
lair,2.923076923,1.787133502,26,
lake,5.035714286,1.527092198,28,
lamb,4.444444444,1.761409692,27,
lambskin,4.416666667,1.976308959,24,
lame,2.217391304,1.650248514,23,
laminated,2.125,1.361345243,24,
lamp,6.083333333,1.380506103,24,
lamplight,4.291666667,1.988645304,24,
lamplighter,4.263157895,2.023256596,19,
lampshade,5.296296296,1.793467094,27,
lance,4.571428571,2.15804144,21,
lances,4.222222222,1.804552647,27,
land,5.56,1.529705854,25,
landlady,4.76,1.738773514,25,
landlocked,1.666666667,1.16718415,24,
landlord,4.16,2.40970261,25,
landmark,3.375,2.060234263,24,
landmine,4.24,2.126812952,25,
landowner,3.481481481,1.928936941,27,
landscape,4.384615385,2.173971906,26,
landscaping,3.851851852,2.348546256,27,
landslide,3.555555556,1.928198309,27,
lane,2.545454545,1.654064913,22,
lantern,5.653846154,1.573335506,26,
lanyard,5.416666667,1.767254482,24,
lap,4.130434783,2.006905076,23,
lapdog,4.739130435,2.33972398,23,
lapse,1.4,0.763762616,25,
lard,4.08,1.823915203,25,
large,1.68,1.492201952,25,
lark,3.583333333,2.019829237,24,
larvae,4.375,1.97401599,24,
laryngitis,2.814814815,1.942184279,27,
laryngoscope,4.411764706,2.093407018,17,
larynx,3.909090909,2.136064269,22,
laser,3.071428571,1.67616342,28,
lash,3.888888889,2.172083957,27,
lasso,5.555555556,1.368135546,27,
last,1.304347826,0.926124997,23,
latch,5.541666667,1.413572922,24,
late,1.375,1.013495887,24,
later,1.416666667,1.017954755,24,
latex,5.086956522,1.781547935,23,
lather,3.807692308,2.298159799,26,
latrine,6.333333333,0.856348839,21,
laugh,2.875,2.383138231,24,
laughing,2.791666667,1.910592138,24,
laughter,2.8,2.43241992,25,
launch,1.807692308,1.470217148,26,
launcher,3.5,1.841549442,24,
launder,3.038461538,2.199650322,26,
laundry,6.208333333,1.102533315,24,
laundryman,4.2,1.632993162,25,
lava,2.375,1.995919751,24,
lavatory,5.620689655,1.677876913,29,
law,2.4,1.683250823,25,
lawn,5.695652174,1.550213552,23,
lawyer,4.625,1.663221076,24,
laxative,5.206896552,1.76026196,29,
lay,2.909090909,2.328070751,22,
layer,3.428571429,1.687175405,28,
laying,2.409090909,1.708775415,22,
lazy,1.583333333,1.380506103,24,
leach,3.875,2.112334377,24,
lead,3.625,2.183186741,24,
Leaf,5.584345479,1.770623,741,
leafed,2.666666667,1.948615265,24,
leaflet,5.956521739,1.106931092,23,
league,2.043478261,1.845837107,23,
leak,3.517241379,1.824842256,29,
leaky,2.136363636,1.457181054,22,
lean,2.12,1.877942136,25,
leaning,2.4,1.755942292,25,
leap,2.695652174,1.794810261,23,
leapt,1.916666667,1.612900888,24,
leary,1.47826087,0.845822097,23,
lease,1.958333333,1.334465099,24,
leaseholder,3.125,2.028331934,24,
leash,5.708333333,1.601063958,24,
leather,5.576923077,1.836803243,26,
leatherneck,3.142857143,2.174527863,21,
leathery,2.541666667,1.817288153,24,
leave,1.625,1.312564698,24,
leavening,2.4375,1.71148084,16,
leaves,5.846153846,1.405483766,26,
lectern,3.96,2.406241883,25,
lecture,2.84,2.075250989,25,
lecturer,4.08,1.913112647,25,
led,1.916666667,1.529895327,24,
ledge,4.541666667,2.146365313,24,
ledger,4.583333333,1.791687732,24,
leech,4.291666667,2.074255585,24,
leer,2.083333333,1.691838893,24,
left,1.555555556,1.28102523,27,
leftovers,5.625,1.438976085,24,
leg,5.875,1.541103501,24,
legend,1.592592593,1.185140669,27,
leggings,6.130434783,1.140348744,23,
legion,2.454545455,1.920497771,22,
legislator,3.818181818,1.763015913,22,
legit,1.565217391,1.036869719,23,
legless,1.782608696,1.444630237,23,
lei,5.058823529,1.853057886,17,
lemon,6.08,1.579029238,25,
lemonade,5.409090909,1.333062743,22,
length,2.0,1.779513042,25,
lens,5.115384615,1.632836136,26,
lent,2.115384615,1.773740073,26,
leopard,5.260869565,1.601629605,23,
leotard,5.363636364,1.705605731,22,
leper,2.88,2.068010316,25,
leprechaun,1.555555556,1.219499687,27,
leprosy,2.407407407,1.946580024,27,
lesion,4.481481481,1.908893565,27,
less,1.52,1.262273082,25,
lesson,1.615384615,1.061203961,26,
lethal,1.6,1.0,25,
letter,5.259259259,2.176669873,27,
letterbox,4.56,1.959591794,25,
letterhead,3.807692308,2.059499566,26,
lettering,3.041666667,1.988645304,24,
lettuce,6.083333333,1.471960144,24,
level,2.375,1.906795628,24,
lever,5.038461538,1.907475174,26,
liar,2.52,1.686218649,25,
liberty,1.666666667,1.403928236,24,
librarian,3.608695652,1.994062332,23,
library,4.391304348,1.924462863,23,
lice,5.0,2.101586702,25,
licence,4.76,1.854723699,25,
license,4.217391304,1.929590671,23,
licensee,3.62962963,2.002846977,27,
lick,4.652173913,2.308259786,23,
licking,3.916666667,2.145098896,24,
lid,5.428571429,1.772810521,28,
lidless,1.681818182,1.286796082,22,
lie,2.0,1.812653934,29,
life,3.44,2.142428529,25,
lifeboat,5.333333333,1.593255014,27,
lifebuoy,4.260869565,2.240482726,23,
lifeguard,4.96,1.946792233,25,
lift,3.346153846,2.189836664,26,
ligament,4.142857143,2.239614479,28,
ligature,3.111111111,2.219933462,18,
lightening,2.125,1.596531567,24,
lighthouse,4.791666667,1.744037461,24,
lighting,3.125,2.153106956,24,
lightning,2.304347826,1.96410476,23,
like,1.461538462,1.103839453,26,
lilac,5.0,2.088931871,23,
lilly,4.590909091,2.108013981,22,
lily,4.884615385,1.840150496,26,
limb,5.703703704,1.488799589,27,
limber,2.307692308,1.934305679,26,
limbless,1.846153846,1.405483766,26,
limbo,2.173913043,1.77487961,23,
lime,5.52,1.584297952,25,
limeade,4.75,1.939296152,24,
limerick,2.260869565,1.737746485,23,
limes,5.782608696,2.043982782,23,
limestone,4.565217391,2.128296095,23,
limousine,5.565217391,1.674028537,23,
limp,1.888888889,1.423250163,27,
limping,2.695652174,1.96410476,23,
line,2.666666667,1.88048714,24,
lined,1.434782609,0.843482336,23,
linen,5.875,1.261899879,24,
liner,3.782608696,1.953005184,23,
linesman,3.84,1.795364401,25,
lineup,2.130434783,1.686964671,23,
lingerie,5.72,1.429452109,25,
linguist,3.217391304,2.02162225,23,
lining,4.12,1.877942136,25,
link,2.64,1.890326251,25,
linoleum,4.62962963,2.059651728,27,
lint,5.04,1.836663642,25,
lion,3.416666667,1.998187585,24,
lioness,3.833333333,1.970801352,24,
lip,5.52173913,2.129224469,23,
lipstick,5.928571429,1.585316219,28,
liqueur,5.666666667,1.203858531,24,
liquid,5.260869565,1.839401862,23,
liquor,5.961538462,1.399450442,26,
lisp,2.227272727,1.571526955,22,
list,3.384615385,2.192294197,26,
listen,2.652173913,2.144945341,23,
lit,2.166666667,1.903467469,24,
liter,3.428571429,2.026282336,28,
literature,3.739130435,2.115256084,23,
lithograph,3.608695652,2.039142655,23,
litter,5.034482759,1.657941034,29,
litterbug,3.391304348,2.039142655,23,
little,1.555555556,1.395964881,27,
live,2.416666667,1.954185401,24,
liver,3.956521739,1.718304155,23,
liverwurst,4.708333333,1.805286119,24,
livestock,5.041666667,1.627993341,24,
lizard,4.925925926,1.591465844,27,
llama,4.75,1.750776225,24,
load,3.28,1.882374387,25,
loaf,4.458333333,2.484371439,24,
loan,1.72,1.458309524,25,
lob,2.318181818,1.835791347,22,
lobby,3.96,1.670329309,25,
lobbyist,4.4,1.825741858,25,
lobe,4.47826087,2.086091718,23,
lobster,4.92,1.934769581,25,
local,2.28,1.83757086,25,
locate,1.695652174,1.294561442,23,
lock,5.173913043,1.850114835,23,
locked,1.913043478,1.443261568,23,
locker,5.538461538,1.630478929,26,
locket,5.333333333,2.057506582,21,
lockjaw,3.607142857,2.183087954,28,
locksmith,4.8,1.224744871,25,
locust,3.5,1.970013295,22,
lodge,4.833333333,1.833662685,24,
lodging,4.620689655,1.760961448,29,
loft,3.925925926,1.879564719,27,
log,5.692307692,1.51708222,26,
logbook,5.565217391,1.375965346,23,
logger,4.04,2.009975124,25,
logging,2.32,1.749285568,25,
logjam,2.608695652,1.876629727,23,
loin,4.391304348,1.469048252,23,
loincloth,4.833333333,1.736229465,24,
loiterer,3.956521739,1.988106931,23,
lollipop,6.48,0.918331821,25,
long,1.185185185,0.622466375,27,
longbow,5.285714286,1.901127485,21,
longhaired,2.375,1.714706211,24,
longhorn,3.090909091,1.823369223,22,
longship,3.333333333,2.243509156,21,
longshoreman,4.130434783,2.02942777,23,
loo,4.952380952,2.036570413,21,
look,2.681818182,2.337812645,22,
lookout,1.92,1.187434209,25,
loom,4.038461538,2.029399305,26,
loon,3.909090909,1.997834325,22,
loop,2.695652174,1.794810261,23,
loose,2.16,1.885912688,25,
loot,3.260869565,1.912100019,23,
looter,3.777777778,1.671787006,27,
lord,2.285714286,1.921749644,28,
lose,1.296296296,0.868899163,27,
loss,1.434782609,0.895751942,23,
lost,2.304347826,2.183299892,23,
lot,2.625,2.017585729,24,
lotion,6.28,1.307669683,25,
lotto,2.25,1.594828599,24,
loud,2.12,1.94336478,25,
loudspeaker,4.625,1.860633366,24,
lounge,4.714285714,1.511857892,28,
lounger,4.692307692,1.8924953,26,
love,2.4,2.327373341,25,
lovebird,4.4,1.802775638,25,
low,1.833333333,1.632993162,24,
lozenge,5.4,1.707825128,25,
lubricant,5.76,1.3,25,
lubricate,3.037037037,1.870447941,27,
lubrication,4.333333333,2.303842943,27,
lubricator,4.217391304,1.832944024,23,
luck,1.8,1.354006401,25,
lug,3.260869565,2.320215337,23,
luggage,5.304347826,1.769303474,23,
lukewarm,2.52173913,1.830786349,23,
lullaby,2.76,1.942506971,25,
lumbar,3.409090909,1.991866579,22,
lumber,5.217391304,1.704446637,23,
lumberjack,4.166666667,1.711004451,24,
lumberman,4.166666667,2.140025735,24,
lumberyard,4.04,1.767295486,25,
luminescent,1.6,0.957427108,25,
lump,4.5,1.956038588,24,
lumpy,2.153846154,1.689788334,26,
lunar,1.72,1.208304597,25,
lunch,6.043478261,1.429502802,23,
luncheon,2.555555556,1.804552647,27,
lunchroom,4.565217391,1.878734752,23,
lunchtime,2.16,1.748332539,25,
lung,3.52173913,2.107768428,23,
lunge,2.36,1.577973384,25,
lunged,2.44,1.850225212,25,
lungfish,3.36,1.380821012,25,
lurch,2.0,1.673320053,21,
lurk,1.5,0.834057656,24,
lush,3.0,1.845916414,28,
lye,3.8,2.142305693,20,
lymph,2.962962963,1.786304339,27,
lynch,2.791666667,2.021174146,24,
lynx,3.12,1.855622088,25,
lyre,4.45,1.791059669,20,
lyric,2.76,2.184795948,25,
lyrics,2.4,1.825741858,25,
ma,4.047619048,2.376471975,21,
macaroni,5.62962963,1.418236938,27,
macaroon,4.346153846,2.058005009,26,
macaw,4.217391304,1.905888524,23,
mace,5.12,1.691153453,25,
machete,5.791666667,1.413572922,24,
machetes,5.260869565,1.711389422,23,
machine,5.791666667,1.473805092,24,
machinery,5.416666667,1.282547284,24,
machinist,4.259259259,1.700511068,27,
mackerel,4.181818182,1.942908072,22,
macrame,3.5,2.241385626,22,
mad,1.814814815,1.798226413,27,
madam,4.041666667,2.115762103,24,
madame,3.565217391,2.149547245,23,
made,1.590909091,1.368318082,22,
magazine,6.166666667,0.916831342,24,
magenta,2.15,2.109502311,20,
maggot,4.44,1.894729532,25,
magic,2.153846154,1.848075923,26,
magician,4.5,1.97814142,24,
magistrate,3.083333333,2.083405796,24,
magnet,5.615384615,1.745323422,26,
magnifier,4.16,2.173323108,25,
magnify,2.785714286,1.950444258,28,
magnolia,5.416666667,1.665941871,24,
mahjong,3.947368421,2.013114895,19,
maid,4.458333333,1.693444308,24,
maiden,4.44,2.399305455,25,
maidservant,4.333333333,1.785610763,24,
mail,6.125,1.034723235,24,
mailbag,5.041666667,1.36665783,24,
mailing,3.636363636,2.172237261,22,
maim,1.952380952,1.856776521,21,
main,2.434782609,1.854382695,23,
mainsail,3.7,2.105131575,20,
maize,5.416666667,1.612900888,24,
major,3.260869565,2.26067953,23,
majorette,4.058823529,2.014652211,17,
majority,1.84,1.598957994,25,
make,2.72,2.051828453,25,
makeup,6.0,1.532261755,24,
malaria,3.12,1.94336478,25,
male,5.5,2.063976744,26,
malice,1.8,1.224744871,25,
mall,4.36,1.955334583,25,
mallard,4.772727273,1.509708839,22,
malleable,2.739130435,2.157805942,23,
mallet,5.56,1.73397424,25,
malt,3.08,1.846618531,25,
mammal,5.291666667,1.706233244,24,
mammary,3.136363636,1.934534632,22,
mammoth,2.833333333,2.078182037,24,
man,5.346153846,1.978733083,26,
manage,2.416666667,1.976308959,24,
management,2.346153846,1.853479057,26,
manatee,3.52,2.123676058,25,
mandarin,3.76,2.259793501,25,
mandate,1.814814815,1.494529436,27,
mandolin,5.304347826,1.717153633,23,
mane,4.208333333,1.817288153,24,
manes,3.772727273,2.158743422,22,
mange,2.916666667,1.954185401,24,
manger,4.0,1.732050808,27,
mango,6.24,1.234233905,25,
manhole,4.72,1.744515214,25,
manic,1.666666667,1.300887271,27,
manicure,4.730769231,2.108225648,26,
manicured,2.869565217,2.051703235,23,
manicurist,4.916666667,1.954185401,24,
mannequin,4.48,1.8734994,25,
manor,3.571428571,1.776835068,21,
manservant,3.818181818,1.735795787,22,
mansion,4.52173913,1.728624393,23,
mansions,4.260869565,2.071832551,23,
mantel,5.0,1.858640755,23,
mantelpiece,4.285714286,1.82051798,21,
mantle,4.807692308,1.649708599,26,
manufacturer,3.576923077,2.157277487,26,
manure,4.708333333,1.899179838,24,
manuscript,5.083333333,1.612900888,24,
many,1.958333333,1.781039429,24,
map,5.481481481,1.672638872,27,
maple,4.32,1.864582169,25,
maraschino,3.826086957,2.145866511,23,
marble,5.48,1.557776193,25,
marbles,5.75,1.481773321,24,
march,2.434782609,1.700964618,23,
marcher,4.074074074,1.998574991,27,
margarine,5.56,1.781385229,25,
margin,2.692307692,1.913514688,26,
marigold,4.75,2.069446471,24,
marijuana,6.04,1.27410099,25,
marinade,4.259259259,2.176669873,27,
marinate,2.826086957,1.874522337,23,
mariner,3.892857143,1.87259546,28,
marionette,4.333333333,1.852925615,21,
mark,2.48,1.661324773,25,
market,4.0,1.865009616,24,
marketeer,4.5,1.841549442,24,
marketplace,3.956521739,2.364092385,23,
marking,3.043478261,1.918291401,23,
marksman,4.291666667,2.196423311,24,
marmalade,6.041666667,1.36665783,24,
marmot,3.222222222,1.957055278,18,
maroon,1.68,1.435270009,25,
marriage,4.142857143,2.189440749,28,
marrow,3.333333333,1.578845662,24,
marry,2.565217391,1.996043517,23,
marsh,3.090909091,1.743261609,22,
marshmallow,6.173913043,1.266784545,23,
marshy,2.260869565,1.839401862,23,
marsupial,4.217391304,2.152303665,23,
martial,2.36,1.84571576,25,
martyr,2.041666667,1.428869017,24,
mascara,5.703703704,1.514413185,27,
mascot,4.32,1.973153145,25,
mash,2.772727273,2.068627753,22,
mask,5.92,1.705872211,25,
mason,3.916666667,2.062431378,24,
masonry,3.269230769,2.182799896,26,
masque,4.19047619,2.159144451,21,
masquerader,3.666666667,2.12916259,21,
mass,3.0,1.802775638,25,
massacre,2.074074074,1.685365195,27,
massage,4.0,2.174229226,23,
masseur,5.6,1.290994449,25,
masseuse,5.086956522,2.151385251,23,
massive,1.166666667,0.481543412,24,
mast,4.16,1.8636881,25,
mastectomy,2.777777778,1.761409692,27,
master,2.954545455,2.339663645,22,
mastiff,5.0,1.56347192,19,
masturbate,4.826086957,2.461562215,23,
masturbation,3.84,2.748939189,25,
mat,5.814814815,1.569836764,27,
match,4.565217391,2.332109598,23,
matchbox,5.875,1.596531567,24,
matchstick,6.103448276,1.291312389,29,
matchwood,5.210526316,1.618605276,19,
mate,4.083333333,2.185260241,24,
math,1.76,1.164760347,25,
mathematician,4.272727273,1.906925178,22,
matinee,2.5,1.625686668,22,
matriarch,3.833333333,2.160246899,24,
matrix,2.260869565,1.93572611,23,
matron,2.904761905,2.047065263,21,
matted,2.291666667,1.944427191,24,
matter,4.4,2.217355783,25,
matting,2.869565217,1.816699,23,
mattress,6.72,0.678232998,25,
maul,2.148148148,1.747607237,27,
mausoleum,3.80952381,2.08851736,21,
mauve,1.75,1.069923755,20,
may,1.92,1.754042949,25,
mayflower,2.96,1.859211302,25,
mayo,5.956521739,1.551487874,23,
mayonnaise,5.523809524,1.691716513,21,
mayor,4.28,1.882374387,25,
maze,4.035714286,1.875418824,28,
me,5.708333333,1.627993341,24,
mead,4.0,2.067057637,23,
meadow,4.391304348,1.671665757,23,
meal,5.958333333,1.680558051,24,
meander,1.272727273,0.88273483,22,
measles,2.826086957,2.145866511,23,
measure,2.333333333,1.761093205,24,
meat,5.52173913,1.702126083,23,
meatless,1.791666667,1.215092291,24,
meaty,2.96,2.26347815,25,
mechanics,3.24,2.184795948,25,
mechanism,3.826086957,2.103075106,23,
medal,5.608695652,1.994062332,23,
medallion,5.541666667,1.793203756,24,
medic,5.217391304,1.704446637,23,
medication,6.28,0.791622806,25,
medicinal,1.88,1.480990659,25,
medicine,5.692307692,1.378962821,26,
medics,4.28,1.671326818,25,
meditating,2.625,1.860633366,24,
medley,2.0,1.58113883,25,
meet,1.875,1.752327645,24,
meeting,2.826086957,2.081349517,23,
meetinghouse,3.5,2.024845673,26,
megaphone,6.2,1.0,25,
mellow,1.826086957,1.370208143,23,
melody,2.565217391,2.018687399,23,
melon,5.681818182,1.129111055,22,
melt,1.88,1.423610434,25,
melted,2.461538462,2.158346946,26,
member,3.130434783,1.713697433,23,
membrane,3.52,2.023198787,25,
memo,5.04,1.619670748,25,
memoir,2.956521739,2.225436849,23,
memorabilia,4.434782609,1.902775173,23,
memorial,3.857142857,1.918994446,28,
men,5.72,1.486606875,25,
mend,2.2,1.755942292,25,
mender,2.857142857,2.151411497,21,
meningitis,3.375,2.550575383,24,
menstruate,3.304347826,2.304832524,23,
menstruation,3.75,1.939296152,24,
mental,2.130434783,1.713697433,23,
menthol,2.916666667,2.124733572,24,
mention,1.88,1.480990659,25,
mentor,4.347826087,1.721751108,23,
menu,5.869565217,1.013739604,23,
meow,1.608695652,1.587998467,23,
merchandise,5.833333333,1.307725096,24,
merchant,4.5,2.158703314,26,
merchantman,4.5,2.0,24,
mere,1.409090909,0.666125321,22,
merge,2.0,1.58113883,25,
mesh,4.12,2.088061302,25,
mess,3.6,1.632993162,25,
message,2.68,1.573742885,25,
messenger,4.107142857,1.892270549,28,
met,1.75,1.481773321,24,
metal,5.130434783,1.632186148,23,
metallic,2.68,2.230844384,25,
metalwork,4.222222222,1.694637091,27,
metalworker,4.8,1.914854216,25,
metalworking,2.92,1.705872211,25,
meteorite,3.111111111,2.224571408,27,
meteorologist,4.875,1.569062307,24,
meter,2.583333333,1.691838893,24,
methane,2.5,1.405770421,22,
method,1.92,1.382027496,25,
metro,2.625,1.929462642,24,
metronome,3.636363636,1.890967365,22,
metropolis,2.72,1.671326818,25,
mice,5.0,1.658312395,25,
microbe,3.363636364,2.059714602,22,
microbiologist,3.391304348,2.126438132,23,
microelectronics,3.285714286,1.921749644,28,
microfilm,3.916666667,2.041241452,24,
micrometer,2.5,1.792842914,22,
microorganism,3.0,2.0,22,
microphone,6.043478261,1.296087149,23,
Microscope,5.721024259,1.488259,742,
microscopic,1.916666667,1.742478661,24,
microwave,5.28,1.568438714,25,
mid,1.47826087,0.845822097,23,
middle,1.958333333,1.488482351,24,
midget,4.821428571,1.944671189,28,
midnight,2.130434783,1.890270491,23,
midriff,4.130434783,2.180582654,23,
midshipman,4.352941176,2.177761938,17,
midwife,5.0,1.444630237,24,
migration,1.6,1.08012345,25,
mike,3.461538462,2.48565113,26,
mild,1.347826087,0.647280721,23,
mildew,4.166666667,2.014440621,24,
mile,2.125,1.392916864,24,
mileage,1.583333333,1.017954755,24,
miles,2.884615385,2.33798072,26,
milk,5.956521739,1.223937791,23,
milker,3.272727273,1.695422919,22,
milkmaid,4.130434783,2.073739438,23,
milkshake,6.4,1.0,25,
mill,4.166666667,1.809796209,24,
millet,4.166666667,1.578845662,24,
milligram,1.818181818,1.708141949,22,
milliliter,2.347826087,1.92137961,23,
millimeter,1.96,1.619670748,25,
million,1.6,1.527525232,25,
millionaire,4.206896552,1.970846634,29,
millions,1.68,1.029563014,25,
millstone,4.0,2.195035721,23,
mime,3.695652174,2.076596486,23,
mimic,1.807692308,1.05902713,26,
mince,2.428571429,1.814112811,28,
minced,2.6,2.140872096,25,
mincemeat,5.083333333,1.863065885,24,
mind,2.347826087,1.92137961,23,
mine,3.0,2.101586702,25,
minefield,3.541666667,1.955575456,24,
minesweeper,3.37037037,1.924500897,27,
mingle,2.576923077,2.023325519,26,
mini,1.875,1.569062307,24,
miniature,2.652173913,2.207604536,23,
minion,2.96,1.593737745,25,
minister,4.84,1.724335621,25,
mink,4.904761905,1.972429008,21,
minnow,4.416666667,1.839580923,24,
minor,2.708333333,1.921936674,24,
minstrel,3.875,2.006781979,24,
mint,5.76,1.479864859,25,
minuscule,1.208333333,0.414851117,24,
minute,2.375,2.122600948,24,
minuteman,3.32,2.154839515,25,
mirage,1.869565217,1.604095549,23,
mirror,6.086956522,1.311246578,23,
mirth,1.764705882,1.521898969,17,
misfit,2.291666667,1.39810949,24,
misprint,2.5,2.024845673,26,
miss,2.36,1.890326251,25,
missile,3.703703704,2.493295854,27,
mission,2.458333333,1.955575456,24,
mist,3.482758621,1.617332231,29,
mister,3.724137931,2.051072049,29,
mistletoe,4.592592593,1.80297317,27,
mistress,5.0,1.860521019,27,
misty,2.892857143,1.685214256,28,
mite,3.814814815,2.057575815,27,
mitt,6.08,1.441064421,25,
mitten,6.041666667,0.954584666,24,
mix,2.64,1.84571576,25,
mixer,5.0,2.245768969,24,
mixture,2.769230769,1.795721411,26,
moan,2.44,1.980740602,25,
moaning,1.916666667,1.501207244,24,
moat,3.25,1.870828693,24,
mob,3.36,2.018250067,25,
mobile,2.814814815,2.270835784,27,
moccasin,5.458333333,1.559798389,24,
mockingbird,3.826086957,1.96912934,23,
model,5.086956522,1.703286755,23,
moderator,3.88,1.691153453,25,
module,3.037037037,1.870447941,27,
mogul,2.772727273,1.571526955,22,
moist,3.16,2.014116845,25,
moisture,4.24,2.046948949,25,
molasses,5.0,1.834021909,23,
mold,3.75,2.005427418,24,
molding,3.8,2.140872096,25,
mole,4.24,2.046948949,25,
molehill,3.72,1.594783162,25,
moleskin,4.25,2.250603784,24,
molest,2.6,2.198484326,25,
molten,1.84,1.491084616,25,
moment,1.964285714,1.666269794,28,
mommy,5.434782609,2.063229749,23,
monarch,3.28,2.072036036,25,
monastery,3.76,1.331665624,25,
money,6.291666667,1.082636342,24,
moneybags,5.0,1.802775638,25,
moneylender,3.791666667,1.864523874,24,
mongoose,4.5,1.817786518,24,
mongrel,3.095238095,1.868281614,21,
monk,5.173913043,1.613921647,23,
monkey,4.259259259,1.972748816,27,
monogram,2.954545455,1.731425857,22,
monograph,3.727272727,2.394076384,22,
mononucleosis,2.681818182,2.079064891,22,
monorail,3.88,1.877942136,25,
monsoon,3.071428571,1.67616342,28,
monster,2.653846154,2.038476052,26,
montage,1.72,1.137248141,25,
month,1.36,1.220655562,25,
monument,4.52,1.710750323,25,
moo,1.291666667,0.907896119,24,
moon,2.083333333,1.612900888,24,
moonbeam,1.958333333,1.731527766,24,
moonlight,1.916666667,1.282547284,24,
moonshine,5.260869565,1.737746485,23,
moonstone,3.565217391,1.854382695,23,
moose,3.916666667,1.639635873,24,
mop,6.192307692,1.442753777,26,
mope,2.857142857,1.957214304,28,
more,2.041666667,1.731527766,24,
morgue,3.47826087,1.950980295,23,
mormon,3.625,2.039021504,24,
morning,1.62962963,1.362919608,27,
mornings,2.260869565,1.57299342,23,
morocco,2.826086957,1.874522337,23,
moron,2.72,1.926136028,25,
morphine,5.32,1.842100251,25,
morsel,4.833333333,1.493949148,24,
mortar,3.565217391,1.902775173,23,
mortgage,2.24,1.6653328,25,
mortician,4.833333333,2.140025735,24,
mortuary,3.777777778,2.241794153,27,
mosque,3.956521739,1.795911034,23,
mosquito,4.4,2.160246899,25,
moss,4.565217391,1.779327936,23,
mossy,2.192307692,1.523659562,26,
motel,4.48,1.805547009,25,
moth,4.84,1.841195264,25,
mothball,5.12,1.96468827,25,
mother,5.52,1.917463602,25,
motion,2.730769231,2.182799896,26,
motionless,1.296296296,0.608580619,27,
motocross,2.423076923,1.770267255,26,
motor,4.92,1.846618531,25,
motorbike,6.347826087,1.152416262,23,
motorboat,5.304347826,1.520609406,23,
motorcade,3.565217391,1.590485545,23,
motorcycle,5.555555556,1.694637091,27,
motorcyclist,4.52,2.238302929,25,
motoring,2.5,1.933683127,24,
motorist,5.12,2.047763007,25,
motorized,1.384615385,0.697247335,26,
motorway,3.84,1.795364401,25,
mottled,2.15,1.663066287,20,
mound,3.96,1.743559577,25,
mount,2.625,1.78915817,24,
mountain,4.307692308,2.112235418,26,
mountaineer,4.0,1.802775638,25,
mountainous,2.708333333,2.156469874,24,
mountainside,4.708333333,1.944427191,24,
mountaintop,3.0,1.587998467,24,
mourner,3.56,1.850225212,25,
mouse,5.24,1.535143859,25,
mousetrap,4.916666667,1.639635873,24,
mousse,5.260869565,1.839401862,23,
moustache,5.347826087,1.873467753,23,
mouth,6.304347826,0.973969507,23,
mouthful,3.695652174,2.363256278,23,
mouthpiece,5.304347826,2.304832524,23,
mouthwash,6.230769231,1.242825565,26,
move,2.0,1.911066172,24,
movement,2.304347826,1.717153633,23,
movie,2.826086957,1.992079177,23,
mow,3.523809524,2.249867721,21,
much,1.304347826,1.063219066,23,
muck,3.047619048,1.96153487,21,
mucous,5.04,2.111081871,25,
mucus,4.88,2.068010316,25,
mud,5.56,1.781385229,25,
muddy,2.333333333,1.340560125,24,
mudpack,3.739130435,2.027479207,23,
muff,3.0,2.28035085,21,
muffin,5.875,1.454004964,24,
muffle,1.875,1.483606065,24,
muffled,2.192307692,1.49717683,26,
muffler,4.75,1.799758438,24,
Mug,6.13900135,1.381677,741,
mugger,3.958333333,1.805286119,24,
muggy,1.958333333,1.428869017,24,
mulberry,4.703703704,1.659814976,27,
mulch,4.625,2.203011772,24,
mule,4.318181818,1.835791347,22,
mullet,4.518518519,1.88863749,27,
mullets,4.304347826,2.141256696,23,
multicolored,1.64,1.319090596,25,
multiplex,3.125,1.825245665,24,
mum,4.416666667,2.062431378,24,
mumble,1.692307692,1.289006773,26,
mumbling,2.0,1.897366596,26,
mummification,3.28,2.131509637,25,
mummify,2.16,1.724335621,25,
mummy,3.76,2.165640783,25,
mumps,3.291666667,1.82921144,24,
munch,2.043478261,1.821045176,23,
munitions,4.80952381,1.806074407,21,
mural,3.555555556,2.172083957,27,
murder,2.653846154,2.077350383,26,
murderer,3.666666667,1.926173649,24,
murky,2.0,1.632993162,25,
murmur,1.791666667,0.9770927,24,
murmuring,1.76,1.392838828,25,
muscle,5.12,2.088061302,25,
muscled,3.24,2.165640783,25,
muscleman,4.166666667,2.200131748,24,
muscular,2.739130435,2.136636935,23,
museum,4.333333333,1.857222486,24,
mush,2.695652174,1.717153633,23,
mushroom,5.333333333,1.460593487,21,
mushy,2.214285714,1.728993346,28,
music,3.130434783,2.159636919,23,
musical,2.636363636,1.839913418,22,
musician,4.47826087,1.591727627,23,
musk,2.130434783,1.686964671,23,
musket,5.217391304,1.782656897,23,
musketeer,2.481481481,1.220667231,27,
muskrat,3.481481481,1.826521923,27,
musky,1.916666667,1.529895327,24,
muslin,4.166666667,2.407097349,18,
must,1.818181818,1.367526918,22,
mustache,5.620689655,1.634751906,29,
mustached,3.8,2.020725942,25,
mustard,5.8,1.5,25,
musty,1.958333333,1.627993341,24,
mutant,1.913043478,1.411415907,23,
mute,2.535714286,1.815206199,28,
mutilate,2.727272727,2.074374678,22,
mutt,4.958333333,1.852827843,24,
mutter,1.84,1.434108318,25,
muttering,1.869565217,1.391674852,23,
mutton,5.0,1.702938637,21,
muzzle,4.391304348,1.802501556,23,
my,3.2,2.43241992,25,
myself,5.038461538,2.144402373,26,
mystic,2.185185185,1.687898945,27,
myth,1.636363636,1.364357674,22,
nab,2.083333333,1.585715218,24,
nag,1.916666667,1.380506103,24,
nail,5.541666667,1.667572218,24,
nailing,3.173913043,2.014767614,23,
naked,2.913043478,2.314245282,23,
nakedness,3.074074074,2.302605981,27,
name,1.72,1.339153962,25,
nameplate,4.84,1.280624847,25,
nanny,4.6,1.802775638,25,
nap,3.227272727,2.369082969,22,
nape,3.739130435,1.912100019,23,
napkin,6.333333333,1.16718415,24,
napoleon,2.166666667,2.160246899,24,
narcotic,4.208333333,2.021174146,24,
narcotics,4.956521739,1.770420106,23,
narrator,3.454545455,1.993495918,22,
narrow,1.869565217,1.140348744,23,
nasal,3.192307692,2.116964445,26,
nation,1.708333333,1.041702898,24,
native,3.833333333,2.25863881,24,
nativity,3.16,1.841195264,25,
nature,3.375,2.081230823,24,
naughty,1.869565217,1.575504186,23,
naval,3.25,2.151844507,24,
navel,5.0,1.817786518,24,
navigator,4.173913043,1.992079177,23,
navy,2.208333333,1.382473104,24,
near,1.384615385,0.803836952,26,
neck,6.12,1.332916602,25,
neckband,5.217391304,2.235183981,23,
neckerchief,5.347826087,1.465006846,23,
necking,3.08,2.234576768,25,
necklace,5.821428571,1.588233853,28,
neckline,3.653846154,1.937881476,26,
necktie,6.043478261,1.223937791,23,
neckwear,5.652173913,1.873467753,23,
nectar,4.608695652,2.126438132,23,
needle,5.739130435,1.737746485,23,
needlepoint,4.576923077,2.062485431,26,
needles,5.416666667,2.019829237,24,
needlework,4.692307692,1.643635745,26,
negligee,4.75,2.363674369,24,
negotiator,3.666666667,2.078182037,24,
Neigh,1.569164265,1.157309,694,
neighbor,4.153846154,1.973672874,26,
neon,2.888888889,1.867399124,27,
neonatal,1.952380952,1.564486832,21,
nephew,5.16,1.951068084,25,
nerve,3.458333333,2.245365598,24,
net,5.208333333,1.910592138,24,
nettle,4.529411765,2.034626718,17,
network,3.130434783,1.890270491,23,
neurologist,4.384615385,2.079940828,26,
neuromuscular,2.4,1.95744194,20,
neuron,3.28,2.26421436,25,
neuter,2.045454545,1.70370109,22,
new,2.086956522,1.975141962,23,
newlyweds,4.772727273,1.688386612,22,
newsagent,4.333333333,1.88048714,24,
newsboy,4.869565217,1.86606898,23,
newscast,2.851851852,1.955341869,27,
newscaster,4.347826087,1.799209313,23,
newsflash,1.730769231,1.185164708,26,
newsletter,5.826086957,1.230379613,23,
newsman,4.285714286,1.863035016,28,
newspaper,5.76,1.854723699,25,
newspaperman,4.48,2.200757445,25,
newsprint,4.260869565,2.378261231,23,
newsreader,4.826086957,1.96912934,23,
newsreel,3.695652174,2.141256696,23,
newsroom,3.208333333,1.473805092,24,
newsstand,5.458333333,1.503016291,24,
newt,4.391304348,2.126438132,23,
next,1.826086957,1.336623083,23,
nexus,1.6,0.88257995,20,
nibble,1.875,1.454004964,24,
nice,2.24,1.832120811,25,
niche,2.035714286,1.502643174,28,
nick,3.25,2.005427418,24,
nickel,5.814814815,1.64169324,27,
nicotine,3.653846154,1.937881476,26,
niece,4.041666667,1.988645304,24,
nifty,1.615384615,1.168825841,26,
night,2.130434783,1.890270491,23,
nightcap,4.130434783,2.473575767,23,
nightcaps,4.708333333,2.074255585,24,
nightclub,4.409090909,2.039119579,22,
nightdress,5.791666667,1.444003091,24,
nightfall,1.76,1.392838828,25,
nightgown,5.92,1.55241747,25,
nighthawk,2.782608696,1.506245234,23,
nightie,5.62962963,1.713030337,27,
nightingale,4.086956522,2.25455183,23,
nightlight,4.821428571,1.963624227,28,
nightmare,2.043478261,1.718304155,23,
nights,2.347826087,1.991086858,23,
nightshade,3.571428571,2.15804144,21,
nightshirt,6.291666667,1.082636342,24,
nightstick,5.434782609,1.471736357,23,
nine,1.346153846,0.68948141,26,
ninepin,3.588235294,1.583462327,17,
ninth,1.88,1.53622915,25,
nip,2.88,1.985782801,25,
nipple,5.625,1.663221076,24,
nitrate,2.68,1.930457631,25,
nitroglycerine,2.863636364,1.884661257,22,
nitrous,2.0,1.414213562,23,
no,1.333333333,0.564659703,24,
noble,2.555555556,2.100061049,27,
nobleman,3.36,1.868154169,25,
nod,2.230769231,1.903842269,26,
nodding,2.52,2.181742423,25,
node,2.962962963,1.950965865,27,
nodule,3.0,1.58113883,25,
noggin,4.04,2.130727575,25,
noise,1.96,1.790716802,25,
noisy,2.0,1.690308509,22,
nomad,4.0,1.930614598,23,
none,1.36,1.150362262,25,
nonmetallic,1.761904762,1.300183137,21,
nonsmoker,4.083333333,2.104171151,24,
noodle,6.24,1.090871211,25,
noodles,5.695652174,1.690475528,23,
nook,3.703703704,1.588778312,27,
noon,1.551724138,1.351882468,29,
noose,4.708333333,1.966660526,24,
north,2.25,1.799758438,24,
northeastern,2.375,1.714706211,24,
nose,6.0,1.386750491,27,
nosebleed,4.173913043,2.187821123,23,
nostril,5.208333333,1.84105751,24,
not,1.260869565,0.751809412,23,
notarize,2.269230769,1.457606046,26,
notch,2.695652174,1.362977443,23,
notched,1.703703704,1.067521025,27,
note,5.434782609,1.878734752,23,
notepaper,5.392857143,1.707050428,28,
notice,2.173913043,1.52709391,23,
noun,1.56,1.044030651,25,
novel,5.4,2.198484326,25,
novelist,3.181818182,2.10750052,22,
novice,3.0,2.0,23,
now,1.892857143,1.832611691,28,
noxious,2.84,1.885912688,25,
nub,3.047619048,2.246690688,21,
nude,2.416666667,1.931808494,24,
nudge,3.454545455,2.262052855,22,
nudist,3.869565217,2.379922608,23,
nudity,3.84,2.374868417,25,
nugget,4.826086957,2.124578545,23,
numb,2.25,1.648451183,24,
number,2.592592593,1.906653517,27,
numeral,1.703703704,1.588778312,27,
nun,4.666666667,1.775907135,27,
nurse,5.130434783,1.841549442,23,
nursemaid,4.583333333,1.839580923,24,
nursery,4.875,1.848912724,24,
nursing,2.703703704,1.977076607,27,
nut,5.555555556,1.761409692,27,
nutcracker,5.36,1.655294536,25,
nutcrackers,5.347826087,1.897574903,23,
nuthouse,3.464285714,1.643892014,28,
nutmeg,4.608695652,2.061313139,23,
nutshell,4.375,2.318404624,24,
nutty,2.208333333,1.693444308,24,
nuzzle,2.607142857,2.078804602,28,
nylon,4.928571429,1.585316219,28,
nymph,2.92,1.891207727,25,
oaf,2.782608696,1.807975305,23,
oak,4.16,2.095232684,25,
oar,5.307692308,1.691608247,26,
oarsman,3.72,1.814754345,25,
oat,4.8,1.936491673,25,
oath,1.888888889,1.739436985,27,
obese,3.16,2.115025611,25,
obey,1.814814815,1.241495284,27,
object,6.416666667,0.928611243,24,
oblique,2.038461538,1.799572599,26,
oblivion,1.666666667,1.372609912,24,
oblong,1.52173913,1.162660164,23,
observatory,4.115384615,1.608152308,26,
observe,2.461538462,1.923138461,26,
observer,3.6,2.160246899,25,
obsidian,3.3,2.178845663,20,
obstetrician,5.04,1.695090951,25,
obstruction,3.583333333,2.062431378,24,
obtain,2.217391304,2.02162225,23,
occult,1.5,1.021507837,24,
occupation,2.260869565,1.912100019,23,
ocean,5.217391304,1.650248514,23,
oceanographer,4.44,2.12289111,25,
ocelot,3.071428571,1.328057327,14,
octagon,2.208333333,1.318073913,24,
octagonal,1.92,1.579029238,25,
odd,1.666666667,1.425949976,21,
ode,2.043478261,1.609016099,23,
odor,2.0,1.445997611,23,
odorous,1.615384615,1.298519867,26,
of,1.391304348,0.722315119,23,
off,1.964285714,1.346659595,28,
offender,4.173913043,1.850114835,23,
offer,1.869565217,1.391674852,23,
office,4.083333333,2.019829237,24,
officer,4.074074074,1.708033641,27,
offshore,1.739130435,1.136877354,23,
offspring,4.913043478,1.904851306,23,
ogre,2.592592593,1.946580024,27,
oilcan,4.782608696,1.929590671,23,
oilcloth,5.125,1.848912724,24,
oiled,2.48,1.917463602,25,
oiler,3.846153846,1.61721508,26,
oilman,4.25,1.917270436,28,
oilskin,3.961538462,2.162975159,26,
oily,2.5,1.816590212,26,
oink,1.68,1.281925635,25,
ointment,5.869565217,1.289973496,23,
okra,5.269230769,1.970942765,26,
old,1.76,1.362595562,25,
olive,6.173913043,1.192864159,23,
olympics,2.777777778,1.908147175,27,
omelet,5.6,1.527525232,25,
omelette,6.291666667,0.907896119,24,
omen,1.958333333,1.731527766,24,
ominous,1.625,1.134920032,24,
on,1.333333333,0.761386988,24,
once,2.115384615,1.966253759,26,
one,1.791666667,1.284664283,24,
onion,5.476190476,1.691716513,21,
onlooker,3.173913043,1.800307396,23,
ooze,2.541666667,1.793203756,24,
opal,4.6,2.0,25,
open,2.2,1.683250823,25,
opening,2.259259259,1.722980258,27,
opera,1.92,1.497776129,25,
operator,4.217391304,2.087985583,23,
ophthalmologist,4.423076923,1.836803243,26,
opiate,3.692307692,2.186672921,26,
opium,4.269230769,2.341925572,26,
opossum,3.88,1.921804707,25,
opportunity,1.541666667,0.832970936,24,
oppose,1.434782609,1.160959124,23,
opposition,1.518518519,1.188741104,27,
optic,2.6,1.802775638,25,
optician,4.851851852,2.106833273,27,
optimism,2.090909091,1.743261609,22,
opus,1.75,1.29269201,20,
oral,3.52,2.417298768,25,
orange,5.08,2.361496701,25,
orangutan,4.666666667,1.761093205,24,
orator,3.826086957,1.77487961,23,
orb,4.038461538,1.948964222,26,
orbit,1.92,1.55241747,25,
orchard,4.333333333,1.593255014,27,
orchestra,3.703703704,1.835856849,27,
orchid,4.68,1.95192213,25,
order,1.695652174,1.063219066,23,
orderly,2.4,1.632993162,25,
ore,4.375,2.29957463,24,
oregano,5.64,1.496662955,25,
organ,5.185185185,1.881837012,27,
organism,4.727272727,1.723280874,22,
organizer,3.818181818,2.10750052,22,
orgy,4.782608696,1.953005184,23,
origin,1.724137931,1.77072527,29,
oriole,3.041666667,1.988645304,24,
ornament,6.181818182,1.180652105,22,
orphan,5.259259259,1.430239157,27,
orphanage,4.148148148,1.955341869,27,
orthodontics,4.037037037,2.102772556,27,
orthodontist,4.916666667,1.665941871,24,
oscillator,3.5,2.105892354,24,
oscilloscope,4.0,1.747178176,20,
ostrich,4.083333333,1.863065885,24,
other,2.038461538,1.777206105,26,
otter,4.04,1.813835715,25,
ottoman,5.833333333,1.274044115,24,
ouch,1.75,1.224744871,24,
ought,1.625,1.468880082,24,
ounce,2.321428571,1.866935922,28,
our,1.68,1.345362405,25,
oust,2.407407407,1.926720196,27,
out,1.565217391,1.199472875,23,
outback,1.96,1.593737745,25,
outboard,3.136363636,1.934534632,22,
outbuilding,4.2,2.092593455,20,
outdoor,3.92,1.956186767,25,
outfield,4.0,2.105892354,24,
outfielder,4.6,1.658312395,25,
outfit,6.130434783,1.254241815,23,
outfitter,3.363636364,1.760558746,22,
outhouse,4.64,1.604161255,25,
outlet,4.541666667,2.206298625,24,
outline,1.916666667,1.529895327,24,
oval,2.333333333,1.60614761,24,
oven,5.923076923,0.976650477,26,
over,1.375,1.055523773,24,
overcoat,6.52,0.918331821,25,
overcrowded,2.259259259,1.810069964,27,
overfill,2.083333333,1.909169331,24,
overflow,2.166666667,1.632993162,24,
overflowing,1.96,1.695090951,25,
overhang,3.04,1.813835715,25,
overlord,2.227272727,1.925562829,22,
overpass,2.875,2.091650066,24,
overseer,3.608695652,1.698639307,23,
oversized,2.125,1.776966149,24,
overture,2.36,1.729161647,25,
overweight,1.925925926,1.412197576,27,
owl,3.791666667,1.99954705,24,
own,2.75,2.326594825,24,
owner,2.782608696,1.857577155,23,
ox,4.217391304,1.976142287,23,
oxcart,3.863636364,1.859222944,22,
oxtail,4.444444444,1.976991839,18,
oyster,5.407407407,1.575271875,27,
ozone,2.041666667,1.601063958,24,
pace,1.958333333,1.267629306,24,
pacemaker,4.363636364,1.989148048,22,
pacer,3.115384615,1.773740073,26,
pacifier,6.090909091,1.269011273,22,
pack,3.086956522,2.130152438,23,
package,5.75,1.421878733,24,
packaging,5.038461538,1.886388491,26,
packet,4.52173913,2.150466444,23,
packhorse,4.12,1.9,25,
pact,1.791666667,1.141287094,24,
pad,5.217391304,1.475759334,23,
padding,4.925925926,1.730405153,27,
paddle,5.68,1.435270009,25,
paddled,2.84,1.993322185,25,
paddling,3.038461538,2.068444231,26,
paddock,3.47826087,1.620032694,23,
padlock,6.08,1.288409873,25,
pagan,2.454545455,1.895540449,22,
page,4.96,2.15019379,25,
pageant,2.391304348,1.924462863,23,
pagoda,4.125,1.80126767,24,
pail,4.772727273,1.974403302,22,
pain,3.136363636,2.416125481,22,
painful,2.625,2.242136016,24,
painkiller,5.518518519,1.602170892,27,
paint,5.090909091,1.973855085,22,
paintbox,4.44,2.142428529,25,
paintbrush,5.56,1.609347694,25,
painted,3.045454545,1.838147948,22,
paintwork,4.045454545,2.058137686,22,
pair,2.869565217,2.138486037,23,
pajama,5.962962963,1.453946393,27,
pajamas,6.222222222,1.450022104,27,
pal,4.333333333,2.014440621,24,
palace,3.708333333,1.921936674,24,
palatable,1.791666667,1.215092291,24,
palate,3.407407407,2.223290342,27,
pale,1.72,1.173314394,25,
paleness,2.304347826,1.607787373,23,
paleontologist,4.0,2.236067977,23,
palette,3.875,2.028331934,24,
pallbearer,4.153846154,2.03356451,26,
pallet,4.36,2.11896201,25,
palm,5.44,1.709775814,25,
palpitate,1.636363636,1.216765993,22,
palsy,1.789473684,1.474936811,19,
pamper,2.130434783,2.073739438,23,
pamphlet,5.565217391,1.829706558,23,
pan,6.409090909,1.296849329,22,
panama,2.19047619,1.721018525,21,
pancreas,3.869565217,2.417819225,23,
panda,3.64,1.976528944,25,
pane,4.173913043,1.898616097,23,
panel,4.090909091,2.091003198,22,
paneling,4.125,2.232419238,24,
pang,1.722222222,1.319784098,18,
panhandle,3.222222222,2.154303981,27,
panhandler,4.92,1.891207727,25,
panic,2.44,2.142428529,25,
pansy,3.391304348,2.481552491,23,
pant,3.869565217,2.43654651,23,
pantaloons,4.695652174,1.96410476,23,
panther,3.739130435,2.157805942,23,
panties,5.791666667,1.503016291,24,
panting,2.96,2.335950913,25,
pantomime,2.916666667,1.767254482,24,
pantry,5.260869565,1.421183607,23,
pants,6.333333333,0.963086825,24,
paper,5.695652174,1.794810261,23,
paperback,5.090909091,1.874873733,22,
paperhanger,4.625,2.122600948,24,
paperweight,5.291666667,1.781039429,24,
paperwork,5.625,1.739877557,24,
papery,2.296296296,1.877289675,27,
paprika,4.428571429,1.938335073,21,
parachute,4.68,1.864582169,25,
parachutist,4.6,2.101586702,25,
parade,2.869565217,1.455533261,23,
paragraph,2.04,1.513274595,25,
parakeet,5.12,1.763519209,25,
parallel,1.8,1.527525232,25,
parallelogram,2.2,1.707825128,25,
paraphernalia,4.5,2.105892354,24,
parasite,2.909090909,1.411149174,22,
paratrooper,4.291666667,2.053187695,24,
paratroops,3.652173913,1.991086858,23,
parcel,5.583333333,1.815792237,24,
parchment,4.681818182,1.783158344,22,
pardon,1.75,1.390964632,24,
parent,5.04,2.353720459,25,
parentheses,1.833333333,1.685401943,24,
parenthesis,1.586206897,1.452024237,29,
parish,3.208333333,1.84105751,24,
parishioner,3.833333333,1.903467469,24,
park,4.24,1.899122604,25,
parka,5.875,1.650098811,24,
parking,2.166666667,1.434563005,24,
parkland,3.15,1.814415956,20,
parkway,3.086956522,1.729767285,23,
parliament,2.68,1.842100251,25,
parlor,4.0,2.215646838,23,
parole,2.714285714,1.802408735,28,
parrot,4.142857143,2.013184058,28,
parsley,5.434782609,1.61881233,23,
parsnip,5.666666667,1.559914528,21,
part,2.782608696,2.066101329,23,
particle,2.88,1.94336478,25,
partition,4.227272727,1.743882319,22,
partner,5.230769231,1.839732422,26,
partridge,3.653846154,1.917129264,26,
party,3.5,2.336664289,26,
pass,2.409090909,1.790426683,22,
passage,3.518518519,1.649484077,27,
passageway,3.6,1.914854216,25,
passenger,5.08,1.497776129,25,
passerby,4.44,1.685229955,25,
passionflower,4.782608696,1.881887876,23,
passkey,3.666666667,2.175622516,21,
passport,5.0,1.956038588,24,
password,2.888888889,2.309401077,27,
past,1.4,0.816496581,25,
pasta,5.72,1.514375559,25,
paste,4.08,1.977371993,25,
pastel,2.48,1.82847842,25,
pastor,3.826086957,2.166945356,23,
pastrami,5.142857143,1.904880949,21,
pastry,6.086956522,1.345465228,23,
pasture,3.47826087,1.702126083,23,
pasty,3.769230769,2.285741758,26,
pat,3.136363636,2.076981659,22,
patch,3.75,1.939296152,24,
patchwork,3.916666667,2.244155049,24,
patent,2.125,1.676240618,24,
path,4.37037037,1.471476186,27,
pathologist,3.727272727,1.804275826,22,
pathway,3.72,2.010804151,25,
patio,4.217391304,1.756973683,23,
patrol,3.222222222,2.154303981,27,
patrolman,4.814814815,1.64169324,27,
patron,3.434782609,2.1068306,23,
patter,2.260869565,1.684620036,23,
pattern,2.6,1.802775638,25,
patterned,2.0,1.632993162,25,
pauper,4.173913043,2.059394746,23,
pave,2.074074074,1.542373943,27,
pavilion,4.2,1.527525232,25,
paw,5.0,1.980675875,27,
pawn,3.52,2.219609575,25,
pawnbroker,3.272727273,2.142135521,22,
pawnshop,3.75,1.539339215,24,
pay,3.192307692,2.416927484,26,
payer,3.913043478,2.087038865,23,
payload,2.458333333,1.793203756,24,
payment,3.0,1.643167673,21,
payroll,3.043478261,1.770420106,23,
pea,5.777777778,1.310705428,27,
peace,1.956521739,1.521908517,23,
peach,5.88,1.508862706,25,
peacock,4.8,1.732050808,25,
peak,2.64,1.496662955,25,
peanut,6.192307692,1.265519048,26,
peanuts,6.12,1.452583905,25,
pear,5.72,1.768238295,25,
pearl,5.555555556,1.648620247,27,
peasant,3.565217391,1.829706558,23,
peashooter,4.84,1.518771433,25,
pebble,5.47826087,1.879786381,23,
pecan,5.5,1.744556752,24,
peck,2.826086957,2.166945356,23,
pectoral,4.192307692,2.191241306,26,
pedal,5.04,2.009975124,25,
peddle,3.615384615,2.333699605,26,
peddler,3.47826087,1.728624393,23,
pedestal,4.88,1.9,25,
pedestrian,4.962962963,1.556165936,27,
pedicure,4.0,2.253202849,27,
pedicurist,5.137931034,1.767244383,29,
pedometer,5.681818182,1.672931947,22,
peek,2.75,2.171955641,24,
peekaboo,2.0,1.414213562,25,
peel,4.458333333,2.105462185,24,
peeled,2.260869565,1.789296238,23,
peeling,2.96,2.051016008,25,
peelings,4.652173913,1.897574903,23,
peep,2.681818182,1.936771089,22,
peephole,4.875,1.361345243,24,
peer,2.956521739,2.245768969,23,
peg,4.391304348,1.947939014,23,
pegboard,5.04,2.030599255,25,
pelican,3.666666667,2.038098661,27,
pellet,4.296296296,1.814785743,27,
pelt,4.185185185,2.48126886,27,
pelvis,5.72,1.83757086,25,
pen,6.64,0.637704216,25,
pencil,5.869565217,1.575504186,23,
pendant,5.791666667,1.559798389,24,
pendulum,3.84,2.014116845,25,
penguin,4.12,2.204540769,25,
penicillin,4.173913043,1.749082199,23,
peninsula,2.333333333,1.090140265,24,
penis,6.689655172,0.849514495,29,
penknife,5.833333333,1.372609912,24,
penmanship,2.565217391,2.232529893,23,
pennant,5.153846154,1.848075923,26,
penny,6.448275862,1.212618386,29,
pension,1.76,1.164760347,25,
pentagon,2.666666667,1.340560125,24,
pentagram,2.666666667,1.685401943,24,
penthouse,4.333333333,2.057154359,24,
peony,4.333333333,1.814970426,18,
people,6.076923077,1.197433152,26,
pepper,5.875,1.454004964,24,
peppercorn,5.181818182,1.435481125,22,
peppermint,5.391304348,2.061313139,23,
pepperoni,5.875,1.392916864,24,
peppery,2.5,1.766082563,22,
perceive,1.47826087,0.790256875,23,
percent,1.12,0.331662479,25,
perch,3.347826087,1.668115312,23,
percolate,2.173913043,1.556574734,23,
percolator,5.1,1.83245593,20,
percussionist,3.777777778,1.948043068,27,
perforated,1.862068966,1.216673977,29,
perforation,3.47826087,1.805787796,23,
perform,2.56,2.142428529,25,
performer,3.76,2.067204231,25,
perfume,4.96,2.226357264,25,
perfumed,1.652173913,1.30065353,23,
peril,1.791666667,1.531670491,24,
periods,2.444444444,1.846687957,27,
periscope,4.653846154,1.647842412,26,
perish,2.045454545,1.557692822,22,
periwinkle,2.142857143,2.056349053,21,
perjury,1.541666667,1.102533315,24,
perk,1.6,0.866025404,25,
permafrost,2.681818182,1.861549883,22,
permission,1.52,1.045625809,25,
permit,3.44,2.346628788,25,
peroxide,4.555555556,1.948043068,27,
perpendicular,1.173913043,0.49102619,23,
persecutor,3.88,1.855622088,25,
persimmon,4.611111111,2.252812331,18,
persist,1.4,1.154700538,25,
person,6.12,1.12989675,25,
personnel,3.125,1.752327645,24,
perspiration,4.826086957,1.850114835,23,
pervert,4.260869565,1.814522008,23,
pest,3.92,2.019075696,25,
pesticide,3.68,1.77294482,25,
pet,6.214285714,1.474653578,28,
petal,5.75,1.294575578,28,
petite,1.5,1.174734012,26,
petition,3.72,2.031419865,25,
petitioner,4.2,1.936491673,25,
petrol,3.909090909,2.15824203,22,
petroleum,4.333333333,1.970801352,24,
petticoat,5.454545455,1.818614667,22,
pew,4.666666667,2.565094568,24,
phalanges,4.35,2.254235779,20,
pharaoh,2.25,1.799758438,24,
pharmacist,5.041666667,1.654484464,24,
pharmacy,5.083333333,1.791687732,24,
pheasant,4.16,1.795364401,25,
philosopher,3.375,1.837117307,24,
philosophy,2.36,1.8,25,
phoenix,2.6,2.121320344,25,
phone,6.5,0.834057656,24,
phonograph,4.423076923,1.677452281,26,
phosphate,3.259259259,1.933362806,27,
phosphorous,2.92,1.705872211,25,
photocopier,6.12,1.508862706,25,
photocopy,4.260869565,1.982133637,23,
photograph,5.875,1.19099885,24,
photography,3.12,2.223360819,25,
photon,1.904761905,1.179184545,21,
phrase,1.538461538,1.066987131,26,
phrasebook,3.565217391,2.041080083,23,
physician,5.12,1.763519209,25,
physicist,4.217391304,2.255428235,23,
physics,1.851851852,1.292097392,27,
physiologist,4.75,2.090350501,24,
physique,2.956521739,2.225436849,23,
piano,6.166666667,1.274044115,24,
piccolo,4.956521739,2.20491725,23,
pick,3.259259259,2.049251131,27,
pickaxe,5.333333333,1.685401943,24,
picker,3.92,1.977371993,25,
picket,3.666666667,1.970801352,24,
pickle,5.730769231,1.638479595,26,
pickpocket,3.153846154,1.848075923,26,
pickup,3.28,2.072036036,25,
picnic,4.2,2.121320344,25,
picnicker,4.458333333,1.955575456,24,
picture,5.32,2.014944168,25,
pie,5.869565217,1.604095549,23,
piece,3.125,2.153106956,24,
pier,4.0,1.651445648,23,
pierce,2.44,2.12289111,25,
piercing,5.0,1.668115312,24,
pig,4.56,2.180978374,25,
pigeon,4.208333333,1.559798389,24,
piggyback,3.208333333,1.977683464,24,
piglet,4.68,2.014944168,25,
pigmentation,2.541666667,1.64129235,24,
pigsty,2.857142857,1.681835732,21,
pigtail,4.958333333,1.876146992,24,
pigtailed,2.555555556,1.804552647,27,
pike,4.590909091,2.196514358,22,
pilaf,4.7,2.473012227,20,
pile,3.958333333,1.573673815,24,
pilgrim,3.217391304,2.043982782,23,
piling,2.703703704,1.727933733,27,
pill,6.36,1.254325848,25,
pillage,1.925925926,1.567112139,27,
pillar,5.041666667,2.053187695,24,
pillow,6.391304348,1.305203935,23,
pillowcase,5.92,1.6563011,25,
pilot,4.52173913,1.728624393,23,
pimento,4.769230769,2.084374099,26,
pimp,3.538461538,1.923138461,26,
pimple,5.72,1.307669683,25,
pimpled,1.956521739,1.551487874,23,
pin,5.88,1.691153453,25,
pinball,5.782608696,1.565436963,23,
pincer,3.428571429,2.18108754,21,
pincers,3.25,2.074278568,20,
pinch,3.48,2.468467811,25,
pincushion,5.260869565,1.737746485,23,
pine,4.347826087,1.368765059,23,
pineapple,6.304347826,1.329209697,23,
pinecone,5.821428571,1.611384761,28,
pinewood,4.541666667,2.042572263,24,
ping,1.52173913,0.845822097,23,
pink,1.407407407,1.118352472,27,
pinkie,5.260869565,1.814522008,23,
pinprick,3.333333333,2.130366527,27,
pinstripe,2.130434783,1.575504186,23,
pint,3.833333333,2.078182037,24,
pinup,3.347826087,2.248407429,23,
pinwheel,5.8,1.38443731,25,
pipe,5.653846154,1.495120268,26,
pipeline,4.0,1.957890021,25,
pipette,3.571428571,1.989256861,21,
piranha,3.956521739,2.163294223,23,
Pirate,3.690121786,2.021577,739,
piss,4.769230769,2.337651682,26,
pistachio,5.541666667,1.718927033,24,
pistol,5.260869565,1.912100019,23,
piston,4.130434783,1.546384282,23,
pit,4.172413793,1.774199327,29,
pitch,2.913043478,2.02064444,23,
pitcher,5.259259259,1.872731296,27,
pitchfork,5.681818182,1.861549883,22,
pitching,2.52,1.805547009,25,
pixie,1.68,1.029563014,25,
pixilated,1.791666667,1.141287094,24,
pizza,6.541666667,0.931532943,24,
placard,4.458333333,2.105462185,24,
place,3.36,1.933907961,25,
placenta,4.28,2.245736702,25,
plague,3.041666667,1.988645304,24,
plaid,2.48,1.782320585,25,
plain,1.777777778,1.648620247,27,
plaintiff,4.375,1.929462642,24,
plan,1.958333333,1.517411029,24,
plane,5.458333333,1.382473104,24,
planet,4.2,1.914854216,25,
planetarium,3.4,1.607275127,25,
plank,4.92,1.6563011,25,
planking,3.32,2.035517952,25,
plankton,2.909090909,1.687745493,22,
planner,4.916666667,1.839580923,24,
plant,5.652173913,1.991086858,23,
plantain,5.409090909,1.652100853,22,
plantation,4.107142857,1.663091403,28,
planter,4.666666667,1.992740448,24,
plaque,4.52,2.275228926,25,
plasma,3.086956522,1.729767285,23,
plaster,4.4,1.848422751,25,
plasterer,3.136363636,1.958995237,22,
plastering,2.833333333,2.035909511,24,
plastic,5.04,1.925270544,25,
plastics,5.0,2.0,25,
plate,5.590909091,2.108013981,22,
plateau,2.75,1.893926219,24,
plated,2.642857143,1.520581899,28,
plateful,3.24,1.963839776,25,
Platform,4.579514825,1.829732,742,
plating,2.64,1.380821012,25,
platoon,2.565217391,1.829706558,23,
platter,5.75,1.45213486,24,
platypus,3.041666667,2.031901373,24,
plausible,1.565217391,1.440520328,23,
play,2.84,2.24870333,25,
playbill,3.428571429,1.85933936,21,
player,4.72,2.010804151,25,
playground,4.695652174,1.844766125,23,
playhouse,4.869565217,1.841549442,23,
playroom,4.52,1.917463602,25,
playsuit,5.36,1.577973384,25,
plaything,4.92,1.891207727,25,
playwright,4.28,2.150968774,25,
plaza,3.958333333,1.731527766,24,
plead,1.88,1.563116545,25,
pleader,2.625,1.906795628,24,
please,1.307692308,0.617687997,26,
pleat,3.409090909,1.918806447,22,
pledge,1.888888889,1.552500052,27,
plexiglas,5.041666667,2.01038968,24,
pliable,2.043478261,1.364426648,23,
pliers,6.086956522,1.59296874,23,
plod,2.166666667,1.42457424,18,
plop,1.857142857,1.525965736,21,
plow,5.0,1.718249386,22,
pluck,2.583333333,1.954185401,24,
plug,5.875,1.483606065,24,
plugged,2.333333333,1.785610763,24,
plum,5.62962963,1.620734595,27,
plumage,3.285714286,1.901127485,21,
plumb,2.608695652,1.671665757,23,
plumber,4.44,1.416568624,25,
plumbing,3.869565217,1.516705396,23,
plume,2.8,2.0,25,
plumed,2.045454545,1.812056783,22,
plump,2.090909091,1.659291039,22,
plunder,1.708333333,1.428869017,24,
plunge,1.583333333,0.928611243,24,
plural,1.571428571,1.372442306,28,
plus,1.222222222,0.506369684,27,
plush,3.24,2.146314671,25,
ply,1.791666667,1.062366786,24,
plywood,4.807692308,1.876576261,26,
pneumonia,2.5,1.96468827,26,
poach,2.68,2.076053949,25,
poacher,3.36,1.8,25,
pocket,5.407407407,1.623369223,27,
pocketbook,5.884615385,1.505374985,26,
pocketful,2.88,2.107921567,25,
pocketknife,5.692307692,1.619116568,26,
pockmark,3.75,2.099498687,20,
pod,3.821428571,1.700840129,28,
podiatrist,4.791666667,1.64129235,24,
poem,2.48,1.939071943,25,
poet,4.565217391,2.128296095,23,
poetess,3.65,2.30045762,20,
poetry,1.84,1.280624847,25,
poinsettia,5.347826087,1.747951935,23,
point,3.173913043,2.269404686,23,
pointed,2.52173913,1.754722594,23,
pointer,3.608695652,2.481552491,23,
pointing,2.125,1.676240618,24,
poison,4.035714286,2.063476801,28,
poisoner,3.458333333,2.063748524,24,
poke,2.259259259,1.631247578,27,
poker,4.590909091,1.763629669,22,
polar,2.037037037,1.764641639,27,
pole,5.32,1.796292478,25,
police,4.739130435,1.789296238,23,
policeman,5.428571429,1.451144412,28,
policewoman,4.904761905,1.445847914,21,
polio,3.12,2.223360819,25,
polish,2.88,2.127596453,25,
polished,2.038461538,1.865063414,26,
polisher,3.407407407,2.004979556,27,
politician,4.409090909,1.86851331,22,
polka,2.666666667,1.736229465,24,
poll,1.884615385,1.243444348,26,
pollen,3.958333333,2.095111633,24,
pollinate,1.678571429,1.218790275,28,
pollination,1.913043478,1.311246578,23,
pollutant,3.32,1.973153145,25,
pollution,3.607142857,2.16605608,28,
polo,3.772727273,2.180690546,22,
polyester,5.086956522,2.108705839,23,
polyethylene,3.25,1.802775638,20,
polygamist,4.0,1.845916414,28,
polygon,1.814814815,1.359780441,27,
polystyrene,3.666666667,2.033060091,21,
pomegranate,5.391304348,2.168768617,23,
pompadour,3.761904762,2.364418785,21,
pompom,5.16,1.404753834,25,
poncho,5.458333333,1.587427963,24,
pond,4.5,1.596126263,22,
pony,5.375,1.468880082,24,
pooch,5.045454545,2.170742088,22,
poodle,5.652173913,1.228772323,23,
pool,6.041666667,0.999093792,24,
poop,5.88,1.589549202,25,
poor,1.869565217,1.575504186,23,
pop,3.148148148,2.160906215,27,
popcorn,6.0,1.305260014,28,
pope,3.88,1.833030278,25,
poplar,2.85,1.663066287,20,
poppy,4.041666667,1.966660526,24,
population,3.230769231,2.421696799,26,
porch,4.44,1.980740602,25,
porcupine,4.041666667,1.756458063,24,
pork,4.916666667,2.062431378,24,
pornographer,4.2,2.43241992,25,
pornography,3.75,2.131543633,24,
porridge,4.80952381,1.721018525,21,
port,3.230769231,1.882714897,26,
portal,3.166666667,1.809796209,24,
portfolio,4.8,1.779513042,25,
porthole,3.375,2.122600948,24,
portion,2.913043478,1.856512945,23,
portly,1.869565217,1.516705396,23,
portrait,4.272727273,1.980423672,22,
portray,2.08,1.800925688,25,
pose,2.375,1.951866442,24,
posse,3.826086957,2.059394746,23,
possess,2.074074074,1.858989095,27,
possum,3.772727273,2.022064437,22,
postage,4.32,2.174089848,25,
postal,2.16,1.8636881,25,
postcard,5.76,1.738773514,25,
poster,5.583333333,1.558055272,24,
posteriors,2.791666667,1.84105751,24,
postman,4.913043478,1.951993002,23,
postmark,2.84,2.230097158,25,
postmaster,5.2,1.471960144,25,
postmortem,2.208333333,1.977683464,24,
postscript,2.590909091,1.842852109,22,
posture,3.041666667,2.293263607,24,
pot,6.16,1.404753834,25,
potato,5.6,1.979057015,25,
potbellied,1.909090909,1.687745493,22,
potbelly,3.291666667,2.031901373,24,
potboiler,4.84,1.818424226,25,
potion,4.208333333,2.12601212,24,
potpourri,5.333333333,1.785610763,24,
pottery,5.458333333,1.667572218,24,
potty,5.037037037,1.89089888,27,
pouch,5.178571429,1.846990975,28,
poultry,4.826086957,1.749082199,23,
pounce,2.217391304,1.857577155,23,
pounced,2.304347826,1.987112629,23,
pound,2.714285714,2.077085871,21,
pour,2.173913043,1.850114835,23,
pout,2.80952381,2.204972735,21,
powder,5.416666667,1.839580923,24,
powderpuff,4.923076923,1.937484491,26,
powdery,2.333333333,1.761093205,24,
powerboat,5.782608696,1.277658431,23,
pox,2.608695652,1.644249772,23,
practice,2.185185185,1.819489299,27,
practitioner,4.5,1.933683127,24,
prairie,3.642857143,1.568539914,28,
praise,2.538461538,1.94382652,26,
prance,2.346153846,1.547703013,26,
prank,2.8,1.957890021,25,
prankster,4.642857143,1.66030532,28,
prawn,4.086956522,2.151385251,23,
pray,3.409090909,2.423281736,22,
prayer,2.458333333,1.955575456,24,
preach,2.333333333,1.736229465,24,
preacher,4.208333333,1.864523874,24,
preaching,2.76,2.087262961,25,
precinct,2.153846154,1.405483766,26,
precious,2.36,2.018250067,25,
precipitate,2.56,1.850225212,25,
precipitation,3.833333333,1.809796209,24,
preface,1.56,1.15758369,25,
prefer,1.37037037,0.926039879,27,
pregnancy,3.96,2.524546164,25,
pregnant,4.0,2.466441431,25,
premier,1.565217391,1.375965346,23,
preparation,1.296296296,0.823445613,27,
prepare,1.72,1.242309677,25,
preposterous,1.52173913,1.309738531,23,
preschool,3.208333333,1.910592138,24,
preschooler,4.409090909,1.943465018,22,
prescription,4.08,2.139314532,25,
presence,1.964285714,1.971691187,28,
present,4.32,2.115813476,25,
presenter,4.045454545,1.758713619,22,
preserve,2.739130435,2.157805942,23,
president,3.56,2.2,25,
press,3.107142857,2.148889217,28,
pressman,3.304347826,1.844766125,23,
pressure,2.304347826,1.690475528,23,
pretend,1.92,1.579029238,25,
pretty,1.565217391,1.273009568,23,
pretzel,6.04,1.171893055,25,
prey,3.227272727,2.068627753,22,
price,1.708333333,0.954584666,24,
prick,3.304347826,2.20402076,23,
pricking,2.208333333,1.693444308,24,
prickly,2.703703704,2.232880424,27,
pride,1.730769231,1.588903831,26,
priest,4.56,2.142428529,25,
priestess,3.333333333,2.014440621,24,
primary,1.346153846,0.891843381,26,
primate,4.375,1.78915817,24,
primates,4.956521739,1.965110704,23,
prime,1.888888889,1.552500052,27,
primer,3.851851852,1.854385731,27,
primp,2.380952381,1.909874092,21,
primrose,4.368421053,1.640139774,19,
prince,3.826086957,1.92240791,23,
princess,3.84,2.339515619,25,
print,4.130434783,2.379922608,23,
printing,3.25,2.090350501,24,
printout,5.2,1.802775638,25,
prior,1.535714286,1.477789712,28,
prism,3.130434783,1.914166038,23,
prison,3.296296296,1.897666884,27,
prisoner,4.307692308,1.8924953,26,
private,2.307692308,1.849740106,26,
privates,4.681818182,1.985335851,22,
prize,4.916666667,1.863065885,24,
prizefight,2.48,1.710750323,25,
prizefighter,4.12,1.855622088,25,
pro,1.703703704,1.137298243,27,
probe,3.115384615,2.250811819,26,
problem,2.391304348,1.802501556,23,
proceed,1.875,1.392916864,24,
process,2.0,1.870828693,25,
processor,3.739130435,1.543826159,23,
prod,2.821428571,1.925531604,28,
produce,5.565217391,1.561645023,23,
product,4.086956522,2.314245282,23,
production,1.958333333,1.601063958,24,
profile,2.541666667,1.99954705,24,
profit,1.777777778,1.395964881,27,
program,2.96,2.226357264,25,
programmer,4.695652174,1.96410476,23,
project,3.181818182,1.918242341,22,
projectile,3.689655172,1.834266071,29,
projector,5.086956522,1.729767285,23,
prom,2.423076923,1.629062968,26,
promenade,3.44,1.827566688,25,
promote,1.347826087,0.714059817,23,
promotion,2.2,1.779513042,25,
prompt,1.52,1.004987562,25,
prompter,2.76,1.738773514,25,
prone,2.47826087,2.019666156,23,
prong,3.88,2.333095226,25,
pronounce,1.416666667,1.248187091,24,
proof,1.592592593,1.118352472,27,
proofreader,4.36,1.8,25,
prop,5.125,1.776966149,24,
propane,3.454545455,1.920497771,22,
propellant,2.904761905,1.640267109,21,
propeller,4.36,1.955334583,25,
proper,1.652173913,1.584260529,23,
property,4.083333333,1.742478661,24,
prophet,3.52,2.123676058,25,
proportion,1.84,1.34412301,25,
proprietor,4.884615385,1.728049145,26,
proprietress,3.571428571,2.461126339,21,
props,5.260869565,1.888178326,23,
prosecutor,4.64,2.177154106,25,
prospector,3.346153846,1.937881476,26,
prostate,3.913043478,1.703286755,23,
prosthesis,4.689655172,2.106172023,29,
prostitute,5.0,1.744556752,24,
prostrate,3.583333333,2.263446135,24,
protect,1.458333333,1.178767472,24,
protector,2.652173913,1.747951935,23,
protein,4.178571429,2.055770045,28,
protest,2.227272727,1.875450884,22,
protester,4.8,1.732050808,25,
prototype,2.52173913,1.377400886,23,
protractor,5.434782609,1.61881233,23,
protrusion,2.909090909,1.925000703,22,
provide,1.625,1.055523773,24,
provider,3.04,2.030599255,25,
province,1.590909091,1.05375026,22,
provision,2.608695652,1.900696773,23,
prowl,1.655172414,1.316810597,29,
prowler,3.782608696,2.066101329,23,
proxy,1.68,0.852447457,25,
prune,5.074074074,1.998574991,27,
pry,2.791666667,1.99954705,24,
psalm,2.428571429,1.567527626,21,
psoriasis,3.92,2.059935274,25,
psyche,1.620689655,1.373571806,29,
psycho,3.217391304,1.782656897,23,
psychoanalyst,4.16,1.8636881,25,
psychologist,3.739130435,2.199532829,23,
psychotherapist,4.230769231,2.178213806,26,
pterodactyl,1.708333333,1.601063958,24,
pub,4.666666667,1.88048714,24,
public,3.130434783,2.201329099,23,
publication,4.48,1.939071943,25,
publicist,3.833333333,1.785610763,24,
publish,2.041666667,1.654484464,24,
publisher,4.44,1.685229955,25,
puck,4.608695652,2.126438132,23,
pudding,5.958333333,1.232853412,24,
puddle,5.0,1.414213562,28,
pudgy,2.571428571,1.719634513,21,
pueblo,2.526315789,1.806421295,19,
puff,3.0,2.121320344,25,
puffball,4.136363636,1.612317307,22,
puffer,2.24,1.614517472,25,
puffin,3.636363636,2.237035763,22,
puffy,1.96,1.513274595,25,
pug,5.965517241,1.451175844,29,
puke,4.5,2.064187386,24,
pull,3.125,2.346366293,24,
pulley,5.208333333,1.693444308,24,
pullover,4.56,2.256102835,25,
pulp,5.208333333,1.667572218,24,
pulpit,3.47826087,2.212969318,23,
pulpy,2.045454545,1.587968835,22,
pulse,3.695652174,2.244888793,23,
pumice,4.857142857,2.414243448,21,
pump,4.347826087,2.16603315,23,
pumpernickel,5.130434783,1.686964671,23,
pumpkin,5.708333333,1.627993341,24,
pun,1.615384615,1.168825841,26,
punch,3.782608696,2.295381167,23,
punchbowl,5.25,1.725763851,24,
punching,3.458333333,2.245365598,24,
punctuation,2.16,2.13463502,25,
puncture,2.583333333,1.791687732,24,
pungent,1.48,0.822597512,25,
punish,1.291666667,0.550032937,24,
punk,3.2,2.179449472,25,
punt,3.259259259,2.313714838,27,
punter,4.464285714,1.452511053,28,
puny,1.695652174,1.294561442,23,
pup,5.44,1.502220579,25,
pupil,4.8,2.254624876,25,
puppet,5.739130435,1.601629605,23,
puppeteer,4.111111111,1.761409692,27,
puppy,6.25,1.377732974,28,
purchase,2.875,2.173206407,24,
purge,1.92,1.605199884,25,
purple,1.44,1.227463509,25,
purpose,1.291666667,0.85867272,24,
purr,1.708333333,0.954584666,24,
purring,1.88,1.30128142,25,
purse,6.291666667,1.122077525,24,
pursue,1.708333333,1.041702898,24,
pursuit,2.333333333,1.711004451,24,
pus,4.173913043,1.77487961,23,
push,3.32,2.19317122,25,
pushcart,5.272727273,1.906925178,22,
pushing,3.0,1.834021909,23,
put,1.407407407,1.009922284,27,
putrid,1.625,1.17260394,24,
putt,3.444444444,2.136376035,27,
putty,5.0,1.732050808,23,
puzzle,5.44,1.635033129,25,
pygmy,2.913043478,1.975141962,23,
pyramid,4.0,2.126438132,24,
pyramidal,1.818181818,1.435481125,22,
pyrotechnic,2.125,1.541103501,24,
pyrotechnics,2.88,1.763519209,25,
python,3.583333333,1.931808494,24,
quack,1.652173913,1.112274314,23,
quad,2.692307692,2.412786452,26,
quadrant,1.565217391,0.787752093,23,
quadriceps,4.5,2.02162225,24,
quadruplet,3.0,1.732050808,23,
quail,3.64,1.753092506,25,
quake,1.916666667,1.442120018,24,
quality,1.96,1.645195024,25,
quantity,1.96,1.513274595,25,
quarrel,1.869565217,1.546384282,23,
quarry,3.8,1.732050808,25,
quart,2.826086957,1.497032638,23,
quarter,5.333333333,2.093947321,27,
quarterback,4.346153846,2.152994337,26,
quartermaster,4.0,1.732050808,19,
quarters,5.909090909,1.411149174,22,
quarterstaff,2.772727273,2.045478595,22,
quartet,3.0,2.085144141,24,
quartz,4.130434783,1.937766939,23,
queasy,2.208333333,1.768791449,24,
queen,4.083333333,2.20506663,24,
query,1.538461538,1.066987131,26,
quest,1.541666667,1.141287094,24,
question,1.64,1.468559385,25,
questioner,3.892857143,1.911743159,28,
questionnaire,4.461538462,2.176800758,26,
queue,2.375,1.526932133,24,
quiche,5.727272727,1.31590339,22,
quick,1.583333333,1.212853863,24,
quicksand,3.76,1.87705443,25,
quiet,1.96,1.619670748,25,
quill,4.565217391,2.232529893,23,
quilt,5.826086957,1.800307396,23,
quilted,2.32,1.81934054,25,
quilting,3.153846154,2.053140184,26,
quip,2.25,1.482352327,20,
quit,2.928571429,1.961265114,28,
quiz,2.833333333,1.948615265,24,
quizmaster,2.652173913,1.747951935,23,
quota,1.434782609,1.121123096,23,
quote,2.0,1.632993162,25,
rabbi,3.958333333,1.944427191,24,
rabbit,5.0,1.799470822,22,
rabid,1.791666667,1.559798389,24,
raccoon,3.814814815,1.754927941,27,
race,2.913043478,2.193234297,23,
racehorse,5.208333333,1.693444308,24,
racer,3.28,1.989974874,25,
racetrack,3.826086957,1.641844138,23,
raceway,4.083333333,2.062431378,24,
rack,4.68,1.994158135,25,
racket,5.24,1.809235566,25,
radiant,1.739130435,1.251086484,23,
radiator,5.217391304,1.677566466,23,
radio,5.291666667,1.805286119,24,
radiologist,4.913043478,1.781547935,23,
radish,5.846153846,1.592289112,26,
radius,2.083333333,1.767254482,24,
raffle,2.916666667,1.839580923,24,
raft,5.36,1.955334583,25,
rafter,3.884615385,1.861760953,26,
rag,5.666666667,1.460593487,21,
rage,1.5,1.021507837,24,
ragged,2.181818182,1.708141949,22,
raid,1.958333333,1.232853412,24,
rail,5.517241379,1.478915859,29,
railroad,4.333333333,1.992740448,24,
rain,4.958333333,1.731527766,24,
Rainbow,1.696185286,1.381642,734,
raincoat,5.954545455,1.526816568,22,
raindrop,5.208333333,1.768791449,24,
rainfall,4.88,1.985782801,25,
rainstorm,3.8,1.936491673,25,
rainwater,5.407407407,1.715523227,27,
raise,1.458333333,1.178767472,24,
raisin,5.64,1.955334583,25,
rake,6.136363636,1.552124644,22,
rally,2.24,1.535143859,25,
ram,3.391304348,2.271145695,23,
ramble,2.56,1.781385229,25,
ramp,4.666666667,2.038098661,27,
rampage,1.583333333,1.017954755,24,
ramrod,3.95,2.211810404,20,
ran,3.964285714,2.219144694,28,
ranch,3.84,1.8636881,25,
rancher,4.68,2.19317122,25,
rancid,2.555555556,1.948043068,27,
rang,1.818181818,1.258735709,22,
range,3.192307692,2.097984381,26,
ranger,4.16,1.841195264,25,
rank,2.25,1.350582865,28,
ransom,3.074074074,1.920054605,27,
rant,2.24,1.942506971,25,
rap,3.714285714,2.174892809,28,
rape,2.666666667,2.296815691,24,
rapid,2.04,1.71949605,25,
rarity,1.833333333,1.493949148,24,
rascal,2.740740741,1.913365794,27,
rash,4.166666667,2.18028053,24,
rasp,1.913043478,1.534839153,23,
raspberry,5.884615385,1.632836136,26,
rat,4.608695652,2.126438132,23,
ratchet,4.217391304,1.905888524,23,
ration,3.4,1.957890021,25,
rattail,3.4,1.870828693,25,
rattle,4.409090909,1.86851331,22,
rattler,3.625,1.929462642,24,
rattles,3.48,2.365022903,25,
rattlesnake,4.130434783,2.360746181,23,
rattling,1.827586207,1.627201048,29,
raucous,1.4,0.994722918,20,
rave,3.25,2.005427418,24,
raven,3.92,2.119748413,25,
ravine,3.590909091,1.816828501,22,
raw,2.4,1.707825128,25,
rawhide,4.541666667,2.063748524,24,
ray,1.695652174,0.764840008,23,
razor,6.12,1.166190379,25,
razorback,3.5,2.02162225,24,
reach,4.214285714,2.21705749,28,
reactor,3.12,1.985782801,25,
read,2.08,1.846618531,25,
real,2.041666667,1.781039429,24,
realm,2.25,1.648451183,24,
ream,2.8,1.989445837,20,
reap,2.615384615,2.136856066,26,
rear,3.037037037,2.261406667,27,
rebel,2.260869565,1.657418346,23,
rebuilt,2.166666667,1.736229465,24,
recall,1.875,1.512628004,24,
receipt,5.28,1.860107524,25,
receipts,5.04,2.281812145,25,
receive,1.695652174,1.520609406,23,
receptacle,4.863636364,1.934534632,22,
receptionist,4.68,2.212088003,25,
recess,1.958333333,1.458980188,24,
reclining,3.56,2.001665973,25,
recluse,2.285714286,1.488047618,21,
recognition,1.583333333,1.380506103,24,
recognize,1.64,1.220655562,25,
recoil,2.230769231,1.58259767,26,
record,4.75,1.648451183,24,
recorder,5.8,1.527525232,25,
recording,3.0,1.769303474,24,
recruit,2.96,1.790716802,25,
recruiter,4.347826087,2.144945341,23,
rectangle,2.48,1.758787461,25,
rectangular,1.96,1.670329309,25,
rectum,5.041666667,1.852827843,24,
recycled,2.291666667,2.01038968,24,
red,1.576923077,1.447012838,26,
redcoat,4.16,2.303620339,25,
reddish,1.52173913,1.122884484,23,
redecorate,2.16,1.675310916,25,
redeem,2.347826087,1.944892978,23,
redheaded,3.0,1.97814142,24,
redneck,3.217391304,2.334650485,23,
redness,2.304347826,1.635814576,23,
reduce,1.434782609,0.945135246,23,
reduction,1.84,1.312757911,25,
redwood,3.956521739,1.845837107,23,
reed,3.428571429,2.248809209,21,
reef,4.208333333,1.559798389,24,
reefer,4.52173913,1.879786381,23,
reek,1.590909091,1.098010795,22,
reel,4.045454545,2.034869195,22,
refinery,2.869565217,1.890270491,23,
reflect,2.380952381,1.986861608,21,
reflection,2.125,1.512628004,24,
reflector,3.666666667,1.957890021,21,
reflex,2.52,1.805547009,25,
refrain,1.791666667,1.531670491,24,
refrigerant,3.25,1.750776225,24,
refrigerate,2.260869565,1.93572611,23,
refrigeration,2.92,2.158703314,25,
refrigerator,5.851851852,1.791082692,27,
refueling,2.47826087,2.192333029,23,
refuge,3.304347826,2.032347112,23,
refund,2.565217391,1.97313979,23,
refuse,1.652173913,1.152416262,23,
refute,1.333333333,0.637022057,24,
regalia,3.888888889,2.111283103,18,
reggae,2.0,1.063219066,24,
regime,2.857142857,1.819936623,28,
regiment,2.347826087,1.027295463,23,
region,1.555555556,0.891555828,27,
register,4.0,1.858640755,23,
registrar,3.391304348,1.994062332,23,
registration,2.72,2.051828453,25,
regret,1.857142857,1.626500122,28,
rehearse,2.12,1.641137817,25,
reindeer,4.5,1.668115312,24,
relate,1.96,1.743559577,25,
relation,1.916666667,1.31601066,24,
relay,2.090909091,1.659291039,22,
release,1.791666667,1.062366786,24,
relic,3.958333333,1.39810949,24,
relief,1.92,1.6563011,25,
relish,4.16,2.374868417,25,
remark,2.25,1.750776225,24,
remedy,2.851851852,1.747607237,27,
remote,4.357142857,2.23133054,28,
remove,2.307692308,1.934305679,26,
remover,3.12,2.006655592,25,
rend,1.666666667,0.912870929,21,
rent,2.0,1.358732441,27,
rental,2.625,1.837117307,24,
renter,4.217391304,1.444630237,23,
repaint,2.541666667,1.864523874,24,
repair,1.777777778,1.28102523,27,
repairer,4.583333333,1.998187585,24,
repeat,2.409090909,1.967814618,22,
repel,1.916666667,1.059805834,24,
repent,2.464285714,1.794686455,28,
replace,2.12,1.855622088,25,
replica,3.76,2.02649122,25,
reply,2.47826087,2.273754708,23,
report,3.75,2.048329118,24,
repose,1.6,1.224744871,25,
repository,2.791666667,1.693444308,24,
reprint,2.869565217,2.11712386,23,
reprisal,1.727272727,1.2024506,22,
reptile,5.0,1.892969449,25,
republic,1.5,0.834057656,24,
request,2.260869565,1.912100019,23,
require,1.541666667,0.931532943,24,
requirement,1.739130435,1.251086484,23,
rescind,1.47826087,0.73047713,23,
rescue,2.08,1.605199884,25,
research,2.2,1.58113883,25,
researcher,3.434782609,2.018687399,23,
resent,1.391304348,0.988071144,23,
reservoir,3.2,2.041241452,25,
reshuffle,2.52,1.8734994,25,
residence,4.333333333,1.833662685,24,
residue,3.04,1.513274595,25,
resign,1.217391304,0.421741168,23,
resin,3.84,1.818424226,25,
resist,2.333333333,1.948615265,24,
resistance,2.12,1.73973178,25,
resort,3.913043478,1.781547935,23,
resounding,1.68,1.144552314,25,
resource,2.708333333,1.680558051,24,
respiration,3.68,2.427618861,25,
respirator,4.923076923,1.354195759,26,
respond,2.304347826,1.717153633,23,
response,2.08,1.605199884,25,
rest,2.956521739,2.20491725,23,
restaurant,5.275862069,1.436676515,29,
restock,2.206896552,1.76026196,29,
restore,2.208333333,1.933214639,24,
restrain,2.64,2.138535324,25,
restraint,3.928571429,2.124435811,28,
result,2.214285714,1.227980663,28,
resume,3.8,2.327373341,25,
retail,2.086956522,1.443261568,23,
retailer,3.48,1.895608961,25,
retina,3.88,2.107921567,25,
retire,1.814814815,1.468569085,27,
retreat,2.608695652,1.802501556,23,
retrieve,2.68,1.973153145,25,
retriever,4.96,1.790716802,25,
return,1.952380952,1.657594356,21,
reuse,1.791666667,1.413572922,24,
reveal,2.041666667,1.627993341,24,
reverberate,2.041666667,1.680558051,24,
reverend,4.2,1.979057015,25,
reverse,2.173913043,1.669299633,23,
review,1.48,0.962635272,25,
reviewer,3.72,1.882374387,25,
revive,2.291666667,1.988645304,24,
revoke,1.814814815,1.468569085,27,
revolt,2.12,1.641137817,25,
revolve,1.652173913,0.775106776,23,
revolver,5.555555556,1.825741858,27,
reward,2.565217391,1.532261755,23,
Rewrite,1.775510204,1.489761,49,
rhinestone,5.291666667,1.805286119,24,
rhino,3.875,2.232419238,24,
rhinoceros,3.68,1.930457631,25,
rhubarb,5.260869565,1.737746485,23,
rhyme,1.5,0.978019294,24,
rhythm,1.869565217,1.140348744,23,
rhythmic,2.454545455,1.993495918,22,
rib,5.92,1.15181017,25,
ribbed,2.0,1.507556723,23,
ribbon,6.375,0.923721208,24,
rice,6.291666667,1.301476308,24,
rich,3.035714286,2.151350013,28,
rickshaw,4.304347826,2.265046309,23,
ride,2.92,1.705872211,25,
rider,3.708333333,1.654484464,24,
ridge,3.818181818,1.918242341,22,
riding,2.88,2.242022896,25,
riffraff,2.173913043,1.556574734,23,
rifle,5.958333333,1.197067673,24,
rifleman,3.625,1.813296302,24,
rift,1.833333333,1.307725096,24,
rig,3.75,2.111047545,24,
rigger,3.05,2.480980282,20,
rigging,2.666666667,1.754116039,27,
right,1.47826087,1.162660164,23,
rigid,2.304347826,1.635814576,23,
rim,3.875,1.962972458,24,
rind,5.130434783,1.659801407,23,
ring,6.130434783,0.919700931,23,
ringing,2.52,2.123676058,25,
ringmaster,4.260869565,1.711389422,23,
ringside,2.4,1.5,25,
ringworm,4.24,2.126812952,25,
rink,4.333333333,1.785610763,24,
rinse,2.222222222,1.694637091,27,
rinsing,3.565217391,2.212076091,23,
riot,1.791666667,1.284664283,24,
rioting,2.608695652,1.777105165,23,
rip,2.56,2.083266666,25,
ripcord,4.0,1.888178326,24,
ripe,1.962962963,1.675191871,27,
ripping,1.833333333,1.16718415,24,
ripple,2.62962963,1.964064627,27,
rippling,2.2,1.683250823,25,
riptide,3.444444444,1.98713813,27,
rise,2.04,1.398809017,25,
rite,2.181818182,1.531770331,22,
rival,3.814814815,2.076184315,27,
river,4.64,1.997498436,25,
riverbank,4.64,1.629928424,25,
riverbed,3.565217391,1.854382695,23,
riverboat,5.52,1.417744688,25,
riverside,3.28,1.671326818,25,
riveter,3.590909091,2.15271901,22,
roach,4.708333333,1.966660526,24,
road,5.896551724,1.144702943,29,
roadblock,3.04,2.071231518,25,
roadhouse,3.48,1.661324773,25,
roadster,4.96,1.567375726,25,
roadway,4.565217391,2.018687399,23,
roam,2.272727273,1.956231026,22,
roar,1.607142857,1.286375491,28,
roaring,1.625,0.769669607,24,
roast,4.821428571,1.588233853,28,
roasted,2.791666667,2.146365313,24,
roaster,4.136363636,1.859222944,22,
rob,1.833333333,1.403928236,24,
robber,4.464285714,2.00890873,28,
robbery,2.666666667,1.761093205,24,
robe,5.909090909,1.23091491,22,
robin,4.083333333,1.998187585,24,
Robot,4.861185984,1.815625,742,
robust,1.956521739,1.718304155,23,
rock,5.48,1.782320585,25,
rocker,5.04,2.15019379,25,
rocket,4.083333333,1.863065885,24,
rocketry,2.346153846,1.787563877,26,
rocky,2.259259259,1.677740986,27,
rod,4.454545455,2.109553614,22,
rode,2.090909091,1.659291039,22,
rodent,5.041666667,1.899179838,24,
role,2.821428571,1.743847841,28,
roll,4.44,2.292742172,25,
rolled,2.0,1.322875656,25,
romp,2.333333333,1.992740448,24,
roof,3.791666667,1.887698545,24,
rook,4.772727273,2.287269493,22,
rookie,3.44,1.894729532,25,
room,4.130434783,1.841549442,23,
roommate,5.16,1.434108318,25,
roost,2.5,1.587998467,24,
rooster,3.909090909,2.136064269,22,
roosters,4.6,1.527525232,25,
root,4.583333333,1.767254482,24,
rope,6.2,1.190238071,25,
rosary,5.791666667,1.444003091,24,
rose,5.76,1.588500341,25,
rosebush,5.333333333,1.809796209,24,
rosemary,5.379310345,1.801067007,29,
rosette,3.272727273,1.830477902,22,
rosewater,5.25,1.799758438,24,
rosewood,3.583333333,1.976308959,24,
roster,3.583333333,1.976308959,24,
rot,1.76,1.164760347,25,
rotate,1.416666667,1.176459932,24,
rotating,2.892857143,2.096545407,28,
rotisserie,4.791666667,2.146365313,24,
rotten,2.730769231,2.030914913,26,
rotund,2.277777778,1.637988564,18,
rouge,2.769230769,2.196500714,26,
rough,1.884615385,1.531715981,26,
roughage,4.0,1.877181271,22,
roulette,3.24,1.690167645,25,
round,1.76,1.535143859,25,
roundhouse,2.826086957,1.96912934,23,
roundness,2.0,1.651445648,23,
route,1.782608696,1.085295173,23,
routine,3.0,2.054804668,28,
rowboat,5.375,1.498187311,24,
rowdy,1.88,1.589549202,25,
rower,3.608695652,1.900696773,23,
rowing,3.72,2.282542442,25,
royal,2.16,1.748332539,25,
rub,3.541666667,2.553414877,24,
rubber,5.304347826,1.459600898,23,
rubbery,2.958333333,2.031901373,24,
rubbing,3.269230769,2.254909174,26,
rubbish,4.666666667,2.014440621,24,
rubble,4.208333333,1.84105751,24,
ruby,4.76,1.78605711,25,
rucksack,5.041666667,1.921936674,24,
ruckus,1.916666667,1.212853863,24,
rudder,4.0,1.573591585,22,
rude,1.615384615,1.387859448,26,
ruffle,3.954545455,1.914288945,22,
rug,6.173913043,1.192864159,23,
rugby,3.0,2.041241452,25,
rugged,2.0,1.678744119,23,
ruin,2.230769231,1.945408796,26,
rule,1.56,0.960902354,25,
ruler,5.25,1.847442415,24,
rum,5.64,1.468559385,25,
rumba,3.045454545,2.081146038,22,
rumble,2.375,1.860633366,24,
rumbling,1.565217391,0.992063367,23,
rummage,2.384615385,1.698868402,26,
rummy,2.05,1.538112309,20,
rump,3.583333333,2.062431378,24,
run,3.217391304,2.131080002,23,
rung,3.08,2.177919497,25,
runner,4.608695652,1.947939014,23,
running,3.72,2.26421436,25,
rupee,4.826086957,2.014767614,23,
rupture,2.136363636,1.641586183,22,
rural,1.608695652,1.373089762,23,
rush,2.25,1.847442415,24,
rust,3.625,2.428320228,24,
rustic,1.37037037,0.791694781,27,
rustle,1.925925926,1.517232448,27,
rustling,1.72,1.275408431,25,
rusty,2.4,1.58113883,25,
rut,2.217391304,1.594208887,23,
rye,4.407407407,1.926720196,27,
saber,4.086956522,1.998022738,23,
sable,2.85,1.755442664,20,
saccharin,3.117647059,2.057983022,17,
sachet,4.166666667,1.757337558,18,
sack,5.083333333,1.863065885,24,
sackcloth,4.913043478,1.831865504,23,
sacker,3.222222222,1.986885104,18,
sad,2.166666667,1.948615265,24,
saddle,4.954545455,1.889249605,22,
saddlebag,5.409090909,1.652100853,22,
sadist,4.208333333,1.99954705,24,
safe,4.037037037,1.828860122,27,
safety,2.48,1.851125784,25,
saffron,4.666666667,1.467598771,27,
sag,1.652173913,1.433644296,23,
sage,4.375,1.739877557,24,
sagebrush,3.368421053,1.801558779,19,
said,1.68,1.107549848,25,
sail,3.916666667,1.863065885,24,
Sailboat,5.266216216,1.651077,740,
sailcloth,4.454545455,1.625020812,22,
sailing,3.08,1.869046103,25,
saint,2.666666667,2.200131748,24,
sake,3.260869565,2.26067953,23,
salad,6.111111111,0.933699562,27,
salamander,4.714285714,1.863035016,28,
sale,1.583333333,1.017954755,24,
salesgirl,4.769230769,1.680659211,26,
saleslady,4.28,2.031419865,25,
salesman,4.84,1.518771433,25,
saleswoman,4.608695652,1.876629727,23,
saline,4.2,2.284962282,20,
salmon,4.454545455,2.154226692,22,
salmonella,2.52173913,1.780438282,23,
salon,4.259259259,2.122998471,27,
Saloon,4.301480485,1.867031,743,
saloonkeeper,4.541666667,1.910592138,24,
salt,5.260869565,2.027479207,23,
saltshaker,6.0,1.38443731,25,
saltwater,5.192307692,1.673779693,26,
salty,2.125,1.80126767,24,
salute,2.851851852,1.974913897,27,
salvage,2.0,1.305260014,28,
salve,4.692307692,2.035077016,26,
samba,2.846153846,1.826303539,26,
same,1.826086957,1.52709391,23,
sample,3.28,1.882374387,25,
sampler,3.928571429,1.803875898,28,
sanatorium,3.315789474,1.887168119,19,
sanctuary,2.68,1.345362405,25,
sanctum,2.666666667,1.591644852,21,
sand,5.956521739,1.147260011,23,
sandalwood,4.36,2.038790491,25,
sandbag,5.25,1.224744871,24,
sandbank,4.52,1.8734994,25,
sandbar,3.869565217,2.159636919,23,
sandbox,5.777777778,1.577079417,27,
sandcastle,5.095238095,1.972429008,21,
sanding,3.166666667,2.31566812,24,
sandpaper,5.913043478,1.411415907,23,
sandpiper,3.545454545,1.738287957,22,
sandstone,4.086956522,2.429235635,23,
sandstorm,3.4,1.848422751,25,
sandwich,6.333333333,1.090140265,24,
sandy,2.346153846,1.742235522,26,
sang,2.5,1.711306936,22,
sangria,4.863636364,1.958995237,22,
sanitation,2.416666667,1.742478661,24,
sank,2.230769231,1.656688077,26,
sanskrit,1.904761905,1.578124263,21,
sap,3.888888889,2.172083957,27,
sapling,4.304347826,2.224548629,23,
sapphire,5.125,1.80126767,24,
sarcophagi,3.375,2.187083294,16,
sarcophagus,3.578947368,2.11649053,19,
sardine,4.869565217,1.455533261,23,
sarong,5.357142857,1.446860945,14,
sash,4.916666667,1.863065885,24,
sassafras,3.647058824,2.47338777,17,
sat,2.923076923,2.133974263,26,
satchel,5.583333333,1.717345441,24,
satellite,2.84,1.972308292,25,
satin,5.125,2.028331934,24,
satinwood,3.631578947,2.241292443,19,
satisfaction,1.692307692,1.490482627,26,
satisfy,1.846153846,1.488416815,26,
sauce,5.130434783,2.201329099,23,
saucepan,6.0,1.215837518,24,
saucer,5.777777778,1.450022104,27,
sauerkraut,5.148148148,1.769478491,27,
sauna,5.363636364,1.590012116,22,
sausage,6.48,1.045625809,25,
savage,2.230769231,1.531213697,26,
savanna,2.541666667,1.614584794,24,
savannah,3.652173913,1.873467753,23,
savior,3.25,1.91674543,24,
savor,2.12,1.691153453,25,
savory,1.807692308,1.357032963,26,
saw,4.76,1.963839776,25,
sawdust,4.4,1.914854216,25,
sawhorse,5.125,1.752327645,24,
sawing,2.76,1.984943324,25,
sawmill,4.035714286,1.85556506,28,
sax,5.045454545,1.785584411,22,
saxophone,6.222222222,1.012739367,27,
saxophonist,4.16,2.075250989,25,
say,1.833333333,1.464557113,24,
saying,2.291666667,1.852827843,24,
scab,4.958333333,1.966660526,24,
scabbard,3.842105263,2.192491173,19,
scabby,2.833333333,1.857222486,24,
scabies,3.272727273,1.830477902,22,
scaffolding,4.038461538,1.84349167,26,
scald,2.347826087,1.824298013,23,
scalding,2.185185185,1.77670908,27,
scale,5.652173913,1.695145359,23,
scallion,5.173913043,1.92240791,23,
scallop,5.48,1.734935157,25,
scalp,5.25,2.048329118,24,
scalpel,5.545454545,1.370688834,22,
scaly,2.375,1.582856526,24,
scamp,3.157894737,2.061907367,19,
scamper,2.227272727,1.875450884,22,
scampi,4.25,2.151844507,24,
scan,1.782608696,1.085295173,23,
scanner,5.444444444,1.671787006,27,
scapula,4.684210526,1.945154423,19,
scar,4.608695652,1.947939014,23,
scarce,1.44,0.768114575,25,
scare,1.833333333,1.090140265,24,
scarecrow,5.0,1.766352173,26,
scared,2.52,1.98158186,25,
scarf,6.434782609,0.945135246,23,
scatter,1.185185185,0.557262335,27,
scavenger,3.137931034,2.133477007,29,
scene,2.695652174,1.717153633,23,
scenic,2.125,1.62353613,24,
scent,2.4,1.825741858,25,
scented,2.208333333,1.64129235,24,
schedule,3.592592593,1.985703891,27,
schilling,3.045454545,2.192569111,22,
schnapps,4.04,1.946792233,25,
scholar,3.565217391,1.996043517,23,
school,5.16,1.650252506,25,
schoolboy,4.92,1.497776129,25,
schoolgirl,4.625,2.102017664,24,
schoolhouse,5.291666667,1.654484464,24,
schoolmaster,3.739130435,2.33972398,23,
schoolmate,4.130434783,2.095543926,23,
schoolmistress,4.208333333,1.768791449,24,
schoolroom,4.2,1.825741858,25,
schoolwork,4.5,1.984943324,26,
schooner,4.0,1.903943276,17,
science,2.407407407,1.96623927,27,
scientist,4.47826087,2.042048108,23,
scion,3.272727273,2.207817672,22,
scissor,6.173913043,1.402989468,23,
scissors,6.291666667,0.954584666,24,
sclerosis,2.19047619,1.721018525,21,
scoff,1.913043478,1.59296874,23,
scold,1.807692308,1.442753777,26,
scoop,4.28,1.744515214,25,
scooping,2.761904762,1.997617629,21,
Scoot,1.936170213,1.389467,47,
scooter,5.913043478,1.831865504,23,
scope,3.925925926,2.25193807,27,
scorch,2.2,1.607275127,25,
score,1.75,1.326977605,24,
scoreboard,3.391304348,1.971135585,23,
scorecard,4.875,2.006781979,24,
scorekeeper,3.92,1.869046103,25,
scorn,1.454545455,0.962500351,22,
scorpion,4.32,2.035517952,25,
scotch,5.4,1.732050808,25,
scoundrel,3.333333333,1.833662685,24,
scour,2.208333333,1.718927033,24,
scout,3.217391304,2.152303665,23,
scoutmaster,4.12,1.691153453,25,
scowl,2.416666667,2.185260241,24,
scowling,3.703703704,2.382868582,27,
scramble,2.36,1.496662955,25,
scrambled,1.888888889,1.450022104,27,
scrap,3.291666667,2.031901373,24,
scrapbook,5.84,1.462873884,25,
scrape,2.583333333,1.863065885,24,
scraper,5.12,2.107921567,25,
scraping,2.565217391,1.878734752,23,
scratch,3.458333333,1.910592138,24,
scratches,4.4,2.140872096,25,
scratching,3.84,2.285461296,25,
scratchy,3.321428571,2.091491961,28,
scrawl,2.142857143,1.492840055,21,
scrawny,2.2,1.802775638,25,
scream,2.458333333,2.021174146,24,
screaming,3.0,2.236067977,21,
screech,1.458333333,1.102533315,24,
screeching,1.75,1.224744871,24,
screen,5.041666667,1.731527766,24,
screenplay,2.909090909,1.659291039,22,
screw,5.708333333,1.517411029,24,
screwdriver,6.52173913,0.73047713,23,
scribble,3.259259259,2.176669873,27,
scribbled,1.416666667,0.829702234,24,
scribbler,3.391304348,2.210288554,23,
scribbling,4.814814815,1.732873049,27,
scribe,2.913043478,2.108705839,23,
scrimmage,2.318181818,1.492405014,22,
script,5.041666667,1.876146992,24,
scripture,3.36,2.038790491,25,
scriptwriter,3.0,1.954016842,23,
scroll,4.227272727,2.068627753,22,
scrotum,5.291666667,1.805286119,24,
scrub,3.36,1.868154169,25,
scrubbed,2.291666667,1.680558051,24,
scrubber,4.32,1.930457631,25,
scruff,3.64,2.270829511,25,
scruffy,2.590909091,1.86851331,22,
scrunch,1.75,1.224744871,24,
scuba,3.916666667,2.165272684,24,
scuff,2.428571429,1.468721504,21,
scuffle,2.347826087,1.944892978,23,
sculpt,2.84,1.929594085,25,
sculptor,4.074074074,1.838183173,27,
sculptress,3.571428571,2.111194652,21,
sculpture,5.782608696,1.166054799,23,
scum,2.260869565,1.388831795,23,
scurry,2.25,1.870828693,24,
scurvy,1.826086957,1.154129893,23,
scuttle,2.363636364,1.677454266,22,
scythe,4.727272727,2.164251068,22,
sea,4.653846154,2.096517259,26,
seabed,3.24,1.87705443,25,
seaboard,3.857142857,2.535462764,21,
seacoast,2.826086957,1.613921647,23,
seafront,2.782608696,1.807975305,23,
seagull,3.96,2.15019379,25,
seahorse,3.962962963,2.047164671,27,
seal,3.52,1.895608961,25,
sealer,2.608695652,1.616368838,23,
sealskin,3.24,1.690167645,25,
seam,4.44,2.237558193,25,
seaman,4.230769231,1.632364967,26,
seamless,1.695652174,1.184551415,23,
seamstress,4.4,1.635140425,20,
seaplane,4.333333333,2.008316044,21,
seaport,3.851851852,1.406132276,27,
sear,2.083333333,1.471960144,24,
search,2.291666667,1.805286119,24,
searcher,3.260869565,2.071832551,23,
searchlight,4.391304348,2.039142655,23,
searing,2.36,1.753092506,25,
seascape,2.666666667,1.941450687,27,
seashore,4.44,1.894729532,25,
season,2.0,1.825741858,28,
seasoning,4.47826087,1.780438282,23,
seat,6.416666667,1.017954755,24,
seated,2.52173913,2.212969318,23,
seating,4.84,2.192411154,25,
seawall,3.52,2.023198787,25,
seawater,4.961538462,1.865063414,26,
seaweed,4.458333333,1.955575456,24,
second,1.6,1.190238071,25,
secretariat,2.526315789,1.896441728,19,
secretary,5.2,1.632993162,25,
sect,2.291666667,1.545798419,24,
section,2.375,1.764689898,24,
sectional,3.555555556,2.485857433,27,
sector,2.416666667,1.791687732,24,
secure,1.518518519,1.42425069,27,
sedan,5.565217391,1.700964618,23,
sedate,2.6,1.632993162,25,
sedative,4.416666667,1.717345441,24,
sediment,3.296296296,2.162882955,27,
sedimentation,3.391304348,1.947939014,23,
see,3.423076923,2.563951278,26,
seed,5.185185185,1.754927941,27,
seedless,2.130434783,1.632186148,23,
seedling,5.083333333,1.791687732,24,
seek,1.608695652,1.117591991,23,
seep,2.409090909,1.763629669,22,
segment,2.769230769,2.159772068,26,
seismic,1.375,0.875388113,24,
seismograph,3.619047619,1.856776521,21,
seismologist,4.130434783,2.051703235,23,
seize,1.791666667,1.215092291,24,
seizure,2.666666667,1.903467469,24,
select,1.409090909,1.098010795,22,
selection,1.962962963,1.764641639,27,
sell,1.681818182,1.210523839,22,
semen,5.269230769,1.778936588,26,
semicircle,1.913043478,1.703286755,23,
semicolon,2.173913043,1.850114835,23,
semiconductor,3.375,1.689159812,24,
senate,3.130434783,1.686964671,23,
senator,4.0,1.732050808,23,
send,1.954545455,1.617678311,22,
sender,3.16,2.13463502,25,
senior,3.52,1.8734994,25,
senorita,4.391304348,2.251042797,23,
sense,2.25,1.823756277,24,
sensor,3.791666667,1.768791449,24,
sent,1.434782609,1.121123096,23,
sentence,1.28,0.54160256,25,
sentinel,3.217391304,1.905888524,23,
sentry,3.05,1.605090586,20,
separator,2.833333333,1.992740448,24,
september,1.217391304,1.04257207,23,
septic,2.04,1.206924466,25,
sequel,1.8,1.118033989,25,
sequence,2.25,1.322875656,28,
sequin,4.923076923,1.695242211,26,
serf,2.857142857,1.711306936,21,
sergeant,4.083333333,1.639635873,24,
series,2.125,1.727337735,24,
sermon,1.782608696,0.998021759,23,
serpent,4.0,1.839732422,27,
serrated,2.095238095,1.546116487,21,
servant,4.782608696,2.214754691,23,
serve,3.04,2.3,25,
serviceman,4.8,2.179449472,25,
sesame,4.652173913,2.16603315,23,
session,1.782608696,1.241572381,23,
set,2.44,1.757839583,25,
settler,4.16,2.339515619,25,
seven,1.583333333,1.380506103,24,
sever,2.409090909,1.918806447,22,
sew,3.230769231,1.986105582,26,
sewage,3.68,1.908751774,25,
sewer,3.56,1.804623691,25,
sewing,4.185185185,2.219442706,27,
sex,5.16,2.24870333,25,
sextet,2.866666667,1.846489591,15,
sextuplet,3.833333333,2.200131748,24,
shabby,1.76,1.3,25,
shack,5.125,1.454004964,24,
shade,2.772727273,1.849885921,22,
shadow,2.75,2.090350501,24,
shadowy,1.52173913,0.845822097,23,
shaft,4.130434783,2.201329099,23,
shag,2.4,1.258305739,25,
shaggy,2.608695652,2.039142655,23,
shake,3.518518519,2.276474507,27,
shaker,4.36,1.976528944,25,
shaking,2.72,1.968925257,25,
shale,4.052631579,2.146668846,19,
shall,1.52,1.357694124,25,
shallot,5.380952381,1.856776521,21,
shallow,1.652173913,1.228772323,23,
sham,2.148148148,1.915597993,27,
shaman,3.347826087,2.080399779,23,
shame,1.68,1.375984496,25,
shampoo,6.0,1.322875656,25,
shamrock,4.5,1.845199692,22,
shanghai,2.391304348,1.852249994,23,
shank,4.565217391,2.27288537,23,
shantytown,2.789473684,1.873171623,19,
shape,2.913043478,1.856512945,23,
shapely,1.962962963,1.742709682,27,
shard,3.875,1.984998083,24,
share,2.222222222,1.867399124,27,
sharecropper,2.913043478,1.9285662,23,
shareholder,3.47826087,2.129224469,23,
shark,3.363636364,1.733300033,22,
sharkskin,3.444444444,2.081665999,27,
sharp,2.0,1.251086484,24,
sharpen,2.481481481,1.868161794,27,
sharpener,4.785714286,1.771317628,28,
sharps,2.576923077,2.100915551,26,
sharpshooter,4.037037037,2.139041509,27,
shatter,2.0,1.668115312,24,
shave,2.916666667,2.185260241,24,
shaven,2.739130435,1.888178326,23,
shaving,5.535714286,1.502643174,28,
shavings,4.6,1.707825128,25,
shawl,5.76,1.809235566,25,
she,3.304347826,2.265046309,23,
shear,3.826086957,2.309115807,23,
sheath,4.045454545,1.987515145,22,
sheathe,3.92,2.059935274,25,
shed,4.333333333,2.098999071,24,
shedding,2.041666667,1.573673815,24,
Sheen,1.946403385,1.457478,709,
sheep,4.5,1.769303474,24,
sheepdog,5.375,1.739877557,24,
sheepskin,4.928571429,1.903769583,28,
sheer,2.238095238,1.841324575,21,
sheet,5.708333333,1.428869017,24,
sheik,4.1,1.774082417,20,
shelf,4.782608696,1.704446637,23,
shell,5.291666667,1.706233244,24,
shellac,3.380952381,1.745743122,21,
shelled,2.0,1.380131119,22,
shellfish,5.76,1.267543556,25,
shelter,5.269230769,1.218447941,26,
shelve,4.08,2.177919497,25,
shelving,5.47826087,1.754722594,23,
shepherd,3.909090909,1.925000703,22,
shepherdess,3.090909091,1.925000703,22,
sherbet,5.916666667,1.976308959,24,
sheriff,4.260869565,1.912100019,23,
shield,5.037037037,1.911130988,27,
shift,2.0,1.351327849,24,
shilling,4.173913043,2.534349009,23,
shimmer,2.321428571,1.467009339,28,
shimmering,1.4,0.816496581,25,
shin,5.592592593,1.759791492,27,
shinbone,4.826086957,2.443026698,23,
shine,1.956521739,1.491742754,23,
shiner,2.52173913,1.728624393,23,
shingle,4.625,1.582856526,24,
shingles,4.64,1.933907961,25,
shiny,1.24,0.522812905,25,
ship,5.2,1.354006401,25,
shipboard,3.434782609,2.170590346,23,
shipbuilder,3.76,1.942506971,25,
shipbuilding,2.913043478,1.951993002,23,
shipload,2.52173913,1.675208677,23,
shipman,4.407407407,1.845144548,27,
shipmate,4.72,1.429452109,25,
shipment,3.347826087,1.695145359,23,
shipper,3.75,2.111047545,24,
shipping,2.541666667,1.793203756,24,
shipwreck,3.565217391,2.018687399,23,
shipyard,3.4,1.707825128,25,
Shirt,6.473045822,1.022659,742,
shirtsleeve,6.125,1.034723235,24,
shirttail,5.333333333,1.948615265,24,
shiver,2.8,2.236067977,25,
shock,2.375,1.498187311,24,
shockwave,2.791666667,1.99954705,24,
shoddy,1.47826087,0.994053466,23,
shoe,6.458333333,1.250362266,24,
shoehorn,5.75,1.390964632,24,
shoelace,6.16,1.21380943,25,
shoemaker,4.173913043,1.696310808,23,
shoeshine,3.555555556,1.825741858,27,
shoestring,6.36,1.319090596,25,
shogun,2.80952381,1.96517296,21,
shone,1.625,1.498187311,24,
shook,2.92,2.177919497,25,
shoot,2.307692308,1.691608247,26,
shooter,3.84,2.13463502,25,
shooting,2.454545455,1.969463856,22,
shop,3.703703704,1.636478744,27,
shopkeeper,4.555555556,1.761409692,27,
shoplift,2.56,1.938212235,25,
shoplifter,4.2,1.825741858,25,
shopper,4.541666667,2.12601212,24,
shopping,2.666666667,1.970801352,24,
shore,4.333333333,1.732050808,27,
shoreline,3.96,1.767295486,25,
short,2.166666667,1.926173649,24,
shortbread,5.416666667,1.88625847,24,
shortcake,5.846153846,1.347362095,26,
shortening,4.92,1.934769581,25,
shorthand,2.0,1.59544807,23,
shorts,6.04,1.398809017,25,
shortstop,3.958333333,2.115762103,24,
shot,4.392857143,1.911743159,28,
shotgun,5.826086957,1.613921647,23,
shoulder,5.869565217,1.659801407,23,
shout,2.52,2.162560211,25,
shove,3.956521739,2.383241888,23,
shovel,5.925925926,1.685365195,27,
shovelful,3.714285714,2.148088852,21,
show,2.04,1.4571662,25,
showboat,3.730769231,2.145836756,26,
shower,5.391304348,1.900696773,23,
showerhead,5.041666667,1.731527766,24,
showgirl,4.25,1.725763851,24,
showpiece,3.363636364,1.813847648,22,
showplace,3.0,1.59544807,23,
showroom,4.0,2.138089935,22,
shrank,2.44,1.959591794,25,
shrapnel,4.25,2.090350501,24,
shred,2.565217391,1.829706558,23,
shredding,2.125,1.261899879,24,
shrew,3.727272727,2.394076384,22,
shriek,1.625,1.279011167,24,
shrill,1.782608696,1.166054799,23,
shrimp,4.909090909,1.743261609,22,
shrine,4.555555556,2.172083957,27,
shrink,2.208333333,1.84105751,24,
shrivel,2.04,1.670329309,25,
shroud,3.565217391,2.370770626,23,
shrub,5.259259259,1.788695111,27,
shrubbery,4.653846154,1.787563877,26,
shrug,2.96,2.244994432,25,
shrunk,1.695652174,1.184551415,23,
shuck,2.12,1.715614564,25,
shucking,2.181818182,1.40191582,22,
shudder,2.25,1.725763851,24,
shuffle,2.4,1.870828693,25,
shuffleboard,5.130434783,1.86606898,23,
shuffler,4.0,2.246690688,22,
shun,2.333333333,1.519109051,27,
shunt,3.111111111,2.054804668,18,
shush,2.36,1.604161255,25,
shut,1.695652174,1.258959982,23,
shutdown,2.0,1.779513042,25,
shutter,4.541666667,1.667572218,24,
shuttle,4.695652174,1.769303474,23,
shy,1.96,1.398809017,25,
sibling,5.04,1.859211302,25,
sick,2.625,2.060234263,24,
sickbed,4.125,2.070759155,24,
sickle,4.173913043,2.187821123,23,
sickroom,2.739130435,1.51409713,23,
side,3.111111111,2.342472943,27,
sideboard,5.222222222,1.694637091,27,
sideburns,5.166666667,1.761093205,24,
sidecar,4.347826087,1.799209313,23,
sides,3.391304348,1.751340537,23,
sideshow,2.64,1.890326251,25,
sidestep,3.04,2.226357264,25,
sidestroke,2.72,1.768238295,25,
sideswipe,2.36,1.955334583,25,
sidewalk,5.291666667,1.680558051,24,
siding,3.75,2.34520788,24,
siege,1.84,1.280624847,25,
siesta,2.56,2.083266666,25,
sieve,3.380952381,2.246690688,21,
sift,4.230769231,1.773306343,26,
sifter,4.782608696,2.173320077,23,
sigh,2.166666667,2.014440621,24,
sight,2.375,1.951866442,24,
sightseer,2.772727273,1.823962671,22,
sign,4.666666667,2.075498087,27,
signal,3.0,2.115700942,22,
signalman,4.08,1.977371993,25,
signature,3.434782609,2.018687399,23,
signboard,3.869565217,1.740019536,23,
signpost,5.25,1.870828693,24,
silencer,3.740740741,2.246237754,27,
silent,1.652173913,1.152416262,23,
silhouette,2.875,2.006781979,24,
silica,3.772727273,1.770978158,22,
silicone,3.52,1.917463602,25,
silk,4.8,1.825741858,25,
silkworm,5.208333333,1.933214639,24,
silky,3.04,2.244994432,25,
sill,4.086956522,1.998022738,23,
silo,3.875,1.895360468,24,
silt,4.217391304,2.043982782,23,
silver,4.260869565,2.490297377,23,
silverfish,3.75,1.734721666,28,
silversmith,3.96,2.371356855,25,
silverware,6.24,1.331665624,25,
simmer,1.92,1.2556538800000001,25,
simulator,3.52,2.103964512,25,
sin,1.88,1.332916602,25,
sing,3.086956522,2.294520023,23,
singe,2.347826087,1.612696659,23,
singer,4.821428571,1.72247822,28,
singing,2.4,1.957890021,25,
single,1.407407407,0.797074423,27,
sink,5.48,1.734935157,25,
sinker,2.916666667,2.104171151,24,
sinkhole,4.103448276,1.543299517,29,
sinus,3.869565217,2.180582654,23,
sip,3.32,2.322355126,25,
siphon,3.384615385,1.919935896,26,
sir,1.956521739,1.664557295,23,
siren,2.518518519,1.451004171,27,
sirloin,5.32,1.77294482,25,
sister,4.8,1.732050808,25,
sit,3.434782609,2.446260355,23,
site,4.041666667,1.876146992,24,
situation,1.965517241,1.657941034,29,
six,2.333333333,2.119611668,24,
sixpence,4.380952381,2.479439261,21,
size,1.72,1.429452109,25,
sizzle,1.75,1.390964632,24,
sizzling,1.75,1.326977605,24,
skate,4.913043478,1.9285662,23,
skateboard,6.04,1.306394529,25,
skateboarder,4.739130435,1.601629605,23,
skating,3.217391304,2.373270121,23,
skedaddle,2.095238095,1.729299335,21,
skeet,3.269230769,1.950542331,26,
skeletal,2.565217391,1.97313979,23,
skeleton,4.347826087,2.036233056,23,
sketch,4.88,1.715614564,25,
sketchbook,5.833333333,1.578845662,24,
sketcher,3.4,2.0,25,
sketching,2.954545455,2.126416004,22,
sketchpad,5.36,1.704894914,25,
skew,1.92,1.630950643,25,
skewer,4.5,2.121320344,26,
ski,5.52,1.610382977,25,
skid,2.0,1.167748416,23,
skiing,3.333333333,1.921537846,27,
skillet,5.409090909,1.623021606,22,
skim,1.875,1.329023833,24,
skin,6.16,1.21380943,25,
skinhead,3.47826087,2.273754708,23,
skinless,2.44,2.103172207,25,
skinning,2.363636364,1.705605731,22,
skinny,2.24,1.87705443,25,
skip,3.0,2.153221688,23,
skipper,3.72,1.541644144,25,
skipping,2.423076923,1.963121533,26,
skirmish,2.217391304,1.881887876,23,
skirt,6.041666667,1.39810949,24,
skit,2.88,1.877942136,25,
skittle,5.0,2.226324716,24,
skittles,5.24,2.241279397,25,
skulk,2.142857143,1.590148241,21,
skullcap,4.962962963,1.89089888,27,
skunk,3.6,2.121320344,25,
sky,1.565217391,1.036869719,23,
skydiver,3.96,1.925270544,25,
skylark,3.777777778,2.073801725,18,
skylight,2.6,1.471960144,25,
skyrocket,2.2,1.554563176,25,
skyscraper,4.086956522,2.108705839,23,
slab,4.04,2.009975124,25,
slack,1.869565217,1.324741753,23,
slacks,6.103448276,1.263352331,29,
slain,1.695652174,1.22232203,23,
slam,2.923076923,2.189485363,26,
slang,2.272727273,1.906925178,22,
slant,2.0,1.414213562,25,
slap,3.185185185,2.131035087,27,
slapping,3.956521739,2.245768969,23,
slash,2.12,1.30128142,25,
slashed,1.862068966,1.705540089,29,
slat,3.761904762,2.256208366,21,
slate,3.869565217,1.914166038,23,
slaughter,2.333333333,1.761093205,24,
slaughterer,3.666666667,2.119611668,24,
slaughterhouse,3.416666667,2.083405796,24,
slave,3.956521739,2.325320327,23,
slavery,1.869565217,1.391674852,23,
slaw,4.8,1.880649384,20,
slay,2.541666667,2.021174146,24,
slaying,2.04,1.513274595,25,
sled,6.086956522,0.996039588,23,
sledding,3.80952381,2.08851736,21,
sledge,4.380952381,2.201730921,21,
sledgehammer,5.916666667,1.248187091,24,
sleek,1.590909091,1.333062743,22,
sleep,2.833333333,2.200131748,24,
sleepwalker,3.62962963,2.040892492,27,
sleepy,2.2,1.892969449,25,
sleet,3.333333333,1.659404468,24,
Sleeve,5.798376184,1.526175,739,
sleeveless,2.304347826,1.844766125,23,
sleigh,4.84,1.724335621,25,
sleight,2.52173913,2.019666156,23,
slender,2.086956522,1.831865504,23,
slept,2.636363636,2.300009411,22,
sleuth,3.782608696,2.131080002,23,
slew,2.347826087,2.058434879,23,
slice,3.043478261,2.142179452,23,
sliced,2.04,1.619670748,25,
slicing,3.2,2.236067977,25,
slick,2.25,1.481773321,24,
slid,2.217391304,2.02162225,23,
slide,5.130434783,1.740019536,23,
slim,1.608695652,1.269900871,23,
slime,4.37037037,2.114931316,27,
slimy,1.689655172,1.441810575,29,
sling,4.909090909,1.849300792,22,
slinging,2.64,1.823001189,25,
slingshot,5.4,1.258305739,25,
slip,3.615384615,2.333699605,26,
slipcover,5.409090909,1.469016221,22,
slipknot,4.84,1.624807681,25,
slipper,6.166666667,1.090140265,24,
slippery,2.4,1.848422751,25,
slipping,2.291666667,1.852827843,24,
slit,3.259259259,1.89315757,27,
slither,2.37037037,2.002846977,27,
sliver,3.583333333,2.165272684,24,
slobber,3.62962963,2.186464448,27,
slogan,2.291666667,1.944427191,24,
slop,3.36,1.680277755,25,
slope,3.2,1.848422751,25,
sloped,1.615384615,0.941357449,26,
sloppy,1.454545455,0.670981706,22,
slosh,1.909090909,1.341963413,22,
sloth,3.80952381,2.204972735,21,
slouch,2.043478261,1.521908517,23,
slovenly,1.476190476,0.980767435,21,
slow,2.035714286,1.875418824,28,
sludge,3.8,2.041241452,25,
slug,4.434782609,1.878734752,23,
slum,3.36,1.976528944,25,
slumber,2.25,1.893926219,24,
slump,2.708333333,1.82921144,24,
slung,1.857142857,1.352246808,21,
slur,1.64,0.994987437,25,
slurp,2.846153846,1.890868746,26,
slush,4.541666667,2.042572263,24,
slushy,3.6,2.198484326,25,
slut,4.652173913,1.944892978,23,
sly,1.458333333,1.062366786,24,
smack,3.75,2.151844507,24,
small,2.48,2.084066538,25,
smallpox,3.807692308,2.172910137,26,
smash,3.2,2.217355783,25,
smasher,2.714285714,1.978722799,28,
smear,2.68,1.842100251,25,
smell,2.32,2.154839515,25,
smelling,2.961538462,2.48967097,26,
smelly,2.8,2.101586702,25,
smile,3.0,2.105892354,24,
smirk,2.88,2.185558662,25,
smock,5.08,1.525341492,25,
smog,2.708333333,1.680558051,24,
smokehouse,3.913043478,2.25455183,23,
smokescreen,2.5,1.838477631,26,
smokestack,3.291666667,1.654484464,24,
smoking,2.76,1.984943324,25,
smoky,2.217391304,1.241572381,23,
smooch,4.32,2.561249695,25,
smooches,3.47826087,2.352359844,23,
smooth,2.04,1.540562668,25,
smoothie,6.041666667,1.573673815,24,
smoothness,2.391304348,2.061313139,23,
smother,2.24,1.71464282,25,
smudge,2.956521739,1.795911034,23,
smuggle,2.423076923,1.724484315,26,
smuggler,4.481481481,1.928936941,27,
smut,2.615384615,1.675157857,26,
snack,6.142857143,1.112697281,28,
snag,2.695652174,1.769303474,23,
snagged,1.730769231,1.218447941,26,
snail,4.52173913,1.97414113,23,
snake,3.956521739,1.988106931,23,
snakebite,2.869565217,1.937766939,23,
snap,2.84,1.993322185,25,
snapdragon,3.346153846,1.896149945,26,
snapper,3.0,1.66189794,22,
snapshot,3.304347826,2.076596486,23,
snare,4.04,2.130727575,25,
snarl,1.782608696,1.04257207,23,
snatch,2.833333333,2.31566812,24,
snatcher,2.875,2.132818099,24,
sneak,1.695652174,1.459600898,23,
sneaker,6.48,1.446835628,25,
sneer,2.4,1.755942292,25,
sneeze,3.166666667,2.425707726,24,
snicker,2.958333333,2.493106438,24,
sniff,2.428571429,1.989389846,28,
sniffer,3.416666667,1.863065885,24,
snip,2.318181818,1.809666205,22,
snipe,1.9,1.682729612,20,
snitch,2.260869565,1.711389422,23,
snob,2.52,1.584297952,25,
snoop,1.583333333,1.212853863,24,
snooze,3.571428571,2.348026302,28,
snore,2.125,1.727337735,24,
snorer,3.333333333,1.818706218,27,
snoring,3.115384615,2.232969737,26,
snorkel,4.814814815,1.961887573,27,
snort,2.666666667,1.948615265,24,
snorting,2.5,1.94422221,26,
snot,5.32,2.035517952,25,
snout,4.0,1.732050808,23,
snow,5.538461538,1.630478929,26,
snowball,5.5,1.319371343,28,
snowdrift,4.304347826,2.098371286,23,
snowdrop,3.76,2.005824851,25,
snowfall,4.347826087,1.640639999,23,
snowfield,3.772727273,1.95013597,22,
snowflake,5.0,1.825741858,25,
snowman,4.916666667,1.954185401,24,
snowshoe,5.541666667,1.503016291,24,
snowstorm,3.166666667,1.926173649,24,
snowy,2.565217391,1.854382695,23,
snub,1.833333333,1.464557113,24,
snuff,3.739130435,2.199532829,23,
snug,1.913043478,1.729767285,23,
snuggle,3.130434783,2.242246192,23,
so,1.916666667,2.019829237,24,
soak,2.954545455,1.96340988,22,
soaker,2.826086957,2.269404686,23,
soap,6.434782609,1.199472875,23,
soapy,2.875,2.232419238,24,
soar,1.608695652,0.988071144,23,
soaring,1.884615385,1.395046181,26,
sob,2.68,2.286190427,25,
sober,2.0,1.664100589,27,
soccer,4.64,1.997498436,25,
social,2.173913043,2.014767614,23,
socialist,4.16,1.624807681,25,
socialite,3.04,1.743559577,25,
sociologist,3.76,2.02649122,25,
sock,5.833333333,1.88048714,24,
socket,5.24,1.942506971,25,
sod,5.086956522,1.856512945,23,
soda,6.47826087,0.947223945,23,
sofa,6.608695652,0.656376447,23,
soft,2.333333333,2.18028053,24,
softball,5.75,1.648451183,24,
software,3.12,2.147091055,25,
softwood,3.909090909,2.223448435,22,
soggy,1.782608696,1.204405615,23,
soil,5.703703704,1.636478744,27,
solar,1.407407407,0.797074423,27,
solarium,3.777777778,1.926763686,18,
sold,1.625,1.209113941,24,
soldier,4.56,1.894729532,25,
sole,4.107142857,1.87259546,28,
soles,4.913043478,2.043015674,23,
solicitor,4.875,1.940696872,24,
solid,3.32,2.19317122,25,
solitaire,3.814814815,1.902165508,27,
solo,1.96,1.645195024,25,
soloist,4.25,2.048329118,24,
soluble,2.5,1.994038735,22,
solution,2.52173913,2.40963153,23,
solve,1.72,1.568438714,25,
solvent,3.333333333,1.578845662,24,
sombrero,5.518518519,1.625999583,27,
some,1.583333333,1.138903617,24,
somebody,4.08,2.158703314,25,
someone,4.625,2.261444325,24,
somersault,2.956521739,2.033319294,23,
son,5.875,1.483606065,24,
sonar,1.833333333,1.129319405,24,
sonata,2.095238095,1.868281614,21,
song,2.321428571,1.743847841,28,
songbird,3.4,2.041241452,25,
songbook,5.76,1.392838828,25,
sonnet,2.0,1.673320053,26,
sonogram,4.206896552,2.076730094,29,
sorcerer,3.111111111,1.948043068,27,
sorceress,3.083333333,2.083405796,24,
sore,3.740740741,2.52057064,27,
sorry,1.541666667,1.473805092,24,
sort,1.75,1.390964632,24,
sorter,3.185185185,1.922279037,27,
souffle,5.571428571,1.886038933,21,
sound,2.103448276,1.819435305,29,
soundless,1.96,1.71949605,25,
soundtrack,2.111111111,1.310705428,27,
soup,5.576923077,1.629062968,26,
sour,2.208333333,1.768791449,24,
source,2.333333333,1.493949148,24,
sourdough,5.12,1.855622088,25,
south,1.583333333,0.775531608,24,
southerner,5.045454545,2.148693351,22,
southernmost,1.230769231,0.587039509,26,
southpaw,2.863636364,1.934534632,22,
sow,3.310344828,2.054671477,29,
sowing,2.916666667,2.165272684,24,
soy,4.785714286,1.872948613,28,
soybean,5.2,1.683250823,25,
spa,3.875,1.984998083,24,
spacecraft,3.913043478,2.25455183,23,
spaceship,4.12,1.763519209,25,
spacesuit,4.814814815,1.902165508,27,
spade,4.4,2.041241452,25,
spades,3.807692308,2.191241306,26,
spaghetti,6.0,1.14354375,27,
span,2.076923077,1.764609349,26,
spaniel,3.791666667,2.264646372,24,
spank,3.72,2.150968774,25,
spar,2.166666667,1.685401943,24,
spare,2.28,1.696073898,25,
spareribs,4.869565217,2.11712386,23,
spark,2.416666667,1.88625847,24,
sparking,2.04,1.790716802,25,
sparkle,1.5,1.215837518,24,
sparkler,3.96,2.207562759,25,
sparks,2.739130435,1.214210979,23,
sparring,3.08,2.271563338,25,
sparrow,3.869565217,2.159636919,23,
spasm,2.333333333,1.659404468,24,
spastic,2.541666667,1.887698545,24,
spat,2.666666667,1.809796209,24,
spatter,2.652173913,1.695145359,23,
spatula,5.708333333,1.458980188,24,
spawn,2.28,1.429452109,25,
speak,3.44,2.450850193,25,
speakeasy,2.925925926,1.879564719,27,
speakers,4.92,1.730125236,25,
speaking,3.6,2.661453237,25,
spear,5.208333333,1.910592138,24,
spearhead,4.148148148,2.143033502,27,
spearmint,3.636363636,2.19404941,22,
species,3.44,1.894729532,25,
Speck,2.953929539,1.848551,738,
speckled,1.592592593,1.248360749,27,
specks,2.833333333,1.88048714,24,
spectacles,5.28,2.150968774,25,
spectator,4.173913043,2.124578545,23,
spectrometer,3.904761905,1.813966976,21,
spectroscope,4.9,1.860956178,20,
spectrum,1.875,1.62353613,24,
sped,1.818181818,1.332250643,22,
speech,2.88,2.403469714,25,
speed,2.208333333,1.744037461,24,
speedboat,5.434782609,1.308228746,23,
speedometer,4.083333333,1.931808494,24,
speedway,3.32,1.842100251,25,
spell,1.846153846,1.566966692,26,
spelling,2.615384615,2.118054259,26,
spend,2.32,1.77294482,25,
spent,1.565217391,1.502303896,23,
sperm,3.833333333,2.035909511,24,
spew,2.36,1.976528944,25,
sphere,3.916666667,2.062431378,24,
spherical,1.695652174,1.063219066,23,
sphincter,4.88,2.315167381,25,
sphinx,3.12,2.027313493,25,
spice,5.125,1.752327645,24,
spices,5.391304348,1.827545061,23,
spicy,2.125,1.752327645,24,
spider,5.32,1.676305461,25,
spike,4.615384615,1.626700294,26,
spiky,2.434782609,1.61881233,23,
spill,3.304347826,1.94082416,23,
spillover,2.208333333,1.215092291,24,
spin,2.217391304,1.832944024,23,
spinach,4.96,2.111081871,25,
spinal,3.5,1.94569121,22,
spine,4.8,2.061552813,25,
spinner,4.2,2.179449472,25,
spinster,3.545454545,1.895540449,22,
spiral,2.52,1.758787461,25,
spire,2.55,1.791059669,20,
spirit,1.84,1.434108318,25,
spit,4.391304348,2.126438132,23,
spite,1.625,1.055523773,24,
splash,3.25,2.151844507,24,
splashdown,1.615384615,1.168825841,26,
splashing,3.32,2.154839515,25,
splat,2.090909091,1.743261609,22,
splatter,2.708333333,1.545798419,24,
spleen,2.96,2.071231518,25,
splice,1.791666667,1.473805092,24,
splicer,3.260869565,2.157805942,23,
splint,4.958333333,1.706233244,24,
splinter,4.652173913,1.92137961,23,
split,1.956521739,1.609016099,23,
splotch,1.681818182,1.286796082,22,
spoil,1.47826087,0.994053466,23,
spoke,3.384615385,2.333699605,26,
spokesman,4.375,2.017585729,24,
spokeswoman,3.916666667,1.742478661,24,
sponge,6.5,1.224744871,22,
sponged,3.481481481,2.082350195,27,
spongy,2.37037037,1.757361399,27,
spook,1.6,1.154700538,25,
spool,4.52173913,1.97414113,23,
spoon,6.115384615,1.336470668,26,
spoonful,3.84,2.303620339,25,
spore,3.541666667,1.864523874,24,
sport,3.518518519,2.259516122,27,
sportsman,3.703703704,1.771891966,27,
sportswoman,4.68,2.212088003,25,
sportswriter,4.32,1.908751774,25,
spot,3.416666667,1.863065885,24,
spotless,1.36,0.907377173,25,
spotlight,2.956521739,1.988106931,23,
spotted,2.217391304,1.756973683,23,
spout,5.0,1.719453907,24,
sprain,2.913043478,1.755848499,23,
sprang,2.64,1.976528944,25,
sprawl,3.444444444,2.081665999,27,
spray,3.818181818,1.763015913,22,
sprayer,4.96,1.859211302,25,
spread,3.12,2.088061302,25,
spreader,4.375,2.142986539,24,
spree,1.565217391,1.036869719,23,
sprig,4.105263158,2.105409352,19,
spring,2.851851852,1.974913897,27,
springboard,5.0,1.954016842,23,
springing,2.043478261,1.491742754,23,
springy,2.136363636,1.641586183,22,
sprinkle,3.896551724,2.319864953,29,
sprinkler,4.962962963,1.556165936,27,
sprinkling,2.086956522,1.345465228,23,
sprint,2.541666667,1.977683464,24,
sprinter,4.565217391,1.804693048,23,
sprite,3.681818182,2.358093734,22,
sprocket,3.9,1.803505359,20,
sprout,3.913043478,1.904851306,23,
sprouting,2.333333333,1.903467469,24,
spruce,2.72,1.768238295,25,
sprung,2.12,1.810156531,25,
spry,1.708333333,1.334465099,24,
spud,4.2,2.309401077,25,
spun,1.888888889,1.671787006,27,
spur,3.68,1.930457631,25,
spurt,1.875,1.392916864,24,
spy,3.454545455,1.844613077,22,
spyglass,5.64,1.524248449,25,
squad,3.24,1.920937271,25,
squadron,2.5,1.719453907,24,
squall,2.272727273,1.420322505,22,
squander,1.291666667,0.624093546,24,
square,2.956521739,1.965110704,23,
squash,5.409090909,2.15271901,22,
squat,2.6,2.179449472,25,
squatter,3.173913043,2.059394746,23,
squatting,2.88,2.127596453,25,
squaw,2.80952381,1.833549771,21,
squawk,1.833333333,1.372609912,24,
squawker,3.333333333,1.809796209,24,
squeak,1.956521739,1.429502802,23,
squeaker,3.173913043,1.898616097,23,
squeaking,1.391304348,0.656376447,23,
squeal,2.0,1.507556723,23,
squealing,2.434782609,1.779327936,23,
squeegee,5.875,1.596531567,24,
squeeze,2.458333333,1.817288153,24,
squeezer,3.952380952,2.155833724,21,
squeezing,2.826086957,1.96912934,23,
squelch,1.68,1.31402689,25,
squid,4.0,1.957890021,25,
squiggle,1.47826087,0.947223945,23,
squint,2.583333333,2.145098896,24,
squinted,1.88,1.394034911,25,
squinting,2.5,1.769303474,24,
squire,3.652173913,1.773765785,23,
squirm,2.416666667,2.124733572,24,
squirming,2.76,2.067204231,25,
squirrel,4.346153846,1.647842412,26,
squirt,2.833333333,2.098999071,24,
stab,2.956521739,2.305689817,23,
stabbing,2.52,1.98158186,25,
stable,3.92,1.913112647,25,
stableman,4.375,2.081230823,24,
stack,3.48,2.084066538,25,
stadium,4.08,1.846618531,25,
staff,4.928571429,1.741190981,28,
stag,3.416666667,1.976308959,24,
stage,4.875,1.895360468,24,
stagecoach,4.538461538,1.67882743,26,
stagger,1.833333333,1.239448218,24,
stagnant,1.888888889,1.625123269,27,
stain,3.083333333,1.585715218,24,
staining,2.56,2.063169083,25,
stair,5.36,1.680277755,25,
staircase,5.695652174,1.663369598,23,
stairs,5.88,1.394034911,25,
stairwell,5.038461538,1.907475174,26,
stake,4.36,2.11896201,25,
stalagmite,3.318181818,1.783158344,22,
stale,1.565217391,0.727766631,23,
stalk,2.826086957,1.497032638,23,
stall,4.625,1.860633366,24,
stallion,4.88,1.715614564,25,
stamen,3.35,2.109502311,20,
stamp,5.304347826,1.607787373,23,
stampede,2.64,1.524248449,25,
stance,3.178571429,2.073707923,28,
stand,4.038461538,2.32345896,26,
standing,3.36,2.11896201,25,
stank,1.875,1.226961606,24,
staple,5.32,1.676305461,25,
stapler,6.458333333,0.883627241,24,
stapling,3.166666667,1.903467469,24,
star,1.916666667,1.585715218,24,
starch,4.416666667,1.954185401,24,
starched,2.5,1.738910442,22,
stardust,2.090909091,1.874873733,22,
stare,2.038461538,1.684773438,26,
starfish,3.857142857,1.799470822,28,
stargazer,3.875,2.232419238,24,
staring,2.72,2.111871208,25,
starlet,3.708333333,2.196423311,24,
starlight,3.115384615,2.355027356,26,
starry,2.2,1.802775638,25,
start,2.28,2.072036036,25,
starve,2.217391304,1.704446637,23,
state,1.92,1.55241747,25,
statehouse,3.28,1.904380914,25,
statement,2.739130435,1.789296238,23,
stateroom,3.652173913,1.824298013,23,
statesman,4.0,1.705605731,23,
static,2.32,1.6,25,
station,3.0,1.48002574,22,
stationary,4.727272727,2.097204901,22,
stationery,4.608695652,2.36910283,23,
stationmaster,4.739130435,1.737746485,23,
statistician,4.166666667,2.160246899,24,
statue,4.777777778,1.908147175,27,
statuette,4.739130435,1.657418346,23,
statute,3.538461538,2.436895882,26,
stay,1.666666667,1.493575988,27,
stead,2.888888889,1.843554396,18,
steak,5.75,1.674618711,24,
steal,2.086956522,1.564174004,23,
stealth,1.576923077,1.301478449,26,
steam,3.862068966,1.958938086,29,
steamboat,4.541666667,1.955575456,24,
steaming,2.115384615,1.751043645,26,
steamroller,3.785714286,1.618347187,28,
steamship,3.625,1.78915817,24,
steamy,2.36,1.823001189,25,
steed,4.227272727,2.091520709,22,
steel,4.884615385,1.796149728,26,
steelworker,4.44,1.757839583,25,
steelworks,3.4,1.632993162,25,
steep,2.36,1.823001189,25,
steeple,3.222222222,1.761409692,27,
steer,3.4,2.101586702,25,
steering,3.36,2.23383079,25,
steersman,3.5625,2.159282288,16,
stem,4.666666667,1.901416476,27,
stemmed,2.230769231,1.795721411,26,
stench,2.32,1.796292478,25,
stencil,5.583333333,1.767254482,24,
stenographer,4.625,1.78915817,24,
step,5.2,1.802775638,25,
stepbrother,4.88,2.127596453,25,
stepchild,5.04,1.593737745,25,
stepdaughter,4.72,1.989974874,25,
stepfather,5.16,1.724335621,25,
stepladder,6.130434783,1.140348744,23,
stepmother,3.913043478,2.213862184,23,
stepparent,5.0,1.858640755,23,
stepsister,5.333333333,1.839732422,27,
stepson,5.304347826,2.098371286,23,
stereo,5.68,1.651262144,25,
sterile,1.782608696,1.346933276,23,
sterling,2.863636364,1.859222944,22,
stern,1.666666667,1.358732441,27,
sternum,4.1,1.943951483,20,
steroid,4.043478261,2.077547962,23,
steroids,4.52,1.851125784,25,
stethoscope,5.8,1.471960144,25,
steward,4.16,1.748332539,25,
stewardess,5.12,1.855622088,25,
stick,6.16,1.02794293,25,
stickiness,3.0,1.719453907,24,
stickman,3.0,2.043015674,24,
sticky,2.851851852,1.974913897,27,
stiff,1.583333333,1.059805834,24,
stiffen,2.130434783,1.604095549,23,
still,1.739130435,1.214210979,23,
stilt,4.652173913,1.824298013,23,
stimulant,3.391304348,2.039142655,23,
sting,2.821428571,2.178235294,28,
stinging,2.782608696,1.881887876,23,
stink,3.642857143,2.512403095,28,
stinky,2.208333333,1.531670491,24,
stint,1.818181818,1.097024705,22,
stir,3.083333333,2.301543276,24,
stirrer,4.615384615,1.856381924,26,
stirrup,4.958333333,1.966660526,24,
stitch,3.958333333,1.852827843,24,
stitching,4.444444444,2.081665999,27,
stock,3.0,1.744556752,24,
stockade,3.80952381,1.990453406,21,
stockbroker,4.851851852,1.747607237,27,
stockholder,3.56,2.142428529,25,
stocking,5.6,1.825741858,25,
stockings,5.84,1.598957994,25,
stockman,3.75,2.048329118,24,
stockpile,3.814814815,2.219442706,27,
stockroom,4.259259259,2.030395804,27,
stocks,2.666666667,1.632993162,24,
stockyard,4.130434783,2.073739438,23,
stoic,1.434782609,0.945135246,23,
stoke,1.666666667,1.176696811,27,
stole,2.125,1.423788577,24,
stomach,4.44,2.218858565,25,
stomp,4.321428571,2.553915968,28,
stone,5.875,1.454004964,24,
stonecutter,4.16,2.095232684,25,
stonemason,3.956521739,1.744556752,23,
stonewall,4.0,2.417882099,27,
stoneware,5.434782609,1.674028537,23,
stonework,4.130434783,2.180582654,23,
stony,2.416666667,1.717345441,24,
stood,2.68,2.19317122,25,
stooge,2.80952381,1.806074407,21,
stool,6.076923077,1.521133181,26,
stoop,4.5,2.146787286,24,
stop,1.5,0.884651737,24,
stopwatch,6.041666667,1.36665783,24,
storage,2.958333333,1.680558051,24,
store,5.739130435,1.421183607,23,
storefront,4.12,1.855622088,25,
storehouse,4.5,1.865009616,24,
storekeeper,4.75,1.674618711,24,
storeroom,4.655172414,1.446075034,29,
stork,3.44,2.180978374,25,
storm,2.826086957,1.850114835,23,
stormy,1.76,1.45143607,25,
story,2.821428571,1.963624227,28,
storybook,5.703703704,1.659814976,27,
storyteller,4.0,2.073644135,21,
stout,2.0,1.385640646,26,
stove,5.75,1.481773321,24,
stovepipe,3.913043478,2.172410548,23,
stow,1.956521739,1.26052878,23,
stowaway,3.19047619,2.015416771,21,
straddle,2.695652174,2.009857132,23,
straddling,2.608695652,2.126438132,23,
straggler,2.818181818,1.867934016,22,
straight,1.96,1.695090951,25,
straightedge,4.291666667,2.255026591,24,
straighten,2.071428571,1.824292281,28,
strain,2.136363636,1.457181054,22,
strainer,4.875,2.112334377,24,
strait,1.652173913,0.831684799,23,
straitjacket,5.037037037,1.89089888,27,
strand,3.518518519,2.259516122,27,
strange,1.583333333,1.100065874,24,
stranger,3.47826087,1.647851638,23,
strangle,2.52,2.084066538,25,
strangulation,2.84,2.075250989,25,
strap,4.923076923,2.096150318,26,
strapless,1.851851852,1.292097392,27,
straw,6.0,1.906925178,23,
strawberry,6.357142857,1.026114055,28,
stray,2.954545455,1.914288945,22,
streak,2.592592593,1.926720196,27,
streaker,2.703703704,1.659814976,27,
stream,4.678571429,1.846990975,28,
streamer,4.16,2.303620339,25,
street,4.708333333,2.115762103,24,
streetcar,4.791666667,1.718927033,24,
streetlight,3.2,1.802775638,25,
streets,4.769230769,1.632364967,26,
streetwalker,4.84,1.518771433,25,
strength,2.074074074,1.685365195,27,
stress,2.347826087,1.873467753,23,
stretch,2.833333333,2.219805449,24,
stretcher,5.08,1.55241747,25,
stretchy,1.913043478,1.164358718,23,
strict,1.52,1.084742673,25,
stride,3.166666667,2.239306311,24,
strike,2.304347826,1.490417349,23,
striker,3.892857143,1.950105139,28,
String,5.626180837,1.642942,741,
stringent,1.535714286,1.426784597,28,
strings,5.260869565,1.789296238,23,
strip,3.227272727,2.287269493,22,
stripe,2.52,1.805547009,25,
striped,1.64,1.287115638,25,
stripper,4.2,2.121320344,25,
stripping,2.166666667,1.685401943,24,
striptease,3.857142857,2.104417123,21,
strode,2.416666667,2.041241452,24,
stroke,2.583333333,1.863065885,24,
stroking,3.708333333,2.17653827,24,
stroll,2.333333333,1.839732422,27,
stroller,6.5,0.932504808,24,
strong,1.869565217,1.740019536,23,
strongbox,4.454545455,2.109553614,22,
struck,2.44,1.635033129,25,
structure,4.16,2.173323108,25,
strudel,5.666666667,1.551063216,24,
struggle,2.16,1.675310916,25,
strum,3.304347826,2.285026012,23,
strung,1.72,0.979795897,25,
strut,3.04,2.457641145,25,
strutting,2.166666667,1.659404468,24,
stubbly,2.636363636,1.705605731,22,
stubborn,1.666666667,1.372609912,24,
stuck,1.846153846,1.689788334,26,
stud,4.166666667,2.140025735,24,
student,5.043478261,1.664557295,23,
study,2.28,1.429452109,25,
stuff,4.391304348,2.104953691,23,
stuffed,2.0,1.732050808,25,
stumble,2.708333333,1.944427191,24,
stump,4.2,1.914854216,25,
stun,2.68,1.930457631,25,
stung,3.045454545,2.034869195,22,
stunt,2.565217391,1.779327936,23,
stupid,1.48,1.159022577,25,
sturdy,1.52173913,1.162660164,23,
sturgeon,3.666666667,2.033060091,21,
stutterer,2.75,1.961587644,24,
sty,3.913043478,2.02064444,23,
style,1.695652174,1.459600898,23,
suave,1.518518519,1.051386278,27,
subcommittee,2.52,1.782320585,25,
subcontinent,1.928571429,1.537881454,28,
subcontractor,3.75,2.090350501,24,
subdivision,3.035714286,1.85556506,28,
subheading,1.481481481,1.014144974,27,
subject,1.444444444,0.891555828,27,
sublet,2.285714286,1.978455386,21,
submarine,4.826086957,2.269404686,23,
submariner,3.791666667,1.768791449,24,
submit,1.64,1.036018018,25,
subsoil,2.636363636,1.559775764,22,
substance,4.47826087,1.950980295,23,
substation,3.318181818,1.644221154,22,
substitute,3.083333333,1.742478661,24,
substructure,2.625,1.860633366,24,
subtitle,1.47826087,0.994053466,23,
subtract,2.52173913,1.780438282,23,
suburb,3.208333333,2.105462185,24,
subway,5.0,1.523154621,26,
success,1.5,1.10194633,22,
suck,2.608695652,2.310826897,23,
suckle,2.739130435,1.912100019,23,
suckling,2.458333333,1.817288153,24,
suction,2.48,1.805547009,25,
suds,4.652173913,1.584260529,23,
sue,1.884615385,1.4512594,26,
suede,5.0,1.911066172,24,
suffix,1.962962963,1.427248064,27,
suffocate,2.12,1.855622088,25,
sugar,6.173913043,1.336623083,23,
sugarcane,5.043478261,1.988106931,23,
sugarless,1.739130435,1.321754733,23,
sugary,2.48,2.023198787,25,
suicide,2.791666667,2.186503396,24,
suit,6.52173913,0.947223945,23,
suitcase,6.08,1.469693846,25,
suite,3.166666667,1.833662685,24,
suitor,2.608695652,1.827545061,23,
sulfide,2.32,1.573742885,25,
sulfur,3.304347826,2.363256278,23,
sulk,2.52173913,2.064187386,23,
sullen,1.461538462,1.139500565,26,
sulphur,3.238095238,1.841324575,21,
sultan,3.083333333,1.791687732,24,
sum,1.391304348,0.656376447,23,
summer,1.92,1.605199884,25,
summerhouse,5.0,1.705605731,23,
summit,3.074074074,1.685365195,27,
summon,1.807692308,1.49717683,26,
summons,2.318181818,1.672931947,22,
sun,2.086956522,1.781547935,23,
sunbathe,2.16,1.841195264,25,
sunbather,4.260869565,1.51409713,23,
sunburn,4.12,2.027313493,25,
sunburnt,2.75,2.211629342,24,
sunburst,1.695652174,1.22232203,23,
sundae,5.96,1.670329309,25,
sundeck,4.5,1.911066172,24,
sunfish,4.041666667,1.988645304,24,
sunflower,5.333333333,1.493949148,24,
sung,1.76,1.507757717,25,
sunglasses,6.458333333,0.931532943,24,
sunk,2.464285714,1.452511053,28,
sunken,1.434782609,0.843482336,23,
sunlamp,4.08,1.956186767,25,
sunless,1.5,0.978019294,24,
sunlight,2.48,2.293468988,25,
sunlit,2.0,1.414213562,24,
sunny,1.913043478,1.564174004,23,
sunrise,2.074074074,2.036700309,27,
sunroof,4.814814815,1.468569085,27,
sunset,2.333333333,1.798147195,21,
sunshine,3.269230769,2.182799896,26,
sunspot,2.0,1.469693846,26,
sunstroke,2.125,1.512628004,24,
suntanned,3.12,2.127596453,25,
supercharger,3.045454545,2.214180978,22,
superintendent,4.08,1.913112647,25,
supermarket,4.869565217,2.282429882,23,
supernova,2.086956522,1.703286755,23,
superstructure,2.84,1.8636881,25,
supervisor,4.269230769,1.613882085,26,
supper,5.2,1.658312395,25,
supple,1.75,1.322875656,28,
supply,3.464285714,1.643892014,28,
support,2.230769231,1.773306343,26,
suppository,5.782608696,1.677566466,23,
surf,3.458333333,1.933214639,24,
surface,3.782608696,1.807975305,23,
surfboard,5.916666667,1.31601066,24,
surfer,4.2,1.802775638,25,
surge,1.958333333,1.428869017,24,
surgeon,5.0,1.775907135,27,
surgery,2.6,1.870828693,25,
surplus,2.47826087,1.562910025,23,
surprise,1.625,1.17260394,24,
surround,1.96,1.743559577,25,
surrounded,1.739130435,1.251086484,23,
surroundings,3.64,1.84571576,25,
survey,3.75,2.171955641,24,
surveyor,4.47826087,2.086091718,23,
survive,1.72,1.4,25,
sushi,5.708333333,1.654484464,24,
suspect,4.173913043,2.166945356,23,
suspend,1.695652174,1.145536104,23,
suspender,5.76,1.45143607,25,
suspenders,5.24,1.762573876,25,
suspicion,1.653846154,1.263085356,26,
suture,4.652173913,1.721751108,23,
swab,4.76,1.963839776,25,
swaddle,3.875,1.940696872,24,
swag,2.625,2.102017664,24,
swagger,3.304347826,2.265046309,23,
swallow,3.68,2.267891826,25,
swam,2.48,2.123676058,25,
swamp,4.52173913,1.805787796,23,
swan,4.208333333,1.99954705,24,
swap,2.083333333,1.742478661,24,
swarm,3.0,1.721325932,28,
swashbuckler,3.0,1.64924225,26,
swat,2.125,1.569062307,24,
sway,2.071428571,1.561778934,28,
sweat,4.208333333,2.225917821,24,
sweatband,6.041666667,1.197067673,24,
sweated,2.04,1.619670748,25,
sweater,6.592592593,0.636049058,27,
sweating,3.84,2.339515619,25,
sweatshirt,6.6,0.707106781,25,
sweatshop,3.96,1.670329309,25,
sweaty,2.5,2.04450483,26,
sweep,3.0,2.198484326,25,
sweepings,2.913043478,1.781547935,23,
sweet,3.125,2.153106956,24,
sweetener,5.2,1.755942292,25,
swell,1.782608696,1.380267489,23,
swelled,2.0,1.474419562,24,
swept,3.04,2.335950913,25,
swerve,1.875,1.329023833,24,
swift,1.375,1.17260394,24,
swim,3.347826087,2.404705532,23,
swimsuit,6.08,0.996661093,25,
swindle,1.636363636,1.398824491,22,
swine,4.142857143,1.799470822,28,
swing,5.36,1.823001189,25,
swinging,2.086956522,1.311246578,23,
swipe,3.0,2.121320344,25,
swirl,2.47826087,1.879786381,23,
swish,1.5,0.761577311,26,
switch,4.0,2.449489743,22,
switchblade,5.869565217,1.546384282,23,
switchboard,4.777777778,2.063106943,27,
swollen,2.8,1.979057015,25,
swoon,2.48,1.805547009,25,
swoop,2.047619048,1.499206139,21,
sword,5.461538462,1.580652251,26,
swordfish,3.857142857,2.08547509,28,
swordplay,2.958333333,2.17653827,24,
swordsman,4.041666667,1.944427191,24,
swore,1.695652174,0.973969507,23,
swung,2.84,2.26715681,25,
sycamore,3.916666667,1.88625847,24,
syllabus,3.92,2.196967607,25,
symbol,2.296296296,1.636478744,27,
symmetrical,1.96,1.645195024,25,
symphony,3.375,1.78915817,24,
symposium,2.260869565,1.421183607,23,
symptom,2.44,1.804623691,25,
synagogue,4.0,2.022599587,23,
synthesizer,4.208333333,2.042572263,24,
syphilis,2.5,1.96468827,26,
syringe,5.535714286,1.290482048,28,
syringes,5.541666667,1.793203756,24,
syrup,5.16,1.993322185,25,
syrupy,2.12,1.394034911,25,
system,2.208333333,1.84105751,24,
tab,4.035714286,2.185510244,28,
tabasco,5.260869565,1.57299342,23,
tabernacle,3.884615385,1.505374985,26,
table,6.4,0.866025404,25,
tablecloth,5.347826087,2.080399779,23,
tablespoon,5.142857143,1.860192856,28,
tablespoonful,3.625,2.280589169,24,
tablet,6.517241379,0.687681906,29,
tableware,6.083333333,1.282547284,24,
tabloid,4.52173913,2.064187386,23,
tack,4.083333333,1.88625847,24,
tackle,3.5,2.19544984,26,
tackled,2.083333333,1.639635873,24,
tackling,3.56,2.381876011,25,
tact,1.76,1.051982256,25,
tactician,3.565217391,1.779327936,23,
taffy,4.6,2.101586702,25,
tag,4.72,1.720465053,25,
tail,4.086956522,2.372437248,23,
tailcoat,5.47826087,1.675208677,23,
tailgate,3.92,1.681269362,25,
taillight,5.0,1.511857892,22,
tailor,5.130434783,1.765949341,23,
tailoring,2.652173913,1.668115312,23,
tailspin,1.913043478,1.443261568,23,
take,2.24,1.942506971,25,
talc,4.260869565,2.136636935,23,
tale,1.708333333,1.545798419,24,
talent,2.739130435,2.280697487,23,
talisman,4.708333333,1.756458063,24,
talk,4.071428571,2.65174396,28,
talker,4.0,2.0,25,
talking,3.739130435,2.579946992,23,
tall,2.52,1.917463602,25,
taller,2.034482759,2.043854178,29,
talon,3.958333333,1.876146992,24,
tambourine,5.916666667,1.380506103,24,
tampon,6.208333333,1.102533315,24,
tan,1.916666667,1.665941871,24,
tang,2.65,1.954078057,20,
tangerine,5.772727273,1.875450884,22,
tangle,2.958333333,1.876146992,24,
tango,2.541666667,1.84105751,24,
tangy,1.84,1.675310916,25,
tank,4.608695652,2.016728459,23,
tantrum,2.48,1.851125784,25,
tap,3.538461538,2.195099437,26,
tape,5.833333333,1.239448218,24,
taper,2.095238095,1.410842369,21,
tapering,1.739130435,1.096166515,23,
tapestry,4.565217391,2.292796763,23,
tapeworm,3.222222222,2.118296364,27,
tapioca,4.454545455,2.086858489,22,
tapping,2.68,2.055885859,25,
taps,3.0,2.061552813,25,
tar,4.37037037,1.924500897,27,
tarantula,4.08,2.119748413,25,
target,3.0,1.705605731,23,
tart,3.681818182,2.732282556,22,
tartar,4.48,1.805547009,25,
task,2.653846154,2.152994337,26,
tassel,4.166666667,1.785610763,24,
taste,2.482758621,2.080877041,29,
tasteless,2.72,2.092048438,25,
taster,3.16,1.951068084,25,
tasty,2.296296296,2.180592982,27,
tattered,1.875,1.153915828,24,
tattoo,4.730769231,1.801281595,26,
tattooing,3.958333333,2.156469874,24,
taunt,2.391304348,1.924462863,23,
taut,2.291666667,1.428869017,24,
tavern,4.36,1.604161255,25,
tax,2.32,1.994158135,25,
taxi,5.464285714,1.502643174,28,
taxidermist,3.708333333,2.074255585,24,
taxidermy,3.608695652,2.230758746,23,
taxpayer,4.583333333,1.931808494,24,
tea,6.153846154,1.347362095,26,
teabag,6.32,1.144552314,25,
teach,2.357142857,1.809732653,28,
teacher,5.416666667,1.954185401,24,
teacup,6.347826087,1.30065353,23,
teahouse,4.347826087,1.897574903,23,
teakettle,6.125,0.946963109,24,
teakwood,5.136363636,1.859222944,22,
teal,1.434782609,1.121123096,23,
team,3.954545455,1.914288945,22,
teammate,5.074074074,1.615452447,27,
teamster,3.782608696,2.066101329,23,
teapot,6.2,1.118033989,25,
tear,4.44,2.022374842,25,
teardrop,4.695652174,1.869243469,23,
teargas,3.541666667,1.887698545,24,
tearoom,4.458333333,1.64129235,24,
tease,1.928571429,1.698115981,28,
teaspoon,4.76,2.420055096,25,
teaspoonful,4.4,1.957890021,25,
technician,4.56,2.001665973,25,
tee,5.347826087,1.465006846,23,
teen,3.84,2.173323108,25,
teenager,5.08,1.800925688,25,
teeth,6.275862069,1.221724534,29,
teething,3.32,2.528504169,25,
telecast,2.782608696,1.929590671,23,
telegram,4.185185185,2.149007589,27,
telegraph,3.88,1.833030278,25,
telegrapher,3.92,2.253145949,25,
teleprompter,4.0,1.841549442,24,
telescope,5.916666667,1.248187091,24,
televised,1.608695652,1.233587909,23,
television,5.6,1.779513042,25,
tell,1.37037037,1.213645118,27,
temper,2.12,1.6663333,25,
temperate,2.607142857,1.950105139,28,
temperature,2.666666667,1.970801352,24,
tempest,1.884615385,1.336470668,26,
template,3.2,1.936491673,25,
temple,4.84,1.7,25,
tempo,2.48,1.636052159,25,
ten,1.583333333,1.411649256,24,
tenant,4.8,1.825741858,25,
tend,1.291666667,0.690253052,24,
tendency,1.37037037,0.926039879,27,
tender,2.6,1.892969449,25,
tenderloin,4.962962963,2.009237924,27,
tendon,4.08,1.977371993,25,
tenement,2.739130435,2.115256084,23,
tennis,4.090909091,2.244763025,22,
tenor,2.272727273,1.830477902,22,
tension,2.2,2.0,25,
tent,5.5,1.719453907,24,
tentacle,3.458333333,1.99954705,24,
tenth,1.961538462,1.754554513,26,
tepee,4.916666667,1.471960144,24,
tepid,1.923076923,1.412036173,26,
term,1.88,1.763519209,25,
termite,4.32,2.076053949,25,
terrace,4.454545455,2.086858489,22,
terracotta,3.681818182,2.146677691,22,
terrain,3.931034483,1.962706486,29,
terrier,5.416666667,1.585715218,24,
terrycloth,4.692307692,1.913514688,26,
test,3.2,2.020725942,25,
tester,3.25,1.799758438,24,
testes,5.083333333,1.380506103,24,
testicle,6.24,1.2,25,
testicular,2.608695652,2.168768617,23,
testy,1.481481481,1.220667231,27,
tether,3.230769231,1.945408796,26,
text,3.481481481,2.517177454,27,
textile,4.964285714,1.666269794,28,
texture,3.392857143,2.096545407,28,
textured,2.8,2.327373341,25,
thank,1.88,1.715614564,25,
thanks,1.296296296,0.724027986,27,
that,1.347826087,0.572768052,23,
thaw,2.476190476,1.833549771,21,
the,1.125,0.612372436,24,
theater,4.2,1.936491673,25,
theatergoer,5.0,1.906925178,23,
theft,1.96,1.48548533,25,
their,1.666666667,1.274044115,24,
them,2.739130435,1.912100019,23,
theme,2.043478261,1.460954261,23,
then,1.166666667,0.637022057,24,
theologian,4.47826087,2.019666156,23,
theory,1.5,0.932504808,24,
therapist,5.148148148,1.406132276,27,
there,1.75,1.50616019,28,
thermal,1.791666667,1.318073913,24,
thermometer,5.56,1.73397424,25,
thermos,5.518518519,1.805341868,27,
thermostat,5.074074074,2.0177277,27,
thesaurus,5.363636364,1.965062814,22,
these,1.565217391,0.895751942,23,
thesis,2.565217391,1.878734752,23,
they,2.272727273,1.830477902,22,
thick,1.724137931,1.750439776,29,
thickener,2.875,1.776966149,24,
thief,3.695652174,2.304832524,23,
thieve,3.761904762,1.841324575,21,
thigh,5.76,1.535143859,25,
thimble,5.347826087,1.991086858,23,
thimbleful,2.807692308,2.078831032,26,
thin,2.590909091,2.130483757,22,
think,1.826086957,1.497032638,23,
third,1.75,1.040833,28,
thirst,3.083333333,2.430184582,24,
thirsty,1.703703704,1.68282763,27,
this,1.72,1.369914839,25,
thong,6.47826087,1.081647112,23,
thorax,4.04,2.111081871,25,
thorn,4.925925926,2.0177277,27,
thorny,2.807692308,1.939468603,26,
those,2.0,1.539600718,28,
thousand,1.68,1.31402689,25,
thrash,1.925925926,1.615452447,27,
thread,4.76,2.259793501,25,
threaded,1.92,1.630950643,25,
threat,1.695652174,1.22232203,23,
three,2.576923077,2.175740369,26,
thresher,3.928571429,2.200149845,14,
threshold,2.4,1.755942292,25,
threw,1.961538462,1.370569786,26,
throat,5.347826087,1.584260529,23,
throb,2.625,2.122600948,24,
throbbing,2.043478261,1.795911034,23,
throne,5.217391304,1.976142287,23,
throng,2.958333333,1.852827843,24,
throttle,3.608695652,2.189627001,23,
through,2.16,1.572683482,25,
throughway,2.791666667,1.531670491,24,
throw,3.592592593,2.308167093,27,
thrown,1.695652174,1.329209697,23,
thrush,1.956521739,1.718304155,23,
thrust,1.88,1.6663333,25,
thud,1.5,0.722315119,24,
thudding,1.592592593,1.308529981,27,
thug,4.130434783,2.073739438,23,
thumb,6.357142857,1.161553421,28,
thumbnail,4.88,2.204540769,25,
thumbscrew,5.173913043,1.992079177,23,
thumbtack,5.956521739,1.609016099,23,
thump,2.041666667,1.545798419,24,
thumping,2.681818182,2.146677691,22,
thunder,1.833333333,1.129319405,24,
thunderbolt,2.24,1.71464282,25,
thunderclap,2.2,1.658312395,25,
thundercloud,1.92,1.605199884,25,
thunderous,1.347826087,0.714059817,23,
thunderstorm,1.92,1.441064421,25,
thyme,4.958333333,1.428869017,24,
thyroid,3.16,2.014116845,25,
tic,3.291666667,2.196423311,24,
tick,3.851851852,1.791082692,27,
ticket,5.333333333,1.785610763,24,
tickle,3.130434783,2.282429882,23,
tickler,4.76,1.920937271,25,
ticklish,2.772727273,2.348896766,22,
tidewater,3.72,1.904380914,25,
tidy,2.0,1.443375673,25,
tie,6.260869565,1.009833078,23,
tier,2.125,1.727337735,24,
Tiger,3.869448183,2.031536,743,
tight,2.083333333,1.767254482,24,
tightrope,4.590909091,1.680677044,22,
tights,5.956521739,1.223937791,23,
tile,4.76,2.046948949,25,
till,2.826086957,1.77487961,23,
tiller,4.541666667,2.225917821,24,
tilt,2.636363636,1.915984256,22,
timber,4.695652174,2.244888793,23,
timberline,2.666666667,1.712697677,21,
time,2.0,1.933683127,24,
timed,1.821428571,1.785820103,28,
timekeeper,3.913043478,1.904851306,23,
timepiece,5.375,2.060234263,24,
tin,4.727272727,2.164251068,22,
tinder,3.52173913,2.40963153,23,
tinderbox,4.958333333,1.680558051,24,
tinfoil,5.458333333,1.64129235,24,
tinge,1.62962963,1.305260014,27,
tingle,1.8,1.190238071,25,
tinker,2.62962963,1.944383393,27,
tinkle,1.913043478,1.276110692,23,
tinkling,3.045454545,2.081146038,22,
tinplate,4.869565217,1.86606898,23,
tinsel,4.777777778,1.98713813,27,
tinsmith,3.85,2.007223796,20,
tint,2.347826087,1.465006846,23,
tinting,1.869565217,1.217461884,23,
tiny,1.666666667,1.049499536,24,
tip,3.36,2.430363484,25,
tipped,2.583333333,1.88625847,24,
tiptoe,2.652173913,2.036233056,23,
tire,5.291666667,1.545798419,24,
tired,3.714285714,2.53650595,28,
tissue,5.72,1.696073898,25,
tit,5.92,1.579029238,25,
titan,2.291666667,1.601063958,24,
title,1.846153846,1.665948563,26,
to,1.375,0.875388113,24,
toad,4.2,1.957890021,25,
toadstool,3.909090909,2.136064269,22,
toast,6.2,1.08012345,25,
toaster,6.04,1.171893055,25,
toastmaster,4.652173913,2.288482936,23,
tobacco,5.666666667,1.434563005,24,
toboggan,5.68,1.2489996,25,
today,1.625,1.17260394,24,
toddler,5.875,1.295896534,24,
toe,5.954545455,1.430193884,22,
toehold,2.318181818,1.393398163,22,
toffee,5.608695652,1.529680015,23,
tofu,5.555555556,1.717183144,27,
toga,4.52173913,2.086091718,23,
toil,1.666666667,1.414213562,27,
Toilet,6.368918919,1.100059,740,
toiletry,5.222222222,1.908147175,27,
token,5.2,1.870828693,25,
toll,3.571428571,1.708986519,28,
tollgate,3.4,1.632993162,25,
tollhouse,3.692307692,1.975231243,26,
tom,3.347826087,2.144945341,23,
tomahawk,4.958333333,2.01038968,24,
tomato,6.125,1.153915828,24,
tomb,4.739130435,1.888178326,23,
tombstone,5.043478261,1.870300435,23,
tomorrow,2.24,1.78605711,25,
ton,1.708333333,1.122077525,24,
tone,1.47826087,1.038773981,23,
toner,3.142857143,2.414243448,21,
tong,5.227272727,1.974403302,22,
tongs,5.826086957,1.613921647,23,
tongue,5.928571429,1.438326482,28,
tonic,5.086956522,1.831865504,23,
tonight,1.538461538,1.174079017,26,
tonsil,4.074074074,2.110886178,27,
tonsillitis,2.827586207,2.001231148,29,
too,1.708333333,1.334465099,24,
took,1.56,1.003327796,25,
tool,6.304347826,1.145536104,23,
toot,1.833333333,1.632993162,24,
tooth,6.037037037,1.580688299,27,
toothbrush,6.72,0.613731755,25,
toothless,1.730769231,1.041448695,26,
toothpaste,5.76,1.6653328,25,
toothpick,6.375,1.013495887,24,
top,2.958333333,2.235662856,24,
topaz,4.642857143,2.003964325,28,
topic,2.0,1.769303474,24,
topography,2.96,2.111081871,25,
topple,1.76,1.234233905,25,
topsail,3.681818182,1.809666205,22,
topsoil,4.92,2.019075696,25,
torch,4.851851852,1.935571943,27,
torchlight,4.64,2.307234997,25,
torment,1.8,1.322875656,25,
torn,2.260869565,1.657418346,23,
tornado,3.08,2.059935274,25,
torso,5.64,1.84571576,25,
tortilla,6.037037037,1.255188661,27,
tortoise,4.541666667,2.063748524,24,
tortoiseshell,3.19047619,1.939563034,21,
torture,2.148148148,1.791082692,27,
torturer,4.041666667,1.706233244,24,
toss,3.041666667,2.274225461,24,
tot,3.703703704,2.180592982,27,
total,1.458333333,0.779027636,24,
tote,4.28,2.150968774,25,
totem,3.608695652,1.924462863,23,
toucan,4.16,1.841195264,25,
touch,2.666666667,2.277807234,24,
touchdown,3.0,2.198484326,25,
tough,1.958333333,1.573673815,24,
toupee,6.217391304,1.126398998,23,
tour,2.2,1.040833,25,
tourist,5.0,1.625686668,29,
tournament,2.517241379,1.805165003,29,
tourniquet,4.956521739,1.845837107,23,
tow,2.695652174,1.96410476,23,
towel,6.04,1.645195024,25,
tower,4.307692308,2.149776375,26,
towing,2.44,1.894729532,25,
towline,2.869565217,1.914166038,23,
town,4.25,1.878237945,28,
townsfolk,4.583333333,1.767254482,24,
townsman,4.111111111,1.648620247,27,
townspeople,4.909090909,1.600865567,22,
townswoman,3.260869565,2.157805942,23,
toxic,1.608695652,1.269900871,23,
toxicologist,4.16,1.929594085,25,
toxin,3.344827586,2.092091607,29,
toy,6.08,1.222020185,25,
trace,1.652173913,1.112274314,23,
tracer,3.0,1.566698904,23,
track,4.916666667,1.471960144,24,
tracker,3.12,1.94336478,25,
tracksuit,5.653846154,1.719123211,26,
tract,2.814814815,2.112909715,27,
traction,2.153846154,1.515052677,26,
tractor,5.590909091,1.532476704,22,
tradesman,4.84,1.748332539,25,
traffic,3.541666667,2.063748524,24,
trail,3.653846154,1.998845821,26,
trailer,5.296296296,1.68282763,27,
train,5.333333333,1.761093205,24,
trainee,4.72,1.646207763,25,
trainer,5.357142857,1.095928009,28,
trait,1.461538462,1.103839453,26,
traitor,3.875,1.962972458,24,
tramp,3.333333333,1.568929081,27,
trample,2.88,2.047763007,25,
trampoline,5.88,1.30128142,25,
trance,1.913043478,1.411415907,23,
tranquilizer,4.56,1.872609587,25,
tranquilizers,4.607142857,1.59488269,28,
transcript,3.56,1.850225212,25,
transducer,2.5,1.825741858,16,
transfer,1.863636364,1.52113537,22,
transformer,3.192307692,2.20942039,26,
transistor,3.454545455,2.303770672,22,
transit,2.0,1.503618823,24,
translate,1.625,1.134920032,24,
translator,4.0,2.153221688,23,
translucent,1.625,1.17260394,24,
transmission,3.56,2.063169083,25,
transmit,2.04,1.593737745,25,
transmitter,4.230769231,1.531213697,26,
transparent,1.875,1.776966149,24,
transplant,2.517241379,2.148432812,29,
transport,2.36,1.524248449,25,
transportation,3.703703704,2.250039569,27,
transporter,3.0,1.876166304,26,
transvestite,4.217391304,1.953005184,23,
trap,4.695652174,1.94082416,23,
trapeze,4.958333333,1.706233244,24,
trapper,3.964285714,1.688351,28,
trash,5.136363636,1.726418107,22,
trashcan,5.76,1.640121947,25,
trauma,1.913043478,1.411415907,23,
travel,2.608695652,2.061313139,23,
traveler,4.714285714,1.606863585,28,
traveller,4.5,1.744556752,24,
traverse,1.714285714,1.27054544,21,
tray,5.166666667,1.711004451,24,
tread,3.535714286,2.116638545,28,
treadmill,6.0,1.53741223,23,
treason,2.071428571,1.48893627,28,
treasure,4.666666667,1.712697677,21,
treasurer,3.84,2.075250989,25,
treat,4.791666667,1.744037461,24,
treatment,2.192307692,1.673779693,26,
treaty,2.32,1.573742885,25,
tree,5.84,1.462873884,25,
treeless,1.391304348,1.305203935,23,
trek,1.925925926,1.517232448,27,
tremble,2.08,1.497776129,25,
tremor,2.583333333,1.909169331,24,
trench,4.285714286,1.583646586,28,
trencher,2.619047619,1.96153487,21,
trend,2.28,1.926136028,25,
trespass,1.8,1.08012345,25,
trespasser,4.173913043,1.52709391,23,
tresses,3.9375,2.434988022,16,
trial,2.48,1.960442127,25,
triangle,4.083333333,1.909169331,24,
triangular,1.96,1.619670748,25,
tribe,2.961538462,1.948964222,26,
tribesman,3.80952381,2.135861597,21,
tributary,2.285714286,1.23056317,21,
tribute,1.92,1.525341492,25,
triceps,5.52,1.917463602,25,
trick,2.043478261,1.364426648,23,
trickle,2.64,1.680277755,25,
tricycle,6.173913043,1.154129893,23,
trident,3.869565217,1.984126733,23,
trifle,3.041666667,2.38617698,24,
trigger,5.16,2.055075019,25,
trim,3.24,2.107130751,25,
trimming,2.0,1.29614814,26,
trinket,4.791666667,1.933214639,24,
trio,2.36,1.8,25,
trip,2.434782609,1.878734752,23,
tripe,4.7,2.202868943,20,
triple,1.48,0.714142843,25,
triplet,3.653846154,2.134334701,26,
triplex,2.476190476,1.833549771,21,
tripod,5.0,1.885618083,28,
tripper,3.041666667,1.756458063,24,
tripwire,4.25,1.91674543,24,
trod,1.35,0.670820393,20,
troll,2.260869565,1.629762707,23,
trolley,5.416666667,1.501207244,24,
trombone,5.75,1.594828599,24,
troop,3.833333333,2.035909511,24,
trooper,3.88,1.985782801,25,
troops,3.869565217,2.159636919,23,
trophy,4.916666667,1.791687732,24,
tropic,1.884615385,1.531715981,26,
trot,2.608695652,1.924462863,23,
trouble,1.92,1.441064421,25,
trough,3.708333333,1.921936674,24,
trounce,1.857142857,1.621286967,21,
Troupe,3.040178571,1.801604,672,
trousers,6.185185185,1.177906782,27,
trout,4.76,1.809235566,25,
truck,6.041666667,1.082636342,24,
trucking,2.851851852,1.994293854,27,
trucks,6.2,1.258305739,25,
trudge,1.782608696,1.346933276,23,
trump,1.964285714,1.598196735,28,
trumpet,6.291666667,0.85867272,24,
trumpeter,3.791666667,1.817288153,24,
trunk,5.217391304,1.782656897,23,
trust,1.869565217,1.516705396,23,
truth,1.962962963,1.720498172,27,
try,2.25,1.91674543,24,
tub,6.086956522,1.040674758,23,
tuba,5.130434783,1.841549442,23,
tube,4.916666667,1.909169331,24,
tuberculosis,2.827586207,1.946956701,29,
tubful,2.692307692,1.783686761,26,
tubing,4.625,1.906795628,24,
tubular,1.681818182,1.210523839,22,
tuck,2.115384615,1.773740073,26,
tucking,2.52173913,1.830786349,23,
tuft,3.476190476,1.721018525,21,
tug,2.4,1.825741858,25,
tugboat,4.555555556,2.006400016,27,
tulip,5.217391304,1.53612623,23,
tumble,2.481481481,2.082350195,27,
tumbler,5.136363636,1.807272466,22,
tumbleweed,4.083333333,1.976308959,24,
tumbling,2.88,1.877942136,25,
tummy,5.125,2.028331934,24,
tumor,3.407407407,1.946580024,27,
tuna,4.916666667,1.639635873,24,
tune,1.730769231,1.115623317,26,
tunic,4.76,1.87705443,25,
tunnel,4.083333333,1.839580923,24,
turban,5.148148148,1.833527573,27,
turbine,3.208333333,1.382473104,24,
turbojet,3.52173913,2.019666156,23,
turbulence,2.44,1.938212235,25,
turf,4.36,1.997498436,25,
turkey,4.833333333,1.809796209,24,
turn,1.913043478,1.729767285,23,
turncoat,3.166666667,2.035909511,24,
turnip,6.12,1.166190379,25,
turnpike,3.16,1.885912688,25,
turnstile,4.818181818,1.708141949,22,
turntable,5.347826087,1.991086858,23,
turpentine,3.857142857,1.982062418,21,
turquoise,2.37037037,2.059651728,27,
turtle,4.821428571,1.564740457,28,
turtledove,4.19047619,1.833549771,21,
turtleneck,5.375,1.468880082,24,
tusk,4.045454545,1.785584411,22,
tutor,4.608695652,1.405803893,23,
tutu,5.413793103,1.570196561,29,
tuxedo,5.259259259,1.872731296,27,
twang,2.125,1.872280637,24,
tweak,1.592592593,1.448055972,27,
tweed,4.086956522,1.831865504,23,
tweet,2.375,1.906795628,24,
tweeter,2.416666667,1.585715218,24,
tweezer,5.272727273,1.777687588,22,
twelfth,1.47826087,1.162660164,23,
twelve,1.625,1.498187311,24,
twice,1.75,1.725763851,24,
twiddle,2.272727273,1.804275826,22,
twig,5.28,1.744515214,25,
twilight,1.88,1.563116545,25,
twin,4.12,2.242022896,25,
twine,5.5,1.956038588,24,
twinge,2.76,2.02649122,25,
twinkle,1.608695652,1.033050665,23,
twirl,2.76,1.809235566,25,
twirler,2.761904762,1.410842369,21,
twist,1.833333333,1.00722031,24,
twisted,2.041666667,1.428869017,24,
twister,3.32,1.973153145,25,
twit,1.833333333,1.493949148,24,
twitch,2.375,1.764689898,24,
twitter,2.68,1.864582169,25,
two,2.269230769,2.030914913,26,
tycoon,2.708333333,1.731527766,24,
tyke,5.05,1.571958216,20,
type,2.24,1.809235566,25,
typeface,2.0,1.279204298,23,
typesetter,3.476190476,1.778174559,21,
typewrite,2.826086957,2.103075106,23,
typewriter,5.592592593,1.646891227,27,
typewriting,3.125,2.193121658,24,
typewritten,2.375,1.995919751,24,
typhoon,2.444444444,1.395964881,27,
typist,4.04,1.968078589,25,
tyrannosaurus,1.5,1.063219066,24,
tyranny,2.083333333,1.742478661,24,
tyrant,3.52173913,2.192333029,23,
ugly,2.642857143,1.947729651,28,
ukulele,5.782608696,1.730909423,23,
ulcer,3.56,2.32880513,25,
ulterior,1.454545455,0.911684612,22,
umbilical,3.125,2.112334377,24,
umbrella,6.4,1.08012345,25,
unbind,1.458333333,1.062366786,24,
unbuckle,2.84,2.034698995,25,
unbutton,3.458333333,2.431302508,24,
uncle,5.392857143,1.571488695,28,
uncork,2.4,1.58113883,25,
uncorking,2.434782609,1.804693048,23,
under,1.444444444,0.933699562,27,
underbelly,3.592592593,2.042985358,27,
underbrush,4.5,1.865009616,24,
undercarriage,3.454545455,1.299350487,22,
underclassman,3.44,2.083266666,25,
underclothes,6.0,1.78376517,23,
underclothing,6.36,1.319090596,25,
undercoat,4.772727273,1.925562829,22,
undergarment,6.074074074,1.412197576,27,
underground,2.4,1.658312395,25,
undergrowth,3.739130435,2.26067953,23,
underline,2.541666667,2.063748524,24,
underpants,6.0,1.568929081,27,
underpass,3.75,1.939296152,24,
undersea,2.590909091,1.790426683,22,
undershirt,5.954545455,1.252702706,22,
underside,2.769230769,1.903842269,26,
undertaker,3.333333333,2.0,27,
undertow,3.045454545,2.011331535,22,
underwear,6.52173913,0.947223945,23,
uneven,2.086956522,1.755848499,23,
unfold,2.173913043,1.497032638,23,
unfurl,1.869565217,1.254241815,23,
unicorn,1.296296296,0.724027986,27,
uniform,5.666666667,1.239448218,24,
union,2.782608696,1.976142287,23,
unit,3.083333333,1.839580923,24,
unite,2.25,1.77543626,24,
universal,1.5,1.272792206,26,
universe,3.4,2.43241992,25,
university,3.48,1.917463602,25,
unleash,1.36,0.7,25,
unlock,2.695652174,2.244888793,23,
unlocking,3.434782609,2.332109598,23,
unpaved,2.416666667,1.691838893,24,
unripe,1.583333333,1.212853863,24,
unsaddle,1.88,1.332916602,25,
unsalted,1.652173913,1.228772323,23,
unscrewing,2.222222222,1.671787006,27,
unsealed,2.714285714,1.822841552,28,
unshaved,2.772727273,2.245245096,22,
unshaven,2.826086957,2.037203384,23,
unsheathe,1.826086957,1.336623083,23,
unshelled,1.88,1.615549442,25,
untie,2.347826087,1.944892978,23,
unwrinkled,2.62962963,1.757361399,27,
unzip,3.333333333,2.407717062,24,
up,1.653846154,1.263085356,26,
upholstery,5.461538462,1.702486869,26,
upon,1.416666667,1.100065874,24,
uppercut,2.913043478,2.274623715,23,
uproar,1.586206897,1.401969059,29,
urban,1.583333333,1.100065874,24,
urchin,3.791666667,1.933214639,24,
urethane,3.391304348,1.994062332,23,
urethra,3.652173913,2.16603315,23,
urinal,5.666666667,1.551063216,24,
urinate,3.52173913,2.728128983,23,
urination,4.0,2.336993466,27,
urn,4.791666667,1.768791449,24,
us,3.08,1.913112647,25,
use,1.818181818,1.763015913,22,
usher,4.074074074,1.708033641,27,
uterus,3.708333333,2.196423311,24,
utter,2.666666667,2.098999071,24,
vacant,1.909090909,1.570838142,22,
vacate,1.913043478,1.781547935,23,
vacationer,3.782608696,2.214754691,23,
vaccination,3.083333333,1.976308959,24,
vaccine,4.321428571,2.161165177,28,
vacuum,5.291666667,2.196423311,24,
vagabond,4.130434783,1.890270491,23,
vagina,6.041666667,1.082636342,24,
vaginal,4.36,2.252406121,25,
vagrant,3.043478261,1.664557295,23,
valance,3.260869565,2.115256084,23,
valet,4.625,1.555145736,24,
valley,3.375,2.142986539,24,
value,1.666666667,1.274044115,24,
valve,4.869565217,1.546384282,23,
vamp,1.95,1.468081455,20,
vampire,2.586206897,2.196055577,29,
van,6.28,1.173314394,25,
vane,2.75,1.725763851,24,
vanilla,4.518518519,1.868161794,27,
vanish,1.476190476,1.364516311,21,
vapor,3.24,1.899122604,25,
varicose,2.227272727,1.743882319,22,
variety,1.833333333,1.60614761,24,
varmint,4.05,1.932410548,20,
varnish,3.384615385,1.834708109,26,
vary,1.52,1.262273082,25,
vase,5.36,2.038790491,25,
vasectomy,3.28,2.18936825,25,
vaseline,5.608695652,1.499670583,23,
vault,4.217391304,2.173320077,23,
veal,4.5,2.365425563,22,
veer,2.0,1.516575089,21,
vegan,3.083333333,1.839580923,24,
vegetable,6.391304348,0.891328449,23,
vegetation,4.925925926,1.615452447,27,
vehicle,6.173913043,1.230379613,23,
veil,5.727272727,1.453462801,22,
vein,4.44,1.872609587,25,
velocity,1.916666667,1.501207244,24,
velvet,4.916666667,2.244155049,24,
velvety,2.461538462,2.004610071,26,
vendor,5.0,1.586984095,28,
veneer,3.576923077,1.983392587,26,
venom,3.620689655,1.971471407,29,
vent,3.375,1.837117307,24,
ventilator,4.72,1.620699437,25,
ventricle,3.086956522,1.59296874,23,
ventriloquism,2.125,1.483606065,24,
ventriloquist,3.590909091,1.842852109,22,
venture,2.166666667,1.60614761,24,
venue,3.090909091,1.997834325,22,
venus,1.727272727,1.351606388,22,
veranda,4.666666667,1.685401943,24,
verb,1.608695652,1.373089762,23,
verdict,1.681818182,1.086118631,22,
verge,1.346153846,0.93561991,26,
vermicelli,5.571428571,1.963961012,21,
vermin,3.703703704,1.539600718,27,
vermouth,4.318181818,2.296713255,22,
verse,2.192307692,1.673779693,26,
vertebra,3.869565217,1.961083834,23,
vertebrae,3.772727273,2.389098618,22,
vertically,1.8,1.527525232,25,
vertices,1.761904762,0.94365046,21,
vessel,4.925925926,2.0177277,27,
vest,6.0,1.251086484,24,
vestibule,3.6,1.984147702,20,
vet,3.8,2.140872096,25,
veterinarian,5.074074074,1.730405153,27,
veto,1.652173913,1.265223504,23,
vibrate,2.782608696,2.173320077,23,
vibrating,2.625,1.837117307,24,
vibration,2.925925926,1.774302158,27,
vibrator,6.464285714,0.692934867,28,
vice,2.32,1.749285568,25,
victim,3.375,1.526932133,24,
videotape,5.44,1.583245612,25,
view,2.115384615,1.632836136,26,
viewfinder,4.916666667,1.717345441,24,
vigil,1.68,0.945163125,25,
villa,4.185185185,1.54514219,27,
village,4.44,1.894729532,25,
villager,4.666666667,1.88048714,24,
vinaigrette,5.363636364,1.619684112,22,
vine,5.0,1.956038588,24,
vinegar,5.291666667,1.627993341,24,
vineyard,4.16,1.748332539,25,
vintage,2.125,1.727337735,24,
vinyl,4.6,2.0,25,
viola,4.458333333,2.042572263,24,
violin,6.043478261,1.460954261,23,
violinist,4.47826087,1.903813523,23,
viper,3.571428571,1.951800146,28,
virgin,4.448275862,2.010440728,29,
virologist,3.4,2.087557122,20,
virus,3.285714286,2.088010623,28,
visa,3.96,2.26347815,25,
vise,3.818181818,2.015094554,22,
vision,2.695652174,2.162380477,23,
visit,2.68,2.174089848,25,
visor,5.041666667,1.517411029,24,
vitamin,5.2,2.081665999,25,
vitamins,5.12,1.855622088,25,
vivid,1.84,1.280624847,25,
vixen,3.4,1.957890021,25,
vocalist,4.269230769,2.030914913,26,
vodka,5.56,1.894729532,25,
voice,2.4,2.061552813,25,
void,1.56,1.293573861,25,
volcanic,2.043478261,1.845837107,23,
volley,2.92,1.777638883,25,
volleyball,6.52,1.004987562,25,
volt,2.47826087,1.410014997,23,
voltage,2.777777778,1.928198309,27,
volume,2.074074074,1.639088066,27,
voluntary,2.2,1.683250823,25,
volunteer,2.888888889,1.928198309,27,
vomit,4.666666667,1.775907135,27,
vomiting,3.166666667,2.296815691,24,
voodoo,1.958333333,1.488482351,24,
vortex,2.0,1.668115312,24,
vote,2.08,1.823915203,25,
voter,4.75,1.621861518,24,
voucher,4.0,2.020725942,25,
vow,1.772727273,1.509708839,22,
vowel,1.96,1.337908816,25,
voyage,2.48,1.782320585,25,
vulture,3.130434783,2.095543926,23,
vulva,5.16,1.724335621,25,
wad,3.56,2.256102835,25,
wadding,2.416666667,1.558055272,24,
waddle,2.045454545,1.557692822,22,
wade,2.416666667,1.954185401,24,
wafer,5.909090909,1.600865567,22,
waffle,6.173913043,0.984062725,23,
wag,1.916666667,1.348643978,24,
wage,2.434782609,1.674028537,23,
wager,2.086956522,1.474419562,23,
wagon,5.375,1.610090465,24,
wail,2.769230769,2.141171498,26,
waist,4.888888889,2.100061049,27,
waistband,5.833333333,1.16718415,24,
waistcoat,6.44,0.820568908,25,
waistline,4.185185185,1.922279037,27,
wait,1.965517241,1.917639148,29,
waiter,4.48,1.805547009,25,
waitress,4.826086957,1.945908853,23,
waive,1.52173913,0.897955517,23,
waiver,2.454545455,1.920497771,22,
wake,2.173913043,1.641844138,23,
walk,3.2,2.516611478,25,
walker,5.181818182,1.967264565,22,
walking,3.5,2.453568829,26,
wall,4.68,2.076053949,25,
wallboard,4.64,1.8,25,
wallet,6.136363636,1.2834275,22,
wallop,1.904761905,1.374945886,21,
wallow,1.571428571,1.207121724,21,
wallpaper,4.875,2.006781979,24,
walnut,5.791666667,1.667572218,24,
walrus,4.875,1.962972458,24,
waltz,4.185185185,2.076184315,27,
wand,5.08,1.730125236,25,
wander,2.5,2.017778127,22,
wane,1.518518519,1.220667231,27,
want,1.4,0.912870929,25,
wanton,2.730769231,2.069931251,26,
war,2.68,1.908751774,25,
warbler,3.5,2.017778127,22,
ward,2.88,2.127596453,25,
warden,4.434782609,1.61881233,23,
ware,2.409090909,1.623021606,22,
warhorse,2.916666667,1.665941871,24,
warlock,2.714285714,2.15779625,28,
warlord,3.24,2.146314671,25,
warm,2.541666667,1.84105751,24,
warmonger,2.409090909,1.563241166,22,
warn,2.458333333,1.99954705,24,
warp,1.913043478,1.504932601,23,
warrant,3.086956522,1.856512945,23,
warrior,3.47826087,1.97414113,23,
wart,4.56,2.161789382,25,
was,1.217391304,0.51843486,23,
wash,2.851851852,1.875011871,27,
washbasin,5.833333333,1.274044115,24,
washboard,5.208333333,1.473805092,24,
washbowl,5.692307692,1.5432234,26,
washcloth,6.192307692,1.357032963,26,
washer,5.518518519,1.868161794,27,
washerwoman,4.55,1.791059669,20,
washing,4.08,2.1,25,
washroom,5.037037037,2.102772556,27,
washstand,4.652173913,1.84904633,23,
washwoman,3.958333333,2.274225461,24,
wasp,3.913043478,1.729767285,23,
waste,4.318181818,1.985335851,22,
wastebasket,6.217391304,1.085295173,23,
wasteland,3.0,1.979057015,25,
wastewater,3.92,1.934769581,25,
watch,5.269230769,2.237099771,26,
watchband,5.923076923,1.572846513,26,
watchdog,4.333333333,1.833662685,24,
watcher,2.5,1.772004515,26,
watchmaker,4.56,2.083266666,25,
watchtower,3.260869565,2.004934624,23,
water,6.192307692,1.020557917,26,
waterbird,3.916666667,2.244155049,24,
watercolor,3.695652174,2.119922439,23,
watercolorist,4.086956522,2.193234297,23,
watercress,4.782608696,1.857577155,23,
watered,2.5,1.817786518,24,
waterfall,4.217391304,1.565436963,23,
waterfowl,3.681818182,1.985335851,22,
waterfront,4.0,1.784708712,28,
waterhole,4.16,1.650252506,25,
waterline,2.608695652,1.827545061,23,
waterlogged,2.269230769,1.801281595,26,
watermark,2.36,1.680277755,25,
watermelon,5.869565217,1.455533261,23,
watermill,3.863636364,2.23170775,22,
watershed,3.8,2.121320344,25,
waterskiing,4.0,2.132007164,23,
waterspout,3.826086957,2.081349517,23,
waterway,3.416666667,1.839580923,24,
waterwheel,3.730769231,2.108225648,26,
waterworks,3.0,1.651445648,23,
watery,1.925925926,1.206582138,27,
watt,1.375,1.013495887,24,
wave,3.72,2.031419865,25,
waved,2.666666667,2.239306311,24,
wax,5.291666667,1.458980188,24,
waxwork,4.3,2.178845663,20,
waxy,2.2,1.683250823,25,
we,2.47826087,2.086091718,23,
weak,1.76,1.45143607,25,
wealth,2.923076923,2.296485609,26,
wean,1.583333333,1.176459932,24,
weapon,5.52173913,1.675208677,23,
weaponry,5.0,1.554563176,25,
wear,2.5,1.793708813,24,
wearer,3.0,2.041241452,25,
wearing,2.666666667,2.014440621,24,
weary,1.6,0.957427108,25,
weasel,4.166666667,2.057154359,24,
weather,2.043478261,1.330695678,23,
weatherman,4.285714286,1.696557361,28,
weave,3.166666667,2.098999071,24,
weaver,3.68,1.651262144,25,
web,4.375,1.906795628,24,
wed,1.84,1.434108318,25,
wedding,3.592592593,2.080296933,27,
wee,1.333333333,0.733799386,27,
weed,5.28,1.671326818,25,
weedy,2.518518519,1.96841151,27,
week,2.090909091,1.743261609,22,
weekend,1.925925926,1.774302158,27,
weep,2.68,1.95192213,25,
weeping,2.75,2.171955641,24,
weigh,2.28,1.791647287,25,
weight,3.47826087,2.428421957,23,
weightless,2.28,1.744515214,25,
weirdo,3.5,1.688742684,28,
welcome,1.4,0.707106781,25,
weld,3.217391304,1.857577155,23,
welder,3.0,1.745743122,22,
welding,3.64,1.776701063,25,
welfare,3.071428571,1.903769583,28,
well,3.259259259,2.194268629,27,
welt,3.347826087,1.695145359,23,
wench,4.956521739,2.055552588,23,
wept,2.125,1.392916864,24,
were,1.541666667,1.318073913,24,
west,1.36,1.036018018,25,
wet,4.035714286,2.168497395,28,
wetness,3.115384615,1.966253759,26,
whack,2.541666667,1.887698545,24,
whale,3.6,1.755942292,25,
whalebone,3.772727273,2.091520709,22,
whaler,3.555555556,1.502135232,27,
whaling,2.291666667,1.82921144,24,
wham,1.88,1.763519209,25,
wharf,3.821428571,1.72247822,28,
what,1.571428571,1.288943622,28,
wheat,4.88,2.185558662,25,
wheel,5.458333333,1.84105751,24,
wheelbarrow,5.5,1.683250823,22,
wheelbase,3.454545455,1.844613077,22,
Wheelchair,6.132791328,1.243156,738,
wheelhouse,4.434782609,1.779327936,23,
wheeze,2.214285714,1.792104967,28,
wheezy,1.8,1.58113883,25,
whelp,2.681818182,2.190593823,22,
when,1.36,0.994987437,25,
where,2.0,1.841549442,24,
whetstone,4.235294118,1.821037196,17,
whey,3.807692308,2.116964445,26,
which,1.166666667,0.481543412,24,
whiff,1.730769231,1.250845868,26,
whimper,1.913043478,1.534839153,23,
whimpering,2.24,1.71464282,25,
whine,2.92,2.361496701,25,
whip,5.0,2.041241452,25,
whipping,3.304347826,2.032347112,23,
whirl,1.833333333,1.434563005,24,
whirlpool,4.565217391,1.97313979,23,
whirlwind,2.04,1.171893055,25,
whirlybird,4.0,1.837117307,17,
whisk,6.0,1.351327849,24,
whisker,4.863636364,1.320009183,22,
whiskered,2.04,1.71949605,25,
whiskers,4.625,2.060234263,24,
whiskey,6.08,1.115048579,25,
whisking,2.636363636,2.059714602,22,
whisky,5.857142857,1.43279798,28,
whisper,2.04,1.813835715,25,
whispered,1.958333333,1.517411029,24,
whisperer,2.8,1.658312395,25,
whispering,2.0,1.59544807,23,
whistle,4.47826087,2.042048108,23,
whistling,2.347826087,1.612696659,23,
white,1.259259259,0.594370552,27,
whitehead,3.782608696,1.857577155,23,
whiten,2.217391304,2.02162225,23,
whiteness,1.826086957,1.850114835,23,
whitetail,3.0,1.817786518,24,
whitewash,2.272727273,1.667099511,22,
whittler,2.772727273,1.797665634,22,
whiz,1.875,1.329023833,24,
who,1.88,1.423610434,25,
whole,1.695652174,1.145536104,23,
wholesaler,3.956521739,2.055552588,23,
whoop,1.72,1.339153962,25,
whopper,3.608695652,2.189627001,23,
whore,4.782608696,2.173320077,23,
whorehouse,3.833333333,2.160246899,24,
why,1.304347826,0.764840008,23,
wick,4.260869565,2.416183905,23,
wicker,4.153846154,1.890868746,26,
wide,2.166666667,1.761093205,24,
widow,3.695652174,1.869243469,23,
widower,4.2,2.061552813,25,
width,1.416666667,1.100065874,24,
wield,2.086956522,1.856512945,23,
wielder,4.217391304,2.275492389,23,
wife,6.357142857,0.9893614,28,
wig,5.913043478,1.504932601,23,
wiggle,2.043478261,1.637022265,23,
wigmaker,4.36,1.955334583,25,
wigwam,4.888888889,1.811365714,18,
wildcat,4.583333333,1.976308959,24,
wilderness,3.68,1.994158135,25,
wildlife,4.44,1.660321254,25,
will,2.37037037,1.964064627,27,
willow,3.727272727,2.25054106,22,
wilt,2.375,1.813296302,24,
win,2.652173913,2.013786475,23,
wince,3.692307692,2.131088563,26,
winch,5.045454545,2.192569111,22,
wind,2.791666667,1.667572218,24,
windbreak,2.75,1.77543626,24,
windbreaker,5.307692308,1.8924953,26,
Windmill,4.082517483,1.910509,715,
window,5.68,1.492201952,25,
windowless,1.454545455,1.335496081,22,
windowpane,5.416666667,1.442120018,24,
windowsill,5.391304348,1.802501556,23,
windpipe,4.217391304,2.02162225,23,
windscreen,3.52173913,1.805787796,23,
windshield,5.708333333,1.267629306,24,
windsock,4.391304348,2.016728459,23,
windstorm,3.5,1.94422221,26,
windy,1.956521739,1.26052878,23,
wine,5.791666667,1.413572922,24,
wineglass,6.416666667,1.017954755,24,
wing,4.48,2.063976744,25,
winged,1.347826087,0.572768052,23,
wingless,1.375,1.279011167,24,
wingman,4.391304348,1.559111939,23,
wingspan,1.68,0.852447457,25,
wink,2.62962963,2.078241641,27,
winking,2.041666667,1.805286119,24,
winter,3.333333333,1.903467469,24,
wintergreen,2.892857143,1.969005873,28,
wintertime,3.607142857,2.199987975,28,
wipe,4.0,2.198484326,25,
wiper,5.125,1.62353613,24,
wiring,4.428571429,1.814112811,28,
wiry,1.652173913,1.191206251,23,
wisdom,2.48,2.063976744,25,
wise,1.36,0.860232527,25,
wish,1.458333333,1.141287094,24,
wishbone,5.458333333,1.817288153,24,
wisp,2.5,1.654719081,22,
wispy,1.375,0.710939366,24,
witch,3.592592593,2.422002656,27,
with,1.6,1.040833,25,
withdraw,1.869565217,1.791503884,23,
wither,1.75,0.98907071,24,
witness,3.826086957,2.124578545,23,
wizard,3.291666667,2.216129934,24,
wobble,1.583333333,1.017954755,24,
wobbling,2.52,1.8734994,25,
wobbly,2.16,1.650252506,25,
woke,1.416666667,0.928611243,24,
wolf,3.391304348,1.924462863,23,
wolfhound,4.346153846,1.958413801,26,
woman,5.333333333,1.857222486,24,
womb,3.142857143,2.189440749,28,
won,2.045454545,1.64685191,22,
wood,5.590909091,1.368318082,22,
woodblock,5.4,1.607275127,25,
woodcarver,4.625,1.526932133,24,
woodcraft,4.296296296,2.162882955,27,
woodcutter,4.44,1.850225212,25,
wooden,3.0,2.179449472,25,
woodpecker,4.833333333,1.926173649,24,
woodpile,5.0,1.44222051,26,
woods,4.409090909,2.062340116,22,
woodshed,5.25,1.847442415,24,
woodsman,3.72,2.245736702,25,
woodwind,4.96,2.009975124,25,
woodwork,5.12,1.763519209,25,
woodworking,4.24,2.203784623,25,
woodworm,3.428571429,1.989256861,21,
woof,1.703703704,1.488799589,27,
woofer,4.166666667,1.632993162,24,
wool,5.392857143,1.707050428,28,
woolen,2.64,1.868154169,25,
woolly,2.72,1.83757086,25,
woozy,1.925925926,1.685365195,27,
work,3.44,2.001665973,25,
workbench,6.208333333,1.020620726,24,
workbook,5.703703704,1.659814976,27,
workbox,5.454545455,1.682607747,22,
workday,1.730769231,1.457606046,26,
worker,5.086956522,1.806881882,23,
workhorse,4.0,1.939071943,26,
workhouse,4.24,2.107130751,25,
workroom,4.703703704,2.053417692,27,
worksheet,4.64,2.07926269,25,
workshop,4.4,2.179449472,25,
world,3.260869565,2.115256084,23,
worm,4.681818182,2.101844171,22,
wormhole,2.25,1.983628647,24,
wormwood,3.954545455,1.70370109,22,
worry,1.68,1.31402689,25,
worship,2.043478261,1.89444789,23,
would,1.44,1.003327796,25,
wound,4.583333333,1.585715218,24,
wounds,4.391304348,1.900696773,23,
wove,1.80952381,1.167006753,21,
woven,2.48,1.758787461,25,
wrangler,3.5,2.041241452,22,
wrap,3.72,2.282542442,25,
wrapper,5.791666667,1.614584794,24,
wrapping,3.307692308,2.222957143,26,
wreak,1.863636364,1.726418107,22,
wreath,5.461538462,1.67882743,26,
wreck,2.791666667,1.473805092,24,
wreckage,3.916666667,1.839580923,24,
wrecker,3.230769231,1.861347733,26,
wren,3.75,1.567329493,24,
wrench,6.181818182,1.592732412,22,
wrestle,3.214285714,2.331064657,28,
wrestler,4.96,1.859211302,25,
wrestling,4.24,2.350177298,25,
wretch,2.653846154,2.189836664,26,
wring,2.818181818,2.038588766,22,
wrinkle,3.52,2.023198787,25,
wrist,6.291666667,0.954584666,24,
wristband,5.583333333,1.742478661,24,
wristlet,5.428571429,1.434274331,21,
wristwatch,6.5,0.834057656,24,
write,3.681818182,2.570646827,22,
writhe,1.761904762,1.48002574,21,
writing,3.217391304,2.109642834,23,
wrong,1.76,1.3,25,
wrote,1.76,1.362595562,25,
wrung,2.333333333,1.74164673,21,
xylophone,5.821428571,1.516662306,28,
yacht,4.88,1.877942136,25,
yachting,2.333333333,1.685401943,24,
yachtsman,4.291666667,1.805286119,24,
yahoo,2.0,1.817786518,24,
yak,3.96,2.188606863,25,
yam,5.259259259,1.677740986,27,
yank,2.625,2.102017664,24,
yap,1.192307692,0.491465626,26,
yard,4.25,2.191882256,24,
yardstick,5.956521739,1.223937791,23,
yarn,6.115384615,1.275207374,26,
yawn,3.333333333,2.565094568,24,
year,1.333333333,0.816496581,24,
yearbook,5.56,1.709775814,25,
yearling,2.652173913,2.058434879,23,
yeast,3.875,1.872280637,24,
yell,2.0,1.549193338,26,
yellow,1.652173913,1.747951935,23,
yellows,2.222222222,1.908147175,27,
yelp,1.75,1.530553035,28,
yen,4.076923077,2.11514684,26,
yes,1.625,1.526932133,24,
yesterday,1.678571429,1.44154165,28,
yeti,2.24,1.87705443,25,
yield,2.821428571,1.656716329,28,
yodel,2.5,2.126438132,24,
yoga,4.44,2.103172207,25,
yogurt,6.347826087,1.30065353,23,
yoke,3.565217391,2.170590346,23,
yolk,4.875,1.825245665,24,
yonder,1.545454545,0.911684612,22,
you,5.52,2.002498439,25,
young,2.56,2.180978374,25,
youngster,5.0,2.166945356,24,
your,2.08,1.891207727,25,
yourself,5.583333333,2.394135347,24,
youth,3.296296296,2.232880424,27,
zebra,4.0,1.936491673,25,
zeppelin,3.708333333,1.988645304,24,
zero,1.321428571,0.818923025,28,
zigzag,2.041666667,1.82921144,24,
zinc,3.64,1.955334583,25,
zing,1.869565217,1.604095549,23,
zip,2.791666667,2.186503396,24,
zipper,6.08,1.222020185,25,
zombie,2.222222222,2.063106943,27,
zoo,4.16,1.675310916,25,
zoologist,4.083333333,2.083405796,24,
zoom,1.68,1.281925635,25,
zucchini,5.923076923,1.163548948,26,
