unit,mean,std,n,individual_ratings
aardvark,3.571428571428572,1.8277470669267508,14,
aback,3.7,1.4181364924121764,10,
abandon,3.8,1.932183566158592,10,
abandoned,4.2,1.5491933384829668,10,
abase,2.5,2.068278940998476,10,
abash,3.5454545454545454,2.583162262175428,11,
abate,2.8,1.6865480854231356,10,
abbey,2.4,1.6465452046971292,10,
abdomen,3.272727272727273,1.6787441193290351,11,
abdominal,3.6,2.0110804171997807,10,
abduct,4.1,2.1317702607092643,10,
abduction,4.1,1.728840330651992,10,
abide,3.2,1.4757295747452437,10,
abiding,3.4,1.577621275493231,10,
ability,3.083333333333333,1.378954368902449,12,
abject,3.3,2.0027758514399734,10,
able,2.9375,1.8786076404259264,16,
ably,3.090909090909091,1.9211738835693897,11,
abnormal,3.090909090909091,2.3001976199685736,11,
abnormality,3.0,1.5811388300841898,9,
aboard,4.0,2.280350850198276,11,
abode,3.4,2.0110804171997807,10,
abolish,3.0,0.9534625892455924,12,
abolition,3.4,2.0110804171997807,10,
abominable,4.0,2.0,11,
abominate,2.727272727272727,1.954016841836789,11,
abomination,4.8,1.932183566158592,10,
abort,3.8,1.932183566158592,10,
abortion,4.461538461538462,1.853617391992597,13,
abound,4.0,1.699673171197595,10,
about,2.0,1.1547005383792517,10,
above,3.8,1.9888578520235063,10,
abrasion,4.7,1.2516655570345725,10,
abrasive,4.0,2.0548046676563256,10,
abridge,3.9,2.378141197564929,10,
abroad,3.4166666666666665,1.880924981991251,12,
abrupt,4.9,1.7919573407620817,10,
abscess,3.647058823529412,2.148871112659745,17,
absence,3.2,1.398411797560202,10,
absent,2.230769230769231,1.2351684199496948,13,
absently,2.7,1.4944341180973264,10,
absinthe,2.5,1.4337208778404378,10,
absolute,3.1,2.0248456731316584,10,
absolutely,4.8,1.4757295747452437,10,
absolution,3.2,1.7511900715418265,10,
absolutism,3.0,1.8856180831641267,10,
absolve,2.8461538461538463,1.4632243987255136,13,
absorb,4.7,1.888562063228706,10,
absorbent,4.454545454545454,1.9679246105293955,11,
abstinence,3.9,2.4698178070456938,10,
abstract,3.2,1.398411797560202,10,
abstracted,2.8,1.8737959096740264,10,
abstraction,2.7,2.057506581601462,10,
abstractionism,3.6,2.3190036174568114,10,
abstractive,3.4375,2.032035104683644,16,
absurd,4.0,2.0,13,
absurdity,3.4444444444444446,2.5055493963954847,9,
abundance,4.4,1.7126976771553504,10,
abundant,3.2,1.5491933384829668,10,
abuse,2.7,1.766981104093143,10,
abusive,4.5,2.3213980461973533,10,
abut,2.6,1.429840705968481,10,
abysmal,3.3,1.8287822299126937,10,
abyss,4.9,1.728840330651992,10,
academic,2.7,1.766981104093143,10,
academy,2.5454545454545454,1.572490786213793,11,
accelerate,4.4,1.577621275493231,10,
accent,3.363636363636364,1.6292775867068985,11,
accept,3.6,2.5473297566057065,10,
acceptable,3.0,2.10818510677892,10,
acceptance,2.7,1.4181364924121764,10,
access,3.2,1.4757295747452437,10,
accessible,4.3,1.766981104093143,10,
accessory,3.9,2.330951164939612,10,
accident,3.7,1.766981104093143,10,
accidental,3.0,1.9436506316151,10,
acclaim,2.3,1.3374935098492586,10,
acclimate,3.75,1.164964745021435,8,
accommodate,2.7,1.70293863659264,10,
accommodating,2.4545454545454546,1.3684762594679063,11,
accommodation,3.090909090909091,1.9211738835693897,11,
accommodative,3.0,1.563471919941143,10,
accompany,4.1,1.7919573407620817,10,
accomplice,2.6,2.0110804171997807,10,
accomplish,3.6,2.065591117977289,10,
accomplished,3.7,2.1628170930011112,10,
accomplishment,3.4545454545454546,2.46429041972071,11,
accord,2.1,1.100504934614612,10,
accordance,2.090909090909091,0.9438798074485388,11,
accordant,2.5,2.1213203435596424,10,
according,2.6,1.429840705968481,10,
accordingly,2.75,1.288057028664069,12,
accordion,3.909090909090909,1.9725387425622571,11,
accordionist,2.0,1.247219128924647,10,
account,3.363636363636364,1.5666989036012806,11,
accountability,3.0,2.0,10,
accountable,3.1818181818181817,1.7215215257545762,11,
accountancy,2.8,1.8737959096740264,10,
accountant,3.8181818181818175,1.7215215257545762,11,
accounting,2.8181818181818183,1.5374122295716148,11,
accrue,3.2666666666666666,1.7511900715418265,15,
accumulate,3.2,1.8135294011647256,10,
accuracy,3.7,1.2516655570345725,10,
accurate,3.1,2.330951164939612,10,
accursed,2.909090909090909,1.9725387425622571,11,
accusation,3.25,1.9598237397554636,12,
accusative,2.9166666666666665,1.831955405041456,12,
accuse,3.875,1.927865832122834,16,
accused,2.923076923076923,1.4411533842457842,13,
accustom,2.8,1.932183566158592,10,
ace,3.9,1.5951314818673863,10,
acetify,3.363636363636364,1.9116865471476892,11,
ache,5.8,1.0327955589886444,10,
achieve,2.636363636363636,1.9632996344280853,11,
achievement,3.5454545454545454,2.0670576365276494,11,
aching,5.2,1.1352924243950937,10,
achy,6.0,1.044465935734187,12,
acid,4.3,2.5841396591085743,10,
acidic,5.1,1.3703203194062976,10,
acidify,4.230769230769231,1.9644272343292228,13,
acidity,4.545454545454546,1.572490786213793,11,
acknowledge,2.6666666666666665,2.015094553763188,12,
acknowledged,2.7,1.3374935098492586,10,
acknowledgment,3.4,2.4129281427805145,10,
acne,2.7,1.946506842754191,10,
acorn,3.0,1.4907119849998598,10,
acoustic,4.3,1.946506842754191,10,
acoustics,2.9,1.3703203194062976,10,
acquaint,2.272727272727273,1.7939291563999449,11,
acquaintance,1.7,0.6749485577105528,10,
acquire,3.6,1.9550504398153572,10,
acquisitive,3.7,2.1628170930011112,10,
acquit,2.909090909090909,1.2210278829367869,11,
acre,3.1818181818181817,1.7215215257545762,11,
acrid,3.9,1.9692073983655909,10,
acrobat,4.727272727272728,1.6787441193290351,11,
acrobatic,4.2,1.7511900715418265,10,
acrobatics,4.3,1.888562063228706,10,
acronym,2.727272727272727,2.2401298663653004,11,
across,3.7,1.8287822299126937,10,
acrylic,3.1,2.183269719175042,10,
act,3.0,2.0548046676563256,10,
acting,3.5454545454545454,1.6348477827391985,11,
action,4.4,1.837873166945363,10,
active,4.454545454545454,2.114882330704777,11,
activism,3.0,1.61245154965971,11,
activist,4.5,2.3687784005919825,10,
activity,3.6,1.429840705968481,10,
actor,4.076923076923077,2.139374459257443,13,
actress,3.8181818181818175,2.1825756260978366,11,
actual,2.4,1.07496769977314,10,
actuality,3.25,1.6583123951777,12,
actualization,2.8,1.6865480854231356,10,
actualize,3.357142857142857,1.864945569720998,14,
actually,3.2,1.8135294011647256,10,
acupuncture,3.1,2.5582111805799856,10,
acupuncturist,3.0,1.699673171197595,10,
acute,3.8,2.043961295567452,10,
ad,3.692307692307693,2.3939025107069902,13,
adage,3.1818181818181817,1.8877596148970777,11,
adamant,3.0,1.699673171197595,10,
adapt,3.4,1.837873166945363,10,
adaptable,4.7,1.636391694484477,10,
adaptation,2.7,1.3374935098492586,10,
adapter,3.1818181818181817,1.7215215257545762,11,
add,4.1,2.0248456731316584,10,
addict,2.0,1.558387444947959,15,
addicted,3.2,2.043961295567452,10,
addiction,4.4,2.1186998109427604,10,
addictive,4.4,1.8973665961010275,10,
addition,3.727272727272727,1.7939291563999449,11,
additive,4.454545454545454,1.8090680674665816,11,
address,3.0,1.563471919941143,10,
adept,3.083333333333333,1.5050420310248864,12,
adequacy,2.1666666666666665,1.3371158468430429,12,
adequate,2.8,1.1352924243950937,10,
adhere,3.8,1.932183566158592,10,
adherence,3.5,2.1213203435596424,10,
adhesive,2.7,2.213594362117865,10,
adjective,2.1,1.1972189997378648,10,
adjoin,3.6666666666666665,2.1461734799546397,12,
adjust,2.8,1.932183566158592,10,
adjustable,3.2,1.6193277068654826,10,
adjustment,3.3,1.4944341180973264,10,
administer,4.0,1.5491933384829668,11,
administrable,2.727272727272727,1.9021518914592013,11,
administration,3.1538461538461537,2.034951016861497,13,
admirable,4.3,1.766981104093143,10,
admiral,2.6,1.3498971154211057,10,
admiration,3.5454545454545454,1.8090680674665816,11,
admire,4.0,2.0,11,
admiring,2.4,1.3498971154211057,10,
admissible,2.4,1.07496769977314,10,
admission,3.0,1.8856180831641267,10,
admit,3.5,2.068278940998476,10,
admittance,3.1,1.449137674618944,10,
admittedly,3.090909090909091,1.6403990645294488,11,
admonish,3.6,1.7126976771553504,10,
adolescence,2.3,1.8287822299126937,10,
adolescent,2.9,1.728840330651992,10,
adopt,3.090909090909091,1.3751033019046572,11,
adoptable,3.5,1.509230856356236,10,
adoption,2.9,1.728840330651992,10,
adoptive,2.9,1.5951314818673863,10,
adorable,3.928571428571429,2.302650169304448,14,
adoration,3.3,2.0027758514399734,10,
adore,3.5,1.8408935028645437,10,
adorn,2.9,1.728840330651992,10,
adrenaline,3.4,2.063284482843521,15,
adult,2.6,1.837873166945363,10,
adulterer,3.272727272727273,2.3276988246295565,11,
adulterous,3.636363636363636,2.062654952856986,11,
adultery,3.2,2.201009869229224,10,
advance,4.235294117647059,1.7863864281247313,17,
advanced,2.727272727272727,1.7372915179041823,11,
advancement,3.4,2.6749870196985173,10,
advantage,3.909090909090909,1.868397465987655,11,
advantageous,3.8,2.043961295567452,10,
advent,2.636363636363636,1.2862913567871994,11,
adventure,3.909090909090909,2.21153998175685,11,
adventurer,5.090909090909091,1.2210278829367869,11,
adventuresome,3.6,1.837873166945363,10,
adventurous,3.8333333333333335,2.167249338901664,12,
adverb,2.4,1.6465452046971292,10,
adversary,3.6,1.3498971154211057,10,
adverse,2.8,1.8737959096740264,10,
adversity,2.727272727272727,1.954016841836789,11,
advertise,2.363636363636364,1.2862913567871994,11,
advertisement,4.090909090909091,2.21153998175685,11,
advice,4.1,1.1972189997378648,10,
advisable,3.4,2.065591117977289,10,
advise,2.8181818181818183,1.9908883353006928,11,
advised,3.909090909090909,1.9211738835693897,11,
advisedly,2.7,1.888562063228706,10,
adviser,3.9,1.5951314818673863,10,
advisory,2.7,1.5670212364724212,10,
aerial,3.3076923076923075,2.0970064133034736,13,
aerobic,4.0,1.247219128924647,10,
aerosol,3.7,1.70293863659264,10,
aesthetical,3.9,1.5238839267549948,10,
aesthetically,2.9,2.1317702607092643,10,
aestheticism,3.3,1.8287822299126937,10,
affable,3.4166666666666665,1.5050420310248864,12,
affair,2.7,1.4944341180973264,10,
affect,3.4,1.837873166945363,10,
affecting,3.25,1.864744681524183,12,
affection,3.1,2.0789954839350235,10,
affectionate,3.5384615384615383,1.8980421761815789,13,
affective,3.5454545454545454,2.621588692515909,11,
affiliate,2.6923076923076925,1.8432134703923733,13,
affirmation,3.2,2.0976176963403037,10,
afflict,2.727272727272727,2.2401298663653004,11,
affliction,3.636363636363636,1.9116865471476892,11,
affluent,3.8461538461538463,1.5191090506254998,13,
afford,3.1666666666666665,1.8504708655481243,12,
affordable,4.2,2.14993539954628,10,
affront,2.2,1.3165611772087666,10,
afloat,4.363636363636363,1.689540012709215,11,
afore,2.4545454545454546,1.5075567228888185,11,
afraid,3.6,2.270584848790187,10,
African,4.7,2.6687491868330797,10,
after,2.8,1.7511900715418265,10,
afterbirth,4.454545454545454,2.1616492020508957,11,
afterlife,5.1,1.728840330651992,10,
aftermath,3.117647058823529,1.8331105033922688,17,
afternoon,3.6,2.5473297566057065,10,
aftershave,4.7,1.888562063228706,10,
aftertaste,4.1,1.9692073983655909,10,
again,1.8461538461538465,0.9870962335856492,13,
against,3.0,2.160246899469287,10,
age,3.3,2.057506581601462,10,
ageless,3.5,2.6352313834736494,10,
agency,3.1,1.5951314818673863,10,
agenda,2.5,1.8408935028645437,10,
agent,3.3,1.4181364924121764,10,
agglomerate,2.769230769230769,2.006400016357911,13,
aggravate,4.2,2.14993539954628,10,
aggravation,4.3,1.5670212364724212,10,
aggregate,1.9,0.7378647873726218,10,
aggression,3.3,1.766981104093143,10,
aggressive,3.9166666666666665,1.97522534195852,12,
aggressor,4.1,1.5951314818673863,10,
aggrieve,2.9,1.9692073983655909,10,
aggrieved,2.9,1.286683937707919,10,
agile,3.909090909090909,2.0225995873897262,11,
agility,3.0,1.563471919941143,10,
agitate,3.636363636363636,1.9632996344280853,11,
agitation,3.7,1.946506842754191,10,
agnostic,4.2,2.14993539954628,10,
ago,2.9,2.183269719175042,10,
agonistic,3.2,1.4757295747452437,10,
agonize,4.4,1.429840705968481,10,
agonizing,4.1,1.7919573407620817,10,
agony,3.3,1.5670212364724212,10,
agree,3.8181818181818175,2.315952582337636,11,
agreeable,4.1,2.183269719175042,10,
agreed,3.6,2.0110804171997807,10,
agreement,4.090909090909091,1.9211738835693897,11,
agriculture,3.6,2.1705094128132942,10,
ahead,4.083333333333333,2.1933093855190746,12,
ahem,6.0,1.772810520855837,15,
aid,4.454545454545454,1.6348477827391985,11,
aide,3.4,1.6465452046971292,10,
ailing,2.909090909090909,1.6403990645294488,11,
ailment,4.727272727272728,1.618079669911781,11,
aim,3.857142857142857,1.8752289237539816,14,
aimless,3.0,2.10818510677892,10,
air,3.3,2.406010991015812,10,
airborne,3.8181818181818175,2.1362669223756576,11,
aircraft,3.9,2.5582111805799856,10,
airfield,3.588235294117647,2.265469695488437,17,
airflow,3.8,2.3944379994757297,10,
airlift,4.454545454545454,1.916436086262016,11,
airline,3.1,2.330951164939612,10,
airplane,3.3,2.0027758514399734,10,
airport,4.3,2.057506581601462,10,
airstrip,3.727272727272727,2.2401298663653004,11,
airway,4.6,1.6465452046971292,10,
aisle,3.272727272727273,1.6787441193290351,11,
alarm,4.6,1.429840705968481,10,
alarming,5.1,2.0789954839350235,10,
alas,2.2,1.2292725943057183,10,
albeit,4.0,1.8257418583505536,10,
albino,3.363636363636364,2.1105794120443453,11,
album,2.1,1.3703203194062976,10,
alcohol,3.090909090909091,1.5782614139961386,11,
alcoholic,3.5,1.5811388300841898,10,
alcoholism,4.4,2.5473297566057065,10,
alcove,4.4,1.8973665961010275,10,
ale,2.6,1.577621275493231,10,
alert,4.230769230769231,1.589226549501683,13,
alfalfa,3.2,1.8135294011647256,10,
algae,1.9,1.286683937707919,10,
algebra,2.6,1.776388345929897,10,
alias,2.8,1.6865480854231356,10,
alien,3.9,2.1317702607092643,10,
alienable,3.4545454545454546,2.018099916438052,11,
alienate,4.2,1.7511900715418265,10,
alienation,3.4,2.1705094128132942,10,
align,4.3,2.0027758514399734,10,
alike,4.090909090909091,2.0714509627092528,11,
alive,3.7,1.946506842754191,10,
alkaline,2.4,1.6465452046971292,10,
all,3.4,2.3664319132398464,10,
allegation,2.5454545454545454,1.8090680674665816,11,
allege,2.888888888888889,1.536590742882148,9,
alleged,2.5454545454545454,1.3684762594679063,11,
allegedly,2.6,1.837873166945363,10,
allegiance,2.727272727272727,1.009049958219026,11,
allegorical,2.1,1.1972189997378648,10,
allegory,1.9090909090909087,0.8312094145936335,11,
allergic,3.1,2.2335820757001272,10,
allergy,2.636363636363636,1.5015143870590966,11,
alleviate,3.1,1.9692073983655909,10,
alley,3.363636363636364,2.248231628312673,11,
alliance,3.3,1.888562063228706,10,
allied,3.4,1.776388345929897,10,
allies,3.7,1.888562063228706,10,
alligator,3.5454545454545454,1.8090680674665816,11,
allocable,2.2,1.7511900715418265,10,
allocate,3.333333333333333,2.015094553763188,12,
allow,4.1,2.2335820757001272,10,
allowable,3.8,1.6193277068654826,10,
allowance,3.8,2.043961295567452,10,
allude,3.727272727272727,1.8488325554743508,11,
allure,3.2,1.6193277068654826,10,
alluring,4.1,1.728840330651992,10,
allusion,4.6,1.776388345929897,10,
allusive,2.8,1.8135294011647256,10,
ally,3.9,1.911950719959998,10,
almighty,4.909090909090909,1.9725387425622571,11,
almond,3.083333333333333,2.108783937953269,12,
almost,3.3076923076923075,2.0568833780186058,13,
aloe,4.3,2.359378449224852,10,
aloha,4.2,2.14993539954628,10,
alone,3.3,1.888562063228706,10,
along,2.636363636363636,2.062654952856986,11,
aloof,4.8,1.1352924243950937,10,
aloud,4.5,1.509230856356236,10,
alpaca,3.5454545454545454,2.2074254852038093,11,
alpha,4.454545454545454,2.423371055519,11,
alphabet,2.8,2.3944379994757297,10,
alphabetical,3.0625,2.1437894797142123,16,
already,3.083333333333333,1.781640374554423,12,
also,3.2,1.6193277068654826,10,
altar,2.5,1.6499158227686108,10,
alter,2.9,1.9692073983655909,10,
alteration,2.7,1.3374935098492586,10,
altercation,3.7,1.8287822299126937,10,
alternate,3.9166666666666665,1.781640374554423,12,
alternative,4.2727272727272725,2.2843339988236875,11,
although,2.9,1.728840330651992,10,
altitude,3.1,1.728840330651992,10,
altruism,2.333333333333333,1.6696942198734437,12,
altruistic,2.8,2.043961295567452,10,
aluminum,3.5,2.068278940998476,10,
always,2.6153846153846154,1.894661866862684,13,
am,2.230769230769231,1.8776690404970269,13,
amaretto,2.0,1.61245154965971,11,
amass,3.0,2.0,10,
amateur,2.25,1.6583123951777,12,
amateurish,2.8,2.043961295567452,10,
amateurism,2.090909090909091,1.8140862964338524,11,
amaze,3.5,1.7837651700316894,12,
amazed,3.9,2.1317702607092643,10,
amazement,3.0,1.4907119849998598,10,
amazing,4.545454545454546,2.1616492020508957,11,
ambassador,3.4,1.6465452046971292,10,
amber,3.4545454545454546,2.2074254852038093,11,
ambience,3.7,2.057506581601462,10,
ambient,3.4285714285714284,1.398586413506136,14,
ambiguity,3.3,1.8287822299126937,10,
ambiguous,2.3,1.5670212364724212,10,
ambition,3.363636363636364,1.6292775867068985,11,
ambitious,3.2,1.8737959096740264,10,
amble,2.7,1.946506842754191,10,
ambulance,2.3,1.1595018087284057,10,
ambush,4.2727272727272725,1.2720777563426766,11,
amen,3.0,1.3333333333333333,10,
amendatory,2.0,1.563471919941143,10,
amendment,3.636363636363636,2.157439559882375,11,
amends,3.5,2.315952582337636,12,
America,5.0,2.449489742783178,10,
American,5.090909090909091,2.5081684733903127,11,
Americanize,4.9,1.449137674618944,10,
amiable,2.8,2.0976176963403037,10,
amicable,3.6,1.9550504398153572,10,
amidst,3.6,1.837873166945363,10,
amiss,4.1,1.9692073983655909,10,
ammo,4.1,2.1317702607092643,10,
ammonia,3.2,1.8737959096740264,10,
ammunition,2.5,1.6499158227686108,10,
amnesia,3.0,2.0,10,
amnesty,2.3,1.70293863659264,10,
among,3.3,2.0027758514399734,10,
amongst,2.4545454545454546,1.6348477827391985,11,
amoral,3.5,1.8408935028645437,10,
amorous,3.363636363636364,1.9116865471476892,11,
amount,2.909090909090909,1.4459976109624424,11,
amour,3.3,2.110818693198342,10,
amp,4.909090909090909,1.9725387425622571,11,
amphibian,2.4,1.8973665961010275,10,
amplifier,3.6,1.3498971154211057,10,
amplify,4.3,1.4944341180973264,10,
amplitude,3.3,2.359378449224852,10,
amputate,4.090909090909091,1.5782614139961386,11,
amputee,3.333333333333333,2.188122205883115,12,
amuck,4.846153846153846,1.6756169931378433,13,
amuse,2.583333333333333,1.311372170551507,12,
amused,2.9,1.911950719959998,10,
amusement,3.083333333333333,1.729862492345632,12,
amusing,4.076923076923077,1.8912755158683456,13,
an,2.6,2.590581230363393,10,
anaconda,4.5,1.9771421064483223,12,
anagram,2.727272727272727,1.7372915179041823,11,
anal,3.5,2.1213203435596424,10,
analogical,3.3,1.8287822299126937,10,
analogous,2.5,2.0138409955990952,10,
analogy,2.6,1.837873166945363,10,
analyse,3.9166666666666665,1.781640374554423,12,
analysis,3.0,1.563471919941143,10,
analyst,3.8,2.14993539954628,10,
analytic,4.1,1.911950719959998,10,
analyze,3.5454545454545454,2.1616492020508957,11,
anarchic,3.5,2.223610677354389,10,
anarchist,4.6,2.0110804171997807,10,
anarchy,3.272727272727273,1.6787441193290351,11,
anatomy,4.0,2.10818510677892,10,
ancestor,3.4,1.9550504398153572,10,
ancestral,3.2,1.6193277068654826,10,
ancestry,3.5,2.460803843372233,10,
anchor,3.8181818181818175,1.834021909257456,11,
anchorman,2.9,1.5238839267549948,10,
anchovy,2.5,1.243163121016122,12,
ancient,2.8,2.201009869229224,10,
and,2.0,2.0,10,
anecdote,3.0,1.4142135623730951,16,
anemia,2.8,1.5491933384829668,10,
anemic,2.5,2.1213203435596424,10,
aneurysm,2.4545454545454546,1.2135597524338355,11,
anew,3.2,2.201009869229224,10,
angel,3.5,1.7837651700316894,12,
angelic,3.9,1.7919573407620817,10,
anger,3.4,2.3190036174568114,10,
angle,4.6,1.577621275493231,10,
angry,3.9,2.1317702607092643,10,
angst,3.4,1.9550504398153572,10,
anguish,3.9,2.1317702607092643,10,
anguished,3.6,1.429840705968481,10,
angular,3.6,1.9550504398153572,10,
animal,3.083333333333333,1.729862492345632,12,
animate,3.1666666666666665,1.4668044012461754,12,
animated,3.6,1.7126976771553504,10,
animation,4.8,1.8135294011647256,10,
animosity,3.727272727272727,1.555050423035156,11,
ankle,2.727272727272727,1.555050423035156,11,
anklet,4.2,2.485513584307633,10,
annals,2.3,1.1595018087284057,10,
annihilate,4.3,2.110818693198342,10,
annihilation,4.7,2.0027758514399734,10,
anniversary,2.8181818181818183,2.3587361793206894,11,
announce,3.4166666666666665,1.928651593652148,12,
announcer,3.727272727272727,2.195035721390843,11,
annoy,4.818181818181818,1.662418829187267,11,
annoyance,3.5,1.7159383568311668,10,
annoyed,3.9,1.911950719959998,10,
annoying,4.727272727272728,1.8488325554743508,11,
annual,3.0,1.8257418583505536,10,
anoint,2.75,1.6583123951777,12,
anomaly,3.6,1.2649110640673518,10,
anorexia,3.1,2.2335820757001272,10,
anorexic,2.75,2.137330535547045,12,
another,3.6,1.8973665961010275,10,
answer,4.2,1.8737959096740264,10,
answerable,2.909090909090909,1.7580981459830651,11,
ant,4.363636363636363,2.5009089256799126,11,
antagonist,3.636363636363636,1.9116865471476892,11,
antagonistic,1.8,1.3165611772087666,10,
antagonize,4.454545454545454,2.114882330704777,11,
antelope,2.7,2.213594362117865,10,
antenna,3.75,2.0943647333651407,12,
anthem,3.4545454545454546,1.4396969378057567,11,
anthill,3.272727272727273,1.9021518914592013,11,
anthrax,3.3,2.496664441476534,10,
antibody,2.7,1.70293863659264,10,
antic,3.2666666666666666,1.4375905768565218,15,
anticipate,3.636363636363636,2.013590190318143,11,
anticipation,3.0,1.3333333333333333,10,
anticipative,3.6,2.4129281427805145,10,
anticipatory,3.0,1.3416407864998738,11,
antidote,3.1,2.1317702607092643,10,
antifreeze,4.5,1.7159383568311668,10,
antipathy,2.5454545454545454,1.694912172570388,11,
antiquate,2.083333333333333,1.164500152881315,12,
antique,3.4,1.776388345929897,10,
antiseptic,3.5,1.9578900207451215,10,
antler,3.0,1.563471919941143,10,
anus,2.8,1.8737959096740264,10,
anxiety,4.0,1.8257418583505536,10,
anxious,4.454545454545454,1.572490786213793,11,
any,2.727272727272727,2.2843339988236875,11,
anybody,3.7,2.110818693198342,10,
anyone,3.636363636363636,2.1105794120443453,11,
anything,3.5,2.173067468400883,10,
anyway,2.0,1.632993161855452,10,
aorta,3.2,2.043961295567452,10,
apart,3.6666666666666665,1.4142135623730951,9,
apartment,3.6,1.429840705968481,10,
apathetic,3.0,1.8973665961010275,11,
apathy,3.230769230769231,1.3634420996046583,13,
ape,3.0,2.0,10,
apex,3.636363636363636,1.9116865471476892,11,
aphid,2.333333333333333,1.4354811251305468,12,
aphrodisiac,3.2,1.7511900715418265,10,
apocalypse,4.545454545454546,2.114882330704777,11,
apolitical,3.1818181818181817,1.834021909257456,11,
apologetic,2.9,1.66332999331662,10,
apologetics,2.333333333333333,1.6696942198734437,12,
apologize,3.2,2.3944379994757297,10,
apology,3.909090909090909,2.21153998175685,11,
apostrophe,2.6,1.8973665961010275,10,
appal,3.2222222222222223,1.7873008824606014,9,
appall,3.2,1.9888578520235063,10,
appalling,3.909090909090909,2.0225995873897262,11,
apparatus,3.083333333333333,1.378954368902449,12,
apparel,2.8,1.9888578520235063,10,
apparent,2.7,2.1628170930011112,10,
appeal,2.4545454545454546,1.4396969378057567,11,
appear,3.909090909090909,2.0225995873897262,11,
appearance,3.1,1.7919573407620817,10,
appease,3.2,1.9888578520235063,10,
append,2.076923076923077,1.1875421719907089,13,
appendectomy,2.8,1.398411797560202,10,
appendicitis,4.8,1.4757295747452437,10,
appetite,2.9,1.9692073983655909,10,
appetizer,2.636363636363636,2.2033033051637387,11,
appetizing,4.545454545454546,1.3684762594679063,11,
applaud,4.666666666666667,2.0,18,
applause,4.2,1.6865480854231356,10,
apple,4.0,2.0,11,
appliance,2.9,2.1317702607092643,10,
applicable,3.0,1.5275252316519468,13,
application,2.583333333333333,1.831955405041456,12,
applied,2.909090909090909,1.8140862964338524,11,
apply,2.6,1.1737877907772674,10,
appoint,3.3,2.0027758514399734,10,
appointment,3.4545454545454546,1.9679246105293955,11,
appraisal,2.1,0.8755950357709131,10,
appraise,3.8181818181818175,1.4709304414677002,11,
appreciable,4.1,2.282785822435191,10,
appreciate,3.8,1.8135294011647256,10,
appreciation,3.1,1.9692073983655909,10,
appreciative,2.6,1.6465452046971292,10,
appreciatory,2.272727272727273,1.6787441193290351,11,
apprehend,3.5,1.4337208778404378,10,
apprehensible,3.1818181818181817,1.834021909257456,11,
apprehension,4.1,1.911950719959998,10,
apprehensive,3.2,2.5298221281347035,10,
apprentice,4.0,1.247219128924647,10,
approach,2.909090909090909,2.119176512447486,11,
approachable,3.0,1.9436506316151,10,
appropriate,3.363636363636364,2.062654952856986,11,
approval,3.0,1.9436506316151,10,
approve,2.769230769230769,1.4232501627054277,13,
approximate,2.8,1.5491933384829668,10,
apricot,4.0,1.563471919941143,10,
April,3.090909090909091,2.119176512447486,11,
apron,2.6,1.2649110640673518,10,
apt,3.5,2.41522945769824,10,
aptitude,2.8,1.7511900715418265,10,
aqua,4.0,1.9436506316151,10,
aquamarine,4.090909090909091,2.0714509627092528,11,
aquarium,3.0,1.8856180831641267,10,
aquatic,4.8,1.7511900715418265,10,
aqueduct,2.9,1.3703203194062976,10,
arachnid,3.090909090909091,1.9211738835693897,11,
arbitrary,1.9166666666666667,1.311372170551507,12,
arbitrate,2.769230769230769,1.8776690404970269,13,
arbitration,1.9,1.100504934614612,10,
arc,4.5,2.173067468400883,10,
arcade,3.3,2.057506581601462,10,
arch,4.9,1.286683937707919,10,
archaic,2.4545454545454546,1.5075567228888185,11,
arched,4.3,1.636391694484477,10,
archer,3.3,1.70293863659264,10,
archery,3.2,1.1352924243950937,10,
archetypal,2.0,1.1547005383792517,10,
architect,4.5,1.5811388300841898,10,
architectural,4.363636363636363,1.026910636104941,11,
architecture,3.7,2.0027758514399734,10,
archive,2.909090909090909,1.5782614139961386,11,
archway,3.9,1.911950719959998,10,
arctic,4.6,2.065591117977289,10,
ardent,2.583333333333333,1.6764862244009229,12,
arduous,3.230769230769231,1.9644272343292228,13,
are,1.3636363636363635,0.674199862463242,11,
area,2.4,1.07496769977314,10,
arena,3.8666666666666663,1.5976172734359604,15,
areola,2.9,2.0789954839350235,10,
arf,5.5,1.7795130420052183,10,
arguable,3.0,1.699673171197595,10,
argue,3.8,1.6193277068654826,10,
argument,4.181818181818182,1.4012980994907414,11,
argumentative,3.9,1.728840330651992,10,
arise,5.181818181818182,1.7786613965666325,11,
aristocracy,4.230769230769231,2.27866357593825,13,
aristocrat,4.2,2.0976176963403037,10,
aristocratic,2.6,1.3498971154211057,10,
ark,3.636363636363636,2.2033033051637387,11,
arm,4.9,2.5582111805799856,10,
armadillo,3.4,2.3664319132398464,10,
armchair,4.3,2.7908580918579307,10,
armed,4.0,1.8439088914585773,11,
armor,3.9,2.1317702607092643,10,
armpit,3.4,2.1705094128132942,10,
armrest,3.8,1.8737959096740264,10,
army,4.8,2.2997584414213788,10,
aroma,3.8,1.8737959096740264,10,
aromatic,4.642857142857143,1.336306209562122,14,
arose,3.7142857142857135,2.198900824313101,14,
around,4.111111111111111,1.6158932858054431,9,
arouse,5.0,1.6733200530681511,11,
arrange,4.142857142857143,1.6574838603294897,14,
arrangement,3.5,1.7159383568311668,10,
array,3.4,1.837873166945363,10,
arrest,3.3,2.0027758514399734,10,
arresting,3.25,1.712255291076124,12,
arrival,3.363636363636364,2.292279532375024,11,
arrive,2.8181818181818183,1.4012980994907414,11,
arrogance,3.6,1.837873166945363,10,
arrogant,4.4,1.6465452046971292,10,
arrow,3.7,2.496664441476534,10,
arrowhead,4.2,1.9888578520235063,10,
arsenal,3.3,2.311805451253293,10,
arsenic,3.3846153846153846,2.103111248383433,13,
arson,2.3,1.3374935098492586,10,
arsonist,2.6666666666666665,2.103388319888276,12,
art,4.1,2.4244128727957577,10,
artful,3.9166666666666665,2.2343733444579583,12,
arthritis,3.6,2.4129281427805145,10,
artichoke,1.9,1.286683937707919,10,
article,1.5833333333333333,0.90033663737852,12,
articulate,3.8181818181818175,2.315952582337636,11,
artifact,3.5384615384615383,1.5607361839521232,13,
artifice,2.8,1.8135294011647256,10,
artificial,2.6666666666666665,1.7320508075688772,9,
artillery,2.0,1.4142135623730951,10,
artisan,3.909090909090909,1.513574937328539,11,
artist,3.5,2.068278940998476,10,
artiste,3.9,1.7919573407620817,10,
artistic,4.0,2.04494943258218,12,
artistry,3.25,1.6583123951777,12,
artless,4.3,2.263232692902394,10,
arty,4.461538461538462,2.6961511028187517,13,
as,2.5,1.5811388300841898,10,
ascend,4.4,1.07496769977314,10,
ascertain,2.1,0.9944289260117531,10,
asexualize,3.8181818181818175,1.5374122295716148,11,
ash,4.6,2.1705094128132942,10,
ashamed,2.6,1.505545305418162,10,
ashtray,4.454545454545454,2.2962419891481978,11,
aside,2.8,1.6865480854231356,10,
ask,2.8,2.201009869229224,10,
asleep,3.5,1.509230856356236,10,
asparagus,3.2,2.485513584307633,10,
aspect,2.5454545454545454,1.572490786213793,11,
aspen,3.25,2.220769727328383,12,
asphalt,2.764705882352941,2.107409896196806,17,
asphyxia,3.0,1.8397324220156,14,
asphyxiate,4.066666666666666,2.250925735484551,15,
aspiration,4.5,1.6499158227686108,10,
aspire,3.0,1.7638342073763935,10,
aspirin,2.7,2.057506581601462,10,
ass,4.0,2.5298221281347035,11,
assailant,3.7222222222222223,2.21772420593607,18,
assassin,2.909090909090909,1.9211738835693897,11,
assassinate,4.1,1.5238839267549948,10,
assault,4.5,0.97182531580755,10,
assemble,3.083333333333333,2.0207259421636903,12,
assent,4.2,1.5491933384829668,10,
assert,3.636363636363636,1.2862913567871994,11,
asserted,3.9,1.728840330651992,10,
assertion,3.7,2.1628170930011112,10,
assertive,3.5,1.90029237516523,10,
assess,2.9,1.5951314818673863,10,
assessment,5.0,1.632993161855452,10,
asset,3.0,2.1908902300206643,11,
assign,2.7,2.0027758514399734,10,
assignment,4.222222222222222,2.10818510677892,9,
assimilate,3.5454545454545454,1.8635254955935727,11,
assimilative,3.0,1.632993161855452,10,
assist,2.8,1.6865480854231356,10,
associable,2.3,1.5670212364724212,10,
associate,3.3,1.766981104093143,10,
association,2.7,1.766981104093143,10,
assumable,2.8,1.4757295747452437,10,
assume,3.1,1.286683937707919,10,
assuming,2.4,1.07496769977314,10,
assumptive,3.272727272727273,1.4206272622267313,11,
assurance,2.4545454545454546,1.572490786213793,11,
assure,4.0,1.563471919941143,10,
assured,2.727272727272727,1.555050423035156,11,
asteroid,5.0,2.0,11,
asthma,2.8181818181818183,1.1677484162422844,11,
asthmatic,2.5454545454545454,1.752919642404429,11,
astonish,4.0,1.632993161855452,10,
astonishing,4.0,1.247219128924647,10,
astonishment,4.0,1.699673171197595,10,
astound,3.7,1.946506842754191,10,
astounding,3.727272727272727,1.555050423035156,11,
astringent,3.9,2.0248456731316584,10,
astronaut,4.5,2.0138409955990952,10,
astronomical,5.3,1.636391694484477,10,
asylum,2.9,1.9692073983655909,10,
asymmetric,3.0,1.8973665961010275,11,
at,2.8,2.043961295567452,10,
atchoo,5.2,2.699794230842212,10,
ate,2.3,2.057506581601462,10,
atheistic,2.636363636363636,1.8586407545691703,11,
athlete,3.3,1.8287822299126937,10,
athletic,2.636363636363636,1.689540012709215,11,
athletics,2.6153846153846154,1.894661866862684,13,
atlas,2.636363636363636,1.8586407545691703,11,
atmosphere,4.3,2.110818693198342,10,
atom,2.9,2.330951164939612,10,
atomic,4.0,2.0,10,
atone,3.4,1.577621275493231,10,
atonement,2.466666666666667,1.4074631010979937,15,
atrium,2.833333333333333,1.8989630344113089,12,
atrocious,3.25,1.6025547785276542,12,
atrocity,3.6,2.4129281427805145,10,
attach,3.6,1.505545305418162,10,
attack,4.1,1.9692073983655909,10,
attainable,2.8,2.007130147392398,15,
attempt,3.1818181818181817,2.1825756260978366,11,
attend,2.9,2.282785822435191,10,
attendance,2.9,1.5951314818673863,10,
attendant,4.7,2.1628170930011112,10,
attention,4.1,1.66332999331662,10,
attentive,2.8,1.932183566158592,10,
attest,3.4,1.837873166945363,10,
attic,2.8181818181818183,1.834021909257456,11,
attire,3.090909090909091,1.4459976109624424,11,
attitude,2.8,1.2292725943057183,10,
attorney,1.9090909090909087,1.3751033019046572,11,
attract,3.8333333333333335,1.7494587907710375,12,
attraction,3.7,1.3374935098492586,10,
attractive,3.9,1.7919573407620817,10,
attribute,3.5,1.35400640077266,10,
attributive,2.636363636363636,1.689540012709215,11,
attunement,3.3,1.8287822299126937,10,
auction,3.8,1.8737959096740264,10,
auctioneer,3.1666666666666665,2.0375267241229382,12,
audacious,3.4166666666666665,1.2401124093721456,12,
audacity,1.8461538461538465,1.281025230440697,13,
audible,4.090909090909091,2.0714509627092528,11,
audience,3.090909090909091,1.9725387425622571,11,
audio,3.3,1.766981104093143,10,
audit,3.272727272727273,2.004540300962248,11,
audition,4.0,2.160246899469287,10,
auditor,4.888888888888889,1.4529663145135578,9,
auditorium,3.9,1.7919573407620817,10,
auditory,4.4,2.1186998109427604,10,
augmentation,3.8,1.8737959096740264,10,
august,2.5,1.9578900207451215,10,
aunt,3.333333333333333,2.229281716090851,12,
auntie,2.9166666666666665,1.378954368902449,12,
aura,3.363636363636364,2.618118686107537,11,
Aurora,3.375,1.857417562100671,16,
auspicious,2.6,1.3498971154211057,10,
authentic,2.8,1.4757295747452437,10,
authenticity,3.636363636363636,1.9116865471476892,11,
author,2.1,1.5951314818673863,10,
authoritarian,2.9,1.8529256146249728,10,
authoritative,3.0,1.699673171197595,10,
authority,4.2,2.14993539954628,10,
authorize,3.5454545454545454,2.114882330704777,11,
autism,3.4,1.6465452046971292,10,
auto,3.3,2.263232692902394,10,
autocratic,2.6666666666666665,1.2309149097933274,12,
autograph,3.1818181818181817,1.7786613965666325,11,
automobile,4.4,2.221110833194357,10,
autopsy,3.4545454545454546,2.018099916438052,11,
autumn,2.7,1.5670212364724212,10,
avail,2.9,1.3703203194062976,10,
available,3.0,2.1908902300206643,11,
avalanche,3.5294117647058822,2.095162495453024,17,
avenge,3.5,1.35400640077266,10,
avenue,2.8,1.4757295747452437,10,
average,3.3,1.888562063228706,10,
averse,3.0,1.61245154965971,11,
avert,3.5454545454545454,1.572490786213793,11,
aviator,3.3,1.888562063228706,10,
avid,3.1818181818181817,1.9908883353006928,11,
avocado,2.3,2.0027758514399734,10,
avoid,3.6666666666666665,2.348435972120917,12,
avoidance,3.909090909090909,1.513574937328539,11,
avow,2.75,1.4847711791873706,12,
await,3.333333333333333,1.2309149097933274,12,
awake,4.3,2.496664441476534,10,
awaken,3.9,1.449137674618944,10,
awakening,4.909090909090909,2.0714509627092528,11,
award,4.1,1.9692073983655909,10,
aware,2.6153846153846154,1.8501559185854912,13,
awareness,3.363636363636364,1.9632996344280853,11,
away,3.6,2.1186998109427604,10,
awe,4.5,2.273030282830976,10,
awed,5.5,1.90029237516523,10,
awesome,4.2727272727272725,1.348399724926484,11,
awful,3.0,1.563471919941143,10,
awfully,3.769230769230769,2.166173513896726,13,
awhile,2.9,1.66332999331662,10,
awkward,4.727272727272728,1.555050423035156,11,
awning,2.7,1.3374935098492586,10,
awoke,3.6,1.6465452046971292,10,
awry,2.5,1.6499158227686108,10,
ax,4.8,2.0976176963403037,10,
axes,3.4,2.1705094128132942,10,
axis,3.2,1.932183566158592,10,
aye,4.7,2.263232692902394,10,
azure,2.2,1.3165611772087666,10,
baa,4.6,2.6331223544175333,10,
babble,5.846153846153846,1.405118847058488,13,
babbling,6.090909090909091,1.136181803634036,11,
babe,3.8333333333333335,2.124888588879783,12,
baboon,4.0,2.280350850198276,11,
baby,4.181818181818182,2.1362669223756576,11,
bachelor,2.9,1.911950719959998,10,
bachelorism,4.5,2.3213980461973533,10,
back,3.2,2.699794230842212,10,
backache,4.666666666666667,2.23606797749979,9,
backbone,4.8,1.6865480854231356,10,
backdrop,2.727272727272727,1.555050423035156,11,
backed,4.5,1.509230856356236,10,
backer,2.4,1.505545305418162,10,
backfire,3.8,1.398411797560202,10,
background,3.9,2.5582111805799856,10,
backhand,4.0,1.9436506316151,10,
backing,4.1,2.0248456731316584,10,
backlash,4.2727272727272725,1.555050423035156,11,
backpack,5.0,2.10818510677892,10,
backside,4.5,1.9578900207451215,10,
backstroke,4.8,2.2997584414213788,10,
backtrack,4.857142857142857,1.167320591199077,14,
backup,3.636363636363636,2.013590190318143,11,
backward,4.3,2.263232692902394,10,
backwash,4.615384615384615,2.142368686697878,13,
backyard,4.8,2.485513584307633,10,
bacon,3.909090909090909,2.165850662190053,11,
bacteria,4.4,2.065591117977289,10,
bad,4.4,1.8973665961010275,10,
badge,4.0,1.4907119849998598,10,
badger,4.4,1.776388345929897,10,
badly,3.7,1.888562063228706,10,
badminton,3.0,1.699673171197595,10,
baffle,3.9,2.1317702607092643,10,
bag,3.727272727272727,1.9021518914592013,11,
bagel,3.7,1.888562063228706,10,
baggage,3.571428571428572,2.027286390693261,14,
Baggie,3.5,1.5811388300841898,10,
baggy,5.571428571428571,1.0894095588038444,14,
bagpipe,5.181818181818182,1.7786613965666325,11,
baguette,2.8,2.2997584414213788,10,
bail,2.8,1.5491933384829668,10,
bailiff,2.25,1.3568010505999362,12,
bait,4.3,2.213594362117865,10,
bake,4.909090909090909,2.0714509627092528,11,
baker,4.307692307692308,1.887883090687176,13,
bakery,4.090909090909091,2.4271195048676715,11,
balance,4.9,1.66332999331662,10,
balcony,1.5454545454545454,1.5075567228888185,11,
bald,4.6,1.837873166945363,10,
bale,3.272727272727273,1.7939291563999449,11,
balk,4.8,1.932183566158592,10,
ball,3.3,2.110818693198342,10,
ballad,4.0,1.8856180831641267,10,
ballerina,3.2,2.3475755815545347,10,
ballet,3.4615384615384617,1.713446070320696,13,
balloon,4.5,1.243163121016122,12,
ballot,3.4545454545454546,2.2074254852038093,11,
ballpoint,4.909090909090909,2.119176512447486,11,
ballroom,4.3,2.110818693198342,10,
balm,4.2,1.398411797560202,10,
balmy,4.769230769230769,1.832750490103429,13,
bamboo,1.9,1.286683937707919,10,
ban,4.5,1.6499158227686108,10,
banana,3.1,1.911950719959998,10,
band,4.1,2.0248456731316584,10,
bandage,2.8,1.7511900715418265,10,
bandanna,4.2727272727272725,2.101947149236112,11,
banded,3.8,1.3201731488169053,15,
bandit,3.0,1.9436506316151,10,
bandwagon,3.636363636363636,2.292279532375024,11,
bang,6.75,0.4522670168666454,12,
banger,5.090909090909091,1.6403990645294488,11,
banish,3.7,2.213594362117865,10,
banister,1.6,1.2649110640673518,10,
banjo,4.454545454545454,1.3684762594679063,11,
bank,3.8,2.0976176963403037,10,
banker,4.636363636363637,1.9632996344280853,11,
banking,4.307692307692308,2.250356097177192,13,
bankrupt,3.2,1.8737959096740264,10,
bankruptcy,2.9,1.728840330651992,10,
banner,3.8181818181818175,2.4420557658735733,11,
Banning,4.6,1.9550504398153572,10,
banquet,3.583333333333333,2.0652243256245835,12,
banshee,4.5,2.068278940998476,10,
banter,4.0,1.5275252316519468,13,
baptism,3.9,2.183269719175042,10,
baptize,3.727272727272727,1.8488325554743508,11,
bar,3.2,1.8737959096740264,10,
barbarian,3.8461538461538463,1.7722938923964169,13,
barbaric,4.230769230769231,2.047512562185564,13,
barbarous,3.1,2.0248456731316584,10,
barbecue,3.3,2.5407785333546005,10,
barbed,4.3,2.263232692902394,10,
barbell,4.363636363636363,2.248231628312673,11,
barber,3.8,2.043961295567452,10,
bard,2.625,1.3102162671355695,16,
bare,3.6,1.776388345929897,10,
barefoot,4.75,1.6025547785276542,12,
barely,2.4,2.1705094128132942,10,
barf,6.1,0.8755950357709131,10,
bargain,2.5,1.4337208778404378,10,
barge,5.1875,1.7594980344783944,16,
barista,3.4166666666666665,2.4293034292807376,12,
bark,6.1,1.449137674618944,10,
Barking,6.4,0.966091783079296,10,
barley,3.3846153846153846,1.5021352323976216,13,
barn,4.545454545454546,1.8635254955935727,11,
barnacle,2.6,1.837873166945363,10,
barnyard,5.2,1.6193277068654826,10,
barometer,3.5,2.068278940998476,10,
baron,3.0,1.8856180831641267,10,
barrack,2.9285714285714284,1.7743595036946849,14,
barracuda,3.4166666666666665,1.5050420310248864,12,
barrage,4.1875,1.8337120820892248,16,
barrel,5.0,1.0540925533894598,10,
barren,2.4,1.1737877907772674,10,
barricade,4.0,1.699673171197595,10,
barrier,3.2,1.6865480854231356,10,
barter,2.909090909090909,1.5782614139961386,11,
base,4.363636363636363,2.1105794120443453,11,
baseball,5.0,1.8973665961010275,11,
baseline,3.636363636363636,2.013590190318143,11,
basement,4.1,2.0248456731316584,10,
bases,4.0,1.4770978917519928,12,
bash,6.2,1.2292725943057183,10,
bashful,4.2,2.250925735484551,10,
basic,3.9,1.66332999331662,10,
basically,2.909090909090909,1.9725387425622571,11,
basil,1.6,0.8432740427115678,10,
basin,3.1538461538461537,1.7246329970051526,13,
basis,3.5454545454545454,1.916436086262016,11,
bask,4.1,1.449137674618944,10,
basket,3.909090909090909,2.0225995873897262,11,
basketball,4.4,1.8973665961010275,10,
bass,4.583333333333333,1.6213537179739277,12,
bassinet,2.5,1.7795130420052183,10,
bassoon,3.7,2.5407785333546005,10,
bastard,3.583333333333333,2.5030284687057627,12,
bastardize,3.7,2.6267851073127395,10,
baste,4.545454545454546,1.4396969378057567,11,
bat,3.636363636363636,1.9632996344280853,11,
batch,3.3,1.888562063228706,10,
bath,4.1,2.4244128727957577,10,
bathe,3.6,1.9550504398153572,10,
bathrobe,3.363636363636364,2.5796405669289384,11,
bathroom,5.0,1.8973665961010275,11,
bathtub,4.0,2.335496832484569,12,
baton,3.333333333333333,1.7232808737106582,12,
bats,3.083333333333333,1.4433756729740643,12,
batter,4.3,2.057506581601462,10,
battery,3.1818181818181817,1.7786613965666325,11,
batting,4.4,1.3498971154211057,10,
battle,3.363636363636364,2.062654952856986,11,
battlefield,3.0,2.23606797749979,11,
battlement,2.6,1.6465452046971292,10,
battleship,5.2,1.8135294011647256,10,
bauble,4.9,2.282785822435191,10,
bawl,3.909090909090909,2.0225995873897262,11,
bay,3.909090909090909,2.256304299271065,11,
bayonet,3.25,1.864744681524183,12,
bayou,2.933333333333333,1.486446705914413,15,
bazaar,3.5,1.834021909257456,12,
bazooka,5.363636363636363,1.2862913567871994,11,
be,3.0,1.8856180831641267,10,
beach,3.5384615384615383,2.1061570302086774,13,
beacon,3.272727272727273,1.618079669911781,11,
bead,3.7,1.8287822299126937,10,
beaded,3.888888888888889,1.6158932858054431,9,
beagle,4.1,1.286683937707919,10,
beak,4.0,2.3570226039551585,10,
beaker,2.636363636363636,1.2862913567871994,11,
beam,5.0,1.4142135623730951,10,
bean,3.6,1.776388345929897,10,
beanie,3.3076923076923075,1.702185623672077,13,
beanstalk,3.6666666666666665,2.309401076758503,12,
bear,3.909090909090909,1.7002673586554236,11,
bearable,3.3,1.0593499054713802,10,
beard,4.9,2.183269719175042,10,
bearded,3.5,1.9578900207451215,10,
beardless,4.3,2.6687491868330797,10,
bearer,3.5,1.6787441193290351,12,
bearing,3.1,1.449137674618944,10,
beast,4.4,1.776388345929897,10,
beastly,5.0,0.816496580927726,10,
beat,4.583333333333333,1.97522534195852,12,
beaten,4.363636363636363,1.5015143870590966,11,
beater,4.363636363636363,1.9632996344280853,11,
beau,3.333333333333333,2.059714602177749,12,
beautician,2.5454545454545454,1.3684762594679063,11,
beautiful,4.545454545454546,2.2074254852038093,11,
beauty,3.9,2.1317702607092643,10,
beaver,3.090909090909091,1.9211738835693897,11,
became,3.4545454545454546,2.0670576365276494,11,
because,3.5454545454545454,2.339386088854781,11,
become,3.272727272727273,2.004540300962248,11,
becoming,3.3,2.110818693198342,10,
bed,3.0,1.7320508075688772,11,
bedbug,5.230769230769231,2.047512562185564,13,
bedding,3.769230769230769,1.9644272343292228,13,
bedpost,3.7,2.5407785333546005,10,
bedrock,4.2,1.5491933384829668,10,
bedroom,4.307692307692308,2.015961945102775,13,
bedside,4.4,2.1705094128132942,10,
bedspread,4.0,2.211083193570267,10,
bedtime,3.8181818181818175,2.638870281699418,11,
bee,4.5,2.273030282830976,10,
beech,3.357142857142857,1.8232322463624384,14,
beef,4.090909090909091,1.9725387425622571,11,
beehive,4.3,2.311805451253293,10,
been,2.8,1.6193277068654826,10,
beep,6.0,1.8856180831641267,10,
beeper,5.7,1.5670212364724212,10,
beer,3.272727272727273,1.7372915179041823,11,
beet,3.0,2.0976176963403037,11,
beetle,3.9,1.5951314818673863,10,
befall,3.3,1.3374935098492586,10,
befitting,2.909090909090909,1.513574937328539,11,
before,3.692307692307693,0.8548504142651103,13,
befriend,3.5,1.0801234497346437,10,
beg,4.8,1.8737959096740264,10,
beggar,4.6,1.837873166945363,10,
begin,2.6,1.837873166945363,10,
beginner,3.5384615384615383,1.7614096918559583,13,
beginning,3.7,2.406010991015812,10,
begun,4.0,1.4142135623730951,11,
behalf,2.4545454545454546,1.1281521496355325,11,
behave,3.0,1.7638342073763935,10,
behavior,2.333333333333333,1.4354811251305468,12,
behind,3.7,2.057506581601462,10,
behold,4.9,2.0789954839350235,10,
beholden,1.8,1.932183566158592,10,
behoof,3.2142857142857144,2.3592231912080863,14,
beige,2.7,1.5670212364724212,10,
being,2.7,2.057506581601462,10,
belated,2.7,1.2516655570345725,10,
belch,5.5,1.7795130420052183,10,
belief,3.1,1.5238839267549948,10,
believe,3.0,2.0548046676563256,10,
belittle,3.4,1.7126976771553504,10,
bell,4.2,2.14993539954628,10,
belle,3.0,1.7888543819998317,11,
belligerent,3.727272727272727,1.9021518914592013,11,
bellow,4.2,2.0976176963403037,10,
belly,4.9,1.8529256146249728,10,
belong,2.5454545454545454,1.8635254955935727,11,
belonging,3.6,2.0110804171997807,10,
beloved,4.818181818181818,1.7215215257545762,11,
below,1.818181818181818,0.873862897505303,11,
belt,3.692307692307693,2.3939025107069902,13,
belted,3.6,2.0110804171997807,10,
bemused,3.6,1.7126976771553504,10,
bench,3.4166666666666665,2.108783937953269,12,
bend,5.2727272727272725,1.4206272622267313,11,
beneath,3.6,2.0110804171997807,10,
beneficent,3.3,1.4944341180973264,10,
beneficial,3.363636363636364,1.3618169680781094,11,
beneficiary,2.9,2.1317702607092643,10,
benefit,3.090909090909091,1.868397465987655,11,
benevolence,2.9,2.0789954839350235,10,
benevolent,2.857142857142857,1.9158104473902609,14,
benign,2.8,1.6193277068654826,10,
bent,3.1,2.282785822435191,10,
bequest,2.5,1.2692955176439846,10,
bereavement,2.7857142857142856,2.1547290184283368,14,
berry,2.4,1.3498971154211057,10,
berserk,4.2,2.0976176963403037,10,
berth,3.0,1.7888543819998317,11,
beside,3.5454545454545454,2.018099916438052,11,
bespoke,2.4,1.776388345929897,10,
bespoken,3.909090909090909,1.6403990645294488,11,
best,3.6,2.221110833194357,10,
bestow,3.6,1.837873166945363,10,
bet,3.1,2.2335820757001272,10,
beta,2.2,1.3165611772087666,10,
betray,3.1818181818181817,1.9400093720485896,11,
better,2.3,1.3374935098492586,10,
between,2.9,2.0789954839350235,10,
bevel,3.5,1.8257418583505536,16,
beverage,2.111111111111111,1.0540925533894598,9,
beware,5.0,1.8856180831641267,10,
bewilder,4.0,2.0548046676563256,10,
bewildered,4.818181818181818,1.7215215257545762,11,
bewildering,3.0,2.0,10,
bewilderment,4.545454545454546,1.6348477827391985,11,
bewitch,5.0,1.1547005383792517,10,
bewitching,3.75,1.9598237397554636,12,
beyond,5.2,1.8135294011647256,10,
bias,2.8,1.8135294011647256,10,
biased,3.1,2.0248456731316584,10,
bib,4.5,2.0138409955990952,10,
Bible,3.4,2.4585451886114367,10,
Biblical,3.5,1.786703022974913,14,
bicentennial,2.9,1.5951314818673863,10,
bicep,3.272727272727273,1.9021518914592013,11,
biceps,3.9,2.4244128727957577,10,
bicker,5.2,1.8135294011647256,10,
bicycle,3.6,2.3190036174568114,10,
bid,3.333333333333333,1.81497042594606,18,
bidding,3.0,1.8257418583505536,10,
bide,3.727272727272727,2.101947149236112,11,
bifocal,3.7,1.636391694484477,10,
big,3.8181818181818175,2.600699206681996,11,
bigamy,3.1818181818181817,2.1825756260978366,11,
bigot,3.1,2.330951164939612,10,
bigoted,2.0,1.4907119849998598,10,
bigotry,2.7,1.4944341180973264,10,
bike,3.272727272727273,2.053821272209882,11,
biker,2.8,1.398411797560202,10,
bikini,3.75,1.807392228230128,16,
bilateral,3.3,2.263232692902394,10,
bile,3.6,1.1737877907772674,10,
bilingual,3.909090909090909,1.9725387425622571,11,
bill,2.5,2.0138409955990952,10,
billboard,3.5,2.068278940998476,10,
billed,3.8,2.2997584414213788,10,
billfold,3.4166666666666665,1.880924981991251,12,
billiard,3.272727272727273,1.489356175728901,11,
billiards,3.1,2.0248456731316584,10,
billing,3.6,1.429840705968481,10,
billion,3.1818181818181817,2.088931871468374,11,
billow,5.0,1.7888543819998317,11,
bimbo,4.3,2.1628170930011112,10,
bin,4.090909090909091,1.9725387425622571,11,
bind,5.111111111111111,1.90029237516523,9,
binder,4.2,1.1352924243950937,10,
binding,4.7,1.3374935098492586,10,
binge,4.666666666666667,1.775250729197189,12,
bingo,4.9,2.378141197564929,10,
binocular,4.416666666666667,2.314316444667973,12,
biological,3.0,1.4832396974191326,11,
biology,4.0,1.8856180831641267,10,
biopsy,3.6,2.3664319132398464,10,
biosphere,3.4,1.8973665961010275,10,
birch,2.7,1.4181364924121764,10,
bird,3.4,1.9550504398153572,10,
birdie,5.2727272727272725,1.1908743922772955,11,
birth,3.4,2.065591117977289,10,
birthday,4.6,2.3190036174568114,10,
birthmark,4.5,2.173067468400883,10,
birthplace,3.1,2.1317702607092643,10,
biscuit,3.272727272727273,2.4936282437809005,11,
bishop,2.363636363636364,1.3618169680781094,11,
bison,2.4,1.9550504398153572,10,
bisque,3.0,2.0548046676563256,10,
bistro,2.4545454545454546,1.694912172570388,11,
bit,4.4,2.0976176963403037,15,
bitch,3.8,1.7511900715418265,10,
bitchy,5.1,1.5951314818673863,10,
bite,5.5,0.5270462766947299,10,
biter,4.6,2.270584848790187,10,
biting,4.909090909090909,1.9725387425622571,11,
bitten,4.5,1.7159383568311668,10,
bitter,4.9,1.449137674618944,10,
bittersweet,4.1,1.8529256146249728,10,
bizarre,3.3,1.8287822299126937,10,
blab,5.5,2.41522945769824,10,
black,3.272727272727273,1.7372915179041823,11,
blackberry,4.727272727272728,2.3276988246295565,11,
blackbird,5.454545454545454,1.916436086262016,11,
blackboard,5.5,1.9578900207451215,10,
blacken,5.090909090909091,1.136181803634036,11,
blackhead,4.8,1.6865480854231356,10,
blackjack,3.4,2.3664319132398464,10,
blacklist,4.4,1.6465452046971292,10,
blackmail,3.2,1.9888578520235063,10,
blackness,4.2,2.485513584307633,10,
blackout,5.1,2.183269719175042,10,
blacksmith,4.083333333333333,1.729862492345632,12,
bladder,3.6,1.6465452046971292,10,
blade,4.5,1.2692955176439846,10,
blah,6.0,1.3333333333333333,10,
blamable,2.5384615384615383,1.8081014266989477,13,
blame,3.4,1.776388345929897,10,
blamed,3.3,2.213594362117865,10,
blameful,3.6,1.776388345929897,10,
blameless,3.25,1.712255291076124,12,
blanch,3.7,2.057506581601462,10,
bland,5.0,2.1908902300206643,11,
blank,4.9,1.911950719959998,10,
blanket,4.3,2.0027758514399734,10,
blankly,3.6,1.577621275493231,10,
blare,4.3,1.636391694484477,10,
blasphemous,2.7,2.057506581601462,10,
blasphemy,4.090909090909091,2.0225995873897262,11,
blast,5.4,1.837873166945363,10,
blat,3.7,2.110818693198342,10,
blatant,3.5,1.8408935028645437,10,
blather,4.1,1.7919573407620817,10,
blaze,5.1,1.5238839267549948,10,
blazer,4.2727272727272725,1.2720777563426766,11,
blazing,5.416666666666667,1.378954368902449,12,
bleach,3.3,2.110818693198342,10,
bleak,4.2,2.043961295567452,10,
bleb,5.2,1.7511900715418265,10,
bleed,5.2,1.8737959096740264,10,
bleeder,5.4,1.429840705968481,10,
bleep,6.588235294117647,0.8702602720890289,17,
bleeping,5.090909090909091,1.9211738835693897,11,
blemish,4.6,1.2649110640673518,10,
blend,4.6,1.9550504398153572,10,
blender,3.7,2.057506581601462,10,
bless,3.8,1.9888578520235063,10,
blessed,3.0,1.9436506316151,10,
blessing,4.230769230769231,2.087815690853567,13,
blew,4.5,1.1677484162422844,12,
blimp,5.461538461538462,1.713446070320696,13,
blind,3.5,1.8408935028645437,10,
blindfold,3.7,2.057506581601462,10,
blinding,4.9,2.0789954839350235,10,
blink,3.9,2.0248456731316584,10,
blinking,3.363636363636364,1.804035879506129,11,
blip,5.7,1.4181364924121764,10,
bliss,3.5,1.5075567228888185,12,
blissful,3.333333333333333,1.497472618255253,12,
blister,4.9,1.5238839267549948,10,
blitz,5.1,1.66332999331662,10,
blizzard,4.944444444444445,2.0138409955990952,18,
bloat,5.545454545454546,1.2933395813657265,11,
bloated,4.0,1.7320508075688772,11,
blob,5.9,1.5951314818673863,10,
bloc,2.25,1.6025547785276542,12,
block,5.3,1.2516655570345725,10,
blockade,3.6,2.3190036174568114,10,
blockage,4.818181818181818,2.0404990476930798,11,
blocking,3.5,2.068278940998476,10,
bloke,4.0,2.0380986614602725,14,
blond,3.8,1.9888578520235063,10,
blonde,4.25,1.864744681524183,12,
blood,5.0,1.563471919941143,10,
bloodbath,3.909090909090909,1.7002673586554236,11,
bloodhound,4.454545454545454,2.504541329810165,11,
bloodless,3.9166666666666665,2.7784342658585555,12,
bloodshed,4.090909090909091,1.136181803634036,11,
bloodshot,4.0,1.7320508075688772,11,
bloodstain,4.090909090909091,2.256304299271065,11,
bloodstream,3.6,1.9550504398153572,10,
bloody,5.5,1.7159383568311668,10,
bloom,5.1,1.3703203194062976,10,
bloomer,5.0,1.1094003924504583,14,
blooming,5.2,1.3165611772087666,10,
blossom,5.4,0.966091783079296,10,
blot,5.4,1.9550504398153572,10,
blotch,5.2,1.5491933384829668,10,
blotchy,4.833333333333333,1.5859229221975182,12,
blotter,3.7,1.4944341180973264,10,
blouse,4.363636363636363,1.689540012709215,11,
blow,5.636363636363637,1.3618169680781094,11,
blower,3.9,1.911950719959998,10,
blowfish,4.9,1.66332999331662,10,
blowing,5.2727272727272725,1.348399724926484,11,
blown,5.3,1.8287822299126937,10,
blowout,4.647058823529412,1.656093916063799,17,
blowtorch,5.2,1.9888578520235063,10,
blubber,6.363636363636363,0.8090398349558905,11,
bludgeon,3.9,2.183269719175042,10,
blue,4.3,2.057506581601462,10,
blueberry,5.8,1.4757295747452437,10,
bluebird,4.916666666666667,1.880924981991251,12,
blueprint,4.545454545454546,1.8635254955935727,11,
blues,5.1,1.8529256146249728,10,
bluff,4.4,1.776388345929897,10,
blunder,4.8,1.9888578520235063,10,
blunt,5.3,1.2516655570345725,10,
blur,5.25,1.9128750375000736,12,
blurb,5.4,2.270584848790187,10,
blurt,5.6,1.3498971154211057,10,
blush,5.545454545454546,1.8090680674665816,11,
bluster,4.2727272727272725,1.7939291563999449,11,
boa,1.9,1.1972189997378648,10,
boar,3.4166666666666665,1.880924981991251,12,
board,4.0,2.04939015319192,11,
boarder,3.1818181818181817,1.7215215257545762,11,
boarding,3.1,1.3703203194062976,10,
boardwalk,4.545454545454546,2.0670576365276494,11,
boast,4.0,1.7320508075688772,11,
boat,4.0,2.0,11,
boating,4.461538461538462,2.366973616786656,13,
bob,5.0,1.6733200530681511,11,
bobbing,6.5,0.7071067811865476,10,
bobcat,3.909090909090909,1.9725387425622571,11,
bodice,3.090909090909091,2.21153998175685,11,
bodily,3.1,1.7919573407620817,10,
body,5.0,2.3570226039551585,10,
bodyguard,5.090909090909091,2.21153998175685,11,
bog,4.5,1.6787441193290351,12,
bogey,4.1,2.378141197564929,10,
boggle,4.8,2.043961295567452,10,
bogus,4.727272727272728,1.954016841836789,11,
boil,3.8181818181818175,1.4709304414677002,11,
boiled,4.0,1.8973665961010275,11,
boiler,5.3,1.766981104093143,10,
boiling,4.090909090909091,1.7580981459830651,11,
bold,4.888888888888889,1.964971020425266,9,
bollocks,3.4375,1.5903353943953669,16,
bologna,4.090909090909091,1.9725387425622571,11,
bolt,4.7,1.766981104093143,10,
bomb,4.3,2.406010991015812,10,
bombard,5.0,1.9436506316151,10,
bombed,5.1,1.8529256146249728,10,
bomber,4.454545454545454,1.9679246105293955,11,
bombshell,4.181818181818182,1.7215215257545762,11,
bonbon,3.8461538461538463,1.908147174886057,13,
bond,4.1,2.4244128727957577,10,
bondage,3.7,1.4944341180973264,10,
bonded,4.3,1.766981104093143,10,
bonding,3.3,2.057506581601462,10,
bone,3.0,2.211083193570267,10,
bonfire,4.181818181818182,1.60113596038449,11,
bong,5.0,2.211083193570267,10,
bongo,4.909090909090909,1.513574937328539,11,
bonk,6.090909090909091,2.0714509627092528,11,
bonkers,5.9,1.5951314818673863,10,
bonnet,3.1,2.0789954839350235,10,
bonobo,4.4,2.0110804171997807,10,
bonsai,4.0,2.0548046676563256,10,
bonus,4.2,2.14993539954628,10,
bony,4.0,2.10818510677892,10,
boo,6.7,0.9486832980505138,10,
boob,3.8,1.9888578520235063,10,
booby,5.727272727272728,1.7939291563999449,11,
booger,5.181818181818182,1.662418829187267,11,
boogie,5.1,1.7919573407620817,10,
book,3.7,1.636391694484477,10,
bookcase,5.0,1.7056057308448835,12,
bookie,3.4,1.5491933384829668,15,
booklet,4.727272727272728,2.053821272209882,11,
bookmark,4.8,2.0976176963403037,10,
bookshelf,3.75,2.050498830661811,12,
bookstore,5.0,2.211083193570267,10,
bookworm,3.9,1.9692073983655909,10,
boom,6.7,0.9486832980505138,10,
boomerang,4.4,2.0110804171997807,10,
boon,4.363636363636363,1.2060453783110543,11,
boorish,4.25,2.0943647333651407,12,
boost,5.4,1.07496769977314,10,
booster,4.0,1.563471919941143,10,
boot,4.5,1.6499158227686108,10,
booted,5.0,1.4907119849998598,10,
booth,3.1,2.0248456731316584,10,
bootie,2.9,1.66332999331662,10,
bootleg,2.6,2.1186998109427604,10,
bootless,3.7,1.946506842754191,10,
boots,4.9,1.5238839267549948,10,
booty,4.7,1.636391694484477,10,
booze,4.9,1.5951314818673863,10,
bop,6.1,0.8755950357709131,10,
border,3.8,2.0976176963403037,10,
borderline,3.2,1.5491933384829668,10,
bore,4.1,1.66332999331662,10,
boredom,4.1,2.183269719175042,10,
boring,2.4545454545454546,1.6348477827391985,11,
born,3.4545454545454546,1.8090680674665816,11,
borough,3.5454545454545454,2.621588692515909,11,
borrow,2.272727272727273,1.1908743922772955,11,
borrowing,3.0,1.6733200530681511,11,
bosom,4.090909090909091,1.5782614139961386,11,
boss,2.9,1.8529256146249728,10,
bossy,4.3,2.0027758514399734,10,
both,3.3,2.110818693198342,10,
bother,4.181818181818182,1.8877596148970777,11,
bothersome,3.909090909090909,2.119176512447486,11,
bottle,3.8,2.2997584414213788,10,
bottleneck,4.2,2.043961295567452,10,
bottom,4.5,1.882937743382544,12,
bottomless,4.1,2.0789954839350235,10,
bouffant,3.615384615384616,1.894661866862684,13,
bought,3.4615384615384617,1.713446070320696,13,
boulder,4.545454545454546,2.339386088854781,11,
boulevard,3.090909090909091,1.5782614139961386,11,
bounce,5.545454545454546,1.2933395813657265,11,
bouncer,4.666666666666667,2.059714602177749,12,
bouncing,5.25,1.288057028664069,12,
bouncy,5.6,1.577621275493231,10,
bound,4.0,1.8257418583505536,10,
boundary,3.4545454545454546,2.018099916438052,11,
bounded,3.9,1.5238839267549948,10,
boundless,3.4,1.6465452046971292,10,
bountiful,3.8,2.14993539954628,10,
bounty,4.0,1.8090680674665816,12,
bouquet,3.0,1.699673171197595,10,
Bourbon,3.2,1.6193277068654826,10,
bout,2.2,0.9189365834726816,10,
boutique,4.5,1.5811388300841898,10,
bow,4.7,1.766981104093143,10,
bowel,3.636363636363636,1.9116865471476892,11,
bowing,4.9,1.8529256146249728,10,
bowl,3.0,2.1908902300206643,11,
bowler,4.4,1.9550504398153572,10,
bowling,4.5,2.273030282830976,10,
bowser,3.4,2.270584848790187,10,
box,4.75,1.815338686155987,12,
boxer,4.222222222222222,1.092906420717,9,
boxing,3.8,1.7511900715418265,10,
boy,3.0,2.10818510677892,10,
boycott,2.727272727272727,1.555050423035156,11,
boyfriend,5.181818181818182,1.9400093720485896,11,
boyish,4.307692307692308,1.887883090687176,13,
boysenberry,3.0,2.0,10,
bra,2.909090909090909,1.7002673586554236,11,
brace,3.8181818181818175,1.7786613965666325,11,
bracelet,3.25,1.4847711791873706,12,
bracket,3.9,1.728840330651992,10,
brackish,3.6,1.6388149028228556,15,
brag,4.6,1.07496769977314,10,
braid,3.7,2.0027758514399734,10,
brain,4.0,2.04939015319192,11,
brainless,4.9,1.7919573407620817,10,
brainstorm,3.6,1.837873166945363,10,
brainwash,4.0,1.632993161855452,10,
brainy,4.727272727272728,1.954016841836789,11,
braise,3.636363636363636,2.1105794120443453,11,
brake,4.4,1.7126976771553504,10,
bran,3.5,2.195035721390843,12,
branch,4.4,1.837873166945363,10,
brand,3.0,2.0,11,
branded,3.272727272727273,2.1489955370316194,11,
brandy,3.5,2.0225995873897262,12,
brash,4.333333333333333,2.269694946796849,12,
brass,3.8181818181818175,2.400757456228422,11,
brassiere,2.3846153846153846,1.7577666482623882,13,
brassy,4.9,1.3703203194062976,10,
brat,4.363636363636363,1.8586407545691703,11,
bratwurst,2.923076923076923,2.253202848596432,13,
brave,3.8,1.9888578520235063,10,
bravery,3.9,2.0789954839350235,10,
brawl,4.4,1.8973665961010275,10,
brawn,4.2,1.8135294011647256,10,
brazen,4.1,1.728840330651992,10,
breach,3.4,2.503331114069145,10,
bread,3.8,2.8205594401741574,10,
break,5.166666666666667,2.167249338901664,12,
breakage,4.818181818181818,1.834021909257456,11,
breakaway,4.3,1.636391694484477,10,
breakdown,4.3,2.213594362117865,10,
breaker,4.6,1.505545305418162,10,
breakfast,3.692307692307693,1.887883090687176,13,
breaking,3.8,2.0976176963403037,10,
breakout,3.9,1.100504934614612,10,
breakthrough,3.8,2.043961295567452,10,
breakup,4.3,2.213594362117865,10,
breast,4.2,1.6193277068654826,10,
breastbone,3.6,2.270584848790187,10,
breath,4.6,2.065591117977289,10,
Breathalyzer,4.2,1.932183566158592,10,
breathe,4.545454545454546,2.0670576365276494,11,
breather,3.9,1.8529256146249728,10,
breathless,5.3,1.3374935098492586,10,
breech,4.181818181818182,1.4709304414677002,11,
breed,4.0,1.4907119849998598,10,
breeder,3.2,1.7511900715418265,10,
breeding,3.4,1.505545305418162,10,
breeze,5.0,1.699673171197595,10,
breezy,5.181818181818182,1.7215215257545762,11,
brethren,2.7,1.4944341180973264,10,
brew,4.0,2.0,10,
brewery,4.3,1.5670212364724212,10,
brewing,4.8,1.7511900715418265,10,
bribe,4.3,1.4944341180973264,10,
bribery,3.4545454545454546,1.752919642404429,11,
brick,5.0,1.7056057308448835,12,
bridal,3.0,1.699673171197595,10,
bride,3.769230769230769,2.24179415327122,13,
bridge,4.454545454545454,1.9679246105293955,11,
bridle,2.5,1.7159383568311668,10,
brief,4.0,2.0548046676563256,10,
briefcase,2.9,2.4244128727957577,10,
briefing,3.4,1.3498971154211057,10,
brig,3.5454545454545454,1.4396969378057567,11,
brigade,3.571428571428572,1.9499225118444583,14,
bright,4.9,1.286683937707919,10,
brighten,5.0,1.8257418583505536,10,
brightness,3.2142857142857144,2.082105865503681,14,
brilliance,4.6,2.1705094128132942,10,
brilliant,4.7,1.70293863659264,10,
brim,4.1,1.66332999331662,10,
brimstone,4.142857142857143,1.9158104473902609,14,
brine,4.071428571428571,1.7304639535412156,14,
bring,3.363636363636364,1.804035879506129,11,
brink,4.0,1.0,11,
briny,3.8125,1.600781059358212,16,
brisk,5.4,0.966091783079296,10,
brisket,3.6,1.7126976771553504,10,
bristle,5.166666666666667,1.6422453217986943,12,
brittle,4.181818181818182,2.315952582337636,11,
broad,3.272727272727273,2.101947149236112,11,
broadcast,4.083333333333333,2.2343733444579583,12,
broaden,4.1,1.3703203194062976,10,
broccoli,3.4615384615384617,2.183856856396676,13,
brochure,2.8,2.0976176963403037,10,
broil,4.181818181818182,2.482667187449088,11,
broiler,3.9166666666666665,2.1933093855190746,12,
broke,3.9,1.5238839267549948,10,
broken,3.9,1.449137674618944,10,
broker,2.8181818181818183,1.7786613965666325,11,
bronchitis,4.25,2.0056737702645644,12,
bronco,3.6,1.577621275493231,10,
brontosaur,4.4,2.270584848790187,10,
brontosaurus,3.1,2.378141197564929,10,
bronze,2.6666666666666665,1.4142135623730951,9,
brooch,2.5,1.4337208778404378,10,
brood,3.5,1.7159383568311668,10,
brooding,4.727272727272728,1.9021518914592013,11,
broody,4.3,2.359378449224852,10,
brook,3.5,1.7795130420052183,10,
broom,3.5,2.223610677354389,10,
broomstick,4.0,1.8856180831641267,10,
broth,3.1,1.66332999331662,10,
brothel,3.0,1.8257418583505536,10,
brother,3.4,1.776388345929897,10,
brotherhood,4.4,2.1705094128132942,10,
brotherly,4.785714285714286,1.7619295117556788,14,
brought,2.8,1.5491933384829668,10,
brow,3.5,1.509230856356236,10,
brown,3.923076923076923,1.9348358440936904,13,
brownie,3.583333333333333,2.274696116900546,12,
browse,3.083333333333333,1.6764862244009229,12,
bruise,4.4,1.992844341996778,15,
brunch,3.4,2.065591117977289,10,
brunette,3.1818181818181817,2.1825756260978366,11,
brunt,4.545454545454546,2.2962419891481978,11,
brush,5.2,1.4757295747452437,10,
brushed,4.8,1.9888578520235063,10,
brutal,5.0,1.632993161855452,10,
brutality,4.3,1.636391694484477,10,
brute,4.1,1.9692073983655909,10,
brutish,4.4,1.8973665961010275,10,
bubble,5.090909090909091,2.21153998175685,11,
bubbly,6.1,1.5238839267549948,10,
bubonic,2.6,1.3498971154211057,10,
buck,3.6,2.065591117977289,10,
bucket,4.4,1.776388345929897,10,
buckle,4.6,2.1705094128132942,10,
bud,5.0,1.4907119849998598,10,
buddy,5.555555555555555,1.6666666666666667,9,
budge,4.7,1.2516655570345725,10,
budget,3.8,1.932183566158592,10,
buff,5.0,1.6733200530681511,11,
buffalo,4.454545454545454,2.2522715805886446,11,
buffer,4.083333333333333,1.928651593652148,12,
buffet,3.5,1.7159383568311668,10,
buffoon,4.923076923076923,2.253202848596432,13,
bug,4.2727272727272725,1.6787441193290351,11,
bugger,4.4,1.6465452046971292,10,
buggy,4.818181818181818,1.662418829187267,11,
bugle,4.454545454545454,1.5075567228888185,11,
build,4.0,1.7638342073763935,10,
builder,4.5,0.97182531580755,10,
building,3.3,2.0027758514399734,10,
buildup,4.090909090909091,1.9725387425622571,11,
built,4.153846153846154,1.6756169931378433,13,
bulb,4.181818181818182,1.662418829187267,11,
bulge,4.8,1.398411797560202,10,
bulimic,3.3,1.888562063228706,10,
bulk,4.181818181818182,1.2504544628399563,11,
bulkhead,3.571428571428572,1.650840611711114,14,
bulky,5.6923076923076925,1.7504578155735615,13,
bull,4.4,1.776388345929897,10,
bulldog,5.2,1.4757295747452437,10,
bulldoze,3.909090909090909,1.6403990645294488,11,
bullet,4.9,1.449137674618944,10,
bulletin,3.0,1.4142135623730951,10,
bulletproof,4.3,2.1628170930011112,10,
bullfrog,3.7,1.4181364924121764,10,
bullish,4.2,1.5491933384829668,10,
bully,3.0,2.160246899469287,10,
bum,5.1,1.449137674618944,10,
bumble,3.8333333333333335,2.0816659994661326,12,
bumblebee,5.1,2.0248456731316584,10,
bummer,4.9,0.9944289260117531,10,
bump,4.4,2.3190036174568114,10,
bumper,5.2,1.1352924243950937,10,
bumpy,5.5,0.8498365855987975,10,
bun,3.0,1.7638342073763935,10,
bunch,3.2,1.6865480854231356,10,
bundle,3.8,1.2292725943057183,10,
bungalow,4.1,1.5951314818673863,10,
bungee,4.909090909090909,1.868397465987655,11,
bungle,3.4166666666666665,1.729862492345632,12,
bunion,4.0,2.0548046676563256,10,
bunk,4.636363636363637,1.5666989036012806,11,
bunker,5.0,1.3333333333333333,10,
bunny,3.5,2.223610677354389,10,
buoy,4.7,2.406010991015812,10,
burden,3.6,1.6465452046971292,10,
burdened,3.4,1.8973665961010275,10,
burdensome,3.9,1.5951314818673863,10,
bureau,2.8181818181818183,1.9400093720485896,11,
bureaucracy,3.909090909090909,1.9211738835693897,11,
bureaucrat,2.3,1.8287822299126937,10,
bureaucratic,2.0,1.3228756555322954,9,
burger,4.7,2.311805451253293,10,
burglar,4.3,1.70293863659264,10,
burglary,3.5,1.8408935028645437,10,
burgle,4.181818181818182,2.400757456228422,11,
burial,5.6,1.429840705968481,10,
burl,3.8,1.4757295747452437,10,
burlap,3.571428571428572,0.8516306272526402,14,
burlesque,3.9,2.330951164939612,10,
burn,5.4,1.429840705968481,10,
burner,3.8,1.8135294011647256,10,
burning,4.4,1.6465452046971292,10,
burnt,5.0,1.563471919941143,10,
burp,5.6,1.2649110640673518,10,
burr,5.0,2.10818510677892,10,
burrito,3.4,1.9550504398153572,10,
burro,3.0,1.4832396974191326,11,
burrow,5.3,1.946506842754191,10,
burst,5.583333333333333,1.729862492345632,12,
bury,4.090909090909091,1.6403990645294488,11,
bus,3.25,2.220769727328383,12,
bush,3.7,2.1628170930011112,10,
bushel,3.933333333333333,1.6676187756655838,15,
bushy,5.5,1.0801234497346437,10,
business,3.4,2.065591117977289,10,
businessman,4.636363636363637,2.5796405669289384,11,
buss,3.090909090909091,1.868397465987655,11,
bust,4.3,1.3374935098492586,10,
buster,4.6,1.6465452046971292,10,
bustle,5.0,1.632993161855452,10,
busy,4.1,1.728840330651992,10,
busybody,3.8181818181818175,1.7786613965666325,11,
but,3.4,1.8973665961010275,10,
butch,4.181818181818182,1.834021909257456,11,
butcher,4.1,2.0248456731316584,10,
butler,2.5454545454545454,1.5075567228888185,11,
butt,4.0,1.9436506316151,10,
butter,3.5,2.195035721390843,12,
buttercup,4.7,2.0027758514399734,10,
butterfly,4.727272727272728,1.7939291563999449,11,
buttermilk,4.416666666666667,2.0652243256245835,12,
butterscotch,2.7,2.213594362117865,10,
buttery,4.5,1.8408935028645437,10,
buttock,4.181818181818182,2.67649703224875,11,
button,4.4,1.3498971154211057,10,
buttons,2.5,1.7159383568311668,10,
buy,3.272727272727273,2.195035721390843,11,
buyer,3.1,2.2335820757001272,10,
buzz,6.727272727272728,0.6466697906828632,11,
buzzard,4.2,2.250925735484551,10,
buzzer,5.3,1.766981104093143,10,
by,3.0,2.6666666666666665,10,
bye,3.7,1.8287822299126937,10,
bypass,3.6666666666666665,1.6696942198734437,12,
cab,3.0,1.6733200530681511,11,
cabana,3.0,2.04939015319192,11,
cabbage,3.6,1.3498971154211057,10,
cabin,3.5454545454545454,1.572490786213793,11,
cabinet,3.363636363636364,2.062654952856986,11,
cable,2.6,1.505545305418162,10,
caboose,4.7,2.110818693198342,10,
cache,3.090909090909091,1.513574937328539,11,
cackle,5.3,2.057506581601462,10,
cactus,4.1,1.5238839267549948,10,
cadaver,2.5454545454545454,1.752919642404429,11,
caddie,2.833333333333333,1.6966991126265962,12,
caddy,2.8,1.398411797560202,10,
cadet,2.363636363636364,1.3618169680781094,11,
Cadillac,4.181818181818182,2.1825756260978366,11,
cafe,3.7,2.0027758514399734,10,
cafeteria,3.363636363636364,2.540579747724022,11,
caffeine,3.909090909090909,1.7002673586554236,11,
cage,4.363636363636363,1.9632996344280853,11,
cagey,4.6,1.505545305418162,10,
cahoot,4.818181818181818,1.9908883353006928,11,
cake,4.3,2.311805451253293,10,
calamari,3.111111111111111,2.5221243250702594,9,
calamity,3.7,1.8287822299126937,10,
calcify,4.357142857142857,2.097879620259204,14,
calcium,2.8181818181818183,2.1825756260978366,11,
calculate,4.5,1.5666989036012806,12,
calculated,3.583333333333333,1.6764862244009229,12,
calculating,4.153846153846154,1.863963243832607,13,
calculator,4.5,2.068278940998476,10,
calculus,3.4615384615384617,1.9839096340048947,13,
calendar,2.2,1.398411797560202,10,
calender,2.1,1.5951314818673863,10,
calf,2.1666666666666665,1.5859229221975182,12,
calibrate,3.3,1.4944341180973264,10,
caliper,3.727272727272727,2.195035721390843,11,
call,5.384615384615385,1.894661866862684,13,
caller,3.9,2.330951164939612,10,
calligraphy,3.4,2.0110804171997807,10,
calling,3.6,1.837873166945363,10,
callous,4.6,2.0110804171997807,10,
callus,3.6,1.8973665961010275,10,
calm,4.75,1.6583123951777,12,
calorie,2.6,1.7126976771553504,10,
calve,2.5,1.509230856356236,10,
calves,2.6,1.577621275493231,10,
calzone,3.0,1.563471919941143,10,
camcorder,2.6,2.1705094128132942,10,
came,2.8461538461538463,2.1152680620571416,13,
camel,2.7,1.70293863659264,10,
cameo,3.8461538461538463,2.230327100305911,13,
camera,2.3,1.5670212364724212,10,
camisole,2.363636363636364,1.3618169680781094,11,
camouflage,3.0,2.449489742783178,10,
camp,3.7,1.70293863659264,10,
campaign,3.5454545454545454,2.018099916438052,11,
camper,4.6,2.3664319132398464,10,
campfire,5.090909090909091,2.256304299271065,11,
campus,4.3,2.057506581601462,10,
can,2.6,2.1186998109427604,10,
canal,4.3,1.4181364924121764,10,
canary,2.7,1.766981104093143,10,
cancan,4.857142857142857,1.9158104473902609,14,
cancel,4.0,2.211083193570267,10,
cancellation,3.4,2.6749870196985173,10,
cancer,2.833333333333333,2.167249338901664,12,
candid,2.8,1.6865480854231356,10,
candidate,2.636363636363636,1.3618169680781094,11,
candle,3.2,1.8737959096740264,10,
candlelight,4.636363636363637,1.747725795010606,11,
candlestick,4.3,2.1628170930011112,10,
candy,4.1,2.282785822435191,10,
cane,2.8,1.6865480854231356,10,
canine,3.2,2.201009869229224,10,
canister,3.9,2.378141197564929,10,
canker,3.3,2.213594362117865,10,
cannabis,2.4545454545454546,1.752919642404429,11,
canned,4.083333333333333,2.0207259421636903,12,
cannibal,2.9,1.728840330651992,10,
cannibalism,3.3,2.6687491868330797,10,
cannon,3.7,1.3374935098492586,10,
cannonball,4.0,2.581988897471611,10,
cannot,2.8,1.6193277068654826,10,
canoe,3.0,1.8257418583505536,10,
canon,3.909090909090909,1.9211738835693897,11,
canonize,2.083333333333333,1.5050420310248864,12,
canopy,3.4545454545454546,1.6348477827391985,11,
cantaloupe,1.8,0.7888106377466155,10,
canteen,2.833333333333333,2.0375267241229382,12,
canvas,3.8,2.3475755815545347,10,
canvass,2.363636363636364,1.026910636104941,11,
canyon,4.4375,1.7876893839068724,16,
cap,4.909090909090909,1.6403990645294488,11,
capability,4.181818181818182,1.7215215257545762,11,
capable,3.7,1.888562063228706,10,
capacity,3.9,1.728840330651992,10,
cape,5.0,1.563471919941143,10,
caper,3.0,2.160246899469287,10,
capital,3.3,1.4944341180973264,10,
capitalism,4.384615384615385,1.8501559185854912,13,
capitalistic,2.1,1.5951314818673863,10,
cappuccino,2.9,1.728840330651992,10,
capsize,3.909090909090909,1.9725387425622571,11,
capsule,4.2,1.5491933384829668,10,
captain,3.5,2.068278940998476,10,
caption,3.2,1.6193277068654826,10,
captivate,3.6,1.9550504398153572,10,
captive,3.909090909090909,1.4459976109624424,11,
captivity,3.7,2.0027758514399734,10,
capture,4.083333333333333,1.6764862244009229,12,
car,3.1,2.4698178070456938,10,
caramel,3.6,1.577621275493231,10,
caramelize,3.8461538461538463,2.0754980866510837,13,
caravan,4.3,2.0027758514399734,10,
carbon,2.636363636363636,1.8586407545691703,11,
carbonate,3.4,1.837873166945363,10,
carbonize,3.7,1.5670212364724212,10,
carburetor,3.909090909090909,2.0714509627092528,11,
carcass,3.0,1.8257418583505536,10,
card,3.6,2.1705094128132942,10,
cardboard,2.9,1.5951314818673863,10,
cardiac,3.3,1.766981104093143,10,
cardigan,3.6,1.837873166945363,10,
cardinal,2.9,1.5951314818673863,10,
cardiovascular,3.363636363636364,1.747725795010606,11,
care,3.5,1.4337208778404378,10,
career,2.7,1.5670212364724212,10,
carefree,3.6,2.0110804171997807,10,
careful,3.4,1.7126976771553504,10,
careless,5.181818181818182,1.7786613965666325,11,
caress,3.4545454545454546,1.4396969378057567,11,
cargo,3.6,2.0110804171997807,10,
caribou,3.2,1.6865480854231356,10,
carnage,3.8,2.201009869229224,10,
carnival,4.454545454545454,1.8635254955935727,11,
carnivore,5.1,1.3703203194062976,10,
carol,3.0,1.7638342073763935,10,
carousal,3.5,1.90029237516523,10,
carousel,4.0,2.04939015319192,11,
carp,3.1818181818181817,1.8877596148970777,11,
carpenter,3.5,2.273030282830976,10,
carpentry,3.4545454545454546,1.572490786213793,11,
carpet,4.363636363636363,2.4605985967941733,11,
carpeting,3.636363636363636,1.5666989036012806,11,
carport,4.181818181818182,2.0404990476930798,11,
carriage,3.0,1.7638342073763935,10,
carrier,4.363636363636363,2.062654952856986,11,
carrot,3.4545454545454546,2.1616492020508957,11,
carry,2.9,2.0789954839350235,10,
carrying,2.636363636363636,1.5015143870590966,11,
cart,3.1666666666666665,1.9462473604038075,12,
cartel,3.5384615384615383,1.7614096918559583,13,
cartilage,2.9,1.66332999331662,10,
carton,3.8,1.7511900715418265,10,
cartoon,2.5,1.6499158227686108,10,
cartridge,3.583333333333333,1.880924981991251,12,
cartwheel,4.5,2.549509756796392,10,
carve,4.2,1.6865480854231356,10,
cascade,4.1,1.911950719959998,10,
case,2.090909090909091,1.4459976109624424,11,
cash,3.75,1.815338686155987,12,
cashew,2.6,1.837873166945363,10,
cashier,4.3,1.8287822299126937,10,
cashmere,3.1818181818181817,1.8877596148970777,11,
casing,2.8,1.6193277068654826,10,
casino,3.1818181818181817,1.4012980994907414,11,
casket,3.1818181818181817,1.7215215257545762,11,
casserole,2.4545454545454546,1.572490786213793,11,
cassette,3.1,1.728840330651992,10,
cast,3.2,1.2292725943057183,10,
castaway,4.111111111111111,1.69148192751537,9,
caste,2.4,1.3498971154211057,10,
castle,3.8,2.0976176963403037,10,
castrate,4.0,1.9069251784911847,12,
casual,3.8,2.485513584307633,10,
casualty,3.3,1.946506842754191,10,
cat,5.3,1.4181364924121764,10,
catacomb,3.909090909090909,1.868397465987655,11,
catalog,3.1,1.449137674618944,10,
catalyst,2.5,1.9578900207451215,10,
catapult,4.0,2.0,11,
catastrophe,3.4,1.7126976771553504,10,
catastrophic,3.7,2.359378449224852,10,
catatonic,3.636363636363636,1.9632996344280853,11,
catch,4.8,2.3944379994757297,10,
catcher,4.0,1.5954480704349312,12,
catching,3.7,1.766981104093143,10,
catchy,4.9,0.9944289260117531,10,
categorical,2.363636363636364,1.747725795010606,11,
categorize,2.9,1.3703203194062976,10,
category,2.3,1.3374935098492586,10,
caterpillar,3.6,2.0110804171997807,10,
catfish,2.6666666666666665,1.556997888323046,12,
cathedral,4.545454545454546,2.114882330704777,11,
catheter,2.1,1.5951314818673863,10,
catsup,2.5,1.786703022974913,14,
cattle,3.4,1.429840705968481,10,
catwalk,3.8181818181818175,1.9400093720485896,11,
caught,4.090909090909091,1.7002673586554236,11,
cauldron,3.7,2.0027758514399734,10,
cauliflower,4.363636363636363,2.377928816122437,11,
caulk,4.25,1.4847711791873706,12,
causality,2.363636363636364,1.1200649331826502,11,
causation,2.8,1.7511900715418265,10,
causative,3.1,1.8529256146249728,10,
cause,2.909090909090909,1.9211738835693897,11,
caution,3.333333333333333,0.8876253645985945,12,
cautious,2.8,1.7511900715418265,10,
cavalry,3.2,2.043961295567452,10,
cave,4.8,2.14993539954628,10,
cavern,3.333333333333333,2.1461734799546397,12,
caviar,3.727272727272727,1.7372915179041823,11,
caving,3.7,1.5670212364724212,10,
cavity,3.5,1.9578900207451215,10,
caw,5.727272727272728,1.4206272622267313,11,
cease,3.727272727272727,1.7939291563999449,11,
cedar,2.6,2.065591117977289,10,
ceiling,2.6,1.776388345929897,10,
celebrate,3.5,2.1105794120443453,12,
celebration,4.846153846153846,2.034951016861497,13,
celebrity,3.6,2.3190036174568114,10,
celery,3.6,2.1186998109427604,10,
celestial,3.727272727272727,1.8488325554743508,11,
celibate,2.5454545454545454,1.5075567228888185,11,
cell,4.2727272727272725,1.7372915179041823,11,
cellar,3.090909090909091,1.7002673586554236,11,
cellist,3.6666666666666665,1.9227505550564008,12,
cello,2.9285714285714284,2.0926349130034314,14,
cellulite,2.8181818181818183,2.1825756260978366,11,
cement,3.9,1.286683937707919,10,
cemetery,3.6,1.577621275493231,10,
censor,3.4,1.776388345929897,10,
censorship,4.2727272727272725,2.101947149236112,11,
censure,2.1,1.5238839267549948,10,
census,3.1,1.7919573407620817,10,
cent,3.4,1.6465452046971292,10,
center,3.0,1.4142135623730951,10,
centered,3.8,1.7511900715418265,10,
centering,4.2,1.4757295747452437,10,
centimeter,2.6,1.3498971154211057,10,
centipede,3.3,1.636391694484477,10,
central,3.9,1.911950719959998,10,
centre,3.2,1.4757295747452437,10,
century,3.3076923076923075,2.323238235187235,13,
ceramic,4.2,1.2071217242444348,15,
ceramics,3.4545454545454546,1.916436086262016,11,
cereal,3.6,2.1705094128132942,10,
cerebellum,1.5,0.97182531580755,10,
cerebral,3.8181818181818175,2.3587361793206894,11,
ceremony,2.4,2.0110804171997807,10,
certain,2.9,1.5951314818673863,10,
certainly,3.090909090909091,2.0714509627092528,11,
certainty,2.8,1.5491933384829668,10,
certificate,2.8,1.9888578520235063,10,
certify,2.3,1.1595018087284057,10,
cervix,3.9,2.1317702607092643,10,
cha-cha,5.9,1.449137674618944,10,
chain,2.8181818181818183,1.4709304414677002,11,
chair,2.8181818181818183,2.3587361793206894,11,
chairman,4.1,1.449137674618944,10,
chairwoman,3.636363636363636,1.9116865471476892,11,
chalet,3.3076923076923075,1.5483655567842811,13,
chalice,3.6,2.221110833194357,10,
chalk,5.0,1.6733200530681511,11,
chalky,4.7,0.9486832980505138,10,
challenge,3.1,1.3703203194062976,10,
challenger,4.363636363636363,2.1105794120443453,11,
challenging,3.8,1.8135294011647256,10,
chamber,3.4,1.9550504398153572,10,
chameleon,2.909090909090909,2.0714509627092528,11,
chamomile,2.9166666666666665,1.880924981991251,12,
champ,3.5,2.0138409955990952,10,
champagne,3.625,1.746424919657298,16,
champion,3.6,1.505545305418162,10,
championship,4.4,1.577621275493231,10,
chance,2.583333333333333,1.378954368902449,12,
chancellor,2.3,1.946506842754191,10,
chandelier,3.636363636363636,1.689540012709215,11,
change,3.272727272727273,1.489356175728901,11,
changeable,3.9,2.64365067451978,10,
changeless,3.2,2.250925735484551,10,
channel,2.2222222222222223,1.092906420717,9,
chant,5.0,1.7888543819998317,11,
chaos,4.363636363636363,2.1105794120443453,11,
chaotic,5.6,1.3498971154211057,10,
chap,3.8333333333333335,2.0375267241229382,12,
chapel,3.8,2.201009869229224,10,
chaperone,3.0,1.8257418583505536,13,
chaplain,2.727272727272727,1.1908743922772955,11,
chaps,4.2,2.0976176963403037,10,
chapter,3.8,1.8737959096740264,10,
char,3.6,2.221110833194357,10,
character,2.7,1.2516655570345725,10,
characteristic,4.3,2.5407785333546005,10,
characterization,3.090909090909091,1.9211738835693897,11,
characterize,2.7,1.4181364924121764,10,
charade,3.2,1.398411797560202,10,
charcoal,2.7,1.4181364924121764,10,
Chardonnay,3.0,2.449489742783178,10,
charge,4.0,1.8973665961010275,11,
charger,4.636363636363637,1.689540012709215,11,
chariot,3.6666666666666665,1.7489492643904123,18,
charisma,3.7,1.636391694484477,10,
charismatic,2.857142857142857,1.4600918230947435,14,
charitable,3.4,1.505545305418162,10,
charity,2.6,1.776388345929897,10,
charlatan,2.5,1.7795130420052183,10,
charm,4.8,2.043961295567452,10,
charming,4.0,2.10818510677892,10,
chart,4.1,1.449137674618944,10,
charter,2.090909090909091,1.9211738835693897,11,
chase,3.272727272727273,2.412090756622109,11,
chaser,4.454545454545454,2.018099916438052,11,
chasing,4.333333333333333,2.1213203435596424,9,
chassis,3.8,1.9712215212183248,15,
chastise,4.2,1.9888578520235063,10,
chastity,3.272727272727273,1.555050423035156,11,
chat,4.4,2.221110833194357,10,
chatter,5.411764705882353,1.5834623270468011,17,
chatterbox,4.785714285714286,1.4769288003552106,14,
chatty,5.5,1.509230856356236,10,
chauffeur,1.8,1.6193277068654826,10,
cheap,2.833333333333333,1.5859229221975182,12,
cheapen,4.6,2.0110804171997807,10,
cheapskate,3.1,1.3703203194062976,10,
cheat,4.0,1.8856180831641267,10,
cheater,3.8461538461538463,1.5191090506254998,13,
check,4.181818181818182,1.7786613965666325,11,
checkbook,3.3,1.946506842754191,10,
checked,4.1,1.8529256146249728,10,
checker,3.0,1.632993161855452,10,
checklist,4.461538461538462,1.9839096340048947,13,
checkmate,3.4,2.4129281427805145,10,
checkout,3.5,1.9771421064483223,12,
checkpoint,4.090909090909091,2.21153998175685,11,
checkup,4.2,2.043961295567452,10,
cheddar,3.5,2.273030282830976,10,
cheek,4.0,1.563471919941143,10,
cheekbone,3.6,2.3664319132398464,10,
cheeky,5.4,1.6465452046971292,10,
cheep,4.9,2.0248456731316584,10,
cheer,5.2727272727272725,1.618079669911781,11,
cheerful,5.1,1.7919573407620817,10,
cheerio,3.4166666666666665,2.274696116900546,12,
cheery,4.833333333333333,1.19341628287971,12,
cheese,3.8461538461538463,2.409915415049314,13,
cheesecake,5.0,2.04939015319192,11,
cheesy,6.0,1.563471919941143,10,
cheetah,3.5,1.35400640077266,10,
chef,2.5,1.8408935028645437,10,
chemical,4.1,1.1972189997378648,10,
chemist,3.2,1.398411797560202,10,
chemistry,4.909090909090909,1.9725387425622571,11,
chemo,3.7,1.946506842754191,10,
cherish,2.5,1.2692955176439846,10,
cherry,3.75,2.0943647333651407,12,
cherub,3.333333333333333,1.9227505550564008,12,
chess,3.5,1.5811388300841898,10,
chessboard,3.8181818181818175,2.3587361793206894,11,
chest,3.615384615384616,1.9806758753205744,13,
chestnut,4.7,1.636391694484477,10,
chew,4.8,2.3944379994757297,10,
chewy,5.2,1.6193277068654826,10,
chic,4.545454545454546,2.1616492020508957,11,
chick,4.0,1.7638342073763935,10,
chickadee,4.363636363636363,1.9632996344280853,11,
chicken,4.7,2.263232692902394,10,
chief,4.5,2.1213203435596424,10,
child,4.6,2.4585451886114367,10,
childbirth,4.307692307692308,2.657837949180229,13,
childhood,4.0,2.449489742783178,10,
childish,4.7,0.9486832980505138,10,
childlike,4.461538461538462,1.5607361839521232,13,
children,3.2,2.3475755815545347,10,
chili,4.0,1.9436506316151,10,
chill,4.5,1.7795130420052183,10,
chilling,5.0,1.699673171197595,10,
chilly,5.3,2.213594362117865,10,
chime,6.2,1.3165611772087666,10,
chimney,3.4,2.3190036174568114,10,
chimp,3.909090909090909,2.165850662190053,11,
chimpanzee,2.8,2.0976176963403037,10,
chin,3.6,1.9550504398153572,10,
china,3.0,2.211083193570267,10,
chinchilla,3.6,1.837873166945363,10,
Chinese,2.6,1.577621275493231,10,
chink,5.3,1.766981104093143,10,
chip,5.2,2.3475755815545347,10,
chipmunk,4.0,1.5491933384829668,11,
chipper,4.0,1.632993161855452,10,
chiropractor,3.7,2.406010991015812,10,
chirp,6.454545454545454,0.8201995322647244,11,
chirrup,4.6,1.9550504398153572,10,
chisel,4.9,1.911950719959998,10,
chitchat,5.7,1.8287822299126937,10,
chivalry,2.7,1.70293863659264,10,
chive,2.7,2.057506581601462,10,
chlorine,2.2,1.8135294011647256,10,
chloroform,2.6,1.6465452046971292,10,
chocolate,2.4545454545454546,1.752919642404429,11,
choice,2.769230769230769,1.640825308284734,13,
choir,2.9,1.286683937707919,10,
choke,4.3,1.8287822299126937,10,
choking,6.2,1.0327955589886444,10,
cholera,3.1666666666666665,2.0375267241229382,12,
cholesterol,3.2,2.043961295567452,10,
chomp,6.090909090909091,1.4459976109624424,11,
choo-choo,6.0,1.949358868961793,11,
choose,2.7,2.057506581601462,10,
choosy,4.3,1.766981104093143,10,
chop,5.5,1.9578900207451215,10,
chopped,5.7,1.4944341180973264,10,
chopper,6.6,0.5163977794943222,10,
choppy,5.7,1.1595018087284057,10,
chopstick,5.2727272727272725,1.8488325554743508,11,
chord,3.3,1.636391694484477,10,
chore,4.181818181818182,1.7215215257545762,11,
choreograph,3.1,1.66332999331662,10,
chortle,5.818181818181818,1.5374122295716148,11,
chorus,3.5,2.3213980461973533,10,
chose,2.8461538461538463,1.7722938923964169,13,
chosen,3.8,1.932183566158592,10,
chowder,3.615384615384616,1.6092680291808414,13,
christen,3.0,1.7320508075688772,11,
christening,3.7,1.636391694484477,10,
Christmas,4.5,2.718251071716682,10,
chrome,3.3076923076923075,2.0568833780186058,13,
chromium,2.0,1.247219128924647,10,
chromosome,3.8181818181818175,2.482667187449088,11,
chronic,4.333333333333333,1.775250729197189,12,
chronicle,3.5,2.0138409955990952,10,
chrysanthemum,2.5454545454545454,1.6348477827391985,11,
chubby,5.4,1.837873166945363,10,
chuck,5.090909090909091,1.7580981459830651,11,
chuckle,5.0,2.309401076758503,10,
chug,5.8,1.8737959096740264,10,
chum,4.666666666666667,2.015094553763188,12,
chump,5.181818181818182,1.4012980994907414,11,
chunk,5.3,1.0593499054713802,10,
chunky,5.8,0.9189365834726816,10,
church,4.0,1.5374122295716148,12,
churn,4.909090909090909,1.7002673586554236,11,
churning,5.2727272727272725,1.7372915179041823,11,
chute,4.8,2.3944379994757297,10,
cider,3.7,2.1628170930011112,10,
cigar,2.7,2.057506581601462,10,
cigarette,4.0,2.3664319132398464,11,
cinch,4.2,2.250925735484551,10,
cinder,4.363636363636363,1.747725795010606,11,
cinema,3.272727272727273,1.4206272622267313,11,
cinnamon,3.0,1.8470962903655976,18,
cipher,4.363636363636363,2.335496832484569,11,
circle,3.272727272727273,2.101947149236112,11,
circuit,3.727272727272727,1.7372915179041823,11,
circular,5.2,1.398411797560202,10,
circulate,4.75,1.6583123951777,12,
circumcise,3.4545454545454546,2.0670576365276494,11,
circumference,3.5454545454545454,1.752919642404429,11,
circumscribe,2.7,2.0027758514399734,10,
circumspect,3.636363636363636,1.8586407545691703,11,
circumstance,2.5,1.8408935028645437,10,
circumstanced,2.1,0.9944289260117531,10,
circumstantial,3.5454545454545454,2.018099916438052,11,
circus,3.75,1.815338686155987,12,
cirque,3.2,1.932183566158592,10,
citadel,3.75,1.9128750375000736,12,
citation,2.727272727272727,1.1037127426019049,11,
cite,2.909090909090909,1.6403990645294488,11,
citizen,3.3076923076923075,1.702185623672077,13,
citizenship,4.0,2.5385910352879693,10,
citrus,3.8,1.6865480854231356,10,
city,2.727272727272727,2.053821272209882,11,
civic,3.5,2.1213203435596424,10,
civics,3.0,1.563471919941143,10,
civil,3.333333333333333,1.6696942198734437,12,
civilian,3.4,2.3190036174568114,10,
civility,3.1,1.9692073983655909,10,
civilized,3.7,1.888562063228706,10,
civilly,3.2666666666666666,1.98086080374405,15,
clack,6.083333333333333,1.831955405041456,12,
clad,3.7142857142857135,1.5898026693500449,14,
claim,3.9,1.7919573407620817,10,
clairvoyance,4.2727272727272725,2.3276988246295565,11,
clam,4.363636363636363,2.062654952856986,11,
clammy,5.6,0.966091783079296,10,
clamor,4.1,2.1317702607092643,10,
clamp,5.916666666666667,0.996204919895622,12,
clan,5.0,1.247219128924647,10,
clandestine,3.2,1.7511900715418265,10,
clang,5.4,2.0110804171997807,10,
clanging,5.5,1.4337208778404378,10,
clangor,2.9,2.1317702607092643,10,
clank,6.363636363636363,1.2060453783110543,11,
clap,6.1,1.5951314818673863,10,
clapper,5.454545454545454,1.6348477827391985,11,
clarify,3.8,1.4757295747452437,10,
clarinet,2.1818181818181817,1.0787197799411874,11,
clarity,3.8,1.9888578520235063,10,
clash,5.3,2.0027758514399734,10,
clasp,5.3,1.1595018087284057,10,
clasping,4.909090909090909,1.513574937328539,11,
class,3.0,2.0976176963403037,11,
classic,4.090909090909091,1.6403990645294488,11,
classical,4.3,2.5841396591085743,10,
classify,4.5,1.5811388300841898,10,
classism,3.5,2.223610677354389,10,
classless,2.909090909090909,1.7002673586554236,11,
classmate,3.5,1.9771421064483223,12,
classroom,3.4,2.3190036174568114,10,
classy,4.5,1.9578900207451215,10,
clatter,5.454545454545454,2.018099916438052,11,
clause,1.818181818181818,0.873862897505303,11,
claustrophobia,4.363636363636363,2.062654952856986,11,
claustrophobic,4.0,2.160246899469287,10,
claw,5.5,0.8498365855987975,10,
clawed,5.0,1.563471919941143,10,
clay,3.5,2.0138409955990952,10,
clean,3.583333333333333,2.0207259421636903,12,
cleaner,3.1666666666666665,2.367712103711219,12,
cleanly,4.727272727272728,1.7372915179041823,11,
cleanse,4.9,2.2335820757001272,10,
cleanser,5.2,1.1352924243950937,10,
clear,4.0,1.4907119849998598,10,
clearance,3.0,1.8856180831641267,10,
clearing,4.2,1.932183566158592,10,
clearly,4.7,2.110818693198342,10,
cleat,3.076923076923077,1.7541160386140584,13,
cleavage,4.0,1.61245154965971,11,
cleave,4.214285714285714,2.006856379383569,14,
cleaver,4.3,2.0027758514399734,10,
cleavers,3.8181818181818175,1.5374122295716148,11,
cleft,3.1,0.8755950357709131,10,
clemency,3.071428571428572,1.6854255666327542,14,
clench,5.7,1.2516655570345725,10,
clergy,2.6,0.966091783079296,10,
clerk,3.6,2.221110833194357,10,
clever,4.0,1.699673171197595,10,
click,6.7,0.6749485577105528,10,
client,3.3,1.4181364924121764,10,
cliff,4.3,2.213594362117865,10,
climate,3.9,2.1317702607092643,10,
climax,4.0,1.632993161855452,10,
climb,4.3,2.057506581601462,10,
climber,4.416666666666667,1.781640374554423,12,
clinch,5.4,1.2649110640673518,10,
cling,5.3,1.2516655570345725,10,
clingy,4.7,1.3374935098492586,10,
clinic,2.6,2.0110804171997807,10,
clinical,3.928571428571429,1.9792883614022532,14,
clink,5.909090909090909,1.7580981459830651,11,
clinker,5.3,1.636391694484477,10,
clip,4.7,1.636391694484477,10,
clip-clop,6.0,1.4907119849998598,10,
clipboard,4.1,2.0248456731316584,10,
clipped,4.6,2.1705094128132942,10,
clipper,4.363636363636363,1.9116865471476892,11,
clipping,5.3,1.4944341180973264,10,
clique,4.6,2.1705094128132942,10,
clitoris,3.363636363636364,1.804035879506129,11,
cloak,3.7,1.5670212364724212,10,
clobber,5.6,1.776388345929897,10,
clock,4.1,2.5144029554194813,10,
clockwork,4.9,1.66332999331662,10,
clod,5.0,0.816496580927726,13,
clog,5.0,1.632993161855452,10,
cloister,3.7,1.70293863659264,10,
clomp,6.4,1.2649110640673518,10,
clone,4.545454545454546,2.46429041972071,11,
clonk,5.4,2.1705094128132942,10,
clop,4.727272727272728,2.195035721390843,11,
close,3.9,2.2335820757001272,10,
closed,4.1,2.1317702607092643,10,
closer,4.090909090909091,1.4459976109624424,11,
closet,2.7,1.4944341180973264,10,
closure,4.2,1.6865480854231356,10,
clot,4.0,1.699673171197595,10,
cloth,4.181818181818182,2.1362669223756576,11,
clothes,3.0,1.949358868961793,11,
clothing,4.4,2.270584848790187,10,
cloud,5.0,2.260776661041756,10,
clouded,4.416666666666667,1.880924981991251,12,
cloudy,5.0,2.0,11,
clout,3.5454545454545454,1.6348477827391985,11,
clove,3.4285714285714284,1.3424596091494905,14,
clover,3.4,2.065591117977289,10,
clown,3.5454545454545454,1.8090680674665816,11,
club,4.3,2.0027758514399734,10,
clubhouse,3.8181818181818175,2.088931871468374,11,
cluck,5.454545454545454,1.694912172570388,11,
clue,2.25,1.3568010505999362,12,
clueless,4.3,2.0027758514399734,10,
clump,4.7,2.110818693198342,10,
clumsy,4.818181818181818,1.5374122295716148,11,
clunk,6.8,0.4216370213557839,10,
clunker,5.230769230769231,1.739436985245808,13,
cluster,5.1,1.728840330651992,10,
clutch,4.923076923076923,1.6563785025137654,13,
clutter,4.9,1.9692073983655909,10,
coach,3.083333333333333,1.4433756729740643,12,
coagulate,4.583333333333333,1.4433756729740643,12,
coal,3.3,2.057506581601462,10,
coarse,5.363636363636363,1.5666989036012806,11,
coarsen,3.111111111111111,1.6158932858054431,9,
coast,4.416666666666667,1.311372170551507,12,
coastal,3.4,1.8973665961010275,10,
coaster,3.1,1.7919573407620817,10,
coastline,4.583333333333333,2.314316444667973,12,
coat,3.0,1.4832396974191326,11,
coated,3.8,1.93464651625488,15,
coating,3.111111111111111,1.964971020425266,9,
coax,3.2,1.9888578520235063,10,
cob,4.454545454545454,2.018099916438052,11,
cobalt,2.6,2.221110833194357,10,
cobbler,3.1,1.66332999331662,10,
cobblestone,4.3,2.0027758514399734,10,
cobra,3.9166666666666665,2.108783937953269,12,
cobweb,3.4,2.756809750418044,10,
cocaine,3.727272727272727,2.370270410350224,11,
cock,3.1,1.5238839267549948,10,
cock-a-doodle-doo,6.2,1.932183566158592,10,
cockatiel,2.9,1.9692073983655909,10,
cockatoo,5.0,2.1447610589527217,11,
cockfight,4.8,2.3475755815545347,10,
cockpit,3.363636363636364,2.1105794120443453,11,
cockroach,3.8,1.7511900715418265,10,
cocktail,3.6,2.221110833194357,10,
cocky,4.7,1.70293863659264,10,
cocoa,3.5,2.173067468400883,10,
coconut,3.6,2.0110804171997807,10,
cocoon,3.3,2.496664441476534,10,
cod,2.8,1.7511900715418265,10,
coddle,3.4545454545454546,2.1616492020508957,11,
code,3.5,1.6787441193290351,12,
codeine,2.636363636363636,0.9244162777371754,11,
coding,2.7,1.888562063228706,10,
coed,3.2,1.932183566158592,10,
coerce,2.8,1.932183566158592,10,
coercion,3.7,2.311805451253293,10,
coercive,3.1818181818181817,1.1677484162422844,11,
coffee,4.6,2.1186998109427604,10,
coffin,2.8,2.440400695696417,10,
cog,4.3,2.057506581601462,10,
cognac,2.833333333333333,1.5859229221975182,12,
cognition,3.0,2.04939015319192,11,
cognitive,3.636363636363636,2.157439559882375,11,
cognizable,2.6153846153846154,1.894661866862684,13,
coil,4.4,1.9550504398153572,10,
coin,3.7,2.1628170930011112,10,
coincide,3.5,1.5811388300841898,10,
coincidence,2.363636363636364,1.1200649331826502,11,
coincidental,3.5454545454545454,2.2522715805886446,11,
coke,3.636363636363636,1.804035879506129,11,
cola,4.3,2.1628170930011112,10,
colander,3.0,1.8516401995451028,15,
cold,4.866666666666666,2.0307165050320357,15,
coleslaw,2.6923076923076925,2.3588350014578308,13,
colic,3.875,1.746424919657298,16,
coliseum,3.0,1.7638342073763935,10,
collaborate,2.8181818181818183,1.9908883353006928,11,
collage,3.25,1.3568010505999362,12,
collapse,4.6,1.6465452046971292,10,
collapsible,4.090909090909091,1.7580981459830651,11,
collar,3.6,1.837873166945363,10,
collarbone,4.1,2.183269719175042,10,
collateral,3.5454545454545454,1.916436086262016,11,
colleague,2.727272727272727,1.8488325554743508,11,
collect,3.3,1.766981104093143,10,
collected,2.8,1.398411797560202,10,
collection,3.1,1.728840330651992,10,
collective,3.6,1.8973665961010275,10,
collectivism,4.0,1.7638342073763935,10,
collector,3.909090909090909,1.868397465987655,11,
college,2.7,1.5670212364724212,10,
collide,5.0,1.632993161855452,10,
collie,2.4,1.2649110640673518,10,
collision,4.636363636363637,0.8090398349558905,11,
colloquial,1.8,1.7511900715418265,10,
cologne,4.0,1.61245154965971,11,
colon,2.5,1.5811388300841898,10,
colonel,2.6,1.07496769977314,10,
colonoscopy,2.833333333333333,1.7494587907710375,12,
colony,2.2,1.2292725943057183,10,
color,3.2,1.6865480854231356,10,
colored,2.8,2.0976176963403037,10,
colorful,4.1,1.5238839267549948,10,
coloring,3.2,1.7511900715418265,10,
colorless,4.1,1.911950719959998,10,
colossal,4.909090909090909,1.9725387425622571,11,
colt,3.4,1.776388345929897,10,
column,3.9166666666666665,2.274696116900546,12,
columnist,2.8,1.8135294011647256,10,
coma,2.6,1.9550504398153572,10,
comatose,4.3,1.4181364924121764,10,
comb,3.8181818181818175,1.60113596038449,11,
combat,4.181818181818182,1.60113596038449,11,
combative,3.5384615384615383,1.7614096918559583,13,
combination,3.8,1.9888578520235063,10,
combine,4.1,1.449137674618944,10,
combined,3.7,1.70293863659264,10,
combo,3.7,1.3374935098492586,10,
combustion,5.1,1.5238839267549948,10,
come,1.6,1.2649110640673518,10,
comedian,4.153846153846154,2.192645048267573,13,
comedy,4.5,2.068278940998476,10,
comes,3.4,1.6465452046971292,10,
comet,3.9,2.1317702607092643,10,
comfort,2.9,1.7919573407620817,10,
comfortable,4.181818181818182,1.5374122295716148,11,
comforter,3.9,2.183269719175042,10,
comforting,3.5,2.223610677354389,10,
comfy,5.181818181818182,1.3280197150781925,11,
comic,3.363636363636364,1.9632996344280853,11,
comical,3.5454545454545454,2.114882330704777,11,
coming,3.076923076923077,2.5318484177091665,13,
comma,4.0,2.211083193570267,10,
command,4.0,2.4037008503093262,10,
commemorative,2.363636363636364,1.804035879506129,11,
commence,2.4545454545454546,1.916436086262016,11,
commencement,3.272727272727273,1.954016841836789,11,
commend,3.7,1.946506842754191,10,
commendable,3.363636363636364,2.013590190318143,11,
commensurable,3.2,1.7511900715418265,10,
comment,2.9,1.449137674618944,10,
commentary,3.111111111111111,1.69148192751537,9,
commerce,3.4,1.505545305418162,10,
commercial,3.4,2.0110804171997807,10,
commie,2.923076923076923,1.8009968749527978,13,
commingle,3.8181818181818175,2.315952582337636,11,
commiserate,3.4,2.0110804171997807,10,
commission,3.0,1.9436506316151,10,
commit,3.2,1.5491933384829668,10,
commitment,3.0,2.10818510677892,10,
committal,3.25,1.815338686155987,12,
committee,3.3,1.3374935098492586,10,
commodity,4.6,1.3498971154211057,10,
common,2.8181818181818183,1.8877596148970777,11,
commonality,3.7,1.70293863659264,10,
commonalty,3.7,1.70293863659264,10,
commoner,4.6923076923076925,1.5483655567842811,13,
commonly,2.3,1.4181364924121764,10,
commonplace,5.166666666666667,2.443296332763787,12,
commonwealth,4.8,1.1352924243950937,10,
commotion,4.2,2.250925735484551,10,
communalize,2.4545454545454546,1.5075567228888185,11,
communicate,2.6,1.577621275493231,10,
communication,2.2,1.3165611772087666,10,
communicative,3.8,1.9888578520235063,10,
communion,3.0,1.7888543819998317,11,
communism,3.6,1.837873166945363,10,
communist,3.0,1.7638342073763935,10,
community,3.8461538461538463,2.2673829938997163,13,
commute,2.5454545454545454,1.752919642404429,11,
compact,4.1,1.728840330651992,10,
compactor,4.307692307692308,1.8432134703923733,13,
companion,4.1,2.0789954839350235,10,
companionable,3.6,2.221110833194357,10,
companionship,4.0,2.2962419891481978,12,
company,3.5294117647058822,1.972233729138852,17,
comparable,2.9,2.2335820757001272,10,
comparative,3.9,1.7919573407620817,10,
compare,2.7,1.3374935098492586,10,
comparison,3.5,2.223610677354389,10,
compartment,3.5,1.509230856356236,10,
compass,4.3,1.4944341180973264,10,
compassion,4.0,2.10818510677892,10,
compassionate,2.7,1.946506842754191,10,
compatible,3.5,2.460803843372233,10,
compel,3.3,1.888562063228706,10,
compelling,3.2,1.7511900715418265,10,
compensate,2.357142857142857,1.336306209562122,14,
compensation,3.272727272727273,1.555050423035156,11,
compete,3.272727272727273,1.954016841836789,11,
competence,3.5,1.5811388300841898,10,
competency,2.2142857142857144,0.8925823753039809,14,
competent,3.4,1.8973665961010275,10,
competition,3.5625,1.86077940659284,16,
competitive,3.1,2.0248456731316584,10,
competitor,5.0,1.9436506316151,10,
compilation,2.9,1.5951314818673863,10,
compile,3.5,1.5811388300841898,10,
complacency,2.363636363636364,1.1200649331826502,11,
complacent,3.3,1.4944341180973264,10,
complain,3.6,1.8973665961010275,10,
complaint,3.363636363636364,1.9632996344280853,11,
complement,3.090909090909091,1.513574937328539,11,
complete,3.090909090909091,1.7580981459830651,11,
completion,3.6,2.6331223544175333,10,
complex,4.181818181818182,1.4709304414677002,11,
complexion,2.9,1.9692073983655909,10,
compliance,2.6,1.7126976771553504,10,
complicate,2.090909090909091,1.9211738835693897,11,
complication,3.272727272727273,1.7372915179041823,11,
complicity,3.5,2.0138409955990952,10,
compliment,2.8181818181818183,1.8877596148970777,11,
complimentary,2.75,1.4222261679238195,12,
comply,3.4,1.7126976771553504,10,
component,2.4166666666666665,1.5642792899510294,12,
compose,3.0,1.7888543819998317,11,
composer,3.5454545454545454,1.4396969378057567,11,
compost,3.8181818181818175,1.7215215257545762,11,
composure,3.8,1.4757295747452437,10,
compound,3.6,1.7126976771553504,10,
comprehend,2.9,1.8529256146249728,10,
comprehensible,3.0,1.9436506316151,10,
comprehension,2.3,1.2516655570345725,10,
comprehensive,3.272727272727273,2.101947149236112,11,
compress,4.6,2.0110804171997807,10,
comprise,3.0,2.494438257849294,10,
compromise,2.7,1.3374935098492586,10,
compulsion,3.1818181818181817,1.9908883353006928,11,
compulsive,3.4,2.0110804171997807,10,
computation,3.9,2.282785822435191,10,
compute,3.5,1.509230856356236,10,
computer,3.909090909090909,1.7580981459830651,11,
computerize,3.3,1.946506842754191,10,
comrade,3.363636363636364,2.1105794120443453,11,
con,3.272727272727273,2.053821272209882,11,
concave,4.5,1.0801234497346437,10,
conceal,2.5,1.90029237516523,10,
concealment,3.8461538461538463,1.9513309067639728,13,
concede,2.3,1.3374935098492586,10,
conceit,3.6,2.1705094128132942,10,
conceited,3.8181818181818175,1.9908883353006928,11,
conceivable,3.0,1.8257418583505536,10,
conceive,3.1,1.9692073983655909,10,
concentrate,2.7777777777777777,1.2018504251546631,9,
concentration,2.9,2.0248456731316584,10,
concept,3.0,0.816496580927726,10,
conceptual,3.1,1.728840330651992,10,
conceptualism,3.909090909090909,1.9725387425622571,11,
conceptualize,3.1,1.5951314818673863,10,
concern,4.3,0.8232726023485646,10,
concerning,3.7,1.888562063228706,10,
concert,2.4166666666666665,1.2401124093721456,12,
conch,3.6,1.577621275493231,10,
concise,3.1,1.286683937707919,10,
conciseness,2.9,1.7919573407620817,10,
conclude,3.4,2.065591117977289,10,
conclusion,3.6,2.065591117977289,10,
conclusive,2.923076923076923,1.9774368283857795,13,
concoct,2.5,1.5063966175050876,14,
concordance,2.4545454545454546,1.572490786213793,11,
concourse,2.5,1.632993161855452,16,
concrete,4.0,2.280350850198276,11,
concubine,2.9,1.911950719959998,10,
concur,3.4166666666666665,2.108783937953269,12,
concurrent,4.8,1.8135294011647256,10,
concussion,3.9,1.5238839267549948,10,
condemn,4.1,1.9692073983655909,10,
condemnation,3.3076923076923075,1.377474463442389,13,
condensation,3.4,2.065591117977289,10,
condense,4.545454545454546,1.916436086262016,11,
condensed,4.363636363636363,2.1105794120443453,11,
condescend,4.363636363636363,0.9244162777371754,11,
condescendence,2.533333333333333,1.8464895909600487,15,
condiment,2.7,2.406010991015812,10,
condition,2.5,1.5811388300841898,10,
conditional,3.3,2.311805451253293,10,
conditioned,2.4,1.2649110640673518,10,
conditioner,2.727272727272727,2.004540300962248,11,
conditioning,3.4545454545454546,2.46429041972071,11,
condo,2.5,1.9578900207451215,10,
condolence,3.5,1.5811388300841898,10,
condom,2.9,2.1317702607092643,10,
condone,2.8,1.4757295747452437,10,
condor,2.7,1.888562063228706,10,
conduct,2.909090909090909,1.8140862964338524,11,
conductive,2.6,1.8973665961010275,10,
cone,3.75,2.220769727328383,12,
confect,2.0,0.816496580927726,10,
confederate,3.4,1.6465452046971292,10,
confer,2.7,1.5670212364724212,10,
conference,3.1818181818181817,1.7786613965666325,11,
confess,2.8,1.6865480854231356,10,
confession,3.1,1.66332999331662,10,
confetti,4.636363636363637,1.5666989036012806,11,
confidant,4.875,1.5526475085202969,8,
confide,2.9,1.66332999331662,10,
confidence,3.9,2.1317702607092643,10,
confident,2.9,1.7919573407620817,10,
confiding,2.8,1.398411797560202,10,
confine,3.6,1.2649110640673518,10,
confirm,3.3,2.1628170930011112,10,
confirmation,3.2,1.4757295747452437,10,
confirmatory,3.4545454545454546,2.0670576365276494,11,
confirmed,2.0,1.247219128924647,10,
confiscate,4.363636363636363,1.9632996344280853,11,
conflict,3.8,1.5491933384829668,10,
conflicting,4.363636363636363,1.8586407545691703,11,
conform,3.909090909090909,1.5782614139961386,11,
conformity,3.4,1.2649110640673518,10,
confound,3.1,1.5238839267549948,10,
confounded,2.8,0.7888106377466155,10,
confront,3.0,1.699673171197595,10,
confrontation,3.4545454545454546,1.6348477827391985,11,
confuse,2.909090909090909,2.343268890014352,11,
confusing,3.363636363636364,2.157439559882375,11,
confusion,3.3,1.4181364924121764,10,
congestion,4.0,1.4907119849998598,10,
congrats,3.2,2.250925735484551,10,
congratulate,3.4,1.577621275493231,10,
congratulation,3.1,2.183269719175042,10,
congratulatory,3.8181818181818175,2.0404990476930798,11,
congregate,2.8,1.8737959096740264,10,
congress,2.6,1.7126976771553504,10,
congruent,3.1666666666666665,2.0816659994661326,12,
congruity,2.3076923076923075,1.6525039276108335,13,
congruous,3.4,1.429840705968481,10,
conjectural,2.6153846153846154,1.3867504905630728,13,
conjecture,3.3,1.946506842754191,10,
conjoin,3.4545454545454546,1.4396969378057567,11,
conjunctive,2.2,1.5491933384829668,10,
conjuncture,3.1818181818181817,1.7786613965666325,11,
conjure,3.5,1.623688281771977,12,
conk,4.307692307692308,2.780426087988895,13,
connect,4.2727272727272725,1.954016841836789,11,
connected,4.538461538461538,2.1061570302086774,13,
connection,3.5454545454545454,2.1616492020508957,11,
connective,3.272727272727273,1.555050423035156,11,
connotative,2.3,1.1595018087284057,10,
conquer,4.0,2.23606797749979,11,
conqueror,4.0,2.0548046676563256,10,
conquest,3.909090909090909,1.300349603340998,11,
conscience,4.0,1.7638342073763935,10,
conscientious,4.0,1.8257418583505536,10,
conscionable,3.0,1.632993161855452,10,
conscious,3.3,1.5670212364724212,10,
consciousness,2.2,1.7511900715418265,10,
consecrate,4.076923076923077,1.4978617237881953,13,
consecutive,2.6,1.429840705968481,10,
consensual,3.1,1.7919573407620817,10,
consent,3.6666666666666665,1.7232808737106582,12,
consequence,2.6,1.8973665961010275,10,
consequential,3.3,2.213594362117865,10,
consequently,2.5,1.7795130420052183,10,
conservative,4.1,1.8529256146249728,10,
conserve,3.4,1.6465452046971292,10,
consider,3.7,2.110818693198342,10,
considerable,3.6666666666666665,2.3868325657594203,12,
considerably,2.9,1.5951314818673863,10,
considerate,3.4,2.3190036174568114,10,
consideration,2.4,1.6465452046971292,10,
considered,3.3,2.0027758514399734,10,
considering,2.9,1.1972189997378648,10,
consignment,2.636363636363636,1.3618169680781094,11,
consist,3.3,1.888562063228706,10,
consistent,2.7,1.4944341180973264,10,
consolation,3.0,2.0,10,
console,3.090909090909091,1.300349603340998,11,
consolidate,3.8,2.201009869229224,10,
consort,3.1,2.0789954839350235,10,
conspicuous,3.142857142857143,1.7913099142223294,14,
conspiracy,3.1,1.286683937707919,10,
conspirator,3.235294117647059,1.7510501051050011,17,
conspire,3.8,1.932183566158592,10,
constant,3.8181818181818175,1.2504544628399563,11,
constellation,3.4,2.4585451886114367,10,
constipation,2.9,2.2335820757001272,10,
constitute,3.25,1.3568010505999362,12,
constitutionalism,2.7777777777777777,2.386303510546059,9,
constitutionality,3.8333333333333335,2.367712103711219,12,
constrain,3.5,1.8408935028645437,10,
constrict,4.2727272727272725,2.1489955370316194,11,
construct,3.25,1.6583123951777,12,
construction,3.727272727272727,2.1489955370316194,11,
constructivism,4.1,1.7919573407620817,10,
consul,3.727272727272727,1.555050423035156,11,
consult,2.909090909090909,1.9211738835693897,11,
consultant,2.4,1.505545305418162,10,
consultation,3.0,1.8439088914585773,11,
consulting,2.8181818181818183,1.662418829187267,11,
consume,4.1,1.728840330651992,10,
consummate,2.6923076923076925,2.015961945102775,13,
consumptive,2.6,1.2649110640673518,10,
contact,3.363636363636364,1.8586407545691703,11,
contagion,4.0,1.7638342073763935,10,
contagious,4.8,1.1352924243950937,10,
contain,3.4,1.07496769977314,10,
container,3.9,2.2335820757001272,10,
contaminate,3.363636363636364,2.248231628312673,11,
contamination,4.166666666666667,1.8989630344113089,12,
contemplate,3.9,1.5951314818673863,10,
contemplation,2.636363636363636,1.9632996344280853,11,
contemplative,3.5,2.1213203435596424,10,
contemporary,2.7,1.2516655570345725,10,
contempt,2.4545454545454546,1.6348477827391985,11,
contemptible,2.1,1.66332999331662,10,
contemptuous,3.0,2.0548046676563256,10,
contend,2.7,0.8232726023485646,10,
content,3.5,1.90029237516523,10,
contention,2.8,1.1352924243950937,10,
contentious,3.0,1.61245154965971,11,
contentment,2.583333333333333,2.0652243256245835,12,
contest,3.636363636363636,1.6292775867068985,11,
contestation,2.2,1.6865480854231356,10,
context,2.9,1.9692073983655909,10,
continent,2.9166666666666665,2.0207259421636903,12,
contingence,2.4,1.505545305418162,10,
contingent,2.8,1.4757295747452437,10,
continually,4.083333333333333,2.0207259421636903,12,
continuation,4.9,1.1972189997378648,10,
continue,2.727272727272727,1.555050423035156,11,
continued,3.0,1.7638342073763935,10,
continuity,3.4,1.6465452046971292,10,
continuous,4.1,0.8755950357709131,10,
contour,3.692307692307693,1.9741924671712985,13,
contraband,4.0,2.32379000772445,11,
contract,3.076923076923077,1.7541160386140584,13,
contracted,3.1,2.0789954839350235,10,
contraction,4.1,1.8529256146249728,10,
contractor,2.4,1.2649110640673518,10,
contradict,2.6,1.1737877907772674,10,
contradiction,3.1818181818181817,1.662418829187267,11,
contradictive,3.1666666666666665,1.9462473604038075,12,
contradictory,3.6,1.429840705968481,10,
contraption,3.8,1.6865480854231356,10,
contrary,2.2,1.8135294011647256,10,
contrast,3.3846153846153846,1.7577666482623882,13,
contribute,3.4,2.221110833194357,10,
contribution,3.1,2.282785822435191,10,
control,3.0,1.772810520855837,15,
controller,3.0,1.7638342073763935,10,
controversial,3.7,2.1628170930011112,10,
controversy,4.166666666666667,1.80067327475704,12,
convene,3.5,1.509230856356236,10,
convenience,2.9444444444444446,1.8934009929915636,18,
convenient,2.3,1.4181364924121764,10,
convent,3.4545454545454546,1.5075567228888185,11,
conventional,2.7,2.0027758514399734,10,
conventionalism,2.9,1.9692073983655909,10,
converge,3.6,1.837873166945363,10,
conversation,3.7142857142857135,2.0164161440372537,14,
conversational,3.909090909090909,2.119176512447486,11,
converse,4.5,1.5811388300841898,10,
convert,4.0,1.8257418583505536,10,
convertible,3.5,2.173067468400883,10,
convex,3.2,1.932183566158592,10,
convey,3.1818181818181817,1.7786613965666325,11,
convict,3.9166666666666665,2.0207259421636903,12,
conviction,3.7,2.110818693198342,10,
convince,2.6,1.07496769977314,10,
convincing,2.4545454545454546,2.1616492020508957,11,
convoluted,3.25,2.137330535547045,12,
convolution,2.8,1.932183566158592,10,
convoy,2.6153846153846154,1.3867504905630728,13,
convulse,4.090909090909091,1.6403990645294488,11,
convulsion,3.0,2.0548046676563256,10,
coo,5.0,2.211083193570267,10,
cook,4.2727272727272725,2.004540300962248,11,
cookbook,3.7,2.057506581601462,10,
cooker,3.2,2.2997584414213788,10,
cookie,3.4,2.1186998109427604,10,
cooking,4.166666666666667,2.4058010698889443,12,
cookout,3.8181818181818175,2.0404990476930798,11,
cool,5.3,1.5670212364724212,10,
coolant,3.6,1.9550504398153572,10,
cooler,5.214285714285714,1.4769288003552106,14,
coop,4.0,1.6733200530681511,11,
cooperate,3.6666666666666665,2.1461734799546397,12,
cooperation,3.615384615384616,1.9806758753205744,13,
cooperative,4.3,1.2516655570345725,10,
cop,3.8,1.8737959096740264,10,
cope,3.1,1.8529256146249728,10,
copier,3.0,1.632993161855452,10,
copilot,3.7,2.311805451253293,10,
coping,3.0,1.8856180831641267,10,
copious,3.3846153846153846,1.2608503439122305,13,
copper,4.0,1.8257418583505536,13,
copy,3.076923076923077,1.6563785025137654,13,
copyright,3.6,2.221110833194357,10,
coral,3.363636363636364,2.292279532375024,11,
cord,3.3,2.110818693198342,10,
cordial,3.3529411764705883,1.4975470138942315,17,
cordiality,2.272727272727273,1.2720777563426766,11,
cordless,4.4,2.6749870196985173,10,
corduroy,2.6,2.1705094128132942,10,
core,4.2,0.9189365834726816,10,
cork,4.8,1.8135294011647256,10,
corked,4.3,1.70293863659264,10,
corkscrew,4.7,2.496664441476534,10,
corn,3.4545454545454546,2.018099916438052,11,
cornea,2.5,1.90029237516523,10,
corner,5.1,1.728840330651992,10,
cornered,3.9166666666666665,1.781640374554423,12,
cornerstone,3.8,2.0976176963403037,10,
cornfield,5.1,1.8529256146249728,10,
cornflower,3.6,2.6331223544175333,10,
corny,4.0,1.7888543819998317,11,
coronary,2.8181818181818183,1.8877596148970777,11,
coroner,2.5454545454545454,1.572490786213793,11,
corporal,3.4,1.577621275493231,10,
corporate,2.636363636363636,1.747725795010606,11,
corps,2.3,1.0593499054713802,10,
corpse,2.7,1.5670212364724212,10,
corral,3.272727272727273,1.954016841836789,11,
correct,2.636363636363636,1.5666989036012806,11,
correction,3.8,2.0976176963403037,10,
corrective,3.2,1.8135294011647256,10,
correlate,3.8,2.0976176963403037,10,
correlation,2.8181818181818183,1.60113596038449,11,
correlative,3.3,1.636391694484477,10,
correspond,3.9,1.5238839267549948,10,
correspondence,3.3,2.263232692902394,10,
corridor,3.1818181818181817,1.834021909257456,11,
corroborate,4.071428571428571,1.328057326976612,14,
corrode,4.1,2.0248456731316584,10,
corrosive,4.166666666666667,1.7494587907710375,12,
corrupt,4.454545454545454,1.8090680674665816,11,
corruptible,4.1,2.0789954839350235,10,
corruption,4.1,2.0248456731316584,10,
corsage,2.5,1.7795130420052183,10,
corset,3.3076923076923075,1.8432134703923733,13,
cortex,3.636363636363636,1.9632996344280853,11,
corvette,3.5,1.90029237516523,10,
cosmetic,4.090909090909091,1.7580981459830651,11,
cosmic,3.9,1.911950719959998,10,
cosmology,2.8181818181818183,1.7786613965666325,11,
cosmopolitan,3.363636363636364,2.157439559882375,11,
cosmos,3.7,2.359378449224852,10,
cost,3.2,1.8737959096740264,10,
costly,3.7,1.4944341180973264,10,
costume,2.8,1.7511900715418265,10,
cot,3.8,2.3944379994757297,10,
cottage,4.4,2.1186998109427604,10,
cotton,2.4545454545454546,1.9679246105293955,11,
couch,3.1,1.3703203194062976,10,
cougar,3.727272727272727,2.053821272209882,11,
cough,6.0,1.247219128924647,10,
could,1.7272727272727273,1.2720777563426766,11,
council,3.4545454545454546,1.752919642404429,11,
counsel,3.6666666666666665,1.6143297699232972,12,
counselor,3.5,1.9306145983268452,12,
count,3.583333333333333,1.5642792899510294,12,
countable,3.6,1.8973665961010275,10,
countdown,4.090909090909091,2.119176512447486,11,
counter,3.1818181818181817,2.272363607268072,11,
counterattack,3.8,1.7511900715418265,10,
counterbalance,4.3,1.8287822299126937,10,
counterfeit,3.5454545454545454,1.572490786213793,11,
counterpart,3.375,2.0615528128088303,16,
counterpoint,4.5,2.223610677354389,10,
countess,3.7,1.5670212364724212,10,
countless,3.769230769230769,1.8776690404970269,13,
country,4.0,2.23606797749979,11,
countryman,4.6,2.270584848790187,10,
countryside,4.7,1.946506842754191,10,
county,2.4545454545454546,1.2933395813657265,11,
coup,3.4,1.6465452046971292,10,
couple,4.090909090909091,1.6403990645294488,11,
coupling,4.181818181818182,1.5374122295716148,11,
coupon,2.636363636363636,1.9632996344280853,11,
courage,3.1,1.3703203194062976,10,
courageous,3.4,1.9550504398153572,10,
courier,2.7857142857142856,1.7619295117556788,14,
course,3.0,1.591644851508443,16,
court,3.5384615384615383,2.4703368398993897,13,
courteous,3.9,1.100504934614612,10,
courtesy,2.9,1.5238839267549948,10,
courthouse,3.909090909090909,2.3001976199685736,11,
courtly,3.4,1.6465452046971292,10,
courtroom,3.7,2.311805451253293,10,
courtship,2.4,1.8973665961010275,10,
courtyard,3.0,1.4142135623730951,10,
cousin,2.1,1.286683937707919,10,
cove,3.727272727272727,1.555050423035156,11,
coven,2.75,1.815338686155987,12,
covenant,3.1,1.5951314818673863,10,
cover,3.8,1.8135294011647256,10,
coverage,3.636363636363636,1.8586407545691703,11,
coverall,3.6,1.9550504398153572,10,
covering,2.727272727272727,1.4206272622267313,11,
covert,4.545454545454546,1.752919642404429,11,
covet,2.1818181818181817,1.1677484162422844,11,
cow,5.2,1.932183566158592,10,
coward,3.636363636363636,1.8586407545691703,11,
cowardice,3.1818181818181817,2.088931871468374,11,
cowardly,3.9166666666666665,1.831955405041456,12,
cowbell,4.3,2.0027758514399734,10,
cowboy,2.8,1.932183566158592,10,
cower,4.1,1.911950719959998,10,
cowgirl,3.1,1.8529256146249728,10,
cowl,3.636363636363636,2.292279532375024,11,
coyote,3.0,1.8973665961010275,11,
cozy,5.3,1.4944341180973264,10,
crab,4.0,1.563471919941143,10,
crabby,4.2727272727272725,2.3276988246295565,11,
crack,5.4,1.577621275493231,10,
cracked,5.8,1.0327955589886444,10,
cracker,4.4,1.776388345929897,10,
crackle,6.7,0.4830458915396479,10,
crackling,5.909090909090909,1.7002673586554236,11,
cradle,4.545454545454546,2.544155512685353,11,
craft,3.2,1.8135294011647256,10,
crafty,4.2,1.6865480854231356,10,
crag,5.1,1.286683937707919,10,
craggy,4.0,2.260776661041756,10,
cram,5.1,1.5951314818673863,10,
cramp,5.2,1.5491933384829668,10,
cranberry,2.8181818181818183,1.9908883353006928,11,
crane,4.1,1.1972189997378648,10,
cranium,3.2,1.6865480854231356,10,
crank,4.8,1.932183566158592,10,
cranky,5.25,1.864744681524183,12,
crap,5.7,1.2516655570345725,10,
crappy,5.4,0.966091783079296,10,
crash,5.2,1.9888578520235063,10,
crashing,4.4,2.1705094128132942,10,
crass,3.5,1.6499158227686108,10,
crate,3.8,1.5491933384829668,10,
crater,5.0,1.095445115010332,11,
crave,4.090909090909091,1.7002673586554236,11,
craving,3.1,2.1317702607092643,10,
crawfish,4.4,1.8973665961010275,10,
crawl,3.363636363636364,2.013590190318143,11,
crawler,4.4,2.0110804171997807,10,
crayfish,2.9,1.911950719959998,10,
crayon,2.4,1.776388345929897,10,
craze,4.75,1.6583123951777,12,
crazed,4.7,2.263232692902394,10,
crazy,4.1,2.282785822435191,10,
creak,6.8,0.6324555320336759,10,
creaky,6.0,1.247219128924647,10,
cream,4.090909090909091,1.7580981459830651,11,
creamer,4.5,2.0138409955990952,10,
creamy,5.9,0.8755950357709131,10,
crease,3.0,1.6583123951777,9,
create,3.3,1.888562063228706,10,
creation,3.6,1.9550504398153572,10,
creationism,2.363636363636364,1.8586407545691703,11,
creative,4.2,1.5491933384829668,10,
creativity,3.4,0.966091783079296,10,
creator,3.0,1.7638342073763935,10,
creature,4.083333333333333,1.6213537179739277,12,
credence,2.2,0.9189365834726816,10,
credential,3.3,2.213594362117865,10,
credibility,3.230769230769231,2.166173513896726,13,
credible,3.0,1.6733200530681511,11,
credit,3.3,1.888562063228706,10,
creditable,3.2,1.5491933384829668,10,
creditor,2.2,1.1352924243950937,10,
credulous,2.909090909090909,1.7580981459830651,11,
creed,3.333333333333333,1.6696942198734437,12,
creek,5.0,2.309401076758503,10,
creep,5.416666666666667,1.0836246694508318,12,
creeper,4.6,1.6465452046971292,10,
creeping,5.1,1.5951314818673863,10,
creepy,5.8,0.7888106377466155,10,
cremate,4.6,1.7237832147426693,15,
crematory,3.9166666666666665,1.928651593652148,12,
crepe,3.4,2.270584848790187,10,
crescent,3.9,2.0248456731316584,10,
crest,3.4,1.577621275493231,10,
cretin,3.8,1.8737959096740264,10,
crevasse,4.363636363636363,2.062654952856986,11,
crevice,4.2727272727272725,2.053821272209882,11,
crew,2.583333333333333,1.781640374554423,12,
crib,4.0,2.3570226039551585,10,
crick,5.4,1.505545305418162,10,
cricket,5.615384615384615,2.063106942552968,13,
cried,4.909090909090909,0.8312094145936335,11,
crime,3.1,2.1317702607092643,10,
criminal,3.5,2.223610677354389,10,
crimp,5.583333333333333,1.2401124093721456,12,
crimson,3.4166666666666665,2.314316444667973,12,
cringe,5.6,1.2649110640673518,10,
crinkle,5.8,0.9189365834726816,10,
crinkly,5.6,2.065591117977289,10,
cripple,5.5,1.0801234497346437,10,
crisis,3.8,1.8135294011647256,10,
crisp,5.0,2.174229226018436,12,
crispy,6.5,0.8498365855987975,10,
crisscross,6.454545454545454,1.2135597524338355,11,
criterion,3.1,1.66332999331662,10,
critic,4.3,1.1595018087284057,10,
critical,2.8181818181818183,1.4709304414677002,11,
criticism,4.4,1.837873166945363,10,
criticize,3.5,1.9578900207451215,10,
critique,3.5,2.068278940998476,10,
critter,4.636363636363637,1.5666989036012806,11,
croak,6.076923076923077,1.5525000516123697,13,
crochet,3.4,1.7126976771553504,10,
crocodile,3.071428571428572,1.9792883614022532,14,
croissant,3.615384615384616,2.0223114472661203,13,
crook,5.583333333333333,1.6764862244009229,12,
crooked,4.8,1.6865480854231356,10,
croon,4.384615384615385,2.662657242256988,13,
crop,3.7,2.263232692902394,10,
croquet,3.0,2.160246899469287,10,
croquette,3.5,1.8408935028645437,10,
cross,4.7,2.359378449224852,10,
crossbar,4.7,1.4181364924121764,10,
crossbow,4.1,2.4244128727957577,10,
crossed,4.166666666666667,1.992409839791244,12,
crossfire,3.3,2.406010991015812,10,
crossing,4.181818181818182,1.834021909257456,11,
crossness,3.5,1.9578900207451215,10,
crossover,4.090909090909091,2.119176512447486,11,
crossroad,4.7,2.057506581601462,10,
crossword,4.181818181818182,2.482667187449088,11,
crotch,3.8181818181818175,1.8877596148970777,11,
crouch,5.0,1.9069251784911847,12,
crouton,3.0,1.61245154965971,11,
crow,3.363636363636364,2.157439559882375,11,
crowbar,3.6666666666666665,2.103388319888276,12,
crowd,4.2,1.398411797560202,10,
crowded,5.266666666666667,1.7511900715418265,15,
crown,3.0,1.1832159566199232,11,
crowned,4.5,1.35400640077266,10,
crucial,2.7,2.406010991015812,10,
crucifix,3.7,2.213594362117865,10,
crucifixion,4.9,1.66332999331662,10,
crucify,4.5,2.592724864350674,10,
crude,5.0,1.3333333333333333,10,
cruel,4.5,2.0138409955990952,10,
cruelty,4.076923076923077,1.4978617237881953,13,
cruise,5.4,1.07496769977314,10,
cruiser,4.3,1.946506842754191,10,
crumb,4.785714285714286,2.0448272986535274,14,
crumble,4.1,2.1317702607092643,10,
crumbly,6.2,0.7888106377466155,10,
crummy,4.7,1.946506842754191,10,
crump,5.0,1.7638342073763935,10,
crumpet,3.9,2.282785822435191,10,
crumple,4.727272727272728,2.3276988246295565,11,
crumpled,5.5,1.2692955176439846,10,
crunch,6.4,0.966091783079296,10,
crunchy,5.7,1.946506842754191,10,
crusade,3.3529411764705883,1.902011319320558,17,
crush,5.5,1.35400640077266,10,
crust,4.818181818181818,1.7215215257545762,11,
crustacean,3.75,2.220769727328383,12,
crusty,6.2,1.2292725943057183,10,
crutch,4.6,1.505545305418162,10,
cry,4.846153846153846,1.7722938923964169,13,
crying,4.666666666666667,2.229281716090851,12,
crypt,3.9,2.0248456731316584,10,
cryptic,3.882352941176471,1.6912404079985373,17,
crystal,4.7,1.3374935098492586,10,
crystallize,3.9,2.282785822435191,10,
cub,3.3,1.5670212364724212,10,
cube,4.090909090909091,2.21153998175685,11,
cubic,3.2,1.9888578520235063,10,
cubical,5.2,2.14993539954628,10,
cubicle,4.0,1.8973665961010275,11,
cuckold,2.8,2.3475755815545347,10,
cuckoo,4.454545454545454,2.114882330704777,11,
cucumber,3.0,1.563471919941143,10,
cuddle,4.727272727272728,2.2401298663653004,11,
cuddly,5.0,1.4142135623730951,10,
cue,3.0,1.632993161855452,10,
cuff,4.6,1.6465452046971292,10,
cuisine,2.363636363636364,1.2862913567871994,11,
culinary,2.5,0.8498365855987975,10,
culpable,2.363636363636364,1.5015143870590966,11,
culprit,2.4545454545454546,1.2135597524338355,11,
cult,3.6,2.0110804171997807,10,
cultism,4.1,2.330951164939612,10,
cultivate,4.0,1.8439088914585773,11,
cultural,3.3,1.946506842754191,10,
culture,4.0,2.23606797749979,11,
cultured,3.1,1.5951314818673863,10,
cumbersome,4.076923076923077,1.8009968749527978,13,
cumin,2.2,1.8135294011647256,10,
cumulative,4.2,1.4757295747452437,10,
cunning,3.6,1.9550504398153572,10,
cunt,4.142857142857143,2.282277636220276,14,
cup,3.8333333333333335,1.5859229221975182,12,
cupboard,2.909090909090909,2.0225995873897262,11,
cupcake,3.1,2.0248456731316584,10,
cupped,3.6,1.8973665961010275,10,
curative,3.0,1.4142135623730951,10,
curator,3.2,2.2997584414213788,10,
curb,4.0,1.5491933384829668,11,
curd,4.181818181818182,2.1825756260978366,11,
cure,4.4,2.221110833194357,10,
curfew,3.5,2.0138409955990952,10,
curiosity,3.363636363636364,1.5015143870590966,11,
curious,2.9,1.5238839267549948,10,
curl,4.583333333333333,1.6213537179739277,12,
curling,4.636363636363637,1.9632996344280853,11,
curly,5.181818181818182,2.0404990476930798,11,
currency,3.8181818181818175,2.3587361793206894,11,
current,4.5,1.7159383568311668,10,
currently,2.583333333333333,2.108783937953269,12,
curriculum,3.4166666666666665,2.151461800448216,12,
curry,3.8,2.14993539954628,10,
curse,4.2,2.0976176963403037,10,
cursed,4.6,1.07496769977314,10,
curtain,3.2,2.14993539954628,10,
curtsey,3.0,1.8973665961010275,11,
curtsy,4.2727272727272725,1.4206272622267313,11,
curve,5.5,1.7795130420052183,10,
cushion,4.363636363636363,1.5666989036012806,11,
cushiony,4.4,2.1705094128132942,10,
cushy,5.727272727272728,1.555050423035156,11,
cusp,4.3,2.213594362117865,10,
cuss,3.5,2.1213203435596424,10,
custard,3.1,1.3703203194062976,10,
custodial,2.333333333333333,1.5339299776947408,18,
custodian,3.4,2.1186998109427604,10,
custody,4.2,1.9888578520235063,10,
custom,2.9,2.2335820757001272,10,
customary,2.636363636363636,1.6292775867068985,11,
customer,2.6,1.577621275493231,10,
customize,2.909090909090909,1.8140862964338524,11,
cut,5.3,1.0593499054713802,10,
cute,4.6,1.577621275493231,10,
cuticle,2.727272727272727,1.9021518914592013,11,
cutie,4.9,1.66332999331662,10,
cutlass,3.5,2.0138409955990952,10,
cutlery,3.7,1.946506842754191,10,
cutter,4.181818181818182,1.7215215257545762,11,
cutting,4.7,2.0027758514399734,10,
cyanide,2.909090909090909,1.9725387425622571,11,
cycle,4.5,1.6499158227686108,10,
cyclist,3.909090909090909,2.119176512447486,11,
cyclone,4.545454545454546,2.018099916438052,11,
cylinder,3.3,1.636391694484477,10,
cylindrical,3.1,2.0248456731316584,10,
cymbal,2.833333333333333,2.124888588879783,12,
cynic,3.875,1.5,16,
cynical,3.090909090909091,1.300349603340998,11,
cynicism,2.5,1.6499158227686108,10,
cypress,2.888888888888889,1.69148192751537,9,
cyst,4.7,2.110818693198342,10,
cystic,4.3,1.4181364924121764,10,
czar,2.5,1.9578900207451215,10,
dab,5.0,2.211083193570267,10,
dabble,5.0,1.1832159566199232,11,
dachshund,2.8,2.3944379994757297,10,
dad,4.1,1.1972189997378648,10,
daddy,4.5,1.90029237516523,10,
daffodil,3.7,1.766981104093143,10,
dagger,5.5,1.509230856356236,10,
daily,3.5,1.6499158227686108,10,
dainty,4.454545454545454,1.8635254955935727,11,
daiquiri,3.636363636363636,1.804035879506129,11,
dairy,2.909090909090909,1.513574937328539,11,
daisy,4.8,2.0976176963403037,10,
Dalmatian,2.0,1.2060453783110543,12,
dam,3.5,2.223610677354389,10,
damage,4.7,2.057506581601462,10,
dame,3.615384615384616,1.6092680291808414,13,
damn,5.2,2.0976176963403037,10,
damnable,4.0,1.5491933384829668,11,
damnation,4.181818181818182,1.8877596148970777,11,
damned,3.733333333333333,1.98086080374405,15,
damning,4.2,1.398411797560202,10,
damp,5.181818181818182,2.1362669223756576,11,
dampen,4.636363636363637,1.689540012709215,11,
damper,5.4,1.1737877907772674,10,
damsel,3.090909090909091,1.5782614139961386,11,
dance,4.545454545454546,2.018099916438052,11,
dancer,3.3,1.636391694484477,10,
dandelion,3.272727272727273,1.7939291563999449,11,
dandruff,3.3,1.70293863659264,10,
dandy,4.4,2.065591117977289,10,
danger,3.363636363636364,2.1105794120443453,11,
dangerous,3.4,2.065591117977289,10,
dangle,4.8,1.8135294011647256,10,
dank,4.0,2.494438257849294,10,
dap,4.733333333333333,1.8309508328682536,15,
dapple,3.4,2.065591117977289,10,
dappled,4.111111111111111,1.7111705277859943,18,
dare,3.1,1.66332999331662,10,
daredevil,3.8,2.0976176963403037,10,
daring,3.0,1.2649110640673518,11,
dark,4.2,1.6865480854231356,10,
darken,4.363636363636363,1.9116865471476892,11,
darkness,4.6,1.9550504398153572,10,
darling,3.8,1.932183566158592,10,
darn,3.75,2.3011854652449344,12,
dart,4.909090909090909,2.0225995873897262,11,
dash,5.9,1.5238839267549948,10,
dashboard,4.0,2.0548046676563256,10,
dashed,4.8,1.9888578520235063,10,
dashing,4.8,1.7511900715418265,10,
dastardly,4.454545454545454,2.2074254852038093,11,
data,3.8,2.043961295567452,10,
date,3.3076923076923075,2.1750331562459526,13,
daughter,3.7,2.057506581601462,10,
daunt,3.8,1.6865480854231356,10,
dawdle,5.2,2.043961295567452,10,
dawn,4.3,1.70293863659264,10,
day,3.363636363636364,2.292279532375024,11,
daybreak,3.636363636363636,1.6292775867068985,11,
daydream,3.7,2.406010991015812,10,
daylight,4.909090909090909,2.165850662190053,11,
days,2.333333333333333,1.9227505550564008,12,
daytime,4.363636363636363,2.419616799112094,11,
daze,4.7,2.213594362117865,10,
dazzle,5.8,1.1352924243950937,10,
deacon,2.9166666666666665,2.314316444667973,12,
dead,5.3,1.636391694484477,10,
deadline,3.8181818181818175,2.0404990476930798,11,
deadly,4.5,1.90029237516523,10,
deaf,4.0,2.10818510677892,10,
deafening,5.0,2.280350850198276,11,
deal,3.3,1.636391694484477,10,
dealer,3.727272727272727,1.618079669911781,11,
dealing,3.1538461538461537,1.9935794376846323,13,
dealt,3.2,1.932183566158592,10,
dean,2.4545454545454546,1.916436086262016,11,
dear,2.9166666666666665,2.108783937953269,12,
death,5.3,2.1628170930011112,10,
deathly,3.9,1.728840330651992,10,
debacle,3.0,1.5,9,
debark,3.0,1.8856180831641267,10,
debatable,3.4,1.6465452046971292,10,
debate,4.333333333333333,1.497472618255253,12,
debilitate,2.6,1.2649110640673518,10,
debit,3.5,1.7795130420052183,10,
debone,3.9,2.183269719175042,10,
debrief,3.8,1.8135294011647256,10,
debris,3.3,2.311805451253293,10,
debt,4.3,1.946506842754191,10,
debug,3.2142857142857144,2.0448272986535274,14,
debut,3.0,1.8439088914585773,11,
decade,3.4,1.429840705968481,10,
decadence,2.9,2.183269719175042,10,
decadent,4.5,1.7795130420052183,10,
decaf,3.363636363636364,1.8586407545691703,11,
decal,3.1,1.5951314818673863,10,
decay,3.9,2.330951164939612,10,
decease,2.5454545454545454,1.572490786213793,11,
deceased,3.6666666666666665,1.497472618255253,12,
deceit,2.727272727272727,1.618079669911781,11,
deceitful,1.9,1.1972189997378648,10,
deceivable,2.9,1.286683937707919,10,
deceive,3.0,1.3333333333333333,10,
decelerate,4.7,1.8287822299126937,10,
December,3.5454545454545454,2.659459958850156,11,
decency,3.1818181818181817,2.0404990476930798,11,
decent,3.8,1.9888578520235063,10,
decentralize,2.5,1.4459976109624424,12,
deception,2.3,1.1595018087284057,10,
deceptive,3.2,1.6193277068654826,10,
decidable,2.272727272727273,1.489356175728901,11,
decide,2.9285714285714284,1.7304639535412156,14,
decided,3.363636363636364,1.804035879506129,11,
decimal,3.2,2.0976176963403037,10,
decimate,4.2727272727272725,2.2401298663653004,11,
decipher,3.0,1.7638342073763935,10,
decision,3.5,2.1105794120443453,12,
decisive,4.3,1.70293863659264,10,
deck,4.0,1.7638342073763935,10,
declaration,3.727272727272727,2.4531982835029496,11,
declare,4.1,1.5951314818673863,10,
declared,3.333333333333333,2.1461734799546397,12,
decline,4.3,1.888562063228706,10,
decode,3.6,1.6465452046971292,10,
decompose,3.9,1.449137674618944,10,
decomposition,3.2,1.9888578520235063,10,
decompression,3.2,1.932183566158592,10,
decorate,3.6666666666666665,1.8027756377319943,9,
decoration,3.5,1.90029237516523,10,
decorative,2.9,1.728840330651992,10,
decorator,3.6666666666666665,2.103388319888276,12,
decouple,4.2,1.8737959096740264,10,
decoy,2.9,1.5238839267549948,10,
decrease,3.0,2.0976176963403037,11,
decree,2.5,1.381698559415515,12,
decrepit,2.583333333333333,1.781640374554423,12,
decry,3.583333333333333,2.151461800448216,12,
dedicate,3.8,2.3475755815545347,10,
dedicated,2.8,2.043961295567452,10,
dedication,2.333333333333333,1.8257418583505536,12,
dedicatory,2.5454545454545454,1.694912172570388,11,
deduce,2.636363636363636,1.2862913567871994,11,
deduct,4.076923076923077,1.255755978254962,13,
deductive,2.8,1.5491933384829668,10,
deed,3.3,2.0027758514399734,10,
deem,3.8,2.440400695696417,10,
deep,4.0,1.563471919941143,10,
deepen,4.545454545454546,1.752919642404429,11,
deer,3.5,1.9578900207451215,10,
deface,3.4545454545454546,1.8090680674665816,11,
defamation,3.2,1.9888578520235063,10,
defamatory,2.272727272727273,1.4206272622267313,11,
defame,3.4,1.837873166945363,10,
defang,3.75,1.4222261679238195,12,
default,2.3,1.1595018087284057,10,
defeat,2.923076923076923,1.7059473644448735,13,
defeatism,2.8,1.8737959096740264,10,
defeatist,3.2,1.7511900715418265,10,
defect,3.6,1.1737877907772674,10,
defective,2.272727272727273,1.618079669911781,11,
defend,3.1666666666666665,1.80067327475704,12,
defendant,2.727272727272727,1.4206272622267313,11,
defense,3.769230769230769,2.2043081361221617,13,
defensible,2.3846153846153846,1.5566235649883124,13,
defensive,3.5,1.8408935028645437,10,
defiance,3.5454545454545454,1.916436086262016,11,
defiant,3.8,1.6865480854231356,10,
defibrillator,3.8,1.8135294011647256,10,
deficiency,4.363636363636363,1.433368568981982,11,
deficient,3.636363636363636,1.6292775867068985,11,
deficit,2.8,1.6193277068654826,10,
define,3.6666666666666665,2.059714602177749,12,
definitely,3.4,1.9550504398153572,10,
definition,2.9,2.0789954839350235,10,
definitive,3.571428571428572,2.064881658530644,14,
deflate,4.0,1.7638342073763935,10,
deflect,4.5,1.1785113019775793,10,
defog,4.4,2.270584848790187,10,
deforest,5.0,2.3570226039551585,10,
deform,3.4,2.270584848790187,10,
deformed,4.0,2.0548046676563256,10,
deformity,3.7857142857142856,1.7177163475234931,14,
defraud,3.5,2.41522945769824,10,
defrost,3.4,1.8973665961010275,10,
defy,4.538461538461538,2.066211695163584,13,
degeneracy,2.6,1.6465452046971292,10,
degenerate,3.3,1.636391694484477,10,
degeneration,4.0,2.04939015319192,11,
degerm,3.076923076923077,1.7059473644448735,13,
deglaze,3.2,1.8737959096740264,10,
degradation,3.8,2.0976176963403037,10,
degrade,4.0,1.61245154965971,11,
degraded,3.2,1.4757295747452437,10,
degrading,4.9,2.0248456731316584,10,
degrease,3.1818181818181817,1.7215215257545762,11,
degree,3.272727272727273,1.7939291563999449,11,
dehorn,3.642857142857143,1.864945569720998,14,
dehumanize,4.2727272727272725,2.6491851234260357,11,
dehumidifier,3.5,1.6499158227686108,10,
dehumidify,4.0,2.260776661041756,10,
dehydration,3.615384615384616,2.2188007849009166,13,
deign,2.4,1.3498971154211057,10,
deinstitutionalize,2.5625,2.220172665957913,16,
deject,3.9,1.449137674618944,10,
dejected,3.7,1.946506842754191,10,
delay,2.7,1.4944341180973264,10,
delayed,3.3,1.70293863659264,10,
delectable,4.2,1.6193277068654826,10,
delegate,1.7272727272727273,1.1908743922772955,11,
delete,3.636363636363636,2.013590190318143,11,
deli,3.272727272727273,2.053821272209882,11,
deliberate,2.8,1.6865480854231356,10,
deliberative,1.9,1.1972189997378648,10,
delicacy,4.6,1.2649110640673518,10,
delicate,5.3,1.766981104093143,10,
delicatessen,3.2,2.440400695696417,10,
delicious,5.0,1.61245154965971,11,
delight,3.75,1.2154310870109943,12,
delighted,3.8181818181818175,1.834021909257456,11,
delightful,4.454545454545454,1.572490786213793,11,
delightsome,3.5454545454545454,2.2522715805886446,11,
delineate,3.1,1.449137674618944,10,
delinquency,2.4545454545454546,1.4396969378057567,11,
delinquent,3.9,1.911950719959998,10,
delirious,4.2,1.4757295747452437,10,
delirium,4.5,1.9578900207451215,10,
deliver,2.833333333333333,1.7494587907710375,12,
deliverance,2.4,1.3498971154211057,10,
delivery,2.8,1.1352924243950937,10,
dell,2.8,1.5491933384829668,10,
delouse,2.909090909090909,2.256304299271065,11,
delta,3.9,2.183269719175042,10,
delude,3.583333333333333,2.274696116900546,12,
deluge,3.25,2.2519832529192065,8,
delusion,2.8,1.8737959096740264,10,
delusional,3.6,1.837873166945363,10,
delusive,3.5454545454545454,1.8090680674665816,11,
deluxe,4.583333333333333,1.928651593652148,12,
delve,3.9,1.9692073983655909,10,
demagnetize,2.0,1.095445115010332,11,
demand,3.5,1.35400640077266,10,
demanding,3.9,1.9692073983655909,10,
demeaning,3.0,1.699673171197595,10,
demeanor,2.9,1.5951314818673863,10,
demented,4.5,2.223610677354389,10,
dementia,2.5,1.9578900207451215,10,
demise,3.363636363636364,1.9116865471476892,11,
demo,3.3,2.359378449224852,10,
democracy,3.0,2.160246899469287,10,
democrat,2.6,1.776388345929897,10,
democratic,3.8,1.7511900715418265,10,
democratize,2.5,1.5811388300841898,10,
demolish,3.9,1.8529256146249728,10,
demolition,3.727272727272727,1.7372915179041823,11,
demon,3.8181818181818175,2.1362669223756576,11,
demonic,3.7857142857142856,1.847183778644646,14,
demonstrate,2.875,1.9958289839896937,16,
demoralize,3.0,2.0,10,
demote,2.230769230769231,1.2351684199496948,13,
demystify,2.636363636363636,1.9116865471476892,11,
den,4.4,1.2649110640673518,10,
denationalize,2.4545454545454546,1.8090680674665816,11,
deniability,2.363636363636364,1.3618169680781094,11,
deniable,4.1,1.8529256146249728,10,
denial,2.8,1.1352924243950937,10,
denigrate,3.3846153846153846,1.8045526471705544,13,
denim,4.0,1.632993161855452,10,
denominational,1.9,0.9944289260117531,10,
denounce,3.7,1.5670212364724212,10,
dense,4.0,1.632993161855452,10,
density,3.9,1.449137674618944,10,
dent,4.181818181818182,2.227921983292136,11,
dental,3.2,1.9888578520235063,10,
dentist,2.9,1.9692073983655909,10,
denture,2.8,1.398411797560202,10,
denude,2.7,1.8287822299126937,10,
deny,3.0,1.954016841836789,12,
deodorant,2.9,2.183269719175042,10,
depart,3.3,1.4944341180973264,10,
departed,3.8,1.8737959096740264,10,
department,3.1818181818181817,1.4012980994907414,11,
departure,3.1818181818181817,1.4012980994907414,11,
depend,2.6666666666666665,1.775250729197189,12,
dependable,4.2,2.043961295567452,10,
dependence,2.8,2.3944379994757297,10,
dependency,2.9,1.5951314818673863,10,
depersonalization,4.0,2.5385910352879693,10,
depersonalize,3.4166666666666665,1.781640374554423,12,
depict,3.2,2.250925735484551,10,
deplete,2.888888888888889,1.1666666666666667,9,
deplorable,3.3,1.636391694484477,10,
deplore,4.090909090909091,1.513574937328539,11,
deploy,2.9,1.911950719959998,10,
deport,4.3,2.1628170930011112,10,
deportation,5.0,2.3570226039551585,10,
deposit,3.1818181818181817,1.5374122295716148,11,
deposition,2.7,1.4944341180973264,10,
depot,3.0,1.6832508230603465,13,
deprave,3.3,1.636391694484477,10,
depraved,2.5,1.509230856356236,10,
depravity,3.1818181818181817,2.1362669223756576,11,
deprecate,3.4545454545454546,1.752919642404429,11,
depreciable,2.9,1.911950719959998,10,
depreciate,3.9,2.378141197564929,10,
depress,4.7,1.4944341180973264,10,
depressed,4.5,1.623688281771977,12,
depressing,4.4,1.9550504398153572,10,
depression,4.363636363636363,1.9632996344280853,11,
depressive,4.357142857142857,1.7368026705655184,14,
depressurize,3.1,1.911950719959998,10,
deprivation,3.1818181818181817,1.834021909257456,11,
deprive,3.6,1.429840705968481,10,
depth,4.357142857142857,1.6919330254585618,14,
deputy,3.1,2.0248456731316584,10,
deride,2.571428571428572,1.741541567969893,14,
derivative,2.9,1.5238839267549948,10,
derive,2.8181818181818183,1.5374122295716148,11,
derogative,2.5454545454545454,1.6348477827391985,11,
derogatory,3.5,1.5811388300841898,10,
desalt,3.333333333333333,1.9880595947760096,15,
descale,3.4615384615384617,2.221687969967303,13,
descend,4.2,2.043961295567452,10,
descent,4.7,1.5670212364724212,10,
describe,3.5,2.1213203435596424,10,
description,3.333333333333333,1.969463855669324,12,
descriptive,3.5454545454545454,1.8635254955935727,11,
desecrate,3.0,2.0,11,
desert,3.363636363636364,2.062654952856986,11,
deserve,2.4166666666666665,1.831955405041456,12,
deserved,3.769230769230769,1.4806443503784736,13,
deservedly,3.090909090909091,1.868397465987655,11,
deserving,2.5454545454545454,1.5075567228888185,11,
desiccate,3.1666666666666665,1.6966991126265962,12,
design,1.9,1.286683937707919,10,
designate,3.4,1.7126976771553504,10,
designed,3.7,2.110818693198342,10,
designer,3.727272727272727,2.004540300962248,11,
designing,3.0,1.632993161855452,16,
desirable,3.0,2.0548046676563256,10,
desire,4.2,1.6865480854231356,10,
desired,3.615384615384616,2.433737233777904,13,
desirous,3.3076923076923075,1.7974340685458343,13,
desk,3.2,2.201009869229224,10,
desolate,3.727272727272727,1.8488325554743508,11,
desolation,3.0,1.7320508075688772,11,
despair,4.454545454545454,1.2135597524338355,11,
despairing,4.083333333333333,1.5642792899510294,12,
desperate,3.5,2.718251071716682,10,
desperation,2.727272727272727,1.618079669911781,11,
despicable,4.0,1.8708286933869709,9,
despise,4.2,1.4757295747452437,10,
despite,2.2,1.398411797560202,10,
despoil,3.230769230769231,1.535895295576609,13,
despondency,1.9,1.100504934614612,10,
despondent,2.2,0.9189365834726816,10,
dessert,3.5,2.223610677354389,10,
destabilize,4.454545454545454,1.8090680674665816,11,
destination,4.4,2.065591117977289,10,
destiny,3.6,1.776388345929897,10,
destitute,3.3,1.636391694484477,10,
destroy,3.7,1.4181364924121764,10,
destroyer,4.363636363636363,1.6292775867068985,11,
destruct,4.2,1.8737959096740264,10,
destruction,4.545454545454546,1.916436086262016,11,
destructive,4.0,1.8856180831641267,10,
detach,3.9166666666666665,2.0652243256245835,12,
detached,3.7,2.359378449224852,10,
detail,3.0,1.4832396974191326,11,
detailed,4.3,1.3374935098492586,10,
detain,3.0,1.4142135623730951,10,
detect,3.272727272727273,1.618079669911781,11,
detection,3.3,2.0027758514399734,10,
detective,3.1,2.0248456731316584,10,
detector,3.090909090909091,2.119176512447486,11,
detention,3.1,1.9692073983655909,10,
deter,2.8181818181818183,1.2504544628399563,11,
detergent,3.1538461538461537,1.9935794376846323,13,
deteriorate,3.7,1.5670212364724212,10,
deterioration,3.909090909090909,2.119176512447486,11,
determinable,3.1666666666666665,1.5859229221975182,12,
determinate,4.0,1.8856180831641267,10,
determination,4.333333333333333,2.059714602177749,12,
determinative,2.3,1.2516655570345725,10,
determine,2.8181818181818183,1.834021909257456,11,
determined,3.7,1.766981104093143,10,
determinism,2.9166666666666665,1.5642792899510294,12,
deterrent,3.1,1.728840330651992,10,
detest,3.0,2.04939015319192,11,
detestable,3.3,1.1595018087284057,10,
detonate,3.6,1.8973665961010275,10,
detonation,3.1818181818181817,1.662418829187267,11,
detonator,3.6666666666666665,1.775250729197189,12,
detour,3.3,2.0027758514399734,10,
detract,2.9,1.66332999331662,10,
detriment,3.5,1.9578900207451215,10,
detrimental,3.1818181818181817,1.834021909257456,11,
deuce,1.7,1.0593499054713802,10,
devastate,4.727272727272728,1.555050423035156,11,
devastating,2.909090909090909,1.136181803634036,11,
devastation,4.4,1.9550504398153572,10,
develop,3.727272727272727,1.2720777563426766,11,
developer,2.2,1.4757295747452437,10,
development,3.1818181818181817,1.8877596148970777,11,
deviance,3.642857142857143,1.5984195491000024,14,
deviant,3.7,1.4944341180973264,10,
device,2.1,0.9944289260117531,10,
devil,3.3,2.213594362117865,10,
devilish,4.6,1.577621275493231,10,
devious,4.133333333333334,1.5522640914238175,15,
devise,4.454545454545454,1.2135597524338355,11,
devocalize,2.5454545454545454,1.8090680674665816,11,
devoid,3.272727272727273,2.004540300962248,11,
devote,3.1,1.286683937707919,10,
devoted,3.0,1.9436506316151,10,
devotion,3.9,2.183269719175042,10,
devotional,3.090909090909091,2.165850662190053,11,
devour,6.0,1.0540925533894598,10,
devout,3.5,2.0138409955990952,10,
dew,4.0,2.0548046676563256,10,
deworm,4.8,1.8135294011647256,10,
dewy,5.4,1.776388345929897,10,
dexterity,2.4166666666666665,1.5050420310248864,12,
diabetes,3.8181818181818175,2.272363607268072,11,
diabetic,3.6,1.8973665961010275,10,
diabolic,3.5,2.0138409955990952,10,
diagnose,3.7,2.110818693198342,10,
diagram,4.285714285714286,1.5898026693500449,14,
dial,4.0,1.8439088914585773,11,
dialect,3.727272727272727,2.053821272209882,11,
dialogue,3.1,2.378141197564929,10,
dialysis,3.0,1.8973665961010275,11,
diameter,2.7,1.636391694484477,10,
diamond,5.0,1.7056057308448835,12,
diaper,5.1,1.9692073983655909,10,
diarrhea,3.7,2.5841396591085743,10,
diary,3.363636363636364,1.5666989036012806,11,
dice,2.8,1.8737959096740264,10,
dick,3.8333333333333335,2.4802248187442912,12,
dicker,3.076923076923077,1.605279750362247,13,
dictate,4.7,0.6749485577105528,10,
dictation,2.6,1.837873166945363,10,
dictator,4.5,1.5811388300841898,10,
dictatorship,3.272727272727273,2.370270410350224,11,
diction,4.0,2.0,10,
dictionary,3.363636363636364,2.013590190318143,11,
did,1.9,1.1972189997378648,10,
die,4.5,2.2763607319179844,12,
diesel,3.4,1.7126976771553504,10,
diet,3.3,1.888562063228706,10,
dietary,2.9,1.911950719959998,10,
differ,3.090909090909091,1.7580981459830651,11,
difference,2.25,1.5447859516333116,12,
different,2.6,1.429840705968481,10,
differentiate,3.1,2.1317702607092643,10,
difficult,3.3,2.359378449224852,10,
difficulty,4.5,1.5811388300841898,10,
diffuse,4.1,1.449137674618944,10,
diffusive,3.727272727272727,1.9021518914592013,11,
dig,4.5,1.5666989036012806,12,
digest,3.5454545454545454,1.752919642404429,11,
digger,4.5,1.5811388300841898,10,
digit,4.2727272727272725,1.9021518914592013,11,
digital,3.1818181818181817,2.1825756260978366,11,
dignified,2.636363636363636,1.433368568981982,11,
dignify,2.9,1.1972189997378648,10,
dignity,1.8,1.2292725943057183,10,
digression,3.1,1.3703203194062976,10,
digressive,2.5,1.509230856356236,10,
dilate,3.636363636363636,1.6292775867068985,11,
dildo,2.8,1.6193277068654826,10,
dilemma,3.6666666666666665,1.7232808737106582,12,
diligence,3.1538461538461537,2.0754980866510837,13,
diligent,3.090909090909091,2.119176512447486,11,
dilute,3.583333333333333,1.928651593652148,12,
dim,4.5,1.35400640077266,10,
dime,3.25,1.9598237397554636,12,
dimension,3.0,2.0976176963403037,11,
diminish,4.1,1.728840330651992,10,
dimple,4.75,1.815338686155987,12,
dine,3.4,1.505545305418162,10,
diner,3.1,1.286683937707919,10,
ding,6.2,1.5491933384829668,10,
dinghy,3.909090909090909,1.9725387425622571,11,
dingo,4.6,2.0110804171997807,10,
dingy,4.818181818181818,1.834021909257456,11,
dink,5.3,2.0027758514399734,10,
dinner,2.1,1.5238839267549948,10,
dinosaur,4.307692307692308,2.1363760352762253,13,
dioxide,2.833333333333333,1.19341628287971,12,
dip,5.4,1.577621275493231,10,
diploma,3.8,2.5298221281347035,10,
diplomacy,3.636363636363636,2.062654952856986,11,
diplomat,2.2,1.932183566158592,10,
diplomatic,3.1,1.66332999331662,10,
dipper,5.2,1.1352924243950937,10,
dire,4.1,2.2335820757001272,10,
direct,3.5,2.1213203435596424,10,
directed,2.909090909090909,2.0225995873897262,11,
direction,4.230769230769231,1.832750490103429,13,
directive,3.1818181818181817,2.1362669223756576,11,
director,3.1818181818181817,1.7215215257545762,11,
directory,3.1875,1.682012683265696,16,
direful,2.0,1.0540925533894598,10,
dirt,4.8,1.6865480854231356,10,
dirty,5.083333333333333,1.2401124093721456,12,
disability,2.8,1.932183566158592,10,
disable,3.8181818181818175,1.4709304414677002,11,
disabled,3.2,2.573367875415838,10,
disabuse,3.2,2.043961295567452,10,
disaccustom,2.272727272727273,1.555050423035156,11,
disadvantage,3.6,2.0110804171997807,10,
disadvantageous,3.3,2.71006354989038,10,
disaffected,2.636363636363636,1.433368568981982,11,
disaffection,2.1,0.9944289260117531,10,
disaffiliate,2.25,1.6025547785276542,12,
disagree,4.1,1.100504934614612,10,
disagreeable,2.8181818181818183,1.8877596148970777,11,
disagreement,2.8,1.8737959096740264,10,
disallow,3.5,2.223610677354389,10,
disappear,3.5,2.41522945769824,10,
disappearance,3.75,1.764549903980152,12,
disappoint,3.1,1.728840330651992,10,
disappointed,4.0,1.9436506316151,10,
disappointing,4.181818181818182,1.9400093720485896,11,
disappointment,3.4,1.505545305418162,10,
disapproval,4.416666666666667,1.5642792899510294,12,
disapprove,3.8461538461538463,2.034951016861497,13,
disarm,3.8333333333333335,1.9462473604038075,12,
disarray,3.333333333333333,1.6143297699232972,12,
disarticulate,3.3846153846153846,2.142368686697878,13,
disassemble,3.4,1.2649110640673518,10,
disassociate,2.2,1.5491933384829668,10,
disaster,3.2,2.201009869229224,10,
disastrous,3.5454545454545454,2.2522715805886446,11,
disbelief,3.5,2.223610677354389,10,
disbelieve,4.083333333333333,2.1933093855190746,12,
disburse,3.6,1.7126976771553504,10,
disc,5.1,2.0789954839350235,10,
discard,4.090909090909091,2.165850662190053,11,
discern,2.4,1.505545305418162,10,
discernible,2.3,1.0593499054713802,10,
discerning,3.0,1.4907119849998598,10,
discernment,1.7692307692307692,1.0919284281983377,13,
discharge,3.8181818181818175,1.7215215257545762,11,
disciplinary,3.5,2.068278940998476,10,
discipline,2.9,1.7919573407620817,10,
disciplined,4.2,1.932183566158592,10,
disclaim,3.363636363636364,1.8586407545691703,11,
disclose,4.4,1.6465452046971292,10,
disco,3.7,2.0027758514399734,10,
discombobulate,4.1,2.183269719175042,10,
discomfort,4.6,2.0110804171997807,10,
discompose,3.4,2.0110804171997807,10,
disconcert,2.7058823529411766,1.403776419268438,17,
disconcerted,3.2,2.0976176963403037,10,
disconcerting,2.909090909090909,1.136181803634036,11,
disconfirm,3.090909090909091,1.8140862964338524,11,
disconnect,3.8,2.6583202716502514,10,
disconnected,3.9,2.183269719175042,10,
discontent,3.25,2.0056737702645644,12,
discontinue,2.8,1.2292725943057183,10,
discord,2.8,1.4757295747452437,10,
discordance,2.272727272727273,1.1908743922772955,11,
discount,2.5454545454545454,1.4396969378057567,11,
discourage,4.5,1.90029237516523,10,
discourse,3.5454545454545454,1.694912172570388,11,
discourteous,2.1,1.449137674618944,10,
discover,3.1,1.911950719959998,10,
discovery,3.727272727272727,2.3276988246295565,11,
discredit,3.363636363636364,1.5666989036012806,11,
discreet,2.9,1.5951314818673863,10,
discrepancy,3.4,1.804755622554715,15,
discrepant,2.8181818181818183,1.7786613965666325,11,
discrete,3.1,2.1317702607092643,10,
discretion,3.6,2.1186998109427604,10,
discretional,3.8,1.398411797560202,10,
discriminate,2.727272727272727,1.8488325554743508,11,
discriminating,2.9,1.5951314818673863,10,
discrimination,3.3,1.8287822299126937,10,
discriminative,3.4,2.270584848790187,10,
discriminatory,4.4,2.3190036174568114,10,
discuss,2.8,1.5491933384829668,10,
discussion,2.4,1.9550504398153572,10,
disdain,4.2,2.043961295567452,10,
disdainful,3.9,2.2335820757001272,10,
disease,4.25,1.864744681524183,12,
diseased,4.916666666666667,1.378954368902449,12,
disembody,3.8,1.932183566158592,10,
disenchant,3.272727272727273,1.7372915179041823,11,
disenfranchise,2.642857142857143,1.5984195491000024,14,
disengage,2.727272727272727,1.1037127426019049,11,
disentangle,4.0,2.1447610589527217,11,
disestablish,3.0,2.1447610589527217,11,
disfigure,3.363636363636364,2.013590190318143,11,
disgorge,5.166666666666667,1.6422453217986943,12,
disgrace,3.5454545454545454,1.5075567228888185,11,
disgraceful,4.090909090909091,1.300349603340998,11,
disgruntle,4.090909090909091,1.8140862964338524,11,
disgruntled,4.1,1.911950719959998,10,
disguise,4.2727272727272725,2.053821272209882,11,
disgust,5.181818181818182,1.9400093720485896,11,
disgustful,4.909090909090909,1.8140862964338524,11,
disgusting,4.9,1.5951314818673863,10,
dish,3.8,2.3475755815545347,10,
dishearten,3.5454545454545454,2.018099916438052,11,
dishonest,4.3,1.5670212364724212,10,
dishonesty,3.5454545454545454,2.2074254852038093,11,
dishonor,5.3,1.4944341180973264,10,
dishonorable,3.1818181818181817,1.4709304414677002,11,
dishwater,4.909090909090909,1.7580981459830651,11,
disillusion,3.4,1.9550504398153572,10,
disimpassioned,3.1,1.728840330651992,10,
disinclination,3.6,2.4129281427805145,10,
disinclined,3.25,2.220769727328383,12,
disinherit,2.5454545454545454,1.4396969378057567,11,
disintegrate,3.5454545454545454,2.0670576365276494,11,
disinterest,3.0,2.0,10,
disinterested,3.6666666666666665,2.269694946796849,12,
disjointed,3.6,1.1737877907772674,10,
disjunction,3.8181818181818175,2.1362669223756576,11,
disk,4.818181818181818,1.60113596038449,11,
dislike,3.3,2.213594362117865,10,
dislocate,4.5,1.90029237516523,10,
dislodge,3.25,1.6025547785276542,12,
disloyal,3.4,2.1705094128132942,10,
disloyalty,3.9,2.0248456731316584,10,
dismal,4.6,1.8973665961010275,10,
dismantle,4.4,1.1737877907772674,10,
dismay,3.3,1.766981104093143,10,
dismember,3.363636363636364,1.9632996344280853,11,
dismiss,4.1,1.7919573407620817,10,
dismissal,3.3,1.4181364924121764,10,
dismissive,2.636363636363636,1.2060453783110543,11,
dismount,4.3,2.213594362117865,10,
disobedience,3.8181818181818175,2.1362669223756576,11,
disobey,3.9,2.183269719175042,10,
disorder,3.9,1.7919573407620817,10,
disorderly,3.2,1.6865480854231356,10,
disorientate,2.6,1.7126976771553504,10,
disoriented,4.818181818181818,1.662418829187267,11,
disown,3.2,1.6865480854231356,10,
disparage,3.294117647058824,1.3117119482928097,17,
disparaging,3.7,1.766981104093143,10,
disparity,3.4,2.065591117977289,10,
dispassion,4.2,1.932183566158592,10,
dispassionate,2.7,1.3374935098492586,10,
dispatch,3.2,1.4757295747452437,10,
dispensation,3.2,2.0976176963403037,10,
dispense,3.272727272727273,1.6787441193290351,11,
disperse,4.5,1.7795130420052183,10,
dispersive,2.1,1.1972189997378648,10,
dispirit,3.0,1.632993161855452,10,
dispirited,4.363636363636363,2.1105794120443453,11,
displace,3.9,1.449137674618944,10,
displacement,4.545454545454546,1.8635254955935727,11,
display,3.0,1.1832159566199232,11,
displayed,3.8461538461538463,1.8187062180825984,13,
displease,3.5,2.3687784005919825,10,
displeasure,2.3,1.946506842754191,10,
dispose,3.8,2.201009869229224,10,
dispossess,2.4545454545454546,1.8090680674665816,11,
dispraise,2.6666666666666665,2.015094553763188,12,
disprove,3.8333333333333335,2.0816659994661326,12,
disputable,2.909090909090909,1.513574937328539,11,
dispute,3.272727272727273,1.2720777563426766,11,
disqualify,3.8333333333333335,1.7494587907710375,12,
disquiet,3.0,1.61245154965971,11,
disquieting,2.909090909090909,1.2210278829367869,11,
disregard,3.2,1.5491933384829668,10,
disreputable,2.8461538461538463,2.1152680620571416,13,
disrepute,2.7,1.8287822299126937,10,
disrespect,3.3,1.946506842754191,10,
disrespectable,2.6,1.9550504398153572,10,
disrespectful,4.0,2.335496832484569,12,
disrobe,3.6,2.221110833194357,10,
disrupt,4.636363636363637,1.026910636104941,11,
disruption,4.0,1.563471919941143,10,
disruptive,3.7,2.263232692902394,10,
dissatisfied,3.3,1.888562063228706,10,
dissatisfy,3.3,2.110818693198342,10,
dissection,3.0,1.8090680674665816,12,
dissent,3.4,2.1186998109427604,10,
dissertation,3.6,1.6465452046971292,10,
disservice,2.9,2.0789954839350235,10,
dissimilation,3.7,1.4181364924121764,10,
dissipate,3.5,1.7320508075688772,12,
dissociate,4.0,1.7320508075688772,11,
dissolution,3.0,1.4675987714106855,14,
dissolve,4.7,1.4944341180973264,10,
dissonance,3.1666666666666665,1.8504708655481243,12,
distance,3.5,2.0138409955990952,10,
distant,3.9166666666666665,1.4433756729740643,12,
distaste,3.9166666666666665,1.6764862244009229,12,
distasteful,3.727272727272727,1.9021518914592013,11,
distemper,2.923076923076923,1.605279750362247,13,
distend,3.583333333333333,1.164500152881315,12,
distill,4.0,1.4907119849998598,10,
distilled,3.5,1.5811388300841898,10,
distinct,3.4285714285714284,1.7851647506079618,14,
distinction,3.2,1.8737959096740264,10,
distinctive,3.642857142857143,1.7368026705655184,14,
distinguish,2.8,1.6865480854231356,10,
distinguished,3.727272727272727,2.2401298663653004,11,
distinguishing,3.363636363636364,2.2033033051637387,11,
distort,4.1,1.5238839267549948,10,
distorted,2.9,1.449137674618944,10,
distortion,3.75,1.764549903980152,12,
distract,2.727272727272727,1.9021518914592013,11,
distracted,2.6,1.6465452046971292,10,
distractive,3.3076923076923075,1.7504578155735615,13,
distraught,4.0,1.8856180831641267,10,
distress,3.2,1.8737959096740264,10,
distressed,3.6,1.837873166945363,10,
distressful,3.9,1.5951314818673863,10,
distribute,3.5,1.7795130420052183,10,
distribution,2.8,2.201009869229224,10,
district,3.0,1.247219128924647,10,
distrust,3.272727272727273,1.9021518914592013,11,
distrustful,3.727272727272727,2.053821272209882,11,
disturb,3.1818181818181817,1.0787197799411874,11,
disturbance,3.5,1.9578900207451215,10,
disturbed,3.2,1.6193277068654826,10,
disturbing,4.636363636363637,2.157439559882375,11,
ditch,5.090909090909091,1.4459976109624424,11,
ditsy,4.8,1.9888578520235063,10,
ditto,4.2,1.2292725943057183,10,
ditty,4.2,1.932183566158592,10,
diva,3.75,1.815338686155987,12,
dive,4.4,1.9550504398153572,10,
diver,4.636363636363637,2.335496832484569,11,
diverge,3.1818181818181817,1.7786613965666325,11,
divers,4.166666666666667,1.403458930534474,12,
diverse,2.8,1.6193277068654826,10,
diversify,3.5,2.173067468400883,10,
diversion,3.7,2.0027758514399734,10,
diversionary,3.0,1.247219128924647,10,
diversity,4.1,1.8529256146249728,10,
divert,3.0,1.8257418583505536,10,
divest,2.9285714285714284,1.5915297775935682,14,
divide,4.1,2.0248456731316584,10,
divided,4.0,1.9436506316151,10,
dividend,2.2,1.6865480854231356,10,
divider,4.416666666666667,2.108783937953269,12,
divine,3.7142857142857135,1.3259870882635918,14,
divinity,4.0,2.309401076758503,10,
divisibility,2.1818181818181817,1.9908883353006928,11,
divisible,4.7,2.0027758514399734,10,
division,4.1,2.0248456731316584,10,
divorce,3.7,1.888562063228706,10,
divulge,2.9166666666666665,1.729862492345632,12,
divulgence,3.4,2.065591117977289,10,
divvy,4.363636363636363,2.2033033051637387,11,
dizzy,5.5,1.6499158227686108,10,
do,4.0,2.309401076758503,10,
doc,3.4,2.0110804171997807,10,
docile,4.3,2.110818693198342,10,
dock,3.615384615384616,1.8501559185854912,13,
doctor,3.1818181818181817,1.7215215257545762,11,
doctrine,3.4,1.8973665961010275,10,
document,2.6,1.429840705968481,10,
documentary,4.1,1.911950719959998,10,
documentation,3.4,2.0110804171997807,10,
dodge,5.2727272727272725,1.618079669911781,11,
dodger,4.9,1.8529256146249728,10,
dodo,4.3,1.5670212364724212,10,
doe,3.1666666666666665,1.80067327475704,12,
doer,3.7,2.311805451253293,10,
does,2.4545454545454546,2.0670576365276494,11,
dog,2.5,1.90029237516523,10,
doggy,4.866666666666666,2.231804736295804,15,
doghouse,4.1,1.911950719959998,10,
dogma,2.363636363636364,1.5015143870590966,11,
dogsled,3.3,2.110818693198342,10,
doing,2.4,2.1705094128132942,10,
doleful,2.2,1.4757295747452437,10,
doll,3.6,2.3664319132398464,10,
dollar,3.4,2.0110804171997807,10,
dolly,3.636363636363636,1.9116865471476892,11,
dolphin,3.4615384615384617,2.221687969967303,13,
domain,3.5,1.1785113019775793,10,
dome,5.416666666666667,1.378954368902449,12,
domestic,3.3,2.0027758514399734,10,
domesticate,2.3,1.3374935098492586,10,
dominance,3.8,2.201009869229224,10,
dominant,4.090909090909091,1.8140862964338524,11,
dominate,3.8,1.5491933384829668,10,
domination,3.4,1.7126976771553504,10,
dominion,3.1666666666666665,1.992409839791244,12,
domino,3.7,1.5670212364724212,10,
don,2.9,1.911950719959998,10,
donate,3.083333333333333,1.781640374554423,12,
donation,3.7,1.8287822299126937,10,
done,4.4,1.837873166945363,10,
dong,5.125,2.247220505424423,16,
donkey,3.7,1.636391694484477,10,
donor,2.9,1.5238839267549948,10,
donut,4.076923076923077,2.019139192062567,13,
doodle,5.3,1.70293863659264,10,
doom,5.0,1.699673171197595,10,
door,2.5,1.7159383568311668,10,
doorbell,4.4,1.9550504398153572,10,
doorknob,4.1,2.378141197564929,10,
doorman,3.2,2.250925735484551,10,
doormat,3.636363636363636,2.157439559882375,11,
doorstep,4.0,2.0548046676563256,10,
doorway,4.181818181818182,1.60113596038449,11,
dope,3.6666666666666665,2.1461734799546397,12,
dorm,3.4545454545454546,1.9679246105293955,11,
dormancy,3.6,2.0110804171997807,10,
dormant,3.692307692307693,1.7504578155735615,13,
dormitory,3.2,1.932183566158592,10,
dosage,3.9,1.8529256146249728,10,
dose,3.4,1.8973665961010275,10,
dot,6.1,1.5951314818673863,10,
dotted,5.3,2.110818693198342,10,
double,4.4,2.0110804171997807,10,
doubt,3.5,1.90029237516523,10,
doubtful,4.1,2.4698178070456938,10,
doubtless,3.2,1.932183566158592,10,
douche,4.9,2.64365067451978,10,
dough,4.3,1.766981104093143,10,
doughnut,4.3,1.636391694484477,10,
douse,4.181818181818182,1.9908883353006928,11,
dove,3.333333333333333,2.059714602177749,12,
down,3.923076923076923,2.6287366566958377,13,
downer,4.7,1.3374935098492586,10,
downfall,4.181818181818182,1.4709304414677002,11,
downgrade,4.2,1.6865480854231356,10,
downpour,4.2,2.201009869229224,10,
downward,3.636363636363636,1.5666989036012806,11,
downy,4.25,1.570562531918633,16,
doze,4.909090909090909,1.6403990645294488,11,
dozen,3.090909090909091,2.0714509627092528,11,
dozy,4.8,1.8135294011647256,10,
drab,4.1,2.378141197564929,10,
draft,3.3,1.70293863659264,10,
drafting,3.8,1.9888578520235063,10,
drag,4.5,1.9578900207451215,10,
dragging,5.3,1.1595018087284057,10,
dragon,3.1,1.5951314818673863,10,
dragonfly,3.6,2.1705094128132942,10,
drain,4.8,2.043961295567452,10,
drainage,4.545454545454546,1.572490786213793,11,
drainpipe,4.363636363636363,2.419616799112094,11,
drama,2.4444444444444446,2.185812841434,9,
dramatic,3.9,2.1317702607092643,10,
dramatize,3.272727272727273,1.954016841836789,11,
drank,4.8,1.3165611772087666,10,
drape,4.363636363636363,1.8586407545691703,11,
drastic,4.8,1.7511900715418265,10,
draw,4.7,2.057506581601462,10,
drawback,4.090909090909091,1.2210278829367869,11,
drawbridge,4.5,2.6352313834736494,10,
drawer,2.8181818181818183,1.5374122295716148,11,
drawing,5.0,2.0,10,
drawl,4.090909090909091,2.119176512447486,11,
drawn,3.909090909090909,1.8140862964338524,11,
dread,5.0,1.837117307087384,17,
dreadful,4.2,1.8737959096740264,10,
dreadfully,4.4,1.505545305418162,10,
dream,3.727272727272727,1.954016841836789,11,
dreamer,4.545454545454546,1.916436086262016,11,
dreamless,3.1,1.9692073983655909,10,
dreamt,3.909090909090909,1.868397465987655,11,
dreamy,4.454545454545454,1.752919642404429,11,
dreary,4.7,1.2516655570345725,10,
dredge,4.7,2.057506581601462,10,
dreidel,3.272727272727273,1.8488325554743508,11,
drench,4.8,1.1352924243950937,10,
dress,2.9,1.7919573407620817,10,
dresser,3.5454545454545454,2.2074254852038093,11,
dribble,6.0,1.0,11,
drift,5.3,1.2516655570345725,10,
drifter,4.4,1.837873166945363,10,
driftwood,3.363636363636364,2.292279532375024,11,
drill,6.2,0.7888106377466155,10,
drilling,5.090909090909091,1.8140862964338524,11,
drink,4.0,1.9436506316151,10,
drinkable,3.0,2.10818510677892,10,
drinker,4.181818181818182,2.1362669223756576,11,
drinking,3.3,1.70293863659264,10,
drip,5.6,1.577621275493231,10,
dripping,5.4,1.2649110640673518,10,
drive,3.0,1.7320508075688772,11,
driven,4.7,1.3374935098492586,10,
driver,3.6,2.1186998109427604,10,
driveway,3.8,2.573367875415838,10,
driving,4.176470588235294,1.845104811306361,17,
drizzle,6.0,1.2060453783110543,12,
droll,4.0,1.8257418583505536,10,
drone,4.0,2.3570226039551585,10,
drool,5.6,1.7126976771553504,10,
droop,6.083333333333333,1.6764862244009229,12,
drop,5.1,1.728840330651992,10,
droplet,5.538461538461538,1.6641005886756874,13,
dropout,3.6,2.270584848790187,10,
dropping,4.4,2.3190036174568114,10,
drought,3.7,1.946506842754191,10,
drove,3.5,2.173067468400883,10,
drown,4.3,1.636391694484477,10,
drowse,4.8,1.4757295747452437,10,
drowsy,4.9,2.0789954839350235,10,
drudge,3.6,2.1186998109427604,10,
drug,3.4545454545454546,1.0357254813546264,11,
drugstore,5.7,1.946506842754191,10,
drum,4.9,1.286683937707919,10,
drummer,3.6,2.221110833194357,10,
drumstick,4.923076923076923,1.6563785025137654,13,
drunk,4.6,1.429840705968481,10,
drunkard,3.2,1.6193277068654826,10,
drunken,4.4,2.221110833194357,10,
dry,3.7,2.6267851073127395,10,
dryer,3.8,1.1352924243950937,10,
drying,4.8,1.3165611772087666,10,
dual,4.0,1.5491933384829668,11,
dub,4.7,2.057506581601462,10,
dubious,3.2,2.201009869229224,10,
duchess,3.2,1.932183566158592,10,
duck,4.7,2.263232692902394,10,
duckling,3.8,1.7511900715418265,10,
ducky,5.090909090909091,1.3751033019046572,11,
duct,3.0,2.1447610589527217,11,
dud,4.7,1.888562063228706,10,
dude,4.636363636363637,2.292279532375024,11,
due,3.4545454545454546,1.8635254955935727,11,
duel,4.666666666666667,1.8257418583505536,12,
duet,5.3,1.8287822299126937,10,
duffel,3.1818181818181817,1.4012980994907414,11,
duh,6.4,1.3498971154211057,10,
duke,3.9,1.9692073983655909,10,
dull,5.545454545454546,1.694912172570388,11,
duly,2.1,1.1972189997378648,10,
dumb,4.7,1.636391694484477,10,
dummy,4.0,2.0,10,
dump,5.7,1.1595018087284057,10,
dumpling,3.1,1.8529256146249728,10,
dumpster,4.9,1.1972189997378648,10,
dumpy,4.5,1.5075567228888185,12,
dunce,4.555555555555555,2.068278940998476,9,
dune,3.3,1.636391694484477,10,
dung,5.583333333333333,1.729862492345632,12,
dungeon,4.846153846153846,1.573009527739414,13,
dunk,5.3,1.4181364924121764,10,
duo,3.583333333333333,1.97522534195852,12,
dupe,4.1,1.449137674618944,10,
duplicitous,3.2,1.4757295747452437,10,
durable,4.3,1.0593499054713802,10,
duration,2.8,1.8135294011647256,10,
duress,2.769230769230769,1.640825308284734,13,
during,1.6,0.699205898780101,10,
dusk,4.5,2.173067468400883,10,
dust,4.769230769230769,1.4806443503784736,13,
duster,3.9,2.0789954839350235,10,
dusting,4.1,1.7919573407620817,10,
dustpan,4.6,1.776388345929897,10,
dusty,5.0,2.0,10,
dutiful,4.0,1.3333333333333333,10,
duty,3.9,2.330951164939612,10,
dwarf,3.4166666666666665,2.108783937953269,12,
dwell,5.461538461538462,1.3301243435223524,13,
dwelling,4.0,1.6733200530681511,11,
dwindle,3.9,1.66332999331662,10,
dye,3.4,2.4585451886114367,10,
dying,4.5,1.90029237516523,10,
dynamic,4.071428571428571,1.6854255666327542,14,
dynamism,3.083333333333333,1.729862492345632,12,
dynamite,3.6,2.1705094128132942,10,
dynasty,2.8,1.398411797560202,10,
dysentery,2.7,1.766981104093143,10,
dysfunction,3.9,1.7919573407620817,10,
dysfunctional,3.6,1.505545305418162,10,
each,2.5,2.0138409955990952,10,
eager,4.1,1.728840330651992,10,
eagle,2.4,1.6465452046971292,10,
ear,3.5454545454545454,2.3817487845545915,11,
eardrum,3.5,2.223610677354389,10,
earful,3.8181818181818175,1.4709304414677002,11,
earl,2.2,1.398411797560202,10,
early,2.75,1.9128750375000736,12,
earn,3.8181818181818175,2.272363607268072,11,
earnest,3.363636363636364,1.8586407545691703,11,
earnings,4.454545454545454,2.2074254852038093,11,
earphone,3.0,2.309401076758503,10,
earpiece,3.1,2.0248456731316584,10,
earplug,4.090909090909091,2.4271195048676715,11,
earth,4.2,1.8135294011647256,10,
earthbound,3.6,1.8973665961010275,10,
earthling,4.454545454545454,1.4396969378057567,11,
earthly,4.3,1.70293863659264,10,
earthquake,4.8,1.8135294011647256,10,
earthworm,4.307692307692308,2.1750331562459526,13,
earthy,4.6923076923076925,1.7504578155735615,13,
earwax,4.6,2.065591117977289,10,
ease,4.909090909090909,1.7002673586554236,11,
easeful,3.8,2.0976176963403037,10,
easel,2.857142857142857,1.83374953650638,14,
easier,4.7,1.4944341180973264,10,
easily,3.8,1.6193277068654826,10,
east,3.4166666666666665,2.151461800448216,12,
eastbound,3.7,2.4517567397911058,10,
eastern,3.9,2.5144029554194813,10,
easy,3.1818181818181817,1.9400093720485896,11,
eat,3.636363636363636,2.292279532375024,11,
eaten,3.1818181818181817,1.5374122295716148,11,
eating,3.583333333333333,2.1933093855190746,12,
eavesdrop,3.5454545454545454,1.8090680674665816,11,
ebony,3.583333333333333,1.880924981991251,12,
eccentric,4.2,2.440400695696417,10,
echo,6.5,0.7071067811865476,10,
eclipse,4.1,1.5951314818673863,10,
economic,4.083333333333333,2.0207259421636903,12,
economical,2.7,1.8287822299126937,10,
economics,2.9,1.3703203194062976,10,
economist,3.8,2.616188916046477,10,
economize,2.727272727272727,1.8488325554743508,11,
economy,3.090909090909091,1.7002673586554236,11,
ecosystem,4.333333333333333,1.7232808737106582,12,
ecstasy,4.6,1.6465452046971292,10,
ecstatic,4.444444444444445,1.5801050680710416,18,
edge,4.2,1.8737959096740264,10,
edging,4.727272727272728,2.004540300962248,11,
edgy,5.5,1.0801234497346437,10,
edible,4.0,2.748737083745107,10,
edification,2.272727272727273,1.1037127426019049,11,
edit,2.8,1.932183566158592,10,
edition,2.8,1.4757295747452437,10,
editor,3.272727272727273,1.618079669911781,11,
educate,3.7,1.946506842754191,10,
education,2.7,2.213594362117865,10,
educational,2.7,1.4944341180973264,10,
educator,3.4,2.1186998109427604,10,
eel,4.1,2.2335820757001272,10,
eerie,5.461538461538462,1.2659242088545832,13,
effect,3.076923076923077,1.6563785025137654,13,
effective,4.0,2.260776661041756,10,
effectual,2.8,1.398411797560202,10,
efficiency,3.3,2.0027758514399734,10,
efficient,2.9,1.8529256146249728,10,
effort,3.7,2.213594362117865,10,
effortless,3.727272727272727,2.866737137963964,11,
effusive,3.083333333333333,1.6213537179739277,12,
egg,4.2,2.2997584414213788,10,
eggplant,2.4,1.577621275493231,10,
eggshell,5.090909090909091,2.165850662190053,11,
ego,3.9,2.68535120814971,10,
egoism,2.6,1.3498971154211057,10,
egoistic,3.7,2.1628170930011112,10,
egotistic,3.909090909090909,1.9725387425622571,11,
egregious,2.6,2.0110804171997807,10,
eh,5.636363636363637,2.013590190318143,11,
eight,3.8,2.573367875415838,10,
eighty,3.5454545454545454,1.8090680674665816,11,
either,2.0,1.6733200530681511,11,
ejaculate,3.9,1.7919573407620817,10,
ejaculation,4.142857142857143,1.9158104473902609,14,
eject,4.3,1.766981104093143,10,
ejection,3.2,1.398411797560202,10,
elaborate,3.6666666666666665,1.9227505550564008,12,
elastic,4.181818181818182,1.60113596038449,11,
elasticity,3.9,1.66332999331662,10,
elate,3.090909090909091,1.4459976109624424,11,
elated,2.833333333333333,1.5275252316519468,12,
elbow,3.8,1.8135294011647256,10,
elder,3.090909090909091,2.0714509627092528,11,
eldest,3.6,2.270584848790187,10,
elect,2.0,1.247219128924647,10,
election,3.090909090909091,1.9211738835693897,11,
elective,2.5454545454545454,1.572490786213793,11,
electoral,3.7,1.2516655570345725,10,
electric,4.7,1.2516655570345725,10,
electrician,4.3,1.766981104093143,10,
electrify,5.3,1.766981104093143,10,
electrocute,4.416666666666667,1.831955405041456,12,
electrode,4.090909090909091,1.4459976109624424,11,
electrolyte,3.4,1.7126976771553504,10,
electromagnet,4.9,2.378141197564929,10,
electron,3.9,1.7919573407620817,10,
electronic,4.0,2.0548046676563256,10,
electronics,4.5,1.9578900207451215,10,
elegance,3.7,1.766981104093143,10,
elegant,4.8,1.8135294011647256,10,
element,3.8333333333333335,1.80067327475704,12,
elemental,3.9,1.911950719959998,10,
elementary,4.1,1.1972189997378648,10,
elephant,4.4,1.9550504398153572,10,
elevate,4.8,1.4757295747452437,10,
elevation,4.545454545454546,2.0670576365276494,11,
elevator,3.7,2.359378449224852,10,
eleven,2.8,2.201009869229224,10,
elf,4.6,1.6465452046971292,10,
elfish,4.454545454545454,2.2962419891481978,11,
elicit,3.1,1.449137674618944,10,
eligible,2.8181818181818183,1.7215215257545762,11,
eliminate,4.090909090909091,1.7580981459830651,11,
elite,3.6,2.4129281427805145,10,
elitism,3.9,1.7919573407620817,10,
elk,2.4,0.966091783079296,10,
elm,3.3,1.946506842754191,10,
elope,2.9,1.5951314818673863,10,
eloquence,4.909090909090909,2.256304299271065,11,
eloquent,3.4,2.0110804171997807,10,
else,1.7,1.3374935098492586,10,
elude,3.3846153846153846,1.5021352323976216,13,
elusive,4.454545454545454,1.6348477827391985,11,
email,3.6,2.065591117977289,10,
emancipate,2.5,1.1785113019775793,10,
emancipation,3.363636363636364,2.062654952856986,11,
embark,3.75,1.6025547785276542,12,
embarrass,2.9,1.5951314818673863,10,
embarrassment,3.7,2.213594362117865,10,
embassy,2.8,1.4757295747452437,10,
embellish,3.923076923076923,1.8912755158683456,13,
embezzle,5.0,2.10818510677892,10,
embitter,3.2,1.6865480854231356,10,
emblem,2.625,1.3601470508735445,16,
embody,3.9,1.66332999331662,10,
embolden,3.2,1.3165611772087666,10,
embolism,2.9,1.7919573407620817,10,
embrace,4.5,1.8408935028645437,10,
embroider,3.6,1.776388345929897,10,
embroidery,3.4,1.837873166945363,10,
embryo,2.9166666666666665,1.928651593652148,12,
emerald,3.1,1.728840330651992,10,
emerge,5.545454545454546,1.572490786213793,11,
emergency,4.818181818181818,1.60113596038449,11,
emergent,4.090909090909091,1.7002673586554236,11,
emotion,3.1,2.0789954839350235,10,
emotional,3.7,1.766981104093143,10,
emotionalist,4.5,1.7159383568311668,10,
emotionalize,4.0,1.4907119849998598,10,
empathetic,3.941176470588236,2.135140166221357,17,
empathize,3.0,1.1832159566199232,11,
empathy,2.9411764705882355,2.2491828581535485,17,
emperor,4.4,2.3664319132398464,10,
emphasize,4.0,1.563471919941143,10,
emphatic,3.1,1.9692073983655909,10,
emphysema,4.0,2.3664319132398464,11,
empire,2.9,1.728840330651992,10,
empirical,2.6,1.7126976771553504,10,
employ,3.333333333333333,1.9227505550564008,12,
employable,3.8181818181818175,1.8877596148970777,11,
employee,3.0,2.345207879911715,13,
employer,3.7,2.359378449224852,10,
employment,4.7,2.057506581601462,10,
empress,3.636363636363636,1.8586407545691703,11,
empty,3.1818181818181817,1.9400093720485896,11,
emu,2.6,1.429840705968481,10,
emulate,4.0,1.348399724926484,12,
emulsify,3.7142857142857135,1.3259870882635918,14,
enable,3.5454545454545454,1.8090680674665816,11,
enamel,3.142857142857143,1.561909228976012,14,
enchant,3.083333333333333,1.729862492345632,12,
enchanter,3.4545454545454546,1.916436086262016,11,
enchanting,4.363636363636363,1.689540012709215,11,
enchantment,4.636363636363637,1.5666989036012806,11,
enchilada,2.4,1.505545305418162,10,
encircle,3.909090909090909,1.7002673586554236,11,
enclose,4.0,1.5491933384829668,11,
encompass,3.6,1.8973665961010275,10,
encore,3.1,1.66332999331662,10,
encounter,2.8181818181818183,1.7215215257545762,11,
encourage,2.727272727272727,1.1037127426019049,11,
encouragement,2.4545454545454546,1.1281521496355325,11,
encrust,3.090909090909091,1.300349603340998,11,
encyclopedia,3.4545454545454546,2.1616492020508957,11,
end,4.3,2.359378449224852,10,
endanger,4.4,2.221110833194357,10,
endear,3.5454545454545454,1.572490786213793,11,
endearing,3.8181818181818175,1.9400093720485896,11,
endearment,3.1538461538461537,1.9513309067639728,13,
endeavor,3.4,1.505545305418162,10,
ending,2.5,2.0138409955990952,10,
endless,3.7,2.110818693198342,10,
endorse,2.9,1.286683937707919,10,
endorsement,3.333333333333333,1.7232808737106582,12,
endow,3.6666666666666665,1.2909944487358056,15,
endowment,2.25,1.4222261679238195,12,
endurable,2.363636363636364,1.747725795010606,11,
endurance,3.2,1.6193277068654826,10,
endure,3.3,1.8287822299126937,10,
enduring,3.272727272727273,2.053821272209882,11,
enema,1.818181818181818,0.9816498172140428,11,
enemy,2.9166666666666665,1.928651593652148,12,
energetic,4.5,1.8408935028645437,10,
energize,4.181818181818182,1.60113596038449,11,
energy,3.7777777777777777,2.10818510677892,9,
enforce,3.9,1.9692073983655909,10,
engage,2.7,1.3374935098492586,10,
engaged,2.8181818181818183,1.7786613965666325,11,
engagement,3.9,2.4244128727957577,10,
engaging,4.0,2.0816659994661326,13,
engender,2.7,1.8287822299126937,10,
engine,2.5,1.6787441193290351,12,
engineer,3.8181818181818175,2.088931871468374,11,
England,2.8,2.201009869229224,10,
English,3.8,2.14993539954628,10,
engrave,4.4,1.6465452046971292,10,
engross,3.8,1.4757295747452437,10,
enhance,3.8461538461538463,1.7722938923964169,13,
enigma,4.5,1.8408935028645437,10,
enigmatic,2.9375,1.691892431568863,16,
enjoy,3.9,1.911950719959998,10,
enjoyable,3.636363636363636,1.747725795010606,11,
enjoyment,4.1,1.5951314818673863,10,
enlarge,4.2,2.14993539954628,10,
enlighten,3.6,2.270584848790187,10,
enlightenment,4.0,2.0548046676563256,10,
enlist,3.0,2.0548046676563256,10,
enliven,3.090909090909091,1.7580981459830651,11,
enormous,3.6,2.0110804171997807,10,
enough,3.5454545454545454,1.752919642404429,11,
enrage,4.636363636363637,1.9632996344280853,11,
enrich,3.1,1.5951314818673863,10,
enroll,3.363636363636364,1.5666989036012806,11,
ensemble,3.8181818181818175,1.834021909257456,11,
enslave,3.8,2.201009869229224,10,
ensue,2.6,1.505545305418162,10,
ensure,3.727272727272727,2.2843339988236875,11,
entail,2.6666666666666665,0.984731927834662,12,
entangle,4.2,1.932183566158592,10,
enter,4.3,2.057506581601462,10,
enterprise,3.0,2.1908902300206643,11,
enterprising,2.7,1.5670212364724212,10,
entertain,4.166666666666667,1.992409839791244,12,
entertainer,5.1,1.8529256146249728,10,
entertaining,4.125,1.9621416870348585,16,
entertainment,3.1,2.0789954839350235,10,
enthrall,3.647058823529412,1.902011319320558,17,
enthuse,3.8,1.8737959096740264,10,
enthusiasm,4.0,1.7638342073763935,10,
enthusiast,4.363636363636363,1.8586407545691703,11,
enthusiastic,4.5,1.9578900207451215,10,
entice,3.5454545454545454,1.752919642404429,11,
enticement,3.4545454545454546,1.9679246105293955,11,
entire,3.3,2.1628170930011112,10,
entirely,2.5,1.1785113019775793,10,
entitle,2.6,1.505545305418162,10,
entitlement,3.4,1.9550504398153572,10,
entity,3.333333333333333,1.7232808737106582,12,
entourage,3.2,1.4757295747452437,10,
entrails,3.3,2.057506581601462,10,
entrance,4.909090909090909,1.513574937328539,11,
entrancing,3.8,1.6865480854231356,10,
entrapment,4.545454545454546,1.572490786213793,11,
entrepreneur,2.7,1.4944341180973264,10,
entrust,2.5,1.314257481345542,12,
entry,3.083333333333333,2.1933093855190746,12,
entwine,3.8181818181818175,2.0404990476930798,11,
envelope,3.9,1.9692073983655909,10,
enviable,2.363636363636364,1.2862913567871994,11,
envious,4.2,2.2997584414213788,10,
environment,3.3,2.0027758514399734,10,
envoy,2.727272727272727,1.2720777563426766,11,
envy,4.083333333333333,2.108783937953269,12,
enzyme,2.8181818181818183,1.60113596038449,11,
epic,3.5454545454545454,2.018099916438052,11,
epidemic,3.7,2.213594362117865,10,
epidermis,2.7,2.0027758514399734,10,
epidural,2.6,1.6465452046971292,10,
epilepsy,2.7,1.70293863659264,10,
epileptic,3.4545454545454546,1.916436086262016,11,
epilogue,3.4,1.8973665961010275,10,
epiphany,3.5,1.7795130420052183,10,
episode,3.6,1.1737877907772674,10,
epitome,2.7,1.70293863659264,10,
epitomize,3.1818181818181817,1.662418829187267,11,
equal,4.4,2.4129281427805145,10,
equality,3.1666666666666665,1.7494587907710375,12,
equalize,3.9,1.9692073983655909,10,
equally,3.8,2.3475755815545347,10,
equate,3.8,1.6865480854231356,10,
equilateral,2.4,1.2649110640673518,10,
equilibrium,4.2727272727272725,2.412090756622109,11,
equip,3.5454545454545454,1.6348477827391985,11,
equipment,2.8,1.6865480854231356,10,
equity,2.909090909090909,1.9725387425622571,11,
equivocal,3.0,1.7320508075688772,11,
era,2.8,1.4757295747452437,10,
eradicate,4.1,1.5951314818673863,10,
erase,3.6,1.776388345929897,10,
eraser,3.8,1.5491933384829668,10,
erect,4.5,1.7159383568311668,10,
erection,4.5,2.068278940998476,10,
erode,5.6,1.577621275493231,10,
erosion,3.6,1.9550504398153572,10,
erotic,3.0,1.8973665961010275,11,
erotica,4.5,2.068278940998476,10,
err,6.1,1.100504934614612,10,
errand,2.3,2.057506581601462,10,
errant,2.7,1.4181364924121764,10,
erratic,3.9,1.911950719959998,10,
erroneous,3.5454545454545454,2.1616492020508957,11,
error,4.0,2.0,10,
erupt,6.0,1.8257418583505536,10,
escalate,4.0,1.3333333333333333,10,
escalator,4.9,1.5238839267549948,10,
escape,2.0,1.3333333333333333,10,
escapism,4.2,2.3475755815545347,10,
escargot,2.909090909090909,2.0225995873897262,11,
escort,2.6923076923076925,1.6012815380508714,13,
Eskimo,3.272727272727273,2.370270410350224,11,
esophagus,1.8,1.0327955589886444,10,
esoteric,2.4285714285714284,1.6035674514745464,14,
especially,2.4545454545454546,1.1281521496355325,11,
espionage,3.7,2.0027758514399734,10,
espresso,4.090909090909091,1.8140862964338524,11,
esquire,3.2,2.201009869229224,10,
essay,3.5,1.5811388300841898,10,
essence,3.7,2.110818693198342,10,
essential,4.1,1.66332999331662,10,
essentialism,2.7777777777777777,2.488864087178013,9,
establish,2.3,1.1595018087284057,10,
establishment,3.8181818181818175,2.272363607268072,11,
estate,3.2,2.0976176963403037,10,
esteem,3.9,1.728840330651992,10,
estimate,2.9,1.449137674618944,10,
estrange,3.5,1.6499158227686108,10,
estranged,2.7,1.1595018087284057,10,
etcetera,4.8,1.8737959096740264,10,
etch,4.5,1.623688281771977,12,
eternal,2.7,1.70293863659264,10,
eternalize,3.363636363636364,2.1105794120443453,11,
eternity,2.8,1.5491933384829668,10,
ethanol,2.5,1.4337208778404378,10,
ether,3.636363636363636,2.013590190318143,11,
ethic,3.1,2.0789954839350235,10,
ethical,4.4,1.577621275493231,10,
ethics,3.1,1.9692073983655909,10,
ethnic,2.8461538461538463,1.8187062180825984,13,
ethnology,3.0,1.7320508075688772,11,
ethos,3.727272727272727,2.2843339988236875,11,
etiquette,3.909090909090909,2.0714509627092528,11,
eucalyptus,1.818181818181818,1.662418829187267,11,
eugenic,1.75,1.1381803659589922,12,
eulogize,2.4285714285714284,1.1578684470436789,14,
eulogy,3.0,2.0,12,
euphemism,3.5,2.173067468400883,10,
euphonic,3.8333333333333335,2.5524794837866014,12,
euphoria,4.3,2.359378449224852,10,
euphoric,4.6,2.1186998109427604,10,
eureka,4.5,2.6352313834736494,10,
Europe,2.6153846153846154,2.292686253374032,13,
European,3.363636363636364,2.618118686107537,11,
euthanasia,2.333333333333333,1.3451854182690983,15,
evacuate,3.8181818181818175,1.5374122295716148,11,
evade,3.3,2.110818693198342,10,
evaluate,3.909090909090909,1.9211738835693897,11,
evangelicalism,3.3076923076923075,1.702185623672077,13,
evaporate,3.2,1.6193277068654826,10,
evasion,3.6,1.429840705968481,10,
evasive,4.1,1.5238839267549948,10,
eve,3.0,2.0,9,
even,4.083333333333333,2.0652243256245835,12,
evening,3.7,1.766981104093143,10,
event,3.6,1.776388345929897,10,
eventful,3.5454545454545454,1.9679246105293955,11,
eventual,4.363636363636363,1.747725795010606,11,
eventuality,2.5454545454545454,1.5075567228888185,11,
eventually,3.8181818181818175,2.1825756260978366,11,
ever,4.0,2.10818510677892,10,
evergreen,4.8,1.7511900715418265,10,
every,2.4,1.6465452046971292,10,
everybody,4.0,1.4907119849998598,10,
everyday,4.9,2.4698178070456938,10,
everyone,4.9,2.330951164939612,10,
everything,3.7857142857142856,2.1187286256174924,14,
everywhere,2.8,1.9888578520235063,10,
evict,4.1,1.66332999331662,10,
evidence,3.1,1.728840330651992,10,
evident,3.2142857142857144,1.625686668105863,14,
evidential,3.3125,2.023816526598529,16,
evidently,1.9090909090909087,1.044465935734187,11,
evil,4.6,1.577621275493231,10,
evocative,3.3,2.057506581601462,10,
evolution,4.4,1.429840705968481,10,
evolutionary,3.5454545454545454,2.018099916438052,11,
evolve,3.909090909090909,2.3001976199685736,11,
ex,4.727272727272728,2.195035721390843,11,
exact,2.0,1.1547005383792517,10,
exacting,3.8,1.4757295747452437,10,
exactly,4.1,1.66332999331662,10,
exaggerate,4.3,2.057506581601462,10,
exaggerated,3.5454545454545454,1.752919642404429,11,
exaggeration,4.444444444444445,2.006932429798716,9,
exaggerative,3.727272727272727,1.8488325554743508,11,
exalt,5.1,1.286683937707919,10,
exam,3.4,2.221110833194357,10,
examination,3.0,1.699673171197595,10,
examine,3.7,2.213594362117865,10,
example,2.5,1.5811388300841898,10,
exasperate,4.181818181818182,2.088931871468374,11,
excavate,3.2,1.7511900715418265,10,
excavation,3.2,1.9888578520235063,10,
exceed,4.6,1.7126976771553504,10,
exceeding,4.090909090909091,1.9725387425622571,11,
excel,4.6,1.6465452046971292,10,
excellence,3.4,2.270584848790187,10,
excellent,3.636363636363636,1.747725795010606,11,
except,2.5454545454545454,1.4396969378057567,11,
excepting,3.2,1.9888578520235063,10,
exception,3.0,2.0,10,
exceptional,3.2,1.9888578520235063,10,
excess,3.1,2.183269719175042,10,
exchange,3.9444444444444446,1.5893847208431549,18,
excise,3.272727272727273,2.195035721390843,11,
excite,4.666666666666667,1.874873733122184,12,
excited,4.5,1.4459976109624424,12,
excitement,4.4,1.7126976771553504,10,
exciting,4.6,1.7126976771553504,10,
exclaim,4.3,2.1628170930011112,10,
exclamation,4.6,2.0110804171997807,10,
exclude,3.5294117647058822,1.972233729138852,17,
exclusion,2.8461538461538463,1.573009527739414,13,
exclusive,2.9,1.5238839267549948,10,
excommunicate,2.7142857142857144,1.4373357526806554,14,
excrement,4.3,1.2516655570345725,10,
excrete,4.090909090909091,1.513574937328539,11,
excretion,4.083333333333333,2.0652243256245835,12,
excruciating,4.5,1.90029237516523,10,
excusatory,2.923076923076923,1.6563785025137654,13,
excuse,2.9,1.5951314818673863,10,
execute,3.8,2.043961295567452,10,
execution,4.090909090909091,1.7580981459830651,11,
executioner,4.307692307692308,1.4366984945013914,13,
executive,3.6,2.0110804171997807,10,
exemplary,4.4,1.9550504398153572,10,
exemplify,3.1,2.2335820757001272,10,
exercise,3.6,2.1705094128132942,10,
exertion,2.9,1.1972189997378648,10,
exhale,4.636363636363637,2.248231628312673,11,
exhaust,4.4,0.966091783079296,10,
exhaustion,3.5,2.0138409955990952,10,
exhaustive,4.636363636363637,2.292279532375024,11,
exhibit,4.0,1.8856180831641267,10,
exhilarate,3.8,1.8737959096740264,10,
exhilaration,3.9,2.183269719175042,10,
exhilarative,2.363636363636364,1.3618169680781094,11,
exhume,2.8181818181818183,1.4709304414677002,11,
exile,3.9,2.2335820757001272,10,
exist,3.3,1.0593499054713802,10,
existence,2.7,1.4944341180973264,10,
existential,2.5454545454545454,1.572490786213793,11,
existentialism,3.1,2.1317702607092643,10,
exit,4.6,1.837873166945363,10,
exonerate,3.4,1.776388345929897,10,
exorcise,3.1,2.0248456731316584,10,
exorcism,4.4,1.6465452046971292,10,
exorcist,3.9,2.183269719175042,10,
exoskeleton,4.0,2.39791576165636,9,
exotic,4.9,1.9692073983655909,10,
expand,3.8,1.932183566158592,10,
expanded,4.3,1.766981104093143,10,
expanse,4.2,2.0976176963403037,10,
expansion,3.6666666666666665,1.969463855669324,12,
expansionary,3.636363636363636,1.8586407545691703,11,
expansive,5.6,1.9550504398153572,10,
expect,3.0,2.3570226039551585,10,
expectancy,3.583333333333333,1.97522534195852,12,
expectant,4.1,1.728840330651992,10,
expectation,4.181818181818182,1.5374122295716148,11,
expedient,3.8,2.14993539954628,10,
expedition,3.5,1.5811388300841898,10,
expel,4.636363636363637,2.013590190318143,11,
expend,3.636363636363636,1.8586407545691703,11,
expendable,2.3,1.1595018087284057,10,
expense,2.6923076923076925,1.5483655567842811,13,
expensive,2.5,1.7795130420052183,10,
experience,2.5454545454545454,1.3684762594679063,11,
experienced,4.3,2.1628170930011112,10,
experiment,3.4,2.0110804171997807,10,
experimental,1.9,1.728840330651992,10,
expert,2.9,2.4698178070456938,10,
expertise,3.909090909090909,2.4271195048676715,11,
expiration,4.090909090909091,1.868397465987655,11,
expire,3.9,2.183269719175042,10,
explain,4.2,1.8135294011647256,10,
explanation,2.9,1.3703203194062976,10,
explanatory,3.6,1.7126976771553504,10,
expletive,3.8,2.0976176963403037,10,
explicable,3.4166666666666665,1.6213537179739277,12,
explicate,3.3846153846153846,1.894661866862684,13,
explode,5.454545454545454,1.3684762594679063,11,
exploit,4.615384615384615,1.9806758753205744,13,
exploitation,4.3,2.1628170930011112,10,
exploration,3.272727272727273,2.053821272209882,11,
exploratory,3.363636363636364,1.689540012709215,11,
explore,4.2,2.043961295567452,10,
explorer,3.9166666666666665,2.391588796113782,12,
explosion,5.1,1.9692073983655909,10,
expo,3.125,1.6278820596099706,16,
exponent,2.2,1.4757295747452437,10,
exponential,3.2,2.0976176963403037,10,
export,2.9,2.2335820757001272,10,
expose,4.1,1.5238839267549948,10,
express,4.5,2.1213203435596424,10,
expression,3.363636363636364,2.1105794120443453,11,
Expressionism,3.727272727272727,2.053821272209882,11,
expressivity,3.272727272727273,2.195035721390843,11,
expressly,3.5,2.139374459257443,14,
expulsion,3.7,1.5670212364724212,10,
expunge,4.454545454545454,2.114882330704777,11,
exquisite,5.3,2.1628170930011112,10,
extend,4.1,1.728840330651992,10,
extended,3.727272727272727,1.555050423035156,11,
extensible,2.9285714285714284,1.859043828435456,14,
extension,3.8,1.8737959096740264,10,
extensive,3.4545454545454546,2.2074254852038093,11,
extent,2.636363636363636,1.2060453783110543,11,
exterior,3.3,2.057506581601462,10,
exterminate,3.6,1.6465452046971292,10,
exterminator,3.7,2.406010991015812,10,
externalism,2.5,1.5811388300841898,10,
extinct,4.2727272727272725,2.101947149236112,11,
extinction,3.9166666666666665,2.151461800448216,12,
extinguish,4.1,1.911950719959998,10,
extinguisher,3.5454545454545454,2.0670576365276494,11,
extol,3.636363636363636,1.9632996344280853,11,
extort,4.6,1.776388345929897,10,
extortion,3.5454545454545454,2.339386088854781,11,
extra,4.909090909090909,1.2210278829367869,11,
extract,4.2,2.201009869229224,10,
extradite,3.8,2.0770858707058104,15,
extradition,2.8,1.8737959096740264,10,
extraneous,2.5,1.2692955176439846,10,
extraterrestrial,3.727272727272727,1.954016841836789,11,
extravagance,4.4,2.3664319132398464,10,
extravagant,4.384615384615385,2.2188007849009166,13,
extravaganza,4.1,1.1972189997378648,10,
extreme,4.0,2.0,11,
extremism,4.4,2.221110833194357,10,
extremist,4.636363636363637,1.804035879506129,11,
extremity,3.8181818181818175,2.088931871468374,11,
extrovert,4.727272727272728,1.6787441193290351,11,
extrude,4.142857142857143,1.8752289237539816,14,
exuberance,3.5,2.273030282830976,10,
exuberant,4.4,1.8973665961010275,10,
exuberate,4.0,2.449489742783178,11,
exude,4.545454545454546,1.2933395813657265,11,
exult,3.4166666666666665,2.314316444667973,12,
eye,5.1,1.8529256146249728,10,
eyeball,3.090909090909091,2.0225995873897262,11,
eyebrow,5.4,1.7126976771553504,10,
eyeglass,4.0,1.8708286933869709,13,
eyelash,4.8,2.3475755815545347,10,
eyelid,4.363636363636363,2.013590190318143,11,
eyepiece,4.3,2.213594362117865,10,
eyesight,4.454545454545454,1.9679246105293955,11,
eyesore,4.9,1.9692073983655909,10,
eyewash,4.8,1.932183566158592,10,
eyewitness,4.909090909090909,1.9211738835693897,11,
fable,2.727272727272727,1.555050423035156,11,
fabric,3.411764705882353,2.093407017561676,17,
fabricate,2.9,1.66332999331662,10,
fabrication,3.083333333333333,1.6764862244009229,12,
fabulous,3.9,1.286683937707919,10,
facade,2.923076923076923,1.6563785025137654,13,
face,3.6,2.4585451886114367,10,
faced,3.272727272727273,1.7939291563999449,11,
faceless,4.3,2.1628170930011112,10,
facetious,2.0,1.4142135623730951,10,
facial,3.5454545454545454,1.8635254955935727,11,
facilitate,2.4545454545454546,1.572490786213793,11,
facilitation,3.4,1.6465452046971292,10,
facility,3.6,2.0110804171997807,10,
facing,2.3,1.5670212364724212,10,
fact,2.8,1.8135294011647256,10,
faction,2.9,1.66332999331662,10,
factional,3.0,1.8257418583505536,10,
factitious,2.8,2.043961295567452,10,
factor,2.75,1.6583123951777,12,
factory,2.1818181818181817,1.3280197150781925,11,
factual,2.6,2.1186998109427604,10,
faculty,3.0,1.61245154965971,11,
fad,3.909090909090909,1.7002673586554236,11,
fade,3.9,1.8529256146249728,10,
fag,3.769230769230769,2.385855756810896,13,
fail,3.125,1.707825127659933,16,
failing,4.9,1.66332999331662,10,
failure,3.5454545454545454,1.6348477827391985,11,
faint,4.4,1.837873166945363,10,
fair,2.6,1.6465452046971292,10,
fairground,4.4,1.6465452046971292,10,
fairness,4.1,2.5582111805799856,10,
fairway,3.0,2.04939015319192,11,
fairy,4.636363636363637,1.2862913567871994,11,
faith,2.909090909090909,2.0225995873897262,11,
faithful,4.4,2.270584848790187,10,
faithless,3.5,1.6499158227686108,10,
fake,2.5,1.7795130420052183,10,
faker,4.3,1.4944341180973264,10,
fakery,3.8,2.201009869229224,10,
falcon,3.5,1.7795130420052183,10,
fall,3.8,1.9888578520235063,10,
fallacious,3.1818181818181817,1.9400093720485896,11,
fallacy,3.9166666666666665,1.781640374554423,12,
fallen,3.583333333333333,2.108783937953269,12,
fallible,4.2,1.4757295747452437,10,
fallout,4.166666666666667,2.6227443411030134,12,
fallow,3.272727272727273,1.489356175728901,11,
falter,3.363636363636364,1.8586407545691703,11,
fame,2.2,1.1352924243950937,10,
famed,3.7,1.888562063228706,10,
familiar,2.7,1.5670212364724212,10,
familiarity,2.6,1.577621275493231,10,
familiarize,3.2,1.7511900715418265,10,
family,3.1,1.728840330651992,10,
famine,3.071428571428572,1.542439911024374,14,
famous,4.083333333333333,2.0652243256245835,12,
fan,4.357142857142857,2.239750771064387,14,
fanatic,3.5,1.4337208778404378,10,
fanatical,3.7,1.8287822299126937,10,
fanaticism,2.4,1.3498971154211057,10,
fanaticize,3.6,1.429840705968481,10,
fancied,3.0,1.247219128924647,10,
fanciful,3.1818181818181817,1.662418829187267,11,
fancy,4.7,1.5670212364724212,10,
fanfare,3.5,1.834021909257456,12,
fang,5.6,1.2649110640673518,10,
fantasize,4.0,1.4142135623730951,10,
fantastic,3.7,1.766981104093143,10,
fantasy,3.8181818181818175,1.60113596038449,11,
fap,4.636363636363637,2.157439559882375,11,
far,4.5,2.223610677354389,10,
farce,3.9,2.4698178070456938,10,
fare,2.8,1.932183566158592,10,
farewell,3.6,1.776388345929897,10,
farm,3.9,2.1317702607092643,10,
farmer,2.9166666666666665,1.378954368902449,12,
farmhouse,3.3,2.8303906287138374,10,
farming,3.4,2.1705094128132942,10,
farmland,3.7,2.213594362117865,10,
fart,4.636363636363637,1.433368568981982,11,
fascinate,3.8,1.932183566158592,10,
fascinating,4.8,1.398411797560202,10,
fascination,3.3,1.5670212364724212,10,
fascism,3.0,2.0548046676563256,10,
fascist,3.363636363636364,2.248231628312673,11,
fashion,3.5,1.7795130420052183,10,
fashionable,4.0,2.0548046676563256,10,
fast,4.6,1.429840705968481,10,
fasten,4.727272727272728,1.618079669911781,11,
fastidious,3.0,1.4142135623730951,11,
fat,4.4,1.8973665961010275,10,
fatal,3.3,2.311805451253293,10,
fatalism,2.909090909090909,1.8140862964338524,11,
fatality,3.8,1.9888578520235063,10,
fate,3.272727272727273,2.2843339988236875,11,
fated,2.4,1.07496769977314,10,
fateful,3.9166666666666665,1.6764862244009229,12,
father,4.1,2.282785822435191,10,
fatherhood,2.5,1.35400640077266,10,
fatherless,4.3,2.057506581601462,10,
fatherly,4.833333333333333,1.5859229221975182,12,
fathom,4.3,2.0027758514399734,10,
fatigue,5.4,1.2649110640673518,10,
fatigued,3.3,1.4181364924121764,10,
fatso,5.333333333333333,1.556997888323046,12,
fatten,4.8,2.14993539954628,10,
fatty,5.0,2.211083193570267,10,
faucet,2.9,1.5238839267549948,10,
fault,3.636363636363636,1.804035879506129,11,
faultless,3.3846153846153846,1.6092680291808414,13,
faulty,4.0,1.2060453783110543,12,
favor,3.2,1.9888578520235063,10,
favorable,3.363636363636364,2.157439559882375,11,
favored,3.1,2.5582111805799856,10,
favorite,3.272727272727273,2.2843339988236875,11,
fawn,2.6,1.577621275493231,10,
fax,3.1,2.0248456731316584,10,
faze,4.2,2.043961295567452,10,
fear,3.1,2.282785822435191,10,
feared,3.5454545454545454,1.9679246105293955,11,
fearful,4.2,2.5298221281347035,10,
fearless,3.0,2.32379000772445,11,
fearsome,4.4,1.776388345929897,10,
feasible,3.4545454545454546,1.6348477827391985,11,
feast,3.7,1.70293863659264,10,
feat,2.3,1.1595018087284057,10,
feather,5.0,1.7638342073763935,10,
feathered,4.5,2.068278940998476,10,
feathery,5.2,0.9189365834726816,10,
feature,2.090909090909091,1.4459976109624424,11,
featured,2.6,1.2649110640673518,10,
February,2.6,1.9550504398153572,10,
fecal,3.4,1.776388345929897,10,
feces,4.0,1.7638342073763935,10,
fed,3.5454545454545454,1.8090680674665816,11,
federal,3.0,1.563471919941143,10,
federalism,2.8,1.5491933384829668,10,
federalize,2.272727272727273,1.7939291563999449,11,
federate,3.1,1.5238839267549948,10,
fedex,2.727272727272727,1.7939291563999449,11,
fee,4.083333333333333,2.391588796113782,12,
feeble,4.2,1.6193277068654826,10,
feed,4.5,1.2692955176439846,10,
feedback,2.5,2.173067468400883,10,
feeder,4.090909090909091,2.0225995873897262,11,
feeding,3.3,2.263232692902394,10,
feel,4.1,1.728840330651992,10,
feeling,3.0,2.449489742783178,10,
feet,3.4545454545454546,1.916436086262016,11,
feint,3.2,1.8737959096740264,10,
felicitate,2.1,1.3703203194062976,10,
felicity,3.0,1.7320508075688772,11,
feline,4.125,1.707825127659933,16,
fell,4.25,1.61245154965971,16,
fellow,2.9,2.183269719175042,10,
fellowship,3.090909090909091,1.8140862964338524,11,
felon,3.0,1.9436506316151,10,
felony,3.9,1.728840330651992,10,
felt,3.8,1.8737959096740264,10,
female,3.0,1.699673171197595,10,
feminine,4.727272727272728,2.3276988246295565,11,
femininity,4.0,1.4907119849998598,10,
feminism,3.8,1.932183566158592,10,
feminist,3.9,2.0789954839350235,10,
femur,3.5454545454545454,2.018099916438052,11,
fence,2.9,1.911950719959998,10,
fencing,3.636363636363636,1.9116865471476892,11,
fender,3.727272727272727,2.195035721390843,11,
ferment,3.7,1.636391694484477,10,
fermentation,3.8181818181818175,2.227921983292136,11,
fern,3.2,1.8135294011647256,10,
ferocious,4.636363636363637,1.689540012709215,11,
ferocity,4.1,2.1317702607092643,10,
ferret,3.2,2.3475755815545347,10,
ferry,3.5,2.068278940998476,10,
fertile,3.2,2.043961295567452,10,
fertility,4.3,2.406010991015812,10,
fertilize,3.6666666666666665,1.6696942198734437,12,
fertilizer,3.7,2.263232692902394,10,
fervent,4.0,1.6733200530681511,11,
fess,2.8181818181818183,1.8877596148970777,11,
fest,3.5454545454545454,2.114882330704777,11,
festival,4.6923076923076925,1.6012815380508714,13,
festive,5.1,1.66332999331662,10,
fetch,5.0,1.5374122295716148,12,
fetish,3.636363636363636,2.248231628312673,11,
fetter,4.0,1.9436506316151,10,
fettuccine,2.9,1.911950719959998,10,
fetus,2.9,2.0789954839350235,10,
feud,3.5454545454545454,1.752919642404429,11,
feudalism,2.727272727272727,1.7939291563999449,11,
fever,3.4,2.1186998109427604,10,
feverish,3.9,1.449137674618944,10,
few,2.6,1.2649110640673518,10,
fib,2.8181818181818183,1.834021909257456,11,
fibrosis,2.636363636363636,1.6292775867068985,11,
fibrous,4.818181818181818,1.4012980994907414,11,
fibula,1.8,1.932183566158592,10,
fickle,3.3,1.636391694484477,10,
fiction,3.2,2.2997584414213788,10,
fictitious,2.8,1.1352924243950937,10,
fiddle,4.4,2.1705094128132942,10,
fiddler,4.545454545454546,1.1281521496355325,11,
fiddling,4.7,1.4181364924121764,10,
fidelity,2.8666666666666667,1.6846647257229663,15,
fidget,5.0,1.8257418583505536,10,
field,2.5,1.4337208778404378,10,
fielder,3.1,1.3703203194062976,10,
fiend,3.3,1.946506842754191,10,
fiendish,4.4,1.429840705968481,10,
fierce,4.2,1.7511900715418265,10,
fiesta,4.1,1.5951314818673863,10,
fife,3.4,1.2649110640673518,10,
fifteen,2.4,1.2649110640673518,10,
fifth,3.4,1.577621275493231,10,
fifty,3.4,1.429840705968481,10,
fig,2.636363636363636,1.2060453783110543,11,
fight,4.230769230769231,1.739436985245808,13,
fighter,4.2727272727272725,1.9021518914592013,11,
fighting,4.0,2.160246899469287,10,
figment,2.8181818181818183,1.662418829187267,11,
figurative,2.5454545454545454,1.694912172570388,11,
figure,3.0,2.0,10,
figured,2.4,1.3498971154211057,10,
figurine,4.3,1.888562063228706,10,
file,4.8,1.6193277068654826,10,
filet,3.363636363636364,2.062654952856986,11,
fill,4.0,2.211083193570267,10,
filler,5.230769230769231,1.786703022974913,13,
fillet,3.363636363636364,2.2033033051637387,11,
filling,3.1666666666666665,2.32900030576263,12,
filly,3.8461538461538463,1.214231845389905,13,
film,3.5,2.3213980461973533,10,
filter,4.8,1.3165611772087666,10,
filth,4.75,1.815338686155987,12,
filthy,5.25,1.0552897060221726,12,
fin,3.8461538461538463,1.9935794376846323,13,
final,3.7,2.359378449224852,10,
finale,4.363636363636363,1.6292775867068985,11,
finalist,3.6,1.6465452046971292,10,
finality,2.3,1.4944341180973264,10,
finalize,4.2727272727272725,2.053821272209882,11,
finally,5.0,1.699673171197595,10,
finance,2.6,1.776388345929897,10,
financial,2.4,1.776388345929897,10,
finch,3.1,2.282785822435191,10,
find,3.4,1.776388345929897,10,
finder,3.4,1.505545305418162,10,
finding,3.8,1.7511900715418265,10,
fine,3.2,1.6865480854231356,10,
finesse,4.666666666666667,2.015094553763188,12,
finger,3.1,1.5951314818673863,10,
fingernail,3.3076923076923075,2.2130151145972543,13,
fingerprint,4.545454545454546,2.1616492020508957,11,
fingertip,4.25,2.137330535547045,12,
finish,3.909090909090909,1.868397465987655,11,
finished,2.8,1.8135294011647256,10,
finite,3.5454545454545454,2.018099916438052,11,
fir,3.142857142857143,1.7032612545052803,14,
fire,3.8,1.9888578520235063,10,
firearm,4.75,1.6583123951777,12,
fireball,5.3,1.766981104093143,10,
firefly,5.363636363636363,1.433368568981982,11,
fireman,5.1,1.5238839267549948,10,
fireplace,5.181818181818182,2.088931871468374,11,
fireproof,3.4545454545454546,2.3817487845545915,11,
firewood,5.1,2.282785822435191,10,
firing,4.5,2.6352313834736494,10,
firm,5.4,1.5023790657297036,15,
first,3.8,2.5298221281347035,10,
firstborn,3.3,2.406010991015812,10,
fiscal,3.4166666666666665,2.108783937953269,12,
fish,3.3125,1.9568256607747831,16,
fishing,4.7,2.0027758514399734,10,
fishy,5.6,1.429840705968481,10,
fist,3.363636363636364,2.157439559882375,11,
fit,5.0,2.0548046676563256,10,
fitness,3.0,1.4142135623730951,10,
fitted,4.5,0.97182531580755,10,
fitting,3.3,2.110818693198342,10,
five,3.090909090909091,2.736952518935813,11,
fix,3.8,1.6193277068654826,10,
fixation,3.7,1.766981104093143,10,
fixed,4.0,1.7320508075688772,11,
fixer,3.6,1.837873166945363,10,
fixing,3.3,2.0027758514399734,10,
fixture,2.5454545454545454,1.6348477827391985,11,
fizz,5.5,1.4337208778404378,10,
fizzle,6.636363636363637,0.504524979109513,11,
flabbergast,4.25,2.632834628649924,12,
flabby,5.4,1.577621275493231,10,
flaccid,4.1,1.911950719959998,10,
flag,3.9,2.183269719175042,10,
flagpole,4.2,2.2997584414213788,10,
flagrant,2.888888888888889,1.7638342073763935,9,
flagship,2.090909090909091,1.6403990645294488,11,
flail,4.636363636363637,2.2033033051637387,11,
flair,4.9,1.449137674618944,10,
flake,5.0,1.699673171197595,10,
flaky,4.5,1.314257481345542,12,
flamboyant,4.4,2.221110833194357,10,
flame,5.181818181818182,1.4709304414677002,11,
flames,4.0,2.1320071635561044,12,
flaming,4.0,2.0976176963403037,11,
flamingo,2.833333333333333,1.80067327475704,12,
flammable,4.923076923076923,1.4978617237881953,13,
flan,3.375,1.5864005379054391,16,
flank,4.375,1.3102162671355695,16,
flannel,3.909090909090909,2.0714509627092528,11,
flap,5.5,0.8498365855987975,10,
flapjack,4.5,1.8408935028645437,10,
flapper,5.2727272727272725,1.618079669911781,11,
flare,5.2,2.201009869229224,10,
flaring,4.846153846153846,1.8187062180825984,13,
flash,5.2,1.6193277068654826,10,
flashback,5.2,1.5491933384829668,10,
flasher,4.3,1.766981104093143,10,
flashing,6.0,1.0540925533894598,10,
flashlight,5.727272727272728,2.053821272209882,11,
flashy,5.3,1.636391694484477,10,
flask,3.3,1.5670212364724212,10,
flat,3.2,1.9888578520235063,10,
flatten,5.5,1.0801234497346437,10,
flatter,3.7,2.213594362117865,10,
flattery,3.4545454545454546,1.6348477827391985,11,
flatulent,2.6923076923076925,1.7504578155735615,13,
flaunt,4.3,1.4944341180973264,10,
flavor,3.9,1.449137674618944,10,
flavorsome,3.8,1.5491933384829668,10,
flaw,3.2,1.1352924243950937,10,
flawed,4.0,2.04939015319192,11,
flawless,4.3,1.946506842754191,10,
flea,3.1818181818181817,1.662418829187267,11,
fleck,4.6,1.7126976771553504,10,
fled,4.1,1.911950719959998,10,
flee,6.0,0.816496580927726,10,
fleece,4.3,1.766981104093143,10,
fleet,3.1818181818181817,1.8877596148970777,11,
fleeting,5.1,1.5238839267549948,10,
flesh,4.6,1.6465452046971292,10,
fleshy,5.0,1.699673171197595,10,
flew,5.1,2.0248456731316584,10,
flex,5.4,1.2649110640673518,10,
flexed,4.416666666666667,1.5050420310248864,12,
flexible,3.909090909090909,1.868397465987655,11,
flick,5.7,1.5670212364724212,10,
flicker,5.8,1.9888578520235063,10,
flier,4.0,1.7888543819998317,11,
flight,4.916666666666667,1.831955405041456,12,
flimflam,4.466666666666667,2.133630931623591,15,
flimsy,5.2,1.5491933384829668,10,
flinch,4.7,2.057506581601462,10,
fling,5.7,1.4944341180973264,10,
flint,3.9,1.728840330651992,10,
flip,5.7,1.1595018087284057,10,
flip-flop,5.2,2.14993539954628,10,
flipper,5.454545454545454,1.4396969378057567,11,
flipping,4.3,1.636391694484477,10,
flirt,4.615384615384615,1.8501559185854912,13,
flirtation,3.6,1.837873166945363,10,
flirtatious,4.5,1.5811388300841898,10,
flitter,5.3,1.636391694484477,10,
float,4.9,1.7919573407620817,10,
floater,3.727272727272727,1.7939291563999449,11,
floating,4.166666666666667,1.6966991126265962,12,
flock,5.0,1.632993161855452,10,
flocking,3.583333333333333,2.151461800448216,12,
flog,4.846153846153846,1.908147174886057,13,
flood,5.9,1.1972189997378648,10,
floodgate,3.909090909090909,1.8140862964338524,11,
floodlight,4.181818181818182,2.400757456228422,11,
floor,3.5,1.9578900207451215,10,
floorboard,5.181818181818182,1.834021909257456,11,
flooring,3.6,2.221110833194357,10,
floozy,5.285714285714286,1.977899874131123,14,
flop,6.5,0.7071067811865476,10,
floppy,5.9,1.5238839267549948,10,
floral,4.4,1.8973665961010275,10,
florist,4.9,2.330951164939612,10,
floss,4.0,1.632993161855452,10,
flounce,4.5,2.2763607319179844,12,
flounder,4.818181818181818,1.662418829187267,11,
flour,3.0,1.9436506316151,10,
flourish,2.9,1.100504934614612,10,
flourishing,5.3,1.4181364924121764,10,
flow,5.076923076923077,1.605279750362247,13,
flower,3.8,2.14993539954628,10,
flowering,3.909090909090909,1.513574937328539,11,
flowery,4.454545454545454,1.6348477827391985,11,
flowing,5.2,1.398411797560202,10,
flown,4.8,1.8737959096740264,10,
flu,4.6,1.577621275493231,10,
fluctuate,4.5,1.35400640077266,10,
fluctuation,4.4,1.3498971154211057,10,
flue,3.3076923076923075,1.8432134703923733,13,
fluent,3.909090909090909,1.5782614139961386,11,
fluff,5.5,1.1785113019775793,10,
fluffy,5.9,0.8755950357709131,10,
fluid,4.727272727272728,2.1489955370316194,11,
fluidity,5.4,1.7126976771553504,10,
fluke,4.4,1.837873166945363,10,
flump,4.666666666666667,1.9364916731037085,9,
flunk,5.5,1.1785113019775793,10,
flunky,5.4,1.6465452046971292,10,
fluoride,2.272727272727273,0.9045340337332908,11,
flurry,5.2,1.5491933384829668,10,
flush,5.823529411764706,1.0145993123917847,17,
Flushing,4.545454545454546,1.572490786213793,11,
fluster,4.454545454545454,1.752919642404429,11,
flute,4.2,1.7511900715418265,10,
flutter,4.545454545454546,1.8635254955935727,11,
flux,3.727272727272727,2.053821272209882,11,
fly,4.8,2.2997584414213788,10,
flying,5.0,1.7320508075688772,13,
foal,2.333333333333333,1.118033988749895,9,
foam,5.384615384615385,1.6602440351979153,13,
foamy,5.2,1.2292725943057183,10,
focus,4.4,1.3498971154211057,10,
foe,4.25,1.6025547785276542,12,
fog,4.461538461538462,1.941450686788302,13,
foggy,5.666666666666667,1.7232808737106582,12,
foil,3.7,1.946506842754191,10,
fold,3.8181818181818175,2.088931871468374,11,
folder,4.7,1.888562063228706,10,
folding,4.1,2.183269719175042,10,
foliage,3.0,1.2649110640673518,11,
folk,3.6,1.776388345929897,10,
folklore,3.882352941176471,1.996320144076861,17,
follow,4.0,1.9436506316151,10,
follower,3.0,2.256304299271065,12,
following,3.5384615384615383,1.3301243435223524,13,
folly,3.083333333333333,1.311372170551507,12,
fond,2.9,1.911950719959998,10,
fondle,3.8,1.9888578520235063,10,
fondness,3.0,1.954016841836789,12,
fondue,3.090909090909091,2.0714509627092528,11,
font,3.1818181818181817,1.3280197150781925,11,
food,3.0,2.10818510677892,10,
fool,4.363636363636363,1.3618169680781094,11,
foolish,5.636363636363637,1.2060453783110543,11,
foot,3.2,2.3944379994757297,10,
footage,3.3,1.946506842754191,10,
football,4.6,2.716206504995115,10,
footing,4.9,1.5951314818673863,10,
footnote,2.6,1.9550504398153572,10,
footpath,4.6,1.7126976771553504,10,
footprint,3.4545454545454546,1.916436086262016,11,
footstep,5.2,1.4757295747452437,10,
footwear,3.5,2.1213203435596424,10,
footwork,2.7,1.5670212364724212,10,
for,1.7,1.888562063228706,10,
forage,3.5384615384615383,1.8081014266989477,13,
forbear,2.909090909090909,1.9725387425622571,11,
forbid,2.9,0.9944289260117531,10,
forbidding,3.727272727272727,1.4206272622267313,11,
force,4.666666666666667,1.775250729197189,12,
forced,4.411764705882353,1.839117435395704,17,
forceful,4.181818181818182,1.4012980994907414,11,
forceps,3.4,2.3190036174568114,10,
forcible,3.9,1.911950719959998,10,
ford,3.8181818181818175,2.3587361793206894,11,
fore,3.4,2.1186998109427604,10,
forearm,3.8181818181818175,2.088931871468374,11,
forecast,4.363636363636363,1.9632996344280853,11,
forefather,3.8181818181818175,1.8877596148970777,11,
forefront,3.4,1.07496769977314,10,
foreground,3.0,1.7638342073763935,10,
forehead,5.357142857142857,1.8232322463624384,14,
foreign,2.8,1.3165611772087666,10,
foreigner,3.5,2.223610677354389,10,
foreman,3.0625,1.7308475765743594,16,
foremost,3.25,1.9598237397554636,12,
forensic,3.0,1.8439088914585773,11,
foreplay,3.9,1.66332999331662,10,
foreshadow,4.6,1.429840705968481,10,
foresight,4.090909090909091,2.256304299271065,11,
foreskin,3.7,2.5841396591085743,10,
forest,4.3,1.2516655570345725,10,
forethought,3.4,1.8973665961010275,10,
forfeit,3.0,1.4907119849998598,10,
forge,3.8,1.5491933384829668,10,
forgery,3.0,1.8856180831641267,10,
forget,2.909090909090909,1.9725387425622571,11,
forgetful,3.3,1.766981104093143,10,
forging,3.272727272727273,1.555050423035156,11,
forgive,3.6,2.3190036174568114,10,
forgiveness,3.1818181818181817,2.315952582337636,11,
forgiving,4.0,2.0,10,
forgo,3.4545454545454546,1.4396969378057567,11,
forgot,2.636363636363636,1.2060453783110543,11,
forgotten,2.4,1.1737877907772674,10,
fork,3.9,1.8529256146249728,10,
forked,4.8,1.7511900715418265,10,
forklift,4.2,1.6865480854231356,10,
forlorn,4.5,1.7795130420052183,10,
form,4.2,2.14993539954628,10,
formal,4.3,1.888562063228706,10,
formaldehyde,2.727272727272727,2.4531982835029496,11,
formality,3.909090909090909,1.9725387425622571,11,
formalize,4.2,1.6865480854231356,10,
format,3.083333333333333,1.781640374554423,12,
formation,3.8461538461538463,1.908147174886057,13,
formative,4.0,1.949358868961793,11,
former,3.090909090909091,2.0225995873897262,11,
formidable,3.6666666666666665,1.6143297699232972,12,
formless,3.8,2.14993539954628,10,
formula,3.272727272727273,1.4206272622267313,11,
formulate,3.7,2.359378449224852,10,
forsake,3.1,1.286683937707919,10,
forsaken,3.25,1.6583123951777,12,
fort,3.5,1.7795130420052183,10,
forte,3.4,1.9550504398153572,10,
forth,3.6666666666666665,2.1461734799546397,12,
forthright,2.9,1.66332999331662,10,
fortify,3.8,1.5491933384829668,10,
fortitude,2.8181818181818183,1.9400093720485896,11,
fortress,4.8,1.3165611772087666,10,
fortuitous,1.8333333333333333,1.1146408580454257,12,
fortunate,3.1666666666666665,2.0375267241229382,12,
fortune,3.9,1.8529256146249728,10,
forty,3.7,2.110818693198342,10,
forum,3.8,2.043961295567452,10,
forward,3.8,1.8135294011647256,10,
forwardness,3.076923076923077,2.3965787580611124,13,
fossil,3.3,2.0027758514399734,10,
fossilize,4.8,1.398411797560202,10,
foster,3.4615384615384617,2.0254787341673333,13,
fought,3.8,1.6865480854231356,10,
foul,4.3,1.3374935098492586,10,
found,3.111111111111111,1.69148192751537,9,
foundation,4.4,1.776388345929897,10,
founder,3.2,1.932183566158592,10,
foundry,2.090909090909091,1.4459976109624424,11,
fountain,3.4,1.505545305418162,10,
four,3.6,2.1186998109427604,10,
foursome,3.6666666666666665,2.3868325657594203,12,
fourth,2.909090909090909,2.0225995873897262,11,
fowl,3.636363636363636,2.419616799112094,11,
fox,3.692307692307693,1.3155870289605438,13,
foxhole,3.615384615384616,2.2560460078960247,13,
foxy,4.2,2.14993539954628,10,
foyer,2.8,1.6193277068654826,10,
fraction,3.636363636363636,1.804035879506129,11,
fracture,4.5,1.2692955176439846,10,
fragile,3.4,2.065591117977289,10,
fragment,4.5,1.4337208778404378,10,
fragmentation,3.7,1.4944341180973264,10,
fragrance,3.3,1.766981104093143,10,
fragrant,3.909090909090909,1.868397465987655,11,
frail,4.2,1.9888578520235063,10,
frame,4.2727272727272725,2.2401298663653004,11,
framework,3.727272727272727,2.2401298663653004,11,
framing,4.363636363636363,2.062654952856986,11,
France,3.7,2.311805451253293,10,
franchise,3.0,1.4907119849998598,10,
frank,3.4545454545454546,1.916436086262016,11,
frankfurter,2.9,1.7919573407620817,10,
frankincense,3.75,2.050498830661811,12,
frankly,3.4,1.837873166945363,10,
frantic,3.909090909090909,1.6403990645294488,11,
fraternal,2.7,2.406010991015812,10,
fraternity,3.5,1.8408935028645437,10,
fraud,4.1,2.5582111805799856,10,
fraudulent,3.25,2.3403573930647275,12,
fraught,3.9,1.286683937707919,10,
fray,5.384615384615385,1.4455945454184551,13,
frazzle,5.3,1.946506842754191,10,
freak,4.9,2.2335820757001272,10,
freakish,4.363636363636363,2.292279532375024,11,
freaky,5.2,1.6193277068654826,10,
freckle,4.666666666666667,1.3026778945578592,12,
free,3.6,2.1705094128132942,10,
freebie,5.0,1.8257418583505536,10,
freedom,4.363636363636363,2.2033033051637387,11,
freelance,2.6,2.270584848790187,10,
freestyle,3.2,1.6193277068654826,10,
freeway,3.5,1.7795130420052183,10,
freeze,4.3,2.057506581601462,10,
freezer,4.7,1.946506842754191,10,
freezing,4.9,1.911950719959998,10,
freight,2.4545454545454546,1.1281521496355325,11,
freighter,2.636363636363636,1.3618169680781094,11,
French,3.8333333333333335,2.167249338901664,12,
frenzied,3.909090909090909,1.868397465987655,11,
frenzy,4.8,1.5491933384829668,10,
frequent,2.9,1.66332999331662,10,
fresh,5.3,1.766981104093143,10,
freshen,4.090909090909091,1.4459976109624424,11,
freshman,3.8181818181818175,2.1362669223756576,11,
fret,4.3,2.1628170930011112,10,
friar,2.0,0.9428090415820634,10,
friction,4.5,2.173067468400883,10,
Friday,2.5,1.6499158227686108,10,
fridge,2.7,1.4944341180973264,10,
fried,3.3,1.888562063228706,10,
friend,3.090909090909091,1.7580981459830651,11,
friendly,3.4,1.9550504398153572,10,
friendship,3.5,1.7795130420052183,10,
fright,4.5,1.5666989036012806,12,
frighten,3.909090909090909,1.7580981459830651,11,
frightened,5.166666666666667,1.8989630344113089,12,
frightful,3.75,1.712255291076124,12,
frigid,4.4,1.8973665961010275,10,
frill,5.1,1.5951314818673863,10,
fringe,4.3,1.8287822299126937,10,
Frisbee,5.1,1.5951314818673863,10,
frisk,4.5,1.6499158227686108,10,
frisky,5.6,1.776388345929897,10,
frizz,5.636363636363637,1.5015143870590966,11,
frizzle,5.909090909090909,1.5782614139961386,11,
frizzy,5.9,1.100504934614612,10,
frock,3.6,2.1705094128132942,10,
frog,3.8,2.201009869229224,10,
frolic,4.1,2.4244128727957577,10,
from,2.6,2.221110833194357,10,
front,4.2,1.6865480854231356,10,
frontal,3.1818181818181817,1.2504544628399563,11,
frontier,3.8,1.2292725943057183,10,
frost,2.909090909090909,2.0225995873897262,11,
frostbite,5.0,1.6832508230603465,13,
frosted,4.5,1.6499158227686108,10,
frosting,4.0,1.563471919941143,10,
frosty,5.2,1.2292725943057183,10,
froth,5.1,1.3703203194062976,10,
frown,5.181818181818182,1.3280197150781925,11,
froze,5.2727272727272725,1.2720777563426766,11,
frozen,4.5,1.90029237516523,10,
frugal,3.090909090909091,1.7580981459830651,11,
frugality,2.8461538461538463,2.2673829938997163,13,
fruit,2.9,1.66332999331662,10,
fruitcake,4.8,2.573367875415838,10,
fruitful,4.583333333333333,2.0652243256245835,12,
fruition,4.545454545454546,0.9341987329938276,11,
fruitless,3.9166666666666665,1.97522534195852,12,
fruity,5.1,1.66332999331662,10,
frumpy,5.4,1.6465452046971292,10,
frustrate,4.0,2.1447610589527217,11,
frustrated,4.0,1.4832396974191326,11,
frustration,3.2,1.8737959096740264,10,
fry,4.090909090909091,1.8140862964338524,11,
fryer,5.0,1.563471919941143,10,
fuchsia,2.6666666666666665,1.6143297699232972,12,
fuck,5.5,1.90029237516523,10,
fudge,3.9166666666666665,2.314316444667973,12,
fuel,2.888888888888889,1.2692955176439846,9,
fugitive,2.8,1.932183566158592,10,
fugly,4.4,1.9550504398153572,10,
fulfill,4.1,1.5951314818673863,10,
fulfillment,3.4,2.1186998109427604,10,
full,4.5,1.35400640077266,10,
fumble,5.8,1.0327955589886444,10,
fume,5.363636363636363,1.3618169680781094,11,
fun,4.4,2.4129281427805145,10,
function,4.0,2.280350850198276,11,
functionalism,2.8,1.398411797560202,10,
fund,3.5454545454545454,1.752919642404429,11,
fundamental,3.909090909090909,1.7002673586554236,11,
fundamentalism,3.3,1.888562063228706,10,
funeral,3.1818181818181817,2.1825756260978366,11,
fungi,4.0,1.9436506316151,10,
fungus,3.5,2.068278940998476,10,
funk,5.416666666666667,1.6764862244009229,12,
funky,5.307692307692308,1.7974340685458343,13,
funnel,3.7,2.1628170930011112,10,
funny,2.9,2.1317702607092643,10,
fur,4.7,2.406010991015812,10,
furious,4.411764705882353,1.9383892646154617,17,
furl,5.0,2.160246899469287,10,
furlough,3.3,1.4181364924121764,10,
furnace,3.5,1.8408935028645437,10,
furnish,3.363636363636364,1.5666989036012806,11,
furnishing,3.0,2.260776661041756,10,
furniture,3.230769230769231,2.24179415327122,13,
furry,5.4,1.3498971154211057,10,
further,4.2,1.5491933384829668,10,
furtherance,3.3,1.5670212364724212,10,
fury,5.4,1.1737877907772674,10,
fuse,5.416666666666667,0.90033663737852,12,
fusion,5.333333333333333,1.3228756555322954,9,
fuss,5.2,1.398411797560202,10,
fussy,5.071428571428571,1.7304639535412156,14,
futile,3.3,1.5670212364724212,10,
futon,2.4545454545454546,1.4396969378057567,11,
future,2.4,1.505545305418162,10,
futureless,3.7,1.946506842754191,10,
fuzz,5.769230769230769,1.535895295576609,13,
fuzzy,6.2,1.0327955589886444,10,
gab,4.8,1.8135294011647256,10,
gabble,5.6,1.429840705968481,10,
gadget,4.636363636363637,1.433368568981982,11,
gag,5.4,2.065591117977289,10,
gaga,5.357142857142857,2.205138853368958,14,
gaggle,5.3,1.766981104093143,10,
gain,3.4166666666666665,1.4433756729740643,12,
gainful,3.4545454545454546,1.8090680674665816,11,
gait,2.3,1.5670212364724212,10,
gal,3.4,2.0110804171997807,10,
gala,3.3,1.888562063228706,10,
galactic,4.7,1.8287822299126937,10,
galaxy,3.7,2.359378449224852,10,
gallant,4.214285714285714,1.4769288003552106,14,
gallantly,3.5454545454545454,1.5075567228888185,11,
gallbladder,3.9,1.9692073983655909,10,
gallery,2.9166666666666665,1.831955405041456,12,
galley,2.272727272727273,1.618079669911781,11,
gallon,3.363636363636364,1.689540012709215,11,
gallop,5.454545454545454,1.572490786213793,11,
gallows,3.0,1.8257418583505536,10,
galore,4.2727272727272725,1.9021518914592013,11,
galvanize,3.0,2.0,10,
gamble,4.090909090909091,2.21153998175685,11,
gambling,3.4,1.577621275493231,10,
game,3.5384615384615383,2.536907060949895,13,
gaminess,3.5,1.6525039276108335,14,
gamma,3.6666666666666665,2.269694946796849,12,
gander,3.3,2.0027758514399734,10,
gang,4.384615384615385,1.6602440351979153,13,
gangrene,4.7,1.888562063228706,10,
gangster,4.2727272727272725,2.004540300962248,11,
gap,4.1,1.5951314818673863,10,
gape,4.416666666666667,1.831955405041456,12,
garage,3.1818181818181817,1.9400093720485896,11,
garbage,3.0,1.8257418583505536,10,
garbanzo,2.1,1.449137674618944,10,
garden,3.5,1.2692955176439846,10,
gardener,4.7,2.359378449224852,10,
gardening,4.1,1.5238839267549948,10,
gargantuan,4.545454545454546,2.3817487845545915,11,
gargle,5.6,1.429840705968481,10,
gargoyle,3.2,1.820517979665599,15,
garland,2.8181818181818183,2.088931871468374,11,
garlic,2.8181818181818183,1.5374122295716148,11,
garment,2.1818181818181817,1.2504544628399563,11,
garnish,4.1,2.0789954839350235,10,
garrulous,4.083333333333333,2.0652243256245835,12,
garter,2.272727272727273,1.555050423035156,11,
gas,4.8,1.6193277068654826,10,
gash,5.833333333333333,1.19341628287971,12,
gasify,3.1,1.8529256146249728,10,
gasoline,3.4545454545454546,1.752919642404429,11,
gasp,5.363636363636363,2.1105794120443453,11,
gassy,4.8,1.8737959096740264,10,
gastronomy,3.0,1.7638342073763935,10,
gate,4.454545454545454,2.114882330704777,11,
gateway,3.5,2.0138409955990952,10,
gather,4.5,1.509230856356236,10,
gator,3.8,2.201009869229224,10,
gaudy,5.083333333333333,0.996204919895622,12,
gauge,4.3,2.0027758514399734,10,
gauntlet,3.090909090909091,2.21153998175685,11,
gauze,3.7,1.636391694484477,10,
gave,3.0,1.4142135623730951,10,
gavel,3.5,1.5075567228888185,12,
gawk,4.090909090909091,2.119176512447486,11,
gay,4.916666666666667,1.928651593652148,12,
gayness,2.909090909090909,2.0714509627092528,11,
gaze,4.5,2.0138409955990952,10,
gazebo,3.0,1.563471919941143,10,
gazelle,3.8181818181818175,1.9400093720485896,11,
gazette,2.8,1.5491933384829668,10,
gear,3.5,1.35400640077266,10,
gearing,3.1,1.5238839267549948,10,
gecko,3.7,1.8287822299126937,10,
geek,3.8,2.043961295567452,10,
geese,4.454545454545454,1.6348477827391985,11,
geezer,4.8,2.043961295567452,10,
gel,4.1,1.7919573407620817,10,
gelatin,4.7,2.6267851073127395,10,
gelatinize,4.1,2.7264140062238043,10,
gelatinous,2.555555555555556,2.068278940998476,9,
gelding,3.7,1.8287822299126937,10,
gem,3.7,1.888562063228706,10,
gender,3.272727272727273,1.9021518914592013,11,
gene,3.4,1.837873166945363,10,
genealogy,2.7,1.766981104093143,10,
general,3.5,1.9578900207451215,10,
generality,3.0,1.5491933384829668,11,
generalize,2.3,1.888562063228706,10,
generally,2.0,1.61245154965971,11,
generalship,2.583333333333333,1.6764862244009229,12,
generate,3.5,1.90029237516523,10,
generation,3.0,1.8090680674665816,12,
generic,3.0,1.563471919941143,10,
generosity,3.4,1.8973665961010275,10,
generous,3.5454545454545454,2.114882330704777,11,
genetic,2.9,1.5238839267549948,10,
genial,3.1,1.66332999331662,10,
genie,3.3,1.4944341180973264,10,
genital,3.066666666666667,1.4375905768565218,15,
genitalia,3.272727272727273,2.1489955370316194,11,
genitals,3.363636363636364,1.747725795010606,11,
genius,4.0,1.699673171197595,10,
genocide,3.2,1.8737959096740264,10,
genre,2.6,2.065591117977289,10,
gent,2.4166666666666665,1.164500152881315,12,
genteel,3.4545454545454546,1.5075567228888185,11,
gentile,4.1,2.0248456731316584,10,
gentle,3.909090909090909,1.7580981459830651,11,
gentleman,4.6,1.7126976771553504,10,
gentry,2.8,1.4757295747452437,10,
genuine,3.090909090909091,1.8140862964338524,11,
geography,2.7,1.5670212364724212,10,
geologic,2.7777777777777777,1.7873008824606014,9,
geologist,2.8,1.932183566158592,10,
geranium,3.0,1.4142135623730951,10,
gerbil,2.75,1.4847711791873706,12,
geriatric,2.727272727272727,1.555050423035156,11,
germ,3.1,2.1317702607092643,10,
Germany,3.090909090909091,2.256304299271065,11,
germinate,4.3,2.110818693198342,10,
gesture,3.9,1.9692073983655909,10,
get,2.636363636363636,2.062654952856986,11,
getaway,3.636363636363636,2.013590190318143,11,
geyser,4.25,2.3011854652449344,12,
ghastly,3.363636363636364,1.804035879506129,11,
ghetto,4.1,2.282785822435191,10,
ghost,4.5,1.9578900207451215,10,
ghoul,5.0,2.1213203435596424,13,
giant,4.1,2.1317702607092643,10,
gibber,5.7,1.888562063228706,10,
gibberish,5.0,1.8856180831641267,10,
giblets,3.4,2.0110804171997807,10,
giddy,6.090909090909091,1.044465935734187,11,
gift,2.7,1.5670212364724212,10,
gifted,4.2727272727272725,1.954016841836789,11,
gig,3.2,1.5491933384829668,10,
gigantic,4.461538461538462,1.5607361839521232,13,
giggle,5.818181818181818,1.3280197150781925,11,
gill,3.7,1.70293863659264,10,
gimmick,4.7,1.4181364924121764,10,
gimp,5.7,2.057506581601462,10,
gin,3.1,1.911950719959998,10,
ginger,3.1818181818181817,1.662418829187267,11,
gingerbread,2.909090909090909,1.8140862964338524,11,
gingerly,3.2,2.043961295567452,10,
giraffe,3.583333333333333,2.0652243256245835,12,
girder,2.923076923076923,1.4411533842457842,13,
girdle,3.7777777777777777,1.7873008824606014,9,
girl,4.2,2.0976176963403037,10,
girlfriend,4.181818181818182,1.9400093720485896,11,
girth,4.6,1.9550504398153572,10,
gist,4.416666666666667,1.831955405041456,12,
give,3.2,2.0976176963403037,10,
given,4.5,1.6499158227686108,10,
gizmo,4.8,2.043961295567452,10,
gizzard,5.2,1.932183566158592,10,
glacier,3.8,1.6193277068654826,10,
glad,3.7,1.888562063228706,10,
glade,3.1,1.5238839267549948,10,
gladiator,4.545454545454546,2.018099916438052,11,
glamorize,3.636363636363636,1.689540012709215,11,
glamorous,4.5,1.90029237516523,10,
glamour,4.3,2.263232692902394,10,
glance,4.7,1.888562063228706,10,
glancing,4.1,1.5238839267549948,10,
gland,3.0,1.632993161855452,10,
glare,5.727272727272728,1.4206272622267313,11,
glaring,6.1,0.8755950357709131,10,
glass,4.416666666666667,1.831955405041456,12,
glassware,3.636363636363636,2.062654952856986,11,
glassy,4.3,1.5670212364724212,10,
glaucoma,2.727272727272727,1.8488325554743508,11,
glaze,5.090909090909091,1.7580981459830651,11,
glazed,5.25,1.6583123951777,12,
glazing,3.9,1.66332999331662,10,
gleam,3.4,1.6465452046971292,10,
glean,4.0,2.309401076758503,10,
glee,4.2727272727272725,2.3276988246295565,11,
gleeful,4.8,1.5491933384829668,10,
glide,6.0,1.0540925533894598,10,
glider,5.923076923076923,1.0377490433255416,13,
glimmer,5.727272727272728,1.348399724926484,11,
glimpse,3.636363636363636,2.248231628312673,11,
glint,5.2,1.3165611772087666,10,
glisten,5.6923076923076925,1.702185623672077,13,
glitter,5.2727272727272725,1.9021518914592013,11,
glittery,5.727272727272728,0.6466697906828632,11,
gloat,4.2,2.0976176963403037,10,
global,4.583333333333333,2.0652243256245835,12,
globe,4.0,2.0,11,
globular,3.8,2.4553149347021512,15,
gloom,6.2,0.7888106377466155,10,
gloomy,5.545454545454546,1.0357254813546264,11,
glop,6.4,1.2649110640673518,10,
glorification,4.0,2.0,12,
glorify,4.0,1.9436506316151,10,
glorious,4.846153846153846,1.7722938923964169,13,
glory,4.8,2.0976176963403037,10,
gloss,5.2,1.8737959096740264,10,
glossary,2.8,1.4757295747452437,10,
glossy,5.4,1.505545305418162,10,
glove,4.3,2.110818693198342,10,
glow,5.4,1.8973665961010275,10,
glower,4.25,1.9598237397554636,12,
glowing,4.9,1.728840330651992,10,
glucose,2.8,2.043961295567452,10,
glue,4.6,1.2649110640673518,10,
gluey,5.909090909090909,1.9211738835693897,11,
glug,6.2,1.3165611772087666,10,
glum,5.181818181818182,2.0404990476930798,11,
glut,4.615384615384615,1.8501559185854912,13,
glutton,3.7,1.5670212364724212,10,
gluttony,4.2727272727272725,1.7372915179041823,11,
gnarl,4.545454545454546,2.0670576365276494,11,
gnarled,6.0,0.9428090415820634,10,
gnash,5.6,1.7126976771553504,10,
gnat,3.8181818181818175,2.315952582337636,11,
gnaw,4.5,2.068278940998476,10,
gnome,1.4,0.8432740427115678,10,
go,4.9,1.7919573407620817,10,
goal,3.2,1.7511900715418265,10,
goalie,4.5,2.273030282830976,10,
goat,3.1,2.1317702607092643,10,
goatee,3.7,1.888562063228706,10,
gobble,5.571428571428571,2.064881658530644,14,
gobbledegook,5.8,1.8737959096740264,10,
goblet,3.4,1.505545305418162,10,
goblin,3.090909090909091,1.6403990645294488,11,
God,4.7,2.406010991015812,10,
goddess,4.3,1.8287822299126937,10,
godfather,2.8,1.8737959096740264,10,
godless,3.1,1.5951314818673863,10,
godly,3.4,1.577621275493231,10,
godmother,3.636363636363636,1.9632996344280853,11,
goes,3.363636363636364,2.5009089256799126,11,
goggle,4.705882352941177,1.6110829386763792,17,
going,4.0,2.309401076758503,10,
gold,4.2727272727272725,2.053821272209882,11,
golden,5.3,1.888562063228706,10,
goldfish,5.818181818181818,1.1677484162422844,11,
goldsmith,4.5,2.068278940998476,10,
golf,4.363636363636363,1.9116865471476892,11,
gonad,2.8181818181818183,1.662418829187267,11,
gondola,4.2,1.7511900715418265,10,
gone,3.75,2.179449471770337,12,
goner,5.2727272727272725,2.004540300962248,11,
gong,5.75,1.9128750375000736,12,
gonna,4.1,2.0248456731316584,10,
gonorrhea,2.8,2.14993539954628,10,
goo,6.4,1.07496769977314,10,
goo-goo,6.4,0.966091783079296,10,
good,4.2,2.6583202716502514,10,
goodbye,4.3,2.110818693198342,10,
goodly,4.1,1.1972189997378648,10,
goodness,3.9,1.7919573407620817,10,
goodwill,3.4,1.577621275493231,10,
goody,3.9166666666666665,1.311372170551507,12,
gooey,6.3,0.9486832980505138,10,
goof,5.1,1.5951314818673863,10,
goofy,5.333333333333333,1.556997888323046,12,
gook,3.363636363636364,2.248231628312673,11,
goon,5.3,1.70293863659264,10,
goopy,6.0,1.4770978917519928,12,
goose,4.5,1.2692955176439846,10,
gooseberry,3.363636363636364,1.6292775867068985,11,
gopher,3.3,1.4944341180973264,10,
gore,5.615384615384615,1.7097008285302209,13,
gorge,5.0,2.309401076758503,10,
gorgeous,3.0,2.3570226039551585,10,
gorilla,3.0,1.7320508075688772,11,
gory,5.615384615384615,1.3867504905630728,13,
gosh,6.0,0.9428090415820634,10,
gospel,4.3,1.70293863659264,10,
gossip,3.5454545454545454,1.8635254955935727,11,
got,2.3,1.8287822299126937,10,
gothic,3.4,1.837873166945363,10,
gotta,3.2,1.8737959096740264,10,
gouge,4.9,1.7919573407620817,10,
goulash,4.3,2.4517567397911058,10,
gourd,3.1333333333333333,1.3557637102737474,15,
gourmet,3.8,2.0976176963403037,10,
govern,3.5,1.7795130420052183,10,
government,3.8,2.250925735484551,10,
governor,2.6,2.221110833194357,10,
gown,3.0,1.632993161855452,10,
grab,3.5454545454545454,1.9679246105293955,11,
grace,3.8181818181818175,1.834021909257456,11,
graceful,4.166666666666667,2.0816659994661326,12,
gracious,4.2727272727272725,1.2720777563426766,11,
grad,3.9,2.282785822435191,10,
grade,2.909090909090909,1.7002673586554236,11,
gradual,3.8,1.398411797560202,10,
gradualism,2.363636363636364,1.9632996344280853,11,
graduate,4.909090909090909,1.868397465987655,11,
graduation,3.2,1.8135294011647256,10,
graffiti,4.3,2.5407785333546005,10,
graft,3.235294117647059,1.9852396506689651,17,
grail,3.636363636363636,1.433368568981982,11,
grain,4.4,1.577621275493231,10,
grainy,5.9,1.8529256146249728,10,
gram,3.363636363636364,2.377928816122437,11,
grammar,3.4,1.505545305418162,10,
gramophone,3.4285714285714284,1.398586413506136,14,
grand,5.454545454545454,1.5075567228888185,11,
grandchild,3.727272727272727,2.195035721390843,11,
grandeur,4.6,1.8973665961010275,10,
grandfather,4.384615384615385,1.5566235649883124,13,
grandiose,3.7,1.636391694484477,10,
grandma,4.2,2.440400695696417,10,
grandmother,4.2727272727272725,2.4531982835029496,11,
grandpa,3.8,2.440400695696417,10,
grandparent,3.8181818181818175,1.834021909257456,11,
grandson,3.2,2.485513584307633,10,
grandstand,5.727272727272728,1.1908743922772955,11,
granite,3.7,2.213594362117865,10,
granny,4.090909090909091,1.8140862964338524,11,
granola,2.6,1.577621275493231,10,
grant,3.333333333333333,1.8257418583505536,12,
granular,2.909090909090909,1.2210278829367869,11,
granulate,3.333333333333333,1.556997888323046,12,
granule,3.7,2.406010991015812,10,
grape,2.909090909090909,1.7580981459830651,11,
grapefruit,3.0,1.632993161855452,10,
grapevine,3.111111111111111,1.8333333333333333,9,
graph,3.1818181818181817,2.0404990476930798,11,
graphic,4.6,1.9550504398153572,10,
graphics,3.1,1.911950719959998,10,
graphite,4.090909090909091,2.0225995873897262,11,
grapple,4.1,1.7919573407620817,10,
grappling,4.583333333333333,1.729862492345632,12,
grasp,5.7,1.1595018087284057,10,
grasping,5.3,1.636391694484477,10,
grass,4.5,2.0138409955990952,10,
grassland,5.1,1.286683937707919,10,
grassy,4.3,1.70293863659264,10,
grate,4.2,2.0976176963403037,10,
grateful,2.1,0.9944289260117531,10,
grater,4.4,1.7126976771553504,10,
gratification,3.1,1.66332999331662,10,
gratify,3.272727272727273,1.9021518914592013,11,
gratifying,2.75,2.050498830661811,12,
grating,5.3,1.4181364924121764,10,
gratitude,3.2,2.14993539954628,10,
gratuitous,2.2,1.8737959096740264,10,
grave,3.5454545454545454,2.2522715805886446,11,
gravel,3.909090909090909,2.0714509627092528,11,
gravelly,3.8181818181818175,1.60113596038449,11,
Graves,3.1,1.66332999331662,10,
gravestone,3.8,2.3475755815545347,10,
graveyard,4.2,2.0976176963403037,10,
gravity,3.909090909090909,2.3001976199685736,11,
gravy,3.727272727272727,2.3276988246295565,11,
gray,4.6,2.0110804171997807,10,
graze,4.6,1.577621275493231,10,
grazing,4.454545454545454,2.0670576365276494,11,
grease,3.8,1.398411797560202,10,
greaser,4.7,1.4944341180973264,10,
greasy,5.727272727272728,1.1908743922772955,11,
great,3.2,1.932183566158592,10,
Greater,3.4,2.4129281427805145,10,
greed,5.181818181818182,1.5374122295716148,11,
greedy,4.090909090909091,1.8140862964338524,11,
green,3.727272727272727,2.412090756622109,11,
greenhouse,4.5,1.7159383568311668,10,
greet,4.2,1.932183566158592,10,
greeting,3.6,1.6465452046971292,10,
gregarious,2.7,1.8287822299126937,10,
grenade,3.3,1.888562063228706,10,
grew,3.5,2.0138409955990952,10,
grey,3.4,2.270584848790187,10,
greyhound,3.4375,2.0966242709015206,16,
grid,3.076923076923077,1.7059473644448735,13,
grief,4.1,1.5238839267549948,10,
grievance,3.4545454545454546,2.018099916438052,11,
grieve,3.3,1.8287822299126937,10,
grievous,3.090909090909091,1.7580981459830651,11,
grill,4.0,2.260776661041756,10,
grim,4.9,1.7919573407620817,10,
grimace,4.727272727272728,1.6787441193290351,11,
grimy,5.4,1.577621275493231,10,
grin,5.333333333333333,1.6143297699232972,12,
grind,4.9,1.7919573407620817,10,
grinder,4.5,1.4337208778404378,10,
grip,4.5,1.7837651700316894,12,
gripe,4.6,1.577621275493231,10,
grippy,4.3,1.636391694484477,10,
grisly,4.8,1.7511900715418265,10,
grit,5.0,1.632993161855452,10,
grits,4.25,1.6025547785276542,12,
gritty,5.7,1.8287822299126937,10,
grizzly,4.6,1.7126976771553504,10,
groan,5.1,1.728840330651992,10,
grocer,3.8333333333333335,2.2495790852081776,12,
grocery,4.0,2.0,10,
groin,3.5454545454545454,2.2074254852038093,11,
groom,3.3,1.8287822299126937,10,
groove,5.4,1.3498971154211057,10,
grooved,4.9,2.183269719175042,10,
groovy,5.3,1.5670212364724212,10,
grope,3.727272727272727,2.3276988246295565,11,
gross,4.818181818181818,1.7786613965666325,11,
grotesque,4.416666666666667,2.0652243256245835,12,
grotto,3.8,1.7511900715418265,10,
grouch,4.4,1.577621275493231,10,
grouchy,5.5,0.8498365855987975,10,
ground,4.6923076923076925,2.0970064133034736,13,
groundhog,4.1,1.66332999331662,10,
groundless,4.5,2.1213203435596424,10,
groundwork,5.0,1.8856180831641267,10,
group,4.615384615384615,2.2188007849009166,13,
groupie,3.8181818181818175,1.7215215257545762,11,
grouping,3.8181818181818175,2.1362669223756576,11,
grout,4.818181818181818,1.9908883353006928,11,
grove,3.6,1.429840705968481,10,
grovel,3.1818181818181817,1.1677484162422844,11,
grow,4.9,1.1972189997378648,10,
growing,5.1,1.9692073983655909,10,
growl,6.3,0.8232726023485646,10,
grown,4.2727272727272725,2.053821272209882,11,
growth,3.076923076923077,2.215909838025097,13,
grr,6.076923076923077,1.8009968749527978,13,
grub,4.3,1.70293863659264,10,
grubby,5.3,1.636391694484477,10,
grudge,5.6,0.8432740427115678,10,
grudging,4.3,1.636391694484477,10,
gruel,4.583333333333333,1.6764862244009229,12,
grueling,3.8181818181818175,1.60113596038449,11,
gruesome,4.1,2.0248456731316584,10,
gruff,4.818181818181818,1.7786613965666325,11,
grumble,5.7,1.4944341180973264,10,
grump,5.0,1.949358868961793,11,
grumpy,5.3,1.1595018087284057,10,
grunt,6.0,1.247219128924647,10,
gruntle,5.0,1.8257418583505536,10,
guacamole,4.5,2.3213980461973533,10,
guarantee,2.727272727272727,1.9021518914592013,11,
guard,4.2,2.14993539954628,10,
guarded,4.4,1.9550504398153572,10,
guardian,3.5,2.1213203435596424,10,
guava,3.8,2.6583202716502514,10,
guess,2.9,2.282785822435191,10,
guest,2.4,1.505545305418162,10,
guidance,3.7,2.1628170930011112,10,
guide,3.5454545454545454,2.018099916438052,11,
guidebook,3.583333333333333,2.1933093855190746,12,
guild,3.0,2.0976176963403037,11,
guileful,2.9,1.5951314818673863,10,
guileless,3.1818181818181817,2.315952582337636,11,
guillotine,2.9,2.1317702607092643,10,
guilt,3.2,1.5491933384829668,10,
guiltless,4.4,2.1705094128132942,10,
guilty,3.5,1.5811388300841898,10,
Guinea,3.0,2.385855756810896,14,
guise,3.6875,1.7404501333467348,16,
guitar,3.6,1.804755622554715,15,
guitarist,3.3,2.057506581601462,10,
gulf,3.2,2.440400695696417,10,
gull,2.6923076923076925,1.7974340685458343,13,
gullible,4.2,2.043961295567452,10,
gully,3.909090909090909,1.8140862964338524,11,
gulp,6.0,1.7638342073763935,10,
gum,4.818181818181818,1.3280197150781925,11,
gumbo,2.9166666666666665,1.928651593652148,12,
gummy,6.25,0.8660254037844386,12,
gumption,3.8333333333333335,2.443296332763787,12,
gun,3.8,2.440400695696417,10,
gunfire,4.090909090909091,2.0225995873897262,11,
gunk,5.818181818181818,1.4012980994907414,11,
gunman,4.4,2.0110804171997807,10,
gunner,4.636363636363637,2.248231628312673,11,
gunpoint,4.1,2.7264140062238043,10,
gunpowder,4.166666666666667,2.691175253012007,12,
gunshot,5.4,1.3498971154211057,10,
guppy,5.357142857142857,1.549547966698321,14,
gurgle,5.5,1.8408935028645437,10,
gurney,3.3,1.636391694484477,10,
guru,3.8333333333333335,2.0816659994661326,12,
gush,5.8125,1.796988221070652,16,
gusher,5.8,1.0327955589886444,10,
gust,4.8,1.9888578520235063,10,
gut,4.4,2.1186998109427604,10,
gutless,4.0,1.61245154965971,11,
gutsy,4.571428571428571,1.9499225118444583,14,
gutter,4.090909090909091,1.868397465987655,11,
guy,3.5,2.223610677354389,10,
guzzle,6.0,1.0,11,
gym,2.8,1.5491933384829668,10,
gymnasium,4.4,1.9550504398153572,10,
gymnast,3.6,1.6465452046971292,10,
gynecologist,3.0,2.1908902300206643,11,
Gypsy,3.9166666666666665,1.781640374554423,12,
habit,3.9,2.4698178070456938,10,
habitable,3.4545454545454546,1.8635254955935727,11,
habitat,4.777777777777778,2.048034287907418,9,
habitation,3.2,1.398411797560202,10,
habitual,3.769230769230769,1.4806443503784736,13,
hack,4.818181818181818,1.7786613965666325,11,
hacking,4.6,2.221110833194357,10,
had,2.0,1.632993161855452,10,
hag,4.1,1.911950719959998,10,
haggard,4.3,1.3374935098492586,10,
haggle,4.8,1.6865480854231356,10,
haiku,2.6666666666666665,2.0930724738891344,15,
hail,4.7,2.0027758514399734,10,
hair,4.0,2.211083193570267,10,
hairbrush,3.5,2.3687784005919825,10,
haircut,4.2727272727272725,2.2843339988236875,11,
hairless,3.8181818181818175,2.272363607268072,11,
hairline,4.2,1.9888578520235063,10,
hairpiece,4.416666666666667,2.274696116900546,12,
hairpin,4.769230769230769,2.27866357593825,13,
hairy,4.6,1.7126976771553504,10,
half,3.9,2.282785822435191,10,
hall,3.5,1.6499158227686108,10,
hallelujah,4.2727272727272725,1.954016841836789,11,
hallmark,3.7,1.946506842754191,10,
hallowed,4.2727272727272725,2.004540300962248,11,
hallucinate,2.8181818181818183,1.834021909257456,11,
hallway,4.8,1.7511900715418265,10,
halo,2.909090909090909,2.165850662190053,11,
halt,5.416666666666667,1.6764862244009229,12,
halter,3.363636363636364,1.6292775867068985,11,
halting,4.0,1.632993161855452,10,
halves,5.3,1.946506842754191,10,
ham,4.3,2.1628170930011112,10,
hamburger,4.8,2.5298221281347035,10,
hammer,3.727272727272727,2.004540300962248,11,
hammock,3.4545454545454546,2.114882330704777,11,
hamper,3.9,1.5238839267549948,10,
hamster,1.8,1.5491933384829668,10,
hamstring,3.2,1.932183566158592,10,
hand,3.9,2.0248456731316584,10,
handbag,4.2727272727272725,1.7372915179041823,11,
handbook,3.333333333333333,1.497472618255253,12,
handcuff,5.0,1.8257418583505536,10,
handed,3.2,2.043961295567452,10,
handful,3.0,2.0976176963403037,11,
handicap,4.1,2.1317702607092643,10,
handicapped,3.2,1.6865480854231356,10,
handkerchief,4.0,1.563471919941143,10,
handle,4.5,2.3687784005919825,10,
handlebar,6.0,1.247219128924647,10,
handled,5.0,1.4142135623730951,11,
handler,5.1,1.286683937707919,10,
handling,3.1666666666666665,1.7494587907710375,12,
handmade,4.0,2.260776661041756,10,
handout,3.8,2.201009869229224,10,
handrail,3.4,2.1705094128132942,10,
handshake,4.545454545454546,2.2522715805886446,11,
handsome,4.4,1.6465452046971292,10,
handstand,5.7,1.4944341180973264,10,
handy,4.1,1.5951314818673863,10,
hang,4.846153846153846,1.6251232694862383,13,
hanger,4.0,1.8856180831641267,10,
hanging,4.545454545454546,1.694912172570388,11,
hangman,4.1,2.0789954839350235,10,
hangout,3.1538461538461537,1.8187062180825984,13,
hangover,4.3,1.4944341180973264,10,
hanker,4.1,1.7919573407620817,10,
hanky,3.909090909090909,1.868397465987655,11,
haphazard,4.555555555555555,1.5898986690282426,9,
happen,3.1818181818181817,1.7215215257545762,11,
happening,3.636363636363636,2.062654952856986,11,
happily,3.2,1.6865480854231356,10,
happiness,3.9166666666666665,2.0207259421636903,12,
happy,4.2,1.932183566158592,10,
harass,3.4,2.065591117977289,10,
harassment,2.727272727272727,1.348399724926484,11,
harbor,3.2,1.5491933384829668,10,
hard,4.6923076923076925,2.0568833780186058,13,
hardcover,6.2,0.9189365834726816,10,
harden,4.3,2.0027758514399734,10,
hardheaded,4.9,1.7919573407620817,10,
hardly,3.764705882352941,1.921243469888248,17,
hardness,4.1,2.1317702607092643,10,
hardship,4.363636363636363,1.804035879506129,11,
hardware,3.4,2.3664319132398464,10,
hardwood,4.7,1.70293863659264,10,
hardy,4.2727272727272725,1.489356175728901,11,
hare,2.363636363636364,1.2060453783110543,11,
harlot,2.363636363636364,1.804035879506129,11,
harm,3.0,1.5491933384829668,11,
harmful,3.9,2.282785822435191,10,
harmless,2.4,0.966091783079296,10,
harmonic,4.2,2.250925735484551,10,
harmonica,3.5384615384615383,1.853617391992597,13,
harmonious,4.363636363636363,1.689540012709215,11,
harmonize,4.363636363636363,1.8586407545691703,11,
harmony,4.0,1.9436506316151,10,
harness,4.2727272727272725,2.004540300962248,11,
harp,4.2727272727272725,1.7939291563999449,11,
harpist,3.769230769230769,2.087815690853567,13,
harpoon,4.818181818181818,1.9400093720485896,11,
harpsichord,3.0,2.4037008503093262,10,
harrowing,3.8181818181818175,1.3280197150781925,11,
harrumph,5.1,2.64365067451978,10,
harsh,4.5,1.90029237516523,10,
harvest,3.3076923076923075,1.702185623672077,13,
harvester,3.5,1.35400640077266,10,
hash,4.846153846153846,1.7246329970051526,13,
hassle,4.3,1.70293863659264,10,
haste,4.2,1.8737959096740264,10,
hasten,3.727272727272727,1.618079669911781,11,
hasty,3.5454545454545454,1.8090680674665816,11,
hat,4.1,2.183269719175042,10,
hatch,4.8,1.9888578520235063,10,
hatchet,4.2,1.6193277068654826,10,
hatching,4.818181818181818,2.1825756260978366,11,
hate,4.214285714285714,2.082105865503681,14,
hateful,3.9,2.0248456731316584,10,
hater,3.1,1.8529256146249728,10,
hatred,3.7,1.70293863659264,10,
haughty,3.0,1.9611613513818404,14,
haul,3.8333333333333335,1.5859229221975182,12,
haunch,3.75,1.9128750375000736,12,
haunt,4.9,1.5238839267549948,10,
have,3.1818181818181817,2.272363607268072,11,
haven,3.3,1.8287822299126937,10,
havoc,4.5,1.8408935028645437,10,
haw,4.545454545454546,2.3817487845545915,11,
hawk,3.7,2.0027758514399734,10,
hay,4.2,1.8135294011647256,10,
haystack,4.461538461538462,2.401922307076307,13,
haywire,4.0,1.3333333333333333,10,
hazard,3.4,1.505545305418162,10,
hazardous,4.454545454545454,1.2933395813657265,11,
haze,5.666666666666667,1.8257418583505536,12,
hazel,3.4,1.776388345929897,10,
hazy,4.2,1.9888578520235063,10,
he,4.4,2.796823595120404,10,
head,4.090909090909091,1.868397465987655,11,
headache,4.636363636363637,1.5666989036012806,11,
headband,4.818181818181818,2.088931871468374,11,
headboard,4.5,2.592724864350674,10,
headed,3.6,1.9550504398153572,10,
header,4.3,2.4517567397911058,10,
headgear,3.5,2.223610677354389,10,
heading,3.4,1.577621275493231,10,
headless,4.727272727272728,1.555050423035156,11,
headlight,3.4545454545454546,2.2962419891481978,11,
headline,3.25,1.864744681524183,12,
headmaster,4.090909090909091,1.300349603340998,11,
headmistress,4.545454545454546,2.0670576365276494,11,
headpiece,3.8181818181818175,2.1362669223756576,11,
headrest,4.727272727272728,1.954016841836789,11,
heads,3.2,2.0976176963403037,10,
headset,4.5,1.7159383568311668,10,
headstrong,4.4,1.8973665961010275,10,
heady,4.0,1.3333333333333333,10,
heal,3.8,1.6865480854231356,10,
healer,3.272727272727273,1.9021518914592013,11,
healing,3.5,1.9578900207451215,10,
health,2.769230769230769,2.006400016357911,13,
healthful,4.4,1.577621275493231,10,
healthy,3.8,1.9888578520235063,10,
heap,5.363636363636363,1.689540012709215,11,
hear,3.9,2.4698178070456938,10,
hearsay,4.6,1.9550504398153572,10,
hearse,3.3,2.311805451253293,10,
heart,3.636363636363636,2.248231628312673,11,
heartache,4.7,1.70293863659264,10,
heartbeat,4.2727272727272725,1.618079669911781,11,
heartbreak,5.8,1.6193277068654826,10,
heartburn,5.833333333333333,1.80067327475704,12,
hearted,3.2,1.4757295747452437,10,
hearten,4.153846153846154,1.6756169931378433,13,
heartfelt,4.5,2.1213203435596424,10,
hearth,2.583333333333333,1.729862492345632,12,
heartless,4.6,1.6465452046971292,10,
hearty,5.0,1.5491933384829668,11,
heat,5.2,1.8737959096740264,10,
heater,4.6,1.9550504398153572,10,
heath,1.9,0.9944289260117531,10,
heathen,3.0,2.1447610589527217,11,
heathenism,2.4,1.8973665961010275,10,
heatstroke,3.9,2.378141197564929,10,
heave,5.454545454545454,1.5075567228888185,11,
heaven,3.7,2.057506581601462,10,
heavenly,4.9,2.2335820757001272,10,
heavy,3.7,2.1628170930011112,10,
heck,3.4,1.3498971154211057,10,
hectic,5.181818181818182,0.9816498172140428,11,
hedge,3.5,1.9578900207451215,10,
hedgehog,3.8,2.3475755815545347,10,
hee-haw,6.5,1.2692955176439846,10,
heed,3.5,1.6499158227686108,10,
heedful,2.8,1.932183566158592,10,
heedless,2.272727272727273,0.6466697906828632,11,
heel,4.8,2.0976176963403037,10,
heft,3.8333333333333335,1.8989630344113089,12,
hefty,4.5,1.90029237516523,10,
heifer,3.4,1.7126976771553504,10,
height,3.0,1.5491933384829668,11,
heighten,3.142857142857143,1.6574838603294897,14,
heinous,3.9,2.2335820757001272,10,
heir,2.7,1.1595018087284057,10,
heiress,4.0,1.949358868961793,11,
heirloom,3.083333333333333,1.729862492345632,12,
helicopter,4.7,1.4181364924121764,10,
heliport,4.8,1.6193277068654826,10,
helium,2.4,1.429840705968481,10,
hell,5.1,2.1317702607092643,10,
hellacious,4.2727272727272725,1.7372915179041823,11,
hellish,4.5,1.5811388300841898,10,
hello,4.727272727272728,2.2401298663653004,11,
helm,3.3,1.3374935098492586,10,
helmet,3.2,1.2292725943057183,10,
help,3.7,2.213594362117865,10,
helper,4.0,2.256304299271065,12,
helpful,5.0,1.8856180831641267,10,
helping,3.4166666666666665,1.880924981991251,12,
helpless,2.9,1.8529256146249728,10,
helter-skelter,5.0,2.3570226039551585,10,
hem,3.6,2.1705094128132942,10,
hematoma,2.533333333333333,1.7265434778633235,15,
hemisphere,2.7,1.5670212364724212,10,
hemlock,3.1,2.0248456731316584,10,
hemorrhage,3.363636363636364,2.4605985967941733,11,
hemorrhoid,3.2,1.6193277068654826,10,
hemp,2.4,1.2983506020002016,15,
hen,3.272727272727273,2.1489955370316194,11,
hence,3.7,1.888562063228706,10,
hepatitis,3.0,2.494438257849294,10,
her,3.636363636363636,2.1105794120443453,11,
herald,2.6,2.270584848790187,10,
herb,4.3,2.263232692902394,10,
herbal,4.0,2.0976176963403037,11,
herby,3.4166666666666665,2.0652243256245835,12,
herd,3.769230769230769,1.739436985245808,13,
here,3.6666666666666665,1.969463855669324,12,
hereditary,2.833333333333333,1.8989630344113089,12,
heredity,2.7,2.213594362117865,10,
heretic,3.5454545454545454,1.8635254955935727,11,
heretical,3.636363636363636,1.804035879506129,11,
heritage,3.0,1.6733200530681511,11,
hermit,3.8181818181818175,1.662418829187267,11,
hernia,3.4166666666666665,1.729862492345632,12,
hero,4.090909090909091,2.21153998175685,11,
heroic,4.5,1.9578900207451215,10,
heroin,2.6,1.837873166945363,10,
heroine,3.7,2.1628170930011112,10,
heroism,4.0,1.8439088914585773,11,
heron,2.5454545454545454,1.3684762594679063,11,
herpes,3.2,1.932183566158592,10,
herring,2.5,1.4337208778404378,10,
hers,3.2,1.8737959096740264,10,
herself,4.538461538461538,1.941450686788302,13,
hertz,3.1818181818181817,1.9400093720485896,11,
hesitancy,2.6,1.577621275493231,10,
hesitant,3.1,1.911950719959998,10,
hesitate,3.7,1.2516655570345725,10,
hesitation,3.0,1.4907119849998598,10,
hex,4.5,2.354878881270658,12,
hexagon,4.0,1.8257418583505536,10,
hey,4.7,2.5407785333546005,10,
hi,6.2,0.7888106377466155,10,
hibernate,3.8,1.6865480854231356,10,
hiccup,5.545454545454546,1.572490786213793,11,
hick,2.9,1.911950719959998,10,
hidden,3.5,1.7795130420052183,10,
hide,3.4166666666666665,2.5746432527221863,12,
hideaway,4.363636363636363,1.2862913567871994,11,
hideous,3.5,1.834021909257456,12,
hideout,3.888888888888889,2.0275875100994063,9,
high,5.3,1.946506842754191,10,
highland,3.7,2.406010991015812,10,
highlight,4.2727272727272725,2.2401298663653004,11,
highness,5.3,1.4181364924121764,10,
highway,3.5,2.6770630673681683,10,
hijack,5.6,0.966091783079296,10,
hijacker,3.0,2.260776661041756,10,
hike,3.8333333333333335,1.8989630344113089,12,
hilarious,3.9,1.286683937707919,10,
hilarity,3.3,2.311805451253293,10,
hill,3.4,2.5473297566057065,10,
hillside,3.6,2.1186998109427604,10,
him,4.0,2.3570226039551585,10,
himself,2.9,1.8529256146249728,10,
hinder,3.3,1.2516655570345725,10,
hindsight,3.0,1.699673171197595,10,
hinge,3.5454545454545454,1.916436086262016,11,
hint,3.8,1.398411797560202,10,
hip,3.5,1.8408935028645437,10,
hip-hop,5.4,1.9550504398153572,10,
hippie,3.5,1.8408935028645437,10,
hippo,4.8,1.9888578520235063,10,
hippopotamus,2.6,1.837873166945363,10,
hipster,3.636363636363636,2.157439559882375,11,
hire,3.5,1.6499158227686108,10,
his,2.4,2.065591117977289,10,
hiss,6.071428571428571,1.7743595036946849,14,
hissing,6.1,1.5951314818673863,10,
historic,3.2,1.9888578520235063,10,
historical,4.636363636363637,1.433368568981982,11,
history,3.9,2.378141197564929,10,
hit,5.2727272727272725,2.2843339988236875,11,
hitch,4.1,1.66332999331662,10,
hitchhike,4.4,1.1737877907772674,10,
hive,4.9,1.9692073983655909,10,
hives,4.1,2.0789954839350235,10,
hoard,4.333333333333333,1.556997888323046,12,
hoarse,4.4,2.4129281427805145,10,
hoax,3.9,1.7919573407620817,10,
hobbit,5.2,0.9189365834726816,10,
hobble,4.928571428571429,1.542439911024374,14,
hobby,3.0,2.211083193570267,10,
hobo,4.5,1.834021909257456,12,
hock,4.153846153846154,2.034951016861497,13,
hockey,2.5,1.4337208778404378,10,
hoe,4.153846153846154,1.5191090506254998,13,
hog,3.9,1.7919573407620817,10,
hoist,4.4,1.8973665961010275,10,
hold,4.5,1.6499158227686108,10,
holder,4.1,1.911950719959998,10,
holding,3.1538461538461537,1.214231845389905,13,
holdup,4.3,2.213594362117865,10,
hole,4.9,1.5238839267549948,10,
holiday,4.5,1.7795130420052183,10,
holiness,4.6,2.1186998109427604,10,
holistic,2.769230769230769,1.589226549501683,13,
holler,4.909090909090909,2.0714509627092528,11,
hollow,4.2727272727272725,1.7372915179041823,11,
holly,3.272727272727273,1.6787441193290351,11,
holograph,2.642857142857143,1.4468609447374663,14,
holster,2.8,1.4757295747452437,10,
holy,4.2727272727272725,2.195035721390843,11,
homage,2.4,1.577621275493231,10,
hombre,2.6,1.776388345929897,10,
home,4.4,2.1705094128132942,10,
homebound,4.545454545454546,1.4396969378057567,11,
homeland,3.909090909090909,2.385562636132007,11,
homeless,4.230769230769231,2.521700687824461,13,
homely,4.545454545454546,1.752919642404429,11,
homemade,5.0,2.2188007849009166,14,
homeopathic,2.909090909090909,1.5782614139961386,11,
homeopathy,2.636363636363636,1.5015143870590966,11,
homesick,5.3,2.311805451253293,10,
hometown,4.7,2.7908580918579307,10,
homeward,3.090909090909091,1.2210278829367869,11,
homework,5.3,1.5670212364724212,10,
homicidal,3.4,2.1705094128132942,10,
homicide,3.75,2.0056737702645644,12,
hone,3.1,1.449137674618944,10,
honest,3.1,2.0789954839350235,10,
honesty,4.6,2.1705094128132942,10,
honey,2.5,1.8408935028645437,10,
honeycomb,4.454545454545454,1.8635254955935727,11,
honeydew,4.5,1.90029237516523,10,
honeyed,3.636363636363636,2.335496832484569,11,
honeymoon,5.0,1.1832159566199232,11,
honk,6.090909090909091,1.3751033019046572,11,
honky,4.909090909090909,1.5782614139961386,11,
honor,3.1,2.0248456731316584,10,
honorable,3.8,1.5491933384829668,10,
honorary,3.363636363636364,1.9632996344280853,11,
hooch,4.727272727272728,2.412090756622109,11,
hood,3.5454545454545454,1.752919642404429,11,
hoodie,5.0,1.9436506316151,10,
hoodlum,3.909090909090909,2.0225995873897262,11,
hoof,3.4444444444444446,1.740051084818425,9,
hook,4.9,1.911950719959998,10,
hookah,4.0,2.211083193570267,10,
hooked,4.5,2.068278940998476,10,
hooker,3.5,2.504541329810165,12,
hooky,4.1,2.183269719175042,10,
hooligan,4.1,2.282785822435191,10,
hoop,4.666666666666667,1.874873733122184,12,
hoot,5.538461538461538,1.8081014266989477,13,
hooter,4.7,2.1628170930011112,10,
hoover,3.909090909090909,1.9211738835693897,11,
hop,5.5,1.7159383568311668,10,
hope,3.9,1.728840330651992,10,
hopeful,4.090909090909091,2.0225995873897262,11,
hopeless,3.6,2.1705094128132942,10,
hopscotch,4.333333333333333,1.7320508075688772,9,
horde,3.5,2.1213203435596424,10,
horizon,4.25,1.9128750375000736,12,
horizontal,4.4,1.8973665961010275,10,
hormone,2.4615384615384617,0.9674179220468452,13,
horn,3.8,1.6193277068654826,10,
horned,5.4,1.1737877907772674,10,
hornet,3.923076923076923,1.7059473644448735,13,
horny,4.0,2.10818510677892,10,
horrendous,4.909090909090909,1.136181803634036,11,
horrible,3.9,1.8529256146249728,10,
horrid,4.7,2.0027758514399734,10,
horrific,4.6,2.221110833194357,10,
horrify,4.8,1.6193277068654826,10,
horror,4.647058823529412,2.059768690611528,17,
horse,2.3,1.70293863659264,10,
horseback,3.5454545454545454,2.504541329810165,11,
horseplay,3.727272727272727,2.1489955370316194,11,
horsepower,5.055555555555555,1.9844164121302832,18,
horseradish,2.1,1.449137674618944,10,
horseshoe,4.0,2.309401076758503,10,
hose,3.636363636363636,1.6292775867068985,11,
hospice,2.5,1.6499158227686108,10,
hospitable,3.7,2.213594362117865,10,
hospital,1.8,0.7888106377466155,10,
hospitality,3.9,2.282785822435191,10,
host,4.1,1.3703203194062976,10,
hostage,3.5,2.273030282830976,10,
hostel,3.9,1.66332999331662,10,
hostess,3.272727272727273,1.9021518914592013,11,
hostile,4.4,1.6465452046971292,10,
hostility,3.4,1.3498971154211057,10,
hot,5.7,1.4181364924121764,10,
hotel,2.3,1.2516655570345725,10,
Hottentot,2.8181818181818183,1.834021909257456,11,
hotter,4.75,1.9128750375000736,12,
hound,4.1,2.0789954839350235,10,
hour,2.636363636363636,2.062654952856986,11,
hourglass,4.166666666666667,2.2495790852081776,12,
house,3.0,1.7320508075688772,11,
houseboat,3.9,2.330951164939612,10,
household,2.8,1.8737959096740264,10,
housemaid,3.363636363636364,2.062654952856986,11,
housewife,3.3,2.5407785333546005,10,
housework,3.8181818181818175,2.600699206681996,11,
housing,3.7,2.263232692902394,10,
hover,4.1,1.7919573407620817,10,
hovercraft,3.2,1.9888578520235063,10,
how,1.3,0.9486832980505138,10,
however,1.7,1.0593499054713802,10,
howl,5.909090909090909,1.2210278829367869,11,
howling,6.0,1.247219128924647,10,
hub,4.2727272727272725,1.618079669911781,11,
hubby,3.6,2.3190036174568114,10,
huckleberry,3.1,1.5238839267549948,10,
huddle,5.3,0.9486832980505138,10,
hue,2.5454545454545454,2.018099916438052,11,
huff,5.416666666666667,1.928651593652148,12,
hug,4.2,2.201009869229224,10,
huge,4.5,2.3687784005919825,10,
huh,6.5,0.97182531580755,10,
hula,4.9,2.2335820757001272,10,
hulk,4.583333333333333,1.831955405041456,12,
hull,3.1,2.0248456731316584,10,
hum,5.3,2.213594362117865,10,
human,3.090909090909091,2.0225995873897262,11,
humane,3.9,1.5951314818673863,10,
humanism,4.1,1.5951314818673863,10,
humanist,3.4,2.065591117977289,10,
humanitarian,5.0,2.160246899469287,10,
humanitarianism,3.0,2.04939015319192,11,
humanity,4.0,2.5385910352879693,10,
humanize,3.2,1.5491933384829668,10,
humankind,4.818181818181818,2.272363607268072,11,
humble,4.363636363636363,1.747725795010606,11,
humbug,4.8,2.043961295567452,10,
humid,3.8,1.8135294011647256,10,
humidify,4.0,1.8257418583505536,10,
humidity,3.727272727272727,2.4936282437809005,11,
humiliate,4.2,1.932183566158592,10,
humiliating,4.2727272727272725,1.4206272622267313,11,
humiliation,3.7,2.213594362117865,10,
humility,4.636363636363637,1.8586407545691703,11,
humming,6.0,1.5374122295716148,12,
hummus,2.5,0.8498365855987975,10,
humor,3.4545454545454546,1.5075567228888185,11,
humorous,4.454545454545454,1.1281521496355325,11,
hump,5.076923076923077,1.1875421719907089,13,
humpback,4.090909090909091,1.8140862964338524,11,
humped,4.9,2.183269719175042,10,
hunch,4.727272727272728,1.1037127426019049,11,
hunchback,5.9,1.5238839267549948,10,
hundred,3.090909090909091,2.3001976199685736,11,
hung,4.4,2.3190036174568114,10,
hunger,4.363636363636363,2.062654952856986,11,
hungry,3.7,2.1628170930011112,10,
hunk,5.7,1.1595018087284057,10,
hunt,3.8181818181818175,1.8877596148970777,11,
hunter,3.8181818181818175,2.1362669223756576,11,
hunting,3.1666666666666665,1.6966991126265962,12,
huntress,3.8,1.6865480854231356,10,
hurdle,4.545454545454546,1.752919642404429,11,
hurdy-gurdy,5.2,2.5298221281347035,10,
hurl,4.545454545454546,2.2074254852038093,11,
hurling,4.9,1.100504934614612,10,
hurricane,5.1,2.0789954839350235,10,
hurried,3.3,2.0027758514399734,10,
hurry,4.307692307692308,1.8432134703923733,13,
hurt,3.5,1.1677484162422844,12,
hurtful,4.090909090909091,2.5081684733903127,11,
hurtle,3.1818181818181817,2.272363607268072,11,
husband,3.8,2.440400695696417,10,
hush,5.8,2.0976176963403037,10,
husk,5.153846153846154,1.7246329970051526,13,
husky,4.2,2.2997584414213788,10,
hussy,4.0,2.41522945769824,13,
hustle,3.909090909090909,1.868397465987655,11,
hustler,3.5454545454545454,2.2962419891481978,11,
hut,4.3,2.1628170930011112,10,
hybrid,2.8,1.5491933384829668,10,
hybridize,2.9,1.286683937707919,10,
hydrant,3.5454545454545454,2.114882330704777,11,
hydrate,3.6,2.6331223544175333,10,
hydraulic,2.4166666666666665,1.378954368902449,12,
hydrogen,2.0,1.3333333333333333,10,
hydroplane,3.0,2.0976176963403037,11,
hyena,3.75,1.712255291076124,12,
hygiene,3.9166666666666665,2.0652243256245835,12,
hymen,3.0,2.10818510677892,10,
hymn,4.1,2.0248456731316584,10,
hype,4.928571428571429,1.859043828435456,14,
hyper,5.1,1.286683937707919,10,
hyperbolic,3.1,1.911950719959998,10,
hyphen,3.0,2.1447610589527217,11,
hypnosis,3.636363636363636,1.5666989036012806,11,
hypnotic,4.2727272727272725,1.6787441193290351,11,
hypnotism,4.6,2.065591117977289,10,
hypnotize,3.9,1.5951314818673863,10,
hypochondriac,3.1,1.8529256146249728,10,
hypocrisy,3.3,1.636391694484477,10,
hypocrite,2.9,1.5238839267549948,10,
hypocritical,3.272727272727273,1.618079669911781,11,
hypodermic,2.8461538461538463,1.8187062180825984,13,
hypothermia,2.4545454545454546,1.2933395813657265,11,
hypothetical,3.75,1.6025547785276542,12,
hysteria,4.461538461538462,1.3301243435223524,13,
ice,5.416666666666667,1.5642792899510294,12,
iceberg,4.7,1.70293863659264,10,
icebox,3.727272727272727,2.2401298663653004,11,
iced,5.181818181818182,1.662418829187267,11,
icicle,3.4,1.837873166945363,10,
icing,4.3,2.110818693198342,10,
icky,6.2,1.2292725943057183,10,
icon,5.2,1.7511900715418265,10,
icy,5.3,1.5670212364724212,10,
id,4.0,2.3570226039551585,10,
idea,3.6,2.0110804171997807,10,
ideal,3.5384615384615383,1.853617391992597,13,
idealism,2.5384615384615383,1.713446070320696,13,
idealist,3.090909090909091,1.7002673586554236,11,
idealistic,3.0,2.309401076758503,10,
idealization,2.4545454545454546,1.6348477827391985,11,
idealize,3.3076923076923075,2.2130151145972543,13,
ideally,3.5,1.7795130420052183,10,
identical,3.6,1.8973665961010275,10,
identify,4.3,1.766981104093143,10,
identity,2.9,1.3703203194062976,10,
ideological,3.7,2.1628170930011112,10,
ideology,4.1,1.7919573407620817,10,
idiocy,3.7,2.057506581601462,10,
idiosyncratic,2.2,1.5491933384829668,10,
idiot,3.8,1.1352924243950937,10,
idiotic,4.6,2.065591117977289,10,
idle,4.2,1.1352924243950937,10,
idol,3.9,1.9692073983655909,10,
idolism,3.6,2.3664319132398464,10,
idolize,4.5,2.0138409955990952,10,
idyllic,3.2142857142857144,1.7619295117556788,14,
if,1.3,0.4830458915396479,10,
iffy,5.1,1.7919573407620817,10,
igloo,4.2,2.3475755815545347,10,
ignite,4.9,2.183269719175042,10,
ignorance,3.4375,2.064582282206258,16,
ignorant,3.3,1.636391694484477,10,
ignore,3.1,1.100504934614612,10,
iguana,2.5,1.4337208778404378,10,
ill,4.8,2.250925735484551,10,
illegal,3.909090909090909,2.343268890014352,11,
illegitimacy,3.090909090909091,1.9211738835693897,11,
illegitimate,2.0,1.5374122295716148,12,
illicit,3.0,1.699673171197595,10,
illiterate,3.2,2.485513584307633,10,
illness,3.0,1.632993161855452,10,
illogic,3.1818181818181817,1.2504544628399563,11,
illogical,4.1,1.8529256146249728,10,
illuminate,4.8,1.932183566158592,10,
illuminating,4.1,1.9692073983655909,10,
illumination,5.0,1.7638342073763935,10,
illusion,4.8,1.932183566158592,10,
illusive,3.1,1.728840330651992,10,
illustrate,3.1,2.0789954839350235,10,
illustration,3.909090909090909,1.7580981459830651,11,
illustrious,4.7,2.213594362117865,10,
image,2.9,1.5951314818673863,10,
imagery,3.7,1.8287822299126937,10,
imaginable,3.4,1.9550504398153572,10,
imaginary,4.818181818181818,1.9908883353006928,11,
imagination,3.4545454545454546,2.114882330704777,11,
imaginative,3.636363636363636,2.157439559882375,11,
imagine,3.9166666666666665,2.678477631835372,12,
imaging,2.3,2.110818693198342,10,
imbecile,3.090909090909091,1.6403990645294488,11,
imitate,2.75,1.4847711791873706,12,
immaculate,3.3,1.8287822299126937,10,
immanent,3.1666666666666665,1.8989630344113089,12,
immaterial,2.8,1.398411797560202,10,
immaterialism,1.7777777777777777,0.8333333333333334,9,
immateriality,2.4,1.8973665961010275,10,
immaterialize,2.9,1.5951314818673863,10,
immature,3.083333333333333,1.928651593652148,12,
immaturity,4.0,1.651445647689541,12,
immeasurable,4.181818181818182,1.0787197799411874,11,
immense,4.9,0.9944289260117531,10,
immensity,4.4,1.837873166945363,10,
immerse,4.4,1.3498971154211057,10,
immersive,3.8333333333333335,2.0375267241229382,12,
imminent,2.3,1.4944341180973264,10,
immobile,3.5,1.5811388300841898,10,
immoderate,2.636363636363636,2.157439559882375,11,
immodest,1.9,0.9944289260117531,10,
immolate,2.5,1.623688281771977,12,
immoral,3.0,1.563471919941143,10,
immortal,4.25,2.0056737702645644,12,
immortality,3.733333333333333,1.9444671200491876,15,
immortalize,3.4,2.065591117977289,10,
immune,3.8,2.5298221281347035,10,
immunity,2.083333333333333,1.5050420310248864,12,
immunize,2.6153846153846154,1.8501559185854912,13,
immutable,3.9,2.183269719175042,10,
impact,3.5,1.5811388300841898,10,
impair,3.0,1.7320508075688772,11,
impale,3.5,1.8408935028645437,10,
impalpable,3.7058823529411766,1.5718104959867516,17,
impartial,2.727272727272727,1.618079669911781,11,
impartible,2.4,1.2649110640673518,10,
impassable,3.8,1.3165611772087666,10,
impassion,3.3,2.359378449224852,10,
impassive,2.7333333333333334,1.162919151265879,15,
impatience,2.8,1.6865480854231356,10,
impatient,4.3,1.8287822299126937,10,
impeach,3.0,2.4899799195977463,11,
impeachment,3.272727272727273,2.370270410350224,11,
impending,4.666666666666667,2.179449471770337,9,
imperative,3.0,1.563471919941143,10,
imperceptive,2.642857142857143,1.3926810257774174,14,
imperial,2.1818181818181817,0.7507571935295483,11,
imperialism,2.3,1.5670212364724212,10,
imperious,2.7,2.057506581601462,10,
impermanent,2.727272727272727,1.489356175728901,11,
impermissible,2.2,1.4757295747452437,10,
impersonal,2.9,1.911950719959998,10,
impersonalize,1.818181818181818,1.0787197799411874,11,
impervious,2.5454545454545454,2.018099916438052,11,
impetuous,3.909090909090909,2.0225995873897262,11,
impetus,3.7,1.8287822299126937,10,
impish,4.4,1.505545305418162,10,
implant,4.4,1.2649110640673518,10,
implausible,2.363636363636364,1.804035879506129,11,
implement,2.7,1.2516655570345725,10,
implicate,3.1666666666666665,1.80067327475704,12,
implication,2.727272727272727,1.618079669911781,11,
implicative,3.1818181818181817,1.9908883353006928,11,
implicit,2.7,1.70293863659264,10,
implode,4.583333333333333,2.0207259421636903,12,
implore,4.333333333333333,1.8027756377319943,9,
implosion,3.8,2.043961295567452,10,
imply,3.2,2.0976176963403037,10,
impolite,4.818181818181818,2.0404990476930798,11,
imponderable,2.7,1.5670212364724212,10,
import,3.3,1.4181364924121764,10,
importance,4.545454545454546,2.2074254852038093,11,
important,4.727272727272728,1.8488325554743508,11,
impose,3.2,1.8135294011647256,10,
imposing,3.2,2.201009869229224,10,
imposition,3.6,1.7126976771553504,10,
impossibility,3.6,2.503331114069145,10,
impossible,2.7,1.4944341180973264,10,
impostor,3.8,1.6865480854231356,10,
impotence,3.4,2.270584848790187,10,
impotent,3.5,1.9578900207451215,10,
impound,2.4,1.505545305418162,10,
impoverished,4.0,1.651445647689541,12,
impracticable,2.8,1.5491933384829668,10,
impractical,4.636363636363637,2.377928816122437,11,
imprecise,2.6,1.429840705968481,10,
impregnate,3.5454545454545454,1.4396969378057567,11,
impress,4.25,1.9128750375000736,12,
impression,3.583333333333333,1.6764862244009229,12,
impressionable,3.6,1.837873166945363,10,
impressionist,4.1,2.1317702607092643,10,
impressive,3.2,2.440400695696417,10,
imprint,4.3,1.888562063228706,10,
imprison,4.2,2.14993539954628,10,
improbability,2.6923076923076925,1.4935759876113537,13,
improbable,3.8181818181818175,2.0404990476930798,11,
improper,3.0,2.309401076758503,10,
improve,2.727272727272727,1.489356175728901,11,
improvement,3.090909090909091,1.5782614139961386,11,
improvise,3.1,2.330951164939612,10,
imprudent,2.2,1.5491933384829668,10,
impudence,2.4615384615384617,1.1982893790305562,13,
impulse,3.636363636363636,1.689540012709215,11,
impulsive,4.545454545454546,1.694912172570388,11,
impunity,3.4545454545454546,1.5075567228888185,11,
impure,3.923076923076923,1.4411533842457842,13,
impute,2.7,1.888562063228706,10,
in,4.1,2.64365067451978,10,
inability,2.3,1.4181364924121764,10,
inaccurate,3.0,2.260776661041756,10,
inadequacy,2.5,1.0801234497346437,10,
inadequate,3.1538461538461537,1.281025230440697,13,
inadmissible,2.083333333333333,1.164500152881315,12,
inadvertence,2.5,1.591644851508443,16,
inadvertent,1.7,0.9486832980505138,10,
inadvisable,2.090909090909091,1.136181803634036,11,
inalienable,2.4,1.505545305418162,10,
inalterable,2.333333333333333,1.6143297699232972,12,
inanimate,2.8,1.8135294011647256,10,
inapplicable,2.9,1.5951314818673863,10,
inappreciable,2.6,2.0110804171997807,10,
inappreciative,3.0,1.8973665961010275,11,
inapprehension,2.4545454545454546,1.5075567228888185,11,
inapprehensive,2.9285714285714284,1.7743595036946849,14,
inapproachable,3.1,1.7919573407620817,10,
inappropriate,3.636363636363636,2.618118686107537,11,
inarguable,4.5,1.0801234497346437,10,
inarticulate,3.5,2.3213980461973533,10,
inartistic,3.466666666666667,1.9591057240729093,15,
inattentive,2.909090909090909,1.868397465987655,11,
inaudible,4.0,1.632993161855452,10,
inauspicious,2.230769230769231,1.589226549501683,13,
inbound,3.1,2.0248456731316584,10,
inbred,3.083333333333333,1.729862492345632,12,
incalculable,2.8,1.6865480854231356,10,
incandesce,2.6,1.9550504398153572,10,
incapable,4.3,1.2516655570345725,10,
incapacity,3.090909090909091,1.9211738835693897,11,
incarceration,2.75,1.864744681524183,12,
incarnation,2.4545454545454546,1.572490786213793,11,
incense,3.4,1.577621275493231,10,
incentive,3.3,2.057506581601462,10,
inception,3.4545454545454546,1.6348477827391985,11,
inceptive,2.7,1.4944341180973264,10,
incessant,4.1,2.282785822435191,10,
incest,4.636363636363637,1.747725795010606,11,
inch,4.0,1.7638342073763935,10,
incident,2.727272727272727,1.4206272622267313,11,
incidental,2.4545454545454546,1.4396969378057567,11,
incidentally,2.6,1.429840705968481,10,
incinerator,4.8,1.8737959096740264,10,
incise,3.8,1.6193277068654826,10,
incision,3.5,1.90029237516523,10,
incline,4.0,2.0,10,
include,3.2,2.201009869229224,10,
inclusive,3.6,1.1737877907772674,10,
incoercible,2.8,1.398411797560202,10,
income,2.909090909090909,2.385562636132007,11,
incommensurable,3.0,2.0,11,
incommunicable,3.0,2.4037008503093262,10,
incommunicative,3.0,2.32379000772445,11,
incomparable,3.272727272727273,2.004540300962248,11,
incompatible,3.0,1.5491933384829668,11,
incompetence,3.090909090909091,2.119176512447486,11,
incompetent,2.9,1.5238839267549948,10,
incomplete,4.0,1.9436506316151,10,
incomprehensible,4.0,1.563471919941143,10,
incomprehensive,3.230769230769231,1.9215378456610457,13,
inconceivable,3.090909090909091,1.7002673586554236,11,
inconclusive,2.636363636363636,1.689540012709215,11,
incongruity,2.5,1.5075567228888185,12,
inconsequent,2.1,1.1972189997378648,10,
inconsequential,3.6,1.6465452046971292,10,
inconsiderable,3.9,2.0248456731316584,10,
inconsiderate,3.5454545454545454,1.8090680674665816,11,
inconsistent,2.727272727272727,1.7939291563999449,11,
inconspicuous,2.1818181818181817,1.662418829187267,11,
inconstant,2.5384615384615383,1.5063966175050876,13,
incontestable,2.7,1.70293863659264,10,
inconvenience,3.363636363636364,2.248231628312673,11,
inconvenient,2.909090909090909,2.256304299271065,11,
inconvertible,1.7272727272727273,0.9045340337332908,11,
inconvincible,2.9166666666666665,1.781640374554423,12,
incorporate,2.4166666666666665,1.378954368902449,12,
incorporator,2.4,1.3498971154211057,10,
incorporeal,3.3,2.110818693198342,10,
incorrect,4.181818181818182,2.227921983292136,11,
incorrigible,2.8,2.043961295567452,10,
incorrupt,3.0,1.651445647689541,12,
incorruptible,3.3846153846153846,1.8501559185854912,13,
incorruption,1.5,0.674199862463242,12,
increase,3.5,1.6499158227686108,10,
incredible,4.5,2.173067468400883,10,
incredulous,2.272727272727273,1.2720777563426766,11,
increment,2.727272727272727,1.618079669911781,11,
incriminate,3.272727272727273,2.004540300962248,11,
incubate,3.333333333333333,1.7232808737106582,12,
incubator,4.0,1.8856180831641267,10,
incurable,2.9,2.2335820757001272,10,
indebted,3.5454545454545454,1.8090680674665816,11,
indecipherable,3.909090909090909,2.4271195048676715,11,
indecision,4.545454545454546,1.8090680674665816,11,
indecisive,3.2,1.7511900715418265,10,
indeed,3.9,2.0248456731316584,10,
indefensible,3.3,2.263232692902394,10,
indefinable,3.090909090909091,2.165850662190053,11,
indefinite,4.0,1.6733200530681511,11,
indelible,2.1,1.449137674618944,10,
indelicate,3.125,1.707825127659933,16,
indemnify,1.7,1.0593499054713802,10,
independence,2.5,1.4337208778404378,10,
independency,2.769230769230769,1.739436985245808,13,
independent,2.9,1.5951314818673863,10,
indescribable,3.6,1.837873166945363,10,
indestructible,3.2,1.7511900715418265,10,
indeterminable,3.0,1.632993161855452,10,
indeterminacy,2.3,1.4181364924121764,10,
indeterminate,2.0,1.3333333333333333,10,
indetermination,2.8,2.043961295567452,10,
index,3.5,2.3213980461973533,10,
indicate,2.8,1.9888578520235063,10,
indicative,3.7,1.766981104093143,10,
indict,2.583333333333333,0.996204919895622,12,
indigenous,4.454545454545454,1.572490786213793,11,
indigent,2.5454545454545454,1.2933395813657265,11,
indigestion,3.1,1.449137674618944,10,
indignant,3.1818181818181817,1.5374122295716148,11,
indignity,3.6,2.221110833194357,10,
indigo,4.166666666666667,1.992409839791244,12,
indirect,3.5,2.0138409955990952,10,
indiscernible,2.4,1.3498971154211057,10,
indiscipline,2.3,2.057506581601462,10,
indiscoverable,2.7,1.2516655570345725,10,
indiscreet,2.9,2.0789954839350235,10,
indiscretion,2.7,2.0027758514399734,10,
indiscriminate,3.1,2.0789954839350235,10,
indiscrimination,3.2,1.932183566158592,10,
indispensable,3.1666666666666665,2.2087978356535665,12,
indisposed,2.909090909090909,1.9211738835693897,11,
indisputable,3.083333333333333,1.831955405041456,12,
indistinct,3.2,1.932183566158592,10,
indistinctive,3.5,2.0670576365276494,12,
indistinguishable,4.181818181818182,1.8877596148970777,11,
indivertible,2.6,2.197401062294143,15,
individual,2.9285714285714284,1.94003511920178,14,
individualist,2.5454545454545454,1.572490786213793,11,
individuality,4.5,1.8408935028645437,10,
individualize,2.8181818181818183,1.8877596148970777,11,
indivisible,3.5454545454545454,2.114882330704777,11,
indolence,2.076923076923077,1.3204505835470497,13,
indoor,3.0,1.8973665961010275,11,
induce,3.8,2.3475755815545347,10,
induct,3.0,1.9436506316151,10,
inductive,2.6,1.429840705968481,10,
indulge,3.090909090909091,1.4459976109624424,11,
indulgence,4.1,2.282785822435191,10,
indulgency,3.4,2.4129281427805145,10,
indulgent,3.363636363636364,1.804035879506129,11,
industrial,2.8,1.932183566158592,10,
industrious,4.2,1.5491933384829668,10,
industry,2.8181818181818183,1.662418829187267,11,
inebriety,3.7,1.946506842754191,10,
ineffective,3.25,2.050498830661811,12,
ineffectual,3.0,1.7638342073763935,10,
inefficacy,3.4545454545454546,2.114882330704777,11,
inefficiency,2.8181818181818183,2.1825756260978366,11,
ineligible,3.0,1.632993161855452,10,
ineloquent,4.181818181818182,1.5374122295716148,11,
inept,2.9,1.66332999331662,10,
ineptitude,3.1666666666666665,1.7494587907710375,12,
inequitable,2.8181818181818183,1.5374122295716148,11,
inequity,2.636363636363636,2.1105794120443453,11,
inestimable,2.1818181818181817,1.7215215257545762,11,
inevitable,3.3,2.110818693198342,10,
inexact,2.909090909090909,1.3751033019046572,11,
inexcusable,3.0,2.160246899469287,10,
inexhaustible,3.2,1.398411797560202,10,
inexistent,2.8,1.6193277068654826,10,
inexpensive,2.4,1.3498971154211057,10,
inexperienced,3.5,1.90029237516523,10,
inexpert,3.7,1.70293863659264,10,
inexplicable,3.1,2.0248456731316584,10,
inexplicit,2.363636363636364,1.9116865471476892,11,
inexpressible,3.6,1.6465452046971292,10,
inexpressive,3.4,1.8973665961010275,10,
inextricable,3.0,1.8973665961010275,11,
infallibility,3.7,1.2516655570345725,10,
infallible,3.636363636363636,1.2060453783110543,11,
infamous,4.0,2.160246899469287,10,
infamy,2.8,1.5491933384829668,10,
infancy,3.583333333333333,1.880924981991251,12,
infant,3.3,1.8287822299126937,10,
infantilism,1.8888888888888888,1.3642254619787415,9,
infantry,3.111111111111111,1.4529663145135578,9,
infatuate,4.0,1.8257418583505536,10,
infeasible,2.9,1.1972189997378648,10,
infect,4.090909090909091,2.21153998175685,11,
infection,3.7,1.8287822299126937,10,
infectious,4.4,1.6465452046971292,10,
infective,3.727272727272727,1.7939291563999449,11,
inference,2.4,1.505545305418162,10,
inferior,3.9,1.66332999331662,10,
inferno,4.545454545454546,1.752919642404429,11,
infertile,3.6666666666666665,2.1461734799546397,12,
infest,4.6923076923076925,1.7974340685458343,13,
infestation,4.2,1.8135294011647256,10,
infidelity,3.272727272727273,2.004540300962248,11,
infiltration,4.166666666666667,1.5859229221975182,12,
infinite,4.7,1.766981104093143,10,
infinitesimal,3.2777777777777777,2.1640255395784296,18,
infinitive,3.636363636363636,1.9632996344280853,11,
infinity,4.307692307692308,1.8432134703923733,13,
infirmary,2.5,1.509230856356236,10,
inflammation,4.2,1.932183566158592,10,
inflammatory,3.5384615384615383,1.6132464481796025,13,
inflate,4.181818181818182,1.834021909257456,11,
inflation,4.6,1.6465452046971292,10,
inflection,4.454545454545454,1.4396969378057567,11,
inflexible,3.7,2.213594362117865,10,
inflict,4.333333333333333,2.0,9,
influence,3.727272727272727,2.1489955370316194,11,
influential,3.6,2.3190036174568114,10,
influenza,4.5,2.173067468400883,10,
info,2.8,1.3165611772087666,10,
infomercial,4.090909090909091,2.119176512447486,11,
inform,2.2,1.2292725943057183,10,
informal,2.9,1.911950719959998,10,
informant,3.272727272727273,2.2401298663653004,11,
information,3.2857142857142856,2.1277858274442303,14,
informative,2.571428571428572,2.10180456217566,14,
informed,3.272727272727273,1.6787441193290351,11,
informer,3.9375,1.8062391868188443,16,
infrequent,3.3,1.888562063228706,10,
infringe,3.7,1.8287822299126937,10,
infuriate,4.2727272727272725,1.348399724926484,11,
infuriating,4.2,1.932183566158592,10,
infuse,3.7,2.0027758514399734,10,
infusible,3.5,2.1213203435596424,10,
ingenious,4.4,2.0110804171997807,10,
ingenuity,2.9,1.5951314818673863,10,
ingenuous,2.8,1.8737959096740264,10,
ingest,4.090909090909091,2.256304299271065,11,
inglorious,3.0,1.7580981459830651,12,
ingrate,2.909090909090909,1.6403990645294488,11,
ingratitude,3.090909090909091,1.7580981459830651,11,
ingredient,2.7,1.4181364924121764,10,
inhabit,3.6,2.0110804171997807,10,
inhale,4.6,1.7126976771553504,10,
inhaler,4.454545454545454,1.9679246105293955,11,
inharmonious,2.75,2.179449471770337,12,
inherent,3.6,2.065591117977289,10,
inherit,2.7,1.4944341180973264,10,
inheritance,2.727272727272727,2.053821272209882,11,
inhibit,3.583333333333333,1.5050420310248864,12,
inhospitable,4.2727272727272725,1.348399724926484,11,
inhospitality,3.6,1.9550504398153572,10,
inhuman,4.0,2.260776661041756,10,
inhumane,2.9,1.7919573407620817,10,
inhumanity,2.909090909090909,1.8140862964338524,11,
initial,2.9166666666666665,2.0207259421636903,12,
initiate,3.8,1.9888578520235063,10,
initiative,1.9,1.100504934614612,10,
inject,5.181818181818182,2.272363607268072,11,
injection,4.75,1.1381803659589922,12,
injunction,3.090909090909091,1.9725387425622571,11,
injure,3.7,1.5670212364724212,10,
injurious,3.727272727272727,1.555050423035156,11,
injury,3.4545454545454546,2.0670576365276494,11,
injustice,4.2,1.9888578520235063,10,
ink,3.727272727272727,1.7372915179041823,11,
inkblot,4.5,1.4337208778404378,10,
inkling,3.363636363636364,2.1105794120443453,11,
inlay,3.2,1.4757295747452437,10,
inlet,3.071428571428572,1.8999710813299528,14,
inmate,4.3,1.766981104093143,10,
inn,3.5,1.90029237516523,10,
innards,4.2,2.043961295567452,10,
innate,3.6,0.8432740427115678,10,
inner,4.0,2.486326242032244,12,
inning,2.2,0.6324555320336759,10,
innocence,3.411764705882353,2.0018373912924274,17,
innocent,3.615384615384616,2.1809195896250406,13,
innocuous,2.076923076923077,1.3204505835470497,13,
innovate,3.5,1.6499158227686108,10,
innovation,2.9,1.728840330651992,10,
innovative,3.9,2.0789954839350235,10,
inoffensive,3.090909090909091,1.9725387425622571,11,
inoperable,3.4545454545454546,1.8090680674665816,11,
inopportune,3.9,2.2335820757001272,10,
inordinate,2.4,2.1186998109427604,10,
input,3.5,2.0138409955990952,10,
inquest,2.4,1.3498971154211057,10,
inquire,2.9,2.183269719175042,10,
inquisitive,4.3,0.8232726023485646,10,
insane,3.5,1.4337208778404378,10,
insanity,4.0,1.8257418583505536,10,
insatiable,2.6,1.577621275493231,10,
inscribe,3.0,1.4907119849998598,10,
inscrutable,3.111111111111111,2.0275875100994063,9,
inseam,5.0,1.3333333333333333,10,
insect,3.4,2.065591117977289,10,
insecure,3.3,1.70293863659264,10,
insecurity,3.363636363636364,1.804035879506129,11,
inseminate,3.5,1.90029237516523,10,
insensible,3.4,1.429840705968481,10,
insensitive,2.7,1.4181364924121764,10,
insentient,1.8,1.3165611772087666,10,
insert,3.636363636363636,1.2862913567871994,11,
inside,3.8,1.8135294011647256,10,
insidious,3.5454545454545454,2.339386088854781,11,
insight,3.4,1.7126976771553504,10,
insignificance,3.090909090909091,1.8140862964338524,11,
insignificant,2.4,0.966091783079296,10,
insincere,4.0,1.4832396974191326,11,
insincerity,3.9,2.378141197564929,10,
insinuate,2.333333333333333,1.7232808737106582,12,
insinuating,3.5,1.5811388300841898,10,
insinuation,3.7,2.213594362117865,10,
insist,3.8,1.6193277068654826,10,
insistent,3.3,1.2516655570345725,10,
insolence,3.0,1.8257418583505536,10,
insolent,3.4615384615384617,1.6132464481796025,13,
insolvable,3.2,1.3165611772087666,10,
insomnia,2.8181818181818183,1.7786613965666325,11,
inspect,4.9,1.8529256146249728,10,
inspector,4.818181818181818,1.2504544628399563,11,
inspiration,4.4,1.577621275493231,10,
inspirational,4.0,1.699673171197595,10,
inspire,4.0,2.0,10,
inspired,3.8181818181818175,1.60113596038449,11,
instability,3.7,2.359378449224852,10,
install,3.4,2.0110804171997807,10,
instance,2.5,1.4337208778404378,10,
instant,3.5,1.4337208778404378,10,
instantaneous,2.4545454545454546,1.916436086262016,11,
instead,1.7,0.6749485577105528,10,
instigate,2.8181818181818183,1.7786613965666325,11,
instigation,2.5454545454545454,1.6348477827391985,11,
instill,3.7,1.5670212364724212,10,
instinct,4.1,1.5238839267549948,10,
instinctive,4.0,1.8856180831641267,10,
institute,3.6,1.9550504398153572,10,
institution,3.6,2.065591117977289,10,
institutionalism,2.727272727272727,1.348399724926484,11,
instruct,3.5454545454545454,1.5075567228888185,11,
instructive,3.1,2.0789954839350235,10,
instrument,3.3,1.8287822299126937,10,
instrumental,3.2,2.201009869229224,10,
insubordinate,3.4,1.429840705968481,10,
insubordination,3.9,1.5238839267549948,10,
insubstantial,2.833333333333333,1.855040827202527,18,
insufferable,3.2,1.4757295747452437,10,
insufficient,4.4,1.6465452046971292,10,
insulate,3.272727272727273,1.6787441193290351,11,
insult,3.5454545454545454,2.018099916438052,11,
insulting,3.9166666666666665,1.6213537179739277,12,
insuppressible,3.583333333333333,2.314316444667973,12,
insurance,3.5,2.3213980461973533,10,
insurmountable,4.3,1.70293863659264,10,
insurrectionary,2.466666666666667,2.133630931623591,15,
insusceptible,2.2,1.6193277068654826,10,
intact,4.3,1.8287822299126937,10,
intake,4.181818181818182,2.088931871468374,11,
intangible,3.1818181818181817,2.1362669223756576,11,
integral,2.5454545454545454,1.694912172570388,11,
integrate,1.6,1.2649110640673518,10,
integrity,3.0,2.0,12,
intellect,3.9,1.449137674618944,10,
intellective,3.0,2.211083193570267,10,
intellectual,4.090909090909091,1.044465935734187,11,
intellectualism,4.777777777777778,2.1666666666666665,9,
intellectualize,2.5,1.7159383568311668,10,
intelligence,3.8333333333333335,2.167249338901664,12,
intelligent,3.2,1.398411797560202,10,
intelligibility,3.636363636363636,1.689540012709215,11,
intelligible,3.0,1.3416407864998738,11,
intend,3.090909090909091,1.868397465987655,11,
intending,2.363636363636364,1.804035879506129,11,
intense,3.1818181818181817,1.4012980994907414,11,
intensify,4.5,1.7159383568311668,10,
intensity,4.083333333333333,2.0652243256245835,12,
intensive,3.411764705882353,2.093407017561676,17,
intent,2.4,0.8432740427115678,10,
intention,4.0,1.8856180831641267,10,
intentioned,2.9,2.2335820757001272,10,
interact,2.9,1.5951314818673863,10,
intercept,4.1,1.7919573407620817,10,
interchange,3.2,1.398411797560202,10,
intercom,2.9285714285714284,1.859043828435456,14,
intercommunicate,2.9,2.0248456731316584,10,
interconnect,3.272727272727273,1.7372915179041823,11,
interconnectedness,3.6,1.837873166945363,10,
intercourse,2.9,2.2335820757001272,10,
intercultural,3.6,1.7126976771553504,10,
interdepartmental,3.8,2.043961295567452,10,
interdependent,2.6,1.505545305418162,10,
interest,2.0,0.8660254037844386,9,
interested,3.6,2.0110804171997807,10,
interesting,3.8181818181818175,1.7215215257545762,11,
interface,4.4,1.429840705968481,10,
interfere,3.25,1.5447859516333116,12,
intergalactic,4.1,2.378141197564929,10,
interim,2.333333333333333,1.556997888323046,12,
interior,3.9,2.0789954839350235,10,
interject,4.4,2.1705094128132942,10,
interjection,3.0,2.0,10,
interjectory,3.3,1.8287822299126937,10,
interlace,3.1,2.2335820757001272,10,
interlink,3.4,2.4129281427805145,10,
interlock,4.2,1.1352924243950937,10,
interlude,4.2,1.8737959096740264,10,
intermediate,2.6,1.8973665961010275,10,
intermingle,3.7,1.4944341180973264,10,
intern,3.1818181818181817,1.9908883353006928,11,
international,3.6,2.6331223544175333,10,
internationalize,4.5,2.068278940998476,10,
Internet,3.5,2.592724864350674,10,
interpret,3.1,2.183269719175042,10,
interpretation,2.7142857142857144,1.772810520855837,14,
interpretative,2.272727272727273,1.1037127426019049,11,
interpreter,2.5384615384615383,1.8980421761815789,13,
interpretive,4.3,2.1628170930011112,10,
interrelate,4.090909090909091,1.6403990645294488,11,
interrelated,2.5,1.8408935028645437,10,
interreligious,3.272727272727273,1.9021518914592013,11,
interrogate,2.5,1.509230856356236,10,
interrogation,3.3,2.1628170930011112,10,
interrupt,3.7,1.636391694484477,10,
intersect,4.8,1.6865480854231356,10,
interstate,4.363636363636363,2.1105794120443453,11,
intertwine,4.3,1.8287822299126937,10,
interval,3.4705882352941178,1.5048939771136507,17,
intervene,3.3,1.4944341180973264,10,
intervention,3.2,1.5491933384829668,10,
interview,3.4,1.577621275493231,10,
interviewer,2.8181818181818183,1.9908883353006928,11,
interweave,4.7,1.70293863659264,10,
intestate,3.1,1.911950719959998,10,
intestinal,3.0,2.0,12,
intestine,4.2727272727272725,2.370270410350224,11,
intimacy,3.1,1.911950719959998,10,
intimate,4.3,2.0027758514399734,10,
intimation,2.833333333333333,1.8989630344113089,12,
intimidate,4.0,1.4142135623730951,10,
into,3.6,2.590581230363393,10,
intolerable,3.9,1.911950719959998,10,
intolerance,4.3,1.888562063228706,10,
intolerant,4.181818181818182,1.7215215257545762,11,
intoxicate,4.1,2.0789954839350235,10,
intractable,2.636363636363636,1.2060453783110543,11,
intrepid,2.1,1.286683937707919,10,
intricate,3.7,2.0027758514399734,10,
intrigue,3.8,2.2997584414213788,10,
intrinsic,2.1666666666666665,1.6422453217986943,12,
intro,5.416666666666667,1.729862492345632,12,
introduce,2.8,1.1352924243950937,10,
introduction,3.090909090909091,1.868397465987655,11,
introspection,2.4615384615384617,1.9839096340048947,13,
introspective,3.583333333333333,1.880924981991251,12,
introvert,3.230769230769231,1.4806443503784736,13,
intrude,3.636363636363636,1.747725795010606,11,
intrusion,4.4,1.429840705968481,10,
intrusive,3.2,1.9888578520235063,10,
intuition,3.6,1.7126976771553504,10,
intuitional,2.9,1.7919573407620817,10,
intuitive,3.090909090909091,1.2210278829367869,11,
inundate,3.0,2.211083193570267,10,
invade,4.090909090909091,1.9211738835693897,11,
invalid,3.0,1.699673171197595,10,
invalidate,3.4545454545454546,2.018099916438052,11,
invalidity,3.4,2.0110804171997807,10,
invaluable,2.9,2.1317702607092643,10,
invariable,2.8181818181818183,1.9908883353006928,11,
invariance,2.357142857142857,1.4468609447374663,14,
invariant,1.7272727272727273,1.009049958219026,11,
invasion,3.636363636363636,1.5666989036012806,11,
invasive,4.571428571428571,1.9100658753958328,14,
invent,2.5454545454545454,1.4396969378057567,11,
invention,4.3,1.766981104093143,10,
inventive,3.1,1.911950719959998,10,
inventory,2.9,1.8529256146249728,10,
invert,2.9,1.5951314818673863,10,
invest,4.2,1.932183566158592,10,
investigate,4.3,1.70293863659264,10,
investigation,3.8,2.5298221281347035,10,
investment,3.692307692307693,1.9741924671712985,13,
invigorate,4.066666666666666,1.624221425205085,15,
invincible,3.909090909090909,1.6403990645294488,11,
invitation,2.5454545454545454,1.3684762594679063,11,
invite,2.8,1.4757295747452437,10,
inviting,3.375,2.12524508390601,16,
invocate,4.0,2.04939015319192,11,
invoice,2.583333333333333,1.928651593652148,12,
invoke,4.1,1.449137674618944,10,
involuntary,2.5,1.7320508075688772,12,
involve,4.0,1.9436506316151,10,
involved,2.909090909090909,1.5782614139961386,11,
invulnerable,2.3,1.1595018087284057,10,
inward,3.2,2.2997584414213788,10,
inwardness,3.8181818181818175,2.3587361793206894,11,
iodine,2.0,1.247219128924647,10,
iodize,2.4166666666666665,1.729862492345632,12,
ion,3.7,1.4944341180973264,10,
ionize,3.1,1.5951314818673863,10,
irate,3.0,1.914854215512676,13,
ire,4.076923076923077,1.7541160386140584,13,
iris,3.2,1.4757295747452437,10,
irk,5.4,1.577621275493231,10,
iron,2.7,1.70293863659264,10,
ironic,3.3076923076923075,2.1750331562459526,13,
ironical,3.1,2.378141197564929,10,
irony,2.6,1.776388345929897,10,
irrational,2.8,1.0327955589886444,10,
irrationalism,3.0,1.8856180831641267,10,
irrationalize,3.3,2.311805451253293,10,
irreconcilable,2.909090909090909,1.8140862964338524,11,
irrecoverable,2.636363636363636,1.804035879506129,11,
irredeemable,2.2,1.8737959096740264,10,
irrefutable,3.2,1.398411797560202,10,
irregular,3.333333333333333,1.8257418583505536,12,
irrelative,2.1538461538461537,1.5191090506254998,13,
irrelevance,3.2,1.7511900715418265,10,
irrelevant,3.8,2.201009869229224,10,
irremediable,2.0,1.632993161855452,13,
irremovable,3.2,2.043961295567452,10,
irreplaceable,4.083333333333333,1.6764862244009229,12,
irrepressible,3.4545454545454546,2.2522715805886446,11,
irreproducible,2.235294117647059,1.921243469888248,17,
irresistible,3.0,1.7320508075688772,11,
irresolute,2.333333333333333,1.5430334996209192,15,
irrespective,2.8181818181818183,2.1362669223756576,11,
irresponsible,4.5,2.549509756796392,10,
irretrievable,3.1,1.66332999331662,10,
irreverent,3.3,1.8287822299126937,10,
irreversible,4.4,1.776388345929897,10,
irrevocable,3.1666666666666665,1.6966991126265962,12,
irrigate,2.9,0.9944289260117531,10,
irritable,3.6,2.1186998109427604,10,
irritant,4.363636363636363,1.804035879506129,11,
irritate,3.8333333333333335,1.8989630344113089,12,
irritating,3.6,2.221110833194357,10,
irritation,4.0,1.699673171197595,10,
is,3.6,2.5473297566057065,10,
island,3.8,1.8737959096740264,10,
islander,3.636363636363636,1.6292775867068985,11,
isle,3.0,1.699673171197595,10,
isolate,3.7,1.888562063228706,10,
isolation,3.7,2.1628170930011112,10,
isolationism,2.1,1.728840330651992,10,
Israel,2.636363636363636,2.292279532375024,11,
issuance,3.0,1.7888543819998317,11,
issue,2.909090909090909,1.5782614139961386,11,
it,2.4545454545454546,2.423371055519,11,
Italian,4.2,1.9888578520235063,10,
italic,3.25,2.3011854652449344,12,
Italy,3.0,2.10818510677892,10,
itch,4.2,2.485513584307633,10,
itching,5.181818181818182,1.9908883353006928,11,
itchy,5.2,1.6193277068654826,10,
item,3.363636363636364,2.1105794120443453,11,
its,3.1818181818181817,2.315952582337636,11,
itself,4.2,2.201009869229224,10,
ivory,3.8,2.14993539954628,10,
ivy,3.6,1.9550504398153572,10,
jab,5.1,2.1317702607092643,10,
jabber,6.0,1.5954480704349312,12,
jack,4.166666666666667,1.9462473604038075,12,
jackal,4.454545454545454,1.752919642404429,11,
jackass,4.3,2.057506581601462,10,
jacket,2.8,2.201009869229224,10,
jackpot,3.5,1.7837651700316894,12,
jade,4.1,2.0248456731316584,10,
jaded,2.9,2.1317702607092643,10,
jag,4.7,1.946506842754191,10,
jagged,4.8,1.8135294011647256,10,
jaguar,4.2,2.14993539954628,10,
jail,3.3,1.766981104093143,10,
jailer,3.6,1.577621275493231,10,
jam,5.4,0.8432740427115678,10,
jammy,4.545454545454546,2.0670576365276494,11,
jangle,5.1,1.8529256146249728,10,
janitor,2.6666666666666665,2.059714602177749,12,
January,2.769230769230769,2.087815690853567,13,
japan,2.583333333333333,2.314316444667973,12,
jar,4.2727272727272725,2.195035721390843,11,
jargon,3.0,2.280350850198276,11,
jasmine,3.5,1.7795130420052183,10,
jaunty,4.454545454545454,2.339386088854781,11,
Java,3.5454545454545454,2.1616492020508957,11,
javelin,2.0,1.247219128924647,10,
jaw,4.75,1.712255291076124,12,
jawbone,4.818181818181818,2.1362669223756576,11,
jay,2.6,1.9550504398153572,10,
jaywalk,3.2,1.8737959096740264,10,
jazz,5.8,1.2292725943057183,10,
jazzy,3.615384615384616,2.142368686697878,13,
jealous,2.4545454545454546,1.6348477827391985,11,
jealousy,3.5,1.6499158227686108,10,
jean,2.6,1.577621275493231,10,
Jeans,2.7,2.0027758514399734,10,
Jeep,3.2,2.2997584414213788,10,
jeer,4.9,2.282785822435191,10,
jello,4.9,2.2335820757001272,10,
jelly,5.4,2.221110833194357,10,
jeopardize,4.4,1.9550504398153572,10,
jeopardy,3.6666666666666665,2.269694946796849,12,
jerk,5.3,1.3374935098492586,10,
jerky,4.3,1.4181364924121764,10,
jersey,3.583333333333333,2.274696116900546,12,
jester,4.545454545454546,1.9679246105293955,11,
jet,3.9,2.4244128727957577,10,
jewel,4.636363636363637,2.062654952856986,11,
jeweler,4.1,1.9692073983655909,10,
jewelry,3.272727272727273,1.8488325554743508,11,
jiffy,4.1,1.8529256146249728,10,
jig,4.9,1.100504934614612,10,
jiggle,5.333333333333333,2.059714602177749,12,
jigsaw,4.333333333333333,2.103388319888276,12,
jingle,6.1,1.286683937707919,10,
jinx,5.7,0.9486832980505138,10,
jitter,6.1,1.286683937707919,10,
jittery,5.181818181818182,1.7786613965666325,11,
jive,4.230769230769231,2.314945865236239,13,
job,3.5454545454545454,1.8090680674665816,11,
jobless,3.6,2.1705094128132942,10,
jock,3.9,2.1317702607092643,10,
jockey,3.7,1.766981104093143,10,
jog,5.181818181818182,1.662418829187267,11,
jogger,4.307692307692308,1.4935759876113537,13,
join,4.1,2.1317702607092643,10,
joint,4.133333333333334,1.6846647257229663,15,
joke,4.3,2.311805451253293,10,
joker,4.818181818181818,1.9908883353006928,11,
jollify,4.0,2.4037008503093262,10,
jolly,4.727272727272728,1.7372915179041823,11,
jolt,6.1,0.9944289260117531,10,
jot,4.7,1.888562063228706,10,
journal,3.8,2.485513584307633,10,
journey,4.1,1.66332999331662,10,
joust,3.6,1.837873166945363,10,
joviality,3.2142857142857144,2.4235565546581275,14,
jowl,4.714285714285714,1.977899874131123,14,
joy,4.454545454545454,1.9679246105293955,11,
joyful,4.6,1.6465452046971292,10,
joyous,4.454545454545454,1.916436086262016,11,
joyride,4.9,1.449137674618944,10,
joystick,4.142857142857143,2.10702644491246,14,
jubilee,4.7,1.70293863659264,10,
judge,3.6,1.6465452046971292,10,
judgment,4.5,1.90029237516523,10,
judgmental,3.9,1.7919573407620817,10,
judicative,2.4,2.065591117977289,10,
judicial,4.0,1.7056057308448835,12,
judicious,3.1,0.9944289260117531,10,
jug,3.636363636363636,2.248231628312673,11,
juggle,4.909090909090909,1.4459976109624424,11,
juggler,4.454545454545454,1.694912172570388,11,
jugular,3.2,2.2997584414213788,10,
juice,5.166666666666667,1.3371158468430429,12,
juicy,5.3,1.8287822299126937,10,
juju,4.4,2.4129281427805145,10,
jukebox,4.181818181818182,1.7215215257545762,11,
July,2.2,1.0327955589886444,10,
jumble,4.7,1.636391694484477,10,
jumbo,4.9,1.911950719959998,10,
jump,5.6875,0.6020797289396148,16,
jumper,4.5,1.8408935028645437,10,
jumpy,4.6,2.065591117977289,10,
junction,3.5454545454545454,1.8090680674665816,11,
juncture,2.6,1.8973665961010275,10,
June,2.5,1.90029237516523,10,
jungle,4.333333333333333,2.269694946796849,12,
junior,2.909090909090909,1.7002673586554236,11,
juniper,3.272727272727273,2.004540300962248,11,
junk,4.7,1.0593499054713802,10,
junkie,4.6,1.776388345929897,10,
junky,4.6,1.1737877907772674,10,
jurisdiction,3.2,2.043961295567452,10,
juror,2.7,1.4181364924121764,10,
jury,1.8,1.4757295747452437,10,
just,4.2,2.3475755815545347,10,
justice,3.2,1.8737959096740264,10,
justifiable,2.0,1.0540925533894598,10,
justification,3.3,2.057506581601462,10,
justify,3.5454545454545454,1.572490786213793,11,
justly,3.2,2.3475755815545347,10,
jut,4.6923076923076925,1.931519927613803,13,
juvenile,2.083333333333333,1.5642792899510294,12,
kale,2.1,1.9692073983655909,10,
kaleidoscope,3.2,2.0976176963403037,10,
kamikaze,3.9,1.911950719959998,10,
kangaroo,4.0,1.7638342073763935,10,
kappa,2.909090909090909,1.9211738835693897,11,
karaoke,4.8,1.8737959096740264,10,
karate,4.8,1.9888578520235063,10,
karma,3.727272727272727,1.9021518914592013,11,
kayak,3.5,2.3687784005919825,10,
kazoo,4.545454545454546,2.504541329810165,11,
kebab,4.1,2.330951164939612,10,
keel,3.333333333333333,1.5430334996209192,15,
keen,3.9,2.378141197564929,10,
keep,4.4,2.1705094128132942,10,
keeper,2.9,1.7919573407620817,10,
keeping,3.076923076923077,1.7059473644448735,13,
keepsake,3.6,2.1186998109427604,10,
keg,3.5454545454545454,2.2522715805886446,11,
kelp,3.5,2.066211695163584,14,
kennel,2.1,1.286683937707919,10,
kept,2.4615384615384617,1.5063966175050876,13,
kerchief,3.090909090909091,2.256304299271065,11,
kernel,3.4545454545454546,1.0357254813546264,11,
kerosene,2.7,1.4181364924121764,10,
ketchup,2.0,1.8586407545691703,12,
kettle,3.8,1.6865480854231356,10,
Kevlar,2.0,2.0,10,
key,4.2,2.043961295567452,10,
keyboard,3.1,2.330951164939612,10,
keyhole,3.4545454545454546,2.0670576365276494,11,
keynote,3.9,1.7919573407620817,10,
keystone,3.5,1.7795130420052183,10,
khaki,2.8,1.932183566158592,10,
kick,5.9,0.9944289260117531,10,
kickback,5.076923076923077,1.7059473644448735,13,
kicker,4.181818181818182,1.9908883353006928,11,
kickoff,4.818181818181818,1.8877596148970777,11,
kid,4.5,1.6499158227686108,10,
kidnap,4.454545454545454,2.114882330704777,11,
kidney,4.3,1.8287822299126937,10,
kill,5.454545454545454,1.3684762594679063,11,
killer,4.1,1.66332999331662,10,
killing,4.4,2.5473297566057065,10,
kiln,2.5,1.1785113019775793,10,
kilo,4.076923076923077,1.8912755158683456,13,
kilogram,3.2,1.932183566158592,10,
kilometer,3.090909090909091,2.21153998175685,11,
kilt,2.727272727272727,1.489356175728901,11,
kin,3.0,1.9578900207451215,13,
kind,2.9,1.286683937707919,10,
kindle,2.5,1.9578900207451215,10,
kindness,3.3,1.8287822299126937,10,
kindred,3.5,1.7795130420052183,10,
kinetic,4.0,1.632993161855452,13,
king,4.166666666666667,2.2087978356535665,12,
kingdom,3.5384615384615383,2.066211695163584,13,
kink,4.8,2.14993539954628,10,
kinky,4.7,1.766981104093143,10,
kinship,2.9,2.0248456731316584,10,
kiosk,3.5454545454545454,1.694912172570388,11,
kirk,3.0,1.9069251784911847,12,
kiss,5.1,2.0789954839350235,10,
kisser,3.909090909090909,1.6403990645294488,11,
kissy,4.928571428571429,1.542439911024374,14,
kit,3.4,1.6465452046971292,10,
kitchen,3.909090909090909,2.4271195048676715,11,
kitchenette,3.636363636363636,1.5666989036012806,11,
kite,3.9,1.3703203194062976,10,
kitten,4.0,1.563471919941143,10,
kitty,4.6,1.7126976771553504,10,
kiwi,3.5,2.3687784005919825,10,
Kleenex,4.181818181818182,2.4420557658735733,11,
knack,3.2,2.201009869229224,10,
knead,3.9,2.0248456731316584,10,
knee,4.0,2.23606797749979,11,
kneecap,5.1,2.282785822435191,10,
kneel,3.4,1.577621275493231,10,
knew,1.8,0.7888106377466155,10,
Knickerbocker,4.5,2.3687784005919825,10,
knickers,3.0,1.699673171197595,10,
knife,5.285714285714286,1.3827826698682306,14,
knight,3.9,2.0248456731316584,10,
knighthood,4.1,1.7919573407620817,10,
knit,3.1,1.7919573407620817,10,
knitted,4.5,1.9578900207451215,10,
knitting,4.181818181818182,1.662418829187267,11,
knob,4.181818181818182,1.7786613965666325,11,
knobby,4.6,2.065591117977289,10,
knock,4.727272727272728,2.195035721390843,11,
knocker,5.454545454545454,1.9679246105293955,11,
knockout,5.307692307692308,1.377474463442389,13,
knoll,4.5,1.9578900207451215,10,
knot,4.636363636363637,1.433368568981982,11,
knotted,4.727272727272728,1.9021518914592013,11,
know,2.9,2.2335820757001272,10,
knowing,2.8181818181818183,1.5374122295716148,11,
knowledge,2.636363636363636,1.6292775867068985,11,
knowledgeable,3.1818181818181817,2.3587361793206894,11,
known,3.9,1.8529256146249728,10,
knuckle,4.2,1.8135294011647256,10,
koala,3.1818181818181817,1.7215215257545762,11,
kooky,5.545454545454546,2.1616492020508957,11,
kudos,3.5,2.223610677354389,10,
kumquat,2.6,2.0110804171997807,10,
la,4.8,2.5298221281347035,10,
la-di-da,5.9,1.449137674618944,10,
la-la,6.2727272727272725,0.7862453931068965,11,
lab,3.9,2.0789954839350235,10,
label,3.6,2.1186998109427604,10,
labia,2.1,1.1972189997378648,10,
laboratory,3.3,2.1628170930011112,10,
laborer,3.7,1.636391694484477,10,
lace,5.4,1.07496769977314,10,
laceration,3.4545454545454546,1.2933395813657265,11,
lack,2.9,1.449137674618944,10,
lackey,4.076923076923077,1.8912755158683456,13,
lacrosse,1.9,1.1972189997378648,10,
lactate,4.0,2.0,10,
lactose,2.090909090909091,1.9211738835693897,11,
lacy,4.090909090909091,1.9211738835693897,11,
lad,3.909090909090909,2.165850662190053,11,
ladder,4.2,1.5491933384829668,10,
laddie,3.333333333333333,2.348435972120917,12,
ladle,3.6666666666666665,1.8257418583505536,12,
lady,4.555555555555555,1.740051084818425,9,
ladybug,4.5,2.223610677354389,10,
ladylike,4.3,1.766981104093143,10,
lag,3.4,1.577621275493231,10,
lagoon,3.727272727272727,2.053821272209882,11,
laid,3.7857142857142856,1.805060042835628,14,
lair,4.1,2.0248456731316584,10,
lake,2.9,1.7919573407620817,10,
lamb,3.636363636363636,2.013590190318143,11,
lame,4.090909090909091,1.8140862964338524,11,
lament,2.909090909090909,1.9725387425622571,11,
lamentation,3.0,1.61245154965971,11,
laminate,3.8,1.6865480854231356,10,
lamp,4.3,2.1628170930011112,10,
lampshade,4.2,2.2997584414213788,10,
lance,3.8,1.8737959096740264,10,
land,4.0,1.7638342073763935,10,
landed,5.166666666666667,1.7494587907710375,12,
landing,3.615384615384616,2.433737233777904,13,
landlord,4.8,2.440400695696417,10,
landmark,5.363636363636363,1.5666989036012806,11,
landmine,2.5,1.6499158227686108,10,
landscape,4.0,2.4083189157584592,11,
landslide,5.0,2.1447610589527217,11,
lane,4.636363636363637,1.689540012709215,11,
language,3.8181818181818175,1.60113596038449,11,
languish,3.25,1.815338686155987,12,
lank,4.0,2.6666666666666665,10,
lantern,4.090909090909091,1.4459976109624424,11,
lap,4.071428571428571,1.639150141632299,14,
lapel,2.5,1.9513309067639728,14,
lapse,3.909090909090909,1.9211738835693897,11,
larceny,2.363636363636364,1.433368568981982,11,
lard,4.7,2.263232692902394,10,
large,4.5,2.223610677354389,10,
lark,3.1,2.378141197564929,10,
larva,3.5,1.509230856356236,10,
laryngitis,3.363636363636364,1.804035879506129,11,
lasagna,3.333333333333333,2.309401076758503,12,
laser,4.5,1.7837651700316894,12,
lash,5.25,1.815338686155987,12,
lass,3.2,1.398411797560202,10,
lasso,4.8,1.398411797560202,10,
last,3.3,1.888562063228706,10,
lasting,3.5,2.3213980461973533,10,
latch,4.3,1.766981104093143,10,
late,2.583333333333333,1.729862492345632,12,
lately,2.8181818181818183,1.60113596038449,11,
latent,4.230769230769231,1.786703022974913,13,
later,2.6,1.776388345929897,10,
lateral,3.636363636363636,1.8586407545691703,11,
latest,2.4,1.8973665961010275,10,
latex,3.0,1.632993161855452,10,
lather,4.8,0.7888106377466155,10,
latitude,3.636363636363636,1.9116865471476892,11,
latrine,3.642857142857143,2.060886398434602,14,
latte,3.4,2.1705094128132942,10,
latter,3.769230769230769,2.166173513896726,13,
laugh,4.545454545454546,1.9679246105293955,11,
laughable,3.615384615384616,1.192927878405448,13,
laughing,5.3,1.4944341180973264,10,
laughter,4.2,1.9888578520235063,10,
launch,4.454545454545454,1.694912172570388,11,
launcher,3.2,1.2292725943057183,10,
laundry,2.8,1.3165611772087666,10,
lava,4.1,2.64365067451978,10,
lavatory,2.2,1.1352924243950937,10,
lavender,3.636363636363636,1.5015143870590966,11,
lavish,4.1,1.5951314818673863,10,
law,4.7,1.4944341180973264,10,
lawful,3.3,1.946506842754191,10,
lawless,4.181818181818182,1.8877596148970777,11,
lawn,3.9,1.911950719959998,10,
lawsuit,3.1,2.0248456731316584,10,
lawyer,3.9166666666666665,2.4664414311581235,12,
laxative,3.0,1.7888543819998317,11,
lay,3.7,1.0593499054713802,10,
layer,4.9,1.7919573407620817,10,
layering,3.3,1.766981104093143,10,
layout,3.636363636363636,1.9116865471476892,11,
lazy,4.7,2.5407785333546005,10,
leach,4.454545454545454,1.5075567228888185,11,
lead,1.7,0.6749485577105528,10,
leader,3.3846153846153846,2.1809195896250406,13,
leading,4.8,1.2292725943057183,10,
leaf,3.6666666666666665,1.874873733122184,12,
leafy,5.3,1.4181364924121764,10,
league,2.272727272727273,1.7372915179041823,11,
leak,4.6,1.6465452046971292,10,
leakage,3.909090909090909,2.165850662190053,11,
leaky,4.2727272727272725,1.8488325554743508,11,
lean,4.7,2.1628170930011112,10,
leaning,5.3,1.5670212364724212,10,
leap,4.6,1.776388345929897,10,
leapfrog,5.2,1.6865480854231356,10,
learn,2.727272727272727,1.618079669911781,11,
learned,3.363636363636364,2.157439559882375,11,
learner,2.636363636363636,1.6292775867068985,11,
learning,3.5384615384615383,2.2954805094425805,13,
lease,2.0,1.1547005383792517,10,
leash,3.333333333333333,1.8027756377319943,9,
least,2.636363636363636,1.8586407545691703,11,
leather,2.5,1.7795130420052183,10,
leathery,4.3,2.359378449224852,10,
leave,2.9166666666666665,1.378954368902449,12,
leaven,3.1666666666666665,2.0375267241229382,12,
leaves,3.6666666666666665,1.775250729197189,12,
leaving,3.4545454545454546,1.8090680674665816,11,
lecherous,3.4444444444444446,2.185812841434,9,
lecture,3.9,2.4244128727957577,10,
lecturer,3.6,2.221110833194357,10,
led,3.4166666666666665,1.831955405041456,12,
ledge,4.3,2.110818693198342,10,
ledger,2.2,1.2292725943057183,10,
leech,5.454545454545454,1.2933395813657265,11,
leek,4.4,2.6331223544175333,10,
leer,3.5,1.35400640077266,10,
left,3.3076923076923075,1.702185623672077,13,
leg,3.3,2.263232692902394,10,
legacy,3.5,2.3213980461973533,10,
legal,3.4545454545454546,2.46429041972071,11,
legalism,4.1,1.449137674618944,10,
legality,3.0,2.0,10,
legalize,2.5,1.6499158227686108,10,
legend,3.9,1.7919573407620817,10,
legendary,4.1875,1.9397164741270825,16,
legendry,3.6,2.3190036174568114,10,
legging,4.181818181818182,1.7786613965666325,11,
legible,2.9,1.8529256146249728,10,
legion,2.8,1.6865480854231356,10,
legislate,2.4545454545454546,2.339386088854781,11,
legislation,3.2,2.3944379994757297,10,
legislative,2.6,1.577621275493231,10,
legislator,3.909090909090909,1.8140862964338524,11,
legislature,3.4,2.270584848790187,10,
legit,1.6,0.699205898780101,10,
legitimacy,3.1818181818181817,2.0404990476930798,11,
legitimate,3.4545454545454546,1.8635254955935727,11,
legitimation,2.3,1.5670212364724212,10,
legitimatize,3.8,1.8135294011647256,10,
legitimist,3.636363636363636,1.5015143870590966,11,
legitimize,3.25,1.9820624179302295,8,
LEGO,4.8,2.3475755815545347,10,
lei,3.4705882352941178,1.806849712165608,17,
leisure,4.1,1.5951314818673863,10,
leisurely,3.8,1.6193277068654826,10,
lemon,3.0,2.0,10,
lemonade,5.0,1.699673171197595,10,
lend,2.5,1.35400640077266,10,
length,3.0,1.7888543819998317,11,
lengthen,4.363636363636363,1.689540012709215,11,
lengthy,3.0,1.1547005383792517,10,
leniency,3.636363636363636,1.747725795010606,11,
lenient,3.4545454545454546,1.8090680674665816,11,
lens,3.6,1.7126976771553504,10,
lent,3.1,1.5238839267549948,10,
leopard,3.1818181818181817,2.088931871468374,11,
leotard,2.9,1.66332999331662,10,
leper,2.1,1.449137674618944,10,
leprosy,1.9090909090909087,1.513574937328539,11,
Lesbian,3.2,2.3944379994757297,10,
lesion,2.5,1.2692955176439846,10,
less,3.2,1.6865480854231356,10,
lessen,3.6,1.837873166945363,10,
lesson,2.9,1.728840330651992,10,
let,2.0,1.3333333333333333,10,
lethal,4.5,2.3213980461973533,10,
letter,2.7,1.5670212364724212,10,
lettuce,2.5454545454545454,1.752919642404429,11,
leukemia,2.636363636363636,1.9632996344280853,11,
level,4.5,2.0138409955990952,10,
lever,3.857142857142857,1.6574838603294897,14,
leverage,2.9,1.286683937707919,10,
levitate,3.7,2.110818693198342,10,
levity,3.8,1.932183566158592,10,
lewd,4.2,2.201009869229224,10,
liability,3.1,1.66332999331662,10,
liar,3.8125,2.0726392192886185,16,
libel,2.7777777777777777,1.922093765778466,9,
libelous,3.2,2.042407542932745,15,
liberal,3.8,1.8737959096740264,10,
liberalism,3.5454545454545454,2.2962419891481978,11,
liberality,4.2727272727272725,1.7372915179041823,11,
liberalize,3.3,1.8287822299126937,10,
liberally,4.181818181818182,1.5374122295716148,11,
liberate,4.4,2.065591117977289,10,
liberation,4.6,2.1186998109427604,10,
libertarian,3.083333333333333,1.97522534195852,12,
liberty,3.7,1.4944341180973264,10,
libido,3.272727272727273,1.9021518914592013,11,
librarian,2.8,1.8135294011647256,10,
library,3.363636363636364,1.2862913567871994,11,
lice,3.0,1.7888543819998317,11,
licence,2.7,1.946506842754191,10,
license,2.0,0.9428090415820634,10,
lick,5.5,1.9578900207451215,10,
licking,4.5,1.0801234497346437,10,
licorice,2.8,2.043961295567452,10,
lid,4.1,1.911950719959998,10,
lie,4.0,1.1547005383792517,10,
lied,3.0,1.563471919941143,10,
liege,2.466666666666667,1.4074631010979937,15,
lien,2.2,1.2292725943057183,10,
lieu,3.4,2.221110833194357,10,
life,4.181818181818182,2.7136021011998723,11,
lifeboat,3.5,1.7795130420052183,10,
lifeguard,4.142857142857143,2.3157368940873577,14,
lifeless,4.1,2.2335820757001272,10,
lifeline,5.090909090909091,1.5782614139961386,11,
lifer,4.181818181818182,1.7786613965666325,11,
lifetime,5.1,2.4698178070456938,10,
lift,5.090909090909091,1.300349603340998,11,
lifted,5.2,1.398411797560202,10,
ligament,4.384615384615385,1.4455945454184551,13,
light,4.363636363636363,2.248231628312673,11,
lighten,4.181818181818182,1.662418829187267,11,
lighthouse,4.4,2.221110833194357,10,
lighting,4.3,2.213594362117865,10,
lightness,4.916666666666667,1.6764862244009229,12,
lightning,5.1,1.286683937707919,10,
likable,3.5,1.6499158227686108,10,
like,2.6,1.577621275493231,10,
likelihood,3.3,1.4944341180973264,10,
likely,3.4,1.577621275493231,10,
likeness,2.909090909090909,1.5782614139961386,11,
liking,2.7,1.8287822299126937,10,
lilac,3.6,1.837873166945363,10,
lilt,3.333333333333333,2.3868325657594203,12,
lily,3.1,2.282785822435191,10,
Lily,3.5,1.9578900207451215,10,
limb,3.1818181818181817,1.662418829187267,11,
limber,4.2,0.9189365834726816,10,
limbo,3.3,1.946506842754191,10,
lime,3.1,1.5951314818673863,10,
limes,3.5,1.35400640077266,10,
limestone,4.0,2.10818510677892,10,
limey,4.916666666666667,2.0207259421636903,12,
limit,2.7,1.4181364924121764,10,
limitation,3.230769230769231,2.314945865236239,13,
limitative,2.0,1.247219128924647,10,
limited,3.3,1.2516655570345725,10,
limiting,3.8461538461538463,2.1152680620571416,13,
limitless,5.8,0.7888106377466155,10,
limo,4.125,1.8850918886280923,8,
limousine,3.692307692307693,2.1750331562459526,13,
limp,4.642857142857143,2.0232168923292906,14,
line,5.0,2.494438257849294,10,
lineage,4.2,1.8135294011647256,10,
linear,3.769230769230769,1.739436985245808,13,
linen,3.5,1.5811388300841898,10,
liner,3.2,1.1352924243950937,10,
linger,3.8,2.043961295567452,10,
lingerie,3.6,1.2649110640673518,10,
lingo,3.2,1.6193277068654826,10,
linguine,4.363636363636363,2.2033033051637387,11,
linguist,4.2,2.043961295567452,10,
linguistics,3.0,1.4907119849998598,10,
lining,3.363636363636364,1.5666989036012806,11,
link,4.833333333333333,1.19341628287971,12,
linked,3.6,1.8973665961010275,10,
linker,3.615384615384616,1.8045526471705544,13,
links,3.3,1.888562063228706,10,
linoleum,2.9,1.9692073983655909,10,
lint,2.8,1.7511900715418265,10,
lion,3.25,2.6671401094873817,12,
lioness,4.2,1.8737959096740264,10,
lip,4.6,2.1186998109427604,10,
lipping,4.9,0.9944289260117531,10,
lipstick,4.3,2.4517567397911058,10,
liquefy,4.5,1.8408935028645437,10,
liqueur,3.7,1.946506842754191,10,
liquid,4.642857142857143,2.0232168923292906,14,
liquidate,4.181818181818182,1.8877596148970777,11,
liquor,3.0,1.4770978917519928,12,
lisp,6.181818181818182,0.7507571935295483,11,
list,3.4,1.776388345929897,10,
listed,2.6,2.1705094128132942,10,
listen,3.8,1.4757295747452437,10,
Listerine,2.7,1.636391694484477,10,
listing,3.909090909090909,1.7002673586554236,11,
listless,3.5454545454545454,2.504541329810165,11,
literacy,3.2142857142857144,1.7619295117556788,14,
literal,4.0,2.449489742783178,10,
literalism,3.9,2.183269719175042,10,
literality,3.1538461538461537,1.908147174886057,13,
literalize,3.0,1.4142135623730951,10,
literary,3.7,1.3374935098492586,10,
literate,3.9,1.728840330651992,10,
literature,4.2727272727272725,1.7372915179041823,11,
lithium,2.6666666666666665,1.969463855669324,12,
litigator,2.833333333333333,1.5859229221975182,12,
litter,3.8125,1.7594980344783944,16,
little,3.0,2.0548046676563256,10,
live,3.3529411764705883,1.902011319320558,17,
lived,3.9,2.2335820757001272,10,
lively,4.9,2.0248456731316584,10,
liver,3.5,2.3687784005919825,10,
livestock,3.8,2.043961295567452,10,
livid,4.5,2.1213203435596424,10,
living,3.1,2.0248456731316584,10,
lizard,4.818181818181818,1.7215215257545762,11,
llama,3.9,2.2335820757001272,10,
load,2.833333333333333,1.6966991126265962,12,
loaded,4.153846153846154,2.2673829938997163,13,
loader,3.75,2.261335084333227,12,
loaf,4.6,2.0110804171997807,10,
loafer,4.25,1.9128750375000736,12,
loan,2.7857142857142856,1.847183778644646,14,
loath,3.5,1.8408935028645437,10,
loathe,3.8,2.3944379994757297,10,
loathing,3.6666666666666665,1.6696942198734437,12,
loathsome,3.5454545454545454,1.694912172570388,11,
lob,3.1,2.1317702607092643,10,
lobby,3.1,1.66332999331662,10,
lobbyist,3.2,2.440400695696417,10,
lobe,4.4,1.3498971154211057,10,
lobotomy,2.8181818181818183,1.7786613965666325,11,
lobster,2.5,1.8408935028645437,10,
local,4.1,2.0789954839350235,10,
locality,3.2,2.485513584307633,10,
localize,3.7,1.1595018087284057,10,
locate,2.583333333333333,1.5642792899510294,12,
location,3.4,2.3664319132398464,10,
loch,2.5,1.8408935028645437,10,
lock,4.545454545454546,1.9679246105293955,11,
locker,4.25,1.764549903980152,12,
locket,4.3,1.4944341180973264,10,
lockout,4.909090909090909,1.9211738835693897,11,
locksmith,4.0,2.4083189157584592,11,
lockup,4.727272727272728,1.2720777563426766,11,
locomotive,4.5,1.2692955176439846,10,
locust,2.4,1.3498971154211057,10,
lodge,3.1,1.728840330651992,10,
lodged,3.8,1.8135294011647256,10,
lodging,4.3,1.4181364924121764,10,
loft,3.6,2.065591117977289,10,
lofty,4.363636363636363,2.157439559882375,11,
log,3.8,2.14993539954628,10,
logger,4.090909090909091,1.9211738835693897,11,
logic,3.272727272727273,1.489356175728901,11,
logical,3.5,2.068278940998476,10,
logistic,2.2,1.6193277068654826,10,
logistics,3.2,1.8135294011647256,10,
loin,3.2857142857142856,1.8156825980064075,14,
loiter,3.0,1.8856180831641267,10,
loll,4.3,1.888562063228706,10,
lollipop,4.181818181818182,2.1362669223756576,11,
lone,4.454545454545454,1.916436086262016,11,
lonely,5.090909090909091,1.9725387425622571,11,
loner,5.083333333333333,1.5050420310248864,12,
lonesome,4.3,1.70293863659264,10,
long,5.545454545454546,1.8635254955935727,11,
longevity,4.0,1.7888543819998317,11,
longing,4.0,2.160246899469287,10,
longitude,4.1,2.0248456731316584,10,
look,5.6,1.6465452046971292,10,
looker,4.6,1.776388345929897,10,
lookout,4.363636363636363,2.2033033051637387,11,
loom,3.9,1.728840330651992,10,
looming,4.666666666666667,1.4354811251305468,12,
loon,4.090909090909091,2.343268890014352,11,
loony,4.2,2.14993539954628,10,
loop,5.7,1.5670212364724212,10,
loophole,4.0,1.632993161855452,10,
loopy,5.363636363636363,1.1200649331826502,11,
loose,5.090909090909091,1.513574937328539,11,
loosen,4.7,1.4944341180973264,10,
loot,4.545454545454546,1.752919642404429,11,
lord,3.8,1.8737959096740264,10,
lording,3.5,1.834021909257456,12,
lordship,3.8,2.201009869229224,10,
lore,3.7777777777777777,1.986062547968831,9,
lose,4.8,1.6193277068654826,10,
loser,5.1,1.66332999331662,10,
losing,3.7,1.888562063228706,10,
loss,3.3,1.946506842754191,10,
lost,4.8,2.3944379994757297,10,
lot,3.1,1.5238839267549948,10,
lotion,3.9,1.728840330651992,10,
lottery,3.6,1.7126976771553504,10,
lotto,3.2142857142857144,2.0448272986535274,14,
lotus,4.2,2.3944379994757297,10,
loud,5.7,1.8287822299126937,10,
lounge,4.2,1.9888578520235063,10,
lounging,3.0,1.632993161855452,10,
louse,3.0,1.7638342073763935,10,
lousy,4.636363636363637,1.1200649331826502,11,
lovable,5.071428571428571,1.5915297775935682,14,
love,3.8,1.932183566158592,10,
lovebird,4.6,2.065591117977289,10,
loved,4.2,2.440400695696417,10,
loveless,4.1,2.378141197564929,10,
lovely,4.2727272727272725,2.3276988246295565,11,
lover,5.0,1.8257418583505536,10,
lovesick,4.3,1.2516655570345725,10,
loving,3.909090909090909,1.2210278829367869,11,
low,4.8,1.6865480854231356,10,
lower,3.1818181818181817,2.3587361793206894,11,
lowly,3.75,1.4222261679238195,12,
loyal,2.7,2.110818693198342,10,
loyalist,2.909090909090909,1.7002673586554236,11,
loyalty,3.363636363636364,2.248231628312673,11,
lozenge,2.727272727272727,2.2401298663653004,11,
lubricant,4.636363636363637,1.747725795010606,11,
lubricate,4.6,1.6465452046971292,10,
lucid,3.272727272727273,1.9021518914592013,11,
luck,3.363636363636364,2.157439559882375,11,
luckily,3.909090909090909,2.165850662190053,11,
luckless,3.1,2.183269719175042,10,
lucky,4.2727272727272725,1.954016841836789,11,
lucrative,2.8181818181818183,1.4709304414677002,11,
ludicrous,4.1,2.183269719175042,10,
lug,4.6,1.8973665961010275,10,
luggage,4.7,1.5670212364724212,10,
lukewarm,3.363636363636364,1.8586407545691703,11,
lull,4.4,2.0110804171997807,10,
lullaby,4.1,1.5951314818673863,10,
lumber,4.1,1.3703203194062976,10,
lumbering,4.0,1.7638342073763935,10,
lumberjack,4.916666666666667,1.781640374554423,12,
luminous,5.2,1.9888578520235063,10,
lump,4.1,2.4698178070456938,10,
lumpy,5.5,1.6499158227686108,10,
lunacy,2.6,1.776388345929897,10,
lunar,4.083333333333333,1.4433756729740643,12,
lunatic,5.3,1.888562063228706,10,
lunch,3.1,1.8529256146249728,10,
luncheon,2.8,1.6193277068654826,10,
lunchtime,3.7,2.263232692902394,10,
lung,2.9,1.7919573407620817,10,
lunge,5.0,1.7320508075688772,11,
lurch,4.4,2.503331114069145,10,
lure,4.6,1.6465452046971292,10,
lurk,4.4,1.505545305418162,10,
luscious,4.3,2.406010991015812,10,
lush,5.090909090909091,1.3751033019046572,11,
lust,4.333333333333333,1.370688833684684,12,
lustful,4.4,2.1186998109427604,10,
lusty,4.461538461538462,2.183856856396676,13,
lute,3.7,1.766981104093143,10,
luxuriant,2.9166666666666665,1.880924981991251,12,
luxuriate,4.0,2.1320071635561044,12,
luxurious,4.4,1.837873166945363,10,
luxury,4.636363636363637,2.062654952856986,11,
lye,2.636363636363636,2.062654952856986,11,
lying,3.7,1.766981104093143,10,
lymph,3.5454545454545454,1.5075567228888185,11,
lymphoma,2.8,1.7511900715418265,10,
lynch,4.0,1.3333333333333333,10,
lynx,4.0,2.5385910352879693,10,
lyric,3.1,1.5238839267549948,10,
mac,2.8461538461538463,2.230327100305911,13,
macadamia,3.4,2.065591117977289,10,
macarena,3.363636363636364,2.157439559882375,11,
macaroni,3.882352941176471,1.9000773978043783,17,
macaroon,2.4,1.7126976771553504,10,
mace,2.1818181818181817,1.4709304414677002,11,
machete,3.4,2.1186998109427604,10,
machine,3.5,1.8408935028645437,10,
machinery,3.9,2.0248456731316584,10,
mackerel,2.1,1.5951314818673863,10,
mad,4.8,1.9888578520235063,10,
madam,2.8823529411764706,1.4090046549415864,17,
made,2.1,1.5951314818673863,10,
mademoiselle,2.8,1.9888578520235063,10,
madman,4.0,1.6733200530681511,11,
madness,4.3,1.8287822299126937,10,
maestro,3.5,1.8408935028645437,10,
Mafia,3.6666666666666665,1.8257418583505536,12,
magazine,3.363636363636364,2.5796405669289384,11,
maggot,3.4,1.837873166945363,10,
magic,3.6,1.577621275493231,10,
magical,5.0,2.3664319132398464,11,
magician,3.7142857142857135,2.334641182398154,14,
magma,4.3,1.888562063228706,10,
magnanimous,3.727272727272727,2.195035721390843,11,
magnesium,1.7857142857142858,1.1217137594956024,14,
magnet,3.076923076923077,1.7541160386140584,13,
magnetic,5.1,0.8755950357709131,10,
magnetism,3.3,2.263232692902394,10,
magnetize,3.636363636363636,1.804035879506129,11,
magnification,3.8181818181818175,2.088931871468374,11,
magnificence,5.0,1.3416407864998738,11,
magnificent,3.6666666666666665,1.556997888323046,12,
magnify,4.1,2.1317702607092643,10,
magnitude,4.4,1.429840705968481,10,
magnolia,3.6666666666666665,2.103388319888276,12,
magpie,3.727272727272727,2.4936282437809005,11,
mahogany,3.7142857142857135,1.8156825980064075,14,
maid,2.636363636363636,1.804035879506129,11,
maiden,3.727272727272727,2.004540300962248,11,
mail,4.1,2.0248456731316584,10,
mailbox,4.75,2.261335084333227,12,
mailed,3.6666666666666665,1.6143297699232972,12,
mailing,3.4166666666666665,1.5050420310248864,12,
mailman,5.0,1.632993161855452,10,
maim,2.9,1.5951314818673863,10,
main,3.0,1.8856180831641267,10,
mainland,4.2727272727272725,1.954016841836789,11,
mainstream,3.0,2.0,10,
maintain,2.9,1.66332999331662,10,
maintenance,2.8181818181818183,1.5374122295716148,11,
maize,3.1,1.8529256146249728,10,
majestic,3.5,1.9578900207451215,10,
majesty,3.9,1.449137674618944,10,
major,3.8,1.398411797560202,10,
majority,3.6,1.837873166945363,10,
make,3.3846153846153846,2.1809195896250406,13,
maker,3.4,1.7126976771553504,10,
makeshift,4.083333333333333,1.880924981991251,12,
makeup,4.4,2.3190036174568114,10,
making,2.7,2.110818693198342,10,
maladjusted,2.7,2.057506581601462,10,
malady,3.0,2.0548046676563256,10,
malaria,3.0,2.0548046676563256,10,
male,3.636363636363636,2.377928816122437,11,
malfunction,4.083333333333333,2.108783937953269,12,
malice,4.090909090909091,2.0714509627092528,11,
malicious,3.692307692307693,2.0568833780186058,13,
malign,3.6,2.1186998109427604,10,
malignant,3.7,2.1628170930011112,10,
mall,2.6,1.2649110640673518,10,
mallet,4.0,1.632993161855452,10,
malnutrition,4.6,1.6465452046971292,10,
malpractice,3.727272727272727,1.7372915179041823,11,
malt,2.4,1.8973665961010275,10,
malty,4.615384615384615,1.8501559185854912,13,
mama,4.9,1.3703203194062976,10,
mambo,3.8,1.6865480854231356,10,
mamma,4.2,2.250925735484551,10,
mammal,2.5454545454545454,2.018099916438052,11,
mammogram,3.8,1.8737959096740264,10,
mammoth,5.0,1.699673171197595,10,
man,3.923076923076923,1.8009968749527978,13,
manacle,3.6,1.07496769977314,10,
manage,3.636363636363636,1.804035879506129,11,
manageable,2.8,1.6193277068654826,10,
management,2.8181818181818183,1.4709304414677002,11,
manager,3.3,2.4517567397911058,10,
managerial,3.9,1.7919573407620817,10,
manatee,4.4,1.776388345929897,10,
mandarin,3.2,2.14993539954628,10,
mandate,4.25,1.9598237397554636,12,
mandolin,3.0,2.1320071635561044,12,
mane,3.2,2.14993539954628,10,
manger,2.6,1.837873166945363,10,
mangle,5.1,1.911950719959998,10,
mango,2.764705882352941,2.077540967246672,17,
manhandle,5.3,1.8287822299126937,10,
manhole,4.8,2.0976176963403037,10,
manhood,4.7,2.110818693198342,10,
mania,4.0,1.4142135623730951,10,
maniac,4.666666666666667,2.015094553763188,12,
manic,3.9,1.7919573407620817,10,
manicotti,2.647058823529412,1.5788119136944494,17,
manicure,3.111111111111111,1.0540925533894598,9,
manifest,3.8,1.4757295747452437,10,
manifestation,3.8,2.043961295567452,10,
manifesto,4.1,2.0789954839350235,10,
manipulate,3.8181818181818175,1.8877596148970777,11,
manipulation,2.1,1.449137674618944,10,
manipulative,2.4,1.505545305418162,10,
mankind,3.9,1.66332999331662,10,
manly,5.363636363636363,2.157439559882375,11,
manner,3.0,1.247219128924647,10,
mannered,3.5,2.068278940998476,10,
manor,2.1,1.286683937707919,10,
manpower,5.4,2.0110804171997807,10,
mansion,3.3,1.888562063228706,10,
manslaughter,4.466666666666667,1.9591057240729093,15,
mantel,2.1,1.100504934614612,10,
mantis,3.5,2.273030282830976,10,
mantle,2.4,1.505545305418162,10,
manual,2.5,1.2692955176439846,10,
manufacture,3.2,1.932183566158592,10,
manure,4.181818181818182,1.662418829187267,11,
manuscript,3.8181818181818175,1.60113596038449,11,
many,3.3,2.263232692902394,10,
map,3.2,2.485513584307633,10,
maple,2.8,1.3165611772087666,10,
mar,3.5,1.9578900207451215,10,
marathon,2.8181818181818183,2.088931871468374,11,
marble,4.1,2.1317702607092643,10,
march,4.9,1.3703203194062976,10,
mare,1.75,0.9653072991634228,12,
margarine,3.0,1.7638342073763935,10,
Margarita,2.6,2.1186998109427604,10,
margin,3.7,2.5407785333546005,10,
marginal,3.4,1.6465452046971292,10,
marigold,3.0,1.699673171197595,10,
marijuana,3.5,2.592724864350674,10,
marinara,2.5,1.1785113019775793,10,
marine,4.888888888888889,1.964971020425266,9,
marionette,2.7,2.263232692902394,10,
marital,3.5454545454545454,1.6348477827391985,11,
mark,5.1,1.7919573407620817,10,
marked,3.3,1.946506842754191,10,
marker,4.6,1.8973665961010275,10,
market,3.1,1.5238839267549948,10,
marketable,2.8181818181818183,1.7215215257545762,11,
marketing,3.4,1.8973665961010275,10,
marketplace,3.1666666666666665,2.0375267241229382,12,
marking,4.1,1.5238839267549948,10,
markup,4.5,1.5811388300841898,10,
marlin,2.333333333333333,1.8257418583505536,12,
marmalade,2.6,1.505545305418162,10,
maroon,2.4545454545454546,1.5075567228888185,11,
marquee,2.636363636363636,2.377928816122437,11,
marriage,2.5,1.35400640077266,10,
married,3.090909090909091,1.6403990645294488,11,
marrow,3.0,1.1547005383792517,10,
marry,3.7,2.057506581601462,10,
marsh,5.0,1.5811388300841898,13,
marshal,3.5,1.7159383568311668,10,
marshmallow,3.6,2.4129281427805145,10,
mart,2.0,1.0540925533894598,10,
martial,3.1818181818181817,2.315952582337636,11,
martini,3.3,2.263232692902394,10,
martyr,4.4,2.1705094128132942,10,
marvel,4.3,1.4181364924121764,10,
marvelous,3.25,2.050498830661811,12,
Marxism,2.3,1.4181364924121764,10,
mascara,2.1,1.5951314818673863,10,
mascot,3.363636363636364,1.5666989036012806,11,
masculine,3.2,2.14993539954628,10,
mash,6.307692307692308,0.7510676161988108,13,
mashed,5.3,2.311805451253293,10,
mask,5.3,1.766981104093143,10,
masked,3.4,2.270584848790187,10,
masochist,2.3,1.5670212364724212,10,
mason,2.727272727272727,1.348399724926484,11,
masquerade,3.3,2.110818693198342,10,
mass,3.9,1.9692073983655909,10,
massacre,3.727272727272727,1.954016841836789,11,
massage,3.8,1.398411797560202,10,
masseuse,3.4285714285714284,1.988980632395388,14,
massive,5.2,1.8737959096740264,10,
mast,3.5,1.9578900207451215,10,
master,3.9,1.7919573407620817,10,
masterful,3.9,1.9692073983655909,10,
masterly,3.1666666666666665,2.443296332763787,12,
mastermind,3.7,2.263232692902394,10,
masterpiece,4.0,1.954016841836789,12,
mastery,3.8181818181818175,2.3587361793206894,11,
masturbate,3.5,1.7795130420052183,10,
masturbation,3.7,2.213594362117865,10,
mat,4.0,2.309401076758503,10,
match,3.923076923076923,1.5525000516123697,13,
matchbox,4.3,1.946506842754191,10,
matchless,3.5,1.8408935028645437,10,
mate,4.3,2.0027758514399734,10,
material,4.6,1.7126976771553504,10,
materialism,1.9090909090909087,1.513574937328539,11,
materialist,3.4,2.3190036174568114,10,
materialistic,3.5454545454545454,2.1616492020508957,11,
materialize,3.0,1.7320508075688772,11,
maternal,3.615384615384616,1.5021352323976216,13,
maternity,3.2777777777777777,2.444815776905601,18,
math,3.2,2.485513584307633,10,
mathematics,4.0,1.9436506316151,10,
matrimony,2.3,1.5670212364724212,10,
matrix,3.9,2.0248456731316584,10,
matron,2.7,1.3374935098492586,10,
matted,4.625,1.5864005379054391,16,
matter,2.9,2.0789954839350235,10,
mattress,3.8181818181818175,2.227921983292136,11,
mature,3.2,1.3165611772087666,10,
maturity,3.230769230769231,1.535895295576609,13,
maverick,3.7,2.057506581601462,10,
maxi,4.0,2.0976176963403037,11,
maxim,3.8181818181818175,2.4420557658735733,11,
maximize,4.090909090909091,2.0714509627092528,11,
maximum,4.9,2.0789954839350235,10,
may,2.4,1.3498971154211057,10,
maybe,3.4,2.1186998109427604,10,
mayhem,4.8,1.932183566158592,10,
mayo,2.8,1.398411797560202,10,
mayonnaise,2.4,1.1737877907772674,10,
mayor,4.1,2.4698178070456938,10,
maze,4.2727272727272725,2.101947149236112,11,
me,4.9,2.378141197564929,10,
meadow,3.7142857142857135,1.8156825980064075,14,
meager,3.7,1.8287822299126937,10,
meal,3.8181818181818175,2.315952582337636,11,
mean,2.9,1.911950719959998,10,
meander,4.666666666666667,1.6696942198734437,12,
meanie,5.6,1.1737877907772674,10,
meaning,3.3,2.406010991015812,10,
meaningful,4.833333333333333,2.124888588879783,12,
meaningless,3.5,1.9306145983268452,12,
meanness,3.8181818181818175,2.0404990476930798,11,
meant,2.0,1.1547005383792517,10,
meantime,2.1818181818181817,1.0787197799411874,11,
measles,3.1818181818181817,1.662418829187267,11,
measurable,2.909090909090909,1.7580981459830651,11,
measure,3.4166666666666665,1.928651593652148,12,
measured,3.8,2.043961295567452,10,
measureless,2.363636363636364,1.689540012709215,11,
measurement,2.363636363636364,1.8586407545691703,11,
meat,3.1,2.5144029554194813,10,
meatball,4.3,2.110818693198342,10,
meaty,3.727272727272727,2.053821272209882,11,
mechanic,3.727272727272727,1.555050423035156,11,
mechanism,4.2,1.4757295747452437,10,
medal,3.7857142857142856,1.7177163475234931,14,
medallion,4.909090909090909,1.868397465987655,11,
meddlesome,4.214285714285714,1.6723346844167577,14,
media,2.8,1.9888578520235063,10,
median,4.818181818181818,1.7215215257545762,11,
mediate,3.1818181818181817,0.873862897505303,11,
medic,3.636363636363636,1.9632996344280853,11,
medical,4.1,2.7264140062238043,10,
medicate,4.2727272727272725,1.954016841836789,11,
medication,2.75,2.220769727328383,12,
medicinal,4.3,1.636391694484477,10,
medicine,3.909090909090909,2.165850662190053,11,
medieval,3.9,2.282785822435191,10,
mediocre,3.8,2.043961295567452,10,
mediocrity,1.9,0.9944289260117531,10,
meditate,3.4,1.429840705968481,10,
meditation,3.727272727272727,1.954016841836789,11,
meditative,3.272727272727273,1.7939291563999449,11,
medium,3.9,2.1317702607092643,10,
medley,3.7,1.5670212364724212,10,
meek,5.066666666666666,1.3870146083619754,15,
meerkat,3.2,2.3944379994757297,10,
meet,2.8,1.9888578520235063,10,
meeting,4.125,1.8929694486000912,16,
megaphone,5.0,2.211083193570267,10,
melancholy,3.1666666666666665,1.4668044012461754,12,
mellow,5.090909090909091,1.7580981459830651,11,
melodious,4.8,2.0976176963403037,10,
melody,4.6,2.065591117977289,10,
melon,2.9,2.282785822435191,10,
melt,4.75,1.6025547785276542,12,
member,3.4,2.0110804171997807,10,
membership,3.0,2.0548046676563256,10,
membrane,3.2,2.043961295567452,10,
memento,3.2,1.6193277068654826,10,
memo,3.0,2.0,11,
memorabilia,3.8,1.4757295747452437,10,
memorable,4.1,0.9944289260117531,10,
memorize,3.1,1.728840330651992,10,
memory,2.6,1.429840705968481,10,
men,4.3,2.1628170930011112,10,
menace,4.181818181818182,1.9908883353006928,11,
mend,4.2727272727272725,1.618079669911781,11,
mending,3.75,1.9598237397554636,12,
menial,2.2,1.2292725943057183,10,
meningitis,3.0,2.0380986614602725,14,
menopause,3.2,2.3944379994757297,10,
menstrual,3.9,2.330951164939612,10,
mental,3.0,2.449489742783178,10,
mentality,4.0,1.9436506316151,10,
menthol,2.7,1.766981104093143,10,
mention,2.5,1.35400640077266,10,
mentor,3.1,2.4244128727957577,10,
menu,1.5833333333333333,0.996204919895622,12,
meow,5.8,1.5491933384829668,10,
merchandise,3.4545454545454546,1.9679246105293955,11,
merchant,4.0,1.8856180831641267,10,
merciful,5.1,1.100504934614612,10,
merciless,3.4,1.505545305418162,10,
mercy,3.090909090909091,1.7580981459830651,11,
merely,3.0,2.0,11,
merengue,3.090909090909091,2.119176512447486,11,
merge,3.7,1.8287822299126937,10,
merger,3.6,2.065591117977289,10,
merit,2.333333333333333,1.775250729197189,12,
mermaid,3.9,2.1317702607092643,10,
merry,3.4545454545454546,1.8090680674665816,11,
mesh,4.3,1.888562063228706,10,
mesmerize,4.9,1.728840330651992,10,
mess,3.8,1.6865480854231356,10,
message,3.0,1.4142135623730951,10,
messenger,3.6666666666666665,1.874873733122184,12,
Messiah,4.3,1.8287822299126937,10,
messy,4.7,1.888562063228706,10,
met,3.5,1.7795130420052183,10,
metal,3.857142857142857,2.070196678027062,14,
metallic,3.8,1.4757295747452437,10,
metamorphose,3.2,1.8737959096740264,10,
metaphor,3.1,1.8529256146249728,10,
metaphysic,4.545454545454546,2.018099916438052,11,
metaphysical,3.4166666666666665,1.928651593652148,12,
meteor,4.230769230769231,1.8776690404970269,13,
meteorite,3.8,1.9888578520235063,10,
meteorology,4.1,2.5582111805799856,10,
meter,4.7,0.9486832980505138,10,
meth,2.9,2.378141197564929,10,
methadone,2.076923076923077,1.4978617237881953,13,
methamphetamine,3.090909090909091,2.343268890014352,11,
methane,3.5,1.7159383568311668,10,
method,2.6,1.429840705968481,10,
methodical,3.5,2.0138409955990952,10,
methodology,2.571428571428572,1.6035674514745464,14,
meticulous,3.6,1.9550504398153572,10,
metric,3.2,1.4757295747452437,10,
metro,2.7,1.766981104093143,10,
metropolis,2.9,1.5951314818673863,10,
metropolitan,2.1,1.1972189997378648,10,
mew,6.2727272727272725,1.489356175728901,11,
mice,3.5,1.6499158227686108,10,
microphone,3.0,2.309401076758503,10,
microscope,4.1,2.2335820757001272,10,
microsecond,3.8,1.8135294011647256,10,
microwave,3.0,1.8973665961010275,11,
midday,3.5,2.6352313834736494,10,
middle,5.090909090909091,1.6403990645294488,11,
middleman,4.7,2.0027758514399734,10,
midget,3.2,1.6865480854231356,10,
midnight,3.9,2.1317702607092643,10,
midpoint,3.8,1.4757295747452437,10,
midst,3.7,1.70293863659264,10,
midsummer,3.636363636363636,1.5666989036012806,11,
midweek,4.2,2.485513584307633,10,
midwife,2.9,2.0789954839350235,10,
miff,4.3,2.1628170930011112,10,
might,3.636363636363636,2.2033033051637387,11,
mighty,4.727272727272728,1.954016841836789,11,
migraine,4.2727272727272725,1.8488325554743508,11,
migrate,2.6,1.577621275493231,10,
mike,2.1818181818181817,1.662418829187267,11,
mild,4.454545454545454,1.8635254955935727,11,
mildew,4.5,1.90029237516523,10,
mile,3.0,1.8856180831641267,10,
mileage,3.909090909090909,1.9211738835693897,11,
Miles,3.1818181818181817,1.3280197150781925,11,
milestone,5.363636363636363,1.5015143870590966,11,
militant,4.0,2.04939015319192,11,
military,3.4166666666666665,1.729862492345632,12,
milk,5.090909090909091,1.3751033019046572,11,
milkmaid,4.2727272727272725,2.5334130768948477,11,
milky,4.909090909090909,1.868397465987655,11,
mill,3.6,1.9550504398153572,10,
millimeter,4.090909090909091,2.256304299271065,11,
million,3.5,2.1213203435596424,10,
millionaire,4.3,2.1628170930011112,10,
millionth,3.9,2.1317702607092643,10,
millipede,3.1,1.66332999331662,10,
mime,4.454545454545454,1.8090680674665816,11,
mimic,3.5454545454545454,1.694912172570388,11,
mimosa,3.4,2.0110804171997807,10,
mince,4.0,2.0548046676563256,10,
mind,3.8,2.043961295567452,10,
minded,4.2,1.6193277068654826,10,
mindful,3.75,2.179449471770337,12,
mindless,3.090909090909091,2.0225995873897262,11,
mine,3.8,2.2997584414213788,10,
miner,3.7,0.9486832980505138,10,
mineral,2.727272727272727,1.8488325554743508,11,
mingle,4.9,1.286683937707919,10,
mini,5.923076923076923,1.6563785025137654,13,
miniature,4.3,1.636391694484477,10,
minimal,2.9,1.1972189997378648,10,
minimize,4.555555555555555,2.650995620097811,9,
minimum,3.8333333333333335,1.8504708655481243,12,
mining,3.1,1.728840330651992,10,
minion,4.6,2.270584848790187,10,
minister,2.909090909090909,1.9211738835693897,11,
ministry,2.7,2.057506581601462,10,
mink,3.3,1.70293863659264,10,
minnow,3.6,1.776388345929897,10,
minor,4.090909090909091,1.9725387425622571,11,
minority,2.272727272727273,1.555050423035156,11,
mint,3.272727272727273,2.2401298663653004,11,
minty,5.363636363636363,1.5015143870590966,11,
minus,3.9166666666666665,1.5642792899510294,12,
minuscule,4.2,2.250925735484551,10,
minute,4.1,2.5144029554194813,10,
minutely,3.5454545454545454,1.6348477827391985,11,
minx,3.4,1.7126976771553504,10,
miracle,4.0,1.7638342073763935,10,
miraculous,4.2,2.043961295567452,10,
mirage,4.538461538461538,2.183856856396676,13,
mirror,4.1,1.9692073983655909,10,
misadventure,4.0,2.0548046676563256,10,
misadvise,3.8,1.932183566158592,10,
misapprehension,3.4,1.9550504398153572,10,
misappropriate,2.6,1.6465452046971292,10,
misbehave,3.2,1.6193277068654826,10,
misbehavior,3.5,1.6499158227686108,10,
misbelieve,3.4,1.9550504398153572,10,
miscalculate,3.727272727272727,2.004540300962248,11,
miscarriage,2.5454545454545454,2.114882330704777,11,
miscellaneous,3.615384615384616,2.0223114472661203,13,
mischief,4.4,1.429840705968481,10,
mischievous,4.545454545454546,1.752919642404429,11,
misconceive,3.636363636363636,2.4605985967941733,11,
misconception,2.4,1.3498971154211057,10,
misconduct,3.6,1.837873166945363,10,
misconstrue,2.909090909090909,1.7580981459830651,11,
misdemeanor,3.6,2.4129281427805145,10,
misdirect,3.1,1.5238839267549948,10,
misdirection,3.5,2.15322168769582,12,
misemploy,2.2,1.4757295747452437,10,
miser,4.6,1.776388345929897,10,
miserable,3.909090909090909,1.4459976109624424,11,
misery,3.6,1.7126976771553504,10,
misfire,3.8181818181818175,1.834021909257456,11,
misfit,4.666666666666667,1.3026778945578592,12,
misfortune,3.2,1.6193277068654826,10,
misgovern,2.8181818181818183,1.7215215257545762,11,
misguide,4.5,1.9578900207451215,10,
misguided,4.363636363636363,2.1105794120443453,11,
mishap,3.8,1.2292725943057183,10,
mishmash,5.384615384615385,1.7577666482623882,13,
misimpression,2.4,1.577621275493231,10,
misinform,3.7,2.057506581601462,10,
misinterpret,3.7,1.70293863659264,10,
misjudge,3.4545454545454546,2.018099916438052,11,
mislead,3.6,1.837873166945363,10,
misleading,4.4,2.1186998109427604,10,
mismanage,3.692307692307693,1.8432134703923733,13,
mismatch,5.8,1.8135294011647256,10,
misperceive,3.5,1.4337208778404378,10,
misplace,4.166666666666667,2.0816659994661326,12,
misread,3.272727272727273,1.9021518914592013,11,
misrepresent,2.6,1.3498971154211057,10,
miss,4.7,1.4181364924121764,10,
missile,3.083333333333333,2.108783937953269,12,
missing,3.4545454545454546,2.114882330704777,11,
mission,2.3,1.2516655570345725,10,
missionary,2.7,1.2516655570345725,10,
missy,4.3,1.4944341180973264,10,
mist,5.4,1.577621275493231,10,
mistakable,3.3,1.888562063228706,10,
mistake,2.1,1.449137674618944,10,
mistaken,2.5,2.223610677354389,10,
mister,3.0,1.4142135623730951,10,
mistletoe,2.9,2.0248456731316584,10,
mistook,3.0,1.8856180831641267,10,
mistress,3.090909090909091,1.5782614139961386,11,
mistrust,4.1,1.5238839267549948,10,
mistrustful,2.8181818181818183,1.9908883353006928,11,
misty,5.090909090909091,1.044465935734187,11,
misunderstand,3.5,2.195035721390843,12,
misunderstanding,2.75,1.4222261679238195,12,
misunderstood,3.6,1.577621275493231,10,
misusage,2.8,1.398411797560202,10,
misuse,4.0,2.0548046676563256,10,
mite,2.7,0.9486832980505138,10,
mitt,2.9,1.66332999331662,10,
mitten,3.2,1.7511900715418265,10,
mix,5.1,1.100504934614612,10,
mixed,3.8,1.8737959096740264,10,
mixer,4.5,1.9578900207451215,10,
mixture,4.0,2.211083193570267,10,
moan,6.0,0.9428090415820634,10,
moat,3.923076923076923,1.6563785025137654,13,
mob,5.0,1.563471919941143,10,
mobile,3.8,2.043961295567452,10,
mobility,3.3846153846153846,1.7577666482623882,13,
mobster,4.636363636363637,1.3618169680781094,11,
moccasin,2.4,1.1737877907772674,10,
mocha,3.5454545454545454,1.6348477827391985,11,
mock,3.636363636363636,1.433368568981982,11,
mockery,4.545454545454546,2.018099916438052,11,
mod,2.4,1.1737877907772674,10,
mode,2.8,1.9888578520235063,10,
model,3.2,1.9888578520235063,10,
modeling,3.9166666666666665,2.151461800448216,12,
modem,2.5,1.7320508075688772,12,
moderate,3.6,1.577621275493231,10,
modern,3.0,1.7638342073763935,10,
modernism,3.5,2.173067468400883,10,
modernist,2.142857142857143,1.5118578920369088,14,
modest,2.727272727272727,1.489356175728901,11,
modesty,4.6,1.07496769977314,10,
modification,3.333333333333333,1.556997888323046,12,
modifier,3.6,1.837873166945363,10,
modify,3.0,2.10818510677892,10,
modular,3.4,1.776388345929897,10,
modularity,1.5833333333333333,0.6685579234215214,12,
module,3.363636363636364,2.248231628312673,11,
moist,4.363636363636363,2.062654952856986,11,
moisten,5.363636363636363,1.747725795010606,11,
moisture,4.916666666666667,2.314316444667973,12,
moisturizer,5.0,1.4142135623730951,12,
molar,2.2,1.6193277068654826,10,
molasses,3.8,1.6865480854231356,10,
mold,3.5,2.223610677354389,10,
molder,4.636363636363637,1.433368568981982,11,
moldy,3.8,1.932183566158592,10,
mole,3.272727272727273,2.2401298663653004,11,
molecular,4.0,2.309401076758503,10,
molecule,3.1818181818181817,1.7215215257545762,11,
molest,2.5,1.509230856356236,10,
mollusk,3.7,2.359378449224852,10,
molt,3.75,1.61245154965971,16,
mom,4.909090909090909,2.256304299271065,11,
moment,2.9,1.66332999331662,10,
momentary,4.142857142857143,2.2138425646596693,14,
momentous,4.2,2.201009869229224,10,
momentum,3.111111111111111,1.69148192751537,9,
momma,5.090909090909091,2.0225995873897262,11,
mommy,5.1,2.0248456731316584,10,
monarch,3.8333333333333335,1.9462473604038075,12,
monarchical,3.3,2.110818693198342,10,
monarchy,3.4,2.270584848790187,10,
monastery,2.8181818181818183,1.1677484162422844,11,
Monday,3.5,2.718251071716682,10,
monetary,3.8,1.8737959096740264,10,
money,2.7,1.4944341180973264,10,
mongoose,3.333333333333333,1.6696942198734437,12,
mongrel,3.769230769230769,1.786703022974913,13,
monitor,3.3,2.263232692902394,10,
monk,3.7,1.946506842754191,10,
monkey,4.090909090909091,2.0714509627092528,11,
mono,4.7,1.636391694484477,10,
monogamous,3.0,1.563471919941143,10,
monogamy,2.4,1.1737877907772674,10,
monogram,3.2,2.250925735484551,10,
monologue,4.4,1.9550504398153572,10,
monorail,4.333333333333333,1.8257418583505536,12,
monotone,4.818181818181818,1.5374122295716148,11,
monotonous,3.3,2.1628170930011112,10,
monotony,4.363636363636363,2.4605985967941733,11,
monoxide,3.090909090909091,1.7002673586554236,11,
monsoon,3.769230769230769,1.640825308284734,13,
monster,2.7,2.0027758514399734,10,
monstrous,4.2,1.932183566158592,10,
montage,3.0,1.5491933384829668,11,
month,2.5454545454545454,1.572490786213793,11,
monthly,2.9,1.7919573407620817,10,
monument,3.1,1.911950719959998,10,
monumental,4.181818181818182,2.0404990476930798,11,
moo,6.2,1.1352924243950937,10,
mooch,5.6,1.6465452046971292,10,
mood,2.8,2.440400695696417,10,
moody,5.3,1.636391694484477,10,
moon,3.3,1.8287822299126937,10,
moonlight,5.6,1.6465452046971292,10,
moonshine,3.6,1.8973665961010275,10,
moose,3.272727272727273,2.3276988246295565,11,
moot,3.615384615384616,2.103111248383433,13,
mop,4.666666666666667,1.7320508075688772,9,
mope,3.9166666666666665,2.6443192398846707,12,
moped,3.7,1.766981104093143,10,
moral,3.0,1.4142135623730951,10,
morale,3.2,1.8737959096740264,10,
moralist,2.833333333333333,1.80067327475704,12,
morality,3.0,1.632993161855452,10,
moralize,3.0,1.7638342073763935,10,
morally,2.583333333333333,1.880924981991251,12,
morbid,2.9,1.5951314818673863,10,
more,2.9,2.5582111805799856,10,
morgue,3.5,2.068278940998476,10,
morn,3.1,1.911950719959998,10,
morning,4.0,1.8257418583505536,10,
moron,4.666666666666667,1.370688833684684,12,
morphine,3.0,2.32379000772445,11,
morsel,3.25,1.9598237397554636,12,
mortal,2.8,1.3165611772087666,10,
mortality,3.7,2.213594362117865,10,
mortar,2.9,1.66332999331662,10,
mortgage,2.5,1.6499158227686108,10,
mortician,3.1,2.183269719175042,10,
mortify,3.909090909090909,2.0714509627092528,11,
mortuary,4.0,1.699673171197595,10,
mosaic,3.6,1.7126976771553504,10,
mosey,4.785714285714286,1.7177163475234931,14,
mosque,3.363636363636364,1.6292775867068985,11,
mosquito,2.8,1.8135294011647256,10,
moss,3.6,1.577621275493231,10,
most,3.5,2.422120283277993,16,
motel,3.4166666666666665,1.97522534195852,12,
moth,3.909090909090909,1.044465935734187,11,
mothball,3.7,2.311805451253293,10,
mother,4.181818181818182,2.1362669223756576,11,
motherhood,3.2,1.9888578520235063,10,
motherland,4.727272727272728,1.954016841836789,11,
motherless,3.2,2.485513584307633,10,
motherly,5.9,1.100504934614612,10,
motif,4.0,2.160246899469287,10,
motion,4.1,2.282785822435191,10,
motionless,4.75,1.815338686155987,12,
motivate,4.4,2.1186998109427604,10,
motivation,3.1,1.66332999331662,10,
motive,2.7,1.8287822299126937,10,
motley,2.909090909090909,1.6403990645294488,11,
motor,4.818181818181818,1.4709304414677002,11,
motorbike,4.7,1.3374935098492586,10,
motorboat,5.0,2.211083193570267,10,
motorcycle,4.0,2.3570226039551585,10,
motoring,3.2,1.3165611772087666,10,
motorist,4.363636363636363,1.433368568981982,11,
mottled,3.25,1.5447859516333116,12,
motto,3.3,1.636391694484477,10,
mound,4.0,1.8257418583505536,10,
mount,5.5,1.9771421064483223,12,
mountain,3.5,2.0138409955990952,10,
mountainside,4.3,2.263232692902394,10,
mounted,3.9,2.0789954839350235,10,
mounting,4.2727272727272725,2.053821272209882,11,
mourn,3.928571428571429,1.6854255666327542,14,
mournful,4.5,1.7795130420052183,10,
mourning,5.2,1.3165611772087666,10,
mouse,4.583333333333333,1.6213537179739277,12,
mousse,3.8,2.3944379994757297,10,
moustache,3.7,2.406010991015812,10,
mousy,4.7,2.057506581601462,10,
mouth,3.4,2.4129281427805145,10,
mouthful,4.3,1.636391694484477,10,
mouthing,4.7,1.888562063228706,10,
mouthpiece,3.1818181818181817,2.3587361793206894,11,
mouthwash,3.6,2.1186998109427604,10,
move,4.333333333333333,1.775250729197189,12,
moveable,4.6923076923076925,1.6525039276108335,13,
movement,3.6,2.065591117977289,10,
mover,3.6,1.577621275493231,10,
movie,3.0,2.0548046676563256,10,
moving,3.923076923076923,2.1779783615981456,13,
mow,3.5,2.3213980461973533,10,
mower,3.3,1.636391694484477,10,
mozzarella,2.7,1.3374935098492586,10,
much,2.8,1.7511900715418265,10,
muck,5.384615384615385,1.894661866862684,13,
mucous,4.090909090909091,2.0714509627092528,11,
mucus,3.769230769230769,2.1273554065179203,13,
mud,4.8,1.7511900715418265,10,
muddle,5.454545454545454,1.2135597524338355,11,
muddy,4.5,1.7795130420052183,10,
muff,4.846153846153846,2.154303980645638,13,
muffin,3.5454545454545454,2.504541329810165,11,
muffle,4.3,2.1628170930011112,10,
muffler,5.384615384615385,1.2608503439122305,13,
mug,3.2,1.4757295747452437,10,
mugger,4.2727272727272725,2.3276988246295565,11,
muggy,6.1,0.9944289260117531,10,
mulch,4.2,1.3165611772087666,10,
mule,3.5,0.97182531580755,10,
mullet,3.2,2.14993539954628,10,
multimedia,5.0,2.256304299271065,12,
multiple,3.8,1.8737959096740264,10,
multiplex,4.266666666666667,2.1865389045137937,15,
multiply,3.6,1.7126976771553504,10,
multivitamin,4.2,2.043961295567452,10,
mum,5.428571428571429,1.696797241605749,14,
mumble,5.090909090909091,1.5782614139961386,11,
mummy,5.1,2.4698178070456938,10,
mump,5.0,1.591644851508443,16,
mumps,5.1,1.5951314818673863,10,
munch,6.6,0.5163977794943222,10,
munchkin,5.3,1.766981104093143,10,
mundane,2.5,1.0801234497346437,10,
municipal,2.909090909090909,1.9211738835693897,11,
muppet,5.545454545454546,0.9341987329938276,11,
mural,3.6,1.837873166945363,10,
murder,3.4,2.270584848790187,10,
murderer,3.5,1.7159383568311668,10,
murderess,2.7,1.4944341180973264,10,
murderous,4.5,1.7159383568311668,10,
murk,5.7,1.70293863659264,10,
murky,4.818181818181818,1.5374122295716148,11,
murmur,5.5,2.0225995873897262,12,
muscle,3.7,2.057506581601462,10,
muscular,4.0,2.174229226018436,12,
muse,4.583333333333333,1.6764862244009229,12,
museum,3.4545454545454546,2.423371055519,11,
mush,5.9,1.8529256146249728,10,
mushroom,4.166666666666667,1.9462473604038075,12,
mushy,5.727272727272728,1.2720777563426766,11,
music,3.9,2.1317702607092643,10,
musical,4.8,1.6193277068654826,10,
musician,4.0,2.309401076758503,10,
musk,5.0,1.8856180831641267,10,
musket,3.272727272727273,1.555050423035156,11,
musky,4.416666666666667,1.6213537179739277,12,
muss,4.538461538461538,1.941450686788302,13,
mussel,3.5454545454545454,1.8090680674665816,11,
must,2.9,2.0248456731316584,10,
mustache,3.9,1.66332999331662,10,
mustang,3.6,2.1186998109427604,10,
mustard,3.909090909090909,2.256304299271065,11,
muster,3.0,1.632993161855452,10,
musty,5.166666666666667,0.8348471099367218,12,
mutant,3.6666666666666665,1.969463855669324,12,
mutate,3.5384615384615383,1.5607361839521232,13,
mute,4.3,2.1628170930011112,10,
muted,4.083333333333333,1.5642792899510294,12,
mutilate,4.2,1.7511900715418265,10,
mutinous,3.076923076923077,1.605279750362247,13,
mutt,3.3,1.8287822299126937,10,
mutter,5.0,2.0,10,
mutual,3.4,1.6465452046971292,10,
mutuality,3.3,2.311805451253293,10,
muzzle,5.0,2.0548046676563256,10,
mwah,5.8,1.8737959096740264,10,
my,3.5,2.4308621740219887,12,
myself,3.8181818181818175,1.834021909257456,11,
mysterious,4.5,1.9578900207451215,10,
mystery,4.2,1.9888578520235063,10,
mystic,4.3,1.8287822299126937,10,
mystical,5.5,1.6499158227686108,10,
mystify,4.0,2.3570226039551585,10,
mystique,4.181818181818182,1.8877596148970777,11,
myth,2.5454545454545454,1.3684762594679063,11,
mythical,4.7,2.110818693198342,10,
nab,5.0,1.4142135623730951,10,
nacho,2.7,1.766981104093143,10,
nag,5.4,1.9550504398153572,10,
nail,4.6,2.1705094128132942,10,
naive,2.642857142857143,1.15072838853303,14,
naivety,3.1,1.3703203194062976,10,
naked,4.0,2.3664319132398464,11,
name,2.727272727272727,1.348399724926484,11,
nameless,4.3,1.636391694484477,10,
namely,3.4375,2.1281838892977896,16,
namesake,2.1818181818181817,1.4012980994907414,11,
nanny,4.0,1.61245154965971,11,
nap,3.0,1.8856180831641267,10,
napkin,3.1,1.911950719959998,10,
nappy,4.454545454545454,2.0670576365276494,11,
narcissism,2.7,2.213594362117865,10,
narcissist,3.636363636363636,1.9632996344280853,11,
narcissistic,2.727272727272727,1.7939291563999449,11,
narcotic,3.6,1.9550504398153572,10,
narrate,3.4166666666666665,1.6213537179739277,12,
narration,2.909090909090909,2.0225995873897262,11,
narrative,4.1,2.330951164939612,10,
narrator,5.0,1.632993161855452,10,
narrow,3.8,1.6865480854231356,10,
nasal,4.454545454545454,1.8635254955935727,11,
nasty,4.181818181818182,2.0404990476930798,11,
nation,3.272727272727273,2.2401298663653004,11,
national,3.3,2.213594362117865,10,
nationalism,3.5,1.35400640077266,10,
nationalist,4.7,2.1628170930011112,10,
nationalize,2.4545454545454546,1.2933395813657265,11,
nationwide,4.363636363636363,2.1105794120443453,11,
native,2.9,1.286683937707919,10,
nativity,2.8,0.9189365834726816,10,
natural,3.333333333333333,1.6143297699232972,12,
naturalistic,2.727272727272727,1.618079669911781,11,
naturalize,3.2,2.043961295567452,10,
naturally,3.2,1.7511900715418265,10,
nature,3.8,2.2997584414213788,10,
naughty,4.727272727272728,1.954016841836789,11,
nausea,4.2,1.6193277068654826,10,
nauseate,4.090909090909091,2.119176512447486,11,
nauseating,4.0,2.581988897471611,10,
nauseous,5.0,1.0540925533894598,10,
nautical,3.0,1.9436506316151,10,
naval,3.2,1.9888578520235063,10,
navel,2.8,1.8737959096740264,10,
navigate,3.8181818181818175,2.0404990476930798,11,
navy,3.7,2.0027758514399734,10,
nay,5.0,1.699673171197595,10,
near,4.1,1.66332999331662,10,
nearly,4.7,1.70293863659264,10,
neat,4.3,1.946506842754191,10,
neaten,4.090909090909091,1.6403990645294488,11,
nebula,4.363636363636363,1.804035879506129,11,
necessarily,2.6,1.429840705968481,10,
necessary,2.6,1.6465452046971292,10,
necessitate,3.6,1.776388345929897,10,
necessity,3.5454545454545454,1.752919642404429,11,
neck,2.6,1.577621275493231,10,
necking,4.25,1.815338686155987,12,
necklace,3.1,2.183269719175042,10,
neckline,3.727272727272727,1.7372915179041823,11,
necktie,3.5,2.41522945769824,10,
nectar,4.1,2.183269719175042,10,
nectarine,3.4615384615384617,1.713446070320696,13,
need,4.2,1.9888578520235063,10,
neediness,4.5,1.5063966175050876,14,
needle,3.7,1.70293863659264,10,
needlepoint,5.0,2.10818510677892,10,
Needles,4.727272727272728,1.8488325554743508,11,
needless,3.6,1.8973665961010275,10,
needlework,4.4,1.7126976771553504,10,
needs,3.5,2.3213980461973533,10,
needy,3.4545454545454546,1.5075567228888185,11,
negative,4.083333333333333,1.378954368902449,12,
neglect,4.4,2.221110833194357,10,
negligence,3.272727272727273,1.8488325554743508,11,
negligent,3.4,2.3664319132398464,10,
negligible,2.0,1.1547005383792517,10,
negotiable,2.909090909090909,1.7580981459830651,11,
negotiate,2.0,1.247219128924647,10,
Negro,4.0,2.29128784747792,9,
neigh,3.9,2.1317702607092643,10,
neighbor,3.3,1.5670212364724212,10,
neighborhood,4.545454545454546,1.916436086262016,11,
neither,2.5,1.35400640077266,10,
nemesis,3.2,2.14993539954628,10,
neoclassic,2.7,1.3374935098492586,10,
neoconservatism,2.142857142857143,1.5118578920369088,14,
neoliberalism,2.9,2.1317702607092643,10,
neon,5.5,1.087114613009218,12,
nephew,3.5,2.3213980461973533,10,
nerve,3.6,1.7126976771553504,10,
nervous,4.1,1.5951314818673863,10,
nest,4.4,1.776388345929897,10,
nestle,5.090909090909091,2.0225995873897262,11,
net,4.0,2.23606797749979,11,
netting,4.538461538461538,1.6641005886756874,13,
nettle,4.4,1.776388345929897,10,
network,3.8,1.6193277068654826,10,
neuron,3.5,2.1213203435596424,10,
neurosis,2.727272727272727,2.101947149236112,11,
neurotic,4.5,2.0225995873897262,12,
neuter,2.9,1.100504934614612,10,
neutral,4.1,2.4698178070456938,10,
neutralism,2.1,1.5238839267549948,10,
neutrality,4.2727272727272725,2.3276988246295565,11,
neutralize,3.363636363636364,1.8586407545691703,11,
neutron,3.1818181818181817,2.088931871468374,11,
never,2.5,1.8408935028645437,10,
new,3.5,1.5811388300841898,10,
newborn,4.1,2.4244128727957577,10,
newish,4.153846153846154,1.9935794376846323,13,
news,4.3,2.213594362117865,10,
newt,3.6,1.505545305418162,10,
next,3.1,1.9692073983655909,10,
nexus,3.090909090909091,1.7002673586554236,11,
nibble,6.181818181818182,0.873862897505303,11,
nice,3.9,2.1317702607092643,10,
niche,3.5454545454545454,1.916436086262016,11,
nick,5.0,2.449489742783178,10,
nickel,3.0,1.7888543819998317,11,
nicker,2.75,1.712255291076124,12,
nickname,4.2,1.5491933384829668,10,
nicotine,3.272727272727273,1.9021518914592013,11,
niece,3.7,1.766981104093143,10,
nifty,3.6,2.221110833194357,10,
nigger,3.25,2.3011854652449344,12,
night,4.545454545454546,1.752919642404429,11,
nightcap,4.0,1.2649110640673518,11,
nightclub,4.333333333333333,2.3868325657594203,12,
nightfall,4.8,1.4757295747452437,10,
nightgown,5.384615384615385,1.938146087479026,13,
nightingale,4.166666666666667,2.0375267241229382,12,
nightly,3.7777777777777777,1.986062547968831,9,
nightmare,5.0,2.211083193570267,10,
nightmarish,3.5,2.068278940998476,10,
nights,3.0,2.0,10,
nimble,3.8,1.8737959096740264,10,
Nimrod,3.6,2.270584848790187,10,
nine,3.9,2.183269719175042,10,
ninety,3.2,2.2997584414213788,10,
ninny,2.4545454545454546,1.916436086262016,11,
Nintendo,3.5,2.173067468400883,10,
ninth,2.7,1.8287822299126937,10,
nip,4.909090909090909,1.8140862964338524,11,
nipper,4.571428571428571,1.650840611711114,14,
nipple,4.0,1.7320508075688772,17,
nirvana,3.363636363636364,1.9116865471476892,11,
nitrate,2.5,1.2692955176439846,10,
nitrogen,2.636363636363636,1.689540012709215,11,
nitwit,4.454545454545454,2.0670576365276494,11,
nix,3.733333333333333,1.98086080374405,15,
no,4.2,2.2997584414213788,10,
nobility,4.0,2.3570226039551585,10,
noble,3.9,1.66332999331662,10,
nobleman,4.2,2.5298221281347035,10,
nod,5.2,1.7511900715418265,10,
node,3.7142857142857135,1.5898026693500449,14,
noggin,4.181818181818182,2.522624895547565,11,
noise,3.692307692307693,1.702185623672077,13,
noiseless,5.2,1.6865480854231356,10,
noisy,4.916666666666667,1.6213537179739277,12,
nomad,3.7,1.766981104093143,10,
nominally,2.3,1.5670212364724212,10,
nominate,2.3,1.5670212364724212,10,
nominative,3.5,1.7159383568311668,10,
none,4.4,1.9550504398153572,10,
noodle,5.818181818181818,1.5374122295716148,11,
nook,4.545454545454546,1.6348477827391985,11,
noon,3.5454545454545454,2.0670576365276494,11,
noose,3.8,2.3944379994757297,10,
nor,3.5,2.223610677354389,10,
norm,3.636363636363636,2.062654952856986,11,
normal,4.363636363636363,2.013590190318143,11,
normalcy,2.5,1.5811388300841898,10,
normalize,4.4,1.8973665961010275,10,
normally,3.4545454545454546,2.339386088854781,11,
north,3.727272727272727,1.8488325554743508,11,
northeast,4.2,1.6193277068654826,10,
northern,2.5,1.509230856356236,10,
northwest,4.1,2.0789954839350235,10,
nose,3.3,2.110818693198342,10,
nosebleed,4.6,2.3190036174568114,10,
nostalgia,3.25,2.5628464289109907,12,
nostalgic,3.1666666666666665,2.0816659994661326,12,
nostril,4.2,1.4757295747452437,10,
nosy,4.2,2.043961295567452,10,
not,2.9166666666666665,2.391588796113782,12,
notable,3.6,1.8973665961010275,10,
notation,3.4545454545454546,1.8635254955935727,11,
notch,5.0,1.699673171197595,10,
note,2.7,1.946506842754191,10,
notebook,3.7,2.5407785333546005,10,
noted,3.75,2.3011854652449344,12,
nothing,3.6,2.3190036174568114,10,
nothingness,3.583333333333333,2.3532698077098573,12,
notice,3.4,2.065591117977289,10,
noticeable,3.363636363636364,1.747725795010606,11,
notify,2.090909090909091,0.9438798074485388,11,
notion,2.8181818181818183,1.3280197150781925,11,
notorious,4.230769230769231,1.2351684199496948,13,
noun,3.272727272727273,2.4936282437809005,11,
nourish,4.4,1.776388345929897,10,
nourishment,3.1,1.728840330651992,10,
novel,3.090909090909091,1.2210278829367869,11,
novelist,2.727272727272727,1.7372915179041823,11,
novelistic,3.0,1.5374122295716148,12,
novelty,3.2142857142857144,1.4769288003552106,14,
November,3.4545454545454546,2.583162262175428,11,
novice,3.0,1.7638342073763935,10,
now,5.2,1.4757295747452437,10,
nozzle,5.2,1.398411797560202,10,
nuance,3.3,1.8287822299126937,10,
nuclear,4.769230769230769,2.1273554065179203,13,
nucleus,2.4,1.7126976771553504,10,
nude,3.8,2.2997584414213788,10,
nudge,4.545454545454546,2.018099916438052,11,
nudism,4.2,2.780887148615228,10,
nudity,3.5,1.90029237516523,10,
nugget,5.181818181818182,1.1677484162422844,11,
nuisance,3.5,1.509230856356236,10,
nuke,5.444444444444445,1.2360330811826103,9,
null,5.6,1.837873166945363,10,
numb,4.6,1.837873166945363,10,
number,4.4,1.776388345929897,10,
numerous,3.5294117647058822,2.095162495453024,17,
nun,3.076923076923077,2.139374459257443,13,
nurse,4.8,1.5491933384829668,10,
nursery,3.5454545454545454,1.916436086262016,11,
nurture,4.0,1.8257418583505536,10,
nut,4.1,2.0789954839350235,10,
nutmeg,2.8181818181818183,1.662418829187267,11,
nutrient,2.9,1.7919573407620817,10,
nutrition,3.4545454545454546,2.2962419891481978,11,
nutritious,2.5,2.0138409955990952,10,
nuts,5.0,1.8257418583505536,10,
nutshell,4.3,2.0027758514399734,10,
nutty,5.1,1.728840330651992,10,
nuzzle,5.4,1.9550504398153572,10,
nylon,2.7,1.8287822299126937,10,
nymph,4.3,2.406010991015812,10,
oaf,4.454545454545454,2.2522715805886446,11,
oak,3.3,2.110818693198342,10,
oar,3.0,1.6733200530681511,11,
oasis,4.9,1.911950719959998,10,
oat,2.8,2.2997584414213788,10,
oath,3.9,2.330951164939612,10,
oatmeal,4.0,1.5,9,
obedience,3.8,1.932183566158592,10,
obedient,2.5,1.7159383568311668,10,
obese,4.2,1.8737959096740264,10,
obesity,4.4,2.065591117977289,10,
obey,3.6,1.577621275493231,10,
obituary,2.8,2.043961295567452,10,
object,3.2,1.8737959096740264,10,
objectify,3.363636363636364,1.3618169680781094,11,
objectionable,2.9166666666666665,1.97522534195852,12,
objective,3.0,1.8090680674665816,12,
objectivism,3.1,1.9692073983655909,10,
objectivity,3.5454545454545454,2.2074254852038093,11,
obligate,4.0,1.699673171197595,10,
obligatory,3.3,1.888562063228706,10,
oblige,2.8181818181818183,1.662418829187267,11,
obliging,2.3,0.9486832980505138,10,
oblique,4.3,2.057506581601462,10,
obliquely,3.636363636363636,1.804035879506129,11,
obliterate,4.6,1.429840705968481,10,
obliteration,3.8181818181818175,1.8877596148970777,11,
oblivion,3.2,1.8737959096740264,10,
oblivious,3.363636363636364,1.804035879506129,11,
obnoxious,4.166666666666667,2.0375267241229382,12,
oboe,3.3,2.110818693198342,10,
obscene,4.307692307692308,1.931519927613803,13,
obscenity,2.9,1.1972189997378648,10,
obscure,4.2,1.4757295747452437,10,
obscurity,4.1,2.0248456731316584,10,
observable,3.0,1.8257418583505536,10,
observance,4.2,2.250925735484551,10,
observant,2.9,1.7919573407620817,10,
observation,3.909090909090909,1.513574937328539,11,
observatory,4.5,2.6770630673681683,10,
observe,2.7,1.946506842754191,10,
observer,4.6,1.8973665961010275,10,
obsess,4.0,1.8257418583505536,10,
obsessed,2.8,1.8737959096740264,10,
obsession,3.090909090909091,1.6403990645294488,11,
obsessive,2.5,1.4337208778404378,10,
obsolete,3.636363636363636,1.9116865471476892,11,
obstacle,3.6,1.7126976771553504,10,
obstinate,2.1538461538461537,1.4632243987255136,13,
obstruct,3.8181818181818175,1.9908883353006928,11,
obstruction,4.3,1.3374935098492586,10,
obtain,3.0,1.8257418583505536,10,
obtrusive,3.083333333333333,1.729862492345632,12,
obtuse,3.8,2.043961295567452,10,
obvious,3.363636363636364,2.292279532375024,11,
occasion,2.7,1.4944341180973264,10,
occasional,2.8,1.8737959096740264,10,
occult,2.888888888888889,2.260776661041756,9,
occupancy,3.583333333333333,1.729862492345632,12,
occupant,2.8,2.0976176963403037,10,
occupation,2.3,1.888562063228706,10,
occupational,3.6,2.1705094128132942,10,
occupy,3.1538461538461537,1.6251232694862383,13,
occur,3.5454545454545454,1.916436086262016,11,
ocean,3.3,1.4944341180973264,10,
oceanic,5.0,1.4719601443879744,13,
octagon,4.0,2.260776661041756,10,
octagonal,5.2,1.8737959096740264,10,
octane,3.076923076923077,1.9348358440936904,13,
octave,2.6,1.429840705968481,10,
October,3.272727272727273,1.954016841836789,11,
octopus,4.0,1.4907119849998598,10,
odd,2.8,1.8737959096740264,10,
oddball,3.6,1.9550504398153572,10,
oddity,3.75,2.41679727964699,12,
odds,3.75,1.764549903980152,12,
odometer,2.7,1.70293863659264,10,
odor,3.769230769230769,1.6908501882113505,13,
odorous,4.8,1.3165611772087666,10,
of,2.636363636363636,2.377928816122437,11,
off,4.545454545454546,2.018099916438052,11,
offbeat,2.9,1.8529256146249728,10,
offence,3.4,1.3498971154211057,10,
offend,3.9,1.3703203194062976,10,
offensive,4.0,1.7638342073763935,10,
offer,2.1818181818181817,0.9816498172140428,11,
offering,3.7,1.5670212364724212,10,
office,3.2,1.7511900715418265,10,
officer,2.909090909090909,1.9211738835693897,11,
official,4.1,1.3703203194062976,10,
officiate,3.2,1.398411797560202,10,
offset,4.8,1.7511900715418265,10,
offshore,4.166666666666667,1.9462473604038075,12,
offspring,3.090909090909091,2.343268890014352,11,
often,2.083333333333333,1.378954368902449,12,
ogre,5.3,1.4181364924121764,10,
oh,5.9,1.911950719959998,10,
oil,3.8,2.043961295567452,10,
oiled,5.5,1.5566235649883124,14,
oily,5.1,2.0248456731316584,10,
oink,6.2727272727272725,0.7862453931068965,11,
ointment,4.2,2.2997584414213788,10,
okay,3.75,2.41679727964699,12,
okra,2.636363636363636,1.689540012709215,11,
old,3.909090909090909,2.586679162731453,11,
older,3.583333333333333,2.2343733444579583,12,
olive,2.8,1.8737959096740264,10,
omega,2.090909090909091,1.4459976109624424,11,
omelet,2.5,2.173067468400883,10,
omen,3.7,2.110818693198342,10,
ominous,3.8,1.8135294011647256,10,
omit,3.3846153846153846,1.3867504905630728,13,
omnipotence,3.230769230769231,2.2043081361221617,13,
omnipresent,3.588235294117647,2.093407017561676,17,
omniscience,3.2,2.2997584414213788,10,
on,3.3,2.5841396591085743,10,
once,3.5,2.068278940998476,10,
oncology,2.8181818181818183,1.7215215257545762,11,
one,3.909090909090909,2.467976720090587,11,
oneness,4.666666666666667,1.2309149097933274,12,
onion,4.363636363636363,2.4605985967941733,11,
only,2.8181818181818183,1.9400093720485896,11,
onset,2.7142857142857144,1.772810520855837,14,
onyx,2.6,2.221110833194357,10,
oodles,4.1,2.766867462592951,10,
oom-pah,5.3125,2.24258035902098,16,
oomph,6.923076923076923,0.2773500981126146,13,
ooze,5.9,1.911950719959998,10,
opal,2.8,1.6193277068654826,10,
opaque,3.636363636363636,1.747725795010606,11,
open,4.727272727272728,1.9021518914592013,11,
opener,2.9,2.0789954839350235,10,
opening,3.1666666666666665,1.992409839791244,12,
opera,3.2,1.6865480854231356,10,
operate,3.4166666666666665,1.729862492345632,12,
operation,3.7,1.766981104093143,10,
operative,2.909090909090909,1.136181803634036,11,
opinion,2.4545454545454546,1.8090680674665816,11,
opinionated,3.8,2.201009869229224,10,
opium,2.636363636363636,2.013590190318143,11,
opossum,3.6666666666666665,2.015094553763188,12,
opponent,3.272727272727273,1.8488325554743508,11,
opportunistic,3.1,2.0248456731316584,10,
opportunity,2.5,1.5811388300841898,10,
oppose,3.272727272727273,1.7372915179041823,11,
opposite,3.6,2.221110833194357,10,
opposition,3.7,2.057506581601462,10,
oppress,3.2,1.5491933384829668,10,
oppression,4.5,1.9578900207451215,10,
oppressive,3.6,1.3498971154211057,10,
optic,3.5,2.41522945769824,10,
optical,3.6,2.270584848790187,10,
optician,3.363636363636364,2.2033033051637387,11,
optics,3.6,1.7126976771553504,10,
optimal,3.636363636363636,1.9632996344280853,11,
optimism,3.0,1.247219128924647,10,
optimist,3.3,2.1628170930011112,10,
optimistic,4.0,2.0548046676563256,10,
optimum,3.5,1.6499158227686108,10,
option,2.5384615384615383,1.5063966175050876,13,
optional,3.6,2.0110804171997807,10,
optometrist,2.2,1.1352924243950937,10,
or,2.909090909090909,2.4271195048676715,11,
oracle,4.1,2.2335820757001272,10,
oral,3.363636363636364,1.9632996344280853,11,
orange,3.909090909090909,1.8140862964338524,11,
orangutan,3.636363636363636,2.4605985967941733,11,
orangy,5.2,2.3475755815545347,10,
oration,3.3076923076923075,2.1363760352762253,13,
orb,4.909090909090909,2.165850662190053,11,
orbit,5.090909090909091,1.136181803634036,11,
orbital,4.5,2.0138409955990952,10,
orchard,3.5454545454545454,1.2135597524338355,11,
orchestra,2.5,0.97182531580755,10,
orchid,3.5,2.068278940998476,10,
ordain,1.5,0.7071067811865476,10,
ordeal,2.8,1.8737959096740264,10,
order,3.1,1.7919573407620817,10,
ordered,4.1,1.7919573407620817,10,
orderly,3.909090909090909,1.8140862964338524,11,
ordinance,2.8,1.9888578520235063,10,
ordinarily,2.909090909090909,1.044465935734187,11,
ordinary,3.7,1.636391694484477,10,
ordnance,2.583333333333333,1.378954368902449,12,
ore,3.4,2.065591117977289,10,
oregano,3.083333333333333,1.6764862244009229,12,
organ,3.5454545454545454,2.339386088854781,11,
organic,3.1,1.66332999331662,10,
organism,3.4545454545454546,2.2962419891481978,11,
organization,3.909090909090909,2.343268890014352,11,
organize,3.2142857142857144,1.6723346844167577,14,
organizer,3.4545454545454546,2.2074254852038093,11,
orgasm,4.090909090909091,2.0714509627092528,11,
orgy,2.909090909090909,2.343268890014352,11,
oriental,2.5,1.834021909257456,12,
origin,3.8181818181818175,1.7786613965666325,11,
original,5.4,1.837873166945363,10,
originality,4.5,1.4337208778404378,10,
originally,3.25,1.9128750375000736,12,
originate,3.909090909090909,1.9211738835693897,11,
originative,2.7857142857142856,2.190137734642115,14,
ornament,4.0,1.632993161855452,10,
orphan,2.6,1.505545305418162,10,
orphanage,3.3125,2.24258035902098,16,
orthodox,2.727272727272727,2.101947149236112,11,
orthopedics,3.4,2.065591117977289,10,
oscillate,4.1,2.282785822435191,10,
ostentatious,3.2,2.250925735484551,10,
ostracize,2.2,1.6865480854231356,10,
ostrich,3.5,1.5811388300841898,10,
other,2.0,1.8973665961010275,11,
otherness,3.5,1.35400640077266,10,
otherwise,2.1818181818181817,1.662418829187267,11,
otter,4.2,2.201009869229224,10,
ouch,6.1,0.8755950357709131,10,
ought,2.8,1.8737959096740264,10,
ounce,4.2,1.9888578520235063,10,
our,3.0,2.0976176963403037,11,
ours,2.3,1.5670212364724212,10,
ourselves,3.727272727272727,2.101947149236112,11,
oust,2.9,1.7919573407620817,10,
out,4.3,2.110818693198342,10,
outage,3.4,1.577621275493231,10,
outback,3.8,1.8737959096740264,10,
outbound,4.2,1.8135294011647256,10,
outbreak,4.3,2.263232692902394,10,
outburst,4.636363636363637,1.8586407545691703,11,
outcast,4.1,1.3703203194062976,10,
outcome,3.692307692307693,2.657837949180229,13,
outer,3.7,1.766981104093143,10,
outfit,3.7,1.8287822299126937,10,
outgrow,5.181818181818182,1.7786613965666325,11,
outing,4.363636363636363,1.9632996344280853,11,
outlandish,4.2727272727272725,1.9021518914592013,11,
outlaw,5.1,1.5238839267549948,10,
outlet,3.8,1.9888578520235063,10,
outline,3.1818181818181817,1.9400093720485896,11,
outlook,5.0,1.699673171197595,10,
output,4.2727272727272725,2.053821272209882,11,
outrage,3.8181818181818175,2.1825756260978366,11,
outrageous,3.6,1.837873166945363,10,
outreach,4.363636363636363,2.013590190318143,11,
outset,2.8181818181818183,1.5374122295716148,11,
outside,3.75,2.41679727964699,12,
outsmart,4.1,2.0248456731316584,10,
outweigh,2.4,1.577621275493231,10,
outwit,2.2,1.4757295747452437,10,
oval,5.3,1.766981104093143,10,
ovary,3.3,2.110818693198342,10,
ovation,2.9166666666666665,1.781640374554423,12,
oven,2.3,1.636391694484477,10,
over,4.7,1.946506842754191,10,
overall,3.823529411764706,2.2703329634011578,17,
overburden,3.0,1.4907119849998598,10,
overcast,4.636363636363637,1.5666989036012806,11,
overcharge,3.8181818181818175,2.1825756260978366,11,
overcoat,5.2,1.6865480854231356,10,
overcome,5.1,1.7919573407620817,10,
overdone,3.6,1.837873166945363,10,
overdose,4.363636363636363,1.8586407545691703,11,
overdraft,4.545454545454546,1.916436086262016,11,
overdress,4.2,2.250925735484551,10,
overdrive,3.1,2.378141197564929,10,
overdue,3.727272727272727,1.7939291563999449,11,
overflow,4.666666666666667,1.370688833684684,12,
overhand,3.2,2.699794230842212,10,
overhaul,4.1,2.330951164939612,10,
overhear,4.5,2.41522945769824,10,
overheat,3.7,2.5407785333546005,10,
overkill,4.1,2.4244128727957577,10,
overlap,5.2,1.398411797560202,10,
overlay,4.363636363636363,2.2033033051637387,11,
overload,5.2,1.8737959096740264,10,
overlook,3.7,2.110818693198342,10,
overly,3.9,1.66332999331662,10,
overpass,4.5,1.5811388300841898,10,
overpower,3.4,1.2649110640673518,10,
override,4.181818181818182,1.7786613965666325,11,
overrule,3.3,1.946506842754191,10,
overrun,3.363636363636364,2.013590190318143,11,
oversee,4.545454545454546,2.018099916438052,11,
overshadow,5.5,2.223610677354389,10,
overshoot,4.818181818181818,1.4709304414677002,11,
oversight,3.25,1.9598237397554636,12,
oversleep,4.5,2.223610677354389,10,
overstep,4.5,1.4337208778404378,10,
overstock,4.1,2.5582111805799856,10,
overt,3.1,1.5238839267549948,10,
overtake,4.3,2.057506581601462,10,
overthrow,4.666666666666667,1.9227505550564008,12,
overtime,4.2727272727272725,2.195035721390843,11,
overtly,3.2,1.6193277068654826,10,
overtone,4.181818181818182,2.272363607268072,11,
overture,2.5,0.97182531580755,10,
overturn,4.416666666666667,1.311372170551507,12,
overwhelm,3.8181818181818175,1.8877596148970777,11,
overwork,3.5,2.2763607319179844,12,
owe,3.9,1.5951314818673863,10,
owl,3.615384615384616,2.3992520201950973,13,
own,3.0,2.0,11,
owner,3.5,2.173067468400883,10,
ox,2.9,1.728840330651992,10,
oxen,3.636363636363636,1.804035879506129,11,
oxide,3.0,2.1447610589527217,11,
oxidize,4.181818181818182,0.9816498172140428,11,
oxygen,4.2,1.8737959096740264,10,
oxymoron,2.9,2.378141197564929,10,
oyster,3.5454545454545454,1.9679246105293955,11,
ozone,3.3,2.213594362117865,10,
pa,3.2222222222222223,1.986062547968831,9,
pace,4.5,2.068278940998476,10,
paced,2.9,1.286683937707919,10,
pacificate,2.6,1.505545305418162,10,
pacifier,3.4,1.2649110640673518,10,
pacifist,2.3,0.9486832980505138,10,
pacify,3.7,1.888562063228706,10,
pack,4.3,1.888562063228706,10,
package,3.272727272727273,2.101947149236112,11,
packer,4.75,1.764549903980152,12,
packet,2.9,1.66332999331662,10,
pact,2.5384615384615383,1.6132464481796025,13,
pad,3.4,1.776388345929897,10,
padding,4.6923076923076925,1.887883090687176,13,
paddle,4.666666666666667,1.8027756377319943,9,
padlock,4.5,1.9578900207451215,10,
padre,3.363636363636364,1.804035879506129,11,
page,2.0,1.563471919941143,10,
pageant,2.636363636363636,1.689540012709215,11,
pager,3.3,2.057506581601462,10,
paging,3.3846153846153846,2.063106942552968,13,
paid,4.454545454545454,2.018099916438052,11,
pail,3.3,1.636391694484477,10,
pain,4.454545454545454,2.2962419891481978,11,
pained,4.2,1.9888578520235063,10,
painful,3.2142857142857144,2.0448272986535274,14,
painless,3.5454545454545454,2.114882330704777,11,
painstaking,4.5,2.0286410760370144,14,
paint,4.166666666666667,1.3371158468430429,12,
paintbrush,3.8,2.2997584414213788,10,
painted,3.8,2.043961295567452,10,
painter,4.6,1.9550504398153572,10,
painting,3.5,2.223610677354389,10,
pair,3.7,2.110818693198342,10,
pairs,3.7,1.70293863659264,10,
paisley,2.1,1.1972189997378648,10,
pajama,3.0,1.5491933384829668,11,
pajamas,3.0,1.7320508075688772,11,
pal,4.545454545454546,1.5075567228888185,11,
palace,3.8,2.043961295567452,10,
palate,2.3,1.4944341180973264,10,
pale,4.454545454545454,2.114882330704777,11,
paleontology,2.8,1.9888578520235063,10,
palette,2.727272727272727,1.9021518914592013,11,
pall,3.636363636363636,1.804035879506129,11,
pallet,3.1,1.5951314818673863,10,
palm,3.7,1.636391694484477,10,
pamper,3.7,1.888562063228706,10,
pamphlet,3.2,2.043961295567452,10,
pan,3.4545454545454546,1.916436086262016,11,
pancake,4.090909090909091,2.256304299271065,11,
pancreas,2.4,1.8973665961010275,10,
panda,3.6,2.1186998109427604,10,
pane,2.3,1.4181364924121764,10,
panel,3.5,1.7795130420052183,10,
panic,4.6,1.837873166945363,10,
panorama,4.066666666666666,1.791514389985135,15,
pansy,3.4545454545454546,2.583162262175428,11,
pant,3.636363636363636,2.292279532375024,11,
Pantheon,2.888888888888889,2.088327347690278,9,
panther,3.9,1.3703203194062976,10,
panties,3.8,1.9888578520235063,10,
pantry,2.1,1.100504934614612,10,
pants,3.0,2.260776661041756,10,
pantsuit,4.0,2.211083193570267,10,
panty,4.181818181818182,1.7786613965666325,11,
pap,3.1818181818181817,1.9400093720485896,11,
papa,5.181818181818182,1.7786613965666325,11,
papaya,2.8,2.201009869229224,10,
paper,3.411764705882353,1.8727928185403933,17,
paperback,3.4,2.3190036174568114,10,
paperboy,4.3,1.766981104093143,10,
paperwork,4.4,2.3190036174568114,10,
papery,3.333333333333333,1.775250729197189,12,
paprika,2.8,1.9888578520235063,10,
par,3.3,1.4181364924121764,10,
parachute,3.8,1.9888578520235063,10,
parade,3.8,1.0327955589886444,10,
paradigm,2.909090909090909,1.7002673586554236,11,
paradise,3.7,2.0027758514399734,10,
paradox,3.090909090909091,1.3751033019046572,11,
paradoxical,2.636363636363636,1.9116865471476892,11,
paraglider,4.4,1.429840705968481,10,
paragraph,1.8,1.3165611772087666,10,
parakeet,4.0,2.23606797749979,11,
parallel,3.3,1.766981104093143,10,
paralysis,4.727272727272728,1.8488325554743508,11,
paralyze,3.9,1.7919573407620817,10,
paramedic,3.363636363636364,2.292279532375024,11,
paramount,2.4,1.3498971154211057,10,
paranoia,4.5,1.4337208778404378,10,
paranoid,4.909090909090909,1.7002673586554236,11,
paraphrase,2.4545454545454546,1.4396969378057567,11,
parasite,3.1,1.7919573407620817,10,
parasitic,3.5454545454545454,2.018099916438052,11,
paratrooper,2.9,1.911950719959998,10,
parcel,3.0,1.247219128924647,10,
parch,3.5,1.6499158227686108,10,
parchment,3.7,2.057506581601462,10,
pardon,2.0,1.044465935734187,12,
parent,3.0,2.10818510677892,10,
parental,3.9,1.5238839267549948,10,
parenthesis,3.0,2.04494943258218,12,
parenthetical,2.7,1.4181364924121764,10,
parenthood,2.6,1.577621275493231,10,
parenting,3.5,2.460803843372233,10,
parfait,3.9166666666666665,2.314316444667973,12,
parish,3.0,1.8027756377319943,9,
park,3.5,2.068278940998476,10,
parka,4.3,2.311805451253293,10,
parking,2.8,1.9888578520235063,10,
parliament,2.727272727272727,1.954016841836789,11,
parliamentary,3.4,1.577621275493231,10,
Parmesan,3.7,1.636391694484477,10,
parody,2.7,1.766981104093143,10,
parole,2.5,1.6499158227686108,10,
parrot,3.7,1.70293863659264,10,
parsley,3.1,2.378141197564929,10,
parsnip,3.5,1.5811388300841898,10,
part,3.5454545454545454,1.8090680674665816,11,
partake,2.8,1.398411797560202,10,
parted,3.5,1.509230856356236,10,
partial,1.3,0.6749485577105528,10,
partiality,3.3076923076923075,1.5483655567842811,13,
participant,2.6153846153846154,1.5021352323976216,13,
participate,2.6,1.07496769977314,10,
particle,4.6,1.429840705968481,10,
particular,3.6,2.1186998109427604,10,
particularity,2.8,1.932183566158592,10,
particularize,2.0,1.3333333333333333,10,
particularly,2.9,1.728840330651992,10,
parting,4.1,1.728840330651992,10,
partisan,2.636363636363636,1.9632996344280853,11,
partition,3.3,1.888562063228706,10,
partner,3.4166666666666665,2.314316444667973,12,
partnership,3.636363636363636,2.062654952856986,11,
partridge,2.5454545454545454,1.2135597524338355,11,
party,4.8,1.9888578520235063,10,
pass,4.363636363636363,2.419616799112094,11,
passable,3.272727272727273,2.1489955370316194,11,
passage,4.1,2.0248456731316584,10,
passenger,2.1,1.1972189997378648,10,
passing,4.3,2.057506581601462,10,
passion,3.8,2.0976176963403037,10,
passionate,4.4,2.1186998109427604,10,
passionless,3.4,1.837873166945363,10,
passive,4.181818181818182,1.5374122295716148,11,
passivism,2.4545454545454546,1.694912172570388,11,
passivity,2.3,1.1595018087284057,10,
passkey,3.8,2.14993539954628,10,
passport,3.6,2.3190036174568114,10,
password,3.4444444444444446,2.068278940998476,9,
past,4.1,1.9692073983655909,10,
pasta,3.615384615384616,2.0223114472661203,13,
paste,3.9,1.9692073983655909,10,
pastime,3.909090909090909,2.0714509627092528,11,
pastor,2.7,1.1595018087284057,10,
pastrami,2.5454545454545454,1.3684762594679063,11,
pastry,3.090909090909091,1.7002673586554236,11,
pasture,3.8,2.043961295567452,10,
pasty,4.454545454545454,1.9679246105293955,11,
pat,5.7,1.8287822299126937,10,
patch,5.1,1.7919573407620817,10,
patchwork,3.9,2.282785822435191,10,
patella,2.1,1.5238839267549948,10,
patent,2.363636363636364,1.6292775867068985,11,
paternal,3.3076923076923075,2.1750331562459526,13,
paternalism,2.5,1.7159383568311668,10,
paternity,3.8,1.8135294011647256,10,
path,3.8,1.932183566158592,10,
pathetic,3.1818181818181817,1.5374122295716148,11,
pathological,2.4545454545454546,1.5075567228888185,11,
pathos,4.1,2.0789954839350235,10,
pathway,5.0,1.6583123951777,17,
patience,2.8181818181818183,2.272363607268072,11,
patient,4.3,1.4944341180973264,10,
patio,3.4,1.7126976771553504,10,
patriarchal,3.0,2.0976176963403037,11,
patriot,3.6,2.065591117977289,10,
patriotic,4.0,1.6733200530681511,11,
patriotism,4.2,2.616188916046477,10,
patrol,3.1,1.911950719959998,10,
patron,3.2,1.6865480854231356,10,
patronage,3.8,2.2997584414213788,10,
patronize,2.75,1.764549903980152,12,
patronizing,3.1,1.7919573407620817,10,
patter,5.307692307692308,1.9741924671712985,13,
pattern,4.0,2.345207879911715,9,
paunch,3.2,2.201009869229224,10,
pause,3.9,1.5951314818673863,10,
pave,3.5454545454545454,1.694912172570388,11,
pavement,3.0,1.7056057308448835,12,
paver,2.7,1.636391694484477,10,
pavilion,2.3,1.5670212364724212,10,
paving,4.636363636363637,2.335496832484569,11,
paw,4.090909090909091,1.8140862964338524,11,
pawn,4.6,1.1737877907772674,10,
pay,2.6,1.837873166945363,10,
payable,3.5,1.6499158227686108,10,
paycheck,3.5,2.15322168769582,12,
payday,4.2,1.8135294011647256,10,
payload,4.0,2.309401076758503,10,
payment,2.909090909090909,1.8140862964338524,11,
payoff,4.181818181818182,2.315952582337636,11,
payroll,3.615384615384616,2.467740583964123,13,
payton,1.9,1.1972189997378648,10,
pea,4.166666666666667,1.80067327475704,12,
peace,5.2727272727272725,1.555050423035156,11,
peaceful,4.5,1.35400640077266,10,
peach,3.5,2.223610677354389,10,
peachy,5.1,0.8755950357709131,10,
peacock,4.5,2.0976176963403037,16,
peak,5.7,1.5670212364724212,10,
peaked,4.4,1.7126976771553504,10,
peal,3.8181818181818175,1.7215215257545762,11,
peanut,4.0,2.5385910352879693,10,
pear,2.9,1.449137674618944,10,
pearl,4.117647058823529,1.9326909006996071,17,
pearly,4.2,1.4757295747452437,10,
peasant,4.0,1.632993161855452,13,
pebble,4.0,2.494438257849294,10,
pebbly,4.9,1.5951314818673863,10,
pecan,3.1,0.9944289260117531,10,
peck,5.7,1.1595018087284057,10,
pecker,4.3,2.1628170930011112,10,
peculiar,3.5454545454545454,1.752919642404429,11,
pedal,3.727272727272727,2.004540300962248,11,
peddle,5.071428571428571,1.4917354742965407,14,
peddler,4.0,2.0548046676563256,10,
pedestal,3.0,2.0,10,
pedestrian,2.7,1.946506842754191,10,
pediatrician,3.2,1.7511900715418265,10,
pedicure,3.8,1.7511900715418265,10,
pedigree,2.5,1.2692955176439846,10,
pedometer,2.6,1.7126976771553504,10,
pedophile,3.0,2.0548046676563256,10,
pee,5.363636363636363,1.2862913567871994,11,
peek,5.6,1.3498971154211057,10,
peekaboo,5.75,2.3754698783308417,8,
peel,5.6,1.1737877907772674,10,
peeling,3.2,2.14993539954628,10,
peep,6.090909090909091,1.2210278829367869,11,
peeper,5.0,1.3093073414159542,15,
peephole,4.727272727272728,2.2401298663653004,11,
peer,3.8181818181818175,2.1362669223756576,11,
peerless,3.615384615384616,1.7097008285302209,13,
peeve,3.4,2.1186998109427604,10,
peeved,3.4,2.1186998109427604,10,
peevish,3.7,1.888562063228706,10,
peewee,5.076923076923077,2.1779783615981456,13,
peg,4.5625,1.4127396551853897,16,
pelican,3.3,1.946506842754191,10,
pellet,3.9,1.728840330651992,10,
pelt,5.384615384615385,1.938146087479026,13,
pelvic,4.3,1.946506842754191,10,
pelvis,3.636363636363636,1.804035879506129,11,
pen,2.6923076923076925,2.323238235187235,13,
penal,3.3,1.0593499054713802,10,
penalize,3.8,2.14993539954628,10,
penalty,2.4,1.776388345929897,10,
penance,3.8,1.8737959096740264,10,
penchant,3.1,1.9692073983655909,10,
pencil,3.4,2.270584848790187,10,
pendant,3.1538461538461537,1.6756169931378433,13,
pending,4.2727272727272725,2.2843339988236875,11,
pendulum,5.083333333333333,1.164500152881315,12,
penetrate,4.7,1.5670212364724212,10,
penguin,2.2,0.7888106377466155,10,
penicillin,1.6,1.2649110640673518,10,
peninsula,2.833333333333333,1.7494587907710375,12,
penis,3.5454545454545454,2.2074254852038093,11,
penitentiary,2.3,1.2516655570345725,10,
pennant,2.1,0.9944289260117531,10,
penniless,4.333333333333333,2.015094553763188,12,
penny,2.6,1.429840705968481,10,
pension,2.0,1.4142135623730951,16,
pensive,3.4166666666666665,1.729862492345632,12,
pentagram,3.9,2.0789954839350235,10,
penthouse,4.3,1.8287822299126937,10,
people,3.363636363636364,2.292279532375024,11,
pep,5.4,1.429840705968481,10,
pepper,4.1,2.5582111805799856,10,
peppercorn,2.9,1.911950719959998,10,
peppermint,4.384615384615385,2.3287500774185546,13,
pepperoni,3.1,2.1317702607092643,10,
peppery,5.3,1.946506842754191,10,
per,3.7857142857142856,2.486225790494234,14,
perceivable,3.4,2.1186998109427604,10,
perceive,2.333333333333333,1.874873733122184,12,
percent,3.1,1.8529256146249728,10,
perceptible,3.1,1.3703203194062976,10,
perceptive,2.909090909090909,2.165850662190053,11,
perceptual,2.3,1.3374935098492586,10,
perch,4.363636363636363,2.013590190318143,11,
perchance,1.6363636363636365,1.026910636104941,11,
percolate,2.8181818181818183,1.5374122295716148,11,
percussion,3.923076923076923,2.019139192062567,13,
perfect,3.5,1.90029237516523,10,
perfectible,2.2,2.14993539954628,10,
perfection,4.5,2.273030282830976,10,
perfectionist,3.5,1.7159383568311668,10,
perfective,5.0,2.309401076758503,10,
perfectly,3.5,1.9578900207451215,10,
perfecto,4.1,1.8529256146249728,10,
perforate,4.083333333333333,2.2343733444579583,12,
perforated,4.4,1.1737877907772674,10,
perform,3.727272727272727,1.6787441193290351,11,
performance,3.2,2.0976176963403037,10,
perfume,3.6,1.7126976771553504,10,
perfunctory,2.6,2.164651077128664,15,
perhaps,1.9,0.9944289260117531,10,
peril,3.6666666666666665,2.103388319888276,12,
perilous,3.076923076923077,2.1779783615981456,13,
perimeter,3.6,1.7126976771553504,10,
period,4.6,1.505545305418162,10,
periodic,3.583333333333333,1.97522534195852,12,
periscope,2.9,2.0789954839350235,10,
perish,4.2,1.932183566158592,10,
perishable,3.3846153846153846,2.0223114472661203,13,
perjury,3.0,1.699673171197595,10,
perk,3.1,2.2335820757001272,10,
perky,5.0,1.949358868961793,11,
perm,3.8181818181818175,1.9908883353006928,11,
permanent,3.363636363636364,1.9116865471476892,11,
permissible,2.6,1.1737877907772674,10,
permission,2.727272727272727,1.555050423035156,11,
permissive,4.3,1.5670212364724212,10,
permit,3.909090909090909,1.9211738835693897,11,
peroxide,2.8,1.6865480854231356,10,
perpendicular,3.8181818181818175,1.7786613965666325,11,
perpetrator,3.1,1.449137674618944,10,
perpetual,3.8181818181818175,1.8877596148970777,11,
perplex,3.6,1.2649110640673518,10,
perplexed,3.8333333333333335,1.8989630344113089,12,
persecute,2.5,1.509230856356236,10,
persecution,3.1,2.1317702607092643,10,
perseverance,2.8,1.9888578520235063,10,
persevere,2.3,1.4944341180973264,10,
persevering,2.6,1.2649110640673518,10,
persimmon,2.8181818181818183,1.662418829187267,11,
persist,3.5,1.5811388300841898,10,
persistence,3.9166666666666665,1.97522534195852,12,
person,4.454545454545454,2.114882330704777,11,
personable,3.909090909090909,1.9211738835693897,11,
personal,4.0,1.699673171197595,10,
personality,3.0,2.211083193570267,10,
personification,2.8,1.398411797560202,10,
personify,3.909090909090909,1.9211738835693897,11,
personnel,3.272727272727273,1.555050423035156,11,
perspiration,3.4545454545454546,2.018099916438052,11,
perspire,3.8181818181818175,1.7215215257545762,11,
persuade,3.8181818181818175,2.1825756260978366,11,
persuasive,3.0,1.7638342073763935,10,
pertain,2.888888888888889,1.5296631266542813,18,
pertinent,3.583333333333333,1.781640374554423,12,
perturb,3.090909090909091,2.165850662190053,11,
peruse,3.5,2.068278940998476,10,
pervade,3.0,1.7320508075688772,11,
pervasive,2.923076923076923,1.3821202589704018,13,
perverse,3.2,1.7511900715418265,10,
perversion,3.0,1.647508942095828,15,
perversity,3.3,1.946506842754191,10,
pervert,3.6,2.3190036174568114,10,
perverted,3.0,1.3165611772087666,16,
pesky,4.9,2.0248456731316584,10,
peso,3.3,2.496664441476534,10,
pessimist,3.0,1.3333333333333333,10,
pessimistic,4.363636363636363,2.292279532375024,11,
pest,5.1,1.911950719959998,10,
pester,4.384615384615385,1.3867504905630728,13,
pesticide,3.727272727272727,1.7372915179041823,11,
pestle,2.1,0.8755950357709131,10,
pet,3.1,2.378141197564929,10,
petal,4.090909090909091,1.868397465987655,11,
petite,5.0,1.7638342073763935,10,
petition,3.636363636363636,2.292279532375024,11,
petrify,3.363636363636364,2.248231628312673,11,
petroleum,2.8461538461538463,1.6251232694862383,13,
petticoat,3.6875,1.778341924377874,16,
petty,4.090909090909091,2.21153998175685,11,
petunia,3.090909090909091,1.7002673586554236,11,
pew,5.636363636363637,2.335496832484569,11,
phalanges,3.0,1.9436506316151,10,
phantom,4.363636363636363,2.377928816122437,11,
pharmacist,3.8333333333333335,2.124888588879783,12,
pharmacy,3.5,2.0670576365276494,12,
phase,3.0,1.7638342073763935,10,
pheasant,2.9166666666666665,1.6764862244009229,12,
phenomenal,4.363636363636363,1.2862913567871994,11,
phenomenon,3.727272727272727,2.2401298663653004,11,
philanthropist,3.1818181818181817,2.1825756260978366,11,
philosopher,3.4545454545454546,1.6348477827391985,11,
philosophical,3.2,2.0976176963403037,10,
philosophize,3.4,1.7126976771553504,10,
philosophy,3.6,2.221110833194357,10,
phlegm,5.25,1.9128750375000736,12,
phobia,3.8181818181818175,1.5374122295716148,11,
phobic,3.5454545454545454,1.752919642404429,11,
phoebe,2.4615384615384617,1.3301243435223524,13,
phone,4.5,2.223610677354389,10,
phonics,3.733333333333333,1.9444671200491876,15,
phony,4.363636363636363,1.8586407545691703,11,
phooey,5.0,2.211083193570267,10,
phosphate,2.6923076923076925,2.1363760352762253,13,
photo,3.75,1.764549903980152,12,
photocopy,4.0,1.699673171197595,10,
photogenic,4.25,2.378884383296277,12,
photograph,5.2,1.8737959096740264,10,
photon,2.2,1.2292725943057183,10,
phrase,2.909090909090909,1.6403990645294488,11,
phrasing,2.5,2.068278940998476,10,
physical,3.9,1.5238839267549948,10,
physician,3.0,2.0,10,
physics,3.1,1.66332999331662,10,
physique,4.454545454545454,1.8090680674665816,11,
pi,2.272727272727273,1.6787441193290351,11,
pianist,4.6,1.9550504398153572,10,
piano,4.8,2.14993539954628,10,
piccolo,3.1,1.7919573407620817,10,
pick,3.6,1.8973665961010275,10,
pickax,4.230769230769231,2.087815690853567,13,
picked,3.6,2.065591117977289,10,
picker,4.9,2.183269719175042,10,
picket,4.0,1.563471919941143,10,
pickle,4.0,2.10818510677892,10,
pickled,3.9,2.4244128727957577,10,
pickpocket,4.4,1.776388345929897,10,
pickup,3.3,2.263232692902394,10,
picky,4.7,1.3374935098492586,10,
picnic,2.6,1.3498971154211057,10,
picture,3.1666666666666665,2.2495790852081776,12,
picturesque,4.2,1.9888578520235063,10,
pie,4.0,2.0548046676563256,10,
piece,3.6,1.9550504398153572,10,
pier,2.9,1.3703203194062976,10,
pierce,4.9,1.5238839267549948,10,
pierced,5.181818181818182,1.834021909257456,11,
pig,3.8181818181818175,1.9400093720485896,11,
pigeon,4.090909090909091,2.256304299271065,11,
piggy,5.3,1.70293863659264,10,
piglet,5.2727272727272725,1.489356175728901,11,
pigment,4.0,1.563471919941143,10,
pigmentation,2.8,1.1352924243950937,10,
pigskin,3.0,2.160246899469287,10,
pigtail,4.8,1.398411797560202,10,
pike,3.8,1.8737959096740264,10,
pile,4.2,2.14993539954628,10,
pileup,5.363636363636363,1.747725795010606,11,
pilgrim,2.1818181818181817,1.0787197799411874,11,
pilgrimage,2.9,1.911950719959998,10,
pill,3.7,2.5407785333546005,10,
pillar,3.909090909090909,2.256304299271065,11,
pillow,2.7,1.8287822299126937,10,
pillowcase,3.7,2.1628170930011112,10,
pilot,2.25,1.6583123951777,12,
piloting,3.75,1.815338686155987,12,
pimp,5.0,1.699673171197595,10,
pimple,4.363636363636363,1.1200649331826502,11,
pin,4.454545454545454,2.2074254852038093,11,
pinball,4.2,1.7511900715418265,10,
pinch,5.1,1.5238839267549948,10,
pine,4.6,2.221110833194357,10,
pineapple,3.7,1.888562063228706,10,
ping,5.416666666666667,1.831955405041456,12,
ping-pong,6.363636363636363,1.804035879506129,11,
pinhead,5.545454545454546,1.5075567228888185,11,
pinion,2.076923076923077,1.255755978254962,13,
pink,2.7,2.4517567397911058,10,
pinkie,3.909090909090909,1.9211738835693897,11,
pinnacle,4.363636363636363,2.062654952856986,11,
pinpoint,5.6,1.505545305418162,10,
pinstripe,3.7,2.057506581601462,10,
pint,3.4545454545454546,1.572490786213793,11,
pioneer,3.636363636363636,1.804035879506129,11,
pip,4.8,2.573367875415838,10,
pipe,4.5,1.7159383568311668,10,
pipeline,4.8,2.3475755815545347,10,
piper,3.9166666666666665,1.928651593652148,12,
piping,3.4545454545454546,1.4396969378057567,11,
pique,4.181818181818182,1.7215215257545762,11,
piranha,4.1,2.1317702607092643,10,
pirate,3.909090909090909,1.2210278829367869,11,
piss,5.363636363636363,1.747725795010606,11,
pistachio,2.3,2.110818693198342,10,
pistol,3.333333333333333,1.556997888323046,12,
piston,3.5454545454545454,1.694912172570388,11,
pit,3.636363636363636,1.9116865471476892,11,
pit-a-pat,5.363636363636363,2.1105794120443453,11,
pitch,4.083333333333333,1.378954368902449,12,
pitcher,3.4,1.776388345929897,10,
pitchfork,4.181818181818182,2.3587361793206894,11,
pitching,3.3,2.1628170930011112,10,
piteous,2.4,1.6465452046971292,10,
pitfall,3.75,2.179449471770337,12,
pitiable,2.2,1.6193277068654826,10,
pitiful,3.928571428571429,2.1290765681316004,14,
pitiless,3.4,2.0110804171997807,10,
pity,3.2,1.5491933384829668,10,
pitying,2.833333333333333,2.167249338901664,12,
pivot,3.25,1.764549903980152,12,
pixie,5.0,1.3333333333333333,10,
pizazz,5.0,1.7580981459830651,12,
pizza,4.0,1.1547005383792517,10,
pizzeria,4.909090909090909,1.868397465987655,11,
placate,2.5,1.6499158227686108,10,
place,3.0,1.949358868961793,11,
placebo,4.090909090909091,2.165850662190053,11,
placement,3.923076923076923,1.9774368283857795,13,
placenta,3.1,1.9692073983655909,10,
placid,2.75,1.288057028664069,12,
plagiarism,2.4444444444444446,2.006932429798716,9,
plagiarize,3.4545454545454546,1.572490786213793,11,
plague,4.307692307692308,1.931519927613803,13,
plaid,3.909090909090909,1.9725387425622571,11,
plain,3.727272727272727,2.2401298663653004,11,
plaintiff,1.9090909090909087,1.300349603340998,11,
plaintive,2.6,1.2649110640673518,10,
plait,3.3,1.8287822299126937,10,
plan,2.2,1.7511900715418265,10,
plane,3.7,2.213594362117865,10,
planet,4.1,2.0789954839350235,10,
planetarium,3.0,2.2188007849009166,14,
planetary,4.9,0.8755950357709131,10,
plank,4.727272727272728,1.7939291563999449,11,
plankton,2.0,1.7888543819998317,11,
planner,3.8,1.5491933384829668,10,
plant,4.7,2.1628170930011112,10,
plantation,4.545454545454546,2.1616492020508957,11,
planter,4.6,1.9550504398153572,10,
plaque,4.4,1.6465452046971292,10,
plasma,3.3,1.636391694484477,10,
plaster,4.8,1.1352924243950937,10,
plastering,3.8,1.6865480854231356,10,
plastic,3.6666666666666665,1.874873733122184,12,
plastics,3.8333333333333335,1.8989630344113089,12,
plate,4.083333333333333,2.539088359425425,12,
plateau,3.3,1.8287822299126937,10,
platform,3.272727272727273,2.053821272209882,11,
plating,3.8,1.8135294011647256,10,
platinum,3.1818181818181817,2.1825756260978366,11,
Platonic,2.75,2.0056737702645644,12,
platoon,2.8,1.4757295747452437,10,
platter,2.9,1.5238839267549948,10,
platypus,4.2,1.932183566158592,10,
plausible,3.3,2.71006354989038,10,
play,3.7,2.5841396591085743,10,
playable,3.636363636363636,2.1105794120443453,11,
playback,3.076923076923077,1.84668795692624,13,
playboy,4.4,1.429840705968481,10,
player,3.727272727272727,1.7939291563999449,11,
playful,5.1,1.449137674618944,10,
playground,3.9,1.66332999331662,10,
playhouse,3.6,2.3664319132398464,10,
playmate,2.5,1.6499158227686108,10,
playroom,3.8181818181818175,2.4420557658735733,11,
playtime,3.5,2.3213980461973533,10,
plaza,2.272727272727273,1.618079669911781,11,
plea,4.8,2.5298221281347035,10,
plead,3.9,1.66332999331662,10,
pleading,4.2,1.8135294011647256,10,
pleasant,3.9,1.100504934614612,10,
please,4.1,1.7919573407620817,10,
pleasing,4.25,2.261335084333227,12,
pleasurable,3.4,2.0110804171997807,10,
pleasure,4.181818181818182,1.5374122295716148,11,
pleat,3.7,2.1628170930011112,10,
pledge,2.8,1.8737959096740264,10,
plentiful,3.4545454545454546,2.018099916438052,11,
plenty,3.1,1.5238839267549948,10,
Plexiglas,3.6,2.065591117977289,10,
pliable,3.4545454545454546,2.1616492020508957,11,
plier,4.090909090909091,2.165850662190053,11,
plight,3.142857142857143,1.7032612545052803,14,
plink,4.3,2.213594362117865,10,
plonk,4.8,2.5298221281347035,10,
plop,6.0,1.5491933384829668,11,
plot,3.7,1.888562063228706,10,
plow,5.6,1.3498971154211057,10,
pluck,6.0,1.4142135623730951,10,
plug,4.5,1.509230856356236,10,
plum,3.8181818181818175,1.834021909257456,11,
plumb,4.545454545454546,1.572490786213793,11,
plumber,3.230769230769231,2.166173513896726,13,
plumbing,3.8181818181818175,1.9400093720485896,11,
plume,4.3,1.766981104093143,10,
plummet,5.5,1.4337208778404378,10,
plump,6.3,0.9486832980505138,10,
plunder,3.5,1.4337208778404378,10,
plunge,5.6,1.07496769977314,10,
plunger,5.2,0.9189365834726816,10,
plunk,6.0,1.563471919941143,10,
plural,3.0,2.449489742783178,10,
pluralism,2.0,1.0540925533894598,10,
plus,5.0,1.563471919941143,10,
plush,5.4,1.2649110640673518,10,
ply,3.7,1.70293863659264,10,
plywood,4.9,2.0248456731316584,10,
pneumonia,2.7,2.0027758514399734,10,
poach,2.636363636363636,1.5666989036012806,11,
poacher,4.333333333333333,2.1213203435596424,9,
pocket,4.0,1.247219128924647,10,
pocketbook,4.769230769230769,1.8776690404970269,13,
pocketful,4.083333333333333,2.6443192398846707,12,
pod,3.8181818181818175,1.7786613965666325,11,
podiatrist,2.5,1.6499158227686108,10,
podium,2.4,1.577621275493231,10,
poem,3.8181818181818175,2.088931871468374,11,
poet,3.7,1.4181364924121764,10,
poetic,4.0,1.4142135623730951,10,
poetry,3.363636363636364,1.5015143870590966,11,
poignancy,3.142857142857143,1.8752289237539816,14,
poignant,2.9,2.4698178070456938,10,
poinsettia,3.4,2.221110833194357,10,
point,5.2727272727272725,1.954016841836789,11,
pointed,4.2727272727272725,2.053821272209882,11,
pointer,4.4375,1.8246004128758344,16,
pointing,3.6,2.0110804171997807,10,
pointless,3.3,2.110818693198342,10,
pointy,5.4,1.837873166945363,10,
poise,3.9166666666666665,1.880924981991251,12,
poised,3.272727272727273,1.7939291563999449,11,
poison,4.0,1.699673171197595,10,
poisoning,3.727272727272727,2.370270410350224,11,
poisonous,4.3,1.888562063228706,10,
poke,5.3,1.5670212364724212,10,
poker,3.9,2.378141197564929,10,
polar,4.6,1.9550504398153572,10,
polarize,3.909090909090909,1.5782614139961386,11,
Polaroid,3.3,2.057506581601462,10,
pole,3.1,2.2335820757001272,10,
police,3.0,1.8973665961010275,11,
policeman,4.0,1.9436506316151,10,
policy,3.5,2.1213203435596424,10,
polio,3.4,1.9550504398153572,10,
polish,4.0,1.699673171197595,10,
polished,3.636363636363636,1.1200649331826502,11,
polite,4.0,2.0,10,
political,3.272727272727273,2.004540300962248,11,
politician,3.3125,1.922455027649108,16,
politicize,3.7,2.213594362117865,10,
politics,2.4,1.6465452046971292,10,
polka,5.166666666666667,1.8989630344113089,12,
poll,2.8461538461538463,2.303842943364913,13,
pollen,3.3,1.636391694484477,10,
pollutant,4.25,1.807392228230128,16,
pollute,2.7,1.8287822299126937,10,
polluted,4.785714285714286,1.625686668105863,14,
pollution,3.7,1.4944341180973264,10,
polo,4.0,2.41522945769824,13,
polyester,3.4,2.065591117977289,10,
pomade,2.571428571428572,1.5045717874984443,14,
pomegranate,3.4545454545454546,1.6348477827391985,11,
pompom,4.3,2.4517567397911058,10,
pompous,4.5,2.223610677354389,10,
poncho,3.1,2.183269719175042,10,
pond,4.090909090909091,2.0714509627092528,11,
ponder,4.0,0.9258200997725514,8,
ponderable,3.727272727272727,2.1489955370316194,11,
ponderous,3.1818181818181817,1.7215215257545762,11,
pong,4.9,2.282785822435191,10,
pontoon,3.090909090909091,1.5782614139961386,11,
pony,2.8,1.3165611772087666,10,
ponytail,4.9,2.4698178070456938,10,
poo,6.1,1.8529256146249728,10,
pooch,4.1,1.66332999331662,10,
poodle,4.727272727272728,2.4936282437809005,11,
poof,5.909090909090909,1.7580981459830651,11,
pool,4.4,2.221110833194357,10,
poop,5.0,1.9436506316151,10,
pooped,5.2,1.8737959096740264,10,
poor,3.6,2.3190036174568114,10,
poorly,3.5454545454545454,2.2074254852038093,11,
pop,6.4,1.07496769977314,10,
popcorn,5.2,1.6865480854231356,10,
pope,3.4,2.065591117977289,10,
popper,6.4,0.8432740427115678,10,
poppy,4.2727272727272725,2.2401298663653004,11,
Popsicle,4.333333333333333,1.969463855669324,12,
popular,3.1818181818181817,2.0404990476930798,11,
popularize,3.8181818181818175,2.1362669223756576,11,
populate,2.9,1.7919573407620817,10,
population,2.8181818181818183,1.60113596038449,11,
Populism,3.357142857142857,1.864945569720998,14,
porcelain,4.2,2.043961295567452,10,
porch,3.4545454545454546,1.916436086262016,11,
porcupine,3.8,1.8737959096740264,10,
pore,2.8,1.7511900715418265,10,
pork,4.0,2.449489742783178,10,
porker,4.636363636363637,1.9632996344280853,11,
porky,4.727272727272728,2.1489955370316194,11,
porn,2.7,2.4517567397911058,10,
porridge,3.7857142857142856,1.805060042835628,14,
port,4.090909090909091,1.5782614139961386,11,
portable,3.8,2.0976176963403037,10,
portal,3.5,2.068278940998476,10,
portfolio,2.583333333333333,1.880924981991251,12,
porthole,3.5384615384615383,1.713446070320696,13,
portion,3.0,2.260776661041756,10,
portly,3.727272727272727,1.7372915179041823,11,
portrait,3.1,0.8755950357709131,10,
portray,3.6,2.503331114069145,10,
portrayal,2.7,1.766981104093143,10,
pose,3.4,1.776388345929897,10,
poser,4.545454545454546,1.8090680674665816,11,
position,2.75,1.1381803659589922,12,
positive,3.4,2.065591117977289,10,
positively,3.0,2.088931871468374,12,
positivism,2.7,1.766981104093143,10,
posse,3.909090909090909,1.868397465987655,11,
possess,4.454545454545454,1.694912172570388,11,
possessed,3.8,1.6865480854231356,10,
possession,3.4545454545454546,2.018099916438052,11,
possessive,3.6,2.0110804171997807,10,
possibility,3.1,1.728840330651992,10,
possible,3.6,2.065591117977289,10,
possibly,2.6923076923076925,1.6012815380508714,13,
possum,3.923076923076923,1.8009968749527978,13,
post,2.727272727272727,1.954016841836789,11,
postage,3.7,1.888562063228706,10,
postal,3.8333333333333335,1.403458930534474,12,
postcard,5.3,1.946506842754191,10,
poster,4.333333333333333,2.015094553763188,12,
postman,3.75,2.137330535547045,12,
postmark,3.75,2.137330535547045,12,
postmaster,5.2,1.8737959096740264,10,
postpone,2.6,1.7126976771553504,10,
postscript,3.6,2.503331114069145,10,
postulate,2.5,1.8408935028645437,10,
posture,2.9,2.0248456731316584,10,
pot,3.8,2.043961295567452,10,
potassium,2.5,1.35400640077266,10,
potato,4.6,2.270584848790187,10,
potency,4.5,1.6499158227686108,10,
potent,3.2,1.398411797560202,10,
potential,3.615384615384616,2.142368686697878,13,
potentiality,3.3,1.4944341180973264,10,
potentially,2.1666666666666665,1.3371158468430429,12,
pothead,4.5,1.8408935028645437,10,
pothole,4.4,1.7126976771553504,10,
potion,3.727272727272727,2.004540300962248,11,
potluck,4.0,2.160246899469287,10,
potpie,4.6,1.9550504398153572,10,
potpourri,2.8,2.14993539954628,10,
potted,3.6666666666666665,1.8257418583505536,12,
pottery,3.7,1.70293863659264,10,
potty,4.3,2.213594362117865,10,
pouch,5.25,1.0552897060221726,12,
pouf,5.153846153846154,2.230327100305911,13,
poultry,2.8,1.0327955589886444,10,
pounce,4.666666666666667,1.9227505550564008,12,
pound,5.3,1.4944341180973264,10,
pour,3.6,2.3664319132398464,10,
pout,5.1,2.282785822435191,10,
pouty,5.2727272727272725,1.555050423035156,11,
poverty,2.4,1.2649110640673518,10,
pow,5.8,1.6193277068654826,10,
powder,3.272727272727273,1.7372915179041823,11,
power,4.454545454545454,2.0670576365276494,11,
powered,5.8,0.9189365834726816,10,
powerful,3.4,2.0110804171997807,10,
powerhouse,5.0,2.04939015319192,11,
powerless,3.2,1.9888578520235063,10,
Powers,3.7,1.888562063228706,10,
pox,3.8,1.9888578520235063,10,
practicable,2.6,1.7126976771553504,10,
practical,4.2,1.9888578520235063,10,
practically,2.0,0.9428090415820634,10,
practice,3.0,2.04939015319192,11,
pragmatics,2.230769230769231,1.535895295576609,13,
pragmatism,2.9285714285714284,1.859043828435456,14,
prairie,3.5,1.8408935028645437,10,
praise,3.8,1.932183566158592,10,
prance,5.8,1.8737959096740264,10,
prank,3.727272727272727,2.2843339988236875,11,
prankish,3.1,2.183269719175042,10,
prawn,4.0,2.1122354181147664,14,
pray,3.6,2.1705094128132942,10,
prayer,4.153846153846154,1.9935794376846323,13,
preach,4.083333333333333,1.831955405041456,12,
preacher,4.166666666666667,1.7494587907710375,12,
preaching,3.727272727272727,1.7372915179041823,11,
precancerous,3.636363636363636,2.1105794120443453,11,
precarious,3.272727272727273,2.2401298663653004,11,
precautious,3.8,2.14993539954628,10,
precede,2.909090909090909,1.9211738835693897,11,
precedent,2.272727272727273,1.618079669911781,11,
precious,3.272727272727273,1.489356175728901,11,
precipitate,3.3,2.263232692902394,10,
precise,4.3,1.4944341180973264,10,
precision,3.4,1.6465452046971292,10,
preclude,3.7,2.0027758514399734,10,
precocious,3.6,1.8973665961010275,10,
precognition,2.8181818181818183,1.4709304414677002,11,
preconceive,3.0,2.04494943258218,12,
preconception,2.5454545454545454,1.5075567228888185,11,
precursor,3.5454545454545454,2.504541329810165,11,
predator,2.5454545454545454,1.2933395813657265,11,
predatory,3.8461538461538463,1.7722938923964169,13,
predetermine,3.0,1.8708286933869709,9,
predicament,3.3,1.8287822299126937,10,
predicate,2.5,1.6499158227686108,10,
predict,2.933333333333333,1.4375905768565218,15,
predictable,2.8181818181818183,1.9400093720485896,11,
prediction,3.0,1.9436506316151,10,
predictive,3.3846153846153846,2.142368686697878,13,
predispose,2.090909090909091,1.300349603340998,11,
predominance,3.3,1.946506842754191,10,
predominate,2.9,1.100504934614612,10,
preeminent,2.1,1.449137674618944,10,
preexist,2.2,1.932183566158592,10,
preface,3.090909090909091,2.256304299271065,11,
prefect,2.5454545454545454,1.694912172570388,11,
prefer,2.9,1.7919573407620817,10,
preferable,3.7,1.5670212364724212,10,
preference,3.5454545454545454,1.916436086262016,11,
preferential,2.7,1.2516655570345725,10,
prefix,3.333333333333333,1.775250729197189,12,
pregnancy,2.6666666666666665,2.309401076758503,12,
pregnant,3.0,2.10818510677892,10,
preheat,3.3846153846153846,2.142368686697878,13,
prejudge,3.5,1.90029237516523,10,
prejudice,3.363636363636364,1.8586407545691703,11,
prejudicial,3.0,1.8856180831641267,10,
preliminary,3.090909090909091,1.513574937328539,11,
prelude,3.727272727272727,1.4206272622267313,11,
premarital,3.6,2.1186998109427604,10,
premature,3.8,1.8135294011647256,10,
premeditate,3.1666666666666665,1.9462473604038075,12,
premeditated,4.5,1.6499158227686108,10,
premier,4.6,2.4585451886114367,10,
premiere,3.9,2.282785822435191,10,
premise,2.5,1.509230856356236,10,
premium,4.9,2.183269719175042,10,
preoccupy,2.230769230769231,1.4232501627054277,13,
prep,4.3,2.1628170930011112,10,
preparation,3.9,1.911950719959998,10,
prepare,3.1818181818181817,2.3587361793206894,11,
prepared,3.0,1.699673171197595,10,
prepay,3.4,1.776388345929897,10,
prepossession,2.9,1.911950719959998,10,
preposterous,4.2727272727272725,2.1489955370316194,11,
preschool,3.8,2.485513584307633,10,
prescribe,4.25,1.712255291076124,12,
presence,4.2,1.8135294011647256,10,
present,3.0,2.0976176963403037,11,
presentable,2.6,1.776388345929897,10,
presentation,2.9,1.9692073983655909,10,
preserve,4.0,1.563471919941143,10,
preset,2.5,2.068278940998476,10,
preside,2.4,1.1737877907772674,10,
president,4.0,2.260776661041756,10,
press,4.5,2.5055493963954847,10,
pressing,4.727272727272728,1.555050423035156,11,
pressure,4.1,1.8529256146249728,10,
prestige,3.8,1.6193277068654826,10,
prestigious,4.909090909090909,1.7002673586554236,11,
presumable,3.090909090909091,1.4459976109624424,11,
presume,3.8,1.932183566158592,10,
presuming,3.75,1.4847711791873706,12,
presumptive,2.7,1.4181364924121764,10,
presumptuous,3.1666666666666665,1.8504708655481243,12,
presuppose,2.5,2.223610677354389,10,
pretence,3.2,1.932183566158592,10,
pretend,4.1,2.0789954839350235,10,
pretended,3.1818181818181817,2.600699206681996,11,
pretender,3.636363636363636,2.292279532375024,11,
pretense,2.4,1.3498971154211057,10,
pretension,3.2,1.7511900715418265,10,
pretentious,3.5,1.9578900207451215,10,
pretext,2.3,1.3374935098492586,10,
pretty,3.5,2.0138409955990952,10,
pretzel,3.090909090909091,1.9725387425622571,11,
prevail,2.3,1.2516655570345725,10,
prevalence,2.090909090909091,1.044465935734187,11,
prevalent,2.2,1.3165611772087666,10,
prevent,3.2,1.6865480854231356,10,
prevention,3.0,1.8257418583505536,10,
preview,4.2,2.2997584414213788,10,
previous,2.6,1.6465452046971292,10,
prey,4.1,1.911950719959998,10,
price,2.5,1.6499158227686108,10,
priceless,3.2,1.6865480854231356,10,
prick,5.6,1.07496769977314,10,
prickle,5.909090909090909,1.300349603340998,11,
prickly,5.2,1.6193277068654826,10,
pride,4.866666666666666,1.7265434778633235,15,
priest,2.0,1.0540925533894598,10,
priestess,2.0,1.3333333333333333,10,
priesthood,4.363636363636363,2.2033033051637387,11,
prim,3.636363636363636,1.9116865471476892,11,
primacy,2.7,1.1595018087284057,10,
primal,4.333333333333333,1.9227505550564008,12,
primary,3.9,1.66332999331662,10,
primate,4.363636363636363,1.5015143870590966,11,
Primates,3.363636363636364,1.8586407545691703,11,
prime,3.6,1.7126976771553504,10,
primer,3.7,1.888562063228706,10,
primitive,2.7,1.636391694484477,10,
prince,4.2,2.3475755815545347,10,
princess,4.2727272727272725,1.9021518914592013,11,
principal,3.090909090909091,1.7002673586554236,11,
principally,3.1,1.5951314818673863,10,
principle,2.769230769230769,2.1273554065179203,13,
print,3.6,1.429840705968481,10,
printer,3.230769230769231,1.535895295576609,13,
printing,3.636363636363636,2.062654952856986,11,
prior,2.6,1.8973665961010275,10,
priority,5.1,1.8529256146249728,10,
prism,3.642857142857143,1.3926810257774174,14,
prison,4.384615384615385,1.9806758753205744,13,
prisoner,3.7,2.110818693198342,10,
privacy,3.636363636363636,1.747725795010606,11,
private,2.5,1.35400640077266,10,
privatize,3.090909090909091,2.119176512447486,11,
privilege,3.2,1.8135294011647256,10,
privileged,3.6666666666666665,2.059714602177749,12,
privy,3.0,1.4907119849998598,10,
prize,3.6,2.1705094128132942,10,
pro,4.2727272727272725,1.954016841836789,11,
probability,3.0,1.7888543819998317,11,
probable,4.0,2.0,11,
probably,3.4285714285714284,2.1737697038266783,14,
probate,4.1,2.1317702607092643,10,
probation,2.7,1.888562063228706,10,
probe,3.909090909090909,1.3751033019046572,11,
problem,3.272727272727273,1.6787441193290351,11,
problematic,4.1,1.9692073983655909,10,
procedure,3.0,1.632993161855452,10,
proceed,4.538461538461538,1.2659242088545832,13,
process,3.7,1.946506842754191,10,
proclaim,3.9,2.0789954839350235,10,
procrastinate,3.363636363636364,2.4605985967941733,11,
procrastination,3.636363636363636,2.335496832484569,11,
procreate,4.166666666666667,1.80067327475704,12,
proctology,2.5,1.90029237516523,10,
procure,3.0,1.3333333333333333,10,
prod,4.7,1.5670212364724212,10,
prodigal,3.0,2.088931871468374,12,
prodigious,3.142857142857143,1.7032612545052803,14,
prodigy,3.1818181818181817,2.088931871468374,11,
produce,3.6,1.7126976771553504,10,
producer,3.363636363636364,2.013590190318143,11,
product,3.4,2.4129281427805145,10,
production,2.9,2.2335820757001272,10,
productive,2.7777777777777777,1.563471919941143,9,
productivity,3.6,2.221110833194357,10,
profane,3.272727272727273,1.6787441193290351,11,
profanity,3.0,1.1832159566199232,11,
profess,3.8,1.5491933384829668,10,
professed,2.8181818181818183,1.2504544628399563,11,
profession,2.727272727272727,1.555050423035156,11,
professional,3.1,1.728840330651992,10,
professionalize,4.6,2.065591117977289,10,
professor,3.4,1.429840705968481,10,
proficiency,3.3,1.5670212364724212,10,
proficient,2.7,1.2516655570345725,10,
profile,2.9,1.911950719959998,10,
profit,3.272727272727273,2.004540300962248,11,
profitable,4.7,1.4944341180973264,10,
profound,3.4166666666666665,1.4433756729740643,12,
profuse,3.4615384615384617,1.7614096918559583,13,
program,2.5,1.5811388300841898,10,
programmer,3.7,1.4181364924121764,10,
programming,4.2,1.6193277068654826,10,
progress,3.5454545454545454,1.6348477827391985,11,
progressive,4.416666666666667,1.6764862244009229,12,
progressivism,2.6666666666666665,1.8257418583505536,12,
prohibit,2.8181818181818183,1.8877596148970777,11,
prohibition,4.1,1.911950719959998,10,
prohibitory,2.5,1.6499158227686108,10,
project,3.2,1.6865480854231356,10,
projector,3.5384615384615383,1.853617391992597,13,
proliferate,3.75,1.712255291076124,12,
prologue,2.9,1.66332999331662,10,
prolong,4.818181818181818,1.5374122295716148,11,
prom,3.7777777777777777,2.5385910352879693,9,
promenade,3.0,1.699673171197595,10,
prominence,3.769230769230769,1.640825308284734,13,
prominent,3.8,1.8135294011647256,10,
promiscuity,3.083333333333333,2.3532698077098573,12,
promiscuous,3.2,2.250925735484551,10,
promise,3.4,1.8973665961010275,10,
promising,2.3,1.946506842754191,10,
promote,4.090909090909091,1.9211738835693897,11,
promotion,4.818181818181818,2.0404990476930798,11,
prompt,3.7,1.4181364924121764,10,
prone,3.4,1.837873166945363,10,
prong,4.3,1.4944341180973264,10,
pronoun,3.272727272727273,2.4531982835029496,11,
pronounce,4.2,2.043961295567452,10,
pronounced,3.1,2.0789954839350235,10,
proof,3.5,1.9578900207451215,10,
prop,4.2,1.6193277068654826,10,
propaganda,3.5454545454545454,2.0670576365276494,11,
propagandist,3.7,2.110818693198342,10,
propagandize,2.363636363636364,1.5015143870590966,11,
propagate,2.9,1.3703203194062976,10,
propane,3.3,2.263232692902394,10,
propel,4.4,1.837873166945363,10,
propeller,4.9,1.66332999331662,10,
proper,3.1,1.5238839267549948,10,
property,3.4,1.776388345929897,10,
prophecy,3.5,2.223610677354389,10,
prophet,4.545454545454546,2.0670576365276494,11,
prophetic,2.7,1.70293863659264,10,
proportion,3.0,1.7638342073763935,10,
proposal,2.5,2.0138409955990952,10,
propose,3.5454545454545454,1.8635254955935727,11,
proposition,4.0,2.5,9,
propriety,1.8571428571428568,1.4600918230947435,14,
props,3.8,1.5491933384829668,10,
prose,3.6,1.6465452046971292,10,
prosecute,3.3,2.1628170930011112,10,
prosecution,2.2,1.0327955589886444,10,
prosecutor,4.9,2.0248456731316584,10,
prospect,3.2,1.0327955589886444,10,
prosper,4.181818181818182,1.9908883353006928,11,
prosperity,3.636363636363636,2.157439559882375,11,
prosperous,3.4545454545454546,2.339386088854781,11,
prostate,1.9090909090909087,0.9438798074485388,11,
prostitute,3.083333333333333,2.1933093855190746,12,
prostitution,3.9,2.1317702607092643,10,
prostrate,3.4,2.221110833194357,10,
protect,4.1,0.9944289260117531,10,
protecting,3.090909090909091,2.165850662190053,11,
protection,4.1,1.9692073983655909,10,
protectionism,3.5,2.223610677354389,10,
protective,3.3529411764705883,1.9345922202943773,17,
protector,4.083333333333333,2.5030284687057627,12,
protein,2.6,2.065591117977289,10,
protest,3.636363636363636,1.9116865471476892,11,
protocol,2.909090909090909,1.3751033019046572,11,
proton,2.6,1.837873166945363,10,
prototype,3.1666666666666665,1.992409839791244,12,
protractor,2.636363636363636,1.8586407545691703,11,
protrude,4.5,1.35400640077266,10,
proud,2.8,1.0327955589886444,10,
prove,3.8,1.8135294011647256,10,
proverb,4.0,1.8257418583505536,10,
proverbial,2.4545454545454546,1.3684762594679063,11,
provide,3.1,1.7919573407620817,10,
providential,2.4545454545454546,1.1281521496355325,11,
provider,3.363636363636364,1.689540012709215,11,
province,1.9,1.100504934614612,10,
provincial,2.1,0.8755950357709131,10,
provision,2.909090909090909,1.868397465987655,11,
provisional,2.4545454545454546,1.572490786213793,11,
provoke,4.0,1.1547005383792517,10,
provoking,3.0,1.8257418583505536,10,
provolone,2.727272727272727,2.2401298663653004,11,
prowess,3.3,1.766981104093143,10,
prowl,4.8,1.3165611772087666,10,
prowler,5.3,1.2516655570345725,10,
proxy,3.0,1.949358868961793,11,
Prozac,2.4615384615384617,1.5063966175050876,13,
prude,4.4,2.065591117977289,10,
prudence,2.8,1.6865480854231356,10,
prudent,2.9,1.728840330651992,10,
prudential,2.1666666666666665,1.19341628287971,12,
prudish,3.3,2.110818693198342,10,
prune,3.636363636363636,1.9632996344280853,11,
pry,5.727272727272728,1.1037127426019049,11,
prying,4.3,1.70293863659264,10,
psalm,2.5,1.7159383568311668,10,
psoriasis,2.3,1.8287822299126937,10,
psyche,2.9,2.0248456731316584,10,
psychiatry,2.4,1.07496769977314,10,
psychic,2.7,1.946506842754191,10,
psycho,4.3,1.70293863659264,10,
psychological,4.6,2.065591117977289,10,
psychologist,3.8,2.043961295567452,10,
psychopath,4.8,2.250925735484551,10,
psychopathic,3.5,2.3213980461973533,10,
psychosis,3.8,2.250925735484551,10,
psychotic,5.0,2.0548046676563256,10,
pub,4.0,2.449489742783178,10,
puberty,2.6,1.429840705968481,10,
pubes,3.4,1.9550504398153572,10,
pubic,3.8,1.7511900715418265,10,
public,2.0,1.0540925533894598,10,
publication,4.0,2.10818510677892,10,
publicist,3.4,1.776388345929897,10,
publicity,4.090909090909091,1.2210278829367869,11,
publish,3.8,1.4757295747452437,10,
publisher,2.6,1.577621275493231,10,
publishing,3.4,1.7126976771553504,10,
puck,4.545454545454546,1.572490786213793,11,
pucker,4.9,2.0789954839350235,10,
pudding,4.3,1.0593499054713802,10,
puddle,4.75,1.9128750375000736,12,
puff,5.3,2.1628170930011112,10,
puffy,6.7,0.6749485577105528,10,
pug,4.181818181818182,2.3587361793206894,11,
puke,5.454545454545454,1.752919642404429,11,
pule,3.555555555555556,2.006932429798716,9,
pull,4.8,2.3475755815545347,10,
pulley,4.1,2.2335820757001272,10,
pullover,4.2727272727272725,2.004540300962248,11,
pulp,4.545454545454546,2.2962419891481978,11,
pulpit,2.909090909090909,1.868397465987655,11,
pulsar,3.6,2.1705094128132942,10,
pulsate,5.454545454545454,1.8635254955935727,11,
pulse,5.2727272727272725,1.7372915179041823,11,
pulverize,4.181818181818182,2.4420557658735733,11,
puma,3.583333333333333,2.3532698077098573,12,
pummel,4.8,1.3165611772087666,10,
pump,4.636363636363637,1.804035879506129,11,
pumpernickel,3.8,2.2997584414213788,10,
pumpkin,3.8333333333333335,1.6422453217986943,12,
pun,3.8,1.398411797560202,10,
punch,5.9,1.911950719959998,10,
punctual,4.1,1.66332999331662,10,
punctuality,4.7,1.5670212364724212,10,
punctuate,5.0,2.04494943258218,12,
punctuation,2.8,1.8135294011647256,10,
puncture,5.1,1.5951314818673863,10,
pungent,3.7,1.888562063228706,10,
punish,4.454545454545454,1.572490786213793,11,
punishable,4.727272727272728,1.8488325554743508,11,
punishment,3.5,2.195035721390843,12,
punitive,2.7,1.70293863659264,10,
punk,4.8,1.9888578520235063,10,
punt,4.928571428571429,1.439245834257849,14,
puny,4.2,2.043961295567452,10,
pup,5.6,1.577621275493231,10,
pupil,3.5,1.509230856356236,10,
puppet,4.0,1.563471919941143,10,
puppy,3.3,2.057506581601462,10,
purchase,3.363636363636364,2.013590190318143,11,
pure,4.9,2.0248456731316584,10,
purely,3.923076923076923,1.9348358440936904,13,
purgatory,3.588235294117647,2.032818964191468,17,
purge,5.0,0.6666666666666666,10,
purify,4.4,1.3498971154211057,10,
purism,2.4166666666666665,2.0652243256245835,12,
purity,3.090909090909091,1.8140862964338524,11,
purl,3.1818181818181817,1.7786613965666325,11,
purple,3.3,2.213594362117865,10,
purpose,2.7,1.4181364924121764,10,
purposeful,4.0,1.563471919941143,10,
purposeless,4.1,1.7919573407620817,10,
purposely,2.1,0.8755950357709131,10,
purr,6.8,0.4216370213557839,10,
purse,3.5,2.41522945769824,10,
pursue,3.272727272727273,1.8488325554743508,11,
pursuit,3.571428571428572,1.7851647506079618,14,
pus,4.181818181818182,1.7215215257545762,11,
push,5.555555555555555,1.9436506316151,9,
pusher,4.6,1.3498971154211057,10,
pushing,5.5,1.8408935028645437,10,
pushover,4.363636363636363,2.4605985967941733,11,
pushy,5.666666666666667,1.874873733122184,12,
puss,4.75,2.0816659994661326,16,
pussy,4.727272727272728,2.1489955370316194,11,
put,2.1,2.1317702607092643,10,
put-put,4.909090909090909,1.9725387425622571,11,
putrid,5.384615384615385,1.8501559185854912,13,
putt,4.846153846153846,1.8187062180825984,13,
putter,4.2727272727272725,2.2401298663653004,11,
putty,4.8,1.7511900715418265,10,
puzzle,4.1,1.66332999331662,10,
pylon,3.909090909090909,1.9211738835693897,11,
pyramid,3.1,1.5238839267549948,10,
python,3.1818181818181817,1.9908883353006928,11,
quack,5.928571428571429,2.234839031005476,14,
quad,3.5,1.5811388300841898,10,
quadruple,4.0,2.10818510677892,10,
quagmire,3.090909090909091,2.165850662190053,11,
quail,3.571428571428572,1.869359648250035,14,
quaint,4.0,2.10818510677892,10,
quake,5.2727272727272725,1.618079669911781,11,
qualifiable,3.0,2.10818510677892,10,
qualification,3.176470588235294,2.186186580488016,17,
qualified,3.1818181818181817,2.1825756260978366,11,
qualify,2.5,0.97182531580755,10,
qualitative,2.3,1.2516655570345725,10,
quality,2.8,1.8737959096740264,10,
quandary,2.3,1.888562063228706,10,
quantify,3.3,1.766981104093143,10,
quantitative,3.3,2.496664441476534,10,
quantity,2.75,1.4847711791873706,12,
quantum,2.7,1.766981104093143,10,
quarantine,3.2,1.9888578520235063,10,
quarrel,4.7,2.110818693198342,10,
quarry,3.083333333333333,1.311372170551507,12,
quart,3.1538461538461537,2.444250186531439,13,
quarter,5.0,1.8856180831641267,10,
quartet,4.7,1.888562063228706,10,
quartz,2.8,1.932183566158592,10,
queasy,5.8,1.9888578520235063,10,
queen,3.7,2.0027758514399734,10,
queenly,2.909090909090909,1.5782614139961386,11,
queer,2.4,1.6465452046971292,10,
quell,3.727272727272727,1.489356175728901,11,
quench,4.545454545454546,2.1616492020508957,11,
quesadilla,4.1,2.378141197564929,10,
quest,3.2,1.6865480854231356,10,
question,3.5,1.7159383568311668,10,
questionable,4.181818181818182,1.9400093720485896,11,
questioning,3.5,1.8408935028645437,10,
queue,3.0,2.160246899469287,13,
quibble,3.909090909090909,2.165850662190053,11,
quiche,4.083333333333333,1.97522534195852,12,
quick,5.7,0.9486832980505138,10,
quicken,4.7,2.0027758514399734,10,
quickie,4.0,2.494438257849294,10,
quickly,3.8,2.6583202716502514,10,
quicksand,4.0,2.160246899469287,10,
quiet,4.454545454545454,2.2962419891481978,11,
quieten,2.857142857142857,2.14322341192107,14,
quill,3.8,1.398411797560202,10,
quilt,3.8181818181818175,1.7215215257545762,11,
quilted,4.6,1.3498971154211057,10,
quintessential,2.2857142857142856,1.3259870882635918,14,
quintet,2.9,2.0248456731316584,10,
quirk,5.2,2.0976176963403037,10,
quirky,5.090909090909091,1.7580981459830651,11,
quit,5.6,0.8432740427115678,10,
quite,3.769230769230769,1.786703022974913,13,
quitter,3.5,1.5811388300841898,10,
quiver,5.1,1.911950719959998,10,
quiz,3.363636363636364,1.689540012709215,11,
quota,2.4,1.577621275493231,10,
quotable,2.909090909090909,1.5782614139961386,11,
quotation,3.3,2.110818693198342,10,
quote,4.1,1.7919573407620817,10,
rabbi,2.8125,1.9397164741270825,16,
rabbit,4.4,2.0110804171997807,10,
rabble,4.8,1.6193277068654826,10,
rabid,4.545454545454546,1.9679246105293955,11,
rabies,2.909090909090909,1.7002673586554236,11,
raccoon,4.1,1.7919573407620817,10,
race,3.2,1.6193277068654826,10,
racer,4.3,2.1628170930011112,10,
racial,3.2142857142857144,1.847183778644646,14,
racism,3.5,2.0138409955990952,10,
racist,3.3846153846153846,2.063106942552968,13,
rack,4.3,1.888562063228706,10,
racket,4.4,1.8973665961010275,10,
racketeering,3.8,1.7511900715418265,10,
racoon,3.3,2.1628170930011112,10,
racquet,4.0,1.8257418583505536,10,
radar,3.9,2.1317702607092643,10,
radial,3.0,1.7888543819998317,11,
radiance,4.2,1.6193277068654826,10,
radiant,4.9,1.449137674618944,10,
radiate,4.2,1.6865480854231356,10,
radiation,4.1,1.9692073983655909,10,
radiator,3.1538461538461537,1.9513309067639728,13,
radical,3.6,1.6465452046971292,10,
radicalism,3.357142857142857,2.097879620259204,14,
radically,4.3,2.1628170930011112,10,
radio,4.705882352941177,1.9610171430393253,17,
radish,2.75,1.6583123951777,12,
radium,2.4166666666666665,1.781640374554423,12,
radius,2.1,1.8529256146249728,10,
raffle,3.5454545454545454,1.6348477827391985,11,
raft,3.5,2.1213203435596424,10,
rafter,3.1,1.911950719959998,10,
rag,4.181818181818182,1.7786613965666325,11,
rage,3.727272727272727,1.7372915179041823,11,
ragged,6.090909090909091,1.044465935734187,11,
raggedy,6.2,1.2292725943057183,10,
raid,3.8461538461538463,2.0754980866510837,13,
raider,4.666666666666667,2.188122205883115,12,
rail,4.4,1.776388345929897,10,
railing,3.727272727272727,2.195035721390843,11,
railroad,4.0,1.8973665961010275,11,
railway,4.0,2.6666666666666665,10,
rain,4.636363636363637,2.419616799112094,11,
rainbow,4.727272727272728,2.101947149236112,11,
raincoat,4.333333333333333,2.309401076758503,12,
raindrop,4.833333333333333,1.5859229221975182,12,
rainfall,5.0,2.309401076758503,10,
rainstorm,5.1,1.3703203194062976,10,
rainwater,4.2727272727272725,2.370270410350224,11,
rainy,5.7,2.110818693198342,10,
raise,4.181818181818182,1.7215215257545762,11,
raised,3.4,2.1705094128132942,10,
raisin,3.4,2.065591117977289,10,
raising,4.0,1.563471919941143,10,
rake,5.1,1.911950719959998,10,
rally,5.1,1.728840330651992,10,
ram,5.090909090909091,1.9211738835693897,11,
ramble,5.727272727272728,0.9045340337332908,11,
rambler,4.25,1.815338686155987,12,
rambling,4.6,1.429840705968481,10,
ramp,3.9,1.8529256146249728,10,
rampage,5.266666666666667,1.2227992865708155,15,
rampant,4.666666666666667,1.6696942198734437,12,
ramrod,4.0,1.7638342073763935,10,
ran,3.909090909090909,2.3001976199685736,11,
ranch,2.8,2.14993539954628,10,
rancher,4.4,1.776388345929897,10,
rancid,5.3,1.5670212364724212,10,
random,2.9,1.911950719959998,10,
randomize,3.6666666666666665,1.8257418583505536,12,
rang,5.9,1.3703203194062976,10,
range,3.5,2.1213203435596424,10,
ranger,3.4166666666666665,1.831955405041456,12,
rank,3.692307692307693,1.7974340685458343,13,
ranking,3.0,1.699673171197595,10,
ransack,4.545454545454546,2.018099916438052,11,
ransom,2.8,1.7511900715418265,10,
rant,3.636363636363636,2.1105794120443453,11,
rap,4.0,2.5385910352879693,10,
rape,4.1,2.183269719175042,10,
rapid,4.2727272727272725,1.954016841836789,11,
rapture,4.0,1.9436506316151,10,
rapturous,3.363636363636364,1.5015143870590966,11,
rare,3.090909090909091,1.868397465987655,11,
rarely,3.2,1.398411797560202,10,
rarity,4.0,1.699673171197595,10,
rascal,4.6,1.837873166945363,10,
rascally,3.636363636363636,1.2862913567871994,11,
rash,5.357142857142857,1.9848325973644323,14,
rasp,5.5,1.2692955176439846,10,
raspberry,3.909090909090909,1.5782614139961386,11,
raspy,5.2727272727272725,1.7372915179041823,11,
rat,4.1,1.8529256146249728,10,
rat-a-tat,3.6,2.065591117977289,10,
rat-tat,6.1,1.728840330651992,10,
ratchet,4.8,1.932183566158592,10,
rate,2.363636363636364,1.5015143870590966,11,
rather,2.0,0.816496580927726,10,
rating,3.8,2.485513584307633,10,
ratio,2.6,2.4129281427805145,10,
ration,2.7,0.9486832980505138,10,
rational,3.2,1.7511900715418265,10,
rationalism,3.071428571428572,1.7304639535412156,14,
rationality,3.1,1.66332999331662,10,
rationalize,3.363636363636364,2.1105794120443453,11,
rattle,5.6,1.9550504398153572,10,
rattled,5.8,1.4757295747452437,10,
rattler,5.818181818181818,0.6030226891555273,11,
rattlesnake,5.545454545454546,2.114882330704777,11,
rattling,6.0,1.3333333333333333,10,
ratty,4.0,1.9069251784911847,12,
raucous,3.6666666666666665,2.015094553763188,12,
raunchy,3.6,2.221110833194357,10,
ravage,3.7,1.888562063228706,10,
rave,4.3,2.057506581601462,10,
raven,3.3,2.0027758514399734,10,
ravenous,5.166666666666667,1.403458930534474,12,
ravine,3.1,2.1317702607092643,10,
ravioli,3.8,1.8737959096740264,10,
ravishing,4.3,2.057506581601462,10,
raw,5.0,1.4907119849998598,10,
rawhide,3.1,1.9692073983655909,10,
ray,4.4,2.1705094128132942,10,
raze,5.0,1.954016841836789,12,
razor,4.5,1.5811388300841898,10,
reach,4.25,2.050498830661811,12,
react,2.8,1.7511900715418265,10,
reaction,3.1,1.5951314818673863,10,
reactive,3.0,1.4770978917519928,12,
read,3.090909090909091,1.136181803634036,11,
readable,4.5,2.0138409955990952,10,
reader,5.8,1.2292725943057183,10,
readiness,4.4,1.505545305418162,10,
reading,3.9,2.1317702607092643,10,
readout,4.083333333333333,2.0207259421636903,12,
ready,3.5,2.15322168769582,12,
real,4.363636363636363,2.2033033051637387,11,
realism,3.2,1.4757295747452437,10,
realist,3.6,2.1186998109427604,10,
realistic,4.8,2.14993539954628,10,
reality,3.727272727272727,1.555050423035156,11,
realization,3.0,1.4142135623730951,11,
realize,2.0,1.3333333333333333,10,
really,2.6,2.0110804171997807,10,
realm,4.8,2.0976176963403037,10,
Realtor,2.2666666666666666,1.6676187756655838,15,
realty,2.7,1.5670212364724212,10,
ream,4.25,1.864744681524183,12,
reap,3.5454545454545454,1.694912172570388,11,
reaper,4.3,1.636391694484477,10,
rear,3.5454545454545454,2.0670576365276494,11,
reason,2.727272727272727,1.009049958219026,11,
reasonable,3.090909090909091,1.7002673586554236,11,
reasoned,2.833333333333333,1.5275252316519468,12,
reasoning,3.3,1.8287822299126937,10,
reasonless,4.0,1.7320508075688772,11,
reassure,4.153846153846154,1.7246329970051526,13,
rebate,2.6153846153846154,1.7097008285302209,13,
rebel,4.3,1.766981104093143,10,
rebellion,3.8181818181818175,1.9400093720485896,11,
rebellious,3.8,2.0976176963403037,10,
rebirth,4.6,1.837873166945363,10,
reborn,5.2,1.6193277068654826,10,
rebound,4.2727272727272725,1.8488325554743508,11,
rebuff,3.9,1.911950719959998,10,
rebuild,4.1,2.0789954839350235,10,
rebuke,3.3,1.4944341180973264,10,
rebut,2.8461538461538463,1.573009527739414,13,
recall,3.5,1.7159383568311668,10,
recap,4.2,2.043961295567452,10,
recede,3.5,1.5811388300841898,10,
receipt,3.8,2.250925735484551,10,
receive,3.0,1.8257418583505536,10,
recent,3.6,1.837873166945363,10,
receptacle,4.083333333333333,1.6764862244009229,12,
receptive,3.2,0.9189365834726816,10,
recess,4.181818181818182,1.4012980994907414,11,
recession,3.1818181818181817,2.1825756260978366,11,
recessive,3.0,2.160246899469287,10,
recharge,4.818181818181818,1.0787197799411874,11,
recipe,2.1818181818181817,0.873862897505303,11,
recipient,3.8181818181818175,2.0404990476930798,11,
reciprocate,3.9,2.378141197564929,10,
recite,2.9,1.5238839267549948,10,
reckless,4.090909090909091,1.3751033019046572,11,
reckon,4.454545454545454,1.572490786213793,11,
reckoning,3.7,1.946506842754191,10,
reclaim,3.4545454545454546,1.6348477827391985,11,
recline,4.7,1.70293863659264,10,
recliner,3.2,2.2997584414213788,10,
recluse,3.0,1.247219128924647,10,
recognition,2.909090909090909,1.6403990645294488,11,
recognize,2.8,1.1352924243950937,10,
recoil,4.454545454545454,1.8090680674665816,11,
recollect,2.7,1.3374935098492586,10,
recollection,3.9,2.4698178070456938,10,
recommend,4.0,1.3333333333333333,10,
recommendation,2.8181818181818183,2.1825756260978366,11,
recommendatory,2.909090909090909,1.7002673586554236,11,
reconcilable,3.5,1.5811388300841898,10,
reconcile,2.8,1.4757295747452437,10,
reconsider,3.083333333333333,2.1933093855190746,12,
record,4.666666666666667,1.497472618255253,12,
recorder,3.0,1.3333333333333333,10,
recording,3.8,1.8737959096740264,10,
recount,4.545454545454546,2.1616492020508957,11,
recourse,3.0,1.1547005383792517,10,
recover,3.9,1.5238839267549948,10,
recoverable,3.1,1.1972189997378648,10,
recovery,3.4,1.8973665961010275,10,
recreate,3.1,2.2335820757001272,10,
recreation,2.7,1.1595018087284057,10,
recreational,2.5,1.7795130420052183,10,
recruit,3.3,2.213594362117865,10,
recruitment,3.4545454545454546,1.916436086262016,11,
rectal,2.5,1.509230856356236,10,
rectangle,2.3,1.5670212364724212,10,
rectangular,3.5,1.9578900207451215,10,
rectify,3.636363636363636,1.9632996344280853,11,
rectum,3.0,0.8944271909999159,11,
recur,3.5,1.5075567228888185,12,
recycle,4.3,1.8287822299126937,10,
red,3.6,1.429840705968481,10,
redbrick,4.454545454545454,2.583162262175428,11,
reddish,4.727272727272728,1.8488325554743508,11,
redeem,3.3,1.766981104093143,10,
redeemable,4.0,1.954016841836789,12,
redemption,3.5,1.0801234497346437,10,
redemptive,2.727272727272727,1.348399724926484,11,
redemptory,2.636363636363636,1.689540012709215,11,
redhead,5.2,2.2997584414213788,10,
redirect,4.1,1.5951314818673863,10,
redneck,3.272727272727273,2.195035721390843,11,
reduce,3.727272727272727,1.7939291563999449,11,
reduction,3.6,1.837873166945363,10,
reductionism,3.0,1.7638342073763935,10,
redundant,4.0,2.0976176963403037,11,
reed,3.333333333333333,2.269694946796849,12,
reef,4.777777777777778,2.223610677354389,9,
reefer,4.2,2.2997584414213788,10,
reek,3.8,2.14993539954628,10,
reel,3.9,2.4244128727957577,10,
ref,3.2,2.14993539954628,10,
refer,3.272727272727273,1.954016841836789,11,
referee,3.9,1.911950719959998,10,
reference,2.5454545454545454,1.5075567228888185,11,
referential,2.090909090909091,1.044465935734187,11,
refill,4.545454545454546,1.572490786213793,11,
refine,3.8333333333333335,2.0375267241229382,12,
refined,3.230769230769231,1.4232501627054277,13,
refinement,3.6,1.9550504398153572,10,
refinery,2.8,1.4757295747452437,10,
reflect,3.8,2.14993539954628,10,
reflection,3.6,1.776388345929897,10,
reflex,4.636363636363637,1.8586407545691703,11,
reform,3.0,1.6733200530681511,11,
reformist,2.6666666666666665,1.8387366263150309,15,
refrain,3.615384615384616,1.5021352323976216,13,
reframe,3.4,2.221110833194357,10,
refresh,5.0,2.0,11,
refreshing,4.2727272727272725,2.053821272209882,11,
refreshment,4.454545454545454,1.572490786213793,11,
refrigerate,3.0,2.10818510677892,10,
refrigerator,2.5454545454545454,1.752919642404429,11,
refuel,2.9,1.7919573407620817,10,
refuge,2.5,1.35400640077266,10,
refugee,4.1,1.9692073983655909,10,
refund,3.9,2.330951164939612,10,
refurbish,3.7,1.888562063228706,10,
refusal,2.5,1.1785113019775793,10,
refuse,3.9,1.5951314818673863,10,
refute,3.333333333333333,1.4960264830861911,15,
regain,3.6,1.577621275493231,10,
regal,4.769230769230769,1.589226549501683,13,
regale,3.7,2.0027758514399734,10,
regard,2.9,1.1972189997378648,10,
regarding,2.0,1.3333333333333333,10,
regardless,3.0,2.0548046676563256,10,
regency,3.1538461538461537,1.6251232694862383,13,
reggae,4.1,2.378141197564929,10,
regime,2.6,1.3498971154211057,10,
region,3.2,1.8737959096740264,10,
regional,2.7,1.946506842754191,10,
register,2.5,1.35400640077266,10,
registered,2.923076923076923,1.8912755158683456,13,
registration,2.4,1.3498971154211057,10,
registry,3.083333333333333,2.0652243256245835,12,
regress,3.3,1.4181364924121764,10,
regression,3.090909090909091,1.7002673586554236,11,
regressive,2.8,1.3165611772087666,10,
regret,4.7,1.8287822299126937,10,
regretful,3.571428571428572,1.7851647506079618,14,
regrettable,3.7,2.110818693198342,10,
regroup,4.1,2.0248456731316584,10,
regular,3.2,1.5491933384829668,10,
regularize,3.363636363636364,1.8586407545691703,11,
regularly,2.9166666666666665,1.880924981991251,12,
regulate,2.5,1.2692955176439846,10,
rehab,3.4,1.7126976771553504,10,
rehabilitate,3.909090909090909,2.5477262590217755,11,
rehash,4.142857142857143,2.10702644491246,14,
rehearsal,2.6,1.7126976771553504,10,
reign,3.0,1.7638342073763935,10,
reimburse,3.727272727272727,1.618079669911781,11,
rein,3.615384615384616,1.8045526471705544,13,
reincarnation,4.1,1.911950719959998,10,
reindeer,3.5,1.8408935028645437,10,
reins,2.5,1.2692955176439846,10,
reinstate,2.1,1.286683937707919,10,
reiterate,3.090909090909091,1.9725387425622571,11,
reject,3.4,1.776388345929897,10,
rejection,4.5,2.0138409955990952,10,
rejoice,3.5454545454545454,1.6348477827391985,11,
rejoicing,4.090909090909091,1.6403990645294488,11,
rejoin,2.333333333333333,1.775250729197189,12,
rekindle,3.6666666666666665,1.8257418583505536,12,
relapse,4.7,1.0593499054713802,10,
relate,3.4,1.505545305418162,10,
related,3.2,1.8135294011647256,10,
relation,2.7,1.4944341180973264,10,
relationship,3.4545454545454546,2.46429041972071,11,
relative,2.8,0.7888106377466155,10,
relatively,2.3,1.4181364924121764,10,
relativism,2.363636363636364,1.6292775867068985,11,
relativity,2.727272727272727,1.348399724926484,11,
relax,4.0,1.2792042981336629,12,
relaxation,4.2727272727272725,1.9021518914592013,11,
relaxed,4.0,1.699673171197595,10,
relay,3.5,2.223610677354389,10,
release,3.4166666666666665,1.6213537179739277,12,
relent,3.1,1.728840330651992,10,
relentless,4.0,2.3570226039551585,10,
relevance,2.4,1.8973665961010275,10,
relevant,3.1,1.449137674618944,10,
reliable,3.272727272727273,1.7372915179041823,11,
reliance,3.0,1.0,11,
reliant,2.363636363636364,1.5015143870590966,11,
relic,3.25,2.137330535547045,12,
relief,3.1,1.66332999331662,10,
relieve,3.727272727272727,1.618079669911781,11,
religion,2.9,1.8529256146249728,10,
religious,3.8,2.14993539954628,10,
relinquish,3.1,1.9692073983655909,10,
relish,4.7,1.4944341180973264,10,
relocate,3.7,2.5407785333546005,10,
reluctance,2.8,1.932183566158592,10,
reluctant,3.0,1.8586407545691703,12,
remain,3.333333333333333,1.874873733122184,12,
remainder,3.5,1.90029237516523,10,
remake,3.0,1.7320508075688772,11,
remark,2.7,1.766981104093143,10,
remarkable,3.2,2.043961295567452,10,
remedy,3.3,1.766981104093143,10,
remember,3.272727272727273,1.555050423035156,11,
remembrance,3.0,2.0548046676563256,10,
remind,3.3,2.213594362117865,10,
reminder,3.090909090909091,2.256304299271065,11,
remindful,2.6,1.577621275493231,10,
reminisce,2.7,1.4944341180973264,10,
reminiscence,3.5,1.90029237516523,10,
reminiscent,4.1,2.282785822435191,10,
remissive,3.0,2.211083193570267,10,
remit,3.4,1.6818357317441643,15,
remodel,3.6666666666666665,2.461829819586655,12,
remorse,3.2,2.043961295567452,10,
remorseful,4.0,1.4907119849998598,10,
remorseless,3.9,2.4698178070456938,10,
remote,3.8,2.201009869229224,10,
remove,4.0,2.0,11,
render,3.230769230769231,2.087815690853567,13,
rendezvous,4.416666666666667,2.0652243256245835,12,
renegade,4.444444444444445,2.242270674512285,9,
renew,4.3,1.4181364924121764,10,
renounce,3.076923076923077,2.100061049173669,13,
renovate,3.0,1.699673171197595,10,
renown,2.6,1.577621275493231,10,
renowned,2.272727272727273,1.348399724926484,11,
rent,2.8181818181818183,2.3587361793206894,11,
rental,2.5,1.8408935028645437,10,
rents,2.333333333333333,2.015094553763188,12,
reopen,5.2,1.3165611772087666,10,
reorientation,2.9,1.286683937707919,10,
rep,3.2,1.1352924243950937,10,
repair,3.7,2.110818693198342,10,
repay,3.4,2.270584848790187,10,
repeat,4.8,0.9189365834726816,10,
repeated,4.0,1.7320508075688772,11,
repeater,2.5,1.1785113019775793,10,
repel,4.0,1.8257418583505536,10,
repent,2.4545454545454546,1.6348477827391985,11,
repentance,4.3,2.213594362117865,10,
repentant,2.076923076923077,1.4411533842457842,13,
repetition,4.8,1.5491933384829668,10,
repetitive,3.6,2.065591117977289,10,
replace,2.8,1.5491933384829668,10,
replay,3.230769230769231,2.006400016357911,13,
replenish,3.75,1.879716290649558,16,
reply,3.5,1.8408935028645437,10,
report,2.5,1.7159383568311668,10,
reportedly,2.6923076923076925,1.887883090687176,13,
reporter,4.2,2.043961295567452,10,
repossess,3.6,1.577621275493231,10,
reprehensible,3.1,1.911950719959998,10,
reprehension,2.6,2.0110804171997807,10,
represent,2.6,2.0110804171997807,10,
representation,2.8181818181818183,2.1362669223756576,11,
representational,2.9,2.1317702607092643,10,
representative,3.090909090909091,1.7580981459830651,11,
repress,3.090909090909091,1.9211738835693897,11,
repressed,3.1,1.9692073983655909,10,
repression,2.727272727272727,1.1037127426019049,11,
repressive,3.0,1.632993161855452,10,
reprieve,2.636363636363636,1.433368568981982,11,
reprimand,2.0,1.632993161855452,10,
reprint,5.1,1.728840330651992,10,
reprisal,1.9,0.9944289260117531,10,
reproach,3.5,1.4337208778404378,10,
reproduce,3.8,1.6865480854231356,10,
reproduction,3.3,1.636391694484477,10,
reptile,2.9,2.2335820757001272,10,
republic,2.1666666666666665,0.937436866561092,12,
republican,3.2,2.573367875415838,10,
repugnant,3.0,1.8856180831641267,10,
repulse,4.1,1.66332999331662,10,
repulsive,3.2,1.6193277068654826,10,
reputable,3.0,1.0540925533894598,10,
reputation,3.1,1.5951314818673863,10,
repute,2.2,1.1352924243950937,10,
reputedly,2.2222222222222223,1.7159383568311668,9,
request,1.7,1.0593499054713802,10,
require,3.090909090909091,1.5782614139961386,11,
requirement,3.1,1.449137674618944,10,
requisite,2.4,1.776388345929897,10,
rerun,4.833333333333333,2.443296332763787,12,
resale,4.0,1.247219128924647,10,
reschedule,3.5,2.223610677354389,10,
rescue,2.2,1.2292725943057183,10,
research,2.7,1.888562063228706,10,
resemble,3.1,1.286683937707919,10,
resent,4.090909090909091,1.8140862964338524,11,
resentful,3.6,1.7126976771553504,10,
resentment,3.583333333333333,1.880924981991251,12,
reservation,2.272727272727273,1.7372915179041823,11,
reserve,3.615384615384616,1.8045526471705544,13,
reserved,4.1,1.7919573407620817,10,
reservoir,4.545454545454546,1.9679246105293955,11,
reset,4.8,2.0976176963403037,10,
reside,3.2,1.4757295747452437,10,
residence,3.8181818181818175,1.662418829187267,11,
resident,3.625,1.5864005379054391,16,
residue,4.727272727272728,1.348399724926484,11,
resign,2.3,1.0593499054713802,10,
resignation,3.4,1.2649110640673518,10,
resigned,3.2,1.9888578520235063,10,
resilience,3.8,2.043961295567452,10,
resin,2.3,1.2516655570345725,10,
resist,4.090909090909091,2.0225995873897262,11,
resistance,4.4,1.429840705968481,10,
resistible,2.8,1.9888578520235063,10,
resolute,3.6,1.776388345929897,10,
resolution,3.0,1.7888543819998317,11,
resolve,3.1818181818181817,1.834021909257456,11,
resolved,4.090909090909091,1.7580981459830651,11,
resonant,2.636363636363636,1.747725795010606,11,
resonate,3.8,1.7511900715418265,10,
resort,3.0,1.632993161855452,10,
resound,3.9,1.449137674618944,10,
resounding,4.2,1.5491933384829668,10,
resource,3.0,1.8439088914585773,11,
resourceful,3.4166666666666665,1.729862492345632,12,
respect,3.090909090909091,1.9725387425622571,11,
respectability,3.3,2.057506581601462,10,
respectable,3.1,1.5951314818673863,10,
respectful,3.25,2.0943647333651407,12,
respecting,2.7,1.636391694484477,10,
respective,3.272727272727273,1.2720777563426766,11,
respectively,3.0,1.2649110640673518,11,
respirator,3.8,1.8135294011647256,10,
respite,2.909090909090909,1.868397465987655,11,
respond,2.7,2.1628170930011112,10,
response,3.0,2.160246899469287,10,
responsibility,3.0,2.160246899469287,10,
responsible,2.727272727272727,1.6787441193290351,11,
responsive,3.727272727272727,1.2720777563426766,11,
rest,4.1,1.911950719959998,10,
restaurant,4.2,2.201009869229224,10,
restful,4.083333333333333,1.5642792899510294,12,
resting,3.5,1.9771421064483223,12,
restive,3.0,1.563471919941143,10,
restless,4.2,2.201009869229224,10,
restoration,4.363636363636363,1.747725795010606,11,
restorative,2.272727272727273,1.618079669911781,11,
restore,3.4,1.776388345929897,10,
restrain,3.272727272727273,1.7372915179041823,11,
restraint,5.1,1.728840330651992,10,
restrict,4.090909090909091,1.8140862964338524,11,
restructure,3.4545454545454546,2.2074254852038093,11,
result,2.333333333333333,1.4354811251305468,12,
resume,2.6666666666666665,1.9227505550564008,12,
resurface,3.3,2.359378449224852,10,
resurrect,3.2,1.9888578520235063,10,
retail,3.25,1.764549903980152,12,
retain,3.4545454545454546,1.8090680674665816,11,
retake,3.3,1.946506842754191,10,
retaliate,3.8,1.8135294011647256,10,
retaliation,4.090909090909091,1.9211738835693897,11,
retard,3.727272727272727,1.7939291563999449,11,
retarded,2.7,1.888562063228706,10,
retch,4.555555555555555,2.4037008503093262,9,
retentive,2.909090909090909,1.4459976109624424,11,
rethink,4.1,2.4244128727957577,10,
retina,3.363636363636364,2.2033033051637387,11,
retire,4.3,1.766981104093143,10,
retired,3.3,1.4181364924121764,10,
retirement,2.6,1.429840705968481,10,
retiring,4.666666666666667,2.015094553763188,12,
retort,3.0,1.224744871391589,9,
retrace,3.272727272727273,1.618079669911781,11,
retract,3.2,1.3165611772087666,10,
retreat,4.4,1.8973665961010275,10,
retribution,2.2222222222222223,1.481365736219265,9,
retributive,2.5454545454545454,1.8635254955935727,11,
retrieval,3.5454545454545454,1.9679246105293955,11,
retrieve,3.7,1.5670212364724212,10,
retriever,4.5,1.90029237516523,10,
retroactive,2.25,0.9653072991634228,12,
retrospect,4.090909090909091,2.119176512447486,11,
retrospective,3.9,1.911950719959998,10,
retrospectively,2.8,1.8737959096740264,10,
return,2.7,1.2516655570345725,10,
reunion,4.1,1.911950719959998,10,
reunite,3.8,2.250925735484551,10,
rev,4.636363636363637,2.5009089256799126,11,
revalue,4.0,2.280350850198276,11,
reveal,3.1666666666666665,1.6966991126265962,12,
revel,3.0,1.3333333333333333,10,
revelation,3.1818181818181817,1.7786613965666325,11,
revelatory,3.3,1.70293863659264,10,
revenge,4.0,1.8618986725025253,16,
revengeful,3.1,2.330951164939612,10,
revenue,3.1,1.8529256146249728,10,
reverberate,3.7857142857142856,1.6723346844167577,14,
revere,3.7,1.8287822299126937,10,
reverence,4.0,1.9436506316151,10,
reverent,3.5454545454545454,2.114882330704777,11,
reverse,3.8181818181818175,1.9908883353006928,11,
revert,4.2,1.4757295747452437,10,
review,3.1,1.911950719959998,10,
revile,3.090909090909091,1.9211738835693897,11,
revise,3.583333333333333,1.6764862244009229,12,
revision,3.6666666666666665,1.8257418583505536,12,
revitalize,2.8,1.398411797560202,10,
revival,4.3,1.636391694484477,10,
revivalism,4.0,2.160246899469287,10,
revive,3.8,1.7511900715418265,10,
revoke,4.5,1.7837651700316894,12,
revolt,4.923076923076923,1.4411533842457842,13,
revolting,4.0,1.247219128924647,10,
revolution,3.6,1.776388345929897,10,
revolutionary,2.9,1.8529256146249728,10,
revolve,3.9,1.5238839267549948,10,
revolver,4.0,1.632993161855452,10,
revue,1.8666666666666667,0.990430401872025,15,
reward,2.9285714285714284,1.6854255666327542,14,
rewarding,3.3,2.263232692902394,10,
rewire,4.727272727272728,2.1489955370316194,11,
rewrite,4.2727272727272725,1.618079669911781,11,
rhapsodize,2.6,1.7126976771553504,10,
rhapsody,2.7142857142857144,1.6837947722821909,14,
rhetoric,3.5,2.138089935299395,8,
rhetorical,3.8,2.2997584414213788,10,
rhinestone,3.5,2.41522945769824,10,
rhino,3.583333333333333,2.151461800448216,12,
rhinoceros,3.0,1.4142135623730951,10,
rhubarb,3.25,1.9128750375000736,12,
rhyme,3.2,1.932183566158592,10,
rhythm,3.9,1.449137674618944,10,
rhythmic,3.636363636363636,1.747725795010606,11,
rib,3.9,2.183269719175042,10,
ribbon,4.333333333333333,1.3026778945578592,12,
rice,2.363636363636364,1.804035879506129,11,
rich,4.9,1.7919573407620817,10,
riches,4.333333333333333,1.556997888323046,12,
rickety,5.384615384615385,1.7577666482623882,13,
rickshaw,4.0,2.160246899469287,10,
ricochet,4.0,1.699673171197595,10,
ricotta,3.0,1.8257418583505536,13,
rid,4.0,1.4907119849998598,10,
riddance,4.166666666666667,1.8989630344113089,12,
riddle,4.4,1.776388345929897,10,
ride,2.9,1.728840330651992,10,
rider,3.333333333333333,1.7232808737106582,12,
ridge,3.4,2.0110804171997807,10,
ridicule,2.8461538461538463,1.9935794376846323,13,
ridiculous,4.3,2.0027758514399734,10,
riding,3.6,1.8973665961010275,10,
riff,5.0,2.211083193570267,10,
riffraff,5.5,1.2692955176439846,10,
rifle,2.6,1.577621275493231,10,
rift,5.6,1.505545305418162,10,
rig,4.153846153846154,2.0754980866510837,13,
right,3.2,2.3475755815545347,10,
righteous,2.8181818181818183,1.4709304414677002,11,
righteousness,3.5454545454545454,2.018099916438052,11,
rightful,3.4,1.7126976771553504,10,
rigid,5.4,1.429840705968481,10,
rigorous,4.4,1.505545305418162,10,
rile,3.727272727272727,1.6787441193290351,11,
rim,4.7,1.8287822299126937,10,
rind,3.7,1.636391694484477,10,
ring,6.1,1.5951314818673863,10,
ringer,5.7,1.3374935098492586,10,
ringmaster,4.8,1.8135294011647256,10,
ringworm,5.0,1.699673171197595,10,
rink,3.7,1.766981104093143,10,
rinky-dink,5.3,2.311805451253293,10,
rinse,5.090909090909091,1.5782614139961386,11,
riot,4.2727272727272725,1.7372915179041823,11,
rip,5.6,1.1737877907772674,10,
ripe,3.769230769230769,1.589226549501683,13,
ripen,3.8181818181818175,1.4709304414677002,11,
ripper,5.4,1.577621275493231,10,
ripping,5.0,1.8973665961010275,11,
ripple,6.2,0.7888106377466155,10,
rise,4.1,1.1972189997378648,10,
riser,3.1,1.7919573407620817,10,
rising,4.3,2.0027758514399734,10,
risk,2.8181818181818183,1.4709304414677002,11,
risky,4.0,1.8439088914585773,11,
Ritalin,1.9166666666666667,0.996204919895622,12,
rite,2.4545454545454546,1.752919642404429,11,
ritual,2.6666666666666665,1.370688833684684,12,
rival,3.7,1.636391694484477,10,
rivalry,3.4285714285714284,1.8277470669267508,14,
river,3.4,1.776388345929897,10,
riverbank,4.2727272727272725,2.2401298663653004,11,
riverboat,4.7,1.636391694484477,10,
rivet,3.4545454545454546,1.4396969378057567,11,
roach,2.7,1.5670212364724212,10,
road,3.3,1.766981104093143,10,
roadie,3.9,2.4244128727957577,10,
roadside,4.363636363636363,2.292279532375024,11,
roadway,3.636363636363636,2.419616799112094,11,
roam,5.7,1.4944341180973264,10,
roar,6.2727272727272725,1.7939291563999449,11,
roaring,5.3,2.057506581601462,10,
roast,5.0,0.9428090415820634,10,
roasting,4.818181818181818,1.2504544628399563,11,
rob,3.636363636363636,1.689540012709215,11,
robber,5.0,1.8257418583505536,10,
robbery,3.9,2.0248456731316584,10,
robe,3.727272727272727,2.053821272209882,11,
robin,3.8,2.0976176963403037,10,
robot,5.416666666666667,1.6764862244009229,12,
robust,3.5454545454545454,2.114882330704777,11,
rock,4.833333333333333,1.7494587907710375,12,
rocker,4.285714285714286,1.2043875831929896,14,
rocket,3.583333333333333,2.3532698077098573,12,
rocky,5.1,2.183269719175042,10,
rod,4.090909090909091,1.9725387425622571,11,
rodent,4.4,2.221110833194357,10,
rodeo,3.727272727272727,1.8488325554743508,11,
roe,3.1,1.5238839267549948,10,
rogue,2.8,1.6193277068654826,10,
roil,3.5454545454545454,1.752919642404429,11,
role,2.909090909090909,1.7580981459830651,11,
Rolex,2.8,1.9888578520235063,10,
roll,5.0,2.04939015319192,11,
roller,4.8,2.201009869229224,10,
rolling,5.3,1.888562063228706,10,
roman,2.7,1.4944341180973264,10,
romance,4.0,2.260776661041756,10,
romancer,4.4,1.6465452046971292,10,
romantic,2.7,1.888562063228706,10,
romanticism,3.7,2.1628170930011112,10,
romp,4.833333333333333,2.32900030576263,12,
roof,2.909090909090909,2.165850662190053,11,
roofer,4.0,2.0,10,
roofing,4.727272727272728,1.489356175728901,11,
rooftop,3.4545454545454546,2.114882330704777,11,
rook,4.3,1.4181364924121764,10,
rookie,3.8333333333333335,2.0816659994661326,12,
room,2.636363636363636,1.5666989036012806,11,
roomful,4.2,2.043961295567452,10,
roommate,4.0,1.7320508075688772,11,
roomy,4.2727272727272725,1.4206272622267313,11,
roost,3.727272727272727,1.4206272622267313,11,
rooster,4.111111111111111,1.8333333333333333,9,
root,5.0,1.699673171197595,10,
rooted,4.3,1.888562063228706,10,
rope,3.2,1.3165611772087666,10,
rosary,4.4,1.1737877907772674,10,
rose,4.4,2.1705094128132942,10,
rosebud,4.4,2.0110804171997807,10,
rosin,2.0,1.4770978917519928,12,
roster,2.5,1.8408935028645437,10,
rot,4.2,1.8135294011647256,10,
rotary,3.727272727272727,2.2401298663653004,11,
rotate,3.1,1.5238839267549948,10,
rotor,4.3,1.8287822299126937,10,
rotten,3.7,1.888562063228706,10,
rouge,3.4,2.270584848790187,10,
rough,5.1,1.5238839267549948,10,
roughen,5.1,1.66332999331662,10,
roulette,3.5294117647058822,1.972233729138852,17,
round,5.230769230769231,1.9215378456610457,13,
roundabout,4.5,1.8408935028645437,10,
rounded,5.3,1.70293863659264,10,
rounding,4.714285714285714,1.5898026693500449,14,
rousing,5.4,1.07496769977314,10,
route,4.0,1.699673171197595,10,
routine,2.909090909090909,1.868397465987655,11,
row,3.4545454545454546,1.694912172570388,11,
rowdy,5.4,1.07496769977314,10,
royal,4.363636363636363,1.9116865471476892,11,
rub,5.7,1.636391694484477,10,
rub-a-dub,5.461538461538462,1.2659242088545832,13,
rubber,5.2,1.7511900715418265,10,
rubbery,3.636363636363636,2.292279532375024,11,
rubbing,5.0,1.4142135623730951,10,
rubbish,4.5,1.8408935028645437,10,
rubble,5.4,1.577621275493231,10,
ruby,5.0,2.4083189157584592,11,
ruckus,5.3,1.636391694484477,10,
rudder,3.1538461538461537,1.4632243987255136,13,
rude,4.916666666666667,1.97522534195852,12,
rudimentary,1.8,0.6324555320336759,10,
rue,3.0,1.7638342073763935,10,
rueful,3.4,1.6465452046971292,10,
ruff,4.916666666666667,1.880924981991251,12,
ruffle,5.909090909090909,1.868397465987655,11,
rug,4.0,1.8856180831641267,10,
Rugby,1.4,0.966091783079296,10,
rugged,3.9,1.7919573407620817,10,
ruin,4.3,1.766981104093143,10,
rule,3.3,2.263232692902394,10,
ruler,2.7,1.888562063228706,10,
ruling,3.7,2.1628170930011112,10,
rum,2.8,1.932183566158592,10,
rumba,5.25,1.6025547785276542,12,
rumble,5.1,1.286683937707919,10,
rumbling,5.2727272727272725,1.7939291563999449,11,
rummage,4.8,1.2292725943057183,10,
rumor,3.8333333333333335,2.0816659994661326,12,
rump,4.153846153846154,1.8187062180825984,13,
rumple,4.545454545454546,1.3684762594679063,11,
rumpus,4.6,1.5946338585572373,15,
run,3.8,1.7511900715418265,10,
runaway,5.5,1.0801234497346437,10,
runner,4.4,1.7126976771553504,10,
running,4.2,1.6865480854231356,10,
runt,4.909090909090909,1.7002673586554236,11,
runway,4.1,1.66332999331662,10,
rupture,4.0,1.3333333333333333,10,
rural,3.0,1.699673171197595,10,
ruse,3.1,1.7919573407620817,10,
rush,4.4,2.3190036174568114,10,
rushes,3.4,1.9550504398153572,10,
rushing,5.2,1.398411797560202,10,
Russia,3.0,1.9436506316151,10,
rust,4.2727272727272725,1.7372915179041823,11,
rustic,4.2,2.3475755815545347,10,
rustle,5.5,1.5811388300841898,10,
rustler,4.454545454545454,1.8090680674665816,11,
rusty,5.6,1.505545305418162,10,
rut,4.3,1.4944341180973264,10,
ruthless,4.769230769230769,1.786703022974913,13,
rye,3.090909090909091,2.0225995873897262,11,
sabotage,3.9,2.0248456731316584,10,
sack,4.8,1.8135294011647256,10,
sacred,3.8,1.6865480854231356,10,
sacrifice,3.909090909090909,1.3751033019046572,11,
sacrificial,3.7,2.110818693198342,10,
sad,5.090909090909091,2.0714509627092528,11,
sadden,4.384615384615385,1.8501559185854912,13,
saddle,4.0,1.9436506316151,10,
sadist,4.2,1.6193277068654826,10,
sadistic,3.933333333333333,1.98086080374405,15,
safari,2.333333333333333,1.8257418583505536,12,
safe,3.75,1.815338686155987,12,
safeguard,4.545454545454546,1.8090680674665816,11,
safety,3.6666666666666665,1.6143297699232972,12,
saffron,2.1,1.8529256146249728,10,
sag,5.9,1.728840330651992,10,
saga,3.1,1.8529256146249728,10,
sage,4.6,1.505545305418162,10,
saggy,6.454545454545454,0.6875516509523286,11,
said,2.5454545454545454,1.752919642404429,11,
sail,3.1818181818181817,2.0404990476930798,11,
sailor,4.3,1.766981104093143,10,
saint,3.5454545454545454,2.0670576365276494,11,
sainted,3.909090909090909,1.8140862964338524,11,
saintly,4.4375,2.064582282206258,16,
sake,1.9,0.9944289260117531,10,
salaam,4.166666666666667,1.5275252316519468,12,
salad,3.1818181818181817,2.0404990476930798,11,
salamander,2.923076923076923,1.7059473644448735,13,
salami,2.363636363636364,1.6292775867068985,11,
salary,2.7,1.946506842754191,10,
sale,2.4,1.7126976771553504,10,
sales,3.090909090909091,1.4459976109624424,11,
saline,2.6666666666666665,1.5,9,
saliva,3.1,1.728840330651992,10,
salivate,3.4,1.837873166945363,10,
salmon,3.1818181818181817,1.662418829187267,11,
salmonella,2.7,1.4944341180973264,10,
salon,2.8,1.8737959096740264,10,
saloon,4.0,2.0548046676563256,10,
salsa,3.363636363636364,1.5015143870590966,11,
salt,4.615384615384615,2.433737233777904,13,
salted,4.5,1.7795130420052183,10,
saltwater,5.5,1.8408935028645437,10,
salty,4.5,1.243163121016122,12,
salutation,3.6666666666666665,1.9227505550564008,12,
salute,4.4,2.1705094128132942,10,
salvage,3.1538461538461537,1.5191090506254998,13,
salvation,2.8,1.8737959096740264,10,
salve,3.3076923076923075,2.0568833780186058,13,
same,3.6,2.1186998109427604,10,
sample,3.2,1.9888578520235063,10,
sampler,3.5,1.8618986725025253,16,
sanatorium,3.4,2.0110804171997807,10,
sanctified,3.9,1.7919573407620817,10,
sanctify,4.0,1.4142135623730951,10,
sanctimonious,2.5,1.4459976109624424,12,
sanction,2.4,1.429840705968481,10,
sanctity,3.363636363636364,1.747725795010606,11,
sanctuary,4.2,1.6193277068654826,10,
sanctum,3.7777777777777777,1.7873008824606014,9,
sand,3.0,2.335496832484569,12,
sandal,3.272727272727273,2.053821272209882,11,
sandbag,3.9,2.5144029554194813,10,
sandbox,5.2,1.2292725943057183,10,
sandman,4.3,2.359378449224852,10,
sandpaper,3.1818181818181817,2.4420557658735733,11,
sandstone,5.75,1.8322507626258089,8,
sandstorm,3.8,1.8135294011647256,10,
sandwich,3.3,2.311805451253293,10,
sandy,4.6,1.6465452046971292,10,
sane,3.6,1.577621275493231,10,
sang,4.9,1.5238839267549948,10,
sanitarium,3.923076923076923,1.4978617237881953,13,
sanitary,4.9,2.183269719175042,10,
sanitation,3.3,1.2516655570345725,10,
sanity,3.363636363636364,1.5666989036012806,11,
sap,4.545454545454546,2.018099916438052,11,
sapphire,4.0,2.280350850198276,11,
sarcasm,2.8,1.2292725943057183,10,
sarcastic,4.363636363636363,1.9632996344280853,11,
sardine,4.0,2.280350850198276,11,
sash,3.5,1.90029237516523,10,
sashay,5.0,1.4142135623730951,10,
sassy,5.0,1.3333333333333333,10,
sat,3.4,1.505545305418162,10,
satanic,4.076923076923077,1.3204505835470497,13,
satchel,2.9,1.911950719959998,10,
satellite,3.636363636363636,1.804035879506129,11,
satiable,3.0,1.5491933384829668,11,
satin,3.363636363636364,1.804035879506129,11,
satire,2.1818181818181817,1.5374122295716148,11,
satirical,2.7,1.1595018087284057,10,
satisfaction,5.0,1.563471919941143,10,
satisfactory,3.727272727272727,1.8488325554743508,11,
satisfied,3.5,1.9578900207451215,10,
satisfy,2.5,1.7795130420052183,10,
saturate,3.4,1.776388345929897,10,
Saturday,3.4,2.1186998109427604,10,
satyr,2.5,1.0801234497346437,10,
sauce,3.5,1.1785113019775793,10,
saucepan,4.1,2.5582111805799856,10,
saucer,4.545454545454546,2.018099916438052,11,
saucy,5.2727272727272725,1.4206272622267313,11,
sauna,3.583333333333333,1.6213537179739277,12,
saunter,4.384615384615385,1.8501559185854912,13,
sausage,2.3,1.4944341180973264,10,
savage,3.8,1.3165611772087666,10,
savagery,4.4,1.837873166945363,10,
savant,3.1,1.449137674618944,10,
save,3.3,2.406010991015812,10,
saving,3.272727272727273,1.7939291563999449,11,
savior,4.2727272727272725,2.4936282437809005,11,
savor,3.909090909090909,2.256304299271065,11,
savory,3.9,1.66332999331662,10,
savvy,3.5,2.068278940998476,10,
saw,4.416666666666667,1.6764862244009229,12,
sawdust,3.3,2.359378449224852,10,
sax,3.2,2.3475755815545347,10,
saxophone,3.8,2.043961295567452,10,
say,3.1,1.9692073983655909,10,
saying,3.4545454545454546,1.6348477827391985,11,
scab,4.5,2.273030282830976,10,
scabbard,3.8,1.8135294011647256,10,
scaffold,3.769230769230769,1.9215378456610457,13,
scaffolding,3.636363636363636,2.062654952856986,11,
scale,3.2,1.4757295747452437,10,
scaled,3.3,1.766981104093143,10,
scallion,2.833333333333333,1.7494587907710375,12,
scallop,3.090909090909091,1.8140862964338524,11,
scalp,4.3,1.946506842754191,10,
scalpel,4.416666666666667,2.0207259421636903,12,
scaly,4.8,1.6193277068654826,10,
scam,5.0,1.632993161855452,10,
scamp,5.0,2.04494943258218,12,
scamper,3.9,2.183269719175042,10,
scampi,2.9,1.9692073983655909,10,
scan,4.818181818181818,1.9400093720485896,11,
scandal,4.3,1.70293863659264,10,
scandalize,3.8181818181818175,2.1362669223756576,11,
scandalous,4.615384615384615,1.938146087479026,13,
scanner,4.4375,1.8962682651284688,16,
scapegoat,3.272727272727273,1.954016841836789,11,
scar,4.8,1.6865480854231356,10,
scarce,4.545454545454546,1.694912172570388,11,
scarcely,3.0,1.563471919941143,10,
scare,3.5,1.8408935028645437,10,
scarecrow,3.4,2.4585451886114367,10,
scarf,2.9,2.0248456731316584,10,
scarify,3.1818181818181817,2.088931871468374,11,
scarlet,3.4545454545454546,1.8635254955935727,11,
scary,5.166666666666667,1.5275252316519468,12,
scat,4.8,2.250925735484551,10,
scathing,4.363636363636363,2.013590190318143,11,
scatter,4.8,1.5491933384829668,10,
scattered,5.0,1.632993161855452,10,
scattering,5.6,0.8432740427115678,10,
scavenge,4.7,1.946506842754191,10,
scavenger,4.181818181818182,1.9908883353006928,11,
scenario,3.1818181818181817,1.8877596148970777,11,
scene,3.0,1.632993161855452,13,
scenery,4.3,1.4944341180973264,10,
scenic,3.272727272727273,1.1908743922772955,11,
scent,4.636363636363637,1.9116865471476892,11,
schedule,2.1,1.100504934614612,10,
scheme,3.2,1.6865480854231356,10,
schizophrenia,4.818181818181818,2.088931871468374,11,
schizophrenic,4.0,2.309401076758503,10,
schlump,5.6,1.776388345929897,10,
schmooze,5.4,2.4129281427805145,10,
scholar,4.230769230769231,1.786703022974913,13,
scholarly,3.1,2.2335820757001272,10,
scholarship,4.3,2.406010991015812,10,
scholastic,3.2,1.6193277068654826,10,
school,4.0,2.174229226018436,12,
schooling,2.7,1.636391694484477,10,
schooner,3.4545454545454546,1.916436086262016,11,
science,3.071428571428572,1.8999710813299528,14,
scientist,3.090909090909091,1.7002673586554236,11,
scissor,4.9,1.728840330651992,10,
scissors,3.2,1.932183566158592,10,
scoff,5.9,1.5238839267549948,10,
scold,4.363636363636363,1.9116865471476892,11,
scolding,4.8,1.398411797560202,10,
scone,3.5,2.068278940998476,10,
scoop,5.2,1.6865480854231356,10,
scoot,6.0,1.4142135623730951,11,
scooter,3.7,1.70293863659264,10,
scope,5.0,1.5491933384829668,11,
scorch,5.8,1.3165611772087666,10,
scorching,4.9,1.8529256146249728,10,
score,3.2857142857142856,1.4373357526806554,14,
scoreboard,3.571428571428572,2.20887321481358,14,
scorn,4.8,2.043961295567452,10,
scornful,3.909090909090909,2.385562636132007,11,
scorpion,4.818181818181818,1.7786613965666325,11,
scotch,2.9411764705882355,2.357715743980127,17,
scoundrel,3.5,1.9578900207451215,10,
scour,5.125,1.5438048235879214,16,
scourge,3.363636363636364,1.5666989036012806,11,
scout,3.5,1.7795130420052183,10,
scouting,3.8,1.5491933384829668,10,
scowl,5.8,1.0327955589886444,10,
scrabble,3.727272727272727,1.954016841836789,11,
scram,5.7,1.636391694484477,10,
scramble,4.4,1.6465452046971292,10,
scrambler,4.4,1.6465452046971292,10,
scrap,5.2,1.7511900715418265,10,
scrapbook,5.2727272727272725,1.1037127426019049,11,
scrape,5.833333333333333,1.6422453217986943,12,
scraper,5.3,2.0027758514399734,10,
scraping,4.4,1.9550504398153572,10,
scrappy,4.727272727272728,1.555050423035156,11,
scratch,5.181818181818182,2.272363607268072,11,
scratches,4.866666666666666,2.416215064536938,15,
scratchy,5.615384615384615,1.7577666482623882,13,
scrawl,5.5,1.35400640077266,10,
scrawny,3.9,2.0248456731316584,10,
scream,4.7,1.4944341180973264,10,
screamer,5.1,1.5238839267549948,10,
screaming,5.5,1.7159383568311668,10,
screech,4.833333333333333,2.2087978356535665,12,
screeching,5.6,1.9550504398153572,10,
screen,3.3,1.3374935098492586,10,
screening,4.2,2.201009869229224,10,
screenplay,3.727272727272727,2.412090756622109,11,
screw,5.583333333333333,1.831955405041456,12,
screwed,4.0,1.699673171197595,10,
scribble,5.538461538461538,1.126601424298216,13,
scribe,3.5,2.1213203435596424,10,
script,2.8181818181818183,1.5374122295716148,11,
Scripture,2.9166666666666665,1.97522534195852,12,
scroll,4.7,1.946506842754191,10,
scrotum,3.4,1.776388345929897,10,
scrounge,4.9,2.282785822435191,10,
scrub,6.1,0.8755950357709131,10,
scrubbed,4.333333333333333,1.969463855669324,12,
scruff,5.461538461538462,1.5063966175050876,13,
scruffy,5.090909090909091,1.2210278829367869,11,
scrumptious,4.909090909090909,2.0714509627092528,11,
scrunch,6.2727272727272725,0.7862453931068965,11,
scrunchy,6.1,1.5238839267549948,10,
scrutinize,4.4,2.270584848790187,10,
scrutiny,2.9,1.911950719959998,10,
scuba,3.8181818181818175,1.7786613965666325,11,
scuff,4.818181818181818,1.834021909257456,11,
scuffle,5.5,1.509230856356236,10,
sculpt,4.9,2.0248456731316584,10,
sculptor,3.272727272727273,1.7372915179041823,11,
sculpture,4.1,1.449137674618944,10,
scum,5.454545454545454,1.2135597524338355,11,
scumbag,5.416666666666667,1.5050420310248864,12,
scurry,6.0,1.3333333333333333,10,
scurvy,4.181818181818182,2.0404990476930798,11,
scutter,5.363636363636363,1.433368568981982,11,
scuttle,5.6,1.1737877907772674,10,
sea,3.1,2.1317702607092643,10,
seafood,4.2,1.932183566158592,10,
seagull,3.5,2.6770630673681683,10,
seal,4.1,2.378141197564929,10,
sealed,3.1,1.9692073983655909,10,
seam,2.8,1.2292725943057183,10,
seamless,4.5,1.7159383568311668,10,
seamstress,2.7,2.057506581601462,10,
seaport,4.4,2.0110804171997807,10,
sear,3.7,2.0027758514399734,10,
search,2.727272727272727,2.004540300962248,11,
searching,3.5,2.173067468400883,10,
seashore,4.8,2.043961295567452,10,
seasick,4.8,2.043961295567452,10,
seaside,4.0,2.0548046676563256,10,
season,2.909090909090909,1.9725387425622571,11,
seasonal,3.9,2.330951164939612,10,
seasoning,4.7,1.888562063228706,10,
seat,3.909090909090909,1.868397465987655,11,
seating,3.6,2.270584848790187,10,
seawater,4.909090909090909,2.385562636132007,11,
seaweed,5.0,1.7320508075688772,11,
sec,4.388888888888889,1.576999716098631,18,
seclude,3.6,1.505545305418162,10,
secluded,3.5,1.35400640077266,10,
seclusion,3.090909090909091,2.256304299271065,11,
second,3.3,2.0027758514399734,10,
secondary,3.909090909090909,1.868397465987655,11,
secondhand,4.454545454545454,2.1616492020508957,11,
secret,2.7,1.766981104093143,10,
secretary,2.5,1.6499158227686108,10,
secretion,4.9,1.3703203194062976,10,
secretive,3.1,2.2335820757001272,10,
sect,3.0,1.632993161855452,10,
section,3.727272727272727,1.7372915179041823,11,
sector,2.2,1.3165611772087666,10,
secularity,2.363636363636364,1.9116865471476892,11,
secure,3.6,1.577621275493231,10,
security,4.25,1.4847711791873706,12,
sedan,3.272727272727273,2.195035721390843,11,
sedate,2.9,1.286683937707919,10,
sedative,3.7,1.8287822299126937,10,
sediment,4.7,1.4181364924121764,10,
sedimentary,2.7,1.2516655570345725,10,
seduce,4.0,1.8856180831641267,10,
seduction,4.2,1.8737959096740264,10,
see,4.0,2.0548046676563256,10,
seed,3.4,1.776388345929897,10,
seedling,3.1666666666666665,1.7494587907710375,12,
seeing,3.363636363636364,2.2033033051637387,11,
seek,3.5,1.7159383568311668,10,
seeker,3.8,2.14993539954628,10,
seem,3.8181818181818175,2.1825756260978366,11,
seeming,2.363636363636364,1.5015143870590966,11,
seemly,3.363636363636364,1.5666989036012806,11,
seen,3.0,1.8439088914585773,11,
seep,5.9,1.5951314818673863,10,
seer,3.4,1.8973665961010275,10,
seesaw,4.9,2.1317702607092643,10,
seethe,4.8,1.9888578520235063,10,
segment,3.5,1.8408935028645437,10,
segregate,5.2,1.398411797560202,10,
segregation,3.727272727272727,2.195035721390843,11,
seismic,3.9166666666666665,1.6213537179739277,12,
seize,4.2,1.6865480854231356,10,
seizure,4.0,2.3570226039551585,10,
seldom,2.8,1.4757295747452437,10,
select,3.1,2.378141197564929,10,
selection,3.4,1.837873166945363,10,
selective,4.4,1.8973665961010275,10,
selectivity,3.25,1.712255291076124,12,
self,3.8181818181818175,2.3587361793206894,11,
selfhood,2.363636363636364,1.5015143870590966,11,
selfish,3.5,1.5811388300841898,10,
selfless,3.692307692307693,1.7974340685458343,13,
sell,2.7,1.766981104093143,10,
seller,2.6666666666666665,2.059714602177749,12,
selling,2.8,2.043961295567452,10,
sellout,3.636363636363636,1.5015143870590966,11,
semantic,2.5,1.90029237516523,10,
semantics,3.4,2.1705094128132942,10,
semblance,2.5,2.0138409955990952,10,
semen,3.0,2.0548046676563256,10,
semester,2.1,0.9944289260117531,10,
semi,3.1818181818181817,1.834021909257456,11,
semicircle,4.7,1.636391694484477,10,
semicolon,3.6,2.3190036174568114,10,
semiconscious,3.8,2.14993539954628,10,
seminar,2.8181818181818183,1.8877596148970777,11,
semiskilled,3.2,2.250925735484551,10,
senate,2.7,2.110818693198342,10,
senator,3.3,1.888562063228706,10,
send,3.583333333333333,2.0207259421636903,12,
sender,3.9166666666666665,1.880924981991251,12,
sends,4.0,2.04939015319192,11,
senile,3.692307692307693,1.6525039276108335,13,
senior,3.0,1.699673171197595,10,
sensational,4.6,1.505545305418162,10,
sense,4.4,1.1737877907772674,10,
senseless,3.4,1.07496769977314,10,
sensibility,2.7,1.0593499054713802,10,
sensible,3.1818181818181817,2.088931871468374,11,
sensitive,3.3,1.888562063228706,10,
sensitiveness,2.583333333333333,2.151461800448216,12,
sensitivity,3.3,1.8287822299126937,10,
sensitization,3.272727272727273,2.004540300962248,11,
sensor,3.6666666666666665,2.015094553763188,12,
sensory,3.5,1.4337208778404378,10,
sensual,4.2,1.5491933384829668,10,
sensualist,3.363636363636364,1.3618169680781094,11,
sensuality,4.0,1.3228756555322954,9,
sent,3.75,1.9128750375000736,12,
sentence,3.2,2.043961295567452,10,
sentiment,4.6,1.6465452046971292,10,
sentimental,4.0,1.4907119849998598,10,
sentimentalism,2.3,1.70293863659264,10,
sentimentality,2.7,1.4181364924121764,10,
sentimentalize,2.3,1.3374935098492586,10,
sentry,2.9,1.911950719959998,10,
separate,2.8,1.398411797560202,10,
separation,2.8,2.0976176963403037,10,
separatist,2.5454545454545454,1.752919642404429,11,
September,2.1,1.449137674618944,10,
septic,3.5,1.6499158227686108,10,
sequel,3.4,1.6465452046971292,10,
sequence,3.9,1.8529256146249728,10,
sequester,3.0,1.7638342073763935,10,
sequin,3.6666666666666665,2.059714602177749,12,
serenade,3.8333333333333335,2.4802248187442912,12,
serendipitous,3.0,1.9436506316151,10,
serendipity,3.1,1.3703203194062976,10,
serene,4.2,1.5491933384829668,10,
serenity,3.727272727272727,2.053821272209882,11,
serf,3.8333333333333335,2.0375267241229382,12,
sergeant,3.3846153846153846,2.063106942552968,13,
serial,2.9285714285714284,1.328057326976612,14,
series,2.6,1.577621275493231,10,
serious,2.8,2.0976176963403037,10,
seriously,4.454545454545454,2.018099916438052,11,
sermon,3.3,2.263232692902394,10,
serpent,4.0,1.632993161855452,10,
serrated,3.8181818181818175,1.834021909257456,11,
servant,3.5,1.90029237516523,10,
serve,4.2,1.6865480854231356,10,
server,3.9166666666666665,2.314316444667973,12,
service,2.6923076923076925,1.2506408613597126,13,
serviceable,3.25,2.261335084333227,12,
serving,3.8,1.2292725943057183,10,
servitude,3.909090909090909,2.21153998175685,11,
sesame,3.3,2.1628170930011112,10,
session,2.5,1.5666989036012806,12,
Sessions,2.5454545454545454,1.3684762594679063,11,
set,3.8,2.043961295567452,10,
setback,3.1818181818181817,2.1362669223756576,11,
setting,2.727272727272727,1.1908743922772955,11,
settle,4.583333333333333,1.2401124093721456,12,
settlement,3.0,1.3333333333333333,10,
settler,4.6,1.7126976771553504,10,
settling,3.363636363636364,1.804035879506129,11,
seven,3.7,2.5841396591085743,10,
seventeen,3.727272727272727,1.954016841836789,11,
seventh,4.357142857142857,2.4371213428059835,14,
sever,3.7,2.213594362117865,10,
several,2.6153846153846154,1.8045526471705544,13,
severance,3.9166666666666665,1.2401124093721456,12,
severe,4.2,1.7511900715418265,10,
severity,2.9166666666666665,1.97522534195852,12,
sew,3.2,1.932183566158592,10,
sewage,4.181818181818182,2.0404990476930798,11,
sewer,2.5,2.0138409955990952,10,
sewing,3.4,1.7126976771553504,10,
sex,3.2,2.440400695696417,10,
sexism,3.7,1.946506842754191,10,
sexist,3.8,2.043961295567452,10,
sexual,4.2,1.8135294011647256,10,
sexualize,4.7,1.766981104093143,10,
sexy,5.181818181818182,2.1825756260978366,11,
shabby,4.6923076923076925,1.4935759876113537,13,
shack,5.153846153846154,1.405118847058488,13,
shackle,4.8,1.7511900715418265,10,
shade,5.181818181818182,1.5374122295716148,11,
shaded,4.2,1.932183566158592,10,
shading,4.545454545454546,1.5075567228888185,11,
shadow,3.5,1.7795130420052183,10,
shadowed,3.6,1.2649110640673518,10,
shadowing,3.4,1.2649110640673518,10,
shadowy,5.0,1.7638342073763935,10,
shady,4.9,1.728840330651992,10,
shaft,3.923076923076923,1.5525000516123697,13,
shag,5.0,1.247219128924647,10,
shaggy,6.0,1.8856180831641267,10,
shake,6.0,1.35400640077266,13,
shaker,5.0,1.6641005886756874,14,
shaking,5.714285714285714,1.5898026693500449,14,
shaky,5.4,1.9550504398153572,10,
shall,2.75,1.9128750375000736,12,
shallot,2.5,1.90029237516523,10,
shallow,4.4,1.6465452046971292,10,
sham,4.0,2.211083193570267,10,
shaman,2.6666666666666665,1.370688833684684,12,
shamble,4.3,2.0027758514399734,10,
shame,2.8,1.398411797560202,10,
shameful,4.1,1.5951314818673863,10,
shameless,3.363636363636364,1.8586407545691703,11,
shampoo,3.1,1.9692073983655909,10,
shamrock,3.9,1.9692073983655909,10,
shank,5.2,1.082325538564332,15,
shanty,4.1,2.1317702607092643,10,
shape,1.4166666666666667,0.90033663737852,12,
shaped,3.4,1.837873166945363,10,
shapeless,5.0,1.1547005383792517,10,
shapely,4.727272727272728,1.9021518914592013,11,
shard,4.7,1.8287822299126937,10,
share,3.8,1.6193277068654826,10,
shark,4.5,1.5811388300841898,10,
sharp,5.363636363636363,0.9244162777371754,11,
sharpen,5.3,1.3374935098492586,10,
sharper,3.909090909090909,2.21153998175685,11,
sharpie,3.4,2.0110804171997807,10,
shatter,5.8,1.4757295747452437,10,
shatterproof,4.3,2.406010991015812,10,
shave,4.4,2.270584848790187,10,
shaven,4.1,1.8529256146249728,10,
shaver,4.2,2.485513584307633,10,
shaving,3.7,1.888562063228706,10,
shawl,4.4,1.776388345929897,10,
she,3.1,2.5144029554194813,10,
shear,5.090909090909091,2.0225995873897262,11,
sheath,3.272727272727273,1.7939291563999449,11,
sheathe,3.9,1.5951314818673863,10,
shed,3.4,1.9550504398153572,10,
sheen,4.5,2.41522945769824,10,
sheep,3.2222222222222223,1.7873008824606014,9,
sheepdog,4.181818181818182,2.315952582337636,11,
sheepish,4.0,2.0976176963403037,11,
sheer,4.0,1.5491933384829668,11,
sheet,3.7,2.1628170930011112,10,
shelf,3.9,1.66332999331662,10,
shell,4.090909090909091,2.21153998175685,11,
shellac,4.1,2.0248456731316584,10,
shelled,4.1,1.5951314818673863,10,
shellfish,4.6,2.221110833194357,10,
shelter,3.3,2.0027758514399734,10,
shelve,2.9166666666666665,1.5050420310248864,12,
shelves,3.230769230769231,2.1273554065179203,13,
shelving,3.6,1.577621275493231,10,
shepherd,3.2,1.6865480854231356,10,
sherbet,3.25,1.6583123951777,12,
sheriff,2.9,2.2335820757001272,10,
sherry,2.8,1.7511900715418265,10,
shh,6.4,1.2649110640673518,10,
shield,3.6,1.6465452046971292,10,
shift,2.727272727272727,1.6787441193290351,11,
shifty,4.333333333333333,1.8257418583505536,12,
shilling,4.0,1.563471919941143,10,
shimmer,5.666666666666667,1.6143297699232972,12,
shimmy,5.454545454545454,1.572490786213793,11,
shin,3.5384615384615383,2.4703368398993897,13,
shine,5.2,1.8737959096740264,10,
shiner,4.538461538461538,1.4500221041639685,13,
shingle,2.9,1.9692073983655909,10,
shingles,3.2,1.3165611772087666,10,
shining,5.2,1.6193277068654826,10,
shiny,5.6,1.776388345929897,10,
ship,5.090909090909091,0.8312094145936335,11,
shipmate,4.727272727272728,2.053821272209882,11,
shipment,3.090909090909091,2.0225995873897262,11,
shipping,5.111111111111111,1.90029237516523,9,
shipwreck,4.5,2.068278940998476,10,
shipyard,3.6,2.3664319132398464,10,
shire,3.9,1.5951314818673863,10,
shirk,4.5,2.0138409955990952,10,
shirt,2.0,1.1547005383792517,10,
shit,4.4,2.6331223544175333,10,
shitty,6.0,0.9428090415820634,10,
shiver,5.454545454545454,1.4396969378057567,11,
shock,5.7,1.3374935098492586,10,
shocker,5.4,0.699205898780101,10,
shocking,4.9,1.5951314818673863,10,
shoe,3.3,2.0027758514399734,10,
shoelace,3.727272727272727,2.004540300962248,11,
shoestring,3.909090909090909,2.21153998175685,11,
shoo,5.8,2.043961295567452,10,
shook,5.4,0.699205898780101,10,
shoot,5.2727272727272725,1.2720777563426766,11,
shooter,4.5,1.7795130420052183,10,
shop,3.9,2.2335820757001272,10,
shoplift,3.1,2.282785822435191,10,
shopper,3.9,2.2335820757001272,10,
shopping,2.9166666666666665,1.928651593652148,12,
shore,3.5,2.0138409955990952,10,
shoreline,4.090909090909091,2.586679162731453,11,
short,4.363636363636363,2.157439559882375,11,
shortage,3.4,1.577621275493231,10,
shortbread,3.1,2.0789954839350235,10,
shortcake,4.1,1.7919573407620817,10,
shortcut,4.4,2.065591117977289,10,
shorten,4.2,1.932183566158592,10,
Shorter,4.0,2.4037008503093262,10,
shorthand,3.7,1.70293863659264,10,
shot,4.8,1.3165611772087666,10,
shotgun,4.090909090909091,1.9211738835693897,11,
should,2.1,1.449137674618944,10,
shoulder,2.6,1.429840705968481,10,
shout,5.0,2.211083193570267,10,
shove,5.083333333333333,1.6213537179739277,12,
shovel,4.4,1.2649110640673518,10,
show,3.7,1.8287822299126937,10,
showboat,4.636363636363637,1.9116865471476892,11,
showcase,4.0,2.160246899469287,10,
showdown,3.0,2.280350850198276,11,
shower,4.7,2.057506581601462,10,
showing,3.5454545454545454,2.114882330704777,11,
shown,4.181818181818182,2.4420557658735733,11,
showroom,5.0,1.8257418583505536,10,
shrapnel,4.454545454545454,1.694912172570388,11,
shred,5.7,1.4181364924121764,10,
shredder,4.6,1.577621275493231,10,
shredding,5.181818181818182,1.662418829187267,11,
shrew,4.2727272727272725,1.6787441193290351,11,
shrewd,4.4,2.221110833194357,10,
shriek,6.5,1.0801234497346437,10,
shrill,4.5,2.3213980461973533,10,
shrimp,4.9,1.9692073983655909,10,
shrine,3.8,1.932183566158592,10,
shrink,5.5,1.7159383568311668,10,
shrivel,5.1,1.66332999331662,10,
shroud,4.2,2.14993539954628,10,
shrub,3.8181818181818175,1.9908883353006928,11,
shrubbery,3.9,1.9692073983655909,10,
shrug,4.5,1.7159383568311668,10,
shrunken,4.181818181818182,1.9400093720485896,11,
shuck,4.818181818181818,1.8877596148970777,11,
shudder,5.8,1.2292725943057183,10,
shuffle,6.0,0.9428090415820634,10,
shuffling,6.307692307692308,0.8548504142651103,13,
shun,4.0,1.4907119849998598,10,
shunt,4.090909090909091,1.9725387425622571,11,
shush,5.7,1.946506842754191,10,
shut,3.6,1.9550504398153572,10,
shutdown,4.470588235294118,1.8747548859392105,17,
shutter,4.2727272727272725,1.9021518914592013,11,
shuttle,3.8,1.7511900715418265,10,
shy,4.833333333333333,1.80067327475704,12,
si,4.7,1.5670212364724212,10,
sibling,2.1,1.728840330651992,10,
sick,3.6,1.776388345929897,10,
sicken,3.7,1.636391694484477,10,
sickening,4.5,1.9578900207451215,10,
sickle,3.8333333333333335,1.4668044012461754,12,
sickly,5.9,0.7378647873726218,10,
sickness,3.9,1.911950719959998,10,
side,2.923076923076923,2.100061049173669,13,
sided,3.6,2.1186998109427604,10,
sidekick,5.25,1.4222261679238195,12,
sideline,4.4,2.6331223544175333,10,
sideshow,4.1,1.5951314818673863,10,
sidestep,3.8,1.932183566158592,10,
sidetrack,4.454545454545454,2.2074254852038093,11,
sidewalk,4.4,2.1705094128132942,10,
siding,4.461538461538462,1.4500221041639685,13,
siege,4.0,2.449489742783178,10,
siesta,3.1,1.911950719959998,10,
sieve,3.75,1.712255291076124,12,
sift,4.909090909090909,1.5782614139961386,11,
sifter,4.714285714285714,2.198900824313101,14,
sigh,6.8,0.4216370213557839,10,
sight,3.727272727272727,1.489356175728901,11,
sighted,4.2,2.201009869229224,10,
sign,3.1,2.183269719175042,10,
signal,4.0,2.3664319132398464,11,
signature,3.4545454545454546,2.018099916438052,11,
significance,2.4444444444444446,1.4240006242195884,9,
significant,2.9,2.183269719175042,10,
signify,3.090909090909091,1.3751033019046572,11,
silence,4.8,2.201009869229224,10,
silent,3.8181818181818175,2.088931871468374,11,
silhouette,3.2,2.14993539954628,10,
silicon,3.2,1.6193277068654826,10,
silicone,3.1,1.8529256146249728,10,
silk,5.230769230769231,1.535895295576609,13,
silken,4.666666666666667,2.015094553763188,12,
silkworm,4.230769230769231,2.24179415327122,13,
silky,5.5,1.0801234497346437,10,
silly,5.2727272727272725,1.348399724926484,11,
silo,3.3,1.766981104093143,10,
silt,4.181818181818182,1.9400093720485896,11,
silver,4.3,2.406010991015812,10,
silverware,4.6,2.270584848790187,10,
similar,3.8,1.6193277068654826,10,
simile,2.8,1.7511900715418265,10,
simmer,6.2727272727272725,0.9045340337332908,11,
simper,2.8181818181818183,1.9908883353006928,11,
simple,4.083333333333333,1.6213537179739277,12,
simplicity,3.923076923076923,1.8009968749527978,13,
simplify,3.3,1.888562063228706,10,
simplistic,3.0,1.632993161855452,13,
simply,4.0,2.3570226039551585,10,
simulate,4.153846153846154,1.6251232694862383,13,
simultaneous,3.909090909090909,1.868397465987655,11,
sin,3.6,2.1186998109427604,10,
since,1.6,0.966091783079296,10,
sincere,3.230769230769231,1.6908501882113505,13,
sincerity,3.7,1.4181364924121764,10,
sinful,4.4,2.065591117977289,10,
sing,4.2727272727272725,1.9021518914592013,11,
singe,5.2,1.7511900715418265,10,
singer,3.9,1.9692073983655909,10,
single,2.5,1.5063966175050876,14,
singular,4.181818181818182,2.522624895547565,11,
sinister,4.0,1.7638342073763935,10,
sink,4.6,1.776388345929897,10,
sinker,5.214285714285714,1.5281246137553166,14,
sinkhole,4.909090909090909,2.0225995873897262,11,
sinless,3.1,2.378141197564929,10,
sinner,4.3,2.0027758514399734,10,
sinus,3.090909090909091,1.8140862964338524,11,
sip,5.2,1.8737959096740264,10,
sir,4.5,2.068278940998476,10,
sire,3.4545454545454546,1.8090680674665816,11,
siren,5.25,1.61245154965971,16,
sirloin,3.272727272727273,1.489356175728901,11,
sis-boom-bah,5.6,2.4585451886114367,10,
sissy,4.6,2.221110833194357,10,
sister,4.4,2.4129281427805145,10,
sisterhood,3.8,2.2997584414213788,10,
sit,3.363636363636364,2.540579747724022,11,
site,2.9166666666666665,0.996204919895622,12,
sitter,3.5454545454545454,2.0670576365276494,11,
sitting,3.4615384615384617,2.4363697247949534,13,
situate,3.4,1.505545305418162,10,
situation,2.4,1.2649110640673518,10,
six,4.833333333333333,2.0375267241229382,12,
sixteen,3.1,2.0789954839350235,10,
sixth,4.090909090909091,1.5782614139961386,11,
sixty,4.2,2.3475755815545347,10,
sizable,3.0,1.9436506316151,10,
size,3.2,2.485513584307633,10,
sizeable,3.727272727272727,2.4531982835029496,11,
sizzle,5.3,2.213594362117865,10,
skate,4.3,1.636391694484477,10,
skateboard,4.3,1.8287822299126937,10,
skater,4.909090909090909,1.4459976109624424,11,
skedaddle,4.7,2.0027758514399734,10,
skeet,4.8,1.9888578520235063,10,
skeletal,3.636363636363636,1.8586407545691703,11,
skeleton,3.9,1.9692073983655909,10,
skeptical,4.181818181818182,1.3280197150781925,11,
sketch,4.4,1.6465452046971292,10,
sketchbook,4.4,0.8432740427115678,10,
sketchpad,4.363636363636363,1.689540012709215,11,
sketchy,4.3,2.110818693198342,10,
skew,5.545454545454546,0.9341987329938276,11,
skewer,5.25,1.712255291076124,12,
ski,3.272727272727273,2.101947149236112,11,
skid,5.363636363636363,1.2060453783110543,11,
skiddoo,5.0,1.8586407545691703,12,
skies,4.1,1.9692073983655909,10,
skiff,3.4285714285714284,2.2434275189912047,14,
skiing,4.9,1.9692073983655909,10,
skill,4.0,2.0,12,
skilled,3.6,1.505545305418162,10,
skillet,3.7,1.4181364924121764,10,
skillful,3.4545454545454546,2.1616492020508957,11,
skim,5.230769230769231,1.6908501882113505,13,
skimming,4.2,1.9888578520235063,10,
skimp,4.0,1.4832396974191326,11,
skimpy,5.2,1.398411797560202,10,
skin,3.4,1.9550504398153572,10,
skinhead,4.5,1.90029237516523,10,
skinless,4.3,1.888562063228706,10,
skinny,4.6,1.7126976771553504,10,
skip,4.25,2.050498830661811,12,
skipper,5.0,1.8257418583505536,10,
skirmish,4.8,1.6865480854231356,10,
skirt,3.8,2.2997584414213788,10,
skit,4.5,1.623688281771977,12,
skitter,5.384615384615385,1.7577666482623882,13,
skittish,5.0,1.4142135623730951,10,
skittle,4.0,2.0,11,
skulk,4.5,2.3213980461973533,10,
skull,4.3,2.0027758514399734,10,
skunk,4.2,1.932183566158592,10,
sky,4.7,2.213594362117865,10,
skylight,4.6,1.8973665961010275,10,
skyline,4.727272727272728,1.8488325554743508,11,
slab,4.909090909090909,1.300349603340998,11,
slack,4.6,1.6465452046971292,10,
slacker,3.4,1.3498971154211057,10,
slacks,4.0,1.8856180831641267,10,
slag,4.636363636363637,1.5015143870590966,11,
slam,5.5,1.4337208778404378,10,
slander,3.6875,2.056493779875511,16,
slang,5.3,1.5670212364724212,10,
slant,5.2727272727272725,1.6787441193290351,11,
slap,6.0,1.4142135623730951,10,
slash,5.3,1.3374935098492586,10,
slashing,5.75,1.864744681524183,12,
slate,4.0,2.32379000772445,11,
slather,6.083333333333333,1.5050420310248864,12,
slaughter,5.0,1.247219128924647,10,
slaughterhouse,4.454545454545454,2.2074254852038093,11,
slave,3.8,1.7511900715418265,10,
slavery,5.2,1.8737959096740264,10,
slay,4.818181818181818,1.834021909257456,11,
sleaze,5.2727272727272725,1.489356175728901,11,
sled,3.9,1.1972189997378648,10,
sledge,5.0,1.0540925533894598,10,
sleek,5.090909090909091,1.868397465987655,11,
sleep,3.4615384615384617,1.8980421761815789,13,
sleeper,4.0,2.160246899469287,10,
sleeping,3.8181818181818175,2.0404990476930798,11,
sleepless,3.8,2.440400695696417,10,
sleepwalk,6.454545454545454,0.6875516509523286,11,
sleepy,4.2727272727272725,2.1489955370316194,11,
sleet,3.9,1.5238839267549948,10,
sleeve,4.1,2.183269719175042,10,
sleeveless,4.363636363636363,2.2033033051637387,11,
sleigh,3.7,1.8287822299126937,10,
slender,4.545454545454546,2.1616492020508957,11,
slept,2.8,1.6193277068654826,10,
slice,5.2727272727272725,1.489356175728901,11,
slicer,5.4,1.837873166945363,10,
slick,5.0,1.3333333333333333,10,
slicker,4.545454545454546,1.2135597524338355,11,
slide,4.727272727272728,1.8488325554743508,11,
slight,4.0,1.8257418583505536,10,
slighting,2.5,2.068278940998476,10,
slim,5.727272727272728,1.618079669911781,11,
slime,5.2,1.5491933384829668,10,
slimy,6.3,0.6749485577105528,10,
sling,5.3,1.4944341180973264,10,
slingshot,5.111111111111111,1.6158932858054431,9,
slinky,5.4,1.8973665961010275,10,
slip,4.9,2.183269719175042,10,
slipper,5.090909090909091,1.8140862964338524,11,
slippery,5.0,1.4907119849998598,10,
slit,5.9,1.449137674618944,10,
slither,5.6,1.2649110640673518,10,
slob,5.75,1.5447859516333116,12,
slobber,5.153846153846154,2.154303980645638,13,
slog,5.1,2.0248456731316584,10,
slogan,2.4,1.3498971154211057,10,
slop,5.8,1.4757295747452437,10,
slope,4.0,1.4832396974191326,11,
sloppy,4.9,1.449137674618944,10,
slosh,5.1,1.66332999331662,10,
slot,3.636363636363636,2.157439559882375,11,
sloth,4.7,2.263232692902394,10,
slouch,5.8,1.0327955589886444,10,
slow,3.6,1.776388345929897,10,
slowly,4.0,1.8257418583505536,10,
sludge,5.5,2.068278940998476,10,
slug,5.090909090909091,1.7002673586554236,11,
sluggard,4.636363636363637,1.747725795010606,11,
sluggish,6.0,1.2792042981336629,12,
slum,4.8,1.4757295747452437,10,
slumber,3.3,1.946506842754191,10,
slump,5.727272727272728,1.618079669911781,11,
slur,5.3,1.888562063228706,10,
slurp,6.4,1.2649110640673518,10,
slush,6.0,1.2649110640673518,11,
slushy,6.3,0.8232726023485646,10,
slut,5.333333333333333,2.188122205883115,12,
slutty,4.5,2.0138409955990952,10,
sly,4.9,1.728840330651992,10,
smack,5.6,1.7126976771553504,10,
small,4.0,2.3570226039551585,10,
smallpox,4.3,2.4517567397911058,10,
smart,4.1,1.8529256146249728,10,
smarten,3.363636363636364,2.1105794120443453,11,
smarty,4.636363636363637,1.747725795010606,11,
smash,6.090909090909091,1.8140862964338524,11,
smatter,3.2222222222222223,2.862594006219612,9,
smear,5.2,1.2292725943057183,10,
smell,3.5454545454545454,1.572490786213793,11,
smelly,5.545454545454546,1.2933395813657265,11,
smile,4.0,1.563471919941143,10,
smiley,6.0,1.0540925533894598,10,
smirk,5.363636363636363,2.013590190318143,11,
smitten,4.4,1.505545305418162,10,
smock,5.25,1.6025547785276542,12,
smog,5.2,1.2292725943057183,10,
smoke,4.214285714285714,1.7177163475234931,14,
smokehouse,4.6,2.913569784454954,10,
smoker,4.545454545454546,2.0670576365276494,11,
smoking,3.727272727272727,2.004540300962248,11,
smoky,5.1,1.5951314818673863,10,
smolder,5.1,2.0789954839350235,10,
smooch,6.153846153846154,1.6251232694862383,13,
smoosh,6.7,0.4830458915396479,10,
smooth,5.9,1.100504934614612,10,
smoothie,5.5,1.35400640077266,10,
smother,4.545454545454546,1.8090680674665816,11,
smudge,5.8,1.0327955589886444,10,
smug,4.9,1.449137674618944,10,
smuggle,4.1,1.7919573407620817,10,
smush,5.5,2.41522945769824,10,
smut,4.5,2.1213203435596424,10,
snack,3.636363636363636,1.6292775867068985,11,
snag,5.416666666666667,1.928651593652148,12,
snail,2.8181818181818183,1.4012980994907414,11,
snake,4.6,2.1186998109427604,10,
snap,6.4,1.07496769977314,10,
snapper,5.5,1.7795130420052183,10,
snappy,5.833333333333333,1.19341628287971,12,
snapshot,5.384615384615385,1.8501559185854912,13,
snare,4.4,1.6465452046971292,10,
snarky,5.545454545454546,1.9679246105293955,11,
snarl,5.5,1.7159383568311668,10,
snatch,5.8,1.8135294011647256,10,
snazzy,5.2,1.4757295747452437,10,
sneak,4.5,1.35400640077266,10,
sneaker,4.4,2.065591117977289,10,
sneaking,5.4,1.07496769977314,10,
sneaky,5.0,1.7888543819998317,11,
sneer,5.8,1.5491933384829668,10,
sneeze,4.6923076923076925,1.8432134703923733,13,
snicker,5.2,1.932183566158592,10,
snide,4.9,1.8529256146249728,10,
sniff,6.3,1.2516655570345725,10,
sniffle,5.8,0.9189365834726816,10,
snigger,5.2727272727272725,1.7372915179041823,11,
snip,5.769230769230769,1.640825308284734,13,
snipe,4.636363636363637,1.5015143870590966,11,
snippy,6.142857142857143,0.7703288865196433,14,
snitch,5.2727272727272725,1.8488325554743508,11,
snivel,4.8,1.6865480854231356,10,
snob,5.2,1.0327955589886444,10,
snobbery,4.25,1.864744681524183,12,
snobbish,4.9,2.0789954839350235,10,
snobby,3.909090909090909,1.8140862964338524,11,
snoop,4.8,1.7511900715418265,10,
snooty,5.0,1.8856180831641267,10,
snooze,5.7,1.946506842754191,10,
snore,5.0588235294117645,1.4348601079588783,17,
snorkel,5.0,2.160246899469287,10,
snort,4.727272727272728,2.2843339988236875,11,
snot,4.9,2.330951164939612,10,
snotty,4.9,1.5238839267549948,10,
snout,4.0,1.247219128924647,10,
snow,4.363636363636363,1.2060453783110543,11,
snowball,4.222222222222222,2.1666666666666665,9,
snowfall,4.454545454545454,2.2962419891481978,11,
snowflake,5.2,1.1352924243950937,10,
snowman,4.6,1.776388345929897,10,
snowstorm,4.363636363636363,2.013590190318143,11,
snowy,5.3,1.4181364924121764,10,
snub,5.3,1.8287822299126937,10,
snudge,3.727272727272727,1.8488325554743508,11,
snuff,5.363636363636363,1.747725795010606,11,
snuffle,5.5,1.8408935028645437,10,
snug,5.416666666666667,1.781640374554423,12,
snuggle,5.2,1.7511900715418265,10,
so,2.1666666666666665,1.6966991126265962,12,
soak,4.4,2.3664319132398464,10,
soap,3.6,2.221110833194357,10,
soapbox,3.6666666666666665,2.424621182533032,12,
soapy,3.5,1.6499158227686108,10,
soar,4.8,2.0976176963403037,10,
sob,4.8,1.8135294011647256,10,
sober,3.333333333333333,1.6087993330796877,18,
sobriety,3.0,2.1320071635561044,12,
soccer,3.4,2.3190036174568114,10,
sociability,4.2,1.8135294011647256,10,
sociable,4.4,1.6465452046971292,10,
social,2.8,1.9888578520235063,10,
socialist,2.4,2.0110804171997807,10,
sociality,3.363636363636364,2.013590190318143,11,
socialization,3.5,2.273030282830976,10,
society,3.5,2.3213980461973533,10,
sociocultural,4.2,2.440400695696417,10,
sociological,2.3,2.0027758514399734,10,
sociology,3.3,2.110818693198342,10,
sociopath,2.636363636363636,1.6292775867068985,11,
sociopolitical,3.3,1.5670212364724212,10,
sock,2.4,1.577621275493231,10,
socket,3.5,1.7159383568311668,10,
sod,3.5,2.6770630673681683,10,
soda,4.0,2.4083189157584592,11,
sodden,2.9166666666666665,1.781640374554423,12,
sodium,3.0,2.0976176963403037,11,
sofa,3.5,1.9771421064483223,12,
soft,4.636363636363637,1.5666989036012806,11,
softball,3.9,1.9692073983655909,10,
soften,4.2727272727272725,1.954016841836789,11,
softener,3.8,2.0976176963403037,10,
software,3.6666666666666665,2.461829819586655,12,
soggy,5.4,1.7126976771553504,10,
soil,4.153846153846154,2.034951016861497,13,
sojourn,2.533333333333333,1.6417180315870614,15,
solace,4.0,1.5491933384829668,11,
solar,3.4,1.577621275493231,10,
sold,3.5,1.90029237516523,10,
solder,2.8461538461538463,1.4632243987255136,13,
soldier,3.5,1.7795130420052183,10,
sole,4.2,1.398411797560202,10,
solely,3.6,2.0110804171997807,10,
solemn,3.7,1.4944341180973264,10,
solemnity,2.571428571428572,1.650840611711114,14,
solicit,3.3,2.110818693198342,10,
solicitor,3.4545454545454546,1.694912172570388,11,
solid,3.2,1.4757295747452437,10,
solidarity,2.75,1.4847711791873706,12,
solidify,4.0,1.563471919941143,10,
solitaire,3.0,1.5491933384829668,11,
solitary,3.7,1.8287822299126937,10,
solitude,3.4,2.1705094128132942,10,
solo,3.6,2.065591117977289,10,
solution,3.4166666666666665,2.0207259421636903,12,
solve,3.6,1.7126976771553504,10,
solvent,3.0,1.4142135623730951,10,
somber,3.6,1.3498971154211057,10,
sombrero,3.3,2.110818693198342,10,
some,2.3,1.946506842754191,10,
somebody,4.5,1.6499158227686108,10,
somehow,3.1,2.282785822435191,10,
someone,4.0,1.699673171197595,10,
somersault,3.636363636363636,1.804035879506129,11,
something,3.5,2.6352313834736494,10,
somewhere,3.9,1.728840330651992,10,
son,3.4,2.4129281427805145,10,
song,3.4,1.505545305418162,10,
songbird,4.666666666666667,2.1461734799546397,12,
sonic,4.2,2.3475755815545347,10,
sonnet,2.3,1.636391694484477,10,
sonorous,3.0625,1.7308475765743594,16,
soon,2.7,1.70293863659264,10,
sooner,3.5,2.0138409955990952,10,
soot,5.090909090909091,2.0714509627092528,11,
sooth,5.363636363636363,1.2862913567871994,11,
soothe,5.75,1.6025547785276542,12,
soothing,6.0,0.6666666666666666,10,
sophistic,4.3,2.1628170930011112,10,
sophisticated,4.3,2.0027758514399734,10,
sophistication,3.1818181818181817,2.1825756260978366,11,
sophomore,3.6,1.9550504398153572,10,
soprano,4.0,2.788866755113585,10,
sore,3.9,1.911950719959998,10,
sorrow,5.1,1.8529256146249728,10,
sorrowful,4.9,1.5238839267549948,10,
sorry,4.636363636363637,2.2033033051637387,11,
sort,3.4166666666666665,1.831955405041456,12,
sorted,3.727272727272727,1.8488325554743508,11,
souffle,4.2,2.440400695696417,10,
sought,3.6666666666666665,1.6696942198734437,12,
soul,4.75,1.6025547785276542,12,
soulful,4.1,1.7919573407620817,10,
soulless,3.3125,2.0886598574205424,16,
sound,4.0,1.8257418583505536,10,
sounding,3.6666666666666665,1.874873733122184,12,
soundless,4.1,2.4698178070456938,10,
soundproof,4.0,2.211083193570267,10,
soundtrack,4.071428571428571,2.0926349130034314,14,
soup,4.6,2.221110833194357,10,
sour,5.2,1.3165611772087666,10,
source,2.4,1.1737877907772674,10,
south,3.1818181818181817,2.1825756260978366,11,
southbound,4.2,1.932183566158592,10,
southeast,4.909090909090909,2.586679162731453,11,
southern,3.583333333333333,1.880924981991251,12,
southwest,3.692307692307693,2.42846369077981,13,
souvenir,3.4,1.8973665961010275,10,
sovereign,3.0,2.0,10,
soviet,2.833333333333333,1.6422453217986943,12,
sow,3.909090909090909,1.513574937328539,11,
soy,3.3,2.0027758514399734,10,
spa,3.8,2.043961295567452,10,
space,4.181818181818182,1.9400093720485896,11,
spacecraft,3.7,2.1628170930011112,10,
spaceship,4.090909090909091,2.586679162731453,11,
spacing,4.1,1.66332999331662,10,
spacious,5.25,1.6583123951777,12,
spade,2.8823529411764706,1.7986923354612536,17,
spaghetti,3.2,1.6865480854231356,10,
Spam,4.2,2.3944379994757297,10,
span,4.3,1.946506842754191,10,
spandex,4.9,2.0248456731316584,10,
spank,6.3,0.6749485577105528,10,
spanking,5.4,2.0110804171997807,10,
spar,4.090909090909091,1.7002673586554236,11,
spare,2.5,1.509230856356236,10,
sparing,3.363636363636364,2.013590190318143,11,
spark,4.7,1.888562063228706,10,
sparkle,6.0,0.9428090415820634,10,
sparkler,5.0,2.10818510677892,10,
sparkly,5.8,1.4757295747452437,10,
Sparks,5.461538461538462,1.713446070320696,13,
sparrow,3.6666666666666665,2.229281716090851,12,
spasm,5.1,1.449137674618944,10,
spat,5.181818181818182,1.4709304414677002,11,
spatter,5.7,1.1595018087284057,10,
spatula,3.909090909090909,1.8140862964338524,11,
spawn,4.2,1.4757295747452437,10,
speak,4.3,1.8287822299126937,10,
speaker,4.4,2.065591117977289,10,
speaking,3.363636363636364,1.8586407545691703,11,
spear,5.2,1.8737959096740264,10,
spearhead,4.3,1.70293863659264,10,
spearmint,3.9,2.1317702607092643,10,
spec,3.083333333333333,1.928651593652148,12,
special,4.2,1.8737959096740264,10,
specialism,1.8,1.0327955589886444,10,
specialist,4.0,2.494438257849294,10,
specialize,3.333333333333333,2.059714602177749,12,
species,3.1,1.911950719959998,10,
specifiable,2.7,1.3374935098492586,10,
specific,4.2,1.5491933384829668,10,
specifically,3.8181818181818175,2.272363607268072,11,
specify,2.9,1.3703203194062976,10,
specimen,2.909090909090909,1.8140862964338524,11,
speck,5.9,1.1972189997378648,10,
speckle,4.363636363636363,1.6292775867068985,11,
specs,3.0,1.563471919941143,10,
spectacle,4.090909090909091,1.3751033019046572,11,
spectacular,4.461538461538462,1.8980421761815789,13,
spectrum,3.727272727272727,2.1489955370316194,11,
speculate,4.1,2.1317702607092643,10,
speculative,3.0,2.0976176963403037,11,
speech,5.071428571428571,1.5915297775935682,14,
speechless,5.0,1.8856180831641267,10,
speed,4.2,1.932183566158592,10,
speedboat,4.2727272727272725,1.9021518914592013,11,
speeding,4.923076923076923,1.84668795692624,13,
speedometer,4.818181818181818,2.4420557658735733,11,
speedway,4.0,1.5491933384829668,11,
speedy,3.8,2.250925735484551,10,
spell,2.6,2.4129281427805145,10,
spellbound,4.214285714285714,1.9286731759891875,14,
spelling,3.1818181818181817,2.400757456228422,11,
spend,3.2,1.4757295747452437,10,
spent,3.6,1.776388345929897,10,
sperm,3.636363636363636,2.2033033051637387,11,
spew,5.636363636363637,2.377928816122437,11,
sphere,3.8333333333333335,1.9462473604038075,12,
spherical,5.090909090909091,1.136181803634036,11,
sphincter,3.2,2.5298221281347035,10,
sphinx,5.1,1.7919573407620817,10,
spic,2.9,2.183269719175042,10,
spice,4.8,2.0976176963403037,10,
spicy,4.4,2.065591117977289,10,
spider,3.0,2.0548046676563256,10,
spiel,3.4705882352941178,1.6999134926086508,17,
spiffy,4.8,2.1447610589527217,15,
spike,4.0,2.3570226039551585,10,
spiky,6.2,0.7888106377466155,10,
spill,5.6,1.577621275493231,10,
spin,4.5,2.223610677354389,10,
spinach,2.8,1.4757295747452437,10,
spinal,3.0,1.7888543819998317,11,
spindle,5.083333333333333,1.2401124093721456,12,
spine,5.0,1.563471919941143,10,
spineless,4.0,1.563471919941143,10,
spinner,4.0,2.1447610589527217,11,
spinning,6.0,0.9534625892455924,12,
spinster,4.5,2.068278940998476,10,
spiral,5.3,1.636391694484477,10,
spire,4.1,2.1317702607092643,10,
spirit,3.9,1.911950719959998,10,
spirited,4.181818181818182,1.60113596038449,11,
spiritism,3.9,2.0789954839350235,10,
spiritless,3.7,1.946506842754191,10,
spiritual,3.0,2.309401076758503,10,
spiritualism,3.4,1.9550504398153572,10,
spirituality,2.9,2.0789954839350235,10,
spiritualize,4.8,1.8737959096740264,10,
spirt,4.181818181818182,1.9400093720485896,11,
spit,6.2,0.7888106377466155,10,
spite,5.3,2.110818693198342,10,
spiteful,3.090909090909091,2.165850662190053,11,
spitfire,4.7,2.496664441476534,10,
spittoon,4.7,2.213594362117865,10,
splash,6.090909090909091,1.2210278829367869,11,
splat,5.4,1.837873166945363,10,
splatter,6.666666666666667,0.6513389472789296,12,
splay,4.8,1.6193277068654826,10,
spleen,4.181818181818182,2.272363607268072,11,
splendid,3.5,1.7320508075688772,12,
splendor,3.2,2.573367875415838,10,
splice,5.545454545454546,1.5075567228888185,11,
splint,4.75,2.137330535547045,12,
splinter,5.7,1.3374935098492586,10,
split,5.363636363636363,1.747725795010606,11,
splitting,5.7,0.8232726023485646,10,
splosh,5.545454545454546,1.916436086262016,11,
splotch,6.1,1.911950719959998,10,
splurge,5.8,1.2292725943057183,10,
splutter,4.9,2.183269719175042,10,
spoil,4.0,1.632993161855452,10,
spoiler,5.1,2.0248456731316584,10,
spoke,3.9166666666666665,2.0207259421636903,12,
spoken,3.4,2.221110833194357,10,
sponge,4.818181818181818,1.9400093720485896,11,
spongy,5.833333333333333,1.19341628287971,12,
sponsor,3.25,2.050498830661811,12,
spontaneity,2.3,1.4944341180973264,10,
spontaneous,3.7,2.213594362117865,10,
spook,5.7,1.1595018087284057,10,
spooky,6.2,0.7745966692414834,15,
spool,3.8,1.9888578520235063,10,
spoon,4.3,2.496664441476534,10,
spoonful,4.818181818181818,2.272363607268072,11,
spore,4.6,1.776388345929897,10,
sport,3.3,1.4944341180973264,10,
sporting,3.909090909090909,1.5782614139961386,11,
sports,3.2,2.201009869229224,10,
sporty,3.6,1.837873166945363,10,
spot,4.5,1.90029237516523,10,
spotless,4.6923076923076925,1.4366984945013914,13,
spotlight,4.6,2.3664319132398464,10,
spotted,4.2,1.4757295747452437,10,
spotter,4.0,2.4083189157584592,11,
spotty,5.363636363636363,1.3618169680781094,11,
spouse,2.8,1.8135294011647256,10,
spout,4.0,1.8257418583505536,10,
sprain,4.4,1.837873166945363,10,
sprang,6.0,1.1547005383792517,10,
sprawl,4.9,1.728840330651992,10,
spray,5.3,1.8287822299126937,10,
spread,4.636363636363637,1.026910636104941,11,
spreader,4.7,1.888562063228706,10,
spree,4.6,2.065591117977289,10,
spring,5.0,2.0816659994661326,13,
springboard,5.0,2.211083193570267,10,
sprinkle,5.545454545454546,1.2933395813657265,11,
sprinkler,5.083333333333333,1.4433756729740643,12,
sprinkling,5.6,0.966091783079296,10,
sprint,4.7,1.3374935098492586,10,
sprite,3.4,2.4129281427805145,10,
spritz,6.0,1.563471919941143,10,
sprocket,4.0,1.5954480704349312,12,
sprout,4.636363636363637,2.013590190318143,11,
spruce,4.727272727272728,2.053821272209882,11,
sprung,5.545454545454546,1.572490786213793,11,
spud,3.636363636363636,1.8586407545691703,11,
spun,5.0,2.0,10,
spunk,5.2727272727272725,1.9021518914592013,11,
spur,5.0,1.1832159566199232,11,
spurn,4.2727272727272725,1.954016841836789,11,
spurt,4.9,2.2335820757001272,10,
sputter,5.090909090909091,1.6403990645294488,11,
spy,4.545454545454546,1.9679246105293955,11,
squabble,5.363636363636363,1.9116865471476892,11,
squad,3.5,2.068278940998476,10,
squadron,2.4,1.3498971154211057,10,
squall,4.928571428571429,1.817195036917557,14,
squander,4.0,1.8973665961010275,11,
square,3.5,1.9771421064483223,12,
squash,6.0,1.3333333333333333,10,
squat,5.181818181818182,1.1677484162422844,11,
squatter,5.2,1.3165611772087666,10,
squaw,4.4,2.4129281427805145,10,
squawk,5.833333333333333,1.6966991126265962,12,
squeak,6.8,0.4216370213557839,10,
squeaky,5.909090909090909,1.300349603340998,11,
squeal,6.2,1.0327955589886444,10,
squeamish,4.0,1.949358868961793,11,
squeegee,4.5,2.592724864350674,10,
squeezable,5.1,2.5144029554194813,10,
squeeze,5.888888888888889,0.927960727138337,9,
squelch,5.5,2.0138409955990952,10,
squid,5.2,1.8135294011647256,10,
squiffy,5.3,0.9486832980505138,10,
squiggle,5.9,1.100504934614612,10,
squint,6.2,0.9189365834726816,10,
squire,2.7,1.4181364924121764,10,
squirm,6.1,1.100504934614612,10,
squirrel,4.4,1.8973665961010275,10,
squirt,5.8,2.0976176963403037,10,
squish,6.7,0.6749485577105528,10,
squishy,6.5,0.8498365855987975,10,
stab,5.2727272727272725,2.2401298663653004,11,
stability,3.4545454545454546,1.1281521496355325,11,
stabilize,3.2,1.8737959096740264,10,
stable,4.0,2.1320071635561044,12,
stack,4.1,2.0789954839350235,10,
stadium,4.4,2.0110804171997807,10,
staff,3.7,1.636391694484477,10,
stag,4.2,1.9888578520235063,10,
stage,3.5,2.173067468400883,10,
stagecoach,3.1,2.183269719175042,10,
staged,3.8,1.8135294011647256,10,
stagger,5.2727272727272725,1.7939291563999449,11,
stagnant,3.8,2.2997584414213788,10,
stagnate,3.8,2.699794230842212,10,
stain,4.416666666666667,2.4664414311581235,12,
stainless,3.5,2.1213203435596424,10,
stair,3.4,1.6465452046971292,10,
staircase,4.0,1.8439088914585773,11,
stairway,5.0,2.0,10,
stairwell,3.8461538461538463,2.1152680620571416,13,
stake,4.2,1.3165611772087666,10,
stakeout,4.2,1.8135294011647256,10,
stale,3.909090909090909,1.5782614139961386,11,
stalemate,3.7,2.359378449224852,10,
stalk,4.0,2.211083193570267,10,
stalked,3.8181818181818175,2.088931871468374,11,
stalker,5.0,1.4142135623730951,10,
stalking,4.8,1.3165611772087666,10,
stall,3.9,2.2335820757001272,10,
stallion,3.6,1.9550504398153572,10,
stamina,2.833333333333333,1.4668044012461754,12,
stammer,4.2,2.3944379994757297,10,
stamp,3.9,1.9692073983655909,10,
stampede,4.0,2.0,10,
stance,3.5,1.2692955176439846,10,
stanch,5.0,2.04939015319192,11,
stand,4.4,2.221110833194357,10,
standard,2.4,1.2649110640673518,10,
standardize,2.4,1.505545305418162,10,
standby,5.0,1.3333333333333333,10,
standing,3.8181818181818175,1.4709304414677002,11,
stank,5.1,2.4244128727957577,10,
staph,3.125,1.9621416870348585,16,
staple,4.0,2.0,14,
stapler,3.3,1.70293863659264,10,
star,4.2727272727272725,2.101947149236112,11,
starch,3.1,1.728840330651992,10,
stardom,3.2,1.8135294011647256,10,
stardust,3.8,2.201009869229224,10,
stare,4.0,2.04939015319192,11,
starfish,4.5,2.068278940998476,10,
stark,4.8,1.7511900715418265,10,
starlet,4.1,2.0248456731316584,10,
starlight,4.6,1.9550504398153572,10,
starling,3.5,2.0138409955990952,10,
starred,4.0,1.8439088914585773,11,
starry,4.2,1.932183566158592,10,
start,3.692307692307693,1.9741924671712985,13,
starter,3.5,1.7159383568311668,10,
startle,4.5,1.4459976109624424,12,
startling,4.3,2.110818693198342,10,
starvation,5.230769230769231,2.2043081361221617,13,
starve,3.5454545454545454,2.2074254852038093,11,
stash,4.2,1.932183566158592,10,
state,3.8181818181818175,1.834021909257456,11,
stated,3.2,1.6193277068654826,10,
statement,2.9,1.728840330651992,10,
static,5.25,1.288057028664069,12,
station,1.8,1.398411797560202,10,
statistic,3.8,1.9888578520235063,10,
statistics,3.6,1.429840705968481,10,
statue,4.333333333333333,1.497472618255253,12,
stature,3.636363636363636,1.5015143870590966,11,
status,3.3,1.4181364924121764,10,
statute,2.8,1.4757295747452437,10,
statutory,2.0,1.2649110640673518,11,
staunch,4.071428571428571,1.2066664642907567,14,
stay,3.1818181818181817,1.4012980994907414,11,
STD,3.8181818181818175,2.272363607268072,11,
steadfast,3.5454545454545454,1.572490786213793,11,
steady,4.1,2.4244128727957577,10,
steak,3.615384615384616,1.894661866862684,13,
steal,3.333333333333333,1.940285000290664,18,
stealing,3.8,2.201009869229224,10,
stealth,4.1,1.9692073983655909,10,
stealthy,4.25,2.179449471770337,12,
steam,5.2,1.3165611772087666,10,
steamboat,4.153846153846154,2.303842943364913,13,
steamer,4.1,2.330951164939612,10,
steamship,5.1,2.183269719175042,10,
steamy,4.222222222222222,1.2018504251546631,9,
steel,4.7,1.8287822299126937,10,
steep,5.363636363636363,1.433368568981982,11,
steepen,5.090909090909091,1.4459976109624424,11,
steeple,3.8,1.6193277068654826,10,
steer,3.8,1.3165611772087666,10,
steering,4.6,1.1737877907772674,10,
stegosaurus,3.6,2.0110804171997807,10,
stem,2.727272727272727,1.954016841836789,11,
stench,5.3,1.70293863659264,10,
stencil,3.7,2.213594362117865,10,
stenograph,2.9,1.66332999331662,10,
stent,4.1,2.330951164939612,10,
step,3.6,1.2649110640673518,10,
stepbrother,4.2,2.3475755815545347,10,
stepchild,2.909090909090909,1.6403990645294488,11,
stepdaughter,3.727272727272727,2.053821272209882,11,
stepfather,3.5454545454545454,2.2962419891481978,11,
stepladder,3.6666666666666665,2.3868325657594203,12,
stepmother,3.1,2.378141197564929,10,
stereo,3.2,1.8135294011647256,10,
stereotype,3.7,1.946506842754191,10,
sterile,3.333333333333333,1.5430334996209192,15,
sterilize,3.8181818181818175,2.0404990476930798,11,
sterling,3.636363636363636,1.689540012709215,11,
stern,3.9,1.3703203194062976,10,
sternum,2.5,1.6499158227686108,10,
steroid,2.636363636363636,1.9116865471476892,11,
stethoscope,2.833333333333333,2.32900030576263,12,
stew,5.1,1.911950719959998,10,
steward,2.4,1.3498971154211057,10,
stewardess,3.6,2.270584848790187,10,
stick,3.4545454545454546,2.3817487845545915,11,
sticker,5.583333333333333,1.928651593652148,12,
stickler,3.6666666666666665,1.775250729197189,12,
stickup,3.9,1.5951314818673863,10,
sticky,5.5,1.6499158227686108,10,
stiff,5.181818181818182,1.834021909257456,11,
stiffen,3.8,1.6865480854231356,10,
stifle,4.3,1.5670212364724212,10,
stigma,3.769230769230769,1.9644272343292228,13,
stigmatize,3.0,1.5374122295716148,12,
stiletto,4.2,1.9888578520235063,10,
still,4.1,2.1317702607092643,10,
stillborn,3.75,2.137330535547045,12,
stillness,3.909090909090909,2.165850662190053,11,
stilt,4.5,1.8408935028645437,10,
stilted,3.2,1.4757295747452437,10,
stimulant,2.9,1.8529256146249728,10,
stimulate,4.3,1.636391694484477,10,
stimulus,3.5,1.7159383568311668,10,
sting,5.454545454545454,1.572490786213793,11,
stinger,5.083333333333333,1.5642792899510294,12,
stingy,4.363636363636363,1.9116865471476892,11,
stink,5.666666666666667,0.8876253645985945,12,
stinker,3.6,1.505545305418162,10,
stinky,5.545454545454546,1.2135597524338355,11,
stint,3.75,2.050498830661811,12,
stipend,3.2777777777777777,1.7423971167384031,18,
stir,4.3,1.70293863659264,10,
stirring,4.818181818181818,1.7786613965666325,11,
stirrup,3.888888888888889,1.90029237516523,9,
stitch,4.818181818181818,1.60113596038449,11,
stock,3.9,1.9692073983655909,10,
stockade,3.4,2.221110833194357,10,
stocking,3.7,1.3374935098492586,10,
stockpile,3.1,2.2335820757001272,10,
stockroom,4.3,2.1628170930011112,10,
stocky,3.5,2.3213980461973533,10,
stockyard,3.823529411764706,2.0986690460160418,17,
stodge,4.2,1.9888578520235063,10,
stodgy,3.7857142857142856,2.2930856412794003,14,
Stoic,4.090909090909091,1.868397465987655,11,
stole,4.4,2.065591117977289,10,
stolen,4.1,1.1972189997378648,10,
stomach,2.7,1.766981104093143,10,
stomp,5.7,1.0593499054713802,10,
stone,3.4,1.9550504398153572,10,
stonewall,5.6,1.837873166945363,10,
stood,3.5454545454545454,1.9679246105293955,11,
stooge,4.1,1.911950719959998,10,
stool,3.7,1.3374935098492586,10,
stoop,4.909090909090909,2.165850662190053,11,
stop,5.181818181818182,1.60113596038449,11,
stopper,4.0,1.7638342073763935,10,
stopping,4.416666666666667,2.2343733444579583,12,
stopwatch,3.3,2.311805451253293,10,
storage,4.2,2.2997584414213788,10,
store,3.6,2.0110804171997807,10,
storeroom,4.0,2.280350850198276,11,
stork,4.090909090909091,2.119176512447486,11,
storm,5.545454545454546,1.5075567228888185,11,
stormy,4.7,1.888562063228706,10,
story,4.8,2.0976176963403037,10,
storybook,3.7,2.496664441476534,10,
stout,4.7,1.888562063228706,10,
stove,2.0,1.4907119849998598,10,
stow,3.8,2.573367875415838,10,
straddle,5.4,1.8973665961010275,10,
straggle,5.2727272727272725,1.9021518914592013,11,
straight,4.3,2.213594362117865,10,
straighten,4.727272727272728,1.348399724926484,11,
strain,4.5,1.9578900207451215,10,
strained,4.363636363636363,1.804035879506129,11,
strainer,4.454545454545454,1.9679246105293955,11,
strait,4.2727272727272725,1.618079669911781,11,
strand,4.3,2.0027758514399734,10,
strange,3.8181818181818175,2.1362669223756576,11,
stranger,4.0,1.699673171197595,10,
strangle,4.2727272727272725,1.618079669911781,11,
strangulate,4.363636363636363,2.062654952856986,11,
strap,3.9,1.66332999331662,10,
strapped,4.2,1.2292725943057183,10,
strapping,4.454545454545454,1.916436086262016,11,
strategic,2.636363636363636,1.2060453783110543,11,
strategy,3.083333333333333,1.831955405041456,12,
stratify,3.9,1.9692073983655909,10,
stratosphere,3.25,1.764549903980152,12,
straw,4.25,2.050498830661811,12,
strawberry,4.090909090909091,2.3001976199685736,11,
strawflower,4.090909090909091,2.0225995873897262,11,
stray,3.8181818181818175,1.7786613965666325,11,
streak,4.454545454545454,1.8635254955935727,11,
stream,4.6,1.6465452046971292,10,
streamer,4.545454545454546,1.694912172570388,11,
streaming,3.6666666666666665,1.9227505550564008,12,
streamline,3.363636363636364,1.433368568981982,11,
street,3.090909090909091,2.0714509627092528,11,
strength,4.454545454545454,1.8635254955935727,11,
strengthen,3.1,1.8529256146249728,10,
strenuous,3.7,1.70293863659264,10,
strep,3.2,1.1352924243950937,10,
stress,3.7,2.4517567397911058,10,
stressful,3.8461538461538463,1.6251232694862383,13,
stretch,4.166666666666667,1.9462473604038075,12,
stretcher,3.8,1.6865480854231356,10,
stretchy,5.75,1.2154310870109943,12,
strew,3.8181818181818175,2.272363607268072,11,
stricken,3.8,1.8135294011647256,10,
strict,4.6,1.9550504398153572,10,
stride,5.6,1.1737877907772674,10,
strident,3.4,2.270584848790187,10,
stridulate,2.833333333333333,1.80067327475704,12,
strife,4.2,2.14993539954628,10,
strike,5.5,1.2692955176439846,10,
striker,4.9,1.8529256146249728,10,
string,3.8333333333333335,1.8504708655481243,12,
stringency,3.8,1.7511900715418265,10,
stringent,3.5,1.505545305418162,16,
stringing,3.8181818181818175,1.60113596038449,11,
strip,4.8,1.6193277068654826,10,
stripe,5.363636363636363,1.5015143870590966,11,
striped,5.090909090909091,1.5782614139961386,11,
stripped,4.3,2.0027758514399734,10,
stripper,4.9,1.8529256146249728,10,
striptease,4.7,1.946506842754191,10,
strive,2.9,1.286683937707919,10,
stroganoff,2.3,2.057506581601462,10,
stroke,4.4375,1.4127396551853897,16,
stroll,4.636363636363637,1.5015143870590966,11,
stroller,4.230769230769231,1.9644272343292228,13,
strong,4.7,1.766981104093143,10,
stronghold,4.875,1.408308678285174,16,
struck,4.7,1.766981104093143,10,
structure,4.818181818181818,1.4709304414677002,11,
strudel,3.2,1.7511900715418265,10,
struggle,5.3,0.9486832980505138,10,
strum,5.0,1.6733200530681511,11,
strung,4.307692307692308,1.931519927613803,13,
strut,5.6,1.1737877907772674,10,
strutting,4.0,2.0,10,
stub,5.181818181818182,1.4709304414677002,11,
stubbed,5.583333333333333,1.4433756729740643,12,
stubble,4.181818181818182,1.9908883353006928,11,
stubborn,4.230769230769231,1.9215378456610457,13,
stuck,4.3,2.057506581601462,10,
stud,4.4,2.0110804171997807,10,
student,2.8181818181818183,1.7786613965666325,11,
studio,2.4166666666666665,1.0836246694508318,12,
study,4.4,2.3190036174568114,10,
stuff,3.909090909090909,1.7580981459830651,11,
stuffing,4.5,1.7795130420052183,10,
stuffy,5.8,1.0327955589886444,10,
stumble,5.4,0.966091783079296,10,
stump,4.4,1.9550504398153572,10,
stun,4.6,2.1705094128132942,10,
stung,5.2727272727272725,1.9021518914592013,11,
stunner,4.0,1.8257418583505536,10,
stunning,4.4,1.505545305418162,10,
stunt,4.363636363636363,1.1200649331826502,11,
stupefy,3.692307692307693,1.6525039276108335,13,
stupendous,4.7,2.057506581601462,10,
stupid,3.727272727272727,1.555050423035156,11,
stupidity,4.461538461538462,1.8980421761815789,13,
sturdy,4.636363636363637,1.3618169680781094,11,
stutter,5.8,2.0976176963403037,10,
sty,2.8,1.9888578520235063,10,
style,2.9,2.0789954839350235,10,
stylish,2.8,1.4757295747452437,10,
stylist,4.1,1.8529256146249728,10,
suave,4.6,2.0110804171997807,10,
sub,3.727272727272727,2.2401298663653004,11,
subconscious,3.4,1.6465452046971292,10,
subcontract,3.0,2.1213203435596424,13,
subdivide,4.0,2.3570226039551585,10,
subdue,3.0,1.9436506316151,10,
subdued,2.727272727272727,1.489356175728901,11,
subject,3.8,1.6193277068654826,10,
subjection,3.2,2.3475755815545347,10,
subjective,3.5,2.23606797749979,12,
subjectivism,2.3,1.8287822299126937,10,
subjectivity,2.5,1.5811388300841898,10,
subjunctive,2.6,1.837873166945363,10,
sublime,4.2,1.398411797560202,10,
subliminal,4.3,2.4517567397911058,10,
sublimity,3.0,1.7888543819998317,11,
submarine,3.3,2.263232692902394,10,
submerge,5.4,1.776388345929897,10,
submissive,3.5,2.0138409955990952,10,
submit,3.2857142857142856,1.3827826698682306,14,
suboptimal,2.2,1.4757295747452437,10,
subpoena,3.4545454545454546,1.572490786213793,11,
subprime,3.0,1.7541160386140584,14,
subscribe,2.333333333333333,1.3026778945578592,12,
subsequence,3.3,1.5670212364724212,10,
subsequent,2.6,1.505545305418162,10,
subservient,3.6,1.7126976771553504,10,
subside,3.636363636363636,1.433368568981982,11,
subsidize,2.9,2.0248456731316584,10,
substance,3.909090909090909,2.0225995873897262,11,
substandard,3.0,1.563471919941143,10,
substantial,4.7,2.110818693198342,10,
substantiate,2.6,1.505545305418162,10,
substantive,2.8461538461538463,1.8187062180825984,13,
substitute,3.9,1.8529256146249728,10,
subtitle,3.3,1.8287822299126937,10,
subtle,4.833333333333333,1.6422453217986943,12,
subtlety,2.8181818181818183,0.9816498172140428,11,
subtract,4.5,1.9578900207451215,10,
suburb,2.5,0.8498365855987975,10,
subversive,3.272727272727273,1.9021518914592013,11,
subway,3.5454545454545454,1.916436086262016,11,
subwoofer,3.090909090909091,2.119176512447486,11,
succeed,2.8181818181818183,1.60113596038449,11,
success,2.8,1.398411797560202,10,
successful,4.0,1.7638342073763935,10,
succession,3.5,1.9578900207451215,10,
succulent,4.4,2.1186998109427604,10,
succumb,3.2,1.6193277068654826,10,
such,2.5454545454545454,1.6348477827391985,11,
suck,5.545454545454546,1.4396969378057567,11,
sucker,4.9,1.9692073983655909,10,
sucking,5.666666666666667,1.4354811251305468,12,
suckle,4.666666666666667,1.9227505550564008,12,
suckling,4.4,1.8973665961010275,10,
suction,5.363636363636363,1.026910636104941,11,
sudden,3.6,1.837873166945363,10,
suds,5.5,1.8408935028645437,10,
sue,2.2,1.3165611772087666,10,
suede,3.6,1.7126976771553504,10,
suffer,3.8,1.5491933384829668,10,
suffice,1.7,1.2516655570345725,10,
sufficiency,3.5,1.90029237516523,10,
sufficient,3.2,2.043961295567452,10,
suffix,2.909090909090909,1.513574937328539,11,
suffocate,4.3,1.888562063228706,10,
suffrage,3.3,2.0027758514399734,10,
suffuse,2.636363636363636,1.747725795010606,11,
sugar,3.363636363636364,2.013590190318143,11,
suggest,2.7,1.4944341180973264,10,
suggestible,2.3,1.70293863659264,10,
suggestion,3.9,1.66332999331662,10,
suggestive,3.9,1.728840330651992,10,
suicidal,3.0,2.10818510677892,10,
suicide,3.8,2.201009869229224,10,
suit,4.615384615384615,1.938146087479026,13,
suitable,4.0,2.0,10,
suitcase,4.2,2.3475755815545347,10,
suite,4.1,2.282785822435191,10,
sulk,5.166666666666667,1.3371158468430429,12,
sulky,4.846153846153846,1.6251232694862383,13,
sullen,2.923076923076923,1.9774368283857795,13,
sulphur,3.5454545454545454,2.2074254852038093,11,
sultan,3.363636363636364,1.9632996344280853,11,
sultry,4.25,1.9128750375000736,12,
sum,3.7,1.2516655570345725,10,
summarize,3.090909090909091,1.9211738835693897,11,
summary,2.5454545454545454,1.2933395813657265,11,
summer,4.4,1.837873166945363,10,
summit,4.090909090909091,2.0714509627092528,11,
summon,4.1,1.5238839267549948,10,
summons,3.8,1.1352924243950937,10,
sump,4.6923076923076925,2.1750331562459526,13,
sun,3.909090909090909,1.9211738835693897,11,
sunbathe,4.2,1.9888578520235063,10,
sunbeam,4.0,2.494438257849294,10,
sunburn,5.6,1.577621275493231,10,
sundae,3.636363636363636,1.6292775867068985,11,
Sunday,3.7,2.359378449224852,10,
sundial,3.272727272727273,1.8488325554743508,11,
sundown,5.0,1.8856180831641267,10,
sunflower,3.6,2.4129281427805145,10,
sunk,5.3,1.1595018087284057,10,
sunlight,5.545454545454546,1.694912172570388,11,
sunny,5.3,1.4181364924121764,10,
sunrise,4.818181818181818,2.227921983292136,11,
sunroof,4.1,1.728840330651992,10,
sunset,5.363636363636363,2.377928816122437,11,
sunshine,4.7,2.057506581601462,10,
sunspot,5.5,2.0138409955990952,10,
sup,4.0,2.581988897471611,10,
super,4.333333333333333,2.0,9,
superb,3.9,1.449137674618944,10,
superficial,3.6,2.221110833194357,10,
superhuman,3.6666666666666665,1.6696942198734437,12,
superior,4.181818181818182,1.8877596148970777,11,
superiority,4.5,1.5811388300841898,10,
superlative,3.1666666666666665,1.5275252316519468,12,
supermarket,3.272727272727273,1.954016841836789,11,
supersede,3.0,2.1447610589527217,11,
superstar,4.181818181818182,2.272363607268072,11,
superstitious,3.4545454545454546,2.2074254852038093,11,
supper,3.230769230769231,1.832750490103429,13,
supplement,2.636363636363636,1.5666989036012806,11,
supply,3.2,2.043961295567452,10,
support,3.6,1.8973665961010275,10,
supportable,4.3,2.1628170930011112,10,
supporter,4.4,2.0110804171997807,10,
supportive,3.3,1.888562063228706,10,
suppose,3.2,1.398411797560202,10,
supposed,1.9090909090909087,0.8312094145936335,11,
supposition,2.2222222222222223,1.481365736219265,9,
suppress,4.0,1.5954480704349312,12,
suppression,3.5454545454545454,1.752919642404429,11,
supremacy,3.363636363636364,1.6292775867068985,11,
supreme,4.090909090909091,1.9211738835693897,11,
sure,3.2,2.5298221281347035,10,
surely,2.3,1.3374935098492586,10,
surf,4.6,2.0110804171997807,10,
surface,3.1,1.8529256146249728,10,
surge,5.545454545454546,1.694912172570388,11,
surgeon,2.363636363636364,1.804035879506129,11,
surgery,3.7,2.4517567397911058,10,
surgical,3.1818181818181817,1.4709304414677002,11,
surmise,2.090909090909091,1.136181803634036,11,
surmount,3.8181818181818175,2.1362669223756576,11,
surname,4.090909090909091,1.6403990645294488,11,
surpass,4.0,2.215646837627989,12,
surpassing,3.5,1.0801234497346437,10,
surplus,3.1818181818181817,1.662418829187267,11,
surprise,5.1,2.330951164939612,10,
surprising,4.266666666666667,2.051712409068047,15,
surreal,3.8333333333333335,1.5859229221975182,12,
surrealistic,2.8,2.043961295567452,10,
surrender,4.0,0.9428090415820634,10,
surround,4.5,1.5811388300841898,10,
surrounding,3.6,1.429840705968481,10,
surveillance,3.8,1.8737959096740264,10,
survey,2.9,2.0789954839350235,10,
survivable,3.6,2.221110833194357,10,
survival,3.5,1.8408935028645437,10,
survive,2.6,1.2649110640673518,10,
survivor,4.3,2.057506581601462,10,
susceptibility,2.5,1.8408935028645437,10,
susceptible,2.75,1.764549903980152,12,
sushi,4.3,2.057506581601462,10,
suspect,2.9,2.1317702607092643,10,
suspend,4.0,1.3333333333333333,10,
suspender,2.8,1.6865480854231356,10,
suspense,3.9,1.449137674618944,10,
suspicion,4.0,1.7580981459830651,12,
suspicious,4.0,1.9436506316151,10,
sustain,2.5454545454545454,1.0357254813546264,11,
sustainability,3.3,1.8287822299126937,10,
suture,3.5,2.0138409955990952,10,
swab,5.6,0.8432740427115678,10,
swaddle,4.2,1.398411797560202,10,
swag,4.818181818181818,1.834021909257456,11,
swagger,5.6,1.776388345929897,10,
swallow,5.166666666666667,1.9462473604038075,12,
swamp,4.2,1.6865480854231356,10,
swan,2.9,2.0248456731316584,10,
swank,4.0,2.29128784747792,9,
swap,3.0,1.4142135623730951,10,
swarm,4.9,1.9692073983655909,10,
swash,6.3,0.8232726023485646,10,
swastika,4.0,2.5385910352879693,10,
swat,5.4,1.837873166945363,10,
swatch,4.416666666666667,1.880924981991251,12,
sway,5.833333333333333,1.4668044012461754,12,
swayed,5.3,1.1595018087284057,10,
swear,4.3,0.9486832980505138,10,
sweat,4.4,1.6465452046971292,10,
sweater,3.8461538461538463,2.230327100305911,13,
sweatshirt,4.25,2.0943647333651407,12,
sweatshop,4.818181818181818,2.227921983292136,11,
sweaty,4.818181818181818,2.1362669223756576,11,
Swede,3.3846153846153846,1.3867504905630728,13,
sweep,6.2,1.8737959096740264,10,
sweeper,4.9,1.66332999331662,10,
sweet,5.3,1.5670212364724212,10,
sweeten,4.7,1.5670212364724212,10,
sweetheart,4.1,2.183269719175042,10,
sweetie,5.166666666666667,1.80067327475704,12,
swell,5.153846153846154,1.7246329970051526,13,
swelter,4.0,2.10818510677892,10,
swept,5.384615384615385,1.6602440351979153,13,
swerve,5.6,1.429840705968481,10,
swift,5.3,1.636391694484477,10,
swig,4.4,1.7126976771553504,10,
swim,5.153846153846154,1.7722938923964169,13,
swimming,4.9,1.449137674618944,10,
swimmingly,4.636363636363637,1.433368568981982,11,
swimsuit,4.2,1.932183566158592,10,
swindle,4.2,1.4757295747452437,10,
swine,3.7,1.888562063228706,10,
swing,3.909090909090909,1.4459976109624424,11,
swinger,4.4,2.3664319132398464,10,
swinging,4.6,2.4129281427805145,10,
swipe,4.846153846153846,1.9513309067639728,13,
swirl,5.9,0.9944289260117531,10,
swish,6.909090909090909,0.3015113445777636,11,
switch,4.0,1.8856180831641267,10,
switchblade,5.6,1.505545305418162,10,
switchboard,3.5454545454545454,1.752919642404429,11,
swivel,5.5,1.243163121016122,12,
swollen,5.6,1.2649110640673518,10,
swoon,5.0,1.632993161855452,10,
swoop,5.9,1.66332999331662,10,
swoosh,6.6923076923076925,0.8548504142651103,13,
sword,2.7777777777777777,1.092906420717,9,
swordfish,4.5,2.068278940998476,10,
swore,4.7,1.1595018087284057,10,
sworn,3.0,1.247219128924647,10,
sycamore,3.1818181818181817,1.662418829187267,11,
syllabic,4.2727272727272725,1.2720777563426766,11,
syllable,3.3,2.359378449224852,10,
syllabus,2.272727272727273,1.4206272622267313,11,
symbiotic,2.6,1.776388345929897,10,
symbol,3.2,2.14993539954628,10,
symbolic,3.8,2.043961295567452,10,
symbolism,3.6,2.1705094128132942,10,
symbolize,2.6,1.2649110640673518,10,
symmetrical,3.363636363636364,2.157439559882375,11,
sympathetic,2.8181818181818183,1.1677484162422844,11,
sympathize,3.2,1.2292725943057183,10,
sympathy,4.181818181818182,1.834021909257456,11,
symphonic,4.214285714285714,1.7619295117556788,14,
symphony,5.0,1.8856180831641267,10,
symptom,3.4,2.0110804171997807,10,
synagogue,2.9,1.449137674618944,10,
sync,3.9,1.8529256146249728,10,
synchronize,3.583333333333333,2.274696116900546,12,
syndicate,2.764705882352941,1.640480560868746,17,
syndrome,2.2,1.4757295747452437,10,
synergy,3.272727272727273,2.2401298663653004,11,
synonym,3.6,1.6465452046971292,10,
synopsis,2.909090909090909,1.6403990645294488,11,
synthesis,2.5,1.8408935028645437,10,
synthesize,4.0,2.160246899469287,10,
synthetic,3.7,1.888562063228706,10,
syphilis,2.5,1.7159383568311668,10,
syringe,3.4,1.8973665961010275,10,
syrup,4.4,1.837873166945363,10,
system,2.3,1.5670212364724212,10,
systematic,3.363636363636364,1.5666989036012806,11,
systemic,2.9,1.728840330651992,10,
tab,3.8181818181818175,2.0404990476930798,11,
Tabasco,2.5454545454545454,1.572490786213793,11,
table,4.2,1.6865480854231356,10,
tablecloth,3.8,2.699794230842212,10,
tablespoon,2.636363636363636,1.9632996344280853,11,
tablet,4.888888888888889,2.1473497877875207,9,
tabloid,2.8,1.398411797560202,10,
taboo,4.636363636363637,1.9632996344280853,11,
tack,4.5,2.315952582337636,12,
tackle,5.8,1.398411797560202,10,
tacky,5.454545454545454,1.0357254813546264,11,
taco,3.0,1.954016841836789,12,
tact,2.6666666666666665,1.8257418583505536,12,
tactful,3.090909090909091,1.8140862964338524,11,
tactic,2.7,1.1595018087284057,10,
tactical,3.8,0.9189365834726816,10,
tactics,3.8,1.7511900715418265,10,
tactile,3.1,1.3703203194062976,10,
tactless,2.9,1.449137674618944,10,
tadpole,3.5,2.195035721390843,12,
taffy,4.4,1.8973665961010275,10,
tag,4.1,2.0789954839350235,10,
tail,3.692307692307693,2.3939025107069902,13,
tailgate,3.615384615384616,2.433737233777904,13,
tailor,2.5,0.97182531580755,10,
taint,4.454545454545454,1.572490786213793,11,
take,2.5,1.7795130420052183,10,
taken,3.4,2.221110833194357,10,
takeover,3.6,1.8973665961010275,10,
taking,3.2,2.2997584414213788,10,
tale,3.3,1.70293863659264,10,
talent,2.9,2.282785822435191,10,
talented,2.8,1.3165611772087666,10,
tales,2.9,1.7919573407620817,10,
talk,4.5,1.509230856356236,10,
talkative,3.7,1.766981104093143,10,
tall,4.2,1.9888578520235063,10,
tally,4.2,1.8737959096740264,10,
talon,3.5454545454545454,1.752919642404429,11,
tamale,2.9,1.5238839267549948,10,
tambourine,3.272727272727273,1.8488325554743508,11,
tame,2.9,1.728840330651992,10,
tamp,4.142857142857143,2.348719548282322,14,
tamper,2.4,1.429840705968481,10,
tampon,3.5,1.8408935028645437,10,
tan,4.9,1.3703203194062976,10,
tang,5.25,1.6583123951777,12,
tangent,2.7,1.1595018087284057,10,
tangerine,3.8,2.2997584414213788,10,
tangible,2.9,2.2335820757001272,10,
tangle,4.818181818181818,2.1825756260978366,11,
tango,4.1,1.8529256146249728,10,
tangy,5.6,1.1737877907772674,10,
tank,4.4,1.837873166945363,10,
tanker,3.909090909090909,2.0714509627092528,11,
tantalize,3.5,1.4337208778404378,10,
tantalizing,4.4,1.6465452046971292,10,
tantrum,4.545454545454546,2.2522715805886446,11,
tap,5.1,2.1317702607092643,10,
tape,5.5,1.7159383568311668,10,
taper,4.9,1.3703203194062976,10,
tapestry,3.909090909090909,2.21153998175685,11,
tapeworm,4.0,2.0548046676563256,10,
tapioca,3.9,2.5582111805799856,10,
tapping,5.4,1.8973665961010275,10,
taps,5.545454545454546,1.752919642404429,11,
tar,3.882352941176471,1.6912404079985373,17,
tarantula,4.4,1.776388345929897,10,
tardy,3.7,1.5670212364724212,10,
target,4.5,2.315952582337636,12,
Tarmac,1.8333333333333333,1.2673044646258476,12,
tarnish,4.2,1.4757295747452437,10,
tarp,3.9,1.7919573407620817,10,
tart,4.636363636363637,1.9116865471476892,11,
tartar,3.1333333333333333,1.9591057240729093,15,
task,3.0,1.8973665961010275,11,
tassel,4.3,2.213594362117865,10,
taste,4.5,1.834021909257456,12,
tasteful,4.1,0.8755950357709131,10,
tasteless,3.625,2.093641166325628,16,
tasty,3.9,1.911950719959998,10,
tattle,3.8,1.5491933384829668,10,
tattler,3.6,1.8973665961010275,10,
tattoo,3.9,1.9692073983655909,10,
taught,2.8,2.201009869229224,10,
taunt,4.5,2.0138409955990952,10,
tavern,3.7,2.110818693198342,10,
tax,3.5,1.8408935028645437,10,
taxable,2.8,1.8737959096740264,10,
taxation,4.636363636363637,1.026910636104941,11,
taxi,4.636363636363637,1.8586407545691703,11,
taxing,4.153846153846154,1.9513309067639728,13,
tea,5.1,1.911950719959998,10,
teach,3.4,2.065591117977289,10,
teachable,3.272727272727273,2.053821272209882,11,
teacher,3.727272727272727,2.195035721390843,11,
teaching,3.0,1.563471919941143,10,
teacup,2.6,1.8973665961010275,10,
teal,2.090909090909091,1.3751033019046572,11,
team,2.7,1.5670212364724212,10,
teamwork,4.0,1.8973665961010275,11,
teapot,4.083333333333333,2.314316444667973,12,
tear,4.333333333333333,1.7232808737106582,12,
teardrop,5.0,2.449489742783178,10,
tearful,4.2,1.8737959096740264,10,
tearing,4.7,2.0027758514399734,10,
tease,3.636363636363636,2.157439559882375,11,
teaser,4.3,1.4181364924121764,10,
teaspoon,4.363636363636363,2.062654952856986,11,
tech,3.0,1.4719601443879744,13,
technical,3.7,1.888562063228706,10,
technician,3.4,1.9550504398153572,10,
technique,2.3,1.4181364924121764,10,
technology,4.3,1.8287822299126937,10,
teddy,3.1,1.449137674618944,10,
tedious,3.9,1.5238839267549948,10,
tee,4.545454545454546,2.0670576365276494,11,
tee-hee,6.0,1.5491933384829668,11,
teem,3.363636363636364,2.062654952856986,11,
teen,3.1,1.8529256146249728,10,
teenage,5.090909090909091,1.9211738835693897,11,
teens,4.6,2.270584848790187,10,
teepee,4.1,2.4244128727957577,10,
teeter,4.8,1.8135294011647256,10,
teeth,4.545454545454546,2.0670576365276494,11,
teething,4.5,1.509230856356236,10,
Teflon,2.2,1.6865480854231356,10,
telecast,4.1,0.8755950357709131,10,
telegram,3.909090909090909,2.3001976199685736,11,
telegraph,3.3,1.888562063228706,10,
telemarketing,5.1,1.5238839267549948,10,
telephone,3.083333333333333,1.97522534195852,12,
TelePrompTer,3.692307692307693,2.1363760352762253,13,
telescope,3.636363636363636,1.689540012709215,11,
telethon,3.8181818181818175,2.400757456228422,11,
televise,3.3,2.0027758514399734,10,
television,3.8,2.0976176963403037,10,
tell,2.909090909090909,1.9211738835693897,11,
tellable,3.25,1.764549903980152,12,
teller,3.8,1.5491933384829668,10,
telling,5.166666666666667,1.6422453217986943,12,
temp,2.7,1.1595018087284057,10,
temper,3.7,1.636391694484477,10,
temperamental,3.1818181818181817,1.9908883353006928,11,
temperate,3.7,1.70293863659264,10,
temperature,3.692307692307693,1.6525039276108335,13,
tempered,4.2,2.201009869229224,10,
tempest,3.6666666666666665,1.969463855669324,12,
template,3.3076923076923075,1.377474463442389,13,
temple,3.8181818181818175,2.227921983292136,11,
tempo,4.0,1.563471919941143,10,
temporary,2.7,1.8287822299126937,10,
tempt,3.083333333333333,1.5642792899510294,12,
temptation,3.25,1.764549903980152,12,
tempting,3.363636363636364,2.248231628312673,11,
temptress,3.9,2.0248456731316584,10,
ten,2.9,1.911950719959998,10,
tenacious,4.090909090909091,2.4271195048676715,11,
tenacity,3.9,2.1317702607092643,10,
tenant,2.7,1.8287822299126937,10,
tend,4.230769230769231,1.535895295576609,13,
tendency,3.4,2.1705094128132942,10,
tender,4.7,1.946506842754191,10,
tenderloin,4.0,1.699673171197595,10,
tennis,2.2,1.8737959096740264,10,
tenor,3.4166666666666665,1.97522534195852,12,
tense,3.5,1.6499158227686108,10,
tension,4.615384615384615,1.894661866862684,13,
tent,3.1,2.1317702607092643,10,
tentacle,4.2,1.8135294011647256,10,
tentative,2.2,1.398411797560202,10,
tenth,4.25,2.179449471770337,12,
tenuous,2.583333333333333,1.781640374554423,12,
tenure,2.909090909090909,2.0714509627092528,11,
tepee,3.8181818181818175,2.272363607268072,11,
tequila,4.2,2.043961295567452,10,
teriyaki,3.7,1.946506842754191,10,
term,2.1,1.286683937707919,10,
terminal,2.909090909090909,1.868397465987655,11,
terminate,3.5,1.90029237516523,10,
termination,4.5,1.90029237516523,10,
terminology,3.090909090909091,1.9211738835693897,11,
termite,2.6,1.3498971154211057,10,
terrace,2.363636363636364,1.5666989036012806,11,
terrain,2.9,1.66332999331662,10,
terrible,4.3,1.5670212364724212,10,
terribly,2.9,1.3703203194062976,10,
terrier,2.727272727272727,1.8488325554743508,11,
terrific,3.1,1.1972189997378648,10,
terrify,4.4,1.577621275493231,10,
territorial,3.3,1.8287822299126937,10,
territoriality,3.6,2.270584848790187,10,
territory,2.8,1.9888578520235063,10,
terror,4.4,2.0110804171997807,10,
terrorism,4.2727272727272725,2.370270410350224,11,
terrorist,4.6,1.776388345929897,10,
terrorize,4.9,1.9692073983655909,10,
test,3.2,1.4757295747452437,10,
testament,3.8,2.3944379994757297,10,
tester,3.571428571428572,2.10180456217566,14,
testicle,3.4545454545454546,1.9679246105293955,11,
testicular,3.615384615384616,2.2560460078960247,13,
testify,4.2727272727272725,1.9021518914592013,11,
testimony,4.7,1.5670212364724212,10,
testy,4.2,1.8135294011647256,10,
tetanus,2.857142857142857,2.14322341192107,14,
tether,2.8,1.2292725943057183,10,
tetrahedral,3.9,1.5238839267549948,10,
text,4.818181818181818,1.9908883353006928,11,
textbook,3.8,1.8135294011647256,10,
textile,3.0,1.8856180831641267,10,
texture,4.3,1.5670212364724212,10,
than,1.5,0.7071067811865476,10,
thank,3.6,1.6465452046971292,10,
thankful,3.5454545454545454,1.5075567228888185,11,
thankless,3.333333333333333,1.7232808737106582,12,
that,1.8,1.3165611772087666,10,
thatch,3.5,1.9903613896824015,14,
thaw,3.9,2.2335820757001272,10,
the,2.4,2.270584848790187,10,
theater,3.090909090909091,2.0225995873897262,11,
theatre,3.1818181818181817,1.8877596148970777,11,
theatrical,4.2727272727272725,1.618079669911781,11,
theft,4.2,1.4757295747452437,10,
their,2.8,2.14993539954628,10,
them,1.9,2.0248456731316584,10,
theme,4.0,1.3333333333333333,10,
then,3.3,2.496664441476534,10,
theological,3.1,1.8529256146249728,10,
theologize,3.4615384615384617,1.941450686788302,13,
theoretical,3.7,1.946506842754191,10,
theorist,3.4,2.1705094128132942,10,
theorize,3.636363636363636,2.1105794120443453,11,
theory,2.8,1.3165611772087666,10,
therapeutic,3.75,2.220769727328383,12,
therapist,2.25,0.9653072991634228,12,
therapy,3.5,1.90029237516523,10,
there,2.9,1.5951314818673863,10,
therefore,3.6666666666666665,2.309401076758503,12,
thermal,3.5454545454545454,1.8090680674665816,11,
thermometer,4.1,2.4244128727957577,10,
thermos,4.153846153846154,1.4632243987255136,13,
thermostat,4.0,2.280350850198276,11,
thesaurus,2.727272727272727,2.004540300962248,11,
these,3.1,1.7919573407620817,10,
thesis,3.4,1.2649110640673518,10,
they,2.363636363636364,1.8586407545691703,11,
thick,5.3,2.110818693198342,10,
thicken,4.6,1.776388345929897,10,
thicket,5.454545454545454,1.1281521496355325,11,
thickness,5.7,1.0593499054713802,10,
thief,3.8333333333333335,1.992409839791244,12,
thieve,4.5,1.623688281771977,12,
thigh,3.6875,1.8518009252256755,16,
thimble,3.5454545454545454,2.2522715805886446,11,
thin,4.75,1.4847711791873706,12,
thing,3.0,2.10818510677892,10,
think,3.363636363636364,1.8586407545691703,11,
thinker,3.7,2.0027758514399734,10,
thinking,2.9,1.8529256146249728,10,
thinner,4.5,1.5811388300841898,10,
third,3.7,1.636391694484477,10,
thirst,3.8,2.14993539954628,10,
thirsty,3.8,1.7511900715418265,10,
thirteen,2.4,1.776388345929897,10,
thirty,3.1538461538461537,1.9513309067639728,13,
this,1.7,0.9486832980505138,10,
thistle,4.545454545454546,2.0670576365276494,11,
thong,4.4,1.577621275493231,10,
thorax,2.7,1.888562063228706,10,
thorn,4.333333333333333,1.4354811251305468,12,
thorny,5.083333333333333,1.729862492345632,12,
thorough,3.2,2.0976176963403037,10,
thoroughbred,4.1,2.183269719175042,10,
thoroughly,3.090909090909091,1.8140862964338524,11,
those,2.4,1.6465452046971292,10,
though,2.555555555555556,2.1278575558006176,9,
thought,3.8,2.201009869229224,10,
thoughtful,2.8,1.4757295747452437,10,
thoughtless,2.636363636363636,2.013590190318143,11,
thousand,3.5,2.273030282830976,10,
thrash,5.7,1.888562063228706,10,
thread,2.272727272727273,1.555050423035156,11,
threaded,3.363636363636364,1.804035879506129,11,
threat,3.363636363636364,1.2060453783110543,11,
threaten,4.1,2.0789954839350235,10,
three,4.1,2.0248456731316584,10,
threesome,4.545454545454546,2.504541329810165,11,
threshold,3.8,2.043961295567452,10,
threw,4.5,1.509230856356236,10,
thrift,4.0,1.4142135623730951,10,
thriftless,2.727272727272727,1.7372915179041823,11,
thrifty,4.1,2.183269719175042,10,
thrill,4.2727272727272725,1.7372915179041823,11,
thriller,5.3,1.4944341180973264,10,
thrilling,4.5,2.068278940998476,10,
thrive,4.4,1.8973665961010275,10,
throat,3.7,2.0027758514399734,10,
throb,6.090909090909091,0.8312094145936335,11,
throne,3.5454545454545454,2.1616492020508957,11,
throng,4.4,1.7126976771553504,10,
throttle,4.090909090909091,2.467976720090587,11,
through,3.2,2.14993539954628,10,
throw,4.0,1.4142135623730951,10,
throwback,3.4,2.1186998109427604,10,
thrower,3.636363636363636,1.804035879506129,11,
thrown,3.8181818181818175,2.0404990476930798,11,
thrum,4.6,2.4585451886114367,10,
thrust,5.0,2.211083193570267,10,
thruster,4.6875,1.6620770138594665,16,
thud,6.3,1.0593499054713802,10,
thug,4.666666666666667,1.6696942198734437,12,
thumb,4.8,1.8737959096740264,10,
thumbnail,3.1818181818181817,2.088931871468374,11,
thump,4.8,2.3475755815545347,10,
thumping,4.6,1.429840705968481,10,
thunder,4.8,2.2997584414213788,10,
thunderbolt,5.2,1.0327955589886444,10,
thunderous,5.0,1.9436506316151,10,
thunderstorm,5.142857142857143,1.9158104473902609,14,
thunderstruck,4.5,1.7795130420052183,10,
thunk,6.6,0.8432740427115678,10,
Thursday,2.7,2.496664441476534,10,
thus,2.3,1.3374935098492586,10,
thwack,5.0,2.309401076758503,10,
thyme,2.4545454545454546,1.2933395813657265,11,
thyroid,2.2,1.8737959096740264,10,
tiara,3.7,2.4517567397911058,10,
tibia,2.0,1.1832159566199232,11,
tic,5.428571428571429,1.696797241605749,14,
tick,5.545454545454546,1.694912172570388,11,
tick-tack-toe,5.5,2.0138409955990952,10,
ticked,5.0,1.699673171197595,10,
ticker,4.6923076923076925,1.7504578155735615,13,
ticket,2.8181818181818183,1.4709304414677002,11,
tickle,5.4,1.837873166945363,10,
ticklish,4.7,1.3374935098492586,10,
tidal,3.636363636363636,1.433368568981982,11,
tide,3.0,1.9436506316151,10,
tidings,3.3,1.4944341180973264,10,
tidy,4.0,1.7888543819998317,11,
tie,4.0,1.632993161855452,10,
tier,2.363636363636364,1.804035879506129,11,
tiff,4.5,2.173067468400883,10,
tiger,4.0,1.247219128924647,10,
tight,5.4,1.2649110640673518,10,
tighten,4.076923076923077,1.7059473644448735,13,
tightrope,4.833333333333333,1.5859229221975182,12,
tights,4.363636363636363,2.062654952856986,11,
tile,3.1818181818181817,1.8877596148970777,11,
tiled,3.5,0.97182531580755,10,
tilt,4.7,2.4517567397911058,10,
timber,4.363636363636363,2.377928816122437,11,
time,2.9,2.0789954839350235,10,
timeless,4.818181818181818,2.088931871468374,11,
timely,4.3,1.5670212364724212,10,
timepiece,4.2727272727272725,1.954016841836789,11,
timer,4.6,1.837873166945363,10,
times,2.3846153846153846,2.063106942552968,13,
timetable,3.727272727272727,2.412090756622109,11,
timid,5.1,0.8755950357709131,10,
timing,3.3846153846153846,1.7577666482623882,13,
timpani,3.9,2.5582111805799856,10,
tin,4.6,1.9550504398153572,10,
tingle,6.0,1.247219128924647,10,
tingly,5.3,1.888562063228706,10,
tink,4.7,2.213594362117865,10,
tinker,5.4,1.2649110640673518,10,
tinkle,5.5,1.2692955176439846,10,
tinsel,3.1818181818181817,2.315952582337636,11,
tint,3.1,1.7919573407620817,10,
tiny,5.1,1.9692073983655909,10,
tip,4.705882352941177,1.6868871436151611,17,
tipper,4.071428571428571,1.7304639535412156,14,
tipster,4.9,1.7919573407620817,10,
tipsy,4.7,2.4517567397911058,10,
tiptoe,5.2,2.5298221281347035,10,
tiramisu,2.6,1.7126976771553504,10,
tire,2.7,1.636391694484477,10,
tired,3.3,1.70293863659264,10,
tireless,3.4545454545454546,1.4396969378057567,11,
tiresome,3.4,1.9550504398153572,10,
tissue,3.2222222222222223,1.3944333775567923,9,
tit,3.5,1.7795130420052183,10,
Titan,4.1,1.9692073983655909,10,
titanium,4.363636363636363,2.335496832484569,11,
titillate,4.571428571428571,1.869359648250035,14,
title,3.2,1.8737959096740264,10,
titter,4.818181818181818,2.3587361793206894,11,
to,1.5,0.5270462766947299,10,
toad,4.9,1.911950719959998,10,
toast,4.6,2.0110804171997807,10,
toaster,3.8,1.932183566158592,10,
tobacco,3.5,2.173067468400883,10,
today,4.0,1.8856180831641267,10,
toddle,6.0,1.2060453783110543,12,
toddler,4.4,2.270584848790187,10,
toe,3.5,2.460803843372233,10,
toenail,3.8461538461538463,2.444250186531439,13,
toffee,2.6,1.1737877907772674,10,
tofu,3.4166666666666665,2.314316444667973,12,
toga,3.6,2.270584848790187,10,
together,2.5,1.5811388300841898,10,
togetherness,4.6,2.1186998109427604,10,
toil,3.1,2.0789954839350235,10,
toilet,3.1,1.286683937707919,10,
token,4.2105263157894735,1.5839103288458476,19,
told,2.9,2.0789954839350235,10,
tolerable,3.4615384615384617,2.066211695163584,13,
tolerance,3.083333333333333,2.1933093855190746,12,
tolerant,3.2142857142857144,2.326389458385657,14,
tolerate,2.6,1.429840705968481,10,
toll,4.3,1.4944341180973264,10,
tomahawk,3.3,2.496664441476534,10,
tomato,2.9,1.911950719959998,10,
tomb,4.1,2.4244128727957577,10,
tomboy,4.0,2.3664319132398464,11,
tombstone,4.727272727272728,2.004540300962248,11,
tomorrow,2.4,1.505545305418162,10,
ton,4.4,1.577621275493231,10,
tone,3.6666666666666665,1.4354811251305468,12,
toner,3.5,1.5075567228888185,12,
tongs,3.8,2.043961295567452,10,
tongue,4.4,2.0110804171997807,10,
tonic,2.5454545454545454,1.3684762594679063,11,
tonight,4.1,2.0789954839350235,10,
tonsil,2.8,1.932183566158592,10,
too,2.6,1.9550504398153572,10,
took,3.6,2.1186998109427604,10,
tool,3.5,2.223610677354389,10,
toot,6.0,1.0540925533894598,10,
tooth,4.0,1.8090680674665816,12,
toothache,4.2,2.3944379994757297,10,
toothbrush,4.3,2.359378449224852,10,
toothless,3.2,2.0976176963403037,10,
toothpaste,4.307692307692308,2.6890089681459286,13,
toothpick,5.2,1.5491933384829668,10,
tootle,5.3,1.766981104093143,10,
toots,4.454545454545454,2.339386088854781,11,
top,5.166666666666667,1.5275252316519468,12,
topic,2.25,1.6025547785276542,12,
topical,3.7,1.70293863659264,10,
topless,3.9166666666666665,1.6764862244009229,12,
topple,4.909090909090909,1.9211738835693897,11,
tops,2.636363636363636,1.747725795010606,11,
torch,4.9,1.66332999331662,10,
torment,3.9,1.728840330651992,10,
torn,5.181818181818182,1.9400093720485896,11,
tornado,4.7,2.5407785333546005,10,
torpedo,4.461538461538462,2.0254787341673333,13,
torque,4.6,1.07496769977314,10,
torrent,4.333333333333333,1.632993161855452,15,
torrid,3.0,1.4907119849998598,10,
torso,2.7,1.888562063228706,10,
tort,2.9,1.9692073983655909,10,
tortellini,2.5,1.5811388300841898,10,
tortilla,3.272727272727273,1.7372915179041823,11,
tortoise,2.5384615384615383,1.5607361839521232,13,
torture,2.7,1.766981104093143,10,
toss,4.8,1.9888578520235063,10,
total,3.2,1.3165611772087666,10,
totality,3.5454545454545454,2.2962419891481978,11,
totally,3.0,2.174229226018436,12,
tote,4.6,2.3664319132398464,10,
totem,3.1818181818181817,2.482667187449088,11,
totter,4.833333333333333,2.2087978356535665,12,
toucan,3.8181818181818175,2.1362669223756576,11,
touch,5.5,1.509230856356236,10,
touchdown,5.4,2.270584848790187,10,
touched,3.769230769230769,2.27866357593825,13,
touching,2.5,1.7159383568311668,10,
touchy,3.9,1.911950719959998,10,
tough,4.7,2.1628170930011112,10,
toughen,5.0,1.8856180831641267,10,
toupee,4.2,2.043961295567452,10,
tour,4.0,2.04939015319192,11,
tourism,4.090909090909091,1.8140862964338524,11,
tourist,5.1,1.5238839267549948,10,
tournament,3.928571428571429,2.017778127403648,14,
tout,4.285714285714286,1.3827826698682306,14,
tow,4.5,1.7795130420052183,10,
toward,3.363636363636364,1.9632996344280853,11,
towel,1.9,1.1972189997378648,10,
tower,4.8,2.201009869229224,10,
towering,4.1,1.7919573407620817,10,
town,3.8,2.7406406388125952,10,
township,3.5294117647058822,2.0346267181851667,17,
toxic,4.6,0.966091783079296,10,
toxicity,4.2,2.485513584307633,10,
toxicology,4.6,1.837873166945363,10,
toxin,4.8,1.6193277068654826,10,
toy,3.2,2.043961295567452,10,
trace,5.727272727272728,1.489356175728901,11,
traceable,3.8333333333333335,1.7494587907710375,12,
tracer,4.0,1.8090680674665816,12,
tracing,4.0,2.04939015319192,11,
track,4.0,1.632993161855452,10,
tract,3.4,1.577621275493231,10,
traction,4.636363636363637,1.9632996344280853,11,
tractor,2.636363636363636,1.5015143870590966,11,
trade,3.1818181818181817,1.9400093720485896,11,
trademark,3.1,1.5951314818673863,10,
trader,3.6,2.221110833194357,10,
tradition,4.1,2.0248456731316584,10,
traditional,3.5,2.068278940998476,10,
traditionalism,3.333333333333333,2.3868325657594203,12,
traditionalize,3.3,2.0027758514399734,10,
traffic,3.5454545454545454,2.018099916438052,11,
tragedy,3.272727272727273,1.6787441193290351,11,
tragic,4.2727272727272725,2.195035721390843,11,
trail,3.6,2.1186998109427604,10,
trailer,3.6,2.1705094128132942,10,
train,2.3,1.2516655570345725,10,
trainee,3.4166666666666665,2.108783937953269,12,
trainer,3.0,2.211083193570267,10,
training,3.1818181818181817,2.088931871468374,11,
traipse,3.5,1.7431183374807169,14,
trait,2.9166666666666665,1.831955405041456,12,
traitor,3.1666666666666665,1.4668044012461754,12,
traitorous,2.3,1.3374935098492586,10,
tram,3.0,1.7097008285302209,14,
tramp,3.9,1.449137674618944,10,
trample,5.3,1.636391694484477,10,
trampoline,4.090909090909091,2.5081684733903127,11,
trance,3.9,1.5951314818673863,10,
tranquil,5.6,1.505545305418162,10,
tranquillity,4.181818181818182,1.834021909257456,11,
transaction,3.2,1.7511900715418265,10,
transcend,5.5,1.2692955176439846,10,
transcendence,3.5454545454545454,2.423371055519,11,
transcendent,2.909090909090909,1.7580981459830651,11,
transcendental,3.363636363636364,2.335496832484569,11,
transcribe,4.0,1.8257418583505536,10,
transcript,2.5,1.4337208778404378,10,
transfer,3.5,1.882937743382544,12,
transform,4.0,2.0,10,
transience,2.9,2.183269719175042,10,
transient,3.333333333333333,1.224744871391589,9,
transit,3.5,1.623688281771977,12,
transition,4.0,1.9436506316151,10,
transitive,3.0,1.632993161855452,10,
transitory,2.6,1.3498971154211057,10,
translate,3.2,1.6865480854231356,10,
translation,4.0,2.215646837627989,12,
translator,4.545454545454546,2.018099916438052,11,
translucent,4.0,1.563471919941143,10,
transmit,3.4,1.8973665961010275,10,
transparent,2.9,1.8529256146249728,10,
transpire,3.083333333333333,1.880924981991251,12,
transplant,3.636363636363636,1.9116865471476892,11,
transport,2.7857142857142856,1.9681530361296533,14,
transportation,3.3,1.946506842754191,10,
transsexual,2.5,1.7159383568311668,10,
trap,4.6,2.1705094128132942,10,
trapeze,4.0,1.7320508075688772,11,
trapper,3.909090909090909,2.0225995873897262,11,
trash,4.4,2.0110804171997807,10,
trashy,5.3,1.8287822299126937,10,
trauma,4.1,2.0248456731316584,10,
traumatic,3.4,1.8973665961010275,10,
travel,3.5,1.4337208778404378,10,
traveler,4.3,1.4181364924121764,10,
traveller,3.8461538461538463,1.9513309067639728,13,
traverse,3.2,2.043961295567452,10,
travesty,2.636363636363636,2.157439559882375,11,
tray,3.8,1.8737959096740264,10,
treacherous,4.416666666666667,1.831955405041456,12,
treachery,2.9,1.728840330651992,10,
tread,4.461538461538462,1.7614096918559583,13,
treadmill,4.545454545454546,2.018099916438052,11,
treason,2.909090909090909,1.7002673586554236,11,
treasonous,3.0,1.8856180831641267,10,
treasure,3.9,1.5238839267549948,10,
treasurer,4.181818181818182,2.1825756260978366,11,
treasury,3.8181818181818175,1.662418829187267,11,
treat,3.583333333333333,2.0207259421636903,12,
treatable,3.4,2.0110804171997807,10,
treatment,3.9,2.4698178070456938,10,
treaty,3.4615384615384617,1.4500221041639685,13,
tree,2.9,1.728840330651992,10,
trek,4.111111111111111,1.6158932858054431,9,
tremble,5.363636363636363,1.3618169680781094,11,
tremendous,3.727272727272727,2.004540300962248,11,
tremor,5.0,2.10818510677892,10,
trench,3.636363636363636,2.013590190318143,11,
trend,3.333333333333333,1.4354811251305468,12,
trendy,3.6,1.429840705968481,10,
trepidation,2.9,2.378141197564929,10,
trespass,4.363636363636363,1.689540012709215,11,
triad,4.0,1.8856180831641267,10,
trial,3.25,1.5447859516333116,12,
triangle,4.818181818181818,1.8877596148970777,11,
triangular,4.5,2.173067468400883,10,
tribal,3.9,1.3703203194062976,10,
tribe,2.8,1.6865480854231356,10,
tribune,2.5,1.5811388300841898,10,
tribute,3.3,1.70293863659264,10,
triceps,2.3846153846153846,1.325296290046213,13,
trick,4.538461538461538,1.8081014266989477,13,
trickery,4.636363636363637,1.8586407545691703,11,
trickle,5.7,1.636391694484477,10,
trickster,4.3,1.636391694484477,10,
tricky,3.4,2.0110804171997807,10,
tricycle,4.0,1.8856180831641267,10,
trident,2.9,1.7919573407620817,10,
tried,2.857142857142857,1.7032612545052803,14,
trifle,3.6,2.221110833194357,10,
trifling,3.272727272727273,1.9021518914592013,11,
trigger,3.8,1.8737959096740264,10,
trill,4.785714285714286,2.082105865503681,14,
trillion,4.0,2.309401076758503,10,
trilogy,3.909090909090909,2.256304299271065,11,
trim,4.0,1.949358868961793,11,
trimmer,4.636363636363637,2.1105794120443453,11,
trimming,4.181818181818182,1.1677484162422844,11,
trinket,3.4545454545454546,1.752919642404429,11,
trio,6.3,0.6749485577105528,10,
trip,4.0,2.0548046676563256,10,
triple,4.083333333333333,1.831955405041456,12,
tripod,4.7,1.766981104093143,10,
tripping,4.7,1.888562063228706,10,
trite,3.1,2.1317702607092643,10,
triumph,4.6,1.776388345929897,10,
triumphant,4.6,1.577621275493231,10,
trivia,3.0,1.4142135623730951,11,
trivial,3.1,2.378141197564929,10,
triviality,2.7,1.4944341180973264,10,
troll,4.1,1.449137674618944,10,
trolley,4.5,1.7795130420052183,10,
trombone,3.363636363636364,2.292279532375024,11,
troop,3.9,2.2335820757001272,10,
trooper,4.090909090909091,1.7002673586554236,11,
trophy,4.6,1.505545305418162,10,
tropic,3.0,1.5491933384829668,11,
tropical,4.0,2.0,10,
trot,5.1,1.7919573407620817,10,
trouble,3.7,2.263232692902394,10,
troublesome,4.1,2.1317702607092643,10,
trounce,4.545454545454546,2.0670576365276494,11,
troupe,3.5,1.834021909257456,12,
trouser,3.1,1.3703203194062976,10,
trousers,4.6,1.577621275493231,10,
trout,3.7,2.1628170930011112,10,
trove,3.0,1.4142135623730951,10,
truce,3.636363636363636,2.062654952856986,11,
truck,2.6666666666666665,2.059714602177749,12,
trucker,4.727272727272728,1.954016841836789,11,
trudge,5.3,1.2516655570345725,10,
truffle,3.1,2.4698178070456938,10,
truly,4.230769230769231,2.087815690853567,13,
trump,4.7,2.110818693198342,10,
trumpet,4.0,2.160246899469287,10,
trumpeter,3.8,1.6193277068654826,10,
trundle,3.8,2.043961295567452,10,
trunk,3.9,1.8529256146249728,10,
trust,4.818181818181818,1.4709304414677002,11,
trustee,4.0,1.7638342073763935,10,
trustful,3.5,2.460803843372233,10,
trusting,3.4,2.1705094128132942,10,
trustless,3.6,2.1186998109427604,10,
trusty,3.3,2.263232692902394,10,
truth,4.5,2.0138409955990952,10,
truthful,5.0,1.8257418583505536,10,
truthiness,3.1818181818181817,1.834021909257456,11,
try,3.3,2.263232692902394,10,
trying,3.0,1.4142135623730951,11,
tsunami,2.1,1.449137674618944,10,
tub,4.357142857142857,1.6458405781822274,14,
tuba,3.7,2.0027758514399734,10,
tube,4.454545454545454,2.3817487845545915,11,
tuberculosis,1.7,0.9486832980505138,10,
tubular,3.636363636363636,1.3618169680781094,11,
tuck,4.6,1.837873166945363,10,
Tuesday,2.636363636363636,2.4605985967941733,11,
tug,5.0,2.0,11,
tugboat,4.0,2.0,11,
tuition,1.9,0.9944289260117531,10,
tulip,3.0,1.8257418583505536,13,
tumble,5.2,1.9888578520235063,10,
tumbler,3.9,1.911950719959998,10,
tumbleweed,4.5,2.41522945769824,10,
tumbling,5.2,1.5491933384829668,10,
tummy,3.9,2.2335820757001272,10,
tumor,1.7,0.9486832980505138,10,
tumultuous,4.181818181818182,1.7786613965666325,11,
tuna,3.5,1.7795130420052183,10,
tune,4.4,1.6465452046971292,10,
tuner,4.0,1.0540925533894598,10,
tunic,2.7,1.0593499054713802,10,
tunnel,4.636363636363637,1.6292775867068985,11,
Tupperware,3.6,1.9550504398153572,10,
turban,2.8,1.6193277068654826,10,
turbine,2.9,1.9692073983655909,10,
turbofan,3.8,2.14993539954628,10,
turbulence,5.0,1.889822365046136,15,
turbulent,4.9,1.8529256146249728,10,
turd,4.0,2.160246899469287,10,
turf,3.8,1.8737959096740264,10,
turkey,4.8,1.8135294011647256,10,
turmoil,4.3,2.0027758514399734,10,
turn,3.4,1.8973665961010275,10,
turning,4.090909090909091,1.4459976109624424,11,
turnip,3.7,2.110818693198342,10,
turnout,3.6,1.505545305418162,10,
turnover,4.090909090909091,2.256304299271065,11,
turntable,4.454545454545454,2.0670576365276494,11,
turpentine,2.625,1.5864005379054391,16,
turquoise,3.0,1.4142135623730951,11,
turtle,4.090909090909091,2.165850662190053,11,
turtleneck,4.333333333333333,2.059714602177749,12,
tush,4.25,2.454124543035107,12,
tusk,4.9,1.449137674618944,10,
tussle,5.5,1.381698559415515,12,
tutor,3.1,2.2335820757001272,10,
tutorial,2.5454545454545454,1.3684762594679063,11,
tutu,3.7,2.71006354989038,10,
tux,2.5,1.5811388300841898,10,
tuxedo,2.6,1.505545305418162,10,
TV,3.9,2.183269719175042,10,
twaddle,4.5,2.460803843372233,10,
twang,5.3125,2.151549828999242,16,
twat,5.9,1.3703203194062976,10,
tweak,5.352941176470588,1.411611511296054,17,
tweed,4.3,1.766981104093143,10,
tweedledum,4.454545454545454,2.504541329810165,11,
tweet,5.75,1.712255291076124,12,
tweezer,4.615384615384615,1.9806758753205744,13,
tweezers,4.1,2.378141197564929,10,
twelve,3.5,2.393172105652397,12,
twenty,3.5,1.9578900207451215,10,
twerk,4.363636363636363,2.5796405669289384,11,
twerp,5.2727272727272725,2.053821272209882,11,
twice,4.0,2.211083193570267,10,
twiddle,5.6,1.1737877907772674,10,
twig,5.1,2.0248456731316584,10,
twilight,4.4,1.776388345929897,10,
twill,3.692307692307693,2.015961945102775,13,
twin,4.090909090909091,2.3001976199685736,11,
twine,4.090909090909091,1.868397465987655,11,
twinge,5.0,2.516611478423583,13,
twinkle,6.3,1.0593499054713802,10,
twinkling,5.5,1.8408935028645437,10,
twirl,5.7,1.4181364924121764,10,
twist,5.583333333333333,1.781640374554423,12,
twister,5.545454545454546,1.6348477827391985,11,
twisting,5.9,1.9692073983655909,10,
twit,5.0,2.10818510677892,10,
twitch,6.0,1.651445647689541,12,
twitchy,5.181818181818182,1.9908883353006928,11,
twitter,5.5,1.5811388300841898,10,
two,3.75,2.598076211353316,12,
twosome,3.9,2.378141197564929,10,
tycoon,3.6,1.837873166945363,10,
type,4.2,1.7511900715418265,10,
typhoid,2.6,1.505545305418162,10,
typhoon,5.0,2.23606797749979,11,
typical,3.2,1.9888578520235063,10,
typist,3.8181818181818175,1.834021909257456,11,
tyrannical,3.5454545454545454,2.2962419891481978,11,
tyrannize,3.8,2.3944379994757297,10,
tyrannosaurus,3.2,2.201009869229224,10,
tyrannous,2.7333333333333334,1.5796322658258457,15,
tyranny,4.1,1.9692073983655909,10,
tyrant,3.636363636363636,2.5009089256799126,11,
udder,2.5,2.223610677354389,10,
ugh,6.363636363636363,1.804035879506129,11,
ugly,5.1,1.100504934614612,10,
ukulele,3.2,1.8135294011647256,10,
ulcer,4.0,1.8856180831641267,10,
ulterior,3.25,1.9128750375000736,12,
ultimate,3.8181818181818175,1.60113596038449,11,
ultimatum,3.1,1.7919573407620817,10,
ultra,3.6,1.776388345929897,10,
ultraviolet,3.4,1.7126976771553504,10,
umbilical,2.1,1.5238839267549948,10,
umbrella,2.636363636363636,1.8586407545691703,11,
umpire,3.0,2.0548046676563256,10,
unabashed,3.3076923076923075,1.6525039276108335,13,
unable,3.090909090909091,2.0714509627092528,11,
unaccountable,4.2,1.398411797560202,10,
unaccustomed,3.363636363636364,2.618118686107537,11,
unadvised,2.9,1.5238839267549948,10,
unaffected,3.5454545454545454,2.1616492020508957,11,
unalterable,2.6,1.577621275493231,10,
unaltered,3.9,2.2335820757001272,10,
unambiguous,2.4,1.505545305418162,10,
unanimity,2.272727272727273,1.555050423035156,11,
unanimous,3.2,1.8737959096740264,10,
unanswerable,3.0,2.449489742783178,10,
unapproachable,3.0,2.160246899469287,10,
unarmed,4.181818181818182,2.272363607268072,11,
unashamed,3.0,1.8810798862519205,14,
unassuming,3.3,1.636391694484477,10,
unattended,2.1818181818181817,1.4012980994907414,11,
unavailing,2.5,1.4337208778404378,10,
unavoidable,2.2,1.2292725943057183,10,
unaware,3.25,1.4222261679238195,12,
unbalanced,3.9,1.449137674618944,10,
unbearable,3.7,2.110818693198342,10,
unbeatable,3.0,2.0,11,
unbecoming,3.4166666666666665,2.391588796113782,12,
unbeknown,3.1666666666666665,1.5859229221975182,12,
unbelief,3.272727272727273,1.618079669911781,11,
unbelievable,3.727272727272727,2.195035721390843,11,
unbelieving,3.0,2.4037008503093262,10,
unblessed,2.3,1.8287822299126937,10,
unbolt,2.909090909090909,2.0714509627092528,11,
unborn,3.571428571428572,2.1737697038266783,14,
unbothered,3.4,1.6465452046971292,10,
unbridled,2.2,1.2292725943057183,10,
unbuckle,4.0,1.8856180831641267,10,
unburden,3.1,1.5238839267549948,10,
unbutton,3.5,1.9578900207451215,10,
uncanny,2.4,1.1737877907772674,10,
unceasing,2.909090909090909,1.9211738835693897,11,
unceremonious,3.4545454545454546,2.0670576365276494,11,
uncertain,3.388888888888889,2.033220826202746,18,
uncertainty,2.6,1.7126976771553504,10,
unchain,4.0,2.211083193570267,10,
uncharitable,2.25,1.864744681524183,12,
unchristian,3.4545454545454546,2.1616492020508957,11,
uncivil,3.6,1.837873166945363,10,
uncivilized,3.4,2.3190036174568114,10,
unclamp,3.636363636363636,1.689540012709215,11,
unclasp,4.2,2.14993539954628,10,
uncle,2.2,1.6865480854231356,10,
unclean,2.8,1.8737959096740264,10,
uncomfortable,3.8,2.043961295567452,10,
uncommon,2.9,1.728840330651992,10,
uncommonly,3.4,2.221110833194357,10,
uncommunicative,4.7,2.057506581601462,10,
uncompromising,3.7,1.888562063228706,10,
unconcerned,3.090909090909091,1.5782614139961386,11,
unconditional,4.5,2.1213203435596424,10,
unconnected,3.7,1.5670212364724212,10,
unconscionable,1.8,1.3165611772087666,10,
unconscious,3.636363636363636,1.5015143870590966,11,
unconstitutional,2.5,1.1785113019775793,10,
unconventional,4.2,2.485513584307633,10,
unconventionality,2.0,1.4142135623730951,12,
uncountable,3.3,1.4181364924121764,10,
uncouth,3.2,1.780850519113991,15,
uncover,3.8181818181818175,1.662418829187267,11,
uncritical,2.4,1.1737877907772674,10,
unculture,3.6,2.221110833194357,10,
uncut,3.2,1.9888578520235063,10,
undaunted,3.4166666666666665,2.7122058561364044,12,
undead,4.090909090909091,2.4271195048676715,11,
undeceive,3.25,2.516611478423583,16,
undecided,3.272727272727273,2.053821272209882,11,
undefiled,2.75,1.914854215512676,16,
undefined,3.4,2.5473297566057065,10,
undemonstrative,2.5,1.7837651700316894,12,
undeniable,3.8,1.398411797560202,10,
undenominational,2.4545454545454546,1.3684762594679063,11,
under,4.538461538461538,2.221687969967303,13,
underachieve,2.333333333333333,1.556997888323046,12,
underage,4.636363636363637,2.062654952856986,11,
underarm,3.909090909090909,2.0714509627092528,11,
underbelly,5.4,1.837873166945363,10,
undercharge,3.333333333333333,2.225394561056748,15,
underclothes,4.083333333333333,2.5030284687057627,12,
undercoat,4.2,2.6583202716502514,10,
undercover,4.3,2.263232692902394,10,
undercut,3.5,1.509230856356236,10,
underdog,4.9,1.5238839267549948,10,
underestimate,3.3846153846153846,2.567049588485503,13,
undergarment,2.9,2.0789954839350235,10,
undergo,2.9,2.183269719175042,10,
underground,4.727272727272728,2.004540300962248,11,
underhanded,3.615384615384616,1.9806758753205744,13,
underline,3.4,2.3190036174568114,10,
undermine,2.9,1.5951314818673863,10,
underpants,6.0,1.632993161855452,10,
underpass,3.8333333333333335,1.9462473604038075,12,
underperform,3.4,1.9550504398153572,10,
underprivileged,2.6,1.7126976771553504,10,
underrepresent,3.0,1.6733200530681511,11,
underscore,3.3,1.636391694484477,10,
undersea,4.454545454545454,2.2522715805886446,11,
undersexed,3.1,1.5951314818673863,10,
undershirt,3.7,1.946506842754191,10,
underside,4.083333333333333,1.831955405041456,12,
undersize,2.0,1.1547005383792517,10,
understand,3.1818181818181817,2.227921983292136,11,
understandable,3.272727272727273,1.9021518914592013,11,
understanding,3.2,2.250925735484551,10,
understate,3.1,1.8529256146249728,10,
understatement,3.555555555555556,2.254987210664716,18,
understood,2.8461538461538463,1.863963243832607,13,
understudy,3.0,1.61245154965971,11,
undertake,3.1,0.8755950357709131,10,
undertone,4.0,1.8439088914585773,11,
undertook,2.7,1.5670212364724212,10,
undervalue,3.272727272727273,2.004540300962248,11,
underwear,4.9,1.9692073983655909,10,
underwhelm,3.0,1.8439088914585773,11,
underwire,3.4444444444444446,2.351122663277647,9,
underworld,4.1,1.8529256146249728,10,
undesirable,3.3,1.636391694484477,10,
undo,4.9,2.282785822435191,10,
undone,3.75,2.0943647333651407,12,
undoubted,3.1,2.330951164939612,10,
undress,4.3,2.0027758514399734,10,
undue,4.181818181818182,1.1677484162422844,11,
undulate,3.727272727272727,2.686667418602797,11,
unduly,2.727272727272727,1.6787441193290351,11,
undying,3.1818181818181817,2.227921983292136,11,
unearned,3.9,2.4244128727957577,10,
unearth,3.8,1.8737959096740264,10,
unearthly,3.363636363636364,2.248231628312673,11,
uneasy,3.9,1.286683937707919,10,
uneducated,2.909090909090909,1.513574937328539,11,
unemployed,2.4,1.776388345929897,10,
unemployment,4.545454545454546,2.2074254852038093,11,
unequivocally,3.5454545454545454,1.916436086262016,11,
unessential,2.8181818181818183,1.2504544628399563,11,
unethical,2.909090909090909,1.9725387425622571,11,
uneven,3.5,1.9578900207451215,10,
uneventful,3.0,1.8439088914585773,11,
unexceptionable,2.636363636363636,2.292279532375024,11,
unexceptional,3.5,2.41522945769824,10,
unexpected,3.083333333333333,1.6764862244009229,12,
unexpressed,3.363636363636364,1.747725795010606,11,
unfailing,2.8181818181818183,1.9908883353006928,11,
unfair,3.272727272727273,1.618079669911781,11,
unfaithful,4.2,1.8135294011647256,10,
unfamiliar,2.9,1.3703203194062976,10,
unfasten,2.4166666666666665,1.311372170551507,12,
unfathomable,3.3,1.8287822299126937,10,
unfazed,3.4545454545454546,1.694912172570388,11,
unfeeling,2.4545454545454546,1.5075567228888185,11,
unfit,4.8,2.5298221281347035,10,
unfold,4.2,1.5491933384829668,10,
unforgettable,3.4545454545454546,2.339386088854781,11,
unforgiving,3.5,2.273030282830976,10,
unfortunate,4.0,1.8856180831641267,10,
unfounded,2.75,1.815338686155987,12,
unfree,4.090909090909091,2.5477262590217755,11,
unfriendly,3.5454545454545454,1.8635254955935727,11,
unfulfilled,4.7,1.8287822299126937,10,
unfurl,4.7,1.636391694484477,10,
ungenerous,2.6,1.2649110640673518,10,
unglue,3.9,2.2335820757001272,10,
ungodly,3.363636363636364,1.747725795010606,11,
ungovernable,2.588235294117647,1.460257833800754,17,
ungrateful,3.1,1.911950719959998,10,
unhappy,4.166666666666667,1.80067327475704,12,
unhealthy,5.1,1.8529256146249728,10,
unheard,4.4,2.4585451886114367,10,
unheralded,2.8823529411764706,1.6538724611187705,17,
unhesitating,2.5,2.0670576365276494,12,
unhinge,4.076923076923077,1.8912755158683456,13,
unhitch,3.5454545454545454,2.1616492020508957,11,
unholy,3.727272727272727,2.2401298663653004,11,
unhook,4.5,2.068278940998476,10,
unicorn,3.4,2.221110833194357,10,
unicycle,5.2,1.7511900715418265,10,
uniform,4.4,2.065591117977289,10,
unify,4.375,2.247220505424423,16,
unilateralism,3.909090909090909,2.165850662190053,11,
unimpeachable,2.333333333333333,1.7232808737106582,12,
unimpressed,1.8,1.6193277068654826,10,
uninhibited,3.272727272727273,2.3276988246295565,11,
uninspired,3.692307692307693,2.015961945102775,13,
unintelligent,3.8,2.043961295567452,10,
unintelligible,3.0,2.0548046676563256,10,
unintentional,3.272727272727273,1.954016841836789,11,
uninterested,3.1,2.1317702607092643,10,
union,3.4,2.221110833194357,10,
unionize,3.5454545454545454,2.018099916438052,11,
unique,3.3,1.636391694484477,10,
unisex,3.4,2.065591117977289,10,
unison,4.090909090909091,1.9725387425622571,11,
unit,3.4,1.7126976771553504,10,
unite,5.2,1.398411797560202,10,
unity,4.3,2.6687491868330797,10,
universal,5.0,1.61245154965971,11,
universalism,3.25,2.050498830661811,12,
universalist,3.8461538461538463,1.9935794376846323,13,
universality,3.0,2.1447610589527217,11,
universalize,3.272727272727273,2.004540300962248,11,
universally,3.8,1.9888578520235063,10,
universe,3.7,2.110818693198342,10,
university,2.6923076923076925,1.9741924671712985,13,
unjust,3.9166666666666665,1.880924981991251,12,
unkind,4.666666666666667,2.39791576165636,9,
unkindly,3.8181818181818175,2.272363607268072,11,
unknowable,3.6,2.0110804171997807,10,
unknowing,4.7,1.4181364924121764,10,
unknown,3.2,1.9888578520235063,10,
unlace,3.1,1.1972189997378648,10,
unlatch,4.2,1.8135294011647256,10,
unlawful,4.4,1.7126976771553504,10,
unlearned,2.8461538461538463,2.154303980645638,13,
unleash,4.3,1.2516655570345725,10,
unless,3.0,1.8973665961010275,11,
unlike,4.0,2.273030282830976,13,
unlikelihood,2.8,1.932183566158592,10,
unlimited,3.6,2.590581230363393,10,
unload,3.5,2.5055493963954847,10,
unlock,4.2727272727272725,2.4531982835029496,11,
unlucky,3.3,1.766981104093143,10,
unmask,3.6,2.1186998109427604,10,
unmeaning,2.1,1.911950719959998,10,
unmerciful,2.727272727272727,1.489356175728901,11,
unmindful,2.7,1.4181364924121764,10,
unmistakable,3.727272727272727,1.9021518914592013,11,
unmoral,3.9,2.0789954839350235,10,
unnatural,3.2857142857142856,2.2336094083368714,14,
unnecessary,3.2,2.043961295567452,10,
unnerve,4.8,1.932183566158592,10,
unobtrusive,3.8,1.8135294011647256,10,
unoriginal,4.8,1.8737959096740264,10,
unorthodox,4.1,2.1317702607092643,10,
unpack,4.0,2.0,14,
unpalatable,2.4,1.7126976771553504,10,
unparalleled,4.2,1.7511900715418265,10,
unpeg,3.4285714285714284,1.554857684028483,14,
unpin,3.3,2.110818693198342,10,
unpleasant,3.0,2.309401076758503,10,
unpleasantness,2.6,1.577621275493231,10,
unpopular,2.2,1.8135294011647256,10,
unpractical,2.4545454545454546,2.0670576365276494,11,
unprecedented,3.090909090909091,1.6403990645294488,11,
unpretentious,2.9,2.282785822435191,10,
unprincipled,1.9,1.449137674618944,10,
unprofessional,3.090909090909091,1.9725387425622571,11,
unpromising,2.909090909090909,1.8140862964338524,11,
unqualified,3.2,1.4757295747452437,10,
unquestionable,4.9,1.66332999331662,10,
unquestioned,3.2,1.9888578520235063,10,
unravel,3.909090909090909,1.6403990645294488,11,
unreachable,3.1,2.183269719175042,10,
unreal,4.2727272727272725,1.9021518914592013,11,
unreality,2.4166666666666665,1.2401124093721456,12,
unrealizable,2.3,0.8232726023485646,10,
unrealized,2.583333333333333,1.5050420310248864,12,
unreason,3.1,2.183269719175042,10,
unreasonable,3.0,2.260776661041756,10,
unreasoning,3.5454545454545454,2.3817487845545915,11,
unrelenting,3.6666666666666665,2.229281716090851,12,
unreliable,3.1818181818181817,1.9400093720485896,11,
unreligious,2.4,1.776388345929897,10,
unrequited,3.2,1.6865480854231356,10,
unreserved,3.272727272727273,2.004540300962248,11,
unrest,4.6,1.6465452046971292,10,
unrighteous,3.3,2.1628170930011112,10,
unripe,3.363636363636364,1.9632996344280853,11,
unrivaled,3.8181818181818175,1.9908883353006928,11,
unruly,3.8181818181818175,1.8877596148970777,11,
unsanitary,3.909090909090909,2.21153998175685,11,
unsatisfying,4.0,2.04939015319192,11,
unsavory,4.333333333333333,1.2309149097933274,12,
unscrew,4.384615384615385,1.9806758753205744,13,
unscrupulous,2.5,1.509230856356236,10,
unsearchable,3.357142857142857,2.530039308212207,14,
unseasonable,2.5,1.6499158227686108,10,
unseemly,2.727272727272727,1.489356175728901,11,
unseen,3.5,2.2763607319179844,12,
unselfish,4.2,1.8135294011647256,10,
unsettle,3.090909090909091,1.6403990645294488,11,
unsettled,3.5454545454545454,1.752919642404429,11,
unsettlement,3.1818181818181817,1.834021909257456,11,
unshackle,3.4,1.776388345929897,10,
unsociable,3.2,2.14993539954628,10,
unsound,3.2,2.14993539954628,10,
unsparing,2.6,1.9550504398153572,10,
unspeakable,3.6,2.1186998109427604,10,
unspent,2.5,1.5666989036012806,12,
unstable,3.1,2.5144029554194813,10,
unsteady,3.3,2.5407785333546005,10,
unstressed,3.2,1.6865480854231356,10,
unstudied,2.3076923076923075,1.4935759876113537,13,
unsubstantial,2.9,1.7919573407620817,10,
unsubstantiated,2.3846153846153846,1.7577666482623882,13,
unsuccessful,3.4,1.8973665961010275,10,
unsuitable,2.363636363636364,1.5015143870590966,11,
unsung,2.9166666666666665,1.781640374554423,12,
unsure,3.272727272727273,2.370270410350224,11,
unsuspected,3.6,2.3190036174568114,10,
unsustainable,3.6,2.1705094128132942,10,
unswear,2.0,1.0801234497346437,13,
untangle,4.6,1.6465452046971292,10,
unthinkable,4.0,1.8257418583505536,10,
unthinking,3.1,1.66332999331662,10,
untidy,2.9,2.330951164939612,10,
untie,4.090909090909091,2.467976720090587,11,
until,2.272727272727273,1.618079669911781,11,
untimely,3.1,1.5951314818673863,10,
unto,2.3,2.110818693198342,10,
untold,3.3,2.057506581601462,10,
untoward,2.8,1.932183566158592,10,
untroubled,4.090909090909091,2.3001976199685736,11,
untrue,3.3,2.4517567397911058,10,
untruthful,3.1,1.5951314818673863,10,
unusual,3.4545454545454546,2.2074254852038093,11,
unwanted,3.5454545454545454,1.572490786213793,11,
unwary,2.5,1.1785113019775793,10,
unwell,3.5454545454545454,1.8635254955935727,11,
unwholesome,3.3076923076923075,2.323238235187235,13,
unwieldy,2.8,0.7888106377466155,10,
unwilling,4.181818181818182,2.1362669223756576,11,
unwind,3.363636363636364,2.1105794120443453,11,
unwise,4.2,2.201009869229224,10,
unwished,2.4545454545454546,1.6348477827391985,11,
unwitting,2.7,2.0027758514399734,10,
unworthy,2.6,1.505545305418162,10,
unyielding,3.272727272727273,1.6787441193290351,11,
unzip,4.454545454545454,2.2962419891481978,11,
up,6.1,1.286683937707919,10,
upbeat,4.2,2.0976176963403037,10,
update,4.181818181818182,1.7786613965666325,11,
upgrade,3.3,2.213594362117865,10,
uphold,3.6,1.505545305418162,10,
upholstery,2.4,1.5946338585572373,15,
upkeep,4.818181818181818,2.315952582337636,11,
uplift,5.2727272727272725,1.7939291563999449,11,
upon,3.3,1.1595018087284057,10,
upper,4.9,1.728840330651992,10,
upright,3.7,1.766981104093143,10,
uproar,4.818181818181818,1.7215215257545762,11,
uproot,5.2727272727272725,1.618079669911781,11,
upset,2.9,1.8529256146249728,10,
upstage,3.0,1.5491933384829668,11,
uptight,4.5,1.509230856356236,10,
upward,5.7,1.946506842754191,10,
uranium,2.909090909090909,2.0714509627092528,11,
urban,4.2727272727272725,2.053821272209882,11,
urge,4.727272727272728,1.1908743922772955,11,
urgency,4.6,1.7126976771553504,10,
urgent,3.4166666666666665,1.831955405041456,12,
urinal,2.9,1.7919573407620817,10,
urinary,3.1,1.449137674618944,10,
urinate,4.3,2.110818693198342,10,
urine,4.833333333333333,1.992409839791244,12,
urn,3.272727272727273,1.954016841836789,11,
urology,2.5,1.509230856356236,10,
us,3.363636363636364,2.5796405669289384,11,
usable,3.4,1.837873166945363,10,
usage,3.4,2.065591117977289,10,
use,2.7,1.2516655570345725,10,
used,2.363636363636364,1.5666989036012806,11,
useful,3.888888888888889,2.2980525998405663,18,
useless,3.1,1.7919573407620817,10,
user,2.7,2.110818693198342,10,
usher,3.8,1.4757295747452437,10,
usual,3.1,1.5951314818673863,10,
utensil,3.8,2.485513584307633,10,
uterus,2.1,2.0248456731316584,10,
utilitarianism,3.0,1.8973665961010275,11,
utility,2.923076923076923,1.605279750362247,13,
utilize,3.363636363636364,1.5015143870590966,11,
utmost,3.7,1.946506842754191,10,
Utopia,4.75,1.9128750375000736,12,
utopianism,2.2,1.8737959096740264,10,
utter,4.1,1.7919573407620817,10,
utterly,2.6153846153846154,1.325296290046213,13,
vacancy,3.5,2.0670576365276494,12,
vacant,4.363636363636363,1.8586407545691703,11,
vacation,3.8,1.6193277068654826,10,
vaccinate,3.8333333333333335,1.992409839791244,12,
vaccine,2.75,1.5447859516333116,12,
vacuum,2.4,1.837873166945363,10,
vagabond,3.7142857142857135,1.489892687336984,14,
vagina,3.6,2.6331223544175333,10,
vaginal,4.0,2.6457513110645907,11,
vagrancy,3.3846153846153846,1.5021352323976216,13,
vagrant,3.0,2.260776661041756,10,
vague,4.0,2.260776661041756,10,
vain,2.6,1.7126976771553504,10,
valance,3.7,2.110818693198342,10,
valedictorian,2.2,1.1352924243950937,10,
valentine,3.1818181818181817,1.8877596148970777,11,
valet,2.636363636363636,2.013590190318143,11,
valiant,3.9,2.0789954839350235,10,
valid,2.8,1.4757295747452437,10,
validate,3.6666666666666665,2.229281716090851,12,
validity,2.272727272727273,1.4206272622267313,11,
Valium,2.8461538461538463,1.6756169931378433,13,
valley,3.8181818181818175,1.7215215257545762,11,
valorous,2.6,1.6465452046971292,10,
valuable,4.454545454545454,2.2074254852038093,11,
value,2.5,1.6499158227686108,10,
valued,2.363636363636364,1.3618169680781094,11,
valueless,3.4,1.505545305418162,10,
valve,4.090909090909091,1.9211738835693897,11,
vamp,3.272727272727273,2.053821272209882,11,
vampire,3.8,2.201009869229224,10,
van,3.3,2.110818693198342,10,
vandal,3.2,1.932183566158592,10,
vandalism,2.5,1.2692955176439846,10,
vandalize,3.7,2.057506581601462,10,
vane,3.1538461538461537,1.8187062180825984,13,
vanilla,3.9166666666666665,1.880924981991251,12,
vanish,3.9,1.7919573407620817,10,
vanity,3.9,1.9692073983655909,10,
vanquish,4.0,2.04939015319192,11,
vapor,5.6,1.3498971154211057,10,
vaporize,5.636363636363637,1.1200649331826502,11,
variable,3.0,1.4907119849998598,10,
variant,3.363636363636364,2.2033033051637387,11,
variation,3.0,2.1320071635561044,12,
variety,3.727272727272727,1.7372915179041823,11,
various,2.5454545454545454,1.752919642404429,11,
varmint,4.5,2.0138409955990952,10,
varnish,3.3529411764705883,1.8688625039910047,17,
varsity,3.6,1.577621275493231,10,
vary,2.8,1.6865480854231356,10,
vascular,2.7,1.2516655570345725,10,
vase,4.2,1.8737959096740264,10,
Vaseline,3.272727272727273,2.2401298663653004,11,
vast,5.3,2.0027758514399734,10,
vat,3.071428571428572,1.6854255666327542,14,
vault,4.0,1.1547005383792517,10,
vector,3.7,2.1628170930011112,10,
vegan,2.9,1.8529256146249728,10,
vegetable,2.4,1.3498971154211057,10,
vegetarian,2.2,1.8737959096740264,10,
vegetative,3.6,2.1186998109427604,10,
veggie,3.333333333333333,1.9227505550564008,12,
vehicle,2.9,1.1972189997378648,10,
veil,2.8,1.7511900715418265,10,
veiled,3.7,2.213594362117865,10,
vein,3.8333333333333335,2.0816659994661326,12,
Velcro,4.0,2.04939015319192,11,
velocity,3.3,1.8287822299126937,10,
velvet,4.818181818181818,1.8877596148970777,11,
velvety,4.7,2.1628170930011112,10,
vend,3.1,1.3703203194062976,10,
vendetta,3.2,1.9888578520235063,10,
vendor,3.1,1.66332999331662,10,
veneer,3.076923076923077,1.84668795692624,13,
veneration,1.7,1.4944341180973264,10,
venereal,3.5454545454545454,2.2962419891481978,11,
vengeance,3.6,1.7126976771553504,10,
vengeful,4.2,2.3475755815545347,10,
venom,4.9,1.66332999331662,10,
venomous,3.636363636363636,1.804035879506129,11,
vent,4.1,2.0248456731316584,10,
ventilate,3.1,2.2335820757001272,10,
ventilation,3.3,2.406010991015812,10,
venture,4.0,1.61245154965971,11,
venue,2.8181818181818183,1.7786613965666325,11,
veracious,3.333333333333333,1.7232808737106582,12,
veracity,3.5454545454545454,2.1616492020508957,11,
verb,3.5,1.9578900207451215,10,
verbal,4.7,1.8287822299126937,10,
verbalism,2.5,1.7159383568311668,10,
verbatim,3.6,1.8973665961010275,10,
verbose,3.230769230769231,2.047512562185564,13,
verdict,2.2,1.6193277068654826,10,
verge,4.1,1.8529256146249728,10,
verify,2.7,1.4181364924121764,10,
veritable,2.2,1.6193277068654826,10,
vermin,3.8181818181818175,2.315952582337636,11,
vermouth,3.4,2.5473297566057065,10,
versatile,3.2,1.932183566158592,10,
verse,2.5,1.5075567228888185,12,
version,2.6,1.2649110640673518,10,
versus,2.923076923076923,1.9348358440936904,13,
vertebra,2.7,1.888562063228706,10,
vertical,3.8,1.398411797560202,10,
very,1.5,0.97182531580755,10,
vessel,3.1,1.3703203194062976,10,
vest,2.636363636363636,1.3618169680781094,11,
vet,2.6,1.6465452046971292,10,
veteran,3.1,1.449137674618944,10,
veterinarian,4.909090909090909,2.343268890014352,11,
veto,3.0625,1.7689450716929191,16,
vex,2.6,2.1705094128132942,10,
via,3.1,2.0789954839350235,10,
viability,3.6,1.776388345929897,10,
viable,2.8,2.440400695696417,10,
vial,2.8,2.043961295567452,10,
vibes,4.2,1.7511900715418265,10,
vibrant,5.7,1.5670212364724212,10,
vibrate,4.8,1.398411797560202,10,
vibrator,4.4,1.7126976771553504,10,
vicar,3.4,1.837873166945363,10,
vicarious,3.272727272727273,2.1489955370316194,11,
vice,3.25,2.050498830661811,12,
vicinity,2.8,1.5491933384829668,10,
vicious,5.7,1.2516655570345725,10,
victim,3.8,2.250925735484551,10,
victimize,4.1,1.66332999331662,10,
victorious,5.4,1.8973665961010275,10,
victory,4.1,2.183269719175042,10,
video,2.7,1.946506842754191,10,
videotape,3.0,2.10818510677892,10,
view,3.4545454545454546,2.2962419891481978,11,
viewer,3.0,1.651445647689541,12,
viewing,3.1818181818181817,1.7215215257545762,11,
viewpoint,3.7,2.359378449224852,10,
vigilance,3.0,1.8257418583505536,10,
vigilant,4.0,2.0,11,
vigilante,4.076923076923077,1.255755978254962,13,
vigorous,4.818181818181818,1.3280197150781925,11,
vile,4.4,1.9550504398153572,10,
vilify,4.0,1.095445115010332,16,
villa,4.1,1.911950719959998,10,
village,3.6,2.1186998109427604,10,
villager,3.25,2.0056737702645644,12,
villain,3.727272727272727,1.618079669911781,11,
villainous,4.5,2.0138409955990952,10,
vindicate,3.25,2.206052281036573,16,
vindication,3.272727272727273,2.2401298663653004,11,
vindictive,3.4,2.065591117977289,10,
vine,3.9,1.286683937707919,10,
vinegar,3.1,1.5951314818673863,10,
vinegary,4.1,2.2335820757001272,10,
vineyard,3.9,1.5951314818673863,10,
vintage,3.9,1.728840330651992,10,
vinyl,2.9,2.282785822435191,10,
viola,4.2727272727272725,2.1489955370316194,11,
violate,4.285714285714286,1.7288756430151329,14,
violation,3.636363636363636,2.2033033051637387,11,
violence,2.7,1.888562063228706,10,
violent,4.2,1.932183566158592,10,
violet,5.1,1.66332999331662,10,
violin,3.7,2.110818693198342,10,
violinist,3.909090909090909,1.9211738835693897,11,
viper,4.6,2.0110804171997807,10,
viral,3.5,1.9578900207451215,10,
virgin,4.727272727272728,1.7939291563999449,11,
virginity,4.545454545454546,2.018099916438052,11,
virtual,4.3,1.888562063228706,10,
virtue,3.6,1.776388345929897,10,
virtuosity,3.6,1.6465452046971292,10,
virtuoso,2.5454545454545454,1.2933395813657265,11,
virtuous,3.8,2.250925735484551,10,
virus,3.1666666666666665,1.5859229221975182,12,
visa,2.8,2.201009869229224,10,
visible,3.8181818181818175,0.9816498172140428,11,
vision,4.363636363636363,2.1105794120443453,11,
visionary,4.6875,1.8874586088176877,16,
visit,3.1,1.7919573407620817,10,
visitor,2.9,1.7919573407620817,10,
visor,3.7,2.0027758514399734,10,
visual,3.7,2.0027758514399734,10,
visualize,3.8,1.8737959096740264,10,
vital,4.6,1.8973665961010275,10,
vitality,4.7,1.636391694484477,10,
vitalize,3.363636363636364,1.747725795010606,11,
vitals,2.9,1.66332999331662,10,
vitamin,2.909090909090909,1.513574937328539,11,
vivid,5.7,0.8232726023485646,10,
vocabulary,3.4,2.270584848790187,10,
vocal,3.272727272727273,1.618079669911781,11,
vocation,3.1,1.449137674618944,10,
vocational,3.727272727272727,1.8488325554743508,11,
vodka,3.8,2.3475755815545347,10,
vogue,2.4545454545454546,1.5075567228888185,11,
voice,4.0,1.8027756377319943,9,
voiced,3.4,1.8973665961010275,10,
voiceless,3.8,1.9888578520235063,10,
void,4.0,1.949358868961793,11,
voidable,2.9,2.1317702607092643,10,
volatile,3.583333333333333,2.3532698077098573,12,
volcanic,5.5,1.509230856356236,10,
volcano,3.3,2.110818693198342,10,
volley,3.4545454545454546,1.8635254955935727,11,
volleyball,4.142857142857143,1.7478401113789142,14,
volt,4.7,1.8287822299126937,10,
voltage,3.7,2.311805451253293,10,
volume,3.6,1.505545305418162,10,
voluntary,4.0,1.7638342073763935,10,
volunteer,3.4,1.7126976771553504,10,
vomit,4.9,1.5951314818673863,10,
vomitive,4.5,1.5811388300841898,10,
voodoo,5.2,1.8737959096740264,10,
vortex,4.636363636363637,1.8586407545691703,11,
vote,3.2,1.6865480854231356,10,
voter,3.4,2.0110804171997807,10,
voucher,3.5454545454545454,1.8090680674665816,11,
vow,3.6,2.1705094128132942,10,
vowel,3.272727272727273,2.195035721390843,11,
voyage,4.090909090909091,1.9211738835693897,11,
vroom,6.727272727272728,0.6466697906828632,11,
vulgar,5.083333333333333,1.5050420310248864,12,
vulgarize,3.0,2.0,10,
vulnerable,2.9,1.728840330651992,10,
vulture,4.5,1.6499158227686108,10,
wack,5.2,2.043961295567452,10,
wacky,5.4,1.6465452046971292,10,
wad,4.7,1.766981104093143,10,
waddle,6.2,1.5491933384829668,10,
wade,3.9,1.3703203194062976,10,
wafer,3.4545454545454546,1.572490786213793,11,
waffle,4.090909090909091,2.7001683449202,11,
waft,4.363636363636363,2.1105794120443453,11,
wag,4.909090909090909,2.4271195048676715,11,
wage,4.1,2.183269719175042,10,
wager,3.769230769230769,1.9644272343292228,13,
wagon,4.0,1.632993161855452,10,
wah-wah,5.928571428571429,1.817195036917557,14,
wail,5.909090909090909,1.5782614139961386,11,
waist,3.0,2.10818510677892,10,
waistband,3.1,2.2335820757001272,10,
waistline,3.615384615384616,2.662657242256988,13,
wait,3.5,1.8408935028645437,10,
waiter,3.769230769230769,1.8776690404970269,13,
waiting,3.6,1.505545305418162,10,
waitress,3.8,1.8737959096740264,10,
wake,3.1,1.100504934614612,10,
waken,3.3,1.946506842754191,10,
walk,3.8,2.201009869229224,10,
walker,3.5,1.7320508075688772,12,
walking,3.0,1.632993161855452,10,
wall,3.5,1.7795130420052183,10,
wallet,4.3,2.0027758514399734,10,
wallflower,2.9,2.0789954839350235,10,
wallop,5.538461538461538,2.221687969967303,13,
wallow,4.3,2.311805451253293,10,
wallpaper,3.7,2.359378449224852,10,
walnut,2.4,1.6465452046971292,10,
walrus,3.7,2.057506581601462,10,
waltz,4.2,1.7511900715418265,10,
wand,4.2,1.7511900715418265,10,
wander,4.545454545454546,1.5075567228888185,11,
Wanderer,4.6,0.966091783079296,10,
wandering,4.2,2.250925735484551,10,
wangle,4.0,1.61245154965971,11,
wanna,2.636363636363636,1.8586407545691703,11,
wannabe,3.363636363636364,2.248231628312673,11,
want,3.923076923076923,2.215909838025097,13,
wanting,4.181818181818182,1.8877596148970777,11,
wanton,3.3,1.0593499054713802,10,
war,3.4,2.221110833194357,10,
ward,3.636363636363636,2.419616799112094,11,
warden,2.7,1.8287822299126937,10,
wardrobe,2.9,1.66332999331662,10,
ware,2.0,1.2649110640673518,11,
warehouse,4.8,1.4757295747452437,10,
warfare,4.363636363636363,2.248231628312673,11,
wariness,3.071428571428572,1.8999710813299528,14,
warlock,3.4,1.429840705968481,10,
warlord,4.818181818181818,1.1677484162422844,11,
warm,3.928571428571429,1.7304639535412156,14,
warmer,4.0,2.0548046676563256,10,
warmth,5.2,1.398411797560202,10,
warn,4.090909090909091,1.9211738835693897,11,
warning,4.3,1.4181364924121764,10,
warp,5.5,1.5811388300841898,10,
warrant,2.6,1.577621275493231,10,
warrantable,2.3,2.110818693198342,10,
warranty,3.1,1.8529256146249728,10,
warrior,4.2,1.6193277068654826,10,
wart,3.4545454545454546,1.5075567228888185,11,
wary,4.363636363636363,1.9632996344280853,11,
was,1.6363636363636365,0.8090398349558905,11,
wasabi,3.0,1.8439088914585773,11,
wash,4.2,1.6193277068654826,10,
washable,5.2,1.7511900715418265,10,
washboard,3.8333333333333335,2.0375267241229382,12,
washer,4.3,1.888562063228706,10,
washing,4.1,2.2335820757001272,10,
washroom,4.7,2.0027758514399734,10,
wasp,4.6,1.6465452046971292,10,
waste,4.083333333333333,2.0207259421636903,12,
wasted,3.8333333333333335,1.8989630344113089,12,
wasteful,3.0,1.3228756555322954,9,
wasteland,4.0,2.6666666666666665,10,
wasting,3.2,1.8737959096740264,10,
watch,4.0,2.160246899469287,10,
watchdog,4.636363636363637,1.689540012709215,11,
watcher,3.8181818181818175,2.227921983292136,11,
watchful,3.5454545454545454,1.8090680674665816,11,
watchtower,4.8,1.3165611772087666,10,
water,3.9,2.183269719175042,10,
watercolor,4.333333333333333,1.7232808737106582,12,
watered,5.2,2.043961295567452,10,
waterfall,5.1,1.7919573407620817,10,
waterfront,4.0,1.699673171197595,10,
watermark,2.9,2.282785822435191,10,
watermelon,4.454545454545454,2.504541329810165,11,
waterproof,4.363636363636363,2.062654952856986,11,
watershed,3.125,2.12524508390601,16,
waterway,3.8,2.250925735484551,10,
watery,5.363636363636363,1.689540012709215,11,
watt,3.8,2.0976176963403037,10,
wave,5.8,1.6865480854231356,10,
waved,4.9,2.183269719175042,10,
wavelength,4.727272727272728,1.489356175728901,11,
waver,3.8181818181818175,1.7215215257545762,11,
wavy,5.9,1.8529256146249728,10,
wax,4.4,2.0110804171997807,10,
waxing,5.0,2.179449471770337,9,
waxy,4.7,1.4181364924121764,10,
way,3.090909090909091,1.513574937328539,11,
ways,2.8,2.0976176963403037,10,
wayward,3.6666666666666665,1.6143297699232972,12,
we,2.9,2.846049894151541,10,
weak,3.4,1.776388345929897,10,
weaken,3.75,1.5447859516333116,12,
weakling,4.5,1.6499158227686108,10,
weakness,2.909090909090909,1.513574937328539,11,
wealth,4.6,1.7126976771553504,10,
wealthy,3.7,1.4944341180973264,10,
weapon,2.75,1.9598237397554636,12,
weaponry,4.0,1.632993161855452,10,
wear,3.333333333333333,2.229281716090851,12,
wearing,3.076923076923077,2.361550989693654,13,
weary,5.1,0.9944289260117531,10,
weasel,4.083333333333333,2.0652243256245835,12,
weather,2.727272727272727,2.053821272209882,11,
weatherman,4.8,1.8737959096740264,10,
weatherproof,3.3,2.057506581601462,10,
weave,4.7,1.636391694484477,10,
web,4.9,2.0789954839350235,10,
wed,3.7,2.311805451253293,10,
wedded,2.4,1.1737877907772674,10,
wedding,3.3846153846153846,2.142368686697878,13,
wedge,4.6,1.6465452046971292,10,
wedged,3.8,1.7511900715418265,10,
wedlock,2.923076923076923,1.9348358440936904,13,
Wednesday,2.5,1.6499158227686108,10,
wee,5.1,1.9692073983655909,10,
weed,2.8,1.9888578520235063,10,
week,2.9,1.911950719959998,10,
weekday,4.545454545454546,2.2522715805886446,11,
weekend,4.4,1.837873166945363,10,
weekly,2.090909090909091,1.300349603340998,11,
weep,4.9,1.5238839267549948,10,
weeping,5.1,2.0248456731316584,10,
weepy,5.5,1.2692955176439846,10,
weigh,2.5,1.5811388300841898,10,
weight,3.7,2.110818693198342,10,
weightless,4.1,2.0789954839350235,10,
weighty,5.166666666666667,1.6422453217986943,12,
weird,4.5,1.834021909257456,12,
weirdo,5.666666666666667,1.6143297699232972,12,
welcome,3.3,1.4944341180973264,10,
weld,3.7,2.263232692902394,10,
welfare,3.8,2.6583202716502514,10,
well,3.1,1.7919573407620817,10,
wellness,4.8,1.2292725943057183,10,
welsh,2.6,1.7126976771553504,10,
wench,4.545454545454546,1.5075567228888185,11,
went,2.2,1.398411797560202,10,
wept,4.6,2.590581230363393,10,
were,2.3076923076923075,1.8432134703923733,13,
west,4.5,2.5055493963954847,10,
westbound,4.1,2.378141197564929,10,
western,5.083333333333333,1.311372170551507,12,
westernize,2.75,2.0056737702645644,12,
wet,5.1,1.911950719959998,10,
whack,5.8,1.6865480854231356,10,
whale,3.9,1.728840330651992,10,
whaling,4.0,1.7638342073763935,10,
wham,6.3,1.5670212364724212,10,
wharf,4.0,2.260776661041756,10,
what,1.9,1.8529256146249728,10,
whatever,3.923076923076923,1.9348358440936904,13,
wheat,3.8181818181818175,1.9400093720485896,11,
wheel,4.181818181818182,1.7215215257545762,11,
wheelbarrow,3.636363636363636,2.335496832484569,11,
wheelchair,4.2,1.932183566158592,10,
wheeled,5.0,1.0540925533894598,10,
wheeze,6.583333333333333,0.6685579234215214,12,
whelp,5.727272727272728,1.1908743922772955,11,
when,1.8,0.7888106377466155,10,
whenever,3.1818181818181817,1.60113596038449,11,
where,3.0,2.260776661041756,10,
wherever,3.636363636363636,1.9116865471476892,11,
whether,3.3,1.766981104093143,10,
whew,6.3,0.9486832980505138,10,
whey,2.8181818181818183,1.7786613965666325,11,
which,2.5,1.90029237516523,10,
whicker,4.466666666666667,1.7265434778633235,15,
whiff,6.6,0.699205898780101,10,
whiffy,5.5,2.195035721390843,12,
while,2.1,1.5238839267549948,10,
whim,4.4,1.505545305418162,10,
whimper,5.2727272727272725,1.954016841836789,11,
whimsical,5.1,1.286683937707919,10,
whimsicality,3.5,1.8408935028645437,10,
whimsy,5.545454545454546,1.8090680674665816,11,
whine,5.75,1.764549903980152,12,
whinny,4.222222222222222,2.223610677354389,9,
whiny,5.0,1.4907119849998598,10,
whip,6.363636363636363,1.2862913567871994,11,
whiplash,5.0,2.0,10,
whipped,4.909090909090909,1.7002673586554236,11,
whipping,6.0,1.1547005383792517,10,
whir,5.307692307692308,2.1363760352762253,13,
whirl,6.0,1.4142135623730951,11,
whirlpool,5.0,2.211083193570267,10,
whirlwind,6.0,1.0,11,
whirr,6.636363636363637,0.674199862463242,11,
whish,5.636363636363637,1.689540012709215,11,
whisk,4.545454545454546,2.2962419891481978,11,
whisker,4.909090909090909,0.9438798074485388,11,
whiskey,3.1818181818181817,2.1362669223756576,11,
whisky,3.8,1.6193277068654826,10,
whisper,4.909090909090909,2.4271195048676715,11,
whispered,5.5,1.5811388300841898,10,
whisperer,6.1,0.9944289260117531,10,
whispering,5.363636363636363,2.1105794120443453,11,
whistle,4.6,1.7126976771553504,10,
whistling,5.6,1.837873166945363,10,
whit,4.7,2.263232692902394,10,
white,3.1818181818181817,1.9400093720485896,11,
whiten,4.333333333333333,2.196253494422878,18,
whittle,5.2727272727272725,1.2720777563426766,11,
whiz,4.545454545454546,2.2074254852038093,11,
who,3.6,2.4129281427805145,10,
whole,4.6,2.221110833194357,10,
wholesale,1.9090909090909087,0.9438798074485388,11,
wholesome,4.6,1.776388345929897,10,
whom,4.181818181818182,2.088931871468374,11,
whomp,6.0,1.4142135623730951,10,
whoop,5.6,1.429840705968481,10,
whoosh,6.7,0.4830458915396479,10,
whopper,4.666666666666667,1.775250729197189,12,
whopping,5.1,1.9692073983655909,10,
whorish,4.727272727272728,2.053821272209882,11,
whose,2.363636363636364,1.8586407545691703,11,
whump,5.2,2.3475755815545347,10,
why,3.727272727272727,2.370270410350224,11,
wick,4.6,2.065591117977289,10,
wicked,4.7,1.70293863659264,10,
wickedness,5.1,1.5238839267549948,10,
wicker,3.4615384615384617,2.0254787341673333,13,
wide,4.230769230769231,1.9644272343292228,13,
widen,4.214285714285714,1.805060042835628,14,
widespread,4.9,2.183269719175042,10,
widow,3.1538461538461537,1.863963243832607,13,
widower,3.8181818181818175,1.7215215257545762,11,
width,4.7,2.0027758514399734,10,
wield,3.7,2.0027758514399734,10,
wieldy,2.1818181818181817,1.4012980994907414,11,
wiener,3.3,2.5407785333546005,10,
wife,2.8181818181818183,1.7786613965666325,11,
wifely,3.75,1.4847711791873706,12,
wig,3.5454545454545454,1.9679246105293955,11,
wiggle,6.9,0.3162277660168379,10,
wild,5.153846153846154,1.0681880176381129,13,
wildcat,4.5,2.0138409955990952,10,
wilderness,4.2,1.3165611772087666,10,
wildfire,3.857142857142857,2.2483204964917824,14,
wildlife,3.1,2.5144029554194813,10,
will,1.8,1.4757295747452437,10,
willful,4.3,1.70293863659264,10,
willing,3.0,1.9436506316151,10,
willow,3.8,1.932183566158592,10,
wilt,4.727272727272728,1.6787441193290351,11,
wimp,5.1,1.1972189997378648,10,
wimpy,4.090909090909091,1.7002673586554236,11,
win,4.727272727272728,1.9021518914592013,11,
wince,5.75,1.288057028664069,12,
winch,3.3,2.1628170930011112,10,
wind,4.0,2.0548046676563256,10,
winded,4.1,2.183269719175042,10,
winding,3.75,1.9598237397554636,12,
windmill,4.333333333333333,2.70801280154532,12,
window,3.3,2.4517567397911058,10,
windshield,4.3,2.263232692902394,10,
windy,5.5,1.7795130420052183,10,
wine,3.8181818181818175,2.315952582337636,11,
wineglass,4.4,2.3190036174568114,10,
wing,3.8181818181818175,1.8877596148970777,11,
winged,4.5,1.7159383568311668,10,
winger,3.230769230769231,2.087815690853567,13,
wingspan,4.545454545454546,2.1616492020508957,11,
wink,5.4,1.429840705968481,10,
winkle,3.6,2.1186998109427604,10,
winnable,3.4,1.6465452046971292,10,
winner,5.4,1.9550504398153572,10,
winning,3.0,1.4907119849998598,10,
winter,3.230769230769231,2.27866357593825,13,
winterberry,4.461538461538462,2.145358735168573,13,
wipe,3.5,2.173067468400883,10,
wiper,4.9,1.449137674618944,10,
wire,2.4,1.2649110640673518,10,
wired,3.8181818181818175,2.1825756260978366,11,
wireless,3.6,2.1186998109427604,10,
wiring,4.1,2.0248456731316584,10,
wiry,4.454545454545454,1.694912172570388,11,
wisdom,3.9,1.911950719959998,10,
wise,4.2727272727272725,1.8488325554743508,11,
wish,4.4,1.8973665961010275,10,
wishbone,3.3846153846153846,1.8045526471705544,13,
wishful,4.714285714285714,1.8575654633281304,14,
wisp,5.7,1.4944341180973264,10,
wispy,5.307692307692308,1.887883090687176,13,
wit,3.3,2.263232692902394,10,
witch,4.6,1.4540583599999397,15,
witchcraft,3.090909090909091,2.3001976199685736,11,
with,2.909090909090909,1.5782614139961386,11,
withdraw,3.363636363636364,1.8586407545691703,11,
wither,4.9,2.0248456731316584,10,
withhold,4.4,1.837873166945363,10,
within,3.1,1.5238839267549948,10,
without,2.9,2.282785822435191,10,
withstand,4.181818181818182,1.7786613965666325,11,
witless,3.4,2.0110804171997807,10,
witness,2.8,1.2292725943057183,10,
witting,3.4,1.7126976771553504,10,
witty,4.1,1.5951314818673863,10,
wizard,4.4,2.065591117977289,10,
wobble,5.363636363636363,2.157439559882375,11,
wobbling,6.181818181818182,1.1677484162422844,11,
wobbly,6.7,0.4830458915396479,10,
woe,4.6923076923076925,2.2130151145972543,13,
woeful,3.9,0.8755950357709131,10,
wok,2.909090909090909,1.9725387425622571,11,
woke,3.7,2.0027758514399734,10,
wolf,3.6,2.1705094128132942,10,
wolverine,4.0,2.04939015319192,11,
woman,4.4,2.1186998109427604,10,
womanhood,4.0,2.449489742783178,12,
womanish,3.2,2.043961295567452,10,
womanizer,4.7,2.263232692902394,10,
womanly,4.916666666666667,2.1933093855190746,12,
womb,4.363636363636363,1.747725795010606,11,
won,3.2,2.3475755815545347,10,
wonder,3.7,1.766981104093143,10,
wonderful,3.9,1.66332999331662,10,
wondering,3.7,2.311805451253293,10,
wondrous,4.0,2.494438257849294,10,
wont,2.6,1.776388345929897,10,
woo,4.909090909090909,2.256304299271065,11,
wood,3.636363636363636,1.1200649331826502,11,
wooden,4.1,1.7919573407620817,10,
woodland,4.7,2.263232692902394,10,
Woods,4.6,1.505545305418162,10,
woodwork,5.636363636363637,1.747725795010606,11,
woof,6.8,0.6324555320336759,10,
woofer,4.8,1.8135294011647256,10,
wool,3.0,1.5491933384829668,11,
woolly,5.636363636363637,1.5015143870590966,11,
word,3.2,2.0976176963403037,10,
wordless,4.636363636363637,1.9116865471476892,11,
wordplay,3.8,1.5491933384829668,10,
work,4.416666666666667,2.314316444667973,12,
workable,3.8181818181818175,2.0404990476930798,11,
workaholic,4.6,1.7126976771553504,10,
workbench,4.6,2.1705094128132942,10,
workbook,3.9,1.911950719959998,10,
worked,3.583333333333333,2.4664414311581235,12,
worker,3.769230769230769,1.589226549501683,13,
working,3.3,1.3374935098492586,10,
workman,4.4,2.221110833194357,10,
workout,4.2727272727272725,2.195035721390843,11,
workroom,3.3,2.213594362117865,10,
worksheet,3.636363636363636,1.9632996344280853,11,
workshop,3.4545454545454546,2.2522715805886446,11,
world,3.6,2.221110833194357,10,
worldly,4.636363636363637,2.157439559882375,11,
worm,4.5,1.7795130420052183,10,
wormhole,4.5,2.592724864350674,10,
worn,4.1,2.0789954839350235,10,
worried,3.4,1.8973665961010275,10,
worrisome,3.4,2.6331223544175333,10,
worry,3.0,1.6733200530681511,11,
worse,2.5,1.35400640077266,10,
worsen,3.5454545454545454,1.6348477827391985,11,
worship,4.3,1.3374935098492586,10,
worst,4.090909090909091,1.6403990645294488,11,
wort,3.6666666666666665,2.348435972120917,12,
worth,2.636363636363636,1.689540012709215,11,
worthless,3.5,2.223610677354389,10,
worthwhile,4.6,1.837873166945363,10,
worthy,3.636363636363636,2.062654952856986,11,
would,2.6666666666666665,1.1547005383792517,12,
wound,3.6666666666666665,1.8027756377319943,9,
woven,4.8,1.8135294011647256,10,
wow,6.0,1.247219128924647,10,
wrack,4.4,1.505545305418162,10,
wrangle,5.7,1.0593499054713802,10,
wrangler,5.2,1.6193277068654826,10,
wrap,4.2727272727272725,2.1489955370316194,11,
wrapper,5.1,2.0789954839350235,10,
wrath,4.9,1.8529256146249728,10,
wreak,4.2,1.6865480854231356,10,
wreath,2.909090909090909,1.7002673586554236,11,
wreathe,3.1,1.449137674618944,10,
wreck,4.727272727272728,1.8488325554743508,11,
wreckage,4.2727272727272725,1.489356175728901,11,
wrecker,4.818181818181818,1.662418829187267,11,
wrecking,4.3,2.0027758514399734,10,
wrench,4.3,2.057506581601462,10,
wrestle,4.0,1.9436506316151,10,
wrestling,3.636363636363636,1.5015143870590966,11,
wretch,4.7,1.888562063228706,10,
wretched,4.2,1.932183566158592,10,
wriggle,6.0,1.4142135623730951,11,
wring,6.4,0.5163977794943222,10,
wrinkle,4.3,2.0027758514399734,10,
wrist,3.1818181818181817,1.7786613965666325,11,
wristband,5.181818181818182,1.7786613965666325,11,
writ,3.3,1.4944341180973264,10,
write,3.7,2.057506581601462,10,
writer,4.727272727272728,1.8488325554743508,11,
writhe,4.461538461538462,1.853617391992597,13,
writing,3.4,1.6465452046971292,10,
written,3.4545454545454546,2.2522715805886446,11,
wrong,3.1818181818181817,1.662418829187267,11,
wronged,3.9,1.728840330651992,10,
wrongful,4.0,2.3804761428476167,13,
wrote,3.2,2.043961295567452,10,
wry,3.4,2.0110804171997807,10,
xylophone,3.7,2.213594362117865,10,
yacht,3.8,2.14993539954628,10,
yack,5.727272727272728,1.7372915179041823,11,
yahoo,5.5,2.0138409955990952,10,
yak,5.8,1.398411797560202,10,
yam,3.4545454545454546,2.423371055519,11,
yammer,5.533333333333333,2.065591117977289,15,
yank,5.454545454545454,2.0670576365276494,11,
yap,6.2,1.932183566158592,10,
yard,3.3,1.5670212364724212,10,
yarn,2.9,1.5951314818673863,10,
yawn,4.727272727272728,2.195035721390843,11,
yawning,5.4,1.07496769977314,10,
year,2.0,1.247219128924647,10,
yearbook,2.8,1.6193277068654826,10,
yearn,5.2,2.0976176963403037,10,
yearning,4.363636363636363,1.2862913567871994,11,
yeast,3.6,2.1186998109427604,10,
yell,5.0,1.699673171197595,10,
yellow,4.1,2.378141197564929,10,
yelp,5.1,2.1317702607092643,10,
yen,3.909090909090909,2.3001976199685736,11,
yes,3.4,2.3664319132398464,10,
yesterday,3.636363636363636,1.6292775867068985,11,
yet,2.636363636363636,2.013590190318143,11,
yield,4.454545454545454,1.9679246105293955,11,
yielding,4.0,1.4907119849998598,10,
yip,4.7,2.6687491868330797,10,
yo-yo,6.1,1.5238839267549948,10,
yodel,6.6,0.5163977794943222,10,
yoga,3.1,1.7919573407620817,10,
yogurt,2.833333333333333,2.2087978356535665,12,
yoke,3.1,1.5238839267549948,10,
yolk,3.4,2.065591117977289,10,
you,3.2,2.2997584414213788,10,
young,3.1818181818181817,1.7215215257545762,11,
younger,3.8,1.398411797560202,10,
youngster,3.6,2.065591117977289,10,
your,3.6666666666666665,1.9227505550564008,12,
yours,3.3,1.946506842754191,10,
yourself,4.2,2.699794230842212,10,
youth,3.8181818181818175,2.600699206681996,11,
youthful,4.0,2.10818510677892,10,
yowl,5.666666666666667,1.7232808737106582,12,
yuck,6.7,0.4830458915396479,10,
yucky,6.5,0.5270462766947299,10,
yuk,5.428571428571429,2.20887321481358,14,
yum,6.545454545454546,0.6875516509523286,11,
yummy,5.9,1.100504934614612,10,
zany,4.0,2.309401076758503,13,
zap,6.4,0.966091783079296,10,
zeal,2.4166666666666665,1.831955405041456,12,
zealous,3.7,2.0027758514399734,10,
zebra,4.2,2.485513584307633,10,
Zen,4.454545454545454,2.3817487845545915,11,
zephyr,1.7272727272727273,1.2720777563426766,11,
zero,5.1,1.5238839267549948,10,
zest,5.1,2.183269719175042,10,
zigzag,6.076923076923077,1.3204505835470497,13,
zinc,3.363636363636364,1.026910636104941,11,
zing,6.1,1.911950719959998,10,
zip,5.230769230769231,1.9215378456610457,13,
zipper,6.2,1.8737959096740264,10,
zippered,4.0,2.3570226039551585,10,
zit,4.7,2.110818693198342,10,
zodiac,3.4,2.3664319132398464,10,
zombie,4.181818181818182,1.7215215257545762,11,
zone,5.076923076923077,1.7541160386140584,13,
zoning,3.8,2.14993539954628,10,
zonk,4.2727272727272725,2.3276988246295565,11,
zoo,2.8,2.3475755815545347,10,
zoom,6.214285714285714,1.3688047244316384,14,
zucchini,2.142857142857143,1.561909228976012,14,
