unit,mean,std,n,individual_ratings
ABBY,3.6552,1.267,29,"[3, 3, 3, 5, 2, 5, 5, 4, 1, 2, 4, 5, 5, 4, 4, 1, 3, 1, 5, 4, 5, 3, 4, 4, 3, 4, 5, 4, 5]"
ABDUCTION,4.8966,0.3045,29,"[5, 4, 5, 5, 5, 5, 5, 5, 4, 5, 5, 5, 5, 5, 4, 5, 5, 5, 5, 5, 5, 5, 5, 5, 5, 5, 5, 5, 5]"
ABIDE,4.5,0.6708,30,"[4, 5, 5, 5, 5, 5, 5, 4, 5, 3, 3, 5, 4, 4, 5, 3, 5, 5, 5, 5, 5, 4, 5, 5, 4, 5, 4, 5, 4, 4]"
ABIGAIL,4.1333,1.1175,30,"[5, 4, 5, 4, 3, 5, 4, 5, 5, 5, 5, 2, 3, 5, 3, 5, 4, 2, 5, 5, 5, 5, 5, 4, 3, 5, 4, 1, 5, 3]"
ABNER,2.7241,1.4832,29,"[3, 3, 5, 2, 2, 1, 4, 4, 1, 2, 1, 1, 1, 3, 5, 5, 3, 1, 5, 5, 2, 3, 2, 1, 5, 2, 1, 4, 2]"
ABSENT,4.8929,0.3093,28,"[5, 5, 5, 5, 5, 5, 5, 4, 5, 5, 4, 5, 5, 5, 5, 5, 5, 5, 5, 4, 5, 5, 5, 5, 5, 5, 5, 5]"
ABSOLVE,4.3103,1.0206,29,"[5, 1, 4, 5, 5, 5, 5, 4, 4, 4, 2, 3, 4, 5, 5, 5, 5, 5, 5, 5, 4, 5, 5, 3, 5, 4, 5, 5, 3]"
ABUNDANTLY,4.7586,0.5021,29,"[5, 5, 5, 5, 4, 5, 5, 5, 5, 5, 5, 5, 4, 4, 5, 5, 3, 5, 5, 5, 5, 5, 4, 5, 5, 5, 4, 5, 5]"
ACADEMIC,4.931,0.2534,29,"[5, 5, 5, 5, 5, 5, 5, 5, 5, 4, 5, 5, 5, 4, 5, 5, 5, 5, 5, 5, 5, 5, 5, 5, 5, 5, 5, 5, 5]"
ACCOMPLICE,4.6667,0.5963,30,"[5, 5, 5, 5, 5, 5, 5, 5, 5, 4, 3, 5, 4, 5, 5, 3, 5, 5, 5, 4, 5, 4, 5, 5, 5, 5, 5, 5, 4, 4]"
ACCUMULATING,4.9,0.3,30,"[5, 5, 5, 5, 5, 5, 5, 5, 5, 5, 5, 5, 4, 5, 5, 5, 5, 4, 5, 5, 5, 5, 5, 4, 5, 5, 5, 5, 5, 5]"
ACHIEVEMENTS,4.9655,0.1825,29,"[5, 5, 5, 5, 5, 5, 5, 5, 5, 5, 5, 5, 5, 5, 4, 5, 5, 5, 5, 5, 5, 5, 5, 5, 5, 5, 5, 5, 5]"
ACONITUM,1.4138,0.8102,29,"[2, 1, 1, 1, 2, 1, 2, 1, 1, 2, 2, 1, 1, 1, 1, 1, 1, 1, 1, 1, 1, 2, 1, 5, 2, 1, 2, 1, 1]"
ACRE,4.7857,0.4897,28,"[5, 5, 5, 5, 5, 5, 5, 4, 5, 5, 5, 4, 5, 4, 5, 5, 5, 5, 5, 5, 4, 5, 5, 5, 3, 5, 5, 5]"
ACT,5.0,0.0,29,"[5, 5, 5, 5, 5, 5, 5, 5, 5, 5, 5, 5, 5, 5, 5, 5, 5, 5, 5, 5, 5, 5, 5, 5, 5, 5, 5, 5, 5]"
ADORABLE,4.931,0.2534,29,"[5, 5, 5, 5, 5, 5, 5, 5, 5, 5, 5, 5, 4, 5, 5, 5, 5, 5, 5, 4, 5, 5, 5, 5, 5, 5, 5, 5, 5]"
ADULTS,4.9667,0.1795,30,"[5, 5, 5, 5, 5, 5, 5, 5, 5, 4, 5, 5, 5, 5, 5, 5, 5, 5, 5, 5, 5, 5, 5, 5, 5, 5, 5, 5, 5, 5]"
ADVANTAGES,4.9,0.3,30,"[5, 5, 5, 5, 5, 5, 5, 5, 5, 5, 5, 4, 5, 4, 5, 5, 5, 5, 5, 5, 4, 5, 5, 5, 5, 5, 5, 5, 5, 5]"
ADVERSITY,4.8333,0.4534,30,"[5, 5, 5, 5, 5, 5, 5, 5, 4, 5, 5, 5, 3, 5, 5, 5, 5, 5, 5, 5, 5, 4, 5, 5, 5, 5, 4, 5, 5, 5]"
AEROSPACE,4.7143,0.5249,28,"[5, 5, 5, 5, 5, 5, 5, 4, 3, 5, 5, 5, 4, 4, 5, 5, 5, 5, 5, 4, 5, 5, 5, 5, 4, 5, 5, 4]"
AFFIDAVIT,4.0667,1.3149,30,"[5, 5, 5, 5, 5, 5, 3, 5, 5, 4, 5, 5, 5, 1, 4, 5, 1, 2, 5, 5, 5, 4, 5, 3, 1, 5, 3, 3, 4, 4]"
AFFORD,5.0,0.0,29,"[5, 5, 5, 5, 5, 5, 5, 5, 5, 5, 5, 5, 5, 5, 5, 5, 5, 5, 5, 5, 5, 5, 5, 5, 5, 5, 5, 5, 5]"
AFT,3.3333,1.325,30,"[5, 4, 1, 3, 4, 3, 5, 5, 1, 3, 5, 4, 5, 2, 4, 1, 3, 4, 4, 3, 5, 4, 1, 3, 2, 4, 5, 3, 2, 2]"
AFTERNOONS,5.0,0.0,30,"[5, 5, 5, 5, 5, 5, 5, 5, 5, 5, 5, 5, 5, 5, 5, 5, 5, 5, 5, 5, 5, 5, 5, 5, 5, 5, 5, 5, 5, 5]"
AFTERWARD,5.0,0.0,30,"[5, 5, 5, 5, 5, 5, 5, 5, 5, 5, 5, 5, 5, 5, 5, 5, 5, 5, 5, 5, 5, 5, 5, 5, 5, 5, 5, 5, 5, 5]"
AGGIE,2.2,1.3266,30,"[3, 2, 4, 1, 1, 4, 1, 1, 2, 2, 1, 1, 3, 2, 3, 1, 1, 2, 1, 1, 1, 1, 3, 3, 2, 1, 5, 5, 5, 3]"
AHOY,4.3333,0.83,30,"[5, 4, 5, 2, 5, 4, 5, 5, 3, 3, 4, 5, 5, 4, 5, 5, 3, 4, 5, 5, 5, 4, 3, 4, 4, 5, 4, 5, 5, 5]"
AIRBAG,4.931,0.2534,29,"[5, 4, 5, 5, 5, 5, 5, 5, 5, 4, 5, 5, 5, 5, 5, 5, 5, 5, 5, 5, 5, 5, 5, 5, 5, 5, 5, 5, 5]"
AIRCRAFT,4.8966,0.3045,29,"[5, 5, 5, 5, 5, 5, 5, 4, 5, 5, 5, 4, 5, 4, 5, 5, 5, 5, 5, 5, 5, 5, 5, 5, 5, 5, 5, 5, 5]"
AIRS,4.3929,0.9388,28,"[5, 5, 5, 5, 5, 5, 4, 4, 5, 2, 3, 3, 2, 4, 5, 4, 5, 5, 5, 4, 5, 5, 5, 5, 3, 5, 5, 5]"
AKRON,3.1,1.4457,30,"[5, 3, 3, 5, 3, 5, 3, 4, 1, 1, 3, 5, 2, 4, 2, 3, 2, 5, 4, 2, 4, 4, 1, 1, 2, 1, 4, 5, 5, 1]"
ALARMS,4.9667,0.1795,30,"[5, 5, 5, 5, 5, 5, 5, 5, 5, 5, 5, 5, 5, 5, 5, 5, 5, 5, 5, 5, 5, 5, 5, 4, 5, 5, 5, 5, 5, 5]"
ALIENIST,2.6,1.4283,30,"[3, 4, 1, 5, 1, 2, 2, 4, 5, 1, 4, 2, 1, 1, 2, 2, 5, 3, 5, 5, 1, 1, 2, 2, 2, 2, 2, 1, 4, 3]"
ALLOTTED,4.8276,0.4601,29,"[5, 5, 5, 5, 5, 4, 5, 5, 5, 4, 5, 5, 5, 5, 5, 5, 5, 3, 5, 4, 5, 5, 5, 5, 5, 5, 5, 5, 5]"
ALMOST,4.9667,0.1795,30,"[5, 5, 5, 5, 5, 5, 5, 5, 5, 5, 5, 5, 5, 5, 4, 5, 5, 5, 5, 5, 5, 5, 5, 5, 5, 5, 5, 5, 5, 5]"
ALPHANUMERIC,4.4,0.9165,30,"[4, 4, 4, 5, 5, 5, 5, 5, 5, 3, 4, 5, 5, 4, 5, 1, 3, 5, 5, 4, 5, 4, 5, 5, 5, 4, 5, 3, 5, 5]"
ALREADY,4.9,0.3,30,"[4, 5, 5, 5, 5, 5, 5, 5, 5, 5, 5, 5, 5, 4, 5, 5, 5, 5, 5, 5, 5, 5, 5, 5, 5, 5, 5, 5, 5, 4]"
ALZHEIMER,4.4828,0.725,29,"[4, 5, 3, 5, 4, 3, 5, 5, 5, 5, 4, 5, 5, 4, 5, 5, 5, 5, 4, 5, 5, 4, 5, 5, 5, 5, 4, 3, 3]"
AMALGAM,3.2759,1.4597,29,"[3, 1, 3, 3, 1, 5, 2, 5, 3, 5, 3, 4, 1, 5, 4, 3, 2, 5, 4, 4, 5, 5, 3, 1, 4, 4, 1, 5, 1]"
AMISH,4.5667,0.7157,30,"[4, 5, 5, 5, 5, 4, 5, 5, 4, 5, 2, 5, 4, 5, 4, 5, 5, 4, 5, 5, 5, 4, 4, 5, 5, 5, 3, 5, 5, 5]"
AMONG,4.8333,0.4534,30,"[5, 5, 5, 5, 5, 5, 5, 5, 4, 5, 5, 5, 3, 5, 5, 5, 5, 5, 5, 5, 5, 4, 5, 5, 5, 5, 4, 5, 5, 5]"
AMPUTATE,4.8667,0.3399,30,"[5, 5, 5, 5, 5, 5, 5, 5, 5, 5, 5, 5, 4, 5, 4, 5, 5, 4, 5, 5, 5, 4, 5, 5, 5, 5, 5, 5, 5, 5]"
AN,4.8,0.4761,30,"[5, 5, 5, 5, 5, 5, 5, 5, 5, 5, 5, 5, 4, 5, 5, 3, 5, 5, 5, 4, 5, 4, 5, 5, 5, 5, 5, 5, 4, 5]"
ANATOMY,4.8966,0.3045,29,"[5, 4, 5, 5, 5, 5, 5, 5, 5, 5, 5, 5, 5, 5, 4, 5, 5, 5, 5, 5, 5, 5, 5, 4, 5, 5, 5, 5, 5]"
ANEURYSM,3.9667,1.1686,30,"[4, 2, 2, 3, 5, 5, 3, 5, 5, 5, 5, 2, 1, 4, 4, 4, 3, 3, 5, 4, 3, 4, 3, 5, 5, 5, 5, 5, 5, 5]"
ANEW,4.2414,0.8966,29,"[5, 3, 4, 5, 5, 5, 4, 5, 4, 3, 3, 4, 5, 5, 4, 3, 4, 5, 5, 5, 5, 4, 5, 3, 5, 3, 5, 5, 2]"
ANGUS,4.1034,1.0287,29,"[5, 3, 5, 5, 5, 5, 5, 5, 4, 4, 4, 5, 4, 3, 1, 4, 5, 3, 4, 5, 3, 3, 5, 3, 5, 5, 3, 5, 3]"
ANNA,4.2414,0.9704,29,"[4, 4, 3, 5, 5, 5, 5, 4, 3, 3, 5, 5, 5, 5, 4, 1, 5, 5, 5, 4, 5, 4, 5, 4, 3, 3, 5, 4, 5]"
ANTHEM,4.931,0.2534,29,"[5, 5, 5, 5, 5, 5, 5, 5, 4, 5, 5, 5, 5, 5, 4, 5, 5, 5, 5, 5, 5, 5, 5, 5, 5, 5, 5, 5, 5]"
ANTIDOTE,4.6,0.6633,30,"[5, 5, 5, 5, 5, 5, 5, 5, 5, 3, 3, 5, 4, 5, 5, 3, 5, 5, 5, 5, 5, 4, 5, 5, 4, 5, 4, 5, 4, 4]"
ANTIVENIN,2.2414,1.4058,29,"[1, 1, 4, 1, 1, 2, 4, 1, 3, 1, 1, 5, 1, 5, 2, 1, 3, 5, 1, 2, 2, 4, 3, 1, 2, 4, 1, 2, 1]"
ANTS,5.0,0.0,30,"[5, 5, 5, 5, 5, 5, 5, 5, 5, 5, 5, 5, 5, 5, 5, 5, 5, 5, 5, 5, 5, 5, 5, 5, 5, 5, 5, 5, 5, 5]"
ANUS,4.6667,0.7888,30,"[4, 4, 5, 5, 5, 5, 1, 5, 5, 5, 5, 5, 5, 4, 5, 5, 5, 4, 5, 4, 5, 5, 4, 5, 5, 5, 5, 5, 5, 5]"
ANVILS,4.2,1.2754,30,"[4, 5, 2, 5, 1, 5, 2, 5, 3, 5, 5, 5, 5, 5, 4, 4, 5, 4, 5, 5, 5, 5, 5, 1, 4, 2, 5, 5, 5, 5]"
ANXIETIES,4.7241,0.7833,29,"[5, 5, 1, 5, 5, 4, 5, 5, 5, 5, 5, 5, 5, 4, 5, 5, 5, 5, 5, 5, 5, 4, 5, 5, 5, 5, 5, 5, 4]"
APERITIF,2.2333,1.5638,30,"[1, 3, 1, 3, 1, 3, 1, 5, 5, 1, 1, 2, 1, 1, 1, 5, 5, 1, 1, 5, 4, 3, 1, 1, 1, 1, 1, 1, 4, 3]"
APHRODITE,3.931,1.112,29,"[3, 3, 5, 3, 5, 4, 3, 5, 5, 5, 3, 1, 3, 5, 5, 5, 3, 4, 3, 3, 2, 4, 4, 5, 5, 5, 5, 5, 3]"
APIECE,3.931,1.4367,29,"[1, 3, 5, 5, 5, 5, 5, 4, 5, 3, 2, 5, 3, 5, 4, 3, 5, 5, 5, 5, 5, 1, 5, 1, 4, 4, 5, 5, 1]"
APOTHECARY,3.6207,1.3497,29,"[5, 4, 3, 5, 3, 1, 3, 3, 3, 4, 1, 2, 5, 1, 5, 1, 5, 5, 5, 5, 3, 3, 4, 5, 4, 4, 4, 5, 4]"
APPROXIMATE,4.9,0.3,30,"[5, 5, 5, 5, 5, 5, 5, 5, 5, 5, 5, 5, 4, 5, 5, 5, 5, 5, 5, 5, 5, 5, 5, 4, 5, 5, 5, 4, 5, 5]"
AQUARIUM,4.8966,0.3045,29,"[5, 5, 4, 5, 5, 4, 5, 5, 5, 5, 5, 5, 5, 4, 5, 5, 5, 5, 5, 5, 5, 5, 5, 5, 5, 5, 5, 5, 5]"
AQUINAS,2.2,1.3515,30,"[2, 3, 1, 2, 1, 3, 1, 4, 5, 1, 5, 2, 1, 1, 3, 5, 2, 2, 1, 2, 2, 1, 5, 1, 1, 1, 2, 1, 2, 3]"
ARCHITECT,4.7667,0.4955,30,"[5, 5, 5, 5, 5, 5, 5, 5, 5, 4, 4, 5, 5, 5, 5, 5, 5, 5, 3, 5, 4, 5, 5, 5, 4, 5, 4, 5, 5, 5]"
ARENA,4.8966,0.3045,29,"[5, 5, 5, 5, 5, 5, 5, 4, 5, 5, 5, 4, 5, 5, 5, 5, 5, 5, 5, 5, 5, 5, 5, 5, 5, 4, 5, 5, 5]"
ARGH,3.7333,1.4126,30,"[4, 5, 3, 1, 1, 2, 5, 5, 5, 3, 4, 5, 3, 5, 3, 5, 2, 1, 2, 2, 4, 5, 5, 5, 4, 5, 3, 5, 5, 5]"
ARGO,2.5,1.3844,30,"[1, 3, 5, 3, 3, 3, 1, 1, 5, 2, 1, 2, 1, 3, 3, 2, 3, 2, 5, 2, 1, 4, 5, 1, 1, 2, 2, 5, 2, 1]"
ARGUE,5.0,0.0,30,"[5, 5, 5, 5, 5, 5, 5, 5, 5, 5, 5, 5, 5, 5, 5, 5, 5, 5, 5, 5, 5, 5, 5, 5, 5, 5, 5, 5, 5, 5]"
ARID,3.8276,1.4638,29,"[3, 5, 1, 2, 5, 3, 5, 5, 5, 5, 2, 5, 2, 2, 3, 5, 5, 1, 1, 5, 5, 4, 5, 5, 5, 5, 3, 5, 4]"
ARKS,3.9333,1.2365,30,"[5, 4, 1, 3, 3, 5, 5, 5, 5, 4, 4, 5, 5, 3, 2, 3, 5, 5, 3, 5, 4, 4, 1, 5, 2, 5, 3, 5, 5, 4]"
ARMIES,4.9333,0.2494,30,"[5, 5, 5, 5, 5, 5, 5, 5, 5, 5, 5, 5, 5, 5, 4, 5, 5, 5, 5, 5, 5, 5, 5, 5, 4, 5, 5, 5, 5, 5]"
ARMS,4.9667,0.1795,30,"[5, 5, 5, 5, 5, 5, 5, 5, 5, 5, 5, 5, 5, 4, 5, 5, 5, 5, 5, 5, 5, 5, 5, 5, 5, 5, 5, 5, 5, 5]"
ARSONIST,4.7667,0.4955,30,"[5, 4, 5, 5, 5, 5, 5, 5, 4, 4, 5, 5, 5, 5, 5, 3, 4, 5, 5, 5, 5, 5, 5, 5, 4, 5, 5, 5, 5, 5]"
ARTERIAL,3.6333,1.4941,30,"[3, 5, 5, 5, 1, 2, 5, 4, 5, 5, 2, 3, 4, 1, 5, 5, 5, 3, 1, 5, 5, 5, 4, 3, 1, 5, 4, 1, 4, 3]"
ARTIFICIALLY,4.8966,0.3045,29,"[5, 4, 5, 5, 5, 5, 5, 5, 4, 5, 5, 5, 5, 5, 4, 5, 5, 5, 5, 5, 5, 5, 5, 5, 5, 5, 5, 5, 5]"
ARTY,3.2069,1.4943,29,"[1, 3, 3, 1, 5, 4, 5, 1, 2, 2, 4, 5, 3, 4, 4, 5, 4, 1, 2, 5, 2, 1, 3, 3, 5, 1, 5, 5, 4]"
ASBESTOS,4.6,0.611,30,"[5, 4, 5, 4, 4, 5, 5, 5, 5, 4, 5, 5, 5, 3, 5, 4, 3, 5, 4, 5, 5, 4, 5, 5, 4, 5, 5, 5, 5, 5]"
ASCENDING,4.8,0.5416,30,"[5, 5, 5, 5, 5, 5, 5, 5, 5, 5, 5, 5, 5, 5, 5, 5, 5, 5, 3, 5, 3, 5, 5, 5, 4, 5, 4, 5, 5, 5]"
ASHTRAY,4.6667,0.6498,30,"[5, 5, 5, 5, 4, 5, 5, 5, 5, 3, 3, 5, 4, 5, 5, 3, 5, 5, 5, 5, 5, 4, 5, 5, 5, 5, 5, 5, 4, 5]"
ASLEEP,5.0,0.0,30,"[5, 5, 5, 5, 5, 5, 5, 5, 5, 5, 5, 5, 5, 5, 5, 5, 5, 5, 5, 5, 5, 5, 5, 5, 5, 5, 5, 5, 5, 5]"
ASSAILANT,4.5,0.8062,30,"[5, 3, 5, 3, 5, 5, 4, 5, 5, 5, 5, 3, 5, 4, 5, 5, 5, 2, 4, 4, 4, 5, 4, 5, 5, 5, 5, 5, 5, 5]"
ASSEMBLAGE,3.5333,1.1757,30,"[4, 4, 2, 3, 5, 3, 5, 2, 1, 3, 5, 5, 5, 3, 4, 1, 3, 4, 4, 3, 5, 4, 3, 3, 3, 4, 5, 2, 5, 3]"
ASSERTION,4.4828,0.6757,29,"[5, 5, 5, 3, 5, 5, 4, 5, 3, 5, 4, 3, 5, 5, 4, 5, 5, 5, 5, 5, 4, 5, 4, 5, 5, 4, 4, 4, 4]"
ASSESS,4.6667,0.8692,30,"[5, 1, 5, 5, 5, 4, 5, 5, 5, 5, 5, 5, 5, 5, 5, 5, 5, 5, 4, 5, 3, 5, 5, 5, 3, 5, 5, 5, 5, 5]"
ASSETS,4.8,0.4,30,"[4, 4, 5, 5, 5, 5, 5, 5, 5, 5, 5, 4, 5, 5, 4, 5, 5, 5, 5, 5, 4, 5, 4, 5, 5, 5, 5, 5, 5, 5]"
ASSIGN,4.9333,0.2494,30,"[5, 5, 5, 5, 5, 5, 5, 5, 5, 5, 5, 5, 5, 5, 5, 5, 5, 5, 5, 5, 4, 5, 5, 5, 4, 5, 5, 5, 5, 5]"
ASSUMPTION,4.9333,0.2494,30,"[5, 4, 5, 5, 5, 5, 5, 5, 5, 4, 5, 5, 5, 5, 5, 5, 5, 5, 5, 5, 5, 5, 5, 5, 5, 5, 5, 5, 5, 5]"
ASTRAL,3.1786,1.3642,28,"[3, 2, 3, 2, 4, 5, 2, 1, 4, 3, 1, 4, 5, 3, 4, 1, 5, 5, 3, 5, 3, 3, 1, 3, 1, 4, 4, 5]"
ATLANTA,4.5333,0.8055,30,"[3, 5, 5, 5, 5, 5, 5, 5, 5, 2, 5, 5, 4, 5, 5, 3, 5, 5, 5, 5, 4, 4, 5, 5, 3, 5, 4, 5, 4, 5]"
ATTEMPT,5.0,0.0,30,"[5, 5, 5, 5, 5, 5, 5, 5, 5, 5, 5, 5, 5, 5, 5, 5, 5, 5, 5, 5, 5, 5, 5, 5, 5, 5, 5, 5, 5, 5]"
AURA,4.2,1.1372,30,"[5, 5, 1, 4, 4, 2, 5, 4, 5, 5, 5, 5, 4, 4, 5, 5, 5, 2, 5, 5, 5, 5, 5, 3, 5, 4, 5, 2, 4, 3]"
AUSSIE,4.1724,1.085,29,"[5, 5, 3, 3, 2, 3, 5, 5, 5, 4, 3, 5, 5, 5, 5, 4, 5, 2, 5, 3, 5, 2, 5, 3, 5, 5, 4, 5, 5]"
AUSTRIA,4.4667,0.8844,30,"[5, 5, 5, 4, 5, 5, 5, 5, 5, 5, 5, 4, 4, 5, 4, 5, 2, 2, 5, 5, 5, 5, 5, 4, 3, 5, 5, 3, 5, 4]"
AVALANCHE,4.8571,0.3499,28,"[5, 5, 5, 5, 5, 5, 5, 4, 5, 5, 5, 5, 5, 4, 5, 5, 5, 5, 5, 5, 5, 4, 4, 5, 5, 5, 5, 5]"
AW,3.0,1.4832,30,"[4, 2, 2, 5, 1, 4, 2, 5, 2, 2, 1, 4, 5, 4, 1, 1, 2, 3, 5, 4, 3, 5, 2, 1, 4, 1, 2, 5, 5, 3]"
AXE,4.8903,0.3625,237,"[5, 5, 5, 5, 5, 5, 5, 5, 5, 5, 5, 5, 5, 4, 5, 5, 5, 5, 5, 5, 5, 5, 5, 5, 5, 5, 5, 5, 5, 5, 5, 5, 5, 5, 5, 5, 5, 5, 5, 4, 5, 5, 3, 5, 5, 4, 5, 5, 5, 5, 5, 4, 5, 5, 5, 5, 5, 5, 4, 4, 5, 5, 5, 5, 5, 5, 5, 5, 5, 5, 5, 5, 5, 5, 4, 4, 5, 5, 5, 5, 5, 5, 5, 4, 5, 5, 5, 5, 5, 5, 5, 5, 5, 5, 4, 5, 5, 5, 5, 5, 5, 4, 5, 5, 5, 5, 2, 5, 5, 5, 5, 5, 4, 5, 5, 5, 5, 5, 5, 5, 5, 5, 5, 5, 5, 5, 5, 5, 5, 5, 5, 5, 4, 5, 5, 5, 5, 5, 5, 5, 4, 5, 5, 5, 5, 5, 5, 4, 5, 5, 5, 5, 5, 5, 5, 4, 5, 5, 5, 5, 5, 5, 5, 5, 5, 5, 5, 5, 5, 5, 5, 5, 5, 5, 5, 5, 5, 5, 4, 5, 5, 5, 5, 5, 5, 5, 5, 5, 5, 5, 5, 5, 5, 5, 4, 5, 5, 5, 5, 4, 5, 5, 5, 5, 5, 5, 5, 5, 5, 5, 5, 5, 5, 5, 5, 5, 4, 5, 5, 5, 5, 5, 5, 5, 5, 4, 5, 5, 5, 5, 5, 5, 5, 5, 5, 5, 5]"
BABBLING,4.8276,0.4601,29,"[5, 4, 5, 5, 5, 5, 5, 5, 5, 4, 5, 5, 5, 4, 5, 5, 5, 5, 5, 5, 5, 5, 3, 5, 5, 5, 5, 5, 5]"
BACCHUS,2.7,1.4411,30,"[3, 1, 5, 1, 5, 3, 2, 5, 2, 3, 2, 1, 5, 3, 2, 4, 1, 1, 1, 1, 1, 2, 3, 3, 4, 3, 4, 4, 5, 1]"
BACKFIRED,4.6,0.611,30,"[5, 5, 5, 5, 4, 5, 5, 5, 5, 4, 3, 5, 4, 5, 5, 3, 5, 5, 5, 5, 5, 4, 5, 5, 4, 5, 4, 5, 4, 4]"
BACKSTRETCH,4.4483,0.7695,29,"[5, 5, 5, 3, 4, 3, 3, 5, 5, 5, 4, 5, 5, 5, 5, 3, 5, 4, 5, 4, 5, 4, 5, 3, 5, 5, 5, 4, 5]"
BACKSTROKE,4.6897,0.8347,29,"[5, 5, 5, 5, 5, 5, 5, 4, 5, 5, 5, 4, 5, 5, 5, 5, 4, 5, 5, 5, 1, 5, 5, 5, 5, 3, 5, 5, 5]"
BADGE,4.9,0.3,30,"[5, 5, 5, 5, 5, 5, 5, 5, 4, 5, 5, 5, 4, 5, 5, 5, 5, 5, 5, 5, 5, 4, 5, 5, 5, 5, 5, 5, 5, 5]"
BAGHDAD,4.4333,0.8825,30,"[5, 5, 5, 4, 4, 2, 5, 5, 5, 4, 5, 3, 5, 5, 5, 5, 5, 4, 5, 5, 5, 5, 5, 4, 3, 4, 5, 2, 5, 4]"
BAKEDU,1.1907,0.554,236,"[1, 1, 1, 1, 1, 1, 1, 1, 1, 1, 1, 1, 2, 2, 1, 1, 1, 1, 1, 1, 1, 1, 1, 1, 1, 1, 3, 1, 1, 1, 1, 1, 1, 1, 1, 1, 1, 1, 1, 1, 1, 2, 1, 1, 1, 1, 1, 1, 1, 2, 1, 2, 1, 1, 1, 1, 1, 5, 1, 1, 1, 1, 1, 1, 1, 1, 4, 2, 1, 1, 1, 1, 1, 2, 2, 1, 1, 1, 1, 1, 1, 1, 1, 1, 2, 1, 1, 1, 1, 1, 2, 1, 2, 1, 1, 1, 1, 1, 1, 1, 1, 1, 1, 1, 1, 1, 2, 3, 1, 1, 1, 1, 1, 1, 1, 1, 1, 1, 1, 1, 1, 1, 1, 2, 1, 1, 1, 2, 1, 1, 1, 1, 1, 1, 1, 2, 1, 2, 1, 1, 1, 1, 1, 1, 1, 1, 1, 1, 1, 2, 2, 1, 1, 1, 2, 1, 1, 2, 2, 1, 1, 2, 1, 1, 1, 1, 1, 1, 1, 1, 1, 3, 1, 1, 1, 2, 1, 1, 1, 5, 1, 2, 1, 1, 1, 2, 2, 1, 1, 1, 1, 1, 1, 1, 1, 1, 1, 1, 1, 1, 1, 1, 1, 1, 1, 1, 1, 1, 1, 1, 1, 1, 1, 1, 1, 1, 1, 1, 1, 1, 1, 1, 1, 1, 1, 2, 1, 1, 1, 1, 1, 1, 1, 1, 2, 1]"
BAKING,4.9667,0.1795,30,"[5, 5, 5, 5, 5, 5, 5, 5, 5, 4, 5, 5, 5, 5, 5, 5, 5, 5, 5, 5, 5, 5, 5, 5, 5, 5, 5, 5, 5, 5]"
BALACLAVA,2.6207,1.2976,29,"[3, 1, 3, 3, 4, 1, 2, 3, 2, 3, 2, 3, 3, 1, 1, 1, 4, 5, 5, 4, 1, 1, 5, 1, 4, 2, 3, 2, 3]"
BALLARD,2.3667,1.3536,30,"[5, 1, 1, 1, 1, 2, 5, 3, 5, 3, 5, 3, 3, 2, 2, 1, 3, 1, 3, 2, 1, 3, 1, 1, 3, 1, 4, 1, 2, 2]"
BALLISTICS,4.6,0.6633,30,"[4, 3, 4, 5, 5, 5, 5, 5, 4, 5, 5, 5, 5, 5, 4, 5, 5, 5, 5, 5, 5, 4, 4, 3, 5, 3, 5, 5, 5, 5]"
BALLS,4.8966,0.3045,29,"[5, 5, 5, 4, 5, 5, 5, 5, 5, 5, 5, 5, 5, 4, 5, 5, 5, 5, 5, 5, 5, 4, 5, 5, 5, 5, 5, 5, 5]"
BALM,4.4,0.6633,30,"[5, 5, 5, 5, 5, 4, 5, 4, 4, 4, 4, 4, 3, 5, 4, 3, 5, 5, 5, 4, 5, 4, 5, 5, 4, 5, 4, 5, 4, 3]"
BANANAS,4.9667,0.1795,30,"[5, 4, 5, 5, 5, 5, 5, 5, 5, 5, 5, 5, 5, 5, 5, 5, 5, 5, 5, 5, 5, 5, 5, 5, 5, 5, 5, 5, 5, 5]"
BANGKOK,4.1333,1.2037,30,"[5, 5, 5, 4, 4, 1, 5, 4, 5, 5, 4, 3, 3, 4, 5, 5, 1, 3, 5, 5, 5, 5, 5, 3, 5, 5, 5, 2, 5, 3]"
BANISTER,4.6552,0.6032,29,"[3, 5, 5, 5, 4, 5, 5, 4, 5, 5, 5, 3, 5, 5, 4, 5, 5, 4, 5, 5, 4, 5, 5, 5, 5, 5, 4, 5, 5]"
BARBARA,4.0,1.5536,29,"[5, 5, 5, 2, 5, 1, 5, 1, 5, 5, 5, 5, 5, 4, 4, 5, 5, 5, 5, 5, 5, 1, 5, 5, 3, 1, 5, 1, 3]"
BARBECUED,4.8667,0.3399,30,"[5, 4, 5, 5, 5, 5, 5, 5, 5, 5, 5, 4, 5, 5, 5, 5, 5, 5, 5, 5, 4, 5, 4, 5, 5, 5, 5, 5, 5, 5]"
BARBED,4.4333,1.0225,30,"[3, 5, 5, 5, 2, 1, 5, 5, 5, 5, 4, 5, 3, 3, 5, 5, 5, 5, 5, 5, 5, 5, 5, 5, 5, 5, 5, 4, 4, 4]"
BARKS,4.8966,0.3045,29,"[5, 4, 5, 5, 5, 5, 5, 5, 5, 5, 5, 5, 5, 5, 4, 5, 5, 5, 5, 5, 5, 5, 5, 4, 5, 5, 5, 5, 5]"
BARRACKS,4.4483,0.968,29,"[3, 5, 3, 5, 5, 3, 5, 5, 5, 5, 2, 5, 5, 4, 5, 5, 5, 5, 2, 5, 5, 3, 5, 5, 5, 5, 5, 5, 4]"
BARRELHOUSE,2.3,1.2689,30,"[5, 3, 1, 1, 1, 2, 1, 4, 5, 3, 2, 3, 5, 2, 4, 1, 1, 2, 1, 2, 2, 1, 2, 2, 2, 2, 4, 2, 1, 2]"
BARREN,4.8276,0.3777,29,"[5, 4, 5, 5, 5, 5, 4, 5, 4, 5, 5, 5, 5, 5, 4, 5, 5, 5, 5, 5, 5, 5, 5, 5, 4, 5, 5, 5, 5]"
BASELINE,4.5333,1.0242,30,"[5, 5, 5, 5, 1, 5, 5, 5, 5, 5, 5, 5, 5, 4, 5, 5, 2, 2, 5, 5, 5, 5, 5, 4, 5, 5, 5, 4, 5, 4]"
BASIS,4.7931,0.4828,29,"[5, 5, 5, 5, 4, 5, 5, 4, 5, 5, 5, 3, 5, 4, 5, 5, 5, 5, 5, 5, 4, 5, 5, 5, 5, 5, 5, 5, 5]"
BASKETBALL,4.8667,0.3399,30,"[5, 5, 5, 5, 5, 5, 5, 5, 5, 4, 5, 5, 5, 5, 5, 4, 5, 5, 5, 5, 5, 4, 5, 5, 5, 5, 5, 5, 4, 5]"
BATCH,4.6333,0.6046,30,"[5, 5, 5, 5, 5, 5, 5, 5, 5, 3, 5, 5, 4, 5, 5, 4, 5, 5, 5, 3, 5, 4, 5, 5, 4, 5, 4, 5, 4, 4]"
BATMAN,4.8966,0.3045,29,"[5, 5, 5, 5, 5, 5, 5, 5, 4, 5, 5, 5, 5, 5, 4, 5, 5, 5, 5, 5, 5, 5, 5, 5, 5, 5, 5, 4, 5]"
BATON,4.3667,0.7951,30,"[5, 5, 5, 5, 4, 4, 5, 5, 5, 3, 4, 4, 3, 5, 5, 3, 5, 5, 5, 3, 5, 4, 5, 5, 4, 5, 3, 5, 4, 3]"
BATTALION,4.2857,1.0643,28,"[5, 5, 3, 1, 4, 5, 5, 5, 4, 3, 5, 5, 4, 5, 5, 4, 2, 5, 5, 5, 5, 5, 3, 5, 3, 5, 4, 5]"
BATTLESHIP,4.8,0.4761,30,"[5, 3, 5, 5, 5, 5, 5, 5, 5, 5, 5, 4, 5, 5, 5, 4, 5, 4, 5, 5, 5, 5, 4, 5, 5, 5, 5, 5, 5, 5]"
BAUBLE,3.5,1.3102,30,"[4, 4, 1, 4, 5, 3, 5, 4, 2, 5, 4, 1, 1, 2, 5, 3, 3, 5, 3, 5, 5, 3, 1, 4, 4, 4, 3, 3, 5, 4]"
BEACH,5.0,0.0,30,"[5, 5, 5, 5, 5, 5, 5, 5, 5, 5, 5, 5, 5, 5, 5, 5, 5, 5, 5, 5, 5, 5, 5, 5, 5, 5, 5, 5, 5, 5]"
BEAD,4.6,0.7118,30,"[4, 5, 5, 5, 5, 5, 5, 5, 5, 4, 4, 5, 5, 5, 5, 3, 5, 5, 5, 2, 5, 4, 5, 5, 5, 5, 4, 5, 4, 4]"
BEANSTALK,4.6897,0.7476,29,"[5, 3, 5, 5, 5, 5, 5, 5, 2, 5, 5, 5, 5, 5, 4, 5, 5, 3, 5, 5, 5, 5, 5, 4, 5, 5, 5, 5, 5]"
BEARSKIN,4.4483,0.7695,29,"[5, 4, 3, 5, 4, 5, 5, 5, 3, 5, 5, 5, 5, 5, 4, 5, 5, 5, 4, 5, 5, 5, 4, 3, 4, 5, 3, 5, 3]"
BECOME,4.8333,0.4534,30,"[5, 5, 5, 4, 5, 5, 5, 5, 4, 5, 5, 5, 3, 5, 5, 5, 5, 5, 5, 5, 5, 4, 5, 5, 5, 5, 5, 5, 5, 5]"
BEDS,4.9655,0.1825,29,"[5, 5, 5, 5, 5, 5, 5, 5, 5, 5, 5, 5, 5, 5, 5, 5, 5, 5, 5, 5, 5, 5, 4, 5, 5, 5, 5, 5, 5]"
BEDSIDE,4.7667,0.423,30,"[5, 4, 5, 4, 5, 5, 5, 5, 5, 5, 4, 4, 5, 4, 5, 5, 5, 5, 5, 5, 4, 5, 4, 5, 5, 5, 5, 5, 5, 5]"
BEEPER,4.7333,0.5735,30,"[5, 5, 5, 5, 5, 4, 5, 5, 5, 4, 5, 5, 5, 5, 4, 5, 5, 5, 3, 5, 3, 5, 5, 5, 4, 5, 5, 5, 5, 5]"
BEETHOVEN,4.9,0.3,30,"[5, 5, 5, 5, 5, 5, 5, 5, 4, 5, 5, 5, 4, 5, 5, 5, 5, 5, 5, 5, 5, 5, 5, 5, 5, 5, 4, 5, 5, 5]"
BEFRIEND,4.6897,0.6488,29,"[5, 5, 3, 4, 5, 3, 5, 5, 5, 5, 5, 5, 5, 3, 5, 5, 5, 5, 5, 5, 5, 4, 5, 5, 5, 5, 5, 5, 4]"
BEGGAR,4.7667,0.4955,30,"[5, 5, 5, 3, 5, 5, 5, 5, 4, 5, 5, 5, 4, 5, 4, 5, 5, 5, 5, 5, 5, 4, 5, 5, 5, 5, 5, 5, 4, 5]"
BEGINNERS,4.9333,0.2494,30,"[5, 5, 5, 5, 5, 5, 5, 5, 5, 5, 5, 5, 5, 5, 5, 5, 5, 5, 5, 5, 4, 5, 5, 5, 4, 5, 5, 5, 5, 5]"
BEHELD,4.3103,0.8347,29,"[3, 5, 5, 5, 4, 5, 5, 4, 2, 4, 5, 3, 4, 3, 4, 5, 5, 4, 5, 5, 4, 5, 5, 3, 5, 5, 4, 5, 4]"
BEIGE,4.6296,0.7769,27,"[5, 5, 5, 5, 3, 5, 5, 5, 5, 4, 5, 5, 5, 5, 5, 2, 3, 5, 5, 4, 4, 5, 5, 5, 5, 5, 5]"
BEINGS,4.9,0.3958,30,"[5, 5, 5, 5, 5, 5, 5, 5, 3, 5, 5, 5, 5, 5, 5, 5, 5, 5, 5, 5, 5, 5, 5, 5, 5, 5, 4, 5, 5, 5]"
BEJESUS,3.2414,1.3302,29,"[5, 1, 4, 3, 4, 5, 5, 4, 2, 2, 5, 2, 3, 2, 3, 5, 3, 4, 4, 5, 2, 2, 5, 2, 1, 3, 4, 1, 3]"
BELIE,2.6,1.2275,30,"[2, 2, 1, 3, 5, 4, 1, 2, 1, 1, 2, 2, 1, 2, 4, 4, 1, 3, 3, 2, 4, 3, 1, 3, 4, 5, 3, 2, 4, 3]"
BELLIES,4.5667,0.9195,30,"[4, 5, 5, 5, 5, 5, 5, 4, 5, 5, 4, 5, 4, 4, 5, 5, 1, 2, 5, 5, 5, 5, 5, 5, 5, 5, 5, 5, 4, 5]"
BELOVED,4.7667,0.4955,30,"[5, 5, 5, 5, 5, 4, 5, 5, 5, 4, 5, 5, 4, 5, 5, 3, 5, 5, 5, 5, 5, 4, 5, 5, 5, 5, 5, 5, 4, 5]"
BELT,4.9667,0.1795,30,"[5, 5, 5, 5, 5, 5, 5, 5, 5, 4, 5, 5, 5, 5, 5, 5, 5, 5, 5, 5, 5, 5, 5, 5, 5, 5, 5, 5, 5, 5]"
BENCHED,4.5172,0.9329,29,"[5, 5, 4, 1, 5, 3, 5, 5, 5, 5, 3, 5, 5, 4, 5, 5, 5, 5, 4, 5, 5, 3, 5, 5, 5, 5, 5, 5, 4]"
BENEFICIARY,4.7667,0.423,30,"[5, 4, 5, 4, 5, 5, 5, 5, 5, 5, 5, 4, 5, 4, 5, 4, 5, 5, 5, 5, 4, 5, 4, 5, 5, 5, 5, 5, 5, 5]"
BERTHING,2.6,1.2806,30,"[4, 3, 5, 3, 1, 1, 3, 2, 4, 2, 2, 1, 2, 3, 1, 1, 3, 5, 3, 4, 1, 4, 3, 1, 2, 1, 2, 5, 3, 3]"
BERYLLIUM,2.4667,0.9568,30,"[3, 3, 1, 3, 3, 5, 2, 2, 3, 2, 2, 2, 3, 3, 2, 2, 2, 2, 3, 2, 3, 2, 1, 1, 5, 2, 3, 1, 3, 3]"
BESIDES,4.6333,0.7063,30,"[5, 5, 5, 5, 5, 5, 5, 5, 5, 3, 5, 5, 3, 5, 5, 3, 5, 5, 5, 5, 5, 4, 5, 5, 4, 5, 3, 5, 4, 5]"
BETA,4.5333,0.763,30,"[5, 4, 5, 3, 5, 5, 5, 5, 5, 5, 3, 3, 5, 3, 5, 5, 5, 3, 4, 5, 4, 5, 4, 5, 5, 5, 5, 5, 5, 5]"
BETRAYER,4.7,0.526,30,"[4, 3, 5, 5, 5, 5, 4, 5, 5, 5, 5, 4, 5, 4, 5, 4, 5, 5, 5, 5, 4, 5, 4, 5, 5, 5, 5, 5, 5, 5]"
BETTER,5.0,0.0,30,"[5, 5, 5, 5, 5, 5, 5, 5, 5, 5, 5, 5, 5, 5, 5, 5, 5, 5, 5, 5, 5, 5, 5, 5, 5, 5, 5, 5, 5, 5]"
BEWARE,4.9,0.3,30,"[5, 5, 5, 5, 5, 5, 5, 5, 5, 4, 5, 5, 5, 5, 5, 5, 5, 5, 4, 5, 5, 5, 5, 5, 4, 5, 5, 5, 5, 5]"
BICKERING,4.8966,0.4021,29,"[5, 5, 5, 5, 5, 5, 5, 4, 5, 5, 5, 3, 5, 5, 5, 5, 5, 5, 5, 5, 5, 5, 5, 5, 5, 5, 5, 5, 5]"
BIDET,3.3667,1.7026,30,"[3, 5, 1, 5, 1, 3, 4, 4, 5, 5, 1, 5, 1, 1, 4, 5, 2, 2, 5, 5, 5, 5, 5, 2, 1, 5, 1, 1, 4, 5]"
BIKINI,5.0,0.0,30,"[5, 5, 5, 5, 5, 5, 5, 5, 5, 5, 5, 5, 5, 5, 5, 5, 5, 5, 5, 5, 5, 5, 5, 5, 5, 5, 5, 5, 5, 5]"
BILGES,2.5862,1.3003,29,"[5, 3, 1, 2, 3, 1, 5, 5, 1, 4, 3, 2, 5, 2, 3, 1, 2, 3, 1, 3, 2, 1, 3, 3, 3, 3, 1, 3, 1]"
BILKING,3.0,1.3887,28,"[2, 1, 3, 4, 2, 2, 5, 2, 1, 3, 5, 1, 1, 3, 4, 1, 3, 4, 1, 5, 4, 3, 4, 5, 4, 3, 3, 5]"
BILLIONAIRE,4.9,0.3,30,"[5, 5, 5, 5, 4, 5, 5, 5, 5, 4, 5, 5, 5, 5, 5, 4, 5, 5, 5, 5, 5, 5, 5, 5, 5, 5, 5, 5, 5, 5]"
BINARY,4.2759,1.1714,29,"[5, 4, 3, 3, 1, 5, 3, 5, 3, 5, 5, 5, 5, 5, 4, 5, 3, 5, 5, 5, 5, 5, 5, 1, 4, 5, 5, 5, 5]"
BINGO,4.9,0.3,30,"[5, 4, 5, 5, 5, 5, 5, 5, 5, 5, 5, 5, 5, 5, 5, 5, 4, 5, 5, 5, 5, 4, 5, 5, 5, 5, 5, 5, 5, 5]"
BINOCULARS,4.9333,0.2494,30,"[5, 5, 5, 5, 5, 5, 5, 5, 5, 5, 5, 5, 5, 5, 5, 5, 5, 5, 4, 5, 5, 5, 5, 5, 4, 5, 5, 5, 5, 5]"
BIOLOGY,4.8333,0.4534,30,"[4, 3, 5, 5, 5, 5, 5, 5, 5, 5, 5, 5, 5, 5, 5, 4, 5, 5, 5, 5, 4, 5, 5, 5, 5, 5, 5, 5, 5, 5]"
BIRDMAN,3.3,1.2423,30,"[3, 2, 5, 2, 1, 3, 3, 5, 5, 5, 1, 3, 3, 3, 3, 2, 5, 2, 5, 2, 5, 5, 3, 3, 3, 3, 5, 3, 3, 3]"
BITS,4.7931,0.4828,29,"[5, 5, 5, 5, 5, 5, 5, 4, 5, 5, 4, 3, 5, 4, 5, 5, 5, 5, 5, 5, 4, 5, 5, 5, 5, 5, 5, 5, 5]"
BLADE,4.7667,0.423,30,"[5, 5, 5, 5, 5, 5, 5, 5, 5, 4, 4, 5, 4, 5, 5, 4, 5, 5, 5, 5, 5, 4, 5, 5, 5, 5, 5, 5, 4, 4]"
BLAIR,2.9333,1.4126,30,"[2, 5, 5, 3, 2, 2, 2, 5, 1, 3, 3, 1, 5, 5, 2, 5, 2, 3, 3, 1, 3, 3, 2, 5, 1, 1, 3, 3, 2, 5]"
BLANCH,4.0333,1.1968,30,"[5, 4, 5, 5, 3, 4, 4, 5, 5, 5, 5, 3, 2, 4, 4, 5, 1, 2, 5, 5, 5, 5, 4, 2, 5, 5, 5, 2, 4, 3]"
BLAND,4.7586,0.5666,29,"[5, 5, 3, 5, 5, 4, 5, 5, 5, 5, 5, 5, 5, 3, 5, 5, 5, 5, 4, 5, 5, 4, 5, 5, 5, 5, 5, 5, 5]"
BLASTER,4.3,0.9363,30,"[5, 5, 5, 3, 4, 5, 5, 5, 4, 5, 5, 5, 3, 4, 3, 3, 5, 4, 4, 5, 5, 4, 5, 4, 4, 5, 4, 5, 5, 1]"
BLEACHERS,4.931,0.3649,29,"[5, 5, 5, 5, 5, 5, 5, 5, 5, 5, 5, 5, 5, 5, 5, 5, 5, 3, 5, 5, 5, 5, 5, 5, 5, 5, 5, 5, 5]"
BLEEPS,4.4138,0.8102,29,"[5, 5, 5, 3, 3, 3, 5, 4, 5, 5, 5, 4, 5, 4, 5, 5, 4, 5, 5, 3, 3, 5, 5, 5, 5, 5, 3, 5, 4]"
BLESSING,4.9333,0.2494,30,"[4, 5, 5, 5, 5, 5, 5, 5, 5, 5, 5, 5, 5, 5, 5, 5, 5, 5, 5, 5, 4, 5, 5, 5, 5, 5, 5, 5, 5, 5]"
BLIMP,4.6667,0.6498,30,"[5, 5, 5, 5, 5, 5, 5, 5, 5, 3, 4, 5, 5, 5, 5, 3, 5, 5, 5, 3, 5, 4, 5, 5, 4, 5, 5, 5, 4, 5]"
BLINDFOLD,4.8621,0.3448,29,"[5, 5, 5, 5, 5, 5, 5, 4, 5, 5, 5, 5, 5, 4, 5, 5, 4, 5, 5, 5, 4, 5, 5, 5, 5, 5, 5, 5, 5]"
BLINK,4.9655,0.1825,29,"[5, 5, 5, 5, 5, 5, 5, 5, 5, 5, 5, 5, 5, 4, 5, 5, 5, 5, 5, 5, 5, 5, 5, 5, 5, 5, 5, 5, 5]"
BLISS,4.8276,0.4601,29,"[5, 5, 5, 5, 5, 5, 5, 5, 4, 5, 5, 5, 3, 5, 5, 5, 5, 4, 5, 5, 5, 4, 5, 5, 5, 5, 5, 5, 5]"
BLITZKRIEG,3.2143,1.6552,28,"[3, 1, 4, 1, 5, 2, 1, 4, 5, 4, 1, 5, 1, 2, 3, 5, 5, 1, 1, 5, 1, 5, 5, 3, 5, 5, 4, 3]"
BLOATED,4.8966,0.4021,29,"[5, 5, 5, 5, 5, 5, 5, 5, 5, 5, 5, 3, 5, 5, 5, 5, 5, 5, 5, 5, 4, 5, 5, 5, 5, 5, 5, 5, 5]"
BLOB,4.6667,0.6992,30,"[4, 2, 5, 5, 5, 5, 5, 5, 5, 5, 4, 5, 5, 4, 4, 5, 5, 3, 5, 5, 5, 5, 4, 5, 5, 5, 5, 5, 5, 5]"
BLOODSHED,4.7667,0.4955,30,"[5, 4, 4, 5, 5, 5, 5, 5, 5, 4, 5, 5, 5, 4, 5, 4, 3, 5, 5, 5, 5, 5, 5, 5, 5, 5, 5, 5, 5, 5]"
BLUDGEON,4.3,0.9363,30,"[3, 3, 5, 3, 5, 5, 5, 5, 5, 5, 3, 3, 5, 4, 4, 5, 5, 3, 5, 4, 3, 2, 4, 5, 5, 5, 5, 5, 5, 5]"
BLUEBERRIES,4.9667,0.1795,30,"[5, 5, 5, 5, 5, 5, 5, 5, 5, 5, 5, 5, 5, 5, 5, 5, 5, 5, 5, 4, 5, 5, 5, 5, 5, 5, 5, 5, 5, 5]"
BLUEPRINT,4.8621,0.4334,29,"[5, 5, 5, 5, 5, 5, 5, 5, 3, 5, 5, 5, 5, 5, 4, 5, 5, 5, 5, 5, 5, 5, 5, 4, 5, 5, 5, 5, 5]"
BLUME,2.5517,1.5666,29,"[1, 3, 1, 1, 2, 1, 5, 1, 2, 3, 4, 5, 1, 4, 3, 1, 4, 5, 2, 1, 5, 1, 5, 2, 1, 1, 4, 1, 4]"
BOA,4.3667,0.9123,30,"[5, 5, 5, 5, 5, 3, 5, 5, 3, 5, 5, 5, 4, 5, 2, 4, 5, 5, 5, 5, 5, 3, 2, 4, 4, 4, 4, 5, 4, 5]"
BOAR,4.5333,0.8459,30,"[5, 3, 5, 5, 5, 5, 4, 5, 5, 3, 3, 3, 5, 5, 5, 5, 5, 2, 5, 4, 5, 5, 4, 5, 5, 5, 5, 5, 5, 5]"
BOGART,3.2667,1.5041,30,"[5, 1, 1, 2, 4, 3, 1, 5, 4, 3, 2, 5, 5, 4, 3, 1, 4, 2, 2, 5, 3, 5, 2, 5, 3, 5, 1, 5, 2, 5]"
BOILED,4.9667,0.1795,30,"[5, 5, 5, 5, 5, 5, 5, 5, 5, 5, 5, 5, 5, 5, 5, 5, 5, 5, 4, 5, 5, 5, 5, 5, 5, 5, 5, 5, 5, 5]"
BOLIVIA,4.2069,1.1561,29,"[5, 5, 5, 4, 4, 5, 5, 4, 5, 5, 5, 3, 4, 5, 4, 5, 1, 3, 5, 5, 5, 5, 4, 2, 4, 5, 1, 5, 4]"
BOMBAY,3.7667,1.1743,30,"[5, 3, 5, 2, 5, 5, 5, 2, 4, 3, 4, 5, 4, 3, 2, 4, 5, 4, 3, 5, 4, 2, 4, 5, 5, 5, 3, 3, 1, 3]"
BONBON,3.8,1.4922,30,"[5, 4, 5, 5, 3, 1, 2, 5, 5, 5, 5, 3, 1, 4, 3, 5, 1, 3, 1, 5, 5, 5, 5, 4, 5, 5, 5, 1, 4, 4]"
BONKERS,4.4483,0.674,29,"[4, 3, 4, 5, 4, 5, 5, 4, 4, 5, 5, 5, 5, 3, 4, 5, 5, 5, 5, 5, 5, 5, 5, 3, 4, 5, 4, 4, 4]"
BONSAI,4.2333,0.8035,30,"[4, 3, 5, 5, 4, 3, 5, 4, 5, 3, 5, 5, 4, 5, 4, 3, 5, 5, 4, 4, 5, 3, 5, 5, 4, 5, 3, 5, 4, 3]"
BONSOIR,2.0333,1.2243,30,"[1, 2, 5, 4, 1, 1, 4, 1, 1, 3, 1, 2, 1, 3, 4, 1, 1, 2, 3, 2, 1, 2, 4, 1, 1, 1, 3, 1, 3, 1]"
BOOGIE,4.2414,0.8572,29,"[3, 5, 5, 3, 3, 3, 4, 5, 5, 4, 5, 5, 5, 5, 5, 3, 3, 5, 5, 5, 5, 5, 4, 4, 4, 3, 3, 5, 4]"
BOOKER,4.0333,1.2512,30,"[5, 5, 5, 3, 5, 3, 4, 5, 5, 2, 3, 5, 5, 5, 2, 1, 4, 5, 4, 5, 3, 5, 1, 5, 4, 5, 4, 3, 5, 5]"
BOOKIES,4.3667,1.1397,30,"[5, 5, 1, 3, 5, 3, 5, 5, 5, 2, 5, 5, 5, 5, 5, 5, 4, 5, 2, 5, 3, 5, 3, 5, 5, 5, 5, 5, 5, 5]"
BOOKSTORE,4.9,0.3,30,"[5, 5, 5, 5, 5, 5, 5, 5, 5, 5, 5, 5, 5, 4, 5, 5, 5, 4, 5, 5, 5, 5, 4, 5, 5, 5, 5, 5, 5, 5]"
BOOKWORM,4.8621,0.3448,29,"[5, 5, 5, 5, 5, 5, 5, 5, 5, 5, 5, 5, 5, 5, 4, 5, 5, 5, 5, 5, 5, 4, 5, 4, 4, 5, 5, 5, 5]"
BOOMERANG,4.8,0.4761,30,"[5, 4, 5, 5, 5, 5, 5, 5, 3, 5, 5, 5, 5, 5, 4, 5, 5, 5, 5, 5, 5, 5, 5, 4, 4, 5, 5, 5, 5, 5]"
BOOMING,4.6667,0.7454,30,"[5, 4, 5, 5, 5, 5, 5, 5, 2, 5, 5, 5, 5, 4, 4, 3, 3, 5, 5, 5, 5, 5, 5, 5, 5, 5, 5, 5, 5, 5]"
BOOTS,4.9333,0.2494,30,"[5, 5, 5, 5, 5, 5, 5, 5, 5, 5, 5, 5, 5, 5, 5, 5, 5, 5, 5, 5, 5, 4, 5, 5, 5, 5, 5, 5, 4, 5]"
BORDER,4.8667,0.3399,30,"[5, 5, 5, 5, 5, 5, 5, 5, 5, 4, 5, 5, 5, 5, 5, 5, 5, 5, 4, 5, 4, 5, 5, 5, 4, 5, 5, 5, 5, 5]"
BOTS,3.8667,1.0242,30,"[4, 4, 3, 2, 4, 5, 5, 4, 2, 5, 4, 5, 5, 2, 2, 5, 3, 3, 4, 3, 4, 4, 3, 4, 5, 3, 5, 4, 5, 5]"
BOTSWANA,3.6,1.2543,30,"[5, 4, 4, 4, 3, 2, 4, 4, 5, 4, 5, 2, 1, 3, 3, 5, 5, 2, 5, 5, 4, 5, 5, 2, 2, 4, 3, 1, 4, 3]"
BOUDOIRS,3.0667,1.4126,30,"[3, 2, 4, 3, 5, 4, 1, 1, 2, 4, 2, 2, 2, 4, 4, 3, 5, 2, 5, 1, 1, 1, 4, 5, 5, 2, 5, 2, 4, 4]"
BOUND,4.8966,0.4021,29,"[5, 5, 5, 5, 5, 5, 5, 5, 5, 5, 5, 3, 5, 4, 5, 5, 5, 5, 5, 5, 5, 5, 5, 5, 5, 5, 5, 5, 5]"
BOWELS,4.8333,0.4534,30,"[5, 5, 5, 5, 5, 4, 5, 5, 5, 4, 5, 5, 5, 5, 5, 5, 5, 5, 3, 5, 4, 5, 5, 5, 5, 5, 5, 5, 5, 5]"
BOX,4.9622,0.2116,238,"[5, 5, 5, 5, 5, 5, 5, 5, 5, 5, 5, 5, 5, 5, 5, 5, 5, 5, 5, 5, 5, 5, 5, 5, 5, 5, 5, 5, 5, 5, 5, 5, 5, 5, 5, 5, 5, 5, 5, 5, 5, 5, 5, 5, 5, 5, 5, 5, 5, 5, 5, 4, 5, 5, 5, 5, 5, 5, 4, 5, 5, 5, 5, 5, 5, 5, 5, 5, 5, 5, 5, 5, 5, 5, 4, 5, 5, 5, 5, 5, 5, 5, 5, 5, 5, 5, 5, 5, 5, 5, 5, 5, 5, 5, 5, 5, 5, 5, 5, 5, 5, 5, 5, 5, 5, 5, 5, 5, 5, 5, 5, 5, 5, 5, 5, 5, 5, 5, 5, 5, 5, 5, 3, 5, 5, 5, 5, 5, 5, 5, 5, 5, 4, 5, 5, 5, 5, 5, 5, 5, 5, 5, 5, 5, 5, 5, 5, 4, 5, 5, 5, 5, 5, 5, 5, 5, 4, 5, 5, 5, 5, 5, 5, 5, 5, 5, 5, 5, 5, 5, 5, 5, 5, 5, 5, 5, 5, 5, 5, 4, 5, 5, 5, 5, 5, 5, 5, 5, 5, 5, 5, 5, 5, 5, 5, 5, 5, 5, 5, 5, 5, 5, 5, 5, 5, 5, 5, 5, 5, 5, 5, 5, 5, 5, 5, 5, 5, 5, 5, 5, 5, 5, 5, 5, 5, 5, 5, 5, 5, 5, 5, 5, 5, 5, 5, 5, 5, 5]"
BOY,5.0,0.0,30,"[5, 5, 5, 5, 5, 5, 5, 5, 5, 5, 5, 5, 5, 5, 5, 5, 5, 5, 5, 5, 5, 5, 5, 5, 5, 5, 5, 5, 5, 5]"
BRACHIAL,3.0667,1.6316,30,"[5, 4, 1, 2, 1, 1, 2, 5, 5, 5, 5, 3, 3, 1, 4, 4, 1, 2, 1, 2, 1, 5, 5, 3, 5, 5, 5, 1, 3, 2]"
BRAINWASHED,4.9667,0.1795,30,"[5, 5, 5, 5, 5, 5, 5, 5, 5, 5, 5, 5, 5, 5, 4, 5, 5, 5, 5, 5, 5, 5, 5, 5, 5, 5, 5, 5, 5, 5]"
BRAKE,4.931,0.2534,29,"[5, 4, 5, 5, 5, 5, 5, 5, 5, 5, 5, 5, 5, 5, 4, 5, 5, 5, 5, 5, 5, 5, 5, 5, 5, 5, 5, 5, 5]"
BRANDON,3.9655,1.1885,29,"[1, 5, 5, 5, 5, 5, 4, 4, 3, 2, 4, 3, 3, 5, 3, 3, 5, 5, 5, 1, 4, 5, 5, 3, 5, 4, 5, 4, 4]"
BRANDY,4.6667,0.7454,30,"[3, 4, 5, 5, 5, 5, 4, 5, 5, 5, 5, 5, 5, 5, 2, 5, 5, 5, 5, 5, 3, 5, 4, 5, 5, 5, 5, 5, 5, 5]"
BRANNIGAN,1.7,1.1,30,"[1, 1, 1, 1, 1, 1, 1, 4, 1, 2, 1, 2, 5, 2, 1, 5, 2, 2, 2, 1, 2, 1, 1, 2, 1, 1, 1, 2, 2, 1]"
BRANT,2.4667,1.4079,30,"[1, 2, 1, 2, 1, 5, 3, 2, 3, 1, 1, 4, 1, 2, 3, 1, 1, 5, 4, 2, 1, 4, 4, 3, 2, 5, 1, 5, 2, 2]"
BRASS,4.8571,0.4403,28,"[5, 3, 5, 5, 5, 5, 5, 5, 5, 5, 5, 5, 5, 5, 4, 4, 5, 5, 5, 5, 5, 5, 5, 5, 5, 5, 5, 5]"
BRAZIL,4.7,0.6904,30,"[5, 5, 5, 5, 5, 5, 5, 5, 5, 3, 5, 5, 5, 5, 5, 5, 5, 5, 3, 5, 4, 5, 5, 5, 3, 5, 5, 3, 5, 5]"
BREATH,4.8333,0.5821,30,"[5, 5, 5, 5, 5, 5, 5, 5, 5, 5, 5, 5, 4, 5, 5, 5, 2, 5, 5, 5, 5, 5, 5, 4, 5, 5, 5, 5, 5, 5]"
BRETT,3.2,1.5578,30,"[3, 5, 5, 2, 1, 2, 1, 5, 1, 3, 4, 5, 3, 2, 3, 5, 2, 2, 3, 5, 3, 3, 1, 5, 1, 1, 5, 5, 5, 5]"
BRILLIANT,4.8966,0.3045,29,"[5, 5, 5, 5, 5, 5, 5, 5, 5, 5, 5, 5, 5, 5, 5, 5, 5, 5, 4, 5, 4, 5, 5, 5, 4, 5, 5, 5, 5]"
BRINK,4.5,0.6708,30,"[4, 5, 5, 5, 5, 5, 5, 4, 5, 4, 4, 5, 3, 5, 5, 3, 5, 4, 5, 5, 5, 4, 5, 5, 4, 5, 4, 5, 4, 3]"
BRITANNICA,4.0,0.9826,29,"[3, 5, 5, 4, 5, 5, 5, 4, 4, 4, 5, 3, 5, 2, 3, 2, 3, 5, 5, 4, 4, 3, 4, 5, 4, 2, 4, 5, 4]"
BROCCOLI,4.931,0.2534,29,"[5, 5, 5, 5, 5, 5, 5, 4, 5, 5, 5, 5, 5, 5, 5, 5, 5, 5, 5, 5, 4, 5, 5, 5, 5, 5, 5, 5, 5]"
BRONX,4.3333,0.9068,30,"[5, 4, 5, 5, 4, 5, 5, 5, 5, 2, 4, 5, 2, 5, 5, 3, 5, 5, 5, 4, 4, 4, 5, 5, 3, 5, 3, 5, 4, 4]"
BROWNSTONE,3.9655,1.2994,29,"[5, 3, 5, 5, 5, 5, 4, 3, 2, 5, 5, 2, 5, 3, 4, 4, 5, 5, 2, 5, 5, 3, 5, 5, 2, 5, 1, 5, 2]"
BRUISING,4.8214,0.467,28,"[5, 5, 5, 5, 5, 5, 4, 5, 5, 5, 4, 5, 3, 5, 5, 5, 5, 5, 5, 4, 5, 5, 5, 5, 5, 5, 5, 5]"
BRUNCH,4.9,0.3,30,"[5, 5, 5, 5, 5, 5, 5, 5, 5, 5, 5, 5, 5, 5, 5, 5, 5, 5, 4, 5, 5, 5, 5, 5, 4, 5, 5, 4, 5, 5]"
BRUTES,4.2414,0.816,29,"[5, 4, 4, 5, 5, 3, 5, 4, 5, 4, 5, 3, 3, 2, 4, 3, 4, 4, 5, 4, 4, 4, 5, 5, 5, 5, 5, 5, 4]"
BUCKLE,4.7586,0.5021,29,"[5, 5, 5, 5, 5, 5, 5, 5, 4, 5, 5, 4, 5, 5, 3, 5, 5, 5, 5, 5, 4, 5, 5, 5, 5, 5, 5, 4, 4]"
BUDDY,4.931,0.2534,29,"[5, 4, 5, 5, 5, 5, 5, 5, 5, 5, 5, 5, 5, 5, 4, 5, 5, 5, 5, 5, 5, 5, 5, 5, 5, 5, 5, 5, 5]"
BUDGET,4.9655,0.1825,29,"[5, 5, 5, 5, 5, 5, 5, 5, 5, 5, 5, 5, 5, 5, 4, 5, 5, 5, 5, 5, 5, 5, 5, 5, 5, 5, 5, 5, 5]"
BUGHOUSE,3.0,1.5313,29,"[1, 2, 1, 2, 3, 1, 5, 1, 3, 3, 5, 5, 5, 3, 2, 2, 5, 5, 2, 3, 5, 1, 4, 2, 1, 5, 5, 2, 3]"
BULLETPROOF,4.8929,0.3093,28,"[5, 4, 5, 5, 5, 5, 5, 5, 4, 5, 5, 5, 5, 5, 4, 5, 5, 5, 5, 5, 5, 5, 5, 5, 5, 5, 5, 5]"
BULLS,4.7,0.5859,30,"[5, 5, 5, 5, 5, 5, 5, 5, 5, 3, 5, 5, 4, 5, 5, 3, 5, 5, 5, 5, 5, 4, 5, 5, 5, 5, 4, 5, 4, 4]"
BUNDY,2.7,1.3454,30,"[2, 1, 5, 4, 4, 2, 5, 2, 3, 2, 4, 2, 2, 4, 1, 3, 2, 3, 3, 5, 1, 3, 5, 1, 4, 2, 1, 3, 1, 1]"
BURDEN,4.8621,0.3448,29,"[5, 5, 4, 5, 5, 5, 5, 4, 5, 5, 5, 4, 5, 5, 5, 5, 5, 5, 5, 5, 4, 5, 5, 5, 5, 5, 5, 5, 5]"
BURKE,2.6,1.4283,30,"[3, 5, 1, 3, 3, 4, 1, 2, 3, 5, 1, 1, 1, 1, 2, 5, 5, 2, 5, 2, 2, 1, 4, 1, 2, 4, 3, 2, 3, 1]"
BURUNDI,2.2857,1.3325,28,"[3, 1, 1, 2, 1, 3, 5, 3, 1, 1, 1, 4, 1, 5, 2, 1, 2, 1, 2, 2, 3, 4, 2, 3, 3, 5, 1, 1]"
BUSES,4.8333,0.3727,30,"[5, 5, 5, 5, 5, 5, 5, 5, 5, 4, 5, 5, 5, 5, 5, 5, 4, 5, 5, 5, 5, 4, 5, 5, 5, 5, 5, 5, 4, 4]"
BUSINESSMEN,4.8276,0.3777,29,"[4, 5, 5, 4, 5, 5, 5, 5, 5, 5, 5, 5, 5, 4, 5, 5, 5, 5, 5, 5, 5, 4, 5, 5, 5, 5, 5, 5, 4]"
BUTTERCUP,4.7667,0.5588,30,"[5, 5, 5, 3, 5, 4, 5, 5, 5, 5, 5, 5, 5, 5, 3, 5, 5, 5, 4, 5, 4, 5, 5, 5, 5, 5, 5, 5, 5, 5]"
BUTTERMILK,4.8,0.4761,30,"[5, 5, 5, 4, 5, 5, 5, 5, 5, 5, 5, 5, 5, 5, 4, 5, 5, 5, 4, 5, 4, 5, 5, 5, 3, 5, 5, 5, 5, 5]"
BUTTONS,4.9655,0.1825,29,"[5, 5, 5, 5, 5, 5, 5, 5, 5, 5, 5, 5, 5, 5, 4, 5, 5, 5, 5, 5, 5, 5, 5, 5, 5, 5, 5, 5, 5]"
BYLINE,3.5,1.2583,30,"[5, 2, 3, 5, 3, 5, 3, 4, 3, 2, 5, 4, 2, 5, 4, 4, 4, 1, 5, 4, 4, 4, 3, 5, 4, 1, 4, 2, 4, 1]"
BYPASS,4.9,0.3,30,"[5, 5, 5, 5, 5, 5, 4, 5, 5, 5, 5, 5, 4, 4, 5, 5, 5, 5, 5, 5, 5, 5, 5, 5, 5, 5, 5, 5, 5, 5]"
CAD,3.6207,1.1865,29,"[2, 3, 5, 5, 1, 5, 4, 4, 3, 4, 4, 4, 5, 4, 3, 3, 3, 5, 5, 2, 4, 3, 5, 1, 3, 4, 4, 5, 2]"
CADAVER,4.1379,1.4075,29,"[3, 5, 1, 4, 5, 3, 5, 5, 5, 5, 3, 5, 5, 1, 5, 5, 5, 1, 1, 5, 5, 4, 5, 5, 5, 5, 5, 5, 4]"
CAGED,4.7,0.6904,30,"[5, 2, 5, 5, 5, 5, 5, 5, 5, 5, 3, 5, 5, 4, 4, 5, 5, 4, 5, 5, 4, 5, 5, 5, 5, 5, 5, 5, 5, 5]"
CAIN,3.6897,1.511,29,"[3, 5, 1, 1, 3, 1, 5, 5, 5, 3, 4, 5, 5, 4, 3, 5, 5, 5, 4, 5, 5, 3, 5, 5, 3, 1, 5, 1, 2]"
CAIRO,4.1724,1.0527,29,"[1, 5, 4, 5, 5, 5, 4, 5, 3, 4, 5, 5, 5, 5, 4, 4, 2, 4, 4, 2, 5, 4, 5, 4, 3, 4, 5, 5, 5]"
CALZONE,4.7333,0.6799,30,"[5, 5, 5, 5, 5, 5, 5, 5, 5, 5, 5, 5, 5, 5, 5, 5, 5, 2, 4, 5, 5, 5, 3, 4, 5, 5, 5, 5, 5, 4]"
CAMBODIAN,4.2333,1.0225,30,"[3, 2, 5, 3, 5, 5, 5, 5, 5, 5, 3, 3, 5, 4, 5, 3, 5, 3, 2, 4, 3, 5, 4, 5, 5, 5, 5, 5, 5, 5]"
CAMERAS,4.8333,0.4534,30,"[5, 5, 5, 5, 4, 5, 5, 5, 5, 5, 5, 5, 5, 5, 5, 5, 5, 5, 5, 5, 5, 4, 5, 5, 5, 5, 5, 3, 4, 5]"
CANDID,4.7,0.526,30,"[5, 4, 5, 5, 5, 5, 5, 5, 5, 5, 5, 4, 5, 4, 5, 4, 4, 4, 5, 5, 3, 5, 4, 5, 5, 5, 5, 5, 5, 5]"
CANDIES,4.9,0.5385,30,"[5, 5, 5, 5, 5, 5, 5, 5, 5, 5, 5, 5, 5, 5, 5, 5, 5, 2, 5, 5, 5, 5, 5, 5, 5, 5, 5, 5, 5, 5]"
CANDLELIGHT,4.8621,0.3448,29,"[4, 5, 5, 5, 5, 5, 5, 5, 5, 5, 5, 5, 5, 4, 5, 5, 5, 5, 5, 5, 5, 4, 5, 5, 5, 5, 5, 5, 4]"
CANISTERS,4.8,0.6532,30,"[5, 2, 5, 5, 5, 5, 5, 5, 5, 5, 5, 5, 5, 5, 5, 5, 5, 5, 3, 5, 5, 5, 5, 5, 4, 5, 5, 5, 5, 5]"
CANVASS,3.9655,1.4259,29,"[1, 1, 5, 2, 5, 1, 5, 5, 2, 5, 3, 5, 5, 4, 3, 5, 5, 5, 2, 5, 5, 3, 4, 5, 5, 5, 5, 4, 5]"
CAPONE,3.0333,1.4716,30,"[3, 2, 5, 1, 5, 4, 2, 5, 3, 5, 1, 2, 5, 3, 1, 5, 2, 2, 1, 3, 1, 2, 3, 4, 4, 3, 5, 5, 3, 1]"
CAPPELLA,3.1667,1.5293,30,"[3, 2, 5, 1, 5, 3, 5, 5, 5, 2, 3, 1, 2, 4, 1, 1, 5, 2, 1, 3, 1, 5, 5, 3, 4, 3, 5, 5, 3, 2]"
CARAMEL,4.8667,0.4269,30,"[5, 4, 5, 3, 5, 5, 5, 5, 5, 5, 5, 4, 5, 5, 5, 5, 5, 5, 5, 5, 5, 5, 5, 5, 5, 5, 5, 5, 5, 5]"
CAREEN,3.6667,1.2737,30,"[5, 5, 1, 3, 4, 4, 3, 5, 5, 3, 3, 5, 5, 3, 3, 5, 3, 5, 2, 3, 3, 5, 1, 2, 2, 5, 3, 5, 5, 4]"
CARELESS,4.9,0.3,30,"[5, 4, 5, 5, 5, 5, 5, 5, 5, 5, 5, 5, 5, 5, 4, 5, 5, 5, 5, 5, 4, 5, 5, 5, 5, 5, 5, 5, 5, 5]"
CARESSED,4.6,0.6633,30,"[5, 5, 5, 5, 4, 5, 5, 5, 5, 2, 4, 5, 4, 5, 5, 4, 5, 5, 5, 5, 5, 4, 5, 5, 4, 5, 4, 5, 4, 4]"
CAROUSEL,4.7,0.8622,30,"[5, 1, 5, 5, 5, 4, 5, 5, 5, 5, 5, 5, 5, 5, 5, 5, 5, 5, 3, 5, 5, 5, 5, 5, 3, 5, 5, 5, 5, 5]"
CARPOOL,4.75,0.433,28,"[5, 5, 4, 5, 4, 5, 4, 5, 5, 5, 4, 5, 4, 5, 5, 4, 5, 5, 5, 4, 5, 5, 5, 5, 5, 5, 5, 5]"
CARRIAGES,4.5667,0.6675,30,"[5, 5, 5, 5, 4, 5, 4, 5, 5, 5, 5, 5, 4, 4, 4, 5, 3, 3, 5, 5, 5, 5, 5, 3, 5, 5, 5, 4, 5, 4]"
CARRIERS,4.7333,0.5121,30,"[5, 5, 5, 5, 5, 4, 5, 5, 5, 4, 4, 5, 5, 5, 5, 5, 5, 5, 4, 5, 3, 5, 5, 5, 4, 5, 4, 5, 5, 5]"
CARTWHEELS,4.9,0.3,30,"[5, 4, 5, 5, 5, 5, 5, 5, 5, 5, 5, 4, 5, 4, 5, 5, 5, 5, 5, 5, 5, 5, 5, 5, 5, 5, 5, 5, 5, 5]"
CARVINGS,4.8333,0.4534,30,"[5, 5, 3, 5, 5, 5, 5, 5, 5, 4, 5, 5, 5, 5, 5, 5, 5, 5, 4, 5, 4, 5, 5, 5, 5, 5, 5, 5, 5, 5]"
CASANOVA,4.2,1.077,30,"[5, 1, 5, 5, 5, 4, 3, 5, 5, 3, 3, 5, 5, 5, 4, 5, 4, 5, 3, 5, 4, 5, 2, 5, 3, 5, 4, 3, 5, 5]"
CASCADES,4.5517,0.8544,29,"[5, 2, 5, 4, 4, 5, 5, 5, 3, 5, 5, 5, 5, 5, 4, 4, 5, 5, 5, 5, 5, 5, 5, 2, 4, 5, 5, 5, 5]"
CASINO,4.9333,0.2494,30,"[5, 5, 5, 5, 5, 5, 5, 5, 5, 5, 5, 5, 5, 5, 5, 5, 5, 5, 5, 5, 5, 5, 5, 4, 5, 5, 5, 4, 5, 5]"
CASSIE,3.6,1.1719,30,"[1, 5, 5, 5, 4, 5, 4, 4, 3, 5, 2, 3, 2, 3, 3, 3, 3, 4, 5, 2, 2, 4, 3, 5, 3, 5, 4, 5, 4, 2]"
CASTLE,4.9655,0.1825,29,"[5, 5, 5, 5, 5, 5, 5, 5, 5, 5, 5, 5, 5, 5, 4, 5, 5, 5, 5, 5, 5, 5, 5, 5, 5, 5, 5, 5, 5]"
CAT,5.0,0.0,30,"[5, 5, 5, 5, 5, 5, 5, 5, 5, 5, 5, 5, 5, 5, 5, 5, 5, 5, 5, 5, 5, 5, 5, 5, 5, 5, 5, 5, 5, 5]"
CATES,1.7667,1.0858,30,"[1, 2, 1, 1, 2, 3, 1, 2, 1, 1, 1, 1, 1, 2, 1, 1, 2, 3, 5, 3, 1, 2, 4, 2, 1, 1, 1, 1, 4, 1]"
CAVALRY,4.7,0.5859,30,"[4, 3, 5, 5, 5, 5, 5, 5, 5, 5, 5, 4, 5, 4, 5, 5, 5, 5, 5, 5, 4, 3, 4, 5, 5, 5, 5, 5, 5, 5]"
CAVENDISH,2.2759,1.362,29,"[2, 3, 3, 1, 2, 1, 3, 5, 1, 1, 2, 1, 1, 5, 4, 5, 2, 1, 1, 2, 3, 5, 2, 1, 1, 2, 1, 2, 3]"
CAVERN,4.7333,0.6799,30,"[5, 4, 5, 5, 5, 5, 5, 5, 5, 5, 5, 3, 5, 4, 5, 5, 5, 2, 5, 5, 4, 5, 5, 5, 5, 5, 5, 5, 5, 5]"
CAW,3.1724,1.4872,29,"[3, 2, 5, 2, 5, 4, 5, 2, 2, 2, 1, 1, 4, 1, 3, 5, 1, 3, 3, 3, 5, 2, 5, 5, 1, 4, 3, 5, 5]"
CAYMAN,3.2333,1.4302,30,"[3, 2, 5, 1, 1, 4, 4, 5, 5, 5, 1, 2, 1, 3, 2, 3, 5, 2, 5, 3, 2, 2, 2, 4, 3, 3, 5, 5, 5, 4]"
CEDAR,4.6333,0.6046,30,"[5, 5, 5, 5, 4, 5, 4, 5, 5, 5, 4, 5, 4, 5, 5, 5, 4, 3, 5, 5, 5, 5, 5, 4, 3, 5, 5, 4, 5, 5]"
CELLAR,4.6333,0.9481,30,"[5, 5, 5, 5, 1, 5, 5, 5, 5, 5, 5, 5, 4, 5, 5, 5, 2, 3, 5, 5, 5, 5, 5, 4, 5, 5, 5, 5, 5, 5]"
CELLULAR,4.7,0.5859,30,"[5, 5, 5, 5, 4, 5, 5, 5, 5, 4, 5, 5, 4, 5, 5, 3, 5, 5, 5, 5, 5, 4, 5, 5, 5, 5, 5, 5, 4, 3]"
CENSUS,4.6207,0.7617,29,"[4, 5, 3, 4, 5, 3, 5, 5, 5, 5, 5, 5, 5, 2, 5, 5, 5, 5, 5, 5, 5, 4, 5, 5, 5, 5, 5, 5, 4]"
CENTIMETERS,4.7931,0.5496,29,"[5, 5, 5, 3, 5, 3, 5, 5, 5, 5, 5, 5, 5, 4, 5, 5, 5, 5, 5, 5, 5, 4, 5, 5, 5, 5, 5, 5, 5]"
CENTURION,3.5333,1.3098,30,"[3, 3, 3, 1, 5, 3, 5, 5, 4, 5, 3, 1, 4, 3, 4, 3, 5, 2, 1, 3, 2, 2, 4, 3, 5, 5, 5, 5, 5, 4]"
CEREAL,4.9333,0.2494,30,"[5, 5, 5, 5, 5, 5, 5, 5, 5, 5, 5, 5, 5, 5, 5, 5, 5, 5, 5, 5, 5, 4, 5, 5, 5, 5, 5, 5, 4, 5]"
CESAREAN,4.2759,1.0136,29,"[4, 2, 5, 5, 4, 5, 5, 5, 3, 4, 5, 5, 5, 5, 4, 5, 5, 5, 5, 2, 5, 5, 3, 2, 3, 4, 5, 4, 5]"
CESSPOOL,4.5172,0.8146,29,"[5, 4, 3, 4, 2, 5, 5, 5, 3, 5, 5, 5, 5, 5, 4, 5, 5, 5, 5, 5, 5, 5, 5, 4, 4, 3, 5, 5, 5]"
CHAGRIN,3.4483,1.4041,29,"[2, 1, 4, 5, 5, 3, 4, 4, 5, 3, 2, 3, 1, 1, 5, 1, 4, 4, 5, 5, 4, 3, 4, 1, 4, 3, 4, 5, 5]"
CHAMBERMAID,4.2414,1.0053,29,"[5, 5, 2, 5, 5, 5, 5, 4, 4, 3, 5, 4, 4, 2, 5, 2, 4, 5, 5, 4, 3, 5, 5, 5, 5, 3, 5, 5, 4]"
CHANCERY,2.5333,1.2037,30,"[3, 2, 3, 2, 4, 4, 5, 4, 1, 1, 1, 3, 2, 3, 4, 3, 5, 2, 3, 3, 3, 3, 1, 1, 2, 1, 3, 2, 1, 1]"
CHANDLER,2.8333,1.4395,30,"[2, 1, 3, 5, 3, 4, 5, 2, 1, 4, 4, 5, 2, 3, 1, 3, 5, 3, 2, 5, 2, 2, 5, 1, 4, 1, 3, 1, 1, 2]"
CHANG,2.1,1.044,30,"[3, 3, 3, 1, 2, 1, 1, 3, 1, 2, 1, 3, 5, 2, 2, 3, 1, 2, 2, 2, 2, 2, 1, 2, 1, 1, 2, 2, 2, 5]"
CHARACTERIZED,4.6552,0.6032,29,"[5, 5, 3, 5, 4, 5, 5, 4, 5, 5, 5, 3, 5, 5, 4, 5, 5, 4, 5, 5, 4, 5, 5, 5, 5, 4, 5, 5, 5]"
CHART,4.9333,0.2494,30,"[5, 5, 5, 5, 5, 5, 5, 5, 5, 4, 5, 5, 5, 5, 5, 5, 5, 5, 5, 5, 5, 5, 5, 5, 5, 5, 4, 5, 5, 5]"
CHASTITY,4.5667,0.7608,30,"[4, 5, 5, 5, 5, 5, 5, 5, 5, 2, 4, 5, 4, 5, 5, 3, 5, 5, 5, 5, 5, 4, 5, 5, 4, 5, 5, 5, 4, 3]"
CHAUFFEUR,4.6897,0.4626,29,"[5, 4, 5, 4, 5, 5, 5, 5, 5, 4, 5, 5, 5, 5, 5, 4, 4, 5, 5, 5, 5, 4, 5, 4, 5, 4, 4, 5, 5]"
CHE,2.3103,1.3922,29,"[1, 2, 1, 2, 2, 3, 1, 4, 5, 2, 5, 1, 1, 1, 3, 2, 2, 1, 5, 1, 5, 3, 2, 1, 4, 1, 1, 3, 2]"
CHECKUP,4.8621,0.3448,29,"[5, 4, 5, 5, 5, 5, 5, 5, 4, 5, 5, 5, 5, 5, 4, 4, 5, 5, 5, 5, 5, 5, 5, 5, 5, 5, 5, 5, 5]"
CHEEP,3.6667,1.66,30,"[5, 5, 1, 1, 5, 1, 3, 3, 5, 5, 5, 1, 5, 5, 1, 1, 2, 5, 4, 2, 5, 5, 5, 2, 5, 5, 5, 3, 5, 5]"
CHER,4.1,1.2741,30,"[5, 4, 1, 1, 4, 3, 5, 5, 3, 4, 5, 5, 5, 4, 5, 3, 5, 5, 5, 5, 5, 3, 1, 4, 5, 5, 3, 5, 5, 5]"
CHESAPEAKE,4.5,0.7638,30,"[5, 2, 5, 5, 5, 5, 5, 5, 4, 5, 5, 5, 4, 4, 3, 4, 5, 4, 4, 5, 5, 4, 5, 5, 5, 5, 5, 3, 5, 4]"
CHICKEN,4.9617,0.1919,235,"[5, 5, 5, 5, 5, 5, 5, 5, 5, 4, 5, 5, 5, 5, 5, 5, 5, 5, 5, 5, 5, 5, 5, 5, 5, 5, 5, 5, 5, 5, 5, 5, 5, 5, 5, 5, 5, 5, 5, 5, 5, 5, 5, 5, 5, 4, 5, 5, 5, 5, 5, 4, 5, 5, 5, 5, 5, 5, 4, 5, 5, 5, 5, 5, 5, 5, 5, 5, 5, 5, 5, 5, 5, 5, 4, 5, 5, 5, 5, 5, 5, 5, 5, 5, 5, 5, 5, 5, 5, 5, 5, 5, 5, 5, 5, 5, 5, 5, 5, 5, 5, 5, 5, 5, 5, 5, 5, 5, 5, 5, 5, 5, 5, 5, 5, 5, 5, 5, 5, 5, 5, 5, 5, 5, 5, 5, 5, 5, 5, 5, 4, 5, 5, 5, 5, 5, 5, 5, 5, 5, 5, 5, 5, 5, 5, 4, 5, 5, 5, 5, 5, 5, 5, 4, 5, 5, 5, 5, 5, 5, 5, 5, 5, 5, 5, 5, 5, 5, 5, 5, 5, 5, 5, 5, 5, 5, 4, 5, 5, 5, 5, 5, 5, 5, 5, 5, 5, 5, 5, 5, 5, 5, 5, 5, 5, 5, 5, 5, 5, 5, 5, 5, 5, 5, 5, 5, 5, 5, 5, 5, 5, 5, 5, 5, 5, 5, 5, 5, 5, 5, 5, 5, 5, 5, 5, 5, 5, 5, 5, 5, 5, 5, 5, 5, 5]"
CHIHUAHUA,4.6667,0.8692,30,"[5, 5, 1, 5, 5, 4, 5, 5, 5, 4, 5, 5, 5, 5, 5, 5, 5, 5, 3, 5, 5, 5, 5, 5, 5, 5, 5, 3, 5, 5]"
CHILE,4.5862,0.7664,29,"[3, 5, 5, 5, 5, 4, 5, 5, 5, 3, 3, 5, 5, 5, 5, 5, 5, 5, 3, 5, 4, 5, 5, 5, 5, 5, 3, 5, 5]"
CHINO,2.8333,1.2931,30,"[1, 4, 3, 2, 4, 3, 5, 5, 1, 4, 3, 5, 3, 2, 4, 1, 2, 4, 3, 4, 5, 3, 1, 2, 2, 2, 2, 1, 2, 2]"
CHIPPY,3.3667,1.4716,30,"[2, 3, 1, 5, 3, 5, 2, 4, 5, 5, 5, 1, 2, 1, 2, 5, 5, 2, 5, 5, 4, 1, 5, 4, 5, 3, 3, 3, 3, 2]"
CHOKING,4.9,0.3,30,"[5, 5, 5, 5, 5, 4, 5, 5, 5, 5, 5, 5, 5, 5, 5, 5, 5, 5, 4, 5, 5, 5, 5, 5, 4, 5, 5, 5, 5, 5]"
CHOPPERS,4.5333,0.8055,30,"[5, 2, 5, 5, 5, 5, 5, 5, 5, 5, 4, 4, 5, 4, 3, 3, 5, 4, 5, 5, 3, 5, 4, 5, 5, 5, 5, 5, 5, 5]"
CHOPPING,4.7333,0.5121,30,"[5, 5, 5, 5, 5, 5, 5, 5, 5, 4, 5, 5, 4, 5, 5, 3, 5, 5, 5, 4, 5, 4, 5, 5, 5, 5, 5, 5, 4, 4]"
CHORES,4.9286,0.2575,28,"[5, 5, 5, 5, 5, 5, 5, 4, 5, 5, 5, 4, 5, 5, 5, 5, 5, 5, 5, 5, 5, 5, 5, 5, 5, 5, 5, 5]"
CHOWDER,4.5333,0.8459,30,"[5, 5, 5, 5, 4, 4, 3, 5, 5, 5, 5, 5, 4, 5, 4, 5, 2, 2, 5, 5, 5, 5, 5, 4, 4, 5, 5, 5, 5, 5]"
CHOY,2.4828,1.5227,29,"[3, 5, 2, 1, 5, 2, 5, 1, 3, 3, 5, 2, 3, 1, 2, 5, 2, 1, 4, 2, 1, 1, 1, 1, 1, 1, 5, 1, 3]"
CHRIST,4.8276,0.4601,29,"[5, 5, 3, 5, 5, 5, 5, 5, 5, 5, 5, 5, 5, 4, 5, 5, 5, 5, 5, 5, 5, 4, 5, 5, 5, 5, 5, 5, 4]"
CHRISTINE,4.5,0.9916,30,"[5, 5, 2, 5, 5, 5, 5, 5, 5, 4, 5, 5, 5, 4, 5, 3, 5, 5, 5, 4, 4, 3, 1, 5, 5, 5, 5, 5, 5, 5]"
CHRONOMETER,3.069,1.3628,29,"[2, 2, 1, 1, 4, 2, 2, 4, 2, 2, 2, 5, 3, 2, 3, 3, 3, 5, 2, 5, 5, 4, 5, 2, 1, 5, 5, 4, 3]"
CHRYSANTHEMUM,3.8966,1.3733,29,"[4, 1, 5, 5, 5, 5, 5, 4, 4, 4, 5, 4, 1, 5, 4, 5, 3, 5, 5, 1, 5, 5, 5, 3, 4, 4, 2, 4, 1]"
CHUCKLES,4.8667,0.3399,30,"[5, 5, 5, 5, 5, 5, 5, 5, 4, 4, 5, 5, 5, 5, 4, 5, 5, 5, 4, 5, 5, 5, 5, 5, 5, 5, 5, 5, 5, 5]"
CHUG,4.3,1.2152,30,"[5, 4, 1, 4, 5, 5, 5, 5, 1, 5, 5, 4, 5, 2, 5, 5, 3, 5, 5, 5, 5, 5, 5, 5, 2, 4, 5, 5, 5, 4]"
CHUNKS,4.8,0.4,30,"[5, 4, 4, 5, 5, 5, 5, 5, 4, 4, 5, 5, 5, 4, 5, 5, 5, 5, 5, 5, 5, 5, 5, 5, 4, 5, 5, 5, 5, 5]"
CIRCUMVENT,4.3667,0.752,30,"[4, 5, 5, 5, 4, 3, 5, 5, 5, 3, 5, 5, 4, 5, 4, 3, 5, 3, 5, 5, 4, 4, 5, 3, 5, 5, 4, 5, 4, 4]"
CIVILIZATIONS,4.8667,0.3399,30,"[5, 4, 5, 5, 5, 5, 5, 5, 5, 4, 5, 5, 5, 4, 5, 5, 5, 5, 5, 5, 5, 5, 5, 5, 5, 5, 4, 5, 5, 5]"
CLANKING,4.2333,1.116,30,"[5, 4, 5, 5, 5, 5, 4, 5, 5, 3, 4, 5, 1, 5, 3, 1, 5, 5, 5, 3, 5, 4, 5, 5, 4, 5, 4, 5, 4, 3]"
CLANNISH,3.0333,1.4256,30,"[5, 2, 1, 1, 4, 3, 5, 2, 2, 4, 4, 5, 5, 2, 4, 1, 2, 4, 2, 3, 5, 3, 1, 3, 2, 5, 5, 2, 1, 3]"
CLARKE,3.069,1.6386,29,"[1, 5, 3, 2, 2, 1, 5, 1, 5, 3, 5, 5, 1, 3, 3, 4, 4, 1, 5, 5, 5, 1, 4, 5, 3, 1, 1, 1, 4]"
CLASHING,4.8,0.5416,30,"[5, 5, 5, 3, 5, 4, 5, 5, 5, 5, 5, 5, 5, 5, 5, 5, 5, 5, 3, 5, 5, 5, 5, 5, 4, 5, 5, 5, 5, 5]"
CLASSMATES,4.8966,0.3045,29,"[5, 5, 5, 5, 5, 5, 5, 5, 5, 5, 5, 5, 5, 4, 5, 5, 5, 5, 5, 5, 5, 4, 5, 5, 5, 5, 5, 5, 4]"
CLATTERS,3.7,1.3454,30,"[4, 5, 5, 5, 4, 4, 4, 5, 5, 1, 5, 5, 4, 5, 3, 2, 2, 5, 4, 2, 5, 3, 4, 1, 2, 5, 3, 1, 4, 4]"
CLEANERS,4.9333,0.2494,30,"[5, 5, 5, 5, 5, 5, 5, 5, 5, 5, 5, 5, 5, 4, 5, 5, 5, 5, 5, 5, 5, 5, 5, 4, 5, 5, 5, 5, 5, 5]"
CLEANSED,4.8333,0.3727,30,"[5, 5, 5, 5, 4, 5, 5, 5, 5, 5, 5, 5, 4, 5, 5, 5, 5, 4, 5, 5, 5, 5, 5, 4, 5, 5, 5, 4, 5, 5]"
CLENCHED,4.8276,0.3777,29,"[5, 4, 5, 5, 5, 5, 5, 4, 5, 5, 5, 4, 5, 4, 5, 5, 5, 5, 5, 5, 4, 5, 5, 5, 5, 5, 5, 5, 5]"
CLERK,4.9,0.3,30,"[5, 5, 5, 5, 5, 5, 5, 5, 4, 5, 5, 5, 5, 5, 5, 5, 5, 5, 5, 5, 5, 4, 5, 5, 5, 5, 4, 5, 5, 5]"
CLIMAX,4.9,0.3,30,"[4, 5, 5, 5, 5, 5, 5, 5, 5, 5, 5, 4, 5, 5, 5, 5, 5, 4, 5, 5, 5, 5, 5, 5, 5, 5, 5, 5, 5, 5]"
CLOCK,4.9667,0.1795,30,"[5, 5, 5, 5, 5, 5, 5, 5, 5, 5, 5, 5, 5, 5, 5, 5, 5, 5, 5, 5, 5, 5, 4, 5, 5, 5, 5, 5, 5, 5]"
CLOD,3.4,1.4048,30,"[5, 4, 1, 2, 5, 3, 5, 4, 1, 5, 5, 3, 5, 2, 4, 1, 3, 5, 2, 5, 5, 4, 3, 1, 2, 3, 3, 3, 5, 3]"
CLOTHING,4.9655,0.1825,29,"[5, 5, 5, 5, 5, 5, 5, 5, 5, 5, 5, 5, 5, 5, 4, 5, 5, 5, 5, 5, 5, 5, 5, 5, 5, 5, 5, 5, 5]"
CLOUD,4.931,0.2534,29,"[5, 5, 5, 4, 5, 5, 5, 5, 5, 5, 5, 5, 5, 4, 5, 5, 5, 5, 5, 5, 5, 5, 5, 5, 5, 5, 5, 5, 5]"
CLOWN,4.9,0.3,30,"[5, 5, 5, 5, 5, 5, 5, 5, 5, 4, 5, 5, 5, 5, 5, 5, 5, 5, 4, 5, 5, 5, 5, 5, 5, 5, 4, 5, 5, 5]"
CLUES,4.931,0.2534,29,"[5, 4, 5, 5, 5, 5, 5, 5, 5, 5, 5, 5, 5, 5, 4, 5, 5, 5, 5, 5, 5, 5, 5, 5, 5, 5, 5, 5, 5]"
CLUNK,4.5517,0.8939,29,"[5, 3, 5, 5, 5, 5, 5, 5, 4, 1, 4, 5, 5, 5, 4, 5, 4, 5, 5, 5, 5, 3, 5, 4, 5, 5, 5, 5, 5]"
CLUTTERS,4.4333,0.8439,30,"[5, 5, 4, 5, 5, 3, 5, 5, 5, 4, 3, 5, 5, 5, 4, 5, 5, 5, 3, 2, 4, 5, 3, 5, 4, 5, 4, 5, 5, 5]"
COCA,3.7241,1.4597,29,"[5, 5, 2, 4, 2, 4, 5, 5, 5, 5, 5, 5, 4, 2, 5, 5, 2, 3, 1, 4, 5, 1, 2, 1, 5, 5, 3, 3, 5]"
COERCED,4.4138,0.9291,29,"[5, 4, 1, 5, 5, 5, 5, 5, 4, 4, 5, 5, 5, 4, 3, 3, 5, 4, 5, 5, 5, 5, 5, 4, 5, 3, 5, 5, 4]"
COGNIZANT,3.5667,1.2828,30,"[5, 3, 5, 4, 4, 5, 5, 3, 4, 3, 4, 2, 1, 4, 3, 3, 5, 1, 2, 5, 2, 3, 5, 1, 4, 5, 3, 5, 4, 4]"
COHESION,4.5862,0.6704,29,"[4, 5, 5, 5, 5, 5, 5, 4, 4, 4, 5, 2, 5, 4, 5, 5, 5, 4, 5, 5, 4, 5, 5, 5, 5, 4, 5, 5, 4]"
COINCIDE,4.8276,0.4601,29,"[5, 5, 5, 5, 5, 5, 5, 5, 4, 5, 5, 3, 5, 5, 5, 5, 4, 5, 5, 5, 4, 5, 5, 5, 5, 5, 5, 5, 5]"
COKES,4.3103,0.9506,29,"[5, 4, 2, 5, 5, 3, 5, 3, 4, 5, 5, 5, 5, 5, 5, 5, 5, 3, 3, 3, 4, 5, 5, 3, 5, 5, 5, 5, 3]"
COLESLAW,4.8333,0.4534,30,"[5, 5, 5, 5, 5, 5, 5, 5, 4, 5, 5, 5, 5, 5, 4, 5, 5, 5, 5, 5, 5, 4, 5, 5, 5, 5, 3, 5, 5, 5]"
COLLEEN,3.1667,1.5723,30,"[2, 3, 5, 1, 1, 4, 1, 5, 5, 2, 5, 4, 1, 3, 2, 4, 5, 5, 5, 1, 1, 4, 2, 4, 4, 1, 5, 2, 5, 3]"
COLLIER,2.5172,1.2763,29,"[2, 2, 3, 2, 2, 3, 5, 2, 1, 1, 3, 5, 5, 3, 3, 1, 4, 5, 2, 3, 3, 3, 1, 2, 2, 2, 1, 1, 1]"
COLOMBO,3.4828,1.249,29,"[4, 2, 3, 5, 5, 4, 5, 4, 1, 2, 2, 4, 5, 3, 4, 3, 4, 1, 5, 3, 4, 4, 3, 4, 3, 5, 3, 1, 5]"
COLORBLIND,4.8667,0.4269,30,"[5, 5, 5, 5, 5, 5, 5, 5, 5, 3, 5, 5, 5, 5, 5, 5, 5, 5, 4, 5, 5, 5, 5, 5, 4, 5, 5, 5, 5, 5]"
COLUMNIST,4.8214,0.383,28,"[5, 4, 5, 5, 4, 5, 5, 4, 5, 5, 5, 5, 5, 4, 5, 5, 5, 5, 5, 5, 5, 5, 5, 4, 5, 5, 5, 5]"
COMEBACK,4.7586,0.5666,29,"[4, 5, 5, 4, 5, 3, 5, 5, 5, 5, 5, 5, 5, 4, 5, 5, 5, 5, 5, 5, 5, 3, 5, 5, 5, 5, 5, 5, 5]"
COMEDIAN,5.0,0.0,30,"[5, 5, 5, 5, 5, 5, 5, 5, 5, 5, 5, 5, 5, 5, 5, 5, 5, 5, 5, 5, 5, 5, 5, 5, 5, 5, 5, 5, 5, 5]"
COMINGS,4.3793,1.0639,29,"[4, 4, 5, 5, 4, 5, 5, 4, 5, 3, 5, 4, 5, 5, 4, 5, 5, 5, 5, 5, 5, 5, 5, 5, 1, 2, 5, 5, 2]"
COMMISSAR,2.7667,1.2828,30,"[2, 4, 3, 3, 1, 2, 1, 4, 3, 3, 2, 2, 1, 1, 3, 5, 1, 3, 5, 3, 2, 3, 5, 2, 5, 4, 2, 1, 4, 3]"
COMMONPLACE,4.7241,0.5811,29,"[5, 5, 5, 5, 5, 5, 5, 4, 5, 4, 5, 3, 5, 3, 5, 5, 4, 5, 5, 5, 4, 5, 5, 5, 5, 5, 5, 5, 5]"
COMMOTION,4.7931,0.4828,29,"[5, 4, 5, 5, 5, 5, 4, 5, 5, 5, 5, 5, 5, 5, 4, 5, 5, 5, 5, 5, 5, 4, 5, 3, 5, 5, 5, 5, 5]"
COMMUNION,4.6207,0.7617,29,"[5, 5, 2, 4, 5, 3, 5, 5, 5, 4, 5, 5, 5, 4, 5, 5, 5, 5, 5, 5, 5, 3, 5, 5, 5, 5, 5, 5, 4]"
COMPANY,4.9667,0.1795,30,"[5, 5, 5, 5, 5, 5, 5, 5, 5, 5, 5, 5, 5, 5, 5, 5, 5, 5, 5, 5, 5, 5, 4, 5, 5, 5, 5, 5, 5, 5]"
COMPASSIONATE,4.9667,0.1795,30,"[5, 5, 5, 5, 5, 5, 5, 5, 5, 5, 5, 5, 5, 5, 5, 5, 5, 5, 5, 5, 5, 5, 5, 4, 5, 5, 5, 5, 5, 5]"
COMPENSATING,4.8621,0.4334,29,"[5, 5, 5, 5, 5, 5, 5, 4, 5, 5, 5, 3, 5, 5, 5, 5, 5, 5, 5, 5, 4, 5, 5, 5, 5, 5, 5, 5, 5]"
COMPLEMENTS,4.5333,1.0562,30,"[5, 4, 1, 5, 5, 5, 5, 5, 5, 4, 5, 5, 5, 5, 1, 3, 4, 5, 4, 5, 5, 5, 5, 5, 5, 5, 5, 5, 5, 5]"
COMPLIMENTED,4.8214,0.383,28,"[4, 5, 5, 5, 5, 4, 5, 5, 5, 5, 5, 4, 4, 5, 5, 5, 5, 5, 5, 5, 4, 5, 5, 5, 5, 5, 5, 5]"
COMPOUNDS,4.6,0.6633,30,"[4, 3, 5, 5, 5, 5, 5, 5, 5, 5, 5, 4, 5, 4, 3, 4, 5, 3, 5, 5, 4, 5, 4, 5, 5, 5, 5, 5, 5, 5]"
CONCEITED,4.8333,0.4534,30,"[5, 5, 5, 5, 5, 5, 5, 5, 4, 5, 4, 5, 3, 5, 5, 5, 5, 5, 5, 5, 5, 4, 5, 5, 5, 5, 5, 5, 5, 5]"
CONCEIVE,4.7241,0.5184,29,"[4, 5, 4, 3, 5, 4, 5, 5, 5, 5, 5, 5, 5, 4, 5, 5, 5, 5, 5, 5, 5, 4, 5, 5, 5, 5, 5, 5, 4]"
CONCEPTS,4.8966,0.3045,29,"[5, 4, 5, 5, 4, 5, 5, 5, 5, 5, 5, 5, 5, 5, 4, 5, 5, 5, 5, 5, 5, 5, 5, 5, 5, 5, 5, 5, 5]"
CONCERNED,4.8333,0.3727,30,"[5, 5, 5, 5, 5, 5, 5, 5, 5, 4, 5, 5, 4, 5, 5, 5, 5, 5, 5, 5, 5, 4, 5, 5, 5, 5, 5, 5, 4, 4]"
CONCESSION,4.7333,0.5735,30,"[5, 5, 5, 4, 5, 4, 5, 5, 5, 4, 5, 5, 5, 5, 5, 5, 5, 5, 3, 5, 3, 5, 5, 5, 4, 5, 5, 5, 5, 5]"
CONCUR,4.6333,0.5467,30,"[5, 4, 3, 4, 5, 5, 5, 5, 5, 4, 5, 5, 5, 4, 5, 5, 4, 5, 4, 4, 5, 5, 5, 5, 4, 5, 5, 5, 5, 4]"
CONCUSSION,4.8667,0.4269,30,"[5, 5, 5, 5, 5, 4, 5, 5, 5, 5, 5, 5, 5, 5, 5, 5, 5, 5, 3, 5, 4, 5, 5, 5, 5, 5, 5, 5, 5, 5]"
CONDOLENCES,4.6333,0.6574,30,"[5, 5, 5, 5, 5, 5, 5, 4, 5, 3, 4, 4, 4, 5, 5, 3, 5, 5, 5, 5, 5, 3, 5, 5, 5, 5, 5, 5, 4, 5]"
CONDUCTOR,4.7333,0.5735,30,"[5, 4, 5, 4, 5, 5, 5, 5, 5, 5, 5, 5, 5, 3, 5, 4, 3, 5, 5, 5, 5, 5, 5, 5, 4, 5, 5, 5, 5, 5]"
CONFERENCES,4.9,0.3,30,"[5, 5, 5, 5, 5, 5, 5, 5, 5, 4, 5, 5, 5, 4, 5, 5, 5, 5, 5, 5, 5, 5, 5, 5, 4, 5, 5, 5, 5, 5]"
CONFLICT,4.9655,0.1825,29,"[5, 5, 5, 5, 5, 5, 5, 5, 5, 5, 5, 5, 5, 5, 4, 5, 5, 5, 5, 5, 5, 5, 5, 5, 5, 5, 5, 5, 5]"
CONFORMS,4.8,0.4761,30,"[5, 4, 5, 4, 5, 5, 5, 5, 4, 5, 5, 5, 5, 5, 5, 4, 5, 5, 3, 5, 5, 5, 5, 5, 5, 5, 5, 5, 5, 5]"
CONFUSING,4.9667,0.1795,30,"[5, 5, 5, 5, 5, 5, 5, 5, 5, 5, 5, 5, 5, 5, 5, 5, 5, 5, 5, 5, 5, 5, 5, 4, 5, 5, 5, 5, 5, 5]"
CONNECTS,4.9,0.3,30,"[5, 5, 5, 4, 5, 5, 5, 5, 5, 4, 5, 5, 5, 5, 5, 5, 5, 5, 4, 5, 5, 5, 5, 5, 5, 5, 5, 5, 5, 5]"
CONQUEROR,4.5333,0.9911,30,"[5, 1, 5, 5, 5, 4, 5, 5, 5, 4, 5, 5, 5, 5, 5, 5, 5, 5, 3, 5, 4, 5, 5, 5, 2, 5, 3, 5, 5, 5]"
CONSEQUENCES,4.8276,0.3777,29,"[5, 5, 5, 5, 5, 5, 5, 5, 4, 5, 5, 4, 5, 5, 5, 5, 5, 5, 5, 5, 4, 5, 5, 5, 5, 5, 5, 4, 4]"
CONSTANTLY,4.9333,0.2494,30,"[5, 4, 5, 5, 5, 5, 5, 5, 5, 5, 5, 5, 5, 5, 5, 5, 5, 5, 5, 5, 5, 5, 5, 5, 5, 5, 5, 4, 5, 5]"
CONSTITUTES,4.6667,0.5963,30,"[5, 3, 5, 5, 5, 5, 4, 5, 5, 5, 5, 5, 5, 4, 5, 5, 3, 4, 5, 5, 5, 4, 5, 4, 5, 5, 5, 5, 5, 4]"
CONSTRUCTION,4.8667,0.3399,30,"[5, 4, 5, 5, 5, 5, 5, 5, 5, 4, 5, 5, 5, 5, 5, 5, 5, 5, 4, 5, 5, 5, 5, 5, 5, 5, 5, 4, 5, 5]"
CONSUMPTION,4.7241,0.5811,29,"[4, 5, 5, 3, 5, 4, 5, 5, 5, 5, 5, 5, 5, 4, 5, 5, 5, 5, 5, 5, 5, 3, 5, 5, 5, 5, 5, 5, 4]"
CONTRABAND,4.6,0.5538,30,"[5, 4, 5, 4, 5, 5, 5, 5, 3, 4, 5, 5, 5, 4, 4, 5, 4, 5, 4, 5, 5, 4, 5, 5, 5, 4, 5, 4, 5, 5]"
CONTRACEPTIVES,4.8276,0.4601,29,"[5, 4, 5, 5, 5, 5, 5, 5, 5, 5, 5, 5, 5, 5, 4, 4, 5, 5, 5, 5, 5, 5, 5, 3, 5, 5, 5, 5, 5]"
CONTRADICTING,4.7667,0.423,30,"[4, 4, 5, 5, 5, 5, 5, 5, 5, 5, 5, 4, 5, 4, 4, 5, 5, 5, 5, 5, 4, 5, 4, 5, 5, 5, 5, 5, 5, 5]"
CONTRITION,3.4667,1.1175,30,"[5, 4, 5, 2, 4, 2, 5, 4, 4, 2, 4, 4, 3, 4, 3, 2, 5, 2, 4, 3, 1, 4, 2, 3, 3, 5, 3, 5, 4, 3]"
CONTRIVED,4.3,0.9,30,"[3, 5, 5, 5, 5, 3, 5, 5, 5, 2, 4, 5, 3, 5, 4, 3, 5, 5, 5, 5, 3, 4, 5, 4, 5, 5, 4, 5, 4, 3]"
CONVICTION,4.9,0.3,30,"[5, 4, 5, 5, 5, 5, 5, 5, 4, 5, 5, 5, 5, 5, 4, 5, 5, 5, 5, 5, 5, 5, 5, 5, 5, 5, 5, 5, 5, 5]"
COOING,4.1333,0.9911,30,"[5, 4, 1, 3, 5, 5, 5, 5, 2, 4, 5, 5, 5, 3, 4, 4, 4, 5, 4, 5, 5, 4, 4, 4, 3, 4, 4, 5, 5, 3]"
COOLING,5.0,0.0,30,"[5, 5, 5, 5, 5, 5, 5, 5, 5, 5, 5, 5, 5, 5, 5, 5, 5, 5, 5, 5, 5, 5, 5, 5, 5, 5, 5, 5, 5, 5]"
COORDINATE,4.8276,0.4601,29,"[5, 5, 5, 5, 5, 5, 5, 5, 5, 4, 5, 5, 5, 5, 5, 5, 5, 3, 5, 4, 5, 5, 5, 4, 5, 5, 5, 5, 5]"
COPE,4.8276,0.4601,29,"[5, 4, 5, 5, 5, 5, 5, 5, 5, 5, 5, 5, 5, 5, 4, 5, 5, 5, 5, 5, 5, 4, 5, 3, 5, 5, 5, 5, 5]"
COPPER,4.7931,0.4828,29,"[5, 5, 5, 5, 5, 5, 5, 4, 5, 5, 5, 5, 4, 5, 5, 5, 5, 3, 5, 5, 5, 5, 5, 4, 5, 5, 4, 5, 5]"
CORA,1.8621,0.9729,29,"[2, 4, 1, 3, 3, 2, 2, 1, 2, 2, 5, 1, 3, 1, 2, 1, 2, 1, 1, 1, 2, 2, 1, 2, 2, 1, 2, 1, 1]"
CORDILLERA,1.4,0.8794,30,"[2, 1, 1, 1, 1, 1, 1, 2, 1, 1, 3, 3, 1, 5, 1, 1, 1, 1, 1, 1, 2, 1, 1, 1, 1, 1, 1, 1, 2, 1]"
CORDLESS,4.7,0.6904,30,"[5, 5, 5, 5, 5, 5, 5, 5, 5, 5, 4, 5, 4, 5, 5, 2, 5, 5, 5, 3, 5, 4, 5, 5, 5, 5, 5, 5, 4, 5]"
CORK,4.8667,0.4269,30,"[5, 5, 5, 5, 5, 5, 5, 5, 4, 4, 5, 5, 5, 5, 5, 5, 3, 5, 5, 5, 5, 5, 5, 5, 5, 5, 5, 5, 5, 5]"
CORNED,3.1333,1.5217,30,"[3, 3, 5, 1, 5, 5, 2, 2, 3, 2, 1, 3, 5, 4, 5, 1, 5, 2, 2, 2, 2, 2, 3, 4, 5, 1, 5, 5, 5, 1]"
CORONATION,4.0,1.2649,30,"[3, 3, 5, 5, 2, 3, 4, 4, 5, 5, 4, 5, 1, 3, 4, 5, 1, 2, 5, 5, 5, 5, 5, 3, 5, 5, 5, 3, 5, 5]"
CORPORATE,4.8966,0.3045,29,"[5, 4, 5, 5, 5, 5, 5, 5, 4, 5, 5, 5, 5, 5, 4, 5, 5, 5, 5, 5, 5, 5, 5, 5, 5, 5, 5, 5, 5]"
CORRECTLY,4.8667,0.3399,30,"[5, 5, 5, 5, 5, 5, 5, 5, 5, 5, 5, 5, 5, 4, 4, 5, 5, 5, 5, 5, 4, 5, 4, 5, 5, 5, 5, 5, 5, 5]"
COSMIC,4.6333,0.6574,30,"[5, 5, 5, 5, 5, 4, 5, 5, 5, 3, 3, 5, 5, 5, 5, 5, 4, 5, 4, 5, 4, 5, 5, 5, 4, 5, 3, 5, 5, 5]"
COSMOPOLITAN,4.5,0.7188,30,"[5, 4, 3, 4, 5, 5, 5, 5, 5, 5, 5, 5, 5, 5, 5, 4, 4, 5, 3, 5, 5, 3, 3, 5, 4, 5, 4, 4, 5, 5]"
COSTA,2.7143,1.6225,28,"[5, 5, 1, 1, 1, 3, 2, 1, 3, 4, 4, 1, 5, 1, 3, 3, 3, 1, 5, 2, 5, 1, 5, 5, 1, 3, 1, 1]"
COUNTERFEIT,4.9286,0.2575,28,"[5, 5, 5, 5, 5, 5, 5, 5, 5, 5, 5, 5, 5, 4, 5, 5, 5, 5, 5, 5, 5, 5, 4, 5, 5, 5, 5, 5]"
COUNTLESS,4.6897,0.532,29,"[4, 5, 5, 5, 5, 5, 5, 5, 5, 3, 4, 5, 4, 5, 5, 4, 5, 5, 5, 5, 4, 5, 5, 5, 5, 5, 5, 4, 4]"
COUNTY,4.8929,0.3093,28,"[5, 4, 5, 5, 5, 5, 5, 5, 4, 5, 5, 5, 5, 5, 4, 5, 5, 5, 5, 5, 5, 5, 5, 5, 5, 5, 5, 5]"
COURTSIDE,4.7667,0.4955,30,"[5, 3, 5, 5, 4, 5, 5, 5, 4, 5, 5, 5, 4, 5, 5, 5, 5, 4, 5, 5, 5, 4, 5, 5, 5, 5, 5, 5, 5, 5]"
COWARD,4.7333,0.5121,30,"[5, 5, 5, 5, 5, 5, 5, 5, 5, 4, 4, 5, 4, 5, 5, 3, 5, 5, 5, 5, 5, 4, 5, 5, 5, 5, 5, 5, 4, 4]"
COWBELL,4.5333,0.67,30,"[5, 5, 5, 5, 4, 4, 4, 5, 5, 4, 3, 5, 5, 5, 4, 3, 5, 5, 5, 5, 5, 4, 5, 5, 5, 5, 3, 5, 4, 4]"
CRACKERJACK,4.0667,0.9638,30,"[2, 5, 5, 5, 3, 5, 4, 4, 4, 3, 3, 5, 4, 3, 4, 3, 5, 4, 5, 3, 2, 4, 5, 5, 3, 5, 5, 5, 4, 5]"
CRACKERS,4.9667,0.1795,30,"[5, 5, 5, 5, 5, 5, 5, 5, 5, 5, 5, 5, 5, 5, 5, 5, 5, 5, 4, 5, 5, 5, 5, 5, 5, 5, 5, 5, 5, 5]"
CRAFTY,4.7,0.5859,30,"[5, 5, 5, 5, 5, 5, 5, 5, 5, 4, 5, 5, 3, 5, 5, 3, 5, 5, 5, 4, 5, 4, 5, 5, 5, 5, 5, 5, 4, 4]"
CRAPPY,4.8333,0.4534,30,"[5, 4, 5, 5, 5, 5, 5, 5, 5, 5, 5, 5, 5, 4, 4, 5, 5, 3, 5, 5, 5, 5, 5, 5, 5, 5, 5, 5, 5, 5]"
CRASS,4.2667,0.8919,30,"[5, 5, 5, 5, 5, 3, 5, 4, 4, 2, 4, 4, 3, 5, 5, 3, 5, 3, 5, 4, 5, 3, 5, 5, 4, 5, 5, 5, 4, 3]"
CRATES,4.6333,0.875,30,"[4, 5, 5, 5, 5, 5, 5, 5, 5, 5, 1, 5, 4, 5, 5, 5, 5, 3, 5, 5, 5, 5, 5, 4, 5, 5, 5, 3, 5, 5]"
CRAZIEST,4.8,0.4761,30,"[5, 4, 5, 5, 5, 5, 5, 5, 5, 5, 4, 4, 5, 5, 5, 5, 5, 3, 5, 5, 4, 5, 5, 5, 5, 5, 5, 5, 5, 5]"
CREATIONS,4.8621,0.3448,29,"[4, 5, 5, 4, 5, 4, 5, 5, 5, 5, 5, 5, 5, 5, 5, 5, 5, 5, 5, 5, 5, 5, 5, 5, 5, 5, 5, 5, 4]"
CREDENTIALS,4.8,0.4761,30,"[5, 4, 5, 4, 5, 5, 5, 5, 5, 4, 5, 5, 5, 5, 5, 3, 4, 5, 5, 5, 5, 5, 5, 5, 5, 5, 5, 5, 5, 5]"
CREW,4.5667,0.6675,30,"[5, 5, 5, 5, 5, 5, 5, 5, 5, 4, 4, 5, 4, 5, 5, 3, 5, 5, 5, 3, 5, 4, 5, 5, 5, 5, 4, 3, 4, 4]"
CRIMES,4.9667,0.1795,30,"[5, 5, 5, 5, 5, 5, 5, 5, 5, 5, 5, 5, 5, 5, 4, 5, 5, 5, 5, 5, 5, 5, 5, 5, 5, 5, 5, 5, 5, 5]"
CRONIES,4.2333,1.1455,30,"[5, 5, 1, 4, 5, 4, 3, 5, 5, 3, 1, 5, 5, 4, 5, 5, 4, 5, 3, 5, 3, 5, 5, 5, 3, 5, 4, 5, 5, 5]"
CROOKS,4.8621,0.3448,29,"[5, 5, 5, 5, 5, 5, 5, 4, 5, 5, 5, 4, 5, 4, 5, 5, 5, 5, 5, 5, 4, 5, 5, 5, 5, 5, 5, 5, 5]"
CROSSROAD,4.8966,0.3045,29,"[5, 5, 5, 5, 5, 5, 5, 5, 5, 4, 5, 5, 5, 5, 5, 4, 5, 4, 5, 5, 5, 5, 5, 5, 5, 5, 5, 5, 5]"
CROSSWALK,4.9643,0.1856,28,"[5, 5, 5, 5, 5, 5, 5, 5, 5, 5, 5, 5, 5, 5, 5, 5, 5, 5, 5, 5, 5, 4, 5, 5, 5, 5, 5, 5]"
CRUDE,4.7,0.6403,30,"[5, 5, 5, 4, 5, 5, 5, 5, 2, 5, 5, 5, 5, 4, 5, 5, 4, 5, 4, 5, 5, 4, 5, 5, 5, 5, 4, 5, 5, 5]"
CRUSHING,4.7241,0.5184,29,"[4, 5, 5, 3, 5, 4, 5, 5, 5, 5, 5, 5, 4, 4, 5, 5, 5, 5, 5, 5, 5, 4, 5, 5, 5, 5, 5, 5, 4]"
CRUTCHES,4.8333,0.3727,30,"[5, 4, 5, 5, 5, 5, 5, 5, 5, 5, 5, 4, 5, 5, 5, 5, 5, 4, 5, 5, 4, 5, 4, 5, 5, 5, 5, 5, 5, 5]"
CUBICLES,4.8214,0.383,28,"[5, 5, 5, 5, 5, 5, 5, 4, 5, 5, 4, 5, 4, 5, 5, 4, 5, 5, 5, 4, 5, 5, 5, 5, 5, 5, 5, 5]"
CUBITS,2.5667,1.3828,30,"[2, 4, 1, 2, 2, 1, 2, 1, 5, 3, 3, 3, 1, 1, 3, 5, 1, 2, 5, 5, 2, 4, 5, 2, 1, 3, 2, 1, 3, 2]"
CUCKOO,4.2667,1.0625,30,"[2, 3, 5, 3, 5, 5, 4, 5, 5, 5, 4, 4, 4, 5, 3, 5, 1, 3, 5, 5, 3, 5, 4, 5, 5, 5, 5, 5, 5, 5]"
CUCUMBER,4.9412,0.2525,238,"[5, 5, 5, 5, 5, 5, 5, 5, 5, 5, 5, 5, 5, 5, 5, 5, 5, 5, 5, 5, 5, 5, 5, 5, 5, 5, 5, 5, 5, 5, 5, 5, 5, 5, 5, 5, 5, 5, 5, 4, 5, 5, 5, 5, 5, 4, 5, 5, 5, 5, 5, 4, 5, 5, 5, 5, 5, 5, 4, 5, 5, 5, 5, 5, 5, 5, 5, 5, 5, 5, 5, 5, 5, 5, 4, 5, 5, 5, 5, 5, 5, 5, 5, 5, 5, 5, 5, 5, 5, 5, 5, 5, 5, 5, 5, 5, 5, 5, 5, 5, 5, 5, 5, 5, 5, 3, 5, 5, 5, 5, 5, 5, 5, 5, 5, 5, 5, 5, 5, 5, 5, 5, 5, 5, 5, 5, 5, 5, 5, 5, 5, 5, 4, 5, 5, 5, 5, 5, 5, 5, 4, 5, 5, 5, 5, 5, 5, 5, 5, 5, 5, 5, 5, 5, 5, 5, 4, 5, 5, 5, 5, 5, 5, 5, 5, 5, 5, 5, 5, 5, 5, 5, 5, 5, 5, 5, 5, 5, 5, 4, 5, 5, 5, 5, 5, 5, 5, 5, 5, 4, 5, 5, 5, 5, 5, 5, 5, 5, 5, 5, 5, 5, 5, 5, 5, 5, 5, 5, 5, 5, 5, 5, 5, 5, 5, 5, 5, 5, 5, 5, 5, 5, 5, 5, 5, 5, 4, 5, 5, 5, 5, 5, 4, 5, 5, 5, 5, 5]"
CULTURE,4.9,0.3,30,"[5, 5, 5, 5, 5, 5, 5, 5, 5, 5, 5, 5, 4, 5, 4, 5, 5, 5, 5, 5, 5, 4, 5, 5, 5, 5, 5, 5, 5, 5]"
CUPBOARDS,4.8966,0.3045,29,"[4, 5, 5, 5, 5, 4, 5, 5, 5, 5, 5, 5, 5, 4, 5, 5, 5, 5, 5, 5, 5, 5, 5, 5, 5, 5, 5, 5, 5]"
CUPID,4.8,0.5416,30,"[5, 5, 5, 5, 5, 5, 4, 5, 5, 5, 5, 5, 5, 5, 5, 5, 3, 3, 5, 5, 5, 5, 5, 4, 5, 5, 5, 5, 5, 5]"
CURFEW,4.7667,0.4955,30,"[5, 5, 5, 5, 5, 5, 5, 5, 5, 4, 5, 5, 4, 5, 5, 3, 5, 5, 5, 5, 5, 4, 5, 5, 5, 5, 5, 5, 4, 4]"
CUSTODIAN,4.8667,0.3399,30,"[5, 4, 5, 5, 5, 5, 5, 5, 5, 5, 5, 4, 5, 5, 5, 5, 5, 5, 5, 5, 4, 5, 4, 5, 5, 5, 5, 5, 5, 5]"
CUTDOWN,4.3667,1.1397,30,"[5, 4, 4, 5, 5, 5, 5, 5, 1, 4, 5, 5, 5, 3, 4, 2, 4, 5, 5, 5, 5, 5, 5, 1, 4, 5, 5, 5, 5, 5]"
DAFFODILS,4.5667,0.8825,30,"[4, 5, 3, 4, 5, 5, 5, 5, 5, 5, 5, 4, 5, 4, 5, 5, 1, 5, 5, 5, 5, 5, 4, 5, 5, 3, 5, 5, 5, 5]"
DAFFY,3.9,1.2477,30,"[3, 4, 5, 5, 2, 5, 3, 5, 5, 3, 5, 3, 2, 1, 5, 5, 5, 3, 5, 5, 5, 5, 4, 2, 3, 5, 5, 3, 4, 2]"
DAGGERS,4.5333,0.718,30,"[5, 4, 4, 3, 5, 5, 5, 5, 3, 4, 5, 5, 5, 3, 5, 5, 4, 5, 4, 5, 5, 5, 3, 5, 5, 5, 4, 5, 5, 5]"
DAINTY,4.6667,0.5375,30,"[5, 5, 5, 5, 5, 5, 5, 4, 5, 4, 5, 4, 4, 5, 5, 3, 5, 5, 5, 5, 5, 4, 4, 5, 5, 5, 5, 5, 4, 4]"
DALMATIANS,4.6333,0.7063,30,"[5, 4, 3, 5, 4, 5, 5, 5, 5, 4, 5, 5, 5, 5, 5, 4, 4, 5, 5, 5, 5, 4, 5, 5, 5, 5, 2, 5, 5, 5]"
DAREDEVIL,4.8333,0.3727,30,"[5, 4, 5, 5, 5, 5, 5, 5, 5, 4, 5, 5, 5, 5, 5, 5, 4, 5, 5, 5, 5, 4, 5, 5, 5, 5, 5, 4, 5, 5]"
DASHBOARD,4.9333,0.2494,30,"[5, 5, 5, 5, 5, 5, 5, 5, 4, 4, 5, 5, 5, 5, 5, 5, 5, 5, 5, 5, 5, 5, 5, 5, 5, 5, 5, 5, 5, 5]"
DATE,5.0,0.0,30,"[5, 5, 5, 5, 5, 5, 5, 5, 5, 5, 5, 5, 5, 5, 5, 5, 5, 5, 5, 5, 5, 5, 5, 5, 5, 5, 5, 5, 5, 5]"
DAUNTING,4.6333,0.6046,30,"[5, 5, 5, 5, 5, 5, 5, 5, 5, 3, 5, 4, 4, 5, 4, 3, 5, 5, 5, 5, 5, 4, 5, 5, 5, 5, 4, 5, 4, 4]"
DAYBREAK,4.8621,0.3448,29,"[5, 5, 5, 5, 5, 5, 5, 4, 5, 5, 5, 4, 5, 4, 5, 5, 5, 5, 5, 5, 4, 5, 5, 5, 5, 5, 5, 5, 5]"
DEADBEAT,4.7333,0.5735,30,"[5, 5, 5, 5, 5, 3, 5, 5, 5, 3, 5, 5, 5, 5, 5, 5, 5, 5, 4, 5, 4, 5, 5, 5, 4, 5, 4, 5, 5, 5]"
DEARBORN,3.25,1.4547,28,"[5, 4, 4, 2, 3, 2, 1, 3, 2, 5, 4, 1, 2, 3, 5, 3, 3, 5, 1, 4, 5, 1, 5, 3, 1, 5, 5, 4]"
DEARIE,3.4667,1.1757,30,"[4, 5, 4, 4, 3, 5, 3, 5, 4, 4, 3, 5, 2, 2, 2, 4, 2, 4, 4, 2, 3, 2, 5, 5, 1, 5, 3, 2, 4, 3]"
DEBATING,4.8966,0.3045,29,"[5, 5, 4, 5, 5, 5, 5, 4, 5, 5, 5, 4, 5, 5, 5, 5, 5, 5, 5, 5, 5, 5, 5, 5, 5, 5, 5, 5, 5]"
DEBT,4.9286,0.2575,28,"[4, 5, 5, 5, 5, 5, 5, 5, 5, 5, 5, 5, 4, 5, 5, 5, 5, 5, 5, 5, 5, 5, 5, 5, 5, 5, 5, 5]"
DECKS,4.9655,0.1825,29,"[5, 5, 5, 5, 5, 5, 5, 5, 5, 5, 5, 5, 5, 5, 4, 5, 5, 5, 5, 5, 5, 5, 5, 5, 5, 5, 5, 5, 5]"
DECREED,4.3793,0.8872,29,"[4, 3, 5, 5, 1, 5, 5, 5, 4, 5, 4, 5, 5, 5, 4, 4, 4, 5, 5, 4, 5, 4, 5, 4, 5, 3, 4, 5, 5]"
DEER,4.8966,0.4021,29,"[5, 5, 5, 5, 5, 5, 5, 5, 5, 5, 5, 5, 5, 4, 5, 5, 5, 5, 5, 5, 5, 3, 5, 5, 5, 5, 5, 5, 5]"
DEFACING,4.4667,0.8055,30,"[5, 5, 2, 4, 3, 4, 5, 5, 5, 4, 4, 5, 5, 5, 5, 5, 4, 5, 3, 5, 3, 5, 4, 5, 4, 5, 5, 5, 5, 5]"
DEFENCELESS,4.2333,0.9894,30,"[5, 4, 1, 4, 4, 5, 5, 5, 5, 4, 5, 4, 5, 5, 3, 4, 3, 5, 4, 5, 5, 5, 3, 5, 4, 2, 5, 4, 5, 4]"
DEFLATE,4.6333,0.836,30,"[5, 4, 1, 4, 5, 5, 5, 5, 4, 4, 5, 5, 5, 4, 5, 5, 5, 5, 5, 5, 5, 5, 5, 5, 5, 5, 5, 5, 5, 3]"
DEFRAUDED,4.4,0.8406,30,"[4, 3, 5, 5, 3, 5, 5, 5, 4, 4, 4, 5, 5, 5, 4, 5, 3, 5, 5, 5, 5, 5, 2, 5, 4, 3, 5, 5, 4, 5]"
DELAWARE,4.8667,0.3399,30,"[5, 5, 5, 5, 5, 5, 5, 5, 4, 5, 5, 5, 4, 5, 5, 5, 5, 4, 5, 5, 5, 4, 5, 5, 5, 5, 5, 5, 5, 5]"
DELIGHTFUL,4.8333,0.4534,30,"[5, 5, 5, 4, 5, 5, 5, 5, 4, 5, 5, 5, 3, 5, 4, 5, 5, 5, 5, 5, 5, 5, 5, 5, 5, 5, 5, 5, 5, 5]"
DELINE,1.9,1.044,30,"[2, 3, 5, 2, 2, 1, 1, 2, 2, 1, 1, 3, 1, 2, 1, 1, 1, 5, 2, 3, 2, 2, 1, 1, 1, 2, 2, 1, 2, 2]"
DELINQUENTS,4.7667,0.423,30,"[5, 5, 5, 4, 5, 5, 5, 5, 5, 5, 5, 4, 5, 4, 5, 4, 5, 4, 5, 5, 4, 5, 4, 5, 5, 5, 5, 5, 5, 5]"
DELIRIOUS,4.7586,0.5666,29,"[5, 5, 5, 5, 5, 4, 5, 5, 5, 5, 4, 5, 5, 5, 5, 5, 5, 5, 3, 5, 4, 5, 5, 3, 5, 5, 5, 5, 5]"
DELIVERANCE,4.3103,0.8751,29,"[3, 5, 3, 2, 5, 4, 4, 4, 5, 5, 3, 5, 3, 4, 5, 5, 5, 5, 5, 5, 5, 4, 5, 5, 3, 5, 5, 4, 4]"
DELTA,4.6207,0.715,29,"[4, 5, 5, 4, 4, 5, 5, 5, 5, 5, 4, 5, 4, 2, 5, 5, 5, 5, 5, 5, 5, 5, 5, 3, 4, 5, 5, 5, 5]"
DELUDED,4.5333,0.763,30,"[5, 3, 4, 5, 2, 5, 5, 5, 4, 5, 4, 5, 5, 5, 4, 4, 5, 5, 5, 5, 5, 3, 5, 4, 5, 5, 5, 5, 5, 4]"
DEMEANOR,4.5172,0.9329,29,"[4, 5, 3, 3, 5, 3, 5, 5, 5, 5, 5, 5, 5, 4, 5, 5, 5, 1, 5, 5, 5, 5, 5, 5, 5, 5, 4, 5, 4]"
DEMO,4.8667,0.3399,30,"[5, 5, 5, 5, 5, 4, 5, 5, 5, 5, 5, 5, 5, 5, 5, 5, 5, 5, 4, 5, 4, 5, 5, 5, 4, 5, 5, 5, 5, 5]"
DEMONS,4.7586,0.5666,29,"[5, 5, 4, 5, 5, 5, 5, 4, 5, 5, 5, 3, 5, 5, 5, 5, 5, 5, 5, 5, 4, 5, 5, 5, 5, 3, 5, 5, 5]"
DEMURE,3.8667,1.1757,30,"[5, 4, 5, 5, 3, 4, 2, 5, 5, 5, 3, 3, 1, 2, 5, 5, 5, 3, 3, 5, 5, 4, 4, 2, 3, 5, 4, 3, 3, 5]"
DENIAL,4.8667,0.3399,30,"[5, 5, 5, 5, 5, 5, 5, 5, 5, 5, 4, 5, 5, 5, 5, 5, 5, 5, 4, 5, 4, 5, 5, 5, 4, 5, 5, 5, 5, 5]"
DENNIS,4.1724,1.2613,29,"[4, 3, 3, 5, 5, 5, 5, 4, 1, 1, 5, 5, 5, 5, 4, 1, 4, 5, 4, 4, 5, 5, 5, 5, 3, 5, 5, 5, 5]"
DENVER,4.7667,0.7608,30,"[5, 5, 5, 5, 5, 5, 5, 5, 4, 5, 5, 5, 5, 4, 5, 5, 5, 5, 5, 5, 5, 4, 1, 5, 5, 5, 5, 5, 5, 5]"
DEPARTURES,4.7586,0.5021,29,"[5, 5, 5, 5, 5, 5, 5, 5, 5, 4, 5, 5, 4, 5, 5, 3, 5, 5, 5, 5, 4, 5, 5, 5, 5, 5, 5, 4, 4]"
DEPOT,4.5667,0.6675,30,"[5, 4, 5, 4, 5, 5, 5, 5, 3, 5, 5, 5, 5, 4, 5, 5, 3, 5, 4, 5, 5, 4, 4, 5, 4, 5, 5, 3, 5, 5]"
DERELICT,3.9,1.3254,30,"[5, 4, 2, 4, 5, 3, 5, 5, 3, 4, 5, 5, 5, 2, 5, 1, 3, 5, 2, 4, 5, 4, 5, 2, 1, 5, 5, 3, 5, 5]"
DESCENT,4.7333,0.5121,30,"[5, 4, 5, 3, 5, 5, 5, 5, 5, 4, 5, 5, 5, 5, 4, 5, 4, 5, 5, 5, 5, 5, 5, 5, 4, 5, 4, 5, 5, 5]"
DESCRIBE,4.9,0.3,30,"[5, 5, 5, 5, 5, 5, 5, 5, 5, 5, 5, 5, 5, 5, 5, 5, 5, 5, 4, 5, 4, 5, 5, 5, 4, 5, 5, 5, 5, 5]"
DESERTED,4.7333,0.5121,30,"[5, 4, 5, 5, 5, 5, 3, 5, 5, 5, 5, 4, 5, 5, 4, 5, 5, 4, 5, 5, 4, 5, 4, 5, 5, 5, 5, 5, 5, 5]"
DESIRE,4.9333,0.2494,30,"[5, 5, 5, 5, 5, 5, 5, 5, 5, 5, 5, 5, 4, 5, 5, 5, 5, 5, 5, 5, 5, 4, 5, 5, 5, 5, 5, 5, 5, 5]"
DESPICABLE,4.7333,0.4422,30,"[5, 5, 5, 5, 5, 5, 5, 5, 5, 4, 4, 5, 4, 5, 4, 4, 5, 5, 5, 5, 5, 4, 5, 5, 5, 5, 5, 5, 4, 4]"
DETERIORATION,4.6333,0.836,30,"[5, 5, 5, 5, 5, 3, 5, 5, 5, 5, 5, 5, 5, 5, 5, 5, 2, 3, 5, 5, 5, 5, 5, 3, 5, 5, 5, 3, 5, 5]"
DICTIONARY,4.8621,0.3448,29,"[4, 5, 5, 5, 5, 4, 5, 5, 5, 5, 5, 5, 5, 4, 5, 5, 5, 5, 5, 5, 5, 5, 5, 5, 5, 5, 5, 5, 4]"
DIGGER,4.6207,0.8475,29,"[4, 5, 5, 4, 5, 3, 5, 1, 5, 5, 5, 5, 5, 4, 5, 5, 5, 5, 5, 5, 5, 4, 5, 5, 5, 5, 5, 5, 4]"
DIGIT,4.7931,0.6091,29,"[5, 5, 5, 5, 5, 5, 5, 4, 2, 5, 5, 4, 5, 5, 5, 5, 5, 5, 5, 5, 4, 5, 5, 5, 5, 5, 5, 5, 5]"
DIKE,3.7333,1.1528,30,"[3, 2, 5, 3, 5, 3, 3, 2, 5, 5, 1, 3, 4, 4, 5, 4, 5, 3, 3, 2, 3, 4, 3, 4, 5, 5, 5, 5, 5, 3]"
DIMINISHED,4.7667,0.4955,30,"[5, 4, 5, 5, 5, 5, 5, 5, 5, 5, 5, 4, 5, 4, 5, 5, 5, 3, 5, 5, 4, 5, 4, 5, 5, 5, 5, 5, 5, 5]"
DIRE,4.6897,0.532,29,"[4, 4, 5, 5, 5, 5, 4, 5, 4, 5, 5, 5, 5, 5, 4, 5, 4, 5, 5, 4, 5, 5, 5, 3, 5, 5, 5, 5, 5]"
DISAPPOINT,4.8667,0.3399,30,"[5, 5, 5, 4, 5, 5, 5, 5, 4, 5, 5, 5, 4, 5, 5, 5, 5, 5, 5, 5, 5, 4, 5, 5, 5, 5, 5, 5, 5, 5]"
DISASTER,4.8667,0.4269,30,"[5, 5, 5, 5, 5, 5, 5, 5, 5, 5, 5, 5, 4, 5, 5, 5, 3, 5, 5, 5, 5, 5, 5, 4, 5, 5, 5, 5, 5, 5]"
DISBARRED,3.7586,1.25,29,"[2, 5, 1, 3, 3, 2, 5, 4, 2, 5, 4, 5, 4, 2, 5, 5, 5, 5, 2, 5, 5, 3, 4, 5, 3, 5, 3, 4, 3]"
DISCARD,4.7931,0.4051,29,"[4, 5, 4, 4, 5, 4, 5, 5, 5, 5, 5, 5, 5, 4, 5, 5, 5, 5, 5, 5, 5, 5, 5, 5, 5, 5, 5, 5, 4]"
DISCLOSE,4.8,0.4761,30,"[5, 5, 5, 5, 5, 5, 5, 5, 5, 5, 5, 5, 4, 4, 5, 5, 5, 5, 5, 5, 5, 5, 5, 3, 5, 5, 5, 4, 5, 4]"
DISCO,4.8276,0.4601,29,"[5, 5, 5, 5, 5, 5, 5, 5, 4, 5, 5, 5, 5, 5, 4, 5, 5, 5, 5, 3, 5, 5, 5, 5, 4, 5, 5, 5, 5]"
DISCOURAGE,4.7333,0.5121,30,"[5, 5, 5, 5, 5, 5, 5, 5, 5, 3, 4, 5, 4, 5, 5, 4, 5, 5, 5, 5, 5, 4, 5, 5, 5, 5, 4, 5, 4, 5]"
DISCUSSIONS,4.931,0.2534,29,"[5, 5, 5, 5, 5, 5, 5, 5, 5, 5, 5, 5, 5, 5, 4, 5, 5, 5, 5, 5, 5, 5, 5, 5, 4, 5, 5, 5, 5]"
DISLIKE,4.9655,0.1825,29,"[5, 5, 5, 5, 5, 5, 5, 5, 5, 5, 5, 5, 5, 5, 4, 5, 5, 5, 5, 5, 5, 5, 5, 5, 5, 5, 5, 5, 5]"
DISLOCATED,4.7241,0.5811,29,"[4, 5, 4, 5, 5, 3, 5, 5, 5, 5, 5, 5, 5, 4, 5, 5, 5, 5, 5, 5, 5, 3, 5, 5, 5, 5, 5, 5, 4]"
DISMOUNT,4.7667,0.4955,30,"[5, 5, 5, 4, 5, 5, 5, 5, 4, 5, 5, 5, 3, 5, 4, 5, 5, 4, 5, 5, 5, 4, 5, 5, 5, 5, 5, 5, 5, 5]"
DISORDERLY,4.7931,0.5496,29,"[5, 5, 5, 5, 5, 5, 5, 5, 5, 4, 5, 5, 5, 5, 5, 5, 5, 3, 5, 3, 5, 5, 5, 4, 5, 5, 5, 5, 5]"
DISPENSED,4.8,0.4761,30,"[5, 4, 5, 4, 5, 5, 5, 5, 5, 4, 5, 5, 5, 5, 5, 3, 4, 5, 5, 5, 5, 5, 5, 5, 5, 5, 5, 5, 5, 5]"
DISPLACED,4.8,0.4761,30,"[5, 5, 5, 5, 5, 4, 5, 5, 5, 5, 4, 5, 5, 5, 5, 5, 5, 5, 4, 5, 3, 5, 5, 5, 4, 5, 5, 5, 5, 5]"
DISPLAYS,4.8276,0.3777,29,"[5, 5, 5, 5, 5, 5, 5, 5, 5, 4, 5, 5, 5, 5, 4, 5, 5, 5, 5, 5, 4, 5, 5, 5, 5, 5, 5, 4, 4]"
DISPOSE,4.7667,0.5588,30,"[5, 4, 5, 5, 5, 5, 5, 5, 5, 5, 5, 5, 5, 5, 5, 5, 5, 3, 5, 4, 3, 5, 4, 5, 5, 5, 5, 5, 5, 5]"
DISTILLED,4.7241,0.5811,29,"[5, 3, 4, 3, 5, 5, 5, 5, 4, 5, 5, 5, 5, 5, 4, 4, 5, 5, 5, 5, 5, 5, 5, 5, 5, 5, 5, 5, 5]"
DISTRICT,4.7667,0.4955,30,"[5, 5, 5, 5, 5, 5, 5, 5, 5, 4, 4, 5, 5, 5, 5, 4, 5, 5, 5, 5, 5, 4, 5, 5, 5, 5, 5, 5, 4, 3]"
DITCH,4.8571,0.3499,28,"[5, 5, 5, 4, 5, 4, 5, 5, 5, 5, 5, 5, 5, 4, 5, 5, 5, 5, 5, 5, 5, 4, 5, 5, 5, 5, 5, 5]"
DIVA,4.6,0.7118,30,"[5, 4, 2, 5, 4, 5, 5, 5, 5, 4, 5, 5, 5, 5, 4, 3, 4, 5, 5, 5, 5, 4, 5, 5, 5, 5, 5, 4, 5, 5]"
DODGING,4.8276,0.3777,29,"[5, 4, 5, 5, 5, 5, 5, 5, 5, 5, 5, 5, 5, 5, 4, 4, 5, 5, 5, 5, 5, 5, 5, 4, 4, 5, 5, 5, 5]"
DOGFIGHT,4.7667,0.5588,30,"[5, 5, 5, 5, 5, 4, 5, 5, 5, 4, 5, 5, 5, 5, 5, 5, 5, 5, 3, 5, 4, 5, 5, 5, 3, 5, 5, 5, 5, 5]"
DOLING,2.6333,1.402,30,"[1, 2, 4, 1, 5, 4, 2, 1, 2, 3, 1, 2, 5, 4, 1, 3, 1, 3, 3, 2, 1, 1, 4, 3, 4, 1, 5, 2, 5, 3]"
DOLLIES,4.2,1.1662,30,"[3, 5, 5, 5, 4, 5, 1, 5, 5, 5, 5, 3, 5, 3, 3, 5, 3, 3, 5, 5, 5, 5, 5, 2, 5, 5, 4, 2, 5, 5]"
DONALD,4.2414,1.0717,29,"[1, 5, 5, 5, 4, 5, 5, 4, 5, 3, 5, 3, 4, 5, 3, 5, 5, 5, 5, 2, 4, 5, 5, 3, 5, 5, 5, 4, 3]"
DONATED,4.9333,0.2494,30,"[5, 5, 5, 5, 5, 5, 5, 5, 5, 5, 5, 5, 5, 5, 5, 5, 5, 5, 5, 5, 4, 5, 4, 5, 5, 5, 5, 5, 5, 5]"
DOOB,1.4333,0.8439,30,"[1, 1, 1, 1, 1, 1, 1, 1, 1, 2, 1, 2, 5, 2, 1, 1, 1, 1, 1, 2, 1, 1, 1, 1, 2, 1, 2, 2, 3, 1]"
DOOM,4.6,0.611,30,"[5, 5, 5, 5, 5, 5, 5, 5, 5, 3, 4, 5, 4, 5, 4, 3, 5, 5, 5, 5, 5, 4, 5, 5, 4, 5, 4, 5, 4, 4]"
DOORMAN,4.8621,0.4334,29,"[5, 4, 5, 5, 5, 5, 5, 5, 3, 5, 5, 5, 5, 5, 4, 5, 5, 5, 5, 5, 5, 5, 5, 5, 5, 5, 5, 5, 5]"
DOORSTEP,4.931,0.2534,29,"[5, 5, 5, 5, 5, 5, 5, 5, 4, 4, 5, 5, 5, 5, 5, 5, 5, 5, 5, 5, 5, 5, 5, 5, 5, 5, 5, 5, 5]"
DOPERS,2.7333,1.3646,30,"[4, 2, 2, 1, 4, 3, 5, 1, 2, 3, 4, 5, 5, 2, 4, 1, 1, 4, 4, 5, 1, 3, 1, 1, 2, 2, 3, 2, 2, 3]"
DOUBTS,5.0,0.0,30,"[5, 5, 5, 5, 5, 5, 5, 5, 5, 5, 5, 5, 5, 5, 5, 5, 5, 5, 5, 5, 5, 5, 5, 5, 5, 5, 5, 5, 5, 5]"
DOWAGER,2.5172,1.5227,29,"[1, 3, 1, 2, 5, 2, 2, 3, 2, 3, 1, 5, 1, 1, 3, 5, 2, 1, 1, 3, 1, 1, 5, 1, 5, 5, 1, 4, 3]"
DOWN,4.8667,0.3399,30,"[4, 5, 5, 5, 5, 5, 5, 5, 5, 4, 5, 5, 5, 5, 5, 5, 5, 5, 5, 5, 5, 4, 5, 5, 5, 5, 5, 5, 4, 5]"
DOWNLOAD,4.9,0.3,30,"[5, 5, 5, 5, 5, 5, 5, 5, 5, 5, 5, 5, 4, 5, 5, 5, 5, 5, 5, 5, 5, 4, 5, 5, 5, 5, 5, 5, 4, 5]"
DRAINS,4.7667,0.4955,30,"[5, 3, 5, 5, 5, 5, 5, 5, 5, 5, 5, 4, 5, 4, 5, 5, 5, 5, 4, 5, 4, 5, 4, 5, 5, 5, 5, 5, 5, 5]"
DRAWERS,4.9,0.3,30,"[4, 4, 5, 5, 5, 5, 5, 5, 5, 5, 5, 5, 5, 5, 5, 5, 5, 5, 5, 5, 4, 5, 5, 5, 5, 5, 5, 5, 5, 5]"
DREARY,4.6,0.611,30,"[5, 5, 5, 5, 5, 5, 5, 4, 5, 4, 4, 5, 4, 5, 5, 3, 5, 5, 5, 5, 5, 4, 5, 5, 5, 5, 4, 3, 4, 4]"
DRESDEN,2.8333,1.4162,30,"[1, 3, 5, 1, 2, 3, 3, 3, 5, 1, 2, 3, 2, 3, 1, 3, 5, 5, 2, 2, 2, 2, 5, 1, 2, 5, 1, 5, 4, 3]"
DRIP,4.8,0.4,30,"[5, 5, 5, 5, 4, 5, 5, 5, 5, 4, 5, 5, 5, 5, 5, 4, 5, 5, 5, 5, 5, 4, 5, 5, 5, 5, 5, 5, 4, 4]"
DRUM,4.9,0.3958,30,"[5, 3, 5, 5, 5, 5, 5, 5, 5, 5, 5, 4, 5, 5, 5, 5, 5, 5, 5, 5, 5, 5, 5, 5, 5, 5, 5, 5, 5, 5]"
DUCTS,4.7931,0.6091,29,"[5, 4, 5, 5, 5, 5, 5, 5, 4, 5, 5, 5, 5, 5, 4, 5, 5, 5, 5, 5, 5, 5, 5, 2, 5, 5, 5, 5, 5]"
DUD,4.5862,0.6168,29,"[5, 5, 4, 5, 4, 4, 5, 5, 5, 5, 5, 3, 5, 4, 5, 3, 4, 5, 5, 5, 4, 5, 5, 5, 5, 4, 5, 5, 4]"
DULY,3.8276,1.2613,29,"[5, 4, 1, 4, 5, 2, 5, 5, 5, 4, 5, 5, 5, 2, 1, 3, 4, 3, 5, 5, 4, 3, 3, 2, 3, 5, 4, 5, 4]"
DUMPS,4.6552,0.6579,29,"[4, 5, 3, 3, 5, 5, 5, 5, 5, 5, 5, 5, 5, 4, 5, 5, 5, 5, 5, 5, 5, 4, 5, 5, 5, 5, 5, 4, 3]"
DUNGEON,4.5517,0.7233,29,"[5, 5, 5, 5, 5, 5, 5, 4, 5, 3, 3, 5, 4, 5, 5, 3, 5, 5, 5, 5, 4, 5, 5, 5, 5, 3, 5, 4, 4]"
DUNNO,4.2,1.1075,30,"[5, 5, 5, 3, 5, 3, 5, 4, 5, 3, 2, 5, 5, 3, 5, 5, 3, 5, 4, 4, 3, 5, 1, 5, 3, 5, 5, 5, 5, 5]"
DUPLICATE,4.8966,0.3045,29,"[5, 5, 5, 5, 5, 5, 5, 4, 5, 5, 5, 4, 5, 5, 5, 5, 5, 5, 5, 5, 4, 5, 5, 5, 5, 5, 5, 5, 5]"
DURATION,4.9,0.3,30,"[5, 5, 5, 5, 5, 5, 5, 5, 5, 5, 5, 5, 4, 4, 5, 5, 5, 5, 5, 5, 5, 5, 5, 4, 5, 5, 5, 5, 5, 5]"
DUST,5.0,0.0,30,"[5, 5, 5, 5, 5, 5, 5, 5, 5, 5, 5, 5, 5, 5, 5, 5, 5, 5, 5, 5, 5, 5, 5, 5, 5, 5, 5, 5, 5, 5]"
DUSTY,4.9333,0.2494,30,"[5, 5, 4, 5, 5, 5, 5, 5, 5, 5, 5, 5, 5, 5, 5, 5, 4, 5, 5, 5, 5, 5, 5, 5, 5, 5, 5, 5, 5, 5]"
DUTIES,4.7931,0.4828,29,"[5, 5, 5, 5, 5, 5, 5, 5, 5, 5, 5, 5, 4, 5, 5, 4, 5, 5, 5, 3, 5, 4, 5, 5, 5, 5, 5, 4, 5]"
DWELL,4.6,0.5538,30,"[4, 4, 5, 5, 5, 5, 5, 5, 5, 5, 4, 4, 5, 4, 4, 4, 4, 5, 5, 4, 4, 5, 3, 5, 5, 5, 5, 5, 5, 5]"
DWIGHT,3.6071,1.6111,28,"[5, 5, 4, 3, 1, 5, 1, 5, 3, 5, 5, 5, 4, 3, 5, 5, 1, 5, 5, 5, 1, 5, 5, 3, 1, 2, 1, 3]"
DYSCALCULIA,1.4958,1.0395,236,"[1, 1, 5, 1, 1, 1, 1, 2, 1, 3, 1, 3, 1, 2, 1, 1, 1, 1, 1, 1, 1, 1, 1, 1, 1, 2, 3, 5, 1, 1, 1, 1, 1, 1, 1, 1, 1, 1, 1, 1, 1, 1, 3, 1, 3, 1, 1, 2, 4, 2, 2, 4, 1, 1, 1, 1, 5, 1, 1, 1, 1, 1, 1, 1, 1, 2, 1, 1, 1, 1, 1, 1, 3, 2, 1, 2, 4, 1, 1, 1, 1, 1, 1, 2, 1, 1, 1, 1, 2, 2, 1, 2, 1, 3, 1, 5, 1, 5, 2, 1, 1, 1, 1, 1, 4, 2, 1, 1, 1, 1, 1, 1, 1, 1, 1, 1, 1, 3, 1, 1, 1, 1, 2, 1, 1, 1, 2, 5, 1, 1, 1, 1, 3, 1, 2, 1, 1, 1, 1, 1, 1, 1, 5, 3, 1, 1, 1, 1, 1, 5, 1, 1, 1, 2, 1, 1, 2, 2, 1, 1, 1, 2, 2, 1, 1, 1, 1, 1, 1, 1, 1, 1, 3, 1, 1, 1, 2, 1, 4, 1, 2, 2, 1, 1, 2, 2, 1, 1, 1, 2, 1, 1, 5, 1, 1, 1, 1, 1, 1, 1, 1, 1, 1, 2, 5, 1, 1, 5, 1, 1, 1, 1, 1, 1, 1, 1, 1, 1, 1, 1, 1, 1, 1, 1, 2, 1, 1, 5, 1, 1, 1, 1, 1, 1, 2, 1]"
EARRING,4.931,0.2534,29,"[5, 5, 5, 5, 5, 5, 5, 4, 5, 5, 5, 5, 5, 5, 5, 5, 5, 5, 5, 5, 4, 5, 5, 5, 5, 5, 5, 5, 5]"
EARTH,4.931,0.2534,29,"[5, 5, 5, 5, 5, 5, 5, 5, 5, 5, 5, 5, 5, 4, 5, 5, 5, 5, 5, 5, 5, 5, 5, 5, 5, 5, 5, 5, 4]"
ECLECTIC,4.4667,1.0873,30,"[5, 5, 5, 1, 5, 4, 5, 5, 5, 5, 4, 5, 5, 5, 5, 5, 5, 5, 5, 5, 3, 5, 3, 1, 4, 5, 4, 5, 5, 5]"
ECONOMY,4.9,0.3,30,"[5, 5, 5, 5, 5, 5, 5, 5, 5, 5, 5, 5, 5, 4, 4, 4, 5, 5, 5, 5, 5, 5, 5, 5, 5, 5, 5, 5, 5, 5]"
ECOSYSTEM,4.7241,0.5184,29,"[5, 4, 4, 5, 5, 5, 5, 5, 4, 5, 5, 5, 3, 5, 5, 4, 5, 5, 5, 5, 5, 5, 5, 4, 5, 5, 4, 5, 5]"
EDEN,4.2,1.1075,30,"[5, 4, 1, 3, 5, 4, 5, 5, 5, 4, 5, 5, 5, 1, 4, 3, 5, 5, 4, 5, 5, 3, 3, 4, 5, 5, 4, 4, 5, 5]"
EDINBURGH,3.5333,1.3597,30,"[3, 4, 5, 5, 1, 2, 2, 4, 5, 4, 4, 2, 1, 4, 3, 5, 1, 3, 5, 5, 5, 3, 5, 2, 3, 5, 4, 2, 5, 4]"
EDUCATE,4.9655,0.1825,29,"[5, 5, 5, 5, 5, 5, 5, 5, 5, 5, 5, 5, 5, 5, 4, 5, 5, 5, 5, 5, 5, 5, 5, 5, 5, 5, 5, 5, 5]"
EGG,4.8966,0.3045,29,"[5, 5, 5, 4, 5, 5, 5, 5, 5, 5, 5, 5, 4, 5, 5, 5, 5, 5, 5, 5, 5, 4, 5, 5, 5, 5, 5, 5, 5]"
EGGNOG,4.9,0.3,30,"[5, 4, 5, 5, 5, 5, 5, 5, 5, 5, 5, 4, 5, 5, 4, 5, 5, 5, 5, 5, 5, 5, 5, 5, 5, 5, 5, 5, 5, 5]"
EIFFEL,4.0345,1.4259,29,"[5, 5, 3, 5, 5, 3, 5, 5, 5, 5, 5, 5, 4, 3, 4, 5, 5, 1, 1, 5, 5, 1, 5, 5, 5, 1, 5, 3, 3]"
EIGHTY,4.9286,0.2575,28,"[5, 5, 5, 5, 4, 5, 5, 5, 5, 5, 5, 5, 5, 5, 4, 5, 5, 5, 5, 5, 5, 5, 5, 5, 5, 5, 5, 5]"
ELBOW,5.0,0.0,30,"[5, 5, 5, 5, 5, 5, 5, 5, 5, 5, 5, 5, 5, 5, 5, 5, 5, 5, 5, 5, 5, 5, 5, 5, 5, 5, 5, 5, 5, 5]"
ELECTROCUTE,4.6333,0.6046,30,"[5, 3, 5, 4, 5, 5, 4, 5, 5, 5, 5, 4, 5, 4, 5, 4, 5, 3, 5, 4, 5, 5, 4, 5, 5, 5, 5, 5, 5, 5]"
ELECTRONICS,4.8667,0.3399,30,"[5, 4, 5, 5, 5, 5, 4, 5, 5, 5, 5, 4, 5, 5, 5, 5, 5, 5, 5, 5, 5, 5, 4, 5, 5, 5, 5, 5, 5, 5]"
ELK,4.7,0.526,30,"[5, 5, 4, 5, 5, 5, 5, 5, 5, 4, 5, 5, 5, 4, 5, 5, 4, 5, 4, 5, 5, 4, 3, 5, 5, 5, 4, 5, 5, 5]"
ELLEN,4.4,0.9522,30,"[5, 4, 5, 5, 4, 5, 4, 4, 5, 5, 5, 3, 3, 4, 5, 5, 4, 3, 5, 5, 5, 5, 5, 3, 5, 5, 5, 1, 5, 5]"
ELVIS,4.6667,0.5963,30,"[5, 5, 5, 5, 4, 5, 5, 4, 5, 3, 5, 5, 4, 5, 5, 3, 5, 5, 5, 5, 5, 4, 5, 5, 4, 5, 5, 5, 4, 5]"
EMBARK,4.8214,0.383,28,"[5, 4, 5, 5, 5, 5, 5, 5, 5, 5, 5, 5, 5, 5, 4, 5, 4, 5, 5, 5, 5, 5, 4, 4, 5, 5, 5, 5]"
EMBARRASS,4.8333,0.7341,30,"[5, 5, 1, 5, 5, 5, 5, 5, 5, 5, 5, 5, 5, 5, 5, 4, 5, 5, 5, 5, 5, 5, 5, 5, 5, 5, 5, 5, 5, 5]"
EMBEZZLER,4.5357,0.6804,28,"[4, 3, 4, 5, 5, 5, 5, 5, 3, 5, 5, 5, 5, 5, 4, 5, 5, 5, 4, 5, 4, 5, 3, 4, 5, 5, 5, 4]"
EMERALD,4.6552,0.7084,29,"[3, 5, 4, 2, 5, 4, 5, 5, 5, 5, 5, 5, 5, 4, 5, 5, 5, 5, 4, 5, 5, 4, 5, 5, 5, 5, 5, 5, 5]"
EMILY,4.4333,1.0858,30,"[5, 4, 1, 5, 4, 5, 5, 5, 5, 4, 5, 5, 5, 1, 5, 3, 5, 5, 5, 5, 5, 3, 5, 4, 5, 5, 4, 5, 5, 5]"
EMMY,4.0333,1.2512,30,"[5, 5, 5, 5, 3, 5, 3, 4, 5, 5, 4, 3, 1, 2, 3, 5, 5, 3, 5, 5, 5, 5, 5, 3, 3, 5, 5, 1, 5, 3]"
EMORY,3.0667,1.4591,30,"[1, 3, 5, 1, 5, 4, 1, 5, 3, 3, 3, 1, 2, 2, 2, 3, 5, 2, 2, 3, 2, 5, 2, 3, 3, 1, 5, 5, 5, 5]"
EMOTION,4.9667,0.1795,30,"[5, 5, 5, 5, 5, 5, 5, 5, 5, 4, 5, 5, 5, 5, 5, 5, 5, 5, 5, 5, 5, 5, 5, 5, 5, 5, 5, 5, 5, 5]"
EMPIRES,4.6897,0.5933,29,"[3, 5, 4, 4, 5, 3, 5, 5, 5, 5, 5, 5, 5, 4, 5, 5, 5, 5, 5, 5, 5, 4, 5, 5, 5, 5, 5, 5, 4]"
EMPOWERING,4.8,0.4761,30,"[5, 5, 5, 5, 5, 4, 5, 5, 5, 5, 4, 5, 5, 5, 5, 5, 5, 5, 3, 5, 4, 5, 5, 5, 4, 5, 5, 5, 5, 5]"
ENABLED,4.8276,0.5913,29,"[4, 5, 5, 5, 5, 5, 5, 5, 5, 5, 5, 5, 5, 4, 2, 5, 5, 5, 5, 5, 5, 5, 5, 5, 5, 5, 5, 5, 5]"
ENCHANTED,4.931,0.2534,29,"[5, 5, 5, 5, 5, 5, 5, 5, 5, 5, 5, 5, 5, 5, 4, 4, 5, 5, 5, 5, 5, 5, 5, 5, 5, 5, 5, 5, 5]"
ENCHILADA,4.7241,0.5184,29,"[5, 5, 5, 5, 4, 5, 5, 5, 4, 5, 5, 5, 5, 3, 4, 4, 5, 5, 5, 4, 5, 5, 5, 5, 4, 5, 5, 5, 5]"
ENCYCLOPEDIA,4.9259,0.2619,27,"[5, 4, 5, 5, 5, 5, 5, 5, 5, 5, 5, 5, 5, 4, 5, 5, 5, 5, 5, 5, 5, 5, 5, 5, 5, 5, 5]"
ENDANGER,4.8333,0.3727,30,"[5, 5, 4, 5, 5, 5, 5, 5, 5, 5, 5, 5, 4, 5, 5, 5, 5, 4, 5, 5, 5, 5, 5, 4, 5, 5, 5, 4, 5, 5]"
ENDURE,4.7333,0.4422,30,"[4, 4, 5, 5, 5, 5, 4, 5, 5, 5, 5, 4, 5, 4, 4, 4, 5, 5, 5, 5, 4, 5, 5, 5, 5, 5, 5, 5, 5, 5]"
ENEMA,4.2069,1.1259,29,"[4, 5, 5, 5, 5, 5, 5, 4, 2, 5, 5, 3, 3, 3, 4, 5, 3, 5, 5, 5, 4, 4, 5, 5, 5, 2, 5, 1, 5]"
ENGLE,2.0,1.3904,30,"[1, 5, 1, 1, 1, 1, 5, 3, 1, 1, 1, 1, 1, 3, 2, 1, 3, 5, 3, 2, 1, 2, 1, 1, 2, 3, 1, 5, 1, 1]"
ENGULF,4.7,0.6904,30,"[5, 5, 5, 5, 5, 5, 5, 5, 4, 5, 4, 5, 3, 5, 4, 5, 2, 5, 5, 5, 5, 4, 5, 5, 5, 5, 5, 5, 5, 5]"
ENJOYS,4.8276,0.4601,29,"[5, 5, 4, 5, 5, 5, 5, 4, 5, 5, 5, 3, 5, 5, 5, 5, 5, 5, 5, 5, 4, 5, 5, 5, 5, 5, 5, 5, 5]"
ENLIGHTENED,4.8333,0.4534,30,"[5, 5, 5, 5, 5, 5, 5, 5, 5, 5, 4, 5, 5, 5, 5, 5, 5, 5, 3, 5, 4, 5, 5, 5, 4, 5, 5, 5, 5, 5]"
ENTERTAINMENT,4.9655,0.1825,29,"[5, 5, 5, 5, 5, 5, 5, 5, 5, 5, 5, 5, 5, 5, 4, 5, 5, 5, 5, 5, 5, 5, 5, 5, 5, 5, 5, 5, 5]"
ENTHUSIASM,4.9333,0.2494,30,"[5, 4, 5, 5, 5, 5, 5, 5, 5, 5, 5, 5, 5, 5, 4, 5, 5, 5, 5, 5, 5, 5, 5, 5, 5, 5, 5, 5, 5, 5]"
ENTITY,4.6552,0.6032,29,"[4, 5, 4, 5, 5, 3, 5, 5, 5, 5, 3, 5, 5, 4, 5, 5, 4, 5, 5, 5, 5, 4, 5, 5, 5, 5, 5, 5, 4]"
ENTRANCE,4.9655,0.1825,29,"[5, 5, 5, 5, 5, 5, 5, 5, 5, 5, 5, 5, 5, 5, 4, 5, 5, 5, 5, 5, 5, 5, 5, 5, 5, 5, 5, 5, 5]"
ENTRY,4.9667,0.1795,30,"[5, 5, 5, 5, 5, 5, 5, 5, 5, 5, 5, 5, 5, 5, 5, 5, 5, 5, 5, 5, 5, 5, 5, 5, 4, 5, 5, 5, 5, 5]"
EONS,4.0333,1.0796,30,"[5, 4, 1, 2, 5, 4, 5, 4, 3, 4, 5, 5, 5, 2, 4, 3, 4, 5, 3, 5, 5, 4, 3, 4, 4, 3, 5, 5, 5, 5]"
EPHRAIM,1.8,0.9798,30,"[1, 2, 2, 1, 1, 3, 1, 1, 2, 2, 3, 1, 1, 2, 1, 3, 1, 1, 1, 1, 1, 1, 3, 1, 4, 2, 4, 1, 3, 3]"
EQUITY,4.5172,1.0042,29,"[2, 5, 3, 1, 5, 3, 5, 5, 5, 5, 5, 5, 5, 4, 5, 5, 5, 5, 5, 5, 5, 4, 5, 5, 5, 5, 5, 5, 4]"
EQUIVALENT,4.7333,0.7717,30,"[5, 4, 5, 5, 5, 5, 5, 5, 5, 5, 5, 4, 5, 5, 1, 5, 5, 5, 5, 5, 4, 5, 4, 5, 5, 5, 5, 5, 5, 5]"
ERRANDS,4.9333,0.2494,30,"[5, 5, 5, 5, 5, 5, 5, 5, 5, 4, 5, 5, 5, 5, 5, 5, 5, 5, 5, 5, 5, 5, 5, 5, 5, 5, 5, 4, 5, 5]"
ERRING,3.4286,1.2936,28,"[3, 5, 1, 5, 5, 2, 5, 2, 3, 3, 5, 4, 5, 3, 5, 2, 3, 2, 1, 3, 3, 5, 3, 4, 5, 4, 2, 3]"
ERRORS,4.8667,0.3399,30,"[5, 5, 5, 4, 5, 5, 5, 5, 4, 5, 5, 5, 4, 5, 5, 5, 5, 5, 5, 5, 5, 4, 5, 5, 5, 5, 5, 5, 5, 5]"
ESCORTS,4.7333,0.6289,30,"[5, 2, 5, 5, 5, 5, 5, 5, 5, 5, 5, 4, 5, 5, 5, 4, 5, 5, 5, 4, 4, 5, 4, 5, 5, 5, 5, 5, 5, 5]"
ESTABLISHING,4.7586,0.5666,29,"[5, 5, 5, 5, 5, 5, 5, 4, 5, 3, 5, 3, 5, 4, 5, 5, 5, 5, 5, 5, 4, 5, 5, 5, 5, 5, 5, 5, 5]"
EURO,4.5333,0.67,30,"[5, 4, 4, 5, 5, 5, 5, 5, 3, 3, 5, 5, 5, 5, 4, 4, 4, 5, 5, 5, 5, 3, 4, 5, 4, 5, 5, 5, 4, 5]"
EVALUATE,4.9667,0.1795,30,"[5, 5, 5, 5, 5, 5, 5, 5, 5, 4, 5, 5, 5, 5, 5, 5, 5, 5, 5, 5, 5, 5, 5, 5, 5, 5, 5, 5, 5, 5]"
EVENT,4.9667,0.1795,30,"[5, 5, 5, 5, 5, 5, 5, 5, 4, 5, 5, 5, 5, 5, 5, 5, 5, 5, 5, 5, 5, 5, 5, 5, 5, 5, 5, 5, 5, 5]"
EVERY,4.8,0.7483,30,"[5, 5, 5, 5, 5, 5, 5, 5, 5, 5, 5, 5, 5, 5, 1, 5, 5, 5, 5, 5, 4, 5, 4, 5, 5, 5, 5, 5, 5, 5]"
EVERYDAY,4.931,0.2534,29,"[5, 5, 5, 5, 4, 5, 5, 5, 5, 5, 5, 5, 5, 5, 4, 5, 5, 5, 5, 5, 5, 5, 5, 5, 5, 5, 5, 5, 5]"
EVERYONE,4.9333,0.2494,30,"[5, 5, 5, 5, 5, 5, 5, 5, 5, 4, 5, 5, 5, 5, 5, 5, 5, 5, 5, 5, 4, 5, 5, 5, 5, 5, 5, 5, 5, 5]"
EVILS,4.7,0.526,30,"[4, 5, 5, 5, 5, 5, 5, 5, 5, 3, 4, 5, 4, 5, 5, 5, 5, 5, 5, 5, 5, 4, 5, 5, 5, 5, 4, 5, 4, 4]"
EXACT,4.9,0.3958,30,"[5, 5, 5, 5, 5, 5, 5, 5, 5, 5, 4, 5, 5, 5, 5, 5, 3, 5, 5, 5, 5, 5, 5, 5, 5, 5, 5, 5, 5, 5]"
EXAMINING,4.8621,0.4334,29,"[5, 5, 5, 5, 5, 5, 5, 5, 5, 5, 5, 5, 5, 5, 5, 5, 3, 5, 5, 5, 5, 5, 4, 5, 5, 5, 4, 5, 5]"
EXCLUSION,4.8667,0.3399,30,"[5, 5, 5, 5, 5, 5, 5, 5, 4, 5, 5, 5, 4, 5, 5, 5, 5, 5, 5, 5, 5, 4, 5, 5, 5, 4, 5, 5, 5, 5]"
EXERCISED,4.9333,0.2494,30,"[5, 5, 5, 5, 5, 5, 5, 5, 5, 4, 5, 5, 5, 5, 5, 5, 5, 5, 4, 5, 5, 5, 5, 5, 5, 5, 5, 5, 5, 5]"
EXHALE,5.0,0.0,30,"[5, 5, 5, 5, 5, 5, 5, 5, 5, 5, 5, 5, 5, 5, 5, 5, 5, 5, 5, 5, 5, 5, 5, 5, 5, 5, 5, 5, 5, 5]"
EXORCISM,4.7,0.7371,30,"[5, 2, 5, 5, 5, 5, 5, 5, 5, 5, 5, 3, 5, 4, 5, 5, 5, 3, 5, 4, 5, 5, 5, 5, 5, 5, 5, 5, 5, 5]"
EXPLICIT,4.7333,0.4422,30,"[5, 5, 5, 5, 5, 5, 5, 5, 5, 4, 4, 5, 4, 5, 5, 4, 5, 5, 5, 5, 5, 4, 5, 5, 5, 5, 4, 5, 4, 4]"
EXPORT,4.8667,0.3399,30,"[5, 5, 5, 5, 5, 5, 5, 5, 5, 4, 4, 5, 5, 5, 5, 5, 5, 5, 4, 5, 4, 5, 5, 5, 5, 5, 5, 5, 5, 5]"
EXPOSING,4.7667,0.6155,30,"[5, 5, 5, 5, 5, 5, 5, 5, 5, 2, 5, 5, 4, 5, 5, 4, 5, 5, 5, 5, 5, 4, 5, 5, 5, 5, 5, 5, 4, 5]"
EXPOSITION,4.3448,0.9201,29,"[3, 5, 4, 2, 4, 4, 5, 3, 5, 5, 4, 5, 5, 4, 4, 5, 5, 5, 3, 5, 5, 4, 5, 2, 5, 5, 5, 5, 5]"
EXPRESSION,4.8621,0.3448,29,"[5, 5, 5, 5, 5, 4, 5, 5, 5, 5, 5, 5, 5, 4, 5, 5, 5, 5, 5, 5, 5, 4, 5, 5, 5, 5, 5, 5, 4]"
EXTEND,4.7586,0.5021,29,"[5, 5, 5, 5, 5, 5, 5, 5, 5, 3, 5, 5, 4, 5, 5, 4, 5, 5, 5, 5, 4, 5, 5, 5, 5, 5, 5, 4, 4]"
EXTERIORS,4.8667,0.4269,30,"[5, 5, 5, 5, 5, 5, 5, 5, 4, 5, 5, 5, 3, 5, 5, 5, 5, 5, 5, 5, 5, 4, 5, 5, 5, 5, 5, 5, 5, 5]"
EXTRACTION,4.7333,0.5735,30,"[5, 4, 5, 3, 5, 5, 5, 5, 5, 5, 5, 5, 5, 4, 5, 3, 4, 5, 4, 5, 5, 5, 5, 5, 5, 5, 5, 5, 5, 5]"
EXTREMELY,4.7931,0.4828,29,"[5, 5, 4, 5, 5, 5, 5, 4, 5, 5, 5, 3, 5, 4, 5, 5, 5, 5, 5, 5, 4, 5, 5, 5, 5, 5, 5, 5, 5]"
EYEBROWS,4.9333,0.2494,30,"[5, 4, 5, 5, 5, 5, 4, 5, 5, 5, 5, 5, 5, 5, 5, 5, 5, 5, 5, 5, 5, 5, 5, 5, 5, 5, 5, 5, 5, 5]"
EYEGLASSES,4.9655,0.1825,29,"[5, 5, 5, 5, 5, 5, 5, 5, 5, 5, 5, 5, 5, 5, 4, 5, 5, 5, 5, 5, 5, 5, 5, 5, 5, 5, 5, 5, 5]"
EYESORE,4.8,0.4,30,"[5, 4, 5, 4, 5, 5, 5, 5, 5, 4, 5, 5, 5, 4, 5, 5, 4, 5, 5, 5, 5, 4, 5, 5, 5, 5, 5, 5, 5, 5]"
FABULOUS,4.9655,0.1825,29,"[5, 5, 5, 5, 5, 5, 5, 5, 5, 4, 5, 5, 5, 5, 5, 5, 5, 5, 5, 5, 5, 5, 5, 5, 5, 5, 5, 5, 5]"
FAINTEST,4.3667,0.875,30,"[4, 4, 5, 5, 5, 5, 4, 5, 5, 5, 3, 4, 5, 3, 3, 4, 2, 3, 5, 5, 4, 5, 3, 5, 5, 5, 5, 5, 5, 5]"
FAIRY,4.931,0.2534,29,"[5, 4, 5, 5, 5, 5, 5, 5, 5, 5, 5, 5, 5, 5, 4, 5, 5, 5, 5, 5, 5, 5, 5, 5, 5, 5, 5, 5, 5]"
FAKER,4.8,0.5416,30,"[5, 5, 5, 5, 5, 3, 5, 5, 5, 3, 5, 5, 5, 5, 5, 5, 5, 5, 5, 5, 4, 5, 5, 5, 4, 5, 5, 5, 5, 5]"
FALK,1.6667,1.0111,30,"[5, 1, 1, 1, 3, 1, 3, 2, 1, 3, 1, 2, 3, 2, 1, 1, 1, 3, 1, 1, 1, 1, 1, 1, 1, 1, 3, 1, 2, 1]"
FALLOUT,4.6667,0.5963,30,"[5, 5, 4, 4, 5, 4, 5, 5, 5, 5, 4, 5, 5, 5, 5, 5, 4, 5, 3, 5, 4, 5, 5, 5, 3, 5, 5, 5, 5, 5]"
FALLOW,2.7667,1.5206,30,"[5, 2, 5, 1, 5, 2, 1, 1, 2, 5, 2, 3, 3, 2, 1, 4, 1, 2, 1, 2, 1, 2, 3, 5, 5, 2, 5, 3, 5, 2]"
FALSE,5.0,0.0,30,"[5, 5, 5, 5, 5, 5, 5, 5, 5, 5, 5, 5, 5, 5, 5, 5, 5, 5, 5, 5, 5, 5, 5, 5, 5, 5, 5, 5, 5, 5]"
FANFARE,4.5667,0.8439,30,"[5, 5, 5, 5, 5, 4, 5, 5, 5, 5, 3, 5, 5, 5, 5, 5, 5, 5, 2, 5, 4, 5, 3, 5, 3, 5, 3, 5, 5, 5]"
FANS,5.0,0.0,30,"[5, 5, 5, 5, 5, 5, 5, 5, 5, 5, 5, 5, 5, 5, 5, 5, 5, 5, 5, 5, 5, 5, 5, 5, 5, 5, 5, 5, 5, 5]"
FARMING,4.9333,0.2494,30,"[5, 5, 5, 5, 5, 5, 5, 5, 5, 4, 5, 5, 5, 5, 5, 4, 5, 5, 5, 5, 5, 5, 5, 5, 5, 5, 5, 5, 5, 5]"
FATE,4.9,0.3,30,"[5, 5, 5, 5, 5, 5, 5, 5, 5, 5, 5, 5, 5, 4, 5, 5, 5, 5, 5, 5, 4, 5, 4, 5, 5, 5, 5, 5, 5, 5]"
FATS,4.7931,0.5496,29,"[4, 5, 5, 3, 5, 5, 5, 5, 5, 5, 5, 5, 5, 3, 5, 5, 5, 5, 5, 5, 5, 4, 5, 5, 5, 5, 5, 5, 5]"
FATSO,4.1,1.1648,30,"[4, 2, 5, 5, 5, 5, 4, 5, 5, 2, 1, 5, 5, 4, 3, 5, 5, 3, 3, 3, 3, 5, 3, 5, 5, 5, 5, 5, 5, 3]"
FATTY,4.8621,0.4334,29,"[5, 4, 5, 3, 5, 5, 5, 5, 5, 5, 5, 5, 5, 5, 4, 5, 5, 5, 5, 5, 5, 5, 5, 5, 5, 5, 5, 5, 5]"
FAULTY,4.6552,0.6032,29,"[4, 5, 4, 3, 5, 4, 5, 5, 5, 5, 5, 5, 3, 4, 5, 5, 5, 5, 5, 5, 5, 4, 5, 5, 5, 5, 5, 5, 4]"
FEBRUARY,4.9333,0.359,30,"[5, 5, 5, 5, 5, 5, 5, 5, 5, 5, 5, 5, 5, 5, 5, 5, 5, 3, 5, 5, 5, 5, 5, 5, 5, 5, 5, 5, 5, 5]"
FEDS,4.2667,0.9638,30,"[4, 3, 3, 5, 4, 3, 5, 5, 4, 5, 5, 5, 3, 4, 3, 4, 5, 5, 5, 5, 4, 4, 5, 5, 5, 5, 4, 5, 5, 1]"
FEISTY,4.8966,0.3045,29,"[5, 5, 5, 5, 5, 5, 5, 5, 5, 5, 5, 5, 5, 5, 4, 5, 5, 5, 5, 5, 5, 5, 5, 4, 4, 5, 5, 5, 5]"
FELICITY,3.6667,1.325,30,"[2, 5, 1, 1, 5, 2, 4, 5, 3, 4, 2, 3, 5, 4, 3, 5, 5, 5, 3, 5, 2, 4, 5, 5, 2, 4, 5, 3, 3, 5]"
FEMINIST,4.8333,0.3727,30,"[5, 5, 5, 5, 5, 5, 5, 5, 5, 5, 4, 5, 4, 5, 5, 5, 5, 5, 5, 5, 5, 4, 5, 5, 5, 5, 5, 5, 4, 4]"
FEND,4.5862,0.72,29,"[4, 5, 4, 5, 4, 5, 5, 4, 5, 5, 5, 3, 5, 5, 5, 2, 4, 4, 5, 5, 4, 5, 5, 5, 5, 5, 5, 5, 5]"
FENDERS,4.4138,1.0991,29,"[2, 5, 5, 5, 5, 5, 5, 5, 5, 5, 3, 5, 3, 5, 4, 5, 4, 5, 5, 1, 2, 4, 5, 5, 5, 5, 5, 5, 5]"
FERRIS,3.4667,1.2579,30,"[5, 2, 1, 1, 5, 3, 5, 5, 4, 3, 4, 5, 4, 2, 4, 3, 2, 4, 5, 4, 4, 4, 2, 2, 3, 3, 5, 3, 2, 5]"
FEZ,3.0333,1.8526,30,"[5, 1, 1, 1, 1, 1, 1, 5, 5, 4, 1, 5, 5, 5, 5, 5, 2, 5, 2, 1, 1, 5, 1, 5, 3, 5, 1, 1, 3, 5]"
FIFTEEN,5.0,0.0,29,"[5, 5, 5, 5, 5, 5, 5, 5, 5, 5, 5, 5, 5, 5, 5, 5, 5, 5, 5, 5, 5, 5, 5, 5, 5, 5, 5, 5, 5]"
FILTHY,4.8966,0.3045,29,"[5, 5, 5, 5, 5, 4, 5, 5, 5, 5, 5, 5, 5, 4, 5, 5, 5, 5, 5, 5, 5, 4, 5, 5, 5, 5, 5, 5, 5]"
FIN,4.7333,0.8138,30,"[5, 1, 5, 5, 5, 5, 5, 5, 5, 5, 5, 5, 5, 5, 5, 5, 5, 5, 4, 5, 4, 5, 5, 5, 5, 5, 5, 3, 5, 5]"
FINN,3.0,1.6189,29,"[5, 1, 2, 2, 1, 4, 5, 3, 1, 1, 2, 5, 5, 4, 3, 1, 4, 3, 5, 5, 3, 5, 5, 1, 2, 2, 1, 5, 1]"
FIREHOUSE,4.8276,0.4601,29,"[4, 5, 5, 5, 5, 5, 5, 5, 5, 5, 4, 5, 5, 5, 5, 5, 3, 5, 5, 5, 5, 4, 5, 5, 5, 5, 5, 5, 5]"
FIREWORK,4.8,0.4761,30,"[5, 5, 5, 5, 5, 5, 5, 5, 5, 4, 5, 5, 4, 5, 5, 3, 5, 5, 5, 5, 5, 4, 5, 5, 5, 5, 5, 5, 4, 5]"
FISHY,4.8667,0.4269,30,"[5, 5, 5, 5, 4, 5, 5, 5, 5, 5, 5, 5, 5, 5, 5, 5, 5, 5, 5, 5, 5, 5, 5, 4, 5, 5, 5, 3, 5, 5]"
FISTS,4.9667,0.1795,30,"[5, 5, 5, 5, 5, 5, 5, 5, 5, 5, 5, 5, 5, 5, 5, 5, 5, 5, 5, 5, 5, 4, 5, 5, 5, 5, 5, 5, 5, 5]"
FIT,4.8333,0.3727,30,"[5, 5, 5, 5, 5, 5, 5, 5, 5, 4, 5, 5, 4, 5, 5, 5, 5, 5, 5, 5, 5, 4, 5, 5, 5, 5, 5, 5, 4, 4]"
FITCH,2.6552,1.5817,29,"[2, 2, 2, 5, 1, 3, 5, 3, 1, 1, 1, 4, 1, 3, 2, 1, 5, 5, 1, 5, 3, 1, 1, 4, 4, 5, 4, 1, 1]"
FLAMINGOS,4.8667,0.3399,30,"[5, 5, 5, 5, 5, 5, 5, 5, 4, 5, 5, 5, 5, 4, 4, 5, 5, 5, 5, 5, 5, 5, 5, 5, 4, 5, 5, 5, 5, 5]"
FLANKING,4.2069,0.9958,29,"[5, 5, 4, 5, 5, 5, 5, 4, 4, 3, 5, 4, 1, 3, 3, 2, 5, 5, 5, 4, 4, 5, 5, 5, 4, 4, 4, 5, 4]"
FLASHBACK,4.8333,0.4534,30,"[5, 5, 5, 5, 5, 5, 5, 5, 5, 5, 5, 5, 5, 5, 5, 5, 5, 5, 3, 5, 4, 5, 5, 5, 4, 5, 4, 5, 5, 5]"
FLATTEN,4.8621,0.3448,29,"[5, 5, 5, 5, 5, 5, 5, 4, 4, 5, 5, 5, 4, 5, 5, 5, 5, 4, 5, 5, 5, 5, 5, 5, 5, 5, 5, 5, 5]"
FLATTER,4.9333,0.2494,30,"[5, 5, 5, 5, 5, 5, 5, 5, 4, 5, 5, 5, 5, 5, 5, 5, 5, 5, 4, 5, 5, 5, 5, 5, 5, 5, 5, 5, 5, 5]"
FLAUTIST,3.0,1.6125,30,"[5, 5, 1, 1, 4, 2, 2, 5, 1, 3, 1, 5, 5, 4, 2, 5, 3, 5, 2, 1, 1, 2, 1, 2, 2, 5, 2, 5, 5, 3]"
FLAVORS,4.9655,0.1825,29,"[5, 5, 5, 5, 5, 5, 5, 5, 5, 5, 5, 5, 5, 5, 4, 5, 5, 5, 5, 5, 5, 5, 5, 5, 5, 5, 5, 5, 5]"
FLAWLESS,4.8276,0.4601,29,"[5, 5, 4, 5, 5, 5, 5, 4, 5, 5, 5, 3, 5, 5, 5, 5, 5, 5, 5, 5, 4, 5, 5, 5, 5, 5, 5, 5, 5]"
FLEAS,4.75,0.8292,28,"[5, 1, 5, 5, 5, 5, 5, 5, 5, 4, 5, 5, 5, 5, 5, 5, 5, 5, 5, 5, 5, 5, 5, 5, 5, 3, 5, 5]"
FLIERS,4.5,0.7638,30,"[3, 5, 5, 5, 5, 5, 5, 5, 5, 3, 5, 5, 4, 5, 3, 3, 5, 5, 5, 5, 5, 4, 5, 5, 4, 5, 4, 5, 4, 3]"
FLOORBOARD,4.9286,0.2575,28,"[5, 4, 5, 5, 5, 5, 5, 5, 5, 5, 5, 5, 5, 5, 4, 5, 5, 5, 5, 5, 5, 5, 5, 5, 5, 5, 5, 5]"
FLOPPY,4.7333,0.7272,30,"[5, 3, 5, 5, 5, 5, 2, 5, 5, 5, 5, 5, 5, 5, 5, 5, 5, 5, 5, 5, 4, 5, 3, 5, 5, 5, 5, 5, 5, 5]"
FLORINS,2.1,1.2477,30,"[2, 2, 5, 3, 1, 3, 2, 1, 2, 2, 1, 1, 5, 2, 1, 3, 1, 1, 1, 1, 1, 2, 2, 3, 1, 2, 4, 2, 5, 1]"
FLU,4.9667,0.1795,30,"[5, 5, 5, 5, 5, 5, 5, 5, 5, 5, 5, 5, 5, 5, 5, 5, 5, 5, 5, 5, 5, 5, 5, 4, 5, 5, 5, 5, 5, 5]"
FLUCTUATIONS,4.3333,1.1055,30,"[5, 5, 5, 5, 4, 2, 5, 5, 5, 5, 2, 5, 4, 4, 5, 5, 1, 3, 5, 5, 5, 5, 5, 3, 5, 5, 5, 3, 4, 5]"
FLUENTLY,4.9333,0.2494,30,"[5, 5, 5, 5, 5, 5, 5, 5, 5, 5, 5, 4, 5, 5, 5, 5, 5, 5, 5, 5, 5, 5, 4, 5, 5, 5, 5, 5, 5, 5]"
FLUNG,4.4667,0.763,30,"[3, 2, 4, 4, 5, 5, 4, 5, 5, 5, 3, 4, 5, 4, 4, 5, 5, 4, 5, 5, 4, 5, 4, 5, 5, 5, 5, 5, 5, 5]"
FOCUS,4.9,0.3958,30,"[5, 5, 5, 5, 5, 5, 5, 5, 4, 5, 5, 5, 3, 5, 5, 5, 5, 5, 5, 5, 5, 5, 5, 5, 5, 5, 5, 5, 5, 5]"
FOGGY,4.9667,0.1795,30,"[5, 5, 5, 5, 5, 5, 5, 5, 5, 5, 5, 5, 5, 5, 5, 5, 5, 5, 5, 5, 5, 5, 5, 4, 5, 5, 5, 5, 5, 5]"
FOLDER,4.931,0.2534,29,"[5, 5, 5, 5, 5, 5, 5, 4, 5, 5, 5, 5, 5, 5, 5, 5, 5, 5, 5, 5, 4, 5, 5, 5, 5, 5, 5, 5, 5]"
FONT,4.9,0.3,30,"[5, 5, 5, 5, 5, 5, 5, 5, 5, 5, 5, 5, 5, 5, 5, 5, 4, 5, 5, 5, 4, 5, 5, 5, 4, 5, 5, 5, 5, 5]"
FOOTHILLS,4.6667,0.5963,30,"[5, 5, 5, 3, 5, 4, 5, 5, 5, 4, 4, 5, 5, 5, 5, 5, 4, 5, 4, 5, 3, 5, 5, 5, 4, 5, 5, 5, 5, 5]"
FORCED,4.7,0.526,30,"[5, 5, 5, 5, 5, 5, 5, 5, 5, 3, 5, 5, 4, 5, 5, 4, 5, 5, 5, 4, 5, 4, 5, 5, 5, 5, 4, 5, 4, 4]"
FORD,4.7241,0.7833,29,"[5, 4, 5, 5, 5, 5, 5, 5, 4, 5, 5, 5, 5, 5, 5, 5, 5, 5, 5, 5, 4, 1, 4, 5, 5, 5, 5, 5, 5]"
FORE,3.5333,1.1757,30,"[4, 4, 5, 5, 3, 4, 5, 3, 5, 3, 1, 5, 2, 3, 4, 2, 1, 5, 4, 3, 3, 2, 4, 3, 3, 5, 3, 5, 4, 3]"
FOREBODING,4.3667,0.875,30,"[5, 3, 4, 5, 3, 5, 5, 5, 4, 5, 2, 4, 5, 5, 4, 4, 5, 5, 5, 5, 5, 5, 5, 2, 4, 5, 4, 4, 5, 4]"
FORECASTLE,2.2,1.4697,30,"[5, 1, 1, 1, 2, 2, 1, 1, 5, 4, 3, 5, 3, 2, 1, 1, 1, 3, 2, 2, 1, 1, 5, 1, 1, 1, 5, 1, 2, 2]"
FORESTS,4.9667,0.1795,30,"[5, 5, 5, 5, 5, 5, 5, 5, 5, 4, 5, 5, 5, 5, 5, 5, 5, 5, 5, 5, 5, 5, 5, 5, 5, 5, 5, 5, 5, 5]"
FORGERY,4.7931,0.6091,29,"[5, 5, 5, 5, 5, 5, 5, 5, 5, 5, 5, 5, 5, 5, 5, 5, 3, 5, 5, 5, 5, 5, 3, 5, 5, 5, 3, 5, 5]"
FORKLIFT,4.9333,0.2494,30,"[5, 5, 5, 5, 5, 5, 5, 5, 4, 5, 5, 5, 5, 5, 5, 5, 5, 5, 5, 5, 5, 4, 5, 5, 5, 5, 5, 5, 5, 5]"
FORMAL,4.8966,0.4021,29,"[5, 5, 5, 5, 5, 5, 5, 5, 5, 5, 5, 5, 5, 5, 5, 5, 3, 5, 5, 5, 5, 5, 5, 4, 5, 5, 5, 5, 5]"
FORTH,4.6552,0.7555,29,"[5, 5, 3, 2, 5, 3, 5, 5, 5, 4, 5, 5, 5, 4, 5, 5, 5, 5, 5, 5, 5, 4, 5, 5, 5, 5, 5, 5, 5]"
FORTHCOMING,4.5667,0.4955,30,"[5, 4, 5, 4, 5, 5, 5, 5, 5, 4, 5, 4, 5, 4, 5, 4, 4, 5, 4, 5, 5, 4, 4, 5, 4, 4, 5, 4, 5, 5]"
FORTUNES,4.8276,0.4601,29,"[5, 5, 4, 5, 5, 5, 5, 4, 5, 5, 5, 3, 5, 4, 5, 5, 5, 5, 5, 5, 5, 5, 5, 5, 5, 5, 5, 5, 5]"
FOUGHT,4.8667,0.3399,30,"[5, 5, 5, 5, 5, 5, 5, 5, 5, 4, 5, 5, 4, 5, 5, 5, 5, 5, 5, 5, 5, 4, 5, 5, 5, 5, 5, 5, 4, 5]"
FOUR,4.9655,0.1825,29,"[5, 5, 5, 5, 5, 5, 5, 5, 5, 5, 5, 5, 5, 5, 4, 5, 5, 5, 5, 5, 5, 5, 5, 5, 5, 5, 5, 5, 5]"
FOURTEEN,4.8621,0.3448,29,"[4, 5, 5, 4, 5, 5, 5, 5, 5, 5, 5, 5, 5, 4, 5, 5, 5, 5, 5, 5, 5, 4, 5, 5, 5, 5, 5, 5, 5]"
FOXHOLE,4.3667,0.7951,30,"[5, 4, 5, 5, 4, 5, 4, 5, 5, 4, 2, 5, 4, 5, 3, 3, 5, 4, 5, 4, 4, 4, 5, 5, 5, 5, 5, 5, 4, 3]"
FRAGRANT,4.8621,0.3448,29,"[5, 5, 5, 4, 5, 4, 5, 5, 5, 5, 5, 5, 5, 4, 5, 5, 5, 5, 5, 5, 5, 5, 5, 5, 5, 5, 5, 5, 4]"
FRAIL,4.6897,0.6488,29,"[4, 5, 4, 4, 5, 4, 5, 5, 5, 5, 5, 5, 5, 2, 5, 5, 5, 5, 5, 5, 5, 4, 5, 5, 5, 5, 5, 5, 4]"
FRANCE,4.8667,0.4269,30,"[5, 5, 5, 5, 4, 5, 5, 5, 5, 5, 5, 5, 5, 5, 5, 5, 5, 5, 5, 5, 5, 5, 5, 4, 5, 5, 5, 3, 5, 5]"
FRANCHISE,4.8571,0.4403,28,"[4, 5, 5, 5, 5, 3, 5, 5, 5, 5, 5, 5, 5, 5, 5, 5, 5, 5, 5, 5, 5, 4, 5, 5, 5, 5, 5, 5]"
FRANCIUM,1.6878,1.1117,237,"[1, 2, 1, 1, 1, 1, 1, 1, 1, 2, 2, 5, 5, 2, 1, 1, 1, 1, 1, 1, 3, 1, 1, 1, 1, 1, 2, 1, 1, 2, 1, 1, 1, 1, 2, 1, 1, 4, 3, 3, 1, 1, 1, 2, 1, 1, 1, 1, 3, 2, 1, 2, 2, 1, 1, 1, 1, 5, 1, 2, 3, 1, 2, 1, 1, 2, 5, 2, 2, 1, 1, 1, 1, 4, 2, 1, 2, 4, 1, 1, 2, 1, 1, 1, 2, 2, 1, 1, 1, 1, 2, 1, 2, 1, 1, 2, 1, 1, 2, 2, 1, 1, 1, 1, 1, 2, 2, 5, 1, 1, 5, 3, 1, 1, 4, 2, 1, 2, 1, 1, 1, 1, 1, 2, 1, 1, 3, 3, 5, 1, 1, 1, 1, 3, 5, 1, 1, 2, 1, 1, 1, 1, 1, 5, 5, 1, 1, 3, 3, 1, 1, 2, 4, 1, 2, 1, 1, 2, 2, 1, 1, 1, 1, 2, 1, 1, 1, 1, 1, 2, 1, 2, 1, 3, 1, 2, 1, 3, 1, 4, 1, 3, 2, 2, 1, 2, 2, 1, 1, 3, 2, 1, 1, 1, 1, 1, 1, 1, 3, 1, 1, 1, 1, 2, 2, 5, 3, 1, 5, 1, 1, 1, 1, 1, 5, 1, 1, 1, 1, 3, 2, 3, 1, 1, 1, 2, 1, 1, 2, 1, 1, 1, 1, 5, 1, 2, 1]"
FREDDO,1.9333,1.2632,30,"[2, 3, 1, 4, 4, 2, 1, 1, 3, 3, 5, 1, 1, 1, 1, 1, 3, 3, 1, 1, 1, 1, 1, 2, 1, 5, 1, 1, 2, 1]"
FRESH,4.9667,0.1795,30,"[5, 5, 5, 5, 5, 5, 5, 5, 5, 5, 5, 5, 5, 5, 5, 5, 5, 5, 5, 5, 4, 5, 5, 5, 5, 5, 5, 5, 5, 5]"
FRESNO,3.6333,1.378,30,"[5, 1, 5, 2, 5, 2, 3, 5, 5, 2, 3, 4, 5, 5, 3, 5, 3, 4, 2, 2, 1, 3, 4, 5, 2, 5, 5, 3, 5, 5]"
FRISBEE,4.903,0.3361,237,"[5, 5, 5, 5, 5, 5, 5, 5, 5, 5, 5, 5, 5, 5, 5, 5, 5, 5, 5, 5, 5, 4, 5, 5, 5, 5, 5, 5, 5, 5, 5, 5, 5, 5, 5, 5, 5, 5, 5, 5, 5, 5, 5, 5, 5, 4, 5, 5, 5, 5, 5, 4, 5, 5, 5, 5, 5, 5, 4, 5, 5, 4, 5, 5, 5, 5, 5, 5, 3, 5, 5, 5, 5, 5, 4, 5, 5, 5, 5, 5, 5, 5, 5, 5, 5, 5, 5, 5, 5, 5, 5, 5, 5, 5, 5, 5, 5, 5, 5, 5, 5, 5, 5, 5, 5, 5, 3, 5, 5, 5, 5, 5, 4, 5, 5, 5, 5, 5, 5, 5, 5, 5, 4, 5, 5, 5, 5, 5, 5, 5, 5, 5, 4, 5, 5, 5, 5, 5, 5, 5, 4, 5, 5, 5, 5, 5, 5, 5, 5, 5, 5, 5, 5, 5, 5, 4, 5, 5, 5, 5, 5, 5, 5, 5, 5, 5, 5, 5, 4, 5, 5, 5, 5, 5, 5, 5, 5, 5, 4, 5, 5, 5, 5, 5, 5, 5, 5, 5, 4, 5, 5, 5, 5, 5, 5, 5, 5, 4, 5, 4, 5, 5, 5, 5, 5, 5, 5, 5, 5, 5, 5, 5, 5, 5, 5, 5, 5, 5, 5, 5, 5, 5, 5, 5, 5, 3, 5, 5, 5, 5, 5, 4, 5, 5, 5, 5, 5]"
FRISK,4.7,0.5859,30,"[5, 5, 5, 5, 5, 4, 5, 5, 5, 4, 4, 5, 5, 5, 5, 5, 4, 5, 4, 5, 3, 5, 5, 5, 3, 5, 5, 5, 5, 5]"
FRITZ,3.5667,1.3585,30,"[5, 5, 5, 5, 3, 2, 5, 5, 5, 2, 2, 3, 1, 3, 3, 1, 3, 5, 5, 4, 4, 4, 5, 3, 4, 2, 1, 5, 4, 3]"
FROLICS,4.5862,0.7664,29,"[5, 5, 4, 5, 5, 4, 5, 4, 5, 3, 5, 2, 5, 3, 5, 5, 5, 4, 5, 5, 4, 5, 5, 5, 5, 5, 5, 5, 5]"
FROWN,4.8621,0.3448,29,"[5, 5, 5, 5, 4, 5, 5, 4, 5, 5, 5, 4, 5, 5, 5, 5, 5, 5, 5, 5, 4, 5, 5, 5, 5, 5, 5, 5, 5]"
FUNERAL,4.931,0.2534,29,"[5, 5, 5, 5, 5, 5, 5, 5, 5, 5, 5, 5, 5, 4, 5, 5, 5, 5, 5, 5, 5, 4, 5, 5, 5, 5, 5, 5, 5]"
FUROSEMIDE,1.5333,1.147,30,"[2, 1, 1, 1, 1, 1, 1, 1, 5, 5, 2, 1, 1, 1, 1, 1, 2, 3, 1, 1, 1, 1, 1, 1, 1, 1, 1, 1, 1, 4]"
FUSS,4.7241,0.5184,29,"[4, 5, 3, 4, 5, 4, 5, 5, 5, 5, 5, 5, 5, 4, 5, 5, 5, 5, 5, 5, 5, 4, 5, 5, 5, 5, 5, 5, 4]"
GABLES,3.3,1.5308,30,"[3, 2, 5, 3, 5, 4, 5, 5, 5, 2, 1, 3, 2, 3, 1, 5, 1, 3, 2, 2, 2, 2, 2, 5, 5, 1, 5, 5, 5, 5]"
GADGET,4.9667,0.1795,30,"[5, 5, 5, 5, 5, 5, 5, 5, 5, 5, 5, 5, 5, 5, 4, 5, 5, 5, 5, 5, 5, 5, 5, 5, 5, 5, 5, 5, 5, 5]"
GAIL,3.5,1.2845,30,"[5, 4, 2, 1, 3, 2, 5, 5, 4, 4, 1, 5, 4, 2, 4, 3, 5, 5, 3, 5, 2, 4, 2, 3, 4, 5, 3, 2, 5, 3]"
GALILEO,4.2,1.0456,30,"[5, 4, 2, 3, 5, 5, 5, 4, 1, 4, 5, 5, 5, 4, 5, 4, 3, 5, 3, 5, 5, 4, 3, 3, 5, 5, 5, 4, 5, 5]"
GALL,3.6897,1.2623,29,"[3, 1, 4, 5, 3, 5, 5, 5, 4, 4, 2, 3, 5, 5, 4, 4, 4, 2, 4, 3, 5, 4, 5, 1, 5, 3, 4, 4, 1]"
GALLERIA,4.1667,0.969,30,"[5, 4, 5, 3, 3, 2, 5, 5, 4, 4, 4, 5, 4, 5, 2, 3, 3, 4, 5, 5, 5, 3, 5, 5, 5, 5, 3, 5, 5, 4]"
GALLERY,4.7931,0.4051,29,"[5, 4, 5, 5, 5, 5, 5, 5, 5, 5, 4, 5, 4, 5, 5, 5, 4, 5, 5, 4, 5, 4, 5, 5, 5, 5, 5, 5, 5]"
GALLOWAY,2.5517,1.3793,29,"[2, 5, 2, 5, 2, 3, 5, 3, 3, 1, 1, 2, 2, 1, 2, 5, 2, 1, 1, 1, 1, 3, 3, 3, 2, 3, 4, 5, 1]"
GANT,2.0,1.0328,30,"[2, 2, 1, 2, 3, 3, 2, 4, 3, 1, 5, 2, 1, 1, 3, 1, 2, 2, 3, 1, 1, 1, 3, 2, 1, 3, 1, 1, 2, 1]"
GARBAGE,5.0,0.0,30,"[5, 5, 5, 5, 5, 5, 5, 5, 5, 5, 5, 5, 5, 5, 5, 5, 5, 5, 5, 5, 5, 5, 5, 5, 5, 5, 5, 5, 5, 5]"
GARGOYLES,4.4,0.8406,30,"[3, 2, 5, 5, 5, 5, 5, 5, 5, 5, 5, 3, 5, 4, 4, 5, 4, 3, 4, 4, 5, 5, 4, 5, 5, 4, 5, 3, 5, 5]"
GARLAND,4.5517,0.8939,29,"[5, 2, 5, 5, 5, 5, 5, 5, 3, 5, 5, 5, 5, 5, 4, 5, 5, 5, 5, 4, 4, 5, 5, 2, 5, 5, 3, 5, 5]"
GARLIC,4.8333,0.4534,30,"[5, 5, 5, 5, 5, 5, 5, 5, 5, 5, 5, 5, 5, 5, 5, 3, 5, 5, 5, 5, 5, 4, 5, 5, 5, 5, 5, 5, 4, 4]"
GATOR,4.7931,0.4828,29,"[5, 4, 5, 5, 5, 5, 5, 5, 5, 5, 5, 5, 5, 5, 4, 4, 5, 5, 5, 5, 5, 5, 5, 5, 4, 5, 5, 3, 5]"
GAUGE,4.6333,0.836,30,"[5, 4, 1, 5, 5, 5, 5, 5, 3, 4, 5, 5, 5, 4, 5, 5, 5, 5, 4, 5, 5, 5, 5, 5, 5, 5, 5, 4, 5, 5]"
GAWAIN,1.6,0.8794,30,"[2, 1, 5, 1, 2, 2, 1, 1, 2, 2, 1, 1, 1, 2, 1, 3, 1, 1, 1, 1, 1, 1, 2, 1, 2, 1, 2, 2, 3, 1]"
GENEVA,3.931,1.0148,29,"[4, 5, 5, 5, 4, 3, 5, 5, 3, 3, 5, 2, 4, 3, 3, 5, 5, 5, 3, 2, 4, 5, 3, 3, 5, 3, 5, 4, 3]"
GEORGE,4.6667,0.9068,30,"[5, 5, 5, 5, 5, 5, 5, 5, 5, 5, 5, 3, 1, 5, 5, 5, 5, 5, 5, 5, 5, 5, 5, 5, 5, 5, 5, 3, 5, 3]"
GERMANY,4.8276,0.3777,29,"[4, 5, 5, 4, 5, 4, 5, 5, 5, 5, 5, 5, 5, 4, 5, 5, 5, 5, 5, 5, 5, 5, 5, 5, 5, 5, 5, 5, 4]"
GETAWAY,4.8276,0.3777,29,"[4, 5, 4, 5, 5, 4, 5, 5, 5, 5, 5, 5, 5, 4, 5, 5, 5, 5, 5, 5, 5, 4, 5, 5, 5, 5, 5, 5, 5]"
GETHSEMANE,1.7931,1.3741,29,"[1, 1, 1, 1, 2, 2, 1, 1, 2, 1, 1, 5, 1, 1, 1, 1, 4, 5, 1, 1, 1, 1, 5, 3, 1, 1, 1, 1, 4]"
GIBBERISH,4.7333,0.7272,30,"[5, 5, 5, 5, 5, 5, 5, 5, 5, 5, 5, 5, 4, 5, 5, 5, 5, 2, 5, 5, 5, 5, 5, 3, 5, 5, 5, 3, 5, 5]"
GIFTS,4.9,0.3,30,"[5, 5, 5, 5, 5, 5, 5, 5, 5, 4, 5, 5, 5, 5, 5, 5, 5, 5, 5, 5, 5, 4, 5, 5, 5, 5, 5, 5, 4, 5]"
GIGS,4.4333,0.7157,30,"[5, 5, 5, 5, 5, 5, 5, 4, 5, 3, 4, 5, 4, 5, 5, 3, 4, 5, 5, 4, 3, 4, 5, 5, 4, 5, 4, 5, 4, 3]"
GIVE,4.9333,0.359,30,"[5, 5, 5, 5, 5, 5, 5, 5, 5, 5, 5, 5, 5, 5, 3, 5, 5, 5, 5, 5, 5, 5, 5, 5, 5, 5, 5, 5, 5, 5]"
GIZZARD,4.3103,0.9862,29,"[5, 4, 5, 4, 5, 4, 5, 5, 3, 2, 5, 4, 5, 5, 4, 3, 4, 5, 5, 2, 5, 5, 5, 2, 4, 5, 5, 5, 5]"
GLENDALE,3.4483,1.5666,29,"[5, 5, 2, 1, 3, 1, 5, 3, 5, 2, 3, 5, 4, 3, 4, 3, 5, 5, 5, 3, 5, 1, 5, 5, 5, 1, 1, 1, 4]"
GLITTER,4.8621,0.4334,29,"[3, 5, 5, 5, 5, 5, 5, 5, 5, 5, 5, 5, 5, 4, 5, 5, 5, 5, 5, 5, 5, 4, 5, 5, 5, 5, 5, 5, 5]"
GLORIOUS,4.9333,0.2494,30,"[5, 5, 5, 5, 5, 5, 5, 5, 4, 5, 5, 5, 5, 5, 4, 5, 5, 5, 5, 5, 5, 5, 5, 5, 5, 5, 5, 5, 5, 5]"
GLOWING,4.9655,0.1825,29,"[5, 5, 5, 5, 5, 5, 5, 5, 5, 5, 5, 5, 5, 5, 4, 5, 5, 5, 5, 5, 5, 5, 5, 5, 5, 5, 5, 5, 5]"
GNARLY,4.4667,1.0242,30,"[4, 5, 5, 5, 3, 3, 5, 5, 5, 5, 5, 5, 3, 5, 5, 5, 5, 2, 5, 5, 5, 5, 5, 4, 5, 5, 5, 1, 4, 5]"
GOB,3.2667,1.3149,30,"[3, 4, 5, 3, 2, 3, 4, 3, 3, 2, 5, 4, 2, 5, 4, 2, 4, 5, 5, 2, 1, 4, 4, 2, 3, 5, 2, 5, 1, 1]"
GOGGLES,4.8621,0.4334,29,"[5, 5, 5, 3, 5, 4, 5, 5, 5, 5, 5, 5, 5, 4, 5, 5, 5, 5, 5, 5, 5, 5, 5, 5, 5, 5, 5, 5, 5]"
GOLDIE,2.9667,1.6017,30,"[2, 3, 5, 1, 1, 3, 5, 5, 5, 5, 1, 1, 4, 3, 1, 3, 1, 3, 2, 1, 1, 4, 3, 3, 5, 1, 5, 5, 5, 2]"
GOODBYE,4.9655,0.1825,29,"[5, 5, 5, 5, 5, 5, 5, 5, 5, 5, 5, 5, 5, 5, 4, 5, 5, 5, 5, 5, 5, 5, 5, 5, 5, 5, 5, 5, 5]"
GOODYEAR,4.4828,0.9329,29,"[4, 3, 5, 5, 5, 5, 5, 5, 1, 5, 5, 5, 5, 5, 4, 4, 5, 5, 5, 4, 5, 5, 3, 3, 4, 5, 5, 5, 5]"
GOON,4.3667,0.9481,30,"[5, 5, 4, 5, 3, 2, 4, 4, 5, 5, 5, 5, 5, 4, 5, 5, 5, 2, 5, 5, 5, 5, 5, 4, 5, 4, 4, 2, 5, 4]"
GORGE,4.6,0.6633,30,"[5, 5, 5, 4, 5, 3, 5, 5, 5, 4, 3, 5, 5, 5, 5, 5, 4, 5, 4, 5, 4, 5, 5, 5, 3, 5, 4, 5, 5, 5]"
GPS,4.7667,0.5588,30,"[5, 3, 5, 5, 5, 5, 5, 5, 5, 5, 4, 5, 5, 4, 5, 5, 5, 3, 5, 5, 5, 5, 4, 5, 5, 5, 5, 5, 5, 5]"
GRACEFUL,4.7333,0.5121,30,"[5, 5, 5, 5, 4, 5, 5, 5, 5, 3, 5, 5, 4, 5, 5, 4, 5, 5, 5, 5, 5, 4, 5, 5, 5, 5, 5, 5, 4, 4]"
GRACIAS,4.3333,1.0111,30,"[5, 3, 5, 5, 5, 4, 5, 5, 3, 5, 5, 5, 5, 5, 4, 5, 3, 5, 4, 3, 5, 1, 5, 4, 3, 5, 5, 5, 3, 5]"
GRAFT,3.9667,1.1397,30,"[4, 3, 5, 1, 5, 4, 3, 5, 5, 5, 3, 3, 2, 4, 4, 4, 5, 3, 3, 5, 3, 2, 3, 5, 5, 5, 5, 5, 5, 5]"
GRAINS,4.6897,0.6488,29,"[4, 5, 5, 5, 5, 5, 5, 5, 4, 5, 5, 5, 5, 5, 4, 5, 5, 5, 2, 5, 4, 5, 5, 5, 5, 5, 5, 4, 4]"
GRAMMAR,4.7667,0.423,30,"[5, 5, 5, 5, 5, 5, 5, 5, 5, 4, 4, 5, 4, 5, 5, 4, 5, 5, 5, 5, 5, 4, 5, 5, 5, 5, 5, 5, 4, 4]"
GRANDSTANDING,4.2,1.077,30,"[5, 5, 3, 3, 5, 5, 2, 5, 5, 3, 2, 5, 5, 4, 5, 5, 4, 5, 3, 5, 3, 4, 2, 5, 3, 5, 5, 5, 5, 5]"
GRANITE,4.6552,0.6579,29,"[3, 5, 3, 3, 5, 4, 5, 5, 5, 5, 5, 5, 5, 4, 5, 5, 5, 5, 5, 5, 5, 4, 5, 5, 5, 5, 5, 5, 4]"
GRANULAR,4.4,0.8406,30,"[4, 3, 5, 2, 5, 5, 5, 5, 5, 5, 5, 3, 5, 4, 4, 4, 5, 3, 4, 4, 4, 3, 5, 5, 5, 5, 5, 5, 5, 5]"
GRAPES,4.9667,0.1795,30,"[5, 5, 5, 5, 5, 5, 5, 5, 4, 5, 5, 5, 5, 5, 5, 5, 5, 5, 5, 5, 5, 5, 5, 5, 5, 5, 5, 5, 5, 5]"
GRAPEVINE,4.7667,0.4955,30,"[5, 5, 5, 5, 5, 5, 5, 5, 5, 5, 5, 5, 4, 4, 5, 5, 3, 4, 5, 5, 5, 5, 5, 4, 5, 5, 5, 4, 5, 5]"
GREENER,4.5667,0.6155,30,"[5, 5, 5, 5, 5, 4, 4, 4, 5, 5, 5, 5, 4, 4, 4, 5, 5, 3, 5, 5, 5, 5, 5, 3, 5, 4, 5, 4, 4, 5]"
GREENHOUSE,4.7586,0.7726,29,"[5, 5, 5, 5, 5, 5, 5, 4, 5, 5, 5, 4, 5, 1, 4, 5, 5, 5, 5, 5, 5, 5, 5, 5, 5, 5, 5, 5, 5]"
GREGORY,4.2,1.4,30,"[5, 4, 1, 5, 5, 5, 5, 5, 5, 5, 4, 5, 5, 1, 5, 3, 5, 5, 5, 3, 5, 3, 1, 1, 5, 5, 5, 5, 5, 5]"
GRENADES,4.6,0.6633,30,"[5, 4, 5, 3, 4, 5, 5, 5, 4, 4, 5, 5, 5, 4, 5, 4, 3, 5, 5, 5, 5, 5, 5, 5, 5, 5, 3, 5, 5, 5]"
GRIDDLE,4.7931,0.4828,29,"[5, 4, 5, 4, 5, 5, 5, 5, 5, 5, 5, 5, 5, 5, 4, 5, 4, 5, 5, 5, 3, 5, 5, 5, 5, 5, 5, 5, 5]"
GRIFF,1.9333,1.0625,30,"[1, 2, 5, 1, 1, 2, 3, 3, 2, 2, 1, 1, 2, 2, 1, 2, 5, 2, 1, 1, 1, 2, 2, 3, 1, 1, 3, 2, 2, 1]"
GRIFFIN,4.1379,1.1955,29,"[4, 5, 4, 1, 5, 2, 5, 5, 5, 4, 4, 5, 3, 3, 5, 5, 3, 1, 5, 5, 5, 3, 5, 5, 5, 5, 5, 4, 4]"
GRIM,4.7931,0.4828,29,"[5, 5, 5, 5, 5, 5, 5, 4, 5, 5, 5, 3, 5, 4, 5, 5, 5, 5, 5, 5, 4, 5, 5, 4, 5, 5, 5, 5, 5]"
GRIN,4.8667,0.4269,30,"[5, 5, 3, 4, 5, 5, 5, 5, 4, 5, 5, 5, 5, 5, 5, 5, 5, 5, 5, 5, 5, 5, 5, 5, 5, 5, 5, 5, 5, 5]"
GROSSNESS,4.2,1.1944,30,"[3, 3, 5, 5, 5, 4, 5, 5, 5, 2, 1, 5, 5, 4, 1, 4, 5, 3, 5, 5, 4, 5, 3, 5, 5, 5, 5, 4, 5, 5]"
GROTESQUE,4.1724,1.4159,29,"[4, 5, 4, 5, 5, 3, 5, 5, 5, 5, 1, 5, 5, 1, 5, 5, 5, 1, 1, 5, 5, 3, 5, 5, 5, 5, 5, 5, 3]"
GROUNDWATER,4.4667,0.763,30,"[5, 5, 5, 5, 4, 4, 5, 5, 5, 4, 3, 5, 5, 5, 5, 3, 5, 5, 5, 2, 4, 4, 4, 5, 5, 5, 4, 5, 4, 4]"
GUINEA,4.0667,1.1235,30,"[5, 5, 5, 5, 4, 3, 4, 4, 5, 4, 3, 5, 4, 3, 4, 5, 1, 3, 5, 5, 5, 5, 5, 4, 3, 5, 5, 1, 3, 4]"
GULCH,3.6,1.3565,30,"[5, 3, 2, 2, 5, 3, 5, 5, 1, 4, 4, 5, 3, 2, 5, 5, 3, 4, 3, 5, 5, 4, 3, 1, 2, 4, 4, 1, 5, 5]"
GULF,4.6552,0.6032,29,"[5, 5, 5, 5, 4, 5, 4, 5, 5, 5, 5, 4, 3, 5, 5, 4, 4, 5, 5, 5, 5, 5, 3, 5, 4, 5, 5, 5, 5]"
GUNNEL,1.7241,1.2566,29,"[1, 5, 1, 1, 2, 1, 1, 1, 5, 1, 2, 3, 1, 1, 1, 2, 2, 5, 1, 1, 1, 1, 3, 1, 1, 1, 1, 1, 2]"
GURU,4.6333,0.7951,30,"[5, 5, 5, 5, 5, 4, 5, 5, 5, 3, 2, 5, 5, 5, 5, 5, 5, 5, 3, 5, 4, 5, 5, 5, 3, 5, 5, 5, 5, 5]"
GUTLESS,4.6,0.7118,30,"[5, 5, 5, 5, 4, 4, 4, 5, 5, 5, 5, 4, 4, 5, 5, 5, 3, 2, 5, 5, 5, 5, 5, 4, 5, 5, 5, 4, 5, 5]"
GUTTURAL,3.8,1.376,30,"[2, 4, 5, 5, 1, 4, 4, 5, 5, 5, 5, 4, 1, 4, 4, 5, 1, 2, 5, 5, 5, 5, 5, 3, 2, 3, 5, 2, 4, 4]"
HACKING,4.7241,0.5811,29,"[4, 5, 3, 5, 5, 5, 5, 4, 5, 4, 5, 3, 5, 5, 5, 5, 5, 5, 5, 5, 4, 5, 5, 5, 5, 5, 5, 5, 5]"
HAEMOGLOBIN,3.1667,1.6347,30,"[5, 1, 5, 3, 5, 1, 5, 5, 1, 3, 1, 5, 3, 3, 5, 4, 2, 2, 2, 1, 4, 1, 3, 5, 1, 1, 5, 3, 5, 5]"
HAFNIUM,1.417,0.9205,235,"[1, 1, 1, 1, 1, 1, 1, 1, 2, 1, 2, 1, 2, 1, 1, 1, 1, 1, 1, 1, 1, 1, 1, 1, 1, 3, 1, 1, 1, 1, 2, 1, 1, 1, 1, 1, 3, 3, 1, 1, 1, 1, 2, 1, 1, 1, 5, 2, 2, 1, 2, 2, 1, 1, 1, 1, 1, 1, 1, 1, 1, 1, 1, 1, 2, 2, 2, 2, 1, 1, 1, 1, 3, 2, 1, 1, 5, 1, 1, 1, 1, 1, 1, 2, 1, 1, 1, 1, 1, 1, 1, 1, 1, 1, 1, 1, 1, 1, 1, 1, 1, 1, 1, 1, 2, 1, 5, 1, 1, 5, 1, 1, 1, 1, 1, 1, 2, 1, 1, 1, 1, 1, 2, 1, 1, 3, 2, 1, 1, 1, 1, 1, 1, 1, 2, 5, 1, 1, 1, 1, 1, 1, 1, 1, 1, 1, 3, 1, 1, 1, 1, 2, 1, 3, 1, 2, 2, 1, 1, 2, 1, 2, 1, 1, 1, 1, 1, 1, 1, 5, 1, 3, 1, 2, 1, 3, 1, 2, 1, 2, 2, 1, 1, 2, 2, 1, 1, 2, 1, 1, 1, 1, 1, 1, 1, 1, 1, 1, 2, 1, 1, 1, 2, 5, 1, 5, 5, 1, 1, 1, 1, 1, 5, 1, 1, 1, 1, 3, 1, 3, 1, 1, 1, 2, 1, 1, 1, 1, 1, 1, 1, 1, 1, 2, 1]"
HAIL,4.9,0.3,30,"[5, 5, 5, 5, 5, 5, 5, 5, 5, 5, 5, 5, 4, 5, 5, 5, 5, 4, 5, 5, 5, 5, 5, 4, 5, 5, 5, 5, 5, 5]"
HAIRSPRAY,4.9655,0.1825,29,"[5, 5, 5, 5, 5, 5, 5, 5, 5, 5, 5, 5, 5, 5, 4, 5, 5, 5, 5, 5, 5, 5, 5, 5, 5, 5, 5, 5, 5]"
HALF,4.8333,0.4534,30,"[5, 5, 5, 5, 5, 5, 5, 5, 5, 4, 5, 5, 5, 5, 5, 5, 5, 5, 5, 3, 5, 4, 5, 5, 5, 5, 5, 5, 4, 5]"
HALFTIME,4.8333,0.4534,30,"[5, 5, 5, 5, 5, 3, 5, 5, 5, 4, 5, 5, 5, 5, 5, 5, 5, 5, 4, 5, 5, 5, 5, 5, 4, 5, 5, 5, 5, 5]"
HAMMER,4.9643,0.1856,28,"[5, 5, 5, 5, 5, 5, 5, 5, 5, 5, 5, 5, 5, 5, 4, 5, 5, 5, 5, 5, 5, 5, 5, 5, 5, 5, 5, 5]"
HAMPER,4.7,0.781,30,"[5, 5, 5, 5, 4, 5, 5, 5, 5, 1, 5, 5, 4, 5, 5, 4, 5, 5, 5, 5, 5, 4, 5, 5, 5, 5, 5, 5, 4, 5]"
HAMPSHIRE,3.6667,1.2996,30,"[5, 4, 2, 2, 3, 5, 1, 5, 4, 4, 3, 5, 5, 2, 4, 5, 1, 4, 5, 5, 5, 3, 2, 4, 2, 5, 3, 3, 5, 4]"
HANDING,4.5862,0.72,29,"[5, 5, 3, 5, 5, 5, 5, 4, 5, 3, 5, 3, 5, 4, 5, 5, 5, 5, 5, 4, 4, 5, 5, 5, 5, 5, 5, 3, 5]"
HANDSAW,4.5333,0.67,30,"[5, 5, 5, 5, 4, 5, 3, 5, 5, 4, 4, 5, 4, 5, 4, 3, 5, 5, 5, 5, 5, 4, 5, 5, 5, 5, 3, 5, 4, 4]"
HANGING,4.9,0.3,30,"[5, 5, 5, 5, 5, 5, 5, 5, 5, 4, 5, 5, 5, 5, 5, 5, 5, 5, 5, 5, 4, 5, 5, 5, 4, 5, 5, 5, 5, 5]"
HAO,1.3103,0.5933,29,"[1, 1, 1, 1, 1, 1, 1, 3, 1, 1, 1, 1, 2, 1, 1, 1, 1, 2, 2, 1, 1, 1, 1, 1, 1, 1, 3, 2, 2]"
HARBORED,4.5,0.6191,30,"[5, 4, 5, 4, 5, 5, 5, 5, 4, 3, 5, 5, 5, 4, 4, 5, 4, 5, 4, 5, 5, 4, 5, 5, 4, 4, 5, 4, 5, 3]"
HARDCORE,4.9,0.3,30,"[5, 5, 5, 5, 5, 4, 5, 5, 5, 4, 5, 5, 5, 5, 5, 5, 5, 5, 4, 5, 5, 5, 5, 5, 5, 5, 5, 5, 5, 5]"
HARE,4.3333,0.8692,30,"[5, 5, 5, 5, 4, 5, 5, 5, 5, 3, 3, 2, 3, 5, 3, 3, 5, 5, 5, 4, 5, 4, 5, 4, 5, 5, 4, 5, 4, 4]"
HARSH,4.9,0.3958,30,"[5, 5, 5, 5, 5, 5, 5, 5, 5, 5, 5, 5, 5, 5, 5, 5, 5, 5, 5, 5, 5, 5, 5, 4, 5, 5, 5, 3, 5, 5]"
HAT,4.9744,0.1581,234,"[5, 5, 5, 5, 5, 5, 5, 5, 5, 5, 5, 5, 5, 5, 5, 5, 5, 5, 5, 5, 5, 5, 5, 5, 5, 5, 5, 5, 5, 5, 5, 5, 5, 5, 5, 5, 5, 5, 5, 5, 5, 5, 5, 5, 5, 5, 5, 5, 5, 5, 5, 4, 5, 5, 5, 5, 5, 5, 4, 5, 5, 5, 5, 5, 5, 5, 5, 5, 5, 5, 5, 5, 5, 5, 4, 5, 5, 5, 5, 5, 5, 5, 5, 5, 5, 5, 5, 5, 5, 5, 5, 5, 5, 5, 5, 5, 5, 5, 5, 5, 5, 5, 5, 5, 5, 5, 5, 5, 5, 5, 5, 5, 5, 5, 5, 5, 5, 5, 5, 5, 5, 5, 5, 5, 5, 5, 5, 5, 5, 5, 5, 4, 5, 5, 5, 5, 5, 5, 5, 5, 5, 5, 5, 5, 5, 5, 5, 5, 5, 5, 5, 5, 5, 5, 4, 5, 5, 5, 5, 5, 5, 5, 5, 5, 5, 5, 5, 5, 5, 5, 5, 5, 5, 5, 5, 5, 5, 5, 5, 5, 5, 5, 5, 5, 5, 5, 5, 5, 5, 5, 5, 5, 5, 5, 5, 5, 4, 5, 5, 5, 5, 5, 5, 5, 5, 5, 5, 5, 5, 5, 5, 5, 5, 5, 5, 5, 5, 5, 5, 5, 5, 5, 5, 5, 5, 5, 5, 5, 5, 5, 5, 5, 5, 5]"
HATCHER,3.2667,1.4817,30,"[5, 5, 5, 5, 2, 2, 1, 3, 1, 1, 2, 2, 2, 5, 3, 1, 4, 5, 5, 5, 5, 4, 3, 3, 4, 5, 3, 1, 3, 3]"
HAUNT,4.7,0.781,30,"[5, 5, 1, 5, 5, 5, 5, 5, 4, 5, 5, 5, 4, 5, 4, 5, 5, 5, 5, 5, 5, 4, 5, 5, 5, 5, 4, 5, 5, 5]"
HAWKING,3.8333,1.2134,30,"[2, 5, 5, 5, 4, 5, 5, 4, 5, 1, 3, 3, 1, 3, 3, 3, 5, 5, 5, 2, 5, 4, 4, 4, 4, 5, 3, 5, 4, 3]"
HAZELNUT,4.7764,0.5479,237,"[5, 5, 2, 5, 4, 5, 5, 5, 5, 4, 5, 5, 5, 5, 5, 4, 5, 5, 5, 5, 5, 4, 3, 4, 5, 5, 4, 3, 5, 5, 5, 5, 5, 5, 4, 5, 5, 5, 5, 2, 5, 5, 5, 5, 5, 3, 5, 5, 5, 4, 5, 4, 5, 5, 5, 5, 4, 5, 4, 4, 5, 4, 5, 5, 5, 5, 5, 5, 3, 5, 5, 5, 5, 5, 4, 5, 5, 5, 5, 5, 5, 5, 5, 5, 5, 5, 5, 5, 5, 5, 5, 5, 5, 5, 5, 5, 5, 5, 5, 5, 5, 4, 5, 5, 5, 3, 5, 5, 5, 5, 5, 5, 5, 5, 5, 5, 4, 5, 5, 4, 5, 5, 5, 5, 4, 5, 5, 5, 5, 5, 5, 5, 4, 5, 5, 5, 5, 4, 5, 5, 4, 5, 5, 5, 5, 5, 5, 4, 5, 5, 5, 5, 4, 5, 5, 5, 3, 5, 5, 5, 4, 5, 5, 5, 5, 4, 5, 5, 5, 4, 5, 5, 5, 5, 4, 5, 5, 5, 4, 3, 5, 5, 5, 5, 5, 5, 5, 5, 5, 3, 5, 5, 5, 5, 5, 5, 5, 5, 5, 5, 5, 5, 5, 5, 5, 5, 5, 5, 5, 5, 5, 5, 5, 5, 5, 5, 5, 5, 5, 5, 5, 5, 4, 5, 5, 5, 5, 5, 5, 5, 5, 3, 5, 5, 5, 5, 5]"
HEADLINE,4.8276,0.4601,29,"[5, 5, 5, 3, 5, 4, 5, 5, 5, 5, 5, 5, 5, 4, 5, 5, 5, 5, 5, 5, 5, 4, 5, 5, 5, 5, 5, 5, 5]"
HEADMASTER,4.7667,0.4955,30,"[5, 4, 5, 5, 5, 5, 5, 5, 3, 5, 5, 5, 5, 5, 4, 5, 5, 5, 5, 5, 5, 5, 4, 4, 4, 5, 5, 5, 5, 5]"
HEALED,4.7667,0.423,30,"[5, 5, 5, 5, 5, 5, 5, 5, 5, 4, 5, 5, 4, 5, 5, 4, 5, 5, 5, 5, 5, 4, 5, 5, 5, 5, 4, 5, 4, 4]"
HEALTHY,4.9667,0.1795,30,"[5, 5, 5, 5, 5, 5, 5, 5, 5, 5, 5, 5, 5, 5, 5, 5, 5, 5, 5, 5, 5, 5, 5, 4, 5, 5, 5, 5, 5, 5]"
HEAPS,4.4667,0.763,30,"[4, 3, 5, 3, 5, 5, 4, 5, 5, 5, 5, 4, 5, 5, 5, 4, 5, 3, 3, 3, 4, 5, 4, 5, 5, 5, 5, 5, 5, 5]"
HECK,4.8621,0.4334,29,"[5, 5, 5, 5, 5, 5, 5, 5, 3, 5, 4, 5, 5, 5, 4, 5, 5, 5, 5, 5, 5, 5, 5, 5, 5, 5, 5, 5, 5]"
HEEDED,4.25,1.184,28,"[3, 5, 3, 5, 4, 3, 5, 5, 5, 5, 4, 5, 5, 1, 5, 5, 5, 1, 4, 5, 5, 3, 5, 5, 5, 5, 3, 5]"
HEIL,2.7667,1.2828,30,"[3, 4, 5, 1, 3, 2, 3, 3, 5, 2, 2, 2, 3, 3, 2, 3, 2, 5, 3, 3, 5, 4, 5, 2, 1, 1, 2, 1, 2, 1]"
HEIRESS,4.4667,0.8459,30,"[5, 3, 5, 3, 5, 5, 5, 5, 5, 5, 5, 3, 5, 4, 5, 5, 5, 3, 5, 3, 3, 4, 3, 5, 5, 5, 5, 5, 5, 5]"
HELLCATS,3.5667,1.2023,30,"[2, 4, 5, 5, 4, 5, 3, 3, 5, 1, 2, 5, 3, 4, 4, 1, 4, 5, 5, 4, 2, 4, 3, 3, 3, 3, 4, 5, 4, 2]"
HELLER,2.2667,1.436,30,"[5, 2, 4, 1, 4, 2, 4, 2, 1, 1, 2, 5, 3, 2, 1, 2, 1, 3, 1, 5, 1, 1, 1, 1, 5, 1, 1, 3, 2, 1]"
HELLHOLE,4.6,0.7572,30,"[5, 5, 5, 5, 5, 3, 5, 5, 5, 3, 5, 5, 5, 5, 5, 4, 3, 5, 3, 5, 4, 5, 5, 5, 3, 5, 5, 5, 5, 5]"
HELM,4.0667,0.9638,30,"[4, 5, 5, 5, 4, 5, 5, 4, 5, 2, 4, 5, 3, 5, 3, 3, 5, 5, 5, 2, 3, 4, 4, 3, 3, 5, 3, 5, 4, 4]"
HELPLESS,4.8966,0.3045,29,"[5, 5, 5, 5, 5, 5, 5, 5, 5, 5, 5, 5, 4, 5, 5, 5, 5, 5, 5, 4, 5, 4, 5, 5, 5, 5, 5, 5, 5]"
HEMATOMA,3.2667,1.5261,30,"[3, 1, 5, 4, 5, 5, 5, 5, 4, 2, 5, 2, 1, 5, 1, 3, 2, 2, 5, 5, 3, 3, 1, 1, 5, 3, 1, 4, 3, 4]"
HEMORRHAGING,4.4667,0.9568,30,"[5, 5, 5, 4, 5, 5, 4, 5, 5, 5, 5, 4, 4, 4, 5, 5, 4, 2, 5, 5, 5, 5, 5, 3, 5, 5, 5, 1, 5, 4]"
HENCE,4.4483,0.674,29,"[5, 4, 5, 5, 5, 3, 5, 5, 4, 4, 5, 5, 3, 5, 4, 4, 4, 3, 5, 5, 5, 5, 5, 4, 4, 4, 4, 5, 5]"
HERSELF,4.8929,0.3093,28,"[5, 5, 5, 5, 5, 5, 5, 4, 5, 5, 5, 5, 4, 5, 5, 5, 5, 5, 5, 5, 4, 5, 5, 5, 5, 5, 5, 5]"
HIGHBALL,3.8667,0.9911,30,"[5, 5, 5, 5, 4, 2, 4, 3, 4, 3, 4, 5, 4, 4, 3, 1, 5, 5, 4, 3, 4, 4, 3, 3, 3, 5, 4, 5, 4, 3]"
HIGHER,4.9,0.3,30,"[5, 4, 5, 5, 5, 5, 5, 5, 5, 5, 5, 5, 5, 4, 4, 5, 5, 5, 5, 5, 5, 5, 5, 5, 5, 5, 5, 5, 5, 5]"
HIJACKING,4.7667,0.6675,30,"[5, 5, 5, 5, 5, 5, 5, 5, 5, 5, 5, 5, 4, 5, 5, 5, 5, 2, 5, 5, 5, 5, 5, 4, 5, 5, 5, 3, 5, 5]"
HILLS,4.9667,0.1795,30,"[5, 5, 5, 5, 5, 5, 5, 5, 5, 5, 5, 5, 5, 5, 5, 5, 5, 5, 5, 5, 5, 5, 4, 5, 5, 5, 5, 5, 5, 5]"
HINTS,4.9286,0.2575,28,"[5, 5, 5, 5, 5, 5, 5, 4, 5, 5, 5, 4, 5, 5, 5, 5, 5, 5, 5, 5, 5, 5, 5, 5, 5, 5, 5, 5]"
HIPPOPOTAMUS,4.7333,0.5121,30,"[5, 5, 5, 5, 5, 5, 5, 5, 5, 3, 4, 5, 4, 5, 5, 4, 5, 5, 5, 5, 5, 4, 5, 5, 5, 5, 4, 5, 4, 5]"
HISPANIC,4.7586,0.5666,29,"[4, 4, 5, 5, 5, 5, 5, 5, 5, 5, 5, 5, 5, 5, 5, 5, 3, 5, 5, 3, 5, 4, 5, 5, 5, 5, 5, 5, 5]"
HOARDING,4.8966,0.3045,29,"[5, 4, 5, 5, 4, 5, 5, 5, 5, 5, 5, 5, 5, 5, 4, 5, 5, 5, 5, 5, 5, 5, 5, 5, 5, 5, 5, 5, 5]"
HOCK,3.6333,1.5162,30,"[5, 5, 1, 3, 1, 4, 2, 5, 4, 4, 3, 5, 5, 3, 4, 5, 5, 5, 2, 1, 2, 5, 1, 2, 2, 5, 5, 5, 5, 5]"
HOGAN,2.8667,1.4545,30,"[2, 2, 5, 1, 5, 4, 1, 1, 3, 4, 1, 1, 5, 3, 1, 3, 5, 3, 5, 3, 2, 1, 3, 4, 2, 3, 4, 3, 5, 1]"
HOLDUP,4.5862,0.6704,29,"[5, 3, 3, 4, 5, 5, 5, 4, 5, 5, 5, 3, 5, 4, 4, 5, 5, 5, 5, 5, 4, 5, 5, 5, 5, 4, 5, 5, 5]"
HOLIEST,4.2667,1.2092,30,"[5, 5, 5, 1, 1, 5, 5, 4, 5, 3, 3, 5, 5, 5, 4, 5, 5, 5, 3, 5, 3, 5, 4, 5, 2, 5, 5, 5, 5, 5]"
HOLSTERS,4.5517,0.7233,29,"[5, 5, 3, 3, 5, 4, 5, 5, 5, 5, 3, 5, 5, 4, 5, 5, 5, 5, 4, 5, 5, 3, 5, 5, 4, 5, 5, 5, 4]"
HOMER,4.0,1.2649,30,"[5, 3, 1, 2, 5, 5, 5, 5, 3, 4, 5, 5, 5, 1, 4, 3, 5, 5, 5, 5, 3, 4, 3, 2, 5, 4, 5, 3, 5, 5]"
HOMESICK,4.9333,0.2494,30,"[5, 5, 5, 5, 5, 5, 5, 5, 5, 5, 5, 5, 5, 5, 5, 5, 5, 5, 4, 5, 5, 5, 5, 5, 4, 5, 5, 5, 5, 5]"
HOMEWORK,4.931,0.2534,29,"[5, 5, 5, 5, 5, 5, 5, 5, 5, 5, 5, 5, 5, 4, 5, 5, 5, 5, 5, 5, 5, 5, 5, 5, 5, 5, 5, 5, 4]"
HOMUNCULUS,2.1333,1.4314,30,"[2, 5, 1, 4, 1, 1, 1, 5, 1, 1, 1, 3, 4, 2, 3, 1, 2, 1, 2, 1, 1, 5, 1, 2, 1, 3, 5, 1, 2, 1]"
HONOLULU,4.6333,0.752,30,"[5, 4, 2, 5, 4, 5, 5, 5, 5, 3, 5, 5, 5, 5, 5, 5, 5, 5, 5, 5, 5, 3, 5, 5, 4, 5, 5, 4, 5, 5]"
HOOD,4.8333,0.4534,30,"[5, 5, 5, 5, 5, 5, 5, 5, 4, 5, 5, 5, 3, 5, 4, 5, 5, 5, 5, 5, 5, 4, 5, 5, 5, 5, 5, 5, 5, 5]"
HOODIE,4.9,0.3,30,"[4, 4, 5, 5, 5, 5, 5, 5, 5, 5, 5, 4, 5, 5, 5, 5, 5, 5, 5, 5, 5, 5, 5, 5, 5, 5, 5, 5, 5, 5]"
HOOT,4.4138,0.8102,29,"[5, 5, 5, 5, 4, 4, 5, 5, 5, 4, 5, 5, 4, 5, 5, 2, 5, 5, 5, 5, 4, 5, 3, 4, 5, 4, 3, 4, 3]"
HOOTENANNY,3.7241,1.362,29,"[3, 5, 1, 4, 4, 2, 1, 4, 5, 4, 4, 5, 5, 2, 4, 5, 4, 1, 1, 5, 4, 4, 5, 5, 5, 5, 4, 4, 3]"
HOOTERS,4.3667,0.752,30,"[4, 5, 5, 5, 4, 5, 5, 4, 5, 4, 3, 5, 3, 4, 5, 3, 5, 5, 5, 5, 5, 4, 4, 5, 3, 5, 4, 5, 4, 3]"
HOPI,2.3333,1.6398,30,"[5, 1, 1, 1, 1, 1, 1, 5, 5, 2, 4, 5, 3, 2, 3, 1, 1, 5, 2, 1, 1, 5, 1, 1, 2, 5, 1, 1, 2, 1]"
HORIZON,4.9333,0.2494,30,"[5, 5, 5, 5, 5, 5, 5, 5, 4, 4, 5, 5, 5, 5, 5, 5, 5, 5, 5, 5, 5, 5, 5, 5, 5, 5, 5, 5, 5, 5]"
HORMONES,4.6333,0.6574,30,"[5, 5, 3, 4, 5, 5, 5, 5, 4, 4, 5, 5, 5, 3, 5, 5, 4, 5, 3, 5, 5, 5, 5, 5, 5, 5, 5, 4, 5, 5]"
HORRIBLY,4.7931,0.4828,29,"[5, 5, 4, 5, 5, 5, 5, 4, 5, 5, 5, 3, 5, 4, 5, 5, 5, 5, 5, 5, 4, 5, 5, 5, 5, 5, 5, 5, 5]"
HOSS,2.9333,1.4591,30,"[5, 3, 1, 2, 1, 5, 5, 5, 1, 2, 3, 4, 4, 2, 5, 1, 3, 5, 3, 3, 3, 3, 1, 4, 3, 1, 2, 1, 5, 2]"
HOSTESS,4.8621,0.4334,29,"[5, 4, 5, 5, 5, 5, 5, 5, 3, 5, 5, 5, 5, 5, 4, 5, 5, 5, 5, 5, 5, 5, 5, 5, 5, 5, 5, 5, 5]"
HOTELS,4.8667,0.3399,30,"[5, 5, 5, 5, 5, 5, 5, 5, 5, 4, 5, 5, 5, 5, 5, 4, 5, 5, 5, 5, 5, 4, 5, 5, 5, 5, 5, 5, 4, 5]"
HOURS,4.9667,0.1795,30,"[5, 5, 5, 5, 5, 5, 5, 5, 5, 5, 5, 5, 5, 5, 4, 5, 5, 5, 5, 5, 5, 5, 5, 5, 5, 5, 5, 5, 5, 5]"
HOVERCRAFT,4.6897,0.532,29,"[5, 3, 5, 5, 5, 5, 5, 4, 5, 5, 5, 4, 5, 4, 4, 5, 4, 5, 5, 5, 4, 5, 5, 5, 5, 5, 5, 5, 4]"
HUE,4.4333,0.6675,30,"[5, 5, 5, 5, 4, 4, 5, 4, 4, 4, 4, 5, 4, 5, 4, 3, 5, 5, 5, 3, 5, 4, 5, 5, 4, 5, 5, 5, 4, 3]"
HUFFS,3.8667,1.3597,30,"[3, 5, 4, 5, 4, 4, 2, 4, 5, 5, 5, 5, 2, 1, 4, 5, 1, 2, 5, 5, 5, 4, 3, 4, 5, 5, 5, 1, 3, 5]"
HULA,4.1724,1.1163,29,"[5, 5, 2, 5, 5, 4, 5, 4, 4, 5, 4, 4, 5, 1, 4, 5, 4, 5, 5, 4, 2, 5, 5, 5, 2, 3, 5, 5, 4]"
HUM,4.7,0.6904,30,"[5, 5, 5, 5, 5, 5, 5, 5, 5, 4, 5, 5, 5, 5, 5, 3, 5, 5, 5, 2, 5, 4, 5, 5, 5, 5, 5, 5, 4, 4]"
HUMANITARIAN,4.6,0.611,30,"[5, 4, 4, 4, 5, 5, 5, 5, 5, 4, 5, 5, 5, 4, 5, 4, 4, 5, 5, 5, 5, 5, 5, 5, 3, 4, 5, 3, 5, 5]"
HUMBLED,4.8621,0.4334,29,"[5, 5, 5, 5, 5, 5, 5, 5, 5, 5, 5, 5, 5, 5, 5, 5, 5, 3, 5, 4, 5, 5, 5, 4, 5, 5, 5, 5, 5]"
HUMILITY,4.8,0.5416,30,"[5, 5, 5, 5, 5, 5, 5, 5, 5, 5, 5, 3, 5, 4, 5, 5, 5, 5, 5, 5, 3, 5, 4, 5, 5, 5, 5, 5, 5, 5]"
HUMMEL,2.0,1.1744,29,"[1, 2, 2, 1, 1, 1, 2, 1, 1, 2, 5, 3, 4, 3, 2, 3, 1, 5, 2, 1, 3, 3, 1, 2, 1, 1, 2, 1, 1]"
HUMOURED,4.7,0.781,30,"[4, 5, 1, 5, 5, 5, 5, 5, 5, 4, 5, 4, 5, 4, 5, 4, 5, 5, 5, 5, 5, 5, 5, 5, 5, 5, 5, 5, 5, 5]"
HUMP,4.7333,0.6289,30,"[4, 2, 5, 4, 5, 5, 5, 5, 5, 5, 5, 5, 5, 4, 4, 5, 5, 5, 5, 5, 5, 5, 4, 5, 5, 5, 5, 5, 5, 5]"
HURT,4.8966,0.3045,29,"[5, 5, 5, 5, 5, 5, 5, 4, 5, 5, 5, 4, 5, 5, 5, 5, 5, 5, 5, 5, 4, 5, 5, 5, 5, 5, 5, 5, 5]"
HUSSY,3.9667,1.1101,30,"[3, 2, 5, 4, 5, 4, 5, 5, 4, 2, 2, 2, 5, 3, 5, 5, 5, 3, 5, 3, 3, 3, 3, 5, 5, 4, 5, 5, 5, 4]"
HYDROCHLORIC,3.5,1.1762,30,"[3, 5, 5, 3, 4, 1, 5, 4, 5, 3, 3, 5, 3, 4, 3, 2, 5, 2, 5, 4, 4, 3, 3, 2, 3, 3, 1, 5, 4, 3]"
HYPERKALEMIA,1.3667,0.6046,30,"[1, 1, 1, 2, 1, 1, 1, 3, 1, 1, 1, 2, 1, 2, 1, 1, 1, 1, 2, 2, 1, 2, 1, 1, 1, 1, 1, 3, 1, 2]"
HYPERTENSION,4.3793,0.8475,29,"[5, 5, 5, 5, 4, 5, 4, 5, 3, 2, 5, 3, 4, 5, 3, 5, 5, 5, 5, 5, 4, 4, 5, 5, 5, 4, 5, 4, 3]"
HYSTERIA,4.7,0.4583,30,"[5, 4, 5, 5, 5, 5, 5, 5, 4, 4, 5, 5, 5, 4, 5, 4, 4, 5, 4, 5, 5, 4, 5, 5, 4, 5, 5, 5, 5, 5]"
IDEA,4.9,0.3,30,"[5, 5, 5, 5, 5, 5, 5, 5, 5, 5, 5, 5, 4, 5, 5, 5, 5, 5, 5, 5, 5, 4, 5, 5, 5, 5, 5, 5, 4, 5]"
IDEALS,4.7333,0.5121,30,"[5, 5, 5, 5, 5, 5, 5, 5, 5, 3, 5, 5, 4, 5, 5, 4, 5, 5, 5, 5, 5, 4, 5, 5, 4, 5, 5, 5, 4, 4]"
ILLUMINATED,4.8621,0.4334,29,"[5, 5, 5, 5, 5, 5, 5, 4, 5, 5, 5, 3, 5, 5, 5, 5, 5, 5, 5, 5, 4, 5, 5, 5, 5, 5, 5, 5, 5]"
ILLUSIONS,4.7667,0.4955,30,"[4, 5, 4, 5, 5, 4, 5, 5, 5, 5, 5, 5, 5, 4, 5, 5, 5, 5, 5, 5, 5, 5, 3, 5, 5, 5, 5, 5, 5, 4]"
IMBECILE,4.2857,1.2778,28,"[5, 5, 3, 5, 5, 4, 4, 5, 5, 1, 5, 5, 1, 5, 5, 5, 1, 4, 5, 5, 3, 5, 5, 5, 5, 4, 5, 5]"
IMMENSELY,4.7333,0.5121,30,"[5, 5, 5, 5, 5, 5, 5, 5, 5, 3, 4, 5, 4, 5, 5, 5, 5, 5, 5, 5, 5, 4, 5, 5, 5, 5, 4, 5, 4, 4]"
IMMIGRANT,5.0,0.0,30,"[5, 5, 5, 5, 5, 5, 5, 5, 5, 5, 5, 5, 5, 5, 5, 5, 5, 5, 5, 5, 5, 5, 5, 5, 5, 5, 5, 5, 5, 5]"
IMMINENT,4.5667,0.5588,30,"[4, 5, 5, 5, 5, 5, 5, 5, 5, 4, 4, 5, 4, 5, 4, 3, 5, 4, 5, 5, 5, 4, 5, 5, 4, 5, 4, 5, 4, 4]"
IMMORTAL,4.8,0.6,30,"[5, 5, 5, 5, 5, 5, 5, 5, 5, 3, 5, 5, 5, 5, 5, 5, 5, 5, 3, 5, 5, 5, 5, 5, 3, 5, 5, 5, 5, 5]"
IMPROMPTU,4.5667,0.8439,30,"[5, 5, 5, 5, 4, 5, 3, 5, 5, 5, 5, 5, 3, 5, 5, 5, 4, 2, 5, 5, 5, 5, 5, 3, 5, 5, 5, 3, 5, 5]"
IMPROPER,4.6897,0.5933,29,"[5, 5, 5, 5, 5, 5, 5, 5, 5, 4, 4, 5, 4, 5, 5, 3, 5, 5, 5, 5, 5, 4, 5, 5, 5, 5, 5, 4, 3]"
IMPURE,4.5862,0.7664,29,"[5, 3, 4, 3, 5, 5, 5, 5, 5, 5, 5, 4, 5, 4, 5, 5, 5, 2, 5, 5, 4, 5, 4, 5, 5, 5, 5, 5, 5]"
INABILITY,4.7586,0.5021,29,"[4, 5, 4, 3, 5, 4, 5, 5, 5, 5, 5, 5, 5, 4, 5, 5, 5, 5, 5, 5, 5, 5, 5, 5, 5, 5, 5, 5, 4]"
INANIMATE,4.6552,0.6579,29,"[5, 5, 5, 5, 5, 5, 5, 4, 5, 4, 2, 4, 5, 5, 4, 4, 5, 4, 5, 5, 4, 5, 5, 5, 5, 5, 5, 5, 5]"
INAPPROPRIATE,4.8621,0.3448,29,"[5, 5, 5, 4, 5, 5, 5, 5, 4, 5, 5, 5, 4, 5, 5, 5, 5, 5, 5, 5, 5, 4, 5, 5, 5, 5, 5, 5, 5]"
INCIDENT,4.9333,0.359,30,"[5, 5, 5, 5, 5, 5, 5, 5, 5, 5, 5, 5, 5, 5, 5, 5, 5, 5, 5, 5, 5, 5, 5, 3, 5, 5, 5, 5, 5, 5]"
INCISION,4.7931,0.4828,29,"[5, 3, 5, 5, 5, 5, 5, 5, 4, 5, 5, 4, 5, 5, 4, 5, 5, 5, 5, 5, 5, 5, 5, 4, 5, 5, 5, 5, 5]"
INCLUSIONS,4.6333,0.752,30,"[5, 5, 5, 2, 5, 5, 5, 5, 4, 5, 4, 5, 3, 5, 5, 5, 5, 4, 5, 5, 5, 4, 5, 5, 5, 5, 5, 5, 5, 3]"
INCONSISTENT,4.9333,0.2494,30,"[5, 5, 5, 5, 5, 5, 5, 5, 5, 5, 5, 5, 4, 5, 5, 5, 5, 5, 5, 5, 5, 5, 5, 4, 5, 5, 5, 5, 5, 5]"
INCREASING,5.0,0.0,30,"[5, 5, 5, 5, 5, 5, 5, 5, 5, 5, 5, 5, 5, 5, 5, 5, 5, 5, 5, 5, 5, 5, 5, 5, 5, 5, 5, 5, 5, 5]"
INDECENT,4.6667,0.4714,30,"[5, 5, 5, 5, 4, 5, 5, 5, 5, 4, 4, 5, 4, 5, 5, 4, 5, 5, 5, 5, 5, 4, 5, 5, 4, 5, 4, 5, 4, 4]"
INDICTMENT,4.6552,0.6032,29,"[4, 3, 5, 5, 3, 5, 5, 5, 4, 5, 5, 5, 5, 5, 4, 5, 5, 5, 5, 4, 5, 5, 4, 5, 4, 5, 5, 5, 5]"
INDISTINCTLY,4.2,1.1372,30,"[5, 4, 1, 4, 5, 4, 5, 5, 2, 4, 5, 5, 5, 4, 2, 2, 3, 5, 4, 5, 5, 5, 5, 5, 4, 5, 5, 5, 5, 3]"
INEXPENSIVE,4.8667,0.3399,30,"[5, 4, 5, 5, 5, 5, 5, 5, 5, 5, 5, 4, 5, 5, 5, 5, 5, 5, 5, 5, 4, 5, 4, 5, 5, 5, 5, 5, 5, 5]"
INFERIOR,4.8966,0.3045,29,"[5, 5, 5, 5, 5, 5, 5, 4, 5, 5, 5, 4, 5, 5, 5, 5, 5, 5, 5, 5, 4, 5, 5, 5, 5, 5, 5, 5, 5]"
INFERNO,4.7667,0.4955,30,"[5, 5, 5, 4, 5, 5, 5, 5, 5, 4, 5, 5, 5, 3, 4, 5, 5, 5, 5, 5, 5, 4, 5, 5, 5, 5, 4, 5, 5, 5]"
INFIELD,4.2,1.1075,30,"[3, 4, 5, 1, 5, 4, 5, 5, 5, 2, 5, 4, 5, 3, 4, 5, 5, 3, 5, 5, 4, 2, 4, 5, 5, 3, 5, 5, 5, 5]"
INK,5.0,0.0,30,"[5, 5, 5, 5, 5, 5, 5, 5, 5, 5, 5, 5, 5, 5, 5, 5, 5, 5, 5, 5, 5, 5, 5, 5, 5, 5, 5, 5, 5, 5]"
INLAND,4.6,0.7572,30,"[5, 5, 5, 5, 4, 5, 3, 5, 5, 5, 5, 5, 3, 2, 5, 5, 5, 4, 5, 5, 5, 5, 5, 4, 5, 5, 5, 4, 5, 4]"
INNOVATIVE,4.7586,0.5666,29,"[5, 5, 5, 5, 5, 5, 5, 5, 5, 5, 4, 5, 5, 5, 5, 5, 5, 3, 5, 3, 5, 5, 5, 4, 5, 4, 5, 5, 5]"
INQUIRY,4.8276,0.3777,29,"[5, 5, 4, 5, 5, 5, 5, 4, 5, 5, 5, 4, 5, 4, 5, 5, 5, 5, 5, 5, 4, 5, 5, 5, 5, 5, 5, 5, 5]"
INSECTICIDE,4.5172,0.9329,29,"[4, 5, 3, 5, 5, 3, 5, 5, 5, 5, 4, 5, 5, 1, 5, 5, 5, 5, 3, 5, 5, 4, 5, 5, 5, 5, 5, 5, 4]"
INSOLENT,3.9,1.106,30,"[4, 2, 5, 5, 4, 3, 5, 4, 5, 1, 5, 4, 3, 5, 3, 3, 5, 5, 5, 3, 3, 4, 5, 2, 3, 5, 3, 5, 4, 4]"
INSPECTION,4.8966,0.3045,29,"[5, 5, 5, 5, 5, 5, 5, 5, 5, 4, 5, 5, 5, 5, 5, 5, 5, 5, 5, 4, 5, 5, 5, 4, 5, 5, 5, 5, 5]"
INSTALLATIONS,4.7931,0.4051,29,"[4, 4, 5, 5, 5, 5, 5, 5, 5, 5, 5, 4, 5, 4, 5, 5, 5, 5, 5, 5, 4, 5, 4, 5, 5, 5, 5, 5, 5]"
INSTEP,3.9333,1.2893,30,"[5, 1, 2, 3, 5, 3, 5, 5, 5, 4, 3, 5, 5, 4, 3, 5, 3, 5, 4, 2, 4, 5, 2, 5, 4, 5, 1, 5, 5, 5]"
INSTIGATOR,4.7241,0.5184,29,"[4, 5, 5, 4, 5, 3, 5, 5, 5, 5, 4, 5, 5, 4, 5, 5, 5, 5, 5, 5, 5, 5, 5, 5, 5, 5, 4, 5, 4]"
INSTILLED,4.5172,0.7711,29,"[5, 5, 5, 4, 5, 4, 5, 5, 5, 5, 4, 4, 2, 5, 5, 4, 4, 5, 5, 5, 5, 5, 3, 5, 5, 5, 3, 5, 4]"
INSTINCTS,4.8621,0.3448,29,"[5, 5, 5, 5, 5, 4, 5, 5, 5, 5, 5, 5, 5, 4, 5, 5, 5, 5, 5, 5, 5, 4, 5, 5, 5, 5, 5, 5, 4]"
INSURRECTION,3.7333,1.2092,30,"[5, 4, 5, 3, 4, 5, 5, 4, 3, 4, 5, 5, 5, 2, 3, 1, 3, 5, 2, 3, 5, 4, 3, 2, 2, 5, 4, 2, 5, 4]"
INTANGIBILITY,4.1667,0.8199,30,"[4, 4, 5, 5, 4, 4, 3, 4, 5, 2, 4, 4, 3, 5, 3, 3, 5, 5, 5, 4, 5, 4, 5, 3, 4, 5, 5, 5, 4, 4]"
INTER,3.4828,1.2211,29,"[3, 4, 3, 3, 4, 5, 2, 1, 5, 3, 5, 2, 4, 2, 3, 5, 4, 3, 3, 5, 4, 5, 4, 5, 5, 3, 3, 1, 2]"
INTERCOURSE,4.8621,0.3448,29,"[5, 5, 5, 5, 5, 5, 5, 5, 5, 5, 5, 4, 5, 4, 5, 5, 4, 5, 5, 5, 4, 5, 5, 5, 5, 5, 5, 5, 5]"
INTERFERING,4.7931,0.4828,29,"[5, 4, 5, 5, 5, 5, 5, 5, 5, 5, 5, 5, 5, 5, 4, 5, 5, 5, 5, 3, 5, 5, 5, 4, 4, 5, 5, 5, 5]"
INTERMEDIATE,4.7333,0.5735,30,"[5, 5, 5, 5, 5, 5, 5, 5, 5, 5, 4, 5, 5, 5, 5, 5, 4, 5, 3, 5, 4, 5, 5, 5, 4, 5, 3, 5, 5, 5]"
INTERROGATING,4.6333,0.6574,30,"[5, 5, 5, 5, 5, 5, 5, 5, 5, 3, 4, 4, 4, 5, 5, 3, 5, 5, 5, 5, 5, 4, 5, 5, 5, 5, 5, 5, 4, 3]"
INTERSTATE,4.9,0.3,30,"[5, 5, 5, 5, 5, 5, 5, 5, 5, 5, 5, 5, 5, 5, 5, 5, 5, 5, 5, 5, 4, 4, 4, 5, 5, 5, 5, 5, 5, 5]"
INTIMACY,4.7333,0.5121,30,"[5, 5, 5, 5, 5, 5, 5, 5, 5, 4, 5, 5, 4, 5, 5, 3, 5, 5, 5, 4, 5, 4, 5, 5, 5, 5, 5, 5, 4, 4]"
INTO,4.9333,0.2494,30,"[5, 5, 5, 4, 5, 5, 5, 5, 4, 5, 5, 5, 5, 5, 5, 5, 5, 5, 5, 5, 5, 5, 5, 5, 5, 5, 5, 5, 5, 5]"
INTRUSION,4.7667,0.423,30,"[4, 4, 5, 5, 5, 5, 5, 5, 5, 5, 5, 4, 5, 4, 5, 4, 5, 5, 5, 5, 4, 5, 4, 5, 5, 5, 5, 5, 5, 5]"
INVADERS,4.8966,0.3045,29,"[5, 5, 5, 5, 5, 5, 5, 5, 4, 5, 5, 5, 5, 5, 4, 5, 5, 5, 5, 5, 5, 5, 5, 4, 5, 5, 5, 5, 5]"
INVENTOR,4.9,0.3,30,"[5, 5, 5, 5, 5, 5, 5, 5, 4, 5, 5, 5, 4, 5, 5, 5, 5, 5, 5, 5, 5, 4, 5, 5, 5, 5, 5, 5, 5, 5]"
INVESTIGATION,4.8333,0.4534,30,"[5, 3, 5, 5, 5, 5, 5, 5, 5, 5, 5, 4, 5, 4, 5, 5, 5, 5, 5, 5, 5, 5, 4, 5, 5, 5, 5, 5, 5, 5]"
INVOLUNTARY,4.7667,0.4955,30,"[5, 4, 5, 5, 5, 5, 5, 5, 5, 5, 5, 5, 5, 5, 5, 4, 4, 5, 4, 5, 5, 5, 5, 5, 4, 5, 3, 5, 5, 5]"
IONS,4.0667,0.9286,30,"[4, 5, 5, 5, 3, 4, 4, 4, 5, 3, 3, 4, 3, 5, 3, 3, 5, 5, 5, 5, 5, 4, 5, 2, 3, 5, 3, 5, 4, 3]"
IRONWORK,4.2759,1.0795,29,"[5, 5, 1, 3, 5, 3, 5, 5, 5, 3, 5, 5, 2, 3, 4, 5, 5, 5, 4, 5, 5, 3, 5, 5, 5, 5, 5, 4, 4]"
IRRATIONAL,4.931,0.2534,29,"[5, 4, 5, 5, 5, 5, 5, 5, 5, 5, 5, 5, 5, 5, 4, 5, 5, 5, 5, 5, 5, 5, 5, 5, 5, 5, 5, 5, 5]"
IRRELEVANT,4.8333,0.4534,30,"[5, 5, 5, 5, 5, 5, 5, 5, 5, 5, 4, 5, 5, 5, 5, 5, 5, 5, 3, 5, 4, 5, 5, 5, 4, 5, 5, 5, 5, 5]"
IVORIES,3.7333,1.4591,30,"[3, 2, 5, 1, 5, 5, 3, 5, 5, 5, 5, 1, 5, 3, 1, 3, 1, 3, 3, 3, 2, 5, 4, 5, 5, 5, 5, 5, 5, 4]"
IVY,4.8,0.6,30,"[5, 5, 5, 5, 5, 5, 5, 5, 5, 5, 5, 5, 4, 5, 5, 5, 2, 4, 5, 5, 5, 5, 5, 4, 5, 5, 5, 5, 5, 5]"
JACKSONVILLE,4.6897,0.5933,29,"[5, 5, 5, 5, 5, 5, 5, 4, 5, 5, 5, 5, 5, 4, 3, 5, 3, 5, 5, 5, 4, 5, 5, 5, 5, 5, 4, 4, 5]"
JACOB,4.1724,1.085,29,"[4, 3, 3, 5, 5, 4, 5, 2, 3, 3, 5, 5, 5, 5, 4, 1, 3, 5, 4, 5, 5, 5, 4, 3, 5, 5, 5, 5, 5]"
JADE,4.5333,0.763,30,"[5, 4, 2, 5, 5, 4, 5, 5, 4, 5, 5, 5, 4, 4, 5, 5, 3, 5, 5, 5, 5, 4, 3, 5, 5, 5, 5, 4, 5, 5]"
JAILBIRD,4.6,0.6633,30,"[5, 4, 5, 4, 5, 5, 5, 5, 5, 4, 5, 5, 5, 3, 5, 5, 4, 5, 4, 5, 5, 3, 5, 5, 5, 5, 4, 3, 5, 5]"
JAKE,4.1333,1.4079,30,"[5, 5, 1, 5, 5, 5, 5, 5, 5, 4, 4, 5, 5, 1, 4, 5, 5, 5, 5, 4, 2, 3, 1, 1, 5, 5, 4, 5, 5, 5]"
JAMESON,3.3333,1.3984,30,"[2, 5, 4, 2, 5, 2, 1, 5, 1, 3, 4, 3, 3, 5, 2, 5, 2, 2, 3, 5, 3, 5, 2, 5, 4, 1, 3, 3, 5, 5]"
JAR,4.9667,0.1795,30,"[5, 5, 5, 5, 5, 5, 5, 5, 5, 5, 5, 5, 4, 5, 5, 5, 5, 5, 5, 5, 5, 5, 5, 5, 5, 5, 5, 5, 5, 5]"
JAY,4.2,1.1372,30,"[4, 4, 5, 5, 5, 5, 4, 5, 5, 5, 5, 4, 3, 2, 4, 5, 1, 2, 5, 5, 5, 5, 5, 4, 3, 5, 5, 2, 5, 4]"
JEANS,4.8966,0.3045,29,"[5, 5, 4, 5, 5, 5, 5, 5, 5, 5, 5, 5, 5, 4, 5, 5, 5, 5, 5, 5, 5, 4, 5, 5, 5, 5, 5, 5, 5]"
JERKY,4.4828,0.9329,29,"[3, 5, 3, 3, 5, 4, 5, 5, 5, 5, 5, 5, 5, 4, 5, 5, 5, 1, 4, 5, 5, 4, 5, 5, 5, 5, 5, 4, 5]"
JERRY,3.6897,1.6422,29,"[5, 5, 2, 1, 2, 1, 5, 1, 5, 3, 5, 5, 5, 4, 4, 5, 5, 5, 5, 5, 5, 1, 5, 5, 3, 1, 5, 1, 3]"
JESSE,4.3,1.0693,30,"[3, 5, 5, 5, 4, 5, 4, 4, 5, 5, 5, 2, 1, 5, 4, 5, 5, 4, 5, 5, 5, 5, 5, 4, 4, 5, 5, 2, 5, 3]"
JETTISON,3.5667,1.4533,30,"[5, 3, 1, 5, 5, 4, 5, 3, 1, 4, 4, 5, 5, 2, 3, 1, 3, 5, 2, 4, 5, 4, 5, 1, 1, 3, 5, 4, 5, 4]"
JEWELLERY,4.5333,1.1175,30,"[5, 5, 5, 5, 5, 5, 5, 5, 4, 5, 5, 5, 5, 5, 4, 4, 5, 5, 5, 5, 5, 5, 5, 1, 2, 5, 5, 5, 1, 5]"
JIG,4.2414,1.0391,29,"[3, 5, 3, 5, 5, 4, 5, 4, 5, 5, 3, 5, 5, 2, 4, 5, 4, 1, 4, 5, 5, 3, 5, 5, 5, 5, 5, 4, 4]"
JING,1.6897,1.0538,29,"[1, 3, 1, 1, 2, 1, 2, 1, 1, 2, 2, 1, 1, 2, 1, 2, 1, 1, 2, 1, 2, 5, 1, 5, 2, 1, 2, 1, 1]"
JOLLY,4.6333,0.6574,30,"[5, 5, 5, 5, 4, 5, 5, 5, 5, 3, 5, 5, 4, 4, 5, 3, 5, 5, 5, 3, 5, 4, 5, 5, 5, 5, 5, 5, 4, 5]"
JOSEPHINE,4.2069,1.1561,29,"[5, 5, 5, 5, 5, 5, 3, 5, 5, 5, 5, 2, 2, 4, 3, 5, 3, 5, 5, 5, 5, 4, 4, 3, 5, 5, 1, 5, 3]"
JOYOUS,4.9,0.3,30,"[5, 5, 5, 5, 5, 5, 5, 5, 5, 5, 5, 4, 5, 4, 5, 5, 5, 5, 5, 5, 4, 5, 5, 5, 5, 5, 5, 5, 5, 5]"
JOYRIDING,4.7857,0.4897,28,"[5, 4, 5, 5, 5, 5, 5, 5, 3, 5, 5, 5, 5, 5, 4, 5, 5, 5, 5, 5, 5, 4, 5, 4, 5, 5, 5, 5]"
JUDGEMENT,4.9333,0.2494,30,"[5, 5, 5, 5, 5, 5, 5, 5, 5, 4, 5, 5, 5, 5, 5, 4, 5, 5, 5, 5, 5, 5, 5, 5, 5, 5, 5, 5, 5, 5]"
JUGULAR,4.4667,0.8055,30,"[5, 5, 5, 5, 4, 5, 5, 5, 5, 3, 4, 5, 4, 5, 4, 2, 5, 5, 5, 3, 5, 4, 5, 5, 5, 5, 4, 5, 4, 3]"
JUNCTURE,4.0333,1.1968,30,"[5, 5, 5, 5, 4, 4, 5, 4, 5, 3, 4, 4, 4, 5, 4, 1, 5, 5, 5, 4, 1, 4, 5, 5, 4, 5, 1, 3, 4, 3]"
JUNKYARD,4.9286,0.2575,28,"[5, 5, 5, 5, 5, 5, 5, 4, 5, 5, 5, 4, 5, 5, 5, 5, 5, 5, 5, 5, 5, 5, 5, 5, 5, 5, 5, 5]"
JUST,4.8,0.7483,30,"[4, 5, 5, 5, 5, 5, 5, 5, 5, 5, 5, 5, 5, 5, 1, 5, 5, 5, 5, 5, 4, 5, 5, 5, 5, 5, 5, 5, 5, 5]"
KAI,1.5333,1.0562,30,"[1, 2, 5, 1, 1, 2, 1, 1, 2, 2, 1, 1, 1, 1, 1, 1, 5, 1, 1, 1, 3, 1, 2, 1, 1, 1, 1, 2, 1, 1]"
KAMIKAZE,4.1,1.3,30,"[5, 4, 5, 5, 4, 1, 5, 4, 5, 4, 5, 5, 2, 3, 5, 5, 5, 1, 5, 5, 5, 5, 5, 3, 3, 5, 5, 1, 4, 4]"
KANGAROO,4.7,0.526,30,"[5, 5, 5, 5, 5, 5, 5, 4, 5, 3, 4, 5, 4, 5, 5, 4, 5, 5, 5, 5, 5, 4, 5, 5, 5, 5, 4, 5, 4, 5]"
KAREN,4.3333,1.1926,30,"[5, 4, 2, 5, 5, 5, 5, 5, 5, 5, 5, 5, 5, 1, 5, 3, 5, 5, 5, 4, 3, 3, 1, 4, 5, 5, 5, 5, 5, 5]"
KERCHIEF,3.6552,1.6034,29,"[3, 5, 1, 3, 2, 3, 3, 5, 5, 5, 1, 5, 5, 1, 5, 5, 4, 1, 1, 5, 5, 4, 5, 5, 3, 5, 1, 5, 5]"
KERNEL,4.5333,0.763,30,"[4, 3, 5, 5, 5, 5, 4, 5, 5, 5, 2, 4, 5, 4, 5, 5, 5, 4, 5, 5, 4, 5, 4, 5, 5, 3, 5, 5, 5, 5]"
KEROSENE,4.6,0.7572,30,"[5, 5, 5, 5, 5, 3, 5, 5, 5, 4, 4, 5, 4, 5, 5, 2, 5, 5, 5, 5, 5, 4, 5, 5, 5, 5, 5, 5, 4, 3]"
KETCHUP,5.0,0.0,30,"[5, 5, 5, 5, 5, 5, 5, 5, 5, 5, 5, 5, 5, 5, 5, 5, 5, 5, 5, 5, 5, 5, 5, 5, 5, 5, 5, 5, 5, 5]"
KICKOFF,4.8276,0.3777,29,"[4, 4, 5, 5, 5, 5, 5, 5, 5, 5, 5, 5, 5, 4, 5, 5, 5, 5, 5, 5, 4, 5, 4, 5, 5, 5, 5, 5, 5]"
KILLINGS,4.8276,0.4601,29,"[5, 5, 5, 5, 5, 5, 5, 5, 4, 5, 5, 5, 5, 5, 4, 5, 5, 5, 5, 5, 5, 5, 5, 5, 4, 5, 5, 5, 3]"
KIMCHI,2.6333,1.5808,30,"[4, 1, 1, 2, 5, 1, 3, 5, 1, 1, 1, 5, 5, 4, 5, 3, 3, 3, 2, 1, 1, 1, 1, 2, 3, 5, 1, 2, 2, 5]"
KINDER,3.7333,1.5691,30,"[3, 3, 5, 1, 5, 5, 5, 5, 5, 5, 1, 1, 5, 5, 1, 5, 1, 4, 2, 3, 4, 2, 4, 5, 5, 2, 5, 5, 5, 5]"
KINETIC,4.1667,0.7782,30,"[5, 4, 5, 5, 4, 4, 4, 4, 5, 4, 4, 4, 3, 5, 3, 3, 5, 5, 5, 4, 5, 2, 4, 4, 3, 5, 4, 5, 4, 4]"
KING,4.916,0.3197,238,"[5, 5, 5, 5, 5, 5, 5, 5, 5, 4, 5, 5, 5, 5, 5, 4, 5, 5, 5, 5, 5, 5, 5, 5, 5, 5, 4, 5, 5, 5, 5, 5, 5, 5, 5, 5, 5, 5, 5, 3, 5, 5, 4, 5, 5, 3, 5, 5, 5, 5, 5, 4, 5, 5, 5, 5, 5, 5, 4, 5, 5, 5, 5, 5, 5, 5, 5, 5, 5, 5, 5, 5, 5, 5, 4, 5, 5, 5, 5, 5, 5, 5, 5, 5, 5, 5, 5, 5, 5, 5, 5, 5, 5, 5, 5, 5, 5, 5, 5, 5, 5, 5, 5, 5, 5, 5, 5, 5, 5, 5, 5, 5, 5, 5, 5, 5, 5, 5, 5, 4, 5, 5, 5, 5, 5, 5, 5, 5, 5, 5, 5, 5, 4, 5, 5, 5, 5, 5, 5, 5, 4, 5, 5, 5, 5, 5, 5, 4, 5, 5, 5, 4, 5, 5, 5, 5, 4, 5, 5, 5, 5, 5, 5, 5, 5, 5, 5, 5, 5, 5, 5, 5, 5, 5, 5, 5, 5, 5, 5, 3, 5, 5, 5, 5, 5, 5, 5, 5, 5, 5, 5, 5, 5, 5, 5, 5, 5, 5, 5, 5, 5, 5, 5, 5, 5, 5, 5, 5, 5, 5, 5, 5, 5, 5, 5, 5, 5, 4, 5, 5, 5, 5, 5, 5, 5, 5, 5, 5, 5, 5, 5, 5, 5, 5, 5, 5, 5, 5]"
KINGSTON,3.8,1.2754,30,"[5, 5, 4, 3, 2, 5, 4, 3, 5, 5, 4, 2, 4, 1, 4, 5, 5, 3, 5, 5, 2, 5, 5, 2, 2, 5, 5, 3, 4, 2]"
KINKY,4.7,0.5859,30,"[5, 4, 5, 5, 5, 5, 5, 5, 4, 5, 5, 5, 5, 3, 4, 5, 3, 5, 5, 5, 5, 4, 5, 5, 5, 4, 5, 5, 5, 5]"
KIRK,3.6552,1.3715,29,"[1, 2, 5, 5, 2, 4, 5, 3, 5, 1, 2, 5, 4, 5, 2, 4, 5, 4, 3, 1, 4, 3, 5, 3, 5, 5, 5, 4, 4]"
KITCHEN,5.0,0.0,30,"[5, 5, 5, 5, 5, 5, 5, 5, 5, 5, 5, 5, 5, 5, 5, 5, 5, 5, 5, 5, 5, 5, 5, 5, 5, 5, 5, 5, 5, 5]"
KNUCKLEHEADS,4.6897,0.532,29,"[5, 4, 5, 5, 5, 5, 5, 4, 5, 5, 5, 5, 5, 4, 4, 4, 5, 5, 4, 5, 5, 5, 4, 3, 5, 5, 5, 5, 5]"
KNUCKLES,4.9333,0.2494,30,"[5, 5, 5, 5, 5, 5, 5, 5, 5, 4, 5, 5, 5, 5, 5, 5, 5, 5, 5, 5, 5, 4, 5, 5, 5, 5, 5, 5, 5, 5]"
KO,2.1034,1.4703,29,"[2, 1, 1, 4, 1, 1, 5, 1, 1, 2, 1, 1, 1, 1, 4, 1, 2, 1, 1, 2, 4, 4, 5, 2, 4, 1, 1, 5, 1]"
KOI,3.2574,1.5029,237,"[1, 3, 1, 5, 4, 2, 5, 4, 1, 4, 5, 2, 3, 2, 1, 3, 2, 3, 3, 3, 5, 3, 3, 4, 3, 1, 4, 4, 5, 4, 3, 2, 5, 4, 3, 1, 5, 4, 4, 3, 2, 3, 3, 5, 3, 3, 5, 5, 5, 4, 1, 2, 5, 3, 5, 5, 3, 3, 4, 1, 3, 2, 4, 5, 1, 4, 5, 5, 3, 4, 5, 5, 4, 3, 4, 3, 1, 1, 5, 1, 3, 4, 5, 2, 4, 2, 4, 4, 5, 1, 5, 1, 4, 1, 2, 3, 4, 5, 3, 5, 2, 1, 1, 1, 5, 1, 1, 5, 5, 5, 3, 1, 3, 1, 5, 5, 3, 4, 3, 3, 5, 2, 3, 5, 1, 4, 4, 5, 5, 1, 5, 1, 1, 4, 5, 4, 1, 1, 5, 5, 1, 5, 5, 5, 1, 1, 4, 1, 5, 1, 1, 5, 4, 1, 5, 4, 5, 2, 5, 4, 4, 1, 3, 1, 3, 5, 5, 4, 1, 1, 5, 5, 4, 3, 4, 4, 4, 2, 3, 5, 1, 5, 4, 5, 5, 2, 2, 1, 3, 1, 4, 4, 4, 1, 1, 1, 1, 3, 5, 3, 3, 3, 1, 4, 3, 5, 5, 3, 1, 1, 3, 1, 1, 1, 5, 5, 4, 4, 4, 3, 3, 4, 5, 3, 3, 2, 5, 3, 5, 1, 5, 4, 5, 5, 4, 5, 5]"
KOJIMA,1.4828,0.8558,29,"[4, 4, 1, 1, 1, 1, 2, 3, 1, 1, 1, 1, 1, 2, 2, 1, 1, 1, 1, 2, 2, 1, 1, 1, 2, 1, 1, 1, 1]"
KONG,3.3,1.2423,30,"[5, 3, 1, 4, 3, 5, 1, 4, 3, 3, 4, 5, 4, 2, 5, 5, 3, 4, 3, 3, 4, 3, 1, 3, 3, 1, 5, 4, 2, 3]"
KOREAN,4.8,0.4761,30,"[5, 5, 5, 5, 5, 5, 5, 5, 3, 5, 5, 5, 5, 4, 4, 4, 4, 5, 5, 5, 5, 5, 5, 5, 5, 5, 5, 5, 5, 5]"
KUNLUN,1.2068,0.6124,237,"[1, 1, 1, 1, 1, 1, 1, 1, 1, 1, 1, 1, 5, 2, 1, 1, 1, 1, 1, 1, 1, 1, 1, 1, 1, 2, 1, 1, 1, 1, 1, 1, 1, 1, 1, 1, 1, 1, 1, 1, 1, 1, 1, 1, 1, 1, 1, 2, 3, 1, 2, 1, 1, 1, 1, 1, 3, 1, 1, 1, 1, 1, 1, 1, 1, 2, 2, 1, 1, 1, 1, 1, 3, 2, 1, 1, 1, 1, 1, 1, 1, 1, 1, 2, 1, 1, 1, 1, 2, 1, 1, 2, 1, 1, 1, 1, 1, 1, 2, 1, 1, 1, 1, 1, 5, 1, 1, 1, 1, 1, 1, 1, 1, 1, 4, 1, 1, 1, 2, 1, 1, 1, 2, 1, 1, 1, 2, 1, 1, 1, 1, 1, 1, 1, 1, 1, 1, 1, 1, 1, 1, 1, 1, 1, 1, 1, 1, 1, 1, 1, 1, 1, 1, 1, 2, 1, 1, 2, 2, 1, 1, 1, 1, 1, 1, 1, 1, 1, 1, 1, 1, 1, 2, 1, 1, 2, 1, 1, 1, 5, 1, 1, 2, 1, 1, 2, 2, 1, 1, 1, 1, 1, 3, 1, 1, 1, 1, 1, 1, 2, 1, 1, 1, 1, 2, 1, 1, 1, 1, 1, 1, 1, 1, 1, 1, 1, 1, 1, 1, 1, 1, 1, 1, 1, 1, 2, 1, 1, 1, 1, 1, 1, 1, 1, 1, 2, 1]"
LABELS,4.9333,0.2494,30,"[5, 5, 5, 5, 5, 5, 5, 5, 5, 5, 5, 5, 5, 5, 5, 5, 5, 5, 4, 5, 5, 5, 5, 5, 4, 5, 5, 5, 5, 5]"
LABOR,4.8276,0.3777,29,"[4, 5, 5, 4, 5, 4, 5, 5, 5, 5, 5, 5, 5, 4, 5, 5, 5, 5, 5, 5, 5, 4, 5, 5, 5, 5, 5, 5, 5]"
LACKS,4.8966,0.3045,29,"[5, 5, 5, 5, 5, 5, 5, 5, 5, 4, 5, 5, 5, 5, 5, 5, 5, 5, 5, 5, 4, 5, 5, 5, 4, 5, 5, 5, 5]"
LADYSHIP,3.5,1.2583,30,"[4, 2, 3, 5, 2, 5, 5, 5, 2, 2, 2, 4, 5, 3, 4, 3, 5, 5, 5, 3, 5, 3, 3, 1, 4, 2, 3, 3, 5, 2]"
LAMA,3.5333,1.7269,30,"[1, 5, 1, 5, 5, 1, 1, 1, 1, 4, 1, 5, 1, 3, 2, 5, 3, 5, 3, 5, 5, 5, 5, 5, 3, 5, 5, 5, 5, 5]"
LANCELOT,3.9,1.3254,30,"[5, 5, 5, 5, 4, 5, 5, 3, 5, 2, 2, 5, 3, 4, 3, 2, 5, 4, 5, 5, 1, 4, 5, 5, 2, 5, 5, 1, 4, 3]"
LANG,1.931,1.0806,29,"[2, 3, 2, 1, 1, 3, 2, 1, 2, 2, 5, 1, 3, 1, 1, 2, 2, 1, 3, 1, 2, 5, 1, 1, 2, 1, 2, 2, 1]"
LANGUAGE,5.0,0.0,30,"[5, 5, 5, 5, 5, 5, 5, 5, 5, 5, 5, 5, 5, 5, 5, 5, 5, 5, 5, 5, 5, 5, 5, 5, 5, 5, 5, 5, 5, 5]"
LANIER,1.9333,0.9286,30,"[4, 2, 1, 2, 4, 3, 1, 2, 2, 3, 2, 3, 2, 2, 3, 1, 1, 3, 1, 1, 2, 1, 1, 1, 1, 1, 3, 1, 2, 2]"
LASAGNA,4.9333,0.2494,30,"[5, 5, 5, 5, 5, 5, 5, 5, 5, 4, 5, 5, 5, 5, 5, 5, 5, 5, 5, 5, 5, 5, 5, 5, 5, 5, 4, 5, 5, 5]"
LATIMER,1.7241,0.8669,29,"[1, 1, 2, 1, 2, 3, 2, 1, 1, 2, 2, 2, 1, 1, 2, 2, 2, 1, 1, 3, 2, 1, 1, 5, 2, 1, 2, 2, 1]"
LATIN,4.7333,0.5735,30,"[4, 3, 5, 5, 5, 5, 5, 5, 5, 5, 5, 5, 5, 4, 5, 5, 5, 3, 5, 5, 4, 5, 4, 5, 5, 5, 5, 5, 5, 5]"
LATITUDE,4.6667,0.5375,30,"[5, 5, 5, 5, 5, 5, 5, 5, 5, 4, 4, 5, 4, 5, 5, 3, 5, 5, 5, 5, 4, 4, 5, 5, 4, 5, 5, 5, 4, 4]"
LATTE,4.5517,0.8131,29,"[5, 5, 5, 5, 5, 5, 5, 4, 5, 5, 2, 4, 5, 4, 4, 5, 5, 4, 5, 4, 4, 5, 5, 5, 5, 2, 5, 5, 5]"
LAUDANUM,2.4,1.3808,30,"[3, 1, 5, 1, 2, 1, 1, 3, 4, 1, 2, 1, 3, 2, 2, 1, 4, 2, 2, 2, 2, 4, 5, 1, 1, 5, 1, 5, 2, 3]"
LAURA,3.8621,1.5251,29,"[5, 5, 3, 2, 3, 1, 5, 1, 5, 5, 5, 5, 4, 4, 4, 5, 5, 5, 5, 5, 5, 1, 5, 5, 3, 1, 5, 1, 4]"
LAWYER,4.9153,0.2933,236,"[5, 5, 5, 5, 5, 5, 5, 5, 5, 5, 5, 5, 5, 5, 5, 4, 5, 5, 5, 5, 5, 5, 5, 5, 5, 5, 4, 5, 5, 5, 5, 5, 5, 5, 5, 5, 5, 5, 5, 4, 5, 5, 4, 5, 5, 4, 5, 5, 5, 5, 4, 5, 5, 5, 5, 5, 5, 4, 4, 5, 5, 5, 5, 5, 5, 5, 5, 5, 5, 5, 5, 5, 5, 4, 5, 5, 5, 5, 5, 5, 5, 5, 5, 5, 5, 5, 5, 5, 5, 5, 5, 5, 5, 5, 5, 5, 5, 5, 5, 5, 4, 5, 5, 5, 5, 5, 5, 5, 5, 5, 5, 5, 5, 5, 5, 5, 5, 5, 5, 5, 5, 5, 5, 4, 5, 5, 5, 5, 5, 5, 5, 4, 5, 5, 5, 5, 5, 5, 5, 4, 5, 5, 5, 5, 5, 5, 5, 5, 5, 5, 5, 5, 5, 5, 4, 5, 5, 5, 5, 5, 5, 5, 5, 5, 5, 5, 5, 4, 5, 5, 5, 5, 5, 5, 5, 5, 5, 3, 5, 5, 5, 5, 5, 5, 5, 5, 5, 5, 5, 5, 5, 5, 5, 5, 5, 5, 5, 5, 4, 5, 5, 5, 5, 5, 5, 5, 5, 5, 5, 5, 5, 5, 5, 5, 5, 4, 5, 5, 5, 5, 5, 5, 5, 5, 4, 5, 5, 5, 5, 5, 5, 5, 5, 5, 5, 5]"
LEADERSHIP,4.9333,0.2494,30,"[5, 5, 5, 5, 5, 5, 5, 5, 5, 4, 5, 5, 5, 5, 5, 5, 5, 5, 4, 5, 5, 5, 5, 5, 5, 5, 5, 5, 5, 5]"
LEANS,4.5667,0.8439,30,"[5, 5, 2, 5, 5, 5, 5, 5, 4, 4, 5, 5, 5, 5, 5, 3, 5, 5, 2, 5, 5, 4, 4, 5, 5, 4, 5, 5, 5, 5]"
LEARNT,3.9333,1.0625,30,"[5, 4, 1, 4, 4, 3, 5, 5, 4, 4, 5, 4, 5, 3, 2, 3, 3, 4, 3, 3, 5, 5, 5, 4, 4, 2, 5, 5, 5, 4]"
LEATHER,4.8667,0.3399,30,"[5, 5, 5, 5, 5, 5, 5, 5, 5, 4, 5, 5, 5, 5, 5, 5, 5, 5, 5, 5, 5, 4, 5, 5, 5, 5, 5, 5, 4, 4]"
LEAVE,5.0,0.0,30,"[5, 5, 5, 5, 5, 5, 5, 5, 5, 5, 5, 5, 5, 5, 5, 5, 5, 5, 5, 5, 5, 5, 5, 5, 5, 5, 5, 5, 5, 5]"
LEISURELY,4.7333,0.5735,30,"[5, 4, 3, 5, 5, 5, 5, 5, 3, 4, 5, 5, 5, 4, 5, 5, 4, 5, 5, 5, 5, 5, 5, 5, 5, 5, 5, 5, 5, 5]"
LENGTH,4.8667,0.3399,30,"[5, 4, 5, 5, 5, 5, 5, 5, 5, 5, 5, 5, 5, 4, 4, 5, 5, 5, 5, 5, 5, 5, 4, 5, 5, 5, 5, 5, 5, 5]"
LENIENCY,4.5333,0.8844,30,"[5, 5, 5, 5, 5, 4, 5, 5, 5, 5, 4, 5, 5, 4, 5, 5, 4, 5, 2, 5, 3, 5, 5, 2, 3, 5, 5, 5, 5, 5]"
LETTERHEAD,4.6552,0.7084,29,"[5, 5, 5, 5, 5, 5, 5, 4, 2, 5, 5, 5, 5, 4, 5, 5, 4, 5, 5, 5, 4, 4, 5, 5, 5, 3, 5, 5, 5]"
LIEUTENANT,4.7,0.5859,30,"[5, 3, 5, 5, 5, 5, 5, 5, 5, 5, 5, 3, 5, 4, 5, 4, 5, 4, 5, 4, 5, 5, 4, 5, 5, 5, 5, 5, 5, 5]"
LIFE,4.931,0.2534,29,"[5, 5, 5, 5, 5, 5, 5, 5, 5, 5, 5, 5, 5, 4, 5, 5, 5, 5, 5, 5, 5, 4, 5, 5, 5, 5, 5, 5, 5]"
LIFEBOAT,4.75,0.6339,28,"[5, 5, 5, 3, 5, 5, 5, 5, 5, 5, 5, 5, 5, 4, 5, 5, 5, 5, 3, 5, 5, 3, 5, 5, 5, 5, 5, 5]"
LIFESTYLE,4.8667,0.3399,30,"[5, 5, 5, 5, 5, 5, 5, 5, 5, 5, 4, 5, 4, 5, 5, 5, 5, 5, 5, 5, 5, 4, 5, 5, 5, 5, 5, 5, 4, 5]"
LIFTER,4.5172,0.8146,29,"[5, 5, 5, 5, 5, 5, 5, 4, 3, 4, 5, 4, 5, 3, 5, 5, 3, 4, 5, 5, 4, 5, 5, 5, 5, 2, 5, 5, 5]"
LIGHTHEARTED,4.9,0.3,30,"[5, 5, 5, 5, 5, 5, 5, 5, 5, 5, 5, 5, 5, 5, 5, 5, 4, 5, 5, 5, 5, 5, 5, 4, 5, 5, 5, 4, 5, 5]"
LILIES,4.7586,0.6775,29,"[5, 3, 5, 5, 5, 5, 5, 5, 2, 5, 5, 5, 5, 5, 4, 5, 5, 5, 5, 5, 5, 5, 5, 4, 5, 5, 5, 5, 5]"
LILO,2.2414,1.454,29,"[5, 5, 1, 1, 2, 1, 1, 4, 5, 3, 3, 1, 2, 2, 1, 1, 3, 1, 4, 1, 3, 1, 1, 5, 3, 1, 1, 1, 2]"
LING,1.7586,1.25,29,"[1, 5, 1, 2, 2, 1, 5, 1, 2, 2, 1, 1, 1, 1, 1, 1, 3, 5, 3, 1, 2, 1, 1, 2, 1, 1, 1, 1, 1]"
LINGERIE,4.8333,0.4534,30,"[5, 5, 5, 5, 5, 4, 5, 5, 5, 4, 5, 5, 5, 5, 5, 5, 5, 5, 3, 5, 5, 5, 5, 5, 4, 5, 5, 5, 5, 5]"
LIONEL,3.4333,1.4761,30,"[5, 1, 2, 1, 4, 2, 2, 5, 4, 3, 2, 4, 5, 5, 2, 5, 3, 4, 3, 5, 3, 4, 1, 5, 2, 1, 5, 5, 5, 5]"
LIQUORS,4.8,0.4,30,"[5, 5, 5, 5, 5, 5, 5, 5, 4, 5, 5, 5, 4, 5, 4, 5, 5, 4, 5, 5, 5, 4, 5, 5, 5, 5, 4, 5, 5, 5]"
LITHIUM,4.5517,0.674,29,"[5, 5, 5, 4, 3, 4, 5, 5, 5, 5, 5, 4, 5, 4, 5, 4, 5, 5, 5, 4, 5, 5, 3, 5, 5, 5, 3, 5, 4]"
LITTERS,4.7241,0.6897,29,"[3, 5, 4, 2, 5, 5, 5, 5, 5, 5, 5, 5, 5, 4, 5, 5, 5, 5, 5, 5, 5, 4, 5, 5, 5, 5, 5, 5, 5]"
LITTLE,5.0,0.0,30,"[5, 5, 5, 5, 5, 5, 5, 5, 5, 5, 5, 5, 5, 5, 5, 5, 5, 5, 5, 5, 5, 5, 5, 5, 5, 5, 5, 5, 5, 5]"
LOCKER,4.931,0.2534,29,"[5, 5, 5, 5, 5, 5, 5, 5, 4, 5, 5, 5, 5, 5, 4, 5, 5, 5, 5, 5, 5, 5, 5, 5, 5, 5, 5, 5, 5]"
LODE,2.3103,1.2893,29,"[3, 1, 3, 3, 2, 1, 5, 1, 1, 2, 2, 2, 1, 2, 2, 2, 3, 3, 1, 3, 1, 1, 1, 5, 5, 2, 2, 5, 2]"
LOGBOOK,4.4333,0.8825,30,"[5, 5, 5, 4, 2, 3, 4, 5, 5, 5, 5, 5, 5, 3, 5, 5, 4, 5, 5, 5, 5, 5, 5, 3, 5, 5, 5, 3, 4, 3]"
LONDON,4.8276,0.3777,29,"[5, 5, 5, 5, 5, 5, 5, 5, 4, 5, 5, 5, 5, 4, 4, 5, 5, 5, 5, 4, 5, 5, 5, 5, 4, 5, 5, 5, 5]"
LONELIEST,4.8333,0.3727,30,"[5, 4, 5, 5, 5, 5, 5, 5, 4, 4, 5, 5, 5, 4, 5, 5, 4, 5, 5, 5, 5, 5, 5, 5, 5, 5, 5, 5, 5, 5]"
LONER,4.8333,0.4534,30,"[5, 5, 5, 5, 5, 5, 5, 5, 5, 3, 5, 5, 5, 5, 5, 5, 5, 5, 4, 5, 4, 5, 5, 5, 4, 5, 5, 5, 5, 5]"
LONGS,4.3793,1.1865,29,"[5, 5, 5, 5, 5, 5, 5, 1, 4, 5, 5, 2, 3, 3, 4, 5, 5, 5, 5, 5, 4, 5, 1, 5, 5, 5, 5, 5, 5]"
LOONY,4.4667,0.763,30,"[5, 5, 5, 5, 4, 5, 5, 4, 5, 2, 4, 4, 4, 5, 5, 3, 5, 5, 5, 5, 5, 4, 5, 5, 4, 5, 4, 5, 4, 3]"
LOSING,4.8966,0.3045,29,"[5, 5, 5, 5, 5, 4, 5, 5, 5, 5, 5, 5, 5, 4, 5, 5, 5, 5, 5, 5, 5, 5, 5, 5, 5, 5, 5, 5, 4]"
LOUISIANA,4.8,0.4761,30,"[5, 5, 5, 5, 5, 4, 5, 5, 5, 4, 5, 5, 5, 5, 5, 5, 5, 5, 4, 5, 5, 5, 5, 5, 4, 5, 5, 3, 5, 5]"
LOVERLY,2.4667,1.4996,30,"[2, 3, 5, 2, 5, 4, 4, 1, 2, 2, 1, 1, 5, 2, 1, 1, 5, 2, 1, 1, 1, 1, 2, 3, 5, 2, 4, 4, 1, 1]"
LOVERS,4.9655,0.1825,29,"[5, 5, 5, 5, 5, 5, 5, 5, 5, 5, 5, 5, 5, 5, 5, 5, 5, 5, 5, 5, 5, 5, 4, 5, 5, 5, 5, 5, 5]"
LUCID,4.5333,0.8459,30,"[5, 4, 5, 5, 5, 5, 4, 5, 5, 5, 5, 4, 5, 4, 2, 5, 5, 3, 5, 4, 2, 5, 4, 5, 5, 5, 5, 5, 5, 5]"
LUMPS,4.931,0.2534,29,"[5, 4, 5, 5, 5, 5, 5, 5, 5, 5, 5, 5, 5, 5, 4, 5, 5, 5, 5, 5, 5, 5, 5, 5, 5, 5, 5, 5, 5]"
LUNACY,4.6897,0.6488,29,"[5, 4, 4, 5, 5, 5, 2, 4, 4, 5, 5, 5, 5, 5, 4, 5, 4, 5, 5, 5, 5, 5, 5, 5, 5, 5, 5, 5, 5]"
LUNG,4.7667,0.8035,30,"[5, 3, 5, 5, 5, 5, 5, 5, 5, 5, 1, 5, 5, 5, 5, 5, 5, 5, 5, 5, 5, 5, 5, 5, 4, 5, 5, 5, 5, 5]"
LUPUS,3.9333,1.0934,30,"[4, 2, 4, 5, 3, 5, 5, 5, 2, 3, 5, 5, 5, 5, 4, 3, 5, 5, 4, 5, 5, 4, 3, 2, 3, 3, 4, 5, 3, 2]"
LURCH,4.0667,0.9638,30,"[5, 4, 2, 3, 5, 4, 5, 5, 1, 4, 5, 4, 4, 4, 5, 4, 3, 4, 4, 5, 5, 4, 3, 5, 3, 5, 4, 4, 5, 4]"
LUTHER,3.5,1.3354,30,"[3, 4, 1, 2, 4, 3, 1, 5, 5, 4, 4, 5, 5, 1, 4, 3, 4, 5, 4, 4, 2, 3, 1, 2, 4, 5, 3, 4, 5, 5]"
LYCANTHROPE,2.6667,1.5776,30,"[5, 2, 5, 1, 5, 2, 1, 2, 2, 2, 1, 2, 1, 5, 1, 4, 1, 1, 1, 3, 3, 1, 5, 4, 5, 3, 4, 2, 1, 5]"
LYMPHOMA,3.8621,1.3319,29,"[3, 4, 1, 5, 3, 3, 4, 4, 5, 5, 2, 5, 5, 2, 5, 5, 5, 1, 1, 5, 5, 4, 4, 5, 4, 5, 4, 5, 3]"
LYNN,2.6667,1.5776,30,"[2, 2, 5, 2, 1, 4, 1, 5, 5, 3, 5, 3, 3, 2, 1, 1, 1, 3, 1, 1, 1, 1, 1, 4, 5, 3, 5, 3, 5, 1]"
MACBETH,4.1333,1.2037,30,"[3, 3, 5, 3, 5, 4, 5, 5, 5, 5, 5, 2, 5, 3, 5, 5, 1, 3, 5, 2, 2, 4, 4, 5, 5, 5, 5, 5, 5, 5]"
MACH,3.4,1.3064,30,"[5, 2, 5, 1, 5, 5, 5, 2, 2, 2, 1, 2, 3, 3, 4, 3, 5, 2, 3, 4, 4, 2, 3, 4, 5, 3, 5, 5, 4, 3]"
MADONNA,4.6897,0.5933,29,"[5, 5, 5, 5, 5, 5, 5, 4, 5, 5, 5, 5, 5, 5, 5, 5, 4, 5, 5, 5, 4, 5, 5, 4, 5, 3, 5, 4, 3]"
MADRID,4.5,0.922,30,"[5, 5, 5, 5, 5, 5, 5, 5, 4, 5, 5, 2, 4, 5, 4, 4, 5, 4, 5, 5, 5, 4, 5, 5, 5, 4, 5, 4, 5, 1]"
MAHJONG,3.8621,1.1364,29,"[3, 5, 4, 3, 4, 3, 5, 5, 4, 5, 4, 5, 1, 2, 4, 5, 4, 1, 3, 5, 4, 3, 4, 5, 5, 5, 3, 4, 4]"
MAILBOX,4.931,0.2534,29,"[5, 5, 5, 4, 5, 5, 5, 5, 5, 5, 5, 5, 5, 4, 5, 5, 5, 5, 5, 5, 5, 5, 5, 5, 5, 5, 5, 5, 5]"
MAJESTIC,4.75,0.5748,28,"[5, 5, 5, 3, 5, 4, 5, 5, 5, 5, 5, 5, 5, 4, 5, 5, 5, 5, 5, 5, 5, 3, 5, 5, 5, 5, 5, 4]"
MAJORING,4.3667,1.016,30,"[5, 2, 5, 2, 5, 5, 5, 5, 5, 5, 3, 4, 5, 4, 2, 3, 5, 4, 5, 4, 3, 5, 5, 5, 5, 5, 5, 5, 5, 5]"
MALACHITE,2.6835,1.5224,237,"[1, 3, 1, 3, 2, 1, 5, 2, 2, 3, 2, 5, 4, 2, 4, 4, 1, 1, 1, 3, 5, 2, 1, 1, 2, 1, 5, 2, 5, 4, 4, 1, 1, 4, 1, 1, 1, 4, 3, 2, 3, 1, 3, 4, 1, 1, 4, 5, 5, 5, 1, 2, 2, 1, 3, 3, 3, 5, 1, 2, 2, 1, 2, 2, 4, 3, 5, 3, 1, 1, 3, 5, 5, 4, 3, 2, 1, 5, 3, 3, 3, 3, 1, 3, 1, 3, 3, 2, 3, 5, 1, 5, 1, 2, 2, 5, 5, 1, 5, 1, 1, 1, 1, 1, 1, 2, 5, 1, 3, 4, 1, 1, 1, 1, 5, 1, 5, 5, 1, 5, 1, 1, 3, 1, 1, 3, 5, 1, 1, 5, 1, 1, 3, 5, 2, 5, 1, 1, 1, 2, 5, 1, 1, 5, 3, 1, 5, 5, 1, 1, 2, 3, 4, 1, 5, 1, 1, 3, 2, 1, 3, 2, 3, 1, 4, 5, 1, 4, 1, 2, 1, 5, 4, 2, 2, 2, 2, 4, 3, 5, 2, 5, 4, 2, 5, 3, 3, 1, 1, 1, 3, 1, 5, 3, 1, 1, 3, 3, 2, 4, 4, 3, 3, 5, 4, 4, 2, 1, 5, 1, 1, 5, 2, 3, 5, 3, 4, 4, 4, 2, 2, 3, 3, 2, 3, 2, 1, 1, 1, 1, 5, 4, 5, 5, 5, 5, 5]"
MALAY,2.6,1.2543,30,"[1, 2, 5, 1, 3, 1, 4, 1, 3, 1, 2, 3, 2, 3, 1, 1, 2, 4, 3, 3, 1, 3, 4, 3, 3, 5, 2, 5, 3, 3]"
MAMMAL,4.931,0.2534,29,"[5, 5, 5, 5, 5, 5, 5, 5, 5, 5, 5, 5, 5, 4, 5, 5, 5, 5, 5, 5, 5, 4, 5, 5, 5, 5, 5, 5, 5]"
MANACLED,3.0,1.6125,30,"[3, 3, 4, 3, 1, 5, 3, 5, 5, 2, 1, 3, 1, 1, 4, 5, 1, 2, 1, 5, 5, 5, 1, 2, 1, 5, 3, 1, 5, 4]"
MANE,4.5667,0.7157,30,"[5, 5, 3, 5, 4, 5, 5, 5, 5, 4, 5, 5, 5, 3, 5, 5, 3, 5, 5, 4, 5, 4, 3, 5, 4, 5, 5, 5, 5, 5]"
MANGLES,3.7,1.2423,30,"[5, 5, 5, 5, 3, 2, 5, 5, 5, 4, 3, 3, 3, 5, 2, 1, 5, 4, 5, 4, 2, 2, 5, 2, 3, 5, 3, 3, 4, 3]"
MANHATTAN,4.6667,0.6992,30,"[5, 5, 5, 5, 5, 4, 5, 5, 5, 3, 5, 5, 5, 5, 5, 5, 5, 5, 4, 5, 3, 5, 5, 5, 3, 5, 5, 3, 5, 5]"
MANIFEST,4.6207,0.6651,29,"[5, 5, 4, 5, 5, 5, 5, 3, 4, 5, 5, 3, 5, 3, 5, 5, 4, 5, 5, 5, 4, 5, 5, 5, 5, 4, 5, 5, 5]"
MANILA,4.0345,1.3514,29,"[5, 5, 3, 5, 5, 3, 5, 4, 5, 5, 2, 5, 4, 1, 3, 5, 5, 1, 5, 5, 5, 3, 5, 5, 5, 5, 1, 4, 3]"
MANNEQUIN,4.75,0.5089,28,"[5, 4, 5, 5, 5, 5, 5, 5, 3, 5, 5, 5, 5, 5, 4, 5, 5, 5, 5, 5, 4, 5, 4, 4, 5, 5, 5, 5]"
MANNER,4.8333,0.3727,30,"[5, 5, 5, 5, 5, 5, 5, 5, 5, 5, 5, 4, 5, 4, 5, 5, 5, 4, 5, 5, 4, 5, 4, 5, 5, 5, 5, 5, 5, 5]"
MANOEUVRE,3.7241,1.387,29,"[5, 1, 3, 2, 4, 5, 5, 3, 4, 3, 1, 5, 4, 5, 4, 1, 5, 5, 5, 4, 5, 5, 5, 3, 3, 1, 3, 4, 5]"
MANPOWER,4.7931,0.4828,29,"[5, 5, 5, 3, 5, 5, 5, 5, 5, 4, 5, 5, 5, 5, 5, 5, 5, 4, 5, 4, 5, 5, 5, 4, 5, 5, 5, 5, 5]"
MANTUA,1.3448,0.6032,29,"[1, 2, 1, 1, 2, 1, 2, 1, 2, 2, 1, 1, 3, 1, 1, 1, 2, 1, 1, 1, 1, 1, 1, 1, 1, 1, 3, 1, 1]"
MANUFACTURING,4.9667,0.1795,30,"[5, 5, 5, 5, 5, 5, 5, 5, 5, 4, 5, 5, 5, 5, 5, 5, 5, 5, 5, 5, 5, 5, 5, 5, 5, 5, 5, 5, 5, 5]"
MAPLE,4.8333,0.3727,30,"[4, 4, 5, 5, 5, 5, 5, 5, 5, 5, 5, 4, 5, 5, 5, 5, 5, 5, 5, 5, 4, 5, 4, 5, 5, 5, 5, 5, 5, 5]"
MARA,1.9,1.2207,30,"[3, 3, 1, 4, 1, 3, 1, 5, 5, 1, 3, 2, 1, 1, 1, 1, 1, 2, 1, 1, 1, 1, 2, 3, 2, 1, 1, 1, 3, 1]"
MARC,3.7241,1.1416,29,"[4, 3, 3, 5, 3, 3, 5, 2, 3, 3, 3, 5, 4, 5, 4, 1, 4, 4, 4, 4, 5, 4, 5, 3, 3, 5, 5, 1, 5]"
MARCEL,2.3,1.3454,30,"[5, 3, 1, 4, 1, 3, 5, 1, 4, 5, 1, 1, 2, 1, 4, 2, 2, 3, 1, 2, 1, 1, 1, 1, 3, 2, 3, 1, 2, 3]"
MARITAL,4.6,0.6633,30,"[5, 5, 5, 5, 5, 3, 5, 5, 5, 3, 4, 5, 5, 5, 5, 3, 5, 5, 5, 5, 5, 4, 5, 5, 4, 5, 4, 5, 4, 4]"
MARKERS,4.9333,0.2494,30,"[5, 5, 5, 5, 5, 5, 5, 5, 5, 5, 5, 5, 4, 5, 5, 5, 5, 5, 5, 5, 5, 5, 5, 4, 5, 5, 5, 5, 5, 5]"
MARKETING,4.8667,0.3399,30,"[5, 5, 5, 5, 5, 4, 5, 5, 5, 4, 5, 5, 5, 5, 5, 5, 5, 5, 4, 5, 4, 5, 5, 5, 5, 5, 5, 5, 5, 5]"
MARMOSET,2.6333,1.4488,30,"[1, 1, 1, 1, 1, 1, 2, 5, 1, 3, 3, 5, 4, 4, 3, 5, 2, 5, 2, 2, 3, 2, 1, 2, 2, 5, 5, 2, 2, 3]"
MARROW,4.7586,0.4279,29,"[4, 4, 5, 5, 5, 5, 5, 4, 4, 5, 5, 5, 5, 5, 4, 4, 5, 5, 5, 5, 5, 5, 5, 5, 4, 5, 5, 5, 5]"
MARS,4.8621,0.4334,29,"[5, 5, 5, 5, 5, 5, 4, 5, 5, 4, 5, 5, 5, 5, 5, 5, 5, 5, 5, 5, 5, 5, 5, 5, 5, 5, 3, 5, 5]"
MARTIN,3.8333,1.4851,30,"[5, 5, 5, 1, 5, 3, 1, 5, 5, 4, 3, 1, 5, 5, 2, 5, 3, 5, 3, 5, 3, 5, 5, 5, 2, 1, 5, 3, 5, 5]"
MARTINIS,4.5333,0.6182,30,"[5, 5, 5, 5, 4, 5, 5, 4, 4, 3, 4, 5, 4, 5, 5, 3, 5, 5, 5, 4, 5, 4, 5, 5, 4, 5, 5, 5, 4, 4]"
MASHED,4.7667,0.8035,30,"[5, 5, 5, 5, 5, 5, 5, 5, 5, 5, 5, 5, 1, 4, 5, 5, 3, 5, 5, 5, 5, 5, 5, 5, 5, 5, 5, 5, 5, 5]"
MASOCHISTIC,3.8333,1.5723,30,"[5, 5, 5, 4, 1, 1, 4, 5, 5, 5, 2, 4, 5, 5, 5, 5, 2, 2, 5, 5, 5, 5, 5, 3, 1, 1, 5, 1, 5, 4]"
MASS,4.8966,0.3045,29,"[5, 5, 5, 5, 5, 5, 5, 5, 5, 5, 5, 5, 5, 5, 5, 5, 5, 5, 5, 5, 4, 5, 5, 5, 4, 5, 4, 5, 5]"
MASSIVE,4.6667,0.5963,30,"[5, 5, 5, 5, 5, 5, 5, 5, 5, 3, 5, 5, 4, 5, 5, 4, 5, 5, 5, 4, 5, 4, 5, 5, 5, 5, 5, 3, 4, 4]"
MAST,3.9,1.3,30,"[4, 2, 5, 1, 5, 5, 3, 5, 5, 5, 5, 2, 4, 4, 5, 4, 1, 2, 3, 4, 4, 3, 4, 5, 5, 2, 5, 5, 5, 5]"
MASTIFF,4.069,1.3113,29,"[3, 5, 1, 5, 5, 3, 4, 5, 4, 5, 4, 5, 5, 1, 5, 5, 4, 5, 1, 5, 5, 3, 5, 5, 2, 5, 4, 4, 5]"
MAT,4.8621,0.3448,29,"[5, 5, 5, 5, 5, 5, 5, 4, 5, 5, 5, 4, 5, 5, 5, 5, 4, 5, 5, 5, 4, 5, 5, 5, 5, 5, 5, 5, 5]"
MATADOR,4.2,1.0132,30,"[4, 5, 5, 4, 4, 5, 5, 4, 5, 2, 2, 5, 4, 5, 5, 3, 5, 5, 5, 5, 2, 4, 5, 5, 3, 5, 3, 5, 4, 3]"
MATCHES,4.931,0.2534,29,"[5, 5, 5, 4, 5, 5, 5, 5, 5, 4, 5, 5, 5, 5, 5, 5, 5, 5, 5, 5, 5, 5, 5, 5, 5, 5, 5, 5, 5]"
MATILDA,4.1333,1.147,30,"[5, 5, 5, 5, 3, 5, 4, 4, 5, 5, 5, 2, 4, 4, 3, 5, 2, 4, 5, 5, 5, 5, 5, 2, 4, 5, 5, 1, 4, 3]"
MATRIMONY,4.8333,0.6368,30,"[5, 5, 5, 5, 5, 5, 5, 5, 5, 5, 5, 5, 5, 5, 5, 5, 5, 5, 2, 5, 5, 5, 5, 5, 3, 5, 5, 5, 5, 5]"
MATTRESS,4.931,0.2534,29,"[5, 5, 5, 5, 5, 5, 5, 5, 5, 5, 5, 5, 5, 5, 5, 5, 5, 5, 5, 5, 4, 5, 5, 5, 5, 5, 5, 4, 5]"
MAYA,3.1333,1.5434,30,"[5, 5, 1, 1, 1, 3, 1, 5, 3, 3, 1, 5, 3, 3, 3, 1, 3, 5, 2, 1, 3, 5, 2, 5, 2, 5, 5, 3, 5, 4]"
MAYHEM,4.8276,0.5913,29,"[5, 5, 5, 5, 5, 5, 5, 5, 4, 5, 5, 5, 5, 5, 4, 5, 5, 5, 5, 5, 5, 5, 5, 2, 5, 5, 5, 5, 5]"
MEAD,3.7931,1.3488,29,"[5, 5, 5, 5, 1, 4, 4, 4, 2, 4, 5, 4, 2, 1, 3, 3, 5, 3, 5, 5, 3, 5, 5, 5, 5, 3, 3, 1, 5]"
MEADOWLARK,3.2414,1.5235,29,"[2, 3, 5, 2, 1, 5, 5, 5, 1, 2, 5, 1, 3, 3, 2, 5, 5, 2, 2, 1, 2, 3, 5, 5, 5, 4, 5, 2, 3]"
MEATBALL,4.9667,0.1795,30,"[5, 5, 5, 5, 5, 5, 5, 5, 5, 5, 5, 5, 5, 5, 5, 5, 5, 5, 5, 5, 5, 5, 5, 4, 5, 5, 5, 5, 5, 5]"
MEDITATING,4.7333,0.5735,30,"[5, 5, 5, 5, 5, 5, 5, 5, 5, 5, 3, 5, 5, 5, 5, 5, 5, 5, 3, 5, 4, 4, 5, 5, 4, 5, 4, 5, 5, 5]"
MEGA,4.6207,0.7617,29,"[3, 5, 3, 5, 5, 3, 5, 5, 5, 5, 5, 5, 5, 4, 5, 5, 5, 5, 5, 5, 5, 3, 5, 5, 5, 5, 5, 3, 5]"
MEKONG,1.9489,1.3231,235,"[3, 1, 1, 2, 4, 1, 5, 1, 1, 1, 5, 4, 1, 2, 1, 1, 1, 3, 1, 5, 1, 2, 1, 3, 3, 3, 1, 1, 1, 2, 2, 5, 2, 1, 1, 4, 1, 5, 1, 2, 1, 1, 1, 1, 1, 2, 2, 4, 2, 1, 2, 3, 1, 2, 1, 3, 2, 3, 3, 1, 1, 1, 1, 1, 3, 2, 4, 2, 1, 1, 5, 1, 5, 2, 2, 1, 2, 1, 1, 3, 4, 1, 2, 2, 1, 1, 3, 1, 2, 5, 2, 1, 1, 1, 4, 5, 1, 5, 2, 1, 1, 3, 5, 1, 2, 4, 5, 2, 1, 2, 1, 2, 1, 3, 1, 4, 1, 2, 1, 1, 1, 3, 1, 1, 3, 2, 5, 1, 5, 1, 1, 1, 1, 2, 1, 5, 1, 1, 1, 1, 1, 1, 1, 1, 1, 1, 1, 1, 1, 2, 1, 1, 2, 1, 1, 2, 2, 1, 1, 1, 3, 2, 3, 1, 1, 3, 1, 2, 1, 2, 5, 1, 1, 3, 1, 1, 1, 5, 1, 1, 3, 1, 1, 2, 4, 1, 2, 1, 3, 1, 3, 1, 1, 1, 1, 1, 1, 3, 1, 1, 3, 4, 3, 1, 1, 5, 5, 1, 1, 1, 1, 1, 4, 1, 1, 1, 4, 5, 1, 5, 1, 1, 4, 2, 1, 1, 1, 1, 1, 1, 5, 1, 1, 2, 1]"
MEL,2.1724,1.3149,29,"[1, 5, 2, 3, 2, 3, 2, 1, 1, 3, 5, 2, 4, 1, 3, 1, 2, 4, 5, 1, 2, 1, 1, 2, 2, 1, 1, 1, 1]"
MELONS,4.9,0.3,30,"[5, 5, 5, 5, 5, 5, 5, 5, 5, 4, 5, 5, 5, 5, 5, 4, 5, 5, 5, 5, 5, 5, 5, 5, 5, 5, 4, 5, 5, 5]"
MEMENTOS,4.7,0.526,30,"[5, 4, 5, 4, 5, 5, 5, 5, 3, 4, 5, 5, 5, 4, 5, 5, 4, 5, 4, 5, 5, 5, 5, 5, 4, 5, 5, 5, 5, 5]"
MEMO,4.7931,0.4051,29,"[4, 5, 4, 5, 5, 4, 5, 5, 5, 5, 5, 5, 5, 4, 5, 5, 5, 5, 5, 5, 5, 4, 5, 5, 5, 5, 5, 5, 4]"
MERCURY,4.6897,0.6488,29,"[5, 5, 3, 3, 5, 3, 5, 5, 5, 5, 5, 5, 5, 4, 5, 5, 5, 5, 5, 5, 5, 4, 5, 5, 5, 5, 5, 5, 4]"
MERINGUE,3.7667,1.5206,30,"[5, 5, 1, 1, 2, 5, 3, 5, 5, 4, 3, 5, 5, 4, 3, 5, 5, 5, 2, 5, 4, 5, 1, 2, 2, 5, 5, 1, 5, 5]"
MERLIN,3.8333,1.2134,30,"[5, 4, 1, 2, 5, 3, 5, 3, 5, 4, 4, 5, 5, 2, 4, 5, 2, 4, 3, 3, 5, 3, 3, 2, 5, 5, 3, 5, 5, 5]"
MESDAMES,1.3793,0.8057,29,"[1, 1, 2, 1, 1, 1, 2, 1, 1, 2, 2, 1, 1, 1, 1, 1, 2, 1, 1, 1, 1, 1, 1, 5, 2, 1, 1, 2, 1]"
MESSIAH,4.7241,0.6897,29,"[5, 5, 5, 5, 5, 5, 5, 4, 5, 5, 2, 4, 5, 4, 5, 5, 5, 5, 5, 5, 5, 5, 5, 5, 5, 3, 5, 5, 5]"
METED,2.8667,1.6275,30,"[5, 5, 2, 1, 1, 3, 4, 5, 5, 3, 1, 5, 5, 2, 3, 1, 3, 5, 4, 2, 1, 2, 1, 1, 2, 5, 5, 1, 2, 1]"
METHODICAL,4.7241,0.6897,29,"[5, 5, 5, 5, 5, 5, 5, 4, 4, 5, 2, 3, 5, 5, 5, 5, 5, 5, 5, 5, 4, 5, 5, 5, 5, 5, 5, 5, 5]"
METHODOLOGIES,4.0,1.1447,29,"[5, 5, 3, 5, 5, 5, 3, 4, 4, 3, 1, 3, 5, 4, 5, 3, 5, 5, 5, 4, 4, 1, 5, 5, 4, 3, 4, 5, 3]"
METRONOME,4.1379,1.1056,29,"[5, 5, 5, 5, 5, 2, 2, 4, 5, 4, 2, 5, 5, 3, 4, 5, 3, 5, 5, 5, 3, 2, 3, 5, 5, 4, 4, 5, 5]"
METTLE,3.8667,1.335,30,"[5, 4, 1, 4, 5, 5, 5, 5, 2, 4, 5, 5, 4, 2, 4, 1, 5, 4, 2, 5, 4, 4, 3, 5, 4, 3, 5, 1, 5, 5]"
MICKY,3.4333,1.4533,30,"[3, 4, 2, 3, 1, 3, 5, 4, 4, 5, 1, 5, 5, 2, 3, 5, 1, 3, 5, 5, 2, 3, 1, 2, 5, 4, 5, 2, 5, 5]"
MICRO,4.7333,0.5735,30,"[5, 5, 5, 5, 5, 3, 5, 5, 5, 5, 4, 5, 5, 5, 5, 5, 3, 5, 4, 5, 4, 5, 5, 5, 4, 5, 5, 5, 5, 5]"
MIDNIGHT,4.9655,0.1825,29,"[5, 5, 5, 5, 5, 5, 5, 5, 4, 5, 5, 5, 5, 5, 5, 5, 5, 5, 5, 5, 5, 5, 5, 5, 5, 5, 5, 5, 5]"
MIDSECTION,4.6897,0.5933,29,"[5, 5, 5, 5, 5, 5, 5, 4, 5, 5, 5, 3, 5, 3, 4, 5, 5, 4, 5, 5, 4, 5, 5, 5, 5, 4, 5, 5, 5]"
MIDTERM,4.9667,0.1795,30,"[5, 5, 5, 5, 4, 5, 5, 5, 5, 5, 5, 5, 5, 5, 5, 5, 5, 5, 5, 5, 5, 5, 5, 5, 5, 5, 5, 5, 5, 5]"
MIFFED,3.6667,1.422,30,"[2, 3, 5, 5, 2, 2, 4, 5, 5, 5, 5, 3, 1, 4, 5, 5, 1, 2, 5, 5, 5, 3, 5, 3, 2, 5, 4, 1, 4, 4]"
MIGRATE,4.9333,0.2494,30,"[5, 4, 5, 5, 5, 5, 5, 5, 5, 5, 5, 5, 5, 5, 4, 5, 5, 5, 5, 5, 5, 5, 5, 5, 5, 5, 5, 5, 5, 5]"
MILAN,3.6552,1.3964,29,"[2, 5, 1, 5, 5, 5, 5, 2, 5, 1, 3, 5, 3, 5, 5, 1, 3, 5, 2, 3, 4, 3, 5, 4, 3, 5, 5, 3, 3]"
MILESTONE,4.8621,0.3448,29,"[5, 5, 5, 5, 5, 5, 5, 5, 5, 5, 5, 4, 5, 5, 5, 5, 4, 5, 5, 5, 5, 5, 4, 5, 5, 5, 4, 5, 5]"
MILLARD,2.1724,1.3149,29,"[5, 2, 1, 3, 1, 1, 2, 1, 2, 3, 5, 2, 3, 1, 3, 2, 2, 1, 2, 2, 1, 5, 1, 5, 2, 1, 2, 1, 1]"
MILLER,3.9667,1.1968,30,"[2, 5, 5, 5, 4, 5, 5, 3, 5, 3, 2, 5, 2, 4, 5, 2, 5, 5, 5, 2, 2, 4, 5, 5, 3, 5, 4, 5, 4, 3]"
MILLY,2.1667,1.2931,30,"[2, 2, 5, 1, 1, 2, 1, 1, 3, 3, 1, 1, 5, 2, 1, 1, 5, 2, 1, 1, 1, 1, 2, 3, 3, 3, 4, 3, 3, 1]"
MINA,1.6667,0.9428,30,"[1, 2, 5, 1, 1, 2, 1, 1, 2, 2, 1, 1, 2, 2, 1, 1, 2, 1, 1, 1, 1, 4, 2, 3, 2, 1, 2, 1, 2, 1]"
MINGLE,4.7,0.781,30,"[5, 4, 1, 5, 5, 5, 5, 5, 5, 4, 5, 5, 5, 4, 5, 5, 5, 5, 4, 5, 5, 5, 5, 5, 4, 5, 5, 5, 5, 5]"
MINK,4.0333,1.1686,30,"[4, 2, 5, 4, 5, 5, 5, 5, 5, 4, 5, 3, 5, 3, 4, 5, 1, 3, 5, 2, 3, 2, 4, 5, 4, 3, 5, 5, 5, 5]"
MINNIE,3.5517,1.6523,29,"[5, 5, 2, 1, 3, 1, 5, 1, 5, 3, 5, 5, 4, 2, 3, 5, 5, 5, 5, 5, 5, 1, 5, 5, 3, 1, 5, 1, 2]"
MISCALCULATED,4.8667,0.3399,30,"[5, 5, 5, 5, 4, 5, 5, 5, 5, 5, 5, 5, 4, 5, 5, 5, 5, 4, 5, 5, 5, 5, 5, 4, 5, 5, 5, 5, 5, 5]"
MISCONCEPTIONS,4.7333,0.5121,30,"[5, 5, 5, 5, 5, 5, 5, 5, 5, 4, 5, 5, 4, 5, 5, 3, 5, 5, 5, 5, 5, 4, 5, 5, 5, 5, 4, 5, 4, 4]"
MISPRONOUNCE,4.9,0.3,30,"[5, 5, 5, 5, 5, 5, 5, 5, 5, 5, 5, 5, 4, 5, 5, 5, 5, 4, 5, 5, 5, 5, 5, 4, 5, 5, 5, 5, 5, 5]"
MISTY,4.5333,0.718,30,"[5, 5, 5, 5, 3, 5, 5, 5, 5, 3, 4, 5, 4, 5, 5, 3, 5, 5, 5, 3, 5, 4, 5, 5, 4, 5, 5, 5, 4, 4]"
MITTS,4.5172,0.9692,29,"[5, 5, 2, 3, 5, 2, 5, 5, 5, 4, 5, 5, 5, 4, 2, 5, 4, 5, 5, 5, 5, 5, 5, 5, 5, 5, 5, 5, 5]"
MIXING,5.0,0.0,30,"[5, 5, 5, 5, 5, 5, 5, 5, 5, 5, 5, 5, 5, 5, 5, 5, 5, 5, 5, 5, 5, 5, 5, 5, 5, 5, 5, 5, 5, 5]"
MOAT,4.4828,0.8146,29,"[4, 4, 5, 5, 5, 5, 5, 3, 4, 5, 4, 5, 5, 5, 4, 5, 5, 5, 5, 5, 5, 5, 5, 3, 4, 2, 5, 5, 3]"
MOLESTING,4.8333,0.4534,30,"[5, 5, 5, 5, 5, 4, 5, 5, 5, 4, 5, 5, 5, 5, 5, 5, 5, 5, 3, 5, 5, 5, 5, 5, 4, 5, 5, 5, 5, 5]"
MOMENTARILY,4.8571,0.4403,28,"[5, 5, 5, 5, 5, 5, 5, 5, 5, 5, 5, 5, 5, 5, 5, 5, 5, 3, 5, 4, 5, 5, 5, 4, 5, 5, 5, 5]"
MONDO,2.0333,1.3034,30,"[2, 1, 5, 1, 1, 4, 2, 2, 2, 2, 1, 3, 1, 1, 1, 1, 1, 1, 1, 2, 1, 1, 4, 4, 4, 1, 3, 2, 5, 1]"
MONKEY,4.931,0.2534,29,"[5, 5, 5, 5, 5, 5, 5, 5, 5, 5, 5, 5, 5, 4, 5, 5, 5, 5, 5, 5, 5, 4, 5, 5, 5, 5, 5, 5, 5]"
MONORAIL,4.2333,1.0858,30,"[3, 5, 5, 5, 2, 3, 4, 4, 5, 5, 5, 4, 4, 2, 4, 5, 5, 2, 5, 5, 5, 5, 5, 3, 5, 5, 5, 2, 5, 5]"
MONSIGNOR,2.8276,1.7234,29,"[5, 1, 1, 1, 1, 4, 3, 5, 5, 1, 3, 3, 5, 5, 3, 5, 4, 5, 2, 1, 3, 1, 1, 1, 5, 1, 1, 5, 1]"
MONTEREY,3.8333,1.2405,30,"[5, 3, 2, 5, 4, 3, 5, 5, 4, 5, 5, 5, 5, 3, 5, 3, 3, 4, 3, 5, 5, 3, 1, 2, 2, 5, 3, 2, 5, 5]"
MONTGOMERY,3.5862,1.4743,29,"[5, 5, 3, 2, 2, 1, 5, 3, 5, 3, 5, 5, 2, 4, 3, 5, 4, 5, 5, 5, 5, 1, 5, 5, 3, 1, 3, 1, 3]"
MONTREAL,4.6667,0.5375,30,"[5, 5, 5, 5, 4, 5, 5, 5, 5, 4, 5, 5, 5, 4, 5, 5, 4, 5, 5, 5, 5, 3, 4, 4, 4, 5, 5, 4, 5, 5]"
MOOLAH,3.9667,1.016,30,"[4, 4, 2, 3, 5, 4, 5, 3, 2, 3, 5, 5, 5, 3, 4, 4, 3, 5, 5, 3, 5, 4, 5, 5, 2, 3, 4, 4, 5, 5]"
MOOSE,4.8276,0.5913,29,"[5, 5, 5, 5, 5, 5, 5, 5, 5, 5, 5, 5, 5, 5, 5, 5, 5, 2, 5, 5, 5, 5, 5, 4, 5, 5, 5, 4, 5]"
MORBID,4.7667,0.7608,30,"[5, 5, 5, 5, 5, 5, 5, 5, 4, 5, 5, 5, 4, 5, 5, 5, 1, 5, 5, 5, 5, 4, 5, 5, 5, 5, 5, 5, 5, 5]"
MORPH,4.6897,0.5933,29,"[5, 5, 5, 3, 5, 3, 5, 5, 5, 5, 5, 5, 5, 4, 5, 5, 4, 5, 5, 5, 5, 4, 5, 5, 5, 5, 5, 4, 4]"
MORROW,3.4333,1.2297,30,"[5, 5, 2, 2, 5, 2, 3, 3, 3, 4, 3, 3, 5, 5, 2, 5, 2, 4, 2, 2, 3, 3, 4, 5, 3, 1, 4, 5, 3, 5]"
MORTGAGES,4.6552,0.7555,29,"[3, 5, 5, 2, 5, 4, 5, 5, 5, 5, 5, 5, 5, 4, 5, 5, 5, 5, 5, 5, 5, 3, 5, 5, 5, 5, 5, 5, 4]"
MOTHBALLS,4.6,0.6633,30,"[5, 4, 3, 5, 5, 5, 5, 5, 5, 4, 5, 5, 5, 4, 5, 5, 4, 5, 5, 5, 5, 4, 3, 5, 3, 5, 5, 4, 5, 5]"
MOVIE,5.0,0.0,30,"[5, 5, 5, 5, 5, 5, 5, 5, 5, 5, 5, 5, 5, 5, 5, 5, 5, 5, 5, 5, 5, 5, 5, 5, 5, 5, 5, 5, 5, 5]"
MUCHACHOS,3.1,1.2477,30,"[2, 2, 5, 1, 5, 4, 1, 5, 3, 3, 3, 2, 1, 2, 2, 3, 5, 2, 3, 2, 3, 4, 4, 3, 3, 4, 5, 3, 5, 3]"
MUDDY,4.8621,0.4334,29,"[5, 5, 5, 5, 5, 5, 5, 5, 5, 3, 5, 5, 5, 4, 5, 5, 5, 5, 5, 5, 5, 4, 5, 5, 5, 5, 5, 5, 5]"
MUFFINS,4.8621,0.3448,29,"[5, 5, 5, 5, 5, 5, 5, 4, 5, 5, 5, 5, 5, 4, 5, 5, 5, 5, 5, 5, 5, 4, 5, 5, 5, 5, 5, 5, 4]"
MULLET,4.5,0.6708,30,"[4, 4, 5, 4, 4, 5, 5, 5, 4, 5, 3, 5, 5, 3, 4, 5, 4, 5, 5, 5, 5, 4, 5, 5, 4, 5, 5, 3, 5, 5]"
MULLIGAN,3.7,1.2949,30,"[3, 4, 4, 5, 4, 3, 3, 3, 5, 5, 5, 5, 1, 1, 3, 5, 3, 3, 5, 5, 5, 5, 5, 3, 2, 5, 3, 3, 4, 1]"
MULTIFACETED,4.069,1.4367,29,"[4, 5, 1, 4, 5, 2, 5, 4, 5, 5, 3, 5, 5, 1, 5, 5, 5, 1, 1, 5, 5, 3, 5, 5, 5, 5, 5, 5, 4]"
MUMBLING,4.8966,0.3045,29,"[5, 4, 5, 5, 5, 5, 5, 5, 4, 5, 5, 5, 5, 5, 4, 5, 5, 5, 5, 5, 5, 5, 5, 5, 5, 5, 5, 5, 5]"
MUSE,4.3793,1.1865,29,"[5, 5, 1, 3, 5, 4, 5, 5, 5, 5, 4, 5, 5, 2, 5, 5, 5, 1, 5, 5, 5, 4, 5, 5, 5, 5, 5, 5, 3]"
MUST,4.9667,0.1795,30,"[5, 5, 5, 5, 5, 5, 5, 5, 5, 5, 5, 5, 5, 5, 5, 5, 5, 5, 5, 5, 5, 5, 5, 5, 4, 5, 5, 5, 5, 5]"
MUTILATED,4.6333,0.6046,30,"[4, 5, 5, 5, 4, 5, 5, 5, 5, 4, 3, 5, 4, 5, 5, 3, 5, 5, 5, 5, 5, 4, 5, 5, 5, 5, 5, 5, 4, 4]"
MUTTON,3.8333,1.3187,30,"[3, 3, 4, 1, 5, 4, 5, 5, 5, 5, 5, 3, 5, 3, 1, 5, 1, 2, 3, 3, 4, 3, 4, 5, 5, 3, 5, 5, 5, 5]"
MYRTLE,3.6333,1.2243,30,"[5, 4, 1, 3, 4, 4, 5, 5, 4, 4, 3, 5, 4, 1, 5, 3, 4, 4, 4, 3, 5, 3, 1, 4, 2, 3, 5, 2, 5, 4]"
MYTHIC,4.4667,0.8055,30,"[4, 4, 5, 4, 2, 5, 4, 5, 5, 5, 5, 5, 3, 5, 5, 5, 5, 5, 5, 5, 5, 5, 5, 4, 5, 4, 5, 3, 4, 3]"
NANCY,4.1333,1.1757,30,"[5, 5, 5, 3, 5, 5, 5, 5, 4, 5, 3, 5, 4, 4, 1, 4, 5, 4, 4, 5, 3, 4, 5, 5, 5, 5, 3, 5, 1, 2]"
NAPA,3.6,1.2,30,"[5, 4, 5, 5, 3, 4, 4, 1, 5, 1, 3, 4, 3, 3, 3, 3, 5, 5, 5, 2, 2, 4, 3, 3, 2, 5, 4, 5, 4, 3]"
NARRATOR,4.9,0.3,30,"[5, 5, 5, 5, 4, 5, 5, 5, 5, 5, 5, 5, 5, 5, 5, 5, 5, 4, 5, 5, 5, 5, 5, 4, 5, 5, 5, 5, 5, 5]"
NATO,3.6897,1.3417,29,"[3, 5, 3, 4, 4, 1, 5, 4, 3, 3, 1, 5, 3, 1, 3, 5, 4, 5, 1, 5, 5, 4, 5, 5, 5, 5, 4, 3, 3]"
NAUSEA,4.6552,0.8418,29,"[5, 5, 5, 5, 5, 5, 5, 5, 5, 5, 5, 5, 5, 4, 5, 5, 3, 1, 4, 5, 5, 4, 5, 5, 5, 5, 5, 5, 4]"
NAVIGATE,4.8621,0.4334,29,"[5, 5, 5, 5, 5, 5, 5, 5, 5, 5, 5, 5, 5, 5, 5, 5, 5, 5, 3, 5, 5, 5, 5, 5, 4, 5, 4, 5, 5]"
NAZARETH,3.9667,1.2776,30,"[4, 5, 5, 1, 5, 4, 2, 5, 5, 3, 3, 5, 5, 5, 5, 5, 3, 5, 2, 2, 4, 5, 3, 5, 2, 5, 5, 2, 5, 4]"
NEBULA,3.7667,1.2828,30,"[5, 2, 5, 1, 5, 4, 2, 5, 4, 5, 1, 2, 5, 3, 4, 4, 5, 2, 3, 4, 3, 3, 4, 5, 5, 3, 5, 5, 5, 4]"
NEEDLES,4.8667,0.3399,30,"[4, 4, 5, 5, 5, 5, 5, 5, 5, 5, 5, 5, 5, 5, 5, 5, 5, 5, 5, 5, 4, 5, 4, 5, 5, 5, 5, 5, 5, 5]"
NEHRU,1.7773,1.3144,238,"[5, 1, 1, 1, 4, 1, 5, 1, 1, 1, 4, 5, 1, 2, 1, 1, 1, 4, 1, 3, 4, 1, 1, 1, 1, 3, 2, 1, 1, 1, 1, 1, 1, 1, 1, 1, 4, 1, 5, 1, 2, 3, 2, 1, 1, 1, 1, 1, 4, 2, 1, 2, 5, 1, 2, 1, 3, 5, 1, 1, 1, 1, 1, 1, 1, 4, 2, 1, 2, 1, 1, 2, 1, 3, 2, 3, 1, 1, 1, 1, 1, 4, 2, 1, 2, 1, 1, 3, 1, 1, 1, 5, 2, 1, 1, 1, 4, 5, 1, 5, 1, 1, 1, 1, 5, 1, 2, 1, 5, 5, 1, 1, 1, 1, 1, 1, 1, 4, 1, 1, 1, 1, 1, 2, 1, 1, 4, 2, 1, 1, 5, 1, 1, 1, 1, 2, 1, 1, 1, 1, 1, 1, 1, 2, 1, 1, 1, 1, 1, 1, 1, 2, 3, 1, 1, 2, 1, 2, 3, 2, 1, 1, 1, 2, 1, 2, 1, 1, 3, 1, 1, 1, 1, 1, 1, 1, 5, 1, 1, 1, 2, 1, 5, 1, 1, 1, 2, 3, 1, 1, 2, 1, 1, 3, 1, 1, 1, 1, 1, 1, 2, 3, 1, 1, 5, 2, 1, 1, 5, 1, 1, 1, 1, 1, 1, 3, 1, 1, 1, 5, 5, 1, 2, 5, 1, 5, 2, 1, 1, 1, 1, 1, 1, 5, 1, 1, 5, 1]"
NEIGHBORHOODS,5.0,0.0,30,"[5, 5, 5, 5, 5, 5, 5, 5, 5, 5, 5, 5, 5, 5, 5, 5, 5, 5, 5, 5, 5, 5, 5, 5, 5, 5, 5, 5, 5, 5]"
NEMO,3.7667,1.2023,30,"[1, 5, 5, 5, 5, 5, 3, 3, 5, 4, 2, 4, 2, 2, 3, 3, 5, 5, 4, 4, 5, 4, 4, 4, 2, 2, 5, 5, 4, 3]"
NETTED,4.1034,1.2689,29,"[5, 1, 3, 3, 5, 5, 5, 5, 4, 1, 4, 5, 3, 5, 2, 4, 2, 5, 5, 5, 5, 4, 5, 5, 5, 5, 3, 5, 5]"
NEUROLOGIST,4.8214,0.383,28,"[5, 5, 5, 5, 5, 5, 5, 5, 4, 5, 4, 5, 5, 5, 5, 5, 5, 5, 5, 4, 5, 5, 5, 5, 4, 4, 5, 5]"
NEWFOUND,3.8667,1.1175,30,"[4, 5, 5, 3, 4, 4, 1, 5, 4, 2, 3, 5, 3, 5, 5, 3, 4, 5, 5, 4, 5, 4, 5, 4, 3, 2, 2, 5, 4, 3]"
NEWTON,4.1667,1.0672,30,"[5, 3, 5, 2, 4, 5, 5, 5, 5, 3, 4, 5, 5, 4, 4, 3, 5, 5, 3, 5, 4, 3, 1, 3, 5, 5, 5, 4, 5, 5]"
NIAGARA,4.6552,0.6579,29,"[5, 3, 4, 5, 5, 5, 5, 5, 4, 5, 5, 5, 5, 5, 4, 4, 5, 5, 5, 5, 5, 5, 5, 3, 3, 5, 5, 5, 5]"
NIBBLE,4.9655,0.1825,29,"[5, 5, 5, 5, 5, 5, 5, 5, 5, 5, 5, 5, 5, 5, 4, 5, 5, 5, 5, 5, 5, 5, 5, 5, 5, 5, 5, 5, 5]"
NICKNAME,4.8333,0.3727,30,"[5, 5, 5, 5, 5, 5, 5, 5, 5, 4, 5, 5, 4, 5, 5, 4, 5, 5, 5, 5, 5, 4, 5, 5, 5, 5, 5, 5, 4, 5]"
NICKS,4.4,0.9522,30,"[4, 5, 5, 5, 4, 5, 3, 5, 5, 5, 5, 4, 3, 2, 5, 5, 2, 5, 5, 5, 5, 3, 5, 4, 5, 5, 5, 3, 5, 5]"
NICOTINE,4.8,0.5416,30,"[5, 5, 5, 5, 5, 5, 5, 5, 5, 4, 5, 5, 5, 5, 5, 5, 5, 5, 4, 5, 3, 5, 5, 5, 5, 5, 5, 3, 5, 5]"
NIGH,3.6,1.4283,30,"[3, 5, 4, 5, 1, 2, 3, 4, 3, 2, 5, 4, 4, 1, 5, 5, 5, 2, 3, 5, 5, 5, 5, 3, 1, 5, 5, 1, 3, 4]"
NIHILIST,2.9333,1.6111,30,"[2, 2, 5, 1, 1, 1, 3, 5, 5, 4, 2, 4, 1, 4, 5, 5, 1, 2, 5, 2, 5, 4, 5, 3, 1, 1, 1, 1, 4, 3]"
NIMBLE,4.7333,0.5735,30,"[5, 5, 5, 5, 5, 4, 5, 5, 5, 5, 4, 5, 5, 5, 5, 5, 4, 5, 3, 5, 3, 5, 5, 5, 4, 5, 5, 5, 5, 5]"
NIMBUS,3.1667,1.2405,30,"[5, 3, 4, 1, 5, 2, 3, 5, 3, 3, 3, 4, 5, 2, 2, 5, 2, 4, 2, 3, 3, 3, 1, 3, 2, 2, 5, 2, 5, 3]"
NIRVANA,4.4333,0.7608,30,"[3, 5, 5, 5, 5, 5, 5, 5, 5, 5, 4, 3, 4, 5, 4, 3, 5, 5, 5, 5, 4, 4, 5, 5, 4, 5, 3, 5, 4, 3]"
NOAH,4.6207,0.8872,29,"[5, 5, 5, 5, 5, 5, 5, 4, 5, 5, 5, 3, 5, 4, 4, 5, 5, 5, 5, 1, 3, 5, 5, 5, 5, 5, 5, 5, 5]"
NOIR,3.9655,0.8503,29,"[5, 3, 3, 5, 2, 5, 5, 5, 3, 3, 4, 5, 4, 5, 4, 4, 3, 5, 4, 3, 4, 4, 5, 4, 3, 4, 4, 4, 3]"
NONFAT,4.7667,0.423,30,"[5, 4, 5, 4, 5, 5, 5, 5, 5, 4, 5, 5, 5, 5, 4, 5, 5, 5, 5, 5, 4, 5, 4, 5, 4, 5, 5, 5, 5, 5]"
NOON,4.9667,0.1795,30,"[5, 5, 5, 5, 5, 5, 5, 5, 5, 5, 5, 5, 5, 5, 5, 5, 4, 5, 5, 5, 5, 5, 5, 5, 5, 5, 5, 5, 5, 5]"
NOSTRILS,4.7333,0.7717,30,"[5, 5, 5, 5, 5, 5, 5, 4, 5, 5, 5, 5, 5, 5, 5, 5, 2, 2, 5, 5, 5, 5, 5, 4, 5, 5, 5, 5, 5, 5]"
NOTCH,4.8333,0.3727,30,"[5, 5, 5, 5, 5, 4, 5, 5, 5, 5, 5, 5, 5, 5, 5, 5, 4, 5, 4, 5, 4, 5, 5, 5, 4, 5, 5, 5, 5, 5]"
NOTE,4.8621,0.4334,29,"[5, 5, 4, 3, 5, 5, 5, 5, 5, 5, 5, 5, 5, 4, 5, 5, 5, 5, 5, 5, 5, 5, 5, 5, 5, 5, 5, 5, 5]"
NOVELTY,4.8966,0.3045,29,"[5, 4, 5, 5, 5, 5, 5, 5, 4, 5, 5, 5, 5, 5, 4, 5, 5, 5, 5, 5, 5, 5, 5, 5, 5, 5, 5, 5, 5]"
NUISANCE,4.5517,0.968,29,"[4, 5, 4, 4, 5, 3, 5, 5, 5, 5, 5, 5, 5, 2, 5, 5, 5, 5, 5, 1, 5, 5, 4, 5, 5, 5, 5, 5, 5]"
NUMEROUS,4.7586,0.4279,29,"[4, 5, 4, 4, 5, 4, 5, 5, 5, 5, 5, 5, 5, 4, 5, 5, 5, 5, 5, 5, 5, 4, 5, 5, 5, 5, 5, 5, 4]"
NUTCASE,4.7931,0.4828,29,"[4, 5, 5, 5, 5, 5, 5, 4, 5, 5, 5, 3, 5, 4, 5, 5, 4, 5, 5, 5, 5, 5, 5, 5, 5, 5, 5, 5, 5]"
OAT,4.8667,0.3399,30,"[5, 5, 5, 5, 5, 5, 5, 5, 4, 4, 5, 5, 5, 5, 4, 5, 5, 4, 5, 5, 5, 5, 5, 5, 5, 5, 5, 5, 5, 5]"
OATHS,4.5667,0.7157,30,"[5, 2, 5, 4, 5, 5, 4, 5, 5, 5, 5, 4, 5, 3, 4, 5, 5, 4, 5, 4, 4, 5, 4, 5, 5, 5, 5, 5, 5, 5]"
OBSESSING,4.6667,0.5963,30,"[5, 5, 5, 5, 5, 5, 5, 5, 5, 3, 5, 4, 4, 5, 5, 4, 5, 5, 5, 5, 5, 4, 5, 5, 5, 5, 3, 5, 4, 4]"
OBSOLETE,4.8276,0.3777,29,"[5, 4, 4, 5, 5, 5, 5, 5, 4, 5, 5, 5, 5, 5, 4, 5, 5, 5, 5, 5, 5, 5, 5, 4, 5, 5, 5, 5, 5]"
OBSTINATE,3.6667,1.2996,30,"[2, 2, 5, 5, 5, 1, 5, 4, 5, 2, 4, 4, 3, 5, 4, 2, 5, 5, 4, 5, 3, 4, 3, 1, 4, 5, 3, 5, 2, 3]"
OBSTRUCTION,4.7586,0.5666,29,"[5, 5, 5, 4, 5, 3, 5, 5, 5, 5, 5, 5, 5, 4, 5, 5, 5, 5, 3, 5, 5, 4, 5, 5, 5, 5, 5, 5, 5]"
ODESSA,2.8276,1.6623,29,"[4, 5, 1, 1, 2, 1, 5, 4, 5, 3, 1, 5, 3, 1, 3, 3, 5, 1, 2, 5, 5, 1, 4, 5, 1, 1, 1, 1, 3]"
ODIN,3.069,1.4605,29,"[5, 1, 5, 1, 5, 4, 2, 3, 1, 4, 2, 2, 3, 3, 3, 1, 5, 1, 5, 4, 3, 2, 5, 5, 4, 3, 2, 4, 1]"
OFFER,4.8333,0.4534,30,"[5, 4, 5, 5, 5, 5, 5, 5, 5, 5, 5, 5, 5, 5, 3, 5, 5, 5, 5, 5, 4, 5, 4, 5, 5, 5, 5, 5, 5, 5]"
OGLED,3.7,1.2152,30,"[3, 2, 5, 2, 5, 4, 4, 5, 2, 5, 3, 3, 5, 4, 3, 3, 1, 3, 5, 4, 2, 4, 3, 5, 4, 5, 5, 2, 5, 5]"
OGRE,4.2667,1.2632,30,"[1, 5, 5, 5, 2, 4, 5, 5, 5, 5, 2, 5, 4, 5, 5, 5, 5, 2, 5, 5, 5, 5, 5, 4, 5, 4, 5, 1, 5, 4]"
OIL,5.0,0.0,29,"[5, 5, 5, 5, 5, 5, 5, 5, 5, 5, 5, 5, 5, 5, 5, 5, 5, 5, 5, 5, 5, 5, 5, 5, 5, 5, 5, 5, 5]"
OLDEST,5.0,0.0,29,"[5, 5, 5, 5, 5, 5, 5, 5, 5, 5, 5, 5, 5, 5, 5, 5, 5, 5, 5, 5, 5, 5, 5, 5, 5, 5, 5, 5, 5]"
OLDIE,4.3667,0.9826,30,"[3, 4, 5, 5, 5, 5, 5, 5, 5, 5, 5, 4, 5, 3, 1, 3, 5, 3, 5, 4, 3, 5, 4, 5, 5, 5, 5, 5, 5, 4]"
OLIVE,4.931,0.2534,29,"[5, 4, 5, 5, 5, 5, 5, 5, 5, 5, 5, 5, 5, 5, 4, 5, 5, 5, 5, 5, 5, 5, 5, 5, 5, 5, 5, 5, 5]"
ONBOARD,4.7667,0.5588,30,"[5, 5, 5, 5, 5, 4, 5, 5, 5, 4, 5, 5, 5, 5, 5, 5, 5, 5, 3, 5, 4, 5, 5, 5, 3, 5, 5, 5, 5, 5]"
ONCOLOGY,3.9333,1.2092,30,"[5, 4, 1, 5, 4, 5, 5, 5, 5, 3, 4, 5, 5, 3, 5, 3, 4, 4, 2, 5, 5, 3, 3, 5, 1, 3, 3, 5, 5, 3]"
ONCOMING,4.7241,0.5811,29,"[5, 5, 4, 5, 5, 5, 5, 4, 5, 4, 5, 3, 5, 3, 5, 5, 5, 5, 5, 5, 4, 5, 5, 5, 5, 5, 5, 5, 5]"
OOPS,4.8621,0.3448,29,"[4, 4, 5, 5, 5, 5, 5, 5, 5, 5, 5, 5, 5, 5, 4, 5, 5, 5, 4, 5, 5, 5, 5, 5, 5, 5, 5, 5, 5]"
OPPOSED,4.8333,0.4534,30,"[5, 5, 5, 4, 5, 5, 5, 5, 4, 5, 5, 5, 3, 5, 4, 5, 5, 5, 5, 5, 5, 5, 5, 5, 5, 5, 5, 5, 5, 5]"
ORANGUTAN,4.4828,1.0706,29,"[5, 5, 5, 5, 3, 5, 5, 5, 5, 5, 5, 4, 4, 5, 5, 1, 2, 5, 5, 5, 5, 5, 4, 5, 5, 5, 2, 5, 5]"
OTTER,4.6667,0.6992,30,"[4, 5, 5, 5, 2, 5, 5, 5, 5, 5, 5, 5, 4, 5, 5, 5, 3, 4, 5, 5, 5, 5, 5, 4, 5, 5, 5, 4, 5, 5]"
OUIJA,3.8667,1.2841,30,"[3, 3, 1, 4, 5, 4, 5, 5, 3, 5, 4, 2, 4, 1, 3, 4, 5, 5, 4, 5, 5, 4, 1, 5, 3, 5, 3, 5, 5, 5]"
OUNCE,4.7333,0.5735,30,"[5, 5, 5, 5, 5, 5, 5, 5, 5, 4, 5, 5, 3, 5, 5, 3, 5, 5, 5, 4, 5, 4, 5, 5, 5, 5, 5, 5, 4, 5]"
OUTBREAK,4.7333,0.4422,30,"[5, 5, 5, 5, 5, 5, 5, 5, 5, 4, 4, 5, 4, 5, 5, 4, 5, 5, 5, 5, 5, 4, 5, 5, 5, 5, 4, 5, 4, 4]"
OUTCOME,4.9333,0.2494,30,"[5, 4, 5, 5, 5, 5, 5, 5, 5, 5, 5, 5, 5, 5, 4, 5, 5, 5, 5, 5, 5, 5, 5, 5, 5, 5, 5, 5, 5, 5]"
OUTLAST,4.6667,0.7888,30,"[5, 4, 5, 5, 5, 5, 5, 5, 5, 5, 5, 4, 5, 4, 1, 4, 5, 5, 5, 5, 4, 5, 4, 5, 5, 5, 5, 5, 5, 5]"
OVERBITE,4.3667,0.875,30,"[5, 5, 5, 5, 4, 5, 5, 5, 4, 3, 2, 5, 3, 5, 5, 3, 5, 5, 5, 3, 5, 3, 5, 5, 4, 5, 4, 5, 4, 4]"
OVERDO,4.5517,0.7695,29,"[5, 5, 5, 5, 5, 5, 5, 5, 5, 3, 4, 5, 4, 5, 4, 3, 4, 5, 5, 2, 5, 4, 5, 5, 5, 5, 5, 5, 4]"
OVERMAN,2.3103,1.3672,29,"[2, 2, 3, 1, 1, 3, 4, 1, 1, 1, 2, 4, 2, 3, 3, 1, 5, 5, 1, 4, 5, 1, 3, 1, 3, 2, 1, 1, 1]"
OVERSEXED,4.5333,0.763,30,"[5, 5, 3, 3, 5, 4, 4, 5, 5, 3, 5, 5, 5, 5, 5, 5, 4, 5, 3, 5, 4, 5, 5, 5, 3, 5, 5, 5, 5, 5]"
PACKING,4.7667,0.6155,30,"[5, 2, 5, 5, 5, 5, 5, 5, 5, 5, 5, 5, 5, 4, 4, 5, 5, 5, 5, 5, 4, 5, 4, 5, 5, 5, 5, 5, 5, 5]"
PADDLES,4.6071,0.6176,28,"[5, 5, 5, 5, 5, 5, 5, 5, 3, 5, 5, 4, 5, 4, 3, 5, 5, 4, 5, 4, 5, 5, 4, 5, 5, 5, 4, 4]"
PADRE,4.1333,1.147,30,"[5, 1, 5, 5, 5, 3, 4, 5, 5, 4, 5, 5, 5, 5, 3, 5, 4, 5, 2, 5, 3, 4, 3, 5, 2, 5, 3, 3, 5, 5]"
PALE,4.9667,0.1795,30,"[5, 5, 5, 5, 5, 5, 5, 5, 5, 5, 5, 5, 5, 5, 5, 5, 5, 5, 5, 5, 5, 5, 5, 5, 4, 5, 5, 5, 5, 5]"
PALM,4.9667,0.1795,30,"[5, 5, 5, 5, 5, 5, 5, 5, 5, 5, 5, 5, 5, 5, 5, 5, 5, 5, 5, 5, 5, 5, 5, 5, 4, 5, 5, 5, 5, 5]"
PANDEMONIUM,4.5333,0.8459,30,"[5, 2, 4, 5, 5, 4, 5, 5, 5, 4, 4, 5, 5, 5, 5, 5, 5, 5, 2, 5, 4, 5, 4, 5, 3, 5, 5, 5, 5, 5]"
PANDER,3.8333,1.551,30,"[5, 1, 1, 4, 1, 4, 1, 5, 5, 5, 1, 5, 5, 5, 5, 5, 4, 5, 3, 5, 5, 5, 2, 2, 3, 5, 3, 5, 5, 5]"
PANG,3.5,1.3844,30,"[5, 4, 2, 3, 5, 3, 5, 5, 2, 4, 4, 5, 2, 2, 4, 3, 5, 5, 4, 2, 5, 4, 1, 1, 1, 5, 3, 4, 5, 2]"
PANSY,4.5862,0.7664,29,"[3, 5, 3, 4, 5, 4, 5, 5, 5, 5, 5, 5, 5, 4, 5, 5, 5, 5, 2, 5, 5, 4, 5, 5, 5, 5, 5, 5, 4]"
PANTRY,4.8276,0.3777,29,"[5, 5, 5, 5, 4, 5, 5, 5, 4, 5, 5, 5, 5, 5, 5, 5, 5, 5, 5, 5, 4, 5, 5, 5, 5, 5, 5, 4, 4]"
PARALEGALS,4.5333,0.763,30,"[4, 3, 5, 3, 5, 5, 5, 5, 5, 5, 5, 3, 5, 5, 5, 5, 5, 3, 5, 4, 3, 4, 4, 5, 5, 5, 5, 5, 5, 5]"
PARANOID,4.9333,0.2494,30,"[5, 5, 5, 5, 4, 5, 5, 5, 5, 4, 5, 5, 5, 5, 5, 5, 5, 5, 5, 5, 5, 5, 5, 5, 5, 5, 5, 5, 5, 5]"
PARKER,3.6207,1.3497,29,"[4, 3, 2, 5, 2, 4, 5, 3, 2, 3, 4, 5, 5, 5, 4, 1, 5, 5, 5, 4, 5, 3, 3, 3, 3, 5, 5, 1, 1]"
PARLIAMENT,4.4828,0.8558,29,"[3, 5, 5, 2, 5, 3, 5, 5, 5, 5, 4, 5, 5, 3, 5, 5, 5, 5, 5, 5, 5, 3, 4, 5, 5, 5, 5, 4, 4]"
PARTHENON,3.4667,1.5434,30,"[5, 1, 1, 2, 5, 3, 2, 5, 4, 3, 1, 5, 5, 5, 5, 5, 4, 5, 2, 5, 3, 5, 1, 3, 3, 5, 1, 3, 2, 5]"
PARTS,4.8214,0.383,28,"[5, 5, 5, 5, 5, 5, 5, 5, 5, 5, 5, 5, 4, 5, 5, 5, 5, 5, 5, 4, 5, 4, 5, 5, 5, 5, 4, 4]"
PASSABLE,4.7,0.5859,30,"[5, 5, 5, 4, 4, 5, 5, 5, 4, 4, 3, 5, 3, 5, 5, 5, 5, 5, 5, 5, 5, 4, 5, 5, 5, 5, 5, 5, 5, 5]"
PASSION,4.8276,0.3777,29,"[5, 5, 5, 5, 5, 4, 5, 5, 5, 4, 5, 5, 4, 5, 5, 5, 5, 5, 5, 5, 4, 5, 5, 5, 5, 5, 5, 4, 5]"
PASTELS,4.4828,0.725,29,"[5, 5, 5, 5, 5, 5, 5, 4, 5, 4, 3, 4, 3, 5, 5, 3, 5, 5, 4, 5, 4, 5, 5, 5, 5, 4, 5, 4, 3]"
PASTURE,4.8,0.5416,30,"[5, 5, 5, 5, 5, 4, 5, 5, 5, 4, 5, 5, 5, 5, 5, 5, 5, 5, 3, 5, 5, 5, 5, 5, 3, 5, 5, 5, 5, 5]"
PATHETIC,4.8667,0.4269,30,"[5, 5, 5, 5, 5, 5, 5, 5, 4, 5, 5, 5, 5, 5, 5, 5, 5, 5, 3, 5, 5, 4, 5, 5, 5, 5, 5, 5, 5, 5]"
PATRICK,4.3333,1.075,30,"[5, 5, 5, 1, 5, 5, 2, 5, 5, 4, 5, 5, 5, 4, 3, 5, 3, 3, 5, 5, 4, 5, 5, 5, 3, 5, 5, 3, 5, 5]"
PATTERNS,4.9,0.3,30,"[5, 5, 5, 5, 5, 5, 5, 5, 5, 4, 5, 5, 5, 5, 5, 5, 5, 5, 5, 5, 5, 4, 5, 5, 5, 5, 5, 5, 4, 5]"
PAUL,3.8966,1.539,29,"[4, 5, 3, 2, 5, 1, 5, 1, 5, 5, 5, 5, 5, 4, 4, 5, 5, 5, 5, 5, 5, 1, 5, 5, 3, 1, 5, 1, 3]"
PAWNEE,2.6207,1.518,29,"[1, 5, 1, 4, 2, 2, 4, 4, 2, 1, 1, 5, 1, 2, 3, 5, 3, 1, 4, 1, 5, 1, 5, 2, 4, 1, 1, 3, 2]"
PAX,2.3,1.394,30,"[1, 1, 1, 1, 4, 5, 2, 2, 1, 1, 2, 5, 3, 4, 1, 3, 1, 4, 1, 3, 3, 2, 2, 1, 5, 4, 3, 1, 1, 1]"
PEACHY,4.7333,0.5735,30,"[5, 5, 5, 5, 4, 5, 5, 5, 5, 5, 5, 5, 4, 5, 5, 5, 3, 4, 5, 5, 5, 5, 5, 4, 5, 5, 5, 3, 5, 5]"
PEALING,3.7241,1.362,29,"[5, 5, 2, 1, 4, 5, 5, 5, 3, 4, 4, 2, 5, 5, 4, 1, 5, 5, 3, 3, 5, 3, 5, 4, 4, 3, 2, 5, 1]"
PEAR,4.9333,0.2494,30,"[5, 4, 5, 5, 5, 5, 5, 5, 5, 5, 5, 5, 5, 5, 5, 5, 5, 5, 5, 5, 5, 5, 4, 5, 5, 5, 5, 5, 5, 5]"
PECK,4.8,0.4761,30,"[5, 5, 4, 5, 5, 5, 5, 5, 4, 5, 5, 5, 5, 3, 5, 5, 4, 5, 5, 5, 5, 5, 5, 5, 5, 5, 4, 5, 5, 5]"
PEDDLE,4.4333,0.9195,30,"[3, 3, 5, 5, 5, 5, 5, 5, 5, 5, 5, 4, 5, 4, 4, 4, 5, 5, 5, 4, 4, 3, 4, 5, 5, 5, 5, 5, 5, 1]"
PEEBLES,3.1333,1.668,30,"[5, 5, 5, 1, 3, 1, 2, 1, 3, 5, 5, 1, 5, 2, 1, 5, 2, 2, 4, 5, 5, 5, 1, 2, 4, 1, 4, 5, 3, 1]"
PEELERS,3.8333,1.4395,30,"[2, 1, 2, 3, 2, 2, 5, 5, 5, 5, 3, 4, 5, 5, 3, 1, 4, 5, 3, 5, 5, 5, 1, 5, 4, 5, 5, 5, 5, 5]"
PEGGED,4.2759,0.8261,29,"[5, 4, 5, 5, 5, 4, 3, 5, 2, 4, 5, 4, 5, 4, 3, 5, 5, 4, 3, 5, 4, 5, 5, 4, 5, 4, 5, 4, 3]"
PELLETS,4.5,0.8851,30,"[5, 3, 5, 4, 5, 5, 5, 5, 5, 5, 2, 4, 5, 4, 5, 5, 5, 2, 4, 5, 4, 5, 3, 5, 5, 5, 5, 5, 5, 5]"
PENAL,4.2,0.9092,30,"[5, 5, 5, 5, 4, 3, 5, 4, 5, 3, 3, 4, 3, 5, 3, 2, 5, 5, 5, 5, 3, 4, 5, 5, 4, 5, 4, 5, 4, 3]"
PENCHANT,3.8,1.2754,30,"[4, 5, 5, 5, 4, 1, 5, 5, 5, 2, 3, 1, 3, 5, 3, 3, 5, 3, 3, 5, 2, 4, 5, 5, 4, 5, 4, 5, 2, 3]"
PEP,3.8333,1.4851,30,"[3, 5, 5, 5, 4, 5, 2, 5, 5, 5, 5, 4, 1, 3, 5, 5, 1, 2, 5, 5, 5, 5, 5, 2, 1, 5, 4, 1, 4, 3]"
PERHAPS,4.8667,0.3399,30,"[5, 5, 5, 5, 5, 5, 5, 5, 5, 5, 5, 5, 5, 5, 4, 5, 5, 5, 4, 5, 4, 5, 5, 5, 4, 5, 5, 5, 5, 5]"
PERJURY,4.3448,1.1227,29,"[2, 5, 4, 3, 4, 3, 5, 5, 5, 5, 5, 5, 5, 2, 5, 5, 5, 1, 4, 5, 5, 5, 5, 5, 5, 5, 5, 5, 3]"
PERKY,4.7,0.781,30,"[5, 4, 1, 5, 5, 5, 5, 5, 4, 4, 5, 5, 5, 4, 5, 5, 4, 5, 5, 5, 5, 5, 5, 5, 5, 5, 5, 5, 5, 5]"
PERMISSIBLE,4.7241,0.5811,29,"[5, 5, 4, 5, 5, 5, 5, 4, 5, 3, 5, 3, 5, 5, 5, 5, 5, 5, 5, 5, 4, 5, 5, 5, 5, 5, 5, 5, 4]"
PERP,3.9333,1.4126,30,"[5, 5, 1, 4, 1, 2, 4, 5, 5, 3, 4, 5, 5, 5, 4, 5, 3, 5, 3, 1, 4, 5, 1, 5, 5, 5, 5, 3, 5, 5]"
PERSECUTIONS,4.7,0.8226,30,"[5, 5, 5, 5, 1, 5, 4, 5, 5, 5, 5, 5, 5, 5, 5, 5, 5, 5, 5, 5, 5, 5, 5, 4, 5, 5, 5, 3, 5, 4]"
PERSISTENCE,4.8276,0.3777,29,"[5, 5, 4, 5, 5, 4, 5, 5, 5, 5, 5, 5, 5, 4, 5, 5, 5, 5, 5, 5, 5, 4, 5, 5, 5, 5, 5, 5, 4]"
PERSONNEL,4.8276,0.4601,29,"[4, 5, 5, 5, 5, 3, 5, 5, 5, 5, 5, 5, 5, 5, 5, 5, 5, 5, 5, 5, 5, 4, 5, 5, 5, 5, 5, 5, 4]"
PERTURBED,4.4667,0.9568,30,"[5, 5, 4, 5, 5, 4, 4, 5, 5, 4, 5, 4, 3, 1, 5, 5, 5, 4, 5, 5, 5, 5, 5, 2, 5, 5, 5, 5, 5, 4]"
PERU,4.5,0.922,30,"[5, 5, 5, 5, 5, 5, 3, 5, 5, 3, 3, 5, 5, 5, 5, 5, 5, 5, 2, 5, 3, 5, 5, 5, 3, 5, 5, 3, 5, 5]"
PERUSE,4.2069,1.1259,29,"[4, 2, 5, 5, 1, 5, 5, 5, 4, 5, 5, 5, 5, 5, 4, 5, 3, 5, 5, 3, 5, 4, 4, 3, 5, 3, 5, 5, 2]"
PESKY,4.6552,0.7555,29,"[5, 5, 5, 5, 5, 5, 5, 5, 4, 5, 5, 5, 3, 5, 4, 5, 2, 3, 5, 5, 4, 5, 5, 5, 5, 5, 5, 5, 5]"
PEYTON,3.6333,1.2512,30,"[1, 5, 5, 5, 3, 4, 5, 3, 5, 4, 5, 3, 2, 3, 3, 2, 4, 4, 5, 2, 3, 4, 5, 5, 2, 5, 4, 1, 4, 3]"
PHEW,3.9643,1.2951,28,"[1, 2, 4, 4, 2, 5, 2, 5, 5, 5, 5, 3, 3, 5, 4, 5, 4, 5, 4, 5, 5, 5, 5, 3, 5, 4, 5, 1]"
PHILADELPHIA,4.5,0.8062,30,"[2, 5, 5, 5, 5, 5, 5, 4, 5, 5, 4, 5, 3, 5, 5, 3, 5, 5, 5, 5, 4, 4, 5, 5, 3, 5, 5, 5, 4, 4]"
PHOEBE,3.8,1.2754,30,"[5, 4, 1, 5, 3, 4, 5, 5, 3, 4, 3, 4, 5, 1, 4, 2, 4, 4, 5, 4, 5, 3, 1, 2, 5, 4, 4, 5, 5, 5]"
PHOTOS,5.0,0.0,30,"[5, 5, 5, 5, 5, 5, 5, 5, 5, 5, 5, 5, 5, 5, 5, 5, 5, 5, 5, 5, 5, 5, 5, 5, 5, 5, 5, 5, 5, 5]"
PHYLLIS,3.4333,1.4761,30,"[1, 5, 5, 5, 2, 4, 5, 2, 4, 2, 4, 5, 2, 3, 5, 1, 3, 5, 5, 4, 1, 4, 5, 3, 2, 5, 5, 1, 2, 3]"
PHYSICAL,4.8667,0.3399,30,"[5, 5, 5, 5, 5, 5, 5, 5, 5, 5, 5, 5, 4, 5, 5, 5, 5, 5, 5, 5, 5, 4, 5, 5, 5, 5, 5, 5, 4, 4]"
PI,4.1667,1.0672,30,"[5, 5, 5, 1, 4, 5, 3, 3, 4, 5, 4, 2, 4, 5, 5, 3, 5, 4, 5, 5, 5, 3, 5, 5, 5, 5, 4, 3, 3, 5]"
PICARD,2.5517,1.5219,29,"[5, 1, 1, 1, 3, 5, 2, 1, 1, 2, 2, 3, 1, 1, 2, 2, 3, 4, 5, 4, 2, 5, 5, 5, 1, 3, 1, 2, 1]"
PICKET,4.6333,0.752,30,"[5, 5, 5, 5, 4, 5, 5, 5, 5, 2, 5, 5, 5, 4, 5, 3, 5, 5, 5, 5, 5, 4, 5, 5, 5, 5, 5, 5, 4, 3]"
PICTURING,4.4667,0.763,30,"[3, 3, 5, 5, 5, 5, 4, 5, 4, 5, 5, 4, 5, 4, 3, 3, 5, 5, 5, 4, 3, 5, 4, 5, 5, 5, 5, 5, 5, 5]"
PIGEON,4.8966,0.4021,29,"[5, 5, 5, 5, 5, 5, 5, 5, 5, 5, 5, 5, 5, 5, 5, 5, 5, 3, 4, 5, 5, 5, 5, 5, 5, 5, 5, 5, 5]"
PIGHEADED,4.4667,0.67,30,"[5, 4, 5, 4, 5, 5, 5, 5, 3, 4, 5, 5, 4, 3, 4, 4, 3, 5, 5, 4, 5, 4, 5, 4, 5, 5, 5, 4, 5, 5]"
PIGSKIN,4.7333,0.7717,30,"[5, 5, 5, 5, 4, 5, 5, 4, 5, 5, 5, 5, 5, 5, 5, 5, 2, 2, 5, 5, 5, 5, 5, 5, 5, 5, 5, 5, 5, 5]"
PILGRIM,4.7667,0.5588,30,"[5, 3, 5, 5, 5, 5, 5, 5, 5, 5, 5, 3, 5, 5, 5, 4, 5, 4, 5, 5, 5, 5, 4, 5, 5, 5, 5, 5, 5, 5]"
PILLOW,4.9667,0.1795,30,"[5, 5, 5, 5, 5, 5, 5, 5, 5, 4, 5, 5, 5, 5, 5, 5, 5, 5, 5, 5, 5, 5, 5, 5, 5, 5, 5, 5, 5, 5]"
PINCHED,4.931,0.2534,29,"[5, 5, 5, 5, 5, 5, 5, 5, 5, 5, 5, 5, 5, 5, 4, 4, 5, 5, 5, 5, 5, 5, 5, 5, 5, 5, 5, 5, 5]"
PINNACLES,4.2414,0.8966,29,"[4, 3, 3, 5, 2, 5, 5, 5, 4, 5, 5, 4, 5, 5, 4, 4, 4, 5, 5, 3, 5, 4, 4, 2, 4, 5, 5, 4, 5]"
PINTS,4.6,0.6633,30,"[5, 4, 4, 5, 5, 5, 5, 5, 4, 4, 5, 5, 5, 5, 5, 5, 5, 5, 4, 5, 5, 4, 3, 5, 3, 5, 3, 5, 5, 5]"
PIRANHA,4.6333,0.9123,30,"[5, 3, 5, 5, 5, 5, 5, 5, 5, 5, 5, 3, 5, 5, 5, 5, 1, 3, 5, 5, 5, 5, 4, 5, 5, 5, 5, 5, 5, 5]"
PLACARDS,3.5,1.4083,30,"[3, 3, 3, 1, 5, 4, 4, 1, 5, 5, 3, 3, 5, 3, 4, 4, 3, 2, 5, 2, 1, 1, 3, 5, 5, 5, 5, 5, 5, 2]"
PLAGUED,4.7,0.4583,30,"[5, 4, 5, 4, 5, 5, 5, 5, 5, 4, 5, 5, 5, 4, 4, 4, 5, 5, 4, 5, 5, 5, 5, 5, 4, 4, 5, 5, 5, 5]"
PLAINS,4.8333,0.3727,30,"[5, 5, 5, 5, 5, 4, 5, 5, 5, 5, 4, 5, 5, 5, 5, 5, 5, 5, 4, 5, 4, 5, 5, 5, 4, 5, 5, 5, 5, 5]"
PLANT,4.8929,0.3093,28,"[5, 5, 4, 5, 5, 5, 5, 5, 5, 5, 5, 5, 4, 5, 5, 5, 5, 5, 5, 5, 4, 5, 5, 5, 5, 5, 5, 5]"
PLAYED,4.8966,0.3045,29,"[5, 5, 5, 4, 5, 4, 5, 5, 5, 5, 5, 5, 5, 4, 5, 5, 5, 5, 5, 5, 5, 5, 5, 5, 5, 5, 5, 5, 5]"
PLAYER,4.8621,0.3448,29,"[5, 5, 5, 4, 5, 5, 5, 5, 5, 5, 5, 5, 4, 4, 5, 5, 5, 5, 5, 5, 5, 4, 5, 5, 5, 5, 5, 5, 5]"
PLEASURES,4.9667,0.1795,30,"[5, 5, 5, 5, 5, 5, 5, 5, 5, 5, 5, 5, 5, 5, 4, 5, 5, 5, 5, 5, 5, 5, 5, 5, 5, 5, 5, 5, 5, 5]"
PLIABLE,4.1333,1.2841,30,"[5, 5, 5, 5, 3, 5, 4, 5, 5, 5, 4, 4, 2, 4, 5, 5, 1, 2, 5, 5, 5, 5, 3, 2, 5, 5, 5, 1, 5, 4]"
PLUMBER,4.9,0.3958,30,"[5, 5, 5, 5, 5, 5, 5, 5, 3, 5, 5, 5, 5, 5, 4, 5, 5, 5, 5, 5, 5, 5, 5, 5, 5, 5, 5, 5, 5, 5]"
PLUTO,4.8333,0.4534,30,"[5, 5, 5, 5, 3, 5, 5, 5, 5, 5, 5, 5, 5, 5, 5, 5, 5, 4, 5, 5, 5, 5, 5, 4, 5, 5, 5, 5, 5, 4]"
POCKETKNIFE,4.8966,0.4021,29,"[5, 5, 5, 5, 5, 5, 5, 5, 3, 5, 5, 5, 5, 5, 4, 5, 5, 5, 5, 5, 5, 5, 5, 5, 5, 5, 5, 5, 5]"
POE,3.6897,1.4409,29,"[1, 5, 3, 3, 5, 3, 5, 5, 5, 5, 3, 5, 5, 2, 3, 5, 4, 1, 3, 5, 5, 3, 5, 3, 5, 1, 5, 1, 3]"
POET,4.7586,0.5021,29,"[4, 5, 4, 3, 5, 4, 5, 5, 5, 5, 5, 5, 5, 4, 5, 5, 5, 5, 5, 5, 5, 4, 5, 5, 5, 5, 5, 5, 5]"
POLAR,4.8,0.4,30,"[5, 4, 5, 4, 5, 5, 5, 5, 4, 4, 5, 5, 5, 4, 5, 5, 5, 5, 5, 5, 5, 5, 5, 5, 5, 5, 5, 4, 5, 5]"
POLAROIDS,4.6,0.7118,30,"[4, 3, 5, 4, 5, 5, 5, 5, 5, 5, 5, 2, 5, 4, 5, 4, 5, 4, 5, 5, 4, 5, 4, 5, 5, 5, 5, 5, 5, 5]"
POLICEMEN,4.9333,0.2494,30,"[5, 4, 5, 5, 5, 5, 5, 5, 5, 4, 5, 5, 5, 5, 5, 5, 5, 5, 5, 5, 5, 5, 5, 5, 5, 5, 5, 5, 5, 5]"
POLICIES,4.8333,0.3727,30,"[5, 4, 5, 5, 5, 5, 5, 5, 5, 5, 5, 4, 5, 4, 5, 5, 5, 5, 5, 5, 4, 5, 4, 5, 5, 5, 5, 5, 5, 5]"
POLKA,4.3448,1.0264,29,"[3, 5, 3, 3, 4, 4, 5, 5, 5, 5, 3, 5, 5, 3, 5, 5, 5, 1, 5, 5, 5, 3, 5, 5, 5, 5, 5, 5, 4]"
POLLY,3.4333,1.4067,30,"[5, 5, 5, 1, 4, 3, 3, 5, 3, 2, 4, 1, 5, 5, 2, 5, 3, 3, 4, 1, 2, 3, 2, 5, 2, 5, 2, 3, 5, 5]"
POM,2.2,1.2754,30,"[1, 2, 5, 2, 1, 4, 2, 5, 2, 2, 1, 3, 5, 3, 1, 3, 1, 2, 2, 1, 1, 2, 2, 1, 1, 1, 3, 2, 4, 1]"
PONGO,2.0,1.3904,30,"[2, 2, 5, 1, 5, 1, 1, 1, 3, 2, 2, 1, 4, 2, 1, 1, 1, 1, 1, 1, 1, 2, 2, 1, 1, 1, 3, 5, 5, 1]"
POPE,4.7586,0.5666,29,"[5, 5, 5, 3, 5, 4, 5, 5, 5, 5, 5, 5, 5, 4, 5, 5, 5, 5, 5, 5, 5, 3, 5, 5, 5, 5, 5, 4, 5]"
POPPA,2.8214,1.4406,28,"[5, 2, 1, 5, 5, 2, 5, 5, 2, 3, 1, 4, 1, 3, 2, 2, 2, 4, 3, 2, 3, 1, 4, 1, 2, 1, 3, 5]"
PORE,4.3448,1.153,29,"[4, 5, 5, 3, 5, 4, 5, 5, 5, 5, 5, 5, 5, 3, 5, 5, 3, 1, 5, 5, 5, 4, 5, 5, 5, 5, 1, 5, 3]"
PORTAGE,3.0,1.3416,30,"[2, 3, 4, 2, 2, 5, 2, 2, 2, 1, 3, 2, 2, 1, 4, 5, 5, 4, 3, 5, 5, 3, 3, 1, 5, 4, 2, 1, 4, 3]"
POSTCARD,4.8966,0.3045,29,"[4, 5, 5, 5, 5, 5, 5, 5, 5, 5, 5, 5, 5, 4, 5, 5, 5, 5, 5, 5, 5, 4, 5, 5, 5, 5, 5, 5, 5]"
POTBELLY,4.5667,0.7157,30,"[5, 3, 5, 4, 5, 5, 5, 5, 5, 5, 5, 4, 5, 4, 5, 5, 3, 3, 5, 4, 3, 5, 4, 5, 5, 5, 5, 5, 5, 5]"
POTENTIALLY,4.7333,0.7717,30,"[5, 5, 5, 5, 5, 5, 5, 5, 5, 5, 5, 4, 5, 4, 1, 5, 5, 5, 5, 5, 4, 5, 4, 5, 5, 5, 5, 5, 5, 5]"
PRACTICING,4.8667,0.4269,30,"[5, 5, 5, 5, 5, 5, 5, 5, 4, 5, 5, 5, 3, 5, 5, 5, 5, 5, 5, 5, 5, 4, 5, 5, 5, 5, 5, 5, 5, 5]"
PRAISING,4.7241,0.7833,29,"[5, 4, 5, 5, 5, 5, 5, 5, 5, 5, 4, 5, 5, 1, 5, 5, 5, 5, 5, 4, 5, 4, 5, 5, 5, 5, 5, 5, 5]"
PRECISELY,4.7931,0.4828,29,"[4, 5, 5, 3, 5, 4, 5, 5, 5, 5, 5, 5, 5, 4, 5, 5, 5, 5, 5, 5, 5, 4, 5, 5, 5, 5, 5, 5, 5]"
PREDECESSORS,4.4444,1.0304,27,"[4, 5, 4, 1, 5, 3, 5, 5, 5, 5, 4, 5, 5, 2, 5, 5, 5, 3, 5, 5, 4, 5, 5, 5, 5, 5, 5]"
PREDICAMENT,4.8929,0.4088,28,"[5, 5, 5, 5, 4, 5, 5, 5, 5, 5, 5, 3, 5, 5, 5, 5, 5, 5, 5, 5, 5, 5, 5, 5, 5, 5, 5, 5]"
PREFER,4.7333,0.5121,30,"[5, 5, 5, 5, 4, 5, 5, 5, 5, 4, 5, 5, 5, 5, 5, 5, 5, 5, 5, 5, 5, 4, 5, 5, 5, 5, 4, 3, 4, 4]"
PREMIUM,4.7931,0.4828,29,"[5, 5, 4, 5, 5, 5, 5, 4, 5, 5, 5, 3, 5, 4, 5, 5, 5, 5, 5, 5, 4, 5, 5, 5, 5, 5, 5, 5, 5]"
PREPOSTEROUS,4.5333,0.763,30,"[5, 4, 5, 3, 5, 5, 5, 5, 5, 5, 5, 3, 5, 3, 5, 4, 5, 3, 5, 4, 3, 5, 4, 5, 5, 5, 5, 5, 5, 5]"
PRESENCE,4.8667,0.4269,30,"[5, 5, 5, 5, 5, 5, 5, 5, 5, 5, 5, 5, 5, 5, 5, 5, 5, 5, 4, 5, 4, 5, 5, 5, 3, 5, 5, 5, 5, 5]"
PRESIDIO,2.7586,1.2221,29,"[2, 2, 3, 4, 2, 3, 4, 2, 1, 1, 2, 4, 5, 4, 3, 3, 2, 5, 3, 2, 3, 5, 3, 1, 3, 1, 2, 4, 1]"
PRESTO,4.3,0.9713,30,"[3, 3, 5, 4, 5, 5, 4, 5, 5, 4, 5, 4, 5, 3, 5, 5, 2, 2, 5, 3, 4, 5, 3, 5, 5, 5, 5, 5, 5, 5]"
PRETZEL,4.9655,0.1825,29,"[5, 5, 5, 5, 5, 5, 5, 5, 5, 5, 5, 5, 5, 4, 5, 5, 5, 5, 5, 5, 5, 5, 5, 5, 5, 5, 5, 5, 5]"
PREY,4.9333,0.2494,30,"[5, 5, 5, 5, 5, 5, 5, 5, 5, 5, 5, 5, 5, 5, 5, 5, 5, 5, 5, 5, 5, 5, 5, 5, 5, 4, 4, 5, 5, 5]"
PRINCIPAL,4.8621,0.3448,29,"[5, 4, 5, 5, 5, 5, 5, 5, 4, 5, 5, 5, 5, 5, 4, 5, 5, 5, 5, 5, 5, 5, 5, 5, 4, 5, 5, 5, 5]"
PRIVACY,4.931,0.2534,29,"[5, 4, 5, 5, 5, 5, 5, 5, 5, 5, 5, 5, 5, 5, 4, 5, 5, 5, 5, 5, 5, 5, 5, 5, 5, 5, 5, 5, 5]"
PROBATION,4.7931,0.5496,29,"[5, 5, 5, 5, 5, 3, 5, 5, 5, 5, 5, 5, 5, 5, 5, 4, 3, 5, 5, 5, 5, 5, 4, 5, 5, 5, 5, 5, 5]"
PROBES,4.4667,0.8055,30,"[5, 5, 5, 4, 4, 4, 5, 4, 5, 5, 5, 5, 4, 4, 5, 5, 5, 2, 5, 5, 5, 5, 5, 3, 3, 5, 5, 3, 4, 5]"
PROBLEM,4.8,0.4,30,"[5, 5, 5, 5, 4, 5, 5, 5, 5, 4, 5, 5, 4, 5, 5, 5, 5, 5, 5, 5, 5, 4, 5, 5, 5, 5, 5, 5, 4, 4]"
PROCEEDED,4.8667,0.3399,30,"[5, 4, 5, 4, 5, 5, 5, 5, 5, 5, 5, 5, 5, 4, 5, 5, 5, 5, 4, 5, 5, 5, 5, 5, 5, 5, 5, 5, 5, 5]"
PROF,3.4667,1.4079,30,"[5, 1, 1, 3, 3, 2, 4, 3, 5, 4, 1, 5, 5, 4, 4, 5, 3, 5, 2, 2, 2, 5, 1, 3, 4, 5, 5, 3, 5, 4]"
PROFESSIONALLY,4.8333,0.3727,30,"[5, 4, 5, 5, 5, 5, 4, 5, 5, 5, 5, 4, 5, 4, 5, 5, 5, 5, 5, 5, 4, 5, 5, 5, 5, 5, 5, 5, 5, 5]"
PROGNOSIS,4.1379,1.3319,29,"[5, 5, 2, 4, 4, 3, 5, 5, 5, 5, 5, 5, 4, 1, 5, 5, 5, 1, 1, 5, 5, 4, 5, 5, 3, 5, 5, 5, 3]"
PROJECT,4.9667,0.1795,30,"[5, 5, 5, 5, 5, 5, 5, 5, 5, 5, 5, 5, 5, 5, 5, 5, 5, 5, 5, 5, 5, 5, 5, 4, 5, 5, 5, 5, 5, 5]"
PROMISCUOUS,4.5333,0.8844,30,"[5, 3, 5, 5, 5, 5, 5, 5, 5, 5, 5, 4, 5, 4, 5, 4, 5, 3, 5, 4, 1, 5, 4, 5, 5, 5, 5, 4, 5, 5]"
PRONE,4.7667,0.423,30,"[4, 4, 5, 5, 5, 5, 5, 5, 5, 5, 5, 5, 5, 5, 4, 4, 5, 5, 5, 5, 5, 5, 5, 4, 4, 5, 5, 4, 5, 5]"
PRONTO,4.4643,0.7311,28,"[5, 5, 5, 5, 4, 5, 5, 5, 3, 5, 5, 3, 5, 4, 3, 5, 5, 5, 4, 4, 5, 5, 4, 5, 4, 5, 4, 3]"
PROOF,4.9,0.3,30,"[5, 5, 5, 5, 5, 5, 5, 5, 5, 5, 5, 5, 5, 5, 5, 5, 5, 5, 4, 5, 4, 5, 5, 5, 4, 5, 5, 5, 5, 5]"
PROSECUTED,4.7333,0.6289,30,"[5, 5, 5, 5, 5, 4, 5, 5, 5, 3, 5, 5, 5, 5, 5, 5, 5, 5, 3, 5, 4, 5, 5, 5, 3, 5, 5, 5, 5, 5]"
PROSTITUTES,4.7333,0.6289,30,"[4, 2, 5, 5, 5, 5, 5, 5, 5, 5, 5, 4, 5, 4, 5, 5, 5, 5, 5, 4, 5, 5, 4, 5, 5, 5, 5, 5, 5, 5]"
PROTEINS,4.8667,0.3399,30,"[5, 5, 5, 5, 5, 5, 5, 4, 5, 5, 5, 5, 5, 4, 5, 5, 5, 5, 5, 5, 5, 5, 5, 4, 5, 5, 5, 4, 5, 5]"
PROVISIONS,4.5667,0.7608,30,"[5, 5, 5, 5, 5, 5, 5, 5, 5, 3, 4, 5, 4, 5, 4, 3, 5, 5, 5, 5, 5, 2, 5, 5, 4, 5, 5, 5, 4, 4]"
PRUDE,4.5333,0.67,30,"[4, 5, 5, 5, 4, 5, 5, 5, 5, 3, 4, 5, 4, 5, 5, 4, 5, 5, 5, 3, 5, 4, 5, 5, 4, 5, 5, 5, 4, 3]"
PRUDENCE,4.6207,0.6651,29,"[5, 5, 3, 5, 5, 5, 5, 4, 5, 3, 5, 4, 5, 5, 4, 5, 5, 5, 5, 5, 5, 5, 5, 5, 5, 4, 4, 5, 3]"
PSST,4.0333,1.2243,30,"[3, 3, 3, 5, 1, 5, 4, 5, 5, 5, 5, 5, 5, 5, 4, 4, 4, 4, 4, 5, 5, 1, 5, 3, 5, 5, 4, 4, 4, 1]"
PULVERIZED,4.6667,0.5963,30,"[5, 5, 4, 5, 5, 4, 5, 5, 5, 4, 4, 5, 5, 5, 5, 5, 5, 5, 3, 5, 4, 5, 5, 5, 4, 5, 3, 5, 5, 5]"
PUNCTURED,4.8,0.4761,30,"[5, 4, 5, 5, 5, 5, 5, 5, 4, 4, 5, 5, 5, 5, 5, 3, 5, 5, 5, 5, 5, 4, 5, 5, 5, 5, 5, 5, 5, 5]"
PUNKS,4.5862,0.72,29,"[3, 5, 3, 3, 5, 3, 5, 4, 5, 5, 5, 5, 5, 4, 5, 5, 5, 5, 5, 5, 5, 4, 5, 5, 5, 5, 5, 5, 4]"
PUPPY,4.8667,0.3399,30,"[5, 5, 5, 5, 5, 5, 5, 5, 5, 4, 5, 5, 5, 5, 5, 4, 5, 5, 5, 5, 5, 4, 5, 5, 5, 5, 5, 5, 4, 5]"
PURSUIT,4.7931,0.4051,29,"[4, 5, 5, 4, 5, 4, 5, 5, 5, 5, 5, 5, 5, 4, 5, 5, 5, 5, 5, 5, 5, 4, 5, 5, 5, 5, 5, 5, 4]"
PUSSYFOOT,3.9,1.193,30,"[4, 5, 5, 5, 3, 1, 5, 3, 5, 3, 2, 5, 3, 4, 5, 2, 5, 5, 2, 4, 5, 4, 4, 5, 4, 5, 3, 5, 4, 2]"
PUT,4.7931,0.6091,29,"[5, 4, 5, 5, 5, 5, 5, 5, 5, 5, 5, 5, 5, 4, 4, 5, 5, 5, 5, 5, 5, 5, 5, 5, 5, 5, 5, 5, 2]"
QUAI,1.2,0.4761,30,"[1, 1, 1, 1, 1, 1, 1, 1, 1, 3, 1, 1, 1, 2, 1, 1, 1, 2, 2, 1, 1, 1, 1, 1, 1, 1, 1, 1, 2, 1]"
QUAINT,4.4828,0.7711,29,"[5, 4, 4, 5, 5, 5, 5, 4, 4, 4, 5, 3, 5, 2, 5, 5, 5, 4, 5, 5, 4, 3, 5, 5, 5, 4, 5, 5, 5]"
QUALIFICATIONS,4.9643,0.1856,28,"[5, 5, 5, 5, 5, 5, 5, 5, 5, 5, 5, 5, 5, 5, 4, 5, 5, 5, 5, 5, 5, 5, 5, 5, 5, 5, 5, 5]"
QUARRELED,4.4667,0.8844,30,"[4, 4, 5, 5, 5, 5, 4, 5, 5, 5, 5, 4, 5, 4, 4, 5, 1, 3, 5, 4, 3, 5, 4, 5, 5, 5, 5, 5, 5, 5]"
QUEASY,4.5333,0.8055,30,"[4, 4, 5, 5, 5, 5, 4, 5, 5, 5, 5, 4, 5, 4, 5, 4, 1, 4, 5, 4, 4, 5, 4, 5, 5, 5, 5, 5, 5, 5]"
QUEEN,4.9333,0.359,30,"[5, 5, 5, 5, 5, 5, 5, 5, 5, 3, 5, 5, 5, 5, 5, 5, 5, 5, 5, 5, 5, 5, 5, 5, 5, 5, 5, 5, 5, 5]"
QUITTERS,4.6333,0.6574,30,"[5, 5, 5, 3, 5, 4, 5, 5, 4, 5, 5, 5, 3, 5, 4, 5, 5, 4, 5, 5, 5, 5, 5, 5, 5, 5, 3, 5, 4, 5]"
QUO,2.8667,1.384,30,"[3, 5, 2, 2, 3, 2, 1, 4, 1, 5, 3, 5, 2, 4, 1, 3, 5, 3, 1, 5, 4, 1, 1, 3, 3, 4, 2, 4, 3, 1]"
RACETRACK,4.9,0.3,30,"[5, 5, 5, 5, 5, 5, 5, 5, 5, 4, 5, 5, 5, 5, 5, 5, 5, 5, 4, 5, 5, 5, 5, 5, 4, 5, 5, 5, 5, 5]"
RADIOMAN,4.0333,1.0483,30,"[5, 5, 5, 3, 5, 2, 3, 5, 4, 4, 3, 3, 5, 5, 3, 3, 3, 5, 3, 5, 4, 5, 2, 5, 3, 5, 5, 5, 3, 5]"
RAH,2.2069,1.0948,29,"[2, 1, 1, 4, 4, 3, 2, 3, 2, 2, 4, 1, 2, 1, 3, 2, 3, 3, 5, 1, 2, 2, 1, 1, 2, 2, 3, 1, 1]"
RAILROADS,4.9643,0.1856,28,"[5, 5, 5, 5, 5, 5, 5, 4, 5, 5, 5, 5, 5, 5, 5, 5, 5, 5, 5, 5, 5, 5, 5, 5, 5, 5, 5, 5]"
RAISED,4.9,0.3,30,"[5, 5, 5, 5, 5, 5, 5, 5, 5, 5, 5, 5, 5, 5, 5, 5, 5, 5, 4, 5, 4, 5, 5, 5, 4, 5, 5, 5, 5, 5]"
RAISIN,4.9333,0.2494,30,"[5, 4, 5, 5, 5, 5, 5, 5, 5, 5, 5, 4, 5, 5, 5, 5, 5, 5, 5, 5, 5, 5, 5, 5, 5, 5, 5, 5, 5, 5]"
RAKISH,2.5172,1.5892,29,"[2, 4, 1, 1, 5, 3, 1, 4, 2, 5, 2, 5, 1, 1, 4, 5, 3, 1, 1, 5, 1, 2, 5, 1, 1, 1, 1, 3, 2]"
RANKED,4.6897,0.6488,29,"[4, 5, 5, 4, 5, 3, 5, 5, 5, 5, 5, 5, 5, 4, 5, 5, 5, 5, 5, 5, 5, 3, 5, 5, 5, 5, 5, 5, 3]"
RATES,4.7333,0.5121,30,"[5, 5, 5, 5, 5, 5, 5, 4, 5, 4, 5, 5, 4, 5, 5, 4, 5, 5, 5, 5, 5, 4, 5, 5, 5, 5, 5, 5, 4, 3]"
RATTLESNAKES,4.8276,0.4601,29,"[5, 5, 5, 4, 5, 4, 5, 5, 5, 5, 5, 5, 5, 4, 5, 5, 5, 5, 5, 5, 5, 3, 5, 5, 5, 5, 5, 5, 5]"
REACTIVATE,4.5333,0.8844,30,"[4, 3, 5, 5, 5, 5, 5, 5, 5, 5, 5, 4, 5, 4, 1, 3, 5, 5, 5, 4, 4, 5, 4, 5, 5, 5, 5, 5, 5, 5]"
READINGS,4.7931,0.4828,29,"[5, 5, 4, 5, 4, 5, 5, 4, 5, 5, 5, 3, 5, 4, 5, 5, 5, 5, 5, 5, 5, 5, 5, 5, 5, 5, 5, 5, 5]"
REAFFIRMED,4.5172,0.7711,29,"[4, 5, 3, 3, 5, 3, 5, 5, 5, 5, 5, 5, 4, 3, 5, 5, 5, 5, 5, 5, 5, 4, 5, 5, 5, 5, 3, 5, 4]"
REALM,4.6333,0.7063,30,"[5, 5, 5, 5, 5, 4, 5, 5, 5, 3, 4, 5, 5, 5, 5, 5, 5, 5, 3, 5, 3, 4, 5, 5, 3, 5, 5, 5, 5, 5]"
REASSIGNMENT,4.7333,0.6799,30,"[5, 5, 5, 5, 5, 4, 5, 5, 5, 5, 5, 5, 4, 5, 5, 5, 5, 2, 5, 5, 5, 5, 5, 3, 5, 5, 5, 4, 5, 5]"
REBOARD,3.7667,1.3585,30,"[5, 5, 5, 5, 5, 1, 5, 4, 5, 2, 4, 3, 5, 4, 3, 5, 4, 5, 2, 4, 3, 3, 1, 3, 2, 1, 4, 5, 5, 5]"
REBOOT,4.7333,0.5735,30,"[5, 4, 3, 5, 5, 5, 5, 5, 5, 4, 5, 5, 5, 4, 3, 5, 5, 5, 5, 5, 5, 5, 5, 5, 5, 5, 5, 4, 5, 5]"
RECALLED,4.7667,0.6675,30,"[5, 5, 5, 5, 5, 4, 5, 5, 5, 5, 5, 5, 4, 5, 5, 5, 2, 5, 5, 5, 5, 5, 5, 3, 5, 5, 5, 5, 5, 5]"
RECEIPT,4.9333,0.2494,30,"[5, 5, 5, 5, 5, 5, 5, 5, 5, 5, 5, 5, 5, 5, 5, 5, 4, 5, 5, 5, 5, 5, 5, 4, 5, 5, 5, 5, 5, 5]"
RECEPTION,4.7931,0.4828,29,"[5, 5, 4, 5, 5, 5, 5, 4, 5, 5, 5, 3, 5, 4, 5, 5, 5, 5, 5, 5, 4, 5, 5, 5, 5, 5, 5, 5, 5]"
RECHARGE,4.8,0.4,30,"[5, 5, 5, 5, 4, 5, 5, 5, 5, 5, 5, 5, 4, 5, 5, 4, 5, 5, 5, 5, 5, 4, 5, 5, 5, 5, 5, 5, 4, 4]"
RECLINING,4.931,0.2534,29,"[5, 4, 5, 5, 5, 5, 5, 5, 5, 5, 5, 5, 5, 5, 4, 5, 5, 5, 5, 5, 5, 5, 5, 5, 5, 5, 5, 5, 5]"
RECONSIDER,4.7333,0.5121,30,"[5, 5, 5, 5, 5, 5, 5, 5, 5, 3, 5, 5, 4, 5, 5, 4, 5, 5, 5, 5, 5, 4, 5, 5, 5, 5, 4, 5, 4, 4]"
RECUPERATIVE,3.9,1.1648,30,"[4, 3, 4, 3, 5, 5, 5, 5, 3, 5, 5, 2, 5, 3, 5, 4, 1, 3, 3, 3, 3, 5, 3, 5, 5, 2, 5, 5, 3, 5]"
REDCOAT,4.0,1.1832,30,"[3, 2, 5, 2, 5, 4, 5, 5, 5, 5, 5, 4, 5, 5, 1, 4, 5, 2, 2, 4, 4, 4, 3, 4, 4, 3, 5, 5, 5, 5]"
REDHEADS,4.8,0.5416,30,"[5, 3, 5, 5, 5, 5, 5, 5, 3, 5, 5, 5, 5, 5, 5, 5, 5, 4, 5, 5, 5, 5, 4, 5, 5, 5, 5, 5, 5, 5]"
REDUNDANT,4.7931,0.4828,29,"[5, 5, 4, 5, 5, 5, 5, 4, 5, 5, 5, 3, 5, 4, 5, 5, 5, 5, 5, 5, 4, 5, 5, 5, 5, 5, 5, 5, 5]"
REEK,4.3333,1.075,30,"[4, 5, 5, 5, 3, 5, 5, 5, 5, 5, 5, 4, 3, 1, 5, 5, 2, 3, 5, 5, 5, 5, 5, 3, 5, 4, 5, 3, 5, 5]"
REFLECTIVE,4.7241,0.5184,29,"[4, 5, 4, 4, 5, 3, 5, 5, 5, 5, 5, 5, 5, 4, 5, 5, 5, 5, 5, 5, 5, 4, 5, 5, 5, 5, 5, 5, 4]"
REFUELED,4.7241,0.4469,29,"[5, 5, 5, 5, 5, 5, 4, 5, 5, 4, 5, 4, 5, 5, 4, 5, 5, 5, 5, 5, 4, 5, 5, 5, 5, 4, 5, 4, 4]"
REGARDLESS,4.8,0.5416,30,"[5, 5, 5, 5, 5, 5, 5, 5, 5, 5, 4, 5, 5, 5, 5, 5, 5, 5, 3, 5, 3, 5, 5, 5, 4, 5, 5, 5, 5, 5]"
REGRETTABLE,4.7667,0.7608,30,"[5, 5, 5, 5, 5, 1, 5, 5, 5, 5, 5, 5, 4, 5, 5, 5, 5, 4, 5, 5, 5, 5, 5, 5, 5, 5, 5, 4, 5, 5]"
REHABILITATION,4.7333,0.4422,30,"[5, 5, 5, 5, 4, 5, 5, 5, 5, 4, 4, 5, 4, 5, 5, 4, 5, 5, 5, 5, 5, 4, 5, 5, 5, 5, 5, 5, 4, 4]"
REHASH,4.4,0.9866,30,"[5, 4, 2, 4, 5, 5, 5, 5, 1, 4, 5, 5, 5, 4, 5, 3, 5, 5, 3, 5, 5, 4, 4, 5, 5, 5, 5, 4, 5, 5]"
REICH,3.4667,1.4996,30,"[2, 3, 5, 3, 1, 1, 3, 4, 5, 5, 3, 3, 1, 1, 5, 5, 5, 2, 5, 5, 5, 5, 5, 3, 3, 5, 4, 1, 4, 2]"
REINDEER,4.8621,0.4334,29,"[4, 5, 5, 5, 5, 5, 5, 5, 5, 5, 5, 5, 5, 4, 5, 5, 5, 5, 5, 5, 5, 3, 5, 5, 5, 5, 5, 5, 5]"
REINFORCE,4.931,0.2534,29,"[5, 5, 5, 5, 5, 5, 5, 5, 5, 5, 5, 5, 5, 5, 4, 5, 5, 5, 5, 5, 5, 4, 5, 5, 5, 5, 5, 5, 5]"
REJECTING,4.8621,0.3448,29,"[5, 5, 5, 5, 5, 4, 5, 5, 5, 5, 5, 5, 5, 4, 5, 5, 5, 5, 5, 5, 5, 4, 5, 5, 5, 5, 5, 5, 4]"
RELAPSE,4.7667,0.423,30,"[5, 4, 5, 5, 5, 5, 5, 5, 5, 5, 5, 4, 5, 4, 4, 5, 5, 5, 5, 5, 4, 5, 4, 5, 5, 5, 5, 4, 5, 5]"
RELAX,4.8966,0.3045,29,"[4, 5, 5, 5, 5, 5, 5, 5, 5, 5, 5, 5, 5, 4, 5, 5, 5, 5, 5, 5, 5, 5, 5, 5, 5, 5, 5, 5, 4]"
RELUCTANCE,4.8667,0.4269,30,"[5, 5, 5, 5, 5, 5, 5, 5, 4, 5, 5, 5, 3, 5, 5, 5, 5, 5, 5, 5, 5, 4, 5, 5, 5, 5, 5, 5, 5, 5]"
REMAINED,4.8333,0.3727,30,"[5, 5, 5, 4, 5, 5, 5, 5, 5, 4, 5, 5, 5, 5, 5, 4, 5, 5, 4, 5, 5, 5, 5, 5, 5, 4, 5, 5, 5, 5]"
REMODELING,4.5172,0.8558,29,"[5, 5, 5, 4, 5, 5, 4, 5, 4, 4, 5, 4, 5, 5, 3, 5, 5, 5, 5, 5, 4, 5, 5, 5, 5, 5, 1, 4, 4]"
RENDER,4.7241,0.5184,29,"[5, 4, 5, 3, 5, 5, 4, 5, 4, 5, 5, 5, 5, 5, 4, 5, 4, 5, 5, 5, 5, 5, 5, 4, 5, 5, 5, 5, 5]"
RENDEZVOUS,4.6207,0.7617,29,"[5, 5, 4, 5, 5, 5, 5, 4, 5, 4, 2, 3, 5, 5, 5, 5, 5, 5, 5, 5, 4, 5, 5, 5, 5, 3, 5, 5, 5]"
REPEAL,4.5667,0.9195,30,"[5, 5, 5, 5, 5, 4, 5, 5, 5, 5, 5, 5, 4, 4, 5, 5, 1, 5, 5, 5, 5, 5, 5, 4, 5, 5, 4, 2, 5, 4]"
REPLACE,4.8667,0.4269,30,"[5, 5, 5, 5, 5, 5, 5, 5, 5, 5, 5, 5, 4, 5, 5, 5, 3, 5, 5, 5, 5, 5, 5, 4, 5, 5, 5, 5, 5, 5]"
REPLICA,4.8,0.4,30,"[5, 4, 5, 5, 5, 5, 5, 5, 4, 4, 5, 5, 5, 5, 4, 5, 5, 5, 4, 5, 5, 4, 5, 5, 5, 5, 5, 5, 5, 5]"
REPRESSING,4.3333,1.0111,30,"[5, 5, 5, 4, 5, 3, 5, 3, 4, 2, 4, 5, 3, 5, 4, 5, 5, 5, 5, 5, 5, 4, 5, 5, 5, 5, 5, 4, 1, 4]"
REPUBLIC,4.7,0.6403,30,"[5, 5, 5, 5, 5, 4, 5, 5, 5, 3, 3, 5, 5, 5, 5, 5, 5, 5, 3, 5, 4, 5, 5, 5, 5, 5, 4, 5, 5, 5]"
REROUTE,4.4,0.8406,30,"[3, 5, 5, 5, 4, 5, 4, 5, 5, 3, 4, 5, 4, 5, 5, 3, 5, 5, 5, 2, 5, 4, 5, 5, 4, 5, 5, 5, 4, 3]"
RERUNS,4.8276,0.4601,29,"[4, 5, 5, 3, 5, 4, 5, 5, 5, 5, 5, 5, 5, 4, 5, 5, 5, 5, 5, 5, 5, 5, 5, 5, 5, 5, 5, 5, 5]"
RESEARCH,4.931,0.2534,29,"[5, 4, 5, 5, 5, 5, 5, 5, 5, 5, 5, 5, 5, 5, 4, 5, 5, 5, 5, 5, 5, 5, 5, 5, 5, 5, 5, 5, 5]"
RESEDA,1.4667,0.67,30,"[1, 1, 2, 1, 1, 2, 3, 1, 2, 2, 1, 1, 1, 1, 1, 1, 1, 1, 1, 1, 1, 2, 2, 3, 1, 3, 1, 2, 2, 1]"
RESHAPE,4.8333,0.3727,30,"[5, 5, 5, 5, 5, 4, 5, 5, 5, 5, 5, 5, 4, 5, 4, 5, 5, 5, 4, 5, 5, 5, 5, 5, 5, 5, 5, 5, 5, 4]"
RESPECTABLE,4.9655,0.1825,29,"[5, 5, 5, 5, 5, 5, 5, 5, 5, 5, 5, 5, 5, 5, 4, 5, 5, 5, 5, 5, 5, 5, 5, 5, 5, 5, 5, 5, 5]"
RESTITUTION,4.6207,0.715,29,"[5, 3, 5, 5, 5, 5, 5, 5, 4, 5, 5, 4, 5, 5, 4, 4, 5, 5, 5, 5, 5, 4, 5, 2, 4, 5, 5, 5, 5]"
RETIRED,4.9655,0.1825,29,"[5, 5, 5, 5, 5, 5, 5, 5, 5, 5, 5, 5, 5, 4, 5, 5, 5, 5, 5, 5, 5, 5, 5, 5, 5, 5, 5, 5, 5]"
RETRACT,4.6897,0.532,29,"[5, 5, 5, 5, 4, 5, 5, 4, 5, 4, 5, 3, 5, 5, 4, 5, 4, 5, 5, 5, 4, 5, 5, 5, 5, 5, 5, 5, 4]"
RETURNED,4.9655,0.1825,29,"[5, 5, 5, 5, 5, 5, 5, 5, 5, 5, 5, 5, 5, 4, 5, 5, 5, 5, 5, 5, 5, 5, 5, 5, 5, 5, 5, 5, 5]"
REVERSING,4.6,0.8794,30,"[5, 3, 5, 5, 5, 5, 5, 5, 5, 5, 5, 4, 5, 4, 1, 5, 5, 3, 5, 5, 4, 5, 4, 5, 5, 5, 5, 5, 5, 5]"
REVITALIZE,4.5,0.9574,30,"[5, 5, 5, 5, 4, 1, 4, 5, 5, 5, 5, 5, 5, 4, 5, 5, 2, 3, 5, 5, 5, 5, 5, 4, 5, 5, 5, 4, 4, 5]"
REVOLUTIONARY,4.7667,0.5588,30,"[5, 5, 5, 5, 5, 5, 5, 5, 5, 4, 3, 5, 5, 5, 5, 5, 5, 5, 4, 5, 4, 5, 5, 5, 3, 5, 5, 5, 5, 5]"
REVUE,2.8333,1.655,30,"[2, 3, 1, 5, 1, 4, 1, 5, 5, 1, 5, 2, 1, 1, 5, 3, 5, 1, 1, 5, 3, 1, 2, 3, 4, 4, 1, 1, 5, 4]"
RHUBARB,4.3793,0.9618,29,"[4, 4, 5, 5, 3, 3, 5, 5, 5, 3, 5, 5, 3, 5, 5, 1, 5, 5, 5, 5, 4, 5, 4, 5, 5, 4, 5, 4, 5]"
RHYTHM,4.8667,0.4989,30,"[5, 5, 5, 5, 5, 5, 5, 5, 5, 5, 5, 5, 5, 5, 5, 5, 5, 5, 3, 5, 5, 5, 5, 5, 3, 5, 5, 5, 5, 5]"
RICK,3.8333,1.4162,30,"[5, 5, 4, 1, 3, 3, 1, 5, 5, 4, 4, 1, 5, 5, 2, 5, 3, 3, 4, 5, 3, 5, 5, 5, 1, 5, 5, 3, 5, 5]"
RICOCHETS,4.2759,1.1714,29,"[5, 1, 5, 5, 5, 5, 5, 4, 5, 3, 5, 3, 5, 1, 4, 5, 4, 5, 5, 4, 4, 5, 5, 2, 5, 4, 5, 5, 5]"
RID,4.8667,0.3399,30,"[5, 5, 5, 5, 5, 5, 5, 5, 5, 5, 5, 5, 5, 5, 5, 5, 5, 5, 4, 5, 4, 5, 5, 5, 4, 5, 4, 5, 5, 5]"
RIDICULOUSLY,4.6552,0.8418,29,"[5, 5, 3, 5, 5, 4, 5, 5, 5, 5, 5, 5, 5, 4, 5, 5, 5, 1, 5, 5, 5, 4, 5, 5, 5, 5, 5, 5, 4]"
RIDING,4.7333,0.5735,30,"[5, 5, 5, 5, 5, 5, 5, 5, 5, 4, 5, 5, 3, 5, 5, 3, 5, 5, 5, 5, 5, 4, 5, 5, 5, 5, 5, 5, 4, 4]"
RIDLEY,2.8966,1.3733,29,"[4, 3, 3, 5, 1, 4, 5, 4, 1, 1, 2, 3, 5, 3, 3, 1, 3, 5, 4, 3, 5, 3, 1, 2, 2, 3, 3, 1, 1]"
RIGA,1.5517,0.9317,29,"[1, 1, 1, 1, 1, 2, 4, 2, 2, 1, 1, 1, 1, 4, 2, 1, 1, 1, 1, 2, 4, 1, 1, 1, 2, 1, 2, 1, 1]"
RIGGED,4.7,0.5859,30,"[4, 5, 4, 3, 5, 3, 5, 5, 5, 5, 5, 5, 5, 4, 5, 5, 5, 5, 5, 5, 5, 5, 4, 5, 5, 5, 5, 5, 5, 4]"
RIGID,4.5862,0.9655,29,"[5, 5, 5, 2, 5, 3, 5, 5, 5, 5, 5, 5, 5, 4, 5, 5, 5, 1, 5, 5, 5, 4, 5, 5, 5, 5, 5, 5, 4]"
RILED,4.2069,1.2143,29,"[4, 5, 1, 4, 5, 3, 5, 5, 5, 5, 2, 5, 5, 1, 4, 5, 4, 5, 2, 5, 5, 4, 5, 5, 5, 5, 4, 5, 4]"
RINGERS,4.1724,1.2613,29,"[2, 5, 3, 1, 5, 2, 5, 4, 5, 5, 3, 5, 5, 4, 4, 5, 5, 5, 3, 5, 5, 1, 5, 5, 5, 5, 5, 5, 4]"
RIPPING,4.5667,0.9551,30,"[5, 2, 5, 5, 5, 5, 3, 5, 5, 5, 5, 4, 5, 5, 5, 4, 1, 5, 5, 5, 4, 5, 4, 5, 5, 5, 5, 5, 5, 5]"
RITZ,4.1333,0.8844,30,"[2, 5, 5, 5, 3, 5, 4, 3, 5, 4, 3, 5, 3, 4, 4, 3, 5, 5, 5, 4, 3, 4, 5, 5, 4, 5, 4, 5, 4, 3]"
RIVERFRONT,4.8667,0.3399,30,"[5, 5, 5, 4, 5, 4, 5, 5, 5, 5, 5, 5, 5, 5, 5, 5, 5, 5, 4, 5, 5, 5, 5, 5, 4, 5, 5, 5, 5, 5]"
ROBERTS,3.7,1.3204,30,"[1, 5, 5, 5, 4, 4, 5, 3, 5, 2, 2, 5, 2, 3, 3, 3, 5, 2, 5, 2, 2, 4, 5, 5, 2, 5, 5, 5, 4, 3]"
ROCKY,4.8,0.4761,30,"[5, 4, 5, 5, 5, 5, 5, 5, 5, 5, 5, 5, 5, 4, 4, 5, 5, 3, 5, 5, 5, 5, 4, 5, 5, 5, 5, 5, 5, 5]"
RODS,4.6897,0.6488,29,"[5, 5, 3, 3, 5, 4, 5, 5, 5, 4, 5, 5, 5, 4, 5, 5, 5, 5, 5, 5, 5, 3, 5, 5, 5, 5, 5, 5, 5]"
ROHAN,2.2069,1.4234,29,"[3, 5, 1, 1, 5, 3, 1, 4, 2, 3, 2, 5, 1, 1, 3, 5, 3, 1, 1, 1, 2, 1, 1, 1, 2, 1, 1, 1, 3]"
ROLLER,4.6333,0.7063,30,"[5, 5, 5, 5, 5, 3, 4, 5, 5, 5, 2, 4, 5, 5, 4, 5, 4, 5, 5, 5, 4, 5, 5, 5, 4, 5, 5, 5, 5, 5]"
ROMERO,3.1333,1.3098,30,"[3, 2, 1, 3, 2, 5, 3, 3, 5, 5, 3, 2, 2, 2, 3, 5, 1, 4, 5, 5, 3, 3, 4, 2, 4, 2, 5, 1, 4, 2]"
ROPE,4.9286,0.2575,28,"[5, 5, 5, 4, 5, 5, 5, 5, 5, 5, 5, 5, 5, 4, 5, 5, 5, 5, 5, 5, 5, 5, 5, 5, 5, 5, 5, 5]"
ROQUEFORT,2.6333,1.5162,30,"[5, 1, 1, 3, 4, 1, 5, 4, 1, 3, 4, 3, 1, 2, 3, 1, 1, 4, 1, 4, 5, 2, 1, 2, 1, 5, 3, 1, 2, 5]"
ROSEMARY,4.7241,0.5184,29,"[5, 5, 3, 4, 5, 4, 5, 5, 5, 5, 5, 5, 5, 4, 5, 5, 4, 5, 5, 5, 5, 4, 5, 5, 5, 5, 5, 5, 4]"
ROTTERDAM,2.7241,1.5952,29,"[5, 1, 5, 5, 1, 1, 3, 1, 1, 3, 2, 4, 1, 1, 3, 1, 1, 2, 2, 5, 4, 5, 5, 5, 4, 2, 2, 3, 1]"
ROUGHLY,4.7667,0.4955,30,"[5, 5, 5, 5, 5, 5, 5, 5, 5, 3, 5, 5, 4, 5, 5, 4, 5, 5, 5, 5, 5, 4, 5, 5, 5, 5, 5, 5, 4, 4]"
ROUGHNECK,4.0667,1.1235,30,"[3, 4, 5, 3, 5, 4, 4, 5, 5, 5, 5, 3, 5, 3, 1, 4, 5, 3, 5, 4, 2, 5, 4, 5, 3, 2, 5, 5, 5, 5]"
ROUND,4.8966,0.3045,29,"[5, 5, 5, 4, 5, 5, 5, 5, 5, 5, 5, 5, 5, 4, 5, 5, 5, 5, 5, 5, 5, 4, 5, 5, 5, 5, 5, 5, 5]"
ROVER,4.1667,1.1279,30,"[4, 3, 5, 3, 5, 5, 5, 5, 5, 5, 2, 4, 5, 3, 1, 3, 5, 3, 5, 4, 2, 4, 4, 5, 5, 5, 5, 5, 5, 5]"
ROWED,4.3667,1.1397,30,"[5, 5, 5, 5, 3, 3, 4, 5, 5, 5, 5, 5, 4, 1, 5, 5, 3, 3, 5, 5, 5, 5, 5, 4, 5, 5, 5, 1, 5, 5]"
RSVP,4.5517,0.7695,29,"[5, 5, 3, 3, 5, 5, 5, 4, 5, 5, 5, 4, 5, 3, 5, 5, 3, 5, 5, 5, 4, 5, 5, 5, 5, 3, 5, 5, 5]"
RUBBISH,4.7667,0.4955,30,"[5, 5, 5, 5, 5, 5, 5, 5, 4, 5, 4, 5, 3, 5, 4, 5, 5, 4, 5, 5, 5, 4, 5, 5, 5, 5, 5, 5, 5, 5]"
RUBE,2.7333,1.4591,30,"[2, 3, 4, 2, 1, 4, 2, 4, 2, 4, 3, 1, 2, 1, 4, 5, 3, 5, 1, 5, 5, 1, 5, 3, 1, 1, 1, 1, 3, 3]"
RUBENS,3.2759,1.5952,29,"[1, 5, 1, 5, 2, 1, 5, 5, 3, 4, 2, 5, 4, 4, 3, 5, 4, 1, 2, 1, 5, 4, 5, 5, 3, 5, 1, 1, 3]"
RUCKUS,4.4,0.9522,30,"[5, 5, 5, 4, 4, 5, 5, 5, 5, 5, 5, 5, 1, 4, 4, 5, 3, 3, 5, 5, 5, 5, 5, 3, 5, 4, 5, 3, 4, 5]"
RUFFLING,4.4667,0.763,30,"[5, 5, 5, 5, 5, 4, 5, 5, 4, 4, 4, 5, 3, 5, 4, 5, 5, 3, 5, 5, 5, 4, 5, 5, 5, 5, 4, 4, 2, 4]"
RUFUS,2.931,1.4125,29,"[4, 2, 3, 5, 5, 3, 5, 1, 3, 1, 5, 3, 3, 3, 2, 1, 3, 5, 4, 2, 5, 4, 3, 3, 3, 1, 1, 1, 1]"
RUMP,4.4667,0.9568,30,"[5, 5, 5, 5, 4, 4, 4, 5, 5, 5, 5, 5, 1, 5, 5, 5, 2, 4, 5, 5, 5, 5, 5, 4, 5, 5, 3, 4, 5, 4]"
RUNS,4.7667,0.7608,30,"[5, 5, 1, 5, 5, 5, 5, 5, 4, 4, 5, 5, 5, 5, 5, 5, 5, 5, 5, 5, 5, 5, 5, 5, 5, 5, 4, 5, 5, 5]"
RUPTURE,4.7333,0.4422,30,"[4, 4, 5, 5, 5, 5, 5, 5, 5, 5, 5, 4, 5, 4, 5, 4, 5, 4, 5, 5, 4, 5, 4, 5, 5, 5, 5, 5, 5, 5]"
SAGES,3.8276,1.1765,29,"[3, 2, 5, 1, 5, 5, 3, 5, 4, 5, 3, 2, 4, 5, 4, 3, 2, 3, 4, 4, 3, 3, 5, 5, 3, 5, 5, 5, 5]"
SALIVA,4.7931,0.4828,29,"[5, 5, 4, 5, 5, 3, 5, 5, 5, 5, 5, 5, 5, 4, 5, 5, 5, 5, 5, 5, 5, 4, 5, 5, 5, 5, 5, 5, 4]"
SALMON,4.7667,0.5588,30,"[4, 3, 5, 4, 5, 5, 5, 5, 5, 5, 5, 4, 5, 5, 5, 5, 5, 3, 5, 5, 5, 5, 5, 5, 5, 5, 5, 5, 5, 5]"
SALVADOR,4.1667,1.1279,30,"[5, 5, 5, 4, 5, 3, 2, 5, 5, 5, 5, 4, 4, 2, 4, 5, 4, 4, 5, 5, 5, 5, 5, 2, 4, 5, 5, 1, 4, 3]"
SALVAGING,4.4,0.7572,30,"[5, 4, 5, 5, 4, 5, 4, 5, 5, 3, 3, 4, 3, 5, 4, 3, 5, 5, 5, 5, 5, 4, 5, 5, 5, 5, 4, 5, 4, 3]"
SALVE,4.0,1.2865,29,"[4, 5, 1, 3, 5, 3, 5, 5, 2, 5, 4, 5, 4, 2, 4, 5, 4, 1, 2, 5, 5, 3, 5, 5, 5, 5, 5, 5, 4]"
SAMMY,3.9643,1.2951,28,"[5, 3, 3, 5, 5, 5, 5, 3, 1, 1, 5, 4, 5, 5, 4, 4, 5, 5, 4, 5, 4, 5, 3, 3, 5, 5, 1, 3]"
SANCTIMONIOUS,3.8,1.2754,30,"[4, 2, 2, 2, 5, 5, 5, 4, 3, 5, 5, 2, 5, 4, 5, 4, 5, 2, 4, 3, 1, 2, 5, 5, 5, 3, 5, 4, 5, 3]"
SANCTIONS,4.4,0.8406,30,"[4, 2, 5, 3, 5, 5, 5, 5, 5, 5, 5, 3, 5, 4, 5, 4, 5, 3, 5, 4, 4, 3, 4, 5, 5, 4, 5, 5, 5, 5]"
SANDS,4.8,0.7916,30,"[5, 5, 5, 5, 5, 5, 5, 5, 5, 5, 5, 5, 5, 3, 5, 5, 1, 5, 5, 5, 5, 5, 5, 5, 5, 5, 5, 5, 5, 5]"
SANDY,4.8667,0.3399,30,"[5, 5, 5, 5, 5, 5, 5, 5, 5, 5, 5, 5, 5, 5, 4, 5, 4, 5, 4, 5, 4, 5, 5, 5, 5, 5, 5, 5, 5, 5]"
SANG,4.6667,1.0111,30,"[5, 5, 1, 5, 5, 5, 5, 5, 5, 5, 5, 5, 5, 5, 5, 4, 5, 5, 5, 5, 5, 5, 1, 5, 4, 5, 5, 5, 5, 5]"
SANK,4.4667,0.8844,30,"[5, 5, 5, 5, 4, 4, 2, 5, 5, 5, 5, 5, 4, 3, 5, 5, 2, 4, 5, 5, 5, 5, 5, 4, 5, 5, 5, 3, 4, 5]"
SAPPHIRE,4.6667,0.6992,30,"[5, 5, 5, 5, 5, 5, 4, 5, 5, 5, 4, 5, 5, 5, 4, 5, 4, 2, 5, 5, 5, 5, 5, 3, 5, 5, 5, 4, 5, 5]"
SARCOPHAGUS,3.5172,1.4049,29,"[3, 2, 4, 3, 1, 5, 5, 5, 2, 2, 5, 3, 3, 4, 5, 5, 2, 5, 5, 1, 5, 5, 2, 1, 5, 4, 3, 4, 3]"
SAVVY,4.6,0.9165,30,"[5, 1, 5, 5, 5, 4, 5, 5, 5, 5, 3, 5, 5, 5, 5, 5, 5, 5, 3, 5, 5, 5, 5, 5, 3, 5, 4, 5, 5, 5]"
SAW,4.9333,0.2494,30,"[5, 5, 5, 5, 5, 5, 5, 5, 5, 5, 4, 5, 5, 5, 5, 5, 5, 5, 5, 5, 5, 5, 5, 4, 5, 5, 5, 5, 5, 5]"
SAWYER,3.7241,1.362,29,"[4, 3, 3, 5, 5, 4, 5, 3, 1, 2, 5, 3, 5, 5, 4, 1, 4, 5, 5, 4, 5, 3, 5, 2, 2, 5, 5, 4, 1]"
SAXON,3.1379,1.2519,29,"[4, 3, 5, 1, 4, 2, 5, 1, 2, 4, 3, 5, 4, 2, 3, 2, 4, 2, 3, 5, 3, 2, 2, 4, 3, 3, 1, 5, 4]"
SAXOPHONES,4.9655,0.1825,29,"[5, 5, 5, 5, 5, 5, 5, 5, 5, 5, 5, 5, 5, 5, 4, 5, 5, 5, 5, 5, 5, 5, 5, 5, 5, 5, 5, 5, 5]"
SCABBY,4.069,1.0806,29,"[5, 5, 3, 2, 4, 5, 5, 4, 2, 4, 5, 2, 3, 2, 4, 5, 4, 5, 5, 4, 3, 5, 5, 5, 5, 5, 4, 5, 3]"
SCHEMING,4.3333,1.1643,30,"[5, 4, 2, 5, 1, 1, 5, 5, 4, 3, 5, 5, 5, 4, 4, 5, 3, 5, 4, 5, 5, 5, 5, 5, 5, 5, 5, 5, 5, 5]"
SCHMUCK,4.3333,0.7454,30,"[5, 5, 5, 4, 5, 5, 5, 5, 4, 5, 4, 5, 3, 4, 4, 4, 3, 4, 4, 5, 5, 3, 3, 5, 5, 4, 3, 5, 4, 5]"
SCHOLARSHIP,4.9,0.3,30,"[5, 4, 5, 5, 5, 5, 5, 5, 5, 5, 5, 4, 5, 5, 5, 5, 5, 5, 5, 5, 4, 5, 5, 5, 5, 5, 5, 5, 5, 5]"
SCHOOLWORK,4.9667,0.1795,30,"[5, 5, 5, 5, 5, 5, 5, 5, 5, 5, 5, 5, 5, 5, 5, 5, 5, 5, 4, 5, 5, 5, 5, 5, 5, 5, 5, 5, 5, 5]"
SCIATIC,2.8,1.4922,30,"[3, 5, 1, 5, 1, 1, 1, 4, 5, 5, 2, 3, 1, 2, 3, 4, 3, 2, 1, 2, 4, 5, 4, 3, 1, 5, 1, 1, 3, 3]"
SCOLD,4.8667,0.4269,30,"[5, 5, 5, 5, 5, 5, 5, 5, 5, 5, 5, 5, 5, 5, 5, 5, 5, 5, 3, 5, 5, 5, 5, 5, 4, 5, 4, 5, 5, 5]"
SCOOT,4.3,0.9363,30,"[4, 3, 5, 5, 5, 5, 2, 5, 5, 5, 3, 4, 5, 4, 2, 3, 5, 5, 4, 3, 4, 5, 4, 5, 5, 5, 5, 4, 5, 5]"
SCOPE,4.9,0.3,30,"[5, 5, 5, 5, 5, 4, 5, 5, 5, 5, 5, 5, 4, 5, 5, 5, 5, 5, 5, 5, 5, 5, 5, 4, 5, 5, 5, 5, 5, 5]"
SCOWLING,4.4138,1.1301,29,"[5, 5, 2, 5, 5, 4, 5, 5, 5, 5, 4, 5, 5, 2, 5, 5, 5, 1, 2, 5, 5, 4, 5, 5, 5, 5, 5, 5, 4]"
SCRAM,4.6552,0.7084,29,"[4, 5, 2, 3, 5, 4, 5, 4, 5, 5, 5, 5, 5, 4, 5, 5, 5, 5, 5, 5, 5, 5, 5, 5, 5, 5, 5, 5, 4]"
SCRAWLED,4.3,0.9713,30,"[5, 5, 5, 5, 4, 3, 5, 5, 5, 2, 3, 5, 4, 5, 5, 2, 5, 5, 4, 2, 5, 4, 4, 5, 5, 5, 4, 5, 4, 4]"
SCREAMING,4.8667,0.5617,30,"[5, 5, 5, 5, 5, 5, 5, 5, 5, 5, 5, 5, 5, 5, 5, 5, 2, 5, 5, 5, 5, 5, 5, 4, 5, 5, 5, 5, 5, 5]"
SCROLLS,4.6,0.7572,30,"[5, 5, 5, 5, 4, 3, 5, 5, 5, 5, 5, 5, 5, 2, 5, 5, 4, 4, 5, 5, 5, 5, 5, 3, 5, 5, 5, 4, 4, 5]"
SCULLERY,2.5172,1.2763,29,"[2, 2, 5, 5, 3, 2, 1, 3, 4, 2, 4, 3, 3, 1, 1, 5, 2, 2, 2, 2, 2, 1, 1, 2, 5, 3, 1, 2, 2]"
SCURVY,4.5,0.8062,30,"[5, 5, 5, 5, 5, 4, 5, 5, 5, 3, 3, 5, 5, 5, 5, 5, 4, 5, 3, 5, 3, 5, 4, 5, 3, 5, 5, 3, 5, 5]"
SCUTTLE,3.7,1.3699,30,"[4, 5, 4, 5, 2, 4, 3, 4, 5, 5, 5, 2, 1, 2, 5, 5, 2, 3, 5, 5, 5, 3, 4, 2, 1, 5, 5, 2, 5, 3]"
SEAFOOD,5.0,0.0,30,"[5, 5, 5, 5, 5, 5, 5, 5, 5, 5, 5, 5, 5, 5, 5, 5, 5, 5, 5, 5, 5, 5, 5, 5, 5, 5, 5, 5, 5, 5]"
SEALED,4.8966,0.4021,29,"[5, 5, 5, 5, 5, 5, 5, 5, 5, 5, 5, 5, 5, 5, 4, 5, 5, 5, 5, 5, 5, 5, 5, 3, 5, 5, 5, 5, 5]"
SEC,2.9667,1.2512,30,"[1, 5, 4, 2, 2, 2, 4, 2, 1, 2, 4, 2, 2, 3, 2, 3, 3, 3, 4, 5, 2, 2, 5, 1, 5, 3, 3, 4, 5, 3]"
SECURE,4.8621,0.3448,29,"[5, 5, 5, 5, 5, 5, 5, 4, 5, 5, 5, 4, 5, 4, 5, 5, 5, 5, 5, 5, 4, 5, 5, 5, 5, 5, 5, 5, 5]"
SEDER,2.0,1.2865,29,"[1, 1, 3, 1, 3, 1, 1, 1, 2, 1, 2, 5, 3, 1, 2, 3, 4, 1, 1, 5, 1, 1, 3, 1, 1, 1, 1, 4, 3]"
SEFTON,1.3793,0.611,29,"[3, 2, 2, 1, 1, 1, 3, 2, 1, 1, 1, 1, 1, 2, 2, 1, 1, 1, 1, 1, 2, 1, 1, 1, 2, 1, 1, 1, 1]"
SELDOM,4.6552,0.7998,29,"[5, 5, 4, 4, 5, 4, 5, 5, 5, 5, 5, 5, 5, 4, 5, 5, 5, 1, 5, 5, 5, 4, 5, 5, 5, 5, 5, 5, 4]"
SELL,4.8966,0.4021,29,"[5, 5, 5, 5, 5, 5, 5, 4, 5, 5, 5, 3, 5, 5, 5, 5, 5, 5, 5, 5, 5, 5, 5, 5, 5, 5, 5, 5, 5]"
SEMPER,2.9333,1.1528,30,"[3, 3, 2, 3, 1, 3, 4, 2, 2, 1, 3, 4, 5, 3, 4, 2, 3, 5, 3, 2, 4, 3, 5, 1, 3, 1, 3, 2, 4, 4]"
SENATORS,4.8333,0.3727,30,"[5, 5, 5, 5, 5, 4, 5, 5, 5, 4, 4, 5, 5, 5, 5, 5, 5, 5, 4, 5, 5, 5, 5, 5, 4, 5, 5, 5, 5, 5]"
SENSIBLE,4.7667,0.423,30,"[4, 5, 4, 4, 5, 4, 5, 5, 5, 5, 5, 5, 5, 4, 5, 5, 5, 5, 5, 5, 5, 5, 4, 5, 5, 5, 5, 5, 5, 4]"
SENSITIVITY,4.8621,0.3448,29,"[5, 5, 4, 5, 5, 4, 5, 5, 5, 5, 5, 5, 5, 4, 5, 5, 5, 5, 5, 5, 5, 4, 5, 5, 5, 5, 5, 5, 5]"
SENSORS,4.6,0.6633,30,"[5, 2, 5, 4, 5, 5, 5, 5, 5, 5, 5, 4, 5, 4, 4, 4, 5, 4, 5, 4, 4, 5, 4, 5, 5, 5, 5, 5, 5, 5]"
SEPARATED,4.9333,0.2494,30,"[5, 4, 5, 5, 5, 5, 5, 5, 5, 5, 5, 5, 5, 5, 4, 5, 5, 5, 5, 5, 5, 5, 5, 5, 5, 5, 5, 5, 5, 5]"
SEPARATISTS,3.7,1.3454,30,"[5, 5, 2, 3, 1, 3, 3, 5, 5, 3, 2, 5, 5, 4, 5, 5, 3, 5, 2, 5, 2, 5, 2, 2, 2, 5, 3, 4, 5, 5]"
SEPTEMBER,4.8667,0.3399,30,"[5, 5, 5, 5, 5, 5, 5, 5, 5, 5, 5, 5, 5, 5, 5, 4, 5, 5, 5, 5, 5, 4, 5, 5, 4, 5, 5, 5, 4, 5]"
SEPULCHRE,2.5333,1.5861,30,"[5, 1, 5, 1, 1, 3, 1, 5, 4, 3, 1, 3, 3, 2, 5, 5, 2, 5, 2, 1, 1, 2, 1, 1, 1, 5, 1, 3, 2, 1]"
SEQUENCE,4.7,0.526,30,"[5, 5, 5, 5, 4, 5, 5, 5, 5, 3, 5, 5, 4, 5, 5, 4, 5, 5, 5, 4, 5, 4, 5, 5, 5, 5, 5, 5, 4, 4]"
SERGEANT,4.6207,0.6651,29,"[4, 5, 4, 4, 5, 3, 5, 5, 5, 5, 5, 5, 5, 4, 5, 5, 5, 5, 5, 5, 5, 3, 5, 5, 5, 5, 3, 5, 4]"
SERIALIZE,3.7667,1.3828,30,"[4, 2, 5, 3, 5, 4, 5, 5, 5, 5, 5, 2, 5, 4, 1, 4, 1, 1, 5, 2, 3, 5, 4, 5, 5, 5, 4, 3, 4, 2]"
SERIES,4.8,0.4761,30,"[5, 5, 5, 5, 5, 5, 5, 5, 5, 3, 5, 5, 4, 5, 5, 5, 5, 5, 5, 5, 5, 4, 5, 5, 5, 5, 5, 5, 4, 4]"
SERRANO,2.3333,1.3984,30,"[3, 1, 5, 1, 1, 2, 4, 1, 1, 1, 4, 2, 3, 4, 1, 1, 2, 5, 2, 2, 1, 2, 2, 1, 4, 1, 3, 5, 4, 1]"
SETON,1.6897,1.1174,29,"[1, 4, 5, 1, 1, 1, 2, 1, 1, 2, 2, 3, 1, 1, 1, 1, 1, 4, 1, 2, 1, 3, 1, 3, 1, 1, 1, 1, 1]"
SETUP,4.9,0.3,30,"[5, 5, 5, 5, 5, 5, 5, 5, 5, 4, 5, 5, 5, 4, 5, 5, 5, 5, 4, 5, 5, 5, 5, 5, 5, 5, 5, 5, 5, 5]"
SEVERED,4.8667,0.4269,30,"[5, 5, 5, 5, 5, 3, 5, 5, 5, 5, 5, 5, 5, 5, 5, 5, 5, 5, 5, 5, 4, 5, 5, 5, 4, 5, 5, 5, 5, 5]"
SEXIST,4.7586,0.4279,29,"[4, 5, 5, 5, 5, 4, 5, 5, 5, 5, 5, 5, 5, 4, 5, 5, 4, 5, 5, 5, 5, 4, 5, 5, 5, 5, 4, 5, 4]"
SHADE,4.9333,0.2494,30,"[5, 4, 5, 5, 5, 5, 5, 5, 5, 5, 5, 5, 5, 5, 5, 5, 5, 5, 4, 5, 5, 5, 5, 5, 5, 5, 5, 5, 5, 5]"
SHAFT,4.6,0.7572,30,"[5, 5, 5, 5, 3, 5, 5, 4, 5, 5, 5, 5, 4, 5, 5, 5, 3, 2, 5, 5, 5, 5, 5, 4, 5, 5, 5, 4, 5, 4]"
SHAMPOO,5.0,0.0,30,"[5, 5, 5, 5, 5, 5, 5, 5, 5, 5, 5, 5, 5, 5, 5, 5, 5, 5, 5, 5, 5, 5, 5, 5, 5, 5, 5, 5, 5, 5]"
SHAREHOLDERS,4.6207,0.7617,29,"[4, 5, 4, 2, 5, 3, 5, 5, 5, 5, 5, 5, 5, 4, 5, 5, 5, 5, 5, 5, 5, 3, 5, 5, 5, 5, 5, 5, 4]"
SHARON,4.1333,1.2579,30,"[5, 2, 5, 5, 4, 5, 4, 5, 5, 5, 5, 2, 3, 5, 3, 5, 5, 4, 1, 5, 5, 5, 5, 4, 3, 5, 5, 1, 5, 3]"
SHATTERS,4.7333,0.8138,30,"[5, 5, 1, 3, 5, 5, 5, 5, 5, 5, 5, 5, 5, 5, 5, 5, 5, 5, 4, 5, 5, 5, 5, 5, 4, 5, 5, 5, 5, 5]"
SHAW,2.8966,1.7089,29,"[1, 5, 1, 1, 3, 1, 5, 1, 5, 3, 4, 5, 2, 2, 3, 4, 4, 1, 5, 1, 5, 1, 5, 5, 1, 1, 5, 1, 3]"
SHE,5.0,0.0,29,"[5, 5, 5, 5, 5, 5, 5, 5, 5, 5, 5, 5, 5, 5, 5, 5, 5, 5, 5, 5, 5, 5, 5, 5, 5, 5, 5, 5, 5]"
SHEA,3.1,1.193,30,"[1, 2, 5, 3, 2, 4, 4, 3, 1, 2, 3, 4, 2, 3, 3, 1, 3, 4, 5, 2, 5, 2, 4, 3, 3, 4, 4, 5, 4, 2]"
SHH,3.8621,1.4791,29,"[4, 1, 5, 3, 5, 2, 4, 5, 5, 5, 5, 3, 5, 3, 3, 5, 1, 5, 2, 5, 5, 5, 5, 5, 4, 1, 1, 5, 5]"
SHINDIG,4.1333,0.9214,30,"[5, 4, 2, 3, 5, 4, 4, 5, 1, 5, 4, 4, 5, 3, 5, 4, 4, 5, 4, 4, 4, 4, 5, 5, 4, 4, 4, 4, 5, 5]"
SHORTHANDED,4.7931,0.4828,29,"[5, 5, 4, 5, 5, 5, 5, 4, 5, 5, 5, 4, 5, 5, 5, 5, 5, 5, 5, 3, 4, 5, 5, 5, 5, 5, 5, 5, 5]"
SHORTS,4.9643,0.1856,28,"[5, 5, 5, 5, 5, 5, 5, 5, 5, 5, 5, 5, 5, 4, 5, 5, 5, 5, 5, 5, 5, 5, 5, 5, 5, 5, 5, 5]"
SHORTY,4.3333,0.9068,30,"[5, 5, 5, 5, 2, 5, 5, 4, 5, 3, 5, 5, 4, 3, 5, 3, 5, 5, 5, 3, 5, 4, 5, 5, 4, 5, 3, 5, 4, 3]"
SHOT,5.0,0.0,30,"[5, 5, 5, 5, 5, 5, 5, 5, 5, 5, 5, 5, 5, 5, 5, 5, 5, 5, 5, 5, 5, 5, 5, 5, 5, 5, 5, 5, 5, 5]"
SHOTGUN,4.9,0.3,30,"[5, 4, 5, 5, 5, 5, 5, 5, 5, 5, 5, 5, 5, 4, 5, 5, 5, 5, 5, 5, 5, 5, 4, 5, 5, 5, 5, 5, 5, 5]"
SHOULDERS,4.9667,0.1795,30,"[5, 5, 5, 5, 5, 5, 5, 5, 5, 5, 5, 5, 5, 5, 5, 5, 5, 5, 5, 5, 5, 5, 5, 5, 4, 5, 5, 5, 5, 5]"
SHOWDOWN,4.7,0.526,30,"[5, 4, 5, 4, 5, 5, 5, 5, 4, 4, 5, 5, 5, 4, 5, 5, 3, 5, 4, 5, 5, 5, 5, 5, 5, 5, 5, 4, 5, 5]"
SHOWGIRL,4.7667,0.5588,30,"[5, 5, 5, 5, 5, 3, 5, 5, 5, 4, 5, 5, 5, 5, 5, 5, 5, 5, 3, 5, 4, 5, 5, 5, 4, 5, 5, 5, 5, 5]"
SHRIKE,1.8333,1.098,30,"[2, 2, 5, 1, 1, 2, 1, 1, 2, 2, 1, 1, 2, 2, 1, 3, 1, 1, 1, 1, 2, 1, 3, 1, 3, 1, 5, 2, 3, 1]"
SHY,4.9667,0.1795,30,"[5, 5, 5, 5, 5, 5, 5, 5, 5, 5, 5, 5, 5, 5, 5, 5, 5, 5, 4, 5, 5, 5, 5, 5, 5, 5, 5, 5, 5, 5]"
SIBLINGS,5.0,0.0,30,"[5, 5, 5, 5, 5, 5, 5, 5, 5, 5, 5, 5, 5, 5, 5, 5, 5, 5, 5, 5, 5, 5, 5, 5, 5, 5, 5, 5, 5, 5]"
SICILY,4.1724,1.1468,29,"[5, 5, 5, 5, 4, 1, 5, 4, 5, 5, 1, 4, 4, 4, 4, 5, 4, 4, 5, 5, 4, 2, 5, 5, 5, 3, 5, 5, 3]"
SIDEBAR,4.3,0.8622,30,"[5, 4, 2, 3, 5, 5, 5, 5, 4, 4, 4, 5, 5, 4, 5, 5, 3, 4, 5, 3, 5, 5, 5, 3, 5, 5, 4, 3, 5, 4]"
SIDEWAYS,4.8333,0.4534,30,"[5, 3, 5, 5, 5, 5, 5, 5, 5, 5, 5, 5, 5, 4, 4, 5, 5, 5, 5, 5, 5, 5, 4, 5, 5, 5, 5, 5, 5, 5]"
SIEGE,4.4333,0.8825,30,"[5, 2, 5, 3, 5, 5, 5, 5, 5, 5, 3, 3, 5, 4, 5, 4, 5, 3, 3, 5, 4, 5, 4, 5, 5, 5, 5, 5, 5, 5]"
SIGH,4.8333,0.5217,30,"[5, 5, 5, 5, 5, 5, 5, 5, 5, 5, 5, 5, 3, 5, 5, 5, 3, 5, 5, 5, 5, 5, 5, 4, 5, 5, 5, 5, 5, 5]"
SIGMA,3.1724,1.3408,29,"[5, 5, 2, 4, 4, 5, 2, 3, 2, 2, 1, 2, 3, 3, 3, 3, 3, 5, 5, 3, 1, 5, 1, 5, 2, 2, 3, 5, 3]"
SIGN,4.9,0.3,30,"[5, 4, 5, 5, 5, 5, 5, 5, 5, 5, 5, 5, 5, 5, 5, 5, 5, 5, 5, 5, 4, 5, 4, 5, 5, 5, 5, 5, 5, 5]"
SIGNALS,4.8966,0.3045,29,"[5, 5, 5, 5, 5, 5, 5, 5, 5, 5, 4, 5, 5, 5, 5, 5, 5, 4, 5, 4, 5, 5, 5, 5, 5, 5, 5, 5, 5]"
SIGNIFICANCE,4.7931,0.5496,29,"[5, 5, 5, 5, 4, 5, 5, 5, 5, 5, 5, 5, 5, 5, 5, 5, 5, 3, 5, 4, 5, 5, 5, 3, 5, 5, 5, 5, 5]"
SILVA,2.0333,1.1101,30,"[2, 2, 5, 5, 3, 2, 2, 2, 3, 2, 2, 3, 1, 3, 1, 3, 3, 2, 1, 3, 1, 1, 1, 1, 1, 2, 1, 1, 1, 1]"
SILVERWARE,4.9333,0.2494,30,"[5, 5, 5, 5, 5, 5, 5, 5, 5, 5, 5, 5, 5, 5, 4, 5, 5, 5, 5, 5, 5, 4, 5, 5, 5, 5, 5, 5, 5, 5]"
SIXTEENTH,4.9,0.3,30,"[5, 4, 5, 5, 5, 5, 5, 5, 4, 4, 5, 5, 5, 5, 5, 5, 5, 5, 5, 5, 5, 5, 5, 5, 5, 5, 5, 5, 5, 5]"
SIXTH,5.0,0.0,29,"[5, 5, 5, 5, 5, 5, 5, 5, 5, 5, 5, 5, 5, 5, 5, 5, 5, 5, 5, 5, 5, 5, 5, 5, 5, 5, 5, 5, 5]"
SKETCHES,4.8276,0.3777,29,"[5, 5, 4, 4, 5, 4, 5, 5, 5, 5, 5, 5, 5, 4, 5, 5, 5, 5, 5, 5, 5, 4, 5, 5, 5, 5, 5, 5, 5]"
SKIES,4.9655,0.1825,29,"[5, 5, 5, 5, 5, 5, 5, 5, 5, 5, 5, 5, 5, 5, 4, 5, 5, 5, 5, 5, 5, 5, 5, 5, 5, 5, 5, 5, 5]"
SKIFF,2.4667,1.4545,30,"[3, 2, 1, 1, 4, 3, 5, 5, 1, 3, 4, 2, 2, 2, 1, 1, 2, 1, 1, 3, 5, 1, 3, 1, 1, 3, 5, 1, 5, 2]"
SKIPPED,4.7931,0.4828,29,"[4, 5, 5, 3, 5, 5, 5, 5, 5, 5, 5, 5, 5, 4, 5, 5, 5, 5, 5, 5, 5, 4, 5, 5, 5, 5, 5, 5, 4]"
SKYWAY,4.2667,1.0625,30,"[5, 5, 5, 4, 4, 4, 1, 5, 5, 5, 5, 5, 5, 3, 5, 5, 3, 4, 3, 5, 5, 5, 5, 4, 5, 3, 5, 2, 5, 3]"
SLAB,4.7333,0.6799,30,"[5, 5, 5, 5, 4, 5, 5, 5, 5, 5, 5, 5, 4, 3, 5, 5, 2, 5, 5, 5, 5, 5, 5, 4, 5, 5, 5, 5, 5, 5]"
SLADE,2.6333,1.3287,30,"[3, 5, 5, 2, 3, 2, 2, 4, 3, 3, 1, 1, 2, 4, 2, 5, 2, 2, 2, 1, 3, 5, 2, 2, 1, 1, 5, 3, 2, 1]"
SLAPPING,4.8333,0.3727,30,"[5, 5, 5, 5, 5, 4, 5, 5, 5, 5, 5, 5, 5, 4, 5, 5, 5, 5, 5, 5, 5, 5, 5, 4, 5, 5, 5, 4, 4, 5]"
SLEEPOVER,4.931,0.2534,29,"[5, 5, 5, 5, 5, 5, 5, 5, 4, 5, 5, 5, 5, 5, 4, 5, 5, 5, 5, 5, 5, 5, 5, 5, 5, 5, 5, 5, 5]"
SLEW,4.1429,1.0252,28,"[5, 5, 3, 4, 4, 4, 5, 5, 4, 5, 2, 2, 4, 3, 4, 2, 5, 5, 5, 3, 5, 5, 5, 5, 5, 3, 5, 4]"
SLOB,4.7931,0.4828,29,"[4, 5, 4, 5, 5, 4, 5, 5, 5, 5, 5, 5, 5, 4, 5, 5, 5, 5, 5, 5, 5, 5, 5, 5, 5, 5, 3, 5, 5]"
SLOP,4.5517,0.674,29,"[5, 5, 5, 4, 5, 4, 5, 4, 4, 4, 3, 5, 3, 5, 3, 5, 5, 4, 5, 5, 5, 4, 5, 5, 5, 5, 5, 5, 5]"
SLOSHED,4.1,1.2207,30,"[5, 5, 5, 5, 3, 2, 4, 5, 5, 2, 4, 1, 4, 5, 4, 1, 5, 5, 5, 5, 5, 4, 5, 5, 3, 5, 3, 5, 4, 4]"
SLOTH,4.4483,0.968,29,"[3, 5, 5, 3, 5, 4, 3, 5, 5, 5, 5, 5, 5, 3, 5, 5, 5, 1, 5, 5, 5, 4, 5, 5, 5, 5, 5, 4, 4]"
SLY,4.7241,0.6377,29,"[4, 5, 4, 5, 5, 4, 5, 5, 5, 5, 5, 5, 5, 2, 5, 5, 5, 5, 5, 5, 5, 4, 5, 5, 5, 5, 5, 5, 4]"
SMACKED,4.9333,0.2494,30,"[5, 4, 5, 5, 5, 5, 5, 5, 5, 5, 5, 5, 5, 5, 4, 5, 5, 5, 5, 5, 5, 5, 5, 5, 5, 5, 5, 5, 5, 5]"
SMEE,1.7333,1.1813,30,"[2, 2, 1, 5, 1, 1, 1, 4, 2, 3, 3, 2, 1, 1, 1, 1, 1, 1, 1, 5, 1, 3, 1, 1, 1, 2, 1, 1, 1, 1]"
SMELLY,4.9667,0.1795,30,"[5, 5, 5, 5, 5, 5, 5, 5, 5, 5, 5, 5, 5, 5, 5, 5, 5, 5, 5, 5, 5, 5, 5, 5, 4, 5, 5, 5, 5, 5]"
SMITH,3.9333,1.2893,30,"[4, 3, 5, 1, 1, 4, 2, 5, 5, 5, 5, 3, 5, 3, 1, 5, 5, 4, 5, 3, 4, 4, 3, 4, 5, 4, 5, 5, 5, 5]"
SMOKEHOUSE,4.3,0.9363,30,"[5, 4, 5, 3, 3, 5, 5, 5, 5, 4, 5, 5, 5, 5, 5, 2, 3, 5, 4, 3, 5, 3, 3, 3, 5, 5, 5, 4, 5, 5]"
SMOKY,4.5,0.8062,30,"[5, 5, 5, 5, 4, 3, 5, 5, 5, 3, 5, 5, 4, 5, 5, 3, 5, 5, 5, 4, 5, 4, 5, 5, 5, 5, 2, 5, 4, 4]"
SNIFFER,4.1667,1.098,30,"[5, 5, 3, 3, 2, 1, 5, 5, 5, 3, 5, 4, 5, 5, 4, 5, 4, 5, 3, 5, 3, 5, 3, 5, 3, 5, 4, 5, 5, 5]"
SNIPERS,4.6897,0.6999,29,"[4, 5, 4, 2, 5, 3, 5, 5, 5, 5, 5, 5, 5, 4, 5, 5, 5, 5, 5, 5, 5, 4, 5, 5, 5, 5, 5, 5, 5]"
SNIPPY,4.2,1.0456,30,"[4, 3, 5, 2, 5, 5, 5, 5, 5, 2, 5, 3, 5, 4, 2, 4, 5, 4, 4, 4, 2, 4, 4, 5, 5, 5, 5, 5, 5, 5]"
SNIVELING,4.0,1.1255,30,"[5, 3, 4, 5, 5, 5, 5, 2, 4, 4, 2, 2, 3, 1, 4, 5, 5, 4, 5, 5, 5, 4, 3, 5, 5, 5, 3, 4, 4, 4]"
SNUFFY,3.4667,1.4545,30,"[3, 5, 1, 2, 4, 2, 3, 3, 5, 3, 5, 1, 5, 3, 2, 5, 3, 5, 3, 5, 3, 5, 1, 5, 4, 1, 5, 5, 2, 5]"
SOAKED,4.8966,0.3045,29,"[4, 5, 5, 4, 5, 5, 5, 5, 5, 5, 5, 5, 5, 4, 5, 5, 5, 5, 5, 5, 5, 5, 5, 5, 5, 5, 5, 5, 5]"
SOCIETY,4.8333,0.4534,30,"[5, 5, 5, 5, 5, 4, 5, 5, 5, 5, 5, 5, 5, 5, 5, 5, 3, 5, 5, 5, 5, 5, 5, 4, 5, 5, 5, 4, 5, 5]"
SOCKET,4.8966,0.3045,29,"[5, 4, 5, 5, 5, 5, 5, 5, 4, 5, 5, 5, 5, 5, 4, 5, 5, 5, 5, 5, 5, 5, 5, 5, 5, 5, 5, 5, 5]"
SOFTEST,4.8929,0.3093,28,"[5, 4, 5, 5, 5, 5, 5, 5, 5, 5, 5, 5, 5, 5, 4, 5, 5, 5, 5, 5, 4, 5, 5, 5, 5, 5, 5, 5]"
SOJOURNER,3.0,1.3416,30,"[3, 2, 2, 1, 5, 4, 5, 1, 2, 5, 3, 2, 5, 3, 2, 3, 1, 2, 2, 2, 1, 2, 4, 4, 5, 3, 4, 4, 3, 5]"
SOLAR,4.9,0.3,30,"[5, 5, 4, 4, 5, 5, 5, 5, 5, 5, 5, 5, 5, 4, 5, 5, 5, 5, 5, 5, 5, 5, 5, 5, 5, 5, 5, 5, 5, 5]"
SOLARIUM,3.6207,1.2976,29,"[3, 4, 3, 4, 5, 5, 5, 4, 5, 2, 5, 2, 2, 1, 4, 2, 4, 4, 5, 3, 1, 3, 5, 5, 5, 2, 5, 4, 3]"
SOLDIER,5.0,0.0,30,"[5, 5, 5, 5, 5, 5, 5, 5, 5, 5, 5, 5, 5, 5, 5, 5, 5, 5, 5, 5, 5, 5, 5, 5, 5, 5, 5, 5, 5, 5]"
SOLICITING,4.7586,0.5021,29,"[5, 5, 5, 5, 5, 5, 5, 4, 5, 5, 5, 4, 5, 4, 5, 5, 5, 5, 5, 5, 4, 5, 5, 3, 5, 4, 5, 5, 5]"
SOLIDARITY,4.7,0.6904,30,"[5, 5, 5, 5, 4, 5, 4, 5, 5, 5, 5, 5, 4, 5, 5, 5, 2, 5, 5, 5, 5, 5, 5, 4, 5, 5, 5, 3, 5, 5]"
SOLOMON,3.8,1.1944,30,"[2, 5, 5, 5, 3, 3, 5, 4, 4, 2, 2, 5, 1, 4, 3, 3, 5, 5, 5, 3, 3, 4, 5, 4, 2, 5, 5, 5, 4, 3]"
SOMBER,4.5333,0.763,30,"[5, 5, 5, 5, 5, 5, 5, 4, 5, 2, 4, 4, 5, 5, 5, 4, 5, 5, 5, 3, 5, 3, 5, 5, 5, 5, 4, 5, 4, 4]"
SOMEDAY,4.9333,0.2494,30,"[5, 5, 5, 5, 5, 5, 5, 5, 4, 4, 5, 5, 5, 5, 5, 5, 5, 5, 5, 5, 5, 5, 5, 5, 5, 5, 5, 5, 5, 5]"
SOMEHOW,4.8,0.7483,30,"[5, 5, 5, 5, 5, 5, 5, 5, 5, 5, 5, 5, 5, 5, 1, 5, 5, 5, 5, 5, 4, 5, 4, 5, 5, 5, 5, 5, 5, 5]"
SOMEWHAT,4.9259,0.2619,27,"[5, 4, 5, 5, 5, 5, 5, 5, 5, 5, 5, 5, 5, 4, 5, 5, 5, 5, 5, 5, 5, 5, 5, 5, 5, 5, 5]"
SON,4.8,0.6,30,"[4, 5, 5, 5, 5, 5, 5, 5, 5, 5, 5, 5, 5, 5, 5, 5, 5, 5, 5, 2, 5, 4, 5, 5, 5, 5, 5, 5, 4, 5]"
SOOTHE,4.5667,0.8825,30,"[5, 5, 5, 5, 5, 5, 5, 5, 5, 3, 4, 1, 3, 5, 5, 4, 5, 5, 5, 5, 5, 4, 5, 5, 5, 5, 5, 5, 4, 4]"
SORROW,4.9286,0.2575,28,"[5, 4, 5, 5, 5, 5, 5, 5, 5, 5, 5, 5, 5, 4, 5, 5, 5, 5, 5, 5, 5, 5, 5, 5, 5, 5, 5, 5]"
SOUNDLY,4.6207,0.715,29,"[3, 5, 3, 3, 5, 3, 5, 5, 5, 5, 5, 5, 5, 4, 5, 5, 5, 5, 5, 5, 5, 4, 5, 5, 5, 5, 5, 5, 4]"
SPANIARD,4.2667,1.1235,30,"[5, 5, 2, 1, 5, 4, 5, 5, 5, 3, 4, 5, 5, 5, 5, 5, 4, 5, 2, 5, 3, 5, 4, 5, 3, 5, 5, 3, 5, 5]"
SPANNER,3.1,1.4457,30,"[3, 1, 2, 5, 5, 2, 5, 2, 4, 1, 2, 2, 4, 3, 2, 3, 5, 2, 4, 5, 2, 2, 5, 4, 5, 4, 2, 5, 1, 1]"
SPARKLING,4.8621,0.4334,29,"[5, 5, 5, 5, 5, 5, 5, 5, 5, 5, 5, 5, 5, 3, 5, 5, 5, 5, 5, 5, 5, 4, 5, 5, 5, 5, 5, 5, 4]"
SPARTA,4.1034,1.0937,29,"[5, 5, 5, 5, 5, 3, 3, 4, 5, 4, 1, 4, 4, 2, 3, 2, 5, 5, 5, 5, 4, 5, 5, 5, 4, 4, 5, 4, 3]"
SPASM,4.8966,0.3045,29,"[5, 4, 5, 5, 5, 5, 5, 5, 5, 5, 5, 5, 5, 5, 4, 4, 5, 5, 5, 5, 5, 5, 5, 5, 5, 5, 5, 5, 5]"
SPAWN,4.7586,0.5666,29,"[5, 3, 5, 5, 4, 5, 5, 5, 3, 5, 5, 5, 5, 5, 4, 4, 5, 5, 5, 5, 5, 5, 5, 5, 5, 5, 5, 5, 5]"
SPEAR,4.9333,0.2494,30,"[5, 5, 5, 5, 5, 5, 5, 5, 5, 5, 5, 5, 4, 5, 5, 5, 5, 4, 5, 5, 5, 5, 5, 5, 5, 5, 5, 5, 5, 5]"
SPECIFICALLY,4.9,0.3,30,"[5, 5, 5, 5, 5, 5, 5, 5, 5, 5, 4, 5, 5, 5, 5, 5, 5, 5, 4, 5, 4, 5, 5, 5, 5, 5, 5, 5, 5, 5]"
SPECULATE,4.931,0.2534,29,"[5, 5, 5, 5, 5, 5, 5, 5, 5, 5, 5, 5, 5, 5, 4, 5, 5, 5, 5, 5, 5, 5, 5, 4, 5, 5, 5, 5, 5]"
SPEEDO,4.7586,0.6245,29,"[5, 5, 5, 5, 5, 3, 5, 5, 5, 5, 5, 5, 5, 5, 5, 5, 3, 5, 5, 5, 5, 5, 4, 5, 5, 5, 3, 5, 5]"
SPHERE,4.8276,0.4601,29,"[5, 5, 3, 4, 5, 4, 5, 5, 5, 5, 5, 5, 5, 4, 5, 5, 5, 5, 5, 5, 5, 5, 5, 5, 5, 5, 5, 5, 5]"
SPINACH,4.8667,0.4269,30,"[5, 4, 5, 5, 5, 5, 3, 5, 5, 5, 5, 4, 5, 5, 5, 5, 5, 5, 5, 5, 5, 5, 5, 5, 5, 5, 5, 5, 5, 5]"
SPOKANE,3.4,1.5832,30,"[5, 5, 5, 4, 1, 1, 3, 4, 5, 3, 4, 3, 1, 2, 4, 5, 1, 2, 1, 5, 5, 5, 4, 5, 4, 5, 1, 1, 5, 3]"
SPOKE,4.8621,0.5708,29,"[5, 5, 5, 5, 5, 5, 5, 5, 5, 5, 5, 5, 5, 5, 4, 5, 5, 5, 5, 5, 5, 5, 5, 2, 5, 5, 5, 5, 5]"
SPONGES,5.0,0.0,28,"[5, 5, 5, 5, 5, 5, 5, 5, 5, 5, 5, 5, 5, 5, 5, 5, 5, 5, 5, 5, 5, 5, 5, 5, 5, 5, 5, 5]"
SPOT,5.0,0.0,30,"[5, 5, 5, 5, 5, 5, 5, 5, 5, 5, 5, 5, 5, 5, 5, 5, 5, 5, 5, 5, 5, 5, 5, 5, 5, 5, 5, 5, 5, 5]"
SPRINKLERS,4.931,0.3649,29,"[5, 5, 5, 5, 5, 5, 5, 5, 5, 5, 5, 5, 5, 5, 5, 5, 5, 5, 3, 5, 5, 5, 5, 5, 5, 5, 5, 5, 5]"
SPUN,4.3448,1.1825,29,"[4, 5, 4, 1, 5, 3, 5, 5, 5, 5, 5, 5, 5, 4, 5, 5, 4, 1, 2, 5, 5, 3, 5, 5, 5, 5, 5, 5, 5]"
SQUADRON,4.0333,1.5808,30,"[5, 5, 5, 5, 1, 5, 5, 4, 5, 5, 5, 5, 1, 1, 5, 5, 2, 2, 5, 5, 5, 5, 5, 3, 1, 5, 5, 1, 5, 5]"
SQUALOR,3.9333,0.9978,30,"[5, 4, 3, 4, 5, 4, 5, 5, 2, 4, 4, 5, 4, 3, 4, 2, 4, 5, 3, 4, 5, 4, 3, 4, 2, 5, 2, 4, 5, 5]"
SQUAWKING,4.3793,1.0959,29,"[4, 5, 2, 4, 5, 3, 5, 5, 5, 5, 5, 5, 5, 1, 5, 5, 4, 5, 2, 5, 5, 4, 5, 5, 5, 5, 5, 5, 3]"
SQUEAMISH,4.7333,0.6289,30,"[5, 4, 5, 5, 5, 5, 5, 5, 2, 4, 5, 5, 5, 5, 5, 5, 4, 5, 4, 5, 5, 5, 5, 5, 5, 5, 5, 4, 5, 5]"
SQUEEZED,4.8621,0.4334,29,"[5, 5, 5, 5, 5, 4, 5, 5, 5, 5, 5, 5, 5, 4, 5, 5, 5, 5, 5, 5, 5, 5, 5, 5, 5, 5, 5, 5, 3]"
SQUIRM,4.7,0.5859,30,"[5, 5, 5, 5, 5, 5, 5, 5, 5, 3, 5, 5, 4, 5, 4, 3, 5, 5, 5, 5, 5, 4, 5, 5, 5, 5, 5, 5, 4, 4]"
SQUIRRELS,4.8667,0.3399,30,"[5, 5, 5, 5, 5, 5, 5, 5, 5, 4, 5, 5, 5, 5, 5, 4, 5, 5, 5, 5, 5, 4, 5, 5, 5, 5, 5, 5, 4, 5]"
STABBED,4.9,0.3,30,"[5, 5, 5, 4, 5, 5, 5, 5, 5, 5, 5, 5, 5, 5, 5, 4, 4, 5, 5, 5, 5, 5, 5, 5, 5, 5, 5, 5, 5, 5]"
STACK,4.8621,0.3448,29,"[5, 5, 5, 4, 5, 5, 5, 5, 5, 5, 5, 5, 5, 4, 5, 5, 5, 5, 5, 5, 5, 4, 5, 5, 5, 5, 5, 5, 4]"
STADIUM,4.8966,0.3045,29,"[4, 5, 5, 5, 5, 5, 5, 5, 5, 5, 5, 5, 5, 4, 5, 5, 5, 5, 5, 5, 5, 4, 5, 5, 5, 5, 5, 5, 5]"
STAFFER,4.4333,0.8439,30,"[5, 5, 4, 4, 5, 2, 5, 5, 4, 3, 5, 5, 3, 3, 5, 5, 5, 4, 5, 5, 4, 4, 5, 5, 5, 5, 5, 5, 5, 3]"
STALE,4.7,0.526,30,"[4, 5, 5, 5, 5, 5, 5, 5, 5, 4, 5, 5, 4, 5, 5, 3, 5, 5, 5, 4, 5, 4, 5, 5, 5, 5, 5, 5, 4, 4]"
STANLEY,4.2333,1.1743,30,"[5, 4, 5, 5, 4, 5, 5, 5, 5, 5, 3, 5, 5, 1, 4, 3, 5, 5, 5, 4, 2, 3, 2, 2, 5, 5, 5, 5, 5, 5]"
STARING,4.8966,0.3045,29,"[5, 5, 5, 5, 4, 5, 5, 5, 5, 5, 5, 5, 5, 4, 4, 5, 5, 5, 5, 5, 5, 5, 5, 5, 5, 5, 5, 5, 5]"
STARLIGHT,4.7333,0.5735,30,"[5, 5, 5, 5, 5, 5, 5, 5, 5, 5, 5, 4, 5, 5, 3, 5, 5, 3, 5, 4, 4, 5, 4, 5, 5, 5, 5, 5, 5, 5]"
START,4.9655,0.1825,29,"[5, 5, 5, 5, 5, 5, 5, 5, 5, 5, 5, 5, 5, 5, 4, 5, 5, 5, 5, 5, 5, 5, 5, 5, 5, 5, 5, 5, 5]"
STAT,4.2333,0.9551,30,"[5, 5, 2, 5, 5, 4, 5, 4, 5, 5, 5, 4, 2, 5, 4, 5, 4, 3, 5, 5, 4, 5, 5, 3, 5, 5, 4, 3, 3, 3]"
STATEMENTS,4.8667,0.3399,30,"[5, 4, 5, 5, 5, 5, 5, 5, 5, 5, 5, 4, 5, 4, 5, 5, 5, 5, 5, 5, 5, 5, 4, 5, 5, 5, 5, 5, 5, 5]"
STATESIDE,4.5,0.8062,30,"[5, 4, 5, 4, 5, 5, 5, 5, 2, 4, 5, 5, 5, 4, 5, 2, 4, 5, 4, 5, 5, 4, 5, 5, 4, 5, 5, 4, 5, 5]"
STATUS,4.7667,0.423,30,"[5, 5, 5, 5, 5, 5, 5, 4, 5, 4, 5, 5, 4, 5, 5, 4, 5, 5, 5, 5, 5, 4, 5, 5, 5, 5, 5, 5, 4, 4]"
STEPPE,3.1034,1.3479,29,"[1, 2, 2, 3, 1, 4, 4, 3, 5, 4, 2, 5, 3, 5, 4, 2, 4, 2, 4, 3, 4, 4, 3, 1, 3, 1, 1, 5, 5]"
STERILE,4.8333,0.3727,30,"[5, 4, 5, 5, 5, 5, 5, 5, 5, 5, 5, 4, 5, 5, 5, 5, 5, 4, 5, 5, 4, 5, 4, 5, 5, 5, 5, 5, 5, 5]"
STICKBALL,3.8966,1.4935,29,"[3, 5, 2, 1, 5, 2, 5, 5, 5, 2, 5, 5, 5, 3, 5, 5, 5, 5, 5, 5, 3, 1, 5, 2, 1, 5, 5, 5, 3]"
STILES,2.6552,1.5597,29,"[2, 5, 1, 1, 5, 2, 5, 1, 2, 4, 2, 5, 2, 2, 3, 5, 4, 1, 2, 3, 5, 1, 5, 1, 3, 1, 1, 1, 2]"
STILL,4.8966,0.3045,29,"[5, 4, 5, 5, 5, 5, 5, 5, 4, 5, 5, 5, 5, 5, 4, 5, 5, 5, 5, 5, 5, 5, 5, 5, 5, 5, 5, 5, 5]"
STOCKY,4.6333,0.6046,30,"[4, 3, 5, 5, 5, 5, 5, 5, 5, 5, 4, 4, 5, 4, 5, 5, 5, 3, 5, 5, 4, 5, 4, 5, 5, 4, 5, 5, 5, 5]"
STOMACH,4.8966,0.4021,29,"[5, 5, 5, 3, 5, 5, 5, 5, 5, 5, 5, 5, 5, 4, 5, 5, 5, 5, 5, 5, 5, 5, 5, 5, 5, 5, 5, 5, 5]"
STORAGE,4.9655,0.1825,29,"[5, 5, 5, 5, 5, 5, 5, 5, 5, 5, 5, 5, 5, 5, 4, 5, 5, 5, 5, 5, 5, 5, 5, 5, 5, 5, 5, 5, 5]"
STORK,4.8333,0.4534,30,"[5, 4, 5, 5, 5, 5, 5, 5, 3, 5, 5, 5, 5, 5, 4, 5, 5, 5, 5, 5, 5, 5, 4, 5, 5, 5, 5, 5, 5, 5]"
STOWAWAYS,4.7586,0.5666,29,"[5, 3, 5, 5, 5, 5, 5, 5, 3, 5, 5, 5, 5, 5, 4, 5, 5, 5, 5, 4, 5, 5, 5, 5, 4, 5, 5, 5, 5]"
STRAIGHTAWAY,4.6,0.7118,30,"[5, 5, 5, 5, 5, 3, 5, 5, 5, 3, 4, 4, 5, 5, 5, 5, 4, 5, 3, 5, 4, 5, 5, 5, 3, 5, 5, 5, 5, 5]"
STRAIGHTEN,4.9333,0.2494,30,"[5, 4, 5, 5, 5, 5, 5, 5, 5, 5, 5, 5, 5, 5, 4, 5, 5, 5, 5, 5, 5, 5, 5, 5, 5, 5, 5, 5, 5, 5]"
STRAIGHTJACKET,4.5517,0.6207,29,"[5, 4, 5, 4, 4, 5, 5, 5, 4, 4, 5, 5, 5, 4, 3, 3, 5, 4, 5, 5, 4, 5, 5, 4, 5, 5, 5, 5, 5]"
STRANDED,4.8667,0.3399,30,"[5, 5, 5, 5, 5, 5, 5, 5, 4, 5, 5, 5, 4, 5, 4, 5, 5, 5, 5, 5, 5, 4, 5, 5, 5, 5, 5, 5, 5, 5]"
STRANGLER,4.5,0.8062,30,"[5, 5, 5, 5, 5, 5, 5, 5, 5, 2, 3, 5, 4, 5, 4, 3, 5, 5, 5, 4, 5, 4, 5, 5, 5, 5, 4, 5, 4, 3]"
STRAWBERRY,4.9617,0.1919,235,"[5, 5, 5, 5, 5, 5, 5, 5, 4, 5, 5, 5, 5, 5, 5, 5, 5, 5, 5, 5, 5, 5, 5, 5, 5, 5, 5, 5, 5, 5, 4, 5, 5, 5, 5, 5, 5, 5, 5, 5, 5, 5, 5, 5, 5, 4, 5, 5, 5, 5, 5, 4, 5, 5, 5, 5, 5, 5, 4, 5, 5, 5, 5, 5, 5, 5, 5, 5, 5, 5, 5, 5, 5, 4, 5, 5, 5, 5, 5, 5, 5, 5, 5, 5, 5, 5, 5, 5, 5, 5, 5, 5, 5, 5, 5, 5, 5, 5, 5, 5, 5, 5, 5, 5, 5, 5, 5, 5, 5, 5, 5, 5, 5, 5, 5, 5, 5, 5, 5, 5, 5, 5, 5, 5, 5, 5, 5, 5, 5, 5, 4, 5, 5, 5, 5, 5, 5, 5, 4, 5, 5, 5, 5, 5, 5, 5, 5, 5, 5, 5, 5, 5, 5, 4, 5, 5, 5, 5, 5, 5, 5, 5, 5, 5, 5, 5, 5, 5, 5, 5, 5, 5, 5, 5, 5, 5, 5, 5, 5, 5, 5, 5, 5, 5, 5, 5, 5, 5, 5, 5, 5, 5, 5, 5, 5, 5, 5, 5, 5, 5, 5, 5, 5, 5, 5, 5, 5, 5, 5, 5, 5, 5, 5, 5, 5, 5, 5, 5, 5, 5, 5, 5, 5, 5, 5, 5, 5, 5, 5, 5, 5, 5, 5, 5, 5]"
STREAK,4.8333,0.4534,30,"[5, 5, 5, 4, 5, 5, 5, 5, 4, 5, 5, 5, 5, 5, 4, 5, 5, 5, 5, 5, 5, 3, 5, 5, 5, 5, 5, 5, 5, 5]"
STRENGTH,4.9655,0.1825,29,"[5, 5, 5, 5, 5, 5, 5, 5, 5, 5, 5, 5, 5, 5, 4, 5, 5, 5, 5, 5, 5, 5, 5, 5, 5, 5, 5, 5, 5]"
STRIKE,4.931,0.2534,29,"[5, 5, 4, 5, 5, 5, 5, 5, 5, 5, 5, 4, 5, 5, 5, 5, 5, 5, 5, 5, 5, 5, 5, 5, 5, 5, 5, 5, 5]"
STRUGGLE,4.8667,0.3399,30,"[5, 4, 5, 5, 5, 5, 5, 5, 5, 5, 5, 5, 5, 5, 4, 5, 5, 5, 5, 5, 4, 5, 4, 5, 5, 5, 5, 5, 5, 5]"
STUART,4.0333,1.1686,30,"[1, 5, 5, 5, 4, 4, 5, 3, 5, 3, 3, 5, 1, 3, 5, 3, 5, 5, 4, 5, 4, 4, 5, 5, 2, 5, 4, 5, 4, 4]"
STUMBLE,4.9,0.3,30,"[5, 4, 5, 5, 5, 5, 5, 5, 5, 5, 5, 5, 5, 4, 5, 5, 5, 5, 5, 5, 5, 5, 4, 5, 5, 5, 5, 5, 5, 5]"
STUNNINGLY,4.7586,0.5021,29,"[5, 5, 4, 5, 5, 5, 5, 4, 5, 4, 5, 3, 5, 4, 5, 5, 5, 5, 5, 5, 4, 5, 5, 5, 5, 5, 5, 5, 5]"
SUBSTANTIAL,4.7667,0.423,30,"[5, 5, 5, 5, 5, 5, 5, 5, 5, 4, 4, 5, 4, 5, 5, 4, 5, 5, 5, 5, 5, 4, 5, 5, 5, 5, 5, 5, 4, 4]"
SUBTITLE,4.8333,0.4534,30,"[5, 5, 5, 5, 4, 5, 5, 5, 5, 5, 5, 5, 4, 5, 5, 5, 3, 5, 5, 5, 5, 5, 5, 4, 5, 5, 5, 5, 5, 5]"
SUBURBAN,4.7586,0.5021,29,"[4, 5, 5, 3, 5, 4, 5, 5, 5, 5, 5, 5, 5, 4, 5, 5, 5, 5, 5, 5, 5, 4, 5, 5, 5, 5, 5, 5, 4]"
SUCCOTASH,3.2667,1.5261,30,"[5, 2, 3, 5, 3, 2, 2, 3, 5, 2, 5, 5, 1, 1, 3, 5, 2, 2, 1, 5, 5, 3, 4, 3, 1, 5, 5, 1, 5, 4]"
SUCH,4.8966,0.4021,29,"[5, 5, 5, 3, 5, 5, 5, 5, 4, 5, 5, 5, 5, 5, 5, 5, 5, 5, 5, 5, 5, 5, 5, 5, 5, 5, 5, 5, 5]"
SUDDEN,4.8667,0.3399,30,"[5, 5, 5, 5, 5, 5, 5, 5, 4, 5, 5, 5, 4, 5, 4, 5, 5, 5, 5, 5, 5, 4, 5, 5, 5, 5, 5, 5, 5, 5]"
SULK,4.6667,0.6992,30,"[5, 3, 5, 5, 5, 4, 5, 5, 5, 5, 5, 5, 5, 5, 5, 5, 5, 5, 3, 5, 5, 5, 4, 5, 3, 5, 3, 5, 5, 5]"
SUMMIT,4.8966,0.3045,29,"[5, 5, 5, 5, 5, 5, 5, 4, 5, 5, 5, 4, 5, 5, 5, 5, 5, 5, 5, 5, 4, 5, 5, 5, 5, 5, 5, 5, 5]"
SUNBEAM,4.5862,0.72,29,"[4, 5, 2, 4, 5, 4, 5, 5, 5, 5, 5, 5, 5, 4, 5, 5, 4, 5, 5, 5, 5, 4, 5, 5, 5, 5, 5, 3, 4]"
SUNLIGHT,4.8966,0.3045,29,"[5, 5, 5, 5, 5, 5, 5, 5, 5, 5, 5, 5, 5, 4, 5, 5, 5, 5, 5, 5, 5, 4, 5, 5, 5, 5, 5, 5, 4]"
SUPERB,4.8,0.5416,30,"[5, 5, 5, 5, 5, 5, 5, 5, 5, 5, 4, 5, 5, 5, 5, 5, 5, 5, 3, 5, 4, 5, 5, 5, 3, 5, 5, 5, 5, 5]"
SUPERCONDUCTORS,4.0333,1.0483,30,"[5, 3, 5, 5, 5, 4, 5, 5, 3, 4, 2, 5, 4, 2, 3, 4, 5, 3, 5, 5, 4, 4, 4, 5, 5, 5, 4, 2, 4, 2]"
SUPERIORS,4.9333,0.2494,30,"[5, 5, 5, 5, 5, 4, 5, 5, 5, 5, 5, 5, 4, 5, 5, 5, 5, 5, 5, 5, 5, 5, 5, 5, 5, 5, 5, 5, 5, 5]"
SUPERMAN,4.7,0.8226,30,"[5, 3, 5, 5, 5, 5, 5, 5, 5, 5, 5, 4, 5, 4, 1, 5, 5, 5, 5, 4, 5, 5, 5, 5, 5, 5, 5, 5, 5, 5]"
SURELY,4.6333,0.836,30,"[5, 4, 5, 5, 5, 5, 4, 5, 5, 5, 5, 4, 5, 5, 1, 3, 5, 5, 5, 5, 4, 5, 4, 5, 5, 5, 5, 5, 5, 5]"
SURNAME,4.7333,0.7272,30,"[5, 5, 5, 5, 5, 4, 5, 5, 5, 5, 3, 5, 5, 5, 5, 5, 5, 5, 2, 5, 5, 5, 5, 5, 3, 5, 5, 5, 5, 5]"
SURREALISTS,3.9667,0.836,30,"[5, 5, 5, 4, 4, 3, 4, 4, 4, 2, 4, 4, 4, 5, 4, 3, 5, 5, 5, 3, 5, 4, 4, 3, 3, 5, 4, 3, 3, 3]"
SURVEILLANCE,4.931,0.2534,29,"[5, 5, 5, 5, 5, 4, 5, 5, 5, 5, 5, 5, 5, 5, 5, 5, 5, 5, 5, 5, 4, 5, 5, 5, 5, 5, 5, 5, 5]"
SURVIVAL,4.9655,0.1825,29,"[5, 5, 5, 5, 5, 5, 5, 5, 5, 5, 5, 5, 5, 5, 4, 5, 5, 5, 5, 5, 5, 5, 5, 5, 5, 5, 5, 5, 5]"
SUSPENDED,5.0,0.0,30,"[5, 5, 5, 5, 5, 5, 5, 5, 5, 5, 5, 5, 5, 5, 5, 5, 5, 5, 5, 5, 5, 5, 5, 5, 5, 5, 5, 5, 5, 5]"
SWAGGERING,4.0,1.4606,30,"[5, 5, 5, 5, 3, 4, 1, 5, 5, 5, 5, 4, 4, 1, 5, 5, 1, 2, 5, 5, 5, 3, 5, 4, 2, 5, 5, 1, 5, 5]"
SWAMPY,4.7,0.5859,30,"[5, 5, 5, 5, 5, 4, 4, 5, 5, 5, 5, 5, 5, 5, 5, 5, 4, 5, 3, 5, 5, 5, 4, 5, 3, 5, 4, 5, 5, 5]"
SWEATER,4.9643,0.1856,28,"[5, 5, 5, 5, 5, 5, 5, 5, 5, 5, 5, 5, 4, 5, 5, 5, 5, 5, 5, 5, 5, 5, 5, 5, 5, 5, 5, 5]"
SWEETIE,4.8621,0.3448,29,"[5, 5, 5, 5, 5, 5, 5, 4, 5, 5, 5, 5, 5, 4, 5, 5, 5, 5, 5, 5, 5, 4, 5, 5, 5, 5, 5, 5, 4]"
SWEETNESS,4.9333,0.2494,30,"[5, 5, 5, 5, 5, 5, 5, 5, 5, 5, 5, 5, 5, 5, 5, 5, 5, 5, 5, 5, 5, 5, 5, 4, 5, 5, 5, 4, 5, 5]"
SWIFT,4.8667,0.3399,30,"[5, 5, 5, 5, 5, 4, 5, 5, 5, 5, 5, 5, 4, 4, 5, 5, 5, 5, 5, 5, 5, 5, 5, 4, 5, 5, 5, 5, 5, 5]"
SWINGERS,4.6207,0.6651,29,"[4, 5, 4, 2, 5, 4, 5, 5, 5, 5, 5, 5, 5, 4, 5, 5, 5, 5, 5, 5, 5, 4, 4, 5, 5, 5, 5, 4, 4]"
SWISS,4.7667,0.5588,30,"[5, 5, 5, 5, 5, 5, 5, 4, 5, 5, 5, 5, 4, 3, 5, 5, 5, 3, 5, 5, 5, 5, 5, 4, 5, 5, 5, 5, 5, 5]"
SWIVEL,4.4333,1.0546,30,"[5, 5, 5, 5, 3, 4, 5, 5, 5, 5, 5, 5, 3, 3, 5, 5, 1, 2, 5, 5, 5, 5, 5, 4, 5, 5, 5, 3, 5, 5]"
SWOLLEN,4.8667,0.4269,30,"[5, 5, 5, 5, 5, 5, 5, 5, 4, 5, 5, 5, 3, 5, 4, 5, 5, 5, 5, 5, 5, 5, 5, 5, 5, 5, 5, 5, 5, 5]"
SWOOPED,4.5172,0.8558,29,"[5, 5, 5, 5, 3, 4, 5, 5, 5, 5, 5, 4, 4, 5, 5, 5, 2, 5, 5, 5, 5, 5, 4, 5, 4, 5, 2, 5, 4]"
SWORN,4.931,0.2534,29,"[5, 5, 5, 5, 5, 5, 5, 5, 5, 5, 5, 5, 5, 5, 4, 5, 5, 5, 5, 5, 5, 5, 5, 4, 5, 5, 5, 5, 5]"
SYLLABLE,4.7241,0.6377,29,"[5, 5, 4, 4, 5, 4, 5, 5, 5, 5, 5, 5, 5, 2, 5, 5, 5, 5, 5, 5, 5, 4, 5, 5, 5, 5, 5, 5, 4]"
SYMPOSIUM,3.7931,1.0948,29,"[3, 5, 4, 4, 4, 5, 5, 3, 3, 3, 5, 4, 5, 4, 5, 3, 4, 5, 5, 4, 4, 1, 3, 1, 4, 3, 3, 5, 3]"
SYNAGOGUE,4.0,1.3663,30,"[5, 4, 5, 4, 4, 2, 3, 5, 5, 5, 5, 5, 4, 2, 4, 5, 1, 2, 5, 5, 5, 5, 5, 4, 1, 5, 4, 1, 5, 5]"
SYNAPSE,3.5517,1.5219,29,"[4, 4, 1, 1, 3, 2, 5, 4, 5, 5, 2, 5, 4, 1, 5, 5, 3, 5, 1, 5, 3, 3, 2, 1, 5, 5, 5, 5, 4]"
SYNDICATE,4.4,0.9866,30,"[5, 5, 5, 3, 5, 3, 5, 5, 5, 4, 2, 5, 5, 5, 5, 5, 4, 5, 2, 5, 3, 5, 3, 5, 3, 5, 5, 5, 5, 5]"
SYRACUSE,4.2,1.077,30,"[4, 5, 5, 5, 5, 1, 5, 3, 4, 5, 3, 5, 3, 4, 5, 3, 5, 5, 5, 5, 2, 4, 5, 5, 3, 5, 5, 5, 4, 3]"
TABLECLOTHS,4.8667,0.4269,30,"[5, 5, 5, 5, 5, 5, 5, 5, 5, 4, 5, 5, 4, 5, 5, 5, 3, 5, 5, 5, 5, 5, 5, 5, 5, 5, 5, 5, 5, 5]"
TACK,4.4,0.9165,30,"[3, 2, 5, 4, 5, 5, 5, 5, 5, 5, 5, 5, 5, 3, 5, 3, 5, 3, 4, 4, 3, 5, 3, 5, 5, 5, 5, 5, 5, 5]"
TAD,4.4286,0.9794,28,"[5, 4, 3, 5, 4, 5, 5, 4, 5, 5, 5, 5, 3, 5, 5, 4, 5, 5, 5, 3, 5, 5, 5, 5, 3, 5, 1, 5]"
TAGGING,4.4667,0.763,30,"[5, 5, 5, 5, 5, 5, 5, 4, 5, 4, 4, 5, 3, 5, 4, 3, 5, 5, 5, 3, 5, 4, 5, 5, 3, 5, 5, 5, 4, 3]"
TAILWIND,4.3103,0.9506,29,"[4, 5, 4, 2, 4, 3, 5, 5, 5, 5, 3, 5, 2, 3, 4, 5, 5, 5, 5, 5, 5, 3, 5, 5, 5, 5, 5, 4, 4]"
TAIWAN,4.7333,0.6799,30,"[4, 2, 5, 4, 5, 5, 5, 5, 5, 5, 5, 3, 5, 5, 5, 5, 5, 4, 5, 5, 5, 5, 5, 5, 5, 5, 5, 5, 5, 5]"
TAKEOVER,4.8621,0.3448,29,"[5, 4, 5, 5, 4, 5, 5, 5, 4, 5, 5, 5, 5, 5, 4, 5, 5, 5, 5, 5, 5, 5, 5, 5, 5, 5, 5, 5, 5]"
TALENTS,4.9333,0.2494,30,"[5, 5, 5, 4, 5, 5, 5, 5, 5, 5, 5, 5, 5, 5, 5, 5, 5, 5, 5, 5, 5, 5, 5, 5, 5, 4, 5, 5, 5, 5]"
TALES,4.7667,0.4955,30,"[5, 4, 5, 5, 5, 5, 5, 5, 5, 5, 5, 4, 5, 4, 5, 5, 5, 3, 5, 5, 4, 5, 4, 5, 5, 5, 5, 5, 5, 5]"
TALK,4.9,0.3,30,"[5, 5, 5, 5, 4, 5, 5, 5, 5, 5, 5, 5, 5, 5, 5, 5, 5, 5, 5, 5, 5, 4, 5, 5, 5, 5, 5, 5, 4, 5]"
TALKIE,4.0667,1.2632,30,"[5, 5, 5, 2, 5, 2, 3, 5, 5, 5, 3, 5, 5, 5, 4, 5, 4, 5, 3, 4, 3, 5, 1, 5, 4, 5, 1, 3, 5, 5]"
TAMPONS,4.7241,0.5184,29,"[5, 5, 4, 5, 5, 4, 5, 5, 5, 5, 5, 5, 5, 4, 5, 5, 4, 5, 5, 5, 5, 3, 5, 5, 5, 5, 5, 4, 4]"
TANGLED,4.8621,0.3448,29,"[4, 5, 5, 5, 5, 4, 5, 5, 5, 5, 5, 5, 5, 4, 5, 5, 5, 5, 5, 5, 5, 4, 5, 5, 5, 5, 5, 5, 5]"
TANGO,4.2667,0.8919,30,"[4, 5, 5, 5, 5, 5, 5, 4, 4, 2, 3, 5, 3, 5, 4, 4, 5, 5, 5, 3, 5, 4, 5, 5, 3, 5, 3, 5, 4, 3]"
TANKER,4.3448,1.2113,29,"[2, 5, 1, 3, 4, 3, 5, 5, 4, 5, 5, 5, 5, 1, 5, 5, 5, 5, 5, 5, 5, 3, 5, 5, 5, 5, 5, 5, 5]"
TAPED,4.7931,0.4051,29,"[4, 5, 4, 5, 5, 4, 5, 5, 5, 5, 5, 5, 5, 4, 5, 5, 5, 5, 5, 5, 5, 4, 5, 5, 5, 5, 4, 5, 5]"
TARDY,4.8966,0.3045,29,"[5, 5, 5, 5, 5, 5, 5, 5, 5, 5, 5, 4, 5, 5, 5, 5, 4, 5, 5, 5, 4, 5, 5, 5, 5, 5, 5, 5, 5]"
TASKS,4.8667,0.3399,30,"[5, 4, 5, 5, 5, 5, 4, 5, 5, 5, 5, 5, 5, 5, 5, 5, 5, 5, 5, 5, 4, 5, 4, 5, 5, 5, 5, 5, 5, 5]"
TATE,2.5,1.3601,30,"[1, 4, 1, 1, 3, 3, 5, 3, 2, 2, 3, 5, 4, 1, 3, 1, 2, 3, 5, 3, 1, 2, 1, 1, 3, 1, 2, 1, 5, 3]"
TAUTOLOGY,2.2333,1.2828,30,"[3, 1, 1, 2, 5, 5, 2, 3, 1, 3, 2, 2, 2, 1, 2, 2, 2, 4, 3, 1, 3, 1, 1, 1, 5, 1, 4, 2, 1, 1]"
TECHNICALLY,4.931,0.2534,29,"[5, 4, 5, 5, 5, 5, 5, 5, 5, 5, 5, 5, 5, 5, 4, 5, 5, 5, 5, 5, 5, 5, 5, 5, 5, 5, 5, 5, 5]"
TECHNIQUES,4.9643,0.1856,28,"[5, 5, 5, 5, 5, 5, 5, 5, 5, 5, 5, 5, 5, 5, 4, 5, 5, 5, 5, 5, 5, 5, 5, 5, 5, 5, 5, 5]"
TECHNO,4.1379,1.0414,29,"[3, 4, 4, 3, 5, 5, 5, 4, 3, 3, 5, 5, 2, 4, 5, 3, 4, 5, 5, 5, 4, 5, 4, 5, 1, 4, 5, 5, 5]"
TEENAGE,4.9667,0.1795,30,"[5, 5, 5, 5, 5, 5, 5, 5, 5, 4, 5, 5, 5, 5, 5, 5, 5, 5, 5, 5, 5, 5, 5, 5, 5, 5, 5, 5, 5, 5]"
TEENY,4.3667,0.875,30,"[3, 4, 5, 5, 4, 4, 4, 5, 5, 5, 5, 3, 2, 5, 5, 5, 5, 3, 5, 5, 5, 5, 4, 5, 5, 5, 5, 3, 4, 3]"
TELEGRAM,4.5667,0.7608,30,"[5, 5, 2, 4, 4, 5, 5, 5, 5, 4, 5, 4, 5, 4, 5, 5, 3, 5, 5, 5, 5, 5, 5, 5, 4, 5, 5, 3, 5, 5]"
TELEGRAPH,4.7586,0.5021,29,"[5, 4, 5, 5, 5, 5, 5, 5, 3, 5, 5, 5, 5, 5, 4, 5, 4, 5, 5, 5, 5, 5, 5, 4, 4, 5, 5, 5, 5]"
TELEVANGELIST,3.8333,1.4395,30,"[5, 4, 5, 4, 3, 2, 5, 5, 5, 3, 5, 5, 4, 1, 5, 5, 2, 3, 1, 5, 5, 5, 5, 4, 1, 5, 3, 1, 5, 4]"
TEMPER,4.8276,0.3777,29,"[5, 4, 4, 5, 5, 4, 5, 5, 5, 5, 5, 5, 5, 4, 5, 5, 5, 5, 5, 5, 5, 5, 5, 5, 5, 5, 5, 5, 4]"
TEMPO,4.6897,0.532,29,"[5, 5, 5, 5, 4, 5, 4, 5, 4, 5, 4, 5, 5, 5, 4, 4, 4, 5, 5, 5, 5, 5, 5, 3, 5, 5, 5, 5, 5]"
TENNESSEE,4.9286,0.3712,28,"[5, 5, 5, 5, 5, 5, 3, 5, 5, 5, 5, 5, 5, 5, 5, 5, 5, 5, 5, 5, 5, 5, 5, 5, 5, 5, 5, 5]"
TERMS,4.8,0.4761,30,"[5, 5, 5, 4, 5, 5, 5, 5, 4, 5, 5, 5, 4, 5, 3, 5, 5, 5, 5, 5, 5, 4, 5, 5, 5, 5, 5, 5, 5, 5]"
TERRIBLY,4.8276,0.3777,29,"[4, 5, 5, 5, 5, 4, 5, 5, 5, 5, 5, 5, 5, 4, 5, 5, 5, 5, 5, 5, 5, 4, 5, 5, 5, 5, 5, 5, 4]"
TESLA,3.5667,1.4985,30,"[2, 5, 5, 3, 2, 5, 5, 3, 5, 5, 5, 2, 4, 1, 5, 5, 2, 1, 5, 5, 2, 5, 5, 3, 1, 4, 4, 1, 4, 3]"
TESTAMENT,4.7241,0.5184,29,"[5, 5, 5, 5, 5, 5, 5, 4, 4, 5, 5, 3, 5, 4, 5, 5, 5, 4, 5, 5, 4, 5, 5, 5, 5, 4, 5, 5, 5]"
TETHERED,4.4667,0.8844,30,"[5, 4, 1, 5, 5, 5, 5, 5, 4, 4, 5, 5, 5, 4, 4, 4, 4, 5, 3, 5, 5, 5, 5, 5, 5, 3, 5, 4, 5, 5]"
TEX,3.1,1.5567,30,"[5, 5, 1, 1, 1, 2, 1, 5, 5, 2, 2, 4, 5, 3, 3, 5, 3, 2, 2, 4, 2, 5, 1, 3, 2, 5, 1, 3, 5, 5]"
TEXAS,4.7586,0.816,29,"[5, 5, 5, 1, 5, 5, 5, 5, 5, 5, 5, 5, 5, 4, 5, 5, 5, 5, 5, 5, 5, 3, 5, 5, 5, 5, 5, 5, 5]"
TEXTURE,4.9333,0.2494,30,"[5, 5, 5, 5, 5, 5, 5, 5, 5, 5, 5, 5, 5, 5, 5, 5, 5, 4, 5, 5, 5, 5, 5, 4, 5, 5, 5, 5, 5, 5]"
THAN,4.8,0.7916,30,"[5, 5, 1, 5, 5, 3, 5, 5, 5, 5, 5, 5, 5, 5, 5, 5, 5, 5, 5, 5, 5, 5, 5, 5, 5, 5, 5, 5, 5, 5]"
THANKSGIVING,4.9655,0.1825,29,"[5, 5, 5, 5, 5, 5, 5, 5, 5, 5, 5, 5, 5, 4, 5, 5, 5, 5, 5, 5, 5, 5, 5, 5, 5, 5, 5, 5, 5]"
THEATERS,4.8,0.4,30,"[5, 5, 5, 5, 5, 5, 5, 5, 5, 4, 5, 5, 4, 5, 5, 4, 5, 5, 5, 5, 5, 4, 5, 5, 5, 5, 5, 5, 4, 4]"
THERAPISTS,4.8667,0.3399,30,"[4, 5, 5, 5, 5, 5, 5, 5, 4, 5, 5, 5, 4, 5, 5, 5, 5, 5, 5, 5, 5, 4, 5, 5, 5, 5, 5, 5, 5, 5]"
THERMITE,3.2069,1.2143,29,"[4, 3, 5, 4, 4, 3, 5, 4, 2, 3, 2, 3, 2, 2, 1, 2, 3, 5, 5, 3, 3, 5, 4, 5, 2, 3, 3, 2, 1]"
THESE,4.8966,0.4021,29,"[5, 5, 5, 5, 5, 5, 5, 4, 5, 5, 5, 3, 5, 5, 5, 5, 5, 5, 5, 5, 5, 5, 5, 5, 5, 5, 5, 5, 5]"
THIEVES,4.9655,0.1825,29,"[5, 5, 5, 5, 5, 5, 5, 5, 5, 5, 5, 5, 5, 5, 4, 5, 5, 5, 5, 5, 5, 5, 5, 5, 5, 5, 5, 5, 5]"
THIN,5.0,0.0,30,"[5, 5, 5, 5, 5, 5, 5, 5, 5, 5, 5, 5, 5, 5, 5, 5, 5, 5, 5, 5, 5, 5, 5, 5, 5, 5, 5, 5, 5, 5]"
THINGY,4.2333,0.9195,30,"[5, 5, 5, 5, 2, 5, 5, 3, 5, 2, 4, 5, 3, 4, 4, 4, 4, 5, 5, 5, 5, 4, 4, 5, 4, 5, 3, 5, 4, 3]"
THORN,4.9333,0.2494,30,"[5, 5, 5, 5, 5, 5, 5, 5, 5, 5, 5, 5, 5, 5, 5, 5, 5, 5, 4, 5, 5, 5, 5, 5, 4, 5, 5, 5, 5, 5]"
THOSE,4.9655,0.1825,29,"[5, 5, 5, 5, 5, 5, 5, 5, 5, 5, 5, 5, 5, 5, 4, 5, 5, 5, 5, 5, 5, 5, 5, 5, 5, 5, 5, 5, 5]"
THOUGH,4.7931,0.7602,29,"[5, 5, 5, 5, 5, 5, 5, 5, 5, 5, 5, 5, 5, 4, 5, 5, 5, 5, 5, 4, 5, 5, 1, 5, 5, 5, 5, 5, 5]"
THREESOME,4.8667,0.4269,30,"[5, 4, 5, 5, 5, 5, 5, 5, 3, 5, 5, 5, 5, 5, 4, 5, 5, 5, 5, 5, 5, 5, 5, 5, 5, 5, 5, 5, 5, 5]"
THROATS,4.9655,0.1825,29,"[5, 5, 5, 5, 5, 5, 5, 5, 5, 5, 5, 5, 5, 5, 4, 5, 5, 5, 5, 5, 5, 5, 5, 5, 5, 5, 5, 5, 5]"
THROW,4.8,0.6,30,"[5, 5, 5, 5, 5, 5, 5, 5, 5, 2, 5, 5, 4, 5, 5, 5, 5, 5, 5, 5, 5, 4, 5, 5, 5, 5, 5, 5, 4, 5]"
THROWAWAY,4.6207,0.611,29,"[5, 5, 5, 4, 5, 5, 5, 4, 3, 3, 5, 4, 4, 4, 5, 5, 4, 5, 5, 5, 4, 5, 5, 5, 5, 5, 5, 5, 5]"
THUD,4.4,1.052,30,"[3, 5, 5, 5, 4, 4, 5, 5, 5, 5, 5, 5, 1, 4, 5, 5, 3, 2, 5, 5, 5, 5, 5, 3, 5, 5, 5, 3, 5, 5]"
THUNDER,4.931,0.2534,29,"[5, 5, 5, 4, 5, 5, 5, 5, 5, 5, 5, 5, 5, 4, 5, 5, 5, 5, 5, 5, 5, 5, 5, 5, 5, 5, 5, 5, 5]"
THUNDERHEAD,3.3667,1.402,30,"[4, 4, 5, 5, 3, 3, 1, 3, 5, 1, 2, 4, 3, 5, 2, 2, 5, 5, 5, 2, 3, 2, 1, 2, 5, 5, 2, 5, 4, 3]"
TIBET,4.0345,1.2452,29,"[4, 5, 3, 2, 5, 3, 5, 4, 4, 5, 2, 5, 5, 1, 4, 5, 5, 1, 5, 5, 5, 3, 5, 3, 5, 5, 5, 4, 4]"
TIC,3.2667,1.436,30,"[3, 3, 5, 1, 5, 4, 3, 5, 5, 2, 1, 3, 5, 4, 1, 3, 1, 2, 3, 4, 1, 4, 3, 4, 4, 1, 5, 5, 5, 3]"
TIMBERLINE,3.8667,1.4079,30,"[5, 5, 5, 1, 5, 2, 2, 5, 5, 3, 2, 5, 5, 4, 5, 5, 2, 5, 2, 5, 3, 5, 1, 5, 3, 5, 5, 3, 3, 5]"
TIPTOE,4.7333,0.5121,30,"[5, 5, 5, 5, 5, 5, 5, 5, 5, 4, 4, 5, 4, 5, 5, 3, 5, 5, 5, 5, 5, 4, 5, 5, 4, 5, 5, 5, 4, 5]"
TITANIUM,4.3333,0.7888,30,"[5, 5, 5, 3, 4, 5, 5, 5, 5, 4, 4, 5, 5, 3, 4, 4, 3, 5, 4, 5, 5, 4, 3, 5, 3, 5, 4, 3, 5, 5]"
TITHING,3.9667,1.378,30,"[5, 5, 5, 1, 5, 3, 4, 5, 5, 3, 5, 5, 5, 5, 5, 5, 1, 5, 2, 5, 2, 5, 3, 5, 2, 5, 5, 3, 3, 2]"
TITLED,4.7931,0.4828,29,"[5, 4, 5, 5, 5, 5, 5, 5, 3, 5, 5, 5, 5, 5, 4, 5, 5, 5, 5, 5, 5, 4, 5, 4, 5, 5, 5, 5, 5]"
TOD,2.6207,1.69,29,"[5, 5, 1, 2, 1, 5, 4, 2, 5, 5, 4, 1, 3, 2, 1, 2, 1, 3, 5, 1, 5, 1, 2, 1, 1, 5, 1, 1, 1]"
TOKYO,4.8,0.5416,30,"[5, 5, 5, 5, 5, 5, 5, 5, 5, 5, 5, 5, 5, 5, 5, 5, 5, 5, 5, 5, 5, 5, 5, 4, 5, 4, 5, 3, 5, 3]"
TOLEDO,3.9,1.0755,30,"[3, 5, 5, 5, 3, 3, 5, 2, 5, 2, 4, 5, 3, 4, 5, 2, 5, 3, 5, 3, 4, 3, 5, 5, 3, 5, 3, 5, 4, 3]"
TOLLGATE,3.9667,1.1397,30,"[4, 3, 5, 4, 5, 4, 5, 5, 4, 3, 4, 4, 5, 4, 3, 4, 5, 2, 1, 4, 1, 5, 4, 5, 5, 3, 5, 3, 5, 5]"
TOMCATS,4.3103,1.1174,29,"[5, 3, 3, 5, 4, 5, 5, 5, 3, 2, 5, 5, 5, 5, 4, 5, 5, 5, 5, 5, 5, 1, 5, 5, 4, 5, 4, 5, 2]"
TOMORROW,4.9667,0.1795,30,"[5, 5, 5, 5, 5, 5, 5, 5, 5, 5, 5, 5, 5, 5, 5, 5, 5, 5, 5, 5, 5, 5, 4, 5, 5, 5, 5, 5, 5, 5]"
TONES,4.6897,0.5933,29,"[3, 5, 4, 3, 5, 4, 5, 5, 5, 5, 5, 5, 5, 4, 5, 5, 5, 5, 5, 5, 5, 4, 5, 5, 5, 5, 5, 5, 4]"
TONIC,4.4483,1.0368,29,"[3, 5, 1, 2, 5, 3, 5, 5, 5, 5, 5, 5, 5, 4, 5, 5, 5, 5, 4, 5, 5, 4, 5, 5, 5, 5, 5, 5, 3]"
TONY,3.8667,1.384,30,"[5, 4, 4, 3, 5, 4, 5, 2, 1, 5, 5, 5, 4, 5, 1, 4, 5, 3, 5, 5, 4, 4, 5, 5, 5, 5, 3, 3, 1, 1]"
TOOLBOX,4.9286,0.2575,28,"[5, 5, 5, 5, 5, 5, 5, 4, 5, 5, 5, 5, 5, 4, 5, 5, 5, 5, 5, 5, 5, 5, 5, 5, 5, 5, 5, 5]"
TORCHED,4.7333,0.6799,30,"[5, 5, 5, 5, 5, 5, 5, 5, 5, 5, 5, 5, 4, 4, 5, 5, 5, 2, 5, 5, 5, 5, 5, 4, 5, 5, 5, 3, 5, 5]"
TORMENT,4.7586,0.5021,29,"[5, 5, 3, 5, 5, 5, 5, 4, 5, 5, 5, 4, 5, 4, 5, 5, 5, 5, 5, 5, 4, 5, 5, 5, 5, 4, 5, 5, 5]"
TORTOISE,4.5,0.922,30,"[5, 5, 5, 5, 4, 1, 5, 4, 5, 5, 4, 5, 4, 4, 4, 5, 5, 4, 5, 5, 5, 5, 5, 4, 5, 5, 5, 2, 5, 5]"
TOWNS,4.9667,0.1795,30,"[5, 5, 5, 5, 5, 5, 5, 5, 5, 4, 5, 5, 5, 5, 5, 5, 5, 5, 5, 5, 5, 5, 5, 5, 5, 5, 5, 5, 5, 5]"
TRAITORS,4.7333,0.6799,30,"[5, 5, 2, 5, 5, 5, 5, 5, 5, 4, 5, 5, 5, 4, 5, 3, 4, 5, 5, 5, 5, 5, 5, 5, 5, 5, 5, 5, 5, 5]"
TRANSFUSION,4.5333,0.8055,30,"[4, 4, 5, 5, 5, 5, 5, 5, 5, 5, 5, 4, 5, 3, 5, 4, 5, 2, 5, 5, 3, 4, 3, 5, 5, 5, 5, 5, 5, 5]"
TRANSPIRED,4.7857,0.4897,28,"[5, 5, 4, 5, 3, 5, 5, 5, 5, 5, 5, 5, 5, 5, 4, 4, 5, 5, 5, 5, 5, 5, 4, 5, 5, 5, 5, 5]"
TRANSPOSED,4.2069,1.1259,29,"[5, 5, 5, 4, 4, 5, 3, 5, 5, 5, 5, 2, 1, 5, 5, 3, 3, 5, 5, 5, 5, 5, 3, 5, 5, 3, 3, 5, 3]"
TRAPEZE,4.5333,0.8844,30,"[5, 5, 5, 5, 4, 4, 5, 5, 5, 5, 5, 5, 4, 5, 5, 5, 3, 2, 5, 5, 5, 5, 5, 3, 4, 5, 5, 2, 5, 5]"
TRAPPER,4.3,1.0693,30,"[4, 3, 5, 5, 5, 5, 4, 5, 5, 5, 4, 4, 5, 4, 1, 5, 2, 2, 3, 5, 4, 5, 4, 5, 5, 5, 5, 5, 5, 5]"
TRASHED,4.8621,0.4334,29,"[5, 5, 5, 3, 5, 4, 5, 5, 5, 5, 5, 5, 5, 4, 5, 5, 5, 5, 5, 5, 5, 5, 5, 5, 5, 5, 5, 5, 5]"
TREAD,4.7667,0.6155,30,"[5, 4, 2, 5, 5, 5, 5, 5, 5, 5, 5, 5, 5, 4, 4, 5, 5, 5, 5, 5, 5, 5, 5, 5, 5, 5, 5, 5, 5, 4]"
TREASON,4.8276,0.5297,29,"[5, 5, 5, 5, 5, 5, 5, 3, 4, 5, 5, 3, 5, 5, 5, 5, 5, 5, 5, 5, 5, 5, 5, 5, 5, 5, 5, 5, 5]"
TREATIES,4.5333,0.67,30,"[5, 3, 5, 4, 5, 5, 5, 5, 4, 3, 5, 5, 5, 4, 4, 4, 4, 5, 3, 5, 5, 5, 5, 5, 4, 5, 5, 4, 5, 5]"
TREMBLE,4.8966,0.3045,29,"[5, 5, 5, 5, 5, 5, 5, 5, 4, 5, 5, 5, 5, 5, 5, 5, 4, 5, 4, 5, 5, 5, 5, 5, 5, 5, 5, 5, 5]"
TRENTON,3.5,1.4083,30,"[3, 3, 5, 5, 5, 4, 1, 3, 5, 5, 2, 3, 1, 1, 3, 5, 5, 3, 3, 5, 3, 5, 5, 2, 2, 4, 5, 2, 5, 2]"
TRIBUTE,4.8667,0.3399,30,"[5, 4, 5, 5, 5, 5, 5, 5, 5, 4, 5, 5, 5, 5, 5, 5, 4, 5, 5, 5, 5, 5, 5, 5, 5, 4, 5, 5, 5, 5]"
TRIPLE,4.8966,0.3045,29,"[5, 5, 5, 5, 5, 5, 5, 4, 5, 5, 5, 4, 5, 5, 5, 5, 5, 5, 5, 5, 4, 5, 5, 5, 5, 5, 5, 5, 5]"
TROOPERS,4.7667,0.4955,30,"[5, 5, 5, 5, 5, 3, 4, 5, 5, 5, 5, 5, 5, 4, 5, 5, 5, 4, 5, 5, 5, 5, 5, 4, 5, 5, 5, 4, 5, 5]"
TROOPS,4.9,0.3,30,"[5, 4, 5, 5, 5, 5, 5, 5, 5, 5, 5, 5, 5, 5, 5, 5, 5, 5, 5, 4, 5, 5, 4, 5, 5, 5, 5, 5, 5, 5]"
TROUBLEMAKER,4.9,0.3,30,"[5, 5, 5, 5, 5, 5, 5, 5, 5, 5, 5, 4, 5, 5, 5, 4, 5, 5, 5, 5, 5, 5, 4, 5, 5, 5, 5, 5, 5, 5]"
TRUCE,4.5714,0.8207,28,"[5, 5, 5, 4, 5, 3, 5, 5, 5, 5, 3, 5, 5, 4, 5, 5, 5, 5, 2, 5, 5, 4, 5, 5, 5, 5, 5, 3]"
TRUCKLOAD,4.7667,0.4955,30,"[5, 5, 5, 5, 5, 5, 5, 5, 5, 4, 5, 5, 4, 5, 5, 3, 5, 5, 5, 5, 5, 4, 5, 5, 5, 5, 5, 5, 4, 4]"
TRUMPET,4.8571,0.3499,28,"[5, 5, 5, 4, 5, 4, 5, 5, 5, 5, 5, 5, 4, 5, 5, 5, 5, 5, 5, 5, 4, 5, 5, 5, 5, 5, 5, 5]"
TUBBY,4.1333,1.2037,30,"[5, 2, 5, 4, 5, 4, 5, 5, 1, 5, 5, 4, 5, 2, 5, 3, 4, 5, 4, 5, 5, 4, 1, 3, 5, 5, 5, 4, 5, 4]"
TUCKER,3.1111,1.5947,27,"[1, 4, 3, 5, 5, 5, 5, 1, 3, 3, 5, 5, 1, 3, 5, 1, 5, 1, 2, 4, 1, 5, 2, 1, 3, 2, 3]"
TUITION,4.8667,0.3399,30,"[5, 4, 5, 5, 5, 5, 5, 5, 5, 5, 5, 4, 5, 5, 5, 5, 5, 4, 5, 5, 4, 5, 5, 5, 5, 5, 5, 5, 5, 5]"
TUM,2.0667,1.3646,30,"[2, 2, 5, 1, 1, 2, 1, 5, 2, 3, 1, 1, 5, 2, 1, 1, 1, 2, 1, 2, 1, 3, 4, 1, 1, 1, 4, 4, 1, 1]"
TUMMY,4.9667,0.1795,30,"[5, 5, 5, 5, 5, 5, 5, 5, 5, 5, 5, 5, 5, 5, 4, 5, 5, 5, 5, 5, 5, 5, 5, 5, 5, 5, 5, 5, 5, 5]"
TUNIS,2.0,1.3416,30,"[5, 1, 1, 1, 1, 1, 1, 1, 1, 3, 1, 5, 5, 1, 4, 1, 2, 4, 2, 3, 1, 2, 1, 2, 1, 3, 1, 1, 2, 2]"
TURGENEV,1.2405,0.6853,237,"[1, 1, 1, 1, 1, 1, 3, 1, 1, 1, 1, 5, 1, 2, 1, 1, 1, 1, 1, 1, 1, 1, 1, 1, 1, 1, 3, 1, 1, 1, 1, 1, 1, 1, 1, 1, 1, 1, 1, 1, 4, 1, 1, 1, 1, 1, 2, 1, 2, 2, 1, 2, 1, 1, 1, 1, 1, 5, 1, 1, 1, 1, 1, 1, 1, 3, 2, 1, 1, 1, 1, 1, 1, 5, 2, 1, 1, 1, 1, 1, 2, 1, 1, 1, 2, 1, 1, 1, 1, 1, 1, 1, 2, 1, 1, 1, 4, 1, 1, 2, 1, 1, 1, 1, 5, 3, 1, 1, 1, 1, 1, 1, 1, 1, 1, 1, 1, 1, 1, 1, 1, 1, 2, 1, 1, 1, 2, 1, 1, 1, 1, 1, 1, 1, 1, 1, 1, 1, 1, 1, 1, 1, 1, 1, 1, 1, 1, 1, 1, 1, 1, 2, 1, 1, 2, 1, 1, 2, 2, 1, 1, 1, 1, 1, 1, 1, 1, 1, 1, 1, 1, 1, 1, 1, 1, 1, 1, 1, 1, 2, 1, 2, 1, 2, 1, 2, 2, 1, 1, 1, 1, 1, 1, 1, 1, 1, 1, 1, 1, 2, 1, 1, 1, 1, 2, 1, 1, 1, 1, 1, 1, 1, 1, 1, 1, 1, 1, 1, 1, 1, 1, 1, 1, 1, 1, 2, 2, 1, 1, 1, 1, 1, 1, 1, 1, 2, 1]"
TURNSTILE,4.2414,1.1343,29,"[5, 2, 3, 5, 2, 5, 5, 5, 3, 5, 5, 4, 5, 5, 4, 5, 5, 5, 5, 5, 5, 5, 4, 3, 4, 5, 1, 5, 3]"
TWIN,4.7667,0.423,30,"[5, 5, 5, 5, 5, 5, 5, 5, 5, 4, 4, 5, 4, 5, 5, 4, 5, 5, 5, 5, 5, 4, 5, 5, 5, 5, 5, 5, 4, 4]"
TWINGE,3.9655,1.4735,29,"[4, 5, 1, 3, 5, 4, 5, 5, 5, 5, 5, 5, 5, 1, 5, 5, 4, 1, 2, 5, 5, 3, 5, 5, 2, 5, 1, 5, 4]"
TWIST,4.9333,0.2494,30,"[5, 5, 5, 5, 5, 5, 5, 5, 4, 4, 5, 5, 5, 5, 5, 5, 5, 5, 5, 5, 5, 5, 5, 5, 5, 5, 5, 5, 5, 5]"
TYLER,3.8621,1.5251,29,"[5, 5, 5, 1, 2, 1, 5, 1, 5, 5, 5, 5, 4, 4, 3, 5, 5, 5, 5, 5, 5, 3, 4, 5, 3, 1, 5, 1, 4]"
TYPEWRITTEN,4.8966,0.3045,29,"[5, 5, 5, 5, 5, 5, 5, 4, 5, 5, 5, 4, 5, 5, 5, 5, 5, 5, 5, 5, 4, 5, 5, 5, 5, 5, 5, 5, 5]"
UBANGI,1.4,0.8406,30,"[1, 1, 1, 1, 1, 2, 1, 1, 1, 1, 1, 1, 2, 2, 1, 1, 2, 5, 2, 1, 1, 1, 1, 1, 1, 3, 1, 1, 2, 1]"
UFO,4.7586,0.5021,29,"[4, 5, 5, 5, 5, 4, 5, 5, 5, 5, 5, 5, 5, 4, 5, 5, 5, 5, 5, 5, 5, 4, 5, 5, 5, 5, 5, 4, 3]"
ULCER,4.7586,0.5666,29,"[5, 5, 5, 5, 5, 5, 5, 4, 5, 5, 5, 3, 5, 3, 5, 5, 5, 5, 5, 5, 4, 5, 5, 5, 5, 4, 5, 5, 5]"
UMBRELLA,4.9667,0.1795,30,"[5, 5, 5, 5, 5, 5, 5, 5, 5, 5, 5, 5, 5, 5, 5, 5, 5, 5, 5, 5, 5, 5, 5, 5, 5, 5, 4, 5, 5, 5]"
UNAUTHORIZED,4.7333,0.5121,30,"[5, 5, 5, 5, 4, 5, 5, 5, 5, 4, 5, 5, 4, 5, 5, 3, 5, 5, 5, 5, 5, 4, 5, 5, 5, 5, 5, 5, 4, 4]"
UNAVAILABLE,4.8667,0.3399,30,"[5, 5, 5, 5, 5, 5, 5, 5, 5, 5, 5, 5, 4, 5, 5, 4, 5, 5, 5, 5, 5, 4, 5, 5, 5, 5, 5, 5, 4, 5]"
UNBELIEVABLE,4.931,0.2534,29,"[5, 4, 5, 5, 5, 5, 5, 5, 5, 5, 5, 5, 5, 5, 4, 5, 5, 5, 5, 5, 5, 5, 5, 5, 5, 5, 5, 5, 5]"
UNCHECKED,4.9667,0.1795,30,"[5, 5, 5, 5, 5, 4, 5, 5, 5, 5, 5, 5, 5, 5, 5, 5, 5, 5, 5, 5, 5, 5, 5, 5, 5, 5, 5, 5, 5, 5]"
UNCTION,1.9667,1.1101,30,"[5, 2, 1, 1, 3, 1, 1, 1, 1, 3, 2, 5, 1, 2, 1, 1, 2, 3, 1, 3, 3, 3, 2, 1, 1, 2, 2, 2, 2, 1]"
UNDER,4.931,0.2534,29,"[5, 5, 5, 5, 5, 5, 5, 5, 5, 5, 5, 5, 5, 4, 5, 5, 5, 5, 5, 5, 5, 4, 5, 5, 5, 5, 5, 5, 5]"
UNDERAGE,4.9,0.3,30,"[5, 4, 5, 5, 5, 5, 5, 5, 5, 4, 5, 5, 5, 5, 5, 5, 5, 5, 4, 5, 5, 5, 5, 5, 5, 5, 5, 5, 5, 5]"
UNDERCOVER,5.0,0.0,30,"[5, 5, 5, 5, 5, 5, 5, 5, 5, 5, 5, 5, 5, 5, 5, 5, 5, 5, 5, 5, 5, 5, 5, 5, 5, 5, 5, 5, 5, 5]"
UNDERESTIMATED,4.9333,0.2494,30,"[5, 5, 5, 5, 5, 5, 5, 5, 5, 5, 5, 5, 5, 5, 4, 5, 5, 5, 5, 5, 5, 4, 5, 5, 5, 5, 5, 5, 5, 5]"
UNDERGRADUATE,4.7241,0.5184,29,"[3, 5, 5, 4, 5, 4, 5, 5, 5, 5, 5, 5, 5, 4, 5, 5, 5, 5, 5, 5, 5, 4, 4, 5, 5, 5, 5, 5, 4]"
UNDERLAY,4.0667,1.1528,30,"[5, 5, 5, 5, 3, 4, 4, 4, 5, 5, 4, 1, 3, 1, 5, 5, 5, 3, 5, 5, 5, 4, 3, 3, 5, 5, 3, 4, 5, 3]"
UNDERLINE,4.7931,0.4828,29,"[5, 5, 4, 3, 5, 4, 5, 5, 5, 5, 5, 5, 5, 4, 5, 5, 5, 5, 5, 5, 5, 4, 5, 5, 5, 5, 5, 5, 5]"
UNEXPLODED,4.0345,1.3514,29,"[3, 5, 2, 2, 5, 1, 5, 5, 5, 5, 2, 5, 2, 4, 5, 5, 5, 5, 3, 5, 5, 4, 5, 5, 5, 2, 5, 5, 2]"
UNFOLD,4.9,0.3,30,"[5, 5, 5, 5, 5, 5, 5, 5, 5, 5, 5, 5, 5, 5, 5, 5, 5, 5, 4, 5, 4, 5, 5, 5, 4, 5, 5, 5, 5, 5]"
UNGRATEFUL,4.9,0.3958,30,"[5, 5, 5, 5, 5, 5, 5, 5, 4, 5, 5, 5, 3, 5, 5, 5, 5, 5, 5, 5, 5, 5, 5, 5, 5, 5, 5, 5, 5, 5]"
UNHARMED,4.8276,0.3777,29,"[5, 4, 5, 5, 5, 5, 5, 5, 5, 5, 5, 5, 5, 4, 4, 5, 5, 5, 5, 5, 4, 5, 4, 5, 5, 5, 5, 5, 5]"
UNHEARD,4.8667,0.4269,30,"[5, 5, 5, 5, 5, 5, 5, 5, 5, 5, 5, 5, 5, 5, 5, 5, 5, 5, 3, 5, 4, 5, 5, 5, 4, 5, 5, 5, 5, 5]"
UNHOLY,4.8333,0.4534,30,"[5, 5, 5, 5, 5, 5, 5, 5, 5, 5, 5, 4, 5, 4, 5, 5, 5, 3, 5, 5, 4, 5, 5, 5, 5, 5, 5, 5, 5, 5]"
UNICORN,4.7931,0.4828,29,"[5, 5, 4, 5, 5, 5, 5, 4, 5, 5, 5, 3, 5, 5, 5, 5, 5, 5, 5, 5, 4, 5, 5, 5, 5, 4, 5, 5, 5]"
UNILATERALLY,4.0,1.1255,30,"[5, 4, 4, 3, 5, 4, 5, 5, 1, 4, 4, 5, 5, 3, 5, 1, 3, 5, 3, 4, 5, 4, 3, 4, 3, 5, 5, 3, 5, 5]"
UNINTELLIGENT,4.8276,0.4601,29,"[5, 5, 5, 5, 5, 5, 5, 5, 5, 5, 5, 5, 5, 5, 5, 5, 5, 3, 5, 4, 5, 5, 5, 4, 5, 4, 5, 5, 5]"
UNINTERRUPTED,4.8333,0.5217,30,"[5, 5, 5, 5, 5, 5, 5, 5, 5, 5, 5, 5, 5, 5, 5, 5, 5, 5, 3, 5, 4, 5, 5, 5, 3, 5, 5, 5, 5, 5]"
UNISON,4.6667,0.5375,30,"[5, 4, 5, 5, 5, 5, 5, 5, 3, 4, 5, 5, 5, 4, 5, 4, 4, 5, 4, 5, 5, 5, 4, 5, 4, 5, 5, 5, 5, 5]"
UNITY,4.9,0.3,30,"[5, 4, 5, 4, 5, 5, 5, 5, 5, 5, 5, 5, 5, 5, 5, 4, 5, 5, 5, 5, 5, 5, 5, 5, 5, 5, 5, 5, 5, 5]"
UNIVERSITY,4.9667,0.1795,30,"[5, 5, 5, 5, 5, 5, 5, 5, 5, 5, 5, 5, 5, 5, 5, 4, 5, 5, 5, 5, 5, 5, 5, 5, 5, 5, 5, 5, 5, 5]"
UNJUSTIFIED,4.7241,0.5184,29,"[4, 5, 4, 4, 5, 3, 5, 5, 5, 5, 5, 5, 5, 4, 5, 5, 5, 5, 5, 5, 5, 4, 5, 5, 5, 5, 5, 5, 4]"
UNLOADING,4.9,0.3,30,"[5, 5, 5, 5, 5, 4, 5, 5, 5, 5, 5, 5, 5, 5, 5, 5, 5, 5, 4, 5, 4, 5, 5, 5, 5, 5, 5, 5, 5, 5]"
UNMISTAKABLE,4.8,0.4761,30,"[5, 5, 5, 5, 5, 5, 5, 5, 4, 4, 5, 5, 5, 4, 5, 3, 4, 5, 5, 5, 5, 5, 5, 5, 5, 5, 5, 5, 5, 5]"
UNPARALLELED,4.6667,0.5963,30,"[5, 5, 5, 5, 4, 5, 5, 5, 4, 5, 5, 5, 4, 4, 5, 5, 5, 4, 5, 5, 5, 5, 5, 3, 5, 5, 5, 3, 4, 5]"
UNPICK,4.1667,1.1279,30,"[5, 5, 3, 3, 5, 3, 5, 5, 5, 4, 5, 4, 5, 5, 2, 5, 5, 3, 5, 5, 3, 5, 2, 5, 4, 1, 4, 5, 5, 4]"
UNPROTECTED,4.8333,0.3727,30,"[5, 4, 5, 5, 5, 5, 5, 5, 5, 5, 5, 4, 5, 4, 5, 5, 5, 5, 5, 5, 4, 5, 4, 5, 5, 5, 5, 5, 5, 5]"
UNQUESTIONABLE,4.7241,0.5811,29,"[5, 5, 4, 5, 5, 4, 5, 5, 5, 5, 5, 5, 3, 4, 5, 5, 5, 5, 5, 5, 5, 3, 5, 5, 5, 5, 5, 5, 4]"
UNSHAKABLE,4.6207,0.611,29,"[5, 4, 5, 4, 5, 5, 5, 5, 4, 4, 5, 5, 5, 4, 3, 3, 5, 4, 5, 5, 5, 5, 5, 4, 5, 5, 5, 5, 5]"
UNSPEAKABLY,4.4667,0.8055,30,"[5, 5, 5, 5, 5, 5, 4, 5, 5, 2, 3, 4, 4, 4, 5, 3, 5, 5, 5, 5, 5, 4, 5, 5, 3, 5, 5, 5, 4, 4]"
UNSTOPPABLE,4.8667,0.4269,30,"[5, 5, 5, 5, 5, 5, 5, 5, 5, 3, 5, 5, 5, 5, 5, 5, 5, 5, 4, 5, 4, 5, 5, 5, 5, 5, 5, 5, 5, 5]"
UNTIE,4.9667,0.1795,30,"[5, 5, 5, 5, 5, 5, 5, 5, 5, 5, 5, 5, 5, 5, 5, 5, 5, 5, 5, 5, 5, 5, 5, 5, 4, 5, 5, 5, 5, 5]"
UNTIL,4.7667,0.6155,30,"[5, 5, 5, 5, 5, 5, 5, 5, 5, 4, 5, 5, 4, 5, 5, 5, 5, 5, 5, 2, 5, 4, 5, 5, 5, 5, 5, 5, 4, 5]"
UNTIMELY,4.5333,0.763,30,"[5, 3, 4, 5, 5, 5, 5, 5, 5, 5, 5, 4, 5, 4, 3, 5, 3, 3, 5, 5, 3, 5, 4, 5, 5, 5, 5, 5, 5, 5]"
UNTO,3.7667,1.5206,30,"[3, 5, 4, 5, 1, 1, 5, 5, 5, 4, 5, 1, 2, 3, 5, 5, 1, 2, 5, 5, 5, 5, 5, 1, 4, 4, 5, 3, 4, 5]"
UNVEILING,4.8621,0.3448,29,"[5, 5, 5, 5, 5, 5, 5, 4, 5, 5, 5, 4, 5, 5, 5, 5, 4, 5, 5, 5, 4, 5, 5, 5, 5, 5, 5, 5, 5]"
UPSTAIRS,4.9333,0.2494,30,"[5, 5, 5, 5, 5, 5, 5, 5, 5, 4, 5, 5, 5, 4, 5, 5, 5, 5, 5, 5, 5, 5, 5, 5, 5, 5, 5, 5, 5, 5]"
UPTIGHT,4.9333,0.2494,30,"[5, 5, 5, 5, 5, 5, 5, 5, 5, 5, 5, 5, 4, 5, 5, 5, 5, 5, 5, 5, 5, 5, 5, 4, 5, 5, 5, 5, 5, 5]"
UPWARD,4.8333,0.4534,30,"[5, 5, 5, 5, 4, 5, 5, 5, 5, 5, 5, 5, 5, 5, 5, 5, 3, 5, 5, 5, 5, 5, 5, 4, 5, 5, 5, 4, 5, 5]"
URCHIN,4.3,0.9363,30,"[4, 2, 5, 3, 2, 5, 5, 3, 3, 5, 5, 5, 5, 5, 4, 4, 4, 5, 5, 5, 5, 5, 5, 4, 5, 5, 4, 3, 5, 4]"
URGENCY,4.8667,0.3399,30,"[5, 5, 5, 5, 5, 5, 5, 5, 5, 5, 5, 4, 5, 5, 4, 5, 5, 5, 5, 5, 4, 5, 4, 5, 5, 5, 5, 5, 5, 5]"
URGES,4.8333,0.4534,30,"[5, 5, 5, 5, 5, 5, 5, 5, 5, 5, 4, 5, 5, 5, 5, 5, 5, 5, 3, 5, 4, 5, 5, 5, 4, 5, 5, 5, 5, 5]"
US,4.8929,0.3093,28,"[5, 5, 5, 5, 5, 5, 5, 4, 5, 5, 5, 5, 4, 5, 5, 5, 5, 5, 5, 4, 5, 5, 5, 5, 5, 5, 5, 5]"
UTMOST,4.4,0.8794,30,"[5, 4, 1, 4, 5, 5, 5, 5, 4, 4, 5, 5, 5, 4, 4, 5, 4, 5, 3, 5, 5, 4, 3, 5, 4, 5, 5, 4, 5, 5]"
VAGINA,4.9655,0.1825,29,"[5, 5, 5, 5, 5, 5, 5, 5, 5, 5, 5, 5, 5, 5, 4, 5, 5, 5, 5, 5, 5, 5, 5, 5, 5, 5, 5, 5, 5]"
VAIN,4.8333,0.4534,30,"[5, 5, 5, 5, 5, 5, 5, 5, 4, 5, 5, 5, 3, 5, 4, 5, 5, 5, 5, 5, 5, 4, 5, 5, 5, 5, 5, 5, 5, 5]"
VAL,2.5172,1.6942,29,"[5, 2, 1, 1, 2, 1, 5, 1, 2, 2, 5, 5, 5, 1, 1, 5, 3, 1, 2, 1, 5, 1, 5, 3, 1, 1, 1, 1, 4]"
VALLEY,4.9,0.3,30,"[5, 5, 5, 5, 5, 5, 5, 5, 5, 5, 5, 5, 4, 5, 5, 5, 4, 5, 5, 5, 5, 5, 5, 5, 5, 5, 5, 4, 5, 5]"
VALOUR,3.8,1.3515,30,"[5, 3, 3, 5, 3, 5, 3, 5, 5, 5, 3, 3, 1, 1, 4, 5, 4, 2, 5, 5, 5, 5, 5, 3, 1, 5, 4, 2, 4, 5]"
VANCOUVER,4.7667,0.4955,30,"[5, 4, 5, 5, 5, 5, 5, 5, 5, 4, 5, 5, 5, 5, 5, 5, 5, 5, 5, 5, 5, 3, 4, 4, 5, 5, 5, 4, 5, 5]"
VARMINT,3.5714,1.374,28,"[5, 5, 1, 5, 5, 3, 4, 4, 2, 3, 2, 2, 2, 4, 5, 1, 5, 3, 2, 3, 2, 4, 5, 5, 5, 5, 3, 5]"
VARSITY,4.5862,0.6704,29,"[3, 5, 4, 3, 5, 3, 5, 5, 5, 4, 5, 5, 5, 4, 5, 5, 5, 5, 5, 5, 5, 4, 4, 5, 5, 5, 5, 5, 4]"
VASE,4.8621,0.4334,29,"[5, 5, 5, 3, 5, 5, 5, 5, 5, 5, 5, 5, 5, 4, 5, 5, 5, 5, 5, 5, 5, 5, 5, 5, 5, 5, 5, 5, 4]"
VASSAR,2.5172,1.6942,29,"[5, 1, 1, 1, 4, 1, 5, 3, 2, 2, 5, 5, 3, 1, 1, 2, 5, 2, 1, 2, 1, 1, 1, 1, 5, 1, 1, 5, 5]"
VATICAN,4.5333,0.8459,30,"[5, 4, 2, 5, 5, 5, 5, 5, 4, 4, 5, 5, 5, 2, 5, 5, 3, 5, 5, 5, 5, 4, 4, 5, 5, 5, 5, 4, 5, 5]"
VEDA,1.4,0.611,30,"[1, 2, 2, 1, 1, 1, 1, 1, 1, 2, 3, 2, 1, 2, 1, 1, 1, 1, 1, 1, 1, 2, 1, 1, 1, 1, 3, 1, 2, 2]"
VELOCITY,4.7667,0.4955,30,"[5, 5, 5, 5, 4, 5, 5, 5, 5, 5, 4, 5, 5, 4, 5, 5, 5, 3, 5, 5, 5, 5, 5, 4, 5, 5, 5, 4, 5, 5]"
VENTRILOQUIST,4.5333,0.8459,30,"[3, 5, 5, 5, 5, 5, 5, 5, 5, 2, 2, 4, 4, 5, 5, 4, 5, 5, 5, 5, 5, 4, 5, 5, 5, 5, 5, 5, 4, 4]"
VENTURE,4.6667,0.6498,30,"[5, 5, 5, 5, 3, 5, 4, 5, 5, 5, 5, 5, 5, 4, 5, 5, 5, 4, 5, 5, 5, 5, 5, 3, 5, 5, 5, 4, 5, 3]"
VERGE,4.5,0.922,30,"[5, 1, 5, 3, 5, 4, 5, 5, 5, 4, 3, 5, 5, 5, 5, 5, 4, 5, 3, 5, 4, 5, 5, 5, 4, 5, 5, 5, 5, 5]"
VERONICA,4.1667,1.1856,30,"[1, 5, 5, 5, 5, 5, 5, 4, 5, 5, 2, 5, 3, 4, 5, 3, 5, 5, 5, 2, 2, 4, 5, 5, 3, 5, 5, 5, 4, 3]"
VEST,4.7333,0.5121,30,"[5, 5, 5, 5, 5, 5, 5, 5, 5, 4, 4, 5, 5, 5, 5, 3, 5, 5, 5, 4, 5, 4, 5, 5, 5, 5, 5, 5, 4, 4]"
VET,4.8333,0.4534,30,"[5, 5, 5, 5, 5, 3, 5, 5, 5, 4, 5, 5, 5, 5, 4, 5, 5, 5, 5, 5, 5, 5, 5, 5, 4, 5, 5, 5, 5, 5]"
VIA,4.3667,1.0483,30,"[5, 4, 5, 5, 4, 5, 5, 5, 4, 2, 5, 5, 5, 5, 4, 4, 2, 5, 5, 5, 5, 4, 5, 3, 5, 5, 4, 1, 5, 5]"
VICES,4.6897,0.532,29,"[5, 5, 5, 5, 5, 5, 5, 4, 5, 4, 4, 5, 4, 5, 5, 3, 5, 5, 5, 5, 4, 5, 5, 5, 5, 5, 5, 4, 4]"
VICIOUS,4.8929,0.4088,28,"[5, 5, 5, 5, 5, 5, 5, 5, 5, 5, 5, 5, 5, 5, 4, 5, 5, 5, 5, 5, 5, 5, 5, 3, 5, 5, 5, 5]"
VICTORIES,4.9,0.3958,30,"[5, 5, 5, 5, 5, 5, 5, 5, 5, 5, 5, 5, 5, 5, 5, 5, 5, 5, 3, 5, 5, 5, 5, 5, 4, 5, 5, 5, 5, 5]"
VIEWING,4.8621,0.5708,29,"[5, 5, 5, 5, 5, 5, 5, 4, 5, 5, 5, 2, 5, 5, 5, 5, 5, 5, 5, 5, 5, 5, 5, 5, 5, 5, 5, 5, 5]"
VINDICTIVE,4.7333,0.5735,30,"[5, 5, 5, 5, 5, 4, 5, 5, 5, 4, 4, 5, 5, 5, 5, 5, 5, 5, 3, 5, 4, 5, 5, 5, 3, 5, 5, 5, 5, 5]"
VINNY,2.7586,1.6949,29,"[1, 2, 2, 1, 2, 1, 5, 1, 5, 3, 5, 5, 1, 4, 3, 5, 5, 1, 1, 1, 5, 1, 2, 5, 3, 1, 5, 1, 3]"
VIOLIN,4.931,0.2534,29,"[5, 5, 5, 5, 5, 5, 5, 5, 4, 5, 5, 5, 5, 5, 4, 5, 5, 5, 5, 5, 5, 5, 5, 5, 5, 5, 5, 5, 5]"
VIPER,4.6552,0.543,29,"[5, 4, 5, 5, 5, 5, 5, 4, 4, 5, 5, 4, 3, 4, 4, 5, 5, 5, 5, 5, 4, 5, 5, 5, 5, 4, 5, 5, 5]"
VISION,4.9655,0.1825,29,"[5, 5, 5, 5, 5, 5, 5, 5, 5, 5, 5, 5, 5, 5, 4, 5, 5, 5, 5, 5, 5, 5, 5, 5, 5, 5, 5, 5, 5]"
VISOR,4.5517,1.0368,29,"[5, 5, 5, 5, 5, 4, 5, 5, 5, 5, 4, 5, 4, 5, 5, 5, 5, 1, 5, 1, 5, 5, 4, 5, 5, 5, 4, 5, 5]"
VITAMIN,4.931,0.2534,29,"[5, 5, 5, 5, 5, 5, 5, 5, 5, 5, 5, 4, 5, 4, 5, 5, 5, 5, 5, 5, 5, 5, 5, 5, 5, 5, 5, 5, 5]"
VOCABULARY,4.8276,0.3777,29,"[4, 5, 5, 5, 5, 4, 5, 5, 5, 5, 5, 5, 5, 4, 5, 5, 5, 5, 5, 5, 5, 4, 5, 5, 5, 5, 5, 5, 4]"
VOCATIONAL,4.6667,0.5963,30,"[5, 4, 5, 5, 5, 5, 5, 5, 5, 4, 5, 5, 5, 4, 5, 5, 3, 5, 4, 5, 5, 4, 5, 5, 4, 5, 5, 3, 5, 5]"
VOGUE,4.4483,0.8131,29,"[5, 5, 2, 5, 5, 5, 5, 3, 3, 4, 5, 3, 4, 4, 4, 5, 5, 5, 5, 5, 4, 5, 5, 5, 4, 4, 5, 5, 5]"
VOICEMAIL,4.931,0.2534,29,"[5, 5, 5, 5, 5, 5, 5, 4, 5, 5, 5, 5, 5, 5, 5, 5, 5, 5, 5, 5, 4, 5, 5, 5, 5, 5, 5, 5, 5]"
VOID,4.6,0.6633,30,"[5, 5, 5, 5, 5, 5, 5, 4, 5, 4, 5, 5, 4, 5, 5, 3, 5, 5, 5, 3, 5, 4, 5, 5, 4, 5, 5, 5, 4, 3]"
VOLUNTARY,4.8966,0.3045,29,"[5, 5, 5, 5, 5, 5, 5, 4, 5, 5, 5, 4, 5, 5, 5, 5, 5, 5, 5, 5, 4, 5, 5, 5, 5, 5, 5, 5, 5]"
VORTEX,4.0667,1.0934,30,"[5, 4, 3, 2, 5, 5, 5, 5, 3, 5, 5, 5, 5, 2, 4, 3, 3, 5, 4, 3, 5, 4, 2, 5, 4, 2, 5, 4, 5, 5]"
VOW,4.7667,0.8035,30,"[5, 1, 5, 5, 5, 5, 5, 5, 5, 5, 5, 5, 5, 5, 5, 5, 5, 5, 4, 5, 5, 5, 5, 5, 3, 5, 5, 5, 5, 5]"
VULGAR,4.6,0.5538,30,"[5, 5, 5, 5, 5, 5, 5, 4, 5, 4, 4, 5, 4, 5, 5, 4, 5, 5, 5, 3, 5, 4, 5, 5, 4, 5, 4, 5, 4, 4]"
WAGE,4.9,0.3958,30,"[5, 4, 5, 5, 5, 5, 5, 5, 5, 5, 5, 5, 5, 5, 3, 5, 5, 5, 5, 5, 5, 5, 5, 5, 5, 5, 5, 5, 5, 5]"
WAGER,4.7586,0.5021,29,"[4, 4, 5, 5, 5, 5, 4, 5, 5, 5, 4, 5, 5, 5, 4, 5, 5, 5, 5, 5, 5, 5, 5, 3, 5, 5, 5, 5, 5]"
WAILS,4.2667,0.8138,30,"[5, 5, 5, 5, 4, 4, 5, 4, 5, 3, 3, 5, 4, 5, 4, 3, 5, 5, 4, 2, 5, 4, 5, 4, 4, 5, 3, 5, 4, 4]"
WAIST,4.9,0.3,30,"[4, 4, 5, 5, 5, 5, 5, 5, 5, 5, 5, 5, 5, 5, 5, 5, 5, 5, 5, 5, 4, 5, 5, 5, 5, 5, 5, 5, 5, 5]"
WAIVERS,4.7667,0.423,30,"[5, 4, 5, 5, 4, 5, 5, 5, 5, 4, 5, 5, 5, 4, 5, 4, 5, 5, 5, 5, 5, 5, 5, 5, 4, 4, 5, 5, 5, 5]"
WAKING,4.7241,0.7833,29,"[5, 5, 5, 5, 5, 4, 5, 5, 5, 5, 5, 5, 4, 4, 5, 5, 5, 1, 5, 5, 5, 4, 5, 5, 5, 5, 5, 5, 5]"
WALLET,4.9667,0.1795,30,"[5, 5, 5, 5, 5, 5, 5, 5, 5, 4, 5, 5, 5, 5, 5, 5, 5, 5, 5, 5, 5, 5, 5, 5, 5, 5, 5, 5, 5, 5]"
WALLOW,4.0357,1.3753,28,"[4, 5, 1, 3, 4, 5, 4, 5, 5, 5, 5, 5, 2, 5, 5, 4, 1, 2, 5, 5, 3, 5, 5, 5, 5, 1, 5, 4]"
WALLPAPER,5.0,0.0,30,"[5, 5, 5, 5, 5, 5, 5, 5, 5, 5, 5, 5, 5, 5, 5, 5, 5, 5, 5, 5, 5, 5, 5, 5, 5, 5, 5, 5, 5, 5]"
WANDERING,4.9,0.3958,30,"[5, 5, 5, 5, 5, 5, 5, 5, 5, 5, 5, 5, 5, 5, 5, 5, 5, 5, 3, 5, 5, 5, 5, 5, 4, 5, 5, 5, 5, 5]"
WANG,3.5333,1.1175,30,"[4, 5, 5, 3, 3, 4, 4, 5, 5, 5, 2, 3, 2, 3, 4, 3, 4, 5, 2, 2, 2, 4, 3, 4, 1, 3, 4, 5, 4, 3]"
WAR,4.931,0.3649,29,"[5, 3, 5, 5, 5, 5, 5, 5, 5, 5, 5, 5, 5, 5, 5, 5, 5, 5, 5, 5, 5, 5, 5, 5, 5, 5, 5, 5, 5]"
WARE,4.3,0.9,30,"[3, 5, 5, 5, 4, 4, 2, 4, 5, 5, 5, 4, 4, 4, 5, 5, 3, 5, 5, 5, 5, 5, 4, 2, 5, 5, 5, 3, 4, 4]"
WARRANT,4.8276,0.3777,29,"[5, 5, 5, 5, 5, 5, 5, 5, 5, 5, 4, 5, 4, 5, 5, 5, 4, 5, 5, 5, 5, 5, 4, 5, 5, 5, 4, 5, 5]"
WARTIME,4.6333,0.6046,30,"[5, 5, 5, 5, 5, 4, 4, 5, 5, 4, 3, 5, 4, 5, 5, 3, 5, 5, 5, 5, 5, 4, 5, 5, 5, 5, 5, 5, 4, 4]"
WASHINGTON,4.8667,0.4269,30,"[5, 5, 5, 3, 5, 5, 4, 5, 5, 5, 5, 5, 5, 5, 5, 5, 5, 5, 5, 5, 5, 5, 4, 5, 5, 5, 5, 5, 5, 5]"
WASP,4.7,0.9,30,"[5, 5, 5, 5, 5, 4, 5, 5, 5, 5, 5, 5, 5, 5, 5, 5, 2, 1, 5, 5, 5, 5, 5, 5, 5, 5, 5, 4, 5, 5]"
WATERSHED,4.5172,0.9692,29,"[5, 4, 5, 5, 5, 5, 5, 5, 4, 5, 5, 5, 5, 5, 4, 5, 5, 5, 4, 5, 5, 4, 1, 2, 3, 5, 5, 5, 5]"
WATERY,4.8667,0.4269,30,"[5, 4, 5, 5, 5, 5, 5, 5, 5, 5, 5, 5, 5, 5, 4, 5, 5, 5, 5, 5, 5, 5, 5, 3, 5, 5, 5, 5, 5, 5]"
WATTLE,2.5,1.4318,30,"[4, 2, 5, 1, 2, 2, 4, 1, 2, 3, 1, 3, 3, 2, 1, 3, 5, 2, 1, 1, 1, 1, 2, 5, 3, 1, 5, 5, 3, 1]"
WAVED,4.8276,0.647,29,"[5, 5, 2, 5, 5, 5, 5, 5, 5, 5, 5, 5, 5, 5, 5, 5, 5, 5, 5, 5, 5, 3, 5, 5, 5, 5, 5, 5, 5]"
WAVY,4.9,0.3,30,"[5, 5, 5, 5, 5, 5, 5, 5, 5, 5, 5, 5, 5, 4, 5, 5, 5, 4, 5, 5, 5, 5, 5, 4, 5, 5, 5, 5, 5, 5]"
WC,1.9333,1.3646,30,"[1, 2, 1, 5, 1, 1, 5, 1, 1, 2, 3, 1, 2, 1, 1, 1, 1, 4, 1, 1, 4, 3, 1, 3, 1, 1, 2, 1, 5, 1]"
WEASELS,4.8333,0.3727,30,"[5, 5, 5, 5, 5, 4, 5, 5, 5, 4, 5, 5, 5, 5, 5, 5, 5, 5, 4, 5, 4, 5, 5, 5, 5, 5, 5, 5, 4, 5]"
WEDGIES,4.7241,0.5184,29,"[4, 4, 5, 5, 5, 5, 5, 5, 4, 5, 5, 5, 5, 5, 4, 5, 5, 5, 4, 5, 5, 3, 5, 5, 5, 5, 5, 4, 5]"
WEEPS,4.4333,0.9195,30,"[4, 5, 5, 5, 4, 3, 2, 5, 5, 5, 5, 5, 5, 3, 5, 5, 2, 3, 5, 5, 5, 5, 5, 4, 5, 5, 5, 4, 4, 5]"
WEEVILS,3.2,1.5362,30,"[3, 2, 5, 1, 5, 5, 1, 1, 5, 3, 3, 2, 1, 3, 2, 4, 5, 2, 2, 2, 2, 1, 3, 5, 5, 5, 5, 5, 5, 3]"
WEIRDO,4.6333,0.6574,30,"[5, 4, 3, 4, 5, 5, 5, 5, 5, 4, 5, 5, 5, 3, 4, 3, 5, 5, 5, 5, 5, 5, 5, 5, 5, 5, 4, 5, 5, 5]"
WET,4.9667,0.1795,30,"[5, 5, 5, 5, 5, 5, 5, 5, 5, 5, 5, 5, 5, 5, 4, 5, 5, 5, 5, 5, 5, 5, 5, 5, 5, 5, 5, 5, 5, 5]"
WETBACK,4.0,1.2034,29,"[4, 5, 2, 1, 3, 1, 5, 5, 5, 4, 4, 5, 4, 2, 4, 5, 4, 5, 4, 5, 5, 3, 4, 5, 5, 5, 5, 4, 3]"
WHENEVER,4.9667,0.1795,30,"[5, 5, 5, 5, 5, 5, 5, 5, 5, 4, 5, 5, 5, 5, 5, 5, 5, 5, 5, 5, 5, 5, 5, 5, 5, 5, 5, 5, 5, 5]"
WHIFF,4.4483,0.8131,29,"[5, 5, 4, 5, 5, 3, 5, 4, 5, 5, 3, 3, 5, 3, 5, 5, 3, 5, 5, 4, 3, 5, 5, 5, 5, 4, 5, 5, 5]"
WHIMSY,4.4,1.052,30,"[5, 5, 5, 4, 1, 4, 5, 5, 5, 3, 2, 4, 5, 5, 5, 5, 5, 5, 3, 5, 3, 5, 5, 5, 3, 5, 5, 5, 5, 5]"
WHIPLASH,4.6,0.7572,30,"[5, 4, 5, 5, 5, 5, 5, 5, 5, 4, 5, 5, 3, 5, 5, 5, 3, 2, 5, 5, 5, 5, 5, 4, 5, 5, 5, 4, 5, 4]"
WHIPPER,3.6552,1.3964,29,"[4, 5, 1, 1, 5, 2, 5, 5, 4, 3, 2, 5, 4, 2, 5, 4, 4, 3, 5, 2, 3, 3, 5, 3, 1, 5, 5, 5, 5]"
WHIRRING,4.1667,1.3437,30,"[5, 5, 1, 1, 5, 2, 5, 5, 3, 4, 4, 5, 5, 5, 5, 5, 3, 5, 3, 5, 3, 5, 5, 5, 1, 5, 5, 5, 5, 5]"
WHISKERS,4.7333,0.6799,30,"[5, 5, 5, 5, 5, 5, 5, 4, 5, 5, 5, 5, 4, 5, 5, 5, 3, 2, 5, 5, 5, 5, 5, 4, 5, 5, 5, 5, 5, 5]"
WHITING,3.1333,1.384,30,"[2, 3, 5, 2, 5, 2, 5, 2, 1, 1, 3, 5, 3, 3, 2, 3, 5, 4, 4, 3, 2, 3, 5, 1, 4, 5, 1, 5, 2, 3]"
WHOLLY,4.3448,0.8418,29,"[5, 4, 3, 4, 5, 5, 5, 5, 2, 4, 5, 3, 4, 3, 4, 3, 4, 5, 5, 5, 4, 5, 5, 5, 5, 5, 4, 5, 5]"
WHOREHOUSE,4.5,0.7188,30,"[4, 5, 5, 5, 5, 5, 4, 5, 5, 3, 3, 5, 3, 5, 5, 3, 5, 5, 5, 5, 5, 4, 5, 5, 4, 5, 4, 5, 4, 4]"
WILDLY,4.8,0.4761,30,"[5, 5, 5, 4, 5, 5, 5, 5, 4, 5, 5, 5, 3, 5, 4, 5, 5, 5, 5, 5, 5, 5, 5, 5, 4, 5, 5, 5, 5, 5]"
WILSON,4.2414,1.1034,29,"[4, 4, 3, 5, 5, 4, 5, 4, 1, 3, 5, 5, 5, 5, 4, 1, 4, 5, 5, 4, 5, 5, 5, 4, 3, 5, 5, 5, 5]"
WINDY,4.9333,0.2494,30,"[5, 4, 5, 5, 5, 5, 5, 5, 5, 5, 5, 5, 5, 5, 5, 5, 5, 5, 5, 5, 4, 5, 5, 5, 5, 5, 5, 5, 5, 5]"
WINE,4.931,0.3649,29,"[5, 5, 5, 5, 5, 5, 5, 5, 5, 5, 5, 5, 5, 5, 5, 5, 3, 5, 5, 5, 5, 5, 5, 5, 5, 5, 5, 5, 5]"
WINNER,5.0,0.0,30,"[5, 5, 5, 5, 5, 5, 5, 5, 5, 5, 5, 5, 5, 5, 5, 5, 5, 5, 5, 5, 5, 5, 5, 5, 5, 5, 5, 5, 5, 5]"
WINO,3.4333,1.4067,30,"[5, 2, 1, 3, 4, 4, 5, 5, 1, 3, 5, 5, 5, 2, 1, 3, 4, 5, 5, 3, 5, 3, 3, 2, 2, 3, 2, 2, 5, 5]"
WIPE,4.8667,0.4269,30,"[5, 3, 5, 5, 5, 5, 5, 5, 5, 5, 5, 5, 5, 5, 4, 5, 5, 5, 5, 5, 5, 5, 4, 5, 5, 5, 5, 5, 5, 5]"
WIRETAP,4.5667,0.6155,30,"[5, 5, 5, 5, 4, 4, 5, 4, 5, 4, 4, 5, 4, 5, 5, 3, 5, 5, 5, 5, 5, 4, 5, 5, 5, 5, 4, 5, 4, 3]"
WOBBLES,4.3103,1.0538,29,"[5, 5, 5, 5, 3, 4, 5, 5, 4, 5, 4, 2, 3, 5, 5, 5, 1, 5, 5, 5, 5, 5, 3, 4, 5, 5, 3, 4, 5]"
WOLF,4.9333,0.2494,30,"[5, 5, 5, 5, 5, 5, 5, 5, 4, 5, 5, 5, 5, 5, 4, 5, 5, 5, 5, 5, 5, 5, 5, 5, 5, 5, 5, 5, 5, 5]"
WOLVERINE,4.6897,0.5933,29,"[5, 5, 3, 5, 5, 5, 5, 4, 5, 5, 5, 4, 5, 4, 4, 5, 5, 5, 5, 5, 4, 5, 5, 5, 5, 3, 5, 5, 5]"
WONDROUS,4.4483,1.003,29,"[4, 5, 3, 5, 5, 4, 3, 5, 5, 5, 4, 5, 5, 1, 5, 5, 5, 5, 2, 5, 5, 4, 5, 5, 5, 5, 5, 5, 4]"
WONG,2.5172,1.4767,29,"[1, 2, 1, 1, 4, 1, 5, 1, 5, 3, 3, 5, 1, 1, 3, 3, 5, 5, 4, 3, 3, 1, 1, 3, 2, 1, 2, 1, 2]"
WOO,3.9655,1.3257,29,"[4, 4, 4, 5, 1, 3, 5, 4, 5, 5, 5, 4, 4, 2, 5, 5, 5, 4, 5, 5, 1, 5, 1, 4, 5, 5, 5, 3, 2]"
WOODY,4.4,0.7118,30,"[3, 5, 5, 5, 5, 4, 4, 5, 5, 3, 4, 5, 4, 4, 5, 3, 5, 5, 5, 4, 5, 4, 5, 5, 4, 5, 3, 5, 4, 4]"
WOOLWORTH,3.4828,1.4293,29,"[4, 2, 4, 5, 2, 5, 5, 2, 2, 1, 1, 3, 5, 5, 4, 5, 3, 5, 3, 3, 5, 5, 3, 2, 2, 5, 4, 5, 1]"
WORSHIPPED,4.8333,0.3727,30,"[4, 5, 5, 5, 5, 5, 5, 5, 5, 5, 5, 4, 5, 4, 4, 5, 5, 5, 5, 5, 4, 5, 5, 5, 5, 5, 5, 5, 5, 5]"
WOUNDED,4.6333,0.5467,30,"[5, 5, 5, 5, 4, 5, 5, 5, 5, 4, 4, 5, 4, 5, 5, 3, 5, 5, 4, 5, 5, 4, 5, 5, 5, 5, 4, 5, 4, 4]"
WRANGLE,4.6667,0.5375,30,"[5, 5, 5, 5, 5, 4, 5, 5, 5, 4, 4, 5, 5, 5, 4, 5, 4, 5, 4, 5, 3, 5, 4, 5, 4, 5, 5, 5, 5, 5]"
WRIT,3.4,1.2275,30,"[2, 1, 4, 3, 3, 5, 4, 5, 4, 5, 3, 4, 3, 5, 4, 2, 4, 5, 4, 4, 5, 3, 3, 2, 3, 1, 4, 2, 4, 1]"
YAHOO,4.7,0.6403,30,"[5, 5, 5, 5, 5, 5, 5, 5, 5, 5, 5, 5, 3, 3, 5, 3, 5, 5, 5, 5, 5, 4, 5, 5, 5, 5, 5, 5, 4, 4]"
YAK,3.8966,1.2957,29,"[3, 5, 3, 1, 5, 3, 5, 5, 5, 5, 5, 5, 3, 2, 2, 5, 3, 1, 4, 5, 5, 3, 5, 5, 5, 5, 3, 4, 3]"
YANG,3.5172,1.0042,29,"[4, 3, 3, 3, 1, 5, 5, 4, 3, 3, 4, 4, 2, 3, 4, 3, 4, 5, 5, 3, 4, 3, 5, 2, 3, 3, 3, 3, 5]"
YEN,3.9,1.2207,30,"[3, 2, 5, 1, 5, 4, 5, 5, 4, 5, 4, 3, 5, 4, 4, 5, 1, 2, 3, 4, 3, 5, 3, 5, 4, 5, 5, 5, 3, 5]"
YIKES,4.6333,0.752,30,"[4, 5, 5, 5, 4, 5, 4, 5, 5, 5, 5, 5, 3, 5, 5, 5, 2, 3, 5, 5, 5, 5, 5, 5, 5, 5, 5, 4, 5, 5]"
YIN,2.8966,1.1248,29,"[5, 3, 1, 2, 4, 3, 3, 2, 1, 3, 3, 2, 3, 2, 3, 2, 3, 3, 5, 4, 3, 2, 2, 4, 2, 5, 2, 2, 5]"
YOGA,4.7,0.5859,30,"[5, 5, 5, 5, 5, 5, 5, 4, 5, 5, 5, 5, 4, 5, 5, 4, 5, 5, 5, 5, 5, 4, 5, 5, 5, 5, 3, 5, 4, 3]"
YOLK,4.5333,0.8844,30,"[4, 3, 5, 5, 5, 5, 3, 5, 5, 5, 5, 4, 5, 5, 4, 4, 1, 5, 5, 5, 4, 5, 4, 5, 5, 5, 5, 5, 5, 5]"
YOUNGERS,3.0345,1.5421,29,"[4, 1, 5, 2, 1, 3, 5, 2, 1, 2, 3, 3, 5, 3, 4, 3, 5, 5, 2, 5, 5, 1, 1, 2, 2, 2, 5, 5, 1]"
ZEALAND,3.6333,1.4256,30,"[2, 3, 5, 4, 5, 4, 3, 5, 4, 5, 1, 1, 5, 4, 1, 1, 5, 2, 5, 5, 2, 5, 3, 4, 3, 3, 5, 5, 5, 4]"
ZEROED,4.3103,1.1174,29,"[5, 5, 5, 5, 4, 3, 5, 5, 5, 4, 5, 4, 3, 5, 5, 1, 2, 5, 5, 5, 5, 5, 2, 5, 5, 5, 3, 4, 5]"
ZEUS,4.3793,0.8872,29,"[4, 5, 4, 4, 5, 3, 3, 5, 5, 5, 3, 5, 5, 2, 4, 5, 5, 5, 5, 5, 5, 3, 5, 5, 5, 5, 5, 4, 3]"
ZIRA,1.1379,0.3448,29,"[1, 1, 1, 1, 2, 1, 1, 1, 2, 1, 1, 1, 1, 1, 1, 1, 2, 1, 1, 1, 1, 1, 1, 1, 1, 1, 1, 1, 2]"
ZOOLOGIST,4.5667,0.9195,30,"[5, 4, 1, 5, 4, 5, 5, 5, 5, 5, 5, 5, 5, 4, 5, 5, 4, 5, 5, 5, 5, 4, 5, 5, 2, 5, 5, 4, 5, 5]"
ZURICH,3.7931,1.1855,29,"[5, 3, 4, 5, 5, 5, 5, 3, 2, 2, 5, 5, 5, 4, 4, 3, 3, 1, 4, 2, 3, 5, 4, 2, 3, 4, 5, 4, 5]"
