unit,mean,std,n,individual_ratings
AIDS,3.1212,1.5326,33,"[5, 1, 4, 4, 5, 3, 1, 1, 2, 5, 5, 1, 4, 5, 2, 1, 5, 2, 1, 1, 5, 3, 3, 4, 3, 1, 2, 4, 4, 3, 5, 3, 5]"
Afghanistan,2.9333,1.1235,30,"[4, 2, 3, 2, 3, 4, 3, 1, 2, 2, 1, 3, 4, 1, 4, 4, 4, 2, 5, 3, 3, 5, 1, 3, 4, 3, 3, 2, 4, 3]"
Alan,2.4,0.8794,30,"[4, 3, 2, 2, 3, 1, 3, 3, 3, 3, 1, 2, 2, 3, 3, 1, 1, 2, 2, 3, 3, 2, 2, 3, 3, 3, 1, 3, 1, 4]"
Alan Turing,2.7241,0.9058,29,"[3, 3, 4, 4, 3, 3, 3, 3, 2, 4, 3, 3, 3, 1, 2, 3, 1, 2, 4, 2, 3, 3, 3, 1, 4, 3, 1, 2, 3]"
Alaska,3.3448,0.9569,29,"[4, 3, 3, 3, 4, 5, 4, 3, 4, 4, 1, 4, 3, 3, 2, 4, 3, 3, 5, 3, 4, 4, 1, 3, 3, 4, 4, 2, 4]"
Albuquerque,3.0,0.8165,30,"[3, 3, 3, 3, 2, 3, 3, 3, 1, 3, 4, 5, 4, 2, 3, 3, 3, 4, 4, 3, 3, 2, 3, 3, 3, 3, 3, 3, 1, 4]"
Aleve,2.2667,0.8919,30,"[2, 2, 2, 2, 2, 3, 3, 3, 4, 1, 1, 2, 3, 3, 1, 3, 1, 3, 2, 1, 2, 2, 1, 3, 3, 3, 2, 4, 3, 1]"
Alexander Fleming,2.7667,0.9195,30,"[2, 2, 3, 1, 1, 4, 3, 3, 3, 3, 4, 3, 3, 3, 1, 3, 1, 3, 3, 3, 2, 2, 3, 3, 4, 4, 3, 2, 4, 4]"
Alexander Ovechkin,2.5862,1.1301,29,"[1, 3, 3, 3, 4, 1, 1, 3, 2, 3, 1, 4, 3, 3, 1, 5, 2, 3, 5, 3, 3, 1, 2, 1, 3, 3, 3, 2, 3]"
Alexander the Great,4.0,0.7303,30,"[4, 5, 4, 4, 3, 4, 3, 4, 4, 5, 4, 4, 3, 4, 4, 4, 4, 4, 5, 4, 2, 4, 5, 3, 5, 5, 4, 4, 3, 5]"
Alice,2.8,0.9452,30,"[3, 1, 3, 4, 3, 3, 3, 3, 3, 2, 5, 3, 3, 3, 2, 3, 3, 4, 4, 1, 2, 3, 3, 3, 1, 4, 3, 1, 2, 3]"
Alice in Chains,3.5,0.9471,34,"[5, 3, 4, 4, 3, 4, 5, 1, 2, 4, 4, 4, 3, 4, 4, 2, 4, 4, 4, 2, 4, 4, 2, 3, 4, 3, 5, 4, 2, 4, 3, 4, 4, 3]"
All Saints' Day,2.8966,0.8845,29,"[3, 3, 2, 3, 3, 1, 2, 3, 2, 4, 3, 4, 4, 4, 3, 1, 3, 4, 4, 3, 3, 2, 4, 3, 3, 3, 3, 1, 3]"
Allan,2.4483,0.8939,29,"[1, 3, 3, 3, 4, 1, 1, 3, 3, 3, 2, 3, 3, 3, 1, 3, 3, 3, 2, 3, 3, 1, 2, 1, 3, 3, 3, 1, 3]"
Allen Iverson,3.1667,1.0355,30,"[1, 4, 3, 4, 3, 3, 3, 3, 3, 5, 4, 4, 3, 3, 4, 3, 3, 5, 2, 1, 3, 4, 3, 5, 3, 3, 3, 2, 1, 4]"
Alma,2.4333,0.8439,30,"[3, 3, 3, 4, 3, 3, 3, 3, 3, 1, 3, 2, 3, 3, 2, 3, 2, 1, 1, 1, 2, 2, 3, 3, 1, 3, 3, 1, 2, 3]"
Alvin,2.6,0.8794,30,"[1, 2, 3, 1, 2, 2, 3, 3, 3, 3, 4, 3, 3, 3, 1, 3, 3, 3, 3, 3, 1, 2, 3, 3, 4, 3, 3, 2, 4, 1]"
Ambien,2.2333,1.116,30,"[3, 3, 3, 1, 3, 1, 2, 3, 3, 1, 1, 1, 2, 3, 2, 1, 3, 1, 5, 1, 4, 1, 4, 3, 3, 1, 3, 2, 1, 2]"
Amedeo Modigliani,2.6,1.0198,30,"[3, 1, 3, 4, 3, 3, 5, 3, 4, 2, 3, 3, 3, 3, 1, 2, 2, 1, 2, 1, 3, 4, 2, 3, 1, 4, 2, 2, 2, 3]"
Anastasia,3.0,1.1142,29,"[1, 1, 2, 3, 3, 2, 4, 3, 2, 4, 3, 4, 1, 3, 3, 3, 3, 4, 4, 3, 4, 4, 3, 5, 1, 5, 3, 2, 4]"
Andrea,2.9706,0.9231,34,"[3, 3, 3, 3, 3, 4, 5, 1, 4, 3, 1, 3, 3, 3, 3, 3, 1, 3, 3, 5, 3, 3, 3, 3, 3, 4, 4, 3, 1, 3, 3, 2, 3, 3]"
Andrew Johnson,2.6897,1.0538,29,"[1, 1, 3, 4, 4, 1, 1, 3, 3, 3, 2, 3, 3, 3, 2, 5, 3, 3, 4, 3, 3, 1, 2, 1, 3, 3, 3, 4, 3]"
Andy Warhol,3.2333,0.9894,30,"[2, 4, 3, 4, 4, 4, 3, 4, 5, 4, 4, 3, 4, 4, 4, 4, 2, 1, 4, 2, 3, 4, 3, 3, 1, 4, 3, 2, 3, 2]"
Angelica,3.2333,0.7608,30,"[4, 3, 2, 4, 3, 4, 3, 3, 3, 3, 5, 4, 4, 3, 3, 1, 4, 4, 3, 3, 3, 3, 4, 3, 3, 3, 4, 3, 3, 2]"
Angelina Jolie,3.7931,1.2423,29,"[1, 3, 5, 3, 4, 3, 4, 5, 5, 3, 4, 5, 3, 5, 5, 5, 4, 4, 5, 3, 5, 4, 1, 1, 4, 5, 3, 5, 3]"
Anne Boleyn,2.9333,1.0306,30,"[3, 3, 4, 4, 4, 3, 3, 3, 5, 2, 4, 3, 4, 4, 3, 2, 3, 1, 2, 1, 3, 4, 3, 3, 1, 4, 3, 1, 2, 3]"
Antarctica,3.2143,1.0127,28,"[4, 3, 4, 3, 2, 3, 1, 3, 4, 4, 4, 4, 3, 1, 1, 5, 4, 2, 3, 4, 3, 4, 3, 3, 4, 4, 4, 3]"
Anthony Hopkins,3.1379,1.1663,29,"[1, 4, 3, 3, 1, 4, 4, 5, 1, 4, 3, 3, 1, 4, 3, 4, 3, 4, 3, 3, 2, 4, 3, 5, 1, 4, 4, 3, 4]"
Antoinette,2.7,0.9363,30,"[3, 4, 3, 4, 3, 2, 3, 3, 4, 1, 3, 3, 4, 3, 2, 1, 3, 1, 2, 1, 3, 3, 2, 3, 4, 3, 3, 1, 3, 3]"
Ariel,3.303,0.9995,33,"[3, 5, 4, 3, 3, 5, 4, 1, 4, 3, 1, 3, 4, 4, 3, 1, 4, 3, 5, 3, 3, 3, 3, 3, 3, 3, 4, 5, 3, 3, 3, 4, 3]"
Aristotle,3.0333,0.9481,30,"[4, 3, 2, 4, 3, 1, 3, 3, 1, 2, 4, 4, 4, 3, 3, 1, 3, 4, 3, 3, 3, 4, 2, 4, 2, 3, 3, 4, 4, 4]"
Arnold Schwazenegger,3.1034,1.155,29,"[1, 4, 4, 2, 3, 4, 1, 3, 4, 3, 4, 4, 3, 5, 1, 5, 2, 2, 4, 3, 3, 5, 2, 2, 3, 4, 3, 4, 2]"
Arturo,2.5333,0.8844,30,"[3, 3, 2, 3, 4, 1, 3, 3, 3, 3, 1, 3, 3, 3, 3, 1, 1, 4, 2, 3, 3, 2, 1, 3, 3, 3, 2, 3, 1, 3]"
Ascorbic Acid,2.7931,1.2698,29,"[1, 2, 2, 3, 5, 2, 1, 4, 1, 2, 3, 5, 1, 3, 3, 4, 1, 4, 4, 3, 1, 3, 3, 4, 1, 4, 4, 4, 3]"
Ash Wednesday,2.4667,0.9214,30,"[4, 3, 2, 3, 3, 1, 2, 3, 2, 2, 2, 3, 4, 2, 3, 1, 1, 1, 2, 4, 3, 3, 3, 4, 2, 3, 2, 3, 1, 2]"
Atari,3.5862,0.9655,29,"[5, 3, 5, 4, 4, 3, 3, 3, 3, 3, 3, 4, 3, 3, 1, 5, 5, 4, 4, 3, 4, 5, 2, 3, 3, 4, 5, 4, 3]"
Aurora,3.2069,0.8859,29,"[4, 3, 3, 4, 4, 1, 1, 3, 4, 3, 2, 5, 3, 3, 2, 3, 4, 3, 4, 3, 4, 3, 4, 4, 3, 4, 3, 3, 3]"
Babe Ruth,3.3667,0.9826,30,"[4, 3, 4, 4, 5, 1, 4, 3, 4, 3, 3, 4, 3, 3, 3, 1, 5, 3, 3, 4, 2, 3, 4, 4, 4, 3, 2, 3, 5, 4]"
Barbados,3.7333,1.0306,30,"[4, 4, 5, 5, 3, 5, 2, 3, 4, 2, 3, 4, 4, 3, 1, 4, 3, 3, 4, 5, 5, 4, 3, 3, 3, 5, 4, 4, 5, 5]"
Barbra Streisand,2.7667,1.0225,30,"[3, 2, 2, 4, 3, 1, 4, 3, 3, 1, 2, 3, 3, 4, 1, 3, 1, 4, 4, 4, 4, 3, 3, 3, 3, 3, 2, 2, 1, 4]"
Barry Sanders,3.0294,1.0142,34,"[3, 3, 4, 3, 3, 3, 5, 1, 4, 4, 3, 4, 1, 4, 4, 3, 4, 3, 3, 4, 3, 3, 2, 3, 4, 4, 1, 3, 1, 3, 3, 3, 1, 3]"
Baton Rouge,3.3793,1.1269,29,"[1, 3, 3, 4, 4, 2, 4, 3, 1, 5, 4, 4, 1, 4, 3, 4, 4, 5, 4, 3, 5, 3, 3, 4, 4, 2, 3, 3, 5]"
Beatrice,2.4138,1.0006,29,"[1, 3, 3, 3, 3, 1, 1, 3, 3, 3, 1, 2, 3, 3, 1, 3, 3, 3, 3, 3, 3, 1, 2, 1, 3, 5, 2, 1, 3]"
Belgium,3.1034,1.2414,29,"[1, 1, 3, 4, 4, 2, 2, 4, 1, 4, 3, 2, 1, 4, 3, 5, 4, 4, 3, 3, 5, 3, 4, 4, 1, 5, 3, 3, 4]"
Ben Bass,2.6207,0.9253,29,"[1, 3, 3, 3, 4, 1, 1, 3, 3, 3, 4, 3, 3, 3, 1, 4, 2, 3, 3, 3, 3, 3, 1, 1, 3, 3, 2, 3, 3]"
Benadryl,1.9667,0.9123,30,"[2, 2, 1, 2, 3, 2, 3, 3, 4, 1, 1, 1, 2, 2, 3, 3, 1, 1, 2, 1, 2, 1, 2, 1, 3, 1, 2, 4, 1, 2]"
Benito Mussolini,3.3333,1.075,30,"[4, 3, 4, 5, 3, 1, 4, 3, 4, 4, 4, 4, 2, 4, 3, 4, 1, 4, 3, 4, 3, 5, 5, 4, 3, 3, 3, 3, 2, 1]"
Benjamin Franklin,3.1333,0.9568,30,"[3, 4, 3, 4, 4, 4, 4, 3, 5, 4, 3, 3, 2, 3, 4, 4, 2, 2, 3, 4, 2, 3, 3, 3, 1, 1, 4, 4, 2, 3]"
Bermuda,3.6667,1.1643,30,"[5, 4, 4, 5, 2, 5, 2, 4, 4, 1, 4, 3, 4, 4, 1, 4, 4, 3, 5, 4, 4, 4, 4, 4, 3, 5, 2, 2, 5, 5]"
Bernard,2.4,0.8,30,"[2, 1, 3, 1, 1, 3, 3, 3, 3, 2, 4, 2, 3, 3, 1, 2, 2, 3, 3, 2, 1, 2, 3, 3, 3, 3, 3, 2, 2, 3]"
Beth,2.9394,0.8856,33,"[3, 3, 4, 3, 3, 3, 4, 1, 4, 3, 1, 3, 3, 4, 3, 3, 1, 3, 3, 5, 3, 3, 3, 3, 3, 3, 4, 3, 2, 3, 3, 1, 3]"
Betty White,3.2812,1.0964,32,"[5, 4, 3, 3, 2, 5, 1, 3, 2, 4, 3, 4, 4, 2, 1, 4, 3, 1, 4, 4, 2, 3, 4, 4, 4, 4, 5, 4, 3, 4, 3, 3]"
Billy Crystal,3.1,0.9074,30,"[4, 3, 2, 4, 4, 1, 2, 3, 4, 4, 3, 4, 3, 3, 3, 1, 4, 4, 2, 4, 3, 3, 2, 4, 2, 3, 3, 3, 4, 4]"
Blondie,3.1379,1.1955,29,"[1, 1, 3, 2, 3, 2, 5, 4, 4, 4, 4, 4, 4, 3, 3, 3, 4, 4, 1, 3, 5, 4, 3, 1, 1, 4, 4, 3, 4]"
Bob Gibson,2.4667,0.9214,30,"[3, 1, 1, 3, 4, 1, 3, 3, 1, 2, 3, 3, 1, 3, 1, 1, 4, 2, 2, 3, 3, 3, 3, 3, 3, 3, 2, 3, 3, 3]"
Bob Marley,3.2333,0.9894,30,"[2, 3, 3, 4, 4, 3, 3, 2, 1, 3, 4, 5, 4, 3, 5, 4, 3, 3, 5, 3, 2, 4, 3, 3, 1, 4, 3, 4, 3, 3]"
Breanna,2.9667,0.752,30,"[4, 3, 1, 3, 3, 4, 3, 3, 3, 3, 4, 4, 2, 3, 3, 1, 4, 2, 3, 3, 3, 3, 3, 3, 3, 3, 4, 3, 3, 2]"
Brian,2.4138,0.8912,29,"[1, 3, 3, 3, 2, 1, 1, 3, 3, 3, 4, 3, 3, 3, 1, 3, 2, 3, 2, 3, 3, 1, 2, 1, 3, 3, 3, 1, 3]"
Britney,2.8333,0.8596,30,"[2, 3, 3, 4, 3, 1, 4, 4, 3, 2, 3, 4, 3, 3, 1, 1, 3, 2, 4, 2, 4, 3, 3, 3, 3, 3, 2, 3, 3, 3]"
Bryan,2.3,0.9,30,"[3, 1, 3, 3, 3, 2, 4, 3, 2, 2, 3, 3, 3, 3, 1, 3, 2, 1, 1, 1, 2, 3, 3, 3, 1, 1, 3, 1, 2, 3]"
Burt Reynolds,3.2727,1.1618,33,"[4, 2, 4, 2, 4, 5, 5, 1, 3, 2, 5, 4, 4, 3, 4, 1, 3, 5, 1, 4, 3, 2, 3, 2, 3, 5, 4, 4, 3, 3, 4, 3, 3]"
Béla Bartók,3.1,0.9781,30,"[3, 3, 4, 5, 4, 1, 3, 3, 2, 4, 4, 2, 4, 3, 3, 1, 4, 4, 2, 4, 3, 4, 3, 3, 3, 3, 4, 3, 3, 1]"
Cabernet Sauvignon,3.4,0.9522,30,"[4, 3, 3, 4, 4, 1, 4, 3, 4, 2, 5, 2, 3, 3, 3, 3, 5, 4, 2, 4, 4, 2, 5, 3, 3, 4, 4, 3, 4, 4]"
Cairo,3.6,0.8,30,"[4, 4, 3, 5, 4, 1, 3, 3, 4, 3, 4, 4, 4, 3, 3, 4, 5, 5, 3, 4, 3, 4, 4, 4, 3, 3, 4, 3, 4, 3]"
Calvin,2.6667,0.83,30,"[2, 2, 4, 1, 1, 1, 3, 3, 3, 3, 4, 3, 3, 2, 2, 3, 3, 3, 2, 3, 2, 4, 3, 3, 3, 3, 3, 2, 4, 2]"
Calvin Coolidge,2.5667,0.8035,30,"[3, 1, 2, 2, 3, 1, 2, 3, 3, 2, 3, 3, 4, 3, 1, 3, 4, 2, 1, 3, 3, 3, 3, 3, 3, 3, 2, 3, 3, 2]"
Cameroon,2.7,1.005,30,"[3, 3, 3, 4, 3, 3, 3, 3, 4, 1, 4, 2, 3, 3, 2, 3, 2, 1, 2, 1, 4, 3, 5, 3, 1, 3, 3, 1, 2, 3]"
Canada,2.6207,0.8872,29,"[1, 3, 3, 3, 2, 3, 3, 3, 1, 1, 4, 5, 3, 3, 3, 3, 3, 2, 3, 2, 3, 2, 3, 2, 3, 3, 2, 1, 3]"
Candace,2.6897,1.0538,29,"[1, 3, 3, 1, 1, 3, 3, 5, 2, 3, 1, 5, 3, 2, 3, 4, 3, 3, 2, 3, 2, 2, 3, 3, 1, 3, 4, 3, 3]"
Cape of Good Hope,3.4,0.9866,30,"[4, 3, 2, 5, 3, 1, 4, 3, 4, 4, 4, 4, 4, 3, 3, 1, 5, 5, 4, 3, 3, 4, 4, 4, 2, 3, 3, 3, 4, 3]"
Captain James Cook,2.931,1.1724,29,"[1, 3, 3, 4, 4, 3, 3, 4, 2, 3, 2, 5, 3, 2, 4, 4, 1, 4, 4, 4, 1, 5, 3, 3, 1, 2, 3, 1, 3]"
Capture the Flag,3.931,0.9071,29,"[3, 4, 5, 3, 4, 3, 5, 3, 4, 3, 4, 4, 3, 4, 1, 5, 4, 4, 5, 3, 4, 5, 5, 4, 4, 4, 5, 5, 4]"
Carl Maria von Weber,2.6333,0.9481,30,"[4, 3, 2, 4, 3, 1, 3, 1, 3, 3, 4, 2, 2, 3, 3, 1, 1, 3, 2, 4, 3, 3, 2, 3, 2, 3, 3, 3, 4, 1]"
Carolyn,2.7333,1.0934,30,"[1, 3, 3, 2, 1, 3, 3, 5, 2, 3, 1, 4, 3, 3, 3, 4, 3, 3, 2, 3, 4, 1, 3, 3, 1, 3, 3, 5, 1, 3]"
Catherine,2.8333,1.1279,30,"[1, 3, 3, 5, 1, 3, 3, 5, 3, 3, 1, 4, 3, 3, 3, 4, 3, 3, 1, 3, 2, 3, 3, 3, 1, 3, 3, 5, 1, 3]"
Catherine de Medici,3.0,0.9701,34,"[3, 3, 2, 4, 4, 3, 5, 1, 2, 3, 4, 3, 2, 4, 4, 3, 1, 3, 3, 1, 3, 3, 3, 3, 4, 4, 3, 4, 1, 4, 3, 3, 3, 3]"
Cathy,2.2667,0.9978,30,"[3, 1, 3, 4, 3, 3, 3, 3, 3, 1, 4, 2, 3, 3, 1, 1, 2, 1, 1, 1, 2, 3, 3, 3, 1, 2, 3, 1, 1, 3]"
Celia,2.6667,0.7454,30,"[1, 3, 3, 3, 2, 1, 2, 3, 3, 3, 4, 3, 3, 3, 1, 3, 3, 3, 1, 3, 3, 3, 3, 3, 3, 3, 2, 3, 3, 3]"
Celina,2.9655,1.129,29,"[1, 3, 3, 3, 4, 1, 1, 3, 4, 3, 4, 4, 3, 3, 4, 5, 2, 3, 5, 3, 4, 3, 2, 1, 3, 4, 3, 1, 3]"
Chad Ochocinco,3.3,0.9363,30,"[3, 5, 5, 4, 3, 4, 3, 3, 4, 3, 2, 4, 4, 3, 3, 1, 1, 3, 4, 4, 3, 3, 5, 4, 3, 3, 3, 3, 3, 3]"
Chantel,3.0606,0.9515,33,"[3, 2, 4, 3, 3, 5, 3, 3, 4, 3, 1, 3, 4, 4, 3, 1, 3, 3, 1, 3, 3, 3, 3, 3, 4, 1, 4, 4, 4, 3, 4, 3, 3]"
Charlemagne,3.2353,1.0307,34,"[3, 4, 2, 4, 4, 4, 5, 1, 2, 3, 4, 2, 3, 4, 3, 4, 1, 4, 3, 1, 3, 4, 3, 3, 3, 4, 5, 3, 5, 4, 3, 3, 3, 3]"
Charles,2.2414,0.8572,29,"[1, 1, 3, 3, 2, 2, 1, 3, 1, 2, 3, 3, 1, 3, 3, 3, 3, 3, 3, 3, 1, 2, 2, 1, 1, 3, 3, 3, 2]"
Chester,2.3793,0.8872,29,"[1, 3, 3, 3, 4, 1, 1, 3, 2, 3, 1, 3, 3, 3, 1, 3, 3, 3, 3, 3, 2, 1, 2, 1, 3, 3, 2, 2, 3]"
China,3.2,0.6532,30,"[5, 3, 3, 3, 2, 4, 3, 3, 4, 3, 4, 3, 3, 2, 3, 4, 3, 3, 4, 3, 3, 4, 4, 3, 3, 3, 3, 2, 3, 3]"
Chloe,2.8621,0.86,29,"[3, 3, 3, 3, 2, 1, 1, 3, 4, 3, 4, 4, 3, 3, 4, 3, 3, 3, 4, 3, 3, 3, 2, 1, 3, 4, 2, 2, 3]"
Chris,2.7,1.0376,30,"[1, 5, 3, 2, 2, 3, 3, 1, 4, 3, 1, 3, 3, 3, 3, 4, 3, 4, 4, 3, 1, 2, 3, 3, 1, 3, 3, 3, 1, 3]"
Christina,2.7,0.9,30,"[3, 1, 3, 4, 3, 3, 4, 3, 2, 1, 4, 3, 3, 3, 2, 4, 3, 2, 2, 4, 2, 3, 3, 3, 1, 3, 3, 1, 2, 3]"
Cialis,3.1724,1.1468,29,"[1, 3, 4, 2, 4, 4, 4, 3, 1, 3, 3, 5, 3, 3, 2, 5, 4, 3, 2, 3, 4, 4, 2, 1, 3, 5, 5, 3, 3]"
Cincinnati,2.8,0.9798,30,"[3, 2, 3, 4, 2, 1, 4, 3, 3, 2, 3, 3, 4, 3, 1, 1, 5, 3, 2, 3, 3, 1, 3, 3, 3, 4, 3, 3, 2, 4]"
Cindy,2.7,1.005,30,"[1, 3, 3, 3, 1, 3, 3, 5, 3, 3, 1, 2, 3, 3, 3, 4, 3, 3, 4, 3, 1, 2, 3, 3, 1, 3, 3, 4, 1, 3]"
Clark Gable,3.7,0.8226,30,"[3, 3, 5, 4, 3, 4, 3, 3, 3, 5, 5, 4, 5, 3, 4, 3, 2, 4, 3, 3, 3, 4, 4, 3, 3, 4, 5, 4, 4, 5]"
Claudia,2.6,0.8406,30,"[3, 3, 3, 4, 3, 3, 3, 3, 3, 1, 4, 3, 3, 3, 2, 2, 3, 1, 2, 3, 3, 3, 3, 3, 1, 1, 3, 1, 2, 3]"
Cleopatra,3.7931,0.9958,29,"[2, 5, 2, 4, 4, 2, 2, 4, 3, 4, 3, 4, 5, 5, 3, 4, 4, 4, 4, 3, 5, 4, 3, 5, 5, 4, 5, 3, 5]"
Codeine,2.9697,1.3593,33,"[5, 3, 1, 4, 1, 4, 3, 1, 2, 3, 2, 3, 4, 4, 5, 1, 5, 3, 4, 4, 1, 2, 1, 1, 4, 5, 2, 5, 3, 3, 3, 4, 2]"
Columbus Day,2.6667,1.0111,30,"[1, 3, 3, 3, 2, 3, 3, 4, 2, 2, 2, 5, 3, 2, 4, 3, 1, 3, 4, 3, 1, 1, 4, 3, 3, 1, 3, 3, 3, 2]"
Conan O'Brien,3.3,1.0376,30,"[2, 3, 4, 4, 3, 1, 4, 3, 3, 1, 4, 3, 3, 4, 4, 1, 5, 4, 4, 3, 4, 3, 3, 4, 5, 3, 2, 4, 4, 4]"
Corey,2.8,0.8327,30,"[3, 4, 3, 3, 5, 1, 2, 3, 3, 2, 3, 3, 3, 3, 4, 1, 3, 2, 1, 3, 3, 3, 3, 3, 3, 3, 2, 3, 3, 3]"
Corinne,2.9,0.5972,30,"[2, 2, 3, 4, 3, 3, 3, 3, 3, 3, 4, 3, 3, 3, 3, 3, 3, 3, 3, 3, 1, 3, 3, 3, 4, 3, 3, 2, 3, 2]"
Crystal,3.3448,1.0915,29,"[1, 1, 4, 4, 4, 2, 4, 3, 4, 3, 3, 5, 1, 3, 3, 3, 4, 4, 4, 3, 5, 5, 3, 5, 3, 3, 3, 3, 4]"
Curtis,2.6333,0.9123,30,"[1, 2, 3, 3, 3, 2, 3, 3, 1, 3, 4, 3, 3, 3, 1, 5, 2, 3, 3, 3, 1, 3, 3, 3, 3, 3, 3, 2, 1, 3]"
Cy Young,3.1176,0.8665,34,"[3, 3, 3, 3, 3, 4, 5, 1, 4, 3, 2, 3, 3, 4, 4, 3, 5, 3, 3, 2, 3, 3, 3, 3, 4, 3, 2, 3, 1, 4, 3, 4, 3, 3]"
Cyclops,3.5667,1.116,30,"[4, 4, 4, 5, 3, 4, 4, 3, 4, 2, 2, 4, 4, 4, 1, 2, 5, 5, 5, 1, 2, 4, 4, 4, 3, 4, 3, 4, 5, 4]"
Cyprus,3.4667,0.8459,30,"[4, 4, 2, 5, 3, 1, 3, 3, 4, 3, 3, 3, 4, 3, 3, 3, 5, 4, 4, 3, 3, 5, 4, 4, 3, 4, 4, 3, 3, 4]"
Dale,2.4138,1.0345,29,"[1, 1, 2, 5, 2, 2, 2, 3, 1, 3, 3, 2, 1, 3, 3, 3, 3, 4, 3, 3, 1, 2, 3, 1, 1, 3, 3, 4, 2]"
Dan Aykroyd,2.9333,1.1235,30,"[3, 4, 3, 3, 4, 4, 3, 5, 4, 3, 4, 3, 3, 4, 4, 4, 1, 1, 1, 1, 3, 3, 4, 3, 1, 3, 3, 1, 2, 3]"
Daniel,3.0882,0.9508,34,"[3, 3, 3, 3, 3, 3, 5, 1, 4, 3, 1, 3, 3, 4, 3, 4, 1, 3, 3, 3, 3, 3, 2, 3, 3, 4, 5, 4, 5, 3, 3, 2, 3, 3]"
Danielle Steel,3.0,1.1255,30,"[1, 1, 4, 4, 1, 3, 3, 3, 1, 3, 4, 4, 1, 4, 4, 4, 3, 4, 4, 3, 1, 4, 3, 3, 4, 4, 2, 4, 3, 3]"
Darren,2.8333,0.8596,30,"[2, 1, 3, 3, 4, 1, 3, 3, 3, 1, 3, 3, 3, 3, 1, 3, 3, 3, 4, 2, 4, 3, 3, 3, 3, 4, 4, 3, 3, 3]"
David Beckham,3.4333,1.0858,30,"[4, 5, 5, 5, 4, 1, 3, 3, 4, 3, 3, 4, 4, 3, 3, 5, 1, 2, 4, 4, 3, 2, 5, 4, 2, 3, 3, 3, 4, 4]"
David Hasselhoff,2.9,1.0755,30,"[3, 4, 4, 4, 4, 3, 3, 3, 1, 1, 3, 3, 3, 4, 4, 4, 1, 1, 3, 1, 3, 3, 4, 3, 1, 4, 4, 2, 3, 3]"
Deion Sanders,3.1471,1.0039,34,"[3, 3, 4, 3, 3, 4, 5, 1, 5, 4, 3, 3, 3, 3, 4, 3, 4, 3, 3, 1, 4, 3, 2, 3, 4, 4, 1, 3, 1, 4, 3, 4, 3, 3]"
Demi Moore,3.3793,1.1571,29,"[1, 3, 3, 4, 2, 4, 5, 2, 1, 4, 4, 2, 5, 4, 3, 4, 3, 4, 1, 3, 5, 4, 3, 4, 4, 4, 4, 3, 5]"
Denise,2.6667,0.7888,30,"[2, 2, 3, 3, 3, 1, 3, 3, 4, 2, 3, 3, 3, 3, 1, 3, 3, 3, 1, 1, 4, 3, 3, 3, 3, 3, 2, 3, 3, 3]"
Denzel Washington,2.9655,1.2452,29,"[1, 3, 3, 2, 4, 1, 1, 3, 4, 3, 4, 4, 3, 5, 1, 5, 2, 3, 5, 3, 3, 4, 1, 1, 4, 4, 3, 3, 3]"
Derek Sanderson,2.9333,1.0625,30,"[1, 3, 3, 4, 3, 3, 3, 3, 2, 5, 5, 3, 3, 2, 1, 3, 1, 3, 3, 3, 1, 5, 3, 3, 3, 3, 3, 2, 4, 4]"
Diazepam,2.5,0.9574,30,"[1, 3, 3, 2, 1, 3, 3, 1, 3, 3, 2, 4, 3, 2, 3, 3, 4, 2, 1, 3, 2, 3, 3, 1, 2, 1, 2, 3, 4, 4]"
Diego,2.8621,0.7299,29,"[3, 4, 3, 3, 1, 3, 3, 3, 2, 4, 3, 3, 3, 1, 1, 3, 3, 3, 3, 4, 3, 3, 3, 3, 3, 3, 3, 3, 3]"
Diego Rivera,2.9333,0.8919,30,"[3, 4, 1, 3, 3, 3, 2, 3, 3, 2, 3, 3, 4, 3, 1, 1, 4, 4, 2, 4, 4, 3, 4, 3, 4, 3, 2, 3, 3, 3]"
Dmitri Shostakovich,2.3103,0.8751,29,"[1, 1, 3, 3, 2, 2, 1, 3, 1, 2, 3, 3, 1, 3, 3, 3, 3, 3, 3, 3, 1, 3, 3, 1, 1, 2, 3, 3, 3]"
Don,2.4828,0.8952,29,"[1, 3, 3, 3, 4, 1, 1, 3, 3, 3, 2, 3, 3, 3, 1, 3, 3, 3, 3, 3, 3, 1, 2, 1, 3, 3, 3, 1, 3]"
Don Johnson,2.7586,1.0053,29,"[3, 3, 3, 2, 3, 5, 1, 3, 3, 3, 2, 3, 3, 3, 1, 5, 3, 3, 1, 3, 3, 3, 1, 1, 3, 3, 3, 4, 3]"
Donald,2.2759,0.8669,29,"[1, 3, 3, 2, 2, 1, 1, 3, 3, 3, 2, 3, 3, 3, 1, 3, 2, 3, 1, 3, 3, 1, 2, 1, 3, 3, 3, 1, 3]"
Drew,2.4483,0.8939,29,"[1, 1, 3, 3, 3, 2, 1, 3, 1, 3, 3, 3, 1, 3, 3, 3, 3, 3, 3, 3, 1, 2, 3, 2, 1, 3, 3, 3, 4]"
Duane,2.3667,0.875,30,"[3, 1, 3, 4, 2, 2, 3, 3, 3, 2, 1, 3, 3, 3, 3, 3, 2, 1, 2, 1, 3, 3, 3, 3, 1, 1, 3, 1, 2, 3]"
Dustin,2.6667,0.83,30,"[1, 3, 3, 3, 1, 3, 3, 3, 2, 3, 4, 3, 3, 3, 1, 3, 3, 3, 3, 3, 1, 4, 3, 3, 3, 3, 3, 2, 1, 3]"
Ecuador,2.8333,1.0672,30,"[3, 1, 3, 4, 3, 3, 4, 3, 3, 2, 4, 3, 3, 3, 2, 1, 2, 4, 2, 1, 4, 4, 5, 3, 1, 4, 3, 1, 3, 3]"
Eddie,2.6667,0.7888,30,"[4, 3, 2, 2, 3, 1, 3, 3, 2, 3, 3, 3, 4, 3, 3, 1, 1, 2, 3, 3, 3, 3, 3, 3, 3, 3, 3, 3, 1, 3]"
Edouard Manet,2.5172,0.9692,29,"[1, 2, 2, 3, 2, 2, 1, 3, 1, 4, 3, 3, 1, 4, 3, 3, 2, 4, 3, 3, 1, 3, 2, 4, 1, 3, 3, 3, 3]"
Edward Norton,3.0,0.9309,30,"[3, 2, 4, 3, 3, 1, 4, 3, 4, 4, 3, 3, 3, 3, 5, 1, 5, 2, 2, 3, 3, 3, 4, 3, 3, 3, 2, 3, 3, 2]"
Egypt,3.4,1.1136,30,"[4, 3, 4, 4, 2, 4, 3, 4, 1, 4, 5, 5, 4, 2, 3, 2, 3, 4, 4, 3, 4, 5, 5, 3, 5, 3, 3, 2, 1, 3]"
El Paso,2.5,0.9916,30,"[3, 4, 3, 4, 3, 2, 3, 3, 1, 1, 2, 3, 3, 2, 4, 2, 2, 2, 2, 1, 3, 2, 5, 3, 1, 2, 2, 1, 3, 3]"
El Salvador,3.1667,1.0355,30,"[4, 3, 3, 3, 1, 3, 3, 5, 1, 3, 3, 5, 3, 3, 3, 3, 3, 4, 4, 3, 5, 5, 4, 3, 3, 3, 3, 2, 1, 3]"
Eli,2.7667,0.8439,30,"[3, 3, 3, 4, 3, 3, 4, 3, 3, 3, 4, 3, 3, 3, 2, 4, 2, 1, 2, 2, 2, 3, 3, 3, 1, 4, 3, 1, 2, 3]"
Elizabeth I,2.9412,1.1099,34,"[3, 3, 4, 4, 5, 1, 5, 1, 3, 1, 4, 3, 2, 4, 3, 3, 1, 3, 3, 1, 3, 3, 3, 3, 2, 4, 4, 3, 1, 4, 3, 4, 3, 3]"
Emanuel,2.6,1.0832,30,"[1, 3, 1, 1, 1, 3, 3, 3, 3, 3, 1, 4, 3, 3, 3, 4, 1, 4, 2, 3, 4, 2, 3, 3, 1, 4, 3, 4, 1, 3]"
Emery,2.5,0.9574,30,"[2, 2, 1, 3, 4, 1, 2, 3, 1, 1, 3, 3, 3, 3, 1, 1, 3, 3, 1, 3, 3, 3, 3, 4, 3, 3, 2, 3, 3, 4]"
Emile,2.7333,0.8537,30,"[4, 3, 2, 3, 3, 4, 3, 3, 2, 3, 4, 4, 3, 3, 3, 1, 1, 2, 3, 3, 3, 3, 2, 3, 3, 3, 3, 3, 1, 1]"
Emiliano Zapata,2.5,0.9574,30,"[3, 1, 3, 4, 3, 3, 4, 3, 3, 2, 2, 3, 4, 3, 4, 1, 3, 1, 2, 2, 2, 3, 2, 3, 1, 1, 3, 1, 2, 3]"
Emily,2.7241,1.111,29,"[1, 3, 3, 3, 4, 1, 1, 3, 4, 3, 1, 3, 3, 3, 4, 3, 2, 3, 4, 3, 3, 4, 1, 1, 3, 5, 3, 1, 3]"
Eminem,3.4828,1.5227,29,"[1, 2, 5, 1, 4, 4, 5, 5, 1, 5, 4, 5, 1, 2, 3, 5, 4, 4, 1, 3, 1, 3, 4, 5, 5, 5, 4, 4, 5]"
Eric,2.4828,0.8952,29,"[4, 3, 3, 3, 4, 1, 1, 3, 3, 3, 2, 3, 3, 3, 2, 2, 2, 3, 1, 3, 3, 1, 2, 1, 3, 3, 3, 1, 3]"
Erma,2.4286,0.9422,28,"[1, 3, 2, 3, 4, 1, 1, 3, 3, 3, 1, 3, 3, 2, 2, 3, 2, 3, 3, 3, 3, 1, 1, 3, 4, 3, 1, 3]"
Erwin Schrodinger,3.1,1.044,30,"[2, 3, 3, 1, 3, 5, 3, 3, 4, 5, 4, 4, 3, 3, 3, 3, 2, 3, 5, 3, 1, 4, 4, 3, 3, 3, 3, 2, 1, 4]"
Estradiol,2.5862,1.0345,29,"[1, 3, 3, 3, 4, 1, 1, 3, 1, 3, 1, 3, 3, 3, 1, 3, 3, 4, 2, 3, 2, 3, 3, 1, 3, 5, 3, 3, 3]"
Ethel,2.6176,0.908,34,"[3, 3, 2, 3, 3, 1, 5, 1, 2, 3, 1, 3, 3, 4, 2, 2, 1, 3, 3, 3, 3, 3, 1, 3, 3, 3, 2, 2, 4, 3, 3, 2, 3, 3]"
Eugene Delacroix,2.4828,1.1024,29,"[1, 1, 2, 3, 2, 2, 1, 3, 1, 4, 3, 2, 1, 3, 3, 3, 3, 4, 3, 3, 1, 3, 1, 5, 1, 4, 3, 3, 3]"
Europe,3.8,0.9452,30,"[3, 4, 4, 5, 4, 1, 3, 3, 4, 3, 4, 5, 3, 5, 4, 4, 4, 5, 3, 4, 3, 2, 5, 4, 4, 4, 4, 3, 5, 5]"
Eva,2.9667,0.9123,30,"[4, 4, 3, 3, 5, 1, 2, 4, 3, 2, 4, 3, 3, 3, 1, 2, 3, 3, 3, 2, 5, 3, 3, 3, 3, 3, 2, 3, 3, 3]"
Excedrin,2.5667,0.8035,30,"[1, 3, 2, 3, 2, 3, 3, 3, 2, 2, 2, 5, 3, 2, 3, 4, 3, 3, 2, 2, 3, 1, 3, 2, 3, 2, 2, 2, 3, 3]"
Fabian,2.8667,0.8055,30,"[4, 3, 3, 3, 2, 1, 3, 3, 3, 4, 3, 2, 3, 3, 1, 1, 3, 3, 3, 3, 4, 4, 4, 3, 3, 3, 2, 3, 3, 3]"
Ferdinand Magellan,2.6897,1.0861,29,"[1, 4, 3, 4, 3, 2, 1, 3, 1, 4, 3, 3, 1, 3, 3, 3, 4, 4, 4, 3, 1, 3, 3, 4, 1, 1, 2, 3, 3]"
Fernanda,2.5862,0.8102,29,"[3, 1, 3, 4, 3, 3, 3, 3, 3, 3, 2, 3, 3, 3, 2, 2, 2, 2, 1, 3, 3, 3, 3, 1, 4, 3, 1, 2, 3]"
Finley,2.5333,0.8459,30,"[4, 2, 3, 3, 3, 1, 3, 3, 2, 1, 3, 3, 3, 3, 1, 2, 1, 2, 1, 3, 3, 3, 4, 3, 3, 3, 2, 3, 3, 2]"
Fleetwood Mac,3.1724,1.2054,29,"[1, 3, 3, 1, 2, 2, 4, 4, 1, 4, 3, 2, 5, 3, 3, 5, 3, 4, 1, 3, 4, 4, 4, 4, 4, 5, 4, 2, 4]"
Flora,2.5667,0.9195,30,"[3, 3, 3, 4, 3, 3, 3, 3, 2, 2, 4, 3, 1, 3, 3, 1, 3, 1, 2, 4, 2, 3, 3, 2, 1, 4, 2, 1, 2, 3]"
Florence,3.2667,0.9638,30,"[3, 3, 2, 3, 3, 4, 3, 3, 5, 4, 4, 4, 4, 3, 3, 1, 4, 5, 4, 3, 3, 3, 2, 3, 3, 4, 3, 3, 1, 5]"
France,3.3667,1.0796,30,"[3, 5, 3, 4, 4, 3, 4, 3, 5, 4, 5, 3, 4, 3, 3, 1, 3, 2, 2, 3, 5, 5, 4, 3, 1, 4, 4, 2, 3, 3]"
Francesca,2.931,1.0482,29,"[1, 3, 3, 3, 4, 1, 1, 3, 4, 3, 2, 4, 3, 4, 3, 4, 2, 3, 4, 3, 4, 3, 2, 1, 3, 5, 4, 2, 3]"
Francisco,3.1212,0.769,33,"[3, 3, 3, 3, 3, 3, 4, 3, 4, 3, 3, 3, 4, 4, 4, 1, 4, 3, 1, 3, 3, 2, 3, 3, 3, 3, 4, 5, 3, 3, 3, 3, 3]"
Frank Sinatra,3.0333,1.0483,30,"[3, 3, 4, 4, 3, 1, 5, 3, 3, 2, 2, 4, 4, 4, 4, 1, 3, 2, 4, 1, 3, 2, 3, 4, 3, 4, 4, 2, 2, 4]"
Franklin,2.4667,0.9214,30,"[4, 3, 2, 2, 3, 1, 3, 3, 1, 3, 2, 4, 4, 3, 3, 1, 1, 2, 2, 3, 3, 2, 1, 3, 2, 3, 3, 3, 1, 3]"
Franz Schubert,2.8667,0.9214,30,"[4, 3, 3, 4, 3, 1, 3, 3, 2, 2, 4, 2, 4, 3, 3, 1, 1, 4, 2, 4, 3, 3, 2, 4, 2, 3, 3, 3, 4, 3]"
Freesia,3.1333,0.718,30,"[4, 3, 2, 4, 3, 4, 3, 3, 2, 3, 4, 2, 4, 3, 3, 1, 4, 4, 3, 3, 3, 3, 4, 3, 3, 3, 4, 3, 3, 3]"
Friday,4.0,0.8944,30,"[5, 3, 4, 5, 4, 4, 4, 5, 4, 3, 5, 5, 4, 4, 4, 3, 4, 5, 5, 2, 2, 5, 5, 3, 4, 3, 3, 4, 5, 4]"
Fuchsia,3.1333,1.0562,30,"[1, 4, 5, 3, 1, 4, 2, 3, 3, 3, 4, 2, 2, 3, 1, 3, 4, 4, 4, 3, 5, 4, 2, 3, 3, 3, 4, 4, 4, 3]"
Gabriel,2.6667,1.1643,30,"[3, 1, 3, 4, 4, 2, 3, 3, 3, 1, 3, 3, 3, 3, 2, 1, 5, 2, 2, 1, 4, 3, 4, 3, 1, 5, 3, 1, 1, 3]"
Galileo Galilei,2.8667,1.2579,30,"[2, 1, 1, 4, 3, 4, 5, 3, 4, 4, 5, 3, 4, 3, 5, 2, 2, 1, 3, 2, 2, 3, 3, 3, 1, 1, 2, 5, 2, 3]"
Garrett,2.7333,0.9286,30,"[1, 3, 3, 4, 1, 3, 3, 2, 3, 3, 2, 4, 3, 3, 3, 3, 3, 3, 4, 4, 3, 4, 3, 3, 1, 3, 3, 2, 1, 1]"
Gary,2.7,0.8226,30,"[1, 3, 3, 2, 1, 3, 3, 3, 3, 3, 1, 4, 3, 3, 3, 3, 3, 2, 4, 3, 4, 2, 3, 3, 1, 3, 3, 2, 3, 3]"
Genesis,3.3824,0.9706,34,"[3, 3, 4, 3, 5, 4, 3, 3, 2, 2, 4, 2, 3, 3, 4, 4, 4, 4, 3, 1, 4, 3, 5, 3, 4, 4, 5, 4, 4, 3, 4, 4, 1, 3]"
Genevieve,2.9333,0.9978,30,"[4, 3, 2, 4, 3, 1, 3, 3, 3, 3, 5, 2, 4, 3, 3, 1, 4, 4, 4, 3, 3, 3, 2, 3, 3, 3, 4, 3, 1, 1]"
Geoffrey,2.5,0.8062,30,"[3, 3, 2, 3, 3, 1, 3, 3, 1, 3, 2, 2, 3, 3, 3, 1, 1, 4, 3, 3, 3, 3, 2, 3, 2, 3, 3, 3, 1, 2]"
George Clooney,3.2143,1.1759,28,"[4, 1, 4, 4, 4, 5, 1, 3, 4, 3, 4, 3, 3, 4, 1, 5, 3, 3, 2, 3, 3, 2, 1, 4, 4, 3, 5, 4]"
Gerald,2.5333,0.763,30,"[2, 2, 3, 1, 3, 3, 3, 3, 2, 2, 4, 3, 3, 3, 1, 3, 1, 3, 3, 3, 2, 3, 3, 3, 3, 3, 3, 2, 2, 1]"
Gertrude,2.3448,1.0595,29,"[1, 1, 3, 3, 4, 2, 2, 2, 1, 5, 3, 2, 1, 2, 3, 3, 3, 4, 3, 3, 1, 2, 2, 1, 1, 3, 3, 3, 1]"
Gioacchino Rossini,2.5862,1.0345,29,"[1, 1, 3, 3, 1, 2, 4, 3, 1, 4, 3, 2, 2, 3, 3, 3, 3, 2, 3, 3, 1, 4, 3, 2, 1, 5, 3, 3, 3]"
Gordon,2.7647,0.8765,34,"[3, 2, 2, 3, 3, 3, 5, 1, 3, 3, 1, 3, 3, 3, 2, 3, 1, 3, 3, 2, 3, 3, 1, 3, 3, 4, 2, 4, 4, 3, 3, 3, 3, 3]"
Greece,3.6,0.8794,30,"[3, 4, 3, 5, 4, 1, 3, 3, 4, 3, 4, 4, 4, 3, 3, 4, 5, 5, 3, 3, 3, 3, 4, 4, 4, 3, 3, 3, 5, 5]"
Gregor Mendel,2.9,1.044,30,"[3, 4, 1, 3, 3, 1, 2, 3, 5, 2, 3, 3, 3, 3, 1, 1, 4, 4, 5, 3, 2, 3, 3, 3, 3, 4, 2, 3, 3, 4]"
Guy,2.8333,0.7782,30,"[1, 3, 3, 2, 3, 2, 3, 2, 3, 3, 4, 3, 3, 3, 2, 3, 3, 3, 3, 3, 3, 3, 4, 3, 5, 3, 3, 2, 1, 3]"
Hammurabi,2.7333,1.0934,30,"[1, 3, 1, 3, 2, 3, 3, 3, 3, 2, 1, 5, 3, 1, 3, 4, 3, 3, 3, 3, 5, 4, 3, 2, 1, 4, 3, 3, 1, 3]"
Hank Aaron,3.0,1.2111,30,"[4, 4, 3, 4, 4, 3, 3, 3, 2, 1, 3, 3, 3, 4, 4, 4, 2, 1, 1, 1, 5, 4, 5, 3, 1, 2, 3, 5, 2, 3]"
Hanukkah,3.1,1.2207,30,"[3, 2, 2, 1, 1, 4, 4, 3, 4, 5, 3, 4, 3, 3, 3, 3, 1, 5, 2, 1, 2, 2, 4, 3, 5, 5, 3, 4, 4, 4]"
Harrison Ford,3.4667,1.0242,30,"[3, 4, 4, 4, 4, 4, 5, 3, 4, 1, 5, 3, 4, 4, 4, 5, 3, 1, 3, 2, 4, 4, 4, 3, 4, 2, 4, 2, 4, 3]"
Havana,3.3448,0.9922,29,"[1, 4, 3, 4, 5, 2, 2, 3, 2, 5, 3, 2, 4, 3, 3, 5, 4, 4, 4, 3, 5, 3, 3, 3, 3, 3, 4, 3, 4]"
Heath Ledger,3.6364,0.9151,33,"[5, 4, 4, 4, 4, 3, 3, 2, 5, 4, 3, 5, 3, 4, 4, 1, 4, 3, 4, 5, 4, 2, 3, 4, 3, 4, 4, 5, 4, 3, 4, 3, 3]"
Hector Berlioz,2.6207,0.9618,29,"[3, 3, 3, 3, 4, 1, 1, 3, 4, 4, 2, 3, 3, 3, 1, 4, 3, 3, 1, 3, 3, 1, 2, 1, 3, 3, 3, 2, 3]"
Helsinki,2.8333,0.969,30,"[3, 1, 3, 4, 3, 3, 3, 3, 4, 2, 4, 3, 3, 3, 3, 2, 2, 2, 2, 4, 2, 5, 4, 3, 1, 1, 3, 2, 4, 3]"
Henri Matisse,3.0333,1.1101,30,"[3, 3, 2, 5, 4, 1, 2, 3, 4, 2, 4, 3, 4, 3, 3, 1, 1, 5, 2, 4, 3, 4, 3, 4, 3, 3, 4, 3, 4, 1]"
Holland,2.9333,0.8919,30,"[1, 3, 3, 4, 4, 2, 3, 3, 3, 3, 3, 5, 3, 2, 3, 3, 3, 4, 4, 3, 2, 3, 4, 3, 1, 3, 3, 3, 1, 3]"
Holly,2.8333,1.0028,30,"[3, 1, 3, 4, 3, 3, 3, 3, 4, 1, 5, 3, 3, 3, 2, 3, 3, 2, 4, 5, 2, 3, 3, 3, 1, 3, 3, 1, 2, 3]"
Howard,2.3667,0.9826,30,"[1, 1, 3, 2, 1, 3, 3, 3, 2, 3, 2, 4, 3, 3, 1, 4, 3, 2, 2, 3, 1, 1, 3, 3, 1, 2, 3, 4, 1, 3]"
Hudson Bay,3.0333,0.9123,30,"[2, 3, 3, 4, 1, 2, 4, 3, 3, 4, 5, 3, 3, 3, 3, 3, 3, 3, 3, 2, 2, 4, 4, 3, 4, 3, 4, 4, 1, 2]"
Huntington's disease,2.3103,1.3158,29,"[1, 1, 4, 1, 4, 1, 1, 3, 4, 2, 1, 1, 4, 1, 1, 2, 1, 4, 1, 3, 3, 1, 3, 4, 3, 1, 3, 5, 3]"
Iceland,3.069,0.9071,29,"[4, 4, 3, 4, 3, 4, 2, 3, 4, 2, 2, 3, 3, 3, 1, 3, 4, 5, 3, 4, 1, 3, 3, 3, 4, 3, 3, 2, 3]"
Igor Stravinsky,3.3,1.005,30,"[3, 4, 3, 4, 1, 3, 3, 3, 4, 4, 5, 4, 3, 4, 2, 3, 2, 3, 3, 5, 1, 4, 4, 3, 3, 5, 3, 2, 4, 4]"
Imhotep,3.1,0.8699,30,"[3, 4, 3, 3, 3, 2, 4, 3, 3, 3, 3, 3, 5, 3, 1, 3, 1, 4, 4, 3, 4, 3, 3, 3, 3, 5, 2, 3, 3, 3]"
Indianapolis,2.5,0.9916,30,"[3, 4, 3, 4, 4, 3, 3, 3, 3, 1, 2, 2, 3, 3, 2, 2, 2, 1, 2, 1, 2, 3, 2, 3, 1, 5, 1, 2, 2, 3]"
Indonesia,3.2667,1.0306,30,"[4, 4, 3, 3, 4, 3, 4, 3, 3, 1, 2, 2, 4, 3, 1, 3, 3, 4, 4, 4, 2, 4, 3, 3, 2, 5, 5, 3, 5, 4]"
Inez,2.6207,1.0639,29,"[1, 3, 3, 3, 4, 1, 1, 3, 4, 3, 2, 3, 3, 3, 2, 3, 2, 3, 5, 3, 4, 1, 2, 1, 3, 4, 1, 2, 3]"
Ingrid,3.0303,1.0584,33,"[3, 3, 2, 3, 3, 4, 3, 1, 3, 1, 2, 3, 4, 4, 2, 1, 3, 3, 5, 3, 3, 4, 3, 3, 4, 1, 5, 5, 3, 3, 4, 3, 3]"
Iowa,2.1724,0.9494,29,"[1, 2, 2, 1, 2, 3, 3, 3, 2, 3, 5, 2, 3, 3, 2, 3, 2, 1, 3, 2, 1, 2, 1, 3, 3, 2, 1, 1, 1]"
Irving Wallace,2.3,1.0693,30,"[1, 1, 1, 2, 3, 1, 2, 2, 3, 1, 4, 3, 2, 1, 3, 3, 3, 2, 4, 3, 3, 1, 4, 3, 1, 1, 4, 3, 3, 1]"
Istanbul,3.4333,1.0225,30,"[3, 3, 2, 5, 3, 1, 3, 3, 2, 3, 5, 3, 3, 3, 2, 3, 5, 5, 4, 4, 3, 4, 4, 4, 3, 3, 4, 3, 5, 5]"
Ivan,2.8,0.7916,30,"[3, 3, 4, 1, 2, 3, 3, 3, 3, 2, 5, 3, 3, 3, 2, 4, 2, 3, 3, 3, 2, 3, 3, 3, 3, 3, 3, 2, 1, 3]"
Jack Dempsey,3.1333,0.8844,30,"[3, 4, 3, 5, 2, 3, 3, 4, 3, 3, 5, 4, 3, 4, 2, 3, 2, 3, 2, 3, 1, 4, 4, 3, 3, 3, 3, 2, 4, 3]"
Jack London,2.8966,1.0937,29,"[1, 1, 3, 5, 4, 2, 2, 3, 3, 4, 3, 4, 4, 3, 3, 4, 4, 2, 3, 3, 1, 4, 3, 1, 1, 3, 4, 3, 3]"
Jack Nicholson,3.4333,1.116,30,"[3, 5, 3, 5, 5, 5, 5, 3, 2, 3, 3, 4, 4, 3, 4, 1, 1, 4, 3, 4, 4, 3, 5, 4, 3, 3, 2, 3, 4, 2]"
Jack the Ripper,4.0345,1.129,29,"[4, 4, 5, 4, 5, 5, 2, 3, 5, 1, 5, 4, 5, 4, 5, 5, 3, 4, 4, 4, 4, 3, 4, 5, 1, 4, 5, 5, 5]"
Jackie,2.5333,1.1757,30,"[1, 1, 3, 1, 1, 3, 3, 5, 3, 3, 2, 4, 3, 3, 1, 4, 3, 3, 1, 3, 3, 3, 3, 3, 1, 1, 3, 5, 1, 2]"
Jacksonville,3.0,0.8563,30,"[1, 3, 3, 3, 2, 3, 3, 3, 2, 3, 4, 5, 3, 4, 4, 4, 3, 3, 4, 3, 3, 3, 4, 3, 3, 3, 2, 2, 1, 3]"
Jaidyn,2.8214,0.9279,28,"[3, 3, 3, 3, 4, 1, 1, 3, 3, 3, 5, 3, 3, 3, 3, 2, 3, 3, 3, 3, 3, 2, 1, 3, 5, 2, 2, 3]"
Jakarta,2.8276,0.8737,29,"[4, 3, 3, 3, 4, 1, 1, 3, 4, 3, 3, 3, 3, 3, 2, 3, 2, 3, 3, 3, 4, 3, 1, 1, 3, 3, 4, 3, 3]"
James Cagney,3.0588,0.9684,34,"[3, 3, 3, 3, 3, 3, 5, 1, 5, 3, 4, 3, 3, 4, 4, 3, 1, 3, 3, 1, 4, 3, 3, 3, 4, 4, 2, 3, 1, 4, 3, 3, 3, 3]"
James Dean,3.3793,1.2152,29,"[1, 4, 1, 3, 1, 2, 5, 4, 3, 5, 4, 3, 1, 3, 3, 5, 4, 4, 4, 3, 4, 4, 3, 4, 4, 3, 5, 3, 5]"
James Madison,2.7576,0.9221,33,"[3, 3, 3, 3, 3, 1, 5, 3, 2, 3, 3, 1, 4, 2, 3, 1, 3, 3, 1, 3, 3, 3, 3, 2, 4, 2, 2, 4, 4, 3, 2, 3, 3]"
James Monroe,2.6333,0.9123,30,"[3, 1, 1, 3, 5, 1, 3, 3, 2, 2, 3, 3, 4, 3, 1, 3, 3, 3, 1, 3, 3, 3, 3, 3, 3, 3, 2, 3, 3, 2]"
Jamie,2.6667,0.7454,30,"[3, 2, 3, 3, 3, 1, 2, 3, 3, 1, 3, 3, 3, 3, 1, 3, 3, 3, 1, 3, 4, 3, 3, 3, 3, 3, 2, 3, 3, 3]"
Janine,2.8667,0.763,30,"[3, 3, 2, 4, 3, 4, 3, 3, 3, 3, 3, 3, 3, 3, 3, 1, 4, 1, 4, 3, 3, 3, 3, 3, 3, 3, 3, 3, 1, 2]"
Jay Leno,3.0333,1.0483,30,"[2, 3, 4, 4, 2, 3, 3, 3, 3, 4, 5, 2, 3, 3, 4, 3, 3, 4, 1, 1, 1, 4, 4, 3, 3, 3, 4, 4, 1, 4]"
Jean-Jacques Rousseau,2.7,1.005,30,"[2, 4, 1, 3, 4, 3, 2, 3, 3, 1, 3, 3, 5, 3, 1, 1, 2, 3, 2, 2, 4, 3, 3, 3, 3, 3, 1, 3, 4, 3]"
Jennifer Anniston,4.0882,0.8177,34,"[5, 4, 5, 3, 5, 5, 5, 3, 5, 5, 3, 3, 3, 4, 4, 3, 5, 5, 3, 5, 4, 4, 4, 3, 4, 4, 5, 4, 5, 4, 5, 4, 3, 3]"
Jerry Seinfeld,3.3103,1.1478,29,"[1, 2, 4, 3, 3, 4, 4, 3, 1, 4, 3, 3, 1, 2, 3, 5, 4, 4, 2, 3, 5, 3, 5, 4, 4, 5, 3, 4, 4]"
Jim Carrey,3.8966,1.1845,29,"[1, 3, 4, 3, 5, 4, 5, 4, 5, 5, 4, 5, 1, 2, 3, 5, 4, 4, 4, 3, 4, 4, 5, 5, 5, 5, 2, 4, 5]"
Jim Thorpe,2.7931,0.9958,29,"[1, 3, 3, 3, 4, 2, 1, 3, 4, 3, 1, 3, 3, 3, 1, 4, 2, 4, 4, 3, 4, 4, 2, 1, 3, 3, 3, 3, 3]"
Jimmy Carter,2.4333,1.0225,30,"[3, 1, 2, 3, 3, 3, 3, 3, 2, 1, 2, 3, 4, 2, 4, 4, 1, 1, 2, 2, 4, 2, 4, 3, 1, 1, 3, 1, 2, 3]"
Jo,2.5333,0.763,30,"[3, 2, 3, 3, 3, 1, 2, 3, 3, 1, 3, 3, 3, 3, 1, 2, 3, 3, 1, 3, 3, 3, 3, 3, 3, 3, 1, 3, 3, 2]"
Joan of Arc,3.5517,1.1013,29,"[1, 5, 1, 4, 4, 2, 3, 4, 4, 5, 4, 4, 4, 4, 3, 5, 4, 4, 3, 3, 1, 4, 3, 4, 5, 4, 4, 4, 3]"
Jodie Foster,3.1379,1.1663,29,"[1, 4, 3, 1, 2, 3, 5, 4, 1, 4, 3, 4, 4, 4, 3, 4, 3, 4, 4, 3, 1, 3, 3, 3, 1, 4, 5, 3, 4]"
Joe,2.1667,1.0028,30,"[3, 1, 3, 4, 3, 2, 4, 3, 1, 1, 2, 3, 3, 3, 1, 1, 3, 1, 2, 1, 2, 1, 3, 3, 1, 1, 3, 1, 2, 3]"
Johann Wolfgang von Goethe,2.9394,1.0427,33,"[3, 3, 1, 4, 4, 1, 4, 1, 2, 3, 3, 3, 4, 3, 2, 1, 3, 3, 2, 3, 3, 1, 3, 4, 4, 5, 4, 4, 4, 3, 3, 3, 3]"
John Adams,2.5357,1.1175,28,"[1, 1, 1, 4, 5, 2, 4, 3, 3, 4, 3, 2, 3, 3, 2, 1, 4, 3, 3, 1, 3, 2, 1, 1, 3, 3, 3, 2]"
John Bunyan,2.4333,0.9551,30,"[3, 1, 3, 4, 3, 3, 3, 3, 4, 1, 4, 3, 3, 3, 2, 3, 2, 1, 2, 3, 2, 3, 1, 3, 1, 1, 2, 1, 2, 3]"
John Keats,2.4333,0.9195,30,"[3, 1, 4, 4, 3, 2, 3, 3, 2, 2, 2, 3, 3, 3, 2, 2, 2, 1, 2, 1, 4, 3, 3, 3, 1, 1, 3, 1, 3, 3]"
John Quincy Adams,2.9412,0.9375,34,"[3, 4, 1, 3, 4, 1, 5, 3, 3, 3, 3, 3, 2, 3, 3, 3, 1, 3, 3, 1, 3, 3, 3, 3, 3, 4, 3, 3, 5, 4, 3, 2, 3, 3]"
Johnny Depp,3.9706,0.9544,34,"[5, 5, 5, 4, 5, 5, 5, 5, 5, 4, 5, 3, 4, 4, 4, 3, 1, 4, 3, 4, 5, 4, 3, 3, 4, 3, 4, 5, 5, 4, 3, 3, 3, 3]"
Jon Stewart,3.3571,1.0425,28,"[3, 3, 3, 5, 4, 3, 3, 3, 2, 4, 4, 5, 4, 3, 5, 4, 2, 3, 1, 4, 3, 3, 3, 1, 5, 3, 4, 4]"
Jonathan,2.4,1.0198,30,"[3, 1, 3, 4, 3, 3, 4, 3, 2, 1, 2, 3, 3, 3, 1, 2, 2, 1, 2, 1, 2, 3, 3, 3, 1, 4, 4, 1, 1, 3]"
Jordan,3.0303,0.7171,33,"[3, 3, 2, 3, 3, 3, 3, 4, 3, 1, 4, 3, 4, 3, 3, 4, 3, 3, 5, 3, 3, 2, 3, 3, 3, 2, 2, 4, 3, 3, 3, 3, 3]"
Jorge Luis Borges,2.9118,0.9508,34,"[3, 3, 3, 4, 5, 3, 5, 1, 2, 3, 3, 3, 3, 4, 3, 4, 1, 3, 3, 2, 3, 3, 1, 3, 3, 4, 2, 3, 1, 3, 3, 3, 3, 3]"
Joseph Heller,3.0,0.9309,30,"[4, 3, 2, 4, 3, 1, 3, 3, 3, 3, 4, 4, 4, 3, 3, 1, 1, 5, 3, 4, 3, 3, 2, 3, 2, 3, 3, 3, 4, 3]"
Josh Hartnett,2.9286,1.1316,28,"[3, 3, 3, 1, 3, 1, 1, 3, 5, 3, 4, 3, 3, 5, 4, 4, 3, 1, 3, 3, 3, 2, 1, 5, 3, 3, 3, 3]"
Joshua Jackson,2.8333,0.8596,30,"[1, 3, 3, 5, 1, 3, 3, 3, 2, 3, 3, 4, 3, 3, 3, 3, 3, 2, 4, 3, 2, 4, 3, 3, 2, 3, 3, 3, 1, 3]"
Julia Roberts,3.6765,0.9305,34,"[4, 3, 4, 3, 5, 4, 5, 2, 4, 4, 4, 2, 3, 4, 4, 3, 1, 4, 3, 5, 4, 4, 3, 3, 4, 3, 5, 5, 5, 4, 4, 4, 3, 3]"
Julius Erving,3.0667,0.8919,30,"[4, 3, 4, 4, 3, 1, 3, 3, 3, 3, 4, 4, 4, 3, 3, 1, 1, 3, 2, 4, 3, 3, 4, 4, 4, 3, 3, 3, 3, 2]"
July,3.4667,0.8844,30,"[3, 2, 4, 5, 1, 3, 3, 3, 4, 5, 5, 4, 3, 3, 3, 3, 4, 3, 4, 2, 3, 3, 4, 3, 4, 4, 4, 4, 4, 4]"
Katherine,2.7,0.8622,30,"[2, 1, 3, 4, 3, 3, 3, 3, 1, 3, 5, 3, 3, 3, 1, 3, 2, 3, 3, 3, 1, 3, 3, 3, 3, 3, 3, 2, 2, 3]"
Kathleen,2.7931,0.9606,29,"[1, 3, 3, 3, 3, 1, 1, 3, 4, 3, 1, 4, 3, 3, 4, 3, 3, 3, 4, 3, 4, 3, 2, 1, 3, 4, 3, 2, 3]"
Keno,2.8,1.1944,30,"[3, 1, 5, 3, 3, 3, 3, 3, 4, 3, 4, 2, 3, 2, 3, 2, 2, 1, 1, 1, 5, 3, 5, 3, 1, 5, 3, 2, 2, 3]"
Kenya,2.7586,1.0717,29,"[1, 1, 3, 3, 4, 4, 2, 3, 1, 4, 3, 3, 1, 3, 3, 2, 4, 4, 3, 3, 1, 3, 3, 4, 4, 1, 3, 4, 2]"
Kevin Bacon,3.3333,0.9068,30,"[3, 4, 4, 4, 3, 1, 4, 3, 4, 4, 4, 4, 4, 3, 1, 3, 4, 4, 3, 2, 4, 3, 4, 3, 3, 3, 2, 3, 4, 5]"
Kimberly,2.8667,1.147,30,"[1, 1, 3, 2, 1, 3, 3, 5, 3, 3, 1, 5, 3, 3, 3, 4, 3, 3, 1, 3, 4, 4, 3, 3, 3, 3, 3, 5, 1, 3]"
King Arthur,3.5667,0.9894,30,"[1, 3, 4, 5, 4, 3, 3, 5, 4, 3, 4, 5, 3, 3, 3, 4, 4, 5, 4, 4, 1, 5, 3, 3, 4, 4, 3, 3, 4, 3]"
Klonopin,2.3667,1.3287,30,"[3, 3, 3, 1, 4, 3, 3, 3, 4, 5, 1, 1, 1, 3, 1, 4, 1, 1, 4, 1, 1, 4, 1, 1, 4, 1, 2, 4, 2, 1]"
Kristen,2.6667,1.075,30,"[3, 3, 3, 4, 3, 1, 3, 3, 2, 1, 4, 3, 3, 3, 2, 3, 3, 2, 1, 3, 2, 5, 5, 3, 1, 3, 3, 1, 1, 3]"
Kristin,2.7667,1.0225,30,"[3, 3, 3, 4, 3, 2, 4, 3, 3, 2, 4, 3, 3, 3, 2, 3, 3, 1, 2, 4, 3, 5, 4, 3, 1, 1, 3, 1, 1, 3]"
Kurt,3.0606,0.9191,33,"[3, 3, 3, 3, 3, 3, 5, 1, 4, 3, 1, 3, 3, 3, 4, 1, 4, 3, 2, 3, 3, 2, 3, 3, 4, 4, 4, 5, 3, 3, 3, 3, 3]"
Kurt Vonnegut,2.9,1.2207,30,"[4, 1, 3, 4, 3, 4, 4, 5, 4, 2, 5, 3, 4, 4, 4, 2, 3, 1, 2, 1, 3, 4, 2, 3, 1, 1, 3, 1, 3, 3]"
Labor Day,2.9655,1.2726,29,"[2, 1, 1, 3, 2, 3, 1, 3, 1, 4, 4, 3, 1, 4, 3, 5, 3, 4, 5, 3, 5, 4, 4, 3, 1, 3, 4, 4, 2]"
Lake Arrowhead,3.0333,0.875,30,"[3, 4, 4, 3, 5, 3, 4, 3, 2, 4, 3, 3, 3, 3, 1, 2, 4, 3, 3, 3, 4, 3, 3, 3, 3, 4, 2, 2, 1, 3]"
Lake Titicaca,3.2414,0.8966,29,"[1, 3, 4, 3, 4, 2, 1, 3, 4, 3, 4, 4, 3, 4, 3, 4, 3, 3, 4, 3, 4, 4, 2, 3, 3, 4, 3, 5, 3]"
Lance,2.7333,0.9638,30,"[3, 3, 3, 4, 4, 3, 3, 3, 4, 1, 4, 3, 3, 3, 2, 4, 3, 1, 3, 1, 2, 3, 3, 3, 1, 4, 2, 1, 2, 3]"
Laos,3.1667,0.6872,30,"[3, 3, 2, 5, 3, 2, 4, 3, 4, 3, 4, 4, 4, 4, 3, 3, 4, 3, 3, 3, 3, 3, 3, 2, 3, 3, 3, 3, 3, 2]"
Larry Bird,2.6,1.1719,30,"[4, 1, 4, 3, 3, 3, 3, 4, 1, 2, 2, 2, 3, 4, 4, 2, 1, 1, 2, 1, 4, 4, 5, 3, 1, 1, 3, 2, 2, 3]"
Latoya,2.6667,1.0111,30,"[1, 3, 3, 2, 1, 3, 3, 3, 3, 3, 1, 3, 3, 2, 3, 4, 3, 3, 1, 3, 4, 4, 3, 3, 1, 2, 3, 5, 1, 3]"
Laurie,2.9,0.7895,30,"[2, 2, 3, 4, 2, 2, 3, 3, 3, 3, 5, 3, 3, 3, 2, 5, 3, 3, 3, 1, 2, 3, 3, 3, 3, 3, 3, 3, 3, 3]"
Led Zeppelin,3.9333,1.0625,30,"[2, 5, 5, 5, 4, 2, 4, 5, 5, 4, 5, 4, 4, 5, 3, 5, 4, 2, 4, 3, 5, 4, 3, 4, 5, 1, 4, 4, 4, 4]"
Legend of Zelda,4.2414,0.9342,29,"[2, 5, 2, 4, 3, 4, 5, 4, 5, 5, 4, 5, 5, 4, 3, 5, 3, 4, 3, 5, 5, 5, 5, 5, 5, 5, 5, 4, 4]"
Legionnaires' disease,2.7667,1.3828,30,"[4, 5, 4, 1, 4, 3, 1, 4, 2, 4, 5, 2, 3, 4, 3, 2, 1, 1, 5, 1, 2, 3, 1, 5, 1, 1, 3, 2, 3, 3]"
Leo Tolstoy,3.3667,1.0796,30,"[3, 4, 2, 4, 3, 3, 3, 3, 3, 4, 5, 3, 3, 4, 5, 5, 1, 2, 3, 4, 1, 4, 5, 3, 4, 5, 3, 2, 3, 4]"
Leonardo DiCaprio,3.7241,1.0136,29,"[1, 5, 2, 2, 3, 2, 5, 4, 3, 5, 5, 4, 4, 3, 3, 4, 4, 4, 4, 4, 4, 4, 4, 5, 4, 4, 4, 3, 5]"
Leroy,2.7333,0.7272,30,"[2, 3, 3, 1, 3, 3, 3, 3, 4, 3, 4, 3, 3, 3, 2, 3, 3, 3, 3, 1, 1, 3, 3, 3, 3, 3, 3, 2, 2, 3]"
Leviathan,3.1724,1.0194,29,"[4, 4, 3, 1, 5, 5, 3, 2, 2, 4, 4, 3, 3, 1, 2, 4, 3, 4, 3, 3, 4, 3, 3, 3, 3, 3, 3, 5, 2]"
Lima,2.7,1.0376,30,"[1, 3, 1, 3, 2, 3, 3, 3, 2, 3, 1, 5, 3, 1, 3, 4, 3, 3, 4, 3, 4, 4, 3, 3, 1, 3, 3, 2, 1, 3]"
Lindsey,2.9667,0.9481,30,"[4, 3, 1, 3, 3, 4, 3, 3, 3, 3, 4, 4, 4, 3, 3, 1, 5, 3, 2, 3, 3, 3, 3, 3, 3, 3, 4, 3, 1, 1]"
Lisa,2.6333,0.875,30,"[3, 1, 3, 4, 3, 3, 3, 3, 3, 1, 4, 3, 3, 3, 1, 2, 3, 4, 2, 3, 2, 3, 3, 3, 1, 3, 3, 1, 2, 3]"
Lithuania,2.8,1.0132,30,"[2, 3, 4, 4, 3, 3, 3, 3, 2, 5, 5, 3, 3, 3, 1, 3, 1, 3, 3, 3, 1, 2, 2, 3, 3, 3, 3, 2, 1, 4]"
London,3.5333,1.1175,30,"[3, 5, 3, 5, 4, 2, 3, 5, 5, 4, 4, 3, 3, 3, 3, 4, 3, 4, 2, 2, 4, 5, 5, 3, 1, 5, 3, 5, 2, 3]"
Long Beach,3.5667,0.8439,30,"[4, 4, 4, 4, 4, 5, 2, 3, 3, 2, 4, 4, 4, 3, 3, 4, 5, 4, 3, 3, 4, 4, 4, 2, 2, 4, 3, 3, 4, 5]"
Louie,2.5667,0.8035,30,"[3, 2, 3, 3, 3, 1, 2, 3, 3, 1, 2, 3, 3, 3, 1, 1, 3, 3, 1, 3, 4, 3, 3, 3, 3, 3, 2, 3, 3, 3]"
Louisa M. Alcott,2.2667,0.9286,30,"[3, 1, 3, 4, 3, 2, 3, 3, 2, 2, 3, 2, 3, 3, 3, 2, 1, 1, 2, 1, 2, 3, 1, 3, 1, 1, 4, 1, 2, 3]"
Luke Wilson,3.1667,0.969,30,"[2, 4, 3, 4, 3, 2, 3, 3, 3, 4, 5, 3, 4, 3, 1, 3, 5, 4, 3, 4, 4, 2, 4, 3, 3, 3, 3, 2, 1, 4]"
Lunar New Year,3.2759,1.1714,29,"[1, 4, 4, 4, 2, 2, 2, 3, 2, 4, 4, 5, 1, 4, 3, 1, 3, 4, 3, 4, 3, 4, 3, 5, 5, 3, 4, 3, 5]"
Lyndon,2.4483,0.968,29,"[1, 1, 3, 3, 2, 2, 2, 3, 1, 4, 3, 1, 1, 3, 3, 3, 2, 3, 3, 3, 1, 4, 3, 4, 1, 3, 3, 3, 2]"
Lynette,2.6667,0.9068,30,"[4, 3, 2, 3, 3, 1, 3, 3, 3, 3, 4, 2, 4, 3, 3, 1, 2, 2, 3, 3, 3, 3, 1, 3, 4, 3, 3, 3, 1, 1]"
Mabel,2.3667,1.0483,30,"[1, 3, 3, 1, 1, 3, 3, 1, 2, 1, 1, 5, 3, 3, 2, 3, 3, 2, 2, 3, 3, 1, 3, 3, 1, 3, 3, 4, 1, 3]"
Machu Picchu,3.3448,0.9922,29,"[1, 4, 3, 4, 4, 1, 4, 3, 4, 3, 4, 4, 3, 3, 3, 5, 3, 4, 4, 3, 5, 1, 4, 4, 3, 3, 3, 4, 3]"
Malcolm,2.6667,0.9775,30,"[4, 3, 3, 1, 1, 3, 3, 1, 3, 3, 1, 5, 3, 2, 3, 4, 3, 4, 2, 3, 3, 2, 3, 3, 2, 3, 3, 2, 1, 3]"
Maldives,2.5862,1.1895,29,"[1, 1, 2, 5, 3, 2, 1, 3, 1, 2, 3, 2, 1, 4, 3, 2, 3, 4, 4, 3, 1, 3, 4, 5, 1, 2, 3, 3, 3]"
Mallory,3.0,0.8745,34,"[3, 3, 4, 3, 3, 3, 4, 1, 4, 3, 1, 3, 3, 3, 3, 3, 1, 3, 3, 4, 3, 3, 1, 3, 3, 4, 3, 4, 5, 3, 3, 3, 3, 3]"
Marcella,2.4667,1.0562,30,"[3, 1, 3, 4, 3, 1, 3, 3, 3, 1, 4, 3, 4, 3, 1, 3, 3, 1, 2, 1, 4, 3, 3, 3, 1, 1, 3, 1, 2, 3]"
Marco Polo,3.1667,1.0355,30,"[3, 4, 2, 4, 3, 1, 5, 3, 4, 2, 2, 3, 5, 3, 1, 3, 4, 4, 2, 3, 3, 3, 3, 3, 4, 5, 2, 3, 4, 4]"
Maria,2.931,1.0482,29,"[1, 3, 3, 3, 4, 1, 1, 3, 4, 3, 4, 4, 3, 3, 4, 3, 3, 3, 5, 3, 4, 3, 2, 1, 3, 4, 3, 1, 3]"
Mariah Carey,3.5806,1.0709,31,"[5, 3, 3, 4, 5, 1, 5, 4, 4, 3, 4, 4, 3, 1, 4, 2, 5, 4, 4, 3, 3, 4, 3, 5, 4, 4, 4, 5, 2, 3, 3]"
Marian,2.6667,0.8692,30,"[1, 2, 2, 3, 3, 1, 2, 3, 3, 2, 3, 3, 3, 3, 1, 5, 3, 3, 1, 2, 3, 3, 3, 3, 3, 3, 4, 3, 3, 3]"
Marilyn,3.5,1.0073,34,"[3, 3, 4, 3, 3, 5, 5, 1, 4, 3, 1, 2, 4, 4, 4, 3, 4, 4, 3, 5, 4, 4, 3, 3, 3, 4, 3, 5, 5, 3, 3, 3, 5, 3]"
Marjorie,2.7667,0.8035,30,"[4, 3, 1, 4, 3, 1, 3, 3, 2, 3, 3, 2, 4, 3, 3, 1, 4, 2, 3, 3, 3, 3, 2, 3, 3, 3, 3, 3, 3, 2]"
Mark,2.6,0.8,30,"[1, 2, 3, 2, 1, 3, 3, 3, 2, 3, 2, 3, 3, 3, 3, 3, 3, 4, 2, 3, 1, 4, 3, 3, 2, 3, 3, 3, 1, 3]"
Martha,2.3793,1.031,29,"[1, 1, 3, 2, 1, 2, 4, 3, 1, 2, 3, 3, 1, 3, 3, 4, 3, 3, 3, 3, 4, 3, 3, 1, 1, 1, 3, 3, 1]"
Martin,2.3793,0.9253,29,"[1, 3, 3, 3, 4, 1, 1, 3, 3, 3, 2, 3, 3, 3, 1, 3, 3, 3, 1, 3, 3, 1, 2, 1, 3, 2, 3, 1, 3]"
Martin Luther King Jr. Day,2.8235,1.1497,34,"[3, 3, 4, 2, 5, 2, 5, 1, 1, 3, 4, 2, 3, 4, 3, 3, 1, 2, 3, 1, 4, 4, 2, 3, 4, 3, 1, 3, 2, 4, 3, 4, 1, 3]"
Martin Van Buren,2.6207,0.9618,29,"[1, 3, 3, 3, 4, 1, 1, 3, 3, 3, 3, 3, 3, 4, 1, 4, 3, 2, 4, 3, 2, 1, 2, 1, 3, 3, 3, 3, 3]"
Matt Dillon,3.1333,0.8459,30,"[3, 3, 3, 4, 5, 4, 3, 3, 3, 4, 3, 3, 4, 3, 3, 4, 2, 1, 2, 3, 4, 3, 4, 4, 2, 3, 2, 3, 4, 2]"
Max,2.7857,1.0473,28,"[1, 2, 3, 3, 3, 2, 1, 3, 2, 4, 3, 5, 1, 3, 3, 3, 3, 3, 3, 5, 2, 3, 4, 1, 2, 3, 3, 4]"
Max Ernst,2.3448,0.8818,29,"[3, 1, 4, 4, 3, 3, 3, 3, 2, 2, 2, 3, 3, 1, 2, 2, 1, 2, 1, 2, 3, 2, 3, 1, 3, 3, 1, 2, 3]"
Maxwell,2.8,0.8718,30,"[4, 3, 2, 2, 3, 4, 3, 3, 1, 3, 4, 4, 3, 3, 3, 1, 1, 2, 3, 3, 3, 3, 3, 3, 3, 3, 3, 3, 1, 4]"
May,3.2,0.9452,30,"[1, 1, 4, 2, 2, 3, 3, 3, 4, 4, 5, 2, 4, 3, 4, 3, 4, 3, 4, 3, 4, 2, 3, 3, 4, 4, 3, 4, 4, 3]"
Meg Ryan,3.0,1.1255,30,"[1, 3, 3, 1, 3, 3, 3, 5, 3, 3, 1, 4, 4, 2, 5, 3, 3, 3, 4, 3, 1, 4, 3, 3, 3, 4, 3, 5, 1, 3]"
Melbourne,3.2667,0.9638,30,"[4, 3, 3, 4, 4, 3, 3, 3, 4, 3, 1, 5, 3, 3, 3, 4, 3, 4, 5, 3, 4, 5, 3, 3, 3, 4, 2, 2, 1, 3]"
Michael Bloomberg,2.6207,1.0639,29,"[1, 1, 3, 3, 3, 1, 1, 3, 2, 3, 4, 3, 3, 3, 1, 4, 2, 4, 4, 3, 3, 4, 1, 1, 3, 4, 3, 2, 3]"
Michael Caine,2.9,0.9781,30,"[1, 3, 3, 4, 3, 3, 3, 1, 3, 3, 2, 4, 3, 3, 3, 4, 3, 4, 4, 3, 4, 4, 1, 3, 1, 4, 3, 3, 1, 3]"
Michele,3.1515,1.048,33,"[3, 3, 3, 3, 3, 5, 5, 1, 4, 3, 1, 3, 3, 3, 3, 3, 1, 3, 3, 5, 3, 3, 2, 3, 3, 4, 5, 5, 4, 3, 2, 3, 3]"
Miguel Cervantes,3.0,0.9847,33,"[3, 3, 3, 4, 4, 3, 5, 1, 2, 3, 3, 3, 4, 3, 3, 1, 3, 3, 2, 3, 3, 1, 3, 3, 4, 3, 5, 1, 4, 3, 3, 4, 3]"
Mike,2.9333,0.7272,30,"[3, 3, 3, 3, 3, 1, 2, 3, 3, 5, 3, 3, 3, 3, 1, 3, 3, 3, 2, 3, 4, 3, 3, 3, 3, 3, 4, 3, 3, 3]"
Mike Tyson,3.2,1.2754,30,"[5, 3, 3, 1, 4, 3, 3, 5, 2, 2, 4, 5, 3, 1, 5, 3, 3, 2, 5, 3, 2, 4, 4, 5, 3, 1, 2, 3, 5, 2]"
Mikhail Gorbachev,2.7667,0.8825,30,"[4, 4, 3, 2, 3, 1, 2, 3, 3, 3, 3, 2, 4, 3, 3, 1, 1, 4, 3, 2, 3, 4, 4, 3, 2, 3, 2, 3, 3, 2]"
Monaco,3.1786,0.9656,28,"[1, 4, 3, 4, 2, 2, 3, 4, 2, 4, 3, 2, 4, 3, 4, 3, 2, 3, 3, 2, 4, 4, 2, 4, 4, 4, 4, 5]"
Mongolia,3.1875,1.044,32,"[5, 3, 4, 3, 5, 4, 3, 1, 2, 3, 4, 3, 3, 3, 2, 1, 4, 3, 1, 3, 3, 3, 4, 4, 4, 2, 5, 4, 3, 4, 3, 3]"
Morphine,2.8333,1.3683,30,"[4, 4, 5, 3, 4, 3, 4, 3, 4, 2, 4, 2, 1, 1, 1, 3, 5, 1, 4, 1, 3, 4, 5, 2, 3, 1, 2, 1, 1, 4]"
Moses,3.0667,0.9286,30,"[3, 3, 2, 3, 3, 2, 5, 3, 3, 3, 2, 4, 3, 3, 1, 3, 2, 4, 4, 2, 5, 3, 2, 3, 3, 3, 3, 3, 4, 5]"
Mount Fuji,3.5,1.0247,30,"[4, 4, 4, 4, 3, 5, 2, 3, 4, 2, 4, 4, 4, 3, 1, 3, 4, 4, 2, 4, 5, 5, 3, 3, 3, 5, 3, 2, 5, 3]"
Nairobi,2.9706,1.0142,34,"[3, 3, 2, 3, 5, 4, 5, 1, 2, 3, 5, 3, 3, 3, 3, 2, 1, 3, 3, 2, 3, 3, 2, 3, 4, 4, 2, 3, 1, 4, 3, 4, 3, 3]"
Nancy,3.0,1.0,34,"[3, 2, 3, 3, 3, 3, 5, 1, 3, 1, 3, 3, 3, 4, 3, 3, 1, 3, 3, 5, 3, 3, 2, 3, 3, 4, 5, 2, 5, 3, 3, 2, 3, 3]"
Naomi,2.8,1.1075,30,"[3, 1, 3, 4, 3, 3, 4, 3, 3, 1, 4, 3, 3, 3, 1, 5, 3, 4, 3, 4, 3, 3, 4, 3, 1, 1, 3, 1, 1, 3]"
Napoleon Bonaparte,2.9655,1.129,29,"[3, 1, 3, 4, 4, 1, 2, 3, 4, 3, 3, 3, 3, 3, 1, 5, 1, 4, 4, 3, 4, 3, 1, 3, 3, 4, 2, 5, 3]"
Nasacort,2.4333,0.9551,30,"[4, 3, 2, 4, 1, 1, 3, 3, 1, 3, 3, 2, 3, 3, 3, 1, 3, 3, 2, 3, 3, 3, 1, 3, 3, 1, 3, 3, 1, 1]"
Nate,2.4333,0.8439,30,"[1, 3, 3, 2, 1, 3, 3, 1, 2, 3, 1, 3, 3, 2, 3, 4, 3, 3, 2, 3, 3, 2, 3, 3, 1, 3, 3, 2, 1, 3]"
Nelson,2.2069,0.9606,29,"[1, 1, 3, 2, 1, 2, 1, 3, 2, 3, 3, 3, 1, 3, 3, 3, 3, 4, 3, 3, 1, 3, 1, 1, 1, 2, 3, 3, 1]"
Nepal,3.069,0.8683,29,"[1, 3, 3, 3, 4, 1, 3, 3, 4, 3, 4, 4, 3, 3, 1, 3, 3, 3, 3, 3, 4, 3, 4, 4, 3, 4, 2, 4, 3]"
Netherlands,2.8929,1.012,28,"[3, 5, 3, 4, 3, 3, 4, 3, 2, 3, 4, 2, 3, 3, 1, 2, 1, 3, 3, 4, 4, 4, 3, 1, 3, 1, 3, 3]"
Nevada,3.4412,1.0056,34,"[5, 4, 2, 2, 5, 5, 5, 3, 4, 4, 4, 3, 3, 4, 3, 3, 1, 3, 3, 1, 3, 4, 3, 3, 4, 4, 4, 4, 5, 4, 3, 3, 3, 3]"
New Brunswick,2.4138,0.8912,29,"[3, 3, 4, 3, 3, 4, 3, 2, 1, 2, 3, 3, 3, 1, 1, 2, 2, 2, 1, 2, 3, 3, 3, 1, 3, 3, 1, 2, 3]"
New Guinea,3.0,0.9826,29,"[4, 3, 3, 3, 4, 2, 1, 3, 4, 3, 5, 4, 3, 3, 1, 4, 3, 3, 4, 3, 4, 1, 2, 2, 3, 3, 2, 4, 3]"
New Hampshire,2.9667,0.9481,30,"[4, 2, 2, 5, 3, 1, 3, 3, 4, 2, 3, 4, 3, 5, 3, 1, 3, 2, 3, 3, 3, 3, 2, 3, 2, 3, 3, 3, 4, 4]"
New Mexico,3.0667,0.9638,30,"[3, 3, 3, 5, 4, 2, 2, 3, 2, 2, 5, 4, 4, 3, 3, 1, 3, 4, 3, 3, 3, 5, 2, 3, 2, 3, 3, 3, 4, 2]"
New York City,4.4667,0.763,30,"[3, 5, 5, 5, 3, 4, 5, 4, 3, 5, 5, 5, 5, 4, 5, 3, 5, 5, 4, 5, 5, 4, 5, 5, 5, 5, 5, 4, 3, 5]"
Nicaragua,2.8621,1.0077,29,"[3, 2, 3, 4, 4, 3, 4, 3, 2, 2, 4, 3, 3, 3, 2, 2, 4, 2, 1, 4, 4, 5, 3, 1, 2, 3, 1, 3, 3]"
Nick,2.6667,0.7888,30,"[4, 3, 2, 3, 3, 1, 3, 3, 2, 3, 2, 3, 4, 3, 3, 1, 3, 2, 2, 3, 3, 3, 3, 3, 2, 3, 2, 3, 1, 4]"
Nicoderm,2.2333,0.9894,30,"[1, 3, 1, 1, 3, 2, 3, 3, 1, 1, 1, 4, 3, 2, 2, 4, 3, 2, 4, 3, 2, 1, 3, 2, 2, 2, 3, 1, 3, 1]"
Nicolaus Copernicus,2.6667,1.0435,30,"[4, 2, 3, 4, 3, 3, 3, 3, 4, 1, 4, 2, 4, 3, 4, 2, 2, 1, 3, 4, 3, 3, 1, 3, 1, 1, 3, 1, 2, 3]"
Nigel,2.5517,1.0368,29,"[1, 1, 3, 3, 3, 2, 1, 3, 2, 4, 3, 2, 1, 2, 3, 4, 3, 4, 3, 3, 1, 3, 3, 5, 1, 2, 3, 3, 2]"
Nina,2.8333,0.8596,30,"[3, 3, 2, 4, 3, 4, 3, 3, 3, 3, 4, 2, 2, 3, 3, 1, 4, 2, 3, 3, 3, 4, 2, 3, 3, 3, 4, 3, 1, 1]"
Nintendo,3.7241,1.1714,29,"[4, 3, 5, 5, 3, 1, 4, 3, 3, 5, 4, 4, 5, 1, 1, 5, 5, 4, 4, 4, 3, 4, 4, 3, 5, 4, 5, 3, 4]"
Nirvana,3.5333,1.384,30,"[4, 4, 4, 5, 4, 5, 5, 4, 5, 5, 1, 2, 5, 4, 4, 2, 3, 1, 2, 1, 5, 4, 5, 4, 5, 1, 3, 4, 3, 2]"
No Doubt,3.2759,1.111,29,"[5, 3, 4, 4, 4, 3, 4, 3, 3, 4, 4, 3, 1, 5, 4, 1, 4, 3, 4, 3, 2, 4, 2, 1, 3, 4, 2, 5, 3]"
Noah,2.6333,0.875,30,"[4, 3, 1, 4, 3, 1, 3, 3, 2, 3, 3, 2, 4, 3, 3, 1, 1, 2, 2, 3, 3, 2, 3, 4, 3, 3, 2, 3, 2, 3]"
Nordette,2.2414,0.9342,29,"[1, 1, 3, 3, 2, 2, 1, 3, 1, 2, 3, 1, 1, 2, 3, 3, 3, 4, 3, 3, 2, 3, 3, 1, 1, 3, 3, 3, 1]"
Norman Rockwell,2.7241,1.0471,29,"[1, 3, 2, 4, 4, 1, 1, 3, 3, 3, 2, 3, 3, 3, 2, 5, 4, 4, 4, 3, 3, 3, 1, 1, 3, 3, 2, 2, 3]"
North Dakota,2.5333,0.763,30,"[2, 2, 3, 2, 3, 1, 2, 3, 2, 3, 3, 3, 3, 3, 1, 1, 3, 2, 2, 3, 3, 1, 3, 3, 3, 4, 3, 3, 3, 3]"
Norway,3.1333,1.0562,30,"[4, 4, 4, 1, 5, 5, 4, 3, 4, 2, 4, 3, 4, 3, 1, 2, 2, 3, 2, 3, 3, 2, 3, 3, 3, 5, 3, 3, 2, 4]"
Nova Scotia,3.0,0.9309,30,"[4, 3, 2, 2, 5, 3, 3, 3, 3, 2, 4, 3, 3, 3, 1, 3, 3, 4, 4, 3, 3, 2, 4, 3, 3, 5, 2, 3, 1, 3]"
Nyquil,1.7,0.9363,30,"[1, 3, 2, 1, 3, 1, 2, 3, 2, 1, 1, 2, 2, 1, 1, 2, 1, 1, 3, 1, 1, 1, 5, 2, 1, 1, 2, 1, 1, 2]"
Ohio,2.5294,1.091,34,"[3, 2, 2, 3, 5, 1, 5, 2, 2, 1, 2, 3, 3, 3, 3, 3, 1, 2, 2, 1, 2, 3, 3, 3, 2, 3, 1, 2, 5, 4, 3, 1, 2, 3]"
Oliver,2.7,1.005,30,"[1, 3, 3, 1, 1, 3, 3, 4, 2, 4, 3, 5, 3, 3, 3, 3, 3, 3, 4, 3, 3, 3, 3, 3, 1, 1, 3, 2, 1, 3]"
Oliver Cromwell,2.8667,0.9214,30,"[3, 3, 3, 2, 1, 2, 3, 3, 3, 4, 4, 3, 3, 3, 1, 3, 3, 3, 3, 4, 1, 4, 4, 3, 4, 3, 3, 2, 1, 4]"
Ontario,2.7333,0.8138,30,"[1, 3, 3, 3, 2, 3, 3, 3, 1, 3, 4, 4, 3, 2, 3, 3, 3, 3, 4, 3, 1, 2, 3, 3, 3, 3, 3, 3, 1, 3]"
Oprah Winfrey,2.9,1.044,30,"[3, 3, 4, 4, 3, 1, 4, 2, 4, 2, 3, 2, 4, 3, 1, 1, 5, 4, 3, 1, 4, 3, 3, 3, 3, 3, 2, 3, 2, 4]"
Oregon,2.2069,1.0628,29,"[1, 1, 1, 4, 1, 4, 4, 3, 3, 2, 3, 2, 1, 3, 3, 2, 2, 4, 3, 1, 1, 3, 3, 1, 1, 1, 2, 2, 2]"
Paris,4.1765,0.8214,34,"[5, 5, 4, 4, 5, 4, 5, 4, 4, 4, 5, 2, 4, 4, 4, 4, 4, 5, 3, 5, 5, 4, 2, 4, 4, 4, 5, 5, 5, 5, 3, 4, 5, 3]"
Passover,2.5357,0.8653,28,"[3, 3, 3, 3, 1, 1, 3, 3, 3, 2, 1, 3, 2, 1, 2, 4, 2, 3, 3, 3, 3, 1, 3, 3, 4, 3, 2, 3]"
Pat,2.5517,0.968,29,"[1, 3, 3, 3, 4, 1, 1, 3, 3, 3, 1, 3, 3, 3, 1, 3, 4, 3, 2, 3, 3, 3, 2, 1, 3, 4, 3, 1, 3]"
Penny,2.7,1.1,30,"[1, 3, 1, 1, 1, 3, 3, 3, 2, 3, 1, 5, 3, 2, 3, 4, 3, 3, 4, 3, 5, 2, 3, 3, 2, 3, 3, 4, 1, 3]"
Pepto-Bismol,2.3,1.0693,30,"[4, 2, 3, 1, 1, 1, 2, 3, 5, 3, 3, 3, 3, 2, 2, 1, 1, 1, 3, 3, 3, 3, 2, 2, 1, 4, 1, 3, 1, 2]"
Peter,2.6897,0.9506,29,"[1, 3, 3, 1, 1, 3, 3, 4, 2, 3, 2, 4, 3, 3, 3, 4, 3, 4, 2, 3, 2, 3, 3, 3, 1, 3, 4, 1, 3]"
Philadelphia,2.8,1.0456,30,"[3, 1, 3, 4, 3, 3, 5, 4, 3, 1, 3, 3, 3, 3, 2, 1, 2, 4, 2, 5, 2, 3, 3, 3, 1, 4, 3, 2, 2, 3]"
Phyllis,2.5,0.7638,30,"[3, 1, 3, 3, 2, 1, 2, 3, 3, 2, 2, 3, 3, 3, 1, 1, 3, 2, 2, 3, 4, 3, 3, 3, 3, 3, 2, 3, 3, 2]"
Ping-Pong,3.6333,1.1101,30,"[3, 4, 4, 4, 1, 3, 5, 4, 4, 5, 5, 4, 4, 3, 1, 3, 3, 4, 4, 2, 2, 5, 2, 4, 4, 4, 5, 4, 5, 4]"
Pinot Blanc,3.4667,0.763,30,"[4, 3, 2, 4, 4, 5, 3, 3, 4, 3, 3, 2, 4, 3, 3, 3, 5, 3, 2, 4, 4, 4, 4, 3, 3, 4, 4, 3, 4, 4]"
Pittsburgh,2.9,0.9781,30,"[4, 3, 3, 4, 4, 1, 2, 3, 1, 4, 3, 3, 4, 2, 2, 1, 3, 2, 3, 3, 3, 3, 4, 2, 2, 3, 3, 3, 5, 4]"
Plavix,2.1724,0.9494,29,"[2, 3, 3, 1, 1, 1, 3, 2, 4, 1, 1, 2, 1, 2, 1, 3, 3, 3, 3, 1, 3, 3, 3, 2, 2, 2, 4, 1, 2]"
Prague,3.3,1.0376,30,"[5, 3, 3, 3, 3, 3, 3, 1, 2, 4, 4, 5, 3, 2, 4, 4, 3, 4, 4, 3, 4, 5, 5, 3, 2, 4, 3, 3, 1, 3]"
Prevacid,2.2069,0.8461,29,"[2, 1, 3, 2, 2, 2, 1, 3, 2, 2, 3, 2, 1, 1, 3, 3, 2, 4, 3, 3, 2, 3, 3, 3, 1, 1, 2, 3, 1]"
Pythagoras,2.8966,1.0617,29,"[3, 3, 2, 1, 4, 3, 4, 3, 5, 2, 2, 3, 4, 3, 4, 1, 3, 1, 3, 1, 2, 3, 3, 4, 4, 3, 2, 4, 4]"
Queen Victoria,3.2,1.1662,30,"[4, 2, 3, 1, 2, 2, 5, 3, 3, 4, 5, 3, 3, 3, 3, 4, 1, 3, 3, 3, 1, 4, 5, 3, 5, 4, 3, 2, 5, 4]"
Quinn,2.4828,0.8558,29,"[1, 3, 3, 3, 4, 1, 1, 3, 3, 3, 1, 3, 3, 3, 2, 3, 2, 3, 1, 3, 3, 3, 2, 1, 3, 3, 3, 2, 3]"
R.E.M.,3.0333,1.1968,30,"[3, 1, 2, 1, 4, 1, 4, 3, 4, 2, 3, 4, 4, 2, 3, 3, 2, 5, 2, 4, 3, 4, 5, 1, 4, 3, 3, 2, 4, 5]"
Ramon,2.8333,0.8199,30,"[2, 3, 3, 1, 1, 3, 3, 3, 3, 5, 4, 3, 3, 3, 1, 3, 3, 3, 2, 3, 3, 3, 3, 3, 3, 3, 3, 2, 4, 3]"
Randy,2.7333,0.6289,30,"[3, 2, 3, 3, 3, 1, 2, 3, 3, 2, 3, 3, 3, 3, 1, 2, 3, 3, 3, 3, 3, 3, 3, 3, 3, 3, 2, 4, 3, 3]"
Raphael (Raffaelo) Sanzio,2.7273,1.0808,33,"[3, 3, 1, 3, 4, 2, 5, 1, 1, 3, 3, 3, 4, 3, 3, 1, 3, 3, 2, 3, 3, 1, 3, 3, 3, 1, 5, 1, 4, 3, 3, 3, 3]"
Raul,2.7,0.7371,30,"[3, 4, 1, 3, 3, 1, 2, 3, 3, 2, 3, 3, 3, 3, 1, 2, 3, 2, 2, 3, 4, 3, 3, 3, 3, 3, 3, 3, 3, 3]"
Red Hot Chilli Peppers,3.8276,1.1468,29,"[1, 5, 5, 3, 4, 4, 5, 4, 2, 5, 5, 5, 2, 4, 3, 5, 4, 4, 1, 4, 4, 5, 3, 4, 5, 4, 4, 3, 4]"
Red Rover,3.5667,0.8439,30,"[3, 4, 4, 4, 5, 4, 3, 5, 4, 4, 4, 3, 5, 3, 3, 3, 3, 3, 3, 3, 1, 2, 4, 4, 4, 4, 3, 4, 4, 4]"
Regina,2.9412,0.9375,34,"[3, 3, 2, 3, 3, 3, 5, 1, 4, 3, 1, 2, 3, 2, 3, 3, 1, 3, 3, 5, 3, 3, 3, 3, 3, 4, 3, 3, 5, 3, 3, 2, 3, 3]"
Renee,2.7586,0.9704,29,"[3, 3, 3, 3, 4, 1, 1, 3, 4, 3, 2, 3, 3, 4, 4, 3, 2, 3, 4, 3, 4, 1, 2, 1, 3, 3, 3, 1, 3]"
Rhode Island,2.4483,1.0368,29,"[1, 2, 1, 3, 1, 2, 2, 3, 2, 3, 3, 2, 1, 2, 3, 4, 2, 4, 3, 3, 2, 3, 5, 1, 3, 4, 3, 1, 2]"
Rhonda,2.6897,0.8751,29,"[4, 3, 2, 4, 3, 3, 3, 2, 3, 4, 3, 2, 3, 3, 1, 4, 2, 3, 3, 3, 3, 1, 3, 3, 3, 2, 3, 1, 1]"
Richmond,2.9667,0.752,30,"[3, 2, 3, 3, 3, 3, 3, 3, 3, 3, 5, 3, 3, 3, 1, 3, 3, 3, 3, 3, 1, 4, 3, 3, 4, 3, 3, 4, 2, 3]"
Rio de Janeiro,3.7586,1.1643,29,"[4, 4, 5, 4, 5, 5, 4, 3, 4, 1, 4, 5, 4, 3, 1, 1, 5, 4, 4, 4, 5, 4, 3, 3, 3, 4, 3, 5, 5]"
Robert Hayden,2.8235,0.9226,34,"[3, 3, 3, 3, 3, 3, 5, 1, 2, 3, 4, 3, 3, 4, 3, 3, 1, 3, 3, 1, 3, 3, 1, 3, 3, 4, 2, 3, 1, 4, 3, 3, 3, 3]"
Roberto,2.7,1.005,30,"[3, 3, 3, 4, 3, 2, 5, 3, 4, 2, 3, 3, 3, 3, 3, 2, 3, 1, 2, 1, 4, 3, 4, 3, 1, 1, 3, 1, 2, 3]"
Robin Williams,3.1333,1.2311,30,"[3, 4, 3, 4, 4, 3, 4, 5, 4, 1, 4, 2, 4, 4, 3, 4, 1, 1, 2, 2, 4, 5, 4, 3, 1, 5, 3, 1, 3, 3]"
Rochelle,2.5667,0.9195,30,"[1, 3, 3, 3, 4, 1, 1, 3, 3, 3, 2, 3, 3, 3, 2, 3, 3, 3, 4, 3, 2, 3, 1, 1, 1, 3, 4, 3, 2, 3]"
Roy,2.5333,0.763,30,"[3, 2, 3, 3, 3, 1, 3, 3, 3, 1, 3, 3, 3, 3, 1, 1, 2, 2, 1, 3, 3, 3, 3, 3, 3, 3, 2, 3, 3, 3]"
Ruben,2.9091,0.7533,33,"[3, 3, 4, 3, 3, 3, 5, 3, 4, 3, 1, 3, 3, 4, 3, 3, 1, 3, 3, 2, 3, 3, 2, 3, 3, 3, 2, 3, 2, 3, 3, 3, 3]"
Rush,3.8,0.8327,30,"[4, 3, 2, 5, 3, 5, 4, 3, 4, 5, 4, 2, 4, 5, 4, 4, 4, 4, 2, 4, 5, 3, 4, 4, 4, 4, 4, 4, 4, 3]"
Russell Crowe,3.1379,1.3576,29,"[1, 4, 3, 4, 2, 2, 4, 4, 1, 5, 4, 3, 1, 2, 3, 5, 4, 2, 3, 5, 1, 4, 4, 5, 1, 4, 2, 3, 5]"
Rwanda,2.8333,1.1571,30,"[4, 1, 3, 3, 2, 3, 3, 3, 1, 3, 1, 5, 3, 2, 3, 4, 3, 2, 4, 4, 5, 5, 1, 3, 2, 3, 3, 2, 1, 3]"
Sabrina,2.9,0.9074,30,"[3, 1, 3, 4, 3, 3, 4, 3, 3, 2, 4, 3, 3, 3, 3, 4, 3, 2, 2, 5, 4, 3, 3, 3, 1, 3, 3, 1, 2, 3]"
Saint Louis,2.7,0.9,30,"[2, 2, 2, 3, 1, 4, 3, 3, 2, 3, 5, 3, 3, 3, 2, 3, 3, 3, 3, 1, 1, 2, 2, 3, 4, 3, 4, 2, 3, 3]"
Salma Hayek,4.1034,0.8845,29,"[4, 5, 5, 5, 4, 3, 4, 5, 5, 5, 4, 4, 5, 4, 3, 4, 4, 4, 5, 1, 4, 4, 4, 5, 3, 3, 4, 5, 4]"
Samantha,3.0,0.7878,29,"[4, 3, 1, 4, 3, 4, 3, 3, 3, 3, 3, 4, 4, 3, 3, 1, 2, 4, 3, 3, 3, 2, 3, 3, 3, 4, 3, 3, 2]"
San Francisco Bay,3.2333,0.8825,30,"[2, 3, 3, 4, 3, 3, 5, 3, 3, 4, 5, 3, 3, 4, 3, 3, 3, 4, 3, 2, 2, 4, 4, 3, 4, 3, 4, 4, 2, 1]"
Santiago,3.0303,0.9995,33,"[3, 3, 3, 3, 3, 3, 5, 1, 4, 3, 4, 3, 4, 3, 4, 1, 3, 3, 1, 3, 3, 1, 3, 3, 4, 4, 4, 1, 4, 3, 4, 3, 3]"
Saturday,3.6061,1.2045,33,"[3, 5, 2, 4, 5, 5, 5, 3, 4, 4, 4, 2, 2, 4, 4, 5, 5, 3, 2, 4, 1, 2, 5, 1, 3, 3, 4, 5, 4, 3, 5, 4, 4]"
Scarlett,3.3667,0.7951,30,"[4, 4, 4, 3, 3, 1, 3, 4, 3, 1, 4, 3, 3, 3, 4, 4, 3, 3, 4, 4, 4, 4, 3, 4, 4, 3, 4, 3, 3, 4]"
Scarlett Johanson,3.8,0.9798,30,"[4, 4, 4, 5, 2, 3, 3, 4, 5, 5, 5, 3, 4, 3, 4, 3, 5, 4, 5, 5, 2, 4, 4, 3, 4, 4, 4, 4, 1, 4]"
Scattergories,3.303,1.1411,33,"[3, 2, 5, 3, 2, 1, 5, 3, 4, 4, 4, 4, 4, 4, 3, 1, 4, 3, 1, 4, 4, 4, 1, 4, 4, 2, 3, 5, 4, 3, 4, 3, 4]"
Sergio,2.9667,0.9123,30,"[3, 3, 3, 1, 3, 3, 3, 3, 4, 3, 5, 4, 3, 3, 1, 3, 2, 3, 3, 3, 1, 4, 3, 3, 3, 3, 3, 2, 5, 3]"
Shakira,3.7,0.7371,30,"[3, 5, 4, 4, 4, 5, 4, 3, 2, 4, 4, 3, 3, 4, 4, 4, 4, 5, 4, 4, 3, 3, 4, 3, 4, 3, 5, 3, 3, 3]"
Silvia,2.6552,1.153,29,"[1, 1, 1, 4, 2, 2, 4, 3, 2, 4, 3, 3, 1, 3, 3, 3, 2, 4, 3, 3, 5, 1, 3, 1, 1, 4, 3, 3, 4]"
Simon says,3.1667,1.1279,30,"[2, 3, 4, 4, 3, 3, 3, 5, 4, 2, 4, 4, 4, 3, 4, 4, 3, 1, 3, 1, 4, 4, 3, 5, 1, 4, 3, 1, 2, 4]"
Sonia,2.5517,0.7695,29,"[2, 4, 3, 2, 1, 2, 3, 3, 2, 2, 3, 3, 3, 1, 1, 3, 3, 1, 3, 3, 3, 3, 3, 3, 3, 2, 3, 3, 3]"
South Carolina,2.7667,0.9551,30,"[1, 3, 3, 3, 2, 3, 3, 3, 2, 3, 4, 5, 4, 3, 3, 2, 3, 4, 4, 3, 3, 1, 1, 3, 3, 3, 3, 2, 1, 2]"
St. Peter's Basilica,2.7586,1.2773,29,"[1, 3, 4, 3, 3, 3, 5, 3, 2, 2, 2, 1, 4, 4, 1, 2, 1, 3, 1, 3, 5, 5, 3, 1, 3, 2, 5, 3, 2]"
Stacy,2.6667,0.8692,30,"[3, 3, 1, 3, 3, 4, 3, 1, 3, 3, 3, 3, 4, 3, 3, 1, 4, 2, 2, 3, 3, 3, 2, 3, 3, 3, 3, 3, 1, 1]"
Stanley,2.3667,0.875,30,"[3, 1, 3, 4, 3, 3, 3, 3, 2, 1, 2, 3, 3, 3, 2, 3, 3, 1, 3, 1, 2, 3, 3, 3, 1, 1, 2, 1, 2, 3]"
Stephen,2.7647,0.8765,34,"[3, 1, 3, 3, 3, 3, 4, 1, 4, 3, 1, 3, 3, 4, 3, 3, 1, 3, 3, 1, 3, 3, 2, 3, 3, 4, 2, 3, 4, 3, 3, 2, 3, 3]"
Stone Temple Pilots,3.5,1.2315,30,"[3, 4, 5, 4, 5, 1, 4, 3, 5, 1, 4, 4, 3, 3, 1, 1, 5, 4, 4, 3, 4, 5, 4, 4, 3, 3, 2, 4, 4, 5]"
Sue,2.7333,0.9978,30,"[4, 3, 2, 2, 3, 1, 3, 3, 4, 3, 2, 4, 4, 3, 3, 1, 4, 4, 2, 3, 3, 3, 1, 4, 3, 3, 2, 3, 1, 1]"
Summer Solstice,3.1333,1.2311,30,"[4, 4, 1, 4, 3, 3, 3, 3, 3, 1, 5, 2, 4, 3, 4, 2, 5, 2, 4, 1, 5, 4, 4, 3, 4, 4, 3, 1, 1, 4]"
Susie,2.7333,0.9286,30,"[3, 4, 3, 3, 3, 1, 2, 4, 3, 1, 3, 3, 3, 3, 1, 1, 3, 3, 1, 2, 3, 3, 3, 3, 3, 3, 5, 3, 3, 3]"
Swiss cheese,2.5333,1.0242,30,"[1, 3, 4, 2, 2, 2, 3, 4, 3, 1, 3, 5, 3, 2, 3, 3, 1, 3, 2, 3, 1, 1, 2, 3, 3, 4, 3, 2, 3, 1]"
Sylvia,2.7586,0.8572,29,"[3, 1, 3, 3, 1, 2, 3, 3, 2, 4, 3, 3, 3, 1, 3, 3, 2, 5, 2, 4, 3, 3, 3, 3, 3, 2, 3, 3, 3]"
T.S. Eliot,2.9333,0.8919,30,"[4, 4, 2, 3, 3, 2, 4, 3, 4, 2, 3, 3, 5, 3, 1, 1, 4, 3, 2, 4, 3, 3, 3, 3, 3, 3, 2, 3, 3, 2]"
Tammy,2.6,0.7572,30,"[3, 2, 3, 3, 2, 1, 2, 4, 3, 2, 2, 3, 3, 3, 1, 3, 3, 3, 1, 3, 3, 3, 3, 3, 3, 3, 1, 3, 3, 3]"
Tampa,3.3103,1.0206,29,"[4, 4, 2, 2, 4, 4, 3, 3, 2, 3, 4, 4, 4, 3, 3, 1, 5, 2, 3, 3, 3, 3, 5, 4, 2, 3, 3, 5, 5]"
Tennessee,2.9,0.8307,30,"[1, 3, 3, 3, 4, 3, 3, 3, 2, 3, 2, 5, 4, 2, 3, 4, 3, 4, 4, 3, 2, 2, 2, 3, 2, 3, 3, 2, 3, 3]"
Tennessee Williams,2.9286,0.9231,28,"[3, 3, 4, 5, 4, 1, 2, 3, 3, 3, 1, 3, 3, 3, 1, 4, 2, 3, 4, 3, 3, 3, 2, 3, 3, 3, 4, 3]"
Terrell Owens,3.2647,0.74,34,"[3, 3, 4, 3, 3, 4, 5, 3, 4, 4, 2, 3, 3, 4, 3, 3, 1, 3, 3, 4, 3, 3, 4, 3, 3, 4, 2, 3, 4, 4, 3, 4, 3, 3]"
Terri,3.0303,1.0294,33,"[3, 2, 4, 3, 3, 3, 5, 1, 4, 3, 3, 3, 4, 3, 3, 1, 3, 3, 5, 3, 4, 1, 3, 3, 3, 4, 5, 1, 3, 3, 2, 3, 3]"
Thanksgiving,3.8276,1.1163,29,"[5, 5, 4, 4, 4, 4, 1, 3, 4, 4, 4, 4, 4, 5, 1, 5, 5, 4, 5, 3, 4, 4, 2, 3, 4, 4, 5, 5, 2]"
The Dixie Chicks,3.25,1.0564,28,"[2, 2, 1, 2, 2, 4, 4, 1, 4, 3, 3, 4, 2, 3, 5, 4, 4, 3, 4, 4, 4, 4, 3, 4, 3, 5, 4, 3]"
Thomas,2.5862,1.0345,29,"[1, 1, 3, 3, 4, 2, 1, 3, 2, 3, 3, 3, 1, 3, 3, 3, 3, 4, 3, 3, 1, 3, 3, 1, 1, 3, 3, 3, 5]"
Tiger Woods,2.8333,0.969,30,"[3, 2, 3, 2, 4, 3, 4, 1, 1, 1, 4, 3, 3, 3, 4, 4, 3, 2, 4, 3, 4, 4, 3, 3, 2, 1, 3, 3, 3, 2]"
Tim,2.3793,0.8872,29,"[1, 3, 3, 3, 3, 1, 1, 3, 3, 3, 1, 3, 3, 3, 1, 3, 2, 3, 1, 3, 3, 3, 2, 1, 3, 3, 3, 1, 3]"
Tim Allen,3.2414,1.1034,29,"[1, 2, 3, 3, 3, 4, 5, 4, 4, 4, 3, 4, 1, 3, 3, 5, 3, 4, 4, 3, 2, 4, 5, 3, 1, 4, 3, 4, 2]"
Tom,2.4483,0.968,29,"[3, 3, 3, 3, 4, 1, 1, 3, 3, 3, 1, 3, 3, 3, 1, 1, 3, 3, 2, 3, 3, 1, 2, 1, 3, 4, 3, 1, 3]"
Tom Selleck,3.0345,0.9278,29,"[3, 4, 3, 3, 3, 5, 1, 3, 3, 3, 4, 3, 3, 3, 1, 5, 3, 3, 4, 3, 3, 3, 2, 1, 3, 3, 3, 4, 3]"
Toni,2.6333,0.752,30,"[3, 3, 3, 3, 3, 1, 2, 3, 3, 2, 3, 3, 3, 3, 1, 1, 3, 2, 1, 3, 4, 3, 3, 3, 3, 3, 2, 3, 3, 3]"
Tracy,2.6897,1.0538,29,"[1, 1, 3, 4, 4, 2, 2, 3, 2, 2, 3, 3, 1, 3, 3, 5, 3, 4, 3, 3, 1, 3, 4, 4, 1, 2, 3, 3, 2]"
Travis,2.6333,0.9123,30,"[1, 3, 3, 3, 1, 3, 3, 1, 3, 3, 2, 4, 3, 3, 3, 3, 3, 3, 2, 3, 4, 4, 3, 3, 1, 3, 3, 3, 1, 1]"
Tucson,2.6786,0.9656,28,"[1, 1, 3, 4, 2, 3, 3, 3, 2, 4, 4, 2, 1, 3, 3, 3, 3, 3, 3, 1, 3, 3, 4, 1, 3, 3, 2, 4]"
Tulsa,2.6207,1.2152,29,"[1, 1, 3, 4, 2, 2, 1, 4, 1, 3, 4, 3, 1, 3, 3, 5, 3, 2, 5, 3, 1, 3, 3, 1, 1, 3, 3, 3, 4]"
Turkmenistan,2.6333,0.9481,30,"[4, 4, 1, 3, 3, 1, 3, 3, 3, 1, 3, 3, 3, 3, 1, 1, 3, 4, 3, 3, 3, 3, 3, 3, 3, 3, 1, 3, 1, 3]"
Ty Cobb,2.8667,1.1175,30,"[3, 1, 3, 4, 4, 3, 4, 3, 3, 1, 3, 3, 3, 3, 4, 4, 2, 1, 3, 1, 4, 4, 4, 3, 1, 1, 3, 5, 2, 3]"
Valerie,2.7931,0.9958,29,"[1, 1, 3, 4, 2, 2, 4, 3, 2, 4, 3, 4, 1, 3, 3, 3, 3, 4, 3, 3, 5, 2, 3, 3, 1, 3, 3, 3, 2]"
Venezuela,3.2069,0.9606,29,"[1, 3, 3, 4, 3, 2, 2, 3, 1, 5, 3, 4, 2, 2, 3, 4, 4, 4, 4, 3, 4, 3, 4, 4, 3, 4, 4, 3, 4]"
Vera,2.5172,0.8558,29,"[1, 1, 2, 3, 2, 2, 1, 3, 3, 3, 3, 2, 1, 3, 3, 3, 3, 3, 3, 3, 4, 3, 3, 2, 1, 2, 3, 3, 4]"
Vickie,2.6897,0.9862,29,"[1, 1, 3, 4, 2, 2, 4, 3, 2, 3, 3, 4, 1, 3, 3, 3, 3, 4, 3, 3, 4, 2, 3, 1, 1, 4, 3, 3, 2]"
Vicks VapoRub,2.5172,1.1024,29,"[4, 3, 2, 4, 4, 1, 1, 1, 2, 4, 1, 4, 3, 3, 2, 2, 2, 4, 2, 4, 3, 3, 2, 1, 2, 4, 2, 1, 2]"
Vicky,3.1515,0.9251,33,"[3, 3, 4, 3, 3, 4, 5, 1, 4, 3, 1, 3, 3, 4, 3, 1, 3, 3, 5, 3, 4, 2, 3, 3, 4, 4, 3, 4, 3, 3, 3, 3, 3]"
Victor,2.6552,0.9201,29,"[1, 3, 3, 4, 2, 1, 1, 3, 3, 3, 4, 3, 3, 4, 1, 3, 4, 3, 2, 3, 3, 3, 2, 1, 3, 3, 3, 2, 3]"
Victoria,3.1333,0.9911,30,"[4, 3, 2, 4, 3, 4, 1, 3, 3, 3, 5, 4, 4, 3, 3, 1, 5, 4, 3, 3, 3, 3, 2, 4, 4, 3, 3, 3, 1, 3]"
Virginia,2.7143,0.9583,28,"[1, 4, 3, 3, 3, 2, 1, 3, 2, 3, 2, 3, 3, 1, 3, 3, 3, 5, 3, 4, 2, 3, 3, 3, 4, 2, 1, 3]"
Wendell,2.3333,0.8692,30,"[3, 1, 3, 4, 3, 2, 3, 3, 3, 1, 2, 2, 3, 3, 2, 4, 2, 1, 2, 1, 2, 3, 3, 3, 1, 3, 2, 1, 2, 2]"
Wesley Snipes,3.2333,1.116,30,"[3, 4, 3, 4, 2, 1, 4, 3, 3, 5, 3, 4, 5, 3, 4, 1, 5, 3, 3, 1, 5, 3, 3, 4, 3, 3, 2, 4, 2, 4]"
Whitney Houston,3.3667,0.836,30,"[4, 5, 3, 2, 4, 4, 4, 3, 4, 4, 4, 4, 3, 4, 3, 1, 2, 4, 3, 4, 3, 3, 4, 4, 4, 3, 3, 3, 3, 2]"
Will Smith,4.2069,0.8043,29,"[1, 4, 4, 4, 4, 4, 5, 5, 4, 5, 4, 4, 4, 4, 3, 5, 4, 4, 5, 5, 4, 5, 4, 5, 4, 5, 4, 4, 5]"
William Henry Harrison,2.6333,0.752,30,"[3, 3, 3, 3, 3, 1, 3, 3, 3, 2, 3, 3, 3, 3, 1, 1, 4, 2, 1, 3, 3, 3, 3, 3, 3, 3, 2, 3, 2, 3]"
Willie,2.5,0.922,30,"[3, 3, 3, 4, 3, 3, 3, 3, 2, 1, 2, 4, 3, 3, 3, 2, 2, 1, 2, 1, 3, 3, 3, 3, 1, 1, 4, 1, 2, 3]"
Winslow Homer,2.6,0.9165,30,"[2, 3, 3, 1, 1, 2, 3, 3, 3, 4, 3, 3, 3, 3, 1, 3, 3, 3, 3, 3, 2, 2, 5, 3, 3, 3, 3, 2, 1, 1]"
Wyoming,2.9667,1.0483,30,"[4, 3, 2, 5, 3, 1, 3, 3, 4, 2, 2, 2, 4, 4, 3, 1, 4, 3, 3, 3, 3, 5, 2, 4, 3, 2, 3, 3, 4, 1]"
Yao Ming,2.8966,1.0287,29,"[1, 3, 3, 3, 4, 1, 4, 3, 2, 3, 4, 3, 3, 4, 1, 4, 2, 3, 5, 3, 3, 4, 2, 1, 3, 2, 3, 4, 3]"
Yasser Arafat,2.9333,1.0934,30,"[3, 1, 3, 1, 3, 1, 3, 3, 3, 5, 3, 3, 3, 3, 1, 3, 5, 4, 2, 3, 2, 3, 2, 3, 4, 5, 2, 3, 4, 4]"
Yellowstone,3.7,1.1,30,"[2, 4, 3, 5, 1, 4, 3, 4, 3, 5, 5, 4, 4, 4, 4, 3, 5, 4, 5, 2, 3, 4, 3, 4, 4, 4, 5, 5, 1, 4]"
Yemen,2.4667,0.9911,30,"[1, 4, 1, 3, 5, 3, 2, 2, 3, 1, 3, 3, 3, 3, 3, 3, 2, 2, 2, 3, 3, 1, 3, 3, 1, 1, 1, 3, 3, 3]"
Yosemite,3.3333,1.1643,30,"[4, 4, 4, 3, 3, 1, 2, 3, 4, 2, 4, 4, 4, 3, 1, 3, 4, 4, 5, 3, 4, 4, 5, 4, 3, 5, 1, 4, 1, 4]"
Zane Grey,2.6667,0.83,30,"[4, 3, 2, 3, 3, 1, 3, 1, 3, 2, 4, 3, 3, 3, 3, 1, 1, 2, 2, 4, 3, 3, 2, 3, 3, 3, 3, 3, 3, 3]"
Zelda,3.6333,0.836,30,"[3, 4, 4, 5, 5, 3, 3, 3, 5, 5, 4, 3, 3, 3, 3, 4, 4, 3, 5, 3, 4, 3, 4, 3, 3, 3, 4, 3, 5, 2]"
a Brazil nut,2.7647,1.0307,34,"[3, 3, 4, 2, 4, 3, 5, 2, 1, 1, 5, 2, 3, 4, 3, 2, 1, 3, 3, 2, 3, 3, 2, 1, 2, 4, 3, 3, 4, 3, 3, 2, 3, 2]"
a Brazilian,3.5667,0.8439,30,"[3, 4, 3, 4, 3, 3, 4, 3, 5, 3, 4, 4, 3, 3, 4, 2, 4, 4, 4, 3, 4, 4, 5, 5, 4, 3, 4, 1, 3, 4]"
a Chevrolet,2.8333,1.098,30,"[3, 3, 3, 4, 3, 3, 4, 4, 3, 1, 4, 2, 3, 3, 4, 4, 2, 1, 1, 1, 4, 4, 2, 3, 1, 5, 2, 2, 3, 3]"
a Dutch oven,2.6207,1.1269,29,"[3, 2, 1, 1, 3, 3, 4, 2, 3, 2, 3, 1, 4, 3, 4, 2, 5, 4, 2, 3, 2, 2, 3, 1, 2, 5, 1, 2, 3]"
a Game Boy,3.7,1.005,30,"[2, 2, 2, 5, 1, 3, 5, 4, 3, 5, 5, 4, 4, 3, 4, 3, 4, 4, 5, 4, 5, 4, 4, 3, 4, 4, 4, 4, 3, 4]"
a Hindu,2.7931,0.8043,29,"[4, 3, 3, 3, 4, 1, 1, 3, 4, 3, 4, 3, 3, 3, 2, 3, 2, 2, 3, 3, 3, 1, 3, 3, 3, 3, 2, 3, 3]"
a Hyundai,2.6,1.052,30,"[2, 2, 3, 4, 3, 3, 3, 4, 3, 2, 3, 2, 3, 3, 2, 2, 2, 1, 2, 1, 4, 4, 5, 3, 1, 4, 2, 1, 1, 3]"
a Jew,2.6667,1.0435,30,"[3, 1, 3, 3, 4, 3, 4, 4, 5, 1, 3, 2, 3, 2, 1, 2, 3, 3, 3, 1, 3, 3, 3, 3, 1, 3, 4, 1, 2, 3]"
a Long Island Iced Tea,3.6333,1.0796,30,"[3, 5, 4, 5, 3, 3, 4, 4, 4, 3, 5, 4, 3, 4, 4, 5, 2, 2, 4, 5, 3, 4, 5, 3, 1, 4, 5, 2, 2, 4]"
a Nissan,2.8333,0.9339,30,"[2, 3, 2, 4, 2, 3, 3, 3, 2, 5, 5, 2, 3, 3, 3, 3, 2, 1, 3, 3, 3, 2, 3, 3, 4, 3, 3, 4, 1, 2]"
a Phillips screwdriver,2.2759,0.8669,29,"[2, 3, 2, 3, 4, 1, 1, 3, 3, 3, 2, 3, 2, 1, 1, 2, 2, 2, 2, 3, 3, 2, 1, 1, 3, 4, 2, 2, 3]"
a Pole,2.4333,0.9551,30,"[1, 3, 1, 5, 1, 2, 3, 1, 3, 2, 2, 2, 3, 1, 3, 3, 3, 2, 2, 3, 1, 2, 3, 3, 3, 3, 2, 4, 3, 3]"
a Russian,2.931,0.8276,29,"[3, 3, 3, 3, 4, 1, 3, 3, 3, 4, 4, 3, 3, 3, 1, 4, 2, 3, 3, 3, 3, 2, 4, 1, 4, 3, 3, 3, 3]"
a Shiite,2.7667,0.8825,30,"[1, 3, 2, 3, 3, 3, 3, 3, 1, 2, 2, 3, 3, 2, 4, 3, 3, 2, 2, 3, 4, 4, 2, 4, 2, 3, 3, 3, 5, 2]"
a Tasmanian devil,3.9333,1.0934,30,"[2, 4, 5, 4, 4, 3, 4, 5, 5, 2, 5, 2, 5, 5, 5, 5, 1, 4, 4, 4, 4, 5, 5, 4, 4, 2, 4, 4, 4, 4]"
a baboon,3.6,1.0198,30,"[3, 4, 4, 4, 1, 1, 4, 4, 5, 4, 5, 4, 3, 2, 4, 3, 3, 3, 4, 5, 4, 4, 4, 4, 4, 3, 2, 4, 5, 4]"
a bachelor,3.1379,1.1955,29,"[1, 2, 5, 3, 4, 2, 3, 2, 1, 4, 4, 2, 1, 2, 3, 5, 4, 4, 3, 4, 5, 3, 3, 4, 3, 5, 2, 3, 4]"
a baggage man,2.2424,0.8539,33,"[1, 2, 2, 2, 2, 2, 3, 1, 2, 3, 2, 3, 4, 2, 4, 1, 3, 3, 1, 2, 3, 2, 1, 2, 3, 1, 3, 2, 3, 3, 1, 3, 2]"
a baking tray,2.3235,1.104,34,"[1, 3, 2, 3, 4, 2, 4, 2, 1, 1, 3, 3, 3, 4, 2, 3, 1, 3, 1, 1, 2, 3, 2, 1, 2, 4, 2, 3, 5, 3, 1, 1, 1, 2]"
a banana split,3.6667,1.2202,30,"[4, 4, 3, 5, 5, 1, 4, 3, 4, 2, 1, 4, 3, 3, 1, 5, 4, 5, 4, 4, 5, 3, 2, 4, 4, 5, 5, 4, 4, 5]"
a baritone saxophone,3.1,1.0116,30,"[4, 3, 2, 4, 4, 3, 4, 3, 4, 2, 2, 1, 3, 4, 1, 2, 4, 4, 4, 4, 5, 2, 2, 4, 3, 3, 3, 2, 4, 3]"
a barkeeper,3.0333,1.0483,30,"[3, 4, 3, 4, 3, 3, 4, 3, 4, 2, 5, 2, 3, 2, 3, 5, 3, 1, 2, 4, 3, 3, 4, 3, 1, 3, 4, 1, 2, 4]"
a baroness,3.2667,0.9286,30,"[3, 4, 3, 3, 4, 3, 3, 3, 4, 2, 5, 4, 4, 3, 4, 5, 4, 2, 2, 2, 4, 4, 3, 3, 4, 4, 3, 1, 2, 3]"
a bass clarinet,2.8667,0.9911,30,"[3, 3, 4, 4, 4, 3, 4, 3, 3, 2, 1, 2, 3, 3, 1, 1, 4, 3, 4, 4, 4, 2, 1, 4, 3, 3, 3, 2, 2, 3]"
a bass viola,2.7667,1.2023,30,"[4, 3, 1, 4, 4, 1, 4, 3, 3, 1, 2, 1, 3, 3, 1, 1, 2, 3, 5, 4, 4, 2, 2, 4, 3, 3, 4, 4, 1, 3]"
a bassist,2.9655,1.2172,29,"[1, 1, 2, 2, 4, 3, 4, 4, 4, 5, 2, 5, 1, 3, 3, 4, 4, 4, 1, 2, 4, 3, 4, 2, 4, 4, 2, 2, 2]"
a basting brush,2.5,1.0247,30,"[3, 1, 3, 2, 1, 1, 3, 3, 3, 2, 2, 3, 4, 3, 1, 5, 3, 2, 2, 3, 2, 1, 2, 2, 4, 3, 3, 3, 1, 4]"
a bathrobe,2.6,1.3565,30,"[1, 3, 1, 5, 1, 1, 3, 3, 1, 2, 2, 3, 2, 4, 4, 4, 3, 5, 1, 1, 5, 1, 4, 3, 1, 2, 2, 4, 2, 4]"
a bathroom,2.2,1.0132,30,"[2, 3, 2, 1, 3, 1, 2, 1, 4, 3, 1, 1, 3, 1, 3, 3, 2, 3, 3, 1, 1, 2, 3, 2, 3, 2, 4, 4, 1, 1]"
a bay,2.9118,1.0946,34,"[1, 3, 4, 3, 5, 4, 4, 3, 1, 2, 4, 2, 3, 4, 4, 3, 1, 3, 2, 2, 2, 2, 2, 1, 2, 4, 4, 4, 5, 3, 3, 3, 3, 3]"
a beaver,2.6207,0.997,29,"[1, 2, 3, 4, 4, 3, 3, 3, 3, 4, 3, 3, 1, 3, 3, 1, 2, 4, 1, 3, 2, 4, 3, 1, 3, 3, 2, 3, 1]"
a bed,2.7667,1.2297,30,"[3, 2, 1, 4, 3, 3, 4, 1, 1, 3, 3, 4, 1, 2, 4, 4, 5, 3, 1, 3, 4, 2, 3, 1, 1, 5, 3, 3, 2, 4]"
a beekeeper,2.9333,1.2365,30,"[4, 3, 1, 1, 4, 3, 3, 3, 4, 1, 4, 4, 2, 4, 3, 3, 4, 4, 4, 3, 1, 1, 4, 5, 2, 3, 2, 1, 5, 2]"
a bellboy,2.3667,0.9826,30,"[2, 3, 3, 1, 3, 2, 3, 3, 2, 1, 5, 1, 3, 2, 1, 3, 1, 3, 3, 1, 1, 2, 3, 3, 3, 3, 2, 4, 2, 2]"
a bidder,3.3667,1.016,30,"[4, 3, 1, 2, 4, 4, 3, 4, 5, 4, 4, 4, 4, 4, 5, 4, 4, 4, 2, 3, 2, 4, 4, 3, 4, 2, 2, 2, 4, 2]"
a black bear,3.8,1.1075,30,"[4, 5, 5, 2, 4, 3, 2, 5, 4, 4, 5, 2, 5, 4, 5, 5, 2, 4, 3, 4, 5, 4, 1, 3, 4, 3, 4, 5, 4, 4]"
a blackberry,3.3,0.9713,30,"[4, 3, 5, 4, 5, 3, 3, 2, 3, 5, 4, 3, 4, 3, 1, 1, 2, 3, 3, 4, 4, 3, 3, 3, 3, 4, 3, 3, 4, 4]"
a blowdart,3.6667,0.8692,30,"[3, 4, 4, 3, 4, 1, 4, 2, 5, 4, 4, 4, 4, 4, 3, 3, 5, 4, 4, 3, 4, 4, 5, 4, 4, 4, 2, 3, 4, 4]"
a blowfish,2.931,1.2847,29,"[1, 3, 1, 3, 5, 4, 4, 4, 1, 2, 3, 3, 1, 4, 3, 5, 3, 4, 1, 4, 1, 5, 3, 2, 2, 2, 4, 3, 4]"
a bolt,2.9697,1.193,33,"[3, 3, 4, 2, 1, 5, 1, 3, 2, 1, 3, 3, 3, 4, 2, 3, 4, 3, 5, 1, 4, 3, 1, 2, 4, 4, 2, 4, 4, 3, 2, 5, 4]"
a bongo drum,3.2759,1.0471,29,"[1, 4, 4, 3, 4, 1, 4, 3, 4, 4, 2, 4, 3, 4, 2, 5, 3, 4, 4, 3, 4, 4, 1, 2, 3, 3, 4, 4, 4]"
a boomerang,3.5,1.0567,30,"[2, 4, 4, 4, 4, 3, 4, 4, 4, 4, 4, 2, 4, 4, 4, 5, 2, 2, 2, 4, 2, 5, 5, 3, 1, 4, 5, 3, 3, 4]"
a boy,2.7931,1.0299,29,"[1, 3, 5, 3, 3, 3, 1, 3, 1, 3, 3, 3, 1, 3, 3, 4, 3, 4, 3, 3, 1, 3, 4, 3, 1, 3, 3, 3, 4]"
a broiler,2.7,0.9363,30,"[3, 2, 2, 2, 5, 1, 3, 3, 3, 2, 2, 2, 4, 3, 1, 3, 3, 2, 3, 3, 2, 4, 4, 3, 3, 3, 3, 4, 1, 2]"
a buffalo,3.1333,0.8844,30,"[4, 4, 4, 2, 2, 3, 4, 3, 3, 2, 2, 3, 4, 3, 1, 3, 5, 3, 4, 5, 2, 3, 3, 3, 3, 3, 3, 3, 4, 3]"
a building,2.3667,0.7951,30,"[1, 3, 2, 1, 2, 2, 3, 3, 3, 1, 2, 3, 3, 2, 3, 4, 2, 3, 2, 3, 3, 1, 1, 3, 3, 2, 2, 2, 3, 3]"
a bullfighter,4.3529,1.0539,34,"[5, 2, 5, 2, 5, 5, 1, 3, 5, 5, 5, 5, 4, 3, 5, 5, 5, 5, 5, 5, 5, 5, 5, 4, 5, 4, 5, 4, 5, 4, 3, 5, 5, 4]"
a bum,2.2667,1.1813,30,"[1, 3, 1, 1, 3, 2, 3, 3, 2, 1, 1, 3, 2, 1, 2, 4, 4, 1, 4, 3, 2, 4, 1, 3, 1, 1, 2, 5, 3, 1]"
a bureaucrat,2.1379,1.1663,29,"[1, 1, 4, 1, 2, 3, 2, 2, 1, 1, 4, 2, 2, 1, 4, 1, 4, 4, 3, 1, 1, 4, 3, 1, 1, 2, 1, 3, 2]"
a burger,3.2667,0.8138,30,"[3, 4, 3, 4, 3, 4, 4, 3, 2, 3, 3, 4, 3, 3, 3, 1, 5, 2, 3, 4, 4, 2, 3, 4, 3, 4, 3, 3, 4, 4]"
a burrito,3.0345,1.098,29,"[5, 3, 4, 3, 3, 2, 1, 3, 4, 4, 3, 4, 1, 3, 1, 2, 5, 3, 5, 3, 4, 3, 2, 3, 3, 4, 3, 2, 2]"
a busybody,3.4667,1.0873,30,"[4, 2, 4, 3, 2, 1, 4, 3, 4, 5, 4, 4, 4, 5, 4, 1, 4, 5, 4, 4, 3, 4, 4, 4, 4, 4, 2, 4, 2, 2]"
a butte,2.5,0.8851,30,"[1, 3, 1, 3, 1, 3, 3, 4, 3, 2, 1, 1, 3, 2, 3, 3, 3, 3, 2, 3, 4, 1, 3, 3, 2, 3, 3, 2, 3, 3]"
a butter knife,1.6897,0.8751,29,"[1, 1, 2, 3, 2, 1, 1, 1, 1, 2, 2, 3, 1, 3, 3, 1, 2, 2, 1, 2, 1, 1, 1, 1, 1, 1, 4, 3, 1]"
a buttercup,2.7667,0.8035,30,"[4, 3, 2, 4, 3, 4, 2, 3, 2, 2, 2, 3, 4, 3, 3, 1, 4, 2, 2, 3, 3, 4, 3, 3, 2, 3, 2, 3, 2, 2]"
a buzzard,2.8621,1.1955,29,"[1, 1, 2, 4, 4, 3, 2, 1, 3, 4, 2, 3, 1, 3, 3, 1, 3, 4, 4, 3, 1, 4, 4, 5, 4, 4, 4, 3, 2]"
a cabin,2.6667,1.1353,30,"[3, 5, 1, 4, 3, 3, 4, 2, 1, 2, 2, 2, 1, 3, 3, 2, 2, 4, 2, 3, 5, 3, 4, 2, 1, 4, 3, 2, 1, 3]"
a café mocha,3.2647,1.0657,34,"[3, 5, 4, 3, 5, 4, 4, 3, 2, 2, 5, 2, 3, 4, 4, 3, 4, 3, 3, 1, 3, 4, 2, 1, 4, 4, 3, 4, 5, 4, 3, 2, 3, 2]"
a cake,3.5667,0.8439,30,"[3, 4, 3, 3, 4, 4, 4, 3, 5, 4, 5, 4, 4, 3, 3, 1, 5, 4, 3, 4, 4, 4, 3, 4, 3, 2, 3, 3, 4, 4]"
a canal,2.5882,0.9113,34,"[2, 3, 4, 3, 4, 2, 4, 2, 2, 1, 3, 2, 3, 4, 3, 3, 1, 3, 3, 1, 3, 3, 2, 1, 2, 3, 3, 4, 2, 3, 3, 1, 3, 2]"
a canister,2.2069,0.9606,29,"[1, 3, 3, 2, 4, 2, 1, 3, 3, 1, 1, 3, 1, 3, 2, 1, 3, 3, 3, 3, 3, 1, 2, 1, 3, 3, 1, 1, 3]"
a canyon,3.5667,1.0225,30,"[2, 5, 2, 4, 1, 4, 5, 3, 3, 5, 4, 4, 4, 3, 3, 4, 4, 5, 4, 4, 2, 2, 3, 3, 4, 4, 4, 5, 3, 4]"
a capelin,2.6333,0.875,30,"[4, 3, 2, 3, 3, 1, 3, 3, 3, 3, 4, 2, 4, 3, 3, 1, 1, 3, 3, 3, 3, 3, 1, 3, 3, 2, 3, 3, 1, 2]"
a carnation,2.8667,1.1175,30,"[2, 3, 3, 4, 4, 3, 3, 3, 4, 3, 4, 3, 4, 3, 1, 1, 4, 4, 1, 4, 4, 1, 1, 3, 4, 3, 2, 2, 1, 4]"
a carrot,2.3333,1.0111,30,"[1, 3, 1, 1, 1, 2, 3, 3, 4, 2, 2, 4, 2, 2, 2, 4, 1, 4, 1, 3, 2, 1, 2, 3, 2, 3, 2, 4, 3, 2]"
a carving fork,2.5667,0.9195,30,"[3, 3, 4, 1, 2, 3, 5, 1, 3, 3, 1, 1, 3, 2, 3, 3, 2, 3, 3, 3, 1, 2, 3, 3, 2, 3, 3, 3, 2, 3]"
a cashew,2.8235,1.1998,34,"[1, 4, 4, 3, 4, 3, 5, 1, 1, 1, 5, 3, 3, 4, 3, 2, 1, 3, 3, 1, 1, 3, 2, 4, 2, 4, 4, 4, 4, 3, 3, 2, 3, 2]"
a cashier,2.2759,0.8669,29,"[1, 2, 2, 3, 1, 2, 2, 3, 2, 4, 3, 3, 1, 3, 3, 3, 1, 4, 2, 2, 2, 1, 2, 1, 3, 3, 2, 3, 2]"
a casserole,2.0345,1.098,29,"[1, 1, 1, 3, 1, 1, 1, 3, 1, 2, 4, 2, 2, 3, 3, 1, 1, 4, 3, 2, 3, 5, 2, 2, 1, 1, 2, 2, 1]"
a castle,3.9,1.0755,30,"[3, 5, 4, 5, 1, 5, 1, 3, 3, 5, 5, 4, 4, 4, 4, 4, 4, 4, 5, 4, 4, 2, 5, 3, 4, 5, 4, 4, 5, 4]"
a catamaran,3.3667,1.1968,30,"[4, 3, 2, 5, 4, 1, 3, 1, 4, 2, 3, 5, 4, 5, 3, 1, 5, 4, 3, 3, 4, 3, 5, 4, 3, 4, 3, 3, 5, 2]"
a cave,3.2353,1.0588,34,"[2, 4, 4, 4, 5, 2, 4, 2, 3, 1, 5, 4, 3, 4, 3, 4, 1, 4, 3, 2, 4, 2, 3, 3, 4, 4, 3, 2, 5, 4, 3, 2, 4, 3]"
a cavern,3.1379,1.224,29,"[2, 1, 1, 4, 5, 4, 1, 3, 4, 2, 4, 3, 4, 3, 3, 1, 4, 3, 4, 4, 4, 3, 5, 4, 1, 4, 4, 2, 4]"
a ceiling fan,2.4138,0.9655,29,"[3, 2, 3, 3, 3, 1, 2, 1, 3, 2, 1, 2, 3, 5, 3, 1, 1, 2, 3, 3, 3, 4, 2, 2, 1, 3, 3, 3, 2]"
a celebrity,3.7667,0.6675,30,"[4, 5, 4, 4, 4, 4, 4, 5, 4, 4, 4, 4, 2, 4, 3, 4, 4, 4, 3, 4, 4, 3, 4, 4, 3, 4, 4, 4, 2, 3]"
a champagne flute,3.1667,1.0672,30,"[3, 3, 3, 2, 3, 4, 1, 2, 3, 1, 5, 4, 5, 3, 1, 3, 3, 4, 4, 3, 2, 4, 4, 3, 4, 4, 2, 4, 4, 4]"
a charcoal grill,3.0333,1.0796,30,"[4, 3, 2, 2, 4, 2, 3, 5, 4, 1, 2, 3, 4, 4, 3, 4, 2, 3, 4, 2, 5, 1, 4, 2, 3, 2, 2, 3, 4, 4]"
a charlatan,3.0,1.2383,30,"[1, 3, 2, 2, 4, 4, 3, 3, 4, 2, 4, 3, 4, 1, 4, 4, 4, 2, 4, 5, 1, 3, 1, 5, 3, 1, 2, 3, 5, 3]"
a cherry,3.2667,0.8537,30,"[4, 3, 2, 4, 3, 5, 3, 3, 3, 4, 4, 4, 4, 3, 3, 1, 4, 4, 3, 3, 3, 4, 4, 3, 4, 1, 3, 3, 3, 3]"
a cherry blossom,3.2667,0.9286,30,"[3, 4, 2, 4, 3, 4, 4, 3, 2, 2, 4, 3, 4, 3, 3, 1, 4, 4, 4, 3, 3, 5, 4, 4, 3, 1, 3, 3, 4, 4]"
a chickadee,2.6207,0.8475,29,"[1, 2, 3, 3, 4, 2, 3, 4, 1, 2, 3, 3, 2, 3, 3, 3, 2, 2, 3, 3, 2, 4, 4, 3, 1, 2, 3, 3, 2]"
a child,3.1,1.2477,30,"[2, 4, 1, 4, 4, 4, 5, 5, 3, 3, 4, 2, 1, 3, 3, 4, 1, 4, 2, 1, 4, 4, 4, 3, 1, 5, 3, 3, 2, 4]"
a chinchilla,3.1333,1.1175,30,"[4, 3, 3, 4, 4, 1, 4, 3, 4, 2, 3, 4, 4, 5, 3, 1, 4, 4, 4, 3, 3, 5, 3, 3, 1, 2, 2, 3, 4, 1]"
a chiseler,2.7931,1.0299,29,"[1, 3, 3, 2, 2, 1, 4, 3, 4, 3, 1, 3, 4, 3, 1, 4, 2, 3, 3, 3, 3, 3, 2, 4, 4, 1, 4, 4, 3]"
a cigarmaker,2.8667,0.8844,30,"[3, 3, 3, 2, 1, 3, 5, 3, 3, 4, 4, 1, 3, 3, 2, 3, 2, 3, 3, 3, 4, 2, 3, 3, 4, 4, 2, 2, 2, 3]"
a citizen,2.4643,0.9056,28,"[1, 2, 3, 3, 2, 2, 3, 1, 3, 3, 3, 5, 3, 3, 3, 2, 3, 1, 3, 1, 2, 3, 2, 1, 3, 2, 3, 3]"
a clansman,2.9667,1.4716,30,"[4, 1, 4, 1, 4, 3, 3, 1, 5, 2, 4, 4, 2, 1, 2, 3, 5, 4, 4, 5, 3, 4, 1, 5, 1, 2, 4, 1, 5, 1]"
a coachman,2.4828,1.0042,29,"[1, 3, 3, 3, 4, 1, 2, 3, 3, 2, 2, 3, 1, 3, 1, 1, 3, 2, 4, 3, 2, 1, 3, 1, 3, 4, 3, 4, 3]"
a cold front,2.9394,1.1265,33,"[1, 4, 4, 3, 4, 2, 1, 2, 4, 4, 4, 2, 4, 4, 2, 1, 4, 4, 1, 4, 4, 2, 4, 2, 4, 2, 2, 4, 4, 3, 2, 2, 3]"
a colonel,3.3667,1.0796,30,"[3, 4, 4, 2, 2, 3, 5, 3, 3, 5, 4, 4, 3, 3, 3, 5, 4, 3, 4, 2, 2, 2, 4, 3, 5, 5, 4, 2, 1, 4]"
a comic book,3.3333,1.2737,30,"[3, 4, 5, 5, 4, 2, 4, 5, 2, 2, 5, 2, 4, 4, 2, 4, 4, 3, 2, 1, 4, 4, 5, 3, 1, 5, 3, 1, 3, 4]"
a commissioner,2.6176,0.875,34,"[3, 3, 1, 3, 2, 3, 3, 2, 2, 3, 3, 4, 3, 4, 2, 4, 1, 4, 3, 2, 2, 3, 2, 3, 2, 4, 1, 3, 1, 3, 3, 2, 3, 2]"
a commuter,2.6,0.9866,30,"[4, 3, 2, 2, 3, 1, 2, 3, 3, 3, 4, 2, 4, 4, 3, 1, 3, 2, 2, 2, 3, 3, 5, 2, 2, 1, 2, 3, 1, 3]"
a conductor,3.2941,0.9245,34,"[5, 4, 2, 3, 3, 4, 4, 3, 2, 2, 5, 2, 3, 4, 2, 3, 1, 3, 4, 2, 4, 4, 3, 3, 4, 3, 4, 4, 4, 4, 3, 4, 4, 3]"
a confectioner,3.3103,0.8751,29,"[4, 3, 2, 5, 4, 3, 3, 3, 4, 4, 4, 4, 4, 4, 4, 4, 4, 4, 2, 2, 1, 2, 3, 3, 4, 3, 3, 3, 3]"
a conga,3.9,0.8699,30,"[3, 4, 3, 4, 2, 4, 4, 4, 4, 5, 5, 4, 4, 4, 1, 4, 4, 4, 4, 3, 4, 4, 5, 5, 4, 5, 3, 4, 5, 4]"
a consort,3.2941,1.044,34,"[5, 3, 2, 3, 4, 4, 4, 3, 2, 1, 4, 2, 4, 4, 4, 4, 1, 4, 3, 4, 5, 3, 3, 3, 4, 4, 3, 4, 1, 3, 3, 3, 5, 3]"
a constable,2.8214,1.0369,28,"[1, 1, 2, 4, 4, 4, 1, 2, 2, 4, 3, 2, 3, 3, 3, 4, 4, 3, 3, 3, 3, 2, 4, 1, 4, 4, 3, 2]"
a contestant,3.2,0.9452,30,"[3, 4, 2, 2, 5, 4, 3, 2, 4, 4, 4, 3, 4, 3, 3, 1, 2, 2, 2, 4, 5, 3, 4, 4, 4, 3, 3, 3, 3, 3]"
a continent,2.4667,0.8459,30,"[2, 3, 2, 2, 3, 1, 3, 3, 3, 1, 2, 3, 3, 3, 1, 3, 3, 2, 1, 3, 3, 3, 1, 3, 3, 3, 4, 3, 1, 3]"
a convent,1.8276,0.9494,29,"[2, 1, 1, 1, 3, 1, 4, 2, 1, 1, 1, 2, 1, 1, 3, 3, 2, 2, 3, 1, 4, 3, 1, 1, 1, 2, 1, 2, 2]"
a cookie,3.3103,1.1775,29,"[1, 4, 4, 4, 3, 2, 4, 3, 5, 1, 4, 4, 1, 4, 3, 4, 4, 4, 4, 4, 4, 4, 4, 4, 4, 4, 1, 1, 3]"
a cookie cutter,2.2333,1.0546,30,"[2, 1, 3, 1, 1, 4, 2, 3, 3, 1, 1, 1, 3, 3, 3, 3, 2, 3, 2, 1, 1, 3, 1, 2, 4, 4, 2, 4, 2, 1]"
a cottage,2.5172,1.1633,29,"[2, 5, 1, 4, 3, 3, 4, 3, 1, 1, 2, 2, 1, 3, 2, 2, 3, 4, 2, 2, 5, 3, 4, 2, 1, 3, 1, 2, 2]"
a couch,2.1071,1.2346,28,"[1, 1, 1, 2, 1, 1, 3, 5, 2, 4, 3, 4, 3, 3, 1, 2, 4, 1, 1, 4, 3, 2, 1, 1, 2, 1, 1, 1]"
a courtier,2.9333,1.0625,30,"[4, 3, 4, 4, 4, 3, 4, 3, 4, 1, 4, 4, 3, 3, 3, 3, 4, 4, 2, 1, 4, 3, 1, 3, 2, 1, 3, 1, 2, 3]"
a coward,2.4412,1.1425,34,"[3, 2, 4, 3, 3, 2, 1, 1, 1, 1, 3, 4, 3, 3, 4, 4, 1, 3, 4, 1, 5, 3, 2, 1, 2, 2, 1, 3, 2, 2, 1, 2, 4, 2]"
a cranberry,2.8,1.0456,30,"[1, 3, 4, 2, 2, 3, 3, 3, 1, 2, 3, 5, 3, 3, 3, 4, 3, 4, 2, 3, 3, 1, 5, 3, 3, 2, 3, 2, 1, 4]"
a crater,3.1379,1.0414,29,"[1, 3, 3, 4, 4, 2, 3, 4, 2, 1, 4, 2, 4, 3, 4, 4, 3, 4, 3, 3, 2, 2, 3, 5, 4, 2, 4, 5, 3]"
a creek,2.6897,1.0206,29,"[1, 3, 2, 4, 3, 1, 1, 3, 3, 4, 2, 4, 1, 3, 2, 2, 2, 3, 1, 3, 3, 3, 2, 4, 3, 4, 4, 4, 3]"
a criminal,3.7143,1.2206,28,"[1, 1, 4, 4, 4, 2, 5, 5, 4, 4, 4, 2, 5, 4, 2, 5, 5, 4, 2, 4, 4, 5, 3, 5, 4, 5, 4, 3]"
a critic,2.6,1.2,30,"[2, 1, 4, 2, 4, 2, 3, 4, 4, 1, 4, 2, 4, 4, 3, 1, 3, 3, 2, 1, 3, 4, 1, 4, 1, 1, 2, 1, 3, 4]"
a customer,2.4483,0.968,29,"[1, 3, 3, 2, 4, 2, 1, 3, 3, 1, 1, 1, 1, 3, 2, 2, 3, 3, 4, 3, 3, 3, 3, 1, 4, 3, 3, 3, 2]"
a cutting board,2.3333,0.8692,30,"[1, 3, 1, 1, 4, 2, 3, 3, 3, 2, 3, 3, 2, 3, 3, 4, 1, 2, 2, 3, 2, 1, 2, 3, 1, 2, 2, 3, 3, 2]"
a dahlia,3.0333,1.0796,30,"[3, 4, 3, 4, 3, 3, 4, 4, 4, 3, 3, 3, 4, 2, 1, 4, 3, 4, 4, 1, 4, 5, 3, 2, 1, 4, 2, 1, 2, 3]"
a dairyman,2.2667,0.8537,30,"[3, 1, 3, 1, 3, 3, 4, 3, 2, 2, 2, 2, 3, 3, 3, 2, 2, 1, 3, 1, 2, 2, 3, 3, 1, 2, 3, 1, 1, 3]"
a deciduous plant,2.9333,1.0306,30,"[4, 2, 2, 4, 3, 4, 4, 3, 3, 3, 1, 4, 4, 2, 3, 1, 3, 4, 3, 3, 3, 5, 3, 3, 2, 4, 3, 3, 1, 1]"
a designer,3.0606,0.8856,33,"[3, 3, 4, 3, 4, 3, 4, 3, 2, 2, 4, 3, 4, 2, 3, 1, 3, 3, 2, 5, 3, 3, 3, 4, 3, 1, 3, 5, 3, 3, 3, 3, 3]"
a desperado,3.6667,0.8692,30,"[3, 3, 4, 5, 4, 1, 4, 4, 5, 4, 4, 4, 4, 3, 4, 3, 5, 4, 2, 4, 5, 3, 4, 4, 3, 4, 3, 3, 4, 3]"
a detective,3.7,0.9,30,"[3, 5, 3, 4, 4, 4, 4, 4, 4, 2, 5, 2, 4, 4, 4, 5, 3, 4, 2, 1, 4, 4, 4, 4, 4, 4, 4, 4, 4, 4]"
a dictator,3.1,1.3254,30,"[3, 1, 4, 1, 5, 4, 4, 3, 4, 2, 5, 2, 4, 4, 4, 5, 2, 1, 4, 2, 4, 4, 1, 3, 4, 1, 4, 1, 3, 4]"
a director's chair,3.1333,1.147,30,"[3, 4, 1, 4, 4, 4, 4, 3, 4, 3, 4, 2, 3, 5, 4, 4, 2, 1, 2, 1, 3, 4, 5, 3, 4, 3, 4, 1, 2, 3]"
a dirt bike,4.2667,0.5735,30,"[3, 4, 4, 5, 5, 4, 5, 4, 5, 4, 4, 5, 4, 4, 4, 4, 5, 3, 4, 5, 5, 4, 5, 4, 4, 4, 4, 5, 4, 4]"
a distributor,2.3103,0.9136,29,"[1, 3, 2, 2, 4, 2, 1, 3, 2, 3, 1, 3, 1, 3, 2, 1, 3, 2, 3, 3, 3, 1, 3, 1, 3, 3, 4, 2, 2]"
a dodo,2.5862,0.8912,29,"[1, 3, 4, 3, 4, 1, 2, 3, 2, 3, 2, 2, 2, 3, 2, 2, 2, 4, 3, 3, 2, 3, 2, 4, 2, 4, 3, 1, 3]"
a dome,2.8182,0.903,33,"[3, 3, 4, 3, 4, 2, 5, 3, 1, 2, 3, 3, 4, 3, 3, 1, 3, 3, 2, 3, 3, 2, 1, 2, 4, 3, 4, 2, 3, 3, 3, 3, 2]"
a doorman,2.2667,0.7272,30,"[3, 2, 2, 2, 3, 1, 2, 1, 3, 3, 3, 2, 3, 3, 2, 1, 1, 2, 2, 3, 3, 3, 2, 2, 2, 2, 3, 3, 1, 3]"
a dorado,2.6333,0.875,30,"[3, 2, 1, 3, 4, 1, 3, 3, 2, 2, 4, 3, 1, 3, 1, 1, 3, 3, 3, 3, 4, 3, 3, 3, 3, 3, 2, 3, 3, 3]"
a dragon,4.4138,0.9655,29,"[5, 5, 5, 4, 4, 1, 5, 5, 5, 5, 4, 5, 4, 4, 2, 5, 5, 4, 5, 3, 4, 5, 5, 5, 5, 5, 5, 5, 4]"
a dragonfly,3.3448,1.0264,29,"[1, 3, 1, 4, 4, 2, 4, 4, 4, 4, 4, 3, 4, 3, 3, 1, 3, 4, 5, 4, 4, 4, 3, 4, 4, 4, 4, 3, 2]"
a drawer,2.1176,0.963,34,"[2, 3, 2, 2, 3, 1, 4, 2, 1, 1, 3, 3, 3, 2, 1, 3, 1, 3, 3, 1, 1, 3, 2, 1, 1, 4, 2, 3, 1, 3, 3, 1, 1, 2]"
a drinking glass,2.2667,1.1235,30,"[1, 3, 1, 2, 3, 1, 1, 1, 3, 1, 1, 1, 3, 3, 2, 3, 4, 3, 3, 1, 3, 2, 3, 3, 5, 3, 2, 4, 1, 1]"
a dump truck,2.3,1.1,30,"[1, 3, 2, 1, 2, 3, 3, 4, 2, 1, 2, 1, 2, 1, 2, 3, 1, 3, 4, 3, 4, 1, 1, 5, 2, 3, 2, 3, 1, 3]"
a farmer,2.6667,1.075,30,"[1, 3, 2, 3, 2, 3, 3, 3, 5, 1, 1, 4, 3, 4, 1, 4, 2, 4, 4, 3, 3, 2, 1, 3, 2, 2, 2, 3, 4, 2]"
a femur,2.3667,0.9826,30,"[4, 2, 3, 4, 3, 2, 3, 1, 2, 3, 2, 2, 4, 3, 2, 1, 2, 1, 3, 3, 3, 4, 2, 3, 2, 1, 1, 3, 1, 1]"
a finalist,3.8,1.1944,30,"[4, 5, 4, 4, 4, 5, 4, 5, 5, 1, 5, 2, 5, 4, 5, 5, 2, 4, 4, 1, 4, 3, 5, 3, 4, 3, 3, 5, 2, 4]"
a firefighter,4.2333,0.6155,30,"[4, 3, 5, 5, 4, 4, 3, 5, 5, 4, 4, 5, 4, 4, 4, 4, 4, 4, 5, 4, 5, 5, 5, 4, 4, 5, 4, 4, 4, 3]"
a firefly,3.2,1.1372,30,"[4, 3, 4, 4, 1, 3, 4, 3, 3, 2, 3, 3, 5, 4, 1, 2, 1, 4, 4, 4, 1, 5, 3, 3, 3, 3, 3, 4, 5, 4]"
a fireman,4.0667,1.0306,30,"[3, 4, 5, 4, 1, 3, 5, 4, 3, 5, 5, 5, 5, 3, 3, 3, 5, 5, 4, 4, 4, 4, 5, 4, 5, 4, 5, 5, 2, 5]"
a fish,2.5667,0.9894,30,"[4, 2, 2, 4, 2, 1, 3, 3, 3, 1, 2, 3, 2, 3, 1, 1, 3, 3, 2, 3, 2, 1, 4, 3, 2, 3, 4, 4, 4, 2]"
a flamethrower,4.4667,0.8459,30,"[4, 5, 5, 5, 5, 5, 5, 4, 5, 5, 1, 5, 3, 5, 5, 4, 5, 5, 4, 4, 4, 4, 5, 5, 5, 4, 4, 5, 4, 5]"
a flathead screwdriver,2.2667,1.1813,30,"[1, 1, 1, 1, 1, 3, 3, 4, 2, 1, 2, 4, 3, 2, 3, 4, 1, 3, 2, 3, 5, 1, 1, 3, 1, 2, 2, 3, 4, 1]"
a flea,2.4667,1.2311,30,"[4, 1, 1, 1, 1, 3, 3, 3, 4, 4, 1, 3, 1, 3, 1, 1, 3, 4, 5, 2, 1, 3, 4, 2, 4, 3, 2, 3, 1, 2]"
a floor,1.8621,0.8189,29,"[2, 2, 1, 2, 3, 3, 1, 3, 1, 1, 2, 1, 2, 2, 1, 3, 1, 1, 1, 2, 3, 3, 1, 1, 2, 3, 1, 2, 3]"
a flounder,2.5333,0.9911,30,"[2, 4, 1, 2, 4, 3, 3, 3, 1, 2, 3, 2, 2, 2, 2, 4, 2, 3, 2, 1, 4, 3, 4, 3, 1, 4, 3, 1, 2, 3]"
a flowerpot,2.069,0.8683,29,"[2, 1, 1, 3, 1, 2, 3, 3, 1, 2, 1, 2, 3, 1, 1, 1, 2, 2, 3, 2, 2, 3, 3, 2, 3, 4, 3, 1, 2]"
a food processor,2.6333,1.0483,30,"[4, 2, 4, 1, 3, 1, 3, 1, 3, 3, 1, 2, 4, 4, 3, 1, 3, 2, 2, 3, 3, 4, 4, 1, 2, 3, 2, 3, 4, 3]"
a footrest,1.9333,0.9978,30,"[2, 3, 1, 1, 1, 3, 1, 1, 3, 1, 1, 1, 3, 3, 1, 4, 1, 3, 2, 1, 1, 2, 1, 3, 4, 2, 2, 1, 3, 2]"
a forearm,2.5588,0.9137,34,"[2, 3, 2, 2, 2, 2, 4, 2, 2, 1, 3, 3, 3, 4, 2, 4, 1, 3, 3, 2, 2, 3, 2, 2, 2, 4, 3, 3, 1, 3, 3, 2, 5, 2]"
a forester,2.7667,0.9894,30,"[2, 3, 4, 3, 5, 3, 3, 3, 2, 1, 2, 2, 4, 3, 1, 1, 2, 3, 2, 2, 2, 3, 3, 4, 3, 3, 4, 4, 4, 2]"
a forger,3.303,0.9995,33,"[3, 3, 2, 4, 3, 4, 2, 3, 2, 3, 5, 5, 3, 4, 4, 3, 1, 4, 3, 4, 4, 4, 4, 2, 4, 4, 4, 2, 1, 4, 4, 4, 3]"
a fork,2.4333,1.1455,30,"[1, 3, 1, 2, 2, 1, 5, 3, 4, 3, 1, 1, 2, 3, 1, 3, 4, 3, 3, 1, 1, 2, 1, 3, 4, 3, 4, 2, 3, 3]"
a fox,3.5667,0.8825,30,"[4, 5, 3, 4, 4, 3, 4, 3, 4, 3, 4, 3, 4, 4, 3, 5, 4, 4, 3, 3, 3, 5, 5, 3, 1, 4, 3, 2, 3, 4]"
a frappe,3.3214,0.9656,28,"[4, 3, 4, 4, 4, 3, 3, 4, 3, 4, 3, 3, 4, 1, 5, 5, 3, 2, 3, 3, 2, 3, 3, 5, 2, 2, 4, 4]"
a fruit salad,2.7333,0.8919,30,"[3, 4, 2, 3, 3, 1, 2, 3, 2, 3, 3, 3, 2, 1, 2, 1, 4, 3, 2, 3, 4, 4, 4, 2, 2, 3, 3, 3, 3, 4]"
a futon,2.3103,1.1174,29,"[1, 1, 1, 1, 2, 2, 3, 3, 4, 2, 4, 3, 4, 3, 3, 1, 2, 4, 1, 1, 4, 4, 3, 1, 2, 1, 2, 2, 2]"
a gallbladder,1.9412,1.0273,34,"[1, 2, 1, 4, 1, 1, 1, 1, 1, 1, 2, 3, 3, 4, 2, 1, 1, 3, 3, 1, 2, 3, 1, 1, 2, 4, 1, 2, 1, 2, 3, 1, 3, 3]"
a garter belt,3.6,1.1431,30,"[3, 4, 4, 5, 4, 3, 3, 3, 5, 3, 5, 4, 3, 3, 3, 5, 4, 2, 3, 1, 2, 4, 5, 5, 5, 4, 4, 1, 3, 5]"
a genie,3.9,0.9074,30,"[4, 5, 5, 5, 4, 5, 4, 4, 4, 2, 5, 4, 3, 4, 4, 5, 3, 2, 3, 2, 3, 5, 4, 4, 4, 4, 4, 5, 3, 4]"
a geologist,1.7931,0.924,29,"[1, 1, 1, 2, 1, 1, 1, 4, 1, 3, 2, 3, 1, 2, 3, 1, 2, 2, 1, 2, 1, 3, 1, 1, 1, 3, 1, 3, 3]"
a geyser,3.9697,0.9369,33,"[5, 3, 5, 4, 5, 5, 3, 2, 4, 4, 5, 3, 4, 5, 4, 1, 3, 5, 4, 4, 5, 5, 4, 4, 3, 5, 4, 4, 4, 3, 4, 4, 4]"
a ghoul,3.5,1.2042,30,"[4, 3, 5, 4, 4, 4, 3, 5, 4, 2, 2, 5, 3, 1, 4, 3, 4, 1, 5, 4, 3, 5, 4, 5, 4, 1, 4, 2, 4, 3]"
a glue gun,2.4,1.0198,30,"[2, 1, 4, 2, 5, 2, 3, 3, 3, 2, 1, 2, 3, 3, 1, 1, 3, 2, 3, 2, 1, 1, 2, 3, 3, 3, 4, 3, 1, 3]"
a gnome,2.8333,0.969,30,"[2, 4, 1, 3, 4, 2, 4, 3, 3, 3, 4, 4, 4, 3, 1, 2, 2, 3, 2, 3, 3, 1, 3, 3, 3, 3, 2, 3, 5, 2]"
a go-kart,3.9655,1.2172,29,"[3, 5, 5, 5, 4, 3, 4, 5, 4, 4, 5, 2, 5, 5, 5, 5, 2, 5, 2, 3, 3, 5, 5, 5, 1, 5, 4, 2, 4]"
a goalie,3.3,0.9,30,"[2, 3, 2, 4, 4, 2, 4, 1, 4, 2, 3, 4, 3, 3, 4, 4, 4, 4, 4, 4, 5, 4, 3, 3, 3, 4, 2, 3, 4, 3]"
a god,3.8667,0.8055,30,"[4, 5, 4, 5, 5, 4, 4, 4, 3, 3, 4, 4, 4, 4, 4, 3, 5, 4, 5, 4, 4, 2, 3, 5, 2, 4, 3, 4, 3, 4]"
a goldfish,2.3103,1.1174,29,"[4, 3, 2, 4, 4, 1, 1, 3, 3, 2, 1, 2, 1, 1, 1, 1, 2, 4, 4, 3, 2, 2, 1, 3, 2, 4, 1, 2, 3]"
a golf cart,2.6552,1.153,29,"[1, 4, 2, 4, 2, 1, 3, 3, 3, 4, 1, 1, 3, 3, 2, 3, 1, 3, 4, 1, 2, 4, 4, 3, 4, 2, 4, 1, 4]"
a golfer,2.1724,1.0527,29,"[1, 3, 2, 3, 1, 4, 3, 2, 1, 2, 3, 2, 1, 3, 3, 1, 2, 4, 4, 1, 4, 3, 2, 1, 1, 1, 2, 2, 1]"
a gopher,2.8276,0.985,29,"[4, 3, 3, 3, 4, 1, 3, 3, 2, 4, 4, 3, 1, 3, 1, 1, 3, 4, 3, 3, 3, 4, 1, 3, 3, 3, 2, 4, 3]"
a gorge,3.5667,0.8035,30,"[3, 4, 3, 4, 3, 4, 4, 3, 4, 5, 3, 4, 4, 4, 1, 3, 5, 4, 4, 4, 3, 2, 4, 3, 4, 3, 4, 4, 4, 3]"
a gorgon,3.3333,1.075,30,"[4, 3, 4, 4, 5, 1, 4, 3, 5, 3, 1, 4, 4, 3, 3, 1, 4, 5, 4, 4, 3, 4, 4, 3, 3, 3, 2, 3, 4, 2]"
a governess,2.7941,0.7963,34,"[1, 3, 1, 3, 3, 3, 3, 3, 3, 2, 3, 3, 3, 4, 3, 3, 1, 3, 3, 2, 4, 3, 3, 3, 2, 3, 4, 4, 1, 3, 3, 3, 3, 3]"
a grapefruit,2.3333,0.9775,30,"[2, 1, 3, 2, 3, 3, 4, 3, 1, 1, 1, 2, 3, 2, 3, 1, 2, 1, 2, 3, 3, 3, 4, 3, 1, 4, 3, 1, 2, 3]"
a grass hut,2.4138,0.9655,29,"[2, 3, 3, 2, 4, 1, 2, 3, 3, 3, 4, 3, 1, 3, 2, 1, 3, 3, 3, 3, 2, 1, 1, 4, 3, 3, 1, 1, 2]"
a grasshopper,2.7,1.005,30,"[2, 2, 3, 3, 3, 2, 4, 4, 2, 2, 4, 2, 3, 3, 2, 3, 2, 4, 2, 1, 4, 4, 1, 3, 1, 4, 4, 1, 3, 3]"
a great-grandfather,2.5294,1.1437,34,"[1, 3, 2, 3, 5, 1, 5, 1, 1, 4, 3, 2, 3, 4, 2, 1, 1, 3, 3, 1, 3, 4, 3, 3, 2, 4, 1, 2, 2, 2, 3, 2, 3, 3]"
a great-grandmother,2.6333,1.0796,30,"[1, 3, 3, 3, 2, 2, 2, 3, 3, 1, 2, 4, 3, 4, 4, 4, 2, 3, 2, 2, 3, 1, 1, 4, 4, 4, 4, 1, 1, 3]"
a groomer,2.4643,0.9813,28,"[1, 3, 3, 3, 4, 1, 1, 3, 3, 2, 2, 1, 1, 4, 2, 2, 2, 4, 3, 3, 1, 2, 3, 3, 4, 2, 3, 3]"
a groupie,3.5,0.9574,30,"[4, 4, 2, 4, 4, 3, 3, 5, 2, 2, 4, 4, 4, 2, 5, 4, 3, 3, 4, 3, 4, 2, 5, 3, 4, 3, 2, 4, 5, 4]"
a guava,2.6552,1.1227,29,"[1, 1, 1, 3, 4, 2, 1, 3, 4, 2, 4, 3, 1, 3, 3, 1, 3, 4, 4, 3, 4, 4, 2, 4, 3, 1, 2, 3, 3]"
a guinea pig,2.3,0.9363,30,"[3, 1, 3, 4, 4, 3, 2, 3, 3, 2, 2, 2, 1, 2, 2, 3, 1, 1, 2, 1, 2, 3, 2, 3, 1, 3, 4, 1, 2, 3]"
a gun,3.7667,1.1455,30,"[3, 5, 4, 4, 4, 4, 4, 4, 5, 5, 4, 4, 2, 4, 5, 2, 5, 5, 3, 4, 4, 2, 5, 5, 4, 4, 3, 4, 1, 1]"
a hair dryer,2.4667,1.0562,30,"[3, 2, 3, 2, 3, 1, 3, 1, 2, 3, 3, 3, 4, 4, 2, 1, 2, 1, 2, 3, 3, 4, 5, 1, 2, 3, 3, 3, 1, 1]"
a half-sister,2.7333,0.8537,30,"[4, 4, 2, 3, 3, 1, 3, 1, 3, 3, 1, 3, 4, 3, 3, 1, 3, 3, 3, 2, 3, 3, 4, 3, 2, 3, 3, 3, 2, 3]"
a headband,2.6176,0.9398,34,"[3, 3, 2, 3, 3, 2, 4, 1, 1, 1, 3, 2, 3, 4, 2, 4, 1, 3, 3, 1, 2, 3, 2, 3, 2, 3, 3, 3, 5, 3, 3, 3, 3, 2]"
a heat wave,2.6667,1.2472,30,"[4, 1, 4, 1, 2, 3, 2, 3, 3, 1, 2, 5, 4, 1, 2, 5, 2, 2, 4, 4, 2, 2, 1, 3, 4, 4, 2, 2, 4, 1]"
a hen,2.5152,1.0187,33,"[1, 3, 2, 3, 4, 2, 4, 1, 1, 1, 3, 3, 4, 3, 3, 1, 3, 3, 1, 3, 3, 2, 3, 2, 4, 1, 3, 4, 3, 3, 1, 3, 2]"
a herder,2.6897,0.9862,29,"[1, 3, 3, 2, 4, 2, 4, 3, 3, 3, 1, 3, 1, 1, 2, 2, 3, 4, 2, 3, 3, 3, 4, 4, 3, 3, 1, 4, 3]"
a hermit crab,2.2667,0.9638,30,"[2, 2, 1, 3, 4, 3, 3, 1, 2, 3, 1, 2, 1, 3, 2, 4, 1, 2, 2, 2, 3, 2, 4, 2, 1, 4, 2, 1, 2, 3]"
a heron,2.8571,1.0926,28,"[1, 3, 2, 4, 4, 1, 4, 3, 3, 4, 1, 2, 1, 3, 1, 4, 3, 3, 3, 4, 3, 3, 4, 3, 3, 2, 5, 3]"
a herring,2.4545,0.8907,33,"[1, 4, 2, 2, 3, 3, 3, 1, 1, 1, 3, 3, 4, 3, 3, 1, 3, 3, 2, 2, 3, 2, 3, 2, 4, 2, 3, 1, 3, 3, 2, 3, 2]"
a hibiscus,2.7667,1.0858,30,"[2, 3, 3, 4, 2, 4, 3, 5, 2, 3, 2, 2, 1, 3, 3, 2, 4, 3, 3, 1, 4, 4, 3, 2, 1, 5, 3, 1, 2, 3]"
a high chair,2.4848,1.0187,33,"[3, 3, 2, 3, 5, 3, 4, 1, 1, 1, 3, 2, 2, 2, 2, 1, 3, 3, 1, 4, 3, 2, 1, 2, 4, 2, 3, 4, 2, 3, 2, 3, 2]"
a hippie,3.0294,1.2001,34,"[1, 2, 4, 3, 5, 5, 3, 1, 2, 2, 5, 4, 3, 3, 3, 4, 1, 2, 3, 2, 4, 2, 3, 2, 1, 4, 4, 3, 5, 4, 3, 2, 4, 4]"
a homeless shelter,2.4118,1.2395,34,"[1, 3, 2, 3, 4, 1, 3, 1, 1, 2, 4, 2, 1, 4, 4, 4, 1, 2, 3, 2, 4, 5, 2, 1, 4, 4, 1, 1, 2, 3, 1, 2, 1, 3]"
a homeowner,3.0,1.1547,30,"[1, 3, 2, 1, 1, 4, 3, 3, 3, 5, 3, 3, 3, 3, 5, 5, 3, 3, 4, 3, 4, 2, 3, 3, 5, 4, 2, 2, 1, 3]"
a honeydew,2.6,1.2275,30,"[2, 5, 1, 4, 2, 3, 4, 2, 2, 2, 2, 2, 1, 3, 2, 4, 2, 1, 2, 2, 4, 3, 5, 3, 1, 5, 4, 1, 2, 2]"
a horse,3.4483,1.0368,29,"[1, 4, 4, 4, 4, 4, 4, 4, 2, 4, 3, 4, 1, 3, 3, 5, 3, 4, 3, 4, 3, 5, 4, 2, 5, 4, 2, 3, 4]"
a horsefly,2.7667,1.2297,30,"[4, 3, 3, 4, 3, 1, 5, 3, 5, 3, 2, 2, 4, 4, 3, 1, 1, 3, 2, 3, 2, 4, 4, 4, 3, 1, 1, 3, 1, 1]"
a hostess,3.3333,0.9068,30,"[4, 4, 2, 4, 3, 5, 2, 4, 3, 3, 4, 4, 4, 3, 3, 1, 4, 1, 4, 4, 3, 3, 4, 4, 4, 3, 3, 3, 3, 4]"
a hotdog bun,2.4,0.9866,30,"[4, 4, 2, 1, 3, 1, 2, 2, 2, 3, 3, 4, 2, 3, 3, 1, 1, 1, 4, 3, 3, 3, 2, 2, 2, 1, 3, 3, 1, 3]"
a hotelier,2.5714,0.9422,28,"[1, 1, 3, 3, 3, 2, 2, 3, 2, 3, 3, 1, 3, 3, 5, 2, 4, 1, 3, 2, 3, 2, 4, 2, 3, 3, 3, 2]"
a humidifier,2.0,0.8563,30,"[1, 3, 1, 1, 1, 2, 3, 3, 2, 2, 3, 2, 2, 3, 3, 4, 1, 2, 2, 2, 2, 1, 1, 3, 1, 2, 1, 3, 1, 2]"
a hummingbird,3.2667,1.1235,30,"[4, 4, 4, 4, 5, 2, 4, 3, 4, 2, 2, 4, 4, 4, 1, 2, 1, 4, 3, 4, 4, 4, 2, 3, 3, 3, 1, 4, 4, 5]"
a hypnotic,2.8966,1.3981,29,"[2, 2, 4, 2, 4, 4, 2, 2, 3, 4, 2, 5, 4, 3, 1, 4, 2, 2, 5, 1, 5, 5, 1, 5, 4, 2, 1, 2, 1]"
a jaguar,4.5172,0.6226,29,"[3, 5, 5, 4, 5, 4, 5, 4, 5, 5, 4, 3, 5, 4, 4, 5, 4, 4, 5, 5, 5, 5, 4, 5, 5, 5, 5, 4, 5]"
a jetty,2.8667,1.0562,30,"[2, 3, 3, 1, 2, 3, 5, 3, 3, 3, 3, 3, 3, 3, 1, 3, 1, 3, 4, 3, 1, 2, 4, 3, 4, 2, 2, 4, 5, 4]"
a judge,2.8,1.1075,30,"[4, 3, 2, 1, 3, 3, 3, 3, 4, 1, 2, 4, 2, 2, 3, 4, 4, 2, 4, 4, 1, 2, 4, 4, 3, 2, 2, 2, 5, 1]"
a jump rope,3.4333,1.116,30,"[3, 4, 4, 4, 4, 1, 4, 4, 4, 4, 3, 4, 3, 5, 4, 1, 4, 4, 2, 4, 3, 3, 5, 4, 4, 4, 1, 4, 4, 1]"
a kayak,3.7931,0.924,29,"[3, 5, 2, 4, 1, 3, 5, 4, 4, 4, 5, 4, 4, 4, 3, 4, 4, 4, 4, 4, 4, 4, 3, 4, 5, 5, 4, 4, 2]"
a kettle,2.4667,1.0562,30,"[4, 2, 2, 2, 3, 1, 3, 1, 1, 3, 2, 2, 3, 3, 2, 1, 2, 4, 2, 3, 3, 5, 4, 2, 2, 1, 3, 3, 1, 4]"
a king,3.6667,0.7454,30,"[4, 3, 5, 3, 4, 3, 3, 4, 3, 3, 4, 4, 3, 4, 4, 4, 4, 4, 4, 4, 4, 4, 5, 3, 5, 4, 2, 2, 4, 3]"
a lamb,2.2333,1.1743,30,"[2, 3, 1, 1, 1, 1, 1, 2, 3, 4, 1, 2, 3, 3, 1, 5, 1, 2, 4, 2, 1, 2, 2, 3, 4, 3, 1, 4, 3, 1]"
a landlady,2.3333,0.9428,30,"[3, 3, 2, 1, 2, 2, 3, 2, 1, 1, 2, 4, 2, 2, 3, 4, 1, 3, 2, 3, 3, 1, 4, 3, 2, 2, 2, 4, 1, 2]"
a lark,2.9667,0.7951,30,"[3, 3, 4, 2, 2, 3, 3, 3, 3, 3, 2, 4, 3, 4, 1, 3, 2, 4, 2, 4, 4, 3, 2, 3, 3, 3, 2, 3, 4, 4]"
a larynx,2.7241,1.0471,29,"[4, 2, 2, 4, 3, 1, 3, 3, 3, 3, 1, 4, 4, 3, 1, 4, 1, 3, 3, 3, 4, 2, 4, 3, 1, 3, 3, 1, 3]"
a lawn chair,2.1333,1.0873,30,"[1, 1, 1, 2, 5, 1, 2, 3, 2, 3, 1, 3, 1, 3, 1, 5, 1, 2, 2, 3, 3, 2, 1, 3, 2, 2, 3, 2, 1, 2]"
a lawnmower,2.6333,1.0483,30,"[2, 3, 2, 4, 1, 2, 4, 3, 3, 5, 2, 2, 3, 2, 1, 3, 2, 4, 3, 2, 2, 2, 3, 1, 4, 1, 4, 4, 2, 3]"
a laxative,2.3448,1.2395,29,"[1, 1, 1, 2, 3, 1, 4, 3, 2, 4, 4, 1, 1, 2, 1, 1, 5, 3, 1, 4, 2, 1, 2, 3, 4, 2, 3, 4, 2]"
a layman,2.25,0.866,32,"[3, 3, 2, 2, 1, 1, 2, 3, 2, 1, 3, 3, 2, 2, 3, 1, 3, 3, 1, 2, 3, 2, 1, 2, 4, 4, 3, 1, 3, 2, 2, 2]"
a lemur,3.2759,0.8669,29,"[3, 5, 4, 3, 4, 3, 2, 3, 3, 4, 4, 3, 1, 4, 2, 2, 3, 4, 4, 3, 3, 4, 4, 4, 3, 4, 4, 2, 3]"
a leopard,4.2,0.9092,30,"[4, 5, 4, 4, 4, 3, 4, 5, 5, 4, 5, 4, 5, 5, 5, 5, 4, 5, 2, 2, 4, 5, 5, 3, 5, 5, 3, 5, 3, 4]"
a librettist,2.5172,1.0379,29,"[3, 1, 2, 4, 3, 3, 4, 3, 5, 1, 4, 3, 2, 3, 3, 3, 2, 2, 2, 2, 3, 1, 3, 1, 1, 3, 1, 2, 3]"
a limousine,3.7143,0.9203,28,"[1, 3, 4, 3, 4, 3, 4, 3, 2, 3, 4, 4, 4, 3, 5, 4, 4, 5, 4, 5, 4, 4, 5, 3, 5, 4, 3, 4]"
a linebacker,3.3103,1.1775,29,"[1, 5, 4, 2, 4, 1, 5, 3, 4, 4, 5, 3, 3, 5, 2, 5, 3, 2, 4, 3, 4, 4, 3, 1, 3, 3, 4, 3, 3]"
a lineman,3.3333,1.1643,30,"[2, 5, 4, 4, 1, 3, 5, 4, 3, 5, 5, 4, 3, 3, 4, 3, 2, 4, 3, 1, 3, 2, 5, 3, 4, 3, 4, 3, 1, 4]"
a liqueur,3.3448,1.2939,29,"[1, 2, 3, 4, 5, 2, 5, 3, 1, 4, 4, 5, 4, 3, 3, 4, 3, 4, 1, 4, 5, 3, 4, 5, 1, 4, 2, 3, 5]"
a litigator,3.2333,1.1455,30,"[1, 4, 4, 1, 1, 2, 1, 4, 4, 5, 3, 2, 4, 3, 3, 5, 3, 4, 3, 3, 3, 4, 5, 3, 4, 3, 4, 4, 3, 4]"
a living room,2.6552,0.9569,29,"[2, 3, 2, 1, 2, 3, 3, 3, 4, 2, 3, 5, 3, 4, 3, 4, 1, 4, 2, 2, 2, 1, 2, 3, 2, 2, 3, 3, 3]"
a lizard,2.8276,0.8737,29,"[3, 4, 3, 4, 3, 3, 2, 4, 3, 2, 4, 2, 4, 3, 3, 4, 3, 3, 2, 1, 3, 3, 2, 3, 1, 3, 3, 1, 3]"
a loading dock,2.3793,0.997,29,"[1, 3, 3, 2, 4, 1, 1, 3, 3, 3, 1, 3, 2, 3, 1, 4, 2, 3, 3, 3, 2, 1, 1, 1, 3, 3, 4, 2, 3]"
a loudmouth,3.4667,1.2841,30,"[4, 4, 4, 4, 4, 5, 2, 3, 4, 3, 4, 4, 1, 4, 1, 2, 5, 5, 4, 3, 1, 4, 5, 4, 5, 3, 1, 4, 5, 2]"
a louse,2.3636,1.176,33,"[2, 3, 4, 4, 3, 4, 1, 1, 1, 2, 4, 2, 4, 4, 1, 1, 4, 2, 1, 4, 3, 2, 1, 2, 3, 1, 2, 1, 3, 1, 3, 1, 3]"
a loyalist,2.8125,0.8455,32,"[3, 3, 3, 3, 3, 2, 3, 3, 3, 1, 3, 3, 3, 3, 3, 1, 3, 4, 1, 4, 3, 3, 3, 4, 4, 1, 4, 2, 3, 3, 2, 3]"
a lug wrench,2.2759,0.9058,29,"[3, 2, 1, 1, 3, 3, 2, 3, 3, 2, 4, 2, 3, 2, 4, 4, 2, 1, 2, 2, 2, 1, 2, 3, 1, 2, 1, 2, 3]"
a lynx,3.4545,1.1035,33,"[4, 4, 4, 4, 3, 5, 2, 2, 4, 4, 5, 3, 4, 4, 4, 1, 3, 3, 2, 4, 3, 4, 1, 4, 4, 5, 4, 1, 3, 3, 4, 5, 4]"
a magnolia,3.0,0.9309,30,"[4, 3, 2, 4, 3, 4, 4, 2, 2, 2, 4, 2, 4, 3, 3, 1, 3, 4, 4, 4, 3, 4, 4, 3, 2, 1, 3, 3, 2, 3]"
a magpie,2.8667,1.1757,30,"[2, 3, 2, 2, 1, 2, 5, 3, 4, 1, 1, 2, 3, 3, 1, 3, 2, 3, 4, 3, 1, 4, 3, 3, 5, 4, 4, 4, 4, 4]"
a mahi-mahi,3.3793,1.1865,29,"[1, 1, 4, 3, 5, 2, 4, 4, 2, 4, 5, 5, 1, 3, 3, 2, 3, 4, 5, 3, 3, 4, 4, 4, 4, 5, 4, 3, 3]"
a malt liquor,3.5862,1.2182,29,"[1, 4, 5, 4, 5, 4, 4, 2, 1, 5, 4, 5, 4, 3, 3, 4, 3, 4, 5, 4, 4, 4, 4, 2, 1, 4, 2, 4, 5]"
a manager,2.2759,0.9431,29,"[1, 1, 1, 3, 2, 2, 1, 3, 1, 2, 3, 3, 2, 3, 3, 3, 2, 4, 1, 3, 2, 2, 3, 4, 1, 2, 2, 4, 2]"
a mandarin orange,3.0345,1.0333,29,"[4, 4, 3, 4, 4, 1, 1, 3, 3, 2, 4, 4, 2, 3, 2, 2, 5, 3, 4, 3, 4, 3, 1, 3, 3, 4, 2, 3, 4]"
a mango,3.069,1.0148,29,"[4, 4, 4, 2, 2, 2, 3, 3, 1, 3, 3, 5, 3, 3, 3, 4, 4, 2, 3, 4, 1, 4, 3, 4, 3, 4, 4, 1, 3]"
a maple tree,2.4138,0.8912,29,"[1, 3, 2, 2, 3, 2, 1, 3, 4, 2, 1, 1, 1, 3, 1, 3, 3, 3, 3, 3, 3, 4, 2, 3, 2, 3, 3, 2, 3]"
a marathon,4.0345,1.2452,29,"[2, 4, 5, 4, 5, 5, 5, 4, 1, 5, 4, 4, 1, 3, 4, 5, 4, 4, 5, 5, 1, 4, 4, 5, 5, 5, 4, 5, 5]"
a marine,3.6,0.8794,30,"[4, 3, 4, 5, 4, 4, 3, 4, 4, 2, 5, 4, 3, 4, 3, 3, 3, 4, 5, 3, 5, 4, 4, 3, 2, 4, 2, 4, 4, 2]"
a master,3.5862,1.0345,29,"[1, 1, 5, 4, 5, 2, 3, 4, 3, 4, 4, 5, 4, 3, 3, 5, 3, 4, 3, 4, 4, 4, 3, 5, 3, 4, 4, 3, 4]"
a matron,2.2,0.9798,30,"[4, 1, 1, 2, 4, 1, 3, 3, 2, 2, 2, 3, 1, 2, 1, 2, 2, 2, 1, 1, 4, 1, 4, 2, 3, 3, 2, 3, 2, 2]"
a mealworm,2.2069,1.3488,29,"[1, 2, 2, 3, 5, 1, 1, 1, 1, 1, 1, 1, 1, 3, 3, 1, 1, 4, 2, 3, 1, 4, 3, 4, 1, 5, 1, 4, 3]"
a measuring cup,2.1,0.9434,30,"[3, 2, 1, 1, 3, 1, 2, 1, 2, 3, 2, 2, 4, 2, 2, 1, 1, 4, 2, 3, 3, 3, 3, 1, 2, 1, 3, 3, 1, 1]"
a meatpacker,2.3793,1.0639,29,"[1, 3, 2, 3, 4, 2, 1, 3, 1, 4, 2, 2, 4, 3, 4, 2, 2, 2, 1, 2, 1, 3, 3, 1, 1, 2, 4, 4, 2]"
a mediator,2.3,0.8622,30,"[2, 1, 2, 1, 2, 2, 4, 2, 3, 1, 3, 3, 3, 2, 1, 3, 2, 3, 3, 1, 1, 2, 2, 3, 3, 3, 3, 4, 2, 2]"
a merchant,2.8276,0.8737,29,"[1, 1, 3, 4, 3, 2, 2, 4, 3, 3, 3, 3, 4, 3, 3, 3, 2, 4, 3, 3, 3, 4, 3, 2, 1, 3, 2, 3, 4]"
a mesa,2.5,0.8466,30,"[2, 3, 4, 3, 3, 1, 2, 3, 3, 3, 2, 1, 2, 3, 1, 2, 3, 3, 2, 3, 4, 1, 3, 3, 3, 3, 2, 3, 1, 3]"
a miller,2.3448,0.9201,29,"[1, 3, 2, 2, 4, 1, 3, 3, 3, 3, 1, 3, 1, 2, 2, 2, 2, 2, 3, 3, 2, 1, 4, 1, 3, 3, 2, 4, 2]"
a millipede,2.5667,1.1743,30,"[2, 3, 1, 1, 4, 4, 4, 3, 4, 2, 1, 1, 4, 3, 1, 1, 4, 1, 4, 3, 1, 3, 2, 3, 2, 3, 2, 4, 2, 4]"
a minotaur,3.8824,1.0783,34,"[5, 4, 5, 4, 5, 5, 3, 1, 4, 4, 5, 4, 3, 4, 4, 5, 4, 4, 5, 5, 4, 4, 5, 3, 4, 4, 2, 2, 1, 4, 3, 4, 5, 4]"
a minuteman,3.0667,1.1235,30,"[4, 2, 4, 1, 4, 4, 3, 4, 4, 2, 5, 2, 4, 4, 4, 5, 2, 2, 3, 4, 2, 2, 4, 3, 4, 1, 2, 2, 2, 3]"
a misogynist,3.5517,1.4284,29,"[4, 4, 5, 4, 4, 3, 3, 4, 4, 5, 1, 4, 1, 5, 1, 4, 4, 1, 4, 4, 5, 5, 4, 1, 1, 3, 5, 5, 5]"
a missionary,2.4286,1.1157,28,"[1, 5, 2, 3, 4, 2, 1, 3, 1, 4, 3, 1, 3, 2, 1, 3, 2, 2, 3, 3, 2, 2, 3, 2, 5, 1, 2, 2]"
a moped,3.3333,1.2202,30,"[3, 4, 4, 4, 1, 2, 4, 4, 3, 5, 5, 3, 4, 4, 1, 3, 1, 5, 4, 3, 4, 3, 4, 4, 2, 4, 2, 4, 1, 5]"
a motel,3.1724,1.0194,29,"[4, 4, 2, 1, 2, 3, 3, 3, 3, 4, 5, 4, 2, 3, 4, 3, 4, 4, 3, 4, 2, 5, 3, 1, 3, 3, 4, 2, 4]"
a motorboat,3.8333,1.0672,30,"[4, 3, 5, 5, 2, 4, 4, 3, 4, 4, 2, 4, 4, 4, 1, 5, 3, 4, 3, 3, 2, 4, 5, 4, 5, 4, 5, 5, 5, 5]"
a musician,3.7241,0.9431,29,"[5, 4, 4, 4, 4, 2, 4, 3, 4, 5, 4, 4, 3, 4, 2, 5, 4, 3, 5, 3, 3, 4, 1, 3, 4, 4, 4, 5, 4]"
a narcissus,3.069,0.9802,29,"[3, 3, 4, 1, 3, 4, 4, 4, 5, 1, 4, 3, 2, 2, 3, 2, 3, 2, 3, 4, 4, 4, 3, 2, 3, 4, 4, 2, 3]"
a narwhal,3.3667,1.016,30,"[4, 4, 3, 4, 5, 3, 3, 3, 4, 5, 1, 3, 3, 3, 1, 4, 2, 3, 3, 5, 3, 4, 3, 3, 4, 4, 3, 2, 5, 4]"
a navigator,3.3,0.7371,30,"[4, 2, 3, 2, 4, 3, 3, 3, 4, 4, 4, 4, 3, 3, 3, 3, 4, 5, 4, 3, 2, 3, 4, 4, 2, 3, 3, 3, 4, 3]"
a necklace,3.1176,1.207,34,"[5, 3, 4, 4, 5, 2, 5, 3, 2, 1, 4, 2, 3, 2, 4, 3, 1, 5, 3, 2, 4, 4, 2, 4, 2, 3, 2, 4, 4, 3, 3, 1, 5, 2]"
a nephew,2.9118,1.0108,34,"[3, 3, 4, 3, 4, 3, 4, 1, 2, 4, 3, 2, 3, 4, 4, 4, 1, 3, 2, 1, 3, 3, 3, 3, 3, 4, 1, 3, 5, 3, 3, 1, 3, 3]"
a newspaperman,2.6,0.9866,30,"[2, 3, 2, 3, 1, 3, 3, 3, 3, 5, 4, 4, 3, 2, 3, 1, 1, 3, 3, 3, 1, 4, 2, 2, 3, 3, 2, 2, 1, 3]"
a newt,2.5667,0.9551,30,"[3, 3, 1, 3, 4, 2, 4, 3, 3, 3, 2, 2, 3, 2, 3, 4, 2, 3, 2, 1, 3, 3, 1, 2, 1, 4, 4, 1, 2, 3]"
a noble,2.9667,0.9123,30,"[3, 3, 2, 4, 5, 3, 3, 3, 3, 2, 3, 3, 3, 3, 1, 1, 2, 4, 2, 3, 4, 3, 2, 4, 3, 4, 4, 3, 2, 4]"
a nurse,3.0667,1.0625,30,"[1, 3, 2, 1, 3, 2, 3, 5, 4, 2, 4, 4, 4, 3, 4, 4, 3, 3, 4, 3, 1, 2, 4, 3, 3, 3, 2, 5, 4, 3]"
a paddlefish,2.7,1.0376,30,"[4, 3, 2, 4, 3, 1, 2, 1, 3, 3, 2, 2, 4, 4, 3, 1, 1, 3, 4, 3, 3, 5, 3, 3, 2, 3, 3, 3, 2, 1]"
a padlock,2.3,1.005,30,"[1, 3, 1, 1, 1, 3, 3, 3, 4, 1, 2, 1, 3, 2, 3, 3, 1, 4, 2, 3, 1, 2, 1, 3, 2, 3, 2, 4, 3, 3]"
a painter,2.7931,1.0628,29,"[1, 2, 4, 3, 3, 2, 1, 4, 4, 4, 2, 4, 4, 3, 3, 1, 3, 3, 1, 2, 2, 4, 2, 4, 4, 2, 2, 3, 4]"
a painting,2.9667,1.1686,30,"[4, 4, 3, 4, 4, 1, 2, 1, 2, 1, 4, 3, 4, 3, 3, 1, 3, 5, 2, 4, 3, 4, 4, 3, 4, 1, 2, 2, 4, 4]"
a pale ale,3.4375,0.9333,32,"[4, 1, 4, 4, 5, 4, 3, 3, 3, 4, 3, 4, 3, 3, 3, 3, 4, 4, 2, 2, 5, 3, 3, 4, 4, 4, 3, 5, 3, 5, 3, 2]"
a panda,3.6562,1.1071,32,"[5, 5, 4, 4, 5, 3, 5, 1, 3, 4, 5, 3, 4, 4, 3, 1, 3, 2, 5, 5, 4, 3, 3, 2, 4, 4, 4, 5, 4, 4, 3, 3]"
a papaya,3.0333,0.9123,30,"[4, 3, 4, 2, 2, 2, 3, 3, 1, 3, 3, 4, 3, 3, 3, 4, 4, 4, 2, 3, 5, 1, 4, 3, 3, 3, 3, 4, 2, 3]"
a partner,3.8333,1.0672,30,"[4, 3, 4, 5, 1, 4, 3, 5, 5, 2, 5, 4, 4, 5, 4, 4, 4, 4, 5, 4, 2, 3, 5, 3, 4, 4, 2, 5, 5, 3]"
a passion fruit,3.3333,1.0111,30,"[4, 3, 4, 3, 1, 3, 1, 3, 3, 1, 4, 4, 3, 4, 4, 4, 3, 3, 4, 3, 2, 4, 3, 3, 4, 5, 4, 4, 5, 4]"
a pastor,2.3,0.9,30,"[4, 2, 2, 2, 3, 2, 2, 3, 2, 1, 3, 1, 3, 3, 2, 1, 2, 1, 2, 4, 3, 3, 3, 4, 2, 1, 2, 3, 1, 2]"
a patriot,3.4118,1.0605,34,"[3, 3, 4, 2, 5, 4, 5, 3, 2, 3, 4, 2, 4, 4, 4, 3, 5, 3, 4, 1, 4, 4, 3, 1, 4, 4, 1, 4, 4, 4, 4, 4, 3, 4]"
a paymaster,2.9,0.9781,30,"[4, 2, 2, 4, 3, 1, 2, 3, 4, 3, 3, 4, 4, 3, 3, 1, 2, 1, 4, 2, 3, 3, 2, 4, 3, 4, 3, 4, 4, 2]"
a pelican,2.5333,0.9568,30,"[3, 1, 3, 2, 3, 3, 3, 2, 2, 3, 2, 2, 1, 2, 2, 4, 3, 3, 3, 1, 4, 5, 3, 3, 1, 3, 3, 1, 2, 3]"
a peony,2.8,0.8718,30,"[3, 3, 2, 3, 3, 2, 4, 3, 1, 2, 3, 3, 4, 3, 3, 1, 2, 4, 3, 4, 3, 3, 4, 3, 2, 4, 3, 3, 2, 1]"
a percussionist,3.6333,0.875,30,"[4, 4, 4, 4, 3, 1, 4, 4, 4, 4, 1, 4, 4, 5, 4, 3, 4, 4, 3, 4, 4, 4, 5, 4, 4, 3, 3, 3, 4, 3]"
a performer,3.8667,0.8055,30,"[4, 3, 5, 5, 4, 4, 4, 5, 3, 3, 4, 4, 4, 4, 5, 4, 4, 4, 4, 3, 2, 4, 5, 4, 4, 4, 2, 3, 5, 3]"
a persimmon,2.5588,0.9759,34,"[2, 3, 2, 3, 4, 1, 3, 3, 2, 1, 3, 3, 5, 3, 3, 3, 1, 3, 3, 1, 2, 3, 2, 1, 2, 4, 4, 3, 1, 3, 3, 2, 3, 2]"
a physician,2.6552,1.153,29,"[1, 1, 2, 2, 5, 2, 4, 3, 2, 2, 3, 3, 1, 3, 3, 3, 3, 3, 1, 3, 1, 4, 3, 5, 1, 2, 4, 4, 3]"
a piccolo,2.6333,1.1101,30,"[3, 1, 4, 3, 4, 3, 3, 4, 2, 1, 4, 2, 2, 3, 1, 2, 2, 2, 2, 3, 4, 4, 4, 3, 1, 1, 5, 2, 2, 2]"
a pilgrim,2.8,1.077,30,"[4, 4, 2, 5, 3, 1, 2, 1, 2, 3, 4, 4, 4, 3, 3, 1, 2, 4, 2, 3, 3, 3, 2, 4, 2, 4, 2, 3, 1, 3]"
a pillow,2.124,1.1718,242,"[4, 2, 1, 2, 2, 4, 1, 1, 1, 1, 2, 4, 4, 2, 3, 1, 3, 3, 3, 2, 3, 2, 1, 1, 3, 1, 3, 2, 4, 5, 2, 1, 1, 2, 1, 1, 1, 1, 4, 1, 1, 1, 3, 3, 4, 4, 1, 1, 3, 1, 1, 2, 1, 1, 4, 3, 2, 2, 4, 1, 2, 2, 2, 4, 4, 1, 2, 3, 2, 3, 1, 2, 2, 1, 1, 1, 1, 1, 2, 2, 5, 2, 1, 2, 1, 1, 5, 1, 1, 2, 5, 3, 1, 4, 4, 3, 1, 1, 3, 1, 1, 3, 1, 2, 2, 1, 1, 2, 3, 3, 2, 1, 2, 4, 1, 4, 1, 1, 1, 1, 1, 1, 1, 2, 1, 1, 2, 5, 1, 5, 2, 1, 3, 1, 1, 1, 3, 1, 1, 3, 1, 2, 1, 1, 1, 3, 1, 1, 1, 4, 2, 3, 4, 2, 5, 3, 1, 1, 3, 2, 3, 2, 2, 3, 1, 1, 1, 1, 2, 1, 3, 1, 1, 4, 3, 4, 5, 2, 3, 2, 3, 1, 1, 3, 1, 3, 1, 2, 2, 3, 1, 4, 4, 3, 2, 4, 3, 3, 3, 4, 2, 1, 1, 1, 2, 1, 3, 3, 4, 4, 3, 4, 2, 2, 1, 4, 2, 2, 3, 1, 1, 2, 1, 2, 1, 2, 2, 1, 3, 4, 2, 1, 3, 2, 2, 1, 1, 4, 2, 1, 2, 1]"
a pine nut,2.4333,0.9195,30,"[3, 2, 2, 4, 3, 1, 2, 3, 2, 3, 3, 2, 4, 2, 2, 1, 3, 4, 3, 3, 3, 4, 2, 1, 2, 1, 2, 3, 1, 2]"
a pineapple,3.1379,0.86,29,"[1, 3, 4, 2, 4, 2, 3, 3, 3, 3, 3, 4, 3, 4, 3, 3, 4, 4, 2, 3, 4, 1, 4, 3, 3, 4, 4, 4, 3]"
a pistol,4.2414,1.0717,29,"[4, 5, 5, 5, 2, 3, 5, 4, 3, 5, 5, 5, 4, 5, 4, 5, 5, 4, 5, 5, 5, 5, 5, 2, 4, 4, 4, 1, 5]"
a plateau,2.5517,0.9317,29,"[2, 3, 2, 2, 1, 3, 2, 2, 3, 5, 2, 3, 3, 1, 4, 2, 3, 3, 3, 1, 2, 3, 2, 4, 3, 2, 4, 2, 2]"
a platter,2.4138,1.1895,29,"[1, 1, 1, 4, 4, 1, 1, 3, 1, 2, 4, 3, 2, 3, 3, 3, 1, 4, 1, 3, 4, 3, 2, 4, 1, 4, 2, 3, 1]"
a politician,2.4828,1.1332,29,"[1, 3, 1, 2, 2, 4, 4, 1, 1, 2, 2, 3, 4, 2, 3, 5, 3, 4, 4, 2, 2, 3, 2, 2, 1, 2, 2, 4, 1]"
a pollock,2.4667,0.8459,30,"[3, 2, 1, 2, 2, 1, 2, 3, 3, 3, 2, 2, 3, 3, 1, 3, 3, 2, 3, 3, 1, 3, 4, 3, 3, 3, 2, 3, 1, 4]"
a pollster,2.3529,0.9037,34,"[3, 3, 2, 3, 3, 1, 3, 2, 2, 1, 3, 3, 3, 3, 2, 2, 1, 3, 3, 1, 3, 3, 1, 1, 2, 4, 1, 3, 1, 4, 3, 2, 2, 3]"
a poppy,2.6333,1.0796,30,"[3, 3, 2, 2, 2, 1, 3, 3, 3, 1, 4, 3, 2, 2, 1, 3, 3, 3, 1, 4, 3, 4, 1, 2, 3, 3, 5, 4, 1, 4]"
a portico,2.6333,0.875,30,"[4, 2, 2, 3, 3, 1, 2, 1, 2, 3, 4, 2, 4, 3, 3, 1, 3, 4, 3, 3, 3, 3, 2, 3, 3, 1, 3, 3, 3, 2]"
a postman,2.4706,1.0357,34,"[3, 3, 2, 2, 4, 1, 3, 1, 2, 2, 4, 2, 3, 3, 3, 4, 1, 3, 3, 1, 2, 3, 2, 1, 4, 4, 1, 4, 1, 3, 3, 1, 2, 3]"
a potato,1.8276,1.0194,29,"[1, 1, 1, 3, 2, 1, 1, 3, 3, 1, 4, 1, 1, 3, 3, 1, 1, 4, 1, 2, 1, 1, 3, 1, 2, 1, 2, 3, 1]"
a potato masher,2.3,1.1874,30,"[3, 4, 4, 2, 1, 1, 5, 4, 3, 1, 1, 1, 2, 2, 1, 3, 2, 3, 2, 1, 2, 3, 1, 3, 4, 2, 4, 2, 1, 1]"
a prima donna,3.0345,1.1885,29,"[1, 3, 3, 4, 2, 1, 4, 3, 3, 5, 4, 2, 3, 4, 2, 5, 4, 4, 1, 3, 3, 2, 1, 4, 2, 4, 5, 3, 3]"
a principal,2.4848,1.0187,33,"[3, 3, 2, 3, 3, 1, 5, 1, 2, 2, 4, 3, 4, 2, 3, 1, 3, 1, 1, 3, 4, 2, 3, 2, 3, 1, 3, 2, 3, 3, 2, 1, 3]"
a procrastinator,2.4,1.1719,30,"[1, 3, 1, 2, 1, 2, 3, 1, 4, 1, 4, 4, 2, 1, 4, 4, 3, 2, 4, 4, 4, 1, 2, 3, 3, 2, 2, 1, 1, 2]"
a proctor,2.1724,0.9494,29,"[1, 3, 2, 3, 3, 1, 1, 3, 2, 2, 1, 3, 2, 3, 2, 4, 3, 2, 2, 3, 4, 1, 1, 1, 1, 3, 3, 1, 2]"
a proprietor,2.8333,1.0672,30,"[1, 3, 3, 4, 2, 3, 3, 4, 3, 1, 3, 4, 4, 3, 4, 4, 3, 4, 4, 3, 1, 1, 4, 3, 2, 1, 2, 2, 4, 2]"
a prospector,2.8333,1.0355,30,"[4, 3, 4, 3, 2, 3, 3, 3, 3, 1, 2, 2, 1, 4, 1, 2, 4, 4, 3, 4, 3, 5, 2, 3, 3, 3, 2, 3, 1, 4]"
a psychotic disorder,3.2,1.5144,30,"[1, 1, 4, 1, 4, 1, 1, 5, 5, 3, 5, 4, 1, 4, 5, 4, 2, 4, 4, 4, 2, 3, 1, 4, 4, 1, 5, 4, 4, 5]"
a publisher,2.6,0.8794,30,"[4, 3, 2, 2, 3, 1, 2, 1, 2, 3, 4, 2, 4, 2, 3, 1, 3, 2, 2, 3, 3, 3, 2, 2, 3, 2, 3, 3, 4, 4]"
a quack,2.5862,1.0991,29,"[4, 3, 1, 1, 2, 3, 3, 3, 2, 1, 4, 4, 4, 2, 3, 4, 4, 2, 4, 3, 2, 1, 1, 4, 2, 1, 2, 3, 2]"
a quail,2.6875,0.9499,32,"[3, 3, 2, 3, 4, 1, 3, 2, 1, 4, 2, 4, 3, 3, 1, 3, 2, 1, 2, 3, 3, 1, 2, 4, 3, 4, 4, 3, 3, 3, 3, 3]"
a raincoat,2.3667,0.875,30,"[3, 2, 2, 2, 3, 1, 3, 1, 2, 3, 3, 2, 4, 3, 3, 1, 2, 2, 2, 3, 3, 4, 1, 2, 3, 1, 3, 3, 1, 3]"
a raisin,2.3,1.005,30,"[1, 1, 1, 2, 3, 2, 1, 2, 3, 1, 3, 2, 3, 3, 3, 3, 1, 3, 3, 1, 1, 1, 3, 3, 4, 4, 2, 4, 2, 3]"
a ram,2.9667,1.1968,30,"[2, 1, 3, 2, 4, 3, 3, 5, 4, 2, 4, 2, 5, 4, 4, 4, 1, 4, 3, 3, 3, 4, 1, 3, 1, 4, 2, 1, 3, 4]"
a ramekin,2.7,0.8226,30,"[1, 3, 1, 1, 3, 3, 3, 3, 3, 3, 2, 4, 3, 2, 3, 4, 4, 3, 3, 3, 3, 1, 3, 3, 3, 3, 2, 2, 3, 3]"
a razor,3.2667,0.9286,30,"[4, 4, 2, 2, 3, 4, 3, 4, 2, 2, 4, 4, 2, 2, 3, 4, 3, 4, 4, 4, 2, 4, 2, 5, 4, 4, 2, 4, 3, 4]"
a redhead,3.6765,0.9305,34,"[4, 4, 4, 3, 4, 5, 1, 2, 3, 4, 3, 4, 4, 4, 3, 3, 3, 4, 3, 5, 4, 4, 2, 3, 4, 3, 5, 4, 5, 3, 5, 4, 5, 4]"
a reflux suppressant,2.0345,0.9643,29,"[1, 1, 2, 3, 1, 2, 1, 3, 3, 4, 3, 2, 1, 1, 3, 2, 2, 4, 1, 1, 1, 3, 1, 3, 1, 2, 2, 2, 3]"
a reindeer,3.2647,1.0378,34,"[2, 4, 4, 4, 5, 4, 5, 3, 1, 2, 4, 2, 3, 2, 4, 4, 1, 4, 3, 4, 4, 4, 4, 3, 2, 3, 3, 4, 5, 3, 3, 2, 3, 3]"
a representative,2.2069,0.924,29,"[1, 3, 3, 3, 3, 2, 1, 3, 3, 3, 1, 2, 1, 1, 2, 1, 3, 2, 4, 3, 3, 2, 1, 1, 3, 3, 3, 2, 1]"
a reverend,2.4138,1.0673,29,"[1, 2, 4, 2, 2, 2, 2, 2, 2, 1, 2, 1, 2, 4, 3, 4, 1, 4, 4, 3, 3, 1, 1, 4, 2, 4, 2, 2, 3]"
a rhinoceros,3.8621,0.681,29,"[3, 4, 3, 4, 5, 3, 5, 4, 5, 5, 4, 4, 4, 3, 3, 4, 4, 4, 4, 4, 4, 4, 3, 3, 3, 5, 4, 3, 4]"
a roasting pan,2.3824,1.0004,34,"[1, 3, 4, 2, 4, 3, 1, 2, 1, 1, 3, 4, 3, 4, 2, 3, 1, 3, 3, 2, 1, 3, 2, 3, 2, 3, 1, 3, 1, 3, 3, 1, 3, 2]"
a robe,2.6897,0.9862,29,"[5, 3, 3, 3, 4, 2, 4, 3, 3, 2, 2, 3, 2, 2, 2, 2, 2, 3, 5, 3, 2, 2, 3, 3, 2, 4, 1, 1, 2]"
a rocking chair,2.4,1.1431,30,"[1, 3, 1, 1, 2, 2, 2, 3, 3, 3, 1, 5, 3, 3, 4, 3, 2, 4, 4, 2, 1, 1, 1, 2, 2, 2, 2, 1, 4, 4]"
a rollercoaster,4.6432,0.7437,241,"[3, 5, 5, 5, 5, 5, 5, 5, 5, 5, 4, 5, 4, 5, 5, 4, 5, 5, 4, 5, 5, 4, 5, 5, 5, 5, 5, 5, 5, 5, 3, 5, 4, 5, 1, 4, 5, 5, 4, 5, 5, 5, 5, 5, 5, 5, 5, 5, 5, 5, 5, 4, 5, 5, 5, 5, 5, 5, 5, 5, 2, 4, 5, 5, 5, 5, 5, 4, 4, 2, 5, 5, 4, 5, 1, 4, 5, 5, 5, 5, 5, 5, 5, 5, 5, 5, 5, 5, 5, 5, 5, 4, 5, 5, 4, 5, 5, 5, 4, 5, 5, 5, 5, 5, 2, 5, 5, 4, 5, 4, 4, 4, 5, 5, 4, 5, 4, 5, 5, 5, 5, 5, 5, 1, 5, 5, 5, 4, 5, 5, 4, 5, 4, 3, 5, 5, 5, 4, 5, 5, 5, 5, 5, 5, 5, 5, 5, 5, 5, 5, 5, 5, 4, 5, 5, 5, 5, 5, 5, 5, 5, 4, 3, 5, 5, 5, 5, 5, 5, 5, 5, 5, 5, 5, 2, 5, 4, 5, 4, 4, 4, 5, 5, 5, 4, 5, 5, 5, 4, 4, 5, 5, 5, 5, 5, 5, 5, 5, 4, 5, 4, 5, 5, 2, 5, 5, 5, 5, 4, 4, 5, 5, 4, 5, 5, 4, 5, 4, 3, 5, 5, 4, 5, 4, 5, 5, 4, 5, 3, 5, 4, 5, 5, 5, 5, 5, 5, 5, 5, 5, 5]"
a rubble,2.4667,0.9911,30,"[4, 3, 2, 3, 2, 1, 2, 1, 4, 4, 1, 2, 4, 3, 3, 1, 4, 2, 2, 3, 3, 2, 2, 3, 2, 3, 3, 3, 1, 1]"
a rustler,3.7333,1.1235,30,"[4, 5, 3, 4, 1, 3, 4, 5, 3, 5, 5, 5, 4, 3, 1, 5, 4, 3, 2, 4, 4, 4, 5, 4, 4, 3, 4, 4, 2, 5]"
a saboteur,3.9655,1.0662,29,"[1, 4, 5, 5, 5, 4, 4, 4, 5, 4, 2, 5, 4, 4, 4, 3, 4, 4, 5, 4, 4, 3, 4, 5, 1, 5, 5, 4, 4]"
a salad fork,2.1379,1.0414,29,"[4, 3, 3, 3, 4, 1, 1, 3, 2, 1, 1, 3, 1, 2, 1, 1, 3, 2, 2, 3, 2, 1, 2, 1, 3, 4, 1, 1, 3]"
a saleslady,2.6,0.9165,30,"[1, 3, 2, 2, 2, 2, 3, 3, 2, 1, 2, 4, 3, 2, 3, 4, 3, 3, 3, 3, 2, 1, 5, 3, 2, 2, 2, 4, 3, 3]"
a salesperson,2.6667,1.075,30,"[2, 2, 4, 2, 1, 1, 1, 4, 3, 4, 4, 3, 3, 3, 3, 1, 4, 3, 1, 4, 1, 2, 4, 3, 3, 3, 2, 4, 2, 3]"
a salt shaker,2.3235,0.9616,34,"[1, 3, 2, 2, 2, 3, 1, 3, 1, 1, 4, 2, 3, 4, 2, 2, 1, 3, 3, 1, 1, 3, 2, 3, 2, 4, 1, 2, 4, 3, 3, 2, 3, 2]"
a sandpiper,2.4,0.8794,30,"[2, 2, 1, 1, 4, 2, 2, 3, 3, 1, 3, 3, 3, 3, 1, 2, 2, 3, 1, 3, 2, 3, 3, 4, 3, 3, 2, 3, 1, 3]"
a sandwich,2.9667,0.9123,30,"[1, 4, 1, 2, 3, 3, 3, 4, 3, 3, 3, 5, 3, 4, 4, 4, 3, 2, 2, 2, 3, 2, 3, 3, 2, 4, 3, 3, 3, 4]"
a savanna,3.1333,0.9911,30,"[1, 2, 3, 4, 2, 3, 2, 3, 4, 3, 4, 5, 4, 3, 3, 3, 4, 4, 2, 3, 5, 5, 3, 3, 1, 3, 3, 3, 3, 3]"
a scapegoat,3.1667,1.0672,30,"[3, 4, 4, 2, 4, 1, 4, 3, 4, 4, 2, 1, 4, 4, 4, 1, 4, 4, 4, 2, 3, 3, 4, 4, 4, 2, 2, 4, 2, 4]"
a scavenger,3.3214,1.1037,28,"[2, 3, 5, 5, 5, 3, 4, 2, 1, 2, 3, 4, 2, 3, 4, 2, 4, 4, 4, 1, 4, 3, 4, 4, 4, 4, 4, 3]"
a scribe,2.2069,0.8043,29,"[1, 3, 3, 2, 2, 1, 1, 3, 3, 2, 2, 3, 1, 3, 1, 1, 3, 2, 2, 3, 2, 1, 3, 3, 3, 3, 2, 2, 3]"
a scroll,2.3,1.0693,30,"[2, 4, 1, 2, 3, 3, 3, 3, 4, 2, 2, 2, 2, 3, 3, 2, 1, 2, 1, 1, 2, 3, 1, 1, 1, 4, 5, 1, 2, 3]"
a sea cucumber,2.3103,1.0538,29,"[1, 3, 3, 3, 4, 1, 1, 3, 3, 2, 1, 3, 1, 1, 1, 1, 1, 3, 3, 3, 3, 4, 1, 2, 3, 4, 3, 2, 3]"
a sea snail,2.0,1.0505,29,"[1, 3, 3, 3, 4, 1, 1, 1, 3, 1, 1, 3, 1, 1, 2, 1, 1, 3, 4, 3, 2, 1, 1, 3, 3, 2, 1, 1, 3]"
a seahawk,3.0,1.0505,29,"[1, 3, 4, 2, 3, 3, 3, 4, 4, 3, 5, 4, 3, 4, 4, 4, 3, 4, 1, 3, 2, 1, 2, 3, 3, 4, 3, 3, 1]"
a seamstress,2.5882,1.1406,34,"[3, 3, 1, 3, 4, 1, 4, 3, 1, 1, 3, 2, 3, 3, 2, 3, 1, 3, 3, 4, 1, 3, 3, 1, 2, 3, 5, 5, 1, 3, 3, 1, 3, 3]"
a senator,2.1667,1.1279,30,"[2, 1, 1, 2, 4, 2, 4, 3, 4, 1, 1, 2, 2, 2, 2, 1, 2, 4, 1, 4, 1, 3, 1, 3, 1, 1, 3, 1, 2, 4]"
a senior,2.6207,0.997,29,"[1, 2, 2, 3, 3, 3, 1, 3, 2, 2, 4, 3, 4, 3, 4, 3, 2, 2, 3, 5, 1, 1, 3, 4, 3, 2, 2, 3, 2]"
a sentry,2.9118,1.0946,34,"[1, 2, 2, 3, 3, 5, 5, 4, 3, 4, 4, 2, 3, 3, 3, 3, 1, 3, 4, 2, 2, 4, 3, 1, 4, 3, 1, 3, 1, 3, 3, 4, 3, 4]"
a sergeant,3.3333,0.9428,30,"[3, 3, 4, 4, 3, 3, 2, 4, 3, 5, 5, 4, 3, 3, 4, 3, 4, 3, 3, 2, 4, 2, 5, 3, 4, 3, 4, 2, 1, 4]"
a serviceman,2.8966,1.0937,29,"[1, 3, 1, 4, 4, 2, 1, 5, 3, 3, 2, 3, 2, 3, 3, 4, 3, 4, 3, 3, 5, 3, 3, 1, 2, 4, 4, 3, 2]"
a sewing machine,2.1724,1.0527,29,"[1, 2, 1, 2, 2, 1, 4, 2, 1, 2, 3, 2, 4, 3, 3, 2, 1, 4, 2, 2, 1, 4, 4, 1, 2, 1, 3, 2, 1]"
a shake,3.4,1.0198,30,"[3, 3, 4, 4, 2, 4, 2, 3, 3, 3, 2, 3, 4, 5, 1, 3, 4, 4, 4, 4, 2, 5, 2, 4, 4, 3, 5, 4, 5, 3]"
a sheep,2.0333,0.836,30,"[3, 1, 3, 1, 3, 3, 3, 2, 2, 2, 1, 2, 2, 2, 2, 1, 2, 2, 2, 1, 2, 4, 1, 1, 1, 3, 3, 1, 2, 3]"
a signatory,2.3667,1.016,30,"[1, 2, 2, 2, 3, 1, 3, 2, 3, 5, 3, 1, 3, 3, 1, 4, 1, 3, 2, 1, 2, 2, 3, 3, 4, 3, 3, 2, 2, 1]"
a silverfish,2.9,1.106,30,"[4, 3, 2, 4, 3, 1, 4, 2, 4, 4, 4, 4, 4, 3, 3, 1, 2, 4, 4, 3, 3, 4, 1, 4, 2, 3, 1, 3, 1, 2]"
a singer,3.2069,1.2423,29,"[4, 4, 5, 4, 4, 3, 4, 5, 3, 5, 2, 1, 4, 4, 4, 3, 2, 2, 1, 3, 4, 5, 3, 1, 4, 3, 1, 2, 3]"
a skier,3.6667,1.075,30,"[3, 5, 4, 3, 4, 4, 4, 5, 4, 2, 5, 2, 5, 4, 4, 5, 2, 4, 2, 3, 3, 5, 5, 3, 4, 4, 3, 1, 4, 4]"
a skillet,2.6207,0.997,29,"[3, 1, 1, 2, 4, 1, 3, 3, 3, 2, 3, 2, 3, 1, 2, 4, 3, 3, 3, 4, 5, 3, 3, 3, 3, 2, 3, 1, 2]"
a skyscraper,3.8333,1.0672,30,"[1, 4, 3, 4, 1, 4, 5, 4, 3, 4, 5, 4, 3, 3, 5, 3, 5, 4, 4, 4, 4, 4, 5, 2, 4, 5, 5, 4, 4, 5]"
a sled,3.6061,0.9829,33,"[4, 4, 4, 3, 5, 5, 3, 2, 1, 4, 3, 2, 3, 3, 4, 4, 1, 5, 4, 4, 4, 4, 4, 4, 4, 4, 4, 4, 5, 4, 3, 4, 3]"
a sledgehammer,3.7,1.0376,30,"[4, 5, 4, 4, 3, 1, 5, 4, 5, 5, 1, 4, 3, 4, 4, 3, 4, 4, 4, 4, 4, 4, 4, 4, 4, 4, 3, 4, 1, 4]"
a sleep disorder,2.3333,1.3499,30,"[3, 2, 2, 1, 2, 3, 5, 1, 3, 5, 1, 4, 2, 2, 1, 1, 4, 1, 1, 4, 3, 1, 1, 2, 1, 1, 4, 4, 1, 4]"
a sloth,1.8,1.1372,30,"[3, 1, 1, 3, 4, 2, 4, 1, 4, 1, 1, 2, 1, 1, 1, 1, 1, 2, 4, 1, 2, 1, 1, 1, 1, 4, 2, 1, 1, 1]"
a smelt,2.6667,0.83,30,"[4, 3, 2, 2, 2, 1, 3, 3, 3, 1, 2, 3, 4, 3, 1, 3, 3, 2, 4, 3, 2, 2, 3, 3, 4, 3, 3, 3, 3, 2]"
a snare drum,3.5667,0.8825,30,"[4, 4, 4, 4, 3, 1, 4, 4, 4, 4, 3, 4, 4, 5, 3, 1, 4, 4, 4, 3, 3, 5, 3, 4, 4, 3, 3, 3, 4, 4]"
a socket wrench,2.3333,0.9068,30,"[1, 3, 1, 1, 1, 3, 3, 4, 3, 2, 2, 3, 3, 2, 3, 3, 1, 3, 2, 3, 4, 1, 1, 3, 2, 2, 2, 3, 3, 2]"
a sole,2.303,0.9687,33,"[3, 3, 2, 3, 2, 1, 3, 2, 1, 1, 3, 3, 4, 2, 4, 1, 3, 3, 2, 1, 3, 1, 1, 2, 4, 2, 3, 1, 3, 3, 3, 1, 2]"
a space heater,2.2759,1.0471,29,"[1, 1, 1, 2, 2, 1, 1, 3, 4, 2, 3, 3, 4, 3, 3, 1, 2, 4, 1, 3, 2, 4, 3, 1, 1, 2, 3, 2, 3]"
a space shuttle,4.3667,1.016,30,"[3, 5, 5, 5, 1, 5, 4, 5, 3, 5, 5, 5, 4, 4, 4, 3, 5, 5, 5, 4, 5, 5, 5, 5, 5, 5, 5, 4, 2, 5]"
a spaceship,4.2,1.0456,30,"[3, 5, 5, 5, 5, 5, 5, 5, 4, 4, 5, 4, 4, 5, 5, 5, 2, 5, 3, 4, 5, 4, 5, 3, 5, 1, 4, 5, 3, 3]"
a speaker,3.0714,0.9974,28,"[4, 2, 4, 3, 5, 3, 3, 2, 2, 2, 3, 3, 1, 2, 5, 3, 2, 3, 4, 2, 4, 2, 4, 3, 4, 4, 3, 4]"
a spectator,2.4286,0.9794,28,"[3, 1, 4, 2, 4, 2, 2, 4, 2, 2, 4, 2, 3, 3, 4, 2, 2, 2, 1, 3, 3, 1, 3, 1, 2, 1, 2, 3]"
a speech writer,2.2414,0.8572,29,"[1, 1, 2, 3, 2, 2, 1, 2, 1, 2, 2, 2, 2, 3, 3, 4, 4, 3, 3, 2, 1, 3, 3, 3, 1, 2, 2, 3, 2]"
a spleen,2.2069,1.1561,29,"[1, 1, 2, 3, 4, 1, 4, 1, 1, 2, 2, 3, 1, 3, 3, 1, 4, 5, 1, 3, 1, 3, 1, 2, 1, 3, 2, 3, 2]"
a spokesman,2.5517,0.968,29,"[1, 1, 2, 3, 2, 2, 2, 3, 1, 2, 3, 3, 1, 3, 3, 4, 3, 4, 3, 3, 2, 4, 2, 2, 3, 2, 2, 3, 5]"
a spy,4.0667,0.8919,30,"[4, 5, 5, 4, 5, 4, 4, 4, 5, 4, 5, 2, 4, 4, 5, 5, 4, 4, 3, 3, 4, 4, 5, 4, 5, 1, 4, 4, 4, 4]"
a squirrel,2.8276,1.0527,29,"[1, 1, 3, 3, 4, 2, 3, 4, 2, 2, 4, 3, 1, 3, 3, 2, 3, 4, 1, 4, 1, 4, 4, 3, 3, 3, 4, 3, 4]"
a stairwell,2.3448,0.9569,29,"[1, 3, 3, 2, 4, 2, 4, 3, 3, 2, 2, 1, 2, 4, 1, 1, 2, 3, 3, 3, 2, 1, 3, 2, 3, 3, 1, 1, 3]"
a stalactite,2.9,0.8699,30,"[2, 4, 3, 2, 2, 3, 3, 3, 4, 3, 4, 2, 3, 4, 1, 3, 3, 3, 3, 2, 2, 2, 3, 2, 4, 3, 2, 3, 5, 4]"
a staple gun,2.6,1.0198,30,"[1, 3, 1, 2, 2, 2, 3, 4, 3, 1, 5, 3, 3, 2, 3, 3, 1, 3, 4, 4, 2, 2, 4, 3, 2, 2, 2, 2, 4, 2]"
a statesman,2.5517,1.0695,29,"[3, 3, 2, 2, 4, 1, 3, 3, 3, 4, 1, 3, 1, 4, 2, 1, 3, 3, 3, 3, 3, 2, 1, 1, 4, 4, 1, 4, 2]"
a station wagon,2.3939,1.1531,33,"[1, 2, 1, 2, 5, 2, 4, 1, 2, 1, 3, 3, 4, 2, 3, 1, 3, 2, 1, 4, 3, 2, 1, 2, 4, 2, 3, 5, 2, 3, 1, 2, 2]"
a stepmother,2.4667,0.8459,30,"[2, 3, 2, 2, 2, 2, 2, 3, 3, 3, 1, 3, 1, 3, 1, 3, 4, 3, 2, 3, 2, 3, 4, 2, 3, 3, 1, 2, 4, 2]"
a steward,2.3667,0.7063,30,"[2, 3, 3, 3, 2, 3, 2, 3, 2, 2, 2, 3, 1, 3, 1, 2, 3, 2, 1, 2, 2, 2, 3, 4, 2, 3, 2, 3, 2, 3]"
a stimulant,4.0345,0.9994,29,"[1, 3, 5, 4, 3, 4, 5, 5, 4, 5, 5, 5, 4, 4, 2, 5, 5, 4, 4, 4, 4, 5, 4, 4, 2, 4, 5, 4, 4]"
a stoop,2.0,0.871,29,"[2, 2, 2, 2, 3, 3, 3, 4, 1, 1, 1, 2, 3, 3, 1, 2, 1, 3, 1, 3, 1, 2, 1, 1, 3, 2, 1, 2, 2]"
a storage cabinet,2.0345,1.0662,29,"[4, 3, 1, 1, 4, 1, 1, 3, 2, 2, 1, 1, 1, 3, 1, 1, 3, 3, 3, 3, 2, 1, 1, 1, 3, 2, 1, 4, 2]"
a stuntman,4.1333,0.9911,30,"[5, 4, 5, 5, 2, 5, 4, 3, 4, 2, 5, 4, 4, 5, 4, 3, 5, 4, 3, 5, 5, 4, 4, 5, 5, 3, 2, 5, 5, 5]"
a subscriber,2.6,1.052,30,"[4, 4, 2, 1, 3, 1, 1, 1, 3, 3, 3, 3, 4, 4, 3, 1, 1, 1, 2, 3, 3, 3, 2, 3, 2, 3, 3, 4, 4, 3]"
a successor,2.7941,0.9935,34,"[3, 3, 2, 3, 4, 4, 4, 3, 3, 1, 3, 3, 3, 4, 2, 3, 1, 3, 3, 1, 3, 3, 2, 1, 4, 4, 3, 3, 1, 4, 4, 1, 3, 3]"
a surfer,4.1,0.9781,30,"[2, 5, 4, 5, 2, 2, 4, 5, 3, 5, 5, 5, 4, 3, 3, 3, 5, 5, 4, 4, 4, 4, 5, 5, 5, 5, 5, 4, 4, 4]"
a surveyor,2.3333,0.83,30,"[3, 3, 2, 2, 4, 1, 2, 3, 2, 2, 2, 2, 2, 2, 1, 3, 3, 3, 1, 3, 2, 1, 3, 3, 2, 3, 4, 3, 1, 2]"
a suspect,3.6333,0.7951,30,"[4, 4, 4, 4, 4, 1, 4, 4, 5, 4, 4, 4, 4, 4, 4, 3, 4, 4, 4, 4, 2, 3, 3, 4, 4, 3, 4, 3, 2, 4]"
a sweatshirt,2.1724,1.0527,29,"[1, 1, 2, 3, 2, 1, 1, 1, 4, 2, 3, 3, 4, 3, 3, 1, 2, 4, 1, 3, 3, 3, 2, 1, 1, 3, 1, 3, 1]"
a swimmer,3.3,1.0376,30,"[4, 1, 4, 4, 4, 3, 4, 3, 3, 1, 4, 4, 3, 3, 1, 2, 4, 4, 2, 3, 4, 4, 2, 4, 4, 4, 4, 4, 3, 5]"
a sympathizer,2.4828,0.9329,29,"[2, 2, 4, 4, 3, 4, 4, 2, 3, 2, 2, 1, 2, 2, 2, 2, 1, 2, 1, 3, 3, 2, 3, 1, 4, 3, 3, 2, 3]"
a synthesizer,3.3333,0.8692,30,"[4, 4, 4, 4, 3, 2, 4, 4, 3, 3, 4, 4, 4, 4, 3, 1, 3, 3, 2, 3, 3, 4, 4, 4, 4, 1, 3, 3, 4, 4]"
a table,2.1488,0.9462,242,"[4, 1, 1, 2, 3, 4, 1, 1, 3, 3, 3, 2, 4, 3, 3, 1, 3, 2, 2, 3, 3, 3, 1, 1, 3, 1, 3, 3, 1, 2, 1, 1, 1, 2, 2, 3, 1, 3, 3, 1, 1, 1, 2, 2, 3, 3, 2, 3, 3, 1, 1, 2, 3, 3, 4, 3, 2, 2, 2, 1, 1, 1, 1, 2, 3, 1, 3, 3, 3, 3, 2, 3, 1, 3, 3, 3, 3, 1, 2, 3, 4, 2, 2, 3, 2, 3, 4, 3, 1, 3, 4, 3, 3, 1, 3, 2, 1, 3, 2, 3, 1, 1, 1, 3, 2, 2, 1, 2, 3, 3, 2, 1, 3, 1, 3, 3, 1, 1, 3, 1, 1, 1, 3, 2, 1, 2, 3, 3, 1, 3, 3, 1, 3, 3, 1, 2, 4, 1, 2, 2, 1, 2, 1, 1, 1, 2, 3, 1, 1, 2, 2, 3, 2, 1, 4, 3, 1, 1, 3, 3, 3, 4, 2, 3, 1, 3, 3, 1, 2, 3, 1, 1, 2, 4, 1, 3, 1, 3, 3, 3, 1, 2, 1, 3, 1, 1, 1, 2, 3, 1, 2, 1, 2, 3, 2, 3, 3, 2, 1, 2, 2, 3, 4, 1, 1, 3, 2, 2, 2, 3, 1, 3, 2, 2, 1, 2, 3, 2, 4, 3, 3, 1, 2, 2, 2, 2, 1, 1, 3, 1, 1, 1, 3, 2, 3, 3, 1, 3, 3, 1, 1, 3]"
a tailor,2.6333,0.9123,30,"[3, 3, 2, 1, 2, 2, 3, 3, 3, 1, 5, 3, 3, 3, 3, 3, 2, 3, 3, 3, 1, 2, 3, 3, 3, 4, 2, 2, 1, 4]"
a tangello,2.7667,1.0225,30,"[3, 4, 4, 4, 2, 1, 2, 3, 2, 1, 3, 3, 4, 3, 1, 2, 3, 3, 3, 4, 4, 3, 2, 3, 3, 3, 1, 4, 1, 4]"
a tank top,3.3,1.1299,30,"[1, 3, 4, 4, 1, 2, 3, 5, 3, 2, 5, 3, 3, 2, 4, 3, 3, 4, 2, 3, 4, 4, 4, 3, 4, 5, 2, 5, 3, 5]"
a tenor,2.9667,1.016,30,"[4, 3, 2, 4, 3, 1, 2, 3, 2, 3, 3, 4, 4, 3, 3, 1, 4, 4, 3, 4, 3, 2, 5, 4, 2, 1, 3, 3, 4, 2]"
a thesaurus,1.9655,1.098,29,"[1, 1, 3, 2, 2, 2, 2, 3, 1, 1, 3, 3, 1, 1, 3, 5, 1, 4, 1, 1, 1, 3, 2, 1, 1, 1, 3, 3, 1]"
a thigh,3.9118,0.9812,34,"[5, 4, 5, 2, 5, 4, 5, 3, 4, 4, 4, 3, 4, 4, 2, 5, 5, 3, 2, 5, 5, 4, 3, 5, 4, 4, 5, 4, 4, 3, 3, 4, 5, 2]"
a thoracic cavity,2.2647,1.1196,34,"[3, 1, 2, 4, 1, 1, 3, 1, 1, 1, 3, 3, 2, 4, 3, 3, 1, 3, 4, 2, 4, 1, 1, 1, 4, 3, 1, 2, 1, 3, 3, 1, 3, 3]"
a thunderstorm,4.3,0.9363,30,"[5, 3, 5, 5, 4, 5, 4, 5, 5, 5, 4, 5, 5, 1, 5, 4, 5, 4, 5, 4, 2, 5, 4, 5, 4, 4, 4, 4, 5, 4]"
a tidal wave,4.5152,0.6091,33,"[5, 4, 5, 4, 5, 5, 5, 3, 4, 5, 5, 4, 4, 5, 4, 5, 4, 5, 5, 5, 5, 5, 4, 5, 3, 4, 4, 5, 4, 4, 5, 5, 5]"
a tiger,4.4138,0.6168,29,"[3, 5, 5, 4, 5, 4, 4, 4, 5, 5, 4, 5, 5, 4, 3, 5, 4, 4, 4, 5, 4, 5, 4, 5, 4, 5, 5, 4, 5]"
a toilet bowl brush,1.7586,0.8966,29,"[2, 1, 1, 1, 3, 1, 4, 1, 4, 1, 1, 1, 2, 2, 1, 1, 3, 1, 1, 1, 2, 1, 3, 2, 2, 2, 2, 2, 2]"
a torso,2.5862,1.0006,29,"[1, 1, 1, 3, 4, 2, 3, 2, 2, 3, 3, 3, 1, 3, 3, 3, 4, 3, 2, 4, 4, 2, 2, 4, 1, 2, 4, 3, 2]"
a tracker,3.1379,0.9368,29,"[1, 3, 3, 3, 4, 1, 4, 3, 4, 4, 5, 3, 3, 3, 2, 2, 3, 2, 2, 3, 4, 4, 3, 4, 3, 4, 4, 4, 3]"
a travel agent,2.5667,1.1743,30,"[1, 2, 1, 1, 4, 1, 4, 1, 3, 2, 2, 3, 3, 1, 3, 3, 3, 4, 4, 1, 2, 3, 4, 2, 4, 3, 1, 3, 5, 3]"
a trendsetter,3.7353,0.8848,34,"[5, 4, 5, 3, 4, 3, 4, 3, 3, 4, 5, 2, 4, 4, 4, 4, 4, 4, 4, 2, 4, 4, 4, 3, 4, 4, 1, 3, 5, 4, 3, 4, 5, 4]"
a trombone,3.1379,1.0077,29,"[2, 2, 4, 4, 3, 4, 3, 4, 2, 1, 4, 3, 3, 1, 3, 5, 4, 4, 4, 4, 2, 2, 4, 3, 3, 4, 2, 4, 3]"
a trustee,2.5667,0.9551,30,"[2, 2, 2, 2, 2, 3, 1, 2, 3, 5, 1, 1, 3, 3, 3, 3, 3, 2, 3, 2, 4, 2, 4, 3, 4, 4, 2, 2, 2, 2]"
a tube top,3.2333,1.1743,30,"[1, 3, 4, 2, 1, 3, 3, 5, 2, 3, 4, 2, 3, 2, 4, 3, 3, 3, 2, 3, 5, 4, 5, 3, 4, 5, 3, 5, 2, 5]"
a tugboat,2.2759,0.8669,29,"[1, 3, 3, 3, 4, 1, 2, 3, 4, 2, 1, 2, 1, 2, 1, 2, 2, 2, 2, 3, 3, 2, 3, 1, 3, 2, 2, 3, 3]"
a tuna,2.2414,1.1343,29,"[1, 1, 1, 3, 4, 1, 2, 3, 1, 1, 4, 3, 2, 3, 3, 2, 2, 4, 1, 3, 1, 4, 2, 1, 1, 1, 4, 3, 3]"
a tureen,2.6667,1.1353,30,"[3, 3, 3, 1, 4, 3, 5, 3, 4, 1, 1, 1, 3, 3, 1, 3, 2, 3, 3, 3, 1, 2, 3, 3, 4, 3, 3, 2, 5, 1]"
a turkey,2.7586,1.0717,29,"[3, 3, 4, 1, 2, 2, 3, 4, 4, 1, 1, 4, 3, 2, 4, 4, 3, 4, 2, 3, 1, 4, 3, 3, 1, 2, 3, 4, 2]"
a unicorn,3.9333,1.1813,30,"[4, 4, 4, 5, 1, 5, 1, 3, 4, 5, 5, 4, 4, 4, 5, 4, 5, 4, 4, 5, 4, 4, 5, 4, 4, 5, 2, 4, 1, 5]"
a upholsterer,2.4,1.0198,30,"[3, 3, 1, 1, 2, 3, 3, 3, 2, 4, 2, 5, 2, 4, 3, 4, 1, 2, 2, 3, 2, 1, 2, 3, 1, 2, 2, 2, 3, 1]"
a user,2.6552,0.8818,29,"[1, 3, 3, 2, 4, 1, 1, 3, 3, 2, 2, 4, 3, 3, 2, 4, 3, 2, 2, 3, 2, 3, 2, 2, 4, 3, 3, 4, 3]"
a utility knife,3.1515,1.0765,33,"[5, 3, 4, 3, 5, 3, 1, 3, 3, 4, 4, 4, 3, 3, 4, 1, 4, 3, 5, 2, 4, 3, 1, 2, 4, 4, 3, 1, 3, 3, 3, 3, 3]"
a valley,2.8,0.9452,30,"[4, 2, 2, 3, 3, 1, 2, 2, 4, 2, 3, 3, 4, 4, 3, 1, 3, 4, 3, 2, 3, 5, 2, 3, 3, 1, 3, 3, 3, 3]"
a van,2.5294,0.7759,34,"[3, 2, 2, 3, 3, 3, 4, 3, 2, 2, 3, 3, 3, 3, 2, 3, 1, 3, 3, 1, 3, 3, 2, 3, 2, 4, 1, 3, 2, 2, 3, 1, 3, 2]"
a vegetarian,2.6207,0.9618,29,"[3, 3, 2, 3, 5, 2, 2, 3, 5, 2, 3, 2, 2, 3, 1, 3, 3, 2, 4, 2, 2, 2, 2, 2, 3, 4, 3, 1, 2]"
a veteran,3.2667,0.9638,30,"[1, 3, 4, 5, 3, 3, 3, 2, 4, 3, 4, 5, 4, 4, 3, 3, 3, 5, 5, 3, 3, 2, 2, 3, 4, 3, 2, 3, 3, 3]"
a villain,4.2759,0.8669,29,"[1, 4, 5, 5, 5, 4, 4, 4, 5, 4, 3, 5, 5, 4, 4, 5, 4, 5, 5, 5, 3, 5, 4, 4, 5, 5, 4, 4, 4]"
a viola,3.0294,1.0142,34,"[3, 4, 4, 3, 5, 1, 3, 3, 3, 2, 4, 2, 3, 4, 3, 4, 1, 3, 3, 2, 3, 2, 3, 1, 2, 3, 5, 3, 5, 3, 3, 3, 4, 3]"
a violist,2.8333,1.2134,30,"[3, 3, 2, 4, 1, 3, 2, 3, 3, 4, 5, 4, 4, 4, 1, 3, 1, 2, 4, 4, 2, 2, 4, 2, 4, 5, 2, 2, 1, 1]"
a voter,2.6471,0.9037,34,"[3, 3, 1, 3, 2, 3, 4, 2, 2, 1, 3, 2, 3, 4, 2, 3, 2, 3, 4, 2, 4, 3, 3, 1, 2, 4, 2, 3, 1, 4, 3, 2, 3, 3]"
a waffle iron,2.7333,0.9978,30,"[3, 2, 2, 4, 3, 1, 3, 2, 2, 3, 2, 4, 4, 3, 2, 1, 4, 4, 3, 3, 3, 3, 4, 1, 2, 1, 2, 3, 4, 4]"
a wallaby,3.1,1.0116,30,"[3, 3, 2, 4, 4, 1, 4, 3, 4, 3, 2, 4, 4, 3, 2, 1, 5, 4, 4, 3, 3, 4, 4, 4, 1, 3, 2, 3, 3, 3]"
a warehouseman,2.069,0.8683,29,"[1, 2, 2, 3, 3, 3, 3, 3, 1, 2, 2, 2, 1, 3, 3, 1, 2, 4, 1, 2, 1, 3, 2, 1, 1, 2, 2, 3, 1]"
a warlock,4.3,0.8226,30,"[5, 5, 5, 5, 1, 4, 4, 4, 4, 5, 5, 4, 4, 3, 4, 5, 5, 4, 5, 5, 5, 4, 4, 4, 4, 5, 4, 4, 4, 5]"
a wasp,3.6208,1.1841,240,"[4, 4, 4, 4, 3, 1, 5, 4, 5, 5, 4, 2, 4, 5, 3, 4, 5, 5, 4, 4, 2, 5, 5, 4, 3, 4, 2, 4, 1, 1, 4, 5, 4, 4, 2, 4, 4, 3, 3, 5, 5, 5, 3, 2, 4, 4, 5, 5, 5, 4, 5, 4, 3, 4, 3, 4, 4, 5, 4, 4, 4, 3, 2, 2, 2, 3, 3, 3, 4, 3, 4, 4, 4, 5, 1, 1, 4, 5, 5, 3, 1, 4, 4, 4, 4, 3, 3, 4, 5, 5, 1, 2, 4, 4, 3, 1, 4, 4, 4, 4, 5, 4, 4, 3, 2, 5, 4, 4, 2, 4, 4, 4, 4, 4, 4, 2, 5, 5, 4, 4, 4, 5, 4, 5, 5, 4, 4, 4, 5, 2, 1, 2, 3, 3, 5, 5, 4, 5, 4, 2, 4, 4, 5, 1, 4, 4, 4, 4, 5, 1, 5, 4, 5, 4, 4, 1, 4, 5, 5, 3, 3, 5, 4, 4, 5, 4, 4, 5, 5, 4, 4, 4, 4, 3, 2, 5, 4, 3, 4, 4, 4, 1, 2, 4, 1, 4, 4, 3, 4, 5, 2, 4, 2, 1, 3, 2, 4, 3, 4, 4, 3, 5, 4, 5, 3, 4, 4, 2, 5, 2, 4, 5, 5, 1, 4, 2, 3, 3, 5, 2, 5, 2, 5, 4, 4, 5, 1, 2, 4, 4, 3, 4, 1, 4, 4, 1, 1, 4, 3, 4]"
a watchman,2.5,0.8851,30,"[3, 3, 2, 2, 1, 3, 2, 3, 2, 1, 2, 2, 2, 4, 1, 3, 4, 3, 3, 2, 2, 4, 2, 3, 3, 3, 2, 4, 1, 3]"
a weasel,2.6667,1.0111,30,"[2, 3, 3, 2, 2, 3, 2, 2, 3, 4, 2, 3, 3, 3, 1, 2, 1, 4, 2, 2, 1, 2, 5, 3, 3, 3, 2, 3, 4, 5]"
a weatherman,2.4333,0.8825,30,"[4, 2, 2, 3, 2, 1, 2, 1, 2, 3, 4, 2, 4, 4, 3, 1, 1, 2, 2, 2, 3, 3, 3, 2, 2, 3, 3, 3, 2, 2]"
a whistle,3.2069,1.0948,29,"[1, 1, 2, 3, 4, 2, 4, 4, 3, 4, 3, 3, 2, 3, 3, 3, 3, 4, 4, 4, 1, 5, 4, 5, 3, 3, 4, 3, 5]"
a whistle-blower,3.5714,1.1473,28,"[1, 3, 3, 4, 3, 4, 4, 4, 4, 2, 5, 1, 3, 4, 5, 4, 3, 5, 4, 1, 4, 4, 4, 3, 4, 4, 5, 5]"
a whiteboard,2.1034,0.8447,29,"[3, 3, 3, 3, 4, 1, 1, 3, 2, 1, 1, 3, 1, 1, 2, 2, 1, 2, 3, 3, 2, 1, 2, 2, 3, 2, 2, 2, 2]"
a widow,2.5333,0.9911,30,"[1, 3, 1, 1, 2, 3, 3, 5, 3, 3, 2, 4, 2, 2, 2, 3, 3, 3, 4, 3, 4, 2, 1, 3, 1, 3, 2, 3, 2, 2]"
a wife,3.1,1.0116,30,"[4, 3, 4, 1, 2, 2, 3, 5, 3, 2, 4, 3, 4, 4, 4, 4, 3, 3, 3, 3, 1, 1, 4, 3, 4, 4, 2, 4, 3, 3]"
a wig,2.6176,0.9706,34,"[2, 3, 4, 2, 4, 2, 4, 1, 2, 1, 4, 4, 1, 4, 2, 2, 1, 3, 3, 2, 3, 3, 2, 3, 3, 3, 1, 3, 4, 3, 3, 2, 3, 2]"
a witness,3.0667,0.8537,30,"[1, 3, 3, 3, 3, 3, 3, 4, 4, 4, 4, 4, 3, 2, 3, 3, 3, 4, 2, 4, 1, 4, 4, 3, 3, 4, 3, 2, 2, 3]"
a wizard,3.9062,0.9473,32,"[4, 5, 4, 5, 1, 3, 2, 4, 5, 2, 3, 4, 4, 4, 4, 5, 4, 5, 4, 5, 4, 4, 4, 4, 3, 4, 5, 4, 3, 4, 5, 4]"
a wolf,4.1,1.044,30,"[4, 5, 2, 4, 1, 3, 5, 4, 3, 5, 5, 4, 4, 3, 5, 4, 5, 5, 5, 5, 5, 4, 5, 4, 4, 4, 4, 5, 2, 5]"
a woodpecker,3.0,1.1255,30,"[2, 5, 3, 3, 4, 3, 4, 5, 2, 3, 5, 2, 4, 4, 2, 2, 2, 4, 3, 1, 3, 4, 3, 3, 1, 3, 3, 1, 2, 4]"
a wrench,2.5455,0.8199,33,"[3, 2, 2, 3, 3, 3, 2, 2, 1, 3, 3, 3, 3, 2, 4, 1, 3, 3, 1, 3, 3, 3, 3, 2, 4, 1, 3, 1, 3, 3, 2, 3, 3]"
a yellow jacket,3.7333,1.2893,30,"[3, 5, 5, 1, 2, 4, 1, 3, 3, 3, 5, 5, 3, 2, 1, 3, 5, 5, 5, 4, 5, 5, 4, 4, 4, 4, 4, 5, 4, 5]"
abashed,2.6897,1.2347,29,"[1, 1, 1, 4, 4, 2, 3, 3, 1, 2, 2, 3, 1, 3, 3, 3, 4, 4, 1, 4, 3, 3, 4, 4, 1, 5, 1, 3, 4]"
abhorrent,3.4828,1.249,29,"[1, 3, 4, 4, 3, 1, 3, 5, 4, 5, 5, 4, 4, 2, 1, 3, 3, 5, 2, 5, 4, 4, 4, 4, 3, 3, 5, 5, 2]"
abnormal,3.0345,1.098,29,"[3, 3, 2, 4, 3, 4, 3, 3, 4, 1, 4, 2, 2, 2, 4, 3, 4, 2, 4, 4, 4, 1, 1, 5, 4, 2, 2, 4, 4]"
aboriginal,3.0,0.7746,30,"[2, 3, 3, 2, 3, 3, 3, 3, 4, 3, 1, 3, 3, 3, 3, 4, 3, 3, 3, 4, 1, 4, 3, 3, 2, 3, 3, 4, 4, 4]"
absent,1.8667,0.8055,30,"[2, 3, 1, 2, 2, 1, 2, 3, 3, 1, 2, 2, 1, 2, 1, 1, 3, 1, 1, 1, 2, 1, 4, 2, 2, 3, 2, 2, 1, 2]"
absurd,3.3824,1.1635,34,"[5, 3, 4, 4, 1, 2, 1, 1, 3, 4, 4, 4, 3, 4, 4, 4, 1, 4, 3, 2, 5, 4, 4, 3, 4, 4, 4, 3, 2, 3, 4, 4, 5, 5]"
accurate,2.7879,1.0374,33,"[2, 3, 2, 3, 3, 2, 5, 3, 1, 3, 4, 3, 4, 3, 3, 1, 3, 3, 2, 2, 3, 3, 1, 4, 4, 1, 4, 1, 3, 4, 2, 3, 4]"
actinium,2.5667,0.8035,30,"[1, 3, 4, 2, 4, 1, 2, 3, 3, 1, 3, 2, 3, 3, 1, 3, 2, 3, 3, 3, 2, 3, 2, 3, 3, 3, 2, 3, 3, 3]"
additional,2.6897,1.1478,29,"[1, 1, 3, 3, 2, 2, 4, 3, 1, 4, 4, 2, 1, 3, 3, 4, 3, 4, 1, 3, 5, 1, 3, 4, 3, 3, 1, 3, 3]"
adjoining,2.4138,0.8912,29,"[2, 4, 1, 3, 3, 3, 4, 3, 3, 2, 2, 3, 2, 3, 3, 3, 2, 1, 1, 3, 3, 2, 3, 1, 1, 3, 1, 2, 3]"
admirable,3.6667,0.9428,30,"[3, 4, 3, 4, 2, 4, 1, 4, 3, 5, 4, 3, 4, 5, 4, 4, 4, 4, 4, 4, 4, 2, 4, 3, 5, 5, 4, 4, 2, 4]"
afraid,3.4667,1.4545,30,"[4, 5, 5, 1, 4, 5, 3, 5, 5, 2, 5, 2, 4, 4, 4, 4, 1, 3, 2, 2, 4, 4, 1, 5, 4, 1, 5, 1, 5, 4]"
aggressive,4.1,1.0116,30,"[4, 4, 5, 2, 5, 4, 3, 5, 5, 2, 5, 4, 5, 4, 5, 5, 4, 4, 4, 2, 4, 5, 4, 5, 5, 2, 5, 4, 3, 5]"
aikido,3.8667,0.8459,30,"[4, 4, 5, 3, 3, 4, 2, 4, 3, 5, 5, 5, 3, 3, 3, 4, 5, 3, 3, 4, 4, 5, 4, 3, 5, 4, 3, 4, 5, 4]"
ajar,2.3,0.9,30,"[2, 1, 4, 2, 3, 3, 4, 3, 2, 2, 2, 2, 2, 3, 3, 1, 2, 2, 2, 1, 3, 3, 1, 3, 1, 2, 3, 1, 2, 4]"
alert,4.1088,0.8944,239,"[4, 4, 5, 4, 5, 4, 5, 5, 4, 5, 3, 4, 4, 4, 5, 3, 5, 4, 3, 4, 4, 4, 4, 4, 5, 5, 4, 5, 4, 4, 4, 4, 4, 4, 1, 4, 5, 5, 3, 5, 5, 5, 5, 3, 4, 4, 5, 5, 4, 5, 5, 4, 4, 5, 4, 5, 4, 4, 4, 5, 5, 4, 5, 4, 1, 5, 2, 3, 4, 2, 5, 4, 5, 5, 2, 3, 5, 5, 4, 4, 4, 4, 4, 4, 5, 4, 5, 4, 5, 4, 1, 3, 5, 4, 4, 4, 4, 5, 3, 5, 3, 4, 4, 4, 2, 5, 5, 4, 4, 4, 4, 4, 3, 3, 4, 4, 4, 4, 4, 2, 4, 4, 5, 5, 4, 5, 4, 4, 4, 4, 4, 4, 3, 5, 5, 4, 4, 5, 4, 4, 4, 5, 5, 4, 5, 4, 4, 5, 5, 3, 5, 5, 5, 5, 5, 4, 5, 5, 4, 3, 4, 4, 3, 4, 5, 5, 1, 5, 5, 4, 5, 5, 4, 1, 4, 4, 4, 4, 4, 5, 5, 4, 3, 5, 1, 4, 5, 5, 5, 3, 4, 5, 4, 4, 5, 4, 4, 4, 5, 4, 2, 4, 4, 4, 5, 5, 4, 3, 5, 3, 3, 4, 5, 4, 4, 4, 3, 5, 4, 5, 2, 5, 4, 5, 5, 3, 4, 3, 5, 4, 4, 5, 5, 4, 3, 3, 3, 4, 5]"
alleged,2.9333,0.8919,30,"[3, 3, 1, 2, 4, 3, 3, 3, 4, 1, 4, 4, 3, 1, 4, 3, 3, 3, 2, 3, 4, 2, 2, 4, 3, 3, 3, 4, 3, 3]"
aluminium,2.2333,0.8035,30,"[1, 3, 1, 1, 1, 2, 3, 3, 2, 1, 2, 3, 3, 2, 3, 3, 3, 3, 2, 3, 3, 1, 2, 2, 3, 2, 2, 3, 3, 1]"
amazing,4.1379,0.8992,29,"[1, 5, 5, 4, 4, 5, 5, 5, 4, 4, 4, 5, 4, 4, 2, 5, 5, 4, 5, 4, 4, 4, 3, 4, 5, 4, 4, 4, 4]"
ambiguous,2.7,1.159,30,"[4, 3, 4, 2, 1, 1, 3, 3, 3, 3, 4, 3, 1, 2, 1, 4, 5, 2, 3, 4, 4, 1, 4, 3, 1, 3, 3, 3, 1, 2]"
an Egyptian,3.4706,0.8484,34,"[3, 3, 4, 3, 5, 4, 5, 3, 2, 3, 4, 2, 3, 4, 4, 4, 1, 3, 3, 3, 4, 4, 3, 3, 3, 4, 4, 4, 5, 4, 4, 3, 4, 3]"
an Englishman,2.5333,0.9911,30,"[2, 1, 3, 4, 4, 3, 3, 3, 2, 2, 2, 3, 3, 3, 2, 2, 5, 1, 2, 1, 3, 3, 2, 3, 1, 4, 2, 1, 3, 3]"
an Indian,2.9412,0.9684,34,"[1, 3, 4, 3, 4, 4, 5, 3, 2, 3, 4, 3, 3, 4, 3, 3, 1, 2, 3, 2, 4, 3, 2, 1, 3, 4, 3, 4, 1, 3, 3, 3, 3, 3]"
an RV,2.9333,1.0934,30,"[4, 2, 4, 4, 3, 3, 3, 3, 4, 1, 2, 3, 4, 3, 1, 1, 4, 2, 4, 4, 4, 1, 4, 3, 3, 5, 2, 2, 3, 2]"
an abalone,2.3333,0.9428,33,"[1, 3, 2, 3, 4, 2, 3, 3, 1, 1, 3, 3, 4, 2, 2, 1, 3, 3, 2, 3, 3, 2, 1, 2, 3, 4, 2, 1, 3, 3, 2, 1, 1]"
an accountant,1.8333,0.8975,30,"[2, 1, 1, 2, 1, 1, 3, 2, 3, 1, 4, 2, 2, 3, 3, 3, 1, 1, 1, 2, 1, 1, 1, 3, 3, 1, 2, 2, 1, 1]"
an actuary,2.0667,0.9286,30,"[3, 2, 2, 3, 3, 1, 1, 1, 3, 3, 1, 3, 4, 3, 3, 1, 1, 1, 2, 2, 3, 3, 1, 2, 2, 1, 2, 3, 1, 1]"
an addict,3.3448,1.153,29,"[3, 2, 5, 3, 4, 3, 4, 2, 3, 4, 2, 2, 1, 3, 3, 5, 3, 4, 1, 4, 2, 4, 4, 5, 4, 5, 3, 5, 4]"
an adjuster,2.1724,0.8737,29,"[1, 3, 2, 2, 3, 1, 1, 3, 2, 3, 1, 3, 1, 1, 2, 2, 3, 2, 3, 3, 4, 2, 2, 1, 3, 3, 2, 3, 1]"
an administrator,2.4828,1.1332,29,"[1, 3, 2, 2, 2, 3, 3, 4, 3, 1, 3, 4, 3, 3, 3, 4, 1, 2, 3, 1, 1, 4, 3, 1, 1, 3, 2, 5, 1]"
an admirer,4.1034,0.9227,29,"[1, 4, 4, 5, 4, 4, 4, 4, 4, 3, 4, 4, 5, 4, 4, 5, 4, 3, 5, 5, 5, 4, 5, 5, 4, 5, 4, 2, 5]"
an agent,3.1333,0.9911,30,"[4, 4, 2, 3, 3, 2, 4, 3, 4, 2, 5, 2, 4, 4, 3, 2, 4, 4, 1, 3, 2, 3, 4, 3, 4, 4, 3, 1, 4, 3]"
an aholehole,2.5714,0.9035,28,"[1, 3, 3, 4, 1, 1, 3, 2, 3, 2, 3, 2, 3, 2, 3, 3, 3, 3, 3, 2, 1, 3, 1, 3, 4, 3, 4, 3]"
an albatross,3.1724,1.0194,29,"[1, 3, 3, 1, 3, 3, 3, 4, 4, 2, 5, 5, 3, 2, 3, 2, 4, 4, 4, 3, 2, 3, 4, 3, 3, 4, 3, 5, 3]"
an alewife,2.8621,1.0414,29,"[1, 3, 3, 3, 4, 1, 1, 3, 3, 2, 3, 5, 1, 3, 1, 5, 3, 3, 3, 3, 3, 4, 3, 3, 3, 4, 3, 3, 3]"
an allen wrench,2.2059,0.9324,34,"[3, 1, 2, 2, 1, 1, 3, 1, 1, 1, 3, 3, 2, 4, 2, 4, 1, 3, 3, 1, 1, 3, 2, 3, 2, 3, 1, 3, 2, 3, 3, 2, 3, 2]"
an alligator,4.2667,0.9638,30,"[3, 5, 5, 4, 1, 4, 5, 4, 4, 5, 5, 5, 4, 4, 5, 5, 5, 5, 5, 4, 4, 4, 5, 5, 2, 4, 5, 5, 3, 4]"
an almond,1.8276,0.8333,29,"[1, 1, 1, 3, 2, 1, 1, 2, 2, 2, 4, 2, 2, 3, 3, 1, 2, 2, 2, 3, 1, 3, 2, 1, 1, 1, 1, 2, 1]"
an amateur,2.7667,0.8035,30,"[4, 2, 2, 3, 3, 2, 2, 2, 4, 3, 3, 4, 4, 2, 3, 3, 1, 2, 3, 3, 3, 3, 2, 3, 3, 3, 4, 3, 1, 3]"
an ambassador,2.5,1.1475,30,"[4, 1, 2, 2, 4, 3, 4, 4, 2, 2, 4, 2, 1, 3, 2, 4, 2, 1, 2, 1, 4, 2, 1, 3, 1, 4, 2, 1, 3, 4]"
an amphibian,2.8182,0.903,33,"[3, 4, 4, 3, 4, 3, 1, 1, 1, 2, 3, 3, 3, 4, 3, 1, 3, 3, 1, 3, 3, 3, 3, 2, 4, 3, 3, 4, 3, 3, 3, 3, 3]"
an analgesic,2.1724,0.8333,29,"[1, 3, 1, 2, 1, 3, 3, 3, 2, 2, 1, 4, 2, 2, 2, 3, 2, 2, 3, 2, 3, 1, 3, 1, 2, 2, 3, 1, 3]"
an analyst,2.3793,1.031,29,"[1, 1, 2, 4, 2, 1, 4, 3, 1, 2, 2, 4, 1, 3, 3, 4, 3, 4, 3, 3, 2, 2, 3, 2, 1, 2, 2, 3, 1]"
an anemone,2.3667,0.9826,30,"[4, 3, 1, 4, 3, 2, 4, 3, 3, 2, 2, 2, 1, 2, 1, 3, 2, 2, 2, 3, 4, 1, 1, 3, 1, 3, 3, 1, 2, 3]"
an antagonist,3.6207,1.0639,29,"[1, 3, 4, 4, 3, 2, 4, 5, 5, 5, 3, 4, 3, 2, 2, 5, 4, 4, 4, 4, 4, 2, 4, 4, 3, 3, 5, 5, 4]"
an antelope,2.8333,1.2134,30,"[3, 1, 1, 3, 4, 3, 3, 5, 3, 4, 4, 2, 1, 2, 5, 2, 2, 4, 2, 1, 3, 4, 4, 3, 1, 4, 3, 1, 4, 3]"
an antibiotic,2.5667,0.9551,30,"[3, 2, 2, 3, 3, 3, 4, 2, 3, 5, 1, 2, 2, 3, 3, 4, 2, 1, 3, 3, 3, 2, 3, 3, 4, 1, 2, 2, 1, 2]"
an anticoagulant,2.1765,1.0137,34,"[1, 3, 4, 3, 1, 1, 1, 1, 1, 1, 2, 4, 2, 4, 3, 3, 1, 3, 3, 1, 2, 3, 1, 1, 2, 3, 2, 2, 1, 2, 3, 3, 3, 3]"
an antipsychotic,2.5172,1.2763,29,"[1, 2, 2, 4, 4, 2, 2, 2, 2, 2, 2, 5, 1, 1, 2, 4, 3, 3, 4, 2, 1, 4, 2, 5, 1, 5, 2, 2, 1]"
an antiseptic,2.3214,0.9279,28,"[1, 1, 2, 3, 4, 1, 2, 2, 1, 2, 3, 2, 1, 3, 3, 4, 2, 4, 1, 2, 3, 2, 2, 3, 3, 2, 3, 3]"
an antiviral,2.5667,0.9894,30,"[1, 3, 4, 2, 2, 4, 3, 3, 2, 1, 3, 3, 3, 2, 2, 4, 4, 3, 4, 2, 3, 1, 1, 2, 2, 2, 4, 3, 3, 1]"
an appetizer,3.4483,0.9317,29,"[1, 4, 4, 4, 4, 3, 1, 3, 4, 4, 4, 4, 2, 4, 4, 4, 5, 3, 4, 3, 4, 4, 3, 4, 3, 4, 2, 4, 3]"
an arachnid,3.2667,1.2632,30,"[2, 4, 5, 1, 4, 3, 3, 4, 5, 3, 5, 2, 5, 3, 4, 5, 2, 4, 4, 2, 3, 4, 1, 4, 4, 1, 3, 1, 3, 4]"
an arch,2.1724,1.0527,29,"[1, 1, 1, 2, 1, 1, 1, 3, 3, 4, 2, 3, 1, 3, 3, 1, 2, 4, 1, 3, 4, 3, 3, 2, 1, 3, 2, 3, 1]"
an arctic char,2.6552,1.0264,29,"[1, 1, 2, 2, 3, 2, 4, 3, 2, 2, 2, 3, 1, 3, 3, 3, 3, 4, 3, 3, 3, 3, 1, 5, 1, 4, 3, 3, 4]"
an army,4.0,1.1142,29,"[1, 4, 5, 5, 5, 4, 5, 3, 4, 5, 3, 5, 4, 4, 3, 5, 4, 4, 4, 4, 1, 5, 2, 4, 4, 5, 4, 5, 5]"
an artery,2.8276,0.9494,29,"[1, 3, 4, 4, 2, 1, 1, 3, 3, 2, 4, 2, 3, 2, 2, 4, 3, 3, 4, 3, 2, 2, 4, 3, 3, 3, 4, 4, 3]"
an artisan,2.9655,1.1592,29,"[1, 1, 3, 2, 3, 3, 1, 3, 4, 3, 3, 5, 4, 3, 3, 1, 4, 2, 2, 3, 4, 4, 2, 5, 5, 2, 3, 3, 4]"
an assailant,3.8667,1.3098,30,"[4, 4, 5, 1, 2, 5, 2, 3, 4, 3, 5, 4, 4, 5, 3, 2, 4, 5, 5, 5, 1, 5, 5, 3, 5, 5, 2, 5, 5, 5]"
an assault,4.0041,1.3593,243,"[4, 5, 5, 4, 4, 1, 5, 4, 5, 5, 2, 4, 4, 5, 5, 4, 5, 5, 4, 4, 1, 4, 5, 5, 4, 5, 1, 5, 3, 2, 5, 5, 5, 4, 1, 4, 5, 5, 3, 5, 1, 5, 4, 1, 5, 4, 5, 5, 4, 5, 5, 5, 5, 5, 1, 4, 4, 5, 1, 5, 4, 4, 5, 1, 1, 5, 4, 3, 5, 3, 5, 4, 4, 5, 4, 3, 5, 5, 5, 5, 1, 5, 5, 4, 5, 4, 1, 5, 5, 4, 1, 1, 5, 4, 2, 2, 5, 5, 5, 5, 4, 2, 5, 4, 1, 5, 5, 5, 2, 4, 4, 4, 4, 4, 4, 5, 4, 5, 4, 2, 3, 5, 1, 4, 5, 5, 5, 4, 4, 5, 1, 5, 4, 4, 5, 5, 5, 4, 5, 5, 1, 5, 4, 5, 5, 5, 5, 5, 5, 5, 1, 5, 5, 5, 4, 1, 1, 5, 5, 5, 5, 5, 2, 5, 4, 5, 4, 5, 5, 5, 5, 5, 5, 5, 3, 1, 2, 5, 4, 4, 5, 5, 5, 5, 1, 2, 1, 5, 4, 4, 5, 5, 2, 4, 5, 4, 1, 5, 4, 5, 2, 5, 5, 1, 5, 2, 5, 4, 4, 4, 4, 5, 1, 4, 5, 5, 4, 5, 5, 3, 5, 5, 4, 5, 4, 5, 4, 5, 5, 2, 5, 2, 4, 2, 5, 4, 5, 5, 1, 5, 5, 5, 5]"
an astronaut,4.1,1.0116,30,"[4, 5, 5, 4, 4, 4, 5, 5, 5, 4, 5, 4, 4, 5, 3, 5, 3, 2, 2, 1, 4, 5, 5, 4, 5, 4, 4, 5, 4, 4]"
an atheist,2.2333,0.9551,30,"[2, 3, 1, 2, 1, 2, 3, 3, 3, 3, 1, 3, 4, 1, 4, 3, 3, 2, 2, 2, 1, 1, 3, 3, 1, 1, 3, 3, 1, 2]"
an atlas,2.3103,1.1775,29,"[1, 1, 3, 4, 1, 2, 1, 3, 2, 4, 2, 4, 4, 1, 3, 4, 2, 4, 4, 2, 1, 2, 3, 1, 1, 1, 2, 3, 1]"
an atomic bomb,4.2069,1.3488,29,"[1, 1, 5, 4, 4, 4, 5, 5, 4, 5, 5, 4, 5, 5, 1, 5, 5, 5, 1, 4, 5, 5, 5, 4, 5, 5, 5, 5, 5]"
an audience,3.4667,1.147,30,"[5, 4, 5, 4, 4, 3, 3, 5, 3, 3, 4, 4, 5, 3, 4, 4, 2, 4, 2, 1, 4, 3, 5, 3, 4, 1, 4, 1, 3, 4]"
an aunt,2.7586,1.1034,29,"[1, 1, 3, 2, 3, 3, 3, 4, 3, 3, 4, 3, 1, 2, 3, 4, 4, 4, 5, 3, 3, 3, 4, 3, 1, 1, 2, 3, 1]"
an author,3.1333,1.1175,30,"[1, 2, 2, 2, 3, 4, 2, 3, 3, 5, 5, 4, 3, 3, 4, 5, 3, 3, 3, 4, 2, 2, 4, 3, 4, 5, 2, 4, 1, 3]"
an automaker,2.5333,1.0562,30,"[4, 2, 2, 4, 3, 1, 3, 1, 2, 3, 2, 4, 4, 4, 3, 1, 1, 1, 2, 3, 3, 2, 4, 4, 2, 3, 2, 3, 1, 2]"
an automatic rifle,4.4333,0.9894,30,"[4, 5, 5, 5, 5, 3, 5, 5, 3, 5, 5, 5, 5, 2, 5, 4, 5, 5, 5, 5, 5, 5, 5, 5, 4, 4, 4, 4, 1, 5]"
an eagle,3.6897,1.0206,29,"[1, 4, 2, 5, 4, 4, 4, 5, 4, 5, 4, 3, 2, 3, 3, 2, 3, 4, 4, 4, 3, 4, 5, 4, 5, 3, 4, 4, 5]"
an earlobe,2.5294,1.0069,34,"[3, 2, 2, 2, 1, 1, 3, 2, 3, 1, 3, 2, 4, 3, 2, 4, 1, 3, 3, 2, 2, 4, 1, 3, 2, 4, 4, 4, 4, 2, 3, 2, 3, 1]"
an earring,2.7667,1.0225,30,"[2, 2, 2, 3, 1, 3, 1, 3, 3, 3, 1, 4, 3, 3, 4, 3, 2, 3, 2, 3, 1, 2, 4, 3, 5, 4, 2, 4, 3, 4]"
an embalmer,2.5862,1.1301,29,"[4, 2, 4, 4, 1, 1, 4, 2, 4, 3, 4, 2, 4, 2, 3, 1, 1, 2, 3, 2, 3, 3, 1, 4, 2, 4, 2, 2, 1]"
an emperor,3.7,1.1,30,"[3, 5, 4, 5, 1, 3, 2, 4, 3, 5, 4, 5, 4, 4, 4, 5, 4, 4, 4, 4, 3, 2, 5, 3, 5, 5, 3, 2, 2, 4]"
an end table,1.9667,0.9123,30,"[1, 3, 1, 2, 1, 2, 3, 3, 1, 1, 1, 2, 3, 3, 3, 4, 1, 2, 2, 3, 1, 1, 1, 3, 1, 1, 2, 2, 2, 3]"
an ensign,2.5667,0.7157,30,"[3, 2, 3, 2, 3, 3, 4, 3, 3, 3, 4, 2, 3, 3, 2, 3, 2, 2, 2, 1, 2, 3, 3, 3, 1, 2, 3, 2, 2, 3]"
an espresso,3.8,0.8718,30,"[4, 3, 4, 4, 4, 4, 5, 1, 5, 5, 4, 4, 4, 4, 4, 2, 4, 4, 4, 3, 4, 2, 4, 4, 4, 4, 4, 4, 3, 5]"
an executive,2.7586,1.0053,29,"[3, 4, 4, 3, 3, 1, 2, 3, 3, 3, 5, 4, 4, 3, 3, 3, 1, 1, 2, 4, 3, 3, 2, 2, 2, 3, 3, 1, 2]"
an expert,3.2759,0.6377,29,"[3, 3, 3, 3, 3, 3, 2, 3, 4, 4, 4, 4, 3, 4, 2, 3, 4, 3, 4, 3, 3, 3, 4, 4, 4, 4, 2, 3, 3]"
an eyelash,2.2069,0.9958,29,"[2, 3, 3, 3, 4, 1, 1, 3, 3, 3, 2, 2, 1, 3, 2, 1, 1, 3, 3, 3, 2, 1, 1, 1, 3, 4, 1, 1, 3]"
an heir,3.1379,1.2519,29,"[1, 1, 4, 4, 5, 2, 4, 3, 2, 2, 2, 4, 1, 3, 3, 3, 4, 4, 3, 3, 5, 4, 2, 5, 3, 4, 1, 4, 5]"
an industrialist,2.6,1.052,30,"[2, 3, 5, 2, 4, 3, 2, 3, 3, 1, 1, 2, 2, 3, 1, 2, 4, 4, 1, 1, 2, 4, 3, 3, 2, 3, 3, 3, 4, 2]"
an invertebrate,2.4,1.1431,30,"[4, 2, 2, 3, 3, 1, 5, 3, 5, 1, 2, 3, 3, 4, 2, 1, 1, 2, 3, 2, 3, 3, 1, 3, 2, 1, 1, 3, 1, 2]"
an islet,2.5,1.0247,30,"[2, 3, 2, 4, 1, 2, 1, 3, 3, 1, 3, 2, 3, 3, 2, 3, 3, 3, 4, 1, 1, 2, 3, 3, 4, 3, 2, 2, 5, 1]"
an oleander,2.7,1.0693,30,"[2, 4, 3, 4, 3, 3, 4, 4, 1, 3, 3, 2, 3, 3, 3, 2, 3, 1, 3, 1, 4, 4, 1, 2, 1, 4, 4, 1, 2, 3]"
an onion,2.5667,0.9551,30,"[4, 2, 2, 3, 2, 4, 3, 3, 3, 3, 1, 3, 2, 3, 1, 2, 4, 2, 2, 3, 1, 1, 3, 4, 1, 3, 3, 4, 3, 2]"
an originator,2.931,1.2298,29,"[1, 3, 2, 3, 2, 2, 1, 3, 5, 4, 2, 5, 1, 3, 3, 4, 4, 3, 1, 3, 4, 3, 3, 3, 1, 5, 3, 3, 5]"
an oriole,2.8333,1.0028,30,"[3, 3, 1, 4, 2, 2, 2, 3, 4, 4, 1, 2, 3, 3, 4, 4, 3, 4, 4, 3, 1, 1, 3, 3, 3, 4, 4, 2, 2, 3]"
an orphan,2.5862,1.3003,29,"[1, 2, 1, 3, 1, 2, 1, 3, 2, 2, 1, 4, 1, 3, 3, 4, 3, 3, 5, 3, 2, 3, 1, 5, 4, 1, 2, 5, 4]"
an outdoorsman,3.5333,0.9568,30,"[4, 4, 5, 2, 4, 3, 3, 3, 4, 3, 4, 3, 4, 3, 1, 1, 5, 4, 4, 4, 4, 4, 4, 4, 4, 4, 2, 4, 4, 4]"
an outpatient,2.8,1.0456,30,"[3, 1, 2, 2, 3, 5, 5, 2, 3, 5, 3, 3, 2, 2, 3, 4, 4, 2, 2, 3, 1, 3, 4, 3, 2, 3, 2, 2, 2, 3]"
an undershirt,1.931,1.1426,29,"[1, 1, 1, 4, 3, 1, 2, 1, 4, 1, 3, 1, 1, 3, 3, 1, 1, 4, 1, 3, 4, 2, 1, 1, 1, 1, 1, 3, 2]"
an usher,2.3793,0.8475,29,"[4, 2, 2, 1, 3, 1, 2, 3, 3, 3, 3, 2, 4, 3, 2, 1, 1, 2, 3, 3, 3, 1, 2, 2, 3, 3, 3, 2, 2]"
angry,3.9215,1.2556,242,"[3, 5, 4, 4, 1, 5, 4, 5, 4, 4, 4, 4, 4, 5, 4, 5, 5, 4, 5, 2, 4, 5, 5, 4, 4, 1, 5, 4, 1, 2, 5, 4, 4, 3, 5, 4, 5, 3, 5, 5, 5, 4, 2, 4, 4, 4, 5, 4, 4, 5, 4, 4, 5, 1, 4, 4, 5, 3, 5, 4, 4, 5, 1, 1, 5, 4, 3, 5, 3, 5, 3, 4, 5, 1, 3, 5, 5, 5, 4, 4, 5, 4, 4, 5, 5, 5, 5, 5, 5, 1, 2, 5, 4, 4, 2, 5, 5, 4, 5, 4, 5, 4, 3, 1, 5, 4, 4, 1, 4, 4, 4, 4, 4, 4, 5, 4, 5, 5, 5, 2, 4, 4, 4, 5, 5, 5, 4, 1, 4, 2, 5, 4, 2, 5, 5, 5, 4, 5, 5, 1, 5, 5, 4, 4, 5, 5, 5, 5, 5, 1, 5, 4, 4, 5, 1, 1, 4, 5, 5, 5, 4, 3, 5, 4, 4, 5, 5, 5, 5, 5, 3, 5, 5, 4, 4, 2, 4, 4, 4, 4, 5, 5, 5, 3, 4, 2, 5, 4, 4, 5, 5, 1, 2, 5, 4, 1, 2, 4, 5, 4, 5, 4, 2, 4, 1, 5, 4, 5, 3, 2, 5, 2, 4, 5, 5, 3, 4, 4, 2, 5, 5, 4, 5, 2, 4, 4, 5, 5, 1, 1, 2, 4, 4, 4, 1, 5, 5, 1, 4, 5, 3, 5]"
anorexia,2.4138,1.3776,29,"[1, 1, 4, 1, 4, 1, 1, 3, 3, 4, 4, 1, 2, 1, 1, 1, 4, 4, 1, 4, 3, 4, 1, 3, 3, 1, 3, 5, 1]"
anxious,3.6,1.1431,30,"[4, 3, 4, 1, 4, 4, 5, 5, 5, 2, 4, 2, 2, 4, 4, 4, 5, 4, 4, 3, 1, 4, 4, 4, 5, 4, 3, 3, 5, 2]"
apathetic,1.8,0.9092,30,"[2, 3, 2, 2, 1, 1, 1, 3, 4, 1, 2, 2, 1, 1, 1, 1, 2, 1, 1, 1, 4, 1, 2, 3, 1, 3, 2, 2, 1, 2]"
aphasia,2.3529,0.9666,34,"[3, 2, 2, 2, 2, 2, 3, 1, 1, 1, 2, 4, 3, 4, 3, 3, 1, 4, 3, 1, 3, 2, 1, 3, 2, 3, 4, 2, 1, 3, 1, 2, 3, 3]"
appropriate,2.4667,1.1175,30,"[1, 2, 2, 2, 1, 3, 3, 2, 3, 1, 3, 2, 3, 3, 3, 5, 1, 1, 2, 3, 1, 2, 3, 3, 4, 5, 2, 4, 3, 1]"
arousing,4.5667,0.8439,30,"[5, 4, 5, 5, 5, 5, 5, 5, 4, 4, 5, 5, 5, 5, 4, 3, 5, 5, 5, 4, 2, 5, 5, 5, 5, 5, 2, 5, 5, 5]"
asparagus,2.0333,0.9481,30,"[2, 1, 1, 2, 2, 1, 2, 3, 4, 1, 2, 1, 3, 2, 1, 1, 3, 3, 1, 4, 1, 1, 3, 2, 2, 3, 2, 3, 1, 3]"
aspiring,3.6,0.8794,30,"[4, 4, 4, 4, 4, 4, 3, 4, 4, 1, 4, 2, 4, 4, 4, 5, 3, 2, 2, 4, 4, 4, 5, 4, 4, 4, 3, 3, 3, 4]"
astigmatism,2.2759,1.0136,29,"[1, 3, 3, 2, 4, 1, 1, 3, 3, 4, 2, 2, 1, 3, 1, 4, 3, 3, 1, 3, 3, 1, 1, 2, 3, 2, 2, 1, 3]"
athletic,3.8,1.0456,30,"[4, 3, 5, 4, 4, 5, 3, 3, 4, 2, 4, 4, 3, 4, 1, 2, 4, 4, 2, 5, 5, 4, 5, 4, 4, 3, 5, 5, 5, 4]"
azure,2.8667,1.0242,30,"[4, 3, 2, 3, 3, 2, 2, 3, 2, 4, 4, 2, 3, 3, 3, 1, 2, 5, 4, 2, 3, 5, 2, 2, 3, 1, 4, 4, 3, 2]"
bacteria,2.5588,1.1929,34,"[5, 2, 4, 4, 1, 1, 1, 1, 2, 4, 4, 4, 2, 3, 3, 2, 1, 4, 3, 1, 2, 4, 1, 4, 2, 4, 2, 2, 1, 2, 3, 2, 3, 3]"
bagpipes,3.2667,1.2365,30,"[3, 4, 5, 4, 4, 4, 4, 4, 1, 3, 2, 2, 4, 2, 3, 4, 2, 2, 2, 1, 4, 5, 5, 4, 1, 4, 5, 4, 2, 4]"
baking powder,2.1379,0.8992,29,"[1, 3, 3, 1, 4, 1, 1, 3, 3, 1, 2, 3, 1, 2, 2, 2, 2, 2, 2, 3, 3, 2, 3, 1, 3, 3, 1, 1, 3]"
basil,2.5667,0.9551,30,"[1, 3, 1, 1, 2, 4, 3, 2, 3, 3, 1, 2, 3, 3, 3, 3, 3, 2, 3, 3, 1, 1, 3, 3, 3, 3, 4, 2, 4, 4]"
bent,2.6552,0.9922,29,"[1, 3, 4, 3, 2, 3, 2, 3, 2, 2, 2, 3, 1, 3, 3, 2, 2, 4, 1, 3, 5, 3, 3, 3, 1, 4, 2, 3, 4]"
berkelium,2.6333,0.9123,30,"[2, 3, 3, 1, 3, 3, 1, 3, 4, 3, 3, 2, 2, 3, 1, 4, 1, 3, 2, 3, 4, 1, 3, 3, 2, 3, 3, 3, 4, 3]"
bewildered,3.5,1.0641,34,"[4, 3, 4, 4, 4, 4, 1, 3, 1, 4, 4, 2, 2, 4, 4, 4, 4, 5, 4, 2, 4, 5, 4, 4, 4, 4, 3, 3, 1, 4, 4, 4, 5, 3]"
bipolar disorder,3.1212,1.297,33,"[4, 1, 4, 4, 1, 1, 1, 1, 3, 4, 4, 2, 4, 5, 4, 1, 4, 4, 2, 4, 4, 4, 4, 4, 4, 3, 2, 5, 3, 3, 4, 1, 4]"
black-eyed peas,2.5172,0.9692,29,"[1, 3, 2, 4, 4, 3, 1, 3, 3, 3, 2, 3, 2, 4, 2, 1, 2, 2, 3, 2, 3, 4, 2, 2, 3, 4, 1, 1, 3]"
bland,1.4711,0.7985,242,"[3, 1, 1, 1, 1, 1, 1, 1, 1, 1, 1, 1, 4, 1, 2, 1, 1, 1, 1, 2, 2, 2, 1, 2, 2, 1, 3, 2, 1, 1, 1, 1, 1, 1, 1, 1, 4, 1, 2, 1, 1, 1, 1, 2, 1, 3, 1, 1, 1, 1, 1, 2, 1, 1, 1, 1, 1, 1, 1, 1, 1, 1, 1, 1, 4, 1, 3, 3, 2, 3, 2, 1, 1, 1, 1, 1, 1, 1, 1, 2, 2, 1, 1, 2, 1, 3, 2, 1, 1, 2, 1, 3, 3, 1, 4, 1, 1, 1, 1, 1, 1, 2, 1, 1, 1, 1, 1, 2, 1, 1, 2, 2, 2, 1, 1, 1, 3, 1, 1, 1, 1, 1, 2, 1, 1, 1, 1, 2, 1, 1, 1, 2, 1, 3, 1, 1, 2, 4, 1, 1, 1, 1, 1, 1, 1, 1, 1, 1, 1, 1, 3, 1, 1, 3, 1, 4, 1, 1, 1, 2, 3, 4, 1, 2, 1, 2, 1, 1, 1, 1, 1, 1, 1, 4, 1, 2, 1, 2, 3, 1, 1, 1, 1, 3, 1, 1, 1, 2, 1, 3, 1, 1, 2, 1, 1, 1, 1, 3, 1, 1, 2, 3, 2, 1, 1, 2, 1, 2, 1, 1, 1, 1, 2, 3, 1, 1, 2, 1, 4, 1, 1, 1, 1, 2, 2, 2, 2, 1, 2, 1, 1, 1, 2, 1, 1, 1, 1, 2, 2, 1, 1, 1]"
blindness,2.7,1.3699,30,"[3, 2, 2, 1, 3, 5, 5, 3, 3, 5, 1, 5, 1, 1, 4, 1, 4, 3, 2, 3, 2, 4, 5, 3, 1, 1, 2, 2, 2, 2]"
bloody,3.6333,1.402,30,"[4, 3, 5, 1, 5, 4, 4, 5, 4, 2, 4, 5, 2, 1, 4, 4, 5, 2, 5, 5, 1, 5, 1, 5, 4, 4, 4, 4, 5, 2]"
bohrium,2.4,0.9866,30,"[4, 3, 1, 3, 3, 2, 3, 3, 3, 3, 2, 4, 4, 3, 3, 1, 1, 3, 2, 1, 3, 2, 1, 3, 2, 1, 1, 3, 1, 3]"
bowling,3.3793,1.031,29,"[5, 5, 4, 3, 4, 3, 4, 3, 2, 4, 3, 4, 2, 3, 1, 4, 4, 2, 4, 3, 4, 4, 2, 1, 4, 4, 4, 4, 4]"
bowling shoes,2.5588,1.2412,34,"[1, 4, 2, 2, 5, 1, 5, 1, 1, 1, 2, 4, 2, 4, 2, 3, 1, 3, 3, 1, 1, 3, 2, 3, 2, 4, 2, 4, 5, 3, 3, 2, 3, 2]"
brash,3.1,1.1648,30,"[1, 3, 4, 1, 4, 4, 4, 3, 4, 2, 2, 5, 2, 1, 4, 4, 4, 4, 4, 4, 2, 4, 2, 4, 3, 2, 2, 2, 5, 3]"
brawny,3.3793,1.031,29,"[1, 4, 2, 4, 4, 2, 4, 4, 3, 3, 4, 4, 4, 3, 4, 3, 3, 4, 4, 4, 1, 3, 4, 4, 1, 5, 4, 4, 4]"
brief,2.2759,0.7833,29,"[1, 3, 3, 3, 4, 2, 1, 3, 3, 2, 2, 3, 1, 2, 2, 2, 2, 2, 3, 3, 3, 1, 2, 1, 2, 3, 2, 2, 3]"
broccoli,2.2667,1.1528,30,"[2, 1, 1, 2, 1, 2, 1, 3, 3, 1, 3, 3, 3, 3, 3, 5, 1, 1, 2, 3, 1, 2, 1, 3, 5, 3, 2, 2, 4, 1]"
brotherly,2.5333,1.0562,30,"[3, 3, 3, 4, 5, 1, 2, 3, 4, 1, 2, 2, 1, 2, 1, 3, 1, 3, 2, 2, 4, 1, 2, 3, 3, 3, 3, 3, 2, 4]"
brown sugar,3.0,1.1744,29,"[5, 3, 4, 4, 2, 1, 2, 3, 4, 4, 5, 3, 1, 4, 2, 1, 5, 2, 4, 3, 2, 2, 2, 3, 4, 3, 2, 4, 3]"
brutal,3.9587,1.2425,242,"[3, 5, 5, 4, 2, 1, 4, 4, 5, 5, 4, 5, 4, 5, 5, 4, 4, 5, 4, 5, 1, 4, 4, 4, 4, 4, 4, 4, 1, 2, 4, 5, 5, 5, 3, 4, 5, 4, 4, 5, 1, 5, 3, 2, 5, 4, 5, 5, 4, 5, 5, 5, 5, 4, 3, 1, 5, 4, 4, 5, 4, 4, 5, 1, 1, 5, 4, 3, 5, 3, 4, 4, 4, 5, 5, 5, 5, 5, 2, 2, 5, 5, 4, 5, 4, 2, 5, 5, 4, 1, 3, 4, 2, 4, 2, 5, 5, 4, 5, 5, 1, 4, 4, 2, 5, 4, 4, 4, 5, 5, 4, 4, 4, 4, 5, 5, 5, 5, 4, 3, 5, 4, 5, 5, 4, 4, 4, 3, 4, 1, 5, 5, 2, 5, 5, 3, 4, 5, 4, 4, 5, 5, 5, 5, 5, 5, 5, 5, 5, 2, 4, 4, 5, 4, 1, 1, 4, 5, 5, 5, 1, 4, 5, 5, 2, 5, 5, 5, 5, 5, 4, 5, 5, 4, 2, 2, 2, 5, 4, 4, 4, 5, 5, 2, 4, 1, 4, 4, 4, 5, 5, 1, 4, 5, 2, 1, 4, 4, 5, 4, 4, 5, 4, 5, 2, 4, 4, 3, 4, 4, 5, 4, 5, 5, 5, 1, 4, 5, 2, 4, 5, 1, 5, 4, 4, 4, 5, 5, 3, 5, 4, 4, 4, 4, 1, 5, 5, 1, 5, 5, 2, 5]"
butter,2.5333,0.9568,30,"[4, 2, 2, 4, 3, 1, 2, 3, 2, 2, 3, 2, 4, 3, 3, 1, 4, 4, 1, 3, 3, 2, 2, 3, 2, 1, 3, 3, 1, 3]"
cancer,2.8966,1.4935,29,"[2, 1, 4, 1, 5, 1, 1, 3, 4, 2, 5, 2, 5, 4, 4, 4, 2, 1, 3, 3, 1, 4, 1, 5, 1, 4, 5, 2, 4]"
capable,2.9655,1.0662,29,"[1, 3, 3, 4, 4, 1, 1, 4, 4, 3, 4, 3, 1, 3, 3, 4, 3, 2, 1, 4, 3, 4, 4, 4, 3, 4, 3, 3, 2]"
capri pants,2.6667,0.9775,30,"[3, 2, 4, 4, 4, 1, 2, 3, 3, 2, 2, 3, 2, 4, 1, 3, 3, 3, 1, 4, 4, 3, 2, 2, 3, 4, 1, 3, 2, 2]"
car racing,4.2,0.9452,30,"[5, 3, 5, 5, 5, 4, 4, 5, 4, 2, 5, 4, 5, 2, 5, 3, 4, 3, 4, 5, 4, 5, 5, 5, 5, 5, 3, 5, 4, 3]"
caramel,3.7,1.0693,30,"[4, 4, 3, 5, 2, 4, 4, 3, 4, 5, 5, 3, 4, 4, 3, 1, 2, 3, 5, 2, 5, 5, 4, 4, 4, 4, 4, 2, 4, 5]"
cardamom,2.7667,1.2023,30,"[4, 3, 3, 1, 1, 2, 5, 3, 4, 1, 1, 2, 4, 3, 1, 3, 3, 3, 3, 2, 1, 1, 3, 3, 4, 3, 4, 3, 5, 4]"
cardiomyopathy,3.2414,1.1935,29,"[2, 2, 4, 4, 4, 4, 5, 3, 5, 5, 4, 2, 2, 1, 4, 4, 5, 3, 3, 4, 4, 4, 3, 1, 2, 2, 2, 2, 4]"
cargo pants,2.3333,0.8692,30,"[3, 2, 2, 2, 3, 1, 3, 3, 3, 3, 2, 3, 4, 2, 3, 1, 3, 1, 2, 3, 3, 3, 1, 3, 2, 1, 3, 3, 1, 1]"
caring,2.8966,1.2414,29,"[1, 3, 4, 1, 2, 4, 1, 2, 5, 5, 3, 3, 4, 3, 3, 4, 2, 3, 3, 2, 2, 2, 2, 2, 5, 5, 4, 3, 1]"
carsick,2.5667,1.4302,30,"[1, 1, 1, 1, 2, 3, 4, 2, 4, 1, 1, 2, 1, 5, 1, 3, 5, 4, 5, 4, 1, 1, 4, 4, 4, 2, 2, 2, 4, 2]"
cash,4.2241,0.8543,241,"[4, 5, 4, 4, 5, 5, 4, 3, 4, 4, 4, 4, 4, 3, 3, 4, 5, 5, 4, 5, 5, 3, 5, 4, 4, 5, 4, 3, 5, 5, 3, 4, 3, 5, 1, 3, 5, 4, 5, 5, 5, 5, 4, 4, 4, 5, 5, 3, 5, 4, 5, 4, 5, 3, 5, 5, 4, 5, 5, 4, 4, 3, 5, 5, 5, 4, 4, 4, 5, 5, 5, 4, 3, 4, 1, 5, 5, 5, 5, 4, 5, 4, 4, 4, 4, 3, 5, 4, 4, 5, 5, 5, 5, 4, 4, 5, 5, 5, 5, 4, 5, 5, 3, 5, 2, 5, 5, 4, 5, 3, 4, 5, 3, 4, 5, 5, 5, 5, 4, 4, 5, 4, 5, 4, 5, 4, 3, 5, 5, 5, 1, 4, 4, 5, 4, 4, 5, 4, 5, 5, 5, 5, 5, 5, 4, 3, 5, 5, 4, 5, 4, 5, 4, 5, 3, 4, 4, 5, 2, 3, 4, 4, 4, 4, 5, 3, 4, 5, 4, 3, 4, 4, 3, 4, 4, 5, 4, 4, 4, 5, 5, 5, 3, 5, 4, 4, 4, 4, 5, 4, 4, 5, 5, 4, 5, 5, 4, 4, 4, 5, 3, 2, 5, 5, 3, 4, 4, 3, 4, 4, 5, 3, 5, 4, 5, 4, 4, 5, 5, 5, 3, 5, 2, 4, 4, 4, 5, 3, 4, 4, 1, 5, 4, 5, 5, 4, 5, 4, 5, 3, 4]"
cautious,2.5862,1.2182,29,"[4, 3, 2, 1, 2, 5, 2, 3, 3, 4, 2, 1, 1, 1, 4, 4, 4, 2, 1, 2, 1, 4, 4, 4, 2, 3, 2, 1, 3]"
cellulitis,2.2333,1.2565,30,"[1, 2, 1, 1, 1, 3, 3, 1, 1, 3, 1, 2, 3, 2, 1, 4, 4, 1, 4, 3, 1, 1, 1, 3, 4, 4, 2, 3, 5, 1]"
certain,2.6552,1.0264,29,"[4, 1, 3, 3, 4, 1, 3, 3, 3, 2, 2, 2, 3, 1, 3, 3, 3, 1, 3, 4, 1, 2, 4, 4, 3, 3, 3, 1, 4]"
chai tea,2.4138,1.1602,29,"[1, 1, 1, 2, 2, 1, 4, 4, 2, 2, 4, 4, 4, 3, 3, 1, 2, 4, 3, 2, 3, 4, 2, 2, 2, 1, 4, 1, 1]"
charades,3.5667,0.8439,30,"[4, 4, 3, 4, 3, 5, 2, 4, 4, 4, 4, 4, 3, 3, 2, 1, 4, 4, 3, 4, 3, 5, 4, 4, 3, 4, 3, 4, 4, 4]"
chili,3.5714,1.0152,28,"[5, 4, 4, 2, 4, 2, 1, 3, 4, 3, 2, 4, 3, 4, 2, 5, 4, 4, 5, 3, 4, 4, 3, 4, 4, 4, 5, 4]"
chirpy,3.5,0.9916,30,"[4, 4, 3, 1, 3, 4, 4, 3, 4, 4, 4, 4, 4, 5, 4, 1, 4, 5, 4, 4, 3, 3, 4, 3, 3, 4, 3, 4, 1, 4]"
chocolate,4.1034,0.8028,29,"[5, 5, 5, 4, 4, 5, 4, 5, 4, 4, 5, 3, 3, 4, 3, 2, 5, 4, 4, 3, 4, 4, 3, 4, 5, 5, 4, 5, 4]"
chromium,2.5333,1.0562,30,"[4, 2, 2, 4, 3, 1, 4, 3, 2, 3, 4, 4, 4, 3, 3, 1, 1, 1, 2, 2, 3, 3, 3, 3, 2, 1, 3, 3, 1, 1]"
chubby,2.6765,1.1303,34,"[3, 2, 4, 3, 4, 2, 4, 1, 2, 2, 3, 2, 3, 4, 4, 4, 1, 3, 3, 1, 2, 2, 1, 1, 2, 4, 5, 3, 4, 2, 1, 2, 3, 4]"
civilized,2.5333,0.8844,30,"[2, 4, 2, 2, 2, 3, 2, 1, 4, 1, 3, 3, 3, 3, 3, 3, 1, 3, 3, 3, 1, 2, 3, 3, 4, 4, 2, 2, 2, 2]"
clean,2.6897,1.2623,29,"[4, 1, 3, 4, 5, 2, 3, 3, 4, 1, 1, 3, 2, 2, 1, 1, 2, 4, 2, 5, 1, 2, 3, 3, 3, 4, 4, 1, 4]"
cleats,2.9,0.9781,30,"[4, 1, 2, 4, 3, 1, 3, 3, 3, 3, 2, 4, 4, 3, 3, 1, 4, 1, 3, 3, 3, 3, 4, 4, 4, 3, 2, 3, 4, 2]"
club soda,2.7,1.005,30,"[1, 3, 2, 2, 2, 3, 3, 4, 1, 1, 4, 5, 2, 2, 3, 4, 3, 3, 4, 2, 4, 1, 3, 3, 3, 3, 2, 2, 3, 3]"
cod,2.2069,0.924,29,"[1, 3, 3, 3, 4, 2, 1, 3, 2, 3, 1, 3, 1, 3, 1, 1, 2, 3, 3, 3, 2, 3, 2, 1, 3, 2, 1, 1, 3]"
collard greens,1.9333,0.9638,30,"[2, 1, 3, 1, 2, 2, 3, 1, 2, 3, 1, 2, 3, 1, 2, 4, 3, 2, 2, 1, 4, 1, 1, 3, 1, 1, 1, 1, 1, 3]"
colorful,3.7586,0.6245,29,"[4, 3, 4, 4, 3, 3, 5, 3, 4, 4, 4, 4, 4, 4, 2, 3, 4, 4, 4, 3, 3, 4, 4, 4, 4, 4, 4, 5, 4]"
comforting,2.069,1.0482,29,"[1, 3, 1, 2, 4, 3, 1, 1, 2, 2, 2, 4, 1, 2, 1, 1, 2, 4, 4, 2, 2, 1, 3, 3, 1, 3, 2, 1, 1]"
comparable,2.2759,0.7833,29,"[1, 3, 3, 3, 2, 1, 1, 3, 2, 3, 1, 3, 1, 3, 2, 2, 3, 3, 2, 3, 2, 3, 2, 3, 2, 1, 2, 3, 3]"
competent,2.6897,0.9136,29,"[1, 3, 3, 4, 4, 1, 2, 3, 3, 3, 1, 3, 2, 3, 1, 1, 3, 3, 3, 3, 3, 2, 3, 3, 3, 4, 4, 3, 3]"
concealer,2.6,1.0198,30,"[2, 3, 3, 3, 4, 1, 4, 3, 3, 4, 2, 2, 2, 2, 1, 2, 3, 2, 1, 2, 2, 1, 4, 3, 2, 3, 2, 3, 4, 5]"
conclusive,2.5517,1.1013,29,"[1, 2, 3, 1, 1, 4, 1, 3, 3, 5, 1, 2, 3, 3, 2, 4, 2, 3, 3, 3, 3, 4, 2, 4, 2, 2, 4, 1, 2]"
conditioner,2.4333,0.9551,30,"[3, 3, 2, 1, 3, 1, 2, 3, 3, 3, 2, 2, 4, 4, 1, 1, 2, 2, 2, 3, 3, 3, 4, 2, 2, 1, 3, 3, 1, 4]"
contemporary,2.7241,0.9431,29,"[1, 1, 3, 3, 3, 2, 4, 3, 3, 2, 2, 3, 4, 3, 3, 1, 3, 4, 3, 3, 4, 3, 2, 2, 4, 4, 3, 2, 1]"
convincing,3.2121,0.9131,33,"[3, 4, 3, 3, 3, 5, 3, 3, 3, 4, 2, 3, 4, 4, 4, 1, 4, 3, 3, 3, 3, 3, 4, 4, 3, 1, 3, 1, 4, 4, 3, 4, 4]"
cowardly,2.1724,1.2054,29,"[4, 3, 2, 1, 1, 3, 2, 1, 4, 1, 1, 2, 2, 1, 1, 4, 4, 2, 2, 4, 1, 1, 1, 4, 3, 2, 4, 1, 1]"
cowboy boots,2.8,1.0456,30,"[3, 3, 4, 2, 3, 2, 3, 3, 2, 4, 1, 2, 3, 3, 1, 3, 3, 3, 4, 1, 1, 4, 3, 3, 5, 4, 3, 4, 1, 3]"
craps,3.4667,1.0873,30,"[4, 3, 5, 2, 4, 4, 4, 5, 2, 5, 4, 4, 2, 2, 2, 4, 4, 3, 5, 3, 1, 4, 4, 3, 4, 3, 2, 3, 5, 4]"
creaky,2.7143,0.9949,28,"[1, 3, 3, 3, 4, 1, 4, 3, 3, 2, 4, 2, 1, 2, 1, 2, 3, 4, 3, 2, 3, 2, 4, 4, 3, 4, 3, 2]"
cream cheese,2.7353,1.1455,34,"[2, 4, 2, 3, 5, 4, 5, 3, 1, 1, 3, 2, 3, 4, 3, 2, 1, 3, 2, 1, 4, 3, 1, 3, 2, 4, 4, 4, 1, 3, 3, 2, 3, 2]"
critical,3.069,1.1426,29,"[4, 4, 5, 1, 2, 4, 3, 3, 4, 1, 4, 3, 2, 3, 1, 3, 5, 4, 2, 4, 2, 2, 4, 4, 4, 4, 2, 3, 2]"
cumbersome,2.5333,1.1175,30,"[4, 2, 3, 2, 1, 1, 4, 3, 1, 2, 2, 2, 4, 4, 2, 3, 1, 3, 4, 2, 1, 2, 2, 4, 2, 4, 2, 4, 1, 4]"
cumin,2.9333,1.0306,30,"[4, 3, 3, 4, 3, 1, 4, 3, 3, 4, 2, 4, 4, 3, 2, 1, 1, 3, 3, 3, 3, 4, 4, 4, 3, 1, 3, 4, 3, 1]"
curvy,3.7931,0.7602,29,"[4, 4, 4, 3, 2, 3, 4, 4, 4, 5, 4, 4, 4, 2, 4, 5, 3, 4, 5, 4, 4, 4, 4, 4, 4, 3, 3, 3, 5]"
cute,3.6333,0.9481,30,"[4, 4, 2, 4, 4, 3, 5, 4, 2, 3, 4, 3, 4, 2, 4, 4, 3, 5, 3, 2, 4, 5, 5, 4, 4, 5, 3, 4, 2, 4]"
damaging,3.1333,1.335,30,"[4, 3, 2, 1, 4, 4, 4, 5, 4, 2, 2, 5, 4, 1, 2, 4, 5, 1, 5, 4, 1, 4, 1, 4, 4, 2, 3, 3, 4, 2]"
damp,2.3667,1.2243,30,"[1, 4, 1, 5, 1, 1, 3, 1, 4, 1, 1, 1, 2, 2, 2, 3, 2, 4, 4, 3, 2, 1, 4, 2, 2, 2, 2, 4, 2, 4]"
dashing,3.8667,0.9568,30,"[4, 4, 5, 4, 4, 4, 4, 5, 5, 1, 5, 4, 4, 4, 4, 5, 3, 4, 3, 1, 4, 4, 5, 4, 4, 4, 3, 3, 4, 4]"
dear,2.2759,0.979,29,"[1, 1, 2, 4, 2, 2, 1, 3, 2, 2, 3, 4, 1, 3, 3, 2, 2, 4, 1, 3, 3, 3, 2, 2, 1, 4, 2, 2, 1]"
debatable,3.2069,0.9958,29,"[1, 3, 4, 4, 4, 1, 4, 3, 2, 4, 4, 4, 3, 4, 1, 4, 4, 3, 4, 3, 3, 2, 2, 3, 4, 4, 4, 4, 3]"
delusional disorder,3.4828,1.4293,29,"[1, 1, 1, 4, 5, 4, 2, 2, 5, 4, 1, 5, 4, 3, 3, 5, 4, 4, 5, 4, 2, 4, 4, 5, 1, 5, 5, 4, 4]"
dependent,2.5333,0.8459,30,"[2, 2, 1, 2, 2, 2, 4, 3, 3, 2, 3, 2, 2, 2, 1, 4, 2, 2, 3, 2, 2, 2, 4, 3, 4, 3, 4, 3, 3, 2]"
deranged,3.7586,1.4058,29,"[4, 4, 5, 1, 3, 5, 3, 3, 4, 4, 4, 4, 5, 1, 1, 2, 5, 5, 5, 2, 5, 5, 2, 5, 5, 2, 5, 5, 5]"
despondent,2.2333,1.116,30,"[1, 3, 1, 2, 3, 2, 4, 3, 3, 4, 2, 3, 1, 1, 1, 1, 2, 2, 4, 1, 1, 1, 5, 3, 3, 2, 3, 2, 1, 2]"
detailed,2.8,1.077,30,"[2, 4, 1, 4, 3, 2, 3, 5, 2, 1, 2, 2, 4, 2, 3, 4, 3, 4, 3, 1, 2, 3, 3, 3, 3, 4, 4, 1, 2, 4]"
determined,3.5172,0.9329,29,"[1, 3, 3, 2, 4, 2, 4, 3, 4, 4, 4, 4, 2, 4, 2, 4, 4, 4, 5, 3, 4, 3, 4, 4, 4, 4, 5, 4, 4]"
detestable,2.9333,1.4817,30,"[4, 2, 4, 4, 1, 1, 5, 3, 5, 5, 1, 1, 3, 4, 4, 2, 4, 5, 2, 4, 1, 3, 4, 4, 2, 1, 2, 5, 1, 1]"
devastating,3.6897,1.3922,29,"[1, 3, 5, 4, 4, 2, 5, 5, 4, 5, 5, 1, 4, 2, 1, 5, 4, 4, 1, 5, 4, 2, 4, 4, 4, 5, 5, 5, 4]"
dirty,3.1667,1.1856,30,"[3, 5, 3, 4, 2, 3, 5, 3, 4, 4, 1, 4, 3, 2, 2, 3, 5, 3, 2, 4, 4, 4, 4, 3, 1, 1, 2, 5, 2, 4]"
discreet,2.6,1.052,30,"[2, 3, 2, 1, 3, 2, 5, 2, 3, 1, 3, 2, 3, 3, 2, 4, 4, 3, 3, 3, 1, 2, 2, 2, 4, 1, 4, 4, 3, 1]"
dismissive,2.0667,0.9638,30,"[2, 1, 2, 1, 3, 2, 4, 1, 4, 2, 4, 2, 1, 2, 3, 2, 2, 1, 2, 2, 2, 2, 1, 4, 1, 1, 2, 1, 2, 3]"
distinct,2.8276,1.1163,29,"[1, 1, 1, 4, 1, 2, 2, 3, 3, 4, 3, 4, 2, 3, 3, 2, 3, 4, 3, 4, 4, 4, 3, 5, 1, 3, 2, 3, 4]"
disturbed,3.6765,1.3222,34,"[5, 2, 4, 4, 5, 4, 1, 1, 2, 4, 5, 4, 2, 4, 4, 4, 4, 4, 5, 5, 5, 5, 4, 3, 5, 4, 1, 2, 4, 4, 1, 4, 5, 5]"
disturbing,3.6176,1.237,34,"[5, 2, 5, 4, 3, 3, 1, 1, 4, 4, 5, 4, 4, 4, 4, 3, 4, 5, 5, 5, 5, 4, 3, 3, 4, 4, 2, 2, 2, 4, 1, 4, 5, 5]"
domesticated,2.0588,0.8381,34,"[1, 3, 2, 2, 1, 1, 4, 2, 2, 1, 2, 2, 2, 4, 2, 2, 1, 3, 2, 2, 3, 3, 2, 1, 2, 3, 1, 2, 2, 2, 3, 1, 1, 3]"
drab,1.5517,0.674,29,"[1, 1, 2, 1, 1, 1, 1, 1, 2, 2, 2, 1, 1, 1, 3, 2, 2, 3, 1, 2, 2, 1, 1, 1, 1, 3, 2, 2, 1]"
draconian,3.0588,1.2113,34,"[1, 2, 4, 4, 2, 4, 3, 3, 1, 4, 4, 5, 2, 4, 5, 3, 1, 4, 3, 1, 3, 3, 4, 1, 4, 3, 4, 2, 2, 3, 5, 2, 4, 4]"
dreary,1.6417,0.9018,240,"[4, 3, 1, 1, 1, 1, 1, 2, 1, 1, 2, 2, 4, 1, 2, 1, 1, 2, 4, 2, 1, 1, 1, 1, 2, 1, 1, 1, 1, 2, 1, 1, 2, 1, 4, 1, 5, 2, 4, 1, 1, 1, 1, 2, 2, 2, 1, 1, 2, 1, 1, 2, 1, 2, 2, 1, 1, 1, 1, 1, 2, 1, 1, 1, 2, 1, 2, 3, 2, 3, 2, 2, 1, 1, 1, 1, 4, 2, 1, 1, 1, 1, 2, 2, 1, 1, 4, 2, 1, 2, 1, 1, 2, 2, 4, 1, 1, 1, 1, 1, 1, 2, 1, 4, 1, 1, 1, 2, 4, 2, 2, 2, 2, 2, 1, 3, 2, 2, 2, 1, 2, 3, 2, 1, 4, 1, 1, 1, 3, 1, 2, 1, 1, 1, 1, 1, 4, 1, 1, 2, 1, 1, 1, 1, 1, 1, 3, 1, 1, 2, 1, 2, 4, 1, 1, 1, 1, 1, 2, 2, 2, 2, 2, 1, 2, 2, 1, 2, 1, 1, 1, 1, 4, 1, 2, 1, 2, 1, 1, 2, 1, 1, 3, 1, 1, 1, 1, 1, 1, 1, 1, 2, 1, 1, 1, 1, 4, 2, 1, 1, 3, 2, 1, 1, 1, 1, 2, 2, 2, 1, 3, 3, 1, 1, 1, 3, 4, 1, 2, 2, 1, 2, 1, 2, 4, 1, 2, 2, 2, 1, 2, 1, 1, 1, 1, 1, 3, 2, 2, 1]"
dubnium,2.3793,1.1865,29,"[1, 1, 3, 3, 5, 2, 1, 3, 1, 3, 3, 3, 1, 3, 3, 3, 2, 4, 1, 2, 1, 3, 1, 1, 1, 5, 3, 3, 3]"
duct tape,2.5,1.0567,30,"[1, 4, 1, 2, 2, 2, 3, 4, 4, 1, 3, 2, 3, 3, 3, 4, 2, 2, 1, 3, 2, 2, 4, 3, 1, 2, 2, 4, 1, 4]"
dusty,2.0667,1.0306,30,"[2, 1, 1, 1, 1, 3, 2, 3, 4, 3, 1, 1, 1, 3, 1, 3, 4, 2, 3, 1, 1, 1, 4, 2, 2, 3, 2, 3, 1, 2]"
earthy,2.2414,1.1343,29,"[1, 1, 1, 2, 2, 2, 1, 4, 1, 4, 4, 2, 1, 3, 3, 1, 2, 4, 1, 3, 4, 4, 2, 2, 1, 3, 2, 1, 3]"
easy,2.7333,1.34,30,"[3, 3, 4, 3, 5, 1, 2, 3, 3, 5, 2, 2, 1, 2, 1, 5, 2, 2, 1, 4, 4, 1, 3, 2, 2, 3, 5, 2, 1, 5]"
ecstasy,4.6529,0.7575,242,"[4, 5, 5, 5, 5, 5, 5, 4, 5, 5, 5, 5, 4, 5, 4, 5, 5, 5, 4, 5, 5, 4, 5, 5, 5, 5, 5, 5, 5, 5, 4, 4, 4, 5, 5, 5, 5, 5, 4, 5, 5, 5, 5, 5, 5, 5, 5, 5, 5, 5, 5, 4, 5, 5, 4, 5, 5, 5, 4, 5, 5, 5, 5, 3, 4, 5, 5, 4, 5, 5, 5, 5, 5, 5, 4, 5, 5, 5, 5, 5, 5, 5, 4, 4, 5, 5, 1, 5, 5, 5, 3, 1, 5, 5, 4, 4, 5, 5, 5, 5, 5, 5, 5, 5, 2, 5, 5, 4, 1, 5, 4, 5, 5, 5, 4, 4, 5, 5, 4, 5, 2, 4, 5, 5, 5, 4, 5, 5, 5, 5, 5, 4, 5, 5, 5, 5, 5, 4, 5, 5, 5, 5, 5, 5, 5, 5, 5, 5, 5, 5, 5, 5, 4, 5, 5, 5, 5, 3, 5, 5, 1, 5, 4, 5, 5, 5, 5, 4, 5, 5, 5, 5, 5, 5, 4, 5, 4, 5, 5, 5, 5, 5, 5, 4, 5, 4, 5, 5, 5, 5, 5, 5, 4, 5, 5, 4, 5, 4, 5, 5, 5, 4, 4, 5, 5, 5, 5, 5, 2, 5, 5, 5, 4, 5, 5, 5, 5, 5, 1, 5, 5, 5, 5, 4, 5, 4, 5, 5, 4, 4, 4, 4, 5, 5, 5, 5, 5, 4, 5, 5, 5, 5]"
edible,3.4118,0.8087,34,"[3, 4, 4, 3, 4, 4, 1, 4, 3, 4, 4, 2, 3, 4, 3, 3, 4, 4, 3, 1, 4, 4, 3, 4, 4, 4, 3, 4, 4, 3, 4, 3, 3, 4]"
emergent,3.2414,1.0717,29,"[4, 4, 4, 3, 4, 4, 2, 3, 3, 2, 3, 2, 3, 1, 3, 5, 4, 2, 1, 2, 5, 4, 4, 4, 3, 3, 3, 5, 4]"
energetic,4.1333,0.9568,30,"[4, 4, 5, 5, 4, 5, 3, 5, 5, 3, 5, 2, 5, 4, 4, 5, 3, 4, 2, 3, 4, 5, 5, 5, 5, 3, 5, 3, 4, 5]"
enormous,4.0294,0.857,34,"[4, 3, 5, 4, 5, 4, 4, 4, 3, 4, 5, 2, 4, 4, 4, 4, 4, 5, 4, 2, 5, 5, 4, 5, 4, 4, 4, 4, 2, 3, 5, 4, 5, 5]"
enraged,4.1792,1.2064,240,"[4, 5, 5, 4, 5, 1, 5, 4, 5, 5, 4, 5, 4, 5, 5, 4, 5, 5, 4, 5, 1, 4, 5, 5, 4, 5, 4, 5, 4, 2, 4, 5, 5, 5, 3, 4, 5, 5, 4, 5, 5, 5, 4, 2, 5, 5, 5, 5, 1, 5, 5, 5, 4, 5, 4, 4, 5, 5, 2, 5, 4, 4, 5, 1, 2, 5, 3, 4, 4, 4, 4, 4, 5, 3, 4, 5, 5, 5, 4, 3, 5, 5, 5, 5, 5, 2, 5, 5, 5, 1, 3, 5, 4, 4, 2, 5, 5, 4, 5, 5, 4, 4, 5, 2, 5, 4, 4, 2, 4, 4, 4, 5, 5, 5, 4, 5, 4, 4, 3, 5, 5, 5, 5, 5, 5, 4, 4, 5, 1, 5, 4, 3, 5, 5, 5, 2, 5, 5, 1, 5, 5, 5, 5, 5, 5, 5, 5, 5, 2, 5, 5, 5, 5, 1, 1, 5, 5, 5, 4, 2, 4, 5, 4, 5, 5, 5, 4, 5, 5, 4, 5, 5, 4, 1, 2, 4, 4, 5, 5, 5, 5, 5, 3, 5, 2, 5, 4, 5, 5, 5, 4, 5, 5, 2, 1, 5, 4, 5, 4, 5, 5, 2, 5, 5, 5, 5, 5, 4, 2, 5, 1, 4, 5, 5, 2, 5, 5, 5, 5, 4, 5, 4, 5, 4, 4, 5, 1, 1, 3, 3, 4, 5, 1, 5, 5, 1, 5, 5, 5, 5]"
enticing,4.3529,0.7228,34,"[5, 3, 5, 4, 4, 5, 5, 4, 3, 5, 5, 2, 4, 4, 5, 4, 4, 5, 4, 5, 5, 5, 4, 5, 4, 4, 5, 4, 4, 4, 5, 4, 5, 5]"
equable,2.4706,0.9467,34,"[3, 3, 2, 2, 1, 1, 4, 1, 2, 1, 3, 2, 3, 4, 3, 3, 1, 3, 3, 1, 3, 3, 1, 3, 3, 4, 3, 3, 1, 3, 3, 3, 3, 2]"
erotic,4.5517,0.674,29,"[3, 4, 5, 5, 5, 4, 5, 5, 4, 4, 5, 5, 5, 3, 3, 4, 4, 4, 5, 5, 5, 5, 5, 5, 5, 5, 5, 5, 5]"
europium,2.7667,1.116,30,"[2, 3, 5, 1, 3, 3, 3, 3, 4, 2, 5, 3, 2, 4, 1, 3, 1, 3, 3, 3, 1, 1, 3, 3, 4, 3, 3, 3, 4, 1]"
evasive,2.8667,1.2579,30,"[4, 4, 4, 3, 1, 4, 3, 3, 3, 2, 4, 4, 2, 1, 1, 1, 2, 4, 1, 2, 2, 4, 5, 2, 5, 3, 3, 4, 1, 4]"
exaggerated,3.8276,0.8737,29,"[2, 2, 4, 4, 5, 4, 4, 3, 5, 4, 4, 4, 4, 3, 4, 5, 4, 4, 4, 4, 2, 4, 4, 5, 4, 5, 4, 4, 2]"
explosives,4.5333,0.718,30,"[3, 5, 5, 4, 5, 5, 5, 5, 5, 5, 5, 4, 2, 5, 5, 4, 5, 5, 4, 5, 5, 5, 5, 4, 4, 5, 4, 5, 4, 4]"
extra-large,3.2333,0.8825,30,"[3, 4, 4, 3, 3, 4, 4, 3, 2, 4, 4, 4, 4, 4, 3, 1, 4, 4, 3, 2, 3, 3, 3, 4, 4, 4, 3, 3, 1, 2]"
far-flung,3.2,1.1075,30,"[4, 4, 4, 2, 4, 4, 3, 3, 3, 2, 4, 3, 2, 3, 1, 2, 5, 3, 2, 3, 2, 3, 4, 3, 4, 5, 1, 3, 5, 5]"
fascinating,4.2069,0.8043,29,"[2, 3, 4, 4, 4, 4, 5, 4, 4, 4, 4, 5, 4, 5, 3, 5, 4, 3, 5, 5, 5, 4, 5, 5, 5, 5, 3, 4, 5]"
fatherly,2.7667,1.1455,30,"[2, 2, 4, 2, 2, 4, 1, 1, 3, 5, 5, 4, 3, 3, 3, 4, 1, 3, 3, 3, 1, 2, 2, 3, 4, 4, 2, 3, 1, 3]"
fatigued,1.8667,0.8844,30,"[1, 2, 1, 2, 1, 1, 2, 3, 3, 1, 1, 1, 2, 2, 2, 4, 2, 1, 2, 2, 3, 1, 1, 1, 2, 1, 2, 3, 4, 2]"
feigned,2.6552,0.9569,29,"[1, 3, 3, 3, 4, 1, 1, 3, 2, 3, 2, 2, 3, 3, 2, 5, 3, 2, 4, 3, 3, 1, 2, 3, 4, 2, 3, 3, 3]"
flaky,2.3929,1.012,28,"[1, 3, 3, 3, 2, 1, 1, 3, 3, 4, 4, 2, 1, 3, 2, 1, 2, 3, 1, 3, 3, 1, 2, 2, 3, 4, 4, 2]"
flip-flops,2.7931,1.0299,29,"[4, 2, 2, 4, 5, 3, 3, 3, 3, 2, 3, 3, 3, 1, 1, 3, 2, 2, 4, 3, 4, 1, 3, 4, 3, 2, 4, 1, 3]"
flour,2.1667,0.969,30,"[2, 1, 1, 2, 3, 1, 2, 3, 3, 2, 2, 2, 1, 3, 1, 1, 3, 3, 2, 3, 3, 1, 1, 3, 2, 3, 5, 3, 1, 2]"
fluttering,3.8,0.7483,30,"[4, 3, 4, 4, 5, 4, 3, 3, 4, 5, 4, 3, 2, 4, 3, 4, 4, 3, 4, 4, 4, 5, 3, 4, 4, 3, 3, 4, 5, 5]"
foamy,2.7,0.9,30,"[2, 4, 2, 4, 1, 3, 3, 3, 3, 3, 2, 3, 1, 3, 1, 3, 2, 2, 4, 4, 2, 4, 2, 3, 3, 2, 2, 3, 4, 3]"
fog,2.5,1.0567,30,"[4, 2, 2, 4, 1, 4, 1, 1, 1, 2, 2, 2, 4, 2, 2, 1, 4, 4, 3, 2, 3, 1, 2, 2, 3, 3, 3, 3, 4, 3]"
free,3.7931,0.9958,29,"[3, 4, 2, 4, 4, 4, 2, 5, 5, 4, 4, 4, 4, 3, 4, 5, 5, 4, 4, 5, 1, 2, 4, 4, 4, 3, 4, 5, 4]"
frequent,3.1667,1.0028,30,"[1, 3, 1, 5, 1, 4, 3, 3, 4, 2, 4, 2, 4, 3, 3, 4, 3, 4, 4, 3, 3, 4, 4, 3, 4, 4, 2, 4, 3, 3]"
frightened,4.0,1.1114,34,"[5, 2, 4, 4, 4, 4, 1, 1, 4, 5, 5, 4, 4, 4, 5, 4, 4, 4, 5, 4, 5, 5, 4, 5, 5, 4, 2, 2, 5, 4, 4, 4, 5, 5]"
frightening,4.0588,1.3707,34,"[5, 1, 5, 4, 5, 4, 1, 1, 5, 5, 5, 4, 1, 4, 5, 4, 4, 4, 5, 5, 5, 5, 5, 5, 5, 3, 1, 4, 5, 4, 5, 4, 5, 5]"
frost,2.75,0.6339,28,"[3, 2, 3, 2, 2, 4, 3, 3, 2, 2, 3, 3, 3, 2, 2, 3, 3, 3, 3, 3, 2, 4, 4, 3, 2, 3, 2, 3]"
frozen yogurt,2.8333,1.1279,30,"[1, 3, 2, 4, 1, 4, 1, 3, 3, 4, 4, 4, 3, 2, 4, 4, 2, 2, 2, 1, 2, 4, 4, 3, 4, 5, 2, 2, 2, 3]"
full,2.8333,1.098,30,"[4, 5, 1, 4, 3, 3, 3, 2, 4, 1, 2, 2, 3, 3, 3, 5, 2, 3, 2, 1, 4, 3, 4, 3, 3, 3, 2, 1, 2, 4]"
futuristic,4.0333,0.7063,30,"[3, 4, 4, 4, 5, 3, 4, 4, 3, 5, 3, 4, 5, 4, 4, 3, 5, 4, 5, 4, 4, 4, 5, 3, 4, 5, 4, 4, 3, 5]"
galoshes,2.6333,0.875,30,"[2, 3, 2, 3, 3, 1, 3, 3, 1, 3, 4, 3, 4, 2, 2, 1, 3, 1, 3, 3, 3, 2, 4, 2, 4, 3, 3, 3, 3, 2]"
gastroesophageal reflux disease,2.6897,1.488,29,"[1, 3, 1, 1, 1, 4, 1, 2, 3, 1, 1, 1, 1, 4, 1, 5, 4, 4, 4, 1, 5, 5, 2, 4, 3, 3, 4, 4, 4]"
gaudy,2.9655,1.2452,29,"[3, 4, 3, 3, 2, 1, 5, 4, 5, 1, 2, 4, 4, 3, 1, 4, 4, 2, 5, 3, 3, 4, 2, 3, 4, 3, 2, 1, 1]"
general,2.6,1.0198,30,"[4, 4, 1, 1, 3, 1, 2, 3, 3, 3, 3, 3, 4, 3, 3, 1, 4, 1, 2, 3, 3, 3, 1, 3, 2, 4, 3, 3, 1, 3]"
gentle,2.2273,1.1757,242,"[4, 2, 1, 1, 3, 4, 1, 2, 4, 2, 3, 2, 4, 2, 2, 4, 3, 2, 2, 2, 3, 2, 1, 2, 2, 1, 1, 2, 3, 4, 1, 2, 2, 1, 1, 3, 1, 1, 3, 1, 3, 1, 3, 2, 3, 5, 1, 1, 2, 1, 1, 2, 1, 1, 5, 3, 1, 1, 3, 1, 3, 3, 2, 3, 4, 2, 4, 3, 3, 2, 1, 2, 1, 1, 3, 3, 1, 2, 4, 4, 4, 1, 1, 2, 1, 1, 4, 1, 1, 4, 1, 3, 2, 4, 2, 1, 1, 1, 2, 1, 1, 4, 1, 2, 1, 1, 3, 3, 4, 2, 2, 2, 3, 3, 1, 3, 2, 1, 1, 1, 1, 1, 2, 3, 2, 1, 2, 1, 1, 5, 3, 1, 3, 1, 1, 1, 2, 1, 1, 4, 1, 2, 1, 1, 2, 2, 1, 1, 1, 4, 2, 2, 4, 1, 4, 3, 2, 1, 4, 2, 3, 2, 2, 2, 1, 2, 1, 5, 4, 2, 2, 1, 1, 4, 4, 4, 4, 3, 1, 2, 2, 2, 1, 3, 2, 5, 1, 2, 1, 1, 3, 3, 5, 4, 4, 5, 3, 4, 2, 4, 2, 2, 4, 1, 4, 2, 3, 4, 4, 4, 1, 3, 2, 2, 1, 3, 2, 3, 3, 2, 1, 3, 1, 4, 1, 2, 2, 1, 3, 1, 1, 1, 4, 2, 2, 1, 1, 4, 4, 2, 2, 1]"
good,3.4667,0.8459,30,"[4, 3, 3, 2, 4, 3, 3, 4, 3, 3, 4, 5, 4, 5, 4, 4, 3, 4, 2, 1, 4, 3, 4, 3, 4, 4, 4, 3, 4, 3]"
gorgonzola,3.0,1.291,30,"[4, 3, 3, 3, 1, 4, 5, 3, 5, 1, 3, 2, 3, 3, 1, 2, 4, 2, 1, 4, 1, 4, 4, 1, 4, 4, 2, 4, 5, 4]"
graceful,2.9706,1.1501,34,"[1, 4, 2, 3, 4, 2, 4, 3, 2, 3, 4, 2, 4, 4, 2, 4, 1, 1, 2, 3, 4, 2, 2, 5, 4, 3, 2, 4, 4, 3, 4, 3, 5, 1]"
gravy,2.5333,1.1175,30,"[1, 3, 1, 1, 2, 3, 3, 1, 3, 3, 3, 5, 2, 2, 3, 4, 3, 2, 1, 3, 4, 1, 4, 4, 1, 2, 2, 2, 3, 4]"
grouchy,2.3103,1.2064,29,"[4, 1, 1, 1, 2, 2, 4, 1, 3, 1, 2, 5, 2, 1, 2, 4, 4, 1, 4, 3, 1, 1, 4, 3, 2, 2, 2, 2, 2]"
grumpy,2.2069,0.9958,29,"[1, 3, 2, 1, 4, 1, 1, 3, 2, 4, 2, 2, 1, 3, 1, 1, 2, 4, 1, 3, 2, 2, 2, 3, 4, 2, 3, 2, 2]"
guarded,2.9,1.193,30,"[2, 3, 3, 2, 1, 2, 5, 4, 4, 5, 1, 3, 3, 3, 2, 5, 4, 3, 2, 3, 2, 2, 1, 3, 5, 2, 2, 4, 2, 4]"
guilty,3.4828,1.0379,29,"[2, 3, 4, 4, 5, 4, 4, 3, 1, 3, 2, 4, 2, 2, 3, 5, 4, 4, 5, 4, 4, 3, 2, 5, 4, 4, 4, 3, 4]"
hail,3.5152,1.1043,33,"[3, 2, 4, 3, 5, 3, 4, 1, 1, 4, 5, 3, 2, 5, 4, 1, 4, 4, 4, 4, 4, 4, 3, 4, 4, 4, 4, 2, 4, 4, 4, 5, 4]"
hair,2.9667,0.9481,30,"[3, 3, 2, 3, 3, 4, 3, 3, 4, 3, 4, 3, 3, 2, 3, 1, 1, 1, 2, 3, 3, 4, 2, 4, 4, 4, 3, 3, 3, 5]"
half-and-half,2.1,0.9074,30,"[3, 2, 1, 1, 2, 3, 1, 3, 3, 1, 1, 1, 3, 2, 1, 4, 2, 3, 2, 1, 1, 2, 3, 3, 3, 2, 2, 3, 1, 3]"
hallowed,2.3448,1.2113,29,"[1, 1, 2, 4, 4, 2, 1, 3, 1, 2, 2, 5, 2, 3, 3, 1, 2, 3, 1, 3, 1, 2, 2, 5, 1, 1, 4, 3, 3]"
handsome,3.9667,0.836,30,"[4, 5, 5, 4, 4, 4, 4, 4, 5, 4, 5, 4, 4, 3, 4, 4, 4, 2, 4, 1, 4, 4, 5, 4, 4, 5, 4, 4, 3, 4]"
harmonious,2.7241,1.362,29,"[1, 1, 2, 2, 4, 1, 2, 3, 2, 1, 5, 4, 4, 3, 2, 1, 3, 4, 5, 4, 5, 5, 2, 3, 3, 3, 1, 1, 2]"
heavy,2.3667,0.9826,30,"[3, 2, 4, 2, 2, 1, 2, 3, 2, 2, 2, 2, 4, 4, 3, 1, 4, 1, 3, 1, 3, 1, 2, 4, 3, 2, 2, 3, 1, 2]"
hellish,3.8333,1.2405,30,"[4, 1, 4, 1, 5, 4, 3, 5, 5, 2, 5, 4, 5, 4, 5, 5, 2, 4, 4, 4, 4, 4, 4, 5, 5, 1, 4, 5, 3, 4]"
hide-and-seek,3.8,0.6532,30,"[3, 4, 3, 4, 3, 5, 4, 2, 4, 4, 5, 4, 4, 4, 4, 4, 4, 4, 4, 4, 4, 3, 4, 4, 4, 4, 4, 2, 4, 4]"
high heels,3.5667,1.0858,30,"[3, 4, 5, 1, 2, 4, 3, 5, 2, 4, 5, 3, 2, 4, 4, 4, 3, 3, 4, 4, 2, 4, 5, 4, 4, 4, 2, 5, 3, 5]"
highfalutin,2.931,1.0482,29,"[1, 3, 3, 4, 4, 3, 3, 3, 3, 3, 5, 5, 3, 3, 2, 2, 3, 4, 1, 3, 3, 3, 1, 1, 4, 3, 4, 3, 2]"
historical,2.7667,1.1455,30,"[2, 2, 3, 3, 4, 3, 4, 5, 2, 1, 1, 2, 2, 3, 3, 2, 3, 3, 2, 1, 4, 3, 1, 3, 4, 5, 3, 5, 2, 2]"
hot pepper,4.1379,1.0077,29,"[5, 2, 5, 4, 4, 4, 4, 5, 5, 4, 4, 4, 2, 5, 1, 5, 5, 4, 4, 4, 4, 4, 4, 3, 5, 5, 5, 5, 5]"
humble,2.5172,0.9692,29,"[3, 4, 3, 2, 4, 1, 1, 3, 2, 1, 4, 3, 1, 2, 2, 2, 3, 3, 5, 3, 2, 2, 3, 3, 2, 3, 2, 2, 2]"
ill-fated,3.1724,1.2884,29,"[1, 2, 4, 4, 2, 4, 2, 3, 1, 2, 2, 4, 4, 2, 4, 5, 2, 4, 5, 2, 1, 4, 4, 5, 4, 5, 4, 4, 2]"
ill-informed,2.2,0.9798,30,"[1, 3, 1, 2, 1, 3, 3, 3, 4, 1, 1, 1, 2, 2, 2, 3, 3, 2, 2, 4, 4, 1, 1, 3, 3, 2, 2, 1, 3, 2]"
important,3.6667,1.075,30,"[5, 4, 4, 4, 4, 4, 4, 4, 4, 2, 5, 2, 4, 4, 3, 4, 3, 4, 2, 1, 4, 4, 4, 5, 5, 5, 4, 1, 3, 4]"
inaudible,1.8,1.0132,30,"[1, 2, 2, 1, 1, 1, 5, 1, 3, 1, 1, 1, 3, 2, 1, 1, 3, 3, 2, 1, 1, 2, 1, 1, 2, 2, 2, 4, 1, 2]"
indifferent,1.9793,0.9487,241,"[4, 1, 1, 1, 3, 4, 2, 1, 1, 1, 3, 3, 4, 1, 2, 1, 2, 1, 2, 2, 2, 2, 1, 1, 2, 1, 3, 2, 1, 2, 2, 2, 2, 1, 2, 1, 3, 1, 3, 1, 1, 1, 3, 3, 2, 1, 1, 1, 3, 3, 1, 2, 3, 1, 2, 1, 2, 1, 3, 1, 2, 3, 3, 2, 2, 1, 2, 3, 2, 2, 2, 2, 1, 1, 1, 3, 1, 2, 1, 3, 2, 1, 4, 4, 1, 3, 3, 1, 3, 1, 3, 3, 2, 4, 1, 1, 1, 3, 1, 1, 3, 1, 3, 1, 1, 3, 2, 2, 3, 2, 1, 2, 3, 1, 3, 1, 3, 3, 1, 1, 3, 3, 1, 2, 3, 2, 3, 2, 3, 3, 1, 1, 1, 3, 2, 4, 1, 3, 3, 3, 1, 1, 1, 2, 1, 2, 1, 1, 3, 2, 2, 2, 1, 1, 2, 1, 1, 1, 4, 3, 4, 1, 3, 1, 3, 2, 1, 2, 1, 2, 3, 2, 4, 1, 3, 3, 2, 1, 3, 1, 1, 1, 3, 1, 1, 1, 2, 2, 3, 2, 2, 2, 4, 2, 2, 3, 4, 1, 1, 2, 2, 3, 1, 1, 4, 4, 2, 3, 2, 3, 3, 2, 1, 1, 3, 3, 1, 3, 1, 1, 2, 1, 3, 2, 2, 1, 3, 2, 2, 1, 1, 3, 2, 1, 1, 1, 1, 3, 1, 1, 3]"
inexpensive,2.8824,1.278,34,"[2, 3, 4, 2, 4, 4, 1, 2, 1, 1, 3, 2, 2, 4, 4, 3, 1, 4, 3, 1, 5, 4, 4, 1, 2, 4, 4, 2, 5, 2, 5, 2, 3, 4]"
ink,2.5063,1.0099,239,"[3, 2, 2, 3, 3, 1, 3, 2, 2, 3, 4, 3, 4, 1, 2, 1, 1, 4, 2, 3, 3, 5, 2, 1, 2, 4, 2, 3, 1, 4, 2, 3, 1, 3, 2, 2, 1, 3, 4, 1, 1, 2, 3, 2, 3, 3, 3, 3, 2, 1, 1, 2, 3, 3, 4, 3, 4, 2, 5, 3, 3, 2, 3, 3, 1, 2, 3, 3, 3, 3, 4, 1, 3, 3, 1, 5, 3, 3, 1, 3, 2, 3, 2, 3, 2, 3, 2, 3, 1, 3, 1, 3, 3, 2, 4, 2, 1, 3, 3, 1, 2, 3, 1, 3, 1, 1, 2, 3, 3, 3, 2, 1, 3, 4, 3, 2, 2, 3, 3, 2, 1, 2, 3, 2, 2, 2, 4, 2, 3, 3, 3, 3, 1, 2, 4, 1, 3, 3, 3, 3, 4, 4, 3, 2, 3, 3, 1, 3, 4, 2, 1, 1, 4, 4, 1, 1, 3, 3, 3, 4, 2, 3, 1, 4, 3, 1, 1, 3, 2, 1, 2, 3, 4, 3, 5, 3, 3, 2, 3, 1, 3, 3, 1, 2, 2, 3, 3, 1, 4, 2, 2, 3, 3, 2, 3, 4, 1, 4, 2, 3, 1, 2, 4, 3, 1, 3, 3, 3, 3, 3, 1, 1, 3, 2, 3, 3, 1, 4, 1, 3, 2, 3, 3, 4, 1, 3, 3, 2, 1, 3, 3, 3, 3, 1, 5, 2, 1, 2, 3]"
intentional,3.2333,0.9894,30,"[4, 4, 5, 3, 3, 4, 2, 3, 4, 2, 4, 3, 3, 4, 3, 3, 4, 3, 1, 4, 4, 1, 4, 3, 4, 3, 4, 3, 1, 4]"
intrusive,3.3667,1.1101,30,"[4, 2, 4, 4, 2, 1, 4, 3, 4, 4, 2, 4, 4, 5, 3, 1, 5, 5, 3, 4, 2, 4, 4, 4, 4, 4, 3, 4, 2, 2]"
irate,3.9091,1.2398,33,"[5, 1, 5, 4, 3, 4, 1, 1, 4, 5, 5, 3, 4, 5, 3, 4, 5, 4, 5, 5, 5, 4, 5, 5, 4, 2, 2, 4, 4, 4, 4, 5, 5]"
jagged,3.2667,1.2092,30,"[4, 4, 5, 4, 1, 4, 3, 3, 4, 1, 4, 3, 2, 4, 1, 1, 4, 2, 4, 4, 2, 4, 4, 4, 5, 3, 2, 3, 5, 4]"
jasmine,2.9333,1.1235,30,"[2, 3, 4, 4, 4, 3, 3, 3, 4, 2, 2, 3, 3, 3, 3, 4, 3, 1, 2, 1, 4, 5, 5, 1, 4, 4, 3, 1, 2, 2]"
jelly,2.9412,1.1099,34,"[3, 3, 4, 3, 4, 4, 5, 3, 1, 1, 3, 2, 3, 3, 3, 3, 1, 3, 2, 1, 4, 2, 2, 3, 2, 3, 5, 5, 5, 3, 3, 3, 3, 2]"
jobless,2.069,1.1724,29,"[1, 2, 1, 3, 1, 4, 2, 1, 1, 2, 1, 4, 1, 2, 3, 4, 4, 3, 1, 1, 1, 1, 2, 1, 4, 1, 2, 4, 2]"
joyful,4.1,1.044,30,"[4, 4, 4, 4, 5, 5, 2, 3, 5, 5, 4, 4, 3, 4, 4, 1, 5, 5, 3, 5, 5, 2, 5, 4, 4, 5, 4, 5, 5, 5]"
judicious,2.4706,1.1176,34,"[1, 3, 1, 3, 3, 1, 4, 3, 1, 1, 4, 2, 3, 3, 2, 2, 1, 4, 3, 1, 3, 1, 3, 3, 2, 3, 1, 3, 1, 4, 4, 2, 4, 4]"
juicy,3.8621,0.9368,29,"[1, 3, 4, 4, 2, 4, 4, 3, 4, 5, 4, 4, 3, 5, 3, 4, 5, 4, 5, 3, 4, 5, 4, 4, 5, 4, 4, 3, 5]"
kayaking,4.1,1.0755,30,"[3, 5, 2, 5, 1, 4, 4, 5, 3, 4, 5, 5, 5, 4, 3, 3, 5, 5, 4, 4, 5, 4, 4, 5, 4, 5, 5, 5, 5, 2]"
kick-boxing,4.2333,0.9195,30,"[5, 4, 5, 4, 4, 4, 4, 4, 4, 2, 5, 4, 4, 5, 1, 3, 5, 5, 4, 5, 5, 4, 5, 4, 5, 4, 5, 5, 5, 4]"
lame,1.6667,0.83,30,"[1, 3, 2, 1, 1, 2, 1, 1, 2, 4, 1, 2, 2, 3, 1, 2, 1, 3, 1, 1, 1, 2, 2, 3, 2, 1, 1, 1, 1, 1]"
last,1.7931,0.8859,29,"[1, 2, 1, 3, 1, 1, 1, 3, 1, 2, 2, 3, 1, 3, 3, 2, 2, 4, 1, 1, 1, 1, 2, 2, 1, 1, 1, 3, 2]"
late,2.5,1.118,30,"[3, 3, 4, 1, 1, 4, 2, 2, 3, 1, 1, 2, 2, 2, 1, 3, 2, 2, 3, 3, 2, 1, 4, 2, 3, 3, 2, 3, 5, 5]"
lazy,1.5394,0.8296,241,"[4, 1, 1, 1, 1, 1, 1, 2, 1, 1, 3, 2, 4, 1, 2, 2, 1, 2, 2, 1, 3, 2, 1, 2, 1, 1, 3, 2, 1, 4, 2, 2, 1, 1, 1, 2, 1, 1, 4, 1, 1, 1, 2, 1, 1, 1, 1, 1, 2, 1, 1, 1, 1, 1, 1, 1, 1, 1, 2, 1, 2, 2, 1, 1, 1, 1, 2, 3, 3, 2, 2, 1, 1, 1, 1, 1, 1, 1, 2, 1, 2, 1, 1, 2, 1, 2, 2, 2, 1, 1, 1, 3, 2, 2, 4, 1, 1, 1, 2, 1, 2, 2, 1, 1, 1, 1, 1, 3, 1, 2, 2, 2, 2, 3, 1, 2, 1, 1, 1, 1, 1, 1, 1, 1, 2, 2, 1, 5, 1, 2, 1, 1, 1, 1, 1, 2, 3, 1, 1, 1, 1, 1, 1, 1, 1, 1, 1, 1, 1, 2, 1, 2, 2, 1, 1, 1, 1, 1, 2, 2, 3, 4, 1, 3, 1, 2, 1, 1, 1, 1, 1, 1, 1, 4, 3, 2, 4, 1, 1, 1, 1, 1, 1, 3, 1, 4, 1, 1, 1, 1, 2, 1, 2, 1, 2, 2, 1, 4, 1, 1, 2, 3, 4, 1, 1, 1, 1, 1, 2, 1, 1, 2, 2, 2, 1, 2, 2, 2, 1, 1, 1, 1, 1, 2, 1, 2, 2, 1, 2, 1, 1, 1, 2, 1, 1, 1, 1, 2, 1, 1, 1]"
left,2.1379,0.8992,29,"[2, 3, 1, 2, 3, 3, 3, 4, 3, 1, 2, 2, 3, 2, 2, 2, 3, 2, 1, 1, 3, 3, 1, 3, 1, 1, 1, 1, 3]"
leukemia,2.6333,1.6829,30,"[1, 5, 1, 1, 1, 4, 2, 2, 5, 2, 1, 2, 1, 2, 1, 1, 5, 3, 5, 5, 1, 1, 5, 2, 4, 4, 1, 1, 5, 5]"
lighthearted,2.7,0.9363,30,"[2, 3, 3, 1, 3, 4, 1, 2, 3, 3, 3, 2, 4, 3, 3, 3, 2, 3, 4, 3, 4, 2, 1, 3, 4, 4, 2, 2, 3, 1]"
lightning,4.1724,1.085,29,"[1, 1, 5, 5, 4, 4, 5, 5, 4, 5, 4, 4, 4, 4, 2, 5, 5, 4, 4, 4, 4, 5, 5, 4, 5, 4, 5, 5, 5]"
lips,4.1212,0.9772,33,"[5, 4, 4, 3, 5, 5, 5, 4, 4, 2, 5, 2, 5, 4, 3, 5, 4, 4, 3, 5, 5, 5, 3, 5, 4, 3, 5, 5, 5, 4, 4, 5, 2]"
locked-in syndrome,2.6,1.2543,30,"[1, 3, 1, 1, 1, 3, 3, 3, 3, 3, 1, 1, 3, 1, 4, 4, 5, 2, 3, 4, 5, 3, 2, 3, 1, 2, 2, 2, 5, 3]"
logical,2.5714,1.1157,28,"[1, 1, 4, 3, 4, 2, 1, 3, 4, 2, 4, 5, 2, 3, 3, 3, 2, 3, 1, 3, 3, 4, 2, 1, 3, 2, 2, 1]"
longing,3.2667,1.1528,30,"[4, 2, 5, 4, 4, 2, 3, 3, 4, 4, 5, 4, 1, 3, 4, 5, 4, 4, 3, 2, 4, 3, 1, 2, 1, 4, 3, 4, 2, 4]"
loutish,2.7,1.1,30,"[4, 3, 2, 3, 2, 1, 4, 1, 5, 3, 2, 4, 4, 3, 3, 1, 1, 4, 3, 4, 3, 2, 3, 3, 3, 2, 1, 3, 1, 3]"
low,1.9286,1.0667,28,"[1, 1, 2, 3, 1, 2, 1, 3, 3, 2, 2, 3, 2, 3, 2, 1, 4, 5, 2, 1, 1, 1, 1, 1, 1, 1, 3, 1]"
lowly,1.9706,0.9544,34,"[3, 2, 2, 2, 1, 1, 3, 1, 1, 1, 1, 4, 2, 4, 1, 4, 1, 3, 2, 2, 2, 2, 2, 2, 2, 4, 1, 2, 1, 2, 1, 2, 1, 2]"
ludicrous,3.7576,1.0453,33,"[5, 3, 4, 4, 3, 4, 5, 1, 2, 5, 5, 4, 3, 3, 4, 4, 4, 5, 3, 2, 4, 5, 4, 3, 4, 3, 5, 2, 3, 4, 4, 5, 5]"
macabre,3.4412,1.2647,34,"[5, 3, 2, 4, 5, 2, 3, 1, 3, 2, 5, 5, 4, 4, 5, 4, 1, 4, 2, 4, 5, 4, 4, 3, 4, 4, 3, 1, 1, 3, 4, 4, 5, 4]"
magenta,3.0,0.9393,34,"[3, 3, 3, 3, 1, 2, 3, 3, 4, 1, 5, 2, 3, 4, 4, 3, 4, 3, 3, 1, 4, 3, 2, 3, 4, 3, 3, 4, 4, 3, 3, 4, 2, 2]"
magical,4.5,0.5627,30,"[3, 4, 4, 4, 5, 5, 5, 5, 4, 5, 5, 5, 5, 4, 4, 5, 5, 5, 4, 4, 5, 4, 5, 4, 5, 5, 4, 4, 4, 5]"
majestic,3.9,1.0116,30,"[4, 5, 4, 5, 4, 4, 4, 5, 4, 3, 2, 2, 5, 4, 4, 5, 2, 4, 3, 4, 4, 5, 4, 5, 5, 5, 4, 4, 2, 2]"
major depressive disorder,1.9333,1.3149,30,"[4, 4, 4, 2, 1, 1, 1, 1, 2, 1, 1, 1, 4, 2, 5, 1, 1, 1, 1, 2, 1, 3, 1, 2, 2, 5, 1, 1, 1, 1]"
maniacal,3.7,1.1,30,"[3, 4, 4, 1, 4, 4, 4, 5, 5, 3, 4, 2, 4, 3, 5, 4, 5, 4, 4, 4, 4, 4, 1, 5, 2, 4, 2, 4, 5, 4]"
margarine,2.1786,1.0369,28,"[1, 3, 3, 1, 1, 4, 3, 1, 2, 2, 3, 1, 3, 3, 1, 2, 4, 1, 3, 1, 2, 1, 1, 2, 2, 4, 3, 3]"
mascara,2.9,1.0755,30,"[3, 3, 2, 4, 3, 1, 4, 3, 3, 3, 4, 3, 4, 4, 3, 1, 5, 1, 2, 3, 3, 4, 2, 3, 4, 1, 3, 3, 1, 4]"
mature,3.1,1.0755,30,"[1, 3, 2, 5, 3, 3, 3, 5, 4, 2, 4, 4, 4, 4, 3, 4, 3, 4, 2, 2, 1, 1, 4, 3, 3, 4, 2, 4, 3, 3]"
meat,3.1071,0.9,28,"[5, 4, 3, 2, 4, 4, 1, 3, 2, 2, 2, 3, 2, 3, 3, 4, 4, 4, 3, 4, 3, 4, 3, 3, 4, 2, 3, 3]"
meaty,3.0667,1.1528,30,"[1, 4, 4, 2, 1, 4, 3, 1, 4, 4, 4, 4, 4, 2, 3, 3, 3, 3, 2, 3, 1, 3, 5, 3, 1, 4, 4, 4, 4, 4]"
melioidosis,2.4333,1.0225,30,"[2, 5, 3, 1, 3, 3, 3, 3, 3, 1, 3, 2, 3, 3, 3, 3, 3, 1, 4, 1, 3, 3, 1, 3, 1, 1, 2, 1, 2, 3]"
military,3.6333,0.9123,30,"[4, 2, 5, 4, 4, 4, 4, 5, 4, 3, 2, 4, 4, 4, 4, 4, 3, 4, 5, 3, 2, 5, 3, 4, 3, 2, 3, 3, 5, 3]"
mindful,2.9667,1.0483,30,"[1, 3, 1, 4, 2, 4, 2, 5, 3, 2, 5, 2, 4, 4, 3, 4, 3, 4, 2, 3, 3, 1, 4, 3, 3, 3, 2, 3, 3, 3]"
mittens,2.0667,0.8138,30,"[3, 2, 1, 2, 3, 1, 2, 1, 2, 2, 3, 2, 4, 3, 3, 1, 1, 2, 2, 3, 3, 2, 2, 2, 2, 1, 2, 3, 1, 1]"
molybdenum,2.2667,0.9638,30,"[2, 2, 3, 1, 2, 3, 3, 3, 4, 1, 1, 2, 1, 3, 1, 1, 1, 3, 3, 3, 1, 1, 3, 3, 3, 3, 3, 2, 4, 2]"
monumental,3.7586,1.0717,29,"[1, 3, 4, 4, 3, 2, 5, 3, 3, 4, 5, 5, 4, 5, 1, 5, 3, 4, 5, 4, 4, 3, 4, 4, 4, 4, 4, 5, 4]"
moss,2.2667,0.9978,30,"[1, 4, 1, 2, 1, 2, 3, 3, 2, 3, 1, 4, 1, 1, 3, 4, 2, 3, 2, 3, 1, 1, 4, 3, 2, 2, 2, 2, 3, 2]"
muddled,2.3793,0.9253,29,"[1, 3, 1, 2, 1, 4, 3, 3, 2, 2, 2, 2, 2, 2, 3, 4, 3, 2, 2, 3, 2, 3, 1, 4, 1, 2, 2, 4, 3]"
muffled,2.4138,0.8517,29,"[1, 3, 3, 3, 4, 2, 1, 1, 3, 2, 3, 2, 1, 2, 2, 2, 3, 3, 4, 3, 2, 2, 4, 3, 2, 3, 2, 2, 2]"
multiple sclerosis,2.6207,1.2707,29,"[1, 1, 1, 4, 4, 1, 3, 3, 4, 5, 4, 1, 4, 3, 1, 2, 4, 4, 1, 3, 4, 2, 1, 3, 3, 2, 3, 1, 3]"
mumps,1.9333,1.2092,30,"[1, 1, 2, 1, 1, 2, 3, 4, 2, 1, 1, 5, 1, 1, 1, 2, 4, 1, 4, 3, 1, 1, 1, 4, 2, 1, 2, 1, 3, 1]"
muscles,3.6333,0.9826,30,"[4, 3, 4, 4, 4, 4, 4, 4, 5, 4, 4, 3, 3, 4, 5, 5, 3, 4, 3, 3, 4, 4, 5, 3, 4, 1, 4, 1, 2, 4]"
muscular,3.5862,0.7664,29,"[3, 3, 4, 4, 4, 4, 3, 3, 4, 4, 4, 3, 4, 5, 2, 3, 4, 2, 2, 3, 3, 4, 5, 4, 4, 4, 4, 4, 4]"
narcolepsy,1.8235,1.0424,34,"[1, 1, 1, 4, 1, 1, 3, 1, 1, 1, 2, 4, 2, 3, 2, 2, 1, 4, 1, 1, 1, 1, 1, 1, 1, 4, 2, 2, 2, 2, 1, 1, 3, 3]"
nasty,3.4333,1.4302,30,"[3, 5, 5, 4, 1, 2, 5, 4, 4, 5, 1, 5, 2, 2, 2, 5, 5, 5, 2, 4, 4, 4, 4, 4, 1, 1, 2, 5, 3, 4]"
neat,3.0,1.0646,30,"[1, 3, 2, 5, 3, 3, 2, 5, 4, 1, 3, 5, 3, 4, 3, 4, 3, 4, 4, 2, 2, 1, 2, 3, 3, 3, 3, 3, 3, 3]"
nebulous,2.7667,1.0546,30,"[4, 4, 2, 2, 3, 3, 2, 3, 3, 3, 3, 3, 4, 1, 1, 3, 3, 3, 4, 1, 2, 1, 4, 3, 4, 3, 2, 3, 1, 5]"
needless,1.9667,0.875,30,"[2, 3, 3, 1, 1, 1, 2, 2, 2, 4, 2, 1, 4, 2, 2, 1, 1, 1, 2, 2, 3, 1, 1, 1, 2, 2, 2, 3, 3, 2]"
nunchucks,3.8621,0.8992,29,"[4, 3, 5, 3, 4, 4, 5, 3, 4, 5, 4, 4, 3, 5, 1, 4, 4, 4, 4, 3, 4, 5, 5, 4, 4, 2, 4, 4, 4]"
nutritious,2.9333,0.9638,30,"[4, 2, 2, 2, 3, 4, 2, 1, 2, 3, 3, 4, 4, 3, 3, 1, 4, 4, 2, 4, 3, 4, 2, 2, 3, 4, 2, 4, 3, 4]"
nutty,3.2069,0.8461,29,"[4, 3, 3, 4, 4, 3, 3, 3, 3, 4, 3, 4, 3, 2, 3, 4, 3, 2, 4, 3, 4, 1, 4, 4, 3, 2, 2, 5, 3]"
obsequious,2.7931,0.9606,29,"[1, 3, 3, 4, 4, 1, 1, 3, 3, 3, 4, 2, 2, 4, 2, 4, 3, 4, 2, 3, 2, 3, 2, 3, 3, 4, 2, 4, 2]"
obsessed,3.7353,1.2201,34,"[5, 3, 4, 4, 4, 4, 1, 1, 2, 4, 5, 4, 4, 2, 5, 5, 4, 5, 3, 2, 5, 4, 4, 5, 5, 3, 5, 2, 2, 3, 4, 4, 5, 5]"
obtainable,3.1818,1.0858,33,"[2, 3, 4, 3, 1, 4, 4, 3, 2, 3, 4, 2, 3, 4, 3, 4, 3, 3, 1, 1, 4, 4, 4, 4, 4, 4, 4, 1, 4, 5, 2, 4, 4]"
okra,2.3793,1.0959,29,"[4, 3, 3, 4, 2, 1, 1, 3, 3, 1, 1, 3, 1, 3, 2, 1, 5, 3, 2, 3, 3, 1, 3, 1, 3, 3, 1, 2, 3]"
onyx,2.8966,0.9227,29,"[4, 3, 3, 3, 4, 1, 1, 3, 3, 3, 4, 3, 3, 3, 2, 2, 2, 4, 4, 3, 4, 1, 4, 4, 3, 2, 3, 2, 3]"
overconfident,3.3793,1.0959,29,"[3, 4, 4, 2, 1, 4, 5, 4, 4, 2, 4, 3, 3, 4, 4, 3, 3, 2, 3, 4, 3, 5, 3, 1, 5, 4, 4, 2, 5]"
overt,3.0345,0.9643,29,"[1, 3, 2, 4, 4, 1, 3, 3, 3, 4, 3, 2, 1, 4, 2, 3, 3, 4, 5, 3, 3, 3, 3, 3, 4, 3, 3, 4, 4]"
painstaking,3.1,1.2207,30,"[5, 3, 4, 2, 4, 2, 4, 4, 4, 2, 1, 4, 2, 1, 3, 3, 4, 2, 4, 4, 4, 4, 1, 4, 4, 2, 4, 1, 5, 2]"
paltry,2.2121,0.9772,33,"[2, 3, 2, 3, 3, 2, 4, 1, 1, 1, 2, 2, 4, 2, 3, 1, 3, 3, 2, 4, 2, 1, 1, 2, 3, 4, 2, 1, 3, 1, 2, 1, 2]"
paper,2.0913,1.0021,241,"[4, 3, 1, 3, 2, 1, 3, 3, 4, 3, 3, 3, 4, 1, 3, 1, 1, 1, 2, 3, 3, 4, 1, 2, 3, 1, 2, 3, 1, 2, 1, 2, 1, 1, 2, 1, 1, 1, 4, 1, 1, 2, 3, 3, 1, 3, 1, 3, 3, 1, 1, 1, 1, 1, 3, 3, 2, 2, 2, 1, 3, 1, 2, 3, 3, 1, 3, 3, 3, 5, 2, 2, 2, 3, 1, 1, 3, 2, 3, 3, 1, 2, 2, 1, 3, 3, 2, 1, 1, 1, 3, 3, 3, 4, 1, 1, 3, 3, 2, 1, 3, 1, 3, 2, 1, 2, 2, 3, 3, 3, 2, 3, 1, 1, 3, 3, 1, 2, 3, 1, 1, 1, 3, 2, 1, 1, 3, 4, 1, 3, 1, 1, 3, 3, 2, 2, 4, 1, 1, 1, 1, 2, 1, 1, 3, 1, 3, 1, 1, 3, 2, 2, 3, 2, 4, 2, 1, 1, 3, 3, 3, 4, 2, 3, 1, 3, 3, 1, 2, 2, 2, 1, 1, 4, 4, 3, 1, 1, 1, 1, 3, 1, 1, 3, 1, 1, 1, 1, 3, 1, 4, 1, 3, 3, 2, 2, 3, 3, 1, 4, 2, 2, 3, 1, 1, 3, 1, 2, 3, 3, 3, 2, 1, 1, 2, 2, 2, 4, 3, 3, 1, 1, 2, 3, 2, 1, 1, 2, 1, 1, 1, 2, 3, 2, 3, 1, 4, 2, 1, 2, 3]"
parasailing,4.1,1.044,30,"[4, 5, 4, 5, 5, 1, 4, 5, 4, 4, 5, 4, 4, 5, 4, 4, 4, 1, 4, 4, 5, 4, 5, 5, 4, 5, 4, 4, 5, 2]"
parmesan cheese,2.931,1.112,29,"[5, 4, 4, 3, 3, 1, 1, 3, 3, 4, 3, 3, 2, 3, 1, 1, 5, 2, 4, 3, 4, 2, 2, 4, 3, 4, 3, 2, 3]"
parsley,2.4333,0.9551,30,"[1, 3, 3, 1, 2, 3, 3, 3, 2, 1, 3, 5, 1, 3, 3, 3, 2, 3, 2, 4, 1, 1, 2, 3, 2, 3, 3, 2, 3, 2]"
peaceful,2.0333,1.3034,30,"[2, 3, 1, 5, 5, 2, 2, 3, 3, 3, 1, 2, 1, 1, 1, 2, 1, 1, 1, 1, 5, 1, 1, 2, 1, 1, 4, 1, 1, 3]"
pearl,3.4138,1.1895,29,"[1, 4, 2, 2, 4, 2, 4, 3, 5, 3, 5, 5, 1, 4, 3, 2, 4, 4, 5, 3, 4, 5, 3, 5, 2, 4, 4, 3, 3]"
peek-a-boo,3.4667,1.0873,30,"[2, 4, 4, 5, 1, 4, 3, 3, 2, 2, 4, 3, 3, 5, 4, 3, 5, 2, 3, 3, 4, 5, 3, 4, 5, 3, 2, 4, 5, 4]"
penny loafers,1.9333,0.7717,30,"[2, 2, 3, 2, 2, 3, 3, 1, 2, 1, 1, 2, 1, 2, 2, 1, 2, 2, 2, 1, 4, 1, 2, 3, 1, 2, 2, 1, 2, 3]"
placid,1.6333,0.9826,30,"[1, 2, 1, 1, 1, 1, 4, 1, 3, 1, 1, 1, 1, 3, 1, 3, 1, 1, 3, 1, 1, 2, 1, 1, 4, 1, 1, 2, 3, 1]"
plastic,2.1765,1.0424,34,"[3, 2, 4, 2, 2, 1, 4, 2, 1, 1, 3, 3, 3, 4, 2, 2, 1, 3, 3, 1, 1, 3, 2, 1, 1, 4, 1, 3, 1, 3, 1, 1, 3, 2]"
platinum,3.6207,1.1571,29,"[1, 1, 2, 4, 5, 4, 5, 3, 3, 4, 4, 4, 2, 4, 3, 3, 4, 3, 5, 3, 5, 5, 4, 5, 4, 4, 5, 4, 2]"
plucky,3.1,1.044,30,"[4, 3, 2, 3, 3, 1, 4, 3, 4, 4, 3, 2, 4, 4, 4, 1, 4, 4, 4, 4, 3, 3, 4, 3, 2, 4, 4, 3, 1, 1]"
poker,3.8966,0.9227,29,"[2, 4, 5, 4, 4, 4, 5, 4, 2, 5, 4, 4, 4, 4, 3, 5, 4, 4, 1, 3, 4, 4, 5, 4, 4, 5, 4, 4, 4]"
poor,2.1724,0.985,29,"[1, 3, 2, 3, 4, 1, 1, 3, 3, 3, 4, 2, 1, 1, 1, 1, 2, 4, 2, 3, 3, 2, 1, 2, 2, 1, 3, 2, 2]"
pork,2.8667,0.9911,30,"[4, 2, 3, 5, 2, 1, 2, 4, 3, 2, 4, 2, 3, 3, 1, 3, 3, 2, 4, 3, 4, 3, 1, 3, 3, 3, 4, 3, 4, 2]"
posttraumatic stress disorder,3.2667,1.5041,30,"[3, 5, 5, 5, 2, 1, 4, 3, 5, 5, 2, 2, 4, 4, 3, 1, 4, 5, 3, 5, 2, 3, 5, 2, 1, 5, 2, 5, 1, 1]"
powerful,4.3,1.0376,30,"[4, 4, 4, 5, 1, 4, 5, 5, 3, 5, 5, 5, 4, 4, 4, 5, 5, 5, 4, 5, 5, 5, 5, 4, 5, 5, 4, 4, 1, 5]"
productive,3.5333,1.147,30,"[2, 3, 2, 4, 1, 4, 2, 4, 3, 5, 5, 4, 4, 4, 3, 5, 2, 4, 3, 3, 3, 4, 4, 4, 5, 5, 5, 4, 1, 4]"
protective,3.4333,1.0546,30,"[4, 3, 2, 5, 4, 4, 2, 1, 4, 2, 5, 5, 4, 3, 4, 4, 4, 5, 2, 2, 4, 2, 4, 4, 3, 4, 4, 3, 3, 3]"
protozoa,2.6207,0.9253,29,"[3, 3, 3, 3, 3, 1, 1, 3, 1, 1, 4, 3, 1, 3, 2, 2, 3, 3, 4, 3, 4, 3, 2, 3, 3, 2, 2, 4, 3]"
psychedelic,4.3667,0.752,30,"[3, 5, 4, 5, 5, 4, 5, 4, 5, 5, 5, 5, 3, 5, 4, 4, 4, 5, 4, 5, 4, 4, 5, 2, 5, 5, 4, 5, 4, 4]"
pudding,2.7,1.159,30,"[3, 5, 1, 4, 4, 3, 4, 3, 3, 1, 2, 2, 1, 3, 2, 4, 2, 5, 3, 2, 4, 4, 2, 3, 1, 2, 2, 1, 2, 3]"
purple,2.8214,0.8886,28,"[2, 3, 3, 4, 4, 3, 1, 3, 2, 3, 4, 3, 2, 3, 2, 1, 3, 3, 1, 3, 3, 2, 4, 3, 4, 3, 4, 3]"
quarrelsome,3.5172,1.1925,29,"[1, 2, 4, 2, 4, 2, 5, 5, 4, 5, 2, 2, 2, 4, 2, 5, 4, 4, 2, 4, 4, 4, 4, 4, 4, 3, 5, 5, 4]"
quartz,2.7667,0.9551,30,"[3, 2, 2, 3, 1, 2, 3, 3, 4, 4, 3, 2, 3, 3, 3, 3, 1, 3, 3, 3, 2, 2, 4, 3, 4, 4, 2, 2, 5, 1]"
queasy,2.9,1.3,30,"[3, 2, 4, 4, 1, 2, 5, 2, 4, 5, 1, 5, 3, 2, 4, 1, 2, 4, 1, 4, 2, 4, 4, 3, 1, 2, 2, 4, 4, 2]"
questionable,3.0,1.0328,30,"[4, 3, 1, 2, 3, 3, 3, 3, 4, 2, 2, 5, 1, 2, 2, 4, 4, 2, 4, 4, 4, 3, 2, 4, 5, 3, 2, 3, 3, 3]"
quick,3.7667,0.9894,30,"[4, 4, 4, 4, 4, 4, 4, 5, 5, 3, 5, 2, 4, 4, 4, 5, 3, 4, 3, 4, 4, 5, 4, 5, 4, 2, 3, 1, 2, 4]"
quiet,1.6846,1.0021,241,"[4, 1, 1, 3, 1, 1, 1, 1, 2, 1, 3, 2, 4, 1, 2, 1, 1, 2, 2, 1, 2, 5, 1, 2, 2, 1, 2, 2, 2, 4, 1, 1, 1, 1, 2, 1, 1, 1, 4, 1, 1, 1, 1, 1, 1, 1, 1, 1, 3, 2, 1, 1, 1, 1, 3, 1, 1, 1, 1, 1, 2, 3, 1, 2, 2, 1, 2, 3, 2, 1, 1, 2, 1, 1, 1, 3, 1, 1, 1, 1, 4, 1, 1, 2, 1, 1, 4, 2, 1, 2, 1, 3, 1, 2, 4, 1, 1, 1, 2, 1, 1, 3, 1, 1, 1, 1, 1, 3, 2, 3, 1, 2, 1, 1, 3, 1, 2, 1, 1, 1, 1, 1, 1, 2, 1, 1, 1, 2, 5, 4, 3, 1, 1, 1, 1, 1, 4, 1, 1, 3, 1, 1, 1, 1, 1, 1, 1, 1, 1, 3, 1, 2, 2, 1, 3, 3, 1, 1, 2, 2, 3, 4, 1, 2, 1, 1, 1, 1, 2, 1, 1, 1, 1, 4, 3, 4, 1, 2, 1, 1, 1, 1, 1, 3, 1, 2, 1, 2, 1, 5, 3, 3, 1, 1, 4, 2, 1, 4, 2, 3, 2, 1, 1, 1, 1, 2, 1, 2, 2, 1, 1, 1, 2, 2, 1, 3, 2, 1, 3, 1, 1, 2, 1, 2, 1, 2, 1, 2, 4, 1, 1, 3, 1, 1, 1, 1, 5, 2, 1, 1, 1]"
rabid,3.7931,1.323,29,"[4, 3, 4, 5, 5, 4, 4, 1, 3, 5, 2, 4, 1, 1, 4, 4, 4, 4, 5, 4, 1, 4, 5, 5, 4, 5, 5, 5, 5]"
rabies,3.2667,1.5261,30,"[4, 4, 4, 4, 2, 1, 5, 4, 5, 4, 1, 1, 2, 5, 4, 1, 4, 5, 4, 4, 1, 4, 5, 5, 2, 5, 2, 4, 1, 1]"
racing,4.5333,0.763,30,"[3, 5, 5, 5, 2, 4, 5, 5, 3, 5, 5, 5, 5, 4, 5, 4, 5, 5, 5, 4, 5, 4, 4, 5, 5, 5, 5, 5, 4, 5]"
racquetball,3.9667,1.1686,30,"[2, 4, 4, 4, 1, 4, 4, 5, 3, 5, 5, 5, 5, 2, 1, 3, 5, 5, 4, 4, 4, 4, 4, 5, 5, 4, 5, 5, 3, 5]"
racy,4.3333,0.5963,30,"[4, 4, 5, 5, 4, 4, 3, 5, 4, 4, 5, 4, 4, 4, 5, 5, 3, 4, 4, 4, 5, 4, 5, 5, 5, 4, 5, 4, 4, 5]"
radium,3.0345,0.9278,29,"[2, 2, 3, 3, 3, 2, 1, 3, 3, 2, 4, 3, 3, 3, 1, 3, 2, 4, 4, 3, 4, 5, 4, 4, 3, 4, 3, 4, 3]"
ragged,2.9667,1.1968,30,"[3, 3, 3, 2, 1, 5, 5, 4, 3, 4, 5, 4, 2, 2, 1, 3, 4, 3, 2, 4, 1, 2, 4, 3, 2, 1, 2, 4, 4, 3]"
ready,3.3793,0.7617,29,"[3, 4, 3, 4, 3, 5, 3, 4, 3, 4, 3, 4, 3, 3, 3, 1, 3, 4, 3, 4, 4, 4, 3, 4, 3, 4, 3, 2, 4]"
real,3.0,0.871,29,"[1, 3, 3, 3, 3, 1, 3, 3, 4, 3, 2, 3, 3, 3, 1, 4, 4, 3, 5, 3, 3, 3, 3, 3, 3, 3, 4, 4, 3]"
receptive,3.1333,0.9911,30,"[3, 3, 1, 4, 1, 4, 3, 3, 4, 4, 4, 4, 4, 3, 4, 4, 3, 4, 2, 2, 4, 1, 2, 4, 3, 4, 2, 4, 3, 3]"
reflective,2.5333,0.9568,30,"[3, 3, 2, 2, 1, 1, 2, 3, 3, 2, 3, 2, 4, 2, 3, 1, 3, 2, 3, 2, 3, 5, 1, 2, 2, 3, 2, 3, 4, 4]"
relaxing,1.8621,1.3058,29,"[1, 1, 1, 1, 3, 1, 1, 2, 5, 2, 5, 2, 3, 2, 1, 1, 1, 4, 1, 1, 5, 1, 1, 2, 1, 2, 1, 1, 1]"
relish,3.2333,1.116,30,"[4, 4, 2, 4, 5, 1, 4, 3, 4, 5, 4, 3, 3, 3, 4, 1, 4, 4, 2, 4, 3, 3, 3, 4, 4, 1, 4, 3, 3, 1]"
remarkable,3.8,0.8327,30,"[5, 3, 2, 4, 4, 4, 4, 3, 4, 4, 5, 5, 4, 5, 4, 4, 4, 4, 4, 4, 4, 2, 5, 3, 4, 4, 4, 2, 3, 3]"
repulsive,3.2,1.5144,30,"[4, 1, 5, 1, 4, 1, 4, 5, 5, 4, 5, 2, 5, 4, 5, 5, 1, 2, 3, 2, 2, 4, 1, 2, 4, 1, 2, 4, 3, 5]"
reputable,2.8276,1.1765,29,"[2, 1, 2, 2, 1, 3, 5, 2, 5, 1, 2, 3, 4, 3, 4, 2, 3, 3, 3, 2, 2, 3, 3, 5, 5, 2, 4, 2, 3]"
reputed,2.8667,1.2311,30,"[2, 3, 3, 1, 1, 4, 4, 3, 3, 4, 4, 2, 3, 3, 1, 5, 4, 3, 3, 1, 1, 2, 5, 3, 5, 2, 3, 4, 1, 3]"
resourceful,2.9655,1.0662,29,"[1, 1, 2, 4, 4, 2, 3, 3, 1, 2, 3, 5, 4, 3, 3, 2, 4, 4, 1, 3, 3, 3, 4, 4, 3, 4, 4, 3, 3]"
responsive,3.4333,0.8825,30,"[2, 3, 2, 5, 3, 4, 4, 2, 4, 3, 4, 4, 4, 4, 3, 4, 3, 4, 4, 4, 2, 3, 4, 4, 4, 4, 2, 2, 5, 3]"
rhodium,2.6552,0.9922,29,"[4, 3, 3, 2, 4, 1, 1, 3, 2, 2, 1, 3, 3, 3, 2, 1, 2, 3, 4, 3, 4, 1, 2, 3, 3, 4, 3, 4, 3]"
riveting,4.3667,0.875,30,"[4, 5, 4, 4, 1, 5, 5, 5, 3, 5, 3, 5, 5, 4, 4, 4, 5, 5, 4, 4, 5, 4, 5, 5, 5, 4, 5, 5, 4, 5]"
root beer,3.2069,0.9606,29,"[3, 5, 4, 4, 4, 4, 1, 3, 4, 3, 2, 3, 3, 3, 2, 2, 5, 3, 5, 3, 4, 3, 2, 3, 3, 4, 3, 2, 3]"
rosemary,2.8,1.0456,30,"[2, 3, 3, 4, 3, 4, 4, 3, 3, 2, 4, 2, 2, 3, 3, 4, 3, 1, 3, 1, 4, 4, 3, 2, 1, 5, 2, 1, 2, 3]"
rotavirus,3.1667,1.3187,30,"[2, 3, 3, 4, 1, 3, 5, 3, 4, 5, 1, 4, 1, 2, 3, 3, 4, 5, 4, 2, 4, 4, 5, 4, 1, 1, 2, 3, 4, 5]"
rubidium,2.5862,1.0006,29,"[4, 3, 3, 3, 2, 1, 1, 3, 3, 1, 3, 3, 3, 3, 1, 1, 3, 3, 4, 3, 4, 1, 2, 1, 3, 4, 3, 3, 3]"
rum,3.8333,0.8596,30,"[4, 4, 1, 5, 4, 3, 3, 3, 4, 4, 4, 5, 3, 3, 4, 4, 4, 3, 5, 3, 4, 5, 5, 3, 4, 4, 4, 4, 5, 4]"
running shoes,3.2667,0.9978,30,"[4, 2, 3, 4, 3, 1, 2, 1, 3, 4, 4, 4, 4, 4, 3, 1, 4, 3, 3, 3, 4, 4, 5, 4, 4, 3, 3, 4, 4, 3]"
ruthless,3.7667,0.9894,30,"[4, 4, 4, 4, 2, 1, 5, 4, 5, 5, 4, 5, 3, 3, 4, 3, 5, 5, 4, 4, 2, 3, 4, 4, 4, 4, 4, 4, 4, 2]"
saffron,2.7,1.1,30,"[2, 2, 1, 4, 4, 2, 3, 3, 4, 1, 4, 2, 1, 4, 3, 2, 4, 2, 2, 1, 4, 4, 2, 3, 4, 3, 3, 1, 2, 4]"
sage,2.5172,1.0042,29,"[3, 3, 3, 3, 5, 1, 3, 3, 3, 4, 2, 2, 2, 1, 3, 1, 3, 2, 4, 4, 1, 2, 3, 2, 2, 2, 2, 1, 3]"
samarium,2.5862,0.9291,29,"[1, 3, 3, 3, 4, 1, 1, 3, 2, 3, 3, 3, 3, 3, 1, 3, 3, 3, 4, 3, 2, 1, 2, 1, 3, 4, 3, 3, 3]"
same,2.4333,0.9551,30,"[4, 3, 1, 1, 3, 1, 3, 1, 3, 3, 3, 3, 4, 2, 3, 1, 3, 1, 2, 2, 3, 3, 1, 3, 3, 3, 3, 3, 1, 3]"
sandpaper,2.2069,0.924,29,"[1, 3, 1, 1, 3, 3, 1, 2, 2, 2, 2, 2, 2, 2, 4, 1, 4, 1, 3, 3, 1, 2, 3, 2, 2, 2, 2, 4, 3]"
sangria,3.5517,1.0368,29,"[5, 3, 4, 4, 4, 4, 3, 3, 4, 3, 4, 5, 4, 4, 2, 2, 5, 3, 5, 3, 4, 4, 2, 1, 2, 3, 4, 5, 4]"
scattered,2.8667,1.0242,30,"[4, 3, 2, 2, 1, 4, 3, 3, 3, 1, 3, 3, 2, 3, 1, 1, 3, 3, 2, 3, 2, 3, 5, 4, 4, 3, 3, 4, 4, 4]"
scrawny,2.1,0.9781,30,"[3, 1, 3, 1, 4, 2, 3, 3, 2, 2, 2, 2, 1, 4, 4, 2, 2, 1, 3, 1, 2, 1, 1, 3, 1, 2, 1, 1, 2, 3]"
screeching,3.7,1.394,30,"[4, 4, 4, 4, 1, 5, 3, 3, 5, 1, 4, 4, 4, 5, 1, 1, 5, 5, 5, 2, 2, 5, 5, 5, 5, 4, 4, 4, 5, 2]"
seasonal affective disorder,2.1471,1.1914,34,"[1, 2, 2, 2, 1, 1, 1, 1, 1, 3, 4, 4, 2, 4, 4, 2, 1, 3, 2, 1, 5, 1, 1, 1, 2, 4, 1, 2, 2, 2, 1, 2, 3, 4]"
seaweed,1.8621,0.8992,29,"[1, 1, 1, 2, 2, 1, 3, 3, 1, 2, 2, 3, 1, 2, 3, 1, 2, 4, 1, 2, 1, 3, 3, 1, 1, 1, 2, 3, 1]"
separate,2.7,0.781,30,"[4, 2, 3, 2, 3, 1, 3, 3, 2, 3, 3, 3, 3, 3, 2, 1, 3, 2, 2, 2, 3, 3, 2, 4, 3, 4, 3, 4, 3, 2]"
serious,3.1429,1.2454,28,"[1, 1, 4, 4, 4, 1, 4, 2, 4, 3, 3, 4, 4, 3, 1, 2, 4, 3, 4, 2, 4, 2, 5, 4, 5, 5, 3, 2]"
sexy,4.6207,0.5517,29,"[5, 5, 5, 4, 3, 4, 5, 5, 5, 5, 5, 5, 4, 5, 4, 5, 5, 4, 5, 5, 4, 5, 4, 4, 5, 5, 5, 4, 5]"
shaky,3.1,1.0755,30,"[3, 4, 3, 1, 3, 4, 3, 3, 4, 2, 3, 2, 2, 2, 2, 4, 5, 4, 4, 4, 4, 2, 1, 4, 4, 2, 2, 4, 5, 3]"
sharp,3.5,0.9916,30,"[4, 4, 4, 1, 4, 4, 3, 5, 4, 2, 3, 4, 2, 5, 5, 4, 4, 4, 4, 4, 3, 4, 2, 4, 4, 4, 2, 2, 3, 3]"
shears,2.6667,1.075,30,"[1, 4, 1, 1, 2, 2, 3, 4, 4, 1, 4, 4, 3, 3, 3, 3, 2, 3, 4, 3, 4, 1, 3, 4, 1, 2, 2, 3, 2, 3]"
shivering,3.0333,1.0483,30,"[1, 4, 2, 2, 4, 3, 3, 2, 4, 2, 1, 4, 4, 2, 2, 4, 4, 4, 4, 3, 3, 5, 2, 4, 3, 2, 3, 4, 4, 2]"
shoelaces,2.0,1.0,30,"[1, 3, 1, 1, 1, 2, 3, 3, 1, 1, 3, 2, 2, 4, 3, 3, 1, 3, 1, 3, 1, 1, 2, 3, 1, 2, 1, 2, 1, 4]"
shower gel,2.4,1.0198,30,"[3, 3, 2, 1, 3, 1, 2, 1, 2, 2, 3, 4, 4, 3, 2, 1, 1, 4, 2, 3, 3, 4, 2, 2, 2, 1, 3, 3, 1, 4]"
shrill,3.4706,1.1437,34,"[5, 2, 4, 4, 3, 3, 4, 1, 2, 4, 5, 4, 2, 4, 4, 2, 1, 4, 5, 4, 4, 4, 4, 4, 4, 4, 1, 2, 4, 4, 3, 4, 4, 5]"
silicon,2.7059,1.0989,34,"[3, 3, 5, 3, 1, 3, 4, 1, 1, 1, 3, 3, 3, 3, 2, 2, 1, 3, 3, 5, 2, 3, 2, 3, 2, 4, 1, 3, 5, 3, 3, 2, 3, 3]"
silver,3.5862,0.8102,29,"[4, 4, 3, 4, 2, 3, 3, 3, 4, 3, 4, 3, 4, 4, 2, 4, 4, 3, 2, 3, 4, 5, 4, 4, 4, 4, 5, 5, 3]"
sisterly,2.4643,0.9813,28,"[1, 1, 2, 2, 3, 1, 1, 4, 1, 2, 4, 3, 3, 3, 4, 3, 3, 4, 3, 1, 3, 3, 2, 3, 3, 2, 2, 2]"
skateboarding,4.2333,0.9551,30,"[3, 5, 5, 4, 3, 3, 5, 5, 3, 5, 5, 5, 5, 4, 1, 3, 5, 5, 4, 4, 4, 4, 5, 5, 4, 5, 5, 4, 4, 5]"
skiing,4.1,0.7461,30,"[3, 4, 4, 5, 4, 4, 4, 4, 4, 4, 4, 5, 4, 5, 4, 4, 5, 4, 4, 4, 5, 2, 5, 5, 4, 4, 4, 4, 5, 2]"
skittish,3.1212,1.2734,33,"[5, 2, 4, 3, 3, 4, 3, 1, 1, 4, 5, 2, 4, 4, 4, 1, 3, 4, 2, 4, 4, 4, 4, 4, 4, 1, 2, 1, 3, 1, 4, 3, 5]"
sleepy,1.7241,0.9058,29,"[1, 3, 1, 2, 4, 1, 1, 1, 2, 1, 1, 2, 1, 1, 2, 1, 1, 3, 2, 2, 2, 2, 2, 3, 1, 4, 1, 1, 1]"
small,2.1333,0.8459,30,"[4, 2, 1, 2, 3, 1, 2, 1, 2, 2, 2, 2, 4, 1, 3, 1, 2, 2, 2, 3, 2, 2, 1, 2, 3, 3, 2, 3, 1, 3]"
smart,4.0333,0.9123,30,"[5, 5, 5, 4, 4, 4, 4, 4, 4, 4, 5, 4, 4, 4, 3, 5, 5, 4, 2, 4, 4, 4, 5, 3, 4, 5, 5, 1, 3, 4]"
smog,2.1724,1.0527,29,"[1, 2, 1, 2, 4, 1, 1, 3, 3, 1, 3, 1, 3, 2, 2, 1, 4, 4, 1, 3, 2, 2, 1, 2, 3, 1, 3, 4, 2]"
sneakers,2.5333,0.9568,30,"[2, 2, 1, 3, 3, 3, 4, 4, 3, 2, 3, 2, 2, 3, 4, 4, 3, 1, 2, 1, 2, 3, 3, 3, 1, 4, 2, 1, 2, 3]"
sneaky,3.7667,0.9894,30,"[3, 4, 4, 4, 1, 5, 5, 4, 3, 5, 5, 4, 4, 2, 4, 4, 5, 3, 4, 3, 5, 4, 4, 4, 4, 2, 2, 4, 4, 4]"
soccer,3.3103,1.1478,29,"[1, 3, 4, 2, 4, 1, 1, 3, 4, 3, 4, 4, 3, 3, 2, 5, 4, 3, 2, 3, 4, 4, 4, 3, 4, 5, 5, 5, 3]"
soup,2.3667,0.9481,30,"[2, 2, 4, 4, 2, 2, 3, 3, 4, 1, 2, 2, 3, 1, 1, 3, 1, 2, 2, 2, 4, 1, 3, 2, 2, 2, 4, 2, 2, 3]"
spectacular,4.4667,0.6182,30,"[3, 4, 5, 5, 5, 5, 4, 4, 5, 4, 5, 5, 4, 5, 4, 3, 5, 5, 4, 5, 5, 4, 5, 5, 4, 4, 4, 5, 4, 5]"
speed skating,4.1333,0.763,30,"[4, 4, 4, 5, 4, 5, 4, 4, 4, 4, 5, 4, 2, 5, 4, 4, 5, 5, 4, 4, 4, 2, 5, 5, 4, 5, 3, 4, 4, 4]"
spice,3.7241,0.7833,29,"[5, 3, 4, 4, 4, 2, 4, 3, 4, 4, 4, 4, 2, 4, 2, 4, 5, 4, 4, 4, 4, 3, 3, 3, 4, 5, 4, 4, 4]"
spiky,3.5667,0.8439,30,"[4, 4, 4, 4, 4, 4, 4, 4, 4, 4, 4, 2, 4, 4, 3, 3, 4, 4, 3, 4, 2, 5, 4, 4, 4, 4, 3, 3, 1, 2]"
spinach,2.2121,0.9772,33,"[2, 2, 2, 3, 3, 1, 3, 1, 1, 1, 3, 3, 4, 2, 4, 1, 3, 3, 1, 2, 3, 2, 1, 1, 3, 1, 2, 4, 3, 3, 2, 1, 2]"
spiritual,3.1379,1.2791,29,"[1, 4, 4, 4, 3, 3, 4, 1, 4, 2, 3, 1, 3, 3, 2, 2, 4, 4, 1, 4, 4, 4, 5, 1, 5, 4, 5, 2, 4]"
spiteful,3.6667,1.1353,30,"[4, 4, 4, 4, 3, 5, 2, 4, 4, 5, 1, 4, 4, 2, 4, 3, 4, 5, 4, 4, 5, 4, 5, 4, 4, 2, 2, 4, 1, 5]"
spotted,2.6207,0.9253,29,"[1, 1, 4, 3, 4, 2, 2, 3, 2, 3, 3, 3, 2, 3, 3, 3, 3, 2, 1, 3, 2, 3, 4, 2, 1, 4, 2, 3, 4]"
sprouts,2.4,1.1719,30,"[3, 1, 1, 4, 4, 1, 2, 3, 4, 1, 4, 2, 3, 3, 1, 1, 3, 2, 1, 4, 3, 1, 2, 4, 2, 3, 1, 4, 1, 3]"
squalid,2.6897,1.2623,29,"[4, 1, 4, 3, 2, 2, 2, 4, 5, 1, 1, 4, 4, 2, 3, 4, 5, 2, 1, 3, 4, 4, 2, 2, 2, 1, 3, 1, 2]"
square,2.0667,0.9286,30,"[1, 3, 1, 3, 1, 3, 3, 3, 1, 1, 2, 3, 2, 2, 3, 4, 1, 2, 2, 3, 2, 1, 1, 3, 1, 1, 2, 1, 3, 3]"
squeamish,3.4,1.1719,30,"[3, 3, 4, 4, 1, 4, 4, 4, 4, 5, 1, 4, 3, 2, 4, 3, 4, 5, 1, 4, 4, 4, 5, 4, 3, 1, 4, 4, 4, 2]"
staggering,3.3529,0.9666,34,"[4, 3, 4, 3, 4, 4, 3, 3, 2, 4, 5, 4, 3, 4, 5, 2, 4, 2, 3, 2, 4, 5, 4, 3, 4, 3, 1, 3, 2, 3, 2, 4, 4, 4]"
steak sauce,2.9,0.9434,30,"[3, 3, 2, 4, 1, 2, 1, 3, 3, 3, 4, 2, 3, 3, 3, 3, 4, 3, 3, 1, 2, 2, 2, 3, 4, 4, 4, 4, 4, 4]"
stereotyped,2.6,1.1136,30,"[1, 2, 2, 1, 4, 4, 3, 3, 5, 3, 3, 2, 2, 3, 1, 1, 4, 2, 1, 2, 2, 3, 5, 3, 3, 3, 1, 3, 3, 3]"
stimulating,4.5667,0.7157,30,"[4, 4, 5, 5, 5, 5, 5, 4, 4, 2, 5, 4, 5, 5, 5, 5, 5, 5, 5, 4, 5, 5, 5, 5, 4, 5, 3, 4, 5, 5]"
stir fry,3.1333,0.9911,30,"[1, 3, 2, 4, 3, 3, 3, 5, 4, 2, 3, 4, 4, 4, 4, 2, 3, 4, 3, 2, 2, 1, 4, 3, 4, 2, 3, 4, 4, 4]"
stockings,2.9667,1.1968,30,"[3, 4, 3, 3, 4, 1, 2, 3, 3, 1, 2, 2, 4, 3, 5, 3, 2, 1, 5, 4, 5, 1, 2, 3, 3, 3, 3, 2, 5, 4]"
strong,3.9,0.8699,30,"[5, 4, 4, 4, 4, 4, 3, 4, 5, 4, 5, 3, 4, 4, 4, 5, 4, 4, 2, 2, 4, 4, 5, 3, 5, 5, 4, 3, 2, 4]"
stuttering,3.0345,1.129,29,"[1, 3, 3, 3, 5, 3, 4, 3, 1, 2, 2, 4, 1, 1, 3, 4, 3, 4, 5, 3, 2, 4, 4, 4, 3, 4, 4, 3, 2]"
succinct,2.8824,0.9931,34,"[3, 3, 4, 3, 3, 1, 4, 2, 2, 1, 2, 2, 4, 4, 3, 3, 1, 3, 3, 2, 3, 3, 3, 3, 2, 4, 5, 4, 1, 3, 4, 3, 4, 3]"
sudden,4.0,0.7785,33,"[5, 4, 4, 4, 2, 5, 4, 3, 4, 4, 5, 4, 3, 4, 3, 4, 4, 5, 5, 5, 4, 4, 4, 4, 4, 3, 2, 4, 4, 4, 4, 5, 5]"
suitable,2.6667,0.83,30,"[1, 3, 1, 3, 3, 3, 3, 3, 3, 2, 3, 4, 3, 4, 3, 3, 3, 3, 2, 3, 1, 1, 2, 3, 2, 4, 3, 2, 3, 3]"
sulfur,2.4828,1.1925,29,"[1, 1, 2, 4, 3, 1, 1, 3, 1, 4, 2, 5, 1, 3, 3, 2, 2, 2, 1, 3, 2, 2, 4, 4, 1, 3, 4, 3, 4]"
sweet,3.6333,1.1968,30,"[4, 4, 4, 5, 5, 4, 3, 4, 4, 2, 1, 2, 5, 3, 1, 2, 1, 4, 4, 4, 5, 5, 4, 4, 4, 4, 5, 4, 4, 4]"
sweet peas,2.5667,0.9195,30,"[1, 3, 4, 3, 1, 3, 3, 3, 4, 3, 3, 4, 3, 2, 3, 3, 2, 3, 2, 2, 1, 1, 2, 4, 3, 3, 3, 2, 1, 2]"
swimming,3.7667,1.0858,30,"[2, 4, 4, 4, 3, 3, 4, 5, 3, 5, 5, 4, 5, 3, 3, 5, 4, 3, 5, 3, 4, 2, 5, 4, 5, 5, 4, 4, 2, 1]"
synesthesia,3.069,1.3628,29,"[1, 1, 3, 3, 5, 1, 1, 1, 3, 4, 3, 2, 5, 3, 3, 3, 4, 3, 3, 5, 5, 3, 4, 4, 1, 5, 5, 3, 2]"
synonymous,2.6,0.9522,30,"[4, 2, 1, 2, 2, 1, 3, 3, 3, 3, 4, 4, 4, 3, 3, 1, 4, 1, 3, 3, 3, 3, 1, 2, 2, 2, 3, 3, 3, 2]"
taboo,3.8276,0.9494,29,"[3, 2, 4, 4, 4, 2, 4, 3, 4, 5, 2, 5, 5, 2, 3, 3, 4, 4, 5, 4, 5, 4, 4, 5, 4, 4, 5, 4, 4]"
talkative,3.6333,1.0796,30,"[4, 3, 5, 5, 5, 4, 2, 3, 3, 1, 4, 3, 4, 4, 1, 2, 5, 4, 4, 2, 4, 4, 4, 4, 5, 4, 4, 4, 4, 4]"
tangible,3.0,0.7746,30,"[4, 3, 3, 3, 3, 2, 3, 2, 3, 3, 4, 3, 4, 4, 3, 1, 3, 1, 3, 4, 4, 4, 3, 3, 3, 2, 3, 3, 3, 3]"
tanzanite,3.0667,1.0306,30,"[4, 4, 1, 4, 3, 1, 3, 3, 3, 3, 5, 4, 4, 3, 3, 1, 2, 3, 3, 3, 3, 4, 3, 3, 3, 1, 4, 3, 3, 5]"
tartar sauce,2.3667,0.9826,30,"[3, 4, 2, 1, 3, 1, 2, 3, 1, 3, 3, 2, 4, 3, 3, 1, 4, 3, 3, 3, 3, 3, 2, 2, 1, 1, 2, 3, 1, 1]"
tasteful,3.0,1.0646,30,"[2, 2, 2, 1, 1, 4, 1, 3, 4, 1, 4, 3, 4, 4, 4, 4, 4, 3, 4, 3, 3, 2, 3, 3, 4, 4, 4, 4, 3, 2]"
telling,2.9,0.9074,30,"[1, 3, 1, 2, 3, 4, 3, 3, 3, 1, 3, 4, 4, 3, 3, 3, 3, 3, 2, 4, 3, 1, 3, 4, 4, 4, 3, 3, 3, 3]"
tempting,4.1379,0.9368,29,"[2, 2, 5, 5, 5, 4, 4, 4, 5, 4, 5, 5, 5, 2, 3, 4, 4, 3, 5, 4, 4, 5, 5, 5, 4, 4, 4, 4, 5]"
testy,3.3333,1.1192,33,"[4, 1, 4, 3, 3, 4, 5, 1, 2, 4, 4, 2, 4, 4, 4, 4, 3, 4, 2, 4, 4, 4, 4, 4, 4, 2, 2, 4, 4, 1, 2, 5, 4]"
tetanus,2.8276,1.2884,29,"[1, 4, 4, 3, 4, 4, 2, 1, 1, 2, 3, 4, 5, 1, 3, 3, 2, 3, 5, 2, 1, 3, 2, 5, 1, 4, 2, 4, 3]"
tetherball,3.1,1.0755,30,"[4, 1, 4, 4, 3, 1, 3, 4, 3, 3, 5, 4, 4, 4, 3, 1, 4, 2, 3, 4, 3, 2, 4, 4, 3, 1, 3, 3, 4, 2]"
the Appalachian Mountains,3.3793,0.9253,29,"[4, 4, 3, 4, 4, 4, 2, 3, 4, 4, 2, 4, 3, 3, 1, 5, 3, 4, 4, 3, 4, 3, 1, 4, 3, 4, 4, 4, 3]"
the Atlantic Ocean,3.2,1.1944,30,"[3, 5, 3, 4, 3, 5, 4, 5, 3, 3, 5, 2, 4, 3, 4, 1, 3, 2, 2, 1, 2, 5, 5, 3, 1, 3, 3, 3, 3, 3]"
the Atlas Mountains,3.0667,0.9978,30,"[4, 3, 4, 2, 3, 2, 2, 3, 3, 1, 2, 3, 3, 3, 1, 3, 4, 4, 2, 3, 4, 4, 3, 4, 3, 5, 4, 2, 5, 3]"
the Balkan Mountains,3.069,0.8276,29,"[1, 3, 4, 3, 4, 3, 3, 3, 2, 3, 4, 5, 3, 2, 3, 3, 3, 4, 4, 3, 4, 3, 3, 1, 3, 3, 3, 3, 3]"
the Berlin Wall,3.4,1.052,30,"[4, 3, 4, 5, 3, 1, 2, 3, 4, 5, 2, 3, 4, 4, 3, 1, 4, 5, 3, 4, 3, 3, 4, 4, 2, 3, 3, 4, 5, 4]"
the Big Ben,3.3333,0.7888,30,"[3, 3, 3, 4, 4, 3, 2, 3, 2, 2, 3, 4, 4, 4, 3, 4, 5, 5, 3, 3, 3, 3, 4, 4, 2, 4, 3, 3, 3, 4]"
the Caribbean Sea,3.7333,0.8919,30,"[4, 4, 4, 5, 4, 1, 4, 3, 4, 2, 5, 4, 4, 3, 3, 4, 5, 4, 3, 4, 4, 4, 4, 4, 3, 3, 3, 3, 5, 5]"
the Celebes Sea,3.0,1.0,28,"[1, 3, 3, 3, 4, 1, 3, 4, 3, 4, 3, 3, 3, 4, 5, 3, 3, 2, 3, 4, 1, 1, 3, 3, 4, 3, 4, 3]"
the Euphrates River,3.3939,0.9515,33,"[3, 3, 4, 4, 5, 3, 5, 2, 1, 3, 4, 3, 4, 4, 3, 4, 3, 3, 1, 4, 3, 3, 3, 4, 3, 5, 4, 5, 4, 3, 3, 3, 3]"
the Everglades,3.5667,0.6675,30,"[3, 3, 4, 5, 5, 3, 3, 4, 3, 3, 4, 5, 4, 3, 4, 3, 3, 4, 4, 3, 4, 4, 4, 3, 4, 3, 3, 3, 3, 3]"
the Ganges,3.0,1.0328,30,"[4, 4, 2, 5, 3, 1, 2, 3, 4, 3, 2, 4, 4, 4, 3, 1, 4, 5, 3, 3, 3, 4, 2, 3, 2, 3, 2, 3, 2, 2]"
the Grand Canyon,4.0303,0.7171,33,"[3, 5, 5, 4, 5, 4, 5, 4, 4, 4, 5, 4, 3, 4, 4, 4, 3, 3, 4, 5, 4, 4, 3, 5, 4, 5, 4, 5, 4, 3, 4, 3, 3]"
the Himalayas,4.1333,0.8844,30,"[4, 5, 3, 5, 3, 4, 1, 3, 4, 5, 5, 4, 4, 4, 5, 3, 5, 4, 4, 4, 4, 4, 5, 4, 5, 4, 4, 5, 5, 5]"
the Indus River,3.0294,1.0428,34,"[3, 2, 4, 4, 5, 3, 5, 2, 1, 2, 2, 2, 3, 4, 4, 3, 1, 3, 3, 2, 3, 3, 1, 3, 4, 4, 4, 4, 2, 4, 3, 4, 3, 3]"
the Java Sea,3.0667,0.9286,30,"[4, 3, 2, 5, 3, 1, 4, 3, 3, 3, 4, 4, 3, 3, 3, 1, 4, 2, 3, 3, 3, 3, 2, 3, 2, 3, 3, 3, 4, 5]"
the Nile River,3.6061,0.8856,33,"[3, 3, 4, 4, 5, 4, 5, 3, 2, 3, 5, 3, 4, 4, 4, 4, 3, 3, 1, 4, 4, 3, 3, 4, 4, 5, 4, 5, 4, 3, 3, 3, 3]"
the North Sea,3.0,1.0328,30,"[3, 5, 3, 4, 3, 3, 4, 3, 3, 2, 4, 2, 3, 3, 5, 1, 2, 3, 2, 1, 3, 4, 3, 3, 1, 3, 3, 5, 3, 3]"
the Pearl River,2.8621,1.0077,29,"[1, 3, 2, 4, 4, 1, 2, 3, 3, 3, 2, 4, 3, 4, 2, 4, 2, 3, 5, 3, 4, 2, 1, 3, 3, 4, 3, 2, 3]"
the Persian Gulf,2.8621,0.86,29,"[1, 3, 3, 2, 3, 3, 3, 3, 2, 3, 2, 4, 2, 3, 4, 3, 3, 4, 3, 3, 5, 1, 3, 3, 4, 3, 2, 3, 2]"
the Sea of Japan,3.2333,1.0225,30,"[3, 3, 2, 5, 3, 1, 3, 3, 4, 3, 4, 4, 4, 3, 3, 1, 5, 5, 3, 3, 3, 5, 2, 3, 2, 3, 3, 3, 4, 4]"
the Taj Mahal,4.069,1.0806,29,"[4, 5, 4, 5, 3, 4, 1, 3, 4, 5, 5, 4, 4, 3, 5, 3, 1, 5, 5, 4, 4, 5, 5, 4, 5, 4, 4, 5, 5]"
the Ural Mountains,2.931,1.112,29,"[1, 3, 3, 3, 2, 1, 1, 3, 4, 3, 1, 4, 3, 3, 2, 4, 3, 4, 5, 3, 4, 3, 1, 3, 3, 4, 3, 5, 3]"
therapeutic,2.1,1.1648,30,"[2, 2, 1, 2, 1, 3, 1, 1, 4, 2, 5, 2, 3, 3, 2, 4, 1, 1, 2, 1, 1, 2, 1, 2, 3, 4, 1, 4, 1, 1]"
thinkable,3.3,1.005,30,"[2, 2, 3, 3, 3, 3, 4, 3, 4, 5, 5, 4, 4, 3, 1, 5, 3, 3, 4, 3, 4, 2, 4, 2, 4, 4, 4, 4, 2, 2]"
third,2.069,0.9443,29,"[1, 1, 1, 3, 2, 1, 1, 3, 3, 2, 2, 3, 1, 3, 3, 3, 2, 2, 1, 3, 4, 1, 3, 1, 1, 3, 1, 3, 2]"
threatening,3.8621,1.074,29,"[1, 2, 4, 4, 4, 3, 4, 5, 4, 5, 5, 2, 5, 4, 2, 5, 4, 5, 2, 4, 4, 4, 4, 4, 5, 4, 5, 4, 4]"
thundering,4.1379,1.0414,29,"[1, 3, 5, 4, 4, 3, 4, 5, 4, 5, 5, 5, 4, 5, 1, 5, 4, 4, 4, 4, 4, 5, 5, 4, 5, 4, 5, 5, 4]"
tiger's eye,3.5862,0.8912,29,"[1, 3, 5, 4, 4, 2, 4, 3, 4, 4, 4, 4, 3, 3, 2, 5, 3, 4, 5, 3, 4, 4, 4, 4, 3, 4, 4, 4, 3]"
tight,3.2,0.9452,30,"[2, 4, 1, 2, 2, 3, 2, 4, 3, 2, 4, 3, 3, 3, 4, 5, 3, 3, 4, 4, 5, 4, 4, 3, 4, 3, 3, 3, 2, 4]"
timid,1.7586,0.6775,29,"[1, 3, 2, 2, 4, 1, 1, 1, 2, 2, 2, 2, 1, 2, 2, 1, 2, 2, 2, 2, 2, 2, 2, 1, 1, 2, 1, 2, 1]"
titanium,2.9655,1.0333,29,"[3, 4, 3, 3, 4, 1, 1, 3, 3, 2, 4, 3, 3, 3, 2, 1, 3, 3, 5, 3, 4, 1, 4, 2, 4, 4, 3, 4, 3]"
to accompany,2.8333,1.0028,30,"[3, 4, 4, 4, 3, 3, 3, 4, 4, 2, 2, 2, 4, 3, 3, 4, 3, 1, 2, 1, 3, 3, 2, 3, 1, 4, 4, 1, 2, 3]"
to ache,2.8333,1.1856,30,"[3, 3, 4, 1, 4, 1, 3, 4, 4, 3, 4, 4, 4, 4, 3, 1, 3, 3, 2, 2, 4, 4, 1, 4, 1, 1, 2, 1, 3, 4]"
to acquit,3.3793,0.997,29,"[1, 3, 4, 4, 4, 3, 5, 3, 3, 4, 2, 4, 2, 4, 2, 5, 3, 4, 4, 3, 3, 4, 3, 3, 3, 3, 5, 5, 2]"
to affect,3.2,0.9452,30,"[4, 3, 4, 3, 3, 4, 2, 3, 3, 3, 4, 3, 2, 3, 1, 3, 4, 4, 2, 3, 4, 5, 2, 4, 4, 3, 4, 4, 1, 4]"
to alarm,4.2333,1.116,30,"[4, 5, 5, 4, 5, 5, 3, 5, 5, 4, 5, 2, 4, 5, 5, 5, 2, 4, 4, 5, 2, 5, 5, 5, 5, 1, 5, 4, 4, 5]"
to allege,3.4667,0.8844,30,"[3, 2, 4, 4, 3, 4, 5, 4, 4, 4, 3, 4, 3, 3, 4, 3, 5, 3, 3, 3, 5, 4, 3, 3, 2, 3, 4, 4, 1, 4]"
to allot,2.5517,0.968,29,"[2, 3, 2, 2, 3, 2, 3, 3, 1, 3, 1, 2, 3, 1, 3, 4, 2, 2, 3, 4, 2, 2, 2, 4, 3, 5, 3, 1, 3]"
to allow,2.7931,0.8043,29,"[1, 3, 3, 3, 4, 1, 2, 3, 3, 3, 2, 3, 2, 3, 2, 1, 3, 3, 4, 3, 3, 3, 4, 3, 3, 3, 4, 3, 3]"
to alternate,2.6333,0.836,30,"[3, 2, 2, 2, 3, 1, 2, 2, 3, 3, 3, 3, 3, 4, 3, 1, 4, 3, 3, 2, 3, 3, 3, 4, 3, 1, 3, 3, 1, 3]"
to amass,2.6207,0.9618,29,"[1, 3, 1, 1, 2, 3, 3, 1, 4, 2, 2, 3, 2, 3, 3, 4, 4, 4, 3, 2, 2, 2, 4, 3, 4, 2, 2, 3, 3]"
to arm,3.6,0.8794,30,"[3, 4, 4, 4, 3, 1, 4, 3, 5, 4, 4, 4, 4, 4, 4, 3, 4, 4, 3, 4, 5, 3, 4, 4, 4, 5, 3, 3, 2, 2]"
to arouse,4.6,0.5538,30,"[3, 5, 5, 4, 5, 5, 5, 5, 5, 5, 4, 5, 4, 5, 5, 5, 5, 5, 4, 4, 5, 4, 4, 5, 5, 5, 5, 4, 4, 4]"
to ask,2.6207,0.8872,29,"[1, 3, 3, 4, 4, 2, 1, 3, 3, 3, 2, 3, 2, 3, 1, 2, 4, 3, 4, 3, 3, 2, 2, 1, 3, 3, 3, 2, 3]"
to assassinate,4.069,1.2847,29,"[1, 1, 5, 4, 4, 3, 5, 5, 4, 5, 5, 2, 5, 5, 1, 5, 3, 4, 4, 5, 5, 5, 4, 4, 5, 5, 5, 5, 4]"
to associate,2.8621,0.7299,29,"[1, 3, 3, 3, 3, 2, 2, 3, 2, 2, 3, 4, 4, 3, 3, 2, 3, 4, 3, 3, 4, 3, 3, 3, 2, 3, 2, 3, 4]"
to attire,2.6333,1.016,30,"[1, 2, 1, 2, 2, 4, 1, 2, 3, 1, 1, 2, 4, 3, 3, 3, 3, 3, 3, 3, 2, 2, 4, 3, 4, 4, 4, 4, 2, 3]"
to audit,2.4667,1.2037,30,"[4, 1, 1, 3, 5, 3, 3, 3, 4, 2, 1, 3, 2, 2, 1, 1, 4, 4, 1, 1, 2, 1, 4, 2, 3, 3, 3, 4, 1, 2]"
to await,2.4,1.1431,30,"[2, 2, 1, 2, 2, 4, 1, 2, 3, 1, 1, 1, 3, 2, 2, 2, 3, 5, 3, 2, 1, 2, 1, 4, 2, 4, 4, 4, 4, 2]"
to backbite,3.1724,1.3149,29,"[1, 3, 4, 4, 3, 4, 1, 2, 2, 2, 2, 3, 1, 3, 4, 3, 4, 4, 5, 4, 1, 5, 4, 5, 1, 4, 4, 4, 5]"
to backpack,3.2069,1.0299,29,"[1, 3, 4, 2, 4, 4, 4, 3, 4, 4, 1, 4, 1, 4, 2, 2, 4, 4, 2, 3, 4, 4, 4, 4, 3, 4, 3, 4, 3]"
to bandage,2.5667,1.0546,30,"[1, 3, 1, 1, 2, 4, 3, 3, 4, 2, 2, 1, 2, 1, 4, 4, 3, 3, 4, 4, 4, 2, 2, 4, 3, 2, 2, 2, 2, 2]"
to baptize,3.3667,0.9123,30,"[4, 3, 3, 4, 4, 4, 4, 2, 2, 4, 4, 2, 4, 2, 3, 4, 5, 2, 3, 4, 3, 3, 5, 5, 3, 4, 3, 3, 2, 3]"
to bare,3.6333,0.9123,30,"[3, 4, 3, 2, 4, 3, 3, 4, 3, 4, 4, 4, 5, 4, 4, 5, 2, 4, 2, 4, 5, 4, 4, 3, 5, 3, 2, 3, 5, 4]"
to bay,2.9,0.9074,30,"[3, 3, 2, 4, 1, 1, 1, 3, 3, 5, 3, 3, 3, 3, 4, 4, 2, 3, 3, 4, 3, 3, 3, 3, 4, 3, 2, 3, 2, 3]"
to beat,4.0606,1.0132,33,"[5, 3, 5, 4, 4, 5, 1, 1, 5, 5, 5, 3, 4, 4, 4, 5, 5, 3, 4, 5, 5, 4, 4, 5, 4, 3, 4, 4, 4, 4, 4, 5, 4]"
to beep,3.5,0.8851,30,"[4, 2, 4, 2, 2, 3, 4, 4, 5, 3, 5, 4, 4, 3, 3, 1, 3, 3, 3, 4, 3, 4, 4, 4, 4, 4, 4, 4, 4, 4]"
to begin,3.4667,0.9911,30,"[4, 3, 1, 4, 4, 4, 4, 3, 5, 2, 4, 4, 4, 4, 3, 4, 3, 5, 5, 3, 4, 1, 4, 4, 3, 4, 2, 3, 3, 3]"
to behave,2.5,0.9916,30,"[4, 2, 2, 1, 2, 1, 3, 2, 2, 2, 3, 3, 4, 2, 3, 1, 1, 3, 2, 2, 2, 3, 3, 2, 2, 5, 3, 2, 4, 4]"
to belch,3.1471,1.1665,34,"[5, 2, 5, 4, 3, 3, 3, 2, 2, 4, 4, 4, 3, 4, 4, 4, 1, 3, 4, 4, 4, 3, 4, 1, 4, 4, 1, 3, 4, 2, 1, 3, 1, 4]"
to bench,2.8276,1.0527,29,"[4, 4, 2, 3, 4, 3, 2, 3, 2, 4, 2, 3, 1, 3, 3, 3, 3, 4, 1, 3, 2, 3, 4, 4, 1, 5, 1, 3, 2]"
to bet,3.8333,0.9339,30,"[1, 3, 4, 4, 4, 4, 4, 5, 3, 4, 5, 5, 4, 3, 5, 4, 4, 4, 4, 3, 2, 4, 5, 4, 4, 4, 2, 4, 5, 4]"
to betray,3.5917,1.3165,240,"[4, 5, 4, 4, 2, 1, 5, 4, 5, 5, 4, 2, 4, 4, 4, 3, 4, 5, 4, 4, 1, 4, 4, 4, 2, 4, 2, 4, 1, 2, 4, 4, 5, 2, 1, 4, 5, 4, 3, 5, 1, 5, 4, 1, 4, 4, 5, 5, 2, 5, 4, 4, 5, 3, 1, 2, 4, 4, 2, 5, 4, 4, 1, 1, 1, 5, 5, 3, 5, 2, 4, 3, 4, 5, 2, 3, 5, 3, 5, 5, 1, 4, 4, 4, 5, 3, 2, 4, 5, 5, 1, 3, 4, 4, 4, 1, 5, 5, 4, 5, 5, 1, 5, 2, 2, 2, 5, 4, 1, 4, 4, 4, 4, 4, 4, 2, 5, 4, 4, 2, 4, 4, 5, 4, 4, 4, 3, 3, 4, 2, 5, 2, 4, 5, 4, 2, 5, 5, 1, 4, 2, 4, 4, 5, 4, 5, 4, 5, 2, 5, 4, 5, 4, 1, 1, 3, 4, 4, 4, 3, 5, 4, 4, 4, 4, 5, 5, 5, 4, 4, 5, 4, 1, 2, 1, 4, 1, 4, 5, 5, 5, 3, 5, 1, 4, 4, 4, 5, 5, 1, 1, 5, 4, 1, 4, 4, 4, 4, 4, 4, 5, 4, 4, 5, 4, 3, 4, 2, 4, 1, 3, 4, 5, 1, 4, 4, 3, 5, 5, 4, 5, 2, 5, 4, 4, 5, 2, 2, 2, 4, 5, 4, 1, 5, 4, 1, 5, 3, 3, 4]"
to bind,3.2759,1.2005,29,"[4, 2, 4, 2, 4, 3, 3, 5, 5, 1, 4, 4, 4, 4, 4, 5, 4, 2, 2, 3, 3, 3, 1, 5, 4, 3, 1, 2, 4]"
to blacken,2.7333,1.0306,30,"[2, 3, 4, 3, 1, 1, 4, 4, 3, 2, 1, 4, 3, 3, 1, 3, 4, 3, 3, 2, 2, 4, 4, 3, 3, 1, 4, 2, 3, 2]"
to blanch,2.4828,0.8952,29,"[1, 3, 3, 3, 4, 1, 1, 3, 2, 3, 1, 2, 3, 2, 2, 4, 3, 4, 2, 3, 3, 2, 3, 1, 3, 3, 2, 3, 2]"
to blare,3.8333,1.1856,30,"[4, 4, 4, 4, 1, 3, 4, 5, 3, 5, 4, 5, 4, 2, 1, 5, 5, 5, 4, 5, 4, 4, 4, 4, 1, 3, 5, 5, 4, 4]"
to bless,2.7667,1.2297,30,"[2, 3, 2, 3, 2, 4, 1, 2, 3, 5, 3, 2, 3, 4, 3, 5, 1, 3, 2, 1, 1, 2, 2, 2, 4, 5, 4, 4, 1, 4]"
to blindfold,3.6207,0.8475,29,"[1, 3, 4, 4, 4, 4, 4, 3, 3, 4, 4, 4, 2, 5, 3, 4, 5, 4, 4, 3, 3, 5, 4, 3, 4, 3, 4, 3, 4]"
to blister,2.8667,1.2579,30,"[1, 2, 4, 2, 4, 3, 3, 4, 3, 1, 1, 5, 4, 2, 3, 4, 4, 1, 4, 3, 5, 1, 1, 4, 3, 2, 4, 2, 4, 2]"
to bludgeon,4.2069,1.2967,29,"[1, 5, 3, 5, 5, 5, 5, 4, 5, 4, 1, 5, 4, 2, 4, 5, 5, 4, 5, 4, 1, 5, 5, 5, 5, 5, 5, 5, 5]"
to blur,2.3333,1.0435,30,"[3, 2, 1, 2, 3, 2, 3, 4, 4, 1, 2, 2, 2, 3, 1, 2, 2, 4, 1, 2, 2, 4, 4, 1, 1, 2, 3, 1, 2, 4]"
to blurt,3.3333,1.0111,30,"[3, 4, 3, 4, 2, 1, 2, 4, 4, 4, 1, 4, 4, 5, 4, 2, 5, 4, 3, 3, 3, 3, 4, 4, 3, 4, 3, 4, 4, 2]"
to board,3.2069,0.9958,29,"[2, 4, 4, 3, 5, 4, 2, 4, 4, 2, 3, 4, 3, 1, 3, 2, 4, 2, 2, 4, 2, 4, 3, 3, 3, 3, 4, 4, 5]"
to bonk,3.4828,0.8952,29,"[3, 5, 4, 3, 4, 3, 3, 4, 4, 4, 4, 3, 4, 4, 4, 5, 2, 4, 3, 2, 4, 3, 1, 4, 4, 2, 4, 3, 4]"
to boogie,4.1818,0.757,33,"[4, 4, 5, 4, 5, 5, 4, 2, 3, 4, 5, 2, 4, 4, 4, 4, 4, 4, 4, 5, 5, 4, 4, 4, 4, 4, 4, 5, 4, 5, 5, 5, 5]"
to boom,4.4333,0.8439,30,"[3, 5, 4, 5, 3, 2, 5, 5, 4, 5, 5, 4, 5, 3, 5, 5, 5, 5, 5, 5, 5, 3, 5, 5, 4, 5, 5, 4, 4, 5]"
to boss,3.5667,1.0546,30,"[1, 3, 4, 5, 3, 4, 3, 5, 4, 2, 5, 4, 2, 5, 4, 4, 4, 4, 4, 4, 1, 4, 4, 4, 4, 2, 3, 4, 4, 3]"
to bother,3.4483,1.1322,29,"[1, 3, 5, 4, 4, 4, 4, 3, 4, 4, 2, 4, 2, 2, 4, 4, 3, 4, 5, 4, 1, 4, 4, 5, 4, 5, 2, 3, 2]"
to bounce,4.0333,0.4069,30,"[4, 4, 4, 4, 3, 4, 4, 4, 5, 5, 4, 4, 4, 5, 4, 4, 4, 4, 4, 4, 4, 4, 4, 4, 4, 4, 4, 4, 4, 3]"
to box,3.1379,1.1364,29,"[1, 3, 3, 3, 4, 1, 5, 3, 3, 2, 4, 3, 1, 3, 2, 5, 5, 2, 3, 3, 2, 5, 4, 3, 4, 3, 3, 4, 4]"
to boycott,3.7667,1.0225,30,"[4, 5, 4, 3, 2, 2, 5, 5, 3, 5, 3, 4, 4, 4, 5, 3, 4, 5, 4, 4, 5, 4, 5, 4, 2, 2, 2, 4, 3, 4]"
to bridge,2.931,0.8276,29,"[2, 2, 1, 3, 4, 3, 4, 3, 3, 2, 3, 3, 3, 1, 3, 3, 3, 2, 3, 3, 2, 3, 3, 4, 3, 4, 4, 4, 4]"
to bring,2.9,1.044,30,"[2, 2, 4, 4, 5, 4, 3, 3, 3, 1, 3, 3, 1, 3, 1, 2, 3, 3, 2, 4, 4, 4, 2, 3, 4, 3, 4, 3, 1, 3]"
to broaden,3.1379,0.8189,29,"[1, 3, 3, 4, 4, 3, 4, 3, 3, 3, 2, 4, 2, 3, 2, 2, 4, 4, 4, 3, 3, 2, 4, 4, 4, 3, 3, 3, 4]"
to bruise,2.9655,1.1592,29,"[3, 4, 2, 1, 4, 3, 4, 4, 4, 1, 4, 2, 2, 1, 4, 3, 4, 2, 4, 4, 4, 1, 4, 3, 2, 2, 3, 5, 2]"
to brush,2.5667,1.0546,30,"[2, 3, 4, 2, 3, 3, 1, 1, 2, 4, 4, 1, 3, 3, 1, 4, 2, 1, 3, 3, 2, 2, 2, 3, 5, 3, 4, 2, 2, 2]"
to buck,3.4483,1.0695,29,"[1, 3, 3, 4, 3, 3, 4, 3, 3, 5, 4, 3, 3, 4, 2, 5, 4, 4, 2, 3, 3, 5, 5, 3, 4, 1, 5, 4, 4]"
to bug,3.1724,1.1468,29,"[2, 3, 4, 3, 4, 4, 4, 2, 1, 4, 2, 3, 1, 3, 4, 4, 4, 4, 4, 3, 1, 5, 4, 4, 1, 4, 4, 4, 2]"
to build,3.2414,0.9704,29,"[1, 3, 3, 3, 4, 1, 4, 3, 2, 3, 4, 4, 3, 3, 1, 4, 4, 3, 5, 3, 3, 3, 4, 3, 4, 4, 4, 4, 4]"
to bunt,3.0714,1.0667,28,"[3, 3, 3, 4, 1, 1, 3, 3, 4, 1, 5, 3, 3, 2, 2, 3, 4, 2, 3, 4, 5, 3, 3, 2, 4, 4, 4, 4]"
to burgle,3.3333,1.3499,30,"[4, 4, 1, 2, 2, 5, 4, 3, 4, 1, 5, 4, 3, 5, 1, 3, 4, 5, 4, 4, 1, 4, 2, 4, 5, 3, 1, 3, 5, 4]"
to burn,3.6333,1.2243,30,"[4, 4, 5, 1, 4, 4, 3, 5, 5, 2, 5, 2, 4, 5, 5, 5, 4, 4, 3, 3, 3, 3, 1, 5, 4, 1, 4, 4, 3, 4]"
to burr,2.5862,0.8912,29,"[1, 3, 3, 2, 4, 1, 2, 3, 2, 4, 1, 3, 3, 2, 1, 2, 3, 3, 3, 3, 3, 1, 3, 4, 3, 3, 3, 3, 3]"
to butter,2.8333,0.8975,30,"[3, 3, 2, 4, 3, 1, 2, 2, 4, 3, 3, 2, 4, 4, 3, 1, 4, 3, 3, 4, 3, 3, 2, 4, 2, 4, 2, 3, 2, 2]"
to buy,3.8276,0.9123,29,"[4, 2, 5, 5, 5, 5, 3, 4, 4, 4, 4, 3, 4, 3, 1, 4, 4, 3, 4, 3, 5, 4, 4, 4, 4, 3, 4, 4, 5]"
to cackle,3.7,0.9363,30,"[3, 3, 4, 3, 2, 4, 4, 5, 4, 5, 5, 4, 3, 3, 1, 3, 4, 5, 5, 4, 4, 2, 4, 3, 4, 4, 4, 4, 4, 4]"
to caddy,2.5333,0.8844,30,"[3, 1, 2, 3, 4, 2, 2, 3, 3, 1, 2, 2, 2, 3, 1, 1, 3, 4, 2, 3, 2, 3, 3, 4, 2, 3, 3, 4, 2, 3]"
to cage,3.1379,1.224,29,"[1, 4, 4, 1, 4, 4, 4, 5, 4, 2, 2, 1, 4, 1, 3, 4, 4, 2, 2, 4, 4, 4, 1, 4, 3, 3, 4, 4, 4]"
to calcify,2.1667,0.9339,30,"[4, 3, 2, 4, 3, 1, 2, 3, 2, 1, 2, 2, 3, 2, 2, 1, 1, 1, 3, 3, 3, 3, 1, 1, 2, 1, 2, 3, 1, 3]"
to camp,3.3103,1.1478,29,"[1, 3, 4, 4, 4, 4, 4, 4, 2, 4, 3, 4, 1, 3, 4, 5, 5, 4, 1, 3, 4, 4, 4, 4, 3, 3, 1, 2, 4]"
to can,2.4667,0.9568,30,"[1, 3, 1, 1, 2, 2, 3, 3, 4, 1, 1, 3, 4, 3, 3, 4, 3, 3, 2, 3, 3, 1, 2, 4, 3, 2, 2, 2, 3, 2]"
to cane,3.6061,1.0427,33,"[5, 3, 4, 3, 4, 1, 1, 2, 5, 4, 4, 3, 2, 4, 5, 4, 4, 4, 4, 4, 4, 4, 4, 5, 4, 3, 4, 2, 3, 3, 4, 4, 5]"
to canter,2.7241,1.0795,29,"[1, 4, 1, 3, 5, 2, 2, 2, 2, 2, 3, 3, 2, 3, 4, 4, 4, 4, 1, 3, 3, 3, 4, 2, 1, 2, 2, 3, 4]"
to cap,2.3667,0.875,30,"[2, 1, 1, 1, 3, 3, 3, 4, 3, 1, 3, 2, 2, 3, 2, 4, 2, 2, 3, 2, 3, 2, 3, 3, 1, 3, 3, 1, 2, 3]"
to capture,3.8667,1.1175,30,"[4, 5, 4, 4, 4, 5, 3, 5, 4, 3, 5, 4, 4, 5, 4, 5, 4, 4, 2, 3, 4, 4, 5, 5, 5, 1, 4, 1, 2, 4]"
to carry,2.7333,1.1235,30,"[2, 2, 3, 1, 1, 1, 4, 2, 3, 4, 4, 3, 3, 2, 1, 3, 1, 3, 4, 1, 4, 2, 3, 4, 2, 4, 4, 4, 4, 3]"
to cart,2.4,0.9866,30,"[2, 1, 4, 2, 3, 1, 4, 3, 4, 1, 2, 2, 2, 2, 3, 4, 2, 2, 2, 1, 3, 4, 2, 3, 1, 3, 3, 1, 2, 3]"
to castigate,3.3333,1.1353,30,"[3, 4, 3, 3, 2, 1, 4, 3, 3, 3, 3, 4, 5, 5, 1, 3, 4, 5, 1, 4, 4, 2, 4, 3, 5, 3, 4, 3, 3, 5]"
to cause,3.2,0.9092,30,"[3, 3, 1, 4, 4, 4, 3, 3, 4, 2, 3, 2, 4, 2, 3, 4, 3, 4, 4, 4, 1, 4, 4, 4, 3, 4, 3, 2, 4, 3]"
to cavort,3.4333,0.9894,30,"[4, 3, 5, 4, 4, 3, 4, 3, 4, 2, 5, 4, 4, 4, 4, 3, 3, 1, 3, 3, 4, 5, 2, 4, 4, 4, 3, 1, 3, 3]"
to cease,2.3,1.1,30,"[2, 2, 3, 1, 1, 2, 5, 1, 3, 3, 3, 3, 3, 3, 2, 4, 3, 2, 2, 1, 1, 2, 1, 3, 4, 1, 1, 2, 4, 1]"
to cede,2.6364,0.8814,33,"[3, 3, 2, 3, 3, 2, 2, 3, 1, 3, 2, 3, 4, 2, 4, 1, 3, 2, 1, 3, 3, 3, 3, 4, 4, 3, 3, 1, 3, 1, 3, 3, 3]"
to chant,3.1667,1.1571,30,"[3, 4, 2, 4, 3, 1, 2, 1, 4, 4, 4, 5, 4, 5, 2, 1, 4, 4, 4, 2, 3, 3, 5, 2, 2, 4, 3, 4, 3, 3]"
to chaperone,2.3529,1.2339,34,"[1, 4, 4, 2, 5, 1, 5, 1, 1, 2, 3, 2, 3, 4, 3, 2, 1, 3, 3, 1, 2, 3, 2, 1, 2, 4, 1, 4, 1, 2, 1, 1, 2, 3]"
to char,3.3667,0.752,30,"[3, 3, 4, 4, 4, 3, 5, 4, 3, 4, 2, 4, 3, 3, 2, 3, 4, 3, 3, 3, 2, 4, 4, 4, 3, 2, 4, 4, 3, 4]"
to charbroil,3.5,1.0361,34,"[3, 4, 4, 2, 5, 4, 5, 2, 2, 4, 5, 4, 3, 4, 4, 3, 4, 3, 4, 1, 2, 3, 3, 4, 2, 4, 3, 2, 5, 4, 4, 4, 5, 4]"
to charter,3.0,1.0646,30,"[3, 4, 1, 2, 3, 1, 2, 3, 3, 3, 3, 4, 4, 4, 3, 1, 4, 4, 3, 4, 3, 4, 1, 4, 3, 4, 3, 4, 4, 1]"
to chat,3.3333,0.9068,30,"[3, 3, 3, 4, 3, 4, 4, 4, 4, 2, 4, 5, 2, 4, 4, 4, 3, 3, 4, 2, 2, 2, 4, 3, 4, 4, 4, 4, 1, 3]"
to chauffeur,2.4667,1.0562,30,"[4, 2, 2, 3, 3, 2, 3, 3, 2, 2, 2, 2, 1, 3, 4, 1, 3, 2, 4, 1, 4, 2, 1, 3, 1, 5, 3, 1, 2, 3]"
to chew,2.6552,0.7084,29,"[1, 3, 3, 3, 4, 2, 2, 3, 2, 3, 2, 2, 1, 3, 2, 2, 4, 3, 3, 3, 2, 3, 3, 3, 3, 3, 3, 3, 3]"
to chide,2.6333,0.9826,30,"[3, 3, 4, 1, 4, 2, 3, 3, 4, 3, 4, 2, 3, 3, 3, 2, 3, 2, 2, 3, 2, 3, 1, 4, 1, 1, 3, 1, 2, 4]"
to chill,2.3793,1.0639,29,"[1, 4, 1, 3, 4, 1, 2, 1, 3, 2, 1, 3, 3, 2, 2, 1, 3, 3, 4, 3, 3, 4, 2, 3, 2, 4, 2, 1, 1]"
to chip,2.6667,0.9428,30,"[3, 1, 3, 2, 2, 4, 4, 3, 3, 1, 2, 3, 2, 3, 1, 3, 3, 4, 2, 2, 2, 3, 2, 3, 4, 3, 4, 3, 1, 4]"
to chitchat,3.2333,1.0225,30,"[3, 1, 3, 4, 1, 4, 4, 4, 3, 5, 4, 2, 3, 3, 3, 3, 1, 3, 4, 3, 3, 2, 5, 3, 4, 4, 4, 4, 4, 3]"
to clam,2.6471,1.0256,34,"[1, 3, 4, 3, 3, 2, 4, 1, 1, 2, 3, 4, 3, 4, 4, 3, 1, 3, 4, 2, 4, 3, 1, 1, 2, 4, 3, 3, 2, 2, 3, 2, 3, 2]"
to cling,3.0588,0.9375,34,"[1, 3, 4, 3, 3, 3, 3, 3, 1, 4, 4, 2, 3, 4, 4, 4, 1, 3, 3, 3, 4, 3, 3, 4, 4, 4, 2, 4, 2, 3, 2, 2, 4, 4]"
to clump,2.1,0.9074,30,"[2, 1, 1, 1, 3, 3, 3, 2, 3, 1, 2, 2, 4, 2, 2, 2, 2, 2, 3, 1, 3, 2, 1, 3, 1, 1, 4, 1, 2, 3]"
to clutter,2.2333,1.1743,30,"[3, 2, 2, 1, 3, 2, 3, 5, 2, 2, 2, 2, 4, 4, 3, 1, 1, 1, 2, 1, 2, 4, 1, 4, 1, 1, 2, 1, 1, 4]"
to coagulate,2.2667,0.9638,30,"[1, 2, 1, 1, 1, 2, 3, 2, 1, 2, 2, 2, 2, 2, 2, 4, 2, 2, 2, 3, 5, 3, 4, 2, 4, 2, 2, 2, 3, 2]"
to coalesce,2.5667,0.9894,30,"[2, 4, 4, 2, 3, 3, 2, 3, 3, 2, 2, 2, 4, 2, 3, 4, 3, 4, 3, 1, 3, 1, 2, 1, 1, 3, 3, 1, 2, 4]"
to coast,2.5,1.0073,34,"[1, 3, 2, 3, 3, 3, 4, 2, 1, 1, 4, 2, 3, 2, 3, 3, 1, 3, 3, 1, 2, 2, 2, 1, 2, 4, 3, 3, 5, 2, 3, 2, 4, 2]"
to coexist,2.8276,0.9494,29,"[4, 3, 2, 2, 3, 2, 2, 3, 4, 2, 3, 4, 4, 4, 2, 1, 2, 3, 4, 3, 3, 3, 1, 3, 3, 1, 3, 4, 4]"
to collaborate,3.4828,0.725,29,"[4, 2, 4, 3, 4, 2, 4, 3, 2, 4, 4, 4, 4, 4, 4, 4, 4, 3, 4, 4, 3, 3, 4, 3, 4, 2, 4, 4, 3]"
to come,3.4333,1.1743,30,"[4, 4, 3, 4, 3, 1, 3, 4, 3, 1, 4, 3, 3, 5, 1, 4, 3, 3, 5, 4, 4, 5, 4, 4, 4, 5, 3, 3, 1, 5]"
to communicate,3.3793,0.8475,29,"[2, 3, 4, 4, 3, 4, 4, 4, 1, 4, 4, 3, 2, 3, 3, 4, 3, 4, 5, 4, 3, 3, 3, 4, 3, 4, 2, 4, 4]"
to comport,2.4667,0.8055,30,"[3, 3, 2, 2, 2, 2, 2, 3, 2, 2, 3, 3, 3, 2, 1, 1, 1, 3, 2, 3, 3, 1, 4, 3, 3, 3, 4, 2, 3, 3]"
to concede,2.3667,1.0483,30,"[2, 3, 5, 2, 1, 3, 2, 3, 3, 2, 3, 3, 2, 2, 1, 1, 2, 3, 1, 1, 1, 1, 4, 2, 3, 3, 4, 2, 2, 4]"
to concern,2.9667,1.0796,30,"[4, 3, 3, 1, 1, 4, 2, 3, 4, 3, 4, 3, 4, 2, 1, 1, 5, 3, 3, 2, 3, 4, 4, 3, 2, 3, 4, 4, 2, 4]"
to concoct,3.6,0.9165,30,"[3, 4, 3, 4, 4, 1, 3, 4, 4, 4, 4, 4, 4, 5, 3, 1, 4, 4, 4, 4, 4, 4, 3, 4, 4, 2, 3, 4, 4, 5]"
to condition,2.7667,0.8825,30,"[3, 2, 2, 2, 3, 2, 2, 2, 2, 3, 2, 4, 4, 4, 2, 1, 4, 2, 2, 2, 3, 3, 3, 2, 3, 4, 3, 4, 4, 4]"
to construct,3.5,0.9574,30,"[4, 3, 1, 3, 3, 4, 3, 5, 5, 4, 4, 5, 4, 4, 4, 3, 3, 3, 4, 2, 2, 4, 3, 4, 4, 4, 2, 3, 5, 3]"
to contain,2.7333,1.0306,30,"[4, 3, 2, 1, 3, 1, 3, 3, 3, 2, 2, 2, 4, 3, 3, 1, 4, 2, 1, 2, 3, 3, 1, 4, 4, 4, 3, 4, 3, 4]"
to convince,3.1471,0.7329,34,"[3, 3, 4, 3, 1, 3, 4, 3, 2, 3, 4, 2, 3, 4, 4, 4, 4, 4, 3, 2, 4, 3, 3, 3, 4, 3, 3, 3, 2, 3, 3, 3, 3, 4]"
to coo,2.6333,1.1101,30,"[2, 4, 3, 4, 4, 3, 3, 3, 2, 3, 1, 2, 1, 1, 1, 2, 4, 3, 4, 4, 2, 1, 2, 4, 4, 3, 1, 2, 2, 4]"
to corral,3.2333,1.0858,30,"[1, 3, 1, 2, 4, 4, 4, 1, 4, 2, 4, 4, 4, 3, 3, 4, 4, 4, 4, 3, 2, 4, 2, 5, 4, 4, 3, 4, 4, 2]"
to correspond,2.9667,0.9481,30,"[4, 3, 2, 3, 2, 4, 2, 1, 3, 3, 3, 4, 4, 4, 3, 1, 4, 4, 3, 3, 3, 3, 2, 4, 3, 1, 3, 4, 4, 2]"
to cost,2.9118,0.9508,34,"[3, 3, 2, 3, 3, 4, 2, 1, 1, 2, 4, 4, 3, 4, 4, 3, 1, 3, 3, 2, 4, 4, 3, 2, 4, 4, 3, 3, 2, 3, 2, 2, 4, 4]"
to cough,2.2667,1.0934,30,"[2, 3, 3, 1, 2, 3, 3, 2, 2, 1, 1, 4, 1, 1, 2, 4, 3, 1, 4, 3, 2, 1, 1, 2, 3, 2, 2, 3, 5, 1]"
to crave,4.069,0.7848,29,"[3, 3, 4, 4, 5, 3, 5, 4, 3, 4, 4, 4, 5, 3, 4, 5, 4, 4, 5, 4, 5, 4, 5, 5, 4, 5, 2, 4, 4]"
to create,4.069,0.5832,29,"[4, 4, 4, 4, 5, 4, 4, 3, 5, 4, 4, 4, 3, 5, 4, 3, 4, 5, 3, 5, 4, 5, 4, 4, 4, 4, 4, 4, 4]"
to croak,2.5333,1.2037,30,"[4, 2, 2, 1, 3, 3, 3, 3, 2, 1, 1, 5, 2, 1, 4, 4, 4, 3, 4, 3, 4, 1, 1, 4, 1, 2, 3, 2, 1, 2]"
to crop,2.8,0.9452,30,"[2, 2, 3, 1, 3, 3, 4, 2, 3, 1, 1, 3, 3, 3, 3, 4, 2, 3, 3, 3, 3, 2, 4, 3, 5, 2, 4, 2, 4, 3]"
to crowd,3.3448,0.9922,29,"[1, 3, 3, 2, 4, 1, 5, 3, 3, 4, 4, 2, 3, 3, 2, 5, 4, 4, 3, 3, 4, 3, 4, 4, 4, 4, 4, 4, 4]"
to cuckold,3.5862,1.2182,29,"[2, 3, 5, 3, 4, 1, 5, 5, 2, 4, 2, 4, 3, 5, 5, 5, 3, 4, 1, 5, 4, 2, 3, 4, 4, 4, 5, 3, 4]"
to dance,4.1379,1.1955,29,"[1, 5, 5, 5, 5, 4, 5, 5, 1, 5, 4, 4, 1, 4, 4, 5, 4, 3, 4, 4, 5, 4, 5, 5, 5, 5, 4, 4, 5]"
to darken,2.5667,0.9551,30,"[2, 4, 1, 3, 2, 2, 4, 4, 4, 2, 3, 2, 2, 1, 2, 4, 3, 4, 2, 4, 2, 2, 1, 2, 3, 3, 2, 2, 2, 3]"
to dart,3.7941,1.0787,34,"[5, 3, 4, 3, 4, 4, 3, 1, 3, 4, 5, 2, 4, 4, 5, 3, 4, 4, 4, 5, 5, 5, 4, 4, 5, 3, 1, 2, 4, 4, 5, 4, 4, 5]"
to dawdle,1.9,0.7895,30,"[2, 3, 1, 2, 4, 1, 2, 3, 2, 2, 2, 2, 1, 1, 1, 1, 2, 2, 1, 2, 1, 1, 3, 2, 2, 3, 2, 3, 1, 2]"
to dazzle,4.2759,1.0136,29,"[4, 4, 4, 5, 1, 4, 1, 5, 4, 5, 5, 5, 5, 4, 4, 4, 5, 4, 5, 5, 4, 5, 5, 4, 5, 5, 4, 5, 4]"
to de-vein,2.5333,1.0242,30,"[4, 3, 4, 2, 2, 1, 4, 3, 4, 3, 1, 2, 3, 3, 3, 1, 1, 2, 2, 3, 3, 3, 2, 4, 2, 4, 1, 3, 1, 2]"
to deck,3.2069,1.1561,29,"[1, 4, 4, 4, 4, 3, 1, 3, 1, 4, 2, 4, 2, 3, 4, 4, 4, 4, 1, 3, 4, 3, 5, 5, 3, 3, 2, 4, 4]"
to decorate,3.5667,0.9551,30,"[4, 3, 5, 4, 4, 4, 3, 3, 4, 4, 4, 5, 4, 5, 2, 3, 4, 4, 4, 2, 1, 4, 2, 4, 4, 4, 2, 4, 4, 3]"
to deem,2.5517,0.968,29,"[3, 3, 2, 2, 3, 3, 3, 3, 2, 4, 3, 2, 3, 1, 1, 1, 2, 2, 3, 2, 1, 4, 4, 2, 3, 4, 3, 1, 4]"
to defend,4.1667,0.7782,30,"[3, 3, 4, 2, 4, 5, 5, 5, 3, 5, 4, 5, 4, 4, 5, 5, 4, 5, 4, 4, 4, 4, 5, 3, 5, 4, 4, 4, 5, 4]"
to defrost,2.1724,0.7909,29,"[2, 3, 3, 3, 1, 2, 2, 2, 1, 2, 2, 3, 1, 3, 3, 1, 2, 4, 1, 2, 1, 2, 2, 2, 3, 2, 2, 3, 3]"
to degrade,2.7931,1.2698,29,"[2, 3, 5, 4, 2, 3, 1, 2, 1, 2, 1, 2, 1, 3, 4, 4, 3, 3, 4, 2, 1, 4, 1, 5, 4, 2, 4, 4, 4]"
to degrease,2.1667,1.0355,30,"[1, 3, 2, 2, 1, 2, 3, 1, 2, 1, 2, 3, 2, 2, 1, 4, 1, 2, 4, 3, 5, 1, 2, 2, 1, 2, 2, 2, 4, 2]"
to deliver,3.0882,0.9508,34,"[4, 3, 2, 3, 2, 4, 3, 2, 2, 4, 4, 4, 3, 4, 4, 3, 1, 3, 3, 1, 4, 3, 3, 1, 4, 3, 4, 3, 2, 4, 4, 3, 4, 4]"
to demean,3.1667,1.2671,30,"[4, 4, 3, 2, 3, 5, 2, 3, 5, 1, 4, 3, 4, 4, 1, 4, 4, 2, 1, 3, 2, 1, 5, 3, 5, 3, 2, 3, 4, 5]"
to demoralize,2.6552,1.445,29,"[1, 3, 1, 1, 1, 4, 2, 3, 4, 3, 5, 3, 5, 1, 1, 1, 2, 3, 1, 2, 1, 5, 3, 5, 3, 2, 4, 5, 2]"
to deplore,3.0,1.2034,29,"[1, 3, 3, 4, 4, 2, 1, 4, 3, 2, 2, 5, 1, 3, 4, 4, 4, 4, 5, 3, 3, 3, 4, 4, 1, 4, 1, 3, 2]"
to design,3.2759,1.0471,29,"[1, 3, 4, 3, 1, 2, 3, 4, 4, 4, 4, 4, 1, 3, 4, 4, 4, 3, 5, 3, 4, 4, 4, 4, 4, 4, 2, 3, 2]"
to despise,3.4118,1.3529,34,"[4, 1, 4, 4, 3, 4, 1, 1, 4, 4, 5, 2, 2, 4, 5, 2, 1, 4, 4, 4, 5, 5, 4, 4, 5, 4, 2, 3, 2, 4, 1, 4, 5, 5]"
to devour,3.9,0.9074,30,"[4, 3, 4, 5, 4, 4, 4, 5, 5, 4, 4, 2, 4, 4, 5, 3, 4, 4, 4, 4, 1, 4, 5, 4, 4, 4, 2, 4, 5, 4]"
to dicker,2.8,1.1372,30,"[3, 3, 1, 2, 4, 2, 2, 3, 2, 4, 4, 3, 4, 2, 1, 1, 3, 4, 2, 4, 1, 4, 4, 3, 5, 3, 1, 3, 2, 4]"
to dim,2.0345,0.9994,29,"[2, 2, 1, 2, 2, 2, 1, 2, 2, 1, 3, 3, 2, 3, 2, 1, 2, 4, 1, 2, 4, 2, 2, 5, 1, 1, 1, 2, 1]"
to disagree,3.4,0.9165,30,"[4, 4, 4, 4, 2, 2, 4, 3, 4, 4, 2, 4, 4, 5, 3, 2, 4, 4, 2, 4, 2, 3, 4, 4, 4, 4, 2, 4, 4, 2]"
to discharge,2.9655,1.0333,29,"[1, 3, 3, 3, 4, 2, 4, 3, 3, 1, 2, 2, 2, 2, 3, 5, 2, 4, 1, 3, 3, 4, 4, 4, 4, 4, 4, 3, 3]"
to disdain,2.8438,1.4166,32,"[5, 3, 5, 4, 1, 2, 1, 1, 3, 4, 4, 2, 4, 4, 3, 1, 5, 3, 1, 4, 5, 3, 1, 4, 4, 1, 2, 1, 3, 1, 2, 4]"
to disgust,3.1,1.3503,30,"[3, 2, 4, 1, 4, 1, 2, 5, 5, 3, 5, 4, 4, 4, 3, 1, 1, 4, 4, 3, 4, 4, 1, 2, 5, 1, 2, 4, 3, 4]"
to disillusion,2.9655,1.129,29,"[1, 2, 3, 2, 4, 3, 3, 2, 2, 2, 2, 5, 4, 2, 2, 4, 3, 4, 5, 4, 3, 3, 2, 5, 1, 2, 4, 3, 4]"
to dismiss,2.4333,0.9551,30,"[3, 2, 4, 2, 3, 2, 3, 2, 3, 4, 1, 4, 3, 3, 1, 4, 2, 3, 2, 1, 1, 2, 4, 3, 2, 2, 2, 2, 2, 1]"
to dispute,3.8667,1.0242,30,"[4, 3, 5, 4, 1, 4, 5, 5, 3, 5, 4, 5, 3, 2, 4, 5, 4, 3, 2, 4, 5, 4, 5, 4, 4, 3, 4, 5, 3, 4]"
to dissipate,2.4643,0.8653,28,"[1, 3, 3, 2, 4, 1, 2, 3, 2, 2, 2, 3, 3, 1, 1, 4, 4, 2, 3, 3, 3, 2, 3, 2, 3, 2, 3, 2]"
to dissociate,2.4483,0.9317,29,"[1, 3, 3, 3, 4, 1, 1, 3, 2, 3, 3, 3, 1, 2, 1, 1, 3, 3, 2, 3, 3, 2, 4, 3, 3, 2, 2, 4, 2]"
to doll,2.9333,0.9978,30,"[1, 4, 2, 1, 2, 4, 3, 3, 3, 3, 3, 4, 4, 4, 4, 4, 3, 4, 3, 3, 3, 1, 1, 2, 3, 3, 2, 4, 4, 3]"
to don,2.9091,1.055,33,"[4, 3, 4, 3, 3, 3, 4, 3, 2, 1, 4, 3, 4, 2, 4, 1, 3, 3, 1, 4, 3, 3, 1, 4, 4, 1, 4, 2, 3, 4, 2, 4, 2]"
to draw,2.8667,0.9911,30,"[2, 3, 2, 2, 2, 3, 1, 3, 3, 5, 3, 3, 3, 3, 2, 3, 1, 3, 4, 3, 3, 2, 3, 3, 5, 4, 4, 4, 1, 3]"
to dribble,2.9667,1.1397,30,"[3, 3, 1, 2, 4, 4, 3, 1, 3, 1, 4, 5, 2, 2, 3, 4, 3, 3, 5, 3, 3, 3, 2, 4, 3, 1, 2, 4, 5, 3]"
to drizzle,2.6667,0.9775,30,"[3, 2, 2, 4, 3, 1, 1, 2, 2, 2, 4, 2, 4, 4, 3, 1, 4, 2, 3, 2, 3, 4, 2, 2, 4, 4, 2, 3, 2, 3]"
to drool,2.1333,1.2037,30,"[3, 1, 2, 1, 2, 4, 2, 2, 5, 1, 1, 4, 2, 2, 1, 4, 1, 1, 2, 3, 1, 2, 1, 1, 4, 1, 2, 4, 3, 1]"
to drug,3.0345,1.2452,29,"[4, 2, 4, 1, 4, 4, 2, 4, 4, 1, 4, 5, 2, 1, 4, 4, 4, 2, 2, 3, 3, 4, 4, 2, 2, 2, 4, 5, 1]"
to duck,3.0333,1.2243,30,"[2, 4, 5, 2, 4, 3, 4, 4, 4, 3, 5, 2, 4, 4, 4, 3, 2, 2, 2, 1, 2, 3, 1, 3, 4, 1, 5, 1, 3, 4]"
to duel,4.1034,1.0287,29,"[3, 5, 4, 5, 4, 4, 5, 5, 2, 5, 5, 4, 1, 5, 3, 5, 4, 4, 4, 4, 5, 4, 5, 5, 4, 2, 4, 5, 4]"
to earn,3.8,0.7024,30,"[3, 4, 3, 4, 4, 4, 4, 2, 5, 4, 3, 4, 4, 4, 3, 4, 4, 4, 3, 4, 5, 3, 3, 4, 4, 4, 3, 4, 5, 5]"
to efface,2.4667,0.9214,30,"[3, 4, 4, 1, 3, 2, 3, 3, 3, 2, 3, 2, 3, 3, 3, 3, 3, 1, 2, 1, 2, 3, 1, 4, 1, 2, 3, 1, 2, 3]"
to electrify,4.6552,0.543,29,"[4, 4, 5, 5, 5, 4, 4, 4, 5, 5, 5, 5, 4, 3, 5, 5, 5, 4, 5, 5, 5, 5, 5, 5, 4, 5, 5, 5, 5]"
to elucidate,3.1,0.9781,30,"[3, 4, 4, 2, 2, 4, 2, 3, 3, 2, 4, 2, 4, 3, 1, 2, 5, 3, 3, 3, 5, 5, 4, 3, 3, 3, 2, 3, 3, 3]"
to emcee,3.4,1.1136,30,"[4, 3, 5, 4, 5, 4, 4, 3, 3, 1, 3, 3, 4, 4, 1, 1, 4, 4, 2, 4, 4, 5, 4, 3, 3, 3, 2, 4, 5, 3]"
to employ,3.3333,0.83,30,"[4, 4, 3, 3, 3, 2, 3, 3, 3, 3, 3, 4, 4, 4, 4, 1, 4, 3, 2, 3, 3, 3, 4, 4, 4, 5, 2, 4, 4, 4]"
to enclose,2.7586,0.8966,29,"[1, 3, 3, 2, 4, 1, 4, 3, 3, 4, 2, 4, 1, 3, 2, 2, 3, 2, 3, 3, 2, 3, 4, 3, 3, 2, 3, 4, 3]"
to encourage,3.8,0.9092,30,"[4, 3, 4, 5, 4, 4, 2, 4, 4, 4, 5, 5, 4, 5, 4, 4, 5, 4, 4, 2, 4, 1, 4, 4, 4, 4, 4, 3, 3, 3]"
to enliven,3.6667,1.1926,30,"[1, 4, 4, 4, 1, 4, 4, 3, 4, 4, 5, 5, 4, 5, 4, 2, 5, 5, 4, 4, 1, 4, 4, 4, 1, 4, 4, 4, 4, 4]"
to enrich,3.3793,1.1269,29,"[1, 4, 4, 3, 4, 1, 4, 4, 3, 4, 4, 4, 1, 3, 4, 2, 3, 4, 5, 4, 5, 4, 4, 4, 1, 4, 3, 3, 4]"
to entertain,4.1667,0.5821,30,"[4, 3, 5, 5, 4, 4, 4, 4, 4, 4, 5, 5, 5, 4, 5, 4, 4, 3, 4, 4, 4, 4, 4, 4, 5, 4, 3, 4, 5, 4]"
to enthuse,3.8667,0.8844,30,"[3, 3, 4, 4, 2, 4, 5, 4, 3, 5, 5, 5, 4, 4, 3, 4, 4, 5, 4, 5, 3, 4, 2, 5, 4, 3, 3, 4, 3, 5]"
to entice,4.1765,0.7848,34,"[5, 3, 5, 4, 1, 5, 5, 4, 3, 4, 5, 4, 5, 4, 4, 4, 4, 5, 4, 4, 4, 4, 4, 4, 4, 4, 5, 5, 4, 4, 5, 4, 5, 4]"
to envisage,3.0294,0.9231,34,"[4, 3, 4, 3, 3, 4, 3, 3, 2, 1, 3, 2, 3, 2, 4, 3, 1, 3, 3, 2, 4, 3, 3, 3, 3, 4, 3, 4, 1, 4, 4, 3, 5, 3]"
to envy,3.3333,1.2202,30,"[4, 4, 4, 3, 4, 2, 3, 5, 4, 2, 5, 2, 5, 4, 4, 5, 3, 4, 2, 2, 4, 4, 2, 4, 2, 1, 4, 1, 2, 5]"
to erupt,4.3667,1.0483,30,"[4, 4, 5, 5, 5, 1, 5, 4, 4, 3, 5, 5, 5, 5, 4, 5, 5, 5, 4, 4, 4, 5, 5, 4, 5, 5, 1, 5, 5, 5]"
to establish,2.6207,0.997,29,"[1, 3, 2, 3, 4, 1, 1, 3, 3, 3, 1, 2, 1, 3, 2, 4, 4, 3, 4, 3, 2, 1, 3, 3, 4, 3, 3, 3, 3]"
to evacuate,4.0333,0.875,30,"[4, 4, 4, 2, 3, 3, 5, 5, 3, 5, 5, 5, 4, 2, 4, 4, 5, 4, 5, 4, 5, 4, 5, 3, 3, 4, 4, 4, 4, 5]"
to even,2.4,0.9165,30,"[1, 3, 3, 1, 2, 3, 3, 3, 3, 1, 1, 2, 3, 3, 3, 4, 1, 3, 3, 2, 3, 2, 3, 3, 4, 3, 2, 2, 1, 1]"
to evict,3.303,1.3814,33,"[4, 2, 5, 4, 2, 4, 1, 1, 2, 4, 5, 3, 4, 4, 3, 1, 5, 5, 2, 5, 4, 4, 4, 5, 4, 2, 2, 1, 4, 1, 4, 3, 5]"
to exaggerate,3.2857,1.0302,28,"[1, 3, 3, 4, 2, 3, 3, 4, 4, 3, 4, 2, 3, 1, 5, 5, 4, 2, 3, 4, 3, 4, 4, 4, 2, 4, 4, 4]"
to examine,2.9333,0.8138,30,"[3, 2, 3, 3, 3, 2, 2, 2, 3, 4, 3, 4, 4, 4, 3, 1, 4, 3, 2, 3, 3, 3, 2, 4, 4, 4, 3, 3, 2, 2]"
to excel,4.4,0.7118,30,"[4, 4, 4, 5, 3, 5, 5, 5, 3, 5, 4, 4, 5, 4, 5, 5, 5, 5, 4, 3, 5, 4, 5, 3, 5, 5, 4, 4, 5, 5]"
to exchange,2.9667,0.9826,30,"[1, 3, 1, 2, 2, 4, 3, 3, 3, 2, 4, 3, 3, 4, 4, 4, 3, 3, 4, 3, 4, 2, 4, 4, 4, 2, 2, 4, 1, 3]"
to expire,2.3333,1.1353,30,"[2, 3, 1, 2, 4, 4, 2, 3, 4, 2, 1, 1, 1, 2, 1, 3, 2, 1, 5, 2, 2, 1, 4, 2, 4, 3, 3, 2, 1, 2]"
to extract,3.0,0.9636,28,"[1, 3, 4, 4, 4, 1, 4, 3, 3, 3, 4, 2, 2, 3, 1, 4, 3, 4, 2, 3, 2, 3, 3, 3, 4, 4, 4, 3]"
to fabricate,3.2333,1.2297,30,"[4, 3, 1, 2, 3, 4, 3, 5, 4, 3, 2, 4, 5, 1, 3, 3, 5, 3, 4, 3, 1, 1, 4, 5, 4, 3, 4, 2, 5, 3]"
to fasten,2.7667,0.9894,30,"[3, 4, 2, 2, 3, 3, 3, 4, 4, 1, 3, 2, 4, 3, 4, 4, 2, 2, 3, 1, 3, 4, 2, 3, 1, 3, 3, 1, 2, 4]"
to fawn,2.6897,0.9136,29,"[1, 3, 3, 4, 2, 1, 4, 3, 3, 3, 2, 4, 3, 2, 1, 2, 4, 2, 2, 3, 2, 2, 3, 3, 3, 3, 2, 4, 4]"
to fax,2.2121,1.0662,33,"[1, 3, 2, 3, 1, 1, 5, 1, 2, 2, 4, 3, 4, 2, 2, 1, 3, 3, 1, 2, 3, 2, 1, 2, 3, 1, 3, 1, 3, 3, 1, 1, 3]"
to feast,3.8214,1.0019,28,"[1, 3, 4, 4, 4, 1, 4, 5, 4, 5, 4, 4, 4, 4, 2, 5, 5, 4, 5, 3, 4, 4, 4, 4, 4, 4, 4, 4]"
to feel,3.9,0.9074,30,"[4, 4, 4, 4, 4, 5, 4, 5, 5, 4, 4, 2, 3, 3, 5, 4, 5, 4, 2, 4, 4, 3, 5, 4, 5, 3, 5, 4, 2, 3]"
to fence,3.2759,1.0136,29,"[1, 3, 3, 3, 4, 4, 5, 3, 3, 2, 4, 4, 3, 4, 2, 1, 4, 4, 2, 3, 4, 4, 5, 4, 4, 2, 3, 4, 3]"
to feud,3.6333,1.2776,30,"[5, 3, 5, 2, 4, 4, 5, 5, 5, 2, 2, 4, 4, 1, 4, 3, 5, 2, 4, 4, 4, 5, 1, 5, 5, 4, 2, 2, 4, 4]"
to fight,4.5667,0.7157,30,"[4, 5, 5, 5, 5, 5, 5, 5, 4, 4, 5, 2, 4, 5, 4, 5, 5, 4, 4, 5, 5, 3, 5, 5, 5, 4, 5, 5, 5, 5]"
to filch,3.3667,1.0796,30,"[4, 4, 4, 2, 1, 4, 5, 4, 4, 4, 4, 5, 2, 3, 1, 3, 4, 3, 2, 4, 4, 4, 4, 3, 1, 3, 3, 4, 4, 4]"
to file,2.0,0.9701,34,"[1, 2, 1, 2, 2, 1, 3, 2, 1, 1, 3, 4, 3, 4, 2, 1, 1, 3, 3, 1, 3, 3, 2, 1, 2, 3, 1, 3, 1, 2, 1, 3, 1, 1]"
to fill,3.0667,1.1528,30,"[1, 3, 1, 3, 1, 3, 3, 5, 4, 2, 3, 4, 4, 3, 3, 2, 3, 4, 4, 3, 2, 1, 5, 4, 3, 3, 2, 5, 4, 4]"
to finish,3.6,0.9866,30,"[3, 3, 5, 4, 5, 3, 2, 4, 5, 2, 4, 3, 3, 2, 1, 3, 5, 4, 4, 3, 4, 4, 4, 4, 4, 3, 4, 4, 4, 5]"
to firm up,3.1667,0.969,30,"[4, 4, 4, 4, 4, 3, 3, 4, 4, 2, 4, 3, 4, 3, 4, 3, 3, 2, 4, 3, 3, 4, 1, 4, 1, 3, 3, 1, 2, 4]"
to flourish,3.9,1.044,30,"[3, 2, 5, 3, 2, 3, 1, 5, 3, 5, 5, 5, 4, 4, 4, 5, 4, 4, 4, 3, 4, 4, 5, 3, 5, 5, 4, 4, 5, 4]"
to fluctuate,3.2,1.0456,30,"[3, 4, 4, 3, 3, 3, 3, 5, 4, 1, 5, 2, 4, 4, 4, 2, 3, 1, 2, 3, 3, 4, 2, 4, 4, 3, 5, 3, 2, 3]"
to forgive,3.2069,0.9958,29,"[4, 3, 3, 3, 2, 2, 3, 1, 3, 3, 5, 4, 4, 4, 4, 4, 4, 3, 2, 4, 2, 2, 5, 4, 4, 2, 2, 4, 3]"
to frame,2.9,1.044,30,"[4, 4, 2, 4, 3, 4, 2, 1, 4, 3, 2, 3, 4, 4, 4, 3, 1, 4, 3, 2, 3, 4, 1, 2, 2, 4, 3, 3, 1, 3]"
to fructify,3.1034,1.0287,29,"[3, 3, 4, 5, 3, 3, 3, 3, 3, 4, 2, 4, 3, 3, 3, 2, 5, 4, 1, 3, 3, 4, 4, 1, 4, 3, 1, 2, 4]"
to frustrate,3.6667,1.1055,30,"[4, 4, 4, 4, 2, 1, 4, 4, 4, 4, 4, 4, 4, 5, 4, 4, 5, 5, 3, 4, 2, 5, 5, 4, 4, 4, 2, 4, 1, 2]"
to fumble,2.8333,1.098,30,"[4, 3, 1, 1, 2, 4, 4, 3, 4, 3, 1, 2, 2, 2, 3, 4, 4, 2, 4, 4, 3, 1, 2, 4, 3, 2, 2, 3, 5, 3]"
to funnel,2.4,0.9522,30,"[2, 2, 1, 2, 3, 2, 3, 4, 3, 1, 4, 2, 2, 3, 2, 4, 2, 4, 2, 1, 3, 3, 1, 3, 1, 3, 3, 1, 2, 3]"
to fuse,3.2333,1.0546,30,"[2, 2, 4, 4, 4, 3, 3, 4, 4, 3, 4, 2, 4, 4, 4, 4, 3, 2, 3, 4, 2, 4, 1, 3, 5, 3, 5, 1, 2, 4]"
to gain,3.5667,1.1455,30,"[3, 3, 3, 2, 3, 3, 1, 4, 3, 5, 5, 4, 4, 4, 2, 5, 5, 3, 4, 3, 5, 2, 4, 4, 5, 5, 4, 4, 1, 4]"
to gallop,3.8276,0.9494,29,"[1, 5, 4, 4, 5, 4, 4, 4, 1, 4, 3, 3, 4, 4, 5, 4, 4, 3, 4, 4, 3, 4, 4, 5, 4, 4, 5, 4, 4]"
to gaze,2.9333,1.0306,30,"[4, 4, 3, 4, 2, 1, 2, 2, 2, 2, 4, 4, 4, 4, 3, 1, 5, 2, 4, 2, 3, 3, 2, 2, 3, 4, 3, 2, 3, 4]"
to generate,3.1034,1.1248,29,"[1, 3, 2, 4, 2, 2, 1, 4, 3, 4, 4, 4, 1, 3, 4, 5, 3, 4, 4, 4, 3, 3, 4, 4, 1, 4, 4, 3, 2]"
to glare,3.3667,1.1397,30,"[3, 4, 4, 4, 2, 1, 4, 2, 5, 4, 5, 3, 4, 4, 4, 1, 5, 4, 3, 4, 2, 4, 4, 4, 3, 4, 3, 4, 1, 2]"
to glisten,3.9667,0.9123,30,"[2, 3, 4, 4, 5, 5, 2, 4, 4, 2, 4, 5, 4, 5, 3, 4, 4, 4, 4, 5, 4, 5, 5, 4, 5, 3, 4, 4, 3, 5]"
to glom,2.6552,1.0595,29,"[1, 3, 3, 3, 4, 1, 1, 3, 3, 3, 1, 3, 4, 3, 1, 1, 3, 4, 4, 3, 2, 1, 3, 4, 3, 3, 3, 2, 4]"
to goggle,2.9655,1.098,29,"[1, 3, 4, 4, 2, 3, 1, 3, 3, 4, 3, 2, 1, 3, 3, 2, 3, 4, 1, 3, 5, 3, 3, 4, 4, 5, 4, 3, 2]"
to grate,2.9333,1.1235,30,"[4, 2, 3, 4, 3, 1, 4, 1, 2, 5, 2, 4, 4, 4, 3, 1, 3, 1, 2, 3, 3, 3, 4, 4, 3, 4, 3, 4, 1, 3]"
to grind,3.9333,0.9638,30,"[4, 4, 4, 3, 1, 4, 4, 4, 4, 2, 4, 4, 4, 3, 5, 5, 5, 4, 5, 3, 5, 5, 3, 4, 5, 5, 3, 5, 3, 4]"
to grip,3.4,0.9165,30,"[4, 3, 5, 2, 5, 4, 2, 3, 3, 2, 4, 3, 4, 3, 3, 1, 3, 4, 4, 4, 4, 4, 3, 4, 4, 3, 2, 4, 4, 4]"
to groove,3.6897,0.7924,29,"[4, 4, 4, 3, 5, 2, 3, 4, 3, 4, 4, 4, 4, 3, 4, 4, 4, 3, 1, 3, 4, 4, 4, 5, 4, 4, 4, 4, 4]"
to grow,3.4483,0.968,29,"[2, 3, 2, 2, 4, 2, 1, 4, 4, 4, 4, 3, 4, 3, 4, 4, 4, 4, 5, 4, 4, 4, 4, 5, 4, 4, 3, 3, 2]"
to guffaw,3.2414,0.9704,29,"[1, 3, 4, 3, 4, 2, 2, 3, 3, 4, 4, 4, 2, 2, 2, 5, 3, 4, 4, 4, 4, 4, 2, 4, 2, 4, 4, 3, 4]"
to gush,4.0667,0.8537,30,"[4, 4, 4, 4, 5, 4, 5, 4, 5, 5, 5, 4, 4, 5, 4, 1, 4, 5, 3, 5, 4, 3, 4, 4, 5, 4, 4, 3, 4, 3]"
to harmonize,3.4,1.0832,30,"[3, 3, 4, 5, 3, 4, 2, 1, 4, 4, 4, 5, 4, 5, 3, 4, 3, 5, 4, 1, 4, 3, 2, 4, 3, 4, 2, 4, 2, 3]"
to head,2.8276,1.0527,29,"[3, 3, 2, 3, 3, 4, 5, 4, 2, 2, 2, 4, 2, 2, 3, 3, 2, 4, 1, 5, 3, 3, 3, 1, 3, 4, 1, 2, 3]"
to hearten,3.1724,0.985,29,"[1, 3, 3, 3, 4, 3, 2, 4, 2, 2, 4, 4, 1, 3, 4, 3, 3, 4, 4, 4, 4, 3, 3, 4, 1, 4, 4, 4, 4]"
to heat,3.3,0.9,30,"[4, 3, 2, 2, 2, 3, 3, 4, 4, 3, 4, 4, 4, 3, 3, 3, 3, 4, 2, 4, 2, 2, 5, 4, 4, 4, 2, 4, 5, 3]"
to heft,2.8214,0.8042,28,"[1, 3, 3, 2, 4, 1, 4, 3, 2, 3, 2, 3, 2, 3, 2, 4, 4, 3, 3, 2, 3, 4, 3, 3, 3, 3, 3, 3]"
to help,3.4667,1.0242,30,"[1, 3, 1, 5, 3, 3, 3, 5, 4, 4, 4, 5, 3, 5, 4, 4, 3, 4, 4, 2, 3, 2, 4, 4, 3, 4, 4, 3, 4, 3]"
to hike,3.4828,0.9329,29,"[1, 3, 4, 2, 4, 4, 4, 3, 4, 4, 3, 4, 2, 4, 1, 5, 4, 4, 4, 3, 3, 3, 4, 4, 4, 4, 4, 4, 4]"
to hit,3.8621,0.9729,29,"[1, 2, 3, 4, 4, 4, 4, 5, 4, 5, 4, 3, 5, 3, 2, 4, 5, 4, 5, 3, 4, 4, 5, 4, 5, 4, 4, 4, 4]"
to hitch,2.6,0.9522,30,"[2, 3, 3, 2, 3, 3, 3, 4, 4, 2, 3, 2, 4, 3, 4, 2, 3, 2, 3, 1, 4, 3, 1, 3, 1, 1, 3, 1, 2, 3]"
to hoard,2.6207,0.9618,29,"[1, 3, 3, 2, 4, 1, 3, 3, 2, 4, 2, 3, 2, 3, 2, 1, 3, 2, 1, 3, 3, 2, 2, 4, 4, 4, 2, 4, 3]"
to hobble,2.5,0.922,30,"[2, 2, 4, 1, 3, 3, 3, 4, 2, 2, 2, 4, 2, 3, 3, 2, 2, 3, 2, 1, 2, 2, 1, 4, 4, 3, 3, 1, 2, 3]"
to hobnob,3.0333,1.1101,30,"[4, 2, 4, 4, 4, 2, 4, 5, 2, 2, 4, 2, 3, 4, 3, 2, 3, 2, 4, 1, 4, 4, 1, 4, 4, 3, 4, 1, 2, 3]"
to hoist,3.0333,1.1101,30,"[3, 1, 4, 2, 4, 3, 3, 4, 4, 2, 4, 2, 4, 3, 4, 4, 3, 4, 2, 1, 4, 4, 1, 3, 1, 3, 5, 2, 3, 4]"
to holiday,3.8667,1.0873,30,"[3, 3, 2, 5, 1, 4, 1, 4, 3, 5, 4, 5, 4, 4, 3, 4, 4, 5, 5, 4, 5, 4, 4, 3, 5, 5, 4, 5, 4, 4]"
to honor,3.6,0.8794,30,"[4, 3, 3, 5, 3, 3, 3, 5, 4, 3, 5, 4, 4, 5, 4, 4, 4, 5, 4, 4, 2, 3, 2, 4, 3, 4, 2, 3, 3, 3]"
to huddle,2.7586,1.0391,29,"[3, 5, 2, 3, 4, 4, 3, 4, 2, 3, 2, 2, 2, 3, 2, 4, 2, 2, 1, 4, 4, 1, 2, 1, 2, 4, 3, 3, 3]"
to hurry,4.1724,0.9494,29,"[3, 4, 4, 3, 5, 4, 5, 4, 2, 5, 2, 3, 4, 3, 5, 5, 4, 4, 5, 4, 3, 5, 5, 5, 5, 5, 5, 5, 5]"
to hurtle,3.4333,1.2297,30,"[5, 3, 4, 2, 2, 5, 4, 3, 3, 1, 2, 4, 2, 5, 1, 2, 4, 5, 5, 4, 2, 4, 4, 4, 5, 4, 2, 4, 4, 4]"
to hush,2.0333,0.836,30,"[2, 3, 2, 2, 2, 2, 2, 3, 2, 2, 2, 2, 2, 1, 1, 1, 2, 2, 1, 1, 4, 1, 1, 2, 2, 3, 3, 3, 1, 4]"
to idle,1.7667,0.8035,30,"[2, 3, 1, 1, 1, 1, 2, 3, 2, 3, 2, 2, 1, 1, 1, 1, 1, 2, 3, 3, 2, 1, 1, 2, 1, 1, 3, 2, 1, 3]"
to impeach,3.6207,1.031,29,"[1, 3, 4, 4, 4, 4, 2, 3, 4, 5, 4, 4, 4, 2, 2, 5, 3, 4, 4, 3, 4, 5, 2, 4, 4, 3, 5, 5, 4]"
to impound,3.1724,1.0527,29,"[1, 3, 4, 4, 4, 4, 2, 2, 1, 4, 2, 3, 4, 3, 4, 4, 4, 4, 4, 3, 1, 4, 2, 5, 3, 3, 3, 4, 3]"
to inch,2.1333,0.9214,30,"[2, 3, 2, 1, 1, 3, 2, 1, 3, 3, 1, 1, 3, 3, 1, 3, 1, 3, 3, 3, 1, 2, 1, 2, 3, 1, 2, 2, 4, 3]"
to induct,3.3103,0.9506,29,"[1, 3, 5, 3, 4, 2, 4, 3, 1, 4, 4, 4, 3, 3, 3, 4, 3, 4, 4, 3, 4, 3, 4, 5, 3, 3, 2, 3, 4]"
to ingratiate,3.069,1.0806,29,"[1, 3, 1, 2, 3, 3, 3, 3, 2, 1, 4, 4, 4, 4, 4, 4, 3, 4, 3, 3, 5, 1, 4, 4, 2, 4, 3, 4, 3]"
to inlay,2.7241,1.0136,29,"[1, 3, 3, 3, 4, 1, 2, 3, 4, 2, 1, 3, 1, 3, 2, 2, 2, 4, 4, 3, 3, 1, 4, 3, 3, 4, 4, 3, 3]"
to inscribe,2.6667,0.7888,30,"[2, 3, 2, 2, 5, 3, 2, 3, 3, 4, 2, 3, 3, 3, 1, 2, 2, 3, 2, 3, 3, 2, 2, 3, 2, 3, 3, 3, 2, 4]"
to insinuate,3.1333,1.147,30,"[2, 2, 4, 3, 4, 3, 3, 5, 5, 3, 5, 2, 4, 4, 4, 4, 3, 1, 3, 2, 2, 3, 2, 3, 4, 2, 5, 1, 2, 4]"
to inspect,2.7586,0.8966,29,"[1, 3, 3, 3, 4, 1, 2, 3, 2, 2, 2, 3, 2, 3, 1, 4, 4, 3, 4, 3, 3, 4, 3, 3, 3, 2, 4, 2, 3]"
to intend,2.7333,1.0934,30,"[2, 1, 2, 1, 3, 3, 5, 1, 3, 4, 3, 1, 3, 3, 1, 4, 1, 3, 3, 3, 3, 2, 2, 3, 4, 4, 4, 4, 3, 3]"
to interconnect,3.0345,1.0333,29,"[1, 3, 3, 3, 4, 1, 3, 3, 4, 3, 2, 3, 2, 4, 1, 4, 4, 3, 4, 3, 3, 1, 4, 4, 5, 4, 3, 3, 3]"
to interlock,2.4483,0.968,29,"[1, 2, 2, 3, 2, 1, 1, 3, 2, 2, 2, 2, 1, 3, 3, 4, 3, 3, 1, 3, 4, 3, 3, 4, 1, 2, 3, 3, 4]"
to intersperse,2.7241,0.9431,29,"[1, 3, 1, 2, 2, 3, 3, 3, 3, 2, 4, 3, 2, 3, 4, 2, 3, 4, 2, 2, 1, 4, 4, 4, 2, 2, 4, 3, 3]"
to intoxicate,4.2727,0.8624,33,"[5, 2, 5, 4, 3, 5, 5, 3, 4, 4, 5, 4, 5, 4, 5, 4, 4, 5, 2, 5, 5, 5, 3, 4, 5, 4, 5, 5, 4, 5, 4, 4, 5]"
to inundate,2.8667,1.2311,30,"[1, 3, 1, 2, 2, 4, 3, 3, 4, 1, 3, 5, 2, 1, 2, 4, 3, 4, 4, 3, 4, 1, 5, 4, 3, 2, 2, 3, 5, 2]"
to jabber,3.1,1.0755,30,"[4, 1, 5, 3, 3, 3, 3, 4, 4, 3, 3, 2, 4, 3, 4, 2, 2, 1, 4, 1, 4, 4, 3, 4, 4, 3, 4, 1, 3, 4]"
to kayak,3.6333,1.1397,30,"[3, 5, 3, 4, 4, 4, 4, 5, 4, 2, 2, 2, 4, 4, 4, 5, 1, 4, 1, 4, 4, 5, 5, 5, 4, 3, 4, 2, 4, 4]"
to kidnap,4.0,1.2603,34,"[5, 2, 5, 4, 4, 4, 1, 1, 5, 5, 5, 4, 4, 4, 5, 4, 2, 5, 5, 4, 5, 5, 4, 5, 5, 4, 2, 4, 4, 4, 1, 5, 5, 5]"
to knead,2.7353,1.0657,34,"[3, 3, 2, 3, 5, 2, 3, 2, 1, 1, 3, 2, 4, 4, 4, 4, 1, 3, 2, 1, 2, 2, 3, 2, 2, 3, 5, 3, 4, 2, 4, 2, 3, 3]"
to knight,3.8621,1.074,29,"[2, 4, 4, 5, 4, 1, 4, 4, 5, 3, 5, 4, 3, 4, 4, 1, 5, 4, 4, 5, 5, 5, 5, 3, 4, 4, 4, 4, 3]"
to know,3.2,1.0456,30,"[1, 3, 4, 4, 3, 3, 2, 2, 4, 4, 3, 4, 3, 3, 5, 4, 3, 3, 3, 3, 4, 2, 4, 3, 5, 5, 2, 4, 2, 1]"
to lace,2.7667,1.1743,30,"[3, 2, 2, 2, 5, 2, 2, 2, 3, 1, 1, 1, 3, 3, 3, 3, 4, 3, 4, 1, 2, 2, 1, 3, 4, 5, 4, 4, 4, 4]"
to languish,2.697,1.2182,33,"[5, 3, 2, 3, 2, 2, 3, 1, 1, 3, 2, 3, 4, 4, 4, 1, 5, 3, 1, 4, 4, 4, 3, 1, 4, 2, 4, 1, 3, 1, 2, 2, 2]"
to lash,3.7931,1.0948,29,"[1, 4, 4, 5, 4, 4, 2, 4, 3, 4, 2, 4, 4, 3, 4, 5, 4, 4, 5, 3, 4, 5, 5, 5, 1, 4, 4, 4, 5]"
to laugh,4.303,0.8343,33,"[5, 5, 5, 5, 5, 5, 5, 4, 3, 4, 5, 2, 4, 4, 5, 4, 4, 5, 4, 4, 5, 5, 4, 4, 5, 2, 5, 4, 4, 4, 3, 5, 5]"
to leap,4.0345,1.0333,29,"[1, 5, 5, 4, 5, 3, 5, 4, 3, 4, 4, 4, 4, 3, 5, 5, 4, 4, 5, 4, 1, 5, 4, 5, 5, 4, 4, 4, 4]"
to learn,4.1333,0.8459,30,"[2, 4, 3, 4, 5, 5, 4, 4, 4, 5, 5, 4, 5, 4, 4, 5, 4, 3, 4, 5, 5, 2, 5, 3, 5, 5, 4, 4, 4, 4]"
to lease,2.5714,1.0152,28,"[3, 4, 3, 4, 1, 1, 3, 3, 2, 1, 2, 1, 3, 2, 2, 4, 3, 4, 3, 3, 4, 2, 1, 3, 3, 1, 3, 3]"
to leave,2.8667,1.0562,30,"[4, 3, 1, 2, 5, 4, 2, 3, 4, 3, 2, 2, 2, 2, 1, 3, 3, 2, 2, 2, 3, 4, 4, 3, 4, 3, 4, 4, 1, 4]"
to leaven,2.9,0.9781,30,"[4, 3, 2, 4, 3, 4, 2, 3, 4, 3, 2, 2, 4, 4, 3, 1, 1, 4, 2, 3, 3, 3, 2, 4, 3, 4, 3, 4, 1, 2]"
to lend,2.4242,0.8539,33,"[3, 3, 2, 2, 2, 2, 3, 1, 2, 2, 3, 3, 4, 2, 3, 1, 3, 3, 2, 2, 3, 3, 1, 2, 4, 1, 2, 1, 3, 3, 2, 3, 4]"
to lengthen,2.931,1.0148,29,"[1, 3, 4, 3, 4, 2, 2, 3, 3, 2, 4, 4, 1, 3, 4, 4, 3, 3, 1, 3, 4, 4, 3, 4, 1, 3, 2, 3, 4]"
to level,2.9706,0.9847,34,"[3, 3, 2, 3, 2, 3, 5, 3, 2, 2, 3, 2, 3, 4, 2, 4, 4, 3, 3, 1, 4, 3, 2, 1, 5, 4, 2, 3, 2, 4, 4, 3, 4, 3]"
to lilt,2.4667,1.0562,30,"[4, 1, 3, 4, 3, 3, 4, 3, 4, 1, 2, 2, 3, 3, 2, 4, 3, 1, 2, 1, 4, 2, 2, 1, 1, 3, 3, 1, 2, 2]"
to limp,2.1034,0.8028,29,"[1, 3, 1, 1, 2, 2, 2, 2, 2, 1, 2, 2, 2, 1, 2, 3, 4, 2, 2, 3, 2, 1, 3, 3, 2, 2, 2, 4, 2]"
to link,2.7241,0.9058,29,"[1, 2, 3, 3, 3, 2, 1, 3, 2, 3, 3, 3, 1, 3, 3, 4, 3, 3, 1, 3, 4, 3, 4, 4, 2, 3, 4, 3, 2]"
to liquidate,2.8966,1.1845,29,"[1, 4, 2, 5, 4, 2, 1, 4, 2, 4, 2, 1, 1, 3, 3, 3, 2, 2, 4, 3, 1, 3, 4, 4, 3, 4, 4, 4, 4]"
to lisp,2.3333,0.6992,30,"[2, 3, 1, 2, 3, 3, 2, 3, 3, 4, 2, 2, 2, 3, 2, 2, 2, 3, 2, 3, 2, 2, 2, 3, 2, 3, 1, 3, 1, 2]"
to listen,2.7667,0.9894,30,"[1, 3, 1, 3, 3, 4, 2, 3, 3, 3, 4, 3, 3, 4, 3, 3, 3, 4, 2, 2, 5, 1, 2, 3, 3, 4, 2, 2, 1, 3]"
to litter,2.5667,1.0546,30,"[3, 2, 3, 2, 2, 1, 4, 2, 3, 4, 1, 2, 2, 4, 3, 1, 4, 4, 2, 2, 2, 3, 4, 4, 2, 4, 3, 2, 1, 1]"
to load,2.9333,0.9638,30,"[3, 3, 1, 3, 1, 3, 3, 1, 4, 2, 3, 4, 3, 2, 3, 4, 3, 4, 2, 3, 2, 4, 5, 3, 3, 3, 2, 4, 4, 3]"
to lodge,2.4667,0.8844,30,"[2, 3, 2, 2, 3, 3, 2, 2, 4, 1, 1, 3, 3, 3, 2, 3, 2, 3, 3, 1, 2, 2, 2, 3, 4, 2, 2, 4, 4, 1]"
to loiter,2.2759,0.7833,29,"[2, 2, 3, 3, 2, 2, 4, 2, 1, 3, 2, 3, 1, 3, 2, 3, 2, 4, 1, 2, 2, 3, 2, 2, 2, 3, 1, 2, 2]"
to loll,1.9375,0.998,32,"[1, 3, 1, 2, 3, 1, 1, 1, 1, 3, 3, 3, 3, 2, 3, 1, 3, 1, 1, 2, 1, 1, 1, 4, 2, 2, 1, 2, 4, 1, 3, 1]"
to loom,2.7931,1.0948,29,"[1, 3, 3, 4, 4, 1, 4, 3, 4, 4, 2, 1, 1, 2, 2, 1, 3, 4, 2, 3, 3, 2, 4, 4, 3, 2, 4, 3, 4]"
to love,4.3333,0.8692,30,"[4, 5, 5, 4, 5, 5, 2, 5, 5, 4, 4, 5, 4, 5, 3, 4, 5, 4, 2, 5, 5, 3, 5, 5, 4, 5, 4, 4, 5, 5]"
to lug,2.3,1.0376,30,"[2, 2, 4, 2, 1, 4, 2, 2, 4, 5, 2, 2, 2, 2, 1, 2, 1, 3, 3, 3, 1, 2, 1, 1, 3, 2, 2, 4, 2, 2]"
to lunch,2.9,1.044,30,"[2, 4, 4, 3, 3, 3, 3, 4, 3, 1, 2, 2, 4, 4, 3, 4, 2, 4, 3, 1, 4, 4, 4, 3, 1, 4, 2, 1, 2, 3]"
to magnetize,3.069,0.9802,29,"[3, 2, 4, 2, 3, 3, 3, 4, 4, 1, 3, 2, 3, 4, 2, 4, 2, 2, 4, 4, 4, 5, 4, 2, 3, 4, 2, 2, 4]"
to magnify,3.4667,1.0562,30,"[4, 4, 5, 4, 5, 4, 3, 3, 4, 3, 2, 3, 2, 3, 1, 3, 4, 3, 1, 4, 3, 5, 4, 3, 3, 3, 5, 4, 5, 4]"
to manicure,2.75,1.1726,32,"[1, 4, 1, 2, 4, 1, 3, 2, 1, 3, 3, 4, 3, 2, 1, 3, 3, 4, 4, 3, 3, 4, 2, 4, 2, 4, 5, 4, 3, 1, 1, 3]"
to manifest,3.3793,0.8475,29,"[1, 3, 3, 3, 4, 3, 4, 3, 3, 3, 4, 4, 2, 4, 2, 5, 2, 4, 4, 3, 3, 4, 4, 4, 4, 4, 4, 4, 3]"
to martyr,3.4667,1.2841,30,"[3, 5, 4, 4, 2, 1, 5, 4, 5, 5, 1, 4, 4, 4, 3, 3, 5, 4, 4, 2, 2, 4, 4, 5, 3, 5, 2, 4, 1, 2]"
to marvel,4.0333,1.1397,30,"[2, 4, 4, 4, 1, 4, 1, 5, 4, 5, 2, 5, 5, 5, 4, 5, 5, 5, 4, 4, 5, 4, 5, 3, 4, 5, 4, 4, 4, 5]"
to meet,3.6,0.7118,30,"[3, 4, 3, 2, 4, 5, 3, 2, 4, 4, 4, 4, 4, 4, 3, 4, 4, 4, 2, 4, 3, 3, 4, 4, 4, 4, 3, 4, 4, 4]"
to melt,3.1176,1.1572,34,"[4, 3, 4, 3, 4, 4, 5, 4, 2, 2, 3, 2, 4, 4, 3, 4, 1, 3, 2, 2, 4, 1, 3, 1, 2, 4, 4, 5, 1, 4, 4, 2, 4, 4]"
to microwave,2.7333,1.0934,30,"[1, 3, 3, 2, 2, 3, 4, 1, 3, 4, 1, 1, 3, 3, 3, 4, 2, 3, 3, 2, 1, 3, 3, 3, 5, 3, 4, 4, 1, 4]"
to mind,2.5862,0.8517,29,"[1, 3, 3, 3, 4, 1, 2, 3, 2, 2, 1, 3, 2, 3, 2, 3, 4, 3, 3, 3, 2, 2, 2, 4, 2, 3, 2, 4, 3]"
to mine,2.8,1.0132,30,"[3, 3, 1, 2, 5, 4, 3, 3, 3, 2, 4, 3, 2, 3, 1, 2, 4, 4, 2, 3, 2, 2, 2, 4, 4, 3, 2, 3, 1, 4]"
to monogram,2.4,0.8794,30,"[2, 3, 1, 4, 3, 3, 3, 3, 3, 1, 2, 2, 3, 3, 3, 3, 2, 2, 2, 1, 4, 2, 1, 3, 1, 3, 3, 1, 2, 3]"
to mother,3.0,1.4376,30,"[2, 3, 3, 1, 1, 4, 5, 2, 3, 5, 5, 4, 3, 3, 5, 5, 1, 3, 3, 2, 1, 2, 2, 2, 5, 5, 1, 4, 1, 4]"
to mount,4.1,0.7895,30,"[4, 4, 4, 2, 5, 4, 4, 4, 4, 2, 4, 4, 3, 4, 5, 5, 4, 4, 5, 5, 4, 5, 5, 4, 4, 5, 3, 4, 4, 5]"
to murmur,2.1379,0.9368,29,"[1, 1, 2, 3, 3, 4, 2, 2, 2, 2, 2, 1, 2, 3, 1, 2, 1, 2, 1, 3, 2, 4, 2, 1, 4, 3, 1, 2, 3]"
to mutter,2.1667,0.8975,30,"[2, 1, 1, 3, 4, 1, 3, 3, 4, 2, 2, 3, 1, 2, 1, 2, 2, 2, 2, 3, 2, 1, 2, 2, 2, 3, 2, 2, 1, 4]"
to narrow,2.6333,0.9123,30,"[1, 2, 3, 2, 2, 3, 4, 4, 3, 3, 1, 2, 3, 3, 1, 3, 2, 3, 3, 3, 2, 2, 4, 3, 2, 1, 3, 3, 4, 4]"
to neigh,3.0667,0.9978,30,"[3, 3, 3, 2, 2, 3, 4, 2, 4, 5, 2, 2, 3, 3, 1, 2, 2, 3, 4, 4, 3, 2, 4, 3, 5, 2, 4, 4, 4, 4]"
to nestle,2.6333,1.0796,30,"[1, 4, 1, 4, 1, 2, 2, 3, 4, 4, 3, 2, 2, 4, 4, 3, 2, 3, 2, 2, 4, 1, 4, 2, 3, 2, 2, 4, 1, 3]"
to nickname,2.7,1.0376,30,"[4, 3, 4, 4, 5, 2, 2, 3, 3, 2, 4, 2, 2, 3, 1, 1, 3, 3, 2, 2, 1, 1, 2, 3, 4, 3, 3, 3, 2, 4]"
to notch,2.6897,0.8347,29,"[3, 3, 2, 3, 4, 1, 3, 3, 2, 4, 2, 3, 3, 3, 1, 3, 3, 4, 3, 3, 2, 2, 3, 3, 4, 2, 3, 1, 2]"
to nudge,2.7241,0.979,29,"[2, 3, 2, 4, 4, 3, 1, 3, 3, 4, 3, 3, 1, 3, 4, 2, 2, 4, 1, 3, 2, 4, 2, 3, 1, 4, 2, 3, 3]"
to numb,2.3667,1.1101,30,"[2, 3, 1, 2, 4, 1, 3, 3, 3, 1, 4, 2, 2, 1, 1, 3, 2, 1, 4, 2, 4, 1, 4, 2, 4, 2, 4, 2, 1, 2]"
to object,3.0333,1.1686,30,"[4, 2, 4, 2, 4, 3, 3, 2, 4, 4, 4, 2, 4, 4, 5, 4, 3, 1, 2, 3, 3, 3, 1, 2, 4, 1, 5, 1, 3, 4]"
to occur,3.0882,0.8868,34,"[3, 4, 4, 2, 3, 3, 4, 3, 3, 4, 4, 2, 3, 4, 3, 3, 1, 4, 3, 1, 3, 3, 4, 4, 4, 3, 3, 3, 1, 4, 2, 3, 3, 4]"
to offer,3.2,1.0456,30,"[3, 3, 1, 4, 3, 3, 3, 5, 4, 2, 4, 5, 4, 4, 3, 4, 3, 4, 3, 3, 1, 2, 4, 4, 4, 4, 2, 3, 1, 3]"
to oppose,3.2,1.249,30,"[3, 2, 5, 1, 4, 4, 3, 5, 5, 2, 4, 2, 4, 4, 4, 4, 2, 4, 3, 1, 2, 4, 1, 3, 4, 1, 5, 3, 3, 4]"
to orphan,2.7931,1.3488,29,"[1, 3, 2, 4, 1, 2, 4, 2, 1, 4, 1, 4, 1, 3, 3, 5, 4, 4, 3, 3, 1, 3, 1, 5, 3, 1, 4, 5, 3]"
to package,2.5667,1.0225,30,"[1, 3, 2, 1, 2, 3, 3, 4, 3, 1, 1, 2, 3, 3, 1, 3, 3, 3, 3, 1, 4, 2, 3, 3, 4, 3, 4, 4, 1, 3]"
to pad,2.4333,0.9894,30,"[4, 3, 1, 1, 3, 1, 2, 1, 2, 2, 2, 2, 3, 4, 2, 1, 4, 3, 2, 3, 3, 3, 1, 3, 3, 4, 3, 3, 1, 3]"
to panel,2.3667,0.9481,30,"[1, 3, 1, 1, 2, 3, 3, 3, 2, 3, 3, 1, 4, 2, 2, 3, 3, 3, 2, 3, 4, 1, 1, 3, 1, 2, 2, 2, 4, 3]"
to parade,4.069,0.9071,29,"[2, 4, 5, 4, 4, 4, 5, 4, 1, 5, 4, 5, 4, 3, 4, 4, 4, 3, 5, 4, 4, 5, 4, 5, 4, 5, 4, 4, 5]"
to partition,2.5,0.9574,30,"[2, 2, 4, 2, 4, 2, 2, 3, 3, 2, 2, 1, 1, 3, 1, 3, 4, 3, 2, 3, 4, 1, 3, 3, 4, 3, 2, 3, 1, 2]"
to pat,2.5,1.0567,30,"[3, 2, 4, 3, 3, 3, 3, 4, 1, 1, 2, 4, 2, 2, 2, 4, 3, 1, 1, 1, 2, 4, 1, 3, 4, 3, 3, 2, 1, 3]"
to peddle,2.8235,0.9226,34,"[3, 3, 4, 3, 4, 1, 4, 2, 3, 1, 3, 4, 3, 4, 3, 3, 1, 3, 3, 1, 4, 3, 3, 3, 4, 3, 2, 3, 1, 3, 3, 2, 3, 3]"
to peer,2.931,0.8683,29,"[1, 3, 3, 3, 3, 2, 2, 3, 3, 4, 1, 3, 2, 3, 2, 4, 4, 3, 4, 3, 3, 2, 4, 3, 4, 4, 2, 4, 3]"
to peeve,3.0345,1.2994,29,"[1, 3, 1, 4, 4, 4, 1, 3, 1, 2, 2, 4, 1, 3, 5, 4, 3, 4, 5, 3, 2, 3, 5, 5, 3, 2, 2, 4, 4]"
to pencil,2.3793,1.1269,29,"[2, 4, 2, 3, 2, 2, 1, 3, 4, 1, 3, 3, 1, 3, 3, 1, 2, 4, 1, 1, 5, 3, 2, 2, 1, 1, 4, 3, 2]"
to perspire,2.9667,1.2776,30,"[4, 1, 2, 1, 2, 3, 3, 4, 4, 3, 1, 2, 1, 4, 4, 3, 4, 4, 2, 4, 4, 5, 1, 4, 4, 5, 3, 4, 1, 2]"
to perturb,3.4483,1.2201,29,"[3, 3, 4, 4, 3, 5, 1, 5, 4, 4, 5, 3, 2, 2, 5, 4, 4, 2, 4, 4, 4, 4, 4, 1, 1, 4, 5, 2, 4]"
to pet,3.1,1.106,30,"[2, 4, 4, 4, 4, 3, 2, 3, 4, 3, 4, 3, 1, 1, 4, 4, 2, 2, 4, 4, 4, 1, 4, 4, 2, 3, 4, 4, 1, 4]"
to pilot,3.7,0.8622,30,"[4, 5, 4, 4, 4, 3, 4, 3, 4, 2, 4, 2, 4, 4, 5, 4, 3, 4, 2, 5, 2, 4, 4, 4, 4, 3, 3, 5, 4, 4]"
to pin,2.9333,1.1235,30,"[2, 3, 3, 2, 4, 3, 4, 4, 5, 2, 3, 3, 4, 3, 1, 4, 3, 4, 2, 1, 3, 3, 2, 3, 1, 4, 5, 1, 2, 4]"
to play,4.2333,0.7608,30,"[2, 5, 4, 4, 3, 4, 5, 5, 4, 5, 5, 5, 5, 3, 4, 5, 4, 5, 4, 4, 4, 4, 4, 5, 5, 5, 4, 4, 3, 4]"
to plot,3.5,1.118,30,"[1, 3, 4, 4, 4, 4, 4, 5, 4, 4, 4, 2, 2, 2, 4, 4, 4, 4, 4, 3, 1, 5, 4, 5, 4, 4, 2, 2, 5, 3]"
to pluck,3.3235,0.8303,34,"[5, 2, 4, 3, 3, 3, 4, 3, 3, 4, 3, 4, 3, 3, 4, 3, 2, 4, 4, 2, 4, 4, 4, 4, 4, 3, 1, 3, 4, 4, 3, 3, 2, 4]"
to plunge,4.0294,0.8906,34,"[5, 3, 5, 3, 1, 4, 3, 4, 4, 4, 5, 4, 4, 4, 5, 4, 4, 3, 4, 5, 5, 4, 5, 5, 5, 4, 4, 4, 2, 4, 4, 4, 5, 4]"
to pocket,3.0588,1.1099,34,"[5, 3, 4, 3, 3, 1, 4, 3, 2, 1, 4, 2, 3, 4, 3, 3, 1, 4, 3, 1, 4, 3, 2, 4, 4, 4, 1, 3, 5, 3, 3, 3, 4, 4]"
to polarize,3.2,1.1662,30,"[3, 2, 4, 4, 3, 1, 5, 3, 3, 5, 1, 2, 4, 4, 3, 1, 4, 4, 2, 4, 4, 3, 4, 4, 4, 4, 2, 4, 4, 1]"
to police,3.5,0.9574,30,"[4, 4, 4, 4, 4, 4, 4, 4, 5, 4, 4, 4, 3, 5, 4, 1, 4, 2, 3, 4, 2, 2, 3, 4, 2, 4, 3, 4, 2, 4]"
to pollute,3.069,1.2298,29,"[2, 3, 3, 4, 3, 2, 2, 1, 3, 4, 1, 3, 1, 2, 4, 5, 4, 4, 5, 3, 1, 4, 4, 4, 4, 4, 2, 5, 2]"
to pool,2.6667,1.1055,30,"[3, 2, 4, 2, 3, 3, 4, 5, 2, 1, 2, 2, 4, 2, 3, 4, 3, 2, 2, 1, 2, 4, 4, 3, 1, 1, 4, 1, 3, 3]"
to pound,4.0333,0.7063,30,"[4, 4, 5, 4, 4, 3, 2, 5, 4, 5, 4, 4, 4, 3, 4, 4, 5, 5, 4, 4, 4, 4, 5, 4, 4, 3, 4, 4, 3, 5]"
to powder,2.4333,1.0546,30,"[2, 2, 1, 3, 5, 2, 3, 3, 3, 1, 2, 2, 1, 3, 3, 2, 2, 2, 2, 4, 4, 1, 2, 3, 3, 4, 2, 4, 1, 1]"
to praise,3.5294,1.0069,34,"[1, 4, 4, 4, 5, 3, 4, 2, 4, 4, 4, 2, 4, 4, 4, 4, 1, 4, 3, 4, 5, 2, 3, 5, 4, 4, 4, 3, 4, 4, 4, 2, 4, 3]"
to prance,3.8276,1.0194,29,"[2, 5, 5, 3, 5, 2, 3, 4, 1, 4, 4, 4, 4, 2, 4, 5, 4, 3, 4, 4, 4, 4, 4, 5, 4, 5, 4, 4, 5]"
to pray,2.8,1.3515,30,"[3, 2, 4, 4, 1, 3, 2, 1, 3, 1, 4, 4, 1, 5, 4, 4, 1, 4, 4, 5, 4, 1, 1, 4, 2, 4, 2, 2, 1, 3]"
to preach,2.9,1.2477,30,"[4, 3, 4, 4, 5, 3, 2, 3, 4, 1, 2, 1, 1, 2, 1, 3, 5, 3, 4, 1, 4, 2, 4, 3, 2, 3, 2, 2, 5, 4]"
to preen,2.7667,0.9195,30,"[1, 3, 3, 2, 2, 2, 2, 3, 3, 4, 2, 5, 3, 4, 3, 3, 3, 2, 4, 3, 3, 1, 2, 4, 3, 2, 2, 4, 2, 3]"
to prefer,2.8276,0.8333,29,"[1, 3, 3, 4, 4, 1, 1, 3, 3, 3, 2, 3, 3, 3, 2, 2, 4, 3, 4, 3, 3, 3, 3, 3, 3, 4, 2, 3, 3]"
to prick,3.3667,1.1686,30,"[4, 4, 2, 2, 4, 4, 4, 4, 4, 2, 2, 5, 2, 1, 3, 4, 4, 4, 4, 4, 1, 2, 5, 5, 3, 4, 2, 4, 5, 3]"
to provide,3.1667,1.0672,30,"[2, 3, 4, 4, 1, 3, 1, 2, 3, 5, 4, 3, 4, 3, 3, 5, 2, 3, 4, 3, 3, 2, 3, 3, 4, 5, 2, 3, 5, 3]"
to provoke,3.8333,0.969,30,"[4, 4, 4, 4, 2, 1, 5, 4, 5, 5, 4, 4, 4, 5, 3, 4, 5, 5, 4, 4, 4, 3, 4, 4, 4, 4, 2, 4, 4, 2]"
to prune,2.3333,0.9775,30,"[4, 2, 3, 2, 2, 1, 1, 3, 3, 2, 1, 1, 3, 2, 3, 1, 3, 2, 2, 2, 3, 4, 1, 4, 2, 4, 3, 3, 1, 2]"
to pull,3.069,1.0806,29,"[4, 2, 4, 3, 2, 3, 2, 4, 3, 3, 2, 3, 3, 1, 1, 4, 4, 2, 4, 4, 2, 4, 4, 5, 4, 3, 4, 1, 4]"
to punish,3.7667,1.1743,30,"[4, 4, 3, 1, 1, 5, 2, 3, 5, 3, 5, 4, 4, 5, 4, 5, 5, 4, 4, 2, 4, 5, 5, 4, 5, 4, 3, 2, 4, 4]"
to purge,3.4667,0.9911,30,"[3, 4, 4, 4, 2, 1, 4, 4, 4, 5, 2, 4, 4, 4, 3, 1, 4, 4, 4, 2, 3, 5, 4, 4, 3, 4, 3, 4, 4, 3]"
to putter,2.2059,0.9003,34,"[2, 2, 2, 3, 3, 2, 3, 3, 1, 1, 3, 2, 3, 3, 2, 3, 1, 2, 3, 2, 4, 3, 1, 2, 1, 4, 2, 3, 1, 2, 1, 1, 3, 1]"
to quibble,2.9667,0.9826,30,"[4, 3, 2, 3, 2, 2, 4, 3, 4, 4, 2, 2, 4, 4, 2, 1, 3, 4, 3, 4, 3, 4, 2, 2, 3, 4, 2, 4, 4, 1]"
to quicken,3.9412,0.8381,34,"[5, 3, 4, 3, 3, 4, 5, 2, 3, 4, 4, 4, 4, 4, 4, 4, 4, 5, 5, 4, 4, 4, 4, 5, 4, 4, 1, 4, 4, 4, 4, 5, 4, 5]"
to quickstep,3.7931,1.1259,29,"[2, 4, 4, 4, 2, 4, 4, 5, 1, 4, 3, 4, 1, 3, 5, 5, 4, 4, 5, 4, 4, 5, 5, 5, 4, 4, 3, 3, 5]"
to rank,2.8667,0.9568,30,"[2, 2, 2, 4, 3, 3, 3, 4, 3, 3, 3, 2, 3, 3, 3, 4, 3, 3, 1, 1, 1, 3, 4, 3, 5, 4, 2, 2, 4, 3]"
to ravage,4.3333,1.075,30,"[4, 5, 5, 5, 5, 5, 2, 5, 5, 3, 5, 4, 5, 4, 5, 5, 4, 4, 3, 5, 5, 5, 5, 5, 5, 1, 5, 2, 4, 5]"
to react,3.6897,0.9136,29,"[3, 2, 3, 4, 3, 3, 5, 5, 3, 5, 4, 3, 4, 3, 1, 5, 3, 4, 4, 4, 4, 4, 4, 4, 4, 4, 4, 3, 5]"
to receive,3.2333,1.0225,30,"[1, 3, 3, 4, 3, 4, 1, 3, 3, 5, 4, 4, 3, 3, 3, 4, 2, 3, 4, 3, 4, 2, 4, 3, 4, 5, 4, 4, 1, 3]"
to reckon,2.7333,0.9978,30,"[4, 4, 2, 2, 2, 3, 2, 3, 3, 2, 2, 3, 3, 3, 1, 2, 4, 3, 3, 2, 4, 1, 5, 2, 4, 3, 2, 3, 4, 1]"
to recommend,3.2414,0.9342,29,"[2, 3, 1, 5, 2, 4, 3, 3, 4, 3, 4, 4, 4, 4, 4, 4, 4, 3, 3, 3, 5, 2, 3, 4, 3, 3, 2, 2, 3]"
to redeem,3.1176,0.8998,34,"[2, 3, 2, 3, 4, 2, 4, 3, 2, 4, 3, 2, 3, 4, 4, 3, 1, 3, 3, 1, 4, 3, 3, 4, 4, 4, 4, 2, 4, 4, 4, 3, 3, 4]"
to reek,2.8333,1.3683,30,"[2, 4, 1, 2, 2, 4, 4, 2, 4, 1, 1, 3, 1, 3, 1, 3, 5, 5, 4, 1, 1, 4, 3, 4, 5, 3, 2, 3, 5, 2]"
to rekindle,4.1176,0.4706,34,"[5, 4, 5, 3, 5, 4, 4, 4, 4, 4, 4, 4, 4, 3, 4, 4, 4, 4, 4, 4, 4, 4, 4, 5, 4, 4, 5, 4, 5, 4, 4, 4, 4, 4]"
to relinquish,2.8333,1.2134,30,"[2, 4, 2, 3, 4, 2, 2, 2, 5, 3, 3, 2, 4, 3, 4, 5, 4, 5, 3, 2, 2, 2, 1, 2, 1, 1, 5, 2, 2, 3]"
to relish,3.5667,1.1743,30,"[1, 4, 4, 5, 4, 4, 3, 3, 4, 4, 4, 5, 4, 3, 4, 3, 5, 5, 4, 4, 1, 1, 5, 5, 4, 4, 2, 3, 2, 3]"
to remain,2.1379,0.8992,29,"[3, 3, 1, 2, 3, 4, 2, 2, 2, 2, 2, 2, 3, 3, 2, 3, 2, 1, 1, 3, 2, 1, 1, 1, 1, 4, 1, 2, 3]"
to remit,2.4667,0.9214,30,"[2, 2, 1, 3, 3, 3, 3, 3, 3, 3, 3, 2, 1, 3, 1, 3, 3, 3, 2, 1, 2, 1, 5, 3, 2, 3, 3, 3, 1, 3]"
to repay,2.9667,0.9481,30,"[4, 4, 2, 2, 3, 1, 2, 3, 4, 4, 3, 2, 4, 4, 3, 1, 4, 4, 3, 2, 3, 2, 4, 4, 2, 2, 3, 3, 4, 3]"
to repeat,2.3333,0.83,30,"[2, 2, 4, 2, 1, 2, 2, 2, 3, 5, 3, 2, 2, 3, 3, 3, 1, 2, 2, 3, 1, 2, 2, 3, 2, 2, 2, 2, 2, 3]"
to repopulate,3.6207,0.8872,29,"[4, 4, 4, 4, 3, 4, 4, 4, 5, 3, 3, 4, 4, 4, 3, 4, 1, 4, 4, 4, 3, 3, 2, 5, 5, 2, 4, 4, 3]"
to repossess,3.0333,1.1686,30,"[3, 4, 3, 2, 2, 2, 4, 3, 2, 4, 2, 1, 4, 2, 5, 1, 2, 5, 3, 4, 3, 3, 5, 4, 4, 4, 1, 4, 2, 3]"
to reproduce,3.9,1.044,30,"[4, 5, 5, 4, 4, 3, 4, 5, 4, 2, 4, 3, 2, 4, 3, 5, 2, 5, 3, 4, 5, 3, 5, 5, 4, 5, 5, 2, 3, 5]"
to repulse,3.1667,1.2931,30,"[3, 2, 4, 4, 2, 1, 4, 3, 4, 5, 3, 2, 4, 4, 4, 1, 4, 5, 4, 2, 2, 4, 4, 5, 4, 4, 1, 4, 1, 1]"
to respect,2.8,1.1075,30,"[3, 3, 5, 4, 3, 3, 3, 3, 4, 1, 2, 2, 2, 2, 1, 3, 2, 3, 1, 4, 4, 1, 2, 4, 2, 3, 4, 3, 2, 5]"
to revile,3.5172,1.1024,29,"[2, 4, 3, 5, 3, 4, 4, 4, 1, 4, 2, 5, 4, 2, 5, 3, 4, 4, 4, 3, 3, 3, 5, 5, 1, 4, 4, 3, 4]"
to revitalize,4.2333,0.8825,30,"[3, 4, 4, 4, 1, 4, 5, 5, 3, 5, 5, 5, 4, 5, 4, 4, 4, 5, 4, 3, 5, 4, 5, 4, 5, 5, 4, 4, 5, 5]"
to rhapsodize,3.8,0.8718,30,"[4, 3, 4, 4, 2, 4, 1, 4, 4, 5, 4, 5, 5, 3, 4, 4, 3, 4, 4, 4, 5, 4, 4, 3, 5, 3, 3, 4, 4, 4]"
to ripen,3.1667,1.0028,30,"[4, 4, 2, 4, 5, 3, 3, 3, 3, 2, 4, 3, 2, 3, 1, 4, 4, 2, 4, 4, 4, 4, 4, 4, 2, 3, 2, 3, 1, 4]"
to roam,3.4138,0.9655,29,"[1, 4, 4, 5, 3, 2, 3, 3, 4, 4, 2, 4, 4, 3, 4, 2, 4, 4, 4, 4, 3, 4, 3, 1, 4, 4, 4, 4, 4]"
to rocket,4.3529,0.9037,34,"[5, 3, 5, 3, 4, 5, 4, 3, 4, 5, 5, 5, 4, 3, 4, 4, 5, 5, 5, 5, 5, 5, 4, 5, 5, 4, 1, 4, 5, 4, 5, 5, 5, 5]"
to row,3.2667,1.0625,30,"[4, 3, 3, 4, 3, 1, 3, 2, 2, 4, 4, 2, 4, 5, 3, 1, 4, 2, 3, 4, 3, 4, 3, 5, 4, 5, 3, 4, 4, 2]"
to rue,2.7,0.9713,30,"[3, 3, 1, 2, 2, 2, 2, 3, 3, 1, 3, 3, 4, 3, 1, 3, 4, 2, 1, 3, 4, 4, 2, 2, 4, 3, 2, 3, 4, 4]"
to rule,3.6333,1.1101,30,"[4, 4, 5, 4, 5, 4, 3, 3, 4, 2, 5, 3, 2, 3, 1, 3, 5, 4, 1, 4, 4, 5, 4, 4, 5, 3, 4, 3, 5, 3]"
to run,3.7667,0.9551,30,"[4, 4, 5, 4, 4, 3, 4, 5, 4, 3, 5, 4, 4, 4, 4, 4, 2, 4, 2, 2, 3, 5, 5, 4, 4, 4, 4, 1, 4, 4]"
to saddle,3.5333,0.718,30,"[4, 4, 3, 4, 4, 4, 4, 3, 4, 3, 4, 4, 4, 4, 3, 1, 4, 4, 3, 4, 3, 3, 4, 4, 4, 4, 3, 3, 4, 2]"
to satellite,2.7,1.1299,30,"[1, 3, 1, 1, 4, 3, 3, 4, 1, 3, 2, 5, 3, 2, 3, 4, 3, 4, 4, 3, 2, 2, 1, 4, 1, 2, 2, 3, 4, 3]"
to saw,3.3929,1.012,28,"[3, 2, 4, 3, 1, 4, 5, 4, 4, 5, 2, 3, 3, 2, 3, 3, 4, 4, 4, 4, 5, 4, 2, 4, 4, 4, 2, 3]"
to scorch,3.6,1.2806,30,"[2, 4, 2, 1, 4, 5, 4, 3, 3, 2, 5, 4, 4, 4, 1, 1, 5, 5, 4, 4, 2, 5, 5, 4, 5, 3, 4, 4, 4, 5]"
to scram,3.1034,1.0617,29,"[1, 3, 3, 3, 3, 1, 4, 3, 4, 4, 5, 3, 3, 2, 2, 5, 4, 4, 2, 3, 3, 2, 2, 3, 4, 2, 5, 4, 3]"
to scrawl,2.931,1.112,29,"[1, 2, 4, 3, 4, 1, 1, 3, 3, 4, 2, 3, 2, 3, 4, 3, 3, 3, 4, 3, 3, 5, 2, 4, 1, 5, 2, 3, 4]"
to screw,3.6667,1.0111,30,"[4, 5, 4, 5, 1, 4, 5, 4, 4, 5, 4, 2, 3, 3, 3, 5, 5, 3, 4, 3, 4, 4, 4, 3, 4, 3, 4, 4, 2, 2]"
to sculpt,3.2759,0.979,29,"[2, 4, 1, 4, 4, 3, 2, 4, 3, 4, 4, 4, 4, 3, 2, 1, 4, 4, 4, 3, 4, 4, 2, 4, 4, 3, 4, 2, 4]"
to search,3.2759,0.9058,29,"[2, 4, 4, 4, 2, 4, 2, 3, 3, 4, 3, 3, 4, 3, 3, 5, 3, 2, 1, 4, 4, 3, 4, 2, 3, 4, 4, 4, 4]"
to see,3.0357,1.0516,28,"[3, 3, 3, 2, 3, 1, 3, 3, 2, 4, 4, 1, 3, 3, 3, 3, 2, 5, 3, 5, 3, 4, 4, 3, 5, 3, 3, 1]"
to seep,2.5758,0.9857,33,"[3, 3, 4, 3, 3, 3, 4, 3, 1, 1, 3, 3, 4, 2, 2, 1, 3, 2, 2, 4, 2, 2, 3, 1, 4, 4, 3, 1, 2, 1, 2, 3, 3]"
to seethe,3.8333,1.2931,30,"[1, 4, 4, 1, 5, 5, 4, 3, 4, 2, 4, 3, 5, 4, 3, 5, 5, 5, 4, 5, 4, 4, 3, 5, 5, 1, 5, 5, 5, 2]"
to separate,2.6552,0.9201,29,"[3, 3, 1, 1, 1, 3, 3, 3, 2, 1, 2, 2, 3, 3, 4, 2, 3, 4, 4, 2, 3, 2, 4, 3, 3, 2, 4, 3, 3]"
to set,2.6333,0.9123,30,"[1, 3, 2, 3, 1, 3, 3, 3, 3, 1, 4, 5, 3, 3, 3, 4, 2, 3, 2, 3, 3, 1, 3, 3, 2, 2, 2, 2, 3, 3]"
to settle,2.2333,0.9551,30,"[4, 2, 2, 2, 3, 1, 1, 2, 2, 2, 3, 2, 4, 1, 3, 1, 3, 1, 3, 2, 3, 1, 1, 2, 3, 4, 3, 2, 3, 1]"
to sever,3.5,1.0856,28,"[1, 3, 4, 4, 3, 5, 3, 3, 4, 5, 2, 4, 4, 2, 4, 4, 4, 2, 4, 3, 4, 5, 3, 4, 2, 2, 5, 5]"
to shackle,3.9706,0.857,34,"[5, 3, 4, 4, 3, 4, 3, 3, 4, 4, 4, 4, 2, 4, 4, 5, 1, 5, 4, 4, 5, 4, 4, 4, 5, 4, 4, 4, 5, 4, 5, 4, 5, 4]"
to shake,3.8,0.7483,30,"[3, 3, 4, 4, 3, 4, 4, 4, 4, 5, 4, 4, 4, 5, 5, 3, 4, 5, 4, 4, 3, 4, 4, 4, 4, 4, 3, 4, 2, 2]"
to shampoo,2.6333,1.0483,30,"[4, 1, 2, 4, 4, 2, 3, 3, 3, 3, 2, 3, 2, 3, 1, 1, 3, 3, 1, 2, 4, 4, 2, 3, 3, 3, 4, 4, 1, 1]"
to sharpen,3.5294,1.0069,34,"[4, 3, 5, 3, 4, 4, 4, 3, 2, 4, 4, 4, 4, 4, 4, 4, 1, 4, 4, 4, 4, 3, 4, 3, 4, 4, 1, 4, 1, 4, 4, 2, 5, 4]"
to sheathe,3.1,1.2477,30,"[1, 3, 1, 5, 2, 3, 3, 1, 4, 4, 4, 1, 3, 3, 3, 4, 4, 5, 4, 4, 5, 5, 1, 2, 3, 3, 3, 4, 2, 3]"
to shine,3.7586,0.6245,29,"[4, 3, 3, 4, 4, 3, 4, 3, 3, 4, 4, 4, 4, 3, 2, 5, 5, 4, 4, 3, 4, 4, 4, 4, 4, 4, 4, 4, 4]"
to shingle,2.7333,0.9978,30,"[4, 4, 3, 2, 3, 1, 2, 3, 1, 3, 4, 2, 3, 4, 3, 1, 4, 2, 3, 3, 3, 4, 2, 4, 2, 4, 3, 2, 1, 2]"
to ship,2.8621,1.0414,29,"[1, 3, 2, 2, 3, 3, 5, 4, 3, 1, 1, 3, 3, 3, 2, 3, 4, 3, 4, 1, 2, 2, 3, 3, 4, 4, 4, 4, 3]"
to shock,4.1667,0.8199,30,"[3, 4, 4, 4, 4, 4, 5, 4, 5, 5, 5, 5, 3, 5, 4, 4, 5, 4, 4, 4, 2, 4, 5, 5, 5, 4, 4, 5, 4, 2]"
to short-circuit,3.1667,1.0355,30,"[4, 4, 4, 2, 4, 4, 3, 1, 4, 2, 4, 2, 5, 4, 4, 4, 2, 4, 3, 4, 3, 3, 2, 2, 4, 1, 3, 2, 3, 4]"
to shrivel,1.9667,0.9123,30,"[2, 3, 1, 2, 4, 1, 2, 2, 3, 1, 1, 2, 1, 1, 1, 1, 2, 2, 2, 1, 2, 1, 4, 4, 2, 3, 2, 2, 2, 2]"
to shrug,2.1379,0.8992,29,"[1, 3, 1, 2, 3, 2, 1, 2, 3, 2, 2, 3, 1, 3, 3, 2, 2, 4, 1, 3, 1, 3, 2, 1, 1, 4, 2, 2, 2]"
to shuck,2.8621,0.9368,29,"[2, 4, 2, 3, 5, 3, 2, 3, 1, 4, 3, 3, 1, 3, 3, 2, 3, 4, 4, 3, 2, 4, 4, 2, 3, 2, 2, 3, 3]"
to shudder,3.1333,1.0562,30,"[3, 4, 2, 3, 4, 3, 4, 3, 4, 1, 2, 4, 2, 1, 2, 3, 4, 4, 4, 4, 5, 3, 4, 5, 2, 2, 2, 3, 4, 3]"
to sight,2.7586,0.9704,29,"[1, 3, 3, 4, 4, 3, 1, 3, 2, 3, 2, 2, 2, 3, 1, 1, 4, 3, 4, 3, 3, 2, 3, 2, 3, 4, 4, 4, 3]"
to signal,3.2069,0.8859,29,"[2, 3, 4, 3, 4, 2, 3, 4, 3, 2, 3, 3, 4, 3, 4, 4, 3, 4, 1, 3, 4, 4, 3, 4, 1, 4, 4, 3, 4]"
to silkscreen,2.6667,1.0435,30,"[3, 3, 1, 2, 1, 4, 3, 3, 4, 2, 2, 4, 4, 2, 3, 4, 1, 3, 2, 2, 3, 1, 1, 4, 2, 4, 2, 3, 4, 3]"
to sizzle,4.0882,0.612,34,"[5, 4, 4, 3, 4, 5, 4, 4, 4, 4, 4, 2, 4, 4, 5, 3, 4, 4, 4, 4, 4, 4, 4, 4, 4, 4, 5, 5, 5, 4, 5, 4, 4, 4]"
to sketch,3.0333,0.9826,30,"[4, 3, 4, 4, 4, 3, 3, 3, 4, 2, 4, 3, 2, 3, 1, 1, 1, 3, 2, 4, 2, 2, 4, 3, 4, 3, 3, 4, 4, 4]"
to ski,4.0,1.0954,30,"[4, 4, 5, 5, 5, 5, 4, 3, 3, 1, 4, 4, 4, 5, 3, 1, 5, 5, 4, 4, 5, 3, 4, 4, 5, 3, 5, 5, 5, 3]"
to slaughter,4.1724,1.2613,29,"[2, 4, 4, 5, 5, 5, 5, 2, 1, 4, 2, 5, 4, 1, 5, 5, 5, 4, 5, 5, 5, 5, 5, 5, 4, 5, 4, 5, 5]"
to sleepwalk,2.6786,1.1968,28,"[2, 3, 2, 2, 4, 3, 4, 4, 4, 4, 2, 5, 2, 3, 2, 1, 2, 3, 1, 2, 3, 1, 5, 1, 3, 2, 4, 1]"
to sleet,3.1034,1.1248,29,"[2, 4, 3, 5, 5, 2, 1, 3, 1, 2, 2, 3, 3, 3, 3, 4, 4, 4, 2, 3, 4, 3, 4, 4, 1, 5, 4, 3, 3]"
to slim,2.9,1.0116,30,"[4, 2, 3, 3, 3, 1, 2, 3, 4, 3, 3, 2, 3, 2, 3, 1, 4, 1, 3, 4, 3, 3, 1, 4, 3, 4, 3, 3, 4, 5]"
to slip,3.1333,1.1757,30,"[4, 3, 2, 1, 2, 5, 2, 4, 4, 2, 2, 4, 2, 5, 1, 3, 5, 4, 3, 3, 2, 2, 3, 4, 4, 3, 4, 4, 5, 2]"
to sneeze,2.9,1.193,30,"[2, 2, 4, 2, 4, 3, 4, 5, 4, 3, 4, 2, 4, 2, 3, 4, 1, 1, 1, 2, 3, 3, 4, 4, 2, 2, 5, 1, 2, 4]"
to snicker,3.4667,0.8459,30,"[3, 3, 4, 4, 3, 4, 5, 4, 4, 5, 2, 4, 3, 3, 2, 3, 4, 3, 4, 4, 4, 2, 4, 3, 4, 2, 4, 4, 2, 4]"
to soften,2.1667,0.9339,30,"[1, 3, 1, 1, 2, 2, 2, 2, 4, 2, 3, 1, 2, 3, 3, 4, 2, 4, 2, 2, 1, 1, 1, 2, 3, 2, 2, 3, 1, 3]"
to spawn,3.5667,0.9894,30,"[4, 4, 4, 4, 4, 1, 4, 2, 4, 4, 3, 4, 4, 5, 4, 1, 5, 2, 4, 4, 3, 4, 3, 4, 4, 4, 2, 4, 4, 4]"
to speak,3.4,0.9165,30,"[4, 3, 3, 4, 5, 3, 2, 3, 3, 3, 4, 3, 3, 3, 1, 5, 4, 4, 3, 3, 4, 4, 1, 4, 4, 4, 4, 3, 4, 4]"
to spill,3.5333,0.8844,30,"[2, 4, 4, 4, 3, 4, 4, 4, 3, 4, 5, 4, 3, 2, 4, 2, 2, 4, 3, 4, 4, 4, 4, 2, 2, 4, 4, 4, 5, 4]"
to splatter,3.7667,0.7157,30,"[4, 3, 4, 4, 3, 3, 5, 4, 4, 5, 3, 4, 4, 3, 4, 4, 4, 3, 4, 4, 3, 2, 5, 3, 4, 3, 4, 4, 5, 4]"
to spoon-feed,2.2727,0.8969,33,"[1, 2, 2, 3, 3, 1, 5, 1, 2, 1, 3, 3, 4, 2, 2, 1, 2, 3, 2, 2, 3, 2, 2, 2, 3, 1, 3, 2, 2, 3, 3, 2, 2]"
to spot,3.1379,0.9729,29,"[4, 4, 3, 4, 3, 3, 2, 4, 4, 4, 3, 4, 4, 3, 1, 4, 2, 3, 4, 3, 4, 1, 4, 3, 4, 3, 3, 2, 1]"
to spray-paint,3.4667,0.8459,30,"[3, 3, 4, 4, 1, 2, 2, 4, 3, 3, 3, 4, 3, 3, 3, 3, 5, 3, 4, 5, 4, 4, 3, 4, 4, 4, 4, 4, 4, 4]"
to squash,3.4118,0.9113,34,"[5, 2, 4, 3, 4, 3, 3, 1, 2, 4, 4, 2, 3, 3, 4, 5, 4, 4, 3, 2, 4, 4, 4, 3, 4, 4, 2, 3, 4, 4, 4, 4, 3, 4]"
to squeak,3.2,0.9798,30,"[2, 4, 3, 4, 2, 3, 2, 3, 4, 2, 4, 3, 3, 4, 1, 4, 5, 3, 3, 3, 2, 4, 2, 4, 5, 3, 2, 4, 4, 4]"
to squeal,4.1765,0.7464,34,"[5, 4, 4, 4, 3, 4, 3, 2, 4, 4, 5, 4, 4, 3, 5, 4, 4, 5, 4, 5, 4, 5, 4, 4, 5, 4, 5, 4, 5, 3, 5, 4, 5, 5]"
to squeeze,3.7333,0.8138,30,"[2, 4, 4, 4, 2, 4, 2, 3, 4, 2, 4, 4, 4, 3, 4, 4, 4, 4, 4, 4, 5, 5, 4, 4, 5, 3, 4, 4, 4, 4]"
to stagger,3.1379,1.0077,29,"[1, 3, 3, 3, 4, 2, 4, 3, 3, 4, 4, 3, 2, 2, 2, 5, 2, 4, 1, 3, 4, 4, 4, 4, 2, 3, 4, 4, 4]"
to stalk,3.8333,1.3187,30,"[4, 4, 5, 4, 1, 4, 5, 5, 3, 5, 1, 5, 4, 1, 5, 4, 4, 5, 4, 5, 5, 4, 5, 4, 3, 2, 4, 4, 1, 5]"
to stammer,2.7241,1.111,29,"[2, 2, 3, 2, 1, 4, 2, 3, 3, 1, 2, 3, 2, 2, 1, 1, 4, 4, 4, 3, 2, 4, 4, 4, 4, 3, 1, 4, 4]"
to staple,2.3333,0.9775,30,"[2, 1, 4, 2, 3, 3, 4, 4, 3, 2, 2, 2, 3, 3, 1, 2, 1, 1, 4, 1, 2, 3, 2, 3, 1, 3, 2, 1, 2, 3]"
to starch,2.3214,0.9279,28,"[1, 3, 3, 3, 4, 1, 2, 3, 2, 1, 1, 3, 1, 3, 1, 2, 3, 3, 3, 2, 2, 4, 2, 3, 3, 1, 3, 2]"
to stare,2.7586,1.0391,29,"[1, 3, 3, 3, 4, 2, 2, 3, 3, 4, 2, 3, 3, 1, 1, 1, 4, 4, 2, 3, 2, 1, 4, 3, 3, 4, 3, 4, 4]"
to start,3.6333,0.7951,30,"[3, 4, 4, 4, 4, 3, 4, 5, 4, 2, 4, 2, 4, 4, 4, 4, 3, 4, 3, 3, 2, 4, 5, 4, 4, 4, 4, 4, 2, 4]"
to stash,3.1333,0.9214,30,"[3, 4, 4, 3, 4, 3, 3, 3, 4, 2, 4, 2, 4, 3, 4, 4, 2, 4, 2, 3, 4, 4, 2, 2, 4, 2, 4, 1, 2, 4]"
to steal,3.5333,1.2311,30,"[4, 4, 5, 1, 4, 4, 4, 1, 4, 2, 2, 4, 4, 1, 4, 4, 5, 4, 4, 4, 2, 5, 5, 4, 2, 4, 2, 4, 5, 4]"
to stew,2.8276,0.985,29,"[1, 3, 3, 4, 3, 3, 4, 3, 3, 2, 1, 2, 1, 3, 2, 1, 4, 4, 3, 3, 3, 4, 3, 3, 3, 3, 3, 5, 2]"
to stomp,3.7879,1.0662,33,"[4, 3, 4, 4, 3, 4, 1, 3, 2, 4, 5, 3, 4, 5, 5, 4, 4, 4, 4, 5, 4, 4, 5, 5, 3, 1, 2, 4, 4, 5, 4, 5, 4]"
to stoop,2.4828,1.0706,29,"[2, 2, 4, 2, 3, 3, 5, 1, 4, 4, 1, 2, 3, 2, 2, 2, 2, 3, 2, 1, 1, 2, 4, 3, 3, 1, 2, 4, 2]"
to straggle,2.5152,1.1838,33,"[1, 3, 1, 3, 3, 3, 3, 1, 1, 5, 3, 3, 3, 4, 5, 1, 3, 3, 2, 2, 2, 2, 3, 1, 4, 1, 2, 1, 2, 5, 2, 3, 2]"
to stratify,2.6333,0.9481,30,"[2, 3, 1, 3, 4, 3, 3, 3, 3, 1, 2, 2, 2, 2, 1, 3, 5, 3, 2, 3, 3, 1, 3, 3, 4, 3, 2, 4, 3, 2]"
to streak,3.9333,1.0306,30,"[4, 5, 5, 4, 1, 3, 4, 5, 4, 5, 3, 4, 4, 2, 4, 5, 5, 4, 5, 5, 4, 4, 4, 4, 4, 2, 5, 4, 2, 4]"
to strengthen,3.7667,0.8035,30,"[4, 3, 4, 4, 4, 4, 3, 3, 4, 4, 4, 4, 5, 4, 1, 3, 4, 4, 4, 5, 5, 4, 4, 4, 4, 3, 2, 4, 4, 4]"
to stretch,2.8,1.0132,30,"[4, 3, 4, 3, 4, 3, 3, 3, 3, 3, 4, 2, 4, 1, 1, 3, 2, 2, 4, 2, 4, 1, 4, 4, 1, 2, 3, 2, 2, 3]"
to strut,3.8485,0.7435,33,"[5, 3, 4, 3, 3, 4, 3, 3, 4, 2, 5, 4, 4, 4, 4, 4, 4, 4, 5, 5, 4, 2, 4, 4, 3, 4, 4, 4, 4, 4, 4, 5, 4]"
to stub,3.1034,1.3479,29,"[3, 3, 1, 4, 4, 2, 1, 4, 1, 4, 1, 4, 1, 3, 4, 4, 3, 5, 1, 3, 1, 4, 4, 5, 3, 4, 4, 5, 4]"
to study,2.3,1.0376,30,"[4, 1, 3, 2, 3, 1, 2, 1, 1, 2, 3, 2, 2, 4, 2, 1, 1, 4, 2, 2, 2, 4, 3, 2, 2, 4, 1, 2, 2, 4]"
to stuff,2.9667,0.9123,30,"[2, 2, 4, 2, 5, 3, 3, 4, 3, 4, 3, 3, 2, 3, 1, 2, 4, 3, 4, 3, 2, 2, 4, 3, 4, 2, 4, 3, 2, 3]"
to stumble,3.1333,1.2037,30,"[4, 3, 2, 1, 1, 4, 3, 3, 4, 2, 2, 4, 2, 5, 1, 3, 5, 4, 4, 3, 2, 1, 4, 4, 5, 3, 3, 4, 4, 4]"
to submit,2.7241,1.1714,29,"[2, 4, 3, 4, 3, 2, 3, 3, 1, 4, 3, 5, 2, 1, 5, 2, 2, 2, 4, 4, 1, 2, 3, 2, 3, 4, 3, 1, 1]"
to suffer,3.2069,1.4475,29,"[1, 1, 2, 2, 4, 1, 5, 5, 2, 4, 4, 2, 4, 4, 2, 1, 5, 4, 1, 4, 4, 4, 4, 4, 4, 1, 5, 5, 4]"
to surmount,3.4333,0.8035,30,"[4, 3, 4, 4, 3, 4, 4, 3, 3, 3, 5, 2, 4, 3, 4, 3, 3, 2, 3, 3, 4, 4, 1, 4, 4, 4, 4, 4, 3, 4]"
to surprise,4.3333,0.9775,30,"[4, 4, 5, 5, 5, 5, 5, 4, 4, 1, 5, 5, 5, 5, 3, 3, 5, 5, 2, 4, 5, 5, 4, 4, 5, 4, 5, 5, 5, 4]"
to swallow,3.0,1.1547,30,"[3, 2, 4, 4, 3, 2, 2, 4, 4, 3, 4, 4, 3, 3, 2, 3, 4, 2, 4, 5, 3, 3, 1, 4, 1, 1, 5, 1, 2, 4]"
to sway,2.6667,1.0111,30,"[2, 3, 3, 2, 1, 3, 2, 2, 2, 3, 1, 4, 3, 2, 3, 5, 4, 2, 3, 1, 2, 2, 3, 2, 4, 4, 2, 4, 4, 2]"
to swell,3.1034,1.0287,29,"[1, 3, 3, 3, 2, 4, 4, 3, 4, 3, 3, 2, 2, 4, 2, 1, 4, 4, 1, 3, 3, 3, 5, 4, 4, 3, 4, 4, 4]"
to synthesize,2.8333,0.969,30,"[2, 4, 2, 4, 4, 3, 2, 3, 4, 2, 2, 4, 4, 3, 1, 3, 3, 3, 2, 3, 2, 1, 2, 2, 3, 3, 2, 4, 5, 3]"
to tag,3.069,0.9802,29,"[1, 3, 3, 3, 4, 3, 4, 3, 3, 4, 4, 3, 1, 3, 2, 5, 4, 4, 2, 3, 3, 3, 4, 1, 4, 3, 2, 4, 3]"
to tail,3.3333,0.9428,30,"[4, 4, 3, 2, 3, 1, 4, 4, 5, 4, 3, 4, 4, 4, 3, 1, 4, 4, 2, 4, 3, 3, 3, 4, 4, 4, 3, 3, 2, 4]"
to tailor,2.7,1.0693,30,"[2, 2, 2, 2, 1, 1, 5, 2, 3, 4, 3, 2, 3, 3, 3, 4, 2, 3, 3, 3, 1, 2, 3, 3, 4, 5, 4, 3, 1, 2]"
to taste,3.9667,0.9481,30,"[5, 4, 5, 5, 3, 4, 4, 4, 4, 2, 5, 3, 2, 4, 1, 5, 5, 4, 4, 5, 4, 5, 4, 4, 4, 4, 4, 4, 4, 4]"
to team up,3.3103,0.9136,29,"[1, 3, 3, 3, 4, 1, 4, 3, 3, 4, 4, 3, 3, 4, 2, 5, 4, 4, 4, 3, 3, 3, 4, 2, 4, 4, 4, 4, 3]"
to tear,3.4667,1.0242,30,"[4, 4, 4, 4, 1, 2, 5, 4, 3, 5, 1, 4, 3, 2, 3, 4, 4, 4, 3, 4, 4, 4, 4, 4, 2, 2, 4, 4, 4, 4]"
to terrify,4.2414,1.0391,29,"[1, 3, 5, 4, 4, 4, 5, 5, 4, 5, 5, 4, 5, 4, 1, 5, 5, 4, 4, 4, 4, 4, 5, 5, 5, 4, 5, 5, 5]"
to thaw,2.1,0.8699,30,"[2, 2, 4, 2, 2, 3, 3, 1, 2, 3, 1, 2, 2, 2, 4, 2, 2, 1, 2, 1, 3, 1, 1, 3, 1, 2, 3, 1, 2, 3]"
to thieve,3.9697,1.1411,33,"[5, 1, 4, 4, 4, 5, 1, 1, 3, 4, 5, 4, 4, 4, 5, 4, 5, 4, 5, 5, 4, 4, 5, 5, 4, 4, 2, 4, 4, 4, 4, 5, 5]"
to tickle,4.2,0.7483,30,"[4, 4, 4, 4, 4, 5, 3, 4, 4, 3, 5, 4, 4, 5, 4, 5, 5, 4, 4, 2, 4, 5, 5, 4, 5, 4, 3, 5, 5, 5]"
to tip,2.9333,0.8138,30,"[1, 3, 3, 2, 3, 3, 3, 3, 3, 1, 3, 3, 4, 4, 3, 4, 3, 3, 4, 3, 2, 4, 2, 4, 4, 2, 2, 3, 3, 3]"
to tiptoe,2.9697,1.1142,33,"[1, 3, 4, 3, 4, 2, 5, 3, 2, 4, 4, 2, 4, 2, 2, 1, 2, 2, 4, 4, 2, 3, 3, 3, 4, 2, 4, 2, 3, 4, 4, 5, 1]"
to toast,3.4,1.0198,30,"[3, 4, 4, 4, 3, 3, 4, 5, 4, 2, 4, 2, 4, 4, 4, 4, 3, 4, 2, 1, 4, 4, 5, 3, 4, 3, 4, 1, 2, 4]"
to tolerate,2.3667,0.9481,30,"[4, 3, 1, 2, 2, 2, 3, 1, 4, 1, 2, 2, 2, 1, 3, 4, 4, 2, 2, 2, 2, 1, 2, 3, 3, 2, 4, 2, 3, 2]"
to toot,2.8966,0.9593,29,"[1, 3, 3, 3, 4, 1, 4, 3, 3, 3, 4, 1, 3, 2, 2, 4, 3, 4, 4, 3, 2, 4, 2, 3, 4, 4, 2, 2, 3]"
to topple,3.6765,1.0494,34,"[3, 3, 5, 4, 3, 4, 1, 3, 3, 4, 4, 5, 3, 4, 5, 4, 4, 4, 4, 1, 4, 4, 4, 4, 5, 3, 3, 4, 1, 4, 5, 4, 5, 4]"
to touch,3.7,0.9,30,"[4, 5, 4, 4, 4, 3, 4, 4, 4, 4, 4, 4, 2, 3, 4, 4, 4, 4, 2, 5, 4, 4, 4, 5, 4, 3, 4, 1, 2, 4]"
to track,3.0,1.0505,29,"[1, 4, 2, 4, 3, 2, 2, 4, 3, 4, 3, 4, 4, 3, 4, 2, 3, 4, 1, 3, 1, 4, 3, 4, 1, 4, 3, 3, 4]"
to transfer,2.7586,0.8572,29,"[2, 4, 3, 2, 3, 2, 3, 3, 3, 2, 4, 2, 3, 2, 4, 2, 2, 4, 3, 1, 3, 3, 4, 3, 1, 4, 2, 3, 3]"
to travel,4.4667,0.8459,30,"[2, 5, 4, 5, 3, 5, 5, 5, 2, 5, 5, 5, 5, 4, 4, 5, 4, 5, 5, 5, 5, 4, 4, 5, 4, 5, 5, 5, 5, 4]"
to trim,2.4138,0.8517,29,"[1, 3, 3, 3, 3, 1, 2, 3, 3, 1, 2, 3, 1, 3, 2, 1, 3, 3, 3, 3, 3, 3, 3, 1, 3, 2, 2, 4, 2]"
to trot,3.2857,0.8391,28,"[4, 3, 4, 4, 4, 3, 3, 3, 3, 3, 4, 4, 3, 4, 1, 2, 4, 3, 4, 2, 4, 4, 2, 4, 3, 2, 4, 4]"
to try,3.5172,0.6757,29,"[3, 3, 3, 4, 2, 3, 4, 3, 3, 4, 4, 3, 3, 3, 4, 5, 4, 4, 4, 4, 4, 3, 3, 4, 4, 4, 4, 4, 2]"
to tumble,3.4333,1.0225,30,"[4, 1, 4, 4, 4, 3, 3, 5, 4, 2, 4, 4, 4, 4, 3, 5, 3, 4, 2, 2, 2, 4, 4, 4, 4, 4, 4, 1, 3, 4]"
to tweet,2.9333,1.1528,30,"[4, 3, 4, 5, 2, 2, 3, 3, 1, 1, 2, 4, 4, 3, 3, 4, 3, 2, 4, 1, 5, 1, 2, 4, 2, 4, 2, 3, 4, 3]"
to twinkle,3.6,0.9522,30,"[4, 3, 4, 4, 4, 4, 3, 1, 3, 4, 4, 5, 4, 2, 4, 4, 4, 5, 5, 3, 4, 4, 1, 4, 4, 4, 3, 3, 4, 3]"
to type,2.5,0.9916,30,"[1, 3, 2, 4, 2, 3, 3, 1, 4, 1, 3, 4, 2, 3, 3, 3, 3, 3, 4, 2, 1, 1, 1, 4, 2, 2, 3, 2, 2, 3]"
to underlie,2.5667,1.0858,30,"[2, 1, 2, 1, 5, 3, 5, 2, 3, 1, 1, 2, 3, 3, 3, 2, 4, 3, 3, 3, 3, 2, 3, 3, 1, 3, 2, 3, 4, 1]"
to unglue,2.3929,0.9,28,"[1, 3, 3, 4, 1, 2, 3, 3, 2, 1, 3, 1, 1, 2, 1, 3, 3, 2, 3, 3, 2, 3, 3, 3, 2, 4, 2, 3]"
to unlace,3.2727,1.0808,33,"[4, 5, 3, 3, 3, 3, 4, 3, 2, 4, 4, 5, 4, 2, 4, 1, 3, 2, 5, 2, 3, 3, 2, 2, 3, 5, 5, 4, 2, 3, 4, 4, 2]"
to untie,2.5333,1.0562,30,"[2, 2, 4, 2, 3, 3, 3, 4, 5, 2, 3, 2, 2, 3, 4, 1, 3, 2, 2, 1, 2, 3, 2, 2, 1, 5, 2, 1, 2, 3]"
to use,2.6897,0.9506,29,"[1, 3, 3, 3, 2, 1, 4, 3, 3, 3, 2, 3, 1, 3, 1, 2, 4, 2, 4, 3, 2, 4, 2, 2, 3, 3, 4, 4, 3]"
to vacuum,2.3235,0.8984,34,"[2, 2, 2, 2, 2, 2, 3, 1, 1, 2, 4, 3, 3, 4, 3, 2, 1, 2, 3, 2, 2, 3, 1, 1, 4, 3, 2, 3, 4, 2, 3, 2, 1, 2]"
to vaporize,3.5517,1.0695,29,"[1, 3, 3, 4, 4, 1, 5, 3, 4, 4, 4, 4, 3, 4, 1, 5, 4, 4, 4, 4, 4, 5, 4, 4, 4, 3, 4, 4, 2]"
to vibrate,4.1333,0.763,30,"[4, 4, 5, 4, 4, 4, 4, 5, 4, 3, 5, 4, 4, 4, 5, 5, 4, 4, 4, 2, 4, 4, 5, 5, 5, 4, 5, 4, 2, 4]"
to view,2.8333,1.0672,30,"[1, 2, 2, 3, 1, 3, 1, 2, 3, 5, 3, 3, 3, 3, 3, 4, 3, 3, 3, 3, 4, 2, 3, 2, 4, 5, 2, 4, 1, 4]"
to void,2.7931,0.9958,29,"[1, 3, 2, 3, 2, 2, 1, 3, 3, 2, 2, 5, 4, 3, 3, 3, 3, 4, 4, 4, 2, 3, 2, 5, 2, 2, 2, 3, 3]"
to wag,3.0,1.0351,28,"[1, 3, 3, 2, 4, 1, 4, 3, 3, 4, 2, 3, 2, 3, 1, 2, 5, 4, 4, 3, 3, 2, 4, 4, 3, 3, 4, 4]"
to walk,3.0667,1.1235,30,"[3, 3, 2, 4, 2, 3, 2, 3, 4, 1, 4, 5, 2, 5, 3, 4, 2, 3, 4, 3, 5, 1, 1, 4, 4, 3, 2, 3, 4, 3]"
to warn,3.4667,0.8055,30,"[4, 3, 4, 4, 4, 4, 4, 4, 4, 2, 3, 4, 4, 2, 4, 4, 4, 4, 4, 4, 2, 4, 2, 4, 3, 4, 2, 2, 4, 3]"
to waste,2.5333,0.9568,30,"[2, 3, 2, 1, 1, 4, 2, 3, 4, 3, 2, 2, 2, 3, 1, 3, 3, 3, 3, 2, 2, 1, 4, 2, 4, 4, 3, 3, 1, 3]"
to wear,2.6,0.9522,30,"[1, 2, 1, 2, 2, 1, 1, 3, 3, 3, 3, 1, 3, 3, 3, 3, 2, 3, 3, 3, 2, 2, 4, 3, 4, 4, 4, 4, 2, 3]"
to wedge,3.0588,0.8022,34,"[3, 3, 4, 3, 3, 3, 3, 1, 2, 4, 3, 3, 3, 3, 2, 4, 4, 3, 3, 2, 2, 3, 3, 3, 4, 4, 4, 4, 1, 3, 3, 4, 3, 4]"
to weep,2.6552,1.0915,29,"[2, 4, 2, 2, 1, 4, 3, 3, 4, 2, 2, 2, 1, 1, 2, 2, 2, 4, 4, 2, 4, 4, 4, 2, 3, 4, 2, 1, 4]"
to whistle,3.1,0.9074,30,"[3, 3, 4, 3, 4, 3, 2, 4, 3, 2, 4, 2, 3, 4, 4, 3, 1, 4, 2, 2, 3, 4, 4, 3, 2, 3, 5, 3, 2, 4]"
to whiz,3.4412,1.0625,34,"[5, 4, 4, 3, 4, 4, 3, 1, 1, 4, 5, 4, 3, 4, 4, 4, 1, 4, 3, 4, 4, 3, 4, 4, 4, 3, 1, 2, 4, 3, 4, 4, 4, 4]"
to withdraw,2.2759,0.9058,29,"[1, 3, 3, 2, 4, 1, 2, 3, 2, 1, 2, 2, 1, 3, 3, 2, 2, 3, 1, 3, 2, 2, 4, 4, 1, 3, 2, 2, 2]"
to wobble,2.8621,0.9729,29,"[3, 2, 3, 4, 1, 2, 5, 4, 4, 3, 2, 3, 3, 2, 3, 4, 3, 2, 4, 3, 2, 3, 3, 2, 1, 2, 4, 4, 2]"
to work,2.9667,1.1968,30,"[4, 2, 4, 2, 3, 2, 4, 5, 2, 1, 4, 2, 4, 4, 3, 1, 2, 4, 2, 3, 4, 4, 2, 5, 1, 4, 3, 1, 3, 4]"
to wreck,4.1034,0.9227,29,"[3, 4, 5, 4, 5, 4, 4, 4, 4, 4, 2, 4, 4, 2, 3, 5, 4, 4, 5, 5, 2, 5, 5, 5, 4, 5, 4, 5, 5]"
to wrench,3.1667,1.2134,30,"[2, 2, 4, 2, 4, 3, 4, 4, 4, 1, 5, 2, 5, 4, 4, 5, 2, 2, 4, 1, 3, 4, 2, 4, 4, 3, 2, 2, 2, 5]"
to wring,3.4667,0.8459,30,"[3, 3, 5, 3, 3, 2, 5, 4, 3, 4, 3, 4, 4, 3, 3, 4, 4, 4, 2, 4, 3, 4, 4, 4, 5, 3, 2, 2, 4, 3]"
to writhe,3.6176,1.0576,34,"[5, 2, 5, 3, 3, 2, 3, 3, 2, 4, 5, 4, 4, 4, 4, 5, 1, 4, 4, 4, 5, 4, 4, 3, 4, 4, 4, 4, 1, 3, 3, 4, 5, 4]"
to yank,3.9333,1.0625,30,"[4, 5, 4, 5, 2, 3, 5, 5, 4, 5, 4, 5, 3, 3, 1, 4, 5, 4, 4, 4, 4, 4, 5, 4, 5, 1, 4, 4, 4, 4]"
to yearn,3.5333,1.1175,30,"[3, 2, 4, 5, 4, 4, 4, 3, 4, 4, 5, 1, 4, 2, 4, 2, 4, 5, 4, 3, 5, 4, 5, 4, 4, 4, 2, 3, 1, 3]"
to yell,4.0,1.0328,30,"[4, 4, 5, 2, 5, 4, 3, 5, 5, 4, 5, 2, 4, 4, 5, 5, 2, 4, 4, 3, 3, 4, 5, 5, 5, 3, 5, 2, 4, 5]"
to yelp,3.4333,0.8825,30,"[3, 3, 5, 4, 4, 3, 3, 4, 4, 2, 5, 2, 4, 4, 4, 4, 2, 4, 3, 4, 3, 4, 2, 4, 4, 2, 3, 2, 4, 4]"
to zigzag,3.7059,0.8585,34,"[5, 3, 5, 3, 5, 4, 3, 3, 2, 3, 4, 4, 3, 4, 5, 3, 4, 4, 4, 1, 4, 4, 4, 3, 4, 4, 3, 3, 4, 4, 4, 4, 5, 4]"
tongs,2.3448,0.9569,29,"[1, 3, 3, 3, 4, 1, 3, 3, 3, 2, 1, 3, 1, 3, 2, 1, 3, 2, 3, 3, 2, 1, 2, 1, 3, 4, 3, 1, 3]"
tonsillitis,2.5517,1.3541,29,"[1, 4, 2, 4, 1, 3, 1, 1, 1, 2, 2, 4, 1, 1, 3, 5, 2, 4, 1, 3, 1, 4, 2, 5, 4, 2, 4, 4, 2]"
tough,3.6667,0.7454,30,"[5, 4, 4, 5, 3, 3, 4, 3, 4, 4, 4, 5, 4, 3, 3, 2, 4, 4, 4, 3, 4, 3, 4, 4, 4, 4, 2, 3, 4, 3]"
toxoplasmosis,2.5172,1.3293,29,"[1, 1, 3, 3, 5, 3, 1, 2, 1, 4, 2, 4, 1, 1, 3, 3, 2, 4, 4, 2, 1, 3, 1, 4, 1, 4, 1, 5, 3]"
triathlon,4.1034,1.0937,29,"[2, 5, 4, 4, 5, 4, 4, 4, 2, 4, 4, 3, 2, 4, 5, 5, 5, 4, 5, 5, 1, 5, 4, 5, 5, 5, 4, 5, 5]"
tricky,3.6,0.9866,30,"[4, 3, 4, 4, 5, 4, 4, 3, 4, 2, 5, 3, 5, 3, 1, 3, 5, 4, 2, 4, 3, 4, 5, 4, 4, 3, 2, 3, 4, 4]"
true,3.0,1.0,30,"[1, 3, 3, 4, 3, 3, 3, 2, 4, 3, 3, 4, 4, 4, 4, 4, 3, 4, 2, 2, 1, 1, 3, 4, 4, 4, 1, 3, 3, 3]"
tundra,2.7586,1.1343,29,"[3, 2, 2, 3, 3, 1, 1, 3, 4, 1, 4, 4, 3, 5, 3, 1, 4, 2, 4, 3, 3, 5, 2, 1, 2, 3, 3, 3, 2]"
tungsten,2.6333,0.875,30,"[3, 3, 3, 3, 2, 2, 4, 3, 3, 2, 2, 2, 3, 4, 3, 4, 2, 2, 2, 2, 3, 3, 2, 3, 1, 5, 2, 1, 2, 3]"
ubiquitous,3.1333,1.0562,30,"[4, 1, 3, 1, 1, 2, 3, 3, 5, 3, 3, 2, 4, 4, 4, 4, 3, 3, 3, 3, 3, 3, 5, 2, 5, 3, 3, 4, 4, 3]"
unaccountable,2.0667,0.9638,30,"[2, 1, 2, 1, 4, 2, 3, 2, 4, 1, 4, 2, 3, 3, 1, 3, 2, 1, 2, 1, 2, 2, 1, 2, 1, 1, 3, 1, 2, 3]"
unbecoming,2.0588,1.0273,34,"[1, 1, 2, 2, 2, 2, 1, 1, 1, 3, 1, 3, 2, 4, 4, 2, 1, 3, 2, 1, 4, 3, 1, 3, 2, 3, 1, 2, 1, 2, 1, 1, 3, 4]"
unbiased,2.3529,0.9356,34,"[1, 3, 2, 2, 3, 2, 3, 3, 2, 1, 3, 2, 3, 4, 3, 2, 1, 3, 3, 1, 3, 2, 1, 1, 2, 3, 2, 3, 1, 2, 5, 3, 3, 2]"
unequaled,3.1379,1.3576,29,"[1, 1, 2, 5, 3, 3, 1, 4, 5, 3, 2, 5, 1, 3, 3, 5, 4, 4, 5, 4, 2, 1, 3, 5, 3, 2, 4, 3, 4]"
unexpected,3.9706,0.822,34,"[5, 3, 4, 3, 5, 4, 4, 3, 3, 4, 4, 4, 4, 3, 4, 4, 1, 5, 3, 5, 5, 5, 5, 4, 4, 4, 4, 4, 4, 4, 4, 4, 5, 4]"
unfettered,2.9412,1.0831,34,"[2, 3, 4, 3, 2, 3, 4, 3, 1, 4, 4, 2, 4, 4, 4, 4, 1, 3, 3, 1, 3, 1, 4, 2, 4, 4, 2, 3, 1, 3, 3, 3, 5, 3]"
unfortunate,2.3333,0.9428,30,"[3, 4, 3, 1, 1, 1, 2, 3, 4, 4, 2, 2, 2, 2, 2, 1, 2, 4, 3, 2, 1, 3, 1, 3, 2, 3, 2, 2, 3, 2]"
uninterested,1.3448,0.7998,29,"[1, 1, 1, 2, 1, 1, 1, 2, 4, 1, 1, 2, 1, 1, 1, 1, 1, 4, 1, 1, 1, 1, 1, 1, 1, 1, 1, 2, 1]"
unkempt,2.7941,1.1319,34,"[5, 2, 2, 4, 2, 3, 1, 2, 1, 2, 5, 4, 2, 4, 2, 4, 1, 4, 3, 4, 4, 2, 2, 3, 2, 4, 3, 2, 4, 2, 1, 3, 3, 3]"
unusual,3.4828,1.1024,29,"[1, 3, 3, 4, 4, 2, 4, 3, 3, 4, 2, 4, 3, 5, 1, 4, 4, 4, 4, 4, 4, 1, 5, 4, 5, 4, 4, 4, 4]"
unwieldy,2.5,1.0567,30,"[3, 1, 4, 2, 1, 3, 1, 3, 3, 1, 1, 5, 3, 3, 1, 2, 2, 3, 3, 2, 4, 2, 4, 3, 2, 2, 2, 4, 2, 3]"
uptight,2.8276,1.3408,29,"[2, 3, 4, 2, 1, 2, 5, 4, 3, 5, 5, 4, 2, 2, 4, 2, 1, 4, 2, 1, 1, 4, 2, 3, 1, 2, 5, 2, 4]"
used,2.1379,0.9729,29,"[1, 3, 3, 2, 4, 2, 1, 3, 2, 2, 1, 3, 1, 3, 1, 2, 4, 2, 2, 3, 2, 1, 1, 1, 3, 2, 1, 4, 2]"
vague,2.1333,0.8844,30,"[1, 3, 1, 1, 1, 3, 3, 3, 2, 2, 2, 2, 2, 2, 3, 4, 2, 3, 2, 3, 4, 1, 2, 2, 1, 1, 2, 2, 1, 3]"
valuable,3.7273,0.9931,33,"[5, 4, 4, 4, 4, 2, 4, 3, 3, 4, 5, 4, 4, 4, 3, 1, 5, 3, 1, 4, 4, 4, 3, 5, 3, 3, 4, 5, 4, 4, 4, 5, 4]"
vengeful,3.9697,1.3368,33,"[5, 1, 5, 4, 5, 4, 1, 1, 5, 5, 5, 5, 4, 2, 5, 4, 5, 4, 4, 5, 5, 5, 4, 4, 5, 4, 2, 1, 4, 4, 4, 5, 5]"
verdant,3.1333,0.8055,30,"[4, 3, 4, 4, 4, 4, 4, 3, 3, 3, 4, 2, 3, 3, 3, 3, 3, 1, 2, 4, 3, 3, 1, 4, 3, 4, 3, 3, 3, 3]"
violent,4.0,1.3933,34,"[5, 2, 5, 4, 5, 5, 1, 1, 1, 5, 5, 5, 2, 4, 5, 4, 4, 4, 5, 5, 5, 5, 5, 5, 5, 4, 1, 2, 5, 4, 4, 4, 5, 5]"
visual agnosia,2.5667,0.9551,30,"[1, 4, 2, 3, 2, 1, 2, 3, 2, 2, 3, 1, 3, 4, 1, 3, 4, 2, 2, 1, 2, 4, 3, 4, 3, 3, 3, 3, 3, 3]"
voracious,3.8333,1.2134,30,"[4, 4, 5, 4, 4, 4, 3, 3, 5, 3, 5, 4, 5, 5, 5, 3, 3, 4, 3, 5, 4, 5, 1, 5, 5, 1, 4, 1, 3, 5]"
vulgar,3.6333,0.9826,30,"[3, 2, 4, 3, 4, 4, 5, 4, 4, 5, 2, 4, 4, 4, 5, 3, 4, 5, 4, 4, 2, 4, 4, 4, 4, 4, 2, 4, 1, 3]"
wacky,3.8485,0.7435,33,"[5, 3, 4, 4, 2, 4, 3, 2, 3, 4, 5, 3, 4, 4, 3, 4, 4, 5, 4, 4, 4, 4, 4, 4, 4, 3, 4, 4, 4, 4, 5, 5, 4]"
waggish,2.8485,1.1314,33,"[3, 2, 2, 3, 4, 2, 5, 1, 1, 4, 1, 4, 4, 3, 3, 1, 3, 3, 2, 3, 4, 1, 4, 3, 4, 2, 3, 1, 4, 3, 4, 3, 4]"
wandering,2.6,1.052,30,"[2, 2, 2, 2, 3, 2, 4, 4, 2, 3, 3, 2, 1, 3, 4, 2, 3, 2, 3, 1, 4, 4, 1, 4, 1, 4, 4, 1, 2, 3]"
weary,1.6897,0.9136,29,"[1, 3, 1, 2, 4, 1, 1, 1, 1, 1, 2, 2, 1, 1, 1, 1, 2, 2, 2, 1, 2, 3, 1, 3, 1, 4, 1, 2, 1]"
wet,3.4,1.1136,30,"[4, 4, 2, 2, 1, 2, 3, 4, 4, 3, 4, 2, 4, 2, 5, 5, 3, 2, 4, 3, 5, 5, 2, 4, 4, 5, 4, 3, 3, 4]"
wheat bread,2.3103,0.9506,29,"[2, 3, 4, 2, 3, 1, 1, 3, 3, 2, 2, 3, 1, 3, 2, 2, 4, 3, 2, 3, 2, 1, 1, 2, 3, 4, 1, 1, 3]"
whipped cream,3.3333,1.1643,30,"[2, 5, 2, 2, 1, 4, 1, 3, 3, 5, 3, 4, 3, 3, 4, 5, 4, 4, 4, 2, 2, 4, 3, 3, 5, 5, 4, 4, 4, 2]"
white bread,2.3103,0.9136,29,"[1, 3, 1, 1, 2, 3, 3, 3, 1, 3, 4, 2, 2, 3, 4, 3, 2, 2, 3, 1, 1, 1, 3, 2, 2, 3, 3, 2, 3]"
white sugar,2.6,0.9866,30,"[2, 4, 1, 3, 3, 4, 3, 1, 2, 1, 2, 2, 4, 3, 3, 4, 2, 4, 2, 2, 3, 3, 3, 3, 1, 3, 2, 3, 1, 4]"
wicked,4.1379,0.86,29,"[2, 3, 4, 5, 5, 4, 4, 4, 3, 4, 2, 5, 5, 3, 4, 4, 4, 4, 5, 4, 4, 5, 4, 5, 5, 5, 5, 4, 5]"
wine,3.6552,0.9569,29,"[5, 3, 5, 4, 4, 3, 3, 3, 5, 4, 4, 5, 4, 4, 3, 4, 4, 3, 4, 3, 4, 4, 2, 3, 1, 4, 2, 5, 4]"
wireless,3.1,0.9781,30,"[3, 4, 3, 2, 4, 3, 3, 3, 3, 4, 1, 3, 3, 3, 3, 5, 5, 3, 4, 2, 4, 2, 4, 3, 4, 3, 2, 4, 1, 2]"
wiry,3.3,0.9363,30,"[3, 3, 4, 2, 3, 3, 4, 3, 3, 5, 5, 2, 3, 3, 4, 4, 4, 3, 2, 4, 2, 2, 4, 3, 4, 2, 2, 4, 4, 5]"
worried,3.2759,1.1714,29,"[2, 3, 2, 4, 4, 4, 4, 3, 1, 2, 2, 3, 2, 3, 3, 5, 4, 4, 4, 2, 1, 4, 2, 5, 4, 5, 4, 5, 4]"
wrathful,3.7667,1.4067,30,"[4, 4, 5, 4, 1, 4, 4, 5, 3, 5, 1, 5, 4, 2, 5, 5, 5, 5, 4, 5, 5, 4, 5, 4, 1, 1, 4, 4, 1, 4]"
ytterbium,2.1667,0.8596,30,"[2, 1, 1, 2, 3, 1, 2, 3, 1, 2, 3, 2, 2, 3, 1, 1, 3, 3, 1, 3, 1, 3, 3, 2, 3, 3, 1, 3, 3, 3]"
yttrium,2.6,0.9522,30,"[2, 3, 3, 1, 1, 3, 3, 3, 4, 3, 1, 2, 2, 3, 1, 3, 1, 3, 3, 3, 4, 3, 3, 3, 4, 3, 3, 2, 4, 1]"
zesty,4.1034,0.8447,29,"[4, 4, 5, 4, 4, 4, 3, 4, 4, 3, 5, 4, 5, 4, 5, 5, 3, 4, 4, 2, 5, 5, 5, 5, 5, 4, 4, 2, 4]"
zinc,2.0938,0.9473,32,"[1, 3, 2, 3, 1, 1, 1, 3, 1, 1, 3, 3, 4, 2, 2, 1, 3, 3, 1, 2, 3, 2, 1, 2, 3, 1, 3, 1, 3, 1, 3, 3]"
