unit,mean,std,n,individual_ratings
A few boys who petted a dog found something yesterday at the dog pound.,2.7899,1.2273,119,"[5, 1, 3, 3, 3, 2, 2, 1, 4, 2, 3, 2, 3, 2, 3, 3, 5, 4, 4, 3, 4, 1, 3, 2, 2, 3, 3, 2, 2, 4, 4, 4, 4, 4, 3, 2, 4, 2, 2, 5, 2, 4, 3, 4, 1, 1, 4, 3, 2, 2, 4, 5, 3, 3, 4, 4, 2, 4, 5, 1, 1, 4, 3, 4, 3, 2, 3, 1, 3, 3, 4, 2, 4, 2, 1, 1, 1, 1, 3, 4, 4, 4, 2, 1, 2, 5, 2, 4, 1, 1, 4, 5, 4, 2, 4, 1, 3, 5, 3, 1, 5, 3, 2, 3, 1, 2, 2, 2, 3, 1, 4, 1, 2, 4, 3, 2, 1, 3, 1]"
A few boys who petted a dog hugged him yesterday at the dog pound.,2.3185,1.1493,157,"[1, 2, 5, 1, 2, 4, 5, 2, 4, 3, 2, 2, 4, 2, 3, 1, 2, 2, 3, 3, 3, 2, 1, 1, 2, 1, 4, 4, 2, 3, 3, 2, 1, 2, 2, 3, 3, 5, 3, 5, 1, 4, 2, 2, 2, 1, 2, 1, 4, 2, 2, 1, 3, 2, 1, 3, 2, 3, 2, 2, 4, 2, 3, 2, 1, 1, 2, 3, 2, 5, 1, 4, 1, 3, 1, 1, 2, 4, 5, 3, 4, 2, 1, 3, 1, 3, 2, 1, 1, 3, 2, 4, 2, 1, 3, 1, 3, 3, 2, 5, 1, 4, 3, 1, 1, 1, 2, 2, 1, 1, 2, 2, 1, 1, 2, 4, 5, 3, 2, 4, 2, 1, 2, 3, 1, 1, 1, 4, 2, 2, 3, 3, 1, 2, 4, 1, 2, 2, 2, 3, 4, 2, 2, 1, 1, 2, 2, 1, 2, 4, 3, 2, 2, 2, 1, 3, 1]"
A few girls who were kissed by a boy at the party brought him to the next movie night.,3.1835,1.2356,158,"[2, 3, 4, 3, 3, 2, 1, 3, 4, 4, 5, 4, 3, 3, 2, 2, 4, 2, 5, 4, 3, 5, 1, 3, 4, 2, 2, 4, 3, 3, 3, 4, 4, 1, 2, 4, 3, 4, 2, 3, 4, 5, 3, 1, 4, 1, 5, 4, 5, 4, 3, 5, 3, 2, 5, 4, 5, 5, 2, 1, 5, 5, 3, 4, 3, 4, 4, 4, 3, 5, 2, 4, 2, 3, 1, 1, 2, 4, 5, 4, 3, 4, 3, 4, 1, 4, 2, 2, 5, 4, 3, 5, 2, 2, 5, 1, 3, 3, 4, 3, 5, 3, 3, 1, 2, 1, 5, 3, 4, 2, 1, 2, 3, 1, 1, 3, 4, 5, 3, 4, 3, 3, 4, 4, 4, 4, 1, 2, 2, 5, 2, 4, 3, 1, 2, 4, 5, 3, 4, 4, 3, 3, 5, 3, 3, 1, 5, 4, 3, 5, 2, 5, 3, 3, 3, 2, 3, 2]"
A few girls who were kissed by a boy at the party brought something to the next movie night.,2.8833,1.2911,120,"[4, 2, 2, 3, 2, 2, 2, 3, 2, 4, 2, 3, 2, 3, 2, 3, 3, 4, 4, 4, 3, 3, 1, 3, 4, 4, 2, 3, 1, 2, 2, 4, 5, 5, 5, 5, 2, 4, 2, 3, 3, 1, 4, 4, 5, 2, 2, 4, 2, 2, 1, 3, 4, 4, 3, 3, 1, 3, 4, 1, 1, 1, 3, 4, 4, 4, 2, 5, 1, 3, 3, 3, 4, 4, 1, 1, 1, 1, 1, 4, 4, 4, 4, 3, 1, 3, 4, 4, 2, 1, 1, 5, 5, 5, 2, 5, 1, 4, 5, 2, 4, 5, 4, 3, 3, 1, 2, 3, 1, 2, 1, 4, 1, 4, 5, 3, 3, 1, 2, 3]"
A few lawyers discussed the case with their boss and made him finalize it the day after.,3.1613,1.173,93,"[3, 2, 4, 1, 3, 4, 5, 2, 4, 3, 4, 1, 3, 3, 2, 2, 4, 3, 5, 4, 3, 4, 3, 3, 2, 2, 4, 4, 1, 3, 4, 2, 2, 3, 4, 2, 2, 5, 4, 4, 3, 4, 4, 2, 5, 5, 3, 5, 5, 2, 5, 1, 3, 4, 3, 4, 5, 4, 2, 5, 4, 3, 4, 2, 2, 4, 3, 2, 4, 1, 4, 2, 4, 4, 4, 3, 3, 5, 3, 2, 1, 1, 3, 4, 4, 2, 5, 2, 4, 2, 2, 2, 2]"
A few students met with the teacher at a coffeehouse and introduced him to the new dean of the university.,3.7979,1.0834,94,"[4, 4, 4, 3, 3, 4, 5, 4, 4, 2, 5, 4, 3, 5, 3, 5, 3, 2, 5, 4, 3, 5, 2, 2, 2, 4, 5, 3, 3, 3, 5, 4, 1, 1, 4, 5, 2, 5, 3, 3, 5, 5, 4, 1, 4, 4, 5, 3, 5, 5, 4, 5, 3, 3, 5, 3, 5, 5, 5, 4, 5, 4, 3, 3, 4, 4, 4, 2, 3, 5, 3, 4, 5, 4, 4, 4, 5, 3, 4, 4, 5, 3, 4, 4, 5, 5, 3, 5, 5, 3, 2, 3, 4, 5]"
A friend of mine lent me his bicycle and borrowed my ball at the playground.,3.6277,1.1358,94,"[2, 5, 4, 3, 2, 4, 5, 2, 4, 3, 5, 5, 3, 5, 5, 2, 3, 5, 3, 5, 3, 5, 4, 3, 3, 2, 4, 5, 3, 4, 4, 3, 3, 2, 4, 5, 3, 4, 2, 4, 1, 5, 4, 5, 2, 2, 5, 4, 4, 5, 2, 5, 3, 2, 4, 4, 4, 4, 5, 5, 5, 4, 2, 4, 2, 5, 2, 4, 3, 5, 2, 3, 4, 5, 4, 3, 5, 3, 2, 4, 5, 2, 2, 4, 4, 4, 4, 5, 2, 4, 2, 3, 4, 5]"
A girl left the soccer field and came inside when it started to rain.,4.4787,0.8129,94,"[3, 5, 5, 5, 4, 4, 5, 4, 4, 5, 5, 5, 4, 5, 5, 5, 5, 5, 5, 5, 3, 5, 2, 5, 4, 4, 5, 5, 3, 3, 4, 5, 3, 5, 5, 5, 3, 5, 4, 5, 5, 5, 4, 5, 5, 3, 5, 5, 5, 5, 3, 5, 4, 3, 5, 3, 5, 4, 5, 5, 5, 5, 4, 5, 5, 5, 5, 5, 3, 5, 3, 5, 5, 5, 5, 2, 5, 3, 5, 4, 5, 4, 5, 4, 5, 5, 5, 5, 5, 4, 5, 5, 5, 5]"
"According to the actress, many agentless celebrities had insulted him during a press conference.",1.875,1.126,8,"[1, 2, 2, 4, 1, 1, 3, 1]"
"According to the actress, many celebrities who were agentless had insulted him during a press conference.",2.0,0.7559,8,"[3, 1, 2, 2, 2, 1, 3, 2]"
"According to the actress, many celebrities who were fanless had insulted him during a press conference.",2.625,1.0607,8,"[3, 4, 2, 2, 1, 2, 4, 3]"
"According to the actress, many fanless celebrities had insulted him during a press conference.",2.125,1.126,8,"[1, 4, 2, 3, 2, 1, 3, 1]"
"According to the administrative officer, many computerless graduate students had forgotten it at home in a hurry.",2.5,1.6903,8,"[3, 1, 1, 5, 2, 5, 2, 1]"
"According to the administrative officer, many graduate students that arrived computerless had forgotten it at home in a hurry.",2.375,1.4079,8,"[4, 4, 2, 1, 1, 2, 4, 1]"
"According to the administrative officer, many graduate students that arrived pencilless had forgotten it at home in a hurry.",2.875,0.991,8,"[1, 2, 4, 3, 3, 3, 3, 4]"
"According to the administrative officer, many pencilless graduate students had forgotten it at home in a hurry.",3.0,1.5119,8,"[2, 4, 4, 4, 1, 1, 3, 5]"
"According to the analyst, every businessman who was a club-owner had bought it before the economic crisis.",2.75,1.5811,8,"[1, 3, 2, 5, 3, 1, 5, 2]"
"According to the analyst, every businessman who was a stock-owner had bought it before the economic crisis.",3.375,1.685,8,"[5, 5, 3, 5, 4, 1, 3, 1]"
"According to the analyst, every club-owning businessmen had bought it before the economic crisis.",3.0,0.7559,8,"[4, 2, 2, 3, 3, 3, 3, 4]"
"According to the analyst, every stock-owning businessmen had bought it before the economic crisis.",3.25,1.165,8,"[4, 1, 4, 4, 2, 4, 3, 4]"
"According to the auctioneer, many diamond-owners had auctioned it off in hopes of making a profit.",3.25,1.165,8,"[1, 3, 3, 5, 3, 3, 4, 4]"
"According to the auctioneer, many millionaires who had been diamond-owners had auctioned it off in hopes of making a profit.",3.5,1.6036,8,"[4, 5, 1, 5, 4, 4, 4, 1]"
"According to the auctioneer, many millionaires who had been mine-owners had auctioned it off in hopes of making a profit.",3.25,1.165,8,"[3, 4, 3, 4, 3, 1, 3, 5]"
"According to the auctioneer, many mine-owners had auctioned it off in hopes of making a profit.",2.375,1.4079,8,"[4, 4, 2, 1, 1, 2, 4, 1]"
"According to the campus police officer, every USB-stick-owner had kept it in the office.",3.5,1.5119,8,"[3, 5, 2, 5, 4, 5, 3, 1]"
"According to the campus police officer, every scanner-owner had kept it in the office.",2.75,1.3887,8,"[3, 4, 3, 2, 1, 1, 3, 5]"
"According to the campus police officer, every student who was a USB-stick-owner had kept it in the office.",2.0,1.069,8,"[3, 4, 2, 1, 1, 2, 2, 1]"
"According to the campus police officer, every student who was a scanner-owner had kept it in the office.",3.375,1.3025,8,"[1, 2, 4, 4, 3, 4, 5, 4]"
"According to the coach, every dumbbell-owning fitness-addict had a special place for it in the basement.",2.25,1.165,8,"[3, 3, 3, 1, 1, 2, 4, 1]"
"According to the coach, every fitness-addict who was a dumbbell-owner had a special place for it in the basement.",2.75,1.165,8,"[2, 3, 3, 3, 2, 1, 3, 5]"
"According to the coach, every fitness-addict who was a treadmill-owner had a special place for it in the basement.",3.75,1.488,8,"[2, 4, 4, 5, 5, 5, 4, 1]"
"According to the coach, every treadmill-owning fitness-addict had a special place for it in the basement.",3.25,1.3887,8,"[1, 2, 3, 3, 3, 5, 4, 5]"
"According to the coast guard, no beach that was lighthouseless had lost it due to the eroding force of the ocean.",3.375,1.4079,8,"[4, 3, 2, 5, 4, 5, 3, 1]"
"According to the coast guard, no beach that was sea-shell-less had lost it due to the eroding force of the ocean.",2.75,1.2817,8,"[3, 4, 4, 2, 1, 1, 3, 4]"
"According to the coast guard, no lighthouseless beach had lost it due to the eroding force of the ocean.",2.625,1.3025,8,"[1, 1, 4, 2, 3, 4, 2, 4]"
"According to the coast guard, no sea-shell-less beach had lost it due to the eroding force of the ocean.",1.75,1.0351,8,"[2, 4, 1, 1, 1, 2, 2, 1]"
"According to the consultant, every carless citizen had lost it during the recession.",2.2857,1.2536,7,"[2, 2, 2, 4, 1, 1, 4]"
"According to the consultant, every citizen who was carless had lost it during the recession.",3.125,1.3562,8,"[1, 2, 5, 4, 2, 3, 4, 4]"
"According to the consultant, every citizen who was houseless had lost it during the recession.",2.5,1.4142,8,"[4, 4, 2, 1, 1, 3, 4, 1]"
"According to the consultant, every houseless citizen had lost it during the recession.",3.625,1.5059,8,"[3, 4, 2, 5, 4, 5, 5, 1]"
"According to the customs officer, many animal lovers who were fish-owners had imported it illegally from a tropical country.",2.0,1.3093,8,"[1, 1, 2, 4, 1, 1, 4, 2]"
"According to the customs officer, many animal lovers who were shark-owners had imported it illegally from a tropical country.",3.0,1.6036,8,"[5, 5, 3, 4, 2, 1, 3, 1]"
"According to the customs officer, many fish-owning animal lovers had imported it illegally from a tropical country.",2.75,0.7071,8,"[2, 3, 4, 3, 2, 2, 3, 3]"
"According to the customs officer, many shark-owning animal lovers had imported it illegally from a tropical country.",2.75,1.2817,8,"[2, 1, 4, 4, 3, 3, 4, 1]"
"According to the engineer, no roofless vehicle could be used without it when the weather conditions became severe.",3.375,1.3025,8,"[2, 5, 5, 2, 2, 3, 4, 4]"
"According to the engineer, no vehicle that was roofless could be used without it when the weather conditions became severe.",2.25,1.165,8,"[1, 2, 2, 4, 2, 1, 4, 2]"
"According to the engineer, no vehicle that was windowless could be used without it when the weather conditions became severe.",2.5,1.3093,8,"[3, 5, 2, 3, 2, 1, 3, 1]"
"According to the engineer, no windowless vehicle could be used without it when the weather conditions became severe.",2.25,1.3887,8,"[1, 1, 1, 2, 2, 5, 3, 3]"
"According to the foreman, every bricklayer who was helmetless had misplaced it at the construction site.",2.75,1.2817,8,"[2, 1, 2, 4, 3, 3, 5, 2]"
"According to the foreman, every bricklayer who was toolless had misplaced it at the construction site.",3.25,0.7071,8,"[2, 4, 4, 3, 3, 3, 4, 3]"
"According to the foreman, every helmetless bricklayer had misplaced it at the construction site.",2.75,1.5811,8,"[1, 3, 3, 5, 5, 1, 2, 2]"
"According to the foreman, every toolless bricklayer had misplaced it at the construction site.",2.875,1.3562,8,"[4, 5, 3, 3, 3, 1, 3, 1]"
"According to the general manager, every banker who was now bonusless had lost it when the economy was bad.",2.375,1.3025,8,"[3, 3, 2, 1, 1, 4, 4, 1]"
"According to the general manager, every banker who was now jobless had lost it when the economy was bad.",3.25,1.0351,8,"[1, 3, 3, 4, 3, 4, 4, 4]"
"According to the general manager, every bonusless banker had lost it when the economy was bad.",3.25,1.5811,8,"[3, 3, 1, 5, 4, 5, 4, 1]"
"According to the general manager, every jobless banker had lost it when the economy was bad.",2.75,1.5811,8,"[3, 4, 1, 4, 1, 1, 3, 5]"
"According to the guard, many horseless knights had left it in their castle.",1.8571,0.6901,7,"[1, 2, 3, 2, 1, 2, 2]"
"According to the guard, many knights who arrived horseless had left it in their castle.",2.625,1.3025,8,"[2, 1, 2, 2, 3, 2, 5, 4]"
"According to the guard, many knights who arrived weaponless had left it in their castle.",3.75,1.165,8,"[2, 5, 5, 3, 3, 5, 3, 4]"
"According to the guard, many weaponless knights had left it in their castle.",2.625,1.598,8,"[4, 5, 2, 4, 1, 1, 3, 1]"
"According to the harbor master, many captains who were daughterless had lost her when the ship went down.",1.75,1.165,8,"[1, 2, 3, 4, 1, 1, 1, 1]"
"According to the harbor master, many captains who were wifeless had lost her when the ship went down.",2.5,1.4142,8,"[2, 5, 2, 4, 2, 1, 3, 1]"
"According to the harbor master, many daughterless captains had lost her when the ship went down.",3.0,1.1952,8,"[2, 5, 4, 2, 2, 2, 3, 4]"
"According to the harbor master, many wifeless captains had lost her when the ship went down.",2.25,1.0351,8,"[2, 1, 1, 3, 2, 3, 4, 2]"
"According to the head teacher, no bicycle-owner had donated it to children in need.",2.5,0.9258,8,"[2, 1, 3, 3, 2, 3, 4, 2]"
"According to the head teacher, no teenager who was a bicycle-owner had donated it to children in need.",2.875,1.4577,8,"[4, 5, 2, 4, 3, 1, 3, 1]"
"According to the head teacher, no teenager who was a video-game-owner had donated it to children in need.",2.25,1.165,8,"[1, 3, 3, 4, 3, 1, 1, 2]"
"According to the head teacher, no video-game-owner had donated it to children in need.",3.25,1.0351,8,"[2, 4, 2, 3, 3, 5, 4, 3]"
"According to the historian, every child who was fatherless had lost him in the war.",2.75,1.3887,8,"[2, 3, 3, 4, 1, 1, 3, 5]"
"According to the historian, every child who was friendless had lost him in the war.",3.25,1.7525,8,"[3, 2, 1, 5, 5, 5, 4, 1]"
"According to the historian, every fatherless child had lost him in the war.",2.0,1.6036,8,"[5, 4, 1, 1, 1, 1, 2, 1]"
"According to the historian, every friendless child had lost him in the war.",2.125,0.6409,8,"[1, 2, 2, 3, 2, 3, 2, 2]"
"According to the hotel manager, no old lady who was a walker-owner had regretted bringing it to the afternoon tea party.",3.4286,1.3973,7,"[2, 4, 4, 2, 2, 5, 5]"
"According to the hotel manager, no old lady who was an umbrella-owner had regretted bringing it to the afternoon tea party.",2.5,1.1952,8,"[2, 1, 1, 3, 3, 4, 4, 2]"
"According to the hotel manager, no umbrella-owning old lady had regretted bringing it to the afternoon tea party.",2.5,1.5119,8,"[1, 3, 3, 4, 2, 1, 5, 1]"
"According to the hotel manager, no walker-owning old lady had regretted bringing it to the afternoon tea party.",2.875,1.4577,8,"[4, 5, 2, 4, 3, 1, 3, 1]"
"According to the investigator, no credit-card-owner had acquired it using illegal methods.",2.375,1.3025,8,"[3, 4, 2, 1, 1, 3, 4, 1]"
"According to the investigator, no liquor-ID-owner had acquired it using illegal methods.",3.375,1.4079,8,"[1, 2, 4, 3, 3, 4, 5, 5]"
"According to the investigator, no student who was a credit-card-owner had acquired it using illegal methods.",3.125,1.126,8,"[3, 3, 3, 4, 3, 1, 3, 5]"
"According to the investigator, no student who was a liquor-ID-owner had acquired it using illegal methods.",3.375,1.3025,8,"[4, 3, 2, 5, 4, 4, 4, 1]"
"According to the journalist, no boat-owning popstars had wanted to sell it to pompous entrepreneurs.",2.75,1.488,8,"[2, 3, 2, 5, 2, 5, 2, 1]"
"According to the journalist, no island-owning popstars had wanted to sell it to pompous entrepreneurs.",2.5,1.3093,8,"[3, 3, 2, 2, 1, 1, 3, 5]"
"According to the journalist, no popstar who was a boat-owner had wanted to sell it to pompous entrepreneurs.",1.875,0.991,8,"[2, 4, 2, 1, 1, 2, 2, 1]"
"According to the journalist, no popstar who was an island-owner had wanted to sell it to pompous entrepreneurs.",3.5,1.1952,8,"[1, 4, 4, 4, 3, 3, 4, 5]"
"According to the market researcher, many Nintendo-Wii-owners had bought it in the Christmas sales.",3.5,1.069,8,"[2, 5, 4, 4, 2, 4, 3, 4]"
"According to the market researcher, many TV-owners had bought it in the Christmas sales.",3.125,1.2464,8,"[2, 1, 3, 4, 3, 5, 4, 3]"
"According to the market researcher, many parents who were Nintendo-Wii-owners had bought it in the Christmas sales.",2.75,1.5811,8,"[1, 3, 3, 5, 5, 1, 2, 2]"
"According to the market researcher, many parents who were TV-owners had bought it in the Christmas sales.",3.0,1.4142,8,"[4, 5, 3, 4, 3, 1, 3, 1]"
"According to the museum guide, every chandelierless room had had it stolen during the blackout.",3.0,1.1952,8,"[3, 3, 3, 4, 2, 1, 3, 5]"
"According to the museum guide, every lampless room had had it stolen during the blackout.",3.375,1.598,8,"[3, 4, 1, 5, 4, 5, 4, 1]"
"According to the museum guide, every room that was chandelierless had had it stolen during the blackout.",2.75,1.0351,8,"[1, 2, 4, 3, 3, 2, 4, 3]"
"According to the museum guide, every room that was lampless had had it stolen during the blackout.",2.25,1.0351,8,"[3, 3, 3, 1, 1, 3, 3, 1]"
"According to the network administrator, every computer-owning researcher had to shut it down during the thunderstorm.",2.4286,1.2724,7,"[1, 4, 3, 4, 1, 2, 2]"
"According to the network administrator, every researcher that was a computer-owner had to shut it down during the thunderstorm.",3.5,1.5119,8,"[2, 1, 4, 5, 3, 5, 3, 5]"
"According to the network administrator, every researcher that was a server-owner had to shut it down during the thunderstorm.",3.375,1.1877,8,"[3, 2, 5, 3, 2, 5, 3, 4]"
"According to the network administrator, every server-owning researcher had to shut it down during the thunderstorm.",2.75,1.3887,8,"[3, 5, 4, 3, 2, 1, 3, 1]"
"According to the nursery teacher, no birthday-cake-less child had already eaten it before the party started.",1.875,1.2464,8,"[3, 1, 1, 1, 1, 3, 4, 1]"
"According to the nursery teacher, no child who was birthday-cake-less had already eaten it before the party started.",2.125,0.991,8,"[2, 4, 2, 3, 2, 1, 2, 1]"
"According to the nursery teacher, no child who was pancake-less had already eaten it before the party started.",2.1429,1.069,7,"[1, 3, 3, 3, 1, 3, 1]"
"According to the nursery teacher, no pancake-less child had already eaten it before the party started.",2.5,0.7559,8,"[2, 4, 2, 2, 2, 2, 3, 3]"
"According to the psychologist, no grandmotherless woman had missed her on mother's day.",1.875,0.8345,8,"[1, 2, 3, 2, 3, 1, 2, 1]"
"According to the psychologist, no motherless woman had missed her on mother's day.",2.375,1.5059,8,"[1, 5, 2, 4, 2, 1, 3, 1]"
"According to the psychologist, no woman who was grandmotherless had missed her on mother's day.",1.5,1.069,8,"[2, 1, 1, 1, 1, 1, 4, 1]"
"According to the psychologist, no woman who was motherless had missed her on mother's day.",2.625,1.3025,8,"[1, 4, 4, 2, 2, 3, 4, 1]"
"According to the restaurant-owner, every chef who was a mixing-bowl-owner had to sell it while looking for a new job.",3.25,1.3887,8,"[3, 3, 2, 5, 5, 4, 3, 1]"
"According to the restaurant-owner, every chef who was an oven-owner had to sell it while looking for a new job.",3.125,1.3562,8,"[4, 4, 4, 4, 1, 1, 3, 4]"
"According to the restaurant-owner, every mixing-bowl-owning chef had to sell it while looking for a new job.",2.875,0.991,8,"[1, 2, 4, 3, 3, 3, 4, 3]"
"According to the restaurant-owner, every oven-owning chef had to sell it while looking for a new job.",2.0,1.069,8,"[3, 4, 2, 1, 1, 2, 2, 1]"
"According to the sales assistant, many hairdryer-owning women had used it at least once a day.",2.625,1.4079,8,"[2, 3, 1, 2, 4, 5, 3, 1]"
"According to the sales assistant, many mirror-owning women had used it at least once a day.",2.625,0.9161,8,"[3, 3, 2, 3, 2, 1, 3, 4]"
"According to the sales assistant, many women who were hairdryer-owners had used it at least once a day.",2.5,1.5119,8,"[3, 4, 2, 1, 1, 3, 5, 1]"
"According to the sales assistant, many women who were mirror-owners had used it at least once a day.",3.2857,1.1127,7,"[1, 4, 4, 3, 3, 4, 4]"
"According to the secret agent, no boat-owning spies had used it during the mission.",2.625,1.3025,8,"[1, 2, 3, 4, 4, 1, 4, 2]"
"According to the secret agent, no gadget-owning spies had used it during the mission.",2.875,1.6421,8,"[5, 5, 2, 4, 2, 1, 3, 1]"
"According to the secret agent, no spy who was a boat-owner had used it during the mission.",2.875,1.2464,8,"[4, 1, 3, 2, 2, 3, 5, 3]"
"According to the secret agent, no spy who was a gadget-owner had used it during the mission.",3.75,1.0351,8,"[4, 4, 4, 3, 2, 5, 3, 5]"
"According to the specialist, no dental patient who was fillingless had lost it while eating soft chocolate cookies.",1.875,1.126,8,"[1, 2, 1, 2, 3, 1, 1, 4]"
"According to the specialist, no dental patient who was retainerless had lost it while eating soft chocolate cookies.",2.125,1.126,8,"[3, 2, 2, 1, 1, 3, 4, 1]"
"According to the specialist, no fillingless dental patient had lost it while eating soft chocolate cookies.",2.125,1.2464,8,"[1, 4, 2, 2, 1, 1, 2, 4]"
"According to the specialist, no retainerless dental patient had lost it while eating soft chocolate cookies.",2.25,1.2817,8,"[2, 2, 1, 5, 2, 3, 2, 1]"
"According to the technician, many motorless robots had no longer needed it when the new technology was successful.",2.75,1.2817,8,"[1, 3, 3, 3, 3, 5, 1, 3]"
"According to the technician, many robots that were motorless had no longer needed it when the new technology was successful.",3.25,1.669,8,"[4, 5, 1, 5, 2, 4, 4, 1]"
"According to the technician, many robots that were wheelless had no longer needed it when the new technology was successful.",2.875,1.3562,8,"[3, 3, 3, 4, 1, 1, 3, 5]"
"According to the technician, many wheelless robots had no longer needed it when the new technology was successful.",2.25,1.2817,8,"[4, 4, 1, 1, 2, 3, 2, 1]"
"According to the union leader, many cow-owners had sold it during the financial crisis.",2.5,1.4142,8,"[1, 2, 2, 3, 4, 1, 5, 2]"
"According to the union leader, many farm-owners had sold it during the financial crisis.",2.75,1.5811,8,"[5, 5, 2, 3, 2, 1, 3, 1]"
"According to the union leader, many men who had been cow-owners had sold it during the financial crisis.",2.375,1.1877,8,"[2, 1, 4, 2, 2, 3, 4, 1]"
"According to the union leader, many men who had been farm-owners had sold it during the financial crisis.",3.25,1.165,8,"[2, 5, 4, 2, 2, 4, 3, 4]"
"Every USB-stick-owner had, according to the campus police officer, kept it in the office.",3.0,1.5119,8,"[5, 5, 3, 3, 3, 1, 3, 1]"
Every USB-stick-owner used to keep it in the office.,3.375,1.1475,16,"[2, 2, 5, 3, 3, 3, 2, 2, 5, 3, 4, 5, 5, 3, 3, 4]"
Every babygirl was kissed by her mother on the cheek and cuddled her afterwards.,2.7128,1.3167,94,"[2, 1, 2, 3, 2, 4, 3, 2, 4, 3, 4, 5, 4, 3, 2, 4, 4, 2, 4, 1, 2, 1, 5, 2, 4, 2, 5, 2, 2, 4, 4, 1, 2, 1, 3, 2, 3, 2, 1, 1, 1, 4, 2, 5, 1, 2, 1, 5, 4, 1, 3, 3, 3, 1, 5, 4, 5, 3, 4, 1, 4, 4, 2, 2, 1, 1, 3, 3, 2, 1, 4, 2, 5, 2, 4, 1, 2, 3, 3, 3, 1, 1, 5, 3, 4, 2, 3, 1, 5, 3, 4, 2, 2, 1]"
Every banker who was now bonusless had lost it when the economy was bad.,2.8125,0.9811,16,"[3, 2, 4, 4, 2, 4, 4, 2, 4, 3, 2, 1, 3, 3, 2, 2]"
Every banker who was now bonusless had lost something when the economy was bad.,2.7,1.236,30,"[3, 3, 3, 4, 4, 4, 4, 1, 4, 2, 2, 2, 3, 4, 3, 1, 1, 4, 3, 1, 3, 4, 1, 2, 5, 2, 1, 2, 4, 1]"
"Every banker who was now bonusless had, according to the general manager, lost it when the economy was bad.",3.25,1.2817,8,"[3, 1, 4, 2, 3, 4, 5, 4]"
Every banker who was now jobless had lost it when the economy was bad.,2.6875,1.4477,16,"[3, 5, 5, 4, 3, 5, 1, 2, 2, 3, 2, 3, 2, 1, 1, 1]"
Every banker who was now jobless had lost something when the economy was bad.,3.6,1.07,30,"[4, 3, 3, 4, 4, 4, 3, 5, 5, 2, 2, 5, 4, 3, 5, 4, 4, 5, 1, 3, 3, 4, 5, 5, 3, 3, 2, 4, 3, 3]"
"Every banker who was now jobless had, according to the general manager, lost it when the economy was bad.",3.1429,1.069,7,"[1, 4, 4, 3, 4, 3, 3]"
Every banker who was now without a bonus had lost it when the economy was bad.,3.125,0.9574,16,"[4, 4, 4, 4, 2, 2, 3, 4, 3, 2, 3, 2, 2, 3, 3, 5]"
Every banker who was now without a bonus had lost something when the economy was bad.,2.931,1.4125,29,"[4, 2, 4, 3, 5, 1, 2, 3, 5, 4, 2, 2, 5, 2, 3, 2, 2, 1, 1, 3, 5, 1, 3, 5, 3, 2, 1, 5, 4]"
Every banker who was now without a job had lost it when the economy was bad.,3.6667,0.9759,15,"[4, 4, 3, 4, 2, 5, 3, 3, 4, 4, 4, 5, 2, 5, 3]"
Every banker who was now without a job had lost something when the economy was bad.,2.8,1.2429,30,"[3, 4, 2, 2, 4, 3, 4, 2, 4, 3, 5, 5, 2, 4, 2, 2, 4, 1, 4, 1, 4, 1, 3, 4, 1, 2, 3, 2, 1, 2]"
Every bonusless banker had lost it when the economy was bad.,1.8571,0.9493,14,"[2, 2, 2, 3, 3, 4, 1, 2, 1, 2, 1, 1, 1, 1]"
"Every bonusless banker had, according to the general manager, lost it when the economy was bad.",2.75,1.2817,8,"[3, 5, 3, 3, 3, 1, 3, 1]"
Every boy who brought his younger brother sent him to the grocery store to buy juice.,3.0108,1.0054,93,"[2, 3, 3, 4, 2, 4, 1, 3, 4, 3, 5, 2, 3, 2, 4, 1, 4, 3, 5, 4, 2, 4, 2, 3, 3, 2, 2, 5, 3, 3, 3, 4, 3, 1, 3, 3, 3, 4, 2, 3, 4, 4, 3, 2, 3, 2, 5, 3, 4, 3, 2, 2, 2, 2, 4, 3, 4, 4, 5, 2, 3, 4, 3, 2, 3, 2, 1, 3, 5, 3, 3, 4, 4, 2, 3, 3, 3, 2, 3, 4, 3, 4, 3, 1, 4, 4, 3, 4, 3, 2, 2, 3, 1]"
Every bricklayer who was helmetless had misplaced it at the construction site.,3.2143,1.0509,14,"[3, 3, 2, 2, 3, 4, 3, 5, 4, 3, 4, 2, 5, 2]"
Every bricklayer who was helmetless had misplaced something at the construction site.,2.8667,1.3322,30,"[3, 4, 2, 2, 2, 3, 3, 1, 5, 2, 4, 5, 3, 5, 4, 2, 3, 1, 2, 1, 4, 1, 3, 5, 1, 3, 4, 3, 1, 4]"
"Every bricklayer who was helmetless had, according to the foreman, misplaced it at the construction site.",3.625,1.5059,8,"[3, 5, 4, 5, 5, 4, 2, 1]"
Every bricklayer who was toolless had misplaced it at the construction site.,3.5625,1.2633,16,"[4, 5, 5, 3, 2, 4, 2, 2, 5, 4, 5, 4, 4, 1, 3, 4]"
Every bricklayer who was toolless had misplaced something at the construction site.,3.0,1.3628,29,"[4, 5, 2, 2, 4, 1, 2, 3, 5, 4, 1, 3, 3, 5, 4, 4, 3, 3, 1, 4, 5, 1, 3, 5, 3, 2, 1, 2, 2]"
"Every bricklayer who was toolless had, according to the foreman, misplaced it at the construction site.",2.75,1.165,8,"[3, 3, 3, 2, 2, 1, 3, 5]"
Every bricklayer who was without a helmet had misplaced it at the construction site.,3.9375,0.9979,16,"[2, 4, 5, 5, 3, 3, 4, 4, 5, 2, 5, 4, 4, 4, 4, 5]"
Every bricklayer who was without a helmet had misplaced something at the construction site.,3.1,1.3734,30,"[4, 4, 5, 3, 5, 3, 4, 2, 4, 3, 2, 1, 3, 3, 3, 1, 2, 5, 3, 1, 3, 4, 1, 4, 4, 5, 1, 4, 5, 1]"
Every bricklayer who was without a tool had misplaced it at the construction site.,3.875,1.1475,16,"[3, 3, 5, 4, 3, 5, 5, 3, 4, 5, 4, 5, 4, 1, 5, 3]"
Every bricklayer who was without a tool had misplaced something at the construction site.,3.6,1.1017,30,"[4, 3, 3, 4, 4, 4, 1, 4, 5, 3, 3, 4, 5, 4, 4, 3, 4, 5, 1, 3, 2, 5, 5, 5, 2, 4, 4, 4, 3, 3]"
Every businessman who owned a club had bought it before the economic crisis.,3.75,1.1255,16,"[4, 4, 5, 5, 4, 5, 5, 3, 3, 4, 3, 2, 4, 2, 2, 5]"
Every businessman who owned a club had bought something before the economic crisis.,4.1,1.0619,30,"[4, 5, 3, 3, 5, 5, 3, 5, 4, 5, 4, 5, 4, 3, 5, 5, 5, 5, 1, 5, 4, 4, 5, 5, 3, 4, 4, 5, 2, 3]"
Every businessman who owned a stock had bought it before the economic crisis.,3.9375,0.9979,16,"[3, 4, 4, 3, 5, 2, 5, 3, 3, 4, 5, 5, 5, 4, 5, 3]"
Every businessman who owned a stock had bought something before the economic crisis.,3.2667,1.5522,30,"[5, 3, 5, 4, 5, 4, 4, 1, 5, 4, 2, 1, 2, 3, 4, 1, 2, 5, 4, 1, 4, 3, 1, 5, 4, 5, 1, 4, 5, 1]"
Every businessman who was a club-owner had bought it before the economic crisis.,3.4375,1.315,16,"[3, 4, 5, 3, 1, 2, 3, 3, 4, 1, 5, 4, 5, 4, 3, 5]"
Every businessman who was a club-owner had bought something before the economic crisis.,3.4483,1.4289,29,"[5, 5, 3, 5, 4, 1, 3, 5, 3, 3, 2, 4, 4, 5, 3, 4, 3, 1, 1, 4, 5, 1, 3, 5, 3, 4, 1, 5, 5]"
"Every businessman who was a club-owner had, according to the analyst, bought it before the economic crisis.",3.75,1.3887,8,"[1, 5, 3, 4, 3, 5, 5, 4]"
Every businessman who was a stock-owner had bought it before the economic crisis.,3.6875,1.1955,16,"[5, 5, 5, 3, 3, 5, 4, 4, 3, 3, 3, 5, 4, 2, 4, 1]"
Every businessman who was a stock-owner had bought something before the economic crisis.,3.4,1.3797,30,"[4, 5, 3, 3, 3, 4, 4, 4, 5, 2, 5, 5, 3, 5, 4, 2, 4, 1, 4, 1, 4, 1, 3, 5, 1, 4, 4, 3, 1, 5]"
"Every businessman who was a stock-owner had, according to the analyst, bought it before the economic crisis.",2.25,1.488,8,"[4, 4, 1, 1, 1, 4, 2, 1]"
Every carless citizen had lost it during the recession.,3.8125,0.9811,16,"[4, 3, 5, 4, 2, 3, 5, 4, 5, 4, 4, 2, 3, 4, 4, 5]"
"Every carless citizen had, according to the consultant, lost it during the recession.",2.375,1.3025,8,"[1, 2, 3, 4, 1, 1, 4, 3]"
Every carpenter built a porch and destroyed the garage when he could not afford cars any longer.,3.117,1.144,94,"[2, 2, 4, 1, 4, 2, 2, 2, 4, 4, 4, 2, 4, 3, 2, 1, 4, 1, 5, 4, 3, 4, 3, 2, 1, 4, 4, 5, 2, 3, 3, 3, 3, 2, 4, 5, 3, 4, 2, 2, 4, 3, 4, 3, 2, 1, 2, 5, 4, 3, 3, 4, 2, 1, 3, 4, 4, 4, 4, 4, 2, 4, 3, 4, 3, 3, 1, 4, 3, 5, 1, 3, 4, 5, 5, 3, 1, 3, 5, 2, 5, 3, 4, 3, 2, 4, 3, 3, 4, 4, 2, 2, 4, 3]"
Every chandelierless room had it stolen during the blackout.,2.5625,1.0308,16,"[4, 2, 2, 4, 2, 1, 3, 3, 1, 3, 2, 4, 2, 4, 2, 2]"
"Every chandelierless room had, according to the museum guide, had it stolen during the blackout.",2.5,1.3093,8,"[1, 2, 3, 3, 5, 1, 3, 2]"
Every chef who owned a mixing bowl had to sell it while looking for a new job.,3.125,1.3102,16,"[2, 2, 4, 5, 3, 3, 5, 4, 1, 3, 5, 1, 2, 3, 4, 3]"
Every chef who owned a mixing bowl had to sell something while looking for a new job.,2.9667,1.2726,30,"[5, 4, 3, 2, 4, 3, 2, 3, 5, 3, 5, 4, 3, 3, 2, 3, 4, 1, 4, 1, 4, 1, 3, 5, 1, 2, 2, 3, 1, 3]"
Every chef who owned an oven had to sell it while looking for a new job.,3.5,1.2111,16,"[5, 5, 5, 4, 4, 2, 2, 2, 3, 4, 2, 5, 4, 2, 4, 3]"
Every chef who owned an oven had to sell something while looking for a new job.,3.2667,1.2847,30,"[4, 2, 2, 4, 5, 2, 4, 3, 5, 3, 5, 3, 2, 4, 4, 4, 3, 3, 2, 1, 4, 5, 1, 3, 5, 3, 4, 1, 5, 2]"
Every chef who was a mixing-bowl-owner had to sell it while looking for a new job.,2.7143,1.069,14,"[2, 2, 2, 2, 2, 3, 4, 5, 2, 2, 2, 4, 4, 2]"
Every chef who was a mixing-bowl-owner had to sell something while looking for a new job.,3.2333,1.0726,30,"[3, 3, 3, 3, 4, 4, 4, 5, 4, 2, 3, 2, 4, 2, 1, 3, 4, 5, 1, 4, 2, 4, 4, 3, 3, 3, 5, 4, 2, 3]"
"Every chef who was a mixing-bowl-owner had, according to the restaurant-owner, to sell it while looking for a new job.",2.5,1.3093,8,"[2, 5, 2, 3, 3, 1, 3, 1]"
Every chef who was an oven-owner had to sell it while looking for a new job.,3.8125,1.3769,16,"[5, 5, 4, 4, 1, 5, 2, 2, 5, 4, 5, 5, 4, 5, 3, 2]"
Every chef who was an oven-owner had to sell something while looking for a new job.,2.9655,1.2951,29,"[4, 4, 3, 4, 4, 4, 1, 4, 4, 2, 3, 3, 4, 3, 1, 3, 5, 2, 1, 2, 3, 1, 5, 4, 4, 1, 4, 2, 1]"
"Every chef who was an oven-owner had, according to the restaurant-owner, to sell it while looking for a new job.",1.75,0.8864,8,"[1, 2, 3, 3, 2, 1, 1, 1]"
Every child who was fatherless had lost him in the war.,3.875,0.8851,16,"[2, 4, 5, 5, 2, 4, 4, 4, 4, 4, 5, 4, 3, 4, 4, 4]"
Every child who was fatherless had lost something in the war.,3.3333,1.4464,30,"[3, 4, 4, 4, 4, 4, 4, 1, 4, 5, 2, 3, 3, 5, 4, 1, 3, 4, 5, 1, 5, 2, 1, 4, 5, 5, 1, 3, 5, 1]"
"Every child who was fatherless had, according to the historian, lost him in the war.",2.125,0.991,8,"[1, 2, 2, 4, 2, 1, 3, 2]"
Every child who was friendless had lost him in the war.,3.4,0.7368,15,"[3, 4, 4, 3, 3, 4, 3, 4, 4, 4, 2, 4, 4, 3, 2]"
Every child who was friendless had lost something in the war.,3.5667,1.1351,30,"[4, 3, 3, 3, 4, 4, 3, 5, 5, 3, 4, 4, 5, 3, 1, 4, 5, 5, 1, 5, 2, 4, 2, 5, 3, 3, 4, 4, 3, 3]"
"Every child who was friendless had, according to the historian, lost him in the war.",3.125,1.4577,8,"[4, 5, 4, 3, 4, 1, 3, 1]"
Every child who was without a father had lost him in the war.,3.375,1.2583,16,"[4, 3, 4, 5, 3, 3, 4, 1, 3, 4, 5, 2, 1, 4, 3, 5]"
Every child who was without a father had lost something in the war.,3.2,1.4239,30,"[5, 2, 2, 2, 5, 1, 4, 5, 5, 3, 5, 3, 2, 3, 4, 4, 3, 2, 2, 1, 3, 4, 1, 3, 5, 4, 5, 1, 5, 2]"
Every child who was without a friend had lost him in the war.,3.0625,1.0626,16,"[2, 4, 4, 2, 4, 1, 3, 3, 2, 4, 3, 3, 4, 5, 2, 3]"
Every child who was without a friend had lost something in the war.,2.9655,1.3754,29,"[4, 3, 3, 3, 5, 3, 3, 2, 5, 4, 4, 3, 1, 3, 2, 5, 1, 5, 1, 4, 1, 3, 5, 1, 2, 3, 2, 1, 4]"
Every citizen who was carless had lost it during the recession.,3.0,1.2111,16,"[4, 4, 5, 5, 4, 4, 2, 1, 2, 2, 3, 2, 2, 3, 2, 3]"
Every citizen who was carless had lost something during the recession.,3.3333,1.373,30,"[4, 4, 5, 4, 4, 3, 4, 2, 5, 4, 2, 4, 3, 5, 3, 1, 4, 4, 4, 1, 3, 3, 1, 2, 5, 5, 1, 4, 5, 1]"
"Every citizen who was carless had, according to the consultant, lost it during the recession.",2.875,1.2464,8,"[3, 1, 2, 4, 3, 3, 5, 2]"
Every citizen who was houseless had lost it during the recession.,3.1875,1.1673,16,"[2, 2, 4, 5, 4, 3, 1, 3, 2, 4, 4, 3, 5, 4, 2, 3]"
Every citizen who was houseless had lost something during the recession.,3.8,0.9965,30,"[4, 4, 5, 4, 4, 3, 3, 4, 5, 5, 4, 4, 4, 5, 3, 4, 4, 4, 1, 3, 4, 5, 5, 2, 3, 4, 5, 4, 2, 3]"
"Every citizen who was houseless had, according to the consultant, lost it during the recession.",3.5,1.069,8,"[3, 2, 5, 4, 3, 5, 3, 3]"
Every citizen who was without a car had lost it during the recession.,3.875,1.0247,16,"[5, 4, 4, 5, 2, 4, 3, 3, 4, 4, 5, 5, 4, 2, 3, 5]"
Every citizen who was without a car had lost something during the recession.,3.3333,1.3979,30,"[5, 5, 3, 4, 5, 1, 3, 3, 5, 4, 5, 1, 3, 3, 4, 4, 4, 3, 1, 1, 3, 4, 1, 3, 5, 4, 4, 1, 5, 3]"
Every citizen who was without a house had lost it during the recession.,3.6429,1.3927,14,"[4, 1, 2, 5, 2, 4, 5, 5, 5, 4, 5, 3, 4, 2]"
Every citizen who was without a house had lost something during the recession.,3.3667,1.4499,30,"[5, 5, 3, 2, 4, 3, 3, 2, 5, 3, 5, 5, 4, 5, 4, 3, 4, 1, 5, 1, 5, 1, 3, 5, 1, 2, 4, 3, 1, 4]"
Every club-owning businessmen had bought it before the economic crisis.,3.0714,1.3281,14,"[3, 1, 4, 2, 2, 4, 5, 4, 4, 3, 1, 3, 5, 2]"
"Every club-owning businessmen had, according to the analyst, bought it before the economic crisis.",3.25,1.2817,8,"[4, 4, 3, 4, 2, 1, 3, 5]"
Every computer-owning researcher had to shut it down during the thunderstorm.,3.4286,1.1579,14,"[4, 2, 3, 2, 3, 4, 4, 5, 4, 4, 1, 3, 5, 4]"
"Every computer-owning researcher had, according to the network administrator, to shut it down during the thunderstorm.",2.5,1.4142,8,"[1, 3, 4, 1, 2, 5, 2, 2]"
Every dumbbell-owning fitness-addict had a special place for it in the basement.,2.875,1.1475,16,"[4, 4, 3, 4, 3, 4, 4, 3, 3, 1, 1, 3, 2, 4, 2, 1]"
"Every dumbbell-owning fitness-addict had, according to the coach, a special place for it in the basement.",3.0,1.5119,8,"[2, 1, 5, 2, 2, 3, 5, 4]"
Every fatherless child had lost him in the war.,2.5714,0.9376,14,"[3, 1, 4, 3, 3, 3, 3, 4, 2, 2, 2, 2, 3, 1]"
"Every fatherless child had, according to the historian, lost him in the war.",3.375,1.0607,8,"[3, 5, 5, 3, 3, 3, 3, 2]"
Every fitness-addict who owned a dumbbell had a special place for it in the basement.,4.125,0.9574,16,"[5, 4, 5, 5, 3, 4, 3, 4, 4, 5, 4, 5, 3, 5, 5, 2]"
Every fitness-addict who owned a dumbbell had a special place for something in the basement.,2.8333,1.2341,30,"[4, 2, 3, 2, 4, 3, 3, 1, 5, 3, 4, 4, 3, 5, 3, 2, 3, 1, 3, 1, 2, 1, 4, 5, 2, 2, 2, 3, 1, 4]"
Every fitness-addict who owned a treadmill had a special place for it in the basement.,4.0625,0.9979,16,"[2, 3, 5, 5, 3, 3, 4, 4, 4, 5, 5, 4, 5, 3, 5, 5]"
Every fitness-addict who owned a treadmill had a special place for something in the basement.,2.7667,1.3047,30,"[2, 3, 3, 4, 4, 1, 2, 4, 5, 3, 3, 2, 2, 3, 2, 4, 4, 2, 2, 1, 1, 4, 1, 3, 5, 4, 2, 1, 5, 1]"
Every fitness-addict who was a dumbbell-owner had a special place for it in the basement.,3.5625,1.315,16,"[3, 5, 4, 3, 1, 5, 2, 2, 5, 3, 5, 5, 4, 4, 2, 4]"
Every fitness-addict who was a dumbbell-owner had a special place for something in the basement.,3.1724,1.2837,29,"[2, 3, 3, 3, 4, 2, 4, 3, 3, 4, 1, 4, 2, 1, 4, 5, 4, 1, 5, 2, 4, 5, 5, 3, 2, 5, 4, 2, 2]"
"Every fitness-addict who was a dumbbell-owner had, according to the coach, a special place for it in the basement.",3.0,1.6036,8,"[1, 3, 3, 4, 5, 1, 5, 2]"
Every fitness-addict who was a treadmill-owner had a special place for it in the basement.,3.3571,1.0082,14,"[3, 2, 2, 4, 3, 4, 5, 4, 5, 3, 2, 4, 3, 3]"
Every fitness-addict who was a treadmill-owner had a special place for something in the basement.,3.0,1.3646,30,"[5, 3, 4, 3, 5, 3, 4, 2, 5, 1, 1, 3, 4, 4, 3, 1, 2, 4, 3, 1, 3, 3, 1, 4, 3, 4, 1, 5, 4, 1]"
"Every fitness-addict who was a treadmill-owner had, according to the coach, a special place for it in the basement.",3.375,1.598,8,"[5, 5, 4, 4, 4, 1, 3, 1]"
Every friendless child had lost him in the war.,2.5625,1.4127,16,"[1, 4, 4, 1, 1, 1, 2, 2, 2, 4, 4, 5, 2, 1, 3, 4]"
"Every friendless child had, according to the historian, lost him in the war.",2.125,0.991,8,"[2, 1, 1, 2, 2, 3, 4, 2]"
Every helmetless bricklayer had misplaced it at the construction site.,2.8125,1.1087,16,"[2, 2, 3, 2, 4, 4, 2, 3, 2, 4, 4, 1, 5, 2, 2, 3]"
"Every helmetless bricklayer had, according to the foreman, misplaced it at the construction site.",3.625,1.3025,8,"[1, 5, 4, 3, 3, 5, 4, 4]"
Every houseless citizen had lost it during the recession.,3.375,1.5,16,"[2, 5, 5, 5, 3, 5, 5, 4, 3, 2, 3, 5, 3, 2, 1, 1]"
"Every houseless citizen had, according to the consultant, lost it during the recession.",2.75,1.3887,8,"[2, 5, 3, 3, 4, 1, 3, 1]"
Every jobless banker had lost it when the economy was bad.,2.8125,1.1087,16,"[4, 3, 4, 4, 3, 1, 2, 2, 1, 4, 2, 4, 4, 2, 3, 2]"
"Every jobless banker had, according to the general manager, lost it when the economy was bad.",2.375,1.5059,8,"[1, 1, 3, 4, 2, 1, 5, 2]"
Every lampless room had it stolen during the blackout.,2.125,0.8062,16,"[1, 2, 3, 3, 2, 2, 1, 3, 1, 2, 3, 1, 2, 3, 2, 3]"
"Every lampless room had, according to the museum guide, had it stolen during the blackout.",2.625,1.4079,8,"[2, 5, 3, 4, 2, 1, 3, 1]"
Every mixing-bowl-owning chef had to sell it while looking for a new job.,2.75,1.291,16,"[3, 1, 4, 2, 1, 2, 5, 2, 1, 3, 4, 3, 5, 3, 2, 3]"
"Every mixing-bowl-owning chef had, according to the restaurant-owner, to sell it while looking for a new job.",2.0,1.069,8,"[2, 1, 1, 3, 2, 1, 4, 2]"
Every old man who played with his grandson bought him a chocolate cake once a month.,3.2553,1.1817,94,"[2, 3, 3, 3, 1, 3, 3, 2, 4, 3, 5, 5, 3, 4, 4, 2, 3, 3, 4, 4, 3, 5, 1, 4, 3, 2, 5, 5, 3, 3, 5, 1, 3, 2, 2, 2, 3, 4, 3, 3, 1, 4, 4, 1, 4, 3, 4, 5, 4, 4, 1, 5, 4, 3, 5, 4, 5, 5, 5, 5, 5, 2, 3, 3, 3, 2, 2, 3, 3, 5, 3, 4, 3, 4, 5, 3, 4, 3, 4, 1, 3, 1, 4, 2, 2, 4, 4, 4, 3, 3, 1, 3, 2, 3]"
Every oven-owning chef had to sell it while looking for a new job.,2.9375,1.0626,16,"[4, 4, 3, 4, 2, 2, 3, 1, 3, 2, 3, 2, 5, 4, 3, 2]"
"Every oven-owning chef had, according to the restaurant-owner, to sell it while looking for a new job.",3.25,1.3887,8,"[2, 5, 5, 2, 2, 4, 4, 2]"
Every researcher that owned a computer had to shut it down during the thunderstorm.,4.125,0.8062,16,"[4, 4, 5, 5, 3, 4, 5, 5, 3, 4, 3, 5, 4, 4, 3, 5]"
Every researcher that owned a computer had to shut something down during the thunderstorm.,4.0,1.0171,30,"[5, 3, 4, 3, 4, 4, 3, 4, 4, 4, 2, 5, 4, 5, 5, 5, 4, 5, 1, 5, 4, 4, 5, 5, 3, 4, 5, 5, 3, 3]"
Every researcher that owned a server had to shut it down during the thunderstorm.,4.125,1.0878,16,"[5, 5, 5, 5, 5, 4, 4, 3, 2, 4, 5, 5, 5, 2, 4, 3]"
Every researcher that owned a server had to shut something down during the thunderstorm.,3.3667,1.3515,30,"[5, 3, 4, 4, 4, 4, 5, 3, 5, 2, 2, 2, 4, 4, 4, 1, 4, 5, 4, 1, 5, 2, 1, 3, 4, 4, 1, 4, 5, 2]"
Every researcher that was a computer-owner had to shut it down during the thunderstorm.,4.1875,1.0468,16,"[4, 4, 5, 5, 2, 4, 5, 4, 3, 2, 5, 5, 5, 4, 5, 5]"
Every researcher that was a computer-owner had to shut something down during the thunderstorm.,3.6,1.3287,30,"[5, 4, 4, 5, 4, 2, 4, 4, 5, 5, 4, 2, 3, 5, 5, 4, 4, 3, 2, 1, 5, 5, 1, 3, 4, 3, 4, 1, 5, 2]"
"Every researcher that was a computer-owner had, according to the network administrator, to shut it down during the thunderstorm.",3.125,1.5526,8,"[4, 4, 1, 4, 2, 5, 4, 1]"
Every researcher that was a server-owner had to shut it down during the thunderstorm.,3.6875,1.1383,16,"[5, 2, 5, 5, 3, 4, 2, 4, 2, 3, 3, 5, 4, 5, 4, 3]"
Every researcher that was a server-owner had to shut something down during the thunderstorm.,3.3103,1.3655,29,"[2, 5, 4, 4, 2, 4, 4, 4, 5, 3, 4, 5, 4, 4, 3, 4, 1, 4, 1, 4, 1, 3, 5, 1, 2, 4, 3, 1, 5]"
"Every researcher that was a server-owner had, according to the network administrator, to shut it down during the thunderstorm.",2.625,0.9161,8,"[2, 3, 3, 2, 3, 1, 3, 4]"
Every room that was chandelierless had it stolen during the blackout.,2.5,1.2111,16,"[1, 2, 3, 2, 2, 1, 3, 1, 3, 3, 2, 5, 4, 1, 3, 4]"
Every room that was chandelierless had something stolen during the blackout.,3.1,1.0619,30,"[3, 3, 3, 3, 4, 2, 2, 4, 4, 3, 4, 1, 4, 2, 5, 3, 2, 4, 1, 3, 3, 5, 2, 5, 3, 3, 4, 3, 3, 2]"
"Every room that was chandelierless had, according to the museum guide, had it stolen during the blackout.",2.125,1.126,8,"[2, 1, 1, 3, 2, 3, 4, 1]"
Every room that was lampless had it stolen during the blackout.,2.7857,1.0509,14,"[3, 2, 2, 3, 3, 4, 4, 4, 3, 2, 3, 1, 4, 1]"
Every room that was lampless had something stolen during the blackout.,3.1667,1.3153,30,"[5, 4, 4, 3, 5, 3, 4, 2, 4, 3, 2, 3, 3, 3, 3, 1, 4, 4, 3, 1, 2, 3, 1, 4, 5, 5, 1, 4, 5, 1]"
"Every room that was lampless had, according to the museum guide, had it stolen during the blackout.",2.75,1.5811,8,"[1, 5, 4, 1, 1, 4, 3, 3]"
Every room that was without a chandelier had it stolen during the blackout.,2.9375,1.1815,16,"[1, 1, 4, 2, 4, 4, 2, 4, 2, 2, 3, 5, 3, 3, 4, 3]"
Every room that was without a chandelier had something stolen during the blackout.,3.2,1.4479,30,"[5, 5, 3, 2, 4, 3, 3, 4, 5, 2, 3, 5, 3, 5, 5, 2, 2, 1, 2, 1, 5, 1, 3, 5, 1, 4, 3, 4, 1, 4]"
Every room that was without a lamp had it stolen during the blackout.,3.4375,1.2093,16,"[2, 4, 4, 5, 2, 3, 1, 3, 3, 2, 5, 4, 4, 4, 4, 5]"
Every room that was without a lamp had something stolen during the blackout.,3.4483,1.4537,29,"[5, 4, 2, 5, 4, 1, 4, 4, 5, 2, 2, 4, 5, 5, 4, 2, 3, 2, 1, 5, 5, 1, 3, 5, 4, 4, 1, 5, 3]"
"Every scanner-owner had, according to the campus police officer, kept it in the office.",2.5,1.4142,8,"[1, 2, 3, 4, 5, 1, 2, 2]"
Every scanner-owner used to keep it in the office.,2.5,1.0919,14,"[2, 1, 1, 2, 3, 3, 4, 3, 2, 3, 2, 2, 5, 2]"
Every server-owning researcher had to shut it down during the thunderstorm.,4.0667,1.0328,15,"[4, 4, 5, 5, 5, 3, 2, 4, 4, 5, 4, 5, 2, 5, 4]"
"Every server-owning researcher had, according to the network administrator, to shut it down during the thunderstorm.",2.5,1.4142,8,"[4, 4, 3, 1, 1, 2, 4, 1]"
Every stock-owning businessmen had bought it before the economic crisis.,3.375,1.2583,16,"[5, 5, 5, 3, 2, 3, 3, 3, 4, 2, 2, 5, 4, 1, 3, 4]"
"Every stock-owning businessmen had, according to the analyst, bought it before the economic crisis.",4.0,1.6036,8,"[4, 5, 2, 5, 5, 5, 5, 1]"
Every student stopped working and took a bath in the middle of the night during the exam period.,3.5,1.1047,94,"[3, 5, 2, 2, 2, 4, 1, 2, 4, 3, 5, 4, 3, 2, 4, 4, 3, 4, 5, 3, 2, 5, 4, 3, 1, 2, 5, 5, 2, 3, 5, 4, 3, 2, 4, 3, 2, 4, 4, 1, 4, 5, 4, 1, 4, 3, 5, 5, 4, 3, 3, 5, 3, 3, 3, 4, 5, 5, 2, 4, 4, 5, 3, 4, 3, 3, 3, 5, 3, 5, 2, 3, 3, 4, 4, 2, 4, 3, 4, 4, 5, 2, 4, 4, 4, 3, 4, 5, 5, 3, 4, 3, 4, 4]"
Every student who owned a USB stick used to keep it in the office.,3.75,1.0646,16,"[2, 4, 4, 2, 4, 4, 5, 3, 2, 4, 5, 4, 5, 4, 5, 3]"
Every student who owned a USB stick used to keep something in the office.,3.3333,1.373,30,"[4, 4, 4, 2, 4, 1, 3, 4, 5, 4, 4, 2, 3, 5, 4, 4, 5, 3, 2, 1, 1, 5, 1, 3, 5, 4, 3, 1, 5, 4]"
Every student who owned a scanner used to keep it in the office.,4.0,0.9661,16,"[4, 3, 5, 5, 4, 4, 5, 3, 4, 3, 3, 5, 4, 5, 2, 5]"
Every student who owned a scanner used to keep something in the office.,3.3667,1.4967,30,"[5, 5, 3, 3, 5, 4, 4, 2, 5, 3, 4, 5, 4, 5, 3, 2, 2, 1, 5, 1, 5, 1, 3, 5, 1, 2, 4, 3, 1, 5]"
"Every student who was a USB-stick-owner had, according to the campus police officer, kept it in the office.",4.0,0.5345,8,"[3, 4, 4, 4, 4, 5, 4, 4]"
Every student who was a USB-stick-owner used to keep it in the office.,3.6667,1.1127,15,"[4, 4, 5, 5, 3, 4, 4, 3, 4, 3, 4, 5, 4, 2, 1]"
Every student who was a USB-stick-owner used to keep something in the office.,3.1667,1.3412,30,"[4, 2, 4, 4, 5, 4, 4, 2, 5, 4, 2, 3, 2, 4, 3, 1, 5, 4, 3, 1, 4, 3, 1, 2, 4, 5, 1, 4, 4, 1]"
"Every student who was a scanner-owner had, according to the campus police officer, kept it in the office.",2.5714,1.1339,7,"[2, 1, 2, 4, 2, 4, 3]"
Every student who was a scanner-owner used to keep it in the office.,3.1875,1.1673,16,"[3, 4, 4, 5, 2, 3, 3, 2, 5, 2, 4, 2, 5, 3, 2, 2]"
Every student who was a scanner-owner used to keep something in the office.,3.3667,1.129,30,"[3, 4, 3, 3, 4, 3, 2, 4, 3, 3, 4, 2, 4, 3, 4, 3, 5, 5, 1, 4, 2, 4, 5, 5, 3, 4, 2, 5, 1, 3]"
Every toolless bricklayer had misplaced it at the construction site.,2.9375,1.2366,16,"[4, 4, 2, 5, 3, 2, 4, 1, 2, 2, 4, 2, 3, 4, 4, 1]"
"Every toolless bricklayer had, according to the foreman, misplaced it at the construction site.",2.0,1.069,8,"[3, 4, 2, 1, 1, 2, 2, 1]"
Every treadmill-owning fitness-addict had a special place for it in the basement.,3.625,1.1475,16,"[2, 4, 5, 3, 5, 4, 5, 2, 3, 4, 3, 5, 5, 2, 3, 3]"
"Every treadmill-owning fitness-addict had, according to the coach, a special place for it in the basement.",3.0,1.6903,8,"[2, 1, 4, 2, 4, 5, 5, 1]"
Every young lady kissed her mother goodbye and advised her on the following evening's dinner recipe.,3.0106,1.1958,94,"[2, 4, 2, 3, 2, 2, 1, 2, 2, 3, 4, 5, 4, 3, 3, 1, 2, 2, 4, 1, 2, 4, 2, 2, 2, 2, 4, 4, 3, 3, 4, 2, 2, 3, 2, 1, 3, 4, 2, 4, 2, 4, 2, 1, 1, 1, 5, 3, 4, 4, 2, 5, 4, 2, 5, 4, 5, 5, 4, 4, 5, 4, 3, 2, 2, 4, 3, 4, 4, 4, 1, 2, 4, 4, 4, 3, 3, 3, 3, 2, 5, 1, 5, 4, 2, 3, 4, 5, 4, 2, 3, 2, 3, 2]"
Few pupils sold their schoolbooks and bought comics before the annual cartoon convention.,3.2234,1.1279,94,"[3, 4, 3, 1, 2, 3, 5, 2, 4, 4, 5, 4, 4, 3, 3, 1, 3, 2, 5, 5, 3, 4, 3, 4, 1, 2, 4, 4, 3, 3, 4, 4, 2, 2, 2, 2, 3, 4, 1, 2, 2, 3, 3, 1, 2, 3, 4, 4, 4, 3, 3, 5, 3, 1, 4, 4, 5, 3, 5, 5, 4, 4, 3, 3, 4, 5, 4, 1, 2, 5, 2, 3, 3, 4, 5, 2, 4, 3, 5, 2, 4, 3, 3, 2, 3, 4, 4, 2, 4, 4, 2, 3, 3, 4]"
Many Nintendo-Wii-owners had bought it in the Christmas sales.,3.6875,1.1955,16,"[5, 4, 5, 5, 1, 3, 2, 4, 5, 3, 4, 3, 3, 3, 4, 5]"
"Many Nintendo-Wii-owners had, according to the market researcher, bought it in the Christmas sales.",3.5,1.3093,8,"[4, 3, 3, 5, 4, 1, 3, 5]"
Many TV-owners had bought it in the Christmas sales.,3.0625,1.1236,16,"[4, 3, 2, 3, 4, 5, 3, 3, 2, 4, 1, 3, 5, 3, 2, 2]"
"Many TV-owners had, according to the market researcher, bought it in the Christmas sales.",3.125,1.7269,8,"[3, 3, 1, 2, 5, 5, 5, 1]"
Many agentless celebrities had insulted him during a press conference.,2.1875,1.0468,16,"[2, 4, 1, 4, 1, 2, 2, 2, 4, 2, 1, 1, 3, 2, 2, 2]"
"Many agentless celebrities had, according to the actress, insulted him during a press conference.",2.5,0.7559,8,"[1, 3, 2, 3, 3, 3, 2, 3]"
Many animal lovers who owned a fish had imported it illegally from a tropical country.,3.8125,1.0468,16,"[5, 3, 5, 4, 3, 5, 3, 2, 4, 4, 5, 4, 5, 2, 3, 4]"
Many animal lovers who owned a fish had imported something illegally from a tropical country.,3.1333,1.383,30,"[2, 3, 4, 3, 5, 2, 5, 1, 4, 3, 2, 3, 4, 4, 4, 1, 3, 5, 5, 1, 3, 3, 1, 5, 4, 4, 1, 4, 4, 1]"
Many animal lovers who owned a shark had imported it illegally from a tropical country.,3.2143,1.2514,14,"[3, 3, 3, 5, 2, 4, 3, 5, 5, 3, 1, 2, 2, 4]"
Many animal lovers who owned a shark had imported something illegally from a tropical country.,3.7,1.1788,30,"[4, 2, 3, 3, 4, 4, 2, 3, 4, 4, 4, 5, 4, 1, 3, 5, 5, 5, 1, 5, 4, 4, 5, 5, 4, 4, 5, 4, 3, 2]"
Many animal lovers who were fish-owners had imported it illegally from a tropical country.,3.1875,0.9811,16,"[4, 3, 5, 2, 4, 2, 2, 4, 3, 4, 3, 2, 4, 4, 3, 2]"
Many animal lovers who were fish-owners had imported something illegally from a tropical country.,3.1,1.4227,30,"[2, 4, 3, 3, 4, 2, 4, 1, 5, 2, 4, 5, 2, 5, 4, 4, 3, 1, 5, 1, 4, 1, 4, 5, 1, 3, 4, 2, 1, 4]"
"Many animal lovers who were fish-owners had, according to the customs officer, imported it illegally from a tropical country.",3.625,1.3025,8,"[1, 3, 4, 5, 3, 4, 4, 5]"
Many animal lovers who were shark-owners had imported it illegally from a tropical country.,2.6875,1.3525,16,"[1, 1, 4, 5, 3, 2, 1, 2, 2, 4, 3, 4, 5, 2, 2, 2]"
Many animal lovers who were shark-owners had imported something illegally from a tropical country.,3.3,1.3933,30,"[4, 4, 4, 3, 4, 1, 4, 2, 5, 3, 4, 1, 4, 5, 5, 3, 4, 2, 2, 1, 4, 5, 1, 3, 5, 2, 4, 1, 5, 4]"
"Many animal lovers who were shark-owners had, according to the customs officer, imported it illegally from a tropical country.",2.5,1.5119,8,"[3, 4, 2, 1, 1, 3, 5, 1]"
Many captains who were daughterless had lost her when the ship went down.,2.8125,1.3276,16,"[3, 2, 5, 3, 3, 5, 1, 4, 3, 2, 1, 4, 4, 1, 2, 2]"
Many captains who were daughterless had lost something when the ship went down.,2.7667,1.278,30,"[4, 4, 3, 2, 2, 3, 2, 2, 4, 2, 5, 5, 4, 4, 3, 1, 2, 2, 3, 1, 3, 1, 4, 5, 1, 2, 2, 2, 1, 4]"
"Many captains who were daughterless had, according to the harbor master, lost her when the ship went down.",2.625,1.3025,8,"[1, 2, 2, 3, 2, 4, 2, 5]"
Many captains who were wifeless had lost her when the ship went down.,2.9375,1.0626,16,"[3, 3, 2, 4, 2, 4, 4, 3, 4, 1, 2, 1, 4, 3, 3, 4]"
Many captains who were wifeless had lost something when the ship went down.,2.9667,1.3767,30,"[5, 3, 2, 5, 5, 2, 2, 4, 5, 4, 2, 1, 3, 2, 4, 3, 4, 2, 1, 1, 4, 2, 1, 3, 5, 3, 4, 1, 2, 4]"
"Many captains who were wifeless had, according to the harbor master, lost her when the ship went down.",2.25,1.2817,8,"[3, 4, 2, 1, 1, 4, 2, 1]"
Many captains who were without a daughter had lost her when the ship went down.,2.5625,1.1529,16,"[2, 1, 4, 2, 4, 1, 1, 2, 2, 4, 2, 4, 2, 4, 3, 3]"
Many captains who were without a daughter had lost something when the ship went down.,2.6333,1.1592,30,"[1, 2, 3, 3, 3, 3, 4, 2, 4, 2, 2, 2, 2, 4, 3, 1, 2, 5, 2, 1, 5, 3, 1, 3, 4, 3, 1, 2, 4, 2]"
Many captains who were without a wife had lost her when the ship went down.,3.375,1.0247,16,"[4, 3, 5, 2, 2, 3, 3, 3, 3, 5, 3, 4, 3, 2, 4, 5]"
Many captains who were without a wife had lost something when the ship went down.,3.1034,1.0469,29,"[3, 4, 3, 3, 4, 3, 2, 3, 3, 3, 4, 4, 2, 2, 4, 2, 5, 1, 3, 2, 4, 2, 5, 3, 2, 4, 5, 3, 2]"
Many celebrities who were agentless had insulted him during a press conference.,2.375,0.8062,16,"[2, 3, 3, 2, 3, 2, 2, 4, 1, 3, 1, 2, 3, 3, 2, 2]"
Many celebrities who were agentless had insulted someone during a press conference.,3.4,1.3544,30,"[4, 5, 2, 3, 3, 3, 4, 2, 5, 3, 4, 5, 4, 5, 3, 4, 4, 1, 4, 1, 4, 1, 4, 5, 1, 4, 4, 4, 1, 5]"
"Many celebrities who were agentless had, according to the actress, insulted him during a press conference.",3.25,1.488,8,"[3, 2, 2, 5, 4, 5, 4, 1]"
Many celebrities who were fanless had insulted him during a press conference.,1.875,0.8062,16,"[2, 1, 3, 3, 2, 2, 1, 2, 1, 2, 3, 2, 1, 1, 1, 3]"
Many celebrities who were fanless had insulted someone during a press conference.,3.2667,1.4126,30,"[4, 5, 4, 5, 5, 1, 3, 5, 5, 3, 3, 3, 1, 3, 4, 4, 5, 3, 2, 1, 3, 5, 1, 3, 5, 2, 3, 1, 2, 4]"
"Many celebrities who were fanless had, according to the actress, insulted him during a press conference.",1.5,0.7559,8,"[2, 2, 1, 1, 1, 1, 3, 1]"
Many celebrities who were without a fan had insulted him during a press conference.,2.0,1.1767,14,"[2, 1, 2, 2, 2, 1, 4, 2, 2, 1, 5, 2, 1, 1]"
Many celebrities who were without a fan had insulted someone during a press conference.,2.8333,1.0199,30,"[2, 4, 3, 3, 3, 3, 1, 4, 3, 3, 2, 2, 3, 2, 3, 2, 5, 4, 1, 3, 2, 3, 5, 3, 4, 2, 2, 4, 2, 2]"
Many celebrities who were without an agent had insulted him during a press conference.,2.75,1.3416,16,"[2, 3, 5, 1, 2, 1, 2, 2, 5, 3, 2, 4, 4, 1, 3, 4]"
Many celebrities who were without an agent had insulted someone during a press conference.,3.2333,1.4065,30,"[5, 5, 4, 4, 5, 5, 3, 2, 3, 2, 2, 2, 3, 4, 4, 1, 5, 5, 3, 1, 3, 3, 1, 5, 4, 3, 1, 4, 4, 1]"
Many chairs that were outside started to break after it had rained for days.,3.734,1.0694,94,"[4, 2, 5, 2, 3, 3, 5, 2, 4, 3, 5, 5, 2, 3, 4, 3, 5, 5, 4, 5, 2, 5, 4, 4, 3, 2, 5, 5, 3, 4, 5, 4, 2, 3, 4, 3, 3, 4, 2, 4, 3, 5, 4, 2, 5, 4, 5, 5, 4, 5, 3, 4, 2, 3, 4, 4, 5, 5, 4, 5, 4, 5, 3, 2, 4, 5, 3, 5, 3, 5, 3, 4, 5, 4, 5, 1, 4, 3, 5, 4, 4, 1, 4, 4, 3, 5, 4, 3, 4, 3, 4, 3, 3, 3]"
Many computerless graduate students had forgotten it at home in a hurry.,2.25,1.0646,16,"[2, 1, 3, 3, 2, 3, 1, 2, 2, 2, 3, 2, 5, 1, 1, 3]"
"Many computerless graduate students had, according to the administrative officer, forgotten it at home in a hurry.",2.875,1.3562,8,"[4, 5, 3, 3, 3, 1, 3, 1]"
"Many cow-owners had, according to the union leader, sold it during the financial crisis.",2.875,1.126,8,"[1, 4, 4, 3, 2, 2, 3, 4]"
Many cow-owners sold it during the financial crisis.,2.875,1.2583,16,"[1, 2, 4, 3, 5, 2, 1, 3, 2, 3, 4, 2, 5, 4, 2, 3]"
Many daughterless captains had lost her when the ship went down.,2.0,1.0954,16,"[1, 3, 1, 1, 1, 2, 2, 1, 2, 3, 1, 4, 2, 1, 3, 4]"
"Many daughterless captains had, according to the harbor master, lost her when the ship went down.",2.25,1.0351,8,"[3, 2, 2, 2, 1, 1, 3, 4]"
Many diamond-owners auctioned it off in hopes of making a profit.,3.5625,1.0935,16,"[3, 5, 4, 4, 4, 5, 5, 4, 4, 1, 3, 4, 3, 3, 2, 3]"
"Many diamond-owners had, according to the auctioneer, auctioned it off in hopes of making a profit.",2.875,1.6421,8,"[2, 1, 5, 3, 1, 5, 4, 2]"
Many dishes that were made from porcelain broke when we smashed them on the floor.,3.9574,0.9607,94,"[3, 4, 5, 5, 2, 4, 5, 3, 4, 4, 5, 5, 4, 4, 4, 5, 3, 5, 5, 2, 4, 4, 5, 3, 3, 3, 5, 4, 3, 3, 5, 4, 3, 4, 5, 5, 3, 4, 3, 5, 2, 5, 4, 5, 4, 4, 2, 3, 5, 5, 3, 3, 3, 2, 4, 4, 5, 5, 5, 5, 4, 4, 3, 3, 3, 5, 5, 4, 3, 5, 4, 4, 5, 5, 4, 2, 5, 3, 5, 4, 5, 2, 5, 3, 5, 4, 3, 4, 5, 4, 3, 3, 4, 5]"
Many doors were blocked and couldn't be opened after the earthquake in the village.,4.2903,0.8795,93,"[5, 4, 5, 5, 4, 4, 5, 4, 4, 4, 5, 5, 4, 4, 4, 4, 5, 5, 5, 5, 4, 5, 5, 4, 4, 5, 5, 5, 3, 4, 5, 5, 4, 4, 5, 5, 3, 5, 5, 5, 4, 5, 4, 4, 5, 5, 4, 5, 5, 1, 5, 3, 3, 5, 3, 5, 4, 5, 5, 5, 4, 3, 3, 3, 4, 4, 4, 3, 5, 5, 5, 5, 4, 5, 2, 5, 3, 5, 3, 5, 2, 4, 4, 5, 5, 4, 5, 5, 4, 2, 4, 5, 5]"
Many fanless celebrities had insulted him during a press conference.,2.3125,1.25,16,"[1, 1, 2, 3, 4, 5, 2, 2, 1, 3, 1, 2, 3, 1, 4, 2]"
"Many fanless celebrities had, according to the actress, insulted him during a press conference.",1.625,0.9161,8,"[3, 3, 1, 1, 1, 1, 2, 1]"
"Many farm-owners had, according to the union leader, sold it during the financial crisis.",2.375,1.4079,8,"[4, 4, 2, 1, 1, 2, 4, 1]"
Many farm-owners sold it during the financial crisis.,3.4286,1.2225,14,"[2, 4, 5, 2, 4, 5, 3, 3, 2, 5, 3, 5, 3, 2]"
Many fish-owning animal lovers had imported it illegally from a tropical country.,3.3125,1.0782,16,"[3, 3, 4, 2, 2, 3, 3, 2, 3, 5, 3, 2, 4, 4, 5, 5]"
"Many fish-owning animal lovers had, according to the customs officer, imported it illegally from a tropical country.",3.0,1.1952,8,"[3, 3, 4, 2, 3, 1, 3, 5]"
Many graduate students that arrived computerless had forgotten it at home in a hurry.,2.0714,0.8287,14,"[3, 2, 2, 1, 3, 4, 2, 1, 2, 2, 1, 2, 2, 2]"
Many graduate students that arrived computerless had forgotten something at home in a hurry.,2.8667,1.0743,30,"[3, 2, 3, 3, 4, 1, 3, 1, 4, 3, 3, 2, 4, 3, 3, 4, 3, 3, 1, 1, 3, 4, 4, 5, 3, 4, 3, 3, 2, 1]"
"Many graduate students that arrived computerless had, according to the administrative officer, forgotten it at home in a hurry.",3.375,1.1877,8,"[3, 1, 4, 3, 3, 4, 5, 4]"
Many graduate students that arrived pencilless had forgotten it at home in a hurry.,2.3125,1.0145,16,"[4, 2, 4, 3, 1, 1, 3, 2, 2, 3, 1, 1, 2, 3, 3, 2]"
Many graduate students that arrived pencilless had forgotten something at home in a hurry.,2.5667,1.3047,30,"[2, 3, 3, 4, 5, 4, 4, 2, 5, 2, 2, 2, 2, 2, 3, 1, 1, 2, 4, 1, 5, 3, 1, 1, 3, 2, 1, 2, 4, 1]"
"Many graduate students that arrived pencilless had, according to the administrative officer, forgotten it at home in a hurry.",2.5,1.1952,8,"[2, 1, 2, 3, 2, 3, 5, 2]"
Many graduate students that arrived without a computer had forgotten it at home in a hurry.,3.125,1.2583,16,"[2, 4, 5, 4, 1, 4, 2, 2, 4, 3, 1, 3, 4, 3, 3, 5]"
Many graduate students that arrived without a computer had forgotten something at home in a hurry.,2.4333,1.278,30,"[2, 5, 3, 2, 2, 3, 2, 1, 4, 2, 3, 5, 3, 3, 2, 1, 4, 1, 4, 1, 4, 1, 4, 1, 1, 2, 3, 2, 1, 1]"
Many graduate students that arrived without a pencil had forgotten it at home in a hurry.,3.4375,0.7274,16,"[3, 3, 5, 4, 3, 4, 4, 4, 4, 2, 4, 3, 3, 3, 3, 3]"
Many graduate students that arrived without a pencil had forgotten something at home in a hurry.,2.6667,1.2954,30,"[2, 2, 4, 2, 2, 2, 4, 4, 5, 4, 2, 3, 3, 3, 2, 4, 1, 2, 1, 1, 2, 5, 1, 3, 5, 4, 1, 1, 2, 3]"
"Many hairdryer-owning women had, according to the sales assistant, used it at least once a day.",3.125,1.6421,8,"[5, 5, 4, 4, 2, 1, 3, 1]"
Many hairdryer-owning women used it at least once a day.,2.875,1.3102,16,"[1, 3, 2, 3, 1, 4, 1, 2, 5, 3, 3, 4, 5, 2, 3, 4]"
Many hippies danced with friends during the festival and showed them around town afterwards in their lovebus.,3.6064,1.0495,94,"[3, 5, 4, 3, 4, 4, 5, 2, 4, 3, 5, 4, 4, 4, 4, 2, 4, 3, 5, 5, 4, 5, 4, 3, 2, 3, 5, 5, 2, 4, 5, 3, 3, 3, 4, 3, 3, 4, 4, 2, 2, 4, 5, 5, 4, 3, 5, 1, 3, 4, 2, 5, 3, 2, 5, 4, 2, 5, 5, 4, 3, 4, 3, 3, 3, 4, 4, 2, 2, 5, 4, 4, 3, 5, 4, 3, 5, 3, 2, 5, 4, 2, 4, 3, 3, 4, 5, 4, 2, 3, 2, 3, 3, 5]"
Many horseless knights had left it in their castle.,2.6875,1.0782,16,"[2, 4, 2, 2, 4, 2, 2, 2, 3, 2, 1, 3, 5, 4, 3, 2]"
"Many horseless knights had, according to the guard, left it in their castle.",2.625,0.9161,8,"[1, 4, 3, 2, 3, 3, 2, 3]"
Many knights who arrived horseless had left it in their castle.,3.2667,1.2228,15,"[4, 3, 5, 3, 3, 1, 3, 4, 4, 4, 5, 4, 1, 3, 2]"
Many knights who arrived horseless had left something in their castle.,3.0333,1.3515,30,"[5, 4, 2, 4, 2, 3, 3, 1, 4, 3, 3, 5, 3, 5, 4, 3, 4, 1, 4, 1, 4, 1, 3, 5, 1, 2, 4, 2, 1, 4]"
"Many knights who arrived horseless had, according to the guard, left it in their castle.",3.375,1.5059,8,"[2, 4, 2, 5, 4, 5, 4, 1]"
Many knights who arrived weaponless had left it in their castle.,3.1429,1.5619,14,"[3, 2, 4, 1, 3, 5, 5, 5, 5, 3, 1, 2, 4, 1]"
Many knights who arrived weaponless had left something in their castle.,3.3333,1.2685,30,"[5, 3, 3, 4, 4, 1, 3, 3, 5, 3, 4, 4, 4, 5, 4, 4, 5, 3, 1, 1, 3, 4, 1, 3, 5, 3, 3, 1, 4, 4]"
"Many knights who arrived weaponless had, according to the guard, left it in their castle.",2.875,0.991,8,"[3, 4, 3, 2, 3, 1, 3, 4]"
Many knights who arrived without a horse had left it in their castle.,3.2667,1.3345,15,"[3, 1, 5, 4, 3, 4, 1, 3, 4, 3, 4, 5, 4, 4, 1]"
Many knights who arrived without a horse had left something in their castle.,3.0,1.3646,30,"[4, 2, 5, 3, 5, 2, 3, 1, 4, 3, 2, 2, 3, 4, 4, 1, 4, 4, 5, 1, 3, 3, 1, 5, 4, 4, 1, 4, 2, 1]"
Many knights who arrived without a weapon had left it in their castle.,3.6875,1.1955,16,"[2, 4, 4, 5, 2, 3, 2, 2, 5, 4, 5, 4, 5, 3, 4, 5]"
Many knights who arrived without a weapon had left something in their castle.,3.5,1.1963,30,"[4, 5, 3, 3, 4, 4, 2, 4, 4, 2, 2, 5, 4, 3, 1, 4, 4, 5, 1, 4, 4, 4, 5, 5, 3, 4, 4, 4, 3, 1]"
"Many men who had been cow-owners had, according to the union leader, sold it during the financial crisis.",3.5,1.4142,8,"[4, 5, 3, 2, 4, 5, 4, 1]"
"Many men who had been farm-owners had, according to the union leader, sold it during the financial crisis.",3.125,1.126,8,"[3, 3, 3, 5, 4, 1, 3, 3]"
Many men who owned a cow sold it during the financial crisis.,3.5625,1.0308,16,"[3, 4, 4, 5, 3, 3, 4, 4, 3, 3, 5, 1, 3, 3, 4, 5]"
Many men who owned a cow sold something during the financial crisis.,3.7333,1.0483,30,"[4, 4, 3, 3, 4, 4, 2, 5, 4, 4, 4, 5, 4, 2, 2, 3, 4, 5, 1, 4, 4, 4, 5, 5, 3, 3, 5, 5, 4, 3]"
Many men who owned a farm sold it during the financial crisis.,4.5,0.6325,16,"[5, 4, 5, 5, 4, 5, 5, 4, 3, 5, 4, 5, 5, 5, 4, 4]"
Many men who owned a farm sold something during the financial crisis.,3.5333,1.4794,30,"[5, 4, 5, 4, 5, 3, 5, 2, 4, 5, 2, 3, 3, 4, 5, 1, 3, 5, 4, 1, 5, 3, 1, 3, 5, 5, 1, 4, 5, 1]"
Many men who were cow-owners sold it during the financial crisis.,2.7857,1.1217,14,"[3, 1, 3, 2, 3, 4, 4, 4, 2, 4, 2, 1, 4, 2]"
Many men who were cow-owners sold something during the financial crisis.,3.4667,1.383,30,"[5, 5, 4, 5, 4, 1, 2, 4, 5, 3, 4, 2, 3, 5, 5, 4, 4, 3, 2, 1, 3, 5, 1, 3, 5, 4, 3, 1, 5, 3]"
Many men who were farm-owners sold it during the financial crisis.,3.3125,1.3022,16,"[5, 4, 5, 3, 2, 2, 2, 2, 4, 4, 4, 5, 4, 1, 4, 2]"
Many men who were farm-owners sold something during the financial crisis.,3.4483,1.5256,29,"[4, 5, 4, 2, 3, 3, 3, 5, 2, 5, 5, 3, 5, 5, 2, 5, 1, 5, 1, 5, 1, 3, 5, 1, 4, 4, 3, 1, 5]"
Many millionaires kissed their maids in secret and lied to them about their wife and children.,3.5161,1.176,93,"[2, 2, 2, 3, 4, 3, 1, 3, 4, 4, 5, 4, 2, 4, 3, 5, 4, 5, 5, 4, 4, 4, 5, 3, 1, 3, 4, 3, 2, 3, 4, 4, 3, 2, 5, 3, 3, 2, 4, 1, 3, 4, 4, 4, 2, 5, 5, 5, 2, 1, 5, 3, 1, 5, 4, 5, 5, 4, 3, 1, 4, 3, 4, 4, 5, 3, 3, 4, 5, 2, 3, 4, 5, 5, 3, 5, 3, 4, 2, 4, 2, 5, 3, 5, 5, 4, 3, 5, 4, 3, 3, 3, 4]"
"Many millionaires who had been diamond-owners had, according to the auctioneer, auctioned it off in hopes of making a profit.",2.625,1.4079,8,"[4, 5, 2, 3, 2, 1, 3, 1]"
"Many millionaires who had been mine-owners had, according to the auctioneer, auctioned it off in hopes of making a profit.",2.75,1.2817,8,"[1, 4, 3, 4, 3, 1, 4, 2]"
Many millionaires who owned a diamond auctioned it off in hopes of making a profit.,4.2143,1.1883,14,"[3, 4, 5, 5, 3, 5, 5, 5, 5, 4, 1, 4, 5, 5]"
Many millionaires who owned a diamond auctioned something off in hopes of making a profit.,3.3,1.4179,30,"[5, 3, 2, 2, 4, 4, 3, 2, 5, 3, 5, 5, 2, 5, 3, 4, 4, 1, 4, 1, 5, 1, 4, 5, 2, 3, 4, 2, 1, 5]"
Many millionaires who owned a mine auctioned it off in hopes of making a profit.,4.4667,0.8338,15,"[5, 5, 4, 5, 3, 5, 3, 5, 3, 5, 5, 5, 5, 4, 5]"
Many millionaires who owned a mine auctioned something off in hopes of making a profit.,3.4333,1.4308,30,"[5, 5, 4, 2, 5, 1, 2, 5, 5, 3, 4, 2, 3, 4, 5, 4, 4, 2, 2, 1, 5, 5, 1, 3, 5, 3, 4, 1, 4, 4]"
Many millionaires who were diamond-owners auctioned it off in hopes of making a profit.,2.8125,0.9106,16,"[2, 2, 3, 3, 3, 2, 1, 2, 2, 4, 4, 4, 4, 3, 3, 3]"
Many millionaires who were diamond-owners auctioned something off in hopes of making a profit.,4.0345,1.0851,29,"[4, 4, 3, 4, 5, 4, 5, 5, 5, 4, 4, 3, 3, 5, 5, 5, 5, 1, 5, 4, 4, 5, 5, 3, 2, 5, 4, 4, 2]"
Many millionaires who were mine-owners auctioned it off in hopes of making a profit.,3.0,1.1339,15,"[3, 5, 2, 4, 3, 4, 3, 3, 3, 1, 3, 2, 5, 2, 2]"
Many millionaires who were mine-owners auctioned something off in hopes of making a profit.,3.2667,1.5298,30,"[4, 3, 5, 5, 4, 3, 5, 1, 5, 5, 2, 3, 3, 3, 2, 1, 3, 5, 5, 1, 3, 3, 1, 4, 5, 5, 1, 2, 5, 1]"
Many mine-owners auctioned it off in hopes of making a profit.,2.8125,1.4245,16,"[3, 2, 4, 5, 3, 4, 5, 1, 2, 2, 1, 1, 2, 3, 5, 2]"
"Many mine-owners had, according to the auctioneer, auctioned it off in hopes of making a profit.",3.125,1.5526,8,"[2, 1, 5, 4, 2, 2, 4, 5]"
"Many mirror-owning women had, according to the sales assistant, used it at least once a day.",2.625,1.598,8,"[1, 2, 2, 3, 5, 1, 5, 2]"
Many mirror-owning women used it at least once a day.,3.3571,1.1507,14,"[3, 2, 4, 4, 3, 4, 4, 5, 4, 3, 2, 3, 5, 1]"
"Many motorless robots had, according to the technician, no longer needed it when the new technology was successful.",2.875,1.3562,8,"[2, 1, 5, 4, 3, 2, 4, 2]"
Many motorless robots no longer needed it when the new technology was successful.,2.8125,1.1673,16,"[2, 2, 1, 3, 1, 3, 4, 2, 2, 4, 2, 4, 4, 3, 3, 5]"
Many neighbors that were concerned about security were watching from their windows at night.,3.4787,1.3094,94,"[5, 4, 4, 2, 3, 4, 5, 2, 4, 3, 4, 2, 2, 2, 4, 4, 3, 3, 5, 5, 3, 5, 4, 4, 2, 2, 4, 5, 2, 2, 4, 4, 5, 4, 5, 4, 2, 4, 3, 5, 1, 5, 5, 5, 5, 1, 1, 4, 4, 4, 1, 5, 2, 1, 5, 3, 5, 5, 5, 2, 2, 5, 3, 4, 3, 4, 3, 1, 3, 5, 3, 4, 5, 5, 5, 3, 4, 5, 4, 2, 3, 1, 2, 3, 1, 5, 4, 2, 4, 4, 2, 5, 2, 4]"
Many parents who owned a Nintendo Wii had bought it in the Christmas sales.,4.25,1.2383,16,"[5, 5, 5, 5, 1, 4, 3, 2, 5, 4, 5, 5, 4, 5, 5, 5]"
Many parents who owned a Nintendo Wii had bought something in the Christmas sales.,3.4667,1.383,30,"[4, 2, 3, 5, 4, 4, 1, 4, 5, 1, 4, 5, 4, 4, 5, 4, 5, 5, 1, 3, 2, 3, 5, 5, 2, 2, 2, 5, 3, 2]"
Many parents who owned a TV had bought it in the Christmas sales.,4.0,1.2403,14,"[3, 2, 5, 3, 3, 5, 5, 5, 5, 3, 2, 5, 5, 5]"
Many parents who owned a TV had bought something in the Christmas sales.,3.1667,1.3667,30,"[3, 4, 4, 3, 4, 3, 4, 2, 3, 5, 2, 2, 3, 3, 3, 1, 3, 5, 5, 1, 5, 2, 1, 5, 5, 4, 1, 4, 4, 1]"
Many parents who were Nintendo-Wii-owners had bought it in the Christmas sales.,3.9375,1.1236,16,"[4, 5, 5, 5, 3, 4, 5, 4, 2, 4, 2, 4, 5, 5, 4, 2]"
Many parents who were Nintendo-Wii-owners had bought something in the Christmas sales.,3.4667,1.4077,30,"[5, 4, 4, 4, 5, 2, 4, 5, 5, 4, 4, 2, 1, 5, 2, 4, 5, 3, 3, 1, 5, 4, 1, 3, 5, 3, 3, 1, 5, 2]"
"Many parents who were Nintendo-Wii-owners had, according to the market researcher, bought it in the Christmas sales.",3.25,1.3887,8,"[1, 2, 3, 5, 3, 3, 4, 5]"
Many parents who were TV-owners had bought it in the Christmas sales.,3.1875,1.3276,16,"[2, 1, 2, 5, 3, 2, 1, 4, 4, 4, 5, 3, 5, 4, 3, 3]"
Many parents who were TV-owners had bought something in the Christmas sales.,3.2333,1.4308,30,"[5, 4, 2, 3, 5, 3, 5, 2, 4, 3, 5, 5, 4, 5, 3, 2, 3, 1, 3, 1, 4, 1, 3, 5, 1, 3, 4, 2, 1, 5]"
"Many parents who were TV-owners had, according to the market researcher, bought it in the Christmas sales.",2.625,1.598,8,"[3, 4, 2, 1, 1, 4, 5, 1]"
Many pencilless graduate students had forgotten it at home in a hurry.,2.25,0.9309,16,"[2, 2, 1, 1, 2, 1, 1, 3, 3, 3, 2, 3, 3, 4, 3, 2]"
"Many pencilless graduate students had, according to the administrative officer, forgotten it at home in a hurry.",1.75,1.165,8,"[1, 2, 3, 4, 1, 1, 1, 1]"
"Many robots that were motorless had, according to the technician, no longer needed it when the new technology was successful.",2.75,1.5811,8,"[5, 4, 3, 4, 1, 1, 3, 1]"
Many robots that were motorless no longer needed it when the new technology was successful.,2.625,1.0878,16,"[4, 3, 2, 5, 2, 3, 3, 2, 3, 2, 1, 2, 4, 1, 3, 2]"
Many robots that were motorless no longer needed something when the new technology was successful.,2.7241,1.4116,29,"[5, 3, 4, 4, 3, 2, 4, 2, 5, 1, 2, 2, 4, 4, 2, 1, 3, 1, 1, 1, 2, 1, 5, 4, 3, 1, 4, 4, 1]"
"Many robots that were wheelless had, according to the technician, no longer needed it when the new technology was successful.",2.125,1.126,8,"[1, 2, 1, 3, 4, 1, 3, 2]"
Many robots that were wheelless no longer needed it when the new technology was successful.,2.5625,0.7274,16,"[2, 1, 3, 3, 2, 2, 2, 2, 3, 3, 3, 3, 4, 3, 2, 3]"
Many robots that were wheelless no longer needed something when the new technology was successful.,2.931,1.2798,29,"[2, 2, 3, 4, 3, 3, 2, 2, 3, 1, 2, 4, 1, 4, 4, 5, 5, 1, 4, 3, 3, 2, 5, 1, 3, 5, 4, 2, 2]"
Many robots that were without a motor no longer needed it when the new technology was successful.,3.4375,1.2633,16,"[5, 5, 4, 3, 2, 5, 3, 2, 5, 3, 2, 5, 4, 2, 3, 2]"
Many robots that were without a motor no longer needed something when the new technology was successful.,2.6333,1.2172,30,"[3, 3, 2, 2, 3, 1, 4, 2, 4, 2, 4, 2, 1, 3, 5, 3, 3, 2, 2, 1, 4, 5, 1, 3, 4, 2, 2, 1, 4, 1]"
Many robots that were without a wheel no longer needed it when the new technology was successful.,3.0714,1.1411,14,"[2, 3, 4, 4, 2, 3, 4, 4, 5, 4, 1, 2, 3, 2]"
Many robots that were without a wheel no longer needed something when the new technology was successful.,2.4138,1.2682,29,"[2, 4, 2, 2, 2, 4, 2, 2, 1, 2, 3, 5, 1, 5, 1, 3, 3, 2, 1, 2, 1, 4, 4, 1, 2, 3, 1, 1, 4]"
Many shark-owning animal lovers had imported it illegally from a tropical country.,2.9375,1.3401,16,"[3, 1, 5, 2, 2, 5, 3, 2, 2, 3, 3, 5, 4, 1, 4, 2]"
"Many shark-owning animal lovers had, according to the customs officer, imported it illegally from a tropical country.",3.5,1.3093,8,"[4, 3, 3, 5, 4, 5, 3, 1]"
Many singers who had mentors during the 80's wrote about them in their memoirs.,3.8404,1.0906,94,"[2, 4, 5, 3, 3, 4, 2, 3, 4, 4, 5, 4, 4, 4, 4, 3, 3, 4, 5, 5, 4, 5, 4, 4, 3, 3, 5, 5, 3, 4, 4, 5, 3, 2, 5, 3, 3, 4, 2, 5, 5, 5, 4, 5, 5, 2, 4, 2, 4, 5, 2, 5, 2, 2, 5, 4, 2, 5, 5, 5, 4, 4, 3, 4, 3, 4, 5, 4, 2, 5, 3, 4, 3, 5, 5, 1, 5, 3, 5, 5, 5, 4, 3, 4, 5, 5, 4, 5, 5, 4, 1, 3, 3, 4]"
Many socks stayed wet and started to smell when it was too humid.,3.6882,1.1323,93,"[2, 4, 3, 3, 4, 3, 5, 2, 4, 4, 5, 4, 3, 3, 5, 5, 5, 5, 5, 4, 4, 5, 4, 2, 3, 2, 5, 2, 2, 4, 4, 4, 1, 5, 2, 2, 4, 3, 2, 2, 5, 4, 5, 2, 2, 5, 3, 4, 3, 2, 5, 3, 3, 5, 4, 5, 5, 5, 5, 5, 4, 3, 4, 5, 3, 4, 3, 3, 5, 2, 4, 3, 4, 4, 2, 5, 3, 4, 3, 5, 2, 3, 3, 5, 4, 5, 5, 4, 4, 2, 5, 3, 5]"
Many soldiers sold their uniform and bought sunglasses after they had been dismissed.,3.7872,1.0962,94,"[4, 4, 3, 3, 4, 3, 1, 3, 4, 3, 5, 5, 3, 4, 4, 1, 5, 3, 5, 5, 2, 5, 3, 4, 2, 3, 5, 4, 3, 3, 4, 2, 3, 4, 5, 5, 3, 5, 2, 5, 4, 5, 5, 1, 4, 3, 3, 3, 5, 4, 4, 5, 4, 2, 4, 4, 5, 5, 4, 4, 4, 4, 3, 4, 5, 4, 3, 5, 3, 5, 3, 5, 3, 5, 5, 4, 4, 2, 4, 4, 5, 5, 5, 4, 2, 4, 4, 5, 5, 3, 1, 3, 5, 4]"
Many toddlers who hit their mothers during bedtime apologized to them and showered them with cuddles and kisses.,3.3298,1.239,94,"[2, 2, 3, 3, 4, 3, 5, 3, 4, 3, 5, 4, 4, 2, 3, 4, 3, 4, 5, 2, 3, 4, 2, 1, 2, 2, 5, 5, 3, 3, 4, 3, 2, 2, 4, 3, 3, 2, 1, 3, 2, 5, 4, 1, 4, 1, 5, 5, 5, 1, 2, 5, 4, 2, 4, 3, 4, 4, 5, 4, 5, 4, 3, 4, 3, 3, 3, 4, 3, 5, 3, 2, 3, 5, 4, 5, 3, 3, 5, 2, 5, 3, 5, 4, 5, 5, 3, 1, 5, 3, 2, 3, 1, 1]"
Many weaponless knights had left it in their castle.,2.625,1.1475,16,"[2, 1, 2, 1, 4, 2, 3, 4, 2, 4, 3, 2, 5, 3, 2, 2]"
"Many weaponless knights had, according to the guard, left it in their castle.",2.5,1.1952,8,"[3, 4, 2, 2, 1, 3, 4, 1]"
"Many wheelless robots had, according to the technician, no longer needed it when the new technology was successful.",2.625,0.9161,8,"[2, 2, 4, 2, 2, 2, 3, 4]"
Many wheelless robots no longer needed it when the new technology was successful.,2.625,1.5864,16,"[2, 1, 4, 4, 2, 5, 1, 1, 1, 1, 4, 4, 4, 5, 1, 2]"
Many wifeless captains had lost her when the ship went down.,2.7143,1.3828,14,"[2, 1, 1, 5, 3, 4, 5, 4, 3, 3, 2, 2, 2, 1]"
"Many wifeless captains had, according to the harbor master, lost her when the ship went down.",2.875,1.6421,8,"[2, 2, 1, 5, 4, 5, 3, 1]"
Many women who owned a hairdryer used it at least once a day.,3.6875,1.1955,16,"[5, 4, 5, 3, 4, 4, 1, 2, 3, 3, 5, 5, 5, 3, 3, 4]"
Many women who owned a hairdryer used something at least once a day.,3.0333,1.4259,30,"[4, 5, 3, 3, 4, 3, 4, 3, 4, 3, 5, 5, 2, 5, 3, 1, 2, 1, 5, 1, 4, 1, 3, 5, 1, 2, 2, 2, 1, 4]"
Many women who owned a mirror used it at least once a day.,3.8125,1.1087,16,"[4, 4, 5, 5, 4, 3, 5, 3, 3, 2, 5, 2, 3, 5, 3, 5]"
Many women who owned a mirror used something at least once a day.,3.1,1.4227,30,"[4, 2, 4, 4, 3, 1, 3, 3, 5, 4, 2, 3, 3, 5, 5, 4, 5, 2, 1, 1, 5, 2, 1, 3, 5, 3, 4, 1, 4, 1]"
"Many women who were hairdryer-owners had, according to the sales assistant, used it at least once a day.",3.875,0.991,8,"[2, 5, 5, 4, 3, 4, 4, 4]"
Many women who were hairdryer-owners used it at least once a day.,3.375,1.4083,16,"[3, 2, 5, 5, 4, 5, 2, 3, 1, 5, 1, 4, 3, 5, 3, 3]"
Many women who were hairdryer-owners used something at least once a day.,3.1,1.1847,30,"[4, 3, 3, 3, 4, 4, 3, 4, 2, 4, 4, 1, 5, 4, 1, 3, 2, 5, 1, 3, 3, 3, 4, 5, 1, 3, 2, 4, 3, 2]"
"Many women who were mirror-owners had, according to the sales assistant, used it at least once a day.",3.0,1.4142,8,"[2, 1, 3, 2, 3, 5, 3, 5]"
Many women who were mirror-owners used it at least once a day.,3.0625,1.2366,16,"[4, 3, 2, 4, 2, 2, 3, 2, 3, 3, 5, 1, 2, 3, 5, 5]"
Many women who were mirror-owners used something at least once a day.,3.2333,1.3309,30,"[4, 3, 4, 4, 5, 4, 4, 2, 5, 4, 2, 3, 4, 4, 3, 1, 2, 4, 4, 1, 5, 3, 1, 4, 4, 5, 1, 2, 4, 1]"
Most doctors operated on women with obesity and sent them flowers for each day of their recovery.,3.266,1.1376,94,"[2, 2, 1, 3, 5, 2, 5, 2, 4, 4, 5, 5, 4, 4, 3, 3, 3, 4, 5, 4, 3, 5, 3, 4, 2, 4, 5, 3, 2, 4, 4, 1, 2, 2, 3, 4, 2, 1, 3, 5, 4, 4, 4, 1, 2, 3, 5, 3, 5, 3, 4, 3, 2, 2, 5, 3, 3, 3, 4, 3, 4, 4, 3, 2, 2, 1, 4, 1, 2, 5, 2, 3, 3, 4, 4, 3, 5, 3, 3, 3, 2, 2, 5, 4, 5, 3, 3, 3, 4, 3, 3, 3, 4, 4]"
Most farmers who had assistants during the harvest gave them many pumpkins as a bonus for their work.,3.828,1.0281,93,"[3, 4, 5, 1, 3, 4, 5, 3, 4, 3, 5, 5, 3, 3, 4, 3, 4, 3, 2, 4, 2, 5, 2, 4, 4, 4, 5, 5, 4, 4, 4, 5, 4, 2, 2, 5, 3, 2, 4, 2, 5, 5, 4, 4, 5, 5, 5, 5, 4, 4, 5, 4, 2, 5, 3, 4, 4, 5, 5, 3, 5, 3, 3, 3, 5, 4, 4, 2, 5, 4, 4, 5, 4, 5, 3, 5, 3, 4, 2, 5, 4, 5, 4, 3, 5, 4, 4, 4, 3, 3, 2, 4, 4]"
Most garbage men collected the trash and waved to the kids during their morning routine.,3.734,1.1656,94,"[2, 5, 4, 2, 5, 4, 5, 3, 2, 3, 3, 5, 4, 4, 5, 2, 3, 2, 4, 5, 4, 4, 1, 3, 3, 2, 5, 5, 5, 4, 4, 4, 4, 4, 3, 3, 3, 5, 2, 3, 1, 5, 5, 5, 4, 2, 5, 5, 5, 5, 2, 5, 4, 2, 4, 3, 5, 5, 5, 5, 5, 4, 3, 3, 4, 3, 3, 3, 2, 5, 4, 5, 5, 5, 5, 3, 4, 3, 4, 4, 5, 1, 3, 3, 2, 5, 4, 4, 5, 3, 4, 3, 2, 5]"
Most housewives slept until the afternoon on weekends while their husbands were away on business.,3.8617,1.1033,94,"[4, 4, 4, 3, 5, 4, 5, 2, 4, 4, 5, 4, 4, 4, 3, 1, 5, 5, 5, 4, 3, 5, 5, 4, 1, 2, 5, 5, 3, 3, 5, 2, 4, 3, 2, 4, 2, 4, 4, 1, 4, 5, 4, 4, 4, 3, 5, 4, 4, 4, 2, 5, 1, 3, 4, 3, 5, 4, 5, 4, 4, 4, 3, 3, 3, 4, 4, 5, 4, 5, 3, 4, 5, 5, 5, 4, 5, 3, 5, 3, 5, 5, 4, 2, 5, 5, 4, 5, 5, 4, 5, 3, 2, 5]"
Most mothers who had a fight with their sisters forgave them the very next day.,3.2234,1.1837,94,"[4, 4, 4, 3, 2, 3, 5, 2, 4, 3, 5, 4, 4, 4, 3, 2, 3, 2, 3, 2, 3, 5, 2, 1, 2, 1, 3, 5, 3, 2, 4, 2, 3, 2, 5, 4, 3, 2, 4, 3, 4, 4, 4, 3, 4, 3, 5, 4, 4, 5, 1, 5, 1, 3, 5, 4, 4, 5, 5, 5, 4, 4, 3, 4, 3, 5, 2, 1, 4, 5, 1, 4, 3, 4, 2, 3, 3, 3, 2, 2, 3, 2, 4, 3, 2, 5, 2, 3, 4, 2, 2, 1, 3, 2]"
Most old men married young women during the war and divorced them soon after the first child was born.,3.4681,1.1612,94,"[3, 4, 4, 1, 4, 2, 5, 2, 4, 3, 5, 5, 4, 4, 5, 3, 2, 4, 5, 3, 3, 5, 5, 4, 2, 2, 4, 5, 3, 3, 2, 4, 2, 3, 4, 4, 2, 3, 2, 3, 1, 5, 4, 1, 4, 4, 5, 4, 4, 4, 2, 5, 2, 3, 2, 3, 5, 5, 5, 5, 3, 4, 3, 3, 4, 1, 2, 2, 3, 5, 3, 3, 3, 4, 4, 5, 5, 3, 4, 2, 5, 4, 3, 3, 2, 4, 4, 5, 4, 4, 1, 3, 4, 4]"
Most teachers who taught the toddlers and children assigned them reading for the next day.,3.6129,1.2339,93,"[3, 2, 5, 3, 1, 4, 5, 3, 4, 5, 5, 4, 4, 4, 4, 1, 3, 5, 5, 5, 3, 5, 4, 4, 3, 3, 5, 5, 1, 4, 5, 2, 3, 2, 3, 5, 3, 4, 1, 2, 2, 4, 4, 5, 2, 4, 5, 5, 2, 3, 5, 3, 2, 5, 4, 4, 4, 5, 3, 5, 4, 2, 4, 3, 4, 3, 1, 4, 5, 2, 4, 5, 5, 5, 2, 4, 4, 5, 2, 4, 2, 5, 5, 4, 2, 3, 5, 5, 2, 4, 3, 4, 2]"
No beach that was lighthouseless had lost it due to the eroding force of the ocean.,3.0625,1.4361,16,"[2, 2, 2, 5, 1, 3, 2, 3, 5, 3, 5, 1, 2, 4, 4, 5]"
No beach that was lighthouseless had lost something due to the eroding force of the ocean.,2.2333,1.1943,30,"[2, 3, 2, 4, 2, 3, 1, 1, 4, 2, 2, 1, 2, 4, 4, 1, 2, 4, 3, 1, 5, 3, 1, 2, 2, 2, 1, 1, 1, 1]"
"No beach that was lighthouseless had, according to the coast guard, lost it due to the eroding force of the ocean.",2.5,1.3093,8,"[2, 5, 3, 3, 2, 1, 3, 1]"
No beach that was sea-shell-less had lost it due to the eroding force of the ocean.,2.0,1.1547,16,"[1, 1, 2, 2, 2, 5, 3, 2, 1, 4, 1, 2, 2, 1, 2, 1]"
No beach that was sea-shell-less had lost something due to the eroding force of the ocean.,2.3667,0.9643,30,"[2, 2, 3, 2, 3, 2, 2, 2, 2, 1, 1, 1, 3, 3, 2, 3, 4, 4, 1, 2, 2, 3, 2, 4, 2, 4, 2, 4, 2, 1]"
"No beach that was sea-shell-less had, according to the coast guard, lost it due to the eroding force of the ocean.",2.2857,1.2536,7,"[1, 2, 2, 4, 4, 1, 2]"
No beach that was without a lighthouse had lost it due to the eroding force of the ocean.,2.5,1.2111,16,"[2, 2, 1, 1, 2, 1, 3, 3, 3, 2, 3, 5, 2, 3, 2, 5]"
No beach that was without a lighthouse had lost something due to the eroding force of the ocean.,2.6552,1.2614,29,"[4, 1, 4, 1, 3, 1, 3, 2, 5, 2, 2, 2, 3, 4, 3, 3, 2, 2, 1, 4, 2, 1, 3, 5, 2, 3, 1, 5, 3]"
No beach that was without a sea shell had lost it due to the eroding force of the ocean.,2.2667,1.2228,15,"[2, 1, 2, 3, 2, 2, 5, 2, 1, 1, 4, 2, 4, 1, 2]"
No beach that was without a sea shell had lost something due to the eroding force of the ocean.,1.8276,1.0025,29,"[2, 2, 2, 2, 2, 2, 1, 2, 2, 4, 5, 1, 2, 1, 1, 2, 1, 2, 1, 1, 1, 2, 4, 1, 2, 1, 1, 1, 2]"
No bicycle-owner donated it to children in need.,2.625,0.9574,16,"[2, 3, 3, 2, 2, 3, 2, 3, 2, 4, 3, 2, 1, 5, 3, 2]"
"No bicycle-owner had, according to the head teacher, donated it to children in need.",3.0,1.5119,8,"[1, 4, 2, 5, 4, 4, 3, 1]"
No birthday-cake-less child had already eaten it before the party started.,2.0,0.8165,16,"[2, 1, 3, 3, 1, 1, 2, 2, 1, 3, 3, 2, 1, 2, 2, 3]"
"No birthday-cake-less child had, according to the nursery teacher, already eaten it before the party started.",2.5,1.6036,8,"[2, 2, 1, 5, 2, 5, 2, 1]"
"No boat-owning popstars had, according to the journalist, wanted to sell it to pompous entrepreneurs.",2.875,1.3562,8,"[4, 5, 3, 3, 3, 1, 3, 1]"
No boat-owning popstars wanted to sell it to pompous entrepreneurs.,2.3125,1.0145,16,"[2, 3, 3, 2, 2, 4, 3, 4, 3, 1, 3, 1, 1, 1, 2, 2]"
"No boat-owning spies had, according to the secret agent, used it during the mission.",3.5,1.1952,8,"[1, 4, 4, 3, 3, 5, 4, 4]"
No boat-owning spies used it during the mission.,3.125,1.2042,16,"[2, 2, 4, 3, 2, 5, 3, 2, 2, 5, 4, 2, 4, 3, 5, 2]"
No child who was birthday-cake-less had already eaten it before the party started.,2.0714,1.1411,14,"[2, 1, 1, 1, 3, 2, 3, 2, 2, 2, 5, 1, 3, 1]"
No child who was birthday-cake-less had already eaten something before the party started.,2.0333,1.1592,30,"[1, 1, 4, 1, 4, 1, 2, 2, 5, 2, 2, 1, 2, 4, 2, 3, 2, 1, 1, 1, 4, 2, 1, 3, 1, 2, 2, 1, 2, 1]"
"No child who was birthday-cake-less had, according to the nursery teacher, already eaten it before the party started.",2.125,1.126,8,"[3, 3, 1, 1, 2, 2, 4, 1]"
No child who was pancake-less had already eaten it before the party started.,2.3125,1.1955,16,"[1, 4, 4, 1, 3, 1, 3, 1, 3, 3, 1, 4, 2, 1, 3, 2]"
No child who was pancake-less had already eaten something before the party started.,1.7,0.7497,30,"[2, 2, 2, 2, 1, 2, 1, 1, 1, 2, 1, 2, 2, 3, 3, 1, 2, 1, 2, 1, 1, 1, 2, 2, 1, 2, 4, 1, 1, 2]"
"No child who was pancake-less had, according to the nursery teacher, already eaten it before the party started.",2.25,0.8864,8,"[1, 2, 2, 3, 3, 1, 3, 3]"
No child who was without a birthday cake had already eaten it before the party started.,2.0,1.0328,16,"[2, 1, 2, 4, 1, 4, 1, 3, 2, 1, 1, 2, 2, 2, 1, 3]"
No child who was without a birthday cake had already eaten something before the party started.,2.3667,1.1592,30,"[3, 1, 3, 3, 4, 2, 1, 2, 1, 3, 1, 2, 2, 4, 3, 1, 3, 4, 1, 1, 3, 4, 2, 5, 2, 3, 3, 2, 1, 1]"
No child who was without a pancake had already eaten it before the party started.,1.875,1.1475,16,"[1, 4, 2, 1, 3, 4, 3, 2, 1, 1, 1, 1, 1, 3, 1, 1]"
No child who was without a pancake had already eaten something before the party started.,2.0667,1.0807,30,"[2, 3, 2, 3, 1, 3, 3, 2, 5, 1, 1, 1, 2, 3, 4, 1, 2, 4, 1, 1, 2, 3, 1, 2, 2, 2, 1, 2, 1, 1]"
No credit-card-owner had acquired it using illegal methods.,3.2857,1.3828,14,"[2, 1, 2, 5, 3, 5, 4, 5, 5, 3, 2, 3, 4, 2]"
"No credit-card-owner had, according to the investigator, acquired it using illegal methods.",4.25,0.7071,8,"[3, 4, 5, 4, 4, 5, 4, 5]"
No dental patient who was fillingless had lost it while eating soft chocolate cookies.,1.9375,0.8539,16,"[2, 3, 1, 1, 2, 1, 1, 3, 2, 3, 1, 2, 3, 1, 3, 2]"
No dental patient who was fillingless had lost something while eating soft chocolate cookies.,2.2759,1.1306,29,"[1, 3, 4, 2, 1, 3, 2, 2, 5, 2, 1, 2, 3, 4, 1, 2, 4, 2, 1, 3, 4, 1, 3, 2, 2, 2, 2, 1, 1]"
"No dental patient who was fillingless had, according to the specialist, lost it while eating soft chocolate cookies.",2.0,0.7559,8,"[2, 1, 1, 2, 2, 3, 3, 2]"
No dental patient who was retainerless had lost it while eating soft chocolate cookies.,2.5,1.2111,16,"[3, 1, 4, 2, 4, 1, 5, 2, 1, 2, 3, 3, 2, 3, 1, 3]"
No dental patient who was retainerless had lost something while eating soft chocolate cookies.,2.5667,1.3309,30,"[2, 2, 3, 3, 4, 3, 4, 2, 1, 2, 1, 1, 5, 4, 1, 1, 4, 5, 1, 1, 1, 3, 2, 5, 3, 2, 3, 4, 2, 2]"
"No dental patient who was retainerless had, according to the specialist, lost it while eating soft chocolate cookies.",2.625,1.0607,8,"[2, 4, 1, 2, 2, 4, 3, 3]"
No dental patient who was without a filling had lost it while eating soft chocolate cookies.,2.375,1.4549,16,"[1, 4, 5, 1, 1, 1, 2, 1, 2, 3, 1, 5, 2, 4, 3, 2]"
No dental patient who was without a filling had lost something while eating soft chocolate cookies.,2.3103,1.1053,29,"[2, 2, 4, 1, 4, 3, 2, 4, 1, 2, 2, 5, 3, 2, 3, 1, 2, 1, 1, 4, 2, 1, 3, 2, 2, 3, 1, 2, 2]"
No dental patient who was without a retainer had lost it while eating soft chocolate cookies.,2.3571,1.0082,14,"[2, 1, 1, 4, 3, 2, 3, 2, 4, 2, 2, 1, 3, 3]"
No dental patient who was without a retainer had lost something while eating soft chocolate cookies.,2.2759,1.0315,29,"[2, 3, 2, 2, 4, 3, 2, 1, 2, 2, 4, 4, 2, 3, 2, 3, 3, 1, 4, 1, 2, 1, 2, 2, 1, 1, 4, 2, 1]"
No fillingless dental patient had lost it while eating soft chocolate cookies.,2.0625,0.7719,16,"[2, 2, 2, 2, 1, 3, 2, 2, 3, 2, 1, 1, 2, 2, 2, 4]"
"No fillingless dental patient had, according to the specialist, lost it while eating soft chocolate cookies.",2.125,1.3562,8,"[1, 2, 3, 4, 1, 1, 4, 1]"
"No gadget-owning spies had, according to the secret agent, used it during the mission.",2.375,1.3025,8,"[3, 4, 2, 1, 1, 4, 3, 1]"
No gadget-owning spies used it during the mission.,2.8125,1.1087,16,"[1, 3, 4, 3, 2, 4, 4, 2, 2, 1, 4, 2, 2, 4, 4, 3]"
No grandmotherless woman had missed her on mother's day.,1.5625,0.8921,16,"[2, 1, 1, 3, 1, 4, 1, 1, 2, 1, 1, 1, 2, 1, 1, 2]"
"No grandmotherless woman had, according to the psychologist, missed her on mother's day.",2.375,0.744,8,"[1, 2, 2, 3, 2, 3, 3, 3]"
"No island-owning popstars had, according to the journalist, wanted to sell it to pompous entrepreneurs.",2.25,1.0351,8,"[1, 3, 2, 4, 3, 1, 2, 2]"
No island-owning popstars wanted to sell it to pompous entrepreneurs.,2.9375,1.2366,16,"[1, 1, 3, 3, 5, 2, 4, 2, 2, 4, 5, 3, 2, 4, 3, 3]"
No lighthouseless beach had lost it due to the eroding force of the ocean.,1.9286,0.9972,14,"[1, 1, 1, 1, 3, 1, 3, 2, 2, 2, 4, 2, 3, 1]"
"No lighthouseless beach had, according to the coast guard, lost it due to the eroding force of the ocean.",2.5,1.1952,8,"[4, 1, 1, 4, 2, 3, 2, 3]"
No liquor-ID-owner had acquired it using illegal methods.,3.375,1.3102,16,"[5, 3, 2, 4, 1, 3, 3, 2, 5, 4, 2, 4, 5, 5, 2, 4]"
"No liquor-ID-owner had, according to the investigator, acquired it using illegal methods.",2.75,1.0351,8,"[2, 1, 4, 3, 2, 4, 3, 3]"
No maintenance workers who knew filmstars from Canada told them about their life story.,2.5426,1.1232,94,"[3, 2, 2, 4, 1, 2, 1, 4, 4, 3, 5, 2, 2, 2, 1, 4, 2, 5, 4, 2, 2, 4, 3, 2, 1, 1, 4, 3, 1, 4, 3, 2, 2, 1, 2, 2, 3, 4, 1, 3, 3, 2, 3, 2, 3, 2, 1, 5, 4, 2, 3, 5, 2, 2, 4, 4, 1, 5, 2, 1, 3, 2, 3, 4, 3, 2, 1, 3, 3, 3, 2, 3, 3, 4, 4, 3, 1, 3, 2, 2, 2, 1, 2, 2, 2, 2, 2, 3, 3, 2, 1, 2, 1, 1]"
No motherless woman had missed her on mother's day.,2.8125,1.4245,16,"[4, 3, 4, 5, 4, 5, 4, 1, 1, 2, 1, 3, 3, 1, 2, 2]"
"No motherless woman had, according to the psychologist, missed her on mother's day.",2.125,1.126,8,"[3, 3, 2, 1, 1, 2, 4, 1]"
No old lady who owned a walker regretted bringing it to the afternoon tea party.,3.875,1.4083,16,"[5, 5, 2, 4, 1, 5, 3, 1, 5, 4, 4, 4, 5, 5, 5, 4]"
No old lady who owned a walker regretted bringing something to the afternoon tea party.,2.6,1.2484,30,"[2, 2, 5, 2, 2, 4, 2, 2, 3, 1, 2, 2, 4, 4, 2, 1, 2, 5, 3, 1, 4, 3, 1, 4, 4, 3, 1, 2, 4, 1]"
No old lady who owned an umbrella regretted bringing it to the afternoon tea party.,3.2857,1.1387,14,"[2, 3, 4, 5, 3, 2, 5, 5, 3, 2, 2, 3, 4, 3]"
No old lady who owned an umbrella regretted bringing something to the afternoon tea party.,2.8,1.2149,30,"[4, 2, 3, 3, 3, 4, 3, 4, 2, 1, 2, 1, 3, 4, 2, 4, 1, 5, 1, 2, 2, 3, 4, 4, 3, 2, 5, 4, 1, 2]"
"No old lady who was a walker-owner had, according to the hotel manager, regretted bringing it to the afternoon tea party.",2.625,1.3025,8,"[3, 2, 3, 3, 1, 1, 3, 5]"
No old lady who was a walker-owner regretted bringing it to the afternoon tea party.,3.0625,1.1236,16,"[4, 2, 2, 4, 2, 2, 3, 5, 3, 2, 4, 2, 5, 4, 3, 2]"
No old lady who was a walker-owner regretted bringing something to the afternoon tea party.,2.5,1.1371,30,"[2, 3, 3, 3, 2, 3, 2, 2, 2, 2, 4, 5, 2, 3, 1, 3, 4, 1, 4, 1, 3, 1, 2, 3, 1, 2, 3, 2, 1, 5]"
"No old lady who was an umbrella-owner had, according to the hotel manager, regretted bringing it to the afternoon tea party.",3.125,1.3562,8,"[4, 3, 2, 5, 4, 4, 2, 1]"
No old lady who was an umbrella-owner regretted bringing it to the afternoon tea party.,3.3333,1.1127,15,"[2, 4, 4, 2, 3, 5, 4, 3, 3, 4, 5, 4, 1, 3, 3]"
No old lady who was an umbrella-owner regretted bringing something to the afternoon tea party.,2.7,1.4657,30,"[2, 2, 5, 2, 4, 1, 2, 2, 5, 3, 5, 2, 1, 3, 4, 3, 2, 1, 1, 1, 5, 2, 1, 3, 5, 2, 4, 1, 5, 2]"
No pancake-less child had already eaten it before the party started.,2.0,1.1547,16,"[2, 2, 2, 1, 2, 1, 1, 3, 2, 2, 1, 2, 1, 1, 4, 5]"
"No pancake-less child had, according to the nursery teacher, already eaten it before the party started.",2.25,1.2817,8,"[2, 2, 2, 2, 1, 1, 3, 5]"
No policeman watched the robber at the diner and waited for him when he was heading out the door.,2.0851,1.1232,94,"[1, 2, 1, 5, 2, 1, 4, 2, 2, 2, 1, 1, 2, 2, 2, 2, 1, 1, 4, 1, 2, 2, 1, 1, 1, 1, 2, 2, 1, 3, 2, 1, 2, 1, 2, 2, 3, 1, 1, 2, 1, 4, 3, 1, 1, 2, 1, 3, 4, 2, 3, 1, 2, 1, 1, 2, 2, 4, 2, 1, 4, 2, 1, 1, 1, 1, 3, 4, 2, 4, 1, 3, 4, 4, 2, 4, 2, 3, 5, 3, 1, 1, 2, 2, 4, 4, 3, 2, 3, 1, 1, 1, 3, 1]"
No popstar who owned a boat wanted to sell it to pompous entrepreneurs.,2.875,1.4083,16,"[3, 4, 4, 4, 2, 5, 5, 2, 1, 1, 1, 3, 4, 3, 3, 1]"
No popstar who owned a boat wanted to sell something to pompous entrepreneurs.,3.0,1.3628,29,"[5, 3, 3, 5, 5, 1, 2, 2, 5, 2, 2, 2, 4, 4, 3, 4, 3, 1, 1, 3, 5, 1, 3, 4, 3, 4, 1, 2, 4]"
No popstar who owned an island wanted to sell it to pompous entrepreneurs.,3.4,1.2984,15,"[3, 1, 4, 5, 3, 3, 3, 4, 2, 4, 4, 1, 5, 4, 5]"
No popstar who owned an island wanted to sell something to pompous entrepreneurs.,2.8276,1.2555,29,"[2, 5, 2, 3, 4, 2, 2, 4, 3, 3, 3, 5, 2, 4, 3, 4, 1, 2, 1, 3, 1, 2, 4, 1, 3, 4, 3, 1, 5]"
"No popstar who was a boat-owner had, according to the journalist, wanted to sell it to pompous entrepreneurs.",2.875,1.126,8,"[4, 2, 2, 3, 2, 5, 3, 2]"
No popstar who was a boat-owner wanted to sell it to pompous entrepreneurs.,3.375,1.4083,16,"[5, 5, 5, 4, 2, 1, 3, 2, 5, 3, 2, 5, 4, 2, 4, 2]"
No popstar who was a boat-owner wanted to sell something to pompous entrepreneurs.,2.6333,1.0334,30,"[2, 2, 4, 3, 2, 3, 2, 2, 4, 2, 2, 3, 2, 4, 3, 1, 3, 4, 4, 1, 3, 3, 1, 3, 4, 3, 1, 4, 3, 1]"
"No popstar who was an island-owner had, according to the journalist, wanted to sell it to pompous entrepreneurs.",2.875,1.126,8,"[2, 1, 4, 3, 3, 4, 4, 2]"
No popstar who was an island-owner wanted to sell it to pompous entrepreneurs.,2.7692,1.0127,13,"[2, 1, 2, 3, 4, 2, 4, 4, 3, 2, 2, 4, 3]"
No popstar who was an island-owner wanted to sell something to pompous entrepreneurs.,2.6,1.2758,30,"[2, 3, 3, 3, 3, 3, 2, 2, 2, 1, 1, 2, 3, 2, 5, 1, 2, 5, 1, 1, 2, 3, 4, 5, 2, 3, 5, 4, 2, 1]"
No retainerless dental patient had lost it while eating soft chocolate cookies.,2.1333,1.1255,15,"[1, 1, 2, 2, 4, 4, 1, 1, 1, 1, 3, 3, 3, 3, 2]"
"No retainerless dental patient had, according to the specialist, lost it while eating soft chocolate cookies.",3.0,1.4142,8,"[5, 4, 3, 3, 4, 1, 3, 1]"
No roofless vehicle could be used without it when the weather conditions became severe.,3.2,1.2649,15,"[4, 4, 2, 2, 2, 4, 4, 5, 3, 4, 4, 2, 1, 5, 2]"
"No roofless vehicle could, according to the engineer, be used without it when the weather conditions became severe.",2.875,0.991,8,"[3, 3, 4, 2, 3, 1, 3, 4]"
No sea-shell-less beach had lost it due to the eroding force of the ocean.,2.6875,1.3022,16,"[2, 4, 4, 2, 3, 1, 2, 2, 5, 2, 1, 4, 2, 1, 4, 4]"
"No sea-shell-less beach had, according to the coast guard, lost it due to the eroding force of the ocean.",2.75,1.165,8,"[2, 5, 4, 2, 2, 2, 3, 2]"
No spy who owned a boat used it during the mission.,3.6429,1.0082,14,"[3, 3, 4, 5, 3, 5, 3, 3, 3, 4, 5, 2, 5, 3]"
No spy who owned a boat used something during the mission.,2.6667,1.2685,30,"[3, 3, 5, 3, 2, 4, 3, 2, 5, 2, 2, 1, 3, 3, 3, 1, 2, 5, 2, 1, 4, 2, 1, 2, 4, 4, 1, 4, 2, 1]"
No spy who owned a gadget used it during the mission.,3.6875,1.3022,16,"[5, 5, 5, 5, 2, 3, 3, 2, 2, 3, 2, 5, 4, 5, 3, 5]"
No spy who owned a gadget used something during the mission.,2.9655,1.2672,29,"[4, 3, 3, 4, 3, 2, 3, 1, 2, 1, 5, 3, 4, 5, 2, 4, 5, 1, 3, 2, 4, 2, 5, 3, 2, 3, 4, 2, 1]"
"No spy who was a boat-owner had, according to the secret agent, used it during the mission.",3.125,1.5526,8,"[2, 4, 2, 5, 2, 5, 4, 1]"
No spy who was a boat-owner used it during the mission.,3.0,1.2111,16,"[2, 1, 4, 3, 2, 3, 5, 4, 2, 3, 3, 4, 5, 1, 3, 3]"
No spy who was a boat-owner used something during the mission.,2.2667,1.0807,30,"[2, 1, 2, 2, 3, 3, 3, 2, 3, 3, 1, 4, 4, 2, 2, 1, 3, 1, 4, 1, 2, 1, 2, 3, 1, 2, 4, 1, 1, 4]"
"No spy who was a gadget-owner had, according to the secret agent, used it during the mission.",3.0,1.4142,8,"[3, 4, 3, 4, 1, 1, 3, 5]"
No spy who was a gadget-owner used it during the mission.,2.5,0.8165,16,"[4, 3, 1, 2, 2, 2, 2, 2, 3, 3, 4, 2, 2, 3, 3, 2]"
No spy who was a gadget-owner used something during the mission.,2.8,1.3235,30,"[5, 1, 2, 3, 5, 1, 2, 3, 5, 3, 4, 2, 4, 2, 4, 4, 4, 2, 1, 1, 3, 2, 1, 2, 4, 2, 4, 1, 4, 3]"
No student who owned a credit card had acquired it using illegal methods.,3.6875,1.0782,16,"[4, 2, 5, 5, 4, 4, 4, 2, 3, 3, 4, 5, 4, 3, 2, 5]"
No student who owned a credit card had acquired something using illegal methods.,2.7667,1.3309,30,"[3, 4, 3, 3, 3, 3, 4, 2, 2, 3, 4, 5, 1, 5, 4, 2, 3, 1, 2, 1, 4, 1, 2, 4, 1, 1, 4, 2, 1, 5]"
No student who owned a liquor ID had acquired it using illegal methods.,3.4375,1.2093,16,"[2, 1, 3, 2, 4, 3, 5, 3, 3, 4, 3, 4, 5, 3, 5, 5]"
No student who owned a liquor ID had acquired something using illegal methods.,3.0667,1.4126,30,"[4, 5, 4, 2, 4, 1, 3, 4, 5, 3, 4, 1, 2, 5, 5, 3, 5, 2, 1, 2, 3, 4, 1, 3, 5, 2, 2, 1, 4, 2]"
No student who was a credit-card-owner had acquired it using illegal methods.,3.9375,1.1815,16,"[2, 2, 5, 5, 3, 3, 5, 5, 5, 4, 3, 3, 5, 3, 5, 5]"
No student who was a credit-card-owner had acquired something using illegal methods.,3.2667,0.9444,30,"[3, 3, 3, 3, 4, 4, 2, 4, 2, 2, 3, 4, 4, 4, 3, 2, 4, 4, 1, 3, 4, 4, 5, 5, 3, 3, 3, 4, 2, 3]"
"No student who was a credit-card-owner had, according to the investigator, acquired it using illegal methods.",2.625,1.1877,8,"[1, 3, 3, 4, 3, 1, 4, 2]"
No student who was a liquor-ID-owner had acquired it using illegal methods.,3.625,1.3601,16,"[2, 4, 5, 4, 4, 5, 3, 4, 3, 5, 4, 5, 3, 1, 5, 1]"
No student who was a liquor-ID-owner had acquired something using illegal methods.,2.5333,1.1366,30,"[2, 4, 4, 4, 2, 2, 4, 3, 4, 1, 2, 1, 3, 4, 3, 1, 2, 4, 3, 1, 3, 3, 1, 2, 4, 3, 1, 2, 2, 1]"
"No student who was a liquor-ID-owner had, according to the investigator, acquired it using illegal methods.",3.125,1.4577,8,"[4, 5, 4, 4, 3, 1, 3, 1]"
No teenager who owned a bicycle donated it to children in need.,2.9375,1.3889,16,"[2, 5, 4, 2, 3, 3, 2, 1, 1, 4, 4, 2, 4, 5, 4, 1]"
No teenager who owned a bicycle donated something to children in need.,3.0667,1.0807,30,"[4, 2, 3, 3, 3, 4, 5, 3, 2, 2, 1, 4, 3, 3, 4, 4, 4, 4, 1, 1, 2, 3, 2, 5, 3, 4, 3, 4, 3, 3]"
No teenager who owned a video game donated it to children in need.,3.7333,1.1629,15,"[4, 2, 5, 3, 4, 4, 5, 1, 4, 3, 4, 3, 4, 5, 5]"
No teenager who owned a video game donated something to children in need.,2.6667,1.1547,30,"[3, 2, 4, 2, 2, 4, 2, 2, 3, 3, 2, 1, 3, 4, 3, 1, 5, 4, 2, 1, 4, 3, 1, 4, 3, 3, 1, 4, 3, 1]"
No teenager who was a bicycle-owner donated it to children in need.,3.25,1.1255,16,"[4, 3, 5, 3, 2, 1, 3, 3, 5, 4, 2, 4, 4, 2, 3, 4]"
No teenager who was a bicycle-owner donated something to children in need.,2.7,1.2635,30,"[4, 2, 2, 2, 4, 1, 2, 3, 5, 3, 4, 3, 2, 3, 5, 3, 3, 2, 1, 1, 2, 4, 1, 3, 5, 3, 2, 1, 4, 1]"
"No teenager who was a bicycle-owner had, according to the head teacher, donated it to children in need.",2.375,1.3025,8,"[4, 3, 1, 2, 1, 3, 4, 1]"
No teenager who was a video-game-owner donated it to children in need.,3.2143,1.1217,14,"[3, 1, 2, 5, 3, 3, 4, 4, 4, 4, 4, 2, 4, 2]"
No teenager who was a video-game-owner donated something to children in need.,2.8,1.2704,30,"[3, 2, 3, 2, 2, 3, 3, 2, 5, 3, 4, 4, 4, 5, 3, 3, 5, 1, 2, 1, 2, 1, 2, 5, 1, 2, 3, 3, 1, 4]"
"No teenager who was a video-game-owner had, according to the head teacher, donated it to children in need.",3.125,1.2464,8,"[1, 2, 3, 3, 4, 4, 3, 5]"
No travel agents who had dates with university professors informed them about their travel plans.,2.8617,1.1416,94,"[2, 4, 3, 3, 3, 1, 5, 2, 4, 3, 4, 2, 2, 2, 3, 1, 4, 3, 5, 4, 3, 4, 2, 4, 2, 1, 2, 5, 1, 3, 4, 3, 2, 1, 1, 3, 2, 2, 2, 5, 2, 4, 4, 1, 3, 2, 4, 3, 4, 3, 2, 5, 2, 2, 3, 4, 1, 5, 4, 3, 3, 4, 3, 2, 3, 2, 2, 2, 2, 3, 2, 3, 3, 4, 4, 3, 4, 3, 5, 2, 2, 1, 4, 4, 1, 3, 4, 2, 4, 4, 1, 2, 3, 2]"
"No umbrella-owning old lady had, according to the hotel manager, regretted bringing it to the afternoon tea party.",3.375,1.3025,8,"[1, 5, 3, 3, 3, 4, 5, 3]"
No umbrella-owning old lady regretted bringing it to the afternoon tea party.,3.3333,1.3452,15,"[5, 3, 5, 4, 2, 5, 3, 1, 4, 3, 1, 4, 4, 4, 2]"
No vehicle that was roofless could be used without it when the weather conditions became severe.,3.0,1.5492,16,"[4, 4, 5, 2, 3, 5, 3, 2, 1, 1, 3, 5, 3, 5, 1, 1]"
No vehicle that was roofless could be used without something when the weather conditions became severe.,2.2857,1.3569,28,"[1, 1, 1, 2, 4, 1, 2, 2, 3, 2, 1, 1, 5, 5, 3, 2, 1, 1, 5, 2, 1, 3, 4, 2, 2, 1, 4, 2]"
"No vehicle that was roofless could, according to the engineer, be used without it when the weather conditions became severe.",2.875,1.4577,8,"[1, 3, 4, 5, 2, 4, 1, 3]"
No vehicle that was windowless could be used without it when the weather conditions became severe.,2.1875,0.9811,16,"[1, 2, 3, 2, 1, 3, 4, 2, 2, 2, 2, 1, 4, 1, 3, 2]"
No vehicle that was windowless could be used without something when the weather conditions became severe.,1.9667,1.2172,30,"[2, 2, 1, 2, 1, 2, 2, 1, 5, 2, 2, 5, 1, 5, 2, 2, 2, 1, 2, 1, 2, 1, 1, 4, 1, 2, 2, 1, 1, 1]"
"No vehicle that was windowless could, according to the engineer, be used without it when the weather conditions became severe.",2.25,1.7525,8,"[4, 4, 1, 1, 1, 1, 5, 1]"
No vehicle that was without a roof could be used without it when the weather conditions became severe.,2.75,1.291,16,"[2, 1, 4, 1, 1, 2, 5, 2, 3, 3, 3, 4, 5, 3, 2, 3]"
No vehicle that was without a roof could be used without something when the weather conditions became severe.,2.7,1.0554,30,"[3, 2, 3, 3, 2, 2, 2, 3, 1, 1, 2, 5, 3, 4, 1, 3, 3, 5, 1, 3, 2, 3, 2, 4, 3, 3, 4, 3, 3, 2]"
No vehicle that was without a window could be used without it when the weather conditions became severe.,2.3125,1.1955,16,"[2, 4, 2, 1, 2, 1, 3, 1, 3, 2, 1, 2, 4, 2, 2, 5]"
No vehicle that was without a window could be used without something when the weather conditions became severe.,1.8,0.8867,30,"[2, 2, 2, 4, 2, 4, 1, 2, 3, 1, 2, 1, 1, 2, 1, 1, 1, 3, 3, 1, 2, 2, 1, 2, 2, 2, 1, 1, 1, 1]"
No video-game-owner donated it to children in need.,3.25,1.291,16,"[1, 2, 4, 5, 3, 2, 4, 4, 1, 4, 5, 3, 5, 3, 3, 3]"
"No video-game-owner had, according to the head teacher, donated it to children in need.",2.75,1.0351,8,"[2, 3, 2, 4, 3, 1, 3, 4]"
No violinist met with the dancer after the show and advised her about the performance.,2.7128,1.2148,94,"[3, 2, 4, 1, 2, 2, 5, 3, 4, 4, 3, 4, 2, 2, 2, 1, 2, 1, 5, 4, 2, 4, 2, 1, 2, 2, 2, 5, 2, 3, 2, 2, 2, 1, 2, 4, 3, 2, 2, 1, 2, 5, 4, 5, 1, 1, 2, 2, 4, 4, 1, 1, 3, 1, 4, 4, 2, 4, 2, 1, 4, 4, 3, 2, 3, 4, 2, 2, 3, 5, 2, 4, 4, 4, 2, 2, 3, 3, 5, 3, 2, 1, 4, 3, 4, 4, 2, 3, 4, 2, 1, 1, 3, 2]"
"No walker-owning old lady had, according to the hotel manager, regretted bringing it to the afternoon tea party.",2.25,1.2817,8,"[3, 4, 2, 1, 1, 4, 2, 1]"
No walker-owning old lady regretted bringing it to the afternoon tea party.,3.375,1.2042,16,"[3, 2, 4, 5, 3, 3, 5, 2, 4, 4, 2, 1, 4, 4, 3, 5]"
No windowless vehicle could be used without it when the weather conditions became severe.,2.0,0.9608,14,"[1, 2, 2, 1, 2, 4, 3, 1, 2, 3, 3, 1, 2, 1]"
"No windowless vehicle could, according to the engineer, be used without it when the weather conditions became severe.",3.375,1.4079,8,"[3, 3, 2, 5, 4, 5, 4, 1]"
No woman who was grandmotherless had missed her on mother's day.,2.125,0.8062,16,"[2, 2, 2, 2, 3, 2, 3, 3, 2, 2, 1, 1, 2, 1, 2, 4]"
No woman who was grandmotherless had missed something on mother's day.,2.2667,1.1725,30,"[2, 4, 4, 2, 4, 1, 2, 1, 4, 2, 2, 1, 1, 2, 4, 3, 4, 1, 1, 1, 3, 2, 1, 3, 4, 2, 3, 1, 2, 1]"
"No woman who was grandmotherless had, according to the psychologist, missed her on mother's day.",2.2857,1.6036,7,"[1, 1, 4, 2, 5, 2, 1]"
No woman who was motherless had missed her on mother's day.,2.25,1.0646,16,"[1, 1, 2, 5, 1, 2, 3, 3, 2, 2, 2, 3, 2, 3, 1, 3]"
No woman who was motherless had missed something on mother's day.,2.1667,1.1167,30,"[2, 3, 1, 3, 1, 3, 3, 1, 2, 3, 3, 5, 2, 4, 3, 1, 4, 1, 2, 1, 3, 1, 2, 3, 1, 2, 1, 1, 1, 2]"
"No woman who was motherless had, according to the psychologist, missed her on mother's day.",2.375,1.1877,8,"[3, 1, 3, 3, 1, 1, 3, 4]"
No woman who was without a grandmother had missed her on mother's day.,2.6875,1.493,16,"[5, 3, 1, 1, 4, 3, 2, 1, 1, 4, 2, 4, 1, 4, 5, 2]"
No woman who was without a grandmother had missed something on mother's day.,2.3,1.0875,30,"[4, 1, 3, 2, 4, 2, 2, 2, 3, 3, 2, 1, 3, 3, 1, 1, 1, 4, 1, 2, 2, 3, 2, 5, 2, 3, 1, 2, 1, 3]"
No woman who was without a mother had missed her on mother's day.,2.0714,0.9972,14,"[2, 1, 1, 2, 3, 3, 3, 2, 4, 3, 2, 1, 1, 1]"
No woman who was without a mother had missed something on mother's day.,2.1667,1.1167,30,"[2, 1, 3, 2, 2, 3, 2, 1, 3, 1, 2, 1, 2, 3, 3, 1, 2, 4, 2, 1, 5, 3, 1, 2, 4, 4, 1, 2, 1, 1]"
Some cereal made the children happy at breakfast and gave their mothers a restful start into the day.,3.4894,1.1047,94,"[2, 3, 4, 3, 2, 2, 5, 3, 4, 4, 4, 4, 4, 3, 3, 4, 4, 4, 5, 2, 3, 4, 4, 3, 3, 2, 4, 3, 3, 3, 4, 3, 3, 1, 5, 5, 4, 4, 1, 2, 2, 3, 3, 5, 1, 1, 5, 4, 5, 2, 4, 5, 4, 3, 5, 4, 5, 4, 4, 2, 5, 4, 3, 4, 3, 2, 3, 3, 3, 5, 3, 4, 5, 4, 4, 4, 2, 3, 5, 5, 4, 3, 5, 2, 3, 5, 3, 4, 5, 2, 2, 3, 5, 4]"
Some grad students wrote essays about famous writers and sent them a letter with comments on their writings.,3.0106,1.2313,94,"[2, 2, 3, 1, 2, 3, 1, 2, 4, 3, 5, 2, 4, 2, 2, 1, 2, 1, 5, 4, 3, 5, 4, 1, 2, 2, 4, 4, 2, 3, 4, 1, 3, 4, 4, 4, 2, 4, 2, 1, 2, 3, 5, 3, 3, 2, 4, 5, 5, 3, 3, 4, 2, 2, 4, 3, 5, 5, 2, 4, 4, 4, 3, 2, 1, 2, 4, 4, 3, 5, 2, 4, 3, 4, 5, 5, 4, 3, 2, 1, 1, 1, 3, 3, 3, 2, 3, 3, 4, 3, 5, 4, 2, 2]"
Some grandparents gave their children cookies during their birthday parties.,4.0106,1.0726,94,"[4, 4, 4, 5, 3, 3, 5, 4, 4, 5, 5, 2, 4, 5, 4, 4, 4, 5, 5, 5, 2, 5, 3, 4, 3, 4, 3, 5, 2, 3, 2, 3, 3, 2, 5, 5, 3, 4, 5, 2, 4, 5, 5, 5, 5, 2, 5, 2, 5, 5, 3, 5, 4, 4, 5, 4, 5, 4, 5, 2, 5, 4, 3, 2, 5, 4, 5, 5, 3, 5, 3, 4, 5, 4, 5, 4, 4, 5, 5, 4, 5, 5, 2, 2, 5, 3, 5, 5, 5, 4, 2, 5, 4, 5]"
Some janitors watched famous people enter late at night and told them that they should be more careful.,3.2903,1.1188,93,"[2, 4, 3, 3, 3, 5, 2, 4, 3, 5, 4, 4, 4, 4, 1, 3, 2, 4, 4, 4, 5, 1, 2, 2, 3, 2, 4, 2, 4, 5, 3, 2, 2, 2, 3, 2, 3, 3, 3, 2, 5, 4, 3, 4, 4, 4, 5, 4, 5, 3, 5, 3, 2, 3, 4, 2, 4, 4, 2, 3, 4, 3, 3, 4, 4, 4, 5, 4, 5, 3, 3, 5, 4, 4, 1, 4, 3, 2, 3, 5, 1, 1, 3, 4, 3, 3, 4, 5, 3, 1, 3, 2, 4]"
Some pupils who were spotted by teachers at the pub asked them not to tell anyone about it.,3.5638,1.0632,94,"[4, 4, 4, 2, 5, 4, 5, 2, 4, 4, 3, 2, 4, 3, 3, 3, 3, 5, 4, 4, 3, 5, 5, 3, 3, 2, 5, 5, 3, 4, 5, 4, 3, 2, 5, 3, 3, 5, 4, 3, 2, 4, 3, 4, 2, 2, 5, 5, 3, 3, 4, 5, 3, 3, 5, 2, 4, 4, 4, 2, 3, 2, 2, 1, 2, 3, 4, 2, 2, 4, 2, 3, 5, 5, 5, 4, 3, 3, 4, 3, 3, 3, 5, 4, 4, 4, 4, 5, 5, 4, 5, 3, 3, 5]"
Some singer recorded an album for Christmas and sold it during the annual charity event.,3.4574,1.2328,94,"[3, 4, 4, 3, 4, 2, 1, 2, 4, 3, 5, 5, 4, 3, 3, 4, 5, 5, 3, 5, 2, 5, 1, 3, 3, 4, 4, 4, 3, 3, 2, 4, 3, 3, 2, 3, 3, 4, 1, 5, 1, 5, 3, 1, 5, 3, 5, 5, 2, 5, 1, 5, 3, 2, 4, 4, 4, 5, 5, 5, 5, 4, 3, 4, 4, 2, 3, 3, 3, 5, 2, 4, 5, 5, 5, 2, 4, 3, 5, 4, 4, 4, 3, 2, 1, 5, 4, 4, 4, 3, 3, 3, 2, 1]"
Some vicars who married couples on their big day blessed them and joined in the celebrations.,3.7872,0.9602,94,"[3, 4, 5, 3, 4, 4, 5, 4, 4, 4, 5, 4, 4, 3, 4, 3, 5, 5, 4, 4, 4, 5, 3, 4, 3, 4, 5, 4, 2, 3, 5, 4, 3, 2, 5, 5, 3, 4, 3, 2, 3, 4, 5, 3, 5, 3, 5, 5, 4, 4, 2, 5, 2, 2, 5, 3, 1, 4, 4, 3, 4, 4, 3, 4, 3, 5, 4, 5, 3, 5, 3, 4, 5, 4, 4, 3, 5, 3, 4, 3, 4, 2, 4, 4, 4, 4, 4, 5, 5, 3, 5, 2, 3, 3]"
The activist let her hair grow and cut her fingernails during the protests in which she was partaking.,3.5426,1.1701,94,"[4, 4, 2, 2, 4, 3, 5, 2, 4, 3, 5, 4, 4, 3, 4, 1, 3, 3, 5, 2, 4, 5, 4, 2, 1, 4, 4, 5, 1, 3, 4, 2, 3, 1, 5, 4, 2, 2, 3, 3, 4, 5, 4, 3, 4, 3, 5, 5, 5, 4, 1, 4, 2, 2, 5, 3, 5, 4, 4, 5, 2, 4, 3, 3, 4, 5, 3, 5, 3, 5, 3, 4, 4, 3, 4, 2, 3, 3, 5, 5, 2, 4, 4, 5, 4, 5, 4, 5, 4, 4, 4, 1, 4, 4]"
The actor who received the script from the director blamed him for the ugly passages.,3.5484,1.0886,93,"[2, 3, 4, 4, 4, 3, 5, 3, 4, 4, 4, 4, 2, 4, 3, 2, 4, 5, 5, 2, 5, 2, 2, 3, 2, 5, 5, 3, 3, 5, 1, 4, 4, 4, 4, 3, 4, 2, 1, 4, 4, 4, 2, 4, 3, 5, 5, 4, 4, 2, 5, 2, 3, 5, 3, 4, 5, 5, 5, 3, 2, 3, 3, 4, 4, 5, 3, 3, 4, 2, 4, 3, 5, 5, 3, 4, 3, 3, 3, 5, 3, 3, 4, 3, 5, 3, 5, 4, 3, 1, 3, 3, 5]"
The bus driver picked up the old lady and her niece while they finished kissing goodbye to the neighbors.,2.9149,1.1422,94,"[1, 4, 3, 1, 3, 3, 2, 2, 4, 3, 2, 4, 2, 2, 3, 2, 3, 3, 5, 2, 4, 4, 1, 3, 2, 1, 4, 3, 2, 3, 4, 2, 2, 2, 2, 5, 3, 4, 2, 4, 1, 5, 3, 1, 4, 3, 2, 2, 4, 1, 3, 1, 2, 2, 5, 3, 4, 3, 2, 5, 4, 4, 3, 3, 4, 1, 4, 4, 3, 5, 2, 4, 3, 4, 4, 3, 3, 3, 4, 3, 4, 1, 4, 3, 1, 4, 5, 1, 3, 3, 3, 2, 3, 2]"
The clown who scared the children during the party was fired by his employer.,3.9255,1.2025,94,"[3, 5, 5, 4, 5, 5, 5, 3, 4, 3, 5, 5, 4, 3, 5, 1, 3, 3, 5, 5, 2, 5, 5, 4, 4, 5, 5, 5, 3, 2, 5, 5, 3, 3, 5, 3, 3, 5, 1, 5, 2, 5, 5, 3, 5, 4, 5, 3, 4, 5, 1, 5, 2, 4, 4, 4, 5, 4, 5, 5, 4, 5, 3, 4, 5, 1, 4, 4, 3, 5, 5, 5, 3, 5, 5, 2, 5, 4, 1, 4, 2, 5, 4, 3, 4, 5, 3, 5, 4, 3, 2, 3, 5, 5]"
The cow who ate the grass and scared the flies waggled its tail incessantly.,3.3978,1.2171,93,"[2, 3, 2, 5, 2, 3, 5, 4, 4, 4, 4, 4, 4, 2, 3, 4, 5, 4, 5, 2, 5, 5, 2, 2, 4, 2, 4, 2, 2, 4, 5, 3, 3, 4, 4, 5, 3, 5, 2, 1, 4, 5, 4, 5, 2, 2, 5, 4, 4, 4, 3, 2, 2, 1, 4, 5, 4, 2, 5, 3, 4, 3, 2, 2, 5, 5, 3, 2, 5, 1, 3, 5, 4, 2, 2, 5, 3, 4, 1, 4, 2, 4, 2, 4, 5, 4, 2, 4, 3, 2, 3, 4, 4]"
The crook bought a car and sold his bicycle while he had a lot of money.,3.3617,1.208,94,"[3, 4, 4, 1, 4, 3, 5, 2, 4, 4, 5, 5, 3, 4, 4, 1, 2, 5, 4, 4, 4, 5, 1, 2, 1, 3, 5, 4, 3, 3, 5, 2, 3, 2, 1, 3, 2, 4, 3, 2, 3, 5, 4, 5, 4, 1, 5, 3, 4, 3, 1, 5, 3, 2, 4, 4, 4, 4, 2, 2, 3, 5, 3, 3, 4, 2, 4, 4, 3, 5, 3, 4, 5, 4, 5, 2, 2, 3, 5, 3, 5, 1, 3, 3, 4, 4, 2, 5, 3, 3, 4, 2, 4, 4]"
The curator bought his son's artwork over the internet and donated it to a worthy cause.,4.1596,1.0297,94,"[5, 5, 4, 2, 5, 5, 5, 3, 4, 4, 5, 5, 4, 5, 5, 3, 4, 5, 5, 5, 3, 5, 2, 4, 2, 4, 5, 5, 3, 3, 5, 5, 3, 1, 5, 5, 3, 5, 4, 4, 4, 5, 5, 1, 4, 4, 5, 4, 5, 5, 4, 5, 4, 2, 4, 3, 5, 5, 5, 4, 5, 5, 4, 4, 4, 4, 5, 4, 2, 5, 4, 4, 5, 5, 4, 2, 5, 3, 5, 5, 5, 4, 5, 4, 5, 4, 5, 5, 5, 4, 2, 3, 4, 5]"
The driver asked the passenger for directions and lied to him about his destination.,3.043,1.1221,93,"[2, 4, 2, 3, 5, 3, 1, 2, 2, 3, 5, 2, 4, 3, 4, 3, 3, 1, 4, 4, 4, 4, 3, 1, 2, 2, 4, 2, 3, 2, 1, 2, 2, 4, 2, 3, 4, 2, 1, 4, 4, 2, 2, 4, 2, 4, 3, 5, 2, 2, 5, 3, 2, 3, 4, 2, 4, 5, 2, 4, 4, 3, 5, 2, 3, 3, 3, 3, 5, 3, 3, 4, 5, 5, 2, 3, 3, 2, 4, 3, 2, 5, 3, 3, 2, 4, 2, 4, 4, 4, 2, 3, 1]"
The duck left the bridge and landed in the water when it felt threatened by the children.,3.9681,0.9777,94,"[5, 5, 4, 4, 4, 3, 5, 4, 4, 4, 5, 4, 4, 4, 4, 3, 5, 4, 5, 5, 3, 5, 1, 4, 3, 4, 5, 4, 3, 3, 5, 3, 4, 4, 5, 5, 3, 4, 3, 3, 3, 5, 5, 5, 5, 4, 4, 5, 4, 4, 1, 5, 3, 3, 5, 4, 5, 5, 4, 5, 5, 4, 3, 3, 4, 4, 5, 5, 3, 5, 3, 3, 5, 5, 5, 2, 4, 5, 3, 4, 5, 2, 4, 4, 4, 5, 5, 3, 4, 2, 2, 3, 4, 3]"
The fireman rescued the old lady's cat and advised her not to let it run freely.,4.4194,0.8886,93,"[5, 5, 5, 4, 5, 5, 5, 4, 5, 4, 5, 5, 4, 5, 5, 2, 5, 5, 5, 5, 2, 5, 5, 4, 4, 5, 5, 5, 3, 3, 5, 5, 3, 3, 5, 5, 3, 5, 4, 5, 5, 5, 5, 5, 5, 5, 5, 3, 5, 5, 4, 3, 3, 4, 3, 5, 5, 5, 5, 5, 5, 3, 3, 5, 5, 5, 5, 3, 5, 3, 4, 5, 5, 5, 3, 5, 3, 5, 5, 5, 5, 4, 4, 5, 5, 5, 5, 5, 4, 2, 3, 5, 5]"
The fish jumped from the pond into the river and swam up the stream towards the sea.,3.4681,1.3496,94,"[2, 5, 4, 1, 4, 3, 3, 2, 4, 3, 5, 5, 4, 5, 5, 3, 4, 4, 4, 3, 3, 5, 1, 2, 1, 1, 5, 4, 2, 3, 3, 5, 3, 2, 2, 5, 2, 5, 2, 5, 4, 5, 5, 1, 5, 3, 5, 4, 4, 2, 1, 5, 2, 3, 3, 3, 5, 4, 5, 5, 5, 5, 3, 4, 3, 5, 4, 1, 2, 5, 2, 4, 3, 5, 4, 3, 5, 2, 2, 3, 5, 1, 5, 3, 2, 1, 5, 5, 4, 2, 4, 3, 3, 5]"
The girls started dancing with the boys from school and laughed at them during the disco songs.,3.7419,1.0098,93,"[4, 5, 4, 3, 4, 5, 5, 4, 2, 3, 5, 4, 4, 5, 4, 4, 4, 4, 5, 4, 2, 4, 5, 4, 3, 3, 4, 5, 3, 4, 5, 5, 3, 3, 3, 4, 2, 5, 4, 1, 2, 4, 4, 3, 4, 2, 5, 5, 3, 2, 5, 3, 3, 4, 3, 3, 5, 4, 5, 5, 4, 3, 4, 3, 4, 4, 5, 3, 5, 4, 4, 3, 5, 5, 3, 5, 3, 5, 4, 3, 3, 2, 3, 2, 5, 3, 4, 4, 2, 2, 3, 3, 5]"
The guard who had seen the robber enter spotted him when he was about to leave.,3.5,1.143,94,"[2, 4, 3, 4, 2, 3, 5, 2, 2, 2, 2, 4, 3, 3, 5, 2, 5, 5, 4, 4, 2, 5, 4, 2, 3, 2, 5, 4, 3, 3, 5, 3, 3, 2, 4, 3, 2, 4, 1, 2, 4, 5, 4, 5, 2, 2, 5, 4, 4, 5, 2, 5, 4, 3, 2, 4, 4, 5, 5, 2, 3, 5, 3, 4, 4, 3, 4, 4, 3, 5, 2, 4, 2, 4, 5, 2, 5, 3, 4, 4, 5, 4, 5, 4, 2, 2, 4, 5, 2, 3, 4, 4, 3, 5]"
The hero ate the chocolate and refused the pasta which he was offered by the old lady.,3.0745,1.08,94,"[2, 4, 3, 3, 1, 3, 4, 3, 4, 3, 5, 2, 2, 2, 2, 3, 3, 2, 5, 2, 3, 5, 2, 2, 2, 4, 4, 4, 2, 3, 4, 2, 3, 2, 4, 5, 3, 2, 3, 1, 3, 5, 4, 3, 4, 2, 2, 4, 5, 5, 3, 3, 4, 2, 4, 3, 2, 5, 3, 4, 2, 4, 3, 3, 2, 2, 3, 3, 2, 5, 2, 3, 4, 4, 3, 1, 4, 3, 5, 1, 4, 2, 4, 4, 4, 4, 3, 2, 4, 2, 2, 3, 2, 2]"
The journalist snuck into her boss's apartment yesterday and stole her scoop for the front page story.,3.6383,1.199,94,"[4, 5, 4, 1, 3, 4, 4, 2, 4, 4, 5, 5, 4, 4, 4, 3, 3, 5, 5, 4, 3, 5, 4, 4, 2, 2, 5, 4, 3, 3, 4, 2, 3, 5, 5, 3, 2, 4, 5, 4, 2, 4, 4, 1, 5, 3, 5, 2, 4, 4, 1, 5, 2, 3, 5, 3, 5, 5, 5, 4, 1, 5, 3, 4, 2, 4, 4, 4, 2, 3, 2, 4, 3, 4, 5, 4, 5, 3, 4, 2, 5, 1, 5, 3, 3, 4, 5, 5, 5, 4, 1, 3, 4, 5]"
The magpie looked for gold and took the silver ring which it found on the picnic table.,3.4468,1.2497,94,"[4, 3, 2, 5, 4, 3, 5, 2, 4, 3, 5, 4, 3, 3, 5, 1, 3, 5, 5, 4, 4, 5, 2, 4, 1, 1, 5, 5, 1, 3, 4, 2, 3, 2, 4, 5, 3, 4, 4, 1, 3, 5, 4, 1, 2, 2, 5, 3, 5, 1, 4, 3, 2, 2, 4, 3, 5, 4, 4, 2, 4, 4, 3, 3, 2, 4, 3, 5, 3, 5, 4, 4, 3, 4, 5, 4, 5, 3, 5, 4, 3, 2, 5, 4, 1, 4, 5, 3, 5, 2, 3, 2, 3, 5]"
The mice who ate the cheese and hid from the cat lost it while making their way to the fridge.,2.6383,1.2168,94,"[2, 1, 2, 4, 2, 1, 5, 3, 4, 2, 2, 2, 2, 2, 2, 3, 2, 2, 5, 4, 3, 2, 2, 3, 2, 1, 5, 2, 1, 3, 1, 1, 3, 1, 2, 2, 3, 3, 2, 1, 2, 1, 3, 1, 4, 1, 1, 4, 4, 2, 3, 4, 3, 2, 5, 4, 2, 4, 4, 1, 2, 4, 3, 3, 2, 2, 4, 5, 3, 4, 2, 2, 4, 3, 4, 2, 2, 3, 5, 3, 2, 2, 5, 1, 2, 5, 3, 1, 2, 3, 5, 2, 2, 1]"
The novelist who wrote stories about her daughter sent her a poem for her birthday.,3.7021,1.0352,94,"[2, 3, 4, 4, 2, 3, 5, 4, 4, 4, 5, 4, 4, 4, 4, 3, 5, 4, 5, 4, 3, 5, 2, 4, 4, 3, 5, 5, 3, 3, 3, 2, 3, 2, 5, 2, 4, 4, 2, 5, 4, 2, 4, 4, 4, 2, 4, 5, 4, 3, 3, 5, 1, 2, 5, 3, 5, 5, 4, 5, 4, 4, 3, 3, 3, 4, 5, 4, 3, 5, 2, 4, 5, 4, 2, 4, 5, 3, 4, 4, 5, 3, 5, 4, 5, 4, 4, 5, 4, 3, 3, 2, 2, 4]"
The nurse supported the patients and doctors and helped them during surgery.,3.7234,1.1585,94,"[2, 3, 4, 5, 3, 4, 5, 4, 3, 2, 5, 5, 2, 4, 2, 3, 2, 2, 5, 3, 2, 5, 5, 3, 5, 3, 5, 5, 2, 3, 4, 2, 2, 2, 2, 5, 4, 4, 2, 5, 5, 5, 4, 5, 2, 2, 5, 4, 5, 5, 3, 5, 3, 3, 4, 4, 4, 4, 4, 5, 5, 5, 3, 4, 3, 4, 5, 5, 2, 5, 2, 3, 5, 3, 5, 2, 4, 4, 5, 5, 5, 3, 4, 4, 2, 2, 4, 5, 5, 3, 3, 3, 4, 5]"
The people who filed a complaint against their neighbors watched them carefully after dark.,4.0108,0.9945,93,"[4, 3, 5, 3, 3, 4, 5, 3, 4, 4, 5, 4, 4, 3, 4, 4, 3, 5, 5, 4, 2, 5, 4, 4, 4, 3, 5, 5, 2, 3, 4, 2, 4, 4, 2, 5, 3, 5, 4, 5, 4, 5, 5, 5, 3, 5, 4, 4, 4, 4, 5, 2, 3, 5, 3, 5, 5, 5, 5, 3, 4, 3, 5, 4, 5, 5, 4, 3, 5, 4, 4, 3, 5, 5, 2, 5, 3, 5, 4, 5, 2, 5, 4, 5, 5, 4, 5, 5, 4, 1, 3, 4, 5]"
The pianist hugged the ventriloquist on his birthday and asked him for his number after the concert.,3.3723,1.0573,94,"[2, 2, 4, 3, 5, 3, 1, 3, 4, 4, 5, 5, 4, 4, 3, 2, 3, 3, 4, 4, 4, 5, 3, 3, 3, 3, 2, 4, 3, 3, 4, 2, 2, 4, 1, 4, 3, 5, 2, 3, 2, 5, 4, 3, 2, 3, 4, 4, 4, 5, 3, 5, 4, 3, 3, 3, 5, 4, 4, 5, 3, 5, 3, 4, 2, 3, 3, 3, 2, 4, 2, 3, 4, 5, 5, 3, 3, 3, 2, 3, 2, 1, 3, 4, 2, 2, 4, 5, 4, 4, 4, 2, 4, 5]"
The politicians promised tax cuts and carried out reforms during their early political career.,3.6882,1.1227,93,"[3, 5, 4, 3, 4, 4, 5, 2, 4, 4, 5, 4, 3, 3, 3, 3, 2, 3, 5, 5, 2, 4, 1, 4, 4, 2, 5, 5, 4, 3, 4, 3, 3, 4, 4, 5, 3, 5, 4, 5, 2, 4, 4, 4, 5, 5, 4, 4, 3, 4, 5, 2, 2, 4, 4, 5, 5, 5, 1, 3, 2, 3, 3, 4, 3, 4, 1, 3, 5, 2, 4, 5, 5, 5, 5, 4, 3, 3, 2, 2, 2, 3, 4, 5, 5, 5, 5, 5, 4, 3, 3, 3, 5]"
The postman who was late with the mail for the dancer yelled at him for no reason.,2.4362,1.0931,94,"[2, 4, 1, 1, 1, 2, 2, 3, 1, 2, 4, 2, 2, 2, 3, 4, 1, 3, 5, 3, 3, 5, 2, 1, 1, 1, 2, 3, 1, 4, 2, 1, 2, 1, 2, 2, 2, 2, 3, 1, 3, 2, 4, 1, 3, 3, 2, 1, 4, 3, 1, 3, 2, 2, 1, 3, 2, 3, 2, 1, 3, 1, 2, 4, 2, 4, 1, 4, 3, 4, 1, 3, 3, 2, 5, 4, 4, 3, 4, 3, 2, 1, 3, 3, 2, 3, 3, 4, 2, 2, 3, 2, 2, 2]"
The scientist who designed an experiment during the war developed it after the war was over.,3.4731,1.0794,93,"[5, 4, 4, 4, 2, 4, 5, 3, 4, 3, 3, 2, 4, 3, 4, 4, 4, 3, 5, 3, 3, 5, 4, 3, 3, 3, 4, 4, 2, 3, 4, 2, 3, 3, 1, 5, 3, 1, 4, 3, 2, 5, 4, 4, 3, 2, 5, 5, 4, 1, 4, 3, 2, 3, 4, 4, 5, 5, 5, 4, 4, 3, 4, 4, 5, 5, 3, 3, 5, 1, 4, 4, 3, 3, 3, 4, 3, 5, 4, 5, 4, 4, 3, 1, 2, 3, 4, 4, 2, 2, 2, 4, 3]"
The senator questioned the citizens into the night about their views on the environment.,4.086,0.9963,93,"[4, 5, 4, 5, 5, 5, 5, 3, 4, 4, 4, 5, 2, 4, 2, 3, 5, 5, 5, 4, 4, 5, 3, 4, 3, 4, 5, 5, 2, 3, 5, 4, 3, 2, 5, 5, 3, 4, 4, 2, 3, 5, 5, 5, 4, 5, 5, 4, 2, 3, 3, 3, 3, 4, 4, 5, 5, 5, 5, 4, 5, 4, 4, 4, 5, 5, 5, 2, 5, 3, 4, 5, 4, 5, 3, 5, 3, 5, 4, 5, 5, 5, 4, 1, 5, 4, 5, 5, 4, 4, 4, 4, 5]"
The spies who caught the anarchists arrested them and closed the case.,3.7204,1.0871,93,"[3, 2, 4, 2, 5, 4, 5, 2, 4, 3, 5, 5, 4, 5, 4, 5, 4, 2, 4, 5, 3, 5, 4, 5, 3, 3, 5, 5, 3, 3, 4, 5, 3, 2, 5, 3, 2, 5, 3, 5, 5, 5, 4, 1, 5, 3, 5, 5, 4, 3, 1, 5, 3, 4, 4, 4, 4, 5, 5, 5, 3, 4, 3, 3, 3, 2, 3, 4, 3, 5, 3, 4, 2, 5, 4, 3, 5, 3, 3, 3, 5, 1, 4, 3, 3, 4, 4, 4, 4, 3, 3, 3, 4]"
The squirrel who ate the nut and fed the babies hid them from predators.,2.3763,1.2061,93,"[1, 1, 3, 1, 2, 2, 5, 2, 4, 3, 3, 4, 3, 4, 2, 2, 2, 1, 3, 2, 4, 4, 1, 2, 5, 1, 4, 2, 2, 3, 4, 2, 1, 1, 2, 2, 2, 5, 2, 3, 2, 4, 4, 1, 1, 1, 2, 1, 4, 1, 2, 2, 1, 3, 3, 3, 2, 4, 2, 1, 1, 4, 2, 2, 1, 1, 1, 3, 2, 1, 3, 3, 2, 4, 5, 3, 3, 1, 2, 1, 1, 5, 2, 1, 2, 5, 3, 1, 2, 2, 2, 2, 2]"
The swimmer was offered help by the surfer and asked him for directions instead.,3.1064,1.1309,94,"[2, 2, 3, 3, 1, 2, 5, 2, 2, 2, 4, 4, 2, 4, 1, 3, 1, 1, 5, 4, 4, 5, 2, 2, 2, 2, 5, 4, 3, 3, 4, 1, 3, 2, 4, 4, 3, 3, 4, 2, 4, 3, 3, 1, 4, 3, 2, 4, 5, 2, 2, 5, 3, 2, 4, 4, 2, 4, 4, 2, 4, 4, 3, 3, 4, 2, 4, 2, 3, 4, 3, 3, 4, 4, 2, 3, 2, 5, 3, 2, 5, 3, 4, 5, 3, 5, 3, 5, 4, 3, 3, 2, 3, 2]"
The tourists were traveling with acquaintances and robbed them during the train ride.,3.2796,1.1829,93,"[2, 4, 4, 3, 4, 3, 5, 2, 4, 3, 4, 3, 2, 3, 4, 1, 3, 5, 5, 3, 5, 2, 4, 2, 2, 5, 4, 2, 4, 4, 1, 2, 2, 5, 2, 3, 2, 3, 3, 4, 5, 2, 1, 4, 2, 5, 3, 4, 3, 3, 5, 2, 1, 4, 3, 5, 4, 2, 4, 3, 1, 3, 4, 4, 5, 3, 3, 3, 5, 2, 5, 3, 4, 5, 2, 3, 3, 3, 4, 3, 4, 5, 4, 3, 3, 4, 5, 4, 4, 1, 1, 4, 2]"
The travelers stopped to walk and started to rest before their next journey which will take place at dawn.,2.1596,1.2894,94,"[1, 2, 2, 3, 1, 2, 1, 3, 2, 2, 1, 2, 2, 2, 3, 2, 1, 1, 5, 1, 4, 2, 4, 3, 1, 1, 1, 3, 1, 4, 2, 1, 1, 2, 4, 2, 3, 2, 1, 1, 1, 2, 2, 5, 1, 2, 1, 4, 4, 3, 1, 5, 2, 2, 1, 4, 1, 3, 4, 1, 4, 4, 1, 2, 1, 1, 1, 4, 3, 5, 2, 3, 3, 1, 5, 4, 1, 5, 2, 2, 1, 1, 1, 1, 4, 1, 1, 1, 2, 1, 1, 1, 1, 1]"
The waiter served several dishes to many customers and ignored them during the busy periods.,2.8404,1.1575,94,"[3, 2, 2, 4, 3, 2, 2, 3, 2, 3, 5, 2, 4, 3, 2, 4, 3, 3, 3, 2, 4, 4, 5, 4, 2, 2, 2, 2, 2, 3, 5, 1, 2, 2, 2, 2, 2, 3, 2, 1, 1, 2, 3, 1, 4, 2, 5, 3, 4, 3, 4, 5, 3, 2, 4, 3, 5, 4, 4, 5, 2, 4, 2, 2, 2, 4, 4, 1, 2, 5, 2, 3, 3, 4, 4, 2, 3, 3, 3, 3, 5, 2, 1, 2, 5, 3, 3, 1, 2, 1, 2, 1, 3, 2]"
