unit,mean,std,n,individual_ratings
The ambitious and determined dentist was ignoring every paste that the overly competitive hygienist ignored.,3.4667,0.9155,15,"[4, 3, 2, 5, 3, 4, 4, 4, 3, 3, 3, 4, 2, 5, 3]"
The ambitious and determined dentist was ignoring every paste that the overly competitive hygienist recommended.,4.0167,0.9999,60,"[2, 3, 5, 3, 2, 4, 5, 5, 5, 3, 4, 3, 4, 5, 5, 3, 3, 3, 4, 3, 4, 5, 5, 3, 3, 5, 5, 4, 5, 2, 5, 4, 4, 5, 4, 5, 4, 5, 2, 5, 5, 3, 4, 4, 5, 5, 5, 5, 4, 3, 4, 4, 5, 5, 5, 5, 3, 3, 2, 4]"
The ambitious and determined dentist was ignoring every paste that the overly competitive hygienist was ignoring.,3.2667,1.3382,45,"[3, 3, 2, 5, 4, 1, 5, 4, 3, 3, 3, 4, 3, 4, 5, 5, 5, 4, 1, 5, 2, 3, 3, 1, 4, 5, 3, 5, 5, 4, 3, 2, 4, 2, 2, 2, 5, 2, 4, 3, 1, 5, 2, 1, 2]"
The ambitious and determined dentist was ignoring every paste that the overly competitive hygienist was.,2.5833,1.1393,60,"[1, 2, 2, 2, 1, 2, 4, 4, 4, 3, 4, 4, 3, 4, 1, 3, 2, 4, 2, 1, 4, 1, 2, 3, 4, 4, 2, 3, 3, 4, 2, 2, 3, 1, 2, 2, 1, 4, 4, 2, 3, 2, 2, 3, 2, 1, 4, 1, 5, 4, 2, 2, 4, 1, 1, 2, 3, 3, 3, 1]"
The ambitious and determined dentist was ignoring the paste that the overly competitive hygienist ignored.,2.7333,1.1629,15,"[1, 5, 3, 4, 2, 2, 2, 3, 1, 3, 2, 2, 4, 4, 3]"
The ambitious and determined dentist was ignoring the paste that the overly competitive hygienist recommended.,4.1833,0.9296,60,"[4, 4, 5, 4, 4, 3, 4, 5, 5, 5, 5, 4, 5, 5, 4, 5, 4, 2, 3, 4, 4, 3, 2, 5, 2, 3, 5, 4, 5, 5, 4, 4, 5, 4, 2, 5, 5, 5, 5, 3, 5, 4, 4, 5, 4, 5, 5, 4, 5, 4, 2, 4, 4, 5, 5, 5, 4, 3, 5, 5]"
The ambitious and determined dentist was ignoring the paste that the overly competitive hygienist was ignoring.,2.9111,1.3284,45,"[2, 2, 3, 3, 3, 4, 4, 4, 5, 4, 3, 1, 4, 5, 4, 1, 4, 3, 3, 1, 2, 2, 4, 2, 2, 5, 2, 2, 5, 4, 4, 2, 2, 2, 4, 2, 5, 1, 1, 1, 4, 2, 1, 2, 5]"
The ambitious and determined dentist was ignoring the paste that the overly competitive hygienist was.,2.1525,0.9793,59,"[2, 2, 3, 2, 2, 1, 2, 2, 3, 2, 4, 4, 1, 3, 1, 4, 1, 1, 4, 2, 4, 2, 2, 1, 2, 2, 1, 2, 2, 1, 3, 2, 4, 1, 2, 2, 1, 2, 2, 2, 1, 1, 3, 4, 3, 2, 3, 1, 1, 2, 1, 3, 1, 4, 3, 2, 2, 2, 2]"
The ambitious grave robber was digging up every tomb that the very ambitious archaeologist dug up.,3.3333,1.0465,15,"[4, 3, 4, 2, 4, 3, 4, 2, 1, 3, 3, 4, 4, 5, 4]"
The ambitious grave robber was digging up every tomb that the very ambitious archaeologist uncovered.,3.9492,1.0574,59,"[4, 4, 5, 3, 4, 3, 5, 5, 4, 3, 2, 3, 3, 4, 5, 5, 4, 4, 2, 5, 4, 2, 4, 4, 4, 5, 5, 5, 5, 4, 3, 2, 5, 3, 4, 2, 5, 4, 5, 3, 4, 2, 3, 5, 5, 2, 5, 5, 5, 5, 2, 4, 3, 5, 5, 4, 5, 4, 5]"
The ambitious grave robber was digging up every tomb that the very ambitious archaeologist was digging up.,3.3111,1.2027,45,"[4, 3, 3, 2, 4, 4, 5, 4, 5, 3, 4, 3, 2, 5, 4, 3, 3, 3, 2, 4, 2, 2, 5, 2, 4, 5, 2, 3, 5, 4, 2, 2, 3, 2, 4, 2, 5, 1, 1, 5, 4, 4, 2, 3, 5]"
The ambitious grave robber was digging up every tomb that the very ambitious archaeologist was.,3.0508,1.1659,59,"[1, 2, 4, 3, 3, 4, 4, 1, 3, 4, 5, 4, 4, 1, 3, 4, 2, 1, 5, 2, 4, 3, 2, 5, 1, 4, 3, 3, 2, 2, 3, 2, 4, 2, 4, 5, 2, 2, 5, 3, 3, 2, 3, 4, 2, 4, 2, 2, 4, 3, 4, 4, 2, 5, 4, 2, 2, 4, 3]"
The ambitious grave robber was digging up the tomb that the very ambitious archaeologist dug up.,2.9286,1.3281,14,"[4, 5, 1, 3, 4, 3, 3, 2, 2, 5, 2, 4, 1, 2]"
The ambitious grave robber was digging up the tomb that the very ambitious archaeologist uncovered.,3.9167,1.1393,60,"[3, 4, 5, 4, 3, 5, 4, 5, 3, 3, 2, 2, 4, 5, 5, 5, 3, 3, 5, 2, 2, 4, 4, 4, 2, 5, 4, 4, 5, 2, 5, 5, 5, 5, 4, 5, 2, 5, 2, 5, 5, 3, 3, 4, 5, 2, 5, 5, 4, 5, 4, 5, 5, 4, 5, 5, 4, 2, 2, 4]"
The ambitious grave robber was digging up the tomb that the very ambitious archaeologist was digging up.,3.1778,1.2665,45,"[2, 3, 2, 5, 1, 4, 4, 4, 5, 4, 2, 5, 4, 4, 2, 3, 5, 3, 2, 4, 3, 3, 4, 2, 1, 5, 5, 4, 5, 3, 4, 4, 2, 1, 2, 1, 3, 3, 5, 4, 2, 3, 2, 2, 2]"
The ambitious grave robber was digging up the tomb that the very ambitious archaeologist was.,2.7966,0.961,59,"[3, 3, 2, 2, 2, 5, 4, 4, 4, 2, 4, 3, 3, 4, 4, 3, 2, 3, 2, 1, 4, 1, 2, 2, 3, 4, 2, 2, 3, 4, 2, 3, 3, 2, 2, 2, 3, 4, 3, 4, 4, 2, 2, 4, 4, 2, 4, 2, 2, 4, 2, 2, 1, 3, 2, 3, 2, 2, 3]"
The ambitious rock collector was going after every fossil that the highly specialized geologist unearthed.,4.4407,0.9148,59,"[5, 4, 5, 4, 3, 5, 5, 5, 5, 5, 5, 4, 5, 5, 5, 5, 4, 5, 4, 5, 5, 2, 5, 5, 5, 5, 5, 4, 5, 5, 4, 5, 5, 5, 5, 5, 4, 5, 3, 5, 5, 5, 4, 4, 2, 3, 3, 2, 5, 5, 5, 5, 5, 5, 2, 4, 5, 5, 3]"
The ambitious rock collector was going after every fossil that the highly specialized geologist was going after.,4.1333,0.9195,45,"[4, 4, 3, 4, 2, 4, 5, 5, 5, 5, 4, 4, 4, 5, 5, 2, 4, 4, 5, 4, 5, 3, 5, 2, 5, 4, 5, 4, 4, 5, 3, 5, 5, 5, 4, 4, 4, 5, 4, 4, 5, 2, 3, 4, 5]"
The ambitious rock collector was going after every fossil that the highly specialized geologist was.,3.7119,1.0836,59,"[2, 3, 5, 5, 3, 2, 3, 4, 5, 4, 2, 4, 4, 4, 4, 3, 3, 3, 2, 5, 5, 3, 3, 4, 4, 5, 3, 2, 5, 5, 5, 5, 2, 2, 4, 5, 3, 5, 4, 2, 2, 5, 5, 4, 4, 4, 4, 5, 3, 3, 4, 3, 3, 4, 5, 5, 5, 3, 2]"
The ambitious rock collector was going after every fossil that the highly specialized geologist went after.,4.1333,1.0601,15,"[4, 5, 4, 5, 2, 4, 5, 4, 4, 5, 5, 5, 3, 5, 2]"
The ambitious rock collector was going after the fossil that the highly specialized geologist unearthed.,4.322,0.8797,59,"[5, 5, 5, 5, 5, 5, 4, 5, 5, 3, 4, 3, 4, 5, 4, 4, 4, 5, 4, 5, 3, 4, 4, 5, 5, 3, 3, 4, 5, 5, 5, 3, 5, 2, 5, 2, 5, 4, 5, 5, 5, 4, 5, 5, 5, 5, 3, 4, 4, 5, 5, 2, 5, 5, 5, 4, 4, 4, 5]"
The ambitious rock collector was going after the fossil that the highly specialized geologist was going after.,3.8444,0.976,45,"[3, 4, 5, 3, 4, 3, 5, 5, 4, 3, 5, 4, 3, 5, 3, 4, 2, 3, 4, 2, 4, 4, 4, 4, 4, 4, 4, 5, 2, 4, 3, 3, 2, 4, 5, 5, 5, 3, 5, 5, 4, 4, 5, 2, 5]"
The ambitious rock collector was going after the fossil that the highly specialized geologist was.,3.1333,1.1712,60,"[4, 2, 2, 4, 4, 3, 4, 4, 3, 5, 5, 4, 4, 2, 2, 1, 4, 4, 4, 3, 2, 1, 2, 2, 2, 3, 5, 4, 4, 4, 2, 3, 3, 4, 4, 4, 3, 4, 3, 3, 4, 2, 4, 5, 1, 2, 4, 2, 1, 2, 3, 5, 3, 1, 5, 4, 2, 4, 2, 2]"
The ambitious rock collector was going after the fossil that the highly specialized geologist went after.,3.8,1.0142,15,"[4, 4, 3, 4, 5, 5, 3, 2, 4, 5, 4, 4, 2, 5, 3]"
The anxious old farmer was rounding up every cow that the ignorant farm hand released.,4.5763,0.8347,59,"[5, 5, 4, 5, 3, 5, 5, 3, 5, 5, 5, 4, 4, 4, 5, 4, 5, 5, 4, 5, 5, 5, 5, 5, 5, 5, 5, 5, 5, 5, 3, 5, 5, 5, 5, 5, 5, 5, 5, 5, 5, 5, 5, 5, 3, 4, 5, 2, 4, 5, 5, 5, 5, 2, 5, 5, 5, 5, 2]"
The anxious old farmer was rounding up every cow that the ignorant farm hand rounded up.,3.4,1.2421,15,"[4, 3, 2, 5, 2, 2, 4, 2, 2, 5, 5, 3, 3, 5, 4]"
The anxious old farmer was rounding up every cow that the ignorant farm hand was rounding up.,3.4773,1.1908,44,"[4, 4, 4, 2, 2, 2, 5, 4, 4, 1, 2, 3, 4, 5, 4, 2, 4, 4, 4, 4, 4, 2, 5, 2, 2, 5, 2, 3, 4, 5, 3, 5, 4, 3, 2, 3, 5, 4, 5, 5, 2, 3, 2, 5]"
The anxious old farmer was rounding up every cow that the ignorant farm hand was.,2.6333,1.0887,60,"[3, 3, 4, 1, 3, 2, 1, 4, 2, 2, 2, 3, 4, 3, 2, 3, 2, 2, 2, 5, 4, 2, 3, 2, 3, 2, 3, 2, 2, 4, 2, 5, 1, 2, 4, 4, 3, 4, 4, 1, 2, 1, 4, 4, 4, 3, 4, 1, 2, 2, 2, 2, 2, 2, 2, 1, 3, 2, 1, 4]"
The anxious old farmer was rounding up the cow that the ignorant farm hand released.,4.4237,0.7702,59,"[4, 5, 5, 4, 5, 5, 2, 5, 4, 5, 4, 5, 4, 4, 4, 5, 4, 5, 5, 4, 4, 4, 4, 5, 5, 4, 3, 4, 5, 4, 5, 5, 4, 4, 5, 2, 5, 5, 5, 4, 5, 4, 5, 5, 4, 5, 5, 5, 2, 5, 5, 5, 5, 5, 5, 4, 5, 4, 4]"
The anxious old farmer was rounding up the cow that the ignorant farm hand rounded up.,2.3571,1.0082,14,"[4, 2, 3, 1, 2, 3, 1, 3, 4, 3, 2, 2, 1, 2]"
The anxious old farmer was rounding up the cow that the ignorant farm hand was rounding up.,2.7778,1.0848,45,"[2, 4, 4, 2, 2, 3, 4, 4, 3, 3, 4, 4, 4, 1, 2, 4, 2, 2, 4, 2, 4, 2, 2, 1, 2, 1, 2, 2, 2, 3, 3, 1, 2, 2, 4, 2, 4, 2, 2, 4, 5, 4, 3, 2, 4]"
The anxious old farmer was rounding up the cow that the ignorant farm hand was.,2.3667,1.164,60,"[4, 1, 3, 2, 3, 4, 4, 4, 1, 5, 3, 2, 4, 1, 2, 1, 3, 3, 2, 2, 2, 1, 2, 2, 1, 4, 4, 2, 4, 3, 3, 2, 1, 3, 2, 2, 1, 2, 2, 2, 3, 2, 4, 3, 1, 1, 4, 2, 1, 2, 2, 5, 2, 1, 1, 1, 1, 1, 2, 4]"
The artistic film producer was reading through every screenplay that the perpetually impatient director read through.,3.6,1.1212,15,"[2, 5, 5, 4, 4, 3, 4, 4, 2, 2, 2, 4, 4, 5, 4]"
The artistic film producer was reading through every screenplay that the perpetually impatient director suggested.,4.35,0.8601,60,"[4, 5, 5, 4, 4, 4, 1, 5, 4, 4, 4, 5, 4, 4, 4, 4, 4, 5, 5, 4, 5, 5, 2, 5, 3, 4, 5, 5, 5, 5, 4, 2, 4, 5, 4, 4, 5, 5, 5, 3, 3, 5, 5, 5, 5, 5, 5, 5, 5, 4, 5, 4, 4, 5, 5, 5, 4, 5, 4, 5]"
The artistic film producer was reading through every screenplay that the perpetually impatient director was reading through.,3.6889,1.1246,45,"[4, 2, 3, 5, 5, 3, 5, 5, 5, 4, 5, 3, 4, 5, 4, 2, 4, 5, 3, 4, 4, 3, 5, 3, 4, 5, 3, 4, 5, 2, 2, 3, 3, 4, 5, 3, 5, 1, 2, 2, 4, 3, 3, 3, 5]"
The artistic film producer was reading through every screenplay that the perpetually impatient director was.,3.3276,0.9438,58,"[5, 4, 3, 3, 3, 3, 4, 5, 3, 2, 3, 4, 2, 2, 3, 2, 5, 4, 3, 5, 4, 3, 4, 4, 2, 3, 2, 3, 2, 4, 2, 4, 3, 4, 4, 3, 2, 4, 2, 3, 3, 3, 3, 2, 5, 3, 4, 3, 3, 2, 5, 3, 4, 4, 5, 4, 4, 3]"
The artistic film producer was reading through the screenplay that the perpetually impatient director read through.,3.9333,0.8837,15,"[3, 5, 2, 3, 4, 4, 5, 5, 4, 3, 4, 4, 4, 4, 5]"
The artistic film producer was reading through the screenplay that the perpetually impatient director suggested.,4.1,0.9514,60,"[3, 4, 5, 4, 5, 4, 5, 4, 4, 5, 5, 3, 4, 2, 4, 4, 5, 3, 5, 3, 3, 5, 4, 3, 5, 4, 5, 3, 5, 2, 5, 5, 5, 5, 4, 5, 3, 4, 2, 5, 4, 3, 4, 4, 5, 5, 5, 5, 5, 3, 4, 5, 5, 5, 4, 5, 4, 3, 3, 2]"
The artistic film producer was reading through the screenplay that the perpetually impatient director was reading through.,3.5111,1.1406,45,"[3, 1, 5, 3, 2, 3, 5, 4, 2, 4, 2, 5, 4, 4, 2, 5, 4, 4, 2, 4, 4, 4, 4, 4, 5, 4, 3, 5, 4, 4, 4, 4, 1, 2, 4, 4, 5, 4, 4, 3, 4, 2, 4, 1, 3]"
The artistic film producer was reading through the screenplay that the perpetually impatient director was.,2.9,1.1454,60,"[3, 1, 2, 2, 2, 4, 4, 5, 4, 2, 3, 4, 5, 3, 4, 2, 2, 4, 2, 1, 4, 1, 2, 2, 3, 3, 2, 3, 3, 4, 4, 3, 4, 2, 4, 2, 2, 4, 2, 4, 2, 2, 3, 3, 4, 2, 4, 1, 2, 4, 4, 5, 4, 1, 2, 2, 1, 3, 5, 3]"
The avid newspaper reporter was tracking down every story that the overly eager journalist covered.,4.2069,0.8113,58,"[5, 4, 5, 4, 4, 4, 5, 4, 4, 3, 5, 4, 5, 5, 3, 5, 4, 4, 5, 5, 5, 4, 4, 5, 4, 4, 5, 5, 5, 5, 5, 4, 5, 3, 4, 4, 3, 5, 5, 5, 5, 5, 4, 4, 3, 5, 3, 5, 4, 2, 3, 4, 4, 3, 4, 4, 4, 2]"
The avid newspaper reporter was tracking down every story that the overly eager journalist tracked down.,3.6,1.1212,15,"[4, 4, 3, 4, 5, 4, 2, 3, 3, 1, 4, 4, 3, 5, 5]"
The avid newspaper reporter was tracking down every story that the overly eager journalist was tracking down.,3.8837,0.9312,43,"[3, 4, 5, 4, 3, 5, 4, 3, 4, 4, 4, 5, 4, 5, 3, 4, 2, 4, 4, 4, 3, 5, 5, 4, 5, 3, 4, 4, 4, 5, 5, 3, 2, 5, 3, 2, 2, 4, 4, 4, 3, 5, 5]"
The avid newspaper reporter was tracking down every story that the overly eager journalist was.,3.5593,1.0217,59,"[3, 4, 4, 3, 1, 3, 5, 5, 4, 2, 3, 5, 4, 3, 3, 2, 4, 4, 3, 3, 5, 4, 1, 3, 5, 4, 3, 3, 2, 5, 4, 4, 4, 4, 3, 2, 3, 4, 4, 4, 4, 4, 5, 4, 3, 4, 3, 5, 2, 3, 5, 3, 2, 5, 4, 5, 4, 3, 3]"
The avid newspaper reporter was tracking down the story that the overly eager journalist covered.,4.0833,0.8693,60,"[4, 3, 3, 3, 5, 3, 5, 4, 3, 5, 5, 3, 4, 5, 5, 4, 4, 5, 5, 4, 5, 5, 5, 4, 1, 3, 4, 4, 5, 4, 3, 5, 5, 4, 4, 3, 3, 5, 5, 4, 5, 4, 3, 5, 4, 3, 5, 4, 5, 4, 4, 4, 3, 4, 4, 4, 5, 4, 3, 5]"
The avid newspaper reporter was tracking down the story that the overly eager journalist tracked down.,4.2,1.0142,15,"[2, 2, 5, 5, 4, 5, 4, 4, 5, 5, 4, 4, 5, 4, 5]"
The avid newspaper reporter was tracking down the story that the overly eager journalist was tracking down.,3.5111,1.2177,45,"[5, 2, 2, 3, 3, 4, 2, 5, 3, 5, 5, 2, 4, 1, 4, 2, 2, 5, 2, 5, 5, 4, 5, 5, 2, 4, 2, 3, 3, 4, 4, 4, 2, 4, 5, 2, 5, 2, 5, 3, 4, 4, 3, 4, 4]"
The avid newspaper reporter was tracking down the story that the overly eager journalist was.,3.2034,1.2426,59,"[3, 4, 2, 2, 5, 4, 4, 2, 4, 4, 3, 4, 5, 5, 5, 4, 2, 2, 3, 1, 3, 4, 4, 4, 3, 4, 4, 2, 4, 2, 1, 2, 2, 2, 2, 5, 2, 2, 4, 4, 5, 4, 2, 5, 3, 4, 2, 2, 4, 1, 5, 2, 4, 4, 5, 2, 2, 1, 4]"
The brilliantly trained pilot was flying every plane that the newly trained copilot examined.,4.1525,0.9968,59,"[5, 4, 4, 4, 3, 5, 5, 5, 5, 5, 4, 4, 4, 3, 3, 4, 3, 5, 4, 5, 5, 4, 4, 1, 4, 5, 5, 4, 3, 5, 5, 4, 4, 2, 5, 5, 4, 5, 5, 5, 3, 3, 4, 5, 4, 4, 4, 4, 2, 5, 5, 5, 5, 5, 2, 5, 5, 5, 2]"
The brilliantly trained pilot was flying every plane that the newly trained copilot flew.,3.9333,1.0328,15,"[3, 2, 4, 5, 2, 4, 5, 4, 3, 5, 5, 4, 4, 5, 4]"
The brilliantly trained pilot was flying every plane that the newly trained copilot was flying.,4.0,1.1282,45,"[4, 4, 3, 4, 3, 5, 5, 5, 5, 1, 3, 3, 5, 5, 4, 3, 4, 5, 5, 4, 5, 2, 5, 2, 5, 5, 5, 5, 4, 5, 3, 5, 5, 4, 4, 2, 4, 5, 4, 5, 5, 2, 3, 2, 4]"
The brilliantly trained pilot was flying every plane that the newly trained copilot was.,3.4576,1.1644,59,"[2, 4, 4, 1, 3, 2, 3, 5, 3, 4, 5, 4, 4, 4, 4, 4, 3, 3, 5, 4, 3, 4, 3, 3, 4, 2, 5, 3, 5, 4, 5, 2, 2, 4, 5, 4, 4, 5, 5, 2, 5, 5, 4, 4, 4, 4, 1, 2, 3, 4, 2, 2, 3, 5, 2, 2, 3, 1, 3]"
The brilliantly trained pilot was flying the plane that the newly trained copilot examined.,4.1833,0.8924,60,"[5, 5, 5, 4, 4, 4, 4, 5, 5, 5, 4, 4, 2, 4, 5, 4, 4, 4, 5, 5, 4, 5, 5, 4, 3, 5, 4, 3, 4, 5, 3, 4, 3, 5, 4, 5, 3, 5, 5, 5, 5, 5, 4, 4, 2, 3, 5, 5, 5, 3, 3, 2, 5, 5, 5, 4, 3, 3, 5, 4]"
The brilliantly trained pilot was flying the plane that the newly trained copilot flew.,3.5333,1.2459,15,"[4, 3, 4, 3, 5, 4, 2, 1, 5, 5, 4, 3, 2, 3, 5]"
The brilliantly trained pilot was flying the plane that the newly trained copilot was flying.,3.2444,1.209,45,"[4, 5, 4, 3, 2, 4, 3, 4, 4, 3, 4, 2, 2, 3, 2, 3, 3, 3, 5, 2, 4, 3, 4, 1, 1, 3, 2, 2, 2, 2, 2, 1, 2, 5, 4, 5, 5, 5, 4, 5, 3, 4, 4, 3, 5]"
The brilliantly trained pilot was flying the plane that the newly trained copilot was.,2.8475,1.3237,59,"[4, 2, 4, 4, 2, 3, 5, 5, 5, 5, 5, 5, 4, 2, 2, 1, 4, 2, 2, 2, 1, 1, 2, 1, 2, 3, 5, 3, 2, 3, 4, 2, 2, 3, 2, 2, 2, 5, 2, 4, 5, 2, 4, 4, 2, 3, 2, 2, 2, 2, 1, 5, 1, 4, 1, 2, 2, 2, 3]"
The busy international banker was monitoring every account that the incredibly wealthy client monitored.,4.2,0.7746,15,"[3, 4, 5, 4, 5, 5, 5, 4, 3, 4, 4, 5, 3, 4, 5]"
The busy international banker was monitoring every account that the incredibly wealthy client opened.,4.4833,0.7009,60,"[4, 3, 4, 5, 5, 5, 5, 5, 5, 3, 5, 3, 4, 5, 5, 4, 4, 5, 5, 5, 5, 4, 5, 5, 3, 3, 4, 5, 5, 3, 5, 5, 5, 3, 5, 5, 4, 5, 5, 4, 5, 4, 5, 5, 5, 4, 5, 4, 5, 4, 5, 5, 4, 5, 4, 4, 5, 5, 4, 5]"
The busy international banker was monitoring every account that the incredibly wealthy client was monitoring.,3.8667,1.0996,45,"[3, 2, 1, 4, 4, 4, 5, 5, 4, 4, 5, 2, 2, 3, 5, 4, 4, 5, 3, 5, 5, 4, 4, 5, 2, 5, 4, 4, 5, 3, 5, 4, 2, 5, 5, 2, 4, 4, 5, 3, 4, 4, 5, 3, 4]"
The busy international banker was monitoring every account that the incredibly wealthy client was.,3.1167,1.2635,60,"[3, 3, 2, 3, 2, 4, 2, 1, 1, 4, 3, 3, 5, 5, 2, 4, 2, 3, 4, 1, 4, 5, 3, 4, 2, 2, 4, 2, 5, 3, 2, 2, 1, 2, 2, 4, 2, 2, 2, 3, 4, 5, 4, 2, 3, 2, 5, 4, 5, 4, 2, 4, 5, 5, 5, 5, 2, 2, 2, 4]"
The busy international banker was monitoring the account that the incredibly wealthy client monitored.,3.7333,1.0328,15,"[4, 4, 4, 4, 5, 4, 2, 4, 2, 4, 5, 2, 3, 4, 5]"
The busy international banker was monitoring the account that the incredibly wealthy client opened.,4.3051,1.0214,59,"[2, 5, 5, 5, 2, 5, 5, 5, 4, 5, 3, 5, 2, 5, 5, 2, 5, 3, 4, 5, 4, 5, 4, 5, 5, 4, 4, 4, 5, 4, 5, 5, 5, 5, 4, 5, 5, 4, 5, 5, 5, 5, 5, 4, 5, 5, 5, 5, 3, 4, 5, 5, 4, 3, 5, 3, 1, 5, 3]"
The busy international banker was monitoring the account that the incredibly wealthy client was monitoring.,3.9767,0.9126,43,"[4, 4, 5, 3, 4, 5, 5, 4, 2, 4, 4, 5, 4, 5, 4, 5, 3, 3, 4, 5, 2, 4, 5, 4, 5, 4, 4, 4, 5, 5, 4, 5, 2, 4, 5, 4, 2, 3, 4, 3, 3, 4, 4]"
The busy international banker was monitoring the account that the incredibly wealthy client was.,3.1833,1.1122,60,"[3, 3, 5, 2, 2, 3, 4, 5, 4, 5, 3, 4, 3, 3, 2, 2, 3, 3, 2, 2, 5, 3, 1, 2, 4, 4, 4, 2, 2, 2, 4, 4, 4, 4, 3, 2, 3, 4, 1, 3, 2, 4, 4, 4, 5, 2, 3, 2, 1, 2, 4, 5, 4, 3, 5, 4, 4, 4, 2, 3]"
The careful young logician was copying down every proof that the rapidly aging mathematician copied down.,3.8,1.0142,15,"[4, 4, 5, 4, 3, 3, 3, 5, 4, 4, 2, 5, 2, 5, 4]"
The careful young logician was copying down every proof that the rapidly aging mathematician reviewed.,4.15,1.0055,60,"[4, 5, 5, 3, 5, 3, 5, 5, 4, 5, 4, 5, 3, 4, 4, 4, 3, 3, 5, 5, 4, 5, 2, 2, 2, 3, 4, 5, 5, 5, 5, 4, 4, 5, 2, 5, 3, 5, 5, 2, 3, 4, 4, 5, 5, 5, 4, 5, 5, 4, 5, 2, 5, 5, 4, 4, 4, 5, 5, 5]"
The careful young logician was copying down every proof that the rapidly aging mathematician was copying down.,3.6364,1.1632,44,"[4, 2, 3, 5, 4, 4, 5, 4, 4, 5, 1, 4, 5, 4, 2, 4, 2, 3, 2, 5, 2, 5, 4, 4, 5, 3, 4, 5, 4, 2, 3, 3, 4, 2, 4, 5, 2, 2, 5, 4, 5, 3, 3, 5]"
The careful young logician was copying down every proof that the rapidly aging mathematician was.,3.5357,1.0781,56,"[5, 2, 3, 4, 2, 3, 4, 5, 4, 3, 5, 4, 4, 4, 3, 3, 4, 4, 5, 5, 4, 2, 5, 4, 3, 3, 4, 3, 1, 5, 3, 4, 3, 2, 5, 1, 2, 4, 2, 2, 3, 4, 4, 4, 3, 3, 4, 3, 4, 3, 5, 5, 4, 5, 4, 2]"
The careful young logician was copying down the proof that the rapidly aging mathematician copied down.,3.9286,0.6157,14,"[5, 4, 4, 4, 4, 4, 3, 3, 3, 5, 4, 4, 4, 4]"
The careful young logician was copying down the proof that the rapidly aging mathematician reviewed.,3.8,1.1468,60,"[3, 4, 5, 4, 4, 4, 5, 5, 4, 4, 1, 3, 4, 1, 5, 2, 5, 2, 5, 3, 5, 5, 4, 4, 5, 4, 3, 3, 5, 2, 4, 4, 1, 5, 4, 3, 3, 5, 2, 5, 5, 4, 3, 4, 5, 4, 5, 4, 5, 4, 4, 5, 5, 4, 3, 4, 3, 2, 2, 4]"
The careful young logician was copying down the proof that the rapidly aging mathematician was copying down.,3.4667,1.2541,45,"[2, 2, 3, 3, 3, 1, 2, 4, 2, 4, 4, 5, 4, 4, 2, 4, 5, 2, 2, 5, 5, 3, 4, 3, 5, 5, 3, 5, 5, 3, 4, 4, 1, 2, 4, 4, 5, 4, 5, 5, 2, 5, 3, 2, 2]"
The careful young logician was copying down the proof that the rapidly aging mathematician was.,2.5965,1.0327,57,"[2, 3, 2, 3, 1, 3, 2, 4, 2, 3, 4, 2, 2, 1, 5, 4, 4, 2, 1, 4, 2, 2, 3, 3, 2, 3, 3, 3, 2, 1, 3, 1, 4, 2, 2, 4, 2, 2, 3, 2, 2, 4, 3, 2, 2, 2, 2, 4, 3, 3, 2, 1, 4, 2, 3, 5, 1]"
The clever head detective was examining every gun that the ambitious crime investigator examined.,4.2,0.8619,15,"[3, 5, 5, 5, 4, 5, 5, 3, 3, 3, 4, 4, 4, 5, 5]"
The clever head detective was examining every gun that the ambitious crime investigator mentioned.,4.25,0.9136,60,"[5, 4, 4, 5, 5, 5, 5, 5, 4, 4, 3, 2, 5, 5, 5, 4, 5, 5, 5, 3, 3, 5, 4, 4, 4, 5, 5, 3, 5, 3, 5, 4, 5, 5, 4, 5, 2, 5, 2, 5, 5, 5, 4, 4, 4, 4, 5, 4, 5, 3, 4, 4, 5, 5, 5, 4, 5, 4, 3, 2]"
The clever head detective was examining every gun that the ambitious crime investigator was examining.,3.9333,1.156,45,"[2, 4, 5, 4, 3, 5, 5, 4, 4, 4, 2, 5, 4, 4, 4, 5, 5, 4, 2, 5, 2, 3, 5, 4, 5, 5, 5, 5, 5, 4, 5, 3, 2, 2, 4, 5, 5, 4, 5, 4, 5, 4, 2, 1, 3]"
The clever head detective was examining every gun that the ambitious crime investigator was.,3.1833,1.1423,60,"[4, 3, 2, 2, 5, 5, 4, 4, 4, 3, 4, 5, 5, 4, 5, 3, 1, 4, 2, 1, 4, 1, 2, 2, 2, 2, 2, 2, 3, 4, 3, 2, 3, 3, 4, 2, 3, 4, 3, 2, 4, 4, 3, 4, 5, 2, 5, 2, 2, 3, 4, 4, 5, 2, 4, 2, 3, 3, 4, 3]"
The clever head detective was examining the gun that the ambitious crime investigator examined.,3.3333,1.2344,15,"[2, 3, 1, 4, 4, 3, 5, 2, 4, 2, 3, 5, 5, 4, 3]"
The clever head detective was examining the gun that the ambitious crime investigator mentioned.,4.2833,0.8847,60,"[3, 3, 4, 4, 5, 4, 5, 5, 4, 3, 4, 5, 4, 5, 5, 4, 5, 3, 4, 5, 5, 3, 1, 5, 5, 3, 5, 3, 5, 5, 4, 2, 4, 5, 3, 5, 5, 5, 5, 5, 4, 5, 4, 5, 4, 4, 4, 5, 5, 5, 5, 4, 4, 4, 5, 5, 4, 5, 5, 4]"
The clever head detective was examining the gun that the ambitious crime investigator was examining.,3.4444,1.1785,45,"[4, 2, 3, 2, 5, 4, 5, 4, 4, 5, 3, 5, 2, 5, 4, 4, 4, 4, 3, 2, 4, 2, 5, 2, 2, 5, 2, 4, 4, 3, 2, 1, 2, 2, 5, 3, 5, 2, 3, 4, 4, 5, 3, 3, 4]"
The clever head detective was examining the gun that the ambitious crime investigator was.,2.9828,1.1621,58,"[1, 2, 3, 2, 3, 3, 2, 5, 4, 3, 5, 3, 3, 2, 2, 3, 1, 1, 4, 4, 5, 3, 3, 5, 4, 1, 2, 3, 2, 2, 3, 3, 2, 5, 5, 2, 2, 3, 2, 3, 3, 3, 3, 2, 4, 2, 2, 2, 3, 4, 5, 2, 5, 5, 3, 4, 3, 2]"
The competitive young acrobat was watching every judge that the excellently trained gymnast impressed.,3.9333,0.9364,60,"[2, 5, 4, 4, 2, 4, 5, 5, 5, 4, 4, 3, 2, 4, 5, 5, 3, 4, 4, 4, 4, 4, 4, 3, 3, 5, 4, 3, 3, 5, 3, 5, 3, 3, 4, 5, 3, 5, 2, 3, 5, 5, 4, 5, 2, 5, 5, 5, 4, 5, 4, 4, 4, 4, 5, 4, 3, 3, 4, 4]"
The competitive young acrobat was watching every judge that the excellently trained gymnast was watching.,3.5111,1.1,45,"[2, 4, 4, 3, 2, 3, 5, 5, 4, 3, 3, 4, 2, 4, 4, 4, 4, 4, 5, 2, 4, 3, 4, 2, 2, 3, 4, 2, 2, 4, 5, 2, 4, 5, 3, 5, 3, 1, 3, 4, 5, 4, 5, 3, 5]"
The competitive young acrobat was watching every judge that the excellently trained gymnast was.,2.661,1.3079,59,"[4, 3, 2, 4, 5, 3, 4, 3, 1, 2, 5, 2, 3, 2, 2, 1, 1, 5, 1, 2, 2, 1, 1, 2, 2, 1, 2, 4, 4, 4, 2, 4, 2, 4, 1, 3, 4, 2, 2, 4, 2, 3, 5, 2, 2, 5, 2, 1, 4, 4, 5, 2, 1, 2, 1, 1, 4, 2, 3]"
The competitive young acrobat was watching every judge that the excellently trained gymnast watched.,3.5333,1.0601,15,"[4, 3, 3, 3, 4, 5, 3, 1, 4, 4, 4, 4, 2, 5, 4]"
The competitive young acrobat was watching the judge that the excellently trained gymnast impressed.,3.614,1.2783,57,"[4, 3, 3, 2, 4, 5, 4, 5, 4, 5, 4, 4, 4, 2, 3, 2, 4, 5, 5, 5, 5, 4, 5, 4, 2, 4, 5, 2, 2, 4, 4, 3, 5, 5, 5, 5, 5, 3, 3, 1, 4, 2, 4, 4, 3, 2, 1, 1, 4, 5, 1, 5, 2, 4, 5, 4, 2]"
The competitive young acrobat was watching the judge that the excellently trained gymnast was watching.,3.3636,1.2406,44,"[3, 4, 3, 3, 3, 2, 5, 5, 5, 2, 3, 2, 5, 2, 2, 4, 1, 4, 4, 4, 2, 5, 2, 4, 4, 3, 4, 4, 5, 3, 5, 3, 5, 2, 2, 4, 5, 4, 4, 5, 1, 2, 2, 2]"
The competitive young acrobat was watching the judge that the excellently trained gymnast was.,2.3833,1.075,60,"[2, 3, 3, 1, 3, 1, 2, 4, 2, 3, 1, 4, 2, 4, 1, 3, 3, 1, 2, 3, 2, 3, 1, 1, 3, 2, 3, 1, 3, 2, 1, 4, 1, 2, 3, 1, 2, 3, 3, 5, 2, 1, 4, 2, 4, 2, 2, 1, 1, 1, 1, 3, 3, 3, 3, 4, 4, 3, 2, 3]"
The competitive young acrobat was watching the judge that the excellently trained gymnast watched.,3.3333,1.2344,15,"[4, 3, 4, 5, 1, 3, 4, 3, 3, 5, 4, 2, 4, 4, 1]"
The considerate stock broker was thinking over every investment that the naively eager client suggested.,4.4237,0.8137,59,"[5, 5, 5, 5, 5, 5, 4, 5, 5, 4, 4, 4, 5, 4, 4, 5, 4, 4, 5, 5, 5, 3, 5, 4, 5, 4, 3, 4, 5, 2, 5, 3, 1, 4, 5, 4, 5, 5, 5, 4, 5, 5, 5, 4, 5, 4, 5, 5, 4, 5, 4, 5, 5, 5, 4, 4, 5, 4, 5]"
The considerate stock broker was thinking over every investment that the naively eager client thought over.,3.4,0.9103,15,"[4, 4, 3, 4, 3, 2, 3, 2, 4, 4, 3, 4, 2, 5, 4]"
The considerate stock broker was thinking over every investment that the naively eager client was thinking over.,3.4667,0.9439,45,"[2, 4, 4, 3, 4, 4, 2, 5, 4, 2, 3, 4, 5, 4, 2, 4, 2, 4, 4, 3, 4, 4, 4, 2, 4, 4, 4, 2, 2, 4, 3, 2, 3, 4, 4, 5, 2, 3, 4, 4, 3, 4, 4, 3, 5]"
The considerate stock broker was thinking over every investment that the naively eager client was.,3.1552,1.2538,58,"[4, 2, 4, 4, 3, 4, 5, 4, 5, 3, 3, 5, 4, 2, 2, 1, 5, 5, 4, 3, 2, 1, 4, 2, 3, 3, 4, 4, 2, 3, 2, 5, 3, 4, 2, 2, 2, 2, 4, 4, 3, 5, 2, 2, 4, 4, 1, 5, 4, 5, 2, 2, 2, 1, 1, 4, 2, 4]"
The considerate stock broker was thinking over the investment that the naively eager client suggested.,4.1833,0.9112,60,"[5, 5, 5, 4, 4, 5, 5, 5, 5, 3, 5, 4, 4, 5, 4, 4, 4, 5, 2, 5, 5, 4, 5, 3, 5, 5, 5, 5, 4, 5, 3, 4, 4, 4, 2, 5, 4, 5, 5, 5, 3, 4, 4, 3, 3, 5, 4, 3, 2, 4, 4, 4, 4, 5, 2, 4, 5, 5, 5, 3]"
The considerate stock broker was thinking over the investment that the naively eager client thought over.,3.6,1.3522,15,"[5, 3, 2, 5, 1, 3, 2, 4, 4, 5, 4, 5, 4, 5, 2]"
The considerate stock broker was thinking over the investment that the naively eager client was thinking over.,3.5333,1.1402,45,"[2, 4, 3, 3, 5, 4, 5, 4, 4, 4, 3, 4, 4, 2, 4, 3, 4, 4, 4, 4, 5, 2, 4, 2, 2, 5, 5, 3, 4, 5, 3, 5, 5, 4, 1, 3, 4, 5, 4, 1, 4, 2, 3, 2, 2]"
The considerate stock broker was thinking over the investment that the naively eager client was.,2.9649,1.0345,57,"[1, 4, 1, 3, 2, 4, 4, 4, 3, 3, 3, 4, 3, 2, 3, 4, 2, 3, 4, 3, 2, 2, 3, 2, 3, 2, 4, 3, 4, 5, 2, 2, 4, 2, 2, 5, 4, 5, 4, 3, 4, 4, 4, 4, 3, 1, 2, 3, 2, 3, 2, 3, 2, 2, 3, 1, 3]"
The continually losing team was counting on every player that the newly formed league counted on.,3.9231,0.7596,13,"[3, 5, 5, 4, 4, 3, 4, 3, 4, 5, 4, 4, 3]"
The continually losing team was counting on every player that the newly formed league drafted.,3.9492,1.1052,59,"[4, 4, 3, 5, 4, 1, 4, 4, 4, 4, 5, 3, 2, 5, 4, 1, 5, 5, 4, 1, 4, 4, 4, 3, 4, 5, 4, 5, 4, 2, 5, 5, 3, 5, 2, 2, 5, 4, 4, 3, 4, 3, 4, 4, 5, 5, 4, 5, 5, 5, 5, 3, 5, 5, 4, 4, 5, 4, 5]"
The continually losing team was counting on every player that the newly formed league was counting on.,2.8605,1.2263,43,"[1, 2, 2, 3, 4, 3, 2, 5, 3, 3, 4, 2, 4, 5, 2, 3, 2, 3, 3, 1, 5, 4, 4, 1, 4, 2, 4, 3, 3, 2, 2, 1, 4, 4, 2, 5, 1, 3, 3, 4, 1, 1, 3]"
The continually losing team was counting on every player that the newly formed league was.,2.7167,1.1061,60,"[3, 4, 3, 1, 3, 3, 4, 4, 2, 1, 2, 2, 4, 2, 5, 5, 2, 2, 2, 1, 3, 4, 2, 3, 5, 2, 3, 2, 4, 3, 2, 3, 1, 2, 2, 5, 2, 2, 2, 1, 2, 4, 3, 2, 4, 2, 2, 3, 4, 3, 2, 4, 2, 4, 3, 4, 2, 2, 1, 2]"
The continually losing team was counting on the player that the newly formed league counted on.,3.3333,0.9759,15,"[3, 3, 4, 4, 2, 4, 2, 2, 3, 3, 3, 4, 3, 5, 5]"
The continually losing team was counting on the player that the newly formed league drafted.,4.0847,1.022,59,"[3, 2, 2, 5, 4, 5, 5, 5, 4, 4, 2, 5, 3, 5, 5, 4, 4, 5, 2, 5, 5, 4, 3, 4, 5, 4, 5, 5, 4, 4, 5, 5, 4, 4, 2, 4, 5, 5, 5, 5, 5, 5, 5, 4, 4, 5, 5, 3, 3, 4, 5, 2, 4, 4, 3, 4, 2, 3, 5]"
The continually losing team was counting on the player that the newly formed league was counting on.,3.3556,1.1313,45,"[4, 3, 5, 4, 2, 5, 5, 5, 4, 2, 2, 4, 3, 4, 4, 2, 4, 2, 2, 4, 4, 3, 5, 2, 3, 2, 2, 1, 3, 3, 2, 4, 3, 4, 2, 3, 3, 5, 2, 4, 4, 3, 4, 5, 5]"
The continually losing team was counting on the player that the newly formed league was.,2.2667,1.177,60,"[3, 1, 4, 1, 2, 3, 2, 4, 3, 2, 1, 3, 4, 1, 1, 4, 1, 3, 2, 2, 5, 2, 1, 1, 3, 3, 2, 2, 1, 2, 3, 2, 2, 4, 2, 2, 1, 1, 1, 1, 1, 5, 1, 4, 3, 2, 2, 1, 1, 2, 5, 4, 1, 3, 1, 2, 2, 3, 2, 3]"
The elderly estate manager was checking out every heirloom that the greedy antique dealer checked out.,4.2667,0.7037,15,"[4, 3, 5, 4, 5, 5, 4, 4, 5, 4, 4, 5, 4, 3, 5]"
The elderly estate manager was checking out every heirloom that the greedy antique dealer sold.,4.6034,0.5278,58,"[4, 4, 4, 5, 5, 5, 4, 5, 3, 4, 5, 4, 5, 5, 5, 5, 5, 5, 4, 5, 5, 5, 5, 5, 4, 4, 4, 5, 5, 4, 5, 4, 4, 5, 4, 5, 5, 4, 5, 5, 5, 5, 5, 4, 5, 4, 5, 5, 5, 5, 4, 4, 5, 4, 5, 5, 4, 5]"
The elderly estate manager was checking out every heirloom that the greedy antique dealer was checking out.,3.8571,1.0493,42,"[5, 2, 4, 3, 4, 4, 3, 4, 5, 5, 1, 4, 3, 5, 3, 4, 5, 3, 4, 5, 5, 4, 5, 4, 4, 4, 4, 4, 4, 5, 3, 4, 5, 3, 2, 3, 4, 1, 5, 4, 5, 4]"
The elderly estate manager was checking out every heirloom that the greedy antique dealer was.,3.5333,1.1998,60,"[3, 4, 3, 3, 4, 4, 4, 4, 4, 3, 3, 3, 5, 5, 4, 5, 3, 2, 2, 1, 4, 5, 5, 4, 5, 4, 4, 2, 5, 2, 2, 2, 2, 2, 2, 4, 2, 4, 2, 2, 5, 5, 3, 4, 5, 3, 5, 4, 5, 4, 2, 4, 5, 4, 5, 5, 2, 2, 2, 5]"
The elderly estate manager was checking out the heirloom that the greedy antique dealer checked out.,3.6667,0.8165,15,"[3, 4, 4, 4, 5, 4, 2, 4, 3, 3, 4, 3, 3, 4, 5]"
The elderly estate manager was checking out the heirloom that the greedy antique dealer sold.,4.3729,0.7168,59,"[4, 5, 4, 5, 3, 4, 5, 4, 4, 3, 5, 4, 5, 5, 4, 5, 5, 4, 4, 4, 5, 5, 5, 4, 5, 4, 4, 5, 4, 5, 5, 4, 4, 5, 5, 3, 4, 3, 5, 5, 5, 5, 5, 5, 5, 4, 5, 3, 5, 4, 5, 5, 4, 5, 4, 4, 2, 4, 4]"
The elderly estate manager was checking out the heirloom that the greedy antique dealer was checking out.,4.0667,0.8367,45,"[4, 4, 5, 4, 4, 5, 4, 3, 4, 4, 4, 4, 4, 4, 5, 3, 4, 5, 3, 4, 5, 5, 4, 5, 4, 5, 4, 4, 5, 5, 2, 4, 5, 3, 5, 4, 3, 4, 2, 4, 5, 2, 4, 4, 5]"
The elderly estate manager was checking out the heirloom that the greedy antique dealer was.,2.9153,1.2218,59,"[3, 2, 4, 1, 5, 4, 5, 2, 2, 2, 3, 4, 3, 1, 2, 2, 4, 3, 1, 4, 5, 3, 1, 3, 5, 2, 3, 1, 1, 2, 4, 4, 4, 3, 2, 3, 3, 4, 1, 2, 4, 4, 5, 3, 5, 2, 2, 1, 2, 3, 3, 3, 3, 3, 2, 5, 4, 2, 3]"
The entertainingly grumpy carpenter was waving around every hammer that the somewhat clumsy repairman hid.,3.2167,1.3541,60,"[1, 4, 3, 3, 3, 2, 3, 3, 2, 5, 5, 4, 4, 4, 3, 3, 3, 5, 2, 5, 5, 4, 2, 4, 4, 5, 5, 1, 4, 2, 2, 3, 3, 2, 1, 5, 5, 4, 3, 1, 4, 1, 3, 4, 3, 5, 2, 1, 1, 5, 4, 4, 4, 5, 3, 3, 1, 5, 1, 2]"
The entertainingly grumpy carpenter was waving around every hammer that the somewhat clumsy repairman was waving around.,2.8444,1.3135,45,"[3, 2, 2, 3, 1, 2, 4, 3, 4, 1, 2, 3, 1, 2, 4, 2, 2, 5, 3, 4, 4, 1, 4, 2, 4, 4, 1, 2, 4, 5, 3, 4, 5, 5, 2, 1, 4, 2, 4, 2, 5, 1, 3, 1, 2]"
The entertainingly grumpy carpenter was waving around every hammer that the somewhat clumsy repairman was.,2.5,1.0333,60,"[2, 2, 2, 1, 3, 1, 3, 3, 4, 2, 4, 2, 4, 2, 2, 3, 3, 2, 1, 2, 4, 3, 3, 2, 2, 3, 2, 2, 1, 1, 2, 4, 1, 2, 4, 4, 1, 4, 3, 2, 2, 4, 4, 2, 4, 4, 4, 2, 1, 2, 2, 2, 2, 3, 3, 1, 4, 3, 1, 2]"
The entertainingly grumpy carpenter was waving around every hammer that the somewhat clumsy repairman waved around.,3.2,0.8619,15,"[4, 3, 3, 5, 2, 3, 4, 3, 2, 2, 4, 3, 3, 4, 3]"
The entertainingly grumpy carpenter was waving around the hammer that the somewhat clumsy repairman hid.,3.7833,0.9583,60,"[4, 5, 5, 4, 5, 3, 4, 3, 5, 4, 4, 4, 1, 2, 4, 3, 4, 3, 4, 5, 4, 4, 5, 3, 4, 5, 4, 3, 4, 4, 3, 5, 3, 3, 2, 4, 4, 4, 4, 3, 4, 5, 3, 3, 2, 4, 5, 4, 5, 4, 4, 4, 5, 4, 4, 4, 3, 3, 1, 5]"
The entertainingly grumpy carpenter was waving around the hammer that the somewhat clumsy repairman was waving around.,2.4667,1.0135,45,"[2, 3, 4, 2, 1, 4, 3, 2, 4, 2, 4, 2, 2, 2, 2, 2, 1, 2, 4, 2, 3, 2, 4, 1, 2, 3, 2, 1, 2, 1, 2, 1, 4, 3, 2, 3, 3, 1, 4, 2, 3, 4, 2, 2, 4]"
The entertainingly grumpy carpenter was waving around the hammer that the somewhat clumsy repairman was.,2.1186,1.2606,59,"[4, 1, 2, 2, 1, 2, 4, 2, 2, 5, 3, 1, 4, 2, 2, 1, 4, 2, 2, 1, 1, 1, 5, 2, 2, 2, 4, 2, 5, 1, 1, 2, 2, 3, 1, 1, 1, 4, 2, 2, 4, 1, 1, 4, 2, 1, 1, 1, 1, 2, 1, 2, 2, 1, 1, 5, 1, 1, 2]"
The entertainingly grumpy carpenter was waving around the hammer that the somewhat clumsy repairman waved around.,2.7333,1.0328,15,"[4, 2, 2, 4, 2, 3, 3, 1, 3, 4, 3, 4, 2, 1, 3]"
The extremely professional valet was assisting every driver that the exceptionally observant doorman assisted.,3.8667,1.302,15,"[4, 5, 3, 5, 4, 5, 4, 2, 4, 5, 4, 5, 2, 1, 5]"
The extremely professional valet was assisting every driver that the exceptionally observant doorman helped.,3.7833,1.1511,60,"[4, 5, 5, 4, 2, 4, 4, 5, 5, 2, 4, 5, 3, 3, 5, 1, 5, 4, 4, 4, 4, 2, 4, 2, 3, 5, 3, 3, 4, 5, 2, 5, 2, 2, 2, 3, 2, 5, 3, 5, 4, 5, 4, 5, 4, 5, 4, 5, 4, 5, 4, 2, 5, 5, 5, 4, 2, 4, 4, 3]"
The extremely professional valet was assisting every driver that the exceptionally observant doorman was assisting.,3.5778,0.9412,45,"[2, 4, 4, 3, 4, 3, 5, 4, 4, 2, 3, 4, 3, 4, 3, 5, 2, 3, 5, 3, 4, 2, 4, 3, 3, 4, 4, 3, 2, 4, 3, 2, 5, 4, 4, 5, 4, 4, 3, 4, 4, 4, 5, 2, 5]"
The extremely professional valet was assisting every driver that the exceptionally observant doorman was.,2.95,1.2409,60,"[3, 2, 3, 4, 4, 4, 4, 3, 5, 5, 5, 3, 4, 2, 2, 1, 4, 5, 2, 4, 2, 1, 2, 2, 2, 4, 4, 3, 5, 2, 2, 4, 3, 3, 2, 2, 1, 2, 2, 2, 5, 4, 4, 5, 2, 3, 3, 3, 1, 2, 2, 5, 3, 1, 2, 5, 2, 2, 2, 2]"
The extremely professional valet was assisting the driver that the exceptionally observant doorman assisted.,3.1333,1.3558,15,"[3, 3, 4, 5, 2, 1, 2, 4, 2, 3, 5, 5, 3, 4, 1]"
The extremely professional valet was assisting the driver that the exceptionally observant doorman helped.,3.5667,1.1255,60,"[4, 4, 4, 2, 2, 2, 4, 5, 5, 2, 5, 3, 3, 3, 3, 4, 4, 5, 4, 5, 5, 5, 2, 4, 4, 2, 5, 2, 3, 4, 4, 4, 4, 2, 3, 5, 5, 4, 4, 3, 5, 4, 2, 3, 4, 4, 3, 1, 1, 4, 4, 3, 2, 4, 3, 4, 5, 4, 5, 2]"
The extremely professional valet was assisting the driver that the exceptionally observant doorman was assisting.,3.2222,1.1656,45,"[4, 4, 2, 2, 2, 4, 5, 4, 4, 2, 3, 3, 4, 2, 2, 2, 4, 2, 4, 2, 4, 2, 4, 2, 3, 4, 5, 3, 3, 5, 4, 5, 3, 4, 1, 2, 4, 5, 4, 3, 5, 1, 2, 2, 4]"
The extremely professional valet was assisting the driver that the exceptionally observant doorman was.,2.55,1.1112,60,"[3, 2, 2, 2, 3, 2, 2, 5, 4, 2, 3, 3, 2, 4, 1, 2, 2, 2, 3, 4, 4, 2, 1, 2, 3, 1, 3, 1, 2, 4, 2, 5, 1, 2, 3, 1, 2, 4, 2, 5, 2, 2, 4, 2, 4, 4, 4, 2, 2, 2, 3, 3, 2, 4, 3, 1, 2, 1, 1, 2]"
The famous movie star was vying for every role that the young aspiring actress rejected.,4.3667,1.041,60,"[3, 5, 4, 5, 4, 5, 5, 5, 5, 5, 4, 5, 5, 5, 5, 4, 5, 4, 5, 4, 3, 5, 5, 5, 4, 4, 4, 5, 1, 4, 5, 5, 5, 5, 5, 5, 3, 5, 2, 1, 5, 5, 5, 5, 5, 4, 5, 5, 5, 5, 5, 4, 5, 5, 4, 4, 4, 1, 5, 3]"
The famous movie star was vying for every role that the young aspiring actress vied for.,3.8,0.8619,15,"[4, 4, 4, 4, 4, 4, 2, 3, 3, 5, 5, 3, 3, 4, 5]"
The famous movie star was vying for every role that the young aspiring actress was vying for.,4.1556,0.7372,45,"[5, 4, 5, 5, 5, 3, 3, 5, 4, 4, 4, 5, 5, 4, 4, 5, 4, 5, 3, 4, 5, 4, 4, 5, 4, 4, 4, 5, 5, 5, 4, 4, 5, 4, 3, 4, 3, 2, 4, 4, 4, 4, 3, 4, 4]"
The famous movie star was vying for every role that the young aspiring actress was.,3.8136,1.0081,59,"[3, 4, 4, 3, 3, 3, 2, 5, 4, 2, 5, 4, 5, 5, 3, 2, 5, 4, 3, 5, 5, 5, 1, 3, 4, 3, 3, 2, 4, 5, 4, 3, 5, 2, 5, 3, 4, 4, 4, 4, 4, 5, 4, 4, 4, 3, 5, 5, 5, 5, 3, 4, 4, 5, 4, 4, 4, 3, 3]"
The famous movie star was vying for the role that the young aspiring actress rejected.,4.6207,0.5872,58,"[4, 3, 4, 3, 5, 5, 5, 5, 5, 3, 5, 5, 4, 5, 5, 5, 4, 5, 5, 5, 5, 5, 5, 5, 4, 4, 5, 5, 5, 4, 4, 5, 5, 5, 5, 5, 4, 5, 5, 4, 5, 4, 5, 5, 5, 4, 5, 5, 5, 5, 5, 4, 4, 4, 5, 5, 4, 5]"
The famous movie star was vying for the role that the young aspiring actress vied for.,4.0667,0.8837,15,"[3, 4, 5, 4, 5, 4, 4, 4, 5, 2, 4, 5, 4, 3, 5]"
The famous movie star was vying for the role that the young aspiring actress was vying for.,3.8182,0.9947,44,"[5, 2, 4, 4, 4, 5, 5, 4, 2, 5, 2, 4, 2, 3, 4, 5, 5, 3, 3, 5, 4, 4, 3, 4, 4, 4, 3, 5, 4, 5, 4, 2, 5, 3, 2, 4, 3, 4, 4, 5, 4, 4, 5, 3]"
The famous movie star was vying for the role that the young aspiring actress was.,3.55,1.3203,60,"[3, 4, 3, 2, 3, 4, 4, 1, 5, 5, 5, 5, 5, 5, 5, 5, 2, 3, 2, 1, 3, 5, 4, 4, 5, 4, 5, 2, 4, 2, 2, 3, 1, 2, 2, 5, 3, 2, 2, 3, 2, 5, 4, 4, 4, 2, 4, 4, 4, 4, 4, 5, 5, 5, 5, 5, 2, 4, 1, 5]"
The famous talent agency was checking out every dancer that the traveling dance troupe checked out.,4.2,0.6761,15,"[4, 4, 4, 4, 4, 3, 5, 5, 4, 5, 5, 3, 4, 5, 4]"
The famous talent agency was checking out every dancer that the traveling dance troupe hired.,4.5593,0.6234,59,"[4, 5, 5, 4, 5, 3, 5, 4, 4, 5, 5, 4, 5, 5, 5, 5, 5, 4, 5, 5, 5, 5, 3, 4, 5, 4, 5, 4, 5, 4, 5, 4, 5, 3, 5, 4, 4, 5, 5, 5, 5, 5, 4, 5, 5, 4, 5, 5, 5, 5, 4, 4, 5, 5, 5, 4, 5, 3, 5]"
The famous talent agency was checking out every dancer that the traveling dance troupe was checking out.,3.6,1.116,45,"[5, 2, 4, 3, 4, 5, 5, 4, 5, 3, 3, 5, 2, 5, 4, 3, 4, 2, 3, 4, 4, 3, 4, 2, 4, 5, 3, 4, 5, 4, 2, 4, 3, 3, 4, 4, 5, 1, 3, 5, 2, 2, 4, 2, 5]"
The famous talent agency was checking out every dancer that the traveling dance troupe was.,3.4746,1.1501,59,"[5, 4, 4, 4, 4, 2, 2, 5, 4, 2, 5, 2, 4, 3, 4, 4, 4, 5, 3, 3, 5, 2, 4, 5, 4, 2, 2, 4, 2, 2, 4, 4, 3, 3, 4, 5, 4, 2, 5, 2, 3, 4, 3, 5, 1, 3, 4, 5, 2, 2, 3, 2, 5, 5, 2, 4, 3, 5, 3]"
The famous talent agency was checking out the dancer that the traveling dance troupe checked out.,3.4,0.9103,15,"[3, 4, 2, 4, 4, 4, 5, 4, 3, 2, 3, 4, 2, 4, 3]"
The famous talent agency was checking out the dancer that the traveling dance troupe hired.,4.3333,1.0361,60,"[3, 4, 5, 5, 3, 5, 5, 5, 4, 5, 5, 3, 4, 5, 4, 5, 4, 5, 5, 4, 1, 5, 4, 4, 5, 5, 5, 4, 5, 2, 5, 5, 5, 5, 4, 5, 3, 5, 2, 5, 5, 5, 4, 4, 5, 5, 5, 5, 5, 2, 5, 5, 5, 5, 2, 5, 5, 4, 2, 5]"
The famous talent agency was checking out the dancer that the traveling dance troupe was checking out.,3.7273,1.1486,44,"[2, 4, 2, 2, 1, 5, 4, 4, 3, 2, 4, 4, 4, 5, 5, 5, 4, 2, 4, 2, 3, 5, 3, 5, 5, 4, 5, 5, 4, 4, 4, 4, 3, 4, 3, 4, 5, 4, 3, 5, 4, 5, 1, 4]"
The famous talent agency was checking out the dancer that the traveling dance troupe was.,3.1207,1.1406,58,"[4, 1, 2, 2, 2, 5, 2, 5, 4, 4, 4, 3, 3, 3, 5, 2, 4, 2, 1, 4, 1, 2, 2, 2, 3, 2, 3, 3, 4, 4, 3, 5, 3, 2, 4, 4, 2, 2, 3, 2, 3, 4, 5, 2, 4, 2, 4, 5, 4, 4, 4, 1, 4, 3, 3, 3, 4, 4]"
The frustrated young teacher was holding up every student that the noticeably stern principal held up.,3.8667,0.9904,15,"[3, 3, 5, 5, 3, 5, 4, 4, 5, 2, 3, 5, 4, 3, 4]"
The frustrated young teacher was holding up every student that the noticeably stern principal questioned.,3.65,1.2733,60,"[3, 5, 3, 3, 3, 2, 4, 5, 4, 5, 2, 1, 4, 5, 5, 4, 4, 5, 2, 2, 3, 5, 4, 2, 1, 4, 5, 4, 5, 3, 3, 5, 5, 3, 5, 3, 1, 5, 5, 4, 4, 2, 4, 4, 5, 4, 5, 3, 5, 4, 4, 5, 4, 1, 1, 4, 5, 2, 3, 4]"
The frustrated young teacher was holding up every student that the noticeably stern principal was holding up.,2.9091,1.2355,44,"[2, 2, 2, 1, 3, 2, 4, 5, 2, 2, 5, 1, 2, 2, 1, 3, 4, 2, 4, 5, 5, 3, 4, 3, 2, 4, 2, 3, 4, 4, 3, 1, 2, 4, 4, 2, 2, 2, 1, 5, 4, 3, 3, 4]"
The frustrated young teacher was holding up every student that the noticeably stern principal was.,2.9492,1.0895,59,"[3, 4, 2, 3, 4, 2, 3, 2, 2, 3, 3, 4, 5, 5, 4, 2, 2, 2, 1, 2, 3, 4, 4, 4, 3, 2, 2, 5, 2, 2, 2, 2, 2, 2, 4, 1, 2, 2, 3, 2, 4, 3, 4, 3, 1, 3, 3, 4, 4, 3, 4, 5, 4, 3, 4, 2, 2, 2, 5]"
The frustrated young teacher was holding up the student that the noticeably stern principal held up.,3.2667,0.9612,15,"[4, 3, 4, 3, 4, 4, 2, 4, 2, 1, 4, 3, 3, 4, 4]"
The frustrated young teacher was holding up the student that the noticeably stern principal questioned.,3.5667,1.0949,60,"[2, 4, 4, 3, 3, 2, 4, 3, 4, 4, 2, 5, 2, 5, 5, 2, 5, 2, 4, 4, 4, 5, 4, 4, 5, 5, 3, 4, 4, 3, 3, 5, 4, 4, 4, 5, 1, 4, 3, 2, 5, 4, 2, 5, 5, 4, 4, 2, 4, 2, 4, 4, 2, 4, 4, 3, 3, 2, 4, 2]"
The frustrated young teacher was holding up the student that the noticeably stern principal was holding up.,3.0,1.0871,45,"[3, 3, 3, 3, 2, 4, 4, 2, 3, 2, 2, 5, 3, 2, 5, 1, 2, 2, 2, 4, 2, 4, 4, 4, 2, 4, 4, 2, 4, 5, 4, 2, 2, 2, 4, 2, 2, 5, 2, 3, 4, 2, 3, 2, 4]"
The frustrated young teacher was holding up the student that the noticeably stern principal was.,2.3167,1.0813,60,"[3, 2, 2, 1, 2, 3, 4, 1, 4, 2, 1, 2, 2, 1, 2, 2, 1, 2, 1, 1, 5, 2, 1, 3, 4, 2, 2, 2, 2, 1, 2, 3, 3, 4, 3, 1, 3, 2, 1, 2, 2, 2, 1, 4, 2, 1, 3, 1, 1, 2, 5, 4, 3, 3, 4, 3, 2, 3, 3, 3]"
The grumpy postal worker was visiting every house that the annoyingly chipper milkman served.,4.2833,0.8847,60,"[2, 4, 5, 5, 4, 4, 5, 4, 5, 4, 4, 5, 4, 5, 5, 4, 5, 2, 4, 3, 4, 4, 4, 5, 4, 5, 4, 5, 4, 5, 5, 5, 5, 4, 5, 4, 5, 3, 3, 3, 5, 5, 5, 5, 4, 5, 5, 5, 4, 5, 5, 5, 4, 5, 1, 4, 3, 5, 4, 4]"
The grumpy postal worker was visiting every house that the annoyingly chipper milkman visited.,4.2,0.7746,15,"[5, 3, 4, 5, 5, 5, 3, 4, 4, 5, 4, 4, 3, 4, 5]"
The grumpy postal worker was visiting every house that the annoyingly chipper milkman was visiting.,3.9333,1.0313,45,"[4, 5, 5, 4, 5, 3, 5, 3, 4, 2, 2, 4, 5, 4, 5, 4, 5, 2, 3, 2, 5, 3, 5, 5, 4, 4, 4, 4, 4, 4, 5, 5, 4, 2, 2, 5, 5, 4, 2, 4, 4, 4, 4, 4, 5]"
The grumpy postal worker was visiting every house that the annoyingly chipper milkman was.,3.6333,1.0079,60,"[3, 4, 4, 3, 2, 3, 3, 5, 4, 3, 5, 5, 4, 5, 3, 2, 4, 3, 3, 4, 5, 3, 1, 3, 1, 3, 4, 4, 2, 5, 5, 3, 4, 5, 3, 4, 4, 4, 3, 4, 3, 4, 5, 4, 4, 4, 4, 5, 2, 3, 5, 4, 2, 4, 4, 4, 4, 5, 3, 3]"
The grumpy postal worker was visiting the house that the annoyingly chipper milkman served.,4.0,0.9206,60,"[4, 3, 3, 5, 5, 4, 5, 4, 5, 4, 4, 2, 3, 4, 5, 5, 4, 4, 4, 3, 4, 4, 5, 4, 5, 2, 4, 5, 5, 5, 2, 5, 3, 3, 5, 5, 2, 4, 5, 4, 4, 4, 4, 5, 4, 4, 2, 4, 5, 3, 4, 5, 4, 4, 2, 4, 5, 4, 4, 4]"
The grumpy postal worker was visiting the house that the annoyingly chipper milkman visited.,4.2667,0.8837,15,"[4, 4, 5, 4, 5, 5, 5, 3, 4, 5, 4, 5, 2, 4, 5]"
The grumpy postal worker was visiting the house that the annoyingly chipper milkman was visiting.,3.6364,1.2592,44,"[5, 4, 4, 4, 2, 4, 4, 4, 4, 4, 4, 1, 5, 4, 5, 2, 5, 1, 1, 5, 5, 4, 3, 4, 2, 4, 4, 3, 5, 5, 2, 3, 4, 5, 2, 2, 2, 5, 2, 5, 4, 4, 5, 4]"
The grumpy postal worker was visiting the house that the annoyingly chipper milkman was.,2.95,1.1992,60,"[4, 4, 2, 2, 3, 4, 4, 3, 4, 5, 3, 3, 4, 4, 5, 3, 3, 2, 2, 1, 2, 1, 4, 2, 4, 2, 1, 2, 4, 1, 1, 2, 1, 2, 2, 3, 3, 2, 2, 4, 4, 3, 3, 4, 5, 5, 4, 5, 4, 2, 2, 4, 4, 4, 2, 4, 1, 3, 2, 2]"
The highly esteemed conductor was photo-copying every piece that the auditioning music scholar photo-copied.,3.4667,1.2459,15,"[2, 5, 4, 5, 2, 3, 5, 4, 2, 2, 5, 4, 3, 4, 2]"
The highly esteemed conductor was photo-copying every piece that the auditioning music scholar played.,4.1404,1.109,57,"[1, 4, 3, 4, 3, 4, 5, 3, 5, 5, 5, 4, 4, 4, 3, 2, 5, 5, 5, 5, 5, 4, 5, 5, 5, 5, 2, 5, 5, 4, 5, 5, 5, 2, 5, 4, 5, 5, 4, 4, 4, 4, 5, 5, 2, 3, 5, 5, 5, 5, 5, 5, 2, 3, 2, 5, 3]"
The highly esteemed conductor was photo-copying every piece that the auditioning music scholar was photo-copying.,3.7273,1.1282,44,"[3, 4, 3, 5, 4, 5, 5, 4, 5, 4, 3, 3, 2, 4, 3, 5, 5, 4, 2, 5, 2, 5, 2, 2, 5, 5, 3, 4, 5, 3, 5, 3, 5, 2, 3, 4, 5, 4, 4, 5, 2, 3, 3, 2]"
The highly esteemed conductor was photo-copying every piece that the auditioning music scholar was.,2.9655,1.0081,58,"[3, 3, 4, 1, 3, 1, 3, 4, 4, 4, 3, 3, 3, 3, 3, 3, 4, 3, 2, 4, 4, 4, 4, 2, 3, 3, 2, 3, 4, 2, 5, 2, 2, 4, 2, 2, 3, 2, 3, 2, 3, 4, 4, 4, 4, 3, 2, 2, 4, 4, 2, 4, 4, 4, 1, 2, 1, 1]"
The highly esteemed conductor was photo-copying the piece that the auditioning music scholar photo-copied.,3.6,1.0556,15,"[4, 4, 3, 5, 5, 3, 4, 1, 3, 5, 3, 4, 4, 3, 3]"
The highly esteemed conductor was photo-copying the piece that the auditioning music scholar played.,4.1,0.9514,60,"[5, 5, 5, 4, 4, 1, 4, 4, 5, 4, 2, 4, 3, 4, 4, 4, 4, 4, 4, 4, 5, 4, 4, 3, 2, 5, 3, 3, 5, 4, 4, 5, 4, 4, 4, 5, 4, 5, 4, 5, 5, 5, 3, 5, 5, 5, 5, 5, 5, 4, 4, 1, 5, 5, 5, 4, 3, 4, 4, 4]"
The highly esteemed conductor was photo-copying the piece that the auditioning music scholar was photo-copying.,3.1778,1.0065,45,"[2, 4, 4, 3, 2, 3, 1, 3, 4, 2, 4, 4, 3, 4, 3, 4, 2, 3, 5, 4, 3, 3, 2, 2, 4, 3, 4, 4, 2, 2, 2, 2, 2, 2, 4, 5, 3, 4, 4, 4, 4, 4, 3, 2, 5]"
The highly esteemed conductor was photo-copying the piece that the auditioning music scholar was.,2.3898,1.145,59,"[4, 2, 2, 1, 2, 4, 4, 3, 4, 2, 1, 3, 1, 1, 1, 1, 2, 2, 2, 2, 1, 2, 2, 2, 4, 4, 2, 4, 5, 2, 2, 4, 3, 1, 2, 1, 2, 2, 3, 4, 1, 3, 4, 2, 2, 4, 1, 2, 3, 2, 5, 2, 2, 1, 4, 1, 2, 2, 2]"
The knowledgeable history teacher was discussing every battle that the pompously annoying writer described.,4.1,0.9514,60,"[3, 5, 5, 5, 4, 4, 4, 4, 5, 5, 2, 5, 5, 5, 5, 2, 5, 2, 5, 4, 4, 4, 3, 5, 5, 4, 4, 4, 3, 3, 5, 5, 5, 5, 5, 5, 4, 5, 4, 5, 5, 3, 5, 5, 3, 4, 3, 5, 4, 3, 4, 4, 4, 4, 4, 4, 2, 2, 4, 3]"
The knowledgeable history teacher was discussing every battle that the pompously annoying writer discussed.,3.7333,1.0998,15,"[3, 2, 4, 5, 5, 4, 2, 4, 2, 4, 5, 4, 3, 4, 5]"
The knowledgeable history teacher was discussing every battle that the pompously annoying writer was discussing.,3.8889,0.7752,45,"[4, 5, 5, 3, 4, 4, 4, 4, 4, 4, 4, 4, 4, 4, 5, 4, 5, 2, 5, 4, 4, 2, 4, 4, 3, 3, 5, 3, 4, 4, 4, 5, 3, 4, 3, 4, 4, 4, 2, 4, 5, 3, 4, 4, 4]"
The knowledgeable history teacher was discussing every battle that the pompously annoying writer was.,3.25,1.0021,60,"[3, 2, 4, 3, 2, 3, 3, 3, 4, 1, 4, 3, 4, 5, 3, 2, 4, 2, 2, 3, 3, 4, 1, 2, 4, 3, 3, 3, 2, 4, 4, 3, 3, 5, 2, 3, 3, 2, 2, 5, 3, 4, 4, 4, 4, 4, 2, 4, 4, 4, 5, 2, 3, 3, 4, 5, 4, 5, 3, 3]"
The knowledgeable history teacher was discussing the battle that the pompously annoying writer described.,3.9667,0.9561,60,"[4, 2, 3, 4, 5, 4, 5, 5, 5, 5, 5, 3, 2, 5, 5, 5, 1, 3, 4, 4, 4, 4, 3, 3, 4, 3, 4, 4, 5, 5, 2, 5, 4, 3, 4, 5, 3, 5, 5, 4, 5, 3, 4, 5, 3, 4, 4, 4, 4, 5, 4, 5, 3, 4, 4, 3, 4, 4, 3, 5]"
The knowledgeable history teacher was discussing the battle that the pompously annoying writer discussed.,3.9286,1.2688,14,"[3, 1, 5, 5, 5, 4, 4, 5, 4, 5, 5, 3, 2, 4]"
The knowledgeable history teacher was discussing the battle that the pompously annoying writer was discussing.,3.5,1.2483,44,"[5, 2, 2, 4, 3, 4, 5, 5, 4, 4, 5, 2, 2, 5, 4, 3, 4, 4, 2, 1, 5, 4, 5, 5, 2, 3, 4, 3, 4, 5, 4, 3, 1, 3, 5, 2, 5, 2, 5, 2, 2, 4, 3, 3]"
The knowledgeable history teacher was discussing the battle that the pompously annoying writer was.,2.7167,1.1658,60,"[2, 4, 2, 2, 1, 3, 1, 1, 5, 3, 5, 3, 3, 4, 3, 4, 2, 2, 2, 1, 3, 2, 2, 4, 4, 2, 4, 2, 4, 1, 2, 2, 1, 2, 2, 4, 2, 2, 2, 2, 4, 3, 2, 4, 4, 2, 4, 4, 4, 1, 2, 4, 2, 4, 2, 5, 2, 3, 1, 4]"
The main staff secretary was tracking down every letter that the absent-minded new assistant tracked down.,3.2,1.1464,15,"[2, 4, 4, 2, 4, 2, 4, 3, 2, 2, 4, 5, 2, 5, 3]"
The main staff secretary was tracking down every letter that the absent-minded new assistant was tracking down.,3.3182,1.2156,44,"[4, 2, 3, 2, 4, 5, 5, 5, 3, 3, 3, 3, 4, 4, 3, 3, 5, 3, 4, 2, 2, 5, 2, 3, 5, 3, 4, 5, 4, 2, 4, 2, 3, 4, 2, 5, 1, 1, 1, 2, 4, 4, 3, 5]"
The main staff secretary was tracking down every letter that the absent-minded new assistant was.,2.9492,1.1052,59,"[2, 2, 3, 3, 4, 3, 2, 5, 4, 3, 5, 3, 4, 4, 2, 3, 3, 1, 3, 3, 5, 2, 2, 5, 2, 2, 2, 3, 2, 2, 2, 2, 2, 2, 5, 5, 2, 2, 5, 3, 3, 2, 3, 4, 4, 1, 3, 3, 4, 3, 2, 4, 2, 5, 2, 3, 3, 2, 2]"
The main staff secretary was tracking down every letter that the absent-minded new assistant wrote.,4.1897,1.0166,58,"[3, 5, 5, 4, 2, 3, 5, 5, 4, 5, 2, 4, 5, 5, 5, 4, 5, 5, 5, 4, 4, 2, 5, 4, 4, 5, 4, 4, 5, 2, 5, 5, 3, 4, 5, 5, 4, 2, 2, 5, 5, 5, 5, 5, 4, 5, 5, 5, 5, 3, 2, 4, 4, 4, 4, 5, 4, 5]"
The main staff secretary was tracking down the letter that the absent-minded new assistant tracked down.,2.7857,1.0509,14,"[4, 2, 2, 2, 3, 1, 5, 3, 2, 3, 3, 3, 4, 2]"
The main staff secretary was tracking down the letter that the absent-minded new assistant was tracking down.,3.1111,1.2653,45,"[2, 3, 3, 1, 1, 2, 3, 5, 4, 4, 3, 5, 4, 4, 2, 2, 5, 4, 2, 4, 2, 1, 3, 3, 4, 5, 3, 5, 5, 4, 4, 3, 2, 2, 4, 2, 5, 2, 2, 4, 3, 3, 1, 1, 4]"
The main staff secretary was tracking down the letter that the absent-minded new assistant was.,2.7288,1.064,59,"[2, 2, 2, 3, 3, 4, 3, 4, 3, 4, 5, 3, 3, 4, 2, 2, 4, 2, 1, 4, 1, 2, 2, 1, 3, 2, 3, 3, 4, 2, 3, 3, 2, 4, 1, 2, 4, 2, 2, 4, 2, 2, 3, 3, 2, 3, 1, 1, 5, 4, 4, 4, 1, 4, 2, 2, 3, 3, 2]"
The main staff secretary was tracking down the letter that the absent-minded new assistant wrote.,4.1695,1.147,59,"[3, 5, 3, 5, 5, 5, 5, 5, 5, 4, 3, 5, 5, 5, 4, 5, 2, 5, 3, 3, 5, 4, 4, 5, 5, 5, 1, 5, 2, 5, 5, 2, 5, 4, 5, 2, 5, 2, 5, 5, 4, 4, 4, 5, 4, 5, 5, 5, 4, 5, 5, 1, 5, 5, 5, 4, 3, 3, 4]"
The meticulous financial analyst was writing up every report that the growing insurance company released.,4.2373,1.0058,59,"[5, 5, 5, 4, 5, 4, 5, 5, 5, 4, 2, 5, 3, 4, 5, 5, 5, 4, 4, 5, 5, 5, 5, 4, 2, 5, 4, 3, 4, 4, 4, 3, 5, 5, 4, 3, 5, 5, 4, 4, 5, 5, 3, 5, 5, 5, 5, 1, 5, 2, 4, 5, 5, 5, 5, 4, 3, 2, 4]"
The meticulous financial analyst was writing up every report that the growing insurance company was writing up.,3.4889,0.9914,45,"[2, 4, 4, 3, 2, 3, 4, 5, 3, 4, 4, 5, 4, 5, 2, 3, 4, 3, 5, 3, 4, 3, 4, 2, 4, 4, 4, 5, 2, 2, 3, 2, 4, 3, 3, 5, 3, 3, 3, 2, 3, 4, 5, 3, 5]"
The meticulous financial analyst was writing up every report that the growing insurance company was.,2.7966,1.2003,59,"[4, 3, 2, 4, 2, 4, 4, 4, 5, 4, 5, 4, 3, 2, 2, 1, 5, 3, 2, 1, 2, 1, 2, 1, 1, 2, 1, 4, 4, 3, 2, 2, 3, 2, 2, 2, 2, 4, 2, 4, 4, 2, 3, 5, 2, 2, 4, 3, 2, 3, 5, 3, 2, 5, 2, 2, 2, 2, 2]"
The meticulous financial analyst was writing up every report that the growing insurance company wrote up.,3.6667,0.9759,15,"[4, 5, 4, 4, 2, 5, 3, 2, 4, 5, 4, 3, 3, 3, 4]"
The meticulous financial analyst was writing up the report that the growing insurance company released.,4.1186,1.0185,59,"[5, 4, 4, 4, 4, 5, 5, 2, 5, 5, 4, 3, 4, 1, 4, 4, 4, 5, 3, 5, 5, 4, 2, 4, 5, 5, 5, 5, 4, 5, 4, 4, 5, 4, 5, 5, 5, 5, 3, 3, 5, 4, 3, 3, 4, 4, 4, 4, 1, 5, 4, 5, 5, 5, 5, 2, 4, 5, 4]"
The meticulous financial analyst was writing up the report that the growing insurance company was writing up.,3.5116,1.1206,43,"[4, 4, 4, 3, 2, 3, 4, 2, 4, 1, 2, 3, 4, 5, 2, 3, 3, 5, 4, 4, 4, 2, 4, 4, 5, 4, 3, 4, 3, 5, 5, 5, 3, 2, 4, 5, 4, 4, 5, 1, 2, 3, 4]"
The meticulous financial analyst was writing up the report that the growing insurance company was.,2.6,1.1527,60,"[2, 2, 2, 1, 3, 1, 3, 5, 4, 2, 4, 4, 4, 4, 2, 3, 4, 2, 2, 4, 2, 4, 2, 1, 3, 3, 3, 1, 1, 3, 1, 5, 1, 2, 3, 1, 2, 4, 3, 3, 2, 4, 4, 2, 4, 4, 3, 1, 1, 3, 2, 2, 1, 3, 2, 2, 2, 3, 1, 4]"
The meticulous financial analyst was writing up the report that the growing insurance company wrote up.,3.2,1.4243,15,"[4, 5, 2, 5, 1, 2, 5, 4, 4, 2, 4, 2, 3, 4, 1]"
The meticulous head surgeon was testing out every instrument that the recently hired nurse sterilized.,4.5085,0.8585,59,"[4, 5, 4, 4, 5, 5, 5, 5, 5, 4, 5, 5, 4, 5, 5, 5, 3, 5, 5, 1, 5, 5, 5, 4, 5, 3, 5, 5, 5, 3, 5, 5, 4, 5, 3, 2, 5, 5, 4, 5, 5, 4, 5, 5, 5, 5, 5, 5, 5, 5, 5, 4, 4, 5, 4, 5, 5, 3, 5]"
The meticulous head surgeon was testing out every instrument that the recently hired nurse tested out.,4.4,0.6325,15,"[4, 4, 5, 5, 5, 5, 4, 3, 5, 4, 5, 4, 4, 4, 5]"
The meticulous head surgeon was testing out every instrument that the recently hired nurse was testing out.,3.5349,1.0544,43,"[2, 2, 2, 4, 2, 4, 4, 3, 4, 5, 5, 1, 4, 3, 3, 4, 3, 4, 4, 4, 4, 5, 4, 2, 4, 4, 3, 4, 5, 5, 4, 2, 5, 5, 2, 3, 2, 4, 3, 4, 4, 4, 3]"
The meticulous head surgeon was testing out every instrument that the recently hired nurse was.,3.2333,1.3067,60,"[4, 4, 2, 3, 1, 2, 5, 1, 3, 4, 3, 4, 2, 4, 5, 5, 2, 3, 2, 1, 3, 5, 4, 3, 5, 2, 5, 2, 4, 2, 2, 2, 1, 2, 2, 3, 2, 2, 2, 2, 5, 5, 4, 2, 5, 2, 5, 4, 4, 4, 3, 4, 5, 5, 5, 5, 3, 2, 3, 4]"
The meticulous head surgeon was testing out the instrument that the recently hired nurse sterilized.,4.3898,0.8513,59,"[3, 5, 4, 5, 5, 5, 5, 5, 5, 5, 4, 5, 3, 4, 4, 4, 5, 2, 4, 2, 5, 4, 5, 5, 5, 4, 4, 5, 5, 5, 5, 5, 4, 5, 5, 5, 4, 3, 2, 5, 5, 5, 4, 5, 5, 5, 5, 4, 5, 5, 5, 5, 5, 4, 4, 3, 4, 3, 4]"
The meticulous head surgeon was testing out the instrument that the recently hired nurse tested out.,3.4,0.7368,15,"[3, 4, 4, 4, 4, 4, 2, 3, 3, 4, 3, 3, 2, 4, 4]"
The meticulous head surgeon was testing out the instrument that the recently hired nurse was testing out.,3.6818,0.9344,44,"[3, 4, 5, 5, 4, 4, 3, 4, 3, 4, 3, 4, 4, 3, 5, 5, 3, 3, 4, 5, 2, 5, 4, 3, 5, 4, 4, 3, 5, 2, 5, 3, 2, 3, 3, 4, 4, 4, 4, 4, 2, 3, 2, 4]"
The meticulous head surgeon was testing out the instrument that the recently hired nurse was.,2.8167,1.1716,60,"[3, 3, 4, 1, 1, 3, 1, 5, 4, 2, 1, 4, 2, 1, 3, 2, 2, 3, 2, 2, 5, 4, 1, 2, 4, 3, 2, 2, 1, 2, 3, 4, 4, 4, 4, 2, 3, 2, 2, 4, 4, 4, 4, 4, 4, 2, 2, 1, 1, 2, 5, 3, 2, 3, 4, 3, 4, 4, 3, 3]"
The motivated newspaper reporter was writing up every story that the main news anchor fabricated.,4.1333,1.0328,60,"[4, 5, 5, 4, 2, 3, 5, 5, 4, 5, 5, 4, 4, 3, 5, 4, 5, 5, 4, 5, 5, 5, 1, 3, 4, 4, 5, 4, 5, 5, 4, 4, 3, 5, 4, 5, 3, 5, 5, 4, 3, 2, 5, 4, 2, 5, 4, 5, 5, 4, 5, 5, 2, 4, 5, 5, 4, 2, 3, 5]"
The motivated newspaper reporter was writing up every story that the main news anchor was writing up.,3.5556,0.9428,45,"[4, 2, 2, 3, 4, 4, 4, 3, 5, 4, 3, 4, 4, 5, 4, 3, 4, 4, 3, 2, 4, 3, 5, 3, 2, 5, 3, 4, 5, 4, 3, 4, 3, 2, 3, 3, 5, 3, 2, 4, 4, 4, 4, 2, 5]"
The motivated newspaper reporter was writing up every story that the main news anchor was.,3.2373,1.1647,59,"[4, 3, 2, 4, 3, 3, 4, 5, 4, 4, 5, 3, 4, 1, 1, 4, 2, 1, 4, 3, 5, 2, 4, 4, 3, 4, 3, 3, 2, 2, 4, 2, 5, 4, 5, 5, 3, 2, 4, 2, 3, 4, 3, 4, 2, 3, 4, 5, 4, 3, 2, 5, 2, 2, 1, 4, 2, 4, 2]"
The motivated newspaper reporter was writing up every story that the main news anchor wrote up.,3.3571,1.0818,14,"[2, 5, 5, 3, 4, 3, 4, 4, 2, 2, 4, 4, 2, 3]"
The motivated newspaper reporter was writing up the story that the main news anchor fabricated.,4.0172,1.0512,58,"[3, 4, 4, 2, 5, 4, 5, 5, 5, 4, 4, 3, 4, 5, 5, 3, 3, 5, 3, 3, 5, 4, 4, 5, 5, 5, 4, 5, 2, 5, 4, 5, 5, 4, 5, 4, 5, 2, 5, 5, 3, 4, 4, 5, 4, 5, 2, 3, 2, 4, 4, 5, 4, 5, 3, 3, 1, 5]"
The motivated newspaper reporter was writing up the story that the main news anchor was writing up.,3.25,1.2782,44,"[3, 3, 4, 5, 1, 2, 2, 4, 5, 4, 5, 4, 3, 2, 2, 4, 4, 2, 4, 1, 3, 4, 2, 3, 5, 4, 5, 4, 4, 4, 3, 4, 1, 4, 2, 2, 1, 5, 4, 2, 5, 4, 1, 3]"
The motivated newspaper reporter was writing up the story that the main news anchor was.,2.8136,1.0903,59,"[4, 2, 2, 2, 2, 4, 4, 5, 3, 3, 4, 2, 2, 4, 1, 1, 4, 2, 1, 4, 1, 2, 2, 4, 2, 2, 3, 3, 2, 4, 2, 5, 4, 4, 2, 3, 4, 2, 3, 3, 2, 3, 3, 4, 2, 2, 1, 2, 4, 4, 3, 4, 1, 4, 2, 3, 3, 2, 4]"
The motivated newspaper reporter was writing up the story that the main news anchor wrote up.,3.2,1.1464,15,"[3, 3, 1, 4, 4, 2, 5, 4, 3, 3, 4, 4, 3, 1, 4]"
The nervous teenage cashier was looking over every receipt that the unintentionally controlling manager filed.,3.8833,1.1061,60,"[4, 4, 5, 4, 4, 3, 4, 5, 4, 3, 2, 4, 2, 5, 4, 5, 2, 4, 5, 4, 3, 2, 2, 5, 2, 2, 5, 3, 5, 5, 4, 2, 4, 5, 4, 5, 4, 4, 5, 5, 3, 2, 2, 5, 4, 5, 3, 5, 5, 4, 3, 2, 4, 4, 5, 5, 4, 5, 5, 5]"
The nervous teenage cashier was looking over every receipt that the unintentionally controlling manager looked over.,3.1333,0.9904,15,"[4, 5, 4, 4, 4, 3, 2, 4, 3, 3, 2, 2, 3, 2, 2]"
The nervous teenage cashier was looking over every receipt that the unintentionally controlling manager was looking over.,3.4667,1.1794,45,"[4, 2, 3, 4, 3, 3, 5, 4, 2, 5, 3, 1, 4, 5, 4, 2, 3, 4, 3, 4, 4, 3, 5, 2, 5, 5, 4, 4, 4, 3, 2, 3, 4, 5, 4, 4, 5, 2, 1, 4, 1, 2, 4, 3, 5]"
The nervous teenage cashier was looking over every receipt that the unintentionally controlling manager was.,3.1356,1.0079,59,"[5, 2, 3, 4, 2, 2, 2, 3, 4, 3, 5, 3, 4, 3, 3, 3, 2, 5, 4, 4, 4, 4, 4, 5, 5, 4, 2, 3, 2, 2, 3, 2, 4, 2, 2, 4, 4, 2, 3, 4, 2, 2, 3, 4, 3, 3, 3, 2, 2, 2, 2, 4, 3, 5, 2, 3, 3, 4, 2]"
The nervous teenage cashier was looking over the receipt that the unintentionally controlling manager filed.,3.8667,1.1712,60,"[3, 4, 5, 3, 3, 2, 5, 5, 5, 5, 5, 2, 4, 2, 5, 2, 5, 3, 5, 2, 3, 5, 4, 2, 4, 5, 2, 3, 5, 3, 4, 4, 5, 5, 4, 5, 3, 4, 2, 5, 5, 3, 5, 4, 4, 4, 5, 5, 5, 3, 4, 5, 4, 5, 5, 5, 3, 3, 2, 1]"
The nervous teenage cashier was looking over the receipt that the unintentionally controlling manager looked over.,3.2,0.9411,15,"[3, 5, 1, 4, 3, 4, 4, 3, 3, 3, 4, 3, 3, 2, 3]"
The nervous teenage cashier was looking over the receipt that the unintentionally controlling manager was looking over.,3.4,1.2863,45,"[2, 3, 5, 4, 2, 2, 4, 5, 4, 4, 4, 5, 4, 4, 2, 5, 5, 4, 3, 4, 2, 2, 5, 3, 5, 4, 4, 5, 5, 2, 2, 2, 2, 1, 4, 2, 5, 2, 1, 4, 4, 3, 5, 2, 2]"
The nervous teenage cashier was looking over the receipt that the unintentionally controlling manager was.,2.75,1.0354,60,"[3, 2, 1, 1, 2, 5, 4, 3, 4, 3, 4, 4, 5, 3, 4, 4, 2, 4, 2, 1, 4, 1, 2, 2, 2, 4, 2, 3, 3, 3, 2, 3, 3, 4, 2, 2, 4, 3, 2, 2, 4, 2, 2, 2, 2, 2, 4, 2, 3, 3, 3, 2, 4, 1, 4, 2, 2, 3, 2, 2]"
The new dance company was testing out every choreographer that the musical theatre troupe recommended.,4.7333,0.5482,60,"[3, 5, 5, 5, 4, 5, 5, 4, 4, 5, 3, 5, 5, 5, 5, 4, 5, 5, 5, 5, 4, 5, 5, 5, 5, 5, 4, 5, 5, 5, 5, 5, 5, 5, 5, 5, 5, 5, 3, 5, 5, 5, 5, 5, 5, 5, 5, 5, 5, 5, 4, 4, 5, 5, 5, 5, 4, 5, 5, 4]"
The new dance company was testing out every choreographer that the musical theatre troupe tested out.,3.8,0.8619,15,"[4, 5, 4, 4, 4, 4, 2, 3, 4, 3, 4, 3, 3, 5, 5]"
The new dance company was testing out every choreographer that the musical theatre troupe was testing out.,3.8605,0.99,43,"[1, 4, 5, 4, 5, 5, 3, 4, 4, 5, 3, 4, 5, 5, 2, 4, 3, 4, 5, 3, 5, 4, 3, 4, 3, 3, 4, 5, 4, 4, 2, 4, 4, 5, 3, 4, 2, 4, 5, 4, 3, 4, 5]"
The new dance company was testing out every choreographer that the musical theatre troupe was.,3.4167,1.1541,60,"[3, 2, 4, 2, 2, 3, 3, 4, 4, 4, 2, 4, 5, 1, 4, 4, 4, 3, 2, 2, 5, 4, 1, 4, 4, 4, 2, 3, 1, 3, 4, 5, 3, 5, 2, 2, 3, 3, 2, 3, 3, 4, 5, 5, 4, 3, 5, 5, 4, 2, 5, 4, 4, 5, 4, 4, 4, 5, 2, 3]"
The new dance company was testing out the choreographer that the musical theatre troupe recommended.,4.7833,0.4903,60,"[5, 5, 4, 5, 5, 5, 5, 5, 5, 4, 5, 5, 3, 5, 5, 5, 5, 5, 5, 5, 5, 4, 5, 5, 5, 4, 5, 5, 5, 5, 4, 5, 4, 4, 5, 5, 4, 5, 5, 4, 5, 5, 5, 5, 5, 5, 5, 5, 5, 5, 5, 5, 5, 5, 5, 5, 5, 5, 3, 5]"
The new dance company was testing out the choreographer that the musical theatre troupe tested out.,3.8,1.0142,15,"[2, 4, 5, 5, 5, 5, 2, 4, 3, 4, 3, 4, 4, 3, 4]"
The new dance company was testing out the choreographer that the musical theatre troupe was testing out.,3.5116,1.1827,43,"[5, 2, 2, 2, 4, 4, 2, 5, 3, 3, 5, 2, 4, 5, 4, 2, 5, 3, 5, 5, 1, 5, 3, 4, 4, 4, 3, 5, 2, 4, 3, 5, 5, 4, 2, 4, 2, 4, 3, 3, 2, 4, 3]"
The new dance company was testing out the choreographer that the musical theatre troupe was.,2.9833,1.2821,60,"[5, 2, 2, 2, 4, 3, 5, 1, 1, 3, 4, 1, 3, 5, 3, 5, 5, 2, 3, 1, 3, 3, 4, 4, 3, 2, 3, 2, 5, 1, 1, 2, 1, 2, 2, 5, 2, 2, 2, 3, 4, 1, 3, 4, 4, 2, 3, 2, 4, 3, 4, 4, 5, 4, 4, 5, 2, 3, 2, 4]"
The new geography tutor was charting every mountain that the easily distracted student charted.,3.7143,0.7263,14,"[3, 3, 3, 3, 4, 3, 4, 4, 4, 3, 5, 4, 5, 4]"
The new geography tutor was charting every mountain that the easily distracted student mentioned.,4.0667,0.9543,60,"[4, 4, 4, 3, 4, 4, 4, 5, 4, 2, 5, 4, 5, 4, 4, 5, 5, 1, 5, 3, 3, 4, 2, 4, 5, 4, 5, 4, 5, 5, 4, 4, 4, 5, 4, 4, 4, 5, 5, 4, 3, 4, 4, 4, 5, 5, 4, 5, 5, 5, 4, 2, 4, 4, 5, 5, 4, 2, 2, 5]"
The new geography tutor was charting every mountain that the easily distracted student was charting.,3.6,0.9863,45,"[4, 3, 3, 3, 5, 5, 4, 4, 5, 4, 3, 2, 4, 2, 4, 3, 4, 4, 4, 4, 3, 3, 5, 3, 4, 5, 4, 4, 5, 4, 2, 4, 2, 3, 4, 3, 5, 2, 4, 2, 2, 4, 4, 2, 5]"
The new geography tutor was charting every mountain that the easily distracted student was.,3.1864,1.0251,59,"[4, 2, 3, 4, 4, 2, 2, 3, 4, 4, 5, 3, 3, 5, 3, 3, 3, 5, 2, 2, 5, 4, 2, 5, 4, 4, 2, 2, 4, 4, 4, 3, 4, 3, 3, 1, 3, 2, 4, 2, 3, 2, 2, 3, 3, 4, 3, 4, 2, 3, 2, 5, 2, 5, 3, 3, 3, 3, 2]"
The new geography tutor was charting the mountain that the easily distracted student charted.,3.4,1.2421,15,"[3, 4, 1, 4, 3, 4, 4, 4, 2, 3, 5, 4, 4, 1, 5]"
The new geography tutor was charting the mountain that the easily distracted student mentioned.,3.7833,1.1658,60,"[2, 4, 4, 3, 4, 3, 5, 5, 4, 5, 4, 2, 1, 4, 5, 5, 3, 2, 5, 2, 2, 5, 4, 4, 2, 5, 4, 3, 4, 2, 4, 5, 1, 5, 4, 4, 3, 5, 2, 4, 5, 3, 4, 4, 5, 5, 5, 4, 4, 3, 4, 5, 5, 5, 5, 5, 3, 3, 2, 4]"
The new geography tutor was charting the mountain that the easily distracted student was charting.,3.4444,1.0565,45,"[2, 3, 4, 4, 4, 4, 4, 3, 5, 3, 3, 5, 4, 4, 2, 3, 5, 4, 2, 4, 4, 3, 4, 3, 4, 5, 4, 1, 5, 4, 4, 3, 4, 3, 3, 2, 5, 2, 4, 1, 4, 3, 2, 2, 4]"
The new geography tutor was charting the mountain that the easily distracted student was.,2.7333,1.0229,60,"[3, 2, 2, 3, 2, 2, 4, 3, 4, 2, 2, 4, 4, 3, 2, 4, 2, 4, 2, 1, 4, 1, 2, 1, 4, 3, 2, 3, 3, 4, 2, 3, 3, 2, 2, 1, 4, 3, 4, 2, 4, 2, 2, 4, 4, 2, 4, 1, 2, 3, 3, 2, 4, 1, 4, 2, 2, 4, 4, 2]"
The newest modeling agency was interested in every girl that the beauty pageant committee recommended.,4.678,0.6808,59,"[5, 5, 5, 5, 4, 5, 5, 5, 5, 5, 5, 4, 5, 5, 5, 5, 5, 5, 5, 5, 5, 5, 3, 5, 5, 5, 4, 5, 5, 3, 5, 5, 5, 5, 5, 5, 5, 5, 5, 5, 5, 4, 4, 3, 5, 4, 5, 5, 5, 4, 5, 5, 5, 2, 5, 5, 5, 4, 3]"
The newest modeling agency was interested in every girl that the beauty pageant committee was interested in.,4.1,1.0528,60,"[3, 4, 5, 3, 5, 5, 5, 5, 5, 5, 4, 3, 5, 5, 4, 5, 5, 3, 5, 2, 4, 5, 4, 3, 5, 5, 5, 4, 5, 2, 3, 4, 4, 5, 4, 5, 2, 5, 2, 4, 5, 5, 4, 3, 5, 3, 5, 4, 5, 2, 4, 4, 5, 4, 5, 5, 3, 2, 2, 5]"
The newest modeling agency was interested in every girl that the beauty pageant committee was.,3.5085,1.2645,59,"[3, 5, 2, 3, 2, 4, 5, 4, 5, 2, 4, 3, 4, 5, 4, 4, 4, 2, 4, 4, 4, 5, 3, 3, 5, 3, 4, 5, 5, 1, 5, 2, 3, 5, 4, 3, 4, 3, 5, 2, 4, 1, 2, 4, 4, 5, 5, 2, 3, 2, 2, 4, 3, 5, 1, 5, 2, 1, 5]"
The newest modeling agency was interested in the girl that the beauty pageant committee recommended.,4.6949,0.5946,59,"[5, 5, 5, 4, 4, 5, 5, 2, 5, 5, 4, 4, 5, 4, 5, 5, 5, 4, 5, 5, 5, 5, 5, 5, 4, 5, 5, 4, 4, 5, 5, 5, 5, 5, 5, 4, 5, 4, 5, 5, 5, 5, 5, 5, 5, 5, 5, 5, 3, 5, 5, 5, 5, 5, 5, 4, 5, 5, 4]"
The newest modeling agency was interested in the girl that the beauty pageant committee was interested in.,3.8333,1.1072,60,"[4, 5, 5, 3, 4, 3, 4, 5, 4, 2, 3, 3, 3, 5, 4, 4, 5, 5, 3, 4, 5, 4, 2, 4, 5, 4, 5, 2, 5, 2, 4, 4, 4, 5, 3, 4, 3, 2, 5, 3, 3, 4, 5, 2, 4, 3, 2, 1, 5, 2, 5, 5, 5, 4, 5, 5, 4, 5, 3, 5]"
The newest modeling agency was interested in the girl that the beauty pageant committee was.,2.9333,1.3002,60,"[3, 2, 3, 4, 3, 5, 4, 4, 2, 5, 5, 4, 4, 2, 2, 1, 5, 2, 2, 3, 2, 1, 2, 2, 2, 4, 3, 2, 5, 4, 4, 1, 2, 3, 2, 5, 2, 4, 4, 4, 5, 2, 4, 4, 1, 2, 1, 3, 1, 3, 3, 5, 2, 1, 5, 3, 2, 3, 1, 2]"
The newly trained young nanny was avoiding every hazard that the unfortunately overprotective mother avoided.,3.3077,1.3775,13,"[2, 5, 2, 3, 5, 1, 3, 5, 4, 3, 3, 5, 2]"
The newly trained young nanny was avoiding every hazard that the unfortunately overprotective mother feared.,3.9655,1.0917,58,"[5, 4, 3, 3, 4, 5, 5, 2, 5, 4, 5, 4, 4, 5, 3, 3, 3, 5, 5, 5, 3, 5, 2, 5, 5, 5, 5, 4, 2, 5, 4, 4, 4, 2, 1, 4, 4, 3, 4, 5, 4, 3, 4, 2, 4, 4, 1, 4, 5, 5, 5, 4, 4, 4, 5, 5, 5, 4]"
The newly trained young nanny was avoiding every hazard that the unfortunately overprotective mother was avoiding.,3.3333,1.1871,45,"[4, 4, 4, 2, 5, 2, 5, 4, 5, 4, 3, 2, 1, 2, 3, 3, 4, 2, 5, 4, 4, 2, 4, 2, 2, 4, 4, 4, 4, 4, 2, 5, 2, 4, 3, 4, 4, 4, 4, 5, 4, 1, 2, 3, 1]"
The newly trained young nanny was avoiding every hazard that the unfortunately overprotective mother was.,2.9333,1.133,60,"[2, 3, 2, 1, 4, 2, 3, 4, 3, 3, 2, 3, 4, 3, 2, 3, 3, 2, 2, 4, 4, 3, 2, 2, 3, 4, 3, 4, 2, 5, 2, 5, 1, 2, 4, 4, 2, 4, 4, 5, 2, 2, 4, 4, 4, 4, 4, 4, 3, 1, 1, 3, 2, 5, 2, 4, 3, 2, 1, 1]"
The newly trained young nanny was avoiding the hazard that the unfortunately overprotective mother avoided.,2.8,1.0823,15,"[4, 2, 3, 2, 2, 4, 2, 2, 2, 2, 2, 5, 2, 4, 4]"
The newly trained young nanny was avoiding the hazard that the unfortunately overprotective mother feared.,3.65,1.102,60,"[4, 5, 5, 4, 2, 2, 4, 1, 5, 3, 4, 4, 5, 2, 4, 3, 3, 3, 4, 4, 5, 4, 2, 2, 5, 4, 4, 2, 5, 5, 4, 2, 3, 5, 2, 4, 4, 3, 2, 3, 4, 5, 3, 5, 3, 5, 3, 4, 4, 3, 2, 2, 5, 5, 5, 4, 4, 4, 4, 4]"
The newly trained young nanny was avoiding the hazard that the unfortunately overprotective mother was avoiding.,2.9333,1.1947,45,"[2, 3, 4, 2, 4, 3, 5, 3, 4, 2, 3, 3, 2, 3, 4, 4, 4, 3, 4, 2, 4, 2, 1, 1, 2, 3, 2, 1, 2, 3, 2, 2, 2, 2, 3, 5, 5, 1, 3, 1, 5, 4, 4, 3, 5]"
The newly trained young nanny was avoiding the hazard that the unfortunately overprotective mother was.,2.3333,1.2026,60,"[3, 2, 3, 4, 4, 2, 1, 3, 1, 5, 5, 1, 1, 2, 2, 1, 1, 3, 2, 2, 2, 1, 5, 1, 1, 2, 3, 3, 2, 4, 2, 2, 2, 3, 5, 2, 1, 1, 2, 2, 4, 3, 3, 5, 1, 2, 3, 2, 3, 4, 2, 2, 2, 1, 2, 1, 1, 1, 2, 2]"
The noticeably uninformed jeweler was writing about every gem that the frustratingly methodical geologist stole.,3.661,1.1388,59,"[4, 4, 5, 4, 2, 4, 4, 5, 4, 5, 3, 5, 3, 2, 3, 5, 2, 2, 3, 3, 3, 2, 4, 2, 3, 5, 2, 5, 4, 3, 4, 4, 5, 3, 5, 3, 5, 4, 1, 3, 4, 1, 5, 5, 4, 4, 4, 4, 4, 5, 3, 2, 4, 5, 5, 4, 2, 4, 5]"
The noticeably uninformed jeweler was writing about every gem that the frustratingly methodical geologist was writing about.,3.2727,1.0861,44,"[4, 3, 3, 4, 4, 2, 5, 3, 3, 3, 3, 1, 5, 4, 1, 4, 5, 3, 2, 4, 2, 4, 4, 2, 4, 3, 2, 4, 4, 2, 4, 3, 4, 4, 3, 5, 2, 2, 4, 4, 3, 2, 2, 5]"
The noticeably uninformed jeweler was writing about every gem that the frustratingly methodical geologist was.,3.0847,1.2358,59,"[5, 3, 3, 3, 3, 2, 4, 5, 3, 4, 5, 4, 4, 1, 1, 4, 1, 5, 4, 3, 4, 1, 4, 4, 2, 3, 2, 1, 2, 2, 3, 3, 4, 3, 1, 5, 4, 2, 3, 2, 1, 2, 3, 5, 3, 3, 3, 1, 3, 4, 2, 3, 4, 5, 3, 4, 4, 5, 2]"
The noticeably uninformed jeweler was writing about every gem that the frustratingly methodical geologist wrote about.,3.2,1.2071,15,"[2, 4, 5, 4, 2, 2, 4, 5, 1, 3, 2, 3, 4, 4, 3]"
The noticeably uninformed jeweler was writing about the gem that the frustratingly methodical geologist stole.,3.4915,1.318,59,"[4, 4, 5, 3, 1, 3, 5, 2, 5, 2, 3, 5, 4, 5, 4, 1, 4, 2, 5, 3, 2, 2, 4, 2, 3, 5, 4, 3, 5, 1, 4, 5, 4, 5, 4, 3, 2, 3, 2, 4, 5, 1, 4, 2, 4, 4, 5, 5, 5, 5, 5, 4, 4, 2, 5, 3, 3, 2, 1]"
The noticeably uninformed jeweler was writing about the gem that the frustratingly methodical geologist was writing about.,3.1333,1.2541,45,"[2, 1, 4, 2, 1, 2, 2, 3, 2, 3, 3, 5, 3, 4, 2, 5, 4, 4, 2, 2, 4, 2, 4, 1, 2, 5, 4, 5, 5, 4, 4, 3, 2, 3, 1, 2, 5, 4, 4, 3, 5, 4, 4, 3, 2]"
The noticeably uninformed jeweler was writing about the gem that the frustratingly methodical geologist was.,2.6167,0.9931,60,"[4, 2, 1, 3, 1, 3, 4, 4, 4, 2, 3, 4, 2, 3, 3, 4, 2, 4, 2, 1, 4, 1, 2, 2, 3, 3, 2, 3, 3, 3, 4, 2, 3, 2, 2, 1, 1, 4, 2, 2, 4, 2, 1, 3, 2, 1, 3, 2, 2, 3, 3, 3, 4, 2, 4, 2, 3, 2, 4, 2]"
The noticeably uninformed jeweler was writing about the gem that the frustratingly methodical geologist wrote about.,3.2857,1.1387,14,"[2, 5, 2, 4, 2, 4, 4, 2, 3, 4, 4, 2, 5, 3]"
The overly desperate accountant was looking up every statement that the anxious tax payer hid.,4.1552,1.1208,58,"[2, 5, 5, 3, 4, 5, 1, 5, 5, 5, 3, 5, 4, 5, 4, 3, 3, 5, 4, 5, 4, 4, 1, 5, 5, 3, 5, 3, 5, 4, 5, 5, 4, 5, 3, 5, 2, 5, 5, 5, 4, 4, 5, 4, 5, 5, 5, 2, 4, 5, 5, 5, 5, 5, 4, 3, 2, 5]"
The overly desperate accountant was looking up every statement that the anxious tax payer looked up.,3.8,1.0823,15,"[3, 5, 3, 4, 5, 4, 5, 4, 2, 2, 5, 3, 4, 3, 5]"
The overly desperate accountant was looking up every statement that the anxious tax payer was looking up.,3.5116,1.0992,43,"[3, 4, 4, 4, 3, 2, 4, 4, 4, 3, 4, 4, 4, 4, 2, 4, 2, 2, 5, 2, 4, 5, 5, 5, 4, 4, 5, 4, 4, 2, 4, 2, 4, 1, 5, 4, 4, 4, 2, 3, 3, 1, 4]"
The overly desperate accountant was looking up every statement that the anxious tax payer was.,3.0,1.0667,59,"[4, 4, 1, 3, 3, 5, 2, 4, 4, 3, 4, 4, 3, 4, 5, 3, 2, 4, 2, 2, 4, 1, 2, 2, 3, 4, 2, 3, 3, 3, 3, 3, 3, 1, 4, 2, 2, 4, 2, 3, 4, 2, 3, 1, 5, 2, 4, 2, 2, 3, 5, 3, 4, 2, 4, 2, 4, 3, 2]"
The overly desperate accountant was looking up the statement that the anxious tax payer hid.,4.1833,1.0332,60,"[4, 5, 5, 3, 2, 3, 5, 5, 4, 3, 1, 5, 3, 5, 4, 4, 4, 5, 4, 4, 4, 4, 1, 5, 5, 4, 5, 4, 5, 5, 4, 4, 5, 5, 2, 5, 4, 5, 5, 5, 3, 5, 5, 4, 5, 4, 4, 5, 3, 5, 5, 4, 5, 5, 5, 5, 4, 4, 2, 5]"
The overly desperate accountant was looking up the statement that the anxious tax payer looked up.,2.8667,1.1255,15,"[2, 2, 4, 2, 2, 2, 4, 3, 3, 3, 2, 1, 4, 5, 4]"
The overly desperate accountant was looking up the statement that the anxious tax payer was looking up.,3.093,1.0423,43,"[4, 2, 4, 4, 2, 4, 3, 5, 4, 3, 1, 3, 4, 4, 2, 3, 3, 3, 2, 2, 2, 4, 2, 4, 5, 2, 5, 2, 2, 3, 2, 3, 3, 3, 5, 2, 4, 4, 4, 3, 2, 3, 2]"
The overly desperate accountant was looking up the statement that the anxious tax payer was.,3.0508,1.3186,59,"[4, 2, 3, 2, 4, 4, 2, 5, 4, 4, 5, 3, 4, 3, 1, 2, 1, 5, 5, 4, 4, 2, 3, 5, 1, 4, 2, 4, 2, 2, 2, 2, 4, 5, 4, 5, 1, 2, 5, 2, 3, 2, 3, 4, 3, 1, 2, 1, 1, 5, 2, 2, 3, 4, 5, 4, 3, 2, 2]"
The overwhelmed teenage babysitter was playing with every crayon that the very cheerful child hid.,3.65,1.1472,60,"[2, 3, 3, 4, 4, 4, 2, 4, 5, 4, 3, 4, 2, 5, 5, 2, 4, 2, 4, 4, 4, 5, 5, 3, 4, 3, 3, 4, 2, 4, 2, 5, 5, 3, 3, 5, 3, 5, 3, 3, 5, 4, 5, 5, 3, 5, 5, 1, 5, 4, 5, 3, 1, 5, 4, 2, 3, 4, 4, 2]"
The overwhelmed teenage babysitter was playing with every crayon that the very cheerful child played with.,3.7333,1.0998,15,"[4, 2, 4, 5, 4, 4, 1, 4, 3, 4, 4, 4, 3, 5, 5]"
The overwhelmed teenage babysitter was playing with every crayon that the very cheerful child was playing with.,3.6444,0.8831,45,"[4, 4, 5, 4, 5, 5, 4, 4, 4, 3, 4, 2, 3, 4, 5, 3, 4, 3, 4, 4, 4, 2, 4, 3, 4, 4, 4, 2, 5, 4, 4, 4, 3, 3, 4, 4, 3, 2, 2, 4, 5, 4, 3, 2, 3]"
The overwhelmed teenage babysitter was playing with every crayon that the very cheerful child was.,3.3333,1.1149,60,"[3, 4, 4, 3, 2, 3, 5, 5, 4, 2, 3, 3, 3, 2, 4, 2, 5, 1, 3, 4, 1, 3, 1, 4, 4, 2, 4, 2, 1, 4, 4, 2, 4, 4, 3, 3, 4, 4, 2, 5, 3, 4, 4, 4, 5, 4, 2, 5, 4, 4, 3, 5, 2, 4, 3, 5, 4, 3, 3, 3]"
The overwhelmed teenage babysitter was playing with the crayon that the very cheerful child hid.,3.3167,1.2142,60,"[3, 3, 3, 4, 3, 4, 4, 3, 4, 5, 5, 5, 2, 5, 5, 5, 5, 5, 4, 2, 2, 3, 2, 1, 2, 3, 2, 3, 5, 1, 3, 5, 3, 3, 5, 2, 3, 5, 2, 3, 2, 2, 3, 4, 3, 2, 2, 3, 5, 4, 2, 5, 2, 3, 2, 4, 3, 4, 2, 5]"
The overwhelmed teenage babysitter was playing with the crayon that the very cheerful child played with.,3.9333,1.0328,15,"[4, 3, 1, 5, 5, 5, 4, 4, 4, 4, 4, 4, 4, 3, 5]"
The overwhelmed teenage babysitter was playing with the crayon that the very cheerful child was playing with.,3.4545,1.2842,44,"[5, 4, 2, 3, 4, 5, 4, 3, 4, 5, 4, 1, 5, 1, 5, 3, 4, 5, 2, 2, 5, 2, 4, 5, 4, 2, 4, 3, 4, 3, 5, 3, 2, 5, 2, 2, 5, 1, 4, 4, 2, 2, 4, 4]"
The overwhelmed teenage babysitter was playing with the crayon that the very cheerful child was.,3.0167,1.2821,60,"[2, 4, 2, 2, 5, 2, 4, 2, 4, 2, 2, 2, 4, 5, 4, 5, 4, 2, 2, 1, 1, 3, 2, 4, 5, 2, 2, 1, 4, 3, 2, 2, 2, 2, 2, 5, 2, 2, 2, 4, 4, 5, 4, 2, 5, 2, 3, 4, 3, 1, 2, 4, 4, 4, 5, 5, 2, 2, 3, 5]"
The overworked medical intern was stressing out every resident that the bossy head nurse stressed out.,3.2,1.2649,15,"[5, 3, 2, 4, 2, 2, 5, 4, 2, 5, 4, 2, 4, 2, 2]"
The overworked medical intern was stressing out every resident that the bossy head nurse upset.,3.678,1.2379,59,"[4, 5, 3, 1, 2, 5, 5, 1, 5, 5, 5, 4, 2, 2, 2, 5, 3, 5, 2, 5, 4, 5, 3, 4, 5, 3, 5, 3, 4, 4, 4, 4, 5, 2, 5, 4, 1, 4, 4, 4, 4, 2, 3, 4, 4, 4, 2, 4, 3, 5, 3, 5, 3, 5, 1, 4, 5, 4, 4]"
The overworked medical intern was stressing out every resident that the bossy head nurse was stressing out.,3.5111,1.1604,45,"[3, 4, 4, 3, 4, 2, 5, 4, 4, 5, 3, 2, 2, 1, 2, 2, 4, 2, 4, 4, 5, 2, 5, 2, 4, 5, 3, 4, 4, 5, 2, 5, 5, 4, 3, 3, 4, 5, 4, 4, 5, 2, 2, 3, 4]"
The overworked medical intern was stressing out every resident that the bossy head nurse was.,3.0169,1.0585,59,"[2, 3, 4, 1, 3, 2, 3, 4, 5, 2, 2, 2, 4, 4, 2, 4, 3, 2, 3, 2, 4, 3, 2, 3, 3, 4, 3, 2, 5, 3, 3, 5, 1, 2, 4, 3, 2, 4, 3, 5, 2, 4, 4, 4, 4, 4, 3, 4, 1, 2, 2, 2, 3, 3, 4, 3, 4, 1, 3]"
The overworked medical intern was stressing out the resident that the bossy head nurse stressed out.,2.8,1.1464,15,"[4, 3, 1, 2, 2, 3, 3, 1, 2, 5, 3, 4, 2, 4, 3]"
The overworked medical intern was stressing out the resident that the bossy head nurse upset.,3.5833,1.0623,60,"[3, 5, 4, 4, 2, 3, 4, 4, 5, 4, 4, 5, 4, 4, 1, 3, 5, 3, 3, 4, 4, 4, 4, 3, 1, 5, 3, 3, 2, 3, 5, 5, 3, 2, 2, 4, 3, 4, 2, 4, 2, 5, 3, 4, 4, 4, 4, 5, 5, 4, 3, 5, 5, 4, 3, 4, 3, 2, 2, 4]"
The overworked medical intern was stressing out the resident that the bossy head nurse was stressing out.,3.0889,1.2399,45,"[4, 2, 4, 3, 4, 3, 4, 4, 4, 2, 4, 4, 4, 5, 2, 4, 3, 2, 5, 4, 3, 1, 2, 4, 1, 3, 2, 1, 1, 4, 2, 2, 2, 2, 2, 5, 3, 2, 3, 5, 4, 4, 5, 1, 4]"
The overworked medical intern was stressing out the resident that the bossy head nurse was.,2.0,1.1047,60,"[2, 1, 2, 2, 2, 3, 4, 2, 2, 3, 2, 1, 1, 2, 1, 1, 4, 2, 1, 3, 1, 1, 5, 1, 1, 2, 1, 2, 4, 3, 2, 2, 4, 2, 2, 1, 1, 2, 2, 3, 2, 2, 2, 5, 1, 1, 3, 2, 1, 2, 2, 5, 1, 1, 1, 1, 1, 1, 1, 2]"
The passionate young teacher was supporting every student that the rather pessimistic principal identified.,4.1525,0.8472,59,"[4, 5, 4, 3, 4, 5, 4, 4, 5, 5, 5, 4, 4, 5, 5, 4, 3, 5, 4, 5, 5, 5, 4, 5, 5, 5, 5, 4, 4, 5, 4, 4, 4, 4, 2, 5, 3, 4, 4, 4, 4, 4, 4, 4, 2, 4, 3, 4, 3, 5, 4, 1, 5, 4, 4, 4, 5, 5, 4]"
The passionate young teacher was supporting every student that the rather pessimistic principal supported.,3.8,1.1464,15,"[3, 5, 2, 5, 3, 3, 5, 4, 3, 2, 5, 5, 4, 5, 3]"
The passionate young teacher was supporting every student that the rather pessimistic principal was supporting.,3.8182,1.1263,44,"[4, 4, 2, 4, 4, 5, 5, 5, 5, 1, 3, 3, 4, 3, 2, 5, 3, 5, 4, 5, 2, 5, 2, 3, 5, 5, 4, 4, 3, 3, 5, 4, 5, 4, 4, 4, 5, 4, 5, 4, 2, 2, 3, 5]"
The passionate young teacher was supporting every student that the rather pessimistic principal was.,2.9661,1.1739,59,"[2, 3, 2, 1, 3, 2, 2, 2, 3, 1, 3, 4, 4, 2, 3, 4, 2, 3, 2, 2, 3, 5, 2, 3, 2, 3, 4, 5, 2, 2, 5, 2, 2, 4, 3, 3, 5, 5, 1, 2, 1, 5, 4, 4, 4, 3, 1, 4, 3, 4, 3, 2, 3, 5, 4, 4, 2, 2, 4]"
The passionate young teacher was supporting the student that the rather pessimistic principal identified.,4.0333,0.9382,60,"[4, 5, 5, 4, 4, 5, 4, 4, 5, 4, 3, 4, 3, 3, 5, 5, 5, 4, 4, 5, 2, 4, 4, 3, 5, 5, 4, 3, 4, 4, 5, 4, 4, 5, 4, 5, 4, 4, 5, 5, 4, 4, 4, 5, 4, 5, 4, 3, 5, 2, 3, 4, 1, 4, 5, 4, 2, 2, 4, 5]"
The passionate young teacher was supporting the student that the rather pessimistic principal supported.,3.6,1.4041,15,"[4, 5, 3, 5, 4, 5, 3, 1, 5, 4, 4, 5, 2, 1, 3]"
The passionate young teacher was supporting the student that the rather pessimistic principal was supporting.,3.3333,1.0225,45,"[2, 4, 5, 3, 4, 3, 2, 5, 2, 2, 4, 4, 2, 3, 3, 3, 2, 3, 4, 3, 4, 3, 4, 1, 4, 2, 4, 4, 4, 3, 2, 3, 4, 2, 4, 4, 4, 3, 4, 3, 5, 4, 5, 2, 5]"
The passionate young teacher was supporting the student that the rather pessimistic principal was.,2.6949,1.1634,59,"[4, 2, 3, 3, 4, 4, 3, 4, 4, 4, 1, 3, 2, 2, 1, 2, 3, 2, 2, 2, 1, 5, 2, 2, 4, 4, 4, 4, 4, 2, 2, 4, 3, 4, 1, 1, 2, 2, 4, 4, 2, 3, 3, 2, 2, 3, 3, 1, 2, 5, 5, 2, 2, 2, 1, 2, 1, 1, 3]"
The poor graduate student was applying for every job that the recently graduated technician applied for.,3.8,1.0823,15,"[4, 5, 2, 4, 4, 5, 4, 2, 4, 3, 5, 4, 4, 2, 5]"
The poor graduate student was applying for every job that the recently graduated technician took.,3.4333,1.3067,60,"[4, 4, 5, 3, 3, 3, 5, 5, 5, 3, 1, 1, 4, 5, 2, 5, 5, 3, 4, 2, 5, 5, 2, 2, 3, 5, 2, 3, 3, 2, 4, 4, 4, 4, 2, 5, 2, 5, 2, 3, 5, 5, 3, 4, 2, 1, 5, 4, 4, 3, 2, 4, 4, 1, 5, 4, 5, 2, 2, 2]"
The poor graduate student was applying for every job that the recently graduated technician was applying for.,3.9111,1.0185,45,"[2, 3, 5, 5, 2, 4, 4, 4, 5, 4, 2, 4, 4, 4, 5, 5, 5, 5, 3, 5, 2, 4, 5, 3, 3, 5, 3, 5, 5, 4, 4, 4, 5, 3, 5, 2, 5, 4, 4, 4, 4, 4, 2, 3, 4]"
The poor graduate student was applying for every job that the recently graduated technician was.,3.5254,1.1197,59,"[4, 4, 3, 4, 3, 4, 2, 5, 4, 4, 4, 5, 5, 4, 5, 5, 2, 2, 2, 4, 1, 2, 3, 4, 4, 2, 4, 3, 4, 4, 2, 5, 4, 4, 2, 3, 4, 3, 3, 5, 3, 3, 1, 5, 4, 5, 1, 4, 5, 4, 3, 4, 4, 4, 2, 3, 3, 5, 4]"
The poor graduate student was applying for the job that the recently graduated technician applied for.,3.6667,0.9759,15,"[2, 3, 5, 4, 4, 3, 5, 2, 3, 4, 3, 4, 4, 5, 4]"
The poor graduate student was applying for the job that the recently graduated technician took.,3.8475,1.0474,59,"[4, 4, 5, 3, 2, 4, 5, 5, 3, 5, 4, 5, 4, 5, 2, 5, 4, 4, 5, 4, 5, 4, 2, 3, 2, 4, 4, 4, 4, 5, 4, 4, 5, 3, 4, 4, 4, 2, 4, 1, 4, 5, 5, 4, 2, 5, 5, 3, 3, 5, 3, 3, 4, 5, 4, 2, 3, 3, 5]"
The poor graduate student was applying for the job that the recently graduated technician was applying for.,3.6667,1.1481,45,"[4, 2, 3, 2, 5, 4, 5, 4, 5, 5, 5, 4, 4, 5, 5, 2, 4, 5, 4, 2, 2, 3, 4, 4, 4, 5, 3, 4, 4, 2, 2, 4, 3, 1, 4, 3, 5, 2, 4, 5, 4, 2, 4, 3, 5]"
The poor graduate student was applying for the job that the recently graduated technician was.,3.1034,1.2095,58,"[5, 2, 3, 4, 4, 3, 2, 4, 3, 2, 3, 3, 4, 1, 3, 4, 1, 5, 5, 4, 4, 3, 3, 4, 4, 2, 2, 2, 2, 2, 3, 3, 1, 2, 5, 1, 2, 5, 3, 2, 3, 3, 5, 1, 3, 4, 4, 2, 2, 2, 5, 3, 5, 3, 5, 4, 2, 4]"
The powerful company president was reading over every document that the newly hired assistant read over.,3.8667,1.1255,15,"[4, 5, 4, 4, 5, 4, 4, 1, 5, 5, 4, 4, 2, 3, 4]"
The powerful company president was reading over every document that the newly hired assistant stamped.,4.5763,0.6487,59,"[5, 5, 5, 5, 5, 5, 5, 5, 5, 5, 4, 4, 3, 4, 5, 5, 5, 4, 5, 5, 4, 3, 5, 4, 4, 5, 4, 3, 4, 5, 5, 5, 4, 5, 4, 5, 4, 5, 5, 5, 5, 5, 3, 5, 5, 5, 5, 5, 5, 3, 5, 5, 5, 5, 5, 4, 4, 5, 4]"
The powerful company president was reading over every document that the newly hired assistant was reading over.,3.8,0.9677,45,"[2, 4, 4, 4, 3, 4, 2, 5, 4, 4, 4, 4, 5, 2, 3, 4, 4, 4, 5, 4, 4, 4, 4, 4, 4, 4, 4, 1, 2, 4, 5, 2, 4, 4, 4, 5, 3, 4, 5, 3, 4, 5, 5, 3, 5]"
The powerful company president was reading over every document that the newly hired assistant was.,3.1695,1.2339,59,"[5, 1, 2, 4, 2, 4, 4, 5, 4, 3, 5, 5, 3, 2, 2, 1, 4, 2, 4, 3, 1, 5, 2, 2, 3, 4, 4, 4, 4, 4, 3, 4, 3, 4, 4, 2, 2, 3, 4, 4, 2, 4, 5, 2, 3, 4, 4, 1, 2, 3, 5, 2, 1, 5, 1, 2, 4, 3, 3]"
The powerful company president was reading over the document that the newly hired assistant read over.,4.0667,1.0328,15,"[5, 4, 4, 5, 2, 3, 5, 4, 4, 5, 5, 4, 4, 5, 2]"
The powerful company president was reading over the document that the newly hired assistant stamped.,4.4068,0.8534,59,"[5, 5, 4, 5, 1, 5, 5, 3, 5, 5, 5, 4, 4, 5, 4, 4, 4, 5, 4, 5, 5, 4, 5, 5, 5, 3, 5, 5, 5, 5, 4, 5, 5, 5, 5, 5, 5, 4, 4, 4, 5, 5, 4, 4, 4, 4, 3, 3, 5, 5, 4, 5, 5, 5, 3, 4, 5, 5, 2]"
The powerful company president was reading over the document that the newly hired assistant was reading over.,3.7333,1.1947,45,"[3, 4, 2, 4, 4, 4, 5, 5, 4, 4, 4, 4, 3, 1, 3, 2, 4, 5, 4, 4, 5, 2, 5, 2, 2, 5, 5, 4, 2, 5, 5, 5, 4, 5, 3, 2, 4, 5, 5, 4, 5, 3, 3, 1, 4]"
The powerful company president was reading over the document that the newly hired assistant was.,3.0333,1.0887,60,"[2, 3, 4, 1, 3, 2, 3, 4, 2, 3, 3, 4, 4, 4, 2, 4, 4, 1, 2, 5, 4, 4, 4, 3, 3, 3, 3, 2, 2, 4, 2, 5, 2, 2, 3, 2, 2, 5, 3, 5, 2, 4, 4, 4, 4, 4, 3, 1, 2, 3, 4, 2, 4, 2, 3, 2, 4, 2, 1, 4]"
The rather confused pharmacist was mixing up every prescription that the somewhat whiny clerk filled.,3.7667,1.1842,60,"[2, 5, 5, 4, 4, 3, 3, 4, 1, 4, 2, 5, 3, 5, 5, 3, 4, 4, 4, 3, 4, 5, 4, 3, 4, 4, 4, 5, 1, 4, 5, 5, 4, 4, 4, 5, 3, 4, 1, 1, 5, 4, 5, 5, 4, 4, 4, 4, 5, 4, 2, 5, 4, 5, 4, 3, 2, 1, 4, 5]"
The rather confused pharmacist was mixing up every prescription that the somewhat whiny clerk mixed up.,3.6667,0.9759,15,"[5, 4, 3, 5, 4, 4, 2, 4, 2, 4, 4, 4, 2, 4, 4]"
The rather confused pharmacist was mixing up every prescription that the somewhat whiny clerk was mixing up.,3.0667,0.9863,45,"[3, 3, 5, 4, 3, 4, 4, 5, 3, 2, 4, 4, 3, 3, 3, 1, 4, 3, 3, 2, 1, 2, 4, 3, 3, 4, 3, 2, 4, 3, 3, 2, 2, 2, 2, 3, 2, 4, 3, 4, 4, 2, 3, 2, 5]"
The rather confused pharmacist was mixing up every prescription that the somewhat whiny clerk was.,2.6333,1.1042,60,"[3, 4, 4, 2, 1, 3, 2, 2, 2, 2, 4, 4, 3, 1, 4, 2, 1, 2, 2, 2, 5, 2, 1, 2, 4, 2, 2, 2, 1, 3, 3, 2, 3, 5, 3, 2, 2, 2, 1, 2, 3, 2, 2, 4, 5, 3, 2, 2, 2, 3, 1, 2, 2, 4, 4, 5, 4, 3, 3, 3]"
The rather confused pharmacist was mixing up the prescription that the somewhat whiny clerk filled.,3.7333,1.0555,60,"[4, 2, 3, 4, 4, 3, 5, 5, 5, 4, 5, 2, 2, 5, 5, 4, 5, 4, 4, 3, 3, 2, 4, 4, 2, 2, 3, 5, 4, 3, 2, 5, 3, 4, 4, 4, 3, 5, 4, 2, 5, 3, 3, 5, 5, 3, 4, 5, 5, 4, 3, 5, 4, 2, 4, 4, 4, 2, 3, 5]"
The rather confused pharmacist was mixing up the prescription that the somewhat whiny clerk mixed up.,3.2143,1.0509,14,"[3, 2, 5, 4, 5, 3, 3, 2, 4, 2, 3, 4, 2, 3]"
The rather confused pharmacist was mixing up the prescription that the somewhat whiny clerk was mixing up.,2.6818,1.1568,44,"[2, 2, 2, 2, 3, 2, 4, 5, 3, 2, 4, 2, 2, 1, 3, 3, 2, 3, 1, 3, 5, 2, 4, 5, 1, 2, 1, 3, 3, 4, 2, 1, 1, 4, 4, 2, 4, 2, 4, 3, 2, 4, 2, 2]"
The rather confused pharmacist was mixing up the prescription that the somewhat whiny clerk was.,2.5254,1.135,59,"[2, 4, 2, 2, 3, 2, 4, 1, 3, 1, 2, 3, 2, 5, 4, 3, 2, 2, 1, 2, 2, 4, 3, 1, 2, 2, 2, 4, 1, 2, 2, 1, 2, 2, 3, 2, 2, 2, 2, 2, 4, 4, 2, 4, 1, 1, 3, 3, 1, 1, 4, 5, 4, 4, 4, 1, 3, 3, 4]"
The renowned dessert chef was pleased with every dish that the foolish Italian busboy ate.,3.8983,1.0779,59,"[2, 4, 2, 4, 4, 1, 2, 4, 5, 4, 3, 5, 3, 5, 5, 4, 5, 3, 5, 4, 5, 4, 4, 3, 4, 4, 4, 4, 1, 5, 5, 5, 5, 3, 5, 4, 2, 4, 3, 4, 5, 5, 5, 5, 4, 5, 4, 2, 2, 4, 4, 4, 5, 4, 4, 3, 4, 5, 4]"
The renowned dessert chef was pleased with every dish that the foolish Italian busboy was pleased with.,3.6552,0.9652,58,"[5, 5, 5, 4, 4, 3, 4, 4, 4, 4, 5, 4, 3, 5, 4, 3, 4, 5, 4, 4, 2, 2, 3, 2, 4, 3, 2, 5, 5, 4, 3, 5, 3, 2, 4, 4, 3, 3, 4, 5, 2, 4, 4, 5, 2, 4, 3, 4, 2, 3, 4, 2, 3, 4, 4, 3, 4, 4]"
The renowned dessert chef was pleased with every dish that the foolish Italian busboy was.,2.6167,1.0266,60,"[3, 3, 4, 1, 2, 3, 2, 4, 4, 2, 3, 3, 3, 4, 4, 2, 4, 3, 2, 2, 1, 4, 1, 4, 5, 3, 1, 2, 1, 2, 3, 3, 3, 4, 2, 3, 3, 1, 1, 2, 1, 2, 2, 4, 2, 4, 3, 1, 3, 3, 2, 2, 2, 4, 2, 3, 2, 3, 2, 3]"
The renowned dessert chef was pleased with the dish that the foolish Italian busboy ate.,4.0508,1.0574,59,"[4, 2, 4, 5, 5, 4, 4, 5, 5, 5, 5, 4, 4, 5, 3, 2, 5, 2, 4, 4, 5, 5, 5, 4, 2, 4, 5, 4, 4, 4, 5, 2, 3, 5, 5, 4, 5, 5, 4, 5, 3, 3, 5, 5, 5, 5, 4, 1, 4, 3, 5, 3, 4, 2, 4, 5, 4, 3, 5]"
The renowned dessert chef was pleased with the dish that the foolish Italian busboy was pleased with.,3.2241,1.1704,58,"[5, 3, 2, 4, 3, 2, 4, 3, 2, 2, 5, 1, 4, 4, 2, 4, 5, 4, 5, 5, 4, 3, 2, 2, 2, 4, 2, 2, 5, 3, 2, 5, 2, 4, 5, 2, 4, 5, 2, 3, 2, 4, 1, 4, 2, 2, 4, 3, 2, 4, 3, 4, 3, 4, 4, 2, 3, 4]"
The renowned dessert chef was pleased with the dish that the foolish Italian busboy was.,2.3,0.9794,60,"[3, 4, 1, 2, 2, 2, 4, 1, 3, 1, 2, 3, 4, 2, 2, 4, 3, 2, 2, 1, 2, 1, 2, 2, 3, 2, 2, 2, 3, 2, 1, 2, 1, 2, 2, 4, 2, 2, 2, 2, 1, 4, 2, 2, 4, 1, 2, 2, 3, 2, 1, 4, 4, 4, 2, 2, 1, 2, 2, 4]"
The rotund circus ringmaster was pointing out every elephant that the specialized animal trainer chose.,3.9667,1.2346,60,"[4, 4, 4, 3, 5, 5, 5, 5, 3, 4, 1, 3, 3, 2, 5, 5, 5, 3, 5, 4, 3, 5, 5, 2, 5, 5, 4, 4, 4, 2, 2, 4, 5, 5, 2, 5, 2, 5, 2, 5, 5, 4, 5, 2, 5, 5, 5, 5, 5, 2, 4, 5, 5, 5, 5, 5, 4, 3, 1, 4]"
The rotund circus ringmaster was pointing out every elephant that the specialized animal trainer pointed out.,3.4667,0.9155,15,"[3, 4, 2, 2, 4, 4, 4, 4, 3, 3, 5, 4, 4, 2, 4]"
The rotund circus ringmaster was pointing out every elephant that the specialized animal trainer was pointing out.,3.5227,1.2665,44,"[2, 3, 4, 5, 1, 2, 5, 4, 4, 4, 5, 4, 4, 5, 5, 5, 4, 2, 5, 3, 2, 3, 2, 5, 5, 5, 3, 5, 4, 4, 3, 1, 2, 4, 1, 5, 4, 4, 4, 3, 3, 3, 2, 2]"
The rotund circus ringmaster was pointing out every elephant that the specialized animal trainer was.,2.9153,1.0714,59,"[3, 2, 2, 3, 1, 3, 3, 4, 3, 4, 4, 5, 4, 4, 4, 3, 4, 2, 1, 4, 1, 2, 2, 4, 2, 2, 3, 3, 4, 4, 4, 3, 2, 1, 1, 3, 4, 3, 3, 4, 2, 2, 3, 5, 2, 4, 1, 3, 2, 3, 4, 4, 1, 4, 2, 3, 3, 3, 3]"
The rotund circus ringmaster was pointing out the elephant that the specialized animal trainer chose.,4.1333,0.9472,60,"[4, 4, 5, 4, 4, 3, 4, 5, 4, 5, 4, 5, 3, 4, 5, 4, 5, 3, 5, 5, 5, 4, 2, 4, 5, 2, 5, 5, 5, 5, 4, 4, 4, 4, 4, 5, 3, 5, 4, 4, 2, 4, 4, 5, 5, 5, 5, 2, 4, 2, 5, 3, 2, 5, 4, 5, 4, 5, 4, 5]"
The rotund circus ringmaster was pointing out the elephant that the specialized animal trainer pointed out.,3.5333,0.7432,15,"[4, 4, 3, 4, 4, 3, 4, 4, 3, 3, 2, 4, 3, 5, 3]"
The rotund circus ringmaster was pointing out the elephant that the specialized animal trainer was pointing out.,3.2222,1.1656,45,"[4, 2, 3, 3, 4, 3, 5, 4, 4, 4, 3, 2, 4, 5, 4, 3, 4, 3, 3, 4, 2, 2, 5, 2, 4, 5, 2, 4, 5, 2, 2, 1, 2, 2, 4, 4, 5, 1, 4, 4, 2, 2, 2, 2, 4]"
The rotund circus ringmaster was pointing out the elephant that the specialized animal trainer was.,2.7333,1.326,60,"[2, 2, 3, 3, 4, 3, 1, 5, 4, 5, 5, 3, 4, 1, 1, 2, 1, 1, 5, 2, 4, 1, 2, 5, 2, 1, 3, 1, 2, 2, 2, 2, 2, 4, 3, 5, 1, 2, 4, 4, 2, 2, 3, 2, 5, 1, 2, 3, 2, 4, 2, 4, 2, 4, 5, 3, 4, 2, 1, 2]"
The secretly unethical firm was wearing down every intern that the small nonprofit organization interviewed.,4.1017,0.9772,59,"[3, 5, 5, 4, 3, 5, 2, 5, 4, 2, 2, 2, 4, 4, 5, 5, 4, 5, 4, 5, 4, 5, 3, 4, 5, 4, 3, 5, 5, 5, 5, 3, 4, 4, 4, 3, 5, 4, 5, 4, 5, 5, 5, 4, 5, 5, 3, 5, 2, 5, 3, 5, 5, 5, 4, 3, 4, 3, 4]"
The secretly unethical firm was wearing down every intern that the small nonprofit organization was wearing down.,3.1591,1.0771,44,"[4, 4, 4, 3, 2, 3, 5, 2, 4, 4, 2, 4, 2, 4, 2, 3, 3, 2, 5, 2, 4, 3, 2, 4, 2, 2, 3, 2, 2, 3, 1, 4, 4, 3, 5, 3, 3, 4, 2, 4, 3, 5, 2, 5]"
The secretly unethical firm was wearing down every intern that the small nonprofit organization was.,2.4833,1.2002,60,"[4, 2, 2, 3, 1, 3, 4, 4, 3, 5, 3, 2, 2, 2, 1, 1, 4, 3, 1, 2, 2, 1, 5, 2, 1, 2, 2, 4, 4, 2, 2, 2, 3, 2, 2, 2, 1, 4, 2, 4, 4, 2, 1, 5, 2, 1, 4, 1, 4, 2, 2, 4, 2, 1, 2, 4, 1, 1, 2, 3]"
The secretly unethical firm was wearing down every intern that the small nonprofit organization wore down.,2.6,1.2421,15,"[4, 2, 4, 5, 2, 3, 1, 1, 3, 1, 3, 2, 2, 4, 2]"
The secretly unethical firm was wearing down the intern that the small nonprofit organization interviewed.,3.7966,1.1858,59,"[5, 4, 4, 2, 3, 4, 5, 2, 5, 5, 4, 3, 2, 4, 3, 4, 5, 3, 5, 5, 5, 4, 4, 5, 5, 5, 2, 3, 5, 4, 5, 5, 2, 4, 4, 5, 5, 4, 1, 3, 4, 3, 4, 4, 3, 2, 2, 2, 5, 2, 4, 5, 5, 2, 3, 5, 5, 5, 2]"
The secretly unethical firm was wearing down the intern that the small nonprofit organization was wearing down.,2.8889,1.3007,45,"[3, 4, 2, 2, 5, 1, 3, 1, 4, 4, 3, 2, 1, 1, 2, 2, 3, 1, 4, 4, 5, 1, 4, 2, 3, 4, 3, 4, 4, 4, 2, 5, 4, 4, 3, 3, 2, 5, 2, 2, 5, 1, 2, 3, 1]"
The secretly unethical firm was wearing down the intern that the small nonprofit organization was.,2.0517,0.9445,58,"[2, 1, 1, 3, 2, 3, 2, 4, 1, 1, 3, 3, 2, 2, 2, 4, 2, 2, 2, 2, 2, 2, 3, 2, 3, 1, 1, 1, 2, 4, 1, 2, 3, 1, 1, 3, 3, 3, 1, 1, 1, 2, 4, 4, 1, 1, 1, 1, 1, 2, 2, 2, 3, 2, 2, 2, 1, 3]"
The secretly unethical firm was wearing down the intern that the small nonprofit organization wore down.,3.1333,1.3558,15,"[2, 3, 3, 5, 1, 3, 4, 4, 4, 4, 4, 1, 3, 5, 1]"
The senior computer engineer was working on every problem that the newly trained technician missed.,4.6833,0.5365,60,"[5, 5, 5, 4, 5, 5, 4, 5, 5, 5, 4, 5, 5, 5, 5, 5, 5, 4, 5, 5, 4, 3, 5, 4, 5, 5, 3, 4, 5, 5, 5, 5, 5, 4, 4, 5, 4, 5, 5, 5, 5, 5, 4, 5, 5, 5, 5, 5, 5, 4, 5, 5, 5, 5, 5, 4, 4, 5, 5, 4]"
The senior computer engineer was working on every problem that the newly trained technician was working on.,4.1556,0.976,45,"[2, 5, 4, 3, 4, 3, 3, 5, 5, 3, 5, 4, 5, 4, 5, 5, 3, 4, 5, 4, 4, 4, 4, 5, 5, 2, 4, 5, 2, 5, 5, 2, 4, 5, 5, 4, 5, 5, 5, 4, 5, 5, 3, 4, 5]"
The senior computer engineer was working on every problem that the newly trained technician was.,3.5333,1.1998,60,"[4, 4, 2, 5, 4, 5, 5, 4, 5, 4, 5, 3, 5, 2, 2, 1, 5, 5, 4, 4, 3, 2, 5, 2, 3, 4, 1, 5, 4, 4, 4, 2, 3, 4, 4, 3, 3, 4, 2, 4, 4, 2, 4, 5, 2, 2, 4, 3, 1, 4, 4, 5, 3, 2, 5, 4, 2, 4, 3, 5]"
The senior computer engineer was working on every problem that the newly trained technician worked on.,3.9333,1.0328,15,"[4, 5, 4, 4, 5, 2, 4, 2, 5, 5, 4, 3, 3, 5, 4]"
The senior computer engineer was working on the problem that the newly trained technician missed.,4.5763,0.6748,59,"[5, 4, 3, 4, 4, 5, 5, 5, 5, 5, 5, 4, 4, 4, 5, 3, 5, 5, 4, 5, 5, 5, 5, 5, 5, 5, 5, 5, 4, 5, 5, 5, 5, 5, 5, 5, 4, 5, 5, 5, 4, 5, 4, 4, 5, 4, 5, 4, 5, 2, 3, 5, 5, 4, 5, 5, 5, 5, 4]"
The senior computer engineer was working on the problem that the newly trained technician was working on.,4.1111,1.0274,45,"[3, 4, 2, 4, 3, 4, 5, 5, 5, 5, 4, 4, 5, 5, 5, 3, 5, 5, 5, 4, 5, 2, 5, 2, 4, 5, 5, 4, 4, 5, 3, 5, 4, 5, 2, 4, 5, 5, 4, 4, 5, 2, 3, 3, 5]"
The senior computer engineer was working on the problem that the newly trained technician was.,3.2373,1.1498,59,"[2, 4, 4, 1, 3, 2, 4, 4, 5, 4, 2, 4, 4, 4, 2, 3, 5, 3, 1, 5, 4, 3, 3, 3, 3, 1, 3, 2, 5, 2, 5, 3, 2, 4, 3, 2, 5, 2, 5, 2, 3, 5, 4, 4, 4, 4, 2, 2, 4, 2, 2, 4, 4, 4, 3, 4, 2, 2, 4]"
The senior computer engineer was working on the problem that the newly trained technician worked on.,4.1333,1.1255,15,"[5, 5, 4, 5, 2, 3, 5, 4, 4, 5, 5, 5, 3, 5, 2]"
The small jazz band was negotiating with every bassist that the large symphony orchestra negotiated with.,4.0667,0.9612,15,"[4, 5, 2, 5, 5, 5, 4, 3, 3, 5, 4, 4, 3, 5, 4]"
The small jazz band was negotiating with every bassist that the large symphony orchestra trained.,4.2586,0.8698,58,"[5, 5, 5, 5, 5, 3, 5, 3, 5, 4, 4, 3, 4, 5, 5, 5, 4, 5, 5, 4, 4, 2, 4, 4, 5, 4, 3, 4, 5, 4, 5, 5, 4, 4, 5, 2, 5, 5, 4, 5, 4, 3, 5, 5, 5, 5, 4, 5, 4, 5, 5, 4, 5, 3, 4, 3, 2, 4]"
The small jazz band was negotiating with every bassist that the large symphony orchestra was negotiating with.,3.8222,0.9603,45,"[2, 5, 5, 3, 5, 3, 2, 4, 4, 2, 5, 4, 4, 5, 3, 4, 4, 4, 5, 2, 4, 4, 5, 4, 3, 3, 4, 5, 2, 2, 4, 4, 4, 4, 4, 5, 4, 4, 4, 3, 5, 4, 4, 3, 5]"
The small jazz band was negotiating with every bassist that the large symphony orchestra was.,3.193,1.1717,57,"[4, 2, 5, 3, 5, 4, 4, 3, 5, 5, 3, 1, 2, 1, 3, 3, 2, 4, 3, 2, 5, 2, 3, 4, 4, 4, 4, 4, 3, 2, 3, 4, 3, 1, 4, 2, 4, 5, 3, 4, 5, 2, 2, 4, 3, 1, 4, 3, 5, 2, 2, 2, 4, 2, 4, 2, 3]"
The small jazz band was negotiating with the bassist that the large symphony orchestra negotiated with.,3.4,1.1832,15,"[4, 4, 3, 4, 1, 3, 5, 4, 4, 3, 4, 3, 3, 5, 1]"
The small jazz band was negotiating with the bassist that the large symphony orchestra trained.,4.1525,0.9435,59,"[4, 4, 3, 5, 4, 5, 5, 5, 5, 5, 3, 4, 4, 3, 5, 5, 3, 5, 4, 5, 5, 5, 4, 3, 4, 4, 5, 4, 3, 5, 5, 5, 5, 5, 5, 4, 4, 5, 4, 2, 5, 4, 3, 3, 3, 4, 4, 2, 5, 2, 5, 4, 5, 4, 5, 5, 5, 3, 2]"
The small jazz band was negotiating with the bassist that the large symphony orchestra was negotiating with.,3.5778,1.1964,45,"[2, 3, 3, 2, 3, 4, 4, 5, 4, 5, 4, 1, 3, 2, 4, 2, 2, 5, 5, 4, 3, 3, 5, 2, 4, 4, 3, 4, 2, 5, 2, 5, 5, 5, 4, 2, 4, 5, 5, 5, 4, 3, 3, 2, 5]"
The small jazz band was negotiating with the bassist that the large symphony orchestra was.,2.6833,1.0969,60,"[2, 3, 3, 1, 3, 2, 3, 4, 4, 4, 3, 2, 4, 4, 2, 2, 4, 2, 3, 4, 2, 3, 2, 1, 2, 2, 2, 2, 4, 3, 1, 5, 1, 2, 3, 1, 3, 4, 3, 5, 2, 2, 4, 2, 4, 2, 2, 1, 2, 2, 3, 2, 3, 3, 5, 1, 3, 3, 1, 4]"
The sneaky old lady was bidding on every antique that the enterprising young retailer bid on.,4.1333,0.6399,15,"[4, 5, 3, 4, 4, 3, 4, 4, 4, 4, 4, 4, 5, 5, 5]"
The sneaky old lady was bidding on every antique that the enterprising young retailer coveted.,4.3,0.8295,60,"[3, 4, 5, 3, 5, 5, 5, 5, 4, 5, 5, 3, 5, 4, 4, 4, 3, 4, 5, 3, 4, 5, 4, 4, 5, 5, 4, 3, 5, 4, 5, 5, 4, 5, 4, 5, 4, 5, 2, 5, 5, 3, 4, 4, 4, 4, 5, 5, 5, 4, 5, 5, 5, 5, 5, 5, 4, 3, 2, 5]"
The sneaky old lady was bidding on every antique that the enterprising young retailer was bidding on.,4.093,1.0649,43,"[2, 5, 5, 2, 3, 5, 4, 4, 5, 2, 4, 4, 4, 5, 5, 5, 4, 2, 5, 5, 4, 3, 3, 5, 5, 5, 5, 4, 5, 5, 5, 2, 5, 4, 4, 5, 5, 5, 4, 4, 4, 2, 3]"
The sneaky old lady was bidding on every antique that the enterprising young retailer was.,3.5833,1.1541,60,"[5, 5, 1, 4, 5, 5, 4, 2, 4, 4, 4, 5, 3, 3, 5, 5, 4, 4, 2, 1, 5, 1, 2, 3, 4, 4, 2, 3, 3, 4, 3, 3, 5, 3, 4, 2, 4, 4, 4, 3, 4, 3, 3, 4, 4, 2, 5, 2, 4, 4, 5, 5, 5, 2, 4, 2, 3, 4, 5, 4]"
The sneaky old lady was bidding on the antique that the enterprising young retailer bid on.,4.0,0.7559,15,"[4, 4, 5, 4, 4, 3, 5, 2, 4, 4, 4, 4, 4, 5, 4]"
The sneaky old lady was bidding on the antique that the enterprising young retailer coveted.,4.4333,0.89,60,"[4, 5, 5, 4, 4, 3, 5, 5, 5, 4, 2, 5, 5, 5, 5, 4, 5, 3, 5, 5, 5, 5, 3, 5, 2, 4, 5, 4, 5, 5, 5, 4, 5, 5, 4, 5, 4, 5, 5, 5, 5, 2, 4, 5, 5, 5, 5, 5, 5, 3, 5, 4, 5, 5, 4, 5, 5, 4, 2, 5]"
The sneaky old lady was bidding on the antique that the enterprising young retailer was bidding on.,4.0889,1.0406,45,"[4, 2, 4, 4, 5, 4, 5, 5, 5, 5, 4, 5, 2, 5, 4, 4, 4, 4, 3, 5, 5, 4, 5, 2, 5, 5, 4, 4, 5, 3, 3, 4, 2, 4, 5, 5, 5, 1, 5, 5, 4, 4, 4, 3, 5]"
The sneaky old lady was bidding on the antique that the enterprising young retailer was.,3.2203,1.1306,59,"[5, 2, 3, 3, 3, 2, 2, 5, 5, 3, 5, 3, 4, 3, 3, 4, 4, 1, 4, 4, 5, 2, 2, 4, 4, 4, 2, 2, 2, 4, 3, 5, 4, 2, 5, 5, 1, 2, 4, 4, 2, 4, 3, 3, 3, 3, 3, 2, 2, 2, 2, 2, 3, 5, 4, 4, 4, 3, 2]"
The somewhat eccentric screenwriter was assisting with every manuscript that the recently published novelist assisted with.,3.5333,0.5164,15,"[3, 3, 4, 3, 3, 4, 4, 4, 4, 3, 4, 4, 4, 3, 3]"
The somewhat eccentric screenwriter was assisting with every manuscript that the recently published novelist was assisting with.,3.3488,1.1728,43,"[3, 4, 2, 2, 2, 4, 4, 4, 3, 4, 4, 4, 4, 5, 1, 5, 3, 2, 5, 3, 3, 4, 3, 3, 5, 3, 5, 4, 4, 4, 3, 2, 2, 5, 2, 5, 5, 2, 4, 3, 2, 1, 2]"
The somewhat eccentric screenwriter was assisting with every manuscript that the recently published novelist was.,2.8305,1.1619,59,"[3, 1, 2, 4, 2, 3, 4, 4, 2, 4, 4, 3, 4, 3, 5, 2, 3, 2, 1, 4, 1, 2, 1, 1, 3, 2, 3, 3, 4, 4, 3, 3, 1, 4, 1, 4, 4, 3, 4, 4, 2, 2, 3, 4, 2, 4, 1, 3, 3, 5, 3, 4, 1, 1, 2, 2, 4, 4, 2]"
The somewhat eccentric screenwriter was assisting with every manuscript that the recently published novelist wrote.,4.2333,1.0635,60,"[4, 4, 5, 3, 5, 5, 5, 5, 4, 5, 1, 4, 5, 5, 4, 4, 4, 4, 5, 3, 3, 5, 5, 4, 5, 5, 5, 4, 5, 3, 5, 5, 5, 5, 4, 5, 3, 4, 2, 5, 5, 5, 4, 2, 5, 4, 5, 5, 5, 3, 4, 5, 5, 5, 5, 5, 5, 3, 2, 1]"
The somewhat eccentric screenwriter was assisting with the manuscript that the recently published novelist assisted with.,3.0,1.3628,15,"[1, 5, 4, 2, 4, 2, 2, 3, 2, 1, 4, 4, 2, 5, 4]"
The somewhat eccentric screenwriter was assisting with the manuscript that the recently published novelist was assisting with.,3.1556,1.1273,45,"[4, 3, 4, 4, 4, 2, 5, 4, 5, 4, 3, 2, 1, 4, 4, 2, 4, 3, 2, 4, 4, 2, 4, 3, 3, 5, 2, 3, 4, 3, 4, 3, 3, 2, 2, 2, 5, 1, 2, 2, 4, 2, 2, 2, 5]"
The somewhat eccentric screenwriter was assisting with the manuscript that the recently published novelist was.,2.8644,1.1365,59,"[2, 1, 4, 3, 3, 3, 2, 5, 4, 4, 3, 3, 4, 4, 1, 3, 2, 5, 3, 2, 3, 4, 2, 5, 2, 4, 2, 3, 3, 2, 2, 2, 4, 1, 4, 5, 1, 2, 4, 2, 2, 3, 2, 3, 3, 4, 1, 2, 2, 4, 2, 4, 2, 5, 2, 4, 2, 2, 2]"
The somewhat eccentric screenwriter was assisting with the manuscript that the recently published novelist wrote.,4.1,0.915,60,"[4, 5, 4, 3, 5, 4, 3, 5, 4, 4, 4, 4, 3, 1, 4, 4, 5, 3, 5, 5, 5, 4, 1, 4, 5, 4, 4, 4, 5, 4, 4, 3, 4, 5, 4, 4, 5, 5, 5, 5, 4, 4, 2, 5, 5, 4, 4, 5, 5, 4, 5, 3, 3, 4, 5, 5, 4, 4, 4, 4]"
The somewhat successful lawyer was talking to every witness that the senior police detective detained.,4.6333,0.7123,60,"[4, 5, 5, 4, 5, 3, 3, 5, 5, 5, 5, 4, 5, 5, 5, 5, 5, 5, 5, 4, 4, 5, 2, 5, 5, 4, 5, 2, 5, 5, 5, 4, 5, 5, 5, 5, 4, 5, 5, 5, 4, 5, 5, 5, 4, 5, 5, 5, 5, 5, 5, 4, 5, 5, 5, 4, 5, 5, 5, 5]"
The somewhat successful lawyer was talking to every witness that the senior police detective talked to.,4.2,1.0142,15,"[5, 4, 5, 5, 5, 4, 5, 2, 2, 5, 4, 4, 4, 5, 4]"
The somewhat successful lawyer was talking to every witness that the senior police detective was talking to.,3.9778,0.7534,45,"[4, 3, 4, 4, 4, 4, 5, 4, 5, 3, 4, 4, 4, 5, 4, 4, 4, 4, 3, 5, 5, 3, 4, 3, 3, 5, 3, 4, 4, 4, 3, 4, 3, 5, 5, 4, 5, 3, 4, 5, 4, 4, 4, 2, 5]"
The somewhat successful lawyer was talking to every witness that the senior police detective was.,3.7119,1.0994,59,"[5, 2, 4, 4, 4, 4, 4, 5, 4, 4, 5, 4, 4, 5, 4, 3, 3, 5, 5, 2, 4, 2, 3, 4, 4, 1, 2, 4, 2, 3, 4, 2, 4, 4, 5, 5, 4, 2, 5, 2, 3, 5, 2, 3, 5, 4, 3, 2, 5, 3, 3, 5, 5, 5, 4, 4, 5, 4, 3]"
The somewhat successful lawyer was talking to the witness that the senior police detective detained.,4.1356,1.0741,59,"[3, 5, 3, 4, 4, 4, 5, 5, 5, 3, 2, 4, 5, 4, 5, 5, 4, 5, 3, 5, 5, 4, 4, 1, 5, 5, 3, 5, 4, 2, 5, 5, 5, 2, 5, 4, 5, 2, 5, 5, 5, 4, 4, 5, 3, 5, 4, 5, 2, 4, 5, 5, 4, 5, 5, 4, 4, 2, 5]"
The somewhat successful lawyer was talking to the witness that the senior police detective talked to.,4.0,1.0,15,"[3, 5, 3, 3, 4, 4, 5, 5, 5, 3, 4, 4, 2, 5, 5]"
The somewhat successful lawyer was talking to the witness that the senior police detective was talking to.,3.7273,1.2457,44,"[3, 3, 4, 5, 2, 2, 4, 4, 5, 4, 2, 3, 3, 4, 2, 5, 5, 5, 2, 5, 4, 2, 5, 5, 5, 5, 5, 5, 4, 4, 4, 1, 2, 4, 3, 5, 5, 4, 5, 4, 1, 4, 4, 2]"
The somewhat successful lawyer was talking to the witness that the senior police detective was.,2.9492,1.1511,59,"[1, 3, 2, 4, 5, 5, 4, 4, 3, 3, 2, 2, 4, 4, 4, 2, 4, 2, 1, 4, 1, 2, 2, 1, 4, 2, 3, 3, 4, 5, 2, 4, 3, 4, 2, 3, 4, 2, 3, 3, 2, 2, 3, 5, 2, 2, 1, 2, 4, 3, 4, 4, 1, 4, 2, 2, 3, 4, 4]"
The stressed casting director was talking to every actress that the incredibly frantic producer scolded.,4.2414,0.8442,58,"[5, 5, 5, 5, 5, 5, 3, 5, 4, 4, 4, 5, 4, 5, 5, 5, 3, 5, 4, 4, 4, 4, 3, 4, 5, 3, 3, 4, 4, 3, 5, 3, 5, 4, 5, 4, 5, 2, 5, 4, 5, 3, 5, 2, 5, 5, 5, 5, 4, 4, 4, 4, 5, 5, 5, 3, 4, 4]"
The stressed casting director was talking to every actress that the incredibly frantic producer talked to.,3.8,1.2071,15,"[4, 2, 3, 5, 5, 5, 3, 1, 4, 4, 4, 4, 3, 5, 5]"
The stressed casting director was talking to every actress that the incredibly frantic producer was talking to.,3.6889,1.0185,45,"[2, 4, 4, 3, 4, 3, 3, 5, 4, 2, 4, 3, 3, 5, 3, 3, 2, 3, 5, 4, 4, 4, 5, 5, 4, 2, 2, 4, 2, 4, 4, 3, 4, 5, 2, 5, 3, 5, 3, 4, 5, 5, 5, 4, 4]"
The stressed casting director was talking to every actress that the incredibly frantic producer was.,3.0678,1.2015,59,"[4, 2, 2, 2, 5, 3, 4, 4, 5, 4, 5, 3, 2, 1, 2, 1, 5, 5, 4, 4, 2, 1, 5, 2, 2, 2, 4, 4, 4, 4, 3, 4, 1, 3, 4, 3, 3, 2, 2, 3, 4, 4, 4, 4, 2, 2, 3, 1, 3, 3, 5, 2, 4, 3, 4, 2, 2, 2, 2]"
The stressed casting director was talking to the actress that the incredibly frantic producer scolded.,3.9831,1.0254,59,"[5, 4, 4, 4, 4, 3, 5, 3, 4, 5, 5, 3, 4, 3, 2, 4, 3, 5, 3, 5, 4, 5, 4, 5, 4, 5, 4, 3, 2, 5, 4, 4, 5, 2, 1, 5, 4, 5, 5, 5, 5, 4, 3, 3, 4, 3, 3, 2, 5, 4, 3, 5, 3, 5, 5, 5, 5, 5, 4]"
The stressed casting director was talking to the actress that the incredibly frantic producer talked to.,3.3333,1.1751,15,"[4, 3, 2, 5, 1, 3, 4, 3, 3, 5, 4, 3, 3, 5, 2]"
The stressed casting director was talking to the actress that the incredibly frantic producer was talking to.,3.6667,1.0871,45,"[4, 4, 3, 2, 5, 4, 4, 4, 4, 5, 2, 2, 2, 5, 5, 4, 4, 3, 4, 4, 5, 2, 4, 2, 4, 5, 5, 3, 4, 5, 3, 5, 4, 4, 3, 3, 4, 5, 4, 2, 5, 2, 2, 2, 4]"
The stressed casting director was talking to the actress that the incredibly frantic producer was.,2.5833,1.1243,60,"[3, 2, 2, 1, 3, 2, 1, 4, 2, 2, 1, 2, 3, 3, 2, 2, 2, 2, 2, 4, 2, 3, 2, 2, 2, 3, 3, 2, 4, 2, 1, 5, 1, 2, 3, 2, 2, 5, 3, 5, 2, 1, 4, 4, 4, 4, 3, 1, 2, 3, 4, 4, 3, 4, 3, 1, 1, 4, 1, 3]"
The successful private detective was running after every criminal that the incompetent police officer detained.,3.6491,1.316,57,"[4, 3, 3, 4, 5, 5, 5, 4, 5, 3, 5, 3, 3, 5, 4, 4, 5, 2, 2, 4, 5, 5, 4, 2, 2, 2, 5, 4, 4, 5, 3, 4, 1, 4, 5, 5, 3, 5, 1, 2, 5, 4, 4, 1, 2, 5, 4, 2, 5, 2, 1, 2, 4, 5, 5, 3, 5]"
The successful private detective was running after every criminal that the incompetent police officer ran after.,3.8667,1.1255,15,"[4, 4, 5, 4, 2, 5, 4, 2, 4, 4, 5, 5, 2, 3, 5]"
The successful private detective was running after every criminal that the incompetent police officer was running after.,3.6591,1.1801,44,"[4, 2, 2, 3, 3, 4, 4, 5, 3, 3, 5, 2, 4, 1, 5, 2, 4, 5, 2, 5, 5, 3, 5, 5, 5, 4, 2, 3, 4, 3, 5, 3, 2, 5, 5, 3, 4, 2, 5, 5, 3, 4, 4, 4]"
The successful private detective was running after every criminal that the incompetent police officer was.,3.2167,1.3031,60,"[3, 4, 4, 3, 3, 4, 4, 4, 2, 2, 1, 2, 5, 5, 4, 4, 2, 2, 3, 1, 4, 5, 3, 4, 1, 1, 5, 2, 4, 2, 2, 3, 1, 2, 2, 5, 2, 2, 2, 4, 4, 3, 2, 4, 5, 2, 5, 4, 5, 4, 2, 4, 5, 5, 5, 4, 2, 3, 2, 5]"
The successful private detective was running after the criminal that the incompetent police officer detained.,3.75,1.202,60,"[2, 4, 1, 2, 3, 2, 5, 5, 3, 4, 4, 5, 4, 5, 4, 4, 4, 2, 5, 4, 5, 4, 5, 4, 5, 5, 3, 2, 3, 2, 2, 5, 4, 3, 4, 5, 3, 4, 3, 3, 5, 5, 5, 5, 5, 5, 4, 1, 3, 5, 4, 5, 1, 4, 5, 2, 3, 4, 4, 4]"
The successful private detective was running after the criminal that the incompetent police officer ran after.,3.3571,0.9288,14,"[4, 4, 4, 4, 4, 1, 3, 2, 4, 3, 4, 3, 4, 3]"
The successful private detective was running after the criminal that the incompetent police officer was running after.,3.6667,0.977,45,"[4, 4, 5, 3, 5, 5, 2, 3, 3, 2, 4, 5, 2, 2, 4, 3, 4, 5, 3, 4, 4, 5, 4, 5, 3, 4, 3, 3, 4, 4, 3, 4, 5, 2, 4, 4, 4, 4, 2, 4, 5, 2, 3, 4, 4]"
The successful private detective was running after the criminal that the incompetent police officer was.,2.7,1.0464,60,"[3, 3, 4, 1, 2, 3, 4, 5, 2, 2, 2, 3, 3, 1, 2, 1, 2, 3, 3, 2, 5, 3, 1, 3, 3, 3, 3, 2, 3, 2, 4, 3, 4, 2, 3, 3, 2, 4, 1, 4, 4, 4, 4, 4, 3, 1, 2, 1, 1, 2, 2, 3, 3, 3, 4, 3, 3, 2, 1, 3]"
The talent show coordinator was listening to every singer that the highly regarded choir listened.,1.8,1.0142,15,"[4, 1, 2, 1, 2, 1, 1, 1, 4, 2, 2, 2, 1, 1, 2]"
The talent show coordinator was listening to every singer that the highly regarded choir trained.,4.4746,0.6786,59,"[5, 5, 5, 4, 5, 5, 5, 4, 5, 5, 4, 5, 4, 5, 5, 4, 4, 4, 5, 5, 4, 5, 4, 5, 5, 4, 3, 4, 5, 4, 4, 5, 5, 4, 5, 5, 5, 5, 4, 5, 5, 4, 4, 4, 5, 5, 4, 5, 2, 4, 3, 5, 5, 5, 5, 3, 4, 4, 5]"
The talent show coordinator was listening to every singer that the highly regarded choir was listening to.,3.8222,1.0721,45,"[2, 3, 5, 4, 4, 3, 5, 5, 4, 3, 5, 4, 5, 5, 2, 4, 4, 4, 5, 4, 4, 2, 2, 5, 5, 3, 4, 5, 2, 4, 4, 2, 3, 4, 4, 5, 4, 2, 5, 3, 4, 4, 5, 2, 5]"
The talent show coordinator was listening to every singer that the highly regarded choir was.,2.8333,1.251,60,"[5, 2, 2, 5, 2, 3, 1, 4, 5, 4, 4, 5, 2, 1, 1, 1, 4, 5, 4, 4, 3, 1, 1, 2, 2, 4, 4, 4, 4, 4, 2, 2, 3, 3, 2, 4, 1, 4, 2, 4, 4, 3, 3, 1, 2, 2, 3, 2, 3, 4, 1, 2, 2, 2, 4, 1, 2, 3, 3, 3]"
The talent show coordinator was listening to the singer that the highly regarded choir listened.,2.0667,1.4376,15,"[2, 5, 1, 1, 1, 1, 1, 1, 2, 5, 4, 2, 2, 2, 1]"
The talent show coordinator was listening to the singer that the highly regarded choir trained.,4.0678,0.9625,59,"[5, 4, 4, 4, 4, 4, 5, 4, 5, 5, 3, 4, 3, 4, 4, 3, 3, 5, 5, 5, 5, 2, 5, 5, 4, 5, 5, 3, 3, 5, 4, 3, 4, 2, 5, 5, 5, 4, 5, 5, 2, 4, 3, 4, 3, 4, 3, 4, 5, 4, 4, 5, 2, 5, 4, 5, 5, 5, 2]"
The talent show coordinator was listening to the singer that the highly regarded choir was listening to.,3.8409,1.0103,44,"[2, 4, 5, 2, 4, 3, 5, 4, 5, 4, 3, 3, 4, 5, 4, 3, 4, 2, 4, 4, 5, 4, 2, 4, 5, 4, 2, 4, 5, 3, 5, 5, 5, 3, 4, 4, 5, 4, 4, 5, 2, 3, 3, 5]"
The talent show coordinator was listening to the singer that the highly regarded choir was.,2.6949,1.1782,59,"[3, 2, 1, 4, 2, 2, 4, 1, 3, 2, 3, 3, 2, 2, 2, 3, 2, 2, 4, 2, 3, 3, 1, 3, 3, 3, 1, 5, 1, 2, 5, 1, 2, 3, 1, 2, 3, 4, 5, 2, 3, 4, 4, 4, 2, 3, 4, 1, 4, 4, 3, 2, 4, 2, 1, 2, 4, 1, 5]"
The terribly stubborn referee was discussing every goal that the extraordinarily cocky player discussed.,3.9333,1.0998,15,"[3, 2, 5, 4, 5, 5, 5, 3, 5, 4, 4, 5, 2, 3, 4]"
The terribly stubborn referee was discussing every goal that the extraordinarily cocky player made.,4.2034,1.0468,59,"[3, 2, 4, 5, 5, 3, 5, 4, 5, 3, 5, 1, 3, 5, 5, 4, 5, 5, 4, 2, 4, 5, 5, 5, 2, 4, 5, 5, 5, 4, 5, 4, 4, 5, 3, 3, 5, 5, 3, 5, 4, 4, 5, 5, 3, 5, 5, 5, 5, 5, 5, 4, 2, 5, 5, 5, 4, 3, 5]"
The terribly stubborn referee was discussing every goal that the extraordinarily cocky player was discussing.,3.5,1.023,44,"[3, 3, 4, 4, 3, 5, 4, 4, 2, 4, 5, 2, 4, 3, 4, 4, 4, 5, 2, 2, 4, 4, 5, 4, 2, 3, 1, 3, 4, 4, 4, 1, 3, 3, 5, 4, 3, 3, 5, 3, 4, 3, 4, 4]"
The terribly stubborn referee was discussing every goal that the extraordinarily cocky player was.,2.9333,1.326,60,"[3, 4, 4, 2, 4, 4, 4, 2, 3, 2, 1, 2, 3, 1, 4, 5, 3, 3, 2, 1, 3, 5, 2, 3, 4, 2, 5, 1, 5, 3, 2, 2, 1, 2, 2, 4, 2, 2, 2, 4, 3, 2, 4, 2, 5, 2, 2, 1, 5, 4, 1, 4, 5, 5, 5, 4, 1, 3, 1, 4]"
The terribly stubborn referee was discussing the goal that the extraordinarily cocky player discussed.,3.5333,0.9155,15,"[4, 3, 3, 4, 5, 4, 1, 3, 3, 4, 4, 4, 3, 4, 4]"
The terribly stubborn referee was discussing the goal that the extraordinarily cocky player made.,4.1695,1.0197,59,"[2, 5, 5, 3, 3, 4, 4, 4, 4, 2, 5, 4, 5, 4, 3, 4, 1, 5, 4, 4, 5, 4, 5, 5, 4, 4, 4, 5, 5, 5, 5, 5, 4, 5, 3, 5, 3, 5, 5, 5, 5, 5, 5, 5, 5, 5, 5, 4, 4, 2, 5, 5, 5, 5, 3, 4, 3, 3, 2]"
The terribly stubborn referee was discussing the goal that the extraordinarily cocky player was discussing.,3.5333,1.0135,45,"[4, 3, 5, 3, 5, 5, 4, 4, 3, 2, 4, 4, 4, 5, 4, 4, 5, 3, 3, 2, 2, 3, 5, 4, 3, 4, 3, 4, 4, 2, 4, 5, 3, 2, 4, 3, 4, 5, 2, 4, 4, 2, 3, 2, 2]"
The terribly stubborn referee was discussing the goal that the extraordinarily cocky player was.,2.35,1.1619,60,"[3, 2, 4, 1, 1, 3, 2, 5, 3, 1, 1, 3, 3, 1, 1, 2, 2, 3, 1, 1, 5, 2, 1, 2, 2, 2, 2, 2, 1, 2, 3, 3, 3, 5, 2, 1, 2, 2, 1, 1, 2, 4, 2, 4, 4, 2, 2, 2, 1, 3, 4, 4, 2, 3, 1, 2, 4, 4, 1, 3]"
The understaffed general hospital was negotiating with every doctor that the nonprofit medical organization funded.,4.1695,1.0364,59,"[2, 5, 2, 5, 3, 5, 2, 4, 2, 5, 2, 5, 4, 5, 5, 4, 5, 5, 4, 4, 3, 5, 4, 4, 5, 5, 4, 4, 5, 5, 5, 4, 5, 4, 5, 4, 2, 4, 3, 5, 5, 5, 5, 5, 5, 4, 5, 5, 4, 5, 5, 3, 5, 3, 3, 4, 2, 5, 5]"
The understaffed general hospital was negotiating with every doctor that the nonprofit medical organization negotiated with.,3.7857,0.8926,14,"[4, 4, 4, 5, 4, 4, 2, 2, 5, 4, 4, 3, 4, 4]"
The understaffed general hospital was negotiating with every doctor that the nonprofit medical organization was negotiating with.,3.9545,0.9872,44,"[5, 4, 5, 4, 5, 5, 5, 4, 4, 4, 5, 2, 4, 4, 5, 4, 5, 2, 4, 4, 1, 4, 5, 3, 4, 4, 5, 5, 4, 4, 5, 4, 4, 3, 4, 5, 2, 4, 4, 4, 3, 3, 2, 4]"
The understaffed general hospital was negotiating with every doctor that the nonprofit medical organization was.,3.2167,1.075,60,"[3, 3, 5, 3, 2, 3, 3, 5, 4, 2, 1, 4, 4, 1, 3, 2, 5, 3, 2, 4, 5, 4, 2, 4, 2, 4, 4, 2, 1, 3, 4, 3, 4, 5, 2, 3, 3, 4, 2, 4, 3, 4, 4, 4, 4, 1, 4, 2, 4, 2, 3, 3, 2, 4, 4, 4, 4, 4, 3, 3]"
The understaffed general hospital was negotiating with the doctor that the nonprofit medical organization funded.,3.7119,1.2872,59,"[4, 5, 3, 3, 5, 5, 5, 3, 5, 5, 1, 3, 5, 5, 1, 5, 4, 5, 3, 1, 3, 2, 4, 4, 3, 5, 4, 4, 4, 2, 5, 5, 3, 5, 4, 2, 4, 4, 5, 5, 2, 3, 4, 2, 2, 4, 3, 5, 2, 1, 5, 3, 2, 5, 4, 5, 4, 5, 5]"
The understaffed general hospital was negotiating with the doctor that the nonprofit medical organization negotiated with.,3.6,1.3522,15,"[4, 3, 5, 5, 5, 5, 1, 4, 4, 2, 1, 4, 3, 4, 4]"
The understaffed general hospital was negotiating with the doctor that the nonprofit medical organization was negotiating with.,3.5,1.0418,42,"[5, 2, 3, 2, 2, 4, 2, 3, 4, 3, 5, 2, 2, 4, 3, 4, 4, 4, 5, 5, 4, 5, 3, 2, 4, 4, 3, 5, 3, 4, 4, 4, 2, 2, 5, 3, 4, 4, 4, 2, 4, 4]"
The understaffed general hospital was negotiating with the doctor that the nonprofit medical organization was.,2.8667,1.1998,60,"[3, 4, 4, 2, 5, 4, 4, 1, 2, 1, 4, 3, 1, 4, 4, 4, 3, 3, 3, 1, 3, 2, 3, 3, 3, 2, 2, 2, 5, 1, 2, 2, 1, 2, 2, 4, 2, 1, 2, 3, 2, 3, 3, 2, 5, 2, 4, 2, 4, 4, 2, 4, 5, 4, 4, 4, 1, 3, 2, 5]"
The unexpectedly intelligent investor was selling off every stock that the rather foolish broker recommended.,4.1695,1.0692,59,"[4, 2, 4, 4, 4, 3, 5, 5, 5, 5, 5, 3, 5, 5, 5, 4, 3, 4, 5, 3, 4, 5, 5, 4, 5, 2, 4, 5, 2, 4, 5, 1, 5, 4, 5, 3, 4, 2, 5, 5, 5, 5, 4, 5, 5, 5, 5, 5, 4, 4, 5, 5, 4, 5, 5, 4, 2, 2, 5]"
The unexpectedly intelligent investor was selling off every stock that the rather foolish broker sold off.,3.0667,1.3345,15,"[4, 4, 1, 4, 2, 5, 3, 2, 1, 3, 4, 4, 4, 1, 4]"
The unexpectedly intelligent investor was selling off every stock that the rather foolish broker was selling off.,3.6444,1.2641,45,"[2, 3, 4, 2, 1, 3, 2, 4, 5, 3, 2, 5, 4, 5, 2, 4, 5, 4, 2, 5, 5, 4, 5, 4, 5, 5, 4, 5, 5, 4, 4, 4, 4, 2, 4, 5, 4, 4, 5, 2, 1, 3, 5, 2, 2]"
The unexpectedly intelligent investor was selling off every stock that the rather foolish broker was.,3.0667,1.0872,60,"[3, 5, 2, 4, 2, 4, 4, 2, 4, 3, 4, 5, 2, 5, 5, 3, 2, 4, 2, 1, 4, 1, 2, 2, 4, 3, 2, 3, 3, 4, 4, 3, 3, 2, 4, 2, 3, 4, 4, 3, 4, 2, 3, 3, 4, 2, 2, 1, 4, 2, 3, 4, 4, 1, 4, 2, 3, 4, 4, 2]"
The unexpectedly intelligent investor was selling off the stock that the rather foolish broker recommended.,4.0667,1.0229,60,"[4, 5, 4, 4, 2, 3, 4, 5, 4, 4, 4, 4, 3, 5, 5, 5, 2, 1, 5, 4, 3, 4, 2, 4, 3, 3, 5, 4, 5, 5, 5, 3, 4, 4, 4, 5, 4, 5, 5, 3, 4, 5, 5, 4, 5, 4, 5, 5, 5, 5, 5, 3, 1, 4, 5, 5, 4, 4, 4, 5]"
The unexpectedly intelligent investor was selling off the stock that the rather foolish broker sold off.,2.9333,1.387,15,"[1, 5, 4, 4, 1, 3, 4, 2, 1, 2, 3, 2, 3, 5, 4]"
The unexpectedly intelligent investor was selling off the stock that the rather foolish broker was selling off.,3.3111,1.1042,45,"[4, 2, 3, 4, 4, 4, 4, 4, 5, 5, 3, 4, 4, 4, 4, 2, 4, 3, 3, 2, 4, 2, 4, 4, 4, 4, 1, 3, 3, 2, 3, 2, 2, 5, 3, 2, 5, 2, 4, 1, 4, 2, 4, 2, 5]"
The unexpectedly intelligent investor was selling off the stock that the rather foolish broker was.,2.7627,1.2365,59,"[2, 2, 4, 3, 2, 3, 2, 5, 4, 3, 4, 3, 4, 5, 1, 2, 2, 1, 5, 2, 5, 4, 2, 5, 2, 2, 2, 2, 2, 2, 3, 2, 4, 1, 3, 5, 2, 2, 5, 1, 1, 2, 3, 4, 2, 3, 2, 1, 2, 2, 2, 2, 4, 5, 2, 4, 3, 2, 2]"
The unhappily starving pirate was digging up every treasure that the incredibly courageous adventurer buried.,3.6667,1.1741,60,"[3, 3, 3, 4, 5, 2, 4, 4, 4, 4, 2, 1, 3, 5, 5, 2, 4, 3, 4, 3, 3, 4, 5, 4, 5, 2, 4, 4, 5, 4, 2, 5, 2, 3, 5, 5, 2, 5, 4, 2, 5, 3, 3, 5, 5, 5, 3, 2, 5, 4, 3, 5, 2, 2, 4, 4, 5, 2, 5, 5]"
The unhappily starving pirate was digging up every treasure that the incredibly courageous adventurer dug up.,3.5333,1.4573,15,"[3, 2, 5, 5, 5, 5, 4, 2, 4, 2, 1, 5, 3, 2, 5]"
The unhappily starving pirate was digging up every treasure that the incredibly courageous adventurer was digging up.,2.7955,1.2119,44,"[2, 2, 2, 2, 2, 4, 3, 2, 3, 3, 5, 1, 4, 2, 2, 3, 3, 3, 1, 1, 5, 1, 4, 4, 1, 4, 2, 3, 3, 4, 1, 1, 4, 5, 2, 4, 2, 4, 5, 2, 3, 3, 3, 3]"
The unhappily starving pirate was digging up every treasure that the incredibly courageous adventurer was.,3.1,1.231,60,"[3, 4, 1, 2, 2, 3, 5, 1, 5, 1, 4, 3, 4, 2, 4, 4, 3, 3, 2, 1, 3, 4, 4, 4, 5, 2, 4, 2, 4, 2, 3, 2, 1, 2, 2, 5, 2, 2, 2, 2, 5, 5, 4, 2, 5, 2, 4, 4, 4, 4, 2, 4, 3, 4, 4, 5, 2, 2, 3, 4]"
The unhappily starving pirate was digging up the treasure that the incredibly courageous adventurer buried.,3.7797,1.1754,59,"[2, 2, 5, 2, 4, 3, 5, 4, 4, 3, 2, 5, 4, 5, 5, 4, 5, 2, 3, 4, 2, 3, 3, 4, 5, 4, 4, 2, 1, 5, 5, 5, 5, 2, 4, 5, 4, 5, 4, 5, 5, 5, 5, 5, 3, 4, 4, 5, 2, 5, 4, 3, 4, 4, 4, 3, 3, 4, 1]"
The unhappily starving pirate was digging up the treasure that the incredibly courageous adventurer dug up.,3.0667,0.7988,15,"[3, 3, 3, 3, 5, 3, 2, 4, 2, 3, 3, 3, 2, 4, 3]"
The unhappily starving pirate was digging up the treasure that the incredibly courageous adventurer was diggin up.,3.3636,1.0803,44,"[3, 4, 5, 3, 3, 2, 4, 2, 3, 2, 4, 4, 3, 4, 4, 4, 4, 3, 4, 3, 2, 5, 2, 2, 5, 3, 4, 5, 5, 3, 3, 2, 2, 4, 1, 2, 4, 2, 4, 4, 3, 3, 5, 5]"
The unhappily starving pirate was digging up the treasure that the incredibly courageous adventurer was.,2.5424,1.0393,59,"[4, 3, 4, 2, 2, 3, 5, 4, 4, 2, 1, 3, 3, 1, 2, 2, 1, 1, 2, 1, 4, 3, 1, 3, 5, 2, 2, 2, 1, 2, 4, 3, 3, 4, 2, 3, 2, 2, 1, 3, 2, 2, 2, 4, 3, 2, 2, 3, 2, 2, 2, 3, 2, 4, 2, 2, 4, 2, 3]"
The very successful photographer was interested in every lens that the aspiring art student bought.,4.4237,0.8945,59,"[3, 1, 5, 4, 5, 5, 5, 5, 4, 5, 4, 4, 5, 5, 5, 5, 5, 5, 4, 4, 5, 4, 4, 5, 5, 5, 4, 5, 4, 5, 5, 5, 5, 4, 5, 2, 5, 2, 5, 5, 5, 4, 4, 5, 4, 5, 5, 5, 4, 4, 5, 5, 5, 5, 5, 4, 4, 2, 4]"
The very successful photographer was interested in every lens that the aspiring art student was interested in.,3.9333,1.0872,60,"[2, 3, 5, 5, 4, 2, 5, 5, 5, 4, 3, 5, 4, 4, 4, 3, 5, 3, 4, 4, 4, 4, 4, 3, 3, 5, 4, 4, 1, 5, 5, 5, 5, 2, 5, 5, 3, 5, 3, 1, 5, 4, 5, 5, 4, 5, 4, 5, 2, 4, 3, 5, 5, 4, 4, 4, 4, 2, 3, 4]"
The very successful photographer was interested in every lens that the aspiring art student was.,3.2982,1.1797,57,"[4, 4, 2, 3, 5, 5, 5, 4, 4, 3, 5, 2, 5, 4, 2, 4, 2, 1, 4, 1, 2, 3, 2, 3, 2, 3, 3, 4, 3, 4, 4, 3, 4, 1, 3, 4, 2, 5, 2, 3, 4, 5, 3, 4, 2, 2, 5, 5, 4, 4, 1, 4, 2, 4, 3, 3, 4]"
The very successful photographer was interested in the lens that the aspiring art student bought.,4.6,0.6689,60,"[5, 5, 5, 4, 5, 3, 4, 5, 4, 3, 5, 5, 5, 4, 5, 5, 5, 4, 5, 5, 4, 5, 2, 5, 5, 4, 5, 5, 5, 5, 4, 5, 5, 5, 4, 5, 5, 5, 5, 3, 4, 5, 5, 4, 4, 5, 5, 5, 5, 5, 5, 4, 5, 5, 5, 5, 4, 5, 4, 5]"
The very successful photographer was interested in the lens that the aspiring art student was interested in.,4.0167,0.8924,60,"[4, 2, 4, 3, 5, 5, 5, 3, 5, 4, 5, 4, 4, 5, 4, 5, 4, 4, 4, 4, 3, 5, 3, 4, 5, 4, 5, 2, 5, 4, 4, 4, 5, 4, 4, 5, 3, 4, 3, 5, 5, 3, 4, 5, 4, 3, 4, 4, 4, 4, 5, 5, 2, 2, 5, 4, 4, 4, 2, 4]"
The very successful photographer was interested in the lens that the aspiring art student was.,3.2373,1.1647,59,"[5, 2, 3, 4, 2, 3, 2, 3, 5, 4, 5, 3, 5, 3, 3, 3, 3, 1, 5, 2, 5, 3, 2, 3, 4, 4, 2, 4, 2, 2, 4, 3, 4, 2, 5, 5, 1, 2, 5, 2, 2, 2, 3, 3, 4, 4, 4, 5, 2, 3, 2, 4, 4, 4, 5, 3, 2, 2, 3]"
The wealthy art director was bidding on every sculpture that the modern art museum bid on.,4.0667,0.9612,15,"[4, 5, 4, 5, 5, 4, 2, 3, 4, 5, 5, 3, 3, 4, 5]"
The wealthy art director was bidding on every sculpture that the modern art museum liked.,4.4746,0.878,59,"[2, 5, 5, 5, 4, 4, 5, 3, 5, 5, 3, 5, 4, 5, 5, 4, 5, 5, 4, 5, 4, 5, 5, 5, 4, 5, 3, 5, 5, 5, 5, 5, 4, 5, 3, 5, 5, 3, 5, 5, 5, 5, 5, 5, 5, 5, 5, 4, 5, 5, 5, 2, 5, 5, 4, 3, 2, 5, 5]"
The wealthy art director was bidding on every sculpture that the modern art museum was bidding on.,4.5,0.5906,44,"[5, 4, 5, 3, 5, 5, 4, 5, 4, 5, 5, 5, 5, 4, 5, 5, 5, 3, 4, 5, 4, 5, 5, 4, 5, 4, 4, 5, 5, 4, 5, 5, 4, 4, 5, 5, 4, 5, 4, 5, 4, 4, 4, 4]"
The wealthy art director was bidding on every sculpture that the modern art museum was.,3.4237,1.1774,59,"[2, 4, 3, 1, 3, 2, 5, 3, 2, 5, 2, 3, 5, 2, 2, 4, 4, 2, 5, 5, 3, 2, 3, 5, 4, 2, 4, 1, 5, 5, 2, 3, 5, 3, 3, 3, 4, 2, 2, 4, 4, 4, 4, 4, 4, 5, 5, 4, 2, 4, 3, 4, 2, 3, 5, 4, 5, 4, 3]"
The wealthy art director was bidding on the sculpture that the modern art museum bid on.,4.3333,1.1127,15,"[5, 4, 5, 5, 5, 5, 5, 5, 5, 2, 5, 4, 2, 3, 5]"
The wealthy art director was bidding on the sculpture that the modern art museum liked.,4.5254,0.817,59,"[4, 4, 4, 5, 5, 5, 5, 5, 5, 5, 5, 5, 3, 5, 5, 2, 5, 5, 5, 5, 4, 5, 5, 4, 4, 5, 5, 5, 5, 4, 5, 5, 4, 5, 5, 4, 5, 5, 3, 5, 4, 5, 5, 5, 2, 5, 5, 5, 5, 5, 5, 4, 4, 5, 5, 2, 5, 3, 4]"
The wealthy art director was bidding on the sculpture that the modern art museum was bidding on.,3.8837,1.2575,43,"[5, 2, 2, 5, 3, 3, 4, 5, 5, 4, 5, 1, 4, 2, 3, 5, 5, 5, 5, 1, 4, 5, 4, 5, 5, 4, 4, 3, 5, 4, 5, 5, 2, 2, 5, 4, 4, 3, 3, 5, 5, 5, 2]"
The wealthy art director was bidding on the sculpture that the modern art museum was.,3.2,1.2045,60,"[4, 4, 2, 2, 3, 2, 2, 4, 3, 3, 4, 4, 4, 5, 4, 4, 3, 3, 2, 1, 3, 2, 2, 4, 5, 2, 3, 2, 5, 2, 2, 2, 5, 2, 2, 4, 2, 2, 2, 2, 4, 4, 4, 2, 5, 2, 4, 4, 4, 4, 1, 4, 5, 5, 5, 5, 2, 3, 2, 5]"
The wealthy mortgage broker was interested in every deed that the real estate agent advertised.,4.6167,0.7152,60,"[4, 5, 4, 5, 5, 4, 4, 5, 5, 5, 5, 4, 4, 5, 5, 5, 1, 5, 5, 5, 4, 5, 5, 5, 5, 5, 5, 5, 5, 5, 3, 5, 5, 4, 5, 5, 3, 5, 5, 4, 5, 5, 4, 5, 5, 4, 5, 4, 5, 5, 5, 5, 4, 5, 5, 4, 5, 5, 4, 5]"
The wealthy mortgage broker was interested in every deed that the real estate agent was interested in.,4.1017,0.9413,59,"[5, 3, 2, 4, 3, 5, 5, 5, 4, 5, 5, 1, 3, 5, 5, 4, 3, 5, 3, 5, 5, 3, 4, 5, 4, 4, 5, 5, 3, 5, 3, 4, 4, 5, 5, 5, 5, 4, 5, 4, 4, 4, 3, 4, 4, 4, 4, 4, 5, 3, 4, 5, 4, 5, 2, 4, 3, 5, 4]"
The wealthy mortgage broker was interested in every deed that the real estate agent was.,3.65,1.2464,60,"[3, 4, 4, 2, 4, 4, 4, 1, 5, 4, 5, 2, 5, 4, 4, 5, 5, 3, 3, 1, 3, 2, 4, 4, 2, 2, 5, 2, 5, 3, 3, 2, 5, 2, 2, 5, 4, 2, 2, 4, 5, 3, 5, 2, 5, 2, 5, 5, 5, 4, 4, 5, 5, 4, 5, 5, 3, 4, 3, 5]"
The wealthy mortgage broker was interested in the deed that the real estate agent advertised.,4.5833,0.8087,60,"[2, 5, 5, 5, 4, 5, 5, 5, 5, 5, 2, 5, 4, 5, 5, 4, 5, 5, 4, 5, 4, 5, 5, 5, 5, 5, 4, 4, 4, 5, 5, 5, 5, 5, 5, 5, 3, 5, 3, 5, 5, 5, 5, 5, 5, 5, 5, 5, 5, 5, 5, 5, 5, 5, 4, 5, 2, 3, 4, 5]"
The wealthy mortgage broker was interested in the deed that the real estate agent was interested in.,4.1525,0.8673,59,"[3, 4, 5, 5, 5, 5, 3, 4, 4, 4, 4, 4, 5, 5, 4, 4, 4, 4, 4, 4, 1, 5, 3, 5, 4, 4, 3, 5, 5, 5, 5, 5, 2, 4, 5, 2, 4, 4, 4, 5, 3, 5, 5, 5, 4, 5, 5, 3, 4, 4, 4, 5, 4, 4, 5, 4, 4, 4, 4]"
The wealthy mortgage broker was interested in the deed that the real estate agent was.,2.8167,1.1273,60,"[3, 2, 2, 1, 2, 3, 3, 2, 4, 4, 1, 4, 4, 1, 4, 2, 3, 4, 2, 2, 5, 3, 1, 1, 3, 2, 3, 2, 2, 2, 4, 4, 4, 3, 2, 2, 3, 4, 2, 4, 3, 2, 3, 4, 5, 1, 2, 2, 1, 2, 5, 4, 4, 3, 3, 2, 3, 5, 3, 3]"
The young and trendy stylist was critiquing every model that the senior fashion editor critiqued.,4.0667,1.0328,15,"[4, 4, 1, 4, 5, 5, 4, 4, 4, 4, 4, 5, 5, 3, 5]"
The young and trendy stylist was critiquing every model that the senior fashion editor selected.,4.5763,0.6998,59,"[4, 4, 4, 4, 5, 5, 5, 5, 5, 5, 4, 5, 4, 5, 5, 4, 5, 5, 5, 5, 5, 5, 4, 5, 5, 5, 3, 5, 5, 3, 4, 5, 5, 3, 5, 5, 4, 5, 5, 3, 5, 5, 5, 5, 4, 5, 5, 5, 5, 5, 5, 4, 4, 5, 2, 5, 5, 4, 5]"
The young and trendy stylist was critiquing every model that the senior fashion editor was critiquing.,3.7955,1.2497,44,"[5, 2, 1, 4, 2, 4, 2, 5, 5, 5, 5, 1, 4, 2, 5, 3, 4, 5, 1, 5, 5, 4, 5, 5, 3, 4, 4, 3, 4, 4, 4, 3, 5, 5, 5, 2, 5, 3, 5, 3, 4, 4, 4, 4]"
The young and trendy stylist was critiquing every model that the senior fashion editor was.,3.2833,1.2768,60,"[2, 4, 3, 2, 5, 4, 4, 1, 4, 4, 5, 2, 2, 4, 4, 5, 2, 3, 3, 1, 1, 4, 2, 4, 5, 2, 4, 2, 5, 3, 2, 2, 2, 2, 2, 5, 3, 2, 2, 3, 5, 5, 3, 4, 5, 2, 4, 3, 4, 3, 2, 5, 5, 4, 5, 5, 2, 2, 3, 5]"
The young and trendy stylist was critiquing the model that the senior fashion editor critiqued.,3.7333,1.1629,15,"[4, 5, 3, 4, 5, 4, 2, 3, 3, 1, 4, 4, 5, 4, 5]"
The young and trendy stylist was critiquing the model that the senior fashion editor selected.,4.5254,0.751,59,"[3, 5, 5, 5, 4, 4, 5, 5, 5, 5, 3, 5, 4, 5, 5, 4, 5, 5, 5, 5, 4, 5, 5, 5, 5, 4, 4, 5, 3, 5, 5, 5, 4, 5, 5, 4, 5, 5, 5, 2, 5, 5, 5, 5, 5, 5, 5, 4, 5, 5, 3, 5, 5, 4, 3, 4, 4, 3, 5]"
The young and trendy stylist was critiquing the model that the senior fashion editor was critiquing.,4.0444,0.9282,45,"[4, 4, 5, 4, 4, 5, 5, 5, 3, 3, 4, 3, 5, 4, 5, 4, 4, 3, 4, 4, 5, 2, 5, 5, 4, 5, 3, 5, 4, 5, 5, 4, 4, 4, 2, 4, 5, 4, 2, 4, 5, 2, 3, 4, 5]"
The young and trendy stylist was critiquing the model that the senior fashion editor was.,2.9831,1.1521,59,"[3, 2, 5, 2, 2, 3, 4, 5, 4, 1, 2, 4, 3, 1, 2, 2, 4, 4, 2, 2, 5, 2, 1, 2, 5, 3, 3, 2, 1, 1, 4, 4, 4, 4, 2, 2, 2, 2, 2, 4, 3, 4, 4, 4, 4, 2, 3, 2, 4, 3, 5, 3, 3, 4, 3, 4, 4, 2, 3]"
The young bank teller was writing down every transaction that the overly meticulous manager oversaw.,4.339,0.7793,59,"[5, 5, 4, 5, 2, 5, 5, 5, 5, 5, 5, 4, 3, 4, 4, 4, 4, 5, 5, 5, 5, 4, 4, 5, 4, 4, 5, 4, 4, 5, 3, 5, 4, 2, 5, 5, 5, 3, 4, 4, 4, 4, 4, 3, 4, 4, 4, 5, 5, 4, 5, 5, 5, 4, 5, 5, 5, 5, 3]"
The young bank teller was writing down every transaction that the overly meticulous manager was writing down.,3.6667,1.1481,45,"[3, 4, 3, 2, 2, 3, 5, 5, 4, 5, 2, 3, 4, 5, 4, 2, 4, 5, 4, 4, 3, 2, 4, 2, 5, 5, 3, 4, 4, 5, 3, 5, 2, 5, 3, 3, 4, 5, 4, 5, 5, 2, 2, 2, 5]"
The young bank teller was writing down every transaction that the overly meticulous manager was.,3.3793,1.0057,58,"[3, 4, 1, 3, 2, 3, 5, 4, 2, 2, 4, 4, 2, 4, 3, 2, 2, 4, 4, 3, 4, 3, 3, 4, 3, 2, 4, 4, 3, 5, 5, 2, 4, 4, 2, 4, 3, 4, 4, 5, 4, 2, 4, 4, 4, 5, 4, 4, 3, 2, 4, 5, 4, 3, 2, 3, 2, 4]"
The young bank teller was writing down every transaction that the overly meticulous manager wrote down.,4.0,1.0,15,"[3, 5, 4, 5, 3, 4, 5, 4, 4, 2, 5, 5, 3, 5, 3]"
The young bank teller was writing down the transaction that the overly meticulous manager oversaw.,3.9661,0.9278,59,"[4, 5, 5, 5, 5, 3, 4, 5, 5, 2, 4, 5, 3, 4, 4, 3, 4, 4, 4, 5, 4, 4, 4, 3, 5, 5, 3, 3, 4, 5, 4, 5, 4, 4, 4, 4, 3, 5, 2, 4, 4, 5, 4, 4, 5, 5, 2, 4, 5, 3, 2, 5, 4, 5, 4, 2, 3, 3, 3]"
The young bank teller was writing down the transaction that the overly meticulous manager was writing down.,3.25,1.2032,44,"[2, 5, 4, 3, 2, 3, 2, 5, 4, 2, 4, 4, 2, 1, 2, 4, 4, 3, 5, 2, 3, 3, 2, 2, 4, 2, 4, 5, 2, 2, 2, 3, 4, 3, 5, 3, 2, 3, 5, 5, 4, 5, 2, 5]"
The young bank teller was writing down the transaction that the overly meticulous manager was.,2.9,1.2716,60,"[4, 2, 2, 4, 5, 4, 4, 5, 5, 3, 5, 2, 3, 1, 2, 1, 4, 2, 3, 3, 2, 1, 5, 1, 2, 4, 4, 5, 5, 3, 2, 2, 3, 3, 2, 3, 2, 4, 2, 2, 4, 2, 3, 4, 1, 1, 3, 2, 1, 2, 4, 5, 1, 2, 4, 4, 2, 3, 2, 3]"
The young bank teller was writing down the transaction that the overly meticulous manager wrote down.,3.3333,1.3452,15,"[4, 2, 4, 2, 2, 5, 2, 1, 4, 5, 4, 4, 2, 5, 4]"
The young respected lawyer was interviewing every suspect that the very cautious judge interviewed.,4.3333,0.6172,15,"[4, 5, 5, 4, 5, 5, 4, 4, 3, 4, 5, 4, 4, 4, 5]"
The young respected lawyer was interviewing every suspect that the very cautious judge jailed.,4.2241,0.8992,58,"[4, 4, 5, 3, 3, 5, 5, 5, 5, 4, 4, 3, 4, 5, 4, 5, 3, 3, 3, 4, 5, 4, 4, 5, 5, 5, 5, 2, 4, 4, 5, 5, 4, 5, 3, 5, 2, 5, 5, 4, 4, 4, 5, 3, 5, 4, 5, 5, 4, 5, 5, 5, 5, 5, 4, 2, 3, 5]"
The young respected lawyer was interviewing every suspect that the very cautious judge was interviewing.,3.5909,1.226,44,"[2, 2, 5, 4, 1, 5, 5, 5, 4, 2, 5, 4, 4, 4, 2, 5, 3, 2, 4, 5, 4, 5, 2, 2, 4, 4, 5, 5, 4, 5, 4, 5, 3, 3, 2, 4, 4, 4, 4, 2, 4, 2, 2, 2]"
The young respected lawyer was interviewing every suspect that the very cautious judge was.,3.1667,1.0442,60,"[4, 3, 2, 3, 3, 5, 4, 3, 4, 3, 4, 5, 5, 2, 2, 3, 2, 4, 4, 2, 4, 1, 2, 3, 4, 4, 2, 3, 3, 4, 4, 4, 4, 4, 4, 2, 4, 4, 3, 2, 5, 2, 3, 3, 3, 2, 4, 1, 2, 5, 4, 4, 2, 2, 4, 2, 2, 3, 3, 2]"
The young respected lawyer was interviewing the suspect that the very cautious judge interviewed.,4.0,0.9258,15,"[4, 5, 4, 4, 3, 3, 4, 2, 5, 4, 4, 5, 5, 5, 3]"
The young respected lawyer was interviewing the suspect that the very cautious judge jailed.,3.8833,1.043,60,"[3, 3, 5, 4, 4, 3, 3, 5, 3, 5, 3, 5, 5, 3, 3, 4, 5, 4, 5, 4, 5, 4, 3, 5, 3, 3, 5, 4, 5, 5, 4, 3, 4, 5, 2, 4, 4, 4, 4, 4, 2, 4, 5, 1, 5, 3, 4, 5, 4, 3, 5, 3, 1, 4, 5, 5, 4, 4, 2, 5]"
The young respected lawyer was interviewing the suspect that the very cautious judge was interviewing.,3.3333,0.977,45,"[4, 2, 3, 4, 5, 4, 4, 3, 4, 3, 4, 2, 4, 5, 4, 2, 4, 4, 3, 4, 4, 2, 3, 3, 3, 5, 2, 4, 5, 4, 2, 4, 2, 4, 3, 3, 4, 2, 2, 2, 2, 4, 2, 3, 4]"
The young respected lawyer was interviewing the suspect that the very cautious judge was.,3.0847,1.1932,59,"[5, 2, 3, 3, 2, 4, 2, 5, 4, 3, 5, 3, 5, 2, 1, 2, 2, 5, 4, 3, 3, 3, 3, 5, 4, 3, 2, 3, 2, 3, 3, 2, 4, 1, 4, 5, 3, 2, 5, 2, 2, 4, 2, 5, 3, 4, 3, 1, 4, 3, 2, 5, 2, 4, 1, 2, 3, 2, 3]"
